t_sec;x_true;y_true;theta_true;x_pred;y_pred;theta_pred;x_est;y_est;theta_est;v_cmd;w_cmd;v_meas;w_meas;pos_err_m;heading_err_deg
0.00200;-0.919346;-4.971474;0.003261;-0.915840;-4.972850;-0.010393;-0.922019;-4.975191;-0.004227;0.249996;0.006705;0.239193;-0.004093;0.004579;0.429054
0.01402;-0.906846;-4.971433;0.003263;-0.910131;-4.975241;-0.004151;-0.899786;-4.964149;-0.005344;0.250000;0.000046;0.237754;0.001525;0.010144;0.493184
0.03155;-0.894346;-4.971392;0.003219;-0.886950;-4.964214;-0.004826;-0.903888;-4.958735;-0.004601;0.250000;-0.000879;0.256725;0.010375;0.015851;0.448087
0.05033;-0.881846;-4.971352;0.003076;-0.891812;-4.958775;-0.001906;-0.879466;-4.958663;-0.008703;0.249999;-0.002866;0.241525;0.053899;0.012910;0.674907
0.06942;-0.869346;-4.971313;0.003177;-0.865038;-4.958825;-0.013694;-0.861852;-4.953881;-0.007211;0.250000;0.002007;0.288575;-0.099822;0.018974;0.595176
0.08443;-0.856846;-4.971274;0.003137;-0.847733;-4.953961;-0.004005;-0.852386;-4.962334;0.023108;0.250000;-0.000787;0.282383;0.064126;0.009990;1.144262
0.10098;-0.844351;-4.971234;0.001848;-0.841006;-4.962063;0.024589;-0.840726;-4.971969;0.015397;0.249891;-0.035453;0.227656;0.029623;0.003699;0.776295
0.11700;-0.831854;-4.971211;0.000636;-0.827602;-4.971786;0.012509;-0.830691;-4.959995;0.024792;0.249949;-0.024235;0.262502;-0.057753;0.011277;1.384059
0.13353;-0.819360;-4.971203;-0.001263;-0.817976;-4.959703;0.021044;-0.826290;-4.965218;0.018386;0.249875;-0.037984;0.254367;-0.074972;0.009156;1.125835
0.14933;-0.806864;-4.971219;-0.002725;-0.812478;-4.964976;0.016628;-0.790179;-4.969699;0.011848;0.249926;-0.029227;0.276266;-0.035174;0.016754;0.834934
0.16586;-0.794366;-4.971253;-0.003749;-0.777603;-4.969578;0.007454;-0.791642;-4.953877;0.016085;0.249964;-0.020497;0.251533;-0.087884;0.017588;1.136451
0.18342;-0.781870;-4.971300;-0.005192;-0.780248;-4.953688;0.017173;-0.773840;-4.967381;0.012547;0.249928;-0.028859;0.227921;0.021752;0.008935;1.016378
0.19981;-0.769372;-4.971365;-0.006284;-0.761918;-4.967246;0.010127;-0.771905;-4.966482;0.010102;0.249959;-0.021835;0.238458;-0.048389;0.005501;0.938855
0.22063;-0.756874;-4.971444;-0.007239;-0.758847;-4.966370;0.006998;-0.742509;-4.953949;0.012027;0.249968;-0.019091;0.261173;-0.062078;0.022636;1.103820
0.23871;-0.744376;-4.971534;-0.008441;-0.728984;-4.953811;0.008446;-0.741796;-4.964933;0.013755;0.249950;-0.024055;0.270523;-0.071616;0.007087;1.271744
0.25548;-0.731879;-4.971640;-0.009633;-0.730741;-4.964799;0.010422;-0.718852;-4.967817;0.014373;0.249951;-0.023834;0.221114;-0.066647;0.013577;1.375464
0.27251;-0.719382;-4.971760;-0.010833;-0.706173;-4.967650;0.012093;-0.716500;-4.957034;0.018544;0.249950;-0.024001;0.253597;-0.045596;0.015005;1.683174
0.28854;-0.706887;-4.971895;-0.012397;-0.703910;-4.956810;0.017023;-0.710210;-4.956332;0.016216;0.249915;-0.031272;0.251838;-0.030421;0.015914;1.639384
0.30679;-0.694392;-4.972050;-0.013829;-0.699369;-4.956171;0.013381;-0.687292;-4.960784;0.018978;0.249929;-0.028636;0.216854;-0.056695;0.013317;1.879697
0.32335;-0.681897;-4.972223;-0.015381;-0.675676;-4.960569;0.018101;-0.686995;-4.968824;0.012791;0.249916;-0.031048;0.232371;-0.017546;0.006127;1.614139
0.34144;-0.669401;-4.972415;-0.016477;-0.674856;-4.968647;0.016361;-0.681050;-4.971680;0.020674;0.249958;-0.021928;0.242812;0.071399;0.011672;2.128637
0.35709;-0.656907;-4.972621;-0.018017;-0.667058;-4.971387;0.021185;-0.654485;-4.973860;0.023468;0.249918;-0.030791;0.279893;0.010214;0.002720;2.376910
0.37312;-0.644414;-4.972846;-0.019702;-0.642081;-4.973578;0.021903;-0.631942;-4.975647;0.003978;0.249901;-0.033709;0.248160;-0.031298;0.012782;1.356811
0.38965;-0.631917;-4.973092;-0.020201;-0.618234;-4.975582;0.005397;-0.627911;-4.966751;-0.006750;0.249991;-0.009963;0.274149;0.028363;0.007501;0.770685
0.40632;-0.619419;-4.973345;-0.020150;-0.615060;-4.966833;-0.006104;-0.614931;-4.980103;0.012211;0.250000;0.001010;0.257008;0.012916;0.008112;1.854147
0.42334;-0.606923;-4.973597;-0.021095;-0.603368;-4.979976;0.009730;-0.619267;-4.988250;0.012594;0.249969;-0.018905;0.231279;-0.049627;0.019159;1.930259
0.43938;-0.594427;-4.973860;-0.021976;-0.604891;-4.988070;0.012437;-0.593778;-4.987357;0.017287;0.249973;-0.017622;0.287531;-0.003143;0.013512;2.249648
0.45743;-0.581933;-4.974135;-0.023149;-0.580415;-4.987184;0.008603;-0.580466;-4.978571;0.001877;0.249952;-0.023457;0.267271;-0.173680;0.004672;1.433870
0.47834;-0.569436;-4.974424;-0.023492;-0.568526;-4.978542;0.002851;-0.576428;-4.969829;0.005453;0.249996;-0.006860;0.238802;0.019494;0.008367;1.658437
0.49540;-0.556940;-4.974718;-0.024144;-0.564499;-4.969768;0.004851;-0.552931;-4.966923;0.018014;0.249985;-0.013036;0.238593;-0.012049;0.008766;2.415484
0.51195;-0.544448;-4.975020;-0.025582;-0.541425;-4.966714;0.018184;-0.532338;-4.977766;0.012092;0.249928;-0.028765;0.230161;0.003402;0.012417;2.158577
0.52966;-0.531953;-4.975339;-0.026549;-0.518946;-4.977587;0.014743;-0.527281;-4.981372;0.020168;0.249968;-0.019333;0.267857;0.053029;0.007630;2.676665
0.54807;-0.519461;-4.975671;-0.027961;-0.514470;-4.981117;0.019605;-0.507118;-4.974476;0.020972;0.249931;-0.028246;0.256266;-0.011252;0.012401;2.803678
0.56560;-0.506970;-4.976020;-0.029498;-0.494919;-4.974229;0.019456;-0.492418;-4.973402;0.005105;0.249918;-0.030728;0.244027;-0.030327;0.014785;1.982586
0.58140;-0.494476;-4.976389;-0.030094;-0.478564;-4.973336;0.004445;-0.472767;-4.991362;-0.004359;0.249988;-0.011937;0.277084;-0.013206;0.026372;1.474555
0.59793;-0.481982;-4.976765;-0.029928;-0.459950;-4.991406;-0.002496;-0.462258;-4.983468;-0.006654;0.249999;0.003336;0.256348;0.037251;0.020832;1.333455
0.61548;-0.469488;-4.977139;-0.029710;-0.447006;-4.983516;0.000343;-0.464381;-4.992498;-0.005449;0.249998;0.004354;0.305051;0.139948;0.016186;1.390028
0.63153;-0.456993;-4.977511;-0.029465;-0.453372;-4.992548;-0.003535;-0.451029;-4.977314;0.006308;0.249998;0.004892;0.220182;0.038283;0.005967;2.049647
0.64927;-0.444499;-4.977879;-0.030094;-0.438511;-4.977246;0.004584;-0.441864;-4.982063;0.015947;0.249986;-0.012563;0.250365;-0.034483;0.004945;2.637958
0.66594;-0.432007;-4.978255;-0.031248;-0.427667;-4.981854;0.013566;-0.417971;-4.982755;0.001186;0.249954;-0.023092;0.283960;-0.047636;0.014741;1.858351
0.68156;-0.419514;-4.978645;-0.031510;-0.405464;-4.982766;-0.002833;-0.411474;-4.991868;-0.018856;0.249998;-0.005243;0.250131;-0.080390;0.015475;0.725014
0.69986;-0.407022;-4.979039;-0.030522;-0.401917;-4.992059;-0.021128;-0.404079;-4.984298;-0.030153;0.249962;0.020824;0.191164;-0.045435;0.006026;0.021188
0.71739;-0.394532;-4.979421;-0.028888;-0.391314;-4.984678;-0.029415;-0.393842;-4.964593;-0.038748;0.249907;0.032696;0.255406;0.014754;0.014844;0.564975
0.73592;-0.382044;-4.979781;-0.026957;-0.380310;-4.965100;-0.036218;-0.375748;-4.971893;-0.047949;0.249871;0.038621;0.270828;0.050607;0.010093;1.202799
0.75245;-0.369560;-4.980118;-0.024393;-0.363855;-4.972428;-0.041832;-0.369857;-4.996822;-0.054617;0.249772;0.051265;0.238100;0.122344;0.016707;1.731694
0.76949;-0.357082;-4.980422;-0.021152;-0.357156;-4.997503;-0.052469;-0.363903;-4.998158;-0.058420;0.249635;0.064830;0.254385;0.042965;0.019002;2.135307
0.78703;-0.344606;-4.980686;-0.017667;-0.351487;-4.998852;-0.053169;-0.352615;-4.993115;-0.048657;0.249579;0.069692;0.248703;0.105014;0.014786;1.775569
0.80357;-0.332122;-4.980907;-0.014825;-0.340017;-4.993742;-0.050799;-0.340791;-4.978731;-0.041632;0.249720;0.056845;0.252272;-0.042848;0.008939;1.535922
0.82212;-0.319632;-4.981092;-0.012566;-0.328299;-4.979264;-0.043623;-0.320113;-4.983894;-0.053108;0.249823;0.045179;0.250077;-0.039819;0.002843;2.322874
0.83714;-0.307148;-4.981249;-0.009561;-0.308888;-4.984475;-0.050250;-0.314958;-4.983924;-0.043146;0.249687;0.060097;0.224789;0.057153;0.008255;1.924253
0.85367;-0.294659;-4.981368;-0.007154;-0.303045;-4.984431;-0.041969;-0.287127;-4.994755;-0.061119;0.249799;0.048145;0.238477;0.023530;0.015360;3.091964
0.87094;-0.282182;-4.981458;-0.003546;-0.274141;-4.995557;-0.062312;-0.275897;-4.983700;-0.046708;0.249548;0.072152;0.260215;-0.023868;0.006673;2.472992
0.88853;-0.269694;-4.981502;-0.000929;-0.263351;-4.984254;-0.041582;-0.259473;-4.987411;-0.046552;0.249762;0.052342;0.251166;0.102514;0.011806;2.614013
0.90406;-0.257206;-4.981514;0.001720;-0.246630;-4.987989;-0.043337;-0.254786;-4.989049;-0.060898;0.249756;0.052991;0.257119;0.064300;0.007915;3.587744
0.92258;-0.244728;-4.981492;0.005249;-0.244036;-4.989678;-0.055983;-0.255835;-4.986888;-0.051663;0.249568;0.070576;0.215372;0.098292;0.012348;3.260816
0.94163;-0.232243;-4.981427;0.008199;-0.242223;-4.987584;-0.050570;-0.236922;-4.974120;-0.044515;0.249698;0.059002;0.272580;0.021858;0.008676;3.020322
0.95933;-0.219753;-4.981324;0.010574;-0.225430;-4.974615;-0.041517;-0.218246;-4.977080;-0.036501;0.249804;0.047488;0.230049;0.059974;0.004504;2.697198
0.97535;-0.207260;-4.981192;0.012500;-0.204688;-4.977564;-0.034775;-0.217639;-4.971002;-0.024465;0.249871;0.038531;0.271326;0.034526;0.014545;2.117953
0.99168;-0.194764;-4.981036;0.013635;-0.204871;-4.971291;-0.020899;-0.202641;-4.965695;-0.028050;0.249955;0.022689;0.255433;0.071326;0.017245;2.388356
1.01023;-0.182268;-4.980865;0.014922;-0.190212;-4.966035;-0.026689;-0.173194;-4.963154;-0.019213;0.249942;0.025748;0.248665;0.027216;0.019900;1.955819
1.02661;-0.169770;-4.980679;0.015647;-0.161673;-4.963355;-0.015610;-0.167356;-4.976759;-0.029443;0.249982;0.014509;0.230469;0.072060;0.004604;2.583490
1.04263;-0.157275;-4.980483;0.017144;-0.154566;-4.977144;-0.030757;-0.138444;-4.982272;-0.022580;0.249922;0.029934;0.255908;-0.026280;0.018916;2.276017
1.05964;-0.144780;-4.980269;0.018292;-0.125301;-4.982568;-0.022478;-0.133471;-4.978899;-0.002183;0.249954;0.022956;0.262933;0.002026;0.011391;1.173141
1.07567;-0.132282;-4.980041;0.018190;-0.122115;-4.978921;-0.001605;-0.135823;-4.977096;-0.011653;0.250000;-0.002313;0.227117;0.011573;0.004606;1.709863
1.09270;-0.119784;-4.979813;0.018621;-0.123169;-4.977233;-0.010047;-0.124042;-4.980188;-0.005954;0.249994;0.008632;0.253095;0.032126;0.004275;1.408065
1.11038;-0.107286;-4.979580;0.018747;-0.112716;-4.980282;-0.010518;-0.120949;-4.978585;-0.013542;0.249999;0.002505;0.226531;-0.091279;0.013699;1.850029
1.12540;-0.094789;-4.979346;0.019308;-0.107882;-4.978761;-0.013336;-0.105364;-4.979392;-0.008338;0.249989;0.011233;0.261357;0.004127;0.010575;1.584021
1.14361;-0.082291;-4.979105;0.019566;-0.091270;-4.979542;-0.012998;-0.111947;-4.975901;-0.005394;0.249998;0.005162;0.281898;-0.093188;0.029828;1.430148
1.15864;-0.069794;-4.978860;0.019607;-0.099650;-4.975939;-0.000707;-0.096066;-4.978083;0.005547;0.250000;0.000816;0.245925;0.093753;0.026284;0.805574
1.18271;-0.057297;-4.978615;0.019016;-0.080752;-4.977979;0.007977;-0.071943;-4.974665;0.025067;0.249988;-0.011818;0.306289;0.048594;0.015170;0.346695
1.20326;-0.044805;-4.978378;0.017213;-0.058436;-4.974334;0.023945;-0.059801;-4.978720;0.034588;0.249887;-0.036075;0.270226;-0.022445;0.015000;0.995536
1.22129;-0.032316;-4.978163;0.014885;-0.047132;-4.978322;0.028214;-0.033828;-4.980064;0.014819;0.249812;-0.046552;0.253492;-0.127476;0.002430;0.003751
1.23742;-0.019820;-4.977977;0.013758;-0.020270;-4.979894;0.010359;-0.006769;-4.980269;0.013784;0.249956;-0.022536;0.271183;-0.089201;0.013251;0.001505
1.25330;-0.007323;-4.977805;0.012695;0.007319;-4.980105;0.009535;-0.004999;-4.992429;0.000217;0.249961;-0.021270;0.281773;-0.084996;0.014808;0.714888
1.27034;0.005176;-4.977646;0.012591;0.008127;-4.992446;-0.002862;0.004762;-4.981893;0.001244;0.250000;-0.002076;0.262521;-0.061597;0.004267;0.650108
1.28835;0.017675;-4.977489;0.012299;0.016984;-4.981854;0.005044;0.009640;-4.981453;0.029288;0.249997;-0.005843;0.244426;0.075984;0.008960;0.973397
1.30689;0.030167;-4.977335;0.010757;0.023635;-4.981070;0.025400;0.026360;-4.974325;0.037789;0.249864;-0.039605;0.279996;-0.077757;0.004854;1.548874
1.32193;0.042655;-4.977201;0.008179;0.038733;-4.973882;0.033650;0.049187;-4.975638;0.014205;0.249769;-0.051542;0.247615;-0.082799;0.006716;0.345225
1.33856;0.055152;-4.977098;0.006852;0.061535;-4.975478;0.011742;0.066617;-4.975628;0.008973;0.249954;-0.022951;0.246996;-0.049263;0.011559;0.121509
1.35458;0.067651;-4.977013;0.006018;0.078719;-4.975526;0.007931;0.073749;-4.975004;0.001278;0.249976;-0.016696;0.242042;-0.020838;0.006420;0.271574
1.37063;0.080150;-4.976937;0.005636;0.086181;-4.974979;0.002695;0.065278;-4.977201;0.003318;0.249995;-0.007622;0.248649;0.028356;0.014875;0.132857
1.38868;0.092650;-4.976867;0.005160;0.078394;-4.977150;0.004524;0.101626;-4.969295;0.013095;0.249992;-0.009525;0.262321;0.024121;0.011743;0.454623
1.40430;0.105147;-4.976803;0.003998;0.113152;-4.969159;0.010514;0.107482;-4.974054;0.005025;0.249953;-0.023236;0.230547;-0.051617;0.003606;0.058844
1.42689;0.117647;-4.976753;0.003379;0.119165;-4.974024;0.000189;0.115673;-4.982970;0.004325;0.249987;-0.012394;0.233670;-0.096730;0.006524;0.054222
1.45075;0.130146;-4.976710;0.002910;0.127862;-4.982919;0.004030;0.137856;-4.976909;0.016530;0.249992;-0.009374;0.243793;-0.005895;0.007712;0.780353
1.46372;0.142643;-4.976674;0.001633;0.149327;-4.976715;0.017341;0.159264;-4.972670;0.013295;0.249943;-0.025534;0.229458;0.016232;0.017097;0.668182
1.48375;0.155141;-4.976654;0.000497;0.169790;-4.972544;0.010638;0.152814;-4.986163;0.001398;0.249955;-0.022729;0.210534;-0.053142;0.009790;0.051645
1.50024;0.167641;-4.976647;0.000242;0.166233;-4.986129;0.003676;0.156855;-4.976950;-0.009526;0.249998;-0.005103;0.268387;0.045549;0.010790;0.559671
1.51676;0.180141;-4.976644;0.000528;0.169402;-4.977071;-0.009819;0.167259;-4.962883;0.013541;0.249997;0.005721;0.250949;-0.005847;0.018850;0.745594
1.53336;0.192638;-4.976638;-0.000436;0.179688;-4.962725;0.011862;0.180895;-4.968292;0.007681;0.249944;-0.025465;0.248595;-0.033579;0.014406;0.465108
1.55140;0.205137;-4.976643;-0.001292;0.194574;-4.968150;0.013150;0.194818;-4.978848;-0.003023;0.249975;-0.017113;0.273594;0.109363;0.010551;0.099183
1.56593;0.217637;-4.976659;-0.001375;0.208203;-4.978895;-0.004001;0.209862;-4.977707;-0.013785;0.250000;-0.001655;0.267703;-0.019562;0.007845;0.711033
1.58346;0.230136;-4.976677;-0.000827;0.222240;-4.977850;-0.009394;0.231107;-4.987843;-0.022621;0.249990;0.010957;0.247587;0.087804;0.011208;1.248715
1.60019;0.242634;-4.976687;0.000377;0.244368;-4.988167;-0.026309;0.235873;-4.980846;-0.025140;0.249950;0.024086;0.265311;-0.073766;0.007938;1.462026
1.61674;0.255131;-4.976682;0.001645;0.249222;-4.981177;-0.024478;0.244389;-4.981952;-0.038549;0.249944;0.025343;0.267056;0.013227;0.011965;2.302933
1.63225;0.267623;-4.976662;0.003730;0.258703;-4.982518;-0.040402;0.249077;-4.970036;-0.045496;0.249849;0.041705;0.286503;-0.037054;0.019694;2.820438
1.64978;0.280114;-4.976615;0.006081;0.260340;-4.970534;-0.042758;0.263781;-4.971355;-0.056365;0.249808;0.047027;0.225484;0.054752;0.017159;3.577915
1.66536;0.292597;-4.976539;0.009100;0.276764;-4.972060;-0.052133;0.288113;-4.974729;-0.027010;0.249684;0.060381;0.260037;0.084636;0.004836;2.068960
1.68425;0.305094;-4.976425;0.010869;0.301466;-4.975055;-0.021790;0.307557;-4.959716;-0.019943;0.249941;0.025976;0.267154;0.104403;0.016890;1.765419
1.70228;0.317592;-4.976290;0.011551;0.320159;-4.959966;-0.019682;0.326301;-4.959119;-0.014650;0.249984;0.013630;0.252083;0.005217;0.019253;1.501171
1.71930;0.330091;-4.976145;0.011905;0.340931;-4.959348;-0.016736;0.324866;-4.968562;-0.033122;0.249996;0.007083;0.292636;-0.041720;0.009209;2.579873
1.73582;0.342586;-4.975996;0.013489;0.336218;-4.968911;-0.028275;0.331909;-4.964929;-0.027492;0.249913;0.031678;0.227144;0.096945;0.015379;2.348013
1.75133;0.355083;-4.975828;0.014688;0.344833;-4.965271;-0.025433;0.361722;-4.971873;-0.013251;0.249950;0.023975;0.258578;0.041173;0.007728;1.600740
1.76701;0.367581;-4.975644;0.015119;0.373917;-4.972039;-0.014114;0.386337;-4.965793;-0.001989;0.249994;0.008624;0.243929;-0.017272;0.021186;0.980203
1.78553;0.380079;-4.975455;0.014793;0.398728;-4.965830;-0.003947;0.380961;-4.960848;0.003430;0.249996;-0.006510;0.247821;-0.039152;0.014634;0.651088
1.80156;0.392577;-4.975270;0.014079;0.393730;-4.960804;0.003433;0.381209;-4.962328;0.001851;0.249982;-0.014287;0.255382;0.000074;0.017226;0.700588
1.81773;0.405075;-4.975094;0.013478;0.394137;-4.962297;0.002972;0.399563;-4.965979;0.013322;0.249987;-0.012009;0.258546;0.022419;0.010652;0.008946
1.83374;0.417571;-4.974926;0.012235;0.410159;-4.965855;0.010142;0.414606;-4.976794;0.025009;0.249946;-0.024861;0.211943;-0.063613;0.003504;0.731861
1.85026;0.430065;-4.974773;0.010431;0.426564;-4.976498;0.024559;0.424254;-4.985401;0.034949;0.249887;-0.036084;0.239233;-0.008989;0.012113;1.404772
1.86530;0.442555;-4.974643;0.008143;0.438143;-4.984900;0.037112;0.438303;-4.974929;0.049589;0.249818;-0.045768;0.277966;0.043267;0.004262;2.374682
1.88335;0.455036;-4.974541;0.004838;0.451827;-4.974293;0.044384;0.465544;-4.979864;0.028060;0.249621;-0.066102;0.270782;-0.104095;0.011780;1.330551
1.90187;0.467529;-4.974481;0.002783;0.477681;-4.979537;0.025698;0.470682;-4.990865;0.037913;0.249868;-0.039001;0.242826;-0.047236;0.016685;2.012809
1.91932;0.480019;-4.974446;0.000387;0.485024;-4.990355;0.033202;0.477956;-4.982405;0.028749;0.249801;-0.047916;0.287010;-0.094226;0.008222;1.625021
1.94037;0.492512;-4.974441;-0.001571;0.490280;-4.982072;0.025307;0.487578;-4.982266;0.013891;0.249867;-0.039168;0.246579;-0.068829;0.009251;0.885911
1.95663;0.505010;-4.974461;-0.002641;0.501517;-4.982100;0.009997;0.499925;-4.967873;0.013607;0.249960;-0.021385;0.278805;-0.077880;0.008322;0.930903
1.97545;0.517507;-4.974494;-0.003885;0.513554;-4.967696;0.012311;0.521171;-4.975035;0.011686;0.249946;-0.024895;0.272592;-0.025904;0.003703;0.892183
1.99151;0.530005;-4.974542;-0.004921;0.534744;-4.974886;0.010304;0.529451;-4.977170;0.020199;0.249963;-0.020712;0.271488;-0.027634;0.002685;1.439248
2.00843;0.542501;-4.974604;-0.006439;0.540189;-4.976965;0.017978;0.526185;-4.969652;0.006898;0.249920;-0.030366;0.214784;-0.044421;0.017051;0.764149
2.02646;0.555000;-4.974684;-0.007260;0.535670;-4.969555;0.013351;0.545504;-4.963783;0.009897;0.249977;-0.016417;0.189695;0.129075;0.014457;0.983038
2.04347;0.567498;-4.974775;-0.008342;0.558596;-4.963655;0.009648;0.566519;-4.981357;0.013793;0.249959;-0.021633;0.261845;-0.004988;0.006654;1.268246
2.06050;0.579995;-4.974879;-0.009422;0.578356;-4.981194;0.013669;0.576665;-4.975019;0.020244;0.249960;-0.021598;0.236755;-0.002479;0.003333;1.699745
2.07602;0.592490;-4.974997;-0.010975;0.589053;-4.974767;0.020373;0.581787;-4.971904;0.010257;0.249916;-0.031070;0.247820;0.002581;0.011141;1.216539
2.09254;0.604988;-4.975134;-0.011972;0.592945;-4.971783;0.011514;0.601500;-4.979677;0.029475;0.249965;-0.019940;0.223175;0.025128;0.005728;2.374745
2.11057;0.617480;-4.975284;-0.014018;0.613535;-4.979312;0.031214;0.622843;-4.984447;0.033031;0.249855;-0.040914;0.240801;0.034790;0.010618;2.695719
2.12609;0.629970;-4.975459;-0.016213;0.637265;-4.983991;0.030283;0.627597;-4.983448;0.037183;0.249833;-0.043901;0.288587;-0.054967;0.008334;3.059389
2.14262;0.642458;-4.975661;-0.018671;0.639715;-4.983007;0.035498;0.643183;-4.979865;0.048008;0.249790;-0.049163;0.242512;-0.033711;0.004266;3.820442
2.16121;0.654938;-4.975894;-0.021829;0.654348;-4.979316;0.050216;0.642331;-4.971384;0.053232;0.249654;-0.063155;0.223555;0.044161;0.013390;4.300676
2.17856;0.667413;-4.976167;-0.025417;0.654497;-4.970754;0.050254;0.659296;-4.975904;0.036666;0.249553;-0.071758;0.243637;-0.059550;0.008121;3.557101
2.19828;0.679898;-4.976484;-0.027950;0.670943;-4.975495;0.033533;0.683152;-4.962724;0.033305;0.249777;-0.050661;0.233078;-0.062659;0.014139;3.509667
2.21430;0.692382;-4.976833;-0.030466;0.696473;-4.962301;0.030251;0.697498;-4.961189;0.039598;0.249780;-0.050328;0.266549;-0.061085;0.016460;4.014417
2.23085;0.704862;-4.977213;-0.033383;0.709927;-4.960734;0.033548;0.717320;-4.958732;0.044872;0.249705;-0.058343;0.248738;-0.121015;0.022289;4.483680
2.24837;0.717336;-4.977630;-0.036654;0.730216;-4.958204;0.036959;0.717439;-4.959873;0.032408;0.249629;-0.065409;0.258147;-0.158243;0.017758;3.956979
2.26379;0.729817;-4.978088;-0.039161;0.729672;-4.959479;0.031898;0.740000;-4.970193;0.018733;0.249782;-0.050134;0.244791;-0.010211;0.012885;3.317032
2.28037;0.742303;-4.978577;-0.040704;0.751800;-4.969983;0.016909;0.762652;-4.966918;0.029811;0.249917;-0.030875;0.236035;-0.036470;0.023453;4.040208
2.29813;0.754784;-4.979085;-0.042961;0.776572;-4.966540;0.024510;0.773810;-4.971430;0.015159;0.249823;-0.045141;0.278504;-0.106013;0.020509;3.330054
2.31317;0.767269;-4.979622;-0.044277;0.786945;-4.971220;0.016787;0.775135;-4.976023;0.014711;0.249940;-0.026303;0.262729;0.032569;0.008650;3.379751
2.33070;0.779754;-4.980175;-0.045500;0.786459;-4.975842;0.017180;0.783488;-4.984950;0.013052;0.249948;-0.024464;0.226506;0.049383;0.006061;3.354779
2.34622;0.792240;-4.980744;-0.046497;0.797671;-4.984768;0.012570;0.800899;-4.973561;-0.006112;0.249965;-0.019946;0.283678;-0.009637;0.011250;2.313916
2.36329;0.804726;-4.981325;-0.046508;0.813313;-4.973654;-0.008774;0.801622;-4.981113;-0.013835;0.250000;-0.000222;0.248295;-0.053255;0.003112;1.872054
2.38052;0.817212;-4.981906;-0.045948;0.813975;-4.981288;-0.014515;0.810025;-4.984385;-0.005413;0.249989;0.011203;0.247093;-0.013599;0.007603;2.322492
2.40206;0.829699;-4.982480;-0.045847;0.823451;-4.984464;-0.006433;0.827835;-4.991969;-0.021675;0.250000;0.002023;0.268520;-0.020408;0.009671;1.384965
2.41960;0.842183;-4.983053;-0.044662;0.840665;-4.992226;-0.018389;0.834192;-4.994694;-0.031443;0.249951;0.023700;0.256650;0.065707;0.014121;0.757398
2.43612;0.854665;-4.983610;-0.042852;0.846561;-4.995062;-0.028051;0.852206;-4.971912;-0.019380;0.249886;0.036203;0.247498;0.067840;0.011955;1.344837
2.45328;0.867153;-4.984146;-0.042095;0.865120;-4.972148;-0.017207;0.872317;-4.975047;-0.021446;0.249980;0.015130;0.258322;0.043446;0.010462;1.183089
2.47081;0.879640;-4.984672;-0.041171;0.883738;-4.975289;-0.020915;0.879520;-4.981970;-0.017976;0.249970;0.018481;0.228470;0.010619;0.002704;1.328961
2.48750;0.892129;-4.985186;-0.040355;0.892287;-4.982197;-0.017509;0.893549;-4.987717;-0.017385;0.249977;0.016321;0.255379;0.009339;0.002902;1.316075
2.50402;0.904617;-4.985691;-0.039491;0.905615;-4.987910;-0.014633;0.911081;-4.998508;-0.003299;0.249974;0.017273;0.241362;0.055053;0.014355;2.073677
2.52155;0.917107;-4.986184;-0.039315;0.924147;-4.998534;-0.000779;0.935651;-4.996389;0.004486;0.249999;0.003521;0.261310;0.050402;0.021166;2.509650
2.53708;0.929597;-4.986675;-0.039638;0.947705;-4.996336;0.004296;0.922750;-4.994379;0.007318;0.249996;-0.006450;0.241071;-0.003804;0.010307;2.690384
2.55421;0.942087;-4.987171;-0.040160;0.935980;-4.994287;0.006532;0.943753;-4.993981;-0.008414;0.249991;-0.010436;0.264597;-0.015729;0.007012;1.818870
2.57046;0.954577;-4.987673;-0.039744;0.958765;-4.994097;-0.006997;0.951428;-5.003541;-0.000835;0.249994;0.008317;0.300253;0.028358;0.016178;2.229326
2.58849;0.967067;-4.988169;-0.039641;0.962113;-5.003561;-0.003000;0.966462;-5.006783;-0.014586;0.250000;0.002051;0.213687;-0.043305;0.018623;1.435576
2.60403;0.979555;-4.988665;-0.038665;0.979372;-5.006962;-0.013174;0.974649;-4.998155;-0.004203;0.249967;0.019521;0.258226;0.028243;0.010684;1.974521
2.62064;0.992046;-4.989148;-0.038441;0.985799;-4.998217;-0.006945;0.983316;-4.989239;-0.018475;0.249998;0.004494;0.223008;-0.054829;0.008731;1.143954
2.64269;1.004535;-4.989628;-0.037493;0.996422;-4.989485;-0.019076;1.008819;-5.002926;-0.024834;0.249969;0.018955;0.262158;-0.012017;0.013971;0.725315
2.65832;1.017022;-4.990096;-0.035959;1.019712;-5.003175;-0.020841;1.026193;-4.989442;-0.011188;0.249918;0.030680;0.217915;0.079857;0.009194;1.419274
2.67636;1.029514;-4.990546;-0.035447;1.038540;-4.989546;-0.005601;1.033738;-4.973737;-0.009519;0.249991;0.010237;0.246950;0.111740;0.017332;1.485539
2.69238;1.042006;-4.990989;-0.035273;1.045351;-4.973838;-0.007968;1.035083;-4.975502;-0.011408;0.249999;0.003477;0.232271;0.031030;0.016964;1.367342
2.71042;1.054498;-4.991430;-0.034959;1.047270;-4.975636;-0.010694;1.044012;-4.995267;-0.018148;0.249997;0.006276;0.243746;0.014288;0.011166;0.963226
2.72744;1.066988;-4.991867;-0.033942;1.056537;-4.995477;-0.015484;1.056961;-5.009636;-0.008220;0.249964;0.020342;0.250548;0.053280;0.020403;1.473781
2.74445;1.079481;-4.992291;-0.033302;1.068554;-5.009746;-0.010902;1.069623;-5.018200;0.000907;0.249986;0.012796;0.231868;-0.053638;0.027721;1.960050
2.76131;1.091974;-4.992707;-0.033079;1.081024;-5.018184;0.001865;1.072818;-5.002965;0.004609;0.249998;0.004468;0.228012;0.019170;0.021729;2.159387
2.77684;1.104467;-4.993120;-0.033310;1.085376;-5.002914;0.003627;1.084018;-5.007563;-0.003314;0.249998;-0.004625;0.251164;-0.019653;0.025035;1.718636
2.79541;1.116960;-4.993537;-0.032995;1.099517;-5.007617;-0.003687;1.108357;-5.008620;-0.002446;0.249997;0.006295;0.309974;-0.007459;0.017364;1.750350
2.80933;1.129453;-4.993949;-0.032716;1.120984;-5.008629;0.001108;1.126311;-5.003898;0.008247;0.249997;0.005593;0.252541;0.071079;0.010433;2.346979
2.82584;1.141946;-4.994358;-0.033150;1.138230;-5.003796;0.008875;1.138291;-4.988386;0.015315;0.249993;-0.008688;0.238385;0.012565;0.007002;2.776854
2.84159;1.154437;-4.994772;-0.034250;1.151320;-4.988199;0.013347;1.145366;-4.992757;0.002173;0.249958;-0.021987;0.260616;-0.039357;0.009292;2.086842
2.85861;1.166929;-4.995200;-0.034493;1.158149;-4.992708;0.005368;1.169196;-4.983923;-0.016415;0.249998;-0.004862;0.255668;0.063902;0.011503;1.035749
2.88070;1.179421;-4.995631;-0.033760;1.180893;-4.984113;-0.016092;1.174546;-4.988310;-0.020368;0.249981;0.014662;0.233983;0.006477;0.008796;0.767273
2.89976;1.191912;-4.996053;-0.032721;1.185588;-4.988523;-0.018288;1.184589;-4.986692;-0.013177;0.249963;0.020775;0.220898;0.041593;0.011884;1.119757
2.91729;1.204405;-4.996462;-0.032139;1.198818;-4.986878;-0.012943;1.204282;-4.987840;-0.004845;0.249988;0.011627;0.284595;0.004682;0.008622;1.563857
2.93675;1.216898;-4.996864;-0.032041;1.217790;-4.987927;-0.008011;1.219376;-4.983843;-0.020894;0.250000;0.001970;0.270157;-0.063321;0.013255;0.638660
2.95076;1.229390;-4.997264;-0.031044;1.232356;-4.984091;-0.017388;1.229140;-4.992333;-0.024881;0.249965;0.019945;0.259660;0.070128;0.004938;0.353118
2.96828;1.241881;-4.997652;-0.029673;1.241722;-4.992626;-0.021710;1.246012;-4.995517;-0.024298;0.249935;0.027417;0.251705;0.063422;0.004650;0.307974
2.98330;1.254372;-4.998023;-0.028287;1.259237;-4.995840;-0.024467;1.264912;-4.992393;-0.021492;0.249933;0.027724;0.264582;-0.003387;0.011949;0.389311
2.99985;1.266864;-4.998376;-0.027119;1.276639;-4.992608;-0.015046;1.269664;-4.998273;-0.022787;0.249953;0.023346;0.234595;0.128926;0.002801;0.248218
3.01686;1.279357;-4.998715;-0.025780;1.281970;-4.998564;-0.024542;1.278250;-4.997423;-0.020306;0.249938;0.026789;0.246201;-0.035093;0.001701;0.313645
3.03239;1.291850;-4.999037;-0.024603;1.291570;-4.997657;-0.014829;1.289859;-5.002009;0.006825;0.249952;0.023536;0.266455;0.109544;0.003577;1.800702
3.05047;1.304346;-4.999345;-0.024676;1.302616;-5.001928;0.005832;1.307081;-4.994538;0.015224;0.249995;-0.007540;0.255145;-0.019853;0.005530;2.286130
3.06700;1.316841;-4.999653;-0.025679;1.319353;-4.994360;0.013783;1.326595;-5.000987;0.013423;0.249965;-0.020044;0.245468;-0.028824;0.009845;2.240330
3.08353;1.329335;-4.999974;-0.026468;1.338646;-5.000823;0.013790;1.327160;-4.989584;0.007930;0.249978;-0.015785;0.241040;0.007354;0.010615;1.970847
3.09957;1.341830;-5.000305;-0.027114;1.339651;-4.989475;0.009634;1.333708;-5.001300;-0.000126;0.249986;-0.012919;0.249843;0.034074;0.008183;1.546298
3.12061;1.354326;-5.000644;-0.027085;1.346449;-5.001306;-0.000814;1.346000;-5.007443;0.006592;0.250000;0.000576;0.254819;-0.013758;0.010749;1.929554
3.13935;1.366821;-5.000982;-0.027358;1.358764;-5.007358;0.006710;1.366031;-5.009048;-0.022546;0.249997;-0.005466;0.255270;0.002353;0.008104;0.275725
3.15587;1.379312;-5.001324;-0.026382;1.378948;-5.009326;-0.020632;1.375683;-5.012360;-0.014469;0.249922;0.030043;0.258413;0.038275;0.011617;0.682529
3.17242;1.391806;-5.001654;-0.025309;1.388890;-5.012545;-0.013520;1.395926;-5.019665;-0.016131;0.249960;0.021455;0.264156;0.018988;0.018477;0.525845
3.18845;1.404299;-5.001970;-0.024014;1.407210;-5.019840;-0.014812;1.401364;-5.013593;-0.010889;0.249942;0.025905;0.225710;0.026386;0.011988;0.751955
3.20399;1.416794;-5.002270;-0.023134;1.412492;-5.013689;-0.006284;1.402309;-5.010056;0.002746;0.249973;0.017600;0.222565;0.092111;0.016445;1.482799
3.22101;1.429291;-5.002559;-0.023131;1.413925;-5.010034;0.000991;1.427661;-5.008687;-0.010268;0.250000;0.000059;0.232301;-0.035097;0.006341;0.736953
3.23703;1.441786;-5.002848;-0.022369;1.439643;-5.008794;-0.007549;1.442186;-5.008282;0.005475;0.249980;0.015240;0.239642;0.054384;0.005448;1.595297
3.25355;1.454283;-5.003128;-0.022557;1.454493;-5.008194;0.008739;1.454764;-4.998366;-0.011826;0.249999;-0.003776;0.246155;0.065289;0.004786;0.614888
3.27071;1.466779;-5.003410;-0.021876;1.468412;-4.998507;-0.008878;1.474959;-4.991170;-0.007081;0.249984;0.013637;0.272965;0.058952;0.014721;0.847678
3.28725;1.479276;-5.003683;-0.021601;1.487574;-4.991270;-0.008851;1.480234;-4.991824;-0.014748;0.249997;0.005491;0.252320;-0.035404;0.011897;0.392621
3.30333;1.491772;-5.003953;-0.020855;1.492337;-4.992006;-0.015321;1.498865;-4.995244;-0.013452;0.249981;0.014911;0.242091;-0.011442;0.011232;0.424162
3.32080;1.504269;-5.004214;-0.020130;1.511721;-4.995410;-0.012445;1.509366;-5.005145;-0.006292;0.249982;0.014513;0.257135;0.020139;0.005181;0.792857
3.33861;1.516766;-5.004465;-0.019664;1.522577;-5.005218;-0.004736;1.515035;-4.999858;-0.008581;0.249992;0.009319;0.264231;0.031115;0.004922;0.634981
3.36170;1.529263;-5.004711;-0.019151;1.527597;-4.999966;-0.008608;1.530579;-5.005570;-0.002066;0.249991;0.010249;0.251253;-0.000525;0.001572;0.978905
3.37955;1.541761;-5.004950;-0.018931;1.542098;-5.005583;-0.000200;1.547120;-4.994923;0.017701;0.249998;0.004406;0.230372;0.037335;0.011370;2.098849
3.39557;1.554256;-5.005187;-0.019961;1.558319;-4.994741;0.014807;1.553722;-4.977124;0.007420;0.249954;-0.023005;0.224012;-0.057869;0.028068;1.568795
3.41640;1.566752;-5.005437;-0.020804;1.565936;-4.977037;0.006783;1.569267;-4.993595;-0.005919;0.249975;-0.016869;0.244276;-0.012728;0.012106;0.852874
3.43182;1.579249;-5.005697;-0.020561;1.583689;-4.993714;-0.010641;1.583301;-5.011403;-0.001622;0.249998;0.004862;0.288456;-0.094446;0.006998;1.085131
3.44797;1.591747;-5.005954;-0.020264;1.597060;-5.011426;-0.001805;1.601687;-5.000987;0.004833;0.249997;0.005951;0.275179;-0.003666;0.011112;1.437906
3.46599;1.604244;-5.006207;-0.020536;1.613997;-5.000929;0.004574;1.612153;-5.012391;0.000747;0.249997;-0.005450;0.246202;-0.005182;0.010040;1.219410
3.48351;1.616741;-5.006463;-0.020361;1.624703;-5.012364;0.003603;1.622306;-5.009420;0.006089;0.249999;0.003493;0.250987;0.057119;0.006301;1.515495
3.50004;1.629239;-5.006718;-0.020559;1.634887;-5.009345;0.005874;1.622666;-5.011908;0.008538;0.249999;-0.003960;0.251631;-0.004303;0.008375;1.667166
3.51706;1.641736;-5.006975;-0.020860;1.637033;-5.011762;0.011903;1.643879;-5.023293;0.009381;0.249997;-0.006015;0.287356;0.067304;0.016458;1.732711
3.53458;1.654233;-5.007236;-0.021007;1.654730;-5.023196;0.008437;1.655582;-4.999849;-0.001759;0.249999;-0.002929;0.217035;-0.018887;0.007509;1.102802
3.55113;1.666730;-5.007498;-0.020904;1.667998;-4.999875;-0.002484;1.665717;-5.012713;0.002193;0.250000;0.002057;0.248325;-0.014492;0.005312;1.323377
3.56721;1.679228;-5.007760;-0.020807;1.677198;-5.012663;0.006497;1.671638;-5.001405;-0.001775;0.250000;0.001943;0.229631;0.086071;0.009898;1.090455
3.58374;1.691725;-5.008020;-0.020675;1.683840;-5.001393;0.003741;1.688288;-4.997982;0.006844;0.249999;0.002636;0.244020;0.110308;0.010609;1.576701
3.60129;1.704222;-5.008278;-0.021122;1.700689;-4.997899;0.006542;1.705939;-4.992077;-0.007727;0.249993;-0.008944;0.248016;-0.006031;0.016291;0.767472
3.62585;1.716719;-5.008542;-0.020803;1.716594;-4.992170;-0.009604;1.723273;-5.002601;-0.020040;0.249996;0.006386;0.213111;-0.037537;0.008846;0.043726
3.64323;1.729213;-5.008802;-0.019553;1.737082;-5.002880;-0.020379;1.741966;-5.001856;-0.033490;0.249946;0.025000;0.276234;-0.006794;0.014521;0.798576
3.65704;1.741704;-5.009046;-0.017509;1.753972;-5.002228;-0.028556;1.751592;-5.000422;-0.030034;0.249855;0.040872;0.240250;0.098681;0.013121;0.717596
3.67542;1.754196;-5.009265;-0.015699;1.766386;-5.000880;-0.031837;1.754078;-4.994735;-0.012776;0.249886;0.036196;0.296012;-0.036073;0.014530;0.167510
3.69213;1.766694;-5.009461;-0.015030;1.766247;-4.994862;-0.008072;1.769987;-5.002784;-0.010235;0.249984;0.013384;0.243381;0.094067;0.007445;0.274744
3.70869;1.779192;-5.009649;-0.014364;1.782701;-5.002903;-0.008418;1.776237;-5.004247;-0.015160;0.249985;0.013316;0.254281;0.036340;0.006157;0.045616
3.72639;1.791689;-5.009829;-0.013376;1.789904;-5.004441;-0.013203;1.798302;-4.998133;-0.010842;0.249966;0.019773;0.273371;0.039158;0.013436;0.145174
3.74340;1.804187;-5.009996;-0.012760;1.810805;-4.998269;-0.010982;1.803278;-4.993982;0.003096;0.249987;0.012310;0.250064;-0.002804;0.016039;0.908470
3.75970;1.816686;-5.010155;-0.013059;1.814543;-4.993943;0.003918;1.817925;-4.991596;-0.020714;0.249997;-0.005974;0.225303;0.016453;0.018601;0.438615
3.77590;1.829183;-5.010318;-0.012107;1.831455;-4.991864;-0.018889;1.828867;-5.003898;-0.017572;0.249959;0.021687;0.270642;0.036502;0.006429;0.313100
3.79244;1.841679;-5.010470;-0.010979;1.841996;-5.004119;-0.016214;1.847081;-4.990809;-0.023398;0.249956;0.022561;0.262620;0.027152;0.020390;0.711537
3.80946;1.854176;-5.010607;-0.009750;1.861322;-4.991129;-0.021620;1.832940;-5.006879;-0.025603;0.249948;0.024579;0.284894;0.035560;0.021561;0.908270
3.82598;1.866671;-5.010729;-0.008084;1.845718;-5.007191;-0.023215;1.856123;-5.019930;-0.018151;0.249904;0.033330;0.255649;0.047758;0.013997;0.576815
3.84603;1.879167;-5.010830;-0.006614;1.867172;-5.020129;-0.017947;1.864735;-5.018506;-0.012810;0.249925;0.029388;0.221002;0.004088;0.016347;0.354968
3.86457;1.891664;-5.010912;-0.005492;1.876170;-5.018649;-0.012049;1.884649;-5.011078;-0.010664;0.249956;0.022455;0.228730;0.015219;0.007017;0.296330
3.88261;1.904163;-5.010981;-0.004639;1.897517;-5.011233;-0.013458;1.888810;-5.010430;-0.022097;0.249975;0.017064;0.257377;-0.055880;0.015362;1.000323
3.89964;1.916658;-5.011039;-0.003112;1.900379;-5.010658;-0.017222;1.907555;-5.001522;-0.024140;0.249919;0.030540;0.231419;0.097507;0.013170;1.204842
3.91617;1.929155;-5.011078;-0.001634;1.919804;-5.001820;-0.024480;1.922509;-4.999851;-0.022755;0.249924;0.029559;0.245052;-0.006801;0.013046;1.210165
3.93469;1.941651;-5.011098;-0.000271;1.935701;-5.000164;-0.024705;1.938858;-5.000158;-0.027668;0.249936;0.027248;0.263906;-0.039002;0.011292;1.569710
3.95223;1.954147;-5.011102;0.001392;1.950719;-5.000495;-0.029250;1.943411;-4.996735;-0.033974;0.249904;0.033263;0.237322;-0.031636;0.017935;2.026318
3.96724;1.966640;-5.011084;0.003366;1.955641;-4.997151;-0.034058;1.972815;-5.009722;-0.025008;0.249865;0.039487;0.244752;-0.001681;0.006323;1.625715
3.98428;1.979135;-5.011042;0.005059;1.983864;-5.009994;-0.024298;1.990762;-5.005167;-0.019955;0.249900;0.033863;0.221051;0.014199;0.013028;1.433193
4.00135;1.991632;-5.010979;0.006360;2.002137;-5.005366;-0.014994;1.991368;-5.003336;-0.013923;0.249941;0.026006;0.227534;0.099202;0.007648;1.162112
4.01838;2.004130;-5.010900;0.007262;2.004690;-5.003532;-0.015461;2.003264;-5.011581;-0.011527;0.249972;0.018038;0.266460;-0.030751;0.001102;1.076502
4.03446;2.016628;-5.010809;0.008185;2.015527;-5.011741;-0.014537;2.009257;-5.011704;-0.008123;0.249970;0.018470;0.245279;-0.060200;0.007426;0.934363
4.05017;2.029127;-5.010707;0.008907;2.023021;-5.011797;-0.005475;2.016123;-5.017864;0.011638;0.249982;0.014443;0.275302;0.052947;0.014844;0.156448
4.06728;2.041626;-5.010595;0.008568;2.028811;-5.017715;0.011803;2.028201;-5.008246;0.007052;0.249996;-0.006781;0.253788;0.003304;0.013629;0.086852
4.08436;2.054126;-5.010488;0.008312;2.040121;-5.008155;0.008077;2.057054;-5.011543;0.003721;0.249998;-0.005133;0.238403;0.020502;0.003112;0.262998
4.10270;2.066625;-5.010384;0.008324;2.068715;-5.011498;0.003935;2.074039;-5.001937;0.001547;0.250000;0.000241;0.233215;0.004267;0.011239;0.388243
4.11972;2.079125;-5.010280;0.008270;2.085176;-5.001927;0.000334;2.069061;-5.004319;0.009078;0.250000;-0.001062;0.222737;-0.024267;0.011697;0.046240
4.13626;2.091624;-5.010177;0.007814;2.082915;-5.004224;0.004615;2.080445;-5.011920;-0.007681;0.249993;-0.009125;0.277101;-0.089245;0.011314;0.887820
4.15428;2.104123;-5.010079;0.008520;2.094093;-5.012013;-0.006031;2.083965;-5.002908;-0.004858;0.249983;0.014117;0.272965;0.032994;0.021396;0.766487
4.17133;2.116622;-5.009973;0.008871;2.095347;-5.002965;-0.005162;2.090917;-5.019622;-0.029187;0.249996;0.007026;0.227659;-0.006085;0.027456;2.180570
4.18836;2.129113;-5.009862;0.010473;2.104620;-5.019997;-0.025594;2.111369;-5.004740;-0.022785;0.249839;0.043118;0.274161;0.071855;0.018469;1.905509
4.20471;2.141609;-5.009731;0.011938;2.124900;-5.005055;-0.023745;2.128181;-5.013770;-0.031830;0.249925;0.029311;0.270706;-0.019211;0.014023;2.507738
4.22124;2.154100;-5.009582;0.014136;2.138609;-5.014077;-0.027007;2.143412;-5.009767;-0.028784;0.249832;0.043950;0.208661;0.096469;0.010689;2.459111
4.23725;2.166592;-5.009405;0.016068;2.156546;-5.010105;-0.022668;2.145833;-5.011421;-0.021725;0.249870;0.038643;0.262765;0.122317;0.020857;2.165387
4.25328;2.179086;-5.009204;0.017611;2.159377;-5.011722;-0.022691;2.164805;-5.014964;-0.018308;0.249917;0.030872;0.270939;-0.019309;0.015398;2.058052
4.27152;2.191581;-5.008984;0.019027;2.176296;-5.015114;-0.007897;2.185511;-5.004165;-0.003434;0.249930;0.028303;0.229835;0.208222;0.007751;1.286917
4.28680;2.204078;-5.008747;0.019321;2.197982;-5.004205;-0.002997;2.196655;-5.015517;-0.001904;0.249997;0.005897;0.249420;0.008747;0.010047;1.216154
4.30537;2.216576;-5.008505;0.019768;2.210479;-5.015556;-0.003671;2.211925;-5.008124;0.003444;0.249993;0.008927;0.276480;-0.035328;0.004666;0.935270
4.32339;2.229073;-5.008258;0.019736;2.223830;-5.008116;-0.002064;2.210184;-4.997005;-0.012135;0.250000;-0.000636;0.238097;-0.110161;0.021987;1.826087
4.33944;2.241570;-5.008011;0.020400;2.222792;-4.997165;-0.013321;2.242408;-5.013357;-0.025055;0.249985;0.013274;0.252174;-0.023708;0.005411;2.604337
4.35547;2.254062;-5.007756;0.022194;2.254002;-5.013647;-0.024997;2.249659;-5.009551;-0.028639;0.249888;0.035878;0.231952;0.001156;0.004754;2.912495
4.37255;2.266552;-5.007479;0.024120;2.261802;-5.009909;-0.030248;2.278382;-5.005876;-0.017201;0.249871;0.038534;0.242969;-0.032175;0.011938;2.367540
4.38858;2.279046;-5.007178;0.025282;2.291468;-5.006087;-0.015182;2.298929;-5.003867;-0.010437;0.249953;0.023232;0.261762;0.040381;0.020156;2.046535
4.40574;2.291542;-5.006862;0.025994;2.313095;-5.004015;-0.010504;2.303636;-5.005234;-0.018045;0.249982;0.014242;0.283344;-0.001337;0.012204;2.523251
4.42078;2.304035;-5.006537;0.027193;2.315281;-5.005427;-0.015228;2.298147;-4.998976;-0.004205;0.249950;0.023983;0.232929;0.056349;0.009584;1.798982
4.43829;2.316530;-5.006197;0.027423;2.310845;-4.999026;-0.003687;2.321303;-4.998041;-0.003511;0.249998;0.004591;0.253961;0.010356;0.009450;1.772375
4.45431;2.329025;-5.005854;0.027590;2.334689;-4.998080;-0.002292;2.310506;-4.997460;-0.015793;0.249999;0.003336;0.267736;0.024390;0.020333;2.485629
4.47245;2.341519;-5.005510;0.028480;2.321084;-4.997600;-0.010808;2.328958;-5.005977;-0.008190;0.249972;0.017818;0.211565;0.099704;0.012570;2.101060
4.48933;2.354013;-5.005154;0.029106;2.340148;-5.006088;-0.011713;2.355622;-5.012580;-0.015878;0.249986;0.012513;0.223830;-0.070465;0.007598;2.577392
4.50367;2.366506;-5.004790;0.030344;2.367849;-5.012750;-0.012008;2.372803;-5.015339;-0.026748;0.249947;0.024762;0.244571;0.077406;0.012286;3.271116
4.51969;2.378993;-5.004411;0.032299;2.386191;-5.015657;-0.020800;2.372762;-5.009346;-0.000346;0.249867;0.039103;0.267836;0.118960;0.007949;1.870415
4.53630;2.391487;-5.004007;0.033005;2.383648;-5.009360;-0.002067;2.381854;-4.996048;0.011306;0.249998;0.004684;0.217732;-0.034438;0.012495;1.243207
4.55120;2.403979;-5.003595;0.032460;2.395383;-4.995902;0.010287;2.399884;-4.992379;0.003914;0.249979;-0.015379;0.270585;-0.020396;0.011940;1.635530
4.56934;2.416472;-5.003189;0.032049;2.411683;-4.992356;0.000025;2.403092;-4.988741;0.011621;0.249994;-0.008214;0.235987;-0.077794;0.019692;1.170446
4.58699;2.428964;-5.002789;0.031092;2.415238;-4.988593;0.012715;2.425554;-5.003420;0.019222;0.249968;-0.019148;0.242940;0.021884;0.003467;0.680072
4.60556;2.441456;-5.002400;0.030018;2.439054;-5.003152;0.020558;2.443077;-5.004636;0.011179;0.249960;-0.021472;0.270051;0.026709;0.002762;1.079371
4.62209;2.453950;-5.002025;0.029456;2.456895;-5.004488;0.010275;2.455900;-5.015454;0.011648;0.249989;-0.011239;0.276379;-0.018094;0.013570;1.020300
4.63969;2.466444;-5.001657;0.029122;2.469551;-5.015271;0.015144;2.463796;-5.012414;0.013336;0.249996;-0.006689;0.273038;0.069919;0.011078;0.904459
4.65722;2.478938;-5.001293;0.028615;2.477222;-5.012209;0.017226;2.473574;-5.007974;0.013991;0.249991;-0.010129;0.268538;0.077815;0.008568;0.837890
4.67342;2.491432;-5.000935;0.027965;2.485527;-5.007812;0.013058;2.470682;-5.016973;0.012708;0.249985;-0.013002;0.239090;-0.018667;0.026225;0.874161
4.69149;2.503927;-5.000586;0.027605;2.483942;-5.016827;0.009181;2.499958;-5.003009;0.006615;0.249996;-0.007197;0.265201;-0.070546;0.004651;1.202648
4.70859;2.516422;-5.000241;0.027280;2.511376;-5.002917;0.009492;2.507359;-5.014973;0.009313;0.249996;-0.006494;0.228382;0.057542;0.017297;1.029431
4.72611;2.528918;-4.999900;0.027082;2.520293;-5.014883;0.004550;2.521557;-5.004490;0.004247;0.249999;-0.003968;0.258686;-0.095264;0.008675;1.308355
4.74173;2.541413;-4.999561;0.026936;2.534500;-5.004468;-0.000743;2.529214;-5.006207;0.011668;0.249999;-0.002922;0.258856;-0.099800;0.013891;0.874770
4.75829;2.553908;-4.999225;0.026387;2.544098;-5.006047;0.009903;2.535463;-5.009933;0.008309;0.249990;-0.010987;0.297684;-0.035306;0.021328;1.035787
4.77436;2.566403;-4.998895;0.026130;2.547872;-5.009809;0.011684;2.557545;-5.020182;0.001626;0.249998;-0.005134;0.248185;0.067511;0.023057;1.403987
4.79140;2.578899;-4.998568;0.026528;2.569831;-5.020157;0.002518;2.577735;-5.002252;-0.000883;0.249994;0.007965;0.245704;0.017842;0.003863;1.570515
4.80827;2.591394;-4.998237;0.026637;2.590292;-5.002247;0.001730;2.584562;-4.987105;0.004897;0.250000;0.002175;0.251139;0.052242;0.013062;1.245600
4.82579;2.603889;-4.997904;0.026023;2.597426;-4.987051;0.003397;2.599863;-4.992613;0.004131;0.249987;-0.012283;0.257293;-0.030000;0.006649;1.254316
4.84330;2.616385;-4.997579;0.025590;2.612958;-4.992581;0.000680;2.609192;-5.000212;0.000330;0.249994;-0.008650;0.261908;-0.069005;0.007660;1.447302
4.86251;2.628881;-4.997259;0.025576;2.620968;-5.000197;0.002224;2.628881;-5.014491;-0.010634;0.250000;-0.000289;0.235523;0.037887;0.017232;2.074690
4.87943;2.641375;-4.996939;0.026580;2.643481;-5.014661;-0.012593;2.638728;-4.996731;0.001044;0.249965;0.020095;0.292025;-0.039161;0.002655;1.463118
4.89670;2.653870;-4.996607;0.026435;2.652051;-4.996712;0.001843;2.643664;-4.990712;0.013572;0.249999;-0.002914;0.266466;0.015980;0.011787;0.736994
4.91346;2.666364;-4.996277;0.025384;2.657807;-4.990531;0.011990;2.660835;-4.995427;0.003259;0.249962;-0.021016;0.282892;-0.031631;0.005594;1.267649
4.93050;2.678860;-4.995959;0.025071;2.674278;-4.995388;0.002570;2.675889;-4.986470;0.018056;0.249997;-0.006257;0.268857;-0.013786;0.009944;0.401945
4.94870;2.691352;-4.995646;0.023638;2.686698;-4.986288;0.015506;2.686947;-4.997576;0.015324;0.249929;-0.028653;0.216222;-0.050989;0.004810;0.476367
4.96435;2.703847;-4.995351;0.022656;2.700721;-4.997358;0.016333;2.700674;-5.002458;0.016220;0.249966;-0.019646;0.275528;0.020179;0.007784;0.368760
4.97938;2.716343;-4.995067;0.021747;2.713725;-5.002210;0.021790;2.716521;-5.014021;0.015247;0.249971;-0.018181;0.261076;0.111402;0.018954;0.372432
4.99694;2.728839;-4.994796;0.021201;2.728959;-5.013826;0.016086;2.717614;-4.990305;0.022918;0.249990;-0.010928;0.248780;0.016784;0.012090;0.098390
5.01246;2.741332;-4.994531;0.019571;2.732143;-4.990004;0.018488;2.751856;-4.985362;0.013184;0.249908;-0.032599;0.290630;-0.088593;0.013958;0.365943
5.02849;2.753827;-4.994286;0.018389;2.765855;-4.985211;0.008355;2.766467;-4.992924;0.005382;0.249952;-0.023634;0.279993;-0.096582;0.012713;0.745235
5.04446;2.766324;-4.994056;0.017876;2.778913;-4.992872;0.003114;2.783908;-5.000460;0.017048;0.249991;-0.010260;0.248932;-0.045362;0.018713;0.047425
5.06401;2.778821;-4.993833;0.016866;2.794830;-5.000279;0.015963;2.783759;-4.999884;0.030075;0.249965;-0.020209;0.218478;-0.021706;0.007810;0.756842
5.08455;2.791313;-4.993622;0.015058;2.796070;-4.999528;0.027655;2.793048;-4.995550;0.030271;0.249887;-0.036153;0.246315;-0.048400;0.002593;0.871642
5.10210;2.803805;-4.993434;0.013121;2.807638;-4.995108;0.030356;2.796268;-5.000409;0.035816;0.249870;-0.038745;0.291950;0.001711;0.010269;1.300371
5.11863;2.816296;-4.993270;0.010983;2.809381;-4.999954;0.033617;2.820042;-4.999536;0.032077;0.249841;-0.042757;0.262415;-0.043995;0.007300;1.208628
5.13569;2.828789;-4.993133;0.009045;2.833185;-4.999151;0.026459;2.821315;-4.988047;0.035185;0.249870;-0.038748;0.262970;-0.112362;0.009040;1.497696
5.15386;2.841278;-4.993020;0.006605;2.832821;-4.987634;0.036496;2.832818;-5.000776;0.033747;0.249793;-0.048806;0.230272;0.026211;0.011477;1.555129
5.17040;2.853771;-4.992938;0.004602;2.845315;-5.000368;0.031540;2.845319;-5.003489;0.029608;0.249861;-0.040067;0.250062;-0.044140;0.013519;1.432747
5.18845;2.866266;-4.992880;0.002922;2.856131;-5.003180;0.027627;2.851256;-5.003638;0.024316;0.249902;-0.033586;0.216327;-0.039620;0.018467;1.225745
5.20306;2.878763;-4.992843;0.001565;2.865006;-5.003325;0.021192;2.880448;-5.012073;0.040665;0.249936;-0.027147;0.275069;-0.062474;0.019303;2.240252
5.22121;2.891255;-4.992824;-0.000533;2.891815;-5.011632;0.036871;2.886388;-5.008312;0.025915;0.249847;-0.041963;0.227527;-0.075879;0.016235;1.515341
5.23724;2.903752;-4.992831;-0.001852;2.898990;-5.007995;0.024328;2.901736;-5.005635;0.007426;0.249940;-0.026379;0.252132;-0.031743;0.012963;0.531572
5.25277;2.916252;-4.992854;-0.002136;2.915214;-5.005559;0.003873;2.911207;-5.003884;-0.004107;0.249997;-0.005688;0.269572;-0.071060;0.012129;0.112920
5.26845;2.928752;-4.992880;-0.001778;2.924825;-5.003909;0.000341;2.917549;-5.009540;0.011477;0.249996;0.007160;0.272354;0.088971;0.020076;0.759466
5.28447;2.941251;-4.992903;-0.002192;2.928752;-5.009422;0.009691;2.939615;-5.006248;-0.009736;0.249994;-0.008275;0.224065;-0.035710;0.013445;0.432216
5.30053;2.953750;-4.992930;-0.001426;2.951884;-5.006363;-0.009117;2.950575;-4.989442;-0.015349;0.249980;0.015322;0.245390;0.012373;0.004717;0.797702
5.31856;2.966249;-4.992948;-0.000814;2.962209;-4.989617;-0.014633;2.960549;-4.999400;-0.016294;0.249987;0.012236;0.232705;0.014312;0.008610;0.886925
5.33959;2.978748;-4.992958;0.000146;2.973968;-4.999606;-0.014323;2.995570;-4.985876;-0.021727;0.249968;0.019200;0.268406;0.039418;0.018252;1.253205
5.35534;2.991247;-4.992956;0.001027;3.007859;-4.986132;-0.019875;2.999668;-4.998950;-0.036699;0.249973;0.017617;0.245847;0.037028;0.010337;2.161504
5.37240;3.003738;-4.992943;0.003157;3.013082;-4.999425;-0.034022;2.994947;-5.005479;-0.014473;0.249836;0.043409;0.268439;0.053538;0.015311;1.010143
5.38943;3.016236;-4.992904;0.004190;3.004696;-5.005612;-0.012796;3.012574;-5.002764;-0.008375;0.249963;0.020646;0.194986;0.033528;0.010518;0.719918
5.40746;3.028736;-4.992852;0.004776;3.022007;-5.002832;-0.005990;3.026311;-5.001520;0.005475;0.249988;0.011719;0.188667;0.047703;0.009001;0.040056
5.42399;3.041235;-4.992792;0.004493;3.039290;-5.001469;0.002364;3.042050;-4.990555;0.004968;0.249997;-0.005646;0.259577;-0.062214;0.002381;0.027182
5.44352;3.053735;-4.992736;0.003906;3.053735;-4.990481;0.007656;3.046889;-4.996215;0.024033;0.249988;-0.011750;0.233696;0.053771;0.007680;1.153216
5.45858;3.066230;-4.992687;0.002348;3.059756;-4.995912;0.023035;3.076589;-4.991145;0.011644;0.249916;-0.031165;0.257412;-0.019964;0.010473;0.532628
5.47560;3.078729;-4.992658;0.001373;3.089713;-4.991014;0.008369;3.087336;-4.996002;-0.007576;0.249967;-0.019497;0.262500;-0.065497;0.009234;0.512714
5.49065;3.091229;-4.992640;0.001648;3.100998;-4.996082;-0.004202;3.096994;-4.995190;-0.002235;0.249996;0.006582;0.273244;0.067471;0.006304;0.222465
5.50768;3.103729;-4.992620;0.001630;3.109071;-4.995195;0.001309;3.105585;-4.981656;0.014187;0.250000;-0.000351;0.241540;0.070868;0.011120;0.719415
5.52369;3.116225;-4.992599;0.000363;3.116916;-4.981500;0.013345;3.113427;-4.987975;0.001774;0.249929;-0.028644;0.226653;-0.016836;0.005405;0.080862
5.54046;3.128725;-4.992595;-0.000126;3.125143;-4.987936;0.004925;3.133493;-4.978594;0.007521;0.249992;-0.009778;0.234316;0.063022;0.014791;0.438116
5.55848;3.141222;-4.992596;-0.001265;3.145781;-4.978523;0.003962;3.143286;-4.978989;0.004008;0.249955;-0.022786;0.245769;-0.071179;0.013763;0.302162
5.57600;3.153721;-4.992612;-0.002185;3.154182;-4.978938;0.005461;3.153810;-4.991173;-0.009480;0.249971;-0.018389;0.217919;0.029045;0.001442;0.418011
5.59273;3.166221;-4.992640;-0.001903;3.166993;-4.991307;-0.010751;3.160044;-4.990798;-0.022583;0.249997;0.005639;0.263670;-0.025409;0.006446;1.184897
5.60892;3.178719;-4.992663;-0.000848;3.172745;-4.991075;-0.021084;3.167932;-4.988286;-0.035646;0.249961;0.021098;0.254083;0.029974;0.011641;1.993783
5.62342;3.191213;-4.992674;0.000907;3.181526;-4.988764;-0.034612;3.193138;-4.989913;-0.027193;0.249893;0.035103;0.272046;0.020672;0.003365;1.610018
5.64044;3.203710;-4.992663;0.002204;3.205573;-4.990202;-0.019311;3.196355;-4.993054;-0.018458;0.249942;0.025932;0.248778;0.157632;0.007366;1.183833
5.65864;3.216209;-4.992635;0.003080;3.209726;-4.993299;-0.018185;3.212089;-4.994785;-0.019384;0.249973;0.017528;0.267464;0.005451;0.004647;1.287105
5.67415;3.228707;-4.992597;0.004068;3.225367;-4.995022;-0.016280;3.242695;-4.994410;-0.015050;0.249966;0.019761;0.265607;0.062083;0.014105;1.095387
5.69067;3.241206;-4.992546;0.004780;3.256229;-4.994605;-0.013671;3.236513;-4.996900;-0.044895;0.249982;0.014243;0.270722;0.027567;0.006403;2.846166
5.70857;3.253695;-4.992486;0.006743;3.248514;-4.997433;-0.043909;3.235308;-4.984210;-0.050765;0.249767;0.051764;0.240257;0.019719;0.020163;3.294921
5.72458;3.266183;-4.992402;0.009252;3.247338;-4.984803;-0.047780;3.264397;-4.999994;-0.064765;0.249781;0.050181;0.240893;0.059690;0.007800;4.240850
5.74034;3.278657;-4.992286;0.013011;3.275353;-5.000663;-0.057230;3.269788;-5.001556;-0.056699;0.249476;0.077714;0.219518;0.150705;0.012829;3.994075
5.75686;3.291135;-4.992124;0.016467;3.281334;-5.002183;-0.051698;3.289096;-4.995217;-0.063890;0.249585;0.069118;0.231256;0.100014;0.003704;4.604065
5.77438;3.303610;-4.991919;0.020132;3.302319;-4.996059;-0.063283;3.312701;-4.998646;-0.074171;0.249534;0.073313;0.264996;0.012125;0.011310;5.403185
5.79044;3.316074;-4.991668;0.024534;3.325507;-4.999599;-0.074327;3.323741;-4.997142;-0.061551;0.249327;0.088042;0.256828;-0.003118;0.009421;4.932327
5.80750;3.328547;-4.991362;0.028125;3.335574;-4.997861;-0.059854;3.328761;-4.992831;-0.042152;0.249552;0.071815;0.237095;0.033937;0.001485;4.026581
5.82524;3.341034;-4.991010;0.030466;3.340261;-4.993312;-0.041490;3.343721;-4.997191;-0.039953;0.249821;0.045435;0.230207;0.013246;0.006740;4.034680
5.84128;3.353519;-4.990630;0.032761;3.355865;-4.997646;-0.034864;3.354026;-5.002206;-0.016906;0.249817;0.045908;0.243038;0.101766;0.011587;2.845714
5.86141;3.366010;-4.990220;0.033856;3.365600;-5.002393;-0.015344;3.370422;-4.998834;-0.020090;0.249958;0.021895;0.231501;0.031235;0.009678;3.090860
5.87644;3.378500;-4.989797;0.035018;3.382823;-4.999049;-0.014615;3.373197;-4.988874;-0.019596;0.249953;0.023249;0.248056;0.109501;0.005383;3.129174
5.89416;3.390992;-4.989360;0.035784;3.383577;-4.989087;-0.021312;3.385079;-4.998683;-0.012141;0.249980;0.015308;0.207640;-0.034311;0.011039;2.745866
5.90970;3.403483;-4.988913;0.036463;3.398151;-4.998854;-0.014076;3.391594;-5.000100;-0.014038;0.249984;0.013590;0.261459;-0.038706;0.016325;2.893541
5.92622;3.415973;-4.988457;0.037309;3.403699;-5.000260;-0.012491;3.397847;-4.978778;-0.033617;0.249975;0.016920;0.242122;0.030940;0.020548;4.063799
5.94424;3.428462;-4.987991;0.038532;3.408515;-4.979126;-0.031682;3.408570;-4.986712;-0.035098;0.249948;0.024446;0.213478;0.038698;0.019933;4.218662
5.96042;3.440948;-4.987509;0.040137;3.423629;-4.987262;-0.037816;3.443284;-4.978105;-0.026984;0.249911;0.032098;0.301384;-0.054355;0.009691;3.845726
5.97694;3.453437;-4.987008;0.040912;3.456634;-4.978455;-0.025536;3.453062;-4.979057;-0.008461;0.249979;0.015504;0.267085;0.028961;0.007960;2.828841
5.99247;3.465927;-4.986497;0.040607;3.464038;-4.979169;-0.012030;3.459023;-4.989498;-0.031203;0.249997;-0.006092;0.219531;-0.071374;0.007528;4.114436
6.01000;3.478413;-4.985989;0.041553;3.470795;-4.989884;-0.034444;3.477745;-4.977629;-0.036306;0.249926;0.029266;0.235579;-0.064820;0.008387;4.460948
6.02552;3.490899;-4.985470;0.042849;3.489241;-4.978037;-0.034644;3.480203;-4.981560;-0.036254;0.249942;0.025933;0.230072;0.033229;0.011388;4.532293
6.04256;3.503384;-4.984935;0.044296;3.492973;-4.982032;-0.037559;3.492217;-4.986769;-0.027666;0.249927;0.028946;0.255572;-0.026100;0.011316;4.123139
6.05837;3.515869;-4.984382;0.045430;3.504018;-4.987069;-0.023210;3.516119;-4.990486;-0.029544;0.249955;0.022669;0.236094;0.089125;0.006110;4.295705
6.07541;3.528353;-4.983814;0.046818;3.526781;-4.990781;-0.025803;3.521474;-4.991437;-0.023905;0.249933;0.027759;0.213315;0.074820;0.010267;4.052144
6.09443;3.540837;-4.983229;0.047905;3.535280;-4.991744;-0.020690;3.547925;-4.977959;-0.014188;0.249959;0.021736;0.276173;0.064315;0.008833;3.557677
6.11428;3.553323;-4.982631;0.047845;3.558978;-4.978124;-0.015691;3.556684;-4.990168;-0.037131;0.250000;-0.001188;0.221077;-0.030048;0.008253;4.868805
6.13282;3.565803;-4.982033;0.049036;3.569189;-4.990577;-0.028198;3.577370;-4.979042;-0.006127;0.249885;0.036383;0.250240;0.178663;0.011947;3.160612
6.14935;3.578287;-4.981420;0.048977;3.588882;-4.979088;-0.001988;3.588329;-4.979043;-0.011115;0.249991;-0.010325;0.230249;0.082782;0.010319;3.442995
6.16595;3.590772;-4.980808;0.048753;3.598808;-4.979182;-0.015545;3.584084;-4.991809;-0.000113;0.249998;-0.004476;0.209611;-0.088594;0.012874;2.799816
6.18463;3.603257;-4.980199;0.048412;3.597061;-4.991793;0.002544;3.610058;-4.990456;0.012270;0.249996;-0.006806;0.259523;0.053141;0.012307;2.070834
6.20229;3.615740;-4.979594;0.047264;3.622717;-4.990351;0.004402;3.615126;-4.994807;0.002039;0.249954;-0.022963;0.253191;-0.157355;0.015225;2.591215
6.21831;3.628226;-4.979004;0.046917;3.628154;-4.994757;0.005644;3.617325;-4.995838;-0.006808;0.249996;-0.006947;0.260563;0.072102;0.020056;3.078206
6.23548;3.640712;-4.978418;0.047145;3.630435;-4.995936;-0.008216;3.639740;-4.980442;-0.007492;0.249998;0.004557;0.262212;-0.028161;0.002246;3.130434
6.25119;3.653198;-4.977828;0.046732;3.652848;-4.980565;-0.011204;3.651460;-4.972246;-0.014429;0.249994;-0.008262;0.262182;-0.074248;0.005847;3.504226
6.26871;3.665684;-4.977245;0.046363;3.664421;-4.972410;-0.010952;3.656861;-4.970265;-0.005750;0.249995;-0.007379;0.259236;0.069528;0.011250;2.985845
6.28373;3.678169;-4.976665;0.045380;3.668602;-4.970334;-0.005881;3.668015;-4.969204;-0.012671;0.249966;-0.019661;0.234819;-0.002623;0.012600;3.326080
6.30028;3.690656;-4.976098;0.044753;3.679866;-4.969358;-0.013366;3.691597;-4.976441;-0.007824;0.249986;-0.012534;0.237035;-0.013883;0.001002;3.012426
6.31580;3.703142;-4.975539;0.044142;3.705565;-4.976555;-0.008589;3.687077;-4.988377;-0.020037;0.249987;-0.012217;0.279381;-0.015300;0.020565;3.677198
6.33584;3.715629;-4.974988;0.044781;3.697928;-4.988593;-0.019922;3.705701;-4.998123;-0.028180;0.249984;0.013421;0.217076;0.002302;0.025175;4.180375
6.35218;3.728112;-4.974428;0.046385;3.718783;-4.998504;-0.030160;3.717108;-4.989343;-0.031393;0.249911;0.032075;0.261752;-0.039593;0.018535;4.456372
6.36971;3.740596;-4.973849;0.047770;3.729549;-4.989722;-0.029474;3.734809;-4.980103;-0.020310;0.249933;0.027704;0.248933;0.038380;0.008520;3.900689
6.38600;3.753081;-4.973252;0.048045;3.746319;-4.980314;-0.016442;3.762080;-4.976293;0.006659;0.249997;0.005501;0.230235;0.077348;0.009499;2.371249
6.40644;3.765563;-4.972652;0.047070;3.772766;-4.976252;0.001102;3.772681;-4.978843;0.008135;0.249917;-0.030969;0.213727;-0.111143;0.009434;2.230855
6.42560;3.778045;-4.972064;0.045548;3.785295;-4.978739;0.008258;3.776366;-4.986278;0.011158;0.249920;-0.030446;0.252293;0.002473;0.014313;1.970415
6.44154;3.790529;-4.971495;0.044206;3.790192;-4.986139;0.008989;3.776777;-4.985536;0.015207;0.249937;-0.026846;0.276533;-0.043377;0.019654;1.661494
6.45874;3.803012;-4.970942;0.042584;3.790317;-4.985322;0.016384;3.793715;-4.973468;0.005604;0.249909;-0.032438;0.270840;0.023544;0.009634;2.118798
6.47626;3.815496;-4.970411;0.040928;3.806009;-4.973431;0.000361;3.808942;-4.976462;0.000923;0.249905;-0.033114;0.245879;-0.104856;0.008920;2.292157
6.49228;3.827983;-4.969899;0.039687;3.820314;-4.976456;0.000208;3.824906;-4.963732;0.004815;0.249947;-0.024818;0.227430;-0.014295;0.006892;1.998041
6.50873;3.840465;-4.969404;0.037547;3.837508;-4.963702;-0.000059;3.833524;-4.947951;0.013180;0.249841;-0.042803;0.252037;-0.097483;0.022548;1.396137
6.52375;3.852935;-4.968935;0.034157;3.847354;-4.947780;0.011611;3.861785;-4.959941;0.018520;0.249583;-0.069325;0.276631;-0.031383;0.012618;0.895922
6.54028;3.865410;-4.968509;0.030935;3.872716;-4.959748;0.016803;3.871349;-4.960010;0.024194;0.249640;-0.064440;0.218652;-0.034339;0.010368;0.386210
6.55680;3.877882;-4.968123;0.027358;3.883415;-4.959742;0.020254;3.869376;-4.957517;0.018783;0.249556;-0.071533;0.241384;-0.078814;0.013595;0.491339
6.57433;3.890357;-4.967782;0.023978;3.882928;-4.957271;0.017578;3.885438;-4.955167;0.019735;0.249603;-0.067608;0.271093;-0.024096;0.013540;0.243114
6.59237;3.902831;-4.967482;0.020382;3.899519;-4.954914;0.016134;3.905341;-4.970308;0.027495;0.249551;-0.071926;0.281682;-0.072023;0.003779;0.407556
6.61042;3.915310;-4.967228;0.017105;3.916256;-4.969992;0.030252;3.915004;-4.951966;0.027359;0.249627;-0.065536;0.218401;0.055148;0.015266;0.587522
6.62844;3.927776;-4.967015;0.012809;3.928450;-4.951624;0.023398;3.919136;-4.958895;0.015727;0.249359;-0.085922;0.269016;-0.079218;0.011856;0.167190
6.64417;3.940257;-4.966855;0.009585;3.931022;-4.958742;0.010066;3.948485;-4.971280;0.014535;0.249639;-0.064486;0.237735;-0.113225;0.009342;0.283670
6.66070;3.952746;-4.966735;0.007074;3.960701;-4.971117;0.012188;3.971020;-4.969840;0.018639;0.249781;-0.050210;0.244358;-0.046957;0.018536;0.662598
6.67862;3.965231;-4.966647;0.004198;3.982730;-4.969661;0.011933;3.958865;-4.962485;0.016689;0.249713;-0.057529;0.234231;-0.134111;0.007605;0.715727
6.69463;3.977713;-4.966594;0.001035;3.972193;-4.962268;0.015959;3.973129;-4.967130;0.015858;0.249653;-0.063247;0.266590;-0.014616;0.004615;0.849312
6.71147;3.990199;-4.966582;-0.001836;3.985593;-4.966955;0.012283;3.998290;-4.965783;0.008600;0.249714;-0.057429;0.249299;-0.071510;0.008130;0.597978
6.72849;4.002688;-4.966604;-0.004401;4.009779;-4.965705;0.004848;4.007565;-4.961421;0.008518;0.249772;-0.051295;0.229788;-0.075041;0.007117;0.740189
6.74451;4.015088;-4.966659;-0.007243;4.019914;-4.961336;0.005170;4.012983;-4.958711;0.003685;0.248018;-0.056846;0.246996;-0.066947;0.008223;0.626152
6.75956;4.027424;-4.966748;-0.009973;4.025839;-4.958694;-0.001034;4.023299;-4.958097;0.010478;0.246715;-0.054592;0.257129;-0.094373;0.009584;1.171737
6.77710;4.039626;-4.966870;-0.013174;4.034653;-4.957996;0.007312;4.044146;-4.956760;0.012051;0.244052;-0.064025;0.227078;-0.063318;0.011075;1.445292
6.79271;4.051566;-4.967027;-0.016610;4.056716;-4.956604;0.012751;4.058142;-4.962338;0.015058;0.238816;-0.068709;0.251418;0.014009;0.008077;1.814394
6.81130;4.063329;-4.967223;-0.019911;4.070816;-4.962202;0.006405;4.055267;-4.965101;0.002538;0.235296;-0.066028;0.253496;-0.173057;0.008336;1.286219
6.82582;4.075135;-4.967458;-0.022279;4.066423;-4.965098;-0.001860;4.072032;-4.962379;-0.008528;0.236160;-0.047353;0.223131;-0.087952;0.005952;0.787867
6.85146;4.086735;-4.967716;-0.024198;4.084399;-4.962503;-0.011584;4.082813;-4.963368;-0.017525;0.232064;-0.038390;0.247346;-0.061129;0.005855;0.382342
6.86868;4.098203;-4.967994;-0.025542;4.093977;-4.963579;-0.020184;4.093220;-4.968545;-0.013596;0.229422;-0.026872;0.223306;-0.053175;0.005013;0.684421
6.88470;4.109538;-4.968283;-0.026806;4.103417;-4.968676;-0.012207;4.109784;-4.977758;-0.000346;0.226781;-0.025295;0.203950;0.027789;0.009478;1.516079
6.90209;4.120662;-4.968582;-0.028285;4.120606;-4.977762;-0.000316;4.109704;-4.962734;-0.008537;0.222556;-0.029560;0.216433;0.000598;0.012420;1.131434
6.91871;4.131790;-4.968897;-0.030282;4.121287;-4.962847;-0.010990;4.133668;-4.955615;0.004782;0.222645;-0.039956;0.231670;-0.049053;0.013413;2.009061
6.93573;4.142611;-4.969224;-0.033530;4.143013;-4.955571;0.004658;4.139687;-4.956724;0.002484;0.216528;-0.067165;0.186908;-0.002488;0.012838;2.063462
6.95177;4.153357;-4.969585;-0.036695;4.150031;-4.956714;-0.000495;4.163143;-4.954659;0.002389;0.215051;-0.063293;0.206877;-0.059574;0.017847;2.239333
6.96682;4.163810;-4.969969;-0.040086;4.174830;-4.954651;-0.000928;4.167176;-4.965531;-0.017695;0.209187;-0.067819;0.233749;-0.066343;0.005570;1.282873
6.98334;4.174218;-4.970386;-0.042227;4.178130;-4.965710;-0.015104;4.181639;-4.963100;-0.018532;0.208326;-0.028403;0.219110;0.051834;0.010400;1.357625
6.99988;4.184445;-4.970818;-0.043818;4.192562;-4.963325;-0.022634;4.189405;-4.979904;-0.004148;0.204726;-0.031833;0.218517;-0.082044;0.010351;2.272933
7.01596;4.194568;-4.971262;-0.045057;4.198796;-4.979944;-0.004419;4.205641;-4.964571;0.000825;0.202668;-0.024767;0.187820;-0.005411;0.012937;2.628831
7.03264;4.204488;-4.971709;-0.047545;4.215610;-4.964567;0.000031;4.218172;-4.958291;0.008059;0.198582;-0.054475;0.199379;-0.015883;0.019166;3.185890
7.04967;4.214245;-4.972173;-0.051226;4.227680;-4.958233;0.003986;4.227033;-4.959773;-0.016345;0.195367;-0.073629;0.190156;-0.081461;0.017813;1.998568
7.06939;4.223901;-4.972669;-0.053658;4.236899;-4.959932;-0.015907;4.238447;-4.974310;-0.011870;0.193380;-0.042781;0.197354;0.008754;0.014638;2.394260
7.08441;4.233410;-4.973179;-0.054969;4.246616;-4.974420;-0.014870;4.238881;-4.979146;-0.032368;0.190451;-0.026220;0.163403;-0.059998;0.008095;1.294953
7.10296;4.242913;-4.973702;-0.055030;4.250672;-4.979534;-0.033432;4.252181;-4.978284;-0.039394;0.190349;0.005970;0.235952;-0.021286;0.010338;0.895869
7.12099;4.252250;-4.974217;-0.054408;4.260790;-4.978616;-0.037677;4.263132;-4.981039;-0.028671;0.187024;0.012435;0.172316;0.034345;0.012844;1.474611
7.13852;4.261450;-4.974718;-0.054231;4.272561;-4.981314;-0.029698;4.275949;-4.972415;-0.022054;0.184277;0.003534;0.188657;-0.020537;0.014680;1.843632
7.15605;4.270493;-4.975208;-0.055193;4.285806;-4.972613;-0.018027;4.288617;-4.977162;-0.005228;0.181121;-0.019231;0.197187;0.080548;0.018229;2.862809
7.17257;4.279373;-4.975699;-0.056805;4.296344;-4.977211;-0.007621;4.300310;-4.966523;-0.004992;0.177873;-0.032239;0.154532;-0.047864;0.022860;2.968685
7.18962;4.288107;-4.976196;-0.059374;4.309879;-4.966583;-0.007593;4.304157;-4.963090;0.003162;0.174962;-0.051382;0.191373;-0.052032;0.020721;3.583065
7.20766;4.296788;-4.976712;-0.062743;4.311507;-4.963092;-0.003581;4.296509;-4.966542;-0.012596;0.173931;-0.067387;0.147000;-0.134875;0.010174;2.873235
7.22369;4.305569;-4.977263;-0.064863;4.305689;-4.966662;-0.013551;4.286250;-4.978259;-0.021634;0.175964;-0.041914;0.183622;-0.019104;0.019345;2.476812
7.23932;4.314476;-4.977842;-0.065732;4.295359;-4.978469;-0.024386;4.303126;-4.982449;-0.034487;0.178513;-0.010579;0.182222;-0.055027;0.012249;1.790239
7.25431;4.323171;-4.978414;-0.065351;4.311364;-4.982716;-0.030326;4.310462;-4.974097;-0.022207;0.174266;0.011167;0.164850;0.083203;0.013422;2.471972
7.27034;4.331777;-4.978978;-0.066221;4.321463;-4.974339;-0.021716;4.324489;-4.975248;-0.009588;0.172486;-0.018408;0.220070;0.009820;0.008186;3.244829
7.28686;4.340204;-4.979536;-0.067843;4.331939;-4.975329;-0.011954;4.336076;-4.980996;-0.015217;0.168929;-0.032445;0.149008;-0.047317;0.004379;3.015249
7.30418;4.348487;-4.980099;-0.068647;4.345803;-4.981133;-0.012979;4.337388;-4.992519;-0.025819;0.166034;-0.016080;0.194563;0.044759;0.016656;2.453859
7.32321;4.356750;-4.980667;-0.068201;4.344532;-4.992709;-0.027468;4.349289;-4.993742;-0.030027;0.165646;0.017435;0.142932;-0.032975;0.015054;2.187201
7.34275;4.364864;-4.981222;-0.066976;4.357996;-4.994000;-0.029224;4.378593;-4.995013;-0.043513;0.162651;0.024493;0.174222;0.016060;0.019460;1.344337
7.36027;4.372609;-4.981741;-0.064847;4.387876;-4.995423;-0.044704;4.385917;-4.992640;-0.055964;0.155259;0.042586;0.185847;-0.023813;0.017202;0.508953
7.37830;4.380262;-4.982238;-0.062208;4.393150;-4.993050;-0.057108;4.374611;-4.993257;-0.048487;0.153383;0.052776;0.144886;-0.022879;0.012384;0.786158
7.39582;4.388059;-4.982724;-0.059946;4.381935;-4.993618;-0.050011;4.391456;-4.979807;-0.051849;0.156245;0.045247;0.146650;-0.030469;0.004477;0.463931
7.41272;4.395655;-4.983180;-0.058825;4.398558;-4.980164;-0.048608;4.398917;-4.980151;-0.052519;0.152193;0.022415;0.142217;0.064819;0.004451;0.361344
7.43028;4.403158;-4.983622;-0.057655;4.407520;-4.980589;-0.049138;4.419475;-4.980824;-0.053034;0.150324;0.023410;0.172272;0.067611;0.016555;0.264717
7.44812;4.410405;-4.984040;-0.056454;4.424982;-4.981104;-0.048489;4.413747;-4.980603;-0.047564;0.145181;0.024017;0.110282;0.090918;0.004793;0.509375
7.46314;4.417725;-4.984453;-0.055584;4.422130;-4.981002;-0.047452;4.428198;-4.985927;-0.046732;0.146628;0.017387;0.167852;0.002224;0.010575;0.507189
7.48039;4.424862;-4.984851;-0.054257;4.436692;-4.986327;-0.047557;4.428624;-4.988496;-0.052723;0.142959;0.026550;0.170078;-0.016496;0.005239;0.087915
7.49794;4.431991;-4.985238;-0.052301;4.434825;-4.988816;-0.050402;4.432533;-4.981276;-0.053745;0.142797;0.039110;0.124181;0.046405;0.003998;0.082716
7.51399;4.439077;-4.985609;-0.051056;4.438171;-4.981571;-0.050685;4.447681;-4.994053;-0.050986;0.141913;0.024914;0.112920;0.061194;0.012055;0.004013
7.53233;4.445967;-4.985961;-0.048643;4.455281;-4.994435;-0.049602;4.440735;-4.989579;-0.047962;0.137976;0.048262;0.152187;0.027677;0.006361;0.038982
7.54841;4.452948;-4.986301;-0.046883;4.448603;-4.989942;-0.044133;4.440247;-4.982786;-0.040634;0.139780;0.035197;0.157527;0.076581;0.013178;0.358034
7.56703;4.459940;-4.986629;-0.046289;4.447153;-4.983070;-0.041677;4.462917;-4.986899;-0.033942;0.139998;0.011868;0.138232;-0.020869;0.002989;0.707445
7.58605;4.466648;-4.986939;-0.045716;4.470582;-4.987153;-0.032278;4.476032;-4.991355;-0.046796;0.134305;0.011465;0.153386;0.033278;0.010371;0.061874
7.60269;4.473189;-4.987239;-0.043898;4.482151;-4.991623;-0.041057;4.479823;-5.002961;-0.043805;0.130950;0.036357;0.122504;0.114789;0.017065;0.005339
7.62273;4.479677;-4.987524;-0.040928;4.486516;-5.003255;-0.043973;4.487499;-5.004331;-0.038178;0.129887;0.059398;0.134006;-0.003366;0.018538;0.157572
7.63561;4.486071;-4.987785;-0.038131;4.495284;-5.004609;-0.033291;4.469023;-4.998380;-0.029524;0.127990;0.055954;0.155794;0.097739;0.020072;0.493098
7.65116;4.492701;-4.988038;-0.036542;4.474391;-4.998530;-0.026346;4.480046;-5.003919;-0.024917;0.132698;0.031767;0.107405;0.063565;0.020306;0.666068
7.66768;4.499193;-4.988276;-0.034595;4.487354;-5.004084;-0.020382;4.486699;-4.987554;-0.016642;0.129924;0.038944;0.146206;0.090696;0.012515;1.028650
7.68470;4.505607;-4.988498;-0.033898;4.494508;-4.987673;-0.013745;4.503599;-4.988861;-0.023228;0.128359;-0.009120;0.156193;0.057938;0.002041;0.611347
7.70156;4.511810;-4.988708;-0.033850;4.509131;-4.988982;-0.020417;4.504279;-4.989242;-0.030819;0.124131;0.000952;0.110667;0.056225;0.007550;0.173703
7.71860;4.518004;-4.988918;-0.033303;4.509830;-4.989406;-0.028118;4.520768;-4.984893;-0.023033;0.123954;0.010944;0.111063;0.054017;0.004883;0.588459
7.73361;4.523994;-4.989117;-0.033812;4.526713;-4.985029;-0.022798;4.516557;-4.994889;-0.031121;0.119863;-0.010177;0.118936;0.004699;0.009414;0.154195
7.75015;4.530033;-4.989322;-0.033071;4.522155;-4.995055;-0.028168;4.519826;-4.984584;-0.036239;0.120842;0.024658;0.112002;0.059060;0.011253;0.181513
7.76763;4.536035;-4.989520;-0.032822;4.527358;-4.984874;-0.040751;4.533941;-4.992794;-0.050247;0.120104;0.004973;0.150748;-0.090245;0.003886;0.998363
7.78328;4.541855;-4.989711;-0.031324;4.540301;-4.993100;-0.046011;4.538478;-4.991820;-0.050791;0.116458;0.041743;0.127356;0.084727;0.003981;1.115413
7.80017;4.547618;-4.989892;-0.029339;4.544882;-4.992135;-0.047433;4.553062;-4.994487;-0.058058;0.115335;0.039684;0.128235;0.067158;0.007123;1.645436
7.81871;4.553197;-4.990056;-0.026596;4.559187;-4.994831;-0.054277;4.546298;-4.989305;-0.058189;0.111626;0.054868;0.122700;0.075614;0.006940;1.810166
7.83723;4.558865;-4.990206;-0.024519;4.552856;-4.989678;-0.055618;4.546684;-4.993479;-0.062795;0.113389;0.041545;0.131376;0.051435;0.012613;2.193064
7.85615;4.564524;-4.990345;-0.021614;4.552954;-4.993868;-0.061186;4.557054;-4.996944;-0.075391;0.113208;0.058092;0.125639;0.032186;0.009967;3.081214
7.87327;4.570046;-4.990465;-0.017505;4.563536;-4.997424;-0.072374;4.566485;-4.993230;-0.057949;0.110480;0.082192;0.130005;0.060345;0.004509;2.317272
7.89130;4.575460;-4.990559;-0.014645;4.571383;-4.993505;-0.054207;4.561686;-4.996189;-0.063539;0.108295;0.050801;0.098113;0.074829;0.014880;2.801399
7.91338;4.580930;-4.990639;-0.011354;4.566057;-4.996459;-0.060018;4.560658;-4.991895;-0.064692;0.109418;0.065812;0.087586;0.070405;0.020311;3.056004
7.93243;4.586417;-4.990702;-0.008580;4.567595;-4.992333;-0.061536;4.576512;-4.986611;-0.066422;0.109737;0.055494;0.139015;0.063120;0.010717;3.314096
7.95047;4.591710;-4.990747;-0.006491;4.581246;-4.986914;-0.061404;4.584421;-4.995456;-0.053517;0.105861;0.041780;0.094883;0.100346;0.008678;2.694435
7.96652;4.596900;-4.990781;-0.003936;4.588946;-4.995688;-0.048858;4.594822;-4.996343;-0.034764;0.103807;0.051102;0.090625;0.093194;0.005937;1.766355
7.98353;4.601963;-4.990801;-0.002391;4.600375;-4.996527;-0.031543;4.612948;-4.996849;-0.016824;0.101265;0.030885;0.111124;0.064425;0.012540;0.826921
8.00170;4.606801;-4.990812;-0.001870;4.617823;-4.996932;-0.017221;4.605442;-4.988563;-0.013055;0.096763;0.010419;0.097507;-0.007941;0.002628;0.640841
8.01778;4.611735;-4.990822;-0.002599;4.611999;-4.988653;-0.014456;4.609443;-4.976271;-0.000883;0.098668;-0.019108;0.131149;-0.028025;0.014730;0.098349
8.03330;4.616617;-4.990834;-0.004578;4.615512;-4.976292;-0.005883;4.618073;-4.984431;0.002395;0.097645;-0.071758;0.121396;-0.100010;0.006567;0.399553
8.05006;4.621390;-4.990856;-0.007167;4.624094;-4.984431;-0.002259;4.633164;-4.995473;-0.002275;0.095472;-0.051764;0.120413;-0.093073;0.012646;0.280293
8.06857;4.625976;-4.990889;-0.008505;4.637020;-4.995483;-0.002506;4.637065;-5.000342;-0.004297;0.091711;-0.012077;0.077125;-0.004633;0.014571;0.241069
8.08673;4.630512;-4.990928;-0.008593;4.642565;-5.000358;-0.001589;4.630403;-4.992017;-0.005120;0.090733;0.006287;0.110003;0.054161;0.001095;0.198968
8.10334;4.635133;-4.990967;-0.009582;4.633594;-4.992042;-0.010879;4.630801;-4.991892;-0.003267;0.092408;-0.019771;0.063819;-0.115170;0.004430;0.361786
8.12111;4.639748;-4.991012;-0.010703;4.635673;-4.991907;-0.002864;4.644482;-5.003889;-0.008145;0.092306;-0.022427;0.097440;0.008069;0.013720;0.146577
8.13713;4.644191;-4.991059;-0.010574;4.648951;-5.003913;-0.002855;4.662263;-5.004494;-0.001488;0.088869;0.022899;0.089383;0.105790;0.022518;0.520605
8.15556;4.648412;-4.991104;-0.009687;4.667045;-5.004494;0.001432;4.662625;-5.011113;-0.026611;0.084433;0.017751;0.095652;0.058407;0.024543;0.969664
8.17258;4.652134;-4.991140;-0.007549;4.666449;-5.011123;0.021331;4.649583;-5.005973;0.027719;0.050000;0.800000;0.076474;0.958827;0.015051;2.020724
8.18963;4.655355;-4.991164;-0.004162;4.651798;-5.005874;0.061458;4.672928;-4.997764;0.064414;0.050000;0.800000;0.044341;0.674775;0.018772;3.929101
8.20477;4.658077;-4.991175;0.000476;4.675510;-4.997547;0.103622;4.679065;-4.986061;0.091391;0.050000;0.800000;0.051826;0.784163;0.021602;5.209028
8.22031;4.660577;-4.991174;0.006363;4.680902;-4.985856;0.131377;4.677499;-5.000201;0.107731;0.050000;0.800000;0.036973;0.799729;0.019180;5.807958
8.23683;4.663077;-4.991158;0.013501;4.679753;-4.999910;0.149582;4.665631;-5.009753;0.138053;0.050000;0.800000;0.045453;0.837006;0.018769;7.136322
8.25305;4.665577;-4.991125;0.021888;4.668588;-5.009280;0.179268;4.659001;-5.010884;0.170043;0.050000;0.800000;0.059884;0.824289;0.020824;8.488633
8.27057;4.668110;-4.991069;0.031526;4.659726;-5.010743;0.214127;4.678703;-4.995640;0.183813;0.050670;0.800000;0.014770;0.881678;0.011537;8.725413
8.28709;4.670787;-4.990985;0.042414;4.679665;-4.995441;0.222296;4.678946;-4.991860;0.211402;0.053568;0.800000;0.019650;0.769666;0.008206;9.682330
8.30718;4.673798;-4.990857;0.054551;4.681786;-4.991190;0.251285;4.682791;-4.985551;0.244145;0.060281;0.800000;0.058363;0.797652;0.010441;10.862919
8.32547;4.677198;-4.990671;0.067939;4.686456;-4.984562;0.283005;4.678662;-4.996102;0.258456;0.068103;0.800000;0.075926;0.777202;0.005624;10.915847
8.34271;4.680771;-4.990428;0.082576;4.682442;-4.995020;0.299028;4.681594;-4.996233;0.294665;0.071630;0.800000;0.078642;0.811431;0.005863;12.151792
8.35926;4.684767;-4.990097;0.098464;4.684989;-4.995127;0.335356;4.680146;-4.997003;0.319413;0.080184;0.800000;0.071410;0.813812;0.008309;12.659463
8.37533;4.689049;-4.989674;0.115601;4.684239;-4.995556;0.360281;4.667032;-4.993758;0.344829;0.086052;0.800000;0.086820;0.817369;0.022392;13.133808
8.39244;4.693633;-4.989142;0.133989;4.672264;-4.991762;0.384256;4.675269;-4.994712;0.369266;0.092297;0.800000;0.111998;0.788527;0.019189;13.480399
8.40959;4.698477;-4.988489;0.153626;4.679772;-4.992869;0.407769;4.684692;-5.001797;0.412831;0.097756;0.800000;0.097296;0.770065;0.019160;14.851357
8.42735;4.703787;-4.987667;0.174514;4.689888;-4.999390;0.454757;4.698770;-5.002564;0.434562;0.107467;0.800000;0.114532;0.838513;0.015719;14.899669
8.44463;4.709303;-4.986694;0.196651;4.704335;-4.999839;0.476157;4.710266;-5.000323;0.452475;0.112032;0.800000;0.123912;0.831902;0.013663;14.657607
8.45934;4.714980;-4.985563;0.220039;4.716659;-4.997053;0.493054;4.721384;-5.002190;0.471968;0.115764;0.800000;0.143615;0.811577;0.017817;14.434467
8.47691;4.720826;-4.984256;0.244677;4.727032;-4.999146;0.516424;4.733335;-4.991227;0.503989;0.119816;0.800000;0.128327;0.889126;0.014320;14.857490
8.49243;4.726964;-4.982723;0.270564;4.738560;-4.988211;0.543050;4.741462;-4.976126;0.511449;0.126528;0.800000;0.120665;0.781226;0.015929;13.801716
8.50956;4.733130;-4.981013;0.297702;4.746788;-4.972996;0.551253;4.729582;-4.973061;0.542214;0.127967;0.800000;0.123556;0.796064;0.008708;14.009550
8.52709;4.739572;-4.979037;0.326089;4.735967;-4.969049;0.579837;4.733581;-4.978905;0.573912;0.134765;0.800000;0.150810;0.752443;0.005992;14.199173
8.54611;4.746264;-4.976774;0.355727;4.739048;-4.975213;0.613862;4.750792;-4.973668;0.595299;0.141285;0.800000;0.131937;0.799002;0.005491;13.726467
8.56463;4.753074;-4.974243;0.386614;4.757164;-4.969152;0.637916;4.766471;-4.972063;0.625306;0.145316;0.800000;0.156196;0.852340;0.013573;13.676023
8.57868;4.760069;-4.971396;0.418752;4.773628;-4.966649;0.669915;4.765550;-4.958911;0.655344;0.151042;0.800000;0.179485;0.892176;0.013635;13.555751
8.59570;4.767240;-4.968204;0.452139;4.772123;-4.953626;0.699195;4.779691;-4.960557;0.688210;0.156981;0.800000;0.168692;0.877005;0.014612;13.525835
8.61266;4.774572;-4.964643;0.486777;4.784851;-4.956152;0.725076;4.781833;-4.963297;0.709542;0.163020;0.800000;0.135678;0.737335;0.007385;12.763524
8.62869;4.781951;-4.960737;0.522664;4.788083;-4.957695;0.752155;4.774990;-4.965115;0.734557;0.166985;0.800000;0.167854;0.852258;0.008223;12.140575
8.64771;4.789391;-4.956452;0.559802;4.781009;-4.959470;0.772025;4.788125;-4.944149;0.764585;0.171710;0.800000;0.165026;0.749358;0.012368;11.733223
8.66275;4.796884;-4.951756;0.598190;4.794293;-4.937983;0.805798;4.807242;-4.938702;0.787113;0.176863;0.800000;0.174424;0.824247;0.016664;10.824512
8.67932;4.804341;-4.946674;0.637827;4.814372;-4.931278;0.823987;4.805709;-4.944157;0.795900;0.180468;0.800000;0.205866;0.737482;0.002866;9.056884
8.69545;4.811652;-4.941255;0.677827;4.812851;-4.936576;0.834525;4.806961;-4.942801;0.845064;0.182006;0.800000;0.208304;0.772516;0.004939;9.581967
8.71154;4.819059;-4.935292;0.717827;4.813365;-4.935289;0.884572;4.826950;-4.943108;0.885723;0.190189;0.800000;0.197431;0.790154;0.011107;9.619727
8.72857;4.826453;-4.928836;0.757827;4.833146;-4.935185;0.928592;4.818109;-4.938504;0.920067;0.196316;0.800000;0.201176;0.857388;0.012770;9.295670
8.74359;4.833776;-4.921906;0.796577;4.824254;-4.930098;0.959016;4.824473;-4.921212;0.958639;0.201648;0.758916;0.208241;0.778979;0.009329;9.285457
8.75862;4.841016;-4.914502;0.834077;4.829419;-4.913869;0.997313;4.826449;-4.913534;0.985768;0.207112;0.713361;0.177056;0.773474;0.014599;8.691262
8.77613;4.848098;-4.906695;0.870327;4.831449;-4.905690;1.020957;4.839235;-4.901059;1.008262;0.210809;0.681028;0.186050;0.703766;0.010503;7.903074
8.79094;4.854982;-4.898529;0.905327;4.844228;-4.892852;1.040222;4.857708;-4.894270;1.031759;0.213613;0.655559;0.192138;0.639214;0.005056;7.244037
8.81455;4.861662;-4.890019;0.939077;4.862937;-4.885213;1.062814;4.879227;-4.879070;1.035364;0.216374;0.629588;0.209166;0.621097;0.020698;5.516838
8.83459;4.868056;-4.881280;0.971577;4.884512;-4.869796;1.070190;4.857497;-4.867132;1.066697;0.216555;0.627849;0.213476;0.696514;0.017654;5.449948
8.85022;4.874278;-4.872171;1.002827;4.862978;-4.856822;1.097502;4.871871;-4.869286;1.089125;0.220623;0.587590;0.233531;0.616115;0.003757;4.944485
8.86722;4.880277;-4.862770;1.032827;4.876643;-4.859855;1.115594;4.872030;-4.865171;1.093492;0.223040;0.562428;0.211390;0.529392;0.008589;3.475821
8.88574;4.886003;-4.853172;1.061577;4.876812;-4.855616;1.120009;4.888593;-4.845742;1.113904;0.223530;0.557200;0.213708;0.530355;0.007869;2.998087
8.90227;4.891502;-4.843324;1.089077;4.893880;-4.834624;1.139921;4.898327;-4.851757;1.132786;0.225590;0.534694;0.246212;0.520341;0.010849;2.504324
8.91699;4.896772;-4.833244;1.115327;4.903642;-4.840053;1.156342;4.901757;-4.842367;1.140597;0.227482;0.513229;0.257094;0.471131;0.010397;1.447861
8.93375;4.901792;-4.822995;1.140540;4.905716;-4.833481;1.162839;4.905001;-4.824110;1.161366;0.228250;0.504262;0.194555;0.444837;0.003397;1.193225
8.95004;4.906595;-4.812530;1.164526;4.909693;-4.812887;1.188304;4.896491;-4.806829;1.213733;0.230289;0.479713;0.243291;0.538757;0.011601;2.819389
8.96863;4.911241;-4.801730;1.187261;4.900523;-4.795621;1.237166;4.903910;-4.797716;1.234036;0.235141;0.415810;0.238216;0.468658;0.008357;2.679988
8.98365;4.915671;-4.790752;1.208747;4.907627;-4.786691;1.257340;4.927892;-4.780897;1.249552;0.236756;0.392344;0.232705;0.466075;0.015700;2.337930
8.99998;4.919882;-4.779634;1.228983;4.931487;-4.769814;1.264767;4.936802;-4.787163;1.277134;0.237786;0.376647;0.233033;0.304310;0.018520;2.758845
9.01759;4.923900;-4.768339;1.247968;4.939978;-4.776390;1.290964;4.918662;-4.786674;1.277325;0.239760;0.344647;0.224636;0.276606;0.019068;1.681982
9.03338;4.927705;-4.756964;1.265704;4.922480;-4.773647;1.293915;4.917602;-4.759261;1.293572;0.239904;0.342193;0.271494;0.331813;0.010362;1.596720
9.05580;4.931325;-4.745469;1.282190;4.920697;-4.748025;1.310432;4.919791;-4.741060;1.298760;0.241024;0.322538;0.233084;0.337204;0.012348;0.949422
9.07388;4.934760;-4.733900;1.298018;4.922932;-4.729451;1.314303;4.916266;-4.736792;1.313245;0.241351;0.316563;0.240542;0.310850;0.018719;0.872434
9.09141;4.938024;-4.722234;1.312955;4.919200;-4.725385;1.324842;4.925436;-4.716323;1.316977;0.242293;0.298743;0.235562;0.231946;0.013907;0.230433
9.10948;4.941115;-4.710511;1.327724;4.928077;-4.705810;1.332371;4.941541;-4.713325;1.319057;0.242465;0.295375;0.216787;0.307875;0.002846;0.496561
9.12551;4.944033;-4.698743;1.342467;4.944586;-4.701136;1.332882;4.931028;-4.703611;1.333847;0.242491;0.294865;0.251268;0.276508;0.013887;0.493884
9.14252;4.946788;-4.686888;1.356257;4.933975;-4.691067;1.346267;4.928009;-4.688765;1.356104;0.243426;0.275810;0.257711;0.248406;0.018873;0.008794
9.15957;4.949393;-4.674936;1.368798;4.930409;-4.677476;1.366499;4.942470;-4.677199;1.381876;0.244649;0.248715;0.230835;0.207900;0.007283;0.749333
9.17710;4.951859;-4.662894;1.380088;4.944786;-4.664571;1.397050;4.946490;-4.650968;1.373989;0.245827;0.219570;0.256769;0.303469;0.013079;0.349478
9.19272;4.954185;-4.650845;1.391564;4.949059;-4.637770;1.383116;4.954949;-4.651690;1.364591;0.245441;0.229516;0.268914;0.182541;0.001139;1.545448
9.20938;4.956368;-4.638794;1.403656;4.957397;-4.639604;1.377193;4.957098;-4.642784;1.383319;0.244940;0.241845;0.246628;0.252048;0.004056;1.165273
9.22590;4.958413;-4.626674;1.414638;4.959333;-4.630565;1.396511;4.962992;-4.632283;1.399220;0.245824;0.219634;0.248430;0.263854;0.007240;0.883401
9.24256;4.960330;-4.614499;1.424702;4.965111;-4.619790;1.406263;4.958790;-4.629660;1.382248;0.246491;0.201281;0.253425;0.140866;0.015239;2.432463
9.25864;4.962119;-4.602342;1.435758;4.960869;-4.618400;1.394184;4.942344;-4.616314;1.389641;0.245768;0.221123;0.229012;0.238734;0.024212;2.642351
9.27373;4.963776;-4.590145;1.446268;4.944120;-4.606259;1.402448;4.950743;-4.597469;1.415103;0.246175;0.210192;0.204216;0.256154;0.014949;1.785598
9.29333;4.965311;-4.577882;1.455528;4.952805;-4.584073;1.421096;4.949780;-4.595832;1.416767;0.247172;0.180673;0.271086;0.119843;0.023736;2.220828
9.31047;4.966732;-4.565603;1.464455;4.951720;-4.583112;1.422214;4.955327;-4.581728;1.433088;0.247238;0.178555;0.257338;0.108938;0.019751;1.797197
9.32952;4.968047;-4.553283;1.472438;4.956942;-4.569650;1.442595;4.961424;-4.560667;1.416237;0.247791;0.159655;0.243710;0.190138;0.009920;3.220077
9.34454;4.969261;-4.540984;1.481470;4.963386;-4.547585;1.427588;4.963121;-4.553462;1.437582;0.247173;0.180629;0.264578;0.227009;0.013907;2.514568
9.36157;4.970367;-4.528638;1.489251;4.964641;-4.541781;1.445216;4.961759;-4.536500;1.436959;0.247911;0.155225;0.235594;0.152677;0.011658;2.996092
9.38060;4.971376;-4.516284;1.497041;4.963216;-4.525218;1.447811;4.969624;-4.535416;1.441600;0.247896;0.155792;0.227517;0.217032;0.019212;3.176501
9.39615;4.972290;-4.503917;1.504601;4.971319;-4.521992;1.448705;4.986100;-4.506478;1.447980;0.248018;0.151213;0.270616;0.142093;0.014046;3.244137
9.41168;4.973111;-4.491536;1.511882;4.987529;-4.494385;1.458401;4.989686;-4.499713;1.460404;0.248161;0.145625;0.243542;0.208410;0.018482;2.949495
9.42872;4.973843;-4.479132;1.518441;4.991225;-4.485641;1.463397;4.984840;-4.479846;1.459282;0.248508;0.131168;0.283119;0.059859;0.011020;3.389576
9.44323;4.974493;-4.466725;1.525036;4.985982;-4.469548;1.461314;4.975825;-4.464452;1.479562;0.248491;0.131899;0.207210;0.040646;0.002634;2.605450
9.46031;4.975062;-4.454287;1.530381;4.976825;-4.452666;1.492752;4.968921;-4.451672;1.510843;0.249018;0.106416;0.236572;0.263798;0.006675;1.119455
9.47684;4.975567;-4.441817;1.534476;4.969662;-4.438890;1.514941;4.975636;-4.448140;1.509620;0.249599;0.067999;0.256057;0.081963;0.006323;1.424105
9.49344;4.976020;-4.429347;1.537992;4.976364;-4.435992;1.512387;4.978639;-4.441871;1.516009;0.249571;0.070317;0.243403;0.055331;0.012795;1.259532
9.50849;4.976429;-4.416871;1.541143;4.979344;-4.429065;1.515725;4.968158;-4.434878;1.507885;0.249655;0.063031;0.256508;-0.005671;0.019816;1.905554
9.52550;4.976799;-4.404399;1.544715;4.968920;-4.422499;1.510882;4.974775;-4.415938;1.511285;0.249557;0.071444;0.248050;0.059936;0.011716;1.915409
9.54703;4.977125;-4.391923;1.548125;4.975411;-4.404978;1.514466;4.974878;-4.394247;1.515580;0.249596;0.068199;0.219576;0.063612;0.003233;1.864712
9.56367;4.977408;-4.379443;1.551278;4.975486;-4.383149;1.516437;4.976443;-4.374405;1.529742;0.249655;0.063051;0.222282;0.017134;0.005130;1.233894
9.57971;4.977651;-4.366955;1.553590;4.976938;-4.362591;1.527984;4.977727;-4.364618;1.516119;0.249814;0.046249;0.236493;-0.035171;0.002338;2.146929
9.59623;4.977866;-4.354474;1.556728;4.978454;-4.351162;1.517407;4.980802;-4.331930;1.493641;0.249658;0.062758;0.269519;0.025748;0.022735;3.614618
9.61376;4.978042;-4.342010;1.561116;4.981734;-4.319517;1.498077;4.986359;-4.321242;1.507755;0.249295;0.090118;0.248962;0.088717;0.022372;3.057385
9.63032;4.978162;-4.329535;1.564811;4.987142;-4.308863;1.507473;4.991042;-4.307742;1.504794;0.249526;0.073894;0.248078;-0.005630;0.025314;3.438732
9.64657;4.978237;-4.317061;1.568713;4.992003;-4.293408;1.502908;4.984335;-4.301020;1.511293;0.249471;0.078048;0.287333;-0.037714;0.017162;3.289935
9.66354;4.978263;-4.304582;1.572182;4.985130;-4.287468;1.513200;4.978791;-4.302121;1.518326;0.249582;0.069383;0.271505;0.038144;0.002517;3.085720
9.67960;4.978246;-4.292098;1.575194;4.979437;-4.289539;1.520707;4.993972;-4.295582;1.516461;0.249685;0.060228;0.251966;0.047622;0.016108;3.365135
9.69562;4.978191;-4.279616;1.578415;4.994560;-4.284729;1.516962;4.987055;-4.283833;1.518296;0.249640;0.064424;0.217379;0.010024;0.009816;3.444545
9.71298;4.978096;-4.267133;1.581481;4.987771;-4.270731;1.514130;4.970892;-4.260101;1.521960;0.249674;0.061327;0.262419;-0.083328;0.010066;3.410323
9.72855;4.977962;-4.254647;1.584223;4.971531;-4.246873;1.523162;4.957127;-4.254848;1.526950;0.249739;0.054832;0.264868;0.024036;0.020836;3.281495
9.74461;4.977795;-4.242157;1.586576;4.957654;-4.242486;1.529396;4.962537;-4.257041;1.536569;0.249808;0.047057;0.247473;0.048921;0.021315;2.865176
9.76164;4.977597;-4.229665;1.588387;4.962953;-4.244530;1.538521;4.962904;-4.234837;1.548385;0.249886;0.036217;0.250362;0.039051;0.015577;2.291941
9.77967;4.977378;-4.217169;1.589490;4.963162;-4.222676;1.550809;4.970630;-4.215980;1.548697;0.249958;0.022074;0.243287;0.048485;0.006851;2.337285
9.79869;4.977144;-4.204673;1.590625;4.970935;-4.202649;1.547132;4.973359;-4.199825;1.560451;0.249955;0.022695;0.266699;-0.031302;0.006151;1.728839
9.81570;4.976896;-4.192176;1.591072;4.973486;-4.187238;1.560925;4.977151;-4.177043;1.557635;0.249993;0.008939;0.251760;0.009472;0.015135;1.915790
9.83154;4.976643;-4.179679;1.591712;4.977300;-4.164746;1.559611;4.977651;-4.171048;1.558809;0.249986;0.012806;0.245954;0.039514;0.008690;1.885207
9.84816;4.976381;-4.167182;1.592285;4.977790;-4.157658;1.562038;4.973467;-4.152929;1.559687;0.249989;0.011460;0.267821;0.064568;0.014548;1.867728
9.86721;4.976113;-4.154686;1.592778;4.973621;-4.138637;1.560262;4.976805;-4.138527;1.549624;0.249992;0.009852;0.285871;0.011503;0.016174;2.472553
9.88371;4.975838;-4.142191;1.593896;4.977038;-4.126627;1.552738;4.978335;-4.125691;1.564068;0.249957;0.022361;0.238047;0.062292;0.016687;1.709002
9.90047;4.975549;-4.129694;1.594157;4.978415;-4.112888;1.565025;4.972349;-4.119440;1.572823;0.249998;0.005225;0.256077;0.019141;0.010742;1.222350
9.91751;4.975257;-4.117198;1.593854;4.972315;-4.108050;1.574768;4.970599;-4.124559;1.573368;0.249997;-0.006071;0.227807;0.038907;0.008712;1.173719
9.93252;4.974969;-4.104702;1.593506;4.970576;-4.113387;1.572375;4.975997;-4.107248;1.562207;0.249996;-0.006953;0.223455;-0.019874;0.002746;1.793289
9.94914;4.974685;-4.092205;1.593863;4.976089;-4.095130;1.564178;4.986767;-4.088782;1.565949;0.249996;0.007144;0.242370;0.039424;0.012557;1.599389
9.96466;4.974397;-4.079708;1.594067;4.986824;-4.075742;1.566851;4.974150;-4.081008;1.572469;0.249999;0.004070;0.260800;0.018044;0.001323;1.237454
9.98045;4.974106;-4.067212;1.593796;4.974126;-4.069078;1.573056;4.971209;-4.068073;1.565141;0.249997;-0.005423;0.238606;0.011736;0.003022;1.641793
9.99801;4.973819;-4.054715;1.593944;4.971290;-4.055659;1.563453;4.973002;-4.050211;1.555089;0.249999;0.002977;0.248285;-0.033763;0.004578;2.226264
10.01947;4.973529;-4.042220;1.594708;4.973201;-4.035796;1.558807;4.972313;-4.049655;1.560226;0.249980;0.015269;0.288332;0.074362;0.007534;1.975646
10.03701;4.973230;-4.029724;1.595158;4.972432;-4.038396;1.560273;4.985858;-4.023276;1.561178;0.249993;0.009013;0.225191;0.000937;0.014178;1.946927
10.05706;4.972926;-4.017228;1.595642;4.985986;-4.011752;1.558151;4.975893;-4.019451;1.552475;0.249992;0.009661;0.230493;-0.060539;0.003708;2.473239
10.07558;4.972615;-4.004733;1.596580;4.976093;-4.007410;1.555920;4.980476;-4.016175;1.551771;0.249969;0.018778;0.240851;0.068892;0.013881;2.567415
10.09260;4.972293;-3.992239;1.597592;4.980737;-4.003408;1.548900;4.983870;-4.005666;1.554694;0.249964;0.020232;0.255386;-0.057405;0.017729;2.457882
10.10833;4.971958;-3.979745;1.598451;4.984108;-3.992667;1.550330;4.981888;-3.986737;1.570159;0.249974;0.017174;0.260021;-0.087281;0.012144;1.620995
10.12434;4.971613;-3.967249;1.598368;4.981883;-3.972519;1.572045;4.984828;-3.975402;1.562996;0.250000;-0.001654;0.284353;0.037716;0.015528;2.026687
10.13912;4.971268;-3.954754;1.598735;4.984923;-3.961924;1.564580;4.978183;-3.966850;1.542252;0.249995;0.007332;0.269562;0.031683;0.013933;3.236189
10.15625;4.970919;-3.942264;1.600301;4.978500;-3.955887;1.541560;4.972475;-3.949279;1.559872;0.249915;0.031333;0.219356;-0.013846;0.007185;2.316429
10.17334;4.970550;-3.929769;1.600772;4.972584;-3.937057;1.563819;4.972472;-3.931439;1.573604;0.249992;0.009418;0.244447;0.078946;0.002546;1.556607
10.18957;4.970176;-3.917275;1.600419;4.972452;-3.920458;1.571665;4.967855;-3.922712;1.586586;0.249996;-0.007068;0.219630;-0.038791;0.005911;0.792577
10.20490;4.969806;-3.904783;1.599255;4.967671;-3.910259;1.584625;4.977160;-3.894182;1.582593;0.249953;-0.023270;0.249086;-0.039206;0.012902;0.954704
10.22055;4.969450;-3.892289;1.598393;4.976994;-3.880577;1.583288;4.968473;-3.895837;1.586713;0.249974;-0.017237;0.272110;0.013919;0.003679;0.669220
10.23707;4.969105;-3.879797;1.597226;4.968286;-3.882557;1.583020;4.971469;-3.879824;1.570577;0.249953;-0.023353;0.265618;-0.073872;0.002364;1.526853
10.25228;4.968775;-3.867301;1.597046;4.971481;-3.867653;1.569148;4.965515;-3.874340;1.587326;0.249999;-0.003593;0.243407;-0.028573;0.007757;0.556943
10.27083;4.968447;-3.854808;1.595821;4.965324;-3.862504;1.586512;4.967681;-3.842295;1.587883;0.249948;-0.024498;0.236737;-0.016276;0.012536;0.454853
10.28934;4.968134;-3.842315;1.594577;4.967496;-3.830464;1.584918;4.961915;-3.830749;1.571826;0.249946;-0.024890;0.236638;-0.059282;0.013131;1.303530
10.30639;4.967837;-3.829818;1.594256;4.961890;-3.818153;1.573752;4.954212;-3.826338;1.570528;0.249996;-0.006411;0.251922;0.038532;0.014062;1.359520
10.32106;4.967544;-3.817322;1.593961;4.954217;-3.815337;1.570126;4.964072;-3.825028;1.561504;0.249997;-0.005903;0.220021;-0.008049;0.008452;1.859638
10.34064;4.967254;-3.804825;1.594274;4.964193;-3.812850;1.560294;4.966938;-3.805032;1.589033;0.249997;0.006265;0.243565;-0.024200;0.000377;0.300311
10.35730;4.966961;-3.792332;1.593338;4.966732;-3.793317;1.587845;4.980523;-3.787083;1.582814;0.249940;-0.026390;0.234335;-0.023756;0.014543;0.602973
10.37530;4.966679;-3.779836;1.592484;4.980349;-3.773184;1.583907;4.977054;-3.777097;1.577247;0.249975;-0.017081;0.278011;0.021857;0.010731;0.872980
10.39328;4.966408;-3.767340;1.591940;4.976967;-3.765324;1.579173;4.958234;-3.770422;1.584300;0.249990;-0.010878;0.235468;0.038519;0.008736;0.437696
10.40984;4.966144;-3.754845;1.590844;4.958108;-3.758924;1.579289;4.960561;-3.765399;1.580688;0.249958;-0.021919;0.229974;-0.100226;0.011940;0.581855
10.42434;4.965893;-3.742348;1.589980;4.960403;-3.751334;1.583382;4.963170;-3.731858;1.583832;0.249974;-0.017270;0.281317;0.053865;0.010837;0.352239
10.44137;4.965653;-3.729853;1.588945;4.963019;-3.720124;1.583615;4.957422;-3.739539;1.575361;0.249963;-0.020705;0.234703;-0.004344;0.012712;0.778280
10.45873;4.965427;-3.717355;1.588379;4.957373;-3.727004;1.573949;4.957919;-3.723274;1.571085;0.249989;-0.011324;0.250710;-0.028242;0.009560;0.990831
10.47365;4.965207;-3.704857;1.588072;4.957917;-3.710127;1.570770;4.949869;-3.696584;1.573370;0.249997;-0.006136;0.262936;-0.006312;0.017427;0.842361
10.48969;4.964991;-3.692360;1.587572;4.949838;-3.684568;1.573471;4.947750;-3.692218;1.576237;0.249991;-0.010006;0.240304;0.002016;0.017241;0.649455
10.50632;4.964781;-3.679862;1.586885;4.947705;-3.680000;1.572750;4.955165;-3.680564;1.569488;0.249984;-0.013741;0.244353;-0.069735;0.009641;0.996743
10.52438;4.964580;-3.667364;1.586653;4.955168;-3.668273;1.571600;4.959256;-3.651988;1.568593;0.249998;-0.004628;0.245806;0.042238;0.016271;1.034758
10.54345;4.964382;-3.654865;1.586503;4.959263;-3.639520;1.571928;4.956236;-3.650056;1.582221;0.249999;-0.003007;0.249374;0.066698;0.009460;0.245359
10.56049;4.964186;-3.642369;1.585514;4.956103;-3.637209;1.580055;4.951992;-3.642655;1.578338;0.249966;-0.019780;0.256960;-0.043318;0.012197;0.411169
10.57962;4.964002;-3.629871;1.584728;4.951925;-3.632034;1.575736;4.959310;-3.628922;1.562310;0.249979;-0.015715;0.212431;-0.052022;0.004787;1.284444
10.59620;4.963827;-3.617372;1.584954;4.959417;-3.616425;1.562238;4.952651;-3.619079;1.558418;0.249998;0.004525;0.249947;-0.001440;0.011306;1.520427
10.61383;4.963651;-3.604874;1.585367;4.952783;-3.607513;1.560341;4.959335;-3.604264;1.565386;0.249994;0.008262;0.231327;0.038455;0.004358;1.144864
10.63131;4.963468;-3.592375;1.585408;4.959426;-3.590065;1.563357;4.958976;-3.604170;1.557972;0.250000;0.000821;0.283987;-0.040583;0.012621;1.571989
10.64785;4.963286;-3.579877;1.585892;4.959153;-3.589844;1.558902;4.953785;-3.572158;1.558387;0.249992;0.009668;0.286544;0.018600;0.012241;1.575884
10.66340;4.963097;-3.567379;1.586313;4.953930;-3.561043;1.557179;4.964611;-3.566682;1.569918;0.249994;0.008421;0.222311;-0.024166;0.001667;0.939376
10.67949;4.962903;-3.554880;1.586118;4.964627;-3.554707;1.569082;4.975910;-3.540905;1.569585;0.249999;-0.003903;0.239492;-0.016706;0.019092;0.947247
10.69702;4.962712;-3.542382;1.586021;4.975920;-3.528026;1.570372;4.976724;-3.524428;1.561491;0.250000;-0.001931;0.257573;0.015736;0.022775;1.405474
10.71412;4.962521;-3.529884;1.586416;4.976835;-3.512347;1.561828;4.968561;-3.510927;1.557930;0.249995;0.007890;0.241615;0.006731;0.019895;1.632136
10.73069;4.962326;-3.517386;1.586966;4.968812;-3.496502;1.548942;4.970575;-3.520303;1.539308;0.249989;0.011007;0.288551;-0.179747;0.008750;2.730591
10.74872;4.962124;-3.504892;1.588648;4.970991;-3.507097;1.539341;4.970121;-3.502714;1.539778;0.249902;0.033642;0.264250;0.000658;0.008288;2.800074
10.76725;4.961901;-3.492399;1.590298;4.970501;-3.490164;1.541297;4.980328;-3.490392;1.538313;0.249905;0.033006;0.251115;0.030391;0.018536;2.978527
10.78428;4.961657;-3.479907;1.592108;4.980666;-3.479293;1.542232;4.986263;-3.488103;1.543907;0.249886;0.036199;0.222089;0.078378;0.025935;2.761723
10.80105;4.961391;-3.467414;1.593625;4.986577;-3.476385;1.544251;4.975605;-3.471951;1.542750;0.249920;0.030325;0.234446;0.006882;0.014921;2.914916
10.81707;4.961106;-3.454921;1.595135;4.975982;-3.457902;1.545139;4.972301;-3.448949;1.548007;0.249921;0.030201;0.281091;0.047788;0.012689;2.700219
10.83359;4.960802;-3.442427;1.596305;4.972601;-3.436124;1.546830;4.957661;-3.432721;1.548077;0.249952;0.023413;0.256572;-0.023536;0.010201;2.763259
10.85129;4.960483;-3.429933;1.597367;4.957962;-3.420115;1.545866;4.953708;-3.439031;1.539284;0.249961;0.021238;0.252199;-0.044222;0.011343;3.327921
10.86827;4.960151;-3.417442;1.598929;4.954058;-3.427589;1.541084;4.940543;-3.430417;1.535886;0.249915;0.031232;0.228942;0.035994;0.023513;3.612060
10.88364;4.959799;-3.404952;1.600600;4.940947;-3.417427;1.543498;4.952721;-3.419028;1.545696;0.249903;0.033429;0.259923;0.152230;0.015756;3.145780
10.90067;4.959427;-3.392459;1.601769;4.953018;-3.406431;1.548764;4.945553;-3.405882;1.555266;0.249953;0.023382;0.252022;0.061351;0.019305;2.664420
10.91720;4.959040;-3.379966;1.602312;4.945764;-3.392010;1.555848;4.942569;-3.382189;1.553724;0.249990;0.010863;0.277474;0.011623;0.016620;2.783944
10.93273;4.958646;-3.367473;1.602926;4.942773;-3.368585;1.557942;4.950346;-3.378120;1.559936;0.249987;0.012266;0.272109;0.084365;0.013500;2.463110
10.94875;4.958245;-3.354979;1.603222;4.950496;-3.365311;1.558146;4.964171;-3.349069;1.574679;0.249997;0.005920;0.256193;-0.035814;0.008370;1.635401
10.96578;4.957839;-3.342486;1.602731;4.964123;-3.337604;1.575268;4.964680;-3.329229;1.569098;0.249992;-0.009808;0.229313;0.011791;0.014918;1.927065
10.98949;4.957440;-3.329993;1.602579;4.964684;-3.317698;1.571791;4.953481;-3.321040;1.575094;0.249999;-0.003050;0.230617;0.053871;0.009789;1.574750
11.01257;4.957043;-3.317500;1.601986;4.953421;-3.308653;1.576179;4.953586;-3.318881;1.569860;0.249988;-0.011866;0.247742;0.021692;0.003723;1.840664
11.02710;4.956653;-3.305006;1.601707;4.953583;-3.307707;1.572194;4.948373;-3.319737;1.575020;0.249997;-0.005572;0.223499;0.046677;0.016899;1.529065
11.04363;4.956267;-3.292513;1.601081;4.948286;-3.307702;1.581146;4.952494;-3.312463;1.582355;0.249986;-0.012514;0.240706;0.122519;0.020304;1.072952
11.06256;4.955888;-3.280020;1.600045;4.952360;-3.300874;1.582409;4.952229;-3.300298;1.581565;0.249963;-0.020728;0.231791;0.001083;0.020605;1.058797
11.07933;4.955523;-3.267527;1.599053;4.952107;-3.285840;1.576867;4.965304;-3.295126;1.572167;0.249966;-0.019829;0.289161;-0.093962;0.029281;1.540475
11.09585;4.955170;-3.255032;1.598720;4.965273;-3.284499;1.575341;4.957943;-3.270736;1.575002;0.249996;-0.006664;0.212547;0.063474;0.015947;1.358965
11.11402;4.954821;-3.242538;1.598163;4.957879;-3.258528;1.577136;4.948764;-3.256213;1.573709;0.249989;-0.011148;0.244174;0.042690;0.014956;1.401101
11.13072;4.954479;-3.230043;1.597616;4.948714;-3.244165;1.576256;4.947338;-3.242315;1.586637;0.249990;-0.010942;0.240946;0.050934;0.014198;0.629057
11.14825;4.954144;-3.217551;1.596282;4.947160;-3.230485;1.585077;4.942324;-3.231235;1.588277;0.249938;-0.026675;0.236627;-0.031189;0.018082;0.458637
11.16427;4.953825;-3.205058;1.594813;4.942088;-3.217835;1.588563;4.945955;-3.219795;1.578070;0.249925;-0.029385;0.268052;0.005708;0.016706;0.959265
11.17981;4.953525;-3.192563;1.593982;4.945861;-3.204891;1.576213;4.947717;-3.194076;1.571151;0.249976;-0.016619;0.298076;-0.037149;0.006002;1.308092
11.19684;4.953235;-3.180067;1.593578;4.947722;-3.180845;1.569676;4.955609;-3.172316;1.558691;0.249994;-0.008082;0.264627;-0.029500;0.008106;1.998856
11.21437;4.952951;-3.167570;1.593978;4.955759;-3.159893;1.558651;4.956093;-3.164029;1.553481;0.249994;0.008008;0.248483;-0.000790;0.004734;2.320317
11.23055;4.952661;-3.155075;1.594694;4.956295;-3.152115;1.554063;4.951888;-3.152965;1.552834;0.249982;0.014325;0.238317;0.011648;0.002247;2.398424
11.25175;4.952362;-3.142579;1.595418;4.952088;-3.141032;1.555150;4.963607;-3.136986;1.586958;0.249982;0.014474;0.238690;0.046332;0.012559;0.484710
11.27344;4.952054;-3.130086;1.594892;4.963383;-3.123976;1.589028;4.957821;-3.119010;1.583566;0.249947;-0.024761;0.260245;0.041395;0.012486;0.648892
11.28948;4.951753;-3.117591;1.593814;4.957683;-3.106792;1.580588;4.958791;-3.102684;1.590579;0.249960;-0.021558;0.244378;-0.059561;0.016485;0.185328
11.30857;4.951466;-3.105098;1.592322;4.958527;-3.089982;1.592553;4.953882;-3.110762;1.596609;0.249923;-0.029842;0.254082;0.039486;0.006157;0.245674
11.32459;4.951197;-3.092607;1.590432;4.953534;-3.097155;1.596206;4.942140;-3.103252;1.573765;0.249876;-0.037799;0.272215;-0.008073;0.013976;0.954901
11.34062;4.950951;-3.080111;1.589792;4.942101;-3.091801;1.574753;4.948943;-3.082981;1.578241;0.249987;-0.012131;0.229017;0.019744;0.003504;0.661821
11.35930;4.950714;-3.067614;1.588966;4.948873;-3.070296;1.574332;4.944381;-3.074629;1.587734;0.249976;-0.016513;0.253707;-0.078176;0.009451;0.070619
11.37532;4.950487;-3.055120;1.587537;4.944221;-3.065055;1.587227;4.964574;-3.068091;1.578093;0.249929;-0.028590;0.191522;-0.010125;0.019149;0.541096
11.39249;4.950278;-3.042622;1.586835;4.964474;-3.055753;1.579761;4.968778;-3.049015;1.566637;0.249983;-0.014025;0.246764;0.033359;0.019573;1.157259
11.40953;4.950077;-3.030124;1.586852;4.968842;-3.036701;1.564424;4.959118;-3.026069;1.563688;0.250000;0.000336;0.246290;-0.044268;0.009909;1.327212
11.42605;4.949877;-3.017625;1.586973;4.959170;-3.015801;1.567798;4.957126;-3.019407;1.575935;0.249999;0.002418;0.205360;0.082200;0.007466;0.632443
11.44248;4.949674;-3.005128;1.586344;4.957065;-3.005871;1.574707;4.954200;-3.012654;1.586051;0.249986;-0.012582;0.270739;-0.024564;0.008783;0.016801
11.45850;4.949480;-2.992632;1.585086;4.954002;-3.000372;1.587909;4.939729;-3.001637;1.579283;0.249945;-0.025164;0.245679;0.037164;0.013273;0.332454
11.47453;4.949302;-2.980135;1.584125;4.939622;-2.989469;1.579886;4.958897;-2.970879;1.594423;0.249968;-0.019223;0.243357;0.012049;0.013332;0.590060
11.49463;4.949135;-2.967641;1.582398;4.958612;-2.957779;1.590606;4.956053;-2.961236;1.600145;0.249896;-0.034540;0.262060;-0.076333;0.009428;1.016864
11.51382;4.948990;-2.955150;1.580305;4.955722;-2.949754;1.599141;4.955108;-2.939195;1.601220;0.249848;-0.041843;0.229726;-0.020086;0.017087;1.198314
11.53139;4.948871;-2.942658;1.578141;4.954726;-2.926123;1.598840;4.957923;-2.926231;1.600348;0.249837;-0.043294;0.261542;-0.047604;0.018756;1.272380
11.54791;4.948780;-2.930166;1.576049;4.957557;-2.913942;1.600889;4.945384;-2.914115;1.601931;0.249848;-0.041832;0.245883;0.010820;0.016407;1.482924
11.56344;4.948714;-2.917675;1.573767;4.945075;-2.903122;1.595899;4.943974;-2.915030;1.590799;0.249819;-0.045643;0.219938;-0.120645;0.005428;0.975882
11.58025;4.948677;-2.905180;1.572142;4.943727;-2.901043;1.586145;4.956005;-2.909498;1.578353;0.249908;-0.032498;0.279793;-0.093096;0.008506;0.355831
11.59783;4.948660;-2.892681;1.571355;4.955887;-2.897458;1.582867;4.949624;-2.901854;1.585243;0.249978;-0.015742;0.240812;0.090289;0.009224;0.795722
11.61484;4.948653;-2.880184;1.570106;4.949467;-2.889949;1.582754;4.954227;-2.884208;1.574755;0.249946;-0.024986;0.238122;-0.049773;0.006875;0.266385
11.63239;4.948662;-2.867685;1.569520;4.954184;-2.870935;1.573356;4.945408;-2.861598;1.558257;0.249988;-0.011717;0.265461;-0.027985;0.006901;0.645327
11.64943;4.948678;-2.855185;1.569856;4.945585;-2.849163;1.554804;4.947415;-2.861152;1.551898;0.249996;0.006715;0.248724;-0.069045;0.006099;1.028907
11.66395;4.948689;-2.842686;1.570588;4.947638;-2.850113;1.549220;4.934372;-2.855770;1.548358;0.249981;0.014651;0.220821;-0.053553;0.019396;1.273715
11.68249;4.948692;-2.830187;1.571433;4.934626;-2.843792;1.550706;4.932034;-2.831871;1.554426;0.249975;0.016902;0.239601;0.046972;0.016743;0.974430
11.69908;4.948684;-2.817687;1.571895;4.932202;-2.820793;1.556674;4.943306;-2.824345;1.556347;0.249993;0.009231;0.221573;0.044963;0.008559;0.890824
11.71374;4.948670;-2.805188;1.572327;4.943477;-2.811158;1.559222;4.949305;-2.800392;1.557414;0.249994;0.008644;0.263757;0.057496;0.004837;0.854422
11.73133;4.948651;-2.792688;1.572740;4.949489;-2.787506;1.555630;4.955112;-2.790788;1.541178;0.249994;0.008260;0.257742;-0.035698;0.006735;1.808382
11.74895;4.948627;-2.780191;1.574171;4.955503;-2.777453;1.541773;4.944023;-2.760366;1.566098;0.249929;0.028628;0.266803;0.011907;0.020353;0.462544
11.76796;4.948585;-2.767692;1.574353;4.944075;-2.747031;1.567710;4.932067;-2.757034;1.563509;0.249999;-0.003018;0.266709;0.032227;0.019658;0.621282
11.78448;4.948540;-2.755192;1.574265;4.932148;-2.744096;1.565625;4.949542;-2.737422;1.552952;0.250000;-0.001765;0.258764;0.042308;0.017798;1.221117
11.80093;4.948497;-2.742693;1.574944;4.949780;-2.723415;1.554686;4.949249;-2.735040;1.553812;0.249984;0.013588;0.280181;0.034689;0.007690;1.210775
11.81846;4.948445;-2.730193;1.575569;4.949469;-2.722669;1.552223;4.936137;-2.733397;1.549163;0.249986;0.012508;0.247451;-0.031783;0.012718;1.512978
11.83598;4.948385;-2.717695;1.576372;4.936427;-2.719758;1.549855;4.944555;-2.719171;1.538542;0.249978;0.016051;0.272847;0.013840;0.004105;2.167512
11.85439;4.948316;-2.705199;1.577876;4.944931;-2.706265;1.544837;4.942520;-2.707758;1.536553;0.249921;0.030086;0.258229;0.125903;0.006335;2.367637
11.87143;4.948227;-2.692704;1.579483;4.942886;-2.695747;1.544126;4.957414;-2.695925;1.558951;0.249910;0.032143;0.240329;0.151449;0.009735;1.176425
11.88695;4.948119;-2.680204;1.579862;4.957565;-2.682148;1.560655;4.962480;-2.667563;1.563256;0.249995;0.007574;0.275551;0.034081;0.019133;0.951453
11.90249;4.948005;-2.667705;1.580021;4.962565;-2.656344;1.563243;4.946464;-2.664659;1.558069;0.249999;0.003176;0.224391;-0.000256;0.003414;1.257763
11.91859;4.947890;-2.655206;1.580365;4.946642;-2.651298;1.556898;4.955739;-2.647501;1.567131;0.249996;0.006891;0.267249;-0.023411;0.010998;0.758262
11.93560;4.947770;-2.642706;1.580238;4.955761;-2.636367;1.570508;4.948417;-2.637203;1.571008;0.249999;-0.002547;0.222687;0.067534;0.005541;0.528818
11.95310;4.947652;-2.630207;1.579820;4.948392;-2.623852;1.574258;4.951159;-2.618675;1.565483;0.249994;-0.008360;0.267033;0.064982;0.012053;0.821442
11.96864;4.947540;-2.617708;1.579754;4.951220;-2.607431;1.565209;4.954267;-2.618307;1.576403;0.250000;-0.001317;0.224889;-0.005492;0.006754;0.192004
11.98867;4.947428;-2.605209;1.579058;4.954229;-2.606584;1.571626;4.961545;-2.605080;1.574851;0.249983;-0.013932;0.234464;-0.095546;0.014118;0.241024
12.00828;4.947324;-2.592710;1.578511;4.961525;-2.593126;1.570091;4.951593;-2.582802;1.594173;0.249990;-0.010933;0.239069;-0.095206;0.010788;0.897348
12.02832;4.947228;-2.580216;1.576725;4.951280;-2.569809;1.595617;4.947313;-2.573501;1.589346;0.249889;-0.035712;0.259953;0.028877;0.006715;0.723084
12.04335;4.947154;-2.567720;1.575195;4.947136;-2.561582;1.581959;4.944988;-2.569583;1.589248;0.249919;-0.030607;0.238418;-0.147727;0.002857;0.805174
12.06180;4.947099;-2.555224;1.573652;4.944759;-2.556357;1.586945;4.937812;-2.558923;1.579375;0.249917;-0.030863;0.264568;-0.046058;0.009996;0.327886
12.07685;4.947063;-2.542726;1.572644;4.937717;-2.547050;1.578314;4.947992;-2.544815;1.574051;0.249965;-0.020166;0.237475;-0.021211;0.002286;0.080638
12.09239;4.947040;-2.530227;1.572035;4.947958;-2.533053;1.573335;4.943775;-2.538200;1.583313;0.249987;-0.012177;0.235250;-0.014312;0.008616;0.646204
12.11042;4.947025;-2.517729;1.570836;4.943596;-2.525515;1.586474;4.937974;-2.526396;1.592814;0.249950;-0.023970;0.253735;0.063214;0.012531;1.259234
12.12847;4.947024;-2.505235;1.569021;4.937689;-2.513541;1.593146;4.941516;-2.510987;1.594280;0.249886;-0.036310;0.257169;0.006648;0.007964;1.447228
12.14449;4.947046;-2.492741;1.567145;4.941263;-2.499510;1.591428;4.935038;-2.489814;1.581542;0.249878;-0.037523;0.229594;-0.057040;0.012360;0.824894
12.16104;4.947092;-2.480244;1.565979;4.934932;-2.478100;1.578116;4.941209;-2.470919;1.591025;0.249953;-0.023302;0.234300;-0.068519;0.011025;1.435017
12.17706;4.947152;-2.467749;1.564294;4.940968;-2.457881;1.587488;4.937439;-2.461021;1.591914;0.249901;-0.033718;0.260794;-0.070737;0.011815;1.582534
12.19258;4.947233;-2.455254;1.562523;4.937172;-2.448545;1.592461;4.936612;-2.457251;1.587189;0.249891;-0.035403;0.249587;0.010934;0.010807;1.413222
12.20864;4.947337;-2.442759;1.561030;4.936350;-2.443413;1.592307;4.935130;-2.450340;1.596702;0.249923;-0.029871;0.276821;0.102372;0.014369;2.043871
12.23268;4.947459;-2.430267;1.558953;4.934793;-2.437687;1.598106;4.930827;-2.443960;1.594825;0.249850;-0.041535;0.253135;0.028075;0.021544;2.055288
12.25100;4.947607;-2.417775;1.556954;4.930562;-2.432092;1.591439;4.934339;-2.412551;1.577736;0.249861;-0.039985;0.237421;-0.067718;0.014259;1.190756
12.26851;4.947780;-2.405277;1.556006;4.934267;-2.399117;1.574637;4.937898;-2.399891;1.572729;0.249969;-0.018958;0.268690;-0.061986;0.011254;0.958170
12.28353;4.947965;-2.392779;1.555386;4.937896;-2.388743;1.569257;4.952796;-2.404116;1.567607;0.249987;-0.012390;0.222951;-0.069448;0.012324;0.700182
12.30136;4.948157;-2.380281;1.555195;4.952840;-2.390966;1.567301;4.962577;-2.382717;1.550136;0.249999;-0.003823;0.263005;-0.006121;0.014624;0.289892
12.31842;4.948352;-2.367784;1.556131;4.962896;-2.369126;1.544514;4.953613;-2.380421;1.550997;0.249970;0.018710;0.271898;-0.112425;0.013689;0.294167
12.33544;4.948535;-2.355286;1.556942;4.953875;-2.366482;1.553022;4.957354;-2.353302;1.537688;0.249977;0.016218;0.278826;0.040512;0.009039;1.103148
12.35203;4.948709;-2.342792;1.558580;4.957732;-2.342103;1.536472;4.957128;-2.342063;1.550475;0.249907;0.032770;0.224097;-0.024316;0.008451;0.464405
12.36851;4.948861;-2.330294;1.559449;4.957411;-2.328851;1.548188;4.950059;-2.326416;1.531249;0.249974;0.017379;0.264299;-0.045738;0.004059;1.615741
12.38455;4.949003;-2.317802;1.561413;4.950571;-2.313181;1.533028;4.941742;-2.306791;1.528004;0.249866;0.039277;0.264906;0.035572;0.013189;1.914182
12.39982;4.949120;-2.305310;1.563502;4.942256;-2.294501;1.529954;4.953187;-2.289547;1.539114;0.249848;0.041783;0.246019;0.038994;0.016279;1.397340
12.41583;4.949211;-2.292814;1.565018;4.953640;-2.275602;1.537544;4.950831;-2.284424;1.522463;0.249920;0.030313;0.279044;-0.031397;0.008546;2.438191
12.43138;4.949284;-2.280325;1.567513;4.951406;-2.272315;1.524114;4.960898;-2.283282;1.523408;0.249784;0.049900;0.242449;0.033006;0.011985;2.527024
12.44806;4.949325;-2.267837;1.570034;4.961527;-2.269608;1.526209;4.957752;-2.256094;1.526918;0.249779;0.050424;0.273780;0.056024;0.014454;2.470342
12.46457;4.949334;-2.255346;1.572317;4.958297;-2.243515;1.528017;4.956215;-2.241925;1.523096;0.249819;0.045667;0.251813;0.021978;0.015081;2.820177
12.48361;4.949315;-2.242856;1.574817;4.956769;-2.230067;1.525070;4.949557;-2.244061;1.530095;0.249783;0.049985;0.237427;0.039485;0.001229;2.562383
12.50089;4.949265;-2.230364;1.576841;4.950045;-2.231334;1.534897;4.950754;-2.224694;1.536694;0.249858;0.040486;0.254737;0.096040;0.005862;2.300262
12.52160;4.949189;-2.217869;1.578478;4.951083;-2.214418;1.540773;4.945282;-2.222757;1.536675;0.249907;0.032744;0.205617;0.081595;0.006258;2.395125
12.53962;4.949093;-2.205373;1.580071;4.945698;-2.210609;1.536494;4.944079;-2.209727;1.526926;0.249912;0.031855;0.243086;-0.003623;0.006641;3.044974
12.55416;4.948978;-2.192882;1.582238;4.944477;-2.200863;1.525066;4.948876;-2.186445;1.546424;0.249837;0.043337;0.177461;-0.037199;0.006438;2.051995
12.57167;4.948835;-2.180385;1.583273;4.949199;-2.173489;1.545313;4.952737;-2.174655;1.547063;0.249963;0.020711;0.259183;-0.022205;0.006932;2.074678
12.58870;4.948679;-2.167888;1.584302;4.953031;-2.162611;1.545782;4.955293;-2.159344;1.539154;0.249963;0.020575;0.240955;-0.025617;0.010805;2.586783
12.60371;4.948510;-2.155393;1.585826;4.955786;-2.144764;1.534913;4.944045;-2.140686;1.529182;0.249919;0.030477;0.291759;-0.084824;0.015369;3.245435
12.62082;4.948322;-2.142901;1.587852;4.944584;-2.127346;1.531597;4.942946;-2.135046;1.540470;0.249857;0.040534;0.267016;0.048286;0.009519;2.714790
12.63838;4.948109;-2.130406;1.589192;4.943356;-2.121195;1.541903;4.942462;-2.123982;1.550460;0.249938;0.026796;0.277137;0.028658;0.008554;2.219179
12.65343;4.947879;-2.117909;1.589928;4.942670;-2.113811;1.550261;4.931678;-2.119770;1.545355;0.249981;0.014711;0.203452;-0.003985;0.016307;2.553838
12.66947;4.947640;-2.105413;1.590879;4.932010;-2.105858;1.548519;4.935296;-2.111651;1.542485;0.249969;0.019015;0.278325;0.063282;0.013831;2.772739
12.68700;4.947389;-2.092918;1.592031;4.935646;-2.098936;1.544056;4.939437;-2.107502;1.545119;0.249954;0.023056;0.254391;0.031425;0.016611;2.687890
12.70295;4.947124;-2.080423;1.593061;4.939737;-2.094665;1.549747;4.930549;-2.087265;1.553604;0.249963;0.020588;0.256800;0.092555;0.017931;2.260698
12.72399;4.946845;-2.067926;1.593504;4.930740;-2.075269;1.556212;4.937865;-2.074735;1.555075;0.249993;0.008872;0.239943;0.052166;0.011270;2.201830
12.74803;4.946561;-2.055430;1.593921;4.938044;-2.063080;1.555831;4.927408;-2.071031;1.563641;0.249994;0.008326;0.233121;0.015122;0.024703;1.734913
12.76156;4.946272;-2.042933;1.593734;4.927507;-2.058514;1.562123;4.934998;-2.064063;1.562747;0.249999;-0.003732;0.250344;-0.030356;0.023950;1.775427
12.78062;4.945986;-2.030436;1.593665;4.935081;-2.050804;1.566316;4.939471;-2.036799;1.545093;0.250000;-0.001383;0.265180;0.071384;0.009106;2.782990
12.79646;4.945700;-2.017941;1.594691;4.939763;-2.025777;1.543492;4.944837;-2.023058;1.559604;0.249963;0.020523;0.220503;-0.032016;0.005189;2.010354
12.81399;4.945401;-2.005445;1.594891;4.944976;-2.009799;1.560881;4.939673;-2.016611;1.557648;0.249999;0.004006;0.265185;0.025546;0.012549;2.133901
12.83152;4.945100;-1.992949;1.595164;4.939858;-2.002479;1.557800;4.938017;-1.996730;1.553181;0.249997;0.005461;0.282649;0.003041;0.008030;2.405477
12.84947;4.944796;-1.980453;1.595690;4.938212;-1.985810;1.552658;4.934726;-1.971988;1.554341;0.249990;0.010508;0.218440;-0.010456;0.013155;2.369121
12.86551;4.944484;-1.967957;1.596115;4.934933;-1.960684;1.550556;4.939180;-1.966740;1.557657;0.249994;0.008512;0.226106;-0.075688;0.005443;2.203517
12.88269;4.944168;-1.955461;1.596380;4.939339;-1.953593;1.559710;4.930597;-1.945124;1.558017;0.249998;0.005292;0.262959;0.041065;0.017059;2.198031
12.89828;4.943848;-1.942965;1.596547;4.930758;-1.933853;1.555042;4.935213;-1.952465;1.557556;0.249999;0.003344;0.225445;-0.059495;0.012838;2.234006
12.91430;4.943526;-1.930470;1.596782;4.935400;-1.938981;1.556337;4.943867;-1.943428;1.558487;0.249998;0.004706;0.269694;-0.024382;0.012963;2.194189
12.92933;4.943202;-1.917974;1.597036;4.943994;-1.932159;1.560513;4.937609;-1.923929;1.559436;0.249998;0.005071;0.225398;0.040527;0.008170;2.154314
12.94586;4.942874;-1.905478;1.597177;4.937729;-1.913909;1.558143;4.943040;-1.922109;1.555693;0.249999;0.002819;0.200406;-0.025862;0.016631;2.376850
12.96239;4.942544;-1.892983;1.597589;4.943223;-1.909629;1.556646;4.940122;-1.905001;1.549866;0.249994;0.008250;0.249629;0.019055;0.012259;2.734363
12.98042;4.942209;-1.880488;1.598325;4.940395;-1.891897;1.549995;4.945266;-1.891220;1.563809;0.249981;0.014711;0.262123;0.002574;0.011158;1.977627
12.99845;4.941865;-1.867993;1.598268;4.945344;-1.880303;1.563555;4.941113;-1.885621;1.575332;0.250000;-0.001146;0.218351;-0.005070;0.017644;1.314140
13.01899;4.941522;-1.855499;1.597482;4.941070;-1.872462;1.572838;4.940158;-1.870436;1.561209;0.249979;-0.015705;0.263180;-0.049878;0.015000;2.078325
13.03549;4.941188;-1.843003;1.597535;4.940300;-1.857782;1.558048;4.946327;-1.842298;1.567338;0.250000;0.001053;0.253114;-0.063220;0.005187;1.730186
13.05374;4.940854;-1.830508;1.597272;4.946363;-1.829684;1.568599;4.933649;-1.835080;1.563431;0.249998;-0.005263;0.252291;0.025227;0.008534;1.938931
13.07128;4.940523;-1.818012;1.597131;4.933776;-1.822002;1.558601;4.949321;-1.825443;1.554817;0.249999;-0.002811;0.261574;-0.096613;0.011517;2.424467
13.08936;4.940194;-1.805517;1.597645;4.949524;-1.813262;1.553543;4.934934;-1.798064;1.566586;0.249991;0.010266;0.243672;-0.025464;0.009122;1.779526
13.10546;4.939858;-1.793022;1.597323;4.934980;-1.784669;1.568098;4.935698;-1.790392;1.577110;0.249996;-0.006433;0.267911;0.030242;0.004922;1.158129
13.12289;4.939527;-1.780528;1.596376;4.935606;-1.776877;1.578097;4.927044;-1.769481;1.580714;0.249969;-0.018939;0.270308;0.019749;0.016669;0.897370
13.14041;4.939207;-1.768035;1.595134;4.926927;-1.756827;1.579426;4.949411;-1.772687;1.588259;0.249946;-0.024833;0.253080;-0.025762;0.011214;0.393953
13.15693;4.938903;-1.755542;1.593639;4.949185;-1.760317;1.589793;4.940887;-1.762890;1.591995;0.249922;-0.029918;0.247452;0.030683;0.007611;0.094142
13.17345;4.938618;-1.743051;1.591842;4.940602;-1.749762;1.593111;4.947000;-1.752061;1.588638;0.249888;-0.035928;0.262610;0.022314;0.012306;0.183597
13.19048;4.938355;-1.730558;1.590301;4.946758;-1.738433;1.588475;4.943423;-1.731336;1.599998;0.249918;-0.030829;0.272613;-0.003257;0.005128;0.555610
13.20701;4.938111;-1.718069;1.588044;4.943074;-1.719448;1.600317;4.941441;-1.710546;1.602743;0.249823;-0.045128;0.237854;0.006371;0.008228;0.842161
13.22756;4.937896;-1.705581;1.585604;4.941010;-1.696443;1.600033;4.941957;-1.699187;1.609746;0.249793;-0.048807;0.282177;-0.054197;0.007575;1.383248
13.24609;4.937711;-1.693097;1.582747;4.941493;-1.686874;1.607212;4.938081;-1.698728;1.604205;0.249717;-0.057137;0.246428;-0.050676;0.005643;1.229455
13.26419;4.937562;-1.680609;1.580188;4.937688;-1.686820;1.603311;4.940235;-1.691993;1.581614;0.249773;-0.051182;0.238285;-0.017886;0.011694;0.081683
13.28373;4.937444;-1.668112;1.578879;4.940098;-1.678679;1.580624;4.942446;-1.687279;1.596300;0.249951;-0.023698;0.266308;-0.019799;0.019809;0.998155
13.29884;4.937343;-1.655620;1.576832;4.942134;-1.674578;1.594489;4.932835;-1.656456;1.595396;0.249855;-0.040932;0.254093;-0.036227;0.004585;1.063625
13.31385;4.937268;-1.643127;1.574751;4.932552;-1.643371;1.589375;4.928643;-1.645013;1.593230;0.249850;-0.041628;0.261750;-0.120425;0.008829;1.058769
13.33147;4.937218;-1.630634;1.572761;4.928332;-1.631196;1.593409;4.933091;-1.626059;1.601005;0.249862;-0.039806;0.276407;0.003588;0.006162;1.618283
13.34801;4.937194;-1.618145;1.570342;4.932683;-1.612719;1.601682;4.935980;-1.622157;1.596044;0.249797;-0.048367;0.266927;0.013535;0.004192;1.472574
13.36454;4.937200;-1.605652;1.568247;4.935674;-1.609336;1.593361;4.924371;-1.612095;1.630170;0.249848;-0.041897;0.256483;-0.053655;0.014356;3.547902
13.38060;4.937231;-1.593184;1.564903;4.923682;-1.599912;1.624341;4.936480;-1.602382;1.613834;0.249373;-0.084973;0.244060;-0.116577;0.009229;2.803563
13.39713;4.937305;-1.580701;1.561743;4.936017;-1.591283;1.611130;4.933417;-1.590892;1.617263;0.249653;-0.063190;0.222180;-0.054078;0.010908;3.181035
13.41265;4.937418;-1.568222;1.558349;4.932855;-1.578292;1.613387;4.933744;-1.583834;1.598551;0.249600;-0.067882;0.252263;-0.077514;0.016039;2.303398
13.42843;4.937573;-1.555732;1.556080;4.933397;-1.570070;1.593530;4.932758;-1.567904;1.593745;0.249821;-0.045381;0.275360;-0.100420;0.013090;2.158044
13.44428;4.937757;-1.543240;1.554089;4.932469;-1.555439;1.594210;4.938952;-1.555113;1.584383;0.249862;-0.039823;0.249360;0.009309;0.011934;1.735708
13.46040;4.937966;-1.530745;1.552715;4.938786;-1.543627;1.585995;4.929604;-1.555754;1.605130;0.249934;-0.027479;0.229750;0.032259;0.026370;3.003179
13.47846;4.938192;-1.518260;1.550091;4.929209;-1.544656;1.607570;4.936149;-1.524209;1.593567;0.249746;-0.054086;0.222098;0.048793;0.006291;2.491014
13.49902;4.938451;-1.505769;1.548137;4.935887;-1.510915;1.587392;4.934580;-1.518862;1.592544;0.249868;-0.039069;0.265936;-0.123505;0.013653;2.544304
13.51666;4.938734;-1.493278;1.546230;4.934315;-1.506271;1.591162;4.939571;-1.506969;1.601917;0.249874;-0.038139;0.251876;-0.027639;0.013717;3.190628
13.53646;4.939040;-1.480792;1.543806;4.939177;-1.493609;1.598701;4.954781;-1.484750;1.584259;0.249796;-0.048489;0.267325;-0.064323;0.016231;2.317794
13.55297;4.939378;-1.468300;1.542580;4.954623;-1.471930;1.581991;4.946149;-1.463118;1.587998;0.249948;-0.024523;0.256415;-0.045367;0.008526;2.602260
13.56850;4.939730;-1.455809;1.541048;4.945947;-1.450291;1.585045;4.941698;-1.460105;1.595474;0.249919;-0.030640;0.256569;-0.059060;0.004726;3.118390
13.58552;4.940102;-1.443321;1.539026;4.941341;-1.445059;1.593565;4.939569;-1.442527;1.600804;0.249858;-0.040443;0.301010;-0.038185;0.000956;3.539638
13.60256;4.940499;-1.430837;1.536662;4.939217;-1.430633;1.599962;4.928283;-1.426497;1.594996;0.249806;-0.047265;0.237996;-0.016847;0.012964;3.342294
13.61959;4.940925;-1.418352;1.534541;4.927966;-1.413789;1.596419;4.928123;-1.417583;1.587236;0.249844;-0.042431;0.254242;0.028456;0.012825;3.019193
13.63611;4.941378;-1.405865;1.532883;4.927926;-1.404952;1.585528;4.910501;-1.407017;1.590555;0.249905;-0.033167;0.252661;-0.034161;0.030898;3.304404
13.65363;4.941851;-1.393381;1.530859;4.910282;-1.395439;1.588898;4.920884;-1.386877;1.577405;0.249858;-0.040472;0.231591;-0.033149;0.021953;2.666918
13.67017;4.942350;-1.380894;1.529719;4.920808;-1.375998;1.578208;4.925714;-1.387120;1.580668;0.249955;-0.022795;0.217574;0.016053;0.017763;2.919153
13.68618;4.942864;-1.368407;1.528429;4.925581;-1.375181;1.583258;4.923576;-1.375826;1.572230;0.249942;-0.025802;0.238803;0.051796;0.020665;2.509582
13.70271;4.943393;-1.355919;1.527624;4.923573;-1.364245;1.569835;4.929242;-1.351609;1.575342;0.249977;-0.016103;0.231620;-0.047884;0.014793;2.734061
13.72348;4.943932;-1.343433;1.526683;4.929183;-1.339616;1.576010;4.938630;-1.351025;1.569620;0.249969;-0.018823;0.239864;0.013349;0.009261;2.460134
13.74157;4.944484;-1.330945;1.526174;4.938636;-1.337056;1.571042;4.944515;-1.333301;1.567338;0.249991;-0.010184;0.279376;0.028427;0.002356;2.358543
13.75934;4.945041;-1.318458;1.525855;4.944568;-1.320089;1.566169;4.942748;-1.319418;1.562586;0.249996;-0.006363;0.264230;-0.023387;0.002486;2.104499
13.77535;4.945603;-1.305970;1.525805;4.942839;-1.306533;1.564913;4.941150;-1.293206;1.552570;0.250000;-0.001019;0.257701;0.046540;0.013518;1.533542
13.79164;4.946165;-1.293484;1.526337;4.941365;-1.280752;1.554553;4.963400;-1.280761;1.540084;0.249990;0.010650;0.249134;0.039662;0.021422;0.787638
13.80869;4.946720;-1.281000;1.527830;4.963789;-1.267967;1.540602;4.962218;-1.281258;1.542085;0.249923;0.029862;0.256002;0.010371;0.015499;0.816771
13.82421;4.947257;-1.268514;1.529192;4.962587;-1.268707;1.540712;4.953238;-1.263107;1.535558;0.249936;0.027235;0.251124;-0.027465;0.008063;0.364767
13.84174;4.947777;-1.256030;1.530858;4.953678;-1.249702;1.540493;4.941736;-1.251813;1.540982;0.249904;0.033326;0.268252;0.098703;0.007367;0.580051
13.85929;4.948276;-1.243543;1.532088;4.942062;-1.240356;1.543686;4.937470;-1.235560;1.539478;0.249947;0.024594;0.229243;0.054083;0.013434;0.423405
13.87631;4.948759;-1.231055;1.533365;4.937830;-1.224253;1.538463;4.952048;-1.224339;1.532257;0.249943;0.025549;0.226263;-0.020289;0.007478;0.063502
13.89134;4.949227;-1.218570;1.535216;4.952559;-1.210734;1.534200;4.953348;-1.224124;1.547014;0.249881;0.037002;0.272289;0.038851;0.006916;0.676002
13.90687;4.949672;-1.206079;1.536193;4.953624;-1.212118;1.548752;4.957449;-1.213761;1.538396;0.249967;0.019545;0.240177;0.034767;0.010931;0.126263
13.92420;4.950104;-1.193591;1.537726;4.957784;-1.203001;1.540872;4.963311;-1.191367;1.546616;0.249918;0.030662;0.215311;0.049509;0.013393;0.509393
13.94173;4.950517;-1.181100;1.538821;4.963574;-1.179244;1.551640;4.947917;-1.163943;1.552763;0.249958;0.021905;0.242521;0.100464;0.017352;0.798817
13.96307;4.950917;-1.168607;1.539396;4.948200;-1.149645;1.549247;4.951720;-1.161449;1.553961;0.249989;0.011501;0.286026;-0.070327;0.007203;0.834517
13.98371;4.951309;-1.156113;1.539936;4.951920;-1.150288;1.551790;4.953431;-1.148647;1.563667;0.249990;0.010799;0.223253;-0.043428;0.007762;1.359697
14.00219;4.951695;-1.143619;1.539909;4.953538;-1.135790;1.561363;4.953485;-1.147360;1.566527;0.250000;-0.000534;0.257141;-0.046090;0.004147;1.525069
14.01927;4.952081;-1.131125;1.539712;4.953523;-1.134588;1.569002;4.955142;-1.140723;1.563261;0.249999;-0.003957;0.255445;0.049492;0.010074;1.349280
14.03529;4.952469;-1.118631;1.539725;4.955228;-1.127548;1.565218;4.951918;-1.120432;1.557802;0.250000;0.000276;0.263507;0.039147;0.001883;1.035730
14.05295;4.952858;-1.106137;1.540034;4.952069;-1.107422;1.560624;4.951677;-1.105718;1.565965;0.249997;0.006166;0.260210;0.056442;0.001253;1.485738
14.06999;4.953242;-1.093643;1.539849;4.951736;-1.093799;1.565724;4.946425;-1.103123;1.569613;0.249999;-0.003699;0.238377;-0.004810;0.011676;1.705354
14.08700;4.953629;-1.081150;1.539393;4.946456;-1.091744;1.566393;4.942624;-1.096203;1.576819;0.249993;-0.009114;0.227584;-0.064404;0.018647;2.144370
14.10410;4.954021;-1.068657;1.538467;4.942550;-1.082164;1.575219;4.955897;-1.076894;1.569922;0.249970;-0.018521;0.280780;-0.031999;0.008447;1.802226
14.11912;4.954425;-1.056164;1.538084;4.955909;-1.065979;1.569513;4.948575;-1.061548;1.583825;0.249995;-0.007659;0.218295;-0.008185;0.007951;2.620746
14.13616;4.954834;-1.043674;1.536793;4.948389;-1.046714;1.582891;4.955345;-1.041464;1.577066;0.249942;-0.025814;0.296697;-0.018678;0.002268;2.307481
14.15338;4.955259;-1.031182;1.535974;4.955274;-1.029422;1.576267;4.967548;-1.032602;1.567896;0.249977;-0.016394;0.240856;-0.015981;0.012371;1.828993
14.16849;4.955694;-1.018690;1.535825;4.967595;-1.020522;1.565974;4.969062;-1.019820;1.568587;0.249999;-0.002974;0.241619;-0.038436;0.013415;1.877123
14.18957;4.956131;-1.006198;1.535649;4.969094;-1.006334;1.568278;4.959743;-1.002181;1.575225;0.249999;-0.003516;0.269722;-0.006173;0.005402;2.267557
14.20358;4.956570;-0.993706;1.534981;4.959676;-0.989722;1.577198;4.947172;-0.998606;1.575391;0.249984;-0.013363;0.249186;0.039459;0.010599;2.315324
14.22112;4.957018;-0.981215;1.534177;4.947120;-0.988005;1.576021;4.957342;-0.991092;1.569837;0.249978;-0.016081;0.212022;0.012591;0.009882;2.043186
14.23969;4.957476;-0.968724;1.533807;4.957356;-0.978786;1.569524;4.965437;-0.978869;1.577423;0.249995;-0.007393;0.246116;-0.006259;0.012896;2.498992
14.25975;4.957938;-0.956233;1.533063;4.965332;-0.964998;1.579323;4.964950;-0.960363;1.583904;0.249981;-0.014889;0.277433;0.037995;0.008138;2.912965
14.27676;4.958409;-0.943744;1.531924;4.964804;-0.947884;1.581156;4.960783;-0.944030;1.576159;0.249955;-0.022785;0.249593;-0.054946;0.002391;2.534496
14.29436;4.958895;-0.931255;1.531206;4.960711;-0.930354;1.576081;4.962377;-0.926869;1.577336;0.249982;-0.014352;0.273527;-0.001546;0.005600;2.643088
14.31240;4.959390;-0.918766;1.530433;4.962261;-0.913866;1.582092;4.958940;-0.914424;1.564464;0.249979;-0.015466;0.260078;0.095106;0.004365;1.949856
14.32782;4.959894;-0.906276;1.530396;4.959023;-0.903891;1.561411;4.951830;-0.907433;1.559909;0.250000;-0.000732;0.210652;-0.061059;0.008147;1.690982
14.34532;4.960399;-0.893786;1.530560;4.951949;-0.893791;1.564140;4.948312;-0.892661;1.574128;0.249999;0.003280;0.272863;0.084624;0.012139;2.496240
14.36158;4.960902;-0.881297;1.529834;4.948268;-0.880209;1.574496;4.967522;-0.878775;1.585619;0.249982;-0.014523;0.249046;0.007358;0.007084;3.196280
14.37712;4.961414;-0.868810;1.528613;4.967339;-0.865228;1.583071;4.964935;-0.875685;1.565305;0.249948;-0.024417;0.270971;-0.050970;0.007724;2.102280
14.39364;4.961941;-0.856321;1.528584;4.964978;-0.863557;1.569127;4.958269;-0.863562;1.573890;0.250000;-0.000571;0.242554;0.076451;0.008118;2.595796
14.41170;4.962468;-0.843833;1.527972;4.958226;-0.851830;1.575065;4.952742;-0.844320;1.564038;0.249987;-0.012252;0.234631;0.023500;0.009738;2.066459
14.42423;4.963003;-0.831345;1.527892;4.952814;-0.833240;1.564571;4.963937;-0.833613;1.556740;0.250000;-0.001593;0.221599;0.010652;0.002453;1.652848
14.44077;4.963540;-0.818856;1.528365;4.964108;-0.820951;1.557846;4.980757;-0.809156;1.552557;0.249992;0.009450;0.253273;0.022131;0.019762;1.386112
14.46182;4.964070;-0.806369;1.529260;4.980959;-0.798313;1.551708;4.960680;-0.801289;1.556871;0.249972;0.017912;0.216900;-0.016970;0.006107;1.582007
14.48146;4.964589;-0.793880;1.529689;4.960850;-0.788405;1.558328;4.966977;-0.796920;1.550251;0.249994;0.008577;0.257708;0.029128;0.003866;1.178093
14.49896;4.965102;-0.781392;1.530580;4.967254;-0.784022;1.548313;4.972262;-0.779142;1.555864;0.249972;0.017819;0.258020;-0.038750;0.007505;1.448652
14.51650;4.965605;-0.768903;1.531188;4.972448;-0.766765;1.555674;4.977787;-0.767491;1.548275;0.249987;0.012160;0.247563;-0.003797;0.012263;0.978996
14.53353;4.966100;-0.756415;1.532308;4.978054;-0.755214;1.549726;4.966844;-0.750993;1.538385;0.249956;0.022404;0.245613;0.029032;0.005472;0.348158
14.55264;4.966581;-0.743929;1.533907;4.967230;-0.739174;1.537904;4.973120;-0.733600;1.531972;0.249911;0.031976;0.236504;-0.009618;0.012225;0.110874
14.56848;4.967041;-0.731444;1.535955;4.973619;-0.721390;1.527961;4.964145;-0.726354;1.527060;0.249854;0.040964;0.244397;-0.080213;0.005857;0.509642
14.58376;4.967476;-0.718961;1.538204;4.964562;-0.715900;1.534804;4.978708;-0.714455;1.537446;0.249824;0.044970;0.209232;0.154870;0.012101;0.043419
14.60228;4.967884;-0.706473;1.539981;4.979092;-0.702236;1.541266;4.975024;-0.710412;1.552624;0.249890;0.035549;0.244503;0.076410;0.008155;0.724407
14.62036;4.968269;-0.693980;1.540809;4.975224;-0.697982;1.556920;4.974567;-0.699624;1.558383;0.249976;0.016558;0.248648;0.085904;0.008457;1.006922
14.63940;4.968643;-0.681486;1.541286;4.974688;-0.686943;1.564113;4.980341;-0.700931;1.574338;0.249992;0.009541;0.253632;0.114597;0.022693;1.893741
14.65658;4.969012;-0.668992;1.540867;4.980290;-0.689607;1.576373;4.981909;-0.686130;1.587919;0.249994;-0.008388;0.226487;0.040697;0.021449;2.695921
14.66971;4.969386;-0.656500;1.539648;4.981718;-0.674388;1.586195;4.979673;-0.666794;1.593055;0.249948;-0.024366;0.234882;-0.034485;0.014553;3.059956
14.68677;4.969775;-0.644010;1.538098;4.979422;-0.655036;1.591279;4.967702;-0.631538;1.593108;0.249917;-0.031014;0.235215;-0.035513;0.012643;3.151862
14.70364;4.970184;-0.631522;1.536415;4.967482;-0.620394;1.587917;4.970287;-0.624460;1.570040;0.249902;-0.033656;0.222923;-0.103824;0.007062;1.926570
14.73526;4.970614;-0.619029;1.535982;4.970305;-0.612767;1.568386;4.969356;-0.609908;1.572577;0.249997;-0.005432;0.233864;-0.033068;0.009208;2.096732
14.76955;4.971049;-0.606537;1.535547;4.969328;-0.598464;1.573860;4.968852;-0.600217;1.574576;0.249993;-0.008692;0.228880;0.025671;0.006690;2.236164
14.80229;4.971489;-0.594045;1.534987;4.968796;-0.587608;1.575939;4.969171;-0.583418;1.562841;0.249989;-0.011210;0.252186;0.027253;0.010878;1.595906
14.82586;4.971937;-0.581553;1.535133;4.969276;-0.570870;1.561892;4.974096;-0.578000;1.552432;0.249999;0.002921;0.250951;-0.018975;0.004158;0.991140
14.84140;4.972382;-0.569063;1.535956;4.974295;-0.566259;1.555244;4.972000;-0.558999;1.548304;0.249976;0.016465;0.234858;0.056256;0.010070;0.707461
14.86064;4.972818;-0.556572;1.537004;4.972291;-0.546022;1.548434;4.979308;-0.540802;1.547179;0.249962;0.020947;0.259605;0.002610;0.017053;0.583027
14.87869;4.973240;-0.544082;1.538197;4.979577;-0.528519;1.550495;4.975944;-0.526301;1.551274;0.249951;0.023859;0.245714;0.066310;0.017985;0.749289
14.89473;4.973647;-0.531590;1.539107;4.976193;-0.512768;1.553439;4.977666;-0.512412;1.560221;0.249971;0.018203;0.270718;0.043294;0.019594;1.209742
14.91225;4.974043;-0.519096;1.539498;4.977827;-0.498616;1.558029;4.971214;-0.514784;1.551417;0.249995;0.007829;0.275951;-0.043843;0.005158;0.682908
14.92958;4.974435;-0.506604;1.540348;4.971410;-0.503917;1.553982;4.974302;-0.504798;1.559706;0.249975;0.016991;0.217382;0.051287;0.001810;1.109121
14.94710;4.974815;-0.494110;1.540733;4.974425;-0.492470;1.562065;4.977060;-0.493803;1.561589;0.249995;0.007707;0.246570;0.047193;0.002266;1.194939
14.96365;4.975191;-0.481616;1.541035;4.977198;-0.481936;1.556820;4.980468;-0.480997;1.543913;0.249997;0.006038;0.237353;-0.095365;0.005313;0.164890
14.98069;4.975563;-0.469124;1.542434;4.980783;-0.468551;1.547019;4.964416;-0.481761;1.554241;0.249932;0.027984;0.249014;0.062114;0.016850;0.676474
14.99570;4.975917;-0.456630;1.543038;4.964615;-0.470081;1.553302;4.972897;-0.460747;1.545209;0.249987;0.012077;0.233641;-0.018779;0.005106;0.124406
15.01175;4.976264;-0.444138;1.544275;4.973206;-0.448033;1.547703;4.990957;-0.450241;1.547092;0.249947;0.024749;0.254348;0.049866;0.015911;0.161360
15.02745;4.976595;-0.431645;1.545598;4.991229;-0.438314;1.548879;4.979739;-0.438810;1.568451;0.249939;0.026455;0.238606;0.035742;0.007825;1.309350
15.04556;4.976910;-0.419149;1.545671;4.979777;-0.426919;1.566817;4.989115;-0.428648;1.560254;0.250000;-0.001655;0.237822;-0.032678;0.015466;0.835542
15.05933;4.977224;-0.406653;1.546183;4.989258;-0.416005;1.558796;4.977720;-0.412699;1.541023;0.249991;0.010245;0.252888;-0.029162;0.006066;0.295640
15.07586;4.977532;-0.394161;1.547723;4.978106;-0.400132;1.539202;4.974280;-0.384681;1.542230;0.249918;0.030788;0.251462;-0.036418;0.010023;0.314680
15.09440;4.977820;-0.381668;1.549150;4.974627;-0.371517;1.546678;4.981378;-0.375833;1.537677;0.249929;0.028547;0.263364;0.088949;0.006834;0.657332
15.11057;4.978091;-0.369177;1.550929;4.981779;-0.363037;1.541230;4.987549;-0.365459;1.537211;0.249890;0.035586;0.256062;0.071059;0.010162;0.785973
15.12715;4.978339;-0.356685;1.552805;4.987923;-0.353008;1.544218;4.978131;-0.350954;1.529580;0.249878;0.037517;0.249130;0.140129;0.005735;1.330673
15.14338;4.978564;-0.344196;1.555033;4.978581;-0.338768;1.538134;4.970267;-0.342340;1.554208;0.249828;0.044555;0.243887;0.171064;0.008502;0.047245
15.16202;4.978761;-0.331698;1.556011;4.970493;-0.329101;1.553167;4.978675;-0.329754;1.535286;0.249985;0.013227;0.264823;-0.020827;0.001946;1.187437
15.17704;4.978945;-0.319206;1.557901;4.979100;-0.317649;1.536004;4.996857;-0.313166;1.549652;0.249876;0.037811;0.242235;0.014355;0.018902;0.472642
15.19357;4.979106;-0.306709;1.559134;4.997139;-0.299371;1.550998;4.988912;-0.298921;1.554597;0.249947;0.024663;0.275969;0.026915;0.012522;0.259972
15.21037;4.979252;-0.294211;1.559981;4.989128;-0.286111;1.553181;4.978189;-0.292230;1.559235;0.249975;0.016928;0.256251;-0.028314;0.002249;0.042737
15.22691;4.979387;-0.281713;1.560427;4.978301;-0.281045;1.562235;4.989127;-0.288458;1.562971;0.249993;0.008928;0.223722;0.060009;0.011847;0.145750
15.24345;4.979517;-0.269213;1.560773;4.989211;-0.276852;1.564078;4.992530;-0.277671;1.569341;0.249996;0.006923;0.232117;0.022151;0.015520;0.490887
15.25945;4.979642;-0.256714;1.560776;4.992557;-0.265589;1.567788;5.007240;-0.242652;1.572496;0.250000;0.000048;0.241648;-0.031065;0.030974;0.671532
15.27550;4.979768;-0.244215;1.560757;5.007209;-0.229543;1.573725;5.005592;-0.223883;1.580829;0.250000;-0.000383;0.262183;0.024570;0.032868;1.150063
15.29160;4.979893;-0.231716;1.560219;5.005488;-0.213740;1.581269;4.988922;-0.212475;1.589667;0.249990;-0.010755;0.202864;0.008797;0.021254;1.687246
15.31042;4.980025;-0.219219;1.558959;4.988717;-0.198831;1.581952;4.987715;-0.210047;1.587638;0.249945;-0.025195;0.272913;-0.154299;0.011970;1.643184
15.32945;4.980173;-0.206722;1.557807;4.987505;-0.197490;1.587483;4.991236;-0.197134;1.587143;0.249954;-0.023040;0.251167;-0.003106;0.014640;1.680804
15.34797;4.980335;-0.194226;1.556725;4.991064;-0.185224;1.583479;4.979933;-0.194724;1.581070;0.249959;-0.021639;0.238223;-0.073274;0.000641;1.394884
15.36599;4.980511;-0.181728;1.555877;4.979849;-0.183309;1.575247;4.973800;-0.187673;1.575494;0.249975;-0.016964;0.228306;-0.116460;0.008966;1.123984
15.38351;4.980698;-0.169230;1.555292;4.973742;-0.174848;1.575090;4.970787;-0.181873;1.574305;0.249988;-0.011698;0.256491;-0.008080;0.016065;1.089379
15.40029;4.980892;-0.156732;1.554743;4.970725;-0.168281;1.576468;4.986167;-0.162235;1.570997;0.249990;-0.010976;0.271840;0.043255;0.007623;0.931283
15.41841;4.981092;-0.144234;1.554570;4.986194;-0.151240;1.565696;4.973566;-0.137952;1.562086;0.249999;-0.003457;0.219896;-0.106032;0.009804;0.430585
15.43442;4.981295;-0.131735;1.554784;4.973669;-0.124660;1.563984;4.972264;-0.131623;1.560870;0.249998;0.004279;0.265850;0.037968;0.009032;0.348661
15.45085;4.981495;-0.119237;1.555056;4.972414;-0.119833;1.555181;4.983399;-0.134604;1.552090;0.249997;0.005426;0.235816;-0.113781;0.015484;0.169940
15.46688;4.981692;-0.106740;1.555984;4.983683;-0.121708;1.545429;4.987477;-0.116667;1.566001;0.249970;0.018568;0.257975;-0.133222;0.011489;0.573914
15.48442;4.981877;-0.094242;1.556125;4.987521;-0.105309;1.567847;4.989529;-0.107112;1.554427;0.249999;0.002818;0.227153;0.036920;0.014973;0.097312
15.49999;4.982060;-0.081744;1.556984;4.989716;-0.094013;1.558533;4.988263;-0.081171;1.562720;0.249974;0.017183;0.262014;0.082129;0.006229;0.328637
15.51765;4.982233;-0.069246;1.557330;4.988337;-0.069887;1.565686;4.980503;-0.059775;1.567360;0.249996;0.006920;0.225681;0.059327;0.009628;0.574674
15.53267;4.982401;-0.056747;1.557305;4.980544;-0.047507;1.567581;4.983448;-0.043348;1.572489;0.250000;-0.000500;0.245360;0.004410;0.013440;0.869983
15.55179;4.982570;-0.044248;1.557007;4.983428;-0.030776;1.572368;4.981032;-0.027174;1.565148;0.249997;-0.005970;0.251438;-0.002430;0.017143;0.466472
15.56762;4.982742;-0.031749;1.557119;4.981098;-0.014296;1.566118;4.979336;-0.023475;1.552403;0.250000;0.002250;0.257578;0.019404;0.008948;0.270194
15.58364;4.982913;-0.019252;1.557976;4.979523;-0.010634;1.559980;4.980404;-0.002504;1.579086;0.249975;0.017135;0.256847;0.151535;0.016935;1.209534
15.60168;4.983074;-0.006754;1.557583;4.980286;0.010013;1.581295;4.981772;0.002745;1.577218;0.249981;-0.014649;0.250350;0.044175;0.009588;1.125008
15.61825;4.983239;0.005745;1.556978;4.981717;0.012350;1.575746;4.978915;0.017433;1.567123;0.249987;-0.012083;0.192110;-0.029438;0.012463;0.581228
15.63585;4.983411;0.018243;1.556945;4.978951;0.029425;1.568563;4.978922;0.018169;1.572847;0.250000;-0.000670;0.239840;0.028801;0.004491;0.911142
15.65252;4.983585;0.030742;1.556568;4.978864;0.030917;1.577801;4.984837;0.030489;1.572048;0.249995;-0.007539;0.254959;0.099063;0.001278;0.886908
15.67006;4.983762;0.043241;1.556310;4.984852;0.041850;1.566856;4.994683;0.043786;1.566069;0.249998;-0.005163;0.227221;-0.103832;0.010934;0.559171
15.68607;4.983944;0.055739;1.556529;4.994770;0.056472;1.561875;4.975094;0.048050;1.570354;0.249998;0.004385;0.253730;-0.083886;0.011723;0.792102
15.70312;4.984122;0.068238;1.556254;4.975090;0.060607;1.571937;4.990154;0.055813;1.571357;0.249997;-0.005504;0.251134;0.031652;0.013811;0.865326
15.71864;4.984304;0.080736;1.556101;4.990167;0.068101;1.568146;4.983610;0.070125;1.565052;0.249999;-0.003062;0.245747;-0.064221;0.010634;0.512884
15.73621;4.984487;0.093235;1.556246;4.983682;0.082036;1.564413;4.981509;0.085148;1.558059;0.249999;0.002903;0.238227;-0.012785;0.008618;0.103897
15.75278;4.984669;0.105733;1.556784;4.981657;0.097533;1.559641;4.998190;0.108293;1.580861;0.249990;0.010770;0.247723;0.031639;0.013760;1.379461
15.76844;4.984844;0.118231;1.556158;4.998066;0.120384;1.581158;4.995174;0.104547;1.575171;0.249986;-0.012521;0.241840;0.005942;0.017146;1.089353
15.78598;4.985027;0.130730;1.555837;4.995140;0.117357;1.571684;4.997183;0.128911;1.539225;0.249996;-0.006433;0.256200;-0.069754;0.012291;0.951789
15.80404;4.985214;0.143222;1.556765;4.997600;0.142106;1.539170;4.985573;0.151957;1.528123;0.249880;0.037192;0.264030;-0.001095;0.008742;1.641075
15.82930;4.985389;0.155711;1.558943;4.986100;0.164976;1.532652;4.978268;0.156937;1.529779;0.249803;0.047637;0.260588;0.090588;0.007226;1.670982
15.84435;4.985537;0.168202;1.561135;4.978726;0.168513;1.532860;4.969913;0.163353;1.531777;0.249833;0.043836;0.231693;0.061615;0.016359;1.682111
15.86045;4.985658;0.180695;1.563103;4.970346;0.174688;1.533577;4.978404;0.170633;1.532493;0.249866;0.039359;0.226859;0.035993;0.012404;1.753818
15.87648;4.985754;0.193187;1.565133;4.978846;0.181837;1.530286;4.989174;0.195730;1.519653;0.249857;0.040598;0.224250;-0.044152;0.004262;2.605829
15.89351;4.985825;0.205672;1.568067;4.989798;0.208049;1.520769;4.993232;0.199715;1.517478;0.249701;0.058668;0.246689;0.022327;0.009505;2.898509
15.91054;4.985859;0.218155;1.571181;4.993877;0.212372;1.522152;4.981925;0.209898;1.525109;0.249663;0.062290;0.253483;0.093477;0.009146;2.639711
15.92834;4.985854;0.230644;1.573696;4.982456;0.221497;1.524867;4.985688;0.218070;1.520069;0.249780;0.050296;0.232224;-0.004855;0.012576;3.072576
15.94474;4.985818;0.243130;1.576560;4.986258;0.229685;1.523389;4.992152;0.228363;1.505740;0.249715;0.057281;0.232594;0.066403;0.016068;4.057666
15.95934;4.985746;0.255605;1.580365;4.992892;0.240222;1.511286;4.977429;0.261775;1.532766;0.249498;0.076094;0.237647;0.110907;0.010355;2.727209
15.97586;4.985627;0.268097;1.582919;4.977875;0.273842;1.535049;4.980644;0.272502;1.533797;0.249862;0.039921;0.241517;0.045668;0.006650;2.814474
15.99241;4.985475;0.280590;1.584894;4.981065;0.284254;1.536264;4.982599;0.276540;1.536599;0.249865;0.039486;0.235201;0.049327;0.004967;2.767049
16.00946;4.985299;0.293082;1.586724;4.982961;0.287561;1.539186;5.003413;0.304989;1.515616;0.249884;0.036615;0.220533;0.051739;0.021676;4.074219
16.02555;4.985100;0.305561;1.589805;5.004155;0.318487;1.516115;5.006739;0.300534;1.524838;0.249609;0.067089;0.270360;0.009979;0.022215;3.722363
16.04431;4.984863;0.318045;1.592649;5.007272;0.312540;1.527924;4.998770;0.317196;1.538026;0.249719;0.056871;0.240350;0.061732;0.013933;3.129673
16.06671;4.984590;0.330535;1.594599;4.999177;0.329675;1.538364;4.991795;0.322457;1.529933;0.249868;0.039010;0.249713;0.006774;0.010825;3.705083
16.08694;4.984293;0.343022;1.596946;4.992354;0.336659;1.533053;4.979423;0.344868;1.551173;0.249809;0.046931;0.284271;0.062406;0.005208;2.622570
16.10411;4.983966;0.355517;1.598042;4.979659;0.357710;1.553597;4.977804;0.344299;1.563413;0.249971;0.018243;0.256875;0.048481;0.012799;1.984132
16.12120;4.983625;0.368012;1.598199;4.977885;0.355992;1.564315;4.975340;0.360041;1.587139;0.249999;0.003140;0.233874;0.018048;0.011497;0.633721
16.13699;4.983283;0.380504;1.597106;4.975163;0.372137;1.583751;4.978805;0.371098;1.585076;0.249941;-0.025988;0.241945;-0.067754;0.010418;0.689252
16.15411;4.982954;0.392998;1.595975;4.978651;0.382053;1.584628;4.979887;0.379572;1.599997;0.249956;-0.022631;0.219125;-0.008965;0.013772;0.230463
16.17047;4.982640;0.405487;1.593961;4.979561;0.390507;1.601257;4.979619;0.401277;1.588453;0.249859;-0.040264;0.218807;0.025196;0.005181;0.315585
16.18856;4.982350;0.417980;1.592636;4.979391;0.413706;1.589777;4.983977;0.422891;1.597188;0.249939;-0.026507;0.248622;0.026479;0.005173;0.260819
16.20556;4.982077;0.430472;1.590843;4.983640;0.436535;1.593863;4.971657;0.433297;1.582404;0.249888;-0.035871;0.272961;-0.066495;0.010796;0.483463
16.22213;4.981827;0.442967;1.589774;4.971507;0.445406;1.584021;4.969291;0.448196;1.581283;0.249960;-0.021377;0.242215;0.032333;0.013583;0.486473
16.23966;4.981590;0.455463;1.588740;4.969188;0.458665;1.579983;4.975238;0.460413;1.585619;0.249963;-0.020680;0.209395;-0.026000;0.008052;0.178804
16.25621;4.981365;0.467959;1.587523;4.975057;0.473189;1.584435;4.964251;0.477700;1.583680;0.249949;-0.024333;0.255551;-0.023673;0.019693;0.220194
16.27273;4.981156;0.480454;1.586276;4.964112;0.489301;1.581894;4.965743;0.478478;1.584938;0.249946;-0.024946;0.232038;-0.035723;0.015539;0.076625
16.28835;4.980963;0.492950;1.584973;4.965563;0.491615;1.584018;4.959196;0.507534;1.579647;0.249941;-0.026062;0.262769;-0.018405;0.026201;0.305147
16.31071;4.980786;0.505446;1.583897;4.959102;0.519690;1.577432;4.967255;0.509151;1.592271;0.249960;-0.021520;0.243129;-0.044295;0.014028;0.479796
16.33027;4.980622;0.517940;1.582171;4.967015;0.520134;1.593185;4.978341;0.510061;1.594262;0.249897;-0.034519;0.219711;0.018280;0.008203;0.692792
16.34810;4.980480;0.530434;1.580473;4.978092;0.521002;1.592918;4.977043;0.523598;1.586352;0.249900;-0.033948;0.218888;-0.026882;0.007652;0.336835
16.36668;4.980359;0.542931;1.579232;4.976850;0.536903;1.584271;4.971935;0.549111;1.586041;0.249947;-0.024821;0.266132;-0.041634;0.010448;0.390107
16.38370;4.980254;0.555428;1.577939;4.971745;0.561207;1.586985;4.963263;0.557743;1.580234;0.249942;-0.025860;0.241944;0.018887;0.017148;0.131484
16.40138;4.980164;0.567926;1.576877;4.963134;0.570145;1.582148;4.974097;0.567646;1.568270;0.249961;-0.021249;0.248056;0.038282;0.006074;0.493136
16.41865;4.980088;0.580425;1.576678;4.974111;0.581378;1.571199;4.973735;0.581241;1.578280;0.249999;-0.003981;0.274643;0.058575;0.006405;0.091806
16.43827;4.980015;0.592924;1.575872;4.973649;0.594432;1.576405;4.968407;0.592993;1.584635;0.249977;-0.016113;0.263828;-0.037509;0.011608;0.502088
16.45636;4.979951;0.605421;1.574612;4.968211;0.606110;1.586797;4.980582;0.600979;1.582596;0.249945;-0.025209;0.262363;0.043227;0.004487;0.457486
16.47270;4.979904;0.617919;1.573639;4.980435;0.612762;1.583887;4.995260;0.621020;1.566724;0.249967;-0.019457;0.235671;0.025815;0.015667;0.396189
16.49037;4.979868;0.630419;1.573818;4.995306;0.633126;1.567249;5.000677;0.620132;1.575346;0.249999;0.003588;0.242118;0.010499;0.023213;0.087515
16.50746;4.979830;0.642919;1.573555;5.000643;0.631458;1.572218;4.995746;0.628715;1.585779;0.249998;-0.005274;0.226521;-0.062557;0.021332;0.700384
16.52420;4.979796;0.655417;1.572597;4.995570;0.642409;1.581562;4.979878;0.631584;1.582542;0.249968;-0.019146;0.273900;-0.084326;0.023833;0.569802
16.54128;4.979773;0.667916;1.571616;4.979728;0.644111;1.583000;4.983441;0.658084;1.584915;0.249967;-0.019623;0.250556;0.009149;0.010493;0.761989
16.56233;4.979763;0.680414;1.570540;4.983241;0.671352;1.586813;4.967869;0.695650;1.578291;0.249960;-0.021519;0.265385;0.037948;0.019329;0.444115
16.58138;4.979766;0.692912;1.569643;4.967785;0.706848;1.578389;4.961199;0.702250;1.595611;0.249972;-0.017952;0.223968;0.001955;0.020783;1.487912
16.59834;4.979781;0.705405;1.567612;4.960898;0.715009;1.593178;4.977129;0.705889;1.586824;0.249857;-0.040612;0.255243;-0.048667;0.002696;1.100783
16.61449;4.979821;0.717902;1.566331;4.976944;0.716988;1.588192;4.992599;0.718058;1.566469;0.249943;-0.025625;0.222001;0.027346;0.012779;0.007903
16.63366;4.979876;0.730402;1.566299;4.992654;0.731803;1.567145;4.992276;0.724739;1.565272;0.249999;0.003119;0.274916;0.013525;0.013632;0.058895
16.64657;4.979933;0.742902;1.566523;4.992363;0.736822;1.562035;4.980848;0.744350;1.551794;0.249998;0.004462;0.241654;-0.064731;0.001714;0.843865
16.66459;4.979986;0.755400;1.567393;4.981101;0.757408;1.551006;4.969010;0.757803;1.555766;0.249974;0.017402;0.261199;-0.015770;0.011236;0.666133
16.68340;4.980029;0.767900;1.567856;4.969200;0.770296;1.555451;4.963483;0.775246;1.561434;0.249993;0.009270;0.249896;-0.006312;0.018103;0.367982
16.70110;4.980065;0.780400;1.567899;4.963591;0.788386;1.563687;4.967223;0.776263;1.548766;0.250000;0.000863;0.262805;0.045069;0.013492;1.096265
16.71773;4.980102;0.792899;1.568756;4.967527;0.789746;1.547726;4.966537;0.780062;1.547750;0.249975;0.017125;0.269718;-0.020787;0.018675;1.203504
16.73275;4.980127;0.805397;1.569663;4.966845;0.793994;1.549748;4.967966;0.798257;1.552904;0.249971;0.018140;0.278708;0.039961;0.014102;0.960189
16.75166;4.980141;0.817896;1.570279;4.968201;0.812009;1.554512;4.975913;0.806504;1.555715;0.249987;0.012322;0.275076;0.032152;0.012152;0.834458
16.76628;4.980148;0.830396;1.570839;4.976125;0.819530;1.553360;4.962157;0.815854;1.548142;0.249989;0.011205;0.260559;-0.047083;0.023133;1.300438
16.78230;4.980147;0.842895;1.571656;4.962397;0.826936;1.550076;4.967155;0.833724;1.548392;0.249977;0.016332;0.221687;0.038675;0.015903;1.332914
16.80236;4.980136;0.855393;1.572527;4.967472;0.847017;1.545499;4.973944;0.845041;1.545992;0.249974;0.017425;0.265942;-0.057852;0.012063;1.520335
16.82005;4.980115;0.867891;1.573639;4.974264;0.857922;1.545847;4.976156;0.871245;1.548890;0.249957;0.022240;0.257712;-0.002901;0.005188;1.417986
16.83933;4.980079;0.880390;1.574607;4.976374;0.881791;1.551267;4.985971;0.882451;1.560203;0.249967;0.019357;0.210978;0.047532;0.006242;0.825259
16.85683;4.980032;0.892889;1.575038;4.986071;0.893151;1.562736;4.980670;0.884588;1.564688;0.249994;0.008623;0.214011;0.050664;0.008325;0.592991
16.87386;4.979979;0.905389;1.575122;4.980725;0.895257;1.566470;4.981551;0.890228;1.575450;0.250000;0.001693;0.213367;0.035643;0.015243;0.018783
16.89251;4.979925;0.917888;1.574574;4.981510;0.904896;1.571633;4.978627;0.901189;1.590244;0.249990;-0.010972;0.293362;-0.076337;0.016750;0.897847
16.90869;4.979877;0.930384;1.573094;4.978371;0.913816;1.591905;4.972588;0.917793;1.588041;0.249924;-0.029595;0.252611;0.033219;0.014549;0.856366
16.92421;4.979849;0.942881;1.571657;4.972367;0.930285;1.588898;4.960445;0.928702;1.595544;0.249928;-0.028751;0.249873;0.017146;0.024033;1.368668
16.94177;4.979838;0.955373;1.569589;4.960170;0.940254;1.593586;4.966453;0.939463;1.584904;0.249852;-0.041356;0.231108;-0.039159;0.020792;0.877520
16.95753;4.979853;0.967870;1.568247;4.966303;0.952494;1.579660;4.977413;0.954070;1.574262;0.249937;-0.026844;0.260632;-0.104887;0.014014;0.344650
16.97563;4.979885;0.980370;1.567704;4.977418;0.966943;1.566668;4.967914;0.969676;1.556624;0.249990;-0.010858;0.257448;-0.151874;0.016052;0.634836
16.99946;4.979924;0.992869;1.568076;4.968107;0.982337;1.554508;4.967642;0.985861;1.588306;0.249995;0.007454;0.253258;-0.042321;0.014140;1.159042
17.01950;4.979957;1.005365;1.567199;4.967406;0.999080;1.589046;4.975229;1.004056;1.580846;0.249918;-0.030684;0.264414;0.014819;0.004907;0.781934
17.03700;4.980002;1.017864;1.566224;4.975115;1.016249;1.579333;4.977414;1.015275;1.573762;0.249967;-0.019499;0.243879;-0.030278;0.003660;0.431861
17.05859;4.980060;1.030363;1.565706;4.977358;1.028895;1.576135;4.984411;1.032580;1.568745;0.249991;-0.010360;0.272386;0.047474;0.004883;0.174137
17.07563;4.980123;1.042863;1.565593;4.984446;1.045242;1.567285;4.991185;1.054580;1.577362;0.250000;-0.002254;0.253245;-0.029217;0.016113;0.674260
17.10163;4.980188;1.055362;1.565066;4.991083;1.068486;1.578926;4.988352;1.064046;1.565980;0.249990;-0.010559;0.278139;0.031283;0.011919;0.052412
17.12300;4.980260;1.067862;1.565177;4.988412;1.076774;1.566274;4.982559;1.076772;1.567854;0.250000;0.002228;0.254559;0.005868;0.009202;0.153368
17.14353;4.980330;1.080362;1.565087;4.982606;1.090030;1.566548;4.987396;1.092129;1.575523;0.250000;-0.001804;0.265160;-0.026115;0.013725;0.597975
17.16063;4.980402;1.092861;1.564610;4.987380;1.104975;1.568578;4.985279;1.103327;1.552901;0.249992;-0.009543;0.256929;-0.138908;0.011547;0.670847
17.17716;4.980479;1.105360;1.565382;4.985511;1.116212;1.552764;4.992064;1.098049;1.558178;0.249975;0.016941;0.257729;-0.002738;0.013699;0.412802
17.19689;4.980547;1.117859;1.566018;4.992220;1.111038;1.559344;4.985505;1.124819;1.570355;0.249986;0.012702;0.259809;0.023320;0.008545;0.248504
17.21142;4.980606;1.130358;1.565820;4.985514;1.139473;1.569940;4.987906;1.133506;1.556610;0.249999;-0.003959;0.293092;-0.008301;0.007950;0.527659
17.22935;4.980668;1.142858;1.566483;4.988071;1.146419;1.559577;4.973084;1.149942;1.547354;0.249985;0.013270;0.258278;0.059334;0.010378;1.096025
17.24436;4.980722;1.155356;1.567470;4.973364;1.162016;1.548007;4.984579;1.153468;1.546463;0.249966;0.019742;0.241558;0.013058;0.004294;1.203628
17.26164;4.980764;1.167853;1.568690;4.984797;1.162311;1.545952;4.972694;1.159530;1.542872;0.249948;0.024389;0.176926;-0.010217;0.011594;1.479223
17.27835;4.980790;1.180350;1.569938;4.973005;1.170947;1.544181;4.967243;1.174523;1.530038;0.249946;0.024977;0.228439;0.026178;0.014748;2.286136
17.29437;4.980801;1.192844;1.571870;4.967741;1.187184;1.532915;4.961096;1.200539;1.528900;0.249870;0.038635;0.253409;0.057539;0.021154;2.462017
17.31043;4.980788;1.205338;1.573770;4.961554;1.211824;1.531470;4.965663;1.213752;1.533954;0.249875;0.037989;0.225885;0.051407;0.017307;2.281260
17.33154;4.980750;1.217833;1.575436;4.966116;1.226410;1.536116;4.977559;1.236534;1.554803;0.249904;0.033328;0.253327;0.043238;0.018971;1.182200
17.35009;4.980692;1.230332;1.576038;4.977756;1.248523;1.554017;4.979344;1.230289;1.555453;0.249987;0.012037;0.239814;-0.015725;0.001349;1.179432
17.36664;4.980627;1.242831;1.576630;4.979571;1.244273;1.553576;4.982723;1.241536;1.548910;0.249988;0.011837;0.279716;-0.037549;0.002464;1.588214
17.38466;4.980554;1.255329;1.577667;4.983014;1.254092;1.546386;4.983076;1.258166;1.541010;0.249963;0.020747;0.251174;-0.050484;0.003796;2.100296
17.40270;4.980468;1.267825;1.579183;4.983405;1.270658;1.547954;4.981681;1.266600;1.547731;0.249920;0.030316;0.249929;0.138884;0.001724;1.802052
17.41855;4.980363;1.280322;1.580272;4.981962;1.278972;1.548466;4.974787;1.283573;1.560100;0.249959;0.021790;0.247500;0.014689;0.006454;1.155799
17.43457;4.980245;1.292822;1.580507;4.974942;1.296224;1.556986;4.973231;1.301116;1.570411;0.249998;0.004695;0.253044;-0.062288;0.010862;0.578457
17.45232;4.980123;1.305321;1.580096;4.973227;1.314173;1.571819;4.975531;1.305634;1.567857;0.249994;-0.008222;0.261150;0.028155;0.004603;0.701264
17.47142;4.980007;1.317820;1.579875;4.975612;1.318043;1.560708;4.978751;1.332304;1.565230;0.249998;-0.004420;0.248189;-0.142972;0.014538;0.839103
17.48668;4.979894;1.330320;1.579861;4.978801;1.343416;1.567308;4.980373;1.343980;1.556872;0.250000;-0.000273;0.222254;0.041559;0.013669;1.317175
17.50202;4.979780;1.342819;1.580375;4.980555;1.357542;1.557895;4.965707;1.343447;1.559746;0.249991;0.010267;0.271267;0.020450;0.014088;1.181921
17.51855;4.979661;1.355318;1.580475;4.965857;1.355664;1.557278;4.975221;1.359407;1.577638;0.250000;0.002006;0.244344;-0.049372;0.006036;0.162555
17.53683;4.979540;1.367816;1.579656;4.975120;1.372570;1.579263;4.974764;1.376333;1.583461;0.249977;-0.016378;0.263279;0.032510;0.009764;0.217997
17.55192;4.979429;1.380313;1.578478;4.974590;1.388842;1.585869;4.986248;1.386826;1.583907;0.249952;-0.023555;0.250208;0.048161;0.009429;0.311011
17.56844;4.979333;1.392811;1.577463;4.986083;1.399281;1.584286;4.985348;1.391255;1.596922;0.249964;-0.020299;0.249136;0.007589;0.006213;1.114899
17.58848;4.979250;1.405305;1.575652;4.985022;1.404305;1.594613;4.989658;1.399900;1.603938;0.249886;-0.036223;0.261082;-0.046181;0.011729;1.620635
17.60540;4.979189;1.417797;1.573492;4.989239;1.412327;1.605065;4.979552;1.422487;1.595622;0.249838;-0.043217;0.248694;0.022553;0.004704;1.267968
17.62348;4.979155;1.430291;1.571659;4.979225;1.436129;1.593817;4.975228;1.437595;1.595561;0.249883;-0.036649;0.272903;-0.036085;0.008293;1.369457
17.64252;4.979145;1.442785;1.569756;4.974910;1.450645;1.594804;4.983616;1.447813;1.606960;0.249874;-0.038061;0.261077;-0.015130;0.006729;2.131642
17.66055;4.979158;1.455275;1.567309;4.983146;1.460607;1.607926;4.974714;1.441362;1.605318;0.249792;-0.048932;0.256047;0.019319;0.014605;2.177730
17.67697;4.979201;1.467764;1.564812;4.974234;1.456229;1.600812;4.973958;1.467279;1.595950;0.249783;-0.049953;0.297504;-0.090110;0.005266;1.784073
17.69350;4.979276;1.480257;1.562860;4.973676;1.478746;1.594752;4.987664;1.484576;1.587226;0.249868;-0.039030;0.229414;-0.023948;0.009435;1.396040
17.70933;4.979375;1.492754;1.561664;4.987480;1.496737;1.584566;5.008300;1.496641;1.595238;0.249950;-0.023926;0.243251;-0.053205;0.029185;1.923645
17.72676;4.979489;1.505250;1.560340;5.007982;1.508980;1.597798;5.006013;1.507249;1.592099;0.249939;-0.026487;0.246872;0.051207;0.026599;1.819673
17.74241;4.979620;1.517747;1.559165;5.005783;1.518270;1.591133;5.004421;1.512259;1.597654;0.249952;-0.023497;0.220461;-0.019317;0.025401;2.205278
17.75745;4.979765;1.530242;1.557629;5.004085;1.525484;1.594825;4.993420;1.521100;1.595196;0.249918;-0.030708;0.264594;-0.056580;0.016432;2.152415
17.77547;4.979930;1.542737;1.556052;4.993141;1.532632;1.594657;4.985792;1.525252;1.582014;0.249914;-0.031550;0.230690;-0.010777;0.018441;1.487496
17.79142;4.980114;1.555234;1.555133;4.985670;1.537228;1.580094;4.992850;1.547704;1.575006;0.249971;-0.018367;0.239537;-0.038383;0.014796;1.138614
17.81044;4.980310;1.567732;1.554757;4.992831;1.560077;1.569584;4.991538;1.551984;1.584608;0.249995;-0.007537;0.247465;-0.108438;0.019342;1.710339
17.82876;4.980510;1.580229;1.553781;4.991325;1.566418;1.586487;4.978967;1.580622;1.593931;0.249967;-0.019518;0.288717;0.037585;0.001592;2.300468
17.84678;4.980723;1.592722;1.552024;4.978698;1.592035;1.594794;4.985338;1.594530;1.581621;0.249893;-0.035143;0.228316;0.017260;0.004956;1.695808
17.86433;4.980957;1.605218;1.551116;4.985223;1.606274;1.579560;4.995671;1.601023;1.572682;0.249971;-0.018156;0.234893;-0.041212;0.015300;1.235673
17.88036;4.981203;1.617716;1.550926;4.995670;1.612429;1.569038;4.997643;1.614870;1.573049;0.249999;-0.003792;0.228123;-0.072891;0.016684;1.267535
17.89795;4.981452;1.630213;1.550749;4.997624;1.627772;1.571465;4.988231;1.620135;1.582720;0.249999;-0.003539;0.258029;-0.031684;0.012146;1.831809
17.91447;4.981702;1.642709;1.549825;4.988094;1.631379;1.583120;4.983349;1.634365;1.568550;0.249970;-0.018487;0.224897;0.007988;0.008505;1.072875
17.93067;4.981964;1.655206;1.549663;4.983368;1.646441;1.569923;4.975068;1.652516;1.566273;0.249999;-0.003241;0.241531;0.027463;0.007403;0.951695
17.94720;4.982229;1.667704;1.549487;4.975106;1.663351;1.568408;4.973511;1.673515;1.588338;0.249999;-0.003509;0.216699;0.042697;0.010477;2.226007
17.96324;4.982495;1.680197;1.548062;4.973232;1.688866;1.589557;4.978218;1.696760;1.581564;0.249919;-0.030606;0.307078;0.024373;0.017106;1.919510
17.97726;4.982779;1.692692;1.547020;4.978110;1.709790;1.576533;4.983931;1.689978;1.569706;0.249962;-0.020834;0.260621;-0.100616;0.002948;1.299818
17.99428;4.983076;1.705188;1.546794;4.983937;1.700828;1.570767;4.992571;1.712682;1.547990;0.249998;-0.004518;0.216991;0.021221;0.012096;0.068480
18.01007;4.983376;1.717682;1.547818;4.992819;1.724796;1.552731;4.981694;1.734074;1.551082;0.249947;0.024656;0.242319;0.094825;0.016478;0.187001
18.02662;4.983663;1.730177;1.548665;4.981919;1.745821;1.552202;4.984018;1.739258;1.547149;0.249975;0.016931;0.234999;0.022393;0.009088;0.086862
18.04363;4.983940;1.742672;1.549790;4.984256;1.751129;1.554356;4.990479;1.757586;1.563254;0.249956;0.022495;0.237471;0.144134;0.016285;0.771422
18.06232;4.984202;1.755169;1.550066;4.990575;1.768817;1.561351;4.973601;1.758197;1.559036;0.249997;0.005528;0.224622;-0.038056;0.011025;0.513943
18.08035;4.984462;1.767666;1.550283;4.973758;1.770377;1.556769;4.996223;1.761900;1.538835;0.249998;0.004341;0.243628;-0.045333;0.013099;0.655927
18.09897;4.984718;1.780158;1.551750;4.996585;1.774431;1.545043;4.993811;1.780462;1.544914;0.249881;0.036954;0.250727;0.124168;0.009098;0.391662
18.11853;4.984956;1.792652;1.553188;4.994125;1.792419;1.544142;5.000143;1.789140;1.544099;0.249928;0.028752;0.239222;-0.015456;0.015588;0.520749
18.13751;4.985176;1.805145;1.554792;5.000467;1.801571;1.545431;4.992535;1.797651;1.568443;0.249911;0.032090;0.248713;0.026633;0.010503;0.782141
18.15207;4.985376;1.817644;1.555147;4.992546;1.807513;1.570937;4.990312;1.803397;1.583430;0.250000;0.000026;0.197229;0.049884;0.015077;1.620511
18.16860;4.985571;1.830141;1.554251;4.990154;1.815314;1.584669;5.003850;1.816883;1.570705;0.249969;-0.018797;0.238356;0.024772;0.022581;0.942730
18.18461;4.985778;1.842639;1.554329;5.003864;1.827738;1.568461;4.993930;1.837110;1.570854;0.250000;0.001561;0.217104;-0.044891;0.009850;0.946771
18.20117;4.985984;1.855137;1.554211;4.993930;1.849683;1.570685;4.987994;1.852821;1.560961;0.250000;-0.002372;0.251464;-0.003367;0.003067;0.386761
18.21691;4.986191;1.867635;1.554572;4.988125;1.865132;1.559312;4.983479;1.860702;1.564329;0.249995;0.007225;0.246228;-0.032987;0.007445;0.559018
18.23556;4.986394;1.880134;1.554644;4.983581;1.874126;1.562139;4.975921;1.881631;1.558729;0.250000;0.001446;0.268475;-0.043803;0.010580;0.234059
18.25112;4.986596;1.892632;1.554905;4.976113;1.893811;1.551302;4.988533;1.894017;1.561375;0.249998;0.005214;0.243635;-0.148540;0.002381;0.370710
18.26860;4.986795;1.905130;1.555249;4.988650;1.905115;1.559277;4.987737;1.906576;1.557645;0.249996;0.006875;0.221965;-0.041959;0.001726;0.137305
18.28562;4.986989;1.917628;1.555800;4.987892;1.919129;1.559205;4.993330;1.916389;1.551291;0.249989;0.011024;0.251089;0.031201;0.006461;0.258367
18.30365;4.987176;1.930125;1.556841;4.993533;1.929878;1.560169;4.993032;1.923363;1.559938;0.249962;0.020811;0.269813;0.177570;0.008945;0.177447
18.32170;4.987351;1.942623;1.557356;4.993175;1.936789;1.560256;4.994491;1.936527;1.564049;0.249991;0.010313;0.268542;0.006376;0.009388;0.383448
18.33934;4.987519;1.955122;1.557653;4.994593;1.951226;1.563735;4.994487;1.944477;1.573898;0.249997;0.005939;0.293971;-0.006276;0.012723;0.930754
18.35436;4.987683;1.967621;1.557359;4.994447;1.957134;1.573979;4.985426;1.958244;1.559390;0.249997;-0.005887;0.253148;0.001625;0.009644;0.116386
18.37240;4.987851;1.980119;1.557756;4.985588;1.972183;1.558912;4.992955;1.974985;1.563843;0.249995;0.007938;0.278805;-0.009564;0.007240;0.348792
18.38976;4.988014;1.992618;1.558033;4.993039;1.986714;1.563494;4.969746;1.999586;1.569213;0.249997;0.005549;0.234591;-0.006992;0.019552;0.640534
18.40528;4.988174;2.005117;1.557523;4.969752;2.012438;1.571494;4.969879;2.000322;1.590250;0.249991;-0.010199;0.257056;0.045632;0.018913;1.875117
18.42181;4.988339;2.017610;1.555763;4.969633;2.013853;1.587714;4.965892;2.027181;1.594117;0.249891;-0.035394;0.270671;-0.050719;0.024402;2.197487
18.43954;4.988527;2.030101;1.553676;4.965604;2.039247;1.595338;4.980635;2.044887;1.596128;0.249849;-0.041752;0.241390;0.024423;0.016760;2.432350
18.45555;4.988741;2.042593;1.551763;4.980278;2.058601;1.597605;4.984384;2.052365;1.586414;0.249873;-0.038262;0.274379;0.029531;0.010699;1.985384
18.47163;4.988979;2.055088;1.550508;4.984177;2.065539;1.586643;5.001464;2.058867;1.586449;0.249945;-0.025099;0.263512;0.004587;0.013045;2.059274
18.48829;4.989233;2.067584;1.549598;5.001304;2.069831;1.584386;4.990800;2.071499;1.596003;0.249971;-0.018185;0.219298;-0.041262;0.004217;2.658802
18.50399;4.989497;2.080076;1.547897;4.990549;2.082463;1.591224;4.983194;2.066663;1.574193;0.249900;-0.034018;0.219327;-0.095587;0.014820;1.506645
18.52152;4.989784;2.092572;1.547350;4.983161;2.079621;1.572499;5.002668;2.086996;1.570630;0.249990;-0.010951;0.259164;-0.033880;0.014039;1.333850
18.54374;4.990077;2.105069;1.547415;5.002672;2.100805;1.570298;4.999780;2.106347;1.561260;0.250000;0.001299;0.276183;-0.006631;0.009787;0.793253
18.56227;4.990369;2.117565;1.547982;4.999897;2.119028;1.561966;5.001190;2.112576;1.574549;0.249989;0.011353;0.253641;0.014130;0.011915;1.522153
18.58168;4.990654;2.130062;1.547782;5.001129;2.127492;1.575165;5.003198;2.128166;1.559428;0.249999;-0.004009;0.298314;0.012318;0.012686;0.667260
18.59922;4.990942;2.142557;1.548531;5.003358;2.141666;1.558486;5.002646;2.132635;1.561135;0.249981;0.014978;0.270009;-0.018836;0.015344;0.722163
18.61674;4.991220;2.155053;1.549166;5.002777;2.145487;1.560062;4.993297;2.142244;1.543657;0.249986;0.012701;0.257037;-0.021464;0.012977;0.315663
18.63526;4.991490;2.167547;1.550654;4.993645;2.156398;1.548861;4.987307;2.149429;1.558184;0.249923;0.029753;0.283163;0.104088;0.018594;0.431471
18.65141;4.991742;2.180044;1.551143;4.987427;2.159940;1.560482;4.995785;2.169332;1.562595;0.249992;0.009791;0.210218;0.045964;0.011450;0.656155
18.66743;4.991988;2.192541;1.551546;4.995876;2.182480;1.565160;4.981899;2.191139;1.551981;0.249994;0.008055;0.262971;0.051304;0.010186;0.024915
18.68345;4.992228;2.205038;1.552288;4.982121;2.204946;1.557436;4.985369;2.209298;1.564079;0.249981;0.014846;0.276181;0.109106;0.008074;0.675552
18.69999;4.992460;2.217536;1.552377;4.985468;2.221693;1.561578;4.981314;2.230078;1.544925;0.250000;0.001770;0.247909;-0.050009;0.016779;0.426936
18.71664;4.992690;2.230031;1.553524;4.981629;2.242562;1.546132;4.994854;2.239053;1.534787;0.249954;0.022950;0.249772;0.024140;0.009278;1.073567
18.73236;4.992906;2.242522;1.555573;4.995183;2.249331;1.542844;4.994012;2.259086;1.531417;0.249854;0.040975;0.205656;0.161136;0.016601;1.384036
18.74913;4.993096;2.255012;1.557805;4.994482;2.271076;1.531906;4.973789;2.268607;1.533053;0.249827;0.044634;0.239982;0.009785;0.023613;1.418188
18.76564;4.993258;2.267506;1.559493;4.974288;2.282222;1.535250;4.973913;2.275900;1.557115;0.249901;0.033777;0.272491;0.043949;0.021087;0.136295
18.78435;4.993399;2.280005;1.559932;4.974067;2.288190;1.559469;4.985613;2.292419;1.559836;0.249998;0.004927;0.245812;0.047077;0.014654;0.005523
18.80395;4.993535;2.292504;1.560271;4.985778;2.305726;1.557005;4.997917;2.306290;1.543015;0.249996;0.006776;0.266153;-0.056625;0.014465;0.988699
18.81947;4.993667;2.304999;1.561860;4.998244;2.317939;1.542460;4.987425;2.319888;1.536204;0.249909;0.032409;0.233075;-0.011097;0.016145;1.469959
18.83850;4.993778;2.317493;1.563654;4.987825;2.331854;1.538651;4.986357;2.332963;1.542912;0.249888;0.035880;0.239449;0.048931;0.017158;1.188443
18.85332;4.993868;2.329989;1.565020;4.986698;2.345242;1.543027;4.984034;2.331900;1.544874;0.249935;0.027323;0.245670;0.002303;0.010018;1.154269
18.87135;4.993940;2.342487;1.566216;4.984307;2.343036;1.547706;4.977370;2.339062;1.545027;0.249950;0.023925;0.222795;0.056640;0.016920;1.214058
18.88960;4.993997;2.354985;1.567252;4.977662;2.351314;1.548962;4.983512;2.353628;1.549136;0.249963;0.020718;0.245119;0.078701;0.010572;1.037983
18.90766;4.994041;2.367483;1.568178;4.983741;2.364616;1.550795;5.006182;2.380261;1.549252;0.249970;0.018516;0.219802;0.033176;0.017626;1.084398
18.92380;4.994074;2.379979;1.569612;5.006457;2.393885;1.552059;5.012630;2.390041;1.540512;0.249929;0.028685;0.272545;0.056150;0.021108;1.667325
18.93872;4.994089;2.392472;1.571720;5.013028;2.403543;1.542164;5.009720;2.401714;1.539756;0.249846;0.042148;0.270164;0.033031;0.018159;1.831379
18.95633;4.994077;2.404964;1.573807;5.010095;2.413925;1.540427;5.000298;2.411646;1.549375;0.249849;0.041737;0.244333;0.013411;0.009130;1.399811
18.97186;4.994040;2.417461;1.575099;5.000532;2.424480;1.555759;4.996167;2.423356;1.547505;0.249942;0.025844;0.256715;0.127666;0.006267;1.580981
18.98840;4.993986;2.429958;1.576407;4.996474;2.436242;1.546570;4.989769;2.423439;1.551078;0.249941;0.026164;0.257801;-0.018705;0.007763;1.451269
19.00400;4.993916;2.442456;1.577352;4.990036;2.436428;1.549483;4.992929;2.440889;1.553527;0.249969;0.018898;0.259834;-0.031891;0.001852;1.365086
19.02353;4.993834;2.454955;1.578222;4.993155;2.454003;1.553654;5.003453;2.455580;1.551430;0.249974;0.017408;0.262316;0.002541;0.009640;1.535107
19.04257;4.993741;2.467452;1.579466;5.003688;2.467222;1.549907;5.000125;2.471134;1.532909;0.249946;0.024869;0.232902;-0.030452;0.007370;2.667509
19.06083;4.993633;2.479942;1.581742;5.000572;2.482660;1.531222;4.997035;2.474638;1.526000;0.249820;0.045524;0.230705;-0.033748;0.006302;3.193763
19.07585;4.993496;2.492430;1.584359;4.997561;2.486984;1.530422;4.996172;2.482210;1.534453;0.249762;0.052346;0.247146;0.088438;0.010564;2.859414
19.09338;4.993327;2.504921;1.586449;4.996625;2.494839;1.535375;5.008584;2.501258;1.549909;0.249848;0.041787;0.252741;0.018435;0.015691;2.093555
19.11041;4.993131;2.517416;1.587908;5.008855;2.514762;1.551615;5.005094;2.507675;1.552511;0.249926;0.029187;0.270139;0.034118;0.015427;2.028117
19.12844;4.992917;2.529911;1.589128;5.005318;2.519329;1.550700;5.012340;2.519950;1.550335;0.249948;0.024396;0.233119;-0.036216;0.021828;2.222677
19.14446;4.992688;2.542405;1.590654;5.012570;2.532307;1.554083;5.001243;2.542885;1.558573;0.249919;0.030525;0.247176;0.074966;0.008568;1.838112
19.16113;4.992440;2.554902;1.591418;5.001390;2.554931;1.558502;5.000919;2.564732;1.581227;0.249980;0.015275;0.240937;-0.001426;0.012982;0.583862
19.17715;4.992182;2.567398;1.590932;5.000757;2.578758;1.583471;4.999994;2.571076;1.592462;0.249987;-0.012064;0.280531;0.044878;0.008634;0.087707
19.19376;4.991931;2.579893;1.589631;4.999737;2.583534;1.590317;5.001312;2.578307;1.574148;0.249941;-0.026002;0.249205;-0.042914;0.009515;0.887151
19.20928;4.991695;2.592391;1.589463;5.001267;2.590429;1.574953;5.000772;2.604981;1.592084;0.249999;-0.003371;0.242425;0.016114;0.015521;0.150160
19.22534;4.991462;2.604886;1.588205;5.000525;2.617146;1.590199;5.000195;2.605868;1.588331;0.249945;-0.025158;0.243352;-0.037686;0.008788;0.007206
19.24238;4.991244;2.617382;1.587158;5.000016;2.617096;1.585111;5.003344;2.619172;1.579869;0.249962;-0.020944;0.224583;-0.064390;0.012231;0.417630
19.25845;4.991040;2.629880;1.586698;5.003246;2.632699;1.576179;4.989485;2.638848;1.576516;0.249993;-0.009202;0.270548;-0.073793;0.009102;0.583341
19.27649;4.990841;2.642378;1.586087;4.989425;2.651791;1.574316;4.983685;2.647097;1.577923;0.249987;-0.012208;0.258873;-0.044016;0.008572;0.467786
19.29453;4.990650;2.654875;1.585244;4.983578;2.660059;1.580104;4.989610;2.655708;1.566748;0.249975;-0.016873;0.259242;0.043622;0.001333;1.059739
19.31357;4.990469;2.667374;1.585221;4.989633;2.668415;1.571136;4.991895;2.666709;1.557417;0.250000;-0.000460;0.254129;0.087765;0.001573;1.593007
19.33061;4.990289;2.679872;1.585815;4.992062;2.679151;1.557316;4.990216;2.687477;1.558648;0.249988;0.011886;0.248865;-0.002032;0.007606;1.556542
19.34559;4.990101;2.692370;1.586290;4.990355;2.699269;1.559340;4.984380;2.692428;1.552481;0.249992;0.009501;0.235852;0.013838;0.005722;1.937132
19.36165;4.989908;2.704868;1.586983;4.984614;2.704555;1.550611;4.993614;2.708534;1.537589;0.249983;0.013856;0.242581;-0.037389;0.005213;2.830066
19.37866;4.989705;2.717360;1.588808;4.994038;2.721516;1.538711;4.997013;2.709975;1.547256;0.249884;0.036505;0.259782;0.022447;0.010389;2.380768
19.39569;4.989480;2.729855;1.590142;4.997307;2.723253;1.549975;4.981923;2.734228;1.562299;0.249938;0.026683;0.265629;0.054392;0.008732;1.595286
19.41179;4.989239;2.742353;1.590226;4.982020;2.747681;1.564902;4.981993;2.748682;1.558050;0.250000;0.000623;0.269060;0.052065;0.009621;1.843544
19.42939;4.988996;2.754850;1.590511;4.982167;2.760847;1.554866;4.992386;2.752901;1.564062;0.249997;0.005697;0.243339;-0.063693;0.003910;1.515425
19.44540;4.988749;2.767348;1.590712;4.992465;2.765050;1.564436;4.997370;2.763090;1.557531;0.249999;0.004015;0.242982;0.007488;0.009615;1.901141
19.46061;4.988500;2.779844;1.591437;4.997549;2.776602;1.557543;4.997639;2.774805;1.553803;0.249982;0.014508;0.270259;0.000247;0.010436;2.156301
19.47864;4.988242;2.792340;1.592393;4.997843;2.787603;1.555934;5.005008;2.795654;1.550905;0.249968;0.019119;0.255994;0.042634;0.017090;2.377107
19.49466;4.987973;2.804834;1.593723;5.005276;2.808801;1.549887;4.993342;2.799096;1.560801;0.249939;0.026596;0.262997;-0.020353;0.007859;1.886316
19.51169;4.987686;2.817330;1.594141;4.993472;2.811713;1.560309;4.995939;2.813080;1.567851;0.249994;0.008365;0.252351;-0.009838;0.009283;1.506352
19.52957;4.987394;2.829827;1.594207;4.995991;2.826026;1.565701;4.983896;2.823646;1.582980;0.250000;0.001306;0.258935;-0.042997;0.007102;0.643216
19.54712;4.987102;2.842321;1.593032;4.983760;2.835792;1.581020;4.990171;2.826262;1.587189;0.249952;-0.023500;0.242944;-0.039202;0.016350;0.334772
19.56350;4.986824;2.854815;1.591777;4.989991;2.838283;1.584375;4.982599;2.855247;1.577647;0.249945;-0.025097;0.240449;-0.056274;0.004247;0.809565
19.58354;4.986562;2.867311;1.590879;4.982523;2.867552;1.576371;4.974581;2.861247;1.578927;0.249972;-0.017957;0.246112;-0.025523;0.013428;0.684808
19.60108;4.986311;2.879806;1.589678;4.974486;2.874151;1.577394;4.984958;2.877436;1.572912;0.249950;-0.024018;0.258088;-0.030650;0.002729;0.960633
19.62053;4.986075;2.892303;1.589126;4.984927;2.891521;1.573150;4.982906;2.891182;1.552295;0.249989;-0.011042;0.281714;0.004760;0.003361;2.110238
19.63555;4.985846;2.904801;1.589750;4.983110;2.902937;1.554629;4.972396;2.899342;1.545670;0.249986;0.012474;0.235125;0.046672;0.014515;2.525597
19.65334;4.985609;2.917298;1.590469;4.972707;2.911795;1.546025;4.977091;2.915018;1.533580;0.249982;0.014384;0.249153;0.007098;0.008817;3.259520
19.66937;4.985363;2.929791;1.592043;4.977567;2.927754;1.533298;4.981480;2.931847;1.521300;0.249914;0.031476;0.254885;-0.005627;0.004393;4.053233
19.68571;4.985097;2.942278;1.594475;4.982061;2.943577;1.521400;4.990722;2.944170;1.503248;0.249795;0.048650;0.234889;0.001996;0.005934;5.226922
19.70176;4.984802;2.954749;1.598158;4.991565;2.957310;1.510239;4.990127;2.954188;1.511888;0.249503;0.075642;0.263340;0.139814;0.005355;4.942868
19.71829;4.984461;2.967226;1.601403;4.990910;2.967447;1.511814;4.987290;2.963062;1.522025;0.249634;0.064899;0.265642;-0.001488;0.005034;4.548015
19.73557;4.984078;2.979709;1.603954;4.987981;2.977986;1.527032;4.989772;2.961702;1.516168;0.249774;0.051038;0.298781;0.100152;0.018886;5.029774
19.75122;4.983665;2.992187;1.606931;4.990554;2.976335;1.518633;4.991334;2.978446;1.527952;0.249692;0.059532;0.293088;0.049285;0.015737;4.525181
19.77175;4.983213;3.004670;1.609245;4.991876;2.991201;1.528668;4.981893;3.002437;1.530761;0.249814;0.046269;0.255328;0.014315;0.002594;4.496790
19.79047;4.982733;3.017154;1.611103;4.982400;3.015057;1.530436;4.983855;3.015888;1.526096;0.249880;0.037165;0.252590;-0.006495;0.001693;4.870529
19.80658;4.982230;3.029636;1.613297;4.984386;3.027961;1.527738;4.990194;3.038376;1.525202;0.249833;0.043876;0.241694;0.032842;0.011824;5.047450
19.82406;4.981699;3.042114;1.615732;4.990788;3.052057;1.529660;4.966182;3.049103;1.557918;0.249794;0.048714;0.273893;0.089154;0.017019;3.312530
19.84159;4.981138;3.054602;1.616918;4.966352;3.060938;1.554835;4.969384;3.059859;1.556549;0.249998;-0.005345;0.236727;-0.061649;0.012876;3.458887
19.85832;4.980561;3.067088;1.616854;4.969563;3.072546;1.556800;4.965856;3.085700;1.572465;0.250000;-0.001838;0.253768;0.005028;0.023720;2.543282
19.87433;4.979986;3.079573;1.615684;4.965867;3.097708;1.567411;4.971379;3.099577;1.570547;0.249952;-0.023404;0.240161;-0.101090;0.021777;2.586143
19.89236;4.979425;3.092059;1.614795;4.971390;3.113596;1.569454;4.980474;3.113594;1.578726;0.249973;-0.017772;0.280396;-0.021861;0.021561;2.066575
19.90860;4.978875;3.104544;1.613698;4.980392;3.127953;1.574185;4.971305;3.114809;1.559483;0.249958;-0.021937;0.287176;-0.090837;0.012754;3.106314
19.92418;4.978339;3.117033;1.613464;4.971475;3.126929;1.554071;4.968973;3.126317;1.554302;0.249998;-0.004688;0.242428;-0.108240;0.013188;3.389716
19.94127;4.977806;3.129522;1.613460;4.969188;3.139991;1.555807;4.959981;3.140084;1.566725;0.250000;-0.000077;0.273508;0.030101;0.020719;2.677722
19.95733;4.977273;3.142008;1.612413;4.960043;3.151915;1.564441;4.970158;3.144178;1.568103;0.249962;-0.020930;0.236613;-0.045671;0.007439;2.538792
19.97384;4.976753;3.154496;1.611610;4.970189;3.154418;1.567344;4.964179;3.143136;1.543467;0.249978;-0.016063;0.204801;-0.015180;0.016946;3.904305
19.99137;4.976243;3.166985;1.612057;4.964524;3.156160;1.545168;4.971403;3.155330;1.530330;0.249992;0.009648;0.260567;0.034012;0.012620;4.682640
20.00953;4.975727;3.179471;1.613555;4.971874;3.167548;1.534257;4.980400;3.174489;1.537207;0.249922;0.029959;0.244544;0.078542;0.006830;4.374409
20.02956;4.975193;3.191956;1.614926;4.980865;3.188301;1.537020;4.977580;3.182087;1.536518;0.249935;0.027423;0.276393;-0.003749;0.010154;4.492435
20.05013;4.974642;3.204441;1.616243;4.978013;3.195034;1.538200;4.979220;3.204646;1.550015;0.249940;0.026335;0.259087;0.033631;0.004582;3.794610
20.06564;4.974074;3.216928;1.616795;4.979459;3.217204;1.553514;4.970317;3.219008;1.571837;0.249989;0.011049;0.251199;0.069989;0.004295;2.575907
20.08267;4.973499;3.229412;1.616098;4.970332;3.231180;1.567200;4.973588;3.229929;1.562309;0.249961;-0.021247;0.243441;-0.092750;0.000524;3.081887
20.10113;4.972933;3.241899;1.615712;4.973685;3.243422;1.564890;4.982083;3.244834;1.567273;0.249995;-0.007719;0.269875;0.051631;0.009608;2.775331
20.11869;4.972372;3.254387;1.615311;4.982144;3.257379;1.564603;4.983853;3.247938;1.555272;0.249994;-0.008022;0.250914;-0.053399;0.013168;3.439967
20.13367;4.971816;3.266874;1.615689;4.984054;3.260647;1.554652;4.977864;3.269424;1.554179;0.249995;0.007570;0.254224;-0.012404;0.006564;3.524310
20.15210;4.971255;3.279361;1.615919;4.978080;3.282081;1.553279;4.971597;3.270364;1.567016;0.249998;0.004593;0.253175;-0.017982;0.009004;2.801925
20.16562;4.970691;3.291847;1.615161;4.971637;3.282874;1.568171;4.973158;3.283428;1.557346;0.249980;-0.015168;0.250215;0.023097;0.008773;3.312543
20.18229;4.970137;3.304335;1.615030;4.973305;3.294913;1.558747;4.975786;3.285764;1.562217;0.249999;-0.002622;0.229716;0.028023;0.019412;3.025932
20.19781;4.969584;3.316823;1.614697;4.975867;3.298038;1.566134;4.979617;3.316185;1.571918;0.249996;-0.006654;0.245498;0.078346;0.010053;2.451024
20.21438;4.969035;3.329310;1.613903;4.979618;3.326573;1.569586;4.970951;3.332885;1.571296;0.249978;-0.015872;0.207755;-0.046654;0.004056;2.441221
20.23061;4.968497;3.341796;1.612828;4.970941;3.345879;1.571938;4.968009;3.335242;1.597597;0.249960;-0.021507;0.259895;0.012842;0.006572;0.872641
20.25017;4.967972;3.354272;1.610503;4.967729;3.346291;1.594620;4.975078;3.340951;1.587495;0.249735;-0.055219;0.221054;-0.059558;0.015097;1.318239
20.26970;4.967476;3.366756;1.608599;4.974874;3.353901;1.585563;4.957017;3.355944;1.602987;0.249874;-0.038063;0.259032;-0.038638;0.015043;0.321559
20.28571;4.967005;3.379225;1.605446;4.956670;3.367684;1.597642;4.961385;3.370784;1.589931;0.249575;-0.069995;0.234903;-0.106912;0.010140;0.888979
20.30279;4.966572;3.391706;1.602876;4.961159;3.383325;1.587813;4.973480;3.388758;1.593622;0.249771;-0.051398;0.250861;-0.042356;0.007511;0.530230
20.32141;4.966171;3.404190;1.600519;4.973183;3.401836;1.593435;4.966509;3.397727;1.589413;0.249807;-0.047140;0.261629;-0.003736;0.006472;0.636356
20.33760;4.965800;3.416675;1.598148;4.966259;3.410517;1.591203;4.969213;3.425539;1.603255;0.249805;-0.047419;0.255841;0.035794;0.009498;0.292597
20.35415;4.965459;3.429154;1.595028;4.968841;3.438243;1.596908;4.974748;3.435613;1.592456;0.249662;-0.062412;0.254189;-0.126935;0.011314;0.147379
20.37067;4.965156;3.441641;1.592760;4.974490;3.447694;1.591846;4.962381;3.438305;1.587614;0.249821;-0.045360;0.241678;-0.012198;0.004339;0.294830
20.38675;4.964882;3.454127;1.590306;4.962194;3.450391;1.585003;4.970921;3.462533;1.580892;0.249791;-0.049082;0.241747;-0.052216;0.010351;0.539364
20.40258;4.964638;3.466620;1.588565;4.970830;3.473880;1.576783;4.974193;3.461005;1.572660;0.249895;-0.034808;0.226935;-0.082185;0.011083;0.911318
20.41929;4.964416;3.479116;1.587447;4.974191;3.472821;1.569350;4.976576;3.478766;1.562640;0.249957;-0.022357;0.236321;-0.066198;0.012165;1.421381
20.43583;4.964208;3.491614;1.587013;4.976693;3.491029;1.559861;4.972347;3.498614;1.569213;0.249993;-0.008688;0.245280;-0.055567;0.010736;1.019853
20.45331;4.964005;3.504110;1.586003;4.972367;3.511273;1.569202;4.962420;3.497587;1.580629;0.249965;-0.020200;0.253164;-0.000217;0.006713;0.307933
20.46899;4.963815;3.516601;1.583913;4.962326;3.510859;1.575108;4.948636;3.526414;1.580661;0.249848;-0.041808;0.265461;-0.110417;0.018075;0.186289
20.48953;4.963651;3.529088;1.581230;4.948516;3.540440;1.578075;4.959227;3.534580;1.586116;0.249750;-0.053649;0.280534;-0.051734;0.007053;0.279938
20.50757;4.963521;3.541575;1.578642;4.959041;3.547371;1.584502;4.951229;3.547408;1.598875;0.249767;-0.051763;0.255847;-0.032279;0.013606;1.159285
20.52410;4.963423;3.554051;1.574944;4.950905;3.559397;1.596782;4.945400;3.565908;1.602305;0.249525;-0.073970;0.239868;-0.041859;0.021574;1.567684
20.54063;4.963372;3.566521;1.570770;4.945084;3.576448;1.599292;4.959761;3.577246;1.600479;0.249395;-0.083476;0.210898;-0.060254;0.011317;1.702230
20.55615;4.963372;3.579000;1.567292;4.959445;3.589870;1.591057;4.964748;3.594769;1.591684;0.249580;-0.069550;0.252565;-0.188449;0.015829;1.397542
20.57368;4.963416;3.591487;1.564534;4.964507;3.608848;1.584176;4.962648;3.605958;1.586842;0.249736;-0.055163;0.281629;-0.150165;0.014491;1.278130
20.59074;4.963494;3.603975;1.561964;4.962453;3.619887;1.582818;4.972022;3.601403;1.569454;0.249771;-0.051399;0.278606;-0.080478;0.008908;0.429120
20.60828;4.963604;3.616472;1.560644;4.972022;3.615272;1.572131;4.968948;3.609936;1.572748;0.249956;-0.022391;0.277363;0.053549;0.008443;0.693502
20.62453;4.963731;3.628968;1.559187;4.968955;3.621993;1.567752;4.958624;3.614654;1.572686;0.249926;-0.029144;0.241134;-0.099929;0.015198;0.773420
20.64055;4.963876;3.641461;1.557282;4.958612;3.626366;1.570997;4.958426;3.630014;1.576168;0.249874;-0.038097;0.234252;-0.033773;0.012678;1.082072
20.65661;4.964045;3.653952;1.555140;4.958352;3.641913;1.577837;4.960029;3.657347;1.593972;0.249841;-0.042850;0.237989;0.033383;0.005259;2.224940
20.67299;4.964240;3.666433;1.551963;4.959768;3.668779;1.593315;4.960396;3.672237;1.600455;0.249650;-0.063525;0.228698;-0.013145;0.006962;2.778363
20.68952;4.964475;3.678908;1.548395;4.960072;3.683942;1.596560;4.953548;3.675378;1.603308;0.249558;-0.071373;0.234183;-0.077895;0.011484;3.146271
20.70673;4.964755;3.691377;1.544341;4.953192;3.687422;1.597439;4.951010;3.681842;1.593416;0.249430;-0.081078;0.241002;-0.117379;0.016728;2.811803
20.72732;4.965085;3.703850;1.540755;4.950779;3.693381;1.588303;4.964190;3.697007;1.589810;0.249554;-0.071722;0.230828;-0.102268;0.006901;2.810646
20.74839;4.965460;3.716331;1.537965;4.963959;3.708882;1.590607;4.960293;3.714210;1.565475;0.249730;-0.055788;0.237553;0.015951;0.005585;1.576179
20.76441;4.965870;3.728820;1.536426;4.960343;3.725976;1.567708;4.957239;3.723879;1.554703;0.249918;-0.030660;0.235314;0.044664;0.009945;1.047201
20.78145;4.966299;3.741311;1.535382;4.957439;3.736897;1.556236;4.962744;3.737245;1.555673;0.249962;-0.020883;0.260401;0.030649;0.005401;1.162621
20.80002;4.966742;3.753802;1.534520;4.962927;3.749697;1.556493;4.975537;3.746003;1.547458;0.249974;-0.017247;0.249070;0.016399;0.011754;0.741348
20.81659;4.967195;3.766293;1.534749;4.975780;3.757346;1.551394;4.975684;3.743230;1.554675;0.249998;0.004599;0.226906;0.078717;0.024576;1.141633
20.83462;4.967646;3.778785;1.534556;4.975920;3.757396;1.553654;4.987375;3.766523;1.544762;0.249999;-0.003869;0.283355;-0.020417;0.023229;0.584739
20.85118;4.968099;3.791275;1.535504;4.987725;3.780737;1.547557;4.981960;3.776366;1.543424;0.249969;0.018960;0.284374;0.055897;0.020357;0.453801
20.86870;4.968540;3.803767;1.536262;4.982334;3.789699;1.541968;4.973160;3.790325;1.524179;0.249980;0.015156;0.266754;-0.029132;0.014214;0.692319
20.88300;4.968971;3.816255;1.537728;4.973715;3.802569;1.526846;4.968243;3.818121;1.542426;0.249925;0.029320;0.245133;0.053339;0.002002;0.269170
20.90060;4.969385;3.828748;1.537944;4.968587;3.830938;1.545575;4.964728;3.825565;1.552009;0.250000;0.001809;0.256446;0.062988;0.005641;0.805851
20.91706;4.969795;3.841241;1.537270;4.964946;3.838376;1.555488;4.967208;3.827612;1.557032;0.249984;-0.013484;0.256262;0.069580;0.013873;1.132301
20.93434;4.970214;3.853733;1.536418;4.967393;3.841378;1.557616;4.982693;3.835537;1.556021;0.249975;-0.017039;0.275355;0.011683;0.022064;1.123210
20.95000;4.970644;3.866225;1.536413;4.982873;3.849172;1.559219;4.977276;3.854911;1.545388;0.250000;-0.000104;0.272737;0.063949;0.013115;0.514280
20.97256;4.971073;3.878718;1.536747;4.977647;3.869016;1.543635;4.966833;3.860694;1.550886;0.249996;0.006679;0.282201;-0.035065;0.018516;0.810159
20.98962;4.971499;3.891210;1.536195;4.967071;3.872259;1.549493;4.966032;3.888991;1.547262;0.249989;-0.011032;0.231351;-0.027876;0.005900;0.634113
21.00566;4.971931;3.903702;1.535773;4.966304;3.901443;1.550624;4.970318;3.906610;1.554757;0.249994;-0.008437;0.249104;0.067240;0.003326;1.087721
21.02168;4.972369;3.916194;1.535107;4.970528;3.917835;1.549422;4.973041;3.914613;1.527144;0.249985;-0.013321;0.224546;-0.106699;0.001718;0.456265
21.04033;4.972815;3.928684;1.535691;4.973599;3.927768;1.529667;4.970612;3.932922;1.540423;0.249956;0.022584;0.263334;0.050467;0.004777;0.271130
21.06836;4.973254;3.941176;1.535861;4.970982;3.945320;1.541620;4.980948;3.936840;1.523248;0.249999;0.003408;0.248082;0.023935;0.008832;0.722717
21.08239;4.973690;3.953663;1.537282;4.981560;3.949856;1.524479;4.970505;3.949088;1.525551;0.249890;0.035557;0.260606;0.024628;0.005574;0.672119
21.09916;4.974109;3.966154;1.538313;4.971004;3.960153;1.525949;4.974920;3.970581;1.530425;0.249963;0.020624;0.221508;0.007957;0.004501;0.451929
21.11803;4.974515;3.978646;1.539274;4.975435;3.983609;1.532060;4.968714;3.988976;1.525050;0.249968;0.019215;0.260749;0.032685;0.011848;0.814978
21.13138;4.974909;3.991138;1.540162;4.969308;4.001919;1.524737;4.972835;4.008729;1.510336;0.249973;0.017774;0.259133;-0.006243;0.017713;1.708907
21.14815;4.975288;4.003521;1.542146;4.973586;4.021410;1.512968;4.989850;4.013687;1.506545;0.247775;0.039676;0.254076;0.052634;0.017759;2.039794
21.16567;4.975641;4.015828;1.545380;4.990572;4.025634;1.514285;4.986827;4.024567;1.500697;0.246232;0.064753;0.239384;0.154803;0.014195;2.560118
21.18353;4.975950;4.027998;1.548776;4.987688;4.036788;1.500226;4.995156;4.025021;1.512728;0.243490;0.067914;0.245033;-0.009424;0.019435;2.065352
21.19918;4.976218;4.040165;1.551962;4.995902;4.037678;1.511115;4.996761;4.042237;1.508270;0.243404;0.063719;0.253565;-0.032273;0.020647;2.503348
21.21569;4.976443;4.052114;1.555510;4.997547;4.054833;1.508703;4.985202;4.060321;1.507009;0.239023;0.070973;0.252409;0.008660;0.012002;2.778942
21.23572;4.976623;4.063847;1.558393;4.985981;4.072402;1.505862;4.978820;4.062862;1.505975;0.234678;0.057649;0.242121;-0.022934;0.002408;3.003329
21.25440;4.976768;4.075553;1.560926;4.979347;4.071385;1.512138;4.978424;4.066089;1.495900;0.234136;0.050669;0.170785;0.123257;0.009607;3.725752
21.27095;4.976883;4.087214;1.564034;4.979338;4.078364;1.497166;4.984380;4.075927;1.509341;0.233227;0.062158;0.246177;0.025327;0.013549;3.133684
21.29062;4.976961;4.098754;1.566707;4.985129;4.088439;1.512662;4.986607;4.076955;1.517877;0.230822;0.053464;0.250674;0.066418;0.023838;2.797753
21.30744;4.977008;4.110285;1.569012;4.987237;4.088936;1.518594;4.972442;4.100553;1.533147;0.230615;0.046092;0.239969;0.014330;0.010750;2.054933
21.32465;4.977028;4.121533;1.570066;4.972884;4.112024;1.531433;4.976031;4.120764;1.535242;0.224962;0.008425;0.229596;-0.034262;0.001260;1.995293
21.34370;4.977036;4.132527;1.570564;4.976475;4.133110;1.534514;4.979851;4.130400;1.556694;0.219883;0.009960;0.247084;-0.014552;0.003528;0.794735
21.35728;4.977039;4.143400;1.570021;4.980018;4.140469;1.551714;4.982494;4.162975;1.549178;0.217450;-0.010877;0.201413;-0.099604;0.020321;1.194185
21.37534;4.977047;4.153865;1.570063;4.982694;4.172279;1.549343;4.976782;4.154376;1.545898;0.209302;0.000848;0.186138;0.003296;0.000575;1.384543
21.39236;4.977055;4.164439;1.569910;4.977034;4.164725;1.547060;4.974714;4.169503;1.556717;0.211485;-0.003062;0.207045;0.023237;0.005579;0.755918
21.40745;4.977064;4.174824;1.568928;4.974865;4.180949;1.558507;4.966590;4.177059;1.554452;0.207693;-0.019630;0.228935;0.035807;0.010710;0.829429
21.42347;4.977083;4.185116;1.567475;4.966763;4.187165;1.552927;4.979645;4.175108;1.543015;0.205844;-0.029078;0.202147;-0.030495;0.010330;1.401431
21.44127;4.977117;4.195430;1.567271;4.979959;4.186084;1.541264;4.984324;4.190390;1.532670;0.206285;0.003732;0.219597;-0.035017;0.008795;1.982447
21.45879;4.977153;4.205550;1.568317;4.984713;4.200675;1.533317;4.973353;4.212556;1.556406;0.202405;0.022519;0.205859;0.012939;0.007970;0.682446
21.47544;4.977177;4.215397;1.568113;4.973510;4.222536;1.553772;4.972617;4.220451;1.541588;0.196936;-0.023323;0.199614;-0.052669;0.006808;1.519769
21.49449;4.977204;4.225147;1.567759;4.972878;4.229666;1.543172;4.974484;4.236828;1.531285;0.195004;-0.007085;0.184376;0.031679;0.011994;2.089759
21.51385;4.977233;4.234692;1.568124;4.974814;4.245675;1.535629;4.960738;4.230166;1.537643;0.190896;0.007307;0.177065;0.086880;0.017104;1.746457
21.53137;4.977258;4.244326;1.567239;4.961025;4.238741;1.536950;4.979237;4.241749;1.537350;0.192678;-0.021363;0.171592;-0.013848;0.003249;1.712512
21.54893;4.977292;4.253807;1.567604;4.979539;4.250941;1.538717;4.983245;4.251017;1.526703;0.189630;0.007285;0.183947;0.027337;0.006575;2.343450
21.56395;4.977322;4.263170;1.568907;4.983589;4.259200;1.530747;4.972625;4.271293;1.527976;0.187249;0.026072;0.163806;0.080886;0.009383;2.345154
21.58248;4.977339;4.272285;1.569223;4.972945;4.278589;1.525906;4.969689;4.277025;1.536092;0.182303;0.006326;0.146053;-0.041419;0.009000;1.898293
21.59850;4.977353;4.281330;1.568792;4.969999;4.285928;1.535945;4.977286;4.290022;1.535020;0.180898;-0.008636;0.178164;-0.002934;0.008692;1.934951
21.61451;4.977371;4.290209;1.569019;4.977584;4.298283;1.534275;4.995700;4.283703;1.540800;0.177584;0.004552;0.165327;-0.014902;0.019449;1.616869
21.63255;4.977387;4.299160;1.570459;4.995993;4.293310;1.539938;4.981299;4.301160;1.521697;0.179026;0.028793;0.192223;-0.017237;0.004393;2.793879
21.64826;4.977390;4.307897;1.571800;4.981733;4.310390;1.525951;4.988511;4.303258;1.525907;0.174729;0.026815;0.184802;0.085096;0.012049;2.629467
21.66578;4.977381;4.316604;1.573504;4.988871;4.311615;1.529514;4.982699;4.324755;1.530064;0.174139;0.034081;0.167314;0.072142;0.009732;2.488930
21.68048;4.977358;4.325046;1.574411;4.983057;4.333832;1.532707;4.979673;4.322822;1.524918;0.168847;0.018140;0.181691;0.052871;0.003210;2.835714
21.69701;4.977328;4.333513;1.575363;4.980063;4.331278;1.524419;4.988068;4.330611;1.521497;0.169349;0.019044;0.169302;-0.009984;0.011125;3.086283
21.71369;4.977290;4.341878;1.577251;4.988482;4.338943;1.520796;4.985765;4.354928;1.518925;0.167291;0.037770;0.166845;-0.014030;0.015561;3.341828
21.73467;4.977238;4.349939;1.579040;4.986108;4.362009;1.525949;4.981875;4.355791;1.533315;0.161236;0.035769;0.141786;0.140460;0.007466;2.619832
21.75375;4.977171;4.357995;1.579601;4.982165;4.363354;1.531799;4.985787;4.351496;1.546637;0.161109;0.011224;0.151381;-0.030315;0.010792;1.888689
21.77347;4.977100;4.366103;1.579736;4.985981;4.359854;1.548558;4.975127;4.372295;1.544902;0.162164;0.002696;0.167207;0.038415;0.006499;1.995822
21.78953;4.977030;4.373954;1.578913;4.975309;4.379424;1.545666;4.979079;4.381689;1.546516;0.157035;-0.016453;0.142637;0.015281;0.008002;1.856217
21.80671;4.976967;4.381687;1.578341;4.979237;4.387827;1.543392;4.980974;4.378815;1.544265;0.154659;-0.011452;0.122810;-0.062488;0.004930;1.952418
21.82272;4.976908;4.389455;1.578095;4.981212;4.387582;1.543206;4.970995;4.386775;1.553368;0.155368;-0.004904;0.175402;-0.021171;0.006492;1.416771
21.83974;4.976852;4.397125;1.576600;4.971133;4.394863;1.554107;4.978407;4.411522;1.566111;0.153409;-0.035803;0.161782;0.014770;0.014481;0.601016
21.85726;4.976810;4.404482;1.574681;4.978448;4.418242;1.563277;4.970844;4.423003;1.570577;0.147143;-0.038389;0.134400;-0.056662;0.019458;0.235120
21.87378;4.976782;4.411695;1.571665;4.970861;4.429841;1.565941;4.979115;4.423024;1.552526;0.144251;-0.060323;0.136762;-0.092714;0.011567;1.096549
21.88930;4.976775;4.418910;1.569898;4.979257;4.430317;1.550124;4.980120;4.416500;1.554508;0.144315;-0.021493;0.145889;-0.048045;0.004123;0.881838
21.90633;4.976782;4.426207;1.568832;4.980230;4.422537;1.550774;4.967765;4.429461;1.546176;0.145936;-0.021322;0.120741;-0.074661;0.009586;1.298141
21.92437;4.976796;4.433347;1.566923;4.967952;4.436926;1.545265;4.977363;4.441512;1.542247;0.142790;-0.038183;0.149352;-0.018218;0.008185;1.413859
21.94139;4.976823;4.440333;1.566206;4.977541;4.447591;1.540737;4.985656;4.438962;1.555257;0.139727;-0.014353;0.121637;-0.030194;0.008939;0.627283
21.95700;4.976855;4.447348;1.565604;4.985754;4.445723;1.557265;4.986659;4.432240;1.563976;0.140298;-0.012027;0.135234;0.040151;0.018010;0.093279
21.97452;4.976892;4.454446;1.564604;4.986720;4.440503;1.562771;4.980728;4.447343;1.554792;0.141959;-0.020009;0.165257;-0.024103;0.008072;0.562155
21.99256;4.976935;4.461357;1.563473;4.980844;4.454513;1.554549;4.979299;4.444230;1.555367;0.138224;-0.022624;0.143410;-0.004870;0.017289;0.464440
22.00958;4.976986;4.468307;1.562165;4.979413;4.451667;1.555410;4.983022;4.447383;1.549436;0.139006;-0.026161;0.148761;0.000868;0.021778;0.729290
22.02658;4.977045;4.475217;1.561603;4.983161;4.454024;1.550580;4.979775;4.460929;1.560473;0.138214;-0.011223;0.132853;0.022877;0.014546;0.064751
22.04448;4.977107;4.481958;1.559973;4.979833;4.466275;1.559415;4.983772;4.473752;1.564381;0.134813;-0.032613;0.106921;-0.021171;0.010571;0.252578
22.06233;4.977179;4.488536;1.558508;4.983812;4.480165;1.564874;4.998196;4.463872;1.571824;0.131585;-0.029294;0.128257;0.009850;0.032404;0.762923
22.08041;4.977261;4.495238;1.558245;4.998184;4.469821;1.573754;5.001943;4.483194;1.577897;0.134031;-0.005271;0.118971;0.038606;0.027463;1.126024
22.09594;4.977342;4.501697;1.558044;5.001900;4.488731;1.579003;5.000783;4.495691;1.564678;0.129202;-0.004010;0.110740;0.022103;0.024198;0.380073
22.11347;4.977422;4.508000;1.558504;5.000810;4.501759;1.568075;4.992067;4.496546;1.569539;0.126074;0.009206;0.121362;0.067941;0.018592;0.632215
22.12937;4.977500;4.514293;1.557715;4.992065;4.503247;1.572720;4.982771;4.520188;1.551919;0.125866;-0.017398;0.134028;0.063626;0.007908;0.332053
22.14589;4.977578;4.520293;1.556694;4.982876;4.525536;1.550298;4.981601;4.528271;1.561116;0.120013;-0.020419;0.106984;-0.032422;0.008935;0.253388
22.16342;4.977661;4.526191;1.554935;4.981644;4.533420;1.563543;4.975371;4.540937;1.557977;0.117971;-0.035165;0.102982;0.048529;0.014923;0.174278
22.18045;4.977752;4.531932;1.552489;4.975435;4.545499;1.555492;4.963302;4.542423;1.561620;0.114835;-0.048935;0.091232;-0.049699;0.017857;0.523200
22.19852;4.977857;4.537655;1.548792;4.963364;4.548391;1.559135;4.971045;4.539111;1.554923;0.114474;-0.085025;0.119371;-0.049697;0.006966;0.351303
22.21655;4.977984;4.543420;1.545980;4.971144;4.545048;1.553558;4.965460;4.540411;1.556554;0.115323;-0.056241;0.118761;-0.027299;0.012880;0.605870
22.23457;4.978127;4.549168;1.542334;4.965551;4.545533;1.549404;4.967871;4.551256;1.540465;0.115009;-0.072925;0.102464;-0.143009;0.010466;0.107069
22.25450;4.978287;4.554785;1.539865;4.967995;4.555247;1.539125;4.975137;4.556509;1.553392;0.112378;-0.049372;0.079862;-0.026802;0.003591;0.775040
22.27162;4.978458;4.560331;1.537549;4.975237;4.562020;1.551825;4.973178;4.566047;1.552383;0.110964;-0.046319;0.110229;-0.031333;0.007782;0.849947
22.28768;4.978639;4.565757;1.534950;4.973300;4.571853;1.547391;4.964796;4.567526;1.539739;0.108593;-0.051979;0.116146;-0.099843;0.013956;0.274407
22.30620;4.978833;4.571171;1.531940;4.964913;4.571252;1.538783;4.959255;4.579794;1.530986;0.108340;-0.060199;0.074555;-0.019128;0.021392;0.054680
22.32277;4.979038;4.576435;1.528529;4.959416;4.583620;1.526802;4.970063;4.592161;1.536321;0.105374;-0.068220;0.076586;-0.083684;0.018106;0.446422
22.34031;4.979253;4.581539;1.526201;4.970230;4.597277;1.539796;4.968995;4.588768;1.545310;0.102157;-0.046556;0.102371;0.069512;0.012550;1.094836
22.35637;4.979483;4.586682;1.523215;4.969110;4.593047;1.542152;4.971530;4.583149;1.535096;0.102972;-0.059721;0.085593;-0.063148;0.008703;0.680708
22.37390;4.979731;4.591896;1.521266;4.971688;4.587607;1.535529;4.971602;4.598749;1.534531;0.104400;-0.038991;0.089199;0.008661;0.010632;0.760072
22.38964;4.979980;4.596915;1.519202;4.971878;4.606004;1.531001;4.972942;4.603599;1.521689;0.100504;-0.041269;0.145194;-0.070610;0.009706;0.142511
22.40616;4.980236;4.601874;1.518059;4.973239;4.609786;1.524059;4.971821;4.612702;1.527765;0.099313;-0.022855;0.123885;0.047393;0.013713;0.556069
22.42268;4.980492;4.606720;1.516284;4.972023;4.617106;1.522418;4.968224;4.612664;1.502054;0.097038;-0.035517;0.088166;-0.106934;0.013632;0.815291
22.43872;4.980756;4.611570;1.515497;4.968577;4.617744;1.500914;4.978815;4.611141;1.502589;0.097151;-0.015733;0.101832;-0.022807;0.001988;0.739553
22.45725;4.981026;4.616430;1.515960;4.979195;4.616653;1.501310;4.983808;4.611639;1.489034;0.097350;0.016537;0.110497;-0.025591;0.005541;1.542783
22.47678;4.981292;4.621277;1.517674;4.984126;4.615563;1.490714;4.980878;4.616944;1.484909;0.097097;0.048112;0.078738;0.033614;0.004353;1.877280
22.49380;4.981546;4.626062;1.519834;4.981199;4.620730;1.487794;4.979379;4.625806;1.489249;0.095821;0.043211;0.075994;0.057699;0.002182;1.752393
22.51032;4.981785;4.630739;1.521424;4.979629;4.628876;1.489654;4.996566;4.644387;1.507137;0.093658;0.031793;0.061604;0.008104;0.020119;0.818559
22.52739;4.982004;4.635172;1.524263;4.996854;4.648897;1.507163;4.976037;4.640748;1.525649;0.088778;0.064804;0.090383;0.000522;0.008167;0.079385
22.54342;4.982213;4.639667;1.525853;4.976285;4.646245;1.525720;4.980163;4.636088;1.525061;0.089992;-0.025749;0.110059;0.001428;0.004124;0.045374
22.56044;4.982418;4.644218;1.526193;4.980287;4.638745;1.523960;4.978353;4.636466;1.514436;0.091110;-0.010464;0.053193;-0.022018;0.008752;0.673615
22.57749;4.982621;4.648765;1.526006;4.978669;4.642152;1.516115;4.987991;4.643904;1.515928;0.091044;-0.003737;0.113885;0.033575;0.007244;0.577420
22.59351;4.982820;4.653214;1.527069;4.988225;4.648245;1.518038;4.988018;4.647573;1.531256;0.089055;0.025390;0.086952;0.042206;0.007670;0.239921
22.61057;4.983013;4.657617;1.527402;4.988178;4.651501;1.529208;4.985093;4.659626;1.525555;0.088156;0.006667;0.078617;-0.040971;0.002892;0.105869
22.62631;4.983197;4.661872;1.527491;4.985311;4.664517;1.527152;4.985972;4.680453;1.527179;0.085175;0.001769;0.097918;0.031956;0.018787;0.017871
22.64333;4.983360;4.665627;1.528829;4.986009;4.682098;1.569071;4.981687;4.661682;1.570854;0.050000;0.800000;0.032907;0.837835;0.004285;2.407838
22.65938;4.983497;4.668883;1.531418;4.981632;4.664625;1.608437;4.994661;4.673673;1.589933;0.050000;0.800000;0.058875;0.751663;0.012148;3.352651
22.67642;4.983605;4.671640;1.535256;4.994576;4.675884;1.628749;4.984653;4.679625;1.605565;0.050000;0.800000;0.044253;0.776338;0.008054;4.028427
22.69270;4.983694;4.674138;1.540345;4.984553;4.681497;1.643530;4.979283;4.683923;1.631951;0.050000;0.800000;0.037495;0.759290;0.010734;5.248672
22.71723;4.983770;4.676637;1.546683;4.978958;4.688033;1.667421;4.981159;4.679193;1.673112;0.050000;0.800000;0.082441;0.709400;0.003654;7.243858
22.73329;4.983831;4.679136;1.554271;4.980790;4.682157;1.716509;4.985222;4.686782;1.705656;0.050000;0.800000;0.059737;0.867926;0.007771;8.673711
22.75008;4.983872;4.681636;1.563110;4.984745;4.689818;1.747144;4.982359;4.686917;1.721642;0.050000;0.800000;0.061471;0.829755;0.005494;9.083191
22.76660;4.983891;4.684136;1.573198;4.981768;4.690348;1.760980;4.995977;4.695719;1.738069;0.050000;0.800000;0.069621;0.786765;0.016740;9.446393
22.78528;4.983885;4.686636;1.584537;4.995433;4.698642;1.771044;5.001279;4.701163;1.757235;0.050000;0.800000;0.059460;0.659497;0.022663;9.894868
22.80309;4.983848;4.689318;1.597125;5.000909;4.702912;1.801921;4.987918;4.693958;1.774295;0.053657;0.800000;0.035751;0.893718;0.006171;10.151102
22.81944;4.983772;4.692217;1.610964;4.987268;4.696795;1.817699;4.979897;4.691358;1.804857;0.057999;0.800000;0.058209;0.868078;0.003969;11.109270
22.83608;4.983641;4.695488;1.626052;4.979162;4.694190;1.844158;4.976432;4.694085;1.835681;0.065472;0.800000;0.058516;0.786024;0.007344;12.010860
22.85029;4.983439;4.699123;1.642391;4.975085;4.698670;1.877093;4.980480;4.699038;1.870616;0.072814;0.800000;0.095572;0.828235;0.002960;13.076358
22.86681;4.983150;4.703163;1.659979;4.979082;4.703280;1.907963;4.982738;4.706698;1.881245;0.081003;0.800000;0.089318;0.746939;0.003558;12.677591
22.88333;4.982779;4.707313;1.678817;4.981025;4.711703;1.919836;4.972014;4.714032;1.897587;0.083330;0.800000;0.105803;0.771816;0.012689;12.534545
22.90088;4.982310;4.711638;1.698906;4.970761;4.717484;1.940629;4.977501;4.713912;1.933409;0.087005;0.800000;0.073440;0.860858;0.005319;13.436028
22.91839;4.981701;4.716366;1.720244;4.976229;4.717067;1.974786;4.984829;4.723357;1.950098;0.095343;0.800000;0.068033;0.827533;0.007659;13.169624
22.93692;4.980964;4.721259;1.742833;4.983449;4.726634;1.988932;4.981381;4.725079;1.979039;0.098964;0.800000;0.071109;0.776696;0.003842;13.533614
22.95310;4.980061;4.726458;1.766671;4.979425;4.729366;2.018334;4.964775;4.731063;1.992317;0.105529;0.800000;0.094253;0.785892;0.015964;12.928555
22.97063;4.979006;4.731774;1.791760;4.962637;4.735574;2.034623;4.975835;4.739861;2.038884;0.108404;0.800000;0.099832;0.846111;0.008687;14.159167
22.98669;4.977708;4.737550;1.818098;4.973372;4.744497;2.079347;4.973171;4.750929;2.058462;0.118573;0.800000;0.104987;0.809264;0.014127;13.771806
23.00873;4.976207;4.743495;1.845687;4.969754;4.757102;2.094359;4.969785;4.740981;2.087258;0.122619;0.800000;0.141121;0.717959;0.006897;13.841048
23.02174;4.974456;4.749705;1.874525;4.966607;4.746314;2.129265;4.967345;4.745234;2.113195;0.129056;0.800000;0.124152;0.840125;0.008400;13.674803
23.03830;4.972445;4.756121;1.904614;4.964103;4.750387;2.151511;4.980013;4.761861;2.140887;0.134477;0.800000;0.121749;0.766304;0.009498;13.537485
23.05531;4.970153;4.762731;1.935952;4.977112;4.766218;2.175545;4.962376;4.776657;2.142823;0.139909;0.800000;0.104677;0.693158;0.015950;11.852810
23.07333;4.967653;4.769270;1.968540;4.958834;4.781919;2.183580;4.969576;4.769184;2.174193;0.140011;0.800000;0.126868;0.815148;0.001925;11.783023
23.08936;4.964814;4.776027;2.002379;4.965651;4.774651;2.212649;4.968883;4.773628;2.209355;0.146587;0.800000;0.134595;0.769127;0.004724;11.858884
23.10655;4.961603;4.783000;2.037467;4.964681;4.779041;2.252451;4.959308;4.786747;2.222775;0.153529;0.800000;0.137049;0.861920;0.004394;10.617367
23.12257;4.958095;4.789961;2.073806;4.955299;4.791779;2.264316;4.958470;4.784455;2.252043;0.155910;0.800000;0.128693;0.830818;0.005520;10.212248
23.13945;4.954200;4.797041;2.111394;4.952818;4.791149;2.291783;4.955238;4.797193;2.269749;0.161606;0.800000;0.175221;0.794803;0.001049;9.073064
23.15651;4.949962;4.804102;2.150233;4.950480;4.802635;2.308707;4.954718;4.797046;2.296881;0.164719;0.800000;0.144585;0.779151;0.008510;8.402358
23.17412;4.945314;4.811205;2.190233;4.948694;4.803520;2.343474;4.954908;4.806619;2.337566;0.169763;0.800000;0.176863;0.931844;0.010634;8.441591
23.19369;4.940178;4.818407;2.230233;4.947798;4.813698;2.379261;4.945118;4.820790;2.391341;0.176917;0.800000;0.200664;0.833896;0.005485;9.230848
23.21072;4.934483;4.825754;2.270233;4.938174;4.827012;2.430691;4.925642;4.832587;2.423227;0.185921;0.800000;0.186490;0.786988;0.011173;8.765946
23.22949;4.928336;4.833061;2.310233;4.917906;4.839087;2.462409;4.924421;4.839471;2.451363;0.190969;0.800000;0.202095;0.783640;0.007510;8.086187
23.24666;4.921755;4.840277;2.350233;4.916263;4.845920;2.494021;4.915345;4.841979;2.485535;0.195324;0.800000;0.207999;0.853157;0.006632;7.752229
23.26368;4.914708;4.847408;2.388983;4.907522;4.847785;2.520677;4.910657;4.856643;2.522780;0.200506;0.768147;0.194835;0.702851;0.010084;7.666045
23.28028;4.907200;4.854439;2.426483;4.903687;4.861429;2.556731;4.915934;4.846972;2.548522;0.205718;0.725218;0.169096;0.679016;0.011490;6.992317
23.29818;4.899294;4.861305;2.462733;4.909357;4.851241;2.583216;4.903274;4.846230;2.590940;0.209438;0.693168;0.156823;0.693887;0.015592;7.345722
23.31594;4.890925;4.868057;2.497733;4.891869;4.852997;2.621163;4.878938;4.840675;2.619865;0.215051;0.642152;0.265225;0.604470;0.029891;6.997646
23.33179;4.882179;4.874621;2.531483;4.869912;4.845679;2.650944;4.872392;4.854530;2.663009;0.218721;0.606722;0.206410;0.621579;0.022348;7.535894
23.34879;4.873016;4.881027;2.563983;4.861794;4.859853;2.689219;4.869996;4.873954;2.685529;0.223584;0.556620;0.237200;0.524200;0.007691;6.964100
23.36530;4.863556;4.887192;2.595233;4.859092;4.879117;2.713206;4.862029;4.885681;2.706121;0.225836;0.531952;0.241277;0.553539;0.002149;6.353432
23.38122;4.853821;4.893112;2.625233;4.851398;4.890486;2.727994;4.862665;4.888216;2.715145;0.227875;0.508656;0.233329;0.437466;0.010109;5.151605
23.39625;4.843874;4.898760;2.653983;4.851838;4.892978;2.739325;4.844587;4.887180;2.748565;0.228768;0.498137;0.236560;0.483600;0.011601;5.419162
23.41226;4.833625;4.904195;2.681483;4.831895;4.892250;2.774526;4.834222;4.900083;2.745663;0.232020;0.457882;0.273336;0.519222;0.004155;3.677239
23.43244;4.823248;4.909337;2.707733;4.823197;4.904529;2.770815;4.830166;4.903542;2.753094;0.231627;0.462924;0.237754;0.503044;0.009025;2.599006
23.44653;4.812710;4.914220;2.732733;4.819975;4.907590;2.773880;4.821752;4.910925;2.764005;0.232288;0.454424;0.219319;0.415718;0.009623;1.791786
23.46458;4.802010;4.918856;2.756483;4.810291;4.915355;2.781461;4.814836;4.901537;2.783350;0.233216;0.442222;0.245735;0.349125;0.021551;1.539369
23.48165;4.791121;4.923270;2.778983;4.805335;4.904969;2.806640;4.815644;4.912028;2.802281;0.234996;0.417853;0.202034;0.465809;0.026976;1.334884
23.49922;4.780066;4.927464;2.800233;4.805427;4.915490;2.827532;4.791495;4.919495;2.824579;0.236482;0.396420;0.215751;0.505019;0.013933;1.394969
23.51574;4.768844;4.931451;2.820233;4.780640;4.922973;2.838595;4.779116;4.919810;2.835453;0.238175;0.370550;0.227966;0.280305;0.015525;0.872079
23.53329;4.757507;4.935225;2.838983;4.766649;4.923619;2.854676;4.753831;4.933486;2.842810;0.238986;0.357527;0.260720;0.384451;0.004066;0.219297
23.54996;4.746080;4.938792;2.856500;4.743963;4.936429;2.860694;4.740067;4.954813;2.859433;0.239420;0.350356;0.205956;0.357684;0.017112;0.168013
23.56651;4.734543;4.942173;2.873152;4.727637;4.958292;2.877963;4.729059;4.939795;2.880311;0.240434;0.333025;0.258158;0.370604;0.005977;0.410227
23.58352;4.722881;4.945382;2.888553;4.716362;4.943083;2.896133;4.730664;4.936522;2.900045;0.241910;0.306112;0.262328;0.316424;0.011793;0.658426
23.59909;4.711112;4.948425;2.902704;4.718021;4.939518;2.917692;4.721457;4.930930;2.906305;0.243127;0.282030;0.259862;0.352957;0.020325;0.206295
23.61559;4.699281;4.951306;2.916395;4.709860;4.933602;2.923906;4.706711;4.937254;2.926761;0.243520;0.273820;0.238010;0.352018;0.015896;0.593901
23.63147;4.687361;4.954037;2.928897;4.695565;4.939609;2.939862;4.696238;4.938180;2.961083;0.244592;0.250041;0.227846;0.262027;0.018172;1.844129
23.64785;4.675327;4.956636;2.940149;4.685002;4.940141;2.976538;4.684888;4.957156;2.970622;0.246219;0.208961;0.228125;0.309087;0.009576;1.745984
23.66337;4.663249;4.959102;2.950151;4.672319;4.959287;2.976594;4.661975;4.959622;2.981411;0.246541;0.199856;0.254979;0.119439;0.001376;1.791047
23.67961;4.651127;4.961452;2.959512;4.652088;4.961177;2.989865;4.650505;4.955559;2.996371;0.246964;0.187203;0.200165;0.169082;0.005926;2.111867
23.69668;4.638955;4.963693;2.967949;4.637737;4.957344;3.008876;4.642867;4.962853;2.999799;0.247532;0.168740;0.257849;0.250115;0.004002;1.824903
23.71726;4.626760;4.965832;2.976225;4.631342;4.964444;3.009011;4.632639;4.963165;3.000114;0.247625;0.165530;0.232684;0.184245;0.006456;1.368743
23.73537;4.614547;4.967870;2.984484;4.619053;4.965070;3.004452;4.622646;4.964017;2.999517;0.247635;0.165186;0.274384;0.086757;0.008969;0.861333
23.75147;4.602319;4.969807;2.992784;4.609596;4.965826;3.008257;4.598063;4.963493;3.010403;0.247612;0.166003;0.263506;0.174788;0.007614;1.009486
23.76850;4.590057;4.971645;3.000428;4.585165;4.965118;3.022137;4.580968;4.957885;3.017755;0.247974;0.152863;0.260004;0.234668;0.016491;0.992792
23.78593;4.577769;4.973392;3.007594;4.568946;4.959367;3.020205;4.570677;4.971502;2.999004;0.248219;0.143330;0.242258;0.048990;0.007340;0.492197
23.80346;4.565502;4.975045;3.015971;4.559644;4.973024;3.010127;4.563714;4.956703;3.031908;0.247568;0.167534;0.222752;0.222463;0.018429;0.913154
23.82028;4.553169;4.976603;3.023097;4.549247;4.958255;3.037573;4.560486;4.959174;3.023337;0.248619;0.126189;0.291013;0.113301;0.018903;0.013697
23.83654;4.540837;4.978071;3.029937;4.547385;4.960684;3.030357;4.540212;4.969139;3.013027;0.248378;0.136783;0.263771;0.140409;0.008954;0.968833
23.85255;4.528512;4.979453;3.037456;4.527838;4.970645;3.027875;4.532377;4.977205;3.023026;0.248039;0.150397;0.249310;0.296945;0.004471;0.826795
23.86843;4.516164;4.980743;3.044427;4.521132;4.978499;3.030938;4.522407;4.982713;3.040039;0.248315;0.139410;0.226401;0.158236;0.006546;0.251426
23.88544;4.503785;4.981950;3.050411;4.508725;4.984063;3.046461;4.510950;4.972893;3.053819;0.248758;0.119686;0.274957;0.128450;0.011549;0.195254
23.90205;4.491382;4.983084;3.055507;4.500030;4.973817;3.060500;4.511970;4.970910;3.036336;0.249099;0.101908;0.219189;0.133623;0.023918;1.098381
23.91843;4.478993;4.984153;3.061639;4.499237;4.972240;3.038679;4.505081;4.973068;3.042090;0.248696;0.122638;0.256036;0.046858;0.028345;1.120057
23.93840;4.466591;4.985147;3.067439;4.492717;4.974264;3.048251;4.492697;4.985594;3.037208;0.248833;0.116003;0.248433;0.123226;0.026110;1.732079
23.95443;4.454191;4.986068;3.073611;4.478647;4.986996;3.047039;4.468802;4.979084;3.055552;0.248678;0.123440;0.282393;0.196616;0.016195;1.034687
23.97147;4.441764;4.986914;3.078641;4.455857;4.980165;3.061001;4.450568;4.982680;3.067858;0.249122;0.100598;0.259808;0.108986;0.009770;0.617777
23.98548;4.429321;4.987699;3.082955;4.438995;4.983488;3.075849;4.434508;4.982160;3.085148;0.249354;0.086282;0.232020;0.159807;0.007588;0.125643
24.00280;4.416861;4.988430;3.086228;4.422050;4.982840;3.088879;4.422879;4.993113;3.085566;0.249628;0.065465;0.249512;0.074629;0.007625;0.037950
24.02132;4.404399;4.989121;3.089546;4.409731;4.993827;3.089073;4.401335;4.988704;3.098216;0.249618;0.066355;0.263351;0.070145;0.003093;0.496792
24.03969;4.391927;4.989770;3.092076;4.388129;4.989293;3.095804;4.377964;5.010725;3.091814;0.249778;0.050610;0.264373;-0.048257;0.025181;0.014996
24.05721;4.379459;4.990388;3.095132;4.365959;5.011279;3.099142;4.367726;5.011686;3.103785;0.249676;0.061106;0.240354;0.146543;0.024315;0.495835
24.07273;4.366982;4.990968;3.097475;4.354969;5.012181;3.101854;4.347388;4.994638;3.103023;0.249809;0.046866;0.255333;-0.038635;0.019934;0.317891
24.09065;4.354503;4.991519;3.099755;4.333820;4.995137;3.106575;4.346191;4.975928;3.114744;0.249820;0.045595;0.271550;0.071029;0.017669;0.858830
24.10557;4.342017;4.992042;3.101211;4.333280;4.976250;3.118465;4.342951;4.994692;3.123242;0.249926;0.029128;0.258297;0.074427;0.002809;1.262312
24.12194;4.329530;4.992547;3.102278;4.330352;4.994907;3.125711;4.315449;4.984037;3.119745;0.249960;0.021338;0.252020;0.049373;0.016453;1.000798
24.13849;4.317042;4.993038;3.103486;4.301876;4.984333;3.119712;4.298938;5.005461;3.099570;0.249949;0.024161;0.271507;-0.000654;0.021956;0.224389
24.15403;4.304562;4.993514;3.105944;4.287141;5.005954;3.100129;4.298027;5.001841;3.101779;0.249773;0.051132;0.236137;0.011191;0.010586;0.238637
24.17045;4.292080;4.993959;3.108345;4.286312;5.002300;3.103039;4.279901;4.994052;3.106687;0.249800;0.048014;0.234477;0.025205;0.012179;0.094983
24.18850;4.279594;4.994374;3.110401;4.267908;4.994463;3.108005;4.282588;4.991493;3.104869;0.249853;0.041118;0.239993;0.026369;0.004155;0.316962
24.20552;4.267109;4.994764;3.112549;4.269545;4.991943;3.109399;4.263035;4.977530;3.097499;0.249840;0.042969;0.261033;0.090602;0.017708;0.862283
24.22712;4.254625;4.995126;3.115049;4.251412;4.978021;3.101290;4.263014;4.987866;3.109510;0.249783;0.050001;0.232664;0.075820;0.011095;0.317377
24.24543;4.242135;4.995458;3.116895;4.250926;4.988259;3.108680;4.253171;4.989995;3.118454;0.249882;0.036927;0.241898;-0.016605;0.012314;0.089307
24.26294;4.229642;4.995767;3.118219;4.241001;4.990264;3.120449;4.243848;4.998082;3.106834;0.249939;0.026469;0.243461;0.039897;0.014394;0.652313
24.27854;4.217153;4.996058;3.120292;4.231285;4.998494;3.110706;4.218360;4.996686;3.112036;0.249851;0.041462;0.251393;0.077450;0.001361;0.473037
24.29456;4.204661;4.996325;3.122044;4.208310;4.996982;3.112261;4.197518;5.006144;3.105823;0.249893;0.035037;0.201083;0.004511;0.012142;0.929355
24.31213;4.192172;4.996569;3.124230;4.185995;5.006551;3.106753;4.186684;5.001362;3.096359;0.249834;0.043725;0.230598;0.018586;0.007286;1.596905
24.32875;4.179686;4.996786;3.126953;4.171463;5.002021;3.100290;4.163611;5.010256;3.090366;0.249743;0.054459;0.304702;0.078624;0.020973;2.096259
24.34576;4.167205;4.996968;3.130094;4.151295;5.010879;3.091830;4.163101;4.983745;3.108842;0.249658;0.062815;0.246644;0.029264;0.013845;1.217645
24.36230;4.154712;4.997112;3.131984;4.150501;4.984156;3.109164;4.137744;4.983909;3.113724;0.249880;0.037172;0.252138;0.006437;0.021499;1.046248
24.37957;4.142216;4.997232;3.133551;4.126016;4.984229;3.114778;4.136088;4.983781;3.094066;0.249915;0.031329;0.234656;0.021080;0.014781;2.262321
24.39560;4.129730;4.997332;3.136296;4.124446;4.984317;3.097184;4.130281;5.003741;3.099182;0.249738;0.054902;0.233075;0.062352;0.006432;2.126458
24.41264;4.117242;4.997399;3.138865;4.116188;5.004297;3.105156;4.119594;5.024203;3.101649;0.249771;0.051384;0.282073;0.119484;0.026907;2.132338
24.42743;4.104753;4.997433;3.141421;4.106814;5.024707;3.102723;4.110687;5.014282;3.122826;0.249773;0.051117;0.255797;0.021492;0.017863;1.065389
24.45113;4.092255;4.997435;-3.140458;4.099712;5.014478;3.124526;4.093866;5.014747;3.127621;0.249948;0.024400;0.219539;0.033984;0.017387;0.865480
24.47067;4.079757;4.997421;-3.139523;4.080775;5.014930;3.127618;4.062588;5.000845;3.127143;0.249970;0.018711;0.261832;-0.000062;0.017508;0.946523
24.48870;4.067258;4.997395;-3.138650;4.051314;5.001030;3.123304;4.066900;5.002124;3.127056;0.249974;0.017452;0.225494;-0.076766;0.004743;1.001470
24.50531;4.054760;4.997358;-3.137764;4.054372;5.002293;3.129253;4.046645;5.007972;3.137206;0.249973;0.017725;0.250576;0.043931;0.013361;0.470692
24.52233;4.042260;4.997310;-3.137448;4.035106;5.008022;3.137235;4.039235;5.003529;3.133271;0.249997;0.006321;0.230771;0.000576;0.006915;0.714299
24.54039;4.029761;4.997258;-3.136925;4.028100;5.003617;3.134083;4.023495;5.004429;3.129346;0.249991;0.010455;0.222712;0.016257;0.009523;0.969092
24.55844;4.017262;4.997200;-3.136161;4.010329;5.004564;3.133336;4.010020;5.001098;3.122741;0.249980;0.015285;0.263325;0.079799;0.008224;1.391360
24.57445;4.004764;4.997132;-3.135023;3.995854;5.001353;3.124430;3.986653;4.994843;3.119856;0.249955;0.022769;0.283359;0.033781;0.018256;1.621852
24.59152;3.992267;4.997050;-3.133753;3.974781;4.995070;3.125214;3.985118;4.977879;-3.137092;0.249944;0.025395;0.237472;0.107158;0.020460;0.191353
24.60864;3.979768;4.996952;-3.133733;3.971788;4.977827;-3.138186;3.974156;4.986688;3.139955;0.249994;-0.008355;0.266620;-0.021879;0.011698;0.544149
24.62292;3.967268;4.996854;-3.133724;3.959948;4.986704;3.140866;3.961755;4.997035;-3.141480;0.250000;0.000185;0.284159;0.018226;0.005516;0.444411
24.64067;3.954769;4.996755;-3.133750;3.951182;4.997027;-3.140155;3.955420;4.984061;-3.132637;0.250000;-0.000532;0.211458;0.026506;0.012711;0.063787
24.65534;3.942270;4.996657;-3.134394;3.943049;4.983933;-3.129786;3.940107;4.992815;-3.130520;0.249986;-0.012883;0.247424;0.057024;0.004409;0.221991
24.67091;3.929771;4.996567;-3.135107;3.925882;4.992662;-3.131157;3.923644;4.993567;-3.130757;0.249982;-0.014252;0.284526;-0.012734;0.006822;0.249256
24.69044;3.917272;4.996486;-3.135800;3.911475;4.993443;-3.132089;3.910043;5.002177;-3.130271;0.249983;-0.013868;0.243389;-0.026649;0.009200;0.316801
24.71179;3.904773;4.996414;-3.136465;3.896657;5.002027;-3.130491;3.906273;5.000678;-3.127963;0.249985;-0.013292;0.267737;-0.004394;0.004520;0.487116
24.72934;3.892274;4.996350;-3.137278;3.893414;5.000515;-3.129775;3.885300;5.006147;-3.138751;0.249977;-0.016264;0.257201;-0.036241;0.012026;0.084400
24.74668;3.879775;4.996296;-3.137407;3.874688;5.006133;3.141382;3.884437;4.987468;3.141426;0.249999;-0.002579;0.212233;-0.061049;0.009984;0.249349
24.76274;3.867275;4.996244;-3.137482;3.872387;4.987466;-3.141234;3.880080;4.996648;3.134616;0.250000;-0.001493;0.241000;0.010496;0.012811;0.635244
24.78045;3.854775;4.996192;-3.137086;3.866443;4.996737;3.135605;3.866936;4.998920;3.126407;0.249995;0.007919;0.272742;0.019780;0.012463;1.128265
24.79810;3.842277;4.996136;-3.136182;3.855184;4.999091;3.127748;3.845363;4.994016;3.138306;0.249972;0.018076;0.235067;0.026807;0.003744;0.498318
24.81420;3.829777;4.996068;-3.136026;3.831349;4.994051;3.139898;3.833112;5.012072;3.131030;0.249999;0.003132;0.280278;0.031838;0.016347;0.924183
24.83141;3.817278;4.995999;-3.135310;3.819620;5.012202;3.132885;3.818407;5.004496;3.137249;0.249982;0.014315;0.269859;0.037104;0.008572;0.608841
24.84898;3.804778;4.995920;-3.135019;3.806271;5.004559;3.135554;3.809056;5.003585;3.127084;0.249997;0.005824;0.242722;-0.033913;0.008778;1.207929
24.86599;3.792280;4.995838;-3.134124;3.796669;5.003756;3.128471;3.791876;5.005442;3.120111;0.249972;0.017898;0.247751;0.027741;0.009613;1.658743
24.88152;3.779783;4.995745;-3.132798;3.778718;5.005727;3.119767;3.788154;5.002028;3.109508;0.249939;0.026521;0.263227;-0.006874;0.010466;2.342240
24.89808;3.767290;4.995635;-3.130859;3.774900;5.002443;3.111047;3.763383;4.993399;3.103882;0.249869;0.038779;0.265208;0.030790;0.004502;2.775650
24.91367;3.754800;4.995501;-3.128641;3.752155;4.993793;3.109139;3.742151;5.003632;3.112463;0.249829;0.044348;0.224704;0.105128;0.015037;2.411040
24.93626;3.742306;4.995339;-3.126869;3.728514;5.004008;3.115608;3.721519;4.999530;3.123063;0.249891;0.035454;0.272834;0.062897;0.021206;1.905269
24.95729;3.729810;4.995155;-3.125760;3.708037;4.999749;3.127738;3.723984;4.997624;3.109835;0.249957;0.022170;0.269672;0.093487;0.006327;2.726746
24.97754;3.717317;4.994957;-3.123871;3.712262;4.997976;3.113216;3.710714;4.999096;3.126444;0.249876;0.037783;0.234561;0.067629;0.007793;1.883317
24.99356;3.704821;4.994736;-3.122968;3.698995;4.999252;3.130226;3.704766;4.998011;3.130146;0.249972;0.018054;0.234399;0.075625;0.003276;1.722966
25.00859;3.692324;4.994503;-3.122295;3.691312;4.998146;3.133010;3.681464;5.001735;3.124817;0.249984;0.013462;0.269097;0.057281;0.013048;2.066867
25.02665;3.679828;4.994262;-3.121277;3.668441;5.001952;3.125045;3.673468;5.004125;-3.139766;0.249964;0.020371;0.260486;0.004561;0.011737;1.059345
25.04465;3.667330;4.994008;-3.121358;3.659759;5.004138;3.137871;3.643654;4.988901;-3.137231;0.250000;-0.001622;0.274172;-0.110967;0.024221;0.909481
25.06126;3.654833;4.993755;-3.121696;3.632226;4.988842;-3.135578;3.643064;4.996207;-3.127750;0.249996;-0.006775;0.228555;0.033067;0.012022;0.346857
25.07678;3.642337;4.993506;-3.122553;3.628349;4.996000;-3.127395;3.632396;5.013912;-3.119532;0.249975;-0.017138;0.294334;0.007112;0.022698;0.173084
25.09349;3.629842;4.993268;-3.123780;3.618964;5.013609;-3.118555;3.614728;4.999476;-3.119050;0.249948;-0.024538;0.268706;0.019553;0.016339;0.271009
25.10965;3.617347;4.993046;-3.125136;3.602555;4.999203;-3.119304;3.606190;4.990965;-3.129432;0.249936;-0.027124;0.243503;-0.005069;0.011349;0.246147
25.12541;3.604850;4.992840;-3.125929;3.593747;4.990826;-3.131424;3.600688;4.987963;-3.137134;0.249978;-0.015852;0.248871;-0.039831;0.006411;0.641983
25.14372;3.592352;4.992644;-3.126281;3.588104;4.987932;-3.141073;3.602105;4.983173;3.132586;0.249996;-0.007030;0.251674;-0.078777;0.013595;1.393380
25.15828;3.579853;4.992453;-3.125857;3.589034;4.983299;3.131282;3.573918;4.986267;3.123769;0.249994;0.008461;0.261416;-0.026075;0.008573;1.922797
25.17537;3.567357;4.992256;-3.124884;3.564200;4.986430;3.125874;3.570435;4.986491;3.129737;0.249967;0.019467;0.194369;0.042115;0.006536;1.636579
25.19265;3.554859;4.992047;-3.124267;3.557150;4.986641;3.130921;3.563390;4.982650;3.138262;0.249987;0.012335;0.265707;0.023664;0.012692;1.183494
25.21386;3.542361;4.991831;-3.124189;3.550445;4.982719;3.134308;3.553541;4.983982;3.123779;0.250000;0.001565;0.258888;-0.079073;0.013660;2.017777
25.22940;3.529864;4.991613;-3.123233;3.540319;4.984233;3.121350;3.527920;4.982100;3.137607;0.249968;0.019129;0.264483;-0.048594;0.009710;1.280290
25.24627;3.517366;4.991384;-3.123120;3.514603;4.982148;3.138314;3.508802;4.995426;-3.139598;0.250000;0.002264;0.266353;0.014132;0.009471;0.944162
25.26381;3.504869;4.991153;-3.123271;3.498792;4.995415;-3.141330;3.494494;4.986434;-3.124125;0.249999;-0.003038;0.200193;-0.034631;0.011397;0.048899
25.28134;3.492373;4.990924;-3.124415;3.482461;4.986223;-3.123910;3.478346;4.988981;-3.125648;0.249955;-0.022878;0.240706;0.004298;0.014161;0.070605
25.29896;3.479877;4.990709;-3.125450;3.466988;4.988821;-3.129261;3.483123;4.987804;3.136453;0.249963;-0.020694;0.227183;-0.072265;0.004356;1.219368
25.31648;3.467378;4.990507;-3.125235;3.469933;4.987870;3.136740;3.463368;4.997351;3.126191;0.249998;0.004442;0.263806;0.005730;0.007933;1.819713
25.33251;3.454881;4.990303;-3.124329;3.449756;4.997541;3.129137;3.451673;4.976624;-3.130571;0.249972;0.018107;0.272254;0.058927;0.014050;0.357633
25.34861;3.442385;4.990087;-3.124674;3.439735;4.976499;-3.131666;3.433280;4.991861;3.141381;0.249976;-0.016545;0.238788;-0.021897;0.009276;0.981478
25.36570;3.429886;4.989876;-3.124719;3.418581;4.991854;-3.140443;3.423942;4.988691;3.123319;0.250000;-0.000904;0.293969;0.027223;0.006061;2.013774
25.38174;3.417390;4.989665;-3.123703;3.411564;4.988914;3.123751;3.418071;4.985615;3.121457;0.249964;0.020317;0.247614;0.008632;0.004107;2.178696
25.39828;3.404894;4.989441;-3.122598;3.407727;4.985846;3.117043;3.406815;4.985176;3.110038;0.249958;0.022113;0.206927;-0.088265;0.004678;2.896257
25.41582;3.392402;4.989204;-3.120810;3.392867;4.985606;3.111500;3.393001;4.988201;3.125221;0.249889;0.035749;0.279096;0.029224;0.001168;2.128771
25.43237;3.379906;4.988944;-3.119912;3.382644;4.988362;3.126929;3.381680;4.988530;3.132039;0.249972;0.017959;0.207169;0.034151;0.001822;1.789573
25.45944;3.367409;4.988673;-3.119421;3.370742;4.988627;3.133329;3.372327;4.988809;3.124951;0.249992;0.009822;0.218778;0.025806;0.004919;2.223812
25.47546;3.354914;4.988396;-3.118503;3.361051;4.988986;3.126684;3.358378;4.989008;3.130598;0.249971;0.018366;0.225548;0.034649;0.003518;1.952906
25.49426;3.342418;4.988108;-3.117922;3.345748;4.989158;3.128796;3.347555;4.981174;3.134715;0.249988;0.011616;0.252622;-0.036044;0.008630;1.750296
25.51046;3.329921;4.987812;-3.117645;3.333545;4.981264;3.135618;3.331715;4.974454;-3.138791;0.249997;0.005547;0.280198;0.018073;0.013477;1.211572
25.52563;3.317425;4.987512;-3.117997;3.316183;4.974403;-3.137804;3.318794;4.977673;-3.141436;0.249996;-0.007042;0.310636;0.019733;0.009934;1.342941
25.54265;3.304929;4.987218;-3.118167;3.305600;4.977679;3.140526;3.314104;4.977486;-3.135995;0.249999;-0.003409;0.263871;-0.024473;0.013375;1.021425
25.56019;3.292433;4.986925;-3.118666;3.300600;4.977418;-3.137198;3.299114;4.985758;3.134599;0.249991;-0.009967;0.270082;-0.024064;0.006782;1.714348
25.57733;3.279936;4.986638;-3.118349;3.287031;4.985833;3.136164;3.291130;4.995351;3.137868;0.249997;0.006334;0.241661;0.031299;0.014185;1.545167
25.59208;3.267439;4.986348;-3.118159;3.279144;4.995392;3.138598;3.282582;5.005182;3.127930;0.249999;0.003797;0.239723;0.014597;0.024167;2.125472
25.60961;3.254944;4.986055;-3.117302;3.271371;5.005318;3.131014;3.263470;4.988951;3.132193;0.249974;0.017146;0.224235;0.061683;0.009004;1.930326
25.62726;3.242448;4.985751;-3.116818;3.250750;4.989049;3.135457;3.252528;4.976774;3.138065;0.249992;0.009675;0.254416;0.065282;0.013498;1.621582
25.64148;3.229952;4.985442;-3.116775;3.239738;4.976827;3.136779;3.221365;4.985260;-3.139382;0.250000;0.000856;0.255801;-0.025725;0.008589;1.295247
25.65855;3.217456;4.985131;-3.117016;3.207981;4.985209;-3.136177;3.209402;4.997310;-3.136994;0.249998;-0.004805;0.267690;0.064087;0.014601;1.144662
25.67572;3.204960;4.984824;-3.117311;3.197630;4.997273;-3.139883;3.211451;4.998308;-3.123572;0.249997;-0.005912;0.235431;-0.057792;0.014964;0.358739
25.69474;3.192466;4.984521;-3.118405;3.198757;4.998052;-3.119409;3.191785;4.981064;-3.124774;0.249958;-0.021872;0.253923;0.083262;0.003523;0.364907
25.71276;3.179971;4.984231;-3.119553;3.179763;4.980865;-3.125296;3.180279;4.977494;-3.114552;0.249954;-0.022957;0.240483;-0.010450;0.006744;0.286491
25.72980;3.167480;4.983956;-3.121340;3.170509;4.977222;-3.113074;3.175414;4.984101;-3.115298;0.249889;-0.035750;0.195484;0.029576;0.007935;0.346184
25.74879;3.154987;4.983703;-3.123034;3.160747;4.983712;-3.114816;3.161103;4.996646;-3.118297;0.249900;-0.033887;0.293438;0.009643;0.014316;0.271428
25.76441;3.142493;4.983471;-3.124457;3.148017;4.996336;-3.117451;3.149861;5.002594;-3.094228;0.249930;-0.028448;0.261791;0.016929;0.020494;1.731994
25.78054;3.130009;4.983257;-3.127129;3.137497;5.002040;-3.099348;3.139214;4.991953;-3.098098;0.249723;-0.056456;0.247518;-0.102412;0.012664;1.663366
25.79606;3.117522;4.983076;-3.129798;3.125693;4.991368;-3.098585;3.115481;4.987217;-3.092093;0.249753;-0.053380;0.270680;-0.009740;0.004617;2.160362
25.81462;3.105040;4.982929;-3.132863;3.102298;4.986600;-3.097641;3.103877;4.982742;-3.123014;0.249674;-0.061290;0.263949;-0.110965;0.001177;0.564267
25.83141;3.092543;4.982820;-3.134677;3.091442;4.982503;-3.121771;3.085149;4.989760;-3.128308;0.249946;-0.024849;0.248763;0.024868;0.010141;0.364904
25.84798;3.080044;4.982733;-3.135550;3.074315;4.989617;-3.128532;3.071810;4.984104;-3.127303;0.249974;-0.017461;0.216694;-0.004471;0.008348;0.472522
25.86333;3.067546;4.982658;-3.136526;3.059390;4.983935;-3.128655;3.059498;4.977163;-3.120983;0.249967;-0.019511;0.248433;-0.027032;0.009745;0.890510
25.88036;3.055050;4.982595;-3.137932;3.046839;4.976924;-3.124461;3.051221;4.972774;-3.121868;0.249931;-0.028131;0.253236;-0.069560;0.010541;0.920434
25.89788;3.042553;4.982549;-3.139319;3.041020;4.972568;-3.121055;3.036511;4.981690;-3.118572;0.249933;-0.027728;0.204062;0.016260;0.006103;1.188698
25.91435;3.030057;4.982520;-3.140837;3.023740;4.981376;-3.115524;3.014694;4.977246;-3.131830;0.249920;-0.030359;0.255505;0.060960;0.016243;0.516067
25.93439;3.017558;4.982511;3.141593;3.002872;4.977143;-3.134009;3.009751;4.989215;3.141284;0.249980;-0.015122;0.236456;-0.043592;0.010291;0.017695
25.95301;3.005058;4.982511;3.141530;2.997327;4.989219;3.141224;2.990725;4.987581;-3.139204;0.250000;-0.001245;0.248470;-0.001198;0.015204;0.140438
25.97253;2.992558;4.982512;3.141294;2.978415;4.987547;-3.138403;2.987426;4.986569;3.139872;0.249998;-0.004731;0.246205;0.016013;0.006542;0.081469
25.98936;2.980058;4.982515;3.141296;2.975916;4.986590;3.139593;2.973929;4.986194;-3.135030;0.250000;0.000047;0.230200;-0.005575;0.007148;0.393006
26.00537;2.967559;4.982519;3.140798;2.961041;4.986099;-3.133532;2.954570;5.002104;-3.127391;0.249991;-0.009953;0.257764;0.029952;0.023500;0.859220
26.02271;2.955060;4.982529;3.139962;2.940929;5.001895;-3.125195;2.947959;4.991322;-3.138305;0.249976;-0.016725;0.272865;0.043910;0.011302;0.281780
26.03881;2.942560;4.982549;3.139699;2.937020;4.991288;-3.138628;2.936000;4.973714;-3.119613;0.249998;-0.005255;0.218787;-0.006460;0.011004;1.367805
26.05534;2.930064;4.982573;3.138187;2.924578;4.973477;-3.122092;2.938167;4.989739;-3.113859;0.249920;-0.030350;0.228491;-0.049580;0.010817;1.784192
26.07289;2.917570;4.982616;3.136445;2.925727;4.989390;-3.113288;2.924308;4.989204;-3.104826;0.249895;-0.034832;0.248897;0.011421;0.009424;2.401523
26.09243;2.905079;4.982680;3.134157;2.913328;4.988838;-3.111749;2.920781;5.002137;-3.128126;0.249818;-0.045755;0.219739;-0.138461;0.025002;1.197582
26.10853;2.892580;4.982773;3.133120;2.908374;5.001974;-3.128741;2.908007;4.988863;-3.130511;0.249978;-0.015836;0.248153;-0.012299;0.016585;1.120429
26.12288;2.880082;4.982879;3.132370;2.896686;4.988719;-3.127154;2.894757;4.977320;-3.125778;0.249980;-0.014988;0.226422;0.067141;0.015693;1.434502
26.13957;2.867584;4.982994;3.131249;2.882939;4.977113;-3.122389;2.881775;4.973387;-3.107543;0.249956;-0.022424;0.236399;0.067789;0.017137;2.543571
26.15632;2.855094;4.983123;3.129003;2.870062;4.972982;-3.106498;2.863225;4.977735;-3.102166;0.249825;-0.044912;0.234399;0.020885;0.009754;2.980304
26.17683;2.842606;4.983280;3.126468;2.849980;4.977261;-3.109431;2.846612;4.967697;-3.113974;0.249777;-0.050710;0.265074;-0.145311;0.016090;2.449033
26.19664;2.830114;4.983469;3.124564;2.834559;4.967381;-3.116874;2.830314;4.983376;-3.119326;0.249874;-0.038083;0.241144;-0.058007;0.000221;2.251455
26.21065;2.817619;4.983682;3.123100;2.816698;4.983061;-3.117633;2.816371;4.991256;-3.123031;0.249926;-0.029267;0.272387;0.033863;0.007676;2.123032
26.22681;2.805124;4.983913;3.121919;2.804521;4.991047;-3.124830;2.798610;4.980951;3.131074;0.249952;-0.023616;0.237037;-0.035981;0.007155;0.524488
26.24335;2.792627;4.984159;3.121989;2.787537;4.981075;3.129708;2.784054;4.986382;3.138637;0.249992;0.009692;0.221488;-0.027311;0.008856;0.953864
26.26203;2.780129;4.984404;3.122061;2.772295;4.986400;3.141505;2.784589;4.999098;3.125208;0.250000;0.001448;0.235175;0.057355;0.015356;0.180307
26.27968;2.767633;4.984648;3.123037;2.771956;4.999331;3.120989;2.762520;4.992083;3.108846;0.249967;0.019522;0.252697;-0.084374;0.009023;0.813116
26.29569;2.755142;4.984880;3.124941;2.749886;4.992500;3.108370;2.741769;4.975651;3.124350;0.249874;0.038073;0.252813;-0.009509;0.016248;0.033842
26.31342;2.742645;4.985088;3.125787;2.728231;4.975868;3.126744;2.730944;4.989067;3.118445;0.249975;0.016917;0.270793;0.047871;0.012358;0.420633
26.33053;2.730149;4.985286;3.127091;2.718596;4.989340;3.120378;2.724335;4.993134;3.129982;0.249941;0.026080;0.247028;0.038657;0.009767;0.165648
26.34668;2.717651;4.985467;3.127734;2.712425;4.993255;3.132928;2.728255;4.994865;3.111935;0.249986;0.012866;0.238216;0.058918;0.014169;0.905225
26.36370;2.705158;4.985640;3.129474;2.714985;4.995239;3.114775;2.717462;4.991914;3.114449;0.249895;0.034792;0.265508;0.056795;0.013811;0.860844
26.37954;2.692663;4.985792;3.131039;2.704317;4.992304;3.109459;2.698406;4.991458;3.094829;0.249915;0.031315;0.263005;-0.099810;0.008068;2.074671
26.39712;2.680176;4.985923;3.133779;2.684580;4.992077;3.098737;2.671407;4.988178;3.112712;0.249740;0.054784;0.276802;0.078143;0.009055;1.207037
26.41368;2.667681;4.986021;3.135419;2.659383;4.988513;3.114736;2.666551;4.989069;3.118753;0.249907;0.032808;0.240574;0.040494;0.003251;0.954896
26.42838;2.655185;4.986098;3.136704;2.653579;4.989374;3.117548;2.662234;4.991773;3.104175;0.249943;0.025697;0.259521;-0.024100;0.009050;1.863745
26.44661;2.642693;4.986159;3.138884;2.650195;4.992221;3.104606;2.652543;4.985696;3.110956;0.249835;0.043612;0.240953;0.008622;0.009861;1.600157
26.46381;2.630198;4.986193;3.140610;2.642070;4.986000;3.114263;2.629841;4.979001;3.118279;0.249897;0.034521;0.209542;0.066123;0.007201;1.279495
26.48089;2.617701;4.986205;-3.141341;2.616983;4.979303;3.117949;2.623867;4.985632;3.106648;0.249947;0.024674;0.257218;-0.006604;0.006193;2.016590
26.49996;2.605208;4.986202;-3.139358;2.611218;4.986080;3.105783;2.605995;4.983171;3.096087;0.249863;0.039672;0.253152;-0.017297;0.003132;2.735369
26.51699;2.592719;4.986174;-3.136760;2.593789;4.983719;3.097309;2.576585;4.987593;3.090233;0.249766;0.051952;0.244373;0.024441;0.016196;3.219571
26.53234;2.580235;4.986114;-3.133777;2.565481;4.988151;3.092543;2.570101;4.997119;3.090913;0.249691;0.059666;0.222371;0.046205;0.014960;3.351568
26.54890;2.567751;4.986016;-3.130759;2.557816;4.997752;3.089233;2.550397;4.992094;3.086420;0.249684;0.060359;0.246021;-0.033588;0.018388;3.781926
26.56645;2.555270;4.985881;-3.127511;2.536902;4.992863;3.082896;2.537379;4.986188;3.091903;0.249634;0.064951;0.270347;-0.070466;0.017894;3.653834
26.58346;2.542786;4.985705;-3.124640;2.524922;4.986799;3.093339;2.533762;4.989699;3.105644;0.249714;0.057429;0.249435;0.028732;0.009868;3.031066
26.60005;2.530295;4.985494;-3.122565;2.520137;4.990181;3.106841;2.514605;4.973810;3.139420;0.249851;0.041498;0.272684;0.023954;0.019562;1.214722
26.61707;2.517797;4.985256;-3.121740;2.501841;4.973839;3.139135;2.502517;4.973170;3.138790;0.250000;-0.001575;0.255283;-0.005693;0.019483;1.298044
26.63460;2.505300;4.985008;-3.121786;2.489511;4.973209;3.138281;2.495933;4.973584;3.134977;0.250000;-0.000929;0.260113;-0.010177;0.014773;1.513873
26.64877;2.492802;4.984760;-3.121601;2.481553;4.973694;3.132945;2.491964;4.980715;3.141514;0.249999;0.003710;0.287604;-0.040644;0.004131;1.149981
26.66530;2.480305;4.984510;-3.121751;2.479637;4.980728;3.139502;2.483954;4.982741;3.137231;0.249999;-0.002994;0.246536;-0.040235;0.004056;1.386762
26.68341;2.467807;4.984262;-3.121627;2.469408;4.982787;3.139719;2.473963;4.981732;-3.137452;0.249999;0.002466;0.290922;0.049752;0.006655;0.906677
26.70115;2.455310;4.984013;-3.122022;2.462797;4.981694;-3.138853;2.446297;4.997799;-3.128265;0.249995;-0.007902;0.223322;-0.028019;0.016472;0.357706
26.72428;2.442814;4.983768;-3.122840;2.433353;4.997632;-3.129006;2.445054;4.993489;-3.141482;0.249977;-0.016347;0.258902;-0.014815;0.009976;1.068125
26.74136;2.430316;4.983534;-3.122899;2.433295;4.993504;3.139089;2.427429;4.997567;-3.125176;0.250000;-0.001182;0.235186;-0.052283;0.014328;0.130489
26.75755;2.417820;4.983300;-3.123903;2.413846;4.997349;-3.125801;2.409448;4.979826;-3.139907;0.249965;-0.020093;0.271694;-0.012505;0.009064;0.916913
26.77538;2.405322;4.983079;-3.124168;2.395093;4.979836;3.138643;2.406541;4.996175;3.122412;0.249998;-0.005291;0.287096;-0.092723;0.013153;2.097346
26.79441;2.392826;4.982861;-3.123182;2.395118;4.996392;3.122882;2.398448;4.984827;3.129311;0.249956;0.022397;0.228507;0.009411;0.005956;1.758532
26.81047;2.380329;4.982631;-3.122569;2.385047;4.984983;3.130464;2.373113;4.986307;3.122805;0.249987;0.012277;0.268045;0.023065;0.008098;2.166463
26.82958;2.367833;4.982393;-3.121553;2.359734;4.986537;3.126026;2.364506;4.982121;3.137345;0.249964;0.020317;0.267633;0.064423;0.003338;1.391556
26.84567;2.355335;4.982143;-3.121444;2.352003;4.982182;3.135989;2.350100;4.983405;3.128462;0.250000;0.002183;0.250062;-0.027127;0.005386;1.906800
26.86373;2.342839;4.981891;-3.120791;2.336642;4.983580;3.128733;2.340896;4.979642;3.131173;0.249985;0.013048;0.269185;0.005429;0.002971;1.788842
26.87859;2.330342;4.981631;-3.120332;2.329436;4.979754;3.132492;2.325876;4.971854;-3.131732;0.249993;0.009176;0.229219;0.026387;0.010749;0.653163
26.89780;2.317846;4.981365;-3.121124;2.313523;4.971735;-3.132135;2.311413;4.964202;-3.128184;0.249977;-0.016443;0.247063;-0.008049;0.018330;0.404509
26.91743;2.305350;4.981110;-3.122222;2.297898;4.964026;-3.128943;2.299961;4.960639;-3.141411;0.249958;-0.021966;0.270315;-0.015179;0.021168;1.099432
26.93145;2.292853;4.980867;-3.122556;2.288980;4.960654;3.138629;2.285058;4.970666;3.124542;0.249996;-0.006689;0.219604;-0.062907;0.012839;2.067608
26.95199;2.280356;4.980629;-3.121775;2.273720;4.970840;3.127942;2.260869;4.975939;3.112737;0.249979;0.015628;0.226773;0.067993;0.020044;2.788759
26.97063;2.267863;4.980382;-3.120242;2.246820;4.976334;3.114145;2.250945;4.986967;3.104537;0.249918;0.030650;0.281088;0.028153;0.018154;3.346411
26.98680;2.255373;4.980115;-3.118127;2.238995;4.987413;3.104095;2.239624;4.975869;3.123649;0.249845;0.042310;0.239168;-0.008841;0.016311;2.372587
27.00643;2.242878;4.979822;-3.117250;2.226895;4.976102;3.122915;2.244667;4.980112;3.120931;0.249973;0.017533;0.254631;-0.014674;0.001812;2.578523
27.02285;2.230384;4.979518;-3.116175;2.231657;4.980373;3.122253;2.228288;4.978318;3.129566;0.249960;0.021499;0.260249;0.026444;0.002415;2.145367
27.04062;2.217888;4.979200;-3.115634;2.214878;4.978477;3.129823;2.221572;4.981002;-3.139468;0.249990;0.010832;0.268211;0.005141;0.004101;1.365621
27.05614;2.205393;4.978876;-3.115919;2.210216;4.980972;-3.138343;2.192550;4.970575;3.138244;0.249997;-0.005706;0.227137;0.022497;0.015292;1.662846
27.07669;2.192897;4.978555;-3.115964;2.178061;4.970631;3.137237;2.178158;4.970296;3.131310;0.250000;-0.000891;0.289774;-0.020141;0.016895;2.057583
27.09272;2.180401;4.978234;-3.115595;2.165772;4.970411;3.133344;2.179323;4.983249;-3.136210;0.249995;0.007373;0.247727;0.040680;0.005129;1.181136
27.10974;2.167906;4.977909;-3.116058;2.165657;4.983203;-3.140311;2.161255;4.976906;-3.133299;0.249993;-0.009260;0.273313;-0.082025;0.006726;0.987865
27.12449;2.155411;4.977590;-3.116749;2.148081;4.976781;-3.130876;2.167466;4.993770;-3.134122;0.249983;-0.013822;0.263491;0.048471;0.020177;0.995393
27.14159;2.142915;4.977280;-3.117249;2.156419;4.993699;-3.136263;2.147765;4.990017;3.136554;0.249991;-0.010008;0.220935;-0.042817;0.013629;1.683485
27.15864;2.130419;4.976976;-3.117031;2.136437;4.990060;3.139009;2.128685;4.983457;-3.136590;0.249998;0.004371;0.226561;0.049108;0.006709;1.120648
27.17465;2.117923;4.976669;-3.117470;2.115428;4.983416;-3.140371;2.114078;4.986158;3.136033;0.249993;-0.008788;0.265136;-0.075623;0.010239;1.700677
27.19267;2.105427;4.976367;-3.117253;2.102137;4.986208;3.138858;2.094961;4.984308;3.132850;0.249998;0.004337;0.238829;0.056508;0.013137;1.895453
27.20893;2.092931;4.976063;-3.116862;2.082371;4.984427;3.131481;2.088305;4.979070;3.128743;0.249995;0.007837;0.251816;-0.027378;0.005517;2.153241
27.22845;2.080435;4.975754;-3.116268;2.075562;4.979229;3.129490;2.071951;4.987345;3.127817;0.249988;0.011877;0.254880;0.014944;0.014364;2.240296
27.24447;2.067940;4.975437;-3.115549;2.060937;4.987506;3.126133;2.086253;4.971115;3.133081;0.249982;0.014383;0.220309;-0.033680;0.018816;1.979904
27.26346;2.055444;4.975112;-3.115282;2.073838;4.971215;3.133967;2.054982;4.976508;3.126512;0.249998;0.005323;0.248307;0.017724;0.001471;2.371545
27.28169;2.042949;4.974783;-3.114577;2.040265;4.976748;3.124192;2.038257;4.971863;3.128826;0.249983;0.014101;0.294384;-0.046394;0.005527;2.279327
27.29877;2.030455;4.974445;-3.114051;2.025154;4.972005;3.132714;2.032353;4.966724;-3.131200;0.249990;0.010523;0.262062;0.077758;0.007951;0.982549
27.31678;2.017961;4.974101;-3.114775;2.018250;4.966585;-3.132205;2.007032;4.973090;-3.120542;0.249971;-0.018149;0.282069;-0.020107;0.010975;0.330419
27.33582;2.005469;4.973766;-3.116269;1.994556;4.972850;-3.124201;2.005705;4.983912;-3.125101;0.249923;-0.029869;0.249569;-0.073181;0.010148;0.506068
27.35119;1.992975;4.973450;-3.117396;1.993158;4.983691;-3.122900;1.990298;4.988205;-3.124525;0.249956;-0.022546;0.250980;0.044030;0.014996;0.408494
27.36971;1.980481;4.973147;-3.118521;1.980139;4.988057;-3.129669;1.986045;4.985187;-3.125869;0.249956;-0.022506;0.203206;-0.102875;0.013263;0.420989
27.38474;1.967986;4.972859;-3.119592;1.972989;4.984973;-3.124503;1.985284;4.983084;3.135425;0.249960;-0.021413;0.261153;0.027322;0.020094;1.613947
27.40178;1.955490;4.972584;-3.119412;1.972008;4.983160;3.136222;1.966964;4.977338;3.123666;0.249998;0.004495;0.265524;0.015935;0.012420;2.297937
27.41847;1.942994;4.972307;-3.118532;1.952239;4.977626;3.120312;1.955898;4.973572;3.108949;0.249973;0.017608;0.294560;-0.067079;0.012966;3.191650
27.43449;1.930502;4.972019;-3.116801;1.942369;4.974011;3.109391;1.941651;4.976072;3.104979;0.249896;0.034614;0.270721;0.008850;0.011862;3.518254
27.45007;1.918013;4.971709;-3.114811;1.928063;4.976578;3.103827;1.922321;4.971252;3.110253;0.249863;0.039800;0.271933;-0.023032;0.004332;3.330063
27.46710;1.905522;4.971374;-3.113180;1.910392;4.971619;3.111320;1.912687;4.976007;3.116851;0.249908;0.032624;0.238693;0.021337;0.008532;3.045516
27.48632;1.893030;4.971019;-3.111904;1.899834;4.976298;3.121060;1.895125;4.973061;3.125874;0.249943;0.025525;0.257120;0.084189;0.002925;2.601650
27.50418;1.880537;4.970648;-3.111195;1.882371;4.973259;3.126121;1.892105;4.973743;3.123855;0.249983;0.014174;0.255109;0.004947;0.011975;2.757939
27.52225;1.868044;4.970268;-3.110359;1.879795;4.973949;3.125965;1.875361;4.978510;3.101828;0.249976;0.016714;0.246238;0.042209;0.011021;4.067879
27.54028;1.855558;4.969878;-3.108274;1.865318;4.978905;3.102716;1.859699;4.978141;3.117619;0.249832;0.043967;0.201006;0.017754;0.009242;3.282632
27.55680;1.843068;4.969462;-3.107027;1.848340;4.978392;3.121379;1.856030;4.985411;3.117369;0.249946;0.024945;0.227228;0.075212;0.020552;3.368378
27.57233;1.830578;4.969030;-3.105701;1.842626;4.985719;3.120005;1.840968;4.967099;3.130470;0.249939;0.026514;0.268149;0.052720;0.010568;2.693711
27.58938;1.818086;4.968582;-3.105322;1.829429;4.967197;3.135783;1.811356;4.959992;-3.138293;0.249995;0.007576;0.230790;0.106256;0.010913;1.889097
27.60860;1.805595;4.968128;-3.105872;1.799238;4.959976;3.140916;1.799854;4.975831;-3.134659;0.249989;-0.011008;0.242367;-0.079520;0.009607;1.649352
27.62345;1.793104;4.967682;-3.106502;1.785813;4.975745;-3.136282;1.787299;4.963725;-3.137336;0.249986;-0.012585;0.280835;-0.032455;0.007025;1.766685
27.64258;1.780612;4.967243;-3.107078;1.775889;4.963671;-3.136410;1.780252;4.958993;-3.128076;0.249988;-0.011521;0.228203;0.018515;0.008258;1.203130
27.66091;1.768122;4.966812;-3.108252;1.768455;4.958837;-3.128784;1.760249;4.962986;-3.128960;0.249952;-0.023477;0.235974;-0.014149;0.008753;1.186497
27.67681;1.755631;4.966395;-3.109338;1.746182;4.962821;-3.130693;1.751142;4.964674;-3.123767;0.249959;-0.021729;0.281349;-0.034656;0.004808;0.826709
27.69607;1.743141;4.965992;-3.110722;1.738429;4.964444;-3.123305;1.747350;4.968319;-3.128466;0.249934;-0.027670;0.254291;0.009248;0.004810;1.016696
27.71334;1.730649;4.965607;-3.111791;1.735071;4.968157;-3.128288;1.734019;4.966121;-3.138441;0.249960;-0.021386;0.245607;0.003566;0.003409;1.526965
27.73875;1.718155;4.965234;-3.112282;1.721541;4.966093;-3.140202;1.715758;4.964960;-3.138951;0.249992;-0.009818;0.249560;-0.035212;0.002413;1.528028
27.76429;1.705660;4.964868;-3.112753;1.702904;4.964912;-3.136844;1.702996;4.971774;-3.122356;0.249992;-0.009431;0.257078;0.042134;0.007402;0.550206
27.77843;1.693169;4.964508;-3.114160;1.690878;4.971561;-3.125682;1.683224;4.966355;-3.128232;0.249931;-0.028137;0.242409;-0.066518;0.010115;0.806275
27.79545;1.680676;4.964165;-3.115264;1.671457;4.966207;-3.129782;1.673845;4.953449;-3.139662;0.249958;-0.022073;0.235367;-0.030986;0.012708;1.397918
27.81250;1.668181;4.963836;-3.115798;1.661146;4.953429;-3.140267;1.662765;4.961544;-3.123628;0.249990;-0.010687;0.253985;-0.012095;0.005881;0.448632
27.82956;1.655688;4.963513;-3.117222;1.649845;4.961302;-3.122111;1.657224;4.965898;-3.123615;0.249930;-0.028483;0.258447;0.030346;0.002837;0.366268
27.84618;1.643195;4.963209;-3.118608;1.644907;4.965702;-3.127751;1.651625;4.962644;-3.135182;0.249933;-0.027720;0.246374;-0.082729;0.008449;0.949605
27.86394;1.630700;4.962922;-3.119330;1.639243;4.962554;-3.133417;1.643144;4.956570;3.141075;0.249982;-0.014432;0.247646;0.035311;0.013971;1.305220
27.88346;1.618203;4.962643;-3.119691;1.628715;4.956549;-3.138110;1.626756;4.966254;-3.140752;0.249995;-0.007224;0.288580;0.080006;0.009284;1.206707
27.89950;1.605706;4.962370;-3.120047;1.614413;4.966256;3.140373;1.617901;4.958822;3.131186;0.249996;-0.007119;0.246848;-0.041205;0.012701;1.830716
27.91553;1.593209;4.962100;-3.119796;1.606480;4.958938;3.131700;1.607267;4.967330;3.124484;0.249998;0.005021;0.228437;0.010270;0.014999;2.229124
27.93179;1.580713;4.961828;-3.119066;1.594443;4.967547;3.124915;1.589686;4.964840;3.113177;0.249982;0.014597;0.256528;0.008621;0.009465;2.918759
27.94831;1.568220;4.961546;-3.117681;1.576942;4.965204;3.112904;1.576424;4.961846;3.125896;0.249933;0.027696;0.254982;-0.005461;0.008210;2.269348
27.96433;1.555724;4.961248;-3.117088;1.563417;4.962044;3.126730;1.545690;4.979183;3.116026;0.249988;0.011874;0.260189;0.016682;0.020552;2.868880
27.97949;1.543231;4.960941;-3.115745;1.533173;4.979469;3.121452;1.535198;4.970870;3.120421;0.249937;0.026864;0.250387;0.108519;0.012771;2.694012
27.99701;1.530737;4.960618;-3.114742;1.522240;4.971154;3.119015;1.519155;4.962361;3.130984;0.249965;0.020057;0.259219;-0.028130;0.011712;2.146288
28.01257;1.518241;4.960283;-3.114452;1.507587;4.962479;3.131838;1.515812;4.966834;-3.134821;0.249997;0.005802;0.231380;0.017085;0.006987;1.167052
28.03060;1.505747;4.959944;-3.115163;1.501614;4.966730;-3.133796;1.498727;4.975902;-3.130173;0.249982;-0.014235;0.283969;0.020498;0.017434;0.859975
28.04918;1.493253;4.959613;-3.116071;1.486435;4.975762;-3.130238;1.497249;4.973538;-3.113545;0.249971;-0.018154;0.245859;-0.001302;0.014486;0.144748
28.06569;1.480763;4.959294;-3.117998;1.485615;4.973237;-3.118068;1.482185;4.968695;-3.118438;0.249871;-0.038545;0.232760;-0.090470;0.009507;0.025194
28.08265;1.468271;4.959000;-3.119677;1.468835;4.968403;-3.121032;1.472651;4.968770;-3.129015;0.249902;-0.033581;0.267067;-0.051882;0.010707;0.535039
28.09870;1.455776;4.958726;-3.120721;1.459290;4.968607;-3.129810;1.463326;4.967184;-3.133873;0.249962;-0.020882;0.267245;-0.015884;0.011338;0.753516
28.11576;1.443280;4.958465;-3.121489;1.450319;4.967083;-3.133716;1.462537;4.963693;-3.122555;0.249980;-0.015356;0.260151;0.003128;0.019954;0.061054
28.13231;1.430786;4.958214;-3.122969;1.448762;4.963422;-3.121207;1.437233;4.950748;-3.115653;0.249924;-0.029587;0.275564;0.026954;0.009864;0.419169
28.14834;1.418296;4.957981;-3.124984;1.424601;4.950431;-3.117248;1.426081;4.966428;-3.134530;0.249859;-0.040309;0.252737;-0.031911;0.011488;0.546937
28.16540;1.405798;4.957774;-3.125750;1.412510;4.966340;-3.135745;1.409684;4.968641;-3.131533;0.249981;-0.014744;0.271428;-0.024304;0.011541;0.331345
28.18247;1.393301;4.957576;-3.126647;1.395644;4.968561;-3.140287;1.397849;4.960574;3.125377;0.249972;-0.017943;0.280801;-0.175090;0.005447;1.785442
28.19951;1.380803;4.957389;-3.126294;1.386482;4.960745;3.127802;1.379768;4.944462;3.127039;0.249987;0.012064;0.227357;0.048507;0.012968;1.710418
28.21458;1.368305;4.957197;-3.125943;1.366912;4.944657;3.125916;1.369027;4.942990;3.140779;0.249996;0.007018;0.257160;-0.022453;0.014226;0.943273
28.23147;1.355807;4.957002;-3.126431;1.355376;4.943037;3.135479;1.361023;4.963920;3.126868;0.249992;-0.009765;0.273013;-0.106003;0.008664;1.712337
28.24802;1.343309;4.956812;-3.125888;1.349109;4.964079;3.129584;1.343957;4.965364;3.135339;0.249990;0.010863;0.238290;0.054317;0.008576;1.258100
28.26735;1.330810;4.956616;-3.125840;1.329667;4.965443;3.136785;1.334621;4.962953;3.132949;0.250000;0.000952;0.285804;0.028923;0.007394;1.397776
28.28844;1.318312;4.956419;-3.125673;1.322267;4.963045;3.135357;1.330840;4.987551;3.123047;0.249999;0.003354;0.247095;0.048162;0.033558;1.974763
28.30446;1.305815;4.956220;-3.124678;1.317171;4.987829;3.119446;1.308943;4.961999;3.117542;0.249966;0.019896;0.273422;-0.072014;0.006571;2.347153
28.32159;1.293319;4.956009;-3.123596;1.296502;4.962285;3.119672;1.304876;4.963398;3.118346;0.249959;0.021633;0.248880;0.042593;0.013718;2.363038
28.33718;1.280823;4.955784;-3.122550;1.291057;4.963702;3.120824;1.286860;4.958900;3.131705;0.249962;0.020929;0.276462;0.049549;0.006794;1.657608
28.35369;1.268325;4.955546;-3.122349;1.273665;4.959052;3.128362;1.271638;4.957498;3.128403;0.249999;0.004021;0.263921;-0.066847;0.003845;1.858312
28.36972;1.255828;4.955305;-3.121964;1.260492;4.957640;3.129380;1.256869;4.961115;3.128748;0.249995;0.007696;0.222948;0.019549;0.005902;1.860586
28.38724;1.243331;4.955060;-3.121566;1.243827;4.961282;3.128690;1.245829;4.954770;3.136175;0.249995;0.007956;0.260878;-0.001170;0.002515;1.457840
28.40376;1.230833;4.954810;-3.121676;1.231326;4.954855;3.135321;1.235580;4.938759;-3.134636;0.250000;-0.002189;0.290067;-0.017074;0.016737;0.742552
28.42030;1.218337;4.954561;-3.122682;1.225541;4.938702;-3.137094;1.234414;4.954102;-3.132170;0.249965;-0.020134;0.200776;-0.049173;0.016083;0.543591
28.43682;1.205841;4.954324;-3.123689;1.220454;4.953958;-3.130298;1.216434;4.953481;-3.103965;0.249965;-0.020142;0.279227;0.037426;0.010626;1.130137
28.45387;1.193356;4.954101;-3.125946;1.203488;4.953001;-3.105063;1.197751;4.945755;-3.106430;0.249746;-0.054133;0.259097;-0.021964;0.009433;1.118234
28.47092;1.180870;4.953906;-3.128581;1.185621;4.945348;-3.109698;1.193215;4.939420;-3.119061;0.249759;-0.052698;0.242751;-0.065371;0.019032;0.545498
28.48694;1.168377;4.953743;-3.130520;1.182275;4.939181;-3.120485;1.179187;4.933488;-3.117812;0.249869;-0.038776;0.218842;-0.028479;0.022959;0.728131
28.50950;1.155885;4.953605;-3.132593;1.167426;4.933238;-3.122920;1.155952;4.948112;-3.135284;0.249851;-0.041453;0.235260;-0.102156;0.005493;0.154195
28.52969;1.143387;4.953492;-3.133477;1.143467;4.948049;-3.137811;1.155712;4.952734;-3.140337;0.249973;-0.017685;0.249705;-0.050539;0.012348;0.393070
28.54698;1.130888;4.953391;-3.134013;1.142419;4.952717;-3.140276;1.135162;4.954950;-3.138969;0.249990;-0.010720;0.265865;0.001219;0.004550;0.283943
28.56417;1.118389;4.953296;-3.134611;1.122246;4.954918;-3.139258;1.115052;4.943048;3.134640;0.249988;-0.011960;0.258321;-0.005792;0.010778;0.798359
28.58269;1.105890;4.953209;-3.134753;1.102738;4.943132;3.134931;1.101574;4.941243;-3.137829;0.249999;-0.002833;0.246296;0.005817;0.012720;0.176235
28.59929;1.093391;4.953123;-3.135556;1.088727;4.941181;-3.135733;1.096803;4.943957;3.137807;0.249978;-0.016072;0.256941;0.041906;0.009780;0.562730
28.61531;1.080891;4.953048;-3.135881;1.083664;4.944015;3.136569;1.086721;4.949097;-3.138864;0.249996;-0.006488;0.262787;-0.024775;0.007042;0.170939
28.63533;1.068392;4.952976;-3.136546;1.073233;4.949079;3.141579;1.082997;4.947144;-3.136162;0.249985;-0.013309;0.269760;-0.054847;0.015727;0.022028
28.65115;1.055894;4.952913;-3.137393;1.070333;4.947088;-3.138126;1.047090;4.955434;-3.138064;0.249975;-0.016944;0.253286;-0.039279;0.009157;0.038404
28.67069;1.043395;4.952861;-3.138047;1.035059;4.955422;3.140107;1.040977;4.957614;-3.140212;0.249985;-0.013078;0.240629;-0.100288;0.005333;0.124018
28.68471;1.030895;4.952817;-3.138551;1.028283;4.957589;-3.138933;1.020293;4.942489;-3.136558;0.249991;-0.010076;0.253891;0.025577;0.014801;0.114194
28.70137;1.018397;4.952778;-3.139426;1.005619;4.942415;-3.136571;1.023049;4.947370;-3.138478;0.249973;-0.017505;0.293473;-0.000250;0.007134;0.054345
28.71869;1.005897;4.952751;-3.140138;1.010769;4.947342;-3.140033;1.005559;4.959653;3.136459;0.249982;-0.014223;0.245588;-0.031111;0.006910;0.377530
28.73472;0.993397;4.952733;-3.140233;0.993121;4.959717;3.136455;1.001460;4.962202;3.133980;0.250000;-0.001901;0.248770;-0.000082;0.012437;0.514098
28.75376;0.980897;4.952716;-3.140154;0.988665;4.962292;3.135279;1.000064;4.956788;-3.138603;0.250000;0.001578;0.255912;0.025985;0.019594;0.088838
28.77180;0.968398;4.952698;-3.140765;0.987609;4.956742;-3.137108;0.968211;4.959814;3.141450;0.249987;-0.012229;0.249101;0.029896;0.007118;0.055576
28.78834;0.955898;4.952688;-3.141161;0.956487;4.959795;-3.138133;0.942451;4.939826;-3.135781;0.249995;-0.007909;0.234477;0.072034;0.018608;0.308225
28.80637;0.943400;4.952683;3.141068;0.932365;4.939783;-3.138865;0.932880;4.949510;3.136408;0.249968;-0.019125;0.201716;-0.061682;0.010988;0.267018
28.82438;0.930900;4.952689;3.140869;0.921220;4.949572;3.136185;0.910782;4.946046;3.137116;0.249999;-0.003990;0.233205;-0.004472;0.021187;0.215039
28.84445;0.918400;4.952698;3.140590;0.897866;4.946115;3.135391;0.898682;4.940299;3.128664;0.249997;-0.005581;0.258318;-0.034493;0.023293;0.683303
28.86651;0.905900;4.952711;3.140758;0.883349;4.940492;3.129249;0.894983;4.944741;3.130210;0.249999;0.003369;0.306674;0.011706;0.013517;0.604372
28.88253;0.893400;4.952721;3.140879;0.881767;4.944904;3.128231;0.888429;4.939384;3.130977;0.249999;0.002411;0.264340;-0.039573;0.014233;0.567313
28.90025;0.880900;4.952730;3.140898;0.876445;4.939512;3.130935;0.880570;4.933858;3.135657;0.250000;0.000386;0.239698;-0.000849;0.018875;0.300271
28.91728;0.868400;4.952739;3.140579;0.867984;4.933946;3.133623;0.873987;4.952164;3.119248;0.249996;-0.006374;0.251729;-0.040693;0.005616;1.222203
28.93249;0.855902;4.952751;3.141432;0.861119;4.952454;3.118926;0.866696;4.949900;3.119658;0.249975;0.017041;0.257426;-0.006448;0.011164;1.247528
28.95003;0.843403;4.952753;-3.140950;0.854279;4.950170;3.120076;0.858025;4.954730;3.114289;0.249978;0.016074;0.248396;0.008368;0.014755;1.601190
28.96554;0.830905;4.952745;-3.139776;0.845341;4.955083;3.113222;0.840401;4.951133;3.099588;0.249952;0.023491;0.253779;-0.021340;0.009632;2.510810
28.98236;0.818412;4.952723;-3.137757;0.826559;4.951683;3.104093;0.818145;4.945099;3.098456;0.249859;0.040365;0.277070;0.090105;0.007629;2.691310
29.00099;0.805920;4.952675;-3.135735;0.804693;4.945665;3.100551;0.805874;4.951401;3.107089;0.249858;0.040441;0.269271;0.041906;0.001274;2.312540
29.01885;0.793424;4.952602;-3.134167;0.790689;4.951919;3.107954;0.794140;4.941048;3.126501;0.249915;0.031360;0.303878;0.017304;0.011575;1.290125
29.03738;0.780925;4.952509;-3.133849;0.782789;4.941206;3.128847;0.782066;4.942137;3.129262;0.249997;0.005901;0.227035;0.046917;0.010435;1.150163
29.05392;0.768425;4.952412;-3.133710;0.770476;4.942277;3.129692;0.774048;4.950185;-3.134242;0.249999;0.002788;0.231826;0.008595;0.006048;0.030509
29.07144;0.755927;4.952313;-3.134668;0.762263;4.950071;-3.129578;0.766735;4.950798;-3.133561;0.249968;-0.019173;0.235696;0.093281;0.010914;0.063476
29.08697;0.743429;4.952227;-3.135662;0.755280;4.950703;-3.132914;0.745518;4.952989;-3.126596;0.249966;-0.019877;0.229125;0.012941;0.002224;0.519470
29.10550;0.730933;4.952153;-3.137053;0.731794;4.952801;-3.129274;0.733722;4.952925;3.136587;0.249933;-0.027815;0.274513;-0.053562;0.002894;0.546885
29.12252;0.718433;4.952096;-3.137245;0.719685;4.953030;3.131652;0.708597;4.929610;3.120087;0.249999;-0.003846;0.280747;-0.098700;0.024543;1.481276
29.14028;0.705933;4.952042;-3.136695;0.696041;4.929852;3.124622;0.693864;4.946042;3.116161;0.249989;0.011011;0.251181;0.090694;0.013479;1.737734
29.15640;0.693435;4.951980;-3.135737;0.680759;4.946349;3.120114;0.704279;4.937656;3.108869;0.249968;0.019146;0.262175;0.079047;0.017966;2.210426
29.17241;0.680938;4.951907;-3.134430;0.692650;4.938041;3.108036;0.698912;4.938129;3.109313;0.249941;0.026154;0.232710;-0.016660;0.022647;2.259910
29.18843;0.668441;4.951818;-3.133144;0.685266;4.938553;3.111693;0.684387;4.936023;3.101482;0.249943;0.025708;0.273043;0.047603;0.022444;2.782240
29.20596;0.655947;4.951712;-3.131413;0.672072;4.936487;3.106481;0.672031;4.944458;3.097489;0.249896;0.034628;0.246457;0.099983;0.017644;3.110209
29.22133;0.643455;4.951585;-3.129354;0.659952;4.944998;3.096439;0.656886;4.938711;3.097937;0.249853;0.041174;0.241819;-0.020996;0.018605;3.202470
29.24075;0.630963;4.951432;-3.127385;0.644846;4.939210;3.102464;0.636272;4.939245;3.100510;0.249865;0.039385;0.241006;0.090521;0.013293;3.167898
29.26028;0.618470;4.951255;-3.125567;0.623709;4.939755;3.101498;0.630749;4.954960;3.117425;0.249885;0.036364;0.251482;0.019751;0.012826;2.302934
29.27634;0.605973;4.951054;-3.124597;0.618381;4.955239;3.120725;0.616187;4.950805;3.108134;0.249967;0.019403;0.247420;0.066007;0.010217;2.890865
29.29236;0.593479;4.950842;-3.123115;0.604356;4.951167;3.113872;0.585439;4.946030;3.128331;0.249924;0.029640;0.236736;0.114764;0.009370;1.818573
29.31074;0.580981;4.950611;-3.122883;0.573656;4.946193;3.127053;0.578815;4.963939;3.115054;0.249998;0.004320;0.235687;-0.025548;0.013503;2.592576
29.32828;0.568486;4.950377;-3.121678;0.566785;4.964225;3.120534;0.559869;4.951296;3.106280;0.249950;0.024090;0.240669;0.109605;0.008665;3.164297
29.34431;0.555992;4.950128;-3.120085;0.549167;4.951651;3.110570;0.542965;4.956913;3.107406;0.249912;0.031864;0.214166;0.085810;0.014688;3.191072
29.36051;0.543500;4.949860;-3.118500;0.530812;4.957301;3.111968;0.526829;4.958305;3.088334;0.249913;0.031697;0.243189;0.091250;0.018688;4.374632
29.37603;0.531016;4.949571;-3.115757;0.511884;4.959116;3.086397;0.510162;4.967892;3.109057;0.249739;0.054858;0.299341;-0.038738;0.027759;3.344412
29.39361;0.518525;4.949248;-3.114155;0.497616;4.968305;3.108394;0.513378;4.970512;3.103467;0.249911;0.032050;0.251054;-0.013273;0.021877;3.756494
29.40865;0.506036;4.948906;-3.112188;0.500331;4.971009;3.103583;0.494629;4.958580;3.124802;0.249866;0.039332;0.261123;0.002312;0.014957;2.646778
29.42471;0.493542;4.948538;-3.111471;0.483816;4.958743;3.128234;0.499448;4.951190;3.125990;0.249989;0.011103;0.216280;0.068631;0.006474;2.619777
29.44275;0.481048;4.948162;-3.111068;0.486259;4.951366;3.130541;0.487600;4.940248;3.137957;0.249994;0.008073;0.263817;0.091025;0.010274;1.957270
29.45700;0.468554;4.947780;-3.111503;0.475728;4.940290;3.138206;0.463285;4.939217;-3.139632;0.249993;-0.008703;0.237438;0.004994;0.010055;1.611674
29.47403;0.456061;4.947404;-3.112288;0.450050;4.939225;3.138418;0.462303;4.947613;3.129810;0.249979;-0.015703;0.264689;-0.102713;0.006245;2.354142
29.49612;0.443566;4.947038;-3.112157;0.448506;4.947793;3.127327;0.447172;4.949866;3.130223;0.249999;0.002631;0.275952;-0.049645;0.004583;2.338007
29.51842;0.431072;4.946670;-3.112027;0.436585;4.949967;3.133898;0.432989;4.951220;3.130533;0.249999;0.002600;0.211761;0.073512;0.004937;2.327690
29.53444;0.418577;4.946301;-3.111902;0.421970;4.951334;3.131824;0.414589;4.946898;3.125214;0.249999;0.002498;0.220377;0.025821;0.004033;2.639616
29.55200;0.406083;4.945930;-3.111507;0.402857;4.947085;3.126072;0.402674;4.958079;3.122955;0.249995;0.007886;0.234670;0.017165;0.012618;2.791646
29.56852;0.393589;4.945554;-3.110855;0.390643;4.958311;3.121676;0.384042;4.964089;3.122879;0.249985;0.013055;0.240670;-0.025567;0.020850;2.833382
29.58681;0.381096;4.945169;-3.110132;0.371799;4.964296;3.126473;0.378184;4.967542;3.131665;0.249982;0.014453;0.244884;0.071879;0.022561;2.371370
29.60533;0.368603;4.944776;-3.109898;0.365558;4.967653;3.133849;0.367875;4.961886;3.133272;0.249998;0.004671;0.252517;0.043681;0.017125;2.292698
29.62235;0.356109;4.944380;-3.109825;0.356836;4.961991;3.130901;0.361738;4.951464;3.136054;0.250000;0.001465;0.220785;-0.047414;0.009048;2.137491
29.63939;0.343615;4.943983;-3.110036;0.349242;4.951558;3.132159;0.359572;4.934244;3.134813;0.249998;-0.004216;0.249924;-0.077904;0.018694;2.196532
29.65441;0.331122;4.943589;-3.110365;0.346192;4.934349;3.132647;0.337735;4.922806;3.132172;0.249996;-0.006586;0.267600;-0.043312;0.021809;2.328976
29.67046;0.318628;4.943198;-3.110668;0.325379;4.922911;3.134057;0.323243;4.931251;3.139336;0.249997;-0.006048;0.247135;0.037707;0.012808;1.901186
29.68599;0.306135;4.942812;-3.111307;0.312097;4.931273;3.139936;0.308773;4.935359;3.134342;0.249986;-0.012789;0.222920;0.012015;0.007906;2.150680
29.70288;0.293640;4.942433;-3.111603;0.297076;4.935453;3.132781;0.291524;4.932976;-3.129375;0.249997;-0.005910;0.233961;-0.031224;0.009691;1.018299
29.71840;0.281150;4.942059;-3.113096;0.278516;4.932809;-3.128195;0.278252;4.943360;-3.130887;0.249923;-0.029860;0.260174;0.023599;0.003177;1.019394
29.74077;0.268658;4.941703;-3.114382;0.266464;4.943221;-3.128783;0.276869;4.926393;-3.135587;0.249943;-0.025723;0.235780;0.042089;0.017373;1.214973
29.75929;0.256165;4.941363;-3.115579;0.263263;4.926327;-3.137858;0.268823;4.927825;-3.128731;0.249950;-0.023945;0.272113;-0.045421;0.018534;0.753539
29.77687;0.243674;4.941038;-3.117173;0.255972;4.927678;-3.131583;0.250260;4.939975;-3.136958;0.249912;-0.031872;0.257042;-0.057047;0.006672;1.133613
29.79341;0.231179;4.940732;-3.118137;0.237583;4.939921;-3.137676;0.243115;4.948866;3.131683;0.249968;-0.019280;0.253539;-0.014360;0.014444;1.911745
29.80945;0.218682;4.940439;-3.118127;0.230701;4.948986;3.132178;0.221838;4.936721;-3.136969;0.250000;0.000189;0.248299;0.009910;0.004877;1.079576
29.82648;0.206188;4.940146;-3.119132;0.210506;4.936673;-3.137816;0.214253;4.931504;-3.133437;0.249965;-0.020089;0.226633;-0.016933;0.011821;0.819627
29.84618;0.193694;4.939865;-3.120409;0.202038;4.931408;-3.134071;0.196233;4.943063;-3.134903;0.249943;-0.025550;0.244311;-0.012679;0.004083;0.830423
29.85973;0.181198;4.939601;-3.121468;0.183318;4.942994;-3.137644;0.180131;4.939336;3.132262;0.249961;-0.021176;0.258304;-0.054826;0.001099;1.687660
29.87627;0.168701;4.939349;-3.121611;0.166098;4.939459;3.133448;0.164648;4.950954;-3.141172;0.249999;-0.002856;0.280677;0.023719;0.012292;1.120790
29.89454;0.156204;4.939099;-3.122206;0.153068;4.950977;3.137181;0.166506;4.945420;-3.134437;0.249988;-0.011900;0.231599;-0.096640;0.012086;0.700790
29.90862;0.143708;4.938857;-3.123269;0.152863;4.945329;-3.135438;0.138839;4.942692;-3.119998;0.249961;-0.021264;0.272878;-0.020034;0.006198;0.187397
29.92412;0.131217;4.938628;-3.125234;0.127091;4.942453;-3.122498;0.131598;4.940460;-3.128511;0.249866;-0.039295;0.235020;-0.049991;0.001871;0.187796
29.94072;0.118723;4.938424;-3.126715;0.119234;4.940331;-3.133776;0.114159;4.942170;-3.138195;0.249924;-0.029620;0.247286;-0.105288;0.005904;0.657797
29.95676;0.106225;4.938238;-3.127597;0.100756;4.942118;-3.137255;0.108095;4.945750;-3.132361;0.249973;-0.017646;0.268058;0.018802;0.007742;0.272939
29.97337;0.093729;4.938063;-3.128788;0.095040;4.945646;-3.134842;0.100764;4.952605;-3.130511;0.249951;-0.023822;0.261109;-0.049631;0.016154;0.098710
29.99139;0.081233;4.937903;-3.130010;0.088601;4.952485;-3.132935;0.089699;4.946737;-3.110590;0.249948;-0.024448;0.243284;-0.048485;0.012236;1.112731
30.01042;0.068744;4.937758;-3.132483;0.077040;4.946361;-3.113222;0.073612;4.933991;-3.133703;0.249785;-0.049761;0.253283;-0.052654;0.006155;0.069886
30.02912;0.056247;4.937644;-3.133737;0.062442;4.933903;-3.133841;0.067227;4.943077;-3.139964;0.249945;-0.025080;0.223401;-0.002777;0.012250;0.356822
30.04462;0.043749;4.937546;-3.134508;0.055674;4.943062;-3.140599;0.054515;4.933076;-3.136285;0.249979;-0.015434;0.231057;-0.012697;0.011657;0.101805
30.06033;0.031251;4.937458;-3.135621;0.041789;4.933038;-3.140871;0.051284;4.949171;-3.137271;0.249957;-0.022256;0.254528;-0.091708;0.023206;0.094532
30.07763;0.018753;4.937383;-3.136484;0.037186;4.949092;-3.134770;0.025994;4.943396;-3.131841;0.249974;-0.017261;0.281969;0.050022;0.009412;0.266041
30.09465;0.006256;4.937319;-3.137745;0.013378;4.943275;-3.132159;-0.006493;4.931981;-3.122316;0.249945;-0.025216;0.252331;-0.006355;0.013822;0.884048
30.11219;-0.006237;4.937271;-3.139719;-0.019244;4.931749;-3.124530;-0.007995;4.943707;-3.132298;0.249865;-0.039477;0.255054;-0.044282;0.006672;0.425190
30.12925;-0.018735;4.937248;-3.140953;-0.020721;4.943625;-3.138077;-0.020123;4.949185;3.136161;0.249947;-0.024685;0.254530;-0.115578;0.012018;0.347843
30.14426;-0.031235;4.937240;-3.141240;-0.031748;4.949279;3.130938;-0.032239;4.957607;3.131937;0.249997;-0.005726;0.232515;-0.104461;0.020392;0.573478
30.16132;-0.043735;4.937235;-3.141172;-0.045983;4.957769;3.127580;-0.048722;4.950852;3.124960;0.250000;0.001347;0.274893;-0.087132;0.014502;0.977050
30.17844;-0.056234;4.937230;-3.140770;-0.060465;4.951067;3.121586;-0.056457;4.941831;3.121256;0.249994;0.008048;0.234906;-0.067492;0.004606;1.212322
30.19453;-0.068734;4.937220;-3.140256;-0.069579;4.942060;3.127012;-0.072365;4.949694;3.133371;0.249991;0.010284;0.262492;0.115106;0.012993;0.547657
30.21456;-0.081234;4.937203;-3.140375;-0.085451;4.949805;3.132862;-0.065442;4.934738;-3.129851;0.250000;-0.002385;0.261712;-0.010187;0.015983;0.602980
30.22785;-0.093730;4.937188;3.141441;-0.079615;4.934581;-3.131181;-0.073058;4.936460;-3.125744;0.249922;-0.029960;0.283483;-0.026599;0.020685;0.916727
30.24786;-0.106225;4.937190;3.139717;-0.085379;4.936306;-3.132499;-0.100407;4.930775;-3.139448;0.249897;-0.034493;0.246458;-0.135101;0.008659;0.230385
30.26991;-0.118723;4.937213;3.138740;-0.112595;4.930736;-3.137333;-0.123550;4.942665;-3.123901;0.249967;-0.019527;0.243767;0.042295;0.007282;1.177087
30.28593;-0.131218;4.937249;3.136973;-0.132602;4.942520;-3.127351;-0.139251;4.940430;-3.127322;0.249892;-0.035338;0.181051;-0.068992;0.008640;1.082304
30.30422;-0.143713;4.937306;3.135382;-0.150738;4.940271;-3.128034;-0.147641;4.937509;-3.119254;0.249912;-0.031830;0.229763;-0.014240;0.003934;1.635756
30.32075;-0.156205;4.937384;3.133269;-0.160969;4.937231;-3.122207;-0.157076;4.943179;-3.129615;0.249845;-0.042259;0.266620;-0.059059;0.005860;1.163161
30.33727;-0.168701;4.937488;3.131846;-0.169180;4.943060;-3.133951;-0.174633;4.940325;-3.118764;0.249930;-0.028451;0.242100;-0.086705;0.006575;1.866405
30.35380;-0.181193;4.937610;3.129735;-0.185676;4.940090;-3.121903;-0.189058;4.933934;-3.128261;0.249845;-0.042234;0.220915;-0.062784;0.008682;1.443276
30.37143;-0.193687;4.937758;3.128111;-0.200584;4.933761;-3.124875;-0.198181;4.932152;-3.126306;0.249908;-0.032476;0.230539;0.067715;0.007185;1.648301
30.38646;-0.206181;4.937926;3.126346;-0.211632;4.931966;-3.129322;-0.195811;4.924436;-3.117544;0.249892;-0.035298;0.269049;-0.060307;0.017015;2.251462
30.40293;-0.218669;4.938117;3.123959;-0.207926;4.924137;-3.116235;-0.205058;4.938264;-3.123582;0.249802;-0.047731;0.242364;0.026176;0.013613;2.042261
30.41956;-0.231162;4.938337;3.122106;-0.217510;4.938066;-3.127811;-0.216643;4.938322;-3.116609;0.249881;-0.037062;0.249075;-0.084592;0.014518;2.547942
30.43629;-0.243650;4.938581;3.119834;-0.229619;4.938017;-3.119627;-0.237836;4.949833;-3.125258;0.249821;-0.045453;0.259584;-0.060356;0.012666;2.182598
30.45204;-0.256143;4.938852;3.118221;-0.250915;4.949651;-3.130076;-0.248049;4.942532;3.124634;0.249910;-0.032242;0.261602;-0.096359;0.008891;0.367440
30.46860;-0.268639;4.939144;3.117859;-0.259792;4.942734;3.124114;-0.275175;4.944909;3.110584;0.249997;0.005838;0.234891;-0.010412;0.008714;0.416821
30.48865;-0.281133;4.939441;3.118747;-0.289068;4.945309;3.114980;-0.292469;4.956019;3.126598;0.249953;0.023219;0.277989;0.087915;0.020083;0.449807
30.50616;-0.293630;4.939727;3.119086;-0.306063;4.956192;3.131136;-0.308488;4.960080;3.138231;0.249996;0.006783;0.271901;0.090758;0.025199;1.096886
30.52431;-0.306126;4.940008;3.118778;-0.322333;4.960103;3.141540;-0.310119;4.947890;-3.136730;0.249997;-0.006176;0.276907;0.066188;0.008835;1.585826
30.54232;-0.318622;4.940293;3.117819;-0.323914;4.947849;-3.140559;-0.314228;4.951471;-3.141382;0.249968;-0.019168;0.275902;-0.076585;0.012011;1.374209
30.55937;-0.331117;4.940590;3.117185;-0.326928;4.951485;3.139218;-0.338213;4.945099;3.136527;0.249986;-0.012681;0.253994;-0.051715;0.008407;1.108220
30.57843;-0.343613;4.940895;3.116782;-0.350564;4.945132;3.141284;-0.353701;4.942764;3.135908;0.249994;-0.008053;0.247014;0.095138;0.010259;1.095834
30.59345;-0.356109;4.941205;3.116384;-0.366442;4.942836;3.135903;-0.362892;4.935428;3.139048;0.249994;-0.007961;0.254828;-0.000098;0.008910;1.298519
30.60850;-0.368605;4.941520;3.115702;-0.373633;4.935473;3.135647;-0.370743;4.931588;3.139597;0.249984;-0.013655;0.214821;-0.068012;0.010160;1.369104
30.62451;-0.381099;4.941844;3.114935;-0.381821;4.931620;3.137751;-0.368891;4.924740;3.127592;0.249980;-0.015338;0.221561;-0.036921;0.021014;0.725220
30.64054;-0.393595;4.942177;3.114800;-0.382979;4.924925;3.129323;-0.386902;4.934340;3.130450;0.249999;-0.002699;0.281774;0.034614;0.010306;0.896699
30.65764;-0.406090;4.942512;3.114614;-0.398343;4.934472;3.129575;-0.399464;4.920323;3.114861;0.249999;-0.003708;0.228818;-0.017498;0.023157;0.014109
30.67366;-0.418585;4.942849;3.115179;-0.412149;4.920654;3.116093;-0.413211;4.913569;3.124033;0.249989;0.011298;0.253780;0.024637;0.029770;0.507262
30.68942;-0.431081;4.943179;3.115102;-0.423188;4.913751;3.122552;-0.426752;4.921671;3.110451;0.250000;-0.001538;0.199569;-0.029608;0.021940;0.266498
30.70659;-0.443575;4.943510;3.115943;-0.437962;4.922005;3.113119;-0.446030;4.934543;3.111877;0.249975;0.016819;0.224294;0.053353;0.009297;0.232992
30.73101;-0.456070;4.943831;3.116864;-0.457920;4.934890;3.113016;-0.452194;4.948252;3.122831;0.249971;0.018412;0.237914;0.022772;0.005879;0.341886
30.75403;-0.468565;4.944140;3.117307;-0.466008;4.948545;3.117972;-0.481759;4.949122;3.110742;0.249993;0.008860;0.276345;-0.097172;0.014103;0.376158
30.77057;-0.481059;4.944443;3.118482;-0.494428;4.949468;3.117867;-0.477498;4.939913;3.104142;0.249952;0.023509;0.253471;0.142509;0.005763;0.821671
30.78712;-0.493552;4.944732;3.119932;-0.490722;4.940356;3.112027;-0.477470;4.948630;3.098467;0.249927;0.028999;0.264623;0.157714;0.016548;1.229897
30.80319;-0.506043;4.945003;3.121838;-0.489328;4.949124;3.101501;-0.498614;4.929921;3.123144;0.249874;0.038121;0.237367;0.060688;0.016812;0.074783
30.82047;-0.518541;4.945250;3.122494;-0.511708;4.930135;3.127234;-0.521147;4.954948;3.126757;0.249999;0.003458;0.261918;0.081805;0.010043;0.244207
30.83675;-0.531038;4.945488;3.122781;-0.533853;4.955116;3.130086;-0.510293;4.947428;3.136080;0.249997;0.005733;0.254159;0.066586;0.020836;0.761957
30.85527;-0.543536;4.945724;3.122409;-0.519997;4.947475;3.137407;-0.535670;4.953128;3.122177;0.249995;-0.007435;0.194078;0.026553;0.010803;0.013295
30.86980;-0.556033;4.945963;3.122944;-0.548928;4.953369;3.124633;-0.549558;4.950817;3.140236;0.249990;0.010700;0.265208;0.049113;0.008092;0.990715
30.88582;-0.568530;4.946196;3.122363;-0.562498;4.950850;3.137861;-0.557751;4.945612;-3.139461;0.249988;-0.011632;0.258805;-0.047487;0.010795;1.223952
30.90287;-0.581027;4.946437;3.121500;-0.568953;4.945614;3.139162;-0.572496;4.940927;3.134644;0.249974;-0.017250;0.224035;-0.091257;0.010155;0.753060
30.91939;-0.593524;4.946688;3.121117;-0.583437;4.941001;3.135034;-0.578202;4.939520;-3.128371;0.249995;-0.007671;0.218813;0.007801;0.016915;1.930715
30.93743;-0.606017;4.946944;3.119503;-0.589488;4.939391;-3.131948;-0.598792;4.933423;-3.131661;0.249910;-0.032278;0.225722;-0.071530;0.015330;1.834707
30.95282;-0.618510;4.947220;3.117999;-0.611578;4.933289;-3.130557;-0.621009;4.958637;-3.134545;0.249922;-0.030069;0.255736;0.022076;0.011687;1.755591
30.96935;-0.631005;4.947515;3.117010;-0.634723;4.958519;-3.131427;-0.629706;4.953730;-3.124212;0.249966;-0.019792;0.274279;0.062360;0.006349;2.404335
30.99042;-0.643496;4.947822;3.115332;-0.643243;4.953497;-3.124552;-0.654343;4.949358;-3.131640;0.249902;-0.033561;0.270776;-0.006794;0.010955;2.074873
31.00766;-0.655989;4.948150;3.114035;-0.667619;4.949220;-3.130788;-0.675469;4.953156;-3.123986;0.249942;-0.025927;0.265545;0.017051;0.020113;2.587722
31.02777;-0.668479;4.948494;3.112329;-0.687555;4.952968;-3.128066;-0.671883;4.950547;-3.134238;0.249899;-0.034126;0.241742;-0.081614;0.003975;2.098046
31.04878;-0.680971;4.948860;3.111202;-0.682864;4.950471;-3.135116;-0.683285;4.959722;3.135783;0.249956;-0.022536;0.219619;-0.017554;0.011106;1.408374
31.06380;-0.693465;4.949240;3.110991;-0.695661;4.959814;3.132564;-0.704008;4.962054;-3.133343;0.249998;-0.004225;0.247515;-0.064372;0.016594;2.226031
31.08338;-0.705958;4.949622;3.109966;-0.714366;4.961965;-3.132655;-0.705016;4.969090;-3.137012;0.249964;-0.020499;0.207163;0.013749;0.019491;2.074512
31.10035;-0.718451;4.950017;3.109259;-0.716029;4.969021;-3.133598;-0.732147;4.976869;-3.140382;0.249983;-0.014133;0.220264;0.068285;0.030143;1.921931
31.11839;-0.730944;4.950421;3.108862;-0.742910;4.976863;3.141424;-0.726482;4.959935;-3.121228;0.249995;-0.007957;0.215250;-0.027598;0.010508;3.042155
31.13440;-0.743432;4.950830;3.107214;-0.739147;4.959715;-3.127233;-0.738711;4.938040;-3.123723;0.249889;-0.035687;0.253331;-0.120097;0.013634;2.993613
31.15228;-0.755918;4.951260;3.105269;-0.751746;4.937819;-3.125549;-0.752553;4.942015;-3.124230;0.249869;-0.038891;0.260740;-0.036522;0.009838;3.075963
31.16831;-0.768403;4.951713;3.103408;-0.763745;4.941849;-3.129347;-0.770755;4.959743;-3.126418;0.249880;-0.037216;0.223864;-0.102330;0.008367;3.057251
31.18733;-0.780891;4.952190;3.101927;-0.783608;4.959550;-3.126789;-0.781470;4.953338;-3.139696;0.249924;-0.029632;0.257087;-0.007433;0.001285;2.381356
31.20124;-0.793380;4.952686;3.101149;-0.791868;4.953331;3.141003;-0.795385;4.949221;3.125474;0.249979;-0.015549;0.207974;-0.049720;0.004003;1.393672
31.21725;-0.805869;4.953191;3.101392;-0.808388;4.949468;3.119787;-0.805761;4.960494;3.115569;0.249998;0.004851;0.260096;-0.113738;0.007304;0.812295
31.23428;-0.818357;4.953694;3.102388;-0.817902;4.960802;3.116953;-0.827026;4.949590;3.117255;0.249966;0.019926;0.242896;0.027683;0.009591;0.851817
31.25137;-0.830847;4.954184;3.103124;-0.839612;4.949876;3.120430;-0.844278;4.936929;3.108273;0.249981;0.014709;0.251776;0.063502;0.021866;0.295025
31.27285;-0.843336;4.954664;3.104212;-0.855799;4.937327;3.105978;-0.844025;4.935522;3.103936;0.249959;0.021773;0.230553;-0.045894;0.019155;0.015840
31.29338;-0.855824;4.955131;3.105541;-0.855479;4.935926;3.108781;-0.856751;4.947322;3.108506;0.249939;0.026572;0.229226;0.096899;0.007865;0.169892
31.30875;-0.868313;4.955582;3.106763;-0.869696;4.947729;3.111738;-0.866436;4.941039;3.118199;0.249948;0.024447;0.259034;0.064632;0.014664;0.655210
31.32527;-0.880805;4.956017;3.107311;-0.879217;4.941361;3.114636;-0.873662;4.951336;3.105668;0.249990;0.010957;0.255706;-0.071255;0.008540;0.094136
31.34029;-0.893294;4.956445;3.108759;-0.887423;4.951805;3.109481;-0.886357;4.951763;3.109027;0.249927;0.028958;0.275392;0.076264;0.008370;0.015366
31.35741;-0.905785;4.956856;3.110009;-0.899085;4.952176;3.109288;-0.890992;4.960413;3.119057;0.249946;0.025008;0.254691;0.005223;0.015214;0.518406
31.37347;-0.918277;4.957250;3.110784;-0.902684;4.960692;3.116314;-0.916433;4.969182;3.112268;0.249979;0.015482;0.233890;-0.054862;0.012073;0.085070
31.39053;-0.930768;4.957635;3.112090;-0.929915;4.969558;3.115120;-0.926241;4.969236;3.116849;0.249941;0.026133;0.269758;0.057030;0.012453;0.272643
31.40763;-0.943261;4.958004;3.113122;-0.938760;4.969534;3.118772;-0.943066;4.957374;3.120507;0.249963;0.020631;0.250457;0.038464;0.000660;0.423170
31.42366;-0.955755;4.958360;3.113756;-0.955545;4.957662;3.116533;-0.955925;4.949525;3.119443;0.249986;0.012694;0.249647;-0.079484;0.008837;0.325792
31.44072;-0.968250;4.958708;3.114337;-0.968707;4.949812;3.118842;-0.955813;4.963626;3.120120;0.249988;0.011603;0.255698;-0.012020;0.013374;0.331386
31.45598;-0.980744;4.959048;3.115085;-0.968688;4.963909;3.119068;-0.971566;4.966646;3.126216;0.249981;0.014974;0.257562;-0.021039;0.011915;0.637747
31.47202;-0.993240;4.959380;3.115511;-0.983731;4.966822;3.128133;-0.992807;4.973202;3.129667;0.249994;0.008517;0.243322;0.038332;0.013829;0.811079
31.48956;-1.005735;4.959706;3.115825;-1.006200;4.973364;3.129286;-1.003922;4.967068;3.119586;0.249997;0.006286;0.267871;-0.007630;0.007582;0.215459
31.50581;-1.018230;4.960028;3.116651;-1.018895;4.967385;3.121215;-1.017533;4.967246;3.115307;0.249976;0.016519;0.299511;0.032585;0.007252;0.077035
31.52939;-1.030724;4.960339;3.117735;-1.031167;4.967615;3.113824;-1.035545;4.974573;3.108170;0.249959;0.021674;0.272784;-0.029654;0.015028;0.548040
31.54355;-1.043216;4.960637;3.119356;-1.047140;4.974964;3.107712;-1.042215;4.957885;3.097163;0.249909;0.032411;0.232040;-0.009160;0.002929;1.271556
31.56237;-1.055706;4.960915;3.121383;-1.053475;4.958356;3.102311;-1.043518;4.963879;3.092197;0.249857;0.040547;0.225407;0.102963;0.012543;1.672214
31.57840;-1.068193;4.961168;3.123799;-1.058111;4.964549;3.099332;-1.060319;4.952857;3.107332;0.249797;0.048319;0.292172;0.142694;0.011448;0.943474
31.59443;-1.080688;4.961390;3.125137;-1.072982;4.953296;3.106570;-1.069665;4.954253;3.116779;0.249938;0.026754;0.253394;-0.015241;0.013131;0.478884
31.61161;-1.093185;4.961596;3.125927;-1.081352;4.954561;3.113754;-1.085385;4.950410;3.117034;0.249978;0.015810;0.233813;-0.060486;0.013637;0.509553
31.62697;-1.105683;4.961791;3.126641;-1.096853;4.950675;3.119966;-1.111264;4.959232;3.125635;0.249982;0.014270;0.229424;0.058639;0.006140;0.057643
31.64554;-1.118181;4.961978;3.126969;-1.124810;4.959422;3.129452;-1.129986;4.959902;3.136191;0.249996;0.006570;0.270935;0.076355;0.011986;0.528368
31.66160;-1.130680;4.962161;3.126672;-1.141918;4.959979;3.134027;-1.147462;4.954991;3.126390;0.249997;-0.005951;0.238649;-0.043283;0.018249;0.016146
31.67872;-1.143178;4.962348;3.126883;-1.161613;4.955209;3.125999;-1.168975;4.970648;3.132115;0.249998;0.004225;0.283071;-0.007821;0.027100;0.299762
31.69628;-1.155677;4.962531;3.126992;-1.180411;4.970762;3.131049;-1.172905;4.970338;3.120993;0.250000;0.002180;0.228729;-0.021309;0.018914;0.343705
31.71129;-1.168174;4.962714;3.127763;-1.185292;4.970552;3.127714;-1.177815;4.970540;3.134305;0.249979;0.015419;0.247777;0.134419;0.012417;0.374819
31.72832;-1.180673;4.962887;3.127738;-1.190956;4.970634;3.134590;-1.199848;4.972456;3.126059;0.250000;-0.000503;0.262823;0.005702;0.021430;0.096183
31.74584;-1.193172;4.963060;3.128235;-1.211495;4.972630;3.127299;-1.208511;4.967722;3.116596;0.249991;0.009943;0.232972;0.024797;0.016032;0.666867
31.76180;-1.205669;4.963227;3.129224;-1.221516;4.968086;3.110551;-1.208132;4.954207;3.115963;0.249966;0.019781;0.260192;-0.120904;0.009350;0.759792
31.78135;-1.218167;4.963381;3.130037;-1.220534;4.954508;3.118678;-1.211232;4.955843;3.114136;0.249977;0.016264;0.248130;0.054307;0.010244;0.911062
31.80553;-1.230664;4.963526;3.130985;-1.224010;4.956207;3.112083;-1.215860;4.961183;3.108077;0.249969;0.018963;0.255679;-0.041053;0.014988;1.312568
31.82340;-1.243160;4.963658;3.132381;-1.228730;4.961597;3.110725;-1.225706;4.966335;3.127346;0.249932;0.027910;0.257528;0.052969;0.017658;0.288457
31.84044;-1.255659;4.963774;3.132700;-1.237396;4.966479;3.131161;-1.235811;4.962971;-3.134357;0.249996;0.006393;0.233823;0.076307;0.019864;0.924039
31.85682;-1.268157;4.963885;3.131770;-1.247684;4.962900;-3.136908;-1.253143;4.964271;-3.129666;0.249964;-0.020486;0.237463;-0.051001;0.015019;1.246130
31.87375;-1.280654;4.964008;3.130482;-1.264722;4.964137;-3.130422;-1.271311;4.969849;-3.123364;0.249942;-0.025754;0.231589;-0.015120;0.011018;1.680997
31.89227;-1.293149;4.964146;3.128903;-1.283873;4.969596;-3.119596;-1.291490;4.970027;-3.106688;0.249913;-0.031578;0.251287;0.075364;0.006111;2.726938
31.90931;-1.305636;4.964305;3.126324;-1.302066;4.969676;-3.110036;-1.305690;4.975126;-3.129970;0.249769;-0.051584;0.211644;-0.066960;0.010821;1.540726
31.92635;-1.318132;4.964496;3.124995;-1.316960;4.974999;-3.130659;-1.311648;4.967766;-3.125024;0.249958;-0.022026;0.225423;-0.013772;0.007262;1.900315
31.94339;-1.330627;4.964703;3.123476;-1.323213;4.967587;-3.127115;-1.327576;4.953342;-3.126601;0.249920;-0.030370;0.231326;-0.041823;0.011764;1.896941
31.96031;-1.343120;4.964929;3.121815;-1.340814;4.953157;-3.128714;-1.352418;4.955155;-3.126871;0.249904;-0.033235;0.264779;-0.042258;0.013491;1.976689
31.97534;-1.355613;4.965176;3.120194;-1.365364;4.954996;-3.131645;-1.371809;4.959123;-3.129912;0.249909;-0.032419;0.258932;-0.095479;0.017291;1.895315
31.99239;-1.368107;4.965444;3.118817;-1.383622;4.958997;-3.131967;-1.379797;4.958727;-3.132819;0.249934;-0.027536;0.236281;-0.041103;0.013483;1.807636
32.00842;-1.380601;4.965729;3.117607;-1.393452;4.958611;-3.133325;-1.387799;4.971074;3.139708;0.249949;-0.024208;0.273113;-0.010112;0.008966;1.266322
32.02695;-1.393097;4.966028;3.117239;-1.399707;4.971082;-3.141076;-1.392574;4.964463;-3.138718;0.249995;-0.007348;0.238156;0.048028;0.001650;1.560070
32.04547;-1.405592;4.966333;3.116476;-1.405025;4.964458;3.139561;-1.412366;4.961408;3.136289;0.249980;-0.015271;0.249026;-0.098133;0.008374;1.135236
32.06404;-1.418088;4.966647;3.116148;-1.425932;4.961486;3.135479;-1.407733;4.960166;3.139329;0.249996;-0.006544;0.271338;-0.016209;0.012215;1.328125
32.08030;-1.430584;4.966965;3.115619;-1.421344;4.960226;3.135070;-1.420060;4.968816;3.136684;0.249990;-0.010589;0.272206;-0.085172;0.010685;1.206958
32.09684;-1.443079;4.967289;3.115391;-1.431365;4.968867;3.137427;-1.454762;4.970269;-3.138464;0.249998;-0.004563;0.226097;0.014844;0.012057;1.680523
32.11223;-1.455574;4.967617;3.114700;-1.467228;4.970234;-3.139028;-1.468888;4.968932;3.130715;0.249983;-0.013818;0.249321;-0.011287;0.013379;0.917581
32.12925;-1.468070;4.967953;3.114825;-1.482591;4.969079;3.131040;-1.475619;4.961768;3.131074;0.249999;0.002496;0.274071;0.006505;0.009759;0.931037
32.14527;-1.480565;4.968287;3.114805;-1.487495;4.961904;3.129302;-1.476779;4.959764;3.127499;0.250000;-0.000395;0.237538;-0.035442;0.009327;0.727329
32.16142;-1.493061;4.968622;3.114965;-1.489740;4.959939;3.128680;-1.481706;4.948311;3.116063;0.249999;0.003208;0.259242;0.023606;0.023270;0.062863
32.17950;-1.505556;4.968955;3.115616;-1.493683;4.948628;3.114165;-1.510229;4.945869;3.109024;0.249985;0.013007;0.239627;-0.037951;0.023554;0.377702
32.19452;-1.518050;4.969280;3.116639;-1.521684;4.946225;3.111936;-1.522853;4.956143;3.093470;0.249964;0.020471;0.229211;0.058243;0.013987;1.327526
32.21119;-1.530538;4.969591;3.118770;-1.533937;4.956653;3.097669;-1.537013;4.963898;3.101357;0.249842;0.042613;0.221922;0.083984;0.008622;0.997689
32.22773;-1.543029;4.969876;3.120559;-1.550039;4.964390;3.106327;-1.552398;4.970194;3.102153;0.249889;0.035773;0.260707;0.099407;0.009375;1.054541
32.24275;-1.555520;4.970139;3.122406;-1.564140;4.970626;3.107469;-1.561820;4.972673;3.108641;0.249881;0.036953;0.234996;0.106320;0.006791;0.788675
32.25879;-1.568014;4.970379;3.123906;-1.573812;4.973063;3.109617;-1.573823;4.972559;3.093997;0.249922;0.030004;0.239960;0.019522;0.006204;1.713668
32.27682;-1.580502;4.970600;3.126282;-1.586265;4.973158;3.093013;-1.576406;4.988663;3.101075;0.249804;0.047504;0.249130;-0.019677;0.018522;1.444208
32.29719;-1.592992;4.970791;3.128514;-1.589734;4.989154;3.108506;-1.588178;4.991829;3.112173;0.249827;0.044647;0.266737;0.148611;0.021582;0.936263
32.31424;-1.605487;4.970954;3.130135;-1.599192;4.992135;3.115587;-1.597054;4.984619;3.111459;0.249909;0.032430;0.220355;0.068280;0.016057;1.070062
32.33328;-1.617982;4.971098;3.131672;-1.609353;4.984975;3.113956;-1.609605;4.972443;3.115347;0.249918;0.030736;0.246079;0.049930;0.008484;0.935355
32.34780;-1.630479;4.971222;3.132759;-1.622426;4.972803;3.111739;-1.633287;4.971236;3.120274;0.249959;0.021741;0.256532;-0.072161;0.002808;0.715363
32.36383;-1.642977;4.971332;3.133526;-1.644267;4.971462;3.121775;-1.632439;4.967940;3.128094;0.249980;0.015330;0.219653;0.030026;0.011071;0.311236
32.38135;-1.655477;4.971433;3.133765;-1.643079;4.968084;3.128035;-1.638188;4.981195;3.120345;0.249998;0.004775;0.212832;-0.001177;0.019854;0.768873
32.39893;-1.667975;4.971531;3.134704;-1.651569;4.981477;3.120735;-1.652717;4.981204;3.133982;0.249969;0.018785;0.267664;0.007800;0.018066;0.041351
32.41695;-1.680475;4.971617;3.134824;-1.667518;4.981329;3.132379;-1.663371;4.979754;3.118319;0.250000;0.002394;0.296027;-0.032068;0.018941;0.945654
32.43301;-1.692973;4.971701;3.135856;-1.676209;4.980059;3.117408;-1.681802;4.985517;3.099711;0.249963;0.020648;0.256820;-0.018210;0.017767;2.070928
32.44932;-1.705464;4.971773;3.138107;-1.691993;4.985935;3.101558;-1.703651;4.985310;3.090464;0.249824;0.045020;0.203984;0.036934;0.013658;2.729763
32.46435;-1.717950;4.971817;3.140907;-1.716738;4.985975;3.091284;-1.712993;4.979800;3.091644;0.249728;0.056007;0.262081;0.016400;0.009397;2.822598
32.48146;-1.730438;4.971825;-3.139650;-1.727315;4.980490;3.095245;-1.735651;4.977211;3.095491;0.249760;0.052564;0.286765;0.072021;0.007495;2.752751
32.49802;-1.742928;4.971801;-3.137303;-1.746843;4.977730;3.094920;-1.748621;4.979379;3.107947;0.249809;0.046945;0.224082;-0.011422;0.009478;2.173531
32.51860;-1.755424;4.971747;-3.135664;-1.760937;4.979793;3.108077;-1.748158;4.977435;3.121687;0.249907;0.032764;0.246459;0.002594;0.009227;1.480158
32.53713;-1.767922;4.971673;-3.134886;-1.762325;4.977729;3.119999;-1.751297;4.973824;3.137208;0.249979;0.015560;0.283396;-0.033761;0.016764;0.635440
32.55423;-1.780422;4.971589;-3.135107;-1.763947;4.973858;3.140600;-1.772260;4.968309;-3.121644;0.249998;-0.004407;0.253011;0.067823;0.008797;0.771374
32.57073;-1.792916;4.971508;-3.136577;-1.786074;4.968038;-3.122391;-1.788558;4.955029;-3.122090;0.249889;-0.035720;0.276343;-0.014940;0.017046;0.830044
32.58726;-1.805409;4.971446;-3.138587;-1.800120;4.954826;-3.125864;-1.807059;4.950662;-3.130575;0.249860;-0.040206;0.231282;-0.075477;0.020849;0.459070
32.60379;-1.817904;4.971408;-3.140176;-1.818972;4.950502;-3.125690;-1.818592;4.956669;-3.122964;0.249912;-0.031762;0.238282;0.097696;0.014755;0.986162
32.62073;-1.830398;4.971390;3.141075;-1.830182;4.956475;-3.126737;-1.833527;4.958392;-3.131989;0.249870;-0.038698;0.231831;-0.075461;0.013369;0.579903
32.63876;-1.842895;4.971397;3.139710;-1.846279;4.958278;-3.133271;-1.851681;4.973094;3.135250;0.249935;-0.027291;0.255063;-0.025638;0.008949;0.255581
32.65529;-1.855395;4.971420;3.139578;-1.863971;4.973178;3.134270;-1.853750;4.974305;3.135690;0.249999;-0.002643;0.245797;-0.019595;0.003320;0.222763
32.67152;-1.867895;4.971446;3.139442;-1.866419;4.974347;3.140788;-1.852167;4.960727;-3.138343;0.249999;-0.002717;0.253390;0.101958;0.019032;0.309413
32.68704;-1.880393;4.971472;3.138499;-1.865717;4.960717;3.139761;-1.871555;4.961848;3.125020;0.249969;-0.018871;0.271000;-0.101629;0.013066;0.772289
32.70356;-1.892893;4.971511;3.138761;-1.883372;4.962061;3.122250;-1.888195;4.966193;3.134036;0.249998;0.005254;0.236370;-0.055394;0.007096;0.270735
32.71964;-1.905393;4.971547;3.138563;-1.899328;4.966261;3.136950;-1.903361;4.984762;3.138048;0.249999;-0.003969;0.222666;0.058282;0.013371;0.029483
32.73617;-1.917893;4.971584;3.138480;-1.915460;4.984821;3.135308;-1.916655;4.971123;-3.138499;0.250000;-0.001652;0.241972;-0.054813;0.001321;0.355542
32.75872;-1.930392;4.971623;3.137733;-1.929144;4.971054;-3.133531;-1.927138;4.977745;-3.133794;0.249981;-0.014950;0.249783;0.099360;0.006933;0.667990
32.77726;-1.942890;4.971672;3.136830;-1.940162;4.977659;-3.136137;-1.954857;4.972916;-3.135821;0.249972;-0.018049;0.260470;-0.046871;0.012031;0.603562
32.79428;-1.955389;4.971731;3.135951;-1.966065;4.972881;-3.141151;-1.963533;4.971069;3.122964;0.249973;-0.017599;0.224158;-0.106603;0.008172;0.744066
32.81161;-1.967888;4.971802;3.136321;-1.976382;4.971310;3.122730;-1.970075;4.978740;3.129168;0.249990;0.010921;0.257019;-0.004688;0.007275;0.409835
32.82848;-1.980388;4.971867;3.136645;-1.983129;4.978896;3.130260;-1.980990;4.972927;3.114698;0.249996;0.006490;0.261100;0.021840;0.001219;1.257503
32.84653;-1.992885;4.971929;3.137721;-1.993373;4.973253;3.115839;-1.999644;4.970311;3.125683;0.249960;0.021513;0.247737;0.022827;0.006949;0.689732
32.86405;-2.005385;4.971978;3.138082;-2.011517;4.970497;3.126095;-2.020566;4.989177;3.110825;0.249995;0.007218;0.237503;0.008238;0.022941;1.561694
32.88141;-2.017880;4.972022;3.139693;-2.033455;4.989548;3.114758;-2.023517;4.982323;3.129271;0.249908;0.032562;0.257885;0.078653;0.011742;0.597117
32.89794;-2.030380;4.972045;3.140076;-2.036770;4.982501;3.126943;-2.044951;4.980205;3.124996;0.249995;0.007659;0.265089;-0.046558;0.016700;0.863991
32.91544;-2.042880;4.972064;3.140669;-2.057102;4.980386;3.128294;-2.049820;4.986946;3.129741;0.249988;0.011877;0.243039;0.065966;0.016420;0.626151
32.93073;-2.055379;4.972076;3.141115;-2.061387;4.987049;3.135622;-2.065104;4.980488;3.129585;0.249993;0.008912;0.231354;0.117613;0.012858;0.660620
32.94626;-2.067879;4.972082;3.141437;-2.076929;4.980623;3.130781;-2.065835;4.970394;3.140330;0.249996;0.006432;0.236528;0.023919;0.002651;0.063386
32.96228;-2.080379;4.972084;3.140907;-2.077466;4.970431;3.136443;-2.087004;4.974797;3.132274;0.249990;-0.010593;0.232624;-0.077755;0.007160;0.494613
32.97953;-2.092879;4.972092;3.140947;-2.100459;4.974905;3.134946;-2.093409;4.971365;3.134927;0.250000;0.000800;0.269107;0.053439;0.000900;0.344894
32.99865;-2.105378;4.972100;3.140756;-2.105583;4.971454;3.133630;-2.090853;4.971783;3.119807;0.249999;-0.003823;0.243483;-0.025945;0.014529;1.200274
33.01673;-2.117878;4.972111;3.141481;-2.104548;4.972074;3.120832;-2.117671;4.965550;3.128177;0.249982;0.014504;0.273961;0.020502;0.006564;0.762241
33.03403;-2.130378;4.972112;3.141569;-2.130153;4.965737;3.125065;-2.129725;4.979965;3.109428;0.250000;0.001757;0.249664;-0.062244;0.007879;1.841539
33.04956;-2.142874;4.972113;-3.140279;-2.141321;4.980317;3.112992;-2.136033;4.977010;3.118687;0.249921;0.030221;0.232035;0.071287;0.008413;1.387669
33.06764;-2.155372;4.972096;-3.139386;-2.148818;4.977279;3.122396;-2.157107;4.979267;3.115387;0.249972;0.017854;0.255761;0.074184;0.007378;1.627887
33.08366;-2.167870;4.972069;-3.138251;-2.170244;4.979627;3.113018;-2.173888;4.961755;3.115461;0.249955;0.022695;0.262838;-0.047385;0.011941;1.688683
33.10147;-2.180369;4.972027;-3.137495;-2.186456;4.962081;3.115925;-2.183456;4.954815;3.105874;0.249980;0.015120;0.251455;0.009287;0.017486;2.281265
33.12052;-2.192866;4.971976;-3.136315;-2.195474;4.955240;3.106625;-2.193510;4.966586;3.110880;0.249952;0.023612;0.240503;0.015007;0.005428;2.062106
33.13855;-2.205364;4.971910;-3.135186;-2.205721;4.966975;3.108596;-2.215026;4.971417;3.114086;0.249956;0.022568;0.244353;-0.045675;0.009674;1.943093
33.15557;-2.217862;4.971830;-3.134152;-2.226162;4.971708;3.116850;-2.225322;4.966444;3.125724;0.249963;0.020693;0.222792;0.055280;0.009201;1.335553
33.17166;-2.230361;4.971737;-3.133925;-2.236700;4.966632;3.124521;-2.236332;4.969967;3.131855;0.249998;0.004531;0.227586;-0.024068;0.006227;0.997234
33.18719;-2.242861;4.971641;-3.133993;-2.248414;4.970093;3.130557;-2.249878;4.967425;3.124804;0.250000;-0.001355;0.241668;-0.025960;0.008187;1.397337
33.20195;-2.255360;4.971546;-3.133696;-2.265193;4.967647;3.129386;-2.266788;4.975919;3.113206;0.249997;0.005932;0.306328;0.091632;0.012236;2.078883
33.21847;-2.267858;4.971447;-3.132522;-2.279205;4.976247;3.117213;-2.274013;4.975507;3.122625;0.249952;0.023492;0.248440;0.080151;0.007374;1.606481
33.23952;-2.280357;4.971334;-3.131923;-2.286297;4.975751;3.120815;-2.288737;4.972838;3.115224;0.249988;0.011979;0.245737;-0.036205;0.008515;2.064881
33.25758;-2.292854;4.971213;-3.130942;-2.300449;4.973163;3.112456;-2.305799;4.971996;3.124101;0.249967;0.019621;0.234326;-0.055359;0.012968;1.612479
33.27461;-2.305353;4.971080;-3.130516;-2.321198;4.972265;3.124227;-2.305221;4.982560;3.115035;0.249994;0.008518;0.308043;0.002527;0.011481;2.156294
33.29165;-2.317850;4.970941;-3.129310;-2.316532;4.982887;3.110308;-2.313437;4.984138;3.090528;0.249950;0.024103;0.226312;-0.094553;0.013915;3.629512
33.31041;-2.330336;4.970788;-3.126855;-2.325261;4.984733;3.092155;-2.324694;4.973242;3.102817;0.249745;0.054193;0.236769;0.032542;0.006153;3.066093
33.32944;-2.342830;4.970604;-3.125129;-2.338076;4.973775;3.100704;-2.342194;4.964204;3.117301;0.249897;0.034530;0.267851;-0.042252;0.006431;2.335090
33.34562;-2.355327;4.970398;-3.124479;-2.354866;4.964526;3.115027;-2.354230;4.974127;3.110859;0.249985;0.012989;0.253515;-0.045496;0.003887;2.741441
33.36166;-2.367823;4.970184;-3.123222;-2.366401;4.974505;3.110123;-2.361860;4.973710;3.120653;0.249945;0.025146;0.243532;-0.014718;0.006927;2.252288
33.37830;-2.380320;4.969954;-3.122564;-2.374768;4.973978;3.120949;-2.360601;4.974815;3.116245;0.249985;0.013169;0.258208;0.005910;0.020309;2.542585
33.39447;-2.392816;4.969717;-3.121615;-2.373632;4.975146;3.116252;-2.375476;4.974688;3.112271;0.249969;0.018967;0.260703;0.000136;0.018039;2.824599
33.41140;-2.405311;4.969467;-3.120435;-2.387812;4.975051;3.111994;-2.390761;4.963939;3.112126;0.249952;0.023612;0.246846;-0.005557;0.015565;2.900601
33.42931;-2.417807;4.969203;-3.119496;-2.405126;4.964362;3.112238;-2.408808;4.966699;3.113511;0.249969;0.018777;0.287436;0.002246;0.009341;2.874996
33.44343;-2.430302;4.968926;-3.118582;-2.422376;4.967069;3.115167;-2.420557;4.956959;3.121541;0.249971;0.018277;0.271470;0.033114;0.015433;2.467305
33.46046;-2.442799;4.968639;-3.118380;-2.435172;4.957260;3.120442;-2.441848;4.965478;3.113293;0.249999;0.004041;0.292364;-0.021964;0.003300;2.951439
33.48049;-2.455294;4.968349;-3.117492;-2.453535;4.965824;3.110766;-2.460443;4.960622;3.129240;0.249973;0.017767;0.233832;-0.050536;0.009285;2.088642
33.50095;-2.467791;4.968047;-3.117681;-2.472470;4.960793;3.125367;-2.478365;4.959727;3.122672;0.249999;-0.003783;0.240577;-0.077455;0.013456;2.454134
33.51757;-2.480287;4.967749;-3.117504;-2.491065;4.959974;3.121529;-2.488948;4.965297;3.116524;0.249999;0.003541;0.254043;-0.022863;0.009001;2.816507
33.53459;-2.492782;4.967448;-3.116829;-2.500123;4.965581;3.115978;-2.490061;4.962424;3.105379;0.249984;0.013499;0.223579;-0.010931;0.005713;3.493766
33.55145;-2.505276;4.967138;-3.115554;-2.502059;4.962855;3.106024;-2.518061;4.954286;3.105760;0.249944;0.025493;0.240101;0.012903;0.018128;3.544946
33.56861;-2.517770;4.966813;-3.114509;-2.529780;4.954689;3.108755;-2.511322;4.955176;3.129404;0.249962;0.020899;0.234528;0.059892;0.013304;2.250131
33.58463;-2.530265;4.966474;-3.114714;-2.523468;4.955334;3.127686;-2.518995;4.965275;3.114294;0.249996;-0.006985;0.242941;-0.034360;0.011333;3.104108
33.60070;-2.542759;4.966138;-3.113916;-2.532811;4.965650;3.114620;-2.538017;4.974562;3.095119;0.249978;0.015964;0.276410;0.006514;0.009667;4.248475
33.61673;-2.555246;4.965793;-3.111868;-2.550311;4.975136;3.094857;-2.559063;4.981232;3.111075;0.249837;0.043370;0.246137;-0.005256;0.015904;3.451662
33.63525;-2.567738;4.965421;-3.110498;-2.570981;4.981600;3.110508;-2.561608;4.982719;3.120677;0.249935;0.027395;0.238478;-0.011332;0.018352;2.979955
33.65130;-2.580230;4.965033;-3.109668;-2.574550;4.983003;3.118600;-2.574144;4.978247;3.120074;0.249976;0.016594;0.258902;-0.041549;0.014549;3.062035
33.66940;-2.592723;4.964634;-3.108915;-2.588051;4.978548;3.119830;-2.579754;4.972315;3.123858;0.249980;0.015062;0.278213;-0.004887;0.015073;2.888386
33.68442;-2.605216;4.964225;-3.108538;-2.591599;4.972521;3.124450;-2.596904;4.963568;3.113057;0.249995;0.007555;0.236934;0.011830;0.008338;3.528872
33.70145;-2.617708;4.963812;-3.107735;-2.609433;4.963894;3.118134;-2.613383;4.966845;3.129617;0.249978;0.016051;0.250669;0.101534;0.005282;2.626069
33.72322;-2.630201;4.963389;-3.107850;-2.625973;4.966958;3.135601;-2.631070;4.969959;3.124247;0.250000;-0.002298;0.251812;0.119689;0.006627;2.927140
33.74276;-2.642694;4.962967;-3.107570;-2.643739;4.970171;3.125535;-2.638564;4.976925;3.125138;0.249997;0.005598;0.253406;0.025754;0.014555;2.892135
33.75979;-2.655186;4.962542;-3.107169;-2.651470;4.977138;3.124915;-2.653435;4.983309;3.130128;0.249994;0.008020;0.258146;-0.004471;0.020841;2.629204
33.77661;-2.667679;4.962112;-3.106908;-2.664549;4.983424;3.132378;-2.663500;4.958745;3.127956;0.249998;0.005222;0.222289;0.045004;0.005367;2.768639
33.79363;-2.680171;4.961678;-3.107149;-2.675437;4.958890;3.130908;-2.670482;4.965134;3.121233;0.249998;-0.004822;0.238759;0.059046;0.010287;3.139995
33.80968;-2.692663;4.961248;-3.106825;-2.682980;4.965382;3.122259;-2.690212;4.962692;3.131590;0.249996;0.006472;0.250009;0.020512;0.002845;2.565151
33.82621;-2.705156;4.960814;-3.107194;-2.702392;4.962850;3.125508;-2.706632;4.936607;3.129389;0.249995;-0.007377;0.243614;-0.121637;0.024251;2.670106
33.84374;-2.717647;4.960384;-3.108120;-2.717348;4.936770;3.123473;-2.727036;4.957628;3.109157;0.249970;-0.018517;0.214345;-0.118324;0.009785;3.776251
33.85977;-2.730139;4.959965;-3.107796;-2.739734;4.958008;3.114194;-2.745731;4.944147;3.115855;0.249976;0.016555;0.254086;0.100730;0.022211;3.411051
33.87682;-2.742631;4.959543;-3.107738;-2.757512;4.944448;3.116313;-2.756404;4.944603;3.100779;0.250000;0.001159;0.235693;0.009150;0.020319;4.278189
33.89130;-2.755123;4.959120;-3.106770;-2.769107;4.945109;3.102820;-2.770555;4.951500;3.113053;0.249967;0.019353;0.254275;0.040825;0.017211;3.630348
33.90674;-2.767615;4.958685;-3.106363;-2.781270;4.951814;3.111607;-2.781757;4.958961;3.115297;0.249994;0.008146;0.214387;-0.028926;0.014145;3.525161
33.92426;-2.780107;4.958245;-3.105895;-2.795034;4.959326;3.112799;-2.780070;4.951062;3.140540;0.249992;0.009357;0.265638;-0.049945;0.007182;2.105647
33.94230;-2.792596;4.957799;-3.106677;-2.793489;4.951094;3.138010;-2.776208;4.955728;-3.128722;0.249945;-0.025186;0.268380;-0.050592;0.016518;1.263086
33.96534;-2.805082;4.957362;-3.108644;-2.787187;4.955581;-3.127559;-2.780311;4.958943;-3.104130;0.249866;-0.039331;0.219600;0.023272;0.024821;0.258649
33.98245;-2.817555;4.956951;-3.111860;-2.793622;4.958467;-3.107608;-2.808675;4.952999;-3.110704;0.249609;-0.067149;0.266400;-0.069569;0.009720;0.066280
33.99798;-2.830033;4.956580;-3.115000;-2.821043;4.952639;-3.114381;-2.830092;4.948072;-3.110722;0.249658;-0.062801;0.247458;-0.073544;0.008509;0.245142
34.01365;-2.842509;4.956248;-3.118288;-2.842146;4.947705;-3.111588;-2.842835;4.941464;-3.108549;0.249625;-0.065757;0.241189;-0.017330;0.014788;0.557996
34.03167;-2.854983;4.955958;-3.121899;-2.854990;4.941082;-3.111755;-2.858620;4.952308;-3.110347;0.249548;-0.072207;0.243231;-0.064115;0.005153;0.661854
34.04924;-2.867463;4.955712;-3.125109;-2.869336;4.951994;-3.114267;-2.878964;4.954525;-3.119945;0.249642;-0.064216;0.214412;-0.078406;0.011562;0.295916
34.06576;-2.879950;4.955506;-3.127695;-2.892030;4.954222;-3.116834;-2.882713;4.939361;-3.108891;0.249768;-0.051702;0.261380;0.062214;0.016380;1.077339
34.08330;-2.892425;4.955333;-3.131375;-2.894922;4.938991;-3.113674;-2.902160;4.942305;-3.100621;0.249530;-0.073600;0.244298;-0.095644;0.016263;1.762057
34.09989;-2.904895;4.955205;-3.135483;-2.914460;4.941845;-3.107877;-2.903190;4.957880;-3.111679;0.249414;-0.082161;0.246165;-0.145127;0.003172;1.363859
34.11542;-2.917379;4.955129;-3.138483;-2.916575;4.957495;-3.113925;-2.911054;4.961479;-3.118463;0.249688;-0.059999;0.267805;-0.044919;0.008963;1.147062
34.13230;-2.929868;4.955090;-3.140977;-2.921948;4.961245;-3.121829;-2.918656;4.958314;-3.121512;0.249784;-0.049882;0.217925;-0.067330;0.011667;1.115250
34.14951;-2.942358;4.955082;3.139802;-2.931155;4.958079;-3.124038;-2.948817;4.961788;-3.122803;0.249799;-0.048128;0.250018;-0.050531;0.009310;1.179165
34.16664;-2.954850;4.955105;3.137557;-2.961204;4.961581;-3.126929;-2.952821;4.962326;-3.137900;0.249825;-0.044900;0.247773;-0.082528;0.007501;0.442767
34.18273;-2.967346;4.955155;3.136232;-2.967462;4.962285;-3.139667;-2.963867;4.952411;3.140577;0.249939;-0.026512;0.292829;-0.035339;0.004431;0.248948
34.19927;-2.979843;4.955222;3.134891;-2.976199;4.952449;3.136436;-2.980908;4.943616;3.135048;0.249938;-0.026822;0.246638;-0.082814;0.011655;0.008992
34.21863;-2.992340;4.955306;3.133608;-2.994147;4.943692;3.136768;-2.978911;4.939111;3.137433;0.249943;-0.025647;0.264772;0.034401;0.021039;0.219161
34.23932;-3.004835;4.955406;3.132051;-2.991007;4.939145;3.140140;-2.989646;4.947561;3.135747;0.249916;-0.031150;0.241921;0.054144;0.017096;0.211810
34.25742;-3.017332;4.955525;3.130837;-3.003331;4.947616;3.139477;-3.010531;4.948924;-3.130044;0.249949;-0.024280;0.273712;0.074590;0.009478;1.277944
34.27336;-3.029823;4.955659;3.128604;-3.022690;4.948799;-3.132626;-3.024751;4.950705;-3.138907;0.249827;-0.044659;0.243181;-0.051628;0.007090;0.898105
34.28867;-3.042317;4.955821;3.126946;-3.038664;4.950677;-3.140243;-3.037464;4.949634;-3.140081;0.249905;-0.033165;0.278253;-0.026734;0.007864;0.925803
34.30572;-3.054811;4.956004;3.125315;-3.050878;4.949643;3.138812;-3.049051;4.956135;3.124213;0.249908;-0.032603;0.268286;-0.085832;0.005761;0.063137
34.32126;-3.067309;4.956208;3.124935;-3.062970;4.956344;3.128937;-3.073821;4.960957;3.137743;0.249997;-0.006121;0.278396;0.094473;0.008060;0.733827
34.34032;-3.079806;4.956416;3.123950;-3.086694;4.961014;3.136709;-3.064477;4.956010;3.136498;0.249966;-0.019700;0.257476;-0.020678;0.015334;0.718920
34.35613;-3.092302;4.956637;3.122892;-3.076423;4.956097;3.132103;-3.096150;4.949231;3.116297;0.249961;-0.021155;0.238928;-0.087898;0.008346;0.377918
34.37246;-3.104800;4.956870;3.122811;-3.108355;4.949559;3.113182;-3.101841;4.953979;3.133299;0.250000;-0.001637;0.244184;-0.062288;0.004137;0.600938
34.39066;-3.117296;4.957105;3.121854;-3.114772;4.954085;3.133563;-3.109967;4.971123;3.128762;0.249968;-0.019136;0.258632;0.005271;0.015818;0.395821
34.40558;-3.129794;4.957352;3.121707;-3.123028;4.971276;3.130887;-3.123461;4.975239;3.137580;0.249999;-0.002936;0.261252;0.042486;0.018976;0.909456
34.42113;-3.142291;4.957600;3.121156;-3.137000;4.975268;3.141310;-3.129429;4.958528;-3.139556;0.249989;-0.011018;0.270788;0.074604;0.012895;1.287597
34.43865;-3.154784;4.957856;3.119704;-3.141219;4.958518;3.141296;-3.152238;4.954404;3.133914;0.249927;-0.029044;0.235812;-0.046666;0.004289;0.814159
34.45533;-3.167279;4.958129;3.118684;-3.163776;4.954499;3.132722;-3.171603;4.965589;-3.141456;0.249964;-0.020391;0.230764;-0.023827;0.008622;1.320396
34.47270;-3.179774;4.958416;3.117547;-3.184359;4.965600;3.139720;-3.169669;4.957723;3.129096;0.249955;-0.022746;0.255119;-0.040195;0.010129;0.661677
34.49328;-3.192270;4.958716;3.116911;-3.183426;4.957909;3.127088;-3.195601;4.952674;3.132316;0.249986;-0.012716;0.275179;-0.040141;0.006900;0.882614
34.51084;-3.204764;4.959025;3.115895;-3.207598;4.952789;3.131637;-3.199012;4.947644;3.131496;0.249964;-0.020335;0.239944;-0.013585;0.012752;0.893882
34.52949;-3.217258;4.959346;3.114757;-3.212894;4.947802;3.128886;-3.207890;4.949560;-3.137119;0.249955;-0.022759;0.277667;-0.052192;0.013546;1.793927
34.54802;-3.229747;4.959681;3.112800;-3.219794;4.949538;3.140949;-3.228547;4.941661;-3.137727;0.249867;-0.039134;0.238071;-0.102349;0.018060;1.871198
34.56381;-3.242233;4.960040;3.110593;-3.241832;4.941637;3.141287;-3.240297;4.949229;-3.141087;0.249831;-0.044144;0.265700;-0.083433;0.010984;1.805143
34.58033;-3.254722;4.960428;3.108832;-3.252743;4.949232;3.140620;-3.258093;4.954982;3.122603;0.249892;-0.035220;0.248917;-0.029564;0.006405;0.789053
34.59801;-3.267215;4.960837;3.108321;-3.268589;4.955169;3.124921;-3.277051;4.947900;3.125312;0.249994;-0.008219;0.209942;0.046351;0.016252;0.973542
34.61355;-3.279706;4.961253;3.107484;-3.289920;4.948121;3.123453;-3.291860;4.968566;3.121786;0.249976;-0.016739;0.257415;-0.037190;0.014184;0.819467
34.63136;-3.292199;4.961679;3.107568;-3.303612;4.968785;3.124117;-3.310294;4.954173;3.132509;0.250000;0.001687;0.235084;0.046621;0.019590;1.429004
34.64693;-3.304690;4.962104;3.106486;-3.321768;4.954291;3.130063;-3.300050;4.965966;-3.137906;0.249959;-0.021637;0.229480;-0.048922;0.006036;2.222666
34.66247;-3.317179;4.962543;3.105064;-3.313690;4.965906;-3.136541;-3.317830;4.967229;-3.132562;0.249930;-0.028445;0.272804;0.027309;0.004731;2.610338
34.67932;-3.329665;4.962999;3.103353;-3.330844;4.967120;-3.133862;-3.330036;4.966671;-3.138472;0.249898;-0.034211;0.260290;-0.025990;0.003691;2.369746
34.69531;-3.342153;4.963477;3.101969;-3.342445;4.966648;-3.141014;-3.332556;4.964389;3.137031;0.249933;-0.027691;0.248177;-0.050837;0.009640;2.008889
34.71033;-3.354641;4.963972;3.100961;-3.347638;4.964470;3.135358;-3.359888;4.970174;3.119912;0.249965;-0.020150;0.301635;-0.033448;0.008124;1.085764
34.73430;-3.367131;4.964480;3.101171;-3.373425;4.970481;3.118040;-3.371461;4.955406;3.136631;0.249998;0.004198;0.270799;-0.037434;0.010054;2.031686
34.75321;-3.379617;4.964985;3.100131;-3.384038;4.955469;3.136431;-3.378081;4.966595;3.118299;0.249937;-0.026897;0.251554;-0.003993;0.002225;1.040962
34.77074;-3.392107;4.965503;3.100293;-3.390047;4.966870;3.118971;-3.400694;4.975497;3.112203;0.249999;0.003240;0.239365;0.013424;0.013176;0.682374
34.78876;-3.404595;4.966019;3.101137;-3.412298;4.975830;3.113535;-3.412537;4.959572;3.104235;0.249975;0.016884;0.232179;0.026637;0.010230;0.177497
34.80379;-3.417084;4.966525;3.101851;-3.425368;4.960045;3.105315;-3.417615;4.960371;3.111646;0.249982;0.014275;0.256797;0.021585;0.006177;0.561199
34.82050;-3.429574;4.967021;3.102146;-3.430920;4.960779;3.110218;-3.431646;4.968188;3.105041;0.249997;0.005890;0.266214;-0.028563;0.002378;0.165904
34.83702;-3.442062;4.967514;3.103122;-3.444578;4.968644;3.107549;-3.444819;4.963027;3.094619;0.249967;0.019525;0.258788;0.050164;0.005267;0.487159
34.85455;-3.454550;4.967995;3.104514;-3.457536;4.963607;3.097381;-3.458134;4.955152;3.095696;0.249933;0.027844;0.254603;0.055237;0.013334;0.505248
34.87159;-3.467039;4.968458;3.105523;-3.469280;4.955670;3.094563;-3.456292;4.972455;3.090028;0.249965;0.020182;0.223156;-0.022651;0.011467;0.887827
34.88861;-3.479524;4.968909;3.107547;-3.469456;4.973104;3.094588;-3.469759;4.971434;3.093733;0.249858;0.040468;0.263605;0.091206;0.010087;0.791467
34.90553;-3.492011;4.969334;3.109298;-3.481748;4.972002;3.094751;-3.486156;4.969157;3.083095;0.249893;0.035033;0.240055;0.020372;0.005858;1.501352
34.92213;-3.504496;4.969737;3.111586;-3.499326;4.969912;3.085646;-3.500561;4.961219;3.080124;0.249818;0.045752;0.263818;0.051027;0.009383;1.802604
34.93866;-3.516982;4.970112;3.113722;-3.513776;4.962028;3.080784;-3.516705;4.972160;3.096436;0.249842;0.042732;0.264797;0.013185;0.002067;0.990442
34.95772;-3.529473;4.970460;3.115306;-3.529434;4.972717;3.099322;-3.524573;4.982301;3.094748;0.249913;0.031668;0.254818;0.057724;0.012814;1.177899
34.97276;-3.541961;4.970789;3.117397;-3.538661;4.982916;3.101155;-3.557236;4.966640;3.112368;0.249848;0.041820;0.282033;0.128144;0.015828;0.288157
34.99137;-3.554457;4.971091;3.118238;-3.568760;4.966946;3.117681;-3.564030;4.969936;3.124535;0.249995;0.007329;0.230569;0.106271;0.009642;0.360803
35.00840;-3.566954;4.971383;3.118005;-3.575220;4.970152;3.120147;-3.580446;4.982946;3.109404;0.249998;-0.004650;0.223841;-0.087766;0.017769;0.492841
35.02543;-3.579448;4.971678;3.119023;-3.593317;4.983340;3.112567;-3.583485;4.989897;3.111122;0.249949;0.024211;0.257547;0.063264;0.018662;0.452701
35.04364;-3.591941;4.971960;3.120423;-3.595249;4.990211;3.118782;-3.600200;4.970114;3.124056;0.249932;0.028007;0.235372;0.153199;0.008463;0.208151
35.05851;-3.604438;4.972224;3.120573;-3.613955;4.970347;3.125205;-3.616732;4.955136;3.118855;0.249998;-0.004572;0.275130;0.022984;0.021051;0.098451
35.07552;-3.616935;4.972487;3.119992;-3.627770;4.955402;3.116178;-3.632707;4.971160;3.112762;0.249988;-0.011622;0.220824;-0.053541;0.015828;0.414286
35.09259;-3.629432;4.972757;3.120457;-3.644791;4.971519;3.111085;-3.629769;4.967249;3.108916;0.249993;0.009289;0.241787;-0.033530;0.005518;0.661227
35.11065;-3.641928;4.973021;3.120984;-3.642534;4.967679;3.107048;-3.639155;4.969406;3.089808;0.249990;0.010535;0.255444;-0.037365;0.004556;1.786214
35.12672;-3.654420;4.973279;3.122742;-3.650976;4.970014;3.090676;-3.644627;4.974583;3.103797;0.249893;0.035168;0.236742;0.017363;0.009880;1.085442
35.14375;-3.666916;4.973514;3.123885;-3.656706;4.975016;3.107839;-3.649600;4.974396;3.110272;0.249955;0.022854;0.241724;0.080833;0.017339;0.779933
35.15831;-3.679413;4.973736;3.124626;-3.661016;4.974743;3.112138;-3.662329;4.990000;3.119388;0.249981;0.014835;0.228427;0.037322;0.023588;0.300129
35.17536;-3.691910;4.973948;3.125510;-3.674225;4.990257;3.120492;-3.682561;4.989204;3.120102;0.249973;0.017674;0.237974;0.022079;0.017893;0.309856
35.19255;-3.704407;4.974149;3.126308;-3.695680;4.989486;3.120059;-3.703208;4.974123;3.128214;0.249978;0.015955;0.262432;-0.000866;0.001200;0.109227
35.20958;-3.716905;4.974340;3.125914;-3.716599;4.974335;3.123396;-3.712215;4.968033;-3.138195;0.249995;-0.007888;0.267864;-0.096365;0.007860;1.093038
35.22560;-3.729399;4.974536;3.124269;-3.724665;4.967969;-3.134705;-3.726399;4.966579;-3.123934;0.249900;-0.033859;0.249017;0.069789;0.008504;2.004329
35.24070;-3.741885;4.974752;3.121635;-3.739826;4.966352;-3.125462;-3.746908;4.975380;-3.120936;0.249759;-0.052673;0.268573;-0.030563;0.005062;2.326985
35.26645;-3.754372;4.975001;3.119217;-3.759569;4.975103;-3.118394;-3.740797;4.972848;-3.132553;0.249797;-0.048361;0.253298;0.050848;0.013745;1.799944
35.28227;-3.766863;4.975281;3.117381;-3.754796;4.972727;-3.133337;-3.766056;4.970052;-3.139088;0.249883;-0.036719;0.279989;-0.015684;0.005290;1.530735
35.29930;-3.779355;4.975583;3.115775;-3.777507;4.970020;-3.138508;-3.776515;4.978575;-3.140823;0.249910;-0.032124;0.229024;0.011584;0.004125;1.523353
35.31634;-3.791849;4.975906;3.114678;-3.787060;4.978564;-3.140193;-3.775848;4.975113;3.134591;0.249958;-0.021936;0.210899;0.012589;0.016021;1.140879
35.33297;-3.804343;4.976242;3.113879;-3.789025;4.975236;3.129869;-3.807221;4.967061;3.121354;0.249978;-0.015991;0.263555;-0.094429;0.009621;0.428294
35.35211;-3.816838;4.976588;3.113437;-3.820845;4.967353;3.118942;-3.816606;4.972442;3.115985;0.249993;-0.008844;0.272540;-0.048237;0.004153;0.146017
35.36713;-3.829333;4.976940;3.113576;-3.828966;4.972769;3.114399;-3.826147;4.976090;3.102274;0.249999;0.002790;0.247295;-0.031727;0.003298;0.647584
35.38567;-3.841826;4.977290;3.114713;-3.838960;4.976579;3.104558;-3.848366;4.964729;3.108826;0.249955;0.022743;0.256450;0.045688;0.014162;0.337318
35.40224;-3.854321;4.977626;3.114842;-3.860432;4.965120;3.109619;-3.858493;4.973193;3.104223;0.249999;0.002579;0.241449;0.015864;0.006087;0.608424
35.41876;-3.866816;4.977961;3.115676;-3.871683;4.973690;3.103702;-3.863246;4.964664;3.105213;0.249976;0.016668;0.263994;-0.010435;0.013767;0.599492
35.43528;-3.879311;4.978285;3.115994;-3.876242;4.965146;3.103895;-3.884808;4.963802;3.111440;0.249996;0.006366;0.260090;-0.026345;0.015491;0.260947
35.45130;-3.891807;4.978605;3.115856;-3.897141;4.964168;3.112298;-3.892440;4.986083;3.104866;0.249999;-0.002754;0.246762;0.017172;0.007505;0.629694
35.46758;-3.904300;4.978926;3.116969;-3.904962;4.986588;3.097784;-3.906785;4.974324;3.097594;0.249927;0.028994;0.250645;-0.141642;0.005231;1.110099
35.48772;-3.916793;4.979234;3.118200;-3.918387;4.974824;3.099395;-3.913403;4.978988;3.108092;0.249947;0.024620;0.232244;0.036031;0.003399;0.579104
35.50725;-3.929288;4.979526;3.119050;-3.925348;4.979367;3.111577;-3.922640;4.982032;3.111121;0.249975;0.016998;0.239032;0.069700;0.007105;0.454278
35.52428;-3.941784;4.979808;3.119877;-3.936300;4.982447;3.111347;-3.946452;4.978791;3.138606;0.249976;0.016555;0.273317;0.004520;0.004777;1.073058
35.54338;-3.954279;4.980079;3.119455;-3.959699;4.978846;3.136316;-3.958970;4.985283;3.133984;0.249963;-0.020570;0.264941;-0.045801;0.007006;0.832436
35.55988;-3.966776;4.980356;3.119063;-3.973617;4.985387;3.135076;-3.972146;4.985588;-3.137252;0.249995;-0.007832;0.292952;0.021846;0.007498;1.539554
35.57840;-3.979271;4.980638;3.117962;-3.982493;4.985552;-3.138986;-3.990528;4.974522;-3.129275;0.249958;-0.022034;0.206930;-0.034680;0.012811;2.059729
35.59688;-3.991758;4.980933;3.115709;-4.001371;4.974410;-3.133314;-3.980325;4.972826;-3.132270;0.249824;-0.045062;0.216875;-0.080787;0.014015;2.017182
35.61245;-4.004246;4.981256;3.113551;-3.992982;4.972704;-3.131532;-3.992809;4.975895;3.138270;0.249838;-0.043159;0.253155;0.014771;0.012631;1.416308
35.62748;-4.016739;4.981606;3.112314;-4.006829;4.975987;3.131811;-4.016282;4.979761;3.126601;0.249947;-0.024727;0.280401;-0.129184;0.001901;0.818568
35.64600;-4.029032;4.981966;3.111980;-4.028099;4.979923;3.129098;-4.030547;4.982834;3.134676;0.245978;-0.006695;0.236350;0.049947;0.001746;1.300414
35.66253;-4.041146;4.982325;3.111332;-4.043364;4.982915;3.135894;-4.049596;4.977538;3.123030;0.242387;-0.012946;0.256330;0.024360;0.009712;0.670235
35.68006;-4.053024;4.982685;3.111028;-4.061804;4.977785;3.119740;-4.068428;4.990058;3.101669;0.237664;-0.006081;0.244203;-0.065804;0.017078;0.536264
35.69607;-4.064659;4.983041;3.111974;-4.080269;4.990530;3.101863;-4.064958;4.990389;3.099659;0.232807;0.035102;0.236997;0.003892;0.007355;0.705633
35.71262;-4.076337;4.983387;3.113874;-4.075248;4.990810;3.101860;-4.071991;4.995405;3.096849;0.233656;0.037987;0.205969;0.044028;0.012780;0.975455
35.73367;-4.087923;4.983708;3.116261;-4.082743;4.995872;3.099500;-4.083009;4.987420;3.108594;0.231821;0.047751;0.215228;0.053032;0.006159;0.439304
35.75009;-4.099381;4.983998;3.117418;-4.093503;4.987750;3.111750;-4.102612;4.979543;3.109737;0.229227;0.023138;0.209981;0.063116;0.005503;0.440088
35.76662;-4.110597;4.984269;3.117962;-4.112193;4.979861;3.107071;-4.121309;4.971698;3.100148;0.224396;0.010876;0.191736;-0.053316;0.016516;1.020673
35.78534;-4.121583;4.984529;3.118517;-4.131737;4.972145;3.097455;-4.119499;4.975338;3.099664;0.219777;0.011097;0.208737;-0.053852;0.009424;1.080167
35.80137;-4.132590;4.984783;3.119352;-4.130729;4.975783;3.104283;-4.125280;4.978224;3.101184;0.220190;0.016712;0.224779;0.092385;0.009821;1.040954
35.81931;-4.143523;4.985026;3.120283;-4.136155;4.978635;3.106543;-4.140550;4.986878;3.095881;0.218722;0.018623;0.217659;0.107179;0.003502;1.398132
35.83684;-4.154260;4.985255;3.122110;-4.150160;4.987298;3.100002;-4.154716;4.983734;3.105293;0.214788;0.036534;0.192373;0.082419;0.001588;0.963574
35.85383;-4.164824;4.985461;3.123134;-4.166956;4.984215;3.099334;-4.168435;4.976681;3.088488;0.211329;0.020471;0.244998;-0.119169;0.009493;1.985027
35.86966;-4.175218;4.985653;3.124638;-4.177203;4.977134;3.091420;-4.163377;4.966418;3.096023;0.207908;0.030083;0.175597;0.058626;0.022588;1.639507
35.88670;-4.185683;4.985830;3.124965;-4.172350;4.966821;3.097355;-4.189888;4.968972;3.084255;0.209321;0.006541;0.179640;0.026651;0.017375;2.332476
35.90299;-4.195813;4.985999;3.126108;-4.198887;4.969456;3.091345;-4.216172;4.977909;3.094672;0.202640;0.022866;0.180241;0.141785;0.021907;1.801184
35.92003;-4.205612;4.986150;3.127233;-4.226931;4.978395;3.098238;-4.217844;4.973432;3.098106;0.196000;0.022494;0.215394;0.071337;0.017646;1.668845
35.93705;-4.215393;4.986291;3.127805;-4.227057;4.973841;3.096430;-4.237007;4.982513;3.098341;0.195643;0.011439;0.184443;-0.033517;0.021942;1.688171
35.95225;-4.224930;4.986422;3.129025;-4.247210;4.982954;3.098551;-4.248781;4.984977;3.104283;0.190759;0.024405;0.204243;0.004201;0.023895;1.417627
35.96826;-4.234320;4.986540;3.130064;-4.257045;4.985303;3.100129;-4.242532;4.985440;3.100243;0.187814;0.020778;0.165400;-0.083072;0.008285;1.708595
35.99072;-4.243787;4.986650;3.131392;-4.252360;4.985840;3.101615;-4.246737;4.989745;3.103488;0.189356;0.026555;0.196741;0.027434;0.004275;1.598785
36.01031;-4.253201;4.986746;3.132861;-4.254761;4.990033;3.107929;-4.250088;4.990252;3.115153;0.188277;0.029390;0.160590;0.088819;0.004689;1.014615
36.02838;-4.262574;4.986827;3.133668;-4.257824;4.990463;3.113590;-4.257978;4.991796;3.107731;0.187477;0.016130;0.154776;-0.031255;0.006768;1.486076
36.04652;-4.271847;4.986901;3.135036;-4.267118;4.992092;3.110657;-4.275581;4.985517;3.123677;0.185469;0.027367;0.182899;0.058518;0.003982;0.650846
36.06234;-4.280904;4.986960;3.135154;-4.285308;4.985702;3.121417;-4.297502;4.984030;3.113496;0.181141;-0.002489;0.194579;-0.045200;0.016855;1.240932
36.07915;-4.289687;4.987017;3.135476;-4.305531;4.984262;3.111769;-4.293774;4.990497;3.102133;0.175667;0.006440;0.160650;-0.034540;0.005367;1.910458
36.09673;-4.298513;4.987071;3.137037;-4.301379;4.990805;3.100063;-4.293320;4.980844;3.096010;0.176513;0.031205;0.152236;-0.041385;0.008108;2.350654
36.11474;-4.307348;4.987111;3.138146;-4.302066;4.981252;3.094031;-4.316809;4.989127;3.088300;0.176705;0.022180;0.175108;-0.039586;0.009674;2.855956
36.13253;-4.315883;4.987141;3.140388;-4.324920;4.989552;3.090284;-4.327619;4.982830;3.103400;0.170700;0.044855;0.162438;0.039686;0.012503;2.119288
36.15116;-4.324290;4.987151;3.141381;-4.336793;4.983166;3.106621;-4.335260;4.978676;3.102248;0.168137;0.015195;0.183601;0.064431;0.013863;2.242187
36.16769;-4.332603;4.987152;-3.141368;-4.344627;4.979022;3.107059;-4.336172;4.978451;3.123389;0.166266;0.008732;0.187460;0.096228;0.009405;1.055877
36.18422;-4.340904;4.987151;3.141004;-4.344574;4.978606;3.122817;-4.342800;4.980247;3.132229;0.166028;-0.017097;0.168067;-0.011454;0.007159;0.502771
36.20083;-4.349121;4.987155;3.139763;-4.349936;4.980319;3.130715;-4.339719;5.000792;3.125628;0.164339;-0.024821;0.142742;-0.030293;0.016564;0.809889
36.21693;-4.357374;4.987170;3.139772;-4.349314;5.000961;3.122425;-4.346573;4.992551;3.136632;0.165046;0.020597;0.191933;-0.064052;0.012066;0.179912
36.23347;-4.365542;4.987185;3.139386;-4.354579;4.992585;3.137872;-4.363177;4.994569;3.133332;0.163364;-0.007728;0.160112;0.024799;0.007753;0.346887
36.25555;-4.373502;4.987203;3.139370;-4.373178;4.994630;3.137581;-4.384284;4.989545;-3.138937;0.159212;-0.000321;0.200029;0.084993;0.011033;0.279532
36.27589;-4.381198;4.987220;3.138192;-4.393347;4.989510;-3.136512;-4.392090;4.992240;3.138830;0.153922;-0.023562;0.181276;0.048494;0.011993;0.036586
36.29244;-4.388798;4.987246;3.137592;-4.399685;4.992260;3.139168;-4.391539;4.983356;3.130479;0.151982;-0.012002;0.151912;0.006745;0.004759;0.407529
36.30973;-4.396405;4.987276;3.136618;-4.398071;4.983429;3.130416;-4.391819;4.974176;3.138999;0.152152;-0.019480;0.130652;-0.001254;0.013880;0.136429
36.32670;-4.404008;4.987314;3.134394;-4.399477;4.974203;3.137261;-4.397114;4.970468;3.132682;0.152061;-0.047810;0.153151;-0.034752;0.018203;0.098080
36.34371;-4.411547;4.987368;3.131992;-4.404921;4.970528;3.135164;-4.397035;4.977794;3.125712;0.150781;-0.048042;0.156160;0.049652;0.017386;0.359778
36.36142;-4.419087;4.987441;3.130736;-4.403854;4.977919;3.120940;-4.410854;4.977371;3.131963;0.150810;-0.025117;0.136409;-0.095443;0.013007;0.070310
36.37746;-4.426453;4.987521;3.129010;-4.419282;4.977447;3.133197;-4.424523;4.971611;3.136499;0.147334;-0.034514;0.168570;0.024682;0.016026;0.429060
36.39368;-4.433648;4.987611;3.126358;-4.428875;4.971638;3.134282;-4.436945;4.967008;3.139600;0.143904;-0.053036;0.087044;-0.044332;0.020865;0.758711
36.40979;-4.440686;4.987719;3.122966;-4.443958;4.967036;3.135711;-4.441471;4.979392;3.127927;0.140780;-0.067842;0.140273;-0.077787;0.008363;0.284261
36.42749;-4.447669;4.987849;3.120824;-4.446138;4.979454;3.128667;-4.447365;4.984159;3.115231;0.139690;-0.027858;0.093368;0.014793;0.003702;0.320467
36.44451;-4.454579;4.987992;3.119932;-4.453690;4.984333;3.112996;-4.454365;4.969413;3.129979;0.138215;-0.002754;0.126543;-0.044700;0.018580;0.575637
36.46299;-4.461402;4.988140;3.117790;-4.459871;4.969496;3.123071;-4.463022;4.981103;3.119325;0.136488;-0.053262;0.110135;-0.138160;0.007221;0.087952
36.47815;-4.468115;4.988300;3.116898;-4.469803;4.981259;3.117968;-4.465115;5.001204;3.104535;0.134316;-0.015490;0.135646;-0.027129;0.013248;0.708353
36.49361;-4.474794;4.988465;3.117256;-4.472355;5.001465;3.106695;-4.473351;4.990387;3.085869;0.133618;0.047171;0.144899;0.043204;0.002404;1.798310
36.51561;-4.481372;4.988625;3.118864;-4.480045;4.990749;3.089137;-4.475469;4.994121;3.084606;0.131592;0.044966;0.134079;0.065346;0.008066;1.962801
36.53464;-4.487920;4.988774;3.121610;-4.482444;4.994500;3.090201;-4.487388;4.988141;3.102310;0.131004;0.054935;0.139712;0.111902;0.000827;1.105845
36.55283;-4.494328;4.988902;3.123107;-4.494761;4.988440;3.099882;-4.480497;5.003313;3.091495;0.128171;0.019383;0.147592;-0.048551;0.019975;1.811251
36.56986;-4.500810;4.989022;3.125854;-4.486828;5.003638;3.089205;-4.486485;5.007576;3.089137;0.129671;0.067771;0.126794;-0.045788;0.023441;2.103740
36.58639;-4.507215;4.989122;3.129851;-4.493031;5.007913;3.091310;-4.498697;5.023361;3.083580;0.128103;0.080651;0.131101;0.043465;0.035282;2.651121
36.60393;-4.513453;4.989196;3.135097;-4.504898;5.023713;3.086342;-4.507020;5.009422;3.073344;0.124776;0.125496;0.124209;0.055238;0.021224;3.538221
36.62245;-4.519593;4.989236;3.140339;-4.513651;5.009866;3.075916;-4.518005;5.000309;3.080346;0.122797;0.104830;0.132914;0.051442;0.011187;3.437309
36.63949;-4.525606;4.989243;-3.138855;-4.524007;5.000671;3.082365;-4.506356;4.994475;3.088100;0.120268;0.074265;0.120261;0.040367;0.019948;3.221784
36.65678;-4.531771;4.989226;-3.136114;-4.510664;4.994700;3.090584;-4.508006;4.999240;3.085728;0.123308;0.050761;0.086272;0.049692;0.025789;3.514737
36.67031;-4.537912;4.989193;-3.132854;-4.513975;4.999568;3.087805;-4.522145;4.984096;3.094679;0.122817;0.065185;0.119548;0.041540;0.016570;3.188599
36.68733;-4.543888;4.989140;-3.130845;-4.528346;4.984379;3.097079;-4.538710;4.972780;3.089891;0.119519;0.016371;0.124148;0.047994;0.017160;3.578081
36.70385;-4.549664;4.989078;-3.130086;-4.543910;4.973050;3.089844;-4.544801;4.974302;3.089423;0.115520;-0.008685;0.104150;-0.000930;0.015556;3.648412
36.72001;-4.555362;4.989013;-3.130339;-4.550980;4.974641;3.084245;-4.554014;4.987212;3.081124;0.113980;-0.005069;0.123760;-0.103551;0.002249;4.109364
36.73708;-4.560936;4.988950;-3.129343;-4.560716;4.987603;3.085601;-4.553351;4.984309;3.102360;0.111486;0.038163;0.134249;0.089541;0.008892;2.949738
36.75713;-4.566522;4.988882;-3.129096;-4.558452;4.984502;3.105171;-4.559128;4.976656;3.117986;0.111730;0.004940;0.102089;0.056222;0.014288;2.068571
36.77670;-4.572038;4.988813;-3.130099;-4.565825;4.976813;3.118460;-4.566081;4.978789;3.105846;0.110325;-0.035152;0.133977;0.009480;0.011660;2.706678
36.79573;-4.577468;4.988750;-3.130885;-4.570060;4.978934;3.104506;-4.575783;4.979125;3.110387;0.108600;-0.015717;0.079632;-0.026797;0.009771;2.401481
36.81255;-4.582776;4.988693;-3.131962;-4.581445;4.979306;3.108834;-4.570878;5.003551;3.106855;0.106166;-0.021555;0.113297;-0.031057;0.019034;2.542110
36.82775;-4.588135;4.988642;-3.131790;-4.577342;5.003783;3.104594;-4.588256;5.011501;3.097038;0.107185;0.051615;0.129359;-0.045220;0.022860;3.114438
36.84527;-4.593270;4.988591;-3.130368;-4.595345;5.011819;3.096526;-4.591481;5.009118;3.113528;0.102706;0.086976;0.141929;-0.010245;0.020604;2.251122
36.86280;-4.598371;4.988534;-3.127696;-4.597115;5.009257;3.120184;-4.596353;5.010345;3.112973;0.102026;0.060456;0.112712;0.133127;0.021904;2.436021
36.87984;-4.603410;4.988464;-3.124441;-4.601966;5.010501;3.114772;-4.589091;5.015138;3.118178;0.100796;0.065092;0.112304;0.035978;0.030274;2.324265
36.89785;-4.608540;4.988376;-3.120827;-4.596178;5.015289;3.122528;-4.601709;5.001278;3.126673;0.102610;0.072286;0.141761;0.086997;0.014598;2.044638
36.91389;-4.613517;4.988273;-3.118462;-4.607308;5.001362;3.126520;-4.595235;5.014955;3.115759;0.099557;0.021753;0.112007;-0.003068;0.032344;2.805422
36.93143;-4.618568;4.988156;-3.114848;-4.601115;5.015097;3.119238;-4.604820;5.006595;3.124428;0.101061;0.075317;0.117625;0.069574;0.023001;2.515819
36.94900;-4.623504;4.988024;-3.112484;-4.610048;5.006673;3.129073;-4.611383;5.006389;3.139778;0.098752;0.040623;0.104584;0.092906;0.022005;1.771798
36.96401;-4.628360;4.987882;-3.111369;-4.615609;5.006400;3.138415;-4.618506;5.005752;-3.141591;0.097151;0.021905;0.084535;-0.027262;0.020406;1.731555
36.98397;-4.633126;4.987738;-3.110465;-4.622341;5.005746;-3.138707;-4.631749;4.990644;-3.135503;0.095373;0.018089;0.076698;0.057686;0.003215;1.434590
36.99942;-4.637726;4.987595;-3.110811;-4.637100;4.990615;-3.136984;-4.633249;5.011262;-3.139830;0.092047;-0.037789;0.107020;-0.029613;0.024087;1.662660
37.01694;-4.642309;4.987454;-3.109906;-4.637115;5.011245;-3.134618;-4.644283;5.010810;-3.133701;0.091693;0.034723;0.077324;0.104220;0.023440;1.363369
37.03547;-4.646754;4.987313;-3.108557;-4.648805;5.010771;-3.132128;-4.641749;4.995106;-3.125917;0.088948;0.026988;0.090435;0.031465;0.009262;0.994649
37.05215;-4.651228;4.987165;-3.108457;-4.646528;4.995032;-3.126414;-4.646217;4.984863;-3.111602;0.089533;-0.035203;0.095596;-0.009953;0.005514;0.180180
37.06920;-4.655640;4.987019;-3.109608;-4.651121;4.984728;-3.116453;-4.634480;4.986002;-3.114584;0.088292;-0.087300;0.098124;-0.097015;0.021185;0.285119
37.08674;-4.660200;4.986873;-3.112009;-4.638508;4.985900;-3.117975;-4.645334;4.987676;-3.101138;0.091252;-0.078343;0.080591;-0.067816;0.014888;0.622853
37.10409;-4.664622;4.986742;-3.115659;-4.647700;4.987580;-3.101422;-4.652518;4.985357;-3.117103;0.088469;-0.090229;0.047346;-0.005690;0.012183;0.082705
37.12262;-4.668958;4.986630;-3.119655;-4.656345;4.985271;-3.121134;-4.656261;4.992959;-3.128041;0.086755;-0.079926;0.076555;-0.080618;0.014187;0.480437
37.14133;-4.672795;4.986546;-3.122402;-4.658671;4.992879;-3.089029;-4.651853;4.995131;-3.080490;0.050000;0.800000;0.048228;0.780225;0.022633;2.401394
37.15638;-4.676132;4.986482;-3.123898;-4.654248;4.994937;-3.041636;-4.662983;4.994889;-3.042899;0.050000;0.800000;0.048051;0.777064;0.015607;4.640897
37.17340;-4.678970;4.986431;-3.124144;-4.664848;4.994666;-3.002451;-4.663698;5.004563;-3.009785;0.050000;0.800000;0.037547;0.808956;0.023706;6.552327
37.18943;-4.681469;4.986388;-3.123141;-4.666813;5.004087;-2.970041;-4.674403;4.987394;-2.975883;0.050000;0.800000;0.063011;0.794867;0.007138;8.437226
37.20674;-4.683969;4.986342;-3.120887;-4.676306;4.987036;-2.935773;-4.686099;4.991856;-2.937839;0.050000;0.800000;0.038741;0.802213;0.005912;10.487870
37.22235;-4.686881;4.986281;-3.117383;-4.689195;4.991156;-2.900281;-4.693169;4.981529;-2.926498;0.058249;0.800000;0.063490;0.751164;0.007883;10.936899
37.24051;-4.689922;4.986208;-3.112630;-4.696253;4.980785;-2.883162;-4.694472;4.981568;-2.903600;0.060839;0.800000;0.063446;0.866729;0.006499;11.976547
37.25938;-4.693237;4.986112;-3.106626;-4.698155;4.980593;-2.861900;-4.691753;4.983926;-2.871112;0.066344;0.800000;0.076189;0.833989;0.002642;13.493957
37.27742;-4.696945;4.985982;-3.099372;-4.697693;4.982147;-2.830045;-4.711111;4.997532;-2.852239;0.074201;0.800000;0.124004;0.821331;0.018277;14.159717
37.29444;-4.700853;4.985817;-3.090869;-4.713534;4.996754;-2.809958;-4.717675;4.991240;-2.840856;0.078224;0.800000;0.050905;0.845606;0.017675;14.324648
37.31215;-4.704886;4.985612;-3.081115;-4.721876;4.989844;-2.800614;-4.714259;4.978779;-2.796556;0.080771;0.800000;0.088543;0.804838;0.011599;16.304043
37.32972;-4.709417;4.985338;-3.070111;-4.718254;4.977249;-2.755282;-4.715582;4.988498;-2.771342;0.091257;0.800000;0.085563;0.825480;0.006929;17.118210
37.34778;-4.714257;4.984991;-3.057858;-4.718516;4.987287;-2.728282;-4.707255;4.990065;-2.765513;0.097059;0.800000;0.063478;0.861208;0.008648;16.750136
37.36232;-4.719169;4.984579;-3.044354;-4.712004;4.988090;-2.729377;-4.723772;4.974865;-2.763191;0.098591;0.800000;0.102875;0.722717;0.010749;16.109467
37.37939;-4.724084;4.984099;-3.029600;-4.727316;4.973371;-2.721957;-4.735543;4.975418;-2.752396;0.098754;0.800000;0.076927;0.824671;0.014376;15.882615
37.39445;-4.729100;4.983535;-3.013597;-4.740757;4.973149;-2.709930;-4.754604;4.977191;-2.741123;0.100958;0.800000;0.113738;0.849325;0.026281;15.611617
37.41046;-4.734213;4.982877;-2.996343;-4.757932;4.975706;-2.702695;-4.732058;4.990809;-2.701880;0.103094;0.800000;0.072897;0.768553;0.008219;16.871509
37.42650;-4.739776;4.982064;-2.977839;-4.735448;4.989134;-2.663699;-4.734674;4.983487;-2.675983;0.112446;0.800000;0.075638;0.763620;0.005297;17.295087
37.44252;-4.745604;4.981101;-2.958086;-4.739991;4.980673;-2.633691;-4.737094;4.981580;-2.672474;0.118137;0.800000;0.120319;0.845837;0.008523;16.364326
37.45937;-4.751447;4.980016;-2.937082;-4.743865;4.977964;-2.629680;-4.754292;4.961158;-2.658425;0.118857;0.800000;0.153542;0.855881;0.019072;15.965876
37.47459;-4.757398;4.978782;-2.914828;-4.760016;4.958008;-2.618708;-4.762604;4.963144;-2.621929;0.121570;0.800000;0.130682;0.794345;0.016481;16.781888
37.49071;-4.763697;4.977328;-2.891325;-4.767716;4.960080;-2.581150;-4.769955;4.951237;-2.590124;0.129281;0.800000;0.119196;0.815585;0.026832;17.257531
37.50974;-4.770279;4.975646;-2.866571;-4.776435;4.947082;-2.552732;-4.780585;4.951129;-2.560382;0.135871;0.800000;0.153943;0.747840;0.026595;17.543304
37.52832;-4.777104;4.973720;-2.840567;-4.785345;4.947866;-2.520780;-4.787484;4.942984;-2.539831;0.141832;0.800000;0.115428;0.792054;0.032441;17.230892
37.54534;-4.784071;4.971557;-2.813314;-4.792627;4.939304;-2.501036;-4.787618;4.945264;-2.536875;0.145895;0.800000;0.126483;0.775918;0.026531;15.838744
37.56270;-4.791004;4.969196;-2.784810;-4.793998;4.940688;-2.501910;-4.796713;4.949817;-2.528649;0.146491;0.800000;0.157014;0.699301;0.020202;14.676942
37.58379;-4.797937;4.966612;-2.755056;-4.801549;4.946260;-2.486316;-4.791017;4.964605;-2.508003;0.147967;0.800000;0.120062;0.846651;0.007204;14.155111
37.59781;-4.804985;4.963743;-2.724053;-4.797648;4.959523;-2.467402;-4.800854;4.977510;-2.489154;0.152202;0.800000;0.167085;0.812016;0.014374;13.458668
37.61612;-4.812102;4.960586;-2.691799;-4.806509;4.973020;-2.451988;-4.809012;4.967926;-2.472766;0.155715;0.800000;0.144419;0.743324;0.007965;12.549655
37.63269;-4.819250;4.957135;-2.658295;-4.815418;4.962639;-2.430364;-4.816397;4.955967;-2.457613;0.158745;0.800000;0.166124;0.848050;0.003083;11.498229
37.64781;-4.826401;4.953382;-2.623541;-4.824251;4.949308;-2.419237;-4.822416;4.946127;-2.438775;0.161516;0.800000;0.205939;0.767527;0.008277;10.586325
37.66420;-4.833567;4.949297;-2.587538;-4.829001;4.940322;-2.399347;-4.837666;4.944834;-2.403697;0.164972;0.800000;0.175544;0.788556;0.006060;10.533300
37.68073;-4.840846;4.944794;-2.550284;-4.843637;4.939182;-2.363462;-4.839648;4.943846;-2.390137;0.171180;0.800000;0.164424;0.804708;0.001527;9.175767
37.69877;-4.848052;4.939955;-2.511780;-4.846165;4.937520;-2.351882;-4.849062;4.942026;-2.352529;0.173599;0.800000;0.181648;0.765104;0.002304;9.124446
37.71329;-4.855328;4.934652;-2.472027;-4.856054;4.934679;-2.310287;-4.865668;4.927067;-2.313304;0.180077;0.800000;0.202831;0.844828;0.012824;9.094118
37.73039;-4.862638;4.928866;-2.432027;-4.870440;4.921654;-2.273117;-4.878673;4.904183;-2.291288;0.186464;0.800000;0.144319;0.803746;0.029434;8.063722
37.75139;-4.869841;4.922680;-2.392027;-4.885184;4.896458;-2.250886;-4.882316;4.905392;-2.267187;0.189877;0.800000;0.202064;0.808056;0.021320;7.152802
37.76963;-4.876929;4.916082;-2.352027;-4.889023;4.897083;-2.232762;-4.886411;4.910916;-2.241651;0.193682;0.800000;0.213554;0.688503;0.010797;6.324062
37.78572;-4.883886;4.909067;-2.312463;-4.893415;4.901730;-2.202826;-4.881881;4.915258;-2.217391;0.197591;0.791273;0.231040;0.776505;0.006508;5.447206
37.80426;-4.890686;4.901646;-2.274149;-4.887495;4.907534;-2.181169;-4.890374;4.918800;-2.186361;0.201315;0.761619;0.190989;0.724457;0.017157;5.029926
37.82130;-4.897338;4.893802;-2.237086;-4.895808;4.910824;-2.151436;-4.885513;4.912173;-2.147150;0.205695;0.725415;0.193020;0.698503;0.021848;5.152949
37.83956;-4.903864;4.885501;-2.201272;-4.890292;4.904543;-2.113365;-4.897818;4.890457;-2.111679;0.211173;0.677765;0.180065;0.675693;0.007817;5.133309
37.85330;-4.910220;4.876792;-2.166709;-4.904002;4.879754;-2.077910;-4.907781;4.882223;-2.069858;0.215632;0.636662;0.247214;0.675386;0.005953;5.549099
37.87230;-4.916411;4.867663;-2.133395;-4.913101;4.872127;-2.041614;-4.916802;4.866628;-2.042127;0.220615;0.587677;0.228241;0.564882;0.001107;5.229286
37.88938;-4.922377;4.858202;-2.101331;-4.921793;4.856496;-2.014890;-4.918854;4.862703;-2.004312;0.223691;0.555478;0.225875;0.544740;0.005715;5.558791
37.90558;-4.928138;4.848381;-2.070518;-4.923634;4.852064;-1.981741;-4.923363;4.850045;-1.987008;0.227730;0.510346;0.233271;0.451417;0.005057;4.784763
37.92260;-4.933635;4.838312;-2.040954;-4.928088;4.839018;-1.964322;-4.933083;4.833840;-1.977761;0.229436;0.490117;0.239932;0.453722;0.004506;3.620697
37.93963;-4.938851;4.828049;-2.012640;-4.937428;4.823421;-1.953987;-4.925280;4.825522;-1.957589;0.230250;0.480192;0.225783;0.475472;0.013804;3.154230
37.95419;-4.943816;4.817552;-1.985577;-4.929483;4.814873;-1.935870;-4.941554;4.803778;-1.948976;0.232241;0.455025;0.228978;0.434381;0.013958;2.097037
37.97213;-4.948508;4.806895;-1.959763;-4.945444;4.793634;-1.924941;-4.951815;4.806569;-1.929854;0.232881;0.446662;0.217282;0.480705;0.003323;1.713679
37.99066;-4.952955;4.796047;-1.935199;-4.955884;4.795378;-1.909147;-4.947000;4.795710;-1.912066;0.234486;0.424973;0.238148;0.414129;0.005964;1.325465
38.01071;-4.957161;4.785020;-1.911886;-4.950984;4.784139;-1.892707;-4.953885;4.777551;-1.888056;0.236032;0.403031;0.244766;0.387165;0.008155;1.365364
38.02679;-4.961140;4.773811;-1.889822;-4.958063;4.764325;-1.865497;-4.961037;4.767038;-1.863623;0.237889;0.375051;0.277420;0.451176;0.006774;1.501116
38.04531;-4.964898;4.762433;-1.869008;-4.964620;4.754796;-1.847536;-4.966830;4.761543;-1.830172;0.239644;0.346604;0.255116;0.321734;0.002127;2.225160
38.05936;-4.968451;4.750874;-1.849445;-4.969869;4.749670;-1.812685;-4.977951;4.749433;-1.813798;0.241854;0.307173;0.245123;0.349745;0.009609;2.042405
38.07688;-4.971790;4.739203;-1.831131;-4.981204;4.735896;-1.799422;-4.977010;4.744999;-1.812042;0.242790;0.288888;0.278457;0.287515;0.007800;1.093704
38.09441;-4.974916;4.727467;-1.814067;-4.979637;4.734080;-1.801752;-4.947961;4.739039;-1.799619;0.242900;0.286664;0.224607;0.205799;0.029334;0.827858
38.11044;-4.977852;4.715637;-1.798254;-4.950358;4.728362;-1.783595;-4.961085;4.728490;-1.781884;0.243783;0.268175;0.218853;0.320468;0.021127;0.937937
38.12696;-4.980611;4.703719;-1.783690;-4.963370;4.717449;-1.767813;-4.983499;4.708791;-1.786928;0.244658;0.248505;0.225494;0.281417;0.005837;0.185531
38.14449;-4.983191;4.691781;-1.770376;-4.986221;4.695897;-1.770735;-4.982418;4.693551;-1.777755;0.244274;0.257319;0.263554;0.323859;0.001931;0.422768
38.16006;-4.985617;4.679786;-1.758068;-4.984400;4.683833;-1.766239;-4.972609;4.685414;-1.760374;0.244758;0.246174;0.198353;0.230317;0.014173;0.132137
38.17608;-4.987904;4.667718;-1.746863;-4.974750;4.674118;-1.755799;-4.980605;4.672591;-1.766382;0.245653;0.224100;0.229948;0.091489;0.008776;1.118357
38.19161;-4.990053;4.655641;-1.735248;-4.983124;4.659378;-1.751866;-4.986830;4.669574;-1.757314;0.245330;0.232296;0.269002;0.290322;0.014300;1.264296
38.20713;-4.992064;4.643521;-1.724139;-4.988845;4.658598;-1.747317;-4.998443;4.656583;-1.737283;0.245727;0.222187;0.223177;0.199950;0.014537;0.753104
38.22416;-4.993947;4.631338;-1.714159;-5.000371;4.644846;-1.729945;-5.005031;4.636780;-1.728332;0.246550;0.199590;0.237901;0.146759;0.012348;0.812048
38.23969;-4.995711;4.619120;-1.704676;-5.006878;4.624813;-1.719671;-5.004516;4.609631;-1.722067;0.246884;0.189669;0.242186;0.173221;0.012945;0.996474
38.25875;-4.997360;4.606874;-1.695571;-5.006603;4.595751;-1.718061;-4.999160;4.605128;-1.714935;0.247127;0.182089;0.280734;0.080117;0.002508;1.109481
38.27846;-4.998900;4.594600;-1.686928;-5.001081;4.591531;-1.707428;-5.005836;4.586355;-1.686077;0.247411;0.172862;0.274644;0.150153;0.010775;0.048786
38.29700;-5.000338;4.582268;-1.679535;-5.007380;4.572316;-1.674569;-5.009665;4.562509;-1.663807;0.248323;0.139067;0.282474;0.230158;0.021850;0.901157
38.31434;-5.001689;4.569896;-1.673392;-5.010789;4.550324;-1.661801;-4.994266;4.562309;-1.650501;0.248896;0.112825;0.244725;0.040120;0.010615;1.311578
38.33060;-5.002965;4.557501;-1.668499;-4.995248;4.549927;-1.649348;-4.998973;4.561408;-1.648581;0.249218;0.094925;0.248424;0.023042;0.005586;1.141180
38.34815;-5.004181;4.545098;-1.663838;-4.999861;4.549428;-1.641048;-5.004825;4.536230;-1.642717;0.249246;0.093213;0.240266;0.150667;0.008891;1.210146
38.36366;-5.005339;4.532685;-1.659493;-5.005695;4.523743;-1.638094;-5.012874;4.523157;-1.640449;0.249345;0.086912;0.250349;0.092469;0.012147;1.091116
38.38220;-5.006443;4.520265;-1.655232;-5.013704;4.511047;-1.638053;-5.009504;4.510940;-1.644800;0.249370;0.085205;0.242755;0.047924;0.009815;0.597708
38.39872;-5.007495;4.507845;-1.650732;-5.010353;4.499394;-1.643705;-5.009964;4.495487;-1.654374;0.249297;0.090004;0.231552;0.021906;0.012602;0.208653
38.41575;-5.008489;4.495429;-1.645654;-5.010983;4.482946;-1.649415;-4.999027;4.488526;-1.641539;0.249105;0.101552;0.251632;0.099169;0.011713;0.235823
38.43027;-5.009422;4.482995;-1.641416;-4.999967;4.474757;-1.636504;-4.996975;4.470479;-1.627291;0.249377;0.084768;0.276016;0.100701;0.017652;0.809326
38.44632;-5.010302;4.470546;-1.638046;-4.997708;4.457052;-1.623505;-4.992422;4.475106;-1.616520;0.249606;0.067410;0.268944;0.075713;0.018453;1.233329
38.46344;-5.011142;4.458087;-1.635350;-4.992986;4.462800;-1.616693;-5.009803;4.461647;-1.629725;0.249748;0.053909;0.246373;-0.003466;0.003803;0.322311
38.48101;-5.011946;4.445636;-1.631752;-5.010620;4.447537;-1.627482;-5.016260;4.436507;-1.637860;0.249551;0.071957;0.282666;0.044862;0.010096;0.349966
38.49603;-5.012706;4.433188;-1.627625;-5.017169;4.422416;-1.632484;-5.024308;4.415626;-1.647275;0.249409;0.082545;0.282406;0.107518;0.021048;1.125885
38.51355;-5.013414;4.420747;-1.622881;-5.025290;4.402500;-1.643770;-5.030481;4.405022;-1.623196;0.249219;0.094873;0.263258;0.070118;0.023207;0.018032
38.52857;-5.014064;4.408284;-1.619388;-5.031094;4.392940;-1.619758;-5.014397;4.396595;-1.623857;0.249613;0.066769;0.241955;0.068754;0.011694;0.256073
38.54459;-5.014670;4.395817;-1.616112;-5.014976;4.385339;-1.620530;-5.011500;4.390876;-1.610837;0.249628;0.065512;0.225406;0.066536;0.005871;0.302252
38.56062;-5.015236;4.383341;-1.613636;-5.011928;4.379624;-1.606754;-5.017243;4.368931;-1.618846;0.249787;0.049518;0.225183;0.081649;0.014548;0.298487
38.57714;-5.015770;4.370868;-1.610643;-5.017785;4.357465;-1.617172;-5.011210;4.353344;-1.612669;0.249689;0.059868;0.229583;0.033474;0.018107;0.116111
38.59467;-5.016268;4.358389;-1.608059;-5.011735;4.340210;-1.608809;-5.023905;4.336998;-1.618814;0.249768;0.051686;0.262902;0.077201;0.022713;0.616233
38.61421;-5.016733;4.345914;-1.605024;-5.024492;4.324279;-1.615057;-5.023917;4.326462;-1.622094;0.249680;0.060693;0.254662;0.075141;0.020736;0.978025
38.63249;-5.017160;4.333439;-1.601792;-5.024455;4.315208;-1.615049;-5.030343;4.323186;-1.609352;0.249637;0.064634;0.225344;0.140899;0.016701;0.433124
38.65086;-5.017547;4.320956;-1.599284;-5.030838;4.309941;-1.606812;-5.025325;4.305003;-1.621791;0.249782;0.050172;0.265086;0.050784;0.017748;1.289593
38.66719;-5.017903;4.308479;-1.596061;-5.025904;4.293724;-1.622376;-5.016738;4.297630;-1.628487;0.249639;0.064460;0.225887;-0.011689;0.010912;1.857870
38.68239;-5.018218;4.296005;-1.592491;-5.017449;4.285059;-1.626189;-5.020123;4.306151;-1.630662;0.249558;0.071389;0.251828;0.045955;0.010323;2.187035
38.69845;-5.018488;4.283532;-1.588770;-5.020734;4.295817;-1.629043;-5.014469;4.295361;-1.615808;0.249519;0.074434;0.207031;0.032392;0.012493;1.549220
38.71597;-5.018713;4.271048;-1.585975;-5.015048;4.282110;-1.613040;-5.016593;4.275501;-1.623242;0.249729;0.055883;0.265275;0.055371;0.004933;2.135203
38.73190;-5.018902;4.258568;-1.582721;-5.017147;4.264573;-1.619683;-5.025321;4.258583;-1.625838;0.249632;0.065081;0.218860;0.071178;0.006419;2.470406
38.74937;-5.019051;4.246089;-1.579255;-5.025917;4.247379;-1.622012;-5.015368;4.235321;-1.622890;0.249583;0.069332;0.224402;0.076521;0.011381;2.500098
38.77049;-5.019157;4.233608;-1.576029;-5.016066;4.221394;-1.618782;-5.025846;4.222673;-1.607510;0.249639;0.064509;0.278888;0.082151;0.012819;1.803734
38.79018;-5.019222;4.221118;-1.573658;-5.026314;4.209236;-1.603765;-5.020867;4.211758;-1.602625;0.249805;0.047420;0.268895;0.074900;0.009504;1.659649
38.80670;-5.019258;4.208625;-1.571613;-5.021236;4.200004;-1.601730;-5.022074;4.196816;-1.604777;0.249855;0.040912;0.235187;0.017897;0.012141;1.900186
38.82622;-5.019268;4.196133;-1.569430;-5.022465;4.184469;-1.600202;-5.015595;4.181100;-1.607100;0.249835;0.043657;0.247061;0.091500;0.015475;2.158370
38.84276;-5.019251;4.183642;-1.567150;-5.015999;4.169430;-1.603635;-5.018363;4.168819;-1.585421;0.249819;0.045603;0.233539;0.069315;0.014850;1.046863
38.85829;-5.019205;4.171144;-1.566119;-5.018547;4.156488;-1.585953;-5.015472;4.170081;-1.590292;0.249965;0.019953;0.246639;-0.010644;0.003882;1.385000
38.87582;-5.019147;4.158647;-1.564848;-5.015718;4.156608;-1.587928;-5.027275;4.153536;-1.584268;0.249944;0.025420;0.269497;0.047282;0.009601;1.112631
38.89169;-5.019073;4.146149;-1.563861;-5.027458;4.139884;-1.584253;-5.026406;4.142808;-1.596300;0.249966;0.019741;0.273063;0.000285;0.008059;1.858606
38.90937;-5.018986;4.133654;-1.562158;-5.026663;4.132133;-1.593444;-5.008782;4.131674;-1.581730;0.249899;0.034070;0.213555;0.057121;0.010394;1.121409
38.92647;-5.018878;4.121156;-1.561444;-5.008909;4.119495;-1.580672;-5.014262;4.115248;-1.596689;0.249982;0.014275;0.243589;0.021170;0.007497;2.019373
38.94245;-5.018761;4.108661;-1.559797;-5.014598;4.102740;-1.598759;-5.013050;4.110279;-1.599743;0.249906;0.032949;0.250252;-0.041397;0.005936;2.288773
38.95948;-5.018624;4.096168;-1.557974;-5.013362;4.098607;-1.595429;-5.003599;4.115037;-1.596893;0.249885;0.036455;0.233519;0.086295;0.024121;2.229877
38.97553;-5.018463;4.083673;-1.556385;-5.003900;4.103123;-1.595265;-5.021226;4.085573;-1.587228;0.249912;0.031789;0.238373;0.032547;0.003352;1.767174
38.99273;-5.018283;4.071176;-1.555258;-5.021396;4.074739;-1.585781;-5.016569;4.073335;-1.555995;0.249956;0.022521;0.216703;0.028922;0.002756;0.042186
39.00976;-5.018089;4.058679;-1.555382;-5.016412;4.061339;-1.559358;-5.013568;4.064539;-1.550129;0.249979;-0.015570;0.239937;-0.067268;0.007401;0.301024
39.02841;-5.017897;4.046183;-1.556533;-5.013292;4.052066;-1.547207;-5.018710;4.043933;-1.557284;0.249954;-0.023005;0.249508;0.058427;0.002393;0.043075
39.04657;-5.017718;4.033685;-1.557219;-5.018540;4.031129;-1.557719;-5.021789;4.026452;-1.558488;0.249984;-0.013732;0.256099;-0.008686;0.008300;0.072680
39.06341;-5.017549;4.021187;-1.557813;-5.021640;4.013421;-1.560291;-5.017167;4.028862;-1.557919;0.249988;-0.011874;0.260639;-0.036073;0.007685;0.006049
39.08045;-5.017386;4.008688;-1.558472;-5.016979;4.015441;-1.555685;-5.016060;4.011455;-1.558685;0.249985;-0.013172;0.268439;0.044671;0.003068;0.012239
39.09698;-5.017232;3.996190;-1.559091;-5.015889;3.997955;-1.557566;-5.024209;4.008428;-1.577094;0.249987;-0.012395;0.270033;0.022384;0.014087;1.031507
39.11404;-5.017086;3.983691;-1.558552;-5.024301;3.996494;-1.579957;-5.033000;3.985351;-1.571129;0.249990;0.010783;0.238694;-0.057242;0.016001;0.720603
39.13157;-5.016933;3.971192;-1.558312;-5.033011;3.973525;-1.572288;-5.032189;3.950738;-1.570950;0.249998;0.004806;0.236530;-0.023169;0.025518;0.724132
39.14813;-5.016777;3.958694;-1.558087;-5.032171;3.939214;-1.567432;-5.016149;3.950293;-1.563914;0.249998;0.004500;0.230475;0.070374;0.008424;0.333867
39.16365;-5.016618;3.946195;-1.558391;-5.016045;3.936562;-1.562513;-5.007565;3.937532;-1.549607;0.249997;-0.006094;0.274622;0.028021;0.012530;0.503311
39.18071;-5.016463;3.933698;-1.559612;-5.007285;3.923558;-1.552030;-5.006018;3.930979;-1.557508;0.249948;-0.024411;0.279532;-0.048458;0.010793;0.120536
39.19623;-5.016323;3.921200;-1.560369;-5.005871;3.918016;-1.561371;-5.019532;3.908075;-1.556953;0.249980;-0.015137;0.259278;-0.077246;0.013511;0.195697
39.21427;-5.016193;3.908702;-1.561068;-5.019374;3.896031;-1.558416;-5.004884;3.903289;-1.566343;0.249983;-0.013980;0.240902;-0.029248;0.012537;0.302235
39.23059;-5.016071;3.896202;-1.561302;-5.004801;3.890501;-1.562249;-4.996078;3.884807;-1.539502;0.249998;-0.004686;0.255768;0.081884;0.023012;1.249050
39.24812;-5.015953;3.883709;-1.562787;-4.995635;3.871412;-1.535952;-5.017734;3.894764;-1.539446;0.249874;-0.038083;0.268053;0.071003;0.011198;1.337334
39.26616;-5.015853;3.871215;-1.564548;-5.017325;3.881390;-1.541134;-5.025416;3.871606;-1.534906;0.249892;-0.035228;0.267618;-0.033758;0.009572;1.698353
39.28420;-5.015774;3.858722;-1.566529;-5.024979;3.859816;-1.532551;-5.016190;3.870530;-1.526352;0.249864;-0.039630;0.235965;0.047111;0.011816;2.301987
39.30177;-5.015721;3.846233;-1.569087;-5.015725;3.859570;-1.530385;-5.008610;3.852937;-1.529361;0.249773;-0.051143;0.219405;-0.080652;0.009772;2.276098
39.31936;-5.015700;3.833744;-1.571514;-5.008077;3.840114;-1.529132;-5.009399;3.843641;-1.536173;0.249795;-0.048555;0.256686;0.004576;0.011733;2.024932
39.33588;-5.015709;3.821251;-1.573528;-5.008963;3.831276;-1.534802;-5.017243;3.822917;-1.537535;0.249859;-0.040273;0.247458;0.027403;0.002266;2.062221
39.35192;-5.015743;3.808757;-1.575406;-5.016834;3.809698;-1.542221;-5.012747;3.807732;-1.530808;0.249877;-0.037568;0.264514;-0.093714;0.003166;2.555310
39.36945;-5.015800;3.796266;-1.577719;-5.012260;3.795407;-1.531768;-5.017479;3.793092;-1.538210;0.249814;-0.046250;0.246693;-0.019195;0.003591;2.263678
39.38656;-5.015887;3.783772;-1.579555;-5.017112;3.781575;-1.539589;-5.028147;3.772447;-1.530889;0.249883;-0.036718;0.230440;-0.027567;0.016691;2.788360
39.40225;-5.015996;3.771281;-1.581757;-5.027644;3.759483;-1.533130;-5.017146;3.761121;-1.539916;0.249832;-0.044039;0.259471;-0.044820;0.010225;2.397319
39.42036;-5.016133;3.758787;-1.583492;-5.016783;3.748751;-1.542968;-5.026858;3.744145;-1.537525;0.249895;-0.034708;0.247507;-0.061054;0.018150;2.633750
39.43589;-5.016292;3.746294;-1.585304;-5.026418;3.730636;-1.538834;-5.030400;3.742853;-1.542533;0.249886;-0.036240;0.270325;-0.026190;0.014521;2.450581
39.45393;-5.016473;3.733799;-1.586791;-5.030123;3.732345;-1.546463;-5.028116;3.738376;-1.545691;0.249923;-0.029743;0.210232;-0.078585;0.012510;2.354899
39.47054;-5.016673;3.721304;-1.588105;-5.027853;3.725369;-1.555494;-5.020051;3.730317;-1.552328;0.249940;-0.026266;0.260208;-0.196075;0.009625;2.049867
39.48417;-5.016889;3.708807;-1.589075;-5.019827;3.719327;-1.548524;-5.021426;3.713792;-1.541421;0.249967;-0.019406;0.219840;0.076066;0.006740;2.730354
39.50570;-5.017118;3.696314;-1.590690;-5.021002;3.699383;-1.541323;-5.005597;3.706218;-1.555451;0.249909;-0.032300;0.288293;0.001967;0.015193;2.019020
39.52735;-5.017366;3.683818;-1.591572;-5.005415;3.693735;-1.557029;-5.011322;3.694625;-1.549502;0.249973;-0.017643;0.249699;-0.031562;0.012383;2.410405
39.54528;-5.017626;3.671323;-1.592772;-5.011072;3.682796;-1.549890;-5.023812;3.673484;-1.565147;0.249950;-0.023990;0.236622;-0.007748;0.006553;1.582739
39.56146;-5.017901;3.658826;-1.592946;-5.023759;3.662361;-1.566850;-5.023046;3.658244;-1.579911;0.249999;-0.003484;0.222461;-0.034048;0.005178;0.746839
39.57851;-5.018178;3.646330;-1.592239;-5.023141;3.646484;-1.577841;-5.018006;3.638055;-1.585629;0.249983;0.014132;0.235210;0.041392;0.008277;0.378733
39.59553;-5.018446;3.633835;-1.591224;-5.018198;3.625508;-1.586605;-5.011808;3.625557;-1.593300;0.249964;0.020301;0.250977;-0.019516;0.010610;0.118924
39.61167;-5.018701;3.621341;-1.589792;-5.012011;3.614787;-1.585963;-4.995835;3.630410;-1.581393;0.249929;0.028647;0.215429;0.146730;0.024599;0.481186
39.62971;-5.018938;3.608844;-1.589185;-4.995972;3.617986;-1.582263;-4.999265;3.609886;-1.585212;0.249987;0.012137;0.248486;-0.017399;0.019701;0.227637
39.64376;-5.019168;3.596347;-1.588325;-4.999417;3.598324;-1.582712;-5.016116;3.609307;-1.590782;0.249974;0.017196;0.231257;0.050000;0.013314;0.140766
39.66236;-5.019387;3.583852;-1.587014;-5.016342;3.596812;-1.586990;-5.013545;3.592335;-1.575626;0.249940;0.026229;0.249937;0.075839;0.010300;0.652484
39.67942;-5.019590;3.571354;-1.586629;-5.013593;3.580172;-1.573911;-5.024288;3.563940;-1.582187;0.249995;0.007687;0.243266;0.034293;0.008777;0.254514
39.69543;-5.019788;3.558857;-1.585776;-5.024468;3.550395;-1.585893;-5.026022;3.552450;-1.585934;0.249975;0.017072;0.270923;-0.074108;0.008940;0.009058
39.71148;-5.019975;3.546360;-1.584685;-5.026170;3.540051;-1.579548;-4.997326;3.540378;-1.570523;0.249959;0.021816;0.247988;0.127721;0.023425;0.811426
39.72755;-5.020148;3.533861;-1.584720;-4.997338;3.529614;-1.573334;-5.007336;3.537204;-1.570117;0.250000;-0.000704;0.215297;-0.056225;0.013241;0.836722
39.74993;-5.020323;3.521363;-1.584709;-5.007344;3.523610;-1.572560;-5.011990;3.514855;-1.570910;0.250000;0.000215;0.271881;-0.048879;0.010573;0.790627
39.77050;-5.020496;3.508864;-1.584618;-5.011986;3.501757;-1.570113;-5.014723;3.497977;-1.570122;0.250000;0.001826;0.261969;0.015939;0.012323;0.830551
39.78758;-5.020669;3.496365;-1.584554;-5.014747;3.485918;-1.575538;-5.020234;3.495797;-1.581175;0.250000;0.001270;0.241183;-0.108323;0.000715;0.193615
39.80460;-5.020841;3.483867;-1.583789;-5.020325;3.484707;-1.576822;-5.022781;3.487982;-1.597744;0.249980;0.015313;0.221819;0.087058;0.004549;0.799566
39.82165;-5.021003;3.471374;-1.582011;-5.023112;3.475648;-1.597530;-5.025784;3.452162;-1.594082;0.249890;0.035558;0.246769;0.004286;0.019798;0.691596
39.83870;-5.021144;3.458879;-1.580431;-5.026063;3.439302;-1.590900;-5.007885;3.445589;-1.594139;0.249913;0.031603;0.257248;0.063636;0.018773;0.785436
39.85525;-5.021264;3.446383;-1.578974;-5.008203;3.432721;-1.596825;-5.007064;3.437765;-1.580161;0.249926;0.029132;0.257438;-0.053715;0.016610;0.067999
39.87268;-5.021366;3.433884;-1.578362;-5.007190;3.422980;-1.578434;-5.007538;3.422353;-1.563975;0.249987;0.012242;0.295698;0.034546;0.018005;0.824344
39.89071;-5.021461;3.421385;-1.578718;-5.007460;3.408788;-1.566136;-5.004747;3.420526;-1.574170;0.249996;-0.007112;0.271311;-0.043231;0.016736;0.260558
39.90700;-5.021560;3.408885;-1.578481;-5.004738;3.407966;-1.565999;-5.028187;3.402224;-1.569170;0.249998;0.004725;0.251202;0.163424;0.009396;0.533511
39.92252;-5.021656;3.396386;-1.578378;-5.028180;3.391170;-1.571255;-5.027805;3.393863;-1.568470;0.250000;0.002074;0.221097;-0.041699;0.006646;0.567663
39.93855;-5.021751;3.383886;-1.578319;-5.027770;3.380528;-1.567992;-5.028817;3.384780;-1.554478;0.250000;0.001184;0.266689;0.009566;0.007122;1.365960
39.95562;-5.021845;3.371387;-1.579091;-5.028659;3.373142;-1.560112;-5.022927;3.360966;-1.577174;0.249979;-0.015458;0.232792;-0.112680;0.010477;0.109865
39.97116;-5.021948;3.358888;-1.578614;-5.023010;3.349498;-1.578923;-5.023682;3.353322;-1.551101;0.249990;0.010944;0.229370;-0.034981;0.005830;1.576405
39.99164;-5.022046;3.346390;-1.579387;-5.023472;3.342308;-1.552436;-5.020233;3.341561;-1.559564;0.249964;-0.020232;0.220319;-0.026697;0.005159;1.135801
40.01069;-5.022153;3.333891;-1.579916;-5.020098;3.329350;-1.559993;-5.025514;3.335154;-1.547376;0.249990;-0.010568;0.244227;-0.008586;0.003590;1.864409
40.02832;-5.022267;3.321395;-1.581137;-5.025215;3.321113;-1.551604;-5.029367;3.318317;-1.565084;0.249948;-0.024432;0.280885;-0.084562;0.007737;0.919800
40.04686;-5.022397;3.308895;-1.581268;-5.029280;3.307491;-1.560514;-5.038222;3.286989;-1.553995;0.249999;-0.002619;0.216543;0.091387;0.027024;1.562620
40.06490;-5.022528;3.296397;-1.582000;-5.038009;3.273761;-1.555451;-5.031143;3.280567;-1.553957;0.249981;-0.014627;0.264602;-0.029110;0.018023;1.606737
40.08044;-5.022668;3.283899;-1.582784;-5.030933;3.268321;-1.553414;-5.034079;3.261008;-1.554078;0.249979;-0.015695;0.244958;0.010857;0.025578;1.644750
40.09695;-5.022817;3.271401;-1.583540;-5.033848;3.246906;-1.554784;-5.017629;3.256825;-1.545242;0.249980;-0.015112;0.282064;-0.014121;0.015472;2.194288
40.11351;-5.022977;3.258905;-1.584945;-5.017305;3.244330;-1.544491;-5.013766;3.242508;-1.545173;0.249931;-0.028103;0.249968;0.015032;0.018807;2.278753
40.12857;-5.023153;3.246410;-1.586382;-5.013465;3.230290;-1.547140;-5.027682;3.229902;-1.553909;0.249928;-0.028744;0.244439;-0.039331;0.017118;1.860596
40.14546;-5.023348;3.233913;-1.587194;-5.027496;3.219051;-1.553445;-5.028155;3.220760;-1.544741;0.249977;-0.016229;0.217054;0.009278;0.014004;2.432328
40.16154;-5.023553;3.221417;-1.588551;-5.027898;3.210069;-1.548768;-5.032947;3.216026;-1.550651;0.249936;-0.027156;0.213878;-0.080522;0.010831;2.171519
40.17839;-5.023775;3.208921;-1.589519;-5.032703;3.203639;-1.551604;-5.019895;3.204100;-1.564694;0.249967;-0.019362;0.247794;-0.019058;0.006188;1.422418
40.19441;-5.024009;3.196423;-1.589740;-5.019801;3.191561;-1.561988;-5.020165;3.202290;-1.560970;0.249998;-0.004413;0.250792;0.054103;0.007013;1.648400
40.21245;-5.024246;3.183926;-1.590182;-5.020068;3.188448;-1.566501;-5.012304;3.196344;-1.569007;0.249993;-0.008841;0.276842;-0.110622;0.017228;1.213246
40.23148;-5.024488;3.171428;-1.590200;-5.012291;3.182968;-1.570532;-5.024942;3.173641;-1.560010;0.250000;-0.000346;0.267527;-0.030505;0.002259;1.729755
40.24946;-5.024731;3.158931;-1.590664;-5.024820;3.161886;-1.560877;-5.007598;3.161842;-1.575721;0.249993;-0.009282;0.235106;-0.017342;0.017378;0.856132
40.26571;-5.024979;3.146434;-1.590312;-5.007644;3.148618;-1.572759;-5.012772;3.159246;-1.566427;0.249996;0.007027;0.264491;0.059253;0.017697;1.368553
40.28377;-5.025223;3.133936;-1.590481;-5.012714;3.144754;-1.567166;-5.028149;3.140262;-1.560123;0.249999;-0.003365;0.289854;-0.014785;0.006970;1.739336
40.30082;-5.025469;3.121439;-1.590913;-5.028008;3.126506;-1.560955;-5.041132;3.116714;-1.568083;0.249993;-0.008658;0.275126;-0.016628;0.016360;1.308094
40.31734;-5.025720;3.108941;-1.590772;-5.041094;3.105982;-1.566383;-5.055098;3.104978;-1.554563;0.249999;0.002825;0.214646;0.034004;0.029644;2.074613
40.33436;-5.025970;3.096444;-1.591338;-5.054934;3.093700;-1.557842;-5.056592;3.083847;-1.556658;0.249989;-0.011322;0.225587;-0.065566;0.033112;1.987008
40.35052;-5.026227;3.083947;-1.591767;-5.056424;3.072221;-1.556070;-5.042052;3.079258;-1.574185;0.249994;-0.008565;0.232535;0.011764;0.016505;1.007364
40.36682;-5.026489;3.071451;-1.591251;-5.042092;3.065347;-1.573218;-5.025296;3.066175;-1.582701;0.249991;0.010312;0.278234;0.019336;0.005409;0.489867
40.38304;-5.026745;3.058955;-1.590348;-5.025418;3.054461;-1.579701;-5.030173;3.057212;-1.573275;0.249972;0.018049;0.234300;0.059995;0.003846;0.978225
40.39856;-5.026989;3.046457;-1.589975;-5.030212;3.043961;-1.574194;-5.031725;3.050877;-1.575469;0.249995;0.007468;0.265019;-0.018371;0.006478;0.831128
40.41666;-5.027229;3.033960;-1.589458;-5.031813;3.036502;-1.578321;-5.032915;3.034030;-1.571563;0.249991;0.010336;0.287513;-0.057032;0.005687;1.025296
40.43233;-5.027462;3.021462;-1.589166;-5.032910;3.020757;-1.569298;-5.029387;3.016970;-1.564140;0.249997;0.005837;0.265445;0.045317;0.004888;1.433932
40.44662;-5.027691;3.008964;-1.589346;-5.029295;3.005219;-1.561756;-5.022487;3.011855;-1.570676;0.249999;-0.003589;0.235022;0.047670;0.005954;1.069693
40.46464;-5.027923;2.996467;-1.589185;-5.022504;3.000044;-1.573875;-5.031852;3.003008;-1.588485;0.249999;0.003224;0.236224;-0.063970;0.007631;0.040108
40.48420;-5.028153;2.983972;-1.587885;-5.032047;2.991295;-1.586430;-5.044461;2.995476;-1.589631;0.249941;0.026002;0.234298;0.041103;0.019957;0.100072
40.50180;-5.028367;2.971477;-1.586421;-5.044674;2.983771;-1.588374;-5.038424;2.976313;-1.581347;0.249926;0.029275;0.234135;0.025135;0.011159;0.290713
40.51934;-5.028562;2.958980;-1.585499;-5.038568;2.962895;-1.581727;-5.020630;2.962617;-1.574724;0.249970;0.018441;0.268360;-0.007598;0.008726;0.617367
40.53685;-5.028746;2.946482;-1.585108;-5.020687;2.950636;-1.576346;-5.028483;2.958244;-1.563776;0.249995;0.007822;0.239617;-0.032438;0.011765;1.222238
40.55588;-5.028925;2.933983;-1.585314;-5.028391;2.945646;-1.563231;-5.034807;2.952681;-1.571191;0.249999;-0.004130;0.251964;0.010897;0.019601;0.809200
40.57140;-5.029106;2.921485;-1.585028;-5.034821;2.939613;-1.572567;-5.032664;2.931591;-1.562163;0.249997;0.005726;0.261362;-0.027530;0.010715;1.310046
40.58946;-5.029284;2.908986;-1.585299;-5.032554;2.919327;-1.561485;-5.020313;2.910442;-1.563863;0.249997;-0.005418;0.245289;0.013565;0.009088;1.228188
40.60597;-5.029465;2.896488;-1.585561;-5.020218;2.898414;-1.562040;-5.032253;2.898741;-1.554582;0.249998;-0.005239;0.240566;0.036461;0.003585;1.774930
40.62349;-5.029650;2.883990;-1.586289;-5.032034;2.885829;-1.553007;-5.029816;2.882875;-1.541116;0.249982;-0.014557;0.258267;0.031498;0.001127;2.588204
40.63953;-5.029843;2.871496;-1.587842;-5.029427;2.869522;-1.542174;-5.032611;2.880606;-1.540223;0.249916;-0.031078;0.267187;-0.021164;0.009521;2.728406
40.65541;-5.030056;2.859002;-1.589429;-5.032215;2.867624;-1.540305;-5.018364;2.858162;-1.534684;0.249913;-0.031722;0.259744;-0.001645;0.011722;3.136619
40.67200;-5.030289;2.846511;-1.591455;-5.017840;2.843608;-1.534928;-5.026738;2.839387;-1.536702;0.249857;-0.040530;0.291282;-0.004883;0.007960;3.137130
40.68757;-5.030547;2.834020;-1.593296;-5.026345;2.827431;-1.539068;-5.034754;2.830828;-1.529773;0.249882;-0.036820;0.239256;-0.047332;0.005280;3.639591
40.70459;-5.030828;2.821531;-1.595491;-5.034267;2.818608;-1.532025;-5.025445;2.830399;-1.548834;0.249833;-0.043902;0.244604;-0.045043;0.010374;2.673281
40.72312;-5.031137;2.809037;-1.596614;-5.025193;2.818230;-1.551408;-5.049538;2.811216;-1.566349;0.249956;-0.022456;0.243425;-0.051493;0.018530;1.734029
40.74566;-5.031460;2.796541;-1.596500;-5.049480;2.798496;-1.566155;-5.029428;2.783436;-1.554497;0.250000;0.002274;0.254408;0.003886;0.013262;2.406589
40.76270;-5.031781;2.784046;-1.597251;-5.029253;2.770790;-1.559332;-5.038399;2.769052;-1.560225;0.249980;-0.015022;0.252944;-0.096690;0.016390;2.121433
40.78173;-5.032111;2.771551;-1.597589;-5.038214;2.754735;-1.555540;-5.036177;2.759790;-1.557524;0.249996;-0.006754;0.286347;0.093703;0.012444;2.295556
40.79783;-5.032446;2.759056;-1.598106;-5.036016;2.745734;-1.561115;-5.030363;2.749415;-1.566492;0.249991;-0.010332;0.281135;-0.071826;0.009864;1.811330
40.81437;-5.032788;2.746561;-1.598129;-5.030331;2.735612;-1.570391;-5.036895;2.733972;-1.565246;0.250000;-0.000463;0.276053;-0.077978;0.013242;1.884034
40.83264;-5.033129;2.734065;-1.598176;-5.036825;2.722503;-1.564114;-5.036982;2.716916;-1.561017;0.250000;-0.000935;0.229392;0.022655;0.017577;2.129014
40.85053;-5.033471;2.721570;-1.598475;-5.036850;2.704885;-1.558705;-5.031829;2.727580;-1.565621;0.249997;-0.005984;0.240640;0.046253;0.006230;1.882365
40.86375;-5.033817;2.709075;-1.598538;-5.031755;2.713863;-1.565139;-5.033048;2.720940;-1.562513;0.250000;-0.001267;0.274326;0.009646;0.011890;2.064094
40.88279;-5.034164;2.696580;-1.598778;-5.032944;2.708688;-1.562217;-5.035879;2.692956;-1.556090;0.249998;-0.004804;0.245056;0.005921;0.004009;2.445891
40.89681;-5.034514;2.684085;-1.599381;-5.035714;2.681276;-1.557208;-5.029648;2.692317;-1.556288;0.249987;-0.012052;0.233634;-0.022374;0.009563;2.469071
40.91404;-5.034871;2.671591;-1.600020;-5.029492;2.679790;-1.560375;-5.025466;2.675594;-1.547960;0.249986;-0.012785;0.250560;-0.081751;0.010222;2.982837
40.93256;-5.035236;2.659099;-1.601191;-5.025140;2.662318;-1.544614;-5.037992;2.664178;-1.547381;0.249952;-0.023422;0.265600;0.066926;0.005778;3.083080
40.94694;-5.035616;2.646607;-1.602299;-5.037674;2.650269;-1.548617;-5.036555;2.650203;-1.548284;0.249957;-0.022149;0.278252;-0.024705;0.003717;3.094845
40.96653;-5.036010;2.634115;-1.603363;-5.036308;2.638539;-1.551029;-5.027143;2.635454;-1.545142;0.249961;-0.021281;0.233329;-0.054902;0.008967;3.335791
40.98565;-5.036417;2.621625;-1.604689;-5.026779;2.621931;-1.542555;-5.032077;2.625437;-1.533852;0.249939;-0.026519;0.270551;0.051739;0.005777;4.058653
41.00269;-5.036840;2.609138;-1.606653;-5.031621;2.612861;-1.535237;-5.019141;2.614698;-1.535151;0.249866;-0.039285;0.251686;-0.027696;0.018551;4.096753
41.01877;-5.037288;2.596653;-1.608641;-5.018760;2.603484;-1.538424;-5.027460;2.611196;-1.556476;0.249863;-0.039758;0.224399;-0.065462;0.017552;2.988827
41.03829;-5.037761;2.584163;-1.609379;-5.027285;2.600125;-1.553362;-5.025321;2.590610;-1.540119;0.249986;-0.012855;0.221458;0.062280;0.014011;3.968324
41.05531;-5.038243;2.571677;-1.611019;-5.024922;2.577084;-1.542482;-5.031998;2.572070;-1.565906;0.249907;-0.032810;0.270627;-0.047276;0.006257;2.584807
41.07434;-5.038745;2.559187;-1.611410;-5.031922;2.559720;-1.563326;-5.038188;2.570949;-1.568243;0.250000;-0.000797;0.247001;0.051607;0.011775;2.473296
41.09137;-5.039253;2.546697;-1.611260;-5.038183;2.558370;-1.572481;-5.035302;2.548310;-1.572607;0.249999;0.002989;0.251574;-0.084756;0.004268;2.214664
41.10904;-5.039759;2.534208;-1.610871;-5.035326;2.534714;-1.572551;-5.038994;2.535748;-1.570169;0.249995;0.007785;0.271935;0.001135;0.001719;2.332056
41.12555;-5.040259;2.521718;-1.610598;-5.038976;2.524343;-1.568194;-5.026011;2.512045;-1.549900;0.249997;0.005457;0.228095;0.039502;0.017222;3.477761
41.14260;-5.040757;2.509230;-1.611576;-5.025740;2.499772;-1.547575;-5.023032;2.500019;-1.542636;0.249962;-0.020921;0.245525;0.046494;0.019975;3.949932
41.15947;-5.041266;2.496744;-1.613081;-5.022642;2.486732;-1.540216;-5.030026;2.494980;-1.536931;0.249921;-0.030107;0.265861;0.048407;0.011378;4.363069
41.17474;-5.041794;2.484261;-1.614872;-5.029638;2.483252;-1.538501;-5.029431;2.479148;-1.548504;0.249889;-0.035831;0.234678;-0.031406;0.013378;3.802610
41.19028;-5.042345;2.471775;-1.615974;-5.029109;2.465023;-1.547370;-5.036518;2.469688;-1.561522;0.249958;-0.022028;0.282568;0.022683;0.006189;3.119858
41.21237;-5.042909;2.459288;-1.616237;-5.036386;2.456118;-1.560546;-5.018326;2.445908;-1.556524;0.249998;-0.005263;0.271411;0.019518;0.027989;3.421284
41.22851;-5.043477;2.446802;-1.616946;-5.018159;2.434666;-1.555453;-5.020644;2.441069;-1.567940;0.249983;-0.014173;0.224881;0.021428;0.023542;2.807794
41.24624;-5.044054;2.434315;-1.616951;-5.020638;2.430668;-1.572438;-5.025595;2.431741;-1.576699;0.250000;-0.000098;0.208021;-0.089960;0.018637;2.306241
41.26234;-5.044631;2.421829;-1.616390;-5.025661;2.418077;-1.574488;-5.035339;2.426727;-1.576170;0.249989;0.011216;0.273279;0.044211;0.010504;2.304398
41.28142;-5.045200;2.409343;-1.615782;-5.035427;2.414060;-1.579283;-5.031374;2.407739;-1.590939;0.249987;0.012159;0.253347;-0.062260;0.013919;1.423415
41.29833;-5.045762;2.396859;-1.614319;-5.031594;2.396488;-1.589684;-5.042582;2.400809;-1.594624;0.249926;0.029253;0.225054;0.025080;0.005071;1.128463
41.31387;-5.046306;2.384376;-1.612544;-5.042848;2.387846;-1.588000;-5.050908;2.397463;-1.581347;0.249891;0.035497;0.259317;0.132467;0.013872;1.787472
41.33441;-5.046827;2.371889;-1.611498;-5.051015;2.385178;-1.577658;-5.033750;2.373111;-1.574328;0.249962;0.020919;0.245702;0.073774;0.013135;2.129688
41.35206;-5.047336;2.359400;-1.611012;-5.033786;2.358487;-1.572283;-5.047369;2.360736;-1.582041;0.249992;0.009731;0.292479;0.040914;0.001337;1.659880
41.36707;-5.047839;2.346912;-1.609951;-5.047503;2.348050;-1.580681;-5.035166;2.350125;-1.590933;0.249961;0.021216;0.253744;0.027205;0.013074;1.089666
41.38560;-5.048328;2.334425;-1.608456;-5.035435;2.337029;-1.591801;-5.048829;2.329715;-1.577857;0.249922;0.029905;0.261966;-0.017357;0.004737;1.753159
41.40162;-5.048798;2.321935;-1.607632;-5.048902;2.318230;-1.576405;-5.051549;2.327578;-1.581059;0.249976;0.016467;0.229710;0.029043;0.006278;1.522513
41.41852;-5.049259;2.309446;-1.606594;-5.051660;2.315324;-1.578628;-5.037315;2.300404;-1.581874;0.249963;0.020758;0.245101;0.048622;0.014980;1.416404
41.43453;-5.049706;2.296955;-1.605623;-5.037468;2.286630;-1.582006;-5.057957;2.283244;-1.584938;0.249967;0.019426;0.275507;-0.002649;0.016003;1.185186
41.45558;-5.050141;2.284466;-1.604297;-5.058154;2.270221;-1.586855;-5.050145;2.292542;-1.577751;0.249939;0.026519;0.260481;-0.038343;0.008076;1.520995
41.47615;-5.050560;2.271974;-1.603467;-5.050230;2.279859;-1.577299;-5.056522;2.277635;-1.576357;0.249976;0.016597;0.253653;0.009032;0.008221;1.553315
41.49305;-5.050968;2.259482;-1.602668;-5.056600;2.264860;-1.577547;-5.050336;2.257675;-1.571266;0.249978;0.015992;0.255511;-0.023794;0.001914;1.799170
41.51313;-5.051366;2.246989;-1.602223;-5.050359;2.244176;-1.573692;-5.042771;2.247417;-1.591615;0.249993;0.008887;0.269993;-0.048506;0.008606;0.607843
41.52939;-5.051759;2.234499;-1.600620;-5.043023;2.235415;-1.591946;-5.058286;2.230697;-1.608541;0.249911;0.032064;0.240100;-0.006632;0.007554;0.453799
41.54893;-5.052131;2.222018;-1.597872;-5.058729;2.218347;-1.604670;-5.056846;2.221512;-1.595971;0.249738;0.054966;0.247157;0.077414;0.004742;0.108938
41.56545;-5.052469;2.209529;-1.595889;-5.057151;2.208791;-1.593564;-5.060456;2.211473;-1.581336;0.249864;0.039655;0.254502;0.048142;0.008219;0.833834
41.58341;-5.052783;2.197036;-1.594754;-5.060555;2.199594;-1.576991;-5.052230;2.180224;-1.578908;0.249955;0.022707;0.237600;0.086897;0.016821;0.907921
41.60251;-5.053082;2.184541;-1.593831;-5.052347;2.166440;-1.579604;-5.059324;2.180232;-1.596032;0.249970;0.018462;0.275673;-0.013919;0.007584;0.126131
41.61955;-5.053370;2.172051;-1.591821;-5.059665;2.168225;-1.602299;-5.048226;2.158833;-1.617725;0.249860;0.040197;0.240231;-0.125337;0.014184;1.484205
41.63707;-5.053633;2.159572;-1.588601;-5.048864;2.145046;-1.616357;-5.049749;2.155634;-1.622089;0.249640;0.064398;0.276024;0.027356;0.005531;1.918747
41.65212;-5.053855;2.147095;-1.585106;-5.050407;2.142167;-1.617102;-5.045305;2.146083;-1.619987;0.249576;0.069894;0.269673;0.099752;0.008609;1.998494
41.67021;-5.054033;2.134615;-1.581774;-5.045869;2.134660;-1.620308;-5.043356;2.129370;-1.598586;0.249615;0.066636;0.228745;-0.006431;0.011897;0.963210
41.68674;-5.054171;2.122123;-1.579693;-5.043703;2.117146;-1.599821;-5.050702;2.118371;-1.589486;0.249857;0.040645;0.244572;-0.024706;0.005110;0.561097
41.70281;-5.054282;2.109628;-1.578144;-5.050941;2.105105;-1.588093;-5.059157;2.111428;-1.591401;0.249917;0.030974;0.265369;0.027854;0.005197;0.759597
41.71852;-5.054373;2.097134;-1.576408;-5.059423;2.098287;-1.590685;-5.049547;2.103700;-1.571234;0.249895;0.034708;0.262879;0.014335;0.008149;0.296455
41.73455;-5.054444;2.084634;-1.575923;-5.049554;2.090021;-1.571341;-5.048979;2.107157;-1.577579;0.249993;0.008895;0.273589;-0.002131;0.023176;0.094879
41.75659;-5.054508;2.072135;-1.575103;-5.049024;2.095208;-1.571429;-5.051103;2.072328;-1.580690;0.249977;0.016409;0.238987;0.122995;0.003410;0.320152
41.77560;-5.054562;2.059637;-1.574075;-5.051237;2.059863;-1.582382;-5.051957;2.062375;-1.576557;0.249963;0.020544;0.249313;-0.033830;0.003779;0.142169
41.79163;-5.054603;2.047139;-1.573288;-5.052041;2.050401;-1.579077;-5.050805;2.055566;-1.576993;0.249978;0.015741;0.239492;-0.050395;0.009244;0.212270
41.80834;-5.054634;2.034640;-1.572485;-5.050864;2.042826;-1.573876;-5.054130;2.044702;-1.576325;0.249978;0.016077;0.254811;0.062343;0.010075;0.220047
41.82450;-5.054655;2.022141;-1.571692;-5.054193;2.031317;-1.574588;-5.051287;2.032771;-1.546338;0.249978;0.015855;0.267714;0.034739;0.011151;1.452671
41.84156;-5.054666;2.009643;-1.572149;-5.051034;2.021713;-1.549466;-5.050634;2.020754;-1.556452;0.249963;-0.020599;0.221231;-0.062555;0.011820;0.899350
41.85759;-5.054683;1.997143;-1.572577;-5.050458;2.007869;-1.557805;-5.057743;1.999693;-1.555285;0.249994;-0.008558;0.257722;-0.027060;0.003983;0.990780
41.87461;-5.054705;1.984643;-1.573013;-5.057574;1.989318;-1.553792;-5.067628;1.986076;-1.549948;0.249993;-0.008715;0.207519;0.029857;0.013002;1.321536
41.89164;-5.054733;1.972144;-1.573683;-5.067377;1.973855;-1.550568;-5.072655;1.979031;-1.552489;0.249984;-0.013402;0.244471;-0.012416;0.019200;1.214331
41.90669;-5.054769;1.959645;-1.574157;-5.072444;1.966344;-1.555794;-5.066284;1.952484;-1.569241;0.249992;-0.009477;0.253787;-0.066102;0.013560;0.281652
41.92270;-5.054811;1.947145;-1.573678;-5.066262;1.940720;-1.568545;-5.069020;1.945449;-1.568960;0.249992;0.009574;0.235288;0.013910;0.014310;0.270296
41.94053;-5.054847;1.934646;-1.573192;-5.068984;1.933817;-1.566465;-5.071754;1.934956;-1.578694;0.249992;0.009722;0.232626;0.049906;0.016910;0.315226
41.95605;-5.054877;1.922148;-1.572097;-5.071825;1.923680;-1.575460;-5.067584;1.917989;-1.569099;0.249958;0.021892;0.225534;0.064674;0.013370;0.171770
41.97256;-5.054893;1.909648;-1.571613;-5.067570;1.906259;-1.570251;-5.053305;1.899169;-1.553041;0.249992;0.009686;0.234605;-0.023024;0.010599;1.064077
41.99709;-5.054903;1.897149;-1.572215;-5.053088;1.886682;-1.553829;-5.059661;1.881682;-1.563111;0.249987;-0.012035;0.249786;-0.015755;0.016181;0.521610
42.01619;-5.054921;1.884649;-1.572156;-5.059559;1.869094;-1.562282;-5.053753;1.869732;-1.563737;0.250000;0.001181;0.251769;0.016573;0.014962;0.482369
42.03372;-5.054938;1.872149;-1.572110;-5.053679;1.856917;-1.566366;-5.051833;1.873123;-1.554515;0.250000;0.000918;0.256309;-0.052575;0.003254;1.008105
42.04976;-5.054954;1.859649;-1.572634;-5.051590;1.859592;-1.551223;-5.054284;1.859807;-1.540850;0.249990;-0.010488;0.270660;0.065847;0.000689;1.821085
42.06829;-5.054977;1.847152;-1.573956;-5.053939;1.848371;-1.540537;-5.060581;1.863662;-1.536705;0.249939;-0.026439;0.228834;0.006264;0.017435;2.134355
42.09680;-5.055017;1.834656;-1.575472;-5.060154;1.850640;-1.539261;-5.067172;1.842251;-1.555134;0.249920;-0.030319;0.260583;-0.051129;0.014333;1.165299
42.11333;-5.055075;1.822157;-1.575823;-5.066978;1.830892;-1.552294;-5.056198;1.823685;-1.556918;0.249996;-0.007015;0.227199;0.056805;0.001896;1.083190
42.12955;-5.055138;1.809657;-1.576161;-5.056022;1.810717;-1.557570;-5.065786;1.816978;-1.554526;0.249996;-0.006772;0.259383;-0.013055;0.012922;1.239603
42.14608;-5.055205;1.797157;-1.576559;-5.065579;1.804577;-1.553671;-5.064165;1.808595;-1.572781;0.249995;-0.007944;0.248050;0.017109;0.014529;0.216419
42.16172;-5.055277;1.784659;-1.575874;-5.064173;1.795652;-1.570062;-5.057165;1.807135;-1.567326;0.249984;0.013691;0.258869;0.054384;0.022555;0.489794
42.17775;-5.055341;1.772159;-1.575578;-5.057123;1.794590;-1.567612;-5.057293;1.779893;-1.571686;0.249997;0.005912;0.250886;-0.005732;0.007976;0.223042
42.19377;-5.055401;1.759660;-1.575018;-5.057319;1.768048;-1.574215;-5.051941;1.757684;-1.578331;0.249989;0.011208;0.236901;-0.050590;0.003984;0.189809
42.21080;-5.055453;1.747161;-1.574105;-5.052024;1.745794;-1.577360;-5.057436;1.733399;-1.580024;0.249971;0.018265;0.237796;0.019416;0.013904;0.339118
42.22632;-5.055495;1.734663;-1.573039;-5.057569;1.720364;-1.582039;-5.054637;1.727327;-1.576894;0.249961;0.021308;0.260721;-0.040315;0.007386;0.220873
42.24637;-5.055523;1.722164;-1.572186;-5.054717;1.714341;-1.577138;-5.057684;1.721112;-1.564821;0.249975;0.017063;0.259730;-0.004878;0.002404;0.422009
42.26440;-5.055540;1.709664;-1.572030;-5.057609;1.708080;-1.565332;-5.060908;1.718150;-1.569508;0.249999;0.003128;0.260640;-0.010219;0.010041;0.144484
42.28161;-5.055555;1.697165;-1.571563;-5.060884;1.705374;-1.568420;-5.054229;1.699873;-1.548255;0.249992;0.009333;0.255524;0.021757;0.003016;1.335486
42.29918;-5.055565;1.684666;-1.572347;-5.053961;1.687542;-1.549906;-5.051103;1.677918;-1.525953;0.249974;-0.017337;0.246682;-0.033035;0.008090;2.658162
42.31720;-5.055584;1.672175;-1.574380;-5.050536;1.665098;-1.527235;-5.058466;1.655885;-1.521687;0.249827;-0.044629;0.256654;-0.025640;0.016542;3.019061
42.33459;-5.055629;1.659685;-1.576799;-5.057858;1.643018;-1.525495;-5.053684;1.639672;-1.539733;0.249797;-0.048390;0.257632;-0.076160;0.020108;2.123746
42.35233;-5.055704;1.647189;-1.578178;-5.053329;1.627972;-1.541173;-5.067379;1.626882;-1.546686;0.249934;-0.027574;0.234096;-0.028796;0.023424;1.804364
42.37036;-5.055796;1.634690;-1.579015;-5.067105;1.615314;-1.547549;-5.063371;1.628076;-1.559777;0.249976;-0.016732;0.231421;-0.017266;0.010055;1.102246
42.38647;-5.055899;1.622191;-1.579102;-5.063257;1.615139;-1.564208;-5.058728;1.606228;-1.551885;0.250000;-0.001751;0.258762;-0.088623;0.016211;1.559451
42.40304;-5.056003;1.609692;-1.579704;-5.058486;1.593018;-1.553033;-5.052779;1.612055;-1.556365;0.249987;-0.012026;0.264234;-0.022972;0.003998;1.337174
42.41978;-5.056114;1.597192;-1.580090;-5.052607;1.597966;-1.560914;-5.064787;1.604561;-1.556672;0.249995;-0.007739;0.281802;-0.090970;0.011381;1.341773
42.43688;-5.056231;1.584693;-1.580349;-5.064598;1.591955;-1.555005;-5.063468;1.591278;-1.544380;0.249998;-0.005178;0.252167;0.033341;0.009785;2.060915
42.45393;-5.056350;1.572195;-1.581357;-5.063134;1.578937;-1.543144;-5.056245;1.580714;-1.541539;0.249965;-0.020145;0.246905;0.024703;0.008519;2.281397
42.47147;-5.056482;1.559699;-1.582599;-5.055884;1.567917;-1.543764;-5.056951;1.562284;-1.541109;0.249946;-0.024853;0.256031;-0.044514;0.002628;2.377209
42.49151;-5.056629;1.547202;-1.583860;-5.056600;1.549361;-1.546189;-5.046594;1.555092;-1.543832;0.249945;-0.025211;0.258562;-0.101599;0.012765;2.293434
42.50957;-5.056793;1.534706;-1.585051;-5.046307;1.543990;-1.546143;-5.046631;1.535290;-1.537149;0.249951;-0.023828;0.222115;-0.046220;0.010179;2.744621
42.52608;-5.056971;1.522212;-1.586642;-5.046217;1.523081;-1.536634;-5.060332;1.517597;-1.539661;0.249912;-0.031815;0.244328;0.010296;0.005709;2.691816
42.54361;-5.057169;1.509716;-1.587955;-5.059948;1.504718;-1.542247;-5.056885;1.509306;-1.556599;0.249940;-0.026255;0.257696;-0.051725;0.000498;1.796550
42.56051;-5.057383;1.497218;-1.588282;-5.056735;1.497748;-1.558983;-5.048569;1.497858;-1.552975;0.249996;-0.006550;0.231178;-0.047684;0.008837;2.022935
42.57702;-5.057602;1.484721;-1.588903;-5.048386;1.486367;-1.556644;-5.056652;1.472405;-1.562647;0.249987;-0.012416;0.229853;-0.073376;0.012353;1.504361
42.59454;-5.057828;1.472223;-1.588867;-5.056531;1.459380;-1.560409;-5.060373;1.458362;-1.552497;0.250000;0.000724;0.260501;0.044761;0.014092;2.083851
42.61158;-5.058054;1.459725;-1.589404;-5.060201;1.447820;-1.556442;-5.060599;1.445467;-1.559987;0.249990;-0.010742;0.210874;-0.078905;0.014484;1.685475
42.62677;-5.058287;1.447228;-1.589488;-5.060456;1.433036;-1.558567;-5.052870;1.429008;-1.571135;0.250000;-0.001690;0.248627;0.028397;0.019008;1.051573
42.64327;-5.058520;1.434730;-1.588975;-5.052877;1.417695;-1.571619;-5.041033;1.427523;-1.554690;0.249991;0.010275;0.226245;-0.009689;0.018915;1.964367
42.66011;-5.058747;1.422233;-1.589558;-5.040828;1.415384;-1.553191;-5.054165;1.419164;-1.558624;0.249988;-0.011667;0.242812;0.029986;0.005515;1.772410
42.67612;-5.058982;1.409735;-1.589782;-5.054055;1.408878;-1.561571;-5.062001;1.410608;-1.573009;0.249998;-0.004482;0.205735;-0.058956;0.003143;0.961057
42.69162;-5.059219;1.397238;-1.589069;-5.062005;1.397343;-1.569103;-5.064022;1.393475;-1.567139;0.249982;0.014260;0.265291;0.078109;0.006102;1.256510
42.70716;-5.059448;1.384741;-1.588688;-5.063972;1.379322;-1.567402;-5.061297;1.379650;-1.568427;0.249995;0.007627;0.283058;-0.005255;0.005416;1.160847
42.72318;-5.059671;1.372243;-1.588253;-5.061262;1.368182;-1.566942;-5.050921;1.368349;-1.567035;0.249993;0.008687;0.229360;0.029701;0.009578;1.215708
42.74571;-5.059889;1.359745;-1.587999;-5.050851;1.355048;-1.564010;-5.047455;1.364715;-1.550641;0.249998;0.005082;0.266027;0.060504;0.013390;2.140485
42.76600;-5.060104;1.347248;-1.588761;-5.047213;1.352358;-1.551724;-5.047876;1.364755;-1.563255;0.249980;-0.015240;0.247170;-0.021666;0.021356;1.461412
42.78253;-5.060329;1.334750;-1.588762;-5.047775;1.351379;-1.563321;-5.065760;1.341836;-1.563707;0.250000;-0.000024;0.267533;-0.001331;0.008928;1.435581
42.79877;-5.060554;1.322252;-1.588566;-5.065678;1.329961;-1.564196;-5.066391;1.320779;-1.561329;0.249999;0.003935;0.237497;-0.009775;0.006020;1.560579
42.81583;-5.060776;1.309754;-1.588504;-5.066270;1.309400;-1.558962;-5.063427;1.293357;-1.547934;0.250000;0.001242;0.227594;0.047335;0.016609;2.324455
42.83437;-5.060997;1.297257;-1.589271;-5.063094;1.278100;-1.550075;-5.062233;1.290189;-1.548673;0.249980;-0.015341;0.305226;-0.042816;0.007175;2.326094
42.85230;-5.061228;1.284760;-1.590004;-5.061944;1.276824;-1.549718;-5.064283;1.274843;-1.555276;0.249981;-0.014676;0.267364;-0.020914;0.010376;1.989786
42.86949;-5.061468;1.272262;-1.590321;-5.064097;1.262047;-1.557345;-5.052569;1.264691;-1.564400;0.249997;-0.006331;0.255965;-0.041371;0.011684;1.485180
42.88551;-5.061712;1.259765;-1.590201;-5.052473;1.252823;-1.561046;-5.052279;1.264466;-1.577523;0.250000;0.002393;0.237366;0.067074;0.010539;0.726441
42.90121;-5.061955;1.247269;-1.589297;-5.052331;1.252855;-1.572994;-5.051833;1.241014;-1.568921;0.249972;0.018086;0.232226;0.090573;0.011898;1.167439
42.91723;-5.062186;1.234771;-1.588911;-5.051798;1.226960;-1.567717;-5.053186;1.238750;-1.555647;0.249995;0.007716;0.281066;0.024084;0.009840;1.905916
42.93526;-5.062412;1.222273;-1.589309;-5.052976;1.225383;-1.554545;-5.059306;1.223026;-1.555821;0.249995;-0.007950;0.267375;0.022036;0.003196;1.918714
42.95081;-5.062644;1.209776;-1.589635;-5.059143;1.209633;-1.561476;-5.057425;1.203861;-1.556411;0.249996;-0.006535;0.267877;-0.113093;0.007888;1.903652
42.96683;-5.062879;1.197278;-1.589943;-5.057234;1.191531;-1.554319;-5.051405;1.200203;-1.540214;0.249997;-0.006156;0.246631;0.041838;0.011841;2.849265
42.98636;-5.063118;1.184783;-1.591281;-5.050984;1.186701;-1.539097;-5.075691;1.200459;-1.554394;0.249938;-0.026750;0.270169;0.022338;0.020095;2.113448
43.00690;-5.063374;1.172286;-1.591532;-5.075471;1.187237;-1.553871;-5.081751;1.181675;-1.546540;0.249998;-0.005034;0.264464;0.010468;0.020637;2.577869
43.02453;-5.063633;1.159790;-1.592194;-5.081463;1.168973;-1.549689;-5.075592;1.163083;-1.540913;0.249985;-0.013239;0.254117;-0.062974;0.012403;2.938213
43.04090;-5.063901;1.147294;-1.593252;-5.075269;1.152088;-1.541954;-5.069227;1.148040;-1.552675;0.249961;-0.021143;0.219983;-0.020831;0.005378;2.324847
43.05749;-5.064182;1.134798;-1.593663;-5.068998;1.135500;-1.552388;-5.079208;1.129263;-1.561483;0.249994;-0.008234;0.250842;0.005751;0.016013;1.843774
43.07474;-5.064467;1.122301;-1.593447;-5.079115;1.114875;-1.567231;-5.072924;1.118926;-1.571674;0.249998;0.004331;0.287768;-0.114962;0.009106;1.247508
43.09131;-5.064750;1.109805;-1.592679;-5.072933;1.107677;-1.571513;-5.072968;1.106223;-1.569885;0.249980;0.015353;0.224976;0.003204;0.008965;1.306001
43.10697;-5.065024;1.097309;-1.592017;-5.072935;1.093631;-1.566530;-5.069766;1.097741;-1.573951;0.249985;0.013245;0.251846;0.067095;0.004761;1.035066
43.12450;-5.065289;1.084813;-1.591141;-5.069817;1.084981;-1.575717;-5.081197;1.084519;-1.594235;0.249973;0.017515;0.255193;-0.035318;0.015911;0.177256
43.14356;-5.065543;1.072324;-1.589015;-5.081455;1.073324;-1.593505;-5.069500;1.076315;-1.593197;0.249831;0.044139;0.223951;0.014601;0.005620;0.239618
43.15701;-5.065771;1.059834;-1.586985;-5.069714;1.065657;-1.588681;-5.064483;1.050393;-1.585719;0.249857;0.040606;0.213208;0.090336;0.009528;0.072548
43.17418;-5.065973;1.047339;-1.585450;-5.064661;1.037817;-1.584268;-5.058117;1.049797;-1.589999;0.249918;0.030696;0.251547;0.029010;0.008232;0.260620
43.18971;-5.066156;1.034846;-1.583722;-5.058316;1.038532;-1.586877;-5.077758;1.040880;-1.586330;0.249896;0.034570;0.225324;0.062446;0.013078;0.149427
43.20631;-5.066318;1.022352;-1.582017;-5.077988;1.026724;-1.587739;-5.074231;1.015213;-1.592659;0.249899;0.034086;0.283165;-0.028181;0.010658;0.609709
43.22284;-5.066458;1.009860;-1.579965;-5.074466;1.003675;-1.589635;-5.067357;1.005149;-1.591895;0.249854;0.041043;0.230796;0.060477;0.004796;0.683516
43.24587;-5.066572;0.997367;-1.578026;-5.067613;0.992637;-1.590712;-5.065946;1.001869;-1.588040;0.249869;0.038777;0.250292;0.023664;0.004545;0.573746
43.26545;-5.066663;0.984872;-1.576332;-5.066150;0.988614;-1.584406;-5.070927;0.983131;-1.590592;0.249900;0.033877;0.265131;0.072691;0.004606;0.817011
43.28348;-5.066732;0.972379;-1.574434;-5.071177;0.970641;-1.591036;-5.080992;0.971898;-1.587854;0.249875;0.037980;0.249865;-0.008869;0.014268;0.768919
43.30203;-5.066777;0.959885;-1.572596;-5.081219;0.957392;-1.585110;-5.072000;0.959729;-1.589793;0.249883;0.036742;0.290162;0.054868;0.005225;0.985274
43.31710;-5.066800;0.947391;-1.570732;-5.072210;0.948316;-1.588599;-5.085617;0.947247;-1.594835;0.249879;0.037292;0.228297;0.023873;0.018817;1.381007
43.33380;-5.066799;0.934900;-1.568426;-5.085913;0.935337;-1.596457;-5.075578;0.934290;-1.584664;0.249815;0.046120;0.238284;-0.032435;0.008800;0.930388
43.35084;-5.066769;0.922404;-1.566830;-5.075755;0.921578;-1.584810;-5.062632;0.915936;-1.571483;0.249912;0.031923;0.254265;-0.002922;0.007679;0.266646
43.36737;-5.066720;0.909905;-1.566153;-5.062615;0.902904;-1.567402;-5.068453;0.904942;-1.581837;0.249984;0.013529;0.260637;0.081634;0.005257;0.898615
43.38397;-5.066662;0.897409;-1.564795;-5.068573;0.893056;-1.580052;-5.071572;0.907508;-1.598838;0.249936;0.027159;0.237724;0.035706;0.011230;1.950486
43.40011;-5.066587;0.884919;-1.562386;-5.071915;0.894469;-1.595347;-5.069107;0.881350;-1.601558;0.249798;0.048187;0.260865;0.069807;0.004369;2.244371
43.41713;-5.066482;0.872431;-1.559835;-5.069583;0.866833;-1.605566;-5.070138;0.884491;-1.625569;0.249774;0.051013;0.290498;-0.080173;0.012603;3.766269
43.43469;-5.066345;0.859959;-1.556035;-5.070801;0.871530;-1.618170;-5.072649;0.860147;-1.614984;0.249444;0.080030;0.259557;0.147975;0.006306;3.377557
43.45097;-5.066161;0.847481;-1.552640;-5.073168;0.847744;-1.610390;-5.068520;0.853401;-1.600213;0.249600;0.067901;0.248286;0.091887;0.006373;2.725766
43.46830;-5.065934;0.834993;-1.550172;-5.068896;0.840341;-1.599037;-5.066222;0.837355;-1.589982;0.249789;0.049347;0.261320;0.023521;0.002379;2.280954
43.48834;-5.065677;0.822502;-1.548340;-5.066459;0.824499;-1.588579;-5.059107;0.803802;-1.581771;0.249883;0.036636;0.257161;0.028063;0.019820;1.915436
43.50441;-5.065396;0.810008;-1.547071;-5.059227;0.794457;-1.585500;-5.067114;0.804184;-1.587963;0.249944;0.025390;0.186919;-0.074571;0.006072;2.342949
43.52027;-5.065100;0.797516;-1.545347;-5.067308;0.792243;-1.586147;-5.058263;0.805225;-1.587911;0.249897;0.034475;0.238856;0.036325;0.010303;2.438711
43.53667;-5.064782;0.785025;-1.543718;-5.058446;0.793144;-1.583868;-5.064543;0.789826;-1.588302;0.249908;0.032580;0.241645;0.080848;0.004807;2.554490
43.55422;-5.064443;0.772535;-1.541999;-5.064809;0.774635;-1.588389;-5.068223;0.770594;-1.594755;0.249897;0.034384;0.303868;-0.001737;0.004249;3.022680
43.57078;-5.064084;0.760048;-1.539852;-5.068490;0.756847;-1.585703;-5.063331;0.758351;-1.576363;0.249840;0.042936;0.275004;0.181025;0.001856;2.091893
43.58826;-5.063697;0.747556;-1.538858;-5.063416;0.743906;-1.576881;-5.060778;0.738414;-1.558034;0.249966;0.019877;0.288905;-0.010368;0.009596;1.098698
43.60535;-5.063298;0.735062;-1.538989;-5.060631;0.726088;-1.559634;-5.074540;0.722985;-1.571111;0.249999;-0.002605;0.246537;-0.031988;0.016500;1.840492
43.62234;-5.062900;0.722569;-1.538188;-5.074566;0.709698;-1.574326;-5.068183;0.717003;-1.572349;0.249978;0.016007;0.265748;-0.064291;0.007674;1.957263
43.64048;-5.062493;0.710077;-1.537379;-5.068186;0.703812;-1.569657;-5.076246;0.705507;-1.574480;0.249977;0.016174;0.263810;0.053837;0.014493;2.125692
43.65552;-5.062075;0.697586;-1.536357;-5.076317;0.694464;-1.580008;-5.062334;0.687676;-1.564102;0.249964;0.020456;0.220872;-0.110570;0.009913;1.589692
43.67208;-5.061645;0.685094;-1.536101;-5.062244;0.676330;-1.561592;-5.066586;0.671073;-1.565675;0.249998;0.005118;0.226940;0.050196;0.014866;1.694471
43.68861;-5.061211;0.672601;-1.535704;-5.066495;0.658407;-1.561551;-5.050956;0.652835;-1.547241;0.249995;0.007943;0.253333;0.082477;0.022268;0.661062
43.70423;-5.060773;0.660110;-1.536556;-5.050699;0.641517;-1.548928;-5.049895;0.642686;-1.555944;0.249974;-0.017449;0.226424;-0.033742;0.020541;1.110833
43.72240;-5.060345;0.647618;-1.536917;-5.049746;0.631715;-1.558427;-5.042624;0.647580;-1.576864;0.249995;-0.007212;0.219439;-0.049658;0.017721;2.288795
43.74357;-5.059921;0.635126;-1.536100;-5.042692;0.634789;-1.575349;-5.053672;0.629197;-1.579458;0.249977;0.016338;0.255827;0.030298;0.008615;2.484195
43.76060;-5.059488;0.622636;-1.535008;-5.053743;0.616849;-1.573616;-5.068517;0.620355;-1.588170;0.249959;0.021835;0.246967;0.116831;0.009313;3.045919
43.77712;-5.059041;0.610149;-1.533235;-5.068705;0.608885;-1.586140;-5.063163;0.612317;-1.588264;0.249891;0.035476;0.229431;0.040596;0.004658;3.152977
43.79464;-5.058572;0.597663;-1.531511;-5.063399;0.599023;-1.588767;-5.068283;0.583297;-1.585853;0.249897;0.034466;0.265921;-0.010043;0.017341;3.113575
43.81119;-5.058081;0.585178;-1.529874;-5.068480;0.571296;-1.588623;-5.051848;0.572137;-1.589510;0.249907;0.032744;0.240045;-0.055390;0.014454;3.416885
43.82871;-5.057570;0.572693;-1.528193;-5.052054;0.560179;-1.586509;-5.058055;0.568210;-1.580861;0.249902;0.033622;0.239185;0.060025;0.004509;3.017624
43.84373;-5.057037;0.560207;-1.526964;-5.058156;0.556962;-1.578717;-5.049998;0.564861;-1.574800;0.249948;0.024588;0.224968;0.042864;0.008439;2.740843
43.86227;-5.056490;0.547720;-1.526184;-5.050056;0.551869;-1.575702;-5.044286;0.553704;-1.569567;0.249979;0.015586;0.259833;-0.018028;0.013592;2.485643
43.87935;-5.055932;0.535233;-1.525780;-5.044264;0.539968;-1.568810;-5.051781;0.541317;-1.566398;0.249994;0.008093;0.274704;0.015138;0.007366;2.327247
43.89594;-5.055370;0.522746;-1.525483;-5.051739;0.529207;-1.568238;-5.054922;0.519775;-1.585886;0.249997;0.005935;0.242210;-0.036798;0.003004;3.460832
43.91149;-5.054804;0.510262;-1.523981;-5.055101;0.507176;-1.584057;-5.044103;0.515063;-1.592710;0.249922;0.030047;0.251994;0.036585;0.011728;3.937918
43.92856;-5.054219;0.497782;-1.522186;-5.044450;0.501348;-1.599419;-5.035121;0.498913;-1.598279;0.249888;0.035893;0.274385;-0.134181;0.019131;4.359786
43.94362;-5.053612;0.485303;-1.520154;-5.035496;0.485621;-1.599654;-5.041047;0.487172;-1.607904;0.249857;0.040643;0.265940;-0.027509;0.012703;5.027715
43.95976;-5.052980;0.472832;-1.517479;-5.041533;0.473875;-1.606676;-5.037688;0.476135;-1.603141;0.249752;0.053506;0.266117;0.024555;0.015645;4.908088
43.97583;-5.052314;0.460359;-1.515125;-5.038070;0.464034;-1.601690;-5.034297;0.461523;-1.590705;0.249808;0.047072;0.242143;0.029021;0.018054;4.330429
43.99437;-5.051619;0.447883;-1.513554;-5.034542;0.449037;-1.590075;-5.039078;0.453828;-1.579137;0.249914;0.031426;0.249755;0.012598;0.013879;3.757680
44.01243;-5.050904;0.435405;-1.512623;-5.039191;0.439603;-1.578332;-5.046825;0.452544;-1.591109;0.249970;0.018608;0.284497;0.016102;0.017618;4.496909
44.03047;-5.050177;0.422931;-1.510889;-5.047051;0.441243;-1.590371;-5.050540;0.438108;-1.583024;0.249896;0.034680;0.226059;0.014763;0.015181;4.133034
44.04953;-5.049429;0.410457;-1.509598;-5.050695;0.425544;-1.583160;-5.069333;0.417204;-1.576806;0.249942;0.025826;0.251308;-0.002711;0.021016;3.850757
44.06414;-5.048665;0.397982;-1.508469;-5.069378;0.405431;-1.572414;-5.069718;0.392294;-1.578258;0.249956;0.022569;0.235467;0.087841;0.021809;3.998609
44.08316;-5.047886;0.385509;-1.507246;-5.069836;0.379656;-1.582011;-5.059251;0.392374;-1.567009;0.249948;0.024469;0.252767;-0.075057;0.013277;3.424181
44.09978;-5.047092;0.373035;-1.506814;-5.059185;0.379031;-1.564706;-5.054399;0.372104;-1.564119;0.249994;0.008640;0.266856;0.046069;0.007366;3.283333
44.11631;-5.046293;0.360560;-1.506607;-5.054286;0.359826;-1.559087;-5.051189;0.370037;-1.540895;0.249999;0.004138;0.245564;0.100636;0.010667;1.964567
44.13433;-5.045492;0.348089;-1.507650;-5.050811;0.356956;-1.542944;-5.048363;0.355795;-1.539802;0.249948;-0.024443;0.261735;-0.040969;0.008224;1.842183
44.15036;-5.044703;0.335616;-1.508968;-5.048009;0.343676;-1.543315;-5.044636;0.334346;-1.541661;0.249940;-0.026357;0.242483;-0.070258;0.001273;1.873155
44.16688;-5.043931;0.323143;-1.510214;-5.044310;0.322138;-1.546536;-5.058585;0.324652;-1.558963;0.249946;-0.024922;0.244246;-0.097510;0.014731;2.793081
44.18391;-5.043174;0.310666;-1.510264;-5.058395;0.309970;-1.556735;-5.049478;0.305812;-1.549655;0.250000;-0.000998;0.293663;0.044559;0.007956;2.256917
44.20044;-5.042418;0.298190;-1.510973;-5.049148;0.291512;-1.545907;-5.056964;0.291223;-1.537050;0.249983;-0.014180;0.286065;0.074957;0.016128;1.494110
44.21747;-5.041671;0.285715;-1.512352;-5.056501;0.277077;-1.539131;-5.056584;0.272480;-1.539851;0.249934;-0.027577;0.283080;-0.041624;0.019940;1.575578
44.23845;-5.040941;0.273239;-1.513565;-5.056229;0.260808;-1.540924;-5.047777;0.281831;-1.562515;0.249949;-0.024257;0.233533;-0.021455;0.010979;2.804633
44.25697;-5.040226;0.260760;-1.513528;-5.047650;0.268860;-1.559466;-5.034303;0.257108;-1.547702;0.250000;0.000916;0.259431;0.060968;0.006958;1.958062
44.27350;-5.039510;0.248282;-1.514522;-5.034016;0.245129;-1.546066;-5.036397;0.240251;-1.555152;0.249966;-0.019883;0.239657;0.032718;0.008613;2.327931
44.29154;-5.038807;0.235802;-1.515044;-5.036193;0.227488;-1.554548;-5.025873;0.233155;-1.550034;0.249991;-0.010439;0.255304;0.012084;0.013203;2.004812
44.30840;-5.038111;0.223323;-1.515993;-5.025643;0.220530;-1.555126;-5.029578;0.228373;-1.542487;0.249969;-0.018982;0.252545;-0.101839;0.009915;1.518031
44.32593;-5.037426;0.210845;-1.517352;-5.029240;0.216460;-1.542364;-5.036342;0.214898;-1.539452;0.249936;-0.027182;0.238370;0.002463;0.004195;1.266261
44.34346;-5.036759;0.198367;-1.518814;-5.035987;0.202836;-1.543352;-5.045466;0.190681;-1.552182;0.249926;-0.029250;0.241339;-0.077995;0.011615;1.911822
44.36049;-5.036109;0.185884;-1.519406;-5.045268;0.179389;-1.554310;-5.043591;0.183408;-1.541637;0.249988;-0.011826;0.225876;-0.042570;0.007881;1.273746
44.37755;-5.035467;0.173403;-1.520651;-5.043255;0.171535;-1.543278;-5.033595;0.164526;-1.547426;0.249946;-0.024900;0.237566;-0.032830;0.009073;1.534089
44.39458;-5.034841;0.160921;-1.521663;-5.033338;0.153095;-1.549150;-5.037867;0.155962;-1.547640;0.249964;-0.020239;0.228671;-0.034487;0.005809;1.488415
44.41061;-5.034227;0.148438;-1.522611;-5.037602;0.143435;-1.551747;-5.050211;0.147115;-1.542982;0.249969;-0.018974;0.250590;-0.082126;0.016039;1.167163
44.42665;-5.033625;0.135954;-1.523695;-5.049848;0.134128;-1.542610;-5.027897;0.146006;-1.547971;0.249959;-0.021671;0.259828;0.007436;0.011569;1.390891
44.44388;-5.033037;0.123470;-1.524739;-5.027645;0.135556;-1.545418;-5.024970;0.124560;-1.553637;0.249962;-0.020886;0.209060;0.051049;0.008140;1.655711
44.45973;-5.032461;0.110984;-1.525476;-5.024770;0.112269;-1.555459;-5.029078;0.110015;-1.552866;0.249981;-0.014744;0.245851;-0.036436;0.003519;1.569304
44.47927;-5.031895;0.098498;-1.526211;-5.028841;0.097036;-1.552121;-5.033644;0.092558;-1.536708;0.249981;-0.014688;0.259628;0.014895;0.006192;0.601450
44.50132;-5.031338;0.086015;-1.527860;-5.033228;0.080484;-1.535954;-5.020589;0.086555;-1.520956;0.249906;-0.032978;0.241638;0.015089;0.010762;0.395548
44.51728;-5.030802;0.073540;-1.530607;-5.019992;0.074377;-1.522580;-5.017715;0.074748;-1.530810;0.249738;-0.054951;0.243860;-0.032481;0.013142;0.011621
44.53474;-5.030300;0.061058;-1.532797;-5.017203;0.061679;-1.532444;-5.025374;0.071499;-1.531832;0.249834;-0.043794;0.261577;-0.032669;0.011545;0.055264
44.55279;-5.029825;0.048574;-1.534835;-5.024872;0.058199;-1.534351;-5.027229;0.058208;-1.518345;0.249856;-0.040753;0.266191;-0.050372;0.009978;0.944811
44.56882;-5.029377;0.036096;-1.537659;-5.026578;0.045225;-1.523063;-5.029956;0.042964;-1.510354;0.249723;-0.056483;0.259989;-0.094365;0.006892;1.564432
44.58838;-5.028963;0.023622;-1.540929;-5.029269;0.031090;-1.515608;-5.032417;0.027033;-1.530016;0.249629;-0.065402;0.237867;-0.105081;0.004855;0.625261
44.60526;-5.028590;0.011134;-1.542989;-5.031919;0.014512;-1.532108;-5.026583;0.015898;-1.538626;0.249853;-0.041198;0.250622;-0.041842;0.005169;0.249949
44.62281;-5.028242;-0.001356;-1.544601;-5.026190;0.002842;-1.542857;-5.039088;-0.004765;-1.552838;0.249910;-0.032244;0.261247;-0.084622;0.011369;0.471967
44.63833;-5.027915;-0.013851;-1.545209;-5.038878;-0.017739;-1.556365;-5.022694;-0.019506;-1.558283;0.249987;-0.012160;0.259523;-0.070536;0.007697;0.749061
44.65301;-5.027595;-0.026347;-1.545686;-5.022508;-0.032493;-1.554682;-5.017577;-0.022695;-1.556131;0.249992;-0.009549;0.259764;0.072020;0.010663;0.598452
44.66972;-5.027281;-0.038842;-1.546354;-5.017391;-0.035196;-1.555744;-5.023060;-0.036360;-1.571901;0.249985;-0.013360;0.250038;0.007741;0.004897;1.463724
44.68544;-5.026976;-0.051338;-1.546009;-5.023064;-0.047732;-1.570484;-5.019916;-0.028348;-1.546261;0.249996;0.006901;0.227427;0.028338;0.024050;0.014395
44.70246;-5.026666;-0.063832;-1.546914;-5.019615;-0.041067;-1.548110;-5.020519;-0.059687;-1.549203;0.249947;-0.024636;0.254447;-0.036996;0.007414;0.131102
44.71868;-5.026368;-0.076326;-1.547961;-5.020278;-0.072363;-1.554368;-5.018580;-0.078076;-1.552280;0.249962;-0.020928;0.253560;-0.103316;0.007982;0.247459
44.73706;-5.026082;-0.088822;-1.548845;-5.018378;-0.088704;-1.551312;-5.027548;-0.084640;-1.558795;0.249973;-0.017690;0.212605;0.019348;0.004430;0.570081
44.75696;-5.025808;-0.101318;-1.549229;-5.027381;-0.097153;-1.556130;-5.030855;-0.099977;-1.543773;0.249995;-0.007676;0.250276;0.053302;0.005222;0.312619
44.77599;-5.025539;-0.113813;-1.550473;-5.030529;-0.112355;-1.545210;-5.026039;-0.106722;-1.547832;0.249946;-0.024872;0.247655;-0.028737;0.007108;0.151308
44.79361;-5.025285;-0.126308;-1.551531;-5.025740;-0.119461;-1.546833;-5.026424;-0.123381;-1.548870;0.249961;-0.021172;0.254845;0.019979;0.003141;0.152470
44.81115;-5.025044;-0.138804;-1.552522;-5.026176;-0.135835;-1.552752;-5.022308;-0.135889;-1.550269;0.249966;-0.019809;0.249115;-0.077634;0.003998;0.129076
44.83072;-5.024815;-0.151300;-1.553478;-5.022072;-0.147286;-1.549915;-5.024847;-0.148342;-1.558976;0.249968;-0.019129;0.227982;0.007072;0.002958;0.314998
44.84875;-5.024599;-0.163798;-1.553880;-5.024719;-0.160428;-1.561476;-5.019637;-0.154973;-1.560012;0.249994;-0.008039;0.241732;-0.050009;0.010125;0.351327
44.86639;-5.024388;-0.176296;-1.554284;-5.019518;-0.166624;-1.561144;-5.026785;-0.165883;-1.572753;0.249994;-0.008078;0.233046;-0.022635;0.010685;1.058198
44.88551;-5.024181;-0.188794;-1.553834;-5.026797;-0.177665;-1.571031;-5.038337;-0.182203;-1.568708;0.249993;0.008997;0.235645;0.034442;0.015615;0.852184
44.90011;-5.023969;-0.201292;-1.553482;-5.038330;-0.193699;-1.571757;-5.029468;-0.187556;-1.555335;0.249996;0.007042;0.229915;-0.060986;0.014796;0.106144
44.91713;-5.023753;-0.213790;-1.554042;-5.029283;-0.199097;-1.554169;-5.035742;-0.191517;-1.539835;0.249989;-0.011206;0.230864;0.023320;0.025295;0.814023
44.93273;-5.023543;-0.226285;-1.555454;-5.035398;-0.202440;-1.538762;-5.041330;-0.217112;-1.530076;0.249931;-0.028234;0.218572;0.021455;0.020012;1.454031
44.94880;-5.023352;-0.238777;-1.557379;-5.040829;-0.228884;-1.526464;-5.037847;-0.239708;-1.521582;0.249871;-0.038495;0.235647;0.072241;0.014525;2.051018
44.96431;-5.023184;-0.251265;-1.559855;-5.037171;-0.253597;-1.522741;-5.033031;-0.258446;-1.519638;0.249787;-0.049517;0.278102;-0.023176;0.012188;2.304238
44.98043;-5.023047;-0.263752;-1.562506;-5.032366;-0.271755;-1.522116;-5.023716;-0.264082;-1.508855;0.249756;-0.053030;0.266505;-0.049548;0.000745;3.074013
44.99905;-5.022944;-0.276231;-1.565922;-5.022892;-0.277688;-1.511759;-5.028852;-0.286393;-1.503055;0.249595;-0.068321;0.272620;-0.058081;0.011754;3.602004
45.01708;-5.022883;-0.288707;-1.569619;-5.027958;-0.299792;-1.505195;-5.038488;-0.279873;-1.498404;0.249526;-0.073944;0.268584;-0.042786;0.017932;4.080329
45.03263;-5.022869;-0.301182;-1.573474;-5.037730;-0.290911;-1.506135;-5.035384;-0.287017;-1.516119;0.249484;-0.077086;0.221270;-0.154619;0.018902;3.286211
45.05230;-5.022902;-0.313668;-1.576304;-5.034729;-0.299275;-1.518703;-5.040061;-0.302694;-1.516926;0.249722;-0.056604;0.245517;-0.051685;0.020368;3.402122
45.06970;-5.022971;-0.326155;-1.579024;-5.039437;-0.314853;-1.522078;-5.033948;-0.313694;-1.521030;0.249743;-0.054411;0.243510;-0.103047;0.016606;3.322867
45.08676;-5.023073;-0.338643;-1.581576;-5.033408;-0.324804;-1.523494;-5.031454;-0.339895;-1.527954;0.249774;-0.051027;0.222446;-0.049285;0.008473;3.072284
45.10278;-5.023208;-0.351134;-1.583741;-5.030957;-0.352083;-1.532153;-5.026165;-0.346224;-1.534978;0.249837;-0.043311;0.243960;-0.083979;0.005731;2.793937
45.12032;-5.023370;-0.363627;-1.585553;-5.025718;-0.359547;-1.539588;-5.024274;-0.365554;-1.530040;0.249886;-0.036235;0.266605;-0.092207;0.002128;3.180672
45.13935;-5.023554;-0.376118;-1.587684;-5.023851;-0.376430;-1.533851;-5.023300;-0.376349;-1.524351;0.249842;-0.042623;0.217696;-0.076215;0.000344;3.628707
45.15413;-5.023765;-0.388606;-1.590169;-5.022787;-0.387351;-1.524151;-5.023559;-0.389035;-1.516085;0.249786;-0.049687;0.220271;0.004002;0.000477;4.244660
45.17187;-5.024007;-0.401088;-1.593145;-5.022974;-0.400460;-1.523202;-5.019942;-0.402759;-1.529573;0.249693;-0.059522;0.228783;-0.142331;0.004395;3.642380
45.18955;-5.024286;-0.413576;-1.595358;-5.019471;-0.415004;-1.535106;-5.022378;-0.419383;-1.542902;0.249830;-0.044262;0.245083;-0.110657;0.006112;3.005476
45.20773;-5.024593;-0.426069;-1.596738;-5.022035;-0.431942;-1.544027;-5.021488;-0.428377;-1.531577;0.249934;-0.027610;0.251269;-0.022486;0.003869;3.733450
45.22338;-5.024917;-0.438557;-1.598809;-5.021015;-0.441235;-1.536582;-5.022003;-0.451135;-1.543732;0.249851;-0.041423;0.257331;-0.100091;0.012911;3.155711
45.23770;-5.025267;-0.451049;-1.600143;-5.021687;-0.462750;-1.543437;-5.013519;-0.448361;-1.553710;0.249938;-0.026673;0.232375;0.005897;0.012052;2.660417
45.25674;-5.025634;-0.463543;-1.600990;-5.013303;-0.461757;-1.555628;-5.020189;-0.458986;-1.540942;0.249975;-0.016939;0.267955;-0.038367;0.007100;3.440487
45.27526;-5.026011;-0.476033;-1.602515;-5.019800;-0.471898;-1.540460;-5.028898;-0.484958;-1.553656;0.249919;-0.030490;0.258343;0.009643;0.009381;2.799387
45.29340;-5.026407;-0.488526;-1.603159;-5.028707;-0.497069;-1.556338;-5.018684;-0.490225;-1.561267;0.249986;-0.012888;0.242247;-0.053639;0.007908;2.400211
45.31212;-5.026812;-0.501019;-1.603482;-5.018562;-0.503153;-1.561497;-5.016679;-0.503424;-1.578728;0.249996;-0.006463;0.258572;-0.004594;0.010414;1.418306
45.32864;-5.027220;-0.513512;-1.602784;-5.016748;-0.513502;-1.576668;-5.020501;-0.512424;-1.563451;0.249983;0.013969;0.201570;0.041198;0.006807;2.253621
45.34367;-5.027620;-0.526005;-1.602950;-5.020433;-0.525432;-1.567613;-5.021553;-0.519202;-1.579685;0.249999;-0.003333;0.260148;-0.083244;0.009116;1.333017
45.35952;-5.028022;-0.538498;-1.602128;-5.021658;-0.530123;-1.581045;-5.041935;-0.542553;-1.599597;0.249977;0.016438;0.218430;-0.027197;0.014492;0.145025
45.37655;-5.028413;-0.550983;-1.600057;-5.042294;-0.555272;-1.598414;-5.033517;-0.568237;-1.600892;0.249818;0.045850;0.254475;0.023663;0.017993;0.047898
45.39459;-5.028779;-0.563468;-1.597797;-5.033807;-0.579427;-1.592566;-5.027282;-0.564692;-1.599760;0.249823;0.045191;0.223883;0.166526;0.001933;0.112470
45.41263;-5.029116;-0.575956;-1.595690;-5.027600;-0.576657;-1.594875;-5.025237;-0.572192;-1.600905;0.249846;0.042138;0.239380;0.097694;0.005405;0.298766
45.43166;-5.029427;-0.588444;-1.593542;-5.025625;-0.584735;-1.602522;-5.030681;-0.593520;-1.616347;0.249840;0.042970;0.250990;-0.032340;0.005229;1.306637
45.44468;-5.029711;-0.600924;-1.590391;-5.031223;-0.605651;-1.614485;-5.022263;-0.610759;-1.626470;0.249655;0.063016;0.242861;0.037243;0.012336;2.067201
45.46241;-5.029955;-0.613398;-1.586746;-5.022924;-0.622857;-1.624162;-5.024413;-0.613374;-1.614607;0.249539;0.072895;0.242338;0.046170;0.005543;1.596300
45.47959;-5.030154;-0.625881;-1.583784;-5.024911;-0.625294;-1.610585;-5.031069;-0.627880;-1.611436;0.249695;0.059251;0.238602;0.080434;0.002198;1.584378
45.49940;-5.030317;-0.638366;-1.580919;-5.031458;-0.637922;-1.607664;-5.032052;-0.656079;-1.613116;0.249715;0.057295;0.200991;0.075452;0.017797;1.844761
45.51543;-5.030443;-0.650850;-1.577937;-5.032667;-0.671485;-1.608329;-5.029324;-0.641776;-1.604645;0.249691;0.059638;0.308372;0.095747;0.009143;1.530264
45.53547;-5.030532;-0.663339;-1.575502;-5.029740;-0.654153;-1.604244;-5.042813;-0.665513;-1.603526;0.249794;0.048692;0.247684;0.008028;0.012472;1.605649
45.55415;-5.030591;-0.675828;-1.572946;-5.043228;-0.678501;-1.601884;-5.031591;-0.667920;-1.594413;0.249773;0.051128;0.259901;0.032835;0.007971;1.229951
45.57070;-5.030618;-0.688322;-1.571091;-5.031893;-0.680861;-1.593861;-5.033554;-0.687733;-1.596738;0.249881;0.037090;0.258877;0.011035;0.002995;1.469457
45.58828;-5.030621;-0.700815;-1.569068;-5.033821;-0.699583;-1.589993;-5.032431;-0.693748;-1.587608;0.249858;0.040467;0.237056;0.134907;0.007295;1.062282
45.60420;-5.030600;-0.713311;-1.567607;-5.032619;-0.705863;-1.584962;-5.039402;-0.708554;-1.577499;0.249926;0.029212;0.242326;0.052930;0.010006;0.566740
45.62427;-5.030560;-0.725809;-1.566654;-5.039492;-0.721341;-1.578102;-5.045901;-0.727922;-1.570450;0.249968;0.019061;0.255764;-0.012061;0.015486;0.217470
45.64231;-5.030508;-0.738309;-1.566031;-5.045879;-0.741945;-1.568062;-5.033514;-0.742456;-1.569650;0.249986;0.012477;0.280469;0.047763;0.005122;0.207402
45.65838;-5.030449;-0.750808;-1.565627;-5.033463;-0.755922;-1.564389;-5.033202;-0.755841;-1.567007;0.249994;0.008071;0.269325;0.105228;0.005737;0.079068
45.67590;-5.030384;-0.763308;-1.565385;-5.033142;-0.767811;-1.564427;-5.022164;-0.763495;-1.556972;0.249998;0.004840;0.239417;0.051591;0.008222;0.482004
45.69153;-5.030316;-0.775807;-1.565901;-5.022004;-0.776778;-1.560423;-5.029620;-0.780791;-1.570621;0.249991;-0.010311;0.265673;-0.069021;0.005032;0.270453
45.70869;-5.030255;-0.788307;-1.565490;-5.029599;-0.794349;-1.567799;-5.024253;-0.775328;-1.564263;0.249994;0.008214;0.271154;0.056438;0.014299;0.070310
45.72571;-5.030189;-0.800807;-1.565537;-5.024170;-0.786984;-1.563173;-5.031338;-0.794791;-1.578546;0.250000;-0.000952;0.233115;0.021801;0.006125;0.745331
45.74271;-5.030123;-0.813305;-1.564625;-5.031466;-0.808439;-1.581699;-5.031870;-0.820743;-1.596455;0.249971;0.018242;0.272980;-0.063053;0.007641;1.823690
45.76243;-5.030046;-0.825798;-1.562628;-5.032219;-0.834545;-1.595659;-5.036458;-0.835871;-1.590244;0.249862;0.039941;0.276119;0.015918;0.011940;1.582282
45.78177;-5.029944;-0.838293;-1.560936;-5.036642;-0.846054;-1.587548;-5.039646;-0.839953;-1.605931;0.249901;0.033844;0.203692;0.053922;0.009843;2.578037
45.79782;-5.029821;-0.850780;-1.558256;-5.040115;-0.853279;-1.605932;-5.032961;-0.856360;-1.620093;0.249751;0.053598;0.266684;-0.000022;0.006403;3.542995
45.81658;-5.029664;-0.863258;-1.554821;-5.033575;-0.868819;-1.619859;-5.040845;-0.871030;-1.618104;0.249590;0.068702;0.249475;0.004678;0.013617;3.625825
45.83360;-5.029465;-0.875736;-1.551389;-5.041465;-0.884097;-1.618344;-5.037158;-0.871413;-1.606999;0.249591;0.068639;0.261636;-0.004799;0.008825;3.186206
45.85064;-5.029223;-0.888221;-1.548677;-5.037596;-0.883777;-1.605304;-5.023460;-0.881862;-1.607884;0.249745;0.054243;0.247428;0.033897;0.008581;3.392314
45.86830;-5.028946;-0.900706;-1.546110;-5.023903;-0.894353;-1.604663;-5.026206;-0.890737;-1.616618;0.249771;0.051341;0.249964;0.064418;0.010339;4.039825
45.88534;-5.028638;-0.913186;-1.542978;-5.026814;-0.904935;-1.610609;-5.042716;-0.901798;-1.597247;0.249659;0.062639;0.284211;0.120176;0.018107;3.109397
45.90194;-5.028291;-0.925672;-1.540766;-5.043034;-0.914305;-1.595172;-5.033713;-0.911831;-1.591266;0.249830;0.044248;0.250227;0.041502;0.014866;2.893466
45.91833;-5.027916;-0.938161;-1.539043;-5.033937;-0.924066;-1.586831;-5.025493;-0.926650;-1.587216;0.249897;0.034459;0.244741;0.088698;0.011764;2.760125
45.93534;-5.027519;-0.950652;-1.537682;-5.025682;-0.938666;-1.585933;-5.027984;-0.941851;-1.587424;0.249936;0.027213;0.240358;0.025652;0.008814;2.849994
45.95198;-5.027105;-0.963142;-1.536271;-5.028151;-0.952923;-1.584435;-5.030669;-0.967953;-1.577494;0.249931;0.028228;0.221468;0.059784;0.005987;2.361910
45.96967;-5.026674;-0.975633;-1.535412;-5.030745;-0.980735;-1.575843;-5.030455;-0.985327;-1.564778;0.249974;0.017164;0.255642;0.033009;0.010406;1.682542
45.98519;-5.026232;-0.988125;-1.535318;-5.030405;-0.996487;-1.567804;-5.027804;-1.005829;-1.559683;0.250000;0.001881;0.223206;-0.060514;0.017773;1.396014
46.00474;-5.025788;-1.000617;-1.535567;-5.027627;-1.019918;-1.556686;-5.035710;-1.010484;-1.561554;0.249998;-0.004982;0.281816;0.059955;0.013992;1.488945
46.02374;-5.025348;-1.013109;-1.535585;-5.035604;-1.022914;-1.563126;-5.036763;-1.017694;-1.565688;0.250000;-0.000350;0.248610;-0.031439;0.012301;1.724804
46.04127;-5.024908;-1.025601;-1.535337;-5.036708;-1.031235;-1.567742;-5.028696;-1.030477;-1.576446;0.249998;0.004948;0.270828;-0.041072;0.006175;2.355329
46.05833;-5.024465;-1.038093;-1.534565;-5.028770;-1.043091;-1.576859;-5.031991;-1.056528;-1.568058;0.249979;0.015454;0.252272;-0.008273;0.019912;1.918996
46.07694;-5.024012;-1.050584;-1.534242;-5.031946;-1.069504;-1.566669;-5.020380;-1.065772;-1.574533;0.249996;0.006448;0.259524;0.027767;0.015616;2.308502
46.09447;-5.023555;-1.063075;-1.533707;-5.020403;-1.078618;-1.570635;-5.025245;-1.076063;-1.557261;0.249990;0.010701;0.256934;0.077971;0.013097;1.349514
46.10977;-5.023092;-1.075566;-1.534133;-5.025026;-1.088589;-1.549449;-5.018207;-1.077963;-1.572531;0.249994;-0.008523;0.250551;0.156228;0.005441;2.200044
46.12734;-5.022633;-1.088058;-1.533751;-5.018218;-1.090738;-1.570733;-5.014705;-1.102024;-1.576387;0.249995;0.007653;0.255511;0.035973;0.016060;2.442877
46.14649;-5.022171;-1.100549;-1.533189;-5.014761;-1.114294;-1.574375;-5.027928;-1.117170;-1.578390;0.249989;0.011236;0.245398;0.040239;0.017590;2.589846
46.16461;-5.021701;-1.113038;-1.532302;-5.028018;-1.129332;-1.578119;-5.026714;-1.113335;-1.574190;0.249973;0.017744;0.243239;0.005433;0.005023;2.399998
46.18265;-5.021220;-1.125529;-1.531686;-5.026756;-1.126459;-1.573757;-5.030659;-1.118443;-1.563426;0.249987;0.012320;0.262484;0.008651;0.011803;1.818587
46.19956;-5.020731;-1.138019;-1.531654;-5.030548;-1.131782;-1.561619;-5.042124;-1.126462;-1.557192;0.250000;0.000634;0.266794;0.036144;0.024315;1.463210
46.21710;-5.020242;-1.150509;-1.531818;-5.041985;-1.138762;-1.561806;-5.030250;-1.144261;-1.552220;0.249999;-0.003276;0.246012;-0.092287;0.011799;1.168971
46.23237;-5.019755;-1.162999;-1.532462;-5.030037;-1.157085;-1.556062;-5.019764;-1.165866;-1.568110;0.249986;-0.012877;0.256529;-0.076829;0.002867;2.042511
46.24842;-5.019276;-1.175490;-1.532314;-5.019723;-1.177937;-1.566725;-5.021586;-1.159693;-1.557402;0.249999;0.002962;0.241424;0.027708;0.015965;1.437481
46.27061;-5.018795;-1.187980;-1.532780;-5.021396;-1.173316;-1.556321;-5.018270;-1.176354;-1.542783;0.249992;-0.009328;0.272498;0.021628;0.011639;0.573103
46.28470;-5.018320;-1.200468;-1.534174;-5.017935;-1.188777;-1.544965;-5.021944;-1.197392;-1.526869;0.249933;-0.027883;0.248551;-0.043652;0.004754;0.418565
46.30528;-5.017862;-1.212950;-1.536464;-5.021375;-1.210640;-1.528798;-5.010629;-1.217350;-1.523550;0.249818;-0.045788;0.265199;-0.038581;0.008466;0.739918
46.32329;-5.017434;-1.225431;-1.539130;-5.010022;-1.230710;-1.527230;-5.009908;-1.225547;-1.531445;0.249753;-0.053324;0.267477;-0.073603;0.007527;0.440301
46.34336;-5.017038;-1.237916;-1.541333;-5.009458;-1.236843;-1.530614;-5.006916;-1.232422;-1.538916;0.249831;-0.044072;0.226099;0.016617;0.011517;0.138504
46.35872;-5.016670;-1.250405;-1.543136;-5.006557;-1.243759;-1.539280;-5.013790;-1.246503;-1.538722;0.249887;-0.036054;0.226852;-0.007289;0.004850;0.252889
46.37527;-5.016325;-1.262895;-1.544840;-5.013376;-1.259596;-1.539586;-5.029936;-1.262891;-1.544541;0.249899;-0.034080;0.261994;-0.017271;0.013612;0.017160
46.39130;-5.016000;-1.275389;-1.545935;-5.029626;-1.274910;-1.545468;-5.028943;-1.257923;-1.541792;0.249958;-0.021895;0.240451;-0.018541;0.021739;0.237371
46.40846;-5.015690;-1.287882;-1.547211;-5.028521;-1.272366;-1.541322;-5.028692;-1.282081;-1.539990;0.249943;-0.025524;0.288975;0.009401;0.014238;0.413737
46.42750;-5.015395;-1.300375;-1.548596;-5.028329;-1.293817;-1.539697;-5.013485;-1.303820;-1.541987;0.249933;-0.027707;0.234847;0.005863;0.003939;0.378711
46.44451;-5.015117;-1.312868;-1.550106;-5.013108;-1.316236;-1.538859;-5.019991;-1.305907;-1.531356;0.249921;-0.030194;0.248421;0.062547;0.008498;1.074282
46.46116;-5.014859;-1.325358;-1.552148;-5.019504;-1.318475;-1.532648;-5.014368;-1.322066;-1.546730;0.249855;-0.040834;0.251549;-0.025828;0.003329;0.310414
46.47618;-5.014626;-1.337854;-1.553357;-5.014093;-1.334054;-1.548929;-5.022391;-1.336617;-1.540748;0.249949;-0.024192;0.239829;-0.043987;0.007863;0.722472
46.49370;-5.014408;-1.350348;-1.554794;-5.022041;-1.349009;-1.544475;-5.019237;-1.341832;-1.556328;0.249928;-0.028724;0.247951;-0.074546;0.009790;0.087943
46.50861;-5.014208;-1.362846;-1.555346;-5.019119;-1.354064;-1.566037;-5.025490;-1.356052;-1.559904;0.249989;-0.011051;0.244644;-0.194171;0.013170;0.261156
46.53193;-5.014015;-1.375344;-1.555580;-5.025341;-1.368717;-1.558196;-5.024754;-1.360736;-1.571569;0.249998;-0.004677;0.253320;0.034172;0.018131;0.916118
46.55678;-5.013825;-1.387843;-1.555125;-5.024746;-1.373140;-1.568766;-5.025427;-1.390708;-1.575915;0.249993;0.009090;0.248063;0.056062;0.011950;1.191154
46.57429;-5.013629;-1.400340;-1.554396;-5.025516;-1.404154;-1.578979;-5.021123;-1.393668;-1.566600;0.249982;0.014596;0.268927;-0.061287;0.010034;0.699268
46.59038;-5.013424;-1.412839;-1.554296;-5.021080;-1.406855;-1.568457;-5.015495;-1.415921;-1.592174;0.250000;0.001993;0.263750;-0.037139;0.003714;2.170261
46.60742;-5.013218;-1.425333;-1.552946;-5.015805;-1.429901;-1.593725;-5.017796;-1.434959;-1.601820;0.249917;0.030841;0.279679;-0.031010;0.010660;2.800252
46.62434;-5.012995;-1.437823;-1.550785;-5.018138;-1.446053;-1.601395;-5.007438;-1.445405;-1.595654;0.249838;0.043219;0.221990;0.008492;0.009400;2.570755
46.64239;-5.012745;-1.450316;-1.549168;-5.007729;-1.458129;-1.591660;-5.023318;-1.447926;-1.602123;0.249909;0.032340;0.254542;0.079877;0.010840;3.034101
46.65845;-5.012474;-1.462804;-1.546895;-5.023676;-1.459932;-1.599048;-5.008320;-1.464589;-1.583456;0.249821;0.045470;0.240227;0.061503;0.004522;2.094799
46.67467;-5.012176;-1.475299;-1.545871;-5.008488;-1.478470;-1.582350;-5.002124;-1.480538;-1.582834;0.249972;0.018016;0.277635;0.022116;0.011335;2.117812
46.69067;-5.011864;-1.487794;-1.545113;-5.002262;-1.492525;-1.581750;-5.009315;-1.478992;-1.576255;0.249980;0.015170;0.239763;0.021691;0.009163;1.784282
46.70747;-5.011543;-1.500289;-1.544627;-5.009383;-1.491535;-1.576225;-5.008318;-1.493809;-1.586336;0.249992;0.009724;0.250858;0.000595;0.007239;2.389758
46.72249;-5.011216;-1.512783;-1.543552;-5.008489;-1.504763;-1.586574;-5.012120;-1.510212;-1.593186;0.249960;0.021494;0.219126;-0.004758;0.002725;2.843843
46.73970;-5.010876;-1.525274;-1.542000;-5.012396;-1.522221;-1.594422;-5.009632;-1.529890;-1.583242;0.249916;0.031036;0.240251;-0.024708;0.004781;2.363005
46.75538;-5.010516;-1.537768;-1.541087;-5.009757;-1.541346;-1.580339;-5.001748;-1.524938;-1.564768;0.249971;0.018266;0.229139;0.058071;0.015539;1.356846
46.77065;-5.010145;-1.550262;-1.541418;-5.001626;-1.538608;-1.559016;-5.006857;-1.548246;-1.561729;0.249996;-0.006630;0.273407;0.115041;0.003857;1.163691
46.79073;-5.009778;-1.562756;-1.541843;-5.006748;-1.561540;-1.563415;-5.010297;-1.567116;-1.552949;0.249994;-0.008497;0.265908;-0.033726;0.004391;0.636329
46.81139;-5.009416;-1.575250;-1.542734;-5.010033;-1.580566;-1.549492;-5.007977;-1.567535;-1.530375;0.249972;-0.017817;0.269048;0.069149;0.007847;0.708129
46.82943;-5.009065;-1.587736;-1.544875;-5.007521;-1.578641;-1.529054;-5.022104;-1.588375;-1.538721;0.249819;-0.045717;0.222301;0.026425;0.013054;0.352618
46.84546;-5.008741;-1.600227;-1.546411;-5.021742;-1.600008;-1.540636;-5.013396;-1.599423;-1.562407;0.249918;-0.030716;0.232772;-0.038302;0.004724;0.916508
46.86299;-5.008437;-1.612723;-1.546697;-5.013258;-1.611893;-1.556967;-5.024505;-1.609171;-1.559440;0.249998;-0.005340;0.249414;0.108798;0.016457;0.730148
46.88070;-5.008135;-1.625220;-1.546944;-5.024364;-1.621418;-1.558990;-5.014803;-1.617976;-1.553594;0.249998;-0.004955;0.244943;0.009007;0.009845;0.381022
46.89777;-5.007837;-1.637715;-1.547714;-5.014628;-1.629587;-1.557948;-5.009630;-1.641058;-1.563674;0.249979;-0.015390;0.232259;-0.087071;0.003793;0.914425
46.91552;-5.007549;-1.650212;-1.547969;-5.009552;-1.653050;-1.565011;-5.021078;-1.645729;-1.578453;0.249998;-0.005107;0.239844;-0.026750;0.014253;1.746601
46.93256;-5.007263;-1.662707;-1.547133;-5.021177;-1.658272;-1.578899;-5.025649;-1.652005;-1.581276;0.249976;0.016729;0.250870;-0.008916;0.021274;1.956244
46.95020;-5.006968;-1.675202;-1.546044;-5.025813;-1.665990;-1.583770;-5.012081;-1.673323;-1.573704;0.249959;0.021768;0.279733;-0.049877;0.005447;1.584786
46.96740;-5.006658;-1.687698;-1.545652;-5.012123;-1.685938;-1.574517;-5.012714;-1.687480;-1.553126;0.249995;0.007847;0.252298;-0.016248;0.006060;0.428230
46.98339;-5.006344;-1.700192;-1.546482;-5.012507;-1.699785;-1.554744;-5.002012;-1.706149;-1.538984;0.249976;-0.016598;0.246145;-0.032350;0.007366;0.429582
46.99964;-5.006040;-1.712683;-1.548354;-5.001672;-1.716996;-1.539966;-5.005824;-1.717373;-1.540577;0.249878;-0.037442;0.217054;-0.019642;0.004695;0.445569
47.01580;-5.005760;-1.725174;-1.550061;-5.005470;-1.729357;-1.541974;-5.013526;-1.736003;-1.551286;0.249899;-0.034134;0.239790;-0.027932;0.013325;0.070232
47.03685;-5.005501;-1.737670;-1.550983;-5.013273;-1.748794;-1.550845;-5.015475;-1.750178;-1.536548;0.249970;-0.018439;0.255873;0.008831;0.015998;0.827039
47.05689;-5.005253;-1.750162;-1.552752;-5.014979;-1.764193;-1.534300;-5.011604;-1.765493;-1.553491;0.249891;-0.035384;0.280474;0.044962;0.016594;0.042335
47.07595;-5.005028;-1.762659;-1.553575;-5.011409;-1.777731;-1.556236;-5.010600;-1.777591;-1.553556;0.249976;-0.016462;0.244789;-0.054914;0.015937;0.001101
47.09348;-5.004813;-1.775156;-1.554412;-5.010383;-1.791190;-1.556159;-5.012388;-1.784860;-1.541861;0.249976;-0.016742;0.272012;-0.052058;0.012311;0.719093
47.10952;-5.004608;-1.787650;-1.555917;-5.012050;-1.796400;-1.541156;-5.015498;-1.787770;-1.547027;0.249921;-0.030098;0.230907;0.014109;0.010891;0.509356
47.12693;-5.004422;-1.800147;-1.557054;-5.015201;-1.800898;-1.549235;-5.006098;-1.782302;-1.527772;0.249955;-0.022734;0.262635;-0.044162;0.017924;1.677695
47.14346;-5.004250;-1.812635;-1.559440;-5.005591;-1.794743;-1.532399;-4.999294;-1.812362;-1.523485;0.249789;-0.049355;0.249036;-0.092531;0.004964;2.060102
47.16220;-5.004108;-1.825120;-1.562292;-4.998756;-1.823649;-1.522819;-5.010102;-1.836982;-1.534207;0.249718;-0.057040;0.225983;0.013315;0.013290;1.609160
47.18028;-5.004002;-1.837613;-1.564296;-5.009616;-1.850511;-1.535526;-4.996909;-1.847526;-1.528771;0.249861;-0.040074;0.270746;-0.026386;0.012190;2.035451
47.19681;-5.003921;-1.850101;-1.566876;-4.996393;-1.860778;-1.534877;-5.000284;-1.857748;-1.541970;0.249769;-0.051607;0.265237;-0.122135;0.008468;1.427002
47.21350;-5.003872;-1.862596;-1.568600;-4.999955;-1.869578;-1.543980;-4.997545;-1.866367;-1.541479;0.249897;-0.034483;0.236679;-0.040199;0.007366;1.553920
47.22859;-5.003845;-1.875090;-1.570406;-4.997209;-1.878742;-1.545722;-4.996640;-1.872879;-1.556833;0.249887;-0.036120;0.247586;-0.084853;0.007537;0.777712
47.24460;-5.003840;-1.887589;-1.571309;-4.996460;-1.884337;-1.553325;-4.996902;-1.881989;-1.548170;0.249972;-0.018046;0.229196;0.070162;0.008915;1.325764
47.26064;-5.003846;-1.900085;-1.572726;-4.996653;-1.893883;-1.551585;-5.012719;-1.910738;-1.551981;0.249930;-0.028344;0.237919;-0.068296;0.013864;1.188605
47.28167;-5.003870;-1.912584;-1.573608;-5.012487;-1.922555;-1.550379;-5.007752;-1.915163;-1.533370;0.249973;-0.017638;0.236380;0.032046;0.004661;2.305466
47.30372;-5.003905;-1.925076;-1.575703;-5.007323;-1.926831;-1.534700;-5.005862;-1.938360;-1.532489;0.249848;-0.041896;0.233522;-0.026597;0.013427;2.475976
47.32050;-5.003967;-1.937568;-1.577886;-5.005372;-1.951069;-1.532003;-4.996045;-1.938372;-1.536911;0.249834;-0.043671;0.254378;0.009705;0.007962;2.347721
47.33956;-5.004055;-1.950060;-1.579997;-4.995583;-1.951356;-1.533465;-4.997498;-1.943980;-1.535115;0.249845;-0.042213;0.259850;0.068925;0.008942;2.571514
47.35688;-5.004170;-1.962551;-1.582187;-4.997110;-1.955280;-1.537830;-4.989777;-1.963198;-1.541159;0.249833;-0.043800;0.226147;-0.054292;0.014408;2.350739
47.37455;-5.004312;-1.975043;-1.584167;-4.989407;-1.975684;-1.541160;-4.998895;-1.977815;-1.546521;0.249864;-0.039605;0.249821;-0.000017;0.006086;2.156955
47.39184;-5.004480;-1.987538;-1.585646;-4.998584;-1.991382;-1.549286;-5.000375;-2.003335;-1.524684;0.249924;-0.029569;0.271408;-0.055291;0.016321;3.492864
47.40838;-5.004665;-2.000024;-1.588374;-4.999897;-2.014189;-1.529036;-5.009952;-2.006187;-1.544135;0.249736;-0.055185;0.217287;-0.087041;0.008120;2.534721
47.42553;-5.004885;-2.012518;-1.589852;-5.009615;-2.019119;-1.545356;-4.999099;-2.011014;-1.541902;0.249932;-0.028005;0.258727;-0.024431;0.005978;2.747370
47.44148;-5.005123;-2.025011;-1.591604;-4.998793;-2.022055;-1.544322;-4.987080;-2.012653;-1.536868;0.249893;-0.035035;0.220902;-0.048399;0.021869;3.136156
47.45841;-5.005383;-2.037499;-1.593899;-4.986638;-2.026448;-1.540704;-5.001251;-2.019938;-1.532652;0.249817;-0.045904;0.276040;-0.076713;0.018040;3.509212
47.47645;-5.005671;-2.049987;-1.596163;-5.000850;-2.031223;-1.537850;-5.008994;-2.049694;-1.546382;0.249822;-0.045269;0.225825;-0.103948;0.003336;2.852242
47.49248;-5.005988;-2.062480;-1.597445;-5.008651;-2.063588;-1.545783;-5.020671;-2.068655;-1.564752;0.249943;-0.025639;0.277955;0.011982;0.015929;1.873134
47.51052;-5.006321;-2.074975;-1.597477;-5.020578;-2.079526;-1.559796;-5.005631;-2.085919;-1.554679;0.250000;0.001209;0.217425;0.099127;0.010966;2.452143
47.53243;-5.006655;-2.087470;-1.598328;-5.005411;-2.099410;-1.554409;-5.006574;-2.101013;-1.571578;0.249975;-0.017022;0.269849;0.005392;0.013543;1.532647
47.55218;-5.006999;-2.099965;-1.598145;-5.006584;-2.113786;-1.571673;-5.011757;-2.114063;-1.568700;0.249999;0.003659;0.255467;-0.001893;0.014880;1.687048
47.56532;-5.007341;-2.112460;-1.598026;-5.011697;-2.126210;-1.563129;-5.009513;-2.128347;-1.561080;0.250000;0.002373;0.242935;0.111426;0.016034;2.116888
47.58547;-5.007681;-2.124955;-1.598410;-5.009398;-2.140084;-1.560821;-4.993414;-2.139219;-1.546669;0.249995;-0.007685;0.234759;0.005180;0.020174;2.964556
47.60212;-5.008026;-2.137446;-1.599996;-4.993085;-2.152973;-1.546996;-4.993776;-2.159152;-1.545365;0.249913;-0.031715;0.275159;-0.006544;0.025965;3.130155
47.62034;-5.008391;-2.149936;-1.601654;-4.993431;-2.172308;-1.543869;-4.999855;-2.152934;-1.563794;0.249905;-0.033147;0.263214;0.029914;0.009047;2.169167
47.63936;-5.008776;-2.162430;-1.602077;-4.999790;-2.165039;-1.567187;-4.997608;-2.148710;-1.583240;0.249994;-0.008463;0.242093;-0.067851;0.017691;1.079265
47.65949;-5.009167;-2.174923;-1.601380;-4.997791;-2.163067;-1.583872;-5.002715;-2.177401;-1.580375;0.249983;0.013926;0.287161;-0.012631;0.006912;1.203499
47.67430;-5.009549;-2.187416;-1.600748;-5.002839;-2.189406;-1.581810;-5.003351;-2.187241;-1.576956;0.249986;0.012649;0.240109;-0.028686;0.006201;1.363179
47.69235;-5.009924;-2.199910;-1.600307;-5.003430;-2.200887;-1.576232;-5.005093;-2.201778;-1.581494;0.249993;0.008821;0.272923;0.014478;0.005179;1.077885
47.70692;-5.010293;-2.212404;-1.599556;-5.005223;-2.213781;-1.581845;-5.009303;-2.219870;-1.593455;0.249980;0.015022;0.240079;-0.007005;0.007531;0.349558
47.72474;-5.010652;-2.224894;-1.597996;-5.009571;-2.232373;-1.590920;-5.010884;-2.223503;-1.590106;0.249915;0.031206;0.250113;0.050690;0.001411;0.452015
47.73930;-5.010992;-2.237386;-1.596602;-5.011149;-2.237368;-1.589747;-5.027351;-2.242929;-1.580105;0.249933;0.027876;0.277358;0.007184;0.017273;0.945192
47.75534;-5.011314;-2.249880;-1.595448;-5.027465;-2.256228;-1.578607;-5.028176;-2.259874;-1.590607;0.249954;0.023075;0.266000;0.029952;0.019601;0.277352
47.78053;-5.011622;-2.262370;-1.593642;-5.028392;-2.271117;-1.589355;-5.009922;-2.271563;-1.579172;0.249887;0.036112;0.224895;0.025038;0.009348;0.829075
47.80318;-5.011908;-2.274866;-1.592922;-5.010071;-2.285308;-1.584156;-5.006542;-2.287837;-1.591946;0.249982;0.014415;0.274918;-0.099670;0.014037;0.055892
47.81749;-5.012184;-2.287360;-1.591508;-5.006759;-2.298908;-1.588839;-5.007481;-2.289861;-1.572110;0.249931;0.028274;0.221453;0.062146;0.005327;1.111415
47.83350;-5.012443;-2.299857;-1.591264;-5.007505;-2.300508;-1.574087;-4.996211;-2.300243;-1.578871;0.249998;0.004889;0.212955;-0.039533;0.016237;0.710062
47.85210;-5.012699;-2.312354;-1.590863;-4.996312;-2.312034;-1.579911;-4.996575;-2.310550;-1.573885;0.249994;0.008005;0.235839;-0.020810;0.016224;0.972796
47.86978;-5.012950;-2.324852;-1.590754;-4.996588;-2.323850;-1.569574;-5.021708;-2.310340;-1.579045;0.250000;0.002178;0.265998;0.086222;0.016950;0.670914
47.88780;-5.013199;-2.337347;-1.589775;-5.021782;-2.322077;-1.575257;-5.015579;-2.343037;-1.587508;0.249967;0.019583;0.234757;0.075763;0.006167;0.129897
47.90596;-5.013436;-2.349842;-1.588421;-5.015780;-2.355007;-1.587675;-4.994860;-2.359429;-1.611902;0.249936;0.027090;0.239440;-0.003330;0.020904;1.345400
47.92449;-5.013656;-2.362330;-1.586071;-4.995329;-2.371132;-1.609693;-5.004593;-2.363043;-1.618896;0.249808;0.046992;0.234249;0.044185;0.009092;1.880700
47.94172;-5.013847;-2.374813;-1.583081;-5.005170;-2.375619;-1.614474;-5.001999;-2.380765;-1.598756;0.249690;0.059809;0.251791;0.088427;0.013259;0.898136
47.96039;-5.014001;-2.387307;-1.581340;-5.002275;-2.391415;-1.594654;-5.004079;-2.384624;-1.605310;0.249897;0.034468;0.213074;0.082044;0.010278;1.373366
47.97694;-5.014132;-2.399799;-1.579176;-5.004529;-2.397333;-1.607165;-5.016495;-2.414930;-1.611189;0.249837;0.043288;0.254354;-0.037092;0.015314;1.834196
47.99247;-5.014237;-2.412284;-1.576369;-5.016983;-2.427875;-1.605760;-5.024598;-2.422277;-1.605528;0.249727;0.056128;0.259093;0.108572;0.014395;1.670681
48.01011;-5.014307;-2.424772;-1.573713;-5.024979;-2.433984;-1.601077;-5.009523;-2.430149;-1.604307;0.249755;0.053129;0.234273;0.089029;0.007197;1.752926
48.02713;-5.014343;-2.437263;-1.571480;-5.009894;-2.441507;-1.602626;-5.012458;-2.432275;-1.609709;0.249827;0.044660;0.227288;0.033632;0.005332;2.190383
48.05078;-5.014352;-2.449751;-1.568854;-5.012926;-2.444877;-1.606088;-5.021739;-2.459078;-1.603836;0.249761;0.052518;0.252206;0.072433;0.011898;2.004324
48.06541;-5.014327;-2.462240;-1.566358;-5.022143;-2.471804;-1.601126;-5.011108;-2.466932;-1.607655;0.249784;0.049914;0.254643;0.054195;0.005690;2.366109
48.09356;-5.014272;-2.474730;-1.563884;-5.011520;-2.478797;-1.603330;-5.008941;-2.479202;-1.602801;0.249787;0.049493;0.237451;0.086487;0.006958;2.229779
48.11527;-5.014185;-2.487222;-1.561751;-5.009323;-2.491318;-1.601736;-5.010062;-2.487065;-1.582907;0.249842;0.042662;0.242437;0.021286;0.004127;1.212144
48.13147;-5.014072;-2.499719;-1.560784;-5.010210;-2.498594;-1.584331;-5.009015;-2.500077;-1.569991;0.249968;0.019337;0.230594;-0.028489;0.005071;0.527514
48.14860;-5.013947;-2.512219;-1.560616;-5.008976;-2.511720;-1.564985;-5.030193;-2.509932;-1.550332;0.249999;0.003360;0.232871;0.100109;0.016405;0.589218
48.16712;-5.013820;-2.524718;-1.561116;-5.029940;-2.522119;-1.549787;-5.009830;-2.515087;-1.538772;0.249991;-0.010008;0.243779;0.010902;0.010424;1.280251
48.18265;-5.013699;-2.537212;-1.562800;-5.009440;-2.527178;-1.538275;-5.022423;-2.527344;-1.540775;0.249902;-0.033682;0.241933;0.009927;0.013171;1.261944
48.19823;-5.013599;-2.549709;-1.564057;-5.022127;-2.537404;-1.541977;-5.027471;-2.541944;-1.546975;0.249945;-0.025143;0.201275;-0.024039;0.015897;0.978734
48.21436;-5.013515;-2.562208;-1.564816;-5.027167;-2.554773;-1.547189;-5.031486;-2.548879;-1.564191;0.249980;-0.015175;0.256652;-0.004281;0.022375;0.035809
48.23043;-5.013440;-2.574707;-1.564442;-5.031363;-2.561055;-1.557116;-5.024807;-2.564969;-1.564653;0.249995;0.007488;0.243540;0.141508;0.014969;0.012076
48.24897;-5.013361;-2.587207;-1.564199;-5.024717;-2.580169;-1.565036;-5.010640;-2.585053;-1.558570;0.249998;0.004852;0.304008;-0.007668;0.003470;0.322539
48.26467;-5.013278;-2.599706;-1.564668;-5.010485;-2.598604;-1.560151;-5.009852;-2.601503;-1.565402;0.249992;-0.009385;0.271026;-0.031613;0.003868;0.042028
48.28129;-5.013202;-2.612206;-1.564746;-5.009791;-2.612832;-1.565403;-5.009721;-2.617246;-1.567426;0.250000;-0.001544;0.226580;-0.000026;0.006125;0.153584
48.29933;-5.013126;-2.624706;-1.564703;-5.009707;-2.629680;-1.571971;-5.012038;-2.624227;-1.578147;0.250000;0.000851;0.248684;-0.090892;0.001188;0.770262
48.31549;-5.013050;-2.637205;-1.563958;-5.012116;-2.636967;-1.575552;-5.021378;-2.624762;-1.569046;0.249981;0.014901;0.254796;0.051885;0.014973;0.291516
48.33873;-5.012964;-2.649704;-1.563523;-5.021356;-2.635897;-1.568608;-5.031600;-2.654293;-1.573350;0.249993;0.008700;0.222703;0.008760;0.019192;0.563046
48.35606;-5.012874;-2.662202;-1.562562;-5.031628;-2.665330;-1.573269;-5.017489;-2.661165;-1.565427;0.249968;0.019229;0.220748;0.001626;0.004730;0.164165
48.37355;-5.012771;-2.674702;-1.562435;-5.017407;-2.673629;-1.563106;-5.008276;-2.682018;-1.581248;0.249999;0.002529;0.249277;0.046407;0.008587;1.077910
48.39058;-5.012666;-2.687200;-1.561594;-5.008394;-2.694840;-1.578651;-5.005002;-2.688985;-1.582514;0.249975;0.016827;0.256435;0.051939;0.007869;1.198651
48.40687;-5.012551;-2.699698;-1.560761;-5.005141;-2.702044;-1.580391;-5.006922;-2.701202;-1.593042;0.249976;0.016659;0.261190;0.042471;0.005827;1.849547
48.42441;-5.012426;-2.712194;-1.559245;-5.007192;-2.714496;-1.589105;-5.010239;-2.708466;-1.585762;0.249920;0.030308;0.265936;0.078732;0.004322;1.519311
48.44244;-5.012281;-2.724690;-1.558079;-5.010408;-2.720616;-1.583601;-5.029320;-2.716655;-1.585061;0.249953;0.023321;0.243037;0.043228;0.018838;1.545946
48.45975;-5.012122;-2.737185;-1.556453;-5.029498;-2.729825;-1.583547;-5.027484;-2.730816;-1.573385;0.249908;0.032526;0.263433;0.030287;0.016629;0.970145
48.47628;-5.011943;-2.749682;-1.555571;-5.027525;-2.744402;-1.574192;-5.020079;-2.754047;-1.573381;0.249973;0.017640;0.271718;-0.016129;0.009232;1.020459
48.49241;-5.011753;-2.762180;-1.554880;-5.020116;-2.767062;-1.573977;-5.022266;-2.768415;-1.576431;0.249983;0.013830;0.260296;-0.011907;0.012223;1.234780
48.50946;-5.011554;-2.774677;-1.553943;-5.022346;-2.781509;-1.577397;-5.010500;-2.780867;-1.569211;0.249970;0.018734;0.261874;-0.019333;0.006279;0.874775
48.52550;-5.011343;-2.787175;-1.553754;-5.010461;-2.794613;-1.566728;-5.016443;-2.802841;-1.564001;0.249999;0.003775;0.274928;0.049647;0.016476;0.587094
48.54257;-5.011130;-2.799673;-1.553713;-5.016369;-2.816189;-1.566532;-5.009029;-2.811977;-1.564271;0.250000;0.000826;0.266952;-0.050616;0.012482;0.604919
48.56392;-5.010917;-2.812171;-1.553857;-5.008957;-2.823693;-1.565028;-5.009775;-2.822823;-1.542535;0.249999;-0.002879;0.234322;-0.015155;0.010712;0.648690
48.58853;-5.010705;-2.824666;-1.555251;-5.009446;-2.834626;-1.543262;-5.020237;-2.824019;-1.562730;0.249929;-0.028526;0.236158;-0.014532;0.009554;0.428524
48.60682;-5.010511;-2.837164;-1.555395;-5.020135;-2.836692;-1.562850;-5.025238;-2.829935;-1.560178;0.250000;0.001480;0.253451;-0.002411;0.016406;0.274067
48.62234;-5.010318;-2.849663;-1.555334;-5.025107;-2.842636;-1.560842;-5.027556;-2.827384;-1.556315;0.250000;0.001213;0.254041;-0.013282;0.028169;0.056227
48.63842;-5.010125;-2.862161;-1.555442;-5.027382;-2.839608;-1.556968;-5.022104;-2.856870;-1.539081;0.250000;-0.002158;0.244508;-0.013047;0.013095;0.937433
48.65552;-5.009933;-2.874657;-1.556726;-5.021634;-2.871807;-1.539691;-5.024212;-2.874878;-1.543783;0.249943;-0.025683;0.298876;-0.012197;0.014281;0.741560
48.67258;-5.009757;-2.887154;-1.557663;-5.023883;-2.887381;-1.545159;-5.017595;-2.888171;-1.564877;0.249970;-0.018744;0.250147;-0.027505;0.007903;0.413322
48.68962;-5.009593;-2.899653;-1.557519;-5.017513;-2.901211;-1.564139;-5.013332;-2.893770;-1.563287;0.249999;0.002895;0.260810;0.014760;0.006971;0.330505
48.70734;-5.009427;-2.912152;-1.557589;-5.013244;-2.906135;-1.564118;-5.005076;-2.902028;-1.575561;0.250000;-0.001416;0.247310;-0.016624;0.011020;1.029702
48.72536;-5.009262;-2.924651;-1.557158;-5.005149;-2.915455;-1.576878;-4.986781;-2.924812;-1.584490;0.249994;0.008621;0.268547;-0.026348;0.022481;1.566016
48.74250;-5.009092;-2.937149;-1.556719;-4.986953;-2.937737;-1.583725;-4.997099;-2.933029;-1.578686;0.249993;0.008789;0.258513;0.015312;0.012680;1.258603
48.76054;-5.008916;-2.949648;-1.556330;-4.997199;-2.945023;-1.579496;-5.004215;-2.948897;-1.578983;0.249995;0.007783;0.239871;-0.016207;0.004761;1.297919
48.77708;-5.008735;-2.962146;-1.555715;-5.004332;-2.961531;-1.581189;-5.003749;-2.968784;-1.588065;0.249987;0.012289;0.252685;-0.044128;0.008302;1.853507
48.79266;-5.008546;-2.974642;-1.554568;-5.003942;-2.980221;-1.587215;-5.020706;-2.982935;-1.591203;0.249954;0.022937;0.228787;0.016995;0.014719;2.099001
48.81542;-5.008344;-2.987134;-1.552728;-5.020896;-2.993974;-1.584718;-5.019027;-2.996049;-1.578230;0.249882;0.036806;0.220813;0.129693;0.013914;1.461129
48.85002;-5.008118;-2.999631;-1.551712;-5.019096;-3.007482;-1.575404;-5.009507;-3.001134;-1.563441;0.249964;0.020313;0.228668;0.056520;0.002047;0.671992
48.86404;-5.007879;-3.012128;-1.551868;-5.009413;-3.013604;-1.562969;-5.006721;-3.011485;-1.552114;0.249999;-0.003119;0.249419;0.009437;0.001325;0.014100
48.88456;-5.007643;-3.024625;-1.552786;-5.006518;-3.023193;-1.554863;-5.006887;-3.010963;-1.558720;0.249971;-0.018363;0.234186;-0.054974;0.013683;0.339962
48.90209;-5.007418;-3.037122;-1.553303;-5.006729;-3.023001;-1.556652;-5.009647;-3.048781;-1.563581;0.249991;-0.010337;0.240783;0.041361;0.011871;0.588852
48.91860;-5.007199;-3.049620;-1.553440;-5.009577;-3.060017;-1.565572;-5.009749;-3.061063;-1.578437;0.249999;-0.002726;0.224710;-0.039820;0.011723;1.432230
48.93562;-5.006982;-3.062117;-1.552680;-5.009837;-3.076000;-1.574913;-5.007285;-3.064498;-1.578912;0.249980;0.015202;0.298755;0.070481;0.002400;1.502986
48.95309;-5.006756;-3.074614;-1.551967;-5.007378;-3.076999;-1.577586;-4.997702;-3.065774;-1.560654;0.249982;0.014255;0.250019;0.026502;0.012654;0.497743
48.96963;-5.006520;-3.087111;-1.552504;-4.997570;-3.079401;-1.561576;-5.005537;-3.076273;-1.561838;0.249984;-0.013596;0.272543;-0.018431;0.010883;0.534815
48.98566;-5.006292;-3.099609;-1.552869;-5.005420;-3.088889;-1.561193;-5.001091;-3.089778;-1.567615;0.249995;-0.007296;0.252329;0.012907;0.011121;0.844868
49.00291;-5.006067;-3.112107;-1.553025;-5.001068;-3.102692;-1.570355;-5.009355;-3.100062;-1.577561;0.249999;-0.003133;0.258281;-0.054811;0.012486;1.405794
49.02068;-5.005845;-3.124604;-1.552324;-5.009429;-3.112048;-1.576480;-5.002326;-3.111386;-1.582536;0.249983;0.014026;0.239728;0.021619;0.013678;1.731027
49.03714;-5.005614;-3.137101;-1.551546;-5.002466;-3.123964;-1.581245;-4.994724;-3.126210;-1.563445;0.249979;0.015566;0.251584;0.025818;0.015402;0.681763
49.05319;-5.005374;-3.149598;-1.552018;-4.994641;-3.139411;-1.565644;-5.004495;-3.146445;-1.558883;0.249987;-0.012201;0.264032;-0.043988;0.003273;0.393359
49.06960;-5.005139;-3.162095;-1.552587;-5.004369;-3.158140;-1.561238;-5.006162;-3.171856;-1.567836;0.249989;-0.011386;0.233916;-0.047093;0.009814;0.873700
49.09039;-5.004912;-3.174593;-1.552562;-5.006121;-3.184548;-1.567251;-5.014579;-3.183726;-1.562405;0.250000;0.000492;0.253850;0.011690;0.013299;0.563929
49.10995;-5.004684;-3.187091;-1.552584;-5.014471;-3.196379;-1.562225;-5.010883;-3.193367;-1.566299;0.250000;-0.000438;0.253055;0.003594;0.008822;0.785811
49.12649;-5.004456;-3.199589;-1.552493;-5.010803;-3.207380;-1.563841;-5.007687;-3.207357;-1.540055;0.250000;0.001832;0.280263;0.049157;0.008413;0.712632
49.14251;-5.004227;-3.212082;-1.553651;-5.007288;-3.220300;-1.539973;-5.016272;-3.231918;-1.545311;0.249913;-0.031744;0.258979;0.001645;0.023206;0.477849
49.16054;-5.004013;-3.224579;-1.554628;-5.015981;-3.244163;-1.548850;-5.016730;-3.242325;-1.543860;0.249967;-0.019539;0.244966;-0.070784;0.021832;0.616962
49.17647;-5.003811;-3.237075;-1.555673;-5.016382;-3.255893;-1.546492;-5.005067;-3.249983;-1.537549;0.249962;-0.020902;0.271444;-0.052647;0.012969;1.038412
49.19349;-5.003622;-3.249568;-1.557494;-5.004665;-3.262367;-1.539070;-4.997435;-3.251928;-1.547231;0.249885;-0.036422;0.247797;-0.030411;0.006622;0.588017
49.20965;-5.003456;-3.262063;-1.558996;-4.997124;-3.265367;-1.548103;-5.005761;-3.262446;-1.553803;0.249922;-0.030039;0.268857;-0.017427;0.002337;0.297533
49.22677;-5.003308;-3.274561;-1.559817;-5.005578;-3.274363;-1.557170;-4.989972;-3.276721;-1.574218;0.249977;-0.016413;0.238362;-0.067341;0.013510;0.825128
49.24427;-5.003171;-3.287060;-1.559961;-4.990017;-3.288077;-1.575228;-4.979785;-3.291289;-1.575917;0.249999;-0.002877;0.227112;-0.020198;0.023765;0.914226
49.25980;-5.003036;-3.299559;-1.560363;-4.979872;-3.302901;-1.580701;-4.993477;-3.297991;-1.575856;0.249994;-0.008051;0.232231;-0.095692;0.009686;0.887692
49.27534;-5.002905;-3.312059;-1.560289;-4.993544;-3.311169;-1.575894;-4.985376;-3.305577;-1.564411;0.250000;0.001473;0.263572;-0.000762;0.018689;0.236135
49.29065;-5.002774;-3.324557;-1.561190;-4.985335;-3.318160;-1.570605;-4.983970;-3.332585;-1.596911;0.249972;-0.018019;0.251658;-0.123881;0.020446;2.046616
49.30870;-5.002654;-3.337054;-1.560841;-4.984279;-3.345645;-1.592006;-5.001545;-3.350950;-1.594419;0.249966;0.019801;0.261277;0.098088;0.013940;1.923836
49.33431;-5.002529;-3.349550;-1.559368;-5.001827;-3.363739;-1.591339;-5.000981;-3.356732;-1.589375;0.249925;0.029471;0.255836;0.061600;0.007347;1.719303
49.35535;-5.002387;-3.362047;-1.558217;-5.001209;-3.368642;-1.590495;-5.002287;-3.364008;-1.597436;0.249954;0.023011;0.238237;-0.022398;0.001964;2.247049
49.37232;-5.002229;-3.374541;-1.556535;-5.002622;-3.377224;-1.594973;-4.997058;-3.372635;-1.590500;0.249902;0.033644;0.264405;0.049256;0.005512;1.946059
49.39236;-5.002051;-3.387038;-1.555461;-4.997308;-3.384570;-1.593061;-5.010105;-3.384836;-1.601449;0.249960;0.021475;0.238764;-0.051209;0.008349;2.634908
49.40688;-5.001860;-3.399528;-1.553247;-5.010459;-3.397393;-1.596496;-5.004559;-3.402701;-1.584268;0.249830;0.044291;0.251233;0.099067;0.004166;1.777385
49.42391;-5.001640;-3.412024;-1.552267;-5.004703;-3.416241;-1.578685;-5.004943;-3.403836;-1.562160;0.249967;0.019591;0.270824;0.111653;0.008829;0.566820
49.44243;-5.001409;-3.424522;-1.552538;-5.004814;-3.416805;-1.559537;-5.003963;-3.409207;-1.558957;0.249996;-0.006647;0.259387;0.052466;0.015526;0.367804
49.45748;-5.001181;-3.437019;-1.553099;-5.003804;-3.422301;-1.558370;-5.008119;-3.418838;-1.568333;0.249989;-0.011218;0.261903;0.011750;0.019460;0.872877
49.47400;-5.000959;-3.449517;-1.552938;-5.008105;-3.430598;-1.570994;-5.008722;-3.437550;-1.568825;0.249999;0.003206;0.235195;-0.053221;0.014265;0.910232
49.49118;-5.000736;-3.462015;-1.552722;-5.008702;-3.449010;-1.569270;-5.007757;-3.449863;-1.561033;0.249998;0.004333;0.229215;-0.008901;0.014035;0.476181
49.50770;-5.000510;-3.474513;-1.553007;-5.007646;-3.461653;-1.561672;-5.003307;-3.464287;-1.550312;0.249997;-0.005712;0.235827;-0.012787;0.010601;0.154438
49.52471;-5.000288;-3.487009;-1.554107;-5.003001;-3.478261;-1.547556;-4.994229;-3.468286;-1.540023;0.249958;-0.021997;0.279552;0.055115;0.019678;0.806947
49.54383;-5.000079;-3.499500;-1.556180;-4.993793;-3.481841;-1.537167;-4.998114;-3.493105;-1.533997;0.249851;-0.041449;0.271233;0.057126;0.006690;1.270964
49.56187;-4.999897;-3.511989;-1.558463;-4.997743;-3.503855;-1.538596;-4.995459;-3.503031;-1.542990;0.249819;-0.045661;0.215140;-0.091975;0.009997;0.886493
49.57588;-4.999743;-3.524482;-1.560313;-4.995133;-3.516051;-1.548447;-5.008507;-3.515474;-1.565590;0.249881;-0.037007;0.260480;-0.109134;0.012568;0.302343
49.60569;-4.999612;-3.536982;-1.560913;-5.008416;-3.527564;-1.561011;-5.001703;-3.537837;-1.562015;0.250000;0.000629;0.241814;0.091577;0.002260;0.063112
49.62072;-4.999488;-3.549481;-1.561370;-5.001560;-3.550472;-1.556914;-5.012081;-3.552190;-1.577002;0.249993;-0.009140;0.252721;0.102022;0.012881;0.895649
49.64053;-4.999370;-3.561979;-1.560577;-5.012183;-3.566947;-1.578373;-5.002086;-3.565421;-1.566709;0.249974;0.017460;0.295132;-0.027408;0.004385;0.351324
49.65722;-4.999243;-3.574478;-1.560735;-5.002010;-3.578084;-1.562848;-5.009389;-3.574574;-1.554442;0.249999;-0.003159;0.253276;0.077222;0.010146;0.360557
49.67560;-4.999117;-3.586977;-1.561321;-5.009218;-3.586713;-1.558981;-5.014824;-3.575730;-1.574101;0.249988;-0.011721;0.242800;-0.090780;0.019319;0.732248
49.69353;-4.998998;-3.599475;-1.560657;-5.014855;-3.586332;-1.573338;-5.009215;-3.595157;-1.563966;0.249976;0.016456;0.212030;0.015274;0.011092;0.189578
49.70953;-4.998872;-3.611974;-1.560674;-5.009126;-3.609041;-1.564785;-5.000115;-3.616351;-1.544032;0.250000;-0.000325;0.277678;-0.016379;0.004550;0.953515
49.72969;-4.998745;-3.624469;-1.561940;-4.999795;-3.628439;-1.544699;-4.996546;-3.625221;-1.553466;0.249911;-0.032018;0.241840;-0.013346;0.002324;0.485528
49.74368;-4.998635;-3.636966;-1.563130;-4.996308;-3.638569;-1.552534;-5.000880;-3.624899;-1.549639;0.249951;-0.023812;0.266991;0.018628;0.012275;0.772977
49.76031;-4.998539;-3.649463;-1.564361;-5.000631;-3.637793;-1.553209;-5.016852;-3.637117;-1.544771;0.249947;-0.024620;0.257927;-0.071390;0.022086;1.122422
49.77936;-4.998458;-3.661962;-1.565181;-5.016449;-3.651950;-1.542498;-5.015968;-3.654161;-1.548755;0.249977;-0.016393;0.296774;0.045476;0.019169;0.941156
49.79337;-4.998388;-3.674461;-1.565792;-5.015662;-3.667682;-1.547570;-5.027757;-3.668439;-1.547814;0.249987;-0.012213;0.270492;0.023687;0.029980;1.030017
49.81075;-4.998326;-3.686961;-1.565920;-5.027458;-3.681064;-1.546433;-5.006080;-3.694073;-1.532313;0.249999;-0.002567;0.252574;0.027637;0.010522;1.925568
49.82750;-4.998265;-3.699454;-1.567298;-5.005651;-3.706461;-1.540024;-4.987089;-3.702775;-1.533604;0.249857;-0.040594;0.247903;-0.154233;0.011658;1.930547
49.84452;-4.998221;-3.711940;-1.569927;-4.986694;-3.713982;-1.537369;-4.986886;-3.704208;-1.522826;0.249722;-0.056573;0.224273;-0.075297;0.013721;2.698649
49.86437;-4.998210;-3.724419;-1.573412;-4.986300;-3.716989;-1.527071;-4.994496;-3.714691;-1.537224;0.249578;-0.069708;0.255883;-0.084900;0.010413;2.073449
49.88439;-4.998243;-3.736910;-1.575683;-4.994158;-3.724957;-1.538530;-5.003407;-3.733176;-1.551626;0.249821;-0.045425;0.205429;-0.026125;0.006373;1.378363
49.90569;-4.998304;-3.749408;-1.576705;-5.003171;-3.745598;-1.551926;-5.007157;-3.743549;-1.547848;0.249966;-0.019776;0.248484;-0.005988;0.010616;1.653378
49.92180;-4.998378;-3.761906;-1.577740;-5.006909;-3.754869;-1.550039;-4.999425;-3.755065;-1.550684;0.249963;-0.020703;0.226465;-0.043818;0.006921;1.550186
49.93682;-4.998464;-3.774403;-1.578974;-4.999179;-3.767326;-1.550801;-5.008636;-3.766127;-1.559325;0.249947;-0.024689;0.245281;-0.002340;0.013113;1.125821
49.95391;-4.998567;-3.786902;-1.579243;-5.008498;-3.778701;-1.560326;-4.988797;-3.777201;-1.558058;0.249997;-0.005367;0.251500;-0.020020;0.013768;1.213807
49.97144;-4.998672;-3.799399;-1.580557;-4.988646;-3.790487;-1.560729;-5.005076;-3.786406;-1.575886;0.249940;-0.026280;0.265741;-0.053418;0.014485;0.267591
49.98949;-4.998794;-3.811898;-1.580621;-5.005136;-3.798405;-1.575789;-5.011135;-3.793671;-1.566761;0.249989;0.011127;0.239980;0.001950;0.022012;0.794078
50.00653;-4.998917;-3.824397;-1.580309;-5.011062;-3.804774;-1.561700;-5.006483;-3.814279;-1.545606;0.249997;0.006234;0.222077;0.101227;0.012634;1.988346
50.02257;-4.999036;-3.836894;-1.581247;-5.006194;-3.826008;-1.546792;-4.997891;-3.830858;-1.543209;0.249951;-0.023668;0.234636;-0.023727;0.006143;2.179430
50.04153;-4.999166;-3.849388;-1.583011;-4.997583;-3.842238;-1.544184;-4.999845;-3.855467;-1.572512;0.249892;-0.035270;0.227678;-0.019506;0.006117;0.601540
50.05858;-4.999319;-3.861887;-1.583524;-4.999870;-3.868390;-1.572870;-4.995376;-3.869774;-1.553701;0.250000;0.001896;0.258461;-0.007164;0.008818;1.708732
50.07466;-4.999478;-3.874383;-1.584795;-4.995142;-3.882401;-1.550842;-4.990226;-3.877651;-1.542256;0.249944;-0.025424;0.252583;0.057180;0.009813;2.437347
50.09232;-4.999653;-3.886873;-1.587030;-4.989943;-3.887810;-1.543668;-4.993748;-3.892997;-1.551699;0.249827;-0.044699;0.203257;-0.028238;0.008507;2.024314
50.11050;-4.999856;-3.899368;-1.588515;-4.993521;-3.905541;-1.553670;-5.007075;-3.913163;-1.572078;0.249923;-0.029694;0.250929;-0.039420;0.015570;0.941758
50.13075;-5.000077;-3.911865;-1.588750;-5.007107;-3.924953;-1.574939;-4.999895;-3.919487;-1.581726;0.249992;0.009350;0.235799;-0.057219;0.007624;0.402446
50.14884;-5.000302;-3.924363;-1.588100;-5.000044;-3.932068;-1.583685;-4.988580;-3.926999;-1.588723;0.249985;0.012998;0.251625;-0.039185;0.012014;0.035734
50.16686;-5.000518;-3.936860;-1.587663;-4.988761;-3.938039;-1.585605;-4.998187;-3.947410;-1.590236;0.249993;0.008742;0.220842;0.062359;0.010804;0.147435
50.18340;-5.000729;-3.949357;-1.586600;-4.998433;-3.960622;-1.588648;-4.989792;-3.961837;-1.577282;0.249961;0.021261;0.264273;0.031757;0.016594;0.533884
50.20548;-5.000926;-3.961855;-1.586787;-4.989848;-3.973860;-1.573509;-4.991833;-3.965873;-1.572720;0.249999;-0.004016;0.240459;0.075462;0.009942;0.805962
50.22600;-5.001126;-3.974353;-1.587145;-4.991842;-3.977611;-1.570492;-4.992528;-3.974006;-1.573652;0.249996;-0.007169;0.234756;0.044557;0.008605;0.773096
50.24474;-5.001331;-3.986851;-1.587411;-4.992548;-3.986304;-1.571215;-4.994328;-3.993415;-1.576411;0.249998;-0.005312;0.245970;0.048737;0.009598;0.630239
50.26127;-5.001538;-3.999350;-1.587412;-4.994388;-4.005855;-1.574843;-5.002569;-4.011416;-1.584482;0.250000;-0.000025;0.248810;0.031349;0.012110;0.167862
50.27841;-5.001744;-4.011704;-1.586435;-5.002692;-4.021919;-1.580634;-5.007691;-4.014577;-1.567928;0.247114;0.019541;0.210073;0.076971;0.006605;1.060338
50.29443;-5.001936;-4.024020;-1.586139;-5.007672;-4.026210;-1.570344;-4.992978;-4.021858;-1.563645;0.246360;0.005924;0.232665;-0.048318;0.009215;1.288763
50.31446;-5.002124;-4.036245;-1.586998;-4.992880;-4.034581;-1.562584;-5.015709;-4.036376;-1.578996;0.244517;-0.017195;0.254472;0.021233;0.013586;0.458501
50.33153;-5.002319;-4.048286;-1.586608;-5.015822;-4.050544;-1.578582;-5.005507;-4.056651;-1.583221;0.240866;0.029400;0.283368;0.008271;0.008952;0.194044
50.35114;-5.002505;-4.060075;-1.585512;-5.005662;-4.068363;-1.584806;-5.008882;-4.064796;-1.581719;0.235802;0.021915;0.234256;-0.031693;0.007934;0.217355
50.36966;-5.002677;-4.071762;-1.584287;-5.009039;-4.078548;-1.582715;-5.006797;-4.065157;-1.573968;0.233763;0.024503;0.275059;-0.019924;0.007784;0.591227
50.38700;-5.002835;-4.083446;-1.583661;-5.006836;-4.077563;-1.573981;-5.005845;-4.070155;-1.573346;0.233704;0.012531;0.248115;-0.000263;0.013627;0.590967
50.40313;-5.002984;-4.095068;-1.583131;-5.005866;-4.080604;-1.572364;-4.997641;-4.082371;-1.578529;0.232457;0.010603;0.208983;0.019642;0.013775;0.263636
50.41966;-5.003126;-4.106537;-1.582821;-4.997712;-4.093042;-1.576437;-4.988165;-4.095742;-1.569893;0.229405;0.006194;0.213423;0.041835;0.018449;0.740719
50.43766;-5.003262;-4.117839;-1.583660;-4.988141;-4.106942;-1.567292;-4.988470;-4.112052;-1.561932;0.226062;-0.016789;0.223998;0.052014;0.015883;1.244935
50.45533;-5.003405;-4.128936;-1.584971;-4.988356;-4.123973;-1.560477;-4.985156;-4.137328;-1.568206;0.221953;-0.026218;0.238442;0.029106;0.020085;0.960545
50.47135;-5.003557;-4.139718;-1.586159;-4.985136;-4.148959;-1.569925;-4.994884;-4.155236;-1.568860;0.215658;-0.023754;0.232623;-0.034365;0.017777;0.991127
50.48938;-5.003720;-4.150276;-1.586638;-4.994846;-4.164972;-1.564945;-5.010008;-4.157093;-1.543354;0.211188;-0.009590;0.194717;0.078304;0.009274;2.480033
50.50542;-5.003887;-4.160811;-1.587573;-5.009790;-4.165567;-1.546984;-5.016104;-4.162812;-1.548775;0.210716;-0.018685;0.169530;-0.072608;0.012380;2.222915
50.52144;-5.004062;-4.171276;-1.587740;-5.015850;-4.173798;-1.546574;-5.003302;-4.169299;-1.534248;0.209335;-0.003346;0.219786;0.044028;0.002118;3.064835
50.53695;-5.004238;-4.181653;-1.589157;-5.002934;-4.178995;-1.531444;-5.007714;-4.165234;-1.541679;0.207567;-0.039088;0.194056;0.056079;0.016783;2.720293
50.55833;-5.004430;-4.192084;-1.590350;-5.007409;-4.176004;-1.543262;-5.004269;-4.178737;-1.539874;0.208659;-0.023852;0.215502;-0.031664;0.013348;2.892024
50.57843;-5.004630;-4.202344;-1.591893;-5.003923;-4.189967;-1.540030;-5.007093;-4.189172;-1.568565;0.205251;-0.030868;0.224711;-0.003115;0.013401;1.336577
50.59596;-5.004844;-4.212478;-1.592187;-5.007071;-4.199309;-1.568658;-5.014398;-4.205247;-1.569788;0.202710;0.007820;0.202732;-0.001842;0.011982;1.283343
50.61258;-5.005056;-4.222410;-1.591230;-5.014377;-4.215609;-1.567832;-5.002834;-4.213462;-1.569833;0.198692;0.020527;0.207257;0.039126;0.009220;1.225935
50.62961;-5.005257;-4.232240;-1.591072;-5.002822;-4.223815;-1.569509;-5.002926;-4.233148;-1.570513;0.196635;0.003168;0.207074;0.006483;0.002502;1.177915
50.64689;-5.005452;-4.241823;-1.590860;-5.002944;-4.243233;-1.574755;-5.005114;-4.239835;-1.566376;0.191713;0.004238;0.201690;-0.084828;0.002017;1.402838
50.66297;-5.005642;-4.251324;-1.590721;-5.005067;-4.248206;-1.564127;-5.010673;-4.257059;-1.568607;0.190045;0.002768;0.167424;0.044961;0.007629;1.267078
50.68152;-5.005827;-4.260609;-1.589991;-5.010656;-4.265377;-1.568862;-5.013384;-4.262713;-1.582853;0.185741;0.014610;0.166358;-0.005110;0.007844;0.408946
50.69701;-5.006004;-4.269821;-1.588178;-5.013507;-4.273330;-1.581875;-5.012296;-4.264774;-1.584569;0.184268;0.036250;0.212362;0.019559;0.008066;0.206780
50.71402;-5.006164;-4.279007;-1.586349;-5.012397;-4.273577;-1.579878;-5.005417;-4.276894;-1.581764;0.183747;0.036595;0.176056;0.093826;0.002241;0.262657
50.73055;-5.006304;-4.288043;-1.585241;-5.005518;-4.286635;-1.580605;-5.005530;-4.294320;-1.572777;0.180751;0.022151;0.194832;0.023177;0.006324;0.714161
50.74587;-5.006432;-4.296863;-1.584652;-5.005539;-4.302787;-1.570956;-4.998146;-4.303885;-1.555335;0.176417;0.011780;0.169343;0.036416;0.010861;1.679760
50.76151;-5.006552;-4.305562;-1.585313;-4.998012;-4.311994;-1.553165;-5.009461;-4.306126;-1.567170;0.174001;-0.021750;0.162191;0.043385;0.002963;1.039524
50.77936;-5.006678;-4.314235;-1.584724;-5.009426;-4.315482;-1.566984;-4.990405;-4.318141;-1.564689;0.173476;0.012009;0.187112;0.003712;0.016736;1.147936
50.80106;-5.006797;-4.322757;-1.585385;-4.990354;-4.328722;-1.567297;-5.007230;-4.333948;-1.566820;0.170447;-0.024215;0.211614;-0.052170;0.011200;1.063722
50.82061;-5.006918;-4.331082;-1.584972;-5.007201;-4.342324;-1.567810;-5.001827;-4.330326;-1.582290;0.166519;0.008253;0.167521;-0.019802;0.005147;0.153672
50.83974;-5.007037;-4.339451;-1.584119;-5.001896;-4.336699;-1.581100;-5.008633;-4.331718;-1.575464;0.167402;0.017066;0.127461;0.023802;0.007896;0.495879
50.85556;-5.007148;-4.347803;-1.583064;-5.008667;-4.340254;-1.574106;-5.013908;-4.343954;-1.567175;0.167059;0.021102;0.170717;0.027162;0.007779;0.910362
50.87412;-5.007249;-4.356004;-1.582009;-5.013887;-4.351818;-1.569061;-5.010355;-4.364863;-1.578760;0.164023;0.021091;0.157280;-0.037726;0.009388;0.186194
50.89265;-5.007338;-4.363941;-1.580553;-5.010416;-4.372503;-1.578765;-5.005704;-4.377707;-1.583603;0.158759;0.029119;0.152802;-0.000100;0.013862;0.174726
50.90950;-5.007414;-4.371718;-1.579235;-5.005808;-4.385613;-1.584292;-5.007931;-4.378947;-1.582506;0.155542;0.026366;0.158145;-0.013789;0.007247;0.187414
50.92602;-5.007479;-4.379479;-1.577766;-5.008014;-4.386621;-1.580646;-4.999042;-4.391788;-1.585149;0.155229;0.029376;0.153505;0.037209;0.014923;0.422997
50.94593;-5.007532;-4.387081;-1.577000;-4.999136;-4.399064;-1.582218;-5.016547;-4.388887;-1.574381;0.152041;0.015334;0.145520;0.058614;0.009194;0.150014
50.96198;-5.007580;-4.394719;-1.575160;-5.016565;-4.394181;-1.573795;-5.009085;-4.385722;-1.568026;0.152762;0.036787;0.105877;0.011719;0.009122;0.408781
50.97873;-5.007613;-4.402398;-1.574439;-5.009055;-4.392328;-1.564347;-5.007960;-4.391188;-1.564126;0.153575;0.014422;0.132124;0.073574;0.011215;0.590928
50.99450;-5.007641;-4.410008;-1.574055;-5.007889;-4.399609;-1.560562;-5.006802;-4.414771;-1.580137;0.152213;0.007684;0.168437;0.071271;0.004837;0.348482
51.00967;-5.007665;-4.417322;-1.572797;-5.006859;-4.422474;-1.576183;-5.005023;-4.413417;-1.597670;0.146285;0.025156;0.154058;0.079084;0.004716;1.425111
51.02735;-5.007679;-4.424650;-1.570671;-5.005198;-4.420794;-1.591610;-4.999737;-4.418187;-1.573331;0.146559;0.042523;0.147583;0.121209;0.010240;0.152400
51.04938;-5.007679;-4.431923;-1.569795;-4.999757;-4.425055;-1.574084;-4.997853;-4.426510;-1.585852;0.145453;0.002500;0.137355;-0.015054;0.011218;0.919995
51.06675;-5.007671;-4.439091;-1.569116;-4.997913;-4.431387;-1.580343;-4.999029;-4.434539;-1.567256;0.143364;0.013573;0.097552;0.110181;0.009768;0.106576
51.08899;-5.007659;-4.446159;-1.569432;-4.999014;-4.441566;-1.570192;-5.017462;-4.458334;-1.565321;0.141364;-0.006309;0.140548;-0.058716;0.015630;0.235550
51.10401;-5.007650;-4.452931;-1.568497;-5.017423;-4.464050;-1.562625;-5.008024;-4.470864;-1.578142;0.135438;0.032101;0.114320;0.053919;0.017936;0.552579
51.12246;-5.007635;-4.459545;-1.567147;-5.008082;-4.478280;-1.579047;-5.002283;-4.478682;-1.565958;0.132266;0.027010;0.148322;-0.018114;0.019871;0.068125
51.13864;-5.007611;-4.466061;-1.567046;-5.002245;-4.485352;-1.564407;-5.007943;-4.489401;-1.560988;0.130331;-0.000551;0.133406;0.031019;0.023342;0.347125
51.15568;-5.007587;-4.472444;-1.566701;-5.007895;-4.493740;-1.558200;-5.001081;-4.471934;-1.550497;0.127663;0.006896;0.086785;0.055748;0.006527;0.928417
51.17271;-5.007560;-4.479044;-1.567607;-5.000933;-4.480066;-1.554836;-5.014305;-4.482969;-1.547671;0.131995;-0.021903;0.162681;-0.086766;0.007804;1.142238
51.18925;-5.007540;-4.485509;-1.567334;-5.014168;-4.488789;-1.546828;-5.008576;-4.475491;-1.580445;0.129306;0.005443;0.116430;0.016859;0.010071;0.751198
51.20730;-5.007517;-4.492064;-1.565812;-5.008631;-4.481383;-1.579485;-5.014884;-4.496269;-1.577732;0.131100;0.031199;0.117831;0.019215;0.008482;0.682955
51.22532;-5.007486;-4.498359;-1.563624;-5.014918;-4.502208;-1.575555;-5.001308;-4.496651;-1.559601;0.125904;0.043769;0.118768;0.043545;0.006409;0.230472
51.24316;-5.007440;-4.504651;-1.562685;-5.001230;-4.503335;-1.558500;-5.014148;-4.494745;-1.561564;0.125833;-0.010315;0.133696;0.022033;0.011963;0.064276
51.26020;-5.007389;-4.510967;-1.561560;-5.014082;-4.500992;-1.558738;-5.010992;-4.503940;-1.555579;0.126341;0.022515;0.124939;0.056514;0.007897;0.342645
51.27622;-5.007332;-4.517169;-1.561143;-5.010878;-4.510877;-1.553058;-5.005738;-4.516108;-1.542309;0.124042;0.008326;0.138760;0.050419;0.001915;1.079148
51.29249;-5.007274;-4.523217;-1.561977;-5.005618;-4.520382;-1.542845;-5.004835;-4.519431;-1.551999;0.120965;-0.019955;0.085516;-0.010731;0.004503;0.571718
51.31176;-5.007221;-4.529224;-1.562501;-5.004737;-4.524563;-1.551178;-5.006069;-4.517061;-1.548250;0.120144;-0.010484;0.102648;0.016421;0.012218;0.816539
51.33630;-5.007171;-4.535261;-1.563100;-5.005904;-4.524550;-1.549255;-5.003405;-4.521209;-1.547645;0.120738;-0.011977;0.149815;-0.020101;0.014548;0.885484
51.35300;-5.007124;-4.541245;-1.564062;-5.003240;-4.527936;-1.544723;-5.001597;-4.529729;-1.543535;0.119685;-0.019247;0.134587;0.058453;0.012774;1.176108
51.37604;-5.007085;-4.547122;-1.565494;-5.001501;-4.533345;-1.544854;-5.010240;-4.543902;-1.525721;0.117535;-0.028637;0.072344;-0.026364;0.004508;2.278853
51.39262;-5.007055;-4.552823;-1.566852;-5.010031;-4.548568;-1.526532;-5.016218;-4.554533;-1.529107;0.114024;-0.027154;0.093413;-0.016231;0.009321;2.162602
51.41167;-5.007033;-4.558395;-1.567170;-5.016038;-4.558958;-1.531519;-5.011255;-4.560396;-1.524329;0.111439;-0.006359;0.088572;-0.048225;0.004673;2.454590
51.42773;-5.007013;-4.563890;-1.568422;-5.010966;-4.566658;-1.524940;-5.000261;-4.554240;-1.525210;0.109913;-0.025044;0.125371;-0.012221;0.011778;2.475843
51.44348;-5.007000;-4.569457;-1.570924;-5.000044;-4.559127;-1.527990;-5.006911;-4.548817;-1.525785;0.111327;-0.054002;0.097822;-0.055594;0.020639;2.586285
51.46204;-5.007000;-4.575095;-1.572706;-5.006611;-4.555639;-1.527876;-5.019203;-4.560939;-1.534531;0.112759;-0.035634;0.136560;-0.041828;0.018689;2.187258
51.48059;-5.007011;-4.580588;-1.573238;-5.019061;-4.564964;-1.536891;-5.018080;-4.583195;-1.535618;0.109867;0.008931;0.080550;-0.047191;0.011372;2.155428
51.49563;-5.007023;-4.585803;-1.572747;-5.017916;-4.587806;-1.534963;-5.007520;-4.583210;-1.546337;0.104296;0.009808;0.092277;0.013099;0.002639;1.513200
51.51265;-5.007034;-4.591013;-1.573132;-5.007368;-4.589456;-1.546647;-5.007157;-4.588582;-1.549791;0.104212;-0.007702;0.124950;-0.006196;0.002434;1.337349
51.53053;-5.007046;-4.596157;-1.573349;-5.007023;-4.595094;-1.550611;-5.003749;-4.590686;-1.548578;0.102869;-0.004332;0.130268;-0.016394;0.006388;1.419266
51.54598;-5.007059;-4.601273;-1.574133;-5.003640;-4.595227;-1.545240;-5.006806;-4.608320;-1.533828;0.102324;-0.015672;0.090844;0.066766;0.007052;2.309272
51.56151;-5.007075;-4.606169;-1.575308;-5.006597;-4.613830;-1.531966;-5.002256;-4.603555;-1.533874;0.097916;-0.023512;0.110278;0.037249;0.005482;2.373988
51.57857;-5.007097;-4.611122;-1.577182;-5.002067;-4.608772;-1.535125;-4.999545;-4.604938;-1.542629;0.099065;-0.037477;0.104408;-0.025019;0.009761;1.979728
51.59473;-5.007129;-4.616058;-1.578941;-4.999372;-4.611111;-1.542736;-4.981788;-4.623090;-1.539523;0.098723;-0.035181;0.123501;-0.002141;0.026299;2.258510
51.61244;-5.007167;-4.620760;-1.581950;-4.981686;-4.626566;-1.543458;-4.996931;-4.628469;-1.530486;0.094039;-0.095468;0.069553;-0.078705;0.012815;2.948656
51.63449;-5.007219;-4.625398;-1.584864;-4.996748;-4.633333;-1.535890;-4.997029;-4.633940;-1.547860;0.092776;-0.058285;0.097345;-0.108068;0.013296;2.120185
51.65334;-5.007283;-4.629972;-1.586727;-4.996934;-4.638494;-1.551879;-4.991615;-4.633827;-1.557855;0.091474;-0.037262;0.091116;-0.080370;0.016136;1.654251
51.67437;-5.007356;-4.634546;-1.588878;-4.991571;-4.637243;-1.558169;-5.010559;-4.628946;-1.556604;0.091509;-0.043003;0.068335;-0.006274;0.006452;1.849169
51.68840;-5.007440;-4.639185;-1.589778;-5.010475;-4.634053;-1.551913;-5.004854;-4.645372;-1.542930;0.092792;0.017108;0.102169;0.093820;0.006706;2.684208
51.70543;-5.007524;-4.643617;-1.590629;-5.004691;-4.651196;-1.542680;-5.014002;-4.635789;-1.552974;0.088656;-0.017016;0.116526;0.004988;0.010161;2.157453
51.72245;-5.007615;-4.648171;-1.590229;-5.013923;-4.639575;-1.546746;-5.025887;-4.633490;-1.552591;0.091101;0.024724;0.075743;0.124557;0.023440;2.156510
51.74055;-5.007704;-4.652757;-1.588580;-5.025760;-4.639533;-1.547076;-5.024495;-4.637560;-1.545716;0.091730;0.062771;0.120887;0.110308;0.022648;2.455913
51.76064;-5.007784;-4.657293;-1.586036;-5.024346;-4.642979;-1.540842;-5.017630;-4.646157;-1.558579;0.090735;0.050882;0.108430;0.097494;0.014864;1.573184
51.77628;-5.007852;-4.661718;-1.583782;-5.017563;-4.651035;-1.555719;-5.026348;-4.659521;-1.565132;0.088508;0.045078;0.097568;0.057193;0.018626;1.068573
51.79216;-5.007907;-4.665975;-1.580278;-5.026319;-4.664742;-1.565373;-5.013814;-4.665734;-1.566967;0.085156;0.085880;0.104424;-0.004811;0.005912;0.762662
51.80873;-5.007943;-4.669733;-1.578024;-5.013817;-4.664936;-1.566264;-5.018060;-4.656279;-1.576373;0.000000;0.000000;-0.015968;0.014060;0.016834;0.094593
51.82573;-5.007966;-4.672991;-1.577021;-5.018072;-4.658468;-1.575945;-5.012769;-4.669829;-1.581745;0.000000;0.000000;0.043780;0.008561;0.005750;0.270711
51.84058;-5.007983;-4.675748;-1.577021;-5.012760;-4.668969;-1.582222;-5.011154;-4.669340;-1.573462;0.000000;0.000000;-0.017205;-0.009543;0.007150;0.203895
51.86132;-5.007997;-4.678006;-1.577021;-5.011154;-4.669353;-1.574867;-5.005391;-4.685234;-1.567799;0.000000;0.000000;0.000259;-0.028106;0.007684;0.528382
51.87684;-5.008008;-4.679764;-1.577021;-5.005386;-4.686933;-1.567108;-5.004417;-4.682713;-1.566961;0.000000;0.000000;0.033975;0.013805;0.004647;0.576358
51.89353;-5.008016;-4.681022;-1.577021;-5.004414;-4.683359;-1.566175;-5.004200;-4.669628;-1.567576;0.000000;0.000000;0.012915;0.015733;0.012016;0.541135
51.91061;-5.008021;-4.681779;-1.577021;-5.004204;-4.668269;-1.567266;-5.023167;-4.665985;-1.574315;0.000000;0.000000;-0.027165;0.006204;0.021883;0.155004
51.92847;-5.008023;-4.682037;-1.577021;-5.023165;-4.665043;-1.571461;-5.012697;-4.654263;-1.574548;0.000000;0.000000;-0.018834;0.057093;0.028165;0.141685
51.94597;-5.008023;-4.682037;-1.577021;-5.012696;-4.653930;-1.571873;-5.006639;-4.663747;-1.571689;0.000000;0.000000;-0.006655;0.053495;0.018343;0.305463
51.96350;-5.008023;-4.682037;-1.577021;-5.006632;-4.661953;-1.578019;-5.003171;-4.676349;-1.585236;0.000000;0.000000;-0.035883;-0.126587;0.007476;0.470694
51.97963;-5.008023;-4.682037;-1.577021;-5.003177;-4.676744;-1.584576;-5.014568;-4.685642;-1.587606;0.000000;0.000000;0.007912;0.013195;0.007472;0.606496
51.99568;-5.008023;-4.682037;-1.577021;-5.014595;-4.687120;-1.590478;-5.023907;-4.684681;-1.591594;0.000000;0.000000;0.029573;-0.057442;0.016103;0.835016
52.01353;-5.008023;-4.682037;-1.577021;-5.023930;-4.685822;-1.591214;-5.016512;-4.684947;-1.603534;0.000000;0.000000;0.022826;0.007615;0.008975;1.519091
52.03055;-5.008023;-4.682037;-1.577021;-5.016531;-4.685493;-1.606513;-5.019236;-4.683755;-1.618070;0.000000;0.000000;0.010928;-0.059587;0.011345;2.351935
52.04596;-5.008023;-4.682037;-1.577021;-5.019273;-4.684556;-1.615821;-5.022907;-4.685772;-1.626648;0.000000;0.000000;0.016030;0.044961;0.015345;2.843470
52.06351;-5.008023;-4.682037;-1.577021;-5.022922;-4.686048;-1.625060;-5.010978;-4.682033;-1.634752;0.000000;0.000000;0.005531;0.031765;0.002956;3.307755
52.07960;-5.008023;-4.682037;-1.577021;-5.010948;-4.681569;-1.635759;-5.014543;-4.682159;-1.626102;0.000000;0.000000;-0.009304;-0.020139;0.006521;2.812183
52.09609;-5.008023;-4.682037;-1.577021;-5.014571;-4.682689;-1.620749;-5.005503;-4.687523;-1.615929;0.000000;0.000000;0.010621;0.107072;0.006037;2.229319
52.11398;-5.008023;-4.682037;-1.577021;-5.005565;-4.688883;-1.617081;-5.010411;-4.673009;-1.603182;0.000000;0.000000;0.027228;-0.023026;0.009339;1.498940
52.13252;-5.008023;-4.682037;-1.577021;-5.010393;-4.672447;-1.602937;-5.010736;-4.661786;-1.587721;0.000000;0.000000;-0.011228;0.004895;0.020432;0.613068
52.15100;-5.008023;-4.682037;-1.577021;-5.010723;-4.660995;-1.585450;-5.019131;-4.667987;-1.586683;0.000000;0.000000;-0.015823;0.045405;0.017911;0.553601
52.16954;-5.008023;-4.682037;-1.577021;-5.019144;-4.668871;-1.585080;-5.023158;-4.661752;-1.573382;0.000000;0.000000;0.017666;0.032049;0.025310;0.208454
52.18957;-5.008023;-4.682037;-1.577021;-5.023156;-4.661053;-1.575220;-5.014760;-4.671326;-1.565610;0.000000;0.000000;-0.013982;-0.036749;0.012654;0.653772
52.20660;-5.008023;-4.682037;-1.577021;-5.014767;-4.670244;-1.563045;-5.019426;-4.680753;-1.557601;0.000000;0.000000;-0.021629;0.051307;0.011476;1.112640
52.22418;-5.008023;-4.682037;-1.577021;-5.019409;-4.681945;-1.554791;-5.000477;-4.689442;-1.579358;0.000000;0.000000;0.023846;0.056204;0.010572;0.133957
52.24244;-5.008023;-4.682037;-1.577021;-5.000478;-4.689613;-1.577924;-5.009445;-4.679958;-1.572983;0.000000;0.000000;0.003423;0.028685;0.002519;0.231346
52.25834;-5.008023;-4.682037;-1.577021;-5.009445;-4.680460;-1.570326;-5.011575;-4.695643;-1.557744;0.000000;0.000000;0.010035;0.053139;0.014062;1.104483
52.27687;-5.008023;-4.682037;-1.577021;-5.011553;-4.697361;-1.557942;-5.010926;-4.688468;-1.560692;0.000000;0.000000;0.034365;-0.003973;0.007056;0.935573
52.29191;-5.008023;-4.682037;-1.577021;-5.010934;-4.687793;-1.556961;-4.992159;-4.687612;-1.566593;0.000000;0.000000;-0.013486;0.074607;0.016814;0.597477
52.30943;-5.008023;-4.682037;-1.577021;-4.992159;-4.687762;-1.567730;-4.989560;-4.693203;-1.563263;0.000000;0.000000;0.003007;-0.022739;0.021576;0.788243
52.32580;-5.008023;-4.682037;-1.577021;-4.989567;-4.692413;-1.561393;-4.998094;-4.678755;-1.559812;0.000000;0.000000;-0.015808;0.037398;0.010457;0.985965
52.34232;-5.008023;-4.682037;-1.577021;-4.998094;-4.678730;-1.560970;-5.007343;-4.670479;-1.581846;0.000000;0.000000;-0.000486;-0.023152;0.011578;0.276478
52.36085;-5.008023;-4.682037;-1.577021;-5.007320;-4.668133;-1.579519;-5.002456;-4.672936;-1.573901;0.000000;0.000000;-0.046918;0.046545;0.010668;0.178738
52.38838;-5.008023;-4.682037;-1.577021;-5.002456;-4.672903;-1.576577;-5.012361;-4.662698;-1.577351;0.000000;0.000000;-0.000651;-0.053520;0.019820;0.018937
52.40728;-5.008023;-4.682037;-1.577021;-5.012359;-4.662400;-1.577831;-5.005240;-4.652626;-1.580730;0.000000;0.000000;-0.005950;-0.009597;0.029543;0.212515
52.42429;-5.008023;-4.682037;-1.577021;-5.005254;-4.653934;-1.581450;-5.012833;-4.666487;-1.601035;0.000000;0.000000;0.026168;-0.014412;0.016277;1.375901
52.44061;-5.008023;-4.682037;-1.577021;-5.012905;-4.668761;-1.603112;-5.008162;-4.679595;-1.605246;0.000000;0.000000;0.045501;-0.041553;0.002446;1.617210
52.45967;-5.008023;-4.682037;-1.577021;-5.008178;-4.680038;-1.609263;-5.007836;-4.675046;-1.594852;0.000000;0.000000;0.008862;-0.080346;0.006994;1.021658
52.47420;-5.008023;-4.682037;-1.577021;-5.007806;-4.673917;-1.599742;-5.011860;-4.675667;-1.611460;0.000000;0.000000;-0.022571;-0.097806;0.007437;1.973232
52.49296;-5.008023;-4.682037;-1.577021;-5.011808;-4.674433;-1.615520;-5.014675;-4.680520;-1.614280;0.000000;0.000000;-0.024716;-0.081198;0.006823;2.134822
52.50848;-5.008023;-4.682037;-1.577021;-5.014667;-4.680343;-1.613559;-5.013474;-4.684542;-1.614264;0.000000;0.000000;-0.003538;0.014420;0.006000;2.133874
52.52601;-5.008023;-4.682037;-1.577021;-5.013511;-4.685369;-1.614662;-5.012081;-4.680488;-1.616440;0.000000;0.000000;0.016562;-0.007976;0.004344;2.258568
52.54254;-5.008023;-4.682037;-1.577021;-5.012075;-4.680352;-1.618057;-5.010345;-4.691822;-1.623916;0.000000;0.000000;-0.002725;-0.032333;0.010057;2.686929
52.56059;-5.008023;-4.682037;-1.577021;-5.010382;-4.692508;-1.625527;-5.013326;-4.678421;-1.620147;0.000000;0.000000;0.013735;-0.032224;0.006419;2.470957
52.57610;-5.008023;-4.682037;-1.577021;-5.013375;-4.679381;-1.623111;-5.014466;-4.683094;-1.610527;0.000000;0.000000;0.019217;-0.059273;0.006529;1.919789
52.59286;-5.008023;-4.682037;-1.577021;-5.014473;-4.683281;-1.611259;-4.997274;-4.685146;-1.592683;0.000000;0.000000;0.003748;-0.014630;0.011189;0.897420
52.60838;-5.008023;-4.682037;-1.577021;-4.997296;-4.686128;-1.593082;-5.015757;-4.675709;-1.591691;0.000000;0.000000;0.019648;-0.007961;0.009993;0.840580
52.63165;-5.008023;-4.682037;-1.577021;-5.015799;-4.677706;-1.591954;-5.015108;-4.671778;-1.590859;0.000000;0.000000;0.039955;-0.005248;0.012468;0.792899
52.65226;-5.008023;-4.682037;-1.577021;-5.015075;-4.670130;-1.591657;-5.008612;-4.683289;-1.572125;0.000000;0.000000;-0.032969;-0.015964;0.001383;0.280516
52.67027;-5.008023;-4.682037;-1.577021;-5.008612;-4.683072;-1.564915;-5.010119;-4.691270;-1.565109;0.000000;0.000000;-0.004343;0.144198;0.009468;0.682487
52.68876;-5.008023;-4.682037;-1.577021;-5.010107;-4.693065;-1.563317;-5.016298;-4.681337;-1.562930;0.000000;0.000000;0.035901;0.035843;0.008305;0.807348
52.70579;-5.008023;-4.682037;-1.577021;-5.016303;-4.680848;-1.560883;-5.007638;-4.704244;-1.554875;0.000000;0.000000;-0.009774;0.040925;0.022210;1.268826
52.72282;-5.008023;-4.682037;-1.577021;-5.007617;-4.705519;-1.552732;-5.009251;-4.693469;-1.538696;0.000000;0.000000;0.025522;0.042858;0.011497;2.195813
52.74034;-5.008023;-4.682037;-1.577021;-5.009312;-4.691667;-1.535188;-5.001814;-4.689210;-1.544043;0.000000;0.000000;-0.036056;0.070173;0.009487;1.889494
52.75639;-5.008023;-4.682037;-1.577021;-5.001848;-4.688018;-1.540407;-4.997424;-4.677968;-1.534070;0.000000;0.000000;-0.023856;0.072721;0.011353;2.460896
52.77254;-5.008023;-4.682037;-1.577021;-4.997373;-4.679362;-1.535259;-5.009464;-4.681262;-1.523793;0.000000;0.000000;0.027903;-0.023784;0.001637;3.049727
52.78858;-5.008023;-4.682037;-1.577021;-5.009467;-4.681194;-1.521741;-5.000768;-4.674326;-1.522252;0.000000;0.000000;-0.001367;0.041032;0.010588;3.138010
52.80410;-5.008023;-4.682037;-1.577021;-5.000844;-4.672808;-1.519081;-4.999686;-4.686190;-1.514391;0.000000;0.000000;-0.030402;0.063416;0.009314;3.588400
52.82262;-5.008023;-4.682037;-1.577021;-4.999720;-4.685579;-1.514972;-5.000716;-4.693474;-1.517292;0.000000;0.000000;-0.012246;-0.011618;0.013572;3.422216
52.83939;-5.008023;-4.682037;-1.577021;-5.000679;-4.694143;-1.514932;-5.005261;-4.685577;-1.507459;0.000000;0.000000;0.013401;0.047198;0.004489;3.985557
52.85593;-5.008023;-4.682037;-1.577021;-5.005186;-4.686748;-1.505658;-5.004468;-4.678903;-1.510808;0.000000;0.000000;0.023465;0.036025;0.004739;3.793722
52.87697;-5.008023;-4.682037;-1.577021;-5.004497;-4.678401;-1.511812;-5.008289;-4.682477;-1.510744;0.000000;0.000000;-0.010074;-0.020097;0.000514;3.797343
52.89651;-5.008023;-4.682037;-1.577021;-5.008322;-4.681896;-1.518736;-5.014946;-4.671421;-1.518272;0.000000;0.000000;-0.011641;-0.159823;0.012675;3.366058
52.91253;-5.008023;-4.682037;-1.577021;-5.014966;-4.671052;-1.513820;-5.003994;-4.660121;-1.521811;0.000000;0.000000;-0.007386;0.089028;0.022284;3.163279
52.92960;-5.008023;-4.682037;-1.577021;-5.004048;-4.659000;-1.523070;-5.008363;-4.677790;-1.525421;0.000000;0.000000;-0.022441;-0.025189;0.004261;2.956440
52.94794;-5.008023;-4.682037;-1.577021;-5.008433;-4.676165;-1.530342;-5.001815;-4.663152;-1.527417;0.000000;0.000000;-0.032539;-0.098428;0.019879;2.842098
52.96449;-5.008023;-4.682037;-1.577021;-5.001905;-4.661141;-1.524579;-5.015579;-4.663845;-1.531510;0.000000;0.000000;-0.040262;0.056758;0.019699;2.607535
52.98377;-5.008023;-4.682037;-1.577021;-5.015525;-4.665170;-1.528576;-5.011287;-4.676578;-1.540031;0.000000;0.000000;0.026536;0.058684;0.006361;2.119349
52.99982;-5.008023;-4.682037;-1.577021;-5.011340;-4.674836;-1.540789;-5.017000;-4.669807;-1.560139;0.000000;0.000000;-0.034858;-0.015153;0.015171;0.967228
53.01593;-5.008023;-4.682037;-1.577021;-5.017012;-4.668599;-1.561063;-5.026680;-4.669673;-1.557380;0.000000;0.000000;-0.024165;-0.018471;0.022383;1.125326
53.03146;-5.008023;-4.682037;-1.577021;-5.026691;-4.668892;-1.558142;-5.028838;-4.666251;-1.561858;0.000000;0.000000;-0.015621;-0.015247;0.026124;0.868751
53.05013;-5.008023;-4.682037;-1.577021;-5.028843;-4.665647;-1.563187;-5.019430;-4.680387;-1.556924;0.000000;0.000000;-0.012079;-0.026577;0.011527;1.151443
53.07065;-5.008023;-4.682037;-1.577021;-5.019453;-4.678895;-1.554656;-5.012631;-4.668327;-1.558226;0.000000;0.000000;-0.029840;0.045368;0.014464;1.076862
53.08366;-5.008023;-4.682037;-1.577021;-5.012643;-4.667431;-1.556674;-4.999426;-4.689083;-1.557027;0.000000;0.000000;-0.017919;0.031036;0.011115;1.145556
53.10122;-5.008023;-4.682037;-1.577021;-4.999411;-4.690184;-1.556904;-5.005006;-4.686162;-1.556260;0.000000;0.000000;0.022019;0.002452;0.005110;1.189470
53.11724;-5.008023;-4.682037;-1.577021;-5.005004;-4.686326;-1.560384;-5.006564;-4.696776;-1.593618;0.000000;0.000000;0.003282;-0.082471;0.014811;0.950943
53.13727;-5.008023;-4.682037;-1.577021;-5.006582;-4.697601;-1.590334;-5.007753;-4.680706;-1.588413;0.000000;0.000000;0.016505;0.065678;0.001358;0.652737
53.15829;-5.008023;-4.682037;-1.577021;-5.007733;-4.679722;-1.592026;-5.008472;-4.668038;-1.590606;0.000000;0.000000;-0.019686;-0.072253;0.014007;0.778409
53.17552;-5.008023;-4.682037;-1.577021;-5.008427;-4.665951;-1.593959;-5.004857;-4.666682;-1.604395;0.000000;0.000000;-0.041743;-0.067062;0.015678;1.568433
53.19204;-5.008023;-4.682037;-1.577021;-5.004770;-4.664138;-1.605316;-5.016757;-4.685470;-1.586559;0.000000;0.000000;-0.050917;-0.018422;0.009385;0.546519
53.20956;-5.008023;-4.682037;-1.577021;-5.016769;-4.686106;-1.590945;-5.015043;-4.674606;-1.596605;0.000000;0.000000;0.012726;-0.087726;0.010223;1.122137
53.22608;-5.008023;-4.682037;-1.577021;-5.015041;-4.674520;-1.596704;-5.004514;-4.680646;-1.593660;0.000000;0.000000;-0.001704;-0.001964;0.003774;0.953400
53.24347;-5.008023;-4.682037;-1.577021;-5.004535;-4.681462;-1.598161;-5.005079;-4.682229;-1.595883;0.000000;0.000000;0.016325;-0.090018;0.002950;1.080733
53.26190;-5.008023;-4.682037;-1.577021;-5.005073;-4.682000;-1.598059;-5.000022;-4.682903;-1.589274;0.000000;0.000000;-0.004564;-0.043530;0.008047;0.702047
53.27857;-5.008023;-4.682037;-1.577021;-5.000011;-4.682296;-1.588932;-4.997395;-4.700640;-1.576096;0.000000;0.000000;-0.012145;0.006824;0.021424;0.052960
53.29560;-5.008023;-4.682037;-1.577021;-4.997399;-4.701432;-1.574003;-4.985456;-4.691482;-1.573020;0.000000;0.000000;0.015839;0.041864;0.024463;0.229198
53.31264;-5.008023;-4.682037;-1.577021;-4.985459;-4.692904;-1.573690;-4.987331;-4.699001;-1.570859;0.000000;0.000000;0.028446;-0.013391;0.026757;0.353002
53.32718;-5.008023;-4.682037;-1.577021;-4.987331;-4.697349;-1.569709;-5.001666;-4.690963;-1.575902;0.000000;0.000000;-0.033056;0.023015;0.010958;0.064110
53.34371;-5.008023;-4.682037;-1.577021;-5.001667;-4.691183;-1.572792;-4.992987;-4.683531;-1.551092;0.000000;0.000000;0.004405;0.062197;0.015110;1.485605
53.35974;-5.008023;-4.682037;-1.577021;-4.992991;-4.683301;-1.552243;-5.013511;-4.681081;-1.572024;0.000000;0.000000;-0.004610;-0.023029;0.005571;0.286300
53.37936;-5.008023;-4.682037;-1.577021;-5.013511;-4.680971;-1.572341;-5.007730;-4.686418;-1.559369;0.000000;0.000000;-0.002206;-0.006339;0.004390;1.011358
53.40391;-5.008023;-4.682037;-1.577021;-5.007733;-4.686117;-1.558704;-5.015033;-4.694370;-1.558386;0.000000;0.000000;-0.006022;0.013302;0.014186;1.067689
53.42655;-5.008023;-4.682037;-1.577021;-5.015038;-4.694066;-1.555508;-5.008196;-4.687012;-1.554514;0.000000;0.000000;-0.006079;0.057547;0.004978;1.289512
53.44442;-5.008023;-4.682037;-1.577021;-5.008212;-4.686029;-1.554659;-5.013703;-4.687945;-1.556973;0.000000;0.000000;-0.019674;-0.002894;0.008196;1.148612
53.46256;-5.008023;-4.682037;-1.577021;-5.013687;-4.689156;-1.557397;-5.001860;-4.692432;-1.564089;0.000000;0.000000;0.024208;-0.008480;0.012084;0.740930
53.48160;-5.008023;-4.682037;-1.577021;-5.001857;-4.692847;-1.562602;-4.995858;-4.685552;-1.570989;0.000000;0.000000;0.008299;0.029731;0.012662;0.345605
53.50037;-5.008023;-4.682037;-1.577021;-4.995858;-4.685123;-1.570757;-5.000289;-4.668116;-1.573171;0.000000;0.000000;-0.008588;0.004624;0.015925;0.220549
53.51741;-5.008023;-4.682037;-1.577021;-5.000294;-4.669264;-1.576018;-5.005042;-4.669374;-1.563692;0.000000;0.000000;0.022955;-0.056938;0.013010;0.763674
53.53327;-5.008023;-4.682037;-1.577021;-5.005040;-4.669711;-1.566349;-5.000836;-4.677933;-1.567584;0.000000;0.000000;0.006743;-0.053137;0.008276;0.540656
53.54900;-5.008023;-4.682037;-1.577021;-5.000837;-4.677850;-1.565918;-5.013567;-4.676420;-1.559794;0.000000;0.000000;-0.001669;0.033316;0.007893;0.987007
53.56553;-5.008023;-4.682037;-1.577021;-5.013571;-4.676036;-1.558781;-5.013019;-4.675927;-1.553700;0.000000;0.000000;-0.007674;0.020256;0.007893;1.336153
53.58257;-5.008023;-4.682037;-1.577021;-5.013009;-4.676521;-1.552823;-5.000473;-4.680546;-1.564025;0.000000;0.000000;0.011898;0.017540;0.007695;0.744567
53.60114;-5.008023;-4.682037;-1.577021;-5.000478;-4.679886;-1.563572;-4.991708;-4.682493;-1.554791;0.000000;0.000000;-0.013200;0.009066;0.016321;1.273640
53.61564;-5.008023;-4.682037;-1.577021;-4.991694;-4.683390;-1.555722;-4.989720;-4.678197;-1.570695;0.000000;0.000000;0.017947;-0.018612;0.018701;0.362440
53.63144;-5.008023;-4.682037;-1.577021;-4.989721;-4.677750;-1.569336;-5.003784;-4.681549;-1.566682;0.000000;0.000000;-0.008934;0.027168;0.004266;0.592339
53.64775;-5.008023;-4.682037;-1.577021;-5.003783;-4.681965;-1.570295;-5.010420;-4.675718;-1.565312;0.000000;0.000000;0.008313;-0.072251;0.006759;0.670856
53.66681;-5.008023;-4.682037;-1.577021;-5.010416;-4.676515;-1.565403;-5.005880;-4.683223;-1.571949;0.000000;0.000000;0.015940;-0.001816;0.002449;0.290603
53.68337;-5.008023;-4.682037;-1.577021;-5.005880;-4.683838;-1.569505;-5.000342;-4.676339;-1.586973;0.000000;0.000000;0.012300;0.048868;0.009563;0.570260
53.70004;-5.008023;-4.682037;-1.577021;-5.000316;-4.674659;-1.585303;-5.007951;-4.672217;-1.581254;0.000000;0.000000;-0.033616;0.033417;0.009820;0.242539
53.71857;-5.008023;-4.682037;-1.577021;-5.007950;-4.672149;-1.582510;-5.008600;-4.681491;-1.574088;0.000000;0.000000;-0.001362;-0.025126;0.000795;0.168029
53.73461;-5.008023;-4.682037;-1.577021;-5.008596;-4.680394;-1.574454;-4.994233;-4.683936;-1.575771;0.000000;0.000000;-0.021934;-0.007332;0.013920;0.071578
53.75274;-5.008023;-4.682037;-1.577021;-4.994236;-4.684628;-1.574266;-4.995194;-4.694720;-1.562457;0.000000;0.000000;0.013846;0.030110;0.018039;0.834449
53.77077;-5.008023;-4.682037;-1.577021;-4.995198;-4.694282;-1.560686;-4.985860;-4.683867;-1.563054;0.000000;0.000000;-0.008767;0.035422;0.022238;0.800223
53.78379;-5.008023;-4.682037;-1.577021;-4.985864;-4.683397;-1.559698;-4.989117;-4.690770;-1.557540;0.000000;0.000000;-0.009387;0.067126;0.020825;1.116126
53.80082;-5.008023;-4.682037;-1.577021;-4.989093;-4.692555;-1.556955;-4.998441;-4.690222;-1.542739;0.000000;0.000000;0.035706;0.011707;0.012601;1.964197
53.82035;-5.008023;-4.682037;-1.577021;-4.998492;-4.688376;-1.544010;-5.000838;-4.686939;-1.540252;0.000000;0.000000;-0.036919;-0.025434;0.008697;2.106665
53.83952;-5.008023;-4.682037;-1.577021;-5.000807;-4.688011;-1.542604;-5.019046;-4.691360;-1.554846;0.000000;0.000000;0.021461;-0.047031;0.014437;1.270499
53.85690;-5.008023;-4.682037;-1.577021;-5.019055;-4.690819;-1.554352;-5.013359;-4.689690;-1.562511;0.000000;0.000000;-0.010834;0.009892;0.009330;0.831340
53.87943;-5.008023;-4.682037;-1.577021;-5.013356;-4.690054;-1.559754;-5.014923;-4.682555;-1.561803;0.000000;0.000000;0.007286;0.055134;0.006920;0.871904
53.89420;-5.008023;-4.682037;-1.577021;-5.014919;-4.682910;-1.557655;-5.013435;-4.688017;-1.545576;0.000000;0.000000;0.007109;0.082967;0.008066;1.801639
53.91072;-5.008023;-4.682037;-1.577021;-5.013405;-4.689129;-1.540979;-5.016318;-4.696682;-1.535790;0.000000;0.000000;0.022255;0.091942;0.016831;2.362321
53.93176;-5.008023;-4.682037;-1.577021;-5.016360;-4.695497;-1.535866;-5.015195;-4.699992;-1.546811;0.000000;0.000000;-0.023697;-0.001520;0.019334;1.730895
53.95246;-5.008023;-4.682037;-1.577021;-5.015187;-4.700283;-1.542806;-5.009342;-4.685466;-1.552879;0.000000;0.000000;0.005838;0.080101;0.003674;1.383233
53.96964;-5.008023;-4.682037;-1.577021;-5.009340;-4.685621;-1.553764;-5.016208;-4.686265;-1.548446;0.000000;0.000000;0.003105;-0.017717;0.009212;1.637185
53.98871;-5.008023;-4.682037;-1.577021;-5.016218;-4.685789;-1.550630;-5.021535;-4.684457;-1.564722;0.000000;0.000000;-0.009512;-0.043667;0.013727;0.704648
54.00535;-5.008023;-4.682037;-1.577021;-5.021535;-4.684386;-1.564388;-5.017581;-4.684753;-1.552422;0.000000;0.000000;-0.001405;0.006679;0.009937;1.409378
54.02290;-5.008023;-4.682037;-1.577021;-5.017573;-4.685201;-1.554470;-5.000083;-4.674726;-1.548714;0.000000;0.000000;0.008965;-0.040956;0.010793;1.621842
54.03965;-5.008023;-4.682037;-1.577021;-5.000061;-4.675698;-1.547368;-4.986454;-4.690960;-1.549309;0.000000;0.000000;0.019437;0.026925;0.023341;1.587761
54.05589;-5.008023;-4.682037;-1.577021;-4.986469;-4.690248;-1.550018;-4.973532;-4.702034;-1.546845;0.000000;0.000000;-0.014250;-0.014183;0.039868;1.728950
54.07292;-5.008023;-4.682037;-1.577021;-4.973517;-4.702712;-1.550630;-4.987110;-4.686269;-1.563335;0.000000;0.000000;0.013578;-0.075703;0.021336;0.784106
54.09041;-5.008023;-4.682037;-1.577021;-4.987093;-4.688200;-1.560404;-4.992343;-4.689972;-1.554018;0.000000;0.000000;0.038630;0.058619;0.017573;1.317939
54.10562;-5.008023;-4.682037;-1.577021;-4.992352;-4.689485;-1.551610;-4.997720;-4.673571;-1.564004;0.000000;0.000000;-0.009742;0.048165;0.013335;0.745792
54.12258;-5.008023;-4.682037;-1.577021;-4.997712;-4.674589;-1.562163;-5.006325;-4.668439;-1.574992;0.000000;0.000000;0.020362;0.036819;0.013704;0.116211
54.13860;-5.008023;-4.682037;-1.577021;-5.006326;-4.668769;-1.575688;-5.007006;-4.683090;-1.563644;0.000000;0.000000;0.006615;-0.013916;0.001463;0.766397
54.15416;-5.008023;-4.682037;-1.577021;-5.007000;-4.684017;-1.563585;-5.009030;-4.675913;-1.552836;0.000000;0.000000;0.018536;0.001185;0.006207;1.385653
54.17047;-5.008023;-4.682037;-1.577021;-5.009024;-4.676268;-1.552516;-5.009143;-4.675476;-1.552520;0.000000;0.000000;0.007105;0.006407;0.006657;1.403790
54.19552;-5.008023;-4.682037;-1.577021;-5.009187;-4.673010;-1.553106;-5.018222;-4.688316;-1.548783;0.000000;0.000000;-0.049329;-0.011726;0.011977;1.617861
54.21461;-5.008023;-4.682037;-1.577021;-5.018230;-4.687948;-1.549053;-5.011455;-4.683371;-1.563009;0.000000;0.000000;-0.007362;-0.005395;0.003682;0.802816
54.22714;-5.008023;-4.682037;-1.577021;-5.011466;-4.682299;-1.557543;-5.012493;-4.686571;-1.570655;0.000000;0.000000;-0.021444;0.109307;0.006367;0.364699
54.24440;-5.008023;-4.682037;-1.577021;-5.012493;-4.686072;-1.571314;-5.008534;-4.679942;-1.576663;0.000000;0.000000;-0.009973;-0.013180;0.002156;0.020489
54.26459;-5.008023;-4.682037;-1.577021;-5.008533;-4.679797;-1.574264;-5.005749;-4.685827;-1.596168;0.000000;0.000000;-0.002915;0.047977;0.004419;1.097069
54.28050;-5.008023;-4.682037;-1.577021;-5.005749;-4.685828;-1.594409;-5.015686;-4.680918;-1.598350;0.000000;0.000000;0.000034;0.035181;0.007745;1.222085
54.29780;-5.008023;-4.682037;-1.577021;-5.015729;-4.682471;-1.598481;-5.010209;-4.698265;-1.620143;0.000000;0.000000;0.031079;-0.002622;0.016375;2.470764
54.31430;-5.008023;-4.682037;-1.577021;-5.010290;-4.699894;-1.620302;-4.993238;-4.687343;-1.611660;0.000000;0.000000;0.032617;-0.003176;0.015708;1.984714
54.33137;-5.008023;-4.682037;-1.577021;-4.993243;-4.687464;-1.611868;-4.990379;-4.696077;-1.608882;0.000000;0.000000;0.002416;-0.004160;0.022548;1.825506
54.34901;-5.008023;-4.682037;-1.577021;-4.990350;-4.695319;-1.610879;-5.003879;-4.695653;-1.622298;0.000000;0.000000;-0.015171;-0.039942;0.014233;2.594222
54.36654;-5.008023;-4.682037;-1.577021;-5.003919;-4.696464;-1.618281;-4.994626;-4.699405;-1.617315;0.000000;0.000000;0.016224;0.080341;0.021934;2.308727
54.38257;-5.008023;-4.682037;-1.577021;-4.994593;-4.698675;-1.615921;-4.998695;-4.695962;-1.610929;0.000000;0.000000;-0.014621;0.027898;0.016760;1.942828
54.39995;-5.008023;-4.682037;-1.577021;-4.998652;-4.694897;-1.611171;-5.004436;-4.687675;-1.604960;0.000000;0.000000;-0.021300;-0.004834;0.006682;1.600825
54.41729;-5.008023;-4.682037;-1.577021;-5.004469;-4.688660;-1.602113;-5.003082;-4.673930;-1.590209;0.000000;0.000000;0.019708;0.056941;0.009494;0.755660
54.43839;-5.008023;-4.682037;-1.577021;-5.003043;-4.671859;-1.589350;-5.017128;-4.674063;-1.597911;0.000000;0.000000;-0.041427;0.017191;0.012103;1.196941
54.45563;-5.008023;-4.682037;-1.577021;-5.017167;-4.675417;-1.601680;-5.007581;-4.688680;-1.604678;0.000000;0.000000;0.027090;-0.075380;0.006657;1.584654
54.47116;-5.008023;-4.682037;-1.577021;-5.007577;-4.688565;-1.606554;-5.011943;-4.688396;-1.601289;0.000000;0.000000;-0.002289;-0.037516;0.007471;1.390498
54.48871;-5.008023;-4.682037;-1.577021;-5.011975;-4.689448;-1.601150;-4.995013;-4.681894;-1.595516;0.000000;0.000000;0.021034;0.002792;0.013010;1.059730
54.50528;-5.008023;-4.682037;-1.577021;-4.995068;-4.684234;-1.592939;-5.000864;-4.680916;-1.586120;0.000000;0.000000;0.046818;0.051545;0.007246;0.521352
54.52333;-5.008023;-4.682037;-1.577021;-5.000865;-4.681003;-1.585565;-5.004057;-4.687809;-1.576080;0.000000;0.000000;0.001745;0.011098;0.007003;0.053905
54.54039;-5.008023;-4.682037;-1.577021;-5.004051;-4.686468;-1.574348;-5.007872;-4.673330;-1.577323;0.000000;0.000000;-0.026810;0.034630;0.008709;0.017321
54.55743;-5.008023;-4.682037;-1.577021;-5.007872;-4.673291;-1.577565;-5.008466;-4.675947;-1.572643;0.000000;0.000000;-0.000780;-0.004852;0.006106;0.250833
54.57444;-5.008023;-4.682037;-1.577021;-5.008466;-4.675956;-1.569826;-5.025504;-4.674094;-1.562588;0.000000;0.000000;0.000176;0.056324;0.019201;0.826917
54.59127;-5.008023;-4.682037;-1.577021;-5.025502;-4.674381;-1.564777;-5.031611;-4.674785;-1.574850;0.000000;0.000000;0.005753;-0.043769;0.024678;0.124382
54.60832;-5.008023;-4.682037;-1.577021;-5.031607;-4.674123;-1.577002;-5.036257;-4.667940;-1.571303;0.000000;0.000000;-0.013240;-0.043046;0.031558;0.327600
54.62534;-5.008023;-4.682037;-1.577021;-5.036257;-4.667881;-1.569101;-5.033763;-4.679643;-1.576294;0.000000;0.000000;-0.001182;0.044031;0.025851;0.041629
54.64145;-5.008023;-4.682037;-1.577021;-5.033764;-4.679863;-1.576894;-5.034159;-4.675506;-1.567730;0.000000;0.000000;0.004401;-0.012008;0.026940;0.532332
54.65849;-5.008023;-4.682037;-1.577021;-5.034161;-4.675102;-1.562899;-5.020682;-4.683606;-1.553140;0.000000;0.000000;-0.008081;0.096613;0.012756;1.368237
54.67359;-5.008023;-4.682037;-1.577021;-5.020701;-4.682504;-1.554168;-5.011607;-4.665066;-1.561101;0.000000;0.000000;-0.022038;-0.020558;0.017346;0.912110
54.69369;-5.008023;-4.682037;-1.577021;-5.011611;-4.664623;-1.562026;-5.023060;-4.661670;-1.564663;0.000000;0.000000;-0.008856;-0.018498;0.025317;0.708018
54.71238;-5.008023;-4.682037;-1.577021;-5.023061;-4.661454;-1.563104;-5.012053;-4.660001;-1.550472;0.000000;0.000000;-0.004321;0.031176;0.022402;1.521136
54.72941;-5.008023;-4.682037;-1.577021;-5.012064;-4.659513;-1.548696;-5.021758;-4.668759;-1.566832;0.000000;0.000000;-0.009762;0.035521;0.019104;0.583733
54.74714;-5.008023;-4.682037;-1.577021;-5.021753;-4.669960;-1.565353;-5.021356;-4.678525;-1.569278;0.000000;0.000000;0.024018;0.029579;0.013789;0.443604
54.76370;-5.008023;-4.682037;-1.577021;-5.021359;-4.677179;-1.567995;-5.026432;-4.678952;-1.554829;0.000000;0.000000;-0.026921;0.025660;0.018666;1.271491
54.78074;-5.008023;-4.682037;-1.577021;-5.026424;-4.679481;-1.554486;-5.016859;-4.675521;-1.561264;0.000000;0.000000;0.010584;0.006861;0.010979;0.902778
54.79629;-5.008023;-4.682037;-1.577021;-5.016859;-4.675433;-1.563135;-5.021497;-4.676544;-1.561599;0.000000;0.000000;-0.001773;-0.037427;0.014551;0.883598
54.81232;-5.008023;-4.682037;-1.577021;-5.021490;-4.677119;-1.555887;-5.004623;-4.676526;-1.570308;0.000000;0.000000;0.011511;0.114245;0.006475;0.384614
54.83037;-5.008023;-4.682037;-1.577021;-5.004626;-4.674240;-1.568620;-5.003959;-4.663543;-1.578919;0.000000;0.000000;-0.045723;0.033761;0.018935;0.108802
54.84800;-5.008023;-4.682037;-1.577021;-5.003938;-4.661102;-1.580120;-5.002913;-4.660923;-1.572618;0.000000;0.000000;-0.048823;-0.024009;0.021724;0.252242
54.86387;-5.008023;-4.682037;-1.577021;-5.002914;-4.661134;-1.572020;-5.002985;-4.673220;-1.561783;0.000000;0.000000;0.004221;0.011966;0.010155;0.873030
54.88139;-5.008023;-4.682037;-1.577021;-5.002986;-4.673074;-1.558353;-5.010434;-4.671418;-1.561602;0.000000;0.000000;-0.002919;0.068602;0.010890;0.883443
54.89793;-5.008023;-4.682037;-1.577021;-5.010429;-4.672096;-1.564343;-4.998425;-4.684181;-1.568134;0.000000;0.000000;0.013552;-0.054825;0.009834;0.509146
54.91345;-5.008023;-4.682037;-1.577021;-4.998423;-4.684818;-1.567025;-5.007616;-4.686721;-1.553757;0.000000;0.000000;0.012741;0.022190;0.004701;1.332901
54.93548;-5.008023;-4.682037;-1.577021;-5.007601;-4.687697;-1.556909;-5.003012;-4.673016;-1.539070;0.000000;0.000000;0.019538;-0.063049;0.010319;2.174402
54.95760;-5.008023;-4.682037;-1.577021;-5.003060;-4.671490;-1.539739;-5.008544;-4.667725;-1.544957;0.000000;0.000000;-0.030538;-0.013386;0.014322;1.837086
54.97686;-5.008023;-4.682037;-1.577021;-5.008531;-4.668218;-1.544620;-5.014057;-4.676835;-1.545165;0.000000;0.000000;0.009863;0.006747;0.007967;1.825201
54.99389;-5.008023;-4.682037;-1.577021;-5.014043;-4.677369;-1.543978;-5.015859;-4.678912;-1.556874;0.000000;0.000000;0.010688;0.023728;0.008437;1.154323
55.01242;-5.008023;-4.682037;-1.577021;-5.015846;-4.679834;-1.554635;-5.019718;-4.672186;-1.561370;0.000000;0.000000;0.018444;0.044775;0.015291;0.896710
55.03056;-5.008023;-4.682037;-1.577021;-5.019720;-4.671985;-1.560406;-5.018002;-4.668325;-1.579047;0.000000;0.000000;-0.004024;0.019279;0.016959;0.116084
55.04559;-5.008023;-4.682037;-1.577021;-5.018020;-4.670352;-1.580598;-5.005117;-4.670347;-1.563031;0.000000;0.000000;0.040559;-0.031034;0.012046;0.801566
55.06413;-5.008023;-4.682037;-1.577021;-5.005119;-4.670013;-1.566113;-5.004191;-4.680520;-1.589710;0.000000;0.000000;-0.006676;-0.061644;0.004121;0.727070
55.08066;-5.008023;-4.682037;-1.577021;-5.004183;-4.680092;-1.591571;-5.019569;-4.681350;-1.604528;0.000000;0.000000;-0.008551;-0.037217;0.011567;1.576080
55.09570;-5.008023;-4.682037;-1.577021;-5.019645;-4.683664;-1.602897;-5.014324;-4.681755;-1.607036;0.000000;0.000000;0.046299;0.032616;0.006308;1.719765
55.11391;-5.008023;-4.682037;-1.577021;-5.014308;-4.681338;-1.612544;-5.013218;-4.678379;-1.624413;0.000000;0.000000;-0.008355;-0.110158;0.006354;2.715393
55.13024;-5.008023;-4.682037;-1.577021;-5.013229;-4.678588;-1.625411;-5.007440;-4.685505;-1.641774;0.000000;0.000000;0.004191;-0.019958;0.003516;3.710075
55.14594;-5.008023;-4.682037;-1.577021;-5.007405;-4.685020;-1.642416;-5.011287;-4.685342;-1.656780;0.000000;0.000000;-0.009721;-0.012852;0.004645;4.569909
55.16238;-5.008023;-4.682037;-1.577021;-5.011274;-4.685188;-1.658565;-5.013712;-4.689780;-1.656822;0.000000;0.000000;-0.003093;-0.035695;0.009609;4.572307
55.18358;-5.008023;-4.682037;-1.577021;-5.013845;-4.691316;-1.657680;-5.002057;-4.698344;-1.655380;0.000000;0.000000;0.030836;-0.017151;0.017364;4.489689
55.20120;-5.008023;-4.682037;-1.577021;-5.002024;-4.697956;-1.656738;-5.005303;-4.679392;-1.642370;0.000000;0.000000;-0.007788;-0.027145;0.003794;3.744276
55.21721;-5.008023;-4.682037;-1.577021;-5.005399;-4.680743;-1.642069;-5.003972;-4.680613;-1.647794;0.000000;0.000000;0.027087;0.006024;0.004294;4.055016
55.23701;-5.008023;-4.682037;-1.577021;-5.003912;-4.679858;-1.652202;-5.009432;-4.688929;-1.653783;0.000000;0.000000;-0.015165;-0.088157;0.007034;4.398139
55.25332;-5.008023;-4.682037;-1.577021;-5.009394;-4.688458;-1.652564;-5.009234;-4.683769;-1.677550;0.000000;0.000000;-0.009448;0.024374;0.002113;5.759940
55.27035;-5.008023;-4.682037;-1.577021;-5.009258;-4.684003;-1.676197;-5.005540;-4.687290;-1.667896;0.000000;0.000000;0.004713;0.027076;0.005810;5.206806
55.28536;-5.008023;-4.682037;-1.577021;-5.005394;-4.685757;-1.663654;-5.010248;-4.699922;-1.640239;0.000000;0.000000;-0.030799;0.084843;0.018022;3.622132
55.30394;-5.008023;-4.682037;-1.577021;-5.010324;-4.701049;-1.635882;-4.998971;-4.696677;-1.645908;0.000000;0.000000;0.022608;0.087143;0.017212;3.946941
55.32137;-5.008023;-4.682037;-1.577021;-4.998934;-4.696176;-1.642643;-4.990205;-4.685961;-1.640945;0.000000;0.000000;-0.010050;0.065297;0.018244;3.662606
55.34037;-5.008023;-4.682037;-1.577021;-4.990191;-4.685752;-1.637931;-4.981176;-4.691921;-1.646391;0.000000;0.000000;-0.004177;0.060274;0.028608;3.974632
55.35551;-5.008023;-4.682037;-1.577021;-4.981198;-4.692202;-1.646930;-5.001626;-4.693104;-1.625722;0.000000;0.000000;0.005634;-0.010775;0.012782;2.790369
55.37169;-5.008023;-4.682037;-1.577021;-5.001639;-4.693328;-1.625521;-4.998458;-4.694151;-1.629810;0.000000;0.000000;0.004475;0.004012;0.015435;3.024608
55.38829;-5.008023;-4.682037;-1.577021;-4.998600;-4.696610;-1.627194;-4.999736;-4.678233;-1.627292;0.000000;0.000000;0.049267;0.052316;0.009118;2.880316
55.40382;-5.008023;-4.682037;-1.577021;-4.999793;-4.679264;-1.625677;-5.021337;-4.668541;-1.628055;0.000000;0.000000;0.020649;0.032284;0.018958;2.924041
55.42003;-5.008023;-4.682037;-1.577021;-5.021334;-4.668492;-1.626838;-5.015040;-4.668741;-1.626470;0.000000;0.000000;-0.000973;0.024331;0.015034;2.833231
55.44037;-5.008023;-4.682037;-1.577021;-5.015077;-4.669399;-1.627754;-5.010206;-4.672585;-1.614512;0.000000;0.000000;0.013178;-0.025690;0.009701;2.148108
55.45542;-5.008023;-4.682037;-1.577021;-5.010263;-4.673880;-1.615461;-5.015000;-4.661456;-1.625395;0.000000;0.000000;0.025915;-0.018976;0.021732;2.771678
55.47145;-5.008023;-4.682037;-1.577021;-5.015033;-4.662063;-1.623922;-4.999941;-4.655823;-1.628655;0.000000;0.000000;0.012153;0.029465;0.027431;2.958438
55.48852;-5.008023;-4.682037;-1.577021;-4.999865;-4.654489;-1.627149;-5.004043;-4.672060;-1.629881;0.000000;0.000000;-0.026734;0.030126;0.010742;3.028677
55.50417;-5.008023;-4.682037;-1.577021;-5.004032;-4.671874;-1.629038;-4.997938;-4.671810;-1.636120;0.000000;0.000000;-0.003724;0.016860;0.014363;3.386166
55.52251;-5.008023;-4.682037;-1.577021;-4.997949;-4.671980;-1.635207;-4.996546;-4.676943;-1.628766;0.000000;0.000000;0.003394;0.018262;0.012556;2.964824
55.53836;-5.008023;-4.682037;-1.577021;-4.996613;-4.678102;-1.627776;-5.003636;-4.677567;-1.620897;0.000000;0.000000;0.023218;0.019802;0.006263;2.513961
55.55540;-5.008023;-4.682037;-1.577021;-5.003699;-4.678849;-1.619583;-4.999511;-4.676736;-1.619933;0.000000;0.000000;0.025688;0.026296;0.010027;2.458690
55.57241;-5.008023;-4.682037;-1.577021;-4.999554;-4.677596;-1.622285;-4.991420;-4.680099;-1.611359;0.000000;0.000000;0.017222;-0.047043;0.016716;1.967453
55.58843;-5.008023;-4.682037;-1.577021;-4.991433;-4.680424;-1.611907;-5.002164;-4.679513;-1.603238;0.000000;0.000000;0.006499;-0.010951;0.006379;1.502171
55.60547;-5.008023;-4.682037;-1.577021;-5.002169;-4.679672;-1.601524;-4.998443;-4.670443;-1.610683;0.000000;0.000000;0.003193;0.034296;0.015040;1.928698
55.62301;-5.008023;-4.682037;-1.577021;-4.998463;-4.670964;-1.608271;-5.000006;-4.682253;-1.594631;0.000000;0.000000;0.010439;0.048237;0.008019;1.008997
55.64036;-5.008023;-4.682037;-1.577021;-4.999976;-4.680888;-1.590931;-5.006214;-4.669363;-1.592401;0.000000;0.000000;-0.027300;0.073992;0.012802;0.881232
55.65742;-5.008023;-4.682037;-1.577021;-5.006199;-4.668638;-1.588998;-4.997881;-4.684275;-1.595105;0.000000;0.000000;-0.014517;0.068054;0.010386;1.036156
55.67407;-5.008023;-4.682037;-1.577021;-4.997868;-4.683656;-1.587694;-4.999965;-4.681297;-1.572006;0.000000;0.000000;-0.012394;0.148224;0.008092;0.287303
55.69187;-5.008023;-4.682037;-1.577021;-4.999964;-4.680834;-1.573791;-4.994817;-4.682441;-1.569398;0.000000;0.000000;-0.009269;-0.035688;0.013212;0.436736
55.71039;-5.008023;-4.682037;-1.577021;-4.994819;-4.681358;-1.569005;-5.009138;-4.683421;-1.568960;0.000000;0.000000;-0.021655;0.007862;0.001777;0.461812
55.73548;-5.008023;-4.682037;-1.577021;-5.009142;-4.682400;-1.564750;-5.005300;-4.688904;-1.554400;0.000000;0.000000;-0.020411;0.084212;0.007387;1.296083
55.75674;-5.008023;-4.682037;-1.577021;-5.005287;-4.689642;-1.552398;-5.001929;-4.677938;-1.553955;0.000000;0.000000;0.014750;0.040034;0.007344;1.321562
55.77581;-5.008023;-4.682037;-1.577021;-5.001945;-4.676941;-1.555229;-5.005230;-4.687406;-1.565973;0.000000;0.000000;-0.019948;-0.025481;0.006051;0.632965
55.79189;-5.008023;-4.682037;-1.577021;-5.005226;-4.687972;-1.561786;-5.000178;-4.689580;-1.550336;0.000000;0.000000;0.011324;0.083742;0.010882;1.528893
55.81042;-5.008023;-4.682037;-1.577021;-5.000173;-4.689861;-1.550355;-5.004133;-4.693418;-1.552542;0.000000;0.000000;0.005626;-0.000375;0.012027;1.402515
55.82536;-5.008023;-4.682037;-1.577021;-5.004136;-4.693293;-1.554368;-5.005043;-4.699939;-1.560741;0.000000;0.000000;-0.002506;-0.036526;0.018148;0.932773
55.84371;-5.008023;-4.682037;-1.577021;-5.005047;-4.699568;-1.562935;-5.001055;-4.682991;-1.565221;0.000000;0.000000;-0.007414;-0.043882;0.007033;0.676082
55.85974;-5.008023;-4.682037;-1.577021;-5.001047;-4.685249;-1.569377;-5.002541;-4.686805;-1.587597;0.000000;0.000000;0.045162;-0.083128;0.007264;0.606007
55.87938;-5.008023;-4.682037;-1.577021;-5.002532;-4.686123;-1.582958;-5.010401;-4.694129;-1.568536;0.000000;0.000000;-0.013640;0.092780;0.012324;0.486155
55.89641;-5.008023;-4.682037;-1.577021;-5.010398;-4.695245;-1.567713;-4.996879;-4.695695;-1.557061;0.000000;0.000000;0.022311;0.016454;0.017627;1.143612
55.91143;-5.008023;-4.682037;-1.577021;-4.996886;-4.695134;-1.558969;-4.990029;-4.698265;-1.545433;0.000000;0.000000;-0.011208;-0.038168;0.024231;1.809803
55.92944;-5.008023;-4.682037;-1.577021;-4.989992;-4.699688;-1.544952;-4.980310;-4.697701;-1.535244;0.000000;0.000000;0.028473;0.009625;0.031834;2.393609
55.94596;-5.008023;-4.682037;-1.577021;-4.980330;-4.697136;-1.533076;-4.980148;-4.701745;-1.532871;0.000000;0.000000;-0.011322;0.043368;0.034138;2.529592
55.96251;-5.008023;-4.682037;-1.577021;-4.980096;-4.703009;-1.526498;-4.979195;-4.697119;-1.523115;0.000000;0.000000;0.025309;0.127448;0.032534;3.088561
55.98454;-5.008023;-4.682037;-1.577021;-4.979323;-4.694398;-1.524221;-4.989819;-4.695009;-1.521594;0.000000;0.000000;-0.054470;-0.022128;0.022353;3.175700
56.00850;-5.008023;-4.682037;-1.577021;-4.989860;-4.694162;-1.521889;-4.999209;-4.687303;-1.520303;0.000000;0.000000;-0.016951;-0.005901;0.010267;3.249686
56.02452;-5.008023;-4.682037;-1.577021;-4.999252;-4.686474;-1.518958;-4.987388;-4.697742;-1.515311;0.000000;0.000000;-0.016613;0.026896;0.025931;3.535672
56.04461;-5.008023;-4.682037;-1.577021;-4.987369;-4.698070;-1.513473;-4.998064;-4.688132;-1.521376;0.000000;0.000000;0.006585;0.036767;0.011675;3.188218
56.06166;-5.008023;-4.682037;-1.577021;-4.998065;-4.688119;-1.522465;-4.998340;-4.683306;-1.529458;0.000000;0.000000;-0.000258;-0.021791;0.009765;2.725129
56.07773;-5.008023;-4.682037;-1.577021;-4.998317;-4.683855;-1.527702;-4.991098;-4.682750;-1.544028;0.000000;0.000000;0.010984;0.035113;0.016940;1.890318
56.09420;-5.008023;-4.682037;-1.577021;-4.991124;-4.681712;-1.547214;-4.997441;-4.677199;-1.573716;0.000000;0.000000;-0.020764;-0.063717;0.011635;0.189311
56.11372;-5.008023;-4.682037;-1.577021;-4.997442;-4.677396;-1.576381;-5.002417;-4.685641;-1.580693;0.000000;0.000000;0.003941;-0.053285;0.006664;0.210400
56.13239;-5.008023;-4.682037;-1.577021;-5.002428;-4.686930;-1.577966;-5.005607;-4.686639;-1.576478;0.000000;0.000000;0.025783;0.054541;0.005197;0.031103
56.15094;-5.008023;-4.682037;-1.577021;-5.005610;-4.687022;-1.581764;-4.994181;-4.682680;-1.583439;0.000000;0.000000;0.007671;-0.105734;0.013856;0.367733
56.16969;-5.008023;-4.682037;-1.577021;-4.994173;-4.682060;-1.584856;-5.005498;-4.680271;-1.586273;0.000000;0.000000;-0.012386;-0.028347;0.003081;0.530138
56.18722;-5.008023;-4.682037;-1.577021;-5.005480;-4.679180;-1.587924;-5.003064;-4.685276;-1.572864;0.000000;0.000000;-0.021820;-0.033022;0.005923;0.238127
56.20425;-5.008023;-4.682037;-1.577021;-5.003064;-4.684774;-1.570289;-5.002599;-4.682006;-1.578108;0.000000;0.000000;-0.010043;0.051512;0.005424;0.062314
56.22210;-5.008023;-4.682037;-1.577021;-5.002596;-4.681730;-1.581244;-5.012855;-4.657863;-1.587506;0.000000;0.000000;-0.005521;-0.062722;0.024652;0.600767
56.23934;-5.008023;-4.682037;-1.577021;-5.012857;-4.657974;-1.590600;-5.025090;-4.659038;-1.585224;0.000000;0.000000;0.002227;-0.061891;0.028640;0.470029
56.25639;-5.008023;-4.682037;-1.577021;-5.025071;-4.657791;-1.586433;-5.018405;-4.662451;-1.581628;0.000000;0.000000;-0.024943;-0.024176;0.022168;0.263966
56.27342;-5.008023;-4.682037;-1.577021;-5.018404;-4.662367;-1.579178;-5.013622;-4.671603;-1.573719;0.000000;0.000000;-0.001670;0.048999;0.011842;0.189159
56.28861;-5.008023;-4.682037;-1.577021;-5.013623;-4.671949;-1.574646;-4.995989;-4.691893;-1.579144;0.000000;0.000000;0.006927;-0.018541;0.015554;0.121674
56.30564;-5.008023;-4.682037;-1.577021;-4.995980;-4.690630;-1.577300;-4.983324;-4.700881;-1.592543;0.000000;0.000000;-0.025270;0.036874;0.031066;0.889391
56.32310;-5.008023;-4.682037;-1.577021;-4.983340;-4.701599;-1.591861;-4.992937;-4.702675;-1.575686;0.000000;0.000000;0.014362;0.013651;0.025564;0.076474
56.34034;-5.008023;-4.682037;-1.577021;-4.992935;-4.702173;-1.576983;-4.991699;-4.698026;-1.578471;0.000000;0.000000;-0.010049;-0.025940;0.022850;0.083108
56.35738;-5.008023;-4.682037;-1.577021;-4.991700;-4.698217;-1.576235;-5.009115;-4.682946;-1.572836;0.000000;0.000000;0.003830;0.044720;0.001421;0.239757
56.38253;-5.008023;-4.682037;-1.577021;-5.009115;-4.683239;-1.570991;-5.013427;-4.672987;-1.565424;0.000000;0.000000;0.005855;0.036908;0.010541;0.664419
56.39658;-5.008023;-4.682037;-1.577021;-5.013427;-4.672853;-1.565033;-5.012753;-4.681200;-1.576011;0.000000;0.000000;-0.002685;0.007819;0.004804;0.057840
56.41962;-5.008023;-4.682037;-1.577021;-5.012756;-4.681782;-1.576127;-5.015797;-4.682725;-1.583619;0.000000;0.000000;0.011630;-0.002314;0.007805;0.378058
56.43934;-5.008023;-4.682037;-1.577021;-5.015779;-4.681412;-1.585096;-5.002443;-4.674459;-1.591532;0.000000;0.000000;-0.026264;-0.029545;0.009411;0.831463
56.45452;-5.008023;-4.682037;-1.577021;-5.002437;-4.674172;-1.592311;-5.008852;-4.679022;-1.585092;0.000000;0.000000;-0.005741;-0.015571;0.003127;0.462483
56.47355;-5.008023;-4.682037;-1.577021;-5.008857;-4.679416;-1.579801;-5.012985;-4.684941;-1.566065;0.000000;0.000000;0.007878;0.105824;0.005749;0.627684
56.49103;-5.008023;-4.682037;-1.577021;-5.012983;-4.685322;-1.565389;-5.018055;-4.669526;-1.572364;0.000000;0.000000;0.007628;0.013531;0.016037;0.266791
56.50697;-5.008023;-4.682037;-1.577021;-5.018053;-4.667035;-1.570588;-5.029961;-4.659027;-1.572812;0.000000;0.000000;-0.049809;0.035517;0.031793;0.241158
56.52602;-5.008023;-4.682037;-1.577021;-5.029960;-4.658400;-1.574328;-5.020297;-4.663777;-1.585699;0.000000;0.000000;-0.012536;-0.030336;0.022003;0.497216
56.54259;-5.008023;-4.682037;-1.577021;-5.020292;-4.663419;-1.586774;-5.016009;-4.676302;-1.583782;0.000000;0.000000;-0.007159;-0.021502;0.009832;0.387380
56.55942;-5.008023;-4.682037;-1.577021;-5.016027;-4.677677;-1.584697;-5.015387;-4.673880;-1.573065;0.000000;0.000000;0.027492;-0.018302;0.010990;0.226660
56.57533;-5.008023;-4.682037;-1.577021;-5.015386;-4.673203;-1.573665;-5.012942;-4.677015;-1.573644;0.000000;0.000000;-0.013543;-0.012015;0.007030;0.193487
56.59286;-5.008023;-4.682037;-1.577021;-5.012942;-4.676880;-1.575613;-4.997281;-4.681147;-1.590386;0.000000;0.000000;-0.002696;-0.039391;0.010778;0.765772
56.61039;-5.008023;-4.682037;-1.577021;-4.997288;-4.681519;-1.587751;-5.001111;-4.671470;-1.582763;0.000000;0.000000;0.007441;0.052700;0.012627;0.329038
56.62645;-5.008023;-4.682037;-1.577021;-5.001117;-4.671909;-1.586698;-5.017613;-4.670516;-1.595133;0.000000;0.000000;0.008771;-0.078698;0.014991;1.037765
56.64249;-5.008023;-4.682037;-1.577021;-5.017649;-4.672031;-1.592959;-5.019960;-4.661095;-1.587100;0.000000;0.000000;0.030313;0.043475;0.024106;0.577493
