timestamp,left_ticks,right_ticks
0.0,0.0,0.0
0.131,20.04215461935796,20.04215461935796
0.242,44.972639633681275,45.95030571267434
0.353,71.85845680599074,71.85845680599073
0.464,98.74427397830021,98.74427397830019
0.597,133.94025282205075,129.54075546658194
0.706,161.80373607335326,156.4265726388914
0.815,187.71188716666967,184.2900558901939
0.924,216.55303649696526,212.15353914149642
1.033,242.46118759028167,239.03935631380588
1.144,273.2576690785634,267.8805056441015
1.253,300.14348625087285,294.76632281641093
1.362,326.05163734418926,322.62980606771345
1.471,353.91512059549177,349.51562324002293
1.58,379.8232716888081,377.37910649132544
1.691,399.86542630816604,414.53041749306215
1.8,422.8405791645032,447.7710641788266
1.909,448.7487302578196,475.6345474301291
2.018,469.7685509561706,509.85286019488655
2.13,487.8553734175424,547.0041711966232
2.239,512.7858584318657,575.8453205269188
2.348,540.6493416831682,603.7088037782213
2.457,567.5351588554777,631.572287029524
2.566,594.4209760277872,658.4581042018334
2.675,618.3737949631175,688.276919611122
2.784,636.4606174244893,723.4728984548726
2.893,662.3687685178056,751.3363817061753
3.002,690.2322517691083,778.2221988784847
3.111,717.1180689414177,805.1080160507942
3.222,744.9815521927203,831.9938332231037
3.331,772.8450354440229,857.9019843164201
3.442,802.6638508533115,886.7431336467156
3.551,829.549668025621,913.6289508190251
3.668,857.4131512769236,943.4477662283138
3.777,885.2766345282262,971.3112494796163
3.886,915.0954499375148,999.1747327309189
3.995,943.9365992678104,1027.0382159822216
4.104,971.800082519113,1054.9016992335241
4.222,995.7529014544432,1094.008342393247
4.331,1018.7280543107804,1134.0926516319628
4.44,1075.921519931875,1139.9586481059214
4.549,1120.8941595655563,1145.8246445798798
4.658,1148.7576428168588,1172.7104617521893
4.767,1175.6434599891682,1201.5516110824847
4.876,1201.5516110824847,1228.4374282547942
4.985,1228.4374282547942,1254.3455793481107
5.096,1257.2785775850898,1281.23139652042
5.205,1285.1420608363921,1308.1172136927296
5.323,1313.983210166688,1335.980696944032
5.432,1340.8690273389975,1361.8888480373485
5.541,1369.710176669293,1387.796999130665
5.65,1397.5736599205954,1414.6828163029745
5.759,1425.437143171898,1440.590967396291
5.868,1453.3006264232004,1466.4991184896076
5.977,1481.164109674503,1493.384935661917
6.086,1509.0275929258053,1521.2484189132194
6.195,1536.8910761771078,1547.156570006536
6.307,1565.7322255074034,1575.0200532578385
6.416,1593.595708758706,1600.928204351155
6.525,1622.4368580890016,1627.8140215234646
6.634,1650.300341340304,1654.699838695774
6.743,1677.1861585126135,1680.6079897890904
6.854,1707.004973921902,1707.4938069614
6.963,1734.8684571732047,1734.3796241337095
7.072,1763.7096065035003,1760.287775227026
7.181,1791.5730897548028,1787.1735923993356
7.29,1821.3919051640914,1814.059409571645
7.401,1849.2553884153938,1840.9452267439544
7.51,1877.1188716666964,1866.853377837271
7.619,1904.9823549179987,1893.7391950095805
7.728,1932.845838169301,1920.6250121818898
7.837,1960.7093214206036,1947.5108293541994
7.946,1989.5504707508992,1973.4189804475159
8.055,2018.391620081195,1999.3271315408324
8.164,2046.2551033324974,2026.212948713142
8.28,2076.073918741786,2054.0764319644445
8.392,2103.9374019930883,2081.9399152157466
8.503,2132.7785513233844,2108.825732388056
8.612,2160.6420345746865,2135.7115495603657
8.721,2188.505517825989,2162.5973667326753
8.83,2216.3690010772916,2188.505517825992
8.939,2244.2324843285937,2215.3913349983013
9.048,2271.1183015009033,2240.3218200126244
9.157,2298.004118673213,2266.229971105941
9.266,2325.8676019245154,2293.1157882782504
9.375,2352.753419096825,2319.023939371567
9.486,2380.6169023481275,2345.9097565438765
9.595,2408.4803855994296,2371.817907637193
9.704,2439.2768670877117,2397.7260587305095
9.813,2467.1403503390143,2423.634209823826
9.922,2495.003833590317,2449.5423609171426
10.031,2522.86731684162,2476.4281780894516
10.14,2554.6414644088945,2502.336329182768
10.251,2582.504947660197,2529.2221463550773
10.361,2611.3460969904927,2556.1079635273863
10.473,2639.2095802417953,2582.993780699696
10.582,2667.0730634930983,2609.879597872005
10.691,2695.914212823394,2636.765415044314
10.8,2722.800029995703,2662.6735661376306
10.909,2751.6411793259986,2689.5593833099397
11.018,2781.459994735287,2716.4452004822488
11.127,2809.32347798659,2743.331017654558
11.236,2839.142293395879,2770.2168348268674
11.345,2866.028110568188,2796.1249859201835
11.454,2881.1819347925807,2838.164627316886
11.565,2903.179421569924,2872.3829400816435
11.674,2930.0652387422338,2899.2687572539526
11.783,2955.97338983555,2928.109906584248
11.892,2976.9932105339008,2961.350553270013
11.999,2999.968363390238,2992.1470347582945
12.108,3026.8541805625473,3019.0328519306036
12.217,3053.7399977348564,3045.9186691029126
12.326,3079.648148828173,3072.804486275222
12.435,3107.5116320794755,3100.6679695265248
12.547,3135.375115330778,3128.5314527778273
12.656,3159.3279342661085,3159.327934266109
12.765,3183.280753201439,3190.1244157543906
12.888,3214.0772346897206,3220.9208972426723
12.997,3241.940717941023,3247.8067144149813
13.106,3268.8265351133323,3274.692531587291
13.215,3295.7123522856414,3301.5783487596
13.324,3321.620503378958,3329.4418320109025
13.433,3348.506320551267,3356.3276491832116
13.542,3371.4814734076044,3385.1687985135077
13.662,3391.5236280269623,3424.2754416732305
13.771,3417.4317791202784,3451.1612588455396
13.88,3446.2729284505745,3479.024742096842
13.989,3473.1587456228835,3506.888225348145
14.098,3500.0445627951926,3533.7740425204543
14.207,3525.9527138885087,3560.6598596927633
14.316,3551.860864981825,3587.545676865073
14.425,3577.7690160751413,3615.4091601163755
14.534,3605.6324993264443,3642.2949772886845
14.653,3635.451314735733,3672.113792697973
14.762,3663.3147979870355,3699.977275949276
14.871,3690.2006151593446,3726.8630931215853
14.98,3716.108766252661,3752.7712442149013
15.089,3744.9499155829567,3779.6570613872104
15.198,3771.835732755266,3806.54287855952
15.307,3798.721549927575,3833.428695731829
15.418,3827.562699257871,3860.314512904138
15.527,3854.44851643018,3886.2226639974547
15.636,3880.356667523496,3912.1308150907707
15.747,3907.2424846958056,3939.01663226308
15.856,3935.105967947108,3965.9024494353894
15.965,3961.9917851194173,3992.7882666076985
16.074,3987.899936212734,4019.6740837800075
16.183,4014.785753385043,4046.5599009523166
16.292,4045.5822348733245,4072.468052045633
16.401,4071.4903859666406,4098.37620313895
16.51,4097.398537059957,4124.284354232265
16.619,4125.262020311259,4152.147837483568
16.731,4152.147837483569,4179.033654655877
16.84,4178.055988576885,4205.919471828187
16.949,4205.919471828188,4232.805289000496
17.06,4233.78295507949,4259.691106172805
17.169,4260.6687722518,4286.576923345115
17.278,4289.509921582096,4313.462740517423
17.396,4318.351070912391,4342.303889847719
17.505,4347.192220242687,4369.189707020028
17.614,4373.100371336003,4395.097858113345
17.723,4399.008522429319,4421.983675285654
17.834,4425.894339601628,4448.869492457963
17.943,4452.780156773938,4474.77764355128
18.052,4486.020803459703,4497.752796407617
18.161,4525.127446619425,4513.8842867110025
18.27,4552.013263791734,4539.792437804318
18.379,4579.876747043037,4566.678254976628
18.488,4607.74023029434,4592.586406069944
18.597,4634.626047466649,4618.494557163261
18.706,4662.489530717951,4643.425042177583
18.82,4691.330680048248,4670.310859349893
18.929,4726.526658891998,4691.330680048243
19.038,4758.300806459272,4713.328166825588
19.147,4785.186623631582,4740.213983997896
19.256,4813.050106882884,4766.122135091213
19.365,4839.935924055194,4792.030286184529
19.474,4867.7994073064965,4818.916103356838
19.583,4894.685224478806,4844.8242544501545
19.692,4921.571041651116,4870.732405543471
19.801,4948.456858823425,4896.640556636788
19.912,4975.342675995736,4923.526373809097
20.021,5002.228493168045,4949.4345249024145
20.13,5029.114310340355,4975.342675995731
20.239,5056.000127512664,5001.250827089048
20.348,5083.863610763968,5027.158978182365
20.459,5111.72709401527,5054.0447953546745
20.568,5138.61291118758,5078.975280368998
20.677,5165.498728359889,5104.883431462315
20.786,5194.339877690185,5131.769248634625
20.898,5222.2033609414875,5157.6773997279415
21.007,5250.066844192791,5183.585550821258
21.116,5276.9526613651005,5209.4937019145755
21.225,5304.816144616403,5234.424186928899
21.334,5331.701961788713,5260.3323380222155
21.443,5359.565445040015,5286.240489115533
21.552,5386.451262212326,5312.148640208849
21.661,5413.337079384635,5338.056791302166
21.77,5440.222896556945,5363.9649423954825
21.879,5467.108713729254,5388.895427409807
22.0,5495.94986305955,5416.758910661109
22.109,5522.83568023186,5442.667061754426
22.22,5549.72149740417,5468.575212847743
22.329,5576.607314576479,5493.505697862067
22.438,5603.493131748789,5518.43618287639
22.547,5630.378948921099,5543.366667890715
22.656,5657.264766093409,5569.274818984031
22.765,5685.128249344712,5595.182970077348
22.874,5712.991732596014,5620.113455091672
22.986,5739.877549768324,5646.999272263982
23.095,5767.741033019627,5672.907423357298
23.204,5795.60451627093,5697.837908371622
23.313,5823.467999522232,5723.746059464939
23.422,5850.353816694542,5749.654210558256
23.531,5877.239633866851,5775.562361651572
23.64,5904.125451039162,5800.492846665897
23.749,5930.033602132478,5826.400997759213
23.86,5957.897085383781,5852.30914885253
23.969,5984.78290255609,5878.217299945847
24.08,6011.6687197284,5904.125451039164
24.189,6038.55453690071,5930.03360213248
24.298,6065.44035407302,5955.941753225798
24.407,6091.3485051663365,5981.849904319114
24.516,6118.234322338646,6007.758055412431
24.625,6144.1424734319635,6033.666206505747
24.734,6171.028290604273,6057.619025441078
24.843,6197.914107776583,6084.504842613387
24.952,6223.8222588699,6109.435327627711
25.064,6252.663408200196,6136.32114480002
25.173,6279.549225372505,6162.229295893338
25.282,6306.435042544815,6188.137446986654
25.391,6333.320859717124,6215.023264158964
25.5,6361.184342968427,6241.909081331274
25.611,6379.271165429799,6280.038058412004
25.72,6400.2909861281505,6310.834539900286
25.829,6427.17680330046,6337.720357072595
25.938,6453.084954393777,6363.628508165912
26.047,6478.0154394081,6390.514325338221
26.158,6503.9235905014175,6417.400142510532
26.267,6529.831741594734,6444.285959682841
26.376,6556.717558767044,6472.149442934144
26.485,6582.625709860361,6499.035260106453
26.603,6610.489193111664,6526.898743357756
26.712,6635.419678125987,6553.784560530066
26.821,6661.327829219304,6579.692711623383
26.93,6689.191312470607,6606.578528795692
27.039,6714.1217974849305,6632.486679889009
27.151,6741.985280736233,6659.372497061319
27.262,6768.871097908543,6686.258314233629
27.371,6795.756915080853,6713.144131405938
27.48,6822.642732253163,6740.029948578248
27.589,6848.550883346479,6765.938099671565
27.698,6873.481368360803,6792.823916843875
27.807,6899.38951945412,6818.7320679371915
27.916,6925.297670547437,6844.640219030509
28.025,6950.22815556176,6871.526036202818
28.134,6976.1363066550775,6897.434187296135
28.245,7003.99978990638,6924.3200044684445
28.354,7029.907940999697,6950.228155561762
28.463,7055.816092093013,6976.136306655078
28.572,7080.7465771073375,7003.022123827388
28.681,7107.632394279647,7029.9079409996975
28.79,7131.585213214977,7058.749090329993
28.899,7149.672035676349,7095.900401331731
29.01,7172.6471885326855,7127.6745488990055
29.119,7198.555339626003,7154.560366071315
29.231,7226.4188228773055,7181.446183243625
29.34,7252.326973970622,7208.332000415934
29.449,7280.190457221925,7234.2401515092515
29.558,7305.120942236249,7261.125968681561
29.667,7332.0067594085585,7288.011785853871
29.776,7357.914910501875,7313.919936947187
29.885,7382.845395516199,7339.828088040505
29.994,7407.775880530523,7365.736239133821
30.103,7432.706365544846,7391.644390227138
30.212,7457.636850559171,7417.552541320455
30.323,7483.545001652487,7445.416024571758
30.432,7509.453152745804,7471.324175665074
30.541,7535.36130383912,7498.209992837384
30.652,7560.291788853445,7525.095810009693
30.761,7587.177606025754,7551.981627182004
30.87,7613.085757119071,7576.912112196327
30.979,7638.993908212388,7602.820263289644
31.097,7667.835057542684,7631.661412619939
31.206,7696.6762068729795,7657.569563713257
31.318,7723.562024045289,7684.455380885566
31.427,7751.425507296592,7711.341198057876
31.536,7776.355992310916,7737.249349151192
31.645,7802.2641434042325,7763.15750024451
31.754,7829.149960576542,7789.065651337826
31.863,7855.058111669859,7814.973802431143
31.972,7880.966262763176,7840.88195352446
32.081,7905.8967477774995,7866.790104617777
32.19,7931.804898870816,7891.7205896321
32.299,7956.73538388514,7917.628740725418
32.412,7983.62120105745,7943.536891818734
32.521,8009.5293521507665,7969.445042912051
32.63,8036.415169323076,7996.33086008436
32.739,8061.3456543374,8022.239011177678
32.848,8088.23147150971,8048.147162270994
32.957,8114.1396226030265,8074.055313364311
33.066,8140.047773696344,8100.941130536621
33.175,8165.9559247896605,8127.826947708931
33.284,8191.864075882977,8153.735098802247
33.396,8218.749893055287,8179.643249895564
33.505,8244.658044148604,8205.551400988881
33.614,8271.543861320913,8231.459552082199
33.723,8298.429678493223,8257.367703175514
33.832,8325.315495665533,8283.275854268832
33.941,8350.245980679856,8308.206339283155
34.052,8377.131797852167,8334.114490376473
34.161,8403.039948945483,8360.022641469788
34.27,8434.814096512759,8382.020128247132
34.379,8468.054743198521,8401.084616787497
34.49,8494.940560370831,8426.01510180182
34.599,8519.871045385156,8451.923252895138
34.708,8546.756862557466,8477.831403988455
34.817,8574.620345808768,8502.761889002779
34.926,8600.528496902085,8528.670040096096
35.035,8629.36964623238,8552.622859031426
35.144,8666.520957234117,8568.754349334811
35.253,8703.672268235854,8584.885839638197
35.362,8734.468749724136,8606.883326415542
35.474,8761.354566896445,8634.746809666844
35.583,8786.285051910769,8660.654960760161
35.701,8814.148535162072,8688.518444011463
35.812,8840.05668625539,8714.42659510478
35.921,8866.9425034277,8739.357080119104
36.03,8892.850654521015,8764.287565133427
36.139,8917.78113953534,8789.218050147752
36.248,8942.711624549664,8813.170869083082
36.357,8969.597441721973,8838.101354097405
36.466,8994.527926736297,8863.031839111729
36.577,9020.436077829614,8887.962324126052
36.686,9047.321895001924,8914.848141298362
36.795,9074.207712174233,8939.778626312687
36.904,9104.026527583523,8965.686777406003
37.013,9129.934678676838,8990.617262420326
37.122,9156.820495849148,9015.547747434652
37.231,9183.706313021457,9040.478232448975
37.34,9215.480460588733,9065.408717463299
37.451,9242.366277761043,9091.316868556616
37.563,9269.252094933352,9118.202685728926
37.672,9295.16024602667,9144.110836822241
37.781,9322.046063198979,9170.018987915559
37.89,9348.931880371289,9194.949472929882
37.999,9374.840031464606,9220.8576240232
38.108,9402.703514715908,9245.788109037523
38.217,9429.589331888217,9271.69626013084
38.326,9455.497482981535,9296.626745145164
38.435,9483.360966232838,9321.557230159488
38.544,9508.291451247162,9345.510049094817
38.655,9534.199602340477,9370.44053410914
38.764,9560.107753433795,9397.326351281452
38.873,9586.993570606104,9422.256836295775
38.982,9612.901721699422,9447.187321310099
39.091,9638.809872792737,9473.095472403416
39.202,9665.695689965049,9499.003623496732
39.311,9692.581507137358,9523.934108511055
39.42,9718.489658230674,9549.842259604373
39.529,9744.397809323991,9574.772744618696
39.641,9771.2836264963,9600.680895712014
39.75,9798.16944366861,9626.589046805331
39.859,9824.077594761926,9652.497197898647
39.968,9850.963411934235,9677.42768291297
40.077,9876.871563027553,9703.335834006288
40.186,9902.77971412087,9728.266319020611
40.304,9930.643197372172,9755.15213619292
40.413,9956.55134846549,9780.082621207244
40.522,9981.481833479813,9805.01310622157
40.631,10007.38998457313,9829.943591235893
40.742,10034.27580174544,9855.851742329209
40.853,10061.16161891775,9880.782227343534
40.962,10087.069770011067,9905.712712357858
41.071,10112.977921104382,9930.643197372181
41.18,10138.8860721977,9955.573682386505
41.289,10163.816557212023,9981.481833479822
41.398,10188.747042226347,10007.38998457314
41.507,10214.655193319664,10033.298135666455
41.616,10240.563344412982,10058.228620680778
41.728,10268.426827664283,10084.136771774096
41.837,10294.3349787576,10109.06725678842
41.946,10321.22079592991,10134.975407881737
42.055,10346.151280944234,10161.861225054046
42.164,10372.059432037551,10187.769376147364
42.273,10397.967583130867,10213.67752724068
42.382,10423.875734224184,10238.608012255003
42.491,10449.783885317502,10264.51616334832
42.602,10475.692036410817,10290.424314441638
42.711,10501.600187504135,10316.332465534953
42.822,10528.486004676444,10342.24061662827
42.931,10554.394155769762,10368.148767721588
43.04,10579.324640784085,10393.079252735912
43.149,10605.232791877403,10418.009737750235
43.258,10631.140942970718,10443.917888843553
43.367,10657.049094064036,10468.848373857876
43.476,10680.024246920373,10499.644855346158
43.585,10696.155737223758,10538.75149850588
43.694,10714.24255968513,10571.992145191645
43.812,10731.351716067507,10612.076454430362
43.921,10746.505540291899,10648.250099353105
44.03,10762.637030595284,10685.401410354842
44.139,10777.790854819676,10721.575055277586
44.25,10803.699005912993,10749.43853852889
44.359,10842.805649072716,10764.592362753281
44.468,10871.646798403011,10786.589849530626
44.577,10907.820443325756,10802.721339834012
44.686,10935.683926577058,10825.69649269035
44.804,10962.569743749367,10852.582309862659
44.922,10990.43322700067,10879.468127034968
45.031,11015.363712014994,10905.376278128286
45.14,11041.271863108312,10930.30676314261
45.249,11067.18001420163,10956.214914235925
45.358,11093.088165294945,10981.14539925025
45.467,11118.996316388262,11005.09821818558
45.576,11144.904467481578,11030.028703199905
45.685,11171.79028465389,11055.93685429322
45.794,11189.877107115259,11091.132833136971
45.912,11206.008597418644,11131.217142375688
46.023,11221.162421643035,11168.368453377425
46.132,11236.316245867429,11204.54209830017
46.241,11253.425402249806,11238.760411064926
46.35,11280.311219422116,11264.668562158244
46.459,11305.24170443644,11290.576713251561
46.568,11330.172189450763,11316.484864344877
46.677,11359.01333878106,11339.460017201216
46.786,11397.142315861789,11354.613841425607
46.895,11433.315960784534,11369.767665649999
47.013,11472.422603944256,11385.899155953384
47.122,11507.618582788007,11402.03064625677
47.231,11542.814561631758,11418.162136560155
47.34,11578.010540475509,11433.315960784546
47.449,11613.20651931926,11449.447451087932
47.558,11647.424832084018,11465.578941391315
47.669,11683.598477006763,11481.7104316947
47.778,11712.439626337058,11504.68558455104
47.887,11737.370111351382,11531.57140172335
48.006,11764.255928523691,11560.412551053645
48.115,11790.164079617009,11587.298368225955
48.224,11817.049896789318,11612.228853240278
48.333,11842.958047882636,11638.137004333596
48.442,11868.866198975951,11662.089823268925
48.551,11894.774350069269,11686.042642204256
48.66,11921.660167241578,11710.97312721858
48.769,11943.657654018923,11739.814276548876
48.878,11956.856146085329,11779.898585787592
48.987,11971.032304230728,11817.049896789329
49.105,11987.163794534114,11856.156539949052
49.214,12002.317618758505,11892.330184871797
49.323,12019.426775140882,11926.548497636553
49.464,12048.267924471178,11962.722142559298
49.59,12072.22074340651,11997.918121403049
49.699,12101.061892736805,12020.893274259386
49.808,12140.168535896528,12034.091766325793
49.917,12168.032019147831,12057.06691918213
50.026,12193.940170241149,12081.997404196454
50.144,12221.80365349245,12109.860887447758
50.253,12246.734138506774,12134.791372462081
50.362,12274.597621758077,12157.766525318419
50.471,12310.771266680822,12173.898015621804
50.58,12326.902756984206,12211.04932662354
50.689,12352.810908077523,12235.979811637864
50.798,12378.71905917084,12261.887962731182
50.907,12394.850549474224,12297.083941574932
51.016,12418.803368409555,12322.99209266825
51.137,12460.843009806258,12341.078915129621
51.246,12496.038988650009,12358.188071511999
51.355,12520.969473664332,12384.096222605314
51.464,12545.899958678656,12409.02670761964
51.573,12570.83044369298,12432.97952655497
51.682,12596.738594786297,12457.910011569295
51.791,12622.646745879614,12481.862830504624
51.9,12648.55489697293,12506.793315518948
52.009,12674.463048066247,12531.723800533273
52.118,12700.371199159565,12556.654285547596
52.235,12727.257016331874,12583.540102719906
52.344,12753.16516742519,12608.47058773423
52.453,12779.073318518507,12633.401072748553
52.562,12804.00380353283,12658.331557762876
52.671,12829.911954626148,12682.284376698208
52.78,12854.842439640472,12707.214861712531
52.891,12880.750590733789,12731.167680647863
53.0,12905.681075748113,12755.120499583194
53.109,12931.589226841428,12780.050984597518
53.22,12957.497377934746,12804.003803532849
53.329,12982.42786294907,12828.934288547172
53.438,13008.336014042387,12852.887107482504
53.547,13033.26649905671,12877.817592496827
53.655,13059.174650150027,12902.74807751115
53.763,13083.127469085357,12926.700896446482
53.874,13109.035620178674,12951.631381460806
53.983,13134.943771271992,12975.584200396137
54.092,13159.874256286315,13000.51468541046
54.201,13185.782407379633,13024.46750434579
54.312,13210.712892393956,13049.397989360115
54.421,13236.621043487272,13074.328474374439
54.532,13261.551528501597,13099.258959388762
54.641,13288.437345673907,13124.189444403086
54.75,13313.36783068823,13148.142263338417
54.859,13339.275981781548,13172.095082273749
54.968,13364.206466795871,13197.025567288072
55.077,13389.136951810195,13220.978386223404
55.186,13414.067436824518,13245.908871237727
55.298,13439.975587917836,13271.817022331043
55.407,13465.883739011151,13295.769841266374
55.516,13490.814224025477,13320.700326280697
55.625,13515.7447090398,13344.653145216029
55.734,13541.652860133116,13369.583630230352
55.843,13566.583345147441,13394.514115244676
55.952,13592.491496240757,13420.422266337993
56.061,13617.42198125508,13445.352751352317
56.17,13635.508803716451,13480.548730196067
56.281,13650.662627940843,13517.700041197804
56.399,13665.816452165236,13556.806684357527
56.508,13680.970276389628,13592.980329280272
56.617,13696.124100614019,13629.153974203016
56.726,13711.277924838412,13665.32761912576
56.835,13726.431749062804,13700.523597969512
56.944,13740.607907208203,13737.674908971248
57.053,13758.694729669574,13770.915555657013
57.162,13793.890708513325,13789.002378118385
57.271,13824.687190001607,13809.044532737744
57.389,13851.573007173916,13835.930349910053
57.498,13882.369488662198,13854.994838450417
57.607,13918.543133584943,13870.148662674808
57.716,13951.783780270707,13887.257819057186
57.825,13978.669597443017,13910.232971913525
57.936,14012.887910207775,13926.364462216909
58.045,14049.061555130518,13942.495952520294
58.154,14070.081375828871,13976.714265285053
58.263,14094.034194764201,14003.600082457362
58.372,14134.118504002918,14020.70923883974
58.493,14174.202813241633,14036.840729143125
58.602,14207.443459927399,14053.949885525502
58.711,14233.351611020715,14079.85803661882
58.82,14256.326763877052,14105.766187712137
58.929,14281.257248891377,14130.69667272646
59.038,14306.187733905701,14155.627157740784
59.147,14332.095884999018,14179.579976676116
59.256,14358.004036092334,14204.51046169044
59.365,14382.934521106657,14229.440946704763
59.484,14410.798004357961,14254.371431719086
59.593,14435.728489372284,14278.324250654417
59.704,14461.636640465602,14304.232401747735
59.813,14487.544791558917,14328.185220683064
59.922,14514.430608731229,14354.093371776382
60.031,14541.316425903538,14377.06852463272
60.14,14576.51240474729,14393.200014936105
60.249,14609.753051433054,14408.353839160496
60.358,14635.661202526371,14433.284324174821
60.467,14661.569353619687,14458.214809189145
60.578,14686.499838634012,14483.145294203468
60.687,14712.407989727328,14509.053445296786
60.796,14737.338474741651,14533.98393031111
60.905,14762.268959755977,14558.914415325433
61.014,14784.26644653332,14587.755564655728
61.123,14799.420270757713,14624.906875657465
61.232,14823.373089693043,14651.792692829775
61.343,14849.28124078636,14676.723177844098
61.452,14874.211725800684,14701.653662858424
61.564,14899.142210815007,14727.56181395174
61.673,14918.206699355373,14759.335961519015
61.782,14933.360523579764,14794.531940362765
61.891,14949.49201388315,14827.77258704853
62.0,14975.400164976465,14853.680738141848
62.109,15012.551475978202,14870.789894524225
62.218,15045.792122663968,14887.899050906602
62.327,15070.722607678292,14914.784868078912
62.436,15093.69776053463,14942.648351330216
62.545,15116.672913390967,14971.489500660511
62.658,15142.581064484284,14997.397651753829
62.767,15166.533883419615,15022.328136768152
62.876,15191.464368433939,15047.258621782476
62.985,15216.394853448262,15072.189106796799
63.099,15241.325338462586,15098.097257890116
63.208,15265.278157397917,15123.02774290444
63.317,15290.20864241224,15147.958227918763
63.426,15314.161461347572,15172.888712933087
63.535,15339.091946361896,15197.819197947412
63.647,15364.02243137622,15223.727349040728
63.756,15388.952916390543,15248.657834055051
63.865,15412.905735325874,15273.588319069377
63.974,15437.836220340198,15298.5188040837
64.083,15462.766705354523,15323.449289098024
64.192,15487.697190368846,15348.379774112347
64.301,15512.62767538317,15373.31025912667
64.41,15537.558160397493,15399.218410219988
64.519,15562.488645411817,15424.148895234312
64.628,15586.441464347148,15449.079380248635
64.741,15612.349615440466,15474.987531341952
64.85,15636.302434375795,15499.918016356276
64.959,15661.23291939012,15524.8485013706
65.068,15686.163404404444,15549.778986384925
65.177,15711.093889418768,15574.709471399248
65.286,15735.046708354099,15599.639956413572
65.395,15758.999527289428,15624.570441427895
65.504,15787.840676619724,15647.545594284233
65.613,15816.68182595002,15670.520747140572
65.725,15841.612310964345,15695.451232154895
65.834,15866.542795978668,15720.381717169219
65.943,15895.383945308964,15742.379203946564
66.052,15932.5352563107,15757.533028170956
66.161,15959.42107348301,15780.508181027293
66.27,15983.373892418342,15805.438666041618
66.379,16009.282043511657,15830.369151055942
66.49,16035.190194604975,15856.277302149258
66.599,16060.120679619298,15881.207787163583
66.708,16086.028830712616,15906.138272177906
66.819,16111.936981805933,15931.06875719223
66.928,16137.845132899249,15955.999242206553
67.037,16162.775617913572,15979.952061141885
67.146,16187.706102927898,16004.882546156208
67.255,16211.658921863227,16028.83536509154
67.364,16235.611740798558,16053.765850105863
67.473,16260.542225812882,16077.718669041195
67.591,16289.383375143178,16104.604486213504
67.7,16315.291526236495,16130.51263730682
67.818,16339.244345171826,16162.286784874095
67.927,16361.24183194917,16190.150268125397
68.036,16386.172316963493,16215.080753139722
68.145,16412.08046805681,16240.011238154046
68.252,16436.03328699214,16264.94172316837
68.361,16460.963772006467,16289.872208182693
68.47,16485.89425702079,16314.802693197016
68.579,16503.003413403167,16349.998672040767
68.688,16517.179571548568,16386.17231696351
68.797,16532.33339577296,16421.368295807264
68.911,16548.464886076345,16459.49727288799
69.02,16567.529374616708,16490.293754376275
69.129,16589.526861394053,16519.13490370657
69.238,16614.457346408377,16544.065388720894
69.347,16651.608657410114,16561.174545103273
69.456,16682.405138898393,16578.28370148565
69.565,16716.623451663152,16593.43752571004
69.674,16748.397599230426,16610.54668209242
69.783,16779.19408071871,16629.611170632783
69.904,16819.278389957424,16646.720327015162
70.013,16853.496702722183,16661.874151239554
70.122,16879.4048538155,16685.826970174883
70.231,16908.246003145796,16710.757455189207
70.34,16935.131820318104,16734.71027412454
70.449,16960.06230533243,16760.618425217857
70.558,16978.1491277938,16793.859071903622
70.667,16999.16894849215,16824.6555533919
70.776,17022.14410134849,16852.519036643207
70.885,17047.074586362814,16878.42718773652
71.003,17073.960403535122,16905.313004908832
71.112,17098.890888549446,16930.243489923156
71.221,17123.821373563773,16955.17397493748
71.33,17149.729524657087,16981.082126030797
71.439,17173.68234359242,17006.01261104512
71.548,17198.612828606743,17030.943096059444
71.659,17223.543313621067,17056.85124715276
71.768,17247.496132556396,17081.781732167085
71.877,17271.44895149173,17105.734551102414
71.989,17297.357102585043,17131.64270219573
72.098,17322.28758759937,17156.573187210055
72.216,17348.195738692684,17183.459004382366
72.325,17372.148557628017,17208.38948939669
72.434,17397.07904264234,17233.319974411013
72.543,17421.03186157767,17258.250459425337
72.652,17444.984680513004,17283.18094443966
72.761,17469.915165527327,17309.089095532978
72.87,17493.867984462657,17334.0195805473
72.979,17517.820803397986,17358.950065561625
73.09,17542.75128841231,17383.88055057595
73.199,17567.681773426637,17408.81103559027
73.31,17591.634592361966,17434.71918668359
73.419,17616.56507737629,17460.627337776907
73.528,17640.51789631162,17484.580156712236
73.637,17664.470715246953,17509.51064172656
73.746,17692.334198498254,17531.508128503905
73.855,17727.530177342007,17545.684286649306
73.964,17761.748490106762,17559.860444794704
74.082,17797.92213502951,17575.99193509809
74.191,17829.696282596782,17593.10109148047
74.3,17854.626767611106,17618.03157649479
74.409,17878.579586546435,17643.93972758811
74.518,17903.510071560762,17668.870212602433
74.627,17929.418222654076,17692.823031537762
74.736,17955.326373747394,17716.775850473092
74.845,17980.256858761717,17740.728669408425
74.954,18006.165009855034,17764.681488343755
75.065,18031.095494869358,17788.634307279088
75.183,18057.98131204167,17814.5424583724
75.292,18083.889463134987,17838.495277307735
75.401,18108.81994814931,17863.42576232206
75.51,18134.728099242624,17888.35624733638
75.619,18160.63625033594,17912.30906627171
75.728,18186.54440142926,17937.239551286035
75.837,18211.474886443582,17961.192370221368
75.946,18237.3830375369,17986.12285523569
76.055,18262.313522551223,18010.07567417102
76.167,18288.22167364454,18035.006159185345
76.276,18313.152158658864,18058.958978120678
76.385,18338.082643673188,18082.911797056007
76.494,18362.035462608517,18106.864615991337
76.603,18385.98828154385,18130.81743492667
76.714,18411.896432637168,18155.747919940994
76.832,18437.80458373048,18180.678404955317
76.941,18461.757402665815,18204.631223890647
77.05,18485.710221601144,18228.58404282598
77.159,18509.663040536478,18252.53686176131
77.27,18535.57119162979,18276.48968069664
77.379,18560.501676644115,18300.442499631972
77.488,18586.409827737432,18324.3953185673
77.597,18612.31797883075,18349.325803581625
77.706,18638.226129924067,18374.25628859595
77.815,18660.223616701413,18403.097437926244
77.924,18679.288105241776,18434.871585493518
78.033,18705.196256335093,18459.802070507845
78.142,18729.149075270423,18483.754889443175
78.254,18755.05722636374,18508.6853744575
78.363,18779.01004529907,18533.61585947182
78.474,18798.074533839434,18565.390007039096
78.583,18819.09435453779,18594.23115636939
78.692,18844.024839552112,18619.161641383715
78.801,18863.089328092476,18649.958122871998
78.91,18884.109148790827,18678.799272202294
79.019,18908.061967726157,18703.729757216617
79.128,18932.01478666149,18728.66024223094
79.237,18954.012273438835,18755.546059403252
79.355,18972.099095900205,18790.742038247
79.464,18996.051914835534,18815.672523261324
79.573,19020.004733770867,18840.603008275648
79.682,19043.957552706197,18865.533493289975
79.791,19067.910371641527,18891.44164438329
79.9,19089.907858418872,18918.3274615556
80.009,19110.927679117223,18946.190944806902
80.12,19135.858164131547,18972.09909590022
80.229,19159.81098306688,18997.029580914543
80.348,19186.696800239188,19024.893064165844
80.457,19210.64961917452,19049.82354918017
80.566,19234.60243810985,19075.731700273485
80.675,19258.55525704518,19100.66218528781
80.784,19282.508075980513,19125.592670302136
80.893,19306.460894915843,19150.52315531646
81.002,19330.413713851176,19175.453640330783
81.111,19354.366532786506,19200.384125345106
81.22,19378.319351721835,19225.31461035943
81.329,19402.27217065717,19250.245095373753
81.45,19428.180321750482,19277.130912546065
81.559,19451.15547460682,19302.06139756039
81.668,19476.085959621145,19326.99188257471
81.777,19500.038778556474,19351.922367589035
81.888,19523.991597491808,19377.830518682353
81.997,19548.92208250613,19402.761003696676
82.106,19572.87490144146,19428.669154789994
82.215,19596.827720376794,19453.599639804317
82.324,19620.780539312123,19478.53012481864
82.436,19644.733358247453,19503.460609832964
82.545,19668.686177182786,19528.391094847288
82.654,19692.638996118116,19553.32157986161
82.763,19715.61414897445,19577.27439879694
82.872,19738.589301830787,19601.227217732274
82.981,19761.564454687123,19626.157702746594
83.09,19785.517273622456,19651.088187760917
83.199,19808.49242647879,19676.018672775237
83.308,19832.44524541412,19701.926823868554
83.417,19856.39806434945,19725.879642803884
83.53,19881.328549363774,19751.7877938972
83.639,19905.281368299104,19776.718278911525
83.748,19931.18951939242,19800.671097846855
83.857,19955.14233832775,19825.601582861178
83.966,19979.095157263084,19849.554401796508
84.075,20005.0033083564,19875.462552889825
84.184,20028.95612729173,19899.415371825155
84.293,20051.931280148066,19923.368190760484
84.402,20075.884099083396,19948.298675774808
84.514,20100.81458409772,19973.229160789127
84.623,20124.76740303305,19998.15964580345
84.732,20149.697888047373,20023.09013081777
84.841,20173.650706982702,20048.020615832094
84.95,20197.60352591803,20072.951100846414
85.059,20221.556344853365,20097.881585860738
85.168,20245.509163788694,20122.812070875058
85.279,20269.461982724024,20147.74255588938
85.388,20292.43713558036,20171.69537482471
85.497,20315.412288436695,20195.648193760044
85.608,20340.34277345102,20220.578678774364
85.717,20363.317926307354,20244.531497709697
85.826,20388.248411321674,20269.461982724017
85.944,20414.15656241499,20295.370133817334
86.053,20439.087047429315,20320.300618831654
86.162,20464.017532443635,20344.253437766987
86.271,20487.97035137897,20369.183922781307
86.38,20512.900836393288,20393.13674171664
86.489,20549.07448131603,20409.268232020026
86.608,20584.27046015978,20429.310386639383
86.717,20610.178611253097,20450.330207337734
86.826,20637.064428425405,20473.30536019407
86.937,20668.83857599268,20491.392182655443
87.046,20694.746727085996,20515.345001590773
87.155,20718.69954602133,20540.275486605096
87.264,20742.65236495666,20564.228305540426
87.373,20767.58284997098,20588.18112447576
87.482,20791.535668906312,20611.156277332095
87.591,20817.44381999963,20634.13143018843
87.709,20843.351971092943,20659.06191520275
87.818,20867.304790028276,20682.037068059086
87.927,20892.235275042596,20705.98988699442
88.036,20916.18809397793,20728.965039850755
88.145,20941.11857899225,20752.917858786084
88.254,20966.049064006573,20775.89301164242
88.363,20990.001882941902,20798.868164498756
88.472,21014.932367956226,20821.84331735509
88.581,21039.862852970546,20845.79613629042
88.695,21064.79333798487,20869.748955225754
88.804,21089.72382299919,20893.701774161083
88.913,21114.654308013512,20916.67692701742
89.022,21138.607126948842,20939.652079873755
89.131,21163.537611963162,20963.604898809084
89.24,21187.490430898495,20986.58005166542
89.349,21212.420915912815,21010.532870600753
89.458,21236.373734848148,21034.485689536083
89.567,21260.326553783478,21057.46084239242
89.676,21285.257038797798,21081.41366132775
89.787,21309.20985773313,21105.36648026308
89.896,21332.185010589466,21127.363967040426
90.005,21355.160163445802,21150.339119896762
90.114,21378.135316302138,21172.336606674107
90.223,21402.088135237467,21196.289425609437
90.334,21427.01862025179,21220.242244544766
90.443,21450.97143918712,21243.217397401106
90.561,21477.857256359428,21268.147882415426
90.67,21500.832409215764,21290.14536919277
90.782,21524.785228151093,21313.120522049107
90.891,21549.715713165417,21336.095674905442
91.0,21573.668532100746,21360.04849384077
91.109,21598.59901711507,21384.978978855095
91.218,21623.52950212939,21407.95413171143
91.327,21647.482321064723,21431.90695064676
91.436,21671.435140000052,21455.859769582094
91.545,21696.365625014372,21478.83492243843
91.654,21720.318443949705,21501.810075294765
91.763,21743.29359680604,21525.762894230094
91.874,21768.22408182036,21548.73804708643
91.983,21792.176900755694,21572.69086602176
92.094,21816.129719691024,21596.643684957093
92.203,21840.082538626353,21620.596503892422
92.312,21863.05769148269,21643.571656748758
92.421,21887.010510418022,21666.546809605094
92.53,21909.985663274358,21688.54429638244
92.639,21932.960816130693,21710.541783159784
92.748,21955.93596898703,21732.53926993713
92.86,21979.88878792236,21756.49208887246
92.969,22003.84160685769,21779.467241728795
93.078,22027.79442579302,21802.44239458513
93.187,22051.74724472835,21825.417547441466
93.296,22074.722397584686,21848.3927002978
93.405,22098.67521652002,21870.390187075147
93.514,22121.650369376355,21894.34300601048
93.623,22146.580854390675,21918.29582494581
93.734,22172.489005483993,21943.22630996013
93.843,22196.441824419322,21966.201462816465
93.954,22221.372309433646,21990.1542817518
94.063,22245.325128368975,22014.107100687128
94.172,22269.27794730431,22037.082253543464
94.281,22293.230766239638,22060.0574063998
94.39,22316.205919095974,22083.032559256135
94.499,22340.158738031303,22106.00771211247
94.608,22363.13389088764,22128.982864968806
94.717,22386.109043743974,22150.98035174615
94.826,22409.08419660031,22173.955504602487
94.938,22433.037015535643,22197.90832353782
95.047,22456.989834470973,22220.883476394156
95.178,22484.853317722274,22247.769293566464
95.304,22512.71680097358,22274.655110738768
95.415,22536.66961990891,22298.6079296741
95.524,22561.600104923233,22322.56074860943
95.633,22585.552923858562,22345.535901465766
95.742,22609.505742793892,22368.5110543221
95.851,22633.458561729225,22391.486207178437
95.963,22657.411380664555,22415.43902611377
96.072,22681.364199599884,22439.3918450491
96.181,22705.317018535217,22463.34466398443
96.29,22728.292171391553,22486.319816840765
96.399,22752.244990326883,22510.2726357761
96.508,22776.197809262216,22533.247788632434
96.617,22800.150628197545,22556.22294148877
96.726,22824.103447132875,22579.198094345105
96.835,22847.07859998921,22603.150913280435
96.944,22871.031418924544,22626.12606613677
97.057,22894.984237859873,22650.078885072104
97.166,22918.937056795203,22674.031704007433
97.275,22942.889875730536,22697.00685686377
97.384,22965.86502858687,22719.982009720105
97.493,22989.8178475222,22742.95716257644
97.602,23012.793000378537,22764.954649353785
97.711,23035.768153234872,22787.92980221012
97.82,23059.720972170206,22810.904955066457
97.929,23083.673791105535,22833.880107922792
98.041,23108.604276119855,22857.832926858122
98.15,23132.55709505519,22881.785745793455
98.259,23155.532247911524,22904.76089864979
98.368,23179.485066846853,22926.758385427136
98.477,23202.46021970319,22949.73353828347
98.586,23226.41303863852,22972.708691139807
98.697,23250.365857573852,22996.661510075137
98.806,23274.31867650918,23022.569661168454
98.915,23286.5395024966,23068.51996688113
99.024,23286.5395024966,23113.49260651481
99.141,23286.5395024966,23159.442912227485
99.25,23286.5395024966,23201.48255362419
99.359,23286.5395024966,23244.499861099885
99.47,23286.5395024966,23289.472500733566
99.579,23286.5395024966,23332.48980820926
99.688,23286.5395024966,23375.507115684955
99.797,23286.5395024966,23419.502089239646
99.906,23286.5395024966,23462.51939671534
100.015,23286.5395024966,23505.536704191036
100.127,23286.5395024966,23549.531677745723
100.236,23286.5395024966,23592.54898522142
100.345,23286.5395024966,23635.566292697113
100.456,23286.5395024966,23677.60593409382
100.565,23286.5395024966,23719.645575490522
100.674,23286.5395024966,23761.685216887225
100.783,23286.5395024966,23805.680190441915
100.892,23286.5395024966,23848.69749791761
101.001,23286.5395024966,23893.67013755129
101.11,23301.69332672099,23927.888450316048
101.228,23326.62381173531,23954.774267488356
101.337,23348.621298512655,23978.727086423685
101.446,23371.59645136899,24002.679905359015
101.555,23394.571604225326,24025.65505821535
101.664,23416.56909100267,24049.607877150684
101.773,23439.544243859007,24073.560696086013
101.882,23462.519396715343,24097.513515021343
101.991,23485.49454957168,24122.444000035666
102.102,23508.469702428014,24146.396818970996
102.214,23531.44485528435,24170.34963790633
102.323,23553.442342061695,24193.324790762665
102.432,23575.43982883904,24216.299943619
102.541,23597.437315616386,24239.275096475336
102.65,23620.41246847272,24263.227915410665
102.759,23643.387621329057,24287.180734345995
102.868,23665.385108106402,24310.15588720233
102.977,23688.360260962738,24334.108706137664
103.086,23710.357747740083,24357.083858994
103.195,23732.35523451743,24381.03667792933
103.306,23755.330387373764,24404.989496864662
103.415,23778.3055402301,24428.94231579999
103.524,23801.280693086435,24452.89513473532
103.633,23826.211178100755,24477.825619749645
103.744,23851.14166311508,24504.711436921953
103.853,23875.09448205041,24528.664255857282
103.962,23901.002633143726,24555.55007302959
104.073,23928.866116395027,24581.458224122907
104.182,23949.88593709338,24608.344041295215
104.3,23967.972759554752,24645.49535229695
104.409,23982.148917700153,24681.668997219695
104.518,23994.36974368757,24724.686304695388
104.627,24018.3225626229,24752.54978794669
104.736,24045.208379795207,24778.457939040007
104.845,24071.116530888525,24803.38842405433
104.954,24097.02468198184,24829.296575147648
105.063,24120.97750091717,24855.20472624096
105.172,24141.99732161552,24881.11287733428
105.281,24159.1064779979,24914.353524020044
105.394,24174.26030222229,24953.460167179768
105.503,24185.50346213071,24988.656146023517
105.612,24197.724288118126,25022.874458788276
105.721,24210.922780184534,25057.09277155303
105.83,24224.121272250937,25091.311084317786
105.939,24237.319764317344,25124.55173100355
106.048,24251.495922462746,25157.792377689315
106.157,24267.627412766135,25189.566525256592
106.266,24289.624899543476,25214.497010270912
106.384,24313.57771847881,25239.427495285236
106.493,24335.575205256155,25262.40264814157
106.602,24362.461022428462,25283.42246883992
106.711,24398.6346673512,25295.643294827336
106.82,24432.85298011596,25307.86412081475
106.929,24466.093626801725,25321.062612881156
107.04,24491.024111816045,25344.037765737492
107.149,24511.066266435406,25368.968250751816
107.258,24533.06375321275,25392.921069687145
107.367,24556.038906069087,25415.89622254348
107.48,24579.991725004416,25439.84904147881
107.589,24614.21003776917,25455.9805317822
107.698,24639.140522783495,25477.000352480547
107.807,24670.91467035077,25494.109508862926
107.916,24705.132983115524,25508.285667008327
108.025,24740.328961959276,25522.46182515373
108.134,24772.10310952655,25537.61564937812
108.243,24801.92192493584,25554.7248057605
108.352,24824.897077792175,25578.67762469583
108.466,24847.87223064851,25603.608109710152
108.575,24871.82504958384,25626.583262566488
108.707,24900.666198914136,25654.44674581779
108.821,24926.57435000745,25678.39956475312
108.933,24951.504835021773,25701.374717609455
109.045,24976.435320036093,25725.327536544788
109.157,25000.388138971426,25749.280355480118
109.269,25025.318623985746,25772.255508336453
109.383,25051.226775079063,25796.208327271783
109.498,25077.13492617238,25820.161146207116
109.611,25102.0654111867,25844.113965142446
109.723,25126.995896201024,25867.08911799878
109.835,25150.948715136354,25889.086604776126
109.947,25174.901534071687,25913.039423711456
110.059,25199.832019086007,25936.014576567795
110.171,25224.76250410033,25958.98972942413
110.283,25248.71532303566,25981.964882280467
110.397,25274.623474128977,26004.940035136802
110.513,25300.531625222295,26028.89285407213
110.626,25326.43977631561,26052.84567300746
110.739,25351.370261329932,26075.820825863797
110.852,25376.300746344252,26099.77364479913
110.965,25401.231231358575,26122.748797655466
111.078,25425.184050293905,26146.701616590795
111.191,25449.136869229238,26169.67676944713
111.304,25469.179023848596,26203.895082211886
111.417,25471.134356006583,26253.756052240537
111.54,25518.06232779825,26273.798206859894
111.653,25564.990299589914,26274.775872938888
111.766,25608.985273144604,26274.775872938888
111.879,25654.93557885728,26274.775872938888
111.992,25699.90821849096,26274.775872938888
112.107,25744.88085812464,26274.775872938888
112.22,25788.875831679332,26274.775872938888
112.333,25833.848471313013,26274.775872938888
112.446,25877.843444867704,26274.775872938888
112.562,25924.77141665937,26274.775872938888
112.676,25970.721722372044,26274.775872938888
112.789,26012.76136376875,26277.70887117587
112.902,26053.82333908646,26285.530199807814
113.015,26097.818312641146,26285.530199807814
113.128,26141.813286195837,26285.530199807814
113.265,26195.584920540456,26285.530199807814
113.378,26213.67174300183,26327.569841204517
113.491,26255.711384398535,26347.611995823878
113.61,26294.818027558256,26379.38614339115
113.723,26350.056161021366,26385.252139865108
113.836,26383.29680770713,26400.405964089503
113.951,26406.271960563467,26425.336449103823
114.064,26430.2247794988,26448.31160196016
114.177,26454.17759843413,26471.286754816494
114.29,26480.085749527447,26495.239573751824
114.403,26503.060902383782,26517.23706052917
114.516,26527.991387398102,26540.212213385505
114.639,26555.854870649408,26566.120364478822
114.752,26581.76302174272,26590.073183414155
114.865,26607.67117283604,26614.026002349485
114.978,26633.579323929356,26637.978821284814
115.091,26659.487475022674,26661.931640220148
115.204,26684.417960036993,26684.906793076483
115.317,26709.348445051317,26708.859612011813
115.43,26734.278930065637,26732.812430947142
115.543,26759.20941507996,26756.765249882475
115.668,26788.050564410252,26781.695734896795
115.781,26814.93638158256,26803.69322167414
115.894,26839.866866596883,26826.668374530476
116.007,26864.797351611203,26850.621193465806
116.12,26890.70550270452,26874.57401240114
116.233,26915.635987718844,26897.549165257475
116.346,26941.544138812158,26920.52431811381
116.459,26966.47462382648,26943.499470970146
116.572,26991.4051088408,26966.47462382648
116.691,27020.246258171097,26989.449776682817
116.804,27053.48690485686,27006.558933065196
116.917,27079.39505595018,27029.534085921532
117.03,27103.34787488551,27053.48690485686
117.143,27129.256025978826,27078.41738987118
117.256,27154.186510993146,27101.39254272752
117.371,27179.11699600747,27125.34536166285
117.484,27204.04748102179,27148.320514519186
117.597,27228.977966036113,27171.29566737552
117.72,27255.86378320842,27197.20381846884
117.833,27280.79426822274,27219.201305246184
117.948,27305.724753237064,27243.154124181514
118.061,27330.655238251384,27266.12927703785
118.175,27356.5633893447,27289.104429894185
118.288,27381.493874359025,27312.07958275052
118.401,27407.402025452342,27334.077069527866
118.514,27432.332510466662,27357.0522223842
118.627,27456.28532940199,27381.00504131953
118.743,27482.19348049531,27404.957860254864
118.856,27508.101631588626,27427.9330131112
118.969,27532.054450523956,27450.908165967536
119.084,27556.00726945929,27473.88331882387
119.197,27579.96008839462,27495.880805601217
119.31,27604.890573408942,27518.855958457552
119.423,27629.821058423262,27542.808777392882
119.536,27655.72920951658,27566.76159632821
119.649,27681.637360609897,27590.714415263545
119.765,27706.567845624217,27614.667234198874
119.878,27731.49833063854,27637.64238705521
119.991,27756.42881565286,27661.595205990543
120.104,27780.381634588193,27684.57035884688
120.217,27804.334453523523,27707.545511703214
120.33,27829.264938537843,27731.498330638544
120.443,27853.217757473176,27754.47348349488
120.556,27878.148242487496,27777.448636351215
120.669,27902.10106142283,27800.42378920755
120.787,27928.009212516146,27824.37660814288
120.9,27952.939697530466,27848.329427078213
121.013,27977.870182544786,27872.282246013543
121.126,28002.80066755911,27895.25739886988
121.239,28026.75348649444,27918.232551726214
121.352,28051.683971508763,27942.185370661547
121.465,28075.636790444092,27965.160523517883
121.578,28099.589609379425,27988.13567637422
121.691,28123.542428314755,28010.13316315156
121.807,28148.472913329075,28034.085982086894
121.92,28172.425732264408,28057.06113494323
122.033,28196.378551199738,28081.01395387856
122.146,28221.30903621406,28104.966772813892
122.259,28245.26185514939,28127.941925670228
122.372,28270.19234016371,28150.917078526563
122.487,28295.122825178034,28174.869897461893
122.6,28320.053310192354,28197.84505031823
122.738,28349.872125601643,28225.70853356953
122.854,28374.802610615967,28249.661352504863
122.967,28399.733095630287,28272.6365053612
123.08,28424.66358064461,28295.611658217535
123.193,28448.61639957994,28318.58681107387
123.306,28473.546884594263,28342.5396300092
123.419,28498.477369608583,28365.514782865535
123.532,28522.430188543913,28387.51226964288
123.645,28547.360673558236,28410.487422499216
123.758,28572.291158572556,28434.440241434546
123.874,28597.22164358688,28458.39306036988
123.987,28622.1521286012,28482.34587930521
124.1,28646.104947536533,28505.321032161544
124.215,28671.035432550852,28529.273851096877
124.328,28694.988251486186,28552.249003953213
124.441,28718.941070421515,28575.22415680955
124.554,28743.871555435835,28598.199309665884
124.667,28768.80204045016,28621.17446252222
124.78,28792.754859385488,28644.149615378556
124.896,28817.68534439981,28668.102434313885
125.009,28834.794500782187,28703.298413157638
125.122,28853.858989322554,28732.13956248793
125.235,28877.811808257884,28755.114715344265
125.348,28895.898630719257,28785.91119683255
125.461,28910.07478886466,28820.129509597304
125.574,28924.25094701006,28853.370156283072
125.687,28938.42710515546,28886.610802968837
125.8,28952.60326330086,28920.82911573359
125.918,28974.600750078207,28948.692598984893
126.031,28998.553569013537,28972.645417920226
126.144,29022.50638794887,28996.598236855556
126.257,29045.481540805205,29020.551055790886
126.37,29068.45669366154,29044.50387472622
126.483,29090.454180438886,29066.501361503564
126.596,29110.496335058244,29091.431846517884
126.709,29124.672493203645,29125.65015928264
126.821,29143.73698174401,29153.513642533944
126.937,29168.667466758332,29178.444127548264
127.051,29191.642619614668,29203.374612562588
127.164,29215.595438549997,29227.327431497917
127.277,29236.615259248345,29254.213248670225
127.39,29252.746749551734,29285.00973015851
127.528,29276.699568487064,29318.250376844273
127.643,29300.652387422397,29343.180861858596
127.756,29316.783877725782,29371.044345109898
127.869,29330.960035871183,29405.262657874653
127.992,29378.865673741846,29421.394148178042
128.105,29418.949982980565,29430.19314288898
128.218,29444.858134073882,29456.101293982298
128.331,29471.74395124619,29478.098780759643
128.444,29500.58510057648,29498.140935379
128.557,29527.47091774879,29521.116088235336
128.67,29558.267399237073,29537.24757853872
128.783,29583.197884251396,29560.22273139506
128.896,29617.41619701615,29573.421223461464
129.018,29644.30201418846,29597.374042396797
129.131,29668.25483312379,29618.393863095145
129.244,29700.028980691062,29634.525353398534
129.359,29722.026467468408,29658.478172333864
129.472,29745.001620324743,29681.4533251902
129.585,29769.932105339067,29704.428478046535
129.698,29794.862590353387,29728.381296981865
129.811,29818.81540928872,29751.3564498382
129.924,29843.74589430304,29774.331602694536
130.04,29868.676379317363,29798.28442162987
130.153,29891.6515321737,29822.2372405652
130.266,29917.559683267013,29844.234727342544
130.379,29949.33383083429,29860.366217645933
130.492,29972.308983690626,29885.296702660253
130.605,29995.28413654696,29909.249521595582
130.718,30018.259289403297,29932.224674451918
130.831,30041.234442259632,29954.222161229263
130.944,30065.187261194962,29978.174980164596
131.062,30089.140080130295,30002.127799099926
131.175,30112.11523298663,30025.10295195626
131.288,30136.06805192196,30048.078104812597
131.401,30160.02087085729,30071.053257668933
131.514,30182.996023713626,30095.006076604262
131.627,30198.149847938017,30126.78022417154
131.74,30207.92650872795,30160.998536936295
131.853,30214.770171280903,30195.21684970105
131.966,30223.56916599184,30228.457496386814
132.087,30236.767658058245,30264.631141309557
132.219,30250.943816203646,30303.737784469282
132.332,30264.142308270053,30337.956097234037
132.445,30281.251464652432,30367.774912643326
132.558,30303.248951429778,30395.638395894628
132.671,30326.224104286113,30419.591214829958
132.786,30351.154589300433,30442.566367686293
132.899,30375.107408235766,30464.56385446364
133.012,30406.88155580304,30481.673010846018
133.134,30438.655703370314,30499.75983330739
133.247,30460.65319014766,30524.69031832171
133.36,30483.628343003995,30547.665471178047
133.473,30507.581161939324,30570.640624034382
133.586,30530.55631479566,30593.615776890718
133.699,30554.509133730993,30616.590929747053
133.812,30578.461952666323,30639.56608260339
133.925,30602.414771601652,30662.541235459725
134.038,30626.367590536986,30685.51638831606
134.157,30652.275741630303,30708.491541172396
134.27,30676.228560565633,30731.466694028735
134.383,30701.159045579952,30753.464180806077
134.498,30726.089530594276,30776.439333662413
134.611,30750.042349529605,30799.414486518748
134.724,30767.151505911985,30831.188634086026
134.837,30781.327664057386,30865.40694685078
134.95,30801.369818676743,30894.248096181072
135.063,30836.565797520496,30908.424254326474
135.182,30858.56328429784,30940.19840189375
135.295,30883.49376931216,30964.15122082908
135.408,30907.446588247494,30987.126373685416
135.521,30933.354739340808,31008.146194383768
135.635,30954.37456003916,31038.94267587205
135.748,30976.372046816505,31068.761491281337
135.861,31007.16852830479,31088.803645900698
135.974,31022.32235252918,31123.999624744447
136.087,31056.540665293935,31140.131115047836
136.21,31088.314812861212,31161.150935746184
136.322,31112.26763179654,31184.126088602523
136.435,31136.22045073187,31207.10124145886
136.548,31160.173269667204,31230.076394315194
136.66,31183.14842252354,31252.073881092536
136.773,31206.123575379876,31274.07136786988
136.885,31229.09872823621,31297.046520726217
137.023,31264.29470707996,31319.044007503562
137.144,31300.468352002703,31334.197831727954
137.267,31337.61966300444,31348.373989873355
137.38,31366.460812334735,31365.483146255734
137.493,31388.45829911208,31391.39129734905
137.605,31407.522787652444,31418.27711452136
137.718,31419.743613639857,31452.495427286114
137.83,31431.964439627274,31485.73607397188
137.943,31445.162931693678,31519.954386736637
138.058,31458.361423760085,31554.172699501392
138.171,31474.492914063474,31584.969180989676
138.292,31501.37873123578,31609.899666003996
138.405,31524.353884092117,31633.85248493933
138.518,31546.35137086946,31656.827637795664
138.631,31568.348857646804,31680.780456730994
138.743,31591.32401050314,31704.733275666324
138.856,31614.299163359476,31729.663760680647
138.968,31635.318984057827,31752.638913536983
139.081,31656.33880475618,31776.591732472312
139.193,31678.33629153352,31799.566885328648
139.315,31715.48760253526,31820.586706027
139.428,31758.504910010954,31826.452702500956
139.541,31790.279057578227,31840.628860646357
139.653,31821.07553906651,31854.805018791758
139.768,31849.916688396806,31871.914175174137
139.88,31874.847173411126,31895.866994109467
139.993,31904.665988820416,31911.998484412856
140.105,31935.4624703087,31931.06297295322
140.218,31965.28128571799,31948.1721293356
140.339,31993.14476896929,31972.124948270928
140.452,32019.052920062608,31993.14476896928
140.565,32042.028072918944,32017.09758790461
140.678,32065.980891854273,32040.072740760945
140.79,32089.933710789606,32062.07022753829
140.903,32112.908863645942,32085.045380394626
141.015,32136.86168258127,32107.04286717197
141.128,32161.792167595595,32129.040353949316
141.24,32186.722652609915,32151.037840726658
141.362,32212.630803703232,32175.96832574098
141.477,32237.561288717552,32197.965812518327
141.59,32261.514107652885,32221.918631453656
141.702,32285.466926588215,32243.916118231
141.824,32312.352743760523,32268.846603245325
141.936,32337.283228774846,32291.82175610166
142.049,32361.236047710176,32313.819242879006
142.161,32385.188866645505,32335.816729656348
142.274,32409.14168558084,32357.814216433693
142.389,32433.094504516168,32379.81170321104
142.502,32458.024989530488,32402.786856067374
142.615,32481.97780846582,32424.78434284472
142.728,32503.975295243166,32450.692493938037
142.84,32517.17378730957,32484.910806702792
142.953,32530.372279375977,32518.151453388557
143.065,32543.570771442384,32549.925600955834
143.18,32556.769263508788,32583.1662476416
143.292,32570.945421654193,32614.940395208872
143.414,32586.099245878584,32650.13637405262
143.527,32600.275404023985,32683.37702073839
143.64,32614.451562169386,32715.151168305663
143.752,32627.65005423579,32746.925315872937
143.865,32643.78154453918,32777.72179736122
143.977,32671.64502779048,32797.76395198058
144.09,32707.818672713223,32809.007111889
144.207,32732.749157727543,32831.98226474533
144.32,32755.72431058388,32854.95741760167
144.442,32779.67712951921,32879.88790261599
144.555,32801.67461629656,32902.86305547233
144.668,32823.6721030739,32925.83820832866
144.781,32845.66958985125,32948.813361185
144.896,32867.66707662859,32972.76618012033
145.009,32888.68689732694,32995.741332976664
145.121,32909.70671802529,33018.716485833
145.234,32931.704204802634,33042.66930476834
145.346,32954.67935765897,33066.622123703666
145.462,32977.654510515305,33090.574942638996
145.575,32999.651997292654,33113.55009549533
145.688,33021.649484069996,33136.52524835167
145.8,33045.602303005326,33160.478067287
145.913,33074.443452335625,33180.52022190636
146.025,33118.43842589031,33183.45322014334
146.138,33160.47806728702,33183.45322014334
146.25,33201.54004260473,33183.45322014334
146.363,33243.57968400143,33183.45322014334
146.485,33288.55232363511,33183.45322014334
146.625,33341.346291900736,33183.45322014334
146.738,33383.38593329744,33183.45322014334
146.85,33418.58191214119,33191.27454877528
146.962,33450.356059708465,33204.47304084169
147.075,33482.13020727574,33217.67153290809
147.187,33517.32618611949,33228.914692816514
147.3,33558.3881614372,33233.80302321148
147.412,33589.18464292548,33247.00151527789
147.534,33623.40295569024,33261.17767342329
147.647,33661.531932770966,33270.95433421322
147.76,33693.30608033824,33286.10815843761
147.872,33724.10256182652,33299.30665050402
147.985,33754.89904331481,33312.50514257042
148.097,33786.67319088208,33325.703634636826
148.21,33817.46967237037,33338.90212670324
148.325,33850.71031905613,33352.10061876964
148.438,33882.484466623406,33365.299110836044
148.553,33914.25861419068,33378.497602902455
148.666,33946.03276175795,33392.67376104785
148.779,33979.27340844372,33405.87225311426
148.892,34011.04755601099,33419.07074518067
149.004,34042.821703578265,33432.26923724707
149.117,34074.59585114554,33445.46772931348
149.229,34106.36999871282,33459.64388745888
149.342,34138.144146280094,33472.84237952528
149.454,34169.91829384737,33486.04087159169
149.57,34203.15894053313,33499.2393636581
149.683,34234.933088100406,33512.43785572451
149.796,34268.17373478617,33525.63634779091
149.908,34298.97021627446,33538.834839857314
150.023,34330.74436384173,33553.988664081706
150.135,34353.71951669807,33576.96381693804
150.247,34375.71700347541,33599.93896979438
150.359,34399.66982241074,33621.936456571726
150.471,34422.644975267074,33642.956277270074
150.593,34448.55312636039,33665.93143012641
150.706,34472.50594529572,33686.95125082476
150.819,34497.436430310045,33707.97107152311
150.931,34521.389249245374,33729.968558300454
151.043,34544.36440210171,33750.9883789988
151.155,34568.31722103705,33772.98586577615
151.277,34593.24770605136,33795.961018632486
151.383,34616.2228589077,33816.980839330834
151.495,34638.22034568505,33838.00066002918
151.61,34663.150830699364,33860.97581288552
151.725,34688.08131571369,33882.973299662866
151.838,34712.03413464902,33904.97078644021
151.951,34735.98695358435,33926.96827321756
152.063,34758.96210644069,33947.988093915905
152.175,34781.937259297025,33969.00791461425
152.287,34804.91241215336,33989.05006923361
152.399,34828.86523108869,34010.06988993196
152.511,34851.840383945026,34031.08971063032
152.626,34876.77086895935,34053.08719740766
152.739,34899.746021815685,34075.084684185
152.852,34923.698840751014,34097.08217096235
152.964,34946.67399360735,34118.1019916607
153.076,34970.62681254268,34140.099478438045
153.188,34993.601965399015,34162.09696521539
153.3,35017.554784334345,34183.116785913735
153.415,35041.507603269674,34205.114272691084
153.527,35063.50509004702,34226.13409338943
153.642,35087.45790898235,34248.13158016678
153.755,35109.455395759695,34270.12906694412
153.868,35132.43054861603,34292.126553721464
153.98,35155.405701472366,34313.14637441982
154.092,35178.3808543287,34335.14386119716
154.204,35200.37834110605,34356.16368189551
154.316,35223.353493962386,34377.18350259386
154.428,35245.35098073973,34398.20332329221
154.54,35269.303799675065,34419.22314399056
154.655,35292.2789525314,34441.22063076791
154.768,35315.254105387736,34463.21811754525
154.88,35333.34092784911,34494.01459903354
154.992,35335.29626000709,34541.920236904196
155.107,35335.29626000709,34583.9598783009
155.219,35335.29626000709,34625.02185361861
155.331,35335.29626000709,34666.08382893632
155.456,35335.29626000709,34713.01180072798
155.573,35335.29626000709,34756.02910820368
155.694,35335.29626000709,34801.00174783736
155.807,35335.29626000709,34842.06372315507
155.92,35335.29626000709,34883.12569847278
156.032,35335.29626000709,34924.18767379049
156.144,35335.29626000709,34964.271983029204
156.256,35335.29626000709,35005.33395834691
156.368,35335.29626000709,35046.39593366462
156.48,35335.29626000709,35087.45790898233
156.592,35335.29626000709,35127.542218221046
156.707,35335.29626000709,35170.55952569674
156.82,35335.29626000709,35213.57683317244
156.935,35335.29626000709,35258.54947280612
157.047,35335.29626000709,35301.56678028181
157.159,35349.472418152494,35333.34092784909
157.271,35370.49223885084,35356.31608070542
157.383,35391.51205954919,35379.29123356176
157.495,35413.50954632654,35402.266386418094
157.607,35435.50703310388,35425.24153927443
157.729,35459.45985203921,35450.17202428875
157.842,35479.50200665857,35472.169511066095
157.955,35500.52182735692,35494.166997843444
158.067,35520.56398197628,35517.14215069978
158.179,35540.60613659564,35539.13963747712
158.291,35560.648291215,35560.159458175476
158.403,35581.66811191335,35582.15694495282
158.515,35601.71026653271,35604.15443173016
158.63,35622.73008723106,35626.15191850751
158.745,35644.7275740084,35649.127071363844
158.858,35665.747394706756,35672.10222422018
158.97,35687.7448814841,35695.077377076515
159.082,35711.69770041943,35716.09719777486
159.194,35736.62818543375,35737.11701847322
159.306,35761.558670448074,35761.06983740855
159.418,35786.48915546239,35786.000322422864
159.53,35811.41964047671,35809.9531413582
159.642,35835.37245941204,35833.90596029353
159.763,35854.43694795241,35865.680107860804
159.876,35863.23594266335,35901.85375278354
159.989,35878.38976688774,35931.67256819284
160.101,35892.565925033145,35960.51371752313
160.216,35904.786751020554,35992.2878650904
160.331,35917.985243086965,36024.062012657676
160.443,35931.18373515337,36054.85849414596
160.555,35944.38222721977,36085.65497563424
160.667,35957.58071928618,36115.473791043536
160.788,35970.77921135259,36149.69210380829
160.901,35982.02237126101,36181.46625137556
161.014,35994.24319724843,36212.26273286385
161.126,36013.307685788786,36235.237885720184
161.238,36033.34984040815,36257.235372497526
161.35,36052.41432894851,36279.232859274874
161.462,36076.36714788384,36298.297347815234
161.574,36112.54079280658,36308.07400860517
161.686,36143.33727429486,36317.8506693951
161.808,36176.57792098063,36331.0491614615
161.921,36207.374402468915,36344.247653527906
162.036,36238.1708839572,36358.42381167331
162.148,36265.056701129506,36373.5776358977
162.26,36285.09885574887,36396.55278875404
162.372,36305.14101036822,36420.50560768937
162.484,36325.18316498758,36442.503094466716
162.596,36348.15831784392,36464.50058124406
162.708,36371.13347070025,36484.54273586342
162.83,36395.08628963558,36507.517888719754
162.943,36418.06144249192,36528.5377094181
163.055,36440.05892926927,36548.57986403746
163.167,36462.05641604661,36569.59968473581
163.279,36484.05390282396,36588.66417327618
163.391,36508.984387838274,36605.77332965855
163.503,36530.98187461562,36625.81548427791
163.615,36555.91235962995,36643.902306739285
163.729,36583.775842881245,36660.03379704267
163.851,36613.59465829054,36677.14295342505
163.964,36638.525143304854,36697.18510804441
164.077,36660.5226300822,36719.18259482175
164.189,36684.47544901753,36738.24708336212
164.301,36714.29426442682,36751.44557542852
164.413,36745.090745915106,36763.66640141594
164.525,36774.90956132439,36776.86489348234
164.637,36804.728376733685,36790.063385548754
164.749,36834.54719214297,36803.26187761516
164.889,36871.69850314471,36819.39336791854
165.002,36903.472650711985,36832.591859984954
165.114,36932.31380004228,36846.76801813035
165.226,36952.35595466164,36869.74317098669
165.338,36972.39810928099,36891.740657764036
165.453,36994.39559605834,36913.73814454138
165.566,37017.37074891468,36934.757965239725
165.679,37042.301233929,36952.8447877011
165.792,37073.09771541728,36965.065613688515
165.915,37100.961198668585,36985.10776830788
166.028,37127.84701584089,37002.216924690256
166.141,37156.68816517118,37017.37074891465
166.254,37180.64098410652,37037.412903534
166.367,37208.504467357816,37052.56672775839
166.48,37230.501954135165,37074.56421453574
166.593,37253.4771069915,37096.56170131308
166.706,37276.452259847836,37117.58152201144
166.819,37299.42741270417,37138.601342709786
166.935,37322.40256556051,37160.59882948713
167.048,37345.37771841684,37180.64098410649
167.163,37368.35287127318,37202.63847088384
167.276,37390.35035805052,37222.68062550319
167.389,37412.34784482787,37242.72278012255
167.502,37433.36766552622,37263.7426008209
167.615,37455.36515230356,37287.69541975623
167.728,37478.340305159894,37309.69290653358
167.841,37501.31545801623,37330.71272723193
167.957,37524.29061087257,37352.710214009276
168.07,37546.288097649915,37373.73003470762
168.183,37569.26325050625,37394.74985540597
168.296,37592.238403362586,37415.76967610432
168.409,37615.21355621892,37437.76716288167
168.522,37637.21104299626,37458.786983580016
168.635,37660.1861958526,37480.784470357365
168.748,37682.18368262995,37501.80429105571
168.863,37705.15883548628,37524.77944391205
168.979,37728.13398834262,37546.77693068939
169.092,37751.109141198955,37568.77441746674
169.205,37774.08429405529,37589.79423816509
169.318,37796.08178083263,37611.791724942435
169.431,37818.07926760998,37633.78921171978
169.544,37841.05442046632,37654.809032418125
169.674,37865.98490548064,37679.73951743245
169.792,37882.116395784025,37709.558332841734
169.905,37895.31488785043,37738.39948217203
170.021,37917.31237462778,37761.37463502837
170.134,37939.30986140512,37782.39445572672
170.247,37960.32968210347,37803.414276425065
170.36,37982.327168880816,37824.43409712341
170.473,38005.30232173715,37846.43158390076
170.586,38027.29980851449,37868.4290706781
170.701,38049.29729529184,37891.40422353444
170.814,38071.294782069184,37913.40171031179
170.927,38093.29226884653,37935.39919708913
171.049,38111.37909130791,37965.21801249842
171.162,38128.48824769028,37991.12616359174
171.275,38148.53040230964,38015.07898252707
171.388,38162.706560455044,38042.94246577837
171.501,38182.7487150744,38065.9176186347
171.614,38205.723867930734,38087.91510541205
171.727,38226.74368862909,38108.9349261104
171.84,38247.76350932744,38130.93241288775
171.953,38263.89499963082,38158.79589613905
172.075,38281.981822092195,38186.65937939035
172.188,38303.979308869544,38207.6792000887
172.301,38319.133133093936,38235.542683340005
172.416,38332.33162516034,38265.36149874929
172.529,38352.3737797797,38287.35898552664
172.642,38372.415934399054,38307.401140145994
172.755,38392.458089018415,38327.443294765355
172.868,38409.567245400794,38348.4631154637
172.981,38425.69873570418,38373.393600478026
173.097,38446.718556402535,38395.39108725537
173.21,38467.73837710088,38417.38857403272
173.323,38489.735863878224,38440.36372688905
173.436,38510.75568457658,38462.361213666394
173.549,38531.77550527493,38484.35870044374
173.662,38552.795325973275,38506.356187221085
173.775,38573.81514667162,38528.353673998434
173.888,38594.83496736998,38550.351160775775
174.001,38615.854788068325,38572.348647553124
174.119,38636.87460876667,38595.32380040946
174.232,38656.916763386034,38617.3212871868
174.354,38677.93658408438,38641.27410612213
174.467,38697.97873870374,38662.29392682049
174.58,38718.020893323104,38684.29141359783
174.693,38737.085381863464,38705.311234296176
174.806,38756.14987040383,38726.33105499453
174.919,38776.192025023185,38746.373209613885
175.032,38795.25651356355,38767.39303031224
175.148,38817.254000340894,38789.39051708958
175.261,38838.27382103925,38810.41033778793
175.374,38859.2936417376,38832.40782456528
175.487,38880.313462435945,38853.427645263626
175.6,38901.3332831343,38874.447465961974
175.713,38922.35310383265,38894.489620581335
175.828,38943.372924530995,38915.50944127968
175.941,38963.415079150356,38936.52926197804
176.054,38985.4125659277,38956.57141659739
176.17,39007.41005270505,38977.59123729575
176.283,39029.40753948239,38999.58872407309
176.396,39051.40502625974,39021.58621085043
176.509,39073.40251303708,39043.58369762778
176.622,39094.42233373543,39064.60351832613
176.735,39115.44215443378,39085.623339024474
176.848,39135.484309053136,39106.64315972283
176.961,39155.52646367249,39126.68531434218
177.074,39176.546284370845,39147.70513504054
177.19,39198.54377114819,39169.70262181789
177.303,39219.56359184655,39190.72244251624
177.416,39240.583412544904,39211.7422632146
177.531,39261.60323324325,39232.762083912945
177.644,39282.62305394161,39252.804238532306
177.757,39302.66520856096,39272.84639315166
177.87,39322.70736318032,39292.888547771014
177.983,39343.72718387867,39312.93070239037
178.1,39364.747004577024,39334.92818916771
178.216,39387.72215743336,39355.948009866064
178.329,39408.741978131715,39376.96783056442
178.442,39430.739464909064,39397.987651262774
178.555,39452.736951686406,39419.985138040116
178.668,39474.73443846375,39441.00495873847
178.781,39495.7542591621,39462.024779436826
178.894,39516.77407986046,39484.022266214175
179.006,39537.79390055881,39506.99741907051
179.144,39563.70205165213,39532.90557016383
179.262,39587.65487058746,39555.880723020164
179.375,39608.674691285814,39577.878209797505
179.488,39630.672178063156,39598.89803049586
179.601,39652.6696648405,39620.8955172732
179.714,39673.68948553885,39642.89300405055
179.827,39694.70930623721,39663.912824748906
179.94,39715.72912693556,39684.932645447254
180.053,39736.74894763392,39706.9301322246
180.166,39757.76876833227,39727.94995292296
180.282,39779.766255109615,39749.9474397003
180.395,39801.76374188696,39772.922592556635
180.508,39822.78356258532,39794.920079333984
180.621,39843.803383283666,39815.93990003234
180.734,39864.82320398202,39836.95972073069
180.847,39885.84302468038,39857.97954142904
180.962,39906.86284537873,39879.97702820639
181.075,39927.88266607709,39901.97451498373
181.188,39959.65681364437,39916.15067312914
181.304,39986.54263081667,39935.2151616695
181.417,40011.473115830995,39954.279650209864
181.53,40036.403600845326,39973.344138750224
181.643,40062.31175193864,39990.45329513261
181.756,40090.17523518994,40005.607119357
181.869,40114.12805412526,40025.649273976356
181.982,40140.03620521858,40042.758430358735
182.095,40164.96669023291,40061.8229188991
182.208,40187.94184308925,40081.86507351846
182.324,40216.78299241954,40097.99656382184
182.437,40237.802813117894,40120.97171667818
182.55,40260.77796597423,40141.99153737653
182.665,40284.73078490956,40162.033691995886
182.778,40312.59426816086,40176.209850141284
182.891,40334.5917549382,40196.25200476064
183.004,40355.611575636554,40217.27182545899
183.117,40377.6090624139,40237.31398007835
183.23,40398.62888311226,40257.3561346977
183.346,40420.6263698896,40278.375955396055
183.459,40442.62385666695,40299.39577609441
183.572,40464.62134344429,40320.415596792765
183.685,40487.596496300626,40341.43541749112
183.797,40508.61631699898,40361.477572110474
183.919,40532.5691359343,40383.47505888782
184.032,40554.56662271165,40403.51721350718
184.145,40576.564109488994,40424.53703420553
184.258,40598.56159626634,40445.55685490388
184.376,40620.559083043685,40467.55434168123
184.489,40642.556569821034,40487.59649630058
184.602,40664.554056598376,40508.61631699894
184.715,40686.551543375725,40528.65847161829
184.828,40708.549030153066,40549.67829231665
184.941,40730.54651693041,40569.720446936
185.054,40753.52166978674,40590.740267634355
185.167,40775.51915656409,40611.76008833271
185.28,40796.53897726245,40631.802242952064
185.396,40818.53646403979,40652.82206365042
185.509,40841.511616896125,40673.841884348774
185.622,40863.509103673474,40693.88403896813
185.735,40884.52892437183,40713.92619358748
185.848,40905.54874507018,40734.94601428584
185.961,40927.546231847526,40754.98816890519
186.076,40951.49905078285,40776.98565568253
186.189,40974.47420363918,40798.00547638089
186.302,40997.44935649552,40819.02529707924
186.418,41020.42450935186,40841.022783856584
186.531,41042.421996129204,40862.04260455494
186.648,41065.39714898554,40884.04009133229
186.761,41087.39463576288,40905.05991203064
186.874,41109.39212254023,40925.10206665
186.987,41130.411943238585,40946.12188734835
187.1,41152.40943001593,40967.14170804671
187.213,41174.406916793276,40988.161528745055
187.326,41196.40440357062,41009.18134944341
187.442,41218.40189034797,41030.201170141765
187.555,41241.3770432043,41051.22099084012
187.668,41263.374529981644,41071.263145459474
187.783,41285.372016758985,41092.28296615783
187.896,41307.369503536334,41112.32512077718
188.009,41328.38932423469,41133.34494147554
188.122,41350.38681101203,41154.36476217389
188.235,41372.38429778938,41174.40691679325
188.348,41394.38178456672,41195.4267374916
188.464,41425.178266055,41240.39937712528
188.575,41425.178266055,41240.39937712528
188.706,41445.220420674355,41259.463865665646
188.824,41473.08390392565,41287.327348916944
188.938,41498.014388939984,41318.123830405224
189.052,41515.12354532236,41357.230473564945
189.166,41541.03169641568,41387.04928897423
189.28,41564.984515351,41415.89043830453
189.394,41586.98200212835,41447.664585871804
189.507,41611.912487142676,41474.550403044115
189.62,41638.79830431499,41500.45855413743
189.735,41665.68412148729,41527.34437130974
189.848,41693.54760473859,41555.207854561035
189.961,41733.63191397731,41574.2723431014
190.074,41765.406061544585,41599.202828115725
190.187,41799.624374309344,41624.133313130056
190.3,41826.51019148165,41652.97446246035
190.413,41861.7061703254,41675.949615316684
190.526,41888.591987497704,41704.79076464698
190.641,41916.455470749,41732.65424789828
190.758,41945.2966200793,41761.49539722858
190.871,41973.1601033306,41788.38121440089
190.984,42000.04592050291,41815.267031573196
191.097,42027.90940375421,41842.15284874551
191.21,42055.77288700551,41869.03866591781
191.323,42082.65870417781,41894.94681701113
191.436,42111.49985350811,41921.83263418343
191.549,42142.29633499639,41946.76311919776
191.662,42180.42531207712,41964.84994165914
191.779,42209.26646140742,41991.73575883144
191.892,42236.15227857972,42019.59924208274
192.005,42263.03809575203,42046.48505925505
192.118,42286.990914687354,42077.28154074333
192.232,42303.12240499074,42119.321182140025
192.347,42329.03055608406,42148.162331470325
192.463,42355.91637325636,42176.02581472162
192.576,42382.80219042867,42202.911631893934
192.689,42408.71034152199,42230.77511514523
192.804,42435.596158694294,42257.660932317536
192.917,42455.63831331365,42291.879245082295
193.03,42474.702801854015,42328.05289000504
193.143,42500.61095294733,42355.91637325634
193.256,42526.51910404065,42382.80219042864
193.369,42553.404921212954,42412.62100583794
193.482,42580.290738385265,42440.484489089235
193.595,42606.19888947858,42467.37030626154
193.708,42633.08470665089,42495.23378951284
193.823,42659.9705238232,42523.097272764135
193.936,42691.74467139047,42548.027757778465
194.049,42733.784312787175,42561.226249844876
194.164,42770.93562378891,42580.290738385236
194.277,42797.82144096122,42607.17655555755
194.39,42824.70725813352,42635.040038808846
194.503,42851.593075305835,42661.92585598115
194.616,42878.47889247814,42687.83400707447
194.729,42904.387043571456,42716.675156404766
194.846,42929.31752858579,42747.471637893046
194.965,42948.38201712615,42784.62294889478
195.078,42986.510994206874,42802.70977135615
195.191,43025.617637366595,42817.863595580544
195.304,43062.76894836833,42833.99508588393
195.417,43086.72176730366,42863.813901293215
195.53,43100.897925449055,42901.94287837395
195.643,43126.80607654237,42927.85102946726
195.756,43152.71422763569,42953.75918056058
195.873,43180.57771088699,42981.622663811875
195.985,43207.4635280593,43008.50848098419
196.098,43232.39401307362,43038.32729639347
196.211,43260.25749632492,43064.23544748679
196.324,43296.43114124767,43082.32226994816
196.437,43326.24995665696,43107.25275496249
196.55,43356.068772066246,43131.205573897816
196.663,43382.95458923855,43158.09139107013
196.776,43409.84040641086,43183.99954216344
196.893,43437.70388966216,43211.86302541474
197.006,43464.589706834464,43237.77117650805
197.119,43491.475524006775,43263.67932760137
197.255,43523.249671574056,43295.45347516865
197.368,43550.13548874636,43321.36162626197
197.481,43583.376135432125,43343.35911303931
197.594,43613.19495084142,43368.28959805364
197.709,43651.323927922145,43385.39875443602
197.822,43679.18741117344,43410.32923945035
197.939,43705.09556226676,43439.17038878064
198.052,43729.04838120208,43466.056205952955
198.165,43755.934198374394,43490.98669096728
198.278,43782.8200155467,43516.894842060596
198.391,43818.015994390444,43536.93699667995
198.504,43848.81247587872,43560.88981561528
198.617,43874.72062697204,43587.77563278758
198.73,43901.60644414435,43613.6837838809
198.843,43928.49226131666,43639.59193497422
198.965,43966.62123839738,43660.61175567257
199.078,43994.48472164868,43686.51990676589
199.191,44022.34820489998,43713.405723938195
199.304,44055.588851585744,43734.42554463655
199.417,44093.71782866648,43750.557034939935
199.532,44132.82447182619,43764.73319308533
199.645,44170.95344890692,43778.90935123074
199.758,44209.082425987646,43792.10784329715
199.871,44244.2784048314,43808.239333600526
199.992,44275.07488631968,43833.16981861486
200.105,44311.24853124242,43850.278974997236
200.218,44341.06734665171,43874.231793932566
200.331,44371.86382813999,43898.18461286789
200.444,44390.92831668035,43934.358257790635
200.557,44411.948137378706,43965.154739278914
200.67,44436.87862239304,43991.06289037223
200.783,44461.80910740736,44015.99337538656
200.896,44486.73959242168,44038.9685282429
201.011,44514.60307567298,44061.943681099234
201.124,44538.55589460831,44090.784830429526
201.239,44552.73205275371,44130.86913966825
201.352,44567.8858769781,44168.02045066998
201.465,44588.905697676455,44198.81693215826
201.578,44611.88085053279,44227.65808148856
201.691,44634.856003389126,44254.54389866087
201.804,44660.764154482444,44279.474383675195
201.917,44687.649971654755,44307.33786692649
202.041,44716.491120985054,44337.15668233578
202.154,44747.287602473334,44359.15416911313
202.267,44776.128751803626,44383.10698804845
202.38,44811.32473064738,44401.19381050982
202.493,44836.2552156617,44427.10196160314
202.606,44859.23036851804,44456.920777012434
202.719,44877.31719097941,44492.11675585618
202.832,44901.27000991473,44520.95790518648
202.945,44924.24516277107,44549.79905451677
203.062,44952.108646022374,44576.68487168908
203.175,44986.326958787125,44594.771694150455
203.288,45020.545271551884,44611.880850532834
203.401,45044.498090487206,44637.78900162615
203.514,45070.406241580524,44662.71948664048
203.628,45097.292058752835,44688.6276377338
203.741,45123.20020984615,44713.55812274812
203.854,45147.153028781475,44742.39927207842
203.967,45163.28451908486,44777.59525092217
204.084,45188.215004099184,44804.48106809447
204.197,45213.145489113514,44829.4115531088
204.31,45244.91963668079,44852.38670596514
204.423,45285.00394591951,44865.58519803155
204.536,45306.023766617865,44899.8035107963
204.649,45327.04358731621,44933.044157482065
204.764,45345.13040977759,44969.21780240481
204.877,45372.0162269499,44994.14828741914
204.99,45397.924378043215,45019.078772433466
205.107,45427.7431934525,45044.00925744779
205.22,45462.93917229625,45061.118413830176
205.333,45487.86965731058,45088.00423100248
205.446,45519.64380487785,45109.024051700835
205.559,45544.57428989218,45135.90986887315
205.672,45570.4824409855,45160.84035388747
205.785,45596.39059207882,45185.77083890179
205.898,45621.32107709314,45211.67898999511
206.011,45647.22922818646,45236.60947500944
206.126,45674.11504535876,45262.51762610275
206.239,45698.06786429409,45291.35877543305
206.352,45712.24402243949,45328.51008643479
206.465,45728.375512742874,45361.750733120556
206.58,45753.3059977572,45388.63655029286
206.726,45785.08014532448,45421.877196978625
206.839,45810.01063033881,45447.78534807194
206.952,45839.829445748095,45470.76050092828
207.065,45876.98075674983,45484.93665907368
207.186,45912.17673559358,45504.97881369304
207.299,45948.35038051633,45519.154971838434
207.412,45983.54635936007,45534.30879606283
207.525,46011.40984261137,45559.239281077156
207.638,46035.36266154669,45585.14743217047
207.751,46060.29314656102,45610.0779171848
207.864,46086.20129765434,45635.00840219912
207.977,46112.10944874766,45658.96122113445
208.09,46138.017599840976,45683.891706148774
208.211,46163.925750934286,45712.73285547907
208.326,46178.10190907969,45750.8618325598
208.439,46192.27806722509,45787.03547748255
208.552,46207.43189144949,45824.18678848429
208.665,46221.608049594885,45860.36043340703
208.778,46242.62787029324,45890.17924881632
208.891,46272.446685702525,45912.17673559367
209.004,46314.48632709923,45923.419895502084
209.117,46353.59297025895,45935.64072148949
209.238,46393.677279497664,45947.86154747691
209.351,46432.783922657385,45957.63820826684
209.464,46470.91289973811,45967.414869056774
209.577,46508.064210739845,45977.19152984671
209.69,46546.19318782057,45988.43468975513
209.803,46583.34449882231,45999.67784966355
209.916,46624.40647414002,46008.47684437448
210.029,46671.334445931694,46011.409842611465
210.144,46707.50809085444,46023.630668598875
210.259,46744.659401856174,46036.829160665286
210.372,46781.810712857914,46050.0276527317
210.485,46817.98435778066,46064.2038108771
210.598,46855.13566878239,46077.40230294351
210.711,46892.286979784134,46089.62312893092
210.824,46928.46062470688,46102.82162099733
210.937,46965.61193570861,46114.06478090575
211.05,47002.763246710354,46126.28560689316
211.163,47039.91455771209,46137.52876680158
211.278,47076.08820263483,46150.72725886799
211.391,47109.3288493206,46168.814081329365
211.513,47134.25933433493,46195.69989850167
211.626,47159.18981934925,46219.652717437
211.74,47185.09797044257,46244.58320245132
211.855,47211.00612153589,46269.51368746565
211.968,47236.914272629205,46294.444172479976
212.08,47261.84475764353,46318.396991415306
212.193,47286.77524265785,46342.34981035063
212.315,47309.75039551419,46376.56812311539
212.428,47336.6362126865,46401.49860812971
212.541,47361.56669770082,46426.42909314404
212.654,47386.49718271515,46450.38191207936
212.766,47411.42766772948,46475.31239709369
212.879,47436.3581527438,46500.24288210802
212.991,47458.35563952115,46528.106365359316
213.104,47472.53179766655,46565.25767636105
213.216,47487.68562189094,46600.4536552048
213.338,47524.83693289268,46622.45114198214
213.451,47561.010577815425,46637.604966206534
213.564,47585.94106282975,46662.53545122086
213.679,47612.82688000206,46687.46593623519
213.792,47649.000524924806,46702.61976045958
213.905,47671.97567778114,46726.5725793949
214.018,47695.928496716464,46749.54773225124
214.131,47720.85898173079,46773.50055118657
214.244,47755.077294495546,46791.58737364794
214.362,47793.20627157627,46805.763531793345
214.475,47828.40225042002,46818.962023859756
214.588,47864.575895342765,46834.11584808415
214.701,47900.74954026551,46848.292006229545
214.814,47937.90085126725,46860.512832216955
214.927,47975.052162268985,46872.733658204364
215.04,48011.22580719173,46884.95448419178
215.153,48048.37711819347,46897.17531017919
215.266,48086.5060952742,46909.3961361666
215.383,48125.61273843392,46921.61696215401
215.496,48162.76404943565,46931.39362294394
215.609,48199.91536043739,46940.19261765488
215.722,48238.04433751812,46951.4357775633
215.835,48275.19564851985,46961.212438353235
215.948,48314.302291679574,46970.011433064166
216.061,48352.4312687603,46977.83276169611
216.173,48389.58257976204,46987.60942248605
216.316,48437.4882176327,46999.83024847346
216.431,48476.59486079242,47009.60690926339
216.544,48515.701503952136,47019.38357005332
216.657,48554.80814711186,47030.62672996175
216.77,48593.91479027158,47041.86988987016
216.883,48633.02143343129,47053.113049778585
216.996,48672.12807659101,47062.88971056852
217.109,48711.23471975073,47074.13287047694
217.224,48750.34136291045,47083.90953126687
217.337,48789.44800607017,47093.686192056804
217.452,48828.55464922989,47102.48518676774
217.565,48866.683626310616,47111.28418147867
217.678,48904.81260339134,47119.10551011062
217.791,48942.94158047207,47128.88217090056
217.904,48981.0705575528,47138.65883169049
218.017,49019.199534633524,47148.43549248042
218.13,49058.306177793245,47159.678652388844
218.243,49095.45748879498,47169.455313178776
218.356,49131.631133717725,47182.65380524519
218.471,49168.782444719465,47196.82996339059
218.584,49206.91142180019,47210.028455456995
218.697,49242.10740064394,47222.24928144441
218.81,49278.281045566684,47236.42543958981
218.925,49314.45469048943,47251.5792638142
219.038,49349.650669333176,47266.73308803859
219.15,49383.868982097934,47281.886912262984
219.263,49419.06496094168,47297.04073648738
219.375,49453.28327370644,47311.21689463278
219.49,49488.47925255018,47327.348384936166
219.603,49520.25340011746,47345.43520739754
219.715,49534.42955826286,47380.631186241284
219.827,49548.60571640827,47412.405333808565
219.939,49571.5808692646,47438.313484901875
220.051,49597.48902035791,47463.243969916206
220.163,49635.61799743865,47475.464795903616
220.275,49666.41447892692,47495.50695052297
220.387,49691.34496394125,47518.482103379305
220.509,49718.230781113554,47544.39025447262
220.628,49744.13893220687,47570.29840556594
220.743,49769.0694172212,47595.22889058026
220.856,49793.022236156525,47620.159375594594
220.995,49819.908053328836,47655.35535443834
221.108,49832.128879316246,47693.48433151907
221.22,49846.30503746164,47728.68031036281
221.333,49862.43652776503,47762.89862312757
221.445,49888.344678858346,47787.829108141894
221.562,49915.23049603065,47810.80426099823
221.675,49940.16098104498,47835.73474601255
221.788,49964.1137999803,47861.64289710587
221.9,49988.06661891563,47886.5733821202
222.013,50028.15092815435,47903.68253850258
222.125,50059.92507572163,47923.724693121934
222.238,50101.96471711833,47933.50135391187
222.35,50136.18302988308,47948.655178136265
222.465,50172.35667480583,47963.80900236066
222.586,50207.552653649574,47981.89582482203
222.699,50240.79330033534,48000.96031336239
222.812,50276.966945258086,48015.136471507794
222.925,50314.118256259826,48026.37963141621
223.037,50350.29190118257,48035.17862612715
223.15,50386.46554610532,48046.421786035564
223.262,50422.639191028065,48058.64261202298
223.375,50458.81283595081,48070.86343801039
223.487,50494.98648087356,48084.0619300768
223.602,50532.13779187529,48097.26042214321
223.715,50569.28910287703,48110.45891420962
223.828,50607.41807995776,48122.67974019703
223.94,50644.56939095949,48132.456400986965
224.053,50681.72070196123,48142.2330617769
224.165,50718.872012962966,48152.009722566836
224.28,50757.0009900437,48164.230548554246
224.392,50794.15230104543,48175.47370846266
224.505,50830.32594596818,48187.69453445008
224.62,50868.45492304891,48198.937694358494
224.733,50905.60623405065,48211.1585203459
224.845,50942.75754505238,48223.37934633332
224.958,50979.90885605412,48233.15600712325
225.07,51016.08250097687,48240.9773357552
225.183,51052.25614589961,48248.79866438714
225.295,51088.42979082236,48256.619993019085
225.408,51125.58110182409,48265.418987730016
225.52,51161.75474674684,48275.19564851995
225.635,51199.88372382757,48287.416474507365
225.758,51239.96803306629,48299.637300494775
225.871,51276.141677989035,48311.858126482184
225.983,51312.315322911774,48324.078952469594
226.098,51349.466633913515,48336.299778457
226.21,51385.64027883626,48348.52060444442
226.323,51421.81392375901,48359.763764352836
226.435,51457.987568681754,48371.00692426126
226.548,51493.1835475255,48380.78358505119
226.663,51527.40186029026,48394.959743196596
226.776,51554.28767746256,48417.93489605293
226.888,51578.24049639789,48441.887714988254
227.001,51603.170981412215,48465.84053392358
227.113,51628.10146642654,48489.793352858906
227.226,51654.009617519856,48512.76850571524
227.338,51678.94010253419,48535.74365857158
227.451,51703.87058754851,48559.69647750691
227.563,51729.77873864183,48584.62696252123
227.685,51756.66455581413,48609.55744753556
227.8,51773.77371219652,48645.73109245831
227.913,51793.81586681587,48675.54990786759
228.025,51822.65701614617,48697.547394644935
228.138,51855.897662831936,48715.63421710631
228.25,51879.85048176726,48740.56470212064
228.363,51901.84796854461,48766.472853213956
228.475,51922.86778924296,48794.336336465254
228.588,51938.021613467354,48829.532315309
228.703,51961.974432402676,48855.44046640232
228.816,51990.815581732975,48876.46028710067
228.93,52028.9445588137,48889.65877916708
229.043,52053.87504382803,48912.63393202342
229.155,52076.85019668437,48936.58675095874
229.268,52100.80301561969,48960.53956989407
229.38,52124.75583455502,48983.514722750406
229.493,52148.70865349034,49007.46754168573
229.608,52173.63913850467,49031.42036062106
229.723,52199.54728959799,49056.35084563538
229.836,52224.477774612315,49080.30366457071
229.949,52248.430593547644,49104.25648350603
230.061,52276.29407679894,49123.3209720464
230.173,52301.224561813266,49147.27379098173
230.286,52325.177380748595,49171.22660991705
230.398,52349.13019968392,49195.17942885238
230.536,52378.94901509321,49224.02057818268
230.648,52399.96883579156,49252.86172751297
230.77,52411.21199569998,49292.946036751695
230.883,52427.34348600337,49324.72018431897
230.996,52452.27397101769,49347.69533717531
231.108,52477.204456032014,49371.648156110634
231.22,52502.134941046344,49397.55630720395
231.335,52527.06542606067,49422.486792218275
231.447,52544.17458244305,49455.72743890404
231.559,52557.37307450946,49489.9457516688
231.671,52573.50456481284,49523.18639835456
231.793,52598.43504982717,49550.072215526874
231.906,52618.47720444653,49580.868697015154
232.019,52620.432536604516,49628.77433488581
232.131,52663.44984408021,49647.83882342617
232.243,52684.46966477857,49691.83379698086
232.355,52704.51181939792,49728.985107982604
232.468,52759.749952861035,49738.761768772536
232.58,52806.6779246527,49738.761768772536
232.692,52823.78708103509,49782.75674232723
232.813,52841.87390349646,49824.79638372393
232.926,52884.89121097216,49847.771536580265
233.039,52907.86636382849,49890.78884405596
233.154,52964.08216337059,49896.654840529925
233.266,53010.032469083264,49896.654840529925
233.378,53055.00510871695,49896.654840529925
233.49,53099.977748350626,49896.654840529925
233.602,53144.95038798431,49896.654840529925
233.714,53189.92302761799,49896.654840529925
233.836,53237.828665488654,49896.654840529925
233.949,53281.82363904334,49896.654840529925
234.062,53326.79627867702,49896.654840529925
234.174,53370.79125223171,49896.654840529925
234.286,53405.98723107546,49905.453835240856
234.398,53443.13854207719,49917.674661228266
234.51,53481.267519157926,49928.91782113669
234.622,53515.48583192268,49944.07164536108
234.734,53549.704144687435,49958.247803506485
234.855,53585.87778961018,49974.37929380986
234.97,53620.09610237493,49989.533118034255
235.082,53654.31441513969,50004.686942258646
235.204,53687.55506182546,50023.75143079901
235.316,53707.59721644481,50053.5702462083
235.428,53720.79570851122,50089.743891131046
235.54,53733.01653449863,50124.93986997479
235.652,53746.21502656504,50160.13584881854
235.764,53759.41351863145,50195.33182766229
235.886,53775.54500893484,50231.505472585035
235.999,53799.49782787016,50256.43595759936
236.112,53823.45064680549,50281.36644261369
236.224,53848.38113181981,50305.31926154901
236.336,53872.33395075514,50328.29441440535
236.448,53896.28676969047,50351.26956726168
236.56,53921.217254704796,50375.22238619701
236.675,53946.14773971912,50400.152871211336
236.787,53966.18989433847,50429.97168662062
236.908,53969.122892575455,50479.83265664927
237.021,53969.122892575455,50524.805296282946
237.134,53971.07822473345,50569.77793591663
237.246,53974.01122297043,50613.77290947132
237.358,53981.83255160237,50655.81255086802
237.472,54031.693521631016,50669.98870901342
237.584,54078.62149342269,50669.98870901342
237.696,54123.594133056366,50669.98870901342
237.808,54168.56677269005,50669.98870901342
237.93,54218.42774271869,50669.98870901342
238.043,54264.37804843136,50669.98870901342
238.156,54310.32835414403,50669.98870901342
238.268,54354.32332769872,50669.98870901342
238.38,54399.29596733241,50669.98870901342
238.495,54446.22393912407,50669.98870901342
238.607,54490.21891267876,50669.98870901342
238.719,54534.213886233454,50734.025837187466
238.831,54577.23119370915,50748.20199533286
238.946,54622.203833342835,50748.20199533286
239.059,54667.17647297651,50748.20199533286
239.171,54711.1714465312,50748.20199533286
239.283,54756.14408616489,50748.20199533286
239.395,54800.13905971958,50748.20199533286
239.507,54845.111699353256,50748.20199533286
239.619,54891.06200506593,50748.20199533286
239.731,54937.0123107786,50748.20199533286
239.843,54983.94028257027,50748.20199533286
239.984,55042.11141427036,50748.20199533286
240.14,55105.17087636542,50748.20199533286
240.253,55152.09884815709,50748.20199533286
240.368,55198.04915386976,50748.20199533286
240.48,55243.02179350344,50748.20199533286
240.592,55287.99443313712,50748.20199533286
240.704,55333.944738849794,50748.20199533286
240.816,55378.91737848347,50748.20199533286
240.949,55431.71134674909,50748.20199533286
241.062,55472.7733220668,50755.04565788582
241.175,55515.790629542505,50761.88932043877
241.287,55541.69878063582,50784.86447329511
241.399,55564.67393349216,50808.81729223044
241.511,55590.582084585476,50831.79244508677
241.623,55615.5125695998,50853.789931864114
241.735,55641.42072069312,50876.76508472045
241.865,55670.261870023416,50903.65090189276
241.987,55697.14768719572,50928.581386907084
242.102,55723.05583828904,50952.534205842414
242.214,55748.963989382355,50975.50935869875
242.326,55773.89447439668,50998.484511555085
242.438,55798.82495941101,51022.43733049041
242.55,55823.75544442533,51044.43481726776
242.662,55847.70826336066,51067.40997012409
242.788,55874.59408053297,51093.31812121741
242.9,55899.52456554729,51116.293274073745
243.015,55924.45505056162,51140.24609300907
243.128,55950.36320165494,51163.2212458654
243.24,55974.31602059026,51185.21873264275
243.352,55998.26883952559,51208.19388549909
243.464,56022.22165846091,51230.19137227643
243.576,56046.17447739624,51253.166525132765
243.711,56075.99329280553,51280.052342305076
243.823,56099.94611174086,51303.02749516141
243.938,56123.89893067618,51326.00264801775
244.053,56148.82941569051,51348.00013479509
244.166,56173.759900704834,51371.95295373042
244.278,56200.645717877145,51394.928106586754
244.39,56226.55386897046,51418.88092552208
244.528,56258.32801653774,51447.722074852376
244.64,56284.236167631054,51471.674893787706
244.752,56310.14431872437,51495.62771272303
244.867,56338.00780197567,51521.535863816345
244.979,56362.93828698999,51545.488682751675
245.094,56389.824104162304,51569.441501687
245.207,56415.73225525562,51594.37198670133
245.319,56441.64040634894,51617.34713955766
245.458,56471.459221758225,51645.21062280896
245.57,56495.412040693554,51667.2081095863
245.682,56518.38719354989,51689.20559636365
245.793,56541.362346406226,51710.225417062
245.906,56564.33749926256,51731.245237760355
246.019,56585.357319960916,51752.26505845871
246.135,56608.33247281725,51773.284879157065
246.254,56633.262957831575,51796.2600320134
246.394,56662.104107161875,51825.1011813437
246.507,56688.98992433418,51850.03166635802
246.62,56714.898075427496,51874.962151372354
246.733,56739.82856044183,51898.91497030768
246.846,56762.80371329816,51928.73378571697
246.959,56772.580374088095,51969.79576103468
247.072,56789.689530470474,52003.03640772044
247.194,56813.6423494058,52032.85522312973
247.333,56831.72917186718,52073.91719844744
247.446,56846.88299609157,52108.1355112122
247.561,56867.90281678992,52136.97666054249
247.674,56892.83330180425,52161.90714555682
247.787,56915.80845466058,52186.83763057114
247.9,56939.76127359591,52211.768115585466
248.013,56962.73642645225,52235.720934520796
248.126,56986.68924538757,52260.65141953512
248.274,57017.48572687585,52291.4479010234
248.387,57046.32687620615,52313.44538780075
248.5,57084.455853286876,52324.688547709164
248.613,57119.65183213062,52336.90937369658
248.726,57154.847810974374,52351.08553184198
248.839,57181.73362814668,52372.10535254033
248.952,57204.70878100301,52396.05817147566
249.065,57228.66159993834,52420.988656489986
249.205,57260.43574750562,52450.80747189927
249.32,57286.343898598934,52475.7379569136
249.435,57313.229715771246,52500.668441927926
249.548,57338.16020078557,52524.621260863256
249.661,57363.09068579989,52547.59641371959
249.792,57392.909501209186,52574.482230891896
249.91,57417.83998622351,52599.41271590622
250.048,57453.035965067254,52627.27619915752
250.161,57478.94411616057,52650.25135201385
250.277,57507.78526549087,52675.18183702818
250.39,57531.7380844262,52698.15698988452
250.503,57558.623901598505,52722.10980881984
250.616,57585.509718770816,52746.06262775517
250.729,57610.44020378514,52770.0154466905
250.842,57635.37068879946,52793.96826562582
250.981,57666.16717028774,52822.80941495612
251.094,57691.097655302074,52845.78456781246
251.209,57717.00580639539,52869.73738674779
251.325,57742.9139574887,52893.69020568311
251.438,57769.79977466101,52917.64302461844
251.551,57797.66325791231,52940.618177474775
251.664,57822.593742926634,52964.5709964101
251.777,57850.45722617793,52988.52381534543
251.919,57882.23137374521,53017.364964675726
252.032,57908.13952483853,53040.34011753206
252.145,57934.04767593185,53063.3152703884
252.258,57959.955827025165,53087.26808932372
252.374,57984.88631203949,53110.243242180055
252.487,58010.79446313281,53134.196061115385
252.6,58035.72494814713,53158.14888005071
252.713,58061.63309924045,53181.12403290704
252.851,58095.851412005206,53209.96518223734
252.964,58119.804230940535,53232.94033509368
253.079,58145.712382033846,53256.89315402901
253.192,58170.64286704818,53280.84597296433
253.305,58195.5733520625,53304.79879189966
253.421,58221.48150315582,53328.75161083499
253.534,58246.41198817014,53351.726763691324
253.673,58277.20846965842,53379.59024694262
253.786,58298.228290356776,53407.45373019392
253.899,58313.38211458117,53443.62737511667
254.012,58337.3349335165,53469.535526209984
254.125,58360.31008637283,53493.488345145306
254.238,58384.262905308155,53517.441164080636
254.351,58407.23805816449,53541.39398301596
254.467,58430.213211020826,53566.32446803029
254.608,58460.03202643012,53596.143283439575
254.723,58483.98484536544,53621.0737684539
254.838,58507.93766430077,53646.00425346823
254.951,58530.91281715711,53669.95707240355
255.064,58554.865636092436,53694.88755741788
255.177,58577.84078894877,53718.840376353204
255.295,58593.97227925215,53753.05868911796
255.408,58593.97227925215,53798.03132875164
255.556,58593.97227925215,53856.202460451736
255.669,58593.97227925215,53900.197434006426
255.782,58593.97227925215,53944.19240756112
255.895,58593.97227925215,53988.1873811158
256.008,58593.97227925215,54032.18235467049
256.121,58593.97227925215,54076.17732822518
256.234,58593.97227925215,54120.17230177987
256.347,58593.97227925215,54165.14494141356
256.487,58596.90527748913,54218.91657575817
256.608,58608.148437397555,54256.067886759905
256.723,58617.92509818749,54292.24153168265
256.836,58626.724092898425,54328.4151766054
256.949,58637.96725280684,54363.61115544914
257.062,58645.788581438785,54398.80713429289
257.175,58654.58757614972,54434.980779215635
257.313,58664.364236939655,54477.99808669134
257.432,58673.163231650586,54515.14939769307
257.545,58684.40639155901,54549.36771045783
257.667,58705.426212257364,54577.23119370913
257.78,58728.4013651137,54601.18401264445
257.893,58751.376517970035,54626.11449765878
258.006,58773.37400474738,54650.067316594104
258.119,58797.326823682706,54674.997801608435
258.232,58819.32431046005,54699.92828662276
258.345,58843.27712939538,54723.88110555809
258.46,58866.25228225171,54748.81159057241
258.573,58888.249769029055,54771.78674342875
258.688,58909.26958972741,54795.73956236408
258.801,58932.244742583745,54819.6923812994
258.914,58954.242229361094,54843.64520023473
259.027,58975.26205005945,54866.620353091064
259.14,58997.25953683679,54887.64017378942
259.253,59020.23468969313,54908.659994487774
259.366,59046.142840786444,54930.657481265116
259.481,59071.07332580077,54951.67730196347
259.594,59096.0038108151,54974.65245481981
259.709,59118.978963671434,54998.60527375513
259.822,59143.90944868576,55022.55809269046
259.935,59166.88460154209,55047.48857770478
260.048,59190.83742047742,55071.44139664011
260.161,59213.81257333376,55096.371881654435
260.276,59237.76539226908,55121.302366668766
260.389,59264.65120944139,55142.32218736712
260.502,59302.78018652212,55153.56534727554
260.615,59336.99849928687,55166.76383934195
260.737,59372.19447813062,55184.85066180332
260.85,59394.191964907965,55211.73647897563
260.963,59418.144783843294,55235.689297910954
261.076,59444.05293493661,55259.642116846284
261.189,59468.983419950935,55283.594935781606
261.302,59491.95857280727,55310.48075295392
261.415,59507.11239703166,55343.72139963968
261.528,59531.06521596699,55369.629550733
261.641,59555.018034902314,55392.604703589335
261.763,59580.92618599563,55418.51285468265
261.876,59604.87900493096,55443.443339696976
261.989,59627.8541577873,55467.396158632306
262.1,59650.82931064363,55491.34897756763
262.213,59674.782129578954,55515.30179650296
262.326,59697.75728243529,55538.27694935929
262.439,59721.71010137062,55563.20743437362
262.552,59746.64058638494,55588.13791938794
262.665,59769.61573924128,55612.09073832327
262.787,59807.744716322006,55629.19989470565
262.9,59846.85135948173,55637.99888941659
263.013,59869.82651233806,55678.0831986553
263.126,59892.8016651944,55706.9243479856
263.239,59908.93315549778,55741.14266075036
263.352,59924.086979722175,55774.383307436125
263.465,59937.285471788586,55809.57928627987
263.578,59950.483963855,55844.775265123615
263.691,59963.68245592141,55878.993577888374
263.815,59979.813946224785,55917.1225549691
263.928,59993.012438291196,55955.25153204983
264.042,59993.99010437019,56001.2018377625
264.155,59997.90076868616,56044.219145238196
264.295,60015.009925068545,56089.19178487188
264.408,60015.009925068545,56137.09742274254
264.521,60015.009925068545,56184.02539453421
264.634,60015.009925068545,56230.953366325884
264.747,60015.009925068545,56276.903672038556
264.868,60015.009925068545,56326.764642067195
264.981,60015.009925068545,56373.69261385887
265.094,60024.78658585848,56412.79925701859
265.207,60037.00741184589,56448.972901941335
265.32,60049.2282378333,56485.14654686408
265.433,60059.004898623236,56521.32019178683
265.546,60067.80389333417,56556.51617063057
265.661,60076.602888045105,56592.68981555332
265.774,60086.37954883504,56628.86346047607
265.895,60097.62270874345,56666.99243755679
266.008,60106.42170345439,56703.16608247954
266.121,60115.22069816532,56739.33972740229
266.234,60124.01969287626,56775.51337232503
266.347,60141.12884925864,56805.33218773432
266.46,60162.148669956994,56831.240338827636
266.573,60185.12382281333,56856.17082384196
266.686,60207.12130959068,56881.10130885629
266.799,60230.096462447014,56906.031793870614
266.921,60256.00461354033,56932.917611042925
267.034,60279.957432475654,56957.84809605725
267.147,60302.93258533199,56983.756247150566
267.26,60326.88540426732,57007.70906608589
267.375,60350.83822320264,57032.63955110022
267.488,60374.79104213797,57058.54770219354
267.601,60398.7438610733,57083.47818720786
267.714,60423.674346087624,57109.38633830118
267.827,60448.60483110195,57134.3168233155
267.942,60472.55765003728,57159.24730832983
268.055,60496.5104689726,57184.177793344155
268.168,60521.44095398693,57210.08594443747
268.281,60546.371439001254,57235.016429451796
268.394,60569.34659185759,57259.94691446613
268.507,60593.29941079292,57284.87739948045
268.62,60617.25222972824,57309.807884494774
268.733,60641.20504866357,57334.738369509105
268.846,60665.15786759889,57359.66885452343
268.961,60690.088352613224,57384.59933953775
269.084,60715.99650370654,57410.50749063107
269.199,60740.926988720865,57436.41564172439
269.312,60764.879807656194,57461.34612673871
269.425,60789.81029267052,57486.27661175304
269.538,60813.76311160585,57510.22943068836
269.651,60837.71593054117,57535.159915702694
269.764,60862.64641555549,57560.09040071702
269.877,60886.59923449082,57584.04321965235
269.992,60910.55205342615,57608.97370466667
270.105,60935.482538440476,57634.88185575999
270.218,60959.435357375805,57659.81234077431
270.331,60984.36584239013,57683.76515970964
270.444,61008.31866132545,57708.695644723965
270.557,61033.24914633978,57732.648463659294
270.67,61061.11262959108,57753.66828435765
270.783,61096.308608434825,57766.86677642406
270.898,61127.105089923105,57784.95359888543
271.013,61154.9685731744,57806.951085662775
271.126,61178.92139210973,57831.8815706771
271.239,61202.874211045055,57856.81205569143
271.352,61227.804696059386,57881.74254070575
271.465,61253.712847152696,57905.69535964108
271.578,61279.62099824601,57930.625844655406
271.691,61304.551483260344,57954.578663590735
271.804,61329.48196827467,57978.53148252606
271.917,61355.390119367985,58003.46196754038
272.032,61381.2982704613,58027.41478647571
272.145,61406.228755475626,58052.345271490034
272.258,61432.13690656894,58077.275756504365
272.372,61458.04505766226,58102.20624151869
272.485,61482.975542676584,58126.15906045402
272.598,61508.8836937699,58151.08954546834
272.713,61535.76951094221,58176.020030482665
272.826,61560.69999595654,58199.972849417994
272.939,61591.496477444816,58222.94800227433
273.061,61626.69245628856,58240.05715865671
273.174,61652.60060738188,58264.00997759204
273.287,61675.575760238215,58286.985130448375
273.4,61699.528579173544,58310.937949383704
273.513,61723.48139810887,58334.89076831903
273.626,61748.4118831232,58358.843587254356
273.738,61772.36470205852,58382.79640618968
273.876,61802.18351746781,58411.63755551998
273.989,61828.09166856113,58436.5680405343
274.111,61854.977485733434,58462.47619162762
274.224,61880.88563682675,58487.40667664195
274.337,61905.816121841075,58511.35949557727
274.45,61930.746606855406,58535.3123145126
274.561,61954.69942579073,58559.26513344792
274.674,61979.62991080506,58584.195618462254
274.787,62004.56039581938,58608.148437397576
274.9,62031.44621299169,58632.101256332906
275.013,62057.354364085004,58656.054075268235
275.128,62084.240181257315,58680.98456028256
275.241,62109.17066627164,58704.93737921788
275.354,62135.078817364956,58729.86786423221
275.467,62160.00930237928,58753.820683167534
275.58,62183.96212131461,58776.79583602387
275.693,62209.87027240793,58800.7486549592
275.806,62233.823091343256,58824.70147389453
275.919,62258.75357635758,58849.63195890885
276.032,62284.6617274509,58873.58477784418
276.147,62310.569878544215,58898.515262858506
276.262,62335.50036355854,58923.44574787283
276.375,62360.43084857286,58947.39856680816
276.488,62386.33899966618,58972.32905182248
276.6,62412.2471507595,58996.28187075781
276.713,62436.199969694826,59020.234689693134
276.825,62460.15278863015,59043.20984254947
276.938,62485.08327364448,59068.1403275638
277.05,62509.0360925798,59091.115480420136
277.165,62534.94424367312,59116.04596543446
277.278,62559.87472868745,59139.99878436979
277.391,62583.82754762277,59162.973937226125
277.503,62607.7803665581,59185.94909008246
277.616,62631.733185493424,59206.96891078081
277.728,62656.663670507754,59227.98873147916
277.841,62680.61648944308,59249.00855217752
277.953,62705.54697445741,59270.02837287587
278.068,62729.49979339273,59291.04819357423
278.183,62754.43027840705,59313.04568035157
278.296,62781.316095579365,59334.065501049925
278.409,62805.268914514694,59356.062987827274
278.521,62830.19939952902,59377.08280852563
278.664,62860.9958810173,59403.96862569793
278.794,62888.859364268596,59429.87677679125
278.906,62914.76751536191,59452.851929647586
279.019,62940.67566645523,59475.82708250392
279.131,62965.606151469554,59499.77990143925
279.246,62992.491968641865,59522.75505429559
279.359,63017.42245365619,59545.73020715192
279.472,63041.37527259151,59567.727693929264
279.584,63065.32809152684,59588.74751462762
279.697,63088.303244383176,59609.767335325974
279.812,63112.256063318506,59631.764822103316
279.925,63135.23121617484,59653.762308880665
280.037,63155.273370794195,59687.00295556643
280.15,63157.22870295218,59737.84159167407
280.271,63157.22870295218,59786.72489562372
280.384,63157.22870295218,59831.6975352574
280.497,63157.22870295218,59876.670174891085
280.611,63200.24601042788,59893.779331273465
280.723,63220.28816504724,59935.81897267017
280.836,63240.330319666595,59973.947949750895
280.948,63293.124287932216,59980.791612303845
281.061,63313.16644255157,60023.80891977955
281.173,63356.18375002727,60043.8510743989
281.295,63398.22339142397,60066.82622725524
281.408,63443.196031057654,60090.77904619056
281.521,63490.12400284932,60093.71204442754
281.636,63527.27531385106,60103.48870521748
281.749,63560.515960536824,60117.66486336288
281.861,63593.75660722259,60131.841021508284
281.974,63627.97491998735,60146.994845732675
282.086,63661.21556667311,60161.17100387807
282.199,63692.989714240386,60177.30249418146
282.32,63724.76386180767,60197.34464880081
282.433,63760.93750673041,60212.4984730252
282.546,63784.89032566574,60233.51829372356
282.659,63809.82081068007,60254.53811442191
282.771,63832.7959635364,60276.535601199255
282.884,63858.70411462972,60297.55542189761
282.996,63885.589931802024,60317.597576516964
283.128,63923.71890888275,60336.66206505733
283.24,63961.847885963485,60343.50572761028
283.357,63998.99919696522,60350.34939016324
283.47,64037.128174045945,60357.19305271619
283.583,64073.30181896869,60365.01438134813
283.695,64110.45312997043,60374.791042138066
283.808,64146.62677489318,60384.567702928
283.92,64182.800419815925,60396.788528915415
284.033,64217.99639865967,60408.03168882383
284.145,64251.237045345435,60420.25251481124
284.258,64275.18986428076,60444.20533374657
284.38,64289.36602242616,60480.378978669316
284.493,64316.251839598466,60505.30946368364
284.606,64343.13765677078,60528.284616539975
284.719,64370.02347394308,60552.237435475305
284.831,64393.97629287841,60576.19025441063
284.944,64417.92911181374,60600.14307334596
285.059,64443.83726290705,60624.095892281286
285.172,64469.74541400037,60648.04871121661
285.284,64492.720566856704,60672.00153015194
285.406,64519.606384029015,60696.93201516626
285.519,64543.55920296434,60720.88483410159
285.632,64568.48968797867,60744.83765303691
285.744,64592.44250691399,60767.81280589325
285.857,64619.3283240863,60792.74329090758
285.969,64645.23647517962,60815.718443763915
286.082,64672.12229235192,60839.67126269924
286.194,64696.07511128725,60862.64641555557
286.307,64720.027930222575,60886.5992344909
286.422,64747.89141347387,60909.57438734724
286.535,64775.75489672517,60933.52720628256
286.647,64801.66304781849,60957.48002521789
286.762,64826.59353283282,60981.43284415322
286.874,64851.52401784714,61005.38566308854
286.986,64878.409835019454,61029.33848202387
287.098,64902.36265395478,61053.291300959194
287.21,64928.270805048094,61077.24411989452
287.322,64954.17895614141,61101.196938829846
287.437,64978.13177507674,61126.12742384418
287.55,65004.03992617005,61151.0579088585
287.662,65021.14908255244,61182.83205642578
287.774,65037.28057285582,61218.028035269526
287.889,65050.47906492223,61254.20168019227
288.001,65063.67755698864,61288.41999295703
288.113,65075.898382976055,61322.63830572178
288.225,65088.119208963464,61357.83428456553
288.337,65100.340034950874,61392.05259733029
288.461,65113.538527017285,61430.18157441101
288.574,65126.737019083695,61465.37755325476
288.687,65139.935511150106,61499.59586601952
288.799,65154.111669295504,61533.814178784276
288.911,65168.28782744091,61567.05482547004
289.023,65182.463985586306,61601.27313823479
289.135,65196.64014373171,61635.49145099955
289.247,65211.7939679561,61668.732097685315
289.361,65225.9701261015,61703.92807652906
289.476,65240.146284246905,61739.124055372806
289.589,65252.367110234314,61773.342368137564
289.702,65268.4986005377,61804.138849625844
289.814,65296.362083789,61824.1810042452
289.926,65334.491060869725,61836.40183023261
290.038,65370.66470579247,61848.62265622002
290.153,65409.77134895219,61859.86581612844
290.265,65445.94499387494,61871.10897603686
290.377,65479.1856405607,61885.28513418226
290.499,65509.00445596999,61909.23795311759
290.612,65547.13343305072,61923.41411126299
290.725,65583.30707797347,61937.59026940839
290.837,65617.52539073821,61951.76642755379
290.949,65647.3442061475,61972.786248252145
291.061,65672.27469116183,61997.716733266476
291.173,65696.22751009716,62021.6695522018
291.285,65720.18032903249,62044.644705058134
291.397,65745.11081404681,62068.59752399346
291.514,65771.99663121912,62092.550342928786
291.627,65800.83778054942,62116.503161864115
291.74,65828.70126380071,62139.47831472045
291.855,65853.63174881504,62163.43113365577
291.967,65876.60690167137,62192.27228298607
292.079,65892.73839197477,62227.468261829825
292.191,65916.69121091008,62253.376412923135
292.303,65950.90952367484,62270.48556930552
292.415,65973.88467653118,62297.371386477826
292.557,65997.8374954665,62338.433361795534
292.67,66039.8771368632,62349.67652170396
292.782,66078.98378002293,62360.91968161238
292.894,66116.13509102465,62370.69634240231
293.006,66153.2864020264,62381.93950231073
293.118,66188.48238087015,62397.09332653512
293.23,66216.34586412144,62419.09081331247
293.342,66252.51950904418,62431.31163929988
293.454,66289.67082004593,62442.5547992083
293.578,66329.75512928465,62455.75329127471
293.691,66367.88410636537,62466.99645118313
293.804,66403.08008520912,62478.23961109155
293.916,66438.27606405286,62490.46043707896
294.028,66474.4497089756,62502.68126306637
294.14,66509.64568781936,62515.87975513278
294.252,66544.84166666311,62529.07824719919
294.364,66581.01531158586,62541.2990731866
294.476,66612.78945915312,62557.43056348999
294.597,66642.60827456242,62583.338714583304
294.71,66679.75958556416,62597.5148727287
294.823,66713.97789832891,62611.691030874106
294.935,66740.86371550121,62631.73318549346
295.047,66764.81653443654,62657.64133658678
295.159,66788.76935337187,62681.59415552211
295.274,66810.76684014921,62711.41297093139
295.386,66828.85366261059,62747.58661585414
295.498,66856.71714586188,62769.58410263148
295.616,66889.95779254765,62791.58158940883
295.729,66916.84360971996,62816.51207442315
295.842,66936.88576433931,62845.35322375345
295.954,66962.79391543263,62869.30604268878
296.066,66986.74673436796,62893.258861624105
296.178,67007.76655506631,62921.1223448754
296.29,67020.96504713272,62956.31832371915
296.402,67041.98486783108,62983.20414089146
296.514,67060.07169029245,63014.97828845874
296.632,67084.02450922778,63042.84177171004
296.745,67110.91032640009,63066.79459064536
296.858,67138.77380965138,63088.79207742271
296.973,67167.61495898168,63110.78956420005
297.085,67189.61244575902,63137.67538137236
297.197,67211.60993253638,63167.49419678165
297.319,67247.78357745912,63188.51401748
297.431,67263.9150677625,63224.68766240275
297.543,67288.84555277682,63249.61814741707
297.665,67314.75370387014,63275.52629851039
297.779,67339.68418888446,63299.47911744572
297.892,67363.6370078198,63323.43193638104
298.004,67388.56749283412,63347.38475531637
298.116,67413.49797784844,63371.337574251695
298.228,67440.38379502075,63396.268059266025
298.34,67466.29194611407,63422.17621035934
298.452,67492.20009720739,63447.106695373666
298.564,67517.13058222171,63472.03718038799
298.681,67543.03873331503,63496.96766540232
298.794,67568.94688440835,63522.87581649564
298.906,67592.89970334368,63546.82863543096
299.018,67614.89719012102,63570.78145436629
299.13,67637.87234297735,63595.71193938061
299.242,67660.84749583369,63619.66475831594
299.354,67687.733313006,63644.59524333027
299.466,67712.66379802032,63668.548062265596
299.578,67737.59428303465,63692.50088120092
299.693,67761.54710196998,63717.43136621524
299.806,67790.38825130028,63738.4511869136
299.918,67826.56189622302,63752.627345059
300.03,67852.47004731634,63775.60249791534
300.142,67878.37819840966,63800.53298292966
300.254,67903.30868342398,63824.48580186499
300.394,67935.08283099126,63853.32695119529
300.508,67960.01331600558,63877.27977013061
300.62,67985.9214670989,63901.23258906594
300.735,68012.80728427121,63924.20774192228
300.848,68038.71543536453,63948.1605608576
300.96,68064.62358645785,63972.11337979293
301.072,68092.48706970914,63997.04386480725
301.184,68117.41755472346,64020.01901766359
301.296,68140.3927075798,64042.99417051992
301.408,68166.30085867312,64065.96932337626
301.52,68191.23134368744,64088.944476232595
301.632,68214.20649654377,64110.941963009944
301.747,68239.13698155811,64134.894781945266
301.869,68265.04513265143,64159.8252669596
301.981,68291.93094982373,64183.77808589492
302.095,68318.81676699604,64206.753238751255
302.208,68343.74725201036,64229.72839160759
302.321,68369.65540310368,64252.703544463926
302.434,68394.585888118,64275.67869732026
302.547,68418.53870705333,64298.6538501766
302.66,68442.49152598866,64322.60666911193
302.775,68468.39967708198,64346.559488047256
302.888,68492.35249601731,64369.53464090359
303.001,68520.2159792686,64393.487459838914
303.114,68533.41447133501,64438.4600994726
303.227,68533.41447133501,64484.41040518527
303.34,68533.41447133501,64528.40537873996
303.453,68533.41447133501,64572.400352294644
303.566,68533.41447133501,64615.41765977035
303.679,68533.41447133501,64659.41263332504
303.801,68533.41447133501,64706.340605116704
303.916,68533.41447133501,64750.335578671395
304.029,68533.41447133501,64794.330552226085
304.142,68533.41447133501,64839.30319185977
304.255,68533.41447133501,64884.27583149345
304.368,68533.41447133501,64929.24847112713
304.481,68533.41447133501,64976.1764429188
304.594,68543.19113212495,65015.28308607852
304.707,68555.41195811235,65050.47906492226
304.828,68566.65511802078,65088.60804200299
304.941,68576.43177881071,65124.78168692574
305.054,68585.23077352165,65160.95533184848
305.167,68595.00743431158,65197.12897677123
305.28,68603.80642902252,65232.324955614975
305.393,68612.60542373345,65268.49860053772
305.506,68620.4267523654,65304.67224546047
305.621,68628.24808099733,65338.89055822523
305.734,68636.06940962929,65374.08653706897
305.849,68643.89073826122,65409.28251591272
305.962,68651.71206689317,65444.47849475647
306.075,68681.53088230245,65465.49831545482
306.189,68712.32736379074,65479.67447360022
306.302,68742.14617920002,65495.80596390361
306.415,68770.00966245132,65516.825784601955
306.528,68783.20815451774,65552.9994295247
306.655,68819.38179944048,65574.99691630204
306.773,68848.22294877078,65598.94973523737
306.895,68871.19810162712,65630.72388280465
307.008,68884.39659369353,65667.8751938064
307.121,68919.59257253727,65685.96201626776
307.234,68949.41138794656,65705.02650480813
307.349,68975.31953903988,65729.95698982246
307.462,68994.38402758024,65764.17530258722
307.575,69019.31451259456,65790.08345368053
307.688,69045.22266368788,65815.01393869486
307.801,69070.15314870221,65838.96675763019
307.916,69095.08363371654,65863.89724264451
308.029,69120.99178480986,65887.85006157983
308.142,69144.94460374519,65911.80288051516
308.255,69169.87508875951,65936.73336552948
308.368,69193.82790769482,65961.66385054382
308.481,69217.78072663015,65986.59433555814
308.594,69241.73354556548,66010.54715449347
308.707,69266.6640305798,66034.49997342878
308.82,69289.63918343614,66058.45279236411
308.935,69314.56966845047,66083.38327737844
309.05,69339.5001534648,66108.31376239278
309.163,69364.43063847913,66133.2442474071
309.276,69387.40579133546,66156.21940026344
309.389,69412.33627634979,66181.14988527776
309.502,69437.26676136411,66205.10270421309
309.615,69464.15257853642,66229.0555231484
309.728,69490.06072962974,66253.00834208373
309.841,69514.01354856507,66276.96116101906
309.956,69538.94403357939,66301.89164603339
310.069,69562.89685251472,66326.82213104771
310.182,69588.80500360804,66351.75261606205
310.295,69611.78015646437,66376.68310107637
310.408,69635.73297539969,66400.6359200117
310.521,69658.70812825602,66424.58873894702
310.634,69682.66094719135,66448.54155788234
310.749,69706.61376612668,66472.49437681767
310.862,69730.56658506201,66497.424861832
310.977,69754.51940399733,66521.37768076733
311.09,69778.47222293266,66546.30816578165
311.203,69802.42504186799,66570.26098471698
311.325,69827.35552688231,66596.1691358103
311.438,69850.33067973865,66619.14428866663
311.551,69874.28349867398,66643.09710760196
311.664,69898.2363176093,66667.04992653728
311.777,69922.18913654464,66691.00274547261
311.89,69944.18662332198,66713.97789832894
312.005,69969.1171083363,66736.95305118528
312.118,69992.09226119264,66760.90587012061
312.231,70015.06741404897,66783.88102297694
312.344,70038.04256690531,66806.85617583328
312.459,70050.26339289272,66847.91815115098
312.572,70050.26339289272,66892.89079078467
312.685,70050.26339289272,66938.84109649734
312.798,70050.26339289272,66982.83607005203
312.911,70050.26339289272,67027.8087096857
313.033,70050.26339289272,67077.66967971435
313.146,70050.26339289272,67123.61998542702
313.259,70050.26339289272,67169.5702911397
313.372,70053.1963911297,67212.5875986154
313.485,70066.39488319612,67246.80591138016
313.598,70077.63804310453,67282.0018902239
313.711,70087.41470389446,67318.17553514664
313.824,70096.2136986054,67353.3715139904
313.937,70105.01269331633,67388.56749283413
314.058,70116.25585322475,67426.69646991487
314.171,70126.03251401469,67462.87011483761
314.286,70134.83150872562,67498.06609368137
314.399,70143.63050343655,67533.2620725251
314.512,70151.4518320685,67568.45805136886
314.625,70159.27316070044,67602.67636413361
314.739,70174.42698492484,67633.47284562189
314.852,70196.42447170218,67657.42566455722
314.965,70218.42195847952,67680.40081741355
315.087,70244.33010957284,67706.30896850687
315.2,70268.28292850817,67729.2841213632
315.313,70291.2580813645,67752.25927421954
315.426,70315.21090029983,67775.23442707588
315.539,70342.09671747214,67796.25424777422
315.652,70367.02720248647,67819.22940063056
315.765,70390.9800214218,67843.18221956589
315.878,70415.91050643612,67868.11270458021
315.993,70440.84099145044,67892.06552351554
316.135,70472.61513901773,67921.88433892484
316.248,70501.45628834802,67942.90415962318
316.361,70541.54059758673,67955.1249856106
316.474,70578.69190858847,67967.345811598
316.587,70610.46605615575,67982.4996358224
316.7,70637.35187332807,68003.51945652075
316.813,70671.57018609282,68016.71794858716
316.926,70708.72149709455,68027.96110849558
317.039,70741.96214378031,68041.159600562
317.161,70781.06878694004,68055.3357587074
317.274,70815.2870997048,68069.5119168528
317.387,70849.50541246955,68084.66574107719
317.5,70885.67905739229,68099.81956530159
317.613,70920.87503623604,68114.97338952597
317.728,70955.0933490008,68130.12721375037
317.841,70981.00150009412,68153.1023666067
317.954,71004.95431902944,68179.01051770002
318.067,71029.88480404377,68202.96333663534
318.188,71058.72595337407,68227.89382164968
318.301,71093.92193221781,68250.86897450601
318.414,71117.87475115314,68273.84412736235
318.527,71142.80523616746,68296.81928021868
318.64,71163.82505686583,68321.749765233
318.753,71177.02354893224,68356.94574407674
318.866,71190.22204099865,68391.1640568415
318.979,71203.42053306504,68425.38236960626
319.092,71216.61902513145,68459.60068237102
319.214,71236.66117975082,68493.81899513578
319.327,71271.85715859456,68509.95048543916
319.442,71302.65364008285,68529.99264005851
319.555,71316.82979822824,68565.18861890226
319.668,71342.73794932156,68591.09676999558
319.781,71367.66843433588,68614.07192285192
319.894,71391.62125327121,68638.02474178723
320.007,71417.52940436453,68662.95522680157
320.12,71441.48222329986,68687.88571181589
320.242,71468.36804047217,68713.79386290921
320.355,71493.29852548649,68737.74668184454
320.468,71516.27367834283,68761.69950077985
320.581,71539.24883119916,68785.65231971518
320.694,71564.17931621349,68810.5828047295
320.806,71587.15446906982,68834.53562366484
320.928,71612.08495408414,68860.44377475815
321.041,71637.01543909847,68885.37425977248
321.156,71660.9682580338,68910.3047447868
321.271,71684.92107696913,68935.23522980114
321.384,71708.87389590446,68960.16571481546
321.497,71732.82671483979,68984.11853375078
321.61,71754.82420161713,69008.0713526861
321.723,71777.79935447346,69032.02417162144
321.836,71802.72983948779,69055.97699055677
321.949,71828.6379905811,69080.90747557109
322.062,71851.61314343744,69104.86029450642
322.175,71874.58829629378,69129.79077952074
322.29,71898.5411152291,69154.72126453507
322.403,71922.49393416443,69178.6740834704
322.516,71946.44675309975,69203.60456848472
322.629,71970.39957203508,69227.55738742005
322.742,71995.3300570494,69251.51020635538
322.857,72018.30520990574,69276.4406913697
322.97,72041.28036276207,69300.39351030503
323.083,72064.25551561841,69323.36866316137
323.197,72088.20833455374,69347.32148209668
323.312,72112.16115348907,69371.27430103201
323.425,72136.1139724244,69395.22711996734
323.538,72160.06679135973,69419.17993890267
323.651,72184.99727637405,69443.132757838
323.764,72204.06176491441,69472.95157324728
323.877,72210.90542746737,69514.99121464399
323.99,72249.03440454809,69530.14503886837
324.103,72279.83088603638,69548.23186132975
324.216,72302.80603889271,69571.20701418609
324.331,72326.75885782803,69596.13749920041
324.444,72349.73401068436,69620.09031813574
324.559,72374.6644956987,69644.04313707106
324.672,72400.57264679202,69667.99595600639
324.785,72424.52546572733,69691.94877494172
324.898,72450.43361682065,69715.90159387705
325.011,72475.36410183499,69739.85441281238
325.124,72501.27225292829,69763.80723174769
325.237,72532.06873441658,69782.87172028807
325.359,72569.22004541832,69798.02554451245
325.472,72603.43835818308,69811.22403657886
325.609,72638.63433702682,69835.17685551419
325.722,72657.69882556717,69870.37283435794
325.835,72700.71613304288,69893.34798721428
325.948,72733.95677972864,69918.2784722286
326.061,72753.998934348,69958.36278146731
326.174,72803.85990437664,69969.60594137573
326.289,72830.74572154896,69992.58109423207
326.411,72855.67620656328,70019.46691140438
326.524,72880.6066915776,70043.41973033971
326.637,72904.55951051293,70067.37254927504
326.75,72929.48999552726,70091.32536821035
326.863,72950.5098162256,70126.5213470541
326.976,72993.52712370131,70150.47416598944
327.089,73033.61143294003,70164.65032413484
327.202,73057.56425187536,70189.58080914916
327.315,73079.5617386527,70214.51129416349
327.43,73103.51455758803,70238.46411309882
327.543,73127.46737652335,70262.41693203413
327.656,73152.39786153768,70285.39208489047
327.769,73178.30601263099,70308.3672377468
327.882,73203.23649764532,70333.29772276114
327.997,73228.16698265965,70357.25054169646
328.11,73253.09746767397,70380.22569455279
328.223,73278.0279526883,70403.20084740913
328.335,73301.98077162362,70426.17600026546
328.45,73326.91125663795,70450.12881920079
328.563,73351.84174165227,70473.10397205713
328.676,73376.7722266666,70497.05679099246
328.788,73401.70271168093,70520.0319438488
328.901,73426.63319669526,70543.98476278412
329.013,73452.54134778857,70566.95991564046
329.126,73477.4718328029,70590.91273457579
329.238,73502.40231781722,70612.91022135313
329.351,73526.35513675255,70636.86304028846
329.466,73553.24095392486,70659.8381931448
329.579,73578.17143893919,70683.79101208011
329.694,73605.0572561115,70707.74383101544
329.807,73629.98774112582,70730.71898387177
329.919,73654.91822614014,70753.69413672811
330.032,73679.84871115447,70776.66928958445
330.144,73704.77919616879,70798.66677636179
330.256,73728.73201510412,70821.64192921812
330.378,73755.61783227643,70846.57241423246
330.493,73780.54831729076,70870.52523316778
330.606,73805.47880230508,70893.50038602411
330.719,73829.43162124041,70917.45320495944
330.831,73854.36210625473,70940.42835781578
330.944,73881.24792342704,70964.3811767511
331.056,73909.11140667833,70987.35632960744
331.169,73934.04189169267,71011.30914854277
331.281,73958.972376707,71034.28430139911
331.396,73984.88052780031,71058.23712033444
331.511,74010.78867889363,71082.18993926975
331.624,74037.67449606593,71106.14275820508
331.737,74061.62731500126,71130.09557714041
331.855,74088.51313217357,71155.02606215473
331.967,74112.4659511089,71178.97888109006
332.08,74137.39643612322,71201.9540339464
332.192,74161.34925505855,71225.90685288173
332.305,74186.27974007287,71248.88200573807
332.417,74210.2325590082,71271.8571585944
332.532,74234.18537794352,71295.80997752973
332.645,74261.07119511583,71319.76279646505
332.758,74285.02401405116,71343.71561540038
332.87,74310.93216514448,71366.69076825671
332.983,74336.8403162378,71390.64358719204
333.098,74360.79313517312,71415.57407220636
333.211,74385.72362018745,71439.5268911417
333.323,74409.67643912278,71462.50204399803
333.436,74432.65159197911,71486.45486293336
333.551,74460.5150752304,71511.38534794768
333.664,74485.44556024473,71535.33816688301
333.777,74509.39837918006,71559.29098581833
333.89,74534.32886419438,71583.24380475366
334.002,74557.30401705072,71606.21895760999
334.115,74582.23450206504,71630.17177654532
334.227,74607.16498707938,71655.10226155964
334.34,74632.0954720937,71679.05508049497
334.452,74655.07062495004,71702.03023335131
334.567,74686.84477251732,71725.98305228664
334.68,74710.79759145263,71749.93587122197
334.793,74734.75041038796,71773.88869015728
334.904,74758.70322932329,71797.84150909261
335.016,74784.61138041661,71821.79432802794
335.124,74808.56419935194,71843.79181480528
335.263,74839.36068084021,71873.61063021458
335.375,74865.26883193353,71896.58578307091
335.488,74889.22165086886,71921.51626808524
335.603,74918.06280019916,71945.46908702057
335.716,74942.01561913449,71969.4219059559
335.829,74965.9684380698,71994.35239097022
335.942,74990.89892308414,72017.32754382656
336.054,75014.85174201945,72041.28036276189
336.167,75040.75989311277,72064.25551561822
336.279,75065.69037812711,72086.25300239556
336.392,75090.62086314143,72109.2281552519
336.504,75118.48434639272,72131.22564202924
336.621,75146.34782964403,72155.17846096457
336.734,75172.25598073735,72178.1536138209
336.847,75200.11946398864,72200.15110059825
336.959,75225.04994900296,72223.12625345458
337.072,75252.91343225427,72246.10140631092
337.184,75279.79924942658,72268.09889308826
337.297,75305.7074005199,72291.0740459446
337.409,75330.63788553422,72312.09386664296
337.522,75357.52370270653,72334.0913534203
337.637,75382.45418772085,72356.08884019764
337.75,75407.38467273518,72378.08632697498
337.862,75432.3151577495,72401.06147983132
337.975,75457.24564276382,72424.03663268765
338.087,75482.17612777815,72447.01178554399
338.2,75506.12894671348,72469.98693840033
338.315,75532.0370978068,72493.93975733565
338.428,75558.9229149791,72515.93724411301
338.54,75583.85339999343,72538.91239696935
338.655,75608.78388500775,72560.90988374669
338.768,75635.66970218006,72583.88503660302
338.881,75664.51085151036,72606.86018945936
338.993,75691.39666868268,72629.8353423157
339.106,75717.30481977599,72651.83282909304
339.218,75743.21297086931,72674.80798194937
339.33,75768.14345588363,72697.78313480571
339.442,75792.09627481896,72721.73595374104
339.557,75817.02675983329,72746.66643875536
339.672,75840.9795787686,72771.59692376968
339.785,75864.93239770393,72795.54974270501
339.897,75888.88521663926,72819.50256164034
340.012,75912.83803557459,72844.43304665467
340.126,75936.79085450992,72869.36353166899
340.239,75959.76600736626,72893.31635060432
340.351,75984.69649238058,72914.33617130267
340.464,76017.93713906634,72926.55699729008
340.576,76051.17778575211,72941.71082151447
340.691,76076.10827076643,72963.70830829183
340.804,76099.08342362277,72987.66112722714
340.917,76123.0362425581,73010.63628008348
341.029,76146.98906149343,73033.61143293981
341.142,76170.94188042874,73057.56425187514
341.254,76198.80536368005,73076.62874041552
341.367,76220.80285045739,73099.60389327185
341.479,76242.80033723473,73124.53437828617
341.592,76266.75315617006,73147.50953114251
341.711,76291.68364118438,73171.46235007783
341.824,76315.63646011971,73195.41516901315
341.937,76339.58927905504,73218.39032186949
342.049,76363.54209799037,73242.34314080482
342.161,76387.4949169257,73266.29595974015
342.273,76414.380734098,73287.3157804385
342.385,76446.15488166528,73303.44727074189
342.498,76469.13003452162,73328.37775575621
342.61,76498.94884993091,73348.41991037557
342.725,76523.87933494523,73373.35039538989
342.838,76547.83215388056,73397.30321432522
342.95,76571.78497281589,73420.27836718156
343.062,76595.7377917512,73443.25352003789
343.174,76627.51193931849,73458.40734426228
343.286,76658.30842080677,73474.53883456567
343.401,76680.30590758412,73499.46931957999
343.513,76701.32572828246,73526.3551367523
343.625,76725.2785472178,73552.26328784562
343.746,76764.3851903775,73566.43944599101
343.859,76784.42734499688,73598.21359355829
343.971,76819.62332384061,73615.32274994068
344.083,76846.50914101292,73635.36490456003
344.214,76873.39495818524,73662.25072173234
344.326,76898.32544319956,73685.22587458868
344.438,76923.25592821388,73708.20102744501
344.55,76947.20874714921,73730.19851422236
344.662,76972.13923216354,73753.17366707869
344.783,76998.04738325685,73777.12648601402
344.897,77023.95553435017,73800.10163887036
345.01,77045.95302112751,73826.00978996367
345.125,77062.08451143089,73859.25043664944
345.237,77084.08199820825,73885.15858774276
345.349,77100.21348851162,73915.95506923103
345.461,77123.18864136796,73941.86322032435
345.573,77139.32013167134,73973.63736789163
345.685,77157.40695413272,74003.45618330092
345.806,77172.5607783571,74039.62982822367
345.919,77186.73693650251,74072.87047490943
346.032,77199.93542856892,74106.1111215952
346.144,77218.99991710928,74137.88526916248
346.256,77245.88573428159,74161.8380880978
346.368,77271.79388537491,74183.83557487515
346.48,77298.67970254722,74207.78839381046
346.592,77325.56551971952,74229.78588058782
346.704,77352.45133689183,74253.73869952314
346.828,77382.27015230112,74278.66918453747
346.941,77411.11130163142,74301.64433739381
347.054,77437.01945272474,74324.61949025014
347.166,77463.90526989705,74347.59464310648
347.278,77490.79108706934,74369.59212988382
347.39,77517.67690424166,74391.58961666116
347.502,77543.58505533497,74413.5871034385
347.614,77569.49320642829,74436.56225629484
347.726,77596.3790236006,74458.55974307218
347.841,77626.19783900988,74481.53489592852
347.954,77655.03898834018,74503.53238270587
348.066,77680.9471394335,74526.50753556221
348.178,77706.85529052682,74548.50502233955
348.29,77732.76344162013,74569.5248430379
348.402,77758.67159271345,74590.54466373626
348.517,77784.57974380677,74612.5421505136
348.629,77811.46556097908,74632.58430513296
348.741,77837.3737120724,74654.5817919103
348.856,77862.30419708672,74677.55694476663
348.994,77893.10067857499,74704.44276193895
349.106,77919.00882966831,74727.41791479528
349.218,77944.91698076163,74749.41540157262
349.33,77971.80279793394,74770.43522227099
349.442,78006.0211106987,74785.58904649537
349.554,78036.81759218697,74799.76520464077
349.666,78072.01357103072,74811.98603062819
349.778,78106.23188379548,74823.2291905366
349.9,78144.3608608762,74838.383014761
350.013,78175.15734236449,74854.51450506438
350.125,78209.37565512925,74868.69066320978
350.24,78240.17213661753,74885.79981959217
350.352,78273.41278330328,74899.97597773756
350.464,78297.36560223861,74921.97346451491
350.576,78322.29608725292,74944.94861737125
350.688,78350.15957050424,74965.9684380696
350.8,78380.95605199251,74981.122262294
350.922,78411.7525334808,75004.09741515033
351.035,78449.88151056152,75020.22890545371
351.148,78483.12215724727,75035.38272967811
351.26,78506.0973101036,75058.35788253444
351.372,78529.07246295994,75081.33303539078
351.484,78554.00294797427,75103.33052216812
351.596,78577.9557669096,75123.37267678748
351.708,78613.15174575335,75134.6158366959
351.82,78648.3477245971,75142.43716532784
351.944,78682.56603736187,75154.65799131525
352.057,78714.34018492914,75173.72247985561
352.169,78739.27066994345,75196.69763271195
352.281,78764.20115495777,75219.67278556828
352.393,78787.17630781411,75242.64793842462
352.505,78811.12912674944,75265.62309128096
352.617,78836.05961176375,75288.59824413729
352.729,78860.01243069908,75311.57339699363
352.841,78885.9205817924,75334.54854984996
352.963,78911.8287328857,75359.47903486429
353.076,78937.736883979,75383.43185379962
353.189,78963.64503507232,75406.40700665595
353.301,78989.55318616562,75427.4268273543
353.413,79023.77149893038,75441.6029854997
353.525,79052.61264826068,75462.62280619807
353.649,79089.76395926242,75480.70962865943
353.761,79121.53810682968,75497.81878504182
353.873,79144.51325968602,75522.74927005614
353.99,79168.46607862135,75547.67975507047
354.103,79194.37422971467,75570.6549079268
354.215,79221.26004688698,75593.63006078314
354.327,79247.16819798028,75615.62754756048
354.439,79273.0763490736,75637.62503433783
354.551,79295.07383585094,75658.64485503618
354.663,79320.00432086525,75679.66467573454
354.775,79341.02414156361,75708.50582506483
354.887,79362.04396226196,75736.36930831613
355.002,79388.92977943429,75760.32212725146
355.115,79413.8602644486,75784.2749461868
355.227,79437.81308338392,75807.25009904313
355.341,79461.76590231925,75831.20291797844
355.453,79485.71872125458,75855.15573691377
355.565,79509.6715401899,75878.13088977011
355.677,79532.64669304623,75901.10604262644
355.789,79556.59951198156,75924.08119548278
355.901,79579.5746648379,75947.05634833912
356.016,79601.57215161524,75973.94216551143
356.129,79613.79297760267,76008.16047827619
356.241,79627.96913574806,76042.37879104094
356.353,79648.98895644642,76068.28694213425
356.465,79670.00877714477,76094.19509322756
356.577,79685.16260136917,76125.96924079485
356.689,79707.16008814651,76151.87739188816
356.801,79728.17990884486,76178.76320906047
356.913,79750.17739562222,76202.7160279958
357.03,79777.06321279453,76226.66884693113
357.143,79800.03836565086,76250.62166586645
357.256,79828.87951498116,76272.6191526438
357.369,79865.05315990391,76286.7953107892
357.482,79890.96131099721,76307.81513148756
357.596,79908.07046737958,76339.58927905484
357.709,79929.09028807795,76368.43042838514
357.822,79954.02077309226,76392.38324732045
357.935,79980.90659026458,76417.31373233479
358.052,80006.81474135788,76442.24421734911
358.165,80030.76756029321,76466.19703628443
358.278,80053.74271314955,76490.14985521976
358.416,80083.56152855884,76518.01333847106
358.529,80107.51434749416,76541.9661574064
358.642,80131.46716642949,76564.94131026273
358.757,80155.41998536482,76588.89412919804
358.87,80179.37280430015,76612.84694813337
358.983,80208.21395363045,76632.88910275273
359.105,80248.29826286915,76646.08759481914
359.218,80284.4719077919,76659.28608688555
359.331,80317.71255447765,76674.43991110995
359.444,80351.93086724242,76688.61606925534
359.557,80383.70501480969,76702.79222740074
359.67,80411.568498061,76723.8120480991
359.783,80436.4989830753,76748.74253311343
359.896,80460.45180201063,76772.69535204876
360.009,80484.40462094596,76795.6705049051
360.131,80511.29043811827,76820.60098991942
360.244,80535.2432570536,76844.55380885475
360.357,80560.17374206793,76867.52896171108
360.472,80584.12656100326,76890.50411456742
360.585,80608.07937993857,76913.47926742375
360.698,80633.0098649529,76936.45442028009
360.811,80655.98501780923,76959.42957313643
360.924,80679.93783674456,76981.42705991377
361.037,80702.9129896009,77003.42454669111
361.152,80727.8434746152,77027.37736562644
361.265,80751.79629355053,77050.35251848277
361.378,80774.77144640687,77073.32767133911
361.491,80799.7019314212,77094.34749203746
361.604,80823.65475035651,77117.3226448938
361.717,80848.58523537083,77139.32013167115
361.83,80871.56038822717,77162.29528452748
361.943,80896.49087324149,77185.27043738382
362.056,80920.4436921768,77208.24559024016
362.173,80947.32950934913,77230.2430770175
362.286,80971.28232828446,77254.19589595283
362.399,80996.21281329877,77277.17104880916
362.512,81023.09863047108,77300.1462016655
362.625,81049.98444764341,77325.07668667982
362.738,81074.91493265772,77348.05183953616
362.851,81100.82308375103,77371.0269923925
362.964,81125.75356876534,77394.00214524883
363.077,81148.72872162168,77417.95496418416
363.194,81174.636872715,77440.9301170405
363.307,81191.74602909737,77475.14842980524
363.42,81210.81051763774,77503.98957913554
363.533,81231.83033833609,77531.85306238684
363.646,81258.7161555084,77555.80588132217
363.759,81285.60197268073,77579.75870025749
363.872,81309.55479161606,77603.71151919282
363.987,81333.50761055137,77627.66433812815
364.1,81357.4604294867,77651.61715706348
364.222,81378.48025018506,77682.41363855175
364.335,81402.43306912038,77707.34412356607
364.448,81426.38588805571,77731.2969425014
364.561,81451.31637307003,77755.24976143673
364.674,81475.26919200536,77779.20258037206
364.787,81499.22201094068,77803.15539930739
364.9,81522.19716379701,77827.1082182427
365.013,81545.17231665335,77850.08337109904
365.126,81571.08046774667,77874.03619003437
365.248,81596.01095276097,77899.94434112769
365.361,81618.98610561731,77923.89716006302
365.474,81641.96125847365,77947.84997899835
365.587,81664.93641132998,77972.78046401267
365.702,81687.91156418632,77996.733282948
365.815,81711.86438312165,78020.68610188332
365.928,81735.81720205698,78044.63892081864
366.041,81758.79235491331,78068.59173975397
366.154,81781.76750776965,78092.5445586893
366.275,81806.69799278396,78117.47504370363
366.388,81830.65081171929,78142.40552871795
366.501,81855.58129673361,78166.35834765328
366.614,81878.55644958995,78189.33350050962
366.727,81902.50926852527,78213.28631944495
366.84,81925.48442138161,78236.26147230128
366.953,81949.43724031693,78260.21429123661
367.066,81972.41239317326,78284.16711017194
367.179,81996.36521210859,78308.11992910727
367.294,82019.34036496493,78332.0727480426
367.409,82043.29318390026,78355.04790089894
367.522,82065.2906706776,78380.95605199224
367.635,82079.466828823,78414.19669867799
367.748,82094.6206530474,78445.97084624527
367.886,82121.50647021971,78475.78966165455
367.999,82144.48162307605,78499.74248058988
368.112,82167.45677593238,78524.6729656042
368.225,82191.40959486771,78549.60345061851
368.34,82214.38474772405,78574.53393563283
368.453,82238.33756665936,78598.48675456816
368.566,82261.3127195157,78623.41723958247
368.679,82286.24320453002,78648.3477245968
368.792,82311.17368954435,78672.30054353212
368.905,82335.12650847966,78696.25336246744
369.018,82359.07932741499,78722.16151356076
369.133,82383.03214635032,78746.11433249609
369.246,82406.98496528565,78771.0448175104
369.361,82430.93778422098,78795.97530252472
369.474,82453.91293707732,78820.90578753903
369.587,82477.86575601263,78844.85860647436
369.7,82499.86324278999,78868.81142540969
369.813,82522.83839564632,78892.76424434502
369.926,82545.81354850266,78916.71706328033
370.039,82568.788701359,78939.69221613667
370.152,82591.76385421533,78963.645035072
370.265,82614.73900707166,78986.62018792833
370.38,82638.69182600698,79011.55067294266
370.493,82662.64464494231,79036.48115795697
370.606,82686.59746387764,79060.4339768923
370.719,82709.57261673397,79085.36446190662
370.834,82733.5254356693,79109.31728084195
370.947,82757.47825460463,79133.27009977726
371.06,82781.43107353995,79157.22291871259
371.173,82805.38389247528,79181.17573764792
371.286,82828.35904533161,79205.12855658325
371.401,82853.28953034594,79229.08137551857
371.514,82876.26468320227,79253.0341944539
371.627,82900.2175021376,79276.00934731023
371.74,82924.17032107292,79298.98450016657
371.853,82947.14547392925,79323.91498518089
371.966,82970.12062678559,79346.89013803723
372.079,82993.09577964192,79370.84295697256
372.192,83016.07093249826,79394.79577590787
372.305,83039.0460853546,79418.7485948432
372.42,83062.02123821093,79442.70141377853
372.535,83084.99639106727,79466.65423271386
372.657,83110.90454216058,79491.58471772817
372.77,83133.87969501692,79515.5375366635
372.883,83157.83251395225,79539.49035559883
372.996,83180.80766680859,79563.44317453416
373.109,83204.7604857439,79587.39599346949
373.222,83227.73563860024,79611.3488124048
373.335,83251.68845753557,79635.30163134013
373.45,83275.6412764709,79659.25445027546
373.563,83300.57176148522,79683.20726921079
373.676,83324.52458042053,79707.16008814612
373.789,83348.47739935586,79731.11290708143
373.902,83371.4525522122,79754.08805993777
374.015,83395.40537114753,79778.0408788731
374.128,83420.33585616184,79801.99369780843
374.243,83444.28867509717,79825.94651674376
374.356,83467.2638279535,79849.89933567907
374.471,83491.21664688883,79873.8521546144
374.584,83514.19179974517,79897.80497354973
374.697,83537.1669526015,79921.75779248506
374.815,83562.09743761583,79945.71061142039
374.928,83585.07259047216,79969.66343035571
375.041,83607.0700772495,79991.66091713306
375.154,83631.02289618483,80014.6360699894
375.267,83653.99804904117,80038.58888892471
375.38,83676.9732018975,80061.56404178105
375.495,83699.94835475384,80086.49452679537
375.608,83723.90117368917,80109.46967965171
375.721,83747.85399262448,80133.42249858704
375.834,83771.80681155981,80156.39765144337
375.949,83795.75963049514,80180.3504703787
376.062,83819.71244943047,80204.30328931402
376.175,83842.68760228681,80227.27844217035
376.288,83865.66275514314,80250.25359502669
376.401,83888.63790799948,80274.20641396202
376.516,83912.5907269348,80297.18156681836
376.629,83936.54354587012,80321.13438575368
376.742,83970.7618586349,80336.28820997808
376.855,84004.98017139966,80349.4867020445
376.968,84036.75431896692,80362.6851941109
377.081,84067.55080045521,80376.8613522563
377.194,84093.45895154851,80396.90350687566
377.307,84115.45643832585,80420.856325811
377.445,84144.29758765615,80449.69747514129
377.56,84168.25040659148,80473.65029407661
377.675,84192.20322552681,80495.64778085396
377.788,84215.17837838315,80517.6452676313
377.901,84238.15353123948,80538.66508832965
378.014,84260.15101801683,80559.68490902802
378.127,84282.14850479417,80580.70472972636
378.24,84306.1013237295,80603.6798825827
378.353,84329.07647658583,80625.67736936004
378.466,84353.02929552116,80648.65252221638
378.581,84376.98211445649,80671.62767507271
378.694,84400.93493339182,80694.60282792905
378.807,84424.88775232714,80717.57798078538
378.92,84447.86290518347,80740.55313364172
379.033,84471.8157241188,80763.52828649805
379.146,84495.76854305413,80787.48110543338
379.259,84519.72136198946,80810.45625828972
379.374,84543.67418092478,80834.40907722505
379.487,84569.5823320181,80856.40656400239
379.609,84602.82297870384,80873.51572038476
379.722,84627.75346371817,80895.51320716212
379.835,84651.7062826535,80919.46602609743
379.948,84674.68143550983,80942.44117895377
380.061,84698.63425444515,80965.4163318101
380.174,84722.58707338048,80988.39148466644
380.287,84745.56222623681,81011.36663752278
380.4,84770.49271125114,81033.36412430013
380.513,84793.46786410747,81056.33927715647
380.635,84819.37601520077,81080.29209609178
380.748,84842.35116805711,81101.31191679015
380.861,84865.32632091345,81123.30940356749
380.974,84889.27913984878,81146.28455642382
381.089,84913.2319587841,81169.25970928016
381.202,84936.20711164044,81192.2348621365
381.315,84960.15993057577,81215.21001499283
381.428,84983.1350834321,81238.18516784917
381.541,85007.08790236742,81261.1603207055
381.656,85031.04072130275,81284.13547356184
381.769,85054.99354023808,81307.11062641817
381.882,85078.94635917341,81329.10811319551
381.994,85101.92151202974,81351.10559997287
382.116,85127.82966312305,81376.03608498718
382.229,85150.80481597938,81399.01123784352
382.342,85174.75763491471,81421.98639069985
382.455,85198.71045385004,81443.98387747719
382.568,85222.66327278537,81466.95903033353
382.683,85246.61609172069,81489.93418318986
382.799,85271.54657673501,81512.9093360462
382.912,85295.49939567034,81536.86215498153
383.025,85318.47454852668,81559.83730783786
383.137,85342.42736746199,81581.8347946152
383.25,85366.38018639732,81604.80994747154
383.364,85390.33300533265,81627.78510032788
383.477,85414.28582426798,81649.78258710523
383.589,85438.23864320331,81672.75773996157
383.711,85456.32546566467,81707.95371880532
383.824,85479.30061852101,81733.86186989862
383.937,85502.27577137735,81757.81468883395
384.049,85525.25092423368,81780.78984169029
384.162,85548.22607709002,81804.74266062562
384.274,85571.20122994635,81827.71781348196
384.387,85595.15404888167,81851.67063241728
384.502,85619.106867817,81875.6234513526
384.615,85643.05968675233,81898.59860420894
384.737,85668.96783784563,81921.57375706527
384.85,85693.89832285995,81942.59357776363
384.963,85718.82880787426,81964.59106454097
385.076,85741.8039607306,81987.56621739731
385.188,85765.75677966593,82010.54137025365
385.301,85788.73193252226,82033.51652310998
385.413,85812.6847514576,82057.46934204531
385.526,85835.65990431393,82081.42216098064
385.638,85858.63505717026,82104.39731383698
385.753,85882.5878761056,82129.32779885129
385.866,85905.56302896193,82152.30295170762
385.979,85929.51584789726,82176.25577064295
386.091,85952.4910007536,82199.23092349929
386.206,85975.46615360993,82223.18374243462
386.318,85998.44130646627,82248.11422744892
386.431,86021.4164593226,82272.06704638425
386.543,86043.41394609994,82295.04219924059
386.656,86066.38909895628,82318.99501817592
386.771,86090.34191789161,82342.94783711125
386.952,86126.51556281435,82381.07681419197
387.065,86149.49071567069,82405.0296331273
387.178,86172.46586852703,82428.98245206263
387.291,86195.44102138336,82452.93527099796
387.404,86217.4385081607,82476.88808993329
387.517,86240.41366101704,82499.86324278962
387.63,86262.41114779438,82523.81606172494
387.746,86286.36396672971,82546.79121458127
387.901,86317.16044821798,82578.56536214855
388.016,86341.11326715331,82602.51818108387
388.129,86364.08842000965,82626.4710000192
388.242,86388.04123894498,82650.42381895453
388.355,86411.01639180131,82673.39897181086
388.468,86433.99154465765,82697.3517907462
388.581,86456.96669751398,82721.30460968152
388.694,86479.94185037032,82744.27976253786
388.832,86507.80533362163,82773.12091186814
388.947,86530.78048647796,82799.02906296146
389.062,86553.7556393343,82822.98188189679
389.177,86577.70845826963,82846.9347008321
389.293,86601.66127720496,82871.86518584643
389.407,86624.63643006129,82895.81800478176
389.523,86648.58924899662,82919.77082371709
389.64,86672.54206793194,82944.7013087314
389.761,86702.36088334123,82967.67646158773
389.888,86745.37819081693,82978.91962149617
390.007,86781.55183573968,82991.14044748359
390.126,86816.74781458343,83004.33893955
390.243,86851.94379342718,83017.53743161641
390.362,86880.78494275748,83037.57958623576
390.481,86905.71542777181,83062.51007125009
390.598,86930.64591278612,83086.46289018542
390.717,86955.57639780044,83110.41570912075
390.836,86981.48454889374,83134.36852805606
390.963,87008.37036606605,83159.29901307038
391.082,87034.27851715937,83183.25183200571
391.201,87059.20900217368,83207.20465094103
391.318,87084.139487188,83231.15746987636
391.437,87109.06997220231,83255.11028881169
391.559,87139.8664536906,83274.17477735206
391.678,87174.08476645536,83289.32860157645
391.802,87200.97058362768,83314.25908659077
391.924,87225.901068642,83339.1895716051
392.057,87255.71988405129,83365.0977226984
392.174,87287.49403161855,83381.22921300177
392.298,87314.37984879088,83406.1596980161
392.417,87338.3326677262,83430.11251695143
392.534,87362.28548666152,83454.06533588674
392.653,87387.21597167585,83478.01815482207
392.772,87411.16879061116,83500.01564159941
392.889,87435.12160954649,83522.99079445575
393.01,87459.07442848182,83546.94361339108
393.13,87484.98257957512,83570.89643232641
393.247,87509.91306458945,83594.84925126174
393.366,87534.84354960377,83618.80207019707
393.488,87559.77403461808,83642.75488913238
393.607,87584.7045196324,83664.75237590974
393.724,87610.6126707257,83689.68286092405
393.843,87635.54315574003,83714.61334593837
393.965,87660.47364075434,83739.54383095268
394.083,87685.40412576866,83762.51898380902
394.202,87709.35694470399,83786.47180274435
394.321,87734.2874297183,83810.42462167967
394.438,87758.24024865363,83833.39977453601
394.571,87785.12606582594,83859.30792562931
394.69,87811.03421691926,83883.26074456464
394.807,87834.98703585457,83907.21356349997
394.926,87860.89518694789,83931.1663824353
395.047,87885.8256719622,83956.09686744961
395.165,87910.75615697652,83980.04968638494
395.287,87935.68664199085,84004.00250532027
395.406,87960.61712700516,84028.93299033458
395.525,87984.56994594049,84051.90814319091
395.642,88008.52276487582,84074.88329604725
395.761,88033.45324989012,84097.85844890359
395.88,88058.38373490445,84119.85593568094
395.997,88082.33655383978,84140.87575637929
396.118,88109.22237101209,84164.82857531462
396.238,88135.13052210539,84187.80372817095
396.355,88159.08334104072,84210.77888102729
396.474,88184.01382605504,84234.73169996262
396.593,88208.94431106935,84257.70685281896
396.71,88233.87479608368,84281.65967175429
396.846,88261.73827933498,84309.52315500559
396.971,88286.6687643493,84334.4536400199
397.105,88314.53224760061,84362.3171232712
397.223,88338.48506653593,84387.24760828553
397.342,88362.43788547126,84412.17809329984
397.461,88386.39070440659,84436.13091223517
397.578,88410.34352334191,84460.0837311705
397.697,88435.27400835622,84485.01421618482
397.816,88459.22682729155,84509.94470119913
397.933,88483.17964622688,84533.89752013446
398.052,88507.13246516221,84557.85033906979
398.174,88532.06295017652,84582.7808240841
398.292,88556.01576911185,84606.73364301943
398.411,88579.96858804718,84630.68646195476
398.53,88603.92140698251,84655.61694696908
398.647,88627.87422591784,84679.5697659044
398.766,88650.84937877418,84703.52258483972
398.888,88673.82453163051,84728.45306985405
399.008,88697.77735056583,84752.40588878936
399.128,88721.73016950116,84776.35870772469
399.247,88745.68298843649,84801.28919273902
399.366,88769.63580737181,84826.21967775332
399.483,88793.58862630714,84850.17249668865
399.615,88819.49677740045,84876.08064778197
399.735,88843.44959633578,84900.03346671729
399.852,88868.38008135009,84923.98628565262
399.971,88893.31056636441,84948.91677066694
400.09,88918.24105137872,84973.84725568125
400.21,88942.19387031405,84998.77774069557
400.329,88967.12435532837,85023.70822570988
400.449,88991.0771742637,85048.6387107242
400.566,89015.02999319902,85073.56919573853
400.688,89039.96047821334,85098.49968075284
400.807,89063.91329714867,85123.43016576716
400.926,89087.86611608398,85149.33831686046
401.043,89110.84126894032,85173.2911357958
401.165,89135.77175395464,85199.1992868891
401.285,89165.59056936394,85218.26377542947
401.402,89194.43171869424,85238.30593004884
401.521,89219.36220370854,85262.25874898417
401.64,89244.29268872287,85287.18923399848
401.759,89268.2455076582,85311.1420529338
401.895,89297.0866569885,85339.00553618511
402.02,89322.9948080818,85363.93602119944
402.151,89350.8582913331,85389.84417229274
402.272,89376.76644242641,85413.79699122807
402.392,89401.69692744073,85437.7498101634
402.515,89427.60507853403,85461.70262909871
402.632,89451.55789746936,85484.67778195505
402.751,89476.48838248369,85509.60826696937
402.871,89501.418867498,85533.5610859047
402.988,89525.37168643333,85556.53623876104
403.107,89548.34683928966,85579.51139161737
403.23,89573.27732430398,85603.4642105527
403.348,89597.2301432393,85627.41702948802
403.466,89622.16062825362,85650.39218234435
403.572,89644.15811503096,85672.38966912171
403.684,89667.1332678873,85695.36482197804
403.796,89690.10842074364,85718.33997483438
403.908,89714.06123967897,85741.31512769072
404.02,89738.0140586143,85763.31261446806
404.132,89760.98921147063,85786.2877673244
404.25,89785.91969648494,85809.26292018073
404.363,89808.89484934128,85831.26040695807
404.475,89831.87000219761,85853.25789373541
404.587,89854.84515505395,85876.23304659175
404.699,89877.82030791028,85898.2305333691
404.811,89901.77312684561,85920.22802014645
404.923,89924.74827970195,85942.22550692379
405.035,89947.72343255828,85963.24532762213
405.147,89970.69858541462,85985.24281439949
405.262,89994.65140434995,86008.21796725583
405.375,90018.60422328528,86031.19312011216
405.488,90041.57937614161,86054.1682729685
405.6,90064.55452899795,86076.16575974584
405.712,90087.52968185428,86099.14091260218
405.824,90109.52716863163,86120.16073330052
405.939,90131.52465540897,86143.13588615686
406.051,90153.52214218631,86164.15570685522
406.163,90175.51962896367,86187.13085971156
406.278,90199.472447899,86210.10601256789
406.391,90223.42526683431,86234.05883150322
406.503,90246.40041969065,86256.05631828056
406.625,90271.33090470497,86280.98680329487
406.737,90294.3060575613,86303.96195615121
406.849,90317.28121041764,86326.93710900754
406.961,90340.25636327398,86349.91226186388
407.073,90363.23151613031,86371.90974864124
407.185,90386.20666898665,86394.88490149757
407.3,90410.15948792198,86418.83772043289
407.413,90434.11230685729,86441.81287328922
407.526,90457.08745971364,86464.78802614556
407.641,90481.04027864896,86487.7631790019
407.753,90504.0154315053,86509.76066577925
407.865,90526.99058436163,86531.75815255659
407.977,90548.98807113899,86554.73330541293
408.089,90571.96322399532,86576.73079219027
408.201,90594.93837685166,86599.7059450466
408.316,90618.89119578697,86622.68109790294
408.429,90641.8663486433,86645.65625075928
408.541,90664.84150149964,86667.65373753662
408.653,90687.81665435598,86689.65122431397
408.765,90709.81414113333,86711.64871109131
408.877,90732.78929398967,86733.64619786866
408.989,90754.78678076701,86755.643684646
409.101,90777.76193362335,86777.64117142334
409.213,90801.71475255868,86800.61632427968
409.33,90825.66757149399,86823.59147713601
409.443,90848.64272435033,86846.56662999235
409.555,90871.61787720666,86868.5641167697
409.667,90894.593030063,86890.56160354704
409.779,90916.59051684036,86912.55909032439
409.891,90938.5880036177,86934.55657710173
410.003,90961.56315647403,86957.53172995806
410.115,90984.53830933037,86980.5068828144
410.229,91008.4911282657,87002.50436959176
410.344,91031.46628112203,87025.47952244809
410.457,91055.41910005735,87047.47700922543
410.569,91078.39425291368,87069.47449600277
410.681,91100.39173969104,87091.47198278012
410.793,91125.32222470535,87111.51413739948
410.905,91152.20804187767,87127.64562770286
411.045,91193.27001719539,87144.75478408523
411.174,91231.39899427611,87159.90860830963
411.286,91263.17314184339,87173.10710037604
411.408,91297.39145460815,87188.26092460043
411.521,91328.18793609642,87201.45941666684
411.633,91358.00675150572,87217.59090697023
411.745,91380.00423828306,87240.56605982657
411.857,91401.02405898142,87263.5412126829
411.969,91423.02154575876,87285.53869946024
412.081,91441.10836822013,87311.44685055355
412.193,91450.88502901005,87347.6204954763
412.305,91464.08352107646,87377.43931088559
412.427,91488.0363400118,87402.36979589991
412.54,91511.01149286813,87425.34494875625
412.652,91533.98664572446,87448.32010161258
412.767,91555.00646642281,87474.22825270589
412.88,91568.20495848922,87506.00240027315
412.993,91579.44811839765,87539.24304695892
413.106,91591.66894438508,87571.01719452618
413.219,91605.84510253047,87600.83600993548
413.332,91627.84258930782,87623.81116279181
413.447,91649.84007608517,87645.80864956915
413.56,91671.8375628625,87668.78380242549
413.673,91693.83504963985,87691.75895528182
413.786,91714.85487033821,87714.73410813816
413.899,91736.85235711555,87738.68692707349
414.012,91758.8498438929,87762.6397460088
414.125,91779.86966459126,87785.61489886514
414.238,91799.91181921061,87807.6123856425
414.351,91817.99864167198,87829.60987241984
414.468,91831.19713373839,87852.58502527617
414.581,91844.3956258048,87875.56017813251
414.694,91855.63878571324,87893.64700059388
414.807,91863.46011434517,87905.86782658129
414.92,91879.59160464855,87910.75615697626
415.033,91903.54442358388,87915.64448737123
415.146,91918.69824780828,87927.86531335865
415.259,91933.85207203266,87943.01913758305
415.372,91952.91656057304,87945.95213582001
415.487,91967.09271871844,87953.77346445197
415.6,91976.86937950837,87965.99429043938
415.713,91989.09020549578,87980.17044858479
415.826,91997.88920020672,87994.34660673018
415.941,92006.68819491766,88001.19026928314
416.054,92014.5095235496,88009.98926399407
416.167,92014.5095235496,88009.98926399407
416.299,92032.59634601096,88026.12075429746
416.414,92056.5491649463,88051.05123931177
416.528,92080.50198388162,88075.0040582471
416.642,92105.43246889593,88098.95687718243
416.756,92129.38528783126,88122.90969611776
416.87,92153.33810676659,88146.86251505307
416.984,92178.2685917809,88171.7930000674
417.097,92201.24374463724,88196.72348508172
417.21,92224.21889749357,88221.65397009603
417.325,92250.12704858689,88247.56212118934
417.438,92274.0798675222,88273.47027228265
417.551,92298.03268645753,88298.40075729696
417.664,92318.0748410769,88326.26424054828
417.777,92330.29566706432,88362.43788547102
417.892,92345.44949128872,88397.63386431478
418.005,92368.42464414505,88423.54201540808
418.118,92391.39979700139,88447.49483434341
418.231,92408.50895338376,88477.3136497527
418.353,92423.66277760814,88514.46496075443
418.466,92445.66026438549,88539.39544576875
418.579,92469.61308332082,88563.34826470408
418.692,92493.56590225614,88588.27874971839
418.805,92516.54105511248,88612.23156865372
418.918,92540.49387404781,88636.18438758905
419.031,92557.60303043018,88666.00320299834
419.144,92572.75685465457,88697.77735056561
419.257,92595.7320075109,88722.70783557992
419.379,92620.66249252523,88748.61598667323
419.492,92644.61531146055,88773.54647168754
419.605,92667.59046431689,88797.49929062287
419.72,92690.56561717323,88821.4521095582
419.834,92713.54077002956,88846.38259457251
419.947,92742.38191935986,88867.40241527087
420.06,92774.15606692713,88885.48923773224
420.173,92798.10888586246,88908.46439058858
420.301,92824.99470303477,88935.35020776089
420.416,92848.9475219701,88959.30302669622
420.529,92872.90034090543,88983.25584563155
420.642,92896.85315984076,89006.23099848788
420.755,92921.78364485507,89027.25081918623
420.868,92955.02429154083,89040.44931125264
420.981,92981.91010871314,89058.536133714
421.094,93004.88526156948,89081.51128657034
421.207,93028.83808050481,89104.48643942668
421.322,93053.76856551912,89128.439258362
421.439,93077.72138445445,89151.41441121834
421.552,93102.65186946877,89174.38956407468
421.665,93126.60468840408,89196.38705085202
421.778,93150.55750733941,89217.40687155038
421.891,93174.51032627474,89239.40435832772
422.004,93198.46314521007,89262.37951118406
422.117,93222.4159641454,89284.3769979614
422.23,93247.34644915971,89307.35215081774
422.343,93271.29926809504,89330.32730367407
422.458,93295.25208703037,89354.2801226094
422.571,93319.2049059657,89377.25527546574
422.684,93343.15772490102,89400.23042832207
422.797,93366.13287775735,89423.20558117841
422.91,93389.10803061369,89445.20306795575
423.023,93413.06084954902,89468.17822081209
423.136,93437.01366848435,89491.15337366842
423.251,93460.96648741968,89514.12852652476
423.364,93483.94164027601,89537.10367938109
423.479,93507.89445921134,89559.10116615843
423.592,93530.86961206768,89581.09865293579
423.705,93554.82243100299,89604.07380579213
423.818,93578.77524993832,89627.04895864846
423.931,93602.72806887365,89650.0241115048
424.044,93626.68088780898,89672.02159828214
424.157,93650.6337067443,89694.99675113847
424.27,93674.58652567962,89717.97190399481
424.383,93697.56167853596,89739.96939077215
424.498,93721.51449747129,89762.94454362849
424.611,93744.48965032762,89784.94203040583
424.724,93766.48713710497,89807.91718326217
424.837,93789.4622899613,89829.9146700395
424.95,93812.43744281764,89852.88982289584
425.085,93840.30092606894,89879.77564006817
425.198,93866.20907716226,89901.77312684551
425.311,93900.42738992702,89916.92695106991
425.424,93934.64570269179,89930.12544313632
425.546,93969.84168153554,89944.30160128171
425.659,93995.74983262885,89963.36608982208
425.772,94005.52649341877,90008.33872945576
425.885,94045.61080265748,90028.38088407513
425.998,94092.53877444915,90029.35855015412
426.111,94135.55608192485,90029.35855015412
426.224,94178.57338940054,90029.35855015412
426.337,94220.61303079725,90029.35855015412
426.45,94256.78667572,90038.15754486505
426.565,94290.02732240576,90052.33370301046
426.678,94323.26796909151,90065.53219507687
426.793,94357.48628185628,90081.66368538025
426.906,94390.72692854203,90095.83984352565
427.019,94422.5010761093,90109.03833559206
427.132,94455.74172279506,90123.21449373747
427.245,94487.51587036233,90136.41298580388
427.358,94517.33468577162,90149.61147787029
427.471,94549.10883333889,90163.78763601568
427.586,94579.90531482716,90178.94146024008
427.699,94611.67946239444,90193.11761838548
427.812,94644.9201090802,90208.27144260987
427.925,94678.16075576596,90222.44760075527
428.038,94711.40140245171,90236.62375890068
428.151,94743.17555001898,90249.82225096709
428.264,94776.41619670474,90263.0207430335
428.377,94809.65684339049,90277.19690117889
428.49,94841.43099095776,90292.35072540329
428.607,94875.64930372253,90306.5268835487
428.72,94908.88995040828,90319.7253756151
428.833,94938.70876581757,90334.87919983949
428.946,94962.6615847529,90357.85435269582
429.059,94985.63673760924,90381.80717163115
429.172,95009.58955654455,90404.78232448749
429.285,95033.54237547988,90426.77981126483
429.398,95057.49519441521,90449.75496412117
429.511,95080.47034727155,90472.7301169775
429.633,95107.35616444386,90496.68293591283
429.746,95130.3313173002,90518.68042269017
429.89,95161.12779878848,90546.54390594148
430.003,95184.10295164482,90568.54139271883
430.116,95208.05577058015,90591.51654557517
430.229,95232.98625559446,90615.46936451049
430.344,95256.93907452979,90638.44451736682
430.457,95280.89189346512,90661.41967022316
430.57,95304.84471240045,90684.39482307949
430.685,95328.79753133576,90707.36997593583
430.798,95352.75035027109,90730.34512879216
430.911,95376.70316920642,90752.34261556952
431.024,95400.65598814175,90775.31776842586
431.137,95424.60880707708,90797.3152552032
431.25,95448.5616260124,90820.29040805953
431.363,95471.53677886873,90842.28789483687
431.476,95495.48959780406,90864.28538161422
431.589,95518.4647506604,90886.28286839157
431.704,95542.41756959572,90908.28035516891
431.817,95566.37038853105,90931.25550802525
431.93,95590.32320746638,90954.23066088159
432.043,95613.29836032272,90976.22814765893
432.158,95637.25117925803,90999.20330051526
432.271,95660.22633211437,91021.2007872926
432.384,95683.2014849707,91044.17594014894
432.497,95706.17663782704,91065.1957608473
432.61,95729.15179068338,91087.19324762464
432.725,95753.1046096187,91109.19073440199
432.838,95776.07976247504,91131.18822117933
432.951,95800.03258141037,91154.16337403566
433.064,95823.0077342667,91176.16086081302
433.177,95846.96055320204,91198.15834759036
433.29,95869.93570605837,91220.1558343677
433.403,95892.9108589147,91242.15332114504
433.516,95915.88601177104,91265.12847400138
433.629,95939.83883070637,91287.12596077872
433.744,95962.81398356271,91310.10111363507
433.859,95986.76680249802,91332.09860041241
433.972,96009.74195535436,91354.09608718976
434.085,96032.7171082107,91376.0935739671
434.198,96055.69226106703,91398.09106074444
434.311,96079.64508000236,91420.0885475218
434.424,96102.6202328587,91443.06370037813
434.537,96125.59538571503,91466.03885323447
434.659,96150.52587072935,91490.96933824877
434.774,96174.47868966468,91513.94449110511
434.887,96194.52084428404,91545.71863867238
435.0,96196.47617644203,91594.60194262204
435.113,96196.47617644203,91637.61925009775
435.226,96196.47617644203,91681.61422365243
435.339,96214.56299890339,91715.8325364172
435.452,96265.40163501103,91721.69853289115
435.565,96309.39660856572,91721.69853289115
435.68,96353.39158212041,91721.69853289115
435.802,96398.36422175409,91721.69853289115
435.915,96440.4038631508,91721.69853289115
436.028,96482.44350454751,91721.69853289115
436.141,96525.4608120232,91721.69853289115
436.253,96566.52278734092,91721.69853289115
436.366,96609.54009481662,91721.69853289115
436.478,96651.57973621333,91721.69853289115
436.591,96693.61937761004,91721.69853289115
436.703,96735.65901900675,91721.69853289115
436.818,96778.67632648244,91721.69853289115
436.931,96820.71596787915,91721.69853289115
437.044,96862.75560927586,91721.69853289115
437.156,96903.81758459358,91721.69853289115
437.269,96945.85722599029,91721.69853289115
437.381,96986.919201308,91721.69853289115
437.496,97028.95884270471,91721.69853289115
437.609,97070.02081802243,91721.69853289115
437.722,97111.08279334015,91721.69853289115
437.837,97152.14476865786,91721.69853289115
437.95,97193.20674397558,91721.69853289115
438.063,97234.26871929331,91721.69853289115
438.176,97275.33069461102,91721.69853289115
438.289,97317.37033600773,91721.69853289115
438.402,97359.40997740443,91721.69853289115
438.515,97398.51662056416,91724.63153112814
438.629,97429.31310205243,91737.83002319455
438.742,97461.0872496197,91751.02851526096
438.863,97496.28322846346,91766.18233948534
438.976,97527.07970995174,91781.33616370974
439.089,97550.05486280807,91804.31131656608
439.202,97573.03001566441,91828.2641355014
439.343,97602.8488310737,91857.1052848317
439.455,97626.80165000903,91879.10277160905
439.568,97651.73213502334,91900.1225923074
439.68,97674.70728787968,91922.12007908474
439.793,97699.637772894,91944.11756586209
439.915,97724.56825790831,91967.09271871843
440.028,97748.52107684364,91988.11253941678
440.141,97772.47389577897,92010.11002619412
440.254,97792.51605039834,92036.99584336644
440.366,97805.71454246475,92071.2141561312
440.479,97828.68969532108,92095.16697506653
440.591,97851.66484817742,92117.16446184387
440.704,97868.77400455979,92145.02794509518
440.816,97880.9948305472,92176.80209266244
440.938,97894.19332261362,92211.02040542722
441.053,97906.41414860103,92242.79455299448
441.166,97922.54563890441,92272.61336840378
441.278,97944.54312568177,92295.58852126011
441.391,97961.65228206414,92323.45200451142
441.503,97972.89544197256,92354.24848599969
441.616,97986.09393403897,92386.02263356697
441.728,98007.11375473734,92410.95311858128
441.841,98031.06657367265,92431.97293927964
441.963,98054.04172652899,92455.92575821496
442.076,98078.97221154331,92475.96791283433
442.189,98113.19052430807,92487.21107274276
442.302,98140.0763414804,92507.25322736212
442.414,98170.87282296867,92524.36238374449
442.527,98206.06880181242,92537.5608758109
442.639,98237.8429493797,92550.75936787731
442.752,98266.68409870999,92567.86852425968
442.867,98282.81558901338,92599.64267182696
442.984,98303.83540971173,92624.57315684127
443.097,98328.76589472605,92646.57064361862
443.21,98351.74104758239,92668.56813039597
443.322,98374.71620043872,92690.56561717331
443.435,98398.66901937405,92712.56310395066
443.547,98421.64417223039,92734.560590728
443.66,98443.64165900773,92758.51340966333
443.772,98457.81781715313,92789.30989115161
443.885,98470.03864314055,92821.08403871888
444.007,98485.19246736493,92857.25768364163
444.13,98499.36862551034,92892.45366248538
444.243,98512.56711757675,92924.22781005265
444.356,98525.76560964316,92956.00195761993
444.468,98543.85243210453,92984.84310695021
444.583,98569.76058319783,93005.86292764857
444.695,98590.78040389619,93026.88274834692
444.808,98612.77789067353,93049.85790120326
444.92,98635.75304352987,93072.83305405959
445.042,98660.68352854419,93097.76353907392
445.155,98684.6363474795,93122.69402408822
445.268,98709.56683249383,93145.66917694456
445.38,98732.54198535017,93169.62199587989
445.493,98755.5171382065,93192.59714873623
445.605,98777.51462498384,93215.57230159256
445.718,98800.48977784018,93238.5474544489
445.83,98825.4202628545,93261.52260730523
445.943,98847.41774963184,93284.49776016157
446.058,98874.30356680416,93305.51758085993
446.171,98910.4772117269,93318.71607292634
446.283,98932.47469850424,93343.64655794065
446.398,98959.36051567657,93364.66637863901
446.51,98992.60116236232,93379.8202028634
446.623,99017.53164737664,93403.77302179873
446.735,99048.32812886492,93418.92684602313
446.847,99073.25861387924,93440.92433280047
446.959,99107.476926644,93454.12282486688
447.086,99143.65057156674,93469.27664909126
447.199,99175.42471913403,93482.47514115767
447.312,99206.2212006223,93498.60663146107
447.424,99233.10701779461,93519.62645215941
447.537,99266.34766448037,93532.82494422582
447.649,99283.45682086275,93564.59909179309
447.762,99300.56597724512,93592.4625750444
447.874,99322.56346402246,93614.46006182175
447.987,99345.5386168788,93636.4575485991
448.111,99370.46910189312,93660.41036753442
448.224,99393.44425474945,93682.40785431176
448.337,99416.41940760579,93704.4053410891
448.45,99440.37222654112,93726.40282786645
448.562,99462.36971331846,93747.42264856481
448.675,99486.32253225379,93770.39780142115
448.787,99510.2753511891,93792.39528819849
448.925,99539.1165005194,93819.2811053708
449.037,99563.06931945473,93841.27859214816
449.152,99586.04447231107,93863.2760789255
449.265,99609.9972912464,93885.27356570284
449.378,99629.06177978677,93913.13704895414
449.49,99643.23793793218,93944.91119652141
449.603,99655.4587639196,93976.68534408869
449.715,99669.63492206499,94006.50415949797
449.828,99693.58774100032,94029.4793123543
449.943,99717.54055993565,94052.45446521064
450.056,99741.49337887097,94075.42961806698
450.171,99763.49086564832,94098.40477092331
450.284,99785.48835242566,94120.40225770067
450.396,99807.48583920301,94141.42207839902
450.508,99829.48332598036,94162.44189909736
450.62,99850.5031466787,94184.43938587472
450.732,99872.50063345605,94207.41453873106
450.844,99894.4981202334,94231.36735766637
450.956,99916.49560701074,94255.3201766017
451.068,99938.49309378809,94278.29532945804
451.183,99960.49058056543,94301.27048231437
451.296,99982.48806734278,94324.24563517071
451.409,100004.48555412013,94347.22078802704
451.521,100025.50537481847,94370.19594088338
451.636,100046.52519551684,94393.17109373971
451.748,100068.52268229418,94415.16858051707
451.861,100091.49783515051,94437.16606729441
451.973,100114.47298800685,94460.14122015075
452.086,100136.47047478419,94482.13870692809
452.201,100160.42329371952,94506.09152586342
452.314,100183.39844657585,94530.04434479875
452.426,100206.37359943219,94553.01949765508
452.539,100230.32641836752,94576.9723165904
452.651,100252.32390514486,94599.94746944674
452.764,100273.34372584321,94622.92262230307
452.876,100294.36354654157,94644.92010908043
452.989,100315.38336723992,94667.89526193676
453.101,100336.40318793828,94689.8927487141
453.216,100359.37834079462,94712.86790157044
453.329,100379.42049541397,94734.86538834778
453.444,100401.41798219133,94756.86287512512
453.566,100428.30379936364,94779.83802798146
453.678,100450.30128614098,94801.83551475882
453.79,100473.27643899732,94823.83300153616
453.902,100496.25159185365,94846.8081543925
454.014,100519.22674470999,94869.78330724883
454.126,100541.22423148733,94892.75846010516
454.241,100563.22171826469,94915.7336129615
454.354,100586.19687112102,94938.70876581784
454.466,100608.19435789836,94961.68391867417
454.578,100631.1695107547,94984.6590715305
454.69,100664.41015744045,94998.83522967591
454.802,100698.62847020522,95008.61189046584
454.914,100732.84678296998,95016.43321909777
455.026,100766.08742965573,95023.27688165073
455.141,100800.3057424205,95031.09821028267
455.263,100836.47938734325,95043.31903627008
455.376,100870.69770010801,95054.56219617852
455.489,100903.93834679377,95065.80535608694
455.603,100938.15665955853,95078.02618207436
455.715,100969.9308071258,95090.2470080618
455.827,101001.70495469308,95103.4455001282
455.939,101032.50143618135,95116.64399219461
456.051,101063.29791766964,95129.84248426101
456.163,101091.16140092094,95144.99630848541
456.285,101115.11421985626,95170.90445957871
456.398,101136.13404055462,95193.87961243505
456.511,101158.13152733196,95214.89943313341
456.623,101181.1066801883,95236.89691991075
456.735,101205.05949912363,95255.96140845113
456.847,101234.87831453292,95271.11523267551
456.962,101258.83113346824,95293.11271945287
457.074,101281.80628632457,95315.11020623021
457.186,101303.80377310193,95336.13002692856
457.301,101327.75659203724,95358.12751370591
457.414,101350.73174489358,95380.12500048325
457.526,101373.70689774991,95402.1224872606
457.638,101398.63738276424,95421.18697580097
457.75,101425.52319993655,95440.25146434135
457.863,101448.49835279289,95461.2712850397
457.975,101470.49583957024,95483.26877181703
458.087,101493.47099242658,95505.26625859439
458.199,101516.44614528291,95527.26374537173
458.34,101545.28729461321,95554.14956254404
458.453,101568.26244746955,95576.14704932139
458.565,101591.23760032588,95597.16687001975
458.68,101614.21275318222,95619.16435679709
458.792,101636.21023995956,95641.16184357443
458.904,101658.2077267369,95662.1816642728
459.016,101681.18287959324,95684.17915105014
459.128,101703.18036637058,95705.19897174848
459.24,101726.15551922692,95726.21879244685
459.355,101750.10833816224,95747.2386131452
459.468,101773.08349101858,95769.23609992255
459.58,101796.05864387492,95790.2559206209
459.692,101819.03379673125,95811.27574131924
459.804,101842.00894958759,95833.2732280966
459.916,101865.96176852292,95854.29304879495
460.028,101888.93692137925,95876.29053557229
460.14,101911.91207423559,95897.31035627065
460.252,101934.88722709192,95918.330176969
460.367,101957.86237994826,95940.32766374634
460.482,101981.81519888359,95962.3251505237
460.594,102004.79035173992,95983.34497122205
460.706,102026.78783851727,96005.34245799939
460.818,102049.7629913736,96026.36227869775
460.93,102071.76047815094,96047.3820993961
461.042,102094.73563100728,96069.37958617344
461.154,102116.73311778462,96091.3770729508
461.266,102139.70827064096,96112.39689364914
461.381,102162.68342349729,96134.39438042649
461.494,102184.68091027465,96156.39186720383
461.606,102207.65606313098,96178.38935398118
461.718,102229.65354990833,96200.38684075853
461.83,102252.62870276466,96221.40666145687
461.942,102275.603855621,96243.40414823423
462.054,102297.60134239834,96264.42396893258
462.169,102321.55416133367,96285.44378963092
462.281,102343.55164811101,96306.46361032929
462.396,102366.52680096735,96328.46109710663
462.509,102389.50195382368,96350.45858388397
462.621,102411.49944060102,96372.45607066133
462.733,102433.49692737838,96394.45355743867
462.845,102456.47208023471,96416.45104421601
462.957,102478.46956701206,96438.44853099335
463.079,102503.40005202637,96462.40134992868
463.191,102526.3752048827,96483.42117062703
463.303,102548.37269166006,96504.44099132539
463.418,102571.3478445164,96526.43847810273
463.531,102593.34533129373,96548.43596488007
463.643,102614.36515199208,96569.45578557844
463.755,102636.36263876942,96591.45327235578
463.867,102658.36012554678,96613.45075913312
463.982,102680.35761232412,96635.44824591046
464.096,102702.35509910146,96656.46806660882
464.208,102724.3525858788,96677.48788730717
464.32,102747.32773873514,96699.48537408453
464.435,102770.30289159148,96721.48286086187
464.548,102793.27804444781,96742.50268156022
464.66,102816.25319730415,96764.50016833756
464.772,102838.2506840815,96785.51998903592
464.884,102860.24817085885,96806.53980973427
464.996,102883.22332371518,96827.55963043263
465.108,102905.22081049252,96850.53478328897
465.22,102927.21829726986,96872.53227006631
465.332,102949.21578404722,96893.55209076466
465.447,102972.19093690356,96916.52724362099
465.56,102995.16608975989,96938.52473039835
465.674,103018.14124261623,96961.49988325468
465.786,103041.11639547256,96983.49737003203
465.898,103063.1138822499,97006.47252288836
466.01,103085.11136902725,97028.4700096657
466.122,103107.10885580459,97049.48983036407
466.234,103129.10634258193,97071.48731714141
466.346,103151.10382935929,97092.50713783976
466.461,103174.07898221562,97116.45995677508
466.574,103197.05413507196,97137.47977747343
466.686,103220.0292879283,97159.47726425079
466.798,103242.02677470564,97179.51941887014
466.91,103265.00192756197,97202.49457172648
467.022,103286.99941433931,97223.51439242484
467.134,103309.97456719565,97245.51187920218
467.246,103331.97205397299,97266.53169990053
467.358,103354.94720682933,97288.52918667789
467.475,103377.92235968566,97311.50433953422
467.588,103400.897512542,97333.50182631156
467.729,103428.7609957933,97360.38764348387
467.883,103459.55747728159,97390.20645889317
467.995,103481.55496405893,97412.20394567051
468.107,103504.53011691527,97435.17909852685
468.219,103527.5052697716,97457.17658530419
468.331,103549.50275654894,97479.17407208154
468.446,103570.5225772473,97501.17155885888
468.559,103593.49773010364,97523.16904563623
468.671,103614.51755080199,97545.16653241357
468.801,103640.4257018953,97569.1193513489
468.913,103662.42318867265,97588.18383988927
469.025,103684.42067544999,97606.27066235064
469.137,103706.41816222733,97624.357484812
469.249,103729.39331508367,97641.46664119438
469.36,103751.39080186102,97657.59813149775
469.476,103775.34362079634,97677.64028611712
469.589,103799.29643973167,97696.7047746575
469.719,103827.15992298297,97719.67992751383
469.832,103851.1127419183,97739.72208213319
469.945,103875.06556085363,97759.76423675256
470.058,103899.99604586794,97778.82872529293
470.171,103924.92653088227,97798.87087991228
470.284,103949.85701589659,97818.91303453165
470.397,103974.7875009109,97838.95518915102
470.513,103999.71798592522,97859.97500984937
470.642,104028.55913525552,97882.9501627057
470.755,104053.48962026983,97902.99231732507
470.868,104065.71044625725,97946.00962480078
470.981,104065.71044625725,97989.02693227647
471.094,107724.62574688882,97989.02693227647
471.225,107765.68772220654,98005.15842257986
471.361,107789.64054114187,98026.1782432782
471.474,107810.66036184022,98045.24273181858
471.587,107832.65784861756,98063.32955427995
471.7,107854.65533539491,98083.3717088993
471.813,107877.63048825125,98102.43619743967
471.926,107899.62797502859,98121.50068598005
472.039,107921.62546180593,98141.54284059942
472.152,107952.42194329422,98153.76366658683
472.3,107997.3945829279,98162.56266129776
472.413,108032.59056177165,98168.42865777173
472.531,108068.7642066944,98174.29465424569
472.661,108109.82618201211,98180.16065071966
472.779,108146.97749301385,98184.07131503563
472.894,108182.1734718576,98188.9596454306
473.007,108219.32478285934,98194.82564190456
473.12,108256.47609386109,98200.69163837853
473.262,108300.47106741577,98208.51296701048
473.375,108336.64471233852,98213.40129740545
473.488,108371.84069118227,98219.26729387941
473.601,108408.99200218401,98224.15562427438
473.714,108443.21031494877,98230.02162074835
473.827,108479.38395987151,98235.88761722231
473.94,108513.60227263629,98241.75361369626
474.053,108548.79825148004,98245.66427801225
474.193,108589.86022679775,98249.57494232823
474.309,108624.07853956253,98254.4632727232
474.422,108659.27451840628,98258.37393703918
474.535,108695.44816332903,98262.28460135516
474.648,108731.62180825177,98266.19526567114
474.763,108767.79545317452,98272.0612621451
474.876,108802.01376593928,98276.94959254007
475.014,108845.03107341498,98283.79325509303
475.127,108881.20471833773,98288.681585488
475.24,108916.40069718148,98294.54758196196
475.356,108954.5296742622,98301.39124451492
475.469,108990.70331918495,98308.23490706786
475.582,109024.92163194972,98315.07856962082
475.695,109060.11761079347,98320.94456609478
475.808,109095.31358963723,98327.78822864774
475.956,109140.2862292709,98335.60955727968
476.069,109177.43754027264,98343.43088591161
476.182,109212.6335191164,98355.65171189905
476.295,109248.80716403914,98371.78320220242
476.41,109284.00314288291,98387.9146925058
476.523,109320.17678780566,98401.11318457221
476.638,109354.39510057041,98414.31167663862
476.751,109388.61341333517,98424.08833742855
476.891,109428.6977225739,98436.30916341598
477.004,109460.47187014116,98448.5299894034
477.117,109494.69018290592,98460.75081539081
477.23,109526.46433047319,98474.92697353622
477.343,109556.28314588248,98488.12546560263
477.465,109588.05729344975,98503.27928982701
477.578,109612.01011238508,98522.34377836739
477.691,109633.02993308344,98546.29659730272
477.829,109658.93808417674,98574.16008055402
477.942,109680.93557095408,98595.17990125237
478.055,109703.91072381042,98617.17738802973
478.168,109725.90821058776,98637.21954264908
478.281,109747.90569736512,98658.23936334744
478.396,109771.85851630043,98679.25918404579
478.518,109795.81133523576,98701.25667082313
478.657,109823.67481848707,98727.16482191645
478.77,109846.6499713434,98748.1846426148
478.883,109869.62512419974,98769.20446331316
478.996,109892.60027705607,98791.2019500905
479.109,109915.57542991241,98812.22177078885
479.222,109938.55058276874,98833.24159148721
479.335,109961.52573562508,98854.26141218556
479.448,109984.50088848142,98875.28123288392
479.59,110012.36437173274,98901.18938397722
479.703,110035.33952458907,98922.20920467557
479.816,110058.3146774454,98943.22902537393
479.929,110080.31216422275,98964.24884607228
480.042,110103.28731707908,98984.29100069165
480.155,110126.26246993542,99006.28848746899
480.27,110150.21528887075,99028.28597424633
480.383,110173.19044172709,99049.3057949447
480.522,110202.03159105737,99076.191612117
480.637,110225.0067439137,99098.18909889435
480.75,110247.98189677004,99120.1865856717
480.863,110269.9793835474,99142.18407244905
480.976,110292.95453640373,99163.2038931474
481.089,110315.92968926007,99185.20137992474
481.202,110338.9048421164,99207.19886670209
481.315,110361.87999497274,99229.19635347943
481.454,110390.72114430304,99256.08217065175
481.567,110413.69629715937,99278.07965742909
481.688,110438.62678217368,99301.05481028542
481.801,110461.60193503002,99323.05229706278
481.914,110484.57708788636,99346.02744991911
482.029,110507.55224074269,99369.00260277545
482.142,110532.48272575701,99391.00008955279
482.282,110560.34620900832,99418.8635728041
482.413,110586.25436010162,99444.7717238974
482.531,110609.22951295796,99466.76921067476
482.646,110633.18233189329,99489.74436353109
482.759,110656.15748474962,99511.74185030843
482.872,110679.13263760596,99533.73933708578
482.985,110701.1301243833,99555.73682386312
483.098,110724.10527723964,99578.71197671945
483.237,110751.96876049094,99605.59779389178
483.35,110773.9662472683,99627.59528066912
483.463,110796.94140012463,99649.59276744646
483.576,110818.93888690197,99671.5902542238
483.692,110841.91403975831,99693.58774100116
483.805,110864.88919261465,99715.5852277785
483.92,110887.86434547098,99738.56038063484
484.033,110910.83949832732,99759.58020133318
484.172,110937.72531549963,99786.46601850551
484.285,110960.70046835596,99808.46350528285
484.398,110982.69795513332,99830.4609920602
484.511,111004.69544191066,99852.45847883754
484.624,111027.670594767,99874.45596561488
484.74,111050.64574762333,99897.43111847121
484.853,111072.64323440068,99919.42860524857
484.966,111095.61838725701,99941.42609202591
485.095,111120.54887227133,99965.37891096124
485.208,111142.54635904868,99987.37639773858
485.321,111165.52151190501,100009.37388451592
485.434,111187.51899868235,100031.37137129327
485.547,111209.5164854597,100052.39119199163
485.662,111231.51397223704,100074.38867876897
485.778,111253.5114590144,100096.38616554631
485.891,111276.48661187073,100118.38365232365
486.004,111298.48409864807,100138.42580694302
486.117,111319.50391934642,100158.46796156239
486.23,111340.52374004478,100178.51011618174
486.343,111362.52122682212,100199.5299368801
486.456,111381.5857153625,100234.72591572386
486.569,111382.56338144149,100281.65388751552
486.682,111382.56338144149,100322.71586283324
486.804,111382.56338144149,100366.71083638792
486.917,111382.56338144149,100406.79514562665
487.03,111382.56338144149,100446.87945486535
487.143,111382.56338144149,100486.96376410406
487.265,111382.56338144149,100529.98107157975
487.378,111382.56338144149,100572.02071297646
487.491,115168.57527234215,100572.02071297646
487.621,115232.61240051621,100572.02071297646
487.734,115276.6073740709,100572.02071297646
487.847,115320.60234762558,100572.02071297646
487.96,115365.57498725927,100572.02071297646
488.073,115409.56996081395,100572.02071297646
488.186,115453.56493436865,100572.02071297646
488.299,115500.4929061603,100572.02071297646
488.412,115544.487879715,100572.02071297646
488.525,115579.68385855875,100579.84204160841
488.646,115614.8798374025,100591.08520151683
488.759,115644.6986528118,100600.86186230676
488.872,115675.49513430007,100613.08268829418
488.985,115705.31394970937,100626.28118036059
489.098,115736.11043119764,100638.50200634802
489.213,115766.90691268592,100652.67816449341
489.326,115801.12522545068,100664.89899048083
489.439,115836.32120429445,100676.14215038926
489.552,115867.11768578272,100690.31830853467
489.667,115895.95883511302,100706.44979883805
489.78,115916.97865581137,100729.42495169438
489.893,115937.99847650973,100754.3554367087
490.006,115959.01829720808,100776.35292348605
490.12,115981.01578398542,100797.3727441844
490.233,116003.99093684177,100817.41489880376
490.346,116025.98842361911,100837.45705342313
490.459,116048.96357647545,100858.47687412148
490.572,116071.93872933178,100879.49669481983
490.694,116096.8692143461,100902.47184767616
490.807,116120.82203328142,100923.49166837453
490.92,116143.79718613776,100945.48915515187
491.035,116167.75000507309,100967.48664192921
491.148,116190.72515792942,100988.50646262757
491.261,116213.70031078576,101009.52628332592
491.374,116236.6754636421,101030.54610402428
491.487,116259.65061649843,101052.54359080162
491.6,116281.64810327577,101073.56341149997
491.715,116305.6009222111,101094.58323219833
491.854,116333.46440546241,101120.49138329164
491.967,116356.43955831874,101141.51120399
492.08,116379.41471117508,101162.53102468835
492.193,116402.38986403141,101183.5508453867
492.306,116425.36501688775,101204.57066608506
492.419,116448.34016974409,101225.5904867834
492.532,116472.29298867942,101247.58797356075
492.645,116495.26814153575,101268.60779425911
492.762,116518.24329439209,101291.58294711544
492.875,116539.26311509043,101317.49109820875
492.988,116552.46160715685,101350.73174489451
493.101,116572.50376177621,101373.70689775085
493.213,116592.54591639558,101397.65971668618
493.326,116607.69974061997,101426.50086601646
493.438,116629.69722739731,101449.4760188728
493.551,116650.71704809567,101474.40650388712
493.663,116665.87087232005,101504.22531929641
493.778,116687.86835909741,101527.20047215275
493.891,116709.86584587475,101550.17562500908
494.004,116731.8633326521,101573.15077786542
494.116,116753.86081942944,101596.12593072176
494.229,116773.9029740488,101619.10108357809
494.341,116794.92279474715,101641.09857035543
494.454,116814.96494936652,101663.09605713277
494.569,116835.98477006487,101686.07120998911
494.682,116856.02692468424,101707.09103068747
494.797,116877.0467453826,101730.06618354381
494.91,116898.06656608095,101753.04133640014
495.023,116918.10872070031,101776.01648925648
495.136,116939.12854139866,101798.01397603382
495.249,116961.126028176,101820.98912889016
495.362,116983.12351495336,101842.9866156675
495.475,117005.1210017307,101865.96176852383
495.588,117027.11848850804,101888.93692138017
495.701,117049.11597528539,101911.9120742365
495.816,117071.11346206273,101934.88722709284
495.929,117093.11094884008,101957.86237994918
496.042,117114.13076953843,101980.83753280551
496.155,117136.12825631577,102002.83501958285
496.27,117158.12574309313,102025.81017243919
496.382,117179.14556379148,102048.78532529552
496.494,117200.16538448982,102070.78281207288
496.616,117223.14053734616,102094.7356310082
496.729,117245.13802412352,102116.73311778555
496.844,117267.13551090086,102139.70827064189
496.957,117289.1329976782,102162.68342349822
497.07,117310.15281837656,102183.70324419657
497.183,117331.17263907491,102204.72306489493
497.295,117353.17012585225,102225.74288559328
497.408,117374.18994655061,102246.76270629163
497.52,117394.23210116997,102267.78252698999
497.633,117417.2072540263,102288.80234768834
497.745,117438.22707472467,102309.8221683867
497.86,117459.24689542301,102331.81965516404
497.973,117482.22204827935,102352.83947586239
498.088,117504.21953505669,102374.83696263975
498.2,117525.23935575505,102396.83444941709
498.313,117547.2368425324,102417.85427011544
498.425,117569.23432930974,102440.82942297177
498.538,117592.20948216607,102463.80457582811
498.652,117615.18463502241,102486.77972868444
498.765,117637.18212179976,102508.77721546179
498.88,117659.1796085771,102531.75236831812
498.993,117681.17709535445,102553.74985509548
499.106,117703.17458213179,102575.74734187282
499.219,117725.17206890913,102598.72249472915
499.331,117747.16955568649,102620.7199815065
499.444,117768.18937638483,102642.71746828384
499.556,117790.18686316218,102664.7149550612
499.669,117811.20668386054,102686.71244183854
499.784,117834.18183671687,102708.70992861588
499.899,117855.20165741522,102731.68508147221
500.012,117876.22147811358,102752.70490217058
500.125,117898.21896489093,102774.70238894792
500.237,117919.23878558927,102795.72220964626
500.35,117940.25860628764,102817.7196964236
500.462,117962.25609306498,102838.73951712197
500.575,117983.27591376333,102860.73700389931
500.687,118005.27340054068,102881.75682459766
500.8,118027.27088731802,102903.75431137501
500.915,118049.26837409537,102925.75179815236
501.028,118071.2658608727,102947.7492849297
501.14,118093.26334765005,102968.76910562806
501.252,118114.28316834841,102990.7665924054
501.39,118141.16898552072,103016.6747434987
501.503,118162.18880621908,103038.67223027605
501.618,118185.16395907542,103060.6697170534
501.731,118207.16144585276,103082.66720383074
501.843,118228.18126655111,103103.68702452909
501.958,118251.15641940745,103126.66217738543
502.071,118272.17624010581,103148.65966416278
502.184,118294.17372688315,103169.67948486113
502.296,118315.1935475815,103191.67697163847
502.409,118337.19103435885,103212.69679233684
502.521,118358.2108550572,103234.69427911418
502.634,118379.23067575556,103255.71409981253
502.746,118400.25049645391,103276.73392051089
502.859,118421.27031715226,103297.75374120924
502.974,118443.26780392962,103318.7735619076
503.087,118465.26529070696,103339.79338260595
503.199,118486.2851114053,103361.79086938329
503.314,118509.26026426164,103383.78835616063
503.426,118530.28008496,103404.80817685899
503.538,118552.27757173734,103426.80566363633
503.65,118573.29739243569,103447.8254843347
503.763,118594.31721313405,103468.84530503304
503.875,118616.3146999114,103490.84279181038
503.99,118638.31218668874,103512.84027858773
504.103,118660.3096734661,103535.81543144406
504.216,118682.30716024344,103557.81291822142
504.328,118704.30464702078,103579.81040499876
504.441,118726.30213379812,103601.8078917761
504.553,118748.29962057546,103623.80537855344
504.666,118770.29710735282,103645.8028653308
504.778,118792.29459413016,103667.80035210814
504.891,118813.3144148285,103689.79783888548
505.006,118835.31190160586,103712.77299174182
505.121,118857.3093883832,103735.74814459815
505.233,118878.32920908155,103758.72329745449
505.346,118901.30436193789,103780.72078423183
505.458,118923.30184871523,103801.7406049302
505.571,118944.32166941359,103823.73809170754
505.683,118966.31915619093,103844.75791240588
505.796,118989.29430904727,103866.75539918324
505.908,119011.29179582461,103887.77521988159
506.033,119035.24461475994,103912.70570489591
506.188,119066.04109624823,103942.52452030519
506.301,119088.03858302557,103965.49967316152
506.413,119110.03606980291,103987.49715993888
506.526,119133.01122265925,104009.49464671622
506.638,119155.00870943659,104030.51446741457
506.751,119177.00619621394,104052.51195419191
506.866,119199.00368299129,104074.50944096927
506.999,119224.91183408459,104101.39525814158
507.112,119247.88698694092,104124.37041099792
507.226,119270.86213979726,104147.34556385425
507.338,119292.8596265746,104169.34305063159
507.451,119314.85711335196,104191.34053740893
507.563,119336.8546001293,104212.3603581073
507.676,119358.85208690664,104234.35784488464
507.788,119380.84957368398,104255.377665583
507.93,119407.73539085631,104283.2411488343
508.045,119430.71054371264,104305.23863561165
508.158,119452.70803048999,104328.21378846798
508.271,119474.70551726733,104350.21127524532
508.384,119496.70300404467,104371.23109594369
508.496,119518.70049082201,104393.22858272103
508.609,119540.69797759937,104415.22606949837
508.724,119563.6731304557,104438.2012223547
508.859,119590.55894762801,104464.10937344801
508.971,119612.55643440536,104487.08452630434
509.087,119635.53158726169,104510.05967916068
509.2,119658.50674011803,104533.03483201702
509.313,119681.48189297436,104555.03231879437
509.425,119703.4793797517,104577.02980557171
509.538,119725.47686652906,104600.00495842805
509.65,119747.4743533064,104622.00244520539
509.788,119774.36017047871,104649.8659284567
509.9,119796.35765725606,104671.86341523404
510.013,119818.35514403341,104693.8609020114
510.128,119840.35263081075,104716.83605486773
510.241,119862.3501175881,104738.83354164507
510.354,119886.30293652343,104761.80869450141
510.469,119908.30042330077,104784.78384735774
510.607,119935.1862404731,104811.66966453005
510.72,119957.18372725043,104833.6671513074
510.832,119980.15888010677,104855.66463808475
510.963,120007.04469727908,104881.57278917806
511.081,120031.9751822934,104904.54794203439
511.196,120055.92800122872,104928.50076096972
511.309,120078.90315408506,104950.49824774706
511.422,120102.85597302039,104973.4734006034
511.562,120130.71945627169,105001.3368838547
511.675,120152.71694304905,105023.33437063204
511.787,120176.66976198436,105045.3318574094
511.9,120197.68958268272,105065.37401202875
512.012,120227.50839809202,105085.41616664812
512.124,120262.70437693577,105095.19282743805
512.246,120297.90035577952,105109.36898558345
512.361,120329.67450334679,105122.56747764986
512.499,120366.82581434853,105140.65430011123
512.612,120391.75629936284,105159.71878865159
512.724,120410.82078790321,105183.67160758692
512.837,120427.92994428558,105208.60209260124
512.949,120436.72893899653,105243.798071445
513.061,120450.90509714192,105272.6392207753
513.173,120472.90258391928,105293.65904147364
513.294,120497.83306893359,105317.61186040897
513.433,120533.02904777734,105339.60934718631
513.546,120570.18035877908,105351.83017317374
513.658,120601.95450634634,105366.00633131913
513.771,120621.01899488672,105392.89214849146
513.883,120634.21748695313,105427.11046125622
513.995,120654.2596415725,105449.10794803356
514.107,120676.25712834984,105471.10543481092
514.254,120706.07594375913,105498.96891806222
514.367,120729.05109661547,105520.96640483956
514.48,120752.0262494718,105542.9638916169
514.592,120775.00140232814,105564.96137839425
514.704,120796.02122302649,105586.9588651716
514.816,120816.06337764586,105607.97868586995
514.928,120838.0608644232,105629.9761726473
515.04,120862.01368335853,105651.97365942464
515.178,120888.89950053084,105678.85947659696
515.293,120910.8969873082,105701.8346294533
515.406,120932.89447408554,105722.85445015164
515.518,120958.80262517884,105744.85193692899
515.63,120979.8224458772,105765.87175762735
515.742,121000.84226657555,105785.91391224672
515.857,121021.8620872739,105807.91139902406
515.972,121045.81490620923,105830.8865518804
516.112,121072.70072338155,105857.7723690527
516.23,121096.65354231687,105880.74752190904
516.345,121119.6286951732,105903.72267476538
516.458,121141.62618195056,105925.72016154272
516.571,121163.6236687279,105947.71764832007
516.683,121184.64348942625,105969.71513509742
516.795,121209.57397444057,105987.80195755878
516.907,121242.81462112632,106000.0227835462
517.047,121273.61110261461,106022.02027032354
517.159,121305.38525018188,106035.21876238995
517.271,121334.22639951218,106048.41725445636
517.393,121363.06754884247,106067.48174299674
517.506,121382.13203738285,106092.41222801105
517.619,121404.12952416019,106114.4097147884
517.731,121426.12701093753,106136.40720156574
517.871,121453.99049418884,106163.29301873806
517.983,121476.96564704517,106183.33517335742
518.095,121498.96313382253,106203.37732797679
518.207,121520.96062059987,106224.39714867514
518.319,121543.9357734562,106244.43930329451
518.437,121567.88859239154,106265.45912399286
518.55,121587.93074701089,106289.41194292819
518.663,121600.15157299831,106321.18609049545
518.802,121613.35006506472,106360.29273365517
518.914,121623.12672585464,106391.08921514345
519.026,121634.36988576308,106421.88569663173
519.138,121645.6130456715,106452.68217812001
519.25,121662.72220205388,106479.56799529232
519.362,121678.85369235727,106508.40914462262
519.483,121699.87351305562,106534.31729571593
519.598,121709.65017384554,106567.55794240169
519.739,121730.6699945439,106599.33208996896
519.851,121751.68981524225,106621.3295767463
519.963,121771.73196986162,106643.32706352365
520.075,121791.77412448097,106665.324550301
520.187,121811.81627910034,106687.32203707834
520.299,121835.76909803567,106707.3641916977
520.411,121865.58791344495,106721.5403498431
520.532,121889.54073238028,106743.53783662045
520.638,121911.53821915762,106762.60232516083
520.756,121942.33470064591,106776.77848330622
520.868,121968.24285173921,106793.88763968859
520.98,121989.26267243757,106815.88512646595
521.092,122011.26015921491,106837.88261324329
521.204,122045.47847197967,106851.0811053097
521.316,122093.38410985033,106852.05877138869
521.457,122146.17807811596,106852.05877138869
521.579,122193.10604990761,106852.05877138869
521.692,122237.10102346231,106852.05877138869
521.805,122280.11833093801,106852.05877138869
521.917,122326.06863665069,106852.05877138869
522.029,122367.1306119684,106852.05877138869
522.141,122412.10325160208,106852.05877138869
522.253,122458.05355731475,106852.05877138869
522.391,122514.26935685686,106852.05877138869
522.494,122553.37600001658,106854.01410354667
522.609,122595.41564141329,106856.94710178365
522.721,122639.41061496797,106856.94710178365
522.833,122675.58425989072,106864.76843041558
522.945,122718.60156736642,106866.72376257357
523.057,122760.64120876313,106866.72376257357
523.169,122803.65851623882,106866.72376257357
523.283,122846.67582371453,106866.72376257357
523.395,122889.69313119023,106866.72376257357
523.507,122933.68810474491,106866.72376257357
523.622,122978.66074437859,106866.72376257357
523.734,123015.81205538033,106874.54509120551
523.846,123055.89636461904,106879.43342160048
523.958,123085.71518002833,106893.60957974588
524.07,123128.73248750404,106895.56491190386
524.182,123172.72746105872,106895.56491190386
524.294,123215.74476853442,106895.56491190386
524.406,123259.7397420891,106895.56491190386
524.518,123303.7347156438,106895.56491190386
524.633,123349.68502135648,106895.56491190386
524.745,123392.70232883217,106895.56491190386
524.857,123435.71963630787,106895.56491190386
524.969,123477.75927770458,106895.56491190386
525.089,123520.77658518027,106899.47557621985
525.203,123551.57306666856,106914.62940044423
525.325,123598.50103846022,106916.58473260222
525.437,123643.4736780939,106916.58473260222
525.549,123686.4909855696,106916.58473260222
525.664,123732.44129128227,106916.58473260222
525.777,123778.39159699494,106916.58473260222
525.889,123823.36423662862,106916.58473260222
526.001,123867.3592101833,106916.58473260222
526.113,123910.37651765901,106916.58473260222
526.225,123956.32682337168,106916.58473260222
526.337,124002.27712908435,106916.58473260222
526.449,124047.24976871803,106916.58473260222
526.561,124093.2000744307,106916.58473260222
526.676,124139.15038014337,106916.58473260222
526.791,124186.07835193504,106917.56239868121
526.904,124229.09565941074,106920.49539691818
527.018,124267.22463649146,106933.69388898459
527.131,124310.24194396716,106948.84771320899
527.244,124349.34858712688,106964.00153743337
527.357,124385.52223204963,106980.13302773675
527.47,124421.69587697237,106998.21985019812
527.583,124452.49235846066,107021.19500305445
527.705,124479.37817563297,107048.08082022678
527.818,124500.39799633132,107072.0336391621
527.931,124511.64115623976,107103.80778672938
528.044,124523.86198222717,107134.60426821765
528.157,124535.1051421356,107166.37841578491
528.27,124546.34830204403,107197.1748972732
528.383,124557.59146195246,107228.94904484047
528.496,124573.72295225585,107256.81252809177
528.611,124597.67577119116,107278.81001486913
528.733,124631.89408395594,107297.87450340949
528.846,124672.95605927365,107307.65116419941
528.959,124688.10988349804,107339.4253117667
529.072,124708.1520381174,107364.355796781
529.185,124731.12719097374,107385.37561747937
529.298,124755.08000990907,107407.37310425671
529.411,124791.25365483182,107421.54926240211
529.524,124815.20647376715,107444.52441525845
529.637,124835.2486283865,107470.43256635175
529.753,124868.48927507226,107489.49705489213
529.866,124902.70758783702,107506.6062112745
529.979,124922.74974245639,107532.5143623678
530.105,124950.6132257077,107554.51184914516
530.223,124984.83153847246,107566.73267513257
530.336,125015.62801996074,107578.95350111999
530.451,125043.49150321205,107598.01798966037
530.564,125070.37732038436,107617.08247820074
530.677,125092.37480716172,107640.05763105708
530.8,125116.32762609703,107663.03278391341
530.913,125139.30277895337,107684.05260461176
531.026,125165.21093004668,107705.07242531012
531.139,125189.163748982,107726.09224600847
531.252,125213.11656791733,107748.08973278581
531.365,125239.02471901065,107769.10955348417
531.478,125261.99987186698,107791.10704026152
531.591,125286.93035688129,107812.12686095986
531.704,125311.86084189561,107834.12434773722
531.82,125334.83599475195,107856.12183451456
531.933,125358.78881368728,107877.14165521291
532.046,125382.7416326226,107899.13914199026
532.161,125408.64978371591,107921.1366287676
532.274,125434.55793480921,107942.15644946595
532.387,125457.53308766555,107964.1539362433
532.5,125480.50824052189,107985.17375694166
532.613,125506.41639161519,108007.171243719
532.726,125528.41387839254,108028.19106441735
532.842,125552.36669732786,108049.21088511571
532.955,125575.3418501842,108071.20837189305
533.068,125595.38400480356,108097.11652298637
533.181,125608.58249686997,108128.89067055364
533.294,125629.60231756834,108151.86582340997
533.407,125650.62213826668,108173.86331018731
533.52,125672.61962504403,108195.86079696465
533.633,125690.70644750539,108222.74661413698
533.746,125713.68160036173,108244.74410091432
533.862,125736.65675321806,108267.71925377066
533.977,125759.6319060744,108290.694406627
534.09,125781.62939285174,108313.66955948333
534.203,125805.58221178707,108335.66704626067
534.316,125828.5573646434,108358.642199117
534.429,125850.55485142075,108380.63968589435
534.542,125872.5523381981,108402.63717267169
534.655,125895.52749105444,108424.63465944905
534.777,125918.50264391078,108448.58747838436
534.893,125940.50013068812,108470.58496516172
535.006,125963.47528354445,108492.58245193906
535.119,125983.5174381638,108515.5576047954
535.232,126004.53725886217,108537.55509157274
535.345,126027.5124117185,108559.55257835008
535.458,126048.53223241685,108582.52773120641
535.572,126069.55205311521,108604.52521798377
535.687,126091.54953989256,108627.5003708401
535.8,126112.5693605909,108649.49785761745
535.916,126134.56684736826,108672.47301047378
536.029,126154.60900198761,108694.47049725112
536.142,126177.58415484395,108716.46798402847
536.255,126197.62630946332,108737.48780472683
536.368,126220.60146231965,108759.48529150417
536.481,126241.621283018,108781.48277828151
536.594,126262.64110371636,108803.48026505885
536.707,126284.6385904937,108826.45541791519
536.82,126307.61374335004,108849.43057077152
536.936,126328.6335640484,108872.40572362786
537.049,126350.63105082574,108894.40321040522
537.162,126371.65087152409,108916.40069718256
537.275,126392.67069222245,108938.3981839599
537.388,126414.6681789998,108960.39567073724
537.503,126435.68799969814,108982.3931575146
537.616,126456.7078203965,109004.39064429194
537.729,126477.72764109485,109026.38813106928
537.842,126499.7251278722,109047.40795176763
537.958,126521.72261464955,109068.42777246599
538.071,126542.7424353479,109090.42525924333
538.184,126563.76225604626,109112.42274602067
538.297,126584.78207674461,109135.39789887701
538.41,126605.80189744296,109157.39538565437
538.523,126627.79938422031,109179.39287243171
538.636,126648.81920491866,109201.39035920905
538.749,126670.816691696,109223.38784598639
538.862,126691.83651239437,109245.38533276373
538.978,126713.83399917171,109268.36048562007
539.091,126733.87615379108,109289.38030631843
539.206,126753.91830841043,109311.37779309577
539.319,126774.93812910879,109333.37527987311
539.432,126794.98028372815,109355.37276665047
539.57,126819.91076874247,109382.25858382278
539.683,126840.93058944082,109404.25607060012
539.796,126861.95041013918,109427.23122345646
539.909,126883.94789691652,109449.2287102338
540.025,126905.94538369386,109472.20386309014
540.138,126926.96520439223,109494.2013498675
540.251,126947.98502509057,109516.19883664483
540.364,126969.98251186791,109537.21865734318
540.477,126991.00233256628,109559.21614412052
540.59,127011.04448718563,109580.23596481889
540.703,127032.064307884,109602.23345159623
540.816,127053.08412858234,109624.23093837357
540.929,127074.1039492807,109645.25075907193
541.047,127097.07910213704,109668.22591192827
541.16,127121.03192107237,109690.22339870561
541.273,127142.05174177072,109712.22088548295
541.386,127164.04922854806,109735.19603833929
541.499,127185.06904924642,109757.19352511663
541.612,127206.08886994477,109779.19101189398
541.725,127227.10869064313,109801.18849867133
541.838,127249.10617742047,109822.20831936967
541.951,127270.12599811882,109844.20580614703
542.067,127291.14581881718,109867.18095900337
542.18,127312.16563951553,109889.17844578071
542.293,127334.16312629287,109911.17593255805
542.406,127360.07127738619,109930.24042109842
542.519,127393.31192407194,109942.46124708584
542.632,127417.26474300727,109962.50340170521
542.747,127443.17289410057,109981.56789024558
542.86,127468.1033791149,110000.63237878594
542.973,127491.07853197123,110021.6521994843
543.089,127513.07601874857,110043.64968626165
543.202,127537.0288376839,110063.69184088102
543.315,127565.8699870142,110078.8456651054
543.428,127588.84513987054,110099.86548580376
543.541,127612.79795880587,110119.90764042312
543.654,127638.70610989917,110138.97212896349
543.767,127662.6589288345,110159.01428358286
543.88,127687.58941384881,110178.07877212323
543.993,127710.56456670514,110200.07625890058
544.109,127732.5620534825,110222.07374567792
544.222,127755.53720633883,110244.07123245527
544.329,127777.53469311618,110265.09105315362
544.442,127799.53217989352,110287.08853993096
544.557,127822.50733274985,110309.0860267083
544.67,127848.41548384316,110327.17284916967
544.783,127871.39063669949,110348.19266986803
544.896,127893.38812347685,110370.19015664537
545.009,127915.38561025419,110391.20997734372
545.125,127938.36076311053,110413.20746412108
545.238,127962.31358204586,110435.20495089842
545.351,127985.28873490219,110457.20243767576
545.464,128009.2415538375,110478.22225837411
545.577,128036.12737100983,110497.28674691448
545.69,128057.14719170818,110518.30656761285
545.803,128080.12234456452,110540.30405439019
545.916,128102.11983134186,110563.27920724652
546.029,128125.0949841982,110584.29902794487
546.145,128148.07013705453,110606.29651472223
546.26,128172.02295598986,110628.29400149957
546.373,128194.9981088462,110650.29148827691
546.486,128217.97326170253,110671.31130897527
546.599,128239.97074847987,110693.30879575261
546.712,128262.9459013362,110714.32861645096
546.825,128284.94338811356,110736.3261032283
546.938,128307.9185409699,110758.32359000566
547.051,128329.91602774724,110780.321076783
547.167,128352.89118060358,110802.31856356034
547.28,128375.86633345991,110824.31605033769
547.393,128397.86382023725,110846.31353711504
547.506,128420.83897309359,110867.33335781339
547.619,128442.83645987093,110888.35317851174
547.732,128465.81161272727,110909.3729992101
547.845,128487.80909950462,110930.39281990845
547.958,128509.80658628196,110951.41264060681
548.073,128532.7817391383,110973.41012738415
548.189,128555.75689199464,110996.38528024049
548.302,128578.73204485097,111018.38276701783
548.415,128600.72953162831,111040.38025379517
548.528,128623.70468448465,111062.37774057253
548.641,128645.70217126199,111084.37522734987
548.754,128668.67732411833,111106.37271412721
548.866,128690.67481089568,111128.37020090455
548.988,128714.627629831,111152.32301983988
549.142,128744.44644524029,111182.14183524917
549.257,128767.42159809663,111204.13932202652
549.37,128789.41908487397,111227.11447488285
549.483,128812.3942377303,111249.1119616602
549.596,128834.39172450764,111271.10944843754
549.709,128856.389211285,111293.10693521489
549.824,128879.36436414134,111316.08208807123
549.979,128910.16084562961,111345.9009034805
550.092,128933.13599848594,111367.89839025786
550.205,128955.13348526329,111389.8958770352
550.32,128977.13097204064,111411.89336381255
550.433,129000.10612489698,111433.89085058989
550.546,129022.10361167432,111454.91067128825
550.659,129045.07876453066,111476.90815806559
550.772,129067.076251308,111497.92797876394
550.898,129092.00673632232,111521.88079769927
551.014,129115.95955525764,111544.8559505556
551.128,129137.95704203499,111567.83110341194
551.244,129161.9098609703,111590.80625626828
551.361,129183.90734774766,111613.78140912461
551.477,129206.882500604,111635.77889590195
551.593,129229.85765346033,111658.75404875829
551.712,129252.83280631667,111680.75153553564
551.829,129275.807959173,111703.72668839198
551.948,129299.76077810832,111725.72417516932
552.068,129322.73593096466,111748.69932802566
552.185,129345.711083821,111771.674480882
552.304,129368.68623667734,111794.64963373833
552.426,129392.63905561266,111818.60245267366
552.544,129415.614208469,111840.599939451
552.663,129438.58936132533,111862.59742622834
552.783,129460.58684810268,111885.57257908468
552.9,129482.58433488003,111907.57006586202
553.019,129505.55948773636,111929.56755263938
553.139,129528.5346405927,111953.52037157469
553.256,129551.50979344903,111975.51785835205
553.375,129574.48494630537,111997.51534512939
553.5,129599.41543131968,112020.49049798572
553.619,129621.41291809703,112043.46565084206
553.736,129644.38807095337,112065.4631376194
553.855,129668.34088988868,112090.39362263372
553.992,129694.249040982,112116.30177372703
554.122,129718.20185991733,112141.23225874135
554.241,129740.19934669467,112163.22974551869
554.36,129764.15216563,112186.20489837503
554.48,129788.10498456532,112210.15771731036
554.599,129811.08013742165,112233.1328701667
554.718,129834.05529027799,112256.10802302303
554.835,129857.03044313432,112279.08317587936
554.954,129880.98326206965,112302.0583287357
555.073,129903.95841492599,112326.01114767102
555.19,129927.91123386132,112348.00863444837
555.309,129950.88638671766,112371.96145338369
555.431,129974.83920565298,112394.93660624002
555.553,129997.81435850932,112417.91175909636
555.671,130020.78951136566,112440.8869119527
555.79,130042.786998143,112463.86206480903
555.909,130065.76215099933,112486.83721766536
556.026,130088.73730385567,112509.8123705217
556.145,130113.66778886999,112532.78752337805
556.264,130136.64294172633,112555.76267623439
556.381,130159.61809458266,112578.73782909072
556.5,130182.593247439,112601.71298194706
556.634,130208.5013985323,112628.59879911937
556.752,130231.47655138864,112651.5739519757
556.871,130254.45170424497,112675.52677091103
556.991,130276.44919102232,112698.50192376737
557.108,130298.44667779966,112720.49941054471
557.23,130322.39949673499,112745.42989555902
557.349,130345.37464959132,112768.40504841536
557.468,130369.32746852665,112791.38020127169
557.588,130392.30262138299,112814.35535412803
557.707,130415.27777423932,112837.33050698436
557.826,130437.27526101666,112860.30565984071
557.943,130459.272747794,112882.30314661805
558.062,130482.24790065034,112905.27829947439
558.181,130505.22305350668,112928.25345233073
558.298,130527.22054028403,112949.27327302907
558.417,130550.19569314037,112972.24842588541
558.536,130573.1708459967,112995.22357874174
558.656,130597.12366493203,113018.19873159808
558.775,130620.09881778837,113041.17388445442
558.894,130643.0739706447,113064.14903731075
559.014,130666.04912350104,113087.12419016709
559.149,130692.93494067335,113112.05467518141
559.268,130715.91009352969,113135.02982803775
559.387,130738.88524638602,113158.00498089408
559.504,130760.88273316337,113180.98013375042
559.626,130784.8355520987,113204.93295268575
559.746,130807.81070495503,113227.90810554208
559.863,130829.80819173237,113251.8609244774
559.982,130853.7610106677,113274.83607733373
560.101,130875.75849744504,113297.81123019007
560.218,130897.75598422239,113320.7863830464
560.337,130920.73113707872,113343.76153590274
560.457,130942.72862385608,113367.71435483807
560.574,130964.72611063342,113389.71184161541
560.695,130987.70126348975,113413.66466055074
560.815,131010.67641634609,113436.63981340708
560.937,131034.62923528142,113459.61496626341
561.054,131056.62672205876,113482.59011911975
561.173,131079.6018749151,113505.56527197608
561.292,131102.57702777142,113528.54042483242
561.409,131124.5745145488,113551.51557768876
561.528,131146.57200132613,113574.49073054509
561.663,131172.48015241942,113600.39888163841
561.781,131195.45530527577,113622.39636841575
561.9,131218.4304581321,113645.37152127209
562.019,131241.40561098844,113667.36900804943
562.136,131263.40309776578,113689.36649482677
562.255,131286.3782506221,113712.3416476831
562.379,131309.35340347845,113737.27213269743
562.496,131332.32855633477,113759.26961947477
562.615,131354.32604311215,113783.2224384101
562.737,131377.30119596847,113806.19759126643
562.86,131400.27634882482,113828.19507804378
562.977,131421.29616952315,113849.21489874214
563.096,131443.2936563005,113871.21238551948
563.216,131466.26880915684,113893.20987229682
563.333,131487.2886298552,113914.22969299517
563.452,131510.26378271152,113937.2048458515
563.571,131532.26126948887,113960.17999870784
563.691,131555.23642234522,113983.15515156418
563.81,131577.23390912256,114006.13030442053
563.947,131603.14206021588,114032.03845551383
564.069,131626.1172130722,114055.01360837017
564.196,131650.07003200753,114078.9664273055
564.316,131673.04518486385,114101.94158016183
564.433,131695.04267164122,114123.93906693917
564.552,131718.01782449754,114145.93655371651
564.675,131741.97064343287,114168.91170657285
564.797,131764.9457962892,114191.88685942919
564.915,131787.92094914554,114214.86201228552
565.034,131810.89610200186,114237.83716514186
565.153,131832.89358877923,114259.8346519192
565.27,131854.89107555657,114281.83213869655
565.389,131877.8662284129,114305.78495763187
565.509,131901.81904734822,114328.7601104882
565.627,131923.81653412557,114350.75759726556
565.735,131944.83635482393,114371.77741796391
565.85,131966.83384160127,114393.77490474125
565.963,131987.85366229963,114414.79472543961
566.075,132008.87348299797,114435.81454613796
566.188,132030.87096977534,114457.8120329153
566.3,132046.0247939997,114489.58618048258
566.413,132063.1339503821,114516.4719976549
566.528,132086.1091032384,114539.44715051123
566.641,132108.10659001578,114561.44463728857
566.753,132129.12641071412,114583.44212406591
566.868,132151.12389749146,114606.41727692225
566.981,132173.1213842688,114629.39242977859
567.094,132194.14120496716,114651.38991655594
567.206,132214.18335958655,114673.38740333328
567.319,132235.20318028488,114695.38489011062
567.431,132256.22300098324,114717.38237688797
567.544,132278.22048776058,114739.37986366532
567.656,132299.24030845895,114761.37735044266
567.769,132320.2601291573,114783.37483722
567.884,132341.27994985564,114806.34999007634
567.997,132362.299770554,114829.32514293268
568.109,132383.31959125237,114851.32262971002
568.224,132404.3394119507,114875.27544864535
568.336,132425.35923264906,114897.27293542269
568.448,132447.3567194264,114920.24808827903
568.56,132467.3988740458,114941.26790897739
568.672,132489.39636082313,114963.26539575473
568.787,132512.37151367945,114986.24054861107
568.902,132535.3466665358,115009.2157014674
569.015,132557.34415331314,115032.19085432374
569.128,132578.36397401147,115054.18834110108
569.24,132600.36146078884,115076.18582787842
569.353,132621.38128148718,115099.16098073476
569.465,132643.37876826452,115120.18080143312
569.577,132664.39858896288,115142.17828821046
569.689,132685.41840966124,115164.1757749878
569.801,132707.4158964386,115187.15092784414
569.916,132728.43571713695,115209.1484146215
570.031,132750.4332039143,115232.12356747783
570.143,132772.43069069163,115254.12105425517
570.255,132792.472845311,115276.11854103251
570.367,132813.49266600935,115298.11602780985
570.479,132834.5124867077,115320.1135145872
570.591,132856.50997348505,115342.11100136455
570.703,132877.5297941834,115364.1084881419
570.815,132898.54961488175,115386.10597491924
570.93,132920.5471016591,115408.10346169658
571.043,132942.54458843643,115430.10094847393
571.156,132964.5420752138,115453.07610133027
571.268,132986.53956199114,115475.07358810761
571.38,133007.55938268948,115498.04874096395
571.492,133028.57920338784,115519.0685616623
571.604,133049.5990240862,115543.02138059762
571.719,133072.57417694252,115565.99653345396
571.831,133094.57166371986,115587.9940202313
571.946,133117.5468165762,115610.96917308764
572.059,133139.54430335356,115632.96665986498
572.171,133160.56412405192,115654.96414664233
572.283,133182.56161082926,115676.96163341968
572.395,133203.58143152762,115699.93678627601
572.507,133225.57891830496,115722.91193913235
572.619,133246.5987390033,115744.90942590969
572.731,133267.61855970166,115765.92924660805
572.844,133288.63838040002,115787.9267333854
572.959,133310.63586717736,115810.90188624173
573.072,133332.6333539547,115832.89937301907
573.185,133354.63084073205,115853.91919371742
573.297,133375.6506614304,115875.91668049477
573.409,133397.64814820775,115897.91416727212
573.55,133424.53396538008,115925.77765052342
573.662,133446.53145215742,115947.77513730076
573.774,133467.55127285578,115969.7726240781
573.886,133489.54875963312,115991.77011085546
574.001,133511.54624641046,116014.7452637118
574.114,133532.56606710883,116036.74275048914
574.226,133554.56355388617,116057.76257118749
574.338,133576.5610406635,116078.78239188585
574.45,133597.58086136184,116099.8022125842
574.562,133620.5560142182,116122.77736544053
574.674,133641.57583491656,116143.7971861389
574.786,133662.5956556149,116165.79467291624
574.898,133684.59314239223,116187.79215969358
575.013,133705.6129630906,116209.78964647092
575.126,133727.61044986793,116231.78713324828
575.241,133748.6302705663,116254.76228610461
575.353,133769.65009126466,116275.78210680296
575.465,133790.669911963,116297.7795935803
575.577,133811.68973266135,116318.79941427866
575.689,133832.70955335972,116339.81923497701
575.801,133853.72937405808,116360.83905567537
575.913,133874.7491947564,116381.85887637372
576.028,133895.76901545477,116403.85636315106
576.141,133917.76650223212,116425.8538499284
576.253,133939.76398900946,116448.82900278474
576.365,133961.7614757868,116470.8264895621
576.477,133982.78129648516,116491.84631026044
576.589,134003.80111718352,116513.84379703779
576.701,134025.79860396087,116535.84128381514
576.813,134047.7960907382,116556.86110451349
576.925,134068.81591143657,116578.85859129083
577.042,134091.7910642929,116601.83374414717
577.155,134112.81088499125,116623.83123092451
577.268,134134.8083717686,116645.82871770186
577.38,134156.80585854594,116667.8262044792
577.492,134178.80334532328,116689.82369125655
577.604,134199.82316602164,116711.82117803389
577.716,134220.84298672,116733.81866481125
577.828,134242.84047349734,116755.81615158859
577.94,134263.8602941957,116777.81363836593
578.055,134285.85778097305,116799.81112514327
578.178,134308.83293382937,116823.7639440786
578.29,134329.85275452773,116845.76143085594
578.402,134350.8725752261,116867.75891763328
578.514,134371.89239592443,116888.77873833165
578.626,134392.9122166228,116909.79855903
578.741,134414.90970340013,116931.79604580735
578.853,134436.90719017747,116953.79353258469
578.965,134458.90467695481,116975.79101936203
579.08,134480.9021637322,116997.78850613938
579.193,134502.89965050953,117019.78599291672
579.305,134524.89713728687,117041.78347969407
579.417,134546.8946240642,117063.78096647142
579.53,134568.89211084155,117085.77845324876
579.642,134589.91193153991,117106.79827394712
579.754,134611.90941831726,117127.81809464547
579.866,134632.92923901562,117149.81558142281
579.978,134654.92672579296,117170.83540212117
580.093,134676.9242125703,117192.83288889851
580.206,134698.92169934764,117215.80804175485
580.318,134719.941520046,117236.8278624532
580.43,134741.93900682335,117258.82534923055
580.544,134762.95882752168,117280.8228360079
580.656,134783.00098214106,117301.84265670624
580.768,134804.0208028394,117323.84014348358
580.88,134834.8172843277,117338.99396770798
580.992,134857.79243718402,117359.03612232735
581.107,134880.76759004037,117381.03360910469
581.22,134902.7650768177,117403.03109588203
581.332,134924.76256359505,117424.0509165804
581.444,134946.7600503724,117444.09307119975
581.556,134967.77987107076,117465.11289189811
581.668,134989.7773578481,117486.13271259646
581.78,135011.77484462544,117507.15253329482
581.892,135033.77233140278,117528.17235399317
582.004,135055.76981818012,117549.19217469152
582.126,135084.61096751044,117567.27899715288
582.241,135116.3851150777,117579.4998231403
582.353,135141.31560009203,117598.56431168068
582.465,135162.33542079036,117620.56179845803
582.577,135183.35524148872,117642.55928523537
582.689,135205.35272826607,117663.57910593372
582.801,135227.3502150434,117685.57659271106
582.94,135254.23603221573,117711.48474380438
583.052,135276.23351899307,117733.48223058172
583.174,135300.1863379284,117756.45738343806
583.287,135322.18382470575,117777.4772041364
583.399,135344.1813114831,117799.47469091376
583.511,135367.15646433944,117820.49451161211
583.623,135389.15395111678,117842.49199838945
583.735,135411.15143789412,117863.51181908781
583.847,135433.14892467146,117885.50930586515
583.961,135456.1240775278,117906.5291265635
584.074,135478.12156430515,117928.52661334086
584.189,135501.09671716148,117950.5241001182
584.302,135524.07187001783,117971.54392081655
584.415,135547.04702287415,117992.56374151491
584.528,135570.0221757305,118013.58356221326
584.641,135592.99732858682,118034.60338291162
584.754,135614.99481536416,118056.60086968896
584.867,135637.9699682205,118077.62069038731
584.98,135660.94512107683,118099.61817716467
585.093,135682.94260785417,118121.61566394201
585.208,135705.91776071052,118143.61315071935
585.321,135727.91524748786,118164.6329714177
585.434,135750.8904003442,118186.63045819505
585.547,135772.88788712156,118207.6502788934
585.662,135795.86303997788,118229.64776567074
585.775,135817.86052675522,118250.6675863691
585.888,135839.85801353256,118272.66507314645
586.001,135861.8555003099,118294.66255992379
586.114,135883.85298708727,118315.68238062215
586.229,135905.85047386462,118337.67986739949
586.342,135928.82562672094,118359.67735417683
586.455,135950.82311349828,118380.6971748752
586.568,135973.79826635463,118402.69466165254
586.681,135995.79575313197,118423.71448235089
586.794,136017.7932399093,118445.71196912823
586.907,136040.76839276566,118467.70945590558
587.02,136062.765879543,118488.72927660393
587.133,136084.76336632035,118509.7490973023
587.248,136106.7608530977,118531.74658407964
587.363,136129.736005954,118552.76640477798
587.476,136151.73349273135,118574.76389155533
587.591,136174.7086455877,118596.76137833268
587.711,136197.68379844402,118618.75886511002
587.823,136218.70361914238,118640.75635188736
587.936,136240.70110591972,118662.7538386647
588.049,136262.69859269707,118684.75132544206
588.162,136284.69607947444,118706.7488122194
588.277,136305.71590017277,118727.76863291775
588.39,136327.7133869501,118749.7661196951
588.503,136350.68853980646,118770.78594039346
588.616,136372.6860265838,118792.7834271708
588.729,136395.66117944013,118814.78091394814
588.842,136417.6586662175,118836.77840072548
588.955,136440.63381907382,118858.77588750284
589.07,136463.60897193017,118881.75104035917
589.183,136485.6064587075,118903.74852713651
589.298,136507.60394548485,118924.76834783486
589.411,136529.6014322622,118945.78816853322
589.524,136551.59891903953,118966.80798923157
589.637,136572.6187397379,118987.82780992994
589.75,136594.61622651524,119009.82529670728
589.863,136616.61371329258,119031.82278348462
589.976,136639.5888661489,119052.84260418298
590.089,136660.60868684726,119072.88475880233
590.202,136680.65084146665,119092.9269134217
590.317,136702.648328244,119114.92440019904
590.43,136725.6234811003,119136.92188697639
590.543,136748.59863395666,119159.89703983272
590.656,136771.57378681298,119182.87219268906
590.771,136793.57127359032,119204.86967946641
590.884,136816.54642644667,119227.84483232275
590.997,136839.521579303,119249.84231910009
591.11,136861.51906608033,119270.86213979844
591.223,136883.51655285768,119291.8819604968
591.338,136906.49170571403,119313.87944727414
591.451,136929.46685857035,119335.87693405148
591.564,136951.46434534772,119357.87442082883
591.677,136974.43949820404,119379.87190760618
591.79,136996.43698498138,119401.86939438352
591.903,137019.41213783773,119425.82221331885
592.016,137041.40962461507,119447.8197000962
592.131,137064.3847774714,119470.79485295253
592.244,137085.40459816976,119491.81467365088
592.359,137107.4020849471,119512.83449434924
592.472,137129.39957172444,119534.83198112658
592.583,137151.39705850178,119556.82946790392
592.696,137173.39454527915,119578.82695468127
592.809,137195.3920320565,119600.82444145862
592.922,137217.38951883384,119622.82192823596
593.035,137238.40933953217,119643.84174893431
593.148,137260.40682630954,119665.83923571165
593.261,137282.40431308688,119687.83672248901
593.376,137305.3794659432,119710.81187534535
593.489,137328.35461879955,119734.76469428068
593.602,137351.32977165587,119756.76218105802
593.715,137374.30492451222,119779.73733391435
593.828,137397.28007736854,119802.71248677069
593.941,137419.2775641459,119824.70997354803
594.054,137442.25271700224,119846.70746032537
594.167,137465.22786985856,119868.70494710271
594.282,137488.2030227149,119891.68009995905
594.397,137511.17817557123,119913.6775867364
594.51,137533.17566234857,119935.67507351375
594.623,137556.15081520492,119957.67256029109
594.736,137579.12596806124,119979.67004706843
594.849,137601.1234548386,120001.66753384579
594.962,137624.09860769493,120022.68735454413
595.075,137646.09609447228,120044.68484132148
595.188,137669.07124732863,120066.68232809882
595.301,137691.06873410597,120088.67981487617
595.416,137714.0438869623,120111.65496773251
595.529,137736.04137373963,120133.65245450985
595.642,137758.03886051697,120154.6722752082
595.755,137780.03634729434,120176.66976198555
595.868,137802.03383407168,120198.6672487629
595.983,137824.03132084903,120220.66473554024
596.096,137847.00647370535,120242.66222231758
596.209,137869.9816265617,120265.63737517392
596.322,137891.97911333904,120287.63486195126
596.437,137913.97660011638,120309.63234872861
596.55,137935.97408689372,120330.65216942696
596.663,137957.97157367106,120352.6496562043
596.776,137980.9467265274,120373.66947690267
596.9,138004.89954546274,120396.644629759
597.018,138027.87469831906,120419.61978261534
597.131,138049.8721850964,120442.59493547167
597.244,138072.84733795276,120464.59242224901
597.357,138094.8448247301,120486.58990902636
597.472,138116.84231150744,120508.5873958037
597.585,138138.83979828478,120532.54021473903
597.7,138161.81495114113,120554.53770151637
597.813,138182.83477183947,120574.57985613574
597.926,138204.8322586168,120596.57734291308
598.039,138226.82974539418,120618.57482969043
598.152,138248.82723217152,120639.59465038878
598.265,138271.80238502784,120660.61447108713
598.378,138294.7775378842,120681.63429178549
598.493,138317.7526907405,120701.67644640486
598.606,138340.72784359686,120723.6739331822
598.719,138362.7253303742,120745.67141995954
598.832,138385.70048323052,120767.66890673689
598.945,138407.69797000787,120789.66639351423
599.058,138430.67312286422,120811.66388029158
599.171,138453.64827572054,120833.66136706893
599.284,138476.6234285769,120853.7035216883
599.399,138500.57624751222,120875.70100846564
599.514,138523.55140036854,120896.72082916398
599.627,138547.50421930387,120917.74064986235
599.74,138570.47937216022,120938.7604705607
599.853,138592.47685893756,120959.78029125904
599.966,138616.4296778729,120981.7777780364
600.079,138640.38249680822,121002.79759873475
600.192,138663.35764966454,121022.83975335411
600.305,138686.3328025209,121043.85957405246
600.418,138709.3079553772,121063.90172867183
600.54,138741.0821029445,121081.0108850542
600.653,138772.85625051174,121092.25404496262
600.766,138806.0968971975,121102.03070575255
600.879,138837.8710447648,121110.8297004635
600.992,138871.11169145053,121118.65102909543
601.107,138905.3300042153,121126.47235772738
601.22,138938.57065090106,121133.31602028033
601.333,138971.81129758683,121140.15968283328
601.445,139003.58544515408,121147.98101146522
601.57,139039.75909007684,121156.78000617617
601.683,139073.97740284158,121164.6013348081
601.796,139107.21804952735,121172.42266344005
601.909,139140.4586962131,121179.266325993
602.022,139172.2328437804,121186.10998854596
602.135,139204.00699134765,121190.99831894092
602.248,139235.78113891493,121195.8866493359
602.361,139269.02178560066,121200.77497973086
602.474,139300.79593316794,121205.66331012583
602.589,139334.0365798537,121211.5293065998
602.702,139368.25489261848,121217.39530307376
602.817,139402.47320538323,121221.30596738975
602.93,139435.713852069,121226.19429778472
603.043,139468.95449875476,121230.1049621007
603.156,139502.1951454405,121235.97095857466
603.269,139536.41345820526,121241.83695504862
603.382,139569.65410489103,121248.68061760158
603.495,139602.8947515768,121256.50194623352
603.61,139636.13539826253,121265.30094094445
603.723,139666.9318797508,121275.07760173437
603.836,139698.70602731808,121286.32076164281
603.948,139729.50250880636,121298.54158763023
604.061,139760.29899029466,121311.74007969664
604.173,139790.11780570392,121324.93857176305
604.286,139819.93662111321,121339.11472990846
604.398,139846.82243828554,121354.26855413284
604.511,139866.8645929049,121378.22137306817
604.635,139889.83974576124,121403.15185808248
604.748,139911.8372325386,121424.17167878084
604.861,139933.83471931593,121445.19149947919
604.974,139955.83220609327,121466.21132017755
605.087,139978.80735894962,121487.2311408759
605.2,140000.80484572696,121508.25096157426
605.313,140023.77999858328,121529.27078227261
605.426,140046.75515143963,121550.29060297097
605.539,140068.75263821697,121571.31042366932
605.654,140091.7277910733,121592.33024436767
605.767,140113.72527785064,121613.35006506603
605.88,140136.700430707,121634.36988576438
605.993,140159.6755835633,121654.41204038374
606.106,140181.67307034068,121674.45419500311
606.218,140203.67055711802,121695.47401570146
606.357,140230.55637429032,121719.42683463679
606.47,140253.53152714667,121740.44665533514
606.583,140276.506680003,121759.51114387551
606.698,140299.48183285934,121780.53096457387
606.811,140322.45698571566,121800.57311919323
606.924,140344.454472493,121819.6376077336
607.037,140367.42962534935,121839.67976235297
607.15,140390.40477820567,121859.72191697232
607.263,140413.37993106202,121879.7640715917
607.376,140436.35508391834,121900.78389229006
607.489,140459.3302367747,121921.8037129884
607.602,140481.32772355204,121943.80119976574
607.717,140505.28054248737,121965.79868654309
607.83,140529.2333614227,121987.79617332044
607.943,140553.18618035803,122007.8383279398
608.058,140578.11666537233,122028.85814863816
608.171,140603.04715038664,122047.92263717853
608.284,140627.97763540098,122067.96479179789
608.397,140652.9081204153,122088.00694641726
608.51,140676.86093935062,122108.04910103662
608.623,140700.81375828595,122128.09125565598
608.738,140726.72190937924,122149.11107635434
608.851,140751.65239439358,122170.13089705269
608.964,140776.58287940788,122190.17305167206
609.077,140800.5356983432,122210.21520629141
609.19,140825.46618335752,122229.27969483178
609.303,140849.41900229285,122249.32184945115
609.416,140873.37182122818,122268.38633799153
609.529,140897.3246401635,122285.4954943739
609.642,140920.29979301983,122302.60465075627
609.759,140944.25261195516,122320.69147321764
609.872,140967.2277648115,122338.778295679
609.985,140990.20291766783,122357.84278421938
610.098,141012.20040444518,122378.86260491773
610.211,141033.22022514354,122399.88242561609
610.324,141054.2400458419,122421.87991239343
610.437,141075.25986654026,122443.87739917077
610.55,141095.30202115962,122465.87488594811
610.663,141116.32184185798,122487.87237272545
610.778,141137.3416625563,122508.89219342382
610.891,141146.14065726724,122552.8871669785
611.003,141146.14065726724,122594.92680837521
611.125,141146.14065726724,122639.89944800889
611.237,141146.14065726724,122680.96142332662
611.35,141146.14065726724,122721.04573256533
611.465,141146.14065726724,122762.10770788304
611.578,141146.14065726724,122805.12501535873
611.691,141146.14065726724,122849.11998891343
611.813,141146.14065726724,122896.0479607051
611.926,141146.14065726724,122939.06526818078
612.039,141146.14065726724,122981.1049095775
612.151,141146.14065726724,123024.1222170532
612.264,141146.14065726724,123066.16185844991
612.376,141146.14065726724,123108.20149984662
612.489,141146.14065726724,123150.24114124331
612.601,141146.14065726724,123191.30311656104
612.714,141159.33914933365,123224.5437632468
612.836,141182.31430219,123248.49658218212
612.949,141201.37879073038,123268.53873680148
613.062,141224.3539435867,123283.69256102588
613.177,141246.35143036404,123294.9357209343
613.29,141267.3712510624,123313.02254339567
613.403,141285.45807352377,123333.06469801503
613.516,141303.54489598513,123353.1068526344
613.628,141324.5647166835,123373.14900725376
613.741,141344.60687130285,123391.23582971512
613.856,141362.69369376422,123399.05715834707
613.969,141381.7581823046,123408.833819137
614.082,141398.86733868698,123423.00997728239
614.195,141415.97649506934,123441.09679974375
614.308,141434.0633175307,123464.07195260009
614.421,141452.15013999207,123488.02477153542
614.534,141468.28163029545,123508.06692615479
614.647,141481.48012236186,123519.31008606321
614.76,141495.65628050728,123534.46391028761
614.875,141514.72076904762,123556.46139706495
614.986,141533.785257588,123573.57055344732
615.099,141552.84974612837,123587.74671159273
615.212,141569.95890251076,123608.76653229108
615.325,141587.0680588931,123629.78635298944
615.438,141601.24421703853,123649.82850760879
615.551,141617.3757073419,123664.0046657542
615.664,141632.5295315663,123683.06915429457
615.777,141644.7503575537,123705.06664107191
615.915,141658.92651569913,123726.08646177028
616.028,141668.70317648904,123744.17328423163
616.141,141677.50217119997,123758.34944237703
616.253,141688.74533110842,123771.54793444344
616.366,141700.96615709583,123779.3692630754
616.479,141714.16464916224,123785.23525954936
616.592,141726.38547514967,123798.43375161577
616.707,141736.16213593958,123813.58757584015
616.82,141747.405295848,123831.67439830152
616.935,141757.18195663794,123845.85055644692
