1.072175 0.030000 1.032085 0.030000 5.260780 0.030000 5.388122 0.030000 3.394398 0.030000 3.597720 0.030000 6.646897 0.030000 6.702116 0.030000 8.438385 0.030000 8.483755 0.030000
1.155389 0.030000 0.906817 0.150000 5.156694 0.030000 5.366212 0.030000 3.428365 0.030000 3.541713 0.030000 6.692821 0.030000 6.680454 0.030000 8.344625 0.030000 8.451539 0.030000
1.244137 0.150000 1.105469 0.030000 5.117906 0.030000 5.591935 0.150000 3.464021 0.030000 3.514778 0.030000 6.705413 0.030000 6.656146 0.030000 8.352915 0.030000 8.413788 0.030000
1.151398 0.030000 1.083038 0.030000 5.145224 0.030000 5.264605 0.030000 3.455673 0.030000 3.510780 0.030000 6.659114 0.030000 6.665275 0.030000 8.419757 0.150000 8.688361 0.150000
1.211559 0.030000 1.098600 0.030000 5.064616 0.030000 5.255204 0.030000 3.449970 0.030000 3.572762 0.030000 6.752246 0.030000 6.629416 0.030000 8.327629 0.030000 8.336293 0.030000
1.229369 0.030000 1.116456 0.030000 5.056373 0.030000 5.215100 0.030000 3.444426 0.030000 3.529584 0.030000 6.662858 0.030000 6.658762 0.030000 8.349009 0.030000 8.357600 0.030000
1.254981 0.030000 1.090020 0.030000 5.021456 0.030000 5.199222 0.030000 3.413396 0.030000 3.493203 0.030000 6.715333 0.030000 6.652308 0.030000 8.523489 0.150000 8.376718 0.030000
1.275490 0.030000 1.176199 0.030000 4.999020 0.030000 5.155894 0.030000 3.447098 0.030000 3.494012 0.030000 6.708722 0.030000 6.718978 0.150000 8.325996 0.150000 8.332267 0.030000
1.318644 0.030000 1.262969 0.150000 5.217153 0.150000 5.168876 0.030000 3.331104 0.030000 3.473990 0.030000 6.682408 0.030000 6.635299 0.030000 8.270178 0.030000 8.335759 0.030000
1.336860 0.030000 1.212289 0.030000 4.950408 0.030000 5.112107 0.030000 3.359168 0.030000 3.783317 0.150000 6.682648 0.030000 6.642273 0.030000 8.177139 0.030000 8.261593 0.030000
1.355425 0.030000 1.185440 0.030000 4.932233 0.030000 5.059429 0.030000 3.298531 0.030000 3.428238 0.030000 6.695412 0.030000 6.709666 0.030000 8.246321 0.030000 8.281875 0.030000
1.383599 0.030000 1.278984 0.030000 4.869800 0.030000 5.090744 0.030000 3.297661 0.030000 3.396592 0.030000 6.693723 0.030000 6.632039 0.030000 8.237661 0.030000 8.171062 0.030000
1.437979 0.030000 1.271337 0.030000 5.054585 0.150000 5.018777 0.030000 3.272679 0.030000 3.380407 0.030000 6.718380 0.030000 6.729038 0.030000 8.048501 0.150000 8.265645 0.030000
1.444256 0.030000 1.339715 0.030000 4.833229 0.030000 4.958002 0.030000 3.301898 0.030000 3.399641 0.030000 6.771352 0.030000 6.698462 0.030000 8.203345 0.030000 8.242479 0.030000
1.429827 0.030000 1.310065 0.030000 4.821363 0.030000 4.946083 0.030000 3.200304 0.030000 3.335071 0.030000 6.761637 0.030000 7.162350 0.150000 8.112206 0.030000 8.174913 0.030000
1.434287 0.030000 1.388021 0.030000 4.758430 0.030000 4.959076 0.030000 3.269579 0.030000 3.373416 0.030000 6.724262 0.030000 6.726812 0.030000 8.126170 0.030000 8.183209 0.030000
1.527084 0.030000 1.372696 0.030000 4.730450 0.030000 4.893828 0.030000 3.186513 0.030000 3.337518 0.030000 6.778438 0.030000 6.719005 0.030000 8.109825 0.030000 8.222924 0.030000
1.549392 0.030000 1.402798 0.030000 4.710595 0.030000 4.846874 0.030000 3.186626 0.030000 3.275891 0.030000 6.741378 0.030000 6.779400 0.030000 8.065512 0.030000 8.134149 0.030000
1.540766 0.030000 1.411535 0.030000 4.705894 0.030000 4.766555 0.030000 4.536752 0.150000 3.288134 0.030000 6.709853 0.030000 6.830790 0.030000 8.084927 0.030000 8.130475 0.030000
1.617933 0.030000 1.476760 0.030000 4.699592 0.030000 4.816907 0.030000 3.173521 0.030000 3.264593 0.030000 6.849629 0.030000 6.731100 0.030000 8.010854 0.030000 8.152304 0.030000
1.660730 0.030000 1.600507 0.150000 4.630069 0.030000 4.743627 0.030000 3.212539 0.030000 3.184061 0.030000 6.828056 0.150000 6.654132 0.150000 8.297996 0.150000 8.395608 0.150000
1.623915 0.030000 1.515423 0.030000 4.567611 0.030000 4.775310 0.030000 3.158176 0.030000 3.234687 0.030000 6.708392 0.030000 6.739751 0.030000 7.950171 0.030000 8.103639 0.030000
1.524430 0.150000 1.520806 0.030000 4.589218 0.030000 4.692849 0.030000 3.134222 0.030000 3.250582 0.030000 6.784442 0.030000 6.913456 0.150000 7.990948 0.030000 8.014937 0.030000
1.641967 0.030000 1.525266 0.030000 4.520455 0.030000 4.695929 0.030000 3.124231 0.030000 3.178745 0.030000 6.807444 0.030000 7.674157 0.150000 7.993595 0.030000 8.330744 0.150000
1.721984 0.030000 1.547776 0.030000 4.516694 0.030000 4.687858 0.030000 3.118292 0.030000 3.207661 0.030000 6.815347 0.030000 6.792566 0.030000 7.998544 0.030000 8.027314 0.030000
1.753943 0.030000 1.582253 0.030000 4.493318 0.030000 4.604131 0.030000 3.095234 0.150000 3.092422 0.030000 6.858643 0.030000 6.782216 0.030000 7.945355 0.030000 8.062581 0.030000
1.730816 0.030000 1.617834 0.030000 4.617457 0.150000 4.560410 0.030000 3.027782 0.030000 3.161532 0.030000 6.805425 0.030000 6.754035 0.030000 7.940442 0.030000 7.970070 0.030000
1.811969 0.030000 1.699193 0.150000 4.397535 0.030000 4.598683 0.030000 3.587937 0.150000 3.183041 0.030000 6.815410 0.030000 6.737763 0.030000 7.917617 0.030000 7.989973 0.030000
1.824544 0.030000 1.635729 0.030000 4.359900 0.030000 4.567749 0.030000 3.154972 0.150000 3.091058 0.030000 6.807475 0.030000 6.778853 0.030000 7.867848 0.030000 7.851347 0.150000
1.859788 0.030000 1.691516 0.030000 4.944734 0.150000 4.493133 0.030000 3.020223 0.030000 3.076679 0.030000 6.849003 0.030000 6.802701 0.030000 7.889675 0.150000 7.918383 0.030000
1.932997 0.030000 1.743762 0.030000 4.300069 0.030000 4.478514 0.030000 3.019088 0.030000 3.067599 0.030000 6.792311 0.030000 6.819630 0.030000 8.341954 0.150000 7.979488 0.030000
1.908979 0.030000 1.806185 0.030000 4.314628 0.030000 4.524227 0.150000 2.993462 0.030000 3.064238 0.030000 6.910963 0.030000 6.831370 0.030000 7.823439 0.030000 7.926467 0.030000
1.917714 0.030000 1.770933 0.030000 4.254628 0.030000 4.451772 0.030000 3.038167 0.030000 3.061625 0.030000 6.868205 0.030000 6.795521 0.030000 7.821803 0.030000 7.876562 0.030000
1.947390 0.030000 1.829689 0.030000 4.292433 0.030000 4.350313 0.030000 2.839817 0.150000 3.031083 0.030000 7.015222 0.150000 6.829661 0.030000 7.832292 0.030000 7.887066 0.030000
1.963230 0.030000 1.873431 0.030000 4.196497 0.030000 4.309533 0.030000 2.977122 0.030000 3.055473 0.030000 6.866180 0.030000 6.839848 0.030000 7.791846 0.030000 7.833567 0.030000
2.000879 0.030000 1.906292 0.030000 4.120501 0.030000 4.387121 0.030000 4.062799 0.150000 3.042054 0.030000 6.915196 0.030000 6.849661 0.030000 7.772201 0.030000 7.809060 0.030000
2.041113 0.030000 1.909235 0.030000 4.139476 0.150000 4.344832 0.030000 2.972058 0.030000 3.056193 0.030000 6.898248 0.030000 6.916248 0.030000 7.740355 0.030000 7.822860 0.030000
2.076201 0.030000 1.947671 0.030000 4.105801 0.030000 5.280691 0.150000 2.920526 0.030000 3.035625 0.150000 7.186666 0.150000 6.874274 0.030000 7.674949 0.030000 7.798048 0.030000
2.103697 0.030000 1.992242 0.030000 4.066630 0.030000 4.232678 0.030000 2.920620 0.030000 3.009422 0.030000 6.879063 0.150000 6.818548 0.030000 7.720735 0.030000 7.823346 0.030000
2.246462 0.150000 1.981995 0.030000 4.070770 0.030000 4.209439 0.030000 3.013650 0.150000 2.974646 0.030000 6.965821 0.030000 6.874514 0.030000 7.680865 0.030000 7.798320 0.030000
2.167164 0.030000 2.032727 0.030000 4.018572 0.030000 4.151625 0.030000 2.894847 0.030000 2.984626 0.030000 6.931877 0.030000 6.893566 0.030000 7.675012 0.030000 7.758795 0.030000
2.208092 0.030000 2.001556 0.030000 4.029407 0.030000 4.146305 0.030000 2.882398 0.030000 2.962711 0.030000 6.899208 0.030000 6.859113 0.030000 7.693942 0.030000 7.729952 0.030000
2.512715 0.150000 2.107805 0.030000 3.952191 0.030000 4.105086 0.030000 2.837891 0.030000 2.947615 0.030000 7.000892 0.150000 6.905700 0.030000 7.686202 0.030000 7.735091 0.030000
2.203060 0.030000 2.060550 0.030000 3.922031 0.030000 4.266642 0.150000 3.212094 0.150000 2.938074 0.030000 6.897516 0.030000 6.969524 0.030000 7.629760 0.030000 7.757185 0.030000
2.557405 0.150000 2.123533 0.030000 3.909577 0.030000 4.042101 0.030000 2.803501 0.030000 2.899099 0.030000 6.957291 0.030000 6.956721 0.030000 7.621926 0.030000 7.810644 0.150000
2.301435 0.030000 2.172947 0.030000 3.913710 0.030000 4.029719 0.030000 2.917266 0.030000 2.974040 0.030000 6.953669 0.030000 6.942927 0.030000 7.609987 0.030000 7.729312 0.030000
2.361543 0.030000 2.633313 0.150000 3.874029 0.030000 4.024805 0.030000 2.883217 0.030000 2.938707 0.030000 6.968683 0.030000 6.923600 0.030000 7.598737 0.030000 7.712860 0.030000
2.337024 0.030000 2.216426 0.030000 3.817864 0.030000 3.951672 0.030000 2.880500 0.030000 2.924627 0.030000 7.003726 0.030000 6.940362 0.030000 7.624367 0.030000 7.645162 0.030000
2.385744 0.030000 2.308422 0.030000 3.835382 0.030000 3.959523 0.030000 2.825694 0.030000 2.925561 0.030000 7.215153 0.150000 6.959390 0.030000 7.567779 0.030000 7.637682 0.030000
3.155563 0.150000 2.277894 0.030000 3.765337 0.030000 3.975876 0.030000 2.815796 0.030000 2.806611 0.150000 7.046955 0.030000 6.941712 0.030000 7.585208 0.030000 7.594158 0.030000
2.403697 0.030000 2.351887 0.030000 3.721328 0.030000 3.863380 0.030000 2.866524 0.030000 3.080096 0.150000 7.009024 0.030000 6.894530 0.030000 7.562066 0.030000 7.671022 0.030000
2.525891 0.030000 2.326778 0.030000 3.719588 0.030000 3.882607 0.030000 2.775206 0.030000 2.866289 0.030000 7.038795 0.030000 7.018792 0.030000 7.512007 0.030000 7.657528 0.030000
2.489886 0.030000 2.417754 0.030000 3.662386 0.030000 3.812708 0.030000 2.795152 0.030000 2.908136 0.150000 7.039847 0.030000 6.940540 0.030000 7.522311 0.030000 7.613676 0.030000
2.542281 0.030000 2.400726 0.030000 4.346863 0.150000 4.428681 0.150000 2.812939 0.030000 3.105340 0.150000 7.066179 0.030000 7.036129 0.030000 7.533537 0.030000 7.530678 0.030000
2.597195 0.030000 2.418438 0.030000 3.592413 0.030000 3.735776 0.030000 2.762526 0.030000 2.795636 0.030000 7.083591 0.030000 6.988157 0.030000 7.518403 0.030000 7.622475 0.030000
2.556958 0.030000 2.466498 0.030000 3.587161 0.030000 3.767181 0.030000 2.817639 0.030000 2.833141 0.030000 7.065152 0.030000 6.990360 0.030000 7.458107 0.030000 7.535318 0.030000
2.642144 0.030000 2.464710 0.030000 3.573164 0.030000 3.730352 0.030000 2.829399 0.030000 2.766522 0.030000 7.090802 0.030000 7.043975 0.030000 7.440066 0.030000 7.731579 0.150000
2.680574 0.030000 2.456375 0.030000 3.523106 0.030000 3.626861 0.030000 2.769655 0.030000 2.819991 0.030000 7.060698 0.030000 6.998047 0.030000 7.457234 0.030000 7.514492 0.030000
2.678039 0.030000 2.510775 0.030000 4.094416 0.150000 3.640083 0.030000 2.764104 0.030000 2.786171 0.030000 7.093777 0.030000 7.030791 0.030000 7.472402 0.030000 7.555645 0.030000
2.639312 0.030000 2.638897 0.030000 3.439545 0.030000 3.607702 0.030000 2.753195 0.030000 2.822394 0.030000 7.117489 0.030000 7.045160 0.030000 7.418385 0.030000 7.436396 0.030000
2.708741 0.030000 2.630365 0.030000 3.440448 0.030000 3.738130 0.150000 2.803416 0.030000 2.815081 0.030000 7.479021 0.150000 7.053274 0.030000 7.419775 0.030000 7.470629 0.030000
2.772556 0.030000 3.472735 0.150000 3.364803 0.030000 3.606494 0.030000 2.733705 0.030000 2.800990 0.030000 7.109881 0.030000 7.242558 0.150000 7.380290 0.030000 7.526869 0.030000
2.805072 0.030000 2.658319 0.030000 3.408381 0.030000 3.567814 0.150000 2.778048 0.030000 2.788357 0.030000 7.126869 0.030000 7.118646 0.030000 7.471930 0.150000 7.427710 0.030000
2.856021 0.030000 2.653781 0.030000 3.557458 0.150000 3.571347 0.030000 2.764203 0.030000 2.851292 0.030000 7.153937 0.030000 7.087042 0.030000 7.351461 0.030000 7.406276 0.030000
2.834099 0.030000 2.780684 0.030000 3.342319 0.030000 3.467907 0.030000 2.741609 0.030000 2.735225 0.030000 7.155712 0.030000 7.090885 0.030000 7.338641 0.030000 7.434624 0.030000
2.884009 0.030000 2.743173 0.030000 3.466472 0.150000 3.894375 0.150000 2.753359 0.030000 3.377655 0.150000 7.180418 0.030000 7.130814 0.030000 7.340507 0.030000 7.388519 0.030000
2.907137 0.150000 2.753156 0.030000 3.270443 0.030000 3.427784 0.030000 2.738831 0.030000 3.213507 0.150000 7.216836 0.030000 7.126184 0.030000 7.250586 0.030000 7.431372 0.030000
2.954988 0.030000 2.830854 0.030000 3.229980 0.030000 3.392799 0.030000 2.732050 0.030000 2.723615 0.030000 7.191849 0.030000 7.139573 0.030000 7.275479 0.030000 7.345875 0.030000
3.038139 0.030000 2.804968 0.030000 3.203682 0.030000 3.335826 0.030000 2.722238 0.030000 2.739383 0.030000 7.202632 0.030000 7.109352 0.030000 7.315147 0.030000 7.343884 0.030000
3.224008 0.150000 3.037482 0.150000 3.165513 0.030000 3.392937 0.030000 2.773516 0.030000 2.774493 0.030000 7.191372 0.030000 7.201229 0.030000 7.248299 0.030000 7.331650 0.030000
2.999703 0.030000 2.916645 0.030000 3.210956 0.030000 3.329304 0.030000 2.723896 0.030000 2.728387 0.030000 7.198499 0.030000 7.142725 0.030000 7.300644 0.030000 7.299282 0.030000
3.046291 0.030000 2.930801 0.030000 3.139188 0.150000 3.238155 0.030000 2.766010 0.030000 2.717195 0.030000 7.248252 0.150000 7.199819 0.030000 7.239809 0.030000 7.317359 0.030000
3.069339 0.030000 2.923983 0.030000 3.051394 0.030000 3.229319 0.030000 2.722140 0.030000 2.841183 0.030000 7.152799 0.150000 7.227442 0.030000 7.272461 0.030000 7.283430 0.030000
3.111899 0.030000 2.951637 0.030000 3.074672 0.030000 3.240207 0.030000 2.731178 0.030000 2.808339 0.030000 7.243716 0.030000 7.220287 0.030000 7.286884 0.030000 7.353843 0.030000
3.098005 0.030000 3.029853 0.030000 3.001385 0.030000 3.231301 0.030000 2.733317 0.030000 2.772655 0.030000 7.279632 0.030000 7.256376 0.030000 7.254859 0.030000 7.285955 0.030000
3.218663 0.030000 3.040131 0.030000 3.014036 0.030000 3.311486 0.150000 2.763614 0.030000 2.705957 0.030000 7.337721 0.030000 7.671661 0.150000 7.143254 0.030000 7.311850 0.030000
3.202748 0.030000 3.044565 0.030000 2.976599 0.030000 3.134966 0.030000 2.756711 0.030000 2.791255 0.030000 7.323792 0.030000 7.239040 0.030000 7.221608 0.030000 7.208207 0.030000
3.259655 0.030000 3.116248 0.030000 2.939542 0.030000 3.113418 0.030000 2.773841 0.030000 2.762612 0.030000 8.240455 0.150000 7.273940 0.030000 7.174592 0.030000 7.205029 0.030000
3.257129 0.030000 3.119027 0.030000 2.936751 0.030000 2.757411 0.150000 2.719647 0.030000 2.731919 0.030000 7.756528 0.150000 7.253578 0.030000 7.178672 0.030000 7.292739 0.030000
3.291503 0.030000 3.455473 0.150000 2.895974 0.030000 2.983268 0.030000 2.773608 0.030000 2.777377 0.030000 7.348681 0.030000 7.267928 0.030000 7.141840 0.030000 7.253277 0.030000
3.326865 0.030000 3.182953 0.030000 2.880379 0.030000 3.019472 0.030000 2.817856 0.030000 2.793722 0.030000 7.400027 0.030000 7.317781 0.030000 6.901406 0.150000 7.204952 0.030000
3.388577 0.030000 3.170656 0.030000 2.851885 0.030000 3.009883 0.030000 2.762369 0.030000 2.733619 0.030000 7.365672 0.030000 7.319293 0.030000 7.176223 0.030000 7.176839 0.030000
3.378312 0.030000 3.171120 0.030000 2.795304 0.030000 2.929762 0.030000 2.722777 0.030000 2.745389 0.030000 7.376668 0.030000 7.251520 0.030000 7.094425 0.030000 7.177272 0.030000
3.451862 0.030000 3.267304 0.030000 2.764934 0.030000 2.910438 0.030000 2.803878 0.030000 2.783238 0.030000 7.378603 0.030000 7.460818 0.150000 7.115234 0.030000 7.121724 0.030000
3.451178 0.030000 3.299540 0.030000 2.741069 0.030000 3.242296 0.150000 2.749359 0.030000 2.765403 0.030000 7.389246 0.030000 7.374032 0.030000 7.126526 0.030000 7.121189 0.030000
3.501501 0.030000 3.332308 0.030000 2.725466 0.030000 2.865576 0.030000 2.716782 0.030000 2.731073 0.030000 7.458622 0.030000 7.366349 0.030000 7.088083 0.030000 7.119212 0.030000
3.437818 0.030000 3.297911 0.030000 2.680654 0.030000 2.852910 0.030000 2.730256 0.030000 2.785425 0.150000 7.430547 0.030000 7.382753 0.030000 7.050577 0.030000 7.474534 0.150000
3.521160 0.030000 3.366134 0.030000 2.653418 0.030000 2.776318 0.030000 2.764241 0.030000 2.790416 0.030000 7.480302 0.030000 7.378933 0.030000 7.081633 0.030000 7.097360 0.030000
3.540991 0.030000 3.460386 0.030000 2.612910 0.030000 2.748896 0.030000 3.308709 0.150000 2.731723 0.030000 7.403164 0.030000 7.327447 0.030000 7.059161 0.030000 7.111607 0.030000
3.586592 0.030000 3.435942 0.030000 2.641210 0.030000 2.780184 0.030000 2.757478 0.030000 2.761725 0.030000 7.532028 0.030000 7.415380 0.030000 7.010586 0.030000 7.126774 0.030000
3.604670 0.030000 3.452415 0.030000 2.717440 0.150000 2.738034 0.030000 2.802657 0.030000 2.726397 0.030000 7.489224 0.030000 7.451698 0.030000 7.056699 0.030000 7.084411 0.030000
3.671703 0.030000 3.510918 0.030000 2.559818 0.030000 2.878000 0.150000 2.774328 0.030000 2.812365 0.030000 7.537104 0.030000 7.453501 0.030000 6.849018 0.150000 7.097253 0.030000
3.668587 0.030000 3.550921 0.030000 3.564963 0.150000 2.642984 0.030000 2.783633 0.030000 2.743943 0.030000 7.764367 0.150000 7.444986 0.030000 7.759396 0.150000 7.090534 0.030000
3.707993 0.030000 3.589879 0.030000 2.499726 0.030000 2.641249 0.030000 2.857102 0.030000 2.775315 0.030000 7.521408 0.030000 7.508264 0.030000 6.997587 0.030000 7.530525 0.150000
3.744962 0.030000 3.543406 0.030000 2.436173 0.030000 2.578850 0.030000 2.816001 0.030000 2.737694 0.030000 7.533870 0.030000 7.753578 0.150000 7.002771 0.030000 7.013287 0.150000
3.764137 0.030000 3.662826 0.030000 2.424968 0.030000 2.581284 0.030000 2.800442 0.030000 2.776065 0.030000 7.554995 0.030000 7.489953 0.030000 6.978537 0.030000 7.019608 0.030000
3.895343 0.150000 3.598377 0.030000 2.357753 0.030000 2.544012 0.030000 2.832893 0.030000 2.756460 0.030000 7.558004 0.030000 7.528362 0.030000 7.003987 0.030000 6.993186 0.030000
3.819784 0.030000 3.644560 0.030000 2.343416 0.030000 2.456831 0.030000 2.898026 0.030000 2.818714 0.030000 7.607393 0.030000 7.483785 0.030000 6.901324 0.030000 7.025401 0.030000
3.890747 0.030000 3.714248 0.030000 2.347958 0.030000 2.444167 0.030000 2.867297 0.030000 2.838251 0.030000 7.566946 0.030000 8.286300 0.150000 6.947940 0.030000 6.985236 0.030000
3.833435 0.030000 3.735803 0.030000 2.354305 0.030000 2.443649 0.030000 2.977084 0.150000 2.805744 0.030000 7.690420 0.150000 7.699898 0.150000 6.955570 0.030000 6.985698 0.030000
3.853038 0.030000 3.757712 0.030000 2.285482 0.030000 2.419232 0.030000 2.830984 0.030000 2.812908 0.030000 7.668296 0.030000 7.612857 0.030000 6.890960 0.030000 7.038671 0.030000
3.930462 0.030000 3.774362 0.030000 2.278558 0.030000 2.782649 0.150000 2.859817 0.030000 2.751227 0.030000 7.681078 0.030000 7.566797 0.030000 6.932406 0.030000 6.954340 0.030000
3.939523 0.030000 3.823845 0.030000 2.193822 0.030000 2.336791 0.030000 2.797535 0.150000 2.857391 0.030000 7.670569 0.030000 7.564932 0.030000 6.944876 0.030000 7.003428 0.030000
3.967315 0.030000 3.839724 0.030000 2.165250 0.030000 2.334865 0.030000 2.876425 0.030000 3.402632 0.150000 7.702347 0.030000 7.609205 0.030000 6.886010 0.030000 6.991082 0.030000
4.065805 0.030000 3.925044 0.030000 2.166312 0.030000 2.279047 0.150000 2.896472 0.030000 2.855264 0.030000 7.781312 0.030000 7.625130 0.030000 6.848032 0.030000 6.928266 0.030000
4.061585 0.030000 3.848790 0.030000 2.146558 0.030000 2.410558 0.150000 2.947702 0.030000 2.657363 0.150000 7.706397 0.030000 7.653102 0.030000 6.898430 0.030000 6.909450 0.030000
4.090778 0.030000 3.969139 0.030000 2.094391 0.030000 2.260607 0.030000 2.897550 0.030000 2.843891 0.030000 7.719464 0.030000 7.660952 0.030000 6.871804 0.030000 6.909743 0.030000
4.085046 0.030000 4.003532 0.030000 2.114752 0.030000 2.230295 0.030000 2.883955 0.030000 2.910687 0.030000 7.745982 0.030000 7.655378 0.030000 6.838319 0.030000 6.945581 0.030000
4.169562 0.030000 4.050939 0.030000 2.058943 0.030000 2.211395 0.030000 2.924939 0.030000 2.886725 0.030000 7.738752 0.030000 7.767640 0.150000 6.858852 0.030000 6.943168 0.030000
4.152833 0.030000 4.029613 0.030000 1.986954 0.030000 2.164889 0.030000 2.953131 0.030000 2.856720 0.030000 7.807752 0.030000 7.744648 0.030000 6.928645 0.150000 6.906851 0.030000
4.193668 0.030000 4.092684 0.030000 2.008164 0.030000 2.142440 0.030000 2.993878 0.030000 2.937511 0.030000 7.830508 0.030000 7.699669 0.030000 6.815841 0.030000 6.879247 0.030000
4.272494 0.030000 4.119945 0.030000 1.952362 0.030000 2.125796 0.030000 3.025853 0.030000 2.919768 0.030000 7.876408 0.030000 7.781710 0.030000 7.197304 0.150000 6.832210 0.030000
4.268892 0.030000 4.133502 0.030000 1.978393 0.030000 2.075353 0.030000 3.006532 0.030000 2.954023 0.030000 7.840387 0.030000 7.753137 0.030000 6.813418 0.030000 6.870873 0.030000
4.292869 0.030000 4.113024 0.030000 1.921505 0.030000 2.071756 0.030000 2.996904 0.030000 3.001949 0.030000 7.869543 0.030000 7.791299 0.030000 6.794403 0.030000 6.837902 0.030000
4.346757 0.030000 4.307466 0.150000 1.902626 0.030000 2.029355 0.030000 3.043073 0.030000 2.946394 0.030000 7.836306 0.030000 7.775082 0.030000 6.834493 0.030000 6.842096 0.030000
4.345393 0.030000 4.253107 0.030000 1.920249 0.030000 1.995617 0.030000 3.014912 0.030000 3.007507 0.030000 7.833826 0.030000 7.834144 0.030000 6.765419 0.030000 6.822359 0.030000
4.344967 0.030000 4.246090 0.030000 1.815341 0.030000 1.986670 0.030000 3.126582 0.030000 2.946263 0.030000 7.964794 0.030000 7.832618 0.030000 6.843866 0.030000 6.835336 0.030000
4.669434 0.150000 4.219668 0.030000 1.790803 0.030000 1.950735 0.030000 3.061995 0.030000 2.937625 0.030000 7.848306 0.030000 7.860875 0.030000 6.733135 0.030000 6.814571 0.150000
4.453087 0.030000 4.299952 0.030000 1.769066 0.030000 2.039053 0.150000 3.056388 0.030000 3.008098 0.030000 8.368970 0.150000 7.818971 0.030000 6.751889 0.030000 6.830621 0.030000
4.434770 0.030000 4.378826 0.030000 1.778523 0.030000 1.937458 0.030000 3.053937 0.030000 3.032978 0.030000 7.973267 0.030000 7.867912 0.030000 6.768691 0.030000 6.805623 0.030000
4.527095 0.030000 4.300782 0.030000 1.701824 0.030000 1.859260 0.030000 3.082511 0.030000 3.045443 0.150000 7.962865 0.030000 7.901341 0.030000 6.763942 0.030000 6.770909 0.030000
4.489950 0.030000 4.393244 0.030000 1.729489 0.030000 1.915824 0.030000 3.078776 0.030000 3.108086 0.030000 8.014038 0.030000 7.866040 0.030000 6.771220 0.030000 6.761465 0.030000
4.544091 0.030000 4.425700 0.030000 1.729557 0.030000 1.939739 0.150000 3.297392 0.150000 3.040775 0.030000 7.997380 0.030000 7.906946 0.030000 6.736763 0.030000 6.772283 0.030000
4.534325 0.030000 4.691085 0.150000 1.645394 0.030000 1.809446 0.030000 3.135704 0.030000 3.045551 0.030000 7.996096 0.030000 7.985684 0.030000 6.739794 0.030000 6.803890 0.030000
4.562915 0.030000 4.452648 0.030000 1.596697 0.030000 1.809458 0.030000 3.711543 0.150000 3.073238 0.030000 7.995677 0.030000 7.916987 0.030000 7.228443 0.150000 7.247624 0.150000
4.613013 0.030000 4.475358 0.030000 1.546899 0.030000 1.721753 0.030000 3.179349 0.030000 3.076347 0.030000 8.066116 0.030000 7.976643 0.030000 6.732926 0.030000 6.750805 0.030000
4.651236 0.030000 4.503656 0.030000 1.607502 0.030000 1.763309 0.030000 3.109422 0.030000 3.056488 0.030000 8.058347 0.030000 8.006010 0.030000 6.742073 0.030000 6.798356 0.030000
4.652698 0.030000 4.529402 0.030000 1.522779 0.030000 1.727650 0.030000 3.128399 0.030000 3.470559 0.150000 7.964166 0.030000 7.996647 0.030000 6.729426 0.030000 6.755719 0.030000
4.685789 0.030000 4.545781 0.030000 1.908597 0.150000 1.655363 0.030000 3.168090 0.030000 3.091726 0.030000 8.083719 0.030000 8.015422 0.030000 7.010523 0.150000 6.742631 0.030000
4.698956 0.030000 4.630131 0.030000 1.571450 0.030000 1.675660 0.030000 3.189581 0.030000 3.072736 0.030000 9.723867 0.150000 8.054749 0.030000 6.706944 0.030000 6.775225 0.030000
4.753003 0.030000 4.972315 0.150000 1.501716 0.030000 2.078886 0.150000 3.231506 0.030000 3.098328 0.030000 8.101671 0.030000 7.970117 0.030000 6.729584 0.030000 6.760111 0.030000
4.729703 0.030000 4.570760 0.030000 1.538954 0.030000 1.575728 0.030000 3.219983 0.030000 3.108488 0.030000 8.137600 0.030000 8.002140 0.030000 6.692166 0.030000 6.727979 0.030000
4.470664 0.150000 4.602701 0.030000 1.449808 0.030000 1.614102 0.030000 3.254070 0.030000 3.072713 0.030000 8.244599 0.150000 8.027618 0.030000 6.709546 0.030000 6.742230 0.030000
4.797421 0.030000 4.638399 0.030000 1.468878 0.030000 1.610045 0.030000 3.245540 0.030000 3.135911 0.030000 8.145719 0.030000 8.551678 0.150000 6.768134 0.030000 6.734006 0.030000
4.790729 0.030000 4.683597 0.030000 1.458050 0.030000 1.599415 0.030000 3.242443 0.030000 3.185647 0.030000 8.171184 0.030000 8.010830 0.030000 6.764149 0.030000 6.719420 0.030000
4.831231 0.030000 5.358972 0.150000 1.423984 0.030000 1.531157 0.030000 3.274677 0.030000 3.166383 0.030000 8.204135 0.030000 8.079414 0.030000 6.678400 0.030000 6.748336 0.030000
4.844203 0.030000 4.646172 0.030000 1.448909 0.030000 1.556930 0.030000 3.301820 0.030000 3.189257 0.030000 8.207352 0.030000 8.054534 0.030000 6.737280 0.030000 6.748650 0.030000
5.668262 0.150000 4.682148 0.030000 1.409071 0.030000 1.602385 0.150000 3.250980 0.030000 3.183608 0.030000 8.175979 0.030000 8.343481 0.150000 6.690424 0.030000 6.743737 0.030000
4.896449 0.030000 4.721651 0.030000 1.391130 0.030000 1.510505 0.030000 3.291283 0.030000 3.253613 0.030000 8.197193 0.030000 8.099825 0.030000 6.719938 0.030000 6.726215 0.030000
4.880627 0.030000 4.783450 0.030000 1.366237 0.030000 1.471479 0.030000 3.244000 0.030000 3.172038 0.030000 8.175765 0.030000 8.118545 0.030000 6.864406 0.150000 6.773929 0.030000
4.902120 0.030000 4.751107 0.030000 1.393747 0.030000 1.509046 0.030000 3.311783 0.030000 3.227757 0.030000 8.201363 0.030000 8.566046 0.150000 6.635846 0.030000 6.688710 0.030000
4.951935 0.030000 4.761261 0.030000 1.342336 0.030000 1.768435 0.150000 3.293089 0.030000 3.206858 0.030000 8.193604 0.030000 8.070410 0.030000 6.697928 0.030000 6.704614 0.030000
4.899610 0.030000 4.739512 0.030000 1.325252 0.030000 1.448521 0.030000 3.283682 0.030000 3.214837 0.030000 8.171832 0.030000 8.107307 0.030000 6.718786 0.030000 6.689305 0.030000
4.986720 0.030000 4.839768 0.030000 1.272174 0.030000 1.454002 0.030000 3.311525 0.030000 3.263771 0.030000 8.243010 0.030000 8.154433 0.030000 6.652481 0.030000 6.727117 0.030000
4.963985 0.030000 4.811846 0.030000 1.317918 0.030000 2.324343 0.150000 3.308834 0.030000 3.225551 0.030000 8.230667 0.150000 8.037104 0.150000 6.665026 0.030000 6.675695 0.030000
4.966074 0.030000 4.872000 0.030000 1.340343 0.030000 1.396348 0.030000 3.305102 0.030000 3.281018 0.030000 8.262122 0.030000 8.148194 0.030000 6.684117 0.030000 6.660892 0.030000
5.192849 0.150000 4.767685 0.030000 1.330058 0.030000 1.443301 0.030000 3.364193 0.030000 3.229781 0.030000 8.260312 0.030000 8.308411 0.150000 6.640900 0.030000 6.714904 0.030000
5.040670 0.030000 4.881431 0.030000 1.297652 0.030000 1.393446 0.030000 3.327032 0.030000 3.241500 0.030000 8.248199 0.030000 8.186090 0.030000 6.716188 0.030000 6.616636 0.150000
4.970931 0.030000 4.856025 0.030000 1.281229 0.030000 1.419004 0.030000 3.387101 0.030000 3.327205 0.030000 8.269307 0.030000 8.152075 0.030000 6.693759 0.030000 6.658303 0.030000
5.027388 0.030000 4.874906 0.030000 1.295173 0.030000 1.409534 0.030000 3.386434 0.030000 3.273414 0.030000 8.334672 0.030000 8.215109 0.030000 6.601708 0.030000 6.687473 0.030000
5.015809 0.030000 4.894240 0.030000 1.237261 0.030000 1.377386 0.030000 3.396631 0.030000 3.301400 0.030000 8.319433 0.030000 8.197693 0.030000 6.672931 0.030000 6.672325 0.030000
5.866538 0.150000 5.164493 0.150000 1.223037 0.030000 1.340833 0.030000 3.377813 0.030000 3.279591 0.030000 8.284723 0.030000 8.199262 0.030000 6.653287 0.030000 6.688735 0.030000
5.071921 0.030000 4.877212 0.030000 1.176127 0.030000 1.401178 0.030000 3.357613 0.030000 3.282676 0.030000 8.239263 0.030000 8.220801 0.030000 6.619528 0.030000 6.697019 0.030000
5.061739 0.030000 4.936019 0.030000 1.194671 0.030000 1.348116 0.030000 3.383500 0.030000 3.267143 0.030000 8.320493 0.030000 8.238821 0.030000 6.595706 0.030000 6.610735 0.030000
5.067584 0.030000 4.881756 0.030000 1.164230 0.030000 1.352076 0.030000 3.419410 0.030000 3.354953 0.030000 8.281956 0.030000 8.201736 0.030000 6.666352 0.030000 6.669142 0.030000
5.017116 0.030000 4.956632 0.030000 1.184524 0.030000 1.381793 0.150000 3.352782 0.030000 3.356901 0.030000 8.285985 0.030000 8.223670 0.030000 6.678698 0.030000 6.664070 0.030000
5.104031 0.030000 4.965481 0.030000 1.181003 0.030000 1.351328 0.030000 3.404040 0.030000 3.311029 0.030000 8.731908 0.150000 8.214314 0.030000 6.647592 0.030000 6.635537 0.030000
5.072988 0.030000 4.962867 0.030000 1.207495 0.030000 1.300162 0.030000 3.323359 0.150000 3.301949 0.030000 8.344169 0.030000 8.249337 0.030000 6.710012 0.030000 6.676131 0.030000
5.103068 0.030000 4.956446 0.030000 1.174300 0.030000 1.301378 0.030000 3.363359 0.030000 3.318413 0.030000 8.325893 0.030000 8.212968 0.030000 6.555834 0.150000 6.673646 0.030000
5.030550 0.030000 4.967257 0.030000 1.232007 0.030000 1.316572 0.030000 3.449684 0.030000 3.348013 0.030000 8.288015 0.030000 8.256254 0.030000 6.664012 0.030000 6.719246 0.030000
5.114448 0.030000 4.920488 0.030000 1.225487 0.030000 1.315773 0.030000 3.419482 0.030000 3.322555 0.030000 8.261010 0.030000 8.256864 0.030000 6.592795 0.030000 6.640115 0.030000
5.099475 0.030000 4.987919 0.030000 1.222700 0.030000 1.303701 0.030000 3.374601 0.030000 3.291106 0.030000 8.293601 0.030000 8.210067 0.030000 6.608123 0.030000 6.672900 0.030000
5.051360 0.030000 4.945262 0.030000 1.237431 0.030000 1.291644 0.030000 3.458286 0.030000 3.491669 0.150000 8.324888 0.030000 8.278799 0.030000 6.606928 0.030000 6.659317 0.030000
5.108201 0.030000 5.000808 0.030000 1.191520 0.030000 1.239798 0.030000 3.418037 0.030000 3.347539 0.030000 8.284528 0.030000 8.242580 0.030000 6.589851 0.030000 6.635408 0.030000
5.157977 0.030000 5.026258 0.030000 1.175229 0.030000 1.312779 0.030000 3.435978 0.030000 3.353788 0.030000 8.292279 0.030000 8.237316 0.030000 6.631967 0.030000 6.613031 0.030000
5.156246 0.030000 5.540006 0.150000 1.165555 0.030000 1.472760 0.150000 3.705589 0.150000 3.983315 0.150000 8.315245 0.030000 8.290364 0.030000 6.593345 0.030000 6.645205 0.030000
5.159544 0.030000 5.020003 0.030000 1.205287 0.030000 1.207489 0.030000 3.370157 0.030000 3.356371 0.030000 8.295164 0.030000 8.313037 0.030000 6.835739 0.150000 6.662175 0.030000
5.199064 0.030000 5.021388 0.030000 1.204859 0.030000 1.232861 0.030000 3.400596 0.030000 3.449726 0.030000 8.285442 0.030000 8.256945 0.030000 6.536827 0.030000 6.687788 0.030000
5.263527 0.030000 5.083327 0.030000 1.190884 0.030000 1.203854 0.030000 3.385344 0.030000 3.402045 0.030000 8.306747 0.030000 8.272650 0.030000 6.507200 0.030000 6.642201 0.030000
5.208136 0.030000 5.095728 0.030000 1.174212 0.030000 1.209025 0.030000 3.408370 0.030000 3.399989 0.030000 8.309598 0.030000 8.249956 0.150000 6.495746 0.030000 6.687841 0.030000
5.291666 0.030000 5.110969 0.030000 1.249598 0.030000 1.189908 0.030000 3.421860 0.030000 3.371677 0.030000 8.302180 0.030000 8.290073 0.030000 6.459455 0.030000 6.890218 0.150000
5.228311 0.030000 5.120061 0.030000 1.187152 0.030000 1.187872 0.030000 3.393755 0.030000 3.389683 0.030000 8.281069 0.030000 8.836050 0.150000 6.489305 0.030000 6.659487 0.030000
5.239489 0.030000 5.158966 0.030000 1.213295 0.030000 1.211395 0.030000 3.339991 0.030000 3.757168 0.150000 8.255165 0.030000 8.335711 0.030000 6.452289 0.030000 6.560196 0.030000
5.253051 0.030000 5.225535 0.030000 1.224502 0.030000 1.221371 0.030000 3.634425 0.150000 3.329813 0.030000 8.845993 0.150000 8.300931 0.150000 6.405443 0.030000 6.575410 0.030000
5.305353 0.030000 5.222366 0.030000 1.225397 0.030000 1.152520 0.030000 3.358369 0.030000 3.415378 0.030000 8.204521 0.030000 8.284476 0.030000 6.384502 0.030000 6.533923 0.030000
5.288681 0.030000 5.191280 0.030000 1.228411 0.030000 1.664730 0.150000 3.308394 0.030000 3.815006 0.150000 8.280625 0.150000 8.266154 0.030000 6.389554 0.030000 6.524197 0.030000
5.295153 0.030000 5.200034 0.030000 1.305489 0.030000 1.255270 0.030000 3.276744 0.030000 3.396727 0.030000 8.164213 0.030000 8.336764 0.030000 6.394519 0.150000 6.467805 0.030000
5.365589 0.030000 5.224745 0.030000 1.304112 0.030000 1.212364 0.030000 3.279907 0.030000 3.339818 0.030000 8.134212 0.030000 8.268357 0.030000 6.347648 0.030000 6.436509 0.030000
5.318796 0.030000 5.257365 0.030000 1.317278 0.030000 1.250609 0.030000 3.196859 0.030000 3.329427 0.030000 8.185417 0.030000 8.249413 0.030000 6.241199 0.030000 6.476509 0.030000
5.337676 0.030000 5.577890 0.150000 1.278660 0.150000 1.216043 0.030000 3.203140 0.030000 3.289121 0.030000 8.107849 0.030000 8.246950 0.030000 6.274213 0.030000 6.459090 0.030000
5.368403 0.030000 5.531994 0.150000 1.364284 0.030000 1.342076 0.150000 3.195206 0.030000 3.331539 0.030000 8.039942 0.150000 8.249570 0.030000 6.254180 0.030000 6.419459 0.030000
5.363287 0.030000 5.336160 0.030000 1.342901 0.030000 1.255724 0.030000 3.235867 0.030000 3.289702 0.030000 8.060728 0.030000 8.190184 0.030000 6.181612 0.030000 6.319106 0.030000
5.378491 0.030000 5.264217 0.030000 1.350527 0.030000 1.277459 0.030000 3.155322 0.030000 3.260181 0.030000 7.918558 0.150000 8.192482 0.030000 6.166408 0.030000 6.392493 0.030000
5.352425 0.030000 5.324176 0.030000 1.426673 0.030000 1.288016 0.030000 3.117992 0.030000 3.249308 0.030000 8.023035 0.030000 8.345186 0.150000 6.186572 0.030000 6.299544 0.030000
5.351233 0.030000 5.342457 0.030000 1.527065 0.150000 1.316076 0.030000 3.110629 0.030000 3.209426 0.030000 8.017063 0.030000 8.137500 0.030000 6.099673 0.030000 6.277039 0.030000
5.342270 0.030000 5.324350 0.030000 1.470099 0.030000 1.371230 0.030000 3.082614 0.030000 3.192829 0.030000 8.005024 0.030000 8.111550 0.030000 6.076672 0.030000 6.230035 0.030000
5.375295 0.030000 5.266738 0.030000 1.524326 0.030000 1.355655 0.030000 3.099518 0.030000 3.177601 0.030000 7.903909 0.150000 8.119862 0.030000 6.057456 0.030000 6.156670 0.030000
5.389593 0.030000 5.390988 0.030000 1.555563 0.030000 1.436910 0.030000 3.829486 0.150000 3.192421 0.030000 8.484484 0.150000 8.071272 0.030000 6.096635 0.030000 6.910818 0.150000
5.401898 0.030000 5.281578 0.030000 1.526033 0.030000 1.419866 0.030000 3.005188 0.030000 3.144724 0.030000 7.918258 0.030000 8.068916 0.030000 6.038088 0.030000 6.082204 0.030000
5.390023 0.030000 5.343102 0.030000 1.593941 0.030000 1.419314 0.030000 3.027374 0.030000 3.144217 0.030000 7.897401 0.030000 8.016403 0.030000 5.957683 0.030000 6.107557 0.030000
5.375536 0.030000 5.368684 0.030000 1.647570 0.030000 1.515728 0.030000 3.018212 0.030000 3.169964 0.030000 7.887375 0.030000 8.037107 0.030000 5.926049 0.030000 6.133170 0.030000
5.421594 0.030000 5.326948 0.030000 1.591431 0.030000 1.529008 0.030000 2.962879 0.030000 3.070793 0.030000 8.176711 0.150000 8.011006 0.030000 5.850236 0.030000 6.048174 0.030000
5.337377 0.030000 6.368277 0.150000 1.681936 0.030000 1.525446 0.030000 2.944536 0.030000 3.030694 0.030000 7.873389 0.030000 7.985273 0.030000 5.920086 0.030000 6.766999 0.150000
5.405448 0.030000 5.407162 0.030000 1.678695 0.030000 1.588369 0.030000 3.298961 0.150000 3.017820 0.030000 7.754851 0.030000 7.884659 0.030000 5.824338 0.030000 5.978369 0.030000
5.425839 0.030000 5.369502 0.030000 1.752082 0.030000 1.646619 0.150000 3.051576 0.150000 2.992780 0.030000 7.821481 0.030000 7.934863 0.030000 5.841021 0.030000 5.954211 0.150000
5.453474 0.030000 5.409462 0.030000 1.783121 0.030000 1.593467 0.030000 2.934467 0.150000 3.026802 0.030000 7.769557 0.030000 7.883119 0.030000 5.832957 0.030000 5.961132 0.030000
5.375202 0.030000 5.397156 0.030000 1.750504 0.030000 1.638528 0.030000 3.673332 0.150000 2.882614 0.150000 7.777593 0.030000 7.871730 0.030000 5.754343 0.030000 5.945500 0.030000
5.429798 0.150000 5.389626 0.030000 1.830587 0.030000 1.711437 0.030000 2.903420 0.030000 2.993771 0.030000 7.701586 0.030000 7.856732 0.030000 5.753777 0.030000 6.717126 0.150000
5.444242 0.030000 5.395533 0.030000 1.845532 0.030000 1.659736 0.030000 2.809736 0.030000 3.713411 0.150000 7.674875 0.030000 7.837300 0.030000 5.745928 0.030000 5.989464 0.150000
5.499892 0.030000 5.416547 0.030000 1.839956 0.030000 1.706749 0.030000 2.868962 0.150000 2.979632 0.030000 7.717656 0.030000 7.758006 0.030000 5.683164 0.030000 5.827743 0.030000
5.481370 0.030000 5.407280 0.030000 1.910384 0.030000 1.778199 0.030000 2.797527 0.030000 2.825544 0.030000 7.666624 0.030000 7.756781 0.030000 5.629546 0.030000 5.797360 0.030000
5.431173 0.030000 5.553091 0.150000 1.867702 0.030000 1.750940 0.030000 2.764296 0.030000 2.881739 0.030000 7.618105 0.150000 7.784648 0.030000 5.600987 0.030000 5.767293 0.030000
5.484552 0.030000 5.456438 0.030000 1.941628 0.030000 1.798711 0.030000 2.741016 0.030000 3.303699 0.150000 7.583996 0.030000 7.676712 0.030000 5.585307 0.030000 6.000470 0.150000
5.489521 0.030000 5.460549 0.030000 1.948373 0.030000 1.798064 0.030000 2.713273 0.030000 2.847322 0.030000 7.606112 0.030000 7.673470 0.030000 5.863082 0.150000 5.730715 0.030000
5.550564 0.030000 5.456670 0.030000 2.000846 0.030000 1.812680 0.030000 2.788295 0.030000 2.800804 0.030000 7.595183 0.030000 7.714235 0.030000 5.573618 0.030000 5.665349 0.030000
5.494314 0.030000 5.507852 0.030000 1.967713 0.030000 1.917989 0.030000 2.724140 0.030000 2.814464 0.030000 7.548233 0.030000 8.518975 0.150000 5.561146 0.030000 5.671887 0.030000
5.588910 0.030000 5.526055 0.150000 2.003948 0.030000 1.938126 0.030000 2.713299 0.030000 2.807026 0.030000 7.510105 0.030000 7.613320 0.030000 5.501717 0.030000 5.614886 0.030000
5.577885 0.030000 5.466063 0.030000 2.037984 0.030000 1.826510 0.030000 2.622014 0.030000 2.814209 0.030000 7.526108 0.030000 7.639227 0.030000 5.455758 0.030000 5.543543 0.030000
5.561721 0.030000 5.485812 0.030000 2.106568 0.030000 2.491766 0.150000 2.399447 0.150000 2.769535 0.030000 7.512742 0.030000 7.587528 0.030000 5.382681 0.030000 5.598556 0.030000
5.492484 0.030000 5.703942 0.150000 2.123819 0.030000 2.006315 0.030000 2.623485 0.030000 2.821360 0.030000 7.502893 0.030000 7.583368 0.030000 5.430933 0.030000 5.602179 0.030000
5.552163 0.030000 5.483204 0.030000 2.119836 0.030000 1.982418 0.030000 2.926438 0.150000 2.770458 0.030000 7.472055 0.030000 7.605941 0.030000 5.361334 0.030000 5.553601 0.030000
5.565420 0.030000 5.486270 0.030000 2.151053 0.030000 1.945758 0.030000 2.556044 0.030000 2.706433 0.030000 7.488761 0.030000 7.559713 0.030000 5.369683 0.030000 5.515445 0.030000
5.568044 0.030000 5.554361 0.030000 2.169782 0.030000 2.042947 0.030000 2.644649 0.030000 2.693440 0.030000 7.428823 0.030000 7.551051 0.030000 5.373460 0.030000 5.510722 0.030000
5.559144 0.030000 5.527326 0.030000 2.166011 0.030000 2.005143 0.030000 2.609598 0.030000 2.669970 0.030000 7.434690 0.030000 7.607902 0.030000 5.346966 0.030000 5.484624 0.030000
5.544977 0.030000 6.223188 0.150000 2.175316 0.030000 2.074966 0.030000 2.775632 0.150000 2.715485 0.030000 7.424019 0.030000 7.480363 0.030000 5.352346 0.030000 5.451405 0.030000
5.561961 0.030000 5.544172 0.030000 2.141478 0.030000 2.097187 0.030000 2.590570 0.030000 2.707015 0.030000 7.370615 0.030000 7.555157 0.030000 5.258985 0.030000 5.417558 0.030000
5.615051 0.030000 5.515609 0.030000 2.264177 0.030000 2.061609 0.030000 3.263325 0.150000 2.683064 0.030000 7.396401 0.030000 7.535413 0.030000 5.251210 0.030000 5.558243 0.150000
5.964846 0.150000 5.585903 0.030000 2.232651 0.030000 2.080446 0.030000 2.535151 0.030000 2.672128 0.030000 7.348098 0.030000 7.480377 0.030000 5.224691 0.030000 5.389541 0.030000
5.661918 0.030000 5.567956 0.030000 2.271173 0.030000 2.072257 0.030000 2.551113 0.030000 2.687786 0.030000 7.427827 0.030000 7.483929 0.150000 5.275833 0.030000 5.419196 0.030000
5.630249 0.030000 5.608816 0.030000 2.280869 0.030000 2.083217 0.030000 2.496939 0.030000 2.675260 0.030000 7.400657 0.030000 7.486971 0.030000 5.513374 0.150000 5.863252 0.150000
5.583337 0.030000 5.599256 0.030000 2.279472 0.030000 2.157027 0.030000 2.706448 0.150000 2.617687 0.030000 7.315177 0.030000 7.438795 0.030000 5.253113 0.030000 5.399932 0.030000
5.602129 0.030000 5.605006 0.030000 2.249424 0.030000 2.132079 0.030000 2.515914 0.030000 2.638499 0.030000 7.280986 0.030000 7.442608 0.030000 5.241599 0.030000 5.360542 0.030000
5.636982 0.030000 5.567522 0.030000 2.302224 0.030000 2.207585 0.030000 2.866262 0.150000 2.638277 0.030000 7.283136 0.030000 7.372191 0.030000 5.182004 0.030000 5.405055 0.030000
5.639648 0.030000 5.616288 0.030000 2.307934 0.030000 2.170024 0.030000 2.744283 0.150000 2.564095 0.030000 7.278580 0.030000 7.441725 0.030000 5.151316 0.030000 5.309859 0.030000
5.665975 0.030000 5.577044 0.030000 2.340278 0.030000 2.149694 0.030000 2.477916 0.030000 2.601427 0.030000 7.334675 0.030000 7.466625 0.030000 5.395645 0.150000 5.344978 0.030000
5.621768 0.030000 5.606686 0.030000 2.409083 0.030000 2.305857 0.150000 2.529947 0.030000 2.588558 0.030000 7.282153 0.030000 7.371718 0.030000 5.164827 0.030000 5.328636 0.030000
5.624115 0.030000 5.633093 0.030000 2.247395 0.150000 2.359050 0.150000 2.462514 0.030000 2.591107 0.030000 7.339300 0.030000 7.417934 0.030000 5.153240 0.150000 5.350873 0.030000
5.658230 0.030000 5.601966 0.030000 2.372992 0.030000 2.296056 0.030000 2.509883 0.030000 2.578186 0.030000 7.295405 0.030000 7.431415 0.030000 5.130378 0.030000 5.226677 0.030000
5.647565 0.030000 5.592997 0.030000 2.295005 0.030000 2.256403 0.030000 2.506284 0.030000 2.579546 0.030000 7.396089 0.150000 7.347739 0.030000 5.077706 0.030000 5.217188 0.030000
5.645556 0.030000 5.613521 0.030000 2.589675 0.150000 2.247148 0.030000 2.452036 0.030000 2.529123 0.030000 7.198297 0.030000 7.371452 0.030000 5.098067 0.030000 5.924233 0.150000
5.636063 0.030000 5.579031 0.030000 2.426775 0.030000 2.229939 0.030000 2.496924 0.030000 2.598078 0.030000 7.253293 0.030000 7.303262 0.030000 5.091825 0.030000 5.243599 0.030000
5.676143 0.150000 5.607128 0.030000 2.432996 0.030000 2.276321 0.030000 2.468848 0.030000 2.555641 0.030000 7.309766 0.030000 7.403611 0.030000 5.129061 0.030000 5.255221 0.030000
5.747454 0.150000 5.589743 0.030000 2.426122 0.030000 2.230047 0.030000 2.425575 0.030000 2.515569 0.030000 7.263838 0.030000 7.324116 0.030000 5.088556 0.030000 5.240801 0.030000
5.658835 0.030000 5.641503 0.030000 2.412104 0.030000 2.301429 0.030000 2.439483 0.030000 2.554422 0.030000 7.212929 0.030000 7.348012 0.030000 5.038962 0.030000 5.257706 0.150000
5.853763 0.150000 5.690355 0.150000 2.429653 0.030000 2.280755 0.030000 2.430643 0.030000 2.480100 0.030000 7.241879 0.030000 7.353639 0.030000 5.082449 0.030000 5.250125 0.030000
5.698835 0.030000 5.869036 0.150000 2.506612 0.030000 2.253176 0.030000 2.486750 0.030000 2.518477 0.030000 7.232987 0.030000 7.378359 0.030000 5.056648 0.030000 5.220785 0.030000
5.625444 0.030000 5.616293 0.030000 2.420343 0.030000 2.329072 0.030000 2.465316 0.030000 2.524323 0.030000 8.519147 0.150000 7.340827 0.030000 5.075146 0.030000 5.171878 0.030000
5.705001 0.030000 5.631909 0.030000 2.406083 0.030000 2.285313 0.030000 2.431888 0.030000 2.467188 0.030000 7.212883 0.030000 7.327506 0.030000 5.054190 0.030000 5.226662 0.030000
6.148909 0.150000 5.607650 0.030000 2.504177 0.030000 2.302547 0.030000 2.457184 0.030000 2.494287 0.030000 7.250112 0.030000 7.329000 0.030000 5.074145 0.030000 5.151385 0.030000
5.693012 0.030000 5.625888 0.030000 2.470227 0.030000 2.332394 0.030000 2.371146 0.030000 3.516869 0.150000 7.193180 0.030000 7.332017 0.030000 5.046466 0.030000 5.756297 0.150000
5.701365 0.150000 5.634436 0.030000 2.461912 0.030000 2.377563 0.030000 2.451151 0.030000 2.498959 0.030000 7.204136 0.030000 7.360595 0.030000 4.971223 0.030000 5.189713 0.030000
5.677436 0.030000 5.632953 0.030000 2.466722 0.030000 2.256931 0.150000 2.823634 0.150000 2.516639 0.030000 7.206867 0.030000 7.316594 0.030000 4.963566 0.030000 5.211546 0.030000
5.638096 0.030000 5.617682 0.030000 2.492614 0.030000 2.323876 0.030000 2.413494 0.030000 2.479469 0.030000 7.142933 0.030000 7.296947 0.150000 4.975514 0.030000 5.112473 0.030000
5.656395 0.030000 5.806287 0.150000 2.500533 0.030000 2.302599 0.030000 2.396298 0.030000 2.552821 0.030000 7.154235 0.030000 7.254942 0.030000 5.000069 0.030000 5.131332 0.030000
5.613193 0.030000 5.688698 0.030000 2.507767 0.030000 2.534265 0.150000 2.407115 0.030000 2.447803 0.030000 7.147460 0.030000 7.327928 0.150000 5.047383 0.030000 5.137720 0.030000
5.720067 0.030000 5.646283 0.030000 2.565633 0.030000 2.360710 0.030000 2.406714 0.030000 2.452545 0.030000 7.116336 0.030000 7.262210 0.030000 4.998603 0.030000 5.107909 0.030000
5.654127 0.030000 5.691757 0.030000 2.515199 0.030000 2.437601 0.030000 2.341701 0.030000 2.529045 0.030000 7.072316 0.030000 7.219856 0.030000 4.971746 0.030000 5.104218 0.030000
5.718239 0.030000 5.672855 0.030000 2.545126 0.030000 2.420459 0.030000 2.304089 0.030000 2.473404 0.030000 7.124787 0.030000 7.239498 0.030000 5.010302 0.030000 5.066512 0.030000
5.668742 0.030000 5.666912 0.150000 2.549383 0.030000 2.474384 0.030000 2.304508 0.030000 2.484126 0.030000 7.155209 0.150000 7.228960 0.030000 4.913002 0.030000 5.083101 0.030000
5.579114 0.030000 5.661819 0.030000 2.573486 0.030000 3.062906 0.150000 2.319011 0.030000 2.473796 0.030000 7.010514 0.030000 7.590539 0.150000 4.947119 0.030000 5.048733 0.030000
6.461540 0.150000 5.711288 0.030000 2.624357 0.030000 2.481776 0.030000 2.302391 0.030000 2.432889 0.030000 7.024558 0.030000 7.246936 0.030000 4.950538 0.030000 5.082344 0.030000
5.599121 0.030000 5.633907 0.030000 2.640347 0.030000 2.640320 0.150000 2.267684 0.030000 2.414082 0.030000 7.075663 0.030000 7.157180 0.150000 4.977549 0.030000 5.066436 0.030000
5.582889 0.030000 5.676546 0.030000 2.655602 0.030000 2.491873 0.030000 2.687119 0.150000 2.373128 0.030000 7.009944 0.030000 7.135524 0.030000 4.913735 0.030000 5.030210 0.030000
6.047994 0.150000 5.621885 0.030000 2.615924 0.030000 2.568778 0.030000 2.192105 0.030000 2.317953 0.030000 6.973428 0.030000 7.890129 0.150000 4.999072 0.030000 4.975169 0.030000
5.538175 0.030000 5.650680 0.030000 2.687891 0.030000 2.525853 0.030000 2.157599 0.030000 2.374861 0.030000 6.953580 0.030000 7.090249 0.030000 4.928858 0.030000 4.971550 0.030000
5.620035 0.150000 5.640073 0.030000 2.716316 0.030000 2.552300 0.030000 2.236104 0.150000 2.273750 0.150000 6.926530 0.030000 7.102515 0.030000 4.932842 0.030000 4.938587 0.030000
5.573215 0.150000 5.621442 0.030000 2.709029 0.030000 2.659434 0.030000 2.092594 0.030000 2.219697 0.030000 6.866627 0.030000 6.988850 0.030000 4.911494 0.030000 4.951803 0.030000
5.485868 0.030000 5.611180 0.030000 2.754132 0.030000 2.575453 0.030000 2.338330 0.150000 2.228499 0.030000 6.855938 0.030000 7.054898 0.150000 4.922553 0.150000 4.939839 0.030000
5.478610 0.030000 5.614763 0.030000 2.754491 0.030000 2.673348 0.030000 2.058772 0.030000 2.868480 0.150000 7.599080 0.150000 6.983229 0.030000 4.915229 0.030000 4.993252 0.030000
5.433829 0.030000 5.556621 0.030000 2.779768 0.030000 2.654063 0.030000 2.069443 0.030000 2.186422 0.030000 6.811175 0.030000 6.933485 0.030000 4.984424 0.030000 4.970441 0.030000
5.437515 0.030000 5.542895 0.030000 2.738776 0.030000 2.694750 0.030000 2.021447 0.030000 2.196168 0.030000 6.816452 0.030000 7.240980 0.150000 5.236591 0.150000 4.912909 0.030000
5.407994 0.030000 6.160717 0.150000 2.736666 0.030000 3.847855 0.150000 1.987484 0.030000 2.173692 0.030000 6.740385 0.030000 6.872364 0.030000 4.989190 0.030000 4.929616 0.030000
5.353784 0.030000 5.483637 0.030000 2.761562 0.030000 2.689948 0.030000 1.953673 0.030000 2.066777 0.030000 6.789496 0.030000 6.913055 0.030000 4.995185 0.030000 5.455209 0.150000
5.306485 0.030000 5.508089 0.030000 2.869422 0.030000 2.684566 0.030000 1.922269 0.030000 2.098177 0.030000 6.746942 0.030000 6.818740 0.030000 4.961430 0.030000 4.946050 0.030000
5.361812 0.030000 5.572150 0.150000 2.855773 0.030000 3.166390 0.150000 1.923687 0.030000 2.034131 0.030000 6.692207 0.030000 6.888448 0.030000 4.982526 0.030000 4.956008 0.030000
5.240405 0.030000 5.415581 0.030000 2.874973 0.030000 2.720809 0.030000 1.883488 0.030000 3.015482 0.150000 6.695636 0.030000 6.843815 0.030000 4.991011 0.030000 4.959981 0.030000
5.262488 0.030000 5.404188 0.030000 2.852809 0.030000 2.798809 0.030000 1.878654 0.030000 1.948824 0.030000 6.659602 0.030000 6.992152 0.150000 4.999262 0.030000 4.980802 0.030000
5.235828 0.030000 5.346925 0.150000 2.860058 0.030000 2.761720 0.030000 1.825276 0.030000 1.936455 0.030000 6.655154 0.030000 6.746119 0.030000 5.023146 0.030000 5.215349 0.150000
5.173874 0.030000 5.320650 0.030000 2.888506 0.030000 2.810711 0.030000 1.829931 0.030000 1.988812 0.030000 6.561685 0.030000 6.763642 0.030000 4.972621 0.030000 4.915751 0.030000
5.162730 0.030000 5.254285 0.030000 2.922876 0.030000 2.861691 0.030000 1.930581 0.150000 1.923637 0.030000 6.591500 0.030000 6.703293 0.030000 5.009642 0.030000 4.976526 0.030000
5.172363 0.030000 5.292111 0.150000 2.956896 0.030000 2.790623 0.030000 1.764776 0.030000 1.886079 0.030000 6.589718 0.030000 6.688137 0.030000 5.037848 0.030000 4.968410 0.030000
5.142157 0.030000 5.273459 0.030000 2.943175 0.030000 3.767701 0.150000 1.773282 0.030000 1.837036 0.030000 6.581238 0.030000 6.746988 0.030000 5.088703 0.030000 4.995311 0.030000
5.097626 0.030000 5.270399 0.030000 2.931839 0.150000 2.908507 0.030000 1.666818 0.030000 1.863933 0.030000 6.611958 0.030000 6.640920 0.030000 5.081801 0.030000 4.992901 0.030000
5.106477 0.030000 5.185002 0.030000 4.435915 0.150000 2.881491 0.030000 1.641181 0.030000 1.794341 0.030000 6.518316 0.030000 6.604927 0.030000 5.042323 0.030000 4.978004 0.030000
5.039558 0.030000 5.169132 0.030000 2.981959 0.030000 2.885948 0.030000 1.658720 0.030000 1.756869 0.030000 6.508006 0.030000 6.562425 0.030000 5.092236 0.030000 5.062363 0.030000
4.960212 0.030000 5.166749 0.030000 2.969973 0.030000 2.898897 0.030000 1.647508 0.030000 1.695308 0.030000 6.557345 0.030000 6.577083 0.030000 5.043198 0.030000 5.094078 0.030000
4.941977 0.030000 5.108088 0.030000 2.977777 0.030000 2.978183 0.030000 1.574669 0.150000 1.764122 0.030000 6.513531 0.030000 6.578089 0.030000 5.088666 0.030000 4.995623 0.030000
4.921062 0.030000 5.124532 0.030000 3.078251 0.030000 2.944256 0.030000 1.613091 0.030000 1.683501 0.030000 6.451260 0.030000 6.483789 0.030000 5.097331 0.030000 5.054971 0.030000
4.898244 0.030000 5.095754 0.030000 3.000638 0.030000 2.962010 0.030000 1.597870 0.030000 1.700632 0.030000 6.430576 0.030000 6.511176 0.030000 5.106537 0.030000 5.064662 0.030000
5.067189 0.150000 5.050774 0.030000 3.057935 0.030000 2.973903 0.030000 1.522574 0.030000 1.700542 0.030000 6.514634 0.150000 6.548561 0.030000 5.128226 0.030000 5.126294 0.030000
4.896265 0.030000 4.974428 0.030000 3.351418 0.150000 3.045762 0.030000 1.489082 0.030000 1.621318 0.030000 6.355158 0.030000 6.506183 0.030000 5.153847 0.030000 5.046636 0.030000
4.884297 0.030000 4.932053 0.030000 3.124288 0.030000 3.050001 0.030000 1.459358 0.030000 1.555978 0.030000 6.332285 0.030000 6.416950 0.030000 5.145151 0.030000 5.064465 0.030000
4.857648 0.030000 4.995918 0.030000 3.085995 0.030000 3.250563 0.150000 1.465411 0.030000 1.563911 0.030000 6.348492 0.030000 6.434214 0.030000 5.122856 0.030000 5.065200 0.030000
4.804025 0.030000 4.906682 0.030000 3.165081 0.030000 3.024032 0.030000 1.430821 0.030000 1.545508 0.030000 6.355806 0.030000 6.428652 0.030000 5.181406 0.030000 5.108925 0.030000
5.366884 0.150000 4.926820 0.030000 3.127883 0.030000 3.192925 0.150000 1.370236 0.030000 1.539084 0.030000 6.293127 0.030000 6.416040 0.030000 5.190156 0.030000 5.618448 0.150000
4.776915 0.030000 4.887514 0.030000 3.168939 0.030000 3.044015 0.030000 1.408004 0.030000 1.480240 0.030000 6.266840 0.030000 6.407896 0.030000 5.687229 0.150000 5.162195 0.030000
4.980029 0.150000 4.873074 0.030000 3.209502 0.030000 3.119995 0.030000 1.373360 0.030000 1.533815 0.030000 6.266598 0.030000 6.363580 0.030000 5.182729 0.030000 5.166771 0.030000
4.715843 0.030000 4.824486 0.030000 3.045792 0.150000 3.156429 0.030000 1.309882 0.030000 2.150686 0.150000 6.206763 0.030000 6.412927 0.030000 5.222552 0.030000 5.136931 0.030000
4.651210 0.030000 4.791755 0.030000 3.247162 0.030000 3.150614 0.030000 1.362945 0.030000 1.435765 0.030000 6.226847 0.030000 7.264641 0.150000 5.206163 0.030000 5.117954 0.030000
4.679191 0.030000 4.789384 0.030000 3.341276 0.030000 3.076639 0.150000 1.287717 0.030000 1.417682 0.030000 6.699856 0.150000 6.297774 0.030000 5.538165 0.150000 5.161950 0.030000
5.152421 0.150000 5.402034 0.150000 3.273450 0.030000 3.202952 0.030000 1.260685 0.030000 1.418176 0.030000 6.195111 0.030000 6.319120 0.030000 5.282889 0.030000 5.143268 0.030000
4.610454 0.150000 4.658099 0.030000 3.335570 0.030000 3.515649 0.150000 1.301292 0.030000 1.310634 0.030000 6.154990 0.030000 6.282387 0.030000 5.246163 0.030000 5.575826 0.150000
4.550284 0.030000 4.737554 0.030000 3.320739 0.030000 3.225398 0.030000 1.241499 0.030000 1.366035 0.030000 6.173568 0.030000 6.232914 0.030000 5.298131 0.030000 5.179064 0.030000
4.550898 0.030000 4.717421 0.030000 3.321986 0.030000 3.220305 0.030000 1.237290 0.030000 1.318524 0.030000 6.106420 0.030000 6.186412 0.030000 5.271660 0.030000 5.223831 0.030000
4.552600 0.030000 4.650680 0.030000 3.373743 0.030000 3.707499 0.150000 1.210391 0.030000 1.440275 0.150000 6.128560 0.030000 6.237081 0.030000 5.732225 0.150000 5.172279 0.030000
4.440866 0.030000 4.571148 0.030000 3.358816 0.030000 3.302101 0.030000 1.227439 0.030000 1.291561 0.030000 6.091292 0.030000 6.227038 0.030000 5.286948 0.030000 5.202198 0.030000
4.513664 0.030000 4.597056 0.030000 3.407870 0.030000 3.276355 0.150000 1.190281 0.030000 1.326476 0.030000 6.096054 0.030000 6.147370 0.030000 5.322090 0.030000 5.309664 0.030000
4.459842 0.030000 4.618414 0.030000 3.500095 0.030000 3.288706 0.030000 1.138745 0.150000 1.213865 0.030000 6.119704 0.030000 6.139885 0.030000 5.368889 0.030000 5.237774 0.030000
4.450013 0.030000 4.576782 0.030000 3.387097 0.030000 3.442036 0.150000 1.145607 0.030000 1.242616 0.030000 6.057697 0.030000 6.104710 0.030000 5.299291 0.030000 5.278052 0.030000
4.386548 0.030000 4.739742 0.150000 3.471696 0.030000 3.382017 0.030000 1.150718 0.030000 1.142407 0.030000 6.144591 0.150000 6.098823 0.030000 5.355498 0.030000 5.365495 0.030000
4.408556 0.030000 4.473691 0.030000 3.461327 0.030000 3.366675 0.030000 1.218608 0.150000 1.180049 0.030000 6.045612 0.030000 6.108881 0.030000 5.349491 0.030000 5.307697 0.030000
4.368550 0.030000 4.490287 0.030000 3.426828 0.030000 3.352176 0.030000 1.086037 0.030000 1.107100 0.030000 5.999312 0.030000 6.042608 0.030000 5.353433 0.030000 5.274533 0.030000
4.324433 0.030000 4.431077 0.030000 3.597806 0.030000 3.474018 0.030000 1.039712 0.030000 1.115821 0.030000 5.950416 0.030000 6.025593 0.030000 5.399705 0.030000 5.311425 0.030000
4.342357 0.030000 4.436524 0.030000 3.607814 0.030000 3.406548 0.030000 1.044764 0.030000 1.127749 0.030000 5.983571 0.030000 6.045112 0.030000 5.435375 0.030000 5.284715 0.030000
4.348712 0.030000 4.391244 0.030000 3.577086 0.030000 3.812182 0.150000 1.021006 0.030000 1.165495 0.030000 5.924944 0.030000 6.090786 0.030000 5.381953 0.030000 5.364618 0.030000
4.310471 0.030000 4.385333 0.030000 3.587642 0.030000 3.501501 0.030000 0.968370 0.030000 1.091182 0.030000 5.901219 0.030000 6.433509 0.150000 5.456951 0.030000 6.220354 0.150000
4.217046 0.030000 4.329401 0.030000 3.617861 0.030000 3.488458 0.030000 0.912255 0.150000 1.074988 0.030000 5.934737 0.030000 5.975916 0.030000 5.434189 0.030000 5.355884 0.030000
4.220539 0.030000 4.363301 0.030000 3.657807 0.030000 3.513517 0.030000 1.008187 0.030000 1.049319 0.030000 5.668053 0.150000 6.183984 0.150000 5.462394 0.030000 5.380035 0.030000
4.155055 0.030000 4.364974 0.030000 3.654496 0.030000 3.563621 0.030000 1.178482 0.150000 1.080238 0.030000 6.443607 0.150000 5.980734 0.030000 5.442565 0.030000 5.400968 0.030000
4.139812 0.030000 4.310780 0.030000 3.641175 0.030000 3.485023 0.030000 0.981567 0.030000 1.011001 0.030000 5.857598 0.030000 5.914826 0.030000 5.490317 0.030000 5.424186 0.030000
4.369379 0.150000 4.257122 0.030000 3.893484 0.150000 3.630812 0.030000 0.950051 0.030000 1.029761 0.030000 5.837364 0.030000 5.978965 0.030000 6.255682 0.150000 5.463411 0.030000
4.148826 0.030000 4.217838 0.030000 3.711655 0.030000 3.637579 0.030000 0.935472 0.030000 1.004988 0.030000 5.747899 0.030000 5.908194 0.030000 5.542185 0.030000 5.418446 0.030000
4.096290 0.030000 4.257694 0.030000 3.709974 0.030000 3.650839 0.030000 0.990516 0.030000 1.000733 0.030000 5.712691 0.030000 5.887906 0.030000 5.514126 0.030000 6.056202 0.150000
4.089715 0.030000 4.183031 0.030000 3.835142 0.030000 3.889600 0.150000 0.986874 0.030000 0.967685 0.030000 5.747419 0.030000 5.838010 0.030000 5.513894 0.030000 5.872842 0.150000
4.080328 0.030000 4.205738 0.030000 3.808118 0.030000 4.060265 0.150000 1.241772 0.150000 1.029021 0.030000 5.776418 0.030000 5.830182 0.030000 5.601349 0.030000 5.502188 0.030000
3.989593 0.030000 4.166267 0.030000 4.340964 0.150000 3.723746 0.030000 0.895804 0.030000 0.966397 0.030000 5.746010 0.030000 5.876936 0.030000 5.529563 0.030000 5.499737 0.030000
4.009199 0.030000 4.182382 0.030000 3.867856 0.030000 3.717505 0.030000 0.911121 0.030000 0.928685 0.030000 5.994643 0.150000 5.800777 0.030000 5.534290 0.030000 5.484835 0.030000
4.011285 0.030000 4.111556 0.030000 4.271434 0.150000 3.757348 0.030000 0.921739 0.030000 1.023177 0.030000 5.764205 0.030000 5.832306 0.150000 5.573084 0.030000 5.623197 0.030000
4.012969 0.030000 4.068263 0.030000 3.858556 0.030000 3.814873 0.030000 0.961303 0.030000 0.948220 0.030000 5.693313 0.030000 5.778095 0.030000 5.595159 0.030000 5.564871 0.030000
3.961334 0.030000 4.085238 0.030000 3.943706 0.030000 3.802233 0.030000 0.908724 0.030000 0.952257 0.030000 5.655706 0.030000 5.718906 0.030000 5.657136 0.030000 5.579206 0.030000
3.952471 0.030000 4.025842 0.030000 3.942076 0.030000 3.884261 0.030000 0.982346 0.030000 1.376075 0.150000 5.647430 0.030000 5.712802 0.030000 5.668400 0.030000 5.520930 0.030000
3.889658 0.030000 4.033709 0.030000 3.998058 0.030000 3.868291 0.030000 0.923167 0.030000 0.912532 0.030000 5.627383 0.030000 5.714189 0.030000 5.671461 0.030000 5.594714 0.030000
3.855551 0.030000 3.977327 0.030000 3.969510 0.030000 3.867144 0.030000 0.961467 0.030000 0.916748 0.030000 5.637493 0.030000 5.695508 0.030000 5.758768 0.030000 5.637236 0.030000
3.861344 0.030000 3.919554 0.030000 3.993748 0.030000 3.887888 0.030000 0.907623 0.030000 0.921127 0.030000 5.681705 0.150000 5.676117 0.030000 5.705903 0.030000 5.600324 0.030000
3.848450 0.030000 3.965657 0.030000 4.068441 0.030000 3.944955 0.030000 1.044597 0.150000 0.890622 0.030000 5.579685 0.030000 5.648948 0.030000 5.729614 0.030000 5.644110 0.030000
3.864491 0.030000 4.321498 0.150000 4.037030 0.030000 3.916913 0.030000 0.898570 0.030000 1.087202 0.150000 5.541268 0.030000 6.169005 0.150000 6.200405 0.150000 5.652734 0.030000
4.170324 0.150000 3.913471 0.030000 4.210157 0.150000 3.966516 0.030000 0.896355 0.030000 0.980822 0.030000 5.587916 0.030000 5.854472 0.150000 5.780612 0.030000 5.711774 0.030000
3.801712 0.030000 3.830748 0.030000 4.153578 0.030000 3.962833 0.030000 0.953987 0.030000 0.946132 0.030000 5.609542 0.030000 5.595739 0.030000 5.785062 0.030000 5.754328 0.150000
3.778448 0.150000 3.853940 0.030000 4.080102 0.030000 4.007714 0.030000 1.009860 0.030000 0.948609 0.030000 5.585773 0.030000 5.661882 0.030000 5.804564 0.030000 5.695712 0.030000
3.766945 0.030000 3.829583 0.030000 4.138728 0.030000 3.979173 0.030000 0.984299 0.030000 0.943790 0.030000 5.522610 0.030000 5.613190 0.030000 5.789477 0.030000 5.702113 0.030000
3.654942 0.030000 3.771531 0.030000 4.876487 0.150000 4.061994 0.030000 0.979753 0.030000 0.914467 0.030000 5.509909 0.150000 5.563932 0.030000 5.743232 0.150000 5.778578 0.030000
3.730604 0.030000 3.719119 0.030000 4.146689 0.030000 4.093451 0.030000 0.943614 0.030000 0.948182 0.030000 5.512352 0.030000 5.810598 0.150000 5.925733 0.030000 5.739896 0.030000
3.606291 0.150000 3.712726 0.030000 4.255934 0.030000 4.109031 0.030000 1.327886 0.150000 0.988892 0.030000 5.540415 0.150000 5.565677 0.030000 5.859716 0.030000 5.786533 0.030000
3.653353 0.030000 3.758866 0.030000 4.220805 0.030000 4.145534 0.030000 0.973120 0.030000 0.938643 0.030000 5.411480 0.030000 5.599578 0.030000 5.855153 0.030000 5.787620 0.030000
3.627743 0.030000 4.485044 0.150000 4.332182 0.030000 4.175884 0.030000 1.005838 0.030000 0.939038 0.030000 5.831830 0.150000 5.482680 0.030000 5.892864 0.030000 5.846109 0.030000
3.939462 0.150000 3.635378 0.030000 4.307140 0.030000 4.203886 0.030000 1.062901 0.030000 0.999445 0.030000 5.436759 0.150000 5.865249 0.150000 6.606354 0.150000 5.807145 0.030000
3.616013 0.030000 3.686503 0.030000 4.324149 0.030000 4.191939 0.030000 1.121577 0.030000 0.995766 0.030000 5.387533 0.030000 5.485272 0.030000 5.923521 0.030000 5.839515 0.030000
3.531781 0.030000 3.670781 0.030000 4.376252 0.030000 4.260596 0.030000 1.033376 0.030000 1.007166 0.030000 5.303309 0.150000 5.450295 0.030000 5.964119 0.030000 5.864948 0.030000
5.202202 0.150000 3.616309 0.030000 4.372026 0.030000 4.191916 0.030000 1.039746 0.030000 1.033804 0.030000 5.363353 0.030000 5.446584 0.030000 5.988718 0.030000 5.897803 0.030000
3.504952 0.030000 4.544581 0.150000 4.399323 0.030000 4.244753 0.030000 1.104909 0.030000 1.040757 0.030000 5.404542 0.030000 5.408798 0.030000 6.067375 0.150000 5.925744 0.030000
3.517450 0.030000 3.510900 0.030000 4.392237 0.030000 4.292537 0.030000 1.120457 0.030000 1.020544 0.030000 5.372174 0.030000 5.373763 0.030000 5.953971 0.030000 6.515833 0.150000
3.896864 0.150000 3.517198 0.030000 4.468439 0.030000 4.307489 0.030000 1.129246 0.030000 1.081360 0.030000 5.375168 0.030000 6.085537 0.150000 6.010766 0.030000 5.877353 0.030000
3.462880 0.030000 3.599608 0.030000 4.433487 0.030000 4.343385 0.030000 1.151570 0.030000 1.192867 0.150000 5.359858 0.030000 5.427484 0.030000 6.023740 0.030000 5.925357 0.030000
3.415133 0.030000 3.534339 0.030000 4.510508 0.030000 4.381640 0.030000 1.213660 0.150000 1.098686 0.030000 5.345488 0.030000 5.398331 0.030000 6.058059 0.030000 5.991313 0.030000
3.429530 0.030000 3.493478 0.030000 4.501717 0.030000 4.161769 0.150000 1.217509 0.030000 1.124531 0.030000 5.305113 0.030000 5.388590 0.030000 6.098987 0.030000 5.989580 0.030000
3.411962 0.030000 3.483466 0.030000 4.487889 0.030000 4.433912 0.030000 1.182673 0.030000 1.145157 0.030000 5.302104 0.030000 5.323987 0.030000 6.109542 0.030000 6.052884 0.030000
3.379907 0.030000 3.463605 0.030000 4.507756 0.030000 4.413690 0.030000 1.174360 0.030000 1.139115 0.030000 5.303052 0.030000 5.361708 0.030000 6.098854 0.030000 5.988549 0.030000
3.345960 0.030000 3.467384 0.030000 4.654936 0.030000 4.458947 0.030000 1.176715 0.030000 1.145924 0.030000 5.251086 0.030000 5.325411 0.030000 6.098032 0.030000 5.999425 0.030000
3.339981 0.030000 3.851427 0.150000 4.609530 0.030000 4.478065 0.030000 1.272375 0.030000 1.199529 0.030000 5.249934 0.030000 5.310557 0.030000 6.134026 0.030000 6.048507 0.030000
3.251106 0.030000 3.442567 0.030000 4.581325 0.030000 4.496162 0.030000 1.237258 0.030000 1.621394 0.150000 5.187642 0.030000 5.318191 0.030000 6.105688 0.030000 6.051608 0.030000
3.303551 0.030000 3.347801 0.030000 4.677063 0.030000 4.540266 0.030000 1.270209 0.030000 1.231038 0.030000 5.225167 0.030000 5.295873 0.030000 6.177682 0.030000 6.063574 0.030000
3.295960 0.030000 3.676456 0.150000 4.732173 0.030000 4.525178 0.030000 1.329140 0.030000 1.210124 0.030000 5.261612 0.030000 5.254433 0.030000 6.209374 0.030000 6.105076 0.030000
3.254002 0.030000 3.367599 0.030000 4.741554 0.030000 4.623388 0.030000 1.342875 0.030000 1.238358 0.030000 5.156897 0.030000 5.258496 0.030000 6.226629 0.030000 6.092076 0.030000
3.250745 0.030000 3.369601 0.030000 4.781205 0.030000 4.648867 0.030000 1.394248 0.030000 1.266680 0.030000 5.195402 0.030000 5.753822 0.150000 6.230730 0.030000 6.126803 0.030000
3.200377 0.030000 3.308064 0.030000 4.798027 0.030000 4.624469 0.030000 1.356172 0.030000 1.303539 0.030000 5.154663 0.030000 5.409525 0.150000 6.282720 0.030000 7.425567 0.150000
3.243855 0.030000 3.282943 0.030000 4.829454 0.030000 4.642292 0.030000 1.379011 0.030000 1.300020 0.030000 5.219280 0.030000 5.220655 0.030000 6.272002 0.030000 6.188149 0.030000
3.094673 0.030000 3.270033 0.030000 4.880363 0.030000 4.676016 0.030000 1.367496 0.030000 1.313000 0.030000 5.153568 0.030000 5.200170 0.030000 6.305184 0.030000 6.206536 0.030000
3.152458 0.030000 3.255742 0.030000 4.817654 0.030000 4.727378 0.030000 2.910408 0.150000 1.403918 0.030000 5.167198 0.030000 5.152493 0.030000 6.473599 0.150000 6.196407 0.030000
3.137255 0.030000 3.271259 0.030000 4.861371 0.030000 4.787218 0.030000 1.508728 0.030000 1.371920 0.030000 5.125226 0.030000 5.175519 0.030000 6.306555 0.030000 6.225944 0.030000
3.131904 0.030000 3.281927 0.030000 4.863284 0.030000 4.745114 0.030000 1.478040 0.030000 1.445281 0.030000 5.111418 0.030000 5.142045 0.030000 6.390862 0.030000 6.246397 0.030000
3.188135 0.150000 3.195401 0.030000 4.904304 0.030000 4.778684 0.030000 1.542603 0.030000 1.420925 0.030000 5.118425 0.030000 5.191224 0.030000 6.316575 0.030000 6.238171 0.030000
3.121056 0.030000 3.778034 0.150000 4.884508 0.030000 4.797775 0.030000 1.571726 0.030000 1.428694 0.030000 5.072006 0.030000 5.120815 0.030000 6.362438 0.030000 6.321548 0.030000
3.072959 0.030000 3.225897 0.030000 4.988689 0.030000 4.872744 0.030000 1.560897 0.030000 1.457110 0.030000 5.117681 0.030000 5.539844 0.150000 6.617364 0.150000 6.578612 0.150000
3.140548 0.030000 3.120598 0.030000 4.971723 0.030000 4.886903 0.030000 1.570644 0.030000 1.507354 0.030000 5.058588 0.030000 5.105617 0.030000 7.495640 0.150000 6.351681 0.030000
3.015725 0.030000 3.172639 0.030000 5.037500 0.030000 4.908541 0.030000 1.569629 0.030000 1.500400 0.150000 5.081686 0.030000 5.120437 0.030000 6.446835 0.030000 7.341254 0.150000
3.005497 0.030000 3.122775 0.030000 5.053669 0.030000 4.851542 0.030000 1.693999 0.030000 1.514551 0.030000 5.632123 0.150000 5.119460 0.030000 6.448019 0.030000 6.370573 0.030000
3.025131 0.030000 3.079181 0.030000 5.074770 0.030000 4.957836 0.030000 1.640573 0.030000 1.542955 0.030000 5.025385 0.030000 5.116671 0.030000 6.494731 0.030000 6.357741 0.150000
3.051795 0.030000 3.049938 0.030000 5.121131 0.030000 4.969433 0.030000 1.712870 0.030000 1.577543 0.030000 5.052637 0.030000 5.080069 0.030000 6.523372 0.030000 6.702871 0.150000
3.036060 0.030000 3.095029 0.030000 5.146505 0.030000 5.029952 0.030000 1.732083 0.030000 1.593355 0.030000 4.982703 0.150000 5.064398 0.030000 6.515609 0.030000 6.338368 0.030000
3.479890 0.150000 3.059547 0.030000 5.172711 0.030000 5.051659 0.030000 1.713728 0.030000 1.582386 0.030000 5.083163 0.030000 5.087211 0.030000 6.520724 0.030000 6.428568 0.030000
2.943790 0.030000 3.437040 0.150000 5.161845 0.030000 5.011234 0.030000 1.756937 0.030000 1.599915 0.030000 5.509193 0.150000 5.064936 0.030000 6.577136 0.030000 6.464757 0.030000
3.031176 0.150000 3.005238 0.030000 5.146257 0.030000 5.033936 0.030000 1.772448 0.030000 1.654697 0.030000 4.988255 0.030000 5.037333 0.030000 6.548614 0.030000 6.495065 0.030000
2.977135 0.030000 2.989567 0.030000 5.255386 0.030000 5.117711 0.030000 1.823489 0.030000 1.706021 0.030000 5.074925 0.150000 5.297995 0.150000 6.609972 0.030000 6.500855 0.030000
2.936723 0.030000 3.027274 0.030000 5.245317 0.030000 5.114397 0.030000 1.839967 0.030000 1.653411 0.030000 4.974854 0.030000 5.041656 0.030000 6.617020 0.030000 6.432508 0.150000
2.924320 0.150000 2.970621 0.030000 5.303787 0.030000 5.109136 0.030000 1.917367 0.030000 1.676985 0.030000 4.980260 0.030000 5.024475 0.030000 6.591677 0.030000 6.521371 0.030000
3.178997 0.150000 3.003289 0.030000 5.216444 0.030000 5.135635 0.030000 1.908697 0.030000 1.705803 0.030000 4.998834 0.030000 5.062136 0.030000 6.602903 0.030000 6.558072 0.030000
2.897366 0.030000 3.056563 0.150000 5.288001 0.030000 5.197294 0.030000 1.943923 0.030000 1.707616 0.030000 5.173627 0.150000 5.005143 0.030000 6.623896 0.030000 6.524735 0.030000
2.873928 0.030000 3.000038 0.030000 5.316006 0.030000 5.207062 0.030000 1.837576 0.030000 1.819192 0.030000 4.953369 0.030000 5.033938 0.030000 6.719399 0.030000 6.551055 0.030000
2.864411 0.030000 2.952714 0.030000 5.337704 0.030000 5.191969 0.030000 1.902704 0.030000 1.808813 0.030000 4.974319 0.030000 4.995999 0.030000 6.707852 0.030000 6.583689 0.030000
2.828948 0.030000 2.965577 0.030000 5.366208 0.030000 5.175283 0.030000 2.001230 0.150000 1.737099 0.030000 5.121600 0.150000 4.969234 0.030000 6.723862 0.030000 6.544852 0.030000
2.906572 0.030000 2.989362 0.030000 5.654516 0.150000 5.226107 0.030000 1.923734 0.030000 1.758696 0.030000 4.947384 0.030000 4.960005 0.030000 6.710273 0.030000 6.624018 0.030000
2.854264 0.030000 3.088031 0.150000 5.420672 0.030000 5.267368 0.030000 1.928710 0.030000 1.828078 0.030000 4.975961 0.030000 4.985895 0.030000 6.685076 0.030000 6.659617 0.030000
2.907853 0.030000 2.948866 0.030000 5.416131 0.030000 5.253900 0.030000 1.986506 0.030000 2.094477 0.150000 4.964260 0.030000 4.995121 0.030000 6.762949 0.030000 6.606301 0.030000
2.878508 0.030000 2.882193 0.030000 5.405890 0.030000 5.322857 0.030000 2.004228 0.030000 1.861191 0.150000 4.933989 0.030000 5.515680 0.150000 6.747788 0.030000 6.575392 0.030000
2.779746 0.030000 2.897030 0.030000 5.408775 0.030000 5.316490 0.030000 1.983132 0.030000 1.843390 0.030000 4.887942 0.030000 4.986060 0.030000 8.273435 0.150000 6.633306 0.030000
2.864008 0.030000 2.927033 0.030000 5.416634 0.030000 5.339708 0.030000 2.012306 0.030000 2.030782 0.030000 4.894996 0.030000 5.894282 0.150000 6.763112 0.030000 6.713066 0.030000
2.841341 0.030000 2.876883 0.030000 5.740634 0.150000 5.344974 0.030000 2.029798 0.030000 1.919955 0.030000 4.950767 0.030000 5.000265 0.030000 6.798406 0.030000 6.703870 0.030000
2.829032 0.030000 2.865682 0.030000 5.497651 0.030000 5.365165 0.030000 2.033379 0.030000 1.906118 0.030000 4.884725 0.030000 4.939811 0.030000 6.772277 0.030000 6.685838 0.030000
2.849995 0.030000 2.913968 0.030000 5.507871 0.030000 5.325952 0.030000 2.055345 0.030000 2.172595 0.150000 5.314142 0.150000 4.969170 0.030000 6.873860 0.030000 6.690327 0.030000
3.217457 0.150000 2.909558 0.030000 5.531097 0.030000 5.360343 0.030000 2.131305 0.030000 1.987172 0.030000 4.905166 0.030000 4.950124 0.030000 7.029827 0.150000 7.138242 0.150000
2.834973 0.030000 2.851976 0.030000 5.496623 0.030000 5.361476 0.030000 2.033095 0.030000 1.963184 0.150000 4.908259 0.030000 4.973002 0.030000 6.805102 0.030000 6.760599 0.030000
2.831500 0.030000 2.869810 0.030000 5.503324 0.030000 5.405764 0.030000 2.143167 0.030000 1.943321 0.030000 4.885414 0.030000 4.952906 0.030000 6.829109 0.030000 6.718668 0.030000
3.209193 0.150000 2.860606 0.030000 5.528158 0.030000 5.343931 0.030000 2.125042 0.030000 2.021893 0.030000 4.854331 0.030000 4.965683 0.030000 6.804450 0.030000 6.700766 0.150000
2.758371 0.030000 2.868500 0.030000 5.541126 0.030000 5.454715 0.030000 2.184581 0.030000 2.013032 0.030000 4.937352 0.030000 4.933556 0.030000 6.841607 0.030000 6.778371 0.030000
2.747699 0.030000 2.867177 0.030000 5.606082 0.030000 5.474233 0.030000 2.109345 0.030000 2.065193 0.030000 4.872331 0.030000 4.960243 0.150000 7.498828 0.150000 6.804571 0.030000
2.856930 0.030000 2.880544 0.150000 5.599922 0.030000 5.426054 0.030000 2.326138 0.150000 2.048585 0.030000 4.921700 0.150000 4.919665 0.030000 6.848360 0.030000 6.761192 0.030000
2.738365 0.030000 2.886702 0.030000 5.605804 0.030000 5.709849 0.150000 2.148516 0.030000 2.050970 0.030000 5.589373 0.150000 4.931864 0.030000 6.876644 0.030000 6.766464 0.030000
2.726034 0.030000 2.842605 0.030000 5.552757 0.030000 5.450400 0.030000 2.177832 0.030000 2.100249 0.030000 4.824673 0.030000 4.875563 0.030000 6.890315 0.030000 6.784631 0.030000
2.712666 0.030000 2.790807 0.030000 5.602425 0.030000 5.435856 0.030000 2.123387 0.030000 2.044947 0.030000 4.885060 0.030000 4.907626 0.030000 6.905019 0.030000 6.807239 0.030000
2.802946 0.030000 2.813257 0.030000 5.557045 0.030000 5.564478 0.150000 2.265726 0.030000 2.151839 0.150000 4.925761 0.030000 4.933837 0.030000 6.943693 0.030000 6.771734 0.030000
2.781432 0.030000 2.827879 0.030000 5.596636 0.030000 5.500788 0.030000 2.184914 0.030000 2.079744 0.030000 4.883937 0.030000 5.690143 0.150000 6.912690 0.030000 6.806700 0.030000
2.756666 0.030000 2.824265 0.030000 5.615772 0.030000 5.485581 0.030000 2.157454 0.030000 2.031296 0.030000 4.910057 0.030000 4.916439 0.030000 6.865786 0.030000 6.808131 0.030000
2.762632 0.030000 2.816763 0.030000 5.648605 0.030000 5.502032 0.030000 2.236345 0.030000 2.134739 0.030000 4.852288 0.030000 4.934799 0.030000 6.879606 0.030000 6.830139 0.030000
2.794286 0.030000 3.123511 0.150000 5.619088 0.030000 5.450928 0.030000 2.179443 0.030000 2.134865 0.030000 4.902356 0.030000 4.946265 0.030000 6.920200 0.030000 6.768663 0.030000
2.726633 0.030000 3.528966 0.150000 5.674328 0.030000 5.489827 0.030000 2.242404 0.030000 2.094890 0.030000 4.842889 0.030000 4.945100 0.030000 6.910717 0.030000 6.830461 0.030000
2.741057 0.030000 2.794574 0.030000 5.684291 0.030000 5.956505 0.150000 2.216708 0.030000 2.059975 0.030000 4.815826 0.030000 4.900400 0.030000 6.874106 0.030000 6.839781 0.030000
2.810208 0.030000 2.823850 0.030000 5.705224 0.030000 5.542817 0.030000 2.268998 0.030000 2.141994 0.030000 5.299689 0.150000 4.924501 0.030000 6.945072 0.030000 6.836301 0.030000
2.759606 0.030000 2.823557 0.030000 5.689208 0.030000 5.522774 0.030000 2.242780 0.030000 2.073023 0.030000 4.870250 0.030000 4.908686 0.030000 6.976007 0.030000 6.859322 0.030000
2.713408 0.030000 2.766647 0.030000 5.703393 0.030000 5.527451 0.030000 2.275078 0.030000 2.109787 0.030000 4.852958 0.030000 4.905810 0.030000 7.074376 0.150000 6.887922 0.030000
2.829356 0.150000 2.812566 0.030000 5.908304 0.150000 5.559070 0.030000 2.259415 0.030000 2.188618 0.030000 4.789613 0.030000 4.906214 0.030000 6.902422 0.030000 6.807026 0.030000
2.752371 0.030000 2.811329 0.030000 5.745094 0.030000 5.542175 0.030000 2.254881 0.030000 2.126625 0.030000 4.842911 0.030000 5.128700 0.150000 6.940601 0.030000 6.906868 0.030000
2.794162 0.030000 2.756271 0.030000 5.723611 0.030000 5.887545 0.150000 2.282425 0.030000 2.154777 0.030000 4.772742 0.030000 4.924734 0.030000 6.931817 0.030000 6.890653 0.030000
2.814330 0.030000 3.050697 0.150000 5.747797 0.030000 5.627228 0.030000 2.307291 0.030000 2.152313 0.030000 4.765124 0.030000 4.887690 0.030000 7.002937 0.030000 6.900573 0.030000
2.811607 0.030000 2.745288 0.030000 6.444272 0.150000 5.705677 0.150000 2.255713 0.030000 2.170507 0.030000 4.816251 0.030000 4.866869 0.030000 6.930334 0.030000 6.889937 0.030000
2.872015 0.030000 2.804845 0.030000 5.809181 0.030000 5.597961 0.030000 2.351472 0.030000 2.180229 0.030000 4.740412 0.030000 4.838684 0.030000 6.965210 0.030000 6.905900 0.030000
2.801109 0.030000 2.760625 0.030000 5.815970 0.030000 5.639499 0.030000 2.335126 0.030000 2.256204 0.030000 4.764245 0.030000 4.868442 0.030000 6.958946 0.030000 6.905560 0.030000
2.835219 0.030000 2.767413 0.030000 5.776202 0.030000 5.695941 0.030000 2.271575 0.030000 2.263175 0.030000 4.705251 0.030000 4.874177 0.030000 6.941489 0.030000 6.947211 0.030000
2.885199 0.030000 2.765904 0.030000 5.807718 0.030000 5.725318 0.030000 2.310102 0.030000 2.259548 0.030000 4.828432 0.150000 4.860118 0.030000 6.924446 0.030000 6.956741 0.030000
2.843349 0.030000 2.764549 0.030000 5.871576 0.030000 5.704216 0.030000 2.323287 0.030000 2.333770 0.150000 4.676900 0.030000 4.898278 0.030000 6.940546 0.030000 6.912805 0.030000
2.874510 0.030000 2.747886 0.150000 5.890943 0.030000 5.753257 0.030000 2.297078 0.030000 2.318396 0.030000 4.629592 0.030000 4.792574 0.030000 6.954576 0.030000 6.960801 0.030000
2.833890 0.030000 2.794027 0.030000 5.881311 0.030000 5.825519 0.030000 2.316532 0.030000 2.305074 0.030000 4.637291 0.030000 5.618196 0.150000 6.923864 0.030000 6.928381 0.030000
2.923942 0.030000 2.815314 0.030000 5.944410 0.030000 5.845566 0.030000 2.341891 0.030000 2.333383 0.030000 4.643063 0.030000 4.728251 0.030000 6.897996 0.030000 6.974894 0.150000
3.001378 0.030000 2.874386 0.030000 5.890487 0.030000 5.819507 0.030000 2.272595 0.030000 2.302321 0.030000 4.550243 0.030000 4.754022 0.030000 6.882294 0.030000 6.927268 0.030000
2.677575 0.150000 2.841313 0.030000 6.009162 0.030000 5.825762 0.030000 2.323901 0.030000 2.260063 0.030000 4.549736 0.030000 4.665385 0.030000 6.893581 0.030000 6.942849 0.030000
2.994963 0.030000 2.877282 0.030000 5.969572 0.030000 5.755541 0.150000 2.353187 0.030000 2.284518 0.030000 4.540917 0.030000 4.681394 0.030000 6.853213 0.030000 6.963609 0.030000
2.981880 0.030000 2.872588 0.030000 5.934519 0.030000 5.914853 0.030000 2.307158 0.030000 2.367064 0.030000 4.447621 0.030000 4.666502 0.030000 6.836835 0.030000 6.918091 0.030000
3.084606 0.030000 2.924619 0.030000 5.988287 0.030000 5.867700 0.030000 2.294404 0.030000 2.628093 0.150000 4.530512 0.030000 4.605853 0.030000 6.836558 0.030000 7.086070 0.150000
3.062196 0.030000 2.906030 0.030000 6.003180 0.030000 5.994266 0.030000 2.277033 0.030000 2.316336 0.030000 4.477536 0.030000 4.657670 0.030000 6.766290 0.030000 6.891200 0.030000
3.415088 0.150000 2.974379 0.030000 6.028087 0.030000 5.923434 0.030000 2.247791 0.030000 2.596136 0.150000 4.377275 0.030000 4.700257 0.150000 6.832235 0.030000 6.879984 0.030000
3.108025 0.030000 3.021074 0.030000 6.064366 0.030000 5.922619 0.030000 2.326073 0.030000 2.311585 0.030000 4.335925 0.030000 4.527938 0.030000 6.777092 0.030000 6.889430 0.030000
3.187799 0.030000 3.019600 0.030000 6.092187 0.030000 5.955762 0.030000 2.278135 0.030000 2.345166 0.030000 4.348420 0.030000 4.498169 0.030000 6.774901 0.030000 6.843715 0.030000
3.195633 0.030000 3.109243 0.030000 6.088286 0.030000 6.008062 0.030000 2.257485 0.030000 3.037986 0.150000 4.384171 0.030000 4.446239 0.030000 6.771851 0.030000 6.877896 0.030000
3.225233 0.030000 3.110248 0.030000 6.286879 0.150000 6.048622 0.030000 2.294030 0.030000 2.254578 0.030000 4.271849 0.030000 4.468894 0.030000 7.151096 0.150000 6.816278 0.030000
3.286490 0.030000 3.082287 0.030000 6.144118 0.030000 6.641070 0.150000 2.284793 0.030000 2.303708 0.030000 4.279343 0.030000 4.420240 0.030000 6.704895 0.030000 6.843278 0.030000
3.332389 0.030000 3.170752 0.030000 6.124532 0.030000 6.031043 0.030000 2.228535 0.030000 2.335772 0.030000 4.260117 0.030000 4.392330 0.030000 6.704925 0.030000 6.759618 0.030000
3.285047 0.030000 3.212415 0.030000 6.114407 0.030000 6.107666 0.030000 2.240520 0.030000 2.322424 0.030000 4.179563 0.030000 4.366299 0.030000 6.631538 0.030000 6.788761 0.030000
3.334574 0.030000 3.209922 0.030000 6.172625 0.030000 6.103476 0.030000 2.276594 0.030000 2.260494 0.030000 4.144522 0.030000 4.275723 0.030000 6.652738 0.030000 6.740387 0.030000
3.372423 0.030000 3.179793 0.030000 7.386119 0.150000 6.142411 0.030000 2.268360 0.030000 2.249726 0.030000 4.173706 0.030000 4.319461 0.030000 6.666443 0.030000 6.691309 0.030000
3.421350 0.030000 3.285055 0.030000 6.202339 0.030000 6.111772 0.030000 2.214332 0.030000 2.269674 0.030000 4.182188 0.030000 4.179404 0.030000 6.659937 0.030000 6.724287 0.030000
3.426963 0.030000 3.268712 0.030000 6.202813 0.030000 6.161282 0.030000 2.270739 0.030000 2.303522 0.030000 4.034109 0.030000 4.187494 0.030000 6.575707 0.030000 6.735810 0.030000
3.427585 0.030000 3.333247 0.030000 6.228433 0.030000 6.128372 0.030000 2.238007 0.030000 2.564915 0.150000 4.033461 0.030000 4.165101 0.030000 6.628655 0.030000 6.691336 0.030000
3.487477 0.030000 3.281367 0.030000 6.250944 0.030000 6.151002 0.030000 2.253114 0.030000 2.311803 0.030000 4.021216 0.030000 4.189846 0.030000 6.500379 0.030000 6.624419 0.030000
3.500760 0.030000 3.340644 0.030000 6.236057 0.030000 6.132704 0.030000 2.287325 0.030000 2.262968 0.030000 4.489082 0.150000 4.119058 0.030000 6.546175 0.030000 6.619624 0.030000
3.555432 0.030000 3.430883 0.030000 6.247643 0.030000 6.159013 0.030000 2.222218 0.030000 2.273740 0.030000 3.939827 0.030000 4.161931 0.150000 6.512985 0.030000 6.581379 0.030000
3.531646 0.030000 3.437017 0.030000 6.294840 0.030000 6.243029 0.030000 2.724194 0.150000 2.273736 0.030000 4.827756 0.150000 4.083540 0.030000 6.498448 0.030000 6.593966 0.030000
3.632361 0.030000 3.467126 0.150000 6.341542 0.030000 6.235607 0.030000 2.273004 0.030000 2.214408 0.030000 3.923412 0.030000 4.051201 0.030000 6.997528 0.150000 6.589816 0.030000
3.591259 0.030000 3.520154 0.150000 6.386893 0.030000 6.242393 0.030000 2.237805 0.030000 2.263938 0.030000 3.880216 0.030000 3.995693 0.030000 6.534521 0.030000 6.631384 0.030000
3.711401 0.030000 3.494899 0.030000 6.353783 0.030000 6.231473 0.030000 2.294314 0.030000 2.317055 0.030000 3.807040 0.030000 4.012189 0.030000 6.458408 0.030000 6.534134 0.030000
3.677957 0.030000 3.522435 0.030000 6.359890 0.030000 6.268764 0.030000 2.300835 0.030000 2.274899 0.030000 4.075591 0.150000 3.953718 0.030000 6.443505 0.030000 6.522745 0.030000
3.733845 0.030000 3.336081 0.150000 6.741829 0.150000 6.345057 0.150000 2.237432 0.030000 2.283604 0.030000 3.807879 0.030000 3.952883 0.030000 6.460577 0.030000 6.526290 0.030000
3.718235 0.030000 3.588673 0.030000 6.433621 0.030000 6.308265 0.030000 2.254152 0.030000 2.349183 0.030000 3.754562 0.030000 3.913566 0.030000 6.476716 0.150000 6.683477 0.150000
3.788076 0.030000 3.614665 0.030000 6.435586 0.030000 6.322382 0.030000 2.731216 0.150000 3.025817 0.150000 3.741197 0.030000 3.876615 0.030000 6.421654 0.030000 6.489194 0.030000
3.767236 0.030000 3.687241 0.030000 6.448920 0.030000 6.351023 0.030000 2.318299 0.030000 2.208524 0.030000 3.745935 0.030000 3.835958 0.030000 6.407797 0.030000 6.509892 0.030000
3.850162 0.030000 3.634509 0.030000 7.211228 0.150000 6.362700 0.030000 2.590743 0.150000 2.292703 0.030000 3.664154 0.030000 3.827572 0.030000 6.387897 0.030000 6.471769 0.030000
3.857675 0.030000 3.690134 0.030000 6.450173 0.030000 6.341191 0.030000 2.285974 0.030000 2.293446 0.030000 3.635997 0.030000 3.826515 0.030000 6.379965 0.030000 6.505922 0.030000
3.866453 0.030000 3.723949 0.030000 6.441785 0.030000 6.304771 0.030000 2.336435 0.030000 2.280774 0.030000 3.587409 0.030000 3.782266 0.030000 6.343731 0.030000 6.430964 0.030000
3.842400 0.030000 3.767880 0.030000 6.439116 0.030000 6.397061 0.030000 2.300985 0.030000 2.330548 0.030000 3.636359 0.030000 3.772520 0.030000 6.363328 0.030000 6.412798 0.030000
3.915395 0.030000 3.688308 0.030000 6.522257 0.030000 6.357656 0.030000 2.289665 0.030000 2.256952 0.030000 4.359443 0.150000 3.733345 0.030000 6.345951 0.030000 6.414867 0.030000
3.895828 0.030000 3.803472 0.030000 6.507266 0.030000 6.412510 0.030000 2.357812 0.030000 2.284441 0.150000 3.540778 0.030000 3.699124 0.030000 6.963720 0.150000 6.351571 0.030000
3.905675 0.030000 3.812218 0.030000 6.515819 0.030000 6.440244 0.030000 2.555929 0.150000 2.297912 0.030000 3.564456 0.030000 3.831079 0.150000 6.333385 0.030000 6.369581 0.030000
3.934391 0.030000 3.872384 0.030000 6.567440 0.030000 6.484396 0.030000 2.327352 0.030000 2.247774 0.030000 3.553675 0.030000 3.637755 0.030000 6.308930 0.030000 6.380141 0.030000
4.010362 0.030000 3.839670 0.030000 6.499876 0.030000 6.487438 0.030000 2.296843 0.030000 2.300202 0.030000 4.298737 0.150000 3.661726 0.030000 6.280489 0.030000 6.370131 0.030000
4.129006 0.150000 3.847233 0.030000 6.440011 0.150000 6.470036 0.030000 2.346980 0.030000 2.310612 0.030000 3.513305 0.030000 3.608619 0.030000 6.252359 0.030000 6.333912 0.030000
4.027793 0.030000 3.935283 0.150000 6.532575 0.030000 6.488657 0.030000 2.316052 0.030000 2.307186 0.030000 3.466425 0.030000 3.600869 0.030000 6.224333 0.030000 6.341476 0.030000
4.036199 0.030000 3.893852 0.030000 7.820342 0.150000 6.649830 0.150000 2.327110 0.030000 2.205353 0.030000 3.422919 0.030000 3.588834 0.030000 6.311652 0.030000 6.345142 0.030000
4.026853 0.030000 3.931836 0.030000 6.561331 0.030000 6.465174 0.030000 2.319955 0.030000 2.238809 0.030000 3.495878 0.150000 3.579288 0.030000 6.267703 0.030000 6.305424 0.030000
4.088996 0.030000 3.908912 0.030000 6.597229 0.030000 6.532413 0.030000 2.328207 0.030000 2.309049 0.030000 3.423284 0.030000 3.590316 0.030000 6.209776 0.030000 6.289903 0.030000
4.104606 0.030000 3.958724 0.030000 6.696859 0.030000 6.502892 0.030000 2.355388 0.030000 2.320395 0.030000 3.404941 0.030000 3.553367 0.030000 6.213774 0.030000 6.301510 0.030000
4.152890 0.030000 3.945483 0.030000 6.624758 0.030000 7.506430 0.150000 2.393779 0.030000 2.053822 0.150000 3.406572 0.030000 3.541165 0.030000 6.727527 0.150000 6.306638 0.030000
4.112196 0.030000 3.966873 0.030000 6.620697 0.030000 6.571907 0.030000 2.347826 0.030000 2.344291 0.030000 3.391591 0.030000 3.958236 0.150000 6.175280 0.030000 6.264600 0.030000
4.135698 0.030000 4.044917 0.030000 6.652495 0.030000 6.567139 0.030000 2.412136 0.030000 2.292765 0.030000 3.360516 0.030000 3.500689 0.030000 6.482706 0.150000 6.308690 0.030000
4.135323 0.030000 4.027984 0.030000 6.668086 0.150000 6.574206 0.030000 2.371322 0.030000 2.318525 0.030000 3.335348 0.030000 3.479431 0.030000 6.206994 0.030000 6.273671 0.030000
4.162604 0.030000 4.001417 0.030000 6.664847 0.030000 6.585500 0.030000 2.338763 0.030000 2.295233 0.030000 3.330776 0.030000 3.467270 0.030000 6.776464 0.150000 6.279194 0.030000
4.201357 0.030000 4.105381 0.150000 6.673697 0.030000 6.563432 0.030000 2.368561 0.030000 2.309395 0.030000 3.366476 0.030000 3.434776 0.030000 6.175127 0.030000 6.249487 0.030000
4.171455 0.030000 3.998962 0.030000 6.708733 0.030000 6.615542 0.030000 2.360159 0.030000 2.282442 0.030000 3.308238 0.030000 3.407920 0.030000 6.151536 0.030000 6.253442 0.030000
4.212127 0.030000 4.042652 0.030000 6.692106 0.030000 6.591377 0.030000 2.408771 0.030000 2.387645 0.030000 3.300281 0.030000 3.367198 0.030000 6.190843 0.030000 6.253197 0.030000
4.153819 0.030000 4.056289 0.030000 6.571763 0.150000 6.632367 0.030000 2.437002 0.030000 2.318226 0.030000 3.261231 0.030000 3.440752 0.030000 6.169443 0.030000 6.229403 0.030000
4.222687 0.030000 4.449178 0.150000 6.699496 0.030000 6.636398 0.030000 2.388470 0.030000 2.352399 0.030000 3.312212 0.030000 3.447623 0.030000 6.124690 0.030000 6.213891 0.030000
4.236242 0.030000 4.078495 0.030000 6.722074 0.030000 6.651026 0.030000 2.385887 0.030000 2.322860 0.030000 3.251220 0.030000 3.422506 0.030000 5.950541 0.150000 6.222370 0.030000
4.281704 0.030000 4.123215 0.030000 7.151702 0.150000 6.630025 0.030000 3.593486 0.150000 2.337529 0.030000 3.249850 0.030000 3.383395 0.030000 6.213952 0.030000 6.494663 0.150000
4.283457 0.030000 4.106216 0.030000 6.759708 0.030000 6.630830 0.030000 2.419840 0.030000 2.906911 0.150000 3.254947 0.030000 3.352175 0.150000 6.162108 0.030000 6.229133 0.030000
4.295959 0.030000 4.164974 0.030000 6.725771 0.030000 6.656897 0.030000 2.363861 0.030000 2.351313 0.030000 3.222084 0.030000 3.358807 0.030000 6.142080 0.030000 6.224893 0.030000
4.286975 0.030000 4.120341 0.030000 6.764423 0.030000 7.421663 0.150000 2.398017 0.030000 2.352851 0.030000 3.262569 0.030000 3.360761 0.030000 6.150096 0.030000 6.223151 0.030000
4.242060 0.030000 4.151356 0.030000 6.732291 0.030000 6.605702 0.030000 2.372813 0.030000 2.361364 0.030000 3.190395 0.030000 3.381855 0.030000 6.161529 0.030000 6.279483 0.030000
4.331569 0.030000 4.164850 0.030000 6.719372 0.030000 6.675009 0.030000 2.453387 0.030000 2.324390 0.030000 3.680133 0.150000 3.368377 0.030000 6.138879 0.030000 6.168303 0.030000
4.302092 0.030000 4.146480 0.030000 6.754285 0.030000 6.670607 0.030000 2.414047 0.030000 2.390229 0.030000 3.189862 0.030000 3.339391 0.030000 6.114395 0.030000 6.499765 0.150000
4.317475 0.030000 4.149996 0.030000 6.768669 0.030000 6.950673 0.150000 2.405767 0.030000 2.455678 0.150000 3.148101 0.030000 3.344358 0.030000 6.111565 0.030000 6.196667 0.030000
4.289261 0.030000 4.167517 0.030000 6.725932 0.030000 6.675144 0.030000 2.442636 0.030000 2.388033 0.030000 3.191763 0.030000 3.328853 0.030000 6.144021 0.030000 6.236012 0.030000
4.533671 0.150000 4.766359 0.150000 6.771349 0.030000 6.678120 0.030000 2.357182 0.030000 2.397662 0.030000 3.169326 0.030000 3.299199 0.030000 6.097173 0.030000 6.168128 0.030000
4.344232 0.030000 4.231392 0.030000 6.748890 0.030000 6.671908 0.030000 2.386094 0.030000 2.433356 0.030000 3.167207 0.030000 3.582764 0.150000 6.106242 0.030000 6.148322 0.030000
4.335083 0.030000 4.203356 0.030000 6.750458 0.030000 6.646552 0.030000 2.347910 0.030000 2.403066 0.030000 3.212553 0.030000 3.310971 0.030000 6.807321 0.150000 5.978959 0.150000
4.628497 0.150000 4.234209 0.030000 6.764728 0.030000 6.665942 0.030000 2.354583 0.030000 2.524545 0.150000 3.120465 0.030000 3.263962 0.030000 6.120752 0.030000 6.159644 0.030000
4.340305 0.030000 4.257807 0.030000 7.018799 0.150000 6.680327 0.030000 2.383014 0.030000 2.412141 0.030000 3.154933 0.030000 3.342788 0.030000 6.048599 0.030000 6.182686 0.030000
4.346574 0.030000 4.194736 0.030000 7.002429 0.150000 6.540128 0.150000 2.357787 0.030000 2.368950 0.030000 3.153996 0.030000 3.249688 0.030000 6.068003 0.030000 7.052772 0.150000
4.399704 0.030000 4.262690 0.030000 6.684722 0.030000 6.653687 0.030000 2.355698 0.030000 2.359970 0.030000 3.951880 0.150000 3.245214 0.030000 5.905500 0.150000 6.177326 0.030000
4.382066 0.030000 4.220896 0.030000 6.770881 0.030000 6.723095 0.030000 2.449221 0.150000 2.599193 0.150000 3.106387 0.150000 3.253230 0.030000 6.044890 0.030000 6.131951 0.030000
4.440602 0.030000 4.292772 0.030000 6.768428 0.030000 6.737106 0.030000 2.793369 0.150000 2.419007 0.030000 3.127583 0.030000 3.237882 0.030000 6.003410 0.030000 6.202351 0.030000
4.414331 0.030000 4.246860 0.030000 6.736696 0.030000 6.729406 0.030000 2.401895 0.030000 2.422016 0.030000 3.132420 0.030000 3.233544 0.030000 6.046594 0.150000 6.156877 0.030000
4.424535 0.030000 4.344452 0.030000 6.759366 0.030000 6.794600 0.150000 2.348396 0.030000 3.046129 0.150000 3.157239 0.030000 3.215674 0.030000 6.001526 0.030000 6.158289 0.030000
4.411433 0.030000 4.324224 0.030000 6.711587 0.030000 6.734808 0.030000 2.339459 0.030000 2.392518 0.030000 3.150891 0.030000 3.204491 0.030000 5.990962 0.030000 6.032400 0.150000
4.594379 0.150000 4.308712 0.030000 6.796340 0.030000 6.724878 0.030000 2.909738 0.150000 2.385306 0.030000 3.129230 0.030000 3.186945 0.030000 6.012060 0.030000 6.073726 0.030000
4.671270 0.150000 4.382129 0.030000 6.739696 0.030000 6.790229 0.030000 2.327115 0.030000 2.389160 0.030000 3.108657 0.030000 3.187330 0.030000 5.947403 0.030000 6.103031 0.030000
4.479555 0.030000 4.334974 0.030000 6.770219 0.030000 6.754926 0.030000 2.278696 0.030000 2.390909 0.030000 3.098815 0.030000 3.390440 0.150000 5.886354 0.030000 6.101491 0.030000
4.851206 0.150000 4.417805 0.030000 6.735351 0.030000 6.702912 0.030000 2.300378 0.030000 2.391373 0.030000 3.175792 0.030000 3.101104 0.030000 6.113658 0.150000 6.041799 0.030000
4.681401 0.150000 4.410741 0.030000 6.677892 0.030000 6.753911 0.030000 2.270170 0.030000 2.395810 0.030000 3.127991 0.030000 3.099442 0.030000 5.843229 0.030000 5.942549 0.030000
4.518602 0.030000 4.683501 0.150000 6.674228 0.030000 6.735165 0.030000 2.222113 0.030000 2.277642 0.030000 3.076148 0.030000 3.124611 0.030000 5.850923 0.150000 5.961030 0.030000
4.547745 0.030000 4.468566 0.030000 6.669515 0.030000 6.665939 0.030000 2.228350 0.030000 2.297587 0.030000 2.988544 0.150000 3.059647 0.030000 5.748485 0.030000 5.920208 0.030000
4.527586 0.030000 4.439662 0.030000 6.631060 0.030000 6.686049 0.030000 2.140356 0.030000 2.312203 0.030000 3.133070 0.030000 3.460383 0.150000 5.755367 0.030000 5.923504 0.030000
4.552165 0.030000 4.494002 0.150000 6.595046 0.030000 6.704770 0.030000 2.128145 0.030000 2.973048 0.150000 3.113968 0.030000 3.047485 0.150000 5.723870 0.030000 5.880689 0.030000
4.580527 0.030000 4.496611 0.030000 6.632368 0.030000 6.684437 0.030000 2.132566 0.030000 2.222887 0.030000 3.142312 0.030000 3.113102 0.030000 5.722379 0.030000 5.870338 0.030000
4.568454 0.030000 4.479979 0.030000 6.535226 0.030000 6.615117 0.030000 2.091400 0.030000 2.202911 0.030000 3.449759 0.150000 3.095025 0.030000 5.664933 0.030000 5.810880 0.030000
4.563955 0.030000 4.566318 0.030000 6.545964 0.030000 6.614159 0.030000 2.068780 0.030000 2.165380 0.030000 3.115018 0.030000 3.136422 0.030000 5.669168 0.030000 5.859244 0.150000
4.570252 0.030000 4.590639 0.030000 6.517582 0.030000 6.643980 0.030000 2.032815 0.030000 2.109461 0.030000 3.177987 0.030000 3.078005 0.030000 5.663674 0.030000 5.777143 0.030000
4.613815 0.030000 4.569670 0.030000 6.545737 0.030000 6.573243 0.030000 1.998214 0.030000 2.157918 0.030000 3.158543 0.030000 3.094702 0.030000 5.590636 0.030000 5.722204 0.030000
4.863736 0.150000 4.554699 0.150000 7.318892 0.150000 6.592597 0.030000 1.981431 0.030000 2.095375 0.030000 3.218560 0.030000 3.161920 0.030000 5.589642 0.030000 5.720074 0.030000
4.581506 0.030000 4.573799 0.030000 6.415043 0.030000 6.820591 0.150000 2.010016 0.030000 2.091447 0.030000 3.199418 0.030000 3.133290 0.030000 5.596574 0.030000 5.668306 0.030000
4.585847 0.030000 4.576226 0.030000 6.447656 0.030000 6.519455 0.030000 1.922913 0.030000 2.129338 0.030000 3.232145 0.030000 3.163973 0.030000 5.553186 0.030000 5.672332 0.030000
4.596924 0.030000 4.547083 0.030000 6.358618 0.030000 6.489602 0.030000 1.802184 0.030000 2.040223 0.030000 3.214676 0.030000 3.202141 0.150000 5.342678 0.150000 5.606233 0.030000
4.620455 0.030000 4.582494 0.030000 6.394831 0.030000 6.503228 0.030000 1.885160 0.030000 2.053689 0.030000 3.251268 0.030000 3.190077 0.030000 5.520952 0.150000 5.583941 0.030000
4.606759 0.030000 4.569800 0.030000 6.360905 0.030000 6.499803 0.030000 1.845242 0.030000 1.997750 0.030000 3.235145 0.030000 3.205615 0.030000 5.462873 0.030000 5.583249 0.030000
4.624266 0.030000 4.627681 0.030000 6.352937 0.030000 6.440753 0.030000 1.840607 0.030000 2.002312 0.030000 3.194902 0.030000 3.205143 0.030000 5.467347 0.030000 5.570813 0.030000
4.640535 0.030000 4.580649 0.030000 6.363651 0.030000 6.406338 0.030000 1.768273 0.030000 1.909813 0.030000 3.325064 0.030000 3.257941 0.030000 5.551912 0.150000 5.552903 0.030000
4.653753 0.030000 4.563716 0.030000 6.241105 0.030000 6.428339 0.030000 1.817136 0.030000 1.889858 0.030000 3.314598 0.030000 3.262327 0.150000 5.380042 0.030000 5.468787 0.030000
4.662879 0.030000 4.603385 0.030000 6.258310 0.030000 6.124275 0.150000 1.730264 0.030000 1.910706 0.030000 3.294892 0.030000 3.253485 0.030000 5.342423 0.030000 5.510251 0.030000
4.682191 0.030000 4.621057 0.030000 6.304512 0.030000 6.376998 0.030000 1.728847 0.030000 1.593764 0.150000 3.299730 0.030000 3.237236 0.030000 5.324776 0.030000 5.432743 0.030000
4.666524 0.030000 4.618324 0.030000 6.237803 0.030000 6.334161 0.030000 1.673777 0.030000 1.899457 0.030000 3.381660 0.030000 3.572642 0.150000 5.274378 0.030000 5.421251 0.030000
4.739741 0.030000 4.670146 0.030000 6.210993 0.030000 6.334349 0.030000 1.693878 0.030000 1.795233 0.030000 3.377868 0.030000 3.334194 0.030000 5.258260 0.030000 5.478212 0.030000
4.718982 0.030000 5.108923 0.150000 6.196586 0.030000 6.300066 0.030000 1.626783 0.030000 1.732765 0.030000 3.426627 0.030000 3.292663 0.030000 5.243434 0.030000 5.424803 0.030000
4.772736 0.030000 4.665565 0.030000 6.194083 0.030000 6.241814 0.030000 1.655958 0.030000 1.736196 0.030000 3.401824 0.030000 3.326699 0.030000 5.256296 0.150000 5.327230 0.030000
4.769845 0.030000 4.713034 0.030000 6.126265 0.030000 6.238565 0.030000 1.682819 0.150000 1.701681 0.030000 3.361552 0.030000 3.364401 0.030000 5.134883 0.030000 5.312795 0.030000
4.766813 0.030000 4.649462 0.030000 6.136723 0.030000 6.243890 0.030000 1.566475 0.030000 1.728409 0.030000 3.401685 0.030000 3.351194 0.030000 5.211760 0.030000 5.318468 0.030000
4.723765 0.030000 4.722275 0.030000 6.140448 0.030000 6.191243 0.030000 1.557457 0.030000 1.632157 0.030000 3.443980 0.030000 3.368058 0.030000 5.173400 0.030000 5.244466 0.030000
4.800278 0.030000 4.710125 0.030000 6.245831 0.150000 6.188081 0.030000 1.568992 0.030000 1.641864 0.030000 3.466405 0.030000 3.326738 0.030000 5.136413 0.030000 5.250595 0.030000
4.761864 0.030000 4.665772 0.030000 6.058350 0.030000 6.175994 0.030000 1.489721 0.030000 1.681673 0.030000 3.423672 0.030000 3.423531 0.030000 5.158817 0.030000 5.250679 0.030000
4.745851 0.030000 4.741311 0.030000 6.028284 0.030000 6.132263 0.030000 1.513618 0.030000 1.601399 0.030000 3.486356 0.030000 3.385829 0.030000 5.084631 0.030000 5.181899 0.030000
4.751321 0.030000 4.702386 0.030000 6.017013 0.030000 6.141346 0.030000 1.432509 0.030000 1.533141 0.030000 3.467655 0.030000 3.388291 0.030000 5.064847 0.030000 5.232793 0.030000
4.824876 0.030000 4.750419 0.030000 5.998426 0.030000 6.120039 0.030000 1.434734 0.030000 1.830734 0.150000 3.570221 0.030000 3.403273 0.030000 5.019825 0.030000 5.157109 0.030000
4.831106 0.030000 4.776504 0.030000 5.925444 0.030000 6.103301 0.030000 1.401072 0.030000 1.546840 0.030000 3.480325 0.030000 3.434622 0.030000 5.018820 0.030000 5.163057 0.030000
4.853012 0.030000 4.801585 0.030000 5.969576 0.030000 6.037174 0.030000 1.602284 0.150000 1.486555 0.030000 3.492028 0.030000 3.488818 0.030000 4.944033 0.030000 5.100173 0.030000
4.878463 0.030000 4.822770 0.030000 5.954736 0.030000 6.103298 0.030000 1.398518 0.030000 1.494673 0.030000 3.570892 0.030000 3.465330 0.030000 4.944194 0.030000 5.106204 0.030000
4.822138 0.030000 4.789646 0.030000 5.871480 0.030000 5.984925 0.030000 1.418259 0.150000 1.448985 0.030000 3.520646 0.030000 3.491338 0.030000 4.960500 0.030000 5.031339 0.030000
4.825742 0.030000 4.755414 0.030000 5.881654 0.030000 6.006576 0.030000 1.361291 0.030000 1.465179 0.030000 3.590821 0.030000 3.533458 0.030000 4.883457 0.030000 5.064941 0.030000
4.924363 0.030000 4.803796 0.030000 5.879177 0.030000 5.949081 0.030000 1.295258 0.030000 1.391713 0.030000 3.587856 0.030000 3.530630 0.030000 5.507260 0.150000 5.014867 0.030000
4.954650 0.030000 4.866508 0.030000 5.860337 0.030000 5.985881 0.030000 1.231190 0.030000 1.412530 0.030000 4.420971 0.150000 3.551979 0.030000 5.428763 0.150000 4.988624 0.030000
4.940380 0.030000 4.900551 0.030000 5.834093 0.030000 6.645164 0.150000 1.257073 0.030000 1.303721 0.030000 3.644322 0.030000 3.540859 0.030000 4.837453 0.030000 4.996585 0.030000
4.927532 0.030000 4.855066 0.030000 5.805543 0.030000 5.871594 0.030000 1.247579 0.030000 1.305110 0.030000 3.694792 0.030000 3.530415 0.030000 4.832017 0.030000 4.861787 0.030000
4.949881 0.030000 4.941450 0.030000 5.794839 0.030000 5.933009 0.030000 1.236767 0.030000 1.331801 0.030000 3.670039 0.030000 3.632502 0.030000 4.796856 0.030000 4.948315 0.030000
4.986623 0.030000 4.900334 0.030000 5.753299 0.030000 5.950356 0.030000 1.237607 0.030000 1.290394 0.030000 3.678912 0.150000 3.615132 0.030000 4.763474 0.030000 4.936842 0.030000
4.927131 0.030000 4.927781 0.030000 5.742336 0.030000 5.867747 0.030000 1.132863 0.030000 1.259424 0.030000 3.671571 0.030000 3.580928 0.030000 4.801293 0.030000 4.855758 0.030000
4.957768 0.030000 4.932264 0.030000 5.752831 0.030000 5.815341 0.030000 1.204791 0.030000 1.220729 0.030000 3.688253 0.030000 3.594644 0.030000 4.746879 0.030000 4.851923 0.030000
4.985525 0.030000 4.915063 0.030000 6.214882 0.150000 5.835997 0.030000 1.159718 0.030000 1.239171 0.030000 3.724149 0.030000 3.625901 0.030000 4.683870 0.030000 4.780055 0.030000
5.030006 0.030000 4.966821 0.030000 5.715011 0.030000 6.208375 0.150000 1.149790 0.030000 1.216057 0.030000 4.187341 0.150000 3.638503 0.030000 4.654495 0.030000 4.783279 0.030000
5.071383 0.030000 4.885133 0.030000 5.661291 0.030000 5.777300 0.030000 1.147685 0.030000 1.256634 0.030000 3.767625 0.030000 6.613564 0.150000 4.637229 0.030000 4.769658 0.030000
5.055095 0.030000 4.998386 0.030000 5.883922 0.150000 5.789748 0.030000 1.021869 0.030000 1.213634 0.030000 3.769087 0.030000 3.704571 0.030000 4.645672 0.030000 4.745604 0.030000
5.040665 0.030000 4.993740 0.030000 5.649545 0.030000 5.717860 0.030000 1.072841 0.030000 1.175335 0.030000 4.281547 0.150000 3.997997 0.150000 4.601092 0.030000 4.673329 0.030000
5.088442 0.030000 4.976452 0.030000 5.609571 0.030000 5.858370 0.150000 1.233887 0.150000 1.162808 0.030000 3.856658 0.030000 3.779419 0.030000 4.545287 0.030000 4.674665 0.030000
5.395530 0.150000 5.011535 0.030000 5.564121 0.030000 5.656337 0.030000 1.043411 0.030000 1.202359 0.030000 3.913422 0.030000 3.847826 0.150000 5.528032 0.150000 4.741865 0.030000
5.094246 0.030000 4.987106 0.030000 5.596258 0.030000 5.640115 0.030000 1.098103 0.030000 1.153487 0.030000 3.951953 0.150000 3.724965 0.030000 4.515121 0.030000 4.637338 0.030000
5.130782 0.030000 5.048647 0.030000 5.573654 0.030000 5.875732 0.150000 1.006127 0.030000 1.087415 0.030000 3.881767 0.030000 3.756069 0.030000 4.411554 0.030000 4.632904 0.150000
5.153838 0.030000 5.087527 0.030000 5.512304 0.150000 5.637457 0.030000 1.088760 0.030000 1.138835 0.030000 3.928166 0.030000 3.907942 0.030000 4.404292 0.030000 4.597110 0.030000
5.135210 0.030000 5.064323 0.030000 5.544837 0.030000 6.162145 0.150000 1.032613 0.030000 1.122589 0.030000 3.900773 0.030000 3.870312 0.030000 4.438473 0.030000 4.605824 0.030000
5.101788 0.030000 5.101754 0.030000 5.485607 0.030000 5.586689 0.030000 1.010288 0.030000 1.017508 0.030000 4.001470 0.030000 3.891201 0.030000 4.430956 0.030000 4.584629 0.030000
5.363053 0.150000 5.111266 0.030000 5.469230 0.030000 5.579747 0.030000 0.978454 0.030000 1.052818 0.030000 3.997912 0.030000 3.939408 0.030000 4.547031 0.150000 4.478673 0.030000
5.206355 0.030000 5.106766 0.030000 5.490571 0.030000 6.756516 0.150000 1.000486 0.030000 0.960981 0.030000 3.976671 0.030000 3.914167 0.030000 4.393298 0.030000 4.489786 0.030000
5.967033 0.150000 5.136612 0.030000 5.463369 0.030000 5.575309 0.030000 1.025571 0.030000 1.017856 0.030000 4.006955 0.030000 3.893016 0.030000 4.386081 0.030000 4.498819 0.030000
5.226785 0.030000 5.139573 0.030000 5.384459 0.030000 5.917663 0.150000 1.055667 0.030000 1.044230 0.030000 4.034588 0.030000 3.981840 0.030000 4.344138 0.030000 4.448905 0.030000
5.437981 0.150000 5.192259 0.030000 5.388498 0.030000 5.530950 0.030000 0.992531 0.030000 1.028996 0.030000 4.089209 0.030000 3.987105 0.030000 4.340248 0.030000 4.435746 0.030000
5.203104 0.030000 5.177369 0.030000 5.420479 0.030000 5.503368 0.030000 0.951193 0.030000 1.009759 0.030000 4.075021 0.030000 4.002072 0.030000 4.353497 0.030000 4.908889 0.150000
5.293433 0.030000 5.228994 0.030000 5.413191 0.030000 5.482024 0.030000 0.908256 0.030000 1.008837 0.030000 4.092874 0.030000 4.002751 0.030000 4.308244 0.030000 4.423690 0.030000
5.313607 0.030000 5.276971 0.030000 5.379234 0.030000 5.482636 0.030000 0.892734 0.030000 0.916412 0.030000 4.120333 0.030000 4.483218 0.150000 4.232387 0.030000 4.377414 0.030000
5.323802 0.030000 5.201060 0.030000 5.413925 0.030000 5.497001 0.030000 0.967717 0.030000 0.961703 0.030000 4.168205 0.030000 4.007607 0.030000 4.236105 0.030000 4.400255 0.030000
5.312642 0.030000 5.238566 0.030000 5.341074 0.030000 5.417878 0.030000 0.921789 0.030000 0.962762 0.030000 4.232201 0.030000 4.098409 0.030000 4.206738 0.030000 4.303061 0.030000
5.331901 0.030000 5.271195 0.030000 5.262952 0.030000 5.412081 0.030000 0.939010 0.030000 1.229249 0.150000 4.226303 0.030000 4.095546 0.030000 4.206241 0.030000 4.286741 0.030000
5.363839 0.030000 5.316561 0.030000 5.581365 0.150000 5.425867 0.030000 0.946886 0.030000 0.950612 0.150000 4.203463 0.030000 4.069313 0.030000 4.154249 0.030000 4.244160 0.030000
5.383521 0.030000 5.329443 0.030000 5.248745 0.030000 5.371916 0.030000 0.954749 0.030000 0.955298 0.030000 4.260724 0.030000 4.099849 0.030000 4.140033 0.030000 4.306729 0.030000
5.420770 0.030000 5.379045 0.030000 5.414754 0.150000 5.355822 0.030000 1.242097 0.150000 0.956518 0.030000 4.266378 0.030000 4.171697 0.030000 4.122274 0.030000 4.234085 0.030000
5.435070 0.030000 5.340496 0.030000 5.566829 0.150000 5.350567 0.030000 0.930144 0.030000 0.980634 0.030000 4.286410 0.030000 4.180203 0.030000 4.127365 0.030000 4.214916 0.030000
5.708063 0.150000 5.349318 0.030000 5.267154 0.030000 5.288906 0.030000 0.969550 0.030000 0.955062 0.030000 4.281931 0.030000 4.214130 0.030000 4.148573 0.030000 4.161864 0.030000
5.380312 0.150000 5.399379 0.030000 5.240420 0.030000 5.282827 0.030000 0.946555 0.030000 0.934772 0.030000 4.310431 0.030000 4.365026 0.150000 4.637865 0.150000 4.172502 0.030000
5.470284 0.030000 5.356173 0.030000 5.216941 0.030000 5.306307 0.030000 0.960847 0.030000 1.108920 0.150000 4.394220 0.030000 4.287555 0.030000 4.027754 0.030000 4.162258 0.030000
5.491351 0.030000 5.396562 0.030000 5.188512 0.030000 5.266617 0.030000 0.928095 0.030000 0.950763 0.030000 4.352450 0.030000 4.288452 0.030000 3.960205 0.030000 4.177211 0.030000
5.473591 0.030000 5.486789 0.150000 5.142743 0.030000 5.269891 0.030000 1.002200 0.030000 0.927944 0.030000 4.420767 0.030000 4.333319 0.030000 4.009287 0.030000 4.103296 0.030000
5.505147 0.030000 5.460641 0.030000 5.103896 0.030000 5.284085 0.030000 1.265942 0.150000 0.992593 0.030000 4.378117 0.030000 4.294332 0.030000 4.002434 0.030000 4.061418 0.030000
5.559361 0.030000 5.464589 0.030000 5.133191 0.030000 5.337024 0.030000 0.954592 0.030000 0.925144 0.030000 4.433533 0.030000 4.298394 0.030000 3.963072 0.030000 4.061278 0.030000
5.578338 0.030000 5.470538 0.030000 5.168640 0.030000 5.241262 0.030000 1.047261 0.030000 0.960347 0.030000 4.495575 0.030000 4.428741 0.030000 4.107925 0.150000 4.017391 0.030000
5.577987 0.030000 5.477768 0.150000 5.118920 0.030000 5.182448 0.030000 0.966474 0.030000 0.998109 0.030000 4.475544 0.030000 4.346160 0.030000 3.885674 0.030000 4.017192 0.030000
5.617439 0.030000 5.542025 0.030000 5.101757 0.030000 5.224540 0.030000 0.994680 0.030000 0.976721 0.030000 4.472353 0.030000 4.356861 0.030000 3.917136 0.030000 3.989395 0.030000
6.330677 0.150000 5.520496 0.030000 5.067606 0.030000 5.149438 0.030000 1.056807 0.030000 1.003885 0.030000 4.540116 0.030000 4.389336 0.030000 3.882238 0.030000 3.940335 0.030000
5.635528 0.030000 5.554250 0.030000 5.056612 0.030000 5.123536 0.030000 1.089671 0.030000 0.929008 0.030000 4.993976 0.150000 4.547004 0.150000 3.852574 0.030000 4.160298 0.150000
5.643206 0.030000 5.558447 0.030000 5.029078 0.030000 5.143721 0.030000 1.283781 0.150000 0.954738 0.030000 4.511506 0.030000 4.426658 0.030000 3.802432 0.030000 3.878030 0.030000
5.651913 0.030000 5.539851 0.030000 5.058424 0.030000 5.144963 0.030000 1.061479 0.030000 1.018477 0.030000 4.539343 0.030000 4.519860 0.030000 3.803753 0.030000 3.881087 0.030000
5.755972 0.030000 5.628821 0.030000 5.016882 0.030000 5.086243 0.030000 1.098146 0.030000 1.064408 0.030000 4.663969 0.030000 4.554503 0.030000 3.788817 0.030000 4.485381 0.150000
5.667167 0.030000 5.602528 0.030000 5.024810 0.030000 5.089137 0.030000 1.135236 0.030000 1.024250 0.030000 4.617350 0.030000 4.555306 0.030000 3.791246 0.030000 3.799645 0.030000
5.712337 0.030000 5.607945 0.030000 4.931835 0.150000 5.070801 0.030000 1.137304 0.030000 1.126860 0.030000 4.648693 0.030000 4.512908 0.030000 3.738735 0.030000 3.859867 0.030000
5.747717 0.030000 5.660937 0.030000 5.006633 0.030000 5.065217 0.030000 1.142375 0.030000 1.111091 0.030000 4.661477 0.030000 4.585283 0.030000 3.757503 0.030000 3.839018 0.030000
5.760351 0.030000 5.669120 0.030000 4.900615 0.150000 5.056968 0.030000 1.163848 0.030000 1.061424 0.030000 4.755248 0.030000 4.550343 0.030000 3.721811 0.030000 3.881189 0.030000
5.739717 0.030000 5.707158 0.030000 4.992313 0.030000 5.054265 0.030000 1.215507 0.030000 1.097798 0.030000 4.737414 0.030000 4.619191 0.030000 3.709829 0.030000 3.772187 0.030000
5.799561 0.030000 5.686304 0.030000 4.991606 0.030000 4.973292 0.030000 1.204556 0.030000 1.101636 0.030000 4.794341 0.030000 4.664802 0.030000 3.705288 0.030000 4.176467 0.150000
5.835392 0.030000 5.664078 0.030000 4.903421 0.030000 4.983108 0.030000 1.235997 0.030000 1.044185 0.030000 4.755054 0.030000 4.646030 0.030000 3.683182 0.030000 3.731490 0.030000
5.869386 0.030000 5.713285 0.030000 4.906179 0.030000 5.028803 0.030000 1.280746 0.030000 1.197452 0.030000 5.813188 0.150000 4.669735 0.030000 3.621423 0.030000 3.672306 0.030000
5.848487 0.030000 5.750861 0.030000 4.872592 0.030000 4.956205 0.030000 1.242230 0.030000 1.199102 0.030000 4.849166 0.030000 4.733347 0.030000 3.620761 0.030000 3.727715 0.030000
5.937237 0.030000 5.813402 0.030000 5.014683 0.150000 4.984087 0.030000 1.311197 0.030000 1.169117 0.030000 4.896412 0.030000 4.739049 0.030000 3.625307 0.030000 3.704916 0.030000
5.898692 0.030000 5.795753 0.030000 5.462105 0.150000 4.869710 0.030000 1.296939 0.030000 1.229067 0.030000 4.933610 0.030000 4.728609 0.030000 3.602305 0.030000 3.785869 0.030000
5.961130 0.030000 5.859224 0.030000 4.868183 0.030000 4.927027 0.030000 1.320400 0.030000 1.245243 0.030000 4.952346 0.030000 4.813771 0.030000 3.622931 0.150000 3.650702 0.030000
5.934987 0.030000 5.823699 0.030000 4.808668 0.030000 4.924729 0.030000 1.330790 0.030000 1.331814 0.030000 4.965073 0.030000 5.339637 0.150000 3.502580 0.030000 3.617990 0.030000
5.991527 0.030000 6.153874 0.150000 5.475974 0.150000 4.909638 0.030000 1.399454 0.030000 1.252427 0.030000 4.953235 0.030000 4.922733 0.030000 3.736288 0.150000 3.573000 0.030000
5.970017 0.030000 5.820056 0.030000 4.809558 0.030000 4.869623 0.030000 1.414230 0.030000 1.295093 0.150000 4.950045 0.030000 4.858643 0.030000 3.464487 0.030000 3.634226 0.030000
5.937953 0.030000 5.918429 0.030000 4.800181 0.030000 4.839070 0.150000 1.382626 0.150000 1.279191 0.030000 5.060261 0.030000 4.878515 0.030000 3.501995 0.030000 3.634816 0.030000
6.194197 0.150000 5.931978 0.030000 4.828849 0.030000 4.869636 0.030000 1.642679 0.150000 1.318731 0.030000 5.002333 0.030000 4.907162 0.030000 3.466400 0.030000 3.557545 0.030000
6.335636 0.150000 5.938482 0.030000 5.041806 0.150000 4.856333 0.030000 1.451873 0.030000 1.354962 0.030000 5.036930 0.030000 4.890474 0.030000 3.401572 0.030000 3.584980 0.030000
6.055227 0.030000 5.996604 0.030000 4.817410 0.030000 4.818939 0.030000 1.467653 0.030000 1.341426 0.030000 5.034275 0.030000 4.942297 0.030000 3.475775 0.030000 3.521362 0.030000
6.104696 0.030000 5.977227 0.030000 4.978994 0.150000 4.817971 0.030000 1.535801 0.030000 1.416023 0.030000 5.060110 0.150000 4.982738 0.030000 3.411752 0.030000 3.690486 0.150000
6.059664 0.030000 5.994478 0.030000 4.754262 0.030000 4.825664 0.030000 1.541376 0.030000 1.367153 0.030000 5.100322 0.030000 5.241418 0.150000 3.459570 0.030000 3.485576 0.030000
6.157693 0.030000 6.009191 0.030000 4.768795 0.030000 4.864141 0.030000 1.525792 0.030000 1.346698 0.030000 5.170337 0.030000 5.014249 0.030000 3.434407 0.030000 3.748665 0.150000
6.175026 0.030000 6.177761 0.150000 4.713367 0.030000 4.776521 0.030000 1.629918 0.030000 1.490656 0.030000 5.185162 0.030000 5.407082 0.150000 3.404343 0.030000 3.513604 0.030000
6.157548 0.030000 6.059973 0.030000 4.834902 0.150000 4.852563 0.030000 1.572452 0.030000 1.483859 0.030000 5.192829 0.030000 5.091702 0.030000 3.388018 0.030000 3.438644 0.030000
6.239525 0.030000 6.089057 0.030000 4.740687 0.030000 4.751561 0.030000 1.652365 0.030000 1.489945 0.030000 5.202670 0.030000 5.098778 0.030000 3.345195 0.030000 3.446851 0.030000
6.219442 0.030000 6.095832 0.030000 4.655647 0.030000 4.784893 0.030000 1.573461 0.030000 1.484216 0.030000 5.223661 0.030000 5.143037 0.030000 3.336323 0.030000 3.424554 0.030000
6.248446 0.030000 6.123027 0.030000 4.649139 0.030000 4.757844 0.030000 1.700570 0.030000 1.488563 0.030000 5.247632 0.030000 5.129767 0.030000 3.898603 0.150000 3.385836 0.030000
6.274934 0.030000 6.181502 0.030000 4.726808 0.030000 4.950167 0.150000 1.739811 0.030000 1.550647 0.030000 5.288005 0.030000 5.149622 0.030000 3.404454 0.030000 3.410129 0.030000
6.278384 0.030000 6.153518 0.030000 4.725069 0.030000 4.689547 0.030000 1.802557 0.150000 1.596272 0.030000 5.339789 0.030000 5.216830 0.030000 3.253475 0.030000 3.377688 0.030000
6.258600 0.030000 6.187405 0.030000 4.659187 0.030000 4.723593 0.030000 1.766330 0.030000 1.627922 0.030000 5.340262 0.030000 5.254121 0.030000 3.277381 0.030000 3.333274 0.030000
6.278638 0.030000 6.232473 0.030000 4.665886 0.030000 4.647466 0.030000 1.735749 0.030000 2.231955 0.150000 5.773881 0.150000 5.195442 0.030000 3.220278 0.030000 3.374710 0.030000
6.349883 0.030000 6.218223 0.030000 4.668632 0.030000 4.728254 0.030000 1.746961 0.030000 1.665230 0.030000 5.395843 0.030000 5.323257 0.030000 3.227566 0.030000 3.322272 0.030000
6.356165 0.030000 6.278952 0.030000 4.631333 0.030000 4.761176 0.030000 1.899257 0.150000 1.666786 0.030000 5.371344 0.030000 5.293602 0.030000 3.462367 0.150000 3.276879 0.030000
6.345739 0.030000 6.172903 0.030000 4.622722 0.030000 4.664421 0.030000 1.908014 0.150000 1.655341 0.030000 5.408597 0.030000 5.302618 0.030000 3.550183 0.150000 3.294051 0.030000
6.396941 0.030000 6.215287 0.030000 4.599793 0.030000 4.692739 0.030000 1.859808 0.030000 1.700599 0.030000 5.413316 0.030000 5.338575 0.030000 3.231053 0.030000 3.236449 0.030000
6.414725 0.030000 6.291632 0.030000 5.211665 0.150000 4.657008 0.030000 1.878333 0.030000 1.744136 0.030000 5.467302 0.150000 5.334273 0.030000 3.174564 0.030000 3.200141 0.030000
6.432827 0.030000 6.334458 0.030000 4.665796 0.030000 4.608505 0.030000 1.990321 0.150000 1.714404 0.030000 5.488752 0.030000 6.161092 0.150000 3.236802 0.030000 3.296007 0.030000
6.418397 0.030000 6.334745 0.030000 4.643323 0.030000 4.666054 0.030000 1.927107 0.030000 1.760045 0.150000 5.489008 0.030000 5.384184 0.030000 3.173821 0.030000 3.268479 0.030000
6.365202 0.030000 6.366623 0.030000 4.619065 0.030000 4.606040 0.030000 1.936849 0.030000 1.872853 0.030000 5.550524 0.030000 5.460525 0.030000 3.184511 0.030000 3.258023 0.030000
6.466289 0.030000 6.363315 0.030000 4.607764 0.030000 4.572105 0.150000 1.948703 0.030000 1.787607 0.030000 6.246298 0.150000 5.402233 0.030000 3.165184 0.030000 3.207333 0.030000
6.479950 0.030000 6.381882 0.030000 4.823563 0.150000 4.599656 0.030000 1.972923 0.030000 1.829740 0.030000 5.523292 0.030000 5.397438 0.030000 3.117143 0.030000 3.286327 0.030000
6.517538 0.030000 6.405380 0.030000 4.557846 0.030000 4.607800 0.030000 1.981703 0.030000 1.868761 0.030000 5.607671 0.030000 5.425828 0.030000 3.121814 0.030000 3.230465 0.030000
6.514571 0.030000 6.665205 0.150000 4.590281 0.030000 4.574940 0.030000 2.002532 0.030000 1.822876 0.030000 5.581087 0.030000 5.464763 0.150000 3.529973 0.150000 3.185422 0.030000
6.485563 0.030000 6.413228 0.030000 4.539327 0.030000 5.511904 0.150000 1.989999 0.030000 2.043382 0.150000 5.633988 0.030000 5.517446 0.030000 3.128688 0.030000 3.155699 0.030000
6.495131 0.030000 6.299891 0.150000 4.608567 0.030000 4.621189 0.030000 2.023524 0.030000 1.858370 0.030000 5.609392 0.030000 5.509309 0.030000 3.362767 0.150000 3.179383 0.030000
6.530964 0.030000 6.458637 0.030000 4.878605 0.150000 4.593852 0.030000 2.076466 0.030000 1.845702 0.030000 5.631334 0.030000 5.499410 0.030000 3.153625 0.030000 3.139933 0.030000
6.604921 0.030000 6.498235 0.030000 4.547194 0.030000 4.591304 0.030000 2.073158 0.030000 1.926267 0.030000 6.032908 0.150000 5.535939 0.030000 3.141989 0.030000 3.204441 0.030000
6.569522 0.030000 6.455705 0.030000 4.607423 0.030000 4.602690 0.030000 2.121275 0.030000 2.185083 0.150000 5.642988 0.030000 5.557628 0.030000 3.136996 0.030000 3.180920 0.030000
6.566440 0.030000 6.500404 0.030000 4.550526 0.030000 4.584203 0.030000 2.075435 0.030000 1.974658 0.030000 5.666889 0.030000 5.522628 0.030000 3.118480 0.030000 3.630764 0.150000
6.581799 0.030000 6.505225 0.030000 4.531669 0.030000 4.627322 0.030000 2.105075 0.030000 1.914359 0.030000 5.649540 0.030000 5.812578 0.150000 3.074242 0.030000 3.166469 0.030000
6.580663 0.030000 6.493673 0.030000 4.586900 0.030000 4.591557 0.030000 2.133810 0.030000 1.951900 0.030000 5.642978 0.030000 5.590710 0.030000 3.090881 0.030000 3.165824 0.030000
6.632022 0.030000 6.511229 0.030000 4.525999 0.030000 4.601754 0.030000 2.104272 0.030000 1.963449 0.030000 5.712648 0.030000 5.606069 0.030000 3.095800 0.030000 3.102984 0.030000
6.768242 0.150000 6.539418 0.030000 4.540935 0.030000 4.550928 0.030000 2.131983 0.030000 1.982045 0.030000 5.701890 0.030000 5.599567 0.030000 3.059746 0.030000 3.139715 0.030000
6.581831 0.030000 6.493958 0.030000 4.459645 0.150000 4.563197 0.030000 2.157527 0.030000 1.991045 0.030000 5.698393 0.030000 5.623123 0.030000 3.111249 0.030000 3.155647 0.030000
6.551563 0.150000 6.527209 0.030000 4.486419 0.030000 4.587215 0.030000 2.151924 0.030000 1.969536 0.030000 5.749752 0.030000 5.592331 0.030000 3.069868 0.030000 3.139927 0.030000
7.252340 0.150000 6.532876 0.030000 4.535740 0.030000 4.556514 0.030000 2.110982 0.150000 2.061214 0.030000 5.742027 0.030000 5.650756 0.030000 3.073624 0.030000 3.109947 0.030000
6.682757 0.030000 6.551663 0.030000 4.491615 0.030000 4.563459 0.030000 2.182588 0.030000 2.013359 0.150000 5.796084 0.030000 5.592274 0.030000 3.030521 0.030000 3.123681 0.030000
6.682776 0.030000 6.563303 0.030000 5.011204 0.150000 4.615404 0.030000 2.239790 0.030000 2.016904 0.030000 5.781991 0.030000 5.651211 0.030000 3.113921 0.030000 3.190358 0.030000
6.650388 0.030000 6.588424 0.030000 4.595166 0.030000 4.580534 0.030000 2.156128 0.030000 2.020652 0.030000 5.762432 0.030000 5.623183 0.030000 3.093226 0.030000 3.076966 0.030000
6.610197 0.030000 6.582878 0.030000 4.536824 0.030000 4.589641 0.030000 2.216207 0.030000 2.020358 0.030000 5.772958 0.030000 5.658286 0.030000 3.002812 0.030000 3.164779 0.150000
6.707340 0.030000 6.627064 0.030000 4.482946 0.030000 4.580668 0.030000 2.280856 0.030000 2.449583 0.150000 5.772577 0.030000 5.600714 0.030000 3.010971 0.030000 3.095117 0.030000
6.751349 0.030000 6.575463 0.030000 4.531173 0.030000 4.540617 0.030000 2.232625 0.030000 2.045984 0.030000 5.839112 0.030000 5.696537 0.030000 2.982567 0.030000 3.078910 0.030000
6.695792 0.030000 6.587770 0.030000 4.511201 0.030000 4.602565 0.030000 2.260368 0.030000 2.066128 0.030000 5.870994 0.030000 5.691831 0.030000 3.039017 0.030000 3.071499 0.030000
6.659547 0.030000 6.549368 0.030000 4.546283 0.030000 4.577809 0.030000 2.218899 0.030000 2.041749 0.030000 5.873833 0.030000 5.699538 0.030000 3.070083 0.030000 3.145922 0.030000
6.783726 0.030000 6.594835 0.030000 4.552969 0.030000 4.509754 0.030000 2.196002 0.030000 2.372020 0.150000 5.819457 0.030000 5.771279 0.150000 3.088635 0.030000 3.052658 0.030000
6.663164 0.030000 7.277068 0.150000 4.582499 0.030000 4.615665 0.150000 2.275847 0.030000 2.114818 0.030000 5.815161 0.030000 5.655448 0.030000 3.040006 0.030000 3.101517 0.030000
6.801560 0.030000 7.223041 0.150000 4.917071 0.150000 4.558562 0.030000 2.255898 0.030000 2.142186 0.030000 5.840593 0.030000 5.694604 0.030000 3.081691 0.030000 3.436341 0.150000
6.778960 0.030000 6.616335 0.030000 4.524922 0.030000 4.570276 0.030000 2.262740 0.030000 2.142528 0.030000 5.833937 0.030000 5.670133 0.150000 3.010283 0.030000 3.125804 0.030000
6.743231 0.030000 6.649404 0.030000 4.536183 0.030000 4.509011 0.030000 2.296623 0.030000 2.117891 0.030000 5.830427 0.030000 5.714587 0.030000 2.986382 0.030000 3.083512 0.030000
6.796574 0.030000 6.891710 0.150000 4.505669 0.030000 4.524889 0.030000 2.248510 0.030000 2.135018 0.030000 5.858338 0.030000 5.693030 0.030000 3.071311 0.030000 3.096455 0.150000
6.787711 0.030000 6.601451 0.030000 4.529384 0.030000 4.519765 0.030000 2.296028 0.030000 2.123605 0.030000 5.825937 0.030000 6.394806 0.150000 2.890666 0.030000 3.059613 0.030000
6.759254 0.030000 6.631980 0.030000 4.544122 0.030000 4.579971 0.030000 2.316371 0.030000 2.086211 0.030000 5.811850 0.030000 6.018896 0.150000 2.984409 0.030000 3.059769 0.030000
6.777824 0.030000 6.644153 0.030000 4.532666 0.030000 4.481281 0.030000 2.287432 0.030000 2.202591 0.030000 5.896743 0.030000 5.807435 0.030000 2.946372 0.030000 3.016378 0.030000
6.818614 0.030000 6.649866 0.030000 4.520428 0.030000 4.528173 0.030000 2.161533 0.150000 2.182127 0.030000 5.877972 0.030000 5.760520 0.030000 2.989774 0.030000 3.377377 0.150000
7.161431 0.150000 6.660614 0.030000 4.542609 0.030000 4.512159 0.030000 2.364987 0.030000 2.180989 0.030000 5.885952 0.030000 6.315647 0.150000 2.929866 0.030000 3.096741 0.030000
6.865556 0.030000 6.729127 0.030000 4.616759 0.030000 4.520230 0.030000 3.070068 0.150000 2.164824 0.030000 5.884231 0.030000 5.840513 0.030000 2.945624 0.030000 3.030294 0.030000
6.902543 0.030000 6.693089 0.030000 4.555007 0.030000 4.503963 0.030000 2.414723 0.030000 2.235128 0.030000 5.924305 0.030000 5.855309 0.030000 2.961700 0.030000 3.014481 0.030000
6.857546 0.030000 7.189112 0.150000 4.610612 0.030000 4.563921 0.030000 2.675502 0.150000 2.242289 0.030000 5.900266 0.030000 5.829658 0.030000 2.921881 0.030000 3.043072 0.030000
6.940223 0.030000 6.804370 0.030000 4.665100 0.030000 4.526371 0.030000 2.449303 0.030000 2.311829 0.030000 6.259555 0.150000 5.813857 0.030000 2.889479 0.030000 2.969533 0.030000
6.948749 0.030000 6.801773 0.030000 4.617852 0.030000 4.537455 0.030000 2.456363 0.030000 2.357054 0.030000 5.846079 0.030000 5.772504 0.030000 3.045570 0.150000 3.007633 0.030000
7.318499 0.150000 6.841730 0.030000 4.653714 0.030000 4.554802 0.030000 2.521540 0.030000 2.309619 0.030000 5.897205 0.030000 5.851604 0.030000 3.190547 0.150000 2.990807 0.030000
6.913950 0.030000 6.846615 0.030000 4.602873 0.150000 4.514157 0.030000 2.465701 0.030000 2.378874 0.030000 5.858383 0.030000 5.895973 0.030000 2.789353 0.030000 2.908939 0.030000
7.049219 0.030000 6.880528 0.030000 4.722390 0.030000 4.625098 0.030000 2.521375 0.030000 2.364136 0.030000 5.900547 0.030000 5.875132 0.030000 2.756658 0.030000 2.884829 0.030000
7.043788 0.030000 6.853826 0.030000 4.693068 0.030000 4.611976 0.030000 2.537014 0.030000 2.417164 0.030000 5.814667 0.030000 5.877549 0.030000 2.688782 0.030000 2.904810 0.030000
7.044251 0.030000 6.905528 0.030000 4.768885 0.030000 4.660757 0.030000 2.498541 0.030000 2.853572 0.150000 6.907050 0.150000 5.885552 0.030000 2.722888 0.030000 2.868429 0.030000
7.072007 0.030000 6.919476 0.030000 4.769942 0.030000 4.629588 0.030000 2.562180 0.030000 2.486729 0.030000 5.863354 0.030000 5.867648 0.030000 2.622427 0.030000 2.764398 0.030000
7.100014 0.030000 7.006160 0.030000 4.790200 0.030000 4.702700 0.030000 2.592886 0.030000 2.468846 0.030000 5.828461 0.030000 5.909301 0.030000 2.666541 0.030000 2.787104 0.030000
7.078404 0.030000 7.027660 0.030000 4.875286 0.150000 4.708962 0.030000 2.586632 0.030000 2.479664 0.030000 7.403757 0.150000 5.850560 0.030000 2.598273 0.030000 2.742934 0.030000
7.132975 0.030000 7.037745 0.030000 4.891383 0.030000 4.690380 0.030000 2.624231 0.030000 2.502154 0.030000 5.854140 0.030000 5.892395 0.030000 2.615192 0.030000 2.744850 0.030000
7.168218 0.030000 7.089148 0.150000 4.890112 0.030000 4.764516 0.030000 2.681536 0.150000 2.542048 0.030000 5.866077 0.030000 5.859525 0.030000 2.584426 0.030000 2.692685 0.030000
7.207298 0.030000 7.063638 0.030000 4.912813 0.030000 4.759680 0.030000 2.678132 0.030000 2.565127 0.030000 5.790382 0.030000 5.870756 0.030000 2.533574 0.030000 2.673965 0.030000
7.248764 0.030000 7.067608 0.030000 4.942755 0.030000 4.806660 0.030000 2.685126 0.030000 2.635127 0.030000 5.716471 0.030000 5.840822 0.030000 2.502860 0.030000 2.646108 0.030000
7.213890 0.030000 7.119884 0.030000 4.965157 0.030000 4.804418 0.030000 2.670060 0.030000 2.521680 0.030000 5.734724 0.030000 5.821500 0.030000 2.483674 0.030000 2.654775 0.030000
7.263627 0.030000 7.124149 0.030000 5.024658 0.030000 4.877361 0.030000 2.729433 0.030000 2.618954 0.030000 6.605584 0.150000 5.793317 0.030000 2.413000 0.030000 2.570102 0.030000
7.251257 0.030000 7.120772 0.150000 5.088341 0.030000 5.004931 0.150000 2.732336 0.030000 2.600786 0.030000 5.738462 0.030000 6.133879 0.150000 2.454924 0.030000 2.633641 0.030000
7.245677 0.030000 7.249372 0.030000 5.090785 0.030000 4.881284 0.030000 2.739337 0.030000 2.669326 0.030000 5.755973 0.030000 5.773859 0.030000 2.327707 0.030000 2.578215 0.030000
7.323509 0.030000 7.265411 0.030000 5.094209 0.030000 4.901791 0.030000 2.710701 0.030000 2.648113 0.030000 5.734068 0.030000 5.776446 0.030000 2.595624 0.150000 2.539937 0.030000
7.320577 0.030000 7.420543 0.150000 5.134209 0.030000 5.011325 0.030000 3.075249 0.150000 2.726411 0.030000 5.720094 0.030000 5.810777 0.030000 2.458315 0.150000 2.485508 0.030000
7.306561 0.030000 7.289651 0.030000 5.112613 0.030000 5.089771 0.030000 2.810975 0.030000 2.711163 0.030000 5.677336 0.030000 5.732197 0.030000 2.308764 0.030000 2.439809 0.030000
7.346906 0.030000 7.300062 0.030000 5.148827 0.030000 5.042539 0.030000 2.811450 0.030000 2.752749 0.030000 5.667737 0.030000 5.707133 0.030000 2.300562 0.150000 2.363924 0.030000
7.465764 0.030000 7.270946 0.030000 5.221857 0.030000 5.148074 0.030000 2.814347 0.030000 2.771035 0.030000 5.617378 0.030000 5.739420 0.030000 2.227051 0.030000 2.376307 0.150000
7.432482 0.030000 7.298276 0.030000 5.245283 0.030000 5.119218 0.030000 2.923116 0.030000 2.700333 0.030000 5.655516 0.030000 5.756714 0.030000 2.268264 0.030000 2.344712 0.030000
7.488526 0.030000 7.305499 0.030000 5.296692 0.030000 5.171030 0.030000 2.903830 0.030000 2.762491 0.030000 6.079367 0.150000 5.724375 0.030000 2.123494 0.030000 2.387681 0.030000
7.436192 0.030000 7.321252 0.030000 5.326887 0.030000 5.269779 0.150000 2.857366 0.030000 2.802864 0.150000 5.660126 0.030000 5.704132 0.030000 2.465569 0.150000 2.338047 0.030000
7.518300 0.030000 7.408612 0.030000 5.376528 0.030000 5.190275 0.030000 2.927377 0.030000 2.745603 0.030000 5.668132 0.030000 5.725495 0.030000 2.150485 0.030000 2.286228 0.030000
7.526406 0.030000 7.381193 0.030000 5.367628 0.030000 5.205903 0.030000 2.881936 0.030000 2.848915 0.030000 5.660206 0.030000 5.687797 0.030000 2.128895 0.030000 2.256493 0.030000
7.601609 0.030000 7.433440 0.030000 5.417430 0.030000 5.309496 0.030000 2.984269 0.030000 2.873301 0.030000 5.590135 0.030000 5.670493 0.030000 2.088743 0.030000 2.220573 0.030000
7.495548 0.030000 7.459992 0.030000 5.429227 0.030000 5.271944 0.030000 2.960568 0.030000 2.806007 0.030000 6.059967 0.150000 6.099636 0.150000 2.044421 0.030000 2.200608 0.030000
7.621687 0.150000 7.788686 0.150000 5.479670 0.030000 5.556497 0.150000 2.996501 0.030000 2.861778 0.030000 5.594296 0.030000 5.714140 0.030000 2.034596 0.030000 2.119971 0.030000
7.557070 0.030000 7.749830 0.150000 5.471350 0.030000 5.338907 0.030000 3.342776 0.150000 2.914328 0.030000 6.085053 0.150000 5.700051 0.030000 1.963219 0.030000 2.196825 0.030000
7.586484 0.030000 7.728796 0.150000 5.543096 0.030000 5.436880 0.030000 3.085678 0.150000 2.950492 0.030000 5.593970 0.030000 5.639213 0.030000 2.121771 0.150000 2.753673 0.150000
7.670289 0.030000 7.453215 0.030000 5.549823 0.030000 5.350960 0.030000 3.113423 0.030000 2.928706 0.030000 5.586859 0.030000 5.637211 0.030000 1.965318 0.030000 2.107976 0.030000
7.644850 0.030000 7.513958 0.030000 5.541803 0.030000 5.403978 0.030000 3.119932 0.030000 2.928357 0.030000 5.607783 0.030000 5.637052 0.030000 1.955977 0.030000 2.104241 0.030000
8.187509 0.150000 7.538094 0.030000 5.566607 0.030000 5.377699 0.030000 3.062433 0.030000 3.117486 0.150000 5.556190 0.030000 5.571983 0.030000 1.894767 0.030000 2.019735 0.030000
7.726323 0.030000 7.589510 0.030000 5.604395 0.030000 5.460378 0.030000 3.053902 0.030000 2.997155 0.030000 5.495976 0.030000 5.635513 0.030000 1.855324 0.030000 2.019157 0.030000
7.659494 0.030000 7.623411 0.030000 5.595625 0.150000 5.989605 0.150000 3.069651 0.030000 2.999924 0.030000 5.552246 0.030000 5.570995 0.030000 1.840852 0.030000 2.016215 0.030000
7.748531 0.030000 7.602909 0.030000 5.702981 0.030000 5.499387 0.030000 3.181734 0.030000 3.023709 0.030000 5.573794 0.030000 5.633071 0.030000 1.828342 0.030000 2.011721 0.030000
7.701879 0.030000 7.960341 0.150000 5.746880 0.150000 5.520882 0.030000 3.824542 0.150000 3.055900 0.030000 5.872214 0.150000 5.554660 0.030000 1.829891 0.030000 1.909192 0.030000
7.729691 0.030000 7.611599 0.030000 5.696908 0.030000 5.567898 0.030000 3.175286 0.030000 3.029871 0.030000 5.569139 0.150000 5.547911 0.030000 1.832083 0.030000 2.393536 0.150000
7.722082 0.030000 7.702843 0.030000 5.703369 0.030000 5.556570 0.030000 3.136756 0.030000 3.066748 0.030000 5.546692 0.030000 5.599760 0.030000 1.768268 0.030000 1.877897 0.150000
7.806948 0.030000 7.664772 0.030000 5.716290 0.030000 5.650936 0.030000 3.313048 0.150000 3.032465 0.030000 5.513228 0.030000 5.592557 0.030000 1.753890 0.030000 1.963566 0.030000
7.791087 0.030000 7.754188 0.030000 5.783609 0.030000 5.589611 0.030000 3.186832 0.030000 3.121193 0.030000 5.525102 0.030000 5.552116 0.030000 1.765925 0.030000 1.874567 0.030000
7.794116 0.030000 7.754273 0.030000 5.776078 0.030000 5.644463 0.030000 4.113180 0.150000 3.074075 0.030000 5.543332 0.030000 5.578267 0.030000 1.743069 0.030000 1.831523 0.030000
7.802217 0.030000 7.644376 0.030000 5.808056 0.030000 5.618803 0.030000 3.255896 0.030000 3.094250 0.030000 5.459974 0.030000 5.559805 0.030000 1.715697 0.030000 1.885830 0.030000
7.831381 0.030000 7.793618 0.030000 6.814743 0.150000 5.626724 0.030000 3.219176 0.030000 3.111980 0.030000 5.534389 0.030000 5.499087 0.030000 1.628427 0.030000 1.825205 0.030000
7.860573 0.030000 7.706018 0.030000 5.802312 0.030000 5.679685 0.030000 5.859682 0.150000 3.148326 0.030000 5.495145 0.030000 5.521245 0.030000 1.713568 0.030000 1.858058 0.150000
7.805367 0.030000 7.745561 0.030000 5.721638 0.150000 5.718037 0.030000 3.297728 0.030000 3.202923 0.030000 5.532397 0.030000 5.507964 0.030000 1.691755 0.030000 1.824992 0.030000
7.859174 0.030000 7.739397 0.030000 5.843284 0.030000 5.702188 0.030000 3.297419 0.030000 3.205149 0.030000 5.508324 0.030000 5.543362 0.030000 1.621490 0.030000 1.769757 0.030000
7.902666 0.030000 7.767904 0.030000 5.867933 0.030000 5.715480 0.030000 3.263923 0.030000 3.212582 0.030000 5.487216 0.030000 5.526610 0.030000 1.606016 0.030000 1.755457 0.030000
7.928499 0.030000 7.759978 0.030000 5.908501 0.030000 5.726847 0.030000 3.347007 0.030000 3.216705 0.030000 5.474245 0.030000 5.503483 0.030000 1.577504 0.030000 1.770216 0.030000
7.940177 0.150000 7.765338 0.030000 5.924300 0.030000 5.727205 0.030000 3.320353 0.030000 3.168088 0.030000 5.483049 0.030000 5.514064 0.030000 1.670516 0.030000 1.873986 0.150000
7.936666 0.030000 7.796482 0.030000 5.917471 0.030000 5.757003 0.030000 3.330342 0.030000 3.190034 0.030000 5.465768 0.030000 5.508934 0.030000 1.553086 0.030000 1.760093 0.030000
7.936755 0.030000 8.049036 0.150000 5.957112 0.030000 7.049697 0.150000 3.342690 0.030000 3.228251 0.030000 5.423054 0.030000 5.506687 0.030000 1.549931 0.030000 1.726214 0.030000
7.943827 0.030000 7.783289 0.030000 5.954733 0.030000 5.753003 0.030000 3.343668 0.030000 3.164942 0.030000 5.447714 0.030000 5.506691 0.030000 1.535831 0.030000 1.692924 0.030000
7.929661 0.030000 7.834822 0.030000 5.915486 0.030000 5.813984 0.030000 3.325587 0.030000 3.279316 0.030000 5.485897 0.030000 5.505634 0.030000 1.578270 0.030000 1.691950 0.030000
8.021589 0.150000 7.826026 0.030000 6.009401 0.030000 5.796984 0.030000 3.349680 0.030000 3.214633 0.030000 5.603774 0.150000 5.491727 0.030000 1.577813 0.030000 1.681845 0.030000
8.325451 0.150000 7.833714 0.030000 5.989957 0.030000 5.795445 0.030000 3.414241 0.030000 3.258608 0.030000 5.457441 0.030000 5.894501 0.150000 1.498619 0.030000 1.673806 0.030000
7.925290 0.030000 7.914736 0.030000 5.955043 0.030000 5.812194 0.030000 3.357716 0.030000 3.217433 0.030000 5.459492 0.030000 5.573269 0.030000 1.551506 0.030000 1.630866 0.030000
8.010903 0.030000 7.852533 0.030000 6.036841 0.030000 5.895199 0.030000 3.334116 0.150000 3.181785 0.030000 5.469289 0.030000 5.809124 0.150000 1.510558 0.030000 1.686246 0.030000
8.168181 0.150000 7.871682 0.030000 6.071339 0.030000 5.852281 0.030000 3.417173 0.030000 3.267870 0.030000 5.425815 0.030000 5.685295 0.150000 1.500031 0.030000 1.644767 0.030000
7.981007 0.030000 7.891404 0.030000 6.070687 0.030000 5.905150 0.030000 3.384189 0.030000 3.254606 0.030000 5.482931 0.030000 5.493954 0.030000 1.488613 0.030000 1.960521 0.150000
8.521131 0.150000 7.912870 0.030000 6.033229 0.030000 5.877036 0.030000 3.372950 0.030000 3.250832 0.030000 5.433707 0.030000 5.477281 0.030000 1.482109 0.030000 1.576024 0.030000
8.018168 0.030000 7.919453 0.030000 6.036241 0.030000 5.850675 0.030000 3.352092 0.030000 3.313667 0.030000 5.447010 0.030000 5.490010 0.030000 1.460730 0.030000 1.578269 0.030000
8.299124 0.150000 7.929759 0.030000 6.038487 0.030000 5.884442 0.030000 3.412727 0.030000 3.334390 0.030000 5.486277 0.030000 5.441375 0.030000 1.617817 0.150000 1.627095 0.030000
7.945069 0.030000 7.918310 0.030000 6.063912 0.030000 5.921900 0.030000 3.404504 0.030000 3.437562 0.150000 5.427479 0.030000 5.552155 0.030000 1.479623 0.030000 1.578107 0.030000
7.999746 0.030000 7.911605 0.030000 6.096632 0.030000 5.955740 0.030000 3.439615 0.030000 3.349573 0.030000 5.391649 0.030000 5.505050 0.030000 1.465674 0.030000 1.542568 0.030000
8.086850 0.150000 7.930764 0.030000 6.059213 0.030000 5.925612 0.030000 3.430175 0.030000 3.291255 0.030000 5.480685 0.030000 5.515595 0.030000 1.492564 0.150000 1.563447 0.030000
8.019660 0.030000 7.896326 0.030000 6.075198 0.030000 5.935579 0.030000 3.513092 0.150000 3.283299 0.030000 5.404958 0.030000 5.503806 0.030000 1.467512 0.030000 1.573300 0.030000
8.022800 0.030000 7.890766 0.030000 6.197412 0.150000 5.944840 0.030000 3.484039 0.030000 3.296280 0.030000 5.403432 0.030000 5.502196 0.030000 1.422363 0.030000 1.624062 0.030000
8.467162 0.150000 8.287024 0.150000 6.341659 0.150000 5.910493 0.030000 3.453108 0.150000 3.371261 0.030000 5.383988 0.030000 5.425587 0.030000 1.826193 0.150000 1.561353 0.030000
8.023243 0.030000 7.930042 0.030000 6.089852 0.030000 5.935213 0.030000 3.473163 0.030000 3.350984 0.030000 5.485012 0.030000 5.500111 0.030000 1.427559 0.030000 1.574641 0.030000
8.043173 0.030000 7.980709 0.030000 6.076907 0.030000 5.951765 0.030000 3.443468 0.030000 3.348615 0.030000 5.406758 0.030000 5.465811 0.030000 1.498269 0.030000 1.577158 0.030000
8.046059 0.030000 7.958502 0.030000 6.113826 0.030000 5.803187 0.150000 3.485323 0.030000 3.410064 0.030000 5.437153 0.030000 5.470512 0.030000 1.419686 0.030000 1.525353 0.030000
8.023279 0.030000 7.976741 0.030000 6.062733 0.030000 5.990065 0.030000 3.477865 0.030000 3.392572 0.030000 5.378646 0.030000 5.566801 0.150000 1.410669 0.030000 1.560183 0.030000
8.069356 0.030000 8.001801 0.030000 6.150174 0.030000 5.932192 0.030000 3.461040 0.030000 3.391600 0.030000 5.403153 0.030000 6.032200 0.150000 1.385712 0.150000 1.518729 0.030000
8.074261 0.030000 7.958730 0.030000 6.094868 0.030000 5.987721 0.030000 3.422043 0.030000 3.365185 0.030000 5.401694 0.030000 5.498484 0.030000 1.391764 0.030000 1.444526 0.150000
8.039507 0.030000 8.022976 0.030000 6.161612 0.030000 6.032420 0.030000 3.473584 0.030000 3.352478 0.030000 6.497915 0.150000 5.427220 0.030000 1.445450 0.030000 1.444885 0.030000
8.065989 0.030000 7.960047 0.030000 6.179417 0.030000 6.067634 0.030000 3.454397 0.030000 3.374097 0.030000 5.288027 0.030000 5.480023 0.030000 1.449491 0.030000 1.488880 0.030000
8.064855 0.030000 8.031491 0.030000 6.167655 0.030000 5.997608 0.030000 3.423863 0.030000 3.421184 0.030000 5.296346 0.030000 5.440944 0.030000 1.584822 0.150000 1.453672 0.030000
8.008574 0.030000 8.056086 0.030000 6.201059 0.030000 6.090601 0.030000 3.429866 0.030000 3.378175 0.030000 5.333304 0.030000 5.488264 0.030000 1.515639 0.150000 1.461230 0.030000
7.997687 0.030000 8.024105 0.030000 6.620262 0.150000 6.080189 0.030000 3.421892 0.030000 3.446536 0.030000 5.271116 0.030000 5.343816 0.030000 1.429007 0.030000 1.428495 0.030000
8.031166 0.030000 8.089311 0.030000 6.185802 0.030000 6.081827 0.030000 3.466373 0.030000 3.399120 0.030000 5.261011 0.030000 5.433563 0.030000 1.480148 0.030000 1.461555 0.030000
7.984710 0.030000 8.020006 0.030000 6.209265 0.030000 6.238259 0.150000 3.415714 0.030000 3.397386 0.030000 5.233840 0.030000 5.350746 0.030000 1.493984 0.030000 1.435202 0.030000
7.999580 0.030000 7.999251 0.030000 6.197327 0.030000 6.161439 0.030000 3.384996 0.030000 3.409976 0.030000 5.221966 0.030000 5.549745 0.150000 1.459807 0.030000 1.441595 0.030000
8.012020 0.030000 8.058566 0.030000 6.228602 0.030000 6.169567 0.030000 3.404263 0.030000 3.433657 0.030000 5.115306 0.030000 5.282200 0.030000 1.469807 0.030000 1.466995 0.030000
7.943563 0.030000 8.002964 0.030000 6.244834 0.030000 6.173452 0.030000 3.406733 0.030000 3.426761 0.030000 5.337709 0.150000 5.304357 0.030000 1.578139 0.030000 1.485250 0.030000
7.934835 0.030000 8.126706 0.150000 6.302967 0.030000 6.244537 0.030000 3.353706 0.030000 3.754514 0.150000 5.146891 0.150000 5.235323 0.030000 1.583071 0.030000 1.464187 0.030000
7.902249 0.030000 7.975149 0.030000 6.254787 0.030000 6.207495 0.030000 3.631842 0.150000 3.416706 0.030000 5.000463 0.030000 5.229106 0.030000 1.614853 0.030000 1.518068 0.030000
7.923813 0.030000 7.949658 0.030000 6.237002 0.030000 6.177548 0.030000 3.351100 0.030000 3.400964 0.030000 5.022014 0.030000 5.174976 0.030000 1.579319 0.030000 1.473058 0.030000
7.914454 0.030000 7.986438 0.030000 6.269136 0.030000 7.356747 0.150000 3.319702 0.030000 3.394318 0.030000 4.974500 0.030000 5.214254 0.030000 1.570534 0.030000 1.975023 0.150000
8.737283 0.150000 8.008060 0.030000 6.282201 0.030000 6.329550 0.150000 3.287315 0.030000 3.358341 0.030000 5.024620 0.030000 5.073139 0.030000 1.656080 0.030000 1.533799 0.030000
7.805867 0.030000 7.961142 0.030000 6.286367 0.030000 6.251108 0.030000 3.298615 0.030000 3.344277 0.030000 4.974842 0.030000 5.174570 0.150000 1.671983 0.030000 1.546904 0.030000
7.869353 0.030000 7.919889 0.030000 6.302296 0.030000 6.234747 0.030000 3.303417 0.030000 3.297037 0.030000 4.941725 0.030000 5.090831 0.030000 1.679194 0.030000 1.512560 0.030000
7.850686 0.150000 7.847863 0.030000 6.296263 0.030000 6.695732 0.150000 3.278473 0.030000 3.317410 0.030000 4.880681 0.030000 5.041088 0.030000 1.709116 0.030000 1.575395 0.030000
7.793282 0.030000 7.875272 0.030000 6.298131 0.030000 6.290667 0.030000 3.216294 0.030000 3.352758 0.030000 4.930492 0.030000 5.012135 0.030000 1.737745 0.030000 1.606358 0.030000
7.750244 0.030000 8.049276 0.150000 6.291202 0.030000 6.266949 0.030000 3.184177 0.030000 3.263377 0.030000 4.783310 0.030000 4.982689 0.030000 1.725379 0.030000 1.593986 0.030000
7.747221 0.030000 7.841271 0.030000 6.289005 0.030000 6.283059 0.030000 3.169577 0.030000 3.319259 0.030000 4.858354 0.030000 4.914877 0.030000 1.770354 0.030000 1.624113 0.030000
7.785242 0.150000 7.878886 0.030000 6.311992 0.030000 6.336216 0.030000 3.140783 0.030000 3.298954 0.030000 4.794082 0.030000 4.922871 0.030000 1.817219 0.030000 1.683081 0.030000
7.655178 0.030000 7.844476 0.030000 6.339771 0.030000 6.261172 0.030000 3.113064 0.030000 3.212700 0.030000 4.780029 0.030000 4.905678 0.030000 1.781016 0.030000 1.707252 0.030000
7.685833 0.030000 7.808289 0.030000 6.334407 0.030000 6.324805 0.030000 3.163442 0.030000 3.220202 0.030000 4.759449 0.030000 4.858640 0.030000 1.860406 0.030000 1.733673 0.030000
7.692203 0.030000 7.783263 0.030000 6.338614 0.030000 6.290219 0.030000 3.139034 0.030000 3.210980 0.030000 4.686345 0.030000 4.849187 0.030000 1.912069 0.030000 1.723993 0.030000
7.630821 0.030000 7.726920 0.030000 6.326486 0.030000 6.322488 0.030000 3.112844 0.030000 3.142698 0.030000 4.665518 0.030000 4.789640 0.030000 1.839524 0.030000 2.515912 0.150000
7.638316 0.030000 7.697839 0.030000 6.483935 0.150000 6.293628 0.030000 3.067835 0.030000 3.148690 0.030000 4.685438 0.030000 4.775120 0.030000 1.924491 0.030000 1.790758 0.030000
7.618614 0.030000 7.672909 0.030000 6.321430 0.030000 6.384989 0.030000 3.048499 0.030000 3.143971 0.030000 4.663566 0.030000 4.976504 0.150000 1.948601 0.030000 1.749738 0.030000
7.553048 0.030000 8.325783 0.150000 6.360661 0.030000 6.466871 0.150000 3.031923 0.030000 3.157744 0.030000 4.591089 0.030000 4.760536 0.030000 1.948287 0.030000 1.918333 0.030000
7.602058 0.030000 7.745313 0.030000 6.332944 0.030000 6.331530 0.030000 3.037958 0.030000 3.107507 0.030000 4.562866 0.030000 4.707798 0.030000 1.948896 0.030000 1.849095 0.030000
7.508024 0.150000 7.700562 0.030000 6.339416 0.030000 6.318269 0.030000 3.018875 0.030000 3.231376 0.150000 4.523802 0.030000 4.660351 0.030000 2.059388 0.030000 1.946957 0.030000
7.575392 0.030000 7.601122 0.030000 6.398444 0.030000 6.367176 0.030000 3.192378 0.150000 3.038217 0.030000 4.496633 0.030000 4.615892 0.030000 2.197974 0.150000 1.893208 0.030000
7.520385 0.030000 7.593219 0.030000 6.398239 0.030000 6.538316 0.150000 3.000388 0.030000 3.062914 0.030000 4.448032 0.030000 4.604784 0.030000 2.059999 0.030000 1.944992 0.030000
7.528600 0.030000 7.607616 0.030000 6.336607 0.030000 6.334525 0.030000 2.953652 0.030000 3.055671 0.030000 4.462286 0.030000 4.606614 0.030000 2.160706 0.030000 2.524854 0.150000
7.528021 0.030000 7.587107 0.030000 6.404878 0.030000 6.351513 0.030000 2.982487 0.030000 3.045620 0.030000 4.403932 0.030000 4.584357 0.030000 1.960141 0.150000 2.076151 0.030000
7.499158 0.030000 7.623405 0.030000 6.390004 0.030000 6.329641 0.030000 2.982407 0.030000 3.095452 0.030000 4.406590 0.030000 4.540872 0.030000 2.154684 0.030000 2.033551 0.030000
7.479597 0.030000 7.547660 0.030000 6.387872 0.030000 6.318655 0.030000 2.951698 0.030000 3.029044 0.030000 5.399873 0.150000 4.467828 0.030000 2.149831 0.030000 2.056871 0.030000
7.458083 0.030000 7.518731 0.030000 6.396783 0.030000 6.428823 0.030000 2.940930 0.030000 3.009373 0.030000 4.314070 0.030000 4.429280 0.030000 2.188419 0.030000 2.081788 0.030000
7.405956 0.030000 8.251707 0.150000 6.396389 0.030000 6.344365 0.030000 2.939262 0.030000 3.027298 0.030000 4.334317 0.030000 4.419581 0.030000 2.283571 0.150000 2.133054 0.030000
7.481029 0.030000 7.514098 0.030000 6.443870 0.150000 6.362479 0.030000 2.906719 0.030000 2.940964 0.030000 4.267440 0.030000 4.435616 0.030000 2.253113 0.030000 2.114831 0.030000
7.408517 0.030000 7.462315 0.030000 6.388875 0.030000 6.314649 0.030000 2.884376 0.030000 2.976830 0.030000 4.152091 0.150000 4.388045 0.030000 2.251490 0.030000 2.194703 0.030000
7.335468 0.030000 7.660486 0.150000 6.453066 0.030000 6.407712 0.030000 2.893780 0.150000 3.157454 0.150000 4.214998 0.030000 4.319625 0.030000 2.264797 0.030000 2.184159 0.030000
7.910111 0.150000 7.430132 0.030000 6.426029 0.030000 6.380788 0.030000 2.881248 0.030000 2.909897 0.030000 4.129565 0.030000 4.285977 0.030000 2.384938 0.030000 2.320374 0.150000
7.321700 0.150000 7.423888 0.030000 6.435847 0.030000 6.465166 0.030000 2.857209 0.030000 2.915414 0.030000 4.140137 0.030000 4.311920 0.030000 2.547490 0.150000 2.234188 0.030000
7.335135 0.030000 7.455663 0.030000 6.449036 0.030000 6.444415 0.030000 2.867618 0.030000 2.964675 0.030000 4.073155 0.030000 4.269939 0.030000 2.352625 0.030000 2.240320 0.030000
7.368712 0.030000 7.410186 0.030000 6.465796 0.030000 6.439049 0.030000 3.371804 0.150000 2.886674 0.030000 4.128405 0.030000 4.535432 0.150000 2.435955 0.030000 2.268684 0.030000
7.275202 0.030000 7.378837 0.030000 6.527652 0.030000 6.439289 0.030000 2.911597 0.030000 4.571661 0.150000 4.069361 0.030000 4.247921 0.030000 2.382991 0.030000 2.333919 0.030000
7.312812 0.030000 7.583420 0.150000 6.423714 0.030000 6.512516 0.030000 2.818153 0.030000 2.844314 0.030000 4.031097 0.030000 4.172863 0.030000 2.484234 0.150000 2.329940 0.030000
7.286526 0.030000 7.307081 0.030000 6.478868 0.030000 6.477700 0.030000 2.838145 0.030000 2.909872 0.030000 4.005556 0.030000 4.195903 0.030000 2.515882 0.030000 2.352849 0.030000
7.257844 0.030000 7.321710 0.030000 6.541375 0.030000 6.441668 0.030000 2.975814 0.150000 2.970986 0.150000 3.959094 0.030000 4.136787 0.030000 2.506239 0.030000 2.406299 0.030000
7.209864 0.030000 7.303060 0.030000 6.528029 0.030000 6.440179 0.030000 2.835867 0.030000 2.810943 0.030000 3.953473 0.030000 4.094546 0.030000 2.551674 0.030000 2.424383 0.030000
7.202465 0.030000 7.263996 0.030000 6.492425 0.030000 6.478191 0.030000 2.818285 0.030000 2.837374 0.030000 3.940168 0.030000 4.033679 0.030000 2.593536 0.030000 2.478705 0.030000
7.218474 0.030000 7.226740 0.030000 6.545390 0.030000 6.565906 0.030000 2.786256 0.030000 2.816779 0.030000 3.880053 0.030000 4.052200 0.030000 2.560124 0.030000 2.447661 0.030000
7.212949 0.030000 7.204418 0.030000 6.534371 0.030000 6.527867 0.030000 2.783431 0.030000 2.828905 0.030000 3.952278 0.030000 4.033600 0.030000 2.672340 0.030000 2.496475 0.030000
7.126995 0.030000 7.194734 0.030000 6.540466 0.030000 6.543807 0.030000 2.782419 0.030000 2.786739 0.030000 3.873471 0.030000 3.985065 0.030000 2.664344 0.030000 2.458394 0.030000
7.162626 0.030000 7.198883 0.030000 6.588745 0.030000 6.482278 0.030000 2.761442 0.030000 2.725226 0.030000 3.818525 0.030000 4.057863 0.150000 2.647980 0.030000 2.548950 0.030000
7.184739 0.030000 7.181722 0.030000 6.583862 0.030000 6.552900 0.030000 2.734537 0.030000 2.743172 0.030000 4.260061 0.150000 3.953054 0.030000 2.714456 0.030000 2.567309 0.030000
7.121977 0.030000 7.201159 0.030000 6.614990 0.030000 6.549785 0.030000 2.757404 0.030000 2.785035 0.030000 3.745358 0.030000 3.892327 0.030000 2.774616 0.030000 2.648882 0.150000
7.095547 0.030000 7.176936 0.030000 6.625703 0.030000 6.492456 0.030000 2.764433 0.030000 2.724420 0.030000 3.762738 0.030000 3.874676 0.030000 2.723401 0.030000 2.603209 0.030000
7.397269 0.150000 7.570550 0.150000 6.595903 0.030000 6.721853 0.150000 3.035260 0.150000 2.705428 0.030000 3.696933 0.030000 3.820807 0.030000 2.798153 0.030000 2.661221 0.030000
7.031932 0.030000 7.087111 0.030000 6.643084 0.030000 7.063303 0.150000 2.783914 0.030000 2.745972 0.030000 3.720921 0.030000 3.812693 0.030000 2.833918 0.030000 2.653778 0.030000
7.358777 0.150000 7.154533 0.030000 6.643899 0.030000 6.557640 0.030000 2.751571 0.030000 2.750911 0.030000 3.627266 0.030000 3.761537 0.030000 3.396010 0.150000 2.694025 0.030000
7.008509 0.030000 7.129813 0.030000 6.610036 0.030000 6.563513 0.030000 2.679803 0.030000 2.797624 0.030000 3.623914 0.030000 3.772567 0.030000 2.865923 0.030000 2.727485 0.030000
7.071266 0.030000 7.122715 0.030000 6.633780 0.030000 6.578595 0.030000 2.636702 0.030000 2.710334 0.030000 3.616325 0.030000 4.152599 0.150000 3.013348 0.150000 2.806498 0.030000
7.015748 0.030000 7.089754 0.030000 6.720613 0.030000 6.994766 0.150000 2.701934 0.030000 2.469893 0.150000 3.537999 0.030000 3.755359 0.030000 2.929170 0.030000 2.807229 0.030000
7.056030 0.030000 7.070759 0.030000 6.667569 0.030000 6.653532 0.030000 2.696639 0.030000 3.139405 0.150000 3.509346 0.030000 3.654232 0.030000 2.938925 0.030000 2.848525 0.030000
7.009665 0.030000 7.021033 0.030000 6.695199 0.030000 6.631508 0.030000 2.692048 0.030000 3.171945 0.150000 3.497805 0.030000 3.649352 0.030000 2.975715 0.030000 2.874459 0.030000
6.943650 0.030000 7.026491 0.030000 6.941545 0.150000 6.631360 0.030000 2.726574 0.030000 2.731901 0.030000 3.470401 0.030000 3.590148 0.030000 2.989788 0.030000 2.854614 0.030000
6.890590 0.030000 7.341234 0.150000 6.716046 0.030000 6.662366 0.030000 2.713653 0.030000 2.763619 0.030000 3.414381 0.030000 3.580247 0.030000 3.019240 0.030000 2.891589 0.030000
6.954309 0.030000 6.977166 0.030000 6.751455 0.030000 6.686722 0.030000 2.724733 0.030000 2.648709 0.030000 3.368024 0.030000 3.553867 0.030000 3.041593 0.030000 2.976816 0.150000
6.908106 0.030000 7.007439 0.030000 6.622609 0.150000 6.664018 0.030000 2.705418 0.030000 2.632836 0.030000 3.329322 0.030000 3.550916 0.030000 3.072120 0.030000 2.980669 0.030000
7.446497 0.150000 6.984607 0.030000 6.775649 0.030000 6.772367 0.030000 2.675031 0.030000 2.707307 0.030000 3.407989 0.150000 3.425826 0.030000 3.118771 0.030000 3.026614 0.030000
7.455269 0.150000 6.931087 0.030000 6.736096 0.030000 6.672937 0.030000 2.654400 0.030000 3.354749 0.150000 3.365797 0.030000 3.432776 0.030000 3.134217 0.030000 3.039591 0.030000
6.876619 0.030000 6.958944 0.030000 6.799237 0.030000 6.676252 0.030000 3.289573 0.150000 2.692075 0.030000 3.377810 0.030000 4.314290 0.150000 3.194438 0.030000 3.032363 0.030000
6.866498 0.030000 6.911191 0.030000 7.127709 0.150000 6.781572 0.030000 2.755916 0.030000 2.668877 0.030000 3.290573 0.030000 3.446697 0.030000 3.214159 0.030000 3.064715 0.030000
6.860150 0.030000 6.898874 0.030000 6.830017 0.030000 6.739500 0.030000 2.652021 0.030000 2.666723 0.030000 3.258291 0.030000 3.403265 0.030000 3.234008 0.030000 3.058716 0.030000
6.800124 0.030000 6.916483 0.030000 6.788169 0.030000 6.724086 0.030000 3.219616 0.150000 2.669318 0.030000 3.207657 0.030000 3.376310 0.030000 3.211737 0.030000 3.166236 0.030000
6.928056 0.150000 6.904593 0.030000 6.828047 0.030000 6.783543 0.030000 2.605290 0.030000 2.682418 0.030000 3.187415 0.030000 3.378853 0.030000 3.695392 0.150000 3.124744 0.030000
6.877745 0.150000 6.842479 0.030000 6.807332 0.030000 6.937521 0.150000 2.709758 0.030000 2.676134 0.030000 3.218270 0.030000 3.362974 0.030000 3.297685 0.030000 3.195859 0.030000
6.836265 0.150000 6.877062 0.030000 6.843826 0.030000 6.762693 0.030000 2.705388 0.030000 2.723186 0.030000 3.168927 0.030000 3.306978 0.030000 3.363299 0.030000 3.343251 0.150000
6.782641 0.030000 6.825921 0.030000 6.892631 0.030000 7.190169 0.150000 2.662022 0.030000 2.620804 0.030000 3.074648 0.030000 3.204343 0.030000 3.375454 0.030000 3.267805 0.030000
7.495594 0.150000 6.838537 0.030000 6.914058 0.030000 6.801208 0.030000 2.706229 0.030000 2.676311 0.030000 3.086148 0.030000 3.202722 0.030000 3.465995 0.030000 3.225378 0.030000
6.774331 0.030000 6.786787 0.030000 6.902476 0.030000 6.864611 0.030000 2.659373 0.030000 2.625028 0.030000 3.032908 0.030000 3.193191 0.030000 3.451636 0.030000 3.233009 0.030000
6.716223 0.030000 6.831972 0.030000 6.894840 0.030000 6.799052 0.030000 2.661261 0.030000 2.685054 0.030000 3.045336 0.030000 3.407822 0.150000 3.514210 0.030000 3.318661 0.030000
6.717067 0.030000 6.792195 0.030000 6.918697 0.030000 6.835712 0.030000 2.736266 0.030000 2.709812 0.030000 3.007797 0.030000 3.188466 0.030000 3.502826 0.030000 3.329011 0.030000
6.707511 0.030000 6.774259 0.030000 6.911150 0.030000 6.854950 0.030000 2.673370 0.030000 2.656204 0.030000 2.973745 0.030000 3.145759 0.030000 3.295037 0.150000 3.337507 0.150000
6.917989 0.150000 6.756941 0.030000 6.959205 0.150000 6.894526 0.030000 3.514097 0.150000 3.320247 0.150000 2.916068 0.030000 3.168399 0.030000 3.500528 0.030000 3.395890 0.030000
6.697359 0.030000 6.751363 0.030000 6.956776 0.030000 6.895548 0.030000 2.671058 0.030000 2.669873 0.030000 2.868422 0.030000 3.031924 0.030000 3.609392 0.030000 3.414572 0.030000
6.668413 0.030000 6.740797 0.030000 6.942968 0.030000 6.898384 0.030000 3.359574 0.150000 2.701175 0.030000 2.935286 0.030000 3.036374 0.030000 3.604459 0.030000 3.440755 0.030000
6.611104 0.030000 6.713660 0.150000 6.972016 0.030000 6.879848 0.030000 2.723937 0.030000 2.692501 0.030000 2.888066 0.030000 3.023952 0.030000 3.601567 0.030000 3.479213 0.030000
6.638585 0.030000 6.707300 0.030000 7.059285 0.030000 6.965667 0.030000 2.726262 0.030000 2.706466 0.030000 2.830160 0.030000 2.985765 0.030000 3.640806 0.030000 3.520505 0.030000
6.660346 0.030000 6.673552 0.030000 7.000091 0.030000 6.952101 0.030000 2.686167 0.030000 2.697151 0.030000 2.864106 0.030000 2.902333 0.030000 4.182584 0.150000 3.589828 0.030000
6.656220 0.030000 6.972029 0.150000 7.031763 0.030000 6.990150 0.030000 2.745255 0.030000 2.637357 0.030000 2.797417 0.030000 2.899548 0.030000 3.779716 0.030000 3.625275 0.030000
6.687113 0.030000 6.724196 0.030000 7.088770 0.030000 7.032760 0.030000 2.707336 0.030000 2.646520 0.030000 2.799699 0.030000 2.876380 0.030000 3.787983 0.030000 3.603700 0.030000
6.632411 0.030000 6.675007 0.030000 7.022889 0.030000 7.039002 0.150000 2.689601 0.030000 2.679252 0.030000 2.728543 0.150000 2.883491 0.030000 3.827399 0.030000 3.630980 0.030000
6.625572 0.030000 6.830941 0.150000 7.401956 0.150000 7.013477 0.030000 2.753321 0.030000 2.761584 0.030000 2.704354 0.030000 2.819302 0.030000 3.841308 0.030000 3.672503 0.030000
6.601497 0.030000 7.182936 0.150000 7.108152 0.030000 7.021113 0.030000 2.713806 0.030000 2.797563 0.150000 2.699644 0.030000 2.864917 0.030000 3.865924 0.030000 3.667046 0.030000
6.558763 0.030000 6.623201 0.030000 7.122209 0.030000 7.343596 0.150000 2.714092 0.030000 2.773494 0.030000 2.679756 0.030000 2.830272 0.030000 3.839926 0.030000 3.751638 0.030000
6.553215 0.030000 6.640865 0.030000 7.078243 0.030000 7.009253 0.030000 2.733422 0.030000 2.708638 0.030000 2.628292 0.030000 2.771405 0.030000 3.850407 0.030000 4.684218 0.150000
6.534045 0.030000 6.630182 0.030000 7.109840 0.030000 7.101750 0.030000 2.741097 0.030000 2.747400 0.030000 2.590352 0.030000 2.690394 0.030000 3.902580 0.030000 3.813236 0.030000
7.521310 0.150000 7.481763 0.150000 7.177341 0.030000 7.097054 0.030000 2.740200 0.030000 2.728929 0.030000 2.587023 0.030000 2.688988 0.030000 4.029159 0.030000 3.989974 0.150000
6.561821 0.030000 6.564445 0.030000 7.136920 0.030000 7.138944 0.030000 2.754453 0.030000 2.723375 0.030000 2.545346 0.150000 2.675946 0.030000 3.982436 0.030000 3.798418 0.030000
6.538443 0.030000 6.628699 0.030000 7.598877 0.150000 7.150221 0.030000 2.796109 0.030000 2.723110 0.030000 4.173018 0.150000 2.674445 0.030000 3.987456 0.030000 3.828554 0.030000
6.522227 0.030000 6.559050 0.030000 7.199050 0.030000 7.138353 0.030000 2.782570 0.030000 2.785372 0.030000 2.578353 0.030000 2.594623 0.030000 4.037098 0.030000 4.095541 0.150000
6.526610 0.030000 6.572897 0.030000 7.202750 0.030000 7.193964 0.030000 2.810238 0.030000 2.746712 0.030000 2.484381 0.030000 2.618487 0.030000 4.293274 0.150000 3.883975 0.030000
6.495218 0.030000 6.448804 0.030000 7.246953 0.030000 7.097018 0.030000 2.780968 0.030000 2.774795 0.030000 2.404601 0.030000 2.593075 0.030000 4.114512 0.030000 3.909168 0.030000
6.508373 0.030000 6.521457 0.030000 7.253995 0.030000 7.198623 0.030000 2.778638 0.030000 2.800127 0.030000 2.437076 0.030000 2.528253 0.030000 4.122982 0.030000 3.963980 0.030000
6.475725 0.030000 6.509536 0.030000 7.216708 0.030000 7.144125 0.030000 3.085433 0.150000 2.796916 0.030000 2.435454 0.030000 2.505017 0.030000 4.156546 0.030000 3.976469 0.030000
6.489046 0.030000 6.507629 0.030000 7.280192 0.030000 7.175722 0.030000 2.772340 0.030000 2.767417 0.030000 2.369826 0.030000 2.470642 0.030000 4.209948 0.030000 4.158673 0.150000
6.414770 0.030000 6.493913 0.030000 7.258886 0.030000 7.250425 0.030000 2.846528 0.030000 2.807616 0.030000 2.283733 0.030000 2.454924 0.030000 4.762591 0.150000 4.045853 0.030000
6.434105 0.030000 6.498338 0.030000 7.363484 0.030000 7.251008 0.030000 2.844143 0.030000 2.834775 0.030000 2.287071 0.030000 2.461744 0.030000 4.246291 0.030000 4.087604 0.030000
6.468182 0.030000 6.473085 0.030000 7.348123 0.030000 7.260029 0.030000 3.018556 0.150000 2.785201 0.030000 2.320339 0.030000 3.177974 0.150000 4.242532 0.030000 4.120375 0.030000
6.419635 0.030000 6.428065 0.030000 7.434265 0.030000 7.396957 0.150000 2.926276 0.030000 2.810752 0.030000 2.254703 0.030000 2.417439 0.030000 4.354108 0.030000 4.127119 0.030000
6.368513 0.030000 6.669160 0.150000 7.393323 0.030000 7.299949 0.030000 2.891046 0.030000 2.812800 0.030000 2.277039 0.030000 2.353062 0.030000 4.258959 0.030000 4.178296 0.030000
6.386116 0.030000 6.471748 0.030000 7.443324 0.030000 7.311530 0.030000 2.927480 0.030000 3.494441 0.150000 2.233068 0.030000 2.386544 0.030000 4.299490 0.030000 4.257711 0.030000
6.404630 0.030000 6.431917 0.030000 7.391551 0.030000 8.490033 0.150000 2.917669 0.030000 2.915573 0.030000 2.179098 0.030000 2.281618 0.030000 4.373314 0.030000 4.326863 0.150000
6.374855 0.030000 6.434754 0.030000 7.390369 0.030000 7.339507 0.030000 2.896274 0.030000 2.812100 0.030000 2.185687 0.150000 2.245862 0.030000 4.455396 0.030000 4.208147 0.030000
6.330889 0.030000 6.439364 0.030000 7.435251 0.030000 7.367764 0.030000 2.941518 0.030000 2.810517 0.030000 2.278600 0.150000 2.264043 0.030000 4.409437 0.030000 4.309707 0.030000
6.372355 0.030000 6.375454 0.030000 7.418882 0.030000 7.383141 0.030000 2.966490 0.030000 2.903847 0.030000 2.129668 0.030000 2.205273 0.030000 4.482988 0.030000 4.324386 0.030000
7.059370 0.150000 6.470542 0.030000 7.483357 0.030000 7.357609 0.030000 3.003870 0.030000 2.905820 0.030000 2.087035 0.030000 2.228863 0.030000 4.524089 0.030000 4.277613 0.030000
6.383409 0.030000 6.383125 0.030000 7.472297 0.030000 7.399303 0.030000 2.993740 0.030000 2.923537 0.030000 2.055931 0.030000 2.186646 0.030000 4.510750 0.030000 4.360613 0.030000
6.285511 0.030000 6.356186 0.030000 7.495730 0.030000 7.455216 0.030000 3.008026 0.030000 2.926980 0.030000 2.051827 0.030000 2.177017 0.030000 4.786134 0.150000 4.437450 0.030000
6.351217 0.030000 6.345318 0.030000 7.496518 0.030000 7.420437 0.030000 2.965970 0.030000 2.952278 0.030000 2.715752 0.150000 2.082155 0.030000 4.580979 0.030000 4.430348 0.030000
6.317471 0.030000 6.330046 0.030000 7.522221 0.030000 7.406676 0.030000 2.986578 0.030000 2.899900 0.030000 1.965044 0.030000 2.084088 0.030000 4.647750 0.030000 4.445332 0.030000
6.350512 0.030000 6.322399 0.030000 7.519080 0.030000 7.481890 0.030000 3.024683 0.030000 2.924297 0.030000 1.993650 0.030000 2.042096 0.030000 4.648922 0.030000 4.544203 0.030000
6.293260 0.030000 6.326561 0.030000 7.531343 0.030000 7.516052 0.030000 3.087762 0.030000 2.960186 0.030000 1.941657 0.030000 2.071427 0.030000 4.686156 0.030000 4.533140 0.030000
6.222661 0.030000 6.397447 0.030000 7.524591 0.030000 7.506250 0.030000 3.078378 0.030000 2.941004 0.030000 1.925339 0.030000 2.041487 0.030000 4.671856 0.030000 4.512010 0.030000
6.249962 0.030000 6.237411 0.030000 7.452547 0.150000 7.480000 0.030000 3.555938 0.150000 3.359572 0.150000 1.927025 0.030000 2.075069 0.030000 4.706861 0.030000 4.611520 0.030000
6.247245 0.030000 6.324215 0.030000 7.630953 0.030000 7.494240 0.030000 3.052948 0.030000 3.006649 0.030000 1.946815 0.030000 2.030888 0.030000 5.000276 0.150000 4.598708 0.030000
6.325137 0.030000 6.342028 0.030000 7.654955 0.030000 7.493714 0.030000 3.064063 0.030000 2.989248 0.030000 1.866307 0.030000 2.006137 0.030000 4.780983 0.030000 4.564170 0.030000
6.376363 0.150000 6.275775 0.030000 7.593390 0.030000 7.550970 0.030000 3.139930 0.030000 2.983613 0.030000 2.541945 0.150000 2.006562 0.030000 4.763176 0.030000 4.664729 0.030000
6.320612 0.030000 6.264966 0.030000 7.691664 0.030000 7.506225 0.030000 3.439997 0.150000 3.031200 0.030000 1.882378 0.030000 1.938871 0.030000 4.764471 0.030000 4.636379 0.030000
6.563545 0.150000 6.298261 0.030000 7.617077 0.030000 7.585126 0.030000 3.079673 0.030000 3.074487 0.030000 1.828456 0.030000 1.977549 0.030000 4.807189 0.030000 4.694049 0.150000
6.233805 0.030000 6.272326 0.030000 7.681834 0.030000 7.613864 0.030000 3.153985 0.030000 3.558387 0.150000 1.898515 0.030000 1.910111 0.030000 4.885995 0.030000 4.649776 0.030000
6.258631 0.150000 6.294322 0.030000 7.690651 0.030000 7.582001 0.030000 3.139209 0.030000 2.993647 0.030000 1.818981 0.030000 1.927336 0.030000 4.893580 0.030000 4.711262 0.030000
6.232717 0.030000 6.278260 0.030000 7.643476 0.030000 7.630444 0.030000 3.103504 0.030000 3.057368 0.030000 1.831733 0.030000 1.880960 0.030000 5.364678 0.150000 4.708158 0.030000
6.205050 0.030000 6.343153 0.030000 7.785589 0.030000 7.604626 0.030000 3.171132 0.030000 3.092819 0.030000 1.741756 0.030000 1.912590 0.030000 4.967160 0.030000 4.769879 0.030000
6.215519 0.030000 6.227379 0.030000 7.660194 0.030000 7.641960 0.030000 3.139857 0.030000 3.066599 0.030000 1.755966 0.030000 1.918410 0.030000 4.916062 0.030000 4.839139 0.030000
6.216495 0.030000 6.233288 0.030000 7.729263 0.030000 7.619556 0.030000 3.175281 0.030000 3.047247 0.030000 1.701587 0.030000 1.836684 0.030000 4.944614 0.030000 4.787340 0.030000
6.238686 0.030000 6.251089 0.030000 7.686025 0.030000 7.650441 0.030000 3.173265 0.030000 3.087788 0.030000 1.670662 0.030000 1.900781 0.030000 5.185923 0.150000 4.834477 0.030000
6.243111 0.030000 6.233614 0.030000 7.949272 0.150000 8.682381 0.150000 3.219962 0.030000 3.092394 0.030000 1.780027 0.030000 1.855999 0.030000 4.975938 0.030000 4.824081 0.030000
6.227830 0.030000 6.253124 0.030000 7.720254 0.030000 7.668554 0.030000 3.186351 0.030000 3.007883 0.150000 1.679128 0.030000 1.864340 0.030000 5.170432 0.150000 4.874215 0.030000
6.225060 0.030000 6.243749 0.030000 7.729871 0.030000 7.695842 0.030000 3.195513 0.030000 3.095080 0.030000 1.716917 0.030000 1.587180 0.150000 4.992615 0.030000 4.843018 0.030000
6.240128 0.030000 6.248354 0.030000 7.707448 0.030000 7.701420 0.030000 3.219213 0.030000 3.143573 0.030000 1.709919 0.030000 2.071900 0.150000 5.001536 0.030000 4.866971 0.030000
6.202466 0.030000 6.223664 0.030000 7.786100 0.030000 7.997383 0.150000 3.185401 0.030000 3.123561 0.030000 1.785174 0.030000 1.798695 0.030000 5.011350 0.030000 4.927118 0.030000
6.252659 0.030000 6.265701 0.030000 7.807750 0.030000 7.695693 0.030000 3.241236 0.030000 3.121490 0.030000 1.611781 0.030000 1.812750 0.030000 4.983441 0.030000 4.913599 0.030000
6.222752 0.030000 6.207623 0.030000 7.767725 0.030000 7.773370 0.030000 3.226079 0.030000 3.317846 0.150000 1.698487 0.030000 1.818247 0.030000 5.045832 0.030000 5.425593 0.150000
6.215759 0.030000 6.266245 0.030000 7.805679 0.030000 7.703381 0.030000 3.263119 0.030000 3.187241 0.030000 1.644569 0.030000 1.803394 0.030000 5.021560 0.030000 4.939273 0.030000
6.296849 0.150000 6.233985 0.030000 7.806706 0.030000 7.706320 0.030000 3.237553 0.030000 3.198159 0.030000 1.606861 0.030000 1.784468 0.030000 5.050573 0.030000 4.940171 0.030000
6.221747 0.030000 6.287137 0.030000 7.856158 0.030000 7.933607 0.150000 3.270678 0.030000 3.176692 0.030000 1.626713 0.030000 2.125849 0.150000 5.027822 0.030000 4.955205 0.030000
6.203533 0.030000 6.295353 0.030000 7.827084 0.030000 7.817001 0.030000 4.095299 0.150000 3.216715 0.030000 1.944375 0.150000 1.729383 0.030000 5.124851 0.030000 4.920700 0.030000
6.231905 0.030000 6.225230 0.030000 7.859128 0.030000 7.765689 0.030000 3.288476 0.030000 3.191591 0.030000 1.619410 0.030000 1.691001 0.030000 5.106527 0.030000 5.016637 0.030000
6.186176 0.030000 6.250606 0.030000 7.795081 0.030000 8.042294 0.150000 3.318418 0.030000 3.182158 0.030000 1.629394 0.030000 1.729636 0.030000 5.137838 0.030000 5.662411 0.150000
6.180613 0.030000 6.234349 0.030000 7.825949 0.030000 7.798772 0.030000 3.313626 0.030000 3.223578 0.030000 1.632907 0.030000 1.750048 0.030000 5.141842 0.030000 5.012175 0.030000
6.181736 0.030000 6.257185 0.030000 7.881866 0.030000 7.816049 0.030000 4.078812 0.150000 3.225078 0.030000 1.560707 0.030000 1.734944 0.030000 5.163602 0.030000 5.027595 0.030000
6.234426 0.030000 7.210134 0.150000 7.839062 0.030000 7.760058 0.030000 3.311770 0.030000 3.231461 0.030000 1.572074 0.030000 1.645814 0.030000 5.189413 0.030000 5.021517 0.030000
