1.767788 0.150000 1.344573 0.030000 7.084491 0.030000 7.062890 0.030000 9.799999 0.030000 9.941361 0.030000 6.953143 0.030000 7.144222 0.030000 3.018912 0.030000 3.273561 0.030000 7.523010 0.030000 8.485746 0.150000 3.228601 0.030000 3.090575 0.030000 4.146085 0.030000 4.276645 0.030000 7.506706 0.030000 7.679870 0.030000 0.110765 0.030000 0.074938 0.030000 8.731942 0.150000 8.492207 0.030000 6.008377 0.030000 5.987836 0.030000 5.888531 0.030000 6.067891 0.030000 3.134361 0.030000 3.125668 0.030000 5.668502 0.030000 5.901321 0.030000 5.729439 0.030000 5.815564 0.030000 3.027391 0.030000 3.213302 0.030000 5.066116 0.030000 5.095710 0.030000
1.606098 0.030000 1.448714 0.030000 7.082617 0.030000 7.060622 0.030000 9.763407 0.030000 9.927311 0.030000 6.864974 0.030000 7.081986 0.030000 3.001111 0.030000 3.171163 0.030000 7.553281 0.030000 7.620344 0.030000 4.747242 0.150000 3.148957 0.030000 4.135303 0.030000 4.282511 0.030000 7.404775 0.030000 7.609075 0.030000 0.147952 0.030000 -0.003394 0.030000 8.322043 0.030000 8.482643 0.030000 6.006667 0.030000 6.010586 0.030000 5.850964 0.030000 6.036922 0.030000 2.874030 0.150000 3.137688 0.030000 5.695587 0.030000 5.807048 0.030000 5.729793 0.030000 5.819985 0.030000 2.984458 0.030000 3.315354 0.150000 5.008295 0.030000 5.040770 0.030000
1.754241 0.150000 1.511160 0.030000 7.075827 0.030000 7.124250 0.030000 9.630188 0.030000 9.769834 0.030000 6.754508 0.030000 6.917727 0.030000 2.887274 0.030000 3.009849 0.030000 7.460266 0.030000 7.580993 0.030000 3.409019 0.150000 3.159217 0.030000 4.035601 0.030000 4.181100 0.030000 7.267951 0.030000 7.427965 0.030000 0.313255 0.030000 0.092287 0.030000 8.209540 0.030000 8.383871 0.030000 6.032844 0.030000 5.977333 0.030000 5.674752 0.030000 5.872442 0.030000 3.112546 0.030000 3.120358 0.030000 5.510876 0.030000 5.752677 0.030000 5.660894 0.030000 5.746929 0.030000 2.865598 0.030000 2.978454 0.030000 4.988950 0.150000 5.011531 0.030000
1.778475 0.030000 1.560982 0.030000 7.154311 0.030000 7.092564 0.030000 9.575661 0.030000 9.715858 0.030000 6.648336 0.030000 6.790884 0.030000 2.772282 0.030000 2.913523 0.030000 7.405495 0.030000 7.443120 0.030000 3.280453 0.030000 3.192814 0.030000 4.173026 0.150000 4.122425 0.150000 8.465878 0.150000 7.379709 0.030000 0.464110 0.030000 0.243328 0.030000 8.154796 0.030000 8.315700 0.030000 6.028840 0.030000 6.021142 0.030000 5.583717 0.030000 5.752881 0.030000 3.078986 0.030000 3.058867 0.030000 5.436595 0.030000 5.593691 0.030000 5.641884 0.030000 5.705165 0.030000 2.731529 0.030000 2.915545 0.030000 5.005222 0.030000 5.016844 0.030000
1.859132 0.030000 1.731013 0.030000 7.152113 0.030000 7.129921 0.030000 9.524991 0.030000 9.595665 0.030000 6.531825 0.030000 6.744865 0.030000 2.665479 0.030000 2.996315 0.150000 7.355427 0.030000 7.436994 0.030000 3.382379 0.030000 3.281686 0.030000 3.895102 0.030000 4.002794 0.030000 7.057285 0.030000 7.325698 0.150000 0.561676 0.030000 0.368751 0.030000 8.105383 0.030000 8.213043 0.030000 6.060671 0.030000 6.065967 0.030000 5.412144 0.030000 5.658524 0.150000 3.003480 0.030000 3.062264 0.030000 5.296077 0.030000 5.489250 0.030000 5.557446 0.030000 5.605262 0.030000 2.595382 0.030000 2.827125 0.030000 4.963604 0.030000 4.990915 0.030000
1.944209 0.030000 1.758639 0.030000 8.094449 0.150000 7.144684 0.030000 9.443341 0.030000 9.511488 0.030000 6.980122 0.150000 6.584629 0.030000 2.560528 0.030000 2.709812 0.030000 7.343063 0.030000 7.480712 0.030000 3.431581 0.030000 3.403508 0.150000 3.763393 0.030000 3.933158 0.030000 7.012359 0.030000 7.166471 0.030000 0.723320 0.030000 0.453089 0.030000 7.994612 0.030000 8.189705 0.030000 6.001556 0.030000 6.022037 0.030000 5.290821 0.030000 6.183959 0.150000 3.010492 0.030000 3.056400 0.030000 5.259455 0.030000 5.324725 0.030000 5.476968 0.030000 5.541827 0.030000 2.476189 0.030000 2.842714 0.150000 5.003601 0.030000 5.018930 0.030000
2.040358 0.030000 1.918711 0.030000 7.215118 0.030000 7.155937 0.030000 9.278537 0.030000 9.414766 0.030000 6.243572 0.030000 6.405424 0.030000 2.426285 0.030000 2.611003 0.030000 7.359247 0.030000 7.353466 0.030000 3.919841 0.150000 3.396730 0.030000 3.705448 0.030000 3.857302 0.030000 6.815221 0.030000 7.065105 0.030000 0.783958 0.030000 0.619861 0.030000 7.979900 0.030000 8.339138 0.150000 6.067914 0.030000 6.015608 0.030000 5.175915 0.030000 5.409480 0.030000 3.034763 0.030000 3.371228 0.150000 5.144008 0.030000 5.305129 0.030000 5.454112 0.030000 5.568284 0.030000 2.423508 0.030000 2.521349 0.030000 5.004275 0.030000 5.013436 0.030000
2.130402 0.030000 2.059413 0.030000 7.211753 0.150000 7.191098 0.030000 9.199620 0.030000 9.398884 0.030000 6.111452 0.030000 6.322112 0.030000 2.332571 0.030000 2.468406 0.030000 7.310539 0.030000 7.366429 0.150000 3.528278 0.030000 3.440853 0.030000 3.656978 0.030000 3.725741 0.030000 6.767680 0.030000 6.905283 0.030000 0.932421 0.030000 0.751294 0.030000 7.833592 0.030000 7.985140 0.030000 6.087957 0.030000 6.033256 0.030000 5.017019 0.030000 5.250086 0.030000 3.054544 0.030000 2.973878 0.030000 5.018901 0.030000 5.191193 0.030000 5.391208 0.030000 5.428426 0.030000 2.266094 0.030000 2.462193 0.030000 4.971791 0.030000 5.026730 0.030000
2.255588 0.030000 2.142454 0.030000 7.257676 0.030000 7.205107 0.030000 9.709703 0.150000 9.313129 0.030000 5.979147 0.030000 6.149751 0.030000 2.196728 0.030000 2.406645 0.030000 7.213562 0.030000 7.296323 0.030000 3.693786 0.030000 3.520573 0.030000 3.555367 0.030000 3.659495 0.030000 6.608143 0.030000 6.851020 0.030000 1.061231 0.030000 0.851844 0.030000 7.708364 0.030000 8.524934 0.150000 6.226631 0.150000 6.066466 0.030000 4.929797 0.030000 5.149118 0.030000 2.979494 0.030000 2.981731 0.030000 4.908473 0.030000 5.054993 0.150000 5.382221 0.030000 5.399516 0.030000 2.184467 0.030000 2.328801 0.030000 5.208019 0.150000 4.972887 0.030000
2.377154 0.030000 2.506562 0.150000 7.300824 0.030000 7.259447 0.030000 9.031381 0.030000 9.220954 0.030000 5.819122 0.030000 6.038158 0.030000 2.171394 0.150000 2.239892 0.030000 7.244000 0.030000 7.286625 0.030000 3.709099 0.030000 3.609738 0.030000 3.519701 0.030000 3.628019 0.030000 6.566481 0.030000 6.762435 0.030000 1.206606 0.030000 0.999858 0.030000 7.734638 0.030000 7.791950 0.030000 6.067750 0.030000 6.563916 0.150000 4.780234 0.030000 5.017952 0.030000 2.983662 0.030000 2.961265 0.030000 4.838600 0.030000 4.988248 0.030000 5.304883 0.030000 5.341174 0.030000 2.533037 0.150000 2.238135 0.030000 5.001829 0.030000 4.986253 0.030000
2.531976 0.030000 2.351076 0.030000 7.357989 0.030000 7.279916 0.030000 9.209661 0.150000 9.144413 0.030000 5.797107 0.030000 5.974330 0.030000 3.367479 0.150000 2.183386 0.030000 7.178908 0.030000 7.203068 0.030000 3.827618 0.030000 3.641846 0.030000 3.471004 0.030000 3.511055 0.030000 6.387404 0.030000 6.606077 0.030000 1.309760 0.030000 1.079452 0.030000 7.573825 0.030000 7.711694 0.030000 6.185838 0.030000 6.162626 0.150000 4.708563 0.030000 5.304836 0.150000 2.994080 0.030000 3.013676 0.030000 4.744929 0.030000 4.857564 0.030000 5.263887 0.030000 5.376243 0.030000 1.916037 0.030000 2.121051 0.030000 5.035162 0.030000 5.004135 0.030000
2.623576 0.030000 2.471669 0.030000 7.340155 0.030000 7.305685 0.030000 8.885884 0.030000 9.075108 0.030000 5.609917 0.030000 5.788638 0.030000 1.837956 0.030000 2.020275 0.030000 7.162410 0.150000 7.167731 0.030000 3.965217 0.030000 3.601814 0.150000 3.385480 0.030000 3.475176 0.030000 6.315893 0.030000 6.464446 0.030000 1.491862 0.030000 1.246436 0.030000 7.521477 0.030000 7.605868 0.030000 6.143079 0.030000 6.165908 0.150000 4.568772 0.030000 4.764307 0.030000 3.023565 0.030000 2.970664 0.030000 4.639405 0.030000 4.810363 0.030000 5.233507 0.030000 5.249107 0.030000 1.804943 0.030000 1.960268 0.030000 4.985393 0.030000 5.042501 0.030000
2.783546 0.030000 2.564731 0.030000 7.474161 0.030000 7.431631 0.030000 8.820248 0.030000 8.990875 0.030000 5.522028 0.030000 6.751364 0.150000 1.811847 0.030000 1.917269 0.030000 7.248937 0.150000 7.186865 0.030000 5.839625 0.150000 3.831131 0.030000 3.291276 0.030000 3.441099 0.030000 6.228397 0.030000 6.373543 0.030000 1.897235 0.150000 1.369255 0.030000 7.476387 0.030000 7.599491 0.030000 6.206895 0.030000 6.172484 0.030000 4.471699 0.030000 4.606595 0.030000 3.213978 0.150000 3.030767 0.030000 4.529315 0.030000 4.672851 0.030000 5.258193 0.030000 5.246398 0.030000 1.687726 0.030000 1.886512 0.030000 5.039862 0.030000 5.010738 0.030000
2.887178 0.030000 2.719663 0.030000 7.509801 0.030000 7.458297 0.030000 8.800583 0.030000 8.826636 0.030000 5.388375 0.030000 5.591583 0.030000 1.590102 0.030000 1.775710 0.030000 7.132594 0.030000 7.192223 0.030000 4.061843 0.030000 3.905686 0.030000 3.271395 0.030000 3.390298 0.030000 6.062422 0.030000 6.263409 0.030000 1.687382 0.030000 1.486217 0.030000 7.343619 0.030000 7.512854 0.030000 6.370851 0.150000 6.173767 0.030000 4.275420 0.030000 4.562664 0.030000 3.028418 0.030000 3.035704 0.030000 4.454571 0.030000 4.550725 0.030000 5.119690 0.030000 5.176703 0.030000 1.646098 0.030000 1.784986 0.030000 5.045999 0.030000 4.956638 0.030000
3.212722 0.150000 2.806702 0.030000 7.515538 0.030000 7.429990 0.030000 8.736542 0.030000 8.808373 0.030000 5.277555 0.030000 5.438451 0.030000 1.550304 0.030000 1.695033 0.030000 7.141061 0.030000 7.123014 0.030000 4.111263 0.030000 4.031766 0.030000 3.216511 0.030000 3.805849 0.150000 5.996664 0.030000 6.176729 0.030000 1.843662 0.030000 1.611244 0.030000 7.289630 0.030000 7.391072 0.030000 6.311348 0.030000 6.913185 0.150000 4.185093 0.030000 4.381633 0.030000 3.047276 0.030000 3.020653 0.030000 4.360756 0.030000 4.480499 0.030000 5.072237 0.030000 5.205761 0.030000 1.461575 0.030000 1.605083 0.030000 5.043755 0.030000 5.026653 0.030000
3.152686 0.030000 2.879178 0.030000 7.585099 0.030000 7.514054 0.030000 8.631144 0.030000 8.717303 0.030000 5.110824 0.030000 5.292924 0.030000 1.426516 0.030000 1.566229 0.030000 7.099968 0.030000 7.159322 0.030000 4.219116 0.030000 4.548236 0.150000 3.187834 0.030000 3.240883 0.030000 5.856912 0.030000 6.074371 0.030000 1.935099 0.030000 1.743007 0.030000 7.222032 0.030000 7.316765 0.030000 6.281039 0.030000 6.233552 0.030000 4.090776 0.030000 4.239057 0.030000 3.552092 0.150000 3.089384 0.030000 4.246687 0.030000 4.436191 0.030000 5.875729 0.150000 5.145750 0.030000 1.438114 0.030000 1.517960 0.030000 5.100139 0.030000 5.031979 0.030000
3.241112 0.030000 2.997467 0.030000 7.614507 0.030000 7.552371 0.030000 8.556963 0.030000 8.645152 0.030000 5.056489 0.030000 5.242733 0.030000 1.394116 0.030000 1.532609 0.030000 7.035419 0.030000 7.110583 0.030000 4.266510 0.030000 4.190968 0.030000 3.111059 0.030000 3.170671 0.030000 5.814434 0.030000 5.929794 0.030000 2.109829 0.030000 1.886145 0.030000 7.144252 0.030000 7.263748 0.030000 6.371831 0.030000 6.287648 0.030000 3.904290 0.030000 4.121413 0.030000 3.181712 0.030000 3.074703 0.030000 4.251218 0.150000 4.316898 0.030000 5.074156 0.030000 5.135448 0.030000 1.309594 0.030000 1.412075 0.030000 5.065014 0.030000 5.095763 0.030000
3.316059 0.030000 3.178818 0.030000 7.694168 0.030000 8.513708 0.150000 8.478845 0.030000 8.577781 0.030000 4.901985 0.030000 5.176398 0.030000 1.289288 0.030000 1.885494 0.150000 7.049591 0.030000 7.099236 0.030000 4.416395 0.030000 4.503778 0.150000 3.107594 0.030000 3.169112 0.030000 5.605050 0.030000 5.853436 0.030000 2.209885 0.030000 1.999011 0.030000 7.443671 0.150000 7.969125 0.150000 6.436317 0.030000 6.288782 0.030000 3.837953 0.030000 3.961551 0.030000 3.202048 0.030000 3.150308 0.030000 4.073901 0.030000 4.171520 0.030000 5.069302 0.030000 5.114218 0.030000 1.275752 0.030000 1.359986 0.030000 5.134797 0.030000 5.150937 0.030000
3.493909 0.030000 3.233329 0.030000 7.781311 0.150000 7.648606 0.030000 8.434314 0.030000 8.475152 0.030000 4.793322 0.030000 5.120641 0.150000 1.197385 0.030000 1.379668 0.030000 7.045423 0.030000 7.087251 0.030000 4.488790 0.030000 4.383297 0.030000 3.110331 0.030000 3.160272 0.030000 5.573269 0.030000 5.737892 0.030000 2.933967 0.150000 2.103326 0.030000 6.974046 0.030000 7.153004 0.030000 6.458153 0.030000 6.294167 0.030000 3.667312 0.030000 3.920547 0.030000 3.254069 0.030000 3.275924 0.030000 4.013079 0.030000 4.126497 0.030000 5.084791 0.030000 5.125251 0.030000 1.146570 0.030000 1.243421 0.030000 5.213364 0.030000 5.175142 0.030000
3.588471 0.030000 3.392152 0.030000 7.832339 0.030000 7.731968 0.030000 8.365502 0.030000 8.451633 0.030000 4.624119 0.030000 4.824251 0.030000 1.162435 0.030000 1.266885 0.030000 7.061728 0.030000 7.095035 0.030000 4.604299 0.030000 4.332215 0.150000 3.104900 0.030000 3.085042 0.030000 5.447182 0.030000 5.624870 0.030000 2.407107 0.030000 2.514512 0.150000 6.986335 0.030000 7.068671 0.030000 6.465814 0.030000 6.460574 0.030000 3.571028 0.030000 3.766586 0.030000 3.305429 0.030000 3.271830 0.030000 4.040367 0.150000 4.033817 0.030000 5.070367 0.030000 5.083414 0.030000 1.119462 0.030000 1.237279 0.030000 5.204330 0.030000 5.148408 0.030000
3.697680 0.150000 3.549390 0.030000 7.842038 0.030000 7.768751 0.030000 8.270691 0.030000 8.422730 0.030000 4.501848 0.030000 4.752973 0.030000 1.019379 0.030000 1.181189 0.030000 7.042542 0.030000 7.000022 0.030000 4.698786 0.030000 4.519924 0.030000 3.054981 0.030000 3.103468 0.030000 5.379213 0.030000 5.461454 0.030000 2.624551 0.030000 2.425322 0.030000 6.919256 0.030000 6.985546 0.030000 6.600486 0.030000 6.244034 0.150000 3.464531 0.030000 3.647890 0.030000 3.358224 0.030000 3.283951 0.030000 3.838879 0.030000 3.980934 0.030000 5.006553 0.030000 5.351119 0.150000 1.071494 0.030000 1.061010 0.030000 5.261357 0.030000 5.221767 0.030000
3.826395 0.030000 3.587909 0.030000 8.561957 0.150000 7.796878 0.030000 8.173897 0.030000 8.310863 0.030000 4.419844 0.030000 4.769253 0.150000 1.019320 0.030000 1.071447 0.030000 6.984806 0.030000 7.040644 0.030000 4.764996 0.030000 4.600515 0.030000 3.073613 0.030000 3.068892 0.030000 5.230630 0.030000 5.407184 0.030000 2.663540 0.030000 2.554460 0.030000 6.815742 0.030000 6.951893 0.030000 6.561363 0.030000 6.477496 0.030000 3.291467 0.030000 3.677558 0.150000 3.750958 0.150000 3.329920 0.030000 3.717608 0.030000 3.848260 0.030000 5.015673 0.030000 5.033811 0.030000 0.998533 0.030000 1.035220 0.030000 5.357479 0.030000 5.227686 0.030000
3.977337 0.030000 3.791350 0.030000 7.971367 0.030000 7.893342 0.030000 8.168996 0.030000 8.277027 0.030000 4.283798 0.030000 4.514249 0.030000 1.004548 0.030000 1.028399 0.030000 7.005229 0.030000 7.019366 0.030000 5.102343 0.150000 4.748530 0.030000 2.996433 0.030000 3.000609 0.030000 5.127712 0.030000 5.344928 0.030000 2.871122 0.030000 2.660172 0.030000 6.993515 0.150000 6.893263 0.030000 6.649726 0.030000 6.535046 0.030000 3.169473 0.030000 3.353845 0.030000 3.495929 0.030000 3.414189 0.030000 3.659936 0.030000 3.793316 0.030000 4.953892 0.030000 5.020449 0.030000 1.008270 0.030000 1.038872 0.030000 5.354849 0.030000 5.257832 0.030000
4.062714 0.030000 3.872425 0.030000 8.445131 0.150000 7.955561 0.030000 8.163979 0.150000 8.237898 0.030000 4.159006 0.030000 4.401735 0.030000 1.017521 0.030000 1.033256 0.030000 7.008091 0.030000 7.051630 0.030000 5.020070 0.030000 4.800471 0.030000 2.956652 0.030000 3.003224 0.030000 5.061146 0.030000 5.214255 0.030000 2.902956 0.030000 2.826765 0.030000 6.704159 0.030000 7.116071 0.150000 6.702732 0.030000 6.584095 0.030000 3.384343 0.150000 3.260163 0.030000 3.532426 0.030000 3.444182 0.030000 3.638874 0.030000 3.720879 0.030000 5.000385 0.030000 5.003744 0.030000 2.350226 0.150000 0.967749 0.030000 5.391811 0.030000 5.361605 0.030000
4.177271 0.030000 3.998636 0.030000 8.099136 0.030000 7.936536 0.030000 7.982863 0.030000 8.145567 0.030000 3.997988 0.030000 4.210650 0.030000 0.951325 0.030000 0.986891 0.030000 6.974320 0.030000 7.064545 0.030000 5.033617 0.030000 4.916654 0.030000 2.998030 0.030000 3.017897 0.030000 4.967833 0.030000 5.121172 0.030000 3.053717 0.030000 2.921180 0.030000 6.669007 0.030000 6.736626 0.030000 6.727422 0.030000 6.682177 0.030000 2.949720 0.030000 3.159305 0.030000 3.665344 0.030000 3.512216 0.030000 3.662474 0.150000 3.659193 0.030000 4.951409 0.030000 5.019940 0.030000 0.930476 0.030000 1.019085 0.030000 5.449663 0.030000 5.343551 0.030000
4.307845 0.150000 4.139064 0.030000 8.121394 0.030000 8.083564 0.030000 7.971731 0.030000 8.104861 0.030000 3.935580 0.030000 4.133672 0.030000 0.991874 0.030000 1.093592 0.150000 7.059049 0.030000 7.082166 0.030000 5.149445 0.030000 4.962581 0.030000 2.971023 0.030000 3.077398 0.030000 4.878045 0.030000 5.344074 0.150000 3.217892 0.030000 3.035968 0.030000 6.659834 0.030000 6.715433 0.030000 6.820471 0.030000 6.794359 0.030000 2.752335 0.030000 3.039798 0.030000 3.718520 0.030000 3.741197 0.150000 3.502755 0.030000 3.574915 0.030000 4.999771 0.030000 5.007032 0.030000 0.963498 0.030000 1.002156 0.030000 5.476711 0.030000 5.392008 0.030000
4.411194 0.030000 4.196930 0.030000 8.225673 0.030000 8.111128 0.030000 7.856537 0.030000 8.059847 0.030000 3.849036 0.030000 4.001050 0.030000 1.067173 0.030000 0.972117 0.030000 7.052186 0.030000 7.035912 0.030000 5.202707 0.030000 5.111871 0.030000 3.042941 0.030000 3.003336 0.030000 4.753463 0.030000 4.943817 0.030000 3.320195 0.030000 3.168388 0.030000 6.550967 0.030000 6.687785 0.030000 6.872093 0.030000 6.751405 0.030000 2.701638 0.030000 2.988697 0.030000 3.769437 0.030000 3.622380 0.030000 3.424951 0.030000 3.554878 0.030000 5.011864 0.030000 5.023613 0.030000 0.997587 0.030000 0.950064 0.030000 5.532454 0.030000 5.447792 0.030000
4.576866 0.030000 4.350457 0.030000 8.238443 0.030000 8.238875 0.030000 7.889191 0.030000 7.906947 0.030000 3.708393 0.030000 3.881895 0.030000 1.056871 0.030000 1.020023 0.030000 7.046036 0.030000 7.053221 0.030000 5.383623 0.030000 5.182327 0.030000 3.017271 0.030000 3.042718 0.150000 4.679851 0.030000 4.821402 0.030000 3.426671 0.030000 3.203830 0.030000 6.529001 0.030000 6.592913 0.030000 6.943228 0.030000 7.226276 0.150000 2.558862 0.030000 2.782932 0.030000 3.843720 0.030000 3.699258 0.030000 3.323072 0.030000 3.443227 0.030000 5.038996 0.030000 5.039088 0.030000 1.074007 0.030000 0.984003 0.030000 5.592728 0.030000 5.491665 0.030000
4.636850 0.030000 4.467700 0.030000 8.348905 0.030000 8.259879 0.030000 7.722837 0.030000 7.868597 0.030000 3.617235 0.030000 3.761582 0.030000 1.135009 0.030000 1.060717 0.030000 7.004380 0.030000 7.103821 0.030000 5.492268 0.030000 5.284961 0.030000 3.035113 0.030000 3.013600 0.030000 4.511993 0.030000 4.730673 0.030000 3.571949 0.030000 3.352627 0.030000 6.499503 0.030000 6.554538 0.030000 7.032812 0.030000 7.413628 0.150000 2.451063 0.030000 2.627992 0.030000 4.062508 0.150000 3.766808 0.030000 3.269350 0.030000 3.851254 0.150000 4.987432 0.030000 5.022401 0.030000 1.106200 0.030000 1.009746 0.030000 5.684383 0.030000 5.583093 0.030000
4.736648 0.030000 4.569408 0.150000 8.347524 0.150000 8.288947 0.030000 7.774880 0.030000 7.945823 0.150000 3.446223 0.030000 3.655883 0.030000 1.208473 0.030000 1.039245 0.030000 7.100537 0.030000 7.023718 0.030000 5.601309 0.030000 5.412954 0.030000 3.037925 0.030000 3.052951 0.030000 4.413675 0.030000 5.032786 0.150000 3.737351 0.030000 3.502426 0.030000 6.483624 0.030000 6.521132 0.030000 7.110559 0.030000 6.931692 0.030000 2.405398 0.150000 2.476118 0.030000 3.948077 0.030000 3.872966 0.030000 3.189667 0.150000 3.397534 0.030000 5.050632 0.030000 5.077472 0.030000 1.256016 0.030000 1.062896 0.030000 5.614398 0.030000 5.620646 0.030000
4.878053 0.030000 4.716598 0.030000 8.510419 0.030000 8.412672 0.030000 7.714291 0.030000 7.753743 0.030000 3.351285 0.030000 3.507306 0.030000 1.236024 0.030000 1.168850 0.030000 7.058998 0.030000 7.066309 0.030000 5.691482 0.030000 5.479194 0.030000 3.121171 0.030000 3.053968 0.030000 4.363388 0.030000 4.466390 0.150000 3.877669 0.030000 3.630889 0.030000 6.396185 0.030000 6.481035 0.030000 7.174847 0.030000 6.977141 0.030000 2.174837 0.030000 2.323297 0.150000 4.048152 0.030000 3.997586 0.030000 3.201995 0.030000 3.298982 0.030000 5.053233 0.030000 5.123618 0.030000 1.228483 0.030000 1.168572 0.030000 5.731372 0.030000 5.679355 0.030000
5.004329 0.030000 4.837793 0.030000 8.611129 0.030000 8.470372 0.030000 8.263865 0.150000 7.706491 0.030000 3.236254 0.030000 3.394369 0.030000 1.386453 0.030000 1.191033 0.030000 7.135912 0.030000 7.167011 0.150000 5.809345 0.030000 5.647844 0.030000 3.433738 0.150000 3.108559 0.030000 4.317521 0.030000 4.423047 0.030000 3.948356 0.030000 5.138926 0.150000 6.356417 0.030000 6.392546 0.030000 7.181967 0.030000 7.115802 0.030000 2.024645 0.150000 2.268601 0.030000 4.223030 0.030000 4.059887 0.030000 3.129899 0.030000 3.210131 0.030000 5.029740 0.030000 5.034554 0.030000 1.330665 0.030000 1.132794 0.030000 5.831685 0.030000 5.723640 0.030000
5.271948 0.150000 5.020773 0.030000 8.649244 0.030000 8.531259 0.030000 7.581828 0.150000 7.670696 0.030000 3.098909 0.030000 3.299805 0.030000 1.428423 0.030000 1.716392 0.150000 7.150776 0.030000 7.063017 0.030000 5.892053 0.030000 5.749989 0.030000 3.233586 0.030000 3.105398 0.030000 4.196053 0.150000 4.322277 0.030000 4.058898 0.030000 3.829491 0.030000 6.376184 0.030000 6.339589 0.030000 7.262604 0.030000 7.204139 0.030000 1.896365 0.030000 2.123216 0.030000 4.270877 0.030000 4.914078 0.150000 3.096754 0.030000 3.153873 0.030000 5.123270 0.030000 5.119949 0.030000 1.459353 0.030000 1.276941 0.030000 5.866056 0.030000 5.840556 0.030000
5.271775 0.030000 5.067488 0.030000 8.697981 0.030000 8.632417 0.030000 7.515950 0.030000 7.608389 0.030000 2.950007 0.030000 3.198253 0.030000 1.517646 0.030000 1.562868 0.150000 7.181201 0.030000 7.092834 0.030000 6.052412 0.030000 5.810347 0.030000 3.228683 0.030000 3.213057 0.030000 4.133530 0.030000 4.280987 0.030000 4.230443 0.030000 3.990738 0.030000 6.268213 0.030000 6.336308 0.030000 7.342085 0.030000 7.234814 0.030000 1.794491 0.030000 2.265148 0.150000 4.404132 0.030000 4.195374 0.030000 3.087714 0.030000 3.149963 0.030000 5.157611 0.030000 5.076182 0.030000 1.560664 0.030000 1.362595 0.030000 5.982983 0.030000 5.850785 0.030000
5.352667 0.030000 5.179125 0.030000 9.886052 0.150000 8.689437 0.030000 7.501018 0.030000 7.551790 0.030000 2.894209 0.030000 3.040623 0.030000 1.630152 0.030000 1.497657 0.030000 7.217433 0.030000 7.065955 0.030000 6.055217 0.030000 5.920332 0.030000 3.284743 0.030000 3.226175 0.030000 4.042936 0.030000 4.404815 0.150000 4.374069 0.030000 4.131825 0.030000 6.246408 0.030000 6.273360 0.030000 7.653454 0.150000 7.304964 0.030000 1.681119 0.030000 1.892190 0.030000 4.921247 0.150000 4.303698 0.030000 3.013840 0.030000 3.101417 0.030000 5.208101 0.030000 5.077728 0.030000 1.635052 0.030000 1.432733 0.030000 6.060690 0.150000 5.866061 0.030000
5.544378 0.030000 5.279950 0.030000 8.936839 0.030000 8.785310 0.030000 7.487375 0.030000 7.537697 0.030000 2.794583 0.030000 2.907084 0.030000 1.710274 0.030000 1.577805 0.030000 7.209110 0.030000 7.122168 0.030000 6.228772 0.030000 6.081726 0.030000 3.636662 0.150000 3.255851 0.030000 3.968522 0.030000 4.117422 0.030000 4.506294 0.030000 4.244263 0.030000 6.231174 0.030000 6.248740 0.030000 7.510777 0.030000 7.394906 0.030000 1.593118 0.030000 1.758569 0.030000 4.549582 0.030000 4.412665 0.030000 3.034614 0.030000 3.071307 0.030000 5.212596 0.030000 5.147670 0.030000 1.711066 0.030000 1.580130 0.030000 6.046111 0.030000 5.998496 0.030000
5.631900 0.030000 5.422155 0.030000 8.939683 0.030000 8.834871 0.030000 8.047069 0.150000 7.488752 0.030000 2.655078 0.030000 2.831755 0.030000 1.851240 0.030000 1.626970 0.030000 7.207126 0.030000 7.156572 0.030000 6.353838 0.030000 6.156295 0.030000 3.347960 0.030000 3.303871 0.030000 3.926473 0.030000 3.989814 0.030000 4.607232 0.030000 4.341884 0.030000 6.213682 0.030000 6.735794 0.150000 7.581033 0.030000 7.436455 0.030000 1.467265 0.030000 1.832637 0.150000 4.631675 0.030000 4.483655 0.030000 3.073941 0.030000 3.043899 0.030000 5.280390 0.030000 5.196108 0.030000 1.838197 0.030000 1.661277 0.030000 6.153585 0.030000 6.079188 0.030000
5.783511 0.030000 5.562985 0.030000 9.052227 0.030000 8.885464 0.030000 7.445026 0.030000 7.203493 0.150000 2.478211 0.030000 2.725927 0.030000 2.156350 0.150000 1.754938 0.030000 7.247023 0.030000 7.178207 0.030000 6.440362 0.030000 6.998182 0.150000 3.467899 0.030000 3.367969 0.030000 3.782195 0.030000 3.999539 0.030000 5.851853 0.150000 4.491340 0.030000 6.193753 0.030000 6.223055 0.030000 7.650693 0.030000 7.506819 0.030000 1.289954 0.030000 1.527641 0.030000 4.704237 0.030000 4.560662 0.030000 3.025315 0.030000 3.012025 0.030000 5.325077 0.030000 5.212820 0.030000 2.019675 0.030000 1.793606 0.030000 6.257716 0.030000 6.149145 0.030000
5.906548 0.030000 6.287802 0.150000 9.123472 0.030000 8.984284 0.030000 7.386757 0.030000 7.489961 0.150000 2.455951 0.030000 2.596614 0.030000 1.995818 0.030000 1.862212 0.030000 7.281797 0.030000 7.273518 0.030000 6.578064 0.030000 6.407670 0.030000 3.420447 0.030000 3.368573 0.030000 3.738980 0.030000 3.879191 0.030000 4.850669 0.030000 4.596894 0.030000 6.141038 0.030000 6.155201 0.030000 7.750025 0.030000 7.549237 0.030000 1.159723 0.030000 1.409179 0.030000 4.819121 0.030000 4.930130 0.150000 2.950441 0.030000 2.985595 0.030000 5.306319 0.030000 5.248575 0.030000 2.038190 0.030000 1.860060 0.030000 6.265711 0.030000 6.192259 0.030000
5.961514 0.030000 5.814113 0.030000 9.177958 0.030000 9.501427 0.150000 7.280213 0.030000 7.009120 0.150000 2.278044 0.030000 2.454293 0.030000 2.166741 0.030000 1.944598 0.030000 7.364879 0.030000 7.218130 0.030000 6.677106 0.030000 6.479913 0.030000 3.582729 0.030000 3.460876 0.150000 3.688759 0.030000 3.801409 0.030000 4.951099 0.030000 5.699272 0.150000 6.175036 0.030000 6.433930 0.150000 7.747013 0.030000 7.696834 0.030000 1.078707 0.030000 1.276720 0.030000 4.917413 0.030000 4.773294 0.030000 2.964799 0.030000 2.951273 0.030000 5.379517 0.030000 5.359563 0.030000 2.160025 0.030000 1.985252 0.030000 6.375702 0.030000 6.291383 0.030000
6.095606 0.030000 5.960521 0.030000 9.307941 0.030000 9.159599 0.030000 7.260431 0.030000 7.272552 0.030000 2.158758 0.030000 2.348100 0.030000 2.290585 0.030000 2.101200 0.030000 7.370746 0.030000 7.313111 0.030000 6.733532 0.030000 6.641379 0.030000 3.626026 0.030000 3.536284 0.030000 3.582530 0.030000 3.682778 0.030000 5.086985 0.030000 4.903303 0.030000 6.068152 0.030000 6.108166 0.030000 7.853134 0.030000 7.733359 0.030000 0.972987 0.030000 1.137454 0.030000 5.003182 0.030000 4.949301 0.150000 3.018801 0.030000 3.004572 0.030000 5.441955 0.030000 5.358644 0.030000 2.293515 0.030000 2.103906 0.030000 6.481335 0.030000 6.357809 0.030000
6.670680 0.150000 6.101334 0.030000 9.345926 0.030000 9.198457 0.030000 7.313975 0.030000 7.251627 0.030000 2.068107 0.030000 2.345589 0.150000 2.356711 0.030000 2.158479 0.030000 7.375669 0.030000 7.337165 0.030000 6.909274 0.030000 6.764381 0.030000 3.750355 0.030000 3.641891 0.030000 3.566230 0.030000 3.646454 0.030000 5.253065 0.030000 5.005265 0.030000 6.021573 0.030000 6.083897 0.030000 7.946914 0.030000 7.833172 0.030000 0.797464 0.030000 1.034554 0.030000 5.127155 0.030000 4.954922 0.030000 2.982274 0.030000 2.977698 0.030000 5.453343 0.030000 5.367622 0.030000 2.420378 0.030000 2.267536 0.030000 6.562967 0.030000 6.429866 0.030000
6.339668 0.030000 6.506394 0.150000 9.349611 0.030000 10.001995 0.150000 7.158721 0.030000 7.313523 0.030000 1.973317 0.030000 2.128671 0.030000 2.473718 0.030000 2.311008 0.030000 7.592646 0.150000 7.356580 0.030000 6.947434 0.030000 6.744798 0.030000 3.773247 0.030000 3.643726 0.030000 3.441458 0.030000 3.623439 0.030000 5.304286 0.030000 5.127535 0.030000 6.068151 0.030000 6.082436 0.030000 8.059012 0.030000 7.921841 0.030000 0.734956 0.030000 0.918642 0.030000 5.641273 0.150000 5.056360 0.030000 3.042797 0.030000 3.015707 0.030000 5.525146 0.030000 5.409329 0.030000 2.479421 0.030000 3.607447 0.150000 7.160909 0.150000 6.494078 0.030000
6.478401 0.030000 6.284971 0.030000 9.479224 0.030000 9.350186 0.030000 7.218472 0.030000 7.188601 0.030000 1.885169 0.030000 2.067722 0.030000 2.567473 0.030000 2.707450 0.150000 7.445613 0.030000 7.382978 0.030000 7.063754 0.030000 6.924379 0.030000 3.832961 0.030000 5.061200 0.150000 3.443130 0.030000 3.521243 0.030000 5.391231 0.030000 5.206263 0.030000 6.058807 0.030000 6.084692 0.030000 8.103372 0.030000 7.950741 0.030000 0.632203 0.030000 0.837522 0.030000 5.321204 0.030000 5.136420 0.030000 3.017435 0.030000 3.046098 0.030000 6.173364 0.150000 5.453976 0.030000 2.581300 0.030000 2.440914 0.030000 6.680317 0.030000 6.532071 0.030000
6.573324 0.030000 6.330972 0.030000 9.531376 0.030000 9.397556 0.030000 7.179015 0.030000 7.252173 0.030000 1.812154 0.030000 2.007079 0.030000 2.655217 0.030000 2.476320 0.030000 7.486419 0.030000 7.441558 0.030000 7.129017 0.030000 6.988462 0.030000 3.893951 0.030000 3.734966 0.150000 3.367386 0.030000 3.471066 0.030000 5.500995 0.030000 5.236867 0.030000 6.047441 0.030000 6.062481 0.030000 8.136814 0.030000 8.063888 0.030000 0.570803 0.030000 0.733782 0.030000 5.391958 0.030000 5.178010 0.030000 3.050634 0.030000 3.067690 0.030000 5.639376 0.030000 5.714063 0.150000 2.635593 0.030000 2.522761 0.030000 6.825195 0.030000 6.633857 0.030000
6.572716 0.030000 6.229818 0.150000 9.588896 0.030000 9.467970 0.030000 7.215590 0.030000 7.205689 0.030000 1.749773 0.030000 1.920262 0.030000 2.695360 0.030000 2.555350 0.030000 7.503866 0.030000 7.478641 0.030000 7.181368 0.030000 7.036384 0.030000 3.951752 0.030000 4.248298 0.150000 3.308374 0.030000 3.468136 0.030000 5.569971 0.030000 5.394138 0.030000 6.041323 0.030000 6.020799 0.030000 8.122277 0.030000 8.070164 0.030000 0.469896 0.030000 0.828240 0.150000 5.470945 0.030000 5.281491 0.030000 3.047155 0.030000 3.045957 0.030000 5.657115 0.030000 5.518386 0.030000 2.732666 0.030000 2.559608 0.030000 6.811783 0.030000 6.601806 0.030000
6.675196 0.030000 6.474199 0.030000 9.665303 0.030000 9.508992 0.030000 7.120170 0.030000 7.167935 0.030000 1.686790 0.030000 2.011399 0.150000 2.776962 0.030000 2.599087 0.030000 7.504742 0.030000 7.385003 0.030000 7.319920 0.030000 7.088279 0.030000 4.172805 0.150000 3.864346 0.030000 3.357960 0.030000 3.428965 0.030000 5.579975 0.030000 5.426665 0.030000 6.067157 0.030000 6.026748 0.030000 8.216715 0.030000 8.193327 0.150000 0.410815 0.030000 0.539705 0.150000 5.465444 0.030000 5.316383 0.030000 3.043918 0.030000 3.008120 0.030000 5.602809 0.030000 5.539119 0.030000 2.752890 0.030000 2.634558 0.030000 6.811554 0.030000 6.738545 0.030000
6.746667 0.030000 6.504198 0.030000 9.679665 0.030000 9.524573 0.030000 7.158226 0.030000 7.205685 0.030000 1.660037 0.030000 1.829866 0.030000 2.788122 0.030000 2.670844 0.030000 7.744982 0.150000 7.471445 0.030000 7.319673 0.030000 7.171099 0.030000 4.043506 0.030000 3.912763 0.030000 4.432173 0.150000 3.400669 0.030000 5.709941 0.030000 5.802880 0.150000 6.055350 0.030000 6.070752 0.030000 8.266054 0.030000 8.119323 0.030000 0.320838 0.030000 0.471672 0.030000 5.534424 0.030000 5.539736 0.150000 3.061671 0.030000 2.983879 0.030000 5.659891 0.030000 5.602076 0.030000 2.881791 0.030000 2.646015 0.030000 6.883308 0.030000 6.709449 0.030000
6.796304 0.030000 6.611825 0.030000 9.766687 0.030000 9.592229 0.030000 7.180171 0.030000 7.168309 0.030000 1.637126 0.030000 2.047063 0.150000 2.875702 0.030000 2.652351 0.030000 7.561667 0.030000 7.501674 0.030000 7.386848 0.030000 8.394952 0.150000 4.053777 0.030000 3.863038 0.030000 3.545039 0.150000 3.330661 0.030000 5.731639 0.030000 5.467678 0.030000 6.042274 0.030000 5.991314 0.030000 8.338154 0.030000 8.146716 0.030000 0.343022 0.030000 0.489974 0.030000 5.614122 0.030000 5.258394 0.150000 3.074603 0.030000 3.087731 0.030000 5.665333 0.030000 5.642630 0.030000 2.894495 0.030000 2.851914 0.150000 6.940281 0.030000 6.764983 0.030000
6.829949 0.030000 6.663036 0.030000 9.734469 0.030000 9.610380 0.030000 7.196624 0.030000 7.142944 0.030000 1.608092 0.030000 1.716922 0.030000 4.057829 0.150000 2.730531 0.030000 7.622492 0.030000 7.501293 0.030000 7.399437 0.030000 7.206842 0.030000 4.116957 0.030000 3.943475 0.030000 3.317071 0.150000 3.380031 0.030000 5.745969 0.030000 5.550958 0.030000 6.056429 0.030000 6.036801 0.030000 8.306590 0.030000 8.209980 0.030000 0.209060 0.030000 0.441022 0.030000 5.621133 0.030000 5.437495 0.030000 3.130442 0.030000 3.074834 0.030000 5.729529 0.030000 5.656957 0.030000 2.964250 0.030000 2.753628 0.030000 6.927294 0.030000 6.811328 0.030000
6.864825 0.030000 6.634035 0.030000 9.746706 0.030000 9.607890 0.030000 7.057379 0.030000 7.161472 0.030000 1.522554 0.030000 1.679168 0.030000 2.980912 0.030000 2.769157 0.030000 7.609224 0.030000 7.560953 0.030000 7.429908 0.030000 7.271736 0.030000 4.066561 0.030000 3.997207 0.030000 4.036007 0.150000 3.307077 0.030000 5.788811 0.030000 5.578439 0.030000 6.041946 0.030000 6.034902 0.030000 8.371483 0.030000 8.229533 0.030000 0.231453 0.030000 0.397388 0.030000 5.596197 0.030000 5.483613 0.030000 3.115984 0.030000 3.095436 0.030000 5.697958 0.030000 5.651065 0.030000 3.222233 0.150000 2.784643 0.030000 6.984105 0.030000 6.848703 0.030000
6.884072 0.030000 6.662196 0.030000 9.803849 0.030000 9.695944 0.030000 7.090464 0.030000 7.184826 0.030000 1.555704 0.030000 1.640403 0.030000 2.948809 0.030000 2.732517 0.030000 7.599701 0.030000 7.527394 0.030000 7.482932 0.030000 7.325034 0.030000 4.531637 0.150000 4.037509 0.030000 3.488198 0.150000 3.361453 0.030000 5.870255 0.030000 5.659143 0.030000 6.073186 0.030000 6.063815 0.030000 8.331857 0.030000 8.277426 0.030000 0.166265 0.030000 0.377734 0.030000 5.664085 0.030000 5.509026 0.030000 3.133536 0.030000 4.380248 0.150000 5.725755 0.030000 5.687544 0.030000 2.952368 0.030000 4.311095 0.150000 7.309569 0.150000 6.930159 0.030000
6.992618 0.030000 6.688083 0.030000 10.006064 0.150000 9.705166 0.030000 7.016086 0.030000 7.168410 0.030000 1.559885 0.030000 1.565899 0.030000 3.016199 0.030000 2.895909 0.030000 7.528414 0.030000 7.569996 0.030000 7.520556 0.030000 7.390444 0.030000 4.085791 0.030000 4.034858 0.030000 3.430604 0.150000 3.304482 0.030000 5.865373 0.030000 5.746753 0.030000 5.971087 0.030000 6.084716 0.030000 8.361821 0.030000 8.348880 0.030000 0.185529 0.030000 0.267804 0.030000 5.673084 0.030000 5.547581 0.030000 3.056593 0.030000 3.099922 0.030000 6.141434 0.150000 5.734556 0.030000 3.352365 0.150000 2.919380 0.030000 7.000669 0.030000 6.919966 0.030000
6.957957 0.030000 6.856396 0.030000 9.697789 0.030000 9.723467 0.030000 6.935142 0.030000 7.140943 0.030000 1.571529 0.030000 1.567865 0.150000 3.119589 0.030000 2.917483 0.030000 7.465460 0.030000 7.547790 0.030000 7.467522 0.030000 7.406068 0.030000 4.068625 0.030000 4.077027 0.030000 2.973726 0.030000 3.279259 0.030000 5.928507 0.030000 5.795396 0.030000 5.812733 0.030000 5.977110 0.030000 8.290309 0.030000 8.330721 0.030000 0.185895 0.030000 0.160741 0.030000 5.620539 0.030000 5.663827 0.030000 2.980959 0.030000 3.081236 0.030000 5.653846 0.030000 5.754893 0.030000 3.084402 0.030000 2.939244 0.030000 6.898682 0.030000 6.983618 0.030000
7.022558 0.030000 7.043799 0.030000 9.619587 0.030000 9.719201 0.030000 6.799442 0.030000 7.005947 0.030000 1.683540 0.030000 1.577880 0.030000 3.222493 0.030000 3.034395 0.030000 7.334714 0.030000 7.573134 0.030000 7.409960 0.030000 7.497959 0.030000 4.007107 0.030000 4.083563 0.030000 2.917497 0.030000 3.090649 0.030000 5.982604 0.030000 5.877281 0.030000 5.730740 0.030000 5.936224 0.030000 8.256973 0.030000 8.299654 0.030000 0.257598 0.030000 0.598831 0.150000 5.625230 0.030000 5.672164 0.030000 2.899907 0.030000 3.034943 0.030000 5.524483 0.030000 5.846897 0.150000 3.043935 0.030000 3.283089 0.150000 6.877710 0.030000 6.957909 0.030000
7.070147 0.030000 7.021138 0.030000 9.554702 0.030000 9.711289 0.030000 6.655897 0.030000 6.886960 0.030000 1.789026 0.030000 1.664439 0.030000 3.255259 0.030000 3.122948 0.030000 7.311585 0.030000 7.411367 0.030000 7.419877 0.030000 7.471755 0.030000 3.917194 0.030000 4.022275 0.030000 3.232074 0.150000 3.008647 0.030000 6.024289 0.030000 5.898692 0.030000 5.597432 0.030000 5.805346 0.030000 8.157001 0.030000 8.277163 0.030000 0.391454 0.030000 0.169400 0.030000 5.562941 0.030000 5.667059 0.030000 2.685231 0.030000 2.973878 0.030000 5.392550 0.030000 5.602666 0.030000 2.997268 0.030000 3.003927 0.030000 6.754719 0.030000 6.912239 0.030000
7.132253 0.030000 7.044358 0.030000 9.520677 0.030000 9.624880 0.030000 6.546881 0.030000 6.737944 0.030000 1.835441 0.030000 1.740673 0.030000 3.240171 0.150000 3.214278 0.030000 7.159514 0.030000 7.277372 0.030000 7.370711 0.030000 7.429757 0.030000 3.840242 0.030000 3.942005 0.030000 2.756391 0.150000 2.869459 0.030000 5.973527 0.030000 5.951389 0.030000 5.457999 0.030000 5.685157 0.030000 8.081098 0.030000 8.230367 0.030000 0.538413 0.030000 0.356878 0.030000 5.514932 0.030000 5.602061 0.030000 2.603529 0.030000 2.784039 0.030000 5.344218 0.030000 5.520896 0.030000 2.970513 0.030000 3.020907 0.030000 6.747049 0.030000 6.779859 0.030000
7.083786 0.030000 7.048983 0.030000 9.385257 0.030000 9.635436 0.150000 6.383570 0.030000 6.558769 0.030000 2.356974 0.150000 1.854026 0.030000 3.377227 0.030000 3.230414 0.030000 7.029557 0.030000 7.231121 0.030000 7.347125 0.030000 7.424654 0.030000 3.800567 0.030000 3.893041 0.030000 2.549603 0.030000 2.715642 0.030000 5.946972 0.030000 5.994320 0.030000 5.299636 0.030000 5.546576 0.030000 8.010436 0.030000 8.178867 0.030000 0.616468 0.030000 0.940388 0.150000 5.468873 0.030000 5.544536 0.030000 2.467349 0.030000 2.660983 0.030000 5.641103 0.150000 5.399612 0.030000 2.937750 0.030000 3.024186 0.030000 6.568792 0.030000 6.705257 0.030000
7.890315 0.150000 7.090543 0.030000 9.541164 0.150000 9.425483 0.030000 6.285068 0.030000 6.482780 0.030000 2.048182 0.030000 1.920612 0.030000 3.446162 0.030000 3.290875 0.030000 6.948088 0.030000 7.105876 0.030000 7.271860 0.030000 7.315624 0.030000 3.675583 0.030000 4.324864 0.150000 2.425045 0.030000 2.672638 0.030000 6.029101 0.030000 5.958578 0.030000 5.195400 0.030000 5.708909 0.150000 7.928268 0.030000 8.052565 0.030000 0.752635 0.030000 0.615040 0.030000 5.519680 0.150000 5.452700 0.030000 2.390537 0.030000 2.573462 0.030000 5.138516 0.030000 5.299591 0.030000 2.977375 0.030000 2.966826 0.030000 6.563509 0.030000 6.683406 0.030000
7.403800 0.150000 7.116346 0.030000 9.249463 0.030000 9.379558 0.030000 6.276640 0.150000 6.401605 0.030000 2.252144 0.030000 2.008948 0.030000 3.524148 0.030000 3.455519 0.030000 6.779838 0.030000 6.968076 0.030000 7.240155 0.030000 7.372881 0.030000 3.553909 0.030000 3.974127 0.150000 2.337369 0.030000 2.519748 0.030000 6.038494 0.030000 6.368123 0.150000 5.326294 0.150000 5.313733 0.030000 7.852461 0.030000 7.960137 0.030000 0.882348 0.030000 0.654456 0.150000 5.293426 0.030000 5.422792 0.030000 2.270200 0.030000 2.432836 0.030000 4.771086 0.150000 5.215588 0.030000 2.917918 0.030000 2.931423 0.030000 6.454409 0.030000 6.578584 0.030000
7.212283 0.150000 7.199192 0.030000 9.071943 0.150000 9.256939 0.030000 6.023592 0.030000 6.206302 0.030000 2.323475 0.030000 2.172075 0.030000 3.588108 0.030000 3.408205 0.030000 6.720172 0.030000 7.263178 0.150000 7.245906 0.030000 7.263310 0.030000 3.589386 0.030000 3.654378 0.030000 2.219622 0.030000 2.396268 0.030000 6.170416 0.150000 6.023413 0.030000 4.934333 0.030000 5.204049 0.030000 7.712388 0.030000 7.893784 0.030000 1.031981 0.030000 0.857204 0.030000 5.287690 0.150000 5.496671 0.150000 2.135647 0.030000 2.350856 0.030000 4.940963 0.030000 5.066539 0.030000 2.898113 0.030000 2.967770 0.030000 6.364554 0.030000 6.496030 0.030000
7.224304 0.030000 7.233548 0.030000 9.076604 0.030000 9.277656 0.030000 5.934902 0.030000 6.092015 0.030000 2.423512 0.030000 2.195176 0.030000 3.618917 0.030000 3.503340 0.030000 6.821591 0.150000 6.752129 0.030000 7.203995 0.030000 7.287813 0.030000 3.647450 0.150000 4.103771 0.150000 2.114372 0.030000 2.316024 0.030000 6.041913 0.030000 5.957652 0.030000 4.876965 0.030000 5.079879 0.030000 7.651689 0.030000 7.781180 0.030000 1.181180 0.030000 0.939748 0.030000 5.235669 0.030000 5.278902 0.030000 2.015387 0.030000 2.193552 0.030000 4.881137 0.030000 5.048159 0.030000 3.002310 0.030000 2.972958 0.030000 6.340291 0.030000 6.455814 0.030000
7.296119 0.030000 7.214083 0.030000 9.028403 0.030000 9.164897 0.030000 5.875957 0.030000 6.052466 0.030000 2.517141 0.030000 2.337729 0.030000 3.962020 0.150000 3.571661 0.030000 6.495982 0.030000 6.675473 0.030000 7.158715 0.030000 7.305470 0.150000 3.422541 0.030000 3.526012 0.030000 2.088506 0.030000 2.800584 0.150000 6.129678 0.030000 6.036270 0.030000 4.701734 0.030000 4.936056 0.030000 7.644796 0.030000 7.752429 0.030000 1.241092 0.030000 1.038434 0.030000 5.228251 0.030000 6.621077 0.150000 1.914187 0.030000 2.539953 0.150000 4.768407 0.030000 4.889996 0.030000 3.000650 0.030000 2.963570 0.030000 6.244724 0.030000 6.348067 0.030000
7.307019 0.030000 7.264729 0.030000 8.912363 0.030000 9.060064 0.030000 5.752978 0.030000 5.872596 0.030000 2.607230 0.030000 2.428158 0.030000 3.775675 0.030000 3.642245 0.030000 6.386333 0.030000 6.543929 0.150000 7.138253 0.030000 7.204153 0.030000 3.363788 0.030000 3.487073 0.030000 1.904288 0.030000 2.205245 0.030000 6.089821 0.030000 6.103474 0.030000 4.626780 0.030000 4.827414 0.030000 7.562482 0.030000 7.678902 0.030000 1.397419 0.030000 1.218876 0.030000 5.202980 0.150000 5.271888 0.030000 2.249796 0.150000 2.048750 0.030000 4.672538 0.030000 4.851109 0.030000 3.010513 0.030000 2.958881 0.030000 6.170563 0.030000 6.282321 0.030000
7.383690 0.030000 7.301970 0.030000 8.919583 0.030000 9.051563 0.030000 5.677201 0.030000 5.878269 0.030000 2.672594 0.030000 2.529628 0.030000 3.807151 0.030000 3.684886 0.030000 6.368118 0.030000 6.494252 0.030000 7.148306 0.030000 7.150700 0.030000 3.314921 0.030000 3.442231 0.030000 1.872033 0.030000 1.979714 0.030000 6.097084 0.030000 6.130125 0.030000 4.500732 0.030000 4.741703 0.030000 7.486640 0.030000 7.600931 0.030000 1.446040 0.030000 2.180069 0.150000 5.141867 0.030000 5.202866 0.030000 1.770146 0.030000 1.983279 0.030000 4.662700 0.030000 4.799927 0.030000 2.956569 0.030000 2.992811 0.030000 6.147983 0.030000 6.290554 0.030000
7.421438 0.030000 7.335050 0.030000 8.869969 0.030000 9.137118 0.150000 5.577072 0.030000 5.753398 0.030000 2.741212 0.030000 2.541879 0.030000 3.868644 0.150000 3.732590 0.030000 6.283412 0.030000 6.397028 0.030000 7.181667 0.030000 6.982872 0.150000 3.310555 0.030000 4.311671 0.150000 1.784061 0.030000 1.941305 0.030000 6.156782 0.030000 6.138512 0.030000 4.905698 0.150000 4.689809 0.030000 7.459131 0.030000 7.559599 0.030000 1.504211 0.030000 1.326247 0.030000 5.147102 0.030000 5.212298 0.030000 1.748118 0.030000 1.948003 0.030000 4.557536 0.030000 4.744367 0.030000 3.000877 0.030000 2.983794 0.030000 6.027412 0.030000 6.251813 0.030000
7.608151 0.150000 7.372572 0.030000 8.839016 0.030000 8.966700 0.030000 5.483718 0.030000 5.721575 0.030000 2.795926 0.030000 2.618101 0.030000 3.883113 0.150000 3.791257 0.030000 6.191849 0.030000 6.330019 0.030000 7.146812 0.030000 7.195493 0.030000 3.303076 0.030000 3.312074 0.030000 1.739149 0.030000 1.935046 0.030000 6.171194 0.030000 6.108026 0.030000 4.352034 0.030000 4.596205 0.030000 7.453399 0.030000 7.553384 0.030000 2.039723 0.150000 1.391545 0.030000 5.139095 0.030000 5.268279 0.030000 1.694875 0.030000 1.862580 0.030000 4.491628 0.030000 4.726977 0.030000 3.028017 0.030000 2.988111 0.030000 6.074126 0.030000 6.098837 0.030000
7.459829 0.030000 7.358396 0.030000 8.762246 0.030000 8.834885 0.030000 5.403849 0.030000 5.620432 0.030000 2.918699 0.030000 2.758600 0.150000 3.922426 0.150000 3.813085 0.030000 6.166018 0.030000 6.317657 0.030000 7.099332 0.030000 7.154834 0.030000 3.227074 0.030000 3.300185 0.030000 1.988392 0.150000 1.859246 0.030000 6.236781 0.030000 6.109098 0.030000 4.343916 0.030000 4.548143 0.030000 7.820156 0.150000 7.465069 0.030000 1.657573 0.030000 1.351431 0.150000 5.093875 0.030000 5.290775 0.150000 1.631796 0.030000 1.756622 0.030000 4.555263 0.030000 4.664349 0.030000 3.030307 0.030000 2.999144 0.030000 6.021001 0.030000 6.116128 0.030000
7.495029 0.030000 7.408313 0.030000 8.736385 0.030000 8.872535 0.030000 5.396843 0.030000 5.537488 0.030000 2.903220 0.030000 2.708772 0.030000 3.989080 0.030000 3.823255 0.030000 6.191268 0.150000 6.224762 0.030000 7.110947 0.030000 7.109448 0.030000 3.125891 0.030000 3.686568 0.150000 1.582170 0.030000 1.780313 0.030000 6.243291 0.030000 6.171781 0.030000 4.308239 0.030000 4.540537 0.030000 7.343675 0.030000 7.455386 0.030000 1.719281 0.030000 1.593020 0.150000 5.135820 0.030000 5.108148 0.030000 1.564593 0.030000 1.793612 0.030000 4.716607 0.150000 4.594692 0.030000 3.074339 0.030000 3.014137 0.030000 6.037039 0.030000 6.098665 0.030000
7.493321 0.030000 7.404764 0.030000 8.748401 0.030000 8.844526 0.030000 5.266368 0.030000 5.515069 0.030000 2.981542 0.030000 2.780943 0.030000 4.029328 0.030000 3.928630 0.030000 6.091871 0.030000 6.219468 0.030000 7.114601 0.030000 7.098860 0.030000 3.162946 0.030000 3.286300 0.030000 1.587143 0.030000 1.805555 0.030000 6.179702 0.030000 6.173348 0.030000 4.252604 0.030000 4.448607 0.030000 7.335937 0.030000 7.489098 0.030000 1.734481 0.150000 1.569644 0.030000 5.048419 0.030000 5.109548 0.030000 1.575135 0.030000 1.775725 0.030000 4.419448 0.030000 4.583270 0.030000 3.103513 0.030000 2.999645 0.030000 5.935536 0.030000 6.098460 0.030000
7.483357 0.030000 7.438487 0.030000 8.712709 0.030000 8.882404 0.030000 5.304890 0.030000 5.513403 0.030000 3.010719 0.030000 2.790720 0.030000 4.055984 0.030000 3.958313 0.030000 6.023268 0.030000 6.226710 0.030000 7.024590 0.150000 7.162563 0.150000 3.195628 0.030000 3.307890 0.030000 1.611265 0.030000 1.747519 0.030000 6.243629 0.030000 6.105896 0.030000 4.232727 0.030000 4.460121 0.030000 7.328005 0.030000 7.443229 0.030000 1.820663 0.030000 1.577884 0.030000 5.055060 0.030000 5.149805 0.030000 1.522341 0.030000 1.689215 0.030000 4.323529 0.030000 4.566775 0.030000 3.065172 0.030000 3.064728 0.030000 5.984108 0.030000 6.086483 0.030000
7.437121 0.030000 7.494353 0.030000 8.621394 0.030000 8.807784 0.030000 5.250673 0.030000 5.458246 0.030000 3.017568 0.030000 2.863152 0.030000 4.249113 0.150000 4.005032 0.030000 5.972245 0.030000 6.222660 0.030000 7.529221 0.150000 7.133214 0.030000 3.183676 0.030000 3.257987 0.030000 1.752732 0.150000 2.232526 0.150000 5.979391 0.150000 6.027913 0.150000 4.213337 0.030000 4.373893 0.030000 7.270595 0.030000 7.409912 0.030000 1.810654 0.030000 1.589554 0.030000 5.093927 0.030000 5.109721 0.030000 1.559878 0.030000 1.748158 0.030000 4.329997 0.030000 4.540796 0.030000 3.101416 0.030000 3.087460 0.030000 5.937874 0.030000 6.071552 0.030000
7.440157 0.030000 7.501396 0.030000 8.830715 0.150000 8.774141 0.030000 5.243751 0.030000 5.394170 0.030000 3.093470 0.030000 2.869887 0.030000 4.001570 0.030000 3.938298 0.030000 5.935026 0.030000 6.119188 0.030000 7.012747 0.030000 7.168281 0.030000 3.053790 0.030000 3.304278 0.030000 1.595772 0.030000 1.651326 0.030000 6.181499 0.030000 6.216007 0.030000 4.106301 0.030000 4.342852 0.030000 7.231862 0.030000 7.378261 0.030000 1.838516 0.030000 1.655334 0.030000 4.993545 0.030000 5.159393 0.030000 1.478489 0.030000 1.682289 0.030000 4.260032 0.030000 4.489278 0.030000 3.066852 0.030000 3.067317 0.030000 5.842796 0.030000 6.039178 0.030000
7.402696 0.030000 7.492012 0.030000 8.538890 0.150000 8.708411 0.030000 5.263057 0.030000 5.312086 0.030000 3.188304 0.030000 2.973640 0.030000 3.977740 0.030000 4.048133 0.150000 5.870345 0.030000 6.071216 0.030000 6.922935 0.030000 7.040644 0.030000 3.226891 0.150000 3.223619 0.030000 1.567314 0.030000 1.661312 0.030000 6.100105 0.030000 6.269082 0.030000 4.103863 0.030000 4.246468 0.030000 7.105769 0.030000 7.348239 0.030000 1.906827 0.030000 1.799057 0.030000 4.923822 0.030000 5.128485 0.030000 1.423648 0.030000 1.613975 0.030000 4.156096 0.030000 4.417748 0.030000 2.940579 0.030000 3.057983 0.030000 5.772754 0.030000 5.981745 0.030000
7.318630 0.030000 7.418688 0.030000 8.471224 0.030000 8.608045 0.030000 5.267572 0.030000 5.224544 0.030000 3.165350 0.030000 3.101701 0.030000 3.944467 0.030000 4.400106 0.150000 5.832850 0.030000 5.927918 0.030000 6.764266 0.030000 6.993994 0.030000 2.873747 0.030000 3.062145 0.030000 2.245081 0.150000 1.560683 0.030000 5.945325 0.030000 6.144990 0.030000 4.133365 0.030000 4.149066 0.030000 7.020204 0.030000 7.182550 0.030000 1.914918 0.030000 1.869557 0.030000 4.754367 0.030000 5.002461 0.030000 1.300846 0.030000 1.480082 0.030000 4.106765 0.030000 4.222656 0.030000 2.831293 0.030000 2.978769 0.030000 5.663714 0.030000 5.842769 0.030000
7.189566 0.030000 7.382909 0.030000 8.293877 0.030000 8.516710 0.030000 5.261733 0.030000 5.300173 0.030000 3.236271 0.030000 3.159644 0.030000 3.839502 0.030000 3.991759 0.030000 5.694604 0.030000 5.787097 0.030000 6.670624 0.030000 6.872330 0.030000 2.790942 0.030000 3.019762 0.030000 1.802360 0.030000 1.648374 0.030000 5.907975 0.030000 6.088280 0.030000 4.055244 0.030000 4.117558 0.030000 6.880326 0.030000 7.098430 0.030000 1.930858 0.030000 1.887088 0.030000 4.714795 0.030000 4.877407 0.030000 1.222852 0.030000 1.314619 0.030000 4.002728 0.030000 4.129009 0.030000 2.737664 0.030000 2.892380 0.030000 5.554507 0.030000 5.694954 0.030000
7.037999 0.030000 7.247736 0.030000 8.188819 0.030000 8.358889 0.030000 5.309775 0.030000 5.259787 0.030000 4.194179 0.150000 3.154441 0.150000 3.794811 0.030000 3.921873 0.030000 5.657498 0.030000 5.751305 0.030000 6.584413 0.030000 6.756719 0.030000 2.646752 0.030000 2.850125 0.030000 1.859082 0.030000 1.752867 0.030000 5.681809 0.030000 5.953273 0.030000 4.113066 0.030000 4.095091 0.030000 6.976761 0.150000 6.954980 0.030000 2.025352 0.030000 1.945216 0.030000 4.552030 0.030000 4.746253 0.030000 1.158816 0.030000 1.302883 0.030000 3.912277 0.030000 4.065537 0.030000 2.610816 0.030000 2.780840 0.030000 5.427418 0.030000 5.588248 0.030000
6.932119 0.030000 7.101890 0.030000 8.152712 0.030000 8.258895 0.030000 5.385168 0.030000 5.230604 0.030000 3.392471 0.030000 3.310649 0.030000 3.676922 0.030000 3.804778 0.030000 5.636042 0.030000 5.718042 0.030000 6.407040 0.030000 6.918314 0.150000 3.135300 0.150000 2.709142 0.030000 1.973979 0.030000 1.847987 0.030000 5.640287 0.030000 5.813255 0.030000 4.155268 0.030000 4.108888 0.030000 6.696427 0.030000 6.853803 0.030000 2.005509 0.030000 1.974268 0.030000 4.437958 0.030000 4.613406 0.030000 1.146231 0.030000 1.322011 0.150000 3.894742 0.030000 4.001957 0.030000 2.546833 0.030000 2.714080 0.030000 5.310523 0.030000 5.503168 0.030000
6.865825 0.030000 7.017775 0.030000 8.031547 0.030000 8.179251 0.030000 5.378390 0.030000 5.370019 0.030000 3.504044 0.030000 3.364360 0.030000 3.625475 0.030000 3.739425 0.030000 5.531086 0.030000 5.641713 0.030000 6.266347 0.030000 6.483413 0.030000 3.079728 0.150000 2.593834 0.030000 2.088525 0.030000 1.935347 0.030000 5.571885 0.030000 5.906015 0.150000 4.230907 0.150000 4.148934 0.030000 6.623650 0.030000 6.794067 0.030000 2.063756 0.030000 1.939716 0.030000 4.257834 0.030000 4.535302 0.030000 1.066094 0.030000 1.170215 0.030000 3.766859 0.030000 3.939503 0.030000 2.420103 0.030000 2.592788 0.030000 5.234861 0.030000 5.402427 0.030000
6.725419 0.030000 6.941851 0.030000 8.318855 0.150000 8.065808 0.030000 5.483699 0.030000 5.369700 0.030000 3.595327 0.150000 3.407207 0.030000 3.514743 0.030000 3.692691 0.030000 5.577540 0.030000 5.539715 0.030000 6.188820 0.030000 6.837106 0.150000 2.307520 0.030000 2.560343 0.030000 2.194419 0.030000 2.025468 0.030000 5.382250 0.030000 5.610251 0.030000 4.147667 0.030000 4.155257 0.030000 6.520037 0.030000 6.684721 0.030000 2.146268 0.030000 2.090464 0.030000 4.199272 0.030000 4.417912 0.030000 1.067402 0.030000 1.116672 0.030000 3.753118 0.030000 3.833100 0.030000 2.812899 0.150000 2.492846 0.030000 5.128947 0.030000 5.298317 0.030000
6.612071 0.030000 6.797511 0.030000 7.854555 0.030000 7.971019 0.030000 5.447404 0.030000 5.356821 0.030000 3.534605 0.030000 3.458083 0.030000 3.473889 0.030000 3.602188 0.030000 5.462859 0.030000 5.564579 0.030000 6.039071 0.030000 6.230241 0.030000 2.200963 0.030000 2.526541 0.150000 2.312462 0.030000 2.092479 0.030000 5.297197 0.030000 5.554503 0.030000 4.243521 0.030000 4.126790 0.030000 6.401740 0.030000 6.565832 0.030000 2.185088 0.030000 2.072470 0.030000 4.071662 0.030000 4.239392 0.030000 1.030494 0.030000 1.033294 0.030000 3.691283 0.030000 3.734289 0.030000 2.210906 0.030000 2.409301 0.030000 5.018770 0.030000 5.230517 0.030000
6.487519 0.030000 6.707797 0.030000 7.671107 0.030000 7.921268 0.030000 5.537771 0.030000 5.498267 0.030000 3.653856 0.030000 3.469252 0.030000 3.461857 0.030000 3.566476 0.030000 5.359144 0.030000 5.269789 0.150000 6.367753 0.150000 6.148614 0.030000 2.076535 0.030000 2.285512 0.030000 2.916416 0.150000 2.234691 0.030000 5.214108 0.030000 5.344308 0.030000 4.349280 0.150000 4.161088 0.030000 6.295427 0.150000 6.504966 0.030000 2.260233 0.030000 2.192434 0.030000 3.916503 0.030000 4.128027 0.150000 1.080027 0.030000 1.025349 0.030000 3.560901 0.030000 3.676974 0.030000 2.062563 0.030000 2.209214 0.030000 4.898314 0.030000 5.100332 0.030000
6.393582 0.030000 6.604012 0.030000 7.606025 0.030000 7.824224 0.030000 5.571667 0.030000 5.452135 0.030000 3.764210 0.030000 3.625497 0.030000 3.370647 0.030000 3.432321 0.030000 5.392099 0.030000 5.444781 0.030000 5.831300 0.030000 5.968412 0.030000 2.010933 0.030000 2.210828 0.030000 2.519836 0.030000 2.372652 0.030000 5.026579 0.030000 5.267812 0.030000 4.280296 0.030000 4.176948 0.030000 6.220362 0.030000 6.401237 0.030000 2.316125 0.030000 2.211744 0.030000 3.867087 0.030000 4.015379 0.030000 1.110608 0.030000 1.033254 0.030000 3.547666 0.030000 3.597545 0.030000 1.982731 0.030000 2.147791 0.030000 5.176939 0.150000 5.026843 0.030000
6.278680 0.030000 6.474570 0.030000 7.515770 0.030000 7.664935 0.030000 5.543609 0.030000 5.522001 0.030000 3.787544 0.030000 3.692765 0.030000 3.254696 0.030000 3.345394 0.030000 5.352527 0.030000 5.387854 0.030000 5.700351 0.030000 5.851425 0.030000 1.903796 0.030000 2.053849 0.030000 2.661608 0.030000 2.428884 0.030000 4.960230 0.030000 5.116459 0.030000 4.273435 0.030000 4.263867 0.030000 6.188983 0.030000 6.276088 0.030000 2.379240 0.030000 2.288821 0.030000 3.641739 0.030000 3.796830 0.030000 1.125180 0.030000 1.039650 0.030000 3.599232 0.150000 3.505980 0.030000 1.829458 0.030000 2.028312 0.030000 4.799934 0.030000 4.845917 0.030000
6.237908 0.030000 6.389564 0.030000 7.499016 0.030000 7.535394 0.030000 5.673521 0.030000 5.632996 0.030000 3.809316 0.030000 3.760515 0.030000 3.196417 0.030000 3.526512 0.150000 5.963030 0.150000 5.392446 0.030000 5.617019 0.030000 5.783729 0.030000 1.801743 0.030000 1.935907 0.030000 2.774425 0.030000 2.639039 0.150000 4.807495 0.030000 5.066458 0.030000 4.323335 0.030000 4.232984 0.030000 6.008825 0.030000 6.169216 0.030000 2.448802 0.030000 2.345026 0.030000 3.608325 0.030000 3.758312 0.030000 1.128328 0.030000 1.243542 0.150000 3.685464 0.150000 3.519120 0.030000 1.755659 0.030000 1.944385 0.030000 4.616621 0.030000 4.742927 0.030000
6.057837 0.030000 6.323985 0.150000 7.308313 0.030000 7.525001 0.030000 5.740449 0.030000 5.640574 0.030000 3.949941 0.030000 3.868342 0.030000 3.169317 0.030000 3.216354 0.030000 5.233962 0.030000 5.372305 0.030000 5.427786 0.030000 5.559462 0.030000 1.659987 0.030000 1.859608 0.030000 2.882936 0.030000 2.714994 0.030000 4.681107 0.030000 4.952682 0.030000 4.427436 0.030000 4.347530 0.030000 5.962350 0.030000 6.116882 0.030000 2.563370 0.030000 2.416896 0.030000 3.442651 0.030000 3.622459 0.030000 1.222495 0.030000 1.225581 0.030000 3.347714 0.030000 3.435440 0.030000 1.662465 0.030000 1.797885 0.030000 5.120922 0.150000 4.662281 0.030000
5.955292 0.030000 6.176575 0.030000 7.229074 0.030000 7.400459 0.030000 5.898938 0.150000 5.663343 0.030000 4.069403 0.030000 3.990022 0.030000 3.134127 0.030000 3.219038 0.030000 5.353924 0.150000 5.260242 0.030000 5.289267 0.030000 5.514143 0.030000 1.765653 0.150000 1.754530 0.030000 3.000840 0.030000 2.789629 0.030000 4.594727 0.030000 4.781013 0.030000 4.459181 0.030000 4.354913 0.030000 5.841145 0.030000 6.005061 0.030000 2.674296 0.030000 2.467718 0.030000 3.373840 0.030000 3.507541 0.030000 1.319876 0.030000 1.221538 0.030000 3.262713 0.030000 3.360052 0.030000 1.594990 0.030000 1.738782 0.030000 4.456630 0.030000 4.920356 0.150000
5.863532 0.030000 6.017843 0.030000 7.167397 0.030000 7.315156 0.030000 5.801504 0.030000 5.770269 0.030000 4.087779 0.150000 3.979639 0.030000 3.112473 0.030000 3.180099 0.030000 5.199400 0.030000 5.279863 0.030000 5.187595 0.030000 5.384185 0.030000 1.499927 0.030000 1.697835 0.030000 3.083138 0.030000 2.951237 0.030000 4.525797 0.030000 4.689515 0.030000 4.454748 0.030000 4.424468 0.030000 5.746439 0.030000 6.194976 0.150000 2.701303 0.030000 2.556835 0.030000 3.233746 0.030000 3.446397 0.030000 1.429855 0.030000 1.321588 0.030000 3.827489 0.150000 3.323352 0.030000 1.434316 0.030000 1.618101 0.030000 4.345593 0.030000 4.647497 0.150000
5.698506 0.030000 6.538372 0.150000 7.043634 0.030000 7.211681 0.030000 6.522566 0.150000 5.791460 0.030000 4.680663 0.150000 4.074861 0.030000 3.082012 0.030000 3.207694 0.030000 5.141123 0.030000 6.554242 0.150000 5.071312 0.030000 5.288321 0.030000 1.391635 0.030000 1.521958 0.030000 3.227399 0.030000 3.234368 0.150000 4.390984 0.030000 4.594925 0.030000 4.510764 0.030000 4.490305 0.030000 5.633968 0.030000 5.725941 0.030000 2.789248 0.030000 3.115148 0.150000 3.313178 0.150000 3.260192 0.030000 1.521394 0.030000 1.312339 0.030000 3.263342 0.030000 3.288928 0.030000 1.411778 0.150000 1.489294 0.030000 4.302523 0.030000 4.396307 0.030000
5.616662 0.030000 5.798267 0.030000 6.975998 0.030000 7.072715 0.030000 5.941160 0.030000 5.870165 0.030000 4.337631 0.030000 4.158200 0.030000 2.951660 0.030000 3.109530 0.030000 5.180722 0.030000 5.216623 0.030000 4.956495 0.030000 5.107059 0.030000 1.320412 0.030000 1.431654 0.030000 3.322102 0.030000 3.176216 0.030000 4.277380 0.030000 4.460822 0.030000 4.554903 0.030000 4.494411 0.030000 5.608021 0.030000 5.770268 0.030000 2.876230 0.030000 2.775995 0.030000 3.005632 0.030000 3.199078 0.030000 1.532158 0.030000 1.482229 0.030000 3.108794 0.150000 3.231856 0.030000 1.199541 0.030000 1.429127 0.030000 4.266819 0.030000 4.324928 0.030000
5.518856 0.030000 5.734492 0.030000 6.915987 0.030000 8.085748 0.150000 6.053803 0.030000 5.980533 0.030000 4.467534 0.030000 4.299187 0.030000 2.980888 0.030000 3.022361 0.030000 5.181689 0.030000 5.168345 0.030000 4.804299 0.030000 5.062195 0.030000 1.251290 0.030000 1.397353 0.030000 3.480707 0.030000 3.276038 0.030000 4.221730 0.030000 4.337270 0.030000 4.680078 0.030000 4.591662 0.030000 5.477583 0.030000 5.644116 0.030000 2.981748 0.030000 2.857902 0.030000 2.871967 0.030000 3.077770 0.030000 1.650006 0.030000 1.510191 0.030000 3.114855 0.030000 3.225973 0.030000 1.190119 0.030000 1.299230 0.030000 4.047080 0.030000 4.196619 0.030000
5.441830 0.030000 5.611775 0.030000 6.823901 0.030000 7.002273 0.030000 6.052688 0.030000 6.439321 0.150000 4.526896 0.030000 4.387641 0.030000 2.989041 0.030000 3.024362 0.030000 5.089833 0.030000 6.442992 0.150000 5.222839 0.150000 5.028134 0.150000 1.176052 0.030000 1.314194 0.030000 3.569762 0.030000 3.394448 0.030000 4.054984 0.030000 4.427530 0.150000 4.737803 0.030000 4.623214 0.030000 5.383381 0.030000 5.520577 0.030000 3.107435 0.030000 2.961996 0.030000 2.789767 0.030000 2.950311 0.030000 1.780016 0.030000 1.608261 0.030000 3.103311 0.030000 3.073041 0.030000 1.137788 0.030000 1.245205 0.030000 3.988784 0.030000 4.165401 0.030000
5.362527 0.030000 5.390937 0.150000 6.684859 0.030000 6.846177 0.030000 6.119359 0.030000 6.001822 0.030000 4.648446 0.030000 4.487757 0.030000 3.074468 0.150000 3.036381 0.030000 5.110421 0.030000 5.076241 0.030000 4.638656 0.030000 4.804919 0.030000 1.110145 0.030000 1.210496 0.030000 3.705617 0.030000 3.503505 0.030000 3.936051 0.030000 4.122402 0.030000 5.019442 0.150000 4.652447 0.030000 5.359994 0.030000 5.429820 0.150000 3.193011 0.030000 3.030803 0.030000 2.804811 0.150000 2.827248 0.030000 1.878183 0.030000 1.696832 0.030000 3.107388 0.030000 3.450314 0.150000 1.071929 0.030000 1.176092 0.030000 3.875988 0.030000 4.021625 0.030000
5.248366 0.030000 5.420260 0.030000 6.907620 0.150000 6.747747 0.030000 6.217924 0.030000 6.194335 0.030000 4.722255 0.030000 4.606497 0.030000 2.915245 0.030000 2.985817 0.030000 5.052263 0.030000 5.120969 0.030000 4.668020 0.150000 4.664588 0.030000 1.072696 0.030000 1.111498 0.030000 3.842821 0.030000 3.629038 0.030000 3.901750 0.030000 4.713593 0.150000 4.800919 0.030000 4.734237 0.030000 5.241840 0.030000 5.352571 0.030000 3.260323 0.030000 3.156018 0.030000 2.550615 0.030000 2.704428 0.030000 1.939641 0.030000 1.788502 0.030000 3.085515 0.030000 3.093606 0.030000 1.085694 0.030000 1.147018 0.030000 3.872591 0.030000 3.943716 0.030000
5.139094 0.030000 5.547913 0.150000 6.544754 0.030000 6.721328 0.030000 6.326844 0.030000 6.189829 0.030000 4.829712 0.030000 4.702618 0.030000 2.957504 0.030000 2.966192 0.030000 5.110668 0.030000 5.118980 0.030000 4.360699 0.030000 4.514382 0.030000 1.019130 0.030000 1.099649 0.030000 3.953113 0.030000 3.757125 0.030000 3.753380 0.030000 3.910466 0.030000 5.187759 0.150000 4.735051 0.030000 5.255297 0.030000 5.319696 0.030000 3.449454 0.030000 3.255952 0.030000 2.409515 0.030000 2.925889 0.150000 1.976889 0.030000 1.897679 0.030000 3.393277 0.150000 3.067315 0.030000 0.998629 0.030000 1.081629 0.030000 3.764641 0.030000 3.841218 0.030000
5.010719 0.030000 5.184371 0.030000 6.485820 0.030000 6.622228 0.030000 6.367949 0.030000 6.312242 0.030000 4.903104 0.030000 4.754838 0.030000 2.931232 0.030000 2.947066 0.030000 5.059352 0.030000 5.477320 0.150000 4.180930 0.030000 4.401203 0.030000 1.025141 0.030000 1.069050 0.030000 4.024005 0.030000 4.154572 0.150000 3.605978 0.030000 3.802039 0.030000 4.973429 0.030000 4.890294 0.030000 5.095759 0.030000 5.222319 0.030000 3.551762 0.030000 3.355508 0.030000 2.265905 0.030000 2.433875 0.030000 2.129753 0.030000 2.032957 0.030000 3.034432 0.030000 3.090775 0.030000 1.066707 0.030000 1.894168 0.150000 3.717884 0.030000 3.843352 0.030000
4.866004 0.030000 5.160872 0.030000 6.421747 0.030000 6.512993 0.030000 6.445740 0.030000 6.375469 0.030000 4.960680 0.150000 4.861845 0.030000 2.943818 0.030000 2.891873 0.030000 5.087935 0.030000 5.077449 0.030000 4.129363 0.030000 4.255163 0.030000 0.994844 0.030000 1.028253 0.030000 4.193674 0.030000 3.949211 0.030000 3.500699 0.030000 3.701815 0.030000 5.077184 0.030000 4.905440 0.030000 5.306052 0.150000 5.115099 0.030000 3.589036 0.030000 3.491541 0.030000 2.220020 0.030000 2.273141 0.030000 2.415200 0.150000 2.143781 0.030000 3.019596 0.030000 3.078387 0.030000 0.981945 0.030000 1.026993 0.030000 3.779690 0.150000 3.738895 0.030000
4.836629 0.030000 4.996011 0.030000 7.924651 0.150000 6.540325 0.030000 6.550027 0.030000 6.406254 0.030000 5.091333 0.030000 4.994880 0.030000 2.920526 0.030000 2.897671 0.030000 5.294332 0.150000 5.040062 0.030000 3.982650 0.030000 4.149876 0.030000 1.100581 0.030000 1.000294 0.030000 4.273584 0.030000 4.091611 0.030000 3.474087 0.030000 3.606504 0.030000 5.168035 0.030000 5.043544 0.030000 4.930752 0.030000 5.087561 0.030000 3.711330 0.030000 3.571180 0.030000 2.070896 0.030000 2.258091 0.030000 2.377378 0.030000 2.208647 0.030000 3.028444 0.030000 2.967114 0.030000 0.980436 0.030000 1.020769 0.030000 3.551365 0.030000 3.696891 0.030000
4.720297 0.030000 4.836641 0.030000 6.301951 0.030000 6.412840 0.030000 6.629099 0.030000 6.472947 0.030000 5.487967 0.150000 5.066623 0.030000 2.927838 0.030000 2.942699 0.030000 5.199724 0.150000 5.047439 0.030000 3.868775 0.030000 4.153953 0.150000 1.165009 0.150000 1.072702 0.030000 4.493843 0.150000 4.196528 0.030000 3.284533 0.030000 3.469792 0.030000 5.254038 0.030000 6.767562 0.150000 4.852958 0.030000 4.981855 0.030000 4.314156 0.150000 3.699192 0.030000 1.977795 0.030000 2.116338 0.030000 2.496394 0.030000 2.283906 0.030000 3.038719 0.030000 3.041820 0.030000 1.601750 0.150000 1.018910 0.030000 3.515942 0.150000 3.610810 0.030000
4.649701 0.030000 4.884100 0.030000 6.218972 0.030000 6.236970 0.030000 6.640673 0.030000 6.556095 0.030000 5.369273 0.030000 5.158917 0.030000 2.961597 0.030000 2.935848 0.030000 5.129490 0.030000 5.060747 0.030000 3.676912 0.030000 3.928771 0.030000 1.188473 0.030000 1.072404 0.030000 4.577082 0.030000 4.322991 0.030000 3.244870 0.030000 3.369233 0.030000 5.285664 0.030000 5.222311 0.030000 4.816450 0.030000 4.926918 0.030000 3.955737 0.030000 3.810369 0.030000 1.932076 0.030000 2.014819 0.030000 2.609692 0.030000 2.420299 0.030000 4.233365 0.150000 3.049091 0.030000 1.087363 0.030000 0.994496 0.030000 3.441904 0.030000 3.552755 0.030000
4.545258 0.030000 4.800304 0.150000 6.078120 0.030000 6.137198 0.150000 6.766795 0.030000 6.637896 0.030000 5.426282 0.030000 5.786728 0.150000 2.984162 0.030000 2.849664 0.150000 5.085649 0.030000 5.047821 0.030000 3.609667 0.030000 3.801219 0.030000 1.101050 0.030000 1.081909 0.030000 4.680180 0.030000 4.498448 0.030000 3.053725 0.030000 3.289003 0.030000 5.369855 0.030000 5.287631 0.030000 4.682697 0.030000 4.861712 0.030000 4.383129 0.150000 3.946489 0.030000 1.773780 0.030000 1.943752 0.030000 2.758576 0.030000 2.570505 0.030000 3.045512 0.030000 3.038207 0.030000 1.193268 0.030000 1.042359 0.030000 3.313347 0.030000 3.405707 0.030000
4.449520 0.030000 4.590148 0.030000 6.025922 0.030000 6.148984 0.030000 6.828920 0.030000 6.732834 0.030000 5.532843 0.030000 5.363148 0.030000 2.980550 0.030000 2.951836 0.030000 5.102167 0.030000 5.092440 0.030000 3.511466 0.030000 3.710550 0.030000 1.221592 0.030000 1.132746 0.030000 4.805985 0.030000 4.616347 0.030000 3.516578 0.150000 3.173701 0.030000 5.449641 0.030000 5.332454 0.030000 4.630931 0.030000 4.819121 0.030000 4.177353 0.030000 3.973768 0.030000 1.669476 0.030000 1.818284 0.030000 2.868221 0.030000 2.616664 0.030000 3.126305 0.030000 3.033776 0.030000 1.210266 0.030000 1.118422 0.030000 3.327583 0.030000 3.407553 0.030000
4.376202 0.030000 4.572715 0.030000 5.921501 0.030000 6.045028 0.030000 6.875494 0.030000 6.846055 0.030000 5.633188 0.030000 5.525535 0.030000 3.123221 0.030000 3.608080 0.150000 5.105888 0.030000 5.067015 0.030000 3.395219 0.030000 3.574838 0.030000 1.303060 0.030000 1.520020 0.150000 4.882989 0.030000 4.701425 0.030000 2.909999 0.030000 3.029654 0.030000 5.870486 0.150000 5.350543 0.150000 4.650003 0.030000 4.685130 0.030000 4.259624 0.030000 4.076058 0.030000 1.500299 0.030000 1.719842 0.030000 2.974484 0.030000 2.753161 0.030000 3.137846 0.030000 2.963420 0.150000 1.339675 0.030000 1.202599 0.030000 3.287186 0.030000 3.372445 0.030000
4.223995 0.030000 4.420451 0.030000 5.922642 0.030000 5.995392 0.030000 7.014747 0.030000 6.888097 0.030000 5.728231 0.030000 5.577232 0.030000 3.018915 0.030000 3.069435 0.030000 5.117546 0.030000 5.144828 0.030000 3.268271 0.030000 3.484992 0.030000 1.507157 0.150000 1.262800 0.030000 4.773071 0.150000 4.838487 0.030000 2.824571 0.030000 3.003672 0.030000 5.655607 0.030000 5.536874 0.030000 4.567792 0.030000 4.623739 0.030000 4.410951 0.030000 4.206988 0.030000 1.444890 0.030000 1.627309 0.030000 3.104886 0.030000 2.901978 0.030000 3.154968 0.030000 3.073307 0.030000 1.413689 0.030000 1.276623 0.030000 3.185235 0.030000 3.304983 0.030000
4.199899 0.030000 4.312539 0.030000 5.856070 0.030000 5.924240 0.030000 7.135932 0.030000 6.965412 0.030000 5.887896 0.030000 5.720131 0.030000 3.179225 0.030000 3.101139 0.030000 5.196773 0.030000 5.161559 0.030000 3.155747 0.030000 3.341751 0.030000 1.442427 0.030000 1.336241 0.030000 5.165755 0.030000 4.949572 0.030000 2.751511 0.030000 2.881476 0.030000 5.690341 0.030000 5.539469 0.030000 4.476617 0.030000 4.605911 0.030000 4.543621 0.030000 4.309435 0.030000 1.398947 0.030000 1.488850 0.030000 3.198611 0.030000 3.009412 0.030000 3.197274 0.030000 3.150933 0.030000 1.494604 0.030000 1.201130 0.150000 3.168507 0.030000 3.219256 0.150000
4.123174 0.030000 4.231601 0.030000 5.759707 0.030000 5.882156 0.030000 7.202574 0.030000 7.053803 0.030000 5.952080 0.030000 5.783825 0.030000 3.217870 0.030000 3.116572 0.030000 5.223628 0.030000 5.520431 0.150000 3.041853 0.030000 3.191102 0.030000 1.612537 0.030000 1.441296 0.030000 5.207580 0.030000 5.085999 0.030000 2.687194 0.030000 2.799524 0.030000 5.746846 0.030000 5.601452 0.030000 4.485236 0.030000 4.562869 0.150000 4.637738 0.030000 4.465041 0.030000 1.064579 0.150000 1.443184 0.030000 3.259285 0.030000 3.122776 0.030000 3.240160 0.030000 3.181009 0.030000 1.550204 0.030000 1.391923 0.030000 3.131624 0.030000 3.159378 0.030000
4.066712 0.030000 4.165199 0.030000 5.696594 0.030000 5.813917 0.030000 7.296826 0.030000 7.107570 0.030000 6.062320 0.030000 6.023205 0.150000 3.206424 0.030000 3.178792 0.030000 5.239329 0.030000 5.191975 0.030000 2.858422 0.030000 3.071152 0.030000 1.707212 0.150000 1.483784 0.030000 5.362615 0.030000 5.174395 0.030000 2.595869 0.030000 2.797368 0.030000 5.858574 0.030000 5.733745 0.030000 4.527249 0.150000 4.409960 0.030000 4.744133 0.030000 4.591133 0.030000 1.213315 0.030000 1.316179 0.150000 3.445677 0.030000 3.973097 0.150000 3.263465 0.030000 3.242090 0.030000 1.638667 0.030000 1.525473 0.030000 3.128306 0.030000 3.165798 0.030000
3.965856 0.030000 4.110901 0.030000 5.769345 0.150000 5.716460 0.030000 7.363811 0.030000 7.237729 0.030000 6.209166 0.030000 6.024539 0.030000 3.356465 0.150000 3.181766 0.030000 5.217388 0.030000 5.229622 0.030000 2.806179 0.030000 2.949810 0.030000 1.688859 0.030000 1.609544 0.030000 5.502135 0.030000 5.638412 0.150000 2.516573 0.030000 2.634075 0.030000 5.933792 0.030000 5.864271 0.030000 4.315130 0.030000 4.408607 0.030000 4.853150 0.030000 4.645312 0.030000 1.145336 0.030000 1.300387 0.030000 3.834827 0.150000 3.363440 0.030000 3.346785 0.030000 3.272620 0.030000 1.752670 0.030000 1.600704 0.030000 3.040974 0.030000 3.119295 0.030000
3.877398 0.030000 4.060726 0.030000 5.588283 0.030000 5.675017 0.030000 7.467338 0.030000 7.327693 0.030000 6.304898 0.030000 6.099289 0.030000 3.334246 0.030000 3.227755 0.030000 5.285774 0.030000 5.381014 0.150000 2.654659 0.030000 2.861348 0.030000 1.891870 0.030000 1.745605 0.030000 5.623990 0.030000 5.486953 0.030000 2.698080 0.150000 2.537757 0.030000 6.048764 0.030000 5.917306 0.030000 4.269185 0.030000 4.391702 0.030000 4.997374 0.030000 4.788850 0.030000 1.118725 0.030000 1.380295 0.150000 3.697300 0.030000 3.460180 0.030000 3.382746 0.030000 3.307732 0.030000 1.846009 0.030000 1.706104 0.030000 3.350853 0.150000 3.118478 0.030000
3.839903 0.030000 3.841153 0.030000 5.539167 0.030000 5.614798 0.030000 7.603979 0.030000 7.389751 0.030000 6.411267 0.030000 6.247726 0.030000 3.364814 0.030000 3.292696 0.030000 5.242680 0.030000 5.237237 0.030000 2.559099 0.030000 2.757638 0.030000 1.975668 0.030000 1.780582 0.030000 5.742768 0.030000 5.529310 0.030000 2.307508 0.030000 2.446072 0.030000 6.155434 0.030000 6.017222 0.030000 4.162120 0.030000 4.266569 0.030000 5.076797 0.030000 4.884162 0.030000 1.034942 0.030000 1.122992 0.030000 3.779208 0.030000 3.580432 0.030000 3.446331 0.030000 3.382598 0.030000 1.923247 0.030000 1.805586 0.030000 3.012757 0.030000 3.100048 0.030000
3.774188 0.030000 3.826453 0.030000 5.549030 0.030000 5.533356 0.030000 7.690925 0.030000 7.457584 0.030000 7.142396 0.150000 6.283943 0.030000 4.292818 0.150000 3.420600 0.030000 5.342670 0.030000 5.304341 0.030000 2.403066 0.030000 2.617815 0.030000 2.102003 0.030000 1.898637 0.030000 5.887067 0.030000 5.624289 0.030000 2.246090 0.030000 2.421582 0.030000 6.255008 0.030000 6.108834 0.030000 4.170065 0.030000 4.241505 0.030000 5.205988 0.030000 5.001473 0.030000 1.026073 0.030000 1.077719 0.030000 3.888573 0.030000 3.678202 0.030000 3.617122 0.150000 3.413633 0.030000 2.100544 0.030000 1.889060 0.030000 4.111967 0.150000 2.994187 0.030000
3.679671 0.030000 3.762449 0.030000 5.439935 0.030000 5.452907 0.030000 7.776612 0.030000 7.631057 0.030000 6.673357 0.030000 6.492815 0.030000 3.533063 0.030000 3.427814 0.030000 5.342949 0.030000 5.308425 0.030000 2.644596 0.150000 4.173581 0.150000 2.189023 0.030000 2.032139 0.030000 5.996926 0.030000 5.862478 0.030000 2.176182 0.030000 2.397918 0.030000 6.354900 0.030000 6.203643 0.150000 4.178977 0.030000 4.208653 0.030000 5.263894 0.030000 5.131077 0.030000 0.996617 0.030000 1.051491 0.030000 4.007564 0.030000 3.840702 0.030000 3.559085 0.030000 3.493675 0.030000 2.195268 0.030000 1.958483 0.030000 3.042234 0.030000 3.159017 0.150000
3.590974 0.030000 3.678715 0.030000 6.124380 0.150000 5.452118 0.030000 7.825696 0.030000 7.710542 0.030000 6.750304 0.030000 6.522529 0.030000 3.592241 0.030000 3.501260 0.030000 5.384431 0.030000 5.377447 0.030000 2.204263 0.030000 2.357762 0.030000 2.308603 0.030000 2.115609 0.030000 6.127424 0.030000 5.949931 0.030000 2.582648 0.150000 2.212035 0.030000 6.486453 0.030000 6.835003 0.150000 4.172896 0.030000 4.163334 0.030000 5.375609 0.030000 5.270578 0.030000 1.055468 0.030000 1.307006 0.150000 4.158675 0.030000 3.936086 0.030000 3.677524 0.030000 3.449841 0.030000 2.295798 0.030000 2.142354 0.030000 2.971696 0.030000 3.077622 0.030000
3.409258 0.150000 3.663739 0.030000 5.347845 0.030000 5.425195 0.030000 7.927984 0.030000 7.750803 0.030000 6.829687 0.030000 6.635632 0.030000 3.977630 0.150000 3.557162 0.030000 5.428774 0.030000 5.377256 0.030000 2.069522 0.030000 2.275184 0.030000 2.393035 0.030000 2.577189 0.150000 6.261213 0.030000 6.054702 0.030000 2.095452 0.030000 2.204929 0.030000 6.545351 0.030000 6.390380 0.030000 4.066786 0.030000 4.164606 0.030000 6.314672 0.150000 5.447609 0.030000 1.021426 0.030000 1.022055 0.030000 4.278843 0.030000 4.094141 0.030000 4.454315 0.150000 4.009728 0.150000 2.397959 0.030000 2.250688 0.030000 3.044165 0.030000 3.018040 0.030000
3.466651 0.030000 3.546188 0.030000 5.285299 0.030000 5.353825 0.030000 8.044378 0.030000 7.866730 0.030000 6.968863 0.030000 6.795244 0.030000 3.752831 0.030000 3.610591 0.030000 6.256772 0.150000 5.466718 0.030000 1.972483 0.030000 2.133594 0.030000 3.235423 0.150000 2.342989 0.030000 6.375925 0.030000 6.146450 0.030000 2.205898 0.150000 2.148907 0.030000 6.650463 0.030000 6.485297 0.030000 4.105675 0.030000 4.111300 0.030000 5.672757 0.030000 5.470843 0.030000 1.021780 0.030000 1.308173 0.150000 4.335626 0.030000 4.126693 0.030000 3.694004 0.150000 3.670237 0.030000 2.510902 0.030000 2.352683 0.030000 2.965051 0.030000 2.987429 0.030000
3.390410 0.030000 3.536406 0.030000 5.305340 0.030000 5.336035 0.030000 8.135942 0.030000 7.938621 0.030000 7.058882 0.030000 6.822526 0.030000 3.861146 0.030000 3.745000 0.030000 5.810791 0.150000 5.473906 0.030000 1.931355 0.030000 2.087942 0.030000 2.564821 0.030000 2.436095 0.030000 6.410668 0.030000 6.230150 0.030000 2.065456 0.030000 2.100772 0.030000 6.722667 0.030000 6.541261 0.030000 4.022199 0.030000 4.113248 0.030000 5.755035 0.030000 5.608644 0.030000 1.133335 0.030000 1.088184 0.030000 4.531137 0.150000 4.275296 0.030000 3.829683 0.030000 3.713308 0.030000 2.908408 0.150000 2.472919 0.030000 3.150895 0.150000 3.017498 0.030000
3.369242 0.030000 3.476542 0.030000 5.200455 0.030000 5.244507 0.030000 8.193538 0.030000 7.967231 0.030000 7.175239 0.030000 6.941458 0.030000 3.863858 0.030000 3.735404 0.030000 5.592683 0.030000 5.511472 0.030000 1.792049 0.030000 2.052325 0.030000 2.658518 0.030000 2.537139 0.030000 6.898348 0.150000 6.364980 0.030000 1.976335 0.150000 2.062781 0.030000 6.768768 0.030000 6.614856 0.030000 4.043751 0.030000 4.127903 0.030000 5.800744 0.030000 5.561213 0.030000 1.099046 0.030000 1.038218 0.030000 4.554700 0.030000 4.393100 0.030000 3.876852 0.030000 3.754229 0.030000 2.647290 0.030000 2.469478 0.030000 3.035727 0.030000 3.015772 0.030000
3.325456 0.030000 3.531047 0.150000 5.185662 0.030000 6.501903 0.150000 8.204257 0.030000 8.006684 0.030000 7.165891 0.030000 7.035576 0.030000 4.005517 0.150000 3.961557 0.150000 5.611370 0.030000 5.523032 0.030000 1.780278 0.030000 1.951103 0.030000 2.764387 0.030000 2.559698 0.030000 6.609283 0.030000 6.420346 0.030000 1.999418 0.030000 2.064281 0.030000 6.844769 0.030000 6.769080 0.150000 4.017043 0.030000 4.096879 0.030000 5.967166 0.030000 5.740747 0.030000 1.143220 0.030000 1.044363 0.030000 4.648464 0.030000 4.452124 0.030000 3.965458 0.030000 3.829895 0.030000 2.783700 0.030000 2.543009 0.030000 3.073528 0.030000 3.044411 0.030000
3.319000 0.030000 3.405948 0.030000 5.184187 0.030000 5.301910 0.030000 8.299530 0.030000 8.115143 0.030000 7.534876 0.150000 7.079815 0.030000 4.029688 0.030000 3.802318 0.030000 5.675826 0.030000 5.599907 0.030000 2.373155 0.150000 1.929512 0.030000 2.854830 0.030000 2.626918 0.030000 6.696975 0.030000 6.543085 0.030000 1.933371 0.030000 2.004679 0.030000 6.882116 0.030000 6.702735 0.030000 4.371248 0.150000 4.035499 0.030000 5.977216 0.030000 5.776745 0.030000 1.215664 0.030000 1.313481 0.150000 4.683952 0.030000 4.484700 0.030000 3.940650 0.030000 3.879820 0.030000 2.840315 0.030000 2.575198 0.030000 3.057868 0.030000 3.029713 0.030000
3.300242 0.030000 3.364162 0.030000 5.150395 0.030000 5.223226 0.030000 8.315904 0.030000 8.115424 0.030000 7.308066 0.030000 7.105383 0.030000 4.017266 0.030000 3.893974 0.030000 6.481402 0.150000 5.549370 0.030000 1.900814 0.150000 1.842445 0.030000 2.851092 0.030000 2.672762 0.030000 6.775875 0.030000 6.535026 0.030000 2.035030 0.030000 2.412075 0.150000 6.951148 0.030000 6.722855 0.030000 4.027985 0.030000 4.063752 0.030000 5.973508 0.030000 5.826576 0.030000 1.210997 0.030000 1.115994 0.030000 4.736157 0.030000 4.570013 0.030000 4.045272 0.030000 4.086147 0.150000 2.831519 0.030000 2.681184 0.030000 3.042028 0.030000 3.052348 0.030000
3.284526 0.030000 3.328849 0.030000 5.158605 0.030000 5.203422 0.030000 8.357652 0.030000 8.201840 0.030000 7.338045 0.030000 7.175269 0.030000 4.036034 0.030000 3.901804 0.150000 5.758322 0.030000 5.630797 0.030000 1.625641 0.030000 1.786673 0.030000 2.882632 0.030000 2.728643 0.030000 6.792170 0.030000 6.622515 0.030000 1.964940 0.030000 2.012901 0.030000 6.956545 0.030000 6.773872 0.030000 4.072568 0.030000 4.041836 0.030000 6.066620 0.030000 5.923623 0.030000 1.296944 0.030000 1.131472 0.030000 4.820871 0.030000 4.632975 0.030000 4.061264 0.030000 3.929910 0.030000 3.653452 0.150000 2.685275 0.030000 3.035558 0.030000 3.013648 0.030000
3.275127 0.030000 3.352111 0.030000 5.115633 0.030000 5.208900 0.030000 8.368990 0.030000 8.230225 0.030000 7.406859 0.030000 7.226818 0.030000 4.076351 0.030000 4.316403 0.150000 6.212597 0.150000 5.623550 0.030000 1.585024 0.030000 1.748139 0.030000 2.941981 0.030000 2.754980 0.030000 6.837890 0.030000 6.501184 0.150000 2.108666 0.150000 2.055559 0.030000 7.021258 0.030000 6.823598 0.030000 4.036327 0.030000 4.041551 0.030000 6.127156 0.030000 5.867517 0.030000 1.269730 0.030000 1.174614 0.030000 4.890610 0.030000 4.596154 0.150000 4.088349 0.030000 3.913010 0.030000 2.976709 0.030000 2.753862 0.030000 3.046823 0.030000 3.040252 0.030000
3.226555 0.030000 3.356368 0.030000 5.620114 0.150000 5.559044 0.150000 8.439174 0.030000 8.266922 0.030000 7.424695 0.030000 7.258279 0.030000 4.113604 0.030000 3.980932 0.150000 5.723161 0.030000 5.614851 0.030000 1.605869 0.030000 1.745675 0.030000 2.960010 0.030000 2.765934 0.150000 6.848238 0.030000 6.625399 0.030000 1.920023 0.030000 1.989422 0.030000 7.070287 0.030000 6.875486 0.030000 4.057172 0.030000 4.219971 0.150000 6.140655 0.030000 5.938723 0.030000 1.463454 0.150000 1.180985 0.030000 5.009694 0.150000 4.687469 0.030000 4.147935 0.030000 3.952725 0.030000 2.728627 0.150000 2.794605 0.030000 3.114030 0.030000 3.083513 0.030000
3.226092 0.030000 3.257145 0.030000 5.068987 0.030000 5.193110 0.030000 8.440674 0.030000 8.314005 0.030000 7.490933 0.030000 7.221943 0.030000 4.147468 0.030000 3.967837 0.030000 5.733273 0.030000 5.692812 0.030000 1.999123 0.150000 1.734855 0.030000 2.994684 0.030000 2.855117 0.030000 6.874242 0.030000 6.733421 0.030000 1.971004 0.030000 2.269135 0.150000 7.014556 0.030000 6.915569 0.030000 3.974277 0.030000 4.009241 0.030000 6.162052 0.030000 6.442455 0.150000 1.299523 0.030000 1.198900 0.030000 4.895614 0.030000 4.759802 0.030000 3.987226 0.150000 4.001867 0.030000 3.031576 0.030000 3.534449 0.150000 3.102229 0.030000 3.102126 0.030000
3.283609 0.030000 3.222524 0.030000 5.032980 0.030000 5.159418 0.030000 8.756589 0.150000 8.304566 0.030000 7.530176 0.030000 8.388499 0.150000 4.298170 0.030000 4.092528 0.030000 5.743733 0.030000 5.711287 0.030000 1.455657 0.030000 1.634823 0.150000 3.320054 0.150000 2.931743 0.030000 6.880897 0.030000 6.741830 0.030000 2.059129 0.030000 1.947912 0.030000 7.024848 0.030000 7.181926 0.150000 3.920582 0.030000 4.025159 0.030000 6.233248 0.030000 6.061721 0.030000 1.324856 0.030000 1.325586 0.030000 4.968213 0.030000 4.789163 0.030000 4.085321 0.030000 4.036943 0.030000 3.087147 0.030000 2.844801 0.030000 3.028195 0.030000 3.071366 0.030000
3.442868 0.030000 3.313019 0.030000 4.933446 0.030000 5.089363 0.030000 8.459183 0.030000 8.418148 0.030000 7.636751 0.030000 7.405000 0.030000 4.288368 0.030000 4.136087 0.030000 5.615929 0.030000 5.756026 0.030000 1.330758 0.030000 1.549340 0.030000 3.061550 0.030000 3.006608 0.030000 6.968722 0.030000 7.429225 0.150000 2.138047 0.030000 2.038451 0.030000 7.011616 0.030000 7.047468 0.030000 3.859125 0.150000 4.021738 0.030000 6.294744 0.030000 6.182431 0.030000 1.247464 0.030000 1.297702 0.030000 4.925344 0.030000 4.900013 0.030000 4.041237 0.030000 4.101388 0.030000 3.125714 0.030000 3.008775 0.030000 2.927099 0.030000 3.054117 0.030000
3.516690 0.030000 3.314890 0.030000 4.805180 0.030000 4.987297 0.030000 8.371792 0.030000 8.474218 0.030000 7.704957 0.030000 7.545234 0.030000 4.444163 0.030000 4.213700 0.030000 5.532118 0.030000 5.669657 0.030000 1.291239 0.030000 1.439152 0.030000 3.002360 0.030000 3.035015 0.030000 6.915905 0.030000 6.934844 0.030000 2.282426 0.030000 2.053716 0.030000 6.985861 0.030000 7.027782 0.030000 3.687820 0.030000 3.885256 0.030000 6.355921 0.030000 6.234719 0.030000 1.210706 0.030000 1.240766 0.030000 5.009771 0.030000 4.983653 0.030000 3.972247 0.030000 4.093505 0.030000 3.233851 0.030000 3.086250 0.030000 2.834544 0.030000 3.000719 0.030000
4.186666 0.150000 3.444473 0.030000 4.714058 0.030000 5.113710 0.150000 8.298807 0.030000 8.431504 0.030000 7.790639 0.030000 7.593046 0.030000 4.518345 0.030000 4.340752 0.030000 5.412878 0.030000 6.503252 0.150000 1.193274 0.030000 1.257717 0.150000 3.010629 0.030000 3.040282 0.030000 6.958699 0.030000 6.929796 0.030000 2.389437 0.030000 2.190294 0.030000 6.969251 0.030000 7.025909 0.030000 3.616148 0.030000 3.767715 0.030000 6.449278 0.030000 6.322608 0.030000 1.106801 0.030000 1.261817 0.150000 4.877155 0.030000 4.945113 0.030000 3.916575 0.030000 4.008357 0.150000 3.249047 0.030000 3.209804 0.030000 2.727077 0.030000 2.852248 0.030000
3.725198 0.030000 3.622371 0.150000 4.593089 0.030000 4.742042 0.030000 8.219453 0.030000 8.314521 0.030000 7.763198 0.030000 7.653588 0.030000 4.593888 0.030000 4.463136 0.030000 5.361333 0.030000 5.456562 0.030000 1.116333 0.030000 0.824099 0.150000 2.951361 0.030000 3.025255 0.030000 7.008240 0.030000 6.945053 0.030000 2.536352 0.030000 2.295272 0.030000 6.857449 0.030000 6.958963 0.030000 3.448484 0.030000 3.615234 0.030000 6.468675 0.030000 6.424667 0.030000 1.056044 0.030000 1.214666 0.030000 4.976247 0.030000 4.975817 0.030000 3.878243 0.030000 3.908383 0.030000 3.385671 0.030000 3.276976 0.030000 2.557380 0.030000 2.819133 0.030000
3.808483 0.030000 3.665051 0.030000 4.451089 0.030000 4.662984 0.030000 8.137435 0.030000 8.281062 0.030000 7.857295 0.030000 7.764822 0.030000 4.733562 0.030000 4.487987 0.030000 5.307715 0.030000 5.371937 0.030000 1.112774 0.030000 1.201752 0.030000 3.032674 0.030000 3.034677 0.030000 7.459853 0.150000 6.923319 0.030000 2.670680 0.030000 2.471772 0.030000 6.833988 0.030000 6.968188 0.030000 3.283922 0.030000 3.547052 0.030000 6.569456 0.030000 6.464651 0.030000 1.066440 0.030000 1.116090 0.030000 4.965594 0.030000 4.955704 0.030000 4.093252 0.150000 3.901990 0.030000 3.439906 0.030000 3.309705 0.030000 2.502558 0.030000 2.664206 0.030000
3.985540 0.030000 3.777843 0.030000 4.630992 0.150000 4.512949 0.030000 8.103705 0.030000 9.282210 0.150000 7.972620 0.030000 8.125689 0.150000 4.960693 0.150000 4.612220 0.030000 5.152937 0.030000 5.348030 0.030000 0.983520 0.030000 1.126804 0.030000 3.020598 0.030000 3.009330 0.030000 6.994959 0.030000 6.915147 0.030000 2.763772 0.030000 2.571870 0.030000 6.726965 0.030000 6.923270 0.030000 3.206966 0.030000 3.467490 0.030000 7.375842 0.150000 6.494918 0.030000 1.028852 0.030000 1.089919 0.030000 4.937253 0.030000 4.941465 0.030000 3.693256 0.030000 3.770826 0.030000 3.464429 0.030000 4.162695 0.150000 2.399980 0.030000 2.545682 0.030000
4.068051 0.030000 3.912765 0.030000 4.210685 0.030000 4.370401 0.030000 8.086113 0.030000 8.177037 0.030000 8.056969 0.030000 7.881985 0.030000 5.552718 0.150000 4.789283 0.030000 4.972836 0.030000 5.225183 0.030000 0.956422 0.030000 1.083214 0.030000 3.006209 0.030000 2.917041 0.030000 7.007540 0.030000 6.951137 0.030000 2.886177 0.030000 2.690989 0.030000 6.677899 0.030000 6.811585 0.030000 3.093676 0.030000 3.237400 0.030000 6.668438 0.030000 6.570430 0.030000 0.960755 0.030000 1.056110 0.030000 4.975176 0.030000 4.945991 0.030000 3.597090 0.030000 3.750058 0.030000 3.585036 0.030000 3.417846 0.030000 2.246526 0.030000 2.493873 0.030000
4.651306 0.150000 4.049541 0.030000 4.125394 0.030000 4.242647 0.030000 8.027907 0.030000 8.069347 0.030000 8.089009 0.030000 8.005681 0.030000 5.104317 0.150000 4.873624 0.030000 4.916537 0.030000 5.122115 0.030000 1.073132 0.030000 1.016832 0.030000 3.023644 0.030000 2.988842 0.030000 6.908163 0.030000 6.958879 0.030000 3.017269 0.030000 2.791944 0.030000 6.694538 0.030000 6.695681 0.030000 2.948745 0.030000 3.157330 0.030000 6.723218 0.030000 6.614453 0.030000 1.006411 0.030000 1.013847 0.030000 4.951550 0.030000 4.995428 0.030000 3.603637 0.030000 3.666146 0.030000 3.603282 0.030000 3.557067 0.030000 2.196959 0.030000 2.332468 0.030000
4.345470 0.030000 4.110822 0.030000 3.934953 0.030000 4.152984 0.150000 7.909251 0.030000 8.601868 0.150000 8.158161 0.030000 8.048833 0.030000 5.139221 0.030000 4.940741 0.030000 5.264124 0.150000 4.956601 0.030000 1.054215 0.030000 1.215823 0.150000 2.982877 0.030000 3.564431 0.150000 6.981706 0.030000 6.926214 0.030000 3.186991 0.030000 2.933134 0.030000 6.606614 0.030000 6.719734 0.030000 2.832857 0.030000 3.361310 0.150000 6.721440 0.030000 6.682309 0.030000 1.029117 0.030000 0.997654 0.030000 5.164778 0.150000 4.987046 0.030000 3.466751 0.030000 3.554704 0.030000 3.717759 0.030000 3.580622 0.030000 2.022119 0.030000 2.231835 0.030000
4.432788 0.030000 4.251883 0.030000 3.877380 0.030000 4.047597 0.030000 7.905942 0.030000 7.966230 0.030000 8.508753 0.150000 8.080950 0.030000 5.198685 0.030000 5.041797 0.030000 4.758819 0.030000 4.984498 0.030000 1.041540 0.030000 1.005141 0.030000 2.996405 0.030000 3.005242 0.030000 6.986902 0.030000 6.929684 0.030000 3.238172 0.030000 3.046241 0.030000 6.591269 0.030000 6.588474 0.030000 2.772715 0.030000 2.908496 0.030000 6.836299 0.030000 6.732759 0.030000 1.099702 0.030000 1.027947 0.030000 5.349926 0.150000 4.970289 0.030000 3.422742 0.030000 3.538223 0.030000 3.800046 0.030000 3.737684 0.030000 1.978418 0.030000 2.154344 0.030000
4.524321 0.030000 4.372996 0.030000 3.771312 0.030000 3.973736 0.030000 7.873903 0.030000 7.904348 0.030000 8.223160 0.030000 8.165383 0.030000 5.341610 0.030000 5.109360 0.030000 4.661418 0.030000 4.909766 0.030000 1.108599 0.030000 1.039487 0.030000 3.088100 0.030000 2.997369 0.030000 6.948680 0.030000 6.947214 0.030000 3.283153 0.030000 3.158294 0.030000 6.552660 0.030000 6.546564 0.030000 2.638081 0.030000 2.802771 0.030000 6.885599 0.030000 6.792347 0.030000 1.094443 0.030000 1.058101 0.030000 5.021740 0.030000 4.938373 0.030000 3.383258 0.030000 3.491069 0.030000 3.827060 0.030000 3.702183 0.030000 1.828895 0.030000 2.530216 0.150000
4.655364 0.030000 4.389503 0.030000 3.650036 0.030000 4.250006 0.150000 7.815088 0.030000 7.851721 0.030000 8.315293 0.030000 8.193969 0.030000 5.317426 0.030000 5.265339 0.030000 4.607074 0.030000 4.732270 0.030000 1.133472 0.030000 1.087688 0.030000 3.054081 0.030000 2.973197 0.030000 6.942729 0.030000 7.002051 0.030000 3.432257 0.030000 3.205901 0.030000 6.496026 0.030000 6.555470 0.030000 2.565977 0.030000 2.768183 0.030000 6.930844 0.030000 6.859103 0.030000 1.096186 0.030000 1.041065 0.030000 4.970790 0.030000 4.996770 0.030000 3.360058 0.030000 3.454959 0.030000 3.947294 0.030000 3.917677 0.150000 1.824146 0.030000 1.997753 0.030000
4.680420 0.030000 4.485658 0.030000 3.589962 0.030000 3.824361 0.030000 7.782906 0.030000 7.923555 0.030000 8.329653 0.030000 8.455662 0.150000 5.444553 0.030000 5.189912 0.030000 4.314586 0.150000 4.702285 0.030000 1.208127 0.150000 1.035740 0.030000 3.077831 0.030000 3.041567 0.030000 6.980820 0.030000 6.970746 0.030000 3.681097 0.150000 3.299534 0.030000 6.494247 0.030000 6.534702 0.030000 2.521007 0.030000 2.658376 0.030000 6.942816 0.030000 6.893465 0.030000 1.194179 0.030000 1.052818 0.150000 5.012170 0.030000 4.975367 0.030000 3.290413 0.030000 3.407462 0.030000 3.997229 0.030000 3.820751 0.030000 1.698920 0.030000 1.955883 0.030000
5.537810 0.150000 4.570810 0.030000 3.526739 0.030000 3.746005 0.030000 7.743685 0.030000 7.834530 0.030000 8.419941 0.030000 8.252689 0.030000 5.509015 0.030000 5.339573 0.030000 4.567663 0.030000 5.256644 0.150000 1.199982 0.030000 1.105424 0.030000 3.035102 0.030000 2.990151 0.030000 6.965993 0.030000 6.975620 0.030000 3.579240 0.030000 3.330387 0.030000 6.420008 0.030000 6.473149 0.030000 2.452163 0.030000 2.634720 0.030000 6.998951 0.030000 6.852688 0.030000 1.177696 0.030000 1.032975 0.030000 4.958936 0.030000 4.957111 0.030000 3.300914 0.030000 3.397299 0.030000 4.025400 0.030000 3.833919 0.030000 1.708572 0.030000 1.796115 0.030000
4.791563 0.030000 4.583862 0.030000 3.519116 0.030000 3.679161 0.030000 7.728387 0.030000 7.860061 0.150000 8.421265 0.030000 8.329578 0.030000 5.512816 0.030000 5.371477 0.030000 4.504116 0.030000 5.047675 0.150000 1.209583 0.030000 1.127080 0.030000 3.117879 0.030000 2.993499 0.030000 7.002859 0.030000 6.992475 0.030000 3.643713 0.030000 3.380335 0.030000 6.466897 0.030000 6.533666 0.030000 2.355054 0.030000 2.551272 0.030000 7.018513 0.030000 6.883487 0.030000 1.173288 0.030000 1.083767 0.030000 4.986512 0.030000 4.985316 0.030000 3.313442 0.030000 3.334689 0.030000 3.976371 0.030000 3.909489 0.030000 1.742206 0.030000 1.824665 0.030000
4.807439 0.030000 4.682205 0.030000 3.415868 0.030000 3.438595 0.150000 7.754066 0.030000 7.777989 0.030000 8.453394 0.030000 8.381771 0.030000 5.552925 0.030000 5.406473 0.030000 5.008843 0.150000 4.689774 0.150000 1.247742 0.030000 1.168383 0.030000 3.115365 0.030000 3.055134 0.030000 7.021764 0.030000 6.970076 0.030000 3.691987 0.030000 3.452587 0.030000 6.411387 0.030000 6.504727 0.030000 2.340671 0.030000 2.503722 0.030000 7.085691 0.030000 6.901472 0.030000 1.276720 0.150000 1.146849 0.030000 5.007272 0.030000 4.967146 0.030000 3.285576 0.030000 3.339291 0.030000 4.103467 0.030000 3.950746 0.030000 2.474126 0.150000 1.805273 0.030000
4.823788 0.030000 4.686354 0.030000 3.346406 0.030000 3.511816 0.030000 7.713318 0.030000 7.782747 0.030000 8.442162 0.030000 8.373258 0.030000 5.619002 0.030000 5.822827 0.150000 4.447517 0.030000 4.617846 0.030000 1.496677 0.150000 1.175518 0.030000 3.081500 0.030000 3.043831 0.030000 7.021537 0.030000 6.964996 0.030000 3.672457 0.030000 4.176874 0.150000 6.359965 0.030000 6.434322 0.030000 2.291549 0.030000 2.458982 0.030000 7.083741 0.030000 6.989467 0.030000 1.289645 0.030000 1.179786 0.030000 5.447763 0.150000 4.954163 0.030000 3.255546 0.030000 3.328165 0.030000 4.154044 0.030000 3.989744 0.030000 1.605738 0.150000 1.708224 0.030000
4.942269 0.030000 4.727527 0.030000 3.372441 0.030000 3.619029 0.030000 7.682970 0.030000 7.770229 0.030000 8.399641 0.030000 8.396602 0.030000 5.663239 0.030000 5.477404 0.030000 4.417037 0.030000 4.567285 0.030000 1.300733 0.030000 1.157952 0.030000 3.075363 0.030000 3.123379 0.150000 7.003411 0.030000 7.056107 0.030000 3.753425 0.030000 3.491960 0.030000 6.371898 0.030000 6.714558 0.150000 2.228301 0.030000 2.394819 0.030000 7.096430 0.030000 6.966792 0.030000 1.366821 0.030000 1.199473 0.030000 5.019809 0.030000 5.037728 0.030000 3.196248 0.030000 3.297058 0.030000 4.158639 0.030000 4.021194 0.030000 1.542569 0.030000 1.708739 0.030000
4.950292 0.030000 4.764435 0.030000 3.335874 0.030000 3.515068 0.030000 7.644613 0.030000 7.772495 0.030000 8.447252 0.030000 8.353158 0.030000 5.628582 0.030000 5.506855 0.030000 4.335047 0.030000 4.740231 0.150000 1.856537 0.150000 1.117354 0.030000 3.089044 0.030000 3.101337 0.030000 7.012330 0.030000 7.036804 0.030000 3.818125 0.030000 3.532614 0.030000 6.279403 0.150000 6.451848 0.030000 2.268083 0.150000 2.408396 0.030000 7.064332 0.030000 7.030661 0.030000 2.012927 0.150000 1.225141 0.030000 5.430211 0.150000 5.042596 0.030000 3.215343 0.030000 3.297179 0.030000 4.082232 0.030000 4.041717 0.030000 1.552446 0.030000 1.712004 0.030000
4.979852 0.030000 4.823252 0.030000 3.400826 0.150000 3.464763 0.030000 7.528685 0.030000 7.740369 0.030000 8.567187 0.150000 8.414054 0.030000 5.586062 0.030000 5.533976 0.030000 4.307858 0.030000 4.534776 0.030000 1.406989 0.030000 1.190698 0.030000 3.020562 0.030000 3.037824 0.030000 6.967962 0.030000 7.041507 0.030000 3.833644 0.030000 3.621659 0.030000 6.269524 0.030000 6.542529 0.030000 2.202717 0.030000 2.294927 0.030000 7.027075 0.030000 7.039478 0.030000 1.190572 0.030000 1.323434 0.030000 4.949293 0.030000 5.071800 0.030000 3.085745 0.030000 3.315906 0.030000 4.099360 0.030000 4.092720 0.030000 1.484904 0.030000 1.654747 0.030000
5.035947 0.030000 4.899703 0.030000 3.304072 0.030000 3.407168 0.030000 7.493298 0.030000 7.647830 0.030000 8.338717 0.030000 8.456825 0.030000 5.558585 0.030000 5.598539 0.030000 4.160306 0.030000 4.375312 0.030000 1.488339 0.030000 1.303634 0.030000 2.937773 0.030000 3.150460 0.030000 6.896088 0.030000 7.024470 0.030000 3.839562 0.030000 3.695898 0.030000 6.146252 0.030000 6.392781 0.030000 2.190358 0.030000 2.254846 0.030000 6.969586 0.030000 7.097912 0.030000 1.211290 0.030000 1.300513 0.030000 4.864362 0.030000 5.009182 0.030000 3.028569 0.030000 3.232136 0.030000 4.040521 0.030000 4.071089 0.030000 1.352676 0.030000 1.508372 0.030000
5.342017 0.150000 4.967561 0.030000 3.362437 0.030000 3.490277 0.150000 7.385419 0.030000 7.531688 0.030000 8.322371 0.030000 8.358987 0.030000 5.586641 0.030000 5.654045 0.030000 4.157100 0.030000 4.311747 0.030000 1.591646 0.030000 1.385724 0.030000 2.841898 0.030000 3.048722 0.030000 6.780888 0.030000 6.954990 0.030000 4.685593 0.150000 3.806601 0.030000 6.008220 0.030000 6.263952 0.030000 2.151728 0.030000 2.189128 0.030000 6.930315 0.030000 7.048761 0.030000 1.266953 0.150000 1.298381 0.030000 4.767138 0.030000 4.891524 0.030000 2.893932 0.030000 3.135929 0.030000 4.021914 0.030000 4.069337 0.030000 1.637172 0.150000 1.448817 0.030000
5.125149 0.030000 5.044819 0.030000 3.411196 0.030000 3.406245 0.030000 7.230008 0.030000 7.403264 0.030000 8.178022 0.030000 8.410854 0.030000 5.512101 0.030000 5.720494 0.150000 4.030831 0.030000 4.163136 0.030000 1.796456 0.150000 1.500559 0.030000 2.770660 0.030000 2.879329 0.030000 6.604068 0.030000 6.811802 0.030000 4.522884 0.150000 3.844827 0.030000 5.958103 0.150000 6.137124 0.030000 2.220027 0.030000 3.078278 0.150000 7.882421 0.150000 6.985697 0.030000 1.069781 0.030000 1.177138 0.030000 4.665675 0.030000 4.885829 0.030000 3.000344 0.150000 2.984795 0.030000 3.920823 0.150000 4.077471 0.030000 1.815206 0.150000 1.362036 0.030000
5.208274 0.030000 5.108873 0.030000 3.412590 0.030000 3.340365 0.030000 7.154753 0.030000 7.330187 0.030000 8.092344 0.150000 8.272793 0.030000 5.498060 0.030000 5.530378 0.030000 3.889383 0.030000 4.018903 0.030000 1.836554 0.030000 1.644203 0.030000 2.614828 0.030000 2.787085 0.030000 6.565449 0.030000 7.246080 0.150000 3.902183 0.030000 3.826946 0.030000 5.999577 0.150000 5.999530 0.030000 2.224378 0.030000 1.915241 0.150000 6.663258 0.030000 6.879136 0.030000 1.023901 0.030000 1.138030 0.030000 4.558068 0.030000 4.657106 0.030000 2.637618 0.150000 2.804285 0.030000 4.075681 0.150000 4.020502 0.030000 1.707490 0.150000 1.215973 0.030000
5.207398 0.030000 5.140088 0.030000 3.554545 0.030000 3.467365 0.030000 7.032040 0.030000 7.257592 0.030000 8.006964 0.030000 8.114508 0.030000 5.402943 0.030000 6.041971 0.150000 3.872332 0.030000 3.845827 0.150000 1.919110 0.030000 1.757905 0.030000 2.542046 0.030000 2.708155 0.030000 6.387638 0.030000 6.615078 0.030000 3.882546 0.030000 3.826039 0.030000 5.733811 0.150000 6.364287 0.150000 2.192688 0.030000 2.238245 0.030000 6.670396 0.030000 6.782462 0.030000 0.967369 0.030000 1.421101 0.150000 4.387749 0.030000 4.627730 0.030000 2.502689 0.150000 2.718651 0.030000 3.776290 0.030000 3.880206 0.030000 1.124572 0.030000 1.208751 0.030000
5.259953 0.030000 5.226419 0.030000 3.561168 0.030000 3.515139 0.030000 7.033843 0.150000 7.008045 0.030000 7.902699 0.030000 8.080483 0.030000 5.369127 0.030000 5.472777 0.030000 4.416422 0.150000 3.915692 0.030000 1.988636 0.030000 1.851502 0.030000 2.381771 0.030000 2.596474 0.150000 6.167517 0.030000 6.453208 0.030000 3.991711 0.030000 3.872247 0.030000 5.555425 0.030000 5.730247 0.030000 2.254765 0.030000 2.171351 0.030000 6.490183 0.030000 6.693161 0.030000 0.949454 0.030000 0.992142 0.030000 4.298301 0.030000 4.488741 0.030000 2.466459 0.030000 2.653466 0.030000 3.681660 0.030000 3.822175 0.030000 1.097170 0.030000 1.647419 0.150000
5.301329 0.030000 5.220651 0.030000 3.605395 0.030000 3.517515 0.030000 6.838640 0.030000 6.971083 0.030000 7.794749 0.030000 7.974817 0.030000 5.371035 0.030000 5.404695 0.030000 3.689076 0.030000 3.874340 0.030000 2.114041 0.030000 1.965657 0.030000 2.291813 0.030000 3.729631 0.150000 6.078417 0.030000 6.325810 0.030000 3.995630 0.030000 3.976572 0.030000 5.466902 0.030000 5.690851 0.030000 2.300332 0.030000 2.221061 0.030000 6.474275 0.150000 6.570406 0.030000 0.890984 0.030000 0.956835 0.030000 4.172977 0.030000 4.379916 0.030000 2.302438 0.030000 2.561052 0.030000 3.631713 0.030000 3.736508 0.030000 1.094873 0.030000 1.529560 0.150000
5.341492 0.030000 5.258397 0.030000 3.692537 0.030000 3.607239 0.030000 6.671553 0.030000 6.837728 0.030000 7.793195 0.030000 7.874825 0.030000 5.230839 0.030000 5.313110 0.030000 3.665723 0.030000 3.743759 0.030000 2.517563 0.150000 2.001997 0.150000 2.133613 0.030000 2.381490 0.030000 5.981007 0.030000 6.076278 0.150000 3.989475 0.030000 3.967883 0.030000 5.403638 0.030000 5.454467 0.150000 2.360948 0.030000 2.278958 0.030000 6.322145 0.030000 6.514021 0.030000 0.925608 0.150000 1.184718 0.150000 4.013395 0.030000 4.295577 0.150000 2.241026 0.030000 2.384274 0.030000 3.535820 0.030000 3.681662 0.030000 1.051873 0.030000 1.134787 0.030000
5.373221 0.030000 5.448285 0.150000 3.792742 0.030000 3.698979 0.030000 7.762980 0.150000 6.729963 0.030000 7.642280 0.030000 7.823711 0.030000 5.221619 0.030000 5.300052 0.030000 3.607568 0.030000 4.026004 0.150000 2.377167 0.030000 2.177860 0.030000 2.065975 0.030000 2.236179 0.030000 5.866391 0.030000 6.379371 0.150000 4.032880 0.030000 3.928582 0.030000 5.274566 0.030000 5.462199 0.030000 2.358496 0.030000 2.346006 0.030000 6.246252 0.030000 6.404077 0.030000 0.793784 0.150000 0.932106 0.030000 3.897701 0.030000 4.127468 0.030000 2.104464 0.030000 3.282664 0.150000 4.108099 0.150000 3.565647 0.030000 1.119222 0.030000 1.091183 0.030000
5.458876 0.030000 5.368559 0.030000 3.856461 0.030000 3.690397 0.030000 6.405636 0.030000 6.615726 0.030000 7.346723 0.150000 7.714837 0.030000 5.193523 0.030000 5.242438 0.030000 3.546398 0.030000 4.476475 0.150000 2.480833 0.030000 2.294042 0.030000 1.949399 0.030000 2.374690 0.150000 5.754713 0.030000 5.933108 0.030000 4.068963 0.030000 4.031649 0.030000 5.111997 0.030000 5.273919 0.030000 2.458591 0.030000 2.367371 0.030000 6.109785 0.150000 6.257211 0.030000 0.953301 0.030000 0.646842 0.150000 3.822901 0.030000 4.007145 0.030000 2.031996 0.030000 2.198206 0.030000 3.448119 0.030000 3.521444 0.030000 1.117069 0.030000 0.974506 0.150000
5.520829 0.030000 5.379992 0.030000 3.857900 0.030000 3.837487 0.030000 6.380028 0.030000 6.522548 0.030000 7.456262 0.030000 7.591765 0.030000 5.105826 0.030000 5.226170 0.030000 3.730388 0.150000 3.475254 0.030000 2.561672 0.030000 2.422850 0.030000 1.818732 0.030000 2.026947 0.030000 5.669754 0.030000 5.840399 0.030000 4.153640 0.030000 4.014345 0.030000 5.023916 0.030000 5.186309 0.030000 2.517728 0.030000 2.472172 0.030000 6.129991 0.150000 6.146401 0.030000 1.054007 0.150000 0.980053 0.030000 3.650962 0.030000 3.833771 0.030000 1.920887 0.030000 2.053141 0.030000 3.348009 0.030000 3.484159 0.030000 1.198867 0.030000 1.063882 0.030000
5.557458 0.030000 6.440499 0.150000 4.125034 0.150000 3.892036 0.030000 6.223537 0.030000 6.397606 0.030000 7.361274 0.030000 7.503218 0.030000 5.270357 0.150000 5.166496 0.030000 3.421682 0.030000 3.512190 0.030000 2.375542 0.150000 2.500604 0.030000 1.711636 0.030000 1.868645 0.030000 5.507157 0.030000 5.719152 0.030000 4.193279 0.030000 4.117803 0.030000 4.926975 0.030000 5.086064 0.030000 2.616994 0.030000 2.491647 0.030000 5.974060 0.030000 6.093265 0.030000 1.050478 0.030000 0.979333 0.030000 3.553161 0.030000 3.713244 0.030000 1.828211 0.030000 2.012248 0.030000 3.309485 0.030000 3.399809 0.030000 1.478471 0.150000 1.146053 0.030000
5.591324 0.030000 5.536813 0.030000 4.561146 0.150000 3.944616 0.030000 6.186656 0.030000 6.299319 0.030000 7.279333 0.030000 7.409815 0.030000 5.063337 0.030000 5.169229 0.030000 3.388097 0.030000 3.415139 0.030000 2.818519 0.030000 2.646599 0.030000 1.616282 0.030000 1.798930 0.030000 5.396164 0.030000 5.560779 0.030000 4.217641 0.030000 4.158354 0.030000 4.758523 0.030000 4.958871 0.030000 2.692435 0.030000 2.838909 0.150000 5.829745 0.030000 5.978192 0.030000 1.143325 0.030000 1.000670 0.030000 3.441745 0.030000 3.674800 0.030000 1.700849 0.030000 1.883415 0.030000 3.283163 0.030000 3.307331 0.030000 1.235845 0.150000 1.109831 0.030000
5.690847 0.030000 5.622597 0.030000 4.149791 0.030000 4.333448 0.150000 5.699631 0.150000 6.144491 0.030000 7.169157 0.030000 7.290752 0.030000 5.639857 0.150000 5.145709 0.030000 3.347442 0.030000 3.366052 0.030000 3.394933 0.150000 2.736509 0.030000 1.543183 0.030000 1.712061 0.030000 5.959357 0.150000 5.466492 0.030000 4.294620 0.030000 4.211772 0.030000 4.671052 0.030000 4.867316 0.030000 2.825850 0.030000 2.622290 0.030000 5.973089 0.150000 6.127394 0.150000 1.169072 0.030000 1.056630 0.030000 3.280740 0.030000 3.497683 0.030000 1.665646 0.030000 1.677622 0.030000 3.244314 0.030000 3.960397 0.150000 1.303962 0.030000 1.266911 0.030000
5.743983 0.030000 5.962980 0.150000 4.850928 0.150000 4.142273 0.030000 5.830624 0.030000 6.086786 0.030000 7.078646 0.030000 7.235709 0.030000 5.038989 0.030000 5.022216 0.030000 3.249781 0.030000 3.292219 0.030000 3.032586 0.030000 2.871509 0.030000 1.461210 0.030000 1.571151 0.030000 5.109727 0.030000 5.319635 0.030000 4.336418 0.030000 4.349446 0.150000 4.585086 0.030000 4.765062 0.030000 2.890732 0.030000 2.669755 0.030000 5.734956 0.150000 5.828530 0.030000 1.284170 0.030000 1.175385 0.030000 3.226640 0.030000 3.380750 0.030000 1.476043 0.030000 1.638992 0.030000 3.156070 0.030000 3.238464 0.030000 1.414305 0.030000 1.771452 0.150000
5.857184 0.030000 5.670902 0.030000 4.309260 0.030000 4.208853 0.030000 5.784452 0.030000 5.985205 0.030000 6.983993 0.030000 7.161735 0.030000 4.997410 0.030000 5.025089 0.030000 3.270364 0.030000 3.454216 0.150000 3.218151 0.030000 3.033762 0.030000 1.366994 0.030000 1.721187 0.150000 5.013285 0.030000 5.222769 0.030000 4.398064 0.030000 4.289077 0.030000 4.459655 0.030000 4.629696 0.030000 2.953689 0.030000 2.837367 0.030000 5.525038 0.030000 5.706137 0.030000 1.367736 0.030000 1.257849 0.030000 3.078561 0.030000 3.286097 0.030000 1.420868 0.030000 1.496375 0.030000 3.069069 0.030000 3.166030 0.030000 1.529326 0.030000 1.443381 0.030000
5.912810 0.030000 5.748235 0.030000 4.433006 0.030000 4.322712 0.030000 5.660642 0.030000 5.797090 0.030000 6.901633 0.030000 7.031532 0.030000 4.970782 0.030000 4.973499 0.030000 3.238768 0.030000 3.226597 0.030000 3.305872 0.030000 3.145917 0.030000 1.309491 0.030000 1.376148 0.030000 4.900537 0.030000 5.112544 0.030000 4.482511 0.030000 4.557212 0.150000 4.297843 0.030000 4.485516 0.030000 2.929453 0.030000 2.881742 0.030000 5.480810 0.030000 5.619802 0.030000 1.443072 0.030000 1.340021 0.030000 2.948556 0.030000 3.183592 0.030000 1.368928 0.030000 1.492220 0.030000 3.527974 0.150000 3.152420 0.150000 1.605329 0.030000 1.462051 0.030000
5.943175 0.030000 5.869362 0.030000 4.573411 0.030000 4.406304 0.030000 5.614069 0.030000 5.727559 0.030000 6.910566 0.030000 6.969319 0.030000 4.976902 0.030000 5.049241 0.030000 3.177364 0.030000 3.226048 0.030000 3.432574 0.030000 3.251724 0.030000 1.194453 0.030000 1.314765 0.030000 4.765772 0.030000 4.917730 0.030000 4.554215 0.030000 4.416173 0.030000 4.219029 0.030000 4.417861 0.030000 3.092733 0.030000 2.958667 0.030000 5.412452 0.030000 5.476804 0.030000 1.551419 0.030000 1.498597 0.150000 2.823413 0.030000 3.058027 0.030000 1.280528 0.030000 1.401885 0.030000 3.070952 0.030000 3.117985 0.030000 1.671083 0.030000 1.569256 0.030000
5.964784 0.030000 5.902650 0.030000 4.589608 0.030000 4.436164 0.030000 5.482343 0.030000 5.678256 0.030000 7.204340 0.150000 6.862592 0.030000 4.907748 0.030000 4.962866 0.030000 3.178403 0.030000 3.156180 0.030000 3.610967 0.030000 3.400735 0.030000 1.162177 0.030000 1.204473 0.030000 4.604113 0.030000 4.815863 0.030000 4.578059 0.030000 4.474121 0.030000 4.125817 0.030000 4.270908 0.030000 3.169602 0.030000 3.026529 0.030000 5.284678 0.030000 5.449709 0.030000 1.667246 0.030000 1.522665 0.030000 2.741315 0.030000 2.847282 0.030000 1.214221 0.030000 1.320996 0.030000 3.036148 0.030000 3.039545 0.150000 1.778375 0.030000 1.641468 0.030000
6.082348 0.030000 5.929037 0.030000 4.671830 0.030000 4.524039 0.030000 5.411780 0.030000 5.742899 0.150000 6.648277 0.030000 6.824359 0.030000 4.907902 0.030000 4.921378 0.030000 3.100292 0.030000 3.418857 0.150000 3.700194 0.030000 3.507450 0.030000 1.034600 0.030000 1.114382 0.030000 4.510083 0.030000 4.724470 0.030000 4.678246 0.030000 4.984928 0.150000 4.019231 0.030000 4.226500 0.030000 3.332653 0.030000 3.157024 0.030000 5.230455 0.030000 5.333223 0.030000 1.985357 0.150000 1.613136 0.030000 2.580551 0.030000 2.776370 0.030000 1.145132 0.030000 1.278998 0.030000 3.017233 0.030000 3.065203 0.030000 1.916178 0.030000 1.749583 0.030000
6.159484 0.030000 6.058363 0.030000 4.753398 0.030000 4.642161 0.030000 5.333614 0.030000 5.447077 0.030000 6.608821 0.030000 6.765344 0.030000 4.903299 0.030000 4.962089 0.030000 3.090990 0.030000 3.094177 0.030000 3.823517 0.030000 3.604579 0.030000 0.997849 0.030000 1.033004 0.030000 4.373627 0.030000 4.621392 0.030000 4.717785 0.030000 4.572197 0.030000 3.917294 0.030000 4.070179 0.030000 3.378151 0.030000 3.247366 0.030000 5.177576 0.030000 5.279063 0.030000 1.911780 0.030000 1.721323 0.030000 2.478984 0.030000 2.695908 0.030000 1.085668 0.030000 1.223132 0.030000 3.013464 0.030000 3.110193 0.030000 1.970191 0.030000 1.839503 0.030000
6.240911 0.030000 6.112568 0.030000 4.837241 0.030000 4.710538 0.030000 5.185415 0.030000 5.394671 0.030000 6.505196 0.030000 6.640680 0.030000 4.946826 0.030000 4.872275 0.030000 3.044699 0.030000 3.137340 0.030000 3.958504 0.030000 3.703528 0.030000 0.956494 0.030000 1.073336 0.030000 4.309172 0.030000 4.832613 0.150000 4.742640 0.030000 4.714633 0.030000 4.300296 0.150000 3.915576 0.030000 3.498766 0.030000 3.331743 0.030000 5.081849 0.030000 5.161478 0.030000 1.952515 0.030000 1.866474 0.030000 2.501804 0.150000 2.567785 0.030000 1.061482 0.030000 1.248790 0.150000 2.960759 0.030000 3.501313 0.150000 2.140853 0.030000 1.955758 0.030000
6.284734 0.030000 6.206226 0.030000 4.947587 0.030000 4.820879 0.030000 5.108123 0.030000 5.222620 0.030000 6.395845 0.030000 6.589308 0.030000 4.957655 0.030000 4.938023 0.030000 3.079945 0.030000 3.079497 0.030000 4.032191 0.030000 3.841714 0.030000 1.193398 0.150000 1.116076 0.150000 4.177378 0.030000 4.404471 0.030000 4.885596 0.030000 4.789451 0.030000 3.655756 0.030000 4.971897 0.150000 3.600818 0.030000 3.429789 0.030000 4.999083 0.030000 5.131620 0.030000 2.130203 0.030000 1.880142 0.030000 2.295564 0.030000 2.324820 0.150000 1.046961 0.030000 1.064061 0.030000 2.975420 0.030000 3.030689 0.030000 2.183312 0.030000 2.015017 0.030000
6.356516 0.030000 6.227902 0.030000 5.075223 0.030000 4.935176 0.030000 5.629276 0.150000 5.114379 0.030000 6.366941 0.030000 6.451519 0.030000 4.902786 0.030000 5.897891 0.150000 3.111204 0.030000 3.162490 0.030000 4.117362 0.030000 3.955788 0.030000 0.906885 0.030000 0.959262 0.030000 4.112609 0.150000 5.338298 0.150000 4.931689 0.030000 4.813993 0.030000 3.569276 0.030000 3.967086 0.150000 3.653575 0.030000 3.519924 0.030000 4.942651 0.030000 5.089860 0.030000 2.210113 0.030000 2.118056 0.030000 2.152182 0.030000 2.337328 0.030000 2.108821 0.150000 1.089392 0.030000 3.032249 0.030000 2.949268 0.030000 2.268356 0.030000 2.131026 0.030000
6.445509 0.030000 6.333215 0.030000 5.407168 0.150000 5.030962 0.030000 4.883467 0.030000 5.018920 0.030000 6.271763 0.030000 6.390097 0.030000 4.946223 0.030000 4.932651 0.030000 3.061357 0.030000 3.090458 0.030000 4.305737 0.030000 4.095791 0.030000 1.002337 0.030000 0.986543 0.030000 3.919446 0.030000 4.073542 0.030000 4.969768 0.150000 4.904866 0.030000 3.479036 0.030000 3.675378 0.030000 3.699759 0.150000 3.626976 0.030000 4.846476 0.030000 4.942090 0.030000 2.340918 0.030000 2.144434 0.030000 2.007065 0.030000 2.575730 0.150000 1.088467 0.030000 1.088558 0.030000 2.989609 0.030000 2.985789 0.030000 2.480251 0.030000 2.312323 0.030000
6.431750 0.150000 6.418437 0.030000 5.285421 0.030000 5.077264 0.030000 4.776683 0.030000 4.929927 0.030000 6.576914 0.150000 6.255557 0.030000 4.883348 0.030000 4.921555 0.030000 3.900385 0.150000 3.130863 0.150000 4.426638 0.030000 4.775649 0.150000 1.036622 0.030000 0.970635 0.030000 3.768007 0.030000 3.991898 0.030000 5.085542 0.030000 4.975644 0.030000 4.278328 0.150000 3.563950 0.030000 3.886456 0.030000 3.735929 0.030000 4.781866 0.030000 5.238365 0.150000 2.462454 0.030000 2.268288 0.030000 2.627887 0.150000 2.110593 0.030000 1.077717 0.030000 1.101326 0.030000 2.984272 0.030000 2.983095 0.030000 2.552448 0.030000 2.461272 0.030000
6.622581 0.030000 6.521738 0.030000 5.429504 0.030000 5.217944 0.030000 4.693997 0.030000 4.839858 0.030000 6.405712 0.150000 6.266879 0.030000 4.924456 0.030000 4.893311 0.030000 3.017769 0.150000 3.111371 0.030000 4.530803 0.030000 4.307969 0.030000 1.021825 0.030000 0.995024 0.030000 3.700136 0.030000 3.979109 0.150000 5.233990 0.030000 5.094881 0.030000 3.242854 0.030000 3.474007 0.030000 3.965017 0.030000 3.820920 0.030000 4.676916 0.030000 4.837534 0.030000 2.617572 0.030000 2.511244 0.150000 1.838542 0.030000 1.978789 0.030000 1.086952 0.030000 2.265674 0.150000 3.003308 0.030000 3.022913 0.030000 2.688103 0.030000 3.233549 0.150000
6.717594 0.030000 6.592785 0.030000 5.497480 0.030000 5.284574 0.030000 4.530984 0.030000 4.804143 0.030000 6.072914 0.030000 6.136958 0.030000 4.959867 0.030000 4.926040 0.150000 3.163346 0.030000 3.106109 0.030000 4.670916 0.030000 4.725505 0.150000 1.085926 0.030000 1.174292 0.150000 3.580132 0.030000 3.684528 0.030000 5.245380 0.030000 5.162666 0.030000 3.174108 0.030000 3.391992 0.030000 4.099660 0.030000 4.262788 0.150000 4.639988 0.030000 4.758568 0.030000 2.671630 0.030000 2.537392 0.030000 1.757496 0.030000 1.911450 0.030000 1.154475 0.030000 1.101578 0.030000 3.013577 0.030000 3.029734 0.030000 2.835314 0.150000 2.549617 0.030000
6.835203 0.030000 6.698952 0.030000 5.579071 0.030000 5.434963 0.030000 4.477978 0.030000 4.636766 0.030000 5.976342 0.030000 6.330036 0.150000 4.948137 0.030000 4.945593 0.030000 3.110877 0.030000 3.078872 0.030000 4.769159 0.030000 4.556933 0.030000 1.120719 0.030000 1.074360 0.030000 3.442041 0.030000 3.595564 0.030000 5.353708 0.030000 5.236777 0.030000 3.106945 0.030000 3.256670 0.030000 4.180394 0.030000 4.074181 0.150000 4.572024 0.030000 4.691569 0.030000 2.793546 0.030000 2.587791 0.150000 1.652877 0.030000 1.820189 0.030000 1.254482 0.030000 1.154993 0.030000 3.127939 0.030000 3.035878 0.030000 2.913542 0.030000 2.899558 0.150000
6.887677 0.030000 6.734625 0.030000 5.716867 0.030000 5.502170 0.150000 4.528434 0.150000 4.598268 0.030000 5.908542 0.030000 6.034313 0.030000 5.016033 0.030000 4.940415 0.030000 3.152629 0.030000 3.250192 0.150000 4.957746 0.030000 4.947941 0.150000 1.266549 0.030000 1.153467 0.030000 3.298282 0.030000 3.560462 0.030000 5.447652 0.030000 5.297742 0.030000 2.989174 0.030000 3.170597 0.030000 4.620285 0.150000 4.145618 0.030000 4.641480 0.150000 4.609550 0.030000 2.913089 0.030000 2.722357 0.030000 2.502324 0.150000 1.633947 0.030000 1.329832 0.030000 1.166026 0.030000 3.132250 0.030000 3.016078 0.030000 3.005188 0.030000 2.879598 0.030000
6.980050 0.030000 6.883251 0.030000 5.820662 0.030000 5.608852 0.030000 4.330329 0.030000 4.486695 0.030000 5.859486 0.030000 5.902889 0.150000 5.012133 0.030000 4.988343 0.030000 3.254844 0.030000 3.185714 0.030000 5.018423 0.030000 5.147504 0.150000 1.322466 0.030000 1.194810 0.030000 3.240196 0.030000 3.367157 0.030000 5.550960 0.030000 5.455238 0.030000 2.884864 0.030000 3.039906 0.030000 5.723938 0.150000 4.220809 0.030000 4.429556 0.030000 4.606172 0.030000 2.990174 0.030000 3.069321 0.150000 1.392174 0.030000 1.616460 0.030000 1.411751 0.030000 1.270176 0.030000 3.145258 0.030000 3.055134 0.030000 3.131141 0.030000 2.966096 0.030000
7.072107 0.150000 6.960648 0.030000 5.876898 0.030000 5.730572 0.030000 4.144266 0.030000 4.371989 0.030000 5.855217 0.030000 5.886470 0.030000 4.950297 0.030000 4.976844 0.030000 3.214526 0.030000 3.133623 0.030000 5.138369 0.030000 4.982890 0.030000 1.361451 0.030000 1.269142 0.030000 3.050577 0.030000 3.287602 0.030000 5.626344 0.030000 5.539049 0.030000 2.784192 0.030000 2.978592 0.030000 4.535420 0.030000 4.351972 0.030000 4.340566 0.030000 4.483332 0.030000 3.123396 0.030000 2.993448 0.030000 1.355504 0.030000 1.495634 0.030000 1.494013 0.030000 1.348524 0.030000 3.175732 0.030000 3.119144 0.030000 3.239557 0.030000 3.075853 0.030000
7.186858 0.030000 7.010031 0.030000 6.008784 0.030000 5.826897 0.030000 4.123951 0.030000 4.223579 0.030000 5.738982 0.030000 5.851531 0.030000 5.047237 0.030000 5.018281 0.030000 3.230936 0.030000 3.202587 0.030000 5.273390 0.030000 5.102134 0.030000 1.688756 0.150000 1.362001 0.030000 2.926476 0.030000 3.164702 0.030000 5.761621 0.030000 5.596105 0.030000 2.701931 0.030000 2.838455 0.030000 4.640514 0.030000 4.506812 0.030000 4.391654 0.030000 4.407031 0.030000 3.257878 0.030000 3.093510 0.030000 1.238255 0.030000 1.369308 0.030000 1.571221 0.030000 1.476530 0.030000 3.221562 0.030000 3.159052 0.030000 3.356608 0.030000 3.169432 0.030000
7.243029 0.030000 7.094250 0.030000 5.889013 0.150000 6.392752 0.150000 4.057232 0.030000 4.192310 0.030000 5.636980 0.030000 6.159065 0.150000 5.143619 0.030000 5.482915 0.150000 3.338714 0.030000 3.299208 0.030000 5.426701 0.030000 5.214521 0.030000 1.562064 0.030000 1.485146 0.030000 2.822694 0.030000 3.074683 0.030000 5.857077 0.030000 5.705880 0.030000 2.638426 0.030000 2.791949 0.030000 4.747192 0.030000 4.815992 0.150000 4.352501 0.030000 4.400651 0.030000 3.420125 0.030000 3.247482 0.030000 1.203899 0.030000 1.343121 0.030000 1.670309 0.030000 1.501389 0.030000 3.719931 0.150000 3.240631 0.030000 3.497566 0.030000 3.315702 0.030000
7.336997 0.030000 7.209657 0.030000 6.211897 0.030000 6.060937 0.030000 3.961269 0.030000 4.052773 0.030000 5.654346 0.030000 5.680930 0.030000 5.539797 0.150000 5.068339 0.030000 3.398751 0.030000 3.341621 0.030000 5.601864 0.030000 5.364884 0.030000 1.724573 0.030000 1.536753 0.030000 2.722743 0.030000 2.915056 0.030000 5.849843 0.030000 5.812250 0.030000 2.566963 0.030000 2.833410 0.150000 4.866022 0.030000 4.667658 0.030000 4.302663 0.030000 4.377221 0.030000 3.531409 0.030000 3.335342 0.030000 1.184227 0.030000 1.300866 0.030000 1.758805 0.030000 1.574579 0.030000 3.370294 0.030000 3.232401 0.030000 3.625723 0.030000 3.395022 0.030000
7.491948 0.030000 7.282408 0.030000 6.289058 0.030000 6.136549 0.030000 5.074588 0.150000 4.067578 0.030000 5.567091 0.030000 5.667848 0.030000 5.165855 0.030000 5.106188 0.030000 3.412003 0.030000 3.374981 0.030000 5.709087 0.030000 5.454059 0.030000 1.850474 0.030000 1.630965 0.030000 2.700347 0.030000 2.779701 0.030000 5.986837 0.030000 5.834963 0.030000 2.519039 0.030000 2.784233 0.150000 4.980191 0.030000 4.826938 0.030000 4.243833 0.030000 4.313420 0.030000 3.663613 0.030000 3.478335 0.030000 1.077374 0.030000 1.216036 0.030000 1.830272 0.030000 1.717437 0.030000 3.370028 0.030000 3.295790 0.030000 3.897575 0.150000 3.541695 0.030000
7.574699 0.030000 7.395578 0.030000 6.460382 0.030000 6.177323 0.030000 3.834093 0.030000 3.922978 0.030000 5.497643 0.030000 5.577947 0.030000 5.248909 0.030000 5.137381 0.030000 3.524976 0.030000 3.434222 0.030000 5.757016 0.030000 5.569389 0.030000 1.959297 0.030000 1.756388 0.030000 2.535425 0.030000 2.665844 0.030000 6.111326 0.150000 5.989512 0.030000 2.428045 0.030000 2.509314 0.030000 5.096279 0.030000 4.886520 0.030000 4.137434 0.030000 4.186346 0.030000 3.756868 0.030000 3.577262 0.030000 1.015966 0.030000 1.093403 0.030000 1.934118 0.030000 1.812065 0.030000 3.488789 0.030000 3.349588 0.030000 3.870154 0.030000 3.628903 0.030000
7.625700 0.030000 7.468147 0.030000 6.598474 0.030000 6.357798 0.030000 3.907342 0.150000 3.819182 0.030000 5.469641 0.030000 5.560458 0.030000 5.231571 0.030000 5.162375 0.030000 3.602837 0.030000 3.509286 0.030000 5.901600 0.030000 5.697860 0.030000 2.027781 0.030000 2.127235 0.150000 2.383112 0.030000 2.607015 0.030000 6.261549 0.030000 6.016650 0.030000 2.356207 0.030000 2.320211 0.150000 5.212243 0.030000 5.596140 0.150000 4.571574 0.150000 4.199049 0.030000 3.910804 0.030000 3.734645 0.030000 1.012302 0.030000 1.092166 0.030000 2.074193 0.030000 1.961756 0.030000 3.541236 0.030000 3.406720 0.030000 3.972599 0.030000 3.750288 0.030000
7.797849 0.030000 7.609501 0.030000 6.626230 0.030000 6.522951 0.030000 3.673859 0.030000 3.761724 0.030000 5.370262 0.030000 5.542877 0.030000 5.258842 0.030000 5.256327 0.030000 3.796506 0.150000 3.493460 0.030000 6.093744 0.030000 5.795401 0.030000 2.194396 0.030000 1.963461 0.030000 2.287577 0.030000 2.502676 0.030000 6.308831 0.030000 6.224678 0.150000 2.317568 0.030000 2.381360 0.030000 5.306785 0.030000 5.111355 0.030000 4.085347 0.030000 4.114483 0.030000 4.004605 0.030000 3.795718 0.030000 0.957234 0.030000 1.032956 0.030000 2.176722 0.030000 1.988104 0.150000 3.607096 0.030000 3.450521 0.030000 4.050683 0.030000 3.897576 0.030000
7.825398 0.030000 7.700444 0.030000 6.811880 0.030000 6.597767 0.030000 3.629685 0.030000 3.674820 0.030000 5.378468 0.030000 5.404759 0.030000 5.368343 0.030000 5.367168 0.030000 3.700359 0.030000 3.564279 0.030000 6.136584 0.030000 5.957433 0.030000 2.237709 0.030000 2.065551 0.030000 2.155391 0.030000 2.354333 0.030000 6.395126 0.030000 6.234614 0.030000 2.225272 0.030000 2.353735 0.030000 5.412845 0.030000 5.264104 0.030000 4.209214 0.150000 4.130549 0.030000 4.174138 0.030000 3.907684 0.030000 1.012598 0.030000 1.036959 0.030000 2.352608 0.030000 2.218850 0.030000 4.173259 0.150000 3.566635 0.030000 4.220223 0.030000 4.080059 0.030000
7.949789 0.030000 7.763024 0.030000 6.844123 0.030000 6.670455 0.030000 3.525091 0.030000 3.649780 0.030000 5.343145 0.030000 5.343541 0.030000 5.640126 0.150000 5.324806 0.030000 3.708655 0.030000 3.611671 0.030000 6.248143 0.030000 6.129401 0.030000 2.356118 0.030000 2.401449 0.150000 2.039789 0.030000 2.385202 0.150000 6.471963 0.030000 6.174847 0.150000 2.240921 0.030000 2.260086 0.030000 5.561723 0.030000 5.403845 0.030000 4.034570 0.030000 4.084455 0.030000 4.194336 0.030000 4.053122 0.030000 1.024727 0.030000 0.989010 0.030000 2.875563 0.150000 2.211272 0.030000 3.712653 0.030000 3.586384 0.030000 4.334192 0.030000 4.093149 0.030000
8.035258 0.030000 7.848987 0.030000 6.958706 0.030000 7.124532 0.150000 3.460661 0.030000 3.541907 0.030000 5.310908 0.030000 5.385035 0.030000 5.435157 0.030000 5.392537 0.030000 3.818626 0.030000 3.685190 0.030000 6.425606 0.030000 6.169062 0.030000 2.465860 0.030000 2.262760 0.030000 1.988227 0.030000 2.123472 0.030000 6.620269 0.030000 6.374618 0.030000 2.118305 0.030000 2.238565 0.030000 5.700260 0.030000 5.412376 0.030000 4.052038 0.030000 4.436207 0.150000 4.376564 0.030000 4.172147 0.030000 1.068841 0.030000 1.446493 0.150000 2.468353 0.030000 2.324225 0.030000 3.754054 0.030000 3.633648 0.030000 4.374615 0.030000 4.227317 0.030000
8.099961 0.030000 7.947831 0.030000 7.047648 0.030000 6.831429 0.030000 3.791760 0.150000 3.492091 0.030000 5.512329 0.150000 5.343959 0.030000 5.500390 0.030000 6.515677 0.150000 3.851344 0.030000 3.715872 0.030000 6.445470 0.030000 6.285901 0.030000 2.493034 0.030000 2.317238 0.030000 1.900225 0.030000 2.028291 0.030000 6.723984 0.030000 6.527603 0.030000 2.136750 0.030000 2.186337 0.030000 5.716040 0.030000 5.525715 0.030000 4.037495 0.030000 4.065863 0.030000 4.380891 0.030000 4.289084 0.030000 1.095835 0.030000 1.023002 0.030000 2.508884 0.030000 2.332955 0.030000 3.802559 0.030000 3.726195 0.030000 4.540982 0.030000 4.339602 0.030000
8.142306 0.030000 7.986684 0.030000 7.516666 0.150000 6.923242 0.030000 3.424399 0.030000 3.459984 0.030000 5.283548 0.030000 5.267121 0.030000 5.544158 0.030000 5.392258 0.030000 3.945035 0.030000 3.809422 0.030000 6.535989 0.030000 6.281281 0.030000 2.600266 0.030000 2.988728 0.150000 1.811579 0.030000 2.011780 0.030000 6.752832 0.030000 6.591245 0.030000 2.080120 0.030000 2.134746 0.030000 5.803675 0.030000 5.553199 0.030000 4.019681 0.030000 3.997688 0.030000 4.571280 0.030000 4.334052 0.030000 1.184073 0.030000 1.060769 0.030000 2.718620 0.030000 2.477685 0.030000 3.925816 0.030000 3.741108 0.030000 4.605069 0.030000 4.414271 0.030000
8.187806 0.030000 8.105029 0.030000 7.193893 0.030000 7.040316 0.030000 3.324378 0.030000 3.386889 0.030000 5.223587 0.030000 5.277758 0.030000 5.560822 0.030000 5.444697 0.030000 3.980467 0.030000 3.862381 0.030000 6.606218 0.030000 7.396604 0.150000 2.693181 0.030000 2.499383 0.030000 1.708703 0.030000 2.150970 0.150000 6.715893 0.030000 6.677168 0.030000 2.092368 0.030000 2.164797 0.030000 5.875650 0.030000 5.684973 0.030000 4.143688 0.150000 4.034473 0.150000 4.585154 0.030000 4.414293 0.030000 1.231012 0.030000 0.994947 0.030000 2.792625 0.030000 2.549344 0.030000 3.907699 0.030000 3.845337 0.030000 4.637690 0.030000 4.463198 0.030000
8.266665 0.030000 8.081062 0.030000 7.274331 0.030000 7.098201 0.030000 3.258530 0.030000 3.354771 0.030000 5.248978 0.030000 5.245533 0.030000 5.580489 0.030000 5.514480 0.030000 4.047808 0.150000 3.930265 0.030000 6.635640 0.030000 6.479509 0.030000 2.823393 0.030000 2.553915 0.030000 1.740928 0.030000 1.877067 0.030000 6.815557 0.030000 6.705502 0.030000 2.058931 0.030000 2.080572 0.030000 5.883420 0.030000 5.691951 0.030000 3.955661 0.030000 3.989344 0.030000 4.669021 0.030000 4.474082 0.030000 1.197724 0.150000 1.432323 0.150000 2.757546 0.030000 2.647271 0.030000 3.988627 0.030000 3.837002 0.030000 4.740929 0.030000 4.508010 0.030000
8.328139 0.030000 8.186671 0.030000 8.319340 0.150000 7.483969 0.150000 3.257978 0.030000 3.391501 0.030000 5.264143 0.030000 5.235027 0.030000 5.608194 0.030000 5.384008 0.150000 4.010146 0.030000 3.951106 0.030000 7.185738 0.150000 6.526550 0.030000 2.824413 0.030000 2.627861 0.030000 1.643847 0.030000 1.820278 0.030000 6.904338 0.030000 6.683177 0.030000 2.557479 0.150000 2.103508 0.030000 6.232793 0.150000 5.842136 0.030000 4.011660 0.030000 3.989629 0.030000 4.772298 0.030000 4.516570 0.030000 1.220734 0.030000 1.124782 0.030000 2.802799 0.030000 2.607556 0.030000 4.042764 0.030000 3.941796 0.030000 4.866796 0.150000 4.620693 0.030000
8.872698 0.150000 8.138907 0.030000 7.331648 0.030000 7.135310 0.030000 3.281148 0.030000 3.362584 0.030000 5.211554 0.030000 5.220239 0.030000 5.640437 0.030000 5.535262 0.030000 4.070810 0.030000 3.965571 0.030000 6.721917 0.030000 6.553540 0.030000 2.895041 0.030000 2.689897 0.030000 1.657822 0.030000 2.824684 0.150000 6.951376 0.030000 6.794135 0.030000 2.080247 0.030000 2.029382 0.030000 6.058507 0.030000 5.840446 0.030000 3.684626 0.150000 4.028332 0.030000 4.772971 0.030000 4.552705 0.030000 1.293627 0.030000 1.164814 0.030000 2.914313 0.030000 2.685328 0.030000 4.099495 0.030000 3.931948 0.030000 4.854295 0.030000 4.619490 0.030000
8.418098 0.030000 8.337617 0.150000 7.380576 0.030000 7.238544 0.030000 3.267034 0.030000 3.311421 0.030000 5.169992 0.030000 5.226988 0.030000 5.662868 0.030000 5.576774 0.030000 4.128919 0.030000 3.987775 0.030000 6.821282 0.030000 6.563839 0.030000 2.952551 0.030000 2.704859 0.030000 1.596747 0.030000 1.699319 0.030000 8.178051 0.150000 6.853160 0.150000 2.104379 0.030000 2.066461 0.030000 6.053658 0.030000 5.918394 0.030000 3.982984 0.030000 4.044532 0.030000 4.776078 0.030000 4.643996 0.030000 1.277574 0.030000 1.178337 0.030000 2.889327 0.030000 2.742276 0.030000 4.099904 0.030000 3.981353 0.030000 4.840887 0.030000 5.052621 0.150000
8.454498 0.030000 8.202105 0.030000 7.411606 0.030000 7.235867 0.030000 3.443007 0.150000 3.348955 0.030000 5.243963 0.030000 5.228499 0.030000 5.684390 0.030000 5.547314 0.030000 4.036403 0.030000 4.000145 0.030000 6.845097 0.030000 6.616856 0.030000 2.944901 0.030000 3.127256 0.150000 1.545176 0.030000 1.687728 0.030000 7.022816 0.030000 6.818457 0.030000 2.014311 0.030000 2.184466 0.150000 6.103713 0.030000 5.945617 0.030000 3.996279 0.030000 3.943271 0.030000 4.823081 0.030000 4.680247 0.030000 1.227555 0.030000 1.185805 0.030000 2.983941 0.030000 2.801648 0.030000 4.161480 0.030000 3.961647 0.030000 4.821287 0.030000 4.666608 0.030000
8.514694 0.150000 8.244449 0.030000 7.431058 0.030000 7.254091 0.030000 3.164262 0.030000 3.395556 0.030000 5.243420 0.030000 5.167249 0.030000 5.726574 0.150000 5.617931 0.030000 4.169631 0.030000 4.046498 0.030000 7.365026 0.150000 6.652353 0.030000 2.968179 0.030000 2.787063 0.030000 1.535543 0.030000 1.888836 0.150000 7.082600 0.030000 6.855926 0.030000 1.985683 0.030000 2.018139 0.030000 6.168711 0.030000 5.968204 0.030000 4.032643 0.030000 3.999305 0.030000 4.917546 0.030000 4.759654 0.030000 1.351455 0.030000 1.151871 0.030000 3.009847 0.030000 2.850691 0.030000 4.107948 0.030000 3.837080 0.150000 4.935766 0.030000 4.818641 0.030000
8.532536 0.150000 8.332394 0.030000 8.893914 0.150000 8.954173 0.150000 3.077505 0.030000 3.321059 0.030000 5.205589 0.030000 5.134064 0.030000 5.760061 0.030000 5.622374 0.030000 4.093141 0.030000 4.106805 0.030000 6.905824 0.030000 6.784786 0.030000 3.075544 0.030000 2.781028 0.030000 1.582589 0.030000 1.609933 0.030000 7.153527 0.030000 6.895835 0.030000 1.893232 0.030000 3.073392 0.150000 6.189620 0.030000 6.032940 0.030000 4.048940 0.030000 3.894239 0.030000 4.988955 0.030000 4.745054 0.030000 1.434162 0.030000 1.277615 0.030000 3.076887 0.030000 2.872168 0.030000 4.965084 0.150000 4.385532 0.150000 5.001191 0.030000 4.858395 0.030000
8.651940 0.030000 8.478495 0.030000 7.474547 0.030000 7.385950 0.030000 3.045538 0.030000 3.160785 0.030000 5.335260 0.030000 5.190813 0.030000 5.897345 0.030000 5.730283 0.030000 4.013423 0.150000 4.085023 0.030000 7.050497 0.030000 6.914119 0.030000 3.084214 0.030000 2.928077 0.030000 1.641987 0.030000 1.569610 0.030000 7.205720 0.030000 7.239994 0.150000 1.814279 0.030000 2.718357 0.150000 6.131342 0.030000 6.177197 0.030000 4.768985 0.150000 4.012916 0.030000 5.028278 0.030000 4.810734 0.030000 1.589457 0.030000 1.329717 0.030000 3.009717 0.030000 3.121789 0.150000 4.245474 0.150000 4.611393 0.150000 4.987056 0.030000 4.933395 0.030000
8.776524 0.030000 8.518367 0.030000 7.648930 0.150000 7.421475 0.030000 2.853533 0.030000 3.057663 0.030000 5.451635 0.030000 5.342206 0.030000 6.092784 0.030000 6.239071 0.150000 4.004633 0.030000 4.102892 0.030000 7.098307 0.030000 7.003204 0.030000 3.199773 0.030000 3.076855 0.030000 1.396918 0.150000 1.572064 0.030000 7.327522 0.030000 7.154805 0.030000 1.676271 0.030000 1.880691 0.030000 6.154268 0.030000 6.141044 0.030000 4.332903 0.030000 4.073139 0.030000 5.073461 0.030000 4.975824 0.030000 1.681988 0.030000 1.485832 0.030000 2.987377 0.030000 3.227706 0.150000 4.434743 0.030000 4.316886 0.030000 4.952672 0.030000 4.958023 0.030000
8.849061 0.030000 8.736743 0.030000 7.397289 0.030000 7.415945 0.030000 2.769914 0.030000 2.964008 0.030000 5.338471 0.150000 5.395163 0.030000 6.156515 0.030000 5.977386 0.030000 3.878728 0.030000 4.030505 0.030000 7.164248 0.030000 7.024395 0.030000 3.233670 0.030000 3.093382 0.030000 1.769549 0.030000 1.686719 0.030000 7.386911 0.030000 7.284075 0.030000 1.699488 0.150000 1.797387 0.030000 6.114329 0.030000 6.209076 0.030000 4.454589 0.030000 4.292132 0.030000 5.058295 0.030000 5.047041 0.030000 1.768689 0.030000 1.543867 0.030000 2.954431 0.030000 2.973906 0.030000 4.547548 0.030000 4.341130 0.030000 4.997254 0.030000 4.967981 0.030000
8.874750 0.030000 8.760942 0.030000 7.295334 0.150000 7.359994 0.030000 2.673228 0.030000 2.838074 0.030000 5.686620 0.030000 5.526611 0.030000 6.293276 0.030000 6.050232 0.030000 3.824748 0.030000 3.913802 0.030000 7.126589 0.030000 7.049201 0.030000 3.311052 0.030000 3.231088 0.030000 1.928402 0.030000 1.527148 0.150000 7.486946 0.030000 7.336435 0.030000 1.677876 0.150000 1.603521 0.030000 6.092844 0.030000 6.107613 0.030000 4.597734 0.030000 4.378051 0.030000 5.166953 0.030000 5.067078 0.030000 1.833185 0.030000 1.675878 0.030000 2.967390 0.030000 3.005178 0.030000 4.694256 0.030000 4.508675 0.030000 4.996599 0.030000 4.951666 0.030000
9.953563 0.150000 8.873483 0.030000 7.320412 0.030000 7.353422 0.030000 2.544311 0.030000 2.709511 0.030000 5.822986 0.030000 5.599328 0.030000 6.376767 0.030000 6.172922 0.030000 3.779092 0.030000 3.897789 0.030000 7.119039 0.030000 7.116006 0.030000 3.418294 0.030000 3.245644 0.030000 1.989265 0.030000 1.834784 0.030000 7.571613 0.030000 7.443156 0.030000 1.291050 0.030000 1.512362 0.030000 6.081184 0.030000 6.140377 0.030000 4.638756 0.030000 4.500590 0.030000 5.174895 0.030000 5.128057 0.030000 1.954953 0.030000 1.797573 0.030000 2.954097 0.030000 2.933424 0.030000 4.749303 0.030000 4.591951 0.030000 5.562508 0.150000 4.971670 0.030000
9.099089 0.030000 8.920368 0.030000 7.263036 0.030000 7.300520 0.030000 2.362742 0.030000 2.594176 0.030000 5.956950 0.030000 5.730458 0.030000 6.460128 0.030000 6.785090 0.150000 3.756205 0.030000 3.818505 0.030000 7.194852 0.030000 7.156217 0.030000 3.479171 0.030000 3.380814 0.030000 2.074589 0.030000 1.892061 0.030000 7.615117 0.030000 7.519973 0.030000 1.125097 0.030000 1.385715 0.030000 6.147966 0.030000 6.084894 0.030000 4.874480 0.030000 4.635604 0.030000 5.466416 0.150000 5.151622 0.030000 2.056405 0.030000 1.852086 0.030000 2.957954 0.030000 3.468388 0.150000 4.872858 0.030000 4.671382 0.030000 4.952988 0.030000 4.938499 0.030000
9.157706 0.030000 9.023454 0.030000 7.259610 0.030000 7.319905 0.030000 2.242307 0.030000 2.493785 0.030000 6.029895 0.030000 5.869573 0.030000 6.672000 0.030000 6.442956 0.030000 3.639304 0.030000 3.788581 0.030000 7.205357 0.030000 7.169695 0.030000 3.545238 0.030000 3.405977 0.030000 2.174542 0.030000 2.031799 0.030000 7.704515 0.030000 7.596001 0.030000 1.038601 0.030000 1.247057 0.030000 5.950103 0.030000 6.055754 0.030000 5.621924 0.150000 4.738342 0.030000 5.294134 0.030000 5.219943 0.030000 2.339879 0.150000 1.985232 0.030000 2.975949 0.030000 2.955796 0.030000 5.015082 0.030000 4.775151 0.030000 4.975559 0.030000 4.984873 0.030000
9.213279 0.030000 9.124959 0.030000 7.255574 0.030000 7.235211 0.030000 2.209832 0.030000 2.374987 0.030000 6.202705 0.030000 6.009413 0.030000 6.730898 0.030000 6.168819 0.150000 3.534450 0.030000 3.674167 0.030000 7.277708 0.030000 7.242357 0.030000 3.618117 0.030000 3.426771 0.030000 2.696221 0.150000 2.279404 0.150000 7.835779 0.030000 7.673144 0.030000 0.898235 0.030000 1.076453 0.030000 6.044779 0.030000 6.025596 0.030000 5.050214 0.030000 4.877721 0.030000 5.362106 0.030000 5.222213 0.030000 2.287594 0.030000 2.110092 0.030000 2.982963 0.030000 2.989730 0.030000 5.042621 0.030000 5.091639 0.150000 4.941015 0.030000 4.979464 0.030000
9.322061 0.030000 9.521174 0.150000 7.242577 0.030000 7.188937 0.030000 2.039659 0.030000 2.201559 0.030000 6.313542 0.030000 6.149773 0.030000 6.793688 0.030000 6.596250 0.030000 3.455537 0.030000 3.581036 0.030000 7.321665 0.030000 7.215561 0.030000 3.730728 0.030000 3.491781 0.030000 2.450350 0.030000 2.214370 0.030000 7.931127 0.030000 7.739162 0.030000 0.776806 0.030000 0.970206 0.030000 5.996081 0.030000 6.017187 0.030000 5.157122 0.030000 4.960728 0.030000 5.437880 0.030000 5.264235 0.030000 2.465282 0.030000 2.242412 0.030000 2.979679 0.030000 2.951077 0.030000 5.188417 0.030000 5.019325 0.030000 5.024788 0.030000 5.329997 0.150000
9.404123 0.030000 9.252879 0.030000 7.202784 0.030000 7.109406 0.150000 1.938527 0.030000 2.136478 0.030000 6.399505 0.030000 6.236447 0.030000 6.964037 0.030000 6.738552 0.030000 3.449539 0.030000 3.553630 0.030000 7.337456 0.030000 7.322781 0.030000 3.756169 0.030000 3.577986 0.030000 2.491519 0.030000 2.314164 0.030000 7.961934 0.030000 7.838681 0.030000 0.880816 0.150000 0.926933 0.030000 6.041307 0.030000 6.013966 0.030000 5.235320 0.030000 5.063174 0.030000 5.411232 0.030000 5.368285 0.030000 2.528733 0.030000 2.368678 0.030000 2.982198 0.030000 3.031677 0.030000 6.030581 0.150000 5.088901 0.030000 4.992586 0.030000 4.987156 0.030000
9.464503 0.030000 9.309144 0.030000 7.120576 0.030000 7.202292 0.030000 1.857650 0.030000 2.051468 0.030000 6.461568 0.030000 6.304118 0.030000 7.013357 0.030000 6.819850 0.030000 3.395365 0.030000 4.087545 0.150000 7.320692 0.030000 7.275026 0.030000 4.048042 0.150000 3.693164 0.030000 2.604841 0.030000 2.408409 0.030000 8.004143 0.030000 7.932468 0.030000 0.580686 0.030000 0.834380 0.030000 6.015683 0.030000 5.962692 0.030000 5.394592 0.030000 5.196399 0.030000 5.506118 0.030000 5.411731 0.030000 2.595447 0.030000 2.356473 0.030000 2.960231 0.030000 2.916898 0.030000 5.349694 0.030000 5.211536 0.150000 5.040469 0.030000 5.010599 0.030000
9.477674 0.030000 9.448880 0.030000 7.828788 0.150000 7.143387 0.030000 1.819265 0.030000 1.980093 0.030000 6.551110 0.030000 6.379366 0.030000 7.385117 0.150000 6.890384 0.030000 3.305942 0.150000 3.503811 0.030000 7.409153 0.030000 7.392894 0.030000 3.843005 0.030000 3.766312 0.030000 2.691751 0.030000 2.756656 0.150000 8.040173 0.030000 7.930054 0.030000 0.564104 0.030000 0.639843 0.030000 5.982006 0.030000 5.995799 0.030000 5.502087 0.030000 5.238833 0.030000 5.519647 0.030000 5.389314 0.030000 2.669401 0.030000 2.515515 0.030000 2.996024 0.030000 2.977820 0.030000 5.459733 0.030000 5.268379 0.030000 5.085081 0.030000 5.013514 0.030000
9.554395 0.030000 9.412836 0.030000 7.105632 0.030000 7.157010 0.030000 1.772585 0.030000 1.934626 0.030000 6.639571 0.030000 6.444990 0.030000 7.138026 0.030000 7.073882 0.150000 3.407097 0.030000 3.461884 0.030000 7.424731 0.030000 7.411418 0.030000 4.452908 0.150000 3.778043 0.030000 2.739989 0.030000 2.579723 0.030000 8.134956 0.030000 7.981529 0.030000 0.465034 0.030000 0.690080 0.030000 5.964957 0.030000 5.963823 0.030000 5.500264 0.030000 5.891889 0.150000 5.585219 0.030000 5.467550 0.030000 2.816600 0.030000 2.555645 0.030000 3.010387 0.030000 3.019357 0.030000 5.527898 0.030000 5.279846 0.030000 5.068187 0.030000 5.014106 0.030000
9.602590 0.030000 9.491158 0.030000 7.100328 0.030000 7.139147 0.030000 2.080305 0.150000 1.896646 0.030000 6.712474 0.030000 6.648059 0.150000 7.264532 0.030000 7.083631 0.030000 3.348449 0.030000 3.411385 0.030000 7.481237 0.030000 7.711662 0.150000 3.960277 0.030000 3.830573 0.030000 2.723008 0.030000 2.619822 0.030000 8.228795 0.030000 8.051707 0.030000 0.621603 0.150000 0.610754 0.030000 5.984789 0.030000 6.019794 0.030000 5.592224 0.030000 5.399645 0.030000 5.618458 0.030000 5.519007 0.030000 2.816606 0.030000 2.364894 0.150000 3.031415 0.030000 3.040456 0.030000 5.491543 0.030000 5.369566 0.030000 5.091460 0.030000 5.018209 0.030000
9.693588 0.030000 9.490910 0.030000 7.068662 0.030000 7.153181 0.030000 1.650880 0.030000 1.855572 0.030000 6.728970 0.030000 6.592181 0.030000 7.266018 0.030000 7.102982 0.030000 3.327968 0.030000 3.357924 0.030000 7.534999 0.030000 7.374512 0.030000 3.987394 0.030000 3.821214 0.030000 2.833623 0.030000 2.655952 0.030000 8.711462 0.150000 8.053886 0.030000 0.341846 0.030000 0.591615 0.030000 5.987068 0.030000 6.033547 0.030000 5.656151 0.030000 5.490198 0.030000 5.654175 0.030000 5.541439 0.030000 2.953700 0.150000 2.654999 0.030000 3.058848 0.030000 3.008874 0.030000 5.559709 0.030000 5.321460 0.030000 5.057623 0.030000 5.068330 0.030000
9.670165 0.030000 9.576910 0.030000 7.094191 0.030000 7.158597 0.030000 1.588275 0.030000 1.756774 0.030000 6.808188 0.030000 6.674847 0.030000 7.315161 0.030000 7.104437 0.030000 3.307121 0.030000 3.388301 0.030000 7.519218 0.030000 7.478220 0.030000 4.007750 0.030000 3.885731 0.030000 2.899980 0.030000 2.686910 0.030000 8.471243 0.150000 8.138505 0.030000 0.237742 0.030000 0.587654 0.030000 6.011764 0.030000 5.987989 0.030000 5.684510 0.030000 5.512720 0.030000 5.595529 0.030000 5.531588 0.030000 2.881807 0.030000 3.067957 0.150000 3.051811 0.030000 2.927881 0.150000 6.814734 0.150000 5.526820 0.030000 5.029873 0.030000 5.038864 0.030000
9.693224 0.030000 10.040686 0.150000 7.113370 0.030000 7.435620 0.150000 1.610272 0.030000 1.791387 0.030000 6.875129 0.150000 6.619692 0.030000 7.335184 0.030000 7.214456 0.030000 3.341009 0.150000 3.318794 0.030000 7.515355 0.030000 7.181843 0.150000 4.088176 0.030000 3.845605 0.030000 3.002668 0.150000 2.707444 0.030000 8.305964 0.030000 8.088093 0.030000 0.305687 0.030000 0.462544 0.030000 5.967915 0.030000 5.989098 0.030000 5.716613 0.030000 5.536486 0.030000 5.689102 0.030000 5.555537 0.030000 2.782120 0.150000 2.751524 0.030000 3.185871 0.150000 3.085369 0.030000 5.663955 0.030000 5.484316 0.030000 5.095380 0.030000 5.048171 0.030000
10.044680 0.150000 9.624618 0.030000 7.093533 0.030000 7.157786 0.030000 1.550793 0.030000 1.719532 0.030000 6.918433 0.030000 6.690552 0.030000 7.382046 0.030000 7.210728 0.030000 3.225561 0.030000 3.314273 0.030000 7.571336 0.030000 7.467419 0.030000 4.056306 0.030000 3.930216 0.030000 2.933831 0.030000 2.757800 0.030000 8.257589 0.030000 8.147932 0.030000 0.196166 0.030000 0.400312 0.030000 5.985906 0.030000 6.160017 0.150000 5.736090 0.030000 5.544027 0.030000 5.675227 0.030000 5.576399 0.030000 2.977802 0.030000 2.778233 0.030000 3.043686 0.030000 3.087712 0.030000 5.661462 0.030000 5.522943 0.030000 5.003159 0.030000 5.028654 0.030000
9.739861 0.030000 9.646917 0.030000 7.072871 0.030000 7.180467 0.030000 1.572513 0.030000 1.714413 0.030000 6.898196 0.030000 6.721857 0.030000 7.359328 0.030000 7.218024 0.030000 3.190676 0.030000 3.314683 0.030000 7.513779 0.030000 7.517681 0.030000 4.095176 0.030000 3.955909 0.030000 2.899442 0.030000 2.765698 0.030000 8.251240 0.030000 8.157087 0.030000 0.215143 0.030000 0.366964 0.030000 5.926947 0.030000 6.050840 0.030000 5.782556 0.030000 5.655495 0.030000 5.640328 0.030000 5.978109 0.150000 2.966731 0.030000 2.875065 0.030000 3.056889 0.030000 3.097861 0.030000 5.649233 0.030000 5.568913 0.030000 5.039662 0.030000 5.125887 0.030000
9.692023 0.030000 9.729603 0.030000 6.984592 0.030000 7.117077 0.030000 1.567282 0.030000 1.621598 0.030000 7.038001 0.030000 7.085207 0.150000 7.422565 0.030000 7.328299 0.030000 3.224166 0.030000 3.348012 0.030000 7.506035 0.030000 7.529941 0.030000 4.039544 0.030000 4.040927 0.030000 3.062383 0.030000 2.855682 0.030000 8.247408 0.030000 8.243308 0.030000 0.176810 0.030000 0.339694 0.030000 5.843905 0.030000 5.987334 0.030000 6.041024 0.150000 5.571898 0.030000 5.616745 0.030000 5.651398 0.030000 3.006998 0.030000 2.906790 0.030000 3.034738 0.030000 3.072633 0.030000 5.684611 0.030000 5.606460 0.030000 4.940561 0.030000 5.132450 0.150000
10.862957 0.150000 9.773263 0.030000 6.864636 0.030000 6.997611 0.030000 1.633121 0.030000 1.630304 0.030000 7.015027 0.030000 7.456318 0.150000 7.375705 0.030000 7.373907 0.030000 2.908336 0.150000 3.180939 0.030000 7.394939 0.030000 7.516027 0.030000 4.445359 0.150000 4.003263 0.030000 3.118136 0.030000 2.939806 0.030000 8.242430 0.030000 8.233857 0.030000 0.234600 0.030000 0.264072 0.030000 5.784093 0.030000 5.968998 0.030000 5.891143 0.030000 5.793389 0.030000 5.510481 0.030000 5.660118 0.030000 2.937432 0.030000 2.989959 0.030000 2.928507 0.030000 3.063290 0.030000 5.630045 0.030000 5.672034 0.150000 4.880152 0.030000 5.087627 0.030000
9.561194 0.030000 9.711467 0.030000 6.692490 0.030000 6.939126 0.030000 1.697530 0.030000 1.664533 0.030000 7.093022 0.030000 6.963662 0.030000 7.418080 0.030000 7.426741 0.030000 2.887682 0.030000 3.122803 0.030000 7.237664 0.030000 7.448444 0.030000 4.028599 0.150000 4.022028 0.030000 3.162831 0.030000 3.284112 0.150000 8.143105 0.030000 8.280126 0.030000 0.382938 0.030000 0.217664 0.150000 6.164220 0.150000 5.826870 0.030000 5.888507 0.030000 6.206800 0.150000 5.469523 0.030000 5.535946 0.030000 2.977759 0.030000 3.568926 0.150000 2.811985 0.030000 2.930619 0.030000 5.589894 0.030000 5.618767 0.030000 4.778775 0.030000 4.971810 0.030000
9.530400 0.030000 9.596285 0.030000 6.576635 0.030000 6.792671 0.030000 1.800143 0.030000 1.674870 0.030000 7.077169 0.030000 7.007175 0.030000 7.348668 0.030000 7.370490 0.030000 2.800939 0.030000 2.949940 0.030000 7.135100 0.030000 7.367255 0.030000 3.861594 0.030000 3.990949 0.030000 3.226964 0.030000 3.116018 0.030000 8.049831 0.030000 8.213716 0.030000 0.402451 0.030000 1.048846 0.150000 5.526126 0.030000 5.762804 0.030000 5.879965 0.030000 5.862663 0.030000 5.571093 0.150000 5.502521 0.030000 2.951218 0.030000 2.980520 0.030000 2.701822 0.030000 2.919927 0.150000 5.529574 0.030000 5.646943 0.030000 4.550399 0.030000 4.830814 0.030000
9.413578 0.030000 9.516548 0.030000 6.476505 0.030000 6.667527 0.030000 1.965156 0.030000 1.711975 0.030000 7.026401 0.030000 7.046268 0.030000 7.231819 0.030000 7.339958 0.030000 2.634338 0.030000 2.910063 0.030000 7.120082 0.030000 7.240452 0.030000 3.746098 0.030000 3.893575 0.030000 3.292097 0.030000 3.175910 0.030000 7.986619 0.030000 8.148893 0.030000 0.594222 0.030000 0.415557 0.030000 5.565440 0.150000 5.644464 0.030000 6.243920 0.150000 5.889034 0.030000 5.232131 0.030000 5.454476 0.030000 2.903796 0.030000 2.968006 0.030000 2.601804 0.030000 2.786917 0.030000 5.508370 0.030000 5.589609 0.030000 4.521986 0.030000 4.674317 0.030000
9.319050 0.030000 9.440997 0.030000 6.357681 0.030000 6.634910 0.030000 2.034772 0.030000 1.877795 0.030000 7.136153 0.030000 7.079899 0.030000 7.216985 0.030000 7.255732 0.030000 2.574449 0.030000 2.706550 0.030000 6.917125 0.030000 7.105747 0.030000 3.659981 0.030000 3.804007 0.030000 4.054816 0.150000 3.199125 0.030000 7.954932 0.030000 7.998563 0.030000 0.749102 0.030000 0.501135 0.030000 5.245051 0.030000 5.507940 0.030000 5.929444 0.030000 5.842285 0.030000 5.151488 0.030000 5.310158 0.030000 2.965413 0.030000 2.955610 0.030000 2.414874 0.030000 2.661311 0.030000 5.467006 0.030000 5.505271 0.030000 4.440198 0.030000 4.575102 0.030000
9.324234 0.030000 9.401701 0.030000 6.225291 0.030000 6.429435 0.030000 2.099307 0.030000 1.974058 0.030000 7.433939 0.150000 7.187894 0.150000 7.193295 0.030000 7.235805 0.030000 2.450081 0.030000 2.609026 0.030000 6.769884 0.030000 7.001130 0.030000 3.609493 0.030000 3.760420 0.030000 3.420393 0.030000 3.615683 0.150000 7.840664 0.030000 7.944535 0.030000 0.865193 0.030000 0.758230 0.150000 5.197948 0.030000 5.324064 0.030000 5.963889 0.030000 5.924904 0.030000 5.043486 0.030000 5.249554 0.030000 2.913207 0.030000 2.970889 0.030000 2.421527 0.030000 3.398830 0.150000 5.559589 0.150000 5.465930 0.030000 4.268481 0.030000 4.525868 0.030000
9.189895 0.030000 9.291960 0.030000 6.144638 0.030000 6.354331 0.030000 2.249081 0.030000 2.053596 0.030000 7.211288 0.030000 7.122525 0.030000 7.144807 0.030000 7.346392 0.150000 2.310349 0.030000 2.754141 0.150000 6.732344 0.030000 6.912849 0.030000 3.575433 0.030000 3.653498 0.030000 3.473283 0.030000 3.421686 0.030000 7.707958 0.030000 7.837173 0.030000 0.956567 0.030000 0.714079 0.030000 4.992325 0.030000 5.199268 0.030000 5.977467 0.030000 5.876990 0.030000 4.975095 0.030000 5.145135 0.030000 2.866030 0.030000 2.942446 0.030000 2.291134 0.030000 2.418971 0.030000 5.357889 0.030000 5.445053 0.030000 4.141931 0.030000 4.351932 0.030000
9.097797 0.030000 9.229205 0.030000 5.999330 0.030000 6.212940 0.030000 2.310895 0.030000 2.161859 0.030000 7.217956 0.030000 7.104406 0.030000 7.679023 0.150000 7.151059 0.030000 2.286319 0.030000 2.496612 0.030000 6.661573 0.030000 6.761577 0.030000 3.507992 0.030000 3.938650 0.150000 3.558470 0.030000 3.300770 0.150000 7.659805 0.030000 7.752527 0.030000 1.077756 0.030000 0.905227 0.030000 4.914453 0.030000 5.093890 0.030000 6.494398 0.150000 6.008681 0.030000 4.821796 0.030000 4.991158 0.030000 2.917918 0.030000 2.944261 0.030000 2.350733 0.150000 2.278467 0.030000 5.174971 0.150000 5.389158 0.030000 4.042582 0.030000 4.269168 0.030000
9.010838 0.030000 9.136136 0.030000 5.886146 0.030000 6.097924 0.030000 2.470715 0.030000 2.293122 0.030000 7.284014 0.030000 7.266520 0.030000 7.123956 0.030000 7.165959 0.030000 2.102746 0.030000 2.256018 0.030000 6.491731 0.030000 6.697643 0.030000 3.372064 0.150000 3.493335 0.030000 3.609128 0.030000 3.453082 0.030000 7.576055 0.030000 7.698142 0.030000 1.240978 0.030000 0.995115 0.030000 4.748334 0.030000 5.021380 0.030000 6.008829 0.030000 5.989743 0.030000 4.794146 0.030000 4.881550 0.030000 2.901760 0.030000 2.957749 0.030000 2.013414 0.030000 2.164148 0.030000 5.231193 0.030000 5.358541 0.030000 3.901512 0.030000 4.074706 0.030000
8.973191 0.030000 9.071820 0.030000 5.770321 0.030000 5.944613 0.030000 2.524615 0.030000 2.395854 0.030000 7.262982 0.030000 7.318139 0.030000 7.062455 0.030000 7.112259 0.030000 1.990306 0.030000 2.265659 0.030000 6.402612 0.030000 6.601845 0.030000 3.309661 0.030000 3.430936 0.030000 3.727236 0.030000 3.589684 0.030000 7.507692 0.030000 7.668089 0.030000 1.352267 0.030000 1.145286 0.030000 4.625714 0.030000 4.833259 0.030000 6.061922 0.030000 6.040709 0.030000 4.656670 0.030000 4.764298 0.030000 2.932052 0.030000 2.946983 0.030000 1.899111 0.030000 2.627184 0.150000 5.224352 0.030000 5.287324 0.030000 3.755687 0.030000 4.006867 0.030000
8.822380 0.030000 8.956639 0.030000 5.598461 0.030000 5.853329 0.030000 2.674353 0.030000 2.505860 0.030000 7.382800 0.030000 7.309535 0.030000 6.981824 0.030000 7.086955 0.030000 1.918084 0.030000 2.121817 0.030000 6.233134 0.030000 6.390794 0.030000 3.256325 0.030000 3.410424 0.030000 3.793624 0.030000 3.658267 0.030000 7.493901 0.150000 7.546087 0.030000 1.434482 0.030000 1.230351 0.030000 4.554096 0.030000 4.727217 0.030000 6.069893 0.030000 6.015810 0.030000 4.612811 0.150000 4.721842 0.030000 2.923882 0.030000 2.995767 0.030000 1.820568 0.030000 1.972485 0.030000 5.154473 0.030000 5.245045 0.030000 3.643055 0.030000 3.882085 0.030000
8.804564 0.030000 8.965759 0.030000 5.530467 0.030000 5.746862 0.030000 2.859026 0.030000 2.723216 0.150000 7.385036 0.030000 7.334792 0.030000 7.040646 0.030000 7.090486 0.030000 1.827446 0.030000 1.999358 0.030000 6.192920 0.030000 6.354678 0.030000 3.228473 0.030000 3.341725 0.030000 3.825969 0.150000 3.734871 0.030000 7.351273 0.030000 7.441577 0.030000 1.570067 0.030000 1.432469 0.030000 4.345886 0.030000 4.596405 0.030000 6.067459 0.030000 6.081305 0.030000 4.501613 0.030000 4.625448 0.030000 3.025377 0.030000 2.977600 0.030000 1.687457 0.030000 1.856723 0.030000 5.149498 0.030000 5.201025 0.030000 3.623476 0.150000 3.762714 0.030000
8.720135 0.030000 8.833124 0.030000 5.374891 0.030000 5.606801 0.030000 2.916872 0.030000 2.713560 0.030000 7.490278 0.030000 7.388113 0.030000 6.904958 0.030000 6.990948 0.030000 1.694452 0.030000 1.882383 0.030000 6.222242 0.150000 6.229907 0.030000 3.168913 0.030000 3.240097 0.030000 3.977479 0.150000 3.823823 0.030000 7.257915 0.030000 7.336205 0.030000 1.695605 0.030000 1.511834 0.030000 4.244273 0.030000 5.253494 0.150000 6.138089 0.030000 6.109583 0.030000 4.367570 0.030000 4.490837 0.030000 3.050228 0.030000 2.963368 0.030000 1.575674 0.030000 1.762588 0.030000 5.047145 0.030000 5.171288 0.150000 3.431934 0.030000 3.604479 0.030000
8.730746 0.030000 8.774604 0.030000 5.302151 0.030000 5.525352 0.030000 3.044797 0.030000 2.824788 0.030000 7.497182 0.030000 7.408178 0.030000 6.955627 0.030000 6.982999 0.030000 1.629523 0.030000 1.822016 0.030000 6.703781 0.150000 6.671939 0.150000 3.121511 0.030000 3.202799 0.030000 4.044498 0.030000 3.897188 0.030000 7.199780 0.030000 7.295946 0.030000 1.842638 0.030000 1.563356 0.030000 4.201322 0.030000 4.403038 0.030000 6.204135 0.030000 6.164388 0.030000 4.312879 0.030000 4.408945 0.030000 3.090528 0.030000 3.026709 0.030000 1.510099 0.030000 1.844491 0.150000 5.115190 0.030000 5.160549 0.030000 3.264238 0.030000 3.561864 0.030000
8.582742 0.030000 8.682987 0.030000 5.116771 0.030000 5.318579 0.030000 3.115351 0.030000 3.000124 0.030000 7.832433 0.150000 7.474520 0.030000 7.018810 0.030000 7.006011 0.030000 1.671035 0.150000 1.683659 0.030000 5.831917 0.030000 5.985027 0.150000 3.113059 0.030000 3.198969 0.030000 4.294097 0.150000 3.877920 0.150000 7.120955 0.030000 7.243785 0.030000 1.979511 0.030000 1.701355 0.030000 4.016874 0.030000 4.238067 0.030000 6.226159 0.030000 6.162691 0.030000 4.219079 0.030000 4.266153 0.030000 3.130012 0.030000 3.059569 0.030000 1.367395 0.030000 1.560964 0.030000 5.059423 0.030000 5.119785 0.030000 3.182765 0.030000 3.342994 0.030000
8.476477 0.030000 8.544837 0.030000 4.983207 0.030000 5.162038 0.030000 3.241051 0.030000 3.094892 0.030000 8.129465 0.150000 7.497574 0.030000 6.909086 0.030000 7.057001 0.030000 1.428190 0.030000 1.539591 0.030000 5.795952 0.150000 5.839768 0.030000 3.111682 0.030000 3.148890 0.030000 4.223651 0.030000 4.039679 0.030000 7.084371 0.030000 7.214063 0.030000 2.122064 0.030000 1.875745 0.030000 3.871622 0.030000 4.084060 0.030000 6.272297 0.030000 6.189475 0.030000 4.104463 0.030000 4.253305 0.030000 3.129839 0.030000 3.092909 0.030000 1.305081 0.030000 1.517319 0.030000 5.076823 0.030000 6.351238 0.150000 3.047601 0.030000 3.293523 0.030000
8.399887 0.030000 8.518430 0.030000 4.838719 0.030000 5.081462 0.030000 3.375701 0.030000 3.185039 0.030000 7.668470 0.150000 7.609780 0.030000 6.935752 0.030000 6.919945 0.030000 1.379050 0.030000 1.415126 0.030000 5.662733 0.030000 5.797890 0.030000 2.997346 0.030000 3.084493 0.030000 4.268151 0.030000 4.189473 0.030000 6.948992 0.030000 7.123746 0.030000 2.209931 0.030000 1.982710 0.030000 3.806854 0.030000 4.645954 0.150000 6.323326 0.030000 6.287402 0.030000 4.017886 0.030000 4.251825 0.150000 3.193860 0.030000 3.095567 0.030000 1.201099 0.030000 1.343001 0.030000 5.380920 0.150000 5.062888 0.030000 2.888847 0.030000 3.122714 0.030000
8.390087 0.030000 8.455496 0.030000 4.794242 0.030000 4.966045 0.030000 3.434611 0.030000 3.336939 0.030000 7.686359 0.030000 7.664087 0.030000 6.871381 0.030000 6.895643 0.030000 1.338789 0.030000 1.448806 0.030000 5.545992 0.030000 6.064821 0.150000 3.003062 0.030000 3.088767 0.030000 4.384478 0.030000 4.276039 0.030000 6.895812 0.030000 7.461236 0.150000 2.318667 0.030000 2.164357 0.030000 3.652107 0.030000 3.788561 0.030000 6.396644 0.030000 6.275924 0.030000 3.958542 0.150000 4.031831 0.030000 3.261389 0.030000 3.133723 0.030000 1.091380 0.030000 1.250283 0.030000 5.039406 0.030000 5.082432 0.030000 3.325231 0.150000 3.754962 0.150000
8.288693 0.030000 8.337753 0.030000 4.623554 0.030000 4.841902 0.030000 3.580015 0.030000 3.448410 0.030000 7.773697 0.030000 7.703702 0.150000 6.890840 0.030000 6.913824 0.030000 1.211557 0.030000 1.330111 0.030000 5.426543 0.030000 5.589723 0.030000 2.947510 0.030000 2.989716 0.030000 4.589072 0.030000 4.356658 0.030000 6.903727 0.030000 6.992941 0.030000 2.440715 0.030000 2.242082 0.030000 3.526966 0.030000 3.763054 0.030000 6.391833 0.030000 6.373648 0.030000 3.852215 0.030000 3.994431 0.030000 3.237129 0.030000 3.170003 0.030000 1.317818 0.150000 1.146157 0.030000 5.028625 0.030000 5.046183 0.030000 2.674926 0.030000 2.974626 0.150000
8.227358 0.030000 8.378461 0.030000 4.501727 0.030000 4.779497 0.030000 3.978168 0.150000 3.570336 0.030000 7.834001 0.030000 7.741363 0.030000 6.875574 0.030000 6.929772 0.030000 1.188005 0.030000 1.244216 0.030000 5.327594 0.030000 5.505513 0.030000 2.984466 0.030000 2.859936 0.150000 4.599659 0.030000 4.451360 0.030000 6.734801 0.030000 6.877778 0.030000 3.193777 0.150000 2.345306 0.030000 3.394105 0.030000 3.660664 0.150000 6.416088 0.030000 6.429269 0.030000 3.797926 0.030000 3.836241 0.030000 3.304092 0.030000 3.280108 0.030000 1.003403 0.030000 1.157484 0.030000 5.016769 0.030000 5.222513 0.150000 2.598807 0.030000 2.748103 0.030000
8.280643 0.150000 8.867426 0.150000 4.408439 0.030000 4.576167 0.030000 3.872876 0.030000 3.625152 0.030000 7.863379 0.030000 7.756539 0.030000 6.941609 0.030000 6.944846 0.030000 1.106849 0.030000 1.205958 0.030000 5.164115 0.030000 5.371512 0.030000 3.019198 0.030000 2.999783 0.030000 4.728499 0.030000 4.580361 0.030000 6.757795 0.030000 6.840384 0.030000 2.692130 0.030000 2.514521 0.030000 3.236268 0.030000 3.437964 0.030000 6.506562 0.030000 6.416699 0.030000 3.707069 0.030000 3.751745 0.150000 4.104058 0.150000 3.296783 0.030000 1.024414 0.030000 1.027882 0.030000 4.961143 0.030000 4.947032 0.030000 2.563711 0.030000 2.653051 0.030000
8.085274 0.030000 8.159787 0.030000 4.265113 0.030000 4.488511 0.030000 3.936519 0.030000 3.844348 0.030000 7.945765 0.030000 8.316819 0.150000 6.900739 0.030000 6.896062 0.030000 1.119156 0.030000 1.178167 0.030000 5.113182 0.150000 5.283314 0.030000 3.049489 0.150000 3.004009 0.030000 4.818347 0.030000 4.625512 0.030000 6.667982 0.030000 6.846585 0.030000 2.774180 0.030000 2.620277 0.030000 3.149568 0.030000 3.081489 0.150000 6.627616 0.030000 6.497619 0.030000 3.583719 0.030000 3.716667 0.030000 3.750854 0.150000 3.366652 0.030000 0.927044 0.030000 0.963056 0.030000 4.962166 0.030000 4.965394 0.030000 2.402059 0.030000 2.566231 0.030000
9.455365 0.150000 8.232858 0.150000 4.162724 0.030000 4.396715 0.030000 4.081697 0.030000 3.886606 0.030000 8.038674 0.030000 7.878196 0.030000 6.870832 0.030000 7.351807 0.150000 1.134412 0.030000 1.129786 0.030000 5.278720 0.150000 5.173476 0.030000 2.952005 0.030000 2.954953 0.030000 4.897835 0.030000 4.731957 0.030000 6.614406 0.030000 6.780992 0.030000 2.977472 0.030000 2.716902 0.030000 3.029956 0.030000 3.263696 0.030000 6.650038 0.030000 6.508892 0.030000 3.569755 0.030000 3.696805 0.030000 3.784006 0.150000 3.449311 0.030000 0.917887 0.030000 0.946493 0.030000 4.940715 0.030000 4.997119 0.030000 2.247051 0.030000 2.415669 0.030000
7.969652 0.030000 8.040286 0.030000 4.443737 0.150000 4.274944 0.030000 4.205674 0.030000 3.941107 0.030000 8.021291 0.030000 7.961242 0.030000 6.900775 0.030000 6.899045 0.030000 1.088905 0.030000 1.093765 0.030000 4.899159 0.030000 5.051254 0.030000 2.961567 0.030000 2.950679 0.030000 5.466354 0.150000 4.859741 0.030000 6.568881 0.030000 6.668443 0.030000 3.107474 0.030000 2.893277 0.030000 2.917654 0.030000 3.027723 0.030000 6.685037 0.030000 6.573503 0.030000 3.683512 0.150000 3.606225 0.030000 3.593313 0.030000 4.492311 0.150000 0.936472 0.030000 0.979668 0.030000 5.015966 0.030000 4.995537 0.030000 2.141631 0.030000 2.293549 0.030000
7.951120 0.030000 8.005722 0.030000 3.966277 0.030000 4.166114 0.030000 4.358214 0.030000 4.087916 0.030000 8.135087 0.030000 8.039783 0.030000 6.914136 0.030000 6.911313 0.030000 1.082715 0.030000 1.076738 0.030000 4.906890 0.150000 4.948036 0.030000 2.926013 0.030000 2.986285 0.030000 5.088150 0.030000 4.937104 0.030000 6.739585 0.150000 6.604043 0.030000 3.159151 0.030000 3.010337 0.030000 2.761777 0.030000 2.965712 0.030000 6.697436 0.030000 6.651802 0.030000 3.408149 0.150000 3.527481 0.030000 3.684230 0.030000 3.601024 0.030000 0.970352 0.030000 0.959028 0.030000 5.005000 0.030000 4.998830 0.030000 2.068612 0.030000 2.213386 0.030000
7.880417 0.030000 7.971856 0.030000 3.815345 0.030000 3.972988 0.030000 4.445941 0.030000 4.524032 0.150000 8.177191 0.030000 8.113189 0.030000 6.893856 0.030000 7.949856 0.150000 1.176150 0.030000 1.092661 0.030000 4.679417 0.030000 4.856038 0.030000 2.970813 0.030000 2.905520 0.030000 5.170071 0.030000 5.035634 0.030000 6.449504 0.030000 6.575026 0.030000 3.293374 0.030000 3.164769 0.030000 2.548582 0.030000 2.823801 0.030000 6.751679 0.030000 6.707825 0.030000 3.297218 0.030000 3.488678 0.030000 3.888713 0.150000 3.808780 0.150000 0.982985 0.030000 0.907391 0.030000 5.014908 0.030000 5.040823 0.030000 1.923057 0.030000 2.124848 0.030000
7.753330 0.030000 7.952126 0.030000 3.652193 0.030000 3.868959 0.030000 4.563216 0.030000 4.435781 0.030000 8.151981 0.150000 8.131479 0.030000 6.923612 0.030000 6.945592 0.030000 1.172302 0.030000 1.117916 0.030000 4.650009 0.030000 4.692167 0.030000 3.013860 0.030000 2.996121 0.030000 5.325457 0.030000 5.119194 0.030000 6.409899 0.030000 6.489196 0.030000 3.415742 0.030000 3.258376 0.030000 3.167305 0.150000 2.718400 0.030000 6.831160 0.030000 6.753652 0.030000 3.319268 0.030000 3.514280 0.150000 4.340590 0.150000 3.722240 0.030000 1.043244 0.030000 0.950157 0.030000 5.030480 0.030000 5.023306 0.030000 1.837609 0.030000 2.003387 0.030000
7.726661 0.030000 7.834884 0.030000 3.544313 0.030000 3.749509 0.030000 4.733839 0.030000 4.480027 0.030000 8.303777 0.030000 8.184103 0.030000 6.925141 0.030000 7.110538 0.150000 1.250460 0.030000 1.145098 0.150000 4.484232 0.030000 4.664043 0.030000 3.000837 0.030000 2.993771 0.030000 5.461380 0.030000 5.275830 0.030000 6.379477 0.030000 6.478261 0.030000 3.548448 0.030000 3.351189 0.030000 2.386364 0.030000 2.574445 0.030000 6.929741 0.030000 6.845564 0.030000 3.217866 0.030000 3.364679 0.030000 3.933510 0.030000 3.804363 0.030000 1.102388 0.030000 1.002130 0.030000 5.001659 0.030000 5.025123 0.030000 1.751566 0.030000 1.852367 0.030000
7.859910 0.150000 7.784362 0.030000 3.432892 0.030000 3.633364 0.030000 4.777139 0.030000 5.203277 0.150000 8.448174 0.030000 8.295977 0.030000 6.965013 0.030000 6.951769 0.030000 1.276194 0.030000 1.200863 0.030000 4.372501 0.030000 4.552814 0.030000 3.031826 0.030000 3.079862 0.150000 5.603983 0.030000 5.375640 0.030000 6.365815 0.030000 6.428857 0.030000 3.728428 0.030000 3.500930 0.030000 2.273686 0.030000 2.493171 0.030000 7.020675 0.030000 6.861480 0.030000 3.133030 0.030000 3.339568 0.030000 4.001840 0.030000 3.874200 0.030000 1.168650 0.150000 1.091187 0.030000 5.078386 0.030000 4.995040 0.030000 1.608962 0.030000 1.777003 0.030000
7.636023 0.030000 7.724027 0.030000 3.325466 0.030000 3.506083 0.030000 4.929262 0.030000 4.766147 0.030000 8.443271 0.030000 8.415771 0.030000 6.992840 0.030000 6.906154 0.030000 1.329846 0.030000 1.264988 0.030000 4.311289 0.030000 4.284660 0.150000 3.108856 0.030000 3.030595 0.030000 5.659611 0.030000 5.506232 0.030000 6.208060 0.030000 6.381299 0.030000 3.804726 0.030000 3.632202 0.030000 2.205933 0.030000 2.360072 0.030000 7.029445 0.030000 6.992435 0.030000 3.072702 0.030000 3.258400 0.030000 4.098176 0.030000 3.930144 0.030000 1.258279 0.030000 1.153805 0.030000 5.072012 0.030000 5.086275 0.030000 1.515339 0.030000 1.686057 0.030000
7.600907 0.030000 7.671804 0.030000 3.269815 0.030000 3.406126 0.030000 5.101887 0.030000 4.862271 0.030000 8.505414 0.030000 8.443699 0.030000 7.672016 0.150000 6.900567 0.030000 1.402148 0.030000 1.304298 0.030000 4.218289 0.030000 4.816122 0.150000 3.133937 0.030000 3.055247 0.030000 5.750297 0.030000 5.555671 0.030000 6.269917 0.030000 6.281953 0.030000 3.998984 0.030000 3.727873 0.030000 2.024378 0.030000 2.472942 0.150000 7.165201 0.030000 7.036893 0.030000 3.138297 0.030000 3.225124 0.030000 4.234488 0.030000 4.310312 0.150000 1.347315 0.030000 2.589402 0.150000 5.065329 0.030000 5.052599 0.030000 1.455455 0.030000 1.563675 0.030000
7.606342 0.030000 7.603078 0.030000 3.080801 0.030000 3.296304 0.030000 5.225706 0.030000 5.202473 0.150000 8.606152 0.030000 8.516137 0.030000 7.007447 0.030000 6.987503 0.030000 1.467516 0.030000 1.363060 0.030000 4.141484 0.030000 4.274391 0.030000 3.156206 0.030000 3.107587 0.030000 5.870340 0.030000 5.727831 0.030000 6.493535 0.150000 6.247867 0.030000 4.078007 0.030000 3.839660 0.030000 1.869131 0.030000 2.130018 0.030000 7.235509 0.030000 7.107305 0.030000 3.154693 0.030000 3.073663 0.030000 4.226718 0.030000 4.180350 0.030000 1.449928 0.030000 1.315477 0.030000 5.071354 0.030000 5.085436 0.030000 1.351689 0.030000 1.760369 0.150000
7.507098 0.030000 7.563964 0.030000 3.306220 0.150000 3.211344 0.030000 5.311509 0.030000 5.067470 0.030000 8.421485 0.150000 8.623117 0.030000 7.289112 0.150000 6.929835 0.030000 1.571311 0.030000 1.578877 0.150000 4.097010 0.030000 4.491027 0.150000 3.261050 0.030000 3.075410 0.030000 5.969031 0.030000 5.734135 0.030000 6.141641 0.030000 6.340267 0.030000 4.188137 0.030000 3.967158 0.030000 1.750398 0.030000 2.005707 0.030000 7.248238 0.030000 7.241829 0.150000 3.106904 0.030000 3.136795 0.030000 4.602095 0.150000 4.226140 0.030000 1.586103 0.030000 1.406838 0.030000 5.137281 0.030000 5.116632 0.030000 1.293803 0.030000 1.444309 0.030000
7.487708 0.030000 7.963385 0.150000 2.859550 0.030000 3.033768 0.030000 5.404219 0.030000 5.204728 0.030000 8.785358 0.030000 9.032467 0.150000 7.066331 0.030000 7.007691 0.030000 1.746085 0.030000 1.583352 0.030000 3.967736 0.030000 4.577067 0.150000 3.329346 0.030000 4.197287 0.150000 6.795564 0.150000 5.900975 0.030000 6.127875 0.030000 6.193206 0.030000 4.308397 0.030000 4.145471 0.030000 1.670067 0.030000 1.860528 0.030000 7.370348 0.030000 7.205543 0.030000 3.052216 0.030000 3.036090 0.030000 4.454149 0.030000 4.281012 0.030000 1.674182 0.030000 1.506051 0.030000 5.180378 0.030000 5.104981 0.030000 1.213047 0.030000 1.338431 0.030000
7.443748 0.030000 7.509546 0.030000 2.701193 0.030000 2.927708 0.030000 5.563571 0.030000 5.404303 0.030000 8.870396 0.030000 8.735031 0.030000 7.041702 0.030000 7.002077 0.030000 1.768314 0.030000 1.630270 0.030000 3.920846 0.030000 4.020651 0.030000 3.302270 0.030000 3.255770 0.030000 6.208599 0.030000 6.023003 0.030000 6.096903 0.030000 6.194532 0.030000 4.442165 0.030000 4.228284 0.030000 1.507354 0.030000 1.716449 0.030000 7.423260 0.030000 7.433763 0.150000 3.630248 0.150000 3.071740 0.030000 4.585276 0.030000 4.403810 0.030000 1.486164 0.150000 1.577062 0.030000 5.198250 0.030000 5.204875 0.030000 1.116919 0.030000 1.214276 0.030000
7.366596 0.030000 7.494082 0.030000 2.703753 0.030000 2.771261 0.030000 5.690378 0.030000 5.483463 0.030000 9.262500 0.150000 8.798048 0.030000 7.073901 0.030000 7.071018 0.030000 1.900124 0.030000 1.722752 0.030000 3.782204 0.030000 3.941165 0.030000 3.567093 0.150000 3.255064 0.030000 6.284315 0.030000 6.124030 0.030000 6.085151 0.030000 6.096457 0.030000 4.626731 0.030000 4.377701 0.030000 1.440211 0.030000 1.629834 0.030000 7.579100 0.030000 7.410311 0.030000 3.040658 0.030000 3.003079 0.030000 4.665012 0.030000 4.195620 0.150000 1.882323 0.030000 1.698919 0.030000 5.272237 0.030000 5.215135 0.030000 1.045552 0.030000 1.192197 0.030000
7.355372 0.030000 7.406749 0.030000 2.905020 0.150000 2.670147 0.030000 5.782665 0.030000 5.584749 0.030000 8.982202 0.030000 8.846658 0.030000 7.163653 0.030000 7.018468 0.030000 1.988193 0.030000 1.820719 0.030000 3.772130 0.030000 3.943866 0.150000 3.390602 0.030000 3.364417 0.030000 6.453730 0.030000 6.288685 0.030000 5.995750 0.030000 6.131707 0.030000 4.650724 0.030000 4.486822 0.030000 1.263148 0.030000 1.477418 0.030000 7.664571 0.150000 7.482012 0.030000 2.962239 0.030000 3.023266 0.030000 4.727974 0.030000 4.606182 0.030000 2.000961 0.030000 1.701274 0.150000 5.285661 0.030000 5.185920 0.030000 1.254090 0.150000 1.070351 0.030000
7.343682 0.030000 7.386890 0.030000 2.401058 0.030000 2.556902 0.030000 5.886960 0.030000 5.769039 0.030000 9.105709 0.030000 9.148084 0.150000 7.163602 0.030000 7.159633 0.030000 2.865364 0.150000 1.932410 0.030000 3.703115 0.030000 3.808486 0.030000 3.499590 0.030000 3.364707 0.030000 6.511200 0.030000 6.320490 0.030000 6.082890 0.150000 6.048266 0.030000 4.853227 0.030000 4.617272 0.030000 1.124822 0.030000 1.303496 0.030000 7.693742 0.030000 7.585919 0.030000 3.014031 0.030000 3.630959 0.150000 4.828532 0.150000 4.710005 0.030000 2.063149 0.030000 1.890154 0.030000 5.316073 0.030000 5.285467 0.030000 0.950163 0.030000 1.008044 0.030000
7.279294 0.030000 8.338710 0.150000 2.295347 0.030000 2.471458 0.030000 6.036239 0.030000 5.889502 0.030000 9.158822 0.030000 9.242973 0.150000 7.266724 0.030000 7.169646 0.030000 2.190308 0.030000 2.181169 0.150000 3.894763 0.150000 3.716168 0.030000 3.570544 0.030000 3.447459 0.030000 6.662108 0.030000 6.451890 0.030000 5.971043 0.030000 6.060579 0.030000 4.870416 0.030000 4.741978 0.030000 1.003410 0.030000 1.149066 0.030000 7.773999 0.030000 7.612780 0.030000 2.985753 0.030000 2.952974 0.030000 4.959632 0.030000 4.791771 0.030000 2.213022 0.030000 2.042732 0.030000 5.373516 0.030000 5.241273 0.030000 1.719756 0.150000 0.999456 0.030000
7.223729 0.030000 7.318545 0.030000 2.129598 0.030000 2.271329 0.030000 6.127601 0.030000 5.961333 0.030000 9.804759 0.150000 9.113517 0.030000 7.251532 0.030000 7.207080 0.030000 2.355362 0.030000 2.126402 0.030000 3.518430 0.030000 3.686174 0.030000 3.669662 0.030000 3.608940 0.030000 6.625073 0.150000 6.554650 0.030000 5.942997 0.030000 5.990680 0.030000 5.086950 0.030000 4.865362 0.030000 0.829588 0.030000 1.125933 0.030000 7.798411 0.030000 7.687011 0.030000 2.993813 0.030000 2.992900 0.030000 5.081084 0.030000 4.925660 0.030000 2.318882 0.030000 2.113961 0.030000 5.460084 0.030000 5.399814 0.030000 0.986258 0.030000 0.930540 0.030000
7.152800 0.030000 7.261386 0.030000 2.082044 0.030000 2.224109 0.030000 6.312961 0.030000 6.124756 0.030000 9.349328 0.030000 9.253888 0.030000 7.425195 0.150000 7.242749 0.030000 2.437241 0.030000 2.270156 0.030000 3.494617 0.030000 3.481336 0.030000 3.722256 0.030000 3.744888 0.150000 6.853730 0.030000 6.662996 0.030000 6.047522 0.030000 6.137667 0.150000 5.129832 0.030000 4.967775 0.030000 0.748791 0.030000 0.977722 0.030000 8.290763 0.150000 7.793699 0.030000 3.021169 0.030000 2.951679 0.030000 5.458007 0.150000 5.025918 0.030000 2.385649 0.030000 2.235169 0.030000 5.535360 0.030000 5.418492 0.030000 0.984541 0.030000 1.326648 0.150000
7.240954 0.030000 7.261471 0.030000 1.971705 0.030000 2.181073 0.030000 6.402374 0.030000 6.108639 0.030000 9.378198 0.030000 9.538908 0.150000 7.309454 0.030000 7.259405 0.030000 2.533141 0.030000 2.367074 0.030000 3.369121 0.030000 3.477861 0.030000 3.795556 0.030000 3.657968 0.030000 6.974834 0.030000 6.782552 0.030000 5.994462 0.030000 6.135105 0.150000 5.314187 0.030000 5.107792 0.030000 0.736011 0.030000 0.885017 0.030000 7.994041 0.030000 7.878176 0.030000 3.003013 0.030000 2.952658 0.030000 5.234995 0.030000 5.061550 0.030000 2.512211 0.030000 2.267129 0.030000 5.468583 0.030000 5.475967 0.030000 1.050607 0.030000 0.946990 0.030000
8.079073 0.150000 7.215490 0.030000 1.935721 0.030000 2.279570 0.150000 6.503468 0.030000 6.305043 0.030000 9.476045 0.030000 9.325529 0.030000 7.359113 0.030000 7.253917 0.030000 2.628851 0.030000 2.424006 0.030000 3.363353 0.030000 3.458377 0.030000 3.854347 0.030000 3.716946 0.030000 7.007704 0.030000 6.857916 0.030000 5.992747 0.030000 5.940854 0.030000 5.400939 0.030000 5.223784 0.030000 0.562226 0.030000 0.756640 0.030000 8.078202 0.030000 7.928855 0.030000 3.063035 0.150000 3.029950 0.030000 5.344617 0.030000 5.103742 0.030000 3.072044 0.150000 2.417519 0.030000 5.530967 0.030000 5.473554 0.030000 1.141723 0.150000 0.948232 0.030000
7.232598 0.150000 7.161881 0.030000 1.827633 0.030000 1.983955 0.030000 6.522007 0.030000 6.333509 0.030000 9.554150 0.030000 9.395129 0.030000 7.390998 0.030000 7.327942 0.030000 2.664388 0.030000 2.507792 0.030000 3.331349 0.030000 3.443573 0.030000 3.911902 0.030000 3.689168 0.030000 7.140812 0.030000 6.978941 0.030000 5.985986 0.030000 5.938525 0.030000 5.477575 0.030000 5.565242 0.150000 0.519558 0.030000 0.761745 0.030000 8.078593 0.030000 8.004710 0.030000 3.007475 0.030000 2.968680 0.030000 5.407554 0.030000 5.566945 0.150000 2.738896 0.030000 2.458378 0.030000 5.594007 0.030000 5.519559 0.030000 1.543109 0.150000 1.012662 0.030000
7.109035 0.030000 7.187990 0.030000 1.810574 0.030000 1.934656 0.030000 6.602035 0.030000 6.476873 0.030000 9.547232 0.030000 9.457716 0.030000 7.440146 0.030000 7.330921 0.030000 2.762280 0.030000 2.617136 0.030000 3.326161 0.030000 3.388074 0.030000 3.978925 0.030000 3.806613 0.030000 7.144618 0.030000 6.964043 0.030000 5.927281 0.030000 5.966115 0.030000 5.494969 0.030000 5.333429 0.030000 0.455453 0.030000 0.636894 0.030000 8.196418 0.030000 8.241037 0.150000 3.028134 0.030000 2.964442 0.030000 5.521691 0.030000 5.230649 0.030000 2.723783 0.030000 2.524580 0.030000 5.658311 0.030000 5.516908 0.030000 1.093010 0.030000 1.045167 0.030000
7.193500 0.150000 7.138337 0.030000 1.624340 0.030000 1.845310 0.030000 6.721433 0.030000 6.785725 0.150000 9.609526 0.030000 9.460752 0.030000 7.430741 0.030000 7.054734 0.150000 2.797408 0.030000 2.633672 0.030000 3.306959 0.030000 3.409586 0.030000 4.003284 0.030000 3.846386 0.030000 7.260765 0.030000 7.077726 0.030000 5.920438 0.030000 5.937852 0.030000 5.624003 0.030000 5.386541 0.030000 0.374074 0.030000 0.547939 0.030000 8.244126 0.030000 8.088668 0.030000 3.004020 0.030000 3.021132 0.150000 5.962388 0.150000 5.309751 0.030000 2.802756 0.030000 2.650865 0.030000 5.650249 0.030000 5.603424 0.030000 1.147407 0.030000 1.068100 0.030000
7.212304 0.030000 7.199464 0.030000 1.678672 0.030000 1.792305 0.030000 6.677394 0.030000 6.579608 0.030000 9.668989 0.030000 9.561811 0.030000 7.435386 0.030000 7.393549 0.030000 2.794278 0.030000 2.654130 0.030000 3.250100 0.030000 3.451910 0.150000 4.068304 0.030000 3.922201 0.030000 7.282239 0.030000 7.119172 0.030000 5.889571 0.030000 5.985015 0.030000 5.688690 0.030000 5.413965 0.030000 0.298707 0.030000 0.468303 0.030000 8.217335 0.030000 8.117931 0.030000 3.101392 0.030000 3.221557 0.150000 5.532510 0.030000 5.388989 0.030000 3.330499 0.150000 2.685795 0.030000 5.791122 0.150000 5.615399 0.030000 1.215665 0.030000 1.056577 0.030000
7.104152 0.030000 7.183448 0.030000 1.643460 0.030000 1.792131 0.030000 6.803342 0.030000 6.597993 0.030000 10.010885 0.150000 9.547159 0.030000 7.447575 0.030000 7.369345 0.030000 2.884054 0.030000 2.671951 0.030000 3.227659 0.030000 3.302915 0.030000 4.038291 0.030000 3.890796 0.030000 7.326016 0.030000 7.163550 0.030000 5.951716 0.030000 5.925903 0.030000 5.719731 0.030000 5.504150 0.030000 0.360751 0.150000 0.439048 0.030000 8.280610 0.030000 8.120215 0.030000 3.032635 0.030000 3.005582 0.030000 5.619314 0.030000 5.418910 0.030000 2.876793 0.030000 2.663436 0.030000 5.732334 0.150000 5.638487 0.030000 1.221127 0.030000 1.092070 0.030000
