1.495857 0.030000 1.417185 0.030000 7.099151 0.030000 7.115448 0.030000 9.791792 0.030000 9.921985 0.030000 6.921873 0.030000 7.168108 0.030000 3.402264 0.150000 3.232494 0.030000 7.583111 0.030000 7.641815 0.030000 3.182476 0.030000 3.168306 0.030000 4.210515 0.030000 4.315879 0.030000 7.493505 0.030000 7.720104 0.030000 0.124449 0.030000 0.093906 0.030000 8.394909 0.030000 8.489897 0.030000 6.036692 0.030000 6.489440 0.150000
1.578710 0.030000 1.410186 0.030000 7.088939 0.030000 7.056285 0.030000 9.753671 0.030000 9.901898 0.030000 6.859973 0.030000 7.054768 0.030000 3.047434 0.030000 3.157444 0.030000 7.584727 0.030000 7.594065 0.030000 3.193106 0.030000 3.152434 0.030000 4.258142 0.150000 4.242493 0.030000 7.443357 0.030000 7.587742 0.030000 0.257165 0.030000 0.006414 0.030000 8.314091 0.030000 8.492840 0.030000 5.992285 0.030000 6.076338 0.150000
1.672800 0.030000 1.547074 0.030000 7.047881 0.030000 7.064649 0.030000 9.655322 0.030000 9.850209 0.030000 6.730914 0.030000 6.973445 0.030000 2.858673 0.030000 2.991741 0.030000 7.434522 0.030000 7.546407 0.030000 3.251800 0.030000 3.232315 0.030000 4.139585 0.150000 4.197548 0.030000 7.316789 0.030000 7.456715 0.030000 0.341539 0.030000 0.060766 0.150000 8.252327 0.030000 8.386943 0.030000 5.976441 0.030000 6.029422 0.030000
1.764576 0.030000 1.627938 0.030000 7.055435 0.030000 7.072903 0.030000 9.551516 0.030000 9.713327 0.030000 6.613893 0.030000 6.828654 0.030000 2.788525 0.030000 2.917124 0.030000 7.407671 0.030000 7.538356 0.030000 3.325893 0.030000 3.190271 0.030000 3.913362 0.030000 4.011509 0.030000 7.156553 0.030000 7.383421 0.030000 0.415015 0.030000 0.234814 0.030000 8.161107 0.030000 8.291845 0.030000 6.036338 0.030000 6.620009 0.150000
1.883667 0.030000 1.727085 0.030000 7.167600 0.030000 7.101687 0.030000 9.468839 0.030000 9.678738 0.030000 6.511185 0.030000 6.698334 0.030000 2.621428 0.030000 2.825283 0.030000 7.435813 0.030000 8.523332 0.150000 3.402233 0.030000 3.296261 0.030000 3.844456 0.030000 3.931896 0.030000 7.099825 0.030000 7.289911 0.150000 0.572129 0.030000 0.340369 0.030000 8.126190 0.030000 8.188323 0.030000 6.039728 0.030000 6.048532 0.030000
1.989577 0.030000 2.744672 0.150000 7.148118 0.030000 7.067878 0.150000 9.427606 0.030000 10.622781 0.150000 6.370682 0.030000 6.551248 0.030000 2.507611 0.030000 3.348554 0.150000 7.392491 0.030000 7.456125 0.030000 3.417555 0.030000 3.354476 0.030000 3.740264 0.030000 3.852162 0.030000 7.007958 0.030000 7.229581 0.150000 1.401999 0.150000 0.466759 0.030000 7.989913 0.030000 8.096934 0.030000 6.072979 0.030000 6.054368 0.030000
2.081778 0.030000 1.886524 0.030000 7.049148 0.150000 7.211255 0.030000 9.462226 0.150000 9.470223 0.030000 6.251317 0.030000 6.478061 0.030000 2.351665 0.030000 2.548447 0.030000 7.359614 0.030000 7.460205 0.030000 3.500177 0.030000 3.414723 0.030000 3.694510 0.030000 3.839230 0.030000 6.847864 0.030000 7.042567 0.030000 0.838039 0.030000 0.651324 0.030000 7.959062 0.030000 8.073826 0.030000 6.069799 0.030000 6.057609 0.030000
2.193801 0.030000 2.012686 0.030000 7.526941 0.150000 7.223989 0.030000 9.193230 0.030000 9.336966 0.030000 6.181268 0.030000 6.726837 0.150000 2.254719 0.030000 2.429416 0.030000 7.290062 0.030000 7.319580 0.030000 3.573480 0.030000 3.481992 0.030000 3.623340 0.030000 3.765631 0.030000 6.749540 0.030000 6.919360 0.030000 0.908432 0.030000 0.731222 0.030000 7.855376 0.030000 7.936940 0.030000 6.072244 0.030000 5.999231 0.030000
2.320425 0.030000 2.187289 0.030000 7.250823 0.030000 7.260551 0.030000 9.177324 0.030000 9.250907 0.030000 5.983205 0.030000 6.208055 0.030000 2.174663 0.030000 2.349689 0.030000 7.230467 0.030000 7.261288 0.030000 3.623364 0.030000 3.580589 0.030000 3.565999 0.030000 4.414618 0.150000 6.640804 0.030000 6.830398 0.030000 1.084398 0.030000 0.898508 0.030000 7.775029 0.030000 8.659850 0.150000 6.121120 0.030000 6.038488 0.030000
2.425881 0.030000 2.230345 0.030000 7.333787 0.030000 7.260988 0.030000 9.050517 0.030000 9.155075 0.030000 5.877135 0.030000 6.065128 0.030000 2.442600 0.150000 2.240027 0.030000 7.170363 0.030000 7.327739 0.030000 3.728861 0.030000 3.603071 0.030000 3.532456 0.030000 3.651040 0.030000 6.531973 0.030000 6.672233 0.030000 1.181476 0.030000 0.989748 0.030000 7.716675 0.030000 7.741391 0.030000 6.176455 0.030000 6.085661 0.030000
2.536641 0.030000 2.367491 0.030000 7.401016 0.030000 7.283301 0.030000 9.001698 0.030000 9.115044 0.030000 5.725470 0.030000 5.969083 0.030000 2.012884 0.030000 2.321409 0.150000 7.201969 0.030000 7.311113 0.030000 3.818582 0.030000 3.659073 0.030000 3.459995 0.030000 3.521907 0.030000 6.475653 0.150000 6.634626 0.030000 1.324816 0.030000 1.134070 0.030000 7.563677 0.030000 7.670800 0.030000 6.183338 0.030000 6.138339 0.030000
2.790838 0.150000 2.406940 0.030000 7.400172 0.030000 7.676011 0.150000 8.960624 0.030000 9.105834 0.030000 5.599622 0.030000 5.868254 0.030000 1.823614 0.030000 2.055551 0.030000 7.112478 0.030000 7.235830 0.030000 3.871221 0.030000 3.704021 0.030000 3.403007 0.030000 3.473265 0.030000 6.288123 0.030000 6.490033 0.030000 1.464256 0.030000 1.248046 0.030000 7.899412 0.150000 7.640767 0.030000 6.179591 0.030000 6.155339 0.030000
2.754835 0.030000 2.608309 0.030000 7.421600 0.030000 7.323512 0.150000 8.807430 0.030000 8.984977 0.030000 5.508822 0.150000 5.669230 0.030000 1.765620 0.030000 1.914743 0.030000 7.131606 0.030000 7.159545 0.030000 4.013819 0.030000 3.830361 0.030000 3.324217 0.030000 3.445850 0.030000 6.180501 0.030000 6.373435 0.030000 1.567416 0.030000 1.357973 0.030000 7.423360 0.030000 7.555571 0.030000 6.186689 0.030000 6.137048 0.030000
2.877270 0.030000 2.666443 0.030000 7.404538 0.030000 7.433091 0.030000 8.797800 0.030000 8.899367 0.030000 5.378292 0.030000 5.565083 0.030000 1.639961 0.030000 1.832182 0.030000 7.183318 0.030000 7.092741 0.030000 4.019982 0.030000 3.910831 0.030000 3.241344 0.030000 3.303682 0.030000 6.067695 0.030000 6.272991 0.030000 1.671667 0.030000 1.452724 0.030000 7.378179 0.030000 7.495978 0.030000 6.242135 0.030000 6.205072 0.030000
2.961993 0.030000 2.814749 0.030000 7.533076 0.030000 7.779043 0.150000 8.718830 0.030000 8.818245 0.030000 5.254134 0.030000 5.501873 0.030000 1.542047 0.030000 1.721791 0.030000 7.125585 0.030000 7.177905 0.030000 4.097372 0.030000 3.996817 0.030000 3.251697 0.030000 3.322985 0.030000 5.966287 0.030000 6.178338 0.030000 1.840814 0.030000 1.565194 0.030000 7.290272 0.030000 7.421888 0.030000 6.288608 0.030000 6.188946 0.030000
3.136963 0.030000 2.864087 0.030000 7.561396 0.030000 7.530676 0.030000 8.616542 0.030000 8.726269 0.030000 5.125878 0.030000 5.374680 0.030000 1.421215 0.030000 1.558202 0.030000 7.119660 0.030000 7.133551 0.030000 4.911674 0.150000 4.082480 0.030000 3.163887 0.030000 3.285395 0.150000 5.866886 0.030000 5.976938 0.030000 1.952079 0.030000 1.732548 0.030000 7.255032 0.030000 7.305700 0.030000 6.308024 0.030000 6.234890 0.030000
3.168300 0.030000 3.020680 0.030000 7.662999 0.030000 7.583565 0.030000 8.557856 0.030000 8.625910 0.030000 5.002416 0.030000 5.221278 0.030000 1.333719 0.030000 1.490596 0.030000 7.117042 0.030000 7.132290 0.030000 4.265282 0.030000 4.202360 0.030000 3.188221 0.030000 3.240440 0.030000 5.750655 0.030000 5.940014 0.030000 2.093717 0.030000 2.394560 0.150000 7.215719 0.030000 7.258405 0.030000 6.345224 0.030000 6.275697 0.030000
3.351481 0.030000 3.163901 0.150000 7.676277 0.030000 7.606839 0.030000 8.500944 0.030000 8.593165 0.030000 4.807646 0.030000 5.055907 0.030000 1.306879 0.030000 1.390811 0.030000 7.051069 0.030000 7.088710 0.030000 4.410855 0.030000 4.305363 0.030000 3.125021 0.030000 3.141484 0.030000 5.642195 0.030000 5.838683 0.030000 2.189240 0.030000 2.040619 0.030000 7.023157 0.030000 7.238727 0.030000 6.474172 0.150000 6.371757 0.030000
3.498400 0.030000 3.240862 0.030000 7.751771 0.030000 7.634125 0.030000 8.374105 0.030000 8.476585 0.030000 4.717956 0.030000 5.009072 0.030000 1.253420 0.030000 1.375509 0.030000 7.083066 0.030000 7.082764 0.030000 4.502833 0.030000 4.328846 0.030000 3.139260 0.030000 3.108652 0.030000 5.591646 0.030000 5.701759 0.030000 2.364638 0.030000 2.099457 0.030000 7.309763 0.150000 7.098303 0.030000 6.480225 0.030000 6.613822 0.150000
3.579057 0.030000 3.349074 0.030000 7.780427 0.030000 7.705619 0.030000 8.365685 0.030000 8.457877 0.030000 4.709304 0.030000 4.899137 0.030000 1.111543 0.030000 1.272759 0.030000 7.054121 0.030000 7.055802 0.030000 4.580803 0.030000 4.451966 0.030000 2.989869 0.030000 3.076547 0.030000 5.433265 0.030000 5.597375 0.030000 2.477135 0.030000 2.280649 0.030000 6.973817 0.030000 7.047623 0.030000 6.478851 0.030000 6.433334 0.030000
3.727325 0.030000 3.487438 0.030000 7.881312 0.030000 7.794986 0.030000 8.255751 0.030000 8.340706 0.030000 4.520841 0.030000 4.697763 0.030000 1.115608 0.030000 1.145383 0.030000 7.011374 0.030000 7.077979 0.030000 4.607170 0.150000 4.533034 0.030000 2.986486 0.030000 3.100227 0.030000 5.411126 0.030000 5.480680 0.030000 2.600270 0.030000 2.322455 0.030000 6.916653 0.030000 7.040857 0.030000 6.527831 0.030000 6.484530 0.030000
3.779431 0.030000 3.631392 0.030000 7.906013 0.030000 7.822055 0.030000 8.210134 0.030000 8.272282 0.030000 4.426402 0.030000 4.600653 0.030000 0.985782 0.030000 1.078976 0.030000 7.022089 0.030000 7.071100 0.030000 4.762086 0.030000 4.555895 0.150000 3.047994 0.030000 3.058620 0.030000 5.661542 0.150000 5.425234 0.030000 2.694725 0.030000 2.554827 0.030000 6.853018 0.030000 6.915743 0.030000 6.620987 0.030000 6.570643 0.030000
3.938008 0.030000 3.686316 0.030000 8.317358 0.150000 7.895100 0.030000 8.083614 0.030000 8.251420 0.030000 4.276709 0.030000 4.775173 0.150000 1.009939 0.030000 1.073382 0.030000 7.175243 0.150000 7.031647 0.030000 4.856415 0.030000 4.755478 0.030000 3.000162 0.030000 3.044820 0.030000 5.151394 0.030000 5.327391 0.030000 2.752703 0.150000 2.618689 0.030000 6.778735 0.030000 6.841317 0.030000 6.637403 0.030000 6.530734 0.030000
4.071142 0.030000 3.896988 0.030000 7.939084 0.150000 7.951268 0.030000 8.096155 0.030000 8.212166 0.030000 4.141890 0.030000 4.355412 0.030000 0.963803 0.030000 1.021827 0.030000 7.013259 0.030000 7.039754 0.030000 4.958064 0.030000 4.756067 0.030000 3.020064 0.030000 3.018629 0.030000 5.038020 0.030000 5.223926 0.030000 2.934034 0.030000 2.785704 0.030000 6.759964 0.030000 6.821814 0.030000 6.730977 0.030000 6.579338 0.030000
4.169650 0.030000 3.974877 0.030000 8.105140 0.030000 7.955794 0.030000 8.017966 0.030000 8.101935 0.030000 4.079054 0.030000 4.293641 0.030000 0.956562 0.030000 1.009193 0.030000 6.999701 0.030000 6.997767 0.030000 5.088534 0.030000 4.960459 0.030000 3.034472 0.030000 2.985732 0.030000 4.921154 0.030000 5.078202 0.030000 3.084282 0.030000 3.764759 0.150000 6.666455 0.030000 6.778880 0.030000 6.976491 0.150000 6.669112 0.030000
4.287402 0.030000 4.084174 0.030000 8.161979 0.030000 8.061849 0.030000 7.930876 0.030000 8.050077 0.030000 3.947077 0.030000 4.083805 0.150000 0.953688 0.030000 0.999046 0.030000 7.063798 0.030000 7.051061 0.030000 5.177351 0.030000 4.994791 0.030000 3.018805 0.030000 3.010428 0.030000 4.854747 0.030000 4.975284 0.030000 3.787844 0.150000 3.017213 0.030000 6.848914 0.150000 6.686431 0.030000 6.807289 0.030000 6.714481 0.030000
4.397372 0.030000 4.164885 0.030000 8.255308 0.030000 8.204050 0.030000 7.870816 0.030000 8.021158 0.030000 3.786399 0.030000 4.010326 0.030000 1.137952 0.150000 0.963172 0.030000 7.545416 0.150000 7.005032 0.030000 5.267834 0.030000 5.074168 0.030000 3.044516 0.030000 3.033689 0.030000 4.750035 0.030000 4.890397 0.030000 3.306464 0.030000 3.192197 0.030000 6.543784 0.030000 6.670326 0.030000 6.880806 0.030000 6.797487 0.030000
4.500645 0.030000 4.296497 0.030000 8.301104 0.030000 8.159272 0.030000 7.860077 0.030000 7.936753 0.030000 3.679985 0.030000 4.246403 0.150000 1.086941 0.030000 0.949924 0.030000 7.011184 0.030000 7.084026 0.030000 5.431922 0.030000 5.184661 0.030000 3.020068 0.030000 3.213847 0.150000 4.649245 0.030000 4.816608 0.030000 3.462241 0.030000 3.289151 0.030000 6.497643 0.030000 6.586000 0.030000 6.946945 0.030000 6.873197 0.030000
4.650494 0.030000 4.447264 0.030000 8.840261 0.150000 8.248516 0.030000 7.791769 0.030000 7.865516 0.030000 3.568595 0.030000 3.736879 0.030000 1.083804 0.030000 1.451465 0.150000 7.070372 0.030000 7.047988 0.030000 5.485928 0.030000 5.315236 0.030000 2.979884 0.030000 3.003653 0.030000 4.982123 0.150000 4.628335 0.030000 3.571129 0.030000 3.293831 0.030000 6.449850 0.030000 6.565413 0.030000 6.943344 0.030000 6.911694 0.030000
4.820301 0.030000 4.585480 0.030000 9.089461 0.150000 8.392069 0.150000 7.747689 0.030000 7.812044 0.030000 3.514574 0.030000 3.658001 0.030000 1.208140 0.030000 1.074496 0.030000 7.085076 0.030000 7.031405 0.030000 5.565102 0.030000 5.455335 0.030000 3.102811 0.030000 3.029509 0.030000 4.452342 0.030000 4.668156 0.150000 3.673724 0.030000 3.513252 0.030000 6.365791 0.030000 6.458874 0.030000 7.116433 0.030000 6.978114 0.030000
4.893313 0.030000 4.708221 0.030000 8.476835 0.030000 8.353011 0.030000 7.708553 0.030000 7.702832 0.030000 3.351109 0.030000 3.504958 0.030000 1.259783 0.030000 1.096868 0.030000 7.181127 0.150000 7.087016 0.030000 5.652801 0.030000 6.004635 0.150000 3.126779 0.030000 3.062969 0.030000 4.373206 0.030000 4.569289 0.030000 3.897748 0.030000 3.603703 0.030000 6.410558 0.030000 6.468429 0.030000 7.127272 0.030000 7.036517 0.030000
5.035646 0.030000 4.824239 0.030000 8.564306 0.030000 8.450481 0.030000 7.631236 0.030000 7.722520 0.030000 3.209615 0.030000 3.427057 0.030000 1.308466 0.030000 1.230072 0.030000 7.083338 0.030000 7.059855 0.030000 5.796422 0.030000 5.644382 0.030000 3.125356 0.030000 3.584979 0.150000 4.240053 0.030000 4.445381 0.030000 3.990305 0.030000 3.794506 0.030000 6.398220 0.030000 6.396668 0.030000 7.197122 0.030000 7.082023 0.030000
5.156342 0.030000 4.965516 0.030000 8.634515 0.030000 8.517530 0.030000 7.538602 0.030000 7.683602 0.030000 3.029379 0.030000 3.294148 0.030000 1.447093 0.030000 1.307688 0.030000 7.140224 0.030000 7.119634 0.030000 6.077591 0.150000 5.667982 0.030000 3.156296 0.030000 3.133470 0.030000 4.234401 0.030000 4.790300 0.150000 4.274666 0.150000 3.849745 0.030000 6.292889 0.030000 6.382141 0.030000 7.259133 0.030000 7.156475 0.030000
5.294940 0.030000 5.072811 0.030000 8.693885 0.030000 8.583030 0.030000 7.566968 0.030000 7.660869 0.030000 3.036318 0.030000 3.196806 0.030000 1.501334 0.030000 1.382181 0.030000 7.018943 0.150000 7.131538 0.030000 5.984134 0.030000 5.821913 0.030000 3.209253 0.030000 3.186590 0.030000 4.194366 0.030000 4.563199 0.150000 4.219286 0.030000 3.974917 0.030000 6.275521 0.030000 6.309068 0.030000 7.315301 0.030000 7.226625 0.030000
5.387329 0.150000 5.195756 0.030000 8.780515 0.030000 8.712637 0.030000 7.498049 0.030000 7.554204 0.030000 2.854085 0.150000 3.021925 0.030000 1.630672 0.030000 1.484209 0.030000 7.149993 0.030000 7.140408 0.030000 6.170100 0.030000 5.930216 0.030000 3.287341 0.030000 3.213311 0.030000 4.069515 0.030000 4.187318 0.030000 4.391234 0.150000 4.117763 0.030000 6.255894 0.030000 6.296186 0.030000 7.402007 0.030000 7.317780 0.030000
5.533017 0.030000 5.350275 0.030000 9.134881 0.150000 8.733619 0.030000 7.408777 0.030000 7.554045 0.030000 2.731882 0.030000 2.930123 0.030000 1.733530 0.030000 1.561835 0.030000 7.172066 0.030000 7.114037 0.030000 6.270456 0.030000 6.045304 0.030000 3.358466 0.030000 3.775166 0.150000 3.999182 0.030000 4.034220 0.030000 4.442442 0.030000 4.275031 0.030000 6.231530 0.030000 6.251484 0.030000 8.279470 0.150000 7.385811 0.030000
5.644411 0.030000 5.443041 0.030000 8.920900 0.030000 8.928541 0.150000 7.422677 0.030000 7.493291 0.030000 2.629321 0.030000 2.831872 0.030000 1.938448 0.150000 1.678597 0.030000 7.211380 0.030000 7.194874 0.030000 6.744943 0.150000 6.177808 0.030000 3.369163 0.030000 3.302279 0.030000 3.897344 0.030000 3.939916 0.030000 4.614469 0.030000 4.401531 0.030000 6.324805 0.150000 6.253588 0.030000 7.564305 0.030000 7.472992 0.030000
5.719452 0.030000 5.561103 0.030000 9.049578 0.030000 8.938502 0.030000 7.355617 0.030000 7.435208 0.030000 2.497560 0.030000 3.582981 0.150000 1.932926 0.030000 1.748138 0.030000 7.243203 0.030000 7.162737 0.030000 6.440222 0.030000 6.306750 0.030000 3.454065 0.030000 3.389543 0.030000 3.815882 0.030000 3.894521 0.030000 4.730044 0.030000 4.478923 0.030000 6.185036 0.030000 7.063821 0.150000 7.961110 0.150000 7.520613 0.030000
5.835226 0.030000 5.718543 0.030000 9.103537 0.030000 9.032090 0.030000 7.375096 0.030000 7.385137 0.030000 2.403187 0.030000 2.597860 0.030000 2.005332 0.030000 1.863680 0.030000 7.349221 0.030000 7.259711 0.030000 6.594316 0.030000 6.421480 0.030000 3.569414 0.030000 3.408465 0.030000 3.723297 0.030000 3.815779 0.030000 4.809215 0.030000 4.780836 0.150000 6.171614 0.030000 6.132832 0.030000 7.679960 0.030000 7.624187 0.030000
6.786106 0.150000 5.857984 0.030000 9.171328 0.030000 9.084584 0.030000 7.267271 0.030000 7.341342 0.030000 2.326958 0.030000 2.456509 0.030000 2.158128 0.030000 1.970510 0.030000 7.306356 0.030000 7.220870 0.030000 6.646787 0.030000 6.467735 0.030000 3.546425 0.030000 3.512236 0.030000 3.577915 0.030000 3.816595 0.030000 4.952857 0.030000 4.749056 0.030000 6.089720 0.030000 6.201180 0.030000 7.772033 0.030000 7.646729 0.030000
6.149398 0.030000 5.976104 0.030000 9.255685 0.030000 9.382480 0.150000 7.265819 0.030000 7.337995 0.030000 2.157433 0.030000 2.331831 0.030000 2.291175 0.030000 2.033332 0.030000 7.357776 0.030000 7.261800 0.030000 6.797526 0.030000 6.639207 0.030000 3.640669 0.030000 3.499819 0.030000 3.594615 0.030000 3.744121 0.030000 5.095601 0.030000 4.921989 0.030000 6.076388 0.030000 6.140126 0.030000 7.915864 0.150000 7.755213 0.030000
6.263001 0.030000 6.033746 0.030000 9.331012 0.030000 9.223307 0.030000 7.263861 0.030000 7.312961 0.030000 2.052002 0.030000 2.264509 0.030000 2.405420 0.030000 2.174768 0.030000 7.458700 0.030000 7.351406 0.030000 6.865978 0.030000 6.727703 0.030000 3.728419 0.030000 3.567997 0.030000 3.501146 0.030000 3.629899 0.030000 5.166991 0.030000 4.979506 0.030000 6.079674 0.030000 6.074308 0.030000 7.946117 0.030000 7.844399 0.030000
6.411415 0.030000 6.180154 0.030000 9.427811 0.030000 9.328885 0.030000 7.215017 0.030000 7.273470 0.030000 1.941672 0.030000 2.376475 0.150000 2.409166 0.030000 2.289291 0.030000 7.422998 0.030000 7.301474 0.030000 6.977687 0.030000 6.825304 0.030000 3.801116 0.030000 3.609403 0.030000 3.495666 0.030000 3.926836 0.150000 5.660353 0.150000 5.118462 0.030000 6.037891 0.030000 6.102063 0.030000 8.030319 0.030000 7.871954 0.030000
6.425741 0.030000 6.266325 0.030000 9.548294 0.030000 9.363076 0.030000 7.236854 0.030000 7.233508 0.030000 1.945708 0.030000 2.055669 0.030000 2.582103 0.030000 2.366594 0.030000 7.491678 0.150000 7.405763 0.030000 7.044890 0.030000 6.969117 0.030000 3.849198 0.030000 3.729253 0.030000 3.508844 0.150000 3.536939 0.030000 5.555052 0.150000 5.129422 0.030000 6.045703 0.030000 6.006104 0.030000 8.057070 0.030000 8.012273 0.030000
6.692742 0.150000 6.396354 0.030000 9.511978 0.030000 9.396197 0.030000 7.220260 0.030000 7.251403 0.030000 1.800236 0.030000 1.952663 0.030000 2.637142 0.030000 2.455007 0.030000 7.495115 0.030000 7.436243 0.030000 7.219279 0.150000 6.992824 0.030000 3.865345 0.030000 3.765717 0.030000 3.415746 0.030000 3.480184 0.030000 5.478961 0.030000 5.249353 0.030000 6.086348 0.030000 6.083369 0.030000 8.150585 0.030000 8.090979 0.030000
6.563083 0.030000 6.443598 0.030000 9.592632 0.030000 9.536630 0.030000 7.174394 0.030000 7.267150 0.150000 1.726501 0.030000 1.930578 0.030000 2.702011 0.030000 2.493368 0.030000 7.400625 0.150000 7.424361 0.030000 7.206355 0.030000 7.023010 0.030000 3.946963 0.030000 3.769865 0.030000 3.381354 0.030000 3.493620 0.030000 5.533855 0.030000 5.381298 0.030000 6.038798 0.030000 6.062517 0.030000 8.155098 0.030000 8.061705 0.030000
6.644891 0.030000 6.501699 0.030000 9.652654 0.030000 9.526682 0.030000 7.080772 0.030000 7.163535 0.030000 1.668640 0.030000 1.751668 0.150000 2.789489 0.030000 2.551666 0.030000 7.548316 0.030000 7.503167 0.030000 7.302051 0.030000 7.114133 0.030000 3.984698 0.030000 3.850252 0.030000 3.331182 0.030000 3.416731 0.030000 5.606612 0.030000 5.451611 0.030000 6.045066 0.030000 6.037924 0.030000 8.209872 0.030000 8.122067 0.030000
6.738569 0.030000 6.565581 0.030000 9.733316 0.030000 9.539240 0.030000 7.293491 0.150000 7.208193 0.030000 1.655223 0.030000 1.840114 0.030000 2.782662 0.030000 2.595668 0.030000 7.564948 0.030000 7.436462 0.030000 7.342051 0.030000 7.156414 0.030000 4.032051 0.030000 3.899628 0.030000 3.343204 0.030000 3.355320 0.030000 5.657121 0.030000 5.436871 0.030000 6.039927 0.030000 6.050473 0.030000 8.260281 0.150000 8.145822 0.030000
6.765503 0.030000 6.560445 0.030000 10.081945 0.150000 9.589982 0.030000 7.167982 0.030000 7.124332 0.030000 1.596386 0.030000 1.752547 0.030000 2.964292 0.030000 2.648894 0.030000 7.569000 0.030000 7.490140 0.030000 7.390077 0.030000 7.122217 0.030000 4.058059 0.030000 3.895205 0.030000 3.525764 0.150000 3.344476 0.030000 5.775466 0.030000 5.509626 0.030000 6.026910 0.030000 6.010360 0.030000 8.587374 0.150000 8.183668 0.030000
6.853297 0.030000 6.965740 0.150000 9.773373 0.030000 9.555811 0.030000 7.358246 0.150000 7.170746 0.030000 1.543396 0.030000 1.706218 0.030000 2.906845 0.030000 2.708075 0.030000 7.549202 0.030000 7.917442 0.150000 7.371057 0.030000 7.239714 0.030000 4.078612 0.030000 4.102892 0.150000 3.283554 0.030000 3.287450 0.030000 5.816023 0.030000 5.590615 0.030000 6.011187 0.030000 6.087702 0.030000 8.342967 0.030000 8.207278 0.030000
6.795426 0.030000 6.677450 0.030000 9.739562 0.030000 9.661741 0.030000 7.100867 0.030000 7.140852 0.030000 1.614373 0.030000 1.719549 0.030000 2.952083 0.030000 2.743097 0.030000 7.644710 0.030000 7.516758 0.030000 7.429687 0.030000 7.262323 0.030000 4.088476 0.030000 3.921626 0.030000 3.268785 0.030000 3.363173 0.030000 5.811880 0.030000 5.611502 0.030000 6.053594 0.030000 6.053461 0.030000 8.347527 0.030000 8.262471 0.030000
6.857604 0.030000 6.627618 0.030000 9.866747 0.150000 9.765015 0.030000 7.044655 0.030000 7.177123 0.030000 1.516572 0.030000 1.643343 0.030000 2.989836 0.030000 2.745580 0.030000 7.618661 0.030000 7.560595 0.030000 7.447046 0.030000 7.317054 0.030000 4.130418 0.030000 4.027797 0.030000 3.211955 0.030000 3.333727 0.030000 5.812182 0.030000 5.651338 0.030000 6.003929 0.030000 6.068378 0.030000 8.323086 0.030000 9.291393 0.150000
6.984709 0.030000 6.706240 0.030000 9.721544 0.030000 9.751935 0.030000 7.051607 0.030000 7.226141 0.030000 1.604454 0.030000 1.627161 0.030000 3.029052 0.030000 2.915857 0.030000 7.535185 0.030000 7.560582 0.030000 7.477867 0.030000 7.364511 0.030000 4.101033 0.030000 4.076640 0.030000 3.157552 0.030000 3.286114 0.030000 5.896784 0.030000 5.760218 0.030000 5.926430 0.030000 6.073227 0.030000 8.283075 0.030000 8.786436 0.150000
6.985889 0.030000 6.892604 0.030000 9.623186 0.030000 9.726263 0.030000 6.857849 0.030000 7.110783 0.030000 1.610682 0.030000 1.545078 0.030000 3.059799 0.030000 2.941284 0.030000 7.453275 0.030000 7.540219 0.030000 7.486950 0.030000 7.467702 0.030000 4.101382 0.150000 4.103797 0.030000 3.123438 0.030000 3.185092 0.030000 5.922059 0.030000 5.768850 0.030000 5.799022 0.030000 6.043370 0.030000 8.302404 0.030000 8.327604 0.030000
6.990376 0.030000 6.908555 0.030000 9.603034 0.030000 9.735784 0.030000 6.765207 0.030000 6.981784 0.030000 1.653074 0.030000 1.710970 0.150000 3.186519 0.030000 3.068963 0.030000 7.859217 0.150000 7.488664 0.030000 7.452199 0.030000 7.444835 0.030000 4.025287 0.150000 4.660069 0.150000 2.915110 0.030000 3.109462 0.030000 5.932004 0.030000 5.866811 0.030000 5.709496 0.030000 5.930322 0.030000 8.212036 0.030000 8.330813 0.030000
7.061767 0.030000 6.839984 0.150000 9.557689 0.030000 9.716268 0.030000 6.680119 0.030000 6.839177 0.030000 1.769138 0.030000 1.602323 0.150000 3.243102 0.030000 3.127132 0.030000 7.262278 0.030000 7.824904 0.150000 7.418490 0.030000 7.474148 0.030000 4.521609 0.150000 3.995577 0.030000 2.818214 0.030000 3.893981 0.150000 5.918867 0.030000 5.978051 0.030000 5.626407 0.030000 5.800854 0.030000 8.432313 0.150000 8.239972 0.030000
7.036300 0.030000 7.097689 0.030000 9.476963 0.030000 9.597890 0.030000 6.535845 0.150000 6.756983 0.030000 1.853856 0.030000 1.715398 0.030000 3.297509 0.030000 3.191141 0.030000 7.131978 0.030000 7.306878 0.030000 7.417250 0.030000 7.439364 0.030000 3.748762 0.030000 3.958668 0.030000 2.672695 0.030000 2.924682 0.030000 5.982658 0.030000 5.983558 0.030000 5.760164 0.150000 5.787175 0.150000 8.098888 0.030000 8.245767 0.030000
7.160661 0.030000 7.064572 0.030000 9.438268 0.030000 9.552428 0.030000 6.455150 0.030000 7.031647 0.150000 1.955127 0.030000 1.784874 0.030000 3.346653 0.030000 3.227676 0.030000 7.063438 0.030000 7.220345 0.030000 7.395423 0.030000 7.382082 0.030000 3.791895 0.030000 3.911877 0.030000 2.530621 0.030000 2.685790 0.030000 5.984938 0.030000 5.934535 0.030000 5.375166 0.030000 5.578837 0.150000 8.002859 0.030000 8.129670 0.030000
7.162274 0.030000 7.109615 0.030000 9.319439 0.030000 9.438793 0.030000 6.294544 0.030000 6.531453 0.030000 2.116636 0.030000 1.942581 0.030000 3.388716 0.030000 3.320768 0.030000 6.936391 0.030000 7.065323 0.030000 7.293712 0.030000 7.338608 0.030000 3.684567 0.030000 3.795378 0.030000 3.048756 0.150000 2.629656 0.030000 6.030009 0.030000 5.992675 0.030000 5.220554 0.030000 5.391654 0.030000 7.902795 0.030000 8.083519 0.030000
7.166266 0.030000 7.164773 0.030000 9.217992 0.150000 9.338225 0.030000 7.112203 0.150000 6.366721 0.030000 2.159560 0.030000 2.021178 0.150000 3.490951 0.030000 3.454179 0.150000 7.471245 0.150000 6.978794 0.030000 7.291058 0.030000 7.388374 0.030000 3.631198 0.030000 3.715724 0.030000 2.354981 0.030000 2.528134 0.030000 6.026233 0.030000 6.059926 0.030000 5.070083 0.030000 5.329303 0.030000 7.791606 0.030000 8.015846 0.030000
7.991915 0.150000 7.181787 0.030000 9.156470 0.030000 9.258545 0.030000 6.073211 0.030000 6.856531 0.150000 2.272606 0.030000 2.152274 0.030000 3.564379 0.030000 3.434430 0.030000 6.702889 0.030000 6.851968 0.030000 7.263171 0.030000 7.237111 0.030000 3.557903 0.030000 4.193381 0.150000 2.229713 0.030000 2.407261 0.030000 6.056033 0.030000 6.061345 0.030000 4.992788 0.030000 5.173194 0.030000 7.716372 0.030000 7.924679 0.030000
7.290547 0.030000 7.187134 0.030000 9.061420 0.030000 9.245497 0.030000 5.858508 0.030000 6.139814 0.030000 2.437837 0.030000 2.250767 0.030000 3.756623 0.150000 3.476733 0.030000 6.577496 0.030000 6.775808 0.030000 7.213332 0.030000 7.228997 0.030000 3.428127 0.030000 3.634470 0.030000 2.061041 0.030000 2.302357 0.030000 6.102843 0.030000 6.054941 0.030000 4.767495 0.030000 5.034101 0.030000 7.681839 0.030000 7.824312 0.030000
7.316156 0.030000 7.271288 0.030000 9.034297 0.030000 9.230047 0.030000 5.825935 0.030000 5.953546 0.030000 2.563950 0.030000 2.873324 0.150000 3.732866 0.030000 3.576011 0.030000 6.475265 0.030000 6.646874 0.030000 7.223857 0.030000 7.206993 0.030000 3.429312 0.030000 3.515006 0.030000 2.002353 0.030000 2.186493 0.030000 6.140267 0.030000 6.106050 0.030000 4.730007 0.030000 4.953146 0.030000 7.611043 0.030000 7.694837 0.030000
7.393959 0.030000 7.353172 0.150000 9.005501 0.030000 9.070580 0.030000 5.715468 0.030000 5.797464 0.150000 2.570429 0.030000 2.423697 0.030000 3.797529 0.030000 3.677409 0.030000 6.399219 0.030000 6.600379 0.030000 7.516067 0.150000 7.158270 0.030000 4.414563 0.150000 3.455293 0.030000 1.900309 0.030000 2.129091 0.030000 6.187380 0.030000 6.040904 0.030000 4.625311 0.030000 4.862230 0.030000 7.516038 0.030000 7.697388 0.030000
7.405835 0.030000 7.297106 0.030000 8.932160 0.030000 9.039378 0.030000 5.656362 0.030000 5.823846 0.030000 2.704145 0.030000 2.540506 0.030000 3.856580 0.030000 3.657479 0.030000 6.351288 0.030000 6.424675 0.030000 7.159943 0.030000 7.228810 0.030000 3.322101 0.030000 3.398950 0.030000 1.850422 0.030000 2.022651 0.030000 6.165418 0.030000 6.093157 0.030000 4.521399 0.030000 4.717190 0.030000 7.536336 0.030000 8.517336 0.150000
7.604645 0.150000 7.345489 0.030000 8.869209 0.030000 9.006632 0.030000 5.435653 0.150000 5.792319 0.030000 2.745571 0.030000 2.598800 0.030000 3.834766 0.030000 3.755858 0.030000 6.219381 0.030000 6.393077 0.030000 7.151668 0.030000 7.174541 0.030000 3.314159 0.030000 3.398406 0.030000 1.737167 0.150000 2.011160 0.030000 6.158029 0.030000 6.107424 0.030000 4.460605 0.030000 4.714359 0.030000 7.525969 0.030000 7.603444 0.030000
7.484936 0.030000 7.361406 0.030000 8.777085 0.030000 8.924737 0.030000 5.504959 0.030000 5.653435 0.030000 2.789480 0.030000 2.655730 0.030000 3.913288 0.030000 3.813179 0.030000 6.188949 0.030000 6.317909 0.030000 7.141279 0.030000 7.133167 0.030000 3.233992 0.030000 3.365794 0.030000 1.750319 0.030000 1.895179 0.030000 6.159380 0.030000 6.128262 0.030000 4.374049 0.030000 5.564420 0.150000 7.431328 0.030000 7.544859 0.030000
7.476946 0.030000 7.402046 0.030000 8.824075 0.030000 8.886328 0.030000 5.426986 0.030000 5.607124 0.030000 2.834311 0.030000 2.716317 0.030000 3.951379 0.030000 3.831602 0.030000 6.146939 0.030000 6.355955 0.030000 7.037648 0.030000 7.169256 0.030000 3.210979 0.030000 3.311666 0.030000 1.772569 0.150000 1.896517 0.030000 6.203777 0.030000 6.134442 0.030000 4.332436 0.030000 4.492467 0.030000 7.394452 0.030000 7.493589 0.030000
7.458393 0.030000 7.396329 0.030000 8.748323 0.030000 8.887962 0.030000 5.384162 0.030000 5.605873 0.030000 2.980042 0.030000 2.772774 0.030000 3.958566 0.030000 3.888698 0.030000 6.112087 0.030000 6.281921 0.030000 7.100659 0.030000 7.337611 0.150000 3.154936 0.030000 3.343632 0.030000 1.643628 0.030000 1.845630 0.030000 6.197011 0.030000 6.147380 0.030000 4.330366 0.030000 4.500235 0.030000 7.357411 0.030000 7.480864 0.030000
7.478563 0.030000 7.415334 0.030000 8.726021 0.030000 8.828926 0.030000 5.382026 0.030000 5.565207 0.030000 2.973963 0.030000 2.734340 0.030000 4.020654 0.030000 3.894269 0.030000 6.063892 0.030000 6.167858 0.030000 7.068670 0.030000 7.161326 0.030000 3.229007 0.030000 3.267878 0.030000 1.617777 0.030000 1.759838 0.030000 6.213513 0.030000 6.149006 0.030000 4.259177 0.030000 4.438684 0.030000 7.283016 0.030000 7.451782 0.030000
7.515684 0.030000 7.446885 0.030000 8.739825 0.030000 8.807562 0.030000 5.357990 0.030000 5.504330 0.030000 2.964245 0.030000 2.808723 0.030000 4.025519 0.030000 3.922262 0.030000 5.993339 0.030000 6.422894 0.150000 7.064093 0.030000 7.323774 0.150000 3.197313 0.030000 3.291839 0.030000 1.544446 0.030000 1.758863 0.030000 6.255869 0.030000 6.250970 0.030000 4.212641 0.030000 4.399756 0.030000 7.356700 0.030000 7.456258 0.030000
7.499549 0.030000 7.461163 0.030000 8.677340 0.030000 8.818522 0.030000 5.489783 0.150000 5.499264 0.030000 2.995327 0.030000 2.783969 0.030000 4.080393 0.030000 4.259838 0.150000 5.986641 0.030000 6.195619 0.030000 6.997426 0.030000 7.148330 0.030000 3.199495 0.030000 3.313498 0.030000 1.591111 0.030000 1.772571 0.030000 6.184653 0.030000 6.184543 0.030000 4.210589 0.030000 4.369640 0.030000 7.268956 0.030000 7.417363 0.030000
7.509031 0.030000 7.476994 0.030000 8.639150 0.030000 8.764991 0.030000 5.237837 0.030000 5.422706 0.030000 3.106502 0.030000 2.877877 0.030000 4.015687 0.030000 3.979523 0.030000 5.911510 0.030000 6.116037 0.030000 6.989933 0.030000 7.151908 0.030000 3.056817 0.030000 3.286021 0.030000 1.635330 0.030000 1.699533 0.030000 6.147350 0.030000 6.218492 0.150000 4.169116 0.030000 4.317080 0.030000 7.226137 0.030000 7.445411 0.030000
7.414374 0.030000 7.498454 0.030000 8.548901 0.030000 8.691339 0.030000 5.492951 0.150000 5.352235 0.030000 3.166580 0.030000 3.008888 0.030000 3.991203 0.030000 4.011288 0.030000 5.861274 0.030000 6.008411 0.030000 6.929167 0.030000 7.039701 0.030000 3.382059 0.150000 3.212368 0.030000 1.591493 0.030000 1.622369 0.030000 6.146807 0.030000 6.190488 0.030000 4.091261 0.030000 4.279883 0.030000 7.134449 0.030000 7.308534 0.030000
7.304293 0.030000 7.436103 0.030000 8.428526 0.030000 8.626414 0.030000 5.245989 0.030000 5.296125 0.030000 3.248035 0.030000 3.046296 0.030000 3.924796 0.030000 3.998369 0.030000 5.816319 0.030000 5.975212 0.030000 6.812653 0.030000 6.967741 0.030000 2.825882 0.030000 3.143499 0.030000 1.737291 0.030000 1.567453 0.030000 6.032572 0.030000 6.180137 0.030000 4.139315 0.030000 4.131411 0.030000 7.080152 0.150000 7.203097 0.030000
7.176146 0.030000 7.331212 0.030000 8.334421 0.030000 8.498892 0.030000 5.274542 0.030000 5.253199 0.030000 3.269544 0.030000 3.157042 0.030000 3.879517 0.030000 3.934495 0.030000 5.714535 0.030000 5.815510 0.030000 6.681920 0.030000 6.860614 0.030000 2.799017 0.030000 2.990873 0.030000 1.775122 0.030000 1.685613 0.030000 5.885737 0.030000 6.090345 0.030000 4.114830 0.030000 4.114599 0.030000 6.914465 0.030000 7.048362 0.030000
7.122872 0.030000 7.252498 0.030000 8.210368 0.030000 8.392042 0.030000 5.310036 0.030000 5.216281 0.030000 3.828209 0.150000 3.259150 0.030000 4.060132 0.150000 3.906403 0.030000 5.677164 0.030000 5.763746 0.030000 6.577524 0.030000 6.757307 0.030000 2.621955 0.030000 2.868920 0.030000 1.917905 0.030000 1.672861 0.030000 5.802967 0.030000 5.937186 0.030000 4.158768 0.030000 4.450638 0.150000 6.795117 0.030000 7.361248 0.150000
6.915111 0.030000 7.162674 0.030000 8.106544 0.030000 8.321590 0.030000 5.329626 0.030000 5.297820 0.030000 3.369207 0.030000 3.304361 0.030000 3.688413 0.030000 3.875376 0.030000 5.640059 0.030000 5.723376 0.030000 6.397926 0.030000 6.676580 0.030000 2.550342 0.030000 2.731657 0.030000 1.961560 0.030000 1.839576 0.030000 5.653258 0.030000 5.909969 0.030000 4.151080 0.030000 4.092633 0.030000 6.713076 0.030000 6.866459 0.030000
6.843153 0.030000 7.067344 0.030000 8.021010 0.030000 8.163178 0.030000 5.385109 0.030000 5.346530 0.030000 3.500754 0.030000 3.366677 0.030000 3.593174 0.030000 3.723516 0.030000 5.557403 0.030000 5.667625 0.030000 6.268387 0.030000 6.506338 0.030000 2.438876 0.030000 2.587252 0.030000 2.071596 0.030000 1.905283 0.030000 5.518459 0.030000 5.709494 0.030000 4.462498 0.150000 4.104648 0.030000 6.599537 0.030000 6.743665 0.030000
6.732744 0.030000 7.284727 0.150000 7.961075 0.030000 8.062550 0.030000 5.435265 0.150000 5.367063 0.030000 3.537849 0.030000 3.387212 0.030000 3.545239 0.030000 3.749268 0.150000 5.520229 0.030000 5.647897 0.030000 6.209770 0.030000 6.299918 0.030000 2.329140 0.030000 2.482690 0.030000 2.230984 0.030000 2.047450 0.030000 5.437531 0.030000 5.566124 0.030000 4.205672 0.030000 4.190726 0.030000 6.515513 0.030000 6.732708 0.030000
7.266187 0.150000 6.810077 0.030000 7.822263 0.030000 7.924088 0.030000 5.471804 0.030000 5.422034 0.030000 3.606583 0.030000 3.814923 0.150000 3.469117 0.030000 3.626829 0.030000 5.319920 0.150000 5.532453 0.030000 6.049103 0.030000 6.247767 0.030000 2.189903 0.030000 2.349169 0.030000 2.308606 0.030000 2.173890 0.030000 5.341951 0.030000 5.481932 0.030000 4.161680 0.030000 4.153429 0.030000 6.415869 0.030000 6.560423 0.030000
6.513152 0.030000 6.683197 0.030000 7.708217 0.030000 7.851369 0.030000 5.532105 0.030000 5.464261 0.030000 3.640732 0.030000 3.544021 0.030000 3.358515 0.030000 3.493214 0.030000 6.268525 0.150000 5.499634 0.030000 5.883490 0.030000 6.125075 0.030000 2.110077 0.030000 2.250055 0.030000 2.415819 0.030000 2.634399 0.150000 5.165795 0.030000 5.405213 0.030000 4.274039 0.030000 4.218944 0.030000 6.351176 0.030000 6.425397 0.030000
6.418453 0.030000 6.573075 0.030000 7.629496 0.030000 7.805277 0.030000 5.529649 0.030000 5.486452 0.030000 3.762543 0.030000 3.622709 0.030000 4.588287 0.150000 3.508231 0.030000 5.217340 0.150000 5.426720 0.030000 5.743765 0.030000 5.994744 0.030000 1.877677 0.150000 2.173927 0.030000 2.536676 0.030000 2.359409 0.030000 5.459684 0.150000 5.248411 0.030000 4.265521 0.030000 4.485870 0.150000 6.235737 0.030000 6.380560 0.030000
6.283076 0.030000 6.464201 0.030000 7.553783 0.030000 7.749454 0.150000 5.695947 0.030000 5.479987 0.030000 3.756987 0.030000 3.683202 0.030000 3.339287 0.030000 3.821824 0.150000 5.292747 0.030000 5.434689 0.030000 5.673349 0.030000 5.842184 0.030000 1.848662 0.030000 2.082107 0.030000 2.656324 0.030000 2.416320 0.030000 4.962059 0.030000 5.107796 0.030000 4.301445 0.030000 4.303544 0.030000 6.165516 0.030000 6.280991 0.030000
6.199863 0.030000 6.417852 0.030000 7.422304 0.030000 7.510082 0.030000 5.707394 0.030000 5.583081 0.030000 3.877197 0.030000 3.763633 0.030000 3.255884 0.030000 3.361425 0.030000 5.247700 0.030000 5.356203 0.030000 5.574333 0.030000 5.732654 0.030000 1.758989 0.030000 1.913992 0.030000 3.539789 0.150000 2.613613 0.030000 4.866996 0.030000 5.011290 0.030000 4.372868 0.030000 4.252105 0.030000 6.033610 0.030000 6.194085 0.030000
6.101330 0.030000 6.263309 0.030000 7.324979 0.030000 7.482202 0.030000 5.697517 0.030000 5.632129 0.030000 3.942638 0.030000 3.801780 0.030000 3.198777 0.030000 3.276160 0.030000 5.232807 0.030000 5.321012 0.030000 5.426835 0.030000 5.659108 0.030000 1.845852 0.150000 1.766184 0.030000 3.279064 0.150000 2.690665 0.030000 4.740333 0.030000 4.920437 0.030000 4.378050 0.030000 4.289917 0.030000 5.938006 0.030000 6.501038 0.150000
5.977114 0.030000 6.151359 0.030000 7.248282 0.030000 7.417309 0.030000 5.729422 0.030000 5.705179 0.030000 4.059180 0.030000 4.184659 0.150000 3.152431 0.030000 3.219913 0.030000 5.232824 0.030000 5.270706 0.030000 5.295087 0.030000 5.494701 0.030000 1.566560 0.030000 1.697275 0.030000 3.017867 0.030000 2.778234 0.030000 4.588429 0.030000 4.812339 0.030000 4.419779 0.030000 4.366212 0.030000 5.874295 0.030000 5.985319 0.030000
5.862531 0.030000 6.011253 0.030000 7.200583 0.030000 7.432268 0.150000 5.845125 0.030000 5.759891 0.150000 4.155578 0.030000 4.043995 0.030000 3.089877 0.030000 3.169317 0.030000 5.222141 0.030000 5.261332 0.030000 5.215701 0.030000 5.392319 0.030000 1.525344 0.030000 1.696339 0.030000 3.347572 0.150000 2.986229 0.030000 4.539861 0.030000 4.773517 0.030000 4.504541 0.030000 4.421806 0.030000 5.778047 0.030000 5.927433 0.030000
5.729760 0.030000 5.929173 0.030000 7.128721 0.030000 7.212251 0.030000 5.881592 0.030000 5.740811 0.030000 4.336257 0.030000 4.064691 0.030000 3.083442 0.030000 3.375572 0.150000 5.214912 0.030000 5.215280 0.030000 5.075683 0.030000 5.293949 0.150000 1.366600 0.030000 1.526338 0.030000 3.244376 0.030000 3.047781 0.030000 4.360568 0.030000 4.564568 0.030000 4.525665 0.030000 4.501618 0.030000 5.648406 0.030000 5.828477 0.030000
5.631180 0.030000 5.781891 0.030000 6.991026 0.030000 7.124470 0.030000 5.933477 0.030000 6.093731 0.150000 4.338571 0.030000 4.186522 0.030000 2.983166 0.030000 3.068360 0.030000 5.123296 0.030000 5.454683 0.150000 5.037000 0.150000 5.171854 0.030000 1.326574 0.030000 1.451198 0.030000 3.321268 0.030000 3.191138 0.030000 4.293742 0.030000 4.474272 0.030000 4.596842 0.030000 4.581535 0.030000 5.645154 0.030000 5.708452 0.030000
5.522830 0.030000 6.446819 0.150000 6.919719 0.030000 7.045309 0.030000 5.789753 0.150000 5.931700 0.030000 4.821593 0.150000 4.271587 0.030000 2.955556 0.030000 3.067560 0.030000 5.154843 0.030000 5.150530 0.030000 4.846980 0.030000 5.225841 0.150000 1.280461 0.030000 1.356492 0.030000 3.485776 0.030000 3.264730 0.030000 4.171865 0.030000 4.327648 0.030000 4.687077 0.030000 5.768240 0.150000 5.518407 0.030000 5.627110 0.030000
5.439714 0.030000 5.641469 0.030000 6.811963 0.030000 6.922592 0.030000 6.061342 0.030000 5.965853 0.030000 4.482446 0.030000 4.322484 0.030000 2.967304 0.030000 3.002894 0.030000 5.091068 0.030000 5.180620 0.030000 4.670300 0.030000 4.871722 0.030000 1.206063 0.030000 1.266607 0.030000 3.556822 0.030000 3.433252 0.030000 4.041533 0.030000 4.208397 0.030000 4.650205 0.150000 4.657867 0.030000 5.399165 0.030000 5.548881 0.030000
5.343639 0.030000 5.436586 0.030000 6.747759 0.030000 6.857170 0.030000 6.147204 0.030000 6.111875 0.030000 4.637762 0.030000 4.461373 0.030000 3.884190 0.150000 3.018279 0.030000 5.101381 0.030000 5.116650 0.030000 4.583710 0.030000 4.813518 0.030000 1.166103 0.030000 1.245378 0.030000 3.667350 0.030000 3.497296 0.030000 4.353007 0.150000 4.182956 0.030000 4.775204 0.030000 4.662036 0.030000 5.834435 0.150000 5.453240 0.030000
5.222219 0.030000 5.419697 0.030000 6.664657 0.030000 6.763529 0.030000 6.213090 0.030000 6.093687 0.030000 5.128026 0.150000 4.875410 0.150000 2.878943 0.030000 2.924126 0.030000 5.085394 0.030000 5.118215 0.030000 4.456036 0.030000 4.665838 0.030000 1.066924 0.030000 1.137966 0.030000 3.816923 0.030000 3.658829 0.030000 3.829368 0.030000 4.030868 0.030000 4.870224 0.030000 4.770208 0.030000 5.209072 0.030000 5.327142 0.030000
5.304085 0.150000 5.277375 0.030000 6.555771 0.030000 6.642664 0.030000 6.327920 0.030000 6.188056 0.030000 4.816332 0.030000 4.653275 0.030000 2.935592 0.030000 2.927653 0.030000 5.082360 0.030000 5.098216 0.030000 4.324315 0.030000 4.547688 0.030000 1.029869 0.030000 1.091497 0.030000 4.232167 0.150000 3.763780 0.030000 3.710327 0.030000 3.932835 0.030000 4.916614 0.030000 4.798790 0.030000 5.314656 0.150000 5.313812 0.030000
5.076276 0.030000 5.163094 0.030000 6.512499 0.030000 6.613952 0.030000 6.382189 0.030000 6.234586 0.030000 4.954963 0.030000 4.714002 0.030000 2.979762 0.030000 2.942081 0.030000 5.059556 0.030000 5.095446 0.030000 4.181246 0.030000 4.368165 0.030000 1.015013 0.030000 1.076929 0.030000 4.064090 0.030000 3.865688 0.030000 3.661984 0.030000 3.829498 0.030000 4.966539 0.030000 4.858372 0.030000 5.057215 0.030000 5.208675 0.030000
4.902167 0.030000 5.090513 0.030000 6.407426 0.030000 6.529497 0.030000 6.453237 0.030000 6.366720 0.030000 4.988296 0.030000 4.861250 0.030000 2.907553 0.030000 2.925461 0.030000 5.031902 0.030000 5.076834 0.030000 4.091193 0.030000 4.253361 0.030000 1.044104 0.030000 1.043166 0.030000 4.157162 0.030000 3.993465 0.030000 3.504837 0.030000 3.730257 0.030000 5.094054 0.030000 4.922783 0.030000 4.951851 0.030000 5.113768 0.030000
4.855044 0.030000 4.971049 0.030000 6.307029 0.030000 6.403460 0.030000 6.523191 0.030000 6.385160 0.030000 5.580366 0.150000 4.941248 0.030000 2.970866 0.030000 2.930415 0.030000 5.024773 0.030000 5.443753 0.150000 3.952193 0.030000 4.176947 0.030000 1.065235 0.030000 1.038023 0.030000 4.079383 0.150000 4.867784 0.150000 3.404761 0.030000 3.583325 0.150000 5.134983 0.030000 5.052011 0.030000 4.996988 0.030000 5.126780 0.030000
4.738233 0.030000 4.848956 0.030000 6.261101 0.030000 6.159533 0.150000 7.112527 0.150000 6.465017 0.030000 5.221720 0.030000 5.044670 0.150000 2.922564 0.030000 3.260946 0.150000 5.100033 0.030000 5.053213 0.030000 3.864695 0.030000 4.082206 0.030000 1.126212 0.030000 1.063295 0.030000 4.424865 0.030000 4.212335 0.030000 3.329777 0.030000 3.478117 0.030000 5.182973 0.030000 5.099027 0.030000 4.820988 0.030000 4.984722 0.030000
4.607350 0.030000 4.764414 0.030000 6.143682 0.030000 6.323153 0.030000 6.706486 0.030000 6.535448 0.030000 5.356342 0.030000 5.131596 0.030000 3.386283 0.150000 2.984485 0.030000 5.075046 0.030000 5.060209 0.030000 3.748496 0.030000 3.928742 0.030000 1.104497 0.030000 1.074585 0.030000 4.536101 0.030000 4.330206 0.030000 3.207846 0.030000 3.384815 0.030000 5.270176 0.030000 5.174940 0.030000 4.781888 0.030000 4.922586 0.030000
4.546815 0.030000 4.726774 0.030000 6.132826 0.030000 6.269476 0.030000 6.752819 0.030000 6.660917 0.030000 5.421845 0.030000 5.277376 0.030000 3.034878 0.030000 2.967878 0.030000 5.062601 0.030000 5.077936 0.030000 3.601606 0.030000 3.748715 0.030000 1.163609 0.030000 1.042725 0.150000 4.634311 0.030000 4.480401 0.030000 3.103202 0.030000 3.304263 0.030000 5.398372 0.030000 5.217923 0.030000 4.718515 0.030000 4.840496 0.030000
4.398078 0.030000 4.548563 0.030000 5.995836 0.030000 6.339236 0.150000 6.847773 0.030000 6.743750 0.030000 5.587228 0.030000 5.350445 0.030000 3.040562 0.030000 2.959105 0.030000 5.102560 0.030000 5.047258 0.030000 3.525491 0.030000 3.629625 0.150000 1.266652 0.030000 1.155258 0.030000 4.777142 0.030000 4.612085 0.030000 3.049977 0.030000 3.128488 0.030000 5.464368 0.030000 5.314369 0.030000 4.615586 0.030000 4.722579 0.030000
4.346034 0.030000 4.533097 0.030000 5.935999 0.030000 6.080043 0.030000 6.913718 0.030000 6.756192 0.030000 5.612994 0.030000 5.478345 0.030000 3.104207 0.030000 2.955726 0.030000 5.118345 0.030000 5.070799 0.030000 3.369532 0.030000 3.516395 0.030000 1.297673 0.030000 1.173031 0.030000 4.857072 0.030000 4.710946 0.030000 2.905874 0.030000 3.077362 0.030000 5.517547 0.030000 5.390981 0.030000 4.627903 0.030000 4.704720 0.030000
4.247911 0.030000 4.438810 0.030000 5.872603 0.030000 5.990107 0.030000 6.989525 0.030000 6.875927 0.030000 5.736746 0.030000 5.627922 0.030000 3.088398 0.030000 3.038935 0.030000 5.136462 0.030000 5.173548 0.030000 3.402975 0.150000 3.489462 0.150000 1.373753 0.030000 1.256083 0.030000 5.043250 0.030000 4.887646 0.030000 2.826809 0.030000 2.943537 0.030000 5.610861 0.030000 5.507202 0.030000 4.573144 0.030000 4.645442 0.030000
4.678005 0.150000 4.344508 0.030000 5.814224 0.030000 5.931867 0.030000 7.080341 0.030000 7.004395 0.030000 5.792893 0.030000 5.692943 0.030000 3.061496 0.030000 3.021422 0.030000 5.143295 0.030000 5.159589 0.030000 3.411861 0.150000 4.097141 0.150000 1.466749 0.030000 1.330054 0.030000 5.131606 0.030000 4.946629 0.030000 2.810750 0.030000 3.099400 0.150000 5.698742 0.030000 5.545397 0.030000 4.491474 0.030000 4.457501 0.150000
4.086959 0.030000 4.338760 0.030000 5.792338 0.030000 5.858573 0.030000 7.216361 0.030000 7.030305 0.030000 6.002143 0.030000 5.782571 0.030000 3.218609 0.030000 3.131101 0.030000 5.154910 0.030000 5.193488 0.030000 3.233662 0.150000 3.203903 0.030000 1.548377 0.030000 1.411233 0.030000 5.236969 0.030000 5.052505 0.030000 2.693303 0.030000 2.804096 0.030000 6.601177 0.150000 5.608606 0.030000 4.465909 0.030000 4.479087 0.030000
4.022168 0.030000 4.172599 0.030000 5.716265 0.030000 5.775352 0.030000 7.336515 0.030000 7.145921 0.030000 6.077494 0.030000 6.110380 0.150000 3.259169 0.030000 3.398344 0.150000 5.222482 0.030000 5.159965 0.030000 2.911574 0.030000 3.062234 0.030000 1.650840 0.030000 1.413074 0.150000 5.400294 0.030000 5.205525 0.030000 2.552940 0.030000 2.692630 0.030000 5.844737 0.030000 5.762341 0.030000 4.355694 0.030000 4.514903 0.030000
3.942472 0.030000 4.104877 0.030000 5.650797 0.030000 5.789881 0.030000 7.431529 0.030000 7.190694 0.030000 6.191746 0.030000 6.022701 0.030000 3.319695 0.030000 3.198972 0.030000 5.487541 0.150000 5.214647 0.030000 2.765834 0.030000 2.985518 0.150000 1.787836 0.030000 1.642461 0.030000 5.482854 0.030000 5.313962 0.030000 2.462296 0.030000 2.652292 0.030000 6.009885 0.030000 5.818447 0.030000 4.361088 0.030000 4.383630 0.030000
3.873108 0.030000 3.997866 0.030000 5.525924 0.030000 5.665930 0.030000 8.480395 0.150000 7.336397 0.030000 6.276526 0.030000 6.110313 0.030000 3.363953 0.030000 3.219003 0.030000 5.228124 0.030000 6.444559 0.150000 2.674425 0.030000 2.841447 0.030000 1.849074 0.030000 1.725435 0.030000 5.637645 0.030000 5.380828 0.030000 2.461227 0.030000 2.509930 0.030000 6.046228 0.030000 5.921157 0.030000 4.250216 0.030000 4.341736 0.030000
4.372249 0.150000 3.896039 0.030000 5.551805 0.030000 5.624003 0.030000 7.534716 0.030000 7.457529 0.030000 6.385219 0.030000 6.529410 0.150000 3.381175 0.030000 3.353285 0.030000 5.354453 0.030000 5.199536 0.030000 2.573273 0.030000 2.677352 0.030000 1.954361 0.030000 1.791081 0.030000 5.736507 0.030000 5.539670 0.030000 2.334727 0.030000 2.483695 0.030000 6.149386 0.030000 5.977621 0.030000 4.232270 0.030000 4.294302 0.030000
3.634183 0.030000 3.840785 0.030000 5.798275 0.150000 5.525141 0.030000 7.672549 0.030000 7.491816 0.030000 6.511893 0.030000 6.357906 0.030000 3.476504 0.030000 3.378610 0.030000 5.380783 0.030000 5.314304 0.030000 2.432171 0.030000 2.651194 0.150000 2.088245 0.030000 1.927791 0.030000 5.825551 0.030000 5.672803 0.030000 2.314288 0.030000 2.372222 0.030000 6.305772 0.030000 6.080831 0.030000 4.401253 0.150000 4.288863 0.030000
3.728874 0.030000 3.757644 0.030000 5.378097 0.030000 5.510972 0.030000 7.730161 0.030000 7.706870 0.150000 6.669342 0.030000 6.470722 0.030000 3.529271 0.030000 3.453065 0.030000 5.391740 0.030000 5.326269 0.030000 2.327649 0.030000 2.480574 0.030000 2.185493 0.030000 2.008991 0.030000 5.948457 0.030000 5.850132 0.030000 2.226158 0.030000 2.593382 0.150000 6.284852 0.030000 6.205321 0.030000 4.171645 0.030000 4.196741 0.030000
3.538266 0.030000 3.658907 0.030000 5.353360 0.030000 5.477591 0.030000 7.875435 0.030000 7.659900 0.030000 6.789799 0.030000 6.534207 0.030000 3.600689 0.030000 3.488143 0.030000 5.458550 0.030000 5.372434 0.030000 2.177513 0.030000 2.375212 0.030000 2.534823 0.150000 2.167945 0.030000 6.084432 0.030000 5.888379 0.030000 2.743395 0.150000 2.254523 0.030000 6.442759 0.030000 6.327577 0.030000 4.161570 0.030000 4.140276 0.030000
3.509952 0.030000 3.654811 0.030000 5.293225 0.030000 5.428380 0.030000 7.974891 0.030000 7.765965 0.030000 6.812681 0.030000 6.861562 0.150000 3.726563 0.030000 3.601983 0.030000 5.412611 0.030000 5.401230 0.030000 2.064307 0.030000 2.254002 0.030000 2.369130 0.030000 2.218457 0.030000 6.251150 0.030000 6.093284 0.030000 2.164896 0.030000 2.232123 0.030000 6.505385 0.030000 6.365723 0.030000 4.375287 0.150000 4.178145 0.030000
3.426774 0.030000 3.506764 0.030000 5.236642 0.030000 5.286142 0.030000 8.025932 0.030000 7.938682 0.150000 6.951023 0.030000 6.791603 0.030000 3.764872 0.030000 3.649052 0.030000 5.492107 0.030000 5.433154 0.030000 2.014420 0.030000 2.160674 0.030000 2.517308 0.030000 2.329489 0.030000 6.375146 0.030000 6.153732 0.030000 2.062969 0.030000 2.190187 0.030000 6.588900 0.030000 6.436097 0.030000 4.114117 0.030000 4.065197 0.030000
3.412017 0.030000 3.550428 0.030000 5.261017 0.030000 5.311021 0.030000 8.104264 0.030000 7.965248 0.030000 7.033594 0.030000 6.753562 0.150000 3.784055 0.030000 3.674428 0.030000 5.563518 0.030000 5.464273 0.030000 1.929437 0.030000 2.089107 0.030000 2.602325 0.030000 2.622141 0.150000 6.456419 0.030000 6.302718 0.030000 2.001314 0.030000 2.147015 0.030000 6.671280 0.030000 6.507935 0.030000 4.078114 0.030000 4.128176 0.030000
3.363050 0.030000 3.613937 0.150000 5.247080 0.030000 5.296360 0.030000 8.185814 0.030000 8.014899 0.030000 7.174904 0.030000 6.929399 0.030000 3.888337 0.030000 3.720878 0.030000 5.599667 0.030000 5.470018 0.030000 1.851040 0.030000 2.031841 0.030000 2.687285 0.030000 2.557551 0.030000 6.548618 0.030000 6.280816 0.030000 2.018721 0.030000 2.096068 0.030000 6.769924 0.030000 6.546422 0.030000 4.031733 0.030000 4.076936 0.030000
3.383095 0.030000 3.401893 0.030000 5.260886 0.030000 5.274938 0.030000 8.235967 0.030000 8.050541 0.030000 7.142676 0.030000 7.002061 0.030000 4.282063 0.150000 4.157997 0.150000 6.133336 0.150000 5.555009 0.030000 1.837356 0.030000 1.938041 0.030000 2.751325 0.030000 2.494024 0.030000 6.607144 0.030000 7.478071 0.150000 2.012989 0.030000 2.018262 0.030000 7.369435 0.150000 6.662328 0.030000 4.003847 0.030000 4.041559 0.030000
3.353987 0.030000 3.467585 0.030000 5.206892 0.030000 5.279579 0.030000 8.250528 0.030000 8.093611 0.030000 7.183241 0.030000 7.093113 0.030000 3.984115 0.030000 3.813651 0.030000 5.761100 0.150000 5.545842 0.030000 1.730573 0.030000 1.914559 0.030000 2.781465 0.030000 2.660082 0.030000 6.863597 0.150000 6.499788 0.030000 1.994466 0.030000 2.190179 0.150000 6.860603 0.030000 6.739805 0.030000 4.068107 0.030000 4.130887 0.030000
3.325924 0.030000 3.378248 0.030000 5.196154 0.030000 5.230146 0.030000 8.285864 0.030000 8.169859 0.030000 7.273895 0.030000 7.210776 0.030000 3.982422 0.030000 3.876464 0.030000 5.954629 0.150000 5.581511 0.030000 1.718307 0.030000 1.844578 0.030000 2.886506 0.030000 2.670422 0.030000 6.738589 0.030000 6.526218 0.030000 1.987610 0.030000 2.041219 0.030000 6.907915 0.030000 6.752910 0.030000 4.014862 0.030000 3.997364 0.030000
3.237965 0.030000 3.393319 0.030000 5.111385 0.030000 5.191229 0.030000 8.430446 0.030000 8.283967 0.150000 7.358603 0.030000 7.091833 0.150000 5.213947 0.150000 3.905702 0.030000 5.698986 0.030000 5.646352 0.030000 1.640559 0.030000 1.833751 0.030000 4.081896 0.150000 3.080467 0.150000 6.810661 0.030000 6.498327 0.030000 1.950345 0.030000 1.971487 0.030000 6.939500 0.030000 6.924992 0.150000 4.012160 0.030000 4.043151 0.030000
3.286665 0.030000 3.823634 0.150000 5.091316 0.030000 5.175704 0.030000 8.387708 0.030000 8.237043 0.030000 7.394830 0.030000 7.188378 0.030000 4.220603 0.150000 3.904245 0.030000 5.718387 0.030000 5.557451 0.030000 1.577425 0.030000 1.727976 0.030000 2.991187 0.030000 2.774050 0.030000 6.820664 0.030000 6.618466 0.030000 1.985288 0.030000 1.996406 0.030000 7.177296 0.150000 6.808848 0.030000 4.021756 0.030000 4.032382 0.030000
3.238378 0.030000 3.359971 0.030000 5.106579 0.030000 5.221257 0.030000 8.377288 0.030000 8.277710 0.030000 7.447515 0.030000 7.230825 0.030000 4.107495 0.030000 4.279514 0.150000 5.748316 0.030000 5.640202 0.030000 1.594812 0.030000 1.748172 0.030000 2.984593 0.030000 3.352218 0.150000 6.885856 0.030000 6.687193 0.030000 2.006698 0.030000 1.987728 0.030000 7.043791 0.030000 6.827122 0.030000 4.025199 0.030000 4.046247 0.030000
3.292285 0.030000 3.307588 0.030000 5.100846 0.030000 5.205348 0.030000 8.471510 0.030000 8.346956 0.030000 7.514141 0.030000 7.271678 0.030000 4.131532 0.030000 4.010773 0.030000 5.685914 0.030000 5.702688 0.030000 1.524126 0.030000 1.733002 0.030000 3.006154 0.030000 2.790884 0.030000 7.947988 0.150000 6.710804 0.030000 2.007836 0.030000 1.956548 0.030000 7.036640 0.030000 8.329914 0.150000 4.013960 0.030000 4.047480 0.030000
3.319444 0.030000 3.249798 0.030000 4.986654 0.030000 5.211567 0.030000 8.417729 0.030000 8.342041 0.030000 7.559546 0.030000 7.283359 0.030000 4.305467 0.150000 4.046130 0.030000 5.979778 0.150000 5.683776 0.030000 1.421611 0.030000 1.586967 0.030000 3.045766 0.030000 2.906131 0.030000 7.538771 0.150000 7.083748 0.150000 2.036687 0.030000 1.956156 0.030000 7.066040 0.030000 6.967737 0.030000 3.916041 0.030000 4.843274 0.150000
3.429823 0.030000 3.278027 0.030000 4.922017 0.030000 5.126548 0.030000 8.401119 0.030000 8.464081 0.030000 7.676408 0.030000 7.505951 0.030000 4.268214 0.030000 4.098957 0.030000 5.586889 0.030000 5.715252 0.030000 1.340995 0.030000 1.546081 0.030000 3.184207 0.150000 2.983527 0.030000 6.974473 0.030000 6.898403 0.030000 2.154509 0.030000 1.969734 0.030000 7.010844 0.030000 7.032315 0.030000 3.854580 0.030000 4.006161 0.030000
3.586788 0.150000 3.316341 0.030000 4.777476 0.030000 5.040598 0.030000 8.381466 0.030000 8.459970 0.030000 7.682175 0.030000 7.592000 0.030000 4.431801 0.030000 4.244278 0.030000 5.501052 0.030000 5.693342 0.030000 1.220809 0.030000 1.429147 0.030000 3.053970 0.030000 2.981076 0.030000 6.963120 0.030000 6.868604 0.030000 2.201765 0.030000 2.041633 0.030000 6.963633 0.030000 7.062435 0.030000 3.698898 0.030000 3.938210 0.030000
3.612638 0.030000 3.427112 0.030000 4.664412 0.030000 5.267613 0.150000 8.259048 0.030000 8.397526 0.030000 7.730318 0.030000 7.599862 0.030000 4.465656 0.030000 4.334341 0.030000 5.421317 0.030000 5.598347 0.030000 1.236120 0.030000 1.303954 0.030000 3.076511 0.030000 3.012451 0.030000 6.989493 0.030000 6.986576 0.030000 3.151498 0.150000 2.238588 0.030000 6.924500 0.030000 7.013026 0.030000 3.547066 0.030000 3.790307 0.030000
3.733433 0.030000 3.550651 0.030000 4.520917 0.030000 4.795013 0.030000 8.240149 0.030000 8.376769 0.030000 7.846491 0.030000 7.738157 0.030000 4.585153 0.030000 4.488985 0.030000 5.296841 0.030000 5.533947 0.030000 1.137666 0.030000 1.272877 0.030000 3.599815 0.150000 3.028815 0.030000 6.957983 0.030000 7.242020 0.150000 2.518050 0.030000 2.285117 0.030000 6.901419 0.030000 6.960612 0.030000 3.444454 0.030000 3.708077 0.030000
3.837744 0.030000 3.673879 0.030000 4.507574 0.030000 4.633736 0.030000 8.171171 0.030000 8.342798 0.030000 7.842423 0.030000 7.758725 0.030000 4.684920 0.030000 4.508734 0.030000 5.231948 0.030000 5.901831 0.150000 1.056704 0.030000 1.149190 0.030000 2.995285 0.030000 2.981983 0.030000 6.947589 0.030000 7.001619 0.030000 2.625307 0.030000 2.437436 0.030000 6.840519 0.030000 6.843405 0.030000 3.296753 0.030000 3.499053 0.030000
3.966085 0.030000 3.841573 0.030000 4.357235 0.030000 4.527710 0.030000 8.093692 0.030000 8.252530 0.030000 7.895066 0.030000 7.802605 0.030000 4.741843 0.030000 4.697706 0.030000 5.103732 0.030000 5.317644 0.030000 1.048489 0.030000 1.076462 0.030000 2.981897 0.030000 2.977014 0.030000 6.951461 0.030000 6.963811 0.030000 2.754261 0.030000 2.587705 0.150000 7.134704 0.150000 6.848855 0.030000 3.315807 0.150000 3.396276 0.030000
4.094522 0.030000 3.947754 0.030000 4.227060 0.030000 4.409870 0.030000 8.076339 0.030000 8.141483 0.030000 8.030342 0.030000 7.864150 0.030000 4.930979 0.030000 4.759794 0.030000 4.991800 0.030000 5.144040 0.030000 0.978094 0.030000 1.023107 0.030000 2.997838 0.030000 3.014641 0.030000 7.043274 0.150000 6.934342 0.030000 2.855130 0.030000 2.687375 0.030000 6.727950 0.030000 6.835307 0.150000 3.108468 0.030000 3.272205 0.030000
4.183493 0.030000 4.502111 0.150000 4.082950 0.030000 4.304875 0.030000 7.998779 0.030000 8.083465 0.030000 8.064658 0.030000 7.950252 0.030000 5.034631 0.030000 5.034050 0.150000 4.986624 0.030000 5.113893 0.030000 1.074139 0.030000 1.027817 0.030000 3.025672 0.030000 2.975966 0.030000 6.933424 0.030000 6.920712 0.030000 2.954085 0.030000 3.243944 0.150000 6.694028 0.030000 6.891577 0.150000 2.948293 0.030000 3.145326 0.030000
4.317881 0.030000 4.115881 0.030000 3.935919 0.030000 4.187991 0.030000 7.917909 0.030000 7.994748 0.030000 8.082319 0.030000 8.344137 0.150000 5.112968 0.150000 4.990118 0.030000 4.864453 0.030000 5.023101 0.030000 1.005123 0.030000 1.313660 0.150000 3.048579 0.030000 2.961697 0.030000 6.956311 0.030000 7.014455 0.030000 3.149619 0.030000 2.935624 0.030000 6.625775 0.030000 6.701466 0.030000 2.865678 0.030000 2.988007 0.030000
4.410844 0.030000 4.194163 0.030000 3.790737 0.030000 4.042508 0.030000 7.883301 0.030000 8.007977 0.030000 8.185584 0.030000 8.068069 0.030000 5.210976 0.030000 4.988029 0.150000 4.778571 0.030000 4.930542 0.030000 1.111600 0.030000 1.012757 0.030000 3.051206 0.030000 2.986450 0.030000 7.012217 0.030000 6.988269 0.030000 3.304165 0.030000 3.037243 0.030000 6.550750 0.030000 6.904782 0.150000 2.767983 0.030000 2.959073 0.030000
4.487341 0.030000 4.333853 0.030000 3.729343 0.030000 3.995182 0.030000 7.866154 0.030000 7.873602 0.030000 8.242735 0.030000 8.156305 0.030000 5.266422 0.030000 5.151642 0.030000 4.666528 0.030000 4.863787 0.030000 1.079646 0.030000 1.727805 0.150000 2.999751 0.030000 3.008107 0.030000 7.014518 0.030000 6.976847 0.030000 3.359018 0.030000 3.213731 0.150000 6.523145 0.030000 6.596786 0.030000 2.590267 0.030000 2.896107 0.030000
4.644509 0.030000 4.269892 0.150000 3.699692 0.030000 3.859265 0.030000 7.790134 0.030000 7.914127 0.030000 8.300919 0.030000 8.198031 0.030000 5.399988 0.030000 5.138653 0.030000 4.659107 0.030000 4.732708 0.150000 1.089974 0.030000 1.065011 0.030000 3.052446 0.030000 2.977196 0.030000 6.983727 0.030000 6.995220 0.030000 3.440009 0.030000 3.235816 0.030000 6.502915 0.030000 6.529039 0.030000 2.591634 0.030000 2.765522 0.030000
4.698194 0.030000 4.449653 0.030000 3.604147 0.030000 4.112756 0.150000 7.766718 0.030000 7.875875 0.030000 8.698166 0.150000 8.239328 0.030000 5.435104 0.030000 5.222471 0.030000 4.609057 0.030000 4.707379 0.030000 1.121396 0.030000 1.115127 0.030000 2.981467 0.030000 3.049803 0.030000 7.023139 0.030000 6.995340 0.030000 3.474066 0.030000 3.334354 0.030000 6.429999 0.030000 6.550254 0.030000 2.960295 0.150000 2.678317 0.030000
4.753656 0.030000 4.524390 0.030000 3.549764 0.030000 3.712164 0.030000 7.821384 0.150000 7.787981 0.030000 8.610705 0.150000 8.236638 0.030000 5.512926 0.030000 5.322286 0.030000 4.528126 0.030000 4.666436 0.030000 1.140750 0.030000 1.140353 0.030000 3.080168 0.030000 3.016624 0.030000 7.012836 0.030000 7.015691 0.030000 3.578057 0.030000 3.728847 0.150000 6.460065 0.030000 6.508974 0.030000 3.604355 0.150000 2.945927 0.150000
4.789217 0.030000 4.512463 0.150000 3.437300 0.030000 3.632906 0.030000 7.748382 0.030000 7.874064 0.030000 8.419153 0.030000 8.291122 0.030000 5.491833 0.030000 5.346853 0.030000 4.512057 0.030000 4.636487 0.030000 1.253583 0.030000 1.297123 0.150000 3.073419 0.030000 3.052037 0.030000 7.330891 0.150000 7.024861 0.030000 3.589957 0.030000 3.679913 0.150000 6.393317 0.030000 6.477652 0.030000 2.334109 0.030000 2.511984 0.030000
4.871614 0.030000 4.670358 0.030000 3.458357 0.030000 3.635809 0.030000 7.704987 0.030000 7.734106 0.030000 8.416767 0.030000 8.324454 0.030000 5.567397 0.030000 5.371108 0.030000 4.379832 0.030000 4.620112 0.030000 1.197175 0.030000 1.149873 0.030000 3.055554 0.030000 3.102692 0.030000 6.995479 0.030000 7.024974 0.030000 3.690415 0.030000 3.556942 0.030000 6.832256 0.150000 6.442582 0.030000 2.319624 0.030000 2.541269 0.030000
4.865852 0.030000 4.681964 0.030000 3.401837 0.030000 3.584248 0.030000 7.730013 0.030000 8.914782 0.150000 8.956378 0.150000 8.365408 0.030000 5.614233 0.030000 5.406174 0.030000 4.401626 0.030000 4.551707 0.150000 1.292996 0.030000 1.122909 0.030000 3.646499 0.150000 3.106389 0.030000 7.065841 0.030000 7.011033 0.030000 3.684023 0.030000 3.603568 0.150000 6.383567 0.030000 6.475767 0.030000 2.303857 0.030000 2.423463 0.030000
4.874945 0.030000 5.229629 0.150000 3.411609 0.030000 3.560956 0.030000 7.683904 0.030000 7.768041 0.030000 8.366533 0.150000 8.330581 0.030000 5.588722 0.030000 5.488872 0.030000 4.327515 0.150000 4.560684 0.030000 1.295737 0.030000 1.186577 0.030000 3.078227 0.030000 3.043375 0.030000 6.970461 0.030000 7.368623 0.150000 3.814025 0.030000 3.502569 0.030000 6.369114 0.030000 6.448086 0.030000 2.193093 0.030000 2.391656 0.030000
4.904123 0.030000 4.641437 0.150000 3.351075 0.030000 3.927999 0.150000 7.589032 0.030000 7.785271 0.030000 8.433421 0.030000 8.437171 0.030000 5.594306 0.030000 5.494732 0.030000 4.362752 0.030000 4.553798 0.030000 1.322103 0.030000 1.168767 0.030000 3.062385 0.030000 3.091363 0.030000 7.036481 0.030000 7.071181 0.030000 3.778744 0.030000 3.573820 0.030000 6.359854 0.030000 6.499505 0.030000 2.248120 0.030000 2.379843 0.030000
4.974934 0.030000 4.808119 0.030000 3.314006 0.030000 3.420199 0.030000 7.521739 0.030000 7.859942 0.030000 8.432651 0.030000 8.393430 0.030000 5.639057 0.030000 5.570748 0.030000 4.298016 0.030000 4.467636 0.030000 1.367534 0.030000 1.271624 0.030000 3.214822 0.150000 3.643537 0.150000 6.953381 0.030000 7.037950 0.030000 3.801152 0.030000 3.620039 0.030000 6.296652 0.030000 6.448597 0.030000 2.150609 0.030000 2.735153 0.150000
5.078058 0.030000 4.890867 0.030000 3.345275 0.030000 3.379492 0.030000 7.496567 0.030000 7.643814 0.150000 8.377473 0.030000 8.465347 0.030000 5.605327 0.030000 5.627181 0.030000 4.247586 0.030000 4.361985 0.030000 1.519021 0.030000 1.318926 0.030000 2.952353 0.030000 3.184525 0.030000 6.844909 0.030000 7.009991 0.030000 3.812562 0.030000 3.649120 0.030000 6.158290 0.030000 6.355433 0.030000 2.181890 0.030000 2.271989 0.030000
5.125781 0.030000 4.985789 0.030000 3.356894 0.030000 3.375403 0.030000 7.352184 0.030000 7.580482 0.030000 8.317588 0.030000 8.417483 0.030000 6.085380 0.150000 5.676210 0.030000 4.096220 0.030000 4.234904 0.030000 1.584610 0.030000 1.390719 0.030000 2.830932 0.030000 3.031325 0.030000 6.738547 0.030000 7.543722 0.150000 3.879820 0.030000 3.796893 0.030000 6.046200 0.030000 6.245526 0.030000 2.183008 0.030000 2.186196 0.030000
5.144699 0.030000 5.042555 0.030000 3.368706 0.030000 3.364598 0.030000 7.244281 0.030000 7.415579 0.030000 8.163485 0.030000 8.363334 0.030000 5.473097 0.030000 5.557109 0.030000 4.004295 0.030000 4.190953 0.030000 1.690635 0.030000 1.524467 0.030000 2.783300 0.030000 3.101900 0.150000 6.621276 0.030000 6.799185 0.030000 3.897861 0.030000 3.816959 0.030000 5.896281 0.030000 6.132707 0.030000 2.187780 0.030000 2.162845 0.030000
5.128594 0.030000 5.081136 0.030000 3.408169 0.030000 3.352751 0.030000 7.143402 0.030000 7.357520 0.030000 8.095188 0.030000 8.302870 0.030000 5.480086 0.030000 5.564406 0.030000 3.945394 0.030000 4.078586 0.030000 1.764030 0.030000 1.628637 0.030000 2.605605 0.030000 2.849235 0.030000 6.531327 0.030000 6.679084 0.030000 3.921616 0.030000 3.835810 0.030000 5.852927 0.030000 6.013733 0.030000 2.200925 0.030000 2.100490 0.030000
5.186379 0.030000 5.120954 0.030000 3.493885 0.030000 3.441860 0.030000 6.974723 0.030000 7.204294 0.030000 7.999991 0.030000 8.128773 0.030000 5.412673 0.030000 5.503691 0.030000 3.849977 0.030000 3.970473 0.030000 1.949040 0.030000 1.720435 0.030000 2.475110 0.030000 2.713612 0.030000 6.568406 0.150000 6.515282 0.030000 3.897833 0.030000 3.917398 0.030000 5.735244 0.030000 5.841864 0.030000 2.216532 0.030000 2.178182 0.030000
5.257406 0.030000 5.160089 0.030000 3.553014 0.030000 3.536593 0.030000 6.908889 0.030000 7.120956 0.030000 7.937267 0.030000 8.090791 0.030000 5.338706 0.030000 5.418220 0.030000 3.823028 0.030000 3.900254 0.030000 2.095666 0.030000 1.834568 0.030000 2.420674 0.030000 2.553795 0.030000 6.257399 0.030000 6.424707 0.030000 4.170908 0.150000 3.879953 0.030000 6.705387 0.150000 5.708672 0.030000 2.381768 0.150000 2.214859 0.030000
5.521099 0.150000 5.203762 0.030000 3.669213 0.030000 3.535486 0.030000 6.816736 0.030000 7.007237 0.030000 8.357374 0.150000 7.926446 0.030000 5.308347 0.030000 5.351646 0.030000 3.752796 0.030000 3.870787 0.030000 2.189581 0.030000 1.955583 0.030000 2.254732 0.030000 2.425877 0.030000 7.198694 0.150000 6.318605 0.030000 3.974298 0.030000 3.954810 0.030000 5.467635 0.030000 5.640649 0.030000 2.244976 0.030000 2.265066 0.030000
5.354196 0.030000 5.250548 0.030000 3.702949 0.030000 3.596531 0.030000 6.723107 0.030000 6.875200 0.030000 7.720541 0.030000 7.922377 0.030000 5.288188 0.030000 5.387832 0.030000 4.243215 0.150000 3.772247 0.030000 2.589301 0.150000 2.036694 0.030000 2.168347 0.030000 2.349022 0.030000 5.991274 0.030000 6.166219 0.030000 4.034310 0.030000 4.448044 0.150000 5.328086 0.030000 5.557890 0.030000 2.362811 0.030000 2.293276 0.030000
5.385393 0.030000 5.370044 0.030000 3.777794 0.030000 3.698383 0.030000 6.577513 0.030000 6.789589 0.030000 7.611354 0.030000 7.759552 0.030000 5.160873 0.030000 5.251539 0.030000 3.598851 0.030000 3.734206 0.030000 2.441911 0.030000 2.160314 0.030000 2.034972 0.030000 2.230922 0.030000 5.855860 0.030000 6.089183 0.030000 4.052874 0.030000 4.258062 0.150000 5.731169 0.150000 6.326643 0.150000 2.428905 0.030000 2.358892 0.030000
5.599890 0.150000 5.313932 0.030000 3.838967 0.030000 3.764738 0.030000 6.419032 0.150000 6.671021 0.030000 8.069702 0.150000 7.654898 0.030000 5.207661 0.030000 5.340023 0.150000 3.536045 0.030000 3.643778 0.030000 2.451949 0.030000 2.295499 0.030000 1.991446 0.030000 2.173494 0.030000 5.755227 0.030000 5.932407 0.030000 4.102997 0.030000 4.051290 0.030000 5.101228 0.030000 5.337425 0.030000 2.486933 0.030000 2.362600 0.030000
5.546124 0.030000 5.481954 0.030000 3.844656 0.030000 3.805080 0.030000 6.346346 0.030000 6.580653 0.030000 7.384346 0.030000 7.574158 0.030000 5.149116 0.030000 5.858979 0.150000 3.879470 0.150000 3.620997 0.030000 3.562431 0.150000 2.433995 0.030000 1.878967 0.030000 2.026422 0.030000 5.645953 0.030000 5.764999 0.030000 4.113750 0.030000 4.048147 0.030000 4.986726 0.030000 5.249580 0.030000 2.488558 0.030000 2.447724 0.030000
5.631794 0.030000 5.480683 0.030000 4.002864 0.030000 3.921612 0.030000 6.184324 0.030000 6.468500 0.030000 7.350890 0.030000 7.475073 0.030000 5.458372 0.150000 5.158221 0.030000 3.427312 0.030000 3.557339 0.030000 2.764352 0.030000 2.518881 0.030000 1.745933 0.030000 1.925250 0.030000 5.477234 0.030000 5.717486 0.030000 4.176725 0.030000 4.091589 0.030000 4.885360 0.030000 5.039404 0.030000 2.603004 0.030000 2.534985 0.030000
5.601030 0.030000 5.487070 0.030000 4.112828 0.030000 3.958328 0.030000 6.210599 0.030000 6.343578 0.030000 7.303590 0.030000 7.401347 0.030000 5.060897 0.030000 5.139765 0.030000 3.364177 0.030000 3.443455 0.030000 2.825386 0.030000 2.643155 0.030000 1.601027 0.150000 1.765513 0.030000 6.073244 0.150000 5.563498 0.030000 4.193844 0.030000 4.152802 0.030000 5.541206 0.150000 5.199931 0.150000 2.646965 0.030000 2.613124 0.030000
5.733254 0.030000 5.573652 0.030000 4.145740 0.030000 4.039342 0.030000 6.023790 0.030000 6.174097 0.030000 7.204036 0.030000 7.331683 0.030000 5.039376 0.030000 5.063236 0.030000 3.289742 0.030000 3.382634 0.030000 2.967203 0.030000 2.787592 0.030000 1.514246 0.030000 1.685329 0.030000 5.260607 0.030000 5.467020 0.030000 4.229561 0.030000 4.174266 0.030000 4.696103 0.030000 4.860878 0.030000 3.475705 0.150000 2.659977 0.030000
5.747445 0.030000 5.650834 0.030000 4.272940 0.030000 4.097482 0.030000 5.939348 0.030000 6.124563 0.030000 7.080202 0.030000 7.214095 0.030000 4.998313 0.030000 5.364200 0.150000 3.228851 0.030000 3.327873 0.030000 3.083884 0.030000 2.911229 0.030000 1.403490 0.030000 1.684903 0.150000 5.607929 0.150000 5.294135 0.030000 4.374690 0.030000 4.224608 0.030000 4.545521 0.030000 4.821214 0.030000 2.816989 0.030000 2.714427 0.030000
5.777908 0.030000 5.654291 0.030000 4.328421 0.030000 4.236542 0.030000 5.724639 0.030000 5.931014 0.030000 7.175306 0.150000 7.140220 0.030000 5.049226 0.030000 5.064217 0.030000 3.226077 0.030000 3.281839 0.030000 3.188992 0.030000 3.047072 0.030000 1.380704 0.030000 1.451098 0.030000 5.045741 0.030000 5.246639 0.030000 4.392557 0.150000 4.317279 0.030000 4.422790 0.030000 4.641730 0.030000 2.913990 0.030000 2.814848 0.030000
5.863088 0.030000 5.734060 0.030000 4.383274 0.030000 4.261214 0.030000 5.700140 0.030000 5.882515 0.030000 6.748195 0.150000 7.048265 0.030000 5.018958 0.030000 5.031579 0.030000 3.225127 0.030000 3.236382 0.030000 3.283235 0.030000 3.079784 0.030000 1.284717 0.030000 1.456799 0.030000 5.184155 0.150000 5.115408 0.030000 4.436694 0.030000 4.309713 0.030000 4.331258 0.030000 4.586752 0.030000 3.032715 0.030000 2.907917 0.030000
5.937777 0.030000 5.955940 0.150000 4.480040 0.030000 4.356573 0.030000 5.594057 0.030000 5.770417 0.030000 6.819864 0.030000 6.951491 0.030000 4.977515 0.030000 4.982526 0.030000 3.166714 0.030000 3.258881 0.030000 3.384733 0.030000 3.438356 0.150000 1.132491 0.030000 1.303165 0.030000 4.741694 0.030000 4.937289 0.030000 4.551467 0.030000 4.407514 0.030000 4.251626 0.030000 4.389241 0.030000 3.104930 0.030000 3.007464 0.030000
6.019988 0.030000 5.936143 0.030000 4.623589 0.030000 4.419019 0.150000 5.529273 0.030000 5.643940 0.030000 6.715031 0.030000 6.885995 0.030000 4.989321 0.030000 4.989605 0.030000 3.182307 0.030000 3.174265 0.030000 3.576855 0.030000 3.408745 0.030000 1.149840 0.030000 1.375280 0.150000 4.631482 0.030000 4.798566 0.030000 4.562316 0.030000 4.534745 0.030000 4.106161 0.030000 4.328765 0.030000 3.195561 0.030000 3.082578 0.030000
6.048033 0.030000 6.019881 0.030000 4.682212 0.030000 4.562796 0.030000 5.651331 0.150000 5.532933 0.030000 6.643982 0.030000 6.820861 0.030000 4.916819 0.030000 5.000398 0.030000 3.113880 0.030000 3.112812 0.030000 3.666134 0.030000 3.500190 0.030000 1.007371 0.030000 1.185603 0.030000 4.535297 0.030000 4.760569 0.030000 4.699746 0.030000 4.558250 0.030000 3.956723 0.150000 4.146853 0.030000 3.261497 0.030000 3.149733 0.030000
7.008253 0.150000 6.023878 0.030000 4.746320 0.030000 4.632529 0.030000 5.267394 0.030000 5.577246 0.150000 6.554285 0.030000 6.590801 0.150000 4.883501 0.030000 4.902980 0.030000 3.053349 0.030000 3.130957 0.030000 3.797957 0.030000 3.588177 0.030000 0.997743 0.030000 1.038618 0.150000 4.470741 0.030000 4.609538 0.030000 4.748931 0.030000 4.588687 0.030000 3.837579 0.030000 4.094933 0.030000 4.129031 0.150000 3.241786 0.030000
6.219509 0.030000 6.137112 0.030000 4.847542 0.030000 4.751220 0.030000 5.109254 0.150000 5.306262 0.030000 6.475943 0.030000 6.637706 0.030000 5.229856 0.150000 4.928689 0.030000 3.130936 0.030000 3.158690 0.030000 3.909156 0.030000 3.717277 0.030000 0.986886 0.030000 1.079397 0.030000 4.288372 0.030000 4.493573 0.150000 4.792815 0.030000 4.649755 0.030000 3.788807 0.030000 3.987362 0.030000 3.475317 0.030000 3.346732 0.030000
6.320752 0.030000 6.217945 0.030000 4.947567 0.030000 4.697440 0.150000 5.039416 0.030000 5.221086 0.030000 6.403590 0.030000 6.920635 0.150000 4.941051 0.030000 5.237886 0.150000 3.091864 0.030000 3.093793 0.030000 4.042746 0.030000 3.897734 0.030000 0.982693 0.030000 1.027995 0.030000 4.167395 0.030000 4.283954 0.030000 4.931422 0.030000 4.986634 0.150000 3.660196 0.030000 3.873157 0.030000 3.579420 0.030000 3.399375 0.030000
6.397954 0.030000 6.254307 0.030000 5.004624 0.030000 4.913638 0.030000 4.995249 0.030000 5.094078 0.030000 6.344339 0.150000 6.829911 0.150000 4.904153 0.030000 4.959815 0.030000 3.633195 0.150000 3.084293 0.030000 4.181282 0.030000 3.968331 0.030000 0.927067 0.030000 0.986344 0.030000 4.031464 0.030000 3.807694 0.150000 4.877651 0.150000 4.778436 0.030000 3.592909 0.030000 3.747506 0.030000 3.653090 0.030000 3.524821 0.030000
6.423935 0.030000 6.357049 0.030000 5.164153 0.030000 4.975127 0.030000 4.896857 0.030000 4.988553 0.030000 6.299398 0.030000 6.365951 0.030000 4.945886 0.030000 4.950223 0.030000 3.128360 0.030000 3.067792 0.030000 4.359225 0.030000 4.107937 0.030000 0.940193 0.030000 1.000019 0.030000 3.903221 0.030000 3.997521 0.030000 5.039779 0.030000 4.896344 0.030000 3.525751 0.030000 3.633601 0.030000 3.810770 0.030000 3.836048 0.150000
6.587606 0.030000 6.487814 0.030000 5.259874 0.030000 5.077046 0.030000 4.824647 0.030000 4.874215 0.030000 6.247904 0.030000 6.320048 0.030000 4.939994 0.030000 4.961395 0.030000 3.124280 0.030000 3.105722 0.030000 4.439537 0.030000 4.220967 0.030000 1.040536 0.030000 0.909057 0.030000 3.776148 0.030000 4.018164 0.030000 5.167453 0.030000 4.965868 0.030000 3.352169 0.030000 3.519436 0.030000 3.873374 0.030000 3.691386 0.030000
6.660285 0.030000 6.499029 0.030000 5.341258 0.030000 5.237270 0.030000 4.680214 0.030000 4.892538 0.030000 6.119477 0.030000 6.224192 0.030000 4.954420 0.030000 4.938262 0.030000 3.084601 0.030000 3.100138 0.030000 4.513168 0.030000 4.382752 0.030000 1.043441 0.030000 0.949696 0.030000 3.695833 0.030000 3.830609 0.030000 5.194882 0.030000 5.134655 0.030000 3.240526 0.030000 3.437558 0.030000 3.965094 0.030000 3.885076 0.030000
6.721760 0.030000 6.573995 0.030000 5.471632 0.030000 5.532063 0.150000 4.630851 0.030000 4.717348 0.030000 6.064986 0.030000 6.186231 0.030000 4.899432 0.030000 4.914604 0.150000 3.482445 0.150000 3.156817 0.030000 4.658669 0.030000 4.474208 0.030000 1.140415 0.030000 1.274022 0.150000 3.559217 0.030000 3.793588 0.030000 5.294729 0.030000 5.146539 0.030000 3.110889 0.150000 3.382428 0.030000 4.064561 0.030000 3.976200 0.030000
6.831238 0.030000 6.661199 0.030000 5.626280 0.030000 5.503234 0.150000 4.491582 0.030000 4.684287 0.030000 6.018191 0.030000 6.094108 0.030000 4.910146 0.030000 4.916158 0.030000 3.090402 0.030000 3.147787 0.030000 4.756008 0.030000 4.551533 0.030000 1.182194 0.030000 0.960244 0.150000 3.435427 0.030000 3.599500 0.030000 5.393008 0.030000 5.255669 0.030000 3.155049 0.030000 3.223408 0.030000 4.156476 0.030000 4.059449 0.030000
6.909321 0.030000 6.742938 0.030000 5.737721 0.030000 5.545315 0.030000 4.442310 0.030000 4.621527 0.030000 5.869840 0.030000 6.057361 0.030000 5.017429 0.030000 4.998452 0.030000 3.162704 0.030000 3.147304 0.030000 4.851044 0.030000 4.668281 0.030000 1.237306 0.030000 1.066687 0.030000 3.299030 0.030000 3.509801 0.030000 5.481254 0.030000 5.304706 0.030000 2.946170 0.030000 3.147879 0.030000 4.296886 0.030000 4.132497 0.030000
7.028507 0.030000 6.874277 0.030000 5.758601 0.030000 5.584101 0.030000 4.284826 0.030000 4.440089 0.030000 5.864538 0.030000 6.039215 0.150000 5.034643 0.030000 4.977649 0.030000 3.167185 0.030000 3.142017 0.030000 5.042703 0.030000 5.325381 0.150000 1.278372 0.030000 1.240812 0.030000 3.215237 0.030000 3.396306 0.030000 5.569008 0.030000 5.370210 0.030000 2.850360 0.030000 3.060722 0.030000 4.303210 0.150000 4.328333 0.030000
7.099564 0.030000 6.977897 0.030000 5.890999 0.030000 6.184692 0.150000 4.240961 0.030000 4.336500 0.030000 5.799901 0.030000 5.953005 0.030000 4.975288 0.030000 5.004300 0.030000 3.266736 0.030000 3.205890 0.030000 5.186477 0.030000 4.964693 0.030000 1.439876 0.030000 1.275501 0.030000 3.079671 0.030000 3.635595 0.150000 5.614397 0.030000 5.468095 0.030000 2.835052 0.030000 2.893489 0.030000 4.544089 0.030000 4.366228 0.030000
7.165411 0.030000 7.047788 0.030000 5.923306 0.030000 5.866032 0.030000 4.155452 0.030000 4.256861 0.030000 5.705271 0.030000 6.212514 0.150000 5.089690 0.030000 5.108390 0.030000 3.243382 0.030000 3.067844 0.150000 5.514669 0.150000 5.070019 0.030000 1.482923 0.030000 1.363408 0.030000 2.962269 0.030000 3.114908 0.150000 5.772207 0.030000 5.619601 0.030000 2.699022 0.030000 3.584194 0.150000 4.641491 0.030000 4.534937 0.030000
7.274669 0.030000 7.200614 0.030000 6.138694 0.030000 5.897096 0.030000 4.034632 0.030000 4.168500 0.030000 5.619261 0.030000 5.748496 0.030000 5.051412 0.030000 5.025366 0.030000 3.333175 0.030000 3.225879 0.030000 5.359002 0.030000 5.312470 0.030000 1.592716 0.030000 1.452335 0.030000 2.820091 0.030000 3.028342 0.030000 5.828563 0.030000 5.684990 0.030000 2.637204 0.030000 2.756416 0.030000 5.083455 0.150000 4.590370 0.030000
7.363952 0.030000 7.177225 0.030000 6.196310 0.030000 6.037888 0.030000 3.983713 0.030000 4.090838 0.030000 6.085698 0.150000 5.697804 0.030000 5.147677 0.030000 5.132873 0.030000 3.348377 0.030000 3.248796 0.030000 5.480756 0.030000 5.298302 0.030000 1.690486 0.030000 1.728782 0.150000 2.726615 0.030000 3.464611 0.150000 5.940272 0.030000 5.758316 0.030000 2.533511 0.030000 2.616055 0.030000 4.836651 0.030000 4.709142 0.030000
7.473657 0.030000 7.355995 0.150000 6.259149 0.030000 6.550353 0.150000 3.859038 0.030000 4.020262 0.030000 5.274603 0.150000 5.594165 0.030000 5.181294 0.030000 5.139395 0.030000 3.446332 0.030000 3.352919 0.030000 5.630405 0.030000 5.398820 0.030000 1.799382 0.030000 1.612259 0.030000 2.606742 0.030000 2.807166 0.030000 6.006144 0.030000 5.867258 0.030000 2.449381 0.030000 2.627654 0.030000 4.989763 0.030000 4.848392 0.030000
7.552645 0.030000 8.293109 0.150000 6.389426 0.030000 6.276212 0.030000 3.844888 0.030000 3.937500 0.030000 5.522874 0.030000 5.601098 0.030000 5.211268 0.030000 5.190089 0.030000 3.461002 0.030000 3.629807 0.150000 5.751405 0.030000 5.513443 0.030000 1.888855 0.030000 1.778988 0.030000 2.484728 0.030000 2.672771 0.030000 6.191855 0.030000 6.003689 0.030000 2.440588 0.030000 2.582316 0.030000 5.116797 0.030000 4.956043 0.030000
7.642344 0.030000 7.514714 0.030000 6.521111 0.030000 6.354096 0.030000 3.737880 0.030000 3.847892 0.030000 5.444211 0.030000 6.131992 0.150000 5.529377 0.150000 5.279396 0.150000 3.528742 0.030000 3.464680 0.030000 5.884362 0.030000 5.682165 0.030000 2.075737 0.030000 1.928488 0.030000 2.813448 0.150000 2.593261 0.030000 6.155107 0.030000 6.051326 0.030000 2.308946 0.030000 2.415015 0.030000 5.198778 0.030000 5.007701 0.030000
7.751336 0.030000 7.558559 0.030000 6.669178 0.030000 6.479165 0.030000 3.699126 0.030000 3.780908 0.030000 5.394957 0.030000 5.489692 0.030000 5.347937 0.030000 5.295819 0.030000 3.627257 0.030000 3.556960 0.030000 6.105400 0.030000 5.830765 0.030000 2.341838 0.150000 1.948333 0.030000 2.543300 0.150000 2.484215 0.030000 6.326838 0.030000 6.122840 0.150000 2.237771 0.030000 2.400299 0.030000 5.304134 0.030000 5.133921 0.030000
7.832797 0.030000 7.723846 0.030000 6.743478 0.030000 6.930690 0.150000 3.577729 0.030000 3.668990 0.030000 5.328658 0.030000 5.476647 0.030000 5.327961 0.030000 5.238651 0.030000 3.718836 0.030000 3.585907 0.030000 6.134346 0.030000 5.916021 0.030000 2.227563 0.030000 2.068250 0.030000 2.147484 0.030000 3.596961 0.150000 6.458075 0.030000 6.278106 0.030000 2.228664 0.030000 2.367584 0.030000 5.514716 0.030000 5.232684 0.030000
7.903176 0.030000 7.805928 0.030000 6.901782 0.030000 6.722256 0.030000 3.524073 0.030000 3.609829 0.030000 5.394286 0.030000 5.414075 0.030000 5.373432 0.030000 5.360607 0.030000 3.783753 0.030000 3.698201 0.030000 6.333558 0.030000 6.029622 0.030000 2.403440 0.030000 2.202788 0.030000 2.025710 0.030000 2.244060 0.030000 6.494187 0.030000 6.316555 0.030000 2.145454 0.030000 2.269418 0.030000 5.521175 0.030000 5.397651 0.030000
8.023767 0.030000 7.934813 0.030000 6.952030 0.030000 6.802756 0.030000 3.484121 0.030000 3.591834 0.030000 5.290093 0.030000 5.384039 0.030000 5.469393 0.030000 5.308088 0.030000 3.849892 0.030000 3.956011 0.150000 6.358477 0.030000 6.181712 0.030000 2.475102 0.030000 2.286913 0.030000 1.954240 0.030000 2.108640 0.030000 6.755270 0.150000 6.455701 0.030000 2.202345 0.030000 2.231752 0.030000 5.645859 0.030000 5.485938 0.030000
8.069421 0.030000 7.945048 0.030000 7.035370 0.030000 6.836182 0.030000 3.412167 0.030000 3.525402 0.030000 5.225715 0.030000 5.263484 0.030000 5.462855 0.030000 5.412812 0.030000 3.908686 0.030000 3.728669 0.030000 6.455004 0.030000 6.058142 0.150000 2.610398 0.030000 2.359043 0.030000 1.848837 0.030000 2.044092 0.030000 6.703492 0.030000 6.473687 0.030000 2.078389 0.030000 2.172105 0.030000 5.742342 0.030000 5.534106 0.030000
8.136004 0.030000 8.020170 0.030000 7.116133 0.030000 6.967281 0.030000 3.364876 0.030000 3.483066 0.030000 5.239302 0.030000 5.259035 0.030000 5.469975 0.030000 5.445465 0.030000 3.987722 0.030000 3.823459 0.030000 6.557781 0.030000 6.364963 0.030000 2.657736 0.030000 2.375738 0.030000 1.810382 0.030000 1.996086 0.030000 6.826946 0.030000 6.553218 0.030000 2.056874 0.030000 2.134597 0.030000 5.792328 0.030000 5.691047 0.030000
8.237109 0.030000 8.096186 0.030000 7.221148 0.030000 7.839755 0.150000 3.349089 0.030000 3.520617 0.030000 5.254815 0.030000 5.219054 0.030000 5.543542 0.030000 5.470476 0.030000 3.955287 0.030000 3.869093 0.030000 6.633449 0.030000 6.443438 0.030000 2.655761 0.030000 2.545987 0.030000 1.718078 0.030000 1.859209 0.030000 6.833317 0.030000 6.621356 0.030000 2.061293 0.030000 2.312647 0.150000 5.853706 0.030000 5.672821 0.030000
8.295813 0.030000 8.425887 0.150000 7.214037 0.030000 7.098872 0.030000 3.243400 0.030000 3.728810 0.150000 5.220100 0.030000 5.261723 0.030000 5.570261 0.030000 5.431185 0.030000 4.176268 0.150000 4.135574 0.150000 6.652385 0.030000 6.488029 0.030000 2.795037 0.030000 2.582503 0.030000 1.717547 0.030000 2.171807 0.150000 6.839755 0.030000 6.708230 0.150000 2.014151 0.030000 2.006207 0.030000 6.007668 0.030000 5.752311 0.030000
8.326737 0.030000 8.241495 0.150000 7.306251 0.030000 7.124416 0.030000 3.294879 0.030000 3.359461 0.030000 5.241695 0.030000 5.244505 0.030000 5.673806 0.030000 5.599507 0.030000 4.056258 0.030000 3.953751 0.030000 6.760484 0.030000 6.533835 0.030000 2.753955 0.150000 2.628930 0.030000 1.586187 0.030000 1.804094 0.030000 6.870229 0.030000 6.719923 0.030000 2.065511 0.030000 2.057961 0.030000 5.940892 0.030000 5.841526 0.030000
8.315206 0.150000 8.192241 0.030000 7.343980 0.030000 7.190638 0.030000 3.278275 0.030000 3.291564 0.030000 5.123387 0.030000 5.237658 0.030000 5.661109 0.030000 5.576917 0.030000 4.084808 0.030000 3.943062 0.030000 6.789788 0.030000 6.602495 0.030000 2.900118 0.030000 2.637667 0.030000 1.637398 0.030000 1.820288 0.030000 6.924850 0.030000 6.844181 0.030000 2.023422 0.030000 2.108130 0.030000 6.071809 0.030000 5.863831 0.030000
8.356601 0.030000 8.228677 0.030000 7.393517 0.030000 7.220464 0.030000 3.211348 0.030000 3.336462 0.030000 5.172380 0.030000 5.221958 0.030000 5.677350 0.030000 5.583393 0.030000 4.101335 0.030000 3.969741 0.030000 6.767981 0.030000 6.620732 0.030000 2.920853 0.030000 2.735218 0.030000 1.579025 0.030000 1.729114 0.030000 6.960377 0.030000 6.838065 0.030000 2.081101 0.030000 2.013112 0.030000 6.091793 0.030000 5.772943 0.150000
8.410483 0.030000 8.219222 0.030000 7.425072 0.030000 7.239873 0.030000 3.186841 0.030000 3.349563 0.030000 5.126372 0.030000 5.237424 0.030000 5.701286 0.030000 5.570326 0.030000 4.144333 0.030000 4.020763 0.030000 6.895259 0.030000 6.674535 0.030000 2.924391 0.030000 2.742794 0.030000 1.584125 0.030000 1.723355 0.030000 7.011418 0.030000 6.852630 0.030000 2.006434 0.030000 2.725902 0.150000 6.113871 0.030000 5.871859 0.030000
8.497082 0.030000 8.305996 0.030000 7.428024 0.030000 7.328252 0.030000 3.226832 0.030000 3.328652 0.030000 5.139395 0.030000 5.230701 0.030000 5.676128 0.030000 5.558418 0.030000 4.131788 0.030000 4.053475 0.030000 6.928088 0.030000 6.700746 0.030000 2.981244 0.030000 2.824995 0.030000 1.571540 0.030000 1.658272 0.030000 7.056010 0.030000 6.880256 0.030000 1.921009 0.030000 2.082559 0.030000 6.092425 0.030000 5.989340 0.030000
8.496901 0.030000 8.351359 0.030000 7.411829 0.030000 7.941655 0.150000 3.178777 0.150000 3.300579 0.030000 5.241538 0.030000 5.179427 0.030000 5.842198 0.030000 5.631630 0.030000 4.146189 0.030000 4.073004 0.030000 6.981682 0.030000 6.771717 0.030000 3.026746 0.030000 2.879041 0.030000 1.853402 0.150000 1.663355 0.030000 7.149990 0.030000 6.932590 0.030000 1.915983 0.030000 2.039211 0.030000 6.183861 0.030000 6.080817 0.030000
8.623350 0.030000 8.457828 0.030000 7.433196 0.030000 7.379561 0.030000 3.048025 0.030000 3.182182 0.030000 5.379117 0.030000 5.175826 0.030000 6.094890 0.150000 5.673638 0.030000 4.071928 0.030000 4.093292 0.030000 7.141774 0.150000 6.788182 0.030000 3.147926 0.030000 2.976687 0.030000 1.649733 0.030000 1.622623 0.030000 7.138840 0.030000 7.034221 0.030000 1.835084 0.030000 1.949377 0.030000 6.149566 0.030000 6.137593 0.030000
8.882496 0.150000 8.572884 0.030000 7.423746 0.030000 7.438265 0.030000 2.873511 0.030000 3.115970 0.030000 5.504025 0.030000 5.314076 0.030000 6.032002 0.030000 5.875850 0.030000 3.987088 0.030000 4.150487 0.030000 7.038755 0.030000 6.951735 0.030000 3.119206 0.030000 3.088911 0.030000 1.742432 0.030000 1.591818 0.030000 7.331587 0.030000 7.180575 0.030000 1.637903 0.030000 1.842432 0.030000 6.175180 0.030000 6.161401 0.030000
8.825799 0.030000 8.692959 0.030000 7.390680 0.030000 7.434459 0.030000 2.733140 0.030000 2.994364 0.030000 5.604316 0.030000 5.427284 0.030000 6.135724 0.030000 6.007305 0.030000 4.301352 0.150000 4.064322 0.030000 7.131545 0.030000 7.036550 0.030000 3.292198 0.030000 3.063282 0.150000 1.761262 0.030000 1.613345 0.030000 7.372349 0.030000 7.381388 0.150000 1.560211 0.030000 1.760945 0.030000 6.144576 0.030000 6.175904 0.030000
8.953482 0.030000 8.701601 0.030000 7.968424 0.150000 7.432071 0.030000 2.641514 0.030000 2.868195 0.030000 5.740393 0.030000 5.505304 0.030000 7.018326 0.150000 6.045040 0.030000 3.866163 0.030000 3.940968 0.030000 7.188088 0.030000 7.050952 0.030000 3.287691 0.030000 3.207680 0.030000 1.869051 0.030000 1.716516 0.030000 7.515319 0.150000 7.396373 0.030000 1.497634 0.030000 1.601616 0.030000 6.116764 0.030000 6.103518 0.030000
9.018822 0.030000 8.831827 0.030000 7.281985 0.030000 7.416164 0.030000 2.494064 0.030000 2.741457 0.030000 5.809881 0.030000 5.604714 0.030000 6.429629 0.030000 6.230767 0.030000 3.745949 0.030000 3.892717 0.030000 7.133424 0.030000 7.074452 0.030000 3.403337 0.030000 3.269345 0.030000 1.997307 0.030000 1.868136 0.030000 7.524072 0.030000 7.445297 0.030000 1.357502 0.030000 1.462671 0.030000 6.118403 0.030000 6.107814 0.030000
9.242260 0.150000 8.921154 0.030000 7.328631 0.030000 7.369117 0.150000 2.380527 0.030000 2.593747 0.030000 5.898904 0.030000 5.776886 0.030000 6.496377 0.030000 6.330434 0.030000 3.645115 0.150000 3.870807 0.030000 7.258852 0.030000 7.149824 0.030000 3.453963 0.030000 3.336936 0.030000 2.444914 0.150000 1.901202 0.030000 7.624256 0.030000 7.536115 0.030000 1.191694 0.030000 1.344334 0.030000 6.088037 0.030000 6.072523 0.030000
9.162707 0.030000 9.094473 0.030000 7.238635 0.030000 7.335332 0.030000 2.319312 0.030000 2.499182 0.030000 6.448483 0.150000 5.874185 0.030000 6.598032 0.030000 6.438917 0.030000 3.579349 0.030000 3.747970 0.030000 7.231173 0.030000 7.253522 0.030000 3.567104 0.030000 3.444191 0.030000 2.205907 0.030000 1.961587 0.030000 7.673570 0.030000 7.522682 0.030000 0.995541 0.030000 1.252228 0.030000 6.058319 0.030000 6.106400 0.030000
9.258833 0.030000 9.096363 0.030000 7.249709 0.030000 7.236018 0.030000 2.192194 0.030000 2.324164 0.030000 6.208221 0.030000 5.990838 0.030000 6.763630 0.030000 6.612027 0.030000 3.531627 0.030000 3.799867 0.150000 7.309962 0.030000 7.198504 0.030000 3.620833 0.030000 3.470036 0.030000 2.310850 0.030000 2.127560 0.030000 7.838343 0.030000 7.674661 0.030000 1.045226 0.030000 1.144139 0.030000 6.057074 0.030000 6.063910 0.030000
9.349269 0.030000 9.235036 0.030000 7.146193 0.030000 7.161261 0.150000 2.055295 0.030000 2.278051 0.030000 6.287246 0.030000 6.135430 0.030000 6.792509 0.030000 6.669629 0.030000 3.504915 0.030000 3.621415 0.030000 7.314584 0.030000 7.255446 0.030000 3.686368 0.030000 3.514187 0.030000 2.409928 0.030000 2.212237 0.030000 7.892443 0.030000 7.729058 0.030000 0.772226 0.030000 1.026192 0.030000 6.008222 0.030000 6.079269 0.030000
9.434155 0.030000 9.203428 0.030000 7.202810 0.030000 7.187676 0.030000 1.946421 0.030000 2.134176 0.030000 6.386267 0.030000 6.198678 0.030000 6.926114 0.030000 6.828831 0.150000 3.465262 0.030000 3.538898 0.030000 7.368145 0.030000 7.321925 0.030000 3.758467 0.030000 3.583814 0.030000 2.518308 0.030000 2.308634 0.030000 7.951694 0.030000 7.790391 0.030000 0.647803 0.030000 0.865382 0.030000 6.010382 0.030000 6.000697 0.030000
9.438425 0.030000 9.325179 0.030000 7.136456 0.030000 7.184241 0.030000 1.853990 0.150000 2.075685 0.030000 6.481255 0.030000 6.324436 0.030000 7.024515 0.030000 6.803811 0.030000 3.392063 0.030000 3.503301 0.030000 7.366941 0.030000 7.319697 0.030000 3.797065 0.030000 3.688959 0.030000 2.539786 0.030000 2.418631 0.030000 8.004933 0.030000 7.907952 0.030000 0.612963 0.030000 0.834866 0.030000 6.027933 0.030000 5.974205 0.030000
9.520602 0.030000 9.367718 0.030000 7.172493 0.030000 7.164633 0.030000 2.296025 0.150000 1.992951 0.030000 6.571488 0.030000 6.443865 0.030000 7.109157 0.030000 6.891720 0.030000 3.413494 0.030000 3.461039 0.030000 7.434643 0.030000 7.312006 0.030000 3.896061 0.030000 4.437830 0.150000 2.661761 0.030000 2.505435 0.030000 8.127738 0.030000 7.913112 0.030000 0.549472 0.030000 0.771088 0.030000 6.045616 0.030000 6.023614 0.030000
9.604220 0.030000 9.116507 0.150000 7.124538 0.030000 7.150470 0.030000 1.809651 0.150000 1.931446 0.030000 6.626732 0.030000 6.447022 0.030000 7.213087 0.030000 6.948758 0.030000 3.613317 0.150000 3.450753 0.030000 7.399891 0.030000 7.394276 0.030000 3.945807 0.030000 3.763934 0.030000 2.723874 0.030000 2.531249 0.030000 8.150649 0.030000 7.979336 0.030000 0.462593 0.030000 0.637403 0.030000 6.313230 0.150000 5.993976 0.030000
9.622380 0.030000 9.465757 0.030000 7.169461 0.030000 7.139345 0.030000 1.699051 0.030000 1.877007 0.030000 6.604754 0.150000 6.486770 0.030000 7.227021 0.030000 7.015047 0.030000 3.352800 0.030000 3.369032 0.030000 7.458296 0.030000 7.433229 0.030000 3.982351 0.030000 3.639166 0.150000 2.793044 0.030000 2.557766 0.030000 8.228375 0.030000 8.411813 0.150000 0.420192 0.030000 0.589669 0.030000 6.007458 0.030000 5.985137 0.030000
9.666971 0.030000 9.542074 0.030000 7.137406 0.150000 7.185048 0.030000 1.641010 0.030000 1.843444 0.030000 6.753015 0.030000 6.579611 0.030000 7.295168 0.030000 7.139246 0.030000 4.923405 0.150000 3.482320 0.150000 7.454088 0.150000 7.431984 0.030000 4.025266 0.030000 3.816631 0.030000 2.810143 0.030000 2.690714 0.030000 8.236396 0.030000 8.105535 0.030000 0.342312 0.030000 0.561840 0.030000 6.056455 0.030000 6.013854 0.030000
9.693544 0.030000 9.506354 0.030000 7.088319 0.030000 7.142477 0.030000 1.643147 0.030000 1.779417 0.030000 6.803854 0.030000 6.592104 0.030000 7.542557 0.150000 7.163601 0.030000 3.265946 0.030000 3.387919 0.030000 7.483350 0.030000 7.455481 0.030000 4.050242 0.030000 3.917359 0.030000 2.861600 0.030000 2.718090 0.030000 8.238692 0.030000 8.140037 0.030000 0.515386 0.150000 0.500433 0.030000 6.021275 0.030000 6.047941 0.030000
9.746647 0.030000 9.609097 0.030000 7.076887 0.030000 7.230187 0.030000 1.563756 0.030000 1.714702 0.030000 6.802668 0.030000 6.677241 0.030000 7.683220 0.150000 7.179040 0.030000 3.246260 0.030000 3.344441 0.030000 7.582449 0.030000 7.455663 0.030000 4.050636 0.030000 3.899863 0.030000 2.877167 0.030000 2.726427 0.030000 8.255908 0.030000 8.122693 0.030000 0.210723 0.030000 0.441501 0.030000 6.010560 0.030000 5.952586 0.030000
9.769616 0.030000 9.591549 0.030000 7.079448 0.030000 7.151018 0.030000 1.617298 0.030000 1.724075 0.030000 6.847777 0.030000 6.677788 0.030000 7.437834 0.030000 7.167749 0.030000 3.259282 0.030000 3.311737 0.030000 7.466956 0.030000 7.431179 0.030000 4.036495 0.030000 3.954605 0.030000 3.583364 0.150000 3.131956 0.150000 8.307047 0.030000 8.201082 0.030000 0.241464 0.030000 0.434972 0.030000 5.994320 0.030000 5.981888 0.030000
9.750353 0.030000 9.699885 0.030000 7.079290 0.030000 7.146858 0.030000 1.540462 0.030000 1.694947 0.030000 6.893752 0.030000 6.642620 0.150000 7.242656 0.150000 7.196092 0.030000 3.203524 0.030000 3.366735 0.030000 7.481377 0.030000 7.561145 0.150000 4.055513 0.030000 3.961899 0.030000 3.010864 0.030000 2.761839 0.030000 8.265165 0.030000 8.214191 0.030000 0.182879 0.030000 0.418134 0.030000 5.923151 0.030000 6.039497 0.030000
9.695858 0.030000 9.745990 0.030000 6.968343 0.030000 7.135353 0.030000 1.597911 0.030000 1.594720 0.030000 6.957282 0.030000 6.807604 0.030000 7.419506 0.030000 7.323832 0.030000 3.140393 0.030000 3.279205 0.030000 7.480873 0.030000 7.521153 0.030000 4.068899 0.030000 4.077768 0.030000 2.998084 0.030000 2.834125 0.030000 8.269181 0.030000 8.244161 0.030000 0.192658 0.030000 0.340723 0.030000 5.823104 0.030000 6.020204 0.030000
9.647765 0.030000 10.370058 0.150000 6.830647 0.030000 7.107655 0.030000 1.900432 0.150000 1.669848 0.030000 6.973899 0.030000 6.957561 0.030000 7.431292 0.030000 7.421337 0.030000 3.037621 0.030000 3.252941 0.030000 7.367293 0.030000 7.529487 0.030000 3.993101 0.030000 4.028813 0.030000 3.057032 0.030000 2.969780 0.030000 8.199014 0.030000 8.315173 0.030000 0.234063 0.030000 0.626302 0.150000 5.781688 0.030000 5.948007 0.030000
9.653711 0.030000 9.645540 0.030000 6.773127 0.030000 6.939823 0.030000 1.738353 0.030000 1.615494 0.030000 7.060687 0.030000 6.950976 0.030000 7.362269 0.030000 7.539436 0.150000 3.201862 0.150000 3.136348 0.030000 7.250969 0.030000 7.430937 0.030000 3.918456 0.030000 4.046521 0.030000 3.152996 0.030000 3.073400 0.030000 8.167590 0.030000 8.263899 0.150000 0.371209 0.030000 0.145996 0.030000 5.694638 0.030000 5.881433 0.030000
9.759926 0.150000 9.571338 0.030000 6.624569 0.030000 6.825978 0.030000 1.766631 0.030000 1.695634 0.030000 7.055632 0.030000 6.988801 0.030000 7.314815 0.030000 7.564014 0.150000 2.767634 0.030000 2.904369 0.030000 7.155170 0.030000 7.255720 0.030000 3.874151 0.030000 3.947561 0.030000 3.223125 0.030000 3.110147 0.030000 8.518038 0.150000 8.185981 0.030000 0.453813 0.030000 0.280954 0.030000 5.571224 0.030000 5.683229 0.030000
9.393589 0.030000 9.497110 0.030000 6.459950 0.030000 6.671315 0.030000 1.967934 0.030000 1.806553 0.030000 7.070461 0.030000 7.042967 0.030000 7.279093 0.030000 7.369433 0.030000 2.624282 0.030000 2.910011 0.030000 7.119244 0.030000 7.226578 0.030000 3.709990 0.030000 3.968647 0.030000 3.291509 0.030000 3.198003 0.030000 7.942128 0.030000 8.099912 0.030000 0.561942 0.030000 1.047795 0.150000 5.404339 0.030000 5.562863 0.030000
9.291395 0.030000 9.474894 0.030000 6.370297 0.030000 6.567834 0.030000 2.060477 0.030000 1.829916 0.030000 7.127481 0.030000 7.090628 0.030000 7.561787 0.150000 7.345258 0.030000 2.575648 0.030000 2.798365 0.030000 6.912730 0.030000 7.146802 0.030000 3.654398 0.030000 3.855439 0.030000 3.370449 0.030000 3.195519 0.030000 7.796388 0.150000 8.049431 0.030000 0.639816 0.030000 0.554491 0.030000 5.329751 0.150000 5.499933 0.030000
9.429228 0.150000 9.408558 0.030000 6.238589 0.030000 6.444776 0.030000 2.092649 0.030000 1.947256 0.030000 7.163594 0.030000 8.180506 0.150000 7.247329 0.030000 7.258729 0.030000 2.474316 0.030000 2.616988 0.030000 6.788600 0.030000 6.975452 0.030000 3.621245 0.030000 3.749735 0.030000 3.516724 0.150000 3.311777 0.030000 7.786721 0.030000 7.931372 0.030000 0.839735 0.030000 0.651127 0.030000 5.130560 0.030000 5.390492 0.030000
9.177035 0.030000 9.352715 0.030000 6.104275 0.030000 6.352784 0.030000 2.199867 0.030000 2.038259 0.030000 7.182114 0.030000 8.080042 0.150000 7.722899 0.150000 7.219943 0.030000 2.322585 0.030000 2.576154 0.030000 6.659116 0.030000 6.917885 0.030000 3.483024 0.030000 3.629571 0.030000 3.491862 0.030000 3.356200 0.030000 7.730553 0.030000 7.883636 0.150000 0.920398 0.030000 0.797795 0.030000 5.035919 0.030000 5.164871 0.030000
9.118299 0.030000 9.247887 0.030000 6.296845 0.150000 6.196465 0.030000 2.330409 0.030000 2.190442 0.030000 7.235400 0.030000 7.199609 0.030000 7.400737 0.150000 7.226870 0.030000 2.236995 0.030000 2.393462 0.030000 6.606260 0.030000 6.780848 0.030000 3.413391 0.030000 3.542108 0.030000 3.531950 0.030000 3.483367 0.030000 7.760182 0.150000 7.769266 0.030000 1.048475 0.030000 0.877671 0.030000 4.888149 0.030000 5.095684 0.030000
9.033797 0.030000 9.106028 0.030000 5.906539 0.030000 6.104185 0.030000 2.452716 0.030000 2.296879 0.030000 7.245894 0.030000 7.247895 0.030000 7.247535 0.150000 7.150724 0.030000 2.125824 0.030000 2.306435 0.030000 6.476349 0.030000 6.686122 0.030000 3.424752 0.030000 3.547321 0.030000 3.584026 0.030000 3.505745 0.030000 7.553379 0.030000 7.660921 0.030000 1.187291 0.030000 1.019676 0.030000 4.780749 0.030000 4.998265 0.030000
8.948313 0.030000 9.080486 0.030000 5.804091 0.030000 5.970876 0.030000 2.597217 0.030000 2.394122 0.030000 7.338716 0.030000 7.252350 0.030000 7.066920 0.030000 7.092569 0.030000 2.025385 0.030000 2.151596 0.030000 6.330895 0.030000 6.575992 0.030000 3.377764 0.030000 3.419842 0.030000 3.707086 0.030000 3.558634 0.030000 7.480845 0.030000 7.546260 0.030000 1.350753 0.030000 1.664826 0.150000 4.617643 0.030000 4.833373 0.030000
8.912925 0.030000 8.992069 0.030000 5.638357 0.030000 5.887840 0.030000 2.707341 0.030000 2.520490 0.030000 7.335187 0.030000 7.246776 0.030000 7.059264 0.030000 7.193037 0.150000 1.918048 0.030000 2.037229 0.030000 6.287019 0.030000 6.393460 0.030000 3.277979 0.150000 3.426076 0.150000 3.802621 0.030000 3.661283 0.030000 7.440322 0.030000 7.539885 0.030000 1.424792 0.030000 1.269188 0.030000 4.722624 0.150000 4.788239 0.030000
8.772301 0.030000 8.881523 0.030000 5.509817 0.030000 5.738519 0.030000 2.773570 0.030000 2.654294 0.030000 7.379242 0.030000 7.319736 0.030000 6.991460 0.030000 7.056282 0.030000 1.831611 0.030000 1.918095 0.030000 6.176467 0.030000 6.282333 0.030000 3.449073 0.150000 3.260247 0.030000 3.857316 0.030000 3.733718 0.030000 7.323994 0.030000 7.474365 0.030000 1.557197 0.030000 1.549162 0.150000 4.374886 0.030000 4.604869 0.030000
8.701832 0.030000 8.840055 0.030000 5.380355 0.030000 6.277549 0.150000 2.899412 0.030000 2.692275 0.030000 7.427496 0.030000 7.388789 0.030000 6.990457 0.030000 7.042455 0.030000 1.656593 0.030000 1.862333 0.030000 6.052319 0.030000 6.227510 0.030000 3.154545 0.030000 3.294622 0.030000 3.996743 0.030000 3.841073 0.030000 7.441307 0.150000 7.359345 0.030000 1.673558 0.030000 1.539067 0.030000 4.247015 0.030000 4.959937 0.150000
8.555513 0.030000 8.768425 0.030000 5.290591 0.150000 5.489565 0.030000 3.015490 0.030000 2.893075 0.030000 7.518695 0.030000 7.405724 0.030000 7.875232 0.150000 7.030526 0.030000 1.618659 0.030000 1.750998 0.030000 6.244475 0.150000 6.113911 0.030000 3.087799 0.030000 3.213431 0.030000 4.000760 0.030000 4.272638 0.150000 7.208234 0.030000 7.290303 0.030000 1.808484 0.030000 1.609072 0.030000 4.149391 0.030000 4.382795 0.030000
8.952381 0.150000 8.694680 0.030000 5.187919 0.030000 5.343885 0.030000 3.140040 0.030000 2.978089 0.030000 7.600444 0.030000 7.489200 0.030000 6.955201 0.030000 7.016329 0.030000 1.530719 0.030000 1.696565 0.030000 5.849178 0.030000 6.039197 0.030000 3.139467 0.030000 3.146079 0.030000 4.132681 0.030000 4.041771 0.030000 7.119014 0.030000 7.261336 0.030000 1.919437 0.030000 1.815218 0.030000 4.038923 0.030000 4.259496 0.030000
8.487838 0.030000 8.630745 0.030000 5.010964 0.030000 5.234905 0.030000 3.293101 0.030000 3.089176 0.030000 7.605086 0.030000 7.519763 0.030000 7.276557 0.150000 6.969586 0.030000 1.474861 0.030000 1.538653 0.030000 5.729564 0.030000 5.890932 0.030000 3.088089 0.030000 3.080594 0.030000 4.284689 0.030000 4.099469 0.030000 7.077189 0.030000 7.121571 0.030000 2.016820 0.030000 1.877826 0.030000 3.887668 0.030000 4.127680 0.030000
8.450132 0.030000 8.548423 0.030000 4.889172 0.030000 5.083238 0.150000 3.381838 0.030000 3.213941 0.030000 7.666802 0.030000 7.548787 0.030000 6.920605 0.030000 7.001683 0.030000 1.387296 0.030000 1.480378 0.030000 5.656768 0.030000 5.790965 0.150000 3.021345 0.030000 3.076441 0.030000 4.310960 0.030000 4.167780 0.030000 7.023047 0.030000 7.352719 0.150000 2.175744 0.030000 1.958331 0.030000 3.798541 0.030000 3.945439 0.150000
8.363358 0.030000 8.491415 0.030000 4.779384 0.030000 5.123213 0.150000 3.461333 0.030000 3.302453 0.030000 7.727340 0.030000 7.604115 0.030000 6.830458 0.150000 6.884952 0.030000 1.288358 0.030000 1.428647 0.030000 5.494227 0.030000 5.673049 0.030000 3.041662 0.030000 3.049084 0.030000 4.410565 0.030000 4.219907 0.030000 6.924203 0.030000 6.984853 0.030000 2.300816 0.030000 2.146771 0.030000 3.596521 0.030000 3.841181 0.030000
8.275450 0.030000 8.425786 0.030000 4.629218 0.030000 4.853235 0.030000 3.292936 0.150000 3.368774 0.030000 7.781195 0.030000 7.723796 0.030000 6.926132 0.030000 7.726878 0.150000 1.264027 0.030000 1.348571 0.030000 5.395141 0.150000 5.634163 0.030000 2.995332 0.030000 2.958058 0.030000 4.543215 0.030000 4.374694 0.030000 6.873482 0.030000 6.986280 0.030000 2.463142 0.030000 2.199113 0.030000 3.518422 0.030000 3.763745 0.030000
8.202512 0.030000 8.367195 0.030000 4.532292 0.030000 4.776426 0.030000 3.691263 0.030000 3.543692 0.030000 7.811384 0.030000 7.722755 0.030000 6.929735 0.030000 6.943782 0.030000 1.142110 0.030000 1.280866 0.030000 5.278103 0.150000 5.217270 0.150000 2.906096 0.030000 2.970518 0.030000 4.546989 0.030000 4.459259 0.030000 6.834600 0.030000 6.893198 0.030000 2.560217 0.030000 2.415975 0.030000 3.452789 0.030000 3.655764 0.030000
8.184421 0.030000 8.239183 0.030000 4.796045 0.150000 4.623607 0.030000 3.871847 0.030000 3.702181 0.030000 7.913127 0.030000 7.792920 0.030000 6.844916 0.030000 6.908489 0.030000 1.156143 0.030000 1.216891 0.030000 5.220501 0.030000 5.350157 0.030000 2.980748 0.030000 2.952246 0.030000 4.733743 0.030000 4.527057 0.030000 6.681461 0.150000 6.811456 0.030000 2.649800 0.030000 2.488690 0.030000 3.321700 0.030000 3.480343 0.030000
8.059735 0.030000 8.182220 0.030000 4.643320 0.150000 4.470217 0.030000 3.948032 0.030000 3.752887 0.030000 7.929249 0.030000 7.819484 0.030000 6.894266 0.030000 6.894312 0.030000 1.164021 0.030000 1.161661 0.030000 5.079083 0.030000 5.221302 0.030000 2.927018 0.030000 2.936415 0.030000 4.836337 0.030000 4.650602 0.030000 6.744926 0.030000 6.796066 0.030000 2.832308 0.030000 2.644778 0.030000 3.149267 0.150000 3.358791 0.030000
8.036309 0.030000 8.098620 0.030000 4.174825 0.030000 4.350734 0.030000 4.058731 0.030000 3.848298 0.030000 7.960756 0.030000 7.884001 0.030000 6.956615 0.030000 6.944838 0.030000 1.101053 0.030000 1.128764 0.030000 5.009592 0.030000 5.119135 0.030000 3.449373 0.150000 2.916136 0.030000 4.865494 0.030000 4.961506 0.150000 6.603843 0.030000 6.753146 0.030000 2.998645 0.030000 2.754408 0.030000 3.004575 0.030000 3.221978 0.030000
8.029092 0.030000 8.032207 0.030000 4.023037 0.030000 4.198457 0.030000 4.212012 0.030000 3.995147 0.030000 8.140340 0.150000 7.950476 0.030000 6.918984 0.030000 6.884220 0.030000 1.064253 0.030000 1.130776 0.030000 4.953351 0.150000 5.020673 0.030000 2.931221 0.030000 2.934608 0.030000 5.117118 0.030000 4.841100 0.030000 6.583280 0.030000 6.691744 0.030000 3.742404 0.150000 2.913762 0.030000 2.819010 0.030000 3.077698 0.030000
7.922297 0.030000 8.040048 0.030000 3.935336 0.030000 4.125388 0.030000 4.564359 0.150000 4.138070 0.030000 8.262259 0.150000 8.051649 0.030000 6.947142 0.030000 6.886419 0.030000 1.051508 0.030000 1.089455 0.030000 4.817123 0.030000 4.946587 0.030000 2.910890 0.030000 2.918918 0.030000 5.148728 0.030000 4.931468 0.030000 6.537376 0.030000 6.603424 0.030000 3.198354 0.030000 3.019721 0.030000 2.768085 0.030000 2.909083 0.150000
7.835572 0.030000 7.920900 0.030000 3.798383 0.030000 4.027509 0.030000 4.412312 0.030000 4.230468 0.030000 8.187371 0.030000 8.122679 0.030000 6.965214 0.030000 6.888954 0.030000 1.149255 0.030000 1.122057 0.030000 4.729320 0.030000 4.849155 0.030000 2.991775 0.030000 2.945237 0.030000 5.265546 0.030000 5.074839 0.030000 6.446222 0.030000 6.593289 0.030000 3.262971 0.030000 3.132112 0.030000 2.646846 0.030000 2.883137 0.030000
7.864828 0.030000 7.883616 0.030000 3.672102 0.030000 3.825207 0.030000 4.563175 0.030000 4.374176 0.030000 8.297594 0.030000 8.131059 0.030000 6.899242 0.030000 6.914846 0.030000 1.209202 0.030000 1.077906 0.030000 4.581784 0.030000 4.758244 0.030000 2.969892 0.030000 3.011659 0.030000 5.356012 0.030000 5.116095 0.030000 6.437140 0.030000 6.515232 0.030000 3.430713 0.030000 3.288624 0.030000 2.999496 0.150000 2.736469 0.030000
7.760004 0.030000 7.844081 0.030000 3.532257 0.030000 3.790762 0.030000 4.699707 0.030000 4.467021 0.030000 8.397749 0.030000 8.197436 0.030000 6.947494 0.030000 6.885969 0.030000 1.216210 0.030000 1.119016 0.030000 4.547247 0.030000 4.663641 0.030000 3.003298 0.030000 2.988491 0.030000 5.781048 0.150000 5.295401 0.030000 6.348705 0.030000 6.465784 0.030000 3.574293 0.030000 3.383487 0.030000 2.416032 0.030000 2.311876 0.150000
8.413993 0.150000 7.798788 0.030000 3.490812 0.030000 4.242991 0.150000 4.811298 0.030000 4.584106 0.030000 8.357961 0.030000 8.296770 0.030000 6.983329 0.030000 6.970242 0.030000 1.215179 0.030000 1.195425 0.030000 4.414144 0.030000 4.534869 0.030000 3.086421 0.030000 3.025275 0.030000 5.550432 0.030000 5.361610 0.030000 6.345027 0.030000 6.403644 0.030000 3.710265 0.030000 3.486579 0.030000 2.435704 0.150000 2.481816 0.030000
7.656003 0.030000 7.715860 0.030000 3.326798 0.030000 3.505406 0.030000 4.873841 0.030000 4.726498 0.030000 8.457386 0.030000 8.364319 0.030000 7.386043 0.150000 6.990999 0.030000 1.338810 0.030000 1.283372 0.030000 4.285137 0.030000 4.485220 0.030000 3.061959 0.030000 3.197096 0.150000 5.639234 0.030000 5.508580 0.030000 6.210829 0.030000 6.376065 0.030000 3.817515 0.030000 3.676275 0.030000 2.132103 0.030000 2.380654 0.030000
7.654568 0.030000 7.659117 0.030000 3.221182 0.030000 3.371087 0.030000 5.044212 0.030000 4.837316 0.030000 8.545732 0.030000 8.366467 0.030000 7.045881 0.030000 6.987880 0.030000 1.474542 0.030000 1.305447 0.030000 4.252179 0.030000 4.374955 0.030000 3.125973 0.030000 3.067795 0.030000 6.049541 0.150000 5.576696 0.030000 6.412226 0.150000 6.319846 0.030000 3.954183 0.030000 3.780894 0.030000 2.012177 0.030000 2.232246 0.030000
7.606070 0.030000 7.584447 0.030000 3.070005 0.030000 3.279779 0.030000 5.161730 0.030000 4.971871 0.030000 8.634608 0.030000 8.523356 0.030000 6.992567 0.030000 6.959390 0.030000 1.467637 0.030000 1.418809 0.030000 4.143548 0.030000 4.343801 0.030000 3.189415 0.030000 3.103269 0.030000 5.848117 0.030000 5.662946 0.030000 6.209064 0.030000 6.277762 0.030000 4.085264 0.030000 3.908213 0.030000 1.906677 0.030000 2.114545 0.030000
7.511438 0.030000 7.628807 0.030000 3.027773 0.030000 3.152780 0.030000 5.291241 0.030000 5.119158 0.030000 8.741527 0.030000 8.550585 0.030000 7.022189 0.030000 6.995531 0.030000 1.642732 0.030000 1.470180 0.030000 4.041163 0.030000 4.203692 0.030000 3.169034 0.030000 3.084816 0.030000 6.014796 0.030000 5.945829 0.150000 6.770505 0.150000 6.260477 0.030000 4.245784 0.150000 3.984372 0.030000 1.761854 0.030000 2.006214 0.030000
7.506446 0.030000 7.518890 0.030000 3.143508 0.150000 2.991260 0.030000 5.431784 0.030000 5.240439 0.030000 8.784982 0.030000 8.607075 0.030000 7.058504 0.030000 7.038204 0.030000 1.682324 0.030000 1.533636 0.030000 3.985420 0.030000 4.073383 0.030000 3.230602 0.030000 3.219479 0.030000 6.057707 0.030000 5.882918 0.030000 6.117745 0.030000 6.170141 0.030000 4.302959 0.030000 4.125309 0.030000 1.642191 0.030000 1.820914 0.030000
7.405313 0.030000 7.509821 0.030000 2.733754 0.030000 2.958390 0.030000 5.502922 0.030000 5.302960 0.030000 8.842373 0.030000 8.683980 0.030000 7.090079 0.030000 7.082299 0.030000 1.834169 0.030000 1.643487 0.030000 3.931773 0.030000 4.021742 0.030000 3.289138 0.030000 3.212252 0.030000 6.177880 0.030000 6.024116 0.030000 6.065510 0.030000 6.197128 0.030000 4.427230 0.030000 4.250523 0.030000 1.502882 0.030000 1.716373 0.030000
7.366105 0.030000 7.450481 0.030000 2.619535 0.030000 2.847488 0.030000 5.679402 0.030000 5.447322 0.030000 9.103012 0.150000 8.890579 0.150000 7.168979 0.150000 7.087611 0.030000 1.862904 0.030000 1.765410 0.030000 4.178168 0.150000 3.890537 0.030000 3.336580 0.030000 3.278214 0.030000 6.231123 0.030000 6.141353 0.030000 6.106272 0.030000 6.121092 0.030000 4.577227 0.030000 4.317698 0.030000 1.420636 0.030000 1.619440 0.030000
7.406337 0.030000 7.413107 0.030000 2.752630 0.150000 2.635303 0.030000 5.760999 0.030000 5.636240 0.030000 9.082056 0.150000 8.954510 0.030000 7.211113 0.030000 7.138397 0.030000 2.013628 0.030000 1.802842 0.030000 3.586280 0.150000 4.464519 0.150000 3.436234 0.030000 3.321659 0.030000 6.378079 0.030000 6.224096 0.030000 6.010104 0.030000 6.133336 0.030000 4.708100 0.030000 4.496189 0.030000 1.252531 0.030000 1.436451 0.030000
7.350028 0.030000 7.344743 0.030000 2.395830 0.030000 2.528571 0.030000 5.898166 0.030000 5.705966 0.030000 9.123538 0.030000 8.956274 0.030000 7.198764 0.030000 7.176148 0.030000 2.125300 0.030000 1.939416 0.030000 3.709268 0.030000 3.793083 0.030000 3.465875 0.030000 3.396654 0.030000 6.509425 0.030000 6.343734 0.030000 6.021516 0.030000 6.072909 0.030000 4.819276 0.030000 4.610902 0.030000 1.141009 0.030000 1.355702 0.030000
7.272557 0.030000 7.372894 0.030000 2.777993 0.150000 3.199438 0.150000 6.052023 0.030000 5.801140 0.030000 9.187025 0.030000 9.053102 0.030000 7.235083 0.030000 7.165291 0.030000 2.216660 0.030000 1.958204 0.030000 3.663391 0.030000 3.727829 0.030000 5.054450 0.150000 3.446835 0.030000 6.688097 0.030000 6.453758 0.030000 6.014227 0.030000 6.077604 0.030000 4.904083 0.030000 4.753381 0.030000 1.022170 0.030000 1.188639 0.030000
7.282114 0.030000 7.283998 0.030000 2.228332 0.030000 2.282508 0.030000 6.161992 0.030000 5.940345 0.030000 9.280167 0.030000 9.139850 0.150000 7.264019 0.030000 7.166824 0.030000 2.327816 0.030000 2.149837 0.030000 3.585375 0.030000 4.655336 0.150000 3.640023 0.030000 3.492795 0.030000 6.781499 0.030000 6.605730 0.030000 5.982633 0.030000 6.073395 0.030000 5.062989 0.030000 4.876392 0.030000 0.919028 0.030000 1.137474 0.030000
7.250805 0.030000 7.277363 0.030000 2.083032 0.030000 2.218732 0.030000 7.502104 0.150000 6.029955 0.030000 9.301181 0.030000 9.264287 0.030000 7.309907 0.030000 7.276703 0.030000 2.419945 0.030000 2.234730 0.030000 3.499832 0.030000 3.562189 0.030000 3.714198 0.030000 3.572061 0.030000 6.851340 0.030000 6.703901 0.030000 6.186100 0.150000 6.194671 0.150000 5.248374 0.030000 5.347653 0.150000 0.821420 0.030000 0.952453 0.030000
7.186465 0.030000 7.254944 0.030000 1.967177 0.030000 2.144998 0.030000 6.404602 0.030000 6.165705 0.030000 9.446071 0.030000 9.487466 0.150000 7.860356 0.150000 7.244163 0.030000 2.533705 0.030000 2.375396 0.030000 3.390523 0.030000 3.574595 0.030000 3.794439 0.030000 3.627017 0.030000 6.915154 0.030000 6.788394 0.030000 5.944539 0.030000 6.025201 0.030000 5.299224 0.030000 5.107652 0.030000 0.614334 0.030000 0.882887 0.030000
7.196259 0.030000 7.199949 0.030000 1.927602 0.030000 2.104706 0.030000 6.494789 0.030000 6.256032 0.030000 9.449982 0.030000 9.348719 0.030000 7.382426 0.030000 7.293159 0.030000 2.597948 0.030000 2.526429 0.150000 3.331611 0.030000 3.528706 0.030000 3.835260 0.030000 3.727663 0.030000 7.047201 0.030000 6.879761 0.030000 5.958936 0.030000 5.935058 0.030000 5.714924 0.150000 5.206136 0.030000 0.587850 0.030000 0.793869 0.030000
7.158516 0.030000 7.206419 0.030000 1.814307 0.030000 1.935545 0.150000 6.514008 0.030000 6.324456 0.030000 9.482553 0.030000 9.433466 0.030000 7.380802 0.030000 7.277997 0.030000 2.672274 0.030000 2.477418 0.030000 3.376875 0.030000 3.434568 0.030000 3.837790 0.030000 3.753891 0.030000 7.106819 0.030000 6.913325 0.150000 5.916772 0.030000 5.861394 0.150000 5.497824 0.030000 5.245837 0.030000 0.507432 0.030000 0.679397 0.030000
7.204631 0.030000 7.146938 0.030000 1.748492 0.030000 1.968508 0.030000 6.652582 0.030000 6.344014 0.030000 9.611764 0.030000 9.427878 0.030000 7.402226 0.030000 7.340257 0.030000 2.716244 0.030000 2.521451 0.030000 3.373005 0.030000 3.393954 0.030000 3.965630 0.030000 3.782143 0.030000 7.220164 0.030000 7.081796 0.030000 5.919633 0.030000 5.988650 0.030000 5.482169 0.030000 5.710471 0.150000 0.400845 0.030000 0.617420 0.030000
7.134199 0.030000 7.099595 0.030000 1.696905 0.030000 1.871891 0.030000 6.638129 0.030000 6.504018 0.030000 9.840106 0.150000 9.513089 0.030000 8.195133 0.150000 7.369022 0.030000 2.752629 0.030000 2.635662 0.030000 3.260551 0.030000 3.370287 0.030000 4.249751 0.150000 3.817390 0.030000 7.227179 0.030000 7.036516 0.030000 5.921773 0.030000 5.944107 0.030000 5.645734 0.030000 5.389791 0.150000 0.386617 0.030000 0.570450 0.030000
7.128019 0.030000 7.149441 0.030000 1.677323 0.030000 1.875276 0.030000 6.712257 0.030000 6.548638 0.030000 9.689689 0.030000 9.523200 0.030000 7.580253 0.150000 7.394494 0.030000 2.905007 0.030000 2.666383 0.030000 3.320029 0.030000 3.375416 0.030000 4.003195 0.030000 3.906777 0.030000 7.296980 0.030000 7.166216 0.150000 5.975977 0.030000 5.973573 0.030000 5.667648 0.030000 5.450346 0.030000 0.353622 0.030000 0.488696 0.030000
7.166100 0.030000 7.177689 0.030000 1.599355 0.030000 1.812089 0.030000 6.801451 0.030000 6.567126 0.030000 9.680200 0.030000 9.470981 0.030000 7.472876 0.030000 7.427704 0.030000 2.932788 0.030000 2.692550 0.030000 3.278676 0.030000 3.378056 0.030000 4.036022 0.030000 3.941924 0.030000 7.356365 0.030000 7.089260 0.030000 5.930879 0.030000 6.031367 0.030000 5.636631 0.030000 5.500685 0.030000 0.323875 0.030000 0.498953 0.030000
