1.109345 0.030000 0.996765 0.030000 5.180652 0.030000 5.579163 0.150000 3.516096 0.030000 3.662576 0.030000 7.030374 0.150000 6.630758 0.030000 8.380979 0.030000 8.518503 0.030000
1.155790 0.030000 1.820152 0.150000 5.119505 0.030000 5.462065 0.030000 3.441117 0.030000 3.644167 0.030000 6.652052 0.030000 6.810853 0.150000 8.345994 0.030000 8.579448 0.030000
1.170992 0.030000 0.986859 0.030000 5.177572 0.030000 5.437914 0.150000 3.479910 0.030000 3.626939 0.030000 6.659783 0.030000 6.677677 0.030000 8.442055 0.150000 8.484915 0.030000
1.204681 0.030000 0.963544 0.030000 5.341126 0.150000 5.455966 0.030000 3.460236 0.030000 3.684999 0.030000 6.677519 0.030000 6.636730 0.030000 8.325926 0.030000 8.468029 0.030000
1.165551 0.030000 1.071768 0.030000 5.140454 0.030000 5.367036 0.030000 3.431530 0.030000 3.563779 0.030000 6.669886 0.030000 6.631155 0.030000 8.317366 0.030000 8.500846 0.030000
1.198306 0.030000 1.015675 0.030000 5.279062 0.150000 5.808004 0.150000 3.436886 0.030000 4.200774 0.150000 6.685111 0.030000 6.661588 0.030000 8.323411 0.030000 8.459130 0.030000
1.204327 0.150000 1.007167 0.030000 5.097476 0.030000 5.355903 0.030000 3.415682 0.030000 4.030909 0.150000 6.711975 0.030000 6.647388 0.030000 8.237587 0.030000 8.506294 0.030000
1.235120 0.030000 1.066465 0.030000 5.071445 0.030000 5.335397 0.030000 3.401940 0.030000 3.535015 0.030000 6.677360 0.030000 6.651131 0.030000 8.266494 0.030000 8.425026 0.030000
1.301260 0.030000 1.022265 0.030000 5.059566 0.030000 5.292892 0.030000 3.384884 0.030000 3.544498 0.030000 6.678443 0.030000 6.611190 0.030000 8.310095 0.030000 8.427184 0.030000
1.470163 0.150000 1.236551 0.150000 5.035803 0.030000 5.364460 0.030000 3.428634 0.030000 3.573037 0.030000 6.657411 0.030000 6.693273 0.030000 8.247097 0.030000 8.419017 0.030000
1.228937 0.030000 1.097566 0.030000 5.095640 0.030000 5.315273 0.030000 3.371201 0.030000 3.520074 0.030000 6.654695 0.030000 6.624901 0.030000 8.303208 0.030000 8.390635 0.030000
1.258647 0.030000 1.093655 0.030000 5.038252 0.150000 5.238559 0.030000 3.405218 0.030000 3.501739 0.030000 6.694533 0.150000 6.672054 0.030000 8.246055 0.030000 8.412616 0.030000
1.264858 0.030000 1.068847 0.030000 4.964825 0.030000 5.244145 0.030000 3.352967 0.030000 3.618296 0.030000 6.589095 0.150000 6.689663 0.030000 8.282304 0.030000 8.382508 0.030000
1.290622 0.030000 1.078585 0.030000 5.002454 0.030000 5.269442 0.030000 3.353339 0.030000 3.577732 0.030000 6.669957 0.030000 6.672423 0.030000 8.300239 0.030000 8.456659 0.030000
1.259971 0.030000 1.138957 0.030000 4.943505 0.030000 5.274934 0.030000 3.346528 0.030000 3.534042 0.030000 6.695748 0.030000 6.698353 0.030000 8.271642 0.030000 8.392424 0.030000
1.363911 0.030000 1.131463 0.030000 4.970478 0.030000 5.369502 0.150000 3.367594 0.030000 3.459049 0.030000 6.743643 0.030000 7.103410 0.150000 8.163379 0.030000 8.421890 0.030000
1.331315 0.030000 1.118191 0.030000 4.947348 0.030000 5.207352 0.030000 3.351175 0.030000 3.535765 0.030000 6.719452 0.030000 6.660489 0.030000 8.244987 0.030000 8.321731 0.030000
1.371577 0.030000 1.172234 0.030000 4.924581 0.030000 5.200161 0.030000 3.358508 0.030000 3.498251 0.030000 7.625784 0.150000 6.685020 0.030000 8.201139 0.030000 8.321954 0.030000
1.352441 0.030000 1.157439 0.030000 4.936065 0.030000 4.858496 0.150000 3.294235 0.030000 3.458399 0.030000 7.131459 0.150000 6.654218 0.030000 8.208300 0.030000 8.412979 0.030000
1.370239 0.030000 1.476372 0.150000 4.909544 0.030000 5.098680 0.030000 3.337838 0.030000 3.494410 0.030000 6.713146 0.030000 6.658060 0.030000 8.174461 0.030000 8.376745 0.030000
1.389058 0.030000 1.186398 0.030000 4.908189 0.030000 5.149196 0.030000 3.371448 0.030000 3.501022 0.030000 6.753961 0.030000 6.697336 0.030000 7.936932 0.150000 8.331562 0.030000
1.434260 0.030000 1.156706 0.030000 4.893917 0.030000 5.153904 0.030000 3.305044 0.030000 3.430899 0.030000 6.709008 0.030000 6.688203 0.030000 8.214565 0.030000 8.306504 0.030000
1.407515 0.030000 1.139832 0.030000 4.851537 0.030000 5.088063 0.030000 3.254259 0.030000 3.432362 0.030000 6.709340 0.030000 6.609716 0.030000 8.135494 0.030000 8.309905 0.030000
1.464616 0.030000 1.218733 0.030000 4.835351 0.030000 5.083003 0.030000 3.323893 0.030000 3.459619 0.030000 6.700546 0.030000 6.808234 0.150000 8.158940 0.030000 8.257236 0.030000
1.447514 0.030000 1.233739 0.030000 4.825649 0.030000 5.429107 0.150000 3.257631 0.030000 3.430909 0.030000 6.700396 0.030000 6.710600 0.030000 8.172779 0.030000 8.259492 0.030000
1.481446 0.030000 1.249329 0.030000 4.824188 0.030000 5.066616 0.030000 3.213039 0.030000 3.385420 0.030000 6.758914 0.030000 6.692005 0.030000 8.136793 0.030000 8.260217 0.030000
1.401401 0.030000 1.197803 0.030000 4.793497 0.030000 5.068161 0.030000 3.214228 0.030000 3.428330 0.150000 6.719918 0.030000 6.697429 0.030000 8.101652 0.030000 8.618152 0.150000
1.468408 0.030000 1.248947 0.030000 4.780360 0.030000 5.005760 0.030000 3.235658 0.030000 3.421600 0.030000 6.758688 0.030000 6.682565 0.030000 8.134982 0.030000 8.243501 0.030000
1.471931 0.030000 1.326167 0.030000 4.753929 0.030000 4.992511 0.030000 3.767305 0.150000 3.350905 0.030000 6.670503 0.030000 6.619970 0.030000 8.114692 0.030000 8.260181 0.030000
1.501250 0.030000 1.284736 0.030000 4.796281 0.030000 5.037951 0.030000 3.202987 0.030000 3.368627 0.030000 6.788258 0.030000 6.696730 0.030000 8.068207 0.030000 8.277689 0.030000
1.503070 0.030000 1.284267 0.030000 4.886539 0.150000 5.009932 0.030000 3.234818 0.030000 3.320743 0.030000 6.734282 0.030000 6.721812 0.030000 8.116316 0.030000 8.237577 0.030000
1.553871 0.030000 1.325871 0.030000 4.742921 0.030000 5.164008 0.150000 3.192879 0.030000 3.393880 0.030000 6.770931 0.030000 6.712314 0.030000 7.910538 0.150000 8.252578 0.030000
1.534546 0.030000 1.349017 0.030000 5.762042 0.150000 4.943080 0.030000 3.188315 0.030000 3.312354 0.030000 6.986901 0.150000 6.692436 0.030000 8.822726 0.150000 8.247925 0.030000
1.557766 0.030000 1.371160 0.030000 4.710755 0.030000 4.955410 0.030000 3.247660 0.030000 3.330350 0.030000 6.732588 0.030000 6.744289 0.030000 8.062632 0.030000 8.689889 0.150000
1.578572 0.030000 1.307910 0.030000 4.661123 0.030000 4.907053 0.030000 3.192181 0.030000 3.279084 0.030000 6.733636 0.030000 6.978116 0.150000 8.069437 0.030000 8.174532 0.150000
1.581605 0.030000 1.410592 0.030000 4.663810 0.030000 4.923503 0.030000 3.161994 0.030000 3.303544 0.030000 6.743289 0.030000 6.702943 0.030000 8.046729 0.030000 8.182641 0.030000
1.696692 0.150000 1.329441 0.030000 4.610457 0.030000 4.900222 0.030000 3.179567 0.030000 3.269763 0.030000 6.734766 0.030000 6.729743 0.030000 8.073608 0.030000 8.157912 0.030000
1.605035 0.030000 1.358960 0.030000 4.609951 0.030000 4.827006 0.030000 3.229577 0.030000 3.317577 0.030000 6.772566 0.030000 6.673496 0.030000 7.972279 0.030000 8.191725 0.030000
1.659919 0.030000 1.412018 0.030000 4.628291 0.030000 4.828279 0.030000 3.183483 0.030000 3.322415 0.030000 6.720471 0.030000 7.464283 0.150000 8.020133 0.030000 8.153065 0.030000
1.586549 0.030000 1.416978 0.030000 4.648402 0.030000 4.841671 0.030000 3.277663 0.150000 3.274951 0.030000 6.832241 0.150000 6.866092 0.150000 8.028904 0.030000 8.154935 0.030000
1.590113 0.030000 1.422326 0.030000 4.593309 0.030000 4.831133 0.030000 3.115720 0.030000 3.266903 0.030000 6.798355 0.030000 6.767204 0.030000 7.965337 0.030000 8.209221 0.030000
1.651517 0.030000 1.422446 0.030000 4.600078 0.030000 5.208400 0.150000 3.128476 0.030000 3.189756 0.030000 6.799319 0.030000 6.709238 0.030000 8.007728 0.030000 8.126105 0.030000
1.644576 0.030000 1.455431 0.030000 4.528997 0.030000 4.776361 0.030000 3.049885 0.150000 3.280204 0.030000 6.776935 0.030000 6.695410 0.030000 8.021046 0.030000 8.176313 0.030000
1.656384 0.030000 1.454842 0.030000 4.514040 0.030000 4.788221 0.030000 3.112238 0.030000 3.809483 0.150000 6.796783 0.030000 6.727662 0.030000 7.962929 0.030000 8.164990 0.030000
1.738908 0.030000 1.523725 0.030000 4.528678 0.030000 4.746154 0.150000 3.115523 0.030000 3.245909 0.030000 6.863764 0.030000 6.731510 0.030000 7.925601 0.030000 8.103099 0.030000
1.718739 0.030000 1.431062 0.030000 4.522456 0.030000 4.891382 0.150000 3.149769 0.030000 3.031558 0.150000 6.776809 0.030000 6.747347 0.030000 7.976550 0.030000 8.085110 0.030000
1.731999 0.030000 1.535031 0.030000 4.483777 0.030000 4.755111 0.030000 3.082414 0.030000 3.201399 0.030000 6.777783 0.030000 6.743007 0.030000 7.950375 0.030000 8.086132 0.030000
1.710351 0.030000 1.553071 0.030000 4.517579 0.030000 4.738442 0.030000 3.051401 0.030000 3.251273 0.030000 6.792154 0.030000 6.725188 0.030000 7.917240 0.030000 8.122600 0.030000
1.778967 0.030000 1.584151 0.030000 4.475164 0.030000 4.733144 0.030000 3.074755 0.030000 3.210155 0.030000 6.772724 0.030000 6.825149 0.150000 7.938023 0.030000 8.120718 0.030000
1.746353 0.030000 1.546525 0.030000 4.416518 0.030000 4.700199 0.030000 3.085107 0.030000 3.162765 0.030000 6.829470 0.030000 6.789803 0.030000 8.007966 0.150000 8.084831 0.030000
1.771319 0.030000 1.593321 0.030000 4.451019 0.030000 4.691270 0.030000 3.107810 0.030000 3.225945 0.030000 6.839922 0.030000 6.732414 0.030000 7.895210 0.030000 8.057558 0.030000
1.834289 0.030000 1.604331 0.030000 4.408453 0.030000 4.688100 0.030000 3.121537 0.030000 3.190367 0.030000 6.873464 0.030000 6.801993 0.030000 8.276619 0.150000 8.010751 0.030000
1.814847 0.030000 1.601662 0.030000 4.447664 0.030000 4.651085 0.030000 3.083770 0.030000 3.206568 0.030000 6.825036 0.030000 6.760904 0.030000 7.892577 0.030000 8.049545 0.030000
1.822997 0.030000 1.564980 0.030000 4.403895 0.030000 4.660868 0.030000 3.055501 0.030000 3.236222 0.030000 6.841732 0.030000 6.786498 0.030000 7.873304 0.030000 8.016601 0.030000
1.861072 0.030000 1.743242 0.150000 4.398075 0.030000 4.631796 0.030000 3.082837 0.030000 3.162183 0.030000 6.795986 0.030000 6.757661 0.030000 7.913032 0.030000 8.020722 0.030000
1.843910 0.030000 1.672725 0.030000 4.428690 0.030000 4.611335 0.030000 3.035654 0.030000 3.204602 0.030000 6.780947 0.030000 6.804050 0.030000 7.843494 0.030000 8.000809 0.030000
1.827697 0.030000 1.649571 0.030000 4.336706 0.030000 4.615611 0.030000 3.128118 0.030000 3.124456 0.030000 6.899305 0.030000 6.789801 0.030000 7.921373 0.030000 8.013508 0.030000
2.136391 0.150000 1.607033 0.030000 4.325022 0.030000 4.592841 0.030000 3.044142 0.030000 3.096714 0.030000 6.770160 0.030000 6.805284 0.030000 7.809969 0.030000 7.992363 0.150000
1.904563 0.030000 1.671502 0.030000 4.315803 0.030000 4.694001 0.150000 3.019094 0.030000 3.147998 0.030000 7.278273 0.150000 6.750709 0.030000 7.827877 0.030000 8.007853 0.030000
1.871651 0.030000 1.735452 0.030000 4.336892 0.030000 4.604365 0.030000 2.997432 0.030000 3.153861 0.030000 6.870464 0.030000 6.787407 0.030000 7.843515 0.030000 7.981962 0.030000
1.950239 0.030000 1.643351 0.030000 4.270965 0.030000 4.537273 0.030000 3.007036 0.030000 3.147494 0.150000 6.848391 0.030000 6.809018 0.030000 7.837303 0.030000 7.946036 0.030000
1.900192 0.030000 1.722597 0.030000 4.308571 0.030000 4.604113 0.030000 2.984580 0.030000 3.191504 0.030000 6.888322 0.030000 6.762315 0.030000 7.842834 0.030000 7.935080 0.030000
1.942241 0.030000 1.742653 0.030000 4.317773 0.030000 4.637503 0.150000 3.184734 0.150000 3.105767 0.030000 6.860842 0.030000 6.792228 0.030000 7.806360 0.030000 7.944101 0.030000
1.921170 0.030000 1.996430 0.150000 4.241963 0.030000 4.515907 0.030000 3.004850 0.030000 3.092335 0.030000 6.849149 0.030000 6.860374 0.030000 7.807118 0.030000 7.973639 0.030000
1.939217 0.030000 1.747155 0.030000 4.200864 0.030000 4.523865 0.030000 3.562764 0.150000 3.102038 0.030000 6.838726 0.030000 6.781479 0.030000 8.293253 0.150000 8.415047 0.150000
1.979514 0.030000 1.759775 0.030000 4.157931 0.030000 4.443376 0.030000 3.012920 0.030000 3.087395 0.030000 6.899558 0.030000 6.831325 0.030000 7.794992 0.030000 7.915658 0.030000
2.008654 0.030000 1.778708 0.030000 4.224691 0.030000 4.491441 0.030000 2.925623 0.030000 3.050021 0.030000 6.882572 0.030000 6.851260 0.030000 7.801180 0.030000 7.960406 0.030000
2.001733 0.030000 1.795792 0.030000 4.145437 0.030000 4.461608 0.030000 2.927514 0.030000 3.446819 0.150000 6.779555 0.030000 6.832838 0.030000 7.785368 0.030000 7.914747 0.030000
2.027118 0.030000 1.804192 0.030000 4.536060 0.150000 4.394484 0.030000 2.950403 0.030000 3.050959 0.030000 6.890646 0.030000 6.842918 0.030000 8.063105 0.150000 7.898430 0.030000
2.033237 0.030000 1.881228 0.030000 4.203075 0.030000 4.419303 0.030000 2.955380 0.030000 3.015191 0.030000 8.522698 0.150000 6.873908 0.030000 7.755983 0.030000 7.927595 0.030000
2.080874 0.030000 2.216742 0.150000 4.136880 0.030000 4.826430 0.150000 2.981079 0.030000 3.024257 0.030000 6.892765 0.030000 6.781289 0.030000 7.774905 0.030000 7.908866 0.030000
2.051784 0.030000 1.809141 0.030000 4.177054 0.030000 4.326572 0.030000 2.953620 0.030000 3.018144 0.030000 6.921307 0.030000 6.805668 0.030000 7.733605 0.030000 7.872940 0.030000
1.787558 0.150000 1.835643 0.030000 4.090262 0.030000 4.367664 0.030000 2.972058 0.030000 2.966352 0.030000 7.021263 0.150000 6.823838 0.030000 7.746947 0.030000 7.883229 0.030000
2.109712 0.030000 1.866491 0.030000 4.111121 0.030000 4.365762 0.030000 2.948169 0.030000 3.013788 0.030000 6.915676 0.030000 7.340919 0.150000 7.801350 0.030000 7.870882 0.030000
2.098982 0.030000 1.907411 0.030000 4.101537 0.030000 4.356741 0.030000 2.930000 0.030000 3.048018 0.030000 6.934763 0.030000 6.793413 0.030000 7.793041 0.030000 7.852022 0.030000
2.135998 0.030000 2.579064 0.150000 4.068185 0.030000 4.289564 0.030000 2.947450 0.030000 3.013505 0.030000 6.961656 0.030000 6.855654 0.030000 7.702836 0.030000 7.876520 0.030000
2.146017 0.030000 1.863079 0.030000 4.093314 0.030000 4.315908 0.030000 2.960093 0.030000 3.021385 0.030000 6.959131 0.030000 6.824739 0.030000 7.757135 0.030000 7.872281 0.030000
2.967642 0.150000 1.896395 0.030000 4.053186 0.030000 4.361439 0.150000 2.895037 0.030000 3.000998 0.030000 6.922322 0.030000 7.107951 0.150000 7.705582 0.030000 7.862685 0.030000
2.193899 0.030000 1.933744 0.030000 4.034478 0.030000 4.269157 0.030000 2.921405 0.030000 3.056519 0.030000 6.938401 0.030000 6.858856 0.030000 7.730287 0.030000 7.840358 0.030000
2.176635 0.030000 1.993882 0.030000 4.008355 0.030000 4.229266 0.030000 2.860466 0.030000 2.960713 0.030000 6.912132 0.030000 6.872425 0.030000 7.869841 0.150000 7.883151 0.030000
2.197160 0.030000 1.960357 0.030000 4.034188 0.030000 4.265520 0.030000 2.914871 0.030000 3.002452 0.030000 6.933175 0.030000 7.315055 0.150000 7.636269 0.030000 7.792902 0.030000
2.246467 0.030000 1.969793 0.030000 3.980667 0.030000 4.523162 0.150000 2.883073 0.030000 2.967823 0.030000 6.921143 0.030000 6.814825 0.030000 7.693246 0.030000 7.803671 0.030000
2.194081 0.030000 1.947777 0.030000 3.961056 0.030000 4.201082 0.030000 2.860833 0.030000 2.962321 0.030000 6.895371 0.030000 6.847396 0.030000 7.708910 0.030000 7.783130 0.030000
2.281564 0.030000 2.048203 0.030000 3.905048 0.030000 4.203992 0.030000 2.876113 0.030000 2.998018 0.030000 6.962817 0.030000 6.890459 0.030000 7.637330 0.030000 7.815617 0.030000
2.259622 0.030000 2.020876 0.030000 3.947471 0.030000 5.071369 0.150000 2.861124 0.030000 2.946806 0.030000 6.947002 0.150000 6.769324 0.150000 7.644520 0.030000 7.758783 0.030000
2.262913 0.030000 2.082037 0.030000 3.966198 0.030000 4.140030 0.030000 2.845358 0.030000 2.989521 0.030000 6.975241 0.030000 6.876860 0.030000 7.658184 0.030000 7.738485 0.030000
2.491286 0.150000 1.979129 0.030000 3.951849 0.030000 4.183272 0.030000 2.892675 0.030000 2.925772 0.030000 6.970466 0.030000 7.033767 0.150000 7.609471 0.030000 7.786923 0.030000
2.341091 0.030000 2.094671 0.030000 3.915028 0.030000 4.129351 0.030000 2.843996 0.030000 2.925215 0.030000 6.955630 0.030000 6.908376 0.030000 7.679198 0.030000 7.683007 0.150000
2.273708 0.030000 2.071437 0.030000 3.893849 0.030000 4.150499 0.030000 2.892801 0.030000 2.998879 0.030000 6.974254 0.030000 6.871526 0.030000 7.651146 0.030000 7.718957 0.030000
2.332884 0.030000 2.092856 0.030000 3.902708 0.030000 4.136287 0.030000 2.881121 0.030000 2.933278 0.030000 7.037367 0.030000 6.931952 0.030000 7.553416 0.030000 7.742343 0.030000
2.324376 0.030000 2.115085 0.030000 3.839393 0.030000 4.099077 0.030000 2.880552 0.030000 2.949683 0.030000 7.020103 0.030000 6.912153 0.030000 7.618906 0.030000 7.721351 0.030000
3.178519 0.150000 2.388576 0.150000 3.819458 0.030000 4.057149 0.030000 2.851213 0.030000 2.916518 0.030000 6.983589 0.030000 6.911557 0.030000 7.593480 0.030000 7.731857 0.030000
2.387646 0.030000 2.104869 0.030000 3.766541 0.030000 4.111819 0.030000 2.820731 0.030000 2.908471 0.030000 6.936541 0.030000 6.931144 0.030000 7.553891 0.030000 7.734183 0.030000
2.382740 0.030000 2.168864 0.030000 3.777593 0.030000 4.051859 0.030000 2.837549 0.030000 2.882502 0.030000 7.017387 0.030000 6.947944 0.030000 7.524281 0.030000 7.641393 0.030000
2.395794 0.030000 2.121826 0.030000 3.737765 0.030000 4.047387 0.030000 2.865958 0.030000 2.960759 0.030000 6.980024 0.030000 6.910571 0.030000 7.589241 0.030000 7.692613 0.030000
2.353540 0.030000 2.205011 0.030000 3.747539 0.030000 4.067952 0.150000 2.792870 0.030000 2.953531 0.030000 6.986239 0.030000 6.932600 0.030000 7.596177 0.030000 7.679870 0.030000
2.448641 0.030000 2.222195 0.030000 3.733186 0.030000 4.028505 0.030000 2.838127 0.030000 2.898294 0.030000 7.434762 0.150000 6.923121 0.030000 7.560132 0.030000 7.643407 0.030000
2.425777 0.030000 2.227919 0.030000 3.748494 0.030000 3.968528 0.030000 2.751939 0.150000 2.879677 0.030000 7.050075 0.030000 6.957818 0.030000 7.618110 0.030000 7.675846 0.030000
2.464055 0.030000 2.229810 0.030000 3.703718 0.030000 3.961108 0.030000 2.786967 0.030000 2.886447 0.030000 7.035341 0.030000 6.920932 0.030000 7.460008 0.150000 7.665016 0.030000
2.399361 0.030000 2.248449 0.030000 3.749708 0.030000 3.968178 0.030000 2.868681 0.030000 2.906011 0.030000 7.001318 0.030000 6.963307 0.030000 7.564910 0.030000 7.702238 0.030000
2.490258 0.030000 2.208500 0.030000 3.731602 0.030000 3.960130 0.030000 2.834059 0.030000 2.869992 0.030000 6.978309 0.030000 6.962417 0.030000 7.491250 0.030000 7.614915 0.030000
2.481388 0.030000 2.281585 0.030000 3.717314 0.030000 3.941723 0.030000 2.785003 0.030000 2.827491 0.030000 7.015093 0.030000 6.913556 0.030000 7.505086 0.030000 7.639847 0.030000
2.438434 0.030000 2.243271 0.030000 3.720544 0.030000 3.924253 0.030000 2.864842 0.030000 3.016571 0.150000 7.050855 0.030000 6.979718 0.030000 7.503486 0.030000 7.618930 0.030000
2.499468 0.030000 2.301723 0.030000 3.663001 0.030000 3.867882 0.030000 2.821192 0.030000 2.860628 0.030000 7.015377 0.030000 6.940523 0.030000 7.487246 0.030000 7.588418 0.030000
2.552481 0.030000 2.328541 0.030000 3.634765 0.030000 3.937140 0.030000 2.836326 0.030000 2.854875 0.030000 7.028573 0.030000 6.932017 0.030000 7.531603 0.030000 7.560398 0.030000
2.553082 0.030000 2.842052 0.150000 3.612600 0.030000 4.094057 0.150000 3.103912 0.150000 3.472393 0.150000 7.057743 0.030000 6.981745 0.030000 7.496802 0.030000 7.588150 0.030000
2.557904 0.030000 2.320186 0.030000 3.639004 0.030000 3.826167 0.030000 2.767456 0.030000 2.833662 0.030000 7.044855 0.030000 7.001255 0.030000 7.744770 0.150000 7.602193 0.030000
2.598292 0.030000 2.318114 0.030000 3.624072 0.030000 3.849074 0.030000 2.798126 0.030000 2.915725 0.030000 7.043581 0.030000 6.942441 0.030000 7.453348 0.030000 7.626657 0.030000
2.663177 0.030000 2.375100 0.030000 3.594034 0.030000 3.817387 0.030000 2.784639 0.030000 2.857561 0.030000 7.074879 0.030000 6.956196 0.030000 7.433275 0.030000 7.581985 0.030000
2.608041 0.030000 2.381219 0.030000 3.559320 0.030000 3.819206 0.030000 2.811262 0.030000 2.846183 0.030000 7.089578 0.030000 6.932693 0.150000 7.433543 0.030000 7.630874 0.030000
2.691982 0.030000 2.389121 0.030000 3.614299 0.030000 3.795503 0.030000 2.830451 0.030000 2.810121 0.030000 7.096144 0.030000 6.973576 0.030000 7.411177 0.030000 7.839093 0.150000
2.629214 0.030000 2.390545 0.030000 3.529279 0.030000 3.786534 0.030000 2.809844 0.030000 2.822827 0.030000 7.090859 0.030000 7.522801 0.150000 7.456809 0.030000 7.617195 0.030000
2.641347 0.030000 2.422019 0.030000 3.530698 0.030000 3.800266 0.030000 2.765279 0.030000 3.187686 0.150000 7.082526 0.030000 7.028436 0.030000 7.437163 0.030000 7.529536 0.030000
2.656447 0.030000 2.481786 0.030000 3.515016 0.030000 3.797380 0.030000 3.070582 0.150000 2.760342 0.030000 7.692639 0.150000 7.002335 0.150000 7.409048 0.030000 7.558835 0.030000
2.711024 0.030000 2.472746 0.030000 3.486922 0.030000 3.712518 0.030000 2.806982 0.030000 2.848453 0.030000 7.072081 0.030000 6.997167 0.030000 7.407970 0.030000 7.533529 0.030000
2.697462 0.030000 2.436941 0.030000 3.458975 0.030000 4.205600 0.150000 2.770936 0.030000 3.253011 0.150000 7.170610 0.150000 6.992599 0.030000 7.433794 0.030000 7.541734 0.030000
2.707921 0.030000 2.442271 0.030000 3.503292 0.030000 3.774016 0.030000 2.754551 0.030000 2.841870 0.030000 7.077990 0.030000 7.079243 0.030000 7.460233 0.150000 7.504695 0.030000
2.783222 0.030000 2.464935 0.030000 3.467551 0.030000 3.706184 0.030000 2.774162 0.030000 2.794109 0.030000 7.072990 0.030000 7.028949 0.030000 7.435355 0.030000 7.493868 0.030000
2.742135 0.030000 2.496911 0.030000 3.444958 0.030000 3.716936 0.030000 2.708590 0.030000 2.794672 0.030000 7.150241 0.030000 7.029984 0.030000 7.351263 0.030000 7.555187 0.030000
2.767494 0.030000 2.818177 0.150000 3.369392 0.150000 3.652579 0.030000 2.733221 0.030000 2.766922 0.030000 7.099607 0.030000 7.049152 0.030000 7.406870 0.030000 7.559704 0.030000
2.805382 0.030000 2.774353 0.150000 3.417078 0.030000 3.746793 0.150000 2.744358 0.030000 2.823301 0.030000 7.059366 0.150000 7.074847 0.030000 7.409565 0.030000 7.542430 0.030000
2.807999 0.030000 2.581842 0.030000 3.356947 0.030000 3.626866 0.030000 2.804669 0.030000 2.796643 0.030000 7.108405 0.030000 7.039785 0.030000 7.359789 0.030000 7.464695 0.030000
2.831386 0.030000 2.514370 0.030000 3.325180 0.030000 3.613522 0.030000 2.744216 0.030000 2.783346 0.030000 6.994939 0.150000 7.067473 0.030000 7.367392 0.030000 7.560838 0.030000
2.813819 0.030000 2.579832 0.030000 3.361432 0.030000 3.587733 0.030000 2.727296 0.030000 2.789584 0.030000 7.128449 0.030000 7.246468 0.150000 7.410354 0.030000 7.490689 0.030000
2.821306 0.030000 2.604517 0.030000 3.421556 0.150000 3.578389 0.030000 2.740541 0.030000 2.767557 0.030000 7.151725 0.030000 7.065825 0.030000 7.346236 0.030000 7.490962 0.030000
2.821057 0.030000 2.593579 0.030000 3.324056 0.030000 3.595263 0.030000 2.733221 0.030000 2.769425 0.030000 7.169044 0.030000 7.067537 0.030000 7.346006 0.030000 7.466679 0.030000
2.862686 0.030000 2.543762 0.030000 3.337576 0.030000 3.540695 0.030000 2.770800 0.030000 2.773154 0.030000 7.097299 0.150000 7.104010 0.030000 7.349571 0.030000 7.415958 0.030000
2.885332 0.030000 2.676287 0.030000 3.328019 0.030000 3.582379 0.030000 3.521316 0.150000 2.807317 0.030000 7.707162 0.150000 7.083972 0.030000 7.411565 0.030000 8.192674 0.150000
2.905613 0.030000 2.575456 0.030000 3.257670 0.030000 3.525319 0.030000 2.717352 0.030000 2.779227 0.030000 7.170062 0.030000 7.110445 0.030000 7.375892 0.030000 7.386571 0.030000
2.901502 0.030000 2.645477 0.030000 3.284653 0.030000 3.484539 0.030000 2.759768 0.030000 2.798324 0.030000 7.178277 0.030000 7.086791 0.030000 7.318389 0.030000 7.434442 0.030000
2.894622 0.030000 2.679394 0.030000 3.297233 0.030000 3.540563 0.030000 2.770768 0.030000 2.843618 0.030000 7.197301 0.030000 7.136335 0.030000 7.309679 0.030000 7.482594 0.030000
2.948131 0.030000 2.645833 0.030000 3.199926 0.030000 3.513301 0.030000 2.735524 0.030000 2.763933 0.030000 7.515666 0.150000 7.139053 0.030000 7.256811 0.030000 7.420157 0.030000
2.871210 0.030000 3.695179 0.150000 3.249150 0.030000 3.469049 0.030000 2.737197 0.030000 2.743258 0.030000 7.241350 0.030000 7.142118 0.030000 7.349627 0.030000 8.161561 0.150000
2.946423 0.030000 2.741922 0.030000 3.204520 0.030000 3.491146 0.030000 3.111560 0.150000 2.749742 0.030000 7.151795 0.030000 7.070282 0.030000 7.276864 0.030000 7.395531 0.030000
2.973801 0.030000 2.711963 0.030000 3.236416 0.030000 3.508437 0.150000 2.884032 0.150000 2.743994 0.030000 7.247386 0.030000 7.149244 0.030000 7.316554 0.030000 7.393993 0.150000
3.008271 0.030000 2.759468 0.030000 3.225867 0.030000 3.414201 0.030000 2.786696 0.150000 2.797236 0.030000 7.224400 0.030000 7.126236 0.030000 7.331518 0.030000 7.423554 0.030000
2.936682 0.030000 2.754552 0.030000 3.151567 0.030000 3.418059 0.030000 3.545247 0.150000 2.672196 0.150000 7.261349 0.030000 7.143563 0.030000 7.275952 0.030000 7.430581 0.030000
2.997809 0.150000 2.754257 0.030000 3.189880 0.030000 3.449652 0.030000 2.794930 0.030000 2.802424 0.030000 7.214233 0.030000 7.157258 0.030000 7.298455 0.030000 8.224887 0.150000
3.018650 0.030000 2.767261 0.030000 3.163021 0.030000 3.356577 0.030000 2.720709 0.030000 3.541018 0.150000 7.216344 0.030000 7.166455 0.030000 7.313639 0.030000 7.519869 0.150000
3.080750 0.030000 2.795403 0.030000 3.116222 0.030000 3.362765 0.030000 2.798825 0.150000 2.825613 0.030000 7.287374 0.030000 7.115212 0.030000 7.273215 0.030000 7.380098 0.030000
3.068786 0.030000 2.793346 0.030000 3.146150 0.030000 3.394079 0.030000 2.745622 0.030000 2.689231 0.030000 7.263910 0.030000 7.141355 0.030000 7.241102 0.030000 7.370827 0.030000
3.025259 0.030000 2.946456 0.150000 3.063677 0.030000 3.327363 0.030000 2.729994 0.030000 2.762493 0.030000 7.242304 0.150000 7.195928 0.030000 7.233239 0.030000 7.361064 0.030000
3.085425 0.030000 2.857196 0.030000 3.098504 0.030000 3.336343 0.030000 2.723716 0.030000 3.200908 0.150000 7.234473 0.030000 7.114060 0.030000 7.237472 0.030000 7.613759 0.150000
3.097302 0.030000 2.868799 0.030000 3.066830 0.030000 3.297560 0.030000 2.712400 0.030000 2.760401 0.030000 7.282256 0.030000 7.136269 0.030000 7.534400 0.150000 7.362761 0.030000
3.165379 0.030000 2.872515 0.030000 3.081548 0.030000 3.274680 0.030000 2.803301 0.030000 2.729192 0.030000 7.296401 0.030000 7.201890 0.030000 7.263353 0.030000 7.315414 0.030000
3.116292 0.030000 2.931401 0.030000 3.011308 0.030000 3.343121 0.030000 2.754501 0.030000 2.757626 0.030000 7.273955 0.030000 8.030911 0.150000 7.268586 0.030000 7.339258 0.030000
3.218182 0.030000 2.957419 0.150000 3.011069 0.030000 3.327005 0.030000 2.758514 0.030000 2.764451 0.030000 7.259780 0.030000 7.148982 0.030000 7.226170 0.030000 7.298870 0.030000
3.214583 0.030000 2.905355 0.030000 3.009250 0.030000 3.179735 0.030000 2.681606 0.030000 2.785406 0.030000 7.299204 0.030000 7.198079 0.030000 7.196555 0.030000 7.243470 0.030000
3.205980 0.030000 2.933149 0.030000 3.042582 0.030000 3.809925 0.150000 2.472961 0.150000 2.754038 0.030000 7.308744 0.030000 7.169051 0.030000 7.139174 0.030000 7.313776 0.030000
3.144440 0.030000 3.159442 0.150000 3.025170 0.030000 3.289980 0.030000 2.710487 0.030000 2.818723 0.030000 7.321304 0.030000 7.187062 0.030000 7.202495 0.030000 7.332062 0.030000
3.211954 0.030000 2.946986 0.030000 2.987097 0.030000 3.232150 0.030000 3.026514 0.150000 2.780256 0.030000 7.312396 0.030000 7.231324 0.030000 7.147355 0.030000 7.297538 0.030000
3.233181 0.030000 2.958456 0.030000 2.984784 0.030000 3.162102 0.030000 2.668800 0.030000 2.728260 0.030000 7.350568 0.030000 7.206316 0.030000 7.169575 0.030000 7.272846 0.030000
3.243914 0.030000 3.035072 0.030000 2.970527 0.030000 3.226437 0.030000 2.769710 0.030000 2.726908 0.030000 7.311650 0.030000 7.218426 0.030000 7.186653 0.030000 7.281014 0.030000
3.243260 0.030000 3.016685 0.030000 2.934303 0.030000 3.156298 0.030000 2.746607 0.030000 2.714710 0.030000 7.338105 0.030000 7.295611 0.030000 7.172906 0.030000 7.267252 0.030000
3.237475 0.030000 3.721317 0.150000 2.911670 0.030000 3.194291 0.030000 2.924248 0.150000 2.771146 0.030000 7.347603 0.030000 7.187987 0.030000 7.190498 0.030000 7.245834 0.030000
3.262978 0.030000 3.051193 0.030000 2.846399 0.030000 3.185177 0.030000 2.750470 0.030000 2.773262 0.030000 7.313966 0.030000 7.282289 0.030000 7.108830 0.030000 7.223267 0.030000
3.324724 0.030000 3.031645 0.030000 2.938155 0.030000 3.118744 0.030000 3.434203 0.150000 2.759578 0.030000 7.359130 0.030000 7.281662 0.030000 7.112247 0.030000 7.374729 0.150000
3.683309 0.150000 3.111075 0.030000 2.876163 0.030000 3.107194 0.030000 2.716715 0.030000 2.758605 0.030000 7.329829 0.030000 7.245363 0.030000 7.096434 0.030000 7.216316 0.030000
3.389304 0.030000 3.102385 0.030000 2.884684 0.030000 3.069074 0.030000 2.743085 0.030000 2.783938 0.030000 7.428197 0.030000 7.267286 0.150000 7.157810 0.030000 7.255788 0.030000
3.366692 0.030000 3.152622 0.030000 2.864830 0.030000 3.050548 0.030000 2.699057 0.030000 2.780812 0.030000 7.419315 0.030000 7.288347 0.030000 7.405129 0.150000 7.709204 0.150000
3.328968 0.030000 3.152560 0.030000 2.834323 0.030000 3.095303 0.030000 2.918462 0.150000 2.732379 0.030000 7.351785 0.030000 7.257847 0.030000 7.154206 0.030000 7.254801 0.030000
3.357076 0.030000 3.167925 0.030000 2.775593 0.030000 3.041721 0.030000 2.737587 0.030000 2.762084 0.030000 7.335215 0.030000 7.279007 0.030000 7.151603 0.030000 7.223900 0.030000
3.401375 0.030000 3.140174 0.030000 2.800128 0.030000 3.089002 0.030000 3.097371 0.150000 2.770518 0.030000 7.354672 0.030000 7.225619 0.030000 7.100505 0.030000 7.276487 0.030000
3.413612 0.030000 3.198789 0.030000 2.777976 0.030000 3.023614 0.030000 2.984616 0.150000 2.704771 0.030000 7.367118 0.030000 7.311873 0.030000 7.077914 0.030000 7.188963 0.030000
3.449634 0.030000 3.169508 0.030000 2.782852 0.030000 2.975845 0.030000 2.727272 0.030000 2.750327 0.030000 7.439920 0.030000 7.353197 0.030000 7.329952 0.150000 7.231365 0.030000
3.415247 0.030000 3.209225 0.030000 2.824573 0.030000 3.104945 0.150000 2.788137 0.030000 2.745481 0.030000 7.403820 0.030000 7.274427 0.030000 7.106470 0.030000 7.221930 0.030000
3.427533 0.030000 3.245820 0.030000 2.636173 0.150000 3.131442 0.150000 2.729358 0.030000 2.755864 0.030000 7.477116 0.030000 7.336504 0.030000 7.101854 0.150000 7.250711 0.030000
3.471707 0.030000 3.224990 0.030000 2.735420 0.030000 3.042108 0.030000 2.785213 0.030000 2.750598 0.030000 7.449103 0.030000 7.365578 0.030000 7.085613 0.030000 7.132705 0.030000
3.471217 0.030000 3.226426 0.030000 2.631434 0.030000 2.976464 0.030000 2.789939 0.030000 2.759444 0.030000 7.565413 0.150000 7.297236 0.030000 7.039222 0.030000 7.129066 0.030000
3.479498 0.030000 3.257462 0.030000 2.900448 0.150000 2.941553 0.030000 2.743867 0.030000 2.716348 0.030000 7.383001 0.030000 7.336035 0.030000 7.065536 0.030000 7.841630 0.150000
3.480408 0.030000 3.233589 0.030000 2.712226 0.030000 2.899016 0.030000 2.796788 0.030000 2.792478 0.030000 7.453137 0.030000 7.282690 0.030000 7.064929 0.030000 7.166196 0.030000
3.531002 0.150000 3.272405 0.030000 2.693447 0.030000 2.920389 0.030000 2.776613 0.030000 2.757074 0.030000 7.524520 0.030000 7.397652 0.030000 7.107492 0.030000 7.182710 0.030000
3.612935 0.150000 3.265841 0.030000 2.661888 0.030000 2.849417 0.030000 2.741116 0.030000 2.723902 0.030000 7.493280 0.030000 7.332544 0.030000 7.072017 0.030000 7.172882 0.030000
3.535291 0.030000 3.328583 0.030000 2.623861 0.030000 2.896829 0.030000 2.762553 0.030000 2.769222 0.030000 7.456605 0.030000 7.370241 0.030000 7.026734 0.030000 7.193696 0.150000
3.742307 0.150000 3.388784 0.150000 2.619180 0.030000 2.854188 0.030000 2.760632 0.030000 2.700036 0.030000 7.498642 0.030000 7.387986 0.030000 7.072518 0.030000 7.188161 0.030000
3.600520 0.030000 3.579128 0.150000 2.675471 0.030000 2.806410 0.030000 2.823195 0.030000 2.742379 0.030000 7.501871 0.030000 7.423338 0.030000 7.047218 0.030000 7.159235 0.030000
3.540792 0.030000 3.337851 0.030000 2.568675 0.030000 2.862442 0.030000 2.808530 0.030000 2.751872 0.030000 8.800276 0.150000 7.396072 0.030000 7.065868 0.030000 7.110585 0.030000
3.634467 0.030000 3.364668 0.030000 2.533784 0.030000 2.798874 0.030000 2.782336 0.030000 2.698246 0.030000 7.506582 0.030000 7.392881 0.030000 7.044951 0.030000 7.165742 0.030000
4.092983 0.150000 3.351366 0.030000 2.611163 0.030000 2.796322 0.030000 2.815343 0.030000 2.728752 0.030000 7.556705 0.030000 7.404405 0.030000 7.064800 0.030000 7.090968 0.030000
3.652222 0.030000 3.380342 0.030000 2.556438 0.030000 2.806374 0.030000 2.737499 0.030000 3.754678 0.150000 7.512986 0.030000 7.417389 0.030000 7.036825 0.030000 7.696528 0.150000
3.676105 0.150000 3.399272 0.030000 2.526687 0.030000 2.831067 0.030000 2.826567 0.030000 2.740500 0.030000 7.537975 0.030000 7.456438 0.030000 6.961664 0.030000 7.131370 0.030000
3.668086 0.030000 3.407802 0.030000 2.509035 0.030000 2.688833 0.150000 3.209261 0.150000 2.762644 0.030000 7.555892 0.030000 7.423815 0.030000 6.954767 0.030000 7.155789 0.030000
3.645133 0.030000 3.402265 0.030000 2.511353 0.030000 2.732868 0.030000 2.810617 0.030000 2.730864 0.030000 7.508424 0.030000 7.416659 0.150000 6.968168 0.030000 7.060565 0.030000
3.680425 0.030000 3.600458 0.150000 2.494518 0.030000 2.687199 0.030000 2.806342 0.030000 2.810748 0.030000 7.537594 0.030000 7.388472 0.030000 6.994853 0.030000 7.084614 0.030000
3.654985 0.030000 3.492478 0.030000 2.475774 0.030000 2.892837 0.150000 2.831651 0.030000 2.713630 0.030000 7.550198 0.030000 7.476821 0.150000 7.044914 0.030000 7.097574 0.030000
3.780584 0.030000 3.459907 0.030000 2.506432 0.030000 2.691487 0.030000 2.847450 0.030000 2.727875 0.030000 7.540057 0.030000 7.428226 0.030000 6.999388 0.030000 7.075716 0.030000
3.734554 0.030000 3.515713 0.030000 2.427589 0.030000 2.738723 0.030000 2.800474 0.030000 2.815719 0.030000 7.518687 0.030000 7.404955 0.030000 6.976128 0.030000 7.081305 0.030000
3.820015 0.030000 3.507928 0.030000 2.427992 0.030000 2.690024 0.030000 2.782837 0.030000 2.773494 0.030000 7.595501 0.030000 7.445819 0.030000 7.018401 0.030000 7.054084 0.030000
3.793572 0.030000 3.514216 0.150000 2.401752 0.030000 2.710506 0.030000 2.805236 0.030000 2.799915 0.030000 7.651928 0.150000 7.458779 0.030000 6.924646 0.030000 7.082172 0.030000
3.728976 0.030000 3.522827 0.030000 2.394593 0.030000 3.263789 0.150000 2.843736 0.030000 2.807746 0.030000 7.534805 0.030000 7.846216 0.150000 6.961776 0.030000 7.060047 0.030000
4.638680 0.150000 3.587844 0.030000 2.413721 0.030000 2.645795 0.030000 2.853070 0.030000 2.787589 0.030000 7.577804 0.030000 7.530849 0.030000 6.967256 0.030000 7.106287 0.030000
3.805496 0.030000 3.528674 0.030000 2.397582 0.030000 2.766400 0.150000 2.845986 0.030000 2.792254 0.030000 7.659008 0.030000 7.471553 0.150000 6.995398 0.030000 7.102491 0.030000
3.820277 0.030000 3.592385 0.030000 2.380534 0.030000 2.579523 0.030000 3.294396 0.150000 2.777183 0.030000 7.624219 0.030000 7.482116 0.030000 6.931665 0.030000 7.077227 0.030000
4.318083 0.150000 3.561538 0.030000 2.308629 0.030000 2.617947 0.030000 2.829427 0.030000 2.749878 0.030000 7.619158 0.030000 8.270218 0.150000 7.015835 0.030000 7.031640 0.030000
3.842528 0.030000 3.616713 0.030000 2.348637 0.030000 2.536844 0.030000 2.825762 0.030000 2.836239 0.030000 7.631017 0.030000 7.504670 0.030000 6.943084 0.030000 7.035711 0.030000
3.960058 0.150000 3.634836 0.030000 2.345510 0.030000 2.525691 0.030000 2.935655 0.150000 2.765784 0.150000 7.635694 0.030000 7.551716 0.030000 6.943107 0.030000 7.008507 0.030000
3.950141 0.150000 3.647051 0.030000 2.307162 0.030000 2.596000 0.030000 2.823862 0.030000 2.743248 0.030000 7.607353 0.030000 7.472949 0.030000 6.916376 0.030000 7.025467 0.030000
3.900754 0.030000 3.669507 0.030000 2.321737 0.030000 2.476101 0.030000 3.101460 0.150000 2.784130 0.030000 7.627924 0.030000 7.573743 0.150000 6.920681 0.150000 7.015214 0.030000
3.932340 0.030000 3.707437 0.030000 2.292099 0.030000 2.539056 0.030000 2.853765 0.030000 3.456499 0.150000 8.401929 0.150000 7.536452 0.030000 6.905320 0.030000 7.068346 0.030000
3.927123 0.030000 3.685043 0.030000 2.287876 0.030000 2.485836 0.030000 2.896190 0.030000 2.806924 0.030000 7.644438 0.030000 7.520560 0.030000 6.965311 0.030000 7.043339 0.030000
3.970945 0.030000 3.708252 0.030000 2.217820 0.030000 2.493576 0.030000 2.879767 0.030000 2.849083 0.030000 7.679665 0.030000 7.861272 0.150000 7.207239 0.150000 6.981813 0.030000
3.981994 0.030000 4.364003 0.150000 2.187001 0.030000 3.614676 0.150000 2.877154 0.030000 2.858823 0.030000 7.633099 0.030000 7.525173 0.030000 6.948708 0.030000 6.992859 0.030000
3.968671 0.030000 3.725674 0.030000 2.183444 0.030000 2.425632 0.030000 2.874461 0.030000 2.783837 0.030000 7.711305 0.030000 7.597655 0.030000 6.942833 0.030000 7.511276 0.150000
3.962470 0.030000 3.789547 0.030000 2.262997 0.030000 2.389890 0.030000 2.873956 0.030000 2.846825 0.030000 7.697508 0.030000 7.534410 0.030000 6.896620 0.030000 6.993581 0.030000
4.059014 0.030000 3.893570 0.150000 2.221067 0.030000 2.842023 0.150000 2.906089 0.030000 2.814001 0.030000 7.671270 0.030000 7.634501 0.030000 6.904821 0.030000 6.993804 0.030000
3.978860 0.030000 3.777393 0.030000 2.211888 0.030000 2.367305 0.030000 2.896474 0.030000 3.826205 0.150000 7.703034 0.030000 7.619621 0.030000 6.900124 0.030000 6.987001 0.030000
4.042157 0.030000 3.806726 0.030000 2.161122 0.030000 2.416593 0.030000 2.922157 0.030000 2.790056 0.030000 7.695274 0.030000 7.797154 0.150000 6.895051 0.030000 6.996160 0.030000
4.056602 0.030000 3.790444 0.150000 2.139417 0.030000 2.351090 0.030000 2.899303 0.030000 2.807891 0.030000 7.719152 0.030000 7.579848 0.030000 6.905615 0.030000 7.218314 0.150000
4.035585 0.030000 3.805314 0.030000 2.138459 0.030000 2.371803 0.030000 2.934554 0.030000 2.890211 0.030000 7.654148 0.030000 7.625750 0.030000 6.841889 0.030000 6.905769 0.030000
4.065294 0.030000 3.780073 0.030000 2.143129 0.030000 2.394287 0.030000 3.065779 0.150000 2.854949 0.030000 7.712443 0.030000 7.593716 0.030000 6.865658 0.030000 6.953432 0.030000
4.115727 0.030000 3.858961 0.150000 2.147212 0.030000 2.294439 0.030000 2.930491 0.030000 2.847287 0.030000 7.739112 0.030000 7.606866 0.030000 6.880507 0.030000 6.932117 0.030000
4.126265 0.030000 3.881312 0.030000 2.103320 0.030000 3.242465 0.150000 2.969448 0.030000 2.828116 0.030000 7.759052 0.030000 7.694009 0.030000 6.917897 0.030000 6.945725 0.030000
4.122426 0.030000 3.919197 0.030000 2.061590 0.150000 2.353954 0.030000 2.893363 0.030000 2.884851 0.030000 7.818158 0.030000 7.616215 0.030000 6.897420 0.030000 6.929925 0.030000
4.171914 0.030000 3.874689 0.030000 3.535052 0.150000 2.297366 0.030000 2.898022 0.030000 2.845059 0.030000 7.752865 0.030000 7.608475 0.030000 6.844255 0.030000 6.901537 0.030000
4.145579 0.030000 3.899651 0.030000 2.050269 0.030000 2.272001 0.030000 2.945769 0.030000 2.837341 0.030000 7.770865 0.030000 7.594202 0.030000 6.880369 0.030000 6.972302 0.030000
4.106764 0.030000 3.938046 0.030000 2.007250 0.030000 2.254889 0.030000 2.964665 0.030000 2.805480 0.030000 7.848473 0.030000 7.637059 0.030000 6.817416 0.030000 6.990315 0.030000
4.129006 0.030000 3.920109 0.030000 1.983819 0.030000 2.303878 0.030000 2.921827 0.150000 2.903933 0.030000 7.832885 0.030000 7.666235 0.030000 6.848856 0.030000 6.878049 0.030000
4.148517 0.030000 3.977223 0.030000 2.052860 0.030000 2.239428 0.030000 2.990133 0.030000 2.852881 0.030000 7.798794 0.030000 7.600069 0.030000 6.843378 0.030000 6.923477 0.030000
4.166069 0.030000 3.989061 0.030000 1.943624 0.030000 2.226437 0.030000 3.004669 0.030000 2.899503 0.030000 7.806244 0.030000 7.655556 0.030000 6.838324 0.030000 6.919134 0.030000
4.375332 0.150000 3.984645 0.030000 1.969111 0.030000 2.207370 0.030000 2.958993 0.030000 2.928819 0.030000 7.918388 0.150000 7.721003 0.030000 6.845638 0.030000 6.966620 0.030000
4.244672 0.030000 3.948809 0.030000 2.230602 0.150000 2.248058 0.030000 2.954973 0.030000 2.878907 0.030000 7.786948 0.030000 7.706645 0.030000 6.856768 0.030000 6.872700 0.030000
4.272914 0.030000 3.946891 0.030000 1.971303 0.030000 2.220923 0.030000 2.954563 0.030000 2.842775 0.030000 7.792059 0.030000 7.645390 0.030000 6.833465 0.030000 6.876152 0.030000
4.286420 0.030000 4.051161 0.030000 1.900668 0.030000 2.389912 0.150000 2.989759 0.030000 2.879803 0.030000 7.836198 0.030000 7.690588 0.030000 6.796446 0.030000 6.862395 0.030000
4.272896 0.030000 4.002276 0.030000 1.947242 0.030000 2.131613 0.030000 2.984130 0.030000 2.890372 0.030000 7.871389 0.030000 7.712914 0.030000 6.840157 0.030000 6.891510 0.030000
4.875800 0.150000 4.062712 0.030000 1.877369 0.030000 2.268549 0.150000 2.952310 0.030000 2.912787 0.030000 7.836531 0.030000 7.728141 0.030000 6.833953 0.030000 7.386308 0.150000
4.325818 0.030000 4.063650 0.030000 1.885589 0.030000 2.087496 0.030000 3.018633 0.030000 2.882639 0.030000 7.838009 0.030000 7.747789 0.030000 7.315957 0.150000 6.915213 0.030000
4.568863 0.150000 4.089400 0.030000 1.893159 0.030000 2.131154 0.030000 3.012322 0.030000 2.964756 0.030000 7.865474 0.030000 7.731214 0.030000 6.796273 0.030000 6.904830 0.030000
4.344551 0.030000 4.080948 0.030000 1.696303 0.150000 2.135088 0.030000 2.976938 0.030000 3.610003 0.150000 7.833287 0.030000 7.808248 0.030000 6.820798 0.030000 6.859914 0.030000
4.319733 0.030000 4.088298 0.030000 1.864377 0.030000 2.096602 0.030000 3.057844 0.030000 2.923278 0.030000 7.880959 0.030000 8.687597 0.150000 6.788997 0.030000 6.825746 0.030000
4.387469 0.030000 4.125952 0.030000 1.925051 0.030000 1.989787 0.150000 3.010188 0.030000 2.933201 0.030000 8.381494 0.150000 7.748310 0.030000 7.105475 0.150000 6.854433 0.030000
4.900396 0.150000 4.778571 0.150000 1.823642 0.030000 2.083097 0.030000 3.010441 0.030000 2.961495 0.030000 7.904213 0.030000 7.797180 0.030000 6.834562 0.030000 6.820327 0.030000
4.398065 0.150000 4.074549 0.030000 1.852040 0.030000 2.362630 0.150000 3.078029 0.030000 2.881537 0.030000 7.891492 0.030000 7.787914 0.030000 6.782088 0.030000 7.237347 0.150000
4.377468 0.030000 4.193858 0.030000 1.803354 0.030000 2.039059 0.030000 3.044894 0.030000 2.964287 0.030000 7.937405 0.030000 7.765849 0.030000 6.818199 0.030000 6.824931 0.030000
4.417594 0.030000 4.213523 0.030000 1.770613 0.030000 2.000493 0.030000 3.067002 0.030000 2.943875 0.030000 7.897527 0.030000 7.746696 0.030000 6.775759 0.030000 6.853930 0.030000
4.458744 0.030000 4.186520 0.030000 1.788255 0.030000 2.454064 0.150000 3.066056 0.030000 3.092461 0.150000 7.946870 0.030000 7.824653 0.030000 7.220247 0.150000 6.786497 0.030000
4.386393 0.030000 4.146666 0.030000 1.739086 0.030000 2.014898 0.030000 3.108673 0.030000 2.970300 0.030000 7.936737 0.030000 7.841836 0.030000 6.758785 0.030000 6.800422 0.030000
4.498425 0.030000 4.212108 0.030000 1.753856 0.030000 1.955320 0.150000 3.096640 0.030000 3.031435 0.030000 7.968518 0.030000 7.789285 0.030000 6.777655 0.030000 6.891805 0.030000
4.483551 0.030000 4.272718 0.030000 1.811882 0.030000 1.933909 0.030000 3.069699 0.150000 2.944637 0.030000 8.018993 0.030000 7.808735 0.030000 6.808129 0.030000 6.803783 0.030000
4.512386 0.030000 4.270060 0.030000 1.664768 0.030000 2.053545 0.150000 3.100600 0.030000 2.998776 0.030000 7.983617 0.030000 7.800312 0.030000 6.722151 0.030000 6.827876 0.030000
4.487303 0.030000 4.471718 0.150000 1.715335 0.030000 1.959898 0.030000 3.129170 0.030000 2.923505 0.030000 8.096948 0.150000 7.820993 0.030000 6.761922 0.030000 6.899081 0.030000
4.547412 0.030000 4.244091 0.030000 1.671016 0.030000 1.910997 0.030000 3.219912 0.150000 2.985614 0.030000 8.024213 0.030000 7.857435 0.030000 6.739423 0.030000 6.824990 0.030000
4.545230 0.030000 4.298838 0.030000 1.602648 0.030000 1.863005 0.030000 3.109562 0.030000 2.936639 0.030000 8.003962 0.030000 7.817363 0.030000 6.726814 0.030000 6.775478 0.030000
4.538661 0.030000 4.277509 0.030000 1.739836 0.030000 1.951420 0.030000 3.084797 0.030000 2.968815 0.030000 7.980922 0.030000 7.826365 0.030000 6.756477 0.030000 6.795965 0.030000
4.593857 0.030000 4.320568 0.030000 1.716135 0.030000 1.850588 0.030000 3.110724 0.030000 3.003658 0.030000 8.039738 0.030000 7.871717 0.030000 6.775478 0.030000 6.752791 0.030000
4.637213 0.030000 4.312636 0.030000 1.651777 0.030000 2.222925 0.150000 3.107127 0.030000 3.063750 0.030000 8.006579 0.030000 7.943040 0.030000 6.705326 0.030000 6.816171 0.030000
4.635703 0.030000 4.343806 0.030000 1.628779 0.030000 1.879011 0.030000 3.073911 0.030000 3.011191 0.030000 8.008128 0.030000 8.311229 0.150000 6.763532 0.030000 7.655325 0.150000
4.578738 0.030000 4.324693 0.030000 1.625522 0.030000 1.832799 0.030000 3.036447 0.150000 3.016130 0.030000 8.066727 0.030000 7.878917 0.030000 6.723917 0.030000 6.774211 0.030000
4.618424 0.030000 4.395152 0.030000 1.632067 0.030000 1.824751 0.030000 3.150235 0.030000 3.010949 0.030000 7.824931 0.150000 8.112083 0.150000 6.735205 0.030000 6.781658 0.030000
4.588867 0.030000 4.433124 0.030000 1.595431 0.030000 1.841812 0.030000 3.337563 0.150000 3.061684 0.030000 8.625179 0.150000 7.933746 0.030000 6.698395 0.030000 6.785823 0.030000
4.609286 0.030000 4.414970 0.030000 1.548858 0.030000 1.730231 0.030000 3.156833 0.030000 3.011560 0.030000 8.063669 0.030000 7.892567 0.030000 6.729103 0.030000 6.792211 0.030000
4.874251 0.150000 4.397096 0.030000 1.767988 0.150000 1.843099 0.030000 3.140629 0.030000 3.048705 0.030000 8.067742 0.030000 7.981251 0.030000 7.477358 0.150000 6.814541 0.030000
4.688835 0.030000 4.393342 0.030000 1.553053 0.030000 1.817006 0.030000 3.140464 0.030000 3.041563 0.030000 8.002390 0.030000 7.934841 0.030000 6.746686 0.030000 6.752618 0.030000
4.671173 0.030000 4.468473 0.030000 1.518337 0.030000 1.797465 0.030000 3.209002 0.030000 3.054156 0.030000 7.991102 0.030000 7.938730 0.030000 6.701386 0.030000 7.373350 0.150000
4.699214 0.030000 4.428833 0.030000 1.610541 0.030000 2.003484 0.150000 3.217914 0.030000 3.037145 0.030000 8.049557 0.030000 7.912826 0.030000 6.683845 0.030000 7.172901 0.150000
4.724183 0.030000 4.486311 0.030000 1.550621 0.030000 2.141465 0.150000 3.484405 0.150000 3.113683 0.030000 8.102089 0.030000 7.928806 0.030000 6.753926 0.030000 6.785091 0.030000
4.667546 0.030000 4.481361 0.030000 2.050640 0.150000 1.772322 0.030000 3.149052 0.030000 3.065400 0.030000 8.095022 0.030000 7.999184 0.030000 6.664699 0.030000 6.765418 0.030000
4.720993 0.030000 4.531749 0.030000 1.544773 0.030000 1.733512 0.030000 3.173994 0.030000 3.041144 0.030000 8.366801 0.150000 7.946464 0.030000 6.651917 0.030000 6.733228 0.030000
4.756665 0.030000 4.494946 0.030000 1.915659 0.150000 1.740843 0.030000 3.193233 0.030000 3.148184 0.030000 8.159317 0.030000 8.001248 0.150000 6.673133 0.030000 6.854234 0.030000
4.791679 0.030000 4.485430 0.030000 1.470155 0.030000 1.765913 0.030000 3.240405 0.030000 3.084848 0.030000 8.111185 0.030000 7.970106 0.030000 6.677563 0.030000 6.778484 0.030000
4.773119 0.030000 4.535935 0.030000 1.522744 0.030000 1.720872 0.030000 3.194416 0.030000 3.099556 0.030000 8.096145 0.030000 7.933803 0.030000 6.721826 0.030000 6.775327 0.030000
4.797078 0.030000 4.509824 0.030000 1.488616 0.030000 1.770555 0.030000 3.273605 0.030000 3.533081 0.150000 8.110242 0.030000 7.950399 0.030000 6.715307 0.030000 6.699491 0.030000
4.766834 0.030000 4.550730 0.030000 1.512163 0.030000 1.722292 0.030000 3.218969 0.030000 3.078265 0.030000 8.112375 0.030000 7.974302 0.030000 6.700517 0.030000 6.755646 0.030000
4.765043 0.030000 4.527144 0.030000 1.451244 0.030000 1.688907 0.030000 3.260794 0.030000 3.090217 0.030000 8.144472 0.030000 7.977952 0.030000 6.769904 0.030000 6.780471 0.030000
4.802899 0.030000 4.501924 0.030000 1.443172 0.030000 1.677465 0.030000 3.209459 0.030000 3.101330 0.030000 8.210478 0.150000 7.980708 0.030000 6.699049 0.030000 6.725792 0.030000
4.821816 0.030000 4.580336 0.030000 1.485615 0.030000 1.702398 0.030000 3.347936 0.150000 3.076553 0.030000 8.130057 0.030000 7.975500 0.030000 6.704701 0.030000 6.751743 0.030000
4.869418 0.030000 4.968244 0.150000 1.422014 0.030000 1.642273 0.030000 3.202418 0.030000 3.277849 0.150000 8.113046 0.030000 8.517333 0.150000 7.157364 0.150000 6.742462 0.030000
5.206559 0.150000 4.592042 0.030000 1.563008 0.150000 1.659844 0.030000 3.199731 0.030000 3.175174 0.030000 8.180907 0.030000 8.224389 0.150000 6.719373 0.030000 6.783528 0.030000
4.869005 0.030000 4.540902 0.030000 1.474356 0.030000 1.624179 0.030000 3.255926 0.030000 3.143181 0.030000 8.223552 0.030000 7.987062 0.030000 6.705556 0.030000 6.808037 0.150000
4.876547 0.150000 4.595436 0.030000 1.368864 0.030000 1.637127 0.030000 3.309417 0.030000 3.147351 0.030000 8.220608 0.030000 8.074424 0.030000 6.706721 0.030000 6.731309 0.030000
4.895599 0.030000 4.602180 0.030000 1.395530 0.030000 1.576703 0.030000 3.280548 0.030000 3.143230 0.030000 8.178076 0.030000 8.046766 0.030000 6.673227 0.030000 6.719527 0.030000
4.813901 0.030000 4.574987 0.030000 2.101384 0.150000 1.627688 0.030000 3.271790 0.030000 3.113622 0.030000 8.185812 0.150000 8.018357 0.030000 6.608506 0.150000 6.777739 0.030000
4.919617 0.030000 4.553194 0.030000 1.339736 0.030000 1.627356 0.030000 3.230560 0.030000 3.146081 0.030000 8.208498 0.030000 8.285684 0.150000 6.772461 0.030000 6.720735 0.030000
4.825107 0.150000 4.577179 0.030000 1.417184 0.030000 1.611194 0.030000 3.608885 0.150000 3.184582 0.030000 8.256610 0.150000 8.061239 0.030000 6.687829 0.030000 6.748980 0.030000
4.901721 0.030000 4.653457 0.030000 1.350311 0.030000 1.616002 0.030000 3.247342 0.030000 3.131188 0.030000 8.147530 0.030000 8.115429 0.030000 6.664582 0.030000 6.731605 0.030000
4.905411 0.030000 5.409531 0.150000 1.429996 0.030000 1.614703 0.030000 3.272480 0.030000 3.127523 0.030000 8.587540 0.150000 8.018634 0.030000 6.683538 0.030000 6.771563 0.030000
5.246177 0.150000 4.589521 0.030000 1.373315 0.030000 1.611099 0.030000 3.321186 0.030000 3.182976 0.030000 8.211934 0.150000 8.421119 0.150000 7.378205 0.150000 6.713998 0.030000
4.951524 0.030000 4.670060 0.030000 1.358733 0.030000 1.567592 0.030000 3.370755 0.030000 3.173475 0.030000 8.181978 0.030000 8.060871 0.030000 6.676480 0.030000 6.727698 0.030000
4.895836 0.030000 4.683511 0.030000 1.379296 0.030000 1.604732 0.030000 3.272725 0.030000 3.178207 0.030000 8.116830 0.150000 8.045435 0.030000 6.698117 0.030000 6.734391 0.030000
6.594546 0.150000 4.657969 0.030000 1.343579 0.030000 1.504577 0.030000 3.268570 0.030000 3.197357 0.030000 8.195754 0.030000 8.061079 0.030000 6.703685 0.030000 6.748437 0.030000
4.925333 0.030000 5.614930 0.150000 1.339432 0.030000 1.525983 0.030000 3.322538 0.030000 3.196030 0.030000 8.255627 0.030000 8.042460 0.030000 6.763243 0.150000 6.757501 0.030000
4.965613 0.030000 4.609694 0.030000 1.300950 0.030000 1.542377 0.030000 3.326248 0.030000 3.166769 0.030000 8.241748 0.030000 8.026404 0.030000 6.630671 0.030000 7.328642 0.150000
5.372553 0.150000 4.644196 0.030000 1.345802 0.030000 1.525980 0.030000 3.322582 0.030000 3.217797 0.030000 8.263035 0.030000 8.756969 0.150000 6.668230 0.030000 6.671146 0.030000
4.965840 0.030000 4.754564 0.030000 1.279546 0.030000 1.530568 0.030000 3.331859 0.030000 3.318802 0.150000 8.265823 0.030000 8.117518 0.030000 6.661900 0.030000 6.700066 0.030000
4.945106 0.030000 4.717010 0.030000 1.325308 0.030000 1.537555 0.030000 3.380333 0.150000 3.213434 0.030000 8.269354 0.030000 8.106779 0.030000 6.676847 0.030000 6.746870 0.030000
4.986260 0.030000 4.703617 0.030000 1.285302 0.030000 1.286455 0.150000 3.370023 0.030000 3.227431 0.030000 8.246683 0.030000 8.115262 0.030000 6.698335 0.030000 6.725916 0.030000
4.995189 0.030000 4.720828 0.030000 1.240302 0.030000 1.527408 0.030000 3.320505 0.030000 3.235576 0.030000 8.261182 0.030000 8.068695 0.030000 6.689383 0.030000 6.769930 0.030000
4.989372 0.030000 4.727943 0.030000 1.229041 0.030000 1.476035 0.030000 3.297011 0.030000 3.216443 0.030000 8.279440 0.030000 8.124262 0.030000 6.659119 0.030000 6.686238 0.030000
4.981402 0.030000 4.758451 0.030000 1.345133 0.030000 1.490178 0.030000 3.283707 0.030000 3.209579 0.030000 8.244588 0.030000 8.105621 0.030000 6.638656 0.030000 6.677689 0.030000
5.001138 0.030000 5.168974 0.150000 1.268682 0.030000 1.478219 0.030000 3.363250 0.030000 3.248952 0.030000 8.260352 0.030000 8.108234 0.030000 6.654941 0.030000 6.707279 0.030000
4.937715 0.030000 4.786344 0.030000 1.209472 0.030000 1.465276 0.030000 3.311578 0.030000 3.656049 0.150000 8.214778 0.030000 8.133143 0.030000 6.606828 0.030000 6.690820 0.030000
5.015347 0.030000 4.717557 0.030000 1.274244 0.030000 1.478375 0.030000 3.327555 0.030000 3.250411 0.030000 8.268822 0.030000 8.127911 0.030000 6.658980 0.030000 6.683161 0.030000
5.032678 0.030000 5.071940 0.150000 1.298428 0.030000 1.432318 0.030000 3.369109 0.030000 3.213726 0.030000 8.321590 0.030000 8.103364 0.030000 6.670765 0.030000 6.704970 0.030000
5.015374 0.030000 4.788556 0.030000 1.276921 0.030000 1.499594 0.030000 3.365083 0.030000 3.225718 0.030000 8.232998 0.030000 8.124130 0.030000 6.668047 0.030000 6.672211 0.030000
5.036503 0.030000 4.815778 0.030000 1.285722 0.030000 1.494172 0.030000 3.398328 0.030000 3.237350 0.030000 8.287427 0.030000 8.635967 0.150000 6.652109 0.030000 6.687112 0.030000
5.010251 0.030000 4.779206 0.030000 1.271731 0.030000 1.438907 0.030000 3.341770 0.030000 3.257088 0.030000 8.262413 0.030000 8.307988 0.150000 6.683996 0.030000 7.965985 0.150000
5.077573 0.030000 4.778791 0.030000 1.272381 0.030000 1.425897 0.030000 3.345788 0.030000 3.236036 0.030000 8.342555 0.030000 8.135245 0.030000 6.653108 0.030000 6.708610 0.030000
4.951961 0.030000 4.790330 0.030000 1.292548 0.030000 1.428821 0.030000 3.315130 0.030000 3.231090 0.030000 8.292170 0.030000 8.130694 0.030000 6.666058 0.030000 6.706976 0.030000
5.033042 0.030000 4.800227 0.030000 1.199133 0.030000 1.449414 0.030000 4.838588 0.150000 3.303705 0.030000 8.320925 0.030000 8.098757 0.030000 6.814176 0.150000 6.676759 0.030000
5.040858 0.030000 4.839670 0.030000 1.212179 0.030000 1.478516 0.030000 3.417157 0.030000 3.253044 0.030000 8.293878 0.030000 8.137330 0.030000 6.626771 0.030000 6.686145 0.030000
5.058246 0.030000 4.874001 0.030000 1.183455 0.030000 1.405706 0.030000 3.366431 0.030000 3.307397 0.030000 8.294795 0.030000 8.119209 0.030000 6.690653 0.030000 6.686382 0.030000
5.136937 0.150000 4.810874 0.030000 1.193869 0.030000 1.408600 0.030000 3.410682 0.030000 3.263702 0.030000 8.316324 0.030000 8.183547 0.030000 6.595878 0.030000 6.657877 0.030000
5.092036 0.030000 5.416638 0.150000 1.143501 0.030000 1.397046 0.030000 3.419231 0.030000 3.251815 0.030000 8.284227 0.030000 8.128102 0.030000 6.621191 0.030000 6.720910 0.030000
5.065831 0.030000 4.887363 0.030000 1.217142 0.030000 1.441399 0.030000 3.387575 0.030000 3.260274 0.030000 8.344023 0.030000 8.561901 0.150000 6.855503 0.150000 6.957567 0.150000
5.155027 0.030000 4.804657 0.030000 1.169667 0.030000 1.424971 0.030000 3.376253 0.030000 3.290270 0.030000 8.298848 0.030000 8.142248 0.030000 7.713104 0.150000 6.710166 0.030000
5.051523 0.030000 4.879018 0.030000 1.204965 0.030000 1.416050 0.030000 3.353935 0.030000 3.262788 0.150000 8.335662 0.030000 8.171445 0.030000 6.643561 0.030000 7.679206 0.150000
5.062255 0.030000 4.851129 0.030000 1.190799 0.030000 1.328632 0.030000 3.456883 0.030000 3.256248 0.030000 8.899568 0.150000 8.184604 0.030000 6.624033 0.030000 6.688015 0.030000
5.100789 0.030000 4.827302 0.030000 1.183730 0.030000 1.406233 0.030000 3.381245 0.030000 3.263947 0.030000 8.304580 0.030000 8.194999 0.030000 6.650256 0.030000 6.655861 0.150000
5.145041 0.030000 4.816334 0.030000 1.203642 0.030000 1.390189 0.030000 3.430930 0.030000 3.278436 0.030000 8.342176 0.030000 8.171182 0.030000 6.658403 0.030000 6.982906 0.150000
5.146346 0.030000 4.879001 0.030000 1.203685 0.030000 1.423439 0.030000 3.427557 0.030000 3.275167 0.030000 8.281637 0.150000 8.168358 0.030000 6.630003 0.030000 6.601387 0.030000
5.606671 0.150000 4.860454 0.030000 1.205692 0.030000 1.418217 0.030000 3.386615 0.030000 3.246134 0.030000 8.390537 0.030000 8.204105 0.030000 6.614317 0.030000 6.675607 0.030000
5.086514 0.030000 5.254299 0.150000 1.171784 0.030000 1.351165 0.030000 3.407198 0.030000 3.246621 0.030000 8.824037 0.150000 8.194872 0.030000 6.649749 0.030000 6.696821 0.030000
5.189310 0.150000 4.838377 0.030000 1.134313 0.030000 1.347467 0.030000 3.400024 0.030000 3.285406 0.030000 8.309602 0.030000 8.180468 0.030000 6.600041 0.030000 6.713113 0.030000
5.150436 0.030000 4.838512 0.030000 1.222525 0.030000 1.404764 0.030000 3.428437 0.030000 3.321927 0.030000 8.401949 0.150000 8.454672 0.150000 6.639918 0.030000 6.705710 0.030000
5.125031 0.030000 4.892160 0.030000 1.192484 0.030000 1.374761 0.030000 3.422335 0.030000 3.255743 0.030000 8.306745 0.030000 8.212282 0.030000 6.625125 0.030000 6.624885 0.150000
5.127484 0.150000 4.851735 0.030000 1.231967 0.030000 1.342521 0.030000 3.477147 0.030000 3.266963 0.030000 8.316172 0.030000 8.209475 0.030000 6.577529 0.030000 6.701873 0.030000
5.396860 0.150000 4.901074 0.030000 1.126685 0.030000 1.341685 0.030000 3.445810 0.030000 3.284617 0.030000 8.337871 0.030000 8.261934 0.030000 6.566031 0.030000 6.727168 0.030000
5.129739 0.030000 4.971608 0.150000 1.181434 0.030000 1.375608 0.030000 3.458200 0.030000 3.276403 0.030000 8.514826 0.150000 8.220139 0.030000 6.563771 0.030000 6.682742 0.030000
5.120575 0.030000 4.933071 0.030000 1.193865 0.030000 1.357214 0.030000 3.328745 0.030000 3.379010 0.030000 8.295684 0.030000 8.264478 0.030000 6.635438 0.030000 6.698115 0.030000
5.125015 0.030000 4.904585 0.030000 1.201347 0.030000 1.313542 0.030000 3.370377 0.030000 3.360609 0.030000 8.316605 0.030000 8.242344 0.030000 6.599421 0.030000 6.719749 0.030000
5.103086 0.030000 4.937234 0.030000 1.217133 0.030000 1.267900 0.030000 3.444888 0.150000 3.281680 0.030000 8.462602 0.150000 8.231529 0.030000 6.590288 0.030000 6.669643 0.030000
5.193682 0.030000 4.981822 0.030000 1.494377 0.150000 1.289478 0.030000 3.342719 0.030000 3.296693 0.030000 8.285727 0.030000 8.238240 0.030000 6.550864 0.030000 6.737046 0.030000
5.153614 0.030000 5.102343 0.150000 1.251282 0.030000 1.301332 0.030000 3.322225 0.030000 3.359913 0.030000 8.310150 0.030000 8.279870 0.030000 6.499149 0.030000 6.760148 0.030000
5.218503 0.030000 4.986063 0.030000 1.239459 0.030000 1.258484 0.030000 3.353619 0.030000 3.620336 0.150000 8.292684 0.030000 8.304415 0.030000 6.549861 0.030000 6.693363 0.030000
5.199474 0.030000 4.943046 0.030000 1.223731 0.030000 1.298630 0.030000 3.344193 0.030000 3.380689 0.150000 8.255247 0.030000 8.839309 0.150000 6.507162 0.030000 6.647609 0.030000
5.110480 0.030000 4.981475 0.030000 1.222042 0.030000 1.265209 0.030000 3.296072 0.030000 3.355060 0.030000 8.201520 0.030000 8.321953 0.030000 8.005496 0.150000 6.688788 0.030000
5.203946 0.030000 5.034676 0.030000 1.226211 0.030000 1.263340 0.030000 3.298350 0.030000 3.533131 0.030000 8.200405 0.030000 9.240338 0.150000 6.468119 0.030000 6.750145 0.030000
5.189922 0.030000 5.007058 0.030000 1.547356 0.150000 1.245629 0.030000 3.289095 0.030000 3.411516 0.030000 8.247561 0.030000 8.354416 0.030000 6.476655 0.030000 6.721120 0.030000
5.185718 0.030000 5.017510 0.030000 1.302292 0.030000 1.245026 0.030000 3.266114 0.030000 3.385492 0.030000 8.172511 0.030000 8.300056 0.030000 6.424100 0.030000 6.682072 0.030000
5.214282 0.030000 5.086412 0.030000 1.311130 0.030000 1.187220 0.030000 3.261746 0.030000 3.638478 0.150000 8.592587 0.150000 8.333617 0.030000 6.499620 0.030000 6.664596 0.030000
5.588891 0.150000 5.101470 0.030000 1.333595 0.030000 1.205189 0.030000 3.311644 0.030000 3.438375 0.030000 8.174001 0.030000 8.317007 0.030000 6.629909 0.150000 7.089819 0.150000
5.213163 0.030000 5.062136 0.030000 1.298902 0.030000 1.192003 0.030000 3.187694 0.030000 3.398641 0.150000 8.167281 0.030000 8.340690 0.030000 6.379901 0.030000 6.688958 0.030000
5.216126 0.030000 5.096966 0.030000 1.305851 0.030000 1.223975 0.030000 3.272392 0.030000 3.362092 0.030000 8.134481 0.030000 8.319915 0.030000 6.379024 0.030000 6.623466 0.030000
5.600010 0.150000 5.103498 0.030000 1.331328 0.030000 1.151713 0.030000 3.229303 0.030000 3.423165 0.030000 8.093358 0.030000 8.330670 0.030000 6.329870 0.030000 6.581818 0.150000
5.155217 0.030000 5.125885 0.030000 1.345266 0.030000 1.253824 0.030000 3.264328 0.030000 3.396110 0.030000 8.166310 0.030000 8.295316 0.030000 6.342906 0.030000 6.635622 0.030000
5.150496 0.030000 5.137850 0.030000 1.411456 0.030000 1.266292 0.030000 3.165065 0.030000 3.429494 0.030000 8.091240 0.030000 8.317699 0.150000 6.976354 0.150000 6.638079 0.030000
5.265685 0.030000 5.163349 0.150000 1.406741 0.030000 1.212553 0.030000 3.358352 0.150000 3.393624 0.030000 8.130626 0.150000 8.271858 0.030000 6.302434 0.030000 6.571099 0.030000
5.153172 0.030000 5.180540 0.030000 1.414226 0.030000 1.492150 0.150000 3.157776 0.030000 3.376352 0.030000 8.788425 0.150000 8.277942 0.030000 6.307553 0.030000 6.552979 0.030000
5.147070 0.030000 5.146448 0.030000 1.362894 0.030000 1.229742 0.030000 3.164724 0.030000 3.405655 0.030000 8.014002 0.030000 8.214767 0.030000 6.298312 0.030000 6.548006 0.030000
5.140194 0.030000 5.103696 0.030000 1.414342 0.030000 1.213369 0.030000 3.088528 0.030000 3.330124 0.030000 8.064861 0.030000 8.239281 0.030000 6.290322 0.030000 6.547755 0.030000
5.237311 0.030000 5.134311 0.030000 1.370763 0.030000 1.341190 0.150000 3.209768 0.030000 3.416590 0.150000 8.096271 0.030000 8.257338 0.030000 6.306491 0.030000 6.489686 0.030000
5.222353 0.030000 5.156054 0.030000 1.413139 0.030000 1.278887 0.030000 3.109815 0.030000 3.324919 0.030000 8.045438 0.030000 9.004360 0.150000 6.254250 0.030000 6.503075 0.030000
5.203497 0.030000 5.158695 0.030000 1.436466 0.030000 1.267434 0.030000 3.065527 0.030000 3.258267 0.030000 8.062783 0.030000 8.220260 0.030000 6.187779 0.030000 6.484142 0.030000
5.214633 0.030000 5.157431 0.030000 1.474316 0.030000 1.288747 0.030000 3.128757 0.030000 3.344341 0.030000 7.996432 0.030000 8.227699 0.030000 6.183083 0.030000 6.486274 0.030000
5.251145 0.030000 5.470900 0.150000 1.449393 0.030000 1.242344 0.030000 3.056137 0.030000 3.326701 0.030000 8.038461 0.030000 8.228114 0.030000 6.205262 0.030000 6.404454 0.030000
5.188024 0.030000 5.883560 0.150000 1.508677 0.030000 1.285623 0.030000 3.103239 0.030000 3.268444 0.030000 7.971569 0.030000 8.215850 0.030000 6.177415 0.030000 6.445369 0.030000
5.206626 0.030000 5.156847 0.030000 1.522012 0.030000 1.756189 0.150000 3.061471 0.030000 3.214620 0.030000 7.937782 0.030000 8.160104 0.030000 6.122459 0.030000 6.433205 0.030000
5.279544 0.030000 5.194240 0.030000 1.545530 0.030000 1.345723 0.030000 3.097424 0.030000 3.277004 0.030000 8.415716 0.150000 8.173331 0.030000 6.175091 0.030000 6.407597 0.030000
5.232222 0.030000 5.202442 0.030000 1.531205 0.030000 1.328056 0.030000 3.054575 0.030000 3.187591 0.030000 7.981254 0.030000 8.146952 0.030000 6.187719 0.030000 6.407821 0.030000
5.188706 0.030000 5.154311 0.030000 1.546089 0.030000 1.334081 0.030000 3.069943 0.030000 3.203046 0.030000 7.959969 0.030000 8.133983 0.030000 6.267851 0.150000 6.412963 0.030000
5.306603 0.150000 5.209160 0.030000 1.750628 0.150000 1.365840 0.030000 3.037077 0.030000 3.259668 0.030000 7.893801 0.030000 8.124951 0.030000 6.077809 0.030000 6.307981 0.030000
5.230664 0.030000 5.216831 0.030000 1.585911 0.030000 1.347709 0.030000 3.015125 0.030000 3.174568 0.030000 7.945597 0.030000 8.338868 0.150000 6.098159 0.030000 6.383185 0.030000
5.272400 0.030000 5.170442 0.030000 1.561755 0.030000 1.690309 0.150000 3.025134 0.030000 3.178753 0.030000 7.875405 0.030000 8.127427 0.030000 6.071955 0.030000 6.341898 0.030000
5.291186 0.030000 5.473032 0.150000 1.582100 0.030000 1.425558 0.030000 3.032480 0.030000 3.151546 0.030000 7.869407 0.030000 8.084254 0.030000 6.126256 0.030000 6.326475 0.030000
5.285512 0.030000 5.174973 0.030000 2.273612 0.150000 1.497812 0.150000 2.963580 0.030000 3.144354 0.030000 7.923955 0.030000 8.058906 0.030000 6.037662 0.030000 6.290437 0.030000
5.341139 0.030000 5.240715 0.030000 1.632530 0.030000 1.382091 0.030000 3.042438 0.030000 3.128232 0.030000 7.853480 0.030000 8.028063 0.030000 6.057641 0.030000 6.281202 0.030000
5.263371 0.030000 5.201133 0.030000 1.632459 0.030000 1.413820 0.030000 3.009880 0.030000 3.178142 0.030000 7.884735 0.030000 8.057286 0.030000 6.037876 0.030000 6.256184 0.030000
5.288299 0.030000 5.210613 0.030000 1.585188 0.030000 1.458731 0.030000 2.931120 0.030000 3.159123 0.030000 7.835294 0.030000 8.064845 0.030000 6.008636 0.030000 6.274034 0.030000
5.326821 0.030000 5.209218 0.030000 1.608770 0.030000 1.475117 0.030000 2.955534 0.030000 3.130176 0.030000 7.970021 0.150000 8.055294 0.030000 5.981591 0.030000 6.261299 0.030000
5.271618 0.030000 5.204843 0.030000 1.664411 0.030000 1.440127 0.030000 2.955505 0.030000 3.180511 0.150000 7.831650 0.030000 8.100776 0.030000 5.989184 0.030000 6.197379 0.030000
5.287644 0.030000 5.182143 0.150000 1.675547 0.030000 1.474856 0.030000 2.917091 0.030000 3.142881 0.030000 7.798901 0.030000 8.004877 0.030000 5.996240 0.030000 6.227760 0.030000
5.230268 0.030000 5.219422 0.030000 1.657888 0.030000 1.532781 0.030000 2.925400 0.030000 3.109045 0.030000 7.822336 0.030000 8.842441 0.150000 5.960066 0.030000 6.180104 0.030000
5.302125 0.030000 5.229264 0.030000 1.713333 0.030000 1.538796 0.030000 2.940672 0.030000 3.118625 0.030000 7.844802 0.030000 7.966236 0.030000 5.930182 0.030000 6.213703 0.150000
5.360125 0.030000 5.274585 0.030000 1.652246 0.030000 1.499267 0.030000 2.862304 0.030000 3.070597 0.030000 7.769430 0.030000 8.007223 0.030000 5.911808 0.030000 6.155374 0.030000
5.015841 0.150000 5.225743 0.030000 1.764318 0.030000 1.492805 0.030000 2.905477 0.030000 3.013076 0.030000 7.786941 0.030000 7.934982 0.030000 5.921642 0.030000 6.162322 0.030000
5.311891 0.030000 5.244209 0.030000 1.718716 0.030000 1.410750 0.150000 2.927468 0.030000 3.023875 0.030000 7.796553 0.030000 7.968297 0.030000 5.880898 0.030000 6.176352 0.030000
5.276784 0.030000 5.220552 0.030000 1.678238 0.030000 1.559192 0.030000 2.874862 0.030000 3.094253 0.030000 7.721969 0.030000 7.971391 0.030000 5.865072 0.030000 6.125829 0.030000
5.356955 0.030000 5.252410 0.030000 1.727130 0.030000 1.502164 0.030000 2.856119 0.030000 3.344465 0.150000 7.823749 0.030000 7.929209 0.030000 5.866123 0.030000 6.290344 0.150000
5.311593 0.030000 5.212663 0.030000 1.737635 0.030000 1.619846 0.030000 2.833205 0.030000 3.023097 0.030000 7.789761 0.030000 7.999811 0.030000 5.797810 0.030000 6.093368 0.030000
5.641247 0.150000 5.259069 0.030000 1.758561 0.030000 1.541085 0.030000 2.798722 0.030000 3.294341 0.150000 7.708534 0.030000 8.061372 0.150000 5.866192 0.030000 6.081227 0.030000
5.310756 0.030000 5.283202 0.030000 1.791169 0.030000 1.533233 0.030000 2.871915 0.030000 3.002134 0.030000 7.686230 0.030000 7.908119 0.030000 5.813826 0.030000 6.090760 0.030000
5.366987 0.030000 5.258690 0.030000 1.815519 0.030000 1.560148 0.030000 2.818893 0.030000 3.028806 0.030000 7.717770 0.030000 7.897436 0.030000 5.814619 0.030000 6.045985 0.030000
5.351226 0.030000 5.324936 0.030000 1.808232 0.030000 1.606933 0.030000 2.793013 0.030000 3.715312 0.150000 7.772566 0.030000 7.864567 0.030000 5.814630 0.030000 6.081812 0.030000
5.357231 0.030000 5.302276 0.030000 2.003403 0.150000 1.642581 0.030000 2.824032 0.030000 2.926034 0.030000 7.679298 0.030000 7.906234 0.030000 6.196887 0.150000 6.022405 0.030000
5.394937 0.030000 5.250460 0.030000 1.857058 0.030000 2.230600 0.150000 2.808820 0.030000 2.969589 0.030000 7.705875 0.030000 7.876536 0.030000 5.753527 0.030000 6.052052 0.030000
5.417320 0.030000 5.314988 0.030000 1.833765 0.030000 1.616357 0.030000 2.746179 0.030000 2.996053 0.030000 7.705751 0.030000 7.867554 0.030000 5.756256 0.030000 5.971211 0.030000
5.346462 0.030000 5.332702 0.030000 1.819910 0.030000 1.688787 0.030000 2.751495 0.030000 2.976856 0.030000 7.644304 0.030000 7.860452 0.030000 5.685527 0.030000 6.003163 0.030000
5.372477 0.030000 5.306252 0.030000 1.874374 0.030000 1.680417 0.030000 2.780608 0.030000 2.908818 0.030000 7.628373 0.030000 7.788806 0.030000 5.709339 0.030000 5.957580 0.030000
5.386820 0.030000 5.252161 0.030000 3.084083 0.150000 1.715180 0.030000 2.765115 0.030000 2.891674 0.030000 7.676670 0.030000 7.851475 0.030000 5.725605 0.030000 5.911268 0.030000
5.412249 0.030000 5.333460 0.030000 1.896485 0.030000 1.680368 0.030000 2.703527 0.030000 2.904969 0.030000 7.704269 0.030000 7.730350 0.030000 5.721606 0.030000 5.946982 0.030000
5.394367 0.030000 5.293151 0.030000 1.893092 0.030000 1.725686 0.030000 2.752077 0.030000 2.931890 0.030000 7.575323 0.030000 7.757385 0.030000 5.639840 0.030000 5.961219 0.030000
5.371437 0.030000 5.333661 0.030000 1.914648 0.030000 1.688422 0.030000 2.711287 0.030000 3.186182 0.150000 7.593940 0.030000 7.754071 0.030000 5.695373 0.030000 5.919601 0.030000
5.407704 0.030000 5.257687 0.030000 1.932861 0.030000 1.706501 0.030000 2.718153 0.030000 2.925815 0.030000 7.601119 0.030000 7.798055 0.030000 5.569838 0.030000 5.855713 0.030000
5.397291 0.030000 5.292803 0.030000 1.913444 0.030000 1.683451 0.030000 2.743932 0.030000 2.869559 0.030000 8.088564 0.150000 7.746664 0.030000 5.618523 0.030000 5.854113 0.030000
5.428198 0.030000 5.358814 0.030000 1.920265 0.030000 1.704804 0.030000 2.670196 0.030000 2.872736 0.030000 7.559042 0.030000 7.809087 0.150000 5.588366 0.030000 5.819221 0.030000
5.380576 0.030000 5.340656 0.030000 1.962464 0.030000 1.783657 0.030000 3.163340 0.150000 2.864954 0.030000 8.466853 0.150000 7.750400 0.030000 5.576998 0.030000 5.835313 0.030000
5.457388 0.030000 5.346408 0.150000 2.003933 0.030000 1.770862 0.030000 2.703111 0.030000 2.797659 0.030000 7.582540 0.030000 7.737913 0.030000 6.079378 0.150000 5.834813 0.030000
5.392315 0.030000 5.375016 0.150000 2.043819 0.030000 1.772067 0.030000 2.658660 0.030000 2.839024 0.030000 7.559518 0.030000 7.702406 0.030000 5.619798 0.030000 5.880170 0.030000
5.488489 0.030000 5.325350 0.030000 2.005051 0.030000 1.755394 0.030000 2.705705 0.030000 2.883774 0.030000 7.506588 0.030000 7.738975 0.030000 5.547194 0.030000 5.786800 0.030000
5.431731 0.030000 5.329133 0.030000 2.005699 0.030000 1.787140 0.030000 2.702603 0.030000 2.833056 0.030000 7.794795 0.150000 7.699988 0.030000 5.535505 0.030000 5.778996 0.030000
5.465088 0.030000 5.119812 0.150000 2.382458 0.150000 1.858171 0.150000 2.629456 0.030000 2.833029 0.030000 7.546021 0.030000 7.717922 0.030000 5.555429 0.030000 5.785760 0.030000
5.427706 0.030000 5.350200 0.030000 2.069343 0.030000 1.816395 0.030000 2.636336 0.030000 2.889734 0.030000 7.510949 0.030000 7.696681 0.030000 5.574073 0.150000 5.945815 0.150000
5.476510 0.030000 5.354726 0.030000 2.066666 0.030000 1.825797 0.030000 3.103485 0.150000 3.557375 0.150000 7.515159 0.030000 7.677137 0.030000 5.521186 0.030000 5.754066 0.030000
5.435347 0.030000 5.406555 0.030000 2.075614 0.030000 1.849983 0.030000 2.680601 0.030000 2.730992 0.030000 7.536822 0.030000 7.653240 0.030000 5.509188 0.030000 5.776978 0.030000
5.498640 0.030000 5.333771 0.030000 2.833786 0.150000 1.857459 0.030000 2.943046 0.150000 2.806004 0.030000 7.471340 0.030000 7.660988 0.030000 5.490849 0.030000 5.740764 0.030000
5.487191 0.030000 5.370020 0.030000 2.068840 0.030000 1.831996 0.030000 2.628264 0.030000 2.797523 0.030000 7.458875 0.030000 7.675460 0.030000 5.484192 0.030000 5.776537 0.030000
5.477657 0.030000 5.385113 0.030000 2.056796 0.030000 1.791861 0.030000 2.668715 0.030000 2.775588 0.030000 7.425393 0.030000 7.646156 0.030000 5.448962 0.030000 5.702921 0.030000
5.435920 0.030000 5.410956 0.030000 2.050702 0.030000 1.880667 0.030000 2.623274 0.030000 2.816078 0.030000 7.488883 0.030000 7.650790 0.030000 5.469306 0.030000 5.685834 0.030000
5.491843 0.030000 5.313912 0.030000 2.130640 0.030000 1.838002 0.030000 2.601995 0.030000 2.733189 0.030000 8.225959 0.150000 7.625449 0.030000 5.452429 0.030000 5.688730 0.030000
5.455794 0.030000 5.412200 0.030000 2.112661 0.030000 1.889815 0.030000 2.660228 0.030000 2.751393 0.150000 7.420757 0.030000 7.604533 0.030000 6.070466 0.150000 5.626024 0.030000
5.449731 0.030000 5.404647 0.030000 2.118436 0.030000 1.914718 0.030000 2.848489 0.150000 2.755598 0.030000 7.457386 0.030000 7.749283 0.150000 5.440178 0.030000 5.644395 0.030000
5.463092 0.030000 5.449074 0.030000 2.167482 0.030000 1.956244 0.030000 2.610124 0.030000 2.696226 0.030000 7.459062 0.030000 7.568262 0.030000 5.415561 0.030000 5.655101 0.030000
5.524246 0.030000 5.401164 0.030000 2.097540 0.030000 1.956858 0.030000 2.569904 0.030000 2.739462 0.030000 8.216103 0.150000 7.604058 0.030000 5.386758 0.030000 5.645032 0.030000
5.628593 0.150000 5.394055 0.030000 2.035487 0.150000 1.937220 0.030000 2.610417 0.030000 2.740734 0.030000 7.442187 0.030000 7.562317 0.030000 5.358078 0.030000 5.608560 0.030000
5.513586 0.030000 5.467943 0.150000 2.126048 0.030000 1.953789 0.030000 2.569959 0.030000 2.728230 0.030000 7.406377 0.030000 7.565488 0.030000 5.329325 0.030000 5.615687 0.030000
5.508687 0.030000 5.412844 0.030000 3.411990 0.150000 2.113090 0.150000 2.571588 0.030000 2.617388 0.030000 7.373509 0.030000 7.563943 0.030000 5.415746 0.030000 5.618740 0.030000
5.486507 0.030000 5.437637 0.030000 2.151326 0.030000 1.926734 0.030000 2.555111 0.030000 2.641912 0.030000 7.456691 0.150000 7.564472 0.030000 5.370742 0.030000 5.578244 0.030000
5.536275 0.030000 5.401984 0.030000 2.185739 0.030000 1.992441 0.030000 2.554154 0.030000 2.703304 0.030000 7.393916 0.030000 7.585174 0.030000 5.311607 0.030000 5.561788 0.030000
5.539952 0.030000 5.439515 0.030000 2.284043 0.030000 1.961550 0.030000 2.572244 0.030000 2.705891 0.030000 7.385003 0.030000 7.557511 0.030000 5.314256 0.030000 5.572311 0.030000
5.576732 0.030000 5.414427 0.030000 2.210773 0.030000 2.963873 0.150000 2.601666 0.030000 2.430654 0.150000 7.395688 0.030000 7.554221 0.030000 5.826525 0.150000 5.576215 0.030000
5.524949 0.030000 5.424390 0.030000 2.205692 0.030000 2.028287 0.030000 2.546868 0.030000 2.712558 0.030000 7.389398 0.030000 7.979841 0.150000 5.272668 0.030000 5.532820 0.030000
5.537764 0.030000 5.491414 0.030000 2.236615 0.030000 2.022599 0.030000 2.602463 0.030000 2.652571 0.030000 7.366663 0.030000 7.530495 0.030000 5.578365 0.150000 5.575429 0.030000
5.527090 0.030000 5.463854 0.030000 2.251472 0.150000 2.028887 0.030000 2.553065 0.030000 2.669978 0.030000 7.349496 0.030000 7.517100 0.030000 5.300812 0.030000 5.538809 0.030000
5.544448 0.030000 5.427042 0.030000 2.247632 0.030000 2.039537 0.030000 2.512055 0.030000 2.638442 0.030000 7.352597 0.030000 7.512476 0.030000 5.868335 0.150000 5.542622 0.030000
5.573642 0.030000 5.521129 0.150000 2.256011 0.030000 2.016953 0.030000 2.533537 0.030000 2.644473 0.030000 7.395655 0.030000 7.487204 0.030000 5.264952 0.030000 5.511099 0.030000
5.534534 0.030000 5.405191 0.030000 2.290701 0.030000 2.068674 0.030000 2.516956 0.030000 2.609505 0.030000 7.344470 0.030000 7.467267 0.030000 5.239222 0.030000 5.513138 0.030000
5.566341 0.030000 5.439707 0.030000 2.273847 0.030000 2.044240 0.030000 2.557526 0.030000 2.706811 0.030000 7.343270 0.030000 7.433169 0.030000 5.276304 0.030000 5.510887 0.030000
5.499497 0.030000 5.444505 0.030000 2.153394 0.150000 2.085075 0.030000 2.577853 0.030000 2.629612 0.030000 7.310692 0.030000 7.513065 0.030000 5.252597 0.030000 5.484999 0.030000
5.560148 0.030000 5.828878 0.150000 2.281126 0.030000 2.089063 0.030000 2.521556 0.030000 2.656127 0.030000 7.367871 0.030000 7.526005 0.030000 5.205461 0.030000 5.467312 0.030000
5.565796 0.030000 5.449992 0.030000 2.303811 0.030000 2.103754 0.030000 2.511347 0.030000 2.619050 0.030000 7.312812 0.030000 7.506692 0.030000 5.028858 0.150000 5.473540 0.030000
5.603648 0.030000 5.486813 0.030000 2.733648 0.150000 2.082920 0.030000 3.711458 0.150000 2.626304 0.030000 7.317118 0.030000 7.473130 0.030000 5.289750 0.030000 5.743511 0.150000
5.598080 0.030000 5.462208 0.030000 2.341961 0.030000 2.083988 0.030000 2.530464 0.030000 3.188392 0.150000 7.327644 0.030000 7.447214 0.150000 5.235325 0.030000 5.475592 0.030000
5.603541 0.030000 5.513644 0.030000 2.308425 0.030000 2.110414 0.030000 2.467273 0.030000 2.625623 0.030000 7.299971 0.030000 7.458912 0.030000 5.212660 0.030000 5.468902 0.030000
5.588182 0.030000 5.462393 0.030000 2.347908 0.030000 2.875817 0.150000 2.494580 0.030000 2.620136 0.030000 7.344985 0.030000 7.465312 0.030000 5.217862 0.030000 5.464358 0.030000
5.538740 0.030000 5.488781 0.030000 2.318073 0.030000 2.061348 0.030000 2.463598 0.030000 2.621866 0.030000 7.275381 0.030000 7.489054 0.030000 5.225951 0.030000 5.516673 0.030000
5.625342 0.030000 5.499392 0.030000 2.308791 0.030000 2.132876 0.030000 2.539423 0.030000 2.578326 0.030000 7.765950 0.150000 7.476662 0.030000 5.199566 0.030000 5.400409 0.030000
5.593109 0.030000 5.478394 0.030000 2.347764 0.030000 2.130511 0.030000 2.495906 0.030000 2.637438 0.030000 7.276213 0.030000 7.448672 0.030000 5.171709 0.030000 5.726515 0.150000
5.605648 0.030000 5.479259 0.030000 2.366504 0.030000 2.412284 0.150000 2.483967 0.030000 2.695953 0.150000 7.234914 0.030000 7.454807 0.030000 5.166010 0.030000 5.417953 0.030000
5.574522 0.030000 5.494079 0.030000 2.328457 0.030000 2.138148 0.030000 2.517732 0.030000 2.621193 0.030000 7.278931 0.030000 7.440655 0.030000 5.196114 0.030000 5.451762 0.030000
5.815982 0.150000 6.090141 0.150000 2.378943 0.030000 2.142213 0.030000 2.429760 0.030000 2.623548 0.030000 7.256700 0.030000 7.412553 0.030000 5.147435 0.030000 5.378310 0.030000
5.623593 0.030000 5.552281 0.030000 2.361977 0.030000 2.136800 0.030000 2.456777 0.030000 2.651835 0.030000 7.254586 0.030000 7.697887 0.150000 5.155191 0.030000 5.352945 0.030000
5.611422 0.030000 5.521087 0.030000 2.369450 0.030000 2.111908 0.030000 2.417331 0.030000 2.614015 0.030000 7.299789 0.030000 7.428208 0.030000 5.855541 0.150000 5.178152 0.150000
5.900875 0.150000 5.547557 0.030000 2.389663 0.030000 2.131032 0.030000 2.423279 0.030000 2.727798 0.150000 7.208175 0.030000 7.384518 0.030000 5.169420 0.030000 5.354204 0.030000
5.607558 0.030000 5.565223 0.030000 2.649723 0.150000 2.144405 0.030000 2.451607 0.030000 2.607635 0.030000 7.243875 0.030000 7.468107 0.030000 5.099135 0.030000 5.373735 0.030000
5.607512 0.030000 5.494530 0.030000 2.639523 0.150000 2.002557 0.150000 2.427050 0.030000 2.556793 0.030000 7.244871 0.030000 7.381264 0.030000 5.121975 0.030000 6.241670 0.150000
5.653142 0.030000 5.553064 0.030000 2.328339 0.030000 2.113987 0.030000 2.426582 0.030000 2.540474 0.030000 8.045285 0.150000 7.384545 0.030000 4.964620 0.150000 5.365683 0.030000
5.626872 0.030000 5.499984 0.030000 2.421592 0.030000 2.180999 0.030000 2.522892 0.150000 2.772917 0.150000 7.202754 0.150000 7.401765 0.030000 5.111006 0.030000 5.321632 0.030000
5.675747 0.030000 5.558688 0.030000 2.427060 0.030000 2.192609 0.030000 2.871224 0.150000 2.586790 0.030000 7.227120 0.030000 7.396957 0.030000 5.078479 0.030000 5.395472 0.030000
5.638953 0.030000 5.497764 0.030000 2.404371 0.030000 2.182822 0.030000 2.485589 0.030000 2.585012 0.030000 7.235042 0.030000 7.404307 0.030000 5.132653 0.150000 5.355787 0.030000
5.638005 0.030000 5.578625 0.030000 2.437528 0.030000 2.246607 0.150000 2.439845 0.030000 3.205829 0.150000 7.262496 0.030000 7.399002 0.030000 5.100634 0.030000 5.365539 0.030000
5.613433 0.030000 5.540148 0.030000 2.402023 0.030000 2.186491 0.030000 2.440839 0.030000 2.550761 0.030000 7.257902 0.030000 7.400897 0.030000 5.105134 0.030000 5.250689 0.150000
5.784861 0.150000 5.505283 0.030000 2.500992 0.030000 2.177941 0.030000 3.023295 0.150000 2.544443 0.030000 7.236794 0.030000 7.396327 0.030000 5.143141 0.030000 5.305868 0.030000
5.850218 0.150000 5.559045 0.030000 2.460162 0.030000 2.247214 0.030000 2.454684 0.030000 2.552161 0.030000 7.215673 0.030000 7.408576 0.030000 5.096883 0.030000 5.351726 0.030000
5.647240 0.030000 5.492420 0.030000 2.508127 0.030000 2.218433 0.030000 2.422042 0.030000 2.560616 0.030000 7.203929 0.030000 7.622001 0.150000 5.055415 0.030000 5.368971 0.030000
6.008122 0.150000 5.556356 0.030000 2.492293 0.030000 2.175511 0.030000 2.461145 0.030000 2.570443 0.030000 7.277488 0.030000 7.341106 0.030000 5.303190 0.150000 5.329840 0.030000
5.828201 0.150000 5.531272 0.030000 2.455369 0.030000 2.238068 0.030000 2.449845 0.030000 2.586677 0.030000 7.224665 0.030000 7.345793 0.030000 5.053844 0.030000 5.252498 0.030000
5.656034 0.030000 5.787101 0.150000 2.473617 0.030000 2.233189 0.030000 2.422013 0.030000 2.482493 0.030000 7.166183 0.030000 7.375093 0.030000 5.082993 0.150000 5.293842 0.030000
5.676603 0.030000 5.556464 0.030000 2.492042 0.030000 2.179952 0.030000 2.449612 0.030000 2.518358 0.030000 7.070363 0.150000 7.311997 0.030000 5.002178 0.030000 5.276496 0.030000
5.648663 0.030000 5.513160 0.030000 2.477788 0.030000 2.217964 0.030000 2.383939 0.030000 2.550580 0.030000 7.205182 0.030000 7.712365 0.150000 5.030689 0.030000 5.303587 0.030000
5.666214 0.030000 5.554423 0.150000 2.466871 0.030000 2.256284 0.030000 2.394838 0.030000 3.230479 0.150000 7.175000 0.030000 7.296939 0.150000 5.020705 0.030000 5.284648 0.030000
5.687866 0.030000 5.545185 0.030000 2.529647 0.030000 2.256533 0.030000 2.423055 0.030000 2.500970 0.030000 7.191227 0.030000 7.358423 0.030000 5.041025 0.030000 5.298519 0.030000
5.668385 0.030000 5.517832 0.030000 2.457364 0.030000 2.207413 0.030000 2.406234 0.030000 2.503969 0.030000 7.486009 0.150000 7.335811 0.030000 5.006765 0.030000 5.264497 0.030000
5.656350 0.030000 5.595129 0.030000 2.493590 0.030000 2.227442 0.030000 2.407753 0.030000 2.490802 0.030000 7.137235 0.030000 7.371407 0.030000 5.034073 0.030000 5.337911 0.150000
5.654894 0.030000 5.612029 0.030000 2.491293 0.030000 2.279002 0.030000 2.395556 0.030000 2.460395 0.030000 7.184882 0.030000 7.305986 0.030000 5.051453 0.030000 5.280271 0.030000
5.690327 0.030000 5.585140 0.030000 2.545986 0.030000 2.230632 0.030000 2.384258 0.030000 2.535355 0.030000 7.148993 0.030000 7.314619 0.030000 5.001161 0.030000 5.249151 0.030000
5.931573 0.150000 5.565618 0.150000 3.345986 0.150000 2.272884 0.030000 2.390234 0.030000 2.500163 0.030000 7.191613 0.030000 7.372846 0.030000 5.022888 0.030000 5.270168 0.030000
5.639947 0.030000 5.581400 0.030000 2.469142 0.030000 2.524228 0.150000 2.440973 0.030000 2.524300 0.030000 7.154294 0.030000 7.334421 0.030000 5.052640 0.030000 5.240859 0.030000
5.633991 0.030000 5.581601 0.030000 2.528773 0.030000 2.246847 0.030000 2.375373 0.030000 2.590847 0.030000 7.168238 0.030000 7.354609 0.030000 5.032319 0.030000 5.266657 0.030000
5.633693 0.030000 5.551179 0.030000 2.466605 0.030000 2.241121 0.030000 2.275456 0.030000 2.530859 0.030000 7.131566 0.030000 7.381676 0.150000 4.845283 0.150000 5.221649 0.030000
5.644661 0.030000 5.586165 0.030000 2.529607 0.030000 2.279464 0.030000 2.378383 0.030000 2.573648 0.030000 7.148534 0.030000 7.357786 0.030000 5.047384 0.150000 5.219555 0.030000
5.617243 0.030000 5.573699 0.030000 2.522720 0.030000 2.301709 0.030000 2.357297 0.030000 2.546738 0.030000 7.112088 0.030000 7.360557 0.030000 5.013199 0.030000 5.237840 0.030000
5.620016 0.030000 5.632036 0.030000 2.542170 0.030000 2.269218 0.030000 2.370447 0.030000 2.579702 0.030000 7.050615 0.030000 7.346528 0.030000 5.041575 0.030000 5.243258 0.030000
5.620458 0.030000 5.585601 0.030000 2.580635 0.030000 2.262428 0.030000 2.314831 0.030000 2.514793 0.030000 7.158642 0.030000 7.384771 0.030000 5.150144 0.150000 5.241987 0.030000
5.616663 0.030000 5.569284 0.030000 2.486110 0.030000 2.313285 0.030000 2.379333 0.030000 2.521418 0.030000 7.125159 0.030000 7.373397 0.150000 5.002498 0.030000 5.173226 0.030000
5.607485 0.030000 5.609433 0.030000 2.531508 0.030000 2.039455 0.150000 2.307033 0.030000 2.567627 0.030000 7.081609 0.030000 7.347381 0.030000 4.989474 0.030000 5.228724 0.030000
5.607101 0.030000 5.627255 0.030000 2.605947 0.030000 2.323911 0.030000 2.319158 0.030000 2.274615 0.150000 7.061861 0.030000 7.312345 0.030000 4.996975 0.030000 5.163934 0.030000
5.570242 0.030000 5.624114 0.030000 2.567354 0.030000 2.314384 0.030000 2.276677 0.030000 2.602602 0.030000 7.118589 0.030000 7.627167 0.150000 4.972487 0.030000 5.163893 0.030000
5.620684 0.030000 5.674715 0.030000 2.568332 0.030000 2.349497 0.030000 2.308533 0.030000 2.518841 0.030000 7.089157 0.030000 7.366186 0.030000 4.983280 0.030000 5.231141 0.030000
5.575756 0.030000 6.110935 0.150000 2.581247 0.030000 2.351609 0.030000 2.252611 0.030000 2.474772 0.030000 7.112060 0.030000 7.300064 0.030000 4.996395 0.030000 5.187235 0.030000
5.604799 0.030000 5.662667 0.030000 2.605818 0.030000 2.330566 0.030000 2.292754 0.030000 2.494378 0.030000 7.061332 0.030000 7.307598 0.030000 5.037592 0.150000 5.099439 0.030000
5.576720 0.030000 5.702868 0.030000 2.564796 0.030000 2.364918 0.030000 2.330442 0.150000 2.474109 0.030000 6.995123 0.030000 7.317251 0.030000 4.944901 0.030000 5.095418 0.030000
5.548060 0.030000 5.629759 0.030000 2.601740 0.030000 2.407883 0.030000 2.224831 0.030000 2.513463 0.030000 7.009352 0.030000 7.274797 0.030000 5.050891 0.030000 5.112402 0.030000
5.478999 0.030000 5.690898 0.030000 2.631630 0.030000 2.392623 0.030000 2.226493 0.030000 2.428510 0.030000 7.025813 0.030000 7.261539 0.030000 5.042019 0.030000 5.050801 0.030000
5.529171 0.030000 5.665094 0.030000 2.762862 0.150000 2.426361 0.030000 2.248686 0.030000 2.448463 0.030000 7.022497 0.030000 7.189508 0.030000 5.034857 0.030000 5.070557 0.030000
5.464148 0.030000 5.605280 0.030000 2.600934 0.030000 2.450502 0.030000 2.180062 0.030000 2.497711 0.030000 6.954115 0.030000 7.255251 0.030000 5.087374 0.030000 5.085573 0.030000
5.421316 0.030000 5.663729 0.030000 2.596159 0.030000 2.442194 0.030000 2.214594 0.030000 2.426285 0.030000 6.991235 0.030000 7.186372 0.030000 5.043524 0.030000 5.033072 0.030000
5.399810 0.030000 5.606258 0.030000 2.609965 0.030000 2.485803 0.030000 2.144092 0.030000 2.366470 0.030000 6.947026 0.030000 7.157700 0.030000 5.054229 0.030000 5.101592 0.030000
5.446277 0.030000 5.634458 0.030000 2.616299 0.030000 2.498068 0.030000 2.156862 0.030000 2.672256 0.150000 7.024103 0.030000 7.141731 0.030000 5.039774 0.030000 5.044855 0.030000
5.425348 0.030000 5.639579 0.030000 2.568146 0.030000 2.513922 0.030000 2.133640 0.030000 2.396428 0.030000 6.908686 0.030000 7.142416 0.030000 5.069336 0.030000 5.071020 0.030000
5.420056 0.030000 5.642707 0.030000 2.637085 0.030000 2.479405 0.030000 2.345131 0.150000 2.344178 0.030000 6.894779 0.030000 7.166307 0.030000 5.025041 0.030000 5.029560 0.030000
5.418298 0.030000 5.641075 0.030000 2.647100 0.030000 2.576173 0.030000 2.151418 0.030000 2.360370 0.030000 6.947881 0.030000 7.112923 0.030000 5.055541 0.030000 5.058150 0.030000
5.334773 0.030000 5.584377 0.030000 2.588826 0.030000 2.487512 0.030000 2.180918 0.150000 2.322838 0.030000 6.871652 0.030000 7.109471 0.030000 5.101959 0.030000 5.006895 0.030000
5.311208 0.030000 5.525908 0.030000 2.624180 0.030000 2.537986 0.030000 2.133338 0.030000 2.347295 0.030000 6.915557 0.030000 7.122572 0.030000 5.054728 0.030000 5.065076 0.030000
5.382707 0.030000 5.549467 0.030000 2.647157 0.030000 2.508479 0.030000 2.076247 0.030000 2.282204 0.030000 6.885962 0.030000 7.091156 0.030000 5.707972 0.150000 5.040468 0.030000
5.385937 0.030000 5.586830 0.030000 2.654117 0.030000 2.572494 0.030000 2.020597 0.030000 2.311494 0.030000 7.692021 0.150000 7.084324 0.030000 5.658478 0.150000 5.040494 0.030000
5.344698 0.030000 5.595048 0.030000 2.654089 0.030000 3.258283 0.150000 2.054298 0.030000 2.211232 0.030000 6.887823 0.030000 7.045395 0.030000 5.095660 0.030000 5.075448 0.030000
5.304998 0.030000 5.523299 0.030000 2.652238 0.030000 2.510581 0.030000 2.051950 0.030000 2.221200 0.030000 6.910188 0.030000 7.007468 0.030000 5.118137 0.030000 4.968289 0.030000
5.300624 0.030000 5.583026 0.030000 2.668741 0.030000 2.597337 0.030000 2.047570 0.030000 2.256434 0.030000 6.856752 0.030000 7.082317 0.030000 5.110276 0.030000 5.082987 0.030000
5.310566 0.030000 5.515109 0.030000 2.654493 0.030000 2.640046 0.030000 2.054360 0.030000 2.223228 0.030000 6.836706 0.150000 7.037535 0.030000 5.104044 0.030000 5.099636 0.030000
5.224140 0.030000 5.515670 0.030000 2.670790 0.030000 2.582931 0.030000 1.955136 0.030000 2.200039 0.030000 6.800309 0.030000 6.975659 0.030000 5.168988 0.030000 5.046500 0.030000
5.227708 0.030000 5.493179 0.030000 2.708513 0.030000 2.556134 0.030000 2.032132 0.030000 2.168699 0.030000 6.787800 0.030000 6.961458 0.030000 5.141671 0.030000 5.070458 0.030000
5.228265 0.030000 5.448911 0.030000 3.197758 0.150000 2.602494 0.030000 1.991655 0.030000 2.194061 0.030000 6.794371 0.030000 6.964566 0.030000 5.105732 0.030000 5.026239 0.030000
5.245415 0.030000 5.473509 0.030000 2.725045 0.030000 3.000657 0.150000 1.985829 0.030000 2.177418 0.030000 7.228108 0.150000 6.948800 0.030000 5.103396 0.030000 5.056983 0.030000
5.259332 0.030000 5.364563 0.030000 2.698447 0.030000 2.595436 0.030000 1.987309 0.030000 2.224007 0.030000 6.778808 0.030000 9.895285 0.150000 5.113140 0.030000 5.070763 0.030000
5.215457 0.030000 5.450458 0.030000 2.948161 0.150000 2.633794 0.030000 1.864536 0.030000 2.186543 0.030000 6.750558 0.030000 6.957520 0.030000 5.148561 0.030000 5.073999 0.030000
5.173314 0.030000 5.418353 0.030000 2.740827 0.030000 2.587860 0.030000 1.917987 0.030000 2.153289 0.030000 7.233182 0.150000 7.221985 0.150000 5.130925 0.030000 5.028914 0.030000
5.193253 0.030000 5.373502 0.030000 2.727856 0.030000 2.754360 0.150000 2.080923 0.150000 2.145300 0.030000 6.778333 0.030000 6.974265 0.030000 5.102033 0.030000 5.057345 0.030000
5.472380 0.150000 5.380916 0.030000 2.709365 0.030000 2.578343 0.030000 1.891722 0.030000 2.188859 0.030000 6.805018 0.030000 7.013357 0.150000 6.111653 0.150000 5.151554 0.030000
5.143013 0.030000 5.328713 0.030000 2.768418 0.030000 2.588155 0.030000 1.947050 0.030000 2.143449 0.030000 6.813350 0.150000 6.861014 0.030000 5.125581 0.030000 5.073955 0.030000
5.151347 0.030000 5.362371 0.030000 2.772683 0.030000 2.849817 0.150000 1.855046 0.030000 2.080271 0.030000 6.712849 0.030000 6.862477 0.030000 5.048816 0.030000 5.096371 0.150000
5.146080 0.030000 5.373261 0.030000 2.738155 0.150000 2.637593 0.030000 1.936963 0.030000 2.133995 0.030000 6.728819 0.030000 6.984555 0.030000 5.068317 0.030000 5.087353 0.030000
5.099012 0.030000 5.321959 0.030000 2.797462 0.030000 3.188329 0.150000 1.879384 0.030000 2.119442 0.030000 6.670885 0.030000 6.916982 0.030000 5.129220 0.030000 5.122775 0.030000
5.037034 0.030000 5.331181 0.030000 2.764956 0.030000 2.638916 0.030000 1.854892 0.030000 2.015417 0.030000 6.740930 0.030000 6.907783 0.030000 5.148383 0.030000 5.128220 0.030000
5.269627 0.150000 5.312377 0.030000 2.775251 0.030000 2.658004 0.030000 1.820127 0.030000 2.051125 0.030000 6.706610 0.030000 6.925764 0.030000 5.291096 0.150000 5.048841 0.030000
5.084143 0.030000 5.279449 0.030000 2.823211 0.030000 3.860788 0.150000 1.838445 0.030000 1.959003 0.030000 6.654502 0.030000 6.870161 0.030000 5.163956 0.030000 5.086468 0.030000
5.815924 0.150000 5.280759 0.030000 2.822573 0.030000 2.705574 0.030000 1.859011 0.030000 2.014885 0.030000 6.653813 0.030000 6.818517 0.030000 5.183285 0.030000 5.121954 0.030000
5.046666 0.030000 5.255075 0.030000 2.770170 0.030000 3.073898 0.150000 1.883763 0.030000 2.039538 0.030000 6.650370 0.030000 6.876722 0.030000 5.167842 0.030000 5.098435 0.030000
5.228743 0.150000 5.279007 0.030000 2.800660 0.030000 2.713127 0.030000 1.814441 0.030000 2.021828 0.030000 6.673815 0.030000 6.851243 0.030000 5.190403 0.030000 5.111611 0.030000
4.964638 0.030000 5.235253 0.030000 2.859032 0.030000 2.711455 0.030000 1.766056 0.030000 1.999339 0.030000 6.628351 0.030000 6.835346 0.030000 5.230051 0.030000 5.611031 0.150000
5.025631 0.030000 5.257908 0.030000 2.878074 0.030000 2.715987 0.030000 1.715200 0.030000 1.994366 0.030000 6.614832 0.030000 6.805044 0.030000 5.211147 0.030000 5.152052 0.030000
5.016364 0.030000 5.276805 0.030000 2.870385 0.030000 2.742437 0.030000 1.690874 0.030000 1.897073 0.030000 6.610822 0.030000 7.254417 0.150000 5.161585 0.030000 5.131938 0.030000
4.997012 0.030000 5.171709 0.030000 2.931280 0.030000 2.782599 0.030000 1.756159 0.030000 1.936657 0.030000 6.627132 0.030000 6.747599 0.030000 5.191542 0.030000 5.180884 0.030000
4.956201 0.030000 5.179923 0.030000 2.884568 0.030000 2.729231 0.030000 1.699631 0.030000 1.931153 0.030000 6.659474 0.030000 6.807085 0.030000 5.188359 0.030000 5.109739 0.030000
4.945707 0.030000 5.183154 0.030000 2.832519 0.030000 2.749143 0.030000 1.705348 0.030000 2.190205 0.150000 6.621831 0.030000 6.772801 0.030000 5.213987 0.030000 5.119408 0.030000
4.947790 0.030000 5.199018 0.030000 3.176935 0.150000 2.788589 0.030000 1.700815 0.030000 1.903247 0.150000 6.567158 0.030000 6.715043 0.030000 5.188059 0.030000 5.102758 0.030000
4.937517 0.030000 5.182294 0.030000 2.870248 0.030000 2.760249 0.030000 1.695365 0.030000 1.898715 0.030000 6.592499 0.030000 6.713953 0.030000 5.199847 0.030000 5.191199 0.030000
4.944713 0.030000 5.202187 0.030000 3.062118 0.150000 2.769713 0.030000 1.968502 0.150000 1.889811 0.030000 6.566147 0.030000 6.754076 0.030000 5.208027 0.030000 5.144367 0.030000
4.928861 0.030000 5.133826 0.030000 3.239982 0.150000 2.789959 0.030000 1.641447 0.030000 1.902889 0.030000 6.554090 0.030000 6.730760 0.030000 5.238993 0.030000 5.150948 0.030000
5.171606 0.150000 5.112735 0.030000 2.966021 0.030000 2.753744 0.030000 1.664870 0.030000 1.865364 0.030000 6.517440 0.030000 6.732770 0.030000 5.286009 0.030000 5.123585 0.030000
4.813511 0.150000 5.132783 0.030000 2.964924 0.030000 2.773052 0.030000 1.625025 0.030000 1.832203 0.030000 6.513689 0.030000 6.851658 0.150000 5.801041 0.150000 5.159849 0.030000
4.873046 0.030000 5.059464 0.030000 2.967005 0.030000 2.821856 0.030000 1.621615 0.030000 1.992565 0.150000 6.565148 0.030000 6.742087 0.030000 5.216599 0.030000 5.175166 0.030000
4.863581 0.030000 5.069642 0.030000 2.964056 0.030000 2.807428 0.030000 1.570327 0.030000 1.819711 0.030000 6.490969 0.030000 6.710796 0.030000 5.174647 0.030000 5.215615 0.030000
4.815198 0.030000 5.129561 0.150000 2.943686 0.030000 2.835898 0.030000 1.625080 0.030000 1.781293 0.030000 6.526803 0.030000 6.723389 0.030000 5.249252 0.030000 5.167130 0.030000
4.816040 0.030000 5.073008 0.030000 2.930156 0.030000 2.875222 0.030000 1.868677 0.150000 1.829449 0.030000 6.451596 0.030000 6.652043 0.030000 5.267846 0.030000 5.150613 0.030000
4.839451 0.030000 5.046455 0.030000 2.984684 0.030000 2.953222 0.030000 1.536411 0.030000 1.744628 0.030000 6.474381 0.030000 6.623662 0.030000 5.253854 0.030000 5.175764 0.030000
4.827535 0.030000 5.021810 0.030000 3.045279 0.030000 2.882450 0.030000 1.607419 0.030000 1.761595 0.030000 6.503721 0.030000 6.721485 0.030000 5.423995 0.150000 5.157097 0.030000
4.796205 0.030000 4.998352 0.150000 3.020619 0.030000 2.848554 0.030000 1.504249 0.030000 1.780272 0.030000 6.450919 0.030000 6.606302 0.030000 5.226952 0.030000 5.182045 0.030000
4.804591 0.030000 5.031828 0.030000 3.028427 0.030000 2.915489 0.030000 1.509377 0.030000 1.738973 0.030000 6.414887 0.030000 6.584321 0.030000 5.283537 0.030000 5.179321 0.030000
5.486678 0.150000 4.979428 0.030000 3.019155 0.030000 2.865154 0.030000 1.547758 0.030000 1.745420 0.030000 6.449742 0.030000 6.584039 0.030000 5.273676 0.030000 5.155257 0.030000
4.760293 0.030000 4.982220 0.030000 3.032950 0.030000 2.863942 0.030000 1.556235 0.030000 1.649041 0.030000 6.870629 0.150000 6.708875 0.150000 5.268962 0.030000 5.400137 0.150000
4.736652 0.030000 4.955366 0.030000 3.030111 0.030000 2.908737 0.030000 1.725344 0.150000 1.652510 0.030000 6.355121 0.030000 6.555623 0.030000 5.243679 0.030000 5.142708 0.030000
4.713959 0.030000 4.905631 0.030000 3.084056 0.030000 2.934508 0.030000 1.477454 0.030000 1.693252 0.030000 6.349858 0.030000 6.615848 0.030000 5.269767 0.030000 5.170521 0.030000
4.786537 0.030000 4.963374 0.030000 3.067017 0.030000 2.900232 0.030000 1.487973 0.030000 1.715477 0.030000 6.441321 0.030000 6.617444 0.030000 5.279504 0.030000 5.799488 0.150000
4.666171 0.030000 4.905769 0.030000 3.099350 0.030000 2.927487 0.030000 1.498384 0.030000 1.650931 0.030000 6.361479 0.030000 6.585131 0.030000 5.306509 0.030000 5.138340 0.030000
4.679701 0.030000 4.879788 0.030000 3.030679 0.150000 2.933425 0.030000 1.473266 0.030000 1.728497 0.030000 6.359540 0.030000 6.509550 0.030000 5.278476 0.030000 5.223061 0.030000
4.683364 0.030000 4.901299 0.030000 3.129680 0.030000 2.952028 0.030000 1.450671 0.030000 1.687056 0.030000 6.338984 0.030000 6.548676 0.030000 5.321619 0.030000 5.226622 0.030000
4.664203 0.030000 4.877918 0.030000 3.047762 0.150000 2.967874 0.030000 1.444023 0.030000 1.611115 0.030000 6.399358 0.030000 6.480423 0.030000 5.310201 0.030000 5.293112 0.030000
4.611699 0.030000 4.884309 0.030000 3.163455 0.030000 2.989177 0.030000 1.467132 0.030000 1.620639 0.030000 6.348072 0.030000 6.515894 0.030000 5.322386 0.030000 5.208336 0.030000
4.639599 0.030000 4.831728 0.030000 3.186638 0.030000 2.932116 0.030000 1.427225 0.030000 1.597078 0.030000 6.371492 0.030000 6.528067 0.030000 5.341905 0.030000 5.636744 0.150000
4.643412 0.030000 4.777694 0.030000 3.122234 0.030000 2.965748 0.030000 1.429329 0.030000 1.511708 0.030000 6.298646 0.030000 6.475795 0.030000 5.343747 0.030000 5.215799 0.030000
4.645315 0.030000 4.795016 0.030000 3.148664 0.030000 3.035164 0.030000 1.444380 0.030000 1.636558 0.030000 7.323168 0.150000 6.465943 0.030000 5.305824 0.030000 5.180546 0.030000
4.592254 0.030000 4.800628 0.030000 3.138639 0.030000 2.986189 0.030000 1.375830 0.030000 1.609319 0.030000 6.325484 0.030000 6.495938 0.030000 5.328883 0.030000 5.259783 0.030000
4.648772 0.030000 4.831129 0.030000 3.304179 0.150000 3.037592 0.030000 1.414446 0.030000 1.549999 0.030000 6.339017 0.030000 6.467967 0.030000 5.357033 0.030000 5.260708 0.030000
4.577925 0.030000 4.781364 0.030000 3.774935 0.150000 2.946637 0.030000 1.369542 0.030000 1.580190 0.030000 6.342455 0.030000 6.423799 0.030000 5.357514 0.030000 5.365279 0.030000
4.607992 0.030000 4.812644 0.030000 3.204233 0.030000 3.027272 0.030000 1.362081 0.030000 1.566208 0.030000 6.327383 0.030000 6.475178 0.030000 5.401501 0.150000 5.253619 0.030000
4.549412 0.030000 4.744854 0.030000 3.167821 0.030000 3.048188 0.030000 1.341291 0.030000 1.622242 0.030000 6.306256 0.030000 6.967209 0.150000 5.304385 0.030000 5.244303 0.030000
4.573447 0.030000 5.042691 0.150000 3.858111 0.150000 3.056205 0.030000 1.378536 0.030000 1.511961 0.030000 6.260518 0.030000 6.516417 0.030000 5.561201 0.150000 5.222595 0.030000
4.519367 0.030000 4.676463 0.030000 3.214559 0.030000 3.039189 0.030000 1.361671 0.030000 1.523399 0.150000 6.223383 0.030000 6.418388 0.030000 5.312377 0.030000 5.306986 0.030000
4.454668 0.030000 4.742357 0.030000 3.227925 0.030000 3.031527 0.150000 1.298221 0.150000 1.475953 0.030000 6.299612 0.030000 6.404271 0.030000 5.372729 0.030000 5.330623 0.030000
4.678214 0.150000 4.723355 0.030000 3.279212 0.030000 3.084872 0.030000 1.526240 0.150000 1.483652 0.030000 6.207655 0.030000 6.398882 0.030000 5.359843 0.030000 5.276276 0.030000
4.786892 0.150000 4.697240 0.030000 3.514664 0.150000 3.094236 0.030000 1.303226 0.030000 1.487764 0.030000 6.208182 0.030000 6.348109 0.030000 5.317585 0.030000 5.326512 0.030000
4.473660 0.030000 4.722675 0.030000 3.312636 0.030000 3.079395 0.030000 1.286640 0.030000 1.441849 0.030000 6.171416 0.030000 6.365801 0.030000 5.414218 0.030000 5.285568 0.030000
4.490245 0.030000 4.670544 0.030000 3.496462 0.150000 3.100864 0.030000 1.322278 0.030000 1.483823 0.030000 6.163101 0.150000 6.372065 0.030000 5.372481 0.030000 5.477237 0.150000
4.412269 0.030000 4.654975 0.030000 3.293842 0.030000 3.130876 0.030000 1.295212 0.030000 1.402104 0.030000 6.169124 0.030000 6.596525 0.150000 5.442437 0.030000 5.294741 0.030000
4.477297 0.030000 4.636803 0.030000 3.330356 0.030000 3.191553 0.030000 1.246869 0.030000 1.348589 0.030000 6.204914 0.030000 6.335092 0.030000 5.439265 0.030000 5.580108 0.150000
4.461570 0.030000 4.772423 0.150000 3.296777 0.030000 3.126014 0.030000 1.318132 0.030000 1.459289 0.030000 6.185477 0.030000 6.693618 0.150000 5.431039 0.030000 5.367190 0.030000
4.410974 0.030000 4.621623 0.030000 3.440029 0.150000 3.224014 0.030000 1.227711 0.030000 1.419053 0.030000 6.158847 0.030000 6.343890 0.030000 5.436397 0.030000 5.314231 0.030000
4.459777 0.030000 4.617632 0.030000 3.367395 0.030000 3.144848 0.030000 1.274587 0.030000 1.391532 0.030000 6.134355 0.030000 6.316578 0.030000 5.415100 0.030000 5.344298 0.030000
4.406465 0.030000 4.591270 0.030000 3.303800 0.030000 3.199889 0.030000 1.162577 0.030000 1.352042 0.030000 6.120980 0.030000 6.326409 0.030000 5.427593 0.030000 5.343715 0.030000
4.402286 0.030000 4.585368 0.030000 3.318551 0.030000 3.194371 0.030000 1.256639 0.030000 1.322596 0.030000 6.110671 0.030000 6.278789 0.030000 6.011002 0.150000 5.326487 0.030000
4.396112 0.030000 4.611251 0.030000 3.417072 0.030000 3.407807 0.150000 1.263454 0.030000 1.351404 0.030000 6.117401 0.030000 6.264920 0.030000 5.537415 0.030000 5.371690 0.030000
4.367469 0.030000 4.551227 0.030000 3.435772 0.030000 3.167872 0.030000 1.294469 0.150000 1.364343 0.030000 6.136234 0.030000 6.299081 0.030000 5.406412 0.030000 5.359560 0.030000
4.316151 0.030000 4.553616 0.030000 3.389936 0.030000 3.222197 0.030000 1.227204 0.030000 1.363904 0.030000 6.104431 0.030000 6.303988 0.030000 5.449737 0.030000 5.334886 0.030000
4.305198 0.030000 4.567715 0.030000 3.416308 0.030000 3.165964 0.030000 1.166278 0.030000 1.936446 0.150000 6.506432 0.150000 6.213572 0.030000 5.411521 0.030000 5.395515 0.030000
4.345987 0.030000 4.523016 0.030000 3.438374 0.030000 3.266278 0.030000 1.147836 0.030000 1.338831 0.030000 6.097420 0.030000 6.310281 0.030000 5.437190 0.030000 5.361749 0.030000
4.322334 0.030000 4.553805 0.030000 3.420059 0.030000 3.318377 0.030000 1.271164 0.150000 1.310096 0.030000 6.042574 0.030000 6.250138 0.030000 5.689887 0.150000 5.334530 0.030000
4.282483 0.030000 4.418311 0.030000 3.430112 0.030000 3.240469 0.030000 1.251636 0.150000 1.268961 0.030000 6.050090 0.030000 6.229265 0.030000 5.795138 0.150000 5.369401 0.030000
4.304759 0.030000 4.431736 0.030000 3.425547 0.030000 3.287319 0.030000 1.175820 0.030000 1.285124 0.030000 6.025670 0.030000 6.235919 0.030000 5.493005 0.030000 5.329042 0.030000
4.294104 0.030000 4.479597 0.030000 4.055495 0.150000 3.269822 0.030000 1.167408 0.030000 1.300161 0.030000 6.051098 0.150000 6.202888 0.030000 5.453094 0.030000 5.309545 0.030000
4.284243 0.030000 4.494403 0.030000 3.527431 0.030000 3.239268 0.030000 1.253123 0.150000 1.242519 0.030000 6.044557 0.030000 7.001534 0.150000 5.531510 0.030000 5.421809 0.030000
4.242316 0.030000 4.467123 0.030000 3.522505 0.030000 3.314497 0.030000 1.164295 0.030000 1.260834 0.150000 6.017375 0.030000 6.196997 0.030000 5.484327 0.030000 5.410283 0.030000
4.162078 0.030000 4.471878 0.030000 3.515550 0.030000 3.271908 0.030000 1.149075 0.030000 1.346897 0.030000 6.051992 0.030000 6.246241 0.030000 5.510454 0.030000 5.415453 0.030000
4.236565 0.030000 4.441878 0.030000 3.521320 0.030000 3.255154 0.150000 1.136612 0.030000 1.235479 0.030000 6.721392 0.150000 6.161367 0.030000 5.506219 0.030000 5.380031 0.030000
4.224059 0.030000 4.434176 0.030000 3.753970 0.150000 3.299656 0.030000 1.137151 0.030000 1.252009 0.030000 5.972524 0.030000 6.130494 0.030000 5.472942 0.030000 5.473950 0.030000
4.235904 0.030000 4.431818 0.030000 3.504895 0.030000 3.324533 0.030000 1.122880 0.030000 1.265991 0.030000 6.031539 0.030000 6.133297 0.030000 5.492065 0.030000 5.432685 0.030000
4.207606 0.030000 4.666188 0.150000 3.553776 0.030000 3.308197 0.030000 1.121282 0.030000 1.195622 0.030000 5.980077 0.030000 6.147123 0.150000 5.914379 0.150000 5.401930 0.030000
4.153669 0.030000 4.389150 0.030000 3.519080 0.030000 4.261488 0.150000 1.086936 0.030000 1.392195 0.150000 6.008574 0.030000 6.175163 0.030000 5.526966 0.030000 5.386197 0.030000
4.138702 0.030000 4.251135 0.150000 3.604401 0.030000 3.386913 0.030000 1.099255 0.030000 1.183795 0.030000 5.960034 0.030000 6.142838 0.030000 5.774647 0.150000 5.423589 0.030000
4.150383 0.030000 4.385578 0.030000 3.890352 0.150000 3.375537 0.030000 1.131592 0.030000 1.148275 0.030000 5.958481 0.030000 6.109192 0.030000 5.578852 0.030000 5.397577 0.030000
4.200563 0.030000 4.401237 0.030000 3.574694 0.030000 3.388783 0.030000 1.108271 0.030000 1.206519 0.030000 6.336998 0.150000 6.122406 0.030000 5.580319 0.030000 5.475266 0.030000
4.141752 0.030000 4.335126 0.030000 3.650525 0.030000 3.415804 0.030000 1.136962 0.030000 1.443538 0.150000 5.924448 0.030000 6.121200 0.030000 5.588197 0.030000 5.464681 0.030000
4.115614 0.030000 4.356590 0.030000 3.609088 0.030000 3.412798 0.030000 1.072273 0.030000 1.211834 0.030000 5.926134 0.030000 6.063714 0.030000 5.582333 0.030000 5.927229 0.150000
4.108264 0.030000 4.338515 0.030000 3.605554 0.030000 3.471255 0.030000 1.083634 0.030000 1.130769 0.030000 5.886974 0.030000 6.331577 0.150000 5.550538 0.030000 5.475416 0.030000
4.084758 0.030000 4.304399 0.030000 3.675981 0.030000 3.450692 0.030000 1.094655 0.030000 1.148049 0.030000 5.858995 0.030000 6.088009 0.030000 5.579420 0.030000 5.487040 0.030000
4.114077 0.030000 4.299712 0.030000 3.630154 0.030000 3.475961 0.030000 1.047959 0.030000 1.139836 0.030000 5.907631 0.030000 6.082046 0.030000 5.596394 0.030000 5.436269 0.030000
4.228580 0.150000 4.305973 0.030000 3.660049 0.030000 3.440085 0.030000 1.059062 0.030000 1.139164 0.030000 5.876213 0.030000 6.054591 0.030000 5.572215 0.030000 5.484878 0.030000
4.020767 0.030000 4.238892 0.030000 3.593609 0.150000 3.467187 0.030000 1.068541 0.030000 1.129384 0.030000 5.852420 0.030000 6.057552 0.030000 5.635422 0.030000 5.512504 0.030000
3.969403 0.150000 4.250820 0.030000 3.635131 0.030000 3.505928 0.030000 1.047408 0.030000 1.089577 0.030000 5.883838 0.030000 6.006514 0.030000 5.605584 0.030000 5.508306 0.030000
4.649383 0.150000 4.235457 0.030000 3.699102 0.030000 3.489845 0.030000 0.991466 0.150000 1.163432 0.030000 5.856517 0.030000 6.045034 0.030000 5.620729 0.030000 5.489684 0.030000
4.059296 0.030000 4.233498 0.030000 3.669533 0.030000 3.511309 0.030000 1.048595 0.030000 1.098226 0.150000 5.891315 0.030000 5.966977 0.030000 5.588869 0.030000 5.514617 0.030000
4.039094 0.030000 4.224669 0.030000 4.203592 0.150000 3.577680 0.030000 1.091836 0.030000 1.084887 0.030000 5.858290 0.030000 6.006663 0.030000 5.683374 0.030000 5.592345 0.030000
3.986764 0.030000 4.229591 0.030000 3.801942 0.030000 3.557147 0.030000 0.994723 0.030000 1.072209 0.030000 5.820118 0.030000 5.959698 0.030000 5.673652 0.030000 5.489861 0.030000
3.926901 0.030000 4.204112 0.030000 3.757910 0.030000 3.580506 0.030000 1.041856 0.030000 1.055946 0.030000 5.812342 0.030000 5.976170 0.030000 5.594088 0.030000 5.588448 0.150000
4.004637 0.030000 4.228621 0.030000 3.718267 0.030000 3.585706 0.030000 1.094055 0.030000 1.469653 0.150000 5.793962 0.030000 5.900267 0.030000 5.612978 0.030000 5.529432 0.030000
4.030260 0.030000 4.158717 0.030000 3.780112 0.030000 3.559714 0.030000 1.034887 0.030000 1.052232 0.030000 5.844025 0.030000 5.978981 0.030000 5.595028 0.030000 5.523008 0.030000
3.957584 0.030000 4.154452 0.030000 3.772942 0.030000 3.635578 0.030000 1.053540 0.030000 1.060653 0.030000 5.861392 0.030000 5.958716 0.030000 5.661636 0.030000 5.524305 0.030000
3.904798 0.030000 4.100514 0.030000 3.820184 0.030000 3.624804 0.030000 1.004019 0.030000 1.025833 0.030000 5.850913 0.030000 5.951642 0.030000 5.702904 0.030000 5.606746 0.030000
4.011934 0.030000 4.130388 0.030000 3.838637 0.030000 3.571097 0.030000 0.972827 0.030000 1.345654 0.150000 5.783239 0.030000 6.008190 0.150000 5.732222 0.030000 5.521399 0.030000
3.873685 0.030000 4.796797 0.150000 3.879521 0.030000 3.691714 0.150000 1.043982 0.030000 1.077800 0.030000 5.765562 0.030000 5.876618 0.030000 5.695019 0.030000 5.578192 0.030000
3.993629 0.030000 4.726549 0.150000 4.224989 0.150000 3.649644 0.030000 1.014829 0.030000 1.094146 0.030000 5.777471 0.030000 5.899391 0.030000 5.748884 0.030000 5.921084 0.150000
3.951697 0.030000 4.103052 0.030000 3.843214 0.030000 3.676662 0.030000 1.011844 0.030000 1.082918 0.030000 5.757114 0.030000 5.857808 0.150000 5.690512 0.030000 5.618886 0.030000
3.895637 0.030000 4.118575 0.030000 3.864241 0.030000 3.630891 0.030000 1.035170 0.030000 1.045985 0.030000 5.739713 0.030000 5.884357 0.030000 5.680616 0.030000 5.585354 0.030000
3.927535 0.030000 4.342385 0.150000 3.842770 0.030000 3.662340 0.030000 0.975678 0.030000 1.049907 0.030000 5.753555 0.030000 5.844062 0.030000 5.780648 0.030000 5.607651 0.150000
3.896009 0.030000 4.032479 0.030000 3.874667 0.030000 3.672717 0.030000 1.010917 0.030000 1.024203 0.030000 5.706954 0.030000 6.526253 0.150000 5.616337 0.030000 5.580948 0.030000
3.843573 0.030000 4.042005 0.030000 3.896560 0.030000 3.748166 0.030000 1.018023 0.030000 0.971261 0.030000 5.678621 0.030000 6.129937 0.150000 5.727790 0.030000 5.592238 0.030000
3.836773 0.030000 4.031620 0.030000 3.891043 0.030000 3.664237 0.030000 0.974856 0.030000 1.070687 0.030000 5.749341 0.030000 5.897311 0.030000 5.708986 0.030000 5.561203 0.030000
3.850751 0.030000 4.013033 0.030000 3.883317 0.030000 3.725140 0.030000 0.833740 0.150000 1.031736 0.030000 5.716636 0.030000 5.828585 0.030000 5.773291 0.030000 5.936017 0.150000
4.165297 0.150000 3.997572 0.030000 3.908358 0.030000 3.722086 0.030000 1.021033 0.030000 1.010488 0.030000 5.711132 0.030000 6.361420 0.150000 5.736090 0.030000 5.670900 0.030000
3.839725 0.030000 4.037838 0.030000 3.983487 0.030000 3.741731 0.030000 1.709099 0.150000 0.972548 0.030000 5.696629 0.030000 5.863733 0.030000 5.776477 0.030000 5.621916 0.030000
3.845676 0.030000 3.971430 0.030000 3.920611 0.030000 3.735297 0.030000 1.036037 0.030000 1.019430 0.030000 5.724926 0.030000 5.855990 0.030000 5.819185 0.030000 5.625739 0.030000
3.768461 0.030000 4.434942 0.150000 3.972790 0.030000 3.802986 0.030000 1.278612 0.150000 1.001610 0.030000 5.690451 0.030000 5.808148 0.030000 5.808035 0.030000 5.676338 0.030000
3.817953 0.030000 4.015633 0.030000 4.021575 0.030000 3.770539 0.030000 1.033929 0.030000 1.044864 0.030000 6.040798 0.150000 5.771101 0.030000 5.806213 0.030000 5.627419 0.030000
3.792561 0.030000 3.976798 0.030000 3.966767 0.030000 3.783582 0.030000 1.022344 0.030000 1.063075 0.030000 5.619621 0.030000 5.710300 0.030000 5.994415 0.150000 5.692829 0.030000
4.127947 0.150000 3.979334 0.030000 3.993353 0.030000 3.799926 0.030000 1.068968 0.030000 0.988368 0.030000 5.664389 0.030000 5.771944 0.030000 6.172799 0.150000 5.705642 0.030000
3.688836 0.030000 3.946052 0.030000 3.931695 0.150000 3.755558 0.030000 0.994875 0.030000 1.030487 0.030000 5.620593 0.030000 5.800958 0.030000 5.806070 0.030000 5.655375 0.030000
3.789551 0.030000 3.941431 0.030000 4.039049 0.030000 3.860335 0.030000 1.032749 0.030000 0.989064 0.030000 5.659151 0.030000 5.766887 0.030000 5.808669 0.030000 5.664478 0.030000
3.749736 0.030000 3.876143 0.030000 3.996420 0.030000 3.838905 0.030000 1.031146 0.030000 1.016099 0.030000 5.570972 0.030000 5.758171 0.030000 5.776711 0.030000 5.718954 0.030000
3.716103 0.030000 3.889468 0.030000 4.057980 0.030000 3.877530 0.030000 0.976054 0.030000 1.427384 0.150000 6.662274 0.150000 5.757054 0.030000 5.847172 0.030000 5.718053 0.030000
3.710128 0.030000 3.865442 0.030000 4.044012 0.030000 3.834649 0.030000 1.023718 0.030000 1.036402 0.030000 5.618599 0.030000 5.731932 0.030000 5.783351 0.030000 5.650222 0.030000
3.704808 0.030000 3.914701 0.030000 4.048642 0.030000 3.894757 0.030000 1.039081 0.030000 0.995430 0.030000 5.584697 0.030000 5.768128 0.030000 5.864263 0.030000 5.709620 0.030000
3.650281 0.030000 3.899417 0.030000 4.117642 0.150000 3.886967 0.030000 1.018076 0.030000 0.984230 0.030000 7.161813 0.150000 5.705537 0.030000 5.832855 0.030000 5.702445 0.030000
3.672324 0.030000 3.873414 0.030000 4.117315 0.030000 3.853498 0.030000 1.041456 0.030000 0.985758 0.030000 5.614699 0.030000 5.744967 0.030000 5.886631 0.030000 5.741505 0.030000
3.675379 0.030000 3.889439 0.150000 4.099383 0.030000 3.912094 0.030000 1.084989 0.150000 1.005704 0.030000 5.629672 0.030000 5.710975 0.030000 5.892674 0.030000 5.726516 0.030000
3.682548 0.030000 3.829246 0.030000 4.105267 0.030000 3.891218 0.030000 1.068166 0.030000 1.009780 0.030000 5.557400 0.030000 5.722201 0.030000 5.878566 0.030000 5.744913 0.030000
3.692300 0.030000 3.799187 0.030000 4.118297 0.030000 3.921785 0.030000 1.061990 0.030000 1.061638 0.030000 5.487153 0.030000 5.693221 0.030000 5.884534 0.030000 5.754060 0.030000
3.625819 0.030000 3.818026 0.030000 4.123744 0.030000 3.902855 0.030000 1.033889 0.030000 0.930809 0.030000 5.509167 0.030000 5.675654 0.030000 5.901984 0.030000 5.799583 0.030000
3.643958 0.030000 3.789369 0.030000 4.166283 0.030000 3.958914 0.030000 1.080247 0.030000 1.011352 0.030000 6.383744 0.150000 5.649880 0.030000 5.867930 0.030000 5.751607 0.030000
3.599896 0.030000 3.753494 0.150000 4.213029 0.030000 4.069463 0.150000 1.070037 0.030000 0.976987 0.030000 5.520154 0.030000 5.993359 0.150000 5.946497 0.030000 5.851693 0.030000
3.562504 0.030000 3.849848 0.030000 4.198570 0.030000 3.928723 0.030000 1.063797 0.030000 1.029657 0.030000 5.540970 0.030000 5.636528 0.030000 5.855956 0.030000 5.832712 0.030000
3.608530 0.030000 3.833664 0.030000 4.185091 0.030000 3.932131 0.030000 1.021938 0.030000 0.992630 0.030000 5.522311 0.030000 5.642275 0.030000 6.160530 0.150000 5.830862 0.030000
3.573796 0.030000 3.956590 0.150000 4.208190 0.030000 4.024562 0.030000 1.373279 0.150000 1.055169 0.030000 5.511518 0.030000 5.679728 0.030000 6.059857 0.150000 5.812842 0.030000
3.527980 0.030000 3.793506 0.030000 4.169695 0.030000 4.085905 0.030000 1.095812 0.030000 1.024213 0.030000 5.471873 0.030000 5.604226 0.030000 5.946919 0.030000 5.803535 0.030000
3.536524 0.030000 3.771735 0.030000 4.189014 0.030000 4.021570 0.030000 1.083104 0.030000 1.050139 0.030000 5.465313 0.030000 5.582188 0.030000 5.975309 0.150000 5.764022 0.030000
3.623580 0.030000 3.710443 0.030000 4.245153 0.030000 4.110002 0.030000 1.072828 0.030000 1.052810 0.030000 5.417917 0.030000 5.617445 0.030000 5.938366 0.030000 5.812759 0.150000
3.558492 0.030000 3.705601 0.030000 4.251691 0.030000 4.064047 0.030000 1.168430 0.030000 0.966536 0.030000 5.458939 0.030000 5.637648 0.030000 6.016122 0.030000 5.817500 0.030000
3.582725 0.030000 3.680653 0.030000 4.286219 0.030000 4.098764 0.030000 1.135985 0.030000 1.013164 0.030000 5.885590 0.150000 5.608152 0.030000 5.907870 0.030000 5.896783 0.030000
3.498575 0.030000 3.664233 0.030000 4.299539 0.030000 4.180421 0.150000 1.076366 0.030000 1.038046 0.150000 5.469064 0.030000 5.590680 0.030000 6.286435 0.150000 5.883443 0.030000
3.548861 0.030000 3.719417 0.030000 4.332310 0.030000 4.083831 0.030000 1.133226 0.030000 0.965334 0.030000 5.479697 0.030000 5.614741 0.030000 6.007813 0.030000 5.867898 0.030000
3.525138 0.030000 3.659817 0.030000 4.306548 0.030000 4.082380 0.030000 1.074637 0.030000 1.053231 0.030000 5.474307 0.030000 5.579663 0.030000 6.022653 0.030000 5.874413 0.030000
3.568566 0.030000 3.679939 0.030000 4.339579 0.030000 4.168984 0.030000 1.163880 0.030000 1.062294 0.030000 5.406651 0.030000 5.564867 0.030000 6.018818 0.030000 5.874639 0.030000
3.431275 0.030000 3.674902 0.030000 4.335356 0.030000 4.115195 0.030000 1.127594 0.030000 0.980196 0.030000 5.878560 0.150000 5.996174 0.150000 6.010077 0.030000 5.890086 0.030000
3.526815 0.150000 3.972630 0.150000 4.370644 0.030000 4.384375 0.150000 1.151537 0.030000 1.021767 0.030000 5.414600 0.030000 5.612464 0.030000 6.034990 0.030000 5.844020 0.030000
3.432215 0.030000 3.903417 0.150000 4.348009 0.030000 4.152251 0.030000 1.486409 0.150000 1.060719 0.030000 5.906719 0.150000 5.599800 0.030000 5.997535 0.030000 5.954632 0.030000
3.432247 0.030000 3.852616 0.150000 4.406257 0.030000 4.236507 0.030000 1.218490 0.150000 1.083881 0.030000 5.416665 0.030000 5.540043 0.030000 6.189221 0.150000 6.544452 0.150000
3.487255 0.030000 3.547846 0.030000 4.400278 0.030000 4.137662 0.030000 1.235989 0.030000 1.049684 0.030000 5.410265 0.030000 5.538793 0.030000 6.065139 0.030000 5.930964 0.030000
3.433593 0.030000 3.579963 0.030000 4.380321 0.030000 4.178526 0.030000 1.232819 0.030000 1.037509 0.030000 5.431599 0.030000 5.539072 0.030000 6.087431 0.030000 5.958703 0.030000
3.948586 0.150000 3.576021 0.030000 4.393937 0.030000 4.140839 0.030000 1.166198 0.030000 1.215390 0.150000 5.380128 0.030000 5.474142 0.030000 6.057140 0.030000 5.904959 0.030000
3.460279 0.030000 3.599895 0.030000 4.421262 0.030000 4.212838 0.030000 1.149097 0.030000 1.084384 0.030000 5.319764 0.030000 5.537526 0.030000 6.047925 0.030000 5.934453 0.030000
3.366858 0.030000 3.606776 0.030000 4.402734 0.150000 4.732091 0.150000 1.156816 0.030000 1.077042 0.030000 5.375624 0.030000 5.472588 0.030000 6.063014 0.030000 5.960915 0.030000
3.429824 0.030000 3.559762 0.030000 4.501017 0.030000 4.232583 0.030000 1.261402 0.030000 1.091272 0.030000 5.396516 0.030000 5.533985 0.030000 6.079417 0.030000 5.985182 0.030000
3.357605 0.030000 3.891179 0.150000 4.536508 0.150000 4.245454 0.030000 1.897238 0.150000 1.114457 0.030000 5.694044 0.150000 5.454649 0.030000 6.109255 0.030000 5.910790 0.030000
3.360344 0.030000 3.516906 0.030000 4.478773 0.030000 4.284493 0.030000 1.241522 0.030000 1.079962 0.030000 5.389856 0.150000 5.446738 0.030000 6.139131 0.030000 6.422668 0.150000
3.328144 0.030000 3.583091 0.030000 4.478096 0.030000 4.265815 0.030000 1.197038 0.030000 1.108903 0.030000 5.366084 0.030000 5.497202 0.030000 6.102418 0.030000 5.933979 0.150000
3.388889 0.030000 3.520422 0.030000 4.484489 0.030000 4.353439 0.030000 1.367871 0.150000 1.067207 0.030000 5.331094 0.030000 5.488400 0.030000 6.114574 0.030000 6.046034 0.030000
3.349366 0.030000 3.585690 0.030000 4.545871 0.030000 4.285966 0.030000 1.236681 0.030000 1.149035 0.030000 5.341253 0.030000 5.446158 0.030000 6.152598 0.030000 5.982875 0.030000
3.329180 0.030000 3.562064 0.030000 4.532977 0.030000 4.335244 0.030000 2.158531 0.150000 1.095521 0.030000 5.357586 0.030000 5.470315 0.030000 6.155204 0.030000 5.965144 0.030000
3.314503 0.030000 3.428884 0.030000 4.560148 0.030000 4.304568 0.030000 1.297216 0.030000 1.109795 0.030000 5.272161 0.030000 5.449676 0.030000 6.152782 0.030000 6.044255 0.030000
3.321316 0.030000 3.555261 0.030000 5.562569 0.150000 4.308015 0.030000 1.256920 0.030000 1.122110 0.030000 5.344348 0.030000 5.386606 0.030000 6.089968 0.030000 6.007939 0.030000
3.328573 0.030000 3.445202 0.030000 4.546396 0.030000 4.357029 0.030000 3.894297 0.150000 1.153516 0.030000 5.302721 0.030000 5.406247 0.030000 6.199090 0.030000 6.064625 0.150000
3.251839 0.030000 3.462683 0.030000 4.462491 0.150000 4.391943 0.030000 1.329653 0.030000 1.203640 0.030000 5.337446 0.030000 5.390292 0.030000 6.200795 0.030000 6.054930 0.030000
3.284513 0.030000 3.434845 0.030000 4.581400 0.030000 4.373153 0.030000 1.327080 0.030000 1.201851 0.030000 5.310709 0.030000 5.422867 0.030000 6.153602 0.030000 6.022621 0.030000
3.307261 0.030000 3.442056 0.030000 4.603793 0.030000 4.383987 0.030000 1.291738 0.030000 1.205717 0.030000 5.286807 0.030000 5.403151 0.030000 6.160771 0.030000 6.030817 0.030000
3.312727 0.030000 3.413203 0.030000 4.642571 0.030000 4.393362 0.030000 1.373386 0.030000 1.206710 0.030000 5.270920 0.030000 5.376924 0.030000 6.154485 0.030000 6.067654 0.030000
3.304408 0.150000 3.397995 0.030000 4.657034 0.030000 4.392185 0.030000 1.345696 0.030000 1.155394 0.030000 5.276692 0.030000 5.384280 0.030000 6.269322 0.030000 6.193101 0.150000
3.281261 0.030000 3.408925 0.030000 4.649309 0.030000 4.420887 0.030000 1.355038 0.030000 1.175060 0.030000 5.256271 0.030000 5.375803 0.030000 6.173327 0.030000 6.100496 0.030000
3.262065 0.030000 3.641606 0.150000 4.688480 0.030000 5.712914 0.150000 1.367121 0.030000 1.211408 0.030000 5.210313 0.030000 5.370097 0.030000 6.191233 0.030000 6.087528 0.030000
3.250196 0.030000 3.356322 0.030000 4.686046 0.030000 4.415968 0.030000 1.368207 0.030000 1.146632 0.030000 5.231633 0.030000 5.366533 0.030000 6.197831 0.030000 6.074787 0.030000
3.217426 0.030000 3.388645 0.030000 4.647147 0.030000 4.477102 0.030000 1.350597 0.030000 1.259932 0.030000 5.266385 0.030000 5.361806 0.030000 6.260617 0.030000 6.094012 0.030000
3.291077 0.150000 3.360957 0.030000 4.741800 0.030000 4.460647 0.030000 1.375516 0.030000 1.194558 0.030000 5.380745 0.150000 5.344134 0.030000 6.280170 0.030000 6.103764 0.030000
3.576984 0.150000 3.350065 0.030000 4.723473 0.030000 4.460033 0.030000 1.441249 0.030000 1.238217 0.030000 5.230815 0.030000 5.743050 0.150000 6.220659 0.030000 6.115257 0.030000
3.159180 0.030000 3.412812 0.030000 4.690046 0.030000 4.478078 0.030000 1.386235 0.030000 1.197093 0.030000 5.229194 0.030000 5.417876 0.030000 6.292914 0.030000 6.091532 0.030000
3.227456 0.030000 3.332631 0.030000 4.773688 0.030000 4.562738 0.030000 1.364476 0.150000 1.161853 0.030000 5.235248 0.030000 5.649708 0.150000 6.271029 0.030000 6.165820 0.030000
3.367697 0.150000 3.334094 0.030000 4.810378 0.030000 4.521824 0.030000 1.449695 0.030000 1.248696 0.030000 5.187964 0.030000 5.521780 0.150000 6.279271 0.030000 6.142955 0.030000
3.163778 0.030000 3.336412 0.030000 4.812254 0.030000 4.577035 0.030000 1.419187 0.030000 1.236532 0.030000 5.241210 0.030000 5.326268 0.030000 6.286338 0.030000 6.477037 0.150000
3.687824 0.150000 3.341008 0.030000 4.778057 0.030000 4.552023 0.030000 1.411111 0.030000 1.234437 0.030000 5.188053 0.030000 5.305159 0.030000 6.297632 0.030000 6.110261 0.030000
3.170609 0.030000 3.332032 0.030000 4.786270 0.030000 4.530803 0.030000 1.395254 0.030000 1.300286 0.030000 5.197372 0.030000 5.312620 0.030000 6.292126 0.030000 6.128627 0.030000
3.438974 0.150000 3.327920 0.030000 4.795418 0.030000 4.571500 0.030000 1.462570 0.030000 1.325192 0.030000 5.232687 0.030000 5.257979 0.030000 6.463358 0.150000 6.192194 0.030000
3.072878 0.030000 3.302075 0.030000 4.827973 0.030000 4.616175 0.030000 1.461598 0.030000 1.432620 0.150000 5.170341 0.030000 5.362428 0.030000 6.338854 0.030000 6.157897 0.030000
3.115903 0.030000 3.280811 0.030000 4.867810 0.030000 4.657245 0.030000 1.504366 0.030000 1.348781 0.030000 5.131450 0.030000 5.308768 0.030000 6.338325 0.030000 6.137227 0.030000
3.191781 0.150000 3.285255 0.030000 4.837518 0.030000 4.634335 0.030000 1.503029 0.030000 1.294508 0.030000 5.217935 0.030000 5.312570 0.030000 6.378322 0.150000 6.173157 0.030000
3.113836 0.030000 3.235952 0.030000 4.860672 0.030000 4.651478 0.030000 1.594532 0.150000 1.290499 0.030000 5.140183 0.030000 5.293887 0.030000 6.366017 0.030000 6.198250 0.030000
3.106741 0.030000 3.215378 0.030000 4.990135 0.150000 4.667843 0.030000 1.574593 0.030000 1.307326 0.030000 5.137175 0.030000 5.285273 0.030000 6.333202 0.030000 6.264447 0.030000
3.541436 0.150000 3.596478 0.150000 5.141758 0.150000 4.640493 0.030000 1.553355 0.150000 1.386058 0.030000 5.116799 0.030000 5.201592 0.030000 6.748893 0.150000 6.217377 0.030000
3.088295 0.030000 3.224018 0.030000 4.897213 0.030000 4.671771 0.030000 1.583550 0.030000 1.369265 0.030000 5.217570 0.030000 5.269157 0.030000 6.361798 0.030000 6.246743 0.030000
3.098923 0.030000 3.258331 0.030000 4.890465 0.030000 4.693390 0.030000 1.563915 0.030000 1.369568 0.030000 5.140222 0.030000 5.228570 0.030000 6.444345 0.030000 6.266524 0.030000
3.092520 0.030000 3.218943 0.030000 4.932467 0.030000 4.548229 0.150000 1.615833 0.030000 1.432927 0.030000 5.172861 0.030000 5.227898 0.030000 6.377799 0.030000 6.233173 0.030000
3.060618 0.030000 3.219288 0.030000 4.885354 0.030000 4.736772 0.030000 1.618585 0.030000 1.416695 0.030000 5.118112 0.030000 5.319994 0.150000 6.380847 0.030000 6.287575 0.030000
3.097937 0.030000 3.225911 0.030000 4.975729 0.030000 4.678748 0.030000 1.612303 0.030000 1.416496 0.030000 5.148075 0.030000 5.782657 0.150000 6.367753 0.150000 6.266679 0.030000
3.094695 0.030000 3.164089 0.030000 4.922423 0.030000 4.732301 0.030000 1.584415 0.030000 1.390587 0.030000 5.153950 0.030000 5.247960 0.030000 6.385174 0.030000 6.213811 0.150000
3.052698 0.030000 3.209558 0.030000 4.990404 0.030000 4.773254 0.030000 1.647908 0.030000 1.378396 0.030000 6.259547 0.150000 5.177766 0.030000 6.449379 0.030000 6.235990 0.030000
3.073175 0.030000 3.128175 0.030000 5.008927 0.030000 4.803080 0.030000 1.641834 0.030000 1.400875 0.030000 5.061206 0.030000 5.233979 0.030000 6.462676 0.030000 6.301909 0.030000
3.067641 0.030000 3.181896 0.030000 4.997683 0.030000 4.726239 0.030000 1.625925 0.030000 1.449546 0.030000 5.083324 0.030000 5.200907 0.030000 6.605545 0.150000 6.288259 0.030000
3.008871 0.030000 3.190026 0.030000 5.031744 0.030000 4.811350 0.030000 1.648355 0.030000 1.409353 0.030000 5.136305 0.030000 5.257077 0.030000 6.541781 0.150000 6.316374 0.030000
2.997162 0.030000 3.143807 0.030000 5.451781 0.150000 4.792808 0.030000 1.658356 0.030000 1.482701 0.030000 5.092006 0.030000 5.124574 0.030000 6.458609 0.030000 6.302068 0.030000
3.031506 0.030000 3.197306 0.030000 5.018579 0.030000 4.786646 0.030000 1.722374 0.030000 1.442720 0.030000 5.101374 0.030000 5.229060 0.030000 6.511165 0.030000 6.350922 0.030000
2.987630 0.030000 3.118898 0.030000 5.043965 0.030000 4.936025 0.150000 1.692839 0.030000 1.450924 0.030000 5.094995 0.030000 5.163375 0.030000 6.524308 0.030000 6.337474 0.030000
3.006768 0.030000 3.091633 0.030000 5.034777 0.030000 4.853210 0.030000 1.684787 0.030000 1.475917 0.030000 5.104966 0.030000 5.381497 0.150000 6.487342 0.030000 6.353753 0.030000
3.025158 0.030000 3.147038 0.030000 5.069588 0.030000 4.856481 0.030000 1.728045 0.030000 1.514248 0.030000 5.021014 0.030000 5.134745 0.030000 6.492449 0.030000 6.385907 0.030000
2.964226 0.030000 3.090008 0.030000 5.090156 0.030000 4.856759 0.030000 1.755679 0.030000 1.524078 0.030000 5.266769 0.150000 5.179018 0.030000 6.593903 0.030000 6.407847 0.030000
2.964452 0.030000 3.214630 0.150000 5.153425 0.030000 4.925569 0.030000 1.728847 0.030000 1.870463 0.150000 5.099744 0.150000 5.133095 0.030000 6.590159 0.030000 6.387565 0.030000
2.942083 0.030000 3.066061 0.030000 5.111145 0.030000 4.887607 0.030000 2.034057 0.150000 1.553007 0.030000 4.977382 0.030000 5.150695 0.030000 6.611674 0.030000 6.439534 0.030000
2.974962 0.030000 3.045463 0.030000 5.099954 0.030000 4.858069 0.030000 1.781110 0.030000 1.559142 0.030000 5.023139 0.030000 5.120847 0.030000 6.564487 0.030000 6.390166 0.030000
2.977847 0.030000 3.088833 0.030000 5.139279 0.030000 6.038946 0.150000 1.778070 0.030000 1.575703 0.030000 4.999872 0.030000 5.184672 0.030000 6.542869 0.030000 6.885586 0.150000
3.813691 0.150000 3.118543 0.030000 5.160016 0.030000 5.014608 0.150000 1.774451 0.030000 1.564073 0.030000 5.074217 0.030000 5.068212 0.030000 6.614592 0.030000 6.435892 0.030000
2.895909 0.030000 3.081021 0.030000 5.172208 0.030000 4.940093 0.030000 1.814780 0.030000 1.575320 0.030000 5.048607 0.030000 5.194289 0.150000 6.615856 0.030000 6.438849 0.030000
2.973509 0.030000 3.050297 0.030000 5.196381 0.030000 4.928605 0.030000 1.848734 0.030000 1.554185 0.030000 5.039588 0.030000 5.135107 0.030000 6.607767 0.030000 6.392911 0.030000
2.969305 0.150000 2.989769 0.030000 5.198666 0.030000 5.395274 0.150000 1.852934 0.030000 1.601305 0.030000 5.002589 0.030000 5.109784 0.030000 6.621862 0.030000 6.442915 0.030000
2.926590 0.030000 3.029501 0.030000 5.208781 0.030000 4.996564 0.030000 1.819764 0.030000 1.663899 0.030000 5.076420 0.030000 5.105092 0.030000 6.634256 0.030000 6.459995 0.030000
2.898352 0.030000 3.216517 0.150000 5.209882 0.030000 4.979729 0.030000 1.816400 0.030000 1.602133 0.030000 4.953275 0.030000 5.099752 0.030000 6.605348 0.030000 6.432851 0.030000
2.910130 0.030000 3.022093 0.030000 5.215350 0.030000 5.003103 0.030000 1.830182 0.030000 1.685877 0.030000 5.052425 0.030000 5.055914 0.030000 6.633565 0.030000 6.447458 0.030000
2.962845 0.150000 3.073745 0.030000 5.245491 0.030000 5.063759 0.030000 1.829279 0.030000 1.693567 0.030000 5.012388 0.030000 5.087785 0.030000 6.663535 0.030000 6.490279 0.030000
2.847258 0.030000 3.053721 0.030000 5.279765 0.030000 4.996300 0.030000 1.828838 0.030000 1.635331 0.030000 5.022750 0.030000 5.094422 0.030000 6.610381 0.030000 6.497783 0.030000
2.892138 0.030000 3.032086 0.030000 5.280194 0.030000 5.067353 0.030000 1.905842 0.030000 1.670679 0.030000 5.026790 0.030000 5.071254 0.030000 6.672777 0.030000 6.507174 0.030000
2.912671 0.030000 3.021491 0.030000 5.289754 0.030000 5.039635 0.030000 1.907614 0.030000 1.688818 0.030000 4.978427 0.030000 5.085833 0.030000 6.707266 0.030000 6.480333 0.030000
2.865397 0.030000 2.979465 0.030000 5.282558 0.030000 5.078250 0.030000 1.907169 0.030000 1.647426 0.030000 4.982450 0.030000 5.050468 0.030000 6.617360 0.030000 7.254952 0.150000
2.886955 0.030000 2.964601 0.030000 5.444536 0.150000 5.055241 0.030000 1.887474 0.030000 1.679846 0.030000 5.027322 0.030000 5.060268 0.030000 6.684778 0.030000 6.512348 0.030000
2.881272 0.030000 2.953801 0.030000 5.286172 0.030000 5.151983 0.030000 1.893031 0.030000 1.701108 0.030000 5.030499 0.030000 5.286099 0.150000 6.691150 0.030000 6.453723 0.030000
2.829686 0.030000 3.620725 0.150000 5.329170 0.030000 5.238800 0.150000 1.900929 0.030000 1.740423 0.030000 4.983160 0.030000 5.094697 0.030000 6.672909 0.030000 6.604549 0.030000
2.892643 0.030000 3.054235 0.030000 5.304860 0.030000 5.107968 0.030000 1.931025 0.030000 1.715299 0.030000 4.980158 0.030000 5.066634 0.030000 6.655400 0.030000 6.517375 0.030000
2.812524 0.150000 3.023403 0.030000 5.314389 0.030000 5.098809 0.030000 1.935595 0.030000 1.863861 0.150000 4.966395 0.030000 5.043965 0.030000 6.747584 0.030000 6.597129 0.030000
2.893779 0.030000 2.937825 0.030000 5.376135 0.030000 5.151427 0.030000 2.132346 0.150000 1.694980 0.030000 4.964600 0.030000 5.024379 0.030000 6.867675 0.150000 6.525098 0.030000
2.852632 0.030000 2.943736 0.030000 5.378320 0.030000 5.325903 0.150000 1.963201 0.030000 1.743549 0.030000 4.941443 0.030000 5.038234 0.030000 6.711017 0.030000 6.558424 0.030000
2.874682 0.030000 2.971903 0.030000 5.318755 0.030000 5.125086 0.030000 1.938910 0.030000 1.759776 0.030000 4.981208 0.030000 5.065112 0.030000 6.792855 0.030000 7.119648 0.150000
2.887916 0.030000 2.965123 0.030000 5.388782 0.030000 5.144699 0.030000 1.989793 0.030000 1.772798 0.030000 4.948428 0.030000 5.067982 0.030000 6.573237 0.150000 6.652131 0.030000
2.872842 0.030000 3.015114 0.030000 5.375359 0.030000 5.125114 0.030000 2.011365 0.030000 1.845311 0.030000 4.976718 0.030000 5.049699 0.030000 6.748546 0.030000 6.590537 0.030000
2.867049 0.030000 2.953030 0.030000 5.374379 0.030000 5.116088 0.030000 2.001914 0.030000 1.801194 0.030000 5.995689 0.150000 5.001929 0.030000 6.724277 0.030000 6.594685 0.030000
2.859281 0.030000 2.937732 0.030000 5.384151 0.030000 5.227899 0.030000 2.012011 0.030000 1.803428 0.030000 4.935628 0.030000 4.988721 0.030000 6.743274 0.030000 6.600253 0.030000
2.820879 0.030000 3.684309 0.150000 5.384332 0.030000 5.144773 0.030000 2.030814 0.030000 1.842873 0.030000 4.981668 0.030000 5.004427 0.030000 6.818660 0.150000 6.631994 0.030000
2.909656 0.030000 2.960276 0.030000 5.432107 0.150000 5.163919 0.030000 2.018351 0.030000 1.777677 0.030000 4.940631 0.030000 5.045926 0.030000 6.768262 0.030000 6.594071 0.030000
2.850826 0.030000 2.922043 0.030000 5.377132 0.030000 5.116826 0.030000 2.015695 0.030000 1.834300 0.030000 4.851167 0.150000 5.023876 0.030000 6.746530 0.030000 6.654071 0.030000
2.791437 0.030000 3.133740 0.150000 5.441070 0.030000 5.210338 0.030000 2.044394 0.150000 2.035302 0.150000 4.940002 0.030000 4.981033 0.030000 6.739563 0.030000 6.623485 0.030000
3.379717 0.150000 2.916887 0.030000 5.413516 0.030000 5.183583 0.030000 2.050766 0.030000 1.807743 0.030000 4.880538 0.030000 4.973013 0.030000 6.839264 0.030000 6.739489 0.150000
2.804919 0.150000 2.924121 0.030000 5.422555 0.030000 5.267853 0.030000 2.045238 0.030000 1.832881 0.030000 4.917118 0.030000 5.024633 0.030000 6.981216 0.150000 6.632925 0.030000
2.831942 0.030000 2.969352 0.030000 5.434706 0.030000 5.246724 0.030000 2.073765 0.030000 1.901384 0.030000 4.876180 0.030000 5.008375 0.030000 6.765593 0.030000 6.618518 0.030000
2.879083 0.030000 2.937306 0.030000 5.450174 0.030000 5.240714 0.030000 2.595676 0.150000 1.842247 0.030000 4.957509 0.030000 5.299636 0.150000 6.828009 0.030000 6.626179 0.030000
2.799109 0.030000 2.919365 0.030000 5.510488 0.030000 5.240051 0.030000 2.152800 0.030000 3.545719 0.150000 4.924576 0.030000 5.037935 0.030000 6.753978 0.030000 6.670555 0.030000
2.850227 0.030000 3.137331 0.150000 5.404762 0.030000 5.312117 0.030000 2.076293 0.030000 1.836479 0.030000 4.912454 0.030000 4.988726 0.030000 6.834004 0.150000 6.645561 0.030000
2.837421 0.030000 2.874351 0.030000 5.457882 0.030000 5.275889 0.030000 2.112825 0.030000 1.919765 0.030000 4.913083 0.030000 5.037654 0.030000 6.844289 0.030000 6.647301 0.030000
2.822187 0.030000 2.902312 0.030000 5.518115 0.030000 5.238196 0.030000 2.266639 0.150000 1.998227 0.150000 4.892819 0.030000 5.004461 0.030000 6.813138 0.030000 6.679432 0.030000
2.787624 0.030000 2.896969 0.030000 5.502257 0.030000 5.234800 0.030000 2.142438 0.030000 1.855151 0.030000 4.913420 0.030000 4.988177 0.030000 6.836925 0.030000 6.676050 0.030000
2.793609 0.030000 2.871184 0.030000 5.463908 0.030000 5.270665 0.030000 2.140206 0.030000 1.898167 0.030000 4.926361 0.030000 4.953299 0.030000 6.856998 0.030000 6.708761 0.030000
2.822967 0.030000 2.847178 0.030000 5.513894 0.030000 5.355994 0.030000 2.123127 0.030000 1.893775 0.030000 4.892514 0.030000 4.997839 0.030000 6.801662 0.030000 6.655963 0.030000
2.830754 0.030000 2.838077 0.030000 5.499667 0.030000 5.315335 0.030000 2.134852 0.030000 1.921721 0.030000 4.991028 0.030000 5.005288 0.030000 6.891821 0.030000 6.682886 0.030000
2.758075 0.030000 2.841582 0.030000 5.502326 0.030000 5.328422 0.030000 2.147988 0.030000 1.894989 0.030000 4.938527 0.030000 4.982827 0.030000 6.861637 0.030000 6.622775 0.030000
2.806941 0.030000 2.858890 0.030000 5.546946 0.030000 5.263811 0.030000 2.140758 0.030000 1.848525 0.030000 4.909905 0.030000 5.081724 0.150000 6.822956 0.030000 6.691167 0.030000
2.842250 0.030000 2.854853 0.030000 5.538182 0.030000 5.331124 0.030000 2.127198 0.030000 1.881133 0.030000 5.377780 0.150000 5.003039 0.030000 6.866988 0.030000 6.687231 0.030000
2.792641 0.030000 2.887380 0.030000 5.565209 0.030000 5.324477 0.030000 2.163005 0.030000 1.937271 0.030000 4.889430 0.030000 4.968456 0.030000 6.904582 0.030000 6.746381 0.150000
2.779320 0.030000 2.876210 0.030000 5.571605 0.030000 5.263395 0.030000 2.182570 0.030000 1.890541 0.030000 4.933175 0.030000 4.976970 0.030000 6.830679 0.030000 6.678158 0.030000
3.094105 0.150000 3.282840 0.150000 5.537272 0.030000 5.488819 0.150000 2.465528 0.150000 1.885043 0.030000 4.893745 0.030000 4.949284 0.030000 6.882625 0.030000 6.713496 0.030000
2.741785 0.030000 2.812378 0.030000 5.579707 0.030000 5.826081 0.150000 2.225907 0.030000 1.938691 0.030000 4.944118 0.030000 4.967371 0.030000 6.895467 0.030000 6.683257 0.030000
3.081599 0.150000 2.892736 0.030000 5.575565 0.030000 5.316016 0.030000 2.204882 0.030000 1.956341 0.030000 4.876856 0.030000 4.942430 0.030000 7.434522 0.150000 6.700589 0.030000
2.744250 0.030000 2.880912 0.030000 5.536538 0.030000 5.317274 0.030000 2.144025 0.030000 2.015372 0.030000 4.899902 0.030000 4.979690 0.030000 6.881285 0.030000 6.711018 0.030000
2.819873 0.030000 2.886666 0.030000 5.554911 0.030000 5.327531 0.030000 2.111427 0.030000 1.940004 0.030000 4.918716 0.030000 5.385965 0.150000 7.005451 0.150000 6.766884 0.030000
2.777170 0.030000 2.866512 0.030000 5.636168 0.030000 5.738672 0.150000 2.186754 0.030000 1.711091 0.150000 4.866797 0.030000 5.014978 0.030000 6.897905 0.030000 6.744357 0.030000
2.830211 0.030000 2.860278 0.030000 5.577347 0.030000 5.392201 0.030000 2.191145 0.030000 2.391734 0.150000 4.864552 0.030000 4.940113 0.030000 6.884188 0.030000 6.762284 0.030000
2.796550 0.030000 2.823265 0.030000 5.598999 0.030000 5.364736 0.030000 2.195831 0.030000 2.435008 0.150000 4.879418 0.030000 4.961504 0.030000 6.897400 0.030000 6.764743 0.030000
2.743181 0.030000 2.841388 0.030000 5.839169 0.150000 5.358946 0.030000 2.239224 0.030000 2.005300 0.030000 4.878421 0.030000 4.928577 0.030000 6.887794 0.030000 6.721315 0.030000
2.702708 0.030000 3.168745 0.150000 5.607297 0.030000 5.384113 0.030000 2.234762 0.030000 2.046955 0.030000 4.848805 0.030000 4.944959 0.030000 6.893467 0.030000 6.734604 0.030000
2.778953 0.030000 2.817238 0.030000 5.636140 0.030000 5.402430 0.030000 2.253891 0.030000 1.941584 0.030000 4.828848 0.030000 4.944865 0.030000 6.891943 0.030000 6.796043 0.150000
2.745215 0.030000 2.860020 0.030000 5.500534 0.150000 5.373493 0.030000 2.242215 0.030000 1.934849 0.030000 4.816539 0.030000 4.968202 0.030000 6.898496 0.030000 6.776009 0.030000
3.296007 0.150000 2.849642 0.030000 5.646623 0.030000 5.475415 0.030000 2.219058 0.030000 2.018058 0.030000 4.921593 0.150000 4.869401 0.030000 6.921079 0.030000 6.797968 0.030000
3.317116 0.150000 2.808519 0.030000 5.599930 0.030000 5.369367 0.030000 2.205249 0.030000 2.673836 0.150000 4.905777 0.030000 4.902638 0.030000 6.912365 0.030000 6.786864 0.030000
2.750736 0.030000 2.848715 0.030000 5.655744 0.030000 5.365873 0.030000 2.846835 0.150000 2.019099 0.030000 4.944157 0.030000 5.810438 0.150000 6.948334 0.030000 6.755460 0.030000
2.752817 0.030000 2.813243 0.030000 5.976704 0.150000 5.464196 0.030000 2.319184 0.030000 2.003436 0.030000 4.883274 0.030000 4.969127 0.030000 6.943714 0.030000 6.763544 0.030000
2.758604 0.030000 2.813146 0.030000 5.671315 0.030000 5.414942 0.030000 2.220886 0.030000 2.008416 0.030000 4.877334 0.030000 4.951972 0.030000 6.939133 0.030000 6.733185 0.030000
2.710641 0.030000 2.842913 0.030000 5.621590 0.030000 5.392161 0.030000 2.793672 0.150000 2.017744 0.030000 4.853025 0.030000 4.951286 0.030000 6.892346 0.030000 6.816257 0.030000
2.850857 0.150000 2.843155 0.030000 5.653032 0.030000 5.443566 0.030000 2.183632 0.030000 2.036837 0.030000 4.859059 0.030000 4.980382 0.030000 7.350955 0.150000 6.750021 0.030000
2.813727 0.150000 2.792997 0.030000 5.622832 0.030000 5.587943 0.150000 2.290598 0.030000 2.035392 0.030000 4.915863 0.030000 4.991994 0.030000 6.926809 0.030000 6.795933 0.030000
2.785929 0.150000 2.838845 0.030000 5.650059 0.030000 5.403245 0.030000 2.288161 0.030000 2.087330 0.030000 4.891776 0.030000 4.963996 0.030000 6.965534 0.030000 6.918596 0.150000
2.746492 0.030000 2.798261 0.030000 5.689869 0.030000 5.820677 0.150000 2.246201 0.030000 1.989950 0.030000 4.822029 0.030000 4.889816 0.030000 6.950374 0.030000 6.818943 0.030000
3.474149 0.150000 2.820715 0.030000 5.702621 0.030000 5.421601 0.030000 2.291314 0.030000 2.050649 0.030000 4.857302 0.030000 4.917053 0.030000 7.013183 0.030000 6.752877 0.030000
2.768132 0.030000 2.778076 0.030000 5.682719 0.030000 5.474930 0.030000 2.244881 0.030000 2.004819 0.030000 4.827039 0.030000 4.936716 0.030000 6.970677 0.030000 6.737485 0.030000
2.725842 0.030000 2.831649 0.030000 5.667149 0.030000 5.399465 0.030000 2.246708 0.030000 2.070634 0.030000 4.861609 0.030000 5.180802 0.150000 7.004672 0.030000 6.800771 0.030000
2.743119 0.030000 2.799550 0.030000 5.683473 0.030000 5.426518 0.030000 2.321156 0.030000 2.101587 0.030000 4.845333 0.030000 4.991068 0.030000 6.964250 0.030000 6.789445 0.030000
2.750664 0.030000 2.788615 0.030000 5.668800 0.030000 5.436587 0.030000 2.257179 0.030000 2.054638 0.030000 4.831622 0.030000 4.978045 0.030000 6.726918 0.150000 6.776974 0.150000
2.978978 0.150000 2.777675 0.030000 5.710127 0.150000 5.467579 0.030000 3.096251 0.150000 2.725854 0.150000 4.793319 0.030000 5.030306 0.030000 6.902300 0.030000 6.815105 0.030000
2.776991 0.030000 2.777924 0.030000 5.701341 0.030000 5.460751 0.030000 2.250919 0.030000 2.083201 0.030000 4.764034 0.030000 4.923245 0.030000 6.980410 0.030000 6.814237 0.030000
2.767578 0.030000 2.772739 0.030000 5.681500 0.030000 5.456620 0.030000 2.936416 0.150000 2.122783 0.030000 4.848207 0.030000 4.956744 0.030000 6.943984 0.030000 6.821530 0.030000
2.730779 0.030000 2.750670 0.150000 5.704771 0.030000 5.432141 0.030000 2.296929 0.030000 2.122937 0.030000 4.817211 0.030000 4.972830 0.030000 6.908745 0.030000 6.841695 0.030000
2.779833 0.030000 2.749230 0.030000 5.786419 0.030000 5.513174 0.030000 2.294442 0.030000 2.146234 0.030000 4.774424 0.030000 4.962414 0.030000 6.914656 0.030000 6.865192 0.030000
2.824310 0.030000 2.720452 0.030000 5.721631 0.030000 5.496090 0.030000 2.248424 0.030000 2.146683 0.030000 4.822387 0.030000 4.905817 0.030000 7.421988 0.150000 6.917089 0.030000
2.844111 0.030000 3.024179 0.150000 5.747571 0.030000 5.531973 0.030000 2.300311 0.030000 2.096972 0.030000 4.768642 0.030000 4.928720 0.030000 6.983406 0.030000 6.935311 0.030000
2.900186 0.030000 2.782131 0.030000 5.798504 0.030000 5.573821 0.030000 2.253727 0.030000 2.116387 0.030000 4.782860 0.030000 4.929887 0.030000 6.954546 0.030000 6.896514 0.030000
2.871330 0.030000 2.740148 0.030000 5.726200 0.030000 5.580458 0.150000 2.226306 0.030000 2.158710 0.030000 4.723106 0.150000 4.959455 0.030000 6.955971 0.030000 6.905673 0.030000
2.890479 0.030000 2.905298 0.150000 6.098587 0.150000 5.556021 0.030000 2.279784 0.030000 2.249228 0.030000 4.710151 0.030000 4.915665 0.030000 6.931562 0.030000 6.927456 0.030000
2.892495 0.030000 3.268462 0.150000 5.797819 0.030000 5.565102 0.030000 2.229478 0.030000 2.291845 0.150000 4.716547 0.030000 4.979856 0.030000 6.917553 0.030000 6.900581 0.030000
2.875908 0.030000 2.721742 0.030000 5.804619 0.030000 5.889095 0.150000 2.218452 0.030000 2.272783 0.030000 4.707677 0.030000 4.962205 0.030000 6.852659 0.030000 6.962067 0.030000
2.896513 0.030000 2.754129 0.030000 5.753106 0.030000 5.556084 0.030000 2.225986 0.030000 2.211265 0.030000 4.667180 0.030000 4.918982 0.030000 6.824019 0.030000 7.869885 0.150000
2.903451 0.030000 2.759718 0.030000 5.776885 0.030000 5.649538 0.030000 2.221435 0.030000 2.251696 0.030000 4.640183 0.030000 4.852488 0.030000 6.836902 0.030000 6.972549 0.030000
3.916730 0.150000 3.628949 0.150000 5.836327 0.030000 5.645266 0.030000 2.207942 0.030000 2.233256 0.030000 4.647794 0.030000 4.864676 0.030000 6.924082 0.030000 7.121427 0.150000
2.983119 0.030000 2.730487 0.030000 5.787652 0.030000 5.686932 0.030000 2.209295 0.030000 2.226145 0.030000 4.617062 0.150000 4.864490 0.030000 6.837913 0.030000 6.900604 0.030000
2.985445 0.030000 2.814638 0.030000 6.241210 0.150000 5.697251 0.030000 2.237818 0.030000 2.222803 0.030000 6.255685 0.150000 4.875266 0.030000 6.803499 0.030000 6.900173 0.030000
2.994730 0.030000 2.765767 0.030000 5.832897 0.030000 5.683643 0.030000 2.210986 0.030000 2.280543 0.030000 4.671968 0.030000 4.807283 0.030000 6.813780 0.030000 7.135403 0.150000
3.024383 0.030000 2.801132 0.030000 5.828091 0.030000 5.736701 0.030000 2.225274 0.030000 2.236000 0.030000 4.588928 0.030000 4.842661 0.030000 7.030728 0.150000 6.890999 0.030000
3.018011 0.030000 2.699165 0.030000 5.863835 0.030000 5.636386 0.030000 2.182614 0.030000 2.256922 0.030000 4.520041 0.030000 4.828531 0.030000 6.812927 0.030000 6.882377 0.030000
3.055916 0.030000 2.794442 0.030000 5.862533 0.030000 5.733817 0.030000 2.166961 0.030000 2.273901 0.030000 4.563348 0.030000 4.774830 0.030000 6.782601 0.030000 6.902494 0.030000
3.047734 0.030000 2.805548 0.030000 5.817088 0.030000 5.674367 0.030000 2.460572 0.150000 2.261228 0.030000 4.572470 0.030000 4.762607 0.030000 6.777671 0.030000 6.879500 0.030000
3.085221 0.030000 2.826989 0.030000 5.872668 0.030000 5.700274 0.030000 2.134513 0.030000 2.221239 0.030000 4.517473 0.030000 4.739173 0.030000 6.792932 0.030000 7.025513 0.150000
3.034791 0.030000 2.836877 0.030000 5.843779 0.030000 5.768597 0.030000 2.196028 0.030000 2.249999 0.030000 4.441877 0.030000 4.734343 0.030000 7.307848 0.150000 6.875871 0.030000
3.077711 0.030000 2.865027 0.030000 5.941018 0.030000 5.762326 0.030000 2.181147 0.030000 2.265036 0.030000 4.455576 0.030000 4.751988 0.030000 6.754129 0.030000 6.880396 0.030000
3.135259 0.030000 2.863422 0.030000 5.918234 0.030000 5.764375 0.030000 2.342884 0.150000 2.203079 0.030000 4.499092 0.030000 5.478952 0.150000 6.712956 0.030000 6.875893 0.030000
3.110071 0.030000 2.841970 0.030000 5.996889 0.030000 5.894217 0.150000 2.237753 0.030000 2.215995 0.030000 4.443588 0.030000 4.729054 0.030000 6.787125 0.030000 6.845319 0.030000
3.082191 0.030000 3.106548 0.150000 5.948397 0.030000 5.790017 0.030000 2.189500 0.030000 2.205168 0.030000 4.475935 0.030000 4.675216 0.030000 6.654576 0.030000 6.859141 0.030000
3.122922 0.030000 2.932531 0.030000 5.990786 0.030000 5.794306 0.030000 2.212743 0.030000 2.873699 0.150000 4.441851 0.030000 4.719133 0.030000 6.657716 0.030000 6.901169 0.030000
3.164447 0.030000 2.916002 0.030000 5.931339 0.030000 6.965418 0.150000 2.189577 0.030000 2.281499 0.030000 4.397640 0.030000 4.624536 0.030000 6.694156 0.030000 6.932907 0.150000
3.157565 0.030000 2.942048 0.030000 5.922423 0.030000 5.807409 0.030000 2.154665 0.030000 2.164476 0.030000 4.413853 0.150000 4.598998 0.030000 6.738864 0.030000 6.776753 0.030000
3.136375 0.030000 2.969769 0.030000 5.959508 0.030000 5.828095 0.030000 2.186235 0.030000 2.149133 0.030000 4.516254 0.150000 4.627284 0.030000 6.655539 0.030000 6.840857 0.030000
3.200499 0.030000 2.928869 0.030000 5.935284 0.030000 5.835816 0.030000 2.197380 0.030000 2.228502 0.030000 4.376668 0.030000 4.578501 0.030000 6.691735 0.030000 6.818063 0.030000
3.910052 0.150000 3.046864 0.030000 5.991843 0.030000 5.802545 0.030000 2.220781 0.030000 2.216317 0.030000 4.343232 0.030000 4.611954 0.030000 6.695490 0.030000 6.733803 0.030000
3.256508 0.030000 2.982250 0.030000 5.972810 0.030000 5.836422 0.030000 2.196526 0.030000 2.219687 0.030000 4.321173 0.030000 4.579473 0.030000 6.644816 0.030000 6.779307 0.030000
3.180841 0.030000 2.977937 0.030000 5.988346 0.030000 5.884573 0.030000 2.196650 0.030000 2.208695 0.030000 4.325768 0.030000 4.579255 0.030000 6.883106 0.150000 6.818868 0.030000
3.268419 0.030000 2.989328 0.030000 5.981686 0.030000 5.842453 0.030000 2.140697 0.030000 2.219749 0.030000 4.997535 0.150000 4.492950 0.030000 6.641730 0.030000 6.775344 0.030000
3.256200 0.030000 2.995965 0.030000 6.000383 0.030000 5.821768 0.030000 2.147685 0.030000 2.153334 0.030000 4.253841 0.030000 4.502616 0.030000 6.673127 0.030000 6.754736 0.030000
3.310443 0.030000 3.009893 0.030000 5.990670 0.030000 5.890466 0.030000 2.172456 0.030000 2.163914 0.030000 4.288663 0.030000 4.467561 0.030000 6.639748 0.030000 6.818821 0.030000
3.274084 0.030000 3.035314 0.030000 5.996787 0.030000 5.918517 0.030000 2.222496 0.030000 2.186221 0.030000 4.242115 0.030000 4.503060 0.030000 6.643232 0.030000 6.773760 0.030000
3.224081 0.030000 3.127154 0.030000 5.984306 0.030000 5.903000 0.030000 2.200376 0.030000 2.153702 0.030000 4.230500 0.030000 4.478545 0.030000 6.595960 0.030000 6.719397 0.030000
3.271699 0.030000 2.987784 0.030000 5.906944 0.150000 5.871428 0.030000 2.665508 0.150000 2.559185 0.150000 4.236170 0.030000 4.516835 0.030000 6.598749 0.030000 6.786417 0.030000
3.289031 0.030000 3.094979 0.030000 6.080432 0.030000 5.880728 0.030000 2.150404 0.030000 2.193441 0.030000 4.259252 0.030000 4.476670 0.030000 6.860684 0.150000 6.741841 0.030000
3.386719 0.030000 3.132919 0.030000 6.099911 0.030000 5.875641 0.030000 2.149723 0.030000 2.163487 0.030000 4.181370 0.030000 4.455267 0.030000 6.610627 0.030000 6.676243 0.030000
3.457499 0.150000 3.086543 0.030000 6.034208 0.030000 5.928705 0.030000 2.214114 0.030000 2.145574 0.030000 4.858990 0.150000 4.458395 0.030000 6.562748 0.030000 6.746428 0.030000
3.421072 0.030000 3.095372 0.030000 6.128722 0.030000 5.880132 0.030000 2.503028 0.150000 2.181165 0.030000 4.200787 0.030000 4.392784 0.030000 6.534649 0.030000 6.688372 0.030000
3.683110 0.150000 3.148078 0.030000 6.050744 0.030000 5.955562 0.030000 2.131876 0.030000 2.212738 0.030000 4.147629 0.030000 4.432942 0.030000 6.548627 0.030000 6.716982 0.150000
3.372268 0.030000 3.141337 0.030000 6.112472 0.030000 5.981180 0.030000 2.195686 0.030000 2.685214 0.150000 4.217878 0.030000 4.366405 0.030000 6.599333 0.030000 6.644282 0.030000
3.415793 0.150000 3.182319 0.030000 6.118614 0.030000 5.946538 0.030000 2.170734 0.030000 2.109339 0.030000 4.137978 0.030000 4.383972 0.030000 6.579438 0.030000 6.677953 0.030000
3.408390 0.030000 3.185046 0.030000 6.069110 0.030000 5.992538 0.030000 2.125180 0.030000 2.162217 0.030000 4.149830 0.030000 4.337398 0.030000 7.023659 0.150000 6.647632 0.030000
3.399054 0.030000 3.268540 0.030000 6.209233 0.030000 5.964604 0.030000 2.183284 0.030000 2.187120 0.030000 4.058438 0.030000 4.368312 0.030000 6.599849 0.030000 6.682716 0.030000
3.427683 0.030000 3.171187 0.030000 6.082178 0.030000 6.000146 0.030000 2.142809 0.030000 2.150646 0.030000 4.070737 0.030000 4.372913 0.030000 6.523031 0.030000 6.725902 0.030000
3.446657 0.030000 3.195346 0.030000 6.149911 0.030000 5.976264 0.030000 2.169356 0.030000 2.121335 0.030000 4.013971 0.030000 4.289486 0.030000 6.526415 0.030000 6.648579 0.030000
3.486691 0.030000 3.231234 0.030000 6.105652 0.030000 6.005978 0.030000 2.158785 0.030000 2.152211 0.030000 3.980198 0.030000 4.351415 0.030000 6.743095 0.150000 6.670726 0.030000
3.508810 0.030000 3.231689 0.030000 6.368186 0.150000 7.037049 0.150000 2.197247 0.030000 2.147447 0.030000 4.086272 0.030000 4.304016 0.030000 6.509004 0.030000 6.635858 0.030000
3.511084 0.030000 3.268981 0.030000 6.138758 0.030000 6.022647 0.030000 2.155716 0.030000 2.053858 0.150000 3.981658 0.030000 4.309307 0.030000 6.679902 0.150000 6.662025 0.030000
3.525735 0.030000 3.277246 0.030000 6.148259 0.030000 6.049649 0.030000 2.157274 0.030000 2.132270 0.030000 4.015320 0.030000 4.028680 0.150000 6.478983 0.030000 6.607352 0.030000
3.558095 0.030000 3.299355 0.030000 6.126008 0.030000 6.055221 0.030000 2.173681 0.030000 2.172268 0.030000 4.003801 0.030000 4.509530 0.150000 6.465284 0.030000 6.608307 0.030000
3.537604 0.030000 3.292041 0.030000 6.205112 0.030000 6.351453 0.150000 2.132884 0.030000 2.144052 0.030000 4.074155 0.030000 4.232067 0.030000 6.452945 0.030000 6.645920 0.030000
3.604853 0.030000 3.351330 0.030000 6.227489 0.030000 6.050301 0.030000 2.182040 0.030000 2.134062 0.030000 3.895496 0.030000 4.241491 0.030000 6.403339 0.030000 6.610318 0.030000
3.591891 0.030000 3.310386 0.030000 6.188457 0.030000 6.128778 0.030000 2.160505 0.030000 2.322784 0.150000 3.976584 0.030000 4.241996 0.030000 6.444475 0.030000 7.100668 0.150000
3.601738 0.030000 3.386030 0.030000 6.227666 0.030000 6.059846 0.030000 2.191467 0.030000 2.184828 0.030000 3.916710 0.030000 4.221804 0.030000 6.399378 0.030000 6.593131 0.030000
3.699568 0.150000 3.370684 0.030000 6.230202 0.030000 6.064092 0.030000 2.160118 0.030000 2.188675 0.030000 3.872720 0.030000 4.197204 0.030000 6.407984 0.030000 6.573228 0.030000
3.641109 0.030000 3.440648 0.030000 6.281413 0.030000 6.292930 0.150000 2.187751 0.030000 2.160415 0.030000 3.885977 0.030000 4.532590 0.150000 6.365233 0.030000 6.567863 0.030000
3.639448 0.030000 3.465578 0.030000 6.254339 0.030000 6.178113 0.030000 3.007169 0.150000 2.193919 0.030000 4.196743 0.150000 4.129817 0.030000 6.442658 0.030000 6.513354 0.030000
3.684286 0.030000 3.412076 0.030000 6.288620 0.030000 6.128823 0.030000 2.195426 0.030000 2.162549 0.030000 3.864592 0.030000 4.084830 0.030000 6.405116 0.030000 6.589668 0.030000
3.654940 0.030000 3.453983 0.030000 6.227042 0.030000 6.407679 0.150000 2.220728 0.030000 2.147138 0.030000 3.867111 0.030000 4.116571 0.030000 6.417582 0.030000 7.216191 0.150000
3.665680 0.030000 3.454173 0.030000 6.260602 0.030000 6.166627 0.030000 2.211574 0.030000 2.182846 0.030000 3.862890 0.030000 4.129811 0.030000 6.403105 0.030000 6.547066 0.030000
3.683030 0.030000 3.493373 0.030000 6.319432 0.030000 6.186593 0.030000 2.972669 0.150000 2.178897 0.030000 3.782699 0.030000 4.107267 0.030000 6.406739 0.030000 6.543949 0.030000
3.751877 0.030000 4.462609 0.150000 6.279755 0.030000 6.133501 0.030000 2.201806 0.030000 2.180091 0.030000 3.785827 0.030000 4.010439 0.030000 6.414769 0.030000 6.519675 0.030000
3.704778 0.030000 3.503491 0.030000 6.325240 0.030000 6.133750 0.030000 2.156778 0.030000 2.522496 0.150000 3.778972 0.030000 4.010108 0.030000 6.319299 0.030000 7.061699 0.150000
3.950439 0.150000 3.456691 0.030000 6.402971 0.150000 6.185474 0.030000 2.173950 0.030000 2.189503 0.030000 3.783255 0.030000 4.095486 0.030000 6.411028 0.150000 6.499305 0.030000
3.835528 0.150000 3.519129 0.030000 6.332252 0.030000 6.160791 0.030000 2.217135 0.030000 2.374979 0.150000 3.745869 0.030000 4.045607 0.030000 6.322066 0.030000 6.485429 0.030000
4.273793 0.150000 3.543335 0.030000 6.427703 0.030000 6.232356 0.030000 2.224260 0.030000 2.186890 0.030000 3.765495 0.030000 4.009015 0.030000 6.363448 0.030000 6.446220 0.030000
3.759143 0.030000 3.498890 0.030000 6.645499 0.150000 6.179964 0.030000 2.194471 0.030000 2.156223 0.030000 3.737876 0.030000 4.028363 0.030000 6.358286 0.030000 6.485239 0.030000
3.735967 0.030000 3.547374 0.030000 6.371653 0.030000 6.198417 0.030000 2.555617 0.150000 2.179240 0.030000 3.766206 0.030000 4.012656 0.030000 6.373981 0.030000 6.460000 0.030000
3.807490 0.030000 3.577175 0.030000 6.393457 0.030000 6.236881 0.030000 2.214549 0.030000 2.139011 0.030000 3.721852 0.030000 4.084070 0.150000 6.319133 0.030000 6.489053 0.030000
3.876581 0.030000 3.554253 0.030000 6.362669 0.030000 6.244393 0.030000 2.049602 0.150000 2.188729 0.030000 3.707897 0.030000 3.946889 0.030000 6.322441 0.030000 6.471490 0.030000
3.838139 0.030000 3.565984 0.030000 6.425664 0.030000 6.535151 0.150000 2.220705 0.030000 2.171622 0.030000 3.682972 0.030000 3.959543 0.030000 6.595075 0.150000 6.441513 0.030000
3.882175 0.030000 3.583152 0.030000 6.416790 0.030000 6.258613 0.030000 2.242665 0.030000 2.180993 0.030000 3.737950 0.030000 3.936392 0.030000 6.317259 0.030000 6.443399 0.030000
3.893029 0.030000 3.597793 0.030000 6.406412 0.030000 6.277671 0.030000 2.221317 0.030000 2.166324 0.030000 3.665766 0.030000 3.915396 0.030000 6.307806 0.030000 6.444732 0.030000
3.894273 0.030000 3.674328 0.030000 6.495807 0.030000 6.225989 0.030000 2.222146 0.030000 2.187393 0.030000 3.735290 0.030000 3.905100 0.030000 6.992190 0.150000 6.449766 0.030000
3.912105 0.030000 3.685214 0.030000 6.372201 0.030000 6.219651 0.030000 2.206230 0.030000 2.216663 0.030000 3.606946 0.030000 3.911605 0.030000 6.290858 0.030000 6.451544 0.030000
3.912939 0.030000 3.648840 0.030000 6.385516 0.030000 6.232541 0.030000 2.213546 0.030000 2.213329 0.030000 3.704220 0.150000 3.860192 0.030000 6.287503 0.030000 6.451703 0.030000
3.908272 0.030000 3.626447 0.030000 6.486750 0.030000 6.279845 0.030000 2.248144 0.030000 2.167776 0.030000 3.591731 0.030000 3.885264 0.030000 6.313477 0.030000 6.451043 0.030000
3.907153 0.030000 3.688072 0.030000 6.445673 0.030000 6.331231 0.030000 2.279285 0.030000 2.156904 0.030000 3.545664 0.030000 3.878154 0.030000 6.272967 0.030000 6.356668 0.030000
3.887204 0.030000 3.704996 0.030000 6.421244 0.030000 6.236831 0.030000 2.244104 0.030000 2.232987 0.030000 3.595704 0.030000 3.857130 0.030000 6.333748 0.030000 6.403717 0.030000
3.938667 0.030000 3.720024 0.030000 6.455955 0.030000 6.308830 0.030000 2.532454 0.150000 2.186036 0.030000 3.568638 0.030000 3.784631 0.030000 6.285768 0.030000 6.329930 0.030000
3.973500 0.030000 3.744763 0.030000 6.488377 0.030000 6.322484 0.030000 2.248335 0.030000 2.801083 0.150000 3.563228 0.030000 3.761565 0.030000 6.280778 0.030000 6.398852 0.030000
3.956075 0.030000 3.732731 0.030000 6.529553 0.030000 6.298172 0.030000 2.201088 0.030000 2.185423 0.030000 3.608970 0.030000 3.797373 0.030000 6.286269 0.030000 6.358104 0.030000
3.946147 0.030000 3.734945 0.030000 6.445137 0.030000 6.290798 0.030000 3.266254 0.150000 2.203563 0.030000 3.570125 0.030000 3.780091 0.030000 6.269354 0.030000 6.464923 0.030000
3.982842 0.030000 3.750730 0.030000 6.471639 0.030000 6.334323 0.030000 2.261362 0.030000 2.175479 0.030000 3.470474 0.030000 3.880306 0.150000 6.234089 0.030000 6.395366 0.030000
3.974226 0.030000 3.758431 0.030000 6.497606 0.030000 6.342381 0.030000 2.260111 0.030000 2.206418 0.030000 3.558653 0.030000 3.794069 0.030000 6.233139 0.030000 6.306969 0.030000
3.959056 0.030000 3.739921 0.030000 6.509522 0.030000 6.376468 0.030000 2.259605 0.030000 2.222481 0.030000 3.465879 0.030000 3.712560 0.030000 6.298039 0.150000 6.346470 0.030000
4.035974 0.030000 3.748719 0.030000 6.992971 0.150000 6.359917 0.030000 2.685761 0.150000 2.178579 0.030000 3.499461 0.030000 3.757381 0.030000 6.244737 0.030000 6.308395 0.030000
4.002544 0.030000 3.773285 0.030000 6.524275 0.030000 6.371130 0.030000 2.272063 0.030000 2.200368 0.030000 3.487162 0.030000 4.038600 0.150000 6.202506 0.030000 6.596454 0.150000
4.060968 0.030000 3.770024 0.030000 6.555710 0.030000 6.344167 0.030000 2.282338 0.030000 2.686214 0.150000 3.498932 0.030000 3.733882 0.030000 6.252975 0.030000 6.315343 0.030000
4.044850 0.030000 3.779185 0.030000 6.532447 0.030000 6.647075 0.150000 2.294390 0.030000 2.537303 0.150000 3.484957 0.030000 3.744731 0.030000 6.250877 0.150000 6.330155 0.030000
4.104860 0.030000 3.870978 0.030000 6.571852 0.030000 6.281292 0.030000 2.319582 0.030000 2.232507 0.030000 5.027275 0.150000 3.652235 0.030000 6.238372 0.030000 6.423437 0.030000
4.061906 0.030000 3.842545 0.030000 6.555895 0.030000 6.402135 0.030000 2.273891 0.030000 2.242306 0.030000 3.439418 0.030000 3.714703 0.030000 6.164959 0.150000 6.352159 0.030000
4.062610 0.030000 3.824196 0.030000 6.529398 0.030000 6.353030 0.030000 2.303395 0.030000 2.230891 0.030000 3.427059 0.030000 3.653533 0.030000 6.163307 0.030000 6.310724 0.030000
4.118456 0.030000 3.870487 0.030000 6.562050 0.030000 6.418925 0.030000 2.279487 0.030000 2.189792 0.030000 3.429970 0.030000 3.721432 0.030000 6.223094 0.030000 6.341278 0.030000
4.088970 0.030000 3.887577 0.030000 6.831072 0.150000 6.390130 0.030000 2.288821 0.030000 2.249913 0.030000 3.469886 0.030000 3.702262 0.030000 6.211575 0.030000 6.310841 0.030000
4.110139 0.030000 3.874255 0.030000 6.608343 0.030000 6.399610 0.030000 2.313389 0.030000 2.232924 0.030000 3.438941 0.030000 3.686916 0.030000 6.204589 0.030000 6.327983 0.030000
4.365671 0.150000 3.845482 0.030000 6.569023 0.030000 6.425490 0.030000 2.318355 0.030000 2.229781 0.030000 3.391464 0.030000 3.641105 0.030000 6.182989 0.030000 6.279604 0.030000
4.131923 0.030000 3.872091 0.030000 6.597549 0.030000 7.185596 0.150000 2.336236 0.030000 2.171338 0.030000 3.350291 0.030000 3.685798 0.030000 6.218043 0.030000 6.321620 0.030000
4.137458 0.030000 3.901957 0.030000 6.591834 0.030000 6.541068 0.150000 2.258524 0.030000 2.263340 0.030000 3.425814 0.030000 3.658421 0.030000 6.165538 0.030000 6.288090 0.030000
4.341953 0.150000 3.912968 0.030000 6.678476 0.150000 6.384914 0.030000 2.288362 0.030000 2.534382 0.150000 3.391619 0.030000 3.624595 0.030000 6.165062 0.030000 6.642701 0.150000
4.109961 0.150000 3.889230 0.030000 6.613768 0.030000 6.422738 0.030000 2.368607 0.030000 2.230222 0.030000 3.435891 0.030000 3.649952 0.030000 6.232144 0.030000 6.297070 0.030000
4.102038 0.030000 3.888261 0.030000 6.589097 0.030000 6.463764 0.030000 2.334053 0.030000 2.273895 0.030000 3.394307 0.030000 3.306455 0.150000 6.180098 0.030000 6.286216 0.030000
4.259208 0.030000 3.941435 0.030000 6.562291 0.030000 6.442318 0.030000 2.511546 0.150000 2.265043 0.030000 3.357407 0.030000 3.620793 0.030000 6.151607 0.030000 6.284966 0.030000
4.204951 0.030000 3.974688 0.030000 6.643011 0.030000 6.471079 0.030000 2.339075 0.030000 2.266458 0.030000 3.498121 0.150000 3.561406 0.030000 6.198536 0.030000 6.288220 0.030000
4.133975 0.030000 3.978588 0.030000 6.663818 0.030000 6.471751 0.030000 2.320563 0.030000 2.186803 0.030000 3.413392 0.150000 3.593289 0.030000 6.180928 0.030000 6.281386 0.030000
4.255643 0.150000 3.930471 0.030000 6.779707 0.150000 6.474767 0.030000 2.314754 0.030000 2.238602 0.030000 3.379157 0.030000 3.613331 0.030000 6.117272 0.150000 6.306085 0.030000
4.250469 0.030000 3.925174 0.030000 6.622990 0.030000 7.416595 0.150000 2.305894 0.030000 2.240633 0.030000 3.320015 0.030000 3.546322 0.030000 6.121176 0.030000 6.228633 0.030000
4.229363 0.030000 3.987189 0.030000 6.668146 0.030000 6.418296 0.030000 2.342002 0.030000 2.297767 0.030000 3.272962 0.030000 3.549409 0.030000 6.162724 0.030000 6.046793 0.150000
4.231464 0.030000 3.913416 0.030000 6.683036 0.150000 6.479739 0.030000 2.303922 0.030000 2.138367 0.150000 3.329369 0.030000 3.580596 0.030000 6.171835 0.030000 6.228781 0.030000
4.225848 0.030000 3.947746 0.030000 6.653868 0.030000 6.485674 0.030000 2.289936 0.030000 2.253094 0.030000 3.348447 0.030000 3.577161 0.030000 6.164734 0.030000 6.317948 0.030000
4.191293 0.030000 3.960484 0.030000 6.655842 0.030000 6.469354 0.030000 2.296784 0.030000 2.282295 0.030000 3.301276 0.030000 3.552627 0.030000 6.145213 0.030000 6.301223 0.030000
4.159490 0.030000 3.995678 0.030000 6.665050 0.030000 6.458658 0.030000 2.319779 0.030000 2.259449 0.150000 3.302345 0.030000 3.639827 0.150000 6.130155 0.030000 6.229145 0.030000
4.201619 0.030000 3.968194 0.030000 6.692402 0.030000 6.478488 0.030000 2.357503 0.030000 2.240189 0.030000 3.279423 0.030000 3.589122 0.030000 6.128574 0.030000 6.205718 0.030000
4.226207 0.030000 5.750280 0.150000 6.673303 0.030000 6.450138 0.030000 2.380201 0.030000 2.285695 0.030000 3.325680 0.030000 3.497876 0.030000 6.169155 0.030000 6.247188 0.030000
4.262601 0.030000 3.998338 0.030000 6.664196 0.030000 6.540374 0.030000 2.332914 0.030000 2.200598 0.030000 3.276383 0.030000 3.880566 0.150000 6.128332 0.030000 6.264647 0.030000
4.256765 0.030000 4.000584 0.030000 6.645162 0.030000 6.453916 0.030000 2.349474 0.030000 2.277331 0.030000 3.272848 0.030000 3.539896 0.030000 6.333049 0.150000 6.215628 0.030000
4.248987 0.030000 3.960907 0.030000 7.159082 0.150000 6.549048 0.030000 2.350460 0.030000 2.258966 0.030000 3.474244 0.150000 3.529068 0.030000 6.122084 0.030000 6.262657 0.030000
4.245866 0.030000 4.036588 0.030000 6.669272 0.030000 6.517031 0.030000 2.279235 0.030000 2.291539 0.030000 3.232478 0.030000 3.502290 0.030000 6.106561 0.030000 6.237838 0.030000
4.256580 0.030000 4.041663 0.030000 6.575660 0.150000 6.546318 0.030000 2.289311 0.030000 2.264720 0.030000 3.225592 0.030000 3.518327 0.030000 6.137533 0.030000 6.219673 0.030000
4.257435 0.030000 4.003347 0.030000 6.718795 0.030000 6.532241 0.030000 2.384366 0.030000 2.306419 0.030000 3.284776 0.030000 3.455583 0.030000 6.163894 0.030000 6.251091 0.030000
4.234477 0.030000 4.009287 0.030000 6.708749 0.030000 6.529481 0.030000 2.361448 0.030000 2.438944 0.150000 3.303082 0.030000 3.450492 0.030000 6.085918 0.030000 6.227993 0.030000
4.241211 0.030000 4.088972 0.030000 6.732007 0.030000 6.540734 0.030000 2.519219 0.150000 2.254610 0.030000 3.272722 0.030000 3.437510 0.030000 6.115541 0.030000 6.235092 0.030000
4.287551 0.030000 4.096657 0.030000 6.737952 0.030000 6.544752 0.030000 2.692116 0.150000 2.264580 0.030000 3.216244 0.030000 3.492835 0.030000 6.090558 0.030000 6.235748 0.030000
4.277002 0.030000 4.346051 0.150000 6.768048 0.030000 6.614715 0.030000 2.367479 0.030000 2.255251 0.030000 3.195225 0.030000 3.450834 0.030000 6.062672 0.030000 6.232774 0.030000
4.292518 0.030000 4.094574 0.030000 6.740581 0.030000 6.516705 0.030000 2.338703 0.030000 2.275308 0.030000 3.612141 0.150000 3.428583 0.030000 6.142374 0.030000 6.244205 0.030000
4.201480 0.030000 4.052951 0.030000 6.758153 0.030000 6.531341 0.030000 2.395876 0.030000 2.356949 0.150000 3.211348 0.030000 3.482574 0.030000 6.101708 0.030000 6.585351 0.150000
4.248078 0.030000 4.044310 0.030000 6.682229 0.030000 6.550569 0.030000 2.324952 0.030000 2.265440 0.030000 3.190763 0.030000 3.416742 0.030000 6.252447 0.150000 6.242450 0.030000
4.325027 0.030000 4.110442 0.030000 6.684098 0.030000 6.520043 0.030000 2.383618 0.030000 2.288686 0.030000 3.182997 0.030000 3.483960 0.030000 6.168552 0.150000 6.257289 0.030000
4.352732 0.030000 4.068857 0.030000 6.662192 0.030000 6.523866 0.030000 2.386736 0.030000 2.255845 0.030000 3.160943 0.030000 3.416721 0.030000 6.093369 0.030000 6.235243 0.030000
4.289707 0.030000 4.104052 0.030000 6.764766 0.030000 6.566631 0.150000 2.387954 0.030000 2.355582 0.030000 3.225561 0.030000 3.608763 0.150000 6.169030 0.030000 6.149790 0.030000
4.639859 0.150000 4.440045 0.150000 6.740970 0.030000 6.548303 0.030000 2.977521 0.150000 2.256447 0.030000 3.183816 0.030000 3.443529 0.030000 6.126005 0.030000 6.196930 0.030000
4.306009 0.030000 4.088551 0.030000 6.722083 0.030000 6.635963 0.030000 2.401208 0.030000 2.280678 0.030000 3.167913 0.030000 3.358453 0.030000 6.053820 0.030000 6.153546 0.030000
4.343116 0.030000 4.110245 0.030000 6.797543 0.030000 6.589503 0.030000 2.449668 0.030000 2.327244 0.030000 3.160224 0.030000 3.425258 0.030000 6.100466 0.030000 6.223521 0.030000
4.321682 0.030000 4.105669 0.030000 6.796742 0.030000 6.558667 0.030000 2.596391 0.150000 2.246504 0.030000 3.169195 0.030000 3.450164 0.030000 6.074629 0.030000 6.221862 0.030000
4.324154 0.030000 4.097138 0.030000 6.761927 0.030000 6.622027 0.030000 2.385396 0.030000 2.288640 0.030000 3.841235 0.150000 3.445296 0.030000 6.089160 0.030000 6.184643 0.030000
4.306775 0.030000 4.080229 0.030000 6.734420 0.030000 6.580744 0.030000 2.387435 0.030000 2.288830 0.030000 3.113830 0.030000 3.396363 0.030000 6.049362 0.030000 6.187855 0.030000
4.340212 0.030000 4.063777 0.030000 6.761032 0.030000 6.613434 0.030000 2.397431 0.030000 2.339661 0.030000 3.202056 0.030000 3.382063 0.030000 6.029344 0.030000 6.175755 0.030000
4.336821 0.030000 4.159186 0.030000 6.699779 0.030000 6.637355 0.030000 2.371525 0.030000 2.325978 0.030000 3.143494 0.030000 3.421542 0.030000 6.099637 0.030000 6.223572 0.030000
4.488931 0.150000 4.158128 0.030000 6.712669 0.030000 6.551812 0.030000 2.371797 0.030000 2.346461 0.030000 3.199786 0.030000 3.396304 0.030000 6.042188 0.030000 6.180667 0.030000
4.404408 0.030000 4.125844 0.030000 6.744308 0.030000 6.618500 0.030000 2.389751 0.030000 2.349471 0.030000 3.186829 0.030000 3.347660 0.030000 6.316314 0.150000 6.184584 0.030000
4.381213 0.030000 4.101221 0.030000 6.718444 0.030000 6.569090 0.030000 2.454345 0.150000 2.334359 0.030000 3.134270 0.030000 3.405417 0.030000 6.067451 0.030000 6.217441 0.150000
4.343178 0.030000 4.089905 0.030000 6.732447 0.030000 6.907101 0.150000 2.328131 0.030000 2.354542 0.030000 3.568070 0.150000 3.427099 0.030000 6.039666 0.030000 6.225938 0.030000
4.967778 0.150000 4.107484 0.030000 6.681404 0.030000 6.636650 0.030000 2.348327 0.030000 2.341771 0.030000 3.176317 0.030000 3.403638 0.030000 6.026974 0.030000 6.260219 0.030000
4.329198 0.030000 4.146548 0.030000 6.781221 0.030000 6.885886 0.150000 2.343179 0.030000 2.355058 0.030000 3.120525 0.030000 3.374354 0.030000 6.021126 0.030000 6.231552 0.030000
4.401535 0.030000 4.135379 0.030000 6.729531 0.030000 6.637480 0.030000 2.343315 0.030000 2.400078 0.030000 3.105912 0.030000 3.325195 0.030000 6.044368 0.030000 6.265247 0.030000
4.376347 0.030000 4.803852 0.150000 6.661853 0.030000 6.637305 0.030000 2.337213 0.030000 2.382457 0.030000 3.126713 0.030000 3.331495 0.030000 5.998508 0.030000 6.259548 0.030000
4.470042 0.150000 4.105463 0.030000 6.706659 0.030000 6.681636 0.030000 2.378369 0.030000 2.324620 0.030000 3.132152 0.030000 3.311438 0.030000 6.063826 0.030000 6.219994 0.030000
4.387502 0.030000 4.162923 0.030000 6.701221 0.030000 6.637097 0.030000 2.300990 0.030000 2.420467 0.030000 3.209014 0.030000 3.328589 0.030000 5.993324 0.030000 6.267109 0.030000
4.551838 0.150000 4.171949 0.030000 6.702638 0.030000 6.651714 0.030000 2.330242 0.030000 2.382687 0.030000 3.171775 0.030000 3.346995 0.030000 5.968952 0.030000 6.232082 0.030000
4.381694 0.030000 4.135072 0.030000 6.690629 0.030000 6.690282 0.030000 2.283454 0.030000 2.388402 0.030000 3.190827 0.030000 3.314379 0.030000 6.079787 0.150000 6.225126 0.030000
4.381540 0.030000 4.203515 0.030000 6.691494 0.030000 6.712727 0.030000 2.228372 0.030000 2.404427 0.030000 3.167941 0.030000 3.262475 0.030000 5.930635 0.030000 6.224024 0.030000
4.637337 0.150000 4.171926 0.030000 6.698670 0.030000 6.690681 0.030000 2.320551 0.030000 2.444903 0.030000 3.143324 0.030000 3.253794 0.030000 5.896080 0.030000 6.184192 0.030000
4.449089 0.030000 4.229248 0.030000 7.519345 0.150000 6.740545 0.030000 2.230689 0.030000 2.397595 0.030000 3.168015 0.030000 3.246820 0.030000 5.942618 0.030000 6.154341 0.030000
4.429090 0.030000 4.235590 0.030000 6.634830 0.030000 6.668130 0.030000 2.253352 0.030000 2.353587 0.030000 3.118485 0.030000 3.224035 0.030000 5.907934 0.030000 6.161773 0.030000
4.406941 0.030000 4.280623 0.030000 6.621778 0.030000 6.718469 0.030000 3.123727 0.150000 2.398943 0.030000 3.538784 0.150000 3.280496 0.030000 5.879559 0.030000 6.168161 0.030000
4.453130 0.030000 4.241200 0.030000 6.625695 0.030000 6.675185 0.030000 2.197939 0.030000 2.400706 0.030000 3.200313 0.030000 3.242980 0.030000 5.869508 0.030000 6.146158 0.030000
4.427046 0.030000 4.384391 0.030000 6.631045 0.030000 6.719031 0.030000 2.174639 0.030000 2.356540 0.030000 3.185868 0.030000 3.270572 0.030000 5.895344 0.030000 6.148559 0.030000
4.412579 0.030000 4.310978 0.030000 6.849519 0.150000 6.712809 0.030000 2.920341 0.150000 2.366976 0.030000 3.178236 0.030000 3.635970 0.150000 5.890676 0.030000 6.285278 0.150000
4.390875 0.030000 4.347330 0.030000 6.562360 0.030000 6.745229 0.030000 2.186227 0.030000 2.390647 0.030000 3.220389 0.030000 3.219791 0.030000 5.936019 0.030000 6.077103 0.030000
4.481780 0.150000 4.330738 0.030000 6.582627 0.030000 6.681630 0.030000 2.174920 0.030000 2.312166 0.030000 3.180592 0.030000 3.171560 0.030000 5.843130 0.030000 6.018703 0.030000
4.434067 0.030000 4.335558 0.030000 6.585622 0.030000 6.719816 0.030000 2.097756 0.030000 2.363835 0.030000 3.244384 0.030000 3.240232 0.030000 5.854221 0.030000 6.051697 0.030000
4.431678 0.030000 4.343208 0.030000 6.565333 0.030000 6.724176 0.030000 2.074928 0.030000 2.402735 0.150000 3.789440 0.150000 3.174151 0.030000 6.793290 0.150000 6.033331 0.150000
4.482740 0.030000 4.338180 0.030000 6.505216 0.030000 6.746506 0.030000 2.047715 0.030000 2.317623 0.030000 3.226750 0.030000 3.183741 0.030000 5.800722 0.030000 6.683989 0.150000
4.402227 0.030000 4.501121 0.150000 6.482449 0.030000 6.613453 0.150000 2.060941 0.030000 2.347273 0.030000 3.216833 0.030000 3.167619 0.030000 5.799980 0.030000 5.981850 0.030000
4.401219 0.030000 4.335421 0.030000 6.493749 0.030000 6.688286 0.030000 2.548578 0.150000 2.284270 0.030000 3.254482 0.030000 3.143122 0.030000 5.755081 0.030000 6.014671 0.030000
4.395955 0.030000 4.355070 0.030000 6.431433 0.030000 6.688239 0.030000 2.091203 0.030000 2.319455 0.030000 3.366630 0.030000 3.173196 0.030000 5.774640 0.030000 5.984528 0.030000
4.407934 0.030000 4.436694 0.030000 6.452129 0.030000 6.671430 0.030000 2.000194 0.030000 2.294338 0.030000 3.344544 0.030000 3.127326 0.030000 5.776283 0.030000 5.981786 0.030000
4.415822 0.030000 4.458673 0.030000 6.967996 0.150000 6.681623 0.030000 2.025896 0.030000 2.192661 0.030000 3.305702 0.030000 3.150783 0.030000 5.709799 0.030000 5.957254 0.030000
4.436665 0.030000 4.311680 0.030000 6.391492 0.030000 6.619950 0.030000 2.084746 0.030000 2.203452 0.030000 3.311961 0.030000 3.378695 0.150000 5.742921 0.030000 5.890484 0.030000
4.500150 0.030000 5.062712 0.150000 6.608899 0.150000 6.617481 0.030000 1.979703 0.030000 2.264487 0.030000 3.299322 0.030000 3.164284 0.030000 5.704518 0.030000 5.911564 0.030000
4.437494 0.030000 4.382451 0.030000 6.428168 0.030000 6.656498 0.030000 1.988813 0.030000 2.216024 0.030000 3.317656 0.030000 3.223800 0.030000 5.699115 0.030000 5.893322 0.030000
4.437874 0.030000 4.380975 0.030000 6.387693 0.030000 6.614171 0.030000 1.980215 0.030000 2.189827 0.030000 3.304496 0.030000 3.419751 0.150000 5.774074 0.030000 5.923446 0.030000
4.448465 0.030000 4.346827 0.030000 6.393826 0.030000 6.761237 0.150000 1.959095 0.030000 2.177001 0.030000 3.297463 0.030000 3.254026 0.030000 5.649730 0.030000 5.892066 0.030000
4.502273 0.030000 4.470851 0.030000 6.399451 0.030000 6.911663 0.150000 2.067817 0.150000 2.207329 0.030000 3.366942 0.030000 3.230911 0.030000 5.631419 0.030000 5.954489 0.030000
4.488601 0.030000 4.392382 0.030000 6.389569 0.030000 6.608411 0.030000 1.931379 0.030000 2.340282 0.150000 3.321742 0.030000 3.209785 0.030000 5.652780 0.030000 5.948533 0.030000
4.486034 0.030000 4.432525 0.030000 6.364619 0.030000 6.545543 0.030000 1.863261 0.030000 2.123721 0.030000 3.325655 0.030000 3.273322 0.030000 5.672811 0.030000 5.823784 0.030000
4.582481 0.150000 4.406578 0.030000 6.531294 0.150000 6.562322 0.030000 2.190078 0.150000 2.127312 0.030000 3.294220 0.030000 3.255708 0.030000 5.582143 0.030000 5.860822 0.030000
5.148308 0.150000 4.418441 0.030000 6.365897 0.030000 6.497701 0.030000 1.944701 0.030000 2.105126 0.030000 3.337611 0.030000 3.211212 0.150000 5.608672 0.030000 5.782413 0.030000
4.452748 0.030000 4.419533 0.030000 6.519297 0.150000 6.465856 0.030000 1.885366 0.030000 2.102047 0.030000 3.300854 0.030000 3.228735 0.030000 5.560928 0.030000 5.787401 0.030000
4.475749 0.030000 4.415783 0.030000 7.356759 0.150000 6.491014 0.030000 1.866832 0.030000 2.119442 0.030000 3.347824 0.030000 3.273148 0.030000 5.568198 0.030000 5.812753 0.030000
4.446048 0.030000 4.460992 0.030000 6.308674 0.030000 6.481485 0.030000 1.860441 0.030000 2.095713 0.030000 3.621839 0.150000 3.241080 0.030000 5.575776 0.030000 5.846581 0.030000
4.491230 0.030000 4.406708 0.030000 6.297258 0.030000 6.554123 0.030000 1.701422 0.150000 2.050346 0.030000 3.396558 0.030000 3.270125 0.030000 5.534875 0.030000 5.790161 0.030000
4.524993 0.030000 4.387489 0.030000 6.284556 0.030000 6.493513 0.030000 1.811362 0.030000 2.044267 0.030000 3.369790 0.030000 3.394634 0.150000 5.541256 0.030000 5.780993 0.030000
4.475467 0.030000 4.414402 0.030000 6.290162 0.030000 6.412013 0.030000 1.972848 0.150000 2.042462 0.030000 3.340702 0.030000 3.289217 0.030000 5.608127 0.030000 5.696337 0.030000
4.510220 0.030000 4.456713 0.030000 6.246482 0.030000 6.463950 0.030000 1.799826 0.030000 1.988988 0.030000 3.373170 0.030000 3.280267 0.030000 5.686392 0.150000 5.799933 0.030000
4.498690 0.030000 4.462713 0.030000 6.216277 0.030000 6.453789 0.030000 1.812217 0.030000 2.021452 0.030000 3.328191 0.030000 3.316255 0.030000 5.543796 0.030000 5.663020 0.030000
4.530299 0.030000 4.427774 0.030000 6.240172 0.030000 6.487851 0.030000 1.756929 0.030000 1.996251 0.030000 3.388542 0.030000 3.292988 0.030000 5.476300 0.030000 5.723501 0.030000
4.513021 0.030000 4.442302 0.030000 6.203205 0.030000 6.427269 0.030000 1.757221 0.030000 1.951750 0.030000 3.354589 0.030000 3.302749 0.030000 5.572981 0.030000 5.697582 0.030000
4.575012 0.030000 4.503659 0.030000 6.245491 0.030000 6.456079 0.030000 1.721820 0.030000 1.960786 0.030000 3.369554 0.030000 3.357331 0.030000 5.514390 0.030000 5.996808 0.150000
4.483644 0.030000 4.450596 0.030000 6.246560 0.150000 6.371209 0.030000 1.723738 0.030000 1.976792 0.030000 3.376322 0.030000 3.245452 0.150000 5.435634 0.030000 5.726240 0.030000
4.533322 0.030000 4.440749 0.030000 6.210551 0.030000 6.374188 0.030000 1.694591 0.030000 1.929128 0.030000 3.456334 0.030000 3.421662 0.030000 5.419222 0.030000 6.511452 0.150000
4.607496 0.030000 4.458392 0.030000 6.145913 0.030000 6.337326 0.030000 1.731920 0.030000 1.950251 0.030000 3.397799 0.030000 3.305465 0.030000 6.332822 0.150000 5.639759 0.030000
4.548819 0.030000 4.519539 0.030000 6.191555 0.030000 6.311500 0.030000 1.689750 0.030000 1.964549 0.030000 3.472781 0.030000 3.373344 0.030000 5.940572 0.150000 5.650823 0.030000
4.539889 0.030000 4.523805 0.030000 6.136288 0.030000 6.389243 0.030000 1.671586 0.030000 1.890495 0.030000 3.417798 0.030000 3.291355 0.030000 5.463061 0.030000 5.653849 0.030000
4.579566 0.030000 4.450060 0.030000 6.120737 0.030000 6.346358 0.030000 1.690992 0.030000 1.879775 0.030000 3.453967 0.030000 3.336647 0.030000 5.406645 0.030000 5.619279 0.030000
4.577621 0.030000 4.455444 0.030000 6.195809 0.030000 6.410674 0.030000 1.621523 0.030000 1.904972 0.030000 3.421833 0.030000 3.335395 0.030000 5.319309 0.030000 5.564279 0.030000
4.591163 0.030000 4.513045 0.030000 6.140113 0.030000 6.307441 0.030000 1.617754 0.030000 1.855986 0.030000 3.446751 0.030000 3.340739 0.030000 5.356623 0.030000 5.659391 0.030000
4.587218 0.030000 4.518140 0.030000 6.167290 0.030000 6.294125 0.030000 1.646384 0.030000 1.861178 0.030000 3.487148 0.030000 3.288140 0.030000 5.353223 0.030000 5.562574 0.030000
4.583172 0.030000 4.498512 0.030000 6.111490 0.030000 6.317120 0.030000 1.781312 0.150000 1.828316 0.030000 3.497589 0.030000 3.396601 0.030000 5.346206 0.030000 5.579952 0.030000
4.616227 0.030000 4.494938 0.030000 6.084825 0.030000 6.250339 0.030000 1.607082 0.030000 1.829830 0.030000 3.470470 0.030000 3.379197 0.030000 5.336067 0.030000 5.560064 0.030000
4.568189 0.030000 4.483669 0.030000 6.161593 0.030000 6.348305 0.150000 2.071549 0.150000 2.247702 0.150000 3.516798 0.030000 3.422066 0.030000 5.507806 0.150000 5.563702 0.030000
4.607025 0.030000 4.525994 0.030000 6.104154 0.030000 6.271519 0.030000 1.599778 0.030000 1.820682 0.030000 3.485977 0.030000 3.383443 0.030000 5.329069 0.030000 5.530437 0.030000
4.660571 0.030000 4.523315 0.030000 6.089661 0.030000 6.265679 0.030000 1.550735 0.030000 1.795163 0.030000 3.506273 0.030000 3.337812 0.030000 5.300114 0.030000 5.545141 0.030000
4.633487 0.030000 4.524177 0.030000 5.998480 0.030000 6.222938 0.030000 1.503408 0.030000 1.749889 0.030000 3.555112 0.030000 3.363329 0.030000 5.280662 0.030000 5.549351 0.030000
4.651955 0.030000 4.517256 0.030000 6.091623 0.030000 6.212382 0.030000 1.545543 0.030000 2.109266 0.150000 3.468701 0.030000 3.409601 0.030000 5.235707 0.030000 5.494539 0.030000
4.617150 0.030000 4.533096 0.030000 6.097802 0.030000 6.177562 0.030000 1.550670 0.030000 1.753873 0.030000 3.569123 0.030000 3.487034 0.030000 5.269487 0.030000 5.475685 0.030000
4.617371 0.030000 4.496127 0.030000 5.984246 0.030000 6.169640 0.030000 1.518203 0.030000 1.734148 0.030000 3.809297 0.150000 3.432604 0.030000 5.206688 0.030000 5.462089 0.030000
4.863735 0.150000 4.570988 0.030000 5.999344 0.030000 6.523662 0.150000 1.523595 0.030000 1.695608 0.030000 3.515822 0.030000 3.420727 0.030000 5.241611 0.030000 5.467243 0.030000
4.683378 0.030000 4.580353 0.030000 5.987382 0.030000 6.152232 0.030000 1.513286 0.030000 1.732145 0.030000 3.535854 0.030000 3.421296 0.030000 5.187968 0.030000 5.502765 0.030000
4.667610 0.030000 4.543615 0.030000 6.031306 0.030000 6.145926 0.030000 1.453008 0.030000 1.680496 0.030000 3.515868 0.030000 3.445651 0.030000 5.195969 0.030000 5.475186 0.030000
4.718284 0.030000 4.557130 0.030000 6.004853 0.030000 6.110239 0.030000 1.443623 0.030000 1.627700 0.030000 3.542648 0.030000 3.434569 0.030000 5.235676 0.030000 5.409459 0.030000
4.688873 0.030000 4.526506 0.030000 5.975675 0.030000 6.166156 0.030000 1.469306 0.030000 1.666642 0.030000 3.482126 0.030000 3.443097 0.030000 5.179684 0.030000 5.391820 0.030000
4.603984 0.030000 4.553574 0.030000 6.031358 0.030000 6.095748 0.030000 1.469152 0.030000 1.645214 0.030000 3.501687 0.030000 3.462529 0.030000 5.189204 0.030000 5.415513 0.030000
5.140072 0.150000 4.631687 0.030000 5.968732 0.030000 6.137813 0.030000 1.413451 0.030000 1.610206 0.030000 3.594949 0.030000 3.422151 0.030000 5.158588 0.030000 5.331700 0.030000
4.649352 0.030000 4.543157 0.030000 5.947162 0.150000 6.106305 0.030000 1.429986 0.030000 1.604508 0.030000 3.582144 0.030000 3.539862 0.030000 5.153662 0.030000 5.325835 0.030000
4.698987 0.030000 4.650526 0.030000 6.017969 0.030000 6.127490 0.030000 1.378678 0.030000 1.621240 0.030000 3.532603 0.150000 3.449911 0.030000 5.151188 0.030000 5.338637 0.030000
4.695577 0.030000 4.587918 0.030000 5.973224 0.030000 6.104969 0.030000 1.355245 0.030000 1.632753 0.030000 3.614018 0.030000 3.456637 0.030000 5.157287 0.030000 5.344343 0.030000
4.699127 0.030000 4.587139 0.030000 5.934683 0.030000 6.065341 0.030000 1.355446 0.030000 1.609799 0.030000 3.577621 0.030000 3.497685 0.030000 6.007243 0.150000 5.335126 0.030000
4.660021 0.030000 4.595803 0.030000 5.901611 0.030000 6.092729 0.030000 1.375258 0.030000 1.577578 0.030000 3.602897 0.030000 3.453672 0.030000 5.142179 0.030000 5.286147 0.030000
4.721044 0.030000 4.619472 0.030000 5.925355 0.030000 6.044927 0.030000 1.423774 0.030000 1.544937 0.030000 3.608343 0.030000 3.438598 0.030000 5.108493 0.030000 5.277051 0.030000
4.732461 0.030000 4.623830 0.030000 5.870782 0.030000 6.082414 0.030000 1.292523 0.030000 1.529687 0.030000 3.965208 0.150000 3.470399 0.030000 5.031199 0.030000 5.281700 0.030000
4.759032 0.030000 4.648959 0.030000 5.880932 0.030000 5.977093 0.030000 1.559527 0.150000 1.558773 0.030000 3.620855 0.030000 3.471157 0.030000 5.068764 0.030000 5.249067 0.030000
4.690363 0.030000 4.701593 0.030000 5.848653 0.030000 6.057570 0.030000 1.333044 0.030000 1.493507 0.030000 3.727617 0.150000 3.493365 0.030000 5.017693 0.150000 5.268636 0.030000
4.709914 0.030000 4.667650 0.030000 5.916665 0.030000 5.994057 0.030000 1.288200 0.030000 1.501066 0.030000 3.638064 0.030000 3.512702 0.030000 5.018154 0.030000 5.310712 0.150000
4.805453 0.030000 4.564847 0.150000 5.856779 0.030000 6.001831 0.030000 1.300844 0.030000 1.505858 0.030000 3.583798 0.030000 3.485266 0.030000 5.041269 0.030000 5.223234 0.030000
4.788026 0.030000 4.565091 0.150000 5.841983 0.030000 6.049206 0.030000 1.310527 0.030000 1.490794 0.030000 3.643422 0.030000 3.561402 0.030000 4.964442 0.030000 5.249945 0.030000
5.180722 0.150000 4.647572 0.030000 5.839508 0.030000 6.066683 0.030000 1.297524 0.030000 1.520606 0.030000 3.628905 0.030000 3.518460 0.030000 4.964619 0.030000 5.221362 0.030000
4.781433 0.030000 4.661730 0.030000 5.822655 0.030000 6.006354 0.030000 1.635537 0.150000 1.464597 0.030000 3.651461 0.030000 3.584336 0.030000 5.049982 0.030000 5.236742 0.030000
4.844696 0.030000 4.662659 0.030000 5.809278 0.030000 5.994953 0.030000 1.306068 0.030000 1.489674 0.030000 3.661244 0.030000 3.837039 0.150000 4.966597 0.030000 5.153748 0.030000
4.739954 0.030000 4.673686 0.030000 5.944864 0.150000 6.000221 0.030000 1.297202 0.030000 1.468512 0.030000 3.655292 0.030000 3.602314 0.030000 4.980490 0.030000 5.176115 0.030000
4.841798 0.030000 4.684735 0.030000 5.799470 0.030000 6.020010 0.030000 1.201392 0.030000 1.435624 0.030000 3.732117 0.030000 3.543997 0.030000 5.340578 0.150000 5.179755 0.030000
4.796000 0.030000 4.703470 0.030000 5.792128 0.030000 5.985237 0.030000 1.255171 0.030000 1.356805 0.030000 3.718888 0.030000 3.558079 0.030000 4.926175 0.030000 5.152690 0.030000
4.819154 0.030000 4.742242 0.030000 5.773491 0.030000 5.941963 0.030000 1.236203 0.030000 1.360290 0.030000 3.710527 0.030000 3.592249 0.030000 4.962412 0.030000 5.192704 0.030000
4.858484 0.030000 4.709521 0.030000 5.902808 0.150000 5.937776 0.030000 1.167765 0.030000 1.398113 0.030000 3.721099 0.030000 3.633167 0.030000 4.910710 0.030000 5.230370 0.150000
4.808355 0.030000 4.670074 0.030000 5.650437 0.030000 5.889697 0.030000 1.162655 0.030000 1.390217 0.030000 3.750127 0.030000 3.597413 0.030000 4.940042 0.030000 5.082788 0.030000
4.855501 0.030000 4.707457 0.030000 5.746531 0.030000 5.941273 0.030000 1.200558 0.030000 1.376050 0.030000 3.773981 0.030000 3.590637 0.030000 4.898185 0.030000 5.177833 0.030000
4.829354 0.030000 4.714673 0.150000 5.758096 0.030000 5.888110 0.030000 1.495285 0.150000 1.331938 0.030000 3.751950 0.030000 3.616083 0.030000 4.878350 0.030000 5.102159 0.030000
4.853723 0.030000 5.219931 0.150000 5.738857 0.030000 5.846480 0.030000 1.159677 0.030000 1.343176 0.030000 3.702968 0.030000 3.597914 0.030000 4.857347 0.030000 5.072644 0.030000
4.820426 0.030000 4.693639 0.030000 5.699323 0.030000 5.879641 0.030000 1.129916 0.030000 1.299580 0.030000 3.736103 0.030000 3.595736 0.030000 4.832992 0.030000 4.984140 0.030000
4.843615 0.030000 4.732536 0.030000 5.705895 0.030000 5.814033 0.150000 1.181490 0.030000 1.327883 0.030000 3.770405 0.030000 3.652591 0.030000 4.800178 0.030000 4.994061 0.030000
4.842008 0.030000 4.751108 0.030000 5.693730 0.030000 5.827505 0.030000 1.139337 0.030000 1.282235 0.030000 3.809673 0.030000 3.629940 0.030000 4.870286 0.030000 5.045072 0.030000
4.899847 0.030000 4.950564 0.150000 5.746531 0.030000 5.886042 0.030000 1.109309 0.030000 1.287248 0.030000 3.825663 0.030000 3.635976 0.030000 4.825101 0.030000 5.022293 0.030000
4.887808 0.030000 4.699544 0.030000 5.677950 0.030000 5.998218 0.150000 1.112010 0.030000 1.257407 0.030000 3.846159 0.030000 3.955108 0.150000 4.750002 0.030000 4.972429 0.030000
4.913639 0.030000 4.703966 0.030000 5.670165 0.030000 5.815087 0.030000 1.141373 0.030000 1.285599 0.030000 3.590939 0.150000 3.677019 0.030000 4.804473 0.030000 4.995134 0.030000
5.487103 0.150000 4.975133 0.150000 5.685138 0.030000 5.861634 0.030000 1.050010 0.030000 1.372065 0.150000 4.282048 0.150000 3.673414 0.030000 4.797296 0.030000 4.895168 0.030000
4.928106 0.030000 4.754896 0.030000 5.717280 0.150000 5.883525 0.030000 1.084832 0.030000 1.241811 0.030000 4.050378 0.150000 3.674770 0.030000 4.780992 0.030000 4.999417 0.030000
4.911146 0.030000 4.780616 0.030000 5.618712 0.030000 5.822763 0.030000 1.094742 0.030000 1.246184 0.030000 3.862009 0.030000 3.690131 0.030000 4.752158 0.030000 5.009549 0.030000
4.968100 0.030000 4.792744 0.030000 5.656621 0.030000 5.800696 0.030000 1.064328 0.030000 1.245301 0.030000 3.810658 0.030000 3.700629 0.030000 4.750309 0.030000 4.949199 0.030000
4.973139 0.030000 4.687521 0.150000 5.623899 0.030000 5.810712 0.030000 1.130447 0.030000 1.270497 0.030000 3.848459 0.030000 3.756128 0.030000 4.698894 0.030000 4.982345 0.030000
4.954352 0.030000 4.811466 0.030000 5.598680 0.030000 7.401185 0.150000 1.073687 0.030000 1.196393 0.030000 3.859592 0.030000 3.788225 0.030000 4.685095 0.030000 4.932288 0.030000
4.940722 0.030000 4.810196 0.030000 5.614609 0.030000 5.802489 0.030000 1.057727 0.030000 1.241628 0.030000 3.883845 0.030000 3.924217 0.150000 4.713031 0.030000 4.847456 0.030000
4.961399 0.030000 4.867817 0.030000 5.579921 0.030000 5.805410 0.030000 1.052748 0.030000 1.167270 0.030000 3.925399 0.030000 3.704745 0.030000 4.717661 0.030000 4.873817 0.030000
4.927789 0.030000 4.843260 0.030000 5.522727 0.030000 5.735877 0.030000 1.012734 0.030000 1.182845 0.030000 3.885752 0.030000 3.721912 0.030000 4.688234 0.030000 4.975539 0.150000
4.978866 0.030000 4.857408 0.030000 5.600609 0.030000 5.740472 0.030000 1.277061 0.150000 1.167676 0.030000 3.895507 0.030000 3.733253 0.030000 4.645340 0.030000 4.874392 0.030000
4.962568 0.030000 4.836877 0.030000 5.562697 0.030000 5.759168 0.030000 1.051935 0.030000 1.152857 0.030000 3.965968 0.030000 3.720785 0.030000 4.651139 0.030000 4.845554 0.030000
5.014640 0.030000 4.638897 0.150000 5.597850 0.030000 5.730788 0.030000 1.035758 0.030000 1.194988 0.030000 3.865052 0.030000 3.761298 0.030000 4.624636 0.030000 4.890035 0.030000
4.981361 0.030000 4.826319 0.030000 5.574133 0.030000 6.085841 0.150000 0.974893 0.030000 1.154763 0.030000 3.916404 0.030000 3.815610 0.030000 4.600925 0.030000 4.884030 0.030000
4.983119 0.030000 4.880364 0.030000 5.532075 0.030000 5.651945 0.030000 1.041271 0.030000 1.122581 0.030000 3.884172 0.030000 3.775282 0.030000 5.063714 0.150000 4.832727 0.030000
4.948253 0.030000 4.877714 0.030000 5.462950 0.030000 5.707130 0.030000 0.992212 0.030000 1.143675 0.030000 3.955857 0.030000 3.807151 0.030000 4.613306 0.030000 4.818204 0.030000
5.027015 0.030000 4.865023 0.150000 5.504286 0.030000 5.643821 0.030000 1.012893 0.030000 1.135778 0.030000 3.946830 0.030000 3.775706 0.030000 4.623695 0.030000 4.782407 0.030000
5.097436 0.030000 5.110566 0.150000 5.490065 0.030000 5.705620 0.030000 1.056027 0.030000 1.114628 0.030000 3.954528 0.030000 3.754147 0.030000 4.638946 0.030000 4.798037 0.030000
5.066419 0.030000 4.888692 0.030000 5.492994 0.030000 5.693638 0.030000 0.980491 0.030000 1.080323 0.030000 3.966142 0.030000 3.806700 0.030000 4.595437 0.030000 4.888039 0.150000
5.087110 0.030000 4.906506 0.030000 5.530179 0.030000 5.582916 0.030000 0.952513 0.030000 1.070697 0.030000 3.983914 0.030000 3.802265 0.030000 4.542893 0.030000 4.805833 0.030000
5.062614 0.030000 5.339633 0.150000 5.465785 0.030000 5.670333 0.030000 0.924541 0.030000 1.068766 0.030000 3.976335 0.030000 3.823726 0.030000 4.582204 0.030000 4.807620 0.030000
5.097955 0.030000 4.925677 0.030000 5.480094 0.150000 5.640185 0.030000 0.991729 0.030000 1.123398 0.030000 3.957155 0.030000 3.851285 0.030000 5.292195 0.150000 4.733164 0.030000
5.056739 0.150000 4.930009 0.030000 5.458721 0.030000 5.598188 0.030000 1.005621 0.030000 1.059700 0.030000 3.989517 0.030000 3.865641 0.030000 4.489805 0.030000 4.702061 0.030000
5.098767 0.030000 4.961906 0.030000 5.456937 0.030000 5.614336 0.030000 0.950371 0.030000 1.028317 0.030000 4.035982 0.030000 3.856407 0.030000 4.497277 0.030000 4.677317 0.030000
5.089586 0.030000 4.925408 0.030000 5.462274 0.030000 5.556771 0.030000 1.307356 0.150000 1.044925 0.030000 4.014330 0.030000 3.853275 0.030000 4.667294 0.150000 4.707221 0.030000
5.157507 0.030000 4.915864 0.030000 5.400174 0.030000 5.602294 0.030000 0.893933 0.030000 1.064039 0.030000 4.005038 0.030000 3.856634 0.030000 4.474688 0.030000 4.690302 0.030000
5.116954 0.030000 5.027857 0.030000 5.396281 0.030000 5.583946 0.030000 0.912982 0.030000 1.013575 0.030000 4.051958 0.030000 4.494792 0.150000 4.443742 0.030000 4.639686 0.030000
5.100307 0.030000 4.993677 0.030000 5.472270 0.030000 5.583229 0.030000 0.911919 0.030000 1.181015 0.150000 4.035924 0.030000 3.923828 0.030000 4.530949 0.030000 4.666615 0.030000
5.146840 0.030000 4.973550 0.030000 5.422655 0.030000 5.610718 0.030000 0.927732 0.030000 1.002467 0.030000 4.083142 0.030000 3.881682 0.030000 4.437888 0.030000 4.736388 0.030000
5.105089 0.030000 5.034921 0.030000 5.434223 0.030000 5.625031 0.030000 0.912142 0.030000 1.009751 0.030000 4.088131 0.030000 3.898555 0.030000 4.471727 0.030000 4.649038 0.030000
5.073512 0.030000 4.927246 0.030000 5.437282 0.030000 5.572152 0.030000 0.909044 0.030000 1.030008 0.030000 4.052825 0.030000 4.656504 0.150000 4.447024 0.030000 4.655280 0.030000
5.166445 0.150000 5.006253 0.030000 5.375080 0.030000 6.067037 0.150000 0.912590 0.030000 1.438764 0.150000 4.060029 0.030000 3.957507 0.030000 4.421599 0.030000 4.616591 0.030000
5.108466 0.030000 5.006761 0.030000 5.412502 0.030000 5.553407 0.030000 0.883609 0.030000 0.954854 0.030000 4.079891 0.030000 3.948100 0.030000 4.397845 0.030000 4.608347 0.030000
5.136293 0.030000 5.008158 0.030000 5.406399 0.030000 5.567870 0.030000 0.854465 0.030000 0.964416 0.150000 4.100009 0.030000 3.980768 0.030000 4.323714 0.030000 4.597732 0.030000
5.196583 0.030000 5.031202 0.030000 5.365713 0.030000 5.525329 0.030000 1.065492 0.150000 0.984128 0.030000 4.111355 0.030000 3.960639 0.030000 4.326995 0.150000 4.579848 0.030000
5.147607 0.030000 5.034016 0.030000 5.346275 0.030000 5.522080 0.030000 0.888091 0.030000 0.993110 0.030000 4.162836 0.030000 3.955576 0.030000 4.419783 0.030000 4.571381 0.030000
5.187487 0.030000 5.043941 0.030000 5.322294 0.030000 5.501375 0.030000 0.861885 0.030000 0.996250 0.030000 4.132808 0.030000 4.003683 0.030000 4.528491 0.150000 4.512853 0.030000
5.226204 0.030000 5.055039 0.030000 5.374139 0.030000 5.555960 0.030000 0.877151 0.030000 0.920785 0.030000 4.618449 0.150000 3.997344 0.030000 4.312957 0.030000 4.569612 0.030000
5.195934 0.030000 5.064193 0.030000 5.367368 0.030000 5.509777 0.030000 0.881942 0.030000 0.883251 0.030000 4.148072 0.030000 3.953114 0.030000 4.335533 0.030000 4.556563 0.030000
5.225362 0.030000 5.071977 0.030000 5.284322 0.030000 5.514553 0.030000 0.903400 0.030000 0.934275 0.030000 4.205738 0.030000 4.037983 0.030000 4.283348 0.030000 4.837773 0.150000
5.230944 0.030000 5.333511 0.150000 5.284882 0.030000 5.460203 0.030000 0.854681 0.030000 0.883558 0.030000 4.220450 0.030000 4.018964 0.030000 4.346320 0.150000 4.517840 0.030000
5.202348 0.030000 5.016418 0.030000 5.347150 0.030000 5.481315 0.030000 0.837736 0.030000 0.904395 0.030000 4.138476 0.030000 4.014600 0.030000 4.329748 0.030000 4.481654 0.030000
5.223144 0.030000 5.122826 0.030000 5.278359 0.030000 5.453672 0.030000 0.875032 0.030000 0.913686 0.030000 4.167786 0.030000 4.032972 0.030000 4.315081 0.030000 4.494334 0.030000
5.206645 0.030000 5.074956 0.030000 5.329490 0.030000 5.386009 0.030000 0.920167 0.030000 0.905488 0.030000 4.218485 0.030000 4.041624 0.030000 4.297952 0.150000 4.535930 0.030000
5.276234 0.030000 5.135141 0.030000 5.114644 0.150000 5.384295 0.030000 0.895191 0.030000 0.887619 0.030000 4.175586 0.030000 4.093953 0.030000 4.993570 0.150000 4.513374 0.030000
5.244671 0.030000 5.136817 0.030000 5.309634 0.030000 5.388217 0.030000 0.865828 0.030000 0.975836 0.030000 4.178000 0.030000 4.102135 0.030000 4.274008 0.030000 4.534756 0.150000
5.292704 0.030000 5.142760 0.030000 5.234937 0.030000 5.402288 0.030000 0.893848 0.030000 0.901577 0.030000 4.222030 0.030000 4.044810 0.030000 4.293146 0.030000 4.461381 0.030000
5.300941 0.030000 5.141759 0.030000 5.265140 0.030000 5.351690 0.030000 0.827965 0.030000 0.884785 0.030000 4.276200 0.030000 4.060670 0.030000 4.377204 0.150000 4.453876 0.030000
5.279909 0.030000 6.230305 0.150000 5.273287 0.030000 5.396365 0.030000 0.876955 0.030000 0.942310 0.030000 4.175161 0.030000 4.102746 0.030000 4.189332 0.030000 4.473056 0.030000
5.534160 0.150000 5.147758 0.030000 5.254437 0.030000 5.377092 0.030000 0.849167 0.030000 0.836404 0.030000 4.268913 0.030000 4.051764 0.030000 4.227120 0.030000 4.357714 0.030000
5.305510 0.030000 5.154587 0.030000 5.238755 0.030000 5.421284 0.030000 0.835288 0.030000 0.914129 0.030000 4.236079 0.030000 4.191081 0.030000 4.213782 0.030000 4.378989 0.030000
5.329345 0.030000 5.204938 0.030000 5.206851 0.030000 5.334987 0.030000 0.798554 0.030000 0.902498 0.030000 4.237051 0.030000 4.076190 0.030000 4.183333 0.030000 4.393093 0.030000
5.331530 0.030000 5.131902 0.030000 5.195863 0.030000 5.361192 0.030000 0.711724 0.150000 0.938610 0.030000 4.290022 0.030000 4.186062 0.030000 4.155299 0.030000 4.405063 0.030000
5.302753 0.030000 5.270305 0.150000 5.213163 0.030000 5.357628 0.030000 0.874722 0.030000 0.890518 0.030000 4.915379 0.150000 4.146132 0.030000 4.163573 0.030000 4.325107 0.030000
5.339898 0.030000 5.185938 0.030000 5.191590 0.030000 5.353022 0.030000 0.850262 0.030000 0.899589 0.030000 4.291181 0.030000 5.173330 0.150000 4.179425 0.030000 4.345325 0.030000
5.366027 0.030000 5.285341 0.150000 5.190958 0.030000 5.370903 0.030000 0.872424 0.030000 0.892906 0.030000 4.342738 0.030000 4.182119 0.030000 4.166991 0.030000 4.358403 0.030000
5.371387 0.030000 5.221062 0.030000 5.206519 0.030000 5.331462 0.030000 0.883243 0.030000 0.844543 0.030000 4.390607 0.030000 4.251219 0.030000 4.159276 0.030000 4.287384 0.030000
5.362961 0.030000 5.194248 0.030000 5.158191 0.030000 5.427253 0.030000 0.876414 0.030000 0.807892 0.030000 4.351861 0.030000 4.172461 0.030000 4.149913 0.030000 4.459587 0.150000
5.397670 0.030000 5.233290 0.030000 5.202131 0.030000 5.271600 0.030000 0.923737 0.030000 0.881322 0.030000 4.427369 0.150000 4.200781 0.030000 4.096185 0.030000 4.337902 0.030000
5.377037 0.030000 5.233727 0.030000 5.276784 0.150000 5.335805 0.030000 0.902453 0.030000 0.866893 0.030000 4.365202 0.030000 4.175911 0.030000 5.111007 0.150000 4.326901 0.030000
5.383933 0.030000 5.264219 0.030000 5.186407 0.030000 5.289724 0.030000 0.901331 0.030000 0.875521 0.030000 4.324116 0.030000 4.211199 0.030000 4.090526 0.030000 4.281291 0.030000
5.416832 0.030000 5.274722 0.030000 5.152537 0.030000 5.270608 0.030000 0.933807 0.030000 0.898160 0.030000 4.398898 0.030000 4.241727 0.030000 4.109938 0.030000 4.306958 0.030000
5.431552 0.030000 5.273817 0.030000 5.133614 0.030000 5.309387 0.030000 0.928283 0.030000 0.865200 0.030000 4.370543 0.030000 4.212066 0.030000 4.105064 0.030000 4.284695 0.030000
5.420179 0.030000 5.283667 0.030000 5.145145 0.030000 5.312216 0.030000 0.905057 0.030000 0.852090 0.030000 4.412910 0.030000 4.280525 0.030000 4.121414 0.030000 4.220153 0.030000
5.482004 0.030000 5.279354 0.030000 5.124621 0.030000 5.224184 0.030000 0.941888 0.030000 0.883116 0.030000 4.453832 0.030000 4.406232 0.150000 4.082891 0.030000 4.174401 0.030000
5.431665 0.030000 5.277228 0.030000 5.094815 0.030000 5.238377 0.030000 0.904469 0.030000 0.899070 0.030000 4.383138 0.030000 4.065637 0.150000 4.058797 0.030000 4.340226 0.150000
5.427796 0.030000 5.292601 0.030000 5.188578 0.030000 6.169935 0.150000 0.938446 0.030000 0.869061 0.030000 4.663150 0.150000 4.331575 0.030000 4.123236 0.030000 4.218331 0.030000
5.430029 0.030000 5.300876 0.030000 5.136909 0.030000 5.201672 0.030000 0.914524 0.030000 0.883740 0.030000 4.420124 0.030000 4.248400 0.030000 3.979240 0.030000 4.192941 0.030000
5.474043 0.030000 5.327426 0.030000 5.087102 0.030000 5.226488 0.030000 0.924091 0.030000 0.894920 0.030000 4.518082 0.030000 4.268023 0.030000 4.014416 0.030000 4.191317 0.030000
5.596303 0.150000 5.332674 0.030000 5.097361 0.030000 5.218187 0.030000 0.929680 0.030000 0.845329 0.030000 4.456731 0.030000 4.279007 0.030000 3.977092 0.030000 4.204870 0.030000
5.534745 0.030000 5.352041 0.030000 5.074742 0.030000 5.237550 0.030000 0.997655 0.030000 0.804530 0.030000 4.438742 0.030000 4.359404 0.030000 3.960014 0.030000 4.209743 0.030000
5.490274 0.030000 5.332178 0.030000 5.084486 0.030000 5.179937 0.030000 0.958406 0.030000 0.910579 0.030000 4.477475 0.030000 4.281300 0.030000 3.934417 0.030000 4.248924 0.030000
5.510496 0.030000 5.332840 0.030000 5.141709 0.150000 5.215839 0.030000 1.494441 0.150000 0.873885 0.030000 4.488809 0.030000 4.340464 0.030000 3.998756 0.030000 4.387328 0.150000
5.561839 0.030000 5.343848 0.030000 5.032450 0.030000 5.171610 0.030000 0.923156 0.030000 0.882041 0.030000 4.481307 0.030000 4.644084 0.150000 4.017891 0.030000 4.137393 0.030000
5.535870 0.030000 5.340931 0.030000 5.039341 0.030000 5.214292 0.030000 0.968478 0.150000 0.849427 0.030000 4.530463 0.030000 4.343997 0.030000 3.930334 0.030000 4.069922 0.030000
5.597910 0.030000 5.390015 0.030000 5.075522 0.030000 5.181560 0.030000 0.970554 0.030000 0.920702 0.030000 4.521377 0.030000 4.332210 0.030000 3.918111 0.030000 4.099459 0.030000
5.556454 0.030000 5.410429 0.030000 5.031061 0.030000 5.193755 0.030000 0.950679 0.030000 0.889661 0.030000 4.588285 0.030000 4.434570 0.030000 3.879766 0.030000 4.061249 0.030000
5.564104 0.030000 5.388088 0.030000 5.072139 0.030000 5.139593 0.030000 0.976558 0.150000 0.894778 0.030000 4.553805 0.030000 4.701487 0.150000 3.971242 0.030000 4.095283 0.030000
5.535011 0.030000 5.440219 0.030000 5.046758 0.150000 5.126805 0.030000 1.013413 0.030000 0.882670 0.030000 4.615324 0.030000 4.396186 0.030000 3.899271 0.030000 4.116633 0.150000
5.562347 0.030000 5.396307 0.030000 5.074055 0.030000 5.104970 0.030000 1.031658 0.030000 0.910876 0.030000 4.629556 0.030000 4.449128 0.030000 3.907603 0.030000 4.360174 0.150000
5.600691 0.030000 5.477118 0.030000 5.016833 0.030000 5.188296 0.030000 1.015365 0.030000 0.900094 0.030000 4.612523 0.030000 4.705329 0.150000 3.928615 0.030000 4.114582 0.030000
5.608092 0.030000 5.491561 0.030000 5.065516 0.150000 5.127856 0.030000 1.053378 0.030000 0.956533 0.030000 4.586260 0.030000 4.439496 0.030000 3.823305 0.030000 4.038003 0.030000
5.603472 0.030000 5.435529 0.030000 4.970399 0.030000 5.111113 0.030000 1.126606 0.030000 0.957512 0.030000 4.652583 0.030000 4.449363 0.030000 3.841793 0.030000 4.073148 0.030000
5.576627 0.030000 5.506905 0.030000 4.988683 0.030000 5.114013 0.030000 1.046326 0.030000 0.913007 0.030000 4.605026 0.030000 4.359332 0.030000 3.816722 0.030000 3.976586 0.030000
5.683026 0.030000 5.491131 0.030000 5.015938 0.030000 5.119391 0.030000 1.068614 0.030000 0.978055 0.030000 4.681832 0.030000 4.466434 0.030000 3.841724 0.030000 4.048204 0.030000
5.554433 0.030000 5.508362 0.030000 4.943215 0.030000 5.162435 0.030000 1.041909 0.030000 0.903431 0.030000 4.610910 0.030000 4.417968 0.030000 3.830012 0.030000 4.004074 0.030000
5.598936 0.030000 5.469675 0.030000 4.944856 0.030000 5.089282 0.030000 1.067174 0.030000 0.896540 0.030000 4.651688 0.030000 4.489350 0.030000 3.866248 0.030000 4.013150 0.030000
5.714218 0.030000 5.484630 0.030000 4.960471 0.030000 5.106752 0.030000 1.082569 0.030000 0.919631 0.030000 4.712655 0.030000 4.460386 0.030000 3.783583 0.030000 3.986563 0.030000
5.653085 0.030000 5.472940 0.030000 6.111434 0.150000 5.096182 0.030000 1.115804 0.030000 0.982476 0.030000 4.691653 0.030000 4.566320 0.030000 3.786175 0.030000 3.990697 0.030000
5.657368 0.030000 5.517702 0.030000 4.979644 0.030000 5.051450 0.030000 1.048568 0.150000 0.944593 0.030000 5.106084 0.150000 4.495298 0.030000 3.814958 0.030000 4.235073 0.150000
5.729136 0.030000 5.536664 0.030000 4.940523 0.030000 5.047200 0.030000 1.091264 0.030000 0.888003 0.030000 4.684123 0.030000 4.493768 0.030000 3.830741 0.030000 3.940153 0.030000
5.718667 0.030000 5.532712 0.030000 4.933100 0.030000 5.037446 0.030000 1.068402 0.030000 1.023862 0.030000 4.716648 0.030000 4.546865 0.030000 3.778258 0.030000 3.959178 0.030000
5.701767 0.030000 5.546270 0.030000 4.940372 0.030000 5.077990 0.030000 1.191890 0.030000 1.157181 0.150000 4.730686 0.030000 4.584852 0.030000 3.742552 0.030000 3.932566 0.030000
5.722260 0.030000 5.511745 0.030000 4.962571 0.030000 5.066264 0.030000 1.096333 0.030000 0.969743 0.030000 5.128207 0.150000 4.561262 0.030000 3.751705 0.030000 3.910913 0.030000
5.784811 0.030000 5.579830 0.030000 6.464112 0.150000 5.026217 0.030000 1.122093 0.030000 1.263270 0.150000 4.715599 0.030000 4.538124 0.030000 4.302590 0.150000 4.274801 0.150000
5.770277 0.030000 5.587044 0.030000 5.067312 0.150000 5.076452 0.030000 1.096789 0.030000 1.011065 0.150000 4.741749 0.030000 4.509831 0.030000 3.710797 0.030000 3.883306 0.030000
5.775957 0.030000 5.609594 0.030000 5.663895 0.150000 6.062512 0.150000 1.156890 0.030000 0.998563 0.030000 4.801734 0.030000 4.605319 0.030000 3.724655 0.030000 3.937837 0.030000
5.791138 0.030000 5.603272 0.030000 5.008737 0.150000 4.964882 0.150000 1.151087 0.030000 1.031920 0.030000 4.847193 0.030000 4.626446 0.030000 3.746455 0.030000 3.866661 0.030000
5.743064 0.030000 5.640751 0.030000 4.893941 0.030000 4.986515 0.030000 1.177369 0.030000 0.977080 0.030000 4.813183 0.030000 4.536410 0.030000 3.720366 0.030000 3.834671 0.030000
5.775085 0.030000 5.647808 0.030000 4.906928 0.030000 5.029112 0.030000 1.226943 0.030000 0.992666 0.030000 4.850892 0.030000 4.582191 0.030000 3.731403 0.030000 3.876147 0.030000
5.815431 0.030000 5.985176 0.150000 4.927113 0.030000 5.028356 0.030000 1.197069 0.030000 1.026298 0.030000 4.819925 0.030000 4.681074 0.030000 3.672178 0.030000 3.861003 0.030000
5.850792 0.030000 5.546302 0.030000 4.944568 0.030000 4.996142 0.030000 1.161979 0.030000 1.071252 0.030000 4.832854 0.030000 4.650206 0.030000 3.695745 0.030000 3.874458 0.030000
5.786212 0.030000 5.643175 0.030000 4.847479 0.030000 4.973644 0.030000 1.186607 0.030000 1.035559 0.030000 4.832875 0.030000 4.629256 0.030000 3.602038 0.030000 3.566721 0.150000
5.829052 0.030000 5.651491 0.030000 4.849724 0.030000 5.036189 0.030000 1.171636 0.030000 1.082802 0.030000 4.857635 0.030000 4.654959 0.030000 3.645725 0.030000 3.791807 0.030000
5.810591 0.030000 5.638083 0.030000 4.838145 0.030000 4.970411 0.030000 1.227283 0.030000 1.051074 0.030000 4.863925 0.030000 4.634760 0.030000 3.614386 0.030000 3.833605 0.030000
5.872928 0.030000 5.665154 0.030000 4.874410 0.030000 4.914885 0.030000 1.301573 0.030000 1.060406 0.030000 4.880325 0.030000 4.665153 0.030000 3.647032 0.030000 3.795585 0.030000
5.824317 0.030000 5.686456 0.030000 4.831431 0.030000 4.981230 0.030000 1.234844 0.030000 1.070340 0.030000 4.865944 0.030000 5.077236 0.150000 3.590882 0.030000 3.825583 0.030000
5.907311 0.030000 6.646369 0.150000 4.894311 0.030000 4.947842 0.030000 1.273400 0.030000 1.108406 0.030000 4.899103 0.030000 4.665276 0.030000 3.635105 0.030000 3.796117 0.030000
5.876165 0.030000 5.705285 0.030000 5.569590 0.150000 4.973495 0.030000 1.294519 0.030000 1.125379 0.030000 4.885288 0.030000 4.683354 0.030000 5.207744 0.150000 3.787242 0.030000
5.881679 0.030000 5.725435 0.030000 4.831145 0.030000 4.932847 0.030000 1.335215 0.030000 1.133864 0.030000 4.902870 0.030000 4.756061 0.030000 3.598164 0.030000 3.699224 0.030000
5.884544 0.030000 5.753648 0.030000 4.815532 0.030000 4.912131 0.030000 1.521688 0.150000 1.381077 0.150000 4.939835 0.030000 4.715690 0.030000 3.643984 0.030000 3.785553 0.030000
5.876730 0.030000 5.725491 0.030000 4.825058 0.030000 4.894852 0.030000 1.277416 0.030000 1.249960 0.150000 4.959806 0.030000 4.774094 0.030000 4.612927 0.150000 3.794369 0.030000
5.950342 0.030000 5.730513 0.030000 4.834793 0.030000 4.925451 0.030000 1.290534 0.030000 1.112140 0.030000 4.947590 0.030000 4.733236 0.030000 3.559320 0.030000 3.726870 0.030000
5.893822 0.030000 5.717309 0.030000 4.808301 0.030000 4.931465 0.030000 1.317733 0.030000 1.184353 0.030000 4.985435 0.030000 4.732761 0.030000 3.965431 0.150000 3.688628 0.030000
5.963011 0.030000 5.750147 0.030000 4.775690 0.030000 4.874266 0.030000 1.334093 0.030000 1.169086 0.030000 4.993537 0.030000 4.806437 0.030000 3.510404 0.030000 3.767488 0.030000
5.979955 0.030000 5.771432 0.030000 5.741221 0.150000 4.841875 0.030000 1.644040 0.150000 1.223393 0.030000 5.016265 0.030000 4.788410 0.030000 3.564980 0.030000 3.720867 0.030000
5.925059 0.030000 5.808998 0.030000 4.741906 0.030000 4.898064 0.030000 1.355509 0.030000 1.222028 0.030000 5.011708 0.030000 4.787372 0.030000 3.541525 0.030000 3.718932 0.030000
5.947916 0.030000 5.836991 0.030000 4.800028 0.030000 4.907290 0.030000 1.353469 0.030000 1.624938 0.150000 4.944142 0.150000 4.847859 0.030000 3.555292 0.030000 3.720251 0.030000
6.005357 0.030000 5.793212 0.030000 4.778559 0.030000 4.833445 0.030000 1.406788 0.030000 1.212192 0.030000 5.020906 0.030000 4.867320 0.030000 4.023968 0.150000 3.632373 0.030000
5.988476 0.030000 5.869236 0.030000 4.805098 0.030000 4.864564 0.030000 1.435406 0.030000 1.177805 0.030000 5.033314 0.030000 4.842617 0.030000 3.484679 0.030000 3.666719 0.030000
6.059135 0.030000 5.837163 0.030000 4.790603 0.030000 4.870200 0.030000 1.435611 0.030000 1.219966 0.030000 5.071146 0.030000 4.883579 0.030000 3.532051 0.030000 3.665209 0.030000
6.039309 0.150000 5.871330 0.030000 4.773176 0.030000 4.870644 0.030000 1.419779 0.030000 1.176262 0.030000 5.316732 0.150000 4.872648 0.030000 3.535153 0.030000 3.676050 0.030000
6.045634 0.030000 5.925912 0.030000 4.758509 0.030000 4.798574 0.030000 1.463195 0.030000 1.268876 0.030000 5.063239 0.030000 4.900474 0.030000 3.479579 0.030000 3.638758 0.030000
6.948256 0.150000 5.869226 0.150000 4.760240 0.030000 4.833351 0.030000 1.482399 0.030000 1.231810 0.030000 5.035372 0.030000 4.901291 0.030000 4.076756 0.150000 3.642141 0.030000
6.075331 0.030000 5.847283 0.030000 4.699280 0.030000 4.838425 0.030000 1.495780 0.030000 1.295844 0.030000 5.161418 0.030000 4.898488 0.030000 3.474791 0.030000 3.620256 0.030000
6.084645 0.030000 5.906570 0.030000 4.628583 0.150000 5.779559 0.150000 1.478120 0.030000 1.276538 0.030000 5.127100 0.030000 4.903285 0.030000 3.460060 0.030000 3.615739 0.030000
6.064472 0.030000 5.888101 0.030000 4.746231 0.030000 4.801940 0.030000 1.472170 0.030000 1.287787 0.030000 5.209352 0.150000 4.940617 0.030000 3.458428 0.030000 3.591874 0.030000
6.046566 0.030000 6.360668 0.150000 4.708751 0.030000 4.838516 0.030000 1.549182 0.030000 1.304746 0.150000 5.399231 0.150000 5.103155 0.150000 4.591479 0.150000 3.597498 0.030000
6.035774 0.030000 5.911883 0.030000 4.728214 0.030000 4.797091 0.030000 1.530895 0.030000 1.341765 0.030000 5.167001 0.030000 4.933838 0.030000 3.469937 0.030000 3.564773 0.030000
6.129203 0.150000 5.942891 0.030000 4.298224 0.150000 4.788200 0.030000 1.549579 0.030000 1.285687 0.030000 5.145968 0.030000 4.949764 0.030000 3.448394 0.030000 3.581370 0.030000
6.113551 0.030000 5.947616 0.030000 4.689272 0.030000 4.779140 0.030000 1.534913 0.030000 1.504087 0.150000 5.194171 0.030000 5.491549 0.150000 3.413536 0.030000 3.604029 0.030000
6.054365 0.150000 5.912760 0.030000 4.716718 0.030000 4.781329 0.030000 1.592941 0.030000 1.357169 0.030000 5.180855 0.030000 4.984443 0.030000 3.382325 0.030000 3.557958 0.150000
6.173997 0.030000 5.981865 0.030000 4.560347 0.150000 4.774585 0.030000 1.542275 0.030000 1.480332 0.150000 5.192768 0.030000 5.107933 0.150000 3.366743 0.030000 3.584158 0.030000
6.173364 0.030000 5.983537 0.030000 4.672350 0.030000 4.768380 0.030000 1.570125 0.150000 1.421208 0.030000 5.167803 0.030000 4.993171 0.030000 3.440524 0.030000 3.495827 0.030000
6.130201 0.030000 5.956152 0.150000 4.721893 0.030000 4.756364 0.030000 1.559578 0.030000 1.572177 0.150000 5.227174 0.030000 5.169033 0.150000 3.408787 0.030000 3.485876 0.030000
6.148157 0.030000 5.995191 0.030000 4.661054 0.030000 4.756404 0.030000 1.584585 0.030000 1.369834 0.030000 5.213492 0.030000 5.016622 0.030000 3.349980 0.030000 3.535721 0.030000
6.157879 0.030000 5.961656 0.030000 4.650393 0.030000 4.754712 0.030000 1.624954 0.030000 1.408907 0.030000 5.300008 0.030000 5.635578 0.150000 3.333321 0.030000 3.499326 0.030000
6.150275 0.030000 6.019052 0.030000 4.685043 0.030000 4.787987 0.030000 1.621267 0.030000 1.425693 0.030000 5.254877 0.030000 5.346149 0.150000 3.348229 0.030000 3.427566 0.030000
6.229076 0.030000 6.027872 0.030000 4.686600 0.030000 4.744869 0.030000 1.614186 0.030000 1.940699 0.150000 5.300012 0.030000 5.067703 0.030000 3.358725 0.030000 3.524501 0.030000
6.224461 0.030000 6.064137 0.030000 4.690375 0.030000 4.734250 0.030000 2.184066 0.150000 1.489604 0.030000 5.276543 0.030000 5.048507 0.030000 3.325572 0.030000 3.475619 0.150000
6.238860 0.030000 6.039088 0.030000 4.673614 0.030000 4.754241 0.150000 1.626264 0.030000 1.476723 0.030000 5.272965 0.030000 5.101976 0.030000 3.362244 0.030000 3.466747 0.030000
6.210138 0.030000 6.023168 0.030000 4.634523 0.030000 4.700416 0.030000 1.696817 0.030000 1.578855 0.150000 5.308976 0.030000 5.070607 0.030000 3.374580 0.030000 3.478320 0.030000
6.249100 0.030000 6.001379 0.030000 4.698437 0.030000 4.749037 0.030000 1.655960 0.030000 1.496441 0.030000 5.317887 0.030000 5.397854 0.150000 3.342223 0.030000 3.399309 0.030000
6.230751 0.030000 6.082119 0.030000 4.588490 0.030000 5.785097 0.150000 1.732681 0.030000 1.482935 0.030000 5.347812 0.030000 5.113799 0.030000 3.368449 0.030000 3.419473 0.030000
6.286573 0.030000 6.045942 0.030000 4.598420 0.030000 4.712329 0.030000 2.761565 0.150000 1.878378 0.150000 5.330558 0.030000 5.180872 0.030000 3.313052 0.030000 3.422910 0.030000
6.277449 0.030000 6.105301 0.030000 4.644607 0.030000 4.765173 0.030000 1.740253 0.030000 1.528499 0.030000 5.281865 0.030000 5.353839 0.150000 3.303139 0.030000 3.442080 0.030000
6.288359 0.030000 6.123938 0.030000 4.634331 0.030000 4.782696 0.030000 1.748682 0.030000 1.517851 0.030000 5.367270 0.030000 5.118924 0.030000 3.252857 0.030000 3.436939 0.030000
6.263576 0.030000 6.850066 0.150000 4.634480 0.030000 4.678650 0.030000 1.719429 0.030000 1.496156 0.030000 5.385695 0.030000 5.130351 0.030000 3.225249 0.030000 3.423508 0.030000
6.295935 0.030000 6.113987 0.030000 4.616941 0.030000 4.745789 0.030000 1.717223 0.030000 1.546641 0.030000 5.388806 0.030000 5.171691 0.030000 3.229333 0.030000 3.415306 0.030000
6.661863 0.150000 6.121882 0.030000 4.609329 0.030000 4.696469 0.030000 1.793576 0.030000 1.570760 0.030000 5.447323 0.030000 5.187451 0.030000 3.261154 0.030000 3.445034 0.030000
6.372945 0.030000 6.597212 0.150000 4.670649 0.030000 4.671910 0.030000 1.779110 0.030000 1.525158 0.030000 5.427215 0.030000 5.203701 0.030000 3.256135 0.030000 3.407646 0.030000
6.382095 0.030000 6.155147 0.030000 4.595723 0.030000 4.706224 0.030000 1.742830 0.030000 1.547837 0.030000 5.408969 0.030000 5.195028 0.030000 3.287407 0.030000 3.615592 0.150000
6.379987 0.030000 6.151534 0.030000 4.984745 0.150000 4.678376 0.030000 1.763826 0.030000 1.639010 0.030000 5.346843 0.030000 5.189400 0.030000 3.308801 0.030000 3.348362 0.030000
6.347553 0.030000 6.182120 0.030000 4.648841 0.030000 4.695859 0.030000 1.752192 0.030000 1.613873 0.030000 5.455166 0.030000 5.273070 0.030000 3.532919 0.150000 3.348540 0.030000
6.330306 0.030000 6.596059 0.150000 4.606307 0.030000 4.710853 0.030000 1.833357 0.030000 1.614715 0.030000 5.476345 0.030000 5.226207 0.030000 3.267047 0.030000 3.900939 0.150000
6.432016 0.030000 6.196714 0.030000 4.619446 0.030000 4.692500 0.030000 1.889243 0.030000 1.593247 0.030000 5.434272 0.030000 5.225720 0.030000 3.273826 0.030000 3.360710 0.030000
6.381186 0.030000 6.199117 0.030000 4.611937 0.030000 4.947341 0.150000 1.829794 0.030000 1.619892 0.030000 5.437562 0.030000 5.236637 0.030000 3.194252 0.030000 3.361868 0.030000
6.400659 0.030000 6.245422 0.030000 4.594869 0.030000 4.709012 0.030000 1.834606 0.030000 1.624571 0.030000 5.503370 0.030000 5.558942 0.150000 3.189538 0.030000 3.329368 0.030000
6.342477 0.030000 6.261437 0.030000 4.628611 0.030000 4.662689 0.030000 1.889097 0.030000 1.637380 0.030000 5.479788 0.030000 5.254155 0.030000 3.203838 0.030000 3.298251 0.030000
6.433412 0.030000 6.470522 0.150000 4.583503 0.030000 4.635904 0.030000 1.931720 0.150000 1.656169 0.030000 5.510437 0.030000 5.274959 0.030000 3.199309 0.030000 3.348681 0.030000
6.387717 0.030000 6.291264 0.030000 4.580165 0.030000 4.620478 0.030000 1.888961 0.030000 1.631427 0.030000 5.740023 0.150000 5.325954 0.030000 3.193732 0.030000 3.360679 0.030000
6.418613 0.030000 6.325860 0.030000 4.597730 0.030000 4.698986 0.030000 1.909142 0.030000 1.741225 0.030000 5.529916 0.030000 5.383306 0.030000 3.516625 0.150000 3.311228 0.030000
6.395769 0.030000 6.180326 0.030000 4.570823 0.030000 4.771890 0.150000 1.871030 0.030000 1.699882 0.030000 5.489656 0.030000 5.325793 0.030000 3.328270 0.150000 3.352599 0.030000
6.478511 0.030000 6.321718 0.030000 4.599061 0.030000 4.620754 0.030000 1.927983 0.030000 1.741532 0.030000 5.544035 0.030000 5.290451 0.030000 3.183930 0.030000 3.342846 0.030000
6.605615 0.150000 6.274738 0.030000 4.608843 0.030000 4.672548 0.030000 1.907569 0.030000 1.663489 0.030000 5.472812 0.030000 5.338869 0.030000 3.197546 0.030000 3.255181 0.030000
6.481109 0.030000 6.240514 0.030000 4.582535 0.030000 4.669781 0.030000 1.934467 0.030000 1.862920 0.150000 5.577540 0.030000 5.371530 0.030000 3.192532 0.030000 3.401094 0.150000
6.482085 0.030000 6.270726 0.030000 4.508540 0.030000 4.636601 0.030000 2.015177 0.030000 1.723527 0.030000 5.551210 0.030000 5.646858 0.150000 3.217007 0.030000 3.271292 0.030000
6.495823 0.030000 6.278736 0.030000 4.575577 0.030000 4.650400 0.030000 1.967396 0.030000 1.727295 0.030000 5.564275 0.030000 5.367406 0.030000 3.154334 0.030000 3.300025 0.030000
6.523390 0.030000 6.309154 0.030000 4.542528 0.030000 4.664536 0.030000 2.007087 0.030000 1.778656 0.030000 5.549645 0.030000 5.348185 0.030000 3.176794 0.030000 3.297701 0.030000
6.843201 0.150000 6.651367 0.150000 4.575671 0.030000 4.595170 0.030000 1.938489 0.030000 1.767665 0.030000 5.594536 0.030000 5.379795 0.030000 3.204602 0.030000 3.329253 0.030000
6.524899 0.030000 6.294013 0.030000 4.788476 0.150000 5.152369 0.150000 1.978375 0.030000 1.762326 0.030000 6.441535 0.150000 5.350748 0.030000 3.184185 0.030000 3.297149 0.030000
6.516914 0.030000 6.398060 0.030000 4.567015 0.030000 4.463436 0.150000 1.989270 0.030000 1.740856 0.030000 5.575860 0.030000 5.381207 0.030000 3.168964 0.030000 3.277755 0.030000
6.599989 0.030000 6.348890 0.030000 4.553864 0.030000 4.603302 0.030000 2.045118 0.030000 1.757766 0.030000 5.572617 0.030000 5.492730 0.150000 3.158712 0.030000 3.308436 0.030000
6.494442 0.030000 6.294963 0.030000 4.547483 0.030000 4.567314 0.030000 2.069041 0.150000 1.786298 0.030000 5.639345 0.030000 5.395129 0.030000 3.132028 0.030000 3.261363 0.030000
6.537052 0.030000 6.925862 0.150000 4.531356 0.030000 4.606400 0.030000 2.014719 0.030000 1.794514 0.030000 5.614839 0.030000 5.412420 0.030000 4.102836 0.150000 3.255163 0.030000
6.536487 0.030000 6.391462 0.030000 4.566352 0.030000 4.606898 0.030000 1.990641 0.030000 1.833094 0.030000 5.628868 0.030000 5.409180 0.030000 3.088715 0.030000 3.261825 0.030000
6.533543 0.030000 6.365305 0.030000 4.517816 0.030000 4.554286 0.030000 2.031854 0.030000 1.810111 0.030000 5.642222 0.030000 5.416780 0.030000 3.182111 0.030000 3.267570 0.030000
6.582756 0.030000 6.463840 0.150000 4.874484 0.150000 4.591264 0.030000 2.058874 0.030000 1.790841 0.030000 5.648338 0.030000 5.476231 0.030000 3.068420 0.030000 3.196788 0.030000
6.570826 0.030000 7.348095 0.150000 4.542427 0.030000 4.647773 0.030000 2.070595 0.030000 1.832097 0.030000 5.714681 0.030000 5.422451 0.030000 3.169181 0.030000 3.203325 0.030000
6.549027 0.030000 6.361903 0.030000 4.498485 0.030000 4.602709 0.030000 2.344973 0.150000 1.824554 0.030000 5.629738 0.030000 5.438848 0.030000 3.091370 0.030000 3.191910 0.030000
6.548094 0.030000 6.355312 0.030000 4.553276 0.030000 4.603849 0.030000 2.026401 0.030000 1.845219 0.030000 5.632003 0.030000 5.479721 0.030000 3.155255 0.030000 3.239594 0.030000
6.558082 0.030000 6.353009 0.030000 4.492722 0.030000 4.657406 0.030000 2.071084 0.030000 2.049381 0.150000 5.722406 0.030000 5.511966 0.030000 3.121182 0.030000 3.246968 0.030000
6.613938 0.030000 6.446790 0.030000 4.521660 0.030000 4.598139 0.030000 2.151589 0.030000 1.839926 0.030000 5.700918 0.030000 5.478109 0.030000 3.132095 0.030000 3.191155 0.030000
6.556155 0.030000 6.382537 0.030000 4.750874 0.150000 4.629316 0.030000 2.098095 0.030000 1.884853 0.030000 5.670623 0.030000 6.084529 0.150000 3.101465 0.030000 3.222096 0.030000
6.807027 0.150000 6.378529 0.030000 4.531791 0.030000 4.628325 0.030000 2.082266 0.030000 1.824989 0.150000 5.688809 0.030000 5.505663 0.030000 3.074576 0.030000 3.187382 0.030000
6.637399 0.030000 6.400741 0.030000 4.547613 0.030000 4.606958 0.030000 2.277070 0.150000 1.887864 0.030000 5.707671 0.030000 5.480943 0.030000 3.082180 0.030000 3.185430 0.030000
6.639703 0.030000 6.414728 0.030000 4.767529 0.150000 4.583024 0.030000 2.152949 0.030000 1.870198 0.030000 5.692721 0.030000 5.506867 0.030000 3.482063 0.150000 3.197914 0.030000
6.571221 0.030000 6.462833 0.030000 4.548496 0.030000 4.602549 0.030000 2.087344 0.030000 1.937423 0.030000 5.510388 0.150000 5.539546 0.030000 3.100169 0.030000 3.208638 0.030000
6.616830 0.030000 6.395953 0.030000 4.499262 0.030000 4.645979 0.030000 2.738437 0.150000 1.833650 0.030000 5.704839 0.030000 5.737916 0.150000 3.123261 0.030000 3.217712 0.030000
6.636242 0.030000 6.357837 0.150000 4.523848 0.030000 4.606130 0.030000 2.110930 0.030000 1.920108 0.030000 5.706304 0.030000 5.528843 0.030000 3.121896 0.030000 3.245643 0.030000
6.620677 0.030000 6.456915 0.030000 5.000657 0.150000 5.381115 0.150000 2.151436 0.030000 1.979412 0.030000 5.735770 0.030000 5.546790 0.030000 3.081755 0.030000 3.440199 0.150000
6.611925 0.030000 6.437875 0.030000 6.213432 0.150000 4.543432 0.030000 2.153730 0.030000 1.901980 0.030000 6.089522 0.150000 5.546388 0.030000 3.145342 0.030000 3.228461 0.030000
6.637113 0.030000 6.442651 0.030000 4.565338 0.030000 4.588234 0.030000 2.155217 0.030000 1.873041 0.030000 5.778844 0.030000 5.602031 0.030000 3.052380 0.030000 3.193568 0.030000
6.662170 0.030000 6.433618 0.030000 4.478843 0.030000 4.633107 0.030000 2.143074 0.150000 1.933015 0.030000 5.717511 0.030000 5.591345 0.030000 3.063545 0.030000 3.210418 0.030000
6.646870 0.030000 6.889160 0.150000 4.525890 0.030000 4.595297 0.030000 2.198499 0.030000 1.970691 0.030000 5.799649 0.030000 5.510893 0.030000 3.069854 0.030000 3.185622 0.030000
6.684806 0.030000 6.485657 0.030000 4.864913 0.150000 4.589420 0.030000 2.142562 0.030000 1.948092 0.030000 5.730594 0.030000 5.548297 0.030000 3.021048 0.030000 3.128446 0.030000
6.664615 0.030000 6.472045 0.030000 4.507634 0.030000 4.589086 0.030000 2.142537 0.030000 1.959693 0.030000 5.796197 0.150000 5.570185 0.030000 3.069699 0.030000 3.182905 0.030000
6.652101 0.030000 6.512556 0.030000 4.492347 0.030000 4.595794 0.030000 2.117511 0.030000 1.976180 0.030000 5.774470 0.030000 5.585211 0.030000 3.088579 0.030000 3.429120 0.150000
6.656100 0.030000 6.476966 0.030000 4.563874 0.030000 4.596474 0.030000 2.189709 0.030000 1.973789 0.030000 5.765748 0.030000 5.631945 0.030000 3.047627 0.030000 3.173105 0.030000
6.653223 0.030000 6.517819 0.030000 4.483911 0.030000 4.575772 0.030000 2.214856 0.030000 1.960656 0.030000 5.754565 0.030000 5.634027 0.030000 3.020964 0.030000 3.126668 0.030000
6.726965 0.030000 6.442771 0.030000 4.508947 0.030000 4.602583 0.030000 2.245873 0.030000 1.986663 0.030000 5.745571 0.030000 5.623825 0.030000 3.043772 0.030000 3.504914 0.150000
6.873909 0.150000 6.510926 0.030000 4.499276 0.030000 4.603585 0.030000 2.214583 0.030000 2.014075 0.030000 5.768311 0.030000 5.612902 0.030000 3.101563 0.030000 3.139422 0.030000
6.708864 0.030000 6.501622 0.030000 4.539233 0.030000 4.610691 0.030000 2.185120 0.030000 2.042861 0.030000 5.830994 0.030000 5.606860 0.030000 3.171710 0.150000 3.164928 0.030000
6.746852 0.150000 6.505542 0.030000 4.490071 0.030000 5.009441 0.150000 2.212337 0.030000 1.991102 0.030000 5.760835 0.030000 5.656284 0.030000 3.043112 0.030000 3.187896 0.030000
7.041617 0.150000 6.540634 0.030000 4.500901 0.030000 4.571943 0.030000 2.232709 0.030000 1.982703 0.030000 5.800129 0.030000 5.638747 0.030000 3.054573 0.030000 3.117066 0.030000
6.714655 0.030000 6.951790 0.150000 4.500483 0.030000 4.550947 0.030000 2.172841 0.030000 1.988588 0.030000 5.809117 0.030000 5.628391 0.030000 3.040802 0.030000 3.161951 0.030000
6.708744 0.030000 6.472140 0.030000 4.444575 0.030000 4.585415 0.030000 2.226004 0.030000 2.037516 0.030000 5.892628 0.030000 5.645175 0.030000 3.066722 0.030000 3.099528 0.030000
6.686352 0.030000 6.514516 0.030000 4.443968 0.030000 4.534082 0.030000 2.194509 0.030000 2.159149 0.150000 5.794321 0.030000 5.633295 0.030000 3.042682 0.030000 3.073348 0.030000
6.744451 0.030000 6.504885 0.030000 4.495618 0.030000 4.525273 0.030000 2.214365 0.030000 1.995886 0.030000 5.927540 0.150000 5.619119 0.030000 3.374787 0.150000 3.145858 0.030000
6.731409 0.030000 6.810508 0.150000 4.511177 0.030000 4.585536 0.030000 2.245235 0.030000 1.992466 0.030000 5.845701 0.030000 5.643355 0.030000 3.063175 0.030000 3.153069 0.030000
6.715495 0.030000 6.539658 0.030000 4.475823 0.030000 4.566690 0.030000 2.258914 0.030000 2.015952 0.030000 5.811664 0.030000 5.647216 0.030000 3.037378 0.030000 3.133309 0.030000
6.775687 0.030000 6.564225 0.030000 4.492872 0.030000 4.657326 0.150000 2.239138 0.030000 2.507539 0.150000 5.847896 0.030000 5.644105 0.030000 3.119988 0.030000 3.133007 0.030000
6.697135 0.030000 6.556256 0.030000 4.430765 0.030000 4.554762 0.030000 2.599433 0.150000 1.984448 0.030000 5.869165 0.030000 5.608736 0.030000 3.131387 0.150000 3.153657 0.030000
6.739374 0.030000 6.550478 0.030000 4.539815 0.030000 4.550111 0.030000 2.252121 0.030000 2.018399 0.030000 5.843461 0.030000 5.624475 0.030000 3.068387 0.030000 3.154095 0.030000
6.697275 0.030000 7.193451 0.150000 4.913141 0.150000 4.543929 0.030000 2.303943 0.030000 1.982134 0.030000 5.874404 0.030000 5.623996 0.030000 3.045916 0.030000 3.151012 0.030000
6.797196 0.030000 6.622547 0.030000 4.444531 0.150000 4.531416 0.030000 2.291939 0.030000 2.012623 0.030000 5.857301 0.030000 5.673742 0.030000 3.010420 0.030000 3.191030 0.030000
6.757085 0.030000 6.560140 0.030000 4.507480 0.030000 4.534682 0.030000 2.412151 0.150000 2.053121 0.030000 5.822943 0.030000 5.635517 0.030000 3.034641 0.030000 3.068088 0.030000
7.137995 0.150000 6.810954 0.150000 4.526238 0.030000 4.537747 0.030000 2.285750 0.030000 2.070779 0.030000 5.858029 0.030000 5.660547 0.030000 2.985018 0.030000 3.201634 0.030000
6.768903 0.030000 6.567957 0.030000 4.538754 0.030000 4.487999 0.030000 2.275374 0.030000 1.772756 0.150000 5.814636 0.030000 5.804891 0.150000 3.005256 0.030000 3.138757 0.030000
6.793186 0.030000 6.504371 0.030000 4.531779 0.030000 4.545123 0.030000 2.283247 0.030000 2.070665 0.030000 5.867578 0.030000 5.732182 0.030000 2.996311 0.030000 3.186000 0.030000
7.892803 0.150000 6.546108 0.030000 4.553295 0.030000 4.503191 0.030000 2.320515 0.030000 2.021861 0.030000 5.837746 0.030000 5.712379 0.030000 2.986580 0.030000 3.142588 0.030000
6.771470 0.030000 6.528391 0.030000 4.522522 0.030000 4.532180 0.030000 3.246962 0.150000 2.032032 0.030000 5.840837 0.030000 5.728009 0.030000 3.059178 0.030000 3.136003 0.030000
6.731931 0.030000 6.562377 0.030000 4.545525 0.030000 4.479811 0.030000 2.361993 0.030000 2.016372 0.030000 5.813501 0.030000 5.715433 0.030000 2.959385 0.030000 3.152867 0.030000
6.818531 0.030000 6.531900 0.030000 4.521882 0.030000 4.534035 0.030000 2.320561 0.030000 2.067372 0.030000 5.882808 0.030000 5.714476 0.030000 3.014307 0.030000 3.200324 0.030000
6.844940 0.030000 6.561551 0.030000 4.549750 0.030000 4.482524 0.030000 2.306958 0.030000 2.019190 0.030000 5.791059 0.030000 5.724406 0.030000 2.985761 0.030000 3.101301 0.030000
6.769511 0.030000 6.585789 0.030000 4.568674 0.030000 4.459512 0.030000 2.295506 0.030000 2.106385 0.030000 5.902764 0.030000 5.670329 0.030000 2.941075 0.030000 3.097628 0.030000
6.852783 0.030000 7.160214 0.150000 4.549783 0.030000 4.506944 0.030000 2.355108 0.030000 2.108261 0.030000 5.844928 0.030000 5.744110 0.030000 2.929171 0.030000 3.130847 0.030000
6.814491 0.030000 7.132013 0.150000 4.565629 0.030000 5.341782 0.150000 2.352896 0.030000 2.103470 0.030000 5.855627 0.030000 5.754641 0.030000 2.882435 0.030000 3.145618 0.030000
6.890318 0.030000 6.559169 0.030000 4.618145 0.030000 4.473897 0.030000 2.332730 0.030000 2.148211 0.030000 5.861861 0.030000 5.775191 0.030000 2.908807 0.030000 3.228701 0.150000
6.855681 0.150000 6.621246 0.150000 4.629255 0.030000 4.480128 0.030000 2.350739 0.030000 2.105049 0.030000 5.779447 0.030000 5.821507 0.030000 2.881014 0.030000 3.106733 0.030000
6.905130 0.150000 6.678786 0.030000 4.689279 0.030000 4.490393 0.030000 2.663714 0.150000 2.283395 0.150000 5.781290 0.030000 5.943373 0.150000 3.028547 0.150000 3.089346 0.030000
7.287054 0.150000 6.676505 0.030000 4.685515 0.030000 4.488276 0.030000 2.346496 0.030000 2.220541 0.030000 5.797800 0.030000 5.834123 0.030000 2.874856 0.030000 3.092239 0.030000
6.877512 0.030000 6.694577 0.030000 4.702380 0.030000 4.477404 0.030000 2.440247 0.030000 2.218060 0.030000 5.813764 0.030000 5.788850 0.030000 2.832806 0.030000 3.102390 0.030000
6.953662 0.030000 6.673699 0.030000 4.714340 0.030000 4.739684 0.150000 2.411564 0.030000 2.204393 0.030000 5.798577 0.030000 5.828456 0.030000 2.831920 0.030000 3.094249 0.030000
6.956511 0.030000 6.673932 0.030000 4.720024 0.030000 4.785447 0.150000 2.554677 0.150000 2.252636 0.030000 5.781120 0.030000 5.796793 0.030000 2.785265 0.030000 3.135660 0.030000
6.951888 0.030000 7.818881 0.150000 4.691479 0.030000 4.523382 0.030000 2.394997 0.030000 2.465351 0.150000 5.754176 0.030000 5.869196 0.030000 2.785146 0.030000 3.109982 0.030000
6.993712 0.030000 6.777615 0.030000 4.764828 0.030000 4.518798 0.030000 2.421523 0.030000 2.215255 0.030000 5.781214 0.030000 5.873739 0.030000 2.764538 0.030000 3.035207 0.030000
7.241376 0.150000 6.732978 0.030000 4.753303 0.030000 4.481280 0.030000 2.451692 0.030000 2.229481 0.030000 5.730783 0.030000 5.827687 0.030000 4.164084 0.150000 3.006707 0.030000
6.905623 0.030000 6.765822 0.030000 4.746828 0.030000 4.529374 0.150000 2.441704 0.030000 2.298074 0.030000 5.792097 0.030000 6.615937 0.150000 2.723181 0.030000 2.972871 0.030000
7.001942 0.030000 6.734808 0.030000 4.799329 0.030000 4.595080 0.030000 2.462681 0.030000 2.321756 0.030000 5.767050 0.030000 5.829787 0.030000 2.676563 0.030000 3.083096 0.030000
6.984558 0.030000 6.780444 0.030000 4.765537 0.030000 4.541566 0.030000 2.492743 0.030000 2.332063 0.030000 5.807040 0.030000 5.864820 0.030000 2.737409 0.030000 2.956895 0.030000
6.985724 0.030000 6.771268 0.030000 4.865600 0.030000 4.570976 0.030000 2.464913 0.030000 2.299861 0.030000 5.764827 0.030000 5.824394 0.030000 2.683015 0.030000 3.005041 0.030000
7.004464 0.030000 6.836423 0.030000 4.811350 0.030000 4.657872 0.030000 2.462495 0.030000 2.279203 0.030000 5.646557 0.030000 5.810427 0.030000 2.680252 0.030000 3.481411 0.150000
7.037505 0.030000 6.856237 0.030000 5.375544 0.150000 4.630394 0.030000 2.476698 0.030000 2.289585 0.030000 5.727397 0.030000 5.807864 0.030000 2.687442 0.030000 2.918062 0.030000
7.055840 0.030000 6.901429 0.030000 4.869303 0.030000 4.630701 0.030000 2.469326 0.030000 2.330379 0.030000 5.665991 0.030000 5.760893 0.030000 3.699270 0.150000 2.892486 0.030000
7.033126 0.030000 6.864957 0.030000 5.046394 0.150000 4.634336 0.030000 2.488860 0.030000 2.335376 0.030000 5.738857 0.030000 5.829184 0.030000 2.652932 0.030000 2.888074 0.030000
7.049245 0.030000 6.834412 0.030000 4.864525 0.030000 4.712849 0.030000 2.491108 0.030000 2.390756 0.030000 5.693810 0.030000 6.950988 0.150000 2.645460 0.030000 2.924048 0.030000
7.080911 0.030000 6.853411 0.030000 4.867923 0.030000 4.673877 0.030000 2.513524 0.030000 2.378992 0.030000 5.707322 0.030000 5.801181 0.030000 2.629665 0.030000 2.871064 0.030000
7.042373 0.030000 6.867279 0.030000 4.949714 0.030000 4.647088 0.030000 2.527594 0.030000 2.341687 0.030000 5.727868 0.030000 5.767839 0.030000 2.555315 0.030000 2.889504 0.030000
7.065508 0.030000 6.920079 0.030000 4.896329 0.030000 5.019885 0.150000 2.531989 0.030000 3.007755 0.150000 5.672802 0.030000 5.757882 0.030000 2.820774 0.150000 2.823566 0.030000
7.055235 0.030000 6.881132 0.030000 4.898838 0.030000 4.697845 0.030000 2.569349 0.030000 2.406895 0.030000 5.689839 0.030000 5.785211 0.030000 2.541548 0.030000 2.809626 0.030000
7.132191 0.030000 6.942698 0.030000 4.913719 0.030000 4.669389 0.030000 2.556923 0.030000 2.437620 0.030000 5.687336 0.030000 5.685962 0.030000 2.579473 0.030000 2.782078 0.030000
7.101789 0.030000 6.910844 0.030000 4.952208 0.030000 4.784085 0.030000 2.563515 0.030000 2.443297 0.030000 5.716324 0.030000 5.825531 0.030000 2.590379 0.030000 2.864804 0.030000
7.107123 0.030000 6.870037 0.030000 5.010623 0.030000 4.783424 0.030000 2.566276 0.030000 2.457321 0.030000 5.645671 0.030000 5.773201 0.030000 2.523530 0.030000 2.815419 0.030000
7.143699 0.030000 6.959228 0.030000 4.983388 0.030000 4.803468 0.030000 2.645774 0.030000 2.449154 0.030000 5.707046 0.030000 6.902194 0.150000 2.526962 0.030000 2.785126 0.030000
7.143306 0.030000 7.022603 0.030000 5.358021 0.150000 4.752589 0.030000 2.576587 0.030000 2.407848 0.030000 5.655806 0.030000 5.749577 0.030000 2.558590 0.030000 2.798293 0.030000
7.141542 0.030000 6.967703 0.030000 5.017468 0.030000 4.836359 0.030000 3.686855 0.150000 2.482076 0.030000 5.669381 0.030000 5.755266 0.030000 2.493820 0.030000 2.732251 0.030000
7.144163 0.030000 6.925769 0.030000 5.040552 0.030000 4.722064 0.030000 2.645225 0.030000 2.386165 0.150000 5.656899 0.030000 5.720285 0.030000 2.461192 0.030000 3.349200 0.150000
7.200542 0.030000 7.032456 0.030000 5.044012 0.030000 4.815647 0.030000 2.697670 0.030000 2.473723 0.030000 5.617120 0.030000 5.729372 0.030000 2.486305 0.030000 2.726861 0.030000
7.299379 0.030000 6.979151 0.030000 5.079961 0.030000 4.848521 0.030000 2.638471 0.030000 2.445867 0.030000 5.644401 0.030000 5.733048 0.030000 2.440257 0.030000 2.671741 0.030000
7.200720 0.030000 7.033460 0.030000 5.053082 0.030000 4.797882 0.030000 2.671258 0.030000 2.457879 0.030000 5.680998 0.030000 5.715424 0.030000 2.441389 0.030000 2.671318 0.030000
7.230171 0.030000 7.021457 0.030000 5.093005 0.030000 4.854853 0.030000 2.600319 0.030000 2.474906 0.030000 5.658848 0.030000 5.710416 0.030000 2.451971 0.030000 2.666356 0.030000
7.256443 0.030000 7.039214 0.030000 5.121373 0.030000 4.903309 0.030000 2.604810 0.030000 2.468497 0.030000 5.597848 0.030000 5.711718 0.030000 2.419696 0.030000 2.640038 0.030000
7.262356 0.030000 7.134644 0.150000 5.159277 0.030000 4.859468 0.030000 2.673600 0.030000 2.851736 0.150000 5.649149 0.030000 5.705486 0.030000 2.807920 0.150000 2.680359 0.030000
7.248194 0.030000 7.213959 0.150000 5.137715 0.030000 4.959378 0.030000 2.641297 0.030000 2.524057 0.030000 5.642891 0.030000 5.690142 0.030000 2.386778 0.030000 2.644867 0.030000
7.249561 0.030000 7.111025 0.030000 5.167913 0.030000 4.895687 0.030000 2.707655 0.030000 2.541730 0.030000 5.667474 0.150000 5.692668 0.030000 2.355046 0.030000 2.598382 0.030000
7.266327 0.030000 7.065625 0.030000 5.199848 0.030000 4.921581 0.030000 2.729117 0.030000 2.541072 0.030000 5.515188 0.030000 5.685858 0.030000 2.334665 0.030000 2.615952 0.030000
7.297616 0.030000 7.122150 0.030000 5.197557 0.030000 4.948315 0.030000 2.692908 0.030000 2.552503 0.030000 5.702235 0.030000 5.687752 0.030000 2.369671 0.030000 2.551366 0.030000
7.359888 0.030000 7.091865 0.030000 5.186160 0.030000 4.999848 0.030000 3.040768 0.150000 2.535709 0.030000 5.585176 0.030000 6.568301 0.150000 2.351814 0.030000 2.537911 0.030000
7.349214 0.030000 7.095609 0.030000 5.195459 0.030000 5.033844 0.030000 2.724342 0.030000 2.548955 0.030000 5.666753 0.030000 5.682696 0.030000 2.327844 0.030000 2.580647 0.150000
7.342851 0.030000 7.126124 0.030000 5.212118 0.030000 4.979179 0.030000 2.811239 0.030000 2.567392 0.030000 5.621629 0.030000 5.726245 0.030000 2.296090 0.030000 2.508556 0.030000
7.297682 0.030000 7.080764 0.030000 5.240236 0.030000 5.328393 0.150000 2.754270 0.030000 2.564975 0.030000 5.756711 0.150000 5.677145 0.030000 2.290873 0.030000 2.549044 0.030000
7.328903 0.030000 7.164743 0.030000 5.257139 0.030000 4.963579 0.030000 2.829678 0.030000 2.582684 0.030000 5.555675 0.030000 5.661276 0.030000 2.171875 0.150000 2.483436 0.030000
7.408930 0.030000 7.179317 0.030000 5.262053 0.030000 5.042549 0.030000 2.751865 0.030000 2.582985 0.030000 5.940559 0.150000 5.618920 0.030000 2.221247 0.030000 2.462249 0.030000
7.372582 0.030000 7.125665 0.030000 5.290950 0.030000 5.010702 0.030000 2.770514 0.030000 2.594509 0.030000 5.559144 0.030000 5.610628 0.030000 2.192326 0.030000 2.458791 0.030000
7.373688 0.030000 7.214386 0.030000 5.281667 0.030000 5.017920 0.030000 2.815706 0.030000 2.610491 0.030000 5.884301 0.150000 5.709080 0.030000 2.193442 0.030000 2.498684 0.030000
7.365962 0.030000 7.553520 0.150000 5.336584 0.030000 5.054713 0.030000 2.819531 0.030000 2.682795 0.030000 5.530963 0.030000 6.015375 0.150000 2.233168 0.030000 2.427337 0.030000
7.435819 0.030000 7.223261 0.030000 5.089482 0.150000 5.075629 0.030000 2.826430 0.030000 2.622422 0.030000 5.560594 0.030000 5.618904 0.030000 2.205855 0.030000 2.488702 0.030000
7.406594 0.030000 7.233714 0.030000 5.356872 0.030000 4.859692 0.150000 2.829094 0.030000 2.662031 0.030000 5.621596 0.030000 5.677719 0.030000 2.202610 0.030000 2.361898 0.030000
7.430176 0.030000 7.189108 0.030000 5.536697 0.150000 5.111672 0.030000 3.121039 0.150000 2.683862 0.030000 5.556814 0.030000 5.586958 0.030000 2.138399 0.030000 2.392793 0.030000
7.416452 0.030000 7.283666 0.030000 5.350914 0.030000 5.154414 0.030000 3.106707 0.150000 2.663095 0.030000 5.545581 0.030000 5.653797 0.030000 2.117946 0.030000 2.390281 0.030000
7.486171 0.030000 7.378954 0.150000 5.391973 0.030000 5.112428 0.030000 2.909661 0.150000 2.679304 0.030000 5.543216 0.030000 5.670549 0.030000 2.112901 0.030000 2.353133 0.030000
7.446133 0.030000 7.289066 0.030000 5.523961 0.150000 5.127547 0.030000 2.907577 0.030000 2.668317 0.030000 5.463840 0.030000 5.645190 0.030000 2.096611 0.030000 2.355638 0.030000
7.560407 0.030000 7.245172 0.030000 5.396934 0.030000 5.211667 0.030000 2.889220 0.030000 2.880306 0.150000 5.565152 0.030000 5.957256 0.150000 2.137690 0.030000 2.333672 0.030000
7.475885 0.030000 7.329638 0.030000 5.415931 0.030000 5.206729 0.030000 2.894636 0.030000 2.742349 0.030000 5.562808 0.030000 5.650906 0.030000 2.043038 0.030000 2.366278 0.030000
7.497575 0.030000 7.285858 0.030000 5.899581 0.150000 5.221162 0.030000 2.925561 0.030000 2.680483 0.030000 5.542061 0.030000 5.567707 0.030000 2.154163 0.030000 2.335555 0.030000
7.793645 0.150000 7.334510 0.030000 5.444431 0.030000 5.238013 0.030000 2.963174 0.030000 3.179852 0.150000 5.550618 0.030000 5.953711 0.150000 2.100597 0.030000 2.356427 0.030000
7.507287 0.030000 7.377154 0.030000 5.485240 0.030000 5.238294 0.030000 2.951767 0.030000 2.760741 0.030000 5.478894 0.030000 5.620585 0.030000 2.057163 0.030000 2.221646 0.030000
7.542506 0.030000 7.355253 0.030000 5.557349 0.150000 5.267092 0.030000 2.958029 0.030000 2.850730 0.030000 5.532802 0.030000 5.600821 0.030000 2.083697 0.030000 2.240154 0.030000
7.580617 0.030000 7.351204 0.150000 5.524110 0.030000 5.261732 0.030000 2.966643 0.030000 2.775444 0.030000 5.505714 0.030000 5.604426 0.030000 2.157593 0.150000 2.248316 0.030000
7.598795 0.150000 7.360387 0.030000 5.526844 0.030000 5.248115 0.030000 3.026409 0.030000 2.738735 0.030000 5.529693 0.030000 5.661035 0.030000 2.027525 0.030000 2.202241 0.030000
7.541095 0.030000 7.359707 0.030000 5.528125 0.030000 5.235939 0.030000 3.012913 0.030000 2.822323 0.030000 5.655122 0.150000 5.581517 0.030000 2.011369 0.030000 2.276389 0.030000
7.577315 0.030000 7.385607 0.030000 5.526760 0.030000 5.252401 0.030000 2.980320 0.030000 2.733520 0.150000 5.550136 0.030000 5.649861 0.030000 2.025812 0.030000 2.207681 0.030000
7.636831 0.030000 7.416741 0.030000 5.564226 0.030000 5.361773 0.030000 2.995164 0.030000 2.790389 0.030000 5.506259 0.030000 5.527094 0.030000 1.958601 0.030000 2.250022 0.030000
7.610360 0.030000 7.359492 0.030000 5.548169 0.030000 5.297557 0.030000 2.956770 0.030000 3.041489 0.150000 5.475724 0.030000 5.521089 0.030000 1.952944 0.030000 2.197126 0.030000
7.635396 0.030000 7.395161 0.030000 5.557831 0.030000 5.371399 0.030000 2.934433 0.030000 2.843488 0.030000 5.443782 0.030000 5.572708 0.030000 1.946080 0.030000 2.184691 0.030000
7.579313 0.030000 7.576923 0.150000 5.593807 0.030000 5.373098 0.030000 3.053925 0.030000 2.780178 0.030000 6.254753 0.150000 5.587390 0.030000 2.009002 0.030000 2.191947 0.030000
7.620027 0.030000 7.422862 0.030000 5.579522 0.030000 5.351882 0.030000 2.965676 0.030000 2.902371 0.030000 5.481850 0.030000 5.572183 0.030000 1.932663 0.030000 2.139564 0.030000
7.647586 0.030000 7.500370 0.030000 5.687685 0.150000 5.363255 0.030000 3.171593 0.150000 2.882138 0.030000 5.515330 0.030000 5.549545 0.030000 2.660605 0.150000 2.153867 0.030000
7.675673 0.030000 7.478970 0.030000 5.588939 0.030000 5.318486 0.030000 3.066567 0.030000 2.878809 0.030000 5.510866 0.030000 5.538443 0.030000 1.891683 0.030000 2.117218 0.030000
7.652695 0.030000 7.441827 0.030000 5.660547 0.030000 5.408737 0.030000 3.039436 0.030000 2.869493 0.030000 5.525828 0.030000 5.539641 0.030000 1.859793 0.030000 2.152594 0.030000
7.665891 0.030000 7.512907 0.030000 5.376482 0.150000 5.369279 0.030000 2.996055 0.030000 2.858638 0.030000 5.501095 0.030000 5.586184 0.030000 1.868428 0.030000 2.152904 0.030000
7.686381 0.030000 8.285091 0.150000 5.639017 0.030000 5.428087 0.030000 3.083421 0.030000 2.843047 0.030000 5.480949 0.030000 5.578326 0.030000 2.082527 0.150000 2.072177 0.030000
7.730276 0.030000 7.452961 0.030000 5.656201 0.030000 5.445025 0.030000 3.101022 0.030000 2.904976 0.030000 5.473790 0.030000 5.548752 0.030000 1.877556 0.030000 2.059604 0.030000
7.688990 0.030000 7.480618 0.030000 6.186767 0.150000 5.422657 0.030000 3.141835 0.030000 2.915518 0.030000 5.545051 0.030000 5.568833 0.030000 1.862099 0.030000 2.093750 0.030000
7.682870 0.030000 7.484432 0.030000 5.690325 0.030000 5.426980 0.030000 3.099904 0.030000 2.896791 0.030000 5.452781 0.030000 5.535808 0.030000 1.793778 0.030000 2.020025 0.030000
7.684496 0.030000 7.451289 0.030000 5.712307 0.030000 5.445624 0.030000 3.129128 0.030000 2.947255 0.030000 5.415600 0.030000 5.508038 0.030000 1.822563 0.150000 2.049347 0.030000
8.026821 0.150000 7.812653 0.150000 5.707922 0.030000 5.450623 0.030000 3.449541 0.150000 3.321107 0.150000 5.483812 0.030000 5.559026 0.030000 1.802796 0.030000 2.028953 0.030000
7.793056 0.030000 7.502239 0.030000 5.712678 0.030000 5.551387 0.030000 3.153084 0.030000 2.941044 0.030000 5.512456 0.030000 5.526618 0.030000 1.838816 0.030000 2.044240 0.030000
7.726824 0.030000 7.514712 0.030000 5.759781 0.030000 5.456190 0.030000 3.142218 0.030000 2.974306 0.030000 5.467054 0.030000 5.526596 0.030000 1.772793 0.030000 2.051232 0.030000
7.676432 0.030000 7.513090 0.030000 6.277039 0.150000 5.555980 0.030000 3.152988 0.030000 2.922524 0.030000 5.441674 0.030000 5.496914 0.030000 1.744858 0.030000 1.982432 0.030000
7.735089 0.030000 7.684205 0.150000 5.754254 0.030000 5.461009 0.030000 3.111290 0.030000 2.959926 0.030000 5.435027 0.030000 5.586393 0.030000 1.739419 0.030000 2.006027 0.030000
7.749852 0.030000 7.541043 0.030000 5.790169 0.030000 5.536545 0.030000 3.120485 0.030000 2.971228 0.030000 5.450197 0.030000 5.571265 0.030000 1.749526 0.030000 1.977762 0.030000
7.741565 0.030000 7.601609 0.030000 5.771659 0.030000 5.556322 0.030000 3.204826 0.030000 3.143685 0.150000 5.429361 0.030000 5.800302 0.150000 2.195817 0.150000 2.010835 0.030000
7.768084 0.030000 7.570665 0.030000 6.279634 0.150000 5.538370 0.030000 3.306070 0.150000 2.956967 0.030000 5.779616 0.150000 5.542042 0.030000 1.773409 0.030000 1.991411 0.030000
7.774832 0.030000 7.593266 0.030000 5.711245 0.030000 5.583126 0.030000 3.163970 0.030000 3.026182 0.030000 5.448719 0.030000 5.510156 0.030000 1.732124 0.030000 1.964888 0.030000
7.845463 0.030000 7.579249 0.030000 6.099883 0.150000 5.630967 0.030000 3.203786 0.030000 2.983009 0.030000 5.505221 0.030000 5.504511 0.030000 1.750711 0.030000 1.949896 0.030000
7.793287 0.030000 7.606112 0.030000 5.868128 0.030000 5.570123 0.030000 3.238975 0.030000 2.995309 0.030000 5.492684 0.030000 5.480462 0.030000 1.727413 0.030000 1.863075 0.030000
7.759978 0.030000 7.612825 0.030000 5.826779 0.030000 5.613236 0.030000 3.211762 0.030000 2.988934 0.030000 5.446503 0.030000 5.520664 0.030000 1.710749 0.030000 1.927083 0.030000
7.859692 0.030000 7.633324 0.030000 5.832554 0.030000 5.578234 0.030000 3.244188 0.030000 3.023616 0.030000 5.521765 0.030000 5.480142 0.030000 1.705280 0.030000 1.928014 0.030000
7.838903 0.030000 7.732301 0.150000 5.867216 0.030000 5.557446 0.030000 3.264781 0.030000 3.059685 0.030000 5.457847 0.030000 5.531595 0.030000 1.682770 0.030000 1.969923 0.030000
7.856646 0.030000 7.949187 0.150000 5.820999 0.030000 5.640853 0.030000 4.316390 0.150000 3.056264 0.030000 5.430530 0.030000 5.542611 0.030000 1.663714 0.030000 1.859292 0.030000
7.808377 0.030000 7.620335 0.030000 5.847767 0.030000 5.623362 0.030000 3.211960 0.030000 2.998123 0.030000 5.448903 0.030000 5.487639 0.030000 1.728701 0.030000 1.877980 0.030000
7.913809 0.030000 7.702254 0.030000 5.853732 0.030000 5.636060 0.030000 3.276741 0.030000 3.021797 0.030000 5.461732 0.030000 5.484919 0.030000 1.654776 0.030000 1.880966 0.030000
7.883361 0.030000 7.696853 0.030000 5.901842 0.030000 5.670278 0.030000 3.280913 0.030000 3.093859 0.030000 5.428437 0.030000 5.458785 0.030000 1.588007 0.030000 1.895326 0.030000
7.859916 0.030000 7.700389 0.030000 5.881141 0.030000 5.606986 0.030000 3.260572 0.030000 3.070008 0.030000 5.470127 0.030000 5.924409 0.150000 1.661437 0.030000 2.059719 0.150000
7.890533 0.030000 7.674718 0.030000 5.917341 0.030000 5.659147 0.030000 3.261960 0.030000 3.046616 0.030000 5.442094 0.030000 5.510476 0.030000 1.653519 0.030000 1.872771 0.030000
7.878821 0.030000 7.659941 0.030000 5.901806 0.030000 5.674704 0.030000 3.238681 0.030000 3.083145 0.030000 5.442216 0.030000 5.977292 0.150000 1.586279 0.030000 1.842082 0.030000
7.822097 0.030000 7.722037 0.030000 5.895051 0.030000 5.644252 0.030000 3.296840 0.030000 3.102474 0.030000 5.432149 0.030000 5.467374 0.030000 1.618006 0.030000 1.839599 0.030000
7.847960 0.030000 7.679583 0.030000 5.923478 0.030000 5.643355 0.030000 3.322233 0.030000 3.035201 0.030000 5.435051 0.030000 5.693022 0.150000 1.627902 0.030000 1.793371 0.030000
7.959245 0.030000 7.697978 0.030000 5.902397 0.030000 5.681872 0.030000 3.182179 0.150000 3.092001 0.030000 5.462826 0.030000 5.510831 0.030000 1.623906 0.030000 1.828759 0.030000
7.888375 0.030000 7.714851 0.030000 6.360340 0.150000 5.692192 0.030000 3.302530 0.030000 3.117774 0.030000 5.412018 0.030000 5.453328 0.030000 1.585142 0.030000 1.829745 0.030000
7.855474 0.030000 7.727725 0.030000 5.925691 0.030000 5.737878 0.030000 3.332125 0.030000 3.086731 0.030000 5.416613 0.030000 5.513648 0.030000 1.585130 0.030000 1.848348 0.030000
7.953105 0.030000 7.732538 0.030000 5.783810 0.150000 5.655435 0.030000 3.339929 0.030000 3.143703 0.150000 5.376700 0.030000 5.472326 0.030000 1.593849 0.030000 1.829870 0.030000
7.997657 0.030000 7.752054 0.030000 5.924370 0.030000 5.742442 0.030000 3.342712 0.030000 3.073615 0.030000 5.495459 0.030000 5.475199 0.030000 1.592716 0.030000 1.807094 0.030000
7.924524 0.030000 9.157719 0.150000 5.986998 0.030000 5.724687 0.030000 3.277153 0.030000 3.140447 0.030000 5.436185 0.030000 5.466007 0.030000 1.938095 0.150000 1.852480 0.030000
7.883166 0.030000 7.789938 0.030000 5.941945 0.030000 5.686184 0.030000 3.331346 0.030000 3.165142 0.030000 5.440841 0.030000 6.204756 0.150000 1.560010 0.030000 1.848599 0.030000
7.935896 0.030000 7.714225 0.030000 6.032428 0.030000 5.721824 0.030000 3.334501 0.030000 3.156790 0.150000 5.425543 0.030000 5.438708 0.030000 1.553983 0.030000 1.776934 0.030000
7.936753 0.030000 7.651523 0.150000 5.979717 0.030000 5.741236 0.030000 3.343357 0.030000 3.126728 0.030000 5.420449 0.030000 5.479645 0.030000 1.581953 0.030000 1.749244 0.030000
7.929330 0.030000 7.758150 0.030000 5.981937 0.030000 5.740451 0.030000 3.339928 0.030000 3.162981 0.030000 5.496513 0.030000 5.493804 0.030000 1.554358 0.030000 1.754338 0.030000
7.946884 0.030000 7.736421 0.030000 5.982208 0.030000 5.798780 0.030000 3.315424 0.030000 3.141448 0.030000 5.398318 0.030000 5.496405 0.030000 1.508583 0.030000 1.774046 0.030000
7.973656 0.030000 7.709161 0.030000 6.329060 0.150000 5.784032 0.030000 3.334182 0.030000 3.157146 0.030000 5.417795 0.030000 5.418857 0.030000 1.531726 0.030000 2.085291 0.150000
7.935463 0.030000 7.816691 0.030000 6.038692 0.030000 5.758483 0.030000 3.399320 0.030000 3.214729 0.030000 5.434266 0.030000 5.518984 0.030000 1.504768 0.030000 1.758102 0.030000
7.962200 0.030000 8.019880 0.150000 6.077690 0.030000 5.806294 0.030000 3.403859 0.030000 3.133388 0.030000 5.386567 0.030000 5.525293 0.030000 2.106294 0.150000 1.730786 0.030000
7.991264 0.030000 7.748462 0.030000 6.564199 0.150000 5.735813 0.030000 3.388913 0.030000 3.140148 0.030000 5.431375 0.030000 5.485770 0.030000 1.535889 0.030000 2.621503 0.150000
8.013838 0.030000 7.752106 0.030000 6.045760 0.030000 5.799014 0.030000 3.397895 0.030000 3.184233 0.030000 5.427223 0.030000 5.428207 0.030000 1.502129 0.030000 1.782008 0.030000
8.010674 0.030000 8.341715 0.150000 5.986691 0.030000 5.785516 0.030000 3.369365 0.030000 3.171185 0.030000 5.374236 0.150000 5.436488 0.030000 1.506040 0.030000 1.794025 0.030000
7.944597 0.030000 7.770868 0.030000 6.063467 0.030000 5.742607 0.030000 3.726700 0.150000 3.164642 0.030000 5.394602 0.030000 5.516478 0.030000 1.511402 0.030000 1.743068 0.030000
8.005738 0.030000 7.855606 0.030000 6.060852 0.030000 5.761298 0.030000 3.224708 0.150000 3.195499 0.030000 5.420600 0.030000 5.454284 0.030000 1.480453 0.030000 1.755890 0.030000
7.933807 0.030000 7.806568 0.030000 6.965653 0.150000 5.792417 0.030000 3.392895 0.030000 3.197624 0.030000 5.424482 0.030000 5.530183 0.150000 1.511217 0.030000 1.774455 0.030000
7.982062 0.030000 7.801680 0.030000 6.025497 0.030000 5.857856 0.030000 3.390936 0.030000 3.208172 0.030000 5.426513 0.030000 5.356527 0.030000 1.509323 0.030000 1.729926 0.030000
7.970209 0.030000 7.814336 0.030000 6.049847 0.030000 5.790878 0.030000 3.420692 0.030000 3.192377 0.030000 5.479077 0.030000 6.015298 0.150000 1.444966 0.030000 1.688634 0.030000
7.991819 0.030000 7.833262 0.030000 6.018322 0.030000 5.779097 0.030000 3.370660 0.030000 3.602370 0.150000 5.428344 0.030000 5.428504 0.030000 1.445395 0.030000 1.677914 0.030000
7.957020 0.030000 7.877956 0.030000 6.113117 0.030000 5.850763 0.030000 3.406719 0.030000 3.198162 0.030000 5.407065 0.030000 5.436877 0.030000 1.488930 0.030000 1.702741 0.030000
8.017250 0.030000 7.746527 0.030000 6.126986 0.030000 5.816785 0.030000 3.437975 0.030000 3.227466 0.030000 5.411113 0.030000 5.460972 0.030000 1.491012 0.030000 1.691016 0.030000
8.072049 0.030000 7.836945 0.030000 6.107693 0.030000 5.827757 0.030000 3.415865 0.030000 3.208001 0.030000 5.425756 0.030000 5.442356 0.030000 1.451784 0.030000 1.724767 0.150000
8.036606 0.030000 7.838493 0.030000 6.104511 0.030000 5.818377 0.030000 3.436765 0.030000 3.218776 0.030000 5.417309 0.030000 5.474562 0.030000 1.442104 0.030000 1.724546 0.030000
8.026605 0.030000 7.848070 0.030000 6.091500 0.030000 5.824568 0.030000 3.465195 0.030000 3.224234 0.030000 5.429566 0.030000 5.452057 0.030000 1.459446 0.030000 1.647926 0.030000
8.017393 0.030000 7.800046 0.030000 6.054716 0.030000 5.860242 0.030000 3.398065 0.030000 3.232451 0.030000 5.403404 0.030000 5.456967 0.030000 1.542244 0.150000 2.015035 0.150000
8.018598 0.030000 7.806010 0.030000 6.097053 0.030000 5.875689 0.030000 3.433361 0.030000 3.217523 0.030000 5.448793 0.030000 5.427811 0.030000 1.850804 0.150000 1.652243 0.030000
8.020476 0.030000 7.800561 0.030000 6.118487 0.030000 5.869218 0.030000 3.453753 0.030000 3.238847 0.030000 5.480954 0.030000 5.487677 0.030000 1.421290 0.030000 1.724287 0.030000
8.517511 0.150000 7.824495 0.030000 6.111237 0.030000 5.855401 0.030000 3.394596 0.030000 3.302661 0.030000 5.388697 0.030000 5.463926 0.030000 1.480301 0.030000 1.658660 0.030000
8.065118 0.030000 7.835041 0.030000 6.117090 0.030000 5.919801 0.030000 3.777363 0.150000 3.253199 0.030000 5.371790 0.030000 5.444763 0.030000 1.472628 0.030000 1.717025 0.030000
8.027117 0.030000 7.838125 0.030000 6.135089 0.030000 5.874200 0.030000 3.416293 0.030000 3.208527 0.150000 5.416424 0.030000 5.521467 0.030000 1.434153 0.030000 1.717831 0.030000
8.023605 0.030000 7.876706 0.030000 6.129001 0.030000 5.837000 0.030000 3.487277 0.150000 3.276814 0.030000 5.454461 0.030000 5.483743 0.030000 1.483000 0.030000 1.659389 0.030000
8.022837 0.030000 7.865931 0.030000 6.076748 0.030000 5.834238 0.030000 3.450272 0.030000 3.285425 0.030000 5.418693 0.030000 5.456937 0.030000 1.421061 0.030000 1.660736 0.030000
8.025186 0.030000 7.886035 0.030000 6.107970 0.030000 5.885104 0.030000 3.420910 0.030000 3.218857 0.030000 5.408804 0.030000 5.471392 0.150000 1.436017 0.030000 1.656414 0.030000
8.027004 0.030000 7.872311 0.030000 6.106852 0.030000 5.877458 0.030000 3.475103 0.030000 3.278923 0.030000 5.428019 0.030000 5.488800 0.030000 1.481882 0.030000 1.674236 0.030000
8.016068 0.030000 7.897075 0.030000 6.122007 0.030000 5.851910 0.030000 3.422237 0.030000 3.283433 0.030000 5.340269 0.030000 5.477224 0.030000 1.492617 0.030000 1.612511 0.030000
8.027912 0.030000 7.904647 0.030000 6.195608 0.030000 5.844337 0.030000 3.421679 0.030000 3.339397 0.030000 5.300690 0.030000 5.474641 0.030000 1.480800 0.030000 1.657332 0.030000
7.998400 0.030000 8.077788 0.150000 6.294198 0.150000 5.912584 0.030000 3.322766 0.030000 3.303101 0.030000 5.308702 0.030000 5.475157 0.030000 1.892136 0.150000 1.591908 0.030000
8.051897 0.030000 7.932566 0.030000 6.190710 0.150000 5.857711 0.030000 3.376650 0.030000 3.310344 0.030000 5.280222 0.030000 5.458944 0.030000 1.475683 0.030000 1.652369 0.030000
7.988440 0.030000 7.942891 0.030000 6.143599 0.030000 5.919248 0.030000 3.413798 0.030000 3.380523 0.030000 5.305271 0.030000 5.860624 0.150000 1.460208 0.030000 1.523288 0.030000
8.054802 0.030000 7.978372 0.030000 6.198204 0.030000 5.922846 0.030000 3.403611 0.030000 3.612428 0.150000 5.291410 0.030000 5.495952 0.030000 1.531263 0.030000 2.234785 0.150000
7.928390 0.030000 7.966688 0.030000 6.181173 0.030000 5.898859 0.030000 4.276179 0.150000 3.360120 0.030000 5.366407 0.150000 5.468386 0.030000 1.537493 0.030000 1.526860 0.030000
7.937216 0.030000 7.969963 0.030000 6.127127 0.030000 5.934235 0.030000 3.358190 0.030000 3.404823 0.030000 5.258034 0.030000 5.419065 0.030000 1.510441 0.030000 1.548784 0.030000
8.031333 0.030000 8.052707 0.150000 6.206852 0.030000 5.985892 0.030000 3.293405 0.030000 3.339264 0.030000 5.265492 0.030000 5.476261 0.030000 1.550502 0.030000 1.551076 0.030000
7.937585 0.030000 8.016733 0.030000 6.128596 0.030000 6.032264 0.030000 3.321268 0.030000 3.317919 0.030000 5.227412 0.030000 5.490960 0.030000 1.555854 0.030000 1.522121 0.030000
7.909458 0.030000 8.000576 0.030000 6.174552 0.030000 6.111489 0.150000 3.267372 0.030000 3.454596 0.030000 5.233293 0.030000 5.499506 0.030000 1.741929 0.150000 1.490132 0.030000
7.918750 0.030000 7.999489 0.030000 6.513863 0.150000 5.988922 0.030000 3.347918 0.030000 3.407933 0.030000 5.201335 0.030000 5.424091 0.030000 1.507730 0.150000 1.510032 0.030000
7.952475 0.030000 7.989645 0.030000 6.181429 0.030000 6.083582 0.030000 3.347364 0.030000 3.325773 0.030000 5.174668 0.030000 5.417858 0.030000 1.559781 0.030000 1.490332 0.030000
7.879140 0.030000 8.092553 0.030000 6.123391 0.030000 6.095407 0.030000 3.342990 0.150000 3.426743 0.030000 5.202341 0.030000 6.178954 0.150000 1.535047 0.030000 1.538556 0.030000
7.876959 0.030000 8.024101 0.030000 6.129043 0.030000 6.081410 0.030000 3.272468 0.030000 3.390805 0.030000 5.260181 0.030000 5.392501 0.030000 1.613531 0.030000 1.618476 0.150000
7.861368 0.030000 7.984024 0.030000 6.124836 0.030000 6.087615 0.030000 3.757811 0.150000 3.421715 0.030000 5.067026 0.030000 5.436945 0.030000 1.601725 0.030000 1.489752 0.030000
7.852504 0.030000 7.955469 0.030000 6.138405 0.030000 6.044966 0.030000 3.287756 0.030000 3.411624 0.030000 5.171836 0.030000 5.370594 0.030000 1.636510 0.030000 1.524154 0.030000
7.857177 0.030000 8.007320 0.030000 6.156495 0.030000 6.091310 0.030000 3.281931 0.030000 3.410024 0.030000 5.141594 0.030000 5.402894 0.030000 1.607086 0.030000 1.514653 0.030000
7.856159 0.030000 7.990776 0.030000 6.117758 0.030000 6.262525 0.150000 3.225860 0.030000 3.375462 0.030000 5.138901 0.030000 5.537356 0.150000 1.630192 0.030000 1.527869 0.030000
8.245816 0.150000 7.986542 0.030000 6.192219 0.030000 6.134701 0.030000 3.274816 0.030000 3.483944 0.150000 5.143864 0.150000 5.342510 0.030000 1.644108 0.030000 1.495688 0.030000
7.810189 0.030000 7.937420 0.030000 6.134168 0.030000 6.088310 0.030000 3.534237 0.150000 3.355762 0.030000 5.056045 0.030000 5.325569 0.030000 1.622570 0.030000 1.529241 0.030000
7.777184 0.030000 8.004565 0.030000 6.128771 0.030000 6.096654 0.030000 3.213533 0.030000 3.375606 0.030000 5.082720 0.030000 5.299725 0.030000 1.672075 0.030000 1.633264 0.150000
7.827785 0.030000 7.975054 0.030000 6.141608 0.030000 6.151713 0.030000 3.223665 0.030000 3.351112 0.030000 5.030167 0.030000 5.297971 0.030000 1.721021 0.030000 1.477792 0.030000
7.762486 0.030000 7.985833 0.030000 6.404204 0.150000 6.103309 0.030000 3.141197 0.030000 3.326486 0.030000 5.051479 0.030000 5.460032 0.150000 1.743755 0.030000 1.524939 0.030000
7.726092 0.030000 7.947078 0.030000 6.179549 0.030000 6.105263 0.030000 3.125909 0.030000 3.345240 0.030000 5.425353 0.150000 5.303206 0.030000 1.689736 0.030000 1.545625 0.030000
7.719581 0.030000 8.220606 0.150000 6.154936 0.030000 6.932535 0.150000 3.062614 0.150000 3.551352 0.150000 5.022905 0.030000 5.239131 0.030000 1.770906 0.030000 1.571583 0.030000
7.775030 0.030000 7.868349 0.030000 6.144413 0.030000 6.147776 0.030000 3.160814 0.030000 3.289238 0.150000 5.006151 0.030000 5.253354 0.030000 1.749640 0.030000 1.630267 0.030000
7.734163 0.030000 7.897682 0.030000 6.252901 0.150000 6.683222 0.150000 3.149940 0.030000 3.285154 0.030000 4.997719 0.030000 5.255005 0.030000 1.734520 0.030000 1.593171 0.030000
7.624227 0.150000 7.866637 0.030000 6.224129 0.150000 6.072442 0.030000 3.117521 0.030000 3.304567 0.030000 5.021621 0.030000 5.158198 0.030000 1.818794 0.030000 1.562629 0.030000
7.709328 0.030000 7.891082 0.030000 6.210322 0.150000 6.127088 0.030000 3.124613 0.030000 3.305132 0.030000 4.973360 0.030000 5.193224 0.030000 1.794970 0.030000 1.622744 0.030000
7.696645 0.030000 7.855949 0.030000 6.152586 0.030000 6.068068 0.030000 3.095363 0.030000 3.279305 0.030000 4.951672 0.030000 5.174046 0.030000 1.775251 0.030000 1.600966 0.030000
7.684925 0.030000 7.840504 0.030000 6.120849 0.030000 6.152372 0.030000 3.100974 0.030000 3.233355 0.030000 4.939797 0.030000 5.185466 0.030000 2.095230 0.150000 1.634192 0.030000
7.685493 0.030000 7.830096 0.030000 6.113184 0.030000 6.142517 0.030000 3.132511 0.030000 3.240208 0.030000 4.926912 0.030000 5.120751 0.030000 1.812716 0.030000 1.722218 0.150000
7.674761 0.030000 7.830673 0.030000 6.161898 0.030000 6.170499 0.150000 3.390506 0.150000 3.291184 0.030000 4.872032 0.030000 5.206815 0.030000 1.840671 0.030000 1.643461 0.030000
7.686225 0.030000 7.802956 0.030000 6.144581 0.030000 6.202735 0.150000 3.068406 0.030000 3.234693 0.030000 4.901968 0.030000 5.171460 0.030000 1.840802 0.030000 1.637658 0.030000
7.662267 0.030000 7.810700 0.030000 6.122206 0.030000 6.181688 0.030000 3.062821 0.030000 3.261656 0.030000 4.842933 0.030000 5.123331 0.030000 1.832151 0.030000 1.688944 0.030000
7.641903 0.030000 7.841317 0.030000 6.173784 0.030000 6.077240 0.030000 3.048954 0.030000 3.205170 0.030000 4.853553 0.030000 5.139793 0.030000 1.829012 0.030000 1.652636 0.030000
7.593032 0.030000 7.863653 0.030000 6.202015 0.030000 6.099051 0.030000 3.087320 0.030000 3.164480 0.030000 4.884573 0.030000 5.063378 0.030000 1.873915 0.030000 1.676898 0.030000
7.600692 0.030000 7.803406 0.030000 6.167330 0.030000 6.098646 0.030000 3.061563 0.030000 3.210035 0.150000 4.837768 0.030000 5.055887 0.030000 1.846543 0.030000 1.643058 0.030000
7.669381 0.030000 7.808816 0.030000 6.789368 0.150000 6.124980 0.030000 3.018430 0.030000 3.424638 0.150000 4.812444 0.030000 5.573594 0.150000 1.889700 0.030000 1.829669 0.150000
7.618450 0.030000 7.887129 0.150000 6.198542 0.030000 6.112939 0.030000 2.997128 0.030000 3.172699 0.030000 5.770782 0.150000 5.043048 0.030000 1.855183 0.030000 1.649173 0.030000
7.588970 0.030000 7.783094 0.030000 6.133472 0.030000 6.121990 0.030000 3.005530 0.030000 3.176509 0.030000 4.761613 0.030000 4.994137 0.030000 1.924749 0.030000 1.808199 0.030000
7.626477 0.030000 7.740331 0.030000 6.657808 0.150000 6.146868 0.030000 3.050501 0.030000 3.175976 0.030000 4.726145 0.030000 5.801634 0.150000 1.942355 0.030000 1.754505 0.150000
7.595945 0.030000 7.763003 0.030000 6.207226 0.030000 6.125070 0.030000 3.021336 0.030000 3.198975 0.030000 4.712984 0.030000 4.968621 0.030000 1.879544 0.030000 1.779852 0.030000
7.554757 0.030000 7.728488 0.030000 6.150182 0.030000 6.257695 0.150000 3.058710 0.030000 3.161521 0.030000 4.741944 0.030000 5.294068 0.150000 1.938548 0.030000 1.780389 0.030000
7.601889 0.030000 7.761554 0.030000 6.140121 0.150000 6.186667 0.030000 2.997076 0.030000 3.095713 0.030000 4.675075 0.030000 4.928516 0.030000 1.911535 0.030000 1.563668 0.150000
7.561178 0.030000 7.683678 0.030000 6.223927 0.030000 6.172827 0.030000 2.999437 0.030000 3.081744 0.030000 4.754748 0.030000 4.957836 0.030000 1.949739 0.030000 1.788385 0.030000
7.603807 0.030000 7.699037 0.030000 6.179734 0.030000 6.659490 0.150000 2.956365 0.030000 3.156554 0.030000 4.652539 0.030000 4.939197 0.030000 1.976687 0.030000 1.793268 0.030000
7.577620 0.030000 7.676877 0.030000 6.219820 0.030000 6.312467 0.150000 2.986993 0.030000 3.107619 0.030000 4.683260 0.030000 4.925079 0.030000 2.004915 0.030000 1.825118 0.030000
7.492820 0.030000 8.146795 0.150000 6.258540 0.030000 6.281024 0.150000 2.942633 0.030000 3.131685 0.030000 4.698837 0.030000 4.911053 0.030000 1.972121 0.030000 1.855951 0.030000
7.596696 0.030000 7.677126 0.030000 6.250352 0.030000 6.108847 0.030000 2.933918 0.030000 3.092934 0.030000 4.679709 0.030000 4.908133 0.030000 1.987215 0.030000 1.834051 0.030000
7.606237 0.030000 7.601642 0.030000 6.235103 0.030000 6.172616 0.030000 2.918073 0.030000 3.079994 0.030000 4.678885 0.030000 4.899760 0.030000 1.974082 0.030000 1.843883 0.030000
7.478891 0.030000 7.687954 0.030000 6.247494 0.030000 6.177903 0.030000 2.967528 0.030000 3.054034 0.030000 4.533465 0.030000 4.858156 0.030000 2.006560 0.030000 1.913897 0.030000
7.419987 0.030000 7.656456 0.030000 6.204946 0.030000 6.309724 0.150000 2.945134 0.030000 3.042234 0.030000 4.603377 0.030000 4.799875 0.030000 2.167588 0.150000 1.835740 0.030000
7.653209 0.150000 7.615189 0.030000 6.230628 0.030000 6.174827 0.030000 2.915971 0.030000 3.053836 0.030000 4.612440 0.030000 4.801834 0.030000 2.043640 0.030000 1.892668 0.030000
8.695079 0.150000 7.668124 0.030000 6.282382 0.030000 6.148105 0.030000 3.009072 0.030000 3.046069 0.030000 4.579045 0.030000 4.820214 0.030000 2.094313 0.030000 1.882718 0.030000
7.453553 0.030000 7.623691 0.030000 6.221563 0.030000 6.115438 0.030000 2.917553 0.150000 4.394065 0.150000 4.512238 0.030000 4.795267 0.030000 2.086402 0.030000 1.900403 0.030000
7.461795 0.030000 7.570661 0.030000 6.237515 0.030000 6.187249 0.030000 2.911239 0.030000 2.984900 0.030000 4.543204 0.030000 4.757975 0.030000 2.057535 0.030000 1.926414 0.030000
7.454974 0.030000 7.628150 0.030000 6.279822 0.030000 6.191754 0.030000 2.889165 0.030000 3.050805 0.030000 4.543195 0.030000 4.796306 0.030000 2.065636 0.030000 1.862194 0.030000
7.427770 0.030000 7.615833 0.030000 6.246846 0.030000 6.207965 0.030000 2.879143 0.030000 3.006094 0.030000 4.826299 0.150000 4.722884 0.030000 2.055400 0.030000 1.922508 0.030000
7.478014 0.030000 7.583718 0.030000 6.314844 0.030000 6.202125 0.030000 2.845099 0.030000 2.985683 0.030000 4.459884 0.030000 4.760795 0.030000 2.136309 0.030000 1.915283 0.030000
7.451248 0.030000 7.545807 0.030000 6.251260 0.030000 6.231219 0.030000 2.867250 0.030000 3.075362 0.030000 4.510700 0.030000 4.668959 0.030000 2.059522 0.150000 1.998365 0.030000
7.423925 0.030000 7.553256 0.030000 6.858785 0.150000 6.154495 0.030000 2.846606 0.030000 2.962517 0.030000 4.475637 0.030000 4.715095 0.030000 2.129883 0.030000 1.942265 0.030000
7.451906 0.030000 7.552881 0.030000 6.278169 0.030000 6.179066 0.030000 2.879175 0.030000 2.955444 0.030000 4.456363 0.030000 4.702373 0.030000 2.135066 0.030000 1.970214 0.030000
7.399392 0.030000 8.288136 0.150000 6.285897 0.030000 6.193689 0.030000 2.849924 0.030000 2.953821 0.030000 4.442339 0.030000 4.874226 0.150000 2.182921 0.030000 1.952151 0.030000
7.393671 0.030000 7.529250 0.030000 6.290504 0.030000 6.197682 0.030000 2.874998 0.030000 3.003373 0.030000 4.797954 0.150000 4.625095 0.030000 2.112947 0.030000 1.996070 0.030000
7.394616 0.030000 7.518769 0.030000 6.319350 0.030000 6.301614 0.150000 2.894629 0.030000 3.011557 0.030000 4.404545 0.030000 4.674806 0.030000 2.172726 0.030000 2.003086 0.030000
7.542476 0.150000 7.526347 0.030000 6.258983 0.030000 6.210712 0.030000 2.831357 0.030000 2.949589 0.030000 4.458190 0.030000 4.960070 0.150000 2.198976 0.030000 2.003544 0.030000
7.405390 0.030000 7.499431 0.030000 6.318132 0.030000 6.190087 0.030000 2.843509 0.030000 2.966078 0.030000 4.404958 0.030000 4.574860 0.030000 2.194293 0.030000 2.034880 0.030000
7.925466 0.150000 7.464870 0.030000 6.281049 0.030000 6.231342 0.030000 2.862086 0.030000 3.034458 0.030000 4.378766 0.030000 4.626442 0.030000 2.296457 0.030000 2.037190 0.030000
7.334445 0.030000 7.473397 0.030000 6.318859 0.030000 6.266128 0.030000 2.842046 0.030000 2.944511 0.030000 4.467900 0.150000 4.611127 0.030000 2.180864 0.030000 2.042531 0.030000
7.320563 0.030000 7.433473 0.030000 6.338340 0.030000 6.260633 0.030000 2.818689 0.030000 2.973004 0.030000 4.347459 0.030000 4.589622 0.030000 2.282882 0.030000 2.019511 0.030000
7.365340 0.030000 7.483734 0.030000 6.359341 0.030000 6.288407 0.030000 2.842202 0.030000 2.904821 0.030000 4.308919 0.030000 4.592812 0.030000 2.306635 0.030000 2.082714 0.030000
7.381857 0.030000 7.450317 0.030000 6.295431 0.030000 6.268795 0.030000 2.815892 0.030000 2.945805 0.030000 4.307737 0.030000 4.593265 0.030000 2.331845 0.030000 2.063065 0.030000
7.348083 0.030000 7.471187 0.030000 6.348384 0.030000 6.272866 0.030000 2.831193 0.030000 2.885522 0.030000 4.305817 0.030000 4.588526 0.030000 2.313099 0.030000 2.062022 0.030000
7.351063 0.030000 7.482328 0.030000 6.334099 0.030000 6.257243 0.030000 2.849529 0.030000 2.939419 0.030000 4.265704 0.030000 4.494983 0.030000 2.312947 0.030000 2.122891 0.030000
7.350210 0.030000 7.460334 0.030000 6.321969 0.030000 6.306915 0.030000 2.758895 0.030000 2.886144 0.030000 4.327697 0.030000 4.500117 0.030000 2.324560 0.030000 2.168025 0.030000
7.246381 0.030000 7.408115 0.030000 6.371596 0.030000 6.266595 0.030000 2.788035 0.030000 2.913307 0.030000 4.237873 0.030000 4.511740 0.030000 3.268837 0.150000 2.182081 0.030000
7.309362 0.030000 7.439333 0.030000 6.374709 0.030000 6.999112 0.150000 2.989714 0.150000 2.910026 0.030000 4.271523 0.030000 4.500590 0.030000 2.365241 0.030000 2.114110 0.030000
7.286280 0.030000 7.424149 0.030000 6.341174 0.030000 6.308901 0.030000 2.837156 0.030000 3.578154 0.150000 4.248929 0.030000 4.508490 0.030000 2.398817 0.030000 2.161027 0.030000
7.271214 0.030000 7.411430 0.030000 6.391997 0.030000 6.285640 0.030000 2.800215 0.030000 2.841175 0.030000 4.220926 0.030000 4.403682 0.030000 2.416794 0.030000 2.111966 0.030000
7.300492 0.030000 7.413184 0.030000 6.687421 0.150000 6.248596 0.030000 2.723176 0.030000 2.895091 0.030000 4.197629 0.030000 4.454006 0.030000 2.421022 0.030000 2.174067 0.030000
7.242527 0.030000 7.415299 0.030000 6.356362 0.030000 6.231752 0.030000 2.768069 0.030000 2.857822 0.030000 4.162895 0.030000 4.422934 0.030000 2.387821 0.030000 2.199566 0.030000
7.290548 0.030000 7.348136 0.030000 6.370263 0.030000 6.295093 0.030000 2.761166 0.030000 2.849009 0.030000 4.164713 0.030000 4.399404 0.030000 2.400444 0.030000 2.174483 0.030000
7.263807 0.030000 7.330405 0.030000 6.369003 0.030000 6.251205 0.030000 2.822248 0.030000 3.023143 0.150000 4.215220 0.030000 4.408158 0.030000 2.440442 0.030000 2.636377 0.150000
7.222533 0.030000 7.313000 0.030000 6.395586 0.030000 6.590814 0.150000 2.783141 0.030000 2.820061 0.030000 4.145898 0.030000 4.406245 0.030000 2.424743 0.030000 2.192295 0.030000
7.219984 0.030000 7.318450 0.030000 6.318693 0.030000 6.305520 0.030000 2.789354 0.030000 2.899152 0.030000 4.188007 0.030000 4.386151 0.030000 2.450845 0.030000 2.233822 0.030000
7.233839 0.030000 7.359828 0.030000 6.426443 0.030000 6.313068 0.030000 2.692509 0.030000 2.785816 0.030000 4.095217 0.030000 4.348118 0.030000 2.428742 0.030000 2.172807 0.030000
7.140923 0.030000 7.403711 0.030000 6.337651 0.030000 6.284931 0.030000 3.564921 0.150000 2.823578 0.030000 4.094023 0.030000 4.350075 0.030000 2.697222 0.150000 2.273907 0.030000
7.638409 0.150000 7.363075 0.030000 6.430279 0.030000 6.269758 0.030000 3.438265 0.150000 2.878876 0.030000 4.098797 0.030000 4.323423 0.030000 2.499359 0.030000 2.673778 0.150000
7.194950 0.030000 8.252557 0.150000 6.375031 0.030000 6.298684 0.030000 2.711379 0.030000 2.834693 0.030000 4.047461 0.030000 4.339522 0.030000 2.311465 0.150000 2.270138 0.030000
7.026013 0.150000 7.336447 0.030000 6.353563 0.030000 6.312267 0.150000 2.700947 0.030000 2.800173 0.030000 4.079874 0.030000 4.261367 0.030000 2.533238 0.030000 2.279265 0.030000
7.179201 0.030000 7.353146 0.030000 6.402073 0.030000 6.335535 0.030000 2.726794 0.030000 2.831121 0.030000 4.069531 0.030000 4.257733 0.030000 2.515595 0.030000 2.300562 0.030000
7.192992 0.030000 7.332023 0.030000 6.454852 0.030000 6.300157 0.030000 2.667167 0.030000 2.784481 0.030000 4.036123 0.030000 4.337672 0.030000 2.581400 0.030000 2.343537 0.030000
7.174007 0.030000 7.277003 0.030000 6.406171 0.030000 6.371978 0.030000 2.738878 0.030000 2.787243 0.030000 4.055595 0.030000 4.342536 0.150000 2.861310 0.150000 2.330004 0.030000
7.868211 0.150000 7.254312 0.030000 6.408015 0.030000 6.337101 0.030000 2.668573 0.030000 2.720849 0.030000 3.996332 0.030000 5.041028 0.150000 2.566792 0.030000 2.397221 0.030000
7.458633 0.150000 7.255707 0.030000 6.586599 0.150000 6.357912 0.030000 2.713058 0.030000 3.863773 0.150000 4.570483 0.150000 4.226427 0.030000 2.594700 0.030000 2.369029 0.030000
7.127957 0.030000 7.264259 0.030000 6.410862 0.030000 6.305667 0.030000 2.873854 0.150000 2.772379 0.030000 4.029147 0.030000 4.355878 0.150000 2.582284 0.030000 2.395323 0.030000
7.129643 0.030000 7.165048 0.150000 6.424040 0.030000 6.364772 0.030000 2.703557 0.030000 2.805989 0.150000 3.936847 0.030000 4.205492 0.030000 2.591850 0.030000 2.415928 0.030000
7.132809 0.030000 7.288977 0.030000 6.473837 0.030000 6.752033 0.150000 2.692531 0.030000 2.761600 0.030000 3.983536 0.030000 5.770784 0.150000 2.759981 0.150000 2.408093 0.030000
7.072166 0.030000 7.225865 0.030000 6.495362 0.030000 6.309620 0.030000 2.712877 0.030000 2.747090 0.030000 3.951730 0.030000 4.182528 0.030000 2.601044 0.030000 2.412833 0.030000
7.103304 0.030000 7.247646 0.030000 6.456645 0.030000 6.387983 0.030000 2.677524 0.030000 2.803145 0.030000 3.954532 0.030000 4.153460 0.030000 2.628788 0.030000 2.470408 0.030000
7.042652 0.030000 7.256556 0.030000 7.497385 0.150000 6.392116 0.030000 2.644407 0.030000 2.750832 0.030000 4.149015 0.150000 4.151316 0.030000 2.663058 0.030000 2.444920 0.030000
7.092821 0.030000 7.249916 0.030000 6.448762 0.030000 6.421994 0.030000 2.655108 0.030000 2.728105 0.030000 3.921213 0.030000 4.132104 0.030000 2.681591 0.030000 2.417796 0.030000
7.060275 0.150000 7.173054 0.030000 6.488874 0.030000 6.359497 0.030000 2.706779 0.030000 2.739393 0.030000 4.688908 0.150000 4.120015 0.030000 2.684473 0.030000 2.468355 0.030000
7.073455 0.030000 7.222243 0.030000 6.465908 0.030000 6.418156 0.030000 2.660416 0.030000 2.764493 0.030000 3.867017 0.030000 4.084296 0.030000 2.675000 0.030000 2.493813 0.030000
7.060042 0.030000 7.232935 0.030000 6.467949 0.030000 6.383123 0.030000 2.628181 0.030000 2.730480 0.150000 3.853688 0.030000 4.127515 0.030000 2.716926 0.030000 2.519144 0.030000
7.055552 0.030000 7.219844 0.030000 6.643188 0.150000 6.331499 0.030000 2.660603 0.030000 2.740033 0.030000 3.833593 0.030000 4.053596 0.030000 2.740983 0.030000 2.516307 0.030000
6.949939 0.150000 7.124482 0.150000 6.461979 0.030000 6.397736 0.030000 2.666518 0.030000 2.692129 0.030000 3.877284 0.030000 4.080321 0.030000 2.769260 0.030000 2.503252 0.030000
7.035146 0.030000 7.204674 0.030000 6.516720 0.030000 6.456579 0.030000 2.707321 0.030000 2.752080 0.030000 3.831298 0.030000 4.029439 0.030000 2.707883 0.030000 2.540479 0.030000
7.068557 0.030000 7.111567 0.030000 6.508174 0.030000 6.506733 0.030000 2.644531 0.030000 2.687784 0.030000 3.869212 0.150000 4.007750 0.030000 2.793376 0.030000 2.556790 0.030000
7.018433 0.030000 7.131746 0.030000 6.517313 0.030000 6.464631 0.030000 2.983307 0.150000 2.720346 0.030000 3.802169 0.030000 4.016785 0.030000 2.768011 0.030000 2.570940 0.030000
7.081570 0.030000 7.252563 0.150000 6.516477 0.030000 6.388765 0.030000 2.634637 0.030000 2.678561 0.030000 3.733032 0.030000 4.446229 0.150000 2.780967 0.030000 2.547398 0.030000
7.010501 0.030000 7.161121 0.030000 6.529280 0.030000 6.498145 0.030000 2.654713 0.030000 2.624492 0.150000 3.799381 0.030000 3.964697 0.030000 2.793234 0.030000 2.570573 0.030000
6.997988 0.030000 7.077214 0.030000 6.475419 0.030000 6.470964 0.030000 2.587283 0.030000 2.620530 0.030000 4.303611 0.150000 4.002136 0.030000 2.793292 0.030000 2.611096 0.030000
6.990414 0.030000 7.103466 0.030000 6.494959 0.030000 6.420541 0.030000 2.677823 0.030000 2.701145 0.030000 3.676701 0.030000 3.956361 0.030000 2.825341 0.030000 2.616781 0.030000
7.294525 0.150000 7.094765 0.030000 6.588673 0.030000 6.438748 0.030000 2.638377 0.030000 2.768895 0.030000 4.140262 0.150000 3.914600 0.030000 2.851989 0.030000 2.633037 0.030000
7.024983 0.030000 7.097659 0.030000 6.550358 0.030000 6.334204 0.150000 2.635241 0.030000 2.947370 0.150000 3.716051 0.030000 3.947049 0.030000 2.847402 0.030000 2.619390 0.030000
7.137538 0.150000 7.145694 0.030000 6.541359 0.030000 6.583378 0.150000 2.641139 0.030000 2.634786 0.030000 3.678775 0.030000 3.936329 0.030000 2.874017 0.030000 2.599395 0.030000
6.979795 0.030000 7.128742 0.030000 6.595359 0.030000 6.430094 0.030000 2.631798 0.030000 2.647208 0.030000 3.733278 0.030000 3.946997 0.030000 2.836179 0.030000 2.698173 0.030000
6.957270 0.030000 7.101781 0.030000 6.575927 0.030000 6.466940 0.030000 2.730594 0.150000 2.695642 0.030000 3.655534 0.030000 3.892335 0.030000 2.898032 0.030000 2.701245 0.030000
6.960962 0.030000 7.103581 0.030000 6.525791 0.030000 6.440652 0.030000 2.610050 0.030000 2.671457 0.030000 3.647653 0.030000 3.874930 0.030000 3.377808 0.150000 2.713513 0.030000
6.968994 0.030000 7.066946 0.030000 6.596542 0.030000 6.500931 0.030000 2.584147 0.030000 2.647527 0.030000 4.052571 0.150000 3.839540 0.030000 2.937927 0.030000 2.683199 0.030000
6.964402 0.030000 7.069925 0.030000 6.583233 0.030000 6.529322 0.030000 2.620606 0.030000 2.652219 0.030000 3.609391 0.030000 3.838842 0.030000 3.043845 0.150000 2.724093 0.030000
6.911456 0.030000 7.047186 0.030000 6.560704 0.030000 6.511643 0.030000 2.620230 0.030000 2.688661 0.030000 3.622120 0.030000 3.848829 0.030000 2.926161 0.030000 2.735374 0.030000
6.955645 0.030000 7.122755 0.030000 7.120013 0.150000 6.488994 0.030000 2.570328 0.030000 2.633950 0.030000 3.563463 0.030000 3.745297 0.030000 2.920036 0.030000 2.778107 0.030000
7.614356 0.150000 7.033288 0.030000 6.571356 0.030000 6.505644 0.030000 2.822292 0.150000 2.678362 0.030000 3.592082 0.030000 3.828059 0.030000 2.993734 0.030000 2.743665 0.030000
6.892163 0.030000 6.988545 0.030000 6.614071 0.030000 6.544964 0.030000 2.606178 0.030000 2.640462 0.030000 3.471264 0.030000 3.752597 0.030000 2.974801 0.030000 2.796506 0.030000
6.926007 0.030000 7.002593 0.030000 6.584322 0.030000 6.532524 0.030000 2.686155 0.150000 2.631518 0.030000 3.512732 0.030000 3.785278 0.030000 3.005584 0.030000 2.819321 0.030000
6.922719 0.030000 6.923899 0.030000 6.611719 0.030000 6.463105 0.030000 2.602061 0.030000 2.675104 0.030000 3.618568 0.150000 3.780742 0.030000 3.029823 0.030000 2.783213 0.030000
6.924050 0.030000 7.014919 0.030000 6.648258 0.030000 6.532266 0.030000 2.595654 0.030000 2.623075 0.030000 3.515489 0.030000 3.780687 0.030000 3.013238 0.030000 2.831536 0.030000
6.896592 0.030000 7.001943 0.030000 6.643378 0.030000 6.534774 0.030000 2.586373 0.030000 2.703092 0.030000 3.510017 0.030000 3.729842 0.030000 3.028081 0.030000 2.829241 0.030000
6.881288 0.030000 6.967959 0.150000 6.634861 0.030000 6.516904 0.030000 2.600215 0.030000 2.694686 0.030000 3.460462 0.030000 3.740270 0.030000 3.017030 0.030000 2.846619 0.030000
6.883761 0.150000 6.997904 0.030000 6.626658 0.030000 6.529224 0.030000 2.588105 0.030000 2.619229 0.030000 3.483522 0.030000 3.719575 0.030000 3.049439 0.030000 2.870755 0.030000
6.819440 0.030000 7.124690 0.150000 6.633551 0.030000 6.566447 0.030000 2.554339 0.030000 2.612381 0.030000 3.390181 0.030000 3.697099 0.030000 3.122829 0.030000 2.924937 0.030000
6.819832 0.030000 6.971767 0.030000 6.644541 0.030000 6.608884 0.030000 2.565343 0.030000 2.621367 0.030000 3.465326 0.030000 3.703829 0.030000 3.065443 0.030000 2.873945 0.030000
6.865930 0.030000 6.992993 0.030000 6.625360 0.150000 6.630119 0.030000 2.578761 0.030000 2.653717 0.030000 3.350284 0.030000 3.623189 0.030000 3.112180 0.030000 2.904104 0.030000
6.838084 0.030000 6.961992 0.030000 6.736841 0.030000 6.521355 0.030000 2.621635 0.030000 2.618187 0.030000 3.409530 0.030000 3.660420 0.030000 3.207479 0.030000 2.868281 0.030000
6.847808 0.030000 7.157502 0.150000 6.723287 0.030000 6.572141 0.030000 2.693931 0.030000 2.635071 0.030000 3.358588 0.030000 3.619220 0.030000 3.165817 0.030000 2.952594 0.030000
6.820029 0.030000 6.940142 0.030000 6.643585 0.030000 6.527878 0.030000 2.605780 0.030000 2.589037 0.030000 3.421789 0.030000 3.636324 0.030000 3.145594 0.030000 2.940358 0.030000
6.803056 0.030000 6.974877 0.030000 6.732783 0.030000 6.581539 0.030000 2.642760 0.030000 2.649724 0.030000 3.403422 0.030000 3.606148 0.030000 3.192720 0.030000 2.840557 0.150000
6.831247 0.030000 6.930657 0.030000 7.835307 0.150000 8.001139 0.150000 2.578089 0.030000 2.596517 0.030000 3.311655 0.030000 3.567880 0.030000 3.175878 0.030000 3.091360 0.150000
6.823882 0.030000 6.952432 0.030000 6.702823 0.030000 6.541812 0.030000 2.618909 0.030000 2.632662 0.030000 3.303153 0.030000 3.576917 0.030000 3.197295 0.030000 3.006801 0.030000
6.840962 0.030000 6.886067 0.030000 6.724332 0.030000 6.660953 0.030000 2.606873 0.030000 2.649321 0.030000 3.371360 0.030000 3.525137 0.030000 3.232731 0.030000 3.016327 0.030000
6.806605 0.030000 6.942760 0.030000 6.741574 0.030000 6.675906 0.030000 2.644066 0.030000 2.534971 0.030000 3.275197 0.030000 3.945306 0.150000 3.192618 0.030000 3.004636 0.030000
6.802156 0.030000 6.970229 0.030000 6.686853 0.030000 6.772243 0.150000 2.600151 0.030000 2.621896 0.030000 3.306199 0.030000 3.548731 0.030000 3.202047 0.030000 3.025270 0.030000
6.766549 0.030000 6.895163 0.030000 6.905339 0.150000 6.619645 0.030000 2.562018 0.030000 2.579341 0.030000 3.280570 0.030000 3.509044 0.030000 5.203627 0.150000 3.016212 0.150000
6.757636 0.030000 6.865143 0.030000 6.739719 0.030000 7.227404 0.150000 2.609581 0.030000 2.648294 0.030000 3.241704 0.030000 3.500361 0.030000 3.287922 0.030000 3.015272 0.030000
6.852779 0.030000 7.103930 0.150000 7.041980 0.150000 6.606278 0.030000 2.591801 0.030000 2.585169 0.030000 3.250976 0.030000 3.522064 0.030000 3.288593 0.030000 3.047644 0.030000
6.770168 0.150000 6.915976 0.030000 6.749499 0.150000 6.625774 0.030000 2.617376 0.030000 2.617498 0.030000 3.282073 0.030000 3.487023 0.030000 3.274599 0.030000 3.033678 0.030000
6.771141 0.030000 6.868677 0.030000 6.789954 0.030000 6.683800 0.030000 2.631818 0.030000 2.599880 0.030000 3.243552 0.030000 3.448022 0.030000 3.596029 0.150000 3.044310 0.030000
6.705137 0.030000 6.819545 0.030000 6.778767 0.150000 6.689772 0.030000 2.624721 0.030000 3.294823 0.150000 3.174322 0.030000 3.432687 0.030000 3.306585 0.030000 3.082191 0.030000
6.731243 0.030000 6.865225 0.030000 6.774196 0.030000 6.681221 0.030000 2.566794 0.030000 2.580426 0.030000 3.198063 0.030000 3.445828 0.030000 3.348290 0.030000 3.090096 0.030000
6.743606 0.030000 6.854624 0.030000 6.751107 0.030000 6.963154 0.150000 2.618185 0.030000 2.597837 0.030000 3.202375 0.030000 3.428251 0.030000 3.363480 0.030000 3.708391 0.150000
6.739618 0.030000 6.860633 0.030000 6.759809 0.030000 7.204489 0.150000 2.610637 0.030000 2.572874 0.030000 3.209097 0.030000 3.755176 0.150000 3.351365 0.030000 3.101240 0.030000
6.767701 0.150000 6.892695 0.030000 6.778698 0.030000 6.716139 0.030000 2.623416 0.030000 2.596234 0.030000 3.152940 0.030000 3.442780 0.030000 3.397711 0.030000 3.167414 0.030000
6.737817 0.030000 6.859992 0.030000 6.799858 0.030000 6.698631 0.030000 2.646805 0.030000 2.522820 0.030000 3.165896 0.030000 3.426744 0.030000 3.425538 0.150000 3.171416 0.030000
6.993206 0.150000 7.206972 0.150000 6.774432 0.030000 6.678441 0.030000 2.632014 0.030000 2.617447 0.030000 3.333859 0.150000 3.371736 0.030000 3.370294 0.030000 3.222405 0.030000
6.729809 0.030000 6.828064 0.030000 6.930869 0.150000 6.714877 0.030000 2.633678 0.030000 2.627466 0.030000 3.112606 0.030000 3.386465 0.030000 3.448382 0.030000 3.159509 0.030000
6.709405 0.030000 6.850763 0.030000 7.856233 0.150000 6.684957 0.030000 2.690877 0.150000 2.927110 0.150000 3.090827 0.030000 3.262969 0.150000 3.431941 0.030000 3.207970 0.030000
6.631625 0.030000 6.768731 0.150000 6.844497 0.030000 7.588837 0.150000 2.643158 0.030000 2.614339 0.030000 3.055379 0.030000 3.315451 0.030000 3.504595 0.030000 3.261543 0.030000
6.674897 0.030000 6.793411 0.030000 6.865240 0.030000 6.723682 0.030000 2.646373 0.030000 2.611906 0.030000 3.127797 0.030000 3.297719 0.030000 3.429133 0.030000 3.254730 0.030000
6.720618 0.030000 6.820000 0.030000 6.828688 0.030000 6.738851 0.030000 2.631934 0.030000 2.539378 0.030000 3.033869 0.030000 3.302814 0.030000 3.468883 0.030000 3.285594 0.030000
6.661148 0.030000 6.722268 0.030000 6.854535 0.030000 6.757421 0.030000 2.630840 0.030000 2.609311 0.030000 3.081540 0.030000 3.279294 0.030000 3.509493 0.030000 3.217515 0.030000
6.719848 0.030000 6.759466 0.030000 6.857582 0.030000 6.738581 0.030000 2.610349 0.030000 2.584710 0.030000 3.418574 0.150000 3.283464 0.030000 3.507687 0.030000 3.258992 0.030000
6.668765 0.030000 6.754535 0.030000 6.909786 0.030000 6.782033 0.030000 2.620104 0.030000 2.563655 0.030000 3.014195 0.030000 3.217571 0.030000 3.742739 0.150000 3.318702 0.030000
6.831498 0.150000 6.840923 0.030000 6.904036 0.030000 6.750752 0.030000 2.967217 0.150000 2.643060 0.030000 2.907236 0.150000 3.272055 0.030000 3.583763 0.030000 3.300602 0.030000
6.647725 0.030000 6.788047 0.030000 6.900486 0.030000 6.769865 0.030000 2.588803 0.030000 2.602752 0.030000 3.016163 0.030000 3.251798 0.030000 3.572196 0.030000 3.838650 0.150000
6.621372 0.030000 6.712450 0.030000 6.947693 0.150000 6.795968 0.030000 2.984057 0.150000 2.601784 0.030000 2.963457 0.030000 3.215563 0.030000 3.563635 0.030000 3.370979 0.030000
6.693086 0.030000 6.729196 0.030000 6.891553 0.030000 6.775270 0.030000 2.654304 0.030000 2.641551 0.030000 3.000231 0.030000 3.256942 0.030000 3.608165 0.030000 3.374496 0.030000
6.660559 0.030000 6.687499 0.030000 6.852839 0.030000 6.725810 0.030000 2.578971 0.030000 2.566396 0.030000 2.974471 0.030000 3.158984 0.030000 3.585627 0.030000 3.798068 0.150000
6.638415 0.030000 6.715218 0.030000 6.932958 0.030000 6.820995 0.030000 2.656967 0.030000 3.115574 0.150000 2.939206 0.030000 4.134598 0.150000 3.637966 0.030000 3.352724 0.030000
6.599713 0.030000 6.771319 0.030000 6.946394 0.030000 6.772755 0.030000 2.615243 0.030000 2.581317 0.150000 2.900725 0.030000 3.169877 0.030000 3.629578 0.030000 3.411924 0.030000
6.617048 0.030000 6.701169 0.030000 6.953782 0.030000 6.828370 0.030000 2.674363 0.030000 2.631307 0.030000 2.922247 0.030000 3.187143 0.030000 3.602516 0.030000 3.394194 0.030000
6.632503 0.030000 6.746545 0.030000 6.908751 0.030000 6.827776 0.030000 2.614141 0.030000 2.661114 0.030000 2.883827 0.030000 3.131966 0.030000 3.653485 0.030000 3.363591 0.030000
6.569232 0.030000 6.715884 0.150000 6.927315 0.030000 6.807141 0.030000 2.646959 0.030000 2.605632 0.030000 2.905243 0.030000 3.115347 0.030000 3.561697 0.150000 3.510716 0.150000
6.602879 0.030000 6.699862 0.030000 6.967900 0.030000 6.853068 0.030000 2.597161 0.030000 2.618268 0.030000 2.848345 0.030000 3.128764 0.030000 3.644197 0.030000 3.419462 0.030000
6.594116 0.030000 6.668868 0.030000 6.983486 0.030000 7.516910 0.150000 2.618735 0.030000 2.566271 0.030000 2.882967 0.030000 3.081835 0.030000 4.335462 0.150000 3.478654 0.030000
6.601192 0.030000 6.627202 0.030000 6.969608 0.030000 6.821963 0.030000 2.692560 0.030000 2.622630 0.030000 2.863838 0.150000 3.094845 0.030000 3.728079 0.030000 3.469901 0.030000
6.603502 0.030000 6.694871 0.030000 6.981908 0.030000 6.919714 0.030000 2.660148 0.030000 2.722345 0.150000 2.988297 0.150000 3.535652 0.150000 3.729530 0.030000 3.472267 0.030000
6.587624 0.030000 6.939621 0.150000 6.964429 0.030000 6.886655 0.030000 2.670379 0.030000 2.605389 0.030000 2.897149 0.150000 3.070338 0.030000 3.698421 0.030000 3.533355 0.030000
6.581254 0.030000 6.663015 0.030000 7.010805 0.030000 6.864630 0.030000 2.664671 0.030000 2.618175 0.030000 2.790538 0.030000 3.003117 0.030000 3.758074 0.030000 3.469678 0.030000
6.570629 0.030000 6.660773 0.030000 7.009934 0.030000 6.902108 0.030000 2.608860 0.030000 2.592934 0.030000 2.807662 0.030000 3.051946 0.030000 3.757974 0.030000 3.519207 0.030000
6.605760 0.030000 6.570089 0.030000 7.043478 0.030000 6.873842 0.030000 2.660457 0.030000 2.632733 0.030000 2.804575 0.030000 2.960557 0.030000 3.792674 0.030000 3.556804 0.030000
6.551505 0.030000 6.699214 0.030000 7.019313 0.030000 7.093225 0.150000 2.695020 0.030000 2.600395 0.030000 2.780249 0.150000 2.979573 0.030000 3.824297 0.030000 3.546053 0.030000
6.542183 0.030000 6.656405 0.030000 7.029974 0.030000 6.899321 0.030000 2.696863 0.030000 2.665766 0.030000 2.792931 0.030000 2.957949 0.030000 3.745394 0.030000 3.573099 0.030000
6.563349 0.030000 6.662337 0.030000 7.077587 0.030000 6.959108 0.030000 2.662091 0.030000 2.632714 0.030000 2.709096 0.030000 2.952658 0.030000 3.754958 0.030000 3.592836 0.030000
6.569302 0.030000 6.619529 0.030000 7.040208 0.030000 6.863556 0.030000 2.700284 0.030000 2.628623 0.030000 2.737762 0.030000 2.934196 0.030000 3.828218 0.030000 3.591083 0.030000
6.490658 0.030000 6.626436 0.030000 7.055104 0.030000 6.906694 0.030000 2.669413 0.030000 2.651671 0.030000 2.716154 0.030000 2.978571 0.030000 3.622435 0.150000 3.593410 0.030000
6.507314 0.030000 6.628006 0.030000 7.056100 0.030000 6.924469 0.030000 2.690739 0.030000 2.542150 0.150000 2.722825 0.030000 2.958794 0.030000 3.843637 0.030000 3.652701 0.030000
6.562328 0.030000 6.586402 0.030000 7.018216 0.030000 6.861834 0.030000 3.456400 0.150000 2.617180 0.030000 2.680142 0.030000 2.911553 0.030000 3.824349 0.030000 3.628726 0.030000
6.456513 0.030000 6.593125 0.030000 7.131148 0.030000 6.923987 0.030000 2.659771 0.030000 2.622734 0.030000 2.652385 0.030000 2.919775 0.030000 3.852293 0.030000 3.647261 0.030000
6.650542 0.150000 6.607246 0.030000 7.076867 0.030000 6.929168 0.030000 2.689894 0.030000 2.606744 0.030000 2.632557 0.030000 2.887094 0.030000 3.929343 0.030000 3.644924 0.030000
6.639498 0.150000 6.607625 0.030000 7.078553 0.030000 6.988090 0.030000 2.735173 0.030000 2.617399 0.030000 2.630617 0.030000 2.916403 0.030000 3.936677 0.030000 3.636992 0.030000
6.474406 0.030000 6.542746 0.030000 7.060801 0.030000 6.956679 0.030000 2.716167 0.150000 2.664494 0.030000 2.667021 0.030000 2.817049 0.030000 3.909705 0.030000 4.406545 0.150000
6.518967 0.030000 6.811542 0.150000 7.156649 0.030000 6.910086 0.030000 2.690347 0.030000 2.646703 0.030000 2.620341 0.030000 2.823928 0.030000 3.953973 0.030000 3.687197 0.030000
6.547675 0.030000 6.641962 0.030000 7.136888 0.030000 7.001198 0.030000 2.683053 0.030000 2.679128 0.030000 2.634310 0.030000 2.821722 0.030000 3.960470 0.030000 3.732712 0.030000
6.549327 0.030000 6.666521 0.150000 7.131306 0.030000 7.013517 0.030000 2.725671 0.030000 2.588962 0.030000 2.595951 0.030000 2.814601 0.030000 3.928470 0.030000 3.740644 0.030000
6.375605 0.150000 6.544339 0.030000 7.131904 0.030000 8.660689 0.150000 2.742335 0.030000 3.253391 0.150000 2.608459 0.030000 3.568341 0.150000 4.000068 0.030000 3.761067 0.030000
7.332936 0.150000 6.631716 0.030000 7.146805 0.030000 7.058069 0.030000 2.690202 0.030000 2.646578 0.030000 2.581592 0.030000 2.776697 0.030000 3.598159 0.150000 3.747773 0.030000
6.508829 0.030000 6.549700 0.030000 7.145158 0.030000 7.078217 0.030000 3.335450 0.150000 2.688345 0.030000 2.833851 0.150000 2.778115 0.030000 4.043342 0.030000 3.766011 0.030000
6.480221 0.030000 6.554510 0.030000 7.145233 0.030000 6.988198 0.150000 2.760585 0.030000 2.628489 0.030000 2.524153 0.030000 2.755561 0.030000 4.053656 0.030000 3.742899 0.030000
6.523373 0.030000 6.558736 0.030000 7.158898 0.030000 7.053808 0.030000 2.728930 0.030000 2.611568 0.030000 2.464556 0.030000 2.754492 0.030000 4.013761 0.030000 3.813108 0.030000
6.500898 0.030000 6.515330 0.030000 7.209870 0.030000 7.049960 0.030000 2.759300 0.030000 2.671072 0.030000 2.547822 0.030000 2.734501 0.030000 4.061919 0.030000 3.749250 0.150000
6.424222 0.030000 6.477311 0.030000 7.172966 0.030000 7.046845 0.030000 2.780344 0.030000 2.700834 0.030000 2.475936 0.030000 3.610123 0.150000 4.054024 0.030000 3.792819 0.030000
6.452358 0.030000 7.093297 0.150000 7.162169 0.030000 7.012833 0.030000 2.779593 0.030000 2.673014 0.030000 2.503387 0.030000 2.721953 0.030000 4.086734 0.030000 3.855975 0.030000
6.421391 0.030000 6.487388 0.030000 7.198194 0.030000 7.012269 0.030000 3.449273 0.150000 2.674688 0.030000 2.481005 0.030000 2.656781 0.030000 4.121165 0.030000 3.889558 0.030000
6.442678 0.030000 6.548411 0.030000 7.171873 0.030000 7.135816 0.030000 2.737364 0.030000 2.695203 0.030000 2.473554 0.030000 2.690481 0.030000 4.071792 0.030000 3.879458 0.030000
6.504437 0.030000 6.578603 0.030000 7.208800 0.030000 7.091684 0.030000 2.802038 0.030000 2.655893 0.030000 2.474233 0.030000 2.682707 0.030000 4.153792 0.030000 3.926993 0.030000
6.389293 0.030000 6.529498 0.030000 7.201354 0.030000 7.116033 0.030000 2.763838 0.030000 2.640516 0.030000 2.410051 0.030000 2.610598 0.030000 4.173111 0.030000 3.908679 0.030000
6.405248 0.030000 6.513465 0.030000 7.183101 0.030000 7.153779 0.030000 2.738539 0.030000 2.674130 0.030000 2.433616 0.030000 2.665480 0.030000 4.214889 0.030000 3.940772 0.030000
6.445684 0.030000 6.945507 0.150000 7.228116 0.030000 7.112216 0.030000 2.789214 0.030000 4.638145 0.150000 2.421717 0.030000 2.608129 0.030000 4.170644 0.030000 3.871280 0.030000
6.442207 0.030000 6.573867 0.030000 7.219159 0.030000 7.172211 0.030000 2.793926 0.030000 2.701189 0.030000 2.358431 0.030000 2.975523 0.150000 4.143796 0.030000 3.970437 0.030000
6.449528 0.030000 7.359365 0.150000 7.238783 0.030000 7.105110 0.030000 2.789339 0.030000 2.663086 0.030000 2.381283 0.030000 2.618119 0.030000 4.202916 0.030000 3.976392 0.030000
6.371115 0.030000 6.461671 0.030000 7.276880 0.030000 7.040488 0.150000 2.802412 0.030000 3.501367 0.150000 2.461055 0.030000 2.570786 0.030000 4.240953 0.030000 4.006801 0.030000
6.428913 0.030000 6.511527 0.030000 7.238915 0.030000 7.181432 0.030000 2.791136 0.030000 2.745943 0.030000 2.359712 0.030000 2.558335 0.030000 4.211509 0.030000 4.002920 0.030000
6.443237 0.030000 6.563605 0.030000 7.290742 0.030000 7.063814 0.030000 2.816277 0.030000 2.684220 0.030000 2.360929 0.030000 2.569344 0.030000 4.226881 0.030000 3.991176 0.030000
6.406907 0.030000 6.472846 0.030000 7.276076 0.030000 7.131718 0.030000 2.816393 0.030000 2.938139 0.150000 2.292975 0.030000 2.560169 0.030000 4.217001 0.030000 3.993584 0.030000
6.411860 0.030000 6.491988 0.030000 7.275911 0.030000 7.166603 0.030000 2.804000 0.030000 2.771281 0.030000 2.380984 0.030000 2.545297 0.030000 4.363368 0.030000 4.009301 0.030000
6.369832 0.030000 6.508093 0.030000 7.251868 0.030000 7.214707 0.030000 2.829729 0.030000 2.718633 0.030000 2.315131 0.030000 2.544117 0.030000 4.297344 0.030000 4.058231 0.030000
6.819433 0.150000 6.503977 0.030000 7.333150 0.030000 7.166037 0.030000 2.877197 0.030000 2.727577 0.030000 2.303825 0.030000 2.510019 0.030000 4.353678 0.030000 4.050627 0.030000
6.358496 0.030000 6.409444 0.150000 7.288573 0.030000 7.224446 0.030000 2.884715 0.030000 2.703765 0.030000 2.292542 0.030000 2.510787 0.030000 4.272045 0.030000 4.077499 0.030000
6.426179 0.030000 6.502933 0.030000 7.331910 0.030000 7.180704 0.030000 2.867509 0.030000 2.777099 0.030000 2.211951 0.030000 2.482895 0.030000 4.328932 0.030000 4.098461 0.030000
6.368013 0.030000 6.423436 0.030000 7.313405 0.030000 7.228456 0.030000 2.868376 0.030000 2.903924 0.150000 2.278015 0.030000 2.419419 0.030000 4.328109 0.030000 4.188641 0.030000
6.366361 0.030000 6.468355 0.030000 7.365759 0.030000 7.157104 0.030000 3.981497 0.150000 2.773515 0.030000 2.270983 0.030000 2.489122 0.030000 4.316070 0.030000 4.181391 0.030000
6.356937 0.030000 6.451703 0.030000 7.341869 0.030000 7.216124 0.030000 2.849489 0.030000 2.793170 0.030000 2.263927 0.030000 2.483243 0.030000 4.374523 0.030000 4.188061 0.150000
6.942112 0.150000 6.425939 0.030000 7.405530 0.030000 7.202236 0.030000 2.882051 0.030000 2.750930 0.030000 2.183942 0.030000 2.487644 0.030000 4.413023 0.030000 4.179186 0.030000
6.336549 0.030000 6.471945 0.030000 7.379827 0.030000 7.213356 0.030000 2.875171 0.030000 3.204051 0.150000 2.254258 0.030000 2.427669 0.030000 4.456965 0.030000 4.145849 0.030000
6.300982 0.030000 6.406636 0.030000 7.389116 0.030000 7.221797 0.030000 2.870666 0.030000 2.799219 0.030000 2.224285 0.030000 2.409689 0.030000 4.411517 0.030000 4.174657 0.030000
6.380356 0.030000 6.436570 0.030000 7.413927 0.030000 7.266565 0.030000 2.935581 0.030000 2.819518 0.030000 2.197639 0.150000 2.420029 0.030000 4.465407 0.030000 4.227967 0.030000
6.336070 0.030000 6.416487 0.030000 7.360559 0.030000 7.247112 0.030000 2.918781 0.030000 2.817142 0.030000 2.214911 0.030000 2.328472 0.030000 4.398921 0.030000 4.257786 0.030000
6.320250 0.030000 6.436071 0.030000 7.375857 0.030000 7.249847 0.030000 2.951030 0.030000 2.829188 0.030000 2.171060 0.030000 2.355625 0.030000 4.452900 0.030000 4.228198 0.030000
6.339415 0.030000 6.367103 0.030000 7.406840 0.030000 7.313206 0.030000 2.949553 0.030000 2.846037 0.030000 2.137308 0.030000 2.328364 0.030000 4.473267 0.030000 4.264943 0.030000
6.357368 0.030000 6.445939 0.030000 7.397112 0.030000 7.299793 0.030000 2.908019 0.030000 2.855150 0.030000 2.167350 0.030000 2.347326 0.030000 4.468424 0.030000 4.225719 0.030000
6.321388 0.030000 6.402064 0.030000 7.404175 0.030000 7.265574 0.030000 2.924795 0.030000 2.832833 0.030000 2.130402 0.030000 2.397129 0.030000 4.502415 0.030000 4.218930 0.030000
6.321952 0.030000 6.375297 0.030000 7.414926 0.030000 7.293616 0.030000 2.911337 0.030000 2.757840 0.150000 2.102099 0.030000 2.341921 0.030000 4.514952 0.030000 4.252879 0.030000
6.305425 0.030000 6.418969 0.030000 7.443964 0.030000 7.314752 0.030000 2.994057 0.030000 3.266316 0.150000 2.108338 0.030000 2.277124 0.030000 4.526512 0.030000 4.304580 0.030000
6.288990 0.030000 6.396476 0.030000 7.805263 0.150000 7.333639 0.030000 3.247864 0.150000 2.860500 0.030000 2.098139 0.030000 2.295326 0.030000 4.503702 0.030000 4.298794 0.030000
6.322718 0.030000 6.386665 0.030000 7.464224 0.030000 7.270287 0.030000 2.906833 0.030000 2.875300 0.030000 2.021004 0.030000 2.268426 0.030000 4.557484 0.030000 4.311216 0.030000
6.312074 0.030000 6.356994 0.030000 7.432582 0.030000 7.299999 0.030000 2.942649 0.030000 2.795516 0.030000 2.116240 0.150000 2.250853 0.030000 4.601994 0.030000 4.302291 0.030000
6.309701 0.030000 6.341230 0.030000 7.463526 0.030000 7.338259 0.030000 2.940696 0.030000 2.865646 0.030000 2.064559 0.030000 2.210087 0.030000 4.614320 0.150000 4.356907 0.030000
6.267337 0.030000 6.397360 0.030000 7.493581 0.030000 7.453626 0.150000 2.977203 0.030000 2.882335 0.030000 2.002110 0.030000 2.705205 0.150000 4.964016 0.150000 4.344235 0.030000
6.271325 0.030000 6.376263 0.030000 7.540110 0.030000 7.351567 0.030000 2.988760 0.030000 2.891246 0.030000 1.999792 0.030000 2.254043 0.030000 4.621922 0.030000 4.361656 0.030000
6.261278 0.030000 6.347623 0.030000 7.532611 0.030000 7.397861 0.030000 2.891340 0.150000 2.881008 0.030000 2.001241 0.030000 2.227066 0.030000 4.642229 0.030000 4.397274 0.030000
6.290035 0.030000 6.346990 0.030000 7.524644 0.030000 7.378325 0.030000 2.948319 0.030000 2.878119 0.030000 1.974991 0.030000 2.184974 0.030000 4.650275 0.030000 4.425251 0.030000
6.334342 0.030000 6.335441 0.030000 7.542523 0.030000 7.380054 0.030000 4.194501 0.150000 2.871097 0.030000 1.972859 0.030000 2.210489 0.030000 4.652519 0.030000 4.414001 0.030000
6.296489 0.030000 6.314362 0.030000 7.541008 0.030000 7.380998 0.030000 2.990401 0.030000 2.910225 0.030000 2.020958 0.030000 2.197791 0.030000 4.667776 0.030000 4.455206 0.030000
6.308063 0.030000 6.359152 0.030000 7.514707 0.030000 7.905899 0.150000 3.019752 0.030000 2.894031 0.030000 1.983178 0.030000 2.122863 0.030000 4.679254 0.030000 4.409699 0.030000
6.258301 0.030000 6.353896 0.030000 7.547191 0.030000 7.440909 0.030000 3.039900 0.030000 2.936779 0.030000 1.943882 0.030000 2.190896 0.030000 4.676427 0.030000 4.435445 0.030000
6.257824 0.030000 6.335235 0.030000 7.948747 0.150000 7.375863 0.150000 3.054974 0.030000 2.909143 0.030000 1.992193 0.030000 2.128818 0.030000 4.721248 0.030000 4.470981 0.030000
6.211292 0.030000 6.326515 0.030000 7.628181 0.030000 7.416678 0.030000 3.055961 0.030000 2.973131 0.030000 1.984074 0.030000 2.124257 0.030000 4.746918 0.030000 4.438733 0.030000
6.242892 0.030000 6.359679 0.030000 7.542226 0.030000 7.365018 0.030000 3.100591 0.030000 2.920506 0.030000 1.928627 0.030000 2.129526 0.030000 4.758892 0.030000 4.736489 0.150000
6.296465 0.030000 6.335628 0.030000 7.564513 0.030000 7.448475 0.030000 3.032671 0.030000 2.940207 0.030000 1.964113 0.030000 2.118865 0.030000 4.741138 0.030000 4.465093 0.030000
6.307666 0.030000 6.361159 0.030000 7.601442 0.030000 7.449892 0.030000 3.071852 0.030000 2.924877 0.030000 1.888291 0.030000 2.130920 0.030000 4.766205 0.030000 4.457159 0.030000
6.270953 0.030000 6.329734 0.030000 7.617034 0.030000 7.458964 0.030000 3.045026 0.030000 2.894586 0.030000 2.132907 0.150000 2.163764 0.150000 4.775005 0.030000 4.525240 0.030000
6.255396 0.030000 6.798231 0.150000 7.644535 0.030000 7.403414 0.030000 3.673378 0.150000 2.940296 0.030000 1.908319 0.030000 2.114423 0.030000 4.782958 0.030000 4.510015 0.030000
6.280462 0.030000 6.600298 0.150000 7.616157 0.030000 7.478268 0.030000 3.101160 0.030000 3.098756 0.150000 1.897142 0.030000 2.086063 0.030000 4.782853 0.030000 4.544502 0.030000
6.245268 0.030000 6.277678 0.030000 7.609198 0.030000 7.464445 0.030000 3.043214 0.030000 2.953901 0.030000 1.831002 0.030000 2.105674 0.030000 4.789561 0.030000 4.566436 0.030000
6.300847 0.030000 6.391901 0.030000 7.636057 0.030000 7.417191 0.030000 3.119419 0.030000 2.982617 0.030000 1.868545 0.030000 2.118473 0.030000 4.919138 0.150000 4.600630 0.030000
6.244620 0.030000 6.333514 0.030000 7.912227 0.150000 7.487070 0.030000 3.113910 0.030000 2.987932 0.030000 1.876991 0.030000 2.024824 0.030000 5.056130 0.150000 4.594049 0.030000
6.224969 0.030000 6.242929 0.030000 7.608265 0.030000 7.521558 0.030000 3.106597 0.030000 2.992282 0.030000 1.780318 0.030000 2.089753 0.030000 4.833872 0.030000 4.617109 0.030000
6.241265 0.030000 6.948211 0.150000 7.710157 0.030000 7.491093 0.030000 3.109314 0.030000 3.016240 0.030000 1.806398 0.030000 2.107349 0.150000 4.812555 0.030000 4.617206 0.030000
6.272422 0.030000 6.321743 0.030000 7.689618 0.030000 7.445244 0.030000 3.119659 0.030000 3.042168 0.030000 1.842133 0.030000 2.068084 0.030000 4.867787 0.030000 4.651480 0.030000
6.228048 0.030000 6.451741 0.150000 7.665989 0.030000 7.989869 0.150000 3.122876 0.030000 3.016385 0.030000 1.845959 0.030000 3.297650 0.150000 4.855787 0.030000 4.609544 0.030000
6.941502 0.150000 6.295104 0.030000 7.817817 0.150000 7.496342 0.030000 3.091777 0.030000 3.219410 0.150000 1.825451 0.030000 2.024249 0.030000 4.852456 0.030000 4.639892 0.030000
6.255735 0.030000 6.330585 0.030000 7.643022 0.030000 7.560349 0.030000 3.158719 0.030000 3.012719 0.030000 1.773926 0.030000 2.048465 0.030000 5.026641 0.150000 5.869938 0.150000
6.233681 0.030000 6.272378 0.030000 7.667020 0.030000 7.519681 0.030000 3.189743 0.030000 2.957073 0.030000 1.779327 0.030000 2.006601 0.030000 4.920048 0.030000 4.592537 0.030000
6.263728 0.030000 6.272472 0.030000 7.717789 0.030000 7.883719 0.150000 3.131934 0.030000 2.971066 0.030000 1.861025 0.030000 2.327854 0.150000 4.940513 0.030000 4.702193 0.030000
6.205786 0.030000 6.273321 0.030000 7.710428 0.030000 7.539039 0.030000 3.116561 0.030000 3.012852 0.030000 1.807696 0.030000 1.982284 0.030000 4.941710 0.030000 4.641374 0.030000
6.283916 0.030000 6.295215 0.030000 7.695373 0.030000 7.517090 0.030000 3.167167 0.030000 3.011461 0.030000 1.788822 0.030000 1.958482 0.030000 4.934643 0.030000 4.656949 0.030000
6.248517 0.030000 6.270650 0.030000 7.720588 0.030000 7.547684 0.030000 3.169625 0.030000 2.998910 0.030000 1.803431 0.030000 1.971706 0.030000 4.926044 0.030000 4.662391 0.030000
6.207993 0.030000 6.235325 0.030000 7.729869 0.030000 7.583063 0.030000 3.147043 0.030000 3.008980 0.030000 1.823660 0.030000 1.994870 0.030000 4.961953 0.030000 4.708110 0.030000
6.264537 0.030000 6.301570 0.030000 7.720779 0.030000 7.577177 0.030000 3.156196 0.030000 3.081397 0.030000 1.706549 0.030000 2.014131 0.030000 4.969657 0.030000 5.390748 0.150000
6.299497 0.150000 6.236941 0.030000 7.758569 0.030000 7.520877 0.030000 3.177241 0.030000 2.962099 0.030000 1.725532 0.030000 1.935490 0.030000 4.936623 0.030000 4.722296 0.030000
6.227946 0.030000 6.673878 0.150000 7.797826 0.030000 7.640079 0.030000 2.984212 0.150000 3.122341 0.150000 1.731226 0.030000 1.897002 0.030000 4.962489 0.030000 4.793178 0.030000
6.208136 0.030000 6.311035 0.030000 7.746313 0.030000 7.603013 0.030000 3.193352 0.030000 3.048722 0.030000 1.753052 0.030000 1.947809 0.030000 5.027414 0.030000 4.747956 0.030000
6.202634 0.030000 6.268593 0.030000 7.764896 0.030000 7.609326 0.030000 3.208643 0.030000 3.069049 0.030000 1.759361 0.030000 1.939694 0.030000 5.036018 0.030000 4.770134 0.030000
6.211337 0.030000 6.295888 0.030000 7.775994 0.030000 7.594510 0.030000 3.220967 0.030000 3.026893 0.030000 1.701598 0.030000 1.910770 0.030000 4.987935 0.030000 4.726336 0.030000
6.235197 0.030000 6.308465 0.030000 8.358933 0.150000 7.575983 0.030000 3.157436 0.030000 3.031209 0.030000 1.705994 0.030000 2.212571 0.150000 5.004387 0.030000 4.909741 0.150000
6.230867 0.030000 6.567816 0.150000 7.751938 0.030000 7.627165 0.030000 3.171251 0.030000 3.092637 0.030000 1.687771 0.030000 2.155728 0.150000 5.374929 0.150000 4.729814 0.030000
6.240885 0.030000 6.326274 0.030000 7.779306 0.030000 7.665499 0.030000 3.179234 0.030000 3.034924 0.030000 1.693538 0.030000 1.868550 0.030000 5.016156 0.030000 4.837106 0.030000
6.211614 0.030000 6.234245 0.030000 7.758388 0.030000 7.628325 0.030000 3.191801 0.030000 3.111748 0.030000 1.735146 0.030000 2.561702 0.150000 5.070528 0.030000 4.763525 0.030000
6.222909 0.030000 6.266035 0.030000 7.694794 0.030000 7.609907 0.030000 3.192421 0.030000 3.073118 0.030000 1.711782 0.030000 1.925936 0.030000 5.018760 0.030000 4.821826 0.030000
6.209170 0.030000 6.422039 0.150000 7.784566 0.030000 7.619627 0.030000 3.182540 0.030000 3.069460 0.030000 1.637490 0.030000 1.880949 0.030000 5.024811 0.030000 4.791647 0.030000
6.218459 0.030000 6.266899 0.030000 7.814102 0.030000 7.625837 0.030000 3.251800 0.030000 3.429300 0.150000 1.702544 0.030000 1.872086 0.030000 5.071368 0.030000 4.857622 0.030000
6.245948 0.150000 6.164347 0.030000 7.774650 0.030000 7.679549 0.030000 3.135980 0.150000 3.080291 0.030000 1.680676 0.030000 1.822227 0.030000 5.787293 0.150000 4.799707 0.030000
6.340921 0.150000 6.269514 0.030000 7.792934 0.030000 7.716563 0.030000 3.182513 0.030000 3.125117 0.030000 1.675522 0.030000 1.900473 0.030000 5.071077 0.030000 4.820139 0.030000
6.155771 0.030000 6.251785 0.030000 7.853055 0.030000 7.767053 0.150000 3.216062 0.030000 3.223022 0.150000 1.689405 0.030000 1.876184 0.030000 5.040965 0.030000 4.831206 0.030000
6.159084 0.030000 6.386129 0.150000 7.789683 0.030000 7.600403 0.030000 3.254089 0.030000 3.170840 0.030000 1.688450 0.030000 1.807560 0.030000 5.060212 0.030000 4.832636 0.030000
6.191654 0.150000 6.316256 0.030000 7.807355 0.030000 7.672746 0.030000 3.454655 0.150000 3.094680 0.030000 1.672038 0.030000 1.865000 0.030000 5.108709 0.030000 4.875977 0.030000
6.480023 0.150000 6.201118 0.030000 7.776671 0.030000 7.619763 0.030000 3.239082 0.030000 3.107002 0.030000 1.737019 0.030000 1.844964 0.030000 5.124161 0.030000 4.814565 0.030000
6.180695 0.030000 6.460857 0.150000 7.789249 0.030000 7.687769 0.030000 3.244418 0.030000 3.076993 0.030000 1.703311 0.030000 1.860772 0.030000 5.116278 0.030000 4.866191 0.030000
6.226117 0.030000 6.239085 0.030000 7.832555 0.030000 7.722989 0.030000 3.898886 0.150000 3.129967 0.030000 1.649644 0.030000 1.874755 0.030000 5.125440 0.030000 4.809061 0.030000
6.123789 0.030000 6.228208 0.030000 7.833214 0.030000 7.646528 0.030000 3.263466 0.030000 3.119210 0.030000 1.674964 0.030000 1.825844 0.030000 5.054685 0.030000 4.898043 0.030000
6.214845 0.030000 6.225641 0.030000 7.812671 0.030000 7.706526 0.030000 3.299067 0.030000 3.079133 0.030000 1.679034 0.030000 1.836532 0.030000 5.058842 0.030000 4.859005 0.030000
7.971213 0.150000 6.212702 0.030000 7.824348 0.030000 7.664537 0.030000 3.270822 0.030000 3.128669 0.030000 1.690374 0.030000 1.820017 0.030000 5.122613 0.030000 4.865583 0.030000
5.946854 0.150000 6.264167 0.030000 7.837413 0.030000 7.646602 0.030000 3.322331 0.030000 3.139772 0.030000 1.588978 0.030000 1.832113 0.030000 5.190196 0.030000 4.866075 0.030000
6.143553 0.030000 6.292216 0.030000 7.844252 0.030000 7.648613 0.030000 3.275661 0.030000 3.145183 0.030000 1.679185 0.150000 1.786380 0.030000 5.112307 0.030000 4.877151 0.030000
6.205033 0.030000 6.258057 0.030000 7.862018 0.030000 7.940864 0.150000 3.311100 0.030000 3.101124 0.030000 1.654487 0.030000 1.784980 0.030000 5.144746 0.030000 4.941208 0.030000
6.227897 0.030000 6.213158 0.030000 7.850753 0.030000 7.678155 0.030000 3.286508 0.030000 3.095720 0.030000 1.603170 0.030000 1.860713 0.030000 5.166837 0.030000 4.951570 0.030000
6.161229 0.030000 6.259330 0.030000 7.803360 0.030000 7.736464 0.030000 3.297804 0.030000 3.173776 0.030000 1.631651 0.030000 1.777960 0.030000 5.426091 0.150000 4.948441 0.030000
6.204602 0.030000 6.273989 0.030000 7.846603 0.030000 7.760836 0.030000 3.291344 0.030000 3.076158 0.030000 1.585479 0.030000 1.827721 0.030000 5.182317 0.030000 4.697376 0.150000
6.166173 0.030000 6.227542 0.030000 7.859793 0.030000 7.680252 0.030000 3.369469 0.150000 3.168190 0.030000 1.629936 0.030000 1.817397 0.030000 5.123256 0.030000 4.902178 0.030000
6.168244 0.030000 6.201629 0.030000 7.889611 0.030000 7.845142 0.150000 3.292632 0.030000 3.097854 0.150000 1.616692 0.030000 2.557825 0.150000 5.187474 0.030000 4.962419 0.030000
6.175114 0.030000 6.263176 0.030000 7.880460 0.030000 7.689135 0.030000 3.286050 0.030000 3.168170 0.030000 2.088670 0.150000 1.749846 0.030000 5.159204 0.030000 4.943041 0.030000
6.152256 0.030000 6.174278 0.030000 7.911402 0.030000 7.708118 0.030000 3.326654 0.030000 3.191608 0.030000 1.575709 0.030000 1.787528 0.030000 5.172101 0.030000 4.888814 0.030000
6.387059 0.150000 6.259348 0.030000 7.891842 0.030000 7.698497 0.030000 3.309129 0.030000 3.144350 0.030000 1.583912 0.030000 1.708142 0.030000 6.596635 0.150000 4.949857 0.030000
6.189586 0.030000 6.241603 0.030000 7.878309 0.030000 7.730820 0.030000 3.325005 0.030000 3.183991 0.030000 1.621853 0.030000 1.752517 0.030000 5.189841 0.030000 4.990954 0.030000
6.188140 0.030000 6.261274 0.030000 7.932669 0.030000 7.728660 0.030000 3.286394 0.030000 3.253826 0.030000 1.588258 0.030000 1.746344 0.030000 5.211336 0.030000 4.966001 0.030000
6.189705 0.030000 6.258862 0.030000 7.910941 0.030000 7.715512 0.030000 3.305205 0.030000 3.201878 0.030000 1.666773 0.030000 1.754186 0.030000 5.909329 0.150000 5.106822 0.150000
6.202849 0.030000 6.219003 0.030000 7.901290 0.150000 7.750130 0.030000 3.375783 0.030000 3.119567 0.030000 1.554543 0.030000 1.780657 0.030000 5.189597 0.030000 4.957660 0.030000
