5.308948 0.030000 5.578055 0.030000 5.303288 0.030000 5.636145 0.030000 6.102874 0.030000 6.223741 0.030000 7.187825 0.030000 7.436264 0.030000 8.805189 0.030000 8.885441 0.030000
5.343355 0.030000 5.536974 0.030000 5.311546 0.030000 5.577773 0.030000 6.790600 0.150000 6.221959 0.030000 7.235339 0.030000 7.421148 0.030000 8.707217 0.030000 8.938022 0.030000
5.324319 0.030000 5.554608 0.030000 5.470663 0.150000 5.454900 0.150000 5.987137 0.030000 6.179327 0.030000 7.247888 0.030000 7.409794 0.030000 8.992241 0.150000 9.252470 0.150000
5.323721 0.030000 5.558011 0.030000 5.311569 0.030000 6.876166 0.150000 6.020613 0.030000 6.242141 0.030000 7.213539 0.030000 7.420984 0.030000 8.720151 0.030000 8.886377 0.030000
5.258812 0.030000 5.525740 0.030000 5.231754 0.030000 5.513618 0.030000 6.063568 0.030000 6.283599 0.030000 7.221164 0.030000 7.427612 0.030000 8.688544 0.030000 8.936471 0.030000
5.274410 0.030000 5.521631 0.030000 5.288972 0.030000 5.573307 0.030000 6.024611 0.030000 6.235198 0.030000 7.223961 0.030000 7.406707 0.030000 8.753460 0.030000 9.778366 0.150000
5.273790 0.030000 5.520686 0.030000 5.252723 0.030000 5.485182 0.030000 5.946395 0.030000 6.212166 0.030000 7.587340 0.150000 7.401286 0.030000 8.727483 0.030000 8.856621 0.030000
5.276359 0.030000 5.499946 0.030000 5.267259 0.030000 5.485121 0.030000 5.951608 0.030000 6.160796 0.030000 7.177180 0.030000 7.423912 0.150000 8.832738 0.150000 8.821069 0.030000
5.199758 0.030000 5.476894 0.030000 5.247188 0.030000 5.468730 0.030000 5.952801 0.030000 6.807707 0.150000 7.168096 0.030000 7.355246 0.030000 8.743897 0.030000 8.864647 0.030000
5.251377 0.030000 5.496761 0.030000 5.230887 0.030000 5.451512 0.030000 5.992672 0.030000 6.150012 0.030000 7.192778 0.030000 7.345853 0.030000 8.713912 0.030000 8.870568 0.030000
5.602677 0.150000 5.452242 0.030000 5.189878 0.030000 5.483364 0.030000 5.943720 0.030000 6.408008 0.150000 7.140544 0.030000 7.377985 0.030000 8.694587 0.030000 8.788638 0.030000
5.473613 0.150000 5.354574 0.030000 5.144493 0.030000 5.416621 0.030000 5.868522 0.030000 6.304168 0.150000 7.109725 0.030000 7.322193 0.030000 8.683057 0.030000 8.801125 0.030000
5.139482 0.030000 5.396088 0.150000 5.191385 0.030000 5.388521 0.030000 5.899557 0.030000 6.075084 0.030000 7.119908 0.030000 7.450270 0.150000 8.619276 0.030000 9.717027 0.150000
5.125826 0.030000 5.361737 0.030000 5.132370 0.030000 5.330116 0.030000 6.505343 0.150000 6.120015 0.030000 7.092629 0.030000 7.245316 0.030000 8.627479 0.030000 8.750027 0.030000
5.093007 0.030000 5.289680 0.030000 5.060694 0.030000 5.356385 0.030000 5.888251 0.030000 6.088581 0.030000 7.108383 0.030000 7.223908 0.030000 8.582758 0.030000 8.819949 0.030000
5.060881 0.030000 5.334331 0.030000 5.043265 0.030000 5.348927 0.030000 5.809066 0.030000 6.012581 0.030000 7.069307 0.030000 7.185293 0.030000 8.534398 0.030000 8.751605 0.030000
5.012451 0.030000 5.202266 0.030000 5.467368 0.150000 5.285872 0.030000 5.743201 0.030000 5.962833 0.030000 7.003617 0.030000 7.184950 0.030000 8.589025 0.030000 8.750686 0.030000
5.541226 0.150000 5.248977 0.030000 5.067346 0.030000 5.255807 0.030000 5.765982 0.030000 5.977912 0.030000 6.974067 0.030000 7.159486 0.030000 8.512958 0.030000 8.688740 0.030000
4.927205 0.030000 5.240625 0.030000 5.015878 0.030000 5.239672 0.030000 5.622935 0.030000 5.945401 0.030000 6.971800 0.030000 7.221121 0.030000 8.597958 0.030000 8.694984 0.030000
4.958225 0.030000 5.065081 0.150000 4.912134 0.030000 5.218062 0.030000 5.649956 0.030000 5.882869 0.030000 6.992962 0.030000 7.174832 0.030000 8.505652 0.030000 8.663969 0.030000
4.994459 0.150000 5.213020 0.030000 4.873693 0.030000 5.444089 0.150000 5.678549 0.030000 5.849299 0.030000 6.980724 0.030000 7.125825 0.030000 8.515399 0.030000 8.627423 0.030000
4.848904 0.030000 5.139463 0.030000 4.901361 0.030000 5.117066 0.030000 5.663021 0.030000 5.838556 0.030000 6.909532 0.030000 7.110184 0.030000 8.583703 0.150000 8.903204 0.150000
4.855967 0.030000 5.103512 0.030000 4.821109 0.030000 5.107976 0.030000 5.650017 0.030000 5.893682 0.030000 6.977705 0.030000 7.049484 0.030000 8.493042 0.030000 8.552347 0.030000
4.820412 0.030000 5.069492 0.030000 4.813226 0.030000 5.068186 0.030000 5.637050 0.030000 5.843532 0.030000 6.863295 0.030000 7.053920 0.030000 8.515894 0.030000 8.574869 0.030000
4.792410 0.030000 4.990838 0.030000 4.778674 0.030000 5.052626 0.030000 5.598471 0.030000 5.800064 0.030000 6.890686 0.030000 7.022487 0.030000 8.691850 0.150000 8.595206 0.030000
4.759070 0.030000 5.024478 0.030000 4.756607 0.030000 5.009620 0.030000 5.624500 0.030000 5.793667 0.030000 6.858928 0.030000 7.064109 0.150000 8.495838 0.150000 8.551976 0.030000
4.748153 0.030000 5.058407 0.150000 4.975114 0.150000 5.022929 0.030000 5.500703 0.030000 5.766319 0.030000 6.807406 0.030000 6.955315 0.030000 8.441506 0.030000 8.556693 0.030000
4.712090 0.030000 4.954604 0.030000 4.708748 0.030000 4.966490 0.030000 5.520834 0.030000 6.068198 0.150000 6.782379 0.030000 6.937108 0.030000 8.349958 0.030000 8.483756 0.030000
4.676180 0.030000 4.874366 0.030000 4.690957 0.030000 4.914146 0.030000 5.452131 0.030000 5.705546 0.030000 6.769817 0.030000 6.979254 0.030000 8.420636 0.030000 8.505270 0.030000
4.649694 0.030000 4.914269 0.030000 4.628913 0.030000 4.945799 0.030000 5.443060 0.030000 5.666201 0.030000 6.742743 0.030000 6.876315 0.030000 8.413476 0.030000 8.395692 0.030000
4.649239 0.030000 4.852746 0.030000 4.814092 0.150000 4.874175 0.030000 5.409740 0.030000 5.642188 0.030000 6.741957 0.030000 6.947939 0.030000 8.225821 0.150000 8.491513 0.030000
4.600518 0.030000 4.867026 0.030000 4.593136 0.030000 4.813747 0.030000 5.430483 0.030000 5.653465 0.030000 6.769430 0.030000 6.891924 0.030000 8.382174 0.030000 8.469590 0.030000
4.530936 0.030000 4.783070 0.030000 4.581674 0.030000 4.802179 0.030000 5.320271 0.030000 5.580803 0.030000 6.734162 0.030000 7.330311 0.150000 8.292549 0.030000 8.403268 0.030000
4.480097 0.030000 4.806522 0.030000 4.519151 0.030000 4.815527 0.030000 5.380784 0.030000 5.610923 0.030000 6.671178 0.030000 6.869211 0.030000 8.308032 0.030000 8.412813 0.030000
4.517457 0.030000 4.736509 0.030000 4.491587 0.030000 4.750640 0.030000 5.288811 0.030000 5.566662 0.030000 6.699693 0.030000 6.835782 0.030000 8.293210 0.030000 8.453780 0.030000
4.484197 0.030000 4.711747 0.030000 4.472154 0.030000 4.704051 0.030000 5.279868 0.030000 5.496533 0.030000 6.636919 0.030000 6.870494 0.030000 8.250425 0.030000 8.366260 0.030000
4.419881 0.030000 4.665456 0.030000 4.467880 0.030000 4.624101 0.030000 6.620789 0.150000 5.500133 0.030000 6.579628 0.030000 6.896144 0.030000 8.271372 0.030000 8.363843 0.030000
4.441242 0.030000 4.675498 0.030000 4.462011 0.030000 4.674827 0.030000 5.248199 0.030000 5.467805 0.030000 6.693589 0.030000 6.770656 0.030000 8.198837 0.030000 8.386933 0.030000
4.428124 0.030000 4.743914 0.150000 4.392927 0.030000 4.601927 0.030000 5.277705 0.030000 5.378340 0.030000 6.646151 0.150000 6.667834 0.150000 8.487519 0.150000 8.631501 0.150000
4.335290 0.030000 4.603362 0.030000 4.330915 0.030000 4.633993 0.030000 5.213672 0.030000 5.419885 0.030000 6.500575 0.030000 6.727543 0.030000 8.141241 0.030000 8.340800 0.030000
4.179688 0.150000 4.553146 0.030000 4.352973 0.030000 4.551922 0.030000 5.179890 0.030000 5.426549 0.030000 6.550664 0.030000 6.875284 0.150000 8.183567 0.030000 8.253369 0.030000
4.241016 0.030000 4.501883 0.030000 4.284669 0.030000 4.555396 0.030000 5.159910 0.030000 5.345328 0.030000 6.547660 0.030000 7.609967 0.150000 8.187769 0.030000 8.570449 0.150000
4.264736 0.030000 4.468553 0.030000 4.281372 0.030000 4.547725 0.030000 5.143817 0.030000 5.364705 0.030000 6.529512 0.030000 6.702305 0.030000 8.194278 0.030000 8.268295 0.030000
4.240317 0.030000 4.447081 0.030000 4.258468 0.030000 4.464403 0.030000 5.110440 0.150000 5.239770 0.030000 6.546712 0.030000 6.665832 0.030000 8.142652 0.030000 8.304841 0.030000
4.160733 0.030000 4.426609 0.030000 4.383085 0.150000 4.421093 0.030000 5.032502 0.030000 5.299025 0.030000 6.467357 0.030000 6.611480 0.030000 8.139306 0.030000 8.213613 0.030000
4.185356 0.030000 4.451816 0.150000 4.163648 0.030000 4.459782 0.030000 5.581999 0.150000 5.310517 0.030000 6.451162 0.030000 6.568985 0.030000 8.118054 0.030000 8.234801 0.030000
4.141331 0.030000 4.332106 0.030000 4.126506 0.030000 4.429269 0.030000 5.138205 0.150000 5.208352 0.030000 6.417007 0.030000 6.583804 0.030000 8.069861 0.030000 8.097463 0.150000
4.119910 0.030000 4.331560 0.030000 4.711839 0.150000 4.355081 0.030000 4.992452 0.030000 5.183626 0.030000 6.432275 0.030000 6.581335 0.030000 8.093268 0.150000 8.165790 0.030000
4.136391 0.030000 4.327389 0.030000 4.067682 0.030000 4.340896 0.030000 4.980136 0.030000 5.164031 0.030000 6.349286 0.030000 6.571899 0.030000 8.547131 0.150000 8.228189 0.030000
4.055588 0.030000 4.333318 0.030000 4.082755 0.030000 4.387049 0.150000 4.943151 0.030000 5.149983 0.030000 6.441603 0.030000 6.557230 0.030000 8.030206 0.030000 8.176465 0.030000
4.007481 0.030000 4.241497 0.030000 4.023278 0.030000 4.315040 0.030000 4.976316 0.030000 5.136511 0.030000 6.372475 0.030000 6.494928 0.030000 8.030161 0.030000 8.127859 0.030000
3.980265 0.030000 4.243612 0.030000 4.061614 0.030000 4.214033 0.030000 4.766242 0.150000 5.094933 0.030000 6.493085 0.150000 6.502571 0.030000 8.042248 0.030000 8.139664 0.030000
3.939164 0.030000 4.230649 0.030000 3.966217 0.030000 4.173712 0.030000 4.891638 0.030000 5.108111 0.030000 6.317604 0.030000 6.486219 0.030000 8.003402 0.030000 8.087471 0.030000
3.919826 0.030000 4.206741 0.030000 3.890767 0.030000 4.251765 0.030000 5.965219 0.150000 5.083300 0.030000 6.340149 0.030000 6.469453 0.030000 7.985362 0.030000 8.064270 0.030000
3.903029 0.030000 4.152856 0.030000 3.910298 0.150000 4.209948 0.030000 4.862194 0.030000 5.085865 0.030000 6.296698 0.030000 6.509422 0.030000 7.955125 0.030000 8.079380 0.030000
3.881046 0.030000 4.134407 0.030000 3.877188 0.030000 5.146287 0.150000 4.798186 0.030000 5.053539 0.150000 6.558584 0.150000 6.440791 0.030000 7.891331 0.030000 8.055881 0.030000
3.851433 0.030000 4.122041 0.030000 3.838590 0.030000 4.098759 0.030000 4.785612 0.030000 5.015391 0.030000 6.224420 0.150000 6.358371 0.030000 7.938734 0.030000 8.082493 0.030000
3.937054 0.150000 4.054808 0.030000 3.843312 0.030000 4.076013 0.030000 4.865778 0.150000 4.968483 0.030000 6.284589 0.030000 6.387607 0.030000 7.900484 0.030000 8.058784 0.030000
3.800579 0.030000 4.048506 0.030000 3.791706 0.030000 4.018700 0.030000 4.733914 0.030000 4.966140 0.030000 6.224031 0.030000 6.379893 0.030000 7.896255 0.030000 8.020579 0.030000
3.784297 0.030000 3.960257 0.030000 3.803142 0.030000 4.013888 0.030000 4.708207 0.030000 4.931710 0.030000 6.164722 0.030000 6.318641 0.030000 7.916813 0.030000 7.993058 0.030000
4.031683 0.150000 4.009386 0.030000 3.726537 0.030000 3.973185 0.030000 4.650241 0.030000 4.903904 0.030000 6.239742 0.150000 6.338397 0.030000 7.910704 0.030000 7.999522 0.030000
3.664765 0.030000 3.904973 0.030000 3.696999 0.030000 4.135264 0.150000 5.010783 0.150000 4.881457 0.030000 6.109680 0.030000 6.375359 0.030000 7.855897 0.030000 8.022943 0.030000
3.961821 0.150000 3.910761 0.030000 3.685176 0.030000 3.911255 0.030000 4.588326 0.030000 4.829378 0.030000 6.142748 0.030000 6.335662 0.030000 7.849702 0.030000 8.077730 0.150000
3.648540 0.030000 3.902946 0.030000 3.689951 0.030000 3.899412 0.030000 4.688022 0.030000 4.891014 0.030000 6.112399 0.030000 6.294947 0.030000 7.839404 0.030000 7.997730 0.030000
3.651317 0.030000 4.306051 0.150000 3.650922 0.030000 3.895046 0.030000 4.639698 0.030000 4.842174 0.030000 6.100668 0.030000 6.248670 0.030000 7.829800 0.030000 7.982611 0.030000
3.569447 0.030000 3.831872 0.030000 3.595421 0.030000 3.822470 0.030000 4.622498 0.030000 4.814383 0.030000 6.108948 0.030000 6.238457 0.030000 7.857079 0.030000 7.916248 0.030000
3.560799 0.030000 3.866549 0.030000 3.613614 0.030000 3.830886 0.030000 4.553000 0.030000 4.801402 0.030000 6.293596 0.150000 6.230484 0.030000 7.802143 0.030000 7.910105 0.030000
4.273235 0.150000 3.778676 0.030000 3.544256 0.030000 3.847814 0.030000 4.528200 0.030000 4.668328 0.150000 6.098605 0.030000 6.185782 0.030000 7.821228 0.030000 7.867921 0.030000
3.463973 0.030000 3.795299 0.030000 3.500945 0.030000 3.735901 0.030000 4.563814 0.030000 4.927481 0.150000 6.033867 0.030000 6.111552 0.030000 7.799744 0.030000 7.946126 0.030000
3.528758 0.030000 3.712800 0.030000 3.499916 0.030000 3.755722 0.030000 4.457170 0.030000 4.699132 0.030000 6.036820 0.030000 6.208746 0.030000 7.751347 0.030000 7.933976 0.030000
3.435335 0.030000 3.746364 0.030000 3.443438 0.030000 3.686425 0.030000 4.461577 0.030000 4.726225 0.150000 6.011043 0.030000 6.103405 0.030000 7.763316 0.030000 7.891469 0.030000
3.430302 0.030000 3.671907 0.030000 4.128650 0.150000 4.303010 0.150000 4.463611 0.030000 4.908462 0.150000 6.010537 0.030000 6.171887 0.030000 7.776210 0.030000 7.809817 0.030000
3.427782 0.030000 3.632171 0.030000 3.374950 0.030000 3.610728 0.030000 4.397229 0.030000 4.583577 0.030000 6.001103 0.030000 6.096791 0.030000 7.762748 0.030000 7.902962 0.030000
3.330104 0.030000 3.622770 0.030000 3.370461 0.030000 3.642766 0.030000 4.436157 0.030000 4.605685 0.030000 5.955811 0.030000 6.071852 0.030000 7.704126 0.030000 7.817155 0.030000
3.357846 0.030000 3.563506 0.030000 3.357240 0.030000 3.606580 0.030000 4.431517 0.030000 4.523453 0.030000 5.954603 0.030000 6.098312 0.030000 7.687762 0.030000 8.014769 0.150000
3.338829 0.030000 3.497684 0.030000 3.307972 0.030000 3.503744 0.030000 4.355157 0.030000 4.561091 0.030000 5.897637 0.030000 6.025216 0.030000 7.706609 0.030000 7.799035 0.030000
3.278846 0.030000 3.494586 0.030000 3.880088 0.150000 3.517631 0.030000 4.332773 0.030000 4.511221 0.030000 5.903853 0.030000 6.030779 0.030000 7.723460 0.030000 7.841542 0.030000
3.182672 0.030000 3.565201 0.030000 3.226037 0.030000 3.485927 0.030000 4.304813 0.030000 4.531175 0.030000 5.900699 0.030000 6.017955 0.030000 7.671128 0.030000 7.723650 0.030000
3.194655 0.030000 3.499155 0.030000 3.227776 0.030000 3.617044 0.150000 4.337766 0.030000 4.507373 0.030000 6.235366 0.150000 5.998869 0.030000 7.674206 0.030000 7.759240 0.030000
3.201028 0.030000 4.284004 0.150000 3.152983 0.030000 3.486108 0.030000 4.250570 0.030000 4.476572 0.030000 5.839363 0.030000 6.160943 0.150000 7.636411 0.030000 7.816839 0.030000
3.176107 0.030000 3.412065 0.030000 3.197429 0.030000 3.448141 0.150000 4.277211 0.030000 4.447008 0.030000 5.829492 0.030000 6.009816 0.030000 7.729744 0.150000 7.719040 0.030000
3.169624 0.030000 3.349999 0.030000 3.347390 0.150000 3.452398 0.030000 4.245448 0.030000 4.492790 0.030000 5.829705 0.030000 5.950990 0.030000 7.610970 0.030000 7.698968 0.030000
3.090278 0.030000 3.419372 0.030000 3.133153 0.030000 3.349697 0.030000 4.204720 0.030000 4.359349 0.030000 5.804630 0.030000 5.927608 0.030000 7.599847 0.030000 7.728678 0.030000
3.082774 0.030000 3.324332 0.030000 3.258226 0.150000 3.776916 0.150000 4.198119 0.030000 4.984183 0.150000 5.802494 0.030000 5.940309 0.030000 7.603413 0.030000 7.683936 0.030000
3.048498 0.150000 3.276786 0.030000 3.063133 0.030000 3.311091 0.030000 4.165026 0.030000 4.802216 0.150000 5.812079 0.030000 5.908450 0.030000 7.515194 0.030000 7.728154 0.030000
3.038957 0.030000 3.296958 0.030000 3.023627 0.030000 3.276884 0.030000 4.139465 0.030000 4.294283 0.030000 5.760270 0.030000 5.894610 0.030000 7.541791 0.030000 7.644022 0.030000
3.064729 0.030000 3.213550 0.030000 2.998304 0.030000 3.220704 0.030000 4.110662 0.030000 4.291790 0.030000 5.744242 0.030000 5.837162 0.030000 7.583165 0.030000 7.643397 0.030000
3.193234 0.150000 3.388547 0.150000 2.961131 0.030000 3.278624 0.030000 4.142735 0.030000 4.308415 0.030000 5.706184 0.030000 5.901816 0.030000 7.518025 0.030000 7.632530 0.030000
2.911582 0.030000 3.210199 0.030000 3.007589 0.030000 3.215813 0.030000 4.073700 0.030000 4.243605 0.030000 5.686527 0.030000 5.816092 0.030000 7.572080 0.030000 7.601530 0.030000
2.900840 0.030000 3.166852 0.030000 2.936858 0.150000 3.125504 0.030000 4.096189 0.030000 4.213488 0.030000 5.709513 0.150000 5.845972 0.030000 7.512957 0.030000 7.620975 0.030000
2.866579 0.030000 3.102541 0.030000 2.850122 0.030000 3.117522 0.030000 4.032486 0.030000 4.318332 0.030000 5.587310 0.150000 5.846388 0.030000 7.547322 0.030000 7.588415 0.030000
2.851850 0.030000 3.072712 0.030000 2.874480 0.030000 3.129280 0.030000 4.021485 0.030000 4.266124 0.030000 5.651496 0.030000 5.812036 0.030000 7.563460 0.030000 7.660197 0.030000
2.780689 0.030000 3.093457 0.030000 2.802297 0.030000 3.121263 0.030000 4.003380 0.030000 4.210859 0.030000 5.660702 0.030000 5.820937 0.030000 7.533152 0.030000 7.593678 0.030000
2.844105 0.030000 3.046278 0.030000 2.816075 0.030000 3.202352 0.150000 4.013232 0.030000 4.124364 0.030000 5.692102 0.030000 6.209046 0.150000 7.423265 0.030000 7.620944 0.030000
2.770974 0.030000 2.993268 0.030000 2.779790 0.030000 3.026755 0.030000 3.985682 0.030000 4.189650 0.030000 5.651507 0.030000 5.749261 0.030000 7.503338 0.030000 7.518671 0.030000
2.770692 0.030000 3.007525 0.030000 2.743909 0.030000 3.006148 0.030000 3.981969 0.030000 4.140781 0.030000 6.541529 0.150000 5.757013 0.030000 7.458043 0.030000 7.516864 0.030000
2.711005 0.030000 2.952895 0.030000 2.742320 0.030000 2.651101 0.150000 3.906734 0.030000 4.089649 0.030000 6.030987 0.150000 5.709517 0.030000 7.463845 0.030000 7.605945 0.030000
2.688250 0.030000 3.231951 0.150000 2.702772 0.030000 2.877938 0.030000 3.939462 0.030000 4.114458 0.030000 5.596553 0.030000 5.696752 0.030000 7.428736 0.030000 7.567853 0.030000
2.666515 0.030000 2.902061 0.030000 2.688434 0.030000 2.915141 0.030000 3.962287 0.030000 4.109946 0.030000 5.621341 0.030000 5.719508 0.030000 7.190027 0.150000 7.520899 0.030000
2.671165 0.030000 2.832416 0.030000 2.661225 0.030000 2.906572 0.030000 3.885188 0.030000 4.028780 0.030000 5.560458 0.030000 5.693943 0.030000 7.466568 0.030000 7.494156 0.030000
2.603874 0.030000 2.775556 0.030000 2.605957 0.030000 2.827492 0.030000 3.823799 0.030000 4.019282 0.030000 5.544958 0.030000 5.599114 0.030000 7.386496 0.030000 7.495960 0.030000
2.620436 0.030000 2.814441 0.030000 2.576933 0.030000 2.809231 0.030000 3.882923 0.030000 4.035660 0.030000 5.520431 0.030000 5.781380 0.150000 7.409032 0.030000 7.441781 0.030000
2.562805 0.030000 2.789403 0.030000 2.554444 0.030000 3.142173 0.150000 3.806248 0.030000 3.996156 0.030000 5.504647 0.030000 5.667586 0.030000 7.422051 0.030000 7.442616 0.030000
2.556221 0.030000 2.764927 0.030000 2.540249 0.030000 2.766561 0.030000 3.751339 0.030000 3.939958 0.030000 5.547631 0.030000 5.632922 0.030000 7.385336 0.030000 7.442009 0.030000
2.435677 0.030000 2.673314 0.030000 2.496878 0.030000 2.755028 0.030000 3.742310 0.030000 3.972249 0.150000 5.493203 0.030000 5.622371 0.030000 7.349559 0.030000 7.798700 0.150000
2.462205 0.030000 2.684354 0.030000 2.471119 0.030000 2.679592 0.030000 3.753623 0.030000 3.954988 0.030000 5.516644 0.030000 5.591625 0.030000 7.382344 0.030000 7.422894 0.030000
2.425269 0.030000 2.721456 0.030000 2.432124 0.030000 2.653352 0.030000 4.275256 0.150000 3.873854 0.030000 5.413233 0.030000 5.513244 0.030000 7.361601 0.030000 7.438509 0.030000
2.414155 0.030000 2.639896 0.030000 2.461973 0.030000 2.685847 0.030000 3.701028 0.030000 3.881229 0.030000 5.515866 0.030000 5.574314 0.030000 7.314755 0.030000 7.455042 0.030000
2.375571 0.030000 2.599290 0.030000 2.539790 0.150000 2.644932 0.030000 3.723055 0.030000 3.823092 0.030000 5.446874 0.030000 5.583802 0.030000 7.362597 0.030000 7.414045 0.030000
2.385998 0.030000 2.600753 0.030000 2.383796 0.030000 2.786161 0.150000 3.671420 0.030000 3.886074 0.030000 5.468612 0.030000 5.558809 0.030000 7.156645 0.150000 7.428252 0.030000
2.326334 0.030000 2.583756 0.030000 3.390608 0.150000 2.552437 0.030000 3.657271 0.030000 3.794489 0.030000 5.669779 0.150000 5.523535 0.030000 8.068753 0.150000 7.422896 0.030000
2.309253 0.030000 2.565757 0.030000 2.327082 0.030000 2.552023 0.030000 3.707142 0.030000 3.802527 0.030000 5.400771 0.030000 5.560091 0.030000 7.308673 0.030000 7.864250 0.150000
2.289798 0.030000 2.462370 0.030000 2.265284 0.030000 2.490975 0.030000 3.642305 0.030000 3.741404 0.030000 5.387233 0.030000 5.778722 0.150000 7.315585 0.030000 7.348373 0.150000
2.252616 0.030000 2.524924 0.030000 2.255878 0.030000 2.494792 0.030000 3.602874 0.030000 3.756109 0.030000 5.382411 0.030000 5.488456 0.030000 7.293079 0.030000 7.356055 0.030000
2.327535 0.150000 2.403657 0.030000 2.190511 0.030000 2.458936 0.030000 3.611321 0.030000 3.712679 0.030000 5.359523 0.030000 5.500264 0.030000 7.320257 0.030000 7.330992 0.030000
2.195762 0.030000 2.393074 0.030000 2.178070 0.030000 2.373204 0.030000 3.652326 0.030000 3.750951 0.030000 5.383069 0.030000 5.429130 0.030000 7.219321 0.030000 7.364564 0.030000
2.210587 0.030000 2.406048 0.030000 2.184559 0.030000 2.362024 0.030000 3.597348 0.030000 3.746355 0.030000 5.316835 0.030000 6.205134 0.150000 7.267664 0.030000 7.325755 0.030000
2.097215 0.030000 2.370946 0.030000 2.192905 0.030000 2.363027 0.030000 3.682768 0.150000 3.689568 0.030000 5.414579 0.150000 5.592266 0.150000 7.277019 0.030000 7.327570 0.030000
2.060842 0.030000 2.336256 0.030000 2.126137 0.030000 2.340166 0.030000 3.512191 0.030000 3.672309 0.030000 5.366781 0.030000 5.478807 0.030000 7.214133 0.030000 7.381896 0.030000
2.082376 0.030000 2.296367 0.030000 2.121324 0.030000 2.705180 0.150000 3.516441 0.030000 3.586067 0.030000 5.353949 0.030000 5.406378 0.030000 7.257303 0.030000 7.298915 0.030000
2.035636 0.030000 2.289375 0.030000 2.038757 0.030000 2.260957 0.030000 3.429475 0.150000 3.667535 0.030000 5.317887 0.030000 5.378195 0.030000 7.271495 0.030000 7.349351 0.030000
2.007722 0.030000 2.248845 0.030000 2.012416 0.030000 2.260709 0.030000 3.483585 0.030000 4.187952 0.150000 5.324173 0.030000 5.396202 0.030000 7.214350 0.030000 7.338352 0.030000
2.050605 0.030000 2.277826 0.030000 2.015773 0.030000 2.206610 0.150000 3.478760 0.030000 3.615637 0.030000 5.377710 0.030000 5.385914 0.030000 7.178091 0.030000 7.276880 0.030000
1.990879 0.030000 2.145304 0.030000 1.998379 0.030000 2.339886 0.150000 3.505034 0.030000 3.392668 0.150000 5.277432 0.030000 5.387728 0.030000 7.230208 0.030000 7.259406 0.030000
1.964674 0.030000 2.209462 0.030000 1.948641 0.030000 2.191744 0.030000 3.429845 0.030000 3.554015 0.030000 5.265202 0.030000 5.369476 0.030000 7.205298 0.030000 7.261039 0.030000
1.903778 0.030000 2.187868 0.030000 1.971623 0.030000 2.163416 0.030000 3.391208 0.030000 3.595597 0.030000 5.266535 0.030000 5.337910 0.030000 7.173561 0.030000 7.298252 0.030000
1.933934 0.030000 2.180082 0.030000 1.919197 0.030000 2.147259 0.030000 3.407467 0.030000 3.546745 0.030000 5.234441 0.030000 5.424523 0.150000 7.196025 0.030000 7.297423 0.030000
1.863692 0.030000 2.104404 0.030000 1.851393 0.030000 2.104303 0.030000 3.411265 0.030000 3.492196 0.030000 5.278903 0.030000 5.376238 0.030000 7.267937 0.150000 7.262904 0.030000
1.851836 0.030000 2.113937 0.030000 1.877560 0.030000 2.086182 0.030000 3.427929 0.030000 3.548765 0.030000 5.277431 0.030000 5.306299 0.030000 7.157421 0.030000 7.237296 0.030000
1.878762 0.030000 2.088448 0.030000 1.827459 0.030000 2.074614 0.030000 3.436108 0.030000 3.507101 0.030000 5.299391 0.030000 5.363697 0.030000 7.541329 0.150000 7.192438 0.030000
1.824027 0.030000 2.050017 0.030000 1.859905 0.030000 2.029968 0.030000 3.393257 0.030000 3.517713 0.030000 5.239705 0.030000 5.310779 0.030000 7.160030 0.030000 7.233449 0.030000
1.797612 0.030000 1.978287 0.030000 1.810117 0.030000 2.032863 0.030000 3.360344 0.030000 3.542255 0.030000 5.245450 0.030000 5.324878 0.030000 7.143733 0.030000 7.202979 0.030000
1.801824 0.030000 2.122192 0.150000 1.798997 0.030000 1.997621 0.030000 3.383456 0.030000 3.463555 0.030000 5.189043 0.030000 5.284862 0.030000 7.186655 0.030000 7.209816 0.030000
1.751478 0.030000 2.017985 0.030000 1.825010 0.030000 1.971685 0.030000 3.332446 0.030000 3.501744 0.030000 5.163619 0.030000 5.320375 0.030000 7.120518 0.030000 7.192851 0.030000
1.702738 0.030000 1.961787 0.030000 1.729096 0.030000 1.971157 0.030000 3.421458 0.030000 3.417780 0.030000 5.271854 0.030000 5.295536 0.030000 7.201996 0.030000 7.208716 0.030000
1.979536 0.150000 1.886828 0.030000 1.714131 0.030000 1.944234 0.030000 3.334388 0.030000 3.386608 0.030000 5.132832 0.030000 5.300701 0.030000 7.094376 0.030000 7.190944 0.150000
1.716425 0.030000 1.919479 0.030000 1.702261 0.030000 2.041868 0.150000 3.306582 0.030000 3.434834 0.030000 5.631304 0.150000 5.236067 0.030000 7.116244 0.030000 7.210004 0.030000
1.652821 0.030000 1.952196 0.030000 1.721304 0.030000 1.949315 0.030000 3.282482 0.030000 3.437993 0.030000 5.214074 0.030000 5.262952 0.030000 7.136008 0.030000 7.187872 0.030000
1.701287 0.030000 1.829424 0.030000 1.653917 0.030000 1.879892 0.030000 3.289950 0.030000 3.429257 0.150000 5.182791 0.030000 5.274983 0.030000 7.134080 0.030000 7.155883 0.030000
1.621668 0.030000 1.878544 0.030000 1.690629 0.030000 1.944971 0.030000 3.265645 0.030000 3.471216 0.030000 5.213710 0.030000 5.218922 0.030000 7.144043 0.030000 7.149032 0.030000
1.634676 0.030000 1.869000 0.030000 1.699482 0.030000 1.977148 0.150000 3.464218 0.150000 3.383731 0.030000 5.177406 0.030000 5.239686 0.030000 7.112142 0.030000 7.162318 0.030000
1.585077 0.030000 2.093686 0.150000 1.623851 0.030000 1.854869 0.030000 3.283009 0.030000 3.368839 0.030000 5.157068 0.030000 5.298883 0.030000 7.117608 0.030000 7.196274 0.030000
1.575092 0.030000 1.815812 0.030000 1.583439 0.030000 1.862657 0.030000 3.839836 0.150000 3.377354 0.030000 5.138167 0.030000 5.211229 0.030000 7.608575 0.150000 7.642244 0.150000
1.587833 0.030000 1.800306 0.030000 1.541685 0.030000 1.782494 0.030000 3.289133 0.030000 3.361781 0.030000 5.190680 0.030000 5.252495 0.030000 7.115265 0.030000 7.147554 0.030000
1.589878 0.030000 1.791573 0.030000 1.610096 0.030000 1.831365 0.030000 3.201191 0.030000 3.323722 0.030000 5.165526 0.030000 5.264021 0.030000 7.126516 0.030000 7.197131 0.030000
1.556305 0.030000 1.781435 0.030000 1.532952 0.030000 1.802800 0.030000 3.202635 0.030000 3.720066 0.150000 5.054483 0.030000 5.237352 0.030000 7.115873 0.030000 7.156424 0.030000
1.555467 0.030000 1.763039 0.030000 1.926126 0.150000 1.737393 0.030000 3.225268 0.030000 3.323973 0.030000 5.157681 0.030000 5.239338 0.030000 7.398880 0.150000 7.145175 0.030000
1.535777 0.030000 1.813694 0.030000 1.596116 0.030000 1.764359 0.030000 3.230165 0.030000 3.288178 0.030000 6.781967 0.150000 5.262379 0.030000 7.097121 0.030000 7.179520 0.030000
1.558002 0.030000 2.123224 0.150000 1.533307 0.030000 2.174052 0.150000 3.255949 0.030000 3.297414 0.030000 5.144388 0.030000 5.161949 0.030000 7.121496 0.030000 7.166075 0.030000
1.503885 0.030000 1.690027 0.030000 1.577264 0.030000 1.677164 0.030000 3.228731 0.030000 3.291657 0.030000 5.165396 0.030000 5.178648 0.030000 7.085732 0.030000 7.135533 0.030000
1.215002 0.150000 1.691304 0.030000 1.494635 0.030000 1.721616 0.030000 3.247556 0.030000 3.240394 0.030000 5.257925 0.150000 5.189261 0.030000 7.104690 0.030000 7.151299 0.030000
1.512855 0.030000 1.697287 0.030000 1.520027 0.030000 1.723450 0.030000 3.224189 0.030000 3.288525 0.030000 5.145011 0.030000 5.698902 0.150000 7.164782 0.030000 7.144520 0.030000
1.478169 0.030000 1.713689 0.030000 1.515330 0.030000 1.718530 0.030000 3.206669 0.030000 3.323605 0.030000 5.156865 0.030000 5.144067 0.030000 7.162233 0.030000 7.131311 0.030000
1.491560 0.030000 2.361159 0.150000 1.487208 0.030000 1.655805 0.030000 3.224886 0.030000 3.290088 0.030000 5.176615 0.030000 5.199084 0.030000 7.077854 0.030000 7.161540 0.030000
1.478275 0.030000 1.621315 0.030000 1.517897 0.030000 1.686940 0.030000 3.238404 0.030000 3.299101 0.030000 5.167030 0.030000 5.161045 0.030000 7.138041 0.030000 7.163107 0.030000
2.276902 0.150000 1.631084 0.030000 1.483647 0.030000 1.737591 0.150000 3.174326 0.030000 3.279976 0.030000 5.123240 0.030000 5.437225 0.150000 7.092433 0.030000 7.159389 0.030000
1.480459 0.030000 1.645189 0.030000 1.471123 0.030000 1.650746 0.030000 3.201766 0.030000 3.336879 0.030000 5.132411 0.030000 5.181188 0.030000 7.123137 0.030000 7.143007 0.030000
1.440780 0.030000 1.682374 0.030000 1.451480 0.030000 1.616598 0.030000 3.141985 0.030000 3.242568 0.030000 5.099304 0.030000 5.187897 0.030000 7.268742 0.150000 7.191809 0.030000
1.439166 0.030000 1.626176 0.030000 1.484079 0.030000 1.658891 0.030000 3.197627 0.030000 3.285907 0.030000 5.113574 0.030000 5.623748 0.150000 7.041269 0.030000 7.107629 0.030000
1.466600 0.030000 1.613211 0.030000 1.437599 0.030000 1.922857 0.150000 3.167139 0.030000 3.252978 0.030000 5.094829 0.030000 5.116812 0.030000 7.104389 0.030000 7.124524 0.030000
1.393830 0.030000 1.569763 0.030000 1.425866 0.030000 1.608656 0.030000 3.146240 0.030000 3.250188 0.030000 5.062195 0.030000 5.143512 0.030000 7.125956 0.030000 7.110848 0.030000
1.462844 0.030000 1.649957 0.030000 1.378731 0.030000 1.621395 0.030000 3.162840 0.030000 3.289880 0.030000 5.122528 0.030000 5.181757 0.030000 7.059912 0.030000 7.151133 0.030000
1.423746 0.030000 1.602908 0.030000 1.430387 0.030000 2.499839 0.150000 3.148845 0.030000 3.243571 0.030000 5.099148 0.150000 5.056611 0.150000 7.072123 0.030000 7.102846 0.030000
1.410433 0.030000 1.643967 0.030000 1.457886 0.030000 1.579877 0.030000 3.133350 0.030000 3.291609 0.030000 5.119109 0.030000 5.160617 0.030000 7.090091 0.030000 7.091596 0.030000
1.622808 0.150000 1.520571 0.030000 1.451854 0.030000 1.634767 0.030000 3.180201 0.030000 3.233563 0.030000 5.105323 0.030000 5.314441 0.150000 7.044944 0.030000 7.149546 0.030000
1.457278 0.030000 1.615227 0.030000 1.422908 0.030000 1.592715 0.030000 3.130309 0.030000 3.239043 0.030000 5.080729 0.030000 5.186369 0.030000 7.117480 0.030000 7.055567 0.150000
1.375003 0.030000 1.570365 0.030000 1.408823 0.030000 1.625508 0.030000 3.176953 0.030000 3.318802 0.030000 5.088693 0.030000 5.147031 0.030000 7.091350 0.030000 7.101700 0.030000
1.419565 0.030000 1.569112 0.030000 1.423653 0.030000 1.622260 0.030000 3.161942 0.030000 3.259046 0.030000 5.140065 0.030000 5.204916 0.030000 6.994491 0.030000 7.135299 0.030000
1.396803 0.030000 1.567586 0.030000 1.365092 0.030000 1.595124 0.030000 3.156762 0.030000 3.280858 0.030000 5.109868 0.030000 5.182347 0.030000 7.059693 0.030000 7.124380 0.030000
2.237172 0.150000 1.816238 0.150000 1.348609 0.030000 1.562167 0.030000 3.121416 0.030000 3.252452 0.030000 5.059110 0.030000 5.178553 0.030000 7.032696 0.030000 7.144626 0.030000
1.433168 0.030000 1.506645 0.030000 1.297765 0.030000 1.624478 0.030000 3.083408 0.030000 3.248281 0.030000 4.996373 0.030000 5.194282 0.030000 6.990120 0.030000 7.156130 0.030000
1.415977 0.030000 1.543801 0.030000 1.309460 0.030000 1.570604 0.030000 3.091056 0.030000 3.225048 0.030000 5.059950 0.030000 5.206306 0.030000 6.955964 0.030000 7.071699 0.030000
1.417839 0.030000 1.469120 0.030000 1.268817 0.030000 1.570437 0.030000 3.108533 0.030000 3.304626 0.030000 5.003600 0.030000 5.162956 0.030000 7.014672 0.030000 7.130172 0.030000
1.365768 0.030000 1.524083 0.030000 1.276331 0.030000 1.593313 0.150000 3.022646 0.030000 3.297015 0.030000 4.988981 0.030000 5.177505 0.030000 7.013511 0.030000 7.123269 0.030000
1.452747 0.030000 1.512765 0.030000 1.258336 0.030000 1.553986 0.030000 3.053153 0.030000 3.239400 0.030000 5.414710 0.150000 5.158727 0.030000 6.967398 0.030000 7.090907 0.030000
1.423788 0.030000 1.490092 0.030000 1.268754 0.030000 1.491773 0.030000 2.950224 0.150000 3.216125 0.030000 5.005190 0.030000 5.181989 0.030000 7.013243 0.030000 7.125375 0.030000
1.458335 0.030000 1.464159 0.030000 1.218056 0.030000 1.479640 0.030000 2.966531 0.030000 3.215686 0.030000 4.963552 0.030000 5.131225 0.030000 6.840892 0.150000 7.114181 0.030000
1.392527 0.030000 1.456160 0.030000 1.257412 0.030000 1.479462 0.030000 3.027655 0.030000 3.225232 0.030000 4.900622 0.030000 5.156967 0.030000 6.929477 0.030000 7.148305 0.030000
1.484243 0.030000 1.392252 0.030000 1.232240 0.030000 1.461835 0.030000 2.971102 0.030000 3.175985 0.030000 4.847282 0.030000 5.136124 0.030000 6.838034 0.030000 7.054520 0.030000
1.477920 0.030000 1.444633 0.030000 1.210745 0.030000 1.432029 0.030000 2.899063 0.030000 3.117325 0.030000 4.852607 0.030000 5.064201 0.030000 6.832914 0.030000 7.069796 0.030000
1.439185 0.030000 1.389040 0.030000 1.206910 0.030000 1.401850 0.030000 2.955077 0.030000 3.287747 0.150000 4.855973 0.030000 5.104593 0.030000 6.811372 0.030000 7.036418 0.030000
1.506002 0.030000 1.433671 0.030000 1.142699 0.030000 1.331929 0.030000 2.886960 0.030000 3.111068 0.030000 4.787353 0.030000 5.037325 0.030000 6.774391 0.030000 6.991036 0.030000
1.566213 0.030000 1.450051 0.030000 1.108414 0.030000 1.387223 0.030000 2.877170 0.030000 3.082901 0.030000 4.766843 0.030000 4.998838 0.030000 6.797389 0.030000 6.946126 0.030000
1.575256 0.030000 1.956344 0.150000 1.080993 0.030000 1.530142 0.150000 3.119537 0.150000 3.676698 0.150000 4.761907 0.030000 5.017045 0.030000 6.740773 0.030000 6.955338 0.030000
1.589587 0.030000 1.430250 0.030000 1.103069 0.030000 1.248549 0.030000 2.757703 0.030000 3.013272 0.030000 4.714652 0.030000 5.003835 0.030000 6.966615 0.150000 6.949529 0.030000
1.640372 0.030000 1.426670 0.030000 1.084829 0.030000 1.258327 0.030000 2.762940 0.030000 3.069957 0.030000 4.678864 0.030000 4.911400 0.030000 6.652871 0.030000 6.953136 0.030000
1.716376 0.030000 1.484573 0.030000 1.052550 0.030000 1.214316 0.030000 2.724042 0.030000 2.985982 0.030000 4.675587 0.030000 4.890894 0.030000 6.610371 0.030000 6.886869 0.030000
1.672926 0.030000 1.493740 0.030000 1.016678 0.030000 1.204801 0.030000 2.725321 0.030000 2.948567 0.030000 4.655711 0.030000 4.832712 0.150000 6.588174 0.030000 6.913649 0.030000
1.768982 0.030000 1.506532 0.030000 1.071558 0.030000 1.170894 0.030000 2.719256 0.030000 2.886407 0.030000 4.627736 0.030000 4.838679 0.030000 6.543346 0.030000 7.099434 0.150000
1.718637 0.030000 1.514419 0.030000 0.987450 0.030000 1.152955 0.030000 2.673483 0.030000 2.873085 0.030000 4.587958 0.030000 5.352892 0.150000 6.566542 0.030000 6.854925 0.030000
1.743398 0.030000 1.553683 0.030000 0.990718 0.030000 1.159011 0.030000 2.603816 0.030000 3.212077 0.150000 4.545176 0.030000 4.823525 0.030000 6.524486 0.030000 6.744593 0.030000
1.771245 0.030000 1.622351 0.030000 0.977731 0.030000 1.149780 0.030000 2.884042 0.150000 2.759087 0.030000 5.120864 0.150000 4.762510 0.150000 6.473976 0.030000 6.751238 0.030000
1.838611 0.030000 1.623132 0.030000 0.953071 0.030000 1.059906 0.030000 2.595341 0.030000 2.821806 0.030000 4.465873 0.030000 4.722562 0.030000 6.450494 0.030000 6.703353 0.030000
1.837814 0.030000 1.597908 0.030000 0.929181 0.030000 1.549288 0.150000 2.534106 0.030000 3.201234 0.150000 4.529921 0.150000 4.683367 0.030000 6.453875 0.030000 6.689079 0.030000
1.860955 0.030000 1.614442 0.030000 0.978052 0.030000 1.115277 0.030000 2.492383 0.030000 2.765212 0.030000 4.402731 0.030000 4.735541 0.030000 6.457800 0.150000 6.629670 0.030000
1.948827 0.030000 1.648785 0.030000 0.947295 0.030000 1.046174 0.030000 2.486464 0.030000 2.692764 0.030000 4.363045 0.030000 4.650901 0.030000 6.410314 0.030000 6.596562 0.030000
1.920358 0.030000 1.692612 0.030000 0.930478 0.030000 1.056370 0.030000 2.395306 0.030000 2.668642 0.030000 4.405576 0.030000 4.617594 0.030000 6.303581 0.030000 6.635598 0.030000
1.958416 0.030000 2.025845 0.150000 0.861579 0.150000 0.992112 0.030000 2.394327 0.030000 2.616172 0.030000 4.320205 0.030000 4.602401 0.030000 6.336528 0.030000 6.617812 0.030000
2.009078 0.030000 1.994099 0.150000 0.916844 0.030000 1.087111 0.150000 2.379831 0.030000 2.647799 0.030000 4.245212 0.150000 4.593716 0.030000 6.316543 0.030000 6.578216 0.030000
2.024543 0.030000 1.813772 0.030000 0.865229 0.030000 0.968684 0.030000 2.414489 0.030000 2.596358 0.030000 4.259483 0.030000 4.524256 0.030000 6.244066 0.030000 6.478140 0.030000
2.060848 0.030000 1.758584 0.030000 0.842933 0.030000 0.957585 0.030000 2.328364 0.030000 2.558247 0.030000 4.111234 0.150000 4.517528 0.030000 6.228950 0.030000 6.551922 0.030000
2.056266 0.030000 1.836426 0.030000 0.889627 0.030000 0.934813 0.030000 2.285756 0.030000 2.539643 0.030000 4.209947 0.030000 4.662090 0.150000 6.249172 0.030000 6.459393 0.030000
2.076802 0.030000 1.873583 0.030000 0.961178 0.150000 0.929288 0.030000 2.273299 0.030000 2.492745 0.030000 4.198411 0.030000 4.446995 0.030000 6.162294 0.030000 6.437268 0.030000
2.089664 0.030000 1.875206 0.030000 0.876102 0.030000 0.950812 0.030000 2.240264 0.030000 2.469717 0.030000 4.180904 0.030000 4.414239 0.030000 6.139285 0.030000 6.390567 0.030000
2.144464 0.030000 1.838032 0.030000 0.903048 0.030000 0.901749 0.030000 2.252118 0.030000 2.448526 0.030000 4.074318 0.150000 4.416226 0.030000 6.120050 0.030000 6.317409 0.030000
2.180282 0.030000 1.983227 0.030000 0.907925 0.030000 0.949837 0.030000 2.976956 0.150000 2.457800 0.030000 4.649384 0.150000 4.361744 0.030000 6.159284 0.030000 7.071727 0.150000
2.213113 0.030000 1.894482 0.030000 0.852983 0.030000 0.900253 0.030000 2.147963 0.030000 2.405467 0.030000 4.078180 0.030000 4.354464 0.030000 6.101546 0.030000 6.243924 0.030000
2.220795 0.030000 1.975864 0.030000 0.896262 0.030000 0.868005 0.030000 2.166124 0.030000 2.401096 0.030000 4.053119 0.030000 4.297885 0.030000 6.022814 0.030000 6.270932 0.030000
2.224966 0.030000 2.020434 0.030000 0.925942 0.030000 0.933553 0.030000 2.153614 0.030000 2.423668 0.030000 4.039669 0.030000 4.315306 0.030000 5.993685 0.030000 6.299033 0.030000
2.288803 0.030000 1.996833 0.030000 0.846457 0.030000 0.916741 0.030000 2.095581 0.030000 2.321983 0.030000 4.326337 0.150000 4.286678 0.030000 5.921182 0.030000 6.217329 0.030000
2.221505 0.030000 3.055460 0.150000 0.914151 0.030000 0.883804 0.030000 2.075158 0.030000 2.280001 0.030000 4.021077 0.030000 4.259150 0.030000 5.995122 0.030000 6.940230 0.150000
2.305652 0.030000 2.110822 0.030000 0.888564 0.030000 0.918019 0.030000 2.428094 0.150000 2.265851 0.030000 3.901308 0.030000 4.157451 0.030000 5.904221 0.030000 6.156434 0.030000
2.341294 0.030000 2.088833 0.030000 0.940011 0.030000 0.948171 0.150000 2.179783 0.150000 2.240113 0.030000 3.967390 0.030000 4.207256 0.030000 5.926486 0.030000 6.137845 0.150000
2.383373 0.030000 2.143675 0.030000 0.949458 0.030000 0.867484 0.030000 2.062285 0.150000 2.273990 0.030000 3.915580 0.030000 4.155777 0.030000 5.924716 0.030000 6.151049 0.030000
2.318758 0.030000 2.145480 0.030000 0.895540 0.030000 0.885519 0.030000 2.801273 0.150000 2.130185 0.150000 3.924369 0.030000 4.145294 0.030000 5.853086 0.030000 6.142390 0.030000
2.386238 0.150000 2.151302 0.030000 0.954569 0.030000 0.931867 0.030000 2.031970 0.030000 2.242228 0.030000 3.849733 0.030000 4.131822 0.030000 5.860174 0.030000 6.921660 0.150000
2.412827 0.030000 2.169836 0.030000 0.948709 0.030000 0.854074 0.030000 1.939317 0.030000 2.963193 0.150000 3.824947 0.030000 4.114473 0.030000 5.860572 0.030000 6.202237 0.150000
2.480089 0.030000 2.202934 0.030000 0.923149 0.030000 0.876022 0.030000 1.999536 0.150000 2.230699 0.030000 3.869681 0.030000 4.037287 0.030000 5.805970 0.030000 6.048671 0.030000
2.472714 0.030000 2.205277 0.030000 0.974513 0.030000 0.923530 0.030000 1.928949 0.030000 2.077743 0.030000 3.820505 0.030000 4.038070 0.030000 5.760269 0.030000 6.026198 0.030000
2.433219 0.030000 2.362243 0.150000 0.913636 0.030000 0.873399 0.030000 1.896432 0.030000 2.134930 0.030000 3.773750 0.150000 4.067849 0.030000 5.739390 0.030000 6.003804 0.030000
2.496876 0.030000 2.276308 0.030000 0.970186 0.030000 0.899314 0.030000 1.873741 0.030000 2.557750 0.150000 3.741319 0.030000 3.961733 0.030000 5.731160 0.030000 6.244424 0.150000
2.511717 0.030000 2.290721 0.030000 0.960329 0.030000 0.877779 0.030000 1.846469 0.030000 2.102109 0.030000 3.765030 0.030000 3.960224 0.030000 6.016160 0.150000 5.981889 0.030000
2.582245 0.030000 2.296747 0.030000 0.996932 0.030000 0.872424 0.030000 1.921854 0.030000 2.056210 0.030000 3.755617 0.030000 4.002640 0.030000 5.733706 0.030000 5.923526 0.030000
2.535111 0.030000 2.357452 0.030000 0.948621 0.030000 0.958635 0.030000 1.857961 0.030000 2.070381 0.030000 3.710109 0.030000 4.808953 0.150000 5.728033 0.030000 5.936857 0.030000
2.638469 0.030000 2.384814 0.150000 0.970330 0.030000 0.960505 0.030000 1.847286 0.030000 2.063353 0.030000 3.673353 0.030000 3.904797 0.030000 5.675198 0.030000 5.886445 0.030000
2.635868 0.030000 2.333632 0.030000 0.990460 0.030000 0.831408 0.030000 1.756081 0.030000 2.070851 0.030000 3.690661 0.030000 3.932133 0.030000 5.635636 0.030000 5.821495 0.030000
2.627805 0.030000 2.361858 0.030000 1.045723 0.030000 1.479931 0.150000 1.533513 0.150000 2.026405 0.030000 3.678536 0.030000 3.881795 0.030000 5.568764 0.030000 5.882708 0.030000
2.566359 0.030000 2.588146 0.150000 1.050208 0.030000 0.978458 0.030000 1.757475 0.030000 2.078376 0.030000 3.669868 0.030000 3.878933 0.030000 5.623035 0.030000 5.892345 0.030000
2.633535 0.030000 2.375258 0.030000 1.033986 0.030000 0.939214 0.030000 2.060284 0.150000 2.027544 0.030000 3.640153 0.030000 3.902743 0.030000 5.559274 0.030000 5.849601 0.030000
2.654004 0.030000 2.385882 0.030000 1.053462 0.030000 0.887848 0.030000 1.689682 0.030000 1.963521 0.030000 3.657928 0.030000 3.857694 0.030000 5.573287 0.030000 5.817105 0.030000
2.663570 0.030000 2.461250 0.030000 1.060924 0.030000 0.970942 0.030000 1.778021 0.030000 1.950463 0.030000 3.599007 0.030000 3.850157 0.030000 5.582558 0.030000 5.817871 0.030000
2.661351 0.030000 2.441224 0.030000 1.046337 0.030000 0.919622 0.030000 1.742651 0.030000 1.926869 0.030000 3.605844 0.030000 3.908080 0.030000 5.561393 0.030000 5.797098 0.030000
2.653618 0.030000 3.143836 0.150000 1.045253 0.030000 0.976480 0.030000 1.908318 0.150000 1.972206 0.030000 3.596095 0.030000 3.781565 0.030000 5.571942 0.030000 5.769045 0.030000
2.676796 0.030000 2.471323 0.030000 1.001433 0.030000 0.986261 0.030000 1.722845 0.030000 1.963507 0.030000 3.543569 0.030000 3.857335 0.030000 5.483595 0.030000 5.740208 0.030000
2.735853 0.030000 2.449026 0.030000 1.114538 0.030000 0.938743 0.030000 2.395148 0.150000 1.939281 0.030000 3.570191 0.030000 3.838524 0.030000 5.480684 0.030000 5.885753 0.150000
3.091396 0.150000 2.525358 0.030000 1.073787 0.030000 0.946115 0.030000 1.666487 0.030000 1.928028 0.030000 3.522685 0.030000 3.784377 0.030000 5.458883 0.030000 5.721766 0.030000
2.794006 0.030000 2.513231 0.030000 1.103436 0.030000 0.926913 0.030000 1.681930 0.030000 1.943330 0.030000 3.603173 0.030000 3.788777 0.150000 5.514602 0.030000 5.755995 0.030000
2.767674 0.030000 2.559701 0.030000 1.104594 0.030000 0.927293 0.030000 1.627207 0.030000 1.930413 0.030000 3.576725 0.030000 3.792630 0.030000 5.756582 0.150000 6.204487 0.150000
2.725906 0.030000 2.555551 0.030000 1.094979 0.030000 0.990934 0.030000 1.836141 0.150000 1.872419 0.030000 3.491935 0.030000 3.745228 0.030000 5.500627 0.030000 5.745471 0.030000
2.749656 0.030000 2.566517 0.030000 1.057019 0.030000 0.956209 0.030000 1.645009 0.030000 1.892781 0.030000 3.458399 0.030000 3.749780 0.030000 5.493291 0.030000 5.710256 0.030000
2.788935 0.030000 2.533616 0.030000 1.102077 0.030000 1.021998 0.030000 1.995174 0.150000 1.892363 0.030000 3.461624 0.030000 3.680431 0.030000 5.438192 0.030000 5.759202 0.030000
2.794428 0.030000 2.584996 0.030000 1.099830 0.030000 0.973818 0.030000 1.874745 0.150000 1.819095 0.030000 3.459920 0.030000 3.752456 0.030000 5.413666 0.030000 5.669855 0.030000
2.822201 0.030000 2.546635 0.030000 1.124111 0.030000 0.942046 0.030000 1.611500 0.030000 1.858254 0.030000 3.520449 0.030000 3.781049 0.030000 5.665622 0.150000 5.712017 0.030000
2.779478 0.030000 2.576878 0.030000 1.185623 0.030000 1.086581 0.150000 1.667052 0.030000 1.846845 0.030000 3.472552 0.030000 3.689595 0.030000 5.442469 0.030000 5.702436 0.030000
2.783574 0.030000 2.603894 0.030000 1.017558 0.150000 1.128111 0.150000 1.603381 0.030000 1.850262 0.030000 3.534311 0.030000 3.738758 0.030000 5.438374 0.150000 5.730884 0.030000
2.819672 0.030000 2.573429 0.030000 1.137677 0.030000 1.053457 0.030000 1.654822 0.030000 1.837613 0.030000 3.495077 0.030000 3.754666 0.030000 5.422892 0.030000 5.612329 0.030000
2.811175 0.030000 2.565230 0.030000 1.055082 0.030000 1.002197 0.030000 1.655678 0.030000 1.838640 0.030000 3.600544 0.150000 3.672874 0.030000 5.377562 0.030000 5.607890 0.030000
2.812081 0.030000 2.587307 0.030000 1.346417 0.150000 0.981793 0.030000 1.605897 0.030000 1.786773 0.030000 3.407167 0.030000 3.697323 0.030000 5.404714 0.030000 6.318766 0.150000
2.806606 0.030000 2.555645 0.030000 1.181746 0.030000 0.954261 0.030000 1.655100 0.030000 1.852867 0.030000 3.465947 0.030000 3.628325 0.030000 5.404427 0.030000 5.640329 0.030000
2.851860 0.150000 2.588058 0.030000 1.187858 0.030000 0.991394 0.030000 1.631275 0.030000 1.806104 0.030000 3.525610 0.030000 3.726215 0.030000 5.446807 0.030000 5.652392 0.030000
2.929534 0.150000 2.576683 0.030000 1.182630 0.030000 0.937231 0.030000 1.592322 0.030000 1.760230 0.030000 3.482355 0.030000 3.642527 0.030000 5.410693 0.030000 5.636556 0.030000
2.848716 0.030000 2.636403 0.030000 1.172472 0.030000 1.002819 0.030000 1.610669 0.030000 1.791532 0.030000 3.433482 0.030000 3.660081 0.030000 5.364409 0.030000 5.649729 0.150000
3.053612 0.150000 2.695540 0.150000 1.197274 0.030000 0.980057 0.030000 1.606247 0.030000 1.707091 0.030000 3.463304 0.030000 3.656115 0.030000 5.408972 0.030000 5.634886 0.030000
2.910684 0.030000 2.886910 0.150000 1.284709 0.030000 0.954205 0.030000 1.667173 0.030000 1.733093 0.030000 3.454519 0.030000 3.668232 0.030000 5.382430 0.030000 5.595001 0.030000
2.850667 0.030000 2.648835 0.030000 1.210734 0.030000 1.034535 0.030000 1.652056 0.030000 1.725379 0.030000 4.741394 0.150000 3.616324 0.030000 5.400074 0.030000 5.533827 0.030000
2.944717 0.030000 2.681052 0.030000 1.210306 0.030000 0.997932 0.030000 1.626962 0.030000 1.653990 0.030000 3.436992 0.030000 3.587273 0.030000 5.378707 0.030000 5.575049 0.030000
3.404020 0.150000 2.675297 0.030000 1.323691 0.030000 1.025250 0.030000 1.663013 0.030000 1.666573 0.030000 3.477629 0.030000 3.571994 0.030000 5.399045 0.030000 5.485168 0.030000
2.964130 0.030000 2.713828 0.030000 1.306347 0.030000 1.068228 0.030000 1.590562 0.030000 2.674906 0.150000 3.426091 0.030000 3.557600 0.030000 5.372938 0.030000 6.074777 0.150000
2.989017 0.150000 2.743597 0.030000 1.315020 0.030000 1.128990 0.030000 1.686837 0.030000 1.644902 0.030000 3.444546 0.030000 3.569960 0.030000 5.300689 0.030000 5.494020 0.030000
2.982038 0.030000 2.763524 0.030000 1.336570 0.030000 1.025471 0.150000 2.078338 0.150000 1.653777 0.030000 3.457123 0.030000 3.512148 0.030000 5.297691 0.030000 5.503995 0.030000
2.959974 0.030000 2.769436 0.030000 1.378654 0.030000 1.110260 0.030000 1.690127 0.030000 1.611579 0.030000 3.405636 0.030000 3.481692 0.150000 5.316124 0.030000 5.395891 0.030000
2.995860 0.030000 2.978716 0.150000 1.401961 0.030000 1.106824 0.030000 1.697867 0.030000 1.684058 0.030000 3.432162 0.030000 3.432372 0.030000 5.349049 0.030000 5.408927 0.030000
2.970623 0.030000 2.881141 0.030000 1.423577 0.030000 1.355683 0.150000 1.736673 0.030000 1.582599 0.030000 3.443496 0.030000 3.501933 0.150000 5.406580 0.030000 5.412945 0.030000
3.095989 0.030000 2.858057 0.030000 1.494689 0.030000 1.198132 0.030000 1.767316 0.030000 1.595522 0.030000 3.433404 0.030000 3.436983 0.030000 5.369724 0.030000 5.384330 0.030000
3.049281 0.030000 2.922271 0.030000 1.456305 0.030000 1.289410 0.030000 1.736367 0.030000 1.684939 0.030000 3.413314 0.030000 3.399802 0.030000 5.356262 0.030000 5.385389 0.030000
3.133643 0.030000 2.921716 0.030000 1.497115 0.030000 1.284733 0.030000 1.735771 0.030000 1.647000 0.030000 3.492517 0.030000 3.429151 0.030000 5.409359 0.030000 5.355845 0.030000
3.105739 0.030000 2.934015 0.150000 1.511202 0.030000 1.349022 0.030000 1.776050 0.030000 1.680201 0.030000 3.552307 0.150000 3.432897 0.030000 5.327332 0.030000 5.383751 0.030000
3.039397 0.030000 2.947421 0.030000 1.544289 0.030000 1.945759 0.150000 1.833102 0.030000 1.697065 0.030000 3.439372 0.030000 3.813291 0.150000 5.376958 0.030000 5.363478 0.030000
3.947168 0.150000 3.016053 0.030000 1.603601 0.030000 1.370781 0.030000 1.861504 0.030000 1.687947 0.030000 3.487234 0.030000 3.492897 0.030000 5.395554 0.030000 5.413479 0.030000
3.111975 0.030000 2.959384 0.030000 1.627622 0.030000 1.533918 0.150000 1.873859 0.030000 1.705412 0.030000 3.573822 0.030000 3.430425 0.150000 5.437284 0.030000 5.415202 0.030000
3.124789 0.030000 3.024571 0.030000 1.650759 0.030000 1.389079 0.030000 2.341953 0.150000 1.704669 0.030000 3.544789 0.030000 3.439489 0.030000 5.387462 0.030000 5.397063 0.030000
3.620799 0.150000 2.994279 0.030000 1.619122 0.030000 1.469067 0.030000 1.896797 0.030000 1.693006 0.030000 3.545714 0.030000 4.227594 0.150000 5.485717 0.030000 5.360045 0.030000
3.143746 0.030000 3.049206 0.030000 1.699547 0.030000 1.429095 0.030000 1.912973 0.030000 1.796123 0.030000 3.563648 0.030000 3.463383 0.030000 5.427080 0.030000 5.373967 0.030000
3.260208 0.150000 3.066403 0.030000 1.737049 0.030000 1.458700 0.030000 2.042640 0.150000 1.743365 0.150000 3.574356 0.030000 3.512933 0.030000 5.441102 0.030000 5.357740 0.030000
3.249782 0.150000 3.077149 0.030000 1.739607 0.030000 1.569468 0.030000 1.950467 0.030000 1.739312 0.030000 3.551869 0.030000 3.437679 0.030000 5.428115 0.030000 5.386645 0.030000
3.200537 0.030000 3.097761 0.030000 1.795405 0.030000 1.489826 0.030000 2.247471 0.150000 1.799298 0.030000 3.578020 0.030000 3.542810 0.150000 5.445803 0.150000 5.389121 0.030000
3.232592 0.030000 3.134021 0.030000 1.807138 0.030000 1.593145 0.030000 2.019196 0.030000 2.490965 0.150000 4.357662 0.150000 3.510118 0.030000 5.443817 0.030000 5.455177 0.030000
3.228070 0.030000 3.110246 0.030000 1.844376 0.030000 1.580454 0.030000 2.081120 0.030000 1.860786 0.030000 3.605969 0.030000 3.498960 0.030000 5.517283 0.030000 5.443162 0.030000
3.272805 0.030000 3.132352 0.030000 1.815868 0.030000 1.628877 0.030000 2.084272 0.030000 1.922437 0.030000 3.647151 0.030000 3.844548 0.150000 5.772787 0.150000 5.394701 0.030000
3.284983 0.030000 3.787270 0.150000 1.826676 0.030000 2.790802 0.150000 2.101306 0.030000 1.951764 0.030000 3.606699 0.030000 3.513470 0.030000 5.527935 0.030000 5.418890 0.030000
3.272997 0.030000 3.148369 0.030000 1.864821 0.030000 1.642716 0.030000 2.118329 0.030000 1.896456 0.030000 3.691178 0.030000 3.591121 0.030000 5.535844 0.030000 5.950533 0.150000
3.268338 0.030000 3.211924 0.030000 1.986147 0.030000 1.648055 0.030000 2.137604 0.030000 1.979210 0.030000 3.683812 0.030000 3.533196 0.030000 5.503519 0.030000 5.446152 0.030000
3.366625 0.030000 3.315876 0.150000 1.986057 0.030000 2.141385 0.150000 2.189580 0.030000 1.966238 0.030000 3.664163 0.030000 3.638759 0.030000 5.525715 0.030000 5.459779 0.030000
3.288410 0.030000 3.199867 0.030000 2.018780 0.030000 1.707972 0.030000 2.199867 0.030000 2.998379 0.150000 3.702671 0.030000 3.629506 0.030000 5.535119 0.030000 5.466473 0.030000
3.353840 0.030000 3.229601 0.030000 2.009975 0.030000 1.798667 0.030000 2.245507 0.030000 1.982245 0.030000 3.701813 0.030000 3.812822 0.150000 5.544254 0.030000 5.489226 0.030000
3.370605 0.030000 3.213947 0.150000 2.030286 0.030000 1.774665 0.030000 2.242661 0.030000 2.020172 0.030000 3.732746 0.030000 3.601456 0.030000 5.569133 0.030000 5.725074 0.150000
3.352094 0.030000 3.229669 0.030000 2.071397 0.030000 1.836969 0.030000 2.297970 0.030000 2.122656 0.030000 3.674951 0.030000 3.653454 0.030000 5.519829 0.030000 5.426321 0.030000
3.384490 0.030000 3.205494 0.030000 2.118185 0.030000 1.901127 0.030000 2.449299 0.150000 2.107629 0.030000 3.740606 0.030000 3.627673 0.030000 5.558128 0.030000 5.487880 0.030000
3.437788 0.030000 3.285661 0.150000 2.164430 0.030000 1.843032 0.030000 2.334157 0.030000 2.120269 0.030000 3.774788 0.030000 3.647234 0.030000 5.587615 0.030000 5.480563 0.030000
3.451366 0.030000 3.309498 0.030000 2.162746 0.030000 2.832884 0.150000 2.393302 0.030000 2.121461 0.030000 3.802390 0.030000 3.740945 0.030000 5.639748 0.030000 5.508275 0.030000
3.450737 0.030000 3.349072 0.030000 2.163263 0.150000 1.986269 0.030000 2.337441 0.030000 2.198620 0.030000 3.869304 0.030000 3.669875 0.030000 5.634121 0.030000 5.506683 0.030000
3.503605 0.030000 3.306450 0.030000 3.679011 0.150000 1.971642 0.030000 2.362360 0.030000 2.179309 0.030000 3.811967 0.030000 3.669016 0.030000 5.595914 0.030000 5.492610 0.030000
3.480815 0.030000 3.333493 0.030000 2.236550 0.030000 1.988301 0.030000 2.430397 0.030000 2.192124 0.030000 3.838068 0.030000 3.661777 0.030000 5.647090 0.030000 5.577796 0.030000
3.445707 0.030000 3.374159 0.030000 2.235886 0.030000 2.013270 0.030000 2.469614 0.030000 2.180847 0.030000 3.923920 0.030000 3.711823 0.030000 5.599307 0.030000 5.610337 0.030000
3.471817 0.030000 3.358678 0.030000 2.254842 0.030000 2.104397 0.030000 2.447123 0.150000 2.299930 0.030000 3.916717 0.030000 3.748341 0.030000 5.646021 0.030000 5.512708 0.030000
3.495351 0.030000 3.418432 0.030000 2.366300 0.030000 2.082135 0.030000 2.535802 0.030000 2.269553 0.030000 3.891151 0.030000 3.689669 0.030000 5.655922 0.030000 5.572878 0.030000
3.517081 0.030000 3.433090 0.030000 2.299509 0.030000 2.111382 0.030000 2.570734 0.030000 2.336890 0.030000 3.907265 0.030000 3.752799 0.030000 5.666351 0.030000 5.583386 0.030000
3.730673 0.150000 3.431668 0.030000 2.367466 0.030000 2.134598 0.030000 2.545473 0.030000 2.386958 0.030000 4.028208 0.150000 3.826039 0.030000 5.689251 0.030000 5.645829 0.030000
3.604491 0.030000 3.399000 0.030000 2.671451 0.150000 2.217614 0.030000 2.561887 0.030000 2.357835 0.030000 3.905702 0.030000 3.819622 0.030000 5.716071 0.030000 5.566974 0.030000
3.637356 0.030000 3.400420 0.030000 2.454668 0.030000 2.232847 0.030000 2.581927 0.030000 2.342523 0.030000 3.919880 0.030000 3.766454 0.030000 5.708559 0.030000 5.585598 0.030000
3.655630 0.030000 3.508193 0.030000 2.426570 0.030000 2.444243 0.150000 2.637587 0.030000 2.400401 0.030000 3.973218 0.030000 3.819883 0.030000 5.687433 0.030000 5.587119 0.030000
3.647015 0.030000 3.462975 0.030000 2.515701 0.030000 2.228387 0.030000 2.652434 0.030000 2.431848 0.030000 4.017737 0.030000 3.850583 0.030000 5.747138 0.030000 5.631618 0.030000
4.254966 0.150000 3.527238 0.030000 2.488401 0.030000 2.407801 0.150000 2.641102 0.030000 2.475166 0.030000 3.992334 0.030000 3.874327 0.030000 5.757028 0.030000 6.141906 0.150000
3.710169 0.030000 3.532161 0.030000 2.539210 0.030000 2.269259 0.030000 2.727921 0.030000 2.465943 0.030000 4.003394 0.030000 3.902630 0.030000 6.255225 0.150000 5.686406 0.030000
3.958532 0.150000 3.562051 0.030000 2.589384 0.030000 2.355458 0.030000 2.742114 0.030000 2.569005 0.030000 4.040564 0.030000 3.894848 0.030000 5.751833 0.030000 5.691723 0.030000
3.739670 0.030000 3.557891 0.030000 2.435145 0.150000 2.401962 0.030000 2.727239 0.030000 3.235215 0.150000 4.018205 0.030000 3.980813 0.030000 5.792748 0.030000 5.662611 0.030000
3.720432 0.030000 3.569682 0.030000 2.645848 0.030000 2.406072 0.030000 2.828658 0.030000 2.569469 0.030000 4.075826 0.030000 4.869226 0.150000 5.777434 0.030000 5.644350 0.030000
3.793876 0.030000 3.611926 0.030000 2.749161 0.030000 2.341879 0.150000 2.801518 0.030000 2.600385 0.030000 4.586428 0.150000 3.939136 0.030000 6.110495 0.150000 5.689047 0.030000
4.312635 0.150000 4.269277 0.150000 2.690401 0.030000 2.477834 0.030000 2.822288 0.030000 2.649684 0.030000 4.119331 0.030000 3.997335 0.030000 5.856261 0.030000 5.671054 0.030000
3.816260 0.150000 3.570130 0.030000 2.761455 0.030000 2.800034 0.150000 2.910395 0.030000 2.590739 0.030000 4.116911 0.030000 3.997527 0.030000 5.820560 0.030000 6.104287 0.150000
3.801741 0.030000 3.694454 0.030000 2.755431 0.030000 2.519150 0.030000 2.897776 0.030000 2.694512 0.030000 4.173238 0.030000 3.985048 0.030000 5.873537 0.030000 5.708186 0.030000
3.848063 0.030000 3.719270 0.030000 2.765358 0.030000 2.523290 0.030000 2.940397 0.030000 2.695129 0.030000 4.143886 0.030000 3.975606 0.030000 5.848058 0.030000 5.753600 0.030000
3.895527 0.030000 3.697554 0.030000 2.825671 0.030000 3.019586 0.150000 2.959961 0.030000 2.864748 0.150000 4.203866 0.030000 4.063399 0.030000 6.309597 0.150000 5.702681 0.030000
3.829606 0.030000 3.663119 0.030000 2.819177 0.030000 2.623161 0.030000 3.023083 0.030000 2.763623 0.030000 4.204477 0.030000 4.090540 0.030000 5.865278 0.030000 5.733218 0.030000
3.948265 0.030000 3.734194 0.030000 2.876546 0.030000 2.606258 0.150000 3.031590 0.030000 2.845829 0.030000 4.247159 0.030000 4.048114 0.030000 5.901361 0.030000 5.841288 0.030000
3.940349 0.030000 3.800786 0.030000 2.976966 0.030000 2.627328 0.030000 3.025282 0.150000 2.780190 0.030000 4.308764 0.030000 4.077926 0.030000 5.949083 0.030000 5.769988 0.030000
3.976469 0.030000 3.804452 0.030000 2.872048 0.030000 2.789254 0.150000 3.076913 0.030000 2.855574 0.030000 4.284743 0.030000 4.080101 0.030000 5.880392 0.030000 5.810842 0.030000
3.958992 0.030000 4.012770 0.150000 2.964613 0.030000 2.737709 0.030000 3.126309 0.030000 2.801638 0.030000 4.409656 0.150000 4.111613 0.030000 5.937489 0.030000 5.898845 0.030000
4.027025 0.030000 3.792136 0.030000 2.962097 0.030000 2.730721 0.030000 3.237972 0.150000 2.885168 0.030000 4.348723 0.030000 4.159116 0.030000 5.932357 0.030000 5.841594 0.030000
4.033077 0.030000 3.854203 0.030000 2.935342 0.030000 2.724459 0.030000 3.148638 0.030000 2.857702 0.030000 4.340495 0.030000 4.130333 0.030000 5.937155 0.030000 5.808963 0.030000
4.035049 0.030000 3.840515 0.030000 3.113954 0.030000 2.854423 0.030000 3.144986 0.030000 2.911475 0.030000 4.329693 0.030000 4.150849 0.030000 5.984267 0.030000 5.846374 0.030000
4.099089 0.030000 3.891533 0.030000 3.131490 0.030000 2.794960 0.030000 3.192120 0.030000 2.968001 0.030000 4.400962 0.030000 4.207938 0.030000 6.020761 0.030000 5.820168 0.030000
4.151586 0.030000 3.891870 0.030000 3.108185 0.030000 3.208490 0.150000 3.209825 0.030000 3.049865 0.030000 4.380468 0.030000 4.291218 0.030000 5.968147 0.030000 5.900560 0.030000
4.159510 0.030000 3.931618 0.030000 3.126061 0.030000 2.905594 0.030000 3.198004 0.030000 3.019163 0.030000 4.394891 0.030000 4.671580 0.150000 6.043936 0.030000 6.756773 0.150000
4.112269 0.030000 3.921385 0.030000 3.163500 0.030000 2.900229 0.030000 3.182031 0.150000 3.046046 0.030000 4.466570 0.030000 4.251657 0.030000 6.021950 0.030000 5.892764 0.030000
4.161962 0.030000 4.001021 0.030000 3.210564 0.030000 2.932858 0.030000 3.317403 0.030000 3.062896 0.030000 4.238057 0.150000 4.497424 0.150000 6.050914 0.030000 5.917364 0.030000
4.142691 0.030000 4.048464 0.030000 3.214275 0.030000 2.990428 0.030000 3.526408 0.150000 3.135747 0.030000 5.051791 0.150000 4.331897 0.030000 6.031829 0.030000 5.938731 0.030000
4.173673 0.030000 4.040070 0.030000 3.207878 0.030000 2.919192 0.030000 3.367448 0.030000 3.107825 0.030000 4.503967 0.030000 4.303737 0.030000 6.080310 0.030000 5.962370 0.030000
4.449472 0.150000 4.032239 0.030000 3.467018 0.150000 3.072242 0.030000 3.373106 0.030000 3.167259 0.030000 4.521921 0.030000 4.405644 0.030000 6.846387 0.150000 6.002002 0.030000
4.275157 0.030000 4.038808 0.030000 3.291926 0.030000 3.086172 0.030000 3.394896 0.030000 3.182488 0.030000 4.470645 0.030000 4.372659 0.030000 6.133587 0.030000 5.957433 0.030000
4.268859 0.030000 4.124539 0.030000 3.296891 0.030000 3.106495 0.030000 3.485479 0.030000 3.217538 0.030000 4.473625 0.030000 4.390173 0.030000 6.106210 0.030000 6.595569 0.150000
4.308524 0.030000 4.095770 0.030000 3.428615 0.030000 3.352223 0.150000 3.516528 0.030000 3.223068 0.030000 4.546537 0.030000 4.378091 0.030000 6.106645 0.030000 6.412577 0.150000
4.345372 0.030000 4.164386 0.030000 3.408058 0.030000 3.529761 0.150000 3.805246 0.150000 3.322231 0.030000 4.613714 0.030000 4.408089 0.030000 6.194751 0.030000 6.042278 0.030000
4.300865 0.030000 4.170838 0.030000 3.947285 0.150000 3.200022 0.030000 3.492210 0.030000 3.296655 0.030000 4.621476 0.030000 4.492676 0.030000 6.123603 0.030000 6.040169 0.030000
4.366690 0.030000 4.232885 0.030000 3.480471 0.030000 3.200468 0.030000 3.539558 0.030000 3.295188 0.030000 4.908268 0.150000 4.454357 0.030000 6.128953 0.030000 6.025597 0.030000
4.414983 0.030000 4.207998 0.030000 3.890261 0.150000 3.246908 0.030000 3.581291 0.030000 3.425100 0.030000 4.715976 0.030000 4.523728 0.150000 6.168355 0.030000 6.164277 0.030000
4.462859 0.030000 4.210649 0.030000 3.483511 0.030000 3.310942 0.030000 3.651045 0.030000 3.384717 0.030000 4.683214 0.030000 4.507360 0.030000 6.191024 0.030000 6.106255 0.030000
4.457397 0.030000 4.273569 0.030000 3.574709 0.030000 3.304724 0.030000 3.627725 0.030000 3.422459 0.030000 4.683720 0.030000 4.486014 0.030000 6.253580 0.030000 6.120883 0.030000
4.494687 0.030000 4.260116 0.030000 3.579046 0.030000 3.393088 0.030000 3.729670 0.030000 3.879099 0.150000 4.713537 0.030000 4.517747 0.030000 6.265410 0.030000 6.062887 0.030000
4.478003 0.030000 4.313920 0.030000 3.640916 0.030000 3.383369 0.030000 3.697876 0.030000 3.447478 0.030000 4.731561 0.030000 4.556967 0.030000 6.269023 0.030000 6.136939 0.030000
4.489998 0.030000 4.303468 0.030000 3.618180 0.030000 3.388390 0.030000 3.762627 0.030000 3.482703 0.030000 4.779718 0.030000 4.576109 0.030000 6.356869 0.030000 6.179718 0.030000
4.541862 0.030000 4.291615 0.030000 3.648154 0.030000 3.415222 0.030000 3.734304 0.030000 3.517168 0.030000 4.861951 0.150000 4.594531 0.030000 6.304528 0.030000 6.143052 0.030000
4.575007 0.030000 4.383624 0.030000 3.728508 0.030000 3.478296 0.030000 3.895877 0.150000 3.515822 0.030000 4.797922 0.030000 4.605162 0.030000 6.328751 0.030000 6.187072 0.030000
4.637052 0.030000 4.785354 0.150000 3.702685 0.030000 3.456182 0.030000 3.773537 0.030000 3.740625 0.150000 4.797466 0.030000 5.163003 0.150000 6.800041 0.150000 6.195918 0.030000
4.988849 0.150000 4.423196 0.030000 3.881327 0.150000 3.511635 0.030000 3.794111 0.030000 3.661535 0.030000 4.882043 0.030000 4.886235 0.150000 6.380733 0.030000 6.255169 0.030000
4.666161 0.030000 4.386319 0.030000 3.830193 0.030000 3.513727 0.030000 3.873648 0.030000 3.653201 0.030000 4.941561 0.030000 4.665248 0.030000 6.385656 0.030000 6.297923 0.150000
4.688774 0.150000 4.455331 0.030000 3.762092 0.030000 3.564307 0.030000 3.950563 0.030000 3.681107 0.030000 4.955649 0.030000 4.769115 0.030000 6.405618 0.030000 6.239497 0.030000
4.723101 0.030000 4.476767 0.030000 3.826025 0.030000 3.541392 0.030000 3.945198 0.030000 3.700796 0.030000 4.930302 0.030000 4.758122 0.030000 6.390978 0.030000 6.246077 0.030000
4.656878 0.030000 4.464474 0.030000 4.569022 0.150000 3.629766 0.030000 3.960023 0.030000 3.695073 0.030000 4.955376 0.150000 4.746538 0.030000 6.345168 0.150000 6.322710 0.030000
4.778266 0.030000 4.457787 0.030000 3.844397 0.030000 3.666704 0.030000 3.942454 0.030000 3.751490 0.030000 4.995550 0.030000 5.030847 0.150000 6.528092 0.030000 6.284186 0.030000
4.699621 0.150000 4.497081 0.030000 3.958750 0.030000 3.687696 0.030000 4.344518 0.150000 3.814022 0.030000 5.061299 0.150000 4.823539 0.030000 6.462486 0.030000 6.330970 0.030000
4.792291 0.030000 4.588866 0.030000 3.928663 0.030000 3.729542 0.030000 4.006793 0.030000 3.784732 0.030000 4.970003 0.030000 4.895018 0.030000 6.458323 0.030000 6.332195 0.030000
4.812227 0.030000 5.360646 0.150000 4.045020 0.030000 3.765167 0.030000 4.055824 0.030000 3.805241 0.030000 5.427941 0.150000 4.815664 0.030000 6.496421 0.030000 6.390811 0.030000
5.169424 0.150000 4.556534 0.030000 4.024897 0.030000 3.798377 0.030000 4.128499 0.030000 3.884940 0.030000 5.070407 0.150000 5.235738 0.150000 7.210287 0.150000 6.351965 0.030000
4.891383 0.030000 4.653163 0.030000 4.046762 0.030000 3.791572 0.030000 4.202112 0.030000 3.899754 0.030000 5.058664 0.030000 4.893228 0.030000 6.527819 0.030000 6.384444 0.030000
4.852488 0.030000 4.682891 0.030000 4.103663 0.030000 3.865307 0.030000 4.128200 0.030000 3.928871 0.030000 5.011868 0.150000 4.895674 0.030000 6.568770 0.030000 6.409975 0.030000
6.568169 0.150000 4.673813 0.030000 4.104175 0.030000 3.801641 0.030000 4.148236 0.030000 3.972476 0.030000 5.109282 0.030000 4.929343 0.030000 6.593711 0.030000 6.442919 0.030000
4.916101 0.030000 5.647418 0.150000 4.136152 0.030000 3.859431 0.030000 4.226469 0.030000 3.995670 0.030000 5.187780 0.030000 4.928891 0.030000 6.672700 0.150000 6.470941 0.030000
4.973698 0.030000 4.659007 0.030000 4.133689 0.030000 3.912106 0.030000 4.254515 0.030000 3.990999 0.030000 5.192660 0.030000 4.931142 0.030000 6.559616 0.030000 7.061100 0.150000
5.398124 0.150000 4.710509 0.030000 4.214457 0.030000 3.931888 0.030000 4.275256 0.030000 4.066682 0.030000 5.232838 0.030000 5.680151 0.150000 6.616721 0.030000 6.422682 0.030000
5.009064 0.030000 4.838053 0.030000 4.184017 0.030000 3.972554 0.030000 4.309010 0.030000 4.192410 0.150000 5.254647 0.030000 5.059280 0.030000 6.629994 0.030000 6.470740 0.030000
5.006148 0.030000 4.817846 0.030000 4.265494 0.030000 4.015521 0.030000 4.382031 0.150000 4.111829 0.030000 5.277328 0.030000 5.067255 0.030000 6.664603 0.030000 6.536741 0.030000
5.065281 0.030000 4.821970 0.030000 4.261107 0.030000 3.800305 0.150000 4.396337 0.030000 4.150679 0.030000 5.273935 0.030000 5.094585 0.030000 6.705810 0.030000 6.535045 0.030000
5.092349 0.030000 4.856863 0.030000 4.251629 0.030000 4.077046 0.030000 4.371503 0.030000 4.183739 0.030000 5.307836 0.030000 5.066996 0.030000 6.716634 0.030000 6.598376 0.030000
5.104828 0.030000 4.881825 0.030000 4.275796 0.030000 4.061367 0.030000 4.372760 0.030000 4.189586 0.030000 5.345621 0.030000 5.141669 0.030000 6.706205 0.030000 6.534061 0.030000
5.115309 0.030000 4.930341 0.030000 4.427223 0.030000 4.111111 0.030000 4.384275 0.030000 4.207764 0.030000 5.330417 0.030000 5.142262 0.030000 6.705633 0.030000 6.544949 0.030000
5.153649 0.030000 5.359030 0.150000 4.386016 0.030000 4.134664 0.030000 4.488702 0.030000 4.272241 0.030000 5.365949 0.030000 5.164234 0.030000 6.741867 0.030000 6.594034 0.030000
5.108980 0.030000 4.994725 0.030000 4.361959 0.030000 4.157141 0.030000 4.461979 0.030000 4.704503 0.150000 5.340263 0.030000 5.208626 0.030000 6.713759 0.030000 6.597131 0.030000
5.205515 0.030000 4.944416 0.030000 4.461796 0.030000 4.205574 0.030000 4.502969 0.030000 4.324091 0.030000 5.414312 0.030000 5.223000 0.030000 6.785974 0.030000 6.609086 0.030000
5.241893 0.030000 5.317429 0.150000 4.520958 0.030000 4.194763 0.030000 4.569600 0.030000 4.312692 0.030000 5.487200 0.030000 5.218179 0.030000 6.817879 0.030000 6.650569 0.030000
5.243781 0.030000 5.052826 0.030000 4.534344 0.030000 4.297200 0.030000 4.590714 0.030000 4.350029 0.030000 5.418844 0.030000 5.258790 0.030000 6.835337 0.030000 6.637542 0.030000
5.284243 0.030000 5.098976 0.030000 4.577954 0.030000 4.326856 0.030000 4.649161 0.030000 4.387064 0.030000 5.493620 0.030000 5.790590 0.150000 6.839632 0.030000 6.672235 0.030000
5.277354 0.030000 5.081368 0.030000 4.598563 0.030000 4.306458 0.030000 4.617742 0.030000 4.432141 0.030000 5.488961 0.030000 5.482588 0.150000 6.891725 0.030000 7.970878 0.150000
5.363495 0.030000 5.099391 0.030000 4.632946 0.030000 4.327452 0.030000 4.646195 0.030000 4.435722 0.030000 5.588924 0.030000 5.329305 0.030000 6.880585 0.030000 6.732835 0.030000
5.256092 0.030000 5.128773 0.030000 4.685913 0.030000 4.363446 0.030000 4.639196 0.030000 4.454632 0.030000 5.557762 0.030000 5.343636 0.030000 6.912772 0.030000 6.750042 0.030000
5.354787 0.030000 5.155936 0.030000 4.624390 0.030000 4.416202 0.030000 6.185560 0.150000 4.550353 0.030000 5.605158 0.030000 5.330015 0.030000 7.079627 0.150000 6.738186 0.030000
5.379642 0.030000 5.212083 0.030000 4.668444 0.030000 4.476586 0.030000 4.786305 0.030000 4.522066 0.030000 5.596185 0.030000 5.386353 0.030000 6.910470 0.030000 6.765463 0.030000
5.413507 0.030000 5.262572 0.030000 4.669871 0.030000 4.434201 0.030000 4.757048 0.030000 4.598083 0.030000 5.614623 0.030000 5.385461 0.030000 6.992121 0.030000 6.783130 0.030000
5.508129 0.150000 5.215069 0.030000 4.709604 0.030000 4.466686 0.030000 4.822081 0.030000 4.575367 0.030000 5.653135 0.030000 5.466503 0.030000 6.914647 0.030000 6.771602 0.030000
5.478629 0.030000 5.835941 0.150000 4.687744 0.030000 4.483914 0.030000 4.850745 0.030000 4.583791 0.030000 5.637497 0.030000 5.427253 0.030000 6.956802 0.030000 6.851172 0.030000
5.467311 0.030000 5.321271 0.030000 4.789107 0.030000 4.556263 0.030000 4.838558 0.030000 4.611912 0.030000 5.713242 0.030000 5.876749 0.150000 7.207508 0.150000 7.103933 0.150000
5.570893 0.030000 5.252681 0.030000 4.768588 0.030000 4.567066 0.030000 4.846078 0.030000 4.660944 0.030000 5.683519 0.030000 5.472310 0.030000 8.081066 0.150000 6.872213 0.030000
5.481289 0.030000 5.340684 0.030000 4.830100 0.030000 4.584634 0.030000 4.841995 0.030000 4.651889 0.150000 5.735303 0.030000 5.516250 0.030000 7.027054 0.030000 7.856522 0.150000
5.505451 0.030000 5.325974 0.030000 4.841426 0.030000 4.522982 0.030000 4.962590 0.030000 4.663185 0.030000 6.313710 0.150000 5.543693 0.030000 7.022638 0.030000 6.880196 0.030000
5.558315 0.030000 5.316374 0.030000 4.857707 0.030000 4.624639 0.030000 4.905263 0.030000 4.688542 0.030000 5.734015 0.030000 5.568395 0.030000 7.063815 0.030000 6.861785 0.150000
5.617043 0.030000 5.319953 0.030000 4.899356 0.030000 4.631699 0.030000 4.973632 0.030000 4.719992 0.030000 5.787387 0.030000 5.558353 0.030000 7.087050 0.030000 7.201465 0.150000
5.632247 0.030000 5.396734 0.030000 4.920126 0.030000 4.687782 0.030000 4.988902 0.030000 4.732597 0.030000 5.742681 0.150000 5.568343 0.030000 7.074009 0.030000 6.831641 0.030000
6.105932 0.150000 5.391853 0.030000 4.941835 0.030000 4.705152 0.030000 4.966605 0.030000 4.718367 0.030000 5.867513 0.030000 5.615954 0.030000 7.073971 0.030000 6.916646 0.030000
5.598644 0.030000 5.798894 0.150000 4.926578 0.030000 4.660488 0.030000 5.005882 0.030000 4.732599 0.030000 6.317086 0.150000 5.617642 0.030000 7.125355 0.030000 6.947764 0.030000
5.713836 0.150000 5.395625 0.030000 4.906703 0.030000 4.679050 0.030000 5.017483 0.030000 4.784062 0.030000 5.818894 0.030000 5.613197 0.030000 7.091927 0.030000 6.973126 0.030000
5.686631 0.030000 5.407510 0.030000 5.011649 0.030000 4.758781 0.030000 5.064642 0.030000 4.832057 0.030000 5.927541 0.150000 5.896242 0.150000 7.148501 0.030000 6.974090 0.030000
5.672121 0.030000 5.471829 0.030000 4.997498 0.030000 4.751520 0.030000 5.077275 0.030000 4.776118 0.030000 5.848706 0.030000 5.661537 0.030000 7.150884 0.030000 6.901038 0.150000
5.684720 0.150000 5.440878 0.030000 5.051986 0.030000 4.742407 0.030000 5.150872 0.030000 4.796372 0.030000 5.874633 0.030000 5.665268 0.030000 7.120992 0.030000 6.985313 0.030000
5.963532 0.150000 5.498370 0.030000 4.960761 0.030000 4.765147 0.030000 5.138447 0.030000 4.821887 0.030000 5.913041 0.030000 5.723144 0.030000 7.127785 0.030000 7.017542 0.030000
5.705199 0.030000 5.575623 0.150000 5.028534 0.030000 4.823140 0.030000 5.169969 0.030000 4.820421 0.030000 6.107002 0.150000 5.685695 0.030000 7.144457 0.030000 6.979846 0.030000
5.704256 0.030000 5.542260 0.030000 5.052849 0.030000 4.829333 0.030000 5.059973 0.030000 4.928748 0.030000 5.905273 0.030000 5.733386 0.030000 7.235750 0.030000 7.001919 0.030000
5.716457 0.030000 5.517313 0.030000 5.070953 0.030000 4.810754 0.030000 5.121512 0.030000 4.915154 0.030000 5.944135 0.030000 5.713718 0.030000 7.220103 0.030000 7.030416 0.030000
5.701965 0.030000 5.551794 0.030000 5.095954 0.030000 4.790671 0.030000 5.216509 0.150000 4.840265 0.030000 6.108731 0.150000 5.704620 0.030000 7.232118 0.030000 6.987549 0.030000
5.799839 0.030000 5.596464 0.030000 5.380849 0.150000 4.838183 0.030000 5.135548 0.030000 4.858730 0.030000 5.951256 0.030000 5.712476 0.030000 7.214639 0.030000 7.062789 0.030000
5.767087 0.030000 5.715314 0.150000 5.143682 0.030000 4.876217 0.030000 5.137124 0.030000 4.925024 0.030000 5.996019 0.030000 5.754890 0.030000 7.185655 0.030000 7.094567 0.030000
5.839564 0.030000 5.595648 0.030000 5.135905 0.030000 4.859606 0.030000 5.191586 0.030000 5.188386 0.150000 5.999970 0.030000 5.780098 0.030000 7.259841 0.030000 7.037530 0.030000
5.828461 0.030000 5.547819 0.030000 5.122513 0.030000 4.925502 0.030000 5.206041 0.030000 4.952112 0.150000 5.984835 0.030000 6.316114 0.150000 7.241090 0.030000 7.002999 0.030000
5.747321 0.030000 5.580867 0.030000 5.122330 0.030000 4.916154 0.030000 5.181745 0.030000 4.931376 0.030000 5.953426 0.030000 5.801447 0.030000 8.763244 0.150000 7.057388 0.030000
5.848605 0.030000 5.628470 0.030000 5.127203 0.030000 4.936468 0.030000 5.207787 0.030000 5.115887 0.030000 5.974637 0.030000 6.724133 0.150000 7.249521 0.030000 7.133716 0.030000
5.842383 0.030000 5.595331 0.030000 5.448297 0.150000 4.938908 0.030000 5.222215 0.030000 5.002233 0.030000 6.044102 0.030000 5.844111 0.030000 7.281507 0.030000 7.121181 0.030000
5.845963 0.030000 5.600573 0.030000 5.202485 0.030000 4.956347 0.030000 5.222800 0.030000 4.985626 0.030000 5.991307 0.030000 5.797196 0.030000 7.252159 0.030000 7.099900 0.030000
5.882279 0.030000 5.664754 0.030000 5.209954 0.030000 4.914456 0.030000 5.241839 0.030000 5.249389 0.150000 6.433539 0.150000 5.839656 0.030000 7.350611 0.030000 7.101229 0.030000
6.263684 0.150000 5.674383 0.030000 5.229322 0.030000 4.944924 0.030000 5.313599 0.030000 5.060203 0.030000 6.035640 0.030000 5.832498 0.030000 7.502315 0.150000 7.545560 0.150000
5.893451 0.030000 5.628574 0.030000 5.189477 0.030000 4.940454 0.030000 5.209451 0.030000 5.031025 0.150000 6.047622 0.030000 5.865784 0.030000 7.271755 0.030000 7.163712 0.030000
5.901396 0.030000 5.656790 0.030000 5.190225 0.030000 4.978418 0.030000 5.312754 0.030000 5.005481 0.030000 6.032271 0.030000 5.855425 0.030000 7.288989 0.030000 7.117592 0.030000
6.290899 0.150000 5.657841 0.030000 5.209863 0.030000 4.910933 0.030000 5.288326 0.030000 5.079224 0.030000 6.008412 0.030000 5.878415 0.030000 7.257521 0.030000 7.096426 0.150000
5.852401 0.030000 5.676050 0.030000 5.218488 0.030000 5.016902 0.030000 5.342108 0.030000 5.066530 0.030000 6.098454 0.030000 5.857094 0.030000 7.287863 0.030000 7.171759 0.030000
5.854680 0.030000 5.685298 0.030000 5.280037 0.030000 5.032616 0.030000 5.261723 0.030000 5.115995 0.030000 6.040298 0.030000 5.895291 0.150000 7.938271 0.150000 7.196739 0.030000
5.977593 0.030000 5.709703 0.150000 5.271477 0.030000 4.981821 0.030000 5.474014 0.150000 5.097966 0.030000 6.096400 0.150000 5.867026 0.030000 7.280980 0.030000 7.153233 0.030000
5.873532 0.030000 5.727577 0.030000 5.276013 0.030000 5.264366 0.150000 5.292554 0.030000 5.100329 0.030000 6.770669 0.150000 5.892420 0.030000 7.302391 0.030000 7.159494 0.030000
5.876604 0.030000 5.696102 0.030000 5.222708 0.030000 5.005203 0.030000 5.318687 0.030000 5.151095 0.030000 6.012397 0.030000 5.850252 0.030000 7.309069 0.030000 7.179760 0.030000
5.879600 0.030000 5.658056 0.030000 5.273206 0.030000 4.992645 0.030000 5.261669 0.030000 5.098880 0.030000 6.078978 0.030000 5.897414 0.030000 7.316560 0.030000 7.205536 0.030000
5.987241 0.030000 5.695610 0.030000 5.229717 0.030000 5.125099 0.150000 5.401970 0.030000 5.210516 0.150000 6.125535 0.030000 5.939681 0.030000 7.347665 0.030000 7.174193 0.030000
5.983384 0.030000 5.726660 0.030000 5.273206 0.030000 5.068460 0.030000 5.320803 0.030000 5.145846 0.030000 6.089085 0.030000 6.712360 0.150000 7.309672 0.030000 7.214889 0.030000
5.976287 0.030000 5.740898 0.030000 5.298479 0.030000 5.064020 0.030000 5.294954 0.030000 5.107834 0.030000 6.119943 0.030000 5.955081 0.030000 7.256548 0.030000 7.223705 0.030000
6.000171 0.030000 5.753197 0.030000 5.338673 0.030000 5.094124 0.030000 5.376367 0.030000 5.223803 0.030000 6.066288 0.030000 5.990030 0.030000 7.264015 0.030000 7.253866 0.030000
6.050283 0.030000 6.082316 0.150000 5.316291 0.030000 5.058284 0.030000 5.321423 0.030000 5.237186 0.030000 6.119924 0.030000 6.018426 0.030000 7.296904 0.030000 7.200083 0.030000
6.001415 0.030000 6.512777 0.150000 5.378051 0.030000 5.113822 0.030000 5.385389 0.030000 5.210886 0.030000 6.063244 0.030000 6.034339 0.030000 7.278021 0.030000 7.268715 0.030000
6.034653 0.030000 5.806008 0.030000 5.393474 0.030000 5.598197 0.150000 5.359320 0.030000 5.189687 0.030000 6.037932 0.030000 6.006623 0.030000 7.229974 0.030000 7.283572 0.030000
6.122387 0.030000 5.865242 0.030000 5.418575 0.030000 5.202569 0.030000 5.409803 0.030000 5.284633 0.030000 6.522690 0.150000 6.046900 0.030000 7.287608 0.030000 7.283425 0.030000
6.090016 0.030000 5.896513 0.030000 5.405517 0.030000 5.199829 0.030000 5.380728 0.030000 5.226614 0.030000 6.093968 0.030000 6.045467 0.030000 7.303968 0.030000 7.306480 0.030000
6.061382 0.030000 5.872138 0.030000 5.421178 0.030000 5.220387 0.030000 5.408995 0.030000 5.271951 0.030000 6.077279 0.030000 6.055140 0.030000 7.386550 0.150000 7.331731 0.030000
6.193923 0.150000 5.950961 0.030000 5.625881 0.150000 5.265897 0.030000 5.388089 0.030000 5.356699 0.030000 6.014557 0.030000 6.066344 0.030000 7.197715 0.030000 7.244141 0.030000
6.132269 0.030000 5.982435 0.030000 5.460644 0.030000 5.260438 0.030000 5.377145 0.030000 5.297817 0.030000 6.068689 0.030000 6.298070 0.150000 7.218107 0.030000 7.334090 0.030000
6.187853 0.030000 5.959361 0.030000 5.435256 0.030000 5.614420 0.150000 5.397238 0.030000 5.326237 0.030000 5.999801 0.030000 6.102057 0.030000 7.190885 0.030000 7.305024 0.030000
6.220012 0.030000 6.284539 0.150000 5.453669 0.030000 5.359620 0.030000 5.413808 0.030000 5.321268 0.030000 5.994174 0.030000 6.072020 0.030000 7.243234 0.030000 7.299461 0.030000
6.227228 0.030000 6.008166 0.030000 6.142594 0.150000 5.440317 0.150000 5.353362 0.030000 5.334356 0.030000 6.048282 0.030000 6.057646 0.030000 7.151889 0.030000 7.271106 0.030000
6.295296 0.030000 6.094574 0.030000 5.498344 0.030000 5.331506 0.030000 5.440013 0.030000 5.336630 0.030000 5.976689 0.030000 6.035767 0.030000 7.168459 0.030000 7.267573 0.030000
6.229569 0.030000 6.074573 0.030000 5.494617 0.030000 5.368631 0.030000 5.414714 0.030000 5.403159 0.030000 6.006288 0.030000 6.072108 0.030000 7.144768 0.030000 7.246477 0.030000
6.266214 0.030000 6.102525 0.030000 5.443314 0.030000 5.417476 0.030000 5.342811 0.030000 5.399105 0.030000 5.954796 0.030000 6.085113 0.030000 7.111224 0.030000 7.266665 0.030000
6.316223 0.030000 6.118508 0.030000 5.462610 0.030000 5.436412 0.030000 5.373824 0.030000 5.383607 0.030000 6.087217 0.150000 6.079511 0.030000 7.079629 0.030000 7.254878 0.030000
6.272380 0.030000 6.130463 0.030000 5.513844 0.030000 5.402691 0.030000 5.380281 0.030000 5.446022 0.150000 5.946429 0.030000 6.127616 0.030000 7.082555 0.030000 7.190691 0.030000
6.299754 0.030000 6.123109 0.150000 5.520591 0.030000 5.437519 0.030000 5.348386 0.030000 5.419254 0.030000 5.911293 0.030000 6.033179 0.030000 7.084950 0.030000 7.219759 0.030000
6.253830 0.030000 6.174838 0.030000 5.498701 0.030000 5.494503 0.030000 5.363397 0.030000 5.395215 0.030000 5.932506 0.030000 6.871204 0.150000 7.044241 0.030000 7.169899 0.030000
6.337369 0.030000 6.198336 0.030000 5.550216 0.030000 5.498669 0.030000 5.385702 0.030000 5.413677 0.030000 5.953054 0.030000 5.994610 0.030000 7.010064 0.030000 7.200541 0.150000
6.407402 0.030000 6.256631 0.030000 5.485646 0.030000 5.456524 0.030000 5.314848 0.030000 5.373768 0.030000 5.876207 0.030000 6.034504 0.030000 6.987757 0.030000 7.138636 0.030000
6.075366 0.150000 6.220447 0.030000 5.594523 0.030000 5.447108 0.030000 5.365851 0.030000 5.324047 0.030000 5.892535 0.030000 5.960871 0.030000 6.993890 0.030000 7.141738 0.030000
6.383686 0.030000 6.251539 0.030000 5.545787 0.030000 5.362088 0.150000 5.395750 0.030000 5.342665 0.030000 5.901038 0.030000 5.992805 0.030000 6.949488 0.030000 7.151915 0.030000
6.360872 0.030000 6.240483 0.030000 5.502240 0.030000 5.507566 0.030000 5.351134 0.030000 5.420891 0.030000 5.825421 0.030000 5.994540 0.030000 6.930050 0.030000 7.097541 0.030000
6.453363 0.030000 6.284926 0.030000 5.548134 0.030000 5.447583 0.030000 5.340465 0.030000 5.678990 0.150000 5.926251 0.030000 5.951029 0.030000 6.927541 0.030000 7.258215 0.150000
6.420349 0.030000 6.257755 0.030000 5.555712 0.030000 5.562328 0.030000 5.325713 0.030000 5.365556 0.030000 5.891399 0.030000 6.020341 0.030000 6.855722 0.030000 7.057413 0.030000
6.762382 0.150000 6.316732 0.030000 5.573788 0.030000 5.480656 0.030000 5.299483 0.030000 5.644788 0.150000 5.809395 0.030000 6.080658 0.150000 6.920654 0.030000 7.041468 0.030000
6.444301 0.030000 6.353440 0.030000 5.603623 0.030000 5.469926 0.030000 5.381023 0.030000 5.360632 0.030000 5.786407 0.030000 5.926213 0.030000 6.864898 0.030000 7.047226 0.030000
6.512976 0.030000 6.341510 0.030000 5.625282 0.030000 5.494003 0.030000 5.336442 0.030000 5.395421 0.030000 5.817359 0.030000 5.914399 0.030000 6.862362 0.030000 6.998709 0.030000
6.509694 0.030000 6.420348 0.030000 5.615388 0.030000 5.537995 0.030000 5.319100 0.030000 6.090116 0.150000 5.871663 0.030000 5.880463 0.030000 6.859109 0.030000 7.030831 0.030000
6.528214 0.030000 6.410297 0.030000 5.808037 0.150000 5.570899 0.030000 5.358755 0.030000 5.309104 0.030000 5.778003 0.030000 5.921132 0.030000 7.238168 0.150000 6.967761 0.030000
6.578471 0.030000 6.371108 0.030000 5.659257 0.030000 6.156229 0.150000 5.352279 0.030000 5.361008 0.030000 5.804290 0.030000 5.890512 0.030000 6.791679 0.030000 6.993790 0.030000
6.613444 0.030000 6.448285 0.030000 5.633618 0.030000 5.539358 0.030000 5.298477 0.030000 5.395905 0.030000 5.803982 0.030000 5.880687 0.030000 6.791348 0.030000 6.909381 0.030000
6.555214 0.030000 6.478672 0.030000 5.617507 0.030000 5.609221 0.030000 5.312732 0.030000 5.385231 0.030000 5.742456 0.030000 5.872825 0.030000 6.717632 0.030000 6.937816 0.030000
6.593852 0.030000 6.464880 0.030000 5.669781 0.030000 5.598328 0.030000 5.350888 0.030000 5.325810 0.030000 5.726579 0.030000 5.800533 0.030000 6.738573 0.030000 6.888817 0.030000
6.620405 0.030000 6.423040 0.030000 6.877125 0.150000 5.630399 0.030000 5.344535 0.030000 5.317406 0.030000 5.775294 0.030000 5.862926 0.030000 6.752478 0.030000 6.839600 0.030000
6.657547 0.030000 6.516106 0.030000 5.686934 0.030000 5.592679 0.030000 5.292172 0.030000 5.339558 0.030000 5.803708 0.030000 5.741938 0.030000 6.746701 0.030000 6.872995 0.030000
6.650898 0.030000 6.487094 0.030000 5.680731 0.030000 5.634885 0.030000 5.350011 0.030000 5.375434 0.030000 5.675947 0.030000 5.769494 0.030000 6.663703 0.030000 6.885464 0.030000
6.638793 0.030000 6.538498 0.030000 5.699407 0.030000 5.594443 0.030000 5.318462 0.030000 5.638657 0.150000 5.695984 0.030000 5.766949 0.030000 6.718363 0.030000 6.842444 0.030000
6.685502 0.030000 6.473038 0.030000 5.714703 0.030000 5.609310 0.030000 5.334492 0.030000 5.387163 0.030000 5.704777 0.030000 5.811909 0.030000 6.592258 0.030000 6.777463 0.030000
6.685160 0.030000 6.518299 0.030000 5.692331 0.030000 5.583015 0.030000 5.369352 0.030000 5.339720 0.030000 6.194017 0.150000 5.761686 0.030000 6.640661 0.030000 6.775066 0.030000
6.725775 0.030000 6.594095 0.030000 5.696159 0.030000 5.601089 0.030000 5.304609 0.030000 5.351642 0.030000 5.666459 0.030000 5.825462 0.150000 6.610497 0.030000 6.739658 0.030000
6.687509 0.030000 6.585373 0.030000 5.735326 0.030000 5.676630 0.030000 5.806653 0.150000 5.352532 0.030000 6.576392 0.150000 5.768298 0.030000 6.599382 0.030000 6.755503 0.030000
6.773333 0.030000 6.600220 0.150000 5.773726 0.030000 5.660491 0.030000 5.355225 0.030000 5.293832 0.030000 5.694347 0.030000 5.757495 0.030000 7.102263 0.150000 6.755010 0.030000
6.716938 0.030000 6.637593 0.150000 5.810504 0.030000 5.658319 0.030000 5.319475 0.030000 5.343712 0.030000 5.673731 0.030000 5.723821 0.030000 6.643418 0.030000 6.800617 0.030000
6.821465 0.030000 6.596371 0.030000 5.768592 0.030000 5.638239 0.030000 5.375117 0.030000 5.396892 0.030000 5.623332 0.030000 5.762364 0.030000 6.571771 0.030000 6.707728 0.030000
6.772745 0.030000 6.608284 0.030000 5.766058 0.030000 5.666545 0.030000 5.380504 0.030000 5.354515 0.030000 5.914188 0.150000 5.725484 0.030000 6.561249 0.030000 6.700624 0.030000
6.813833 0.030000 6.406790 0.150000 6.139599 0.150000 5.734108 0.150000 5.315735 0.030000 5.362738 0.030000 5.668171 0.030000 5.745646 0.030000 6.582540 0.030000 6.708295 0.030000
6.783885 0.030000 6.644710 0.030000 5.823230 0.030000 5.688834 0.030000 5.330881 0.030000 5.427598 0.030000 5.635956 0.030000 5.726747 0.030000 6.602738 0.150000 6.869455 0.150000
6.839832 0.030000 6.656482 0.030000 5.817265 0.030000 5.694710 0.030000 5.806182 0.150000 6.103299 0.150000 5.643113 0.030000 5.709650 0.030000 6.551584 0.030000 6.678997 0.030000
6.805530 0.030000 6.715278 0.030000 5.822892 0.030000 5.715343 0.030000 5.391334 0.030000 5.284876 0.030000 5.667809 0.030000 5.688299 0.030000 6.541487 0.030000 6.703378 0.030000
6.875413 0.030000 6.649190 0.030000 6.577710 0.150000 5.719241 0.030000 5.661697 0.150000 5.367748 0.030000 5.605436 0.030000 5.698684 0.030000 6.525207 0.030000 6.668800 0.030000
6.870288 0.030000 6.691873 0.030000 5.809378 0.030000 5.690174 0.030000 5.354714 0.030000 5.367026 0.030000 5.596151 0.030000 5.715876 0.030000 6.520759 0.030000 6.706367 0.030000
6.866820 0.030000 6.713146 0.030000 5.793918 0.030000 5.646411 0.030000 5.402845 0.030000 5.352745 0.030000 5.565912 0.030000 5.689369 0.030000 6.487877 0.030000 6.634695 0.030000
6.830900 0.030000 6.744921 0.030000 5.784378 0.030000 5.731568 0.030000 5.364964 0.030000 5.400784 0.030000 5.632703 0.030000 5.696872 0.030000 6.510702 0.030000 6.619692 0.030000
6.892397 0.030000 6.653569 0.030000 5.860844 0.030000 5.685232 0.030000 5.351124 0.030000 5.325340 0.030000 6.373132 0.150000 5.674464 0.030000 6.496430 0.030000 6.624807 0.030000
6.861689 0.030000 6.757316 0.030000 5.839366 0.030000 5.733354 0.030000 5.416676 0.030000 5.350882 0.150000 5.571328 0.030000 5.656541 0.030000 7.117189 0.150000 6.564443 0.030000
6.860738 0.030000 6.754997 0.030000 5.841618 0.030000 5.754548 0.030000 5.612134 0.150000 5.362318 0.030000 5.611397 0.030000 5.804338 0.150000 6.489733 0.030000 6.585275 0.030000
6.878991 0.030000 6.804440 0.030000 5.887116 0.030000 5.792347 0.030000 5.380846 0.030000 5.310070 0.030000 5.616549 0.030000 5.626412 0.030000 6.468048 0.030000 6.598554 0.030000
6.944822 0.030000 6.761333 0.030000 5.813605 0.030000 5.789218 0.030000 5.347583 0.030000 5.360321 0.030000 6.377097 0.150000 5.665348 0.030000 6.442275 0.030000 6.591161 0.030000
7.053640 0.150000 6.758822 0.030000 5.747962 0.150000 5.765823 0.030000 5.394932 0.030000 5.368501 0.030000 5.606717 0.030000 5.626786 0.030000 6.416712 0.030000 6.557462 0.030000
6.942903 0.030000 6.837109 0.150000 5.834913 0.030000 5.778622 0.030000 5.361191 0.030000 5.362799 0.030000 5.574466 0.030000 5.633170 0.030000 6.391159 0.030000 6.567454 0.030000
6.942080 0.030000 6.786216 0.030000 7.117229 0.150000 5.934140 0.150000 5.369418 0.030000 5.258651 0.030000 5.545176 0.030000 5.634871 0.030000 6.480859 0.030000 6.573458 0.030000
6.923788 0.030000 6.815028 0.030000 5.852922 0.030000 5.743992 0.030000 5.359422 0.030000 5.289762 0.030000 5.631951 0.150000 5.638673 0.030000 6.439203 0.030000 6.535991 0.030000
6.977261 0.030000 6.783213 0.030000 5.883677 0.030000 5.805898 0.030000 5.364828 0.030000 5.357634 0.030000 5.572782 0.030000 5.662670 0.030000 6.383484 0.030000 6.522639 0.030000
6.984467 0.030000 6.824408 0.030000 5.978310 0.030000 5.771196 0.030000 5.389166 0.030000 5.366595 0.030000 5.567484 0.030000 5.638322 0.030000 6.389609 0.030000 6.536336 0.030000
7.024606 0.030000 6.802815 0.030000 5.901357 0.030000 6.769703 0.150000 5.424719 0.030000 5.097627 0.150000 5.581791 0.030000 5.638365 0.030000 6.905411 0.150000 6.543476 0.030000
6.976018 0.030000 6.816108 0.030000 5.892584 0.030000 5.830296 0.030000 5.375940 0.030000 5.385696 0.030000 5.579126 0.030000 6.067332 0.150000 6.355138 0.030000 6.503377 0.030000
6.991867 0.030000 6.886303 0.030000 5.919805 0.030000 5.820783 0.030000 5.437441 0.030000 5.331769 0.030000 5.560017 0.030000 5.621343 0.030000 6.664465 0.150000 6.549337 0.030000
6.983679 0.030000 6.861614 0.030000 5.930625 0.150000 5.823214 0.030000 5.393633 0.030000 5.355260 0.030000 5.546427 0.030000 5.611585 0.030000 6.390677 0.030000 6.516483 0.030000
7.001773 0.030000 6.826913 0.030000 5.921415 0.030000 5.829870 0.030000 5.357266 0.030000 5.330193 0.030000 5.552897 0.030000 5.611671 0.030000 6.962352 0.150000 6.525547 0.030000
7.030082 0.030000 6.922491 0.150000 5.923162 0.030000 5.803229 0.030000 5.382441 0.030000 5.343063 0.030000 5.599026 0.030000 5.592081 0.030000 6.363364 0.030000 6.500603 0.030000
6.989419 0.030000 6.808366 0.030000 5.950582 0.030000 5.851413 0.030000 5.368742 0.030000 5.315380 0.030000 5.550221 0.030000 5.578328 0.030000 6.341464 0.030000 6.509677 0.030000
7.019130 0.030000 6.845176 0.030000 5.925895 0.030000 5.824053 0.030000 5.411382 0.030000 5.420403 0.030000 5.550622 0.030000 5.550803 0.030000 6.381665 0.030000 6.514730 0.030000
6.949600 0.030000 6.852745 0.030000 5.797000 0.150000 5.862553 0.030000 5.432937 0.030000 5.351327 0.030000 5.518852 0.030000 5.637621 0.030000 6.360368 0.030000 6.496371 0.030000
7.006923 0.030000 7.240368 0.150000 5.915638 0.030000 5.864783 0.030000 5.376998 0.030000 5.386339 0.030000 5.576038 0.030000 5.657786 0.030000 6.314941 0.030000 6.486388 0.030000
7.008542 0.030000 6.865213 0.030000 5.928525 0.030000 5.878275 0.030000 5.366249 0.030000 5.358103 0.030000 5.520181 0.030000 5.645955 0.030000 6.139369 0.150000 6.500436 0.030000
7.041667 0.030000 6.906304 0.030000 6.347849 0.150000 5.856813 0.030000 6.564897 0.150000 5.374491 0.030000 5.522844 0.030000 5.620024 0.030000 6.400562 0.030000 6.778201 0.150000
7.031062 0.030000 6.886935 0.030000 5.945119 0.030000 5.857998 0.030000 5.381416 0.030000 5.945840 0.150000 5.530489 0.030000 5.601385 0.150000 6.345113 0.030000 6.517319 0.030000
7.031164 0.030000 6.944610 0.030000 5.899937 0.030000 5.885214 0.030000 5.314579 0.030000 5.392267 0.030000 5.498502 0.030000 5.619707 0.030000 6.319876 0.030000 6.516548 0.030000
7.009986 0.030000 6.900505 0.030000 5.927019 0.030000 6.651925 0.150000 5.336925 0.030000 5.395695 0.030000 5.537630 0.030000 5.631822 0.030000 6.320850 0.030000 6.516542 0.030000
6.954084 0.030000 6.934799 0.030000 5.883837 0.030000 5.839074 0.030000 5.299488 0.030000 5.405798 0.030000 5.460422 0.030000 5.660083 0.030000 6.322953 0.030000 6.571730 0.030000
7.033367 0.030000 6.953873 0.030000 5.860049 0.030000 5.912273 0.030000 5.367173 0.030000 5.369791 0.030000 5.941526 0.150000 5.650704 0.030000 6.288745 0.030000 6.456386 0.030000
6.992701 0.030000 6.941634 0.030000 5.883110 0.030000 5.911323 0.030000 5.313631 0.030000 5.435264 0.030000 5.440338 0.030000 5.623895 0.030000 6.251178 0.030000 6.781170 0.150000
6.995403 0.030000 6.951233 0.030000 5.884270 0.030000 6.193901 0.150000 5.289587 0.030000 5.498606 0.150000 5.385500 0.030000 5.629051 0.030000 6.233877 0.030000 6.468774 0.030000
6.952722 0.030000 6.974382 0.030000 5.826708 0.030000 5.919563 0.030000 5.308985 0.030000 5.426759 0.030000 5.413832 0.030000 5.611437 0.030000 6.250543 0.030000 6.495996 0.030000
7.180584 0.150000 7.577939 0.150000 5.855480 0.030000 5.921993 0.030000 5.204242 0.030000 5.429730 0.030000 5.373773 0.030000 5.577094 0.030000 6.186728 0.030000 6.413011 0.030000
6.972540 0.030000 7.045969 0.030000 5.814660 0.030000 5.912784 0.030000 5.212228 0.030000 5.455743 0.030000 5.351917 0.030000 5.853025 0.150000 6.177923 0.030000 6.375004 0.030000
6.943399 0.030000 7.017811 0.030000 5.796902 0.030000 5.880865 0.030000 5.152215 0.030000 5.412020 0.030000 5.376046 0.030000 5.570485 0.030000 6.860695 0.150000 6.184571 0.150000
7.214539 0.150000 7.044383 0.030000 5.790548 0.030000 5.889802 0.030000 5.136186 0.030000 5.516529 0.150000 5.262233 0.030000 5.510901 0.030000 6.156233 0.030000 6.342523 0.030000
6.901604 0.030000 7.059236 0.030000 6.022794 0.150000 5.889978 0.030000 5.141289 0.030000 5.384034 0.030000 5.274827 0.030000 5.576010 0.030000 6.067089 0.030000 6.342010 0.030000
6.880715 0.030000 6.982915 0.030000 5.983659 0.150000 5.732138 0.150000 5.092434 0.030000 5.318141 0.030000 5.252023 0.030000 5.468538 0.030000 6.070774 0.030000 7.188445 0.150000
6.904394 0.030000 7.033161 0.030000 5.642567 0.030000 5.825029 0.030000 5.066781 0.030000 5.284401 0.030000 6.028138 0.150000 5.449459 0.030000 5.894155 0.150000 6.289941 0.030000
6.855201 0.030000 6.969329 0.030000 5.705097 0.030000 5.871223 0.030000 5.137191 0.150000 5.497396 0.150000 5.160984 0.150000 5.442972 0.030000 6.021317 0.030000 6.222743 0.030000
6.880329 0.030000 7.015035 0.030000 5.679184 0.030000 5.860010 0.030000 5.459070 0.150000 5.290120 0.030000 5.160543 0.030000 5.413456 0.030000 5.969718 0.030000 6.273134 0.030000
6.819115 0.030000 6.939099 0.030000 5.624607 0.030000 5.825663 0.030000 5.046569 0.030000 5.265789 0.030000 5.143585 0.030000 5.395396 0.030000 6.005044 0.150000 6.209973 0.030000
6.793221 0.030000 7.003160 0.030000 5.625510 0.030000 5.863405 0.150000 4.973668 0.030000 5.862920 0.150000 5.146166 0.030000 5.364233 0.030000 5.954437 0.030000 6.196438 0.030000
6.743321 0.030000 6.946316 0.030000 5.557510 0.030000 5.775997 0.030000 4.947306 0.030000 5.183267 0.030000 5.116755 0.030000 5.340033 0.030000 5.940612 0.030000 6.058654 0.150000
6.889169 0.150000 6.891727 0.030000 5.623854 0.030000 5.739114 0.030000 5.502286 0.150000 5.151664 0.030000 5.070908 0.030000 5.309292 0.030000 5.960532 0.030000 6.091371 0.030000
6.928817 0.150000 6.924600 0.030000 5.550364 0.030000 5.779201 0.030000 4.906128 0.030000 5.133562 0.030000 5.025124 0.030000 5.295421 0.030000 5.896376 0.030000 6.115312 0.030000
6.700114 0.030000 6.836093 0.030000 5.565719 0.030000 5.720542 0.030000 4.845908 0.030000 5.115796 0.030000 4.988772 0.030000 5.482863 0.150000 5.837133 0.030000 6.111224 0.030000
7.035360 0.150000 6.877310 0.030000 5.517395 0.030000 5.647183 0.030000 4.857421 0.030000 5.099104 0.030000 5.037739 0.030000 5.176177 0.030000 6.067172 0.150000 6.051348 0.030000
6.829988 0.150000 6.828808 0.030000 5.448168 0.030000 5.678859 0.030000 4.818535 0.030000 5.088598 0.030000 4.960294 0.030000 5.155289 0.030000 5.800039 0.030000 5.953829 0.030000
6.632653 0.030000 7.060640 0.150000 5.434356 0.030000 5.642750 0.030000 4.763125 0.030000 4.957505 0.030000 4.877103 0.030000 5.159232 0.030000 5.811249 0.150000 5.975516 0.030000
6.628429 0.030000 6.805536 0.030000 5.421026 0.030000 5.558011 0.030000 4.763160 0.030000 4.966325 0.030000 4.756430 0.150000 5.070978 0.030000 5.712244 0.030000 5.938974 0.030000
6.576170 0.030000 6.737392 0.030000 5.375385 0.030000 5.564313 0.030000 4.669944 0.030000 4.971385 0.030000 4.866192 0.030000 5.446351 0.150000 5.722211 0.030000 5.947249 0.030000
6.569846 0.030000 6.753660 0.150000 5.333426 0.030000 5.570860 0.030000 4.653313 0.030000 5.624034 0.150000 4.810760 0.030000 5.005990 0.150000 5.693352 0.030000 5.909676 0.030000
6.568136 0.030000 6.719712 0.030000 5.365681 0.030000 5.540020 0.030000 4.653912 0.030000 4.866873 0.030000 4.801479 0.030000 5.041998 0.030000 5.694232 0.030000 5.904306 0.030000
6.526724 0.030000 6.667968 0.030000 5.264190 0.030000 5.461649 0.030000 4.609384 0.030000 4.840894 0.030000 5.070164 0.150000 4.992320 0.030000 5.638852 0.030000 5.849444 0.030000
6.493504 0.030000 6.720545 0.030000 5.271148 0.030000 5.452895 0.030000 4.583736 0.030000 4.798180 0.030000 4.695685 0.030000 5.000292 0.030000 5.644842 0.030000 5.901932 0.150000
6.471569 0.030000 6.712336 0.030000 5.239420 0.030000 5.475992 0.030000 4.544967 0.030000 4.737743 0.030000 4.718105 0.030000 4.906808 0.030000 5.640810 0.030000 5.823435 0.030000
6.487253 0.030000 6.659942 0.030000 5.264538 0.030000 5.399440 0.030000 4.507695 0.030000 4.782217 0.030000 4.657458 0.030000 4.886972 0.030000 5.568987 0.030000 5.771565 0.030000
6.709505 0.150000 6.614513 0.150000 6.034852 0.150000 5.413739 0.030000 4.488288 0.030000 4.716113 0.030000 4.675773 0.030000 4.916369 0.030000 5.569021 0.030000 5.771982 0.030000
6.399670 0.030000 6.603977 0.030000 5.128252 0.030000 5.637304 0.150000 4.514222 0.030000 4.708951 0.030000 4.614577 0.030000 4.848801 0.030000 5.576869 0.030000 5.722273 0.030000
6.376324 0.030000 6.577443 0.030000 5.158107 0.030000 5.332251 0.030000 4.424375 0.030000 4.743858 0.030000 4.605036 0.030000 4.839590 0.030000 5.534369 0.030000 5.727928 0.030000
6.359485 0.030000 6.519862 0.030000 5.066206 0.030000 5.298886 0.030000 4.300740 0.030000 4.651940 0.030000 4.545225 0.030000 4.837066 0.150000 5.324812 0.150000 5.663097 0.030000
6.354724 0.030000 6.527207 0.030000 5.099359 0.030000 5.309307 0.030000 4.380577 0.030000 4.662723 0.030000 4.539531 0.030000 4.783660 0.030000 5.504195 0.150000 5.641794 0.030000
6.312331 0.030000 6.486555 0.030000 5.062151 0.030000 5.302814 0.030000 4.337266 0.030000 4.604116 0.030000 4.481204 0.030000 4.757451 0.030000 5.447407 0.030000 5.641963 0.030000
6.300960 0.030000 6.516232 0.030000 5.050836 0.030000 5.240599 0.030000 4.329086 0.030000 4.605862 0.030000 4.398634 0.030000 4.715158 0.030000 5.453227 0.030000 5.630461 0.030000
6.288181 0.030000 6.440769 0.030000 5.058140 0.030000 5.202930 0.030000 4.253054 0.030000 4.510399 0.030000 4.486340 0.030000 4.726047 0.030000 5.539192 0.150000 5.613552 0.030000
6.272193 0.030000 6.395191 0.030000 4.932128 0.030000 5.221594 0.030000 4.298060 0.030000 4.487332 0.030000 4.433281 0.030000 4.688425 0.150000 5.368768 0.030000 5.530496 0.030000
6.251962 0.030000 6.406016 0.030000 4.945813 0.030000 4.914116 0.150000 4.207170 0.030000 4.504919 0.030000 4.370843 0.030000 4.637466 0.030000 5.332640 0.030000 5.573075 0.030000
6.241776 0.030000 6.394660 0.030000 4.988445 0.030000 5.163354 0.030000 4.201569 0.030000 4.184563 0.150000 4.332807 0.030000 4.578981 0.030000 5.316525 0.030000 5.496731 0.030000
6.196478 0.030000 6.362723 0.030000 4.918120 0.030000 5.116964 0.030000 4.142146 0.030000 4.486691 0.030000 4.371715 0.030000 4.872025 0.150000 5.267697 0.030000 5.486449 0.030000
6.239936 0.030000 6.385177 0.030000 4.887651 0.030000 5.113539 0.030000 4.157718 0.030000 4.378746 0.030000 4.324754 0.030000 4.591083 0.030000 5.253184 0.030000 5.544661 0.030000
6.189299 0.030000 6.794430 0.150000 4.869543 0.030000 5.075586 0.030000 4.085913 0.030000 4.312399 0.030000 4.330192 0.030000 4.506920 0.030000 5.239998 0.030000 5.492543 0.030000
6.213060 0.030000 6.321401 0.030000 4.863303 0.030000 5.013611 0.030000 4.110191 0.030000 4.311788 0.030000 4.261918 0.030000 4.498183 0.030000 5.254532 0.150000 5.396296 0.030000
6.180067 0.030000 6.339062 0.030000 4.791712 0.030000 5.006589 0.030000 4.131962 0.150000 4.273065 0.030000 4.178023 0.030000 4.492965 0.030000 5.134823 0.030000 5.383220 0.030000
6.146830 0.030000 6.245549 0.030000 4.798363 0.030000 5.008094 0.030000 4.010326 0.030000 4.295415 0.030000 4.174380 0.030000 4.436690 0.030000 5.213432 0.030000 5.390284 0.030000
6.073478 0.030000 6.288297 0.030000 4.798249 0.030000 4.951582 0.030000 3.995807 0.030000 4.194609 0.030000 4.172745 0.030000 4.410335 0.030000 5.176832 0.030000 5.317702 0.030000
6.119594 0.030000 6.245962 0.030000 4.899764 0.150000 4.944516 0.030000 4.001624 0.030000 4.199581 0.030000 4.151091 0.030000 4.325644 0.030000 5.141632 0.030000 5.325280 0.030000
6.050692 0.030000 6.171311 0.030000 4.708387 0.030000 4.928484 0.030000 3.916409 0.030000 4.234468 0.030000 4.064126 0.030000 4.378912 0.030000 5.165850 0.030000 5.326838 0.030000
6.004105 0.030000 6.216443 0.030000 4.674398 0.030000 4.880772 0.030000 3.934126 0.030000 4.149078 0.030000 4.082428 0.030000 4.297531 0.030000 5.093503 0.030000 5.259557 0.030000
5.978920 0.030000 6.147008 0.030000 4.659177 0.030000 4.885840 0.030000 3.846592 0.030000 4.075502 0.030000 4.019195 0.030000 4.256159 0.030000 5.075582 0.030000 5.311975 0.030000
6.021741 0.030000 6.164431 0.030000 4.636618 0.030000 4.860483 0.030000 3.842134 0.030000 4.367569 0.150000 4.077082 0.030000 4.227153 0.030000 5.032448 0.030000 5.237838 0.030000
5.997161 0.030000 6.159812 0.030000 4.559640 0.030000 4.839664 0.030000 3.801520 0.030000 4.077931 0.030000 3.942360 0.030000 4.214360 0.030000 5.033354 0.030000 5.245355 0.030000
5.988185 0.030000 6.154098 0.030000 4.599754 0.030000 4.769426 0.030000 3.995500 0.150000 4.011675 0.030000 3.909092 0.030000 4.224261 0.030000 4.960502 0.030000 5.184061 0.030000
5.982686 0.030000 6.144401 0.030000 4.580875 0.030000 4.831409 0.030000 3.784207 0.030000 4.013587 0.030000 3.942844 0.030000 4.156324 0.030000 4.962622 0.030000 5.191704 0.030000
5.895345 0.030000 6.080311 0.030000 4.493560 0.030000 4.708869 0.030000 3.796115 0.150000 3.961446 0.030000 3.847343 0.030000 4.137734 0.030000 4.980908 0.030000 5.118471 0.030000
5.867871 0.030000 6.015033 0.030000 4.499656 0.030000 4.726325 0.030000 3.730990 0.030000 3.970929 0.030000 3.872126 0.030000 4.135105 0.030000 4.905868 0.030000 5.153724 0.030000
5.935354 0.030000 6.032293 0.030000 4.493082 0.030000 4.664610 0.030000 3.656464 0.030000 3.890484 0.030000 3.823631 0.030000 4.087379 0.030000 5.531696 0.150000 5.105322 0.030000
5.934445 0.030000 6.063809 0.030000 4.470127 0.030000 4.697165 0.030000 3.583550 0.030000 3.904040 0.030000 4.611083 0.150000 4.063685 0.030000 5.455247 0.150000 5.080769 0.030000
5.888925 0.030000 6.066586 0.030000 4.439751 0.030000 5.352180 0.150000 3.600215 0.030000 3.787677 0.030000 3.788639 0.030000 4.007376 0.030000 4.866007 0.030000 5.090439 0.030000
5.844776 0.030000 5.989766 0.030000 4.407054 0.030000 4.574318 0.030000 3.581115 0.030000 3.781203 0.030000 3.793182 0.030000 3.951601 0.030000 4.862662 0.030000 4.957368 0.030000
5.835773 0.030000 6.044751 0.030000 4.392186 0.030000 4.631418 0.030000 3.560292 0.030000 3.799708 0.030000 3.722378 0.030000 4.008215 0.030000 4.829614 0.030000 5.045642 0.030000
5.841117 0.030000 5.972173 0.030000 4.346468 0.030000 4.644428 0.030000 3.550693 0.030000 3.749778 0.030000 3.685073 0.150000 3.945234 0.030000 4.798367 0.030000 5.035933 0.030000
5.750184 0.030000 5.968099 0.030000 4.331312 0.030000 4.557462 0.030000 3.435064 0.030000 3.709929 0.030000 3.631432 0.030000 3.865283 0.030000 4.838343 0.030000 4.956630 0.030000
5.749337 0.030000 5.941004 0.030000 4.337600 0.030000 4.500679 0.030000 3.495640 0.030000 3.661986 0.030000 3.601695 0.030000 3.833118 0.030000 4.786107 0.030000 4.954596 0.030000
5.745572 0.030000 5.892171 0.030000 4.795432 0.150000 4.516937 0.030000 3.438725 0.030000 3.670791 0.030000 3.591055 0.030000 3.818362 0.030000 4.725299 0.030000 4.884545 0.030000
5.758493 0.030000 5.912245 0.030000 4.291329 0.030000 4.884898 0.150000 3.416444 0.030000 3.637631 0.030000 4.007597 0.150000 3.784821 0.030000 4.698145 0.030000 4.889604 0.030000
5.768276 0.030000 5.798825 0.030000 4.233366 0.030000 4.449387 0.030000 3.401452 0.030000 3.667736 0.030000 3.541119 0.030000 6.713612 0.150000 4.683124 0.030000 4.877836 0.030000
5.720362 0.030000 5.880297 0.030000 4.451741 0.150000 4.457382 0.030000 3.262189 0.030000 3.613817 0.030000 3.495710 0.030000 3.758226 0.030000 4.693833 0.030000 4.855652 0.030000
5.674276 0.030000 5.843827 0.030000 4.213098 0.030000 4.381022 0.030000 3.299131 0.030000 3.564131 0.030000 3.961193 0.150000 4.005136 0.150000 4.651541 0.030000 4.785265 0.030000
5.690369 0.030000 5.794672 0.030000 4.168849 0.030000 4.517044 0.150000 3.445541 0.150000 3.539728 0.030000 3.489223 0.030000 3.739923 0.030000 4.598047 0.030000 4.788506 0.030000
5.965748 0.150000 5.797849 0.030000 4.119113 0.030000 4.310506 0.030000 3.239794 0.030000 3.566888 0.030000 3.498807 0.030000 3.761578 0.150000 5.583124 0.150000 4.857629 0.030000
5.632732 0.030000 5.741476 0.030000 4.146956 0.030000 4.289762 0.030000 3.278557 0.030000 3.505091 0.030000 3.490058 0.150000 3.591851 0.030000 4.572568 0.030000 4.755044 0.030000
5.637516 0.030000 5.771038 0.030000 4.120049 0.030000 4.520842 0.150000 3.169968 0.030000 3.425535 0.030000 3.372497 0.030000 3.575977 0.030000 4.471378 0.030000 4.752568 0.150000
5.628801 0.030000 5.777906 0.030000 4.054389 0.150000 4.278015 0.030000 3.235279 0.030000 3.462885 0.030000 3.371430 0.030000 3.680764 0.030000 4.466516 0.030000 4.718749 0.030000
5.578386 0.030000 5.722660 0.030000 4.082605 0.030000 4.798135 0.150000 3.161075 0.030000 3.431962 0.030000 3.296481 0.030000 3.595941 0.030000 4.503118 0.030000 4.729457 0.030000
5.513162 0.030000 5.728020 0.030000 4.019052 0.030000 4.218098 0.030000 3.119936 0.030000 3.311569 0.030000 3.349536 0.030000 3.569534 0.030000 4.498046 0.030000 4.710273 0.030000
5.742614 0.150000 5.705436 0.030000 3.998346 0.030000 4.206561 0.030000 3.068504 0.030000 3.330908 0.030000 3.298251 0.030000 3.570345 0.030000 4.616589 0.150000 4.606346 0.030000
5.554094 0.030000 5.668815 0.030000 4.015353 0.030000 5.378723 0.150000 3.070133 0.030000 3.222414 0.030000 3.229202 0.030000 3.497609 0.030000 4.465347 0.030000 4.619506 0.030000
6.282942 0.150000 5.666520 0.030000 3.983812 0.030000 4.192895 0.030000 3.073988 0.030000 3.261922 0.030000 3.211600 0.030000 3.428868 0.030000 4.460644 0.030000 4.630604 0.030000
5.510860 0.030000 5.637320 0.030000 3.900560 0.030000 4.530616 0.150000 3.082007 0.030000 3.270194 0.030000 3.191273 0.030000 3.470009 0.030000 4.421238 0.030000 4.582773 0.030000
5.690218 0.150000 5.657828 0.030000 3.900254 0.030000 4.139259 0.030000 2.995929 0.030000 3.236098 0.030000 3.197861 0.030000 3.427502 0.030000 4.419908 0.030000 4.571714 0.030000
5.423502 0.030000 5.610744 0.030000 3.927888 0.030000 4.107022 0.030000 2.930766 0.030000 3.197215 0.030000 3.135570 0.030000 3.394609 0.030000 4.435740 0.030000 5.046975 0.150000
5.481995 0.030000 5.630163 0.030000 3.916252 0.030000 4.081013 0.030000 2.863108 0.030000 3.175839 0.030000 3.105255 0.030000 3.347344 0.030000 4.393094 0.030000 4.563913 0.030000
5.470335 0.030000 5.645923 0.030000 3.877947 0.030000 4.076950 0.030000 2.821957 0.030000 3.062134 0.030000 3.084481 0.030000 3.779787 0.150000 4.319868 0.030000 4.519792 0.030000
5.448703 0.030000 5.537787 0.030000 3.908290 0.030000 4.086630 0.030000 2.870392 0.030000 3.085295 0.030000 3.084061 0.030000 3.256071 0.030000 4.326240 0.030000 4.544806 0.030000
5.405723 0.030000 5.543062 0.030000 3.831092 0.030000 4.002814 0.030000 2.796991 0.030000 3.063358 0.030000 3.099707 0.030000 3.298693 0.030000 4.299552 0.030000 4.449804 0.030000
5.393173 0.030000 5.543455 0.030000 3.748625 0.030000 3.992317 0.030000 2.785809 0.030000 3.305964 0.150000 3.045405 0.030000 3.247577 0.030000 4.301757 0.030000 4.435693 0.030000
5.393313 0.030000 5.556584 0.030000 4.062696 0.150000 4.001395 0.030000 2.764353 0.030000 3.002548 0.150000 2.974110 0.030000 3.173020 0.030000 4.252490 0.030000 4.395340 0.030000
5.381212 0.030000 5.537229 0.030000 3.725738 0.030000 3.942730 0.030000 2.741956 0.030000 2.981545 0.030000 2.982867 0.030000 3.155165 0.030000 4.241024 0.030000 4.460155 0.030000
5.386695 0.030000 5.554597 0.030000 3.887413 0.150000 3.921916 0.030000 2.998118 0.150000 2.956156 0.030000 2.939971 0.030000 3.178557 0.030000 4.226039 0.030000 4.389776 0.030000
5.369246 0.030000 5.483818 0.030000 4.035160 0.150000 3.911935 0.030000 2.654064 0.030000 2.952735 0.030000 2.911413 0.030000 3.138546 0.030000 4.233928 0.030000 4.372890 0.030000
5.610513 0.150000 5.460416 0.030000 3.731164 0.030000 3.845545 0.030000 2.660461 0.030000 2.898697 0.030000 2.858304 0.030000 3.123896 0.030000 4.257958 0.030000 4.322139 0.030000
5.251057 0.150000 5.478262 0.030000 3.700117 0.030000 3.834734 0.030000 2.603564 0.030000 2.849007 0.030000 2.838139 0.030000 3.226160 0.150000 4.750097 0.150000 4.335097 0.030000
5.309350 0.030000 5.402853 0.030000 3.672334 0.030000 3.853478 0.030000 2.583074 0.030000 2.992826 0.150000 2.873231 0.030000 3.100003 0.030000 4.142858 0.030000 4.327191 0.030000
5.298765 0.030000 5.411052 0.030000 3.639611 0.030000 3.809051 0.030000 2.514679 0.030000 2.803412 0.030000 2.782734 0.030000 3.052165 0.030000 4.078204 0.030000 4.344501 0.030000
5.249382 0.030000 5.469103 0.150000 3.589558 0.030000 3.807586 0.030000 2.552298 0.030000 2.748419 0.030000 2.802300 0.030000 3.048250 0.030000 4.130206 0.030000 4.272962 0.030000
5.249346 0.030000 5.410797 0.030000 3.546440 0.030000 3.817042 0.030000 2.778734 0.150000 2.779983 0.030000 2.710876 0.030000 2.960436 0.030000 4.126298 0.030000 4.233479 0.030000
5.272002 0.030000 5.382606 0.030000 3.571477 0.030000 3.865243 0.030000 2.429279 0.030000 2.678553 0.030000 2.717499 0.030000 2.915630 0.030000 4.089905 0.030000 4.235752 0.030000
5.259456 0.030000 5.356439 0.030000 3.602682 0.030000 3.764746 0.030000 2.483069 0.030000 2.678894 0.030000 2.730733 0.030000 2.997071 0.030000 4.237751 0.150000 4.194296 0.030000
5.227619 0.030000 5.331575 0.150000 3.548734 0.030000 3.701198 0.030000 2.362653 0.030000 2.680929 0.030000 2.661882 0.030000 2.865550 0.030000 4.018518 0.030000 4.196546 0.030000
5.235625 0.030000 5.363764 0.030000 3.527361 0.030000 3.738561 0.030000 2.350506 0.030000 2.622969 0.030000 2.609863 0.030000 2.827278 0.030000 4.053022 0.030000 4.171218 0.030000
5.917459 0.150000 5.310196 0.030000 3.489016 0.030000 3.658734 0.030000 2.371584 0.030000 2.612738 0.030000 2.628793 0.030000 2.810753 0.030000 4.021190 0.030000 4.124644 0.030000
5.190948 0.030000 5.311940 0.030000 3.473850 0.030000 3.628113 0.030000 2.362728 0.030000 2.499664 0.030000 3.033820 0.150000 2.919394 0.150000 3.994618 0.030000 4.347111 0.150000
5.167310 0.030000 5.284159 0.030000 3.442163 0.030000 3.643586 0.030000 2.514475 0.150000 2.486419 0.030000 2.502520 0.030000 2.750000 0.030000 3.947590 0.030000 4.067367 0.030000
5.144750 0.030000 5.233619 0.030000 3.467379 0.030000 3.640124 0.030000 2.249195 0.030000 2.510429 0.030000 2.481534 0.030000 2.794135 0.030000 3.952051 0.030000 4.072966 0.030000
5.217591 0.030000 5.290680 0.030000 3.421731 0.030000 3.576708 0.030000 2.242294 0.030000 2.515905 0.030000 2.557348 0.030000 2.779695 0.030000 3.940278 0.030000 4.679819 0.150000
5.097619 0.030000 5.232517 0.030000 3.425578 0.030000 3.574917 0.030000 2.235255 0.030000 2.434591 0.030000 2.461932 0.030000 2.731404 0.030000 3.945895 0.030000 3.996662 0.030000
5.111676 0.030000 5.206103 0.030000 3.328548 0.150000 3.551908 0.030000 2.192659 0.030000 2.495371 0.030000 2.444498 0.030000 2.639902 0.030000 3.896596 0.030000 4.059479 0.030000
5.115999 0.030000 5.227308 0.030000 3.399320 0.030000 3.541663 0.030000 2.152556 0.030000 2.437126 0.030000 2.408528 0.030000 2.663169 0.030000 3.918599 0.030000 4.041243 0.030000
5.097633 0.030000 5.203747 0.030000 3.289304 0.150000 3.528766 0.030000 2.128371 0.030000 2.344362 0.030000 2.453572 0.030000 2.579120 0.030000 3.886167 0.030000 4.086046 0.030000
5.046058 0.030000 5.210087 0.030000 3.377036 0.030000 3.521432 0.030000 2.133914 0.030000 2.337046 0.030000 2.387044 0.030000 2.598860 0.030000 3.877467 0.030000 3.979694 0.030000
5.075022 0.030000 5.157584 0.030000 3.372396 0.030000 3.435844 0.030000 2.076413 0.030000 2.296627 0.030000 2.395313 0.030000 2.595369 0.030000 3.876233 0.030000 4.386639 0.150000
5.080038 0.030000 5.103758 0.030000 3.280312 0.030000 3.441062 0.030000 2.060894 0.030000 2.194380 0.030000 2.307411 0.030000 2.527505 0.030000 3.857455 0.030000 3.944346 0.030000
5.083280 0.030000 5.121418 0.030000 3.279207 0.030000 3.482179 0.030000 2.058293 0.030000 2.302336 0.030000 3.316975 0.150000 2.502133 0.030000 3.799048 0.030000 3.887863 0.030000
5.031698 0.030000 5.127500 0.030000 3.241795 0.030000 3.405024 0.030000 1.972064 0.030000 2.258184 0.030000 2.304434 0.030000 2.516683 0.030000 3.801761 0.030000 3.945990 0.030000
5.089833 0.030000 5.158604 0.030000 3.380100 0.150000 3.428370 0.030000 1.992973 0.030000 2.181935 0.030000 2.303217 0.030000 2.473347 0.030000 3.809704 0.030000 3.925926 0.030000
5.020744 0.030000 5.109576 0.030000 3.823777 0.150000 3.309481 0.030000 1.930336 0.030000 2.195180 0.030000 2.292015 0.030000 2.413894 0.030000 3.790122 0.030000 4.009630 0.030000
5.052711 0.030000 5.141728 0.030000 3.226153 0.030000 3.362311 0.030000 1.905115 0.030000 2.164234 0.030000 2.262417 0.030000 2.450072 0.030000 3.814189 0.150000 3.877231 0.030000
4.996172 0.030000 5.074945 0.030000 3.162981 0.030000 3.355553 0.030000 1.866540 0.030000 2.203289 0.030000 2.226882 0.030000 2.926990 0.150000 3.697300 0.030000 3.847303 0.030000
5.022391 0.030000 5.373926 0.150000 3.826676 0.150000 3.336031 0.030000 1.885976 0.030000 2.076013 0.030000 2.166860 0.030000 2.461176 0.030000 3.934492 0.150000 3.805112 0.030000
4.970639 0.030000 5.008979 0.030000 3.156698 0.030000 3.291613 0.030000 1.851279 0.030000 2.070441 0.150000 2.115569 0.030000 2.348219 0.030000 3.666196 0.030000 3.869152 0.030000
4.908459 0.030000 5.076344 0.030000 3.143882 0.030000 3.256771 0.150000 1.770105 0.150000 2.006102 0.030000 2.177886 0.030000 2.319390 0.030000 3.707294 0.030000 3.872645 0.030000
5.134923 0.150000 5.059244 0.030000 3.169571 0.030000 3.283534 0.030000 1.981118 0.150000 1.997649 0.030000 2.072790 0.030000 2.300056 0.030000 3.675673 0.030000 3.798695 0.030000
5.246925 0.150000 5.035469 0.030000 3.380024 0.150000 3.266933 0.030000 1.741864 0.030000 1.986400 0.030000 2.060986 0.030000 2.236148 0.030000 3.615212 0.030000 3.829886 0.030000
4.937404 0.030000 5.063663 0.030000 3.153569 0.030000 3.226720 0.030000 1.709775 0.030000 1.925886 0.030000 2.012670 0.030000 2.241485 0.030000 3.694147 0.030000 3.770430 0.030000
4.958065 0.030000 5.014688 0.030000 3.313514 0.150000 3.223382 0.030000 1.730617 0.030000 1.953996 0.030000 1.993555 0.150000 2.236148 0.030000 3.635195 0.030000 3.944097 0.150000
4.884513 0.030000 5.002655 0.030000 3.087534 0.030000 3.229129 0.030000 1.689436 0.030000 1.859121 0.030000 1.989505 0.030000 2.449734 0.150000 3.688395 0.030000 3.744083 0.030000
4.954294 0.030000 4.988379 0.030000 3.101185 0.030000 3.266058 0.030000 1.627631 0.030000 1.793131 0.030000 2.015919 0.030000 2.178129 0.030000 3.668903 0.030000 4.012396 0.150000
4.943633 0.030000 5.128240 0.150000 3.045217 0.030000 3.177267 0.030000 1.686060 0.030000 1.892015 0.030000 1.987779 0.030000 2.527161 0.150000 3.644773 0.030000 3.782866 0.030000
4.898401 0.030000 4.982007 0.030000 3.166532 0.150000 3.252487 0.030000 1.583404 0.030000 1.840593 0.030000 1.953094 0.030000 2.168591 0.030000 3.634623 0.030000 3.713717 0.030000
4.952849 0.030000 4.982894 0.030000 3.072392 0.030000 3.150993 0.030000 1.618622 0.030000 1.802494 0.030000 1.921171 0.030000 2.133068 0.030000 3.598194 0.030000 3.727996 0.030000
4.905449 0.030000 4.961707 0.030000 2.987703 0.030000 3.184140 0.030000 1.495505 0.030000 1.753010 0.030000 1.900966 0.030000 2.135294 0.030000 3.595913 0.030000 3.712010 0.030000
4.907435 0.030000 4.961261 0.030000 2.981750 0.030000 3.157140 0.030000 1.578986 0.030000 1.714132 0.030000 1.884403 0.030000 2.080656 0.030000 4.164889 0.150000 3.679744 0.030000
4.907668 0.030000 4.992870 0.030000 3.059942 0.030000 3.349489 0.150000 1.575726 0.030000 1.734049 0.030000 1.885437 0.030000 2.060332 0.030000 3.677191 0.030000 3.710258 0.030000
4.885659 0.030000 4.938827 0.030000 3.058668 0.030000 3.088845 0.030000 1.597146 0.150000 1.738612 0.030000 1.899108 0.030000 2.088584 0.030000 3.532386 0.030000 3.683772 0.030000
4.841190 0.030000 4.947439 0.030000 2.993198 0.030000 3.122821 0.030000 1.520746 0.030000 1.730294 0.030000 1.862659 0.030000 2.088105 0.030000 3.562201 0.030000 3.645059 0.030000
4.837291 0.030000 4.967994 0.030000 3.000258 0.030000 3.046583 0.030000 1.451122 0.030000 2.295433 0.150000 2.260508 0.150000 1.992808 0.030000 3.510753 0.030000 3.691951 0.030000
4.885328 0.030000 4.929970 0.030000 3.003320 0.030000 3.127222 0.030000 1.424397 0.030000 1.690871 0.030000 1.847820 0.030000 2.085124 0.030000 3.523454 0.030000 3.644737 0.030000
4.869107 0.030000 4.967643 0.030000 2.966295 0.030000 3.159960 0.030000 1.539839 0.150000 1.655625 0.030000 1.789755 0.030000 2.021055 0.030000 3.763434 0.150000 3.604343 0.030000
4.836862 0.030000 4.839233 0.030000 2.957917 0.030000 3.062990 0.030000 1.512799 0.150000 1.608396 0.030000 1.794494 0.030000 1.996710 0.030000 3.856207 0.150000 3.626301 0.030000
4.866909 0.030000 4.859932 0.030000 2.935187 0.030000 3.091066 0.030000 1.429828 0.030000 1.618863 0.030000 1.767717 0.030000 2.000326 0.030000 3.541821 0.030000 3.573280 0.030000
4.864180 0.030000 4.915246 0.030000 3.547223 0.150000 3.055068 0.030000 1.414597 0.030000 1.628585 0.030000 1.791194 0.150000 1.964675 0.030000 3.489872 0.030000 3.541357 0.030000
4.862393 0.030000 4.937677 0.030000 3.001488 0.030000 3.006276 0.030000 1.493812 0.150000 1.565989 0.030000 1.783092 0.030000 2.761106 0.150000 3.556454 0.030000 3.641420 0.030000
4.828680 0.030000 4.918185 0.030000 2.979121 0.030000 3.063514 0.030000 1.398783 0.030000 1.579696 0.150000 1.754723 0.030000 1.954742 0.030000 3.497631 0.030000 3.617910 0.030000
4.756788 0.030000 4.930882 0.030000 2.954944 0.030000 3.003174 0.030000 1.377643 0.030000 1.661479 0.030000 1.788513 0.030000 2.002531 0.030000 3.512301 0.030000 3.611299 0.030000
4.839747 0.030000 4.908973 0.030000 2.943699 0.030000 2.968896 0.150000 1.359527 0.030000 1.546094 0.030000 2.457430 0.150000 1.916562 0.030000 3.496783 0.030000 3.564292 0.030000
4.835830 0.030000 4.909500 0.030000 3.159533 0.150000 2.996091 0.030000 1.354661 0.030000 1.558952 0.030000 1.708411 0.030000 1.884942 0.030000 3.452389 0.030000 3.646811 0.030000
4.856375 0.030000 4.915505 0.030000 2.893830 0.030000 3.003868 0.030000 1.335216 0.030000 1.569542 0.030000 1.767592 0.030000 1.887329 0.030000 3.460551 0.030000 3.594324 0.030000
4.836883 0.030000 5.158364 0.150000 2.926263 0.030000 2.970630 0.030000 1.328660 0.030000 1.496046 0.030000 1.716601 0.030000 1.901061 0.150000 3.872051 0.150000 3.552513 0.030000
4.791852 0.030000 4.889935 0.030000 2.875289 0.030000 3.907209 0.150000 1.289557 0.030000 1.689742 0.150000 1.745861 0.030000 1.929315 0.030000 3.473966 0.030000 3.525886 0.030000
4.785883 0.030000 4.760643 0.150000 2.944495 0.030000 3.016101 0.030000 1.297303 0.030000 1.478699 0.030000 1.698365 0.030000 1.897499 0.030000 3.711108 0.150000 3.552534 0.030000
4.806653 0.030000 4.903917 0.030000 3.214484 0.150000 2.988365 0.030000 1.325238 0.030000 1.440759 0.030000 1.698125 0.030000 1.864648 0.030000 3.504900 0.030000 3.515922 0.030000
4.866003 0.030000 4.928510 0.030000 2.883013 0.030000 2.985414 0.030000 1.297672 0.030000 1.496789 0.030000 2.078212 0.150000 1.878932 0.030000 3.496074 0.030000 3.583149 0.030000
4.816441 0.030000 4.871429 0.030000 2.943170 0.030000 2.996394 0.030000 1.322259 0.030000 1.731789 0.150000 1.667479 0.030000 1.879058 0.030000 3.493771 0.030000 3.562232 0.030000
4.799626 0.030000 4.902016 0.030000 2.886191 0.030000 2.977499 0.030000 1.253596 0.030000 1.498245 0.030000 1.671219 0.030000 1.823158 0.030000 3.477832 0.030000 4.014572 0.150000
4.801668 0.030000 4.893152 0.030000 2.867243 0.030000 3.020207 0.030000 1.261098 0.030000 1.415508 0.030000 1.634340 0.030000 2.092850 0.150000 3.436064 0.030000 3.552668 0.030000
4.788338 0.030000 4.868196 0.030000 2.923255 0.030000 2.984137 0.030000 1.269670 0.030000 1.432144 0.030000 1.609280 0.030000 1.852565 0.030000 3.455005 0.030000 3.555211 0.030000
4.828877 0.030000 4.872591 0.030000 2.864321 0.030000 2.994181 0.030000 1.222381 0.030000 1.424600 0.030000 1.661580 0.030000 1.851709 0.030000 3.462011 0.030000 3.496628 0.030000
4.955475 0.150000 4.887637 0.030000 2.882122 0.030000 2.942989 0.030000 1.234024 0.030000 1.425108 0.030000 1.633980 0.030000 1.830514 0.030000 3.427537 0.030000 3.538327 0.030000
4.760402 0.030000 4.828731 0.030000 2.804172 0.150000 2.954128 0.030000 1.244076 0.030000 1.415784 0.030000 1.613257 0.030000 1.839849 0.030000 3.479654 0.030000 3.559375 0.030000
4.722445 0.150000 4.848226 0.030000 2.834771 0.030000 2.976226 0.030000 1.223478 0.030000 1.375557 0.030000 1.646875 0.030000 1.795125 0.030000 3.437845 0.030000 3.548810 0.030000
5.416545 0.150000 4.839850 0.030000 2.888443 0.030000 2.942817 0.030000 1.168014 0.150000 1.447997 0.030000 1.620781 0.030000 1.839734 0.030000 3.440055 0.030000 3.523908 0.030000
4.841357 0.030000 4.844347 0.030000 2.849257 0.030000 2.946286 0.030000 1.225573 0.030000 1.380273 0.150000 1.655732 0.030000 1.767369 0.030000 3.394203 0.030000 3.542507 0.030000
4.836923 0.030000 4.841522 0.030000 3.374463 0.150000 2.994041 0.030000 1.269237 0.030000 1.363222 0.030000 1.621683 0.030000 1.812157 0.030000 3.473558 0.030000 3.613682 0.030000
4.801337 0.030000 4.852106 0.030000 2.964831 0.030000 2.954347 0.030000 1.172622 0.030000 1.345571 0.030000 1.581208 0.030000 1.769502 0.030000 3.447415 0.030000 3.504241 0.030000
4.759330 0.030000 4.832096 0.030000 2.913826 0.030000 2.958121 0.030000 1.220448 0.030000 1.323039 0.030000 1.569754 0.030000 1.789275 0.030000 3.350041 0.030000 3.595257 0.150000
4.856189 0.030000 4.862071 0.030000 2.868383 0.030000 2.943475 0.030000 1.273704 0.030000 1.729181 0.150000 1.546233 0.030000 1.715437 0.030000 3.349609 0.030000 3.527823 0.030000
4.902378 0.030000 4.797868 0.030000 2.925789 0.030000 2.897589 0.030000 1.216169 0.030000 1.302955 0.030000 1.589618 0.030000 1.794749 0.030000 3.310700 0.030000 3.511879 0.030000
4.851901 0.030000 4.799817 0.030000 2.915749 0.030000 2.953776 0.030000 1.237298 0.030000 1.301440 0.030000 1.598720 0.030000 1.773380 0.030000 3.354593 0.030000 3.502286 0.030000
4.823144 0.030000 4.752932 0.030000 2.961912 0.030000 2.923863 0.030000 1.191401 0.030000 1.255736 0.030000 1.578373 0.030000 1.763273 0.030000 3.371286 0.030000 3.572180 0.030000
4.956333 0.030000 4.791064 0.030000 2.981305 0.030000 2.851928 0.030000 1.165331 0.030000 1.563985 0.150000 1.499258 0.030000 1.814645 0.150000 3.374091 0.030000 3.472343 0.030000
4.846337 0.030000 5.467332 0.150000 3.025362 0.030000 2.955643 0.150000 1.243479 0.030000 1.284222 0.030000 1.468657 0.030000 1.675567 0.030000 3.308401 0.030000 3.512423 0.030000
4.996880 0.030000 5.408959 0.150000 3.376424 0.150000 2.898449 0.030000 1.223574 0.030000 1.288762 0.030000 1.466332 0.030000 1.688355 0.030000 3.331820 0.030000 3.836119 0.150000
4.987689 0.030000 4.800065 0.030000 3.002488 0.030000 2.912912 0.030000 1.232086 0.030000 1.266730 0.030000 1.430724 0.030000 1.634196 0.150000 3.241301 0.030000 3.511866 0.030000
4.965790 0.030000 4.833755 0.030000 3.032854 0.030000 2.858148 0.030000 1.268479 0.030000 1.221378 0.030000 1.397410 0.030000 1.645759 0.030000 3.198110 0.030000 3.453175 0.030000
5.033148 0.030000 5.079103 0.150000 3.022123 0.030000 2.884068 0.030000 1.223645 0.030000 1.219635 0.030000 1.394929 0.030000 1.588541 0.030000 3.263888 0.030000 3.447609 0.150000
5.038227 0.030000 4.793848 0.030000 3.066022 0.030000 2.892193 0.030000 1.275082 0.030000 1.191246 0.030000 1.331831 0.030000 2.252326 0.150000 3.064559 0.030000 3.390743 0.030000
5.023378 0.030000 4.830830 0.030000 3.101023 0.030000 2.968414 0.030000 1.299822 0.030000 1.138710 0.030000 1.287037 0.030000 1.836535 0.150000 3.140412 0.030000 3.369961 0.030000
5.054977 0.030000 4.850384 0.030000 3.109550 0.030000 2.887987 0.030000 1.275579 0.030000 1.241626 0.030000 1.341511 0.030000 1.583745 0.030000 3.085591 0.030000 3.305311 0.030000
5.108007 0.030000 4.863883 0.030000 3.116640 0.030000 2.954810 0.030000 1.154510 0.150000 1.209155 0.030000 1.292922 0.030000 1.494498 0.030000 3.113607 0.030000 3.645307 0.150000
5.462110 0.150000 4.882337 0.030000 3.157113 0.030000 2.959776 0.030000 1.362792 0.030000 1.197207 0.030000 1.272002 0.030000 2.006743 0.150000 3.039962 0.030000 3.344468 0.030000
5.176467 0.030000 4.958043 0.030000 3.248148 0.030000 2.989235 0.030000 2.072611 0.150000 1.171168 0.030000 1.242628 0.030000 1.488641 0.030000 3.043838 0.030000 3.259119 0.030000
5.222608 0.030000 4.928326 0.030000 3.201528 0.030000 2.994124 0.030000 1.421893 0.030000 1.232299 0.030000 1.256635 0.030000 1.460857 0.030000 3.050035 0.030000 3.226156 0.030000
5.185751 0.030000 5.429536 0.150000 3.270207 0.030000 3.074382 0.030000 1.687242 0.150000 1.230807 0.030000 1.208462 0.030000 1.393509 0.030000 3.002410 0.030000 3.239733 0.030000
5.275694 0.030000 5.048721 0.030000 3.335647 0.030000 3.055523 0.030000 1.465617 0.030000 1.292198 0.030000 1.545684 0.150000 1.337610 0.030000 2.964167 0.030000 3.153700 0.030000
5.290789 0.030000 5.048997 0.030000 3.297577 0.030000 3.082972 0.030000 1.477244 0.030000 1.330096 0.030000 1.111915 0.030000 1.258694 0.030000 3.115997 0.150000 3.182015 0.030000
5.666653 0.150000 5.091115 0.030000 3.340926 0.030000 3.114372 0.030000 1.547119 0.030000 1.276383 0.030000 1.144559 0.030000 1.303015 0.030000 3.258039 0.150000 3.157830 0.030000
5.267978 0.030000 5.097767 0.030000 3.296007 0.150000 3.085573 0.030000 1.496213 0.030000 1.340579 0.030000 1.089031 0.030000 1.315520 0.030000 2.854966 0.030000 3.070712 0.030000
5.409059 0.030000 5.133340 0.030000 3.420039 0.030000 3.206318 0.030000 1.557121 0.030000 1.322120 0.030000 1.116156 0.030000 1.265759 0.030000 2.821179 0.030000 3.043138 0.030000
5.409518 0.030000 5.108439 0.030000 3.393989 0.030000 3.201165 0.030000 1.578318 0.030000 1.372827 0.030000 1.016745 0.030000 1.242146 0.030000 2.752746 0.030000 3.061114 0.030000
5.416076 0.030000 5.162254 0.030000 3.472042 0.030000 3.256258 0.030000 1.545808 0.030000 1.808230 0.150000 2.097047 0.150000 1.226776 0.030000 2.786647 0.030000 3.023834 0.030000
5.450274 0.030000 5.178720 0.030000 3.474579 0.030000 3.229876 0.030000 1.616031 0.030000 1.441467 0.030000 1.042890 0.030000 1.187748 0.030000 2.686272 0.030000 2.919631 0.030000
5.485110 0.030000 5.268468 0.030000 3.495725 0.030000 3.306514 0.030000 1.653920 0.030000 1.424792 0.030000 0.999054 0.030000 1.210403 0.030000 2.730636 0.030000 2.942665 0.030000
5.470720 0.030000 5.293671 0.030000 3.581249 0.150000 3.315278 0.030000 1.655400 0.030000 1.437948 0.030000 2.566812 0.150000 1.134653 0.030000 2.662689 0.030000 2.899133 0.030000
5.532879 0.030000 5.308146 0.030000 3.597454 0.030000 3.298386 0.030000 1.701215 0.030000 1.463872 0.030000 1.010944 0.030000 1.161324 0.030000 2.679932 0.030000 2.901841 0.030000
5.576029 0.030000 5.364642 0.150000 3.596060 0.030000 3.373579 0.030000 1.767129 0.150000 1.508237 0.030000 1.017800 0.030000 1.114992 0.030000 2.649451 0.030000 2.850507 0.030000
5.623271 0.030000 5.344909 0.030000 3.618487 0.030000 3.369318 0.030000 1.772627 0.030000 1.536742 0.030000 0.938080 0.030000 1.114318 0.030000 2.598829 0.030000 2.832565 0.030000
5.673073 0.030000 5.355298 0.030000 3.648064 0.030000 3.416513 0.030000 1.788705 0.030000 1.613024 0.030000 0.861086 0.030000 1.073902 0.030000 2.568291 0.030000 2.805378 0.030000
5.646618 0.030000 5.414572 0.030000 3.670062 0.030000 3.414225 0.030000 1.782789 0.030000 1.506601 0.030000 0.877086 0.030000 1.045387 0.030000 2.549247 0.030000 2.814573 0.030000
5.704758 0.030000 5.426335 0.030000 3.729155 0.030000 3.486936 0.030000 1.851256 0.030000 1.611522 0.030000 1.746419 0.150000 1.009178 0.030000 2.478711 0.030000 2.730276 0.030000
5.700673 0.030000 5.430864 0.150000 3.792456 0.030000 3.614146 0.150000 1.863078 0.030000 1.601495 0.030000 0.878385 0.030000 1.342761 0.150000 2.520807 0.030000 2.794046 0.030000
5.703147 0.030000 5.567521 0.030000 3.794471 0.030000 3.489992 0.030000 1.878712 0.030000 1.678379 0.030000 0.895624 0.030000 0.976653 0.030000 2.393891 0.030000 2.738839 0.030000
5.788270 0.030000 5.590879 0.030000 3.796734 0.030000 3.509264 0.030000 1.857971 0.030000 1.664861 0.030000 0.874505 0.030000 0.974132 0.030000 2.662818 0.150000 2.701490 0.030000
5.791749 0.030000 5.752473 0.150000 3.834730 0.030000 3.616722 0.030000 2.229560 0.150000 1.750085 0.030000 0.862369 0.030000 1.004373 0.030000 2.527333 0.150000 2.648806 0.030000
5.783285 0.030000 5.627205 0.030000 3.810312 0.030000 3.692278 0.030000 1.971484 0.030000 1.740993 0.030000 0.822437 0.030000 0.922671 0.030000 2.380392 0.030000 2.605643 0.030000
5.828346 0.030000 5.642424 0.030000 3.842908 0.030000 3.641364 0.030000 1.977327 0.030000 1.787971 0.030000 0.816588 0.030000 0.895407 0.030000 2.375558 0.150000 2.533058 0.030000
5.951106 0.030000 5.617316 0.030000 3.911548 0.030000 3.742448 0.030000 1.984776 0.030000 1.810888 0.030000 0.770840 0.030000 0.926369 0.030000 2.306150 0.030000 2.549478 0.150000
5.920933 0.030000 5.647876 0.030000 3.929834 0.030000 3.708395 0.030000 2.097293 0.030000 1.744066 0.030000 0.814390 0.030000 0.943167 0.030000 2.352172 0.030000 2.522635 0.030000
5.979312 0.030000 5.657568 0.030000 3.975376 0.030000 3.754285 0.030000 2.080968 0.030000 1.809359 0.030000 1.244392 0.150000 0.911116 0.030000 2.212894 0.030000 2.571044 0.030000
5.928560 0.030000 5.675050 0.030000 3.998997 0.030000 3.846408 0.150000 2.036691 0.030000 1.852132 0.150000 0.831980 0.030000 0.891900 0.030000 2.561119 0.150000 2.527516 0.030000
6.011517 0.030000 5.763415 0.030000 4.041378 0.030000 3.759595 0.030000 2.108130 0.030000 1.796548 0.030000 0.847437 0.030000 0.914986 0.030000 2.252820 0.030000 2.482445 0.030000
6.019760 0.030000 5.736297 0.030000 4.024552 0.030000 3.767251 0.030000 2.063376 0.030000 1.900822 0.030000 0.847526 0.030000 0.879664 0.030000 2.238625 0.030000 2.460078 0.030000
6.094466 0.030000 5.788221 0.030000 4.065866 0.030000 3.862311 0.030000 2.165724 0.030000 1.925524 0.030000 0.785953 0.030000 0.865315 0.030000 2.206376 0.030000 2.432043 0.030000
5.987785 0.030000 5.814325 0.030000 4.069292 0.030000 3.816345 0.030000 2.141831 0.030000 1.858340 0.030000 1.264497 0.150000 1.297722 0.150000 2.169820 0.030000 2.419830 0.030000
6.113285 0.150000 6.142551 0.150000 4.111611 0.030000 4.092735 0.150000 2.177470 0.030000 1.914112 0.030000 0.807678 0.030000 0.915729 0.030000 2.167500 0.030000 2.346687 0.030000
6.048013 0.030000 6.103209 0.150000 4.095408 0.030000 3.867222 0.030000 2.523359 0.150000 1.966568 0.030000 1.307396 0.150000 0.905362 0.030000 2.103375 0.030000 2.430784 0.030000
6.076758 0.030000 6.081671 0.150000 4.159506 0.030000 3.957510 0.030000 2.265793 0.150000 2.002548 0.030000 0.825358 0.030000 0.848445 0.030000 2.268934 0.150000 2.994634 0.150000
6.159881 0.030000 5.805573 0.030000 4.158813 0.030000 3.864133 0.030000 2.292995 0.030000 1.980499 0.030000 0.827347 0.030000 0.850546 0.030000 2.119251 0.030000 2.355704 0.030000
6.133752 0.030000 5.865786 0.030000 4.143591 0.030000 3.909916 0.030000 2.298897 0.030000 1.979814 0.030000 0.857407 0.030000 0.854652 0.030000 2.116450 0.030000 2.358510 0.030000
6.675712 0.150000 5.889381 0.030000 4.161410 0.030000 3.876617 0.030000 2.240731 0.030000 2.168542 0.150000 0.814961 0.030000 0.793993 0.030000 2.061559 0.030000 2.280326 0.030000
6.213821 0.030000 5.940246 0.030000 4.192419 0.030000 3.952486 0.030000 2.231483 0.030000 2.047753 0.030000 0.763886 0.030000 0.862060 0.030000 2.028220 0.030000 2.285857 0.030000
6.146281 0.030000 5.973588 0.030000 4.177072 0.150000 4.475106 0.150000 2.246469 0.030000 2.050012 0.030000 0.829267 0.030000 0.802190 0.030000 2.019644 0.030000 2.288819 0.030000
6.234605 0.030000 5.952521 0.030000 4.278048 0.030000 3.978477 0.030000 2.357750 0.030000 2.073240 0.030000 0.859883 0.030000 0.869009 0.030000 2.012829 0.030000 2.290031 0.030000
6.187237 0.030000 6.309383 0.150000 4.315756 0.150000 3.993752 0.030000 2.999723 0.150000 2.104834 0.030000 1.167312 0.150000 0.795422 0.030000 2.019879 0.030000 2.193016 0.030000
6.214333 0.030000 5.960067 0.030000 4.259778 0.030000 4.034735 0.030000 2.349601 0.030000 2.078173 0.030000 0.873174 0.150000 0.793563 0.030000 2.027383 0.030000 2.682689 0.150000
6.206009 0.030000 6.050734 0.030000 4.260411 0.030000 4.017553 0.030000 2.310182 0.030000 2.114384 0.030000 0.859577 0.030000 0.850354 0.030000 1.968699 0.030000 2.172198 0.150000
6.290162 0.030000 6.012085 0.030000 4.267678 0.030000 4.106239 0.030000 2.485564 0.150000 2.079411 0.030000 0.834866 0.030000 0.848134 0.030000 1.959275 0.030000 2.262843 0.030000
6.273591 0.030000 6.100924 0.030000 4.329512 0.030000 4.039405 0.030000 2.358421 0.030000 2.167423 0.030000 0.855388 0.030000 0.812704 0.030000 1.976095 0.030000 2.178651 0.030000
6.275914 0.030000 6.100430 0.030000 4.316659 0.030000 4.088911 0.030000 3.283829 0.150000 2.119570 0.030000 0.882150 0.030000 0.843883 0.030000 1.957860 0.030000 2.140253 0.030000
6.283312 0.030000 5.989956 0.030000 4.343473 0.030000 4.058065 0.030000 2.425595 0.030000 2.138994 0.030000 0.807202 0.030000 0.830455 0.030000 1.934949 0.030000 2.199049 0.030000
6.311780 0.030000 6.138625 0.030000 5.345151 0.150000 4.060955 0.030000 2.387916 0.030000 2.155959 0.030000 0.889899 0.030000 0.774769 0.030000 1.851986 0.030000 2.142761 0.030000
6.340282 0.030000 6.050453 0.030000 4.327859 0.030000 4.109035 0.030000 5.027460 0.150000 2.191529 0.030000 0.858800 0.030000 0.801947 0.030000 1.941287 0.030000 2.179805 0.150000
6.284393 0.030000 6.089428 0.030000 4.242470 0.150000 4.142651 0.030000 2.464542 0.030000 2.245341 0.030000 0.904059 0.030000 0.793666 0.030000 1.923490 0.030000 2.150788 0.030000
6.337524 0.030000 6.082700 0.030000 4.359541 0.030000 4.122207 0.030000 2.463267 0.030000 2.246777 0.030000 0.887850 0.030000 0.834037 0.030000 1.857101 0.030000 2.099465 0.030000
6.380348 0.030000 6.110649 0.030000 4.379752 0.030000 4.131042 0.030000 2.428807 0.030000 2.253415 0.030000 0.874459 0.030000 0.822224 0.030000 1.845370 0.030000 2.088945 0.030000
6.405521 0.030000 6.102170 0.030000 4.416013 0.030000 4.138085 0.030000 2.510931 0.030000 2.256742 0.030000 0.869056 0.030000 0.803995 0.030000 1.820472 0.030000 2.107357 0.030000
6.416154 0.150000 6.106542 0.030000 4.427252 0.030000 4.133804 0.030000 2.482979 0.030000 2.206879 0.030000 0.885271 0.030000 0.819237 0.030000 1.917421 0.030000 2.214986 0.150000
6.410021 0.030000 6.134950 0.030000 4.414457 0.030000 4.157312 0.030000 2.490305 0.030000 2.225790 0.030000 0.875208 0.030000 0.817943 0.030000 1.805612 0.030000 2.106157 0.030000
6.406136 0.030000 6.383265 0.150000 4.446941 0.030000 5.442308 0.150000 2.498842 0.030000 2.259421 0.030000 0.839581 0.030000 0.818705 0.030000 1.809576 0.030000 2.078331 0.030000
6.409339 0.030000 6.113275 0.030000 4.437658 0.030000 4.137988 0.030000 2.496249 0.030000 2.191388 0.030000 0.871762 0.030000 0.821055 0.030000 1.802785 0.030000 2.050700 0.030000
6.391630 0.030000 6.160843 0.030000 4.391975 0.030000 4.191692 0.030000 2.475053 0.030000 2.301175 0.030000 0.918009 0.030000 0.821750 0.030000 1.852552 0.030000 2.054753 0.030000
6.480291 0.150000 6.148392 0.030000 4.479872 0.030000 4.167795 0.030000 2.496449 0.030000 2.232083 0.030000 1.044501 0.150000 0.809048 0.030000 1.859510 0.030000 2.049033 0.030000
6.781108 0.150000 6.152775 0.030000 4.454770 0.030000 4.159779 0.030000 2.558683 0.030000 2.271878 0.030000 0.907334 0.030000 1.212528 0.150000 1.787896 0.030000 2.044723 0.030000
6.378052 0.030000 6.230892 0.030000 4.414489 0.030000 4.170519 0.030000 2.500140 0.030000 2.226810 0.030000 0.919094 0.030000 0.891562 0.030000 1.848612 0.030000 2.004837 0.030000
6.460840 0.030000 6.166237 0.030000 4.491128 0.030000 4.248036 0.030000 2.474762 0.150000 2.187620 0.030000 0.939124 0.030000 1.127305 0.150000 1.815838 0.030000 2.062571 0.030000
6.615568 0.150000 6.183746 0.030000 4.520879 0.030000 4.200508 0.030000 2.556489 0.030000 2.270880 0.030000 0.906550 0.030000 1.003168 0.150000 1.813698 0.030000 2.022479 0.030000
6.427029 0.030000 6.203719 0.030000 4.516810 0.030000 4.250734 0.030000 2.523548 0.030000 2.256608 0.030000 0.975842 0.030000 0.811858 0.030000 1.810241 0.030000 2.337816 0.150000
6.967365 0.150000 6.227773 0.030000 4.477682 0.030000 4.222574 0.030000 2.514151 0.030000 2.254128 0.030000 0.940214 0.030000 0.795693 0.030000 1.810977 0.030000 1.950720 0.030000
6.467297 0.030000 6.240203 0.030000 4.481947 0.030000 4.200205 0.030000 2.498082 0.030000 2.321516 0.030000 0.968670 0.030000 0.809211 0.030000 1.795058 0.030000 1.947199 0.030000
6.753574 0.150000 6.259549 0.030000 4.488046 0.030000 4.241873 0.030000 2.566248 0.030000 2.350061 0.030000 1.024843 0.030000 0.762153 0.030000 1.956261 0.150000 1.987382 0.030000
6.406001 0.030000 6.259265 0.030000 4.518318 0.030000 4.289712 0.030000 2.567096 0.030000 2.463353 0.150000 0.985166 0.030000 0.876155 0.030000 1.822407 0.030000 1.928347 0.030000
6.467950 0.030000 6.265654 0.030000 4.556442 0.030000 4.336146 0.030000 2.612502 0.030000 2.387671 0.030000 0.970807 0.030000 0.834466 0.030000 1.813560 0.030000 1.881808 0.030000
6.562872 0.150000 6.299752 0.030000 4.524745 0.030000 4.320735 0.030000 2.614405 0.030000 2.343845 0.030000 1.083686 0.030000 0.853085 0.030000 1.846679 0.150000 1.891053 0.030000
6.503736 0.030000 6.281924 0.030000 4.546467 0.030000 4.347355 0.030000 2.709460 0.150000 2.352477 0.030000 1.034124 0.030000 0.852433 0.030000 1.829380 0.030000 1.889063 0.030000
6.514878 0.030000 6.294281 0.030000 4.674141 0.150000 4.374840 0.030000 2.693083 0.030000 2.383884 0.030000 1.060914 0.030000 0.865384 0.030000 1.793784 0.030000 1.928423 0.030000
6.967449 0.150000 6.708683 0.150000 4.823791 0.150000 4.359222 0.030000 2.675488 0.150000 2.478254 0.030000 1.071491 0.030000 0.807055 0.030000 2.208361 0.150000 1.856252 0.030000
6.531681 0.030000 6.369204 0.030000 4.576943 0.030000 4.402149 0.030000 2.709240 0.030000 2.477463 0.030000 1.204101 0.030000 0.903242 0.030000 1.821804 0.030000 1.862913 0.030000
6.558994 0.030000 6.435694 0.030000 4.567368 0.030000 4.434843 0.030000 2.692876 0.030000 2.493610 0.030000 1.159252 0.030000 0.893903 0.030000 1.906602 0.030000 1.862736 0.030000
6.568462 0.030000 6.427308 0.030000 4.605890 0.030000 4.299796 0.150000 2.747634 0.030000 2.572237 0.030000 1.224843 0.030000 0.926493 0.030000 1.844001 0.030000 1.812393 0.030000
6.551546 0.030000 6.457204 0.030000 4.554564 0.030000 4.497208 0.030000 2.752699 0.030000 2.570372 0.030000 1.203321 0.030000 1.053301 0.150000 1.852611 0.030000 1.852866 0.030000
6.602950 0.030000 6.491745 0.030000 4.639969 0.030000 4.446610 0.030000 2.748158 0.030000 2.583410 0.030000 1.266636 0.030000 1.551642 0.150000 1.846571 0.150000 1.821104 0.030000
6.612913 0.030000 6.456100 0.030000 4.580950 0.030000 4.506025 0.030000 2.721433 0.030000 2.569451 0.030000 1.305875 0.030000 1.053180 0.030000 1.872381 0.030000 1.760345 0.150000
6.583304 0.030000 6.525963 0.030000 4.642530 0.030000 4.551220 0.030000 2.785542 0.030000 2.567835 0.030000 2.444767 0.150000 1.019454 0.030000 1.946139 0.030000 1.777456 0.030000
6.615441 0.030000 6.467201 0.030000 4.654042 0.030000 4.583668 0.030000 2.779598 0.030000 2.599483 0.030000 1.279603 0.030000 1.112112 0.030000 1.969976 0.030000 1.840934 0.030000
6.620948 0.030000 6.541819 0.030000 4.635282 0.030000 4.507867 0.030000 2.763419 0.030000 2.655929 0.030000 1.334760 0.030000 1.115278 0.030000 2.124196 0.150000 1.827246 0.030000
6.572727 0.030000 6.569206 0.030000 4.661443 0.030000 4.592509 0.030000 2.785282 0.030000 2.622164 0.030000 1.420644 0.030000 1.207348 0.030000 2.072428 0.150000 1.857488 0.030000
6.571212 0.030000 6.540709 0.030000 5.073327 0.150000 4.572086 0.030000 2.794535 0.030000 2.700670 0.030000 1.409133 0.030000 1.110327 0.030000 2.001744 0.030000 1.847235 0.030000
6.615536 0.030000 6.610517 0.030000 4.631860 0.030000 4.562748 0.030000 2.857752 0.030000 2.664674 0.030000 1.451214 0.030000 1.249839 0.030000 2.067142 0.030000 1.901836 0.030000
6.581576 0.030000 6.547137 0.030000 4.649012 0.030000 4.707780 0.150000 2.827494 0.030000 2.675802 0.030000 1.477520 0.030000 1.218717 0.030000 2.093355 0.030000 1.895610 0.030000
6.610709 0.030000 6.533755 0.030000 4.631781 0.030000 4.619596 0.030000 2.818945 0.030000 2.702791 0.030000 1.520203 0.030000 1.470957 0.150000 2.069586 0.030000 1.920395 0.030000
6.639240 0.030000 6.601949 0.030000 4.659038 0.030000 4.616767 0.030000 2.862204 0.030000 2.742450 0.030000 1.468986 0.030000 1.257852 0.030000 2.088023 0.030000 1.962263 0.030000
6.588730 0.030000 6.556742 0.030000 4.672725 0.030000 4.610394 0.030000 2.890507 0.030000 2.753111 0.030000 1.747548 0.150000 1.335347 0.030000 2.202877 0.030000 1.994988 0.030000
6.599810 0.030000 6.692372 0.150000 4.729933 0.030000 4.672149 0.030000 2.865148 0.030000 3.099974 0.150000 1.613462 0.150000 1.322295 0.030000 2.212516 0.030000 1.986418 0.030000
6.588880 0.030000 6.554153 0.030000 4.682552 0.030000 4.626875 0.030000 3.172762 0.150000 2.782790 0.030000 1.524223 0.030000 1.372499 0.030000 2.247308 0.030000 2.050897 0.030000
6.633760 0.030000 6.543573 0.030000 4.667190 0.030000 4.590088 0.030000 2.923117 0.030000 2.789300 0.030000 1.603270 0.030000 1.375144 0.030000 2.213321 0.030000 2.014597 0.030000
6.648743 0.030000 6.597235 0.030000 4.702811 0.030000 5.764372 0.150000 2.923851 0.030000 2.806895 0.030000 1.613288 0.030000 1.471599 0.030000 2.205133 0.030000 2.523210 0.150000
7.496766 0.150000 6.637487 0.030000 4.720289 0.030000 4.734063 0.150000 2.924455 0.030000 2.796928 0.030000 1.720901 0.030000 1.387881 0.030000 2.290520 0.030000 2.086845 0.030000
6.591238 0.030000 6.610730 0.030000 4.729655 0.030000 4.654170 0.030000 2.969443 0.030000 2.810431 0.030000 1.728537 0.030000 1.546786 0.150000 2.305685 0.030000 2.103286 0.030000
6.681159 0.030000 6.590970 0.030000 4.751420 0.030000 4.637863 0.030000 3.008476 0.030000 2.792116 0.030000 1.752737 0.030000 1.520499 0.030000 2.311733 0.030000 2.070999 0.030000
6.689337 0.150000 6.541586 0.030000 4.751704 0.030000 5.100247 0.150000 3.018165 0.030000 2.842593 0.030000 1.748925 0.030000 1.528121 0.030000 2.340202 0.030000 2.134831 0.030000
6.659061 0.030000 6.592621 0.030000 4.760215 0.030000 4.697763 0.030000 2.990881 0.030000 2.909057 0.030000 1.855908 0.030000 1.556410 0.030000 2.367206 0.030000 2.165928 0.030000
6.643316 0.030000 6.791087 0.150000 4.760097 0.030000 4.677641 0.030000 2.993791 0.030000 2.851649 0.030000 1.765877 0.030000 1.584072 0.030000 2.353143 0.030000 2.152996 0.030000
6.667635 0.030000 6.608242 0.030000 4.764722 0.030000 4.698196 0.030000 3.014221 0.030000 2.940222 0.030000 1.898102 0.030000 1.573248 0.030000 2.396439 0.030000 2.182017 0.030000
6.732938 0.150000 6.671593 0.030000 4.794387 0.030000 4.756483 0.030000 3.020334 0.030000 2.953191 0.030000 1.891095 0.030000 1.638137 0.030000 2.441720 0.030000 2.239459 0.030000
6.629983 0.030000 6.663374 0.030000 4.828545 0.030000 4.687088 0.030000 3.027268 0.030000 2.900669 0.030000 1.934445 0.030000 1.677787 0.030000 2.404107 0.030000 2.261794 0.030000
6.687537 0.030000 6.653645 0.030000 4.829211 0.030000 4.756624 0.030000 3.111996 0.030000 2.942150 0.030000 1.971427 0.030000 1.687622 0.030000 2.482271 0.030000 2.286231 0.030000
6.720785 0.030000 6.655044 0.030000 4.839352 0.030000 4.727794 0.030000 3.121834 0.030000 2.966828 0.030000 1.955960 0.030000 1.735188 0.030000 2.532753 0.030000 2.274651 0.030000
6.686267 0.030000 6.625097 0.030000 4.833077 0.030000 4.765691 0.030000 3.129791 0.030000 2.932367 0.030000 1.992833 0.030000 1.732788 0.030000 2.459063 0.030000 3.064748 0.150000
6.720618 0.030000 6.622390 0.030000 4.996308 0.150000 4.742344 0.030000 3.118825 0.030000 2.972098 0.030000 2.070507 0.030000 1.775530 0.030000 2.542916 0.030000 2.337840 0.030000
6.727767 0.030000 6.623818 0.030000 4.839523 0.030000 4.839120 0.030000 3.133432 0.030000 3.001041 0.030000 2.106440 0.030000 2.034275 0.150000 2.565941 0.030000 2.295127 0.030000
6.689052 0.030000 7.303039 0.150000 4.884422 0.030000 4.926332 0.150000 3.150696 0.030000 3.048395 0.030000 2.091809 0.030000 1.875757 0.030000 2.564565 0.030000 2.462082 0.030000
6.764917 0.030000 6.748910 0.030000 4.862328 0.030000 4.796248 0.030000 3.190465 0.030000 3.031662 0.030000 2.121468 0.030000 1.880545 0.030000 2.564132 0.030000 2.391254 0.030000
6.697744 0.150000 6.730499 0.030000 4.874384 0.030000 4.788182 0.030000 3.205012 0.030000 3.188954 0.150000 2.140319 0.030000 1.890693 0.030000 2.673600 0.030000 2.487567 0.030000
6.791983 0.030000 6.657401 0.030000 4.938963 0.030000 4.842230 0.030000 3.412037 0.150000 3.029136 0.030000 2.171091 0.030000 1.903888 0.030000 2.811178 0.150000 2.432309 0.030000
6.763858 0.030000 6.675848 0.030000 4.944282 0.030000 5.018466 0.150000 3.253458 0.030000 3.087093 0.030000 2.180455 0.030000 1.950487 0.030000 2.672208 0.030000 2.482617 0.030000
6.798969 0.030000 6.716605 0.030000 4.888149 0.030000 4.819731 0.030000 3.240019 0.030000 3.113025 0.030000 2.252694 0.030000 2.010071 0.030000 2.771932 0.030000 3.061032 0.150000
6.825304 0.030000 6.722468 0.030000 4.961900 0.030000 4.841744 0.030000 3.302036 0.030000 3.136063 0.030000 2.252342 0.030000 2.045609 0.030000 2.570394 0.150000 2.610911 0.030000
6.823371 0.030000 6.785153 0.030000 4.952490 0.030000 4.824871 0.030000 3.335019 0.030000 3.218895 0.030000 2.313016 0.030000 2.059954 0.030000 2.763974 0.030000 2.566917 0.030000
6.830759 0.030000 6.735813 0.030000 4.955808 0.030000 4.818862 0.030000 3.337250 0.030000 3.185395 0.030000 3.364327 0.150000 2.044773 0.030000 2.758164 0.030000 2.588865 0.030000
6.836213 0.030000 6.733309 0.030000 4.970158 0.030000 4.933990 0.030000 3.359295 0.030000 3.198538 0.030000 2.336561 0.030000 2.064113 0.030000 2.795804 0.030000 2.612431 0.030000
6.811076 0.030000 7.492730 0.150000 4.975195 0.030000 4.854478 0.030000 3.390310 0.030000 3.249177 0.030000 2.414852 0.030000 2.112327 0.030000 2.890014 0.150000 2.662365 0.030000
6.913160 0.030000 6.781590 0.030000 5.028100 0.150000 4.877528 0.030000 3.390317 0.030000 3.195456 0.030000 2.406024 0.030000 2.186296 0.030000 2.858619 0.030000 2.642826 0.030000
6.867681 0.030000 6.756298 0.030000 4.978525 0.030000 4.834626 0.030000 3.400385 0.030000 3.263828 0.030000 2.348727 0.150000 2.196674 0.030000 2.856065 0.030000 2.721399 0.030000
6.821687 0.030000 6.980985 0.150000 5.048130 0.030000 4.932611 0.030000 3.442058 0.150000 3.476850 0.150000 2.469687 0.030000 2.186220 0.030000 2.868447 0.030000 2.709571 0.030000
7.423407 0.150000 6.777172 0.030000 5.026505 0.030000 4.910606 0.030000 3.461649 0.030000 3.261575 0.030000 2.442307 0.030000 2.210549 0.030000 2.987666 0.030000 2.844517 0.150000
6.862095 0.150000 6.797493 0.030000 5.041735 0.030000 4.999902 0.030000 3.469582 0.030000 3.299257 0.030000 2.510931 0.030000 2.294479 0.030000 3.149303 0.150000 2.757073 0.030000
6.902652 0.030000 6.855861 0.030000 5.060333 0.030000 4.984068 0.030000 3.511808 0.030000 3.380561 0.030000 2.501998 0.030000 2.310492 0.030000 2.953526 0.030000 2.761962 0.030000
6.963373 0.030000 6.837001 0.030000 5.082502 0.030000 4.983621 0.030000 4.047651 0.150000 3.334474 0.030000 2.615293 0.030000 2.633985 0.150000 3.035948 0.030000 2.789094 0.030000
6.897029 0.030000 6.832297 0.030000 5.149768 0.030000 4.988782 0.030000 3.618937 0.030000 5.051244 0.150000 2.614287 0.030000 2.404477 0.030000 2.982081 0.030000 2.853109 0.030000
6.961825 0.030000 7.063549 0.150000 5.051241 0.030000 5.066934 0.030000 3.556819 0.030000 3.355545 0.030000 2.634055 0.030000 2.387425 0.030000 3.082425 0.150000 2.847922 0.030000
6.962747 0.030000 6.813907 0.030000 5.111805 0.030000 5.037047 0.030000 3.607962 0.030000 3.452610 0.030000 2.666537 0.030000 2.468470 0.030000 3.113179 0.030000 2.869634 0.030000
6.961293 0.030000 6.855257 0.030000 5.179724 0.030000 5.005948 0.030000 3.776607 0.150000 3.545085 0.150000 2.678090 0.030000 2.467359 0.030000 3.102646 0.030000 2.921898 0.030000
6.940561 0.030000 6.863353 0.030000 5.171791 0.030000 5.009397 0.030000 3.667452 0.030000 3.416253 0.030000 2.730473 0.030000 2.483120 0.030000 3.147196 0.030000 2.938807 0.030000
6.960429 0.030000 6.851061 0.030000 5.141602 0.030000 5.052352 0.030000 3.680478 0.030000 3.473739 0.030000 2.775161 0.030000 2.480251 0.030000 3.188177 0.030000 2.991964 0.030000
7.003724 0.030000 6.840601 0.030000 5.199983 0.030000 5.145016 0.030000 3.678867 0.030000 3.484040 0.030000 2.773027 0.030000 2.556764 0.030000 3.153889 0.030000 2.959765 0.030000
7.025501 0.030000 6.845098 0.030000 5.194381 0.030000 5.111932 0.030000 3.706264 0.030000 3.526898 0.030000 2.903219 0.030000 2.596151 0.030000 3.265234 0.030000 3.007436 0.030000
6.966867 0.030000 6.862256 0.030000 5.205893 0.030000 5.132832 0.030000 3.735275 0.030000 3.515295 0.030000 2.882365 0.030000 2.605594 0.030000 3.256371 0.030000 2.968221 0.030000
7.029833 0.030000 6.893271 0.030000 5.259590 0.030000 5.076270 0.030000 3.744119 0.030000 3.484171 0.030000 2.885357 0.030000 2.736361 0.150000 3.239146 0.030000 3.057653 0.030000
7.079297 0.030000 6.902995 0.030000 5.260127 0.030000 5.151863 0.030000 3.746830 0.030000 3.532328 0.030000 3.384813 0.150000 2.689512 0.030000 3.304764 0.030000 3.074899 0.030000
7.043899 0.030000 6.949340 0.030000 5.296674 0.030000 5.153727 0.030000 3.799099 0.030000 3.604220 0.030000 2.928014 0.030000 2.686732 0.030000 3.364073 0.030000 3.155369 0.150000
7.044848 0.030000 6.952044 0.030000 5.312807 0.030000 5.101381 0.030000 3.835317 0.030000 3.573446 0.030000 3.003280 0.030000 2.727018 0.030000 3.312012 0.030000 3.108603 0.030000
7.373960 0.150000 7.372603 0.150000 5.288427 0.030000 5.335766 0.150000 4.135114 0.150000 3.584104 0.030000 2.995342 0.030000 2.731071 0.030000 3.385923 0.030000 3.165532 0.030000
7.036025 0.030000 6.916129 0.030000 5.341026 0.030000 5.682210 0.150000 3.912517 0.030000 3.654102 0.030000 3.077176 0.030000 2.780865 0.030000 3.420853 0.030000 3.157016 0.030000
7.390282 0.150000 7.010532 0.030000 5.347259 0.030000 5.181545 0.030000 3.908696 0.030000 3.688295 0.030000 3.041348 0.030000 2.787602 0.030000 3.982114 0.150000 3.196199 0.030000
7.067435 0.030000 7.012811 0.030000 5.318814 0.030000 5.192421 0.030000 3.865221 0.030000 3.764058 0.030000 3.095799 0.030000 2.856509 0.030000 3.451203 0.030000 3.228606 0.030000
7.157622 0.030000 7.032726 0.030000 5.347974 0.030000 5.212509 0.030000 3.850180 0.030000 3.705610 0.030000 3.145991 0.030000 3.294400 0.150000 3.597809 0.150000 3.306575 0.030000
7.129541 0.030000 7.026793 0.030000 5.440221 0.030000 5.633692 0.150000 3.943238 0.030000 3.493799 0.150000 3.125422 0.030000 2.955001 0.030000 3.512817 0.030000 3.306272 0.030000
7.197265 0.030000 7.034839 0.030000 5.392589 0.030000 5.297472 0.030000 3.965529 0.030000 4.191725 0.150000 3.154501 0.030000 2.911695 0.030000 3.521765 0.030000 3.346545 0.030000
7.178348 0.030000 7.012166 0.030000 5.425628 0.030000 5.280465 0.030000 3.988282 0.030000 4.252460 0.150000 3.200666 0.030000 2.964617 0.030000 3.557753 0.030000 3.371465 0.030000
7.139785 0.030000 7.044690 0.030000 5.677381 0.150000 5.285337 0.030000 4.049907 0.030000 3.840387 0.030000 3.230941 0.030000 2.963193 0.030000 3.571030 0.030000 3.350616 0.030000
7.114179 0.030000 7.386508 0.150000 5.457286 0.030000 5.321366 0.030000 4.063840 0.030000 3.899849 0.030000 3.232574 0.030000 3.011051 0.030000 3.599692 0.030000 3.386597 0.030000
7.205354 0.030000 7.049524 0.030000 5.498095 0.030000 5.350747 0.030000 4.101522 0.030000 3.812454 0.030000 3.243839 0.030000 3.042405 0.030000 3.621261 0.030000 3.470838 0.150000
7.186609 0.030000 7.106889 0.030000 5.374645 0.150000 5.333070 0.030000 4.108557 0.030000 3.823863 0.030000 3.262731 0.030000 3.097165 0.030000 3.651010 0.030000 3.473716 0.030000
7.752456 0.150000 7.111157 0.030000 5.533076 0.030000 5.446446 0.030000 4.104266 0.030000 3.925379 0.030000 3.398960 0.150000 3.029761 0.030000 3.696889 0.030000 3.518696 0.030000
7.788683 0.150000 7.084742 0.030000 5.498910 0.030000 5.352044 0.030000 4.109474 0.030000 4.599626 0.150000 3.414298 0.030000 3.094369 0.030000 3.711570 0.030000 3.530717 0.030000
7.237484 0.030000 7.139709 0.030000 5.567433 0.030000 5.360388 0.030000 4.770227 0.150000 3.963517 0.030000 3.483808 0.030000 4.033517 0.150000 3.771030 0.030000 3.522542 0.030000
7.254811 0.030000 7.119070 0.030000 5.901282 0.150000 5.470737 0.030000 4.261891 0.030000 3.966637 0.030000 3.454035 0.030000 3.223527 0.030000 3.789998 0.030000 3.553957 0.030000
7.275907 0.030000 7.133869 0.030000 5.608960 0.030000 5.433694 0.030000 4.183053 0.030000 3.990556 0.030000 3.479181 0.030000 3.237670 0.030000 3.809099 0.030000 3.547030 0.030000
7.243317 0.030000 7.178596 0.030000 5.572477 0.030000 5.423308 0.030000 4.775442 0.150000 4.018973 0.030000 3.485939 0.030000 3.268259 0.030000 3.786085 0.030000 3.653631 0.030000
7.398679 0.150000 7.193824 0.030000 5.617713 0.030000 5.487791 0.030000 4.185645 0.030000 4.057644 0.030000 3.523050 0.030000 3.328315 0.030000 4.269005 0.150000 3.611231 0.030000
7.375788 0.150000 7.158827 0.030000 5.602349 0.030000 5.646794 0.150000 4.314376 0.030000 4.076676 0.030000 3.611221 0.030000 3.369916 0.030000 3.870569 0.030000 3.681445 0.030000
7.361720 0.150000 7.220525 0.030000 5.644188 0.030000 5.476989 0.030000 4.334000 0.030000 4.148788 0.030000 3.619152 0.030000 3.371367 0.030000 3.935458 0.030000 3.827945 0.150000
7.335496 0.030000 7.196496 0.030000 5.698330 0.030000 5.909486 0.150000 4.314360 0.030000 4.071209 0.030000 3.582107 0.030000 3.326144 0.030000 3.946897 0.030000 3.751618 0.030000
8.075837 0.150000 7.236220 0.030000 5.725086 0.030000 5.525543 0.030000 4.382025 0.030000 4.151260 0.030000 3.650797 0.030000 3.381899 0.030000 4.036726 0.030000 3.708317 0.030000
7.381949 0.030000 7.211571 0.030000 5.718824 0.030000 5.593960 0.030000 4.358356 0.030000 4.124259 0.030000 3.654704 0.030000 3.429706 0.030000 4.021661 0.030000 3.715084 0.030000
7.351202 0.030000 7.283853 0.030000 5.716500 0.030000 5.533413 0.030000 4.383160 0.030000 4.208306 0.030000 3.724233 0.030000 3.701638 0.150000 4.083536 0.030000 3.799881 0.030000
7.379392 0.030000 7.271163 0.030000 5.745661 0.030000 5.575081 0.030000 4.480812 0.030000 4.256821 0.030000 3.743748 0.030000 3.539542 0.030000 4.071459 0.030000 3.809385 0.030000
7.397164 0.030000 7.280305 0.030000 5.743408 0.030000 5.599322 0.030000 4.440291 0.030000 4.226706 0.030000 3.766702 0.030000 3.554054 0.030000 3.862983 0.150000 3.817042 0.150000
7.634953 0.150000 7.290056 0.030000 5.796748 0.150000 5.643897 0.030000 5.303122 0.150000 4.913976 0.150000 3.765981 0.030000 3.633871 0.030000 4.067792 0.030000 3.874595 0.030000
7.441614 0.030000 7.311535 0.030000 5.799593 0.030000 5.649913 0.030000 4.481916 0.030000 4.286564 0.030000 3.775239 0.030000 3.554529 0.030000 4.175980 0.030000 3.892457 0.030000
7.439940 0.030000 7.328014 0.030000 5.791050 0.030000 5.657738 0.030000 5.191994 0.150000 4.340561 0.030000 3.898954 0.030000 3.616067 0.030000 4.170377 0.030000 3.917827 0.030000
7.409882 0.030000 7.327908 0.150000 5.825354 0.030000 5.644184 0.030000 4.577649 0.030000 4.354315 0.030000 3.908530 0.030000 3.660687 0.030000 4.166822 0.030000 3.955481 0.030000
7.464591 0.030000 7.348564 0.030000 5.917867 0.030000 5.734981 0.030000 4.600995 0.030000 4.390441 0.030000 3.907363 0.030000 3.679492 0.030000 4.205402 0.030000 3.995976 0.030000
7.513556 0.030000 7.341817 0.030000 5.863906 0.030000 5.726385 0.030000 4.581653 0.030000 4.403019 0.030000 3.997990 0.030000 3.653004 0.030000 4.746528 0.150000 4.064512 0.030000
7.536610 0.030000 7.667278 0.150000 5.900800 0.030000 5.769398 0.030000 4.661225 0.030000 4.364852 0.030000 3.987922 0.030000 3.707111 0.030000 4.343014 0.030000 4.099179 0.030000
7.594656 0.030000 7.446409 0.030000 5.963018 0.030000 5.816966 0.030000 4.643521 0.030000 4.395373 0.030000 4.046762 0.030000 3.740782 0.030000 4.350641 0.030000 4.076832 0.030000
7.567080 0.030000 7.424166 0.030000 5.902336 0.030000 5.828157 0.150000 4.645736 0.030000 4.449196 0.030000 4.032101 0.150000 3.804678 0.030000 4.389421 0.030000 4.103348 0.030000
7.587340 0.030000 7.607024 0.150000 6.286591 0.150000 5.807574 0.030000 4.729139 0.030000 4.552353 0.030000 4.064340 0.030000 3.797217 0.030000 4.402700 0.030000 4.144115 0.030000
7.590334 0.030000 7.985922 0.150000 5.997962 0.030000 5.820145 0.030000 4.709042 0.030000 4.608891 0.150000 4.115990 0.030000 3.899502 0.030000 4.426693 0.030000 4.137910 0.030000
7.574638 0.030000 7.453067 0.030000 6.017182 0.030000 6.147555 0.150000 4.728483 0.030000 4.605114 0.030000 4.152391 0.030000 3.921468 0.030000 4.400076 0.030000 4.221761 0.030000
7.596097 0.030000 7.497588 0.030000 5.978366 0.030000 5.818129 0.030000 4.766706 0.030000 4.560287 0.030000 4.157143 0.030000 3.919148 0.030000 4.409944 0.030000 5.153608 0.150000
7.603901 0.030000 7.513735 0.030000 6.015101 0.030000 5.915536 0.030000 4.793014 0.030000 4.618813 0.030000 4.175344 0.030000 3.894621 0.030000 4.461510 0.030000 4.281900 0.030000
8.618106 0.150000 8.392121 0.150000 6.087726 0.030000 5.915740 0.030000 4.810491 0.030000 4.619844 0.030000 4.228079 0.030000 3.949634 0.030000 4.587487 0.030000 4.457919 0.150000
7.685522 0.030000 7.501579 0.030000 6.052416 0.030000 5.962521 0.030000 4.842861 0.030000 4.633530 0.030000 4.242386 0.150000 3.992942 0.030000 4.540168 0.030000 4.265652 0.030000
7.689012 0.030000 7.592581 0.030000 6.519471 0.150000 5.978679 0.030000 4.902379 0.030000 4.652245 0.030000 5.925959 0.150000 4.047720 0.030000 4.544596 0.030000 4.295085 0.030000
7.699628 0.030000 7.549650 0.030000 6.124728 0.030000 5.971683 0.030000 4.906448 0.030000 4.733228 0.030000 4.387108 0.030000 4.024106 0.030000 4.593652 0.030000 4.561375 0.150000
7.730805 0.030000 7.590185 0.030000 6.133498 0.030000 6.032155 0.030000 4.951473 0.030000 4.713031 0.030000 4.348864 0.030000 4.104102 0.030000 4.849248 0.150000 4.349119 0.030000
7.726166 0.030000 7.492746 0.030000 6.182758 0.030000 5.940060 0.030000 4.939310 0.030000 4.759321 0.030000 4.324719 0.030000 4.134745 0.030000 4.669910 0.030000 4.373629 0.030000
7.766034 0.030000 7.592021 0.030000 6.194842 0.030000 6.046506 0.030000 4.953840 0.030000 4.802605 0.030000 4.412736 0.030000 4.125897 0.030000 4.677809 0.030000 4.427766 0.030000
7.760057 0.030000 7.606688 0.030000 6.162583 0.030000 5.996838 0.030000 5.277249 0.150000 4.817094 0.030000 4.466558 0.030000 4.158553 0.030000 4.710808 0.030000 4.439586 0.030000
7.800007 0.030000 7.631333 0.030000 6.231079 0.030000 6.033255 0.030000 4.980528 0.030000 4.805044 0.030000 4.456273 0.030000 4.179986 0.030000 4.763650 0.030000 4.621128 0.150000
7.752315 0.030000 7.644131 0.030000 6.214772 0.030000 6.112766 0.030000 5.070847 0.030000 4.862443 0.030000 4.425420 0.030000 4.219986 0.030000 5.315737 0.150000 4.507652 0.030000
7.798057 0.030000 7.674906 0.030000 6.324186 0.030000 6.117983 0.030000 5.084146 0.030000 4.906349 0.030000 4.483653 0.030000 4.282197 0.030000 4.798662 0.030000 4.548530 0.030000
7.857993 0.030000 7.675483 0.030000 6.312999 0.030000 6.131018 0.030000 5.273229 0.150000 4.872511 0.030000 4.570823 0.030000 5.052843 0.150000 4.793291 0.030000 4.579599 0.030000
7.834767 0.030000 7.655781 0.030000 6.402686 0.030000 6.271351 0.150000 5.194629 0.030000 4.912806 0.030000 4.558118 0.030000 4.345772 0.030000 4.902444 0.030000 4.583836 0.030000
7.808433 0.030000 7.921685 0.150000 6.364673 0.030000 6.177152 0.030000 5.172109 0.030000 4.928630 0.030000 4.632436 0.030000 4.333929 0.030000 4.804083 0.030000 4.631722 0.030000
7.850301 0.030000 7.748583 0.030000 6.416998 0.030000 6.190957 0.030000 5.220305 0.030000 5.623096 0.150000 4.639518 0.030000 4.419034 0.030000 4.840636 0.030000 4.707084 0.030000
7.892562 0.030000 7.732568 0.030000 6.366958 0.030000 7.371108 0.150000 5.221330 0.030000 5.056125 0.030000 4.635693 0.030000 4.364844 0.030000 4.909736 0.030000 4.771444 0.150000
7.886025 0.030000 7.758734 0.030000 6.366930 0.030000 6.221668 0.030000 5.209865 0.030000 4.963639 0.030000 4.691535 0.150000 4.378953 0.030000 4.986370 0.030000 4.647216 0.030000
7.864794 0.030000 7.786193 0.030000 6.412396 0.030000 6.250459 0.030000 5.264153 0.030000 4.972154 0.030000 4.832829 0.150000 4.446150 0.030000 4.934259 0.030000 4.742565 0.030000
7.928500 0.030000 7.744657 0.030000 6.396057 0.030000 6.265830 0.030000 5.297304 0.030000 5.074712 0.030000 4.731422 0.030000 4.435562 0.030000 5.000975 0.030000 4.750354 0.030000
8.637269 0.150000 7.861652 0.030000 6.460018 0.030000 6.239761 0.030000 5.342017 0.030000 5.085063 0.030000 4.735474 0.030000 4.506517 0.030000 5.034576 0.030000 4.696029 0.030000
7.982580 0.030000 7.795681 0.030000 6.447912 0.030000 6.280401 0.030000 5.338395 0.030000 5.110325 0.030000 4.750232 0.030000 4.510866 0.030000 5.013092 0.030000 4.770838 0.030000
7.905416 0.030000 7.789664 0.030000 6.469913 0.030000 6.334883 0.030000 5.358487 0.030000 5.120595 0.030000 4.790992 0.030000 4.546825 0.030000 5.279936 0.150000 4.839089 0.030000
7.991151 0.030000 7.799012 0.030000 6.469268 0.030000 6.298672 0.030000 5.321854 0.030000 5.152295 0.030000 5.498291 0.150000 4.496064 0.030000 5.066492 0.030000 4.823654 0.030000
7.976755 0.030000 7.803276 0.030000 6.493538 0.030000 6.283480 0.030000 5.347529 0.030000 5.105920 0.030000 4.789517 0.030000 4.540660 0.030000 5.125218 0.030000 4.830552 0.030000
8.028492 0.030000 7.814507 0.030000 6.488969 0.030000 6.357267 0.030000 5.390368 0.030000 5.135947 0.030000 4.858663 0.030000 4.539938 0.030000 5.118582 0.030000 4.921574 0.030000
7.989305 0.030000 7.836916 0.030000 6.499809 0.030000 6.390008 0.030000 5.457870 0.030000 5.177120 0.030000 4.845861 0.030000 4.609193 0.030000 5.148239 0.030000 4.902894 0.030000
7.936162 0.030000 7.925438 0.030000 6.491643 0.030000 6.378793 0.030000 5.452621 0.030000 5.162897 0.030000 4.867430 0.030000 4.617872 0.030000 5.126584 0.030000 4.874373 0.030000
7.980333 0.030000 7.782449 0.030000 6.418195 0.150000 6.351142 0.030000 5.934047 0.150000 5.586121 0.150000 4.905742 0.030000 4.688812 0.030000 5.154452 0.030000 4.966709 0.030000
7.993920 0.030000 7.885734 0.030000 6.595209 0.030000 6.363990 0.030000 5.434673 0.030000 5.237570 0.030000 4.960938 0.030000 4.680768 0.030000 5.440941 0.150000 4.946935 0.030000
8.087571 0.030000 7.919479 0.030000 6.617832 0.030000 6.362088 0.030000 5.449169 0.030000 5.224276 0.030000 4.914657 0.030000 4.690974 0.030000 5.214928 0.030000 4.905642 0.030000
8.154031 0.150000 7.868629 0.030000 6.554904 0.030000 6.417982 0.030000 5.528199 0.030000 5.222500 0.030000 5.623382 0.150000 4.725214 0.030000 5.190597 0.030000 4.999645 0.030000
8.113006 0.030000 7.872714 0.030000 6.651830 0.030000 6.371891 0.030000 5.831226 0.150000 5.273715 0.030000 4.995800 0.030000 4.690232 0.030000 5.185563 0.030000 4.964934 0.030000
8.370176 0.150000 7.920412 0.030000 6.575912 0.030000 6.449463 0.030000 5.473671 0.030000 5.320413 0.030000 4.972797 0.030000 4.760552 0.030000 5.222138 0.030000 5.016430 0.150000
8.054202 0.030000 7.908405 0.030000 6.639357 0.030000 6.476891 0.030000 5.550576 0.030000 5.807520 0.150000 5.072746 0.030000 4.723722 0.030000 5.294984 0.030000 4.966167 0.030000
8.092338 0.150000 7.943871 0.030000 6.646880 0.030000 6.443736 0.030000 5.538227 0.030000 5.245798 0.030000 5.022106 0.030000 4.770555 0.030000 5.296785 0.030000 5.021839 0.030000
8.079295 0.030000 7.940837 0.030000 6.598431 0.030000 6.490907 0.030000 5.504794 0.030000 5.312358 0.030000 5.062790 0.030000 4.752821 0.030000 5.762270 0.150000 5.013095 0.030000
8.064076 0.030000 8.018331 0.030000 6.739291 0.030000 6.463836 0.030000 5.574550 0.030000 5.350482 0.030000 4.999816 0.030000 4.812159 0.030000 5.359306 0.030000 5.069342 0.030000
8.086584 0.030000 7.914747 0.030000 6.612663 0.030000 6.499940 0.030000 5.545268 0.030000 5.326779 0.030000 5.040130 0.030000 4.844782 0.030000 5.302923 0.030000 5.133290 0.030000
8.099204 0.030000 7.932449 0.030000 6.680521 0.030000 6.476326 0.030000 5.582559 0.030000 5.309797 0.030000 5.010988 0.030000 4.788986 0.030000 5.326347 0.030000 5.076338 0.030000
8.132659 0.030000 7.961658 0.030000 6.636092 0.030000 6.506022 0.030000 5.582293 0.030000 5.352570 0.030000 5.004461 0.030000 4.878167 0.030000 5.562679 0.150000 5.118475 0.030000
8.147979 0.030000 7.955221 0.030000 6.898170 0.150000 7.536795 0.150000 5.630629 0.030000 5.359280 0.030000 5.137413 0.030000 4.857653 0.030000 5.347865 0.030000 5.103226 0.030000
8.143240 0.030000 7.985410 0.030000 6.668006 0.030000 6.521823 0.030000 5.598554 0.030000 5.276753 0.150000 5.059319 0.030000 4.889472 0.030000 5.537674 0.150000 5.148651 0.030000
8.150668 0.030000 7.986370 0.030000 6.676498 0.030000 6.547988 0.030000 5.609157 0.030000 5.365820 0.030000 5.119156 0.030000 4.635027 0.150000 5.355310 0.030000 5.112885 0.030000
8.175604 0.030000 8.000976 0.030000 6.652973 0.030000 6.552466 0.030000 5.634207 0.030000 5.416076 0.030000 5.133475 0.030000 5.141723 0.150000 5.359820 0.030000 5.132405 0.030000
8.147489 0.030000 7.985964 0.030000 6.730546 0.030000 6.847350 0.150000 5.601661 0.030000 5.397728 0.030000 5.229342 0.030000 4.889780 0.030000 5.365353 0.030000 5.188251 0.030000
