1.148153 0.021000 0.947185 0.021000 5.145157 0.021000 5.894385 0.105000 3.468634 0.021000 4.060780 0.105000 6.738644 0.105000 6.619514 0.021000 8.367210 0.021000 8.512354 0.021000
1.167511 0.021000 0.958213 0.021000 5.174444 0.021000 5.447787 0.021000 3.436159 0.021000 3.633569 0.021000 6.644580 0.021000 6.704069 0.021000 8.382114 0.105000 8.463625 0.021000
1.252003 0.021000 0.987059 0.021000 5.123674 0.021000 5.364940 0.021000 3.439766 0.021000 3.569806 0.021000 6.638240 0.021000 6.651792 0.021000 8.345744 0.021000 8.441150 0.021000
1.220379 0.021000 1.025675 0.021000 5.086052 0.021000 5.360679 0.021000 3.358277 0.021000 3.554438 0.021000 6.714258 0.021000 6.650950 0.021000 8.250204 0.021000 8.490861 0.021000
1.255459 0.021000 1.354008 0.105000 4.995459 0.105000 5.281309 0.021000 3.367080 0.021000 3.510829 0.021000 6.662494 0.021000 6.668346 0.021000 8.294406 0.021000 8.483812 0.021000
1.303309 0.021000 1.317655 0.105000 5.028117 0.021000 5.360510 0.105000 3.362481 0.021000 3.551423 0.021000 6.621227 0.105000 6.692373 0.021000 8.285742 0.021000 8.455014 0.021000
1.316118 0.021000 1.132994 0.021000 4.952960 0.021000 5.225571 0.021000 3.407152 0.021000 3.509058 0.021000 6.669344 0.021000 6.655749 0.021000 8.224651 0.021000 8.365796 0.021000
1.349912 0.021000 1.073726 0.021000 4.906168 0.021000 5.197218 0.021000 3.331156 0.021000 3.480132 0.021000 6.555060 0.105000 6.681979 0.021000 8.220984 0.021000 8.450499 0.021000
1.342955 0.021000 1.147726 0.021000 4.927395 0.021000 5.156419 0.021000 3.298793 0.021000 3.470823 0.021000 6.687856 0.021000 6.859622 0.105000 8.252722 0.021000 8.368953 0.021000
1.361244 0.021000 1.181264 0.021000 4.972494 0.105000 5.132065 0.021000 3.296698 0.021000 3.433332 0.021000 6.710521 0.021000 6.677731 0.021000 8.177426 0.021000 8.357873 0.021000
1.371978 0.021000 1.179476 0.021000 4.859971 0.021000 5.133932 0.021000 3.274143 0.021000 3.419822 0.021000 6.727333 0.021000 6.678300 0.021000 8.166064 0.021000 8.322280 0.021000
1.424762 0.021000 1.139084 0.021000 4.858469 0.021000 5.064356 0.021000 3.296596 0.021000 3.408262 0.021000 6.655183 0.105000 6.713732 0.021000 8.158543 0.021000 8.260293 0.021000
1.458724 0.021000 1.281298 0.021000 4.833890 0.021000 5.091034 0.021000 4.032096 0.105000 3.427225 0.021000 7.264743 0.105000 6.692759 0.021000 8.209499 0.021000 9.025788 0.105000
1.490474 0.021000 1.190402 0.021000 4.748520 0.021000 5.018969 0.021000 3.213229 0.021000 3.384029 0.021000 6.727444 0.021000 6.718401 0.021000 8.162835 0.021000 8.208508 0.021000
1.497979 0.021000 1.270590 0.021000 4.760484 0.021000 4.963184 0.021000 3.240859 0.021000 3.388116 0.021000 6.735561 0.021000 6.694018 0.021000 8.094390 0.021000 8.245248 0.021000
1.502851 0.021000 1.314892 0.021000 4.758045 0.021000 5.004205 0.021000 3.237192 0.021000 3.418497 0.021000 6.754590 0.021000 6.742937 0.021000 8.074786 0.021000 8.282315 0.021000
1.568242 0.021000 1.291923 0.021000 4.645720 0.021000 4.961941 0.021000 3.187404 0.021000 3.324001 0.021000 7.073060 0.105000 6.745133 0.021000 8.011072 0.021000 8.208837 0.021000
1.503328 0.021000 2.352056 0.105000 4.679928 0.021000 4.902688 0.021000 3.174657 0.021000 3.288617 0.021000 6.798952 0.021000 6.747779 0.021000 8.093091 0.021000 8.939248 0.105000
1.590664 0.021000 1.409770 0.021000 4.620282 0.021000 4.909784 0.021000 3.534728 0.105000 3.280499 0.021000 6.709706 0.021000 6.675627 0.021000 8.009582 0.021000 8.162272 0.021000
1.630277 0.021000 1.390956 0.021000 4.637164 0.021000 4.912076 0.105000 3.293040 0.105000 3.260256 0.021000 6.805705 0.021000 6.754375 0.021000 8.038575 0.021000 8.149834 0.105000
1.677087 0.021000 1.449770 0.021000 4.611602 0.021000 4.802843 0.021000 3.181676 0.105000 3.299115 0.021000 6.783229 0.021000 6.731256 0.021000 8.042892 0.021000 8.168543 0.021000
1.617940 0.021000 1.456319 0.021000 4.522290 0.021000 4.791705 0.021000 3.926337 0.105000 3.159806 0.105000 6.820788 0.021000 6.748574 0.021000 7.976731 0.021000 8.164766 0.021000
1.691604 0.105000 1.467635 0.021000 4.545592 0.021000 4.808302 0.021000 3.162270 0.021000 3.275882 0.021000 6.774382 0.021000 6.762361 0.021000 7.988690 0.021000 8.948316 0.105000
1.725073 0.021000 1.492390 0.021000 4.503724 0.021000 4.700233 0.021000 3.074442 0.021000 4.000442 0.105000 6.777302 0.021000 6.771752 0.021000 7.993381 0.021000 8.232592 0.105000
1.799888 0.021000 1.532414 0.021000 4.441917 0.021000 4.691428 0.021000 3.139097 0.105000 3.271127 0.021000 6.849240 0.021000 6.720803 0.021000 7.942517 0.021000 8.082163 0.021000
1.800721 0.021000 1.542365 0.021000 4.456839 0.021000 4.707752 0.021000 3.072581 0.021000 3.120959 0.021000 6.826783 0.021000 6.747342 0.021000 7.900016 0.021000 8.062284 0.021000
1.770071 0.021000 1.707602 0.105000 4.359360 0.021000 4.626046 0.021000 3.043792 0.021000 3.180563 0.021000 6.806283 0.105000 6.802411 0.021000 7.881818 0.021000 8.041962 0.021000
1.843189 0.021000 1.630580 0.021000 4.379184 0.021000 4.620038 0.021000 3.024509 0.021000 3.605451 0.105000 6.799656 0.021000 6.721140 0.021000 7.875769 0.021000 8.284150 0.105000
1.868090 0.021000 1.654530 0.021000 4.332508 0.021000 4.566268 0.021000 3.000345 0.021000 3.151551 0.021000 6.848741 0.021000 6.744046 0.021000 8.162469 0.105000 8.022695 0.021000
1.949259 0.021000 1.670695 0.021000 4.332225 0.021000 4.528403 0.021000 3.078560 0.021000 3.107085 0.021000 6.864286 0.021000 6.810462 0.021000 7.881249 0.021000 7.964943 0.021000
1.913329 0.021000 1.742125 0.021000 4.246987 0.021000 4.581860 0.021000 3.017238 0.021000 3.122401 0.021000 6.843337 0.021000 7.640379 0.105000 7.876363 0.021000 7.978432 0.021000
2.028438 0.021000 1.780780 0.105000 4.231751 0.021000 4.550762 0.021000 3.008896 0.021000 3.116251 0.021000 6.830756 0.021000 6.759445 0.021000 7.823883 0.021000 7.927743 0.021000
2.038119 0.021000 1.741441 0.021000 4.214937 0.021000 4.388513 0.021000 2.919804 0.021000 3.124377 0.021000 6.871871 0.021000 6.809636 0.021000 7.784260 0.021000 7.862094 0.021000
2.042853 0.021000 1.782042 0.021000 4.233275 0.021000 5.003724 0.105000 2.699148 0.105000 3.080328 0.021000 6.883197 0.021000 6.781801 0.021000 7.716927 0.021000 7.922203 0.021000
1.994706 0.021000 2.021223 0.105000 4.200872 0.021000 4.468803 0.021000 2.924839 0.021000 3.132483 0.021000 6.897640 0.021000 6.801102 0.021000 7.770352 0.021000 7.930347 0.021000
2.075663 0.021000 1.821730 0.021000 4.147810 0.021000 4.395999 0.021000 3.229212 0.105000 3.081641 0.021000 6.890710 0.021000 6.846752 0.021000 7.705374 0.021000 7.885733 0.021000
2.110385 0.021000 1.846236 0.021000 4.130509 0.021000 4.310978 0.021000 2.860025 0.021000 3.017427 0.021000 6.930955 0.021000 6.823231 0.021000 7.717812 0.021000 7.851007 0.021000
2.134661 0.021000 1.935957 0.021000 4.101268 0.021000 4.360342 0.021000 2.949648 0.021000 3.004018 0.021000 6.894204 0.021000 6.836923 0.021000 7.725166 0.021000 7.849194 0.021000
2.147596 0.021000 1.930741 0.021000 4.050061 0.021000 4.275234 0.021000 2.915447 0.021000 2.979926 0.021000 6.922921 0.021000 6.915788 0.021000 7.701754 0.021000 7.825508 0.021000
2.155445 0.021000 2.648606 0.105000 4.012448 0.021000 4.298262 0.021000 3.082181 0.105000 3.024634 0.021000 6.934776 0.021000 6.809940 0.021000 7.709739 0.021000 7.794220 0.021000
2.194624 0.021000 1.991776 0.021000 3.932198 0.021000 4.274183 0.021000 2.897692 0.021000 3.015192 0.021000 6.903588 0.021000 6.906115 0.021000 7.618524 0.021000 7.761839 0.021000
2.270086 0.021000 1.985580 0.021000 4.008978 0.021000 4.192789 0.021000 3.570909 0.105000 2.990122 0.021000 6.951295 0.021000 6.907456 0.021000 7.612453 0.021000 7.903543 0.105000
2.642427 0.105000 2.078416 0.021000 3.932013 0.021000 4.166280 0.021000 2.843106 0.021000 2.977940 0.021000 6.924629 0.021000 6.873220 0.021000 7.587212 0.021000 7.735431 0.021000
2.362217 0.021000 2.083186 0.021000 3.925564 0.021000 4.113203 0.021000 2.859365 0.021000 2.992241 0.021000 7.025725 0.021000 6.897302 0.105000 7.639221 0.021000 7.765260 0.021000
2.353434 0.021000 2.146933 0.021000 3.890742 0.021000 4.079722 0.021000 2.805430 0.021000 2.978265 0.021000 7.019662 0.021000 6.920615 0.021000 7.877234 0.105000 8.209090 0.105000
2.329575 0.021000 2.160430 0.021000 3.845271 0.021000 4.109525 0.021000 3.015138 0.105000 2.919167 0.021000 6.955044 0.021000 6.892463 0.021000 7.617066 0.021000 7.745160 0.021000
2.371582 0.021000 2.189400 0.021000 3.771579 0.021000 4.040994 0.021000 2.824776 0.021000 2.938392 0.021000 6.941477 0.021000 6.916065 0.021000 7.605279 0.021000 7.704791 0.021000
2.429811 0.021000 2.175298 0.021000 3.781155 0.021000 4.073329 0.021000 3.175287 0.105000 2.936538 0.021000 6.964026 0.021000 6.865211 0.021000 7.545061 0.021000 7.747969 0.021000
2.456010 0.021000 2.247605 0.021000 3.744048 0.021000 3.992997 0.021000 3.053476 0.105000 2.860696 0.021000 6.979656 0.021000 6.954094 0.021000 7.513412 0.021000 7.651095 0.021000
2.506024 0.021000 2.232058 0.021000 3.733972 0.021000 3.930288 0.021000 2.787294 0.021000 2.896352 0.021000 7.055731 0.021000 6.998138 0.021000 7.756456 0.105000 7.684207 0.021000
2.485657 0.021000 2.285548 0.021000 3.760744 0.021000 4.044451 0.105000 2.839542 0.021000 2.881805 0.021000 7.022995 0.021000 6.922181 0.021000 7.524042 0.021000 7.665543 0.021000
2.511991 0.021000 2.335953 0.021000 3.557399 0.105000 4.056014 0.105000 2.772370 0.021000 2.882689 0.021000 7.099742 0.021000 6.987163 0.021000 7.510560 0.105000 7.685155 0.021000
2.570240 0.021000 2.328969 0.021000 3.641704 0.021000 3.951749 0.021000 2.820057 0.021000 2.868127 0.021000 7.075269 0.021000 7.019233 0.021000 7.485517 0.021000 7.558042 0.021000
2.583852 0.021000 2.344288 0.021000 3.522780 0.021000 3.871177 0.021000 2.816845 0.021000 2.867885 0.021000 7.195209 0.105000 6.953980 0.021000 7.430390 0.021000 7.545358 0.021000
2.606259 0.021000 2.389239 0.021000 3.776861 0.105000 3.821342 0.021000 2.763063 0.021000 2.815910 0.021000 7.016513 0.021000 6.995957 0.021000 7.448033 0.021000 8.248939 0.105000
2.621318 0.021000 2.379313 0.021000 3.573708 0.021000 3.763886 0.021000 2.808508 0.021000 2.883373 0.021000 7.090452 0.021000 6.945880 0.021000 7.438820 0.021000 7.564586 0.021000
2.686085 0.105000 2.432108 0.021000 3.540005 0.021000 3.770342 0.021000 2.781090 0.021000 2.839517 0.021000 7.165727 0.021000 7.064201 0.021000 7.472845 0.021000 7.572242 0.021000
2.782214 0.105000 2.439552 0.021000 3.493524 0.021000 3.684457 0.021000 2.738587 0.021000 2.798110 0.021000 7.138463 0.021000 7.002542 0.021000 7.428899 0.021000 7.553621 0.021000
2.718787 0.021000 2.516332 0.021000 3.440581 0.021000 3.716961 0.021000 2.753255 0.021000 2.835414 0.021000 7.105852 0.021000 7.043775 0.021000 7.375212 0.021000 7.565707 0.105000
2.940041 0.105000 2.590599 0.105000 3.420989 0.021000 3.659415 0.021000 2.744805 0.021000 2.758433 0.021000 7.152038 0.021000 7.065147 0.021000 7.412660 0.021000 7.551507 0.021000
2.812513 0.021000 2.795034 0.105000 3.462373 0.021000 3.596737 0.021000 2.801081 0.021000 2.793206 0.021000 7.159500 0.021000 7.104212 0.021000 7.379092 0.021000 7.513981 0.021000
2.767062 0.021000 2.567876 0.021000 3.340675 0.021000 3.637874 0.021000 2.780372 0.021000 2.795355 0.021000 8.462224 0.105000 7.080749 0.021000 7.389544 0.021000 7.456798 0.021000
2.875034 0.021000 2.608836 0.021000 3.290888 0.021000 3.559414 0.021000 2.748378 0.021000 2.734613 0.021000 7.172933 0.021000 7.081447 0.021000 7.360498 0.021000 7.503487 0.021000
3.347865 0.105000 2.609701 0.021000 3.353377 0.021000 3.541975 0.021000 2.775830 0.021000 2.758233 0.021000 7.227543 0.021000 7.096946 0.021000 7.372287 0.021000 7.420312 0.021000
2.921437 0.021000 2.652866 0.021000 3.283766 0.021000 3.537146 0.021000 2.692677 0.021000 3.777506 0.105000 7.188393 0.021000 7.113993 0.021000 7.336323 0.021000 8.017538 0.105000
2.959670 0.105000 2.686009 0.021000 3.239137 0.021000 3.546963 0.021000 2.776686 0.021000 2.756910 0.021000 7.218035 0.021000 7.157191 0.021000 7.253244 0.021000 7.444113 0.021000
2.966017 0.021000 2.708772 0.021000 3.206612 0.021000 3.389858 0.105000 3.154568 0.105000 2.772870 0.021000 7.240687 0.021000 7.128802 0.021000 7.238500 0.021000 7.460333 0.021000
2.957447 0.021000 2.717490 0.021000 3.194064 0.021000 3.419028 0.021000 2.751363 0.021000 2.735145 0.021000 7.198037 0.021000 7.125966 0.105000 7.244126 0.021000 7.356978 0.021000
3.007137 0.021000 2.929958 0.105000 3.162369 0.021000 3.358499 0.021000 2.742776 0.021000 2.809322 0.021000 7.232105 0.021000 7.102183 0.021000 7.263109 0.021000 7.372965 0.021000
2.996109 0.021000 2.836272 0.021000 3.128772 0.021000 3.549282 0.105000 2.764024 0.021000 2.706738 0.021000 7.249689 0.021000 7.195020 0.105000 7.305539 0.021000 7.377932 0.021000
3.136136 0.021000 2.818015 0.021000 3.144585 0.021000 3.333084 0.021000 2.776016 0.021000 2.715760 0.021000 7.244608 0.021000 7.150997 0.021000 7.252456 0.021000 7.348152 0.021000
3.104549 0.021000 2.888153 0.021000 3.050904 0.021000 3.365479 0.021000 2.725483 0.021000 2.798625 0.021000 7.228379 0.021000 7.132382 0.021000 7.221713 0.021000 7.345888 0.021000
3.204465 0.021000 2.894716 0.021000 3.036477 0.021000 3.301944 0.021000 2.704543 0.021000 2.751664 0.021000 7.310413 0.021000 7.177984 0.021000 7.256577 0.021000 7.310885 0.021000
3.192490 0.021000 2.915370 0.105000 2.995414 0.021000 3.307599 0.021000 2.723891 0.021000 2.773595 0.021000 7.372140 0.105000 7.195766 0.021000 7.155487 0.021000 7.331263 0.021000
3.142376 0.021000 2.938364 0.021000 2.973442 0.021000 3.846059 0.105000 2.759592 0.021000 2.777183 0.021000 7.260395 0.021000 7.588106 0.105000 7.185358 0.021000 7.301498 0.021000
4.066574 0.105000 3.017780 0.021000 2.977765 0.021000 3.213252 0.021000 2.766382 0.021000 2.753030 0.021000 7.308851 0.021000 7.277723 0.021000 7.183653 0.021000 7.340172 0.021000
3.247897 0.021000 2.973023 0.021000 2.946830 0.021000 3.319050 0.105000 2.757004 0.021000 2.753948 0.021000 7.395589 0.021000 7.223493 0.105000 7.204687 0.021000 7.328881 0.021000
3.277195 0.021000 3.051164 0.021000 2.914996 0.021000 3.117374 0.021000 3.203375 0.105000 2.735378 0.021000 7.366412 0.021000 7.239203 0.021000 7.133923 0.021000 7.296197 0.021000
3.789532 0.105000 3.034760 0.021000 2.828315 0.021000 3.141007 0.021000 2.736617 0.021000 2.704825 0.021000 7.367040 0.021000 8.032531 0.105000 7.211139 0.021000 7.243262 0.021000
3.328517 0.021000 3.104392 0.021000 2.853558 0.021000 3.045122 0.021000 2.731416 0.021000 2.788187 0.021000 7.384664 0.021000 7.272290 0.021000 7.131510 0.021000 7.240059 0.021000
3.460598 0.105000 3.136987 0.021000 2.835675 0.021000 3.019195 0.021000 2.840024 0.105000 2.714983 0.105000 7.395181 0.021000 7.324722 0.021000 7.124734 0.021000 7.205657 0.021000
3.465243 0.105000 3.163686 0.021000 2.782584 0.021000 3.074740 0.021000 2.727196 0.021000 2.689950 0.021000 7.372758 0.021000 7.251419 0.021000 7.091282 0.021000 7.215492 0.021000
3.430428 0.021000 3.200638 0.021000 2.782426 0.021000 2.940086 0.021000 3.004009 0.105000 2.728584 0.021000 7.399320 0.021000 7.357756 0.105000 7.088945 0.105000 7.198191 0.021000
3.476596 0.021000 3.253078 0.021000 2.738068 0.021000 2.988295 0.021000 2.755777 0.021000 3.398956 0.105000 8.179391 0.105000 7.326086 0.021000 7.067021 0.021000 7.244350 0.021000
3.485971 0.021000 3.245206 0.021000 2.719137 0.021000 2.920340 0.021000 2.797913 0.021000 2.747635 0.021000 7.428041 0.021000 7.315892 0.021000 7.120529 0.021000 7.212447 0.021000
3.544393 0.021000 3.282948 0.021000 2.634387 0.021000 2.913355 0.021000 2.781448 0.021000 2.788297 0.021000 7.469481 0.021000 7.662380 0.105000 7.356054 0.105000 7.144101 0.021000
3.570053 0.021000 3.953243 0.105000 2.588888 0.021000 4.019741 0.105000 2.779039 0.021000 2.796792 0.021000 7.429203 0.021000 7.332133 0.021000 7.091201 0.021000 7.148405 0.021000
3.571349 0.021000 3.329469 0.021000 2.570665 0.021000 2.815995 0.021000 2.776794 0.021000 2.720809 0.021000 7.513769 0.021000 7.410543 0.021000 7.079085 0.021000 7.660157 0.105000
3.579775 0.021000 3.407909 0.021000 2.635567 0.021000 2.765562 0.021000 2.776980 0.021000 2.783048 0.021000 7.506404 0.021000 7.353301 0.021000 7.026711 0.021000 7.135877 0.021000
3.690954 0.021000 3.526509 0.105000 2.579001 0.021000 3.203017 0.105000 2.810045 0.021000 2.749724 0.021000 7.486671 0.021000 7.459471 0.021000 7.028835 0.021000 7.129591 0.021000
3.625444 0.021000 3.424918 0.021000 2.555204 0.021000 2.713633 0.021000 2.801603 0.021000 3.761676 0.105000 7.525010 0.021000 7.450743 0.021000 7.018143 0.021000 7.116360 0.021000
3.703393 0.021000 3.468847 0.021000 2.489835 0.021000 2.748269 0.021000 2.828696 0.021000 2.725521 0.021000 7.523897 0.021000 7.634504 0.105000 7.007158 0.021000 7.119170 0.021000
3.732498 0.021000 3.467171 0.105000 2.453546 0.021000 2.668127 0.021000 2.807489 0.021000 2.743596 0.021000 7.554491 0.021000 7.423500 0.021000 7.011893 0.021000 7.335056 0.105000
3.726148 0.021000 3.496657 0.021000 2.438023 0.021000 2.674216 0.021000 2.844622 0.021000 2.826400 0.021000 7.496274 0.021000 7.475776 0.021000 6.942421 0.021000 7.016323 0.021000
3.770531 0.021000 3.486039 0.021000 2.428147 0.021000 2.682092 0.021000 2.977962 0.105000 2.791866 0.021000 7.561424 0.021000 7.450189 0.021000 6.960530 0.021000 7.057879 0.021000
3.835645 0.021000 3.579560 0.105000 2.417704 0.021000 2.567650 0.021000 2.845019 0.021000 2.785173 0.021000 7.595019 0.021000 7.469858 0.021000 6.969803 0.021000 7.030538 0.021000
3.860872 0.021000 3.616552 0.021000 2.359308 0.021000 3.501098 0.105000 2.886551 0.021000 2.767212 0.021000 7.621953 0.021000 7.563593 0.021000 7.001702 0.021000 7.038203 0.021000
3.871727 0.021000 3.669087 0.021000 2.303096 0.105000 2.598027 0.021000 2.813267 0.021000 2.825397 0.021000 7.688121 0.021000 7.492462 0.021000 6.975819 0.021000 7.016541 0.021000
3.935917 0.021000 3.639236 0.021000 3.762100 0.105000 2.526896 0.021000 2.820953 0.021000 2.787292 0.021000 7.629957 0.021000 7.491457 0.021000 6.917335 0.021000 6.982375 0.021000
3.924290 0.021000 3.678864 0.021000 2.262882 0.021000 2.487008 0.021000 2.871949 0.021000 2.781497 0.021000 7.655154 0.021000 7.483987 0.021000 6.948215 0.021000 7.047444 0.021000
3.900189 0.021000 3.731932 0.021000 2.205454 0.021000 2.455390 0.021000 2.894315 0.021000 2.751793 0.021000 7.740026 0.021000 7.533720 0.021000 6.880117 0.021000 7.059845 0.021000
3.937152 0.021000 3.728674 0.021000 2.167641 0.021000 2.489894 0.021000 2.855163 0.105000 2.852636 0.021000 7.731768 0.021000 7.569839 0.021000 6.906497 0.021000 6.942053 0.021000
3.971389 0.021000 3.800476 0.021000 2.222329 0.021000 2.410980 0.021000 2.927373 0.021000 2.804205 0.021000 7.705073 0.021000 7.510687 0.021000 6.896048 0.021000 6.982037 0.021000
4.003673 0.021000 3.827009 0.021000 2.098769 0.021000 2.383547 0.021000 2.946026 0.021000 2.853677 0.021000 7.719984 0.021000 7.573255 0.021000 6.886111 0.021000 6.972336 0.021000
4.227674 0.105000 3.837294 0.021000 2.109962 0.021000 2.350060 0.021000 2.904677 0.021000 2.886069 0.021000 7.839654 0.105000 7.645852 0.021000 6.888630 0.021000 7.014550 0.021000
4.111757 0.021000 3.816166 0.021000 2.357192 0.105000 2.376353 0.021000 2.905193 0.021000 2.839457 0.021000 7.715804 0.021000 7.638712 0.021000 6.895054 0.021000 6.915443 0.021000
4.154747 0.021000 3.828962 0.021000 2.083666 0.021000 2.334847 0.021000 2.909525 0.021000 2.806849 0.021000 7.728570 0.021000 7.584742 0.021000 6.867134 0.021000 6.913796 0.021000
4.183007 0.021000 3.947953 0.021000 1.998840 0.021000 2.489491 0.105000 2.949666 0.021000 2.847620 0.021000 7.780427 0.021000 7.637292 0.021000 6.825589 0.021000 6.895025 0.021000
4.184242 0.021000 3.913794 0.021000 2.031260 0.021000 2.216873 0.021000 2.949183 0.021000 2.862151 0.021000 7.823400 0.021000 7.667036 0.021000 6.864863 0.021000 6.919214 0.021000
4.801910 0.105000 3.988963 0.021000 1.947273 0.021000 2.339520 0.105000 2.922707 0.021000 2.888745 0.021000 7.796386 0.021000 7.689748 0.021000 6.854312 0.021000 7.409173 0.105000
4.266697 0.021000 4.004640 0.021000 1.941420 0.021000 2.144208 0.021000 2.994570 0.021000 2.862987 0.021000 7.805770 0.021000 7.716945 0.021000 7.332061 0.105000 6.933327 0.021000
4.524515 0.105000 4.045134 0.021000 1.934961 0.021000 2.173637 0.021000 2.993992 0.021000 2.949707 0.021000 7.841203 0.021000 7.707984 0.021000 6.808213 0.021000 6.918282 0.021000
4.314981 0.021000 4.051432 0.021000 1.724121 0.105000 2.163376 0.021000 2.964532 0.021000 3.599764 0.105000 7.817046 0.021000 7.792698 0.021000 6.828666 0.021000 6.868793 0.021000
4.304946 0.021000 4.073537 0.021000 1.878261 0.021000 2.110728 0.021000 3.051548 0.021000 2.918057 0.021000 7.872808 0.021000 8.679790 0.105000 6.792885 0.021000 6.830140 0.021000
4.387469 0.021000 4.125952 0.021000 1.925051 0.021000 1.989787 0.105000 3.010188 0.021000 2.933201 0.021000 8.381494 0.105000 7.748310 0.021000 7.105475 0.105000 6.854433 0.021000
4.915187 0.105000 4.793337 0.105000 1.809812 0.021000 2.069009 0.021000 3.016919 0.021000 2.966918 0.021000 7.912424 0.021000 7.805050 0.021000 6.830767 0.021000 6.816022 0.021000
4.427651 0.105000 4.104085 0.021000 1.824436 0.021000 2.334493 0.105000 3.091165 0.021000 2.892579 0.021000 7.907974 0.021000 7.803717 0.021000 6.774591 0.021000 7.228828 0.105000
4.421855 0.021000 4.238170 0.021000 1.762036 0.021000 1.996914 0.021000 3.064865 0.021000 2.981146 0.021000 7.962217 0.021000 7.789647 0.021000 6.807093 0.021000 6.812289 0.021000
4.476504 0.021000 4.272336 0.021000 1.715903 0.021000 1.944648 0.021000 3.093852 0.021000 2.966634 0.021000 7.930569 0.021000 7.778400 0.021000 6.761208 0.021000 6.837334 0.021000
4.531309 0.021000 4.258967 0.021000 1.721023 0.021000 2.385388 0.105000 3.099541 0.021000 3.120953 0.105000 7.987706 0.021000 7.863848 0.021000 7.202549 0.105000 6.766275 0.021000
4.471769 0.021000 4.231904 0.021000 1.660175 0.021000 1.934232 0.021000 3.148540 0.021000 3.004346 0.021000 7.984937 0.021000 7.888115 0.021000 6.738224 0.021000 6.776885 0.021000
4.595877 0.021000 4.309404 0.021000 1.664003 0.021000 1.863398 0.105000 3.142667 0.021000 3.070876 0.021000 8.023709 0.021000 7.842292 0.021000 6.754479 0.021000 6.865225 0.021000
4.592503 0.021000 4.381500 0.021000 1.711671 0.021000 1.831310 0.021000 3.121719 0.105000 2.989360 0.021000 8.080884 0.021000 7.868195 0.021000 6.782538 0.021000 6.774378 0.021000
4.632284 0.021000 4.389773 0.021000 1.554763 0.021000 1.940828 0.105000 3.158443 0.021000 3.048659 0.021000 8.051925 0.021000 7.865958 0.021000 6.694333 0.021000 6.795852 0.021000
4.617611 0.021000 4.601828 0.105000 1.596077 0.021000 1.837602 0.021000 3.192663 0.021000 2.978421 0.021000 8.171399 0.105000 7.892561 0.021000 6.732055 0.021000 6.864632 0.021000
4.687614 0.021000 4.384082 0.021000 1.543026 0.021000 1.779638 0.021000 3.288878 0.105000 3.045430 0.021000 8.104537 0.021000 7.934671 0.021000 6.707673 0.021000 6.788301 0.021000
4.694828 0.021000 4.448213 0.021000 1.466428 0.021000 1.723081 0.021000 3.183823 0.021000 3.001218 0.021000 8.089898 0.021000 7.900017 0.021000 6.693337 0.021000 6.736721 0.021000
4.697173 0.021000 4.435788 0.021000 1.595868 0.021000 1.803411 0.021000 3.164173 0.021000 3.038016 0.021000 8.072215 0.021000 7.914193 0.021000 6.721419 0.021000 6.755303 0.021000
4.760821 0.021000 4.487289 0.021000 1.564882 0.021000 1.694955 0.021000 3.195035 0.021000 3.077337 0.021000 8.136140 0.021000 7.964484 0.021000 6.738979 0.021000 6.710379 0.021000
4.812181 0.021000 4.487352 0.021000 1.493684 0.021000 2.060109 0.105000 3.196193 0.021000 3.141762 0.021000 8.107849 0.021000 8.040515 0.021000 6.667514 0.021000 6.772153 0.021000
4.818244 0.021000 4.526089 0.021000 1.464274 0.021000 1.709439 0.021000 3.167552 0.021000 3.093389 0.021000 8.114032 0.021000 8.413186 0.105000 6.724530 0.021000 7.609837 0.105000
4.768439 0.021000 4.514127 0.021000 1.455015 0.021000 1.656881 0.021000 3.134484 0.105000 3.102366 0.021000 8.177036 0.021000 7.985141 0.021000 6.683838 0.021000 6.727382 0.021000
4.814884 0.021000 4.591338 0.021000 1.455953 0.021000 1.642879 0.021000 3.252491 0.021000 3.101074 0.021000 7.939424 0.105000 8.222359 0.105000 6.694156 0.021000 6.733607 0.021000
4.791699 0.021000 4.635677 0.021000 1.414086 0.021000 1.654363 0.021000 3.443862 0.105000 3.155550 0.021000 8.743641 0.105000 8.047870 0.021000 6.656477 0.021000 6.736665 0.021000
4.818120 0.021000 4.623520 0.021000 1.362646 0.021000 1.537569 0.021000 3.267002 0.021000 3.109019 0.021000 8.185893 0.021000 8.010338 0.021000 6.686410 0.021000 6.742053 0.021000
5.088730 0.105000 4.611285 0.021000 1.577257 0.105000 1.645571 0.021000 3.254496 0.021000 3.149612 0.021000 8.193525 0.021000 8.102476 0.021000 7.433978 0.105000 6.763485 0.021000
4.908613 0.021000 4.612826 0.021000 1.358135 0.021000 1.614946 0.021000 3.257861 0.021000 3.145769 0.021000 8.131536 0.021000 8.059331 0.021000 6.702702 0.021000 6.700757 0.021000
4.895919 0.021000 4.692921 0.021000 1.319552 0.021000 1.591194 0.021000 3.329761 0.021000 3.161519 0.021000 8.123421 0.021000 8.066303 0.021000 6.656875 0.021000 7.320774 0.105000
4.928609 0.021000 4.657927 0.021000 1.408194 0.021000 1.793309 0.105000 3.341873 0.021000 3.147522 0.021000 8.184865 0.021000 8.043305 0.021000 6.638880 0.021000 7.119693 0.105000
4.957921 0.021000 4.719744 0.021000 1.345005 0.021000 1.927681 0.105000 3.611404 0.105000 3.226933 0.021000 8.240209 0.021000 8.062020 0.021000 6.708574 0.021000 6.731331 0.021000
4.905331 0.021000 4.718838 0.021000 1.842036 0.105000 1.555210 0.021000 3.278935 0.021000 3.181384 0.021000 8.235781 0.021000 8.134966 0.021000 6.619023 0.021000 6.711179 0.021000
4.962540 0.021000 4.772986 0.021000 1.333447 0.021000 1.513344 0.021000 3.306606 0.021000 3.159726 0.021000 8.510033 0.105000 8.084653 0.021000 6.605977 0.021000 6.678579 0.021000
5.001701 0.021000 4.739670 0.021000 1.701868 0.105000 1.517878 0.021000 3.328425 0.021000 3.269230 0.021000 8.304859 0.021000 8.141689 0.105000 6.626985 0.021000 6.799240 0.021000
5.039941 0.021000 4.733378 0.021000 1.254144 0.021000 1.540399 0.021000 3.378029 0.021000 3.208226 0.021000 8.258882 0.021000 8.112650 0.021000 6.631257 0.021000 6.723207 0.021000
5.024354 0.021000 4.786855 0.021000 1.304746 0.021000 1.493047 0.021000 3.334330 0.021000 3.225138 0.021000 8.245847 0.021000 8.078303 0.021000 6.675411 0.021000 6.719824 0.021000
5.051043 0.021000 4.763473 0.021000 1.268855 0.021000 1.540645 0.021000 3.415669 0.021000 3.660741 0.105000 8.261803 0.021000 8.096715 0.021000 6.668828 0.021000 6.643815 0.021000
5.023296 0.021000 4.806875 0.021000 1.290852 0.021000 1.490516 0.021000 3.363048 0.021000 3.207879 0.021000 8.265654 0.021000 8.122299 0.021000 6.654015 0.021000 6.699848 0.021000
5.023777 0.021000 4.785561 0.021000 1.228585 0.021000 1.455472 0.021000 3.406753 0.021000 3.221666 0.021000 8.299334 0.021000 8.127498 0.021000 6.723418 0.021000 6.724598 0.021000
5.063691 0.021000 4.762398 0.021000 1.219359 0.021000 1.442571 0.021000 3.357172 0.021000 3.234496 0.021000 8.366792 0.105000 8.131676 0.021000 6.652615 0.021000 6.669889 0.021000
5.084459 0.021000 4.842661 0.021000 1.260833 0.021000 1.466233 0.021000 3.497277 0.105000 3.211321 0.021000 8.287697 0.021000 8.127768 0.021000 6.658354 0.021000 6.695850 0.021000
5.133712 0.021000 5.232221 0.105000 1.196438 0.021000 1.405020 0.021000 3.353265 0.021000 3.414108 0.105000 8.271890 0.021000 8.670784 0.105000 7.111134 0.105000 6.686618 0.021000
5.472315 0.105000 4.857481 0.021000 1.336806 0.105000 1.421674 0.021000 3.351967 0.021000 3.312815 0.021000 8.340838 0.021000 8.378910 0.105000 6.673289 0.021000 6.727769 0.021000
5.136040 0.021000 4.807621 0.021000 1.247687 0.021000 1.385260 0.021000 3.409435 0.021000 3.282099 0.021000 8.384456 0.021000 8.142542 0.021000 6.659644 0.021000 6.752397 0.105000
5.143502 0.105000 4.861940 0.021000 1.143177 0.021000 1.398469 0.021000 3.462954 0.021000 3.287140 0.021000 8.381234 0.021000 8.230391 0.021000 6.660727 0.021000 6.676508 0.021000
5.160717 0.021000 4.866549 0.021000 1.172721 0.021000 1.339600 0.021000 3.432456 0.021000 3.283355 0.021000 8.336759 0.021000 8.202603 0.021000 6.626770 0.021000 6.666484 0.021000
5.076346 0.021000 4.836252 0.021000 1.882613 0.105000 1.392611 0.021000 3.420947 0.021000 3.254050 0.021000 8.341436 0.105000 8.173992 0.021000 6.561042 0.105000 6.727168 0.021000
5.179571 0.021000 4.811457 0.021000 1.125370 0.021000 1.393863 0.021000 3.376429 0.021000 3.287335 0.021000 8.360540 0.021000 8.441648 0.105000 6.723261 0.021000 6.673118 0.021000
5.082717 0.105000 4.832576 0.021000 1.207646 0.021000 1.378835 0.021000 3.750888 0.105000 3.327176 0.021000 8.404503 0.105000 8.218055 0.021000 6.636141 0.021000 6.704761 0.021000
5.157089 0.021000 4.906168 0.021000 1.146088 0.021000 1.384309 0.021000 3.384854 0.021000 3.275628 0.021000 8.290658 0.021000 8.273614 0.021000 6.609636 0.021000 6.691191 0.021000
5.159012 0.021000 5.660215 0.105000 1.231344 0.021000 1.382848 0.021000 3.405041 0.021000 3.274507 0.021000 8.725454 0.105000 8.178915 0.021000 6.624446 0.021000 6.735192 0.021000
5.498906 0.105000 4.839387 0.021000 1.180256 0.021000 1.377867 0.021000 3.448502 0.021000 3.333383 0.021000 8.344349 0.105000 8.584427 0.105000 7.313905 0.105000 6.681683 0.021000
5.204318 0.021000 4.920501 0.021000 1.171368 0.021000 1.331699 0.021000 3.492470 0.021000 3.328160 0.021000 8.308541 0.021000 8.228120 0.021000 6.605805 0.021000 6.699283 0.021000
5.149650 0.021000 4.936096 0.021000 1.197841 0.021000 1.364859 0.021000 3.388391 0.021000 3.337968 0.021000 8.237089 0.105000 8.217487 0.021000 6.619777 0.021000 6.709527 0.021000
6.850320 0.105000 4.914429 0.021000 1.168410 0.021000 1.259408 0.021000 3.377617 0.021000 3.362897 0.021000 8.309128 0.021000 8.238703 0.021000 6.616257 0.021000 6.726547 0.021000
5.183959 0.021000 5.877131 0.105000 1.171138 0.021000 1.274252 0.021000 3.424238 0.021000 3.367911 0.021000 8.361368 0.021000 8.226291 0.021000 6.665161 0.105000 6.737752 0.021000
5.227894 0.021000 4.879609 0.021000 1.140373 0.021000 1.282929 0.021000 3.419683 0.021000 3.345371 0.021000 8.338908 0.021000 8.216887 0.021000 6.520224 0.021000 7.309919 0.105000
5.639153 0.105000 4.923855 0.021000 1.194090 0.021000 1.257839 0.021000 3.406615 0.021000 3.403265 0.021000 8.350435 0.021000 8.954312 0.105000 6.543569 0.021000 6.652023 0.021000
5.237231 0.021000 5.046006 0.021000 1.138188 0.021000 1.253020 0.021000 3.405103 0.021000 3.510999 0.105000 8.342024 0.021000 8.321636 0.021000 6.521050 0.021000 6.678794 0.021000
5.221509 0.021000 5.022213 0.021000 1.196163 0.021000 1.250236 0.021000 3.441131 0.105000 3.411893 0.021000 8.332635 0.021000 8.317241 0.021000 6.517740 0.021000 6.721372 0.021000
5.267580 0.021000 5.024425 0.021000 1.170613 0.021000 0.989448 0.105000 3.416434 0.021000 3.431316 0.021000 8.295034 0.021000 8.331246 0.021000 6.518850 0.021000 6.693791 0.021000
5.280986 0.021000 5.058826 0.021000 1.142623 0.021000 1.221394 0.021000 3.350363 0.021000 3.443587 0.021000 8.292359 0.021000 8.288890 0.021000 6.487444 0.021000 6.728446 0.021000
5.279411 0.021000 5.083742 0.021000 1.150280 0.021000 1.163220 0.021000 3.308847 0.021000 3.426015 0.021000 8.291896 0.021000 8.346053 0.021000 6.433251 0.021000 6.632026 0.021000
5.275378 0.021000 5.131965 0.021000 1.287021 0.021000 1.173466 0.021000 3.276264 0.021000 3.417819 0.021000 8.236983 0.021000 8.326036 0.021000 6.387682 0.021000 6.607547 0.021000
5.298584 0.021000 5.559662 0.105000 1.232919 0.021000 1.160801 0.021000 3.335304 0.021000 3.453011 0.021000 8.231386 0.021000 8.324319 0.021000 6.377872 0.021000 6.618394 0.021000
5.238057 0.021000 5.193313 0.021000 1.197666 0.021000 1.150489 0.021000 3.261983 0.021000 3.853191 0.105000 8.163230 0.021000 8.342044 0.021000 6.302862 0.021000 6.580775 0.021000
5.317955 0.021000 5.139650 0.021000 1.287863 0.021000 1.169579 0.021000 3.255269 0.021000 3.438062 0.021000 8.193583 0.021000 8.326929 0.021000 6.327498 0.021000 6.549930 0.021000
5.336908 0.021000 5.507820 0.105000 1.338774 0.021000 1.132787 0.021000 3.273218 0.021000 3.389506 0.021000 8.221682 0.021000 8.289995 0.021000 6.311311 0.021000 6.546897 0.021000
5.320609 0.021000 5.236779 0.021000 1.345113 0.021000 1.212431 0.021000 3.244811 0.021000 3.387461 0.021000 8.107585 0.021000 8.296087 0.021000 6.280310 0.021000 6.487980 0.021000
5.342183 0.021000 5.274849 0.021000 1.382694 0.021000 1.222249 0.021000 3.253037 0.021000 3.383112 0.021000 8.135819 0.021000 8.791196 0.105000 6.235896 0.021000 6.475715 0.021000
5.315899 0.021000 5.247631 0.021000 1.398238 0.021000 1.184823 0.021000 3.170965 0.021000 3.385147 0.021000 8.084061 0.021000 8.444666 0.105000 6.239206 0.021000 7.726679 0.105000
5.382818 0.021000 5.255118 0.021000 1.429013 0.021000 1.191962 0.021000 3.149110 0.021000 3.344880 0.021000 8.137048 0.021000 8.251771 0.021000 6.179708 0.021000 6.440881 0.021000
5.256546 0.021000 5.273176 0.021000 1.479746 0.021000 1.217051 0.021000 3.092348 0.021000 3.319410 0.021000 8.059223 0.021000 8.225681 0.021000 6.164056 0.021000 6.410498 0.021000
5.336841 0.021000 5.288303 0.021000 1.417206 0.021000 1.261546 0.021000 4.589594 0.105000 3.370380 0.021000 8.060372 0.021000 8.171015 0.021000 6.283603 0.105000 6.351356 0.021000
5.343882 0.021000 5.331801 0.021000 1.461319 0.021000 1.316023 0.021000 3.141958 0.021000 3.297119 0.021000 8.005662 0.021000 8.185847 0.021000 6.067660 0.021000 6.331758 0.021000
5.360647 0.021000 5.369135 0.021000 1.463759 0.021000 1.269823 0.021000 3.065144 0.021000 3.328071 0.021000 7.978960 0.021000 8.143135 0.021000 6.103027 0.021000 6.303032 0.021000
5.439010 0.105000 5.308092 0.021000 1.505348 0.021000 1.300352 0.021000 3.083529 0.021000 3.260314 0.021000 7.973009 0.021000 8.182172 0.021000 5.979736 0.021000 6.245640 0.021000
5.394222 0.021000 5.915160 0.105000 1.486092 0.021000 1.317275 0.021000 3.066537 0.021000 3.223823 0.021000 7.913661 0.021000 8.100843 0.021000 5.976500 0.021000 6.279893 0.021000
5.368716 0.021000 5.386554 0.021000 1.590717 0.021000 1.390793 0.021000 3.009771 0.021000 3.207246 0.021000 7.946525 0.021000 8.508286 0.105000 6.182199 0.105000 6.487882 0.105000
5.459296 0.021000 5.304070 0.021000 1.574055 0.021000 1.404058 0.021000 2.973847 0.021000 3.211906 0.021000 7.874800 0.021000 8.061930 0.021000 7.011098 0.105000 6.211912 0.021000
5.357512 0.021000 5.378781 0.021000 1.640170 0.021000 1.425012 0.021000 2.927190 0.021000 3.159175 0.105000 7.885221 0.021000 8.064442 0.021000 5.912823 0.021000 7.152387 0.105000
5.370204 0.021000 5.351490 0.021000 1.656865 0.021000 1.367573 0.021000 3.005996 0.021000 3.127555 0.021000 8.422830 0.105000 8.051007 0.021000 5.864551 0.021000 6.132614 0.021000
5.412294 0.021000 5.330002 0.021000 1.679260 0.021000 1.474242 0.021000 2.907652 0.021000 3.110739 0.021000 7.802888 0.021000 8.035367 0.021000 5.862267 0.021000 6.071136 0.105000
5.460928 0.021000 5.322371 0.021000 1.727741 0.021000 1.487086 0.021000 2.935761 0.021000 3.100747 0.021000 7.816550 0.021000 7.985509 0.021000 5.842428 0.021000 6.368119 0.105000
5.466702 0.021000 5.388606 0.021000 1.756039 0.021000 1.549697 0.021000 2.911513 0.021000 3.072624 0.021000 7.732660 0.105000 7.956196 0.021000 5.786689 0.021000 5.955960 0.021000
5.931607 0.105000 5.373826 0.021000 1.785950 0.021000 1.574316 0.021000 2.850426 0.021000 3.018368 0.021000 7.818820 0.021000 7.965003 0.021000 5.744322 0.021000 5.998982 0.021000
5.416174 0.021000 5.771604 0.105000 1.779547 0.021000 1.537599 0.021000 2.851631 0.021000 2.993260 0.021000 8.230222 0.105000 7.928374 0.021000 5.753736 0.021000 5.988464 0.021000
5.523841 0.105000 5.359692 0.021000 1.769159 0.021000 1.564780 0.021000 2.825862 0.021000 3.006058 0.021000 7.694348 0.021000 7.886091 0.021000 5.678689 0.021000 5.972525 0.021000
5.489719 0.021000 5.363542 0.021000 1.884202 0.021000 1.653782 0.021000 2.836343 0.021000 3.016049 0.021000 7.765790 0.105000 8.131762 0.105000 5.693985 0.021000 5.932517 0.021000
5.468870 0.021000 5.420405 0.021000 1.880691 0.021000 1.656372 0.021000 2.813015 0.021000 2.922795 0.021000 7.650259 0.021000 7.860182 0.021000 5.655479 0.021000 5.818870 0.105000
5.475500 0.105000 5.382400 0.021000 1.945726 0.021000 1.657071 0.021000 2.851790 0.021000 2.906877 0.021000 7.640492 0.021000 7.828039 0.021000 5.585738 0.021000 5.863578 0.021000
5.748648 0.105000 5.433181 0.021000 1.864802 0.021000 1.689430 0.021000 2.805747 0.021000 2.897438 0.021000 7.644302 0.021000 7.851138 0.021000 5.553852 0.021000 5.857400 0.021000
5.484940 0.021000 5.504045 0.105000 1.942629 0.021000 1.756842 0.021000 2.804816 0.021000 2.862194 0.021000 7.804729 0.105000 7.779976 0.021000 5.532984 0.021000 5.782426 0.021000
5.478892 0.021000 5.464601 0.021000 1.976755 0.021000 1.772254 0.021000 2.663488 0.021000 2.937881 0.021000 7.570493 0.021000 7.794984 0.021000 5.587843 0.021000 5.768316 0.021000
5.486245 0.021000 5.433862 0.021000 2.004426 0.021000 1.762692 0.021000 2.694778 0.021000 2.892742 0.021000 7.577846 0.021000 7.743631 0.021000 5.536833 0.021000 5.761693 0.021000
5.467149 0.021000 5.462825 0.021000 2.038756 0.021000 1.751421 0.021000 2.760570 0.105000 2.787369 0.021000 7.711898 0.105000 7.703818 0.021000 5.514528 0.021000 5.684740 0.021000
5.560646 0.021000 5.502238 0.021000 2.332743 0.105000 1.807543 0.021000 2.651409 0.021000 2.776371 0.021000 7.524815 0.021000 7.681895 0.021000 5.463741 0.021000 5.726897 0.021000
5.523735 0.021000 5.616076 0.105000 2.104434 0.021000 1.853983 0.021000 2.625757 0.021000 2.814191 0.021000 7.540878 0.021000 7.695438 0.021000 5.402431 0.021000 5.726565 0.021000
5.592255 0.021000 5.491631 0.021000 2.105286 0.021000 1.845576 0.021000 2.653927 0.021000 3.050031 0.105000 7.517006 0.021000 7.692656 0.021000 5.445244 0.021000 5.638365 0.021000
5.577391 0.021000 5.439244 0.021000 2.100296 0.021000 1.919476 0.021000 2.642994 0.021000 2.787156 0.105000 7.474899 0.021000 8.201536 0.105000 5.396047 0.021000 5.573589 0.021000
5.492671 0.021000 5.467944 0.021000 2.108295 0.021000 1.917934 0.021000 2.594180 0.021000 2.740707 0.021000 7.417343 0.021000 7.660560 0.021000 6.888652 0.105000 5.598624 0.021000
5.590549 0.021000 5.511398 0.021000 2.121131 0.021000 1.945859 0.021000 2.596544 0.021000 2.900362 0.021000 7.413207 0.021000 8.557738 0.105000 5.346254 0.021000 5.646464 0.021000
5.581085 0.021000 5.474298 0.021000 2.449975 0.105000 1.955717 0.021000 2.588103 0.021000 2.762682 0.021000 7.458098 0.021000 7.652984 0.021000 5.350412 0.021000 5.606282 0.021000
5.581577 0.021000 5.475758 0.021000 2.211705 0.021000 1.980383 0.021000 2.566600 0.021000 2.722847 0.021000 7.381480 0.021000 7.582090 0.021000 5.294059 0.021000 5.558169 0.021000
5.614952 0.021000 5.536326 0.021000 2.226511 0.021000 1.945532 0.021000 2.564304 0.021000 2.964154 0.105000 7.800615 0.105000 7.601300 0.021000 5.366303 0.021000 5.533459 0.021000
5.994447 0.105000 5.543831 0.021000 2.254197 0.021000 1.984173 0.021000 2.616794 0.021000 2.754364 0.021000 7.381643 0.021000 7.572388 0.021000 5.493792 0.105000 5.953029 0.105000
5.623629 0.021000 5.497808 0.021000 2.224059 0.021000 1.989447 0.021000 2.495882 0.021000 2.706784 0.105000 7.375021 0.021000 7.585675 0.021000 5.241424 0.021000 5.547871 0.021000
5.631467 0.021000 5.526853 0.021000 2.234977 0.021000 2.037766 0.021000 2.583993 0.021000 2.664080 0.021000 7.342735 0.021000 7.556257 0.021000 5.238600 0.021000 5.479233 0.021000
6.020125 0.105000 5.528524 0.021000 2.263911 0.021000 1.979858 0.021000 2.544625 0.021000 2.720539 0.021000 7.302474 0.021000 7.559974 0.021000 5.187897 0.021000 5.435407 0.105000
5.579933 0.021000 5.546964 0.021000 2.280864 0.021000 2.094462 0.021000 2.583613 0.021000 2.690269 0.021000 7.376577 0.021000 7.519041 0.021000 5.199777 0.021000 5.487848 0.021000
5.579566 0.021000 5.555871 0.021000 2.349694 0.021000 2.117697 0.021000 2.488496 0.021000 2.721703 0.021000 7.302889 0.021000 7.537170 0.105000 5.832462 0.105000 5.489623 0.021000
5.698787 0.021000 5.579161 0.105000 2.347298 0.021000 2.073135 0.021000 2.686055 0.105000 2.685026 0.021000 7.343837 0.105000 7.488276 0.021000 5.158181 0.021000 5.422538 0.021000
5.589907 0.021000 5.594941 0.021000 2.356837 0.021000 2.360449 0.105000 2.489825 0.021000 2.667981 0.021000 8.003327 0.105000 7.492393 0.021000 5.163353 0.021000 5.404800 0.021000
5.586963 0.021000 5.560176 0.021000 2.307345 0.021000 2.104422 0.021000 2.501138 0.021000 2.698447 0.021000 7.230676 0.021000 7.428239 0.021000 5.154592 0.021000 5.400634 0.021000
5.582696 0.021000 5.517429 0.021000 2.360467 0.021000 2.093207 0.021000 2.429273 0.021000 2.624930 0.021000 7.283338 0.021000 7.452672 0.021000 5.147525 0.021000 5.401565 0.021000
5.681799 0.021000 5.548656 0.021000 2.318442 0.021000 2.225066 0.105000 2.554758 0.021000 2.714185 0.105000 7.316534 0.021000 7.471470 0.021000 5.165069 0.021000 5.345022 0.021000
5.668131 0.021000 5.571549 0.021000 2.362301 0.021000 2.165774 0.021000 2.458902 0.021000 2.626014 0.021000 7.267417 0.021000 8.219989 0.105000 5.114664 0.021000 5.360266 0.021000
5.649991 0.021000 5.575613 0.021000 2.386960 0.021000 2.156537 0.021000 2.418637 0.021000 2.563386 0.021000 7.286478 0.021000 7.437954 0.021000 5.050466 0.021000 5.343529 0.021000
5.661682 0.021000 5.575568 0.021000 2.425713 0.021000 2.179662 0.021000 2.486097 0.021000 2.653682 0.021000 7.222119 0.021000 7.447703 0.021000 5.048421 0.021000 5.348242 0.021000
5.698589 0.021000 5.890058 0.105000 2.401276 0.021000 2.134674 0.021000 2.417906 0.021000 2.640456 0.021000 7.266403 0.021000 7.450666 0.021000 5.073618 0.021000 5.269379 0.021000
5.635707 0.021000 6.303552 0.105000 2.460639 0.021000 2.178974 0.021000 2.469623 0.021000 2.586797 0.021000 7.202024 0.021000 7.441183 0.021000 5.049144 0.021000 5.313610 0.021000
5.654394 0.021000 5.577490 0.021000 2.473660 0.021000 2.650178 0.105000 2.432650 0.021000 2.537749 0.021000 7.170995 0.021000 7.388445 0.021000 4.997907 0.021000 5.305114 0.021000
5.727245 0.021000 5.615359 0.021000 2.496479 0.021000 2.239971 0.021000 2.473568 0.021000 2.605080 0.021000 7.651927 0.105000 7.404901 0.021000 5.054592 0.021000 5.283512 0.021000
5.679705 0.021000 5.623867 0.021000 2.481082 0.021000 2.222194 0.021000 2.435844 0.021000 2.520779 0.021000 7.220694 0.021000 7.381968 0.021000 5.071598 0.021000 5.288072 0.021000
5.635519 0.021000 5.575877 0.021000 2.494178 0.021000 2.227297 0.021000 2.456560 0.021000 2.541870 0.021000 7.203054 0.021000 7.373070 0.021000 5.156867 0.105000 5.298250 0.021000
5.751351 0.105000 5.630687 0.021000 2.695163 0.105000 2.255988 0.021000 2.429438 0.021000 2.605720 0.021000 7.141507 0.021000 7.369959 0.021000 4.974055 0.021000 5.200148 0.021000
5.672009 0.021000 5.638197 0.021000 2.525342 0.021000 2.232879 0.021000 2.413484 0.021000 2.529277 0.021000 7.198721 0.021000 7.591451 0.105000 5.003517 0.021000 5.283841 0.021000
5.709549 0.021000 5.592023 0.021000 2.495949 0.021000 2.570034 0.105000 2.428995 0.021000 2.542673 0.021000 7.133666 0.021000 7.388110 0.021000 4.986868 0.021000 5.251164 0.021000
5.723409 0.021000 5.895281 0.105000 2.511157 0.021000 2.299663 0.021000 2.441205 0.021000 2.525042 0.021000 7.132331 0.021000 7.353322 0.021000 5.050943 0.021000 5.244190 0.021000
5.712038 0.021000 5.598327 0.021000 3.197600 0.105000 2.366167 0.105000 2.376525 0.021000 2.527749 0.021000 7.191082 0.021000 7.336600 0.021000 4.972393 0.021000 5.216412 0.021000
5.761155 0.021000 5.665593 0.021000 2.551478 0.021000 2.244625 0.021000 2.458963 0.021000 2.521798 0.021000 7.124371 0.021000 7.314569 0.021000 5.002747 0.021000 5.215212 0.021000
5.676198 0.021000 5.628087 0.021000 2.546976 0.021000 2.271156 0.021000 2.428979 0.021000 2.581677 0.021000 7.158471 0.021000 7.352207 0.021000 4.993148 0.021000 5.197349 0.021000
5.693270 0.021000 5.640214 0.021000 2.496222 0.021000 2.311970 0.021000 2.351529 0.021000 2.572066 0.021000 7.110644 0.021000 7.367357 0.021000 4.973591 0.021000 5.221066 0.021000
5.723169 0.021000 5.641946 0.021000 2.517329 0.021000 2.325574 0.021000 2.375873 0.021000 2.551746 0.021000 7.245655 0.105000 7.364343 0.021000 4.955758 0.021000 5.212780 0.021000
5.658447 0.021000 5.641049 0.021000 2.571539 0.021000 2.289333 0.021000 2.374276 0.021000 2.609692 0.105000 7.106151 0.021000 7.415063 0.021000 4.972143 0.021000 5.151781 0.021000
5.663897 0.021000 5.622003 0.105000 2.582299 0.021000 2.324536 0.021000 2.332679 0.021000 2.578404 0.021000 7.070777 0.021000 7.322849 0.021000 4.987668 0.021000 5.183480 0.021000
5.594697 0.021000 5.662895 0.021000 2.565290 0.021000 2.384838 0.021000 2.336083 0.021000 2.549373 0.021000 7.090043 0.021000 8.162295 0.105000 4.959783 0.021000 5.135505 0.021000
5.653268 0.021000 5.676044 0.021000 2.622341 0.021000 2.395267 0.021000 2.344641 0.021000 2.561949 0.021000 7.106779 0.021000 7.285922 0.021000 4.938207 0.021000 5.167167 0.105000
5.696283 0.021000 5.724055 0.021000 2.563695 0.021000 2.362280 0.021000 2.257690 0.021000 2.514838 0.021000 7.024146 0.021000 7.324464 0.021000 4.928421 0.021000 5.105369 0.021000
5.335067 0.105000 5.676933 0.021000 2.678862 0.021000 2.364517 0.021000 2.290398 0.021000 2.455899 0.021000 7.032950 0.021000 7.247310 0.021000 4.947446 0.021000 5.107471 0.021000
5.611991 0.021000 5.695764 0.021000 2.636762 0.021000 2.293269 0.105000 2.300088 0.021000 2.462715 0.021000 7.032571 0.021000 7.273099 0.021000 4.916880 0.021000 5.115520 0.021000
5.555332 0.021000 5.670709 0.021000 2.599871 0.021000 2.454493 0.021000 2.233476 0.021000 2.526361 0.021000 6.946958 0.021000 7.265979 0.021000 4.912662 0.021000 5.058210 0.021000
5.612184 0.021000 5.698223 0.021000 2.652484 0.021000 2.411507 0.021000 2.199461 0.021000 2.766829 0.105000 7.036945 0.021000 7.211013 0.021000 4.926408 0.021000 5.216341 0.105000
5.542052 0.021000 5.650869 0.021000 2.666744 0.021000 2.543775 0.021000 2.160330 0.021000 2.433018 0.021000 6.990659 0.021000 7.266781 0.021000 4.871822 0.021000 5.014178 0.021000
5.845559 0.105000 5.686534 0.021000 2.691270 0.021000 2.479635 0.021000 2.108919 0.021000 2.689587 0.105000 6.896873 0.021000 7.311994 0.105000 4.955109 0.021000 4.998459 0.021000
5.487658 0.021000 5.696989 0.021000 2.727181 0.021000 2.486029 0.021000 2.164698 0.021000 2.380921 0.021000 6.861967 0.021000 7.141376 0.021000 4.918903 0.021000 5.006326 0.021000
5.515357 0.021000 5.656098 0.021000 2.754445 0.021000 2.526496 0.021000 2.093977 0.021000 2.389768 0.021000 6.881038 0.021000 7.112749 0.021000 4.937130 0.021000 4.962001 0.021000
5.470092 0.021000 5.703519 0.021000 2.749636 0.021000 2.585903 0.021000 2.050287 0.021000 3.057460 0.105000 6.923631 0.021000 7.061735 0.021000 4.955816 0.021000 5.000506 0.021000
5.445778 0.021000 5.659859 0.021000 2.946839 0.105000 2.633082 0.021000 2.063526 0.021000 2.248715 0.021000 6.818522 0.021000 7.085369 0.021000 5.357919 0.105000 4.946050 0.021000
5.452498 0.021000 5.585131 0.021000 2.802105 0.021000 3.231445 0.105000 2.030668 0.021000 2.272440 0.021000 6.833670 0.021000 7.038004 0.021000 4.935471 0.021000 4.982898 0.021000
5.443371 0.021000 5.625087 0.021000 2.780057 0.021000 2.626318 0.021000 1.950586 0.021000 2.278950 0.021000 6.822547 0.021000 7.011913 0.021000 4.960056 0.021000 4.911442 0.021000
5.340608 0.021000 5.616803 0.021000 2.767160 0.021000 2.706637 0.021000 1.938703 0.021000 2.239872 0.021000 6.750512 0.021000 6.988400 0.021000 4.911988 0.021000 4.954856 0.021000
5.334439 0.021000 5.563144 0.021000 2.822388 0.021000 2.704968 0.021000 1.950867 0.021000 2.152177 0.021000 6.724362 0.021000 6.901133 0.021000 4.959120 0.021000 4.922684 0.021000
5.316420 0.021000 5.480821 0.021000 4.032778 0.105000 2.745307 0.021000 1.918658 0.021000 2.115713 0.021000 6.762742 0.021000 6.949022 0.021000 4.999215 0.021000 4.891583 0.021000
5.309400 0.021000 5.533033 0.021000 2.845895 0.021000 2.715037 0.021000 1.840545 0.021000 2.110100 0.021000 6.780639 0.021000 6.813968 0.021000 5.019406 0.021000 4.944152 0.021000
5.259067 0.021000 5.462927 0.021000 2.843389 0.021000 2.763978 0.021000 1.872695 0.021000 2.118558 0.021000 6.642099 0.021000 6.827898 0.021000 4.962026 0.021000 4.976711 0.021000
5.203819 0.021000 5.473110 0.021000 2.866275 0.021000 2.729674 0.021000 1.815457 0.021000 2.354740 0.105000 6.651003 0.021000 6.812138 0.021000 5.041830 0.021000 4.954552 0.021000
5.207985 0.021000 5.366392 0.021000 2.886423 0.021000 2.750205 0.021000 1.805726 0.021000 2.076582 0.021000 6.648211 0.021000 6.844246 0.021000 4.940269 0.021000 4.911067 0.021000
5.165756 0.021000 5.370434 0.021000 2.869671 0.021000 2.729234 0.021000 1.814677 0.021000 2.002831 0.021000 7.125315 0.105000 6.781469 0.021000 5.012495 0.021000 4.930658 0.021000
5.165183 0.021000 5.405137 0.021000 2.879968 0.021000 2.752470 0.021000 1.723820 0.021000 1.988743 0.021000 6.585001 0.021000 6.832874 0.105000 5.005355 0.021000 4.917554 0.021000
5.086235 0.021000 5.355716 0.021000 2.926128 0.021000 2.833543 0.021000 2.199750 0.105000 1.963656 0.021000 7.481840 0.105000 6.763116 0.021000 5.016836 0.021000 4.955454 0.021000
5.131825 0.021000 5.330310 0.105000 2.971952 0.021000 2.823412 0.021000 1.722278 0.021000 1.878965 0.021000 6.586453 0.021000 6.739423 0.021000 5.542000 0.105000 4.976665 0.021000
5.035633 0.021000 5.327863 0.105000 3.016577 0.021000 2.827711 0.021000 1.660568 0.021000 1.902852 0.021000 6.552262 0.021000 6.692582 0.021000 5.105142 0.021000 5.043645 0.021000
5.100794 0.021000 5.247244 0.021000 2.982927 0.021000 2.814556 0.021000 1.690347 0.021000 1.930053 0.021000 6.488069 0.021000 6.717697 0.021000 5.055203 0.021000 4.971819 0.021000
5.013127 0.021000 5.220174 0.021000 2.989064 0.021000 2.850230 0.021000 1.669985 0.021000 1.861725 0.021000 6.764928 0.105000 6.667144 0.021000 5.066127 0.021000 4.985487 0.021000
5.015680 0.021000 4.980100 0.105000 3.371678 0.105000 2.925594 0.105000 1.579595 0.021000 1.844037 0.021000 6.504722 0.021000 6.673403 0.021000 5.108614 0.021000 5.013657 0.021000
4.947598 0.021000 5.179833 0.021000 3.064775 0.021000 2.888546 0.021000 1.569261 0.021000 1.883040 0.021000 6.458140 0.021000 6.640387 0.021000 5.149776 0.105000 5.195059 0.105000
4.965808 0.021000 5.153804 0.021000 3.068665 0.021000 2.903062 0.021000 2.019238 0.105000 2.532948 0.105000 6.450764 0.021000 6.608972 0.021000 5.119364 0.021000 5.024602 0.021000
4.894155 0.021000 5.175175 0.021000 3.084527 0.021000 2.932742 0.021000 1.579237 0.021000 1.688811 0.021000 6.460772 0.021000 6.573114 0.021000 5.129802 0.021000 5.068757 0.021000
4.927065 0.021000 5.072031 0.021000 3.849955 0.105000 2.946084 0.021000 1.824632 0.105000 1.746059 0.021000 6.383569 0.021000 6.568816 0.021000 5.133862 0.021000 5.053744 0.021000
4.885338 0.021000 5.078016 0.021000 3.092601 0.021000 2.926852 0.021000 1.492881 0.021000 1.719814 0.021000 6.359319 0.021000 6.571161 0.021000 5.149571 0.021000 5.110677 0.021000
4.845633 0.021000 5.062943 0.021000 3.088479 0.021000 2.893306 0.021000 1.516459 0.021000 1.680125 0.021000 6.313993 0.021000 6.529654 0.021000 5.136675 0.021000 5.058187 0.021000
4.773832 0.021000 5.058717 0.021000 3.090631 0.021000 2.989053 0.021000 1.454255 0.021000 1.702883 0.021000 6.365583 0.021000 6.522014 0.021000 5.179324 0.021000 5.062193 0.021000
4.799797 0.021000 4.931701 0.021000 3.179137 0.021000 2.953675 0.021000 1.416337 0.021000 1.602295 0.021000 7.090707 0.105000 6.484331 0.021000 5.184727 0.021000 5.086155 0.021000
4.733899 0.021000 5.000113 0.021000 3.170040 0.021000 3.013114 0.021000 1.458072 0.021000 1.602843 0.105000 6.273503 0.021000 6.451010 0.021000 5.825020 0.105000 5.044489 0.021000
4.698095 0.021000 4.962783 0.021000 3.185008 0.021000 3.045977 0.021000 1.629991 0.105000 1.589449 0.021000 6.298085 0.021000 6.583296 0.105000 5.216965 0.021000 5.083880 0.021000
4.681823 0.021000 4.977529 0.021000 3.243550 0.021000 3.095791 0.021000 1.375457 0.021000 1.512547 0.021000 6.287671 0.021000 6.389754 0.021000 5.214561 0.021000 5.115587 0.021000
4.713454 0.021000 4.900036 0.021000 3.183405 0.021000 3.105014 0.021000 1.319260 0.021000 1.538331 0.021000 7.032582 0.105000 6.412978 0.021000 5.207954 0.021000 5.126503 0.021000
4.788388 0.105000 4.863442 0.021000 3.131445 0.105000 3.094304 0.021000 1.344003 0.021000 1.522246 0.021000 6.246500 0.021000 6.358616 0.021000 5.201452 0.021000 5.111001 0.021000
4.644078 0.021000 4.907944 0.105000 3.232389 0.021000 3.120111 0.021000 1.288004 0.021000 1.492492 0.021000 6.198491 0.021000 6.349119 0.021000 5.194863 0.021000 5.139088 0.021000
4.609987 0.021000 4.823556 0.021000 4.529000 0.105000 3.288958 0.105000 1.274339 0.021000 1.364521 0.021000 6.153394 0.021000 6.334866 0.021000 5.303436 0.021000 5.163092 0.021000
4.558728 0.021000 4.819160 0.021000 3.279287 0.021000 3.112450 0.021000 1.242836 0.021000 1.372051 0.021000 6.224317 0.105000 6.322647 0.021000 5.280572 0.021000 5.143539 0.021000
4.579528 0.021000 4.754417 0.021000 3.324928 0.021000 3.188300 0.021000 1.227141 0.021000 1.416599 0.021000 6.149260 0.021000 6.330565 0.021000 5.243568 0.021000 5.148022 0.021000
4.554350 0.021000 4.762959 0.021000 3.434733 0.021000 3.167845 0.021000 1.230803 0.021000 1.402507 0.021000 6.128043 0.021000 6.290085 0.021000 5.268338 0.021000 5.179482 0.021000
4.562389 0.021000 4.708982 0.021000 3.373232 0.021000 4.180890 0.105000 1.246130 0.021000 1.110773 0.105000 6.126404 0.021000 6.273949 0.021000 5.802723 0.105000 5.204320 0.021000
4.481980 0.021000 4.690156 0.021000 3.380185 0.021000 3.256310 0.021000 1.177594 0.021000 1.376379 0.021000 6.107774 0.021000 6.686695 0.105000 5.270976 0.021000 5.181860 0.021000
4.466284 0.021000 4.728493 0.021000 3.423401 0.021000 3.261905 0.021000 1.219832 0.021000 1.300310 0.021000 6.072686 0.021000 6.224451 0.021000 5.598778 0.105000 5.245406 0.021000
4.427215 0.021000 4.672350 0.021000 3.450807 0.105000 3.279750 0.021000 1.157482 0.021000 1.301868 0.021000 6.043153 0.021000 6.198138 0.021000 5.343328 0.021000 5.229727 0.021000
4.416294 0.021000 4.607055 0.021000 3.459769 0.021000 3.302226 0.021000 1.103951 0.021000 1.254738 0.021000 6.033881 0.021000 6.180575 0.021000 5.932952 0.105000 5.254484 0.021000
4.417326 0.021000 4.672764 0.105000 3.481198 0.021000 3.291733 0.021000 1.113371 0.021000 1.245446 0.021000 6.064559 0.021000 6.142350 0.021000 5.351670 0.021000 5.243913 0.021000
4.350175 0.021000 4.528552 0.021000 3.529181 0.021000 3.355805 0.021000 1.085212 0.021000 1.195450 0.021000 6.000992 0.021000 6.109446 0.021000 5.348041 0.021000 5.266912 0.021000
4.354058 0.021000 4.534898 0.021000 3.525861 0.021000 3.343979 0.021000 1.114716 0.021000 1.278040 0.021000 5.987408 0.021000 6.062371 0.021000 5.407226 0.021000 5.285629 0.021000
4.259410 0.021000 4.511632 0.021000 3.419178 0.105000 3.397674 0.021000 1.124518 0.021000 1.186464 0.021000 5.942448 0.021000 6.129281 0.021000 5.405625 0.021000 5.280718 0.021000
4.292377 0.021000 4.868046 0.105000 3.560914 0.021000 3.414772 0.021000 1.058264 0.021000 1.198960 0.021000 5.987249 0.021000 6.129229 0.021000 5.380598 0.021000 5.284021 0.021000
4.270463 0.021000 4.461310 0.021000 3.597831 0.021000 3.442815 0.021000 1.038694 0.021000 1.148247 0.021000 5.919818 0.021000 6.096921 0.021000 5.226110 0.105000 5.311250 0.021000
4.280875 0.021000 4.470387 0.021000 4.042125 0.105000 3.435575 0.021000 2.230071 0.105000 1.142273 0.021000 5.911762 0.021000 6.050363 0.021000 5.509122 0.021000 5.602236 0.105000
4.247991 0.021000 4.418147 0.021000 3.665118 0.021000 3.450474 0.021000 1.040994 0.021000 1.691565 0.105000 5.909937 0.021000 6.011454 0.105000 5.476824 0.021000 5.355346 0.021000
4.226259 0.021000 4.442057 0.021000 3.646480 0.021000 3.490962 0.021000 0.970403 0.021000 1.116458 0.021000 5.869926 0.021000 6.010162 0.021000 5.476292 0.021000 5.369699 0.021000
4.183834 0.021000 4.363391 0.021000 3.701075 0.021000 4.270658 0.105000 0.991020 0.021000 1.099117 0.021000 5.902619 0.021000 6.003578 0.021000 5.503637 0.021000 5.386214 0.021000
4.107451 0.021000 4.362474 0.021000 3.686564 0.021000 3.470707 0.021000 0.954082 0.021000 1.089505 0.021000 5.820712 0.021000 6.014346 0.021000 5.533877 0.021000 5.459606 0.021000
4.167240 0.021000 4.345891 0.021000 3.692815 0.021000 3.556975 0.021000 1.024712 0.021000 1.035162 0.021000 6.298998 0.105000 5.988990 0.021000 5.529653 0.021000 5.364438 0.021000
4.108323 0.021000 4.297813 0.021000 3.747526 0.021000 3.569569 0.021000 0.976787 0.021000 1.084038 0.021000 5.797001 0.021000 5.948049 0.021000 5.523968 0.021000 5.711657 0.105000
4.094306 0.021000 4.271711 0.021000 3.782205 0.021000 3.866515 0.105000 0.961247 0.021000 1.132913 0.105000 5.743469 0.021000 5.941250 0.021000 5.540453 0.021000 5.424228 0.021000
4.036755 0.021000 4.259679 0.021000 3.760295 0.021000 3.607764 0.021000 0.992240 0.021000 1.049136 0.021000 5.775279 0.021000 5.914182 0.021000 5.592752 0.021000 5.479189 0.021000
4.251923 0.105000 4.829004 0.105000 3.827114 0.021000 3.627423 0.021000 0.902345 0.021000 1.043125 0.021000 5.740870 0.021000 5.873183 0.021000 5.566281 0.021000 5.426910 0.021000
4.033373 0.021000 4.264524 0.021000 3.826673 0.021000 3.637808 0.021000 0.928302 0.021000 1.063726 0.021000 5.726611 0.021000 6.145642 0.105000 5.596258 0.021000 5.422739 0.021000
3.995175 0.021000 4.206828 0.021000 3.850861 0.021000 3.628916 0.021000 0.888676 0.021000 1.018927 0.021000 5.759703 0.021000 5.863114 0.021000 6.318844 0.105000 5.269163 0.105000
4.258736 0.105000 4.206913 0.021000 3.887975 0.021000 3.664239 0.021000 0.895334 0.021000 1.126463 0.105000 5.656015 0.021000 5.806600 0.021000 5.654974 0.021000 5.466455 0.021000
3.939665 0.021000 4.198314 0.021000 4.165120 0.105000 3.694006 0.021000 0.925270 0.021000 1.000813 0.021000 5.679678 0.021000 5.877395 0.021000 5.606955 0.021000 5.507249 0.021000
3.914002 0.021000 4.101478 0.021000 4.172184 0.105000 3.568743 0.105000 0.903225 0.021000 0.945267 0.021000 5.668678 0.021000 5.777788 0.021000 5.652076 0.021000 6.396470 0.105000
3.934153 0.021000 4.133990 0.021000 3.878443 0.021000 3.696949 0.021000 0.906178 0.021000 0.925052 0.021000 6.457138 0.105000 5.768338 0.021000 5.517019 0.105000 5.541794 0.021000
3.882545 0.021000 4.055010 0.021000 3.989313 0.021000 3.780922 0.021000 1.006813 0.105000 1.154425 0.105000 5.602699 0.105000 5.772862 0.021000 5.685720 0.021000 5.519079 0.021000
3.906224 0.021000 4.087939 0.021000 4.012571 0.021000 3.809677 0.021000 1.360375 0.105000 0.966077 0.021000 5.615204 0.021000 5.755397 0.021000 5.675525 0.021000 5.614280 0.021000
3.844376 0.021000 4.001366 0.021000 4.007840 0.021000 3.817215 0.021000 0.980866 0.021000 0.962941 0.021000 5.611312 0.021000 5.750127 0.021000 5.752049 0.105000 5.595982 0.021000
3.818520 0.021000 4.056704 0.021000 4.059123 0.021000 3.898502 0.105000 0.942136 0.021000 1.583280 0.105000 5.627005 0.021000 5.732244 0.021000 5.742400 0.021000 5.627147 0.021000
3.769185 0.021000 3.992831 0.021000 4.041907 0.021000 3.856064 0.021000 0.951020 0.021000 0.928625 0.021000 5.610701 0.021000 5.721605 0.021000 5.769287 0.021000 5.533738 0.105000
3.915997 0.105000 3.932699 0.021000 4.159327 0.021000 3.865362 0.021000 1.542229 0.105000 0.923621 0.021000 5.577940 0.021000 5.704545 0.021000 5.829701 0.021000 5.610384 0.021000
3.956887 0.105000 3.961326 0.021000 4.137108 0.021000 3.952653 0.021000 0.983215 0.021000 0.933560 0.021000 5.545222 0.021000 5.704352 0.021000 5.805869 0.021000 5.677736 0.021000
3.729593 0.021000 3.869696 0.021000 4.203839 0.021000 3.942057 0.021000 0.960997 0.021000 0.945146 0.021000 5.521940 0.021000 5.905384 0.105000 5.786848 0.021000 5.716504 0.021000
4.066312 0.105000 3.908762 0.021000 4.206926 0.021000 3.917484 0.021000 1.011330 0.021000 0.959016 0.021000 5.584022 0.021000 5.612148 0.021000 6.057090 0.105000 5.698924 0.021000
3.862380 0.105000 3.858942 0.021000 4.189075 0.021000 3.998550 0.021000 1.012045 0.021000 0.980201 0.021000 5.519786 0.021000 5.604547 0.021000 5.830232 0.021000 5.643162 0.021000
3.666359 0.021000 4.090171 0.105000 4.226545 0.021000 4.012340 0.021000 0.996990 0.021000 0.881872 0.021000 5.449955 0.021000 5.621613 0.021000 5.881890 0.105000 5.706114 0.021000
3.663231 0.021000 3.835071 0.021000 4.264338 0.021000 3.977928 0.021000 1.038104 0.021000 0.924486 0.021000 5.342853 0.105000 5.546342 0.021000 5.823607 0.021000 5.710406 0.021000
3.611753 0.021000 3.767443 0.021000 4.269599 0.021000 4.034917 0.021000 0.986658 0.021000 0.964341 0.021000 5.466458 0.021000 5.934593 0.105000 5.874671 0.021000 5.759165 0.021000
3.605926 0.021000 3.784522 0.105000 4.278338 0.021000 4.092367 0.021000 1.012471 0.021000 1.652742 0.105000 5.425134 0.021000 5.507110 0.105000 5.887261 0.021000 5.761922 0.021000
3.604727 0.021000 3.751311 0.021000 4.361287 0.021000 4.112396 0.021000 1.056209 0.021000 0.932218 0.021000 5.430096 0.021000 5.556163 0.021000 5.929683 0.021000 5.797061 0.021000
3.563846 0.021000 3.700242 0.021000 4.310487 0.021000 4.084861 0.021000 1.055488 0.021000 0.943743 0.021000 5.713157 0.105000 5.519689 0.021000 5.915931 0.021000 5.782870 0.021000
3.531182 0.021000 3.753445 0.021000 4.368135 0.021000 4.126918 0.021000 1.074288 0.021000 0.939379 0.021000 5.353188 0.021000 5.541020 0.021000 5.963627 0.021000 5.876177 0.105000
3.509833 0.021000 3.745824 0.021000 4.387095 0.021000 4.200804 0.021000 1.080583 0.021000 0.918116 0.021000 5.390247 0.021000 5.461041 0.021000 6.001377 0.021000 5.838637 0.021000
3.526138 0.021000 3.693991 0.021000 4.462900 0.021000 4.175022 0.021000 1.088963 0.021000 1.002563 0.021000 5.344369 0.021000 5.454858 0.021000 5.971405 0.021000 5.827850 0.021000
3.749051 0.105000 3.649104 0.105000 5.283899 0.105000 4.240075 0.021000 1.115773 0.021000 0.977210 0.021000 5.377581 0.021000 5.498047 0.021000 6.013354 0.021000 5.869468 0.021000
3.439923 0.021000 3.639101 0.021000 4.427984 0.021000 4.514382 0.105000 1.188464 0.021000 1.011550 0.021000 5.331411 0.021000 5.444410 0.021000 6.063178 0.021000 5.861068 0.021000
3.417332 0.021000 3.613098 0.021000 4.508522 0.021000 4.260060 0.021000 1.145888 0.021000 1.088684 0.021000 5.337024 0.021000 5.449268 0.021000 6.062711 0.021000 5.908133 0.021000
3.401301 0.021000 3.556056 0.021000 4.467303 0.021000 4.277417 0.021000 1.070016 0.021000 1.039693 0.021000 5.292493 0.021000 5.460946 0.105000 5.895240 0.105000 5.884806 0.021000
3.397405 0.021000 3.563952 0.021000 4.551135 0.021000 4.338553 0.021000 1.198086 0.021000 1.094078 0.021000 5.302207 0.021000 5.421874 0.021000 6.116757 0.105000 5.905094 0.021000
3.355937 0.021000 3.523871 0.021000 4.564604 0.021000 4.382770 0.021000 1.203454 0.021000 1.079720 0.021000 5.259416 0.021000 5.410130 0.021000 6.102151 0.021000 5.946936 0.021000
3.345555 0.021000 3.554144 0.021000 4.603963 0.021000 4.371261 0.021000 1.244381 0.021000 1.126336 0.021000 5.192508 0.021000 5.382434 0.021000 6.150197 0.021000 5.977184 0.021000
3.333832 0.021000 3.479307 0.021000 4.661936 0.021000 4.384293 0.021000 1.217862 0.021000 1.076341 0.021000 5.296003 0.021000 5.408048 0.021000 6.278427 0.105000 6.002094 0.021000
3.318971 0.021000 3.434393 0.021000 4.586588 0.021000 4.453656 0.021000 1.312769 0.021000 1.099312 0.021000 5.258862 0.021000 5.385280 0.105000 6.150306 0.021000 5.960926 0.021000
3.299940 0.021000 3.445923 0.021000 4.650932 0.021000 4.196873 0.105000 1.272148 0.021000 1.163483 0.021000 5.212469 0.021000 5.349302 0.021000 6.156517 0.021000 6.045454 0.021000
3.291031 0.021000 3.435317 0.021000 4.744216 0.021000 4.496804 0.021000 1.317168 0.021000 0.890235 0.105000 5.190605 0.021000 5.305927 0.021000 6.182772 0.021000 6.011118 0.021000
3.247090 0.021000 3.404181 0.021000 4.724535 0.021000 4.501105 0.021000 1.308699 0.021000 1.239968 0.021000 5.245814 0.021000 5.614208 0.105000 6.176345 0.021000 6.042899 0.021000
3.291988 0.021000 3.427489 0.021000 4.744701 0.021000 4.548368 0.021000 1.375543 0.021000 1.180105 0.021000 5.215282 0.021000 5.348630 0.021000 6.204261 0.021000 6.143225 0.021000
3.242876 0.021000 3.837655 0.105000 4.777219 0.021000 4.561099 0.021000 1.355313 0.021000 1.162294 0.021000 5.237278 0.021000 5.279958 0.021000 6.233529 0.021000 6.133268 0.021000
3.268252 0.021000 3.365601 0.021000 4.821592 0.021000 4.549804 0.021000 1.431455 0.021000 1.210652 0.021000 5.185691 0.021000 5.286839 0.021000 6.290541 0.105000 6.079227 0.021000
3.236965 0.021000 3.384302 0.021000 4.800603 0.021000 4.593457 0.021000 1.505363 0.105000 1.221311 0.021000 5.118612 0.021000 5.297368 0.021000 6.213330 0.021000 6.108400 0.021000
3.205527 0.021000 3.291898 0.021000 4.857840 0.021000 4.645633 0.021000 1.436126 0.021000 1.293436 0.021000 5.131916 0.021000 5.256966 0.021000 6.334455 0.021000 6.157751 0.021000
3.134071 0.021000 3.335826 0.021000 4.908298 0.021000 4.639786 0.021000 1.474254 0.021000 1.242781 0.021000 5.147359 0.021000 5.246612 0.021000 6.340390 0.021000 6.127493 0.021000
3.182183 0.021000 3.294746 0.021000 5.060368 0.105000 4.683377 0.021000 1.532955 0.021000 1.298259 0.021000 5.142912 0.021000 5.178049 0.021000 6.347738 0.021000 6.177428 0.021000
3.115379 0.021000 3.221429 0.021000 4.919527 0.021000 4.717996 0.021000 1.500849 0.021000 1.383992 0.021000 5.073286 0.021000 5.247574 0.021000 6.414517 0.021000 6.221374 0.021000
3.070995 0.021000 3.267978 0.021000 4.936054 0.021000 4.720924 0.021000 1.571889 0.021000 1.349771 0.021000 5.109059 0.021000 5.182578 0.021000 6.384742 0.021000 6.196511 0.021000
3.048120 0.021000 3.200042 0.021000 4.971330 0.021000 4.776623 0.021000 1.537882 0.021000 1.327672 0.021000 5.063429 0.021000 5.157720 0.021000 6.409401 0.021000 6.291372 0.021000
3.093361 0.021000 3.219052 0.021000 4.999243 0.021000 4.801886 0.021000 1.587146 0.021000 1.671508 0.105000 5.139051 0.021000 5.145358 0.021000 6.408855 0.021000 6.259703 0.021000
3.071315 0.021000 3.216110 0.021000 4.972714 0.021000 4.831674 0.021000 1.600439 0.021000 1.433918 0.021000 5.022197 0.021000 5.149338 0.021000 6.452353 0.021000 6.309710 0.021000
3.064988 0.021000 3.212166 0.021000 5.063251 0.021000 4.812029 0.021000 1.848502 0.105000 1.419976 0.021000 5.006930 0.021000 5.176141 0.021000 6.422095 0.021000 6.290925 0.021000
3.062256 0.021000 3.204335 0.021000 5.094767 0.021000 4.924591 0.021000 1.691462 0.021000 1.474454 0.021000 5.058816 0.021000 5.125237 0.021000 6.466810 0.021000 6.341095 0.021000
2.977869 0.021000 3.142282 0.021000 5.057706 0.021000 4.852501 0.021000 1.757673 0.105000 1.475019 0.021000 4.981627 0.021000 5.123859 0.021000 6.527604 0.021000 6.310321 0.021000
2.953870 0.021000 3.079588 0.021000 5.113326 0.021000 4.919701 0.021000 1.746336 0.021000 1.536809 0.021000 5.025114 0.021000 5.138866 0.021000 6.494531 0.021000 6.387526 0.021000
3.025372 0.021000 3.100005 0.021000 5.155481 0.021000 4.906957 0.021000 1.725003 0.021000 1.508187 0.021000 4.995727 0.021000 5.109216 0.021000 7.161731 0.105000 6.380515 0.021000
3.028995 0.021000 3.135223 0.021000 5.180478 0.021000 4.987729 0.021000 1.704691 0.021000 1.573078 0.021000 5.802670 0.105000 5.104015 0.021000 7.126068 0.105000 6.396800 0.021000
2.988492 0.021000 3.142220 0.021000 5.197294 0.021000 5.690222 0.105000 1.773372 0.021000 1.507556 0.021000 5.000079 0.021000 5.066595 0.021000 6.577037 0.021000 6.446765 0.021000
2.949821 0.021000 3.070111 0.021000 5.211046 0.021000 4.959117 0.021000 1.805709 0.021000 1.551428 0.021000 5.024819 0.021000 5.030087 0.021000 6.613335 0.021000 6.353454 0.021000
2.946729 0.021000 3.130276 0.021000 5.241901 0.021000 5.062268 0.021000 1.835750 0.021000 1.619786 0.021000 4.974537 0.021000 5.106327 0.021000 6.619371 0.021000 6.480960 0.021000
2.958393 0.021000 3.063319 0.021000 5.241194 0.021000 5.120641 0.021000 1.876452 0.021000 1.619215 0.021000 4.958062 0.105000 5.063313 0.021000 6.626661 0.021000 6.509965 0.021000
2.874165 0.021000 3.065286 0.021000 5.270356 0.021000 5.078363 0.021000 1.810567 0.021000 1.628236 0.021000 4.925542 0.021000 5.003652 0.021000 6.704636 0.021000 6.468867 0.021000
2.880385 0.021000 3.044629 0.021000 5.320284 0.021000 5.065609 0.021000 1.920340 0.021000 1.628676 0.021000 4.917201 0.021000 4.992085 0.021000 6.689870 0.021000 6.504535 0.021000
2.884029 0.021000 3.002610 0.021000 5.821091 0.105000 5.125252 0.021000 1.912086 0.021000 1.685384 0.021000 4.928217 0.021000 4.998218 0.021000 6.666011 0.021000 6.471695 0.021000
2.904680 0.021000 3.029853 0.021000 5.359313 0.021000 5.535969 0.105000 1.937939 0.021000 1.699652 0.021000 5.366661 0.105000 4.985844 0.021000 6.675296 0.021000 6.513481 0.021000
2.922492 0.021000 2.923937 0.021000 5.343041 0.021000 5.142597 0.021000 1.970562 0.021000 1.776716 0.021000 4.922317 0.021000 7.936066 0.105000 6.696210 0.021000 6.537963 0.021000
2.882889 0.021000 3.013230 0.021000 5.602485 0.105000 5.192129 0.021000 1.878408 0.021000 1.769293 0.021000 4.899260 0.021000 5.002359 0.021000 6.742361 0.021000 6.551561 0.021000
2.845376 0.021000 2.984878 0.021000 5.404305 0.021000 5.156719 0.021000 1.961962 0.021000 1.765649 0.021000 5.387301 0.105000 5.271186 0.105000 6.735025 0.021000 6.516496 0.021000
2.870288 0.021000 2.944122 0.021000 5.399922 0.021000 5.333113 0.105000 2.154497 0.105000 1.786840 0.021000 4.938084 0.021000 5.028113 0.021000 6.716011 0.021000 6.554607 0.021000
3.154714 0.105000 2.955961 0.021000 5.389472 0.021000 5.166385 0.021000 1.994400 0.021000 1.859156 0.021000 4.970602 0.021000 5.072120 0.105000 7.735099 0.105000 6.658155 0.021000
2.830958 0.021000 2.908498 0.021000 5.456030 0.021000 5.184899 0.021000 2.078348 0.021000 1.842082 0.021000 4.984960 0.105000 4.924946 0.021000 6.758093 0.021000 6.589558 0.021000
2.845198 0.021000 2.947200 0.021000 5.467281 0.021000 5.454698 0.105000 2.014487 0.021000 1.806826 0.021000 4.890667 0.021000 4.931816 0.021000 6.690001 0.021000 6.620641 0.105000
2.846122 0.021000 2.963426 0.021000 5.439232 0.105000 5.250062 0.021000 2.124082 0.021000 1.888063 0.021000 4.913018 0.021000 5.059526 0.021000 6.717791 0.021000 6.619959 0.021000
2.805513 0.021000 2.917741 0.021000 5.504524 0.021000 5.807856 0.105000 2.093727 0.021000 1.900619 0.021000 4.861629 0.021000 4.997796 0.021000 6.786608 0.021000 6.663388 0.021000
2.750250 0.021000 2.932850 0.021000 5.477522 0.021000 5.264988 0.021000 2.096012 0.021000 1.823308 0.021000 4.938375 0.021000 4.994643 0.021000 6.813320 0.021000 6.676517 0.021000
2.989804 0.105000 2.920190 0.021000 5.492854 0.021000 5.290123 0.021000 2.087590 0.021000 1.885339 0.021000 4.910904 0.021000 5.018857 0.021000 6.963223 0.105000 6.604503 0.021000
2.811514 0.021000 2.893656 0.021000 5.545395 0.021000 6.498472 0.105000 2.131822 0.021000 1.819157 0.021000 4.865785 0.021000 4.969667 0.021000 6.842925 0.021000 6.649180 0.021000
3.550710 0.105000 2.901597 0.021000 5.548895 0.021000 5.348355 0.021000 2.177886 0.021000 1.900604 0.021000 4.872218 0.021000 4.924606 0.021000 6.868754 0.021000 6.691405 0.021000
2.789080 0.021000 2.882773 0.021000 5.500198 0.021000 5.721322 0.105000 2.227726 0.021000 1.950451 0.021000 4.876024 0.021000 4.989553 0.021000 6.859478 0.021000 6.674320 0.021000
2.978986 0.105000 2.913784 0.021000 5.533972 0.021000 5.364753 0.021000 2.183092 0.021000 1.957573 0.021000 4.906837 0.021000 4.970968 0.021000 6.887881 0.021000 6.693632 0.021000
2.722901 0.021000 2.877320 0.021000 5.595220 0.021000 5.366856 0.021000 2.159006 0.021000 1.959559 0.021000 4.868854 0.021000 4.962109 0.021000 6.933054 0.021000 7.198893 0.105000
2.792099 0.021000 2.907465 0.021000 5.616739 0.021000 5.374747 0.021000 2.132064 0.021000 1.978714 0.021000 4.862924 0.021000 4.938981 0.021000 6.919365 0.021000 6.745466 0.021000
2.791209 0.021000 2.934047 0.021000 5.611138 0.021000 5.404153 0.021000 2.131279 0.021000 1.905206 0.021000 4.866604 0.021000 5.395656 0.105000 6.874715 0.021000 6.730620 0.021000
2.780401 0.021000 2.836819 0.021000 5.673744 0.021000 5.446878 0.021000 2.219737 0.021000 1.968240 0.021000 4.890701 0.021000 4.896262 0.021000 6.909289 0.021000 6.784557 0.021000
2.748291 0.021000 2.853080 0.021000 5.628375 0.021000 5.395692 0.021000 2.186025 0.021000 1.985859 0.021000 4.930920 0.021000 4.963289 0.021000 6.910434 0.021000 6.718129 0.021000
2.746648 0.021000 2.864527 0.021000 5.577309 0.021000 5.417415 0.021000 2.214206 0.021000 2.267711 0.105000 4.901242 0.021000 4.936654 0.021000 6.940109 0.021000 6.732248 0.021000
2.757726 0.021000 2.888769 0.021000 5.922360 0.105000 5.458312 0.021000 2.231794 0.021000 2.003239 0.105000 4.854615 0.021000 4.886649 0.021000 6.917953 0.021000 6.719788 0.021000
2.756584 0.021000 2.880580 0.021000 5.615969 0.021000 5.431072 0.021000 2.248129 0.021000 2.020884 0.021000 4.888079 0.021000 4.893410 0.021000 6.933244 0.021000 6.812161 0.021000
2.773904 0.021000 2.909246 0.021000 5.806872 0.105000 5.439961 0.021000 2.541375 0.105000 2.032949 0.021000 4.869729 0.021000 4.942255 0.021000 6.943428 0.021000 6.768454 0.021000
2.769470 0.021000 2.849936 0.021000 5.982200 0.105000 5.457532 0.021000 2.232288 0.021000 2.065474 0.021000 4.865455 0.021000 4.928754 0.021000 6.974458 0.021000 6.777149 0.021000
3.024629 0.105000 2.837783 0.021000 5.704998 0.021000 5.417427 0.021000 2.272388 0.021000 2.046725 0.021000 4.836137 0.021000 4.941388 0.021000 7.020267 0.021000 6.751557 0.021000
2.679540 0.105000 2.866126 0.021000 5.701197 0.021000 5.432910 0.021000 2.249150 0.021000 2.032900 0.021000 4.838934 0.021000 5.071295 0.105000 7.533768 0.105000 6.790207 0.021000
2.752693 0.021000 2.800443 0.021000 5.701222 0.021000 5.478134 0.021000 2.262353 0.021000 2.213282 0.105000 4.896089 0.021000 4.973045 0.021000 6.947514 0.021000 6.808605 0.021000
2.757495 0.021000 2.817596 0.021000 5.696970 0.021000 5.460561 0.021000 2.227741 0.021000 2.061253 0.021000 4.826676 0.021000 4.953269 0.021000 6.903487 0.021000 6.852903 0.021000
2.724086 0.021000 2.883846 0.105000 5.676143 0.021000 5.486521 0.021000 2.299270 0.021000 2.044575 0.021000 4.866256 0.021000 4.977437 0.021000 6.975755 0.021000 6.809091 0.021000
2.740694 0.021000 2.833033 0.021000 5.663086 0.021000 5.524176 0.021000 2.559757 0.105000 2.115483 0.021000 4.793674 0.021000 4.917576 0.021000 6.991719 0.021000 6.798106 0.021000
2.780774 0.021000 2.811708 0.021000 5.719082 0.021000 5.601563 0.021000 2.244479 0.021000 2.054498 0.021000 4.817852 0.021000 4.900412 0.021000 6.974746 0.021000 6.829657 0.021000
2.786567 0.021000 2.791902 0.021000 5.782192 0.021000 5.531449 0.021000 2.332529 0.021000 2.096435 0.021000 4.847229 0.021000 5.008978 0.021000 7.141466 0.105000 6.818234 0.021000
2.774150 0.021000 2.773062 0.105000 5.761115 0.021000 5.499692 0.021000 2.246376 0.021000 2.141230 0.021000 4.792974 0.021000 4.903835 0.021000 6.940434 0.021000 6.851208 0.021000
2.802843 0.021000 2.811153 0.021000 5.773569 0.021000 5.570448 0.021000 2.268380 0.021000 2.127172 0.021000 4.753867 0.021000 4.890935 0.021000 6.992302 0.021000 6.857185 0.021000
3.506838 0.105000 2.763635 0.021000 5.769963 0.021000 5.525792 0.021000 2.323340 0.021000 2.161913 0.021000 4.783888 0.021000 4.898494 0.021000 6.976797 0.021000 6.842342 0.021000
2.804183 0.021000 2.771899 0.021000 5.790351 0.021000 5.532263 0.021000 2.347901 0.021000 2.094759 0.021000 5.198061 0.105000 5.029637 0.105000 6.965274 0.021000 7.096755 0.105000
2.806316 0.021000 2.751485 0.021000 5.794891 0.021000 5.586845 0.021000 2.532359 0.105000 2.128206 0.021000 4.673855 0.021000 4.880854 0.021000 6.931749 0.021000 6.848905 0.021000
2.811651 0.021000 2.709575 0.021000 5.856792 0.021000 5.624553 0.021000 2.298800 0.021000 2.199446 0.021000 4.657844 0.021000 4.943404 0.021000 6.947867 0.021000 6.886025 0.021000
2.914693 0.021000 2.776982 0.021000 5.848011 0.021000 5.604334 0.021000 2.322309 0.021000 2.252395 0.021000 4.736494 0.021000 4.944894 0.021000 6.945588 0.021000 7.523655 0.105000
2.826968 0.021000 2.731736 0.021000 5.888706 0.021000 5.647483 0.021000 2.344429 0.021000 2.218022 0.021000 4.642072 0.021000 4.909568 0.021000 6.958669 0.021000 6.869664 0.021000
2.874636 0.021000 2.721691 0.021000 5.828488 0.105000 5.670445 0.021000 2.330247 0.021000 2.324117 0.021000 4.624342 0.021000 4.827774 0.021000 6.915435 0.021000 6.958954 0.021000
2.913826 0.021000 2.762605 0.021000 5.935826 0.021000 5.706659 0.021000 2.317735 0.021000 2.309336 0.021000 4.586961 0.021000 4.857858 0.021000 6.942078 0.021000 6.964387 0.021000
2.931442 0.021000 2.761895 0.021000 5.861969 0.105000 5.740242 0.021000 2.320289 0.021000 2.258054 0.021000 4.629658 0.021000 4.778117 0.021000 6.912892 0.021000 7.030037 0.021000
2.916803 0.021000 2.793966 0.021000 5.985330 0.021000 5.779020 0.021000 2.351737 0.021000 2.290187 0.021000 4.560020 0.021000 4.800031 0.021000 6.906115 0.021000 6.941765 0.021000
2.983486 0.021000 2.769772 0.021000 6.015716 0.021000 5.738868 0.021000 2.319359 0.021000 2.287196 0.021000 4.564579 0.021000 4.796941 0.021000 6.905578 0.021000 7.364135 0.105000
3.026838 0.021000 2.746516 0.021000 5.958015 0.021000 5.788613 0.021000 2.328265 0.021000 2.220415 0.021000 4.472505 0.021000 4.728033 0.021000 6.886392 0.021000 6.934758 0.021000
3.068880 0.021000 2.796687 0.021000 5.990652 0.021000 5.873177 0.021000 2.349495 0.021000 2.361969 0.021000 5.477554 0.105000 4.700472 0.021000 6.826602 0.021000 6.888855 0.021000
3.056417 0.021000 2.836915 0.021000 5.986370 0.021000 5.838277 0.021000 2.286621 0.021000 2.349671 0.021000 4.460248 0.021000 4.711950 0.021000 6.827096 0.021000 6.955416 0.021000
3.153871 0.021000 2.903511 0.021000 6.157249 0.105000 5.902629 0.021000 2.330542 0.021000 2.303665 0.021000 4.454082 0.021000 4.664884 0.021000 6.832124 0.021000 6.941832 0.021000
3.124194 0.021000 2.891063 0.021000 6.633020 0.105000 5.823478 0.021000 2.290710 0.021000 2.345693 0.021000 4.437792 0.021000 4.601229 0.021000 6.809066 0.021000 7.030255 0.021000
3.195578 0.021000 2.960654 0.021000 6.067103 0.021000 5.914796 0.021000 2.288231 0.021000 2.342222 0.021000 4.402991 0.021000 4.632883 0.021000 6.829232 0.105000 6.900998 0.021000
3.178392 0.021000 2.931973 0.021000 6.035357 0.021000 5.945323 0.021000 2.272480 0.021000 2.407600 0.021000 4.362142 0.021000 5.105070 0.105000 6.708145 0.021000 6.872813 0.021000
3.243843 0.021000 3.269553 0.105000 6.730309 0.105000 5.961952 0.021000 2.314966 0.021000 2.305646 0.021000 4.296686 0.021000 4.634405 0.021000 6.940966 0.105000 6.831131 0.021000
3.231153 0.021000 2.943565 0.021000 6.091539 0.021000 5.952640 0.021000 2.303695 0.021000 2.324548 0.105000 4.239820 0.021000 4.516531 0.021000 6.668246 0.021000 6.894600 0.021000
3.207781 0.021000 3.050086 0.021000 6.109931 0.021000 5.951879 0.105000 2.246338 0.105000 2.283853 0.021000 4.296280 0.021000 4.482634 0.021000 6.704924 0.021000 6.896508 0.021000
3.472554 0.105000 3.072013 0.021000 6.166614 0.021000 6.011441 0.021000 2.481100 0.105000 2.297738 0.021000 4.184492 0.021000 4.457543 0.021000 6.668705 0.021000 6.819762 0.021000
3.622408 0.105000 3.086977 0.021000 6.407695 0.105000 6.026708 0.021000 2.265318 0.021000 2.307903 0.021000 4.165143 0.021000 4.387107 0.021000 6.603327 0.021000 6.847285 0.021000
3.350365 0.021000 3.153533 0.021000 6.211330 0.021000 6.017749 0.021000 2.256211 0.021000 2.268249 0.021000 4.108492 0.021000 4.385132 0.021000 6.676855 0.021000 6.783590 0.021000
3.408150 0.021000 3.142561 0.021000 6.400853 0.105000 6.045086 0.021000 2.299578 0.021000 2.316700 0.021000 4.080281 0.105000 4.371724 0.021000 6.612033 0.021000 6.952481 0.105000
3.371384 0.021000 3.168184 0.021000 6.203970 0.021000 6.080962 0.021000 2.280493 0.021000 2.241683 0.021000 4.066398 0.021000 4.576508 0.105000 6.658929 0.021000 6.747184 0.021000
3.477628 0.021000 3.191234 0.021000 6.246260 0.021000 6.147504 0.021000 2.240384 0.021000 2.195103 0.021000 4.082271 0.021000 4.295393 0.021000 6.632724 0.021000 7.009737 0.105000
3.503123 0.021000 3.368102 0.105000 6.218501 0.021000 6.087839 0.021000 2.320137 0.021000 2.312981 0.021000 4.042906 0.021000 4.634232 0.105000 6.601495 0.021000 6.773997 0.021000
3.493754 0.021000 3.258572 0.021000 6.367617 0.105000 6.191725 0.021000 2.238461 0.021000 2.280169 0.021000 3.996337 0.021000 4.264809 0.021000 6.583885 0.021000 6.698215 0.021000
3.583787 0.021000 3.295871 0.021000 6.300894 0.021000 6.118463 0.021000 2.294337 0.021000 2.260326 0.021000 3.951895 0.021000 4.217795 0.021000 6.539654 0.021000 6.705462 0.021000
3.571706 0.021000 3.310817 0.021000 6.243258 0.021000 6.179432 0.021000 2.191583 0.021000 2.228771 0.021000 3.918558 0.021000 4.207916 0.021000 6.529254 0.021000 6.682068 0.021000
3.608759 0.021000 3.346236 0.021000 6.264017 0.021000 6.179868 0.021000 2.295154 0.021000 2.207522 0.021000 3.888275 0.021000 4.140579 0.021000 7.089810 0.105000 6.642042 0.021000
3.643817 0.021000 3.413453 0.021000 6.368596 0.021000 6.399289 0.105000 2.311732 0.021000 2.244794 0.021000 3.875020 0.021000 4.106984 0.021000 6.593412 0.021000 6.664465 0.021000
3.656404 0.021000 3.394775 0.021000 6.393405 0.021000 6.165371 0.021000 2.352760 0.105000 2.266464 0.021000 3.873855 0.021000 4.121411 0.021000 6.439645 0.021000 6.629576 0.021000
3.646313 0.021000 3.438517 0.021000 6.353731 0.021000 6.225749 0.021000 2.295759 0.021000 2.275027 0.021000 3.822043 0.021000 4.106574 0.021000 6.460253 0.021000 6.582167 0.021000
3.676514 0.021000 3.493908 0.021000 6.386274 0.021000 6.175567 0.021000 2.245336 0.021000 2.856843 0.105000 4.204094 0.105000 3.996476 0.021000 6.399410 0.021000 6.620132 0.021000
3.757731 0.021000 3.489786 0.021000 6.414131 0.021000 6.281558 0.021000 2.237562 0.021000 2.268779 0.021000 3.775849 0.021000 4.074223 0.021000 6.402907 0.021000 6.564158 0.021000
3.773652 0.021000 3.560311 0.021000 6.401145 0.021000 6.338883 0.021000 2.371677 0.105000 2.249842 0.021000 3.702611 0.021000 3.995964 0.021000 6.633957 0.105000 6.515257 0.021000
3.772544 0.021000 3.463734 0.021000 6.416074 0.021000 6.265759 0.021000 2.363025 0.105000 2.218721 0.021000 3.692552 0.021000 3.957795 0.021000 6.718063 0.105000 6.528955 0.021000
3.832758 0.021000 3.515281 0.021000 6.415941 0.021000 6.316961 0.021000 2.298146 0.021000 2.245085 0.021000 3.651347 0.021000 3.947947 0.021000 6.395268 0.021000 6.467913 0.021000
3.859254 0.021000 3.600488 0.021000 7.049888 0.105000 6.303391 0.021000 2.300703 0.021000 2.270483 0.021000 3.660754 0.105000 3.899182 0.021000 6.335161 0.021000 6.428204 0.021000
3.885782 0.021000 3.651886 0.021000 6.525395 0.021000 6.276350 0.021000 2.397394 0.105000 2.223333 0.021000 3.638934 0.021000 4.682840 0.105000 6.393830 0.021000 6.520709 0.021000
3.879502 0.021000 3.660466 0.021000 6.523623 0.021000 6.354684 0.021000 2.319526 0.021000 2.252249 0.105000 3.597191 0.021000 3.864037 0.021000 6.327330 0.021000 6.489864 0.021000
3.834190 0.021000 3.700367 0.021000 6.519414 0.021000 6.314803 0.021000 2.315226 0.021000 2.348998 0.021000 3.617943 0.021000 3.899713 0.021000 6.334553 0.021000 6.476135 0.021000
3.942902 0.021000 3.704821 0.021000 6.527530 0.021000 6.300367 0.105000 2.313625 0.021000 2.248329 0.021000 4.274151 0.105000 3.801949 0.021000 6.311813 0.021000 6.422219 0.021000
3.963938 0.021000 3.730898 0.021000 6.762135 0.105000 6.346806 0.021000 2.324947 0.021000 2.275650 0.021000 3.512744 0.021000 3.758842 0.021000 6.260413 0.021000 6.498035 0.021000
4.008662 0.021000 3.761663 0.021000 6.514632 0.021000 6.373246 0.021000 2.321362 0.021000 2.300444 0.021000 3.559851 0.021000 3.750045 0.021000 6.261781 0.021000 6.439044 0.021000
4.012600 0.021000 4.028520 0.105000 6.564710 0.021000 6.358108 0.021000 2.330336 0.021000 2.240892 0.021000 3.497095 0.021000 3.752888 0.105000 6.666693 0.105000 6.390923 0.021000
3.990272 0.021000 3.783348 0.021000 6.530845 0.021000 7.312241 0.105000 2.306432 0.021000 2.448268 0.105000 3.514889 0.021000 3.770540 0.021000 6.262218 0.021000 6.358173 0.021000
4.006305 0.021000 3.676598 0.105000 6.616639 0.021000 6.438158 0.021000 2.329049 0.021000 2.250640 0.021000 3.456220 0.021000 3.728405 0.021000 6.493164 0.105000 6.378883 0.021000
4.048395 0.021000 3.841719 0.021000 6.902712 0.105000 6.426933 0.021000 2.371527 0.021000 2.225849 0.021000 3.445095 0.021000 3.685507 0.021000 6.280947 0.021000 6.336510 0.021000
4.128407 0.021000 3.887487 0.021000 6.586834 0.021000 6.439996 0.021000 2.358176 0.021000 2.294761 0.021000 3.814578 0.105000 3.690012 0.021000 6.266294 0.021000 6.398149 0.021000
4.098870 0.021000 3.850931 0.021000 6.662112 0.021000 6.466507 0.021000 2.396655 0.021000 2.542376 0.105000 3.393515 0.021000 3.680620 0.021000 6.258341 0.021000 6.371811 0.021000
4.101461 0.021000 3.901412 0.021000 6.619793 0.021000 6.462674 0.021000 2.341561 0.021000 2.321182 0.021000 3.387192 0.021000 3.615455 0.021000 6.236924 0.021000 6.818894 0.105000
4.122312 0.021000 3.911831 0.021000 6.615059 0.021000 6.519991 0.021000 2.362314 0.021000 2.250528 0.021000 3.340512 0.021000 3.876132 0.105000 6.189844 0.021000 6.351890 0.021000
4.126492 0.021000 3.905699 0.021000 6.683974 0.021000 6.497984 0.021000 2.382514 0.021000 2.278109 0.021000 3.305486 0.021000 3.625854 0.021000 6.203697 0.021000 6.348589 0.021000
4.182998 0.021000 3.928502 0.021000 6.636331 0.021000 6.521511 0.021000 2.344776 0.021000 2.280079 0.021000 3.347534 0.021000 3.613641 0.021000 6.205888 0.021000 6.283148 0.021000
4.324202 0.105000 3.961772 0.021000 6.664112 0.021000 6.483603 0.021000 2.364608 0.021000 2.289459 0.021000 3.309970 0.021000 3.580382 0.021000 6.167164 0.021000 6.317331 0.021000
4.142617 0.021000 3.921233 0.021000 6.595269 0.105000 6.508389 0.021000 2.382580 0.021000 2.289592 0.021000 3.280460 0.021000 3.577972 0.021000 6.216053 0.021000 6.330768 0.021000
4.117022 0.105000 3.959248 0.021000 6.634103 0.021000 6.544537 0.021000 2.369698 0.021000 2.259548 0.021000 3.306577 0.021000 3.521982 0.021000 6.172114 0.021000 6.312606 0.021000
4.822324 0.105000 3.969530 0.021000 6.695111 0.021000 6.525592 0.021000 2.321756 0.105000 2.343012 0.021000 3.274356 0.021000 3.555953 0.021000 6.173369 0.021000 6.280237 0.021000
4.257124 0.021000 3.992786 0.021000 6.662309 0.021000 6.543929 0.021000 2.386631 0.021000 2.287249 0.105000 3.304643 0.021000 3.473740 0.021000 6.127820 0.021000 6.291634 0.021000
4.261387 0.021000 4.008754 0.021000 7.192871 0.105000 6.606915 0.021000 2.437357 0.021000 2.283181 0.021000 3.267484 0.021000 3.509649 0.021000 6.208829 0.021000 6.356024 0.021000
4.233110 0.021000 4.038068 0.021000 6.787468 0.021000 6.582745 0.021000 2.347466 0.021000 2.279595 0.021000 3.225542 0.021000 3.459274 0.021000 6.185796 0.021000 6.240397 0.021000
4.196901 0.021000 4.036584 0.021000 6.739431 0.021000 6.602222 0.021000 2.401551 0.021000 2.272239 0.021000 3.214348 0.021000 3.472691 0.021000 6.093099 0.021000 6.326026 0.105000
4.297902 0.021000 4.084703 0.021000 6.695540 0.021000 6.603301 0.021000 2.460430 0.021000 2.694660 0.105000 3.192891 0.021000 3.394076 0.021000 6.099027 0.021000 6.254229 0.021000
4.346411 0.021000 4.038037 0.021000 6.752899 0.021000 6.572953 0.021000 2.407665 0.021000 2.285756 0.021000 3.240208 0.021000 3.470412 0.021000 6.068278 0.021000 6.235195 0.021000
4.296253 0.021000 4.056645 0.021000 6.741009 0.021000 6.644234 0.021000 2.432443 0.021000 2.302491 0.021000 3.255146 0.021000 3.448090 0.021000 6.122246 0.021000 6.224047 0.021000
4.265627 0.021000 4.025226 0.021000 6.783305 0.021000 6.628654 0.021000 2.388765 0.021000 2.275777 0.021000 3.242547 0.021000 3.439270 0.021000 6.151023 0.021000 6.294200 0.021000
4.394575 0.021000 4.077276 0.021000 6.796591 0.021000 6.569925 0.021000 2.363131 0.021000 2.603491 0.105000 3.173052 0.021000 3.494374 0.105000 6.167996 0.021000 6.196716 0.021000
4.277413 0.021000 4.765081 0.105000 6.831703 0.021000 6.685170 0.105000 2.439268 0.021000 2.343359 0.021000 3.154287 0.021000 3.362029 0.021000 6.118653 0.021000 6.241868 0.021000
4.416571 0.021000 4.714133 0.105000 7.169611 0.105000 6.636960 0.021000 2.413613 0.021000 2.367360 0.021000 3.167181 0.021000 3.385835 0.021000 6.160761 0.021000 6.574643 0.105000
4.392203 0.021000 4.108088 0.021000 6.778613 0.021000 6.657199 0.021000 2.412682 0.021000 2.363743 0.021000 3.149665 0.021000 3.346852 0.105000 6.090881 0.021000 6.263697 0.021000
4.353517 0.021000 4.140714 0.021000 6.789673 0.021000 6.604922 0.021000 2.437100 0.021000 2.334716 0.021000 3.135528 0.021000 3.376085 0.021000 6.068982 0.021000 6.221980 0.021000
4.402831 0.021000 4.381568 0.105000 6.757617 0.021000 6.630290 0.021000 2.377791 0.021000 2.346880 0.021000 3.152844 0.021000 3.338280 0.021000 6.156378 0.021000 6.236479 0.105000
4.388722 0.021000 4.088691 0.021000 6.778263 0.021000 6.635006 0.021000 2.412262 0.021000 2.329726 0.021000 3.109977 0.021000 4.022742 0.105000 5.978797 0.021000 6.202321 0.021000
4.353660 0.021000 4.115281 0.021000 6.788187 0.021000 6.705214 0.021000 2.417610 0.021000 2.285619 0.021000 3.085699 0.021000 3.628441 0.105000 6.076349 0.021000 6.206444 0.021000
4.364129 0.021000 4.122055 0.021000 6.769927 0.021000 6.616463 0.021000 2.371653 0.021000 2.394137 0.021000 3.160870 0.021000 3.397534 0.021000 6.043027 0.021000 6.168474 0.021000
4.395318 0.021000 4.120900 0.021000 6.748685 0.021000 6.673021 0.021000 2.226699 0.105000 2.364518 0.021000 3.132985 0.021000 3.330077 0.021000 6.092148 0.021000 6.536446 0.105000
4.727855 0.105000 4.124138 0.021000 6.759806 0.021000 6.666499 0.021000 2.409217 0.021000 2.352863 0.021000 3.131934 0.021000 3.862841 0.105000 6.038532 0.021000 6.263882 0.021000
4.421244 0.021000 4.184730 0.021000 6.820594 0.021000 6.683580 0.021000 3.091488 0.105000 2.324659 0.021000 3.121412 0.021000 3.363468 0.021000 6.061051 0.021000 6.206495 0.021000
4.447120 0.021000 4.140452 0.021000 6.742817 0.021000 6.675384 0.021000 2.411465 0.021000 2.381242 0.021000 3.153307 0.021000 3.352342 0.021000 6.084321 0.021000 6.200690 0.021000
4.390750 0.021000 4.628048 0.105000 6.779354 0.021000 6.741960 0.021000 2.645736 0.105000 2.372864 0.021000 3.122189 0.021000 3.299377 0.021000 6.052053 0.021000 6.240152 0.021000
4.461918 0.021000 4.234889 0.021000 6.811538 0.021000 6.708841 0.021000 2.391204 0.021000 2.425041 0.021000 3.475852 0.105000 3.255476 0.021000 6.027338 0.021000 6.178287 0.021000
4.458888 0.021000 4.224328 0.021000 6.738916 0.021000 6.721386 0.021000 2.367999 0.021000 2.451354 0.021000 3.058210 0.021000 3.186165 0.021000 6.190807 0.105000 6.228649 0.021000
4.817117 0.105000 4.257258 0.021000 6.746188 0.021000 6.737080 0.021000 2.400999 0.021000 2.383591 0.021000 3.107057 0.021000 3.237793 0.021000 6.342593 0.105000 6.224024 0.021000
4.401058 0.021000 4.256409 0.021000 6.663406 0.105000 6.691530 0.021000 2.311032 0.021000 2.431125 0.021000 3.068273 0.021000 3.255521 0.021000 5.947437 0.021000 6.153670 0.021000
4.524688 0.021000 4.286091 0.021000 6.747508 0.021000 6.794166 0.021000 2.330554 0.021000 2.393209 0.021000 3.113225 0.021000 3.209227 0.021000 5.919892 0.021000 6.139825 0.021000
4.507425 0.021000 4.256515 0.021000 6.679492 0.021000 6.768863 0.021000 2.308201 0.021000 2.421185 0.021000 3.033033 0.021000 3.188057 0.021000 5.856337 0.021000 6.168285 0.021000
4.496195 0.021000 4.305885 0.021000 6.714277 0.021000 6.800655 0.021000 2.230729 0.021000 2.829900 0.105000 4.133429 0.105000 3.175619 0.021000 5.894191 0.021000 6.138336 0.021000
4.512249 0.021000 4.317686 0.021000 6.672127 0.021000 6.747912 0.021000 2.254442 0.021000 2.432983 0.021000 3.100142 0.021000 3.140803 0.021000 5.796998 0.021000 6.038944 0.021000
4.528416 0.021000 4.402104 0.021000 6.647212 0.021000 6.795167 0.021000 2.244389 0.021000 2.382919 0.021000 3.078035 0.021000 3.169309 0.021000 5.844014 0.021000 6.064775 0.021000
4.494725 0.021000 4.420965 0.021000 6.685387 0.105000 6.771642 0.021000 2.196635 0.021000 2.359719 0.021000 4.668390 0.105000 3.101297 0.021000 5.778408 0.021000 6.022505 0.021000
4.536892 0.021000 4.427837 0.021000 6.653078 0.021000 6.719724 0.021000 2.192084 0.021000 2.346608 0.021000 3.135943 0.021000 3.137738 0.021000 5.797870 0.021000 6.025380 0.021000
4.559347 0.021000 4.475299 0.105000 6.602146 0.021000 6.757362 0.021000 2.206665 0.105000 2.349554 0.021000 3.166941 0.021000 3.103259 0.021000 5.769640 0.021000 5.973503 0.021000
4.585220 0.021000 4.445005 0.021000 6.574160 0.021000 6.713245 0.021000 2.160024 0.021000 2.334542 0.021000 3.111949 0.021000 3.116501 0.021000 5.721415 0.021000 5.954643 0.021000
4.613040 0.021000 4.443269 0.021000 6.552604 0.021000 6.718519 0.021000 2.123310 0.021000 2.365483 0.021000 3.060107 0.021000 3.091978 0.021000 5.693501 0.021000 5.926441 0.021000
4.564077 0.021000 4.488863 0.021000 6.522896 0.021000 6.672480 0.021000 2.064092 0.021000 2.212149 0.021000 3.101505 0.021000 3.081201 0.021000 5.677346 0.021000 5.934749 0.021000
4.599291 0.021000 4.485443 0.021000 6.529854 0.021000 6.699835 0.021000 2.078874 0.021000 2.268819 0.021000 3.996291 0.105000 3.064410 0.021000 5.609977 0.021000 5.849864 0.021000
4.571983 0.021000 4.473363 0.105000 6.540722 0.021000 6.780295 0.105000 2.036741 0.021000 2.209405 0.021000 3.153577 0.021000 3.418904 0.105000 5.655498 0.021000 5.913473 0.021000
4.551157 0.021000 4.592170 0.021000 6.490209 0.021000 6.608273 0.021000 1.998325 0.021000 2.236020 0.021000 3.195784 0.021000 3.074945 0.021000 5.532141 0.021000 5.858532 0.021000
4.613698 0.021000 4.597215 0.021000 6.440611 0.021000 6.579381 0.021000 1.924122 0.021000 2.172078 0.021000 3.198879 0.021000 3.095242 0.021000 5.804067 0.105000 5.821283 0.021000
4.595573 0.021000 4.740273 0.105000 6.427629 0.021000 6.638646 0.021000 2.243026 0.105000 2.206963 0.021000 3.210062 0.021000 3.148746 0.021000 5.670838 0.105000 5.768438 0.021000
4.566605 0.021000 4.596359 0.021000 6.353185 0.021000 6.666094 0.021000 1.933099 0.021000 2.147713 0.021000 3.192474 0.021000 3.090623 0.021000 5.525351 0.021000 5.724867 0.021000
4.592381 0.021000 4.592938 0.021000 6.336781 0.021000 6.567254 0.021000 1.887976 0.021000 2.144790 0.021000 3.207924 0.021000 3.087127 0.021000 5.521104 0.105000 5.651613 0.021000
4.697200 0.021000 4.549320 0.021000 6.357516 0.021000 6.620678 0.021000 1.845402 0.021000 2.118126 0.021000 3.182360 0.021000 3.141930 0.021000 5.451342 0.021000 5.667076 0.105000
4.650549 0.021000 4.561625 0.021000 6.329064 0.021000 6.539305 0.021000 1.908899 0.021000 2.002090 0.021000 3.244912 0.021000 3.182533 0.021000 5.496001 0.021000 5.638937 0.021000
4.693847 0.021000 4.553634 0.021000 6.328985 0.021000 6.538407 0.021000 1.844535 0.021000 2.018661 0.021000 3.692836 0.105000 3.173972 0.021000 5.354392 0.021000 5.685551 0.021000
4.628972 0.021000 4.554523 0.021000 6.307797 0.021000 6.584613 0.105000 1.752987 0.021000 2.013435 0.105000 3.297705 0.021000 3.177459 0.021000 5.699580 0.105000 5.639449 0.021000
4.698734 0.021000 4.627345 0.021000 6.306156 0.021000 6.452726 0.021000 1.777915 0.021000 1.910564 0.021000 3.329863 0.021000 3.222521 0.021000 5.387567 0.021000 5.591062 0.021000
4.694681 0.021000 4.585690 0.021000 6.246072 0.021000 6.416122 0.021000 1.687399 0.021000 1.968254 0.021000 3.346128 0.021000 3.208502 0.021000 5.369007 0.021000 5.564667 0.021000
4.757964 0.021000 4.624047 0.021000 6.244873 0.021000 6.467707 0.021000 1.744727 0.021000 1.947062 0.021000 3.300263 0.021000 3.214837 0.021000 5.331767 0.021000 5.531925 0.021000
4.640704 0.021000 4.637518 0.021000 6.206507 0.021000 6.379026 0.021000 1.676547 0.021000 1.834663 0.021000 3.794099 0.105000 3.667359 0.105000 5.289619 0.021000 5.514354 0.021000
4.756449 0.105000 4.954010 0.105000 6.207737 0.021000 6.613436 0.105000 1.668623 0.021000 1.845892 0.021000 3.352206 0.021000 3.304958 0.021000 5.281127 0.021000 5.435230 0.021000
4.682219 0.021000 4.903804 0.105000 6.151127 0.021000 6.346655 0.021000 1.971666 0.105000 1.854463 0.021000 3.866532 0.105000 3.313707 0.021000 5.210273 0.021000 5.512751 0.021000
4.702781 0.021000 4.872241 0.105000 6.175482 0.021000 6.396364 0.021000 1.671966 0.105000 1.847211 0.021000 3.398826 0.021000 3.275473 0.021000 5.368568 0.105000 6.069451 0.105000
4.778476 0.021000 4.586929 0.021000 6.135691 0.021000 6.263076 0.021000 1.657740 0.021000 1.782570 0.021000 3.414917 0.021000 3.295864 0.021000 5.211107 0.021000 5.422823 0.021000
4.745650 0.021000 4.638713 0.021000 6.082002 0.021000 6.269595 0.021000 1.622913 0.021000 1.739927 0.021000 3.458883 0.021000 3.317907 0.021000 5.200032 0.021000 5.417405 0.021000
5.281626 0.105000 4.654640 0.021000 6.061964 0.021000 6.197661 0.021000 1.524714 0.021000 1.887324 0.105000 3.430187 0.021000 3.274868 0.021000 5.136391 0.021000 5.330491 0.021000
4.814444 0.021000 4.698575 0.021000 6.055714 0.021000 6.235504 0.021000 1.476126 0.021000 1.725822 0.021000 3.392739 0.021000 3.360275 0.021000 5.093844 0.021000 5.326808 0.021000
4.742289 0.021000 4.725701 0.021000 6.003689 0.105000 6.720691 0.105000 1.452461 0.021000 1.687980 0.021000 3.471655 0.021000 3.317495 0.021000 5.075621 0.021000 5.320090 0.021000
4.826655 0.021000 4.699112 0.021000 6.068551 0.021000 6.187203 0.021000 1.525779 0.021000 1.671715 0.021000 3.515744 0.021000 3.401186 0.021000 5.058734 0.021000 5.311177 0.021000
4.775969 0.021000 5.051124 0.105000 6.070699 0.105000 6.166180 0.021000 2.130477 0.105000 1.664417 0.021000 3.836608 0.105000 3.344283 0.021000 5.055307 0.021000 5.203607 0.021000
4.800369 0.021000 4.697614 0.021000 5.979698 0.021000 6.171408 0.021000 1.443767 0.021000 1.599461 0.021000 3.555894 0.105000 3.358946 0.021000 5.051943 0.021000 5.682314 0.105000
4.789958 0.021000 4.784721 0.021000 5.945833 0.021000 6.119000 0.021000 1.368447 0.021000 1.597972 0.021000 3.555732 0.021000 3.432125 0.021000 4.982016 0.021000 5.160463 0.105000
4.872614 0.021000 4.743131 0.021000 5.919114 0.021000 6.172975 0.021000 1.508619 0.105000 1.525889 0.021000 3.544486 0.021000 3.446179 0.021000 4.960989 0.021000 5.239366 0.021000
4.855124 0.021000 4.829630 0.021000 5.947462 0.021000 6.071932 0.021000 1.346957 0.021000 1.577382 0.021000 3.578524 0.021000 3.426935 0.021000 4.965860 0.021000 5.143071 0.021000
4.857090 0.021000 4.827383 0.021000 5.901611 0.021000 6.087718 0.021000 2.238544 0.105000 1.493597 0.021000 3.618867 0.021000 3.474232 0.021000 4.935344 0.021000 5.092219 0.021000
4.864680 0.021000 4.715724 0.021000 5.895904 0.021000 6.023628 0.021000 1.347191 0.021000 1.477676 0.021000 3.557582 0.021000 3.476873 0.021000 4.899835 0.021000 5.138227 0.021000
4.893874 0.021000 4.863763 0.021000 6.865525 0.105000 5.993738 0.021000 1.277101 0.021000 1.459885 0.021000 3.654038 0.021000 3.437225 0.021000 4.803968 0.021000 5.068829 0.021000
4.923623 0.021000 4.775503 0.021000 5.816632 0.021000 6.009491 0.021000 3.884947 0.105000 1.461288 0.021000 3.636805 0.021000 3.480427 0.021000 4.880073 0.021000 5.092455 0.105000
4.869492 0.021000 4.814916 0.021000 5.700086 0.105000 6.011222 0.021000 1.291055 0.021000 1.481525 0.021000 3.696049 0.021000 3.488171 0.021000 4.848800 0.021000 5.049724 0.021000
4.924876 0.021000 4.809141 0.021000 5.786434 0.021000 5.959325 0.021000 1.259538 0.021000 1.449980 0.021000 3.693953 0.021000 3.544582 0.021000 4.768668 0.021000 4.984404 0.021000
4.970438 0.021000 4.838543 0.021000 5.776347 0.021000 5.937128 0.021000 1.195578 0.021000 1.424237 0.021000 3.694814 0.021000 3.548839 0.021000 4.742937 0.021000 4.959617 0.021000
4.998823 0.021000 4.832006 0.021000 5.782727 0.021000 5.913551 0.021000 1.248956 0.021000 1.395785 0.021000 3.703807 0.021000 3.546721 0.021000 4.703795 0.021000 4.963500 0.021000
5.013523 0.105000 4.839237 0.021000 5.764874 0.021000 5.879496 0.021000 1.193366 0.021000 1.315203 0.021000 3.734576 0.021000 3.578316 0.021000 4.785818 0.021000 5.056023 0.105000
5.013495 0.021000 4.872724 0.021000 5.724916 0.021000 5.875399 0.021000 1.175205 0.021000 1.305801 0.021000 3.739265 0.021000 3.594212 0.021000 4.657054 0.021000 4.930526 0.021000
5.017516 0.021000 5.128082 0.105000 5.731938 0.021000 7.134705 0.105000 1.160204 0.021000 1.313297 0.021000 3.718530 0.021000 3.613006 0.021000 4.642236 0.021000 4.884700 0.021000
5.028959 0.021000 4.865588 0.021000 5.697440 0.021000 5.805116 0.021000 1.134651 0.021000 1.219905 0.021000 3.765184 0.021000 3.634072 0.021000 4.616158 0.021000 4.839136 0.021000
5.019596 0.021000 4.920816 0.021000 5.626562 0.021000 5.833685 0.021000 1.090874 0.021000 1.304844 0.021000 3.825377 0.021000 3.654099 0.021000 4.646316 0.021000 4.825573 0.021000
5.116745 0.105000 4.916144 0.021000 5.689324 0.021000 5.784745 0.021000 1.090124 0.021000 1.211386 0.021000 3.965284 0.105000 3.661306 0.021000 4.633291 0.021000 4.802576 0.021000
5.426241 0.105000 4.928377 0.021000 5.639193 0.021000 5.751727 0.021000 1.130712 0.021000 1.227259 0.021000 3.841006 0.021000 4.085224 0.105000 4.541254 0.021000 4.781358 0.021000
5.032115 0.021000 5.014356 0.021000 5.574049 0.021000 5.737447 0.021000 1.051105 0.021000 1.158669 0.021000 3.865138 0.021000 3.785170 0.021000 4.581034 0.021000 4.724964 0.021000
5.124156 0.021000 4.957512 0.021000 5.626064 0.021000 5.789864 0.021000 1.005333 0.105000 1.096308 0.021000 3.897045 0.021000 4.042240 0.105000 4.526730 0.021000 4.766624 0.021000
5.288247 0.105000 4.982414 0.021000 5.631218 0.021000 5.716788 0.021000 1.067146 0.021000 1.156397 0.021000 3.875712 0.021000 3.939667 0.105000 4.502606 0.021000 4.711174 0.021000
5.108262 0.021000 5.008274 0.021000 5.601649 0.021000 5.739922 0.021000 1.013867 0.021000 1.117872 0.021000 3.955004 0.021000 3.769624 0.021000 4.477365 0.021000 5.012716 0.105000
5.656325 0.105000 5.036511 0.021000 5.536099 0.021000 5.682914 0.021000 0.983682 0.021000 1.089835 0.021000 3.927988 0.021000 3.774095 0.021000 4.456410 0.021000 4.613445 0.021000
5.163206 0.021000 5.051274 0.021000 5.513053 0.021000 5.629785 0.021000 0.946405 0.021000 1.130185 0.021000 3.963539 0.021000 3.807247 0.021000 4.418713 0.021000 4.599364 0.021000
5.455747 0.105000 5.070996 0.021000 5.491036 0.021000 5.638658 0.021000 0.993016 0.021000 1.130064 0.021000 4.025176 0.021000 3.778403 0.021000 4.557816 0.105000 4.630532 0.021000
5.113903 0.021000 5.069080 0.021000 5.492521 0.021000 5.651595 0.021000 0.972079 0.021000 1.212963 0.105000 3.989240 0.021000 3.908756 0.021000 4.401245 0.021000 4.563886 0.021000
5.181256 0.021000 5.071837 0.021000 5.501384 0.021000 5.661014 0.021000 0.995646 0.021000 1.105119 0.021000 3.976845 0.021000 3.881103 0.021000 4.368713 0.021000 4.510918 0.021000
5.281536 0.105000 5.100394 0.021000 5.440216 0.021000 5.606542 0.021000 0.975895 0.021000 1.027397 0.021000 4.089910 0.021000 3.911013 0.021000 4.376773 0.105000 4.514603 0.021000
5.228066 0.021000 5.075291 0.021000 5.432594 0.021000 5.592211 0.021000 1.049792 0.105000 1.000518 0.021000 4.038820 0.021000 3.918538 0.021000 4.332597 0.021000 4.507505 0.021000
5.245515 0.021000 5.079006 0.021000 5.531379 0.105000 5.577194 0.021000 1.013075 0.021000 0.995086 0.021000 4.062554 0.021000 3.936231 0.021000 4.267979 0.021000 4.541566 0.021000
5.704825 0.105000 5.484480 0.105000 5.652426 0.105000 5.518552 0.021000 0.975903 0.105000 1.052196 0.021000 4.068999 0.021000 3.878951 0.021000 4.651939 0.105000 4.462418 0.021000
5.276365 0.021000 5.136479 0.021000 5.377407 0.021000 5.518631 0.021000 0.991024 0.021000 1.014445 0.021000 4.196666 0.021000 3.973011 0.021000 4.233183 0.021000 4.459763 0.021000
5.311741 0.021000 5.195332 0.021000 5.340287 0.021000 5.509144 0.021000 0.957185 0.021000 0.994480 0.021000 4.146291 0.021000 3.959009 0.021000 4.284142 0.021000 4.447583 0.021000
5.330152 0.021000 5.180566 0.021000 5.352022 0.021000 5.332971 0.105000 0.995781 0.021000 1.038290 0.021000 4.205973 0.021000 3.985014 0.021000 4.186083 0.021000 4.382332 0.021000
5.323125 0.021000 5.205612 0.021000 5.274747 0.021000 5.490597 0.021000 0.986100 0.021000 1.003249 0.021000 4.178341 0.021000 4.103872 0.105000 4.157694 0.021000 4.404897 0.021000
5.385382 0.021000 5.237014 0.021000 5.335068 0.021000 5.401753 0.021000 0.968277 0.021000 0.985007 0.021000 4.235489 0.021000 4.593385 0.105000 4.113242 0.105000 4.352228 0.021000
5.407137 0.021000 5.200047 0.021000 5.251813 0.021000 5.424584 0.021000 0.929741 0.021000 0.941843 0.021000 4.268617 0.021000 4.085620 0.021000 4.099385 0.021000 4.267652 0.105000
5.390195 0.021000 5.270445 0.021000 5.289956 0.021000 5.434913 0.021000 0.983479 0.021000 0.913204 0.021000 5.401532 0.105000 4.042442 0.021000 4.132392 0.021000 4.258191 0.021000
5.435785 0.021000 5.214066 0.021000 5.278751 0.021000 5.434216 0.021000 0.968536 0.021000 0.920061 0.021000 4.230574 0.021000 4.125749 0.021000 4.114575 0.021000 4.292538 0.021000
5.455419 0.021000 5.292860 0.021000 5.237889 0.021000 5.326952 0.021000 0.944638 0.021000 0.953951 0.021000 4.280138 0.021000 4.119850 0.021000 4.226414 0.105000 4.247386 0.021000
5.421871 0.021000 5.326134 0.021000 5.242445 0.021000 5.381742 0.021000 0.959950 0.021000 0.899832 0.021000 4.360626 0.021000 4.203270 0.021000 4.131708 0.105000 4.244071 0.021000
5.435437 0.021000 5.305127 0.021000 5.633091 0.105000 5.332982 0.021000 0.963691 0.021000 0.960120 0.021000 4.343893 0.021000 4.098091 0.021000 4.017680 0.021000 4.198409 0.021000
5.495107 0.021000 5.383906 0.021000 5.170612 0.021000 5.296707 0.021000 1.022292 0.021000 0.907953 0.021000 4.380886 0.021000 4.229973 0.021000 4.039473 0.021000 4.215982 0.021000
5.476606 0.021000 5.330842 0.021000 5.166838 0.021000 5.416078 0.105000 0.988166 0.021000 0.904851 0.021000 4.402186 0.021000 4.191755 0.021000 4.021944 0.021000 4.171329 0.021000
5.521161 0.021000 5.328979 0.021000 5.128618 0.021000 5.303373 0.021000 0.976342 0.021000 0.919428 0.021000 4.439888 0.021000 4.437409 0.105000 3.954409 0.021000 4.156489 0.021000
5.564927 0.021000 5.409749 0.021000 5.134676 0.021000 5.277021 0.021000 1.016760 0.021000 0.948360 0.021000 4.383654 0.021000 4.218184 0.021000 3.929158 0.021000 4.157717 0.021000
5.529312 0.021000 5.378027 0.021000 5.126810 0.021000 5.247982 0.021000 1.042500 0.021000 0.949836 0.021000 4.657099 0.105000 4.289961 0.021000 4.000496 0.021000 4.148950 0.021000
5.554797 0.021000 5.527901 0.105000 5.161962 0.021000 5.287778 0.021000 1.014698 0.021000 1.288907 0.105000 4.517740 0.105000 4.271521 0.021000 3.966877 0.021000 4.098181 0.021000
5.557633 0.021000 5.404533 0.021000 5.091879 0.021000 5.221104 0.021000 1.319836 0.105000 0.965168 0.021000 4.423018 0.021000 4.316585 0.021000 3.958760 0.021000 4.119885 0.021000
5.615665 0.021000 5.409084 0.021000 5.053199 0.021000 5.163155 0.021000 1.067689 0.021000 0.966039 0.021000 4.496392 0.021000 4.314182 0.021000 3.882185 0.021000 4.040474 0.021000
5.643654 0.021000 5.477556 0.021000 5.065348 0.021000 6.315922 0.105000 1.066298 0.021000 0.978341 0.021000 4.500721 0.021000 4.405433 0.021000 3.831422 0.021000 4.506073 0.105000
6.504554 0.105000 5.532322 0.021000 5.059221 0.021000 5.263772 0.105000 1.065148 0.021000 0.963442 0.021000 4.602641 0.021000 4.316384 0.021000 3.874245 0.021000 4.026781 0.021000
5.611784 0.021000 5.519812 0.021000 5.044859 0.021000 5.161744 0.021000 1.108740 0.021000 0.972390 0.021000 4.604586 0.021000 4.469856 0.105000 3.846855 0.021000 4.000365 0.021000
5.714353 0.021000 5.514059 0.021000 5.042786 0.021000 5.123038 0.021000 1.146727 0.021000 0.949908 0.021000 4.623104 0.021000 4.438055 0.021000 3.810357 0.021000 3.925277 0.021000
5.735077 0.105000 5.478463 0.021000 5.019134 0.021000 5.562784 0.105000 1.155702 0.021000 0.996610 0.021000 4.613625 0.021000 4.440100 0.021000 3.796292 0.021000 3.946357 0.021000
5.717253 0.021000 5.543089 0.021000 5.003618 0.021000 5.137447 0.021000 1.128024 0.021000 1.059693 0.021000 4.714959 0.021000 4.462763 0.021000 3.780773 0.021000 3.934739 0.021000
5.713869 0.021000 5.754965 0.105000 4.979394 0.021000 5.094277 0.021000 1.130845 0.021000 0.999297 0.021000 4.619302 0.021000 4.484767 0.021000 3.724202 0.021000 3.879124 0.021000
5.750468 0.021000 5.585366 0.021000 4.959841 0.021000 5.091608 0.021000 1.151478 0.021000 1.085269 0.021000 4.745927 0.021000 4.468262 0.021000 3.725006 0.021000 3.865488 0.021000
5.827971 0.105000 5.661812 0.021000 4.965265 0.021000 5.126512 0.021000 1.158068 0.021000 1.096019 0.021000 4.733350 0.021000 4.527456 0.021000 3.727814 0.021000 3.880295 0.021000
5.737142 0.021000 5.666553 0.021000 4.975123 0.021000 5.033591 0.021000 1.165740 0.021000 1.041649 0.021000 4.771162 0.021000 4.561407 0.021000 3.647750 0.021000 3.860013 0.021000
5.806752 0.021000 5.669656 0.021000 4.951439 0.021000 5.079471 0.021000 1.251452 0.021000 1.081643 0.021000 4.802639 0.021000 4.565545 0.021000 3.683490 0.021000 3.841850 0.021000
5.851988 0.021000 5.683771 0.021000 4.937186 0.021000 5.026869 0.021000 1.262508 0.021000 1.105184 0.021000 4.781702 0.021000 4.607423 0.021000 3.691576 0.021000 3.787685 0.021000
5.829394 0.021000 5.666432 0.021000 4.906476 0.021000 5.040887 0.021000 1.271899 0.021000 1.069921 0.021000 4.813143 0.021000 4.599350 0.021000 3.575523 0.021000 4.535213 0.105000
5.875607 0.021000 5.676232 0.021000 5.045239 0.105000 4.993567 0.021000 1.262573 0.021000 1.109173 0.021000 4.885423 0.021000 4.636436 0.021000 3.617050 0.021000 3.765752 0.021000
5.894558 0.021000 5.690074 0.021000 4.863958 0.021000 5.066284 0.021000 1.279011 0.021000 1.137944 0.021000 4.916000 0.021000 4.889548 0.105000 3.597790 0.021000 3.680504 0.021000
5.867587 0.021000 6.381621 0.105000 4.884335 0.021000 5.129361 0.105000 1.298283 0.021000 1.185421 0.021000 4.896054 0.021000 4.725422 0.021000 3.554175 0.021000 3.804942 0.021000
5.955141 0.021000 5.839736 0.021000 4.837700 0.021000 4.975072 0.021000 1.340229 0.021000 1.169088 0.021000 4.920438 0.021000 4.724631 0.021000 3.511552 0.021000 3.691617 0.021000
5.899602 0.105000 5.833492 0.021000 4.825200 0.021000 4.942740 0.021000 1.357107 0.021000 1.327047 0.105000 4.934055 0.021000 4.729231 0.021000 3.578885 0.021000 3.745458 0.021000
6.005422 0.021000 5.772487 0.021000 4.865211 0.021000 4.972468 0.021000 1.566606 0.105000 1.168144 0.021000 4.959637 0.021000 4.736911 0.021000 3.674386 0.105000 3.647753 0.021000
5.988826 0.021000 5.802957 0.021000 4.845953 0.021000 5.124335 0.105000 1.410635 0.021000 1.227252 0.021000 4.963850 0.021000 4.778031 0.021000 3.493403 0.021000 3.655644 0.021000
6.035415 0.021000 5.855670 0.021000 4.765240 0.021000 4.901190 0.021000 1.399928 0.021000 1.254557 0.021000 5.030982 0.021000 4.832171 0.021000 3.551182 0.021000 4.191676 0.105000
6.073177 0.021000 5.873426 0.021000 4.814410 0.021000 4.898756 0.021000 1.464789 0.021000 1.279176 0.021000 5.025565 0.021000 4.862303 0.021000 3.307772 0.105000 3.699208 0.021000
6.082621 0.021000 5.947942 0.021000 4.780421 0.021000 4.857404 0.021000 1.500721 0.021000 1.363783 0.021000 5.081217 0.021000 4.871282 0.021000 3.459556 0.021000 3.612907 0.021000
6.101338 0.021000 5.910374 0.021000 4.759166 0.021000 4.826889 0.021000 1.505997 0.021000 1.332242 0.021000 6.127547 0.105000 4.850773 0.021000 3.412034 0.021000 3.592594 0.021000
6.118072 0.021000 5.919585 0.021000 4.748952 0.021000 4.917489 0.021000 1.531176 0.021000 1.347511 0.021000 5.094844 0.021000 4.864826 0.021000 3.408048 0.021000 3.573948 0.021000
6.104168 0.021000 6.690664 0.105000 4.729437 0.021000 4.813431 0.021000 1.565404 0.021000 1.400437 0.021000 5.168240 0.021000 4.907794 0.021000 3.460724 0.105000 3.581723 0.021000
6.217436 0.021000 5.991128 0.021000 4.757804 0.105000 4.811921 0.021000 1.568697 0.021000 1.349148 0.021000 5.154559 0.021000 4.976558 0.021000 3.387891 0.021000 3.520084 0.021000
6.183095 0.021000 5.977387 0.021000 4.683710 0.021000 4.744450 0.021000 1.582118 0.021000 1.420089 0.021000 5.092452 0.105000 4.981774 0.021000 3.344000 0.021000 3.556618 0.021000
6.148190 0.021000 6.213573 0.105000 4.728816 0.021000 4.817860 0.021000 1.627202 0.105000 1.635806 0.105000 5.208643 0.021000 4.966198 0.021000 3.315152 0.021000 3.502818 0.021000
6.760955 0.105000 6.021208 0.021000 4.682716 0.021000 4.771278 0.021000 1.650259 0.021000 1.423342 0.021000 5.176537 0.021000 4.985449 0.021000 3.393251 0.021000 3.595863 0.105000
6.210640 0.105000 6.052927 0.021000 4.673496 0.021000 4.835997 0.021000 1.661706 0.021000 1.463943 0.021000 5.240476 0.021000 5.064343 0.021000 3.513883 0.105000 3.466596 0.021000
6.262147 0.021000 6.122642 0.021000 4.667674 0.021000 4.795592 0.021000 1.707487 0.021000 1.548263 0.021000 5.226899 0.021000 5.075362 0.021000 3.277222 0.021000 3.429742 0.021000
6.333671 0.021000 6.114984 0.021000 4.665500 0.021000 4.770633 0.021000 2.246807 0.105000 1.505173 0.021000 5.335473 0.021000 5.393789 0.105000 3.318955 0.021000 3.415295 0.021000
6.277505 0.021000 6.120870 0.021000 4.708717 0.021000 4.751591 0.021000 1.820924 0.021000 3.224385 0.105000 5.329115 0.021000 5.158596 0.021000 3.224922 0.021000 3.438259 0.021000
6.351809 0.021000 6.362058 0.105000 4.586441 0.021000 4.805859 0.021000 1.760926 0.021000 1.530503 0.021000 5.342847 0.021000 5.135189 0.021000 3.285638 0.105000 3.392571 0.021000
6.361580 0.021000 6.121707 0.021000 4.623539 0.021000 4.752389 0.021000 1.813487 0.021000 1.628757 0.021000 5.368625 0.021000 5.209226 0.021000 3.277278 0.021000 3.374306 0.021000
6.368331 0.021000 6.171716 0.021000 4.668254 0.021000 4.697987 0.021000 1.982854 0.105000 1.721795 0.105000 5.372824 0.021000 5.200470 0.021000 3.228121 0.021000 3.387094 0.021000
6.355170 0.021000 6.187853 0.021000 4.637361 0.021000 4.678397 0.021000 1.873735 0.021000 1.592900 0.021000 5.417219 0.021000 5.207963 0.021000 3.234512 0.021000 3.365006 0.021000
6.381991 0.021000 6.182994 0.021000 4.584439 0.021000 4.698558 0.021000 1.886119 0.021000 1.649700 0.021000 5.453301 0.021000 5.196221 0.021000 3.237779 0.021000 3.379622 0.021000
6.431631 0.021000 6.179373 0.021000 4.620299 0.021000 4.768658 0.021000 1.883199 0.021000 1.658697 0.021000 5.441960 0.021000 5.263272 0.021000 3.166200 0.021000 3.309319 0.021000
6.459159 0.021000 6.190126 0.021000 4.592372 0.021000 4.713223 0.021000 1.908633 0.021000 1.699641 0.021000 5.562359 0.021000 5.292622 0.021000 3.240657 0.021000 3.319302 0.021000
6.405694 0.021000 6.212968 0.021000 4.581741 0.021000 4.711972 0.021000 1.935036 0.021000 1.685517 0.021000 5.531142 0.021000 5.291467 0.021000 3.195290 0.021000 3.242796 0.021000
6.473259 0.021000 6.249106 0.021000 4.613463 0.021000 4.633444 0.021000 1.940640 0.021000 1.651276 0.021000 5.523216 0.021000 5.411091 0.105000 3.141925 0.021000 3.295318 0.021000
6.526763 0.021000 6.263406 0.021000 4.592180 0.021000 4.687243 0.021000 1.939490 0.021000 1.695726 0.021000 6.011215 0.105000 5.352567 0.021000 3.171753 0.021000 3.276014 0.021000
6.494860 0.021000 6.313789 0.021000 4.607049 0.021000 4.667472 0.021000 1.987291 0.021000 1.763332 0.021000 5.542431 0.021000 5.337597 0.021000 3.195601 0.021000 3.320281 0.105000
6.498768 0.021000 6.320005 0.021000 4.601636 0.021000 4.593638 0.021000 2.018445 0.021000 1.727702 0.021000 5.605201 0.021000 5.365188 0.021000 3.108394 0.021000 3.237641 0.021000
6.830316 0.105000 6.743561 0.105000 4.555829 0.021000 4.806672 0.105000 2.312595 0.105000 1.732942 0.021000 5.584269 0.021000 5.356056 0.021000 3.147459 0.021000 3.259010 0.021000
6.494305 0.021000 6.289579 0.021000 4.587113 0.021000 5.131889 0.105000 2.083780 0.021000 1.796972 0.021000 5.652625 0.021000 5.392189 0.021000 3.147828 0.021000 3.215234 0.021000
6.849986 0.105000 6.385980 0.021000 4.572129 0.021000 4.610112 0.021000 2.073183 0.021000 1.824657 0.021000 5.602846 0.021000 5.384801 0.021000 3.674800 0.105000 3.219445 0.021000
6.528071 0.021000 6.389773 0.021000 4.522557 0.021000 4.599981 0.021000 2.022387 0.021000 1.893382 0.021000 5.642889 0.021000 5.439131 0.021000 3.109857 0.021000 3.217152 0.021000
6.618710 0.021000 6.410730 0.021000 4.530672 0.021000 4.599158 0.021000 1.999491 0.021000 1.827376 0.021000 5.678227 0.021000 5.862007 0.105000 3.222677 0.105000 3.260681 0.021000
6.590613 0.021000 6.405374 0.021000 4.601948 0.021000 4.999517 0.105000 2.084173 0.021000 1.607499 0.105000 5.642370 0.021000 5.507165 0.021000 3.104132 0.021000 3.226187 0.021000
6.657861 0.021000 6.413543 0.021000 4.533411 0.021000 4.642553 0.021000 2.097579 0.021000 2.296861 0.105000 5.655741 0.021000 5.448002 0.021000 3.079750 0.021000 3.232505 0.021000
6.638019 0.021000 6.390550 0.021000 4.545603 0.021000 4.604871 0.021000 2.110951 0.021000 2.348544 0.105000 5.685787 0.021000 5.484662 0.021000 3.082618 0.021000 3.223698 0.021000
6.598091 0.021000 6.422319 0.021000 4.776559 0.105000 4.589133 0.021000 2.162709 0.021000 1.926942 0.021000 5.699545 0.021000 5.466583 0.021000 3.062976 0.021000 3.169336 0.021000
6.570691 0.021000 6.762956 0.105000 4.535713 0.021000 4.604609 0.021000 2.166300 0.021000 1.976410 0.021000 5.684273 0.021000 5.497404 0.021000 3.058910 0.021000 3.172010 0.021000
6.659650 0.021000 6.424375 0.021000 4.555809 0.021000 4.613486 0.021000 2.193180 0.021000 1.878564 0.021000 5.678258 0.021000 5.511351 0.021000 3.047932 0.021000 3.223141 0.105000
6.638278 0.021000 6.479735 0.021000 4.411678 0.105000 4.575349 0.021000 2.188962 0.021000 1.879076 0.021000 5.679502 0.021000 5.548342 0.021000 3.045306 0.021000 3.193096 0.021000
7.201096 0.105000 6.481599 0.021000 4.549455 0.021000 4.668303 0.021000 2.172977 0.021000 1.969261 0.021000 5.797729 0.105000 5.462819 0.021000 3.058975 0.021000 3.205330 0.021000
7.233900 0.105000 6.452390 0.021000 4.494657 0.021000 4.553511 0.021000 2.166063 0.021000 2.631752 0.105000 5.794719 0.021000 5.508967 0.021000 3.041601 0.021000 3.184776 0.021000
6.678894 0.021000 6.504180 0.021000 4.542565 0.021000 4.541492 0.021000 2.814275 0.105000 1.983471 0.021000 5.845545 0.021000 6.429322 0.105000 3.069155 0.021000 3.144189 0.021000
6.692036 0.021000 6.479990 0.021000 4.855811 0.105000 4.631499 0.021000 2.292991 0.021000 1.974014 0.021000 5.796761 0.021000 5.600218 0.021000 3.056357 0.021000 3.143345 0.021000
6.708579 0.021000 6.490872 0.021000 4.542893 0.021000 4.574131 0.021000 2.200807 0.021000 1.984960 0.021000 5.802580 0.021000 5.594933 0.021000 3.043826 0.021000 3.104307 0.021000
6.671076 0.021000 6.531324 0.021000 4.485819 0.021000 4.543433 0.021000 2.779463 0.105000 2.000018 0.021000 5.789702 0.021000 5.605791 0.021000 2.989307 0.021000 3.178938 0.021000
6.821171 0.105000 6.541925 0.021000 4.510463 0.021000 4.587613 0.021000 2.175555 0.021000 2.024952 0.021000 5.806878 0.021000 5.645819 0.021000 3.440843 0.105000 3.104702 0.021000
6.792669 0.105000 6.501958 0.021000 4.474503 0.021000 4.726316 0.105000 2.289806 0.021000 2.029881 0.021000 5.874823 0.021000 5.667105 0.021000 3.011137 0.021000 3.143208 0.021000
6.772652 0.105000 6.558351 0.021000 4.495739 0.021000 4.536212 0.021000 2.294592 0.021000 2.087530 0.021000 5.862246 0.021000 5.647963 0.021000 3.044866 0.021000 3.258122 0.105000
6.739501 0.021000 6.527441 0.021000 4.529986 0.021000 4.948278 0.105000 2.258814 0.021000 1.993806 0.021000 5.803088 0.021000 5.581043 0.021000 3.025217 0.021000 3.151254 0.021000
7.471731 0.105000 6.558315 0.021000 4.537814 0.021000 4.543744 0.021000 2.308727 0.021000 2.055605 0.021000 5.847600 0.021000 5.613712 0.021000 3.083983 0.021000 3.078731 0.021000
6.769233 0.021000 6.523546 0.021000 4.513426 0.021000 4.591193 0.021000 2.266506 0.021000 2.009070 0.021000 5.826018 0.021000 5.637816 0.021000 3.037558 0.021000 3.057197 0.021000
6.730455 0.021000 6.585532 0.021000 4.493547 0.021000 4.508981 0.021000 2.273235 0.021000 2.073600 0.021000 5.869922 0.021000 5.886623 0.105000 3.067277 0.021000 3.114004 0.021000
6.751324 0.021000 6.562561 0.021000 4.505749 0.021000 4.528293 0.021000 2.353428 0.021000 2.102828 0.021000 5.863766 0.021000 5.702128 0.021000 3.022161 0.021000 3.095703 0.021000
6.762592 0.021000 6.561616 0.021000 4.487182 0.021000 4.529515 0.021000 2.296171 0.021000 2.053846 0.021000 5.861050 0.021000 5.695075 0.021000 2.779676 0.105000 3.075616 0.105000
6.994793 0.105000 6.561667 0.021000 4.524919 0.105000 4.550458 0.021000 3.143081 0.105000 2.722874 0.105000 5.834681 0.021000 5.754262 0.021000 2.949417 0.021000 3.105338 0.021000
6.796881 0.021000 6.574041 0.021000 4.512962 0.021000 4.532310 0.021000 2.306852 0.021000 2.078056 0.021000 5.818311 0.021000 5.655306 0.021000 3.021374 0.021000 3.095118 0.021000
6.791732 0.021000 6.582234 0.021000 4.490529 0.021000 4.515547 0.021000 3.002872 0.105000 2.115703 0.021000 5.916384 0.021000 5.698308 0.021000 2.978267 0.021000 3.091968 0.021000
6.759378 0.021000 6.574895 0.105000 4.511989 0.021000 4.477136 0.021000 2.375484 0.021000 2.114379 0.021000 5.900237 0.021000 5.725502 0.021000 2.935816 0.021000 3.100455 0.021000
6.813029 0.021000 6.589614 0.021000 4.592865 0.021000 4.542995 0.021000 2.386825 0.021000 2.136915 0.021000 5.873166 0.021000 5.727985 0.021000 2.933990 0.021000 3.110903 0.021000
6.862212 0.021000 6.578468 0.021000 4.528649 0.021000 4.509621 0.021000 2.356513 0.021000 2.137591 0.021000 5.937564 0.021000 5.686233 0.021000 3.433076 0.105000 3.148261 0.021000
6.886767 0.021000 6.901303 0.105000 4.556861 0.021000 4.528295 0.021000 2.426110 0.021000 2.089385 0.021000 5.900760 0.021000 5.726039 0.021000 2.985774 0.021000 3.150351 0.021000
6.947565 0.021000 6.679799 0.021000 4.612167 0.021000 4.552293 0.021000 2.399342 0.021000 2.111872 0.021000 5.932131 0.021000 5.746222 0.021000 2.947767 0.021000 3.093750 0.021000
6.923911 0.021000 6.659101 0.021000 4.546539 0.021000 4.541051 0.105000 2.393270 0.021000 2.159761 0.021000 5.888999 0.105000 5.797235 0.021000 2.938995 0.021000 3.084054 0.021000
6.949118 0.021000 6.845824 0.105000 4.927991 0.105000 4.499570 0.021000 2.468971 0.021000 2.259116 0.021000 5.891458 0.021000 5.777224 0.021000 2.902773 0.021000 3.086379 0.021000
6.957873 0.021000 7.230991 0.105000 4.638846 0.021000 4.493197 0.021000 2.441500 0.021000 2.313943 0.105000 5.911675 0.021000 5.866958 0.021000 2.875341 0.021000 3.039249 0.021000
6.948496 0.021000 6.706766 0.021000 4.659636 0.021000 4.804329 0.105000 2.453698 0.021000 2.310281 0.021000 5.914984 0.021000 5.875623 0.021000 2.795634 0.021000 3.079339 0.021000
6.976645 0.021000 6.761840 0.021000 4.623753 0.021000 4.462132 0.021000 2.484832 0.021000 2.266645 0.021000 5.885603 0.021000 5.858031 0.021000 2.751290 0.021000 3.964368 0.105000
6.991292 0.021000 6.789911 0.021000 4.664662 0.021000 4.550083 0.021000 2.504014 0.021000 2.326895 0.021000 5.868559 0.021000 5.816034 0.021000 2.747716 0.021000 3.043193 0.021000
8.012304 0.105000 7.681088 0.105000 4.742552 0.021000 4.543883 0.021000 2.514180 0.021000 2.329725 0.021000 5.884922 0.021000 5.851252 0.021000 2.817819 0.021000 3.167501 0.105000
7.086342 0.021000 6.803768 0.021000 4.713433 0.021000 4.587011 0.021000 2.538946 0.021000 2.344916 0.021000 5.861762 0.105000 5.872400 0.021000 2.714078 0.021000 2.921672 0.021000
7.096158 0.021000 6.908051 0.021000 5.187437 0.105000 4.601937 0.021000 2.590502 0.021000 2.364554 0.021000 7.506842 0.105000 5.902679 0.021000 2.661703 0.021000 2.896057 0.021000
7.112732 0.021000 6.878158 0.021000 4.800241 0.021000 4.595799 0.021000 2.586226 0.021000 2.445665 0.021000 5.928571 0.021000 5.852304 0.021000 2.653717 0.021000 3.106150 0.105000
7.149462 0.021000 6.931249 0.021000 4.817009 0.021000 4.658898 0.021000 2.622528 0.021000 2.424658 0.021000 5.850093 0.021000 5.903394 0.021000 2.852149 0.105000 2.836848 0.021000
7.149967 0.021000 6.845707 0.021000 4.874588 0.021000 4.570895 0.021000 2.601298 0.021000 2.469109 0.021000 5.785035 0.021000 5.903126 0.021000 2.615616 0.021000 2.803721 0.021000
7.194594 0.021000 6.956094 0.021000 4.895201 0.021000 4.682624 0.021000 2.606478 0.021000 2.509488 0.021000 5.831595 0.021000 5.861524 0.021000 2.566350 0.021000 2.799849 0.021000
7.193038 0.021000 6.981012 0.021000 4.871589 0.021000 4.639186 0.021000 2.920330 0.105000 2.520004 0.021000 5.843561 0.021000 5.859750 0.021000 2.542250 0.021000 2.753469 0.021000
7.237139 0.021000 7.015012 0.021000 4.948778 0.021000 4.682568 0.021000 2.613937 0.021000 2.502949 0.021000 5.791164 0.021000 5.845246 0.021000 2.538074 0.021000 2.876764 0.105000
7.193409 0.021000 7.036268 0.021000 4.941152 0.021000 4.769603 0.021000 2.694572 0.021000 2.554369 0.021000 5.718084 0.021000 5.847976 0.021000 3.033219 0.105000 2.705103 0.021000
7.243152 0.021000 7.074761 0.021000 5.059362 0.021000 4.782918 0.021000 2.698496 0.021000 2.591610 0.021000 5.734355 0.021000 5.871981 0.021000 2.459479 0.021000 2.688158 0.021000
7.307595 0.021000 7.082721 0.021000 5.057511 0.021000 4.804955 0.021000 2.879193 0.105000 2.551078 0.021000 5.780613 0.021000 6.604292 0.105000 2.398300 0.021000 2.662427 0.021000
7.289479 0.021000 7.070131 0.021000 5.157036 0.021000 4.955091 0.105000 2.793294 0.021000 2.584740 0.021000 5.728160 0.021000 5.858882 0.021000 2.452435 0.021000 2.610885 0.021000
7.268956 0.021000 7.342959 0.105000 5.129330 0.021000 4.871415 0.021000 2.764659 0.021000 2.594092 0.021000 5.764007 0.021000 5.808817 0.021000 2.299773 0.021000 2.603995 0.021000
7.317308 0.021000 7.176804 0.021000 5.192428 0.021000 4.896370 0.021000 2.807874 0.021000 3.282499 0.105000 5.733847 0.021000 5.856095 0.021000 2.282722 0.021000 2.625501 0.021000
7.366477 0.021000 7.168103 0.021000 5.153681 0.021000 6.088183 0.105000 2.804754 0.021000 2.710277 0.021000 5.693659 0.021000 5.764903 0.021000 2.298998 0.021000 2.636776 0.105000
7.367264 0.021000 7.201950 0.021000 5.165452 0.021000 4.950905 0.021000 2.789961 0.021000 2.613334 0.021000 5.713999 0.105000 5.742823 0.021000 2.323567 0.021000 2.460216 0.021000
7.353769 0.021000 7.237455 0.021000 5.223212 0.021000 4.992345 0.021000 2.841720 0.021000 2.618173 0.021000 5.820634 0.105000 5.774627 0.021000 2.220131 0.021000 2.503965 0.021000
7.425615 0.021000 7.204327 0.021000 5.219650 0.021000 5.020838 0.021000 2.873122 0.021000 2.717823 0.021000 5.685392 0.021000 5.729430 0.021000 2.236243 0.021000 2.460865 0.021000
8.142921 0.105000 7.330088 0.021000 5.296857 0.021000 5.008354 0.021000 2.916849 0.021000 2.726018 0.021000 5.656413 0.021000 5.766544 0.021000 2.219944 0.021000 2.356345 0.021000
7.497161 0.021000 7.273240 0.021000 5.298457 0.021000 5.063028 0.021000 2.912985 0.021000 2.749863 0.021000 5.638928 0.021000 5.737805 0.021000 2.149246 0.021000 2.381633 0.021000
7.429311 0.021000 7.276696 0.021000 5.334611 0.021000 5.131983 0.021000 2.933563 0.021000 2.759439 0.021000 5.648216 0.021000 5.741415 0.021000 2.367544 0.105000 2.401022 0.021000
7.524738 0.021000 7.295865 0.021000 5.348553 0.021000 5.110671 0.021000 2.898126 0.021000 2.791154 0.021000 6.324797 0.105000 5.659030 0.021000 2.106208 0.021000 2.337364 0.021000
7.520404 0.021000 7.310293 0.021000 5.387836 0.021000 5.110794 0.021000 2.925689 0.021000 2.745489 0.021000 5.586042 0.021000 5.672711 0.021000 2.117679 0.021000 2.296663 0.021000
7.582567 0.021000 7.332027 0.021000 5.398694 0.021000 5.200301 0.021000 2.971092 0.021000 2.776906 0.021000 5.625928 0.021000 5.641771 0.021000 2.064411 0.021000 2.340694 0.021000
7.554100 0.021000 7.365209 0.021000 5.425280 0.021000 5.249072 0.021000 3.041761 0.021000 2.820080 0.021000 5.584599 0.021000 5.681520 0.021000 2.048124 0.021000 2.275697 0.021000
7.511472 0.021000 7.464290 0.021000 5.432508 0.021000 5.253528 0.021000 3.039809 0.021000 2.808034 0.021000 5.578569 0.021000 5.661628 0.021000 1.981821 0.021000 2.202148 0.021000
7.565859 0.021000 7.331555 0.021000 5.373979 0.105000 5.241064 0.021000 3.524558 0.105000 3.233507 0.105000 5.590219 0.021000 5.704950 0.021000 1.966425 0.021000 2.250837 0.021000
7.589371 0.021000 7.444795 0.021000 5.565451 0.021000 5.268633 0.021000 3.028524 0.021000 2.887270 0.021000 5.619657 0.021000 5.670208 0.021000 2.210992 0.105000 2.188755 0.021000
7.692665 0.021000 7.488208 0.021000 5.602087 0.021000 5.280998 0.021000 3.046368 0.021000 2.876341 0.021000 5.548491 0.021000 5.654604 0.021000 1.944356 0.021000 2.106450 0.021000
7.768492 0.105000 7.446748 0.021000 5.552739 0.021000 5.350720 0.021000 3.128744 0.021000 2.876971 0.021000 6.233173 0.105000 5.663891 0.021000 1.880665 0.021000 2.160699 0.021000
7.736568 0.021000 7.459950 0.021000 5.662828 0.021000 5.318032 0.021000 3.435111 0.105000 2.930624 0.021000 5.582360 0.021000 5.604785 0.021000 1.837491 0.021000 2.087454 0.021000
8.002580 0.105000 7.516502 0.021000 5.599669 0.021000 5.408595 0.021000 3.080881 0.021000 2.979784 0.021000 5.536908 0.021000 5.651780 0.021000 1.837112 0.021000 2.101597 0.105000
7.695195 0.021000 7.513094 0.021000 5.675479 0.021000 5.448615 0.021000 3.161092 0.021000 3.469371 0.105000 5.615163 0.021000 5.592396 0.021000 1.874150 0.021000 2.015127 0.021000
7.741676 0.105000 7.556910 0.021000 5.694989 0.021000 5.427666 0.021000 3.152025 0.021000 2.910138 0.021000 5.543557 0.021000 5.617422 0.021000 1.841256 0.021000 2.035703 0.021000
7.736738 0.021000 7.561986 0.021000 5.658159 0.021000 5.486669 0.021000 3.121846 0.021000 2.979192 0.021000 5.563978 0.021000 5.578600 0.021000 2.273125 0.105000 1.992939 0.021000
7.729393 0.021000 7.647356 0.021000 5.810281 0.021000 5.471067 0.021000 3.194822 0.021000 3.019808 0.021000 5.481417 0.021000 5.617544 0.021000 1.837589 0.021000 2.016210 0.021000
7.759549 0.021000 7.551420 0.021000 5.694570 0.021000 5.518289 0.021000 3.168724 0.021000 2.998590 0.021000 5.502798 0.021000 5.630444 0.021000 1.749647 0.021000 2.048193 0.021000
7.779599 0.021000 7.576550 0.021000 5.773011 0.021000 5.505452 0.021000 3.209159 0.021000 2.984082 0.021000 5.455353 0.021000 5.555573 0.021000 1.742493 0.021000 1.960257 0.021000
7.820271 0.021000 7.612972 0.021000 5.738842 0.021000 5.545596 0.021000 3.211995 0.021000 3.029315 0.021000 5.431132 0.021000 5.626304 0.021000 1.949198 0.105000 1.972359 0.021000
7.842601 0.021000 7.613540 0.021000 6.010866 0.105000 6.586498 0.105000 3.263390 0.021000 3.038466 0.021000 5.546975 0.021000 5.587944 0.021000 1.705678 0.021000 1.927998 0.021000
7.844669 0.021000 7.650532 0.021000 5.790344 0.021000 5.581345 0.021000 3.234326 0.021000 2.958357 0.105000 5.452339 0.021000 5.602500 0.021000 1.867673 0.105000 1.945203 0.021000
7.858710 0.021000 7.658098 0.021000 5.808184 0.021000 5.617030 0.021000 3.247892 0.021000 3.049819 0.021000 5.496180 0.021000 5.331355 0.105000 1.658362 0.021000 1.882083 0.021000
7.890068 0.021000 7.679119 0.021000 5.793722 0.021000 5.630737 0.021000 3.275856 0.021000 3.102443 0.021000 5.495030 0.021000 5.821895 0.105000 1.636761 0.021000 1.875087 0.021000
7.868191 0.021000 7.670337 0.021000 5.880081 0.021000 5.934569 0.105000 3.246174 0.021000 3.086434 0.021000 5.575936 0.021000 5.554321 0.021000 1.616996 0.021000 1.905230 0.021000
7.933681 0.021000 7.727790 0.021000 5.909192 0.021000 5.640498 0.021000 3.306008 0.021000 3.088240 0.021000 5.408004 0.021000 5.573825 0.021000 1.560422 0.021000 1.862622 0.021000
7.918599 0.021000 7.684652 0.021000 5.876391 0.021000 5.725552 0.021000 3.294723 0.021000 3.288353 0.105000 5.499985 0.021000 5.584593 0.021000 1.595033 0.021000 2.346415 0.105000
7.925973 0.021000 7.757754 0.021000 5.921340 0.021000 5.662707 0.021000 3.335514 0.021000 3.161388 0.021000 5.451164 0.021000 5.574840 0.021000 1.543841 0.021000 1.832755 0.021000
8.020986 0.105000 7.739527 0.021000 5.929140 0.021000 5.672563 0.021000 3.313581 0.021000 3.175833 0.021000 5.418378 0.021000 5.560847 0.021000 1.546763 0.021000 1.807147 0.021000
7.959379 0.021000 7.806280 0.021000 5.985152 0.021000 5.906548 0.105000 3.350225 0.021000 3.157783 0.021000 5.442985 0.021000 5.907001 0.105000 1.498728 0.021000 1.796482 0.021000
7.954244 0.021000 7.827678 0.021000 5.962430 0.021000 5.796429 0.021000 4.178256 0.105000 3.201117 0.021000 5.765241 0.105000 5.515151 0.021000 1.571254 0.021000 1.737063 0.021000
7.995293 0.021000 7.770333 0.021000 6.000626 0.021000 5.751400 0.021000 3.374735 0.021000 3.179203 0.021000 5.444713 0.021000 5.481235 0.021000 1.529183 0.021000 1.808845 0.021000
7.961851 0.021000 7.808094 0.021000 5.942539 0.021000 6.034092 0.105000 3.407875 0.021000 3.172879 0.021000 5.458982 0.021000 5.524190 0.021000 1.537480 0.021000 2.431201 0.105000
7.968198 0.021000 7.803843 0.021000 5.979178 0.021000 5.796464 0.021000 3.406183 0.021000 3.217313 0.021000 5.466634 0.021000 5.548780 0.021000 1.519181 0.021000 1.758260 0.021000
7.980865 0.021000 7.838316 0.021000 6.040687 0.021000 5.819451 0.021000 4.174371 0.105000 3.221733 0.021000 5.398432 0.021000 5.537716 0.021000 1.519325 0.021000 1.751667 0.021000
8.044745 0.021000 8.802546 0.105000 6.003298 0.021000 5.768991 0.021000 3.410238 0.021000 3.230947 0.021000 5.413660 0.021000 5.452495 0.021000 1.524188 0.021000 1.724247 0.021000
7.992455 0.021000 7.838199 0.021000 6.050728 0.021000 5.771526 0.021000 3.371594 0.021000 3.581030 0.105000 5.418962 0.021000 5.463839 0.021000 1.425836 0.021000 2.263414 0.105000
8.232866 0.105000 7.786112 0.021000 6.130179 0.105000 5.825304 0.021000 3.394841 0.021000 3.255393 0.021000 5.435286 0.021000 5.560791 0.021000 1.514876 0.105000 1.698356 0.021000
8.112655 0.105000 7.843215 0.021000 6.060967 0.021000 5.802458 0.021000 3.443805 0.021000 3.447912 0.105000 5.409821 0.021000 5.522378 0.021000 1.423408 0.021000 1.682001 0.021000
8.545574 0.105000 7.862041 0.021000 6.157722 0.021000 5.875651 0.021000 3.456420 0.021000 3.266564 0.021000 5.441246 0.021000 5.497144 0.021000 1.462460 0.021000 1.640487 0.021000
8.025112 0.021000 7.811964 0.021000 6.376230 0.105000 5.824245 0.021000 3.431422 0.021000 3.242145 0.021000 5.425244 0.021000 5.528001 0.021000 1.455577 0.021000 1.677677 0.021000
7.994377 0.021000 7.853910 0.021000 6.101320 0.021000 5.841737 0.021000 3.795381 0.105000 3.270303 0.021000 5.464806 0.021000 5.524716 0.021000 1.471495 0.021000 1.652006 0.021000
8.056752 0.021000 7.876439 0.021000 6.120515 0.021000 5.877549 0.021000 3.455309 0.021000 3.234275 0.021000 5.431221 0.021000 5.609371 0.105000 1.418624 0.021000 1.681801 0.021000
8.116212 0.021000 7.846630 0.021000 6.087039 0.021000 5.882224 0.021000 3.290655 0.105000 3.288346 0.021000 5.427221 0.021000 5.485826 0.021000 1.424418 0.021000 1.664808 0.021000
8.067809 0.021000 7.852047 0.021000 6.147494 0.021000 6.170249 0.105000 3.461507 0.021000 3.275935 0.021000 5.411360 0.021000 5.512406 0.021000 1.699878 0.105000 1.634991 0.021000
8.101501 0.021000 7.863478 0.021000 6.136186 0.021000 5.891120 0.021000 3.482626 0.021000 3.290348 0.021000 5.474495 0.021000 5.503435 0.021000 1.425289 0.021000 1.636610 0.021000
8.101569 0.021000 7.872965 0.021000 6.123431 0.021000 5.907777 0.021000 3.459796 0.021000 3.281079 0.021000 5.409554 0.021000 5.496830 0.021000 1.419534 0.021000 1.637229 0.021000
8.091521 0.021000 7.944938 0.021000 6.210443 0.021000 5.853940 0.021000 3.458444 0.021000 3.307920 0.021000 5.485403 0.021000 5.501090 0.021000 2.108161 0.105000 1.641078 0.021000
8.097485 0.021000 7.951864 0.021000 6.084372 0.021000 5.845753 0.021000 3.439585 0.021000 3.343346 0.021000 5.362472 0.021000 5.522265 0.021000 1.411703 0.021000 1.641172 0.021000
8.085984 0.021000 7.912321 0.021000 6.095353 0.021000 5.857462 0.021000 3.443314 0.021000 3.346737 0.021000 5.464138 0.105000 5.485440 0.021000 1.413732 0.021000 1.638887 0.021000
8.069022 0.021000 7.888114 0.021000 6.195298 0.021000 5.905340 0.021000 3.474201 0.021000 3.309026 0.021000 5.354564 0.021000 5.524438 0.021000 1.445027 0.021000 1.634238 0.021000
8.055539 0.021000 7.949245 0.021000 6.153991 0.021000 5.959249 0.021000 3.501413 0.021000 3.307075 0.021000 5.309789 0.021000 5.530324 0.021000 1.409906 0.021000 1.534292 0.021000
8.022988 0.021000 7.966889 0.021000 6.130342 0.021000 5.869462 0.021000 3.461930 0.021000 3.393054 0.021000 5.359347 0.021000 5.521082 0.021000 1.476346 0.021000 1.574225 0.021000
8.061402 0.021000 7.983689 0.021000 6.166745 0.021000 5.948266 0.021000 3.745409 0.105000 3.356819 0.021000 5.329876 0.021000 5.458839 0.021000 1.434555 0.021000 1.491878 0.021000
8.082481 0.021000 8.011026 0.021000 6.201618 0.021000 5.970967 0.021000 3.455613 0.021000 3.983180 0.105000 5.320003 0.021000 5.444173 0.021000 1.436595 0.021000 1.550970 0.021000
8.050302 0.021000 8.002127 0.021000 6.245792 0.021000 5.957928 0.021000 3.401603 0.021000 3.379154 0.021000 5.359107 0.021000 5.486184 0.021000 1.450325 0.021000 1.499384 0.021000
8.024285 0.021000 8.007649 0.021000 6.164639 0.021000 5.963959 0.021000 4.458605 0.105000 3.408908 0.021000 5.311376 0.021000 5.472577 0.021000 1.443268 0.021000 1.594715 0.021000
8.043201 0.021000 8.026499 0.021000 6.194315 0.021000 6.022841 0.021000 3.443804 0.021000 3.392020 0.021000 5.200575 0.021000 5.573623 0.105000 1.419914 0.021000 1.513480 0.021000
8.014878 0.021000 8.036410 0.021000 6.223028 0.021000 6.047837 0.021000 3.430679 0.021000 3.433158 0.021000 5.275465 0.021000 5.485042 0.021000 1.433230 0.021000 1.413911 0.021000
7.978720 0.021000 8.017884 0.021000 6.237478 0.021000 6.099357 0.021000 3.416982 0.021000 3.457086 0.021000 5.167834 0.021000 5.397571 0.021000 1.514156 0.105000 1.444278 0.021000
8.033444 0.021000 8.024040 0.021000 6.723106 0.105000 6.100038 0.021000 3.828712 0.105000 3.418349 0.021000 5.185272 0.021000 5.433122 0.021000 1.478586 0.021000 1.399761 0.021000
7.976598 0.021000 8.043252 0.021000 6.256051 0.021000 6.127805 0.021000 3.399337 0.021000 3.442547 0.021000 5.155765 0.021000 5.702212 0.105000 1.455813 0.021000 1.684392 0.105000
8.010427 0.021000 8.031934 0.021000 6.288461 0.021000 6.116345 0.021000 3.392729 0.021000 3.928074 0.105000 5.149486 0.021000 5.382959 0.021000 1.527408 0.021000 1.403054 0.021000
7.968622 0.021000 8.030421 0.021000 6.265439 0.021000 6.433435 0.105000 3.386773 0.021000 3.776216 0.105000 5.116831 0.021000 5.377304 0.021000 1.547989 0.105000 1.420895 0.021000
8.001967 0.021000 8.109065 0.021000 6.304332 0.021000 6.080331 0.021000 3.392945 0.021000 3.465993 0.021000 6.640026 0.105000 5.266741 0.021000 1.559563 0.021000 1.520410 0.021000
7.931509 0.021000 8.065188 0.021000 6.287135 0.021000 6.212244 0.021000 3.327358 0.021000 3.468064 0.021000 5.032764 0.021000 5.309949 0.021000 1.511448 0.105000 1.458429 0.021000
7.904017 0.021000 8.029302 0.021000 6.258731 0.021000 6.172560 0.021000 3.336232 0.021000 3.446822 0.021000 5.000843 0.021000 5.228650 0.021000 1.536126 0.021000 1.429153 0.021000
7.931124 0.021000 8.056179 0.021000 6.288897 0.021000 6.246236 0.021000 3.291112 0.021000 3.394003 0.021000 4.984131 0.021000 5.275829 0.021000 1.623087 0.021000 1.474481 0.021000
7.872505 0.021000 8.052192 0.021000 6.554964 0.105000 6.223636 0.021000 3.278800 0.021000 3.440720 0.021000 5.004424 0.021000 5.235581 0.021000 1.639411 0.021000 1.461164 0.021000
7.864287 0.021000 8.016339 0.021000 6.328937 0.021000 6.237805 0.021000 3.281432 0.021000 3.408844 0.021000 4.953887 0.021000 5.198982 0.021000 1.660776 0.021000 1.497498 0.021000
8.090311 0.105000 7.963779 0.021000 6.286111 0.021000 6.266975 0.021000 3.264310 0.021000 3.389520 0.021000 4.886860 0.021000 5.131885 0.021000 1.667888 0.021000 1.470113 0.021000
7.827060 0.021000 7.965527 0.021000 6.311066 0.021000 7.029096 0.105000 3.260086 0.021000 3.313781 0.021000 4.826160 0.021000 5.155365 0.021000 1.731890 0.021000 1.534673 0.021000
7.803211 0.021000 7.969625 0.021000 6.301863 0.021000 6.385438 0.105000 3.160376 0.021000 3.387532 0.021000 4.882147 0.021000 5.106914 0.021000 1.708460 0.021000 1.525004 0.021000
7.978550 0.105000 7.954112 0.021000 6.385248 0.105000 6.229151 0.021000 3.168445 0.021000 3.639519 0.105000 4.828357 0.021000 5.052189 0.021000 1.737093 0.021000 1.904589 0.105000
7.717735 0.105000 7.903229 0.021000 6.317662 0.021000 6.265982 0.021000 3.227270 0.021000 3.315631 0.021000 4.852921 0.021000 5.056833 0.021000 1.833236 0.021000 1.584862 0.021000
7.681423 0.021000 7.874615 0.021000 6.290644 0.021000 6.305302 0.021000 3.171763 0.021000 3.339029 0.021000 4.791451 0.021000 4.692795 0.105000 1.810132 0.021000 1.600686 0.021000
7.810740 0.021000 7.899753 0.021000 6.262169 0.021000 6.281585 0.021000 3.328892 0.105000 3.309469 0.021000 4.734424 0.021000 4.986733 0.021000 1.810397 0.021000 1.626753 0.021000
7.729274 0.021000 7.904680 0.021000 6.342045 0.021000 6.307660 0.021000 3.136772 0.021000 3.289848 0.021000 4.854712 0.105000 4.907040 0.021000 1.885831 0.021000 1.657850 0.021000
7.631711 0.021000 7.880191 0.021000 6.362806 0.021000 6.305556 0.021000 3.099314 0.021000 3.189075 0.021000 4.749259 0.105000 4.918604 0.021000 1.896504 0.021000 1.679176 0.021000
7.727058 0.105000 7.804064 0.021000 6.478977 0.105000 6.306304 0.021000 3.074878 0.021000 3.220153 0.021000 4.694157 0.021000 4.918123 0.021000 1.861160 0.105000 1.731987 0.021000
7.695818 0.021000 7.771121 0.021000 6.322851 0.021000 7.246346 0.105000 3.047703 0.021000 3.201850 0.021000 4.614013 0.021000 4.830402 0.021000 1.893413 0.021000 1.682611 0.021000
7.648892 0.021000 7.805834 0.021000 6.368895 0.021000 6.246712 0.021000 3.065804 0.021000 3.239022 0.021000 4.545830 0.021000 4.812599 0.021000 1.963349 0.021000 1.528825 0.105000
7.625412 0.021000 7.705087 0.021000 6.384958 0.105000 6.307243 0.021000 3.010023 0.021000 3.060020 0.105000 4.580985 0.021000 4.822731 0.021000 2.000890 0.021000 1.738857 0.021000
7.594448 0.021000 7.712755 0.021000 6.357239 0.021000 6.312663 0.021000 2.978640 0.021000 3.155495 0.021000 4.578694 0.021000 4.798088 0.021000 2.022260 0.021000 1.856070 0.021000
7.534772 0.021000 7.699128 0.021000 6.360929 0.021000 6.296205 0.021000 2.968393 0.021000 3.165782 0.021000 4.510041 0.021000 4.752198 0.021000 2.031252 0.021000 1.867399 0.021000
7.478068 0.021000 7.708241 0.021000 6.372112 0.021000 6.285726 0.021000 2.974593 0.021000 3.124354 0.105000 4.489518 0.021000 4.817905 0.105000 2.044751 0.021000 1.823393 0.021000
7.495513 0.021000 7.654949 0.021000 6.401690 0.021000 6.306112 0.021000 2.995822 0.021000 3.086834 0.021000 4.444901 0.021000 4.745576 0.021000 2.071770 0.021000 1.828062 0.021000
7.495627 0.021000 9.411488 0.105000 6.385062 0.021000 6.278639 0.021000 3.002326 0.021000 3.114398 0.021000 4.469360 0.021000 4.632582 0.021000 2.140993 0.021000 1.897656 0.021000
7.507756 0.021000 7.634249 0.021000 6.378665 0.021000 6.370061 0.021000 2.939144 0.021000 3.011670 0.021000 4.398169 0.021000 4.993405 0.105000 2.128857 0.021000 1.943273 0.021000
7.477856 0.021000 7.611441 0.021000 6.362574 0.021000 6.285083 0.021000 2.940110 0.021000 3.071080 0.021000 4.372645 0.021000 4.630755 0.021000 2.362302 0.105000 1.922449 0.021000
7.446215 0.021000 7.546944 0.021000 6.879665 0.105000 6.381979 0.021000 2.925802 0.021000 3.035693 0.021000 4.551960 0.105000 4.597839 0.021000 2.180107 0.021000 1.997712 0.021000
7.419428 0.021000 7.598032 0.021000 6.393248 0.021000 6.351998 0.021000 2.839586 0.021000 3.051546 0.021000 4.288024 0.021000 4.548868 0.021000 2.193394 0.021000 2.001169 0.021000
7.406668 0.021000 7.578733 0.021000 6.303249 0.105000 6.383584 0.021000 2.834973 0.021000 3.008303 0.021000 4.258882 0.021000 4.542612 0.021000 2.253216 0.021000 2.011322 0.021000
7.384241 0.021000 7.516258 0.021000 6.450211 0.021000 6.372060 0.021000 2.915642 0.021000 3.033874 0.021000 4.295727 0.021000 4.457480 0.021000 2.308467 0.021000 2.071103 0.021000
7.338188 0.021000 7.498246 0.021000 6.444204 0.021000 6.372100 0.021000 2.878644 0.021000 3.150566 0.105000 4.291612 0.021000 4.429906 0.021000 2.259419 0.021000 2.076412 0.021000
7.322013 0.021000 7.554183 0.021000 6.471708 0.021000 6.386392 0.021000 3.022643 0.105000 2.950692 0.021000 4.238754 0.021000 4.394353 0.021000 2.318007 0.021000 2.111964 0.021000
7.345628 0.021000 7.538319 0.021000 6.482104 0.021000 6.393683 0.021000 3.182076 0.105000 2.945415 0.021000 4.159699 0.021000 4.427021 0.021000 2.322025 0.021000 2.141118 0.021000
7.312535 0.021000 7.764358 0.105000 6.516851 0.021000 6.467147 0.021000 2.844285 0.021000 2.921132 0.021000 4.116031 0.021000 4.362279 0.021000 2.323175 0.021000 2.166687 0.021000
7.305688 0.021000 7.489716 0.021000 6.494235 0.021000 6.372859 0.021000 2.802668 0.021000 2.926530 0.021000 4.510226 0.105000 4.317206 0.021000 2.431946 0.021000 2.206706 0.021000
7.192464 0.021000 7.425117 0.021000 6.516854 0.021000 6.391435 0.021000 2.847314 0.021000 2.993804 0.105000 4.086640 0.021000 4.348297 0.021000 2.420382 0.021000 2.576484 0.105000
7.217052 0.021000 7.393683 0.021000 6.446170 0.021000 6.414814 0.021000 2.764180 0.021000 2.888224 0.021000 4.043196 0.021000 4.259490 0.021000 2.600254 0.105000 2.262258 0.021000
7.272167 0.021000 7.437205 0.021000 6.453469 0.021000 6.388649 0.021000 2.810954 0.021000 2.897694 0.021000 4.012505 0.021000 4.303659 0.021000 2.545523 0.105000 2.305815 0.021000
7.278212 0.021000 7.373187 0.021000 6.437184 0.021000 6.397037 0.021000 2.802501 0.021000 2.851375 0.021000 3.967463 0.021000 4.213301 0.021000 2.499533 0.021000 2.312527 0.021000
7.193699 0.021000 7.386127 0.021000 6.545564 0.021000 6.444569 0.105000 2.792471 0.021000 2.937933 0.021000 4.009030 0.021000 4.382156 0.105000 2.604415 0.021000 2.255873 0.021000
7.522534 0.105000 7.700038 0.105000 6.527759 0.021000 6.431204 0.021000 3.371115 0.105000 2.825919 0.021000 3.944173 0.021000 4.193667 0.021000 2.590638 0.021000 2.331852 0.021000
7.167538 0.021000 7.326636 0.021000 6.515046 0.021000 6.524023 0.021000 2.784205 0.021000 2.837573 0.021000 3.905102 0.021000 4.085273 0.021000 2.547727 0.021000 2.317345 0.021000
7.184925 0.021000 7.328105 0.021000 6.598209 0.021000 6.483560 0.021000 2.823439 0.021000 2.871909 0.021000 3.872695 0.021000 4.127329 0.021000 2.623514 0.021000 2.415180 0.021000
7.144439 0.021000 7.304306 0.021000 6.606240 0.021000 6.458935 0.021000 2.962150 0.105000 2.778907 0.021000 3.856109 0.021000 4.126827 0.021000 2.627143 0.021000 2.440570 0.021000
7.127797 0.021000 7.276795 0.021000 6.580862 0.021000 6.528192 0.021000 2.744049 0.021000 2.808502 0.021000 4.502496 0.105000 4.096669 0.021000 2.671786 0.021000 2.429946 0.021000
7.091264 0.021000 7.241117 0.021000 6.563425 0.021000 6.492486 0.021000 2.739914 0.021000 2.795883 0.021000 3.749315 0.021000 4.022588 0.021000 2.662745 0.021000 2.459323 0.021000
7.105538 0.021000 7.206071 0.021000 6.600773 0.021000 6.530419 0.021000 2.744697 0.021000 2.833640 0.021000 3.811604 0.021000 3.983313 0.021000 2.674125 0.021000 2.472986 0.021000
7.083016 0.021000 7.283012 0.021000 6.550961 0.021000 6.559235 0.021000 2.714569 0.021000 2.806629 0.021000 3.726893 0.021000 3.998028 0.021000 2.776447 0.021000 2.546196 0.021000
7.216079 0.105000 7.263557 0.021000 6.576039 0.021000 6.478216 0.021000 2.711643 0.021000 2.813532 0.021000 3.756765 0.021000 3.948284 0.021000 2.751639 0.021000 2.528354 0.021000
7.112654 0.021000 7.212881 0.021000 6.620664 0.021000 6.549041 0.021000 2.727454 0.021000 2.802721 0.021000 3.717048 0.021000 3.875444 0.021000 3.058993 0.105000 2.557051 0.021000
7.070777 0.021000 7.169800 0.021000 6.608629 0.021000 6.503355 0.021000 2.790993 0.105000 2.773555 0.021000 3.637311 0.021000 3.909374 0.021000 2.843909 0.021000 2.614460 0.105000
7.014363 0.021000 7.139877 0.021000 6.637360 0.021000 6.844658 0.105000 2.664841 0.021000 2.779469 0.021000 4.043429 0.105000 3.907663 0.021000 2.850405 0.021000 2.647343 0.021000
7.620522 0.105000 7.138153 0.021000 6.601768 0.021000 6.576842 0.021000 2.686156 0.021000 2.752200 0.021000 3.623813 0.021000 3.861735 0.021000 2.872733 0.021000 2.706226 0.021000
6.963220 0.021000 7.156798 0.021000 6.717704 0.021000 6.827952 0.105000 2.683208 0.021000 2.750831 0.021000 3.540142 0.021000 3.811252 0.021000 2.902823 0.021000 2.702724 0.021000
7.016623 0.021000 7.123951 0.021000 6.682909 0.021000 6.580726 0.021000 2.686716 0.021000 2.781170 0.021000 3.497524 0.021000 3.742238 0.021000 2.962940 0.021000 2.762346 0.021000
6.972385 0.021000 7.769358 0.105000 6.633023 0.021000 6.581140 0.021000 2.685263 0.021000 2.749010 0.021000 3.490059 0.021000 3.730075 0.021000 2.954891 0.021000 2.783555 0.021000
7.047037 0.105000 7.046412 0.021000 6.696657 0.021000 6.625612 0.021000 2.732454 0.021000 2.676972 0.021000 3.466804 0.021000 3.692963 0.021000 3.058938 0.021000 2.772111 0.021000
6.945623 0.021000 7.077755 0.021000 6.711233 0.021000 6.580950 0.021000 2.662605 0.021000 2.759184 0.021000 3.514347 0.021000 3.694437 0.021000 3.028031 0.021000 2.848766 0.021000
7.091452 0.105000 7.059080 0.021000 6.734003 0.021000 6.595407 0.021000 2.700982 0.021000 2.708590 0.021000 3.446939 0.021000 3.698468 0.021000 3.044029 0.021000 2.844930 0.021000
6.903404 0.021000 6.992946 0.021000 6.744838 0.021000 6.634045 0.021000 2.664999 0.021000 2.702584 0.021000 3.434723 0.021000 3.652646 0.021000 3.195875 0.105000 2.871018 0.021000
6.886042 0.021000 7.030854 0.021000 6.769858 0.021000 6.657397 0.021000 2.622170 0.021000 2.708536 0.021000 3.379488 0.021000 3.588240 0.021000 3.088106 0.021000 2.905053 0.021000
7.124960 0.105000 6.968305 0.021000 6.801639 0.021000 6.638245 0.021000 2.727218 0.021000 2.741517 0.021000 3.322123 0.021000 3.566645 0.021000 3.094957 0.021000 2.902557 0.021000
6.920210 0.021000 6.994646 0.021000 7.647367 0.105000 6.693070 0.021000 2.650822 0.021000 2.689214 0.021000 3.313638 0.021000 3.546006 0.021000 3.182867 0.021000 2.911901 0.021000
6.884119 0.021000 6.970326 0.021000 6.788327 0.021000 6.627691 0.021000 2.687512 0.021000 2.642587 0.021000 3.230498 0.021000 3.508541 0.021000 3.189462 0.021000 2.960050 0.021000
6.846295 0.021000 6.985288 0.021000 6.801132 0.021000 6.687097 0.021000 3.572428 0.105000 2.687546 0.021000 3.616773 0.105000 3.549110 0.021000 3.202225 0.021000 3.008354 0.021000
6.877216 0.021000 6.916600 0.021000 6.831235 0.021000 6.654824 0.021000 2.661639 0.021000 2.690957 0.021000 3.243901 0.021000 3.494355 0.021000 3.233135 0.021000 3.029164 0.021000
6.836243 0.021000 7.031491 0.021000 6.863038 0.021000 6.711508 0.021000 2.653740 0.021000 2.650299 0.021000 3.194735 0.021000 3.503284 0.021000 3.299731 0.021000 3.075006 0.021000
6.807226 0.021000 6.930852 0.021000 7.108170 0.105000 6.719815 0.021000 3.415194 0.105000 2.665918 0.021000 3.152127 0.021000 3.848563 0.105000 3.335615 0.021000 3.255551 0.105000
6.771253 0.021000 6.941120 0.021000 6.847813 0.021000 6.768313 0.021000 2.697134 0.021000 2.696271 0.021000 3.159120 0.021000 3.410813 0.021000 3.421312 0.021000 3.091386 0.021000
6.848108 0.105000 6.899617 0.021000 6.894969 0.021000 6.722193 0.021000 2.702142 0.021000 2.625802 0.021000 3.084058 0.021000 3.339598 0.021000 3.368599 0.021000 3.077007 0.021000
6.786490 0.021000 6.880705 0.021000 6.924887 0.021000 6.779117 0.021000 2.641523 0.021000 2.686662 0.021000 3.112554 0.021000 3.383930 0.021000 3.419722 0.021000 3.153898 0.021000
6.770270 0.021000 6.865785 0.021000 6.931508 0.021000 6.803340 0.021000 2.635442 0.021000 2.735792 0.105000 3.622362 0.105000 3.292230 0.021000 4.398725 0.105000 3.179196 0.105000
6.807493 0.021000 6.839312 0.021000 6.898244 0.021000 6.846531 0.021000 2.625162 0.021000 2.661832 0.021000 3.024543 0.021000 3.275002 0.021000 3.446045 0.021000 3.873205 0.105000
6.713056 0.021000 6.981887 0.105000 6.902237 0.021000 6.735227 0.105000 2.655492 0.021000 2.703455 0.021000 2.979687 0.021000 3.230955 0.021000 3.485203 0.021000 3.214051 0.021000
6.697959 0.021000 6.796842 0.021000 6.940170 0.021000 6.832598 0.021000 3.160392 0.105000 2.653161 0.021000 2.982655 0.021000 3.177514 0.021000 3.480274 0.021000 3.289459 0.021000
6.678364 0.021000 6.798107 0.021000 6.904327 0.021000 6.855791 0.021000 2.720433 0.021000 2.701724 0.021000 3.060445 0.021000 3.177718 0.021000 3.539938 0.021000 3.301491 0.021000
6.675690 0.021000 6.862237 0.021000 6.951304 0.021000 6.862851 0.021000 2.646982 0.021000 2.690599 0.021000 3.004385 0.021000 3.101136 0.021000 3.581882 0.021000 3.340516 0.021000
6.668530 0.021000 6.867543 0.021000 7.493225 0.105000 6.897483 0.021000 2.690371 0.021000 2.603490 0.021000 2.932018 0.021000 3.093123 0.021000 3.555955 0.021000 3.357360 0.021000
6.673853 0.021000 6.704625 0.021000 6.942512 0.021000 6.860765 0.021000 2.767020 0.021000 2.629399 0.021000 2.905263 0.021000 3.288883 0.105000 3.629944 0.021000 3.331607 0.021000
6.721275 0.021000 7.440405 0.105000 7.185400 0.105000 6.883729 0.021000 2.679861 0.021000 2.706080 0.021000 2.860187 0.021000 3.041716 0.021000 3.632769 0.021000 3.393382 0.021000
6.642044 0.021000 6.745387 0.021000 7.029857 0.021000 6.948552 0.021000 2.706943 0.021000 2.673749 0.021000 2.846632 0.021000 3.068040 0.021000 3.668938 0.021000 3.415620 0.021000
6.625838 0.021000 6.729054 0.021000 7.014601 0.021000 6.932040 0.021000 2.716591 0.021000 2.663972 0.021000 2.801659 0.021000 3.230932 0.105000 3.785527 0.021000 3.486334 0.021000
6.619909 0.021000 6.679891 0.021000 7.046033 0.021000 7.104885 0.105000 2.714017 0.021000 2.667828 0.021000 2.762821 0.021000 3.032343 0.021000 3.702827 0.021000 3.495684 0.021000
6.657262 0.021000 6.788770 0.021000 7.077037 0.021000 7.281067 0.105000 2.841583 0.105000 2.715104 0.021000 2.800503 0.021000 2.976535 0.021000 3.726172 0.021000 3.598961 0.021000
6.627205 0.021000 6.695047 0.021000 7.092612 0.021000 7.003557 0.021000 2.724284 0.021000 2.865271 0.105000 2.723517 0.021000 2.922871 0.021000 3.789202 0.021000 3.633967 0.021000
6.608320 0.021000 6.719848 0.021000 7.093197 0.021000 6.966426 0.021000 2.675600 0.021000 2.666195 0.021000 2.695656 0.021000 2.954006 0.021000 3.850913 0.021000 3.550278 0.021000
6.688520 0.105000 6.678489 0.021000 7.285484 0.105000 7.008945 0.021000 3.022140 0.105000 2.687542 0.021000 2.632463 0.021000 2.904113 0.021000 3.801937 0.021000 3.628462 0.021000
7.238169 0.105000 6.674887 0.021000 7.145777 0.021000 6.970076 0.021000 2.796775 0.021000 2.683385 0.021000 2.644114 0.021000 2.827448 0.105000 3.870166 0.021000 3.591275 0.021000
6.526504 0.021000 6.660475 0.021000 7.324944 0.105000 6.964001 0.021000 2.757736 0.021000 2.698611 0.021000 2.575635 0.021000 2.812902 0.021000 3.864134 0.021000 3.637553 0.021000
6.533472 0.021000 6.641194 0.021000 8.188247 0.105000 7.014954 0.021000 2.759781 0.021000 2.734587 0.021000 2.590906 0.021000 2.825335 0.021000 3.913123 0.021000 3.704257 0.021000
6.487811 0.021000 6.670858 0.021000 7.166079 0.021000 7.031250 0.021000 2.774248 0.021000 2.729716 0.021000 2.833246 0.105000 2.761368 0.021000 3.962429 0.021000 3.779491 0.021000
6.517108 0.021000 6.601023 0.021000 7.180655 0.021000 7.129747 0.021000 2.636363 0.105000 2.703484 0.021000 2.576317 0.021000 2.758590 0.021000 3.963263 0.021000 3.764528 0.021000
6.535061 0.021000 6.566257 0.021000 7.194018 0.021000 7.095036 0.021000 2.767712 0.021000 2.716819 0.021000 2.517933 0.021000 2.851344 0.105000 4.011388 0.021000 3.796861 0.021000
6.469802 0.021000 6.577636 0.021000 7.225764 0.021000 7.039477 0.021000 2.950875 0.105000 2.734705 0.021000 2.457261 0.021000 2.714235 0.021000 4.120008 0.021000 3.753745 0.021000
6.488898 0.021000 6.604433 0.021000 7.208296 0.021000 7.117402 0.021000 2.799797 0.021000 2.701200 0.021000 2.458181 0.021000 2.673654 0.021000 4.240029 0.105000 3.898918 0.021000
6.461788 0.021000 6.594945 0.021000 7.204375 0.021000 7.133278 0.021000 2.834396 0.021000 2.753909 0.021000 2.381693 0.021000 2.678068 0.021000 4.139195 0.021000 3.803614 0.021000
6.477896 0.021000 6.544550 0.021000 7.254625 0.021000 7.193428 0.021000 2.801574 0.021000 2.749229 0.021000 2.410578 0.021000 2.623280 0.021000 4.113467 0.021000 3.905734 0.021000
6.445197 0.021000 6.543660 0.021000 7.244085 0.021000 7.158989 0.021000 2.824589 0.021000 2.725523 0.021000 2.345205 0.021000 2.601572 0.021000 4.251920 0.021000 3.921481 0.021000
6.491847 0.021000 6.589639 0.021000 7.312868 0.021000 7.213998 0.021000 2.812164 0.021000 2.755627 0.021000 2.328799 0.021000 2.624738 0.021000 4.235106 0.021000 4.262396 0.105000
6.385218 0.021000 6.521247 0.021000 7.340503 0.105000 7.155384 0.021000 2.837307 0.021000 2.792973 0.021000 2.304250 0.021000 2.481491 0.105000 4.198132 0.021000 4.033540 0.021000
6.419717 0.021000 6.496120 0.021000 7.331129 0.021000 7.184678 0.021000 2.831629 0.021000 2.766917 0.021000 2.353002 0.021000 2.626385 0.021000 4.223505 0.021000 4.860484 0.105000
6.478794 0.021000 6.498536 0.021000 7.293195 0.021000 7.174190 0.021000 2.892670 0.021000 2.809915 0.021000 2.263268 0.021000 2.478922 0.021000 5.178893 0.105000 4.030541 0.021000
6.405105 0.021000 6.544514 0.021000 7.365608 0.021000 7.174801 0.021000 2.874448 0.021000 2.846354 0.021000 2.307116 0.021000 2.515585 0.021000 4.828434 0.105000 4.083370 0.021000
6.381245 0.021000 6.533671 0.021000 7.337180 0.021000 7.279041 0.021000 2.880466 0.021000 2.794702 0.021000 2.221068 0.021000 2.402432 0.021000 4.392717 0.021000 4.128178 0.021000
6.406078 0.021000 6.444880 0.021000 7.348534 0.021000 7.262716 0.021000 2.924283 0.021000 2.806645 0.021000 2.226246 0.021000 2.416615 0.021000 4.378098 0.021000 4.135402 0.021000
6.389374 0.021000 6.435281 0.021000 7.450576 0.021000 7.353655 0.021000 2.879451 0.021000 2.854762 0.021000 2.163200 0.021000 2.384308 0.021000 4.332559 0.021000 4.122208 0.021000
6.388243 0.021000 6.477969 0.021000 7.421916 0.021000 7.277108 0.021000 2.900541 0.021000 2.828950 0.021000 2.157288 0.021000 2.358653 0.021000 4.411672 0.021000 4.259139 0.021000
6.369712 0.021000 6.468219 0.021000 7.476192 0.021000 7.290542 0.021000 2.954247 0.021000 2.857567 0.021000 2.166945 0.021000 2.275116 0.021000 4.450073 0.021000 4.204149 0.021000
6.351168 0.021000 6.433816 0.021000 7.447557 0.021000 7.340351 0.021000 3.114464 0.105000 2.848377 0.021000 2.146739 0.021000 2.352701 0.021000 4.484857 0.021000 4.263364 0.021000
6.369812 0.021000 6.415542 0.021000 7.448118 0.021000 7.300447 0.021000 2.965733 0.021000 2.873809 0.021000 2.089071 0.021000 2.304486 0.021000 4.516520 0.021000 4.285322 0.021000
6.307453 0.021000 6.389647 0.021000 7.552176 0.021000 7.425354 0.105000 3.455904 0.105000 3.315840 0.105000 2.104954 0.021000 2.316612 0.021000 4.730061 0.105000 4.330812 0.021000
6.332057 0.021000 6.417422 0.021000 7.522088 0.021000 7.375573 0.021000 3.010037 0.021000 2.913218 0.021000 2.043799 0.021000 2.247318 0.021000 4.593125 0.021000 4.339405 0.021000
6.371526 0.021000 6.400344 0.021000 7.534871 0.021000 7.396669 0.021000 2.986985 0.021000 2.912237 0.021000 2.034064 0.021000 2.171288 0.021000 4.605740 0.021000 4.395744 0.021000
6.330688 0.021000 6.387150 0.021000 7.470516 0.021000 7.380438 0.021000 2.965425 0.021000 2.891378 0.021000 2.053678 0.021000 2.167207 0.021000 4.626997 0.021000 4.440736 0.021000
6.335708 0.021000 6.366500 0.021000 7.590041 0.021000 7.395971 0.021000 3.033092 0.021000 3.275029 0.105000 1.938820 0.021000 2.184657 0.021000 4.621913 0.021000 4.425877 0.021000
6.287745 0.021000 6.368919 0.021000 7.622169 0.021000 7.386826 0.021000 3.063504 0.021000 2.943757 0.021000 2.011543 0.021000 2.234013 0.021000 4.694751 0.021000 4.446170 0.021000
6.275082 0.021000 6.318824 0.021000 7.534134 0.021000 7.404172 0.021000 3.056067 0.021000 2.947989 0.021000 2.224740 0.105000 2.152225 0.021000 4.670220 0.021000 4.470938 0.021000
6.508820 0.105000 6.380837 0.021000 7.574333 0.021000 7.783066 0.105000 3.086227 0.021000 2.933228 0.021000 1.904981 0.021000 2.113681 0.021000 4.742643 0.021000 4.513695 0.021000
6.316080 0.021000 6.377617 0.021000 7.587063 0.021000 7.436115 0.021000 3.100418 0.021000 2.993361 0.021000 1.899397 0.021000 2.088250 0.021000 4.725755 0.021000 4.586080 0.021000
6.288161 0.021000 6.328545 0.021000 7.655275 0.021000 7.453906 0.021000 3.064365 0.021000 2.965113 0.021000 1.854437 0.021000 2.087246 0.021000 4.769785 0.021000 4.594647 0.021000
6.326903 0.021000 6.329964 0.021000 7.652715 0.021000 7.441939 0.021000 3.078925 0.021000 2.935520 0.021000 1.856861 0.021000 2.051425 0.021000 4.844817 0.021000 4.564367 0.021000
6.285764 0.021000 6.287468 0.021000 7.647045 0.021000 7.521208 0.021000 3.128271 0.021000 2.997458 0.021000 1.772578 0.021000 2.035806 0.021000 4.823466 0.021000 4.581496 0.021000
6.189343 0.021000 6.302876 0.021000 7.725856 0.021000 7.473791 0.021000 3.151494 0.021000 2.998814 0.021000 1.768947 0.021000 2.031665 0.021000 4.866962 0.021000 4.639298 0.021000
6.714080 0.105000 6.369530 0.021000 7.685988 0.021000 7.538493 0.021000 3.118882 0.021000 2.986375 0.021000 1.839565 0.021000 1.968263 0.021000 4.869676 0.021000 4.588953 0.021000
6.212183 0.021000 6.269734 0.021000 7.686812 0.105000 7.529275 0.021000 3.158214 0.021000 3.003026 0.021000 1.804644 0.021000 2.063480 0.021000 4.897453 0.021000 4.615933 0.021000
6.250805 0.021000 6.366015 0.021000 7.779659 0.021000 7.572412 0.021000 3.129411 0.021000 3.041883 0.021000 1.733493 0.105000 1.951545 0.021000 4.927073 0.021000 4.660975 0.021000
6.236535 0.021000 6.292491 0.021000 7.756605 0.021000 7.571512 0.021000 3.128191 0.021000 3.075297 0.021000 1.793782 0.021000 1.936776 0.021000 4.964674 0.021000 4.698334 0.021000
6.229369 0.021000 6.280956 0.021000 7.739417 0.021000 7.553179 0.021000 3.150312 0.021000 3.074015 0.021000 1.736726 0.021000 1.956801 0.021000 5.845557 0.105000 4.720199 0.021000
6.179684 0.021000 6.279018 0.021000 7.727364 0.021000 7.601544 0.021000 3.191749 0.021000 3.063237 0.021000 1.741790 0.021000 1.892216 0.021000 5.010860 0.021000 4.701747 0.021000
6.230255 0.021000 6.292228 0.021000 7.771803 0.021000 7.574409 0.021000 3.261597 0.021000 3.051809 0.021000 1.727453 0.021000 1.857005 0.021000 5.006998 0.021000 4.722639 0.021000
6.231342 0.021000 6.286264 0.021000 7.737607 0.021000 7.632259 0.021000 3.151384 0.021000 3.057541 0.021000 2.064947 0.105000 1.869088 0.021000 4.959001 0.021000 4.756752 0.021000
6.247696 0.021000 6.301198 0.021000 7.767823 0.021000 7.547004 0.021000 3.439134 0.105000 3.107377 0.021000 1.701616 0.021000 1.850529 0.021000 5.025351 0.021000 4.753075 0.021000
6.168917 0.021000 6.343760 0.021000 7.755307 0.021000 7.647257 0.021000 3.233105 0.021000 3.062629 0.021000 1.789779 0.105000 1.853806 0.021000 5.002567 0.105000 4.801105 0.021000
6.178457 0.021000 6.299859 0.021000 7.842785 0.021000 7.603236 0.021000 3.208423 0.021000 3.090475 0.021000 1.681989 0.021000 1.854581 0.021000 5.030830 0.021000 4.871162 0.105000
6.264080 0.021000 6.187204 0.105000 7.802076 0.021000 7.630223 0.021000 3.240939 0.021000 3.115321 0.021000 1.609833 0.021000 1.808940 0.021000 5.081278 0.021000 4.811199 0.021000
6.236825 0.021000 6.177700 0.105000 7.806174 0.021000 7.696542 0.021000 3.270206 0.021000 3.120081 0.021000 1.651899 0.021000 1.867211 0.021000 5.031327 0.021000 4.864970 0.021000
6.619775 0.105000 6.250526 0.021000 7.822316 0.021000 7.732697 0.021000 3.276498 0.021000 3.169487 0.021000 1.620143 0.021000 1.806732 0.021000 5.057936 0.021000 4.863007 0.021000
6.210817 0.021000 6.255120 0.021000 7.823809 0.021000 7.690788 0.021000 3.633521 0.105000 3.132842 0.021000 1.625764 0.021000 1.855386 0.021000 5.169299 0.021000 4.904579 0.021000
6.264484 0.021000 6.246571 0.021000 7.828516 0.021000 7.697553 0.021000 3.322776 0.021000 3.177054 0.021000 1.618903 0.021000 2.091168 0.105000 5.111496 0.021000 4.847361 0.021000
6.150213 0.021000 6.248197 0.021000 7.981927 0.105000 7.720741 0.021000 3.332349 0.021000 3.174800 0.021000 1.596587 0.021000 1.839812 0.021000 5.150563 0.021000 4.895100 0.021000
6.242591 0.021000 6.249921 0.021000 7.854107 0.021000 7.758209 0.021000 3.254697 0.021000 3.160593 0.021000 1.657315 0.021000 1.765140 0.021000 5.535429 0.105000 4.923718 0.021000
6.187386 0.021000 6.259401 0.021000 7.864093 0.021000 7.740880 0.021000 3.326352 0.021000 3.100230 0.021000 1.628243 0.021000 1.763134 0.021000 5.145420 0.021000 4.921251 0.021000
6.201187 0.021000 6.288982 0.021000 7.862544 0.021000 7.714818 0.021000 3.324982 0.021000 3.121946 0.021000 1.604283 0.021000 1.781471 0.021000 5.205677 0.021000 4.985490 0.021000
6.231215 0.021000 6.247132 0.021000 8.008715 0.105000 7.727620 0.021000 3.273863 0.021000 3.177777 0.021000 1.599489 0.021000 1.806800 0.021000 5.177631 0.021000 5.047023 0.105000
6.171831 0.021000 6.198614 0.021000 7.772970 0.021000 7.696310 0.021000 3.285794 0.021000 3.187668 0.021000 1.613375 0.021000 1.755691 0.021000 5.230267 0.021000 4.922955 0.021000
6.209766 0.021000 6.226979 0.021000 7.885466 0.021000 7.764440 0.021000 3.340462 0.021000 3.191066 0.021000 1.622299 0.021000 1.733784 0.021000 5.211369 0.021000 5.041175 0.021000
6.174448 0.021000 6.225226 0.105000 7.913214 0.021000 7.727623 0.021000 3.651680 0.105000 3.164301 0.021000 1.585541 0.021000 1.744315 0.021000 5.214160 0.021000 4.988345 0.021000
