1.158354 0.030000 0.946601 0.030000 5.228196 0.030000 6.122379 0.150000 3.933984 0.150000 3.605581 0.030000 6.690154 0.030000 6.620404 0.030000 8.360078 0.030000 8.497943 0.030000
1.163069 0.030000 0.962339 0.030000 5.179576 0.030000 5.457675 0.030000 3.431319 0.030000 3.667350 0.030000 6.678368 0.030000 6.590386 0.030000 8.701203 0.150000 8.510215 0.030000
1.135588 0.030000 0.949173 0.030000 5.204549 0.030000 5.388468 0.030000 3.379863 0.150000 3.890641 0.150000 6.655004 0.030000 6.650777 0.030000 8.316458 0.030000 8.573442 0.030000
1.099269 0.030000 0.955940 0.030000 5.181762 0.030000 5.468038 0.030000 3.490467 0.030000 3.647875 0.030000 6.686419 0.030000 6.634223 0.030000 8.370733 0.030000 8.552862 0.030000
1.196728 0.030000 0.988459 0.030000 5.158360 0.030000 5.412795 0.030000 3.421909 0.030000 3.775453 0.150000 6.678865 0.030000 6.634926 0.030000 8.368303 0.030000 8.525812 0.030000
1.170996 0.030000 0.979581 0.030000 5.146194 0.030000 5.415645 0.030000 3.460059 0.030000 3.693290 0.030000 6.655102 0.030000 6.721363 0.030000 8.354666 0.030000 8.544570 0.030000
1.362024 0.150000 0.992069 0.030000 5.125717 0.030000 5.419462 0.030000 3.938310 0.150000 3.635009 0.030000 6.702125 0.030000 6.641277 0.030000 8.385226 0.030000 8.486011 0.030000
1.176581 0.030000 1.056491 0.030000 5.134373 0.030000 5.353016 0.030000 3.458461 0.030000 3.602464 0.030000 6.691528 0.030000 6.665082 0.030000 8.338231 0.030000 8.452793 0.030000
1.229766 0.030000 1.898040 0.150000 5.149374 0.030000 5.349282 0.030000 3.463600 0.030000 3.619757 0.030000 6.636393 0.030000 6.639120 0.030000 8.448269 0.150000 8.515076 0.030000
1.200348 0.030000 1.075299 0.030000 5.130456 0.030000 5.472398 0.150000 3.753432 0.150000 3.593362 0.030000 6.688604 0.030000 6.565086 0.150000 8.290326 0.030000 8.444007 0.030000
1.157335 0.150000 0.990568 0.030000 5.077978 0.030000 5.325295 0.030000 3.413913 0.030000 3.566664 0.030000 6.755859 0.030000 7.420757 0.150000 8.273376 0.030000 8.650849 0.150000
1.280118 0.030000 1.062561 0.030000 5.030694 0.030000 5.345067 0.030000 3.383030 0.030000 3.561319 0.030000 6.667100 0.150000 6.690039 0.030000 8.309595 0.030000 8.467297 0.030000
1.252132 0.030000 2.067257 0.150000 4.999377 0.030000 5.275063 0.030000 3.422376 0.030000 3.522483 0.030000 6.674857 0.030000 6.679501 0.030000 8.230611 0.030000 8.408713 0.030000
1.224531 0.030000 1.039039 0.030000 4.988499 0.030000 5.303944 0.030000 3.397200 0.030000 3.554847 0.030000 6.675080 0.030000 6.652822 0.030000 8.414544 0.150000 8.447140 0.030000
1.288795 0.030000 1.102911 0.030000 4.999719 0.030000 5.227324 0.030000 3.324061 0.030000 3.612824 0.150000 6.707582 0.030000 6.683083 0.030000 8.221294 0.030000 8.413058 0.030000
1.338423 0.030000 0.901587 0.150000 5.292415 0.150000 5.173755 0.030000 3.415331 0.150000 3.434673 0.030000 6.716923 0.030000 6.654635 0.030000 8.250940 0.030000 8.342435 0.030000
1.382690 0.030000 1.183294 0.030000 4.989560 0.030000 5.143611 0.030000 3.352071 0.030000 3.917893 0.150000 6.692778 0.030000 6.706094 0.030000 8.169307 0.030000 8.332443 0.030000
1.369958 0.030000 1.205148 0.030000 4.922372 0.030000 5.144921 0.030000 3.257948 0.030000 3.883277 0.150000 7.116784 0.150000 6.724059 0.030000 8.229325 0.030000 8.266805 0.030000
1.417821 0.030000 1.650977 0.150000 4.830940 0.030000 5.003193 0.150000 3.261562 0.030000 3.448367 0.030000 6.759236 0.030000 6.619161 0.030000 8.172077 0.030000 8.284234 0.030000
1.449321 0.030000 1.192522 0.030000 5.495376 0.150000 5.082211 0.030000 3.291722 0.030000 3.486978 0.030000 6.713040 0.030000 6.718277 0.030000 8.158919 0.030000 8.268440 0.030000
1.494292 0.030000 1.268053 0.150000 4.798497 0.030000 5.027014 0.030000 3.218009 0.030000 3.761567 0.150000 6.681478 0.030000 6.598601 0.150000 8.159492 0.030000 8.230214 0.030000
1.511471 0.030000 1.205872 0.030000 4.747850 0.030000 5.040196 0.030000 3.196073 0.030000 3.384510 0.030000 7.086121 0.150000 6.799520 0.150000 8.126920 0.030000 8.248175 0.030000
1.476789 0.030000 1.334854 0.030000 4.687821 0.030000 4.982349 0.030000 3.202344 0.030000 3.411832 0.030000 6.727700 0.030000 6.754869 0.030000 8.019809 0.030000 8.259201 0.030000
1.609545 0.150000 1.121941 0.150000 4.716631 0.030000 4.949651 0.030000 3.154058 0.030000 3.338758 0.030000 6.723983 0.030000 6.675570 0.150000 8.039655 0.030000 8.177712 0.030000
1.913846 0.150000 1.596633 0.150000 4.676216 0.030000 4.860139 0.030000 3.176155 0.030000 3.296238 0.030000 6.754037 0.030000 6.695374 0.030000 8.019441 0.030000 8.184023 0.030000
1.565976 0.030000 1.402078 0.030000 4.632825 0.030000 4.898674 0.030000 3.165719 0.030000 3.323764 0.030000 6.743591 0.030000 6.721439 0.030000 8.035987 0.030000 8.174646 0.030000
1.671470 0.150000 1.438781 0.030000 4.624117 0.030000 4.939155 0.030000 3.179762 0.030000 3.292270 0.030000 6.769481 0.030000 6.714603 0.030000 8.024479 0.030000 8.232898 0.030000
2.339198 0.150000 1.438188 0.030000 4.578763 0.030000 4.837884 0.030000 3.159926 0.030000 3.316967 0.030000 6.825212 0.030000 6.720405 0.030000 8.021422 0.030000 8.132476 0.030000
1.668691 0.030000 1.487001 0.030000 4.540105 0.030000 4.830045 0.030000 3.090936 0.030000 3.218639 0.030000 6.753865 0.030000 6.772283 0.030000 8.004145 0.030000 8.140535 0.030000
1.684209 0.030000 1.984573 0.150000 4.563230 0.030000 4.751362 0.030000 3.062605 0.030000 3.289995 0.030000 6.823482 0.030000 6.776487 0.030000 7.999627 0.030000 8.101698 0.030000
1.757507 0.030000 1.495119 0.030000 4.522885 0.030000 4.758225 0.030000 3.083201 0.030000 3.244642 0.030000 6.828572 0.030000 6.747936 0.030000 7.944060 0.030000 8.134814 0.030000
1.768944 0.030000 1.519212 0.030000 4.720477 0.150000 4.690276 0.030000 3.104034 0.030000 3.210266 0.030000 6.817699 0.030000 6.776042 0.030000 7.910976 0.030000 8.080669 0.030000
1.786706 0.030000 1.587146 0.030000 4.411323 0.030000 5.763802 0.150000 3.059659 0.030000 3.214205 0.030000 6.778849 0.030000 6.799943 0.030000 7.930565 0.030000 8.053451 0.030000
1.900456 0.030000 1.562565 0.030000 4.434249 0.030000 4.628549 0.030000 3.056532 0.030000 3.204589 0.030000 6.794195 0.030000 6.775805 0.030000 8.424511 0.150000 7.983312 0.030000
1.863692 0.030000 1.795818 0.150000 4.374529 0.030000 4.655269 0.030000 2.984425 0.030000 3.129832 0.030000 6.849939 0.030000 6.799152 0.030000 7.881432 0.030000 8.040436 0.030000
1.879417 0.030000 1.633906 0.030000 4.326295 0.030000 4.775709 0.150000 3.049850 0.030000 3.172387 0.030000 6.867106 0.030000 6.740493 0.030000 8.074836 0.150000 7.981501 0.030000
1.925348 0.030000 1.613387 0.030000 4.309034 0.030000 4.557740 0.030000 3.017596 0.030000 3.117496 0.030000 6.834434 0.030000 6.854661 0.030000 7.937452 0.030000 7.974329 0.030000
2.039671 0.030000 1.677307 0.030000 4.920669 0.150000 4.606792 0.030000 3.018390 0.030000 3.154308 0.030000 6.780547 0.150000 6.794248 0.030000 7.860615 0.030000 7.956576 0.030000
2.000402 0.030000 1.725268 0.030000 4.277325 0.030000 4.496126 0.030000 2.985465 0.030000 3.103110 0.030000 6.848739 0.030000 6.795065 0.030000 7.807592 0.030000 7.897410 0.030000
2.006084 0.030000 1.815636 0.030000 4.189193 0.030000 4.456904 0.030000 3.009425 0.030000 3.059908 0.030000 6.840967 0.030000 6.838384 0.030000 7.824305 0.030000 7.973102 0.030000
2.057758 0.030000 1.762300 0.030000 4.186724 0.030000 4.429950 0.030000 3.005102 0.030000 3.080447 0.030000 6.858936 0.030000 6.873135 0.030000 7.778425 0.030000 7.905080 0.030000
2.052928 0.030000 2.214106 0.150000 4.198114 0.030000 4.446008 0.030000 2.920996 0.030000 3.026411 0.030000 6.883470 0.030000 6.840362 0.030000 7.734280 0.030000 7.897190 0.030000
2.051220 0.030000 1.818314 0.030000 4.081999 0.030000 4.379699 0.030000 2.963744 0.030000 3.078458 0.030000 6.844712 0.030000 6.844557 0.030000 7.866708 0.150000 7.879284 0.030000
2.114038 0.030000 1.869110 0.030000 4.106781 0.030000 4.362793 0.030000 2.941521 0.030000 3.082604 0.150000 6.933950 0.030000 6.881522 0.030000 7.759004 0.030000 8.089329 0.150000
2.171350 0.030000 1.912386 0.030000 4.086137 0.030000 4.247437 0.030000 2.925023 0.030000 3.038552 0.030000 6.932754 0.030000 6.833931 0.030000 7.689128 0.030000 7.866681 0.030000
2.135830 0.030000 1.872448 0.030000 4.067803 0.030000 4.255072 0.030000 2.936361 0.030000 3.042237 0.030000 6.978377 0.030000 6.862039 0.030000 7.685090 0.030000 7.857117 0.030000
2.154767 0.030000 1.907074 0.030000 4.006731 0.030000 4.289331 0.030000 2.953750 0.030000 3.033669 0.030000 7.001051 0.030000 6.848782 0.030000 7.729262 0.030000 7.831063 0.030000
2.235337 0.030000 1.992224 0.030000 4.011168 0.030000 4.233706 0.030000 2.891145 0.030000 2.965397 0.030000 6.971937 0.030000 6.835689 0.030000 7.684630 0.030000 8.183617 0.150000
2.232507 0.030000 2.001748 0.030000 3.974199 0.030000 4.162122 0.030000 2.919315 0.030000 2.990752 0.030000 6.975553 0.030000 6.862321 0.030000 7.680296 0.030000 7.787672 0.030000
2.252664 0.030000 2.053035 0.030000 3.879333 0.030000 4.213762 0.030000 4.054491 0.150000 3.030831 0.030000 6.976960 0.030000 6.927362 0.030000 7.650653 0.030000 7.803744 0.030000
2.271116 0.150000 2.061414 0.030000 3.898186 0.030000 4.093478 0.030000 2.847371 0.030000 2.959820 0.030000 8.067602 0.150000 6.897960 0.030000 7.606698 0.030000 7.734161 0.030000
2.374553 0.030000 2.102712 0.030000 3.932399 0.030000 4.122019 0.150000 2.850207 0.030000 2.967454 0.030000 6.898064 0.030000 6.921806 0.030000 7.617029 0.030000 7.733029 0.030000
4.067682 0.150000 2.077462 0.030000 3.742070 0.150000 4.046354 0.030000 2.727016 0.150000 2.938300 0.030000 7.003726 0.030000 6.914425 0.030000 7.594681 0.030000 7.693282 0.030000
2.344942 0.030000 2.104581 0.030000 3.803076 0.030000 4.035935 0.030000 2.836390 0.030000 2.901696 0.030000 7.004682 0.030000 6.942775 0.030000 7.642737 0.030000 7.652656 0.030000
2.399558 0.030000 2.164684 0.030000 4.358616 0.150000 4.018073 0.030000 2.821809 0.030000 2.928302 0.030000 7.068468 0.150000 6.871482 0.030000 7.538507 0.030000 7.693176 0.030000
2.378570 0.030000 2.204533 0.030000 3.720340 0.030000 4.066798 0.030000 2.850943 0.030000 2.917907 0.030000 7.034233 0.030000 6.917663 0.030000 7.535950 0.030000 7.692056 0.030000
2.523231 0.030000 2.167085 0.030000 3.691547 0.150000 3.915678 0.030000 2.782043 0.150000 2.904135 0.030000 7.023806 0.030000 6.952024 0.030000 7.554235 0.030000 7.709202 0.030000
2.517859 0.030000 2.215195 0.030000 3.712932 0.030000 3.964339 0.030000 2.864102 0.030000 2.916435 0.030000 7.047350 0.030000 6.964557 0.030000 7.533000 0.030000 7.629555 0.030000
2.444639 0.030000 2.330523 0.150000 3.676926 0.030000 3.907989 0.030000 2.781179 0.030000 2.866611 0.030000 6.976311 0.030000 6.916343 0.030000 7.936820 0.150000 7.626821 0.030000
2.619598 0.030000 2.265206 0.030000 3.651172 0.030000 3.899859 0.030000 2.785322 0.030000 2.888656 0.030000 7.017449 0.030000 6.966318 0.030000 7.546054 0.030000 7.583568 0.030000
2.614515 0.030000 2.333804 0.030000 3.567594 0.030000 3.838972 0.030000 2.778622 0.030000 2.842400 0.030000 7.067733 0.030000 7.019350 0.030000 7.488574 0.030000 7.898524 0.150000
2.591729 0.030000 2.408191 0.030000 3.583979 0.030000 3.771440 0.030000 2.805338 0.030000 2.823655 0.030000 7.102018 0.030000 6.943912 0.030000 7.495358 0.030000 7.571636 0.030000
2.624995 0.030000 2.455991 0.150000 3.565790 0.030000 3.766182 0.030000 2.764515 0.030000 2.867409 0.030000 7.057762 0.030000 7.010627 0.030000 7.476359 0.030000 7.588135 0.030000
2.871600 0.150000 2.398043 0.030000 3.529320 0.030000 3.731958 0.030000 2.736828 0.030000 2.797837 0.030000 7.154689 0.030000 7.042895 0.030000 7.401586 0.030000 7.589406 0.030000
2.666194 0.030000 2.467303 0.150000 3.488505 0.030000 3.727841 0.030000 2.750322 0.030000 2.834669 0.150000 7.306696 0.150000 7.003839 0.030000 7.394874 0.030000 7.528166 0.030000
2.699182 0.030000 3.018660 0.150000 3.733372 0.150000 3.694278 0.030000 2.717210 0.030000 2.819077 0.030000 7.135549 0.030000 7.010055 0.030000 7.425170 0.030000 7.536329 0.030000
2.770173 0.030000 2.493689 0.030000 3.406325 0.030000 3.640357 0.030000 2.754845 0.030000 2.857785 0.030000 7.676446 0.150000 7.000890 0.030000 7.399164 0.030000 7.525842 0.030000
2.765574 0.030000 2.539878 0.030000 3.415308 0.030000 3.595621 0.030000 2.746810 0.030000 2.825244 0.030000 7.124744 0.030000 7.002036 0.030000 7.414733 0.030000 7.515116 0.030000
2.822028 0.030000 2.533228 0.030000 3.373191 0.030000 3.600666 0.030000 2.728923 0.030000 2.813898 0.030000 7.120599 0.030000 7.012167 0.030000 7.394819 0.030000 7.466793 0.030000
2.875602 0.030000 2.531932 0.030000 3.362751 0.030000 3.592699 0.030000 2.764765 0.030000 2.955014 0.150000 7.193567 0.030000 7.059426 0.030000 7.354513 0.030000 7.422109 0.030000
2.853412 0.030000 2.625198 0.030000 3.266568 0.030000 3.548681 0.030000 2.826273 0.030000 2.833026 0.030000 7.169274 0.030000 7.109200 0.030000 7.363816 0.030000 7.468413 0.030000
2.869116 0.030000 2.608255 0.030000 3.286189 0.030000 3.518997 0.030000 2.789861 0.030000 2.778848 0.030000 7.158201 0.030000 7.084993 0.030000 7.334344 0.030000 7.431423 0.030000
2.932759 0.030000 2.685594 0.030000 3.173072 0.030000 3.516675 0.030000 2.781804 0.030000 2.849194 0.030000 7.213694 0.030000 7.128690 0.030000 7.829594 0.150000 7.466706 0.030000
2.905430 0.150000 2.742841 0.030000 3.255066 0.030000 3.465479 0.030000 2.699981 0.030000 2.744025 0.030000 7.179598 0.030000 7.031271 0.030000 7.331734 0.030000 7.374347 0.030000
3.038780 0.150000 2.663362 0.030000 3.199490 0.030000 3.429138 0.030000 2.708169 0.030000 2.808005 0.030000 7.663871 0.150000 7.106433 0.030000 7.299425 0.030000 7.777858 0.150000
3.027164 0.030000 2.772672 0.030000 3.152244 0.030000 3.448626 0.030000 2.740209 0.030000 2.765700 0.030000 7.233674 0.030000 7.410418 0.150000 7.733840 0.150000 7.423822 0.030000
2.985791 0.030000 2.812058 0.030000 3.124476 0.030000 3.388392 0.030000 2.702763 0.030000 2.770303 0.030000 7.247710 0.030000 7.129971 0.030000 7.235875 0.030000 7.374310 0.030000
3.100242 0.030000 2.876358 0.030000 3.097679 0.030000 3.333999 0.030000 2.784797 0.030000 2.743451 0.030000 7.239899 0.030000 7.135004 0.030000 7.270611 0.030000 7.337978 0.030000
3.056234 0.030000 2.863501 0.030000 3.341206 0.150000 3.342016 0.030000 2.687228 0.030000 2.757954 0.030000 7.208333 0.030000 7.184248 0.030000 7.188352 0.030000 7.310430 0.030000
3.139889 0.030000 2.889366 0.030000 3.020424 0.030000 3.306553 0.030000 3.664896 0.150000 2.742158 0.030000 7.534352 0.150000 7.215033 0.030000 7.194792 0.030000 7.324711 0.030000
3.163056 0.030000 2.922636 0.030000 3.077659 0.030000 3.250137 0.030000 2.720456 0.030000 2.762457 0.030000 7.253952 0.030000 7.167535 0.030000 7.209420 0.030000 7.328628 0.030000
3.217546 0.030000 2.935874 0.030000 3.814229 0.150000 3.245286 0.030000 2.754505 0.030000 2.796357 0.030000 7.291364 0.030000 7.239075 0.030000 7.215638 0.030000 7.131379 0.150000
3.219278 0.030000 2.971337 0.030000 2.941076 0.030000 3.152973 0.030000 2.742209 0.030000 2.782553 0.030000 7.335990 0.030000 7.224318 0.030000 7.211674 0.030000 7.368553 0.030000
3.305195 0.030000 2.965253 0.030000 2.872538 0.030000 3.183584 0.030000 2.759451 0.030000 2.766717 0.030000 8.832152 0.150000 7.193478 0.030000 7.104941 0.030000 7.259133 0.030000
3.273808 0.030000 3.040622 0.030000 3.234889 0.150000 3.175256 0.030000 2.724136 0.030000 2.732784 0.030000 7.328342 0.030000 7.250986 0.030000 7.098556 0.030000 7.504444 0.150000
3.271047 0.030000 3.226098 0.150000 2.858102 0.030000 3.113045 0.030000 2.756190 0.030000 2.783396 0.030000 7.407787 0.030000 7.271385 0.030000 7.236562 0.030000 7.254672 0.030000
3.635386 0.150000 3.068879 0.030000 3.099697 0.150000 3.068516 0.030000 3.371934 0.150000 2.743567 0.030000 7.406397 0.030000 7.253476 0.030000 7.082330 0.030000 7.269234 0.030000
3.333623 0.030000 3.112566 0.030000 2.804690 0.030000 3.052192 0.030000 2.784735 0.030000 2.783381 0.030000 7.336936 0.030000 7.279005 0.030000 7.127786 0.030000 7.231125 0.030000
3.383224 0.030000 3.143577 0.030000 3.401726 0.150000 2.998103 0.030000 2.745346 0.030000 2.698356 0.030000 7.466347 0.150000 7.322158 0.030000 7.137061 0.030000 7.268755 0.030000
3.408628 0.030000 3.186223 0.030000 2.720551 0.030000 2.947413 0.030000 2.761764 0.030000 2.796293 0.030000 7.406780 0.030000 7.307378 0.030000 7.094950 0.030000 7.207192 0.030000
3.432308 0.030000 3.246643 0.030000 2.934267 0.150000 2.931898 0.030000 2.820201 0.030000 2.720786 0.030000 7.452800 0.030000 7.316411 0.030000 7.098069 0.030000 7.180677 0.030000
3.467005 0.030000 3.243899 0.030000 2.744290 0.030000 2.945109 0.030000 2.730416 0.030000 3.240924 0.150000 7.446721 0.030000 7.322385 0.030000 7.054339 0.030000 7.154746 0.030000
3.482412 0.030000 3.300342 0.150000 2.666305 0.030000 2.882565 0.030000 2.716724 0.030000 2.717625 0.150000 7.436842 0.030000 7.357834 0.030000 7.057020 0.030000 7.192028 0.030000
3.570932 0.030000 3.313101 0.030000 2.605500 0.030000 2.916093 0.030000 2.762983 0.030000 2.718960 0.030000 7.522970 0.030000 7.573579 0.150000 7.094255 0.030000 7.182025 0.030000
3.563904 0.030000 3.378994 0.030000 2.589884 0.030000 2.851659 0.030000 2.789208 0.030000 2.775165 0.030000 7.443258 0.030000 7.395782 0.030000 7.064810 0.030000 7.146622 0.030000
3.598734 0.030000 3.303121 0.030000 2.603006 0.030000 2.807884 0.030000 2.768118 0.030000 2.754356 0.030000 7.500884 0.030000 7.365500 0.030000 7.007080 0.030000 7.374630 0.150000
3.592476 0.030000 3.332692 0.030000 2.521791 0.030000 2.751227 0.030000 2.781115 0.030000 2.729926 0.030000 7.536601 0.030000 7.379963 0.030000 7.044142 0.030000 7.161772 0.030000
3.684609 0.030000 3.423957 0.030000 2.546668 0.030000 2.677595 0.150000 2.793346 0.030000 2.732158 0.030000 7.514666 0.030000 7.383403 0.030000 6.947127 0.150000 7.160151 0.030000
3.705543 0.030000 3.456995 0.030000 2.529206 0.030000 3.636319 0.150000 2.815749 0.030000 2.791606 0.030000 7.512352 0.030000 7.445775 0.030000 6.962986 0.030000 7.106374 0.030000
3.658367 0.030000 3.437880 0.030000 2.464380 0.030000 2.748054 0.030000 2.754452 0.030000 2.763168 0.150000 7.550785 0.030000 7.434987 0.030000 7.086167 0.030000 7.084597 0.030000
3.782507 0.030000 4.071389 0.150000 2.473710 0.030000 2.669710 0.030000 2.781552 0.030000 2.735139 0.030000 7.594988 0.030000 7.430960 0.030000 6.995863 0.030000 7.049923 0.030000
3.761185 0.030000 3.471712 0.030000 2.415987 0.030000 2.680216 0.030000 2.812433 0.030000 2.765088 0.030000 7.603753 0.030000 7.437376 0.030000 6.957640 0.030000 7.153940 0.150000
3.836034 0.030000 3.544613 0.030000 2.461977 0.030000 2.614078 0.030000 2.829063 0.030000 2.795414 0.030000 7.630378 0.030000 7.485411 0.030000 6.919395 0.030000 7.061769 0.030000
3.808456 0.030000 3.574246 0.030000 2.314295 0.030000 2.604271 0.030000 3.298831 0.150000 2.760966 0.030000 7.599737 0.030000 7.547254 0.030000 6.904757 0.030000 7.076706 0.030000
3.881252 0.030000 3.620561 0.030000 2.293493 0.030000 3.071273 0.150000 2.857809 0.030000 2.824581 0.030000 7.624264 0.030000 7.529172 0.030000 6.927712 0.030000 7.039636 0.030000
3.941819 0.150000 3.680909 0.030000 2.338925 0.030000 2.572271 0.030000 2.846135 0.030000 2.818244 0.030000 7.632309 0.030000 7.530605 0.030000 6.906155 0.030000 7.029446 0.030000
3.873263 0.030000 3.667907 0.030000 2.304415 0.030000 2.493108 0.030000 2.890687 0.030000 2.793201 0.030000 7.641679 0.030000 7.498355 0.030000 6.905606 0.030000 7.008503 0.030000
3.973007 0.030000 4.343656 0.150000 2.305898 0.030000 2.421127 0.030000 2.930304 0.030000 2.822184 0.030000 7.661296 0.030000 7.580253 0.030000 6.903736 0.030000 6.996974 0.030000
3.978500 0.030000 3.742896 0.030000 2.216310 0.030000 2.470678 0.030000 2.862905 0.030000 2.841747 0.030000 7.711676 0.030000 7.535032 0.030000 6.889922 0.030000 7.017242 0.030000
4.205766 0.150000 3.766760 0.030000 2.137533 0.030000 2.443714 0.030000 2.885967 0.030000 2.887860 0.150000 7.728281 0.030000 7.533084 0.030000 6.921157 0.030000 6.953494 0.030000
4.037406 0.030000 3.794960 0.030000 2.186287 0.030000 2.405485 0.030000 2.922653 0.030000 2.849711 0.030000 7.695044 0.030000 7.534231 0.030000 6.867367 0.030000 6.958602 0.030000
4.026746 0.030000 3.796085 0.030000 2.156506 0.030000 2.385446 0.030000 3.378939 0.150000 2.845093 0.030000 7.698157 0.030000 7.727254 0.150000 6.818410 0.030000 6.913468 0.030000
4.260129 0.150000 3.856338 0.030000 2.163951 0.030000 2.317441 0.030000 2.947284 0.030000 2.869644 0.030000 8.354908 0.150000 7.613141 0.030000 6.926556 0.030000 6.961067 0.150000
4.632977 0.150000 3.925114 0.030000 2.086602 0.030000 2.335399 0.030000 2.935130 0.030000 2.815142 0.030000 7.779799 0.030000 7.575409 0.150000 6.877730 0.030000 6.972533 0.030000
4.164774 0.030000 3.901430 0.030000 2.029227 0.030000 2.279349 0.030000 2.955603 0.030000 2.849912 0.030000 7.755691 0.030000 7.648500 0.030000 6.930025 0.150000 6.910785 0.030000
4.198402 0.030000 3.949932 0.030000 2.008174 0.030000 2.285168 0.030000 2.981704 0.030000 2.845215 0.030000 7.779602 0.030000 8.114811 0.150000 6.848625 0.030000 6.947384 0.030000
4.190167 0.030000 3.943688 0.030000 2.011181 0.030000 2.214338 0.030000 2.929357 0.030000 2.903178 0.030000 7.818941 0.030000 7.691649 0.030000 6.856436 0.030000 6.923699 0.030000
4.228384 0.030000 4.030802 0.030000 1.970591 0.030000 2.222886 0.030000 3.018673 0.030000 2.896453 0.030000 7.808255 0.030000 7.638081 0.030000 6.807674 0.030000 6.931798 0.030000
4.836478 0.150000 3.990569 0.030000 2.102162 0.150000 1.979583 0.150000 2.976575 0.030000 2.895686 0.030000 7.858095 0.030000 7.681420 0.030000 6.796169 0.030000 6.937079 0.030000
4.285011 0.030000 4.079608 0.030000 1.909828 0.030000 2.124129 0.030000 3.020613 0.030000 2.916434 0.030000 7.916513 0.030000 7.703939 0.030000 6.833615 0.030000 6.873711 0.030000
4.355826 0.030000 4.053035 0.030000 1.873281 0.030000 2.148182 0.030000 3.073675 0.030000 2.922800 0.030000 8.279008 0.150000 7.761020 0.030000 6.863165 0.030000 6.875654 0.030000
4.442832 0.150000 4.091300 0.030000 1.808461 0.030000 2.050146 0.030000 3.020866 0.030000 2.941587 0.030000 7.923179 0.030000 8.206619 0.150000 6.784042 0.030000 6.870281 0.030000
4.381127 0.030000 4.186149 0.030000 1.758380 0.030000 2.101820 0.030000 3.085616 0.030000 2.914748 0.030000 7.887818 0.030000 7.825628 0.030000 6.812806 0.030000 6.901758 0.030000
4.498185 0.030000 4.158283 0.030000 1.873865 0.030000 2.029021 0.030000 3.032817 0.030000 2.952879 0.030000 7.970224 0.030000 7.790906 0.030000 6.775780 0.030000 6.830394 0.030000
4.509089 0.030000 4.211724 0.030000 1.793388 0.030000 1.860003 0.150000 3.085525 0.030000 2.986864 0.030000 7.962730 0.030000 7.753951 0.030000 6.796813 0.030000 6.987575 0.150000
4.488468 0.030000 4.219818 0.030000 1.744653 0.030000 1.999207 0.030000 3.091526 0.030000 3.022232 0.030000 7.941450 0.030000 7.834855 0.030000 6.767171 0.030000 6.762788 0.030000
4.479829 0.030000 4.288940 0.030000 1.732535 0.030000 1.878618 0.030000 3.067570 0.030000 2.989038 0.030000 7.980582 0.030000 7.783463 0.030000 6.723029 0.030000 6.774331 0.030000
4.527699 0.030000 4.273247 0.030000 1.653661 0.030000 1.921125 0.030000 2.919803 0.150000 2.994486 0.030000 8.015878 0.030000 7.870743 0.030000 6.793830 0.030000 6.805916 0.030000
4.567992 0.030000 4.298626 0.030000 1.728362 0.030000 1.899094 0.030000 3.133652 0.030000 3.058235 0.030000 7.984808 0.030000 7.843703 0.030000 6.769857 0.030000 6.742677 0.030000
4.583194 0.030000 4.317724 0.030000 1.643465 0.030000 1.859321 0.030000 3.150016 0.030000 2.983129 0.030000 8.018036 0.030000 7.920072 0.030000 6.724951 0.030000 6.777756 0.030000
4.629930 0.030000 4.392267 0.030000 1.654564 0.030000 1.863135 0.030000 3.072000 0.030000 3.049486 0.030000 8.000378 0.030000 7.858058 0.030000 6.722826 0.030000 6.763877 0.030000
4.662480 0.030000 4.441863 0.030000 1.562293 0.030000 2.121197 0.150000 3.167583 0.030000 3.372229 0.150000 8.060700 0.030000 7.910758 0.030000 6.753656 0.030000 6.823780 0.030000
4.708244 0.030000 4.503003 0.150000 1.551359 0.030000 1.814866 0.030000 3.122120 0.030000 3.030511 0.030000 8.052470 0.030000 7.913376 0.030000 6.757777 0.030000 6.800983 0.030000
4.692141 0.030000 4.459287 0.030000 1.503642 0.030000 1.799985 0.030000 3.169447 0.030000 3.086650 0.030000 8.102660 0.030000 7.953642 0.030000 6.709327 0.030000 6.763632 0.030000
4.699794 0.030000 4.501708 0.030000 1.538196 0.030000 1.776843 0.030000 3.399815 0.150000 3.042103 0.030000 7.905382 0.150000 7.937869 0.030000 6.701814 0.030000 6.770379 0.030000
4.744656 0.030000 4.458513 0.030000 1.522684 0.030000 1.721518 0.030000 3.195898 0.030000 3.098629 0.030000 8.075068 0.030000 8.005722 0.030000 6.741177 0.030000 6.711336 0.030000
4.693851 0.030000 4.590505 0.150000 1.456144 0.030000 1.690759 0.030000 3.265959 0.030000 3.122435 0.030000 8.098170 0.030000 7.988094 0.030000 6.695968 0.030000 6.744267 0.030000
4.513570 0.150000 4.518311 0.030000 1.502853 0.030000 1.669566 0.030000 3.743703 0.150000 3.097846 0.030000 8.243283 0.150000 7.981101 0.030000 6.646465 0.030000 6.759672 0.030000
4.851214 0.030000 4.563905 0.030000 1.548204 0.030000 1.682427 0.030000 3.268419 0.030000 3.065020 0.030000 8.152040 0.030000 7.991591 0.030000 6.680939 0.030000 6.795208 0.030000
4.826505 0.030000 4.592774 0.150000 1.409418 0.030000 1.720357 0.030000 3.253875 0.030000 3.106512 0.030000 8.184236 0.030000 7.966553 0.030000 6.702152 0.030000 6.744674 0.030000
4.809233 0.030000 4.593999 0.030000 1.455950 0.030000 1.689096 0.030000 3.265991 0.030000 3.127131 0.150000 8.238790 0.030000 7.985116 0.030000 6.723016 0.030000 6.751115 0.030000
4.839058 0.030000 4.645652 0.030000 1.384560 0.030000 1.629790 0.030000 3.751023 0.150000 3.122591 0.030000 8.131062 0.030000 8.043122 0.030000 6.668054 0.030000 6.700877 0.030000
4.866626 0.030000 5.175357 0.150000 1.384884 0.030000 1.612125 0.030000 3.291211 0.030000 3.236479 0.030000 8.198663 0.030000 7.986988 0.030000 6.700437 0.030000 6.991260 0.150000
4.897790 0.030000 4.622635 0.030000 1.367758 0.030000 1.572416 0.030000 3.274247 0.030000 3.125530 0.030000 8.184291 0.030000 7.992756 0.030000 6.668511 0.030000 6.741246 0.030000
4.936994 0.030000 4.643124 0.030000 1.354278 0.030000 1.565941 0.030000 3.274556 0.030000 3.151702 0.030000 8.236234 0.030000 8.058093 0.030000 6.687167 0.030000 6.738783 0.030000
4.894591 0.030000 4.679371 0.030000 1.209266 0.150000 1.517640 0.030000 3.273067 0.030000 3.150899 0.030000 8.231270 0.030000 7.986410 0.030000 6.747921 0.030000 6.812672 0.030000
4.954763 0.030000 4.703288 0.030000 1.382735 0.030000 1.944552 0.150000 3.314208 0.030000 3.220049 0.150000 8.247145 0.030000 8.084872 0.030000 6.625799 0.030000 6.733382 0.030000
4.989957 0.030000 4.722035 0.030000 1.273736 0.030000 1.507962 0.030000 3.297829 0.030000 3.136881 0.030000 8.210358 0.030000 8.048634 0.030000 6.691717 0.030000 6.712608 0.030000
4.986177 0.030000 4.717090 0.030000 1.280988 0.030000 1.531999 0.030000 3.321243 0.030000 3.188463 0.030000 8.228733 0.030000 8.053955 0.030000 6.704578 0.030000 6.713731 0.030000
5.102198 0.150000 4.788826 0.030000 1.283404 0.030000 1.536375 0.030000 3.376218 0.030000 3.229464 0.030000 8.287446 0.030000 8.121235 0.030000 6.705174 0.030000 6.695956 0.030000
5.017741 0.030000 4.765248 0.030000 1.323326 0.030000 1.429880 0.030000 3.313860 0.030000 3.184094 0.030000 8.237957 0.030000 8.088680 0.030000 6.542142 0.150000 6.740824 0.030000
5.001307 0.030000 5.108971 0.150000 1.277498 0.030000 1.511283 0.030000 3.336612 0.030000 3.225191 0.030000 8.321676 0.030000 8.214167 0.150000 6.669409 0.030000 6.724094 0.030000
5.040388 0.030000 4.696226 0.030000 1.281315 0.030000 1.464765 0.030000 3.359286 0.030000 3.235329 0.030000 8.236659 0.030000 8.059410 0.030000 6.638804 0.030000 6.628395 0.150000
5.072877 0.030000 4.768790 0.030000 1.243391 0.030000 1.455058 0.030000 3.768483 0.150000 3.277070 0.030000 8.282482 0.030000 8.118896 0.030000 6.657851 0.030000 6.691797 0.030000
5.028868 0.030000 4.771875 0.030000 1.229327 0.030000 1.686439 0.150000 3.356882 0.030000 3.234817 0.030000 8.302075 0.030000 8.114229 0.030000 6.655237 0.030000 6.720008 0.030000
5.103304 0.030000 4.854256 0.030000 1.195728 0.030000 1.480055 0.030000 3.453592 0.030000 3.252979 0.030000 8.290271 0.030000 8.140130 0.030000 6.616413 0.030000 6.685271 0.030000
5.029176 0.030000 4.857872 0.030000 1.231552 0.030000 1.415290 0.030000 3.491484 0.150000 3.258532 0.030000 8.293856 0.030000 8.166924 0.030000 6.640717 0.030000 6.652052 0.030000
5.061529 0.030000 4.833460 0.030000 1.265302 0.030000 1.760641 0.150000 3.433924 0.030000 3.158538 0.150000 8.313979 0.030000 8.192007 0.030000 6.574311 0.150000 6.697200 0.030000
5.174447 0.030000 4.838528 0.030000 1.187205 0.030000 1.396913 0.030000 3.391124 0.030000 3.228349 0.030000 8.347144 0.030000 8.172478 0.030000 6.701225 0.030000 7.428048 0.150000
5.101107 0.030000 4.846804 0.030000 1.161009 0.030000 1.384846 0.030000 3.452071 0.030000 3.247422 0.030000 8.300660 0.030000 8.180669 0.030000 6.629420 0.030000 6.719283 0.030000
5.083718 0.030000 4.859944 0.030000 1.257215 0.030000 1.386633 0.030000 3.363395 0.030000 3.243878 0.030000 8.386347 0.030000 8.199136 0.030000 6.621064 0.030000 6.675892 0.030000
4.937373 0.150000 4.876110 0.030000 1.169051 0.030000 1.356825 0.030000 3.437100 0.030000 3.236492 0.030000 8.330079 0.030000 8.216963 0.030000 6.620715 0.030000 6.671665 0.030000
5.081687 0.030000 4.851696 0.030000 1.219395 0.030000 1.377235 0.030000 3.386408 0.030000 3.228805 0.030000 8.459673 0.150000 8.169554 0.030000 6.648700 0.030000 6.702638 0.030000
5.057265 0.030000 4.825096 0.030000 1.173433 0.030000 1.351037 0.030000 3.400166 0.030000 3.236492 0.030000 8.345289 0.030000 8.209157 0.030000 6.587676 0.030000 6.649391 0.030000
5.119009 0.030000 4.873322 0.030000 1.176384 0.030000 1.337600 0.030000 3.428436 0.030000 3.269789 0.030000 8.317895 0.030000 8.669771 0.150000 6.592342 0.030000 6.744568 0.030000
5.175215 0.030000 4.947828 0.030000 1.207279 0.030000 1.376990 0.030000 3.465112 0.030000 3.635879 0.150000 8.340727 0.030000 8.167105 0.030000 6.647885 0.030000 6.659253 0.030000
5.152207 0.030000 4.913266 0.030000 1.130282 0.030000 1.317202 0.030000 3.458590 0.030000 3.302067 0.030000 8.338639 0.030000 8.165264 0.030000 6.678307 0.030000 6.696083 0.030000
5.177056 0.030000 4.870573 0.150000 1.173268 0.030000 1.403201 0.030000 3.379397 0.030000 3.293807 0.030000 8.314917 0.030000 8.220465 0.030000 6.631886 0.030000 6.691647 0.030000
5.186574 0.030000 4.866209 0.030000 1.119316 0.030000 1.364598 0.030000 3.399431 0.030000 3.320115 0.030000 8.340807 0.030000 8.064484 0.150000 6.578798 0.030000 6.714110 0.030000
5.155324 0.030000 4.934345 0.030000 1.178824 0.030000 1.344092 0.030000 3.428628 0.030000 3.364220 0.030000 8.350313 0.030000 8.182921 0.030000 6.571594 0.030000 6.759088 0.150000
5.189300 0.030000 4.931455 0.030000 1.139596 0.030000 1.351842 0.030000 3.419673 0.030000 3.413626 0.030000 8.343187 0.030000 8.244082 0.030000 6.575073 0.030000 6.636861 0.030000
5.195558 0.030000 4.945557 0.030000 1.117679 0.030000 1.312452 0.030000 3.435954 0.030000 3.357680 0.030000 8.330407 0.030000 8.244913 0.030000 6.580386 0.030000 6.698162 0.030000
5.201737 0.030000 4.943520 0.030000 1.134674 0.030000 1.315877 0.030000 3.437340 0.030000 3.452045 0.150000 8.306609 0.030000 8.292712 0.030000 6.543438 0.030000 6.727929 0.030000
5.215109 0.030000 4.973134 0.030000 1.151247 0.030000 1.294285 0.030000 3.411388 0.030000 3.368545 0.030000 8.368255 0.030000 8.245546 0.030000 6.544381 0.030000 7.241028 0.150000
5.237613 0.030000 4.966263 0.030000 1.159325 0.030000 1.235134 0.030000 3.318017 0.030000 3.442196 0.030000 8.360638 0.030000 8.282654 0.030000 6.560293 0.030000 6.853690 0.150000
5.246444 0.030000 5.016837 0.030000 1.196242 0.030000 1.449073 0.150000 3.414413 0.030000 3.390905 0.030000 8.281793 0.030000 8.281842 0.030000 6.590918 0.030000 6.755120 0.030000
5.675857 0.150000 5.047702 0.030000 1.171441 0.030000 1.195125 0.030000 3.798866 0.150000 3.394110 0.030000 8.324806 0.030000 8.322845 0.030000 6.542099 0.030000 6.714912 0.030000
5.222396 0.150000 5.063454 0.030000 1.215477 0.030000 1.242987 0.030000 3.333469 0.030000 3.401691 0.030000 8.424206 0.150000 8.351577 0.030000 6.495479 0.030000 6.698449 0.030000
5.282189 0.030000 5.126281 0.030000 1.249039 0.030000 1.234334 0.030000 3.371365 0.030000 3.403605 0.030000 8.246260 0.150000 8.302490 0.030000 6.823409 0.150000 6.623662 0.030000
5.289663 0.030000 5.105510 0.030000 1.156071 0.030000 1.177946 0.030000 3.324385 0.030000 3.431296 0.030000 8.204429 0.030000 8.304151 0.030000 6.386779 0.030000 6.658486 0.030000
5.304073 0.030000 5.174816 0.030000 1.203350 0.030000 1.217571 0.030000 3.306390 0.030000 3.436331 0.030000 8.238258 0.030000 8.312167 0.030000 6.391246 0.030000 6.628775 0.030000
5.336896 0.030000 5.165893 0.030000 1.250320 0.030000 1.197503 0.030000 3.314720 0.030000 3.407608 0.030000 8.195714 0.030000 8.344452 0.030000 6.370964 0.030000 6.613391 0.030000
5.305611 0.030000 5.204540 0.030000 1.674349 0.150000 1.161642 0.030000 3.288987 0.030000 3.376156 0.030000 8.161168 0.030000 8.462807 0.150000 6.298284 0.030000 6.766466 0.150000
5.367822 0.030000 5.214180 0.030000 1.259636 0.030000 1.192359 0.030000 3.233066 0.030000 3.415127 0.030000 8.188393 0.030000 8.303549 0.030000 6.325197 0.030000 6.593400 0.030000
5.363403 0.030000 5.242696 0.030000 1.278606 0.030000 1.162210 0.030000 3.218988 0.030000 3.401527 0.030000 8.124531 0.030000 8.268665 0.030000 6.250485 0.150000 6.540976 0.030000
5.286509 0.030000 5.222571 0.030000 1.349283 0.030000 1.223966 0.030000 3.210384 0.030000 3.378472 0.030000 8.605543 0.150000 8.279401 0.030000 6.239270 0.030000 6.457217 0.030000
5.366013 0.030000 5.224548 0.030000 1.361377 0.030000 1.228734 0.030000 3.148240 0.030000 3.361901 0.030000 8.138288 0.030000 8.243898 0.030000 6.210581 0.030000 6.459913 0.030000
5.371448 0.030000 5.297420 0.030000 1.391901 0.030000 1.226102 0.030000 3.245805 0.030000 3.374036 0.030000 8.079342 0.030000 8.299501 0.030000 6.231676 0.030000 6.380044 0.030000
5.340138 0.030000 5.290570 0.030000 1.529200 0.150000 1.239009 0.030000 3.174211 0.030000 3.263568 0.030000 8.043522 0.030000 8.218783 0.030000 6.172916 0.030000 6.408397 0.030000
5.324458 0.030000 5.245798 0.030000 1.389265 0.030000 1.308196 0.030000 3.134598 0.030000 3.337901 0.030000 8.243716 0.150000 8.227197 0.030000 6.159722 0.030000 6.394237 0.030000
5.333009 0.030000 5.325198 0.030000 1.436462 0.030000 1.249362 0.030000 3.072695 0.030000 3.330189 0.030000 7.986863 0.030000 8.160500 0.030000 6.053742 0.030000 6.745623 0.150000
5.426656 0.030000 5.296697 0.030000 1.512711 0.030000 1.339499 0.030000 3.064624 0.030000 3.244348 0.030000 7.987560 0.030000 8.505415 0.150000 6.071648 0.030000 6.287757 0.030000
5.446181 0.030000 5.267890 0.030000 1.532190 0.030000 1.284191 0.030000 3.078034 0.030000 3.289325 0.030000 7.981850 0.030000 8.139123 0.030000 6.028778 0.030000 6.258745 0.030000
5.391139 0.030000 5.337145 0.030000 1.546980 0.030000 1.371513 0.030000 3.096779 0.030000 3.244167 0.030000 8.361836 0.150000 8.932652 0.150000 5.985069 0.030000 6.210708 0.030000
5.477159 0.150000 5.319054 0.030000 1.570169 0.030000 1.766695 0.150000 3.007543 0.030000 3.185520 0.030000 7.943212 0.030000 8.125536 0.030000 5.970039 0.030000 6.239328 0.030000
5.375660 0.030000 5.336268 0.030000 1.530160 0.030000 1.415179 0.030000 2.968708 0.030000 3.202518 0.030000 7.921528 0.030000 8.086527 0.030000 5.933787 0.030000 6.195176 0.030000
6.331780 0.150000 5.377219 0.030000 1.572626 0.030000 1.483941 0.150000 3.437107 0.150000 3.162969 0.030000 7.866792 0.030000 8.068289 0.030000 5.919948 0.030000 6.160615 0.030000
5.401526 0.030000 5.325958 0.030000 1.647077 0.030000 1.426062 0.030000 2.936993 0.030000 3.085780 0.030000 7.879098 0.030000 8.071565 0.030000 5.874210 0.030000 6.140941 0.030000
5.408181 0.030000 5.335008 0.030000 1.719858 0.030000 1.513586 0.030000 2.917383 0.030000 3.089550 0.030000 7.810762 0.030000 8.025021 0.030000 5.867215 0.030000 6.105754 0.030000
5.401761 0.030000 5.342829 0.030000 1.683255 0.030000 1.506242 0.030000 2.890809 0.030000 3.152094 0.030000 7.806614 0.030000 7.984362 0.030000 5.808772 0.030000 6.141909 0.030000
5.431399 0.030000 5.386067 0.030000 1.736159 0.030000 1.563661 0.030000 2.911036 0.030000 3.102125 0.030000 7.764088 0.030000 7.949673 0.030000 5.749649 0.030000 6.058596 0.030000
5.447642 0.030000 5.355022 0.030000 1.707586 0.030000 1.539089 0.030000 2.883985 0.030000 3.029971 0.030000 7.773244 0.030000 7.955645 0.030000 5.733766 0.030000 6.012930 0.030000
5.443870 0.030000 5.389723 0.030000 1.804255 0.030000 1.602942 0.150000 2.838440 0.030000 2.987681 0.030000 7.717896 0.030000 7.924783 0.030000 5.734144 0.030000 5.934188 0.030000
5.357522 0.030000 5.376954 0.030000 1.823135 0.030000 1.604302 0.030000 2.814365 0.030000 2.998319 0.030000 7.689607 0.030000 7.922732 0.030000 5.690495 0.030000 5.910413 0.030000
5.461171 0.030000 5.477908 0.030000 1.844747 0.030000 1.622277 0.030000 2.838200 0.030000 3.012481 0.030000 8.068709 0.150000 7.886781 0.030000 5.692153 0.030000 5.951962 0.030000
5.439982 0.030000 5.887888 0.150000 1.830913 0.030000 1.617469 0.030000 2.808906 0.030000 3.020507 0.030000 7.692155 0.030000 7.888283 0.030000 5.620660 0.030000 5.862138 0.030000
5.471235 0.030000 5.466550 0.030000 1.894888 0.030000 1.624838 0.030000 2.761105 0.030000 2.914941 0.030000 7.617983 0.030000 7.827662 0.030000 5.642692 0.030000 5.890356 0.030000
5.504102 0.030000 6.017028 0.150000 1.921696 0.030000 1.732814 0.030000 2.750056 0.030000 2.934037 0.030000 7.605271 0.030000 7.860200 0.030000 5.556208 0.030000 5.852072 0.030000
5.445313 0.030000 5.417983 0.030000 1.925568 0.030000 1.657114 0.030000 2.712135 0.030000 2.916305 0.030000 7.576385 0.030000 7.805877 0.030000 5.553358 0.030000 5.763158 0.030000
5.486641 0.030000 5.419474 0.030000 1.901564 0.150000 1.800998 0.030000 2.690172 0.030000 3.014807 0.150000 7.589750 0.030000 7.759797 0.030000 5.475913 0.030000 5.797538 0.030000
5.538210 0.030000 5.399560 0.030000 2.038750 0.030000 1.803265 0.030000 2.686618 0.030000 2.871585 0.030000 7.536741 0.030000 7.804924 0.030000 5.507123 0.030000 5.754486 0.030000
5.525955 0.030000 5.435323 0.030000 2.026170 0.030000 1.773957 0.030000 2.677269 0.030000 2.868878 0.030000 7.499727 0.030000 7.741247 0.030000 5.462533 0.030000 5.730553 0.030000
5.563609 0.030000 5.497039 0.030000 2.058935 0.030000 1.773562 0.030000 2.687195 0.030000 4.674436 0.150000 7.696703 0.150000 7.699648 0.030000 5.494234 0.030000 5.673582 0.030000
5.521236 0.030000 5.454858 0.030000 2.007812 0.150000 1.806786 0.030000 2.678309 0.030000 2.873399 0.030000 7.546430 0.030000 7.959071 0.150000 5.419317 0.030000 5.683248 0.030000
5.529659 0.030000 5.492929 0.030000 2.079984 0.030000 1.898476 0.030000 2.724185 0.030000 2.833106 0.030000 7.431529 0.030000 7.647634 0.030000 5.411560 0.030000 5.631686 0.030000
5.530015 0.030000 5.892098 0.150000 2.090477 0.030000 1.900013 0.030000 2.667607 0.030000 2.788975 0.030000 7.490769 0.030000 7.713787 0.030000 5.431545 0.030000 5.665451 0.030000
5.596325 0.030000 5.517110 0.030000 2.093851 0.030000 1.880165 0.030000 2.659227 0.030000 2.768438 0.030000 7.533842 0.150000 7.631250 0.030000 5.441761 0.030000 5.575242 0.030000
5.650506 0.030000 5.496610 0.030000 2.158643 0.030000 1.923408 0.030000 2.601789 0.030000 2.771586 0.150000 7.436597 0.030000 7.652865 0.030000 5.412462 0.030000 5.579652 0.030000
5.551587 0.030000 5.505560 0.030000 2.133343 0.030000 1.991498 0.150000 2.605610 0.030000 2.754916 0.030000 7.748433 0.150000 7.588245 0.030000 5.308170 0.030000 5.642117 0.030000
5.585475 0.030000 6.033904 0.150000 2.217249 0.030000 1.921463 0.030000 2.505481 0.030000 2.771266 0.030000 7.431891 0.030000 7.620671 0.030000 5.306137 0.030000 5.522245 0.150000
5.714427 0.150000 5.530107 0.030000 2.216302 0.030000 1.986193 0.030000 3.232445 0.150000 2.706649 0.030000 7.363505 0.030000 7.587773 0.030000 5.309849 0.030000 5.524143 0.030000
5.610361 0.030000 5.527151 0.030000 2.190639 0.030000 2.018915 0.150000 2.537171 0.030000 2.743703 0.030000 7.382824 0.030000 7.538465 0.030000 5.247840 0.030000 5.525192 0.030000
5.593026 0.030000 5.494358 0.030000 2.216204 0.030000 1.990052 0.030000 2.498874 0.030000 2.720412 0.030000 7.420116 0.030000 8.000845 0.150000 5.290335 0.030000 5.520401 0.030000
5.616266 0.150000 5.481616 0.030000 2.207549 0.030000 2.027508 0.030000 2.521473 0.030000 2.700853 0.030000 7.344818 0.030000 7.549936 0.030000 5.239427 0.030000 6.569353 0.150000
5.495801 0.150000 5.511026 0.030000 2.256422 0.030000 2.014952 0.030000 2.567166 0.030000 2.664732 0.030000 7.363534 0.030000 7.482755 0.030000 5.178491 0.030000 5.434537 0.030000
5.579317 0.030000 5.557998 0.030000 2.276724 0.030000 2.125722 0.030000 2.540581 0.030000 2.745963 0.030000 7.309732 0.030000 7.574237 0.030000 5.256836 0.030000 5.423142 0.030000
5.615955 0.030000 5.569126 0.030000 2.325265 0.030000 2.054697 0.030000 2.465792 0.030000 2.681683 0.030000 7.290512 0.030000 7.521848 0.030000 5.200882 0.030000 5.468584 0.030000
5.608947 0.030000 5.814130 0.150000 2.304455 0.030000 2.071431 0.030000 2.469674 0.030000 2.646711 0.030000 7.351834 0.030000 7.521591 0.030000 5.178991 0.030000 5.452690 0.030000
5.601491 0.030000 5.543963 0.030000 2.367317 0.030000 2.113488 0.030000 2.502468 0.030000 2.630551 0.030000 7.308192 0.030000 7.478534 0.030000 5.243003 0.150000 5.420792 0.030000
5.628173 0.030000 5.525622 0.030000 2.360215 0.030000 2.097484 0.030000 2.502492 0.030000 2.662306 0.030000 7.287815 0.030000 7.450110 0.030000 5.196633 0.030000 5.667246 0.150000
5.622350 0.030000 5.535930 0.030000 2.357688 0.030000 2.166011 0.030000 2.496809 0.030000 2.657951 0.030000 7.263444 0.030000 7.745425 0.150000 5.164260 0.030000 5.664303 0.150000
5.662591 0.030000 5.567191 0.030000 2.385690 0.030000 2.451773 0.150000 2.431804 0.030000 2.646653 0.030000 7.716633 0.150000 7.432219 0.030000 5.083030 0.030000 5.599176 0.150000
5.644487 0.030000 5.529747 0.030000 2.428927 0.030000 2.385702 0.150000 2.548496 0.150000 2.561858 0.030000 7.270598 0.030000 7.490947 0.030000 5.074913 0.030000 5.352997 0.030000
5.706923 0.030000 5.579996 0.030000 2.425325 0.030000 2.116350 0.030000 2.425454 0.030000 2.595384 0.030000 7.207900 0.030000 7.406650 0.030000 5.104048 0.030000 5.722441 0.150000
5.657355 0.030000 5.578086 0.030000 2.407941 0.030000 2.171312 0.030000 2.466598 0.030000 2.624757 0.030000 7.193534 0.030000 7.466505 0.030000 5.076461 0.030000 5.367804 0.030000
5.638196 0.030000 5.543498 0.030000 2.439177 0.030000 2.205758 0.030000 2.798720 0.150000 2.620712 0.030000 7.203447 0.030000 7.407757 0.030000 5.035729 0.030000 5.552784 0.150000
5.712572 0.030000 5.586136 0.030000 2.457095 0.030000 2.134356 0.030000 2.441501 0.030000 2.530794 0.030000 7.207759 0.030000 7.367096 0.030000 5.110092 0.150000 5.322202 0.030000
5.673846 0.030000 5.569667 0.030000 2.421827 0.030000 2.196561 0.030000 2.445625 0.030000 2.635970 0.030000 7.182815 0.030000 7.392580 0.030000 5.094080 0.030000 5.326681 0.030000
5.665360 0.030000 5.541128 0.030000 2.469469 0.030000 2.224155 0.030000 2.411156 0.030000 2.580203 0.030000 7.184719 0.030000 7.667856 0.150000 5.080887 0.030000 5.263086 0.030000
5.687005 0.030000 5.650180 0.030000 2.476194 0.030000 2.304905 0.150000 2.478195 0.030000 2.637428 0.030000 7.190019 0.030000 7.443338 0.030000 5.071598 0.030000 5.272079 0.030000
5.655637 0.030000 5.570989 0.030000 2.494104 0.030000 2.250565 0.030000 2.432410 0.030000 2.612707 0.030000 7.150021 0.030000 7.408216 0.030000 5.016360 0.030000 5.252593 0.030000
5.707875 0.030000 5.598574 0.030000 2.467633 0.030000 2.225290 0.030000 2.381171 0.030000 2.569522 0.030000 7.255512 0.030000 7.364860 0.030000 4.981799 0.030000 5.237117 0.030000
5.709555 0.030000 5.643648 0.030000 2.492908 0.030000 2.288708 0.030000 2.380935 0.030000 2.515999 0.030000 7.189453 0.030000 7.400264 0.030000 4.975674 0.030000 5.302154 0.030000
5.675955 0.030000 5.509820 0.150000 2.503602 0.030000 2.282327 0.030000 2.398063 0.030000 2.570076 0.030000 7.128258 0.030000 7.368372 0.030000 4.987588 0.030000 5.228553 0.030000
5.697451 0.030000 5.607442 0.030000 2.552971 0.030000 2.297160 0.030000 2.864774 0.150000 2.596289 0.030000 7.722545 0.150000 7.394229 0.030000 5.389820 0.150000 5.209571 0.030000
5.711380 0.030000 5.609161 0.030000 2.534963 0.030000 2.280454 0.030000 2.369070 0.030000 2.518254 0.030000 7.268230 0.030000 7.325551 0.030000 4.983404 0.030000 5.259723 0.030000
5.705249 0.030000 5.669557 0.030000 2.618595 0.030000 2.256189 0.030000 2.748158 0.150000 2.555309 0.030000 7.190289 0.030000 7.358783 0.030000 4.978151 0.030000 5.234442 0.030000
5.681408 0.030000 5.618446 0.030000 2.555751 0.030000 2.293687 0.030000 2.393212 0.030000 2.567669 0.030000 7.163927 0.030000 7.338632 0.030000 4.933919 0.030000 5.229611 0.030000
5.589899 0.150000 5.645851 0.030000 2.545250 0.030000 2.251421 0.030000 2.385744 0.030000 2.569569 0.030000 7.160917 0.030000 7.340455 0.030000 4.960877 0.030000 5.209289 0.030000
5.684684 0.030000 5.653421 0.030000 2.576420 0.030000 2.280516 0.030000 2.774238 0.150000 2.646935 0.030000 7.124275 0.030000 7.329277 0.030000 4.973530 0.030000 5.984744 0.150000
5.697111 0.030000 5.602793 0.030000 2.984405 0.150000 2.298569 0.030000 2.250966 0.150000 2.538905 0.030000 7.152487 0.150000 7.328810 0.030000 4.960354 0.030000 5.190604 0.030000
5.703419 0.030000 5.621279 0.030000 2.546030 0.150000 2.321393 0.030000 2.325641 0.030000 2.525013 0.030000 7.081690 0.030000 7.306051 0.030000 4.959065 0.030000 5.174966 0.030000
5.632763 0.030000 5.656599 0.030000 2.530999 0.030000 2.340650 0.030000 2.372338 0.030000 2.567096 0.030000 7.123296 0.030000 7.300134 0.030000 4.908037 0.030000 5.130535 0.030000
5.641036 0.030000 5.741426 0.030000 2.619632 0.030000 2.301128 0.030000 2.548946 0.150000 2.505121 0.030000 7.130845 0.030000 7.282844 0.030000 4.975269 0.030000 5.163335 0.030000
5.584033 0.030000 5.624042 0.030000 2.575020 0.030000 2.370612 0.030000 2.297212 0.030000 2.500196 0.030000 7.042113 0.030000 7.267437 0.030000 4.925836 0.030000 5.142263 0.030000
5.629307 0.030000 5.641794 0.030000 2.608344 0.030000 2.351636 0.030000 2.289922 0.030000 2.594902 0.030000 7.050186 0.030000 7.228782 0.030000 4.969497 0.030000 5.071988 0.030000
5.631761 0.030000 5.670458 0.030000 2.655785 0.030000 2.394039 0.030000 2.304058 0.030000 2.495401 0.030000 7.053795 0.150000 7.284070 0.030000 4.917367 0.030000 5.148337 0.030000
5.585819 0.030000 5.685106 0.030000 2.620123 0.030000 2.870341 0.150000 2.193029 0.030000 2.461456 0.030000 7.003125 0.030000 7.230560 0.030000 4.906622 0.030000 5.031092 0.030000
5.594964 0.030000 5.717079 0.030000 2.667187 0.030000 2.449037 0.030000 2.581173 0.150000 2.439301 0.030000 6.979948 0.030000 7.237236 0.030000 4.870622 0.030000 5.036525 0.030000
5.597936 0.030000 5.715719 0.030000 2.673079 0.030000 2.456187 0.030000 2.202417 0.030000 2.420821 0.030000 6.930732 0.030000 7.198351 0.030000 4.963943 0.030000 5.009952 0.030000
5.537077 0.030000 5.672985 0.030000 2.671083 0.030000 2.522901 0.030000 2.172029 0.030000 2.400839 0.030000 6.936018 0.030000 7.147287 0.030000 4.862540 0.030000 4.979627 0.030000
5.464643 0.030000 5.687092 0.030000 2.668417 0.030000 2.553801 0.150000 2.150107 0.030000 2.388282 0.030000 6.841711 0.030000 7.149085 0.030000 4.941839 0.030000 4.958909 0.030000
5.563072 0.030000 5.644740 0.030000 2.705007 0.030000 2.526361 0.030000 2.126151 0.030000 2.338155 0.030000 6.875146 0.030000 7.117964 0.030000 4.932331 0.030000 4.969167 0.030000
5.483312 0.030000 5.628785 0.030000 2.790747 0.030000 2.559371 0.030000 2.105522 0.030000 2.263967 0.030000 6.887079 0.030000 7.098302 0.030000 4.916514 0.030000 4.944650 0.030000
5.509549 0.150000 5.597907 0.030000 2.800148 0.030000 2.624511 0.030000 2.024246 0.030000 2.240183 0.030000 7.195786 0.150000 7.015081 0.030000 5.026729 0.150000 4.887076 0.030000
5.460505 0.030000 5.626635 0.030000 2.731194 0.030000 2.594830 0.030000 1.994155 0.030000 2.243791 0.030000 6.811009 0.030000 7.042330 0.030000 4.937361 0.030000 4.958160 0.030000
5.441985 0.030000 5.576845 0.030000 2.822111 0.030000 2.645472 0.030000 1.993919 0.030000 2.221264 0.030000 6.804474 0.030000 7.015998 0.030000 4.933867 0.030000 4.858762 0.150000
5.359449 0.030000 5.533775 0.030000 2.758101 0.030000 2.689576 0.030000 1.969648 0.030000 2.221525 0.030000 6.717887 0.030000 6.980386 0.030000 5.047867 0.150000 4.921153 0.030000
5.338141 0.030000 5.574945 0.030000 2.844650 0.030000 2.634984 0.150000 1.907621 0.030000 2.205234 0.030000 6.727779 0.030000 6.865929 0.030000 4.992345 0.030000 4.932962 0.030000
5.349517 0.030000 5.538156 0.030000 2.832585 0.030000 2.707433 0.030000 1.940986 0.030000 2.136644 0.030000 6.719990 0.030000 6.947805 0.030000 4.938446 0.030000 4.948141 0.030000
5.633211 0.150000 5.482064 0.030000 2.801654 0.030000 2.723037 0.030000 1.897005 0.030000 2.084380 0.030000 6.676876 0.030000 7.630146 0.150000 4.951239 0.150000 4.907257 0.030000
5.395378 0.150000 5.485970 0.030000 2.860515 0.030000 2.722866 0.030000 1.878261 0.030000 2.684928 0.150000 6.698459 0.030000 6.883926 0.030000 4.986314 0.030000 4.914382 0.030000
5.226797 0.030000 5.943923 0.150000 2.886134 0.030000 2.813992 0.030000 1.816570 0.030000 2.005404 0.030000 6.638780 0.030000 6.871851 0.030000 4.982514 0.030000 4.911848 0.030000
5.220586 0.030000 5.457727 0.030000 3.040474 0.150000 2.785021 0.030000 1.785077 0.030000 2.099340 0.030000 6.445815 0.150000 6.836182 0.030000 4.956691 0.030000 4.938522 0.030000
5.227414 0.030000 5.418850 0.030000 2.887825 0.030000 2.706447 0.030000 1.816355 0.030000 2.056496 0.030000 6.647098 0.030000 7.096251 0.150000 5.044100 0.030000 4.943285 0.030000
5.333993 0.150000 5.364204 0.030000 2.894169 0.030000 2.759002 0.030000 1.770125 0.030000 1.961225 0.030000 6.664212 0.030000 6.821612 0.030000 4.992845 0.030000 4.944911 0.150000
5.135660 0.030000 5.325546 0.030000 2.909169 0.030000 2.816307 0.030000 1.867281 0.150000 1.932788 0.030000 6.581371 0.030000 6.753455 0.030000 5.091804 0.030000 4.919759 0.030000
5.084233 0.030000 5.322674 0.030000 2.963590 0.030000 2.813209 0.030000 1.723258 0.030000 1.956579 0.030000 6.583605 0.030000 6.777462 0.030000 5.006475 0.030000 4.976017 0.030000
5.094293 0.030000 5.280067 0.030000 2.942278 0.030000 2.924394 0.150000 1.632922 0.030000 1.932029 0.030000 6.563908 0.030000 6.707619 0.030000 5.968200 0.150000 5.037296 0.030000
5.009100 0.030000 5.246139 0.030000 2.962567 0.030000 2.853508 0.030000 1.724511 0.030000 1.850733 0.030000 6.465987 0.030000 6.665627 0.030000 5.058666 0.030000 5.026274 0.030000
5.054727 0.030000 5.210389 0.030000 2.996847 0.030000 2.867501 0.030000 1.633955 0.030000 1.896581 0.030000 6.475762 0.030000 6.630349 0.030000 5.066970 0.030000 4.982204 0.030000
5.016167 0.030000 5.188728 0.030000 3.955035 0.150000 2.880894 0.030000 1.537851 0.030000 1.832159 0.030000 6.462220 0.030000 6.633771 0.030000 5.241620 0.150000 4.997644 0.030000
4.992280 0.030000 5.176882 0.030000 3.083352 0.030000 3.481830 0.150000 1.548939 0.030000 1.803319 0.030000 6.476372 0.030000 6.683121 0.030000 5.106102 0.030000 5.051398 0.030000
4.935926 0.030000 5.141459 0.030000 3.031108 0.030000 2.912288 0.030000 1.559523 0.030000 1.776819 0.030000 6.430834 0.030000 6.595645 0.030000 5.109158 0.030000 5.021025 0.030000
4.876100 0.030000 5.188312 0.030000 3.066688 0.030000 2.987853 0.150000 1.463359 0.030000 1.710218 0.030000 6.468519 0.030000 6.577154 0.030000 5.123975 0.030000 5.012909 0.030000
4.925362 0.030000 5.118974 0.030000 3.076171 0.030000 2.867958 0.030000 1.507286 0.030000 1.731808 0.030000 6.385923 0.030000 6.569200 0.030000 5.172272 0.030000 5.049605 0.030000
4.854170 0.030000 5.050130 0.030000 3.074355 0.030000 2.930827 0.030000 1.470476 0.030000 1.789676 0.150000 6.386786 0.030000 6.551622 0.030000 5.136498 0.030000 5.053088 0.030000
4.966566 0.150000 5.120295 0.030000 3.102589 0.030000 3.010194 0.030000 1.424233 0.030000 1.649352 0.030000 6.400888 0.030000 6.502118 0.030000 5.122260 0.030000 5.052109 0.030000
4.770540 0.030000 5.070980 0.030000 3.137769 0.030000 2.951811 0.030000 1.411792 0.030000 1.665000 0.030000 6.293627 0.030000 6.696069 0.150000 5.155142 0.030000 5.047106 0.030000
4.795445 0.030000 5.056671 0.030000 3.184291 0.030000 3.018616 0.030000 1.750740 0.150000 1.624239 0.030000 6.368872 0.030000 6.480700 0.030000 5.216091 0.030000 5.061214 0.030000
4.797444 0.030000 5.019668 0.030000 3.153408 0.030000 2.959131 0.030000 1.387852 0.030000 1.576701 0.030000 6.299669 0.030000 6.476432 0.030000 5.349369 0.150000 5.092028 0.030000
4.761034 0.030000 4.972448 0.030000 3.115013 0.030000 3.023965 0.030000 1.390434 0.030000 1.548762 0.030000 6.244581 0.030000 6.422019 0.030000 5.202968 0.030000 5.100045 0.030000
4.701671 0.030000 4.930294 0.030000 3.241728 0.030000 3.117412 0.030000 1.381610 0.030000 1.577009 0.030000 6.279393 0.030000 6.412836 0.030000 5.176000 0.030000 5.139535 0.030000
4.644835 0.030000 4.940654 0.030000 3.204927 0.150000 3.118702 0.030000 1.409203 0.030000 1.519032 0.030000 6.211526 0.030000 6.424859 0.030000 5.199140 0.030000 5.201721 0.030000
4.628579 0.030000 4.886764 0.030000 3.264843 0.030000 3.108675 0.030000 1.326789 0.030000 1.509733 0.030000 6.209695 0.030000 6.401945 0.030000 5.791971 0.150000 5.061820 0.030000
4.646033 0.030000 4.835864 0.030000 3.247135 0.030000 3.118467 0.030000 1.292605 0.030000 1.452304 0.030000 6.169690 0.030000 6.409422 0.030000 5.218709 0.030000 5.120377 0.030000
4.626424 0.030000 4.823213 0.030000 3.301861 0.030000 3.146976 0.030000 1.315885 0.030000 1.414771 0.030000 6.192836 0.030000 6.340703 0.030000 5.225681 0.030000 5.156969 0.030000
4.592334 0.030000 4.800605 0.030000 3.622683 0.150000 3.152479 0.030000 1.282478 0.030000 1.447898 0.030000 6.140198 0.030000 6.312468 0.030000 5.259820 0.030000 5.210954 0.030000
4.994250 0.150000 4.817932 0.030000 3.267270 0.030000 3.170113 0.030000 1.225754 0.030000 1.394201 0.030000 6.108294 0.030000 6.321876 0.030000 5.277904 0.030000 5.172913 0.030000
4.579063 0.030000 4.746757 0.030000 3.375247 0.030000 3.873965 0.150000 1.284332 0.150000 1.398675 0.030000 6.136871 0.030000 6.311077 0.030000 5.325445 0.030000 5.158663 0.030000
4.536132 0.030000 4.686996 0.030000 3.382958 0.030000 3.217385 0.030000 1.163725 0.030000 1.361080 0.030000 6.191505 0.030000 6.265719 0.030000 5.311795 0.030000 5.186343 0.030000
5.206402 0.150000 4.658223 0.030000 3.393248 0.030000 3.186624 0.030000 1.145273 0.030000 1.343978 0.030000 6.097552 0.030000 6.282880 0.030000 5.348910 0.030000 5.212577 0.030000
4.492106 0.030000 4.699062 0.030000 3.423074 0.030000 3.220462 0.030000 1.185911 0.030000 1.375257 0.030000 6.061463 0.030000 6.263783 0.030000 5.335908 0.030000 5.203373 0.030000
4.778040 0.150000 4.987398 0.150000 3.447179 0.030000 3.215222 0.030000 1.149580 0.030000 1.270436 0.030000 6.014521 0.030000 6.217017 0.030000 5.356767 0.030000 5.250710 0.030000
4.429948 0.030000 4.689204 0.030000 3.448530 0.030000 3.322341 0.030000 1.138509 0.030000 1.287110 0.030000 6.004727 0.030000 6.205897 0.030000 5.339330 0.030000 5.281186 0.030000
4.430735 0.030000 4.619617 0.030000 3.493948 0.030000 3.234791 0.030000 1.357197 0.150000 1.242200 0.030000 6.043216 0.030000 6.215316 0.030000 5.346322 0.030000 5.204913 0.030000
4.360386 0.030000 4.594722 0.030000 3.495318 0.030000 3.349310 0.030000 1.078800 0.030000 1.212095 0.030000 5.928439 0.030000 6.183650 0.030000 5.359391 0.150000 5.256956 0.030000
4.379807 0.030000 4.561316 0.030000 3.485028 0.030000 3.556318 0.150000 1.079911 0.030000 1.202861 0.030000 5.953688 0.030000 6.174009 0.030000 5.360709 0.030000 5.274257 0.030000
4.305186 0.030000 4.550525 0.030000 3.583330 0.030000 3.390234 0.030000 1.064575 0.030000 1.163618 0.030000 5.982092 0.030000 6.104947 0.030000 5.443504 0.030000 5.299958 0.030000
4.321112 0.030000 4.496383 0.030000 3.997292 0.150000 3.290180 0.030000 1.034993 0.030000 1.165385 0.030000 5.890078 0.030000 6.120479 0.030000 5.587610 0.150000 5.352655 0.030000
4.243881 0.030000 4.461905 0.030000 3.587478 0.030000 3.428941 0.030000 1.087082 0.030000 1.189484 0.030000 5.912406 0.030000 6.086669 0.030000 5.652672 0.150000 5.287638 0.030000
4.274225 0.030000 4.487951 0.030000 3.625686 0.030000 3.472973 0.030000 0.989683 0.030000 1.081233 0.030000 5.930752 0.030000 6.034196 0.030000 5.448722 0.030000 5.357121 0.030000
4.238503 0.030000 4.371672 0.030000 3.986446 0.150000 3.409838 0.030000 0.969809 0.030000 1.156038 0.030000 5.854091 0.030000 6.025585 0.030000 5.444701 0.030000 5.312917 0.030000
4.198821 0.030000 4.392267 0.030000 3.625367 0.030000 3.480724 0.030000 1.251156 0.150000 1.077205 0.030000 5.860047 0.030000 6.085472 0.030000 5.477280 0.030000 5.381958 0.030000
4.131683 0.030000 4.379177 0.030000 3.654596 0.030000 3.471100 0.030000 0.942292 0.030000 1.089812 0.030000 5.868356 0.030000 5.967449 0.030000 5.344981 0.150000 5.359666 0.030000
4.211107 0.030000 4.335806 0.030000 3.698949 0.030000 3.479526 0.030000 0.939465 0.030000 1.123861 0.030000 5.769853 0.030000 6.196962 0.150000 5.501000 0.030000 6.146774 0.150000
4.115766 0.030000 4.349867 0.030000 3.747953 0.030000 3.557169 0.030000 0.952754 0.030000 1.035503 0.030000 5.772432 0.030000 5.997633 0.030000 5.467911 0.030000 5.355973 0.030000
4.146981 0.030000 4.304165 0.030000 3.725162 0.030000 3.544551 0.030000 0.959880 0.030000 1.039695 0.030000 5.801906 0.030000 5.903515 0.030000 5.473132 0.030000 5.348317 0.030000
4.095722 0.030000 4.237989 0.030000 3.768125 0.030000 3.600093 0.030000 0.998346 0.030000 1.095332 0.030000 5.747860 0.030000 5.942479 0.030000 5.509837 0.030000 5.425939 0.030000
4.073890 0.030000 4.259863 0.030000 3.784185 0.030000 3.546840 0.030000 0.927756 0.030000 1.032163 0.030000 5.771343 0.030000 5.941273 0.030000 5.571055 0.030000 5.475429 0.030000
4.051872 0.030000 4.223021 0.030000 3.793797 0.030000 3.621361 0.030000 1.161379 0.150000 0.937843 0.150000 6.148258 0.150000 5.837532 0.030000 5.595778 0.030000 5.448808 0.030000
4.298006 0.150000 4.249086 0.030000 3.868565 0.030000 3.595144 0.030000 1.004368 0.030000 1.020356 0.030000 5.711653 0.030000 5.918583 0.030000 5.626771 0.030000 5.449099 0.030000
3.989490 0.030000 4.193656 0.030000 3.850281 0.030000 3.643290 0.030000 0.966325 0.030000 0.999142 0.030000 5.714160 0.030000 5.861176 0.030000 5.618297 0.030000 5.473540 0.030000
3.954872 0.030000 4.134646 0.030000 3.871607 0.030000 3.722450 0.030000 0.951436 0.030000 0.948270 0.030000 5.742431 0.030000 5.894478 0.030000 5.634016 0.030000 5.522647 0.030000
3.926439 0.030000 4.147743 0.030000 3.851869 0.030000 3.718648 0.030000 0.948430 0.030000 0.922018 0.030000 5.651403 0.030000 5.811669 0.030000 5.634098 0.030000 5.491059 0.030000
3.900595 0.030000 4.155956 0.030000 3.929826 0.030000 3.733285 0.030000 0.904622 0.030000 0.957110 0.030000 5.623720 0.030000 5.839793 0.030000 5.647096 0.030000 6.380597 0.150000
3.908701 0.030000 4.136752 0.030000 3.903723 0.030000 3.776836 0.030000 0.986095 0.030000 0.968175 0.030000 5.641318 0.030000 5.765875 0.030000 5.700542 0.030000 5.563997 0.030000
3.851271 0.030000 4.061373 0.030000 3.951968 0.030000 3.757281 0.030000 0.926636 0.030000 0.984861 0.030000 5.833266 0.150000 5.789290 0.030000 5.697400 0.030000 5.518282 0.030000
3.863082 0.030000 4.086716 0.030000 3.988966 0.030000 3.818583 0.030000 0.937251 0.030000 0.863640 0.030000 5.769150 0.150000 5.741639 0.030000 5.688810 0.030000 5.575775 0.030000
3.892407 0.030000 4.016684 0.030000 4.059496 0.030000 3.850213 0.030000 0.960289 0.030000 0.885155 0.030000 5.637800 0.030000 5.712779 0.030000 5.748331 0.030000 5.568825 0.030000
3.831748 0.030000 4.007950 0.030000 4.024443 0.030000 3.838468 0.030000 0.897187 0.030000 0.939024 0.030000 5.582081 0.030000 5.788542 0.030000 5.751237 0.030000 5.677233 0.030000
4.214940 0.150000 3.937690 0.030000 4.084313 0.030000 3.885909 0.030000 0.985129 0.030000 0.958331 0.030000 5.570539 0.030000 5.706792 0.030000 5.744386 0.030000 5.672021 0.030000
3.788525 0.030000 3.926993 0.030000 4.150418 0.030000 3.869754 0.030000 0.963692 0.030000 0.928427 0.030000 5.543911 0.030000 5.665929 0.030000 5.776774 0.030000 5.627558 0.030000
3.782080 0.030000 3.928232 0.030000 4.104748 0.030000 3.953171 0.030000 1.003999 0.030000 1.085168 0.150000 6.801201 0.150000 5.641341 0.030000 5.736055 0.030000 5.640230 0.030000
3.710355 0.030000 3.920757 0.030000 4.106984 0.030000 3.878966 0.030000 0.972099 0.030000 0.932766 0.030000 5.482852 0.030000 5.602915 0.030000 5.776461 0.030000 5.636195 0.030000
3.719702 0.030000 3.850692 0.030000 4.139989 0.030000 3.982275 0.030000 0.943947 0.030000 0.904020 0.030000 5.499189 0.030000 5.647563 0.030000 5.776116 0.030000 5.632717 0.030000
3.696328 0.030000 3.856378 0.030000 4.180365 0.030000 4.177736 0.150000 1.011192 0.030000 1.127900 0.150000 5.441206 0.030000 5.637966 0.030000 5.790186 0.030000 5.759240 0.150000
3.672845 0.030000 3.884288 0.030000 4.198705 0.030000 4.012842 0.030000 1.068029 0.030000 1.326876 0.150000 5.487865 0.030000 5.647976 0.030000 6.118485 0.150000 5.693549 0.030000
3.681768 0.030000 3.766967 0.030000 4.217352 0.030000 4.023310 0.030000 2.202213 0.150000 1.002242 0.030000 5.466846 0.030000 5.604010 0.030000 5.859178 0.030000 5.722279 0.030000
3.569825 0.030000 4.539984 0.150000 4.315542 0.030000 4.094043 0.030000 1.072434 0.150000 1.058499 0.150000 5.788869 0.150000 5.563990 0.030000 5.881390 0.030000 5.727394 0.030000
3.825934 0.150000 3.761530 0.030000 4.276596 0.030000 4.098487 0.030000 1.050532 0.030000 0.965920 0.030000 5.553489 0.150000 5.577480 0.030000 5.933900 0.030000 5.737041 0.030000
3.658257 0.030000 5.320090 0.150000 4.312145 0.030000 4.092971 0.030000 1.052851 0.030000 0.958038 0.030000 5.392394 0.030000 5.539302 0.030000 5.921346 0.030000 5.762549 0.030000
3.595475 0.030000 3.766176 0.030000 4.350461 0.030000 4.175843 0.150000 1.067566 0.030000 0.953466 0.030000 5.370620 0.030000 5.518773 0.030000 6.863090 0.150000 5.814752 0.030000
3.771343 0.150000 3.766274 0.030000 4.348053 0.030000 4.177191 0.030000 1.046571 0.030000 0.958297 0.030000 5.375253 0.030000 5.537797 0.030000 5.935970 0.030000 5.816731 0.030000
3.520010 0.030000 3.672445 0.030000 4.354382 0.030000 4.159366 0.030000 1.058808 0.030000 1.019701 0.030000 5.366788 0.030000 5.438412 0.030000 5.972743 0.030000 5.802915 0.030000
3.456289 0.030000 3.683485 0.030000 4.453214 0.030000 4.221948 0.030000 1.114182 0.030000 0.977071 0.030000 5.321922 0.030000 5.482792 0.030000 5.980463 0.030000 5.825458 0.030000
3.489549 0.030000 3.648579 0.030000 4.461036 0.030000 4.244978 0.030000 1.176814 0.030000 1.001573 0.030000 5.289336 0.030000 5.468539 0.030000 6.073742 0.030000 5.829568 0.030000
3.451038 0.030000 3.648380 0.030000 4.464745 0.030000 4.189898 0.030000 1.150226 0.030000 1.040285 0.030000 5.331845 0.030000 5.476729 0.030000 5.970619 0.030000 5.853692 0.030000
3.419450 0.030000 3.595286 0.030000 4.490721 0.030000 4.235551 0.030000 1.144677 0.030000 1.008689 0.030000 5.346699 0.030000 5.453442 0.030000 5.967282 0.150000 5.869375 0.030000
3.427410 0.030000 3.557478 0.150000 4.512998 0.030000 4.289874 0.030000 1.166263 0.030000 1.064422 0.030000 5.284998 0.030000 5.405464 0.030000 6.047802 0.030000 5.900671 0.030000
3.431907 0.030000 3.509834 0.030000 4.508420 0.030000 4.325998 0.030000 1.190130 0.030000 1.004285 0.030000 5.295572 0.030000 5.430457 0.150000 6.078447 0.030000 5.921228 0.030000
3.352294 0.030000 3.570110 0.030000 4.590845 0.030000 4.434933 0.030000 1.193671 0.030000 1.086312 0.030000 5.263167 0.030000 5.414298 0.030000 6.266942 0.150000 5.973205 0.030000
3.346291 0.030000 3.541150 0.030000 4.600697 0.030000 4.336869 0.030000 1.231545 0.030000 1.148145 0.030000 5.285355 0.030000 5.380072 0.030000 6.156944 0.030000 5.954494 0.030000
3.351454 0.030000 3.496535 0.030000 4.573059 0.030000 4.358663 0.030000 1.432466 0.150000 1.085428 0.030000 5.915668 0.150000 5.386907 0.030000 6.306839 0.150000 6.142243 0.150000
3.275909 0.030000 3.544920 0.030000 4.627511 0.030000 4.419664 0.030000 1.262255 0.030000 1.085854 0.030000 5.234738 0.030000 5.476384 0.150000 6.143071 0.030000 5.947329 0.150000
3.312643 0.030000 3.388511 0.150000 4.706286 0.030000 4.454424 0.030000 1.430150 0.150000 1.137556 0.030000 5.266150 0.030000 5.328995 0.030000 6.179064 0.030000 6.237737 0.150000
3.301989 0.030000 3.625327 0.150000 4.728177 0.030000 4.441893 0.030000 1.300928 0.030000 1.139536 0.030000 6.612501 0.150000 5.375028 0.030000 6.184486 0.030000 6.010100 0.030000
3.351848 0.150000 3.493202 0.030000 4.651591 0.030000 4.470576 0.030000 1.350661 0.030000 1.118249 0.030000 5.295215 0.150000 5.284502 0.030000 6.197127 0.030000 6.044140 0.030000
3.287094 0.030000 3.379518 0.030000 4.734075 0.030000 4.479485 0.030000 2.260468 0.150000 1.210910 0.030000 5.159420 0.030000 5.311328 0.030000 6.236749 0.030000 6.049140 0.030000
3.277995 0.030000 3.968026 0.150000 4.764321 0.030000 4.545758 0.030000 1.366783 0.030000 1.186193 0.030000 5.181026 0.030000 5.299128 0.030000 6.203103 0.030000 6.049566 0.030000
3.273847 0.030000 3.347682 0.030000 4.807562 0.030000 4.601753 0.030000 1.456060 0.030000 1.165275 0.030000 5.173039 0.150000 5.258678 0.030000 6.300470 0.030000 6.135341 0.030000
3.171735 0.030000 3.370828 0.030000 4.844322 0.030000 4.575604 0.030000 1.459029 0.030000 1.243399 0.030000 5.186883 0.030000 5.259487 0.030000 6.289709 0.030000 6.140416 0.030000
3.151027 0.030000 3.357011 0.030000 4.809116 0.030000 4.541514 0.030000 1.494980 0.030000 1.229089 0.030000 5.109383 0.030000 5.224013 0.030000 6.324956 0.030000 6.769456 0.150000
3.194141 0.030000 3.340319 0.030000 5.193404 0.150000 4.624909 0.030000 1.583397 0.150000 1.266525 0.030000 5.100643 0.030000 5.198906 0.030000 6.278398 0.030000 6.172463 0.030000
3.134223 0.030000 3.283672 0.030000 4.894446 0.030000 4.626989 0.030000 1.470807 0.030000 1.336469 0.030000 5.157931 0.030000 5.191530 0.030000 6.339517 0.030000 6.170827 0.030000
3.096690 0.030000 3.231013 0.030000 4.903340 0.030000 4.733948 0.030000 1.518938 0.030000 1.360633 0.030000 5.171303 0.030000 5.266733 0.030000 6.345368 0.030000 6.250658 0.030000
3.110642 0.030000 3.246227 0.030000 4.973756 0.030000 4.700892 0.030000 1.575072 0.030000 1.358033 0.030000 5.081602 0.030000 5.228664 0.030000 6.357839 0.030000 6.171177 0.030000
3.057627 0.030000 3.223775 0.030000 4.987488 0.030000 4.756490 0.030000 1.568785 0.030000 1.433327 0.030000 5.037780 0.030000 5.188034 0.030000 6.387549 0.030000 6.272474 0.030000
3.085283 0.030000 3.249819 0.030000 5.022034 0.030000 4.776885 0.030000 1.788053 0.150000 1.520478 0.150000 5.066324 0.030000 5.172276 0.030000 6.400377 0.030000 6.309725 0.030000
3.941232 0.150000 3.254353 0.030000 5.084302 0.030000 4.776307 0.030000 1.662868 0.030000 1.406009 0.030000 5.042411 0.030000 5.134767 0.030000 6.453499 0.030000 6.656248 0.150000
3.053388 0.150000 3.187633 0.030000 4.675733 0.150000 4.812401 0.030000 1.670884 0.030000 1.849564 0.150000 5.014903 0.030000 5.123352 0.030000 6.406302 0.030000 6.300729 0.030000
3.107608 0.030000 3.177433 0.150000 5.053292 0.030000 4.838151 0.030000 1.700158 0.030000 1.470902 0.030000 5.068687 0.030000 5.139677 0.030000 6.487651 0.030000 6.327250 0.030000
3.016694 0.030000 3.138708 0.030000 5.682679 0.150000 4.902001 0.030000 1.697453 0.030000 1.474842 0.030000 5.073398 0.030000 5.123363 0.030000 6.504684 0.030000 6.339062 0.030000
3.056670 0.030000 3.103865 0.030000 5.107864 0.030000 4.891551 0.030000 1.705909 0.030000 1.516345 0.030000 5.026842 0.030000 5.107212 0.030000 6.562249 0.030000 6.345478 0.030000
3.017228 0.030000 3.134487 0.030000 5.173210 0.030000 4.915635 0.030000 2.016231 0.150000 1.514514 0.030000 5.384492 0.150000 5.113482 0.030000 6.710879 0.150000 6.356839 0.030000
2.940918 0.030000 2.961628 0.150000 5.371434 0.150000 4.963019 0.030000 1.747203 0.030000 1.564255 0.030000 4.998519 0.030000 5.100477 0.030000 6.553554 0.030000 6.360226 0.030000
2.984274 0.030000 3.093962 0.030000 5.204394 0.030000 5.022870 0.030000 1.833264 0.150000 1.549500 0.030000 5.051062 0.030000 5.078251 0.030000 6.630609 0.030000 6.453581 0.030000
2.938897 0.030000 3.076949 0.030000 5.183722 0.030000 4.940429 0.030000 1.834454 0.030000 1.542798 0.030000 5.014070 0.030000 5.129259 0.030000 7.032348 0.150000 6.408957 0.030000
2.908243 0.030000 3.043112 0.030000 5.234982 0.030000 5.031037 0.030000 1.780955 0.030000 1.656625 0.030000 4.966422 0.030000 5.113627 0.030000 6.636199 0.030000 6.435147 0.030000
2.973168 0.030000 3.089152 0.030000 5.274000 0.030000 5.047900 0.030000 1.828261 0.030000 1.637202 0.030000 4.974153 0.030000 5.102275 0.030000 6.640769 0.030000 6.473545 0.030000
2.937217 0.030000 3.017328 0.030000 5.347645 0.030000 5.090988 0.030000 1.877126 0.030000 1.605287 0.030000 4.984922 0.030000 5.010966 0.030000 6.649620 0.030000 6.493822 0.030000
2.920120 0.030000 3.017325 0.030000 5.290788 0.030000 5.248415 0.150000 1.938837 0.030000 1.654385 0.030000 4.976038 0.030000 5.064566 0.030000 6.663189 0.030000 6.539600 0.030000
2.927734 0.030000 2.967227 0.030000 5.338386 0.030000 5.105572 0.030000 1.860190 0.030000 1.710847 0.030000 4.982943 0.030000 5.120320 0.030000 6.703190 0.030000 6.490790 0.030000
2.850751 0.030000 3.004443 0.030000 5.367722 0.030000 5.075641 0.150000 1.895907 0.030000 1.649570 0.030000 4.950496 0.030000 5.233171 0.150000 6.721551 0.030000 6.458918 0.030000
2.853262 0.030000 3.049012 0.030000 5.380612 0.030000 5.139728 0.030000 1.933684 0.030000 1.737900 0.030000 4.949859 0.030000 4.940376 0.030000 6.760454 0.030000 6.522359 0.030000
2.885259 0.030000 2.985281 0.030000 5.394577 0.030000 5.133536 0.030000 2.506983 0.150000 1.740932 0.030000 4.904281 0.030000 5.017963 0.030000 6.682011 0.030000 6.571403 0.030000
2.895637 0.030000 2.922113 0.030000 5.399693 0.030000 5.160651 0.030000 1.994522 0.030000 2.404787 0.150000 4.942623 0.030000 4.985660 0.030000 6.676681 0.030000 6.606587 0.030000
2.861892 0.030000 2.948060 0.030000 5.433336 0.030000 5.214467 0.030000 2.009092 0.030000 1.789299 0.030000 4.923323 0.030000 4.976843 0.030000 6.758568 0.030000 6.591034 0.030000
2.797507 0.030000 2.933005 0.030000 5.457882 0.030000 5.237935 0.030000 1.971951 0.030000 1.811811 0.030000 4.954471 0.030000 4.961288 0.030000 7.076664 0.150000 6.562482 0.030000
2.834358 0.030000 2.901393 0.030000 5.503762 0.030000 5.174677 0.030000 2.043807 0.030000 1.844706 0.030000 4.906777 0.030000 4.989049 0.030000 6.779770 0.030000 6.559803 0.030000
3.124693 0.150000 2.929613 0.030000 5.489482 0.030000 5.242648 0.030000 2.081899 0.030000 1.869823 0.030000 4.895398 0.030000 5.019046 0.030000 6.796703 0.030000 6.605593 0.030000
2.825575 0.030000 2.911152 0.030000 5.519976 0.030000 5.265495 0.030000 2.039625 0.030000 1.823801 0.030000 4.906942 0.030000 4.978096 0.030000 6.811403 0.030000 6.610400 0.030000
2.775389 0.150000 2.903817 0.030000 5.501406 0.030000 5.270188 0.030000 2.515391 0.150000 1.906045 0.030000 5.171893 0.150000 4.960466 0.030000 6.815048 0.030000 6.658883 0.030000
2.826380 0.030000 2.929041 0.030000 5.522799 0.030000 5.262584 0.030000 2.004840 0.030000 1.866023 0.030000 4.877673 0.030000 4.987217 0.030000 6.829436 0.030000 6.641856 0.030000
2.785868 0.030000 2.928655 0.030000 5.543938 0.030000 5.354157 0.030000 2.099314 0.030000 1.881143 0.030000 4.941202 0.030000 5.167961 0.150000 6.864694 0.030000 6.637647 0.030000
2.822073 0.030000 2.927234 0.030000 5.517360 0.030000 5.277431 0.030000 2.148193 0.030000 1.911187 0.030000 4.906569 0.030000 4.996150 0.030000 6.840166 0.030000 7.102257 0.150000
2.794750 0.030000 2.866071 0.030000 5.587220 0.030000 5.368189 0.030000 2.091538 0.030000 1.944247 0.150000 4.876716 0.030000 6.224245 0.150000 6.860940 0.030000 6.635699 0.030000
2.801713 0.030000 2.888426 0.030000 5.586635 0.030000 5.334481 0.030000 2.120694 0.030000 2.267779 0.150000 4.887254 0.030000 4.946594 0.030000 6.809168 0.030000 6.683438 0.030000
2.794372 0.030000 2.903049 0.030000 5.595948 0.030000 5.668904 0.150000 2.128452 0.030000 2.187699 0.150000 4.935510 0.030000 4.897849 0.030000 6.791115 0.150000 6.719912 0.030000
2.776831 0.030000 3.075938 0.150000 5.564625 0.030000 5.381694 0.030000 2.192413 0.030000 1.953096 0.030000 4.902190 0.030000 4.909224 0.030000 6.808436 0.030000 6.700486 0.030000
2.763606 0.030000 2.884224 0.030000 5.613985 0.030000 5.373376 0.030000 2.197333 0.030000 1.938442 0.030000 4.869187 0.030000 4.882549 0.030000 6.888042 0.030000 6.748659 0.030000
2.687144 0.030000 2.847471 0.030000 5.616150 0.030000 5.414166 0.030000 2.235361 0.030000 2.218728 0.150000 5.123953 0.150000 4.962445 0.030000 6.916775 0.030000 6.737934 0.030000
2.775233 0.030000 2.860744 0.030000 5.597016 0.030000 6.174397 0.150000 2.200679 0.030000 2.040439 0.030000 4.893843 0.030000 4.947151 0.030000 6.955897 0.030000 6.737459 0.030000
2.736010 0.030000 2.809260 0.030000 5.671839 0.030000 5.347149 0.030000 2.405897 0.150000 1.996412 0.030000 5.500222 0.150000 4.966250 0.030000 6.882938 0.030000 6.748750 0.030000
2.811368 0.030000 2.858760 0.030000 5.680053 0.030000 5.407209 0.030000 2.254147 0.030000 2.024356 0.030000 4.864468 0.030000 4.891181 0.030000 6.941773 0.030000 6.754218 0.030000
2.706477 0.030000 2.866993 0.030000 5.646729 0.030000 5.420209 0.030000 2.211863 0.030000 1.964153 0.030000 4.785262 0.030000 4.874918 0.030000 6.925201 0.030000 6.752757 0.030000
2.736787 0.030000 2.839967 0.030000 5.674539 0.030000 5.458610 0.030000 2.224916 0.030000 2.000815 0.030000 4.887992 0.030000 4.867361 0.030000 6.928099 0.030000 6.766286 0.030000
2.972097 0.150000 2.783242 0.030000 5.846850 0.150000 6.280242 0.150000 2.275898 0.030000 2.016169 0.030000 4.867101 0.030000 4.987835 0.030000 6.952322 0.030000 6.744727 0.030000
2.768572 0.030000 2.802513 0.030000 5.688628 0.030000 5.426007 0.030000 2.308171 0.030000 2.106289 0.030000 4.826387 0.030000 4.898742 0.030000 6.962601 0.030000 7.079851 0.150000
2.720427 0.030000 2.827083 0.030000 5.698657 0.030000 5.404663 0.030000 2.274600 0.030000 2.062794 0.030000 4.837751 0.030000 4.985094 0.030000 6.939646 0.030000 6.987202 0.150000
2.822039 0.030000 2.808685 0.030000 5.743042 0.030000 5.454267 0.030000 2.274094 0.030000 2.033331 0.030000 4.889815 0.030000 4.875554 0.030000 6.969805 0.030000 6.764980 0.030000
2.732207 0.030000 2.843651 0.030000 5.670170 0.030000 5.402858 0.030000 2.233135 0.150000 2.061774 0.030000 4.889939 0.030000 4.915870 0.030000 6.944716 0.030000 6.818606 0.030000
2.758593 0.030000 2.801773 0.030000 5.714318 0.030000 5.515247 0.030000 2.259931 0.030000 2.012419 0.030000 4.890120 0.030000 4.919301 0.030000 6.980481 0.030000 6.798670 0.030000
2.783268 0.030000 2.829146 0.030000 5.673420 0.030000 5.490648 0.030000 2.315556 0.030000 2.065155 0.030000 4.896986 0.030000 4.938815 0.030000 6.963373 0.030000 6.790000 0.030000
2.736163 0.030000 2.756068 0.150000 5.724310 0.030000 5.473202 0.030000 2.264389 0.030000 2.083001 0.030000 4.829709 0.030000 4.949959 0.030000 6.918414 0.030000 6.775715 0.030000
2.814276 0.030000 2.750165 0.030000 5.706629 0.030000 5.449484 0.030000 2.284725 0.030000 2.073671 0.030000 4.772928 0.030000 4.954696 0.030000 6.930886 0.030000 6.780937 0.030000
2.844258 0.150000 3.234810 0.150000 5.753227 0.030000 5.491916 0.030000 2.290512 0.030000 2.086142 0.030000 4.744976 0.030000 4.911616 0.030000 7.029332 0.030000 6.817218 0.030000
2.817232 0.030000 2.717755 0.030000 5.753045 0.030000 5.480283 0.030000 2.318791 0.030000 2.145338 0.030000 4.776219 0.030000 4.939038 0.030000 6.908217 0.030000 6.819697 0.030000
2.731929 0.030000 2.743494 0.030000 5.793472 0.030000 5.525140 0.030000 2.934722 0.150000 2.146703 0.030000 5.746480 0.150000 4.907491 0.030000 7.030269 0.030000 6.914183 0.030000
2.812855 0.030000 2.722814 0.030000 5.798590 0.030000 5.599995 0.030000 2.326515 0.030000 2.109657 0.030000 5.086912 0.150000 4.939681 0.030000 6.992197 0.030000 6.902192 0.030000
2.802172 0.030000 2.788969 0.030000 5.795451 0.030000 5.566662 0.030000 2.319966 0.030000 2.106603 0.030000 4.753102 0.030000 4.927908 0.030000 7.385603 0.150000 6.922614 0.030000
2.845983 0.030000 2.720180 0.030000 5.866342 0.030000 5.651305 0.030000 2.343789 0.030000 2.183487 0.030000 4.712940 0.030000 4.898736 0.030000 6.936760 0.030000 6.863517 0.030000
2.800274 0.030000 2.818544 0.150000 5.812211 0.030000 5.555331 0.030000 2.301624 0.030000 2.162679 0.030000 4.898062 0.150000 4.865802 0.150000 6.965107 0.030000 6.865089 0.030000
2.886419 0.030000 3.111126 0.150000 5.828421 0.030000 5.568008 0.030000 2.345978 0.030000 2.225168 0.030000 4.741192 0.030000 4.928431 0.030000 6.918867 0.030000 6.939855 0.030000
2.873064 0.030000 2.688510 0.030000 5.849679 0.030000 5.649436 0.030000 2.330492 0.030000 2.266438 0.030000 4.696958 0.030000 4.848755 0.030000 6.935272 0.030000 6.987942 0.030000
2.713450 0.150000 2.728903 0.030000 5.873440 0.030000 6.397575 0.150000 2.312405 0.030000 2.284975 0.030000 4.629270 0.030000 4.824122 0.030000 6.923404 0.030000 6.893541 0.030000
2.930148 0.030000 2.706320 0.030000 5.924369 0.030000 5.744120 0.030000 2.342398 0.030000 2.200421 0.030000 4.616788 0.030000 4.846427 0.030000 6.895122 0.030000 6.960104 0.030000
2.898542 0.030000 2.748403 0.030000 5.918094 0.030000 5.690703 0.030000 2.325017 0.030000 2.284076 0.030000 4.593185 0.030000 4.817202 0.030000 6.880429 0.030000 6.995812 0.030000
2.917058 0.030000 2.827666 0.030000 5.935104 0.030000 5.773930 0.030000 2.304635 0.030000 2.275624 0.030000 4.559549 0.030000 4.828553 0.030000 6.962360 0.030000 6.965254 0.030000
2.967586 0.030000 2.810534 0.030000 5.949828 0.030000 5.783065 0.030000 2.316800 0.030000 2.777698 0.150000 4.520489 0.030000 4.772461 0.030000 6.853773 0.030000 6.914648 0.030000
3.006950 0.030000 2.768540 0.030000 5.978235 0.030000 5.766765 0.030000 2.377992 0.030000 2.462254 0.150000 4.502064 0.030000 4.747072 0.030000 6.823425 0.030000 6.958413 0.030000
3.064103 0.030000 2.826345 0.030000 5.991552 0.030000 5.818294 0.030000 2.431881 0.150000 2.286841 0.030000 4.448082 0.030000 4.756741 0.030000 6.905629 0.030000 6.953073 0.030000
3.024302 0.030000 2.775906 0.030000 5.996770 0.030000 5.878369 0.030000 2.416180 0.150000 2.293878 0.030000 4.461650 0.030000 4.650855 0.030000 7.142876 0.150000 6.953084 0.150000
3.114361 0.030000 2.902313 0.030000 6.022241 0.030000 5.882022 0.030000 2.289209 0.030000 2.337036 0.030000 4.350719 0.030000 4.628046 0.030000 6.814998 0.030000 6.940173 0.030000
3.132666 0.030000 2.912734 0.030000 6.042114 0.030000 5.890639 0.030000 2.227507 0.030000 2.286968 0.030000 4.492001 0.150000 4.627430 0.030000 6.819458 0.030000 6.907739 0.030000
3.146786 0.030000 2.937662 0.030000 6.469028 0.150000 5.890482 0.030000 2.262649 0.030000 2.362931 0.030000 4.348339 0.030000 4.736655 0.150000 6.764251 0.030000 6.887273 0.030000
3.222915 0.030000 2.932201 0.030000 6.034309 0.030000 5.933584 0.030000 2.296259 0.030000 2.305467 0.030000 4.366460 0.030000 4.581554 0.030000 6.771750 0.030000 6.907276 0.030000
3.226711 0.030000 2.855371 0.150000 6.141363 0.030000 5.945668 0.030000 2.321080 0.030000 2.297616 0.030000 4.257628 0.030000 4.486128 0.030000 6.771937 0.030000 6.881039 0.030000
3.243868 0.030000 3.149041 0.150000 6.123022 0.030000 5.953053 0.030000 2.301451 0.030000 2.275711 0.030000 4.784491 0.150000 4.489852 0.030000 6.761690 0.030000 6.879412 0.030000
3.236000 0.030000 3.057805 0.030000 6.170352 0.030000 6.030857 0.030000 2.281148 0.030000 2.287757 0.030000 4.239364 0.030000 4.464185 0.030000 6.627640 0.150000 6.791471 0.030000
3.293286 0.030000 3.076820 0.030000 6.136020 0.030000 6.043795 0.030000 2.217603 0.030000 2.300488 0.030000 4.292006 0.150000 4.479475 0.030000 6.656714 0.030000 6.807437 0.030000
3.349172 0.030000 3.073161 0.030000 6.156796 0.030000 5.977322 0.030000 2.225148 0.030000 2.283200 0.030000 4.301086 0.150000 4.416839 0.030000 6.664563 0.030000 6.900025 0.030000
3.366462 0.030000 3.148999 0.030000 6.329032 0.150000 6.039748 0.030000 2.206646 0.150000 2.329518 0.030000 4.137279 0.030000 4.353088 0.030000 6.654039 0.030000 6.923200 0.030000
3.355266 0.030000 3.313791 0.150000 6.222686 0.030000 6.051614 0.030000 2.276975 0.030000 2.276607 0.030000 4.138232 0.030000 4.357437 0.150000 6.590863 0.030000 6.714078 0.030000
3.439081 0.030000 3.149713 0.030000 6.220580 0.030000 6.051353 0.030000 2.279456 0.030000 2.332556 0.030000 4.045898 0.030000 4.349748 0.030000 6.645873 0.150000 6.796965 0.030000
3.446895 0.030000 3.218229 0.030000 6.215999 0.030000 6.107997 0.030000 2.229261 0.030000 2.310189 0.030000 4.042984 0.030000 4.486866 0.150000 6.606623 0.030000 6.767212 0.030000
3.442401 0.030000 3.253513 0.030000 6.223814 0.030000 6.108342 0.030000 2.271883 0.030000 2.259693 0.030000 4.018871 0.030000 4.257294 0.030000 6.606368 0.030000 6.752656 0.030000
3.520877 0.030000 3.240008 0.030000 6.216575 0.030000 6.106290 0.030000 2.309734 0.030000 2.327868 0.030000 4.311535 0.150000 4.240537 0.030000 6.560901 0.030000 6.940270 0.150000
3.551091 0.030000 3.352948 0.030000 6.286881 0.030000 6.126944 0.030000 2.271371 0.030000 2.283028 0.030000 3.990720 0.030000 4.626596 0.150000 6.563345 0.030000 6.691593 0.030000
3.551184 0.030000 3.300819 0.030000 6.292778 0.030000 6.140979 0.030000 2.252321 0.030000 2.283491 0.030000 3.938704 0.030000 4.164923 0.030000 6.560164 0.030000 6.647610 0.030000
4.121948 0.150000 3.357027 0.030000 6.325812 0.030000 6.204974 0.030000 2.251615 0.030000 2.253085 0.030000 3.873439 0.030000 4.131251 0.030000 6.515797 0.030000 6.917066 0.150000
3.637170 0.030000 3.347376 0.030000 6.339195 0.030000 6.242989 0.030000 2.266685 0.030000 2.261186 0.030000 3.864927 0.030000 4.198367 0.150000 6.501614 0.030000 6.863864 0.150000
3.644316 0.030000 3.462702 0.030000 6.362315 0.030000 6.216711 0.030000 2.306363 0.030000 2.323776 0.150000 3.870757 0.030000 4.052184 0.030000 6.516058 0.030000 6.616581 0.030000
3.659154 0.030000 3.435157 0.030000 6.343120 0.030000 6.235503 0.030000 2.299716 0.030000 2.238406 0.030000 3.809842 0.030000 4.450297 0.150000 6.433737 0.030000 6.667910 0.030000
3.686889 0.030000 3.470562 0.030000 6.571441 0.150000 6.203956 0.030000 2.255713 0.030000 2.227190 0.030000 3.790074 0.030000 4.004995 0.030000 6.406417 0.030000 6.571771 0.030000
3.752332 0.030000 3.483297 0.030000 6.362426 0.030000 6.254636 0.030000 2.246785 0.030000 2.245533 0.030000 4.663944 0.150000 4.046577 0.030000 6.406703 0.030000 6.626749 0.030000
3.797412 0.030000 3.575635 0.030000 6.353684 0.030000 6.199602 0.030000 2.317428 0.030000 2.274246 0.030000 3.679027 0.030000 3.991142 0.030000 6.411067 0.030000 7.719254 0.150000
3.826495 0.030000 3.525289 0.030000 6.277895 0.150000 6.306594 0.030000 2.312495 0.030000 2.307788 0.030000 3.657790 0.030000 3.939716 0.030000 6.346100 0.030000 6.488592 0.030000
4.535390 0.150000 3.603716 0.030000 6.470132 0.030000 6.277540 0.030000 2.341889 0.030000 2.275147 0.030000 3.656726 0.030000 3.950602 0.030000 6.379368 0.030000 6.483185 0.030000
3.847636 0.030000 3.630690 0.030000 6.458889 0.030000 6.299228 0.030000 2.274906 0.030000 2.278304 0.030000 3.683022 0.030000 3.930155 0.030000 6.388272 0.030000 6.646138 0.150000
3.857927 0.030000 3.639919 0.030000 6.547389 0.030000 6.318473 0.030000 2.353315 0.030000 2.234183 0.030000 3.694700 0.030000 3.824172 0.030000 6.330204 0.030000 6.706094 0.150000
3.919929 0.030000 3.618624 0.030000 6.523659 0.030000 6.365150 0.030000 2.261014 0.030000 2.335554 0.030000 3.598050 0.030000 4.036165 0.150000 6.381907 0.150000 6.475018 0.030000
3.898785 0.030000 3.681291 0.030000 6.528384 0.030000 6.309249 0.030000 2.272210 0.030000 2.277875 0.030000 3.629035 0.030000 3.787093 0.030000 6.358969 0.030000 6.443875 0.030000
3.947743 0.030000 3.747185 0.030000 6.634343 0.150000 6.921903 0.150000 2.289275 0.030000 2.340002 0.030000 3.593088 0.030000 3.792962 0.030000 6.297828 0.030000 6.688456 0.150000
3.949193 0.030000 3.755166 0.030000 6.528918 0.030000 6.392069 0.030000 2.340854 0.030000 2.217939 0.030000 3.519321 0.030000 3.830587 0.030000 6.282924 0.030000 6.431044 0.030000
4.018981 0.030000 3.828467 0.150000 7.155726 0.150000 6.414794 0.030000 2.364436 0.030000 2.255092 0.030000 3.503098 0.030000 3.743993 0.030000 6.312685 0.030000 6.443586 0.030000
4.046679 0.030000 3.775668 0.030000 6.583519 0.030000 6.447635 0.030000 2.332444 0.030000 2.300837 0.030000 3.454481 0.030000 3.821981 0.150000 6.282307 0.030000 6.434354 0.030000
4.016096 0.030000 3.795570 0.030000 6.565586 0.030000 6.431201 0.030000 2.304634 0.030000 2.272471 0.030000 3.548448 0.030000 3.750904 0.030000 6.302806 0.030000 6.405517 0.030000
4.049878 0.030000 3.753978 0.030000 6.563289 0.030000 6.422577 0.030000 2.370846 0.030000 2.265978 0.030000 3.442638 0.030000 3.698724 0.030000 6.233459 0.030000 6.349874 0.150000
4.061428 0.150000 3.860284 0.030000 6.579477 0.030000 6.466475 0.030000 2.337766 0.030000 2.278886 0.030000 3.413350 0.030000 3.729548 0.030000 6.216181 0.030000 6.387731 0.030000
4.069023 0.030000 3.848760 0.030000 6.571372 0.030000 6.464603 0.030000 2.354191 0.030000 2.273303 0.030000 3.445169 0.030000 3.903031 0.150000 6.244570 0.030000 6.382769 0.030000
4.042100 0.030000 3.792865 0.030000 6.602337 0.030000 6.528052 0.030000 2.331363 0.030000 2.307290 0.030000 3.391050 0.030000 3.651557 0.030000 6.227667 0.030000 6.096619 0.150000
4.384521 0.150000 3.850252 0.030000 6.598975 0.030000 6.471486 0.030000 2.341824 0.030000 2.272609 0.030000 3.409521 0.030000 3.651023 0.030000 6.210310 0.030000 6.391585 0.030000
4.111675 0.030000 3.899188 0.030000 6.613951 0.030000 6.496920 0.030000 2.256121 0.150000 2.332944 0.030000 3.363103 0.030000 3.641856 0.030000 6.160820 0.030000 6.342028 0.030000
4.182255 0.030000 3.950058 0.030000 6.656427 0.030000 6.471491 0.030000 2.355433 0.030000 2.268091 0.030000 3.282549 0.030000 3.598122 0.030000 6.237325 0.030000 6.239390 0.030000
4.104682 0.030000 3.905165 0.030000 6.624505 0.030000 6.468507 0.030000 2.396932 0.030000 2.318377 0.030000 3.265884 0.030000 3.617633 0.030000 6.195556 0.030000 6.358283 0.030000
4.159297 0.030000 3.955356 0.030000 7.006380 0.150000 6.501025 0.030000 2.343322 0.030000 2.317899 0.030000 3.308392 0.030000 3.553855 0.030000 6.189963 0.030000 6.295281 0.030000
4.166317 0.030000 3.958791 0.030000 6.692368 0.030000 6.478358 0.030000 2.374077 0.030000 2.277799 0.030000 3.304059 0.030000 3.541306 0.030000 6.248139 0.150000 6.279969 0.030000
4.252245 0.030000 3.951635 0.030000 6.715489 0.030000 6.553354 0.030000 2.376001 0.030000 2.298924 0.030000 3.322392 0.030000 3.578482 0.030000 6.206513 0.030000 6.295233 0.030000
4.220510 0.030000 3.975542 0.030000 6.612994 0.030000 6.547945 0.030000 2.333397 0.030000 2.285905 0.030000 3.269198 0.030000 3.522845 0.030000 6.165052 0.030000 6.277807 0.030000
4.273092 0.030000 3.978976 0.030000 6.701212 0.030000 6.567531 0.030000 2.396908 0.030000 2.300792 0.030000 3.096913 0.150000 3.488236 0.030000 6.175815 0.030000 6.272149 0.030000
4.241165 0.030000 4.078736 0.030000 6.751126 0.030000 6.498632 0.030000 2.388924 0.030000 2.328839 0.030000 3.219423 0.030000 3.538026 0.030000 6.754627 0.150000 6.251921 0.030000
4.294886 0.030000 4.607996 0.150000 6.696194 0.030000 6.522979 0.030000 2.391742 0.030000 2.831320 0.150000 3.270118 0.030000 3.511770 0.030000 6.152722 0.030000 6.627499 0.150000
4.282043 0.030000 4.029507 0.030000 6.728535 0.030000 6.566869 0.030000 2.424501 0.030000 2.357863 0.030000 3.261385 0.030000 3.483090 0.030000 6.136912 0.030000 6.248122 0.030000
4.296752 0.030000 4.068389 0.030000 6.726627 0.030000 6.540878 0.030000 2.431178 0.030000 2.335653 0.030000 3.200847 0.030000 3.416355 0.030000 6.123052 0.030000 6.301897 0.030000
4.262665 0.030000 3.981124 0.030000 6.892293 0.150000 6.682461 0.030000 2.409259 0.030000 2.311665 0.030000 3.224709 0.030000 3.487669 0.030000 6.093287 0.030000 6.273357 0.030000
4.503780 0.150000 4.068072 0.030000 6.743687 0.030000 6.548605 0.030000 2.390389 0.030000 2.331893 0.030000 3.842049 0.150000 3.451322 0.150000 6.104199 0.030000 6.296978 0.030000
4.291075 0.030000 4.126497 0.030000 6.793201 0.030000 6.794217 0.150000 2.372089 0.030000 2.323573 0.030000 3.201461 0.030000 3.415596 0.030000 6.161785 0.030000 6.284850 0.030000
4.316751 0.030000 4.105878 0.030000 6.762334 0.030000 6.614925 0.030000 2.396202 0.030000 2.339323 0.030000 3.187214 0.030000 3.372595 0.030000 6.109816 0.030000 6.264054 0.150000
4.342298 0.030000 4.155177 0.030000 6.727684 0.030000 6.582599 0.030000 2.387673 0.030000 2.341926 0.030000 3.134630 0.030000 3.817462 0.150000 6.100577 0.030000 6.343371 0.150000
4.282127 0.030000 4.139817 0.030000 6.762514 0.030000 6.635137 0.030000 2.452910 0.030000 2.315978 0.030000 3.148345 0.030000 3.381977 0.030000 6.067050 0.030000 6.230046 0.030000
4.382108 0.030000 4.112079 0.030000 6.822589 0.030000 6.613551 0.030000 2.474688 0.030000 2.359448 0.030000 3.134531 0.030000 3.367250 0.030000 6.105395 0.030000 6.211504 0.030000
4.332420 0.030000 4.152454 0.030000 6.773651 0.030000 6.660686 0.030000 2.400218 0.030000 2.347971 0.030000 3.151649 0.030000 3.355613 0.030000 6.085906 0.030000 6.251959 0.030000
4.374753 0.030000 4.177570 0.030000 6.779238 0.030000 6.616051 0.030000 2.383607 0.030000 2.894016 0.150000 3.175403 0.030000 3.365306 0.030000 6.114895 0.030000 6.223378 0.030000
4.328856 0.030000 4.101448 0.030000 6.809058 0.030000 6.675954 0.030000 2.436194 0.030000 2.319343 0.030000 3.416912 0.150000 3.371442 0.030000 6.114749 0.030000 6.269736 0.030000
4.383183 0.030000 4.461250 0.150000 6.785838 0.030000 6.689067 0.030000 2.425779 0.030000 2.324181 0.030000 3.120734 0.030000 3.390727 0.030000 6.019487 0.030000 6.692673 0.150000
4.401445 0.030000 4.855650 0.150000 6.741043 0.150000 6.644824 0.030000 2.404105 0.030000 2.345451 0.030000 3.096839 0.030000 3.358817 0.030000 5.960107 0.150000 6.252032 0.030000
4.384306 0.030000 4.092319 0.030000 6.825727 0.030000 6.620685 0.030000 2.418330 0.030000 2.615303 0.150000 3.130429 0.030000 3.363214 0.030000 6.041107 0.030000 6.233730 0.030000
4.322163 0.030000 4.181181 0.030000 6.725997 0.030000 6.706619 0.030000 2.320061 0.030000 2.359085 0.030000 3.086533 0.030000 3.343050 0.030000 6.051328 0.030000 6.172114 0.030000
4.419050 0.030000 4.130107 0.030000 6.749778 0.030000 6.670367 0.030000 2.361101 0.030000 2.375123 0.030000 3.076550 0.030000 3.280453 0.030000 6.002275 0.030000 6.203729 0.030000
4.417435 0.030000 4.147987 0.030000 6.736959 0.030000 6.719577 0.030000 2.401479 0.030000 2.404592 0.030000 3.176637 0.030000 3.288434 0.030000 5.999055 0.030000 6.231195 0.030000
4.477415 0.030000 4.201068 0.030000 6.707770 0.030000 6.719943 0.030000 2.367664 0.030000 2.395749 0.030000 3.029304 0.030000 3.237876 0.030000 6.013970 0.030000 6.291644 0.030000
4.404031 0.030000 4.218974 0.030000 6.699039 0.150000 6.790025 0.030000 2.414636 0.030000 2.385521 0.030000 3.094043 0.030000 3.307984 0.030000 6.066846 0.030000 6.232482 0.030000
4.526856 0.150000 4.154407 0.030000 6.720479 0.030000 6.716691 0.030000 2.325982 0.030000 2.402152 0.030000 3.260108 0.150000 3.268345 0.030000 5.996339 0.030000 6.195899 0.030000
4.467851 0.030000 4.230091 0.030000 6.759837 0.030000 6.772353 0.030000 2.386837 0.030000 2.412721 0.030000 3.085506 0.030000 3.301329 0.030000 5.973805 0.030000 6.186280 0.030000
4.477479 0.030000 4.245735 0.030000 6.695443 0.030000 6.755333 0.030000 2.340611 0.030000 2.437533 0.030000 3.111185 0.030000 3.190508 0.030000 5.965400 0.030000 6.115250 0.030000
4.531684 0.030000 4.283216 0.030000 6.738283 0.030000 6.752814 0.030000 2.299719 0.030000 2.253709 0.150000 3.083855 0.030000 3.250397 0.030000 5.896432 0.030000 6.231826 0.030000
4.524115 0.030000 4.345022 0.030000 6.659439 0.030000 6.767203 0.030000 2.299872 0.030000 2.455000 0.030000 3.563412 0.150000 3.229849 0.150000 5.934853 0.030000 6.121819 0.150000
4.494182 0.030000 4.340300 0.030000 6.735747 0.030000 6.794707 0.030000 2.310946 0.030000 2.404129 0.030000 3.127252 0.030000 3.205335 0.030000 6.117960 0.150000 6.115771 0.030000
4.530163 0.030000 4.368666 0.030000 6.626067 0.150000 6.788766 0.030000 2.226099 0.030000 2.369685 0.030000 3.122631 0.030000 3.116887 0.030000 5.813399 0.030000 6.055238 0.030000
4.545641 0.030000 4.366114 0.030000 6.712748 0.030000 6.761286 0.030000 2.270652 0.030000 2.412355 0.030000 3.051779 0.030000 3.119537 0.030000 5.849070 0.030000 6.070526 0.030000
4.504740 0.150000 5.076156 0.150000 6.670410 0.030000 6.781176 0.030000 2.316630 0.150000 2.391982 0.030000 3.105726 0.030000 3.124902 0.030000 5.789157 0.030000 6.025606 0.030000
4.524707 0.030000 4.457007 0.030000 6.643575 0.030000 6.721259 0.030000 2.155547 0.030000 2.343684 0.150000 3.097002 0.030000 3.090209 0.030000 5.791128 0.030000 5.975221 0.030000
4.568403 0.030000 4.424171 0.030000 6.653503 0.030000 6.766742 0.030000 3.465330 0.150000 2.369749 0.030000 3.123514 0.030000 3.071121 0.030000 5.701128 0.030000 6.038914 0.030000
4.556158 0.030000 4.429132 0.030000 6.598617 0.030000 6.768831 0.030000 2.164345 0.030000 2.362411 0.030000 3.089079 0.030000 3.328571 0.150000 6.139884 0.150000 6.001837 0.030000
4.555925 0.030000 4.484877 0.030000 6.578776 0.030000 6.736359 0.030000 2.143433 0.030000 2.354052 0.030000 3.108347 0.030000 3.139045 0.030000 5.676162 0.030000 5.954314 0.030000
4.585089 0.030000 4.473243 0.030000 6.611806 0.030000 6.721492 0.030000 2.108062 0.030000 2.397977 0.150000 3.160415 0.030000 3.369440 0.150000 5.679625 0.030000 5.861647 0.030000
4.609681 0.030000 4.508220 0.030000 6.493840 0.030000 6.669530 0.030000 2.069182 0.030000 2.319027 0.030000 3.397874 0.150000 3.072096 0.030000 5.650554 0.030000 5.864329 0.030000
4.609039 0.030000 4.491605 0.030000 6.460128 0.030000 6.695471 0.030000 2.053685 0.030000 2.985809 0.150000 3.179751 0.030000 3.094821 0.030000 5.593281 0.030000 5.841937 0.030000
4.572142 0.030000 4.526594 0.030000 6.528496 0.030000 6.649284 0.030000 1.977130 0.030000 2.157106 0.030000 3.152509 0.030000 3.095778 0.030000 5.610599 0.030000 5.848498 0.030000
4.604038 0.030000 4.568726 0.030000 6.462030 0.030000 6.665842 0.030000 1.957199 0.030000 2.243322 0.030000 3.522348 0.150000 3.077651 0.030000 5.551750 0.030000 5.745918 0.030000
4.875100 0.150000 4.575563 0.030000 6.469446 0.030000 6.640491 0.030000 1.996071 0.030000 2.139301 0.030000 3.234652 0.030000 3.131413 0.030000 5.503596 0.030000 6.027772 0.150000
4.628548 0.030000 4.629904 0.150000 6.457861 0.030000 6.579169 0.030000 1.976727 0.030000 2.130979 0.030000 3.226799 0.030000 3.134075 0.030000 5.524276 0.030000 5.755674 0.030000
4.621200 0.030000 4.585967 0.030000 6.413911 0.030000 6.587786 0.030000 1.900946 0.030000 2.105697 0.030000 3.190323 0.030000 3.157572 0.030000 5.479527 0.030000 5.701752 0.030000
4.581101 0.030000 4.586093 0.030000 6.314589 0.030000 6.519206 0.030000 1.919625 0.030000 2.059932 0.030000 3.252692 0.030000 3.179959 0.030000 5.477313 0.030000 5.669117 0.030000
4.599062 0.030000 4.600323 0.030000 6.373396 0.030000 6.520637 0.030000 1.774473 0.030000 2.032016 0.150000 3.338346 0.030000 3.383203 0.150000 5.452947 0.030000 5.648828 0.030000
4.805934 0.150000 4.563803 0.030000 6.279191 0.030000 6.488153 0.030000 1.853542 0.030000 2.055574 0.030000 3.304529 0.030000 3.154924 0.030000 5.393445 0.030000 5.686909 0.030000
4.660825 0.030000 4.651327 0.030000 6.258707 0.030000 6.551246 0.030000 1.814096 0.030000 2.830590 0.150000 3.330616 0.030000 3.176811 0.030000 5.362963 0.030000 5.881483 0.150000
4.639341 0.030000 4.589222 0.030000 6.251561 0.030000 6.456412 0.030000 2.859368 0.150000 1.992888 0.030000 3.301142 0.030000 3.207493 0.030000 5.370644 0.030000 5.572271 0.030000
4.750943 0.030000 4.626040 0.030000 6.248066 0.030000 6.415030 0.030000 1.840950 0.030000 1.917172 0.030000 3.329298 0.030000 3.504124 0.150000 5.279772 0.030000 6.077890 0.150000
4.684507 0.030000 5.044685 0.150000 6.269987 0.030000 6.387916 0.030000 1.721547 0.030000 1.914106 0.030000 3.378387 0.030000 3.254065 0.030000 5.302653 0.030000 5.505509 0.030000
4.733775 0.030000 4.608836 0.030000 6.222276 0.030000 6.437951 0.030000 1.663078 0.030000 1.897118 0.030000 3.297628 0.030000 3.185135 0.030000 5.312135 0.030000 5.506662 0.030000
4.727571 0.030000 4.656614 0.030000 6.181043 0.030000 6.365004 0.030000 1.707138 0.030000 1.849782 0.030000 3.322698 0.030000 3.223222 0.030000 5.261817 0.030000 5.717978 0.150000
4.642686 0.030000 4.651832 0.030000 6.135631 0.030000 6.351114 0.030000 1.652547 0.030000 1.874844 0.030000 3.332687 0.030000 3.251140 0.030000 5.237860 0.030000 5.418352 0.030000
4.724588 0.030000 4.662833 0.030000 6.410532 0.150000 6.361184 0.030000 1.644222 0.030000 1.782469 0.030000 3.420542 0.030000 3.292719 0.030000 5.218003 0.030000 5.435317 0.030000
4.751578 0.030000 4.664963 0.030000 6.112693 0.030000 6.315316 0.030000 1.603907 0.030000 1.789477 0.030000 3.412722 0.030000 3.295722 0.030000 5.135415 0.030000 5.417156 0.030000
4.742718 0.030000 4.634161 0.030000 6.143155 0.030000 6.263575 0.030000 1.553963 0.030000 1.762911 0.030000 3.427387 0.030000 3.286212 0.030000 5.184261 0.030000 5.398535 0.030000
4.760403 0.030000 4.698119 0.030000 6.052473 0.030000 6.264042 0.030000 2.738006 0.150000 1.746133 0.030000 3.437564 0.030000 3.344146 0.030000 5.138702 0.030000 5.385529 0.030000
4.773873 0.030000 4.645860 0.030000 6.048224 0.030000 6.280443 0.030000 1.503708 0.030000 1.679194 0.030000 3.449849 0.030000 3.356704 0.030000 5.123121 0.030000 5.291021 0.030000
4.806927 0.030000 4.696235 0.030000 6.015810 0.030000 6.216326 0.030000 1.551806 0.030000 1.693610 0.030000 3.498836 0.030000 3.346203 0.030000 5.079513 0.030000 5.301683 0.030000
4.815803 0.030000 4.709950 0.030000 6.011611 0.030000 6.440560 0.150000 1.458325 0.030000 1.745425 0.030000 3.451608 0.030000 3.415094 0.030000 5.121818 0.030000 5.229780 0.030000
4.779629 0.030000 4.674947 0.030000 6.002239 0.030000 6.161474 0.030000 1.461149 0.030000 2.424075 0.150000 3.494232 0.030000 3.408142 0.030000 5.038073 0.030000 5.221910 0.030000
4.776476 0.030000 4.690754 0.030000 6.034804 0.030000 6.132884 0.030000 1.437357 0.030000 1.615060 0.030000 3.532793 0.030000 3.450445 0.030000 5.024529 0.030000 5.236945 0.030000
4.643654 0.150000 4.752028 0.030000 5.980714 0.030000 6.123575 0.030000 1.430739 0.030000 1.608564 0.030000 3.498041 0.030000 3.405268 0.030000 5.014387 0.030000 5.172642 0.030000
4.869912 0.030000 4.759756 0.030000 5.909891 0.030000 6.087918 0.030000 1.426380 0.030000 1.731231 0.150000 3.567273 0.030000 3.448798 0.030000 5.019922 0.030000 5.187647 0.030000
4.914385 0.030000 4.783329 0.030000 5.948221 0.030000 6.855418 0.150000 1.340881 0.030000 1.571766 0.030000 3.634046 0.030000 3.462622 0.030000 4.929534 0.030000 5.162265 0.030000
4.841972 0.030000 4.794007 0.030000 6.004117 0.150000 6.098922 0.030000 1.316583 0.030000 1.506719 0.030000 3.603967 0.030000 3.424201 0.030000 4.959324 0.030000 5.119173 0.030000
4.882786 0.030000 4.779407 0.030000 5.901482 0.030000 6.006002 0.030000 1.708736 0.150000 1.519099 0.030000 3.643126 0.030000 3.449975 0.030000 4.889425 0.030000 5.101029 0.030000
4.862194 0.030000 4.794939 0.030000 5.883810 0.030000 6.421212 0.150000 1.616138 0.150000 1.450939 0.030000 3.732671 0.150000 3.443363 0.030000 4.808904 0.030000 5.080758 0.030000
4.873016 0.030000 4.865305 0.030000 5.816799 0.030000 5.951158 0.030000 1.316372 0.150000 1.447000 0.030000 3.900585 0.150000 3.517417 0.030000 4.882993 0.030000 5.031320 0.030000
4.926635 0.030000 4.855278 0.030000 6.061864 0.150000 6.011557 0.030000 1.274340 0.030000 1.440475 0.030000 3.617985 0.030000 3.655948 0.150000 4.862218 0.030000 5.058749 0.030000
4.958818 0.030000 4.790547 0.030000 5.791802 0.150000 5.992035 0.030000 1.267370 0.030000 1.390675 0.030000 3.708055 0.030000 3.522787 0.030000 4.831733 0.030000 5.001611 0.030000
4.959592 0.030000 4.844609 0.030000 5.754502 0.030000 6.004116 0.030000 1.212304 0.030000 1.391511 0.030000 3.681449 0.030000 3.593030 0.030000 4.770312 0.030000 4.952342 0.030000
4.889591 0.030000 4.846936 0.030000 5.712849 0.030000 5.927008 0.030000 1.201900 0.030000 1.423239 0.030000 3.778970 0.030000 3.571964 0.030000 4.713621 0.030000 4.907786 0.030000
4.975432 0.030000 4.868043 0.030000 5.732481 0.030000 5.917393 0.030000 1.213550 0.030000 1.173380 0.150000 3.702818 0.030000 3.543014 0.030000 4.656440 0.030000 4.929584 0.030000
4.979424 0.030000 4.905435 0.030000 5.739269 0.030000 5.847890 0.030000 1.482833 0.150000 1.361575 0.030000 3.799540 0.030000 3.584677 0.030000 4.727471 0.030000 4.901188 0.030000
5.015536 0.030000 4.837623 0.030000 5.719863 0.030000 5.853122 0.030000 1.126444 0.030000 1.292975 0.030000 3.832044 0.030000 3.603945 0.030000 4.663608 0.030000 4.870041 0.030000
5.015213 0.030000 4.878228 0.030000 5.897811 0.150000 5.827800 0.030000 1.167400 0.030000 1.246087 0.030000 3.723168 0.030000 3.675130 0.030000 4.559966 0.030000 4.885209 0.030000
5.069426 0.030000 4.921364 0.030000 5.679182 0.030000 5.846933 0.030000 1.087050 0.030000 1.268019 0.030000 3.734121 0.030000 3.653876 0.030000 4.658920 0.030000 4.763847 0.030000
5.093535 0.030000 4.900688 0.030000 5.709557 0.030000 5.768402 0.030000 1.087610 0.030000 1.297413 0.150000 3.848909 0.030000 3.706162 0.030000 4.599296 0.030000 4.840125 0.030000
5.039933 0.030000 4.964177 0.030000 5.637217 0.030000 5.791608 0.030000 1.089455 0.030000 1.219545 0.030000 3.871412 0.030000 3.688764 0.030000 4.583997 0.030000 4.778041 0.030000
5.072060 0.030000 4.970128 0.030000 5.626558 0.030000 5.777660 0.030000 1.069799 0.030000 1.229405 0.030000 3.929845 0.030000 3.669172 0.030000 4.591737 0.030000 4.755593 0.030000
5.094475 0.030000 4.964622 0.030000 5.619344 0.030000 5.731512 0.030000 1.053614 0.030000 1.324344 0.150000 3.881811 0.030000 3.741119 0.030000 4.543027 0.030000 4.702141 0.030000
6.046874 0.150000 5.049671 0.150000 5.582751 0.030000 5.735616 0.030000 1.673398 0.150000 1.195415 0.030000 3.916372 0.030000 3.766549 0.030000 4.493920 0.030000 4.743530 0.030000
6.284849 0.150000 5.021949 0.030000 5.560386 0.030000 5.706609 0.030000 1.021203 0.030000 1.153208 0.030000 3.888877 0.030000 3.752545 0.030000 4.579459 0.030000 4.680143 0.030000
5.171190 0.030000 5.009308 0.030000 5.578555 0.030000 5.724077 0.030000 1.282024 0.150000 1.148425 0.030000 3.956890 0.030000 3.821304 0.030000 4.510512 0.150000 4.685657 0.030000
5.159873 0.030000 5.067939 0.030000 5.486776 0.030000 5.682110 0.030000 0.996115 0.030000 1.455687 0.150000 4.658561 0.150000 3.812042 0.030000 4.781358 0.150000 4.659482 0.030000
5.160322 0.030000 5.022665 0.030000 5.491554 0.030000 5.674689 0.030000 1.395420 0.150000 1.115292 0.030000 3.957630 0.030000 3.836711 0.030000 4.417547 0.030000 4.566645 0.030000
5.233823 0.030000 5.006810 0.030000 5.439966 0.030000 5.658359 0.030000 0.959188 0.030000 1.089131 0.030000 4.006638 0.030000 3.839797 0.030000 4.395344 0.030000 4.586430 0.030000
5.245235 0.030000 5.129573 0.030000 5.486903 0.030000 5.633276 0.030000 2.469517 0.150000 1.113615 0.030000 4.011883 0.030000 3.836374 0.030000 4.377524 0.030000 4.554893 0.030000
5.512561 0.150000 5.096429 0.030000 5.464216 0.030000 5.621710 0.030000 0.967369 0.030000 1.061817 0.030000 4.027334 0.030000 3.943126 0.150000 4.372435 0.030000 4.580039 0.030000
5.272174 0.030000 5.094819 0.030000 5.428489 0.030000 5.630583 0.030000 0.960743 0.030000 1.013808 0.030000 4.051519 0.030000 3.945836 0.030000 4.344763 0.030000 4.466081 0.030000
5.259961 0.030000 5.117639 0.030000 5.419934 0.030000 5.603303 0.030000 0.970152 0.030000 1.038798 0.030000 4.085247 0.030000 3.871769 0.030000 4.311584 0.030000 4.471119 0.030000
5.270235 0.030000 5.160199 0.030000 5.389420 0.030000 5.523471 0.030000 0.967028 0.030000 0.982054 0.030000 4.081132 0.030000 3.960124 0.030000 4.292232 0.030000 4.450010 0.030000
5.306598 0.030000 5.151229 0.030000 5.365871 0.030000 5.534985 0.030000 1.010256 0.030000 1.027251 0.030000 4.160957 0.030000 3.934910 0.030000 4.248486 0.030000 4.504941 0.030000
5.267428 0.030000 5.180317 0.030000 5.315451 0.030000 5.541797 0.030000 0.982178 0.030000 0.982003 0.030000 4.132731 0.030000 3.995146 0.030000 4.323911 0.150000 4.406698 0.030000
5.263150 0.030000 5.203069 0.030000 5.331472 0.030000 5.487333 0.030000 0.954606 0.030000 1.024985 0.030000 4.209922 0.030000 4.012793 0.030000 4.216726 0.030000 4.424033 0.030000
5.367478 0.030000 5.214518 0.030000 5.339668 0.030000 5.506856 0.030000 0.958485 0.030000 1.511077 0.150000 4.169960 0.030000 4.047254 0.030000 4.228952 0.030000 4.413794 0.030000
5.359521 0.030000 5.197968 0.030000 5.293226 0.030000 5.447449 0.030000 0.921901 0.030000 0.942440 0.030000 4.259555 0.030000 4.015738 0.030000 4.166987 0.030000 4.350899 0.030000
5.343219 0.030000 5.202558 0.030000 5.271705 0.030000 6.393337 0.150000 0.956514 0.030000 0.964531 0.030000 4.174780 0.150000 4.079065 0.030000 4.153320 0.030000 4.347103 0.030000
5.363411 0.030000 5.269859 0.030000 5.329864 0.030000 5.424035 0.030000 0.903531 0.030000 0.926774 0.030000 4.233017 0.030000 4.090574 0.030000 4.114121 0.030000 4.323049 0.030000
5.462209 0.030000 5.289404 0.030000 5.245790 0.030000 5.417860 0.030000 0.978777 0.030000 0.939011 0.030000 4.266363 0.030000 4.061627 0.030000 4.140815 0.030000 4.345733 0.030000
5.392490 0.030000 5.254237 0.030000 5.265352 0.030000 6.125233 0.150000 0.939248 0.030000 0.969365 0.030000 4.285686 0.030000 4.110989 0.030000 4.091095 0.030000 4.298714 0.030000
5.420595 0.030000 5.247370 0.030000 5.219915 0.030000 5.340875 0.030000 0.980526 0.030000 0.960186 0.030000 4.309770 0.030000 4.077679 0.030000 4.083767 0.030000 4.238830 0.030000
5.434951 0.030000 5.301603 0.030000 5.257867 0.030000 5.383942 0.030000 0.997102 0.030000 0.953244 0.030000 4.414256 0.030000 4.128958 0.030000 4.473280 0.150000 4.212251 0.030000
5.487805 0.030000 5.348643 0.030000 5.204547 0.030000 5.378208 0.030000 0.981248 0.030000 0.985517 0.030000 4.389703 0.030000 4.555677 0.150000 4.066489 0.030000 4.231868 0.030000
5.498887 0.030000 5.321559 0.030000 5.151492 0.030000 5.303750 0.030000 1.010220 0.030000 0.970834 0.030000 4.373225 0.030000 4.236915 0.030000 4.018028 0.030000 4.221612 0.030000
5.505210 0.030000 5.405020 0.150000 5.124745 0.030000 5.298053 0.030000 0.983145 0.030000 0.963201 0.030000 4.416202 0.030000 4.228197 0.030000 4.018345 0.030000 4.180091 0.030000
5.512572 0.030000 5.375815 0.030000 5.183745 0.030000 5.247738 0.030000 1.002217 0.030000 0.954574 0.030000 4.472189 0.030000 4.213147 0.030000 4.037824 0.030000 4.092245 0.030000
5.483237 0.030000 5.380598 0.030000 5.119286 0.030000 5.243655 0.030000 0.996320 0.030000 0.940502 0.030000 4.436590 0.030000 4.267697 0.030000 3.888247 0.030000 4.110906 0.030000
5.562746 0.030000 5.440788 0.030000 5.092253 0.030000 5.776224 0.150000 1.009445 0.030000 0.937421 0.030000 4.444776 0.030000 4.299766 0.030000 3.860933 0.030000 4.099938 0.030000
5.524107 0.030000 5.607520 0.150000 5.248252 0.150000 5.235106 0.030000 1.032304 0.030000 0.920363 0.030000 4.947541 0.150000 4.707314 0.150000 3.911010 0.030000 4.040903 0.030000
5.620003 0.030000 5.491792 0.030000 5.323265 0.150000 5.175709 0.030000 1.056003 0.030000 0.948480 0.030000 4.555190 0.030000 4.303039 0.030000 3.886504 0.030000 4.047341 0.030000
5.634722 0.030000 5.566684 0.150000 5.037007 0.030000 5.237646 0.030000 1.065577 0.030000 0.932904 0.030000 4.514144 0.030000 4.355611 0.030000 3.877101 0.030000 4.069000 0.030000
5.636036 0.030000 5.505679 0.030000 5.017431 0.030000 5.146148 0.030000 0.988487 0.030000 0.980782 0.030000 4.549141 0.030000 4.399814 0.030000 3.851342 0.030000 4.023585 0.030000
5.656182 0.030000 5.506021 0.030000 5.057175 0.030000 5.137969 0.030000 1.069837 0.030000 0.969410 0.030000 4.591014 0.030000 4.431994 0.030000 3.860285 0.030000 4.015369 0.030000
5.691903 0.150000 6.397716 0.150000 5.030102 0.030000 5.189735 0.030000 1.080422 0.030000 1.049479 0.030000 5.295839 0.150000 4.432424 0.030000 3.812283 0.030000 3.981435 0.030000
5.700965 0.030000 5.525033 0.030000 5.016887 0.030000 5.072921 0.030000 1.146059 0.030000 1.041382 0.030000 4.613808 0.030000 4.419518 0.030000 3.778970 0.030000 3.949653 0.030000
5.836717 0.150000 5.563386 0.150000 5.016559 0.030000 5.156515 0.030000 1.109550 0.030000 0.987266 0.030000 4.633928 0.030000 4.481427 0.030000 3.773367 0.030000 4.466293 0.150000
5.713786 0.030000 5.552585 0.030000 4.931642 0.150000 5.087550 0.030000 1.165074 0.030000 1.038707 0.030000 4.768546 0.030000 4.466876 0.030000 3.701139 0.030000 3.937708 0.030000
6.608494 0.150000 5.610236 0.030000 4.939195 0.030000 5.070774 0.030000 1.150871 0.030000 0.983837 0.030000 4.656372 0.030000 4.470562 0.030000 3.729930 0.030000 3.919934 0.030000
5.779492 0.030000 5.588147 0.030000 4.962832 0.030000 5.094858 0.030000 1.126554 0.030000 1.067183 0.030000 4.670877 0.030000 5.029924 0.150000 3.747128 0.030000 3.790803 0.030000
5.796209 0.030000 5.595815 0.030000 4.962894 0.030000 5.054956 0.030000 1.182889 0.030000 1.059923 0.030000 5.160863 0.150000 4.540270 0.030000 4.057238 0.150000 3.839426 0.030000
5.803378 0.030000 5.621855 0.030000 4.892649 0.030000 5.239333 0.150000 1.233094 0.030000 1.153990 0.030000 4.747781 0.030000 4.620774 0.030000 3.644169 0.030000 3.785963 0.150000
5.845774 0.030000 5.697830 0.030000 4.904678 0.030000 5.272511 0.150000 1.197257 0.030000 1.060736 0.030000 4.775609 0.030000 4.656547 0.030000 3.702130 0.030000 3.785719 0.030000
5.953113 0.030000 5.669043 0.030000 4.926861 0.030000 5.014616 0.030000 1.172424 0.030000 1.097079 0.030000 4.825872 0.030000 4.582837 0.030000 3.618512 0.030000 3.750407 0.030000
5.867843 0.030000 5.727122 0.030000 5.019351 0.150000 5.008656 0.030000 1.236002 0.030000 1.142316 0.030000 4.824359 0.030000 4.630541 0.030000 3.552283 0.030000 3.766668 0.030000
5.894166 0.030000 5.777542 0.030000 4.802513 0.150000 5.046605 0.030000 1.244555 0.030000 1.121877 0.030000 4.902725 0.030000 4.726937 0.150000 3.583278 0.030000 3.759119 0.030000
6.318538 0.150000 5.766384 0.030000 4.871467 0.030000 4.936212 0.030000 1.324022 0.030000 1.192498 0.030000 4.877319 0.030000 4.642755 0.030000 3.574924 0.030000 3.696887 0.030000
5.919478 0.030000 5.738753 0.030000 4.815141 0.030000 4.955816 0.030000 1.319073 0.030000 1.195902 0.030000 5.466139 0.150000 4.718916 0.030000 3.526104 0.030000 4.123419 0.150000
5.992815 0.030000 5.767794 0.030000 4.863694 0.030000 4.919851 0.030000 1.355093 0.030000 1.196401 0.030000 4.974912 0.030000 4.736748 0.030000 3.564582 0.030000 3.735534 0.030000
6.012873 0.030000 5.783380 0.030000 4.840771 0.030000 4.969981 0.030000 1.259740 0.150000 1.221767 0.030000 4.959213 0.030000 4.798237 0.030000 3.553364 0.030000 3.648057 0.030000
6.028822 0.030000 5.892407 0.030000 4.782891 0.030000 4.955777 0.030000 1.398875 0.030000 1.257476 0.030000 5.511091 0.150000 4.841666 0.030000 3.577990 0.030000 3.639574 0.030000
6.006954 0.030000 6.231475 0.150000 4.818990 0.030000 4.899227 0.030000 1.450403 0.030000 1.235599 0.030000 5.407844 0.150000 5.362234 0.150000 3.568482 0.030000 3.625857 0.030000
6.056749 0.030000 6.083951 0.150000 4.769961 0.030000 4.917461 0.030000 1.424171 0.030000 1.231736 0.030000 5.026962 0.030000 4.566010 0.150000 3.481631 0.030000 4.648182 0.150000
6.710530 0.150000 5.850904 0.030000 4.764785 0.030000 4.888282 0.030000 1.510621 0.030000 1.285189 0.030000 5.011870 0.030000 4.845046 0.030000 4.064687 0.150000 3.600832 0.030000
6.116456 0.030000 6.243850 0.150000 4.762638 0.030000 4.915808 0.030000 1.485695 0.030000 1.305642 0.030000 5.063901 0.030000 4.907682 0.030000 3.438031 0.030000 3.585940 0.030000
6.141680 0.030000 5.919324 0.030000 4.697329 0.030000 4.827002 0.030000 1.526639 0.030000 1.302163 0.030000 5.090378 0.030000 5.355257 0.150000 3.444938 0.030000 3.530935 0.030000
6.116504 0.030000 5.984263 0.030000 4.735469 0.030000 4.839731 0.030000 1.553958 0.030000 1.329870 0.030000 5.122310 0.030000 4.923564 0.030000 3.412970 0.030000 3.562476 0.030000
6.105697 0.030000 5.993147 0.030000 4.656642 0.150000 4.795863 0.030000 1.539240 0.030000 1.388656 0.030000 5.186793 0.030000 4.968056 0.030000 3.424372 0.030000 3.544183 0.030000
6.162791 0.030000 5.996713 0.030000 4.724471 0.030000 4.882382 0.030000 1.588516 0.030000 1.347369 0.030000 5.174251 0.030000 4.979517 0.030000 3.419074 0.030000 3.510209 0.030000
6.184492 0.030000 6.023365 0.030000 4.725014 0.030000 5.095752 0.150000 1.629832 0.030000 1.419081 0.030000 5.189307 0.030000 5.008482 0.030000 3.332813 0.030000 3.688286 0.150000
6.246739 0.030000 6.069530 0.030000 4.704823 0.030000 4.812262 0.030000 1.528312 0.150000 1.472140 0.030000 5.222236 0.030000 5.022433 0.030000 3.356332 0.030000 3.481586 0.030000
6.237833 0.030000 6.083699 0.030000 4.973458 0.150000 4.744842 0.030000 1.642208 0.030000 1.465518 0.030000 5.210001 0.030000 5.004590 0.030000 3.323680 0.030000 3.427882 0.030000
6.243271 0.030000 6.373811 0.150000 4.661097 0.030000 4.730280 0.030000 2.797112 0.150000 1.502896 0.030000 5.317011 0.030000 5.059608 0.030000 3.351376 0.030000 3.433914 0.030000
6.238477 0.030000 6.114907 0.030000 4.650621 0.030000 4.809051 0.030000 1.706902 0.030000 1.699928 0.150000 5.247764 0.030000 5.065084 0.030000 3.271513 0.030000 3.382299 0.030000
6.276203 0.030000 6.120897 0.030000 4.714518 0.030000 4.733120 0.030000 1.746925 0.030000 1.540270 0.030000 5.366453 0.030000 4.877169 0.150000 3.306199 0.030000 3.370726 0.030000
6.079074 0.150000 6.171210 0.030000 4.646567 0.030000 4.784343 0.030000 1.747079 0.030000 1.518350 0.030000 5.374005 0.030000 5.621312 0.150000 3.239710 0.030000 3.411475 0.030000
6.269675 0.030000 6.188167 0.030000 4.630904 0.030000 4.652629 0.150000 1.763812 0.030000 1.570771 0.030000 5.346695 0.030000 5.180714 0.030000 3.235928 0.030000 3.410556 0.030000
6.360966 0.030000 6.975115 0.150000 4.582508 0.030000 4.752001 0.030000 1.799238 0.030000 1.945701 0.150000 5.393509 0.030000 5.202271 0.030000 3.205311 0.030000 3.403470 0.030000
6.386860 0.030000 6.227063 0.030000 4.593620 0.030000 4.783658 0.030000 1.820256 0.030000 1.697718 0.030000 5.380140 0.030000 5.218797 0.030000 3.223957 0.030000 3.376036 0.030000
6.364386 0.030000 6.235418 0.030000 4.600178 0.030000 4.644415 0.030000 1.894085 0.030000 1.630520 0.030000 5.397767 0.030000 5.623875 0.150000 3.190832 0.030000 3.322170 0.030000
6.397523 0.030000 6.203527 0.030000 4.632865 0.030000 4.683732 0.030000 1.876044 0.030000 1.706810 0.030000 5.520840 0.030000 5.280724 0.030000 3.178551 0.030000 3.353557 0.030000
6.424572 0.030000 6.265618 0.030000 4.603807 0.030000 4.730406 0.030000 2.238592 0.150000 1.657773 0.030000 5.495298 0.030000 5.287978 0.030000 3.209193 0.030000 3.289049 0.030000
6.288684 0.150000 6.329345 0.030000 4.626370 0.030000 4.701802 0.030000 1.910691 0.030000 1.596501 0.150000 5.511372 0.030000 5.300814 0.030000 4.276842 0.150000 3.284960 0.030000
6.479893 0.030000 6.358161 0.030000 4.616064 0.030000 4.661516 0.030000 1.908909 0.030000 1.715470 0.030000 5.535417 0.030000 5.347638 0.030000 3.157069 0.030000 3.763616 0.150000
6.467309 0.030000 6.280250 0.030000 4.566160 0.030000 4.656376 0.030000 1.931242 0.030000 1.718915 0.030000 5.551543 0.030000 5.338471 0.030000 3.153331 0.030000 3.233814 0.030000
6.473690 0.030000 6.279924 0.030000 4.563982 0.030000 4.677143 0.030000 1.909290 0.030000 1.791972 0.030000 5.579541 0.030000 5.378155 0.030000 3.189622 0.030000 3.253793 0.030000
6.520601 0.030000 6.289687 0.030000 4.734737 0.150000 4.684336 0.030000 2.396366 0.150000 1.757875 0.030000 5.554456 0.030000 5.384456 0.030000 3.108591 0.030000 3.308834 0.030000
6.486998 0.030000 6.327015 0.030000 4.611165 0.030000 4.677196 0.030000 1.960033 0.030000 2.532530 0.150000 5.612430 0.030000 5.391520 0.030000 3.820094 0.150000 3.284583 0.030000
6.524645 0.030000 6.343726 0.030000 4.577627 0.030000 5.025318 0.150000 2.325242 0.150000 1.733012 0.030000 5.631259 0.030000 5.397160 0.030000 3.086847 0.030000 3.221625 0.030000
6.506087 0.030000 6.403986 0.030000 4.563981 0.030000 4.636647 0.030000 1.989446 0.030000 1.838844 0.030000 5.606504 0.030000 5.438227 0.030000 3.525984 0.150000 3.263247 0.030000
6.551429 0.030000 6.361701 0.030000 4.563289 0.030000 4.609738 0.030000 2.062373 0.030000 2.009063 0.150000 5.613668 0.030000 5.427422 0.030000 3.113072 0.030000 3.154717 0.150000
6.550779 0.030000 6.380942 0.030000 4.586547 0.030000 4.610969 0.030000 2.032726 0.030000 1.804120 0.030000 5.629283 0.030000 5.446937 0.030000 3.206494 0.150000 3.223719 0.030000
6.527260 0.030000 6.383757 0.030000 4.601254 0.030000 4.632506 0.030000 2.057842 0.030000 1.937124 0.150000 5.659798 0.030000 5.450490 0.030000 3.085965 0.030000 3.192083 0.030000
6.571065 0.030000 6.394299 0.030000 4.589236 0.030000 4.623754 0.030000 2.063214 0.030000 1.851879 0.030000 5.673770 0.030000 5.493939 0.030000 3.052526 0.030000 3.188370 0.030000
6.615334 0.030000 6.437800 0.030000 4.538348 0.030000 4.611250 0.030000 2.164467 0.030000 1.890563 0.030000 5.635983 0.030000 5.476701 0.030000 3.063410 0.030000 3.175536 0.030000
6.652841 0.030000 6.439099 0.030000 4.494255 0.030000 4.623978 0.030000 2.117750 0.030000 1.924659 0.030000 5.713033 0.030000 5.766288 0.150000 3.104862 0.030000 3.615876 0.150000
6.649967 0.030000 6.464908 0.030000 4.619367 0.030000 4.647131 0.030000 2.076188 0.030000 1.874307 0.030000 5.757054 0.030000 5.443258 0.030000 3.061448 0.030000 3.188639 0.030000
6.642600 0.030000 6.457071 0.030000 4.572511 0.030000 4.937136 0.150000 2.208138 0.030000 1.908059 0.030000 5.736958 0.030000 5.459127 0.030000 3.037679 0.030000 3.145495 0.030000
6.606104 0.030000 6.484219 0.030000 4.527480 0.030000 4.662428 0.030000 2.121976 0.030000 2.126097 0.150000 5.730416 0.030000 5.578345 0.030000 3.045257 0.030000 3.189283 0.030000
6.707357 0.030000 6.490110 0.030000 4.556840 0.030000 4.578137 0.030000 2.184439 0.030000 1.889882 0.030000 5.785576 0.030000 5.543768 0.030000 3.021501 0.030000 3.235945 0.030000
6.672233 0.030000 6.488381 0.030000 4.563402 0.030000 4.596821 0.030000 2.237938 0.030000 1.944724 0.030000 5.714952 0.030000 5.589984 0.030000 3.076682 0.030000 3.159572 0.030000
6.668818 0.030000 6.462520 0.030000 4.523458 0.030000 4.517891 0.030000 2.210595 0.030000 1.939100 0.030000 5.782048 0.030000 5.533068 0.030000 3.064082 0.030000 3.101005 0.030000
6.682732 0.030000 7.189509 0.150000 4.567263 0.030000 4.563500 0.030000 2.202925 0.030000 1.942346 0.030000 5.825216 0.030000 5.598946 0.030000 2.986155 0.030000 3.148032 0.030000
6.664875 0.030000 6.411479 0.030000 4.519690 0.030000 5.164530 0.150000 2.235763 0.030000 1.900056 0.030000 5.773925 0.030000 5.607867 0.030000 3.239434 0.150000 3.092587 0.030000
6.703471 0.030000 6.542765 0.030000 4.471135 0.030000 4.602784 0.030000 2.275610 0.030000 2.011866 0.030000 5.788265 0.030000 5.601403 0.030000 3.000699 0.030000 3.065288 0.030000
6.741894 0.030000 6.521278 0.030000 4.463080 0.030000 4.569700 0.030000 2.254453 0.030000 1.974058 0.030000 5.810364 0.030000 5.564789 0.030000 2.877079 0.150000 3.131484 0.030000
6.738310 0.030000 6.526681 0.030000 4.578009 0.030000 4.604268 0.030000 2.216205 0.030000 2.072787 0.030000 5.850747 0.030000 5.634826 0.030000 3.009601 0.030000 3.158300 0.030000
6.765942 0.030000 6.524024 0.030000 4.530115 0.030000 4.590476 0.030000 2.803739 0.150000 2.057312 0.030000 5.843166 0.030000 5.620771 0.030000 3.056538 0.030000 3.151960 0.030000
6.724560 0.030000 6.539812 0.030000 4.498422 0.030000 4.561432 0.030000 2.279088 0.030000 2.052963 0.030000 5.806543 0.030000 5.626838 0.030000 3.055770 0.030000 3.106136 0.030000
6.738166 0.030000 6.531918 0.030000 4.520258 0.030000 4.621842 0.030000 2.243022 0.030000 2.038680 0.030000 5.838006 0.030000 6.704760 0.150000 3.014482 0.030000 3.100303 0.030000
6.783491 0.030000 6.549608 0.030000 4.544574 0.030000 4.572835 0.030000 2.252408 0.030000 2.093725 0.030000 5.864977 0.030000 5.382672 0.150000 3.896614 0.150000 3.123768 0.030000
6.755594 0.030000 6.561832 0.030000 4.508447 0.030000 4.524738 0.030000 2.260255 0.030000 2.035141 0.030000 5.816886 0.030000 5.690969 0.030000 2.978832 0.030000 3.091804 0.030000
6.745696 0.030000 6.640551 0.030000 4.519072 0.030000 4.544121 0.030000 2.281481 0.030000 1.925677 0.150000 5.844247 0.030000 5.684427 0.030000 3.004050 0.030000 3.166460 0.030000
6.737511 0.030000 6.641452 0.030000 4.483660 0.030000 4.608993 0.030000 2.299724 0.030000 2.087883 0.030000 5.796536 0.030000 5.581178 0.030000 3.052855 0.030000 3.080350 0.030000
6.816124 0.030000 6.554548 0.030000 4.553763 0.030000 4.552504 0.030000 2.320681 0.030000 2.066106 0.030000 5.895794 0.030000 5.670086 0.030000 3.224128 0.150000 3.157861 0.030000
6.814643 0.030000 6.630742 0.030000 4.520482 0.030000 4.518898 0.030000 2.283559 0.030000 2.091727 0.030000 5.896357 0.030000 5.628656 0.030000 2.992227 0.030000 3.074449 0.030000
6.806518 0.030000 6.597293 0.030000 4.543836 0.030000 4.494679 0.030000 2.340249 0.030000 2.047911 0.030000 5.862664 0.030000 5.678823 0.030000 2.953645 0.030000 3.154188 0.030000
6.831885 0.030000 6.589061 0.030000 4.501971 0.030000 4.648577 0.150000 2.323302 0.030000 2.102521 0.030000 5.872800 0.030000 5.715325 0.030000 2.985232 0.030000 3.117298 0.030000
6.981069 0.150000 6.548122 0.030000 4.499015 0.030000 4.509400 0.030000 2.337290 0.030000 2.123294 0.030000 5.872295 0.030000 5.686729 0.030000 3.199356 0.150000 3.114609 0.030000
6.862401 0.030000 6.599234 0.030000 4.532612 0.030000 4.529188 0.030000 2.353404 0.030000 2.119364 0.030000 5.867706 0.030000 5.772832 0.030000 2.923983 0.030000 3.132812 0.030000
6.832538 0.030000 6.581289 0.030000 4.605491 0.030000 4.565710 0.030000 2.384477 0.030000 2.118172 0.030000 5.889110 0.030000 5.798239 0.030000 2.961500 0.030000 3.081347 0.030000
6.872798 0.030000 6.820233 0.150000 4.570972 0.030000 5.069997 0.150000 2.418613 0.030000 2.173792 0.030000 5.893978 0.030000 5.738821 0.030000 2.914941 0.030000 3.067918 0.030000
6.883565 0.030000 6.665934 0.030000 4.596052 0.030000 4.487401 0.030000 2.406451 0.030000 2.160168 0.030000 5.890335 0.030000 5.829292 0.030000 2.898402 0.030000 3.055258 0.030000
6.972546 0.030000 7.409292 0.150000 4.576607 0.030000 4.779445 0.150000 2.410313 0.030000 2.163862 0.030000 5.893267 0.030000 5.812459 0.030000 2.880974 0.030000 3.575133 0.150000
6.946574 0.030000 6.743747 0.030000 4.598750 0.030000 4.501778 0.030000 2.525694 0.030000 2.206065 0.030000 5.936437 0.030000 5.794734 0.030000 2.813435 0.030000 3.020736 0.030000
6.906629 0.030000 6.686743 0.030000 4.637147 0.030000 4.492785 0.030000 2.435166 0.030000 2.209647 0.030000 5.936877 0.030000 5.824421 0.030000 2.825723 0.030000 3.082218 0.030000
6.935100 0.030000 6.733573 0.030000 4.706063 0.030000 4.460925 0.030000 2.501464 0.030000 2.273367 0.030000 5.873361 0.030000 5.822053 0.030000 2.809632 0.030000 2.964471 0.150000
7.032584 0.030000 6.783886 0.030000 4.699555 0.030000 4.491736 0.030000 2.485921 0.030000 2.354616 0.030000 5.851145 0.030000 5.867864 0.030000 2.797160 0.030000 3.020640 0.030000
7.012102 0.030000 6.749497 0.030000 4.689654 0.030000 4.551792 0.030000 2.517207 0.030000 2.299766 0.030000 5.897001 0.030000 5.900657 0.030000 2.750397 0.030000 2.975084 0.030000
7.094713 0.030000 6.813896 0.030000 4.755301 0.030000 4.586868 0.030000 2.616242 0.150000 2.330275 0.030000 5.866139 0.030000 5.880260 0.030000 2.695729 0.030000 2.915985 0.030000
7.103564 0.030000 6.779875 0.150000 4.789878 0.030000 4.547479 0.030000 2.611876 0.030000 2.363505 0.030000 5.870679 0.030000 5.877812 0.030000 2.652508 0.030000 2.947933 0.030000
7.065396 0.030000 6.912486 0.030000 4.827341 0.030000 5.679701 0.150000 2.641706 0.030000 2.451779 0.030000 5.896238 0.030000 5.859411 0.030000 2.659346 0.150000 2.899268 0.030000
7.115193 0.030000 6.880395 0.030000 4.860240 0.030000 4.611486 0.030000 2.606144 0.030000 2.880889 0.150000 5.830794 0.030000 6.146444 0.150000 2.463519 0.150000 2.862207 0.030000
7.162872 0.030000 6.922091 0.030000 5.896855 0.150000 4.640856 0.030000 2.593904 0.030000 2.423491 0.030000 5.815197 0.030000 5.881096 0.030000 2.591744 0.030000 2.837463 0.030000
7.160725 0.030000 6.965059 0.030000 4.838444 0.030000 4.641621 0.030000 2.683760 0.030000 2.516672 0.030000 5.771367 0.030000 5.847564 0.030000 2.614838 0.030000 2.826917 0.030000
7.205354 0.030000 7.075316 0.030000 4.917524 0.030000 4.699536 0.030000 2.566500 0.030000 2.486034 0.030000 5.811546 0.030000 5.836656 0.030000 2.493689 0.030000 2.789494 0.030000
7.213816 0.030000 6.967904 0.030000 4.955787 0.030000 4.962996 0.150000 2.670646 0.030000 2.549164 0.030000 6.105899 0.150000 5.867416 0.030000 2.965079 0.150000 2.754269 0.030000
7.201987 0.030000 7.569711 0.150000 4.942747 0.030000 4.678768 0.030000 2.657825 0.030000 3.013787 0.150000 5.828505 0.150000 5.846445 0.030000 2.478034 0.030000 2.742749 0.030000
7.204205 0.030000 7.052918 0.030000 5.004652 0.030000 4.786179 0.030000 2.704933 0.030000 2.528580 0.030000 5.790339 0.030000 5.807360 0.030000 2.454438 0.030000 2.768222 0.150000
7.270796 0.030000 7.071855 0.030000 5.038516 0.030000 4.772305 0.030000 2.709033 0.030000 2.556410 0.030000 5.748323 0.030000 5.880236 0.030000 2.409671 0.030000 2.657544 0.030000
7.304818 0.030000 7.092012 0.030000 5.015103 0.030000 4.853114 0.030000 2.719838 0.030000 2.772308 0.150000 5.763764 0.030000 5.813848 0.030000 2.401292 0.030000 2.639603 0.030000
7.311830 0.030000 7.165050 0.030000 5.079024 0.030000 4.836604 0.030000 2.681021 0.030000 2.621381 0.030000 5.714642 0.030000 5.815964 0.030000 2.380294 0.030000 2.620531 0.030000
7.356528 0.030000 7.142732 0.030000 5.693783 0.150000 4.846650 0.030000 2.771760 0.030000 2.622364 0.030000 5.735751 0.030000 5.808702 0.030000 2.333409 0.030000 2.543043 0.030000
7.343995 0.030000 7.216047 0.030000 5.166861 0.030000 4.873090 0.030000 2.755651 0.030000 2.595307 0.030000 5.678680 0.030000 5.788216 0.030000 2.362004 0.030000 2.589329 0.030000
7.343053 0.030000 7.177975 0.030000 5.576037 0.150000 4.942076 0.030000 2.787139 0.030000 2.648733 0.030000 5.664799 0.030000 5.841430 0.030000 2.307386 0.030000 2.493770 0.030000
7.404718 0.030000 7.253109 0.030000 5.227693 0.030000 4.979006 0.030000 2.810065 0.030000 2.618882 0.030000 5.695163 0.030000 5.786278 0.030000 2.256075 0.030000 2.504587 0.030000
7.405620 0.030000 7.243999 0.030000 5.281151 0.030000 5.042175 0.030000 2.859416 0.030000 2.715738 0.030000 5.675229 0.030000 5.762003 0.030000 2.189424 0.030000 2.849198 0.150000
7.402491 0.030000 7.259145 0.030000 5.311342 0.030000 4.985960 0.030000 2.909061 0.030000 2.541029 0.150000 5.678946 0.030000 5.746395 0.030000 2.192763 0.030000 2.390761 0.030000
7.477392 0.030000 7.285832 0.030000 5.320566 0.030000 5.009975 0.030000 2.881195 0.030000 2.717091 0.030000 5.627897 0.030000 6.124407 0.150000 2.215774 0.030000 2.405273 0.030000
7.496202 0.030000 7.298618 0.030000 5.324454 0.030000 5.251948 0.150000 2.895721 0.030000 2.805027 0.030000 5.684544 0.030000 5.698892 0.030000 2.107296 0.030000 2.291676 0.030000
7.531365 0.030000 7.310237 0.030000 5.342925 0.030000 5.145084 0.030000 3.313608 0.150000 2.723184 0.030000 5.670947 0.030000 5.666761 0.030000 2.114783 0.030000 2.339680 0.030000
7.463938 0.030000 7.457615 0.150000 5.392600 0.030000 5.185481 0.030000 2.974675 0.030000 2.829556 0.030000 5.645474 0.030000 5.721212 0.030000 2.070157 0.030000 2.406212 0.030000
7.582021 0.030000 7.346836 0.030000 5.408049 0.030000 5.172069 0.030000 3.229978 0.150000 2.792408 0.030000 5.629045 0.030000 5.719907 0.030000 2.082199 0.030000 2.292806 0.030000
7.580088 0.030000 7.411943 0.030000 5.463869 0.030000 5.133794 0.030000 2.957478 0.030000 2.860642 0.030000 5.672093 0.030000 5.666214 0.030000 2.027702 0.030000 2.226742 0.030000
7.625183 0.030000 7.374980 0.030000 5.458584 0.030000 5.204170 0.030000 2.993528 0.030000 2.818958 0.030000 5.638616 0.030000 5.682837 0.030000 1.983945 0.030000 2.223917 0.030000
7.591584 0.030000 8.047854 0.150000 5.517964 0.030000 5.217982 0.030000 2.960847 0.030000 2.854679 0.030000 5.548992 0.030000 5.648757 0.030000 1.948586 0.030000 2.212884 0.030000
7.630676 0.150000 7.382797 0.030000 5.524810 0.030000 5.254492 0.030000 3.062887 0.030000 2.844077 0.030000 5.595493 0.030000 5.683831 0.030000 1.955895 0.030000 2.095128 0.030000
7.738759 0.150000 7.452768 0.030000 5.583646 0.030000 5.341018 0.030000 3.086886 0.030000 2.861403 0.030000 5.565015 0.030000 6.182498 0.150000 1.936541 0.030000 2.156331 0.030000
7.676348 0.030000 7.493350 0.030000 5.636220 0.030000 5.329355 0.030000 3.046453 0.030000 2.909506 0.030000 5.484995 0.030000 5.824523 0.150000 1.671433 0.150000 2.189440 0.030000
7.698430 0.030000 7.529759 0.030000 5.578394 0.030000 5.494129 0.150000 3.055900 0.030000 2.886741 0.030000 5.535516 0.030000 5.633694 0.030000 1.849004 0.030000 2.113656 0.030000
7.703141 0.030000 7.466388 0.030000 5.604762 0.030000 5.373208 0.030000 3.104422 0.030000 2.966702 0.030000 5.527346 0.030000 5.575684 0.030000 1.869483 0.030000 2.065070 0.030000
7.729565 0.030000 7.541753 0.030000 5.671417 0.030000 5.412861 0.030000 3.122533 0.030000 3.000294 0.030000 5.569397 0.030000 5.600341 0.030000 1.847320 0.030000 2.027004 0.030000
7.701510 0.030000 7.618382 0.030000 5.679648 0.150000 5.431499 0.030000 3.134803 0.030000 2.980902 0.030000 5.589868 0.030000 5.624603 0.030000 1.822263 0.030000 2.451451 0.150000
7.757059 0.030000 7.555271 0.030000 5.730944 0.030000 5.464352 0.030000 3.126597 0.030000 3.034318 0.030000 5.560748 0.030000 5.662257 0.030000 1.468918 0.150000 2.014051 0.030000
7.761457 0.030000 7.554360 0.030000 5.695843 0.030000 5.494901 0.030000 3.134130 0.030000 2.997497 0.030000 5.505889 0.030000 5.546005 0.030000 1.798358 0.030000 2.018797 0.030000
7.804827 0.030000 7.541473 0.030000 5.769325 0.030000 5.505460 0.030000 3.176161 0.030000 3.454310 0.150000 5.553459 0.030000 5.561490 0.030000 1.842288 0.150000 1.987008 0.030000
7.804598 0.030000 7.599326 0.030000 5.741867 0.030000 5.964055 0.150000 3.223875 0.030000 2.995911 0.030000 5.542885 0.030000 5.593931 0.030000 1.726482 0.030000 2.021315 0.030000
7.854719 0.030000 7.778931 0.150000 5.846826 0.030000 5.556478 0.030000 3.186311 0.030000 3.027835 0.030000 5.515040 0.030000 5.597006 0.030000 1.703908 0.030000 1.958931 0.030000
7.804418 0.030000 7.575100 0.150000 5.779914 0.030000 5.604028 0.030000 3.242529 0.030000 3.027729 0.030000 5.518453 0.030000 5.625648 0.030000 1.677760 0.030000 1.910896 0.030000
7.800774 0.030000 7.657948 0.030000 5.804976 0.030000 5.657177 0.030000 3.225590 0.030000 3.017935 0.030000 5.460218 0.030000 5.571253 0.030000 1.667651 0.030000 1.913389 0.030000
7.850845 0.030000 7.708265 0.030000 5.816787 0.030000 5.583801 0.030000 3.202843 0.030000 3.077270 0.030000 5.495375 0.030000 5.540167 0.030000 1.643240 0.030000 1.888529 0.030000
7.845561 0.030000 7.657321 0.030000 5.848374 0.030000 5.625580 0.030000 3.238547 0.030000 3.133374 0.030000 5.513581 0.030000 5.513772 0.030000 1.666451 0.030000 1.908732 0.030000
7.925068 0.030000 7.670053 0.030000 5.890802 0.030000 5.614908 0.030000 3.353941 0.030000 3.102609 0.030000 5.955548 0.150000 5.525882 0.030000 1.608390 0.030000 1.901372 0.030000
7.934873 0.030000 7.708368 0.030000 5.844891 0.030000 5.672346 0.030000 3.335812 0.030000 3.171639 0.030000 6.106326 0.150000 5.565562 0.030000 1.581618 0.030000 2.239008 0.150000
7.913387 0.030000 8.686025 0.150000 5.915812 0.030000 5.656621 0.030000 3.567840 0.150000 3.059218 0.030000 5.482916 0.030000 5.574798 0.030000 1.672630 0.030000 1.808559 0.030000
7.915515 0.030000 7.713223 0.030000 6.116230 0.150000 5.622432 0.030000 3.323376 0.030000 3.152831 0.030000 5.937445 0.150000 5.535794 0.030000 1.589784 0.030000 2.046831 0.150000
7.975726 0.030000 7.748261 0.030000 5.987194 0.030000 5.716438 0.030000 3.371784 0.030000 3.094738 0.030000 5.445640 0.030000 5.493806 0.030000 1.569561 0.030000 1.777636 0.030000
7.952662 0.030000 7.726921 0.030000 5.946861 0.030000 6.147857 0.150000 3.384141 0.030000 3.171286 0.030000 5.408578 0.030000 5.569374 0.030000 1.559119 0.030000 1.809038 0.030000
8.003111 0.030000 7.774647 0.030000 5.993236 0.030000 5.717615 0.030000 3.374668 0.030000 3.206141 0.030000 5.442896 0.030000 5.545205 0.030000 1.521946 0.030000 1.750041 0.030000
7.979031 0.030000 7.769108 0.030000 5.951895 0.030000 5.706413 0.030000 3.415896 0.030000 3.192063 0.030000 5.469653 0.030000 5.525986 0.030000 1.533352 0.030000 1.769204 0.030000
7.970758 0.030000 7.787186 0.030000 5.959544 0.030000 5.714779 0.030000 3.398541 0.030000 3.209870 0.030000 7.205643 0.150000 5.517203 0.030000 1.548422 0.030000 1.819147 0.030000
7.997578 0.030000 7.800353 0.030000 6.080833 0.030000 5.771464 0.030000 3.417095 0.030000 3.153703 0.030000 5.428222 0.030000 5.507455 0.030000 1.479976 0.030000 1.712470 0.030000
8.001162 0.030000 7.779503 0.030000 6.039260 0.030000 5.811111 0.030000 3.429465 0.030000 3.263224 0.030000 5.428208 0.030000 5.541646 0.030000 1.453254 0.030000 1.712521 0.030000
8.033890 0.030000 8.107965 0.150000 6.026469 0.030000 5.742127 0.030000 3.385385 0.030000 3.241186 0.030000 5.436467 0.030000 5.477708 0.030000 1.572911 0.150000 1.694876 0.030000
7.989363 0.030000 7.795300 0.030000 6.002515 0.030000 5.833842 0.030000 3.342713 0.030000 3.189242 0.030000 5.465899 0.030000 5.454520 0.150000 1.532688 0.030000 1.748470 0.030000
8.086822 0.030000 7.869719 0.030000 6.227426 0.150000 5.814225 0.030000 3.398158 0.030000 3.272041 0.030000 5.451605 0.030000 5.508273 0.030000 1.454832 0.030000 1.739718 0.030000
8.034146 0.030000 7.856156 0.030000 6.079976 0.030000 5.795606 0.030000 3.479309 0.030000 3.187886 0.030000 5.401790 0.030000 5.499787 0.030000 1.496718 0.030000 1.677435 0.030000
8.051019 0.150000 7.860745 0.030000 6.052394 0.030000 5.780645 0.030000 5.255667 0.150000 3.256191 0.030000 5.494324 0.030000 5.422506 0.030000 1.482585 0.150000 1.644941 0.030000
8.041896 0.030000 7.886390 0.030000 6.126769 0.030000 6.493788 0.150000 3.442452 0.030000 3.269396 0.030000 5.474468 0.030000 5.492759 0.030000 1.471709 0.030000 1.654733 0.030000
8.003116 0.030000 7.901083 0.030000 6.164542 0.030000 5.800203 0.030000 3.787307 0.150000 3.239615 0.030000 5.436038 0.030000 5.519961 0.030000 1.435492 0.030000 1.705296 0.030000
8.372843 0.150000 7.917757 0.030000 6.064921 0.030000 5.838285 0.030000 3.479357 0.030000 3.282863 0.030000 5.451240 0.030000 5.510846 0.030000 1.466788 0.030000 1.667498 0.030000
8.055641 0.030000 7.831570 0.030000 6.737159 0.150000 5.861223 0.030000 3.446853 0.030000 3.237865 0.030000 5.381691 0.030000 5.460259 0.030000 1.460724 0.030000 1.727345 0.150000
8.034150 0.030000 7.808806 0.030000 6.134937 0.030000 5.862312 0.030000 3.405534 0.030000 3.281242 0.030000 5.419491 0.030000 5.502688 0.030000 1.440573 0.030000 1.653570 0.030000
8.087210 0.030000 7.847474 0.150000 6.156295 0.030000 5.873962 0.030000 3.503020 0.030000 3.268279 0.030000 5.461887 0.030000 5.502244 0.030000 1.432613 0.030000 1.655933 0.030000
8.028456 0.030000 7.907584 0.030000 6.189256 0.030000 5.837739 0.030000 3.419177 0.030000 3.312297 0.030000 5.401046 0.030000 5.454178 0.030000 1.446045 0.030000 1.627352 0.030000
8.059723 0.030000 7.860163 0.030000 6.137743 0.030000 5.913561 0.030000 3.440011 0.030000 3.223738 0.030000 5.398988 0.030000 5.463061 0.030000 1.425976 0.030000 1.642151 0.030000
8.116030 0.030000 7.878248 0.030000 6.094271 0.030000 5.902038 0.030000 3.489815 0.030000 3.368662 0.030000 5.731709 0.150000 5.552446 0.030000 1.435229 0.030000 1.629879 0.030000
8.074565 0.030000 7.885424 0.030000 6.157426 0.030000 5.904332 0.030000 3.455789 0.030000 3.400843 0.030000 5.425152 0.030000 5.510576 0.030000 1.473646 0.030000 1.628545 0.030000
8.045661 0.030000 8.534225 0.150000 6.146664 0.030000 5.832741 0.030000 3.424232 0.030000 3.284486 0.030000 5.435437 0.030000 5.526833 0.030000 1.427038 0.030000 1.569975 0.030000
8.059714 0.030000 7.935212 0.030000 6.213773 0.030000 5.839461 0.030000 3.468997 0.030000 3.342263 0.030000 5.353650 0.030000 5.535481 0.150000 1.379734 0.030000 1.525499 0.030000
8.858105 0.150000 7.963383 0.030000 6.200124 0.030000 6.322328 0.150000 3.460016 0.030000 3.339235 0.030000 5.352711 0.030000 5.562117 0.030000 1.416014 0.030000 1.626418 0.030000
8.050050 0.030000 7.956147 0.030000 6.167116 0.030000 6.066226 0.150000 3.500811 0.030000 3.315709 0.030000 5.305325 0.030000 5.538439 0.030000 1.402982 0.030000 1.558377 0.030000
8.040743 0.030000 7.983685 0.030000 6.200185 0.030000 5.919824 0.030000 3.425658 0.030000 3.362406 0.030000 5.306244 0.030000 5.471882 0.030000 1.427065 0.030000 1.550678 0.030000
8.069050 0.030000 7.964128 0.030000 6.200791 0.030000 6.366020 0.150000 3.488514 0.030000 3.348101 0.030000 5.310852 0.030000 5.525212 0.030000 1.395271 0.030000 1.491783 0.030000
8.099965 0.030000 8.058377 0.030000 6.231278 0.030000 5.964636 0.030000 3.464827 0.030000 3.402658 0.030000 5.515596 0.150000 5.525256 0.030000 1.383201 0.030000 1.508292 0.030000
8.043239 0.030000 8.017859 0.030000 6.246219 0.030000 6.048496 0.030000 3.421960 0.030000 3.418427 0.030000 5.245398 0.030000 5.463553 0.030000 1.410051 0.030000 1.471246 0.030000
8.012202 0.030000 8.106447 0.030000 6.253778 0.030000 6.096748 0.030000 3.419006 0.030000 3.568144 0.150000 5.219726 0.030000 5.524686 0.030000 1.435321 0.030000 1.423148 0.030000
7.989253 0.030000 8.023282 0.030000 6.249073 0.030000 6.094243 0.030000 3.393734 0.030000 3.411523 0.030000 5.242241 0.030000 5.458915 0.030000 1.412784 0.030000 1.481885 0.030000
7.980549 0.030000 8.056616 0.030000 6.221201 0.030000 6.083558 0.150000 3.429400 0.030000 3.416868 0.030000 5.359489 0.150000 5.438358 0.030000 1.480991 0.030000 1.429036 0.030000
7.991488 0.030000 8.064312 0.030000 6.229645 0.030000 6.092888 0.030000 3.343775 0.030000 3.455740 0.030000 5.092640 0.030000 5.454286 0.030000 1.504042 0.030000 1.286541 0.150000
7.868077 0.150000 8.064647 0.030000 6.281252 0.030000 6.187999 0.030000 3.385133 0.030000 3.439198 0.030000 5.100674 0.030000 5.373461 0.030000 1.520376 0.030000 1.471970 0.030000
7.922443 0.030000 8.045030 0.030000 6.515269 0.150000 6.700236 0.150000 3.348951 0.030000 3.395792 0.030000 5.115368 0.030000 5.311286 0.030000 1.492259 0.030000 1.529802 0.150000
7.987208 0.030000 7.987085 0.030000 6.297216 0.030000 6.190591 0.030000 3.340166 0.030000 3.473008 0.030000 5.123788 0.030000 5.699561 0.150000 1.553703 0.030000 1.378582 0.030000
7.953574 0.030000 8.027280 0.030000 6.261531 0.030000 6.133766 0.030000 3.287224 0.030000 3.402895 0.030000 5.069870 0.030000 5.294998 0.030000 2.132559 0.150000 1.459773 0.030000
7.895131 0.030000 8.014958 0.030000 6.350880 0.030000 6.187185 0.030000 3.325764 0.030000 3.438820 0.030000 5.012229 0.030000 5.310977 0.150000 2.084487 0.150000 1.449755 0.030000
7.884650 0.030000 8.002031 0.030000 6.302435 0.030000 6.187248 0.030000 3.321975 0.030000 3.464799 0.030000 5.050956 0.030000 5.231805 0.030000 1.658671 0.030000 1.415464 0.030000
7.851905 0.030000 7.999369 0.030000 6.284947 0.030000 6.228503 0.030000 3.291346 0.030000 3.394852 0.030000 5.196860 0.150000 5.265086 0.030000 1.632152 0.030000 1.462214 0.030000
7.851934 0.030000 7.994498 0.030000 6.308482 0.030000 6.213455 0.030000 3.261400 0.030000 3.402198 0.030000 4.957174 0.030000 5.204447 0.030000 1.678665 0.030000 1.702239 0.150000
7.844699 0.030000 7.963114 0.030000 6.299514 0.030000 6.256140 0.030000 3.251741 0.030000 3.349683 0.030000 4.924361 0.030000 5.148176 0.030000 1.658203 0.030000 1.487795 0.030000
7.613594 0.150000 7.982916 0.030000 6.325053 0.030000 6.280223 0.030000 3.186823 0.030000 3.300926 0.030000 4.834518 0.030000 5.153782 0.030000 1.699315 0.030000 1.574272 0.030000
7.758085 0.030000 8.319578 0.150000 6.291488 0.030000 6.287666 0.030000 3.224633 0.030000 3.337852 0.030000 4.880194 0.030000 5.151803 0.030000 1.738731 0.030000 1.551368 0.030000
7.750509 0.030000 7.931563 0.030000 6.256494 0.030000 6.273055 0.030000 3.193415 0.030000 3.344347 0.030000 4.806393 0.030000 5.026014 0.030000 1.744346 0.030000 2.082355 0.150000
7.769282 0.030000 7.961826 0.030000 6.316135 0.030000 6.277237 0.030000 3.201619 0.030000 3.289434 0.030000 4.776300 0.030000 5.065426 0.030000 1.799363 0.030000 1.567595 0.030000
7.740035 0.030000 7.755978 0.150000 6.318687 0.030000 6.255681 0.030000 3.154745 0.030000 3.345463 0.030000 4.790276 0.030000 4.989206 0.030000 1.761629 0.030000 1.593134 0.030000
7.679015 0.030000 7.907897 0.030000 6.831283 0.150000 6.290530 0.030000 3.130236 0.030000 3.290282 0.030000 4.739371 0.030000 4.995294 0.030000 1.785802 0.030000 1.651894 0.030000
7.704714 0.030000 7.834037 0.030000 6.306708 0.030000 6.754401 0.150000 3.116817 0.030000 3.218707 0.030000 4.677966 0.030000 4.908347 0.030000 1.900301 0.030000 1.949836 0.150000
7.691314 0.030000 7.812103 0.030000 6.309339 0.030000 6.270064 0.030000 3.117583 0.030000 3.284688 0.030000 4.706112 0.030000 4.913851 0.030000 1.850196 0.030000 1.694610 0.030000
7.630843 0.030000 7.759845 0.030000 6.366530 0.030000 6.304425 0.030000 3.104080 0.030000 3.224156 0.030000 4.679986 0.030000 4.903191 0.030000 1.881254 0.030000 1.758816 0.030000
7.550319 0.030000 7.781425 0.030000 6.275863 0.030000 6.295598 0.030000 3.037399 0.030000 3.229255 0.030000 4.664403 0.030000 4.878644 0.030000 1.949178 0.030000 1.693817 0.030000
7.582475 0.030000 7.762177 0.030000 6.315833 0.030000 6.351462 0.030000 3.067193 0.030000 3.171995 0.030000 5.096600 0.150000 4.803509 0.030000 1.940376 0.030000 1.754782 0.030000
7.602581 0.030000 7.753038 0.030000 6.324398 0.030000 6.269463 0.030000 3.028257 0.030000 3.167384 0.030000 4.622086 0.030000 4.794033 0.030000 1.962965 0.030000 1.806750 0.030000
7.526459 0.030000 8.054461 0.150000 6.375837 0.030000 6.336952 0.030000 3.004638 0.030000 3.159272 0.030000 4.576040 0.030000 4.751660 0.030000 2.001976 0.030000 1.767604 0.030000
7.572648 0.030000 7.724261 0.030000 6.354197 0.030000 6.251436 0.030000 3.040492 0.030000 3.112753 0.030000 4.508140 0.030000 4.739760 0.030000 2.046472 0.030000 1.863091 0.030000
7.542462 0.030000 7.662064 0.030000 6.365665 0.030000 6.281377 0.030000 3.065296 0.030000 3.102813 0.030000 4.454057 0.030000 4.788564 0.030000 2.010588 0.030000 1.874040 0.030000
7.525866 0.030000 7.647715 0.030000 6.354020 0.030000 6.358231 0.030000 3.113193 0.150000 3.056529 0.030000 4.862648 0.150000 4.711605 0.030000 2.111508 0.030000 1.881759 0.030000
7.489005 0.030000 7.669124 0.030000 6.340937 0.030000 6.343268 0.030000 2.954941 0.030000 3.093874 0.030000 4.645810 0.150000 4.618996 0.030000 2.112173 0.030000 1.902821 0.030000
7.473410 0.030000 7.631824 0.030000 6.386490 0.030000 6.324416 0.030000 2.955706 0.030000 3.110627 0.030000 4.590210 0.150000 4.662729 0.030000 2.107675 0.030000 1.928525 0.030000
7.478587 0.030000 7.610403 0.030000 6.367570 0.030000 6.309059 0.030000 2.957642 0.030000 3.058830 0.030000 4.413347 0.030000 4.584476 0.030000 2.159242 0.030000 1.924182 0.030000
7.485813 0.030000 7.578180 0.030000 6.454079 0.030000 6.382063 0.030000 2.938236 0.030000 3.018981 0.030000 4.341148 0.030000 4.574766 0.030000 2.209740 0.030000 2.045995 0.030000
7.497361 0.030000 7.621265 0.030000 6.393079 0.030000 6.430723 0.030000 2.960112 0.030000 3.031263 0.030000 4.332877 0.030000 4.550170 0.030000 2.204900 0.030000 2.010623 0.030000
7.432240 0.030000 7.589718 0.030000 6.426495 0.030000 6.379238 0.030000 2.897686 0.030000 3.003696 0.030000 4.269848 0.030000 4.560316 0.030000 2.200352 0.030000 2.043907 0.030000
7.463689 0.150000 7.524936 0.030000 6.437961 0.030000 6.384842 0.030000 2.921517 0.030000 2.957855 0.030000 4.227700 0.030000 4.448687 0.030000 2.283022 0.030000 2.023164 0.030000
7.333173 0.030000 7.517610 0.030000 6.413968 0.030000 6.348470 0.030000 2.870070 0.030000 2.942856 0.030000 4.243559 0.030000 4.423953 0.030000 2.322335 0.030000 2.039841 0.030000
7.343670 0.030000 7.456109 0.030000 6.457202 0.030000 6.385210 0.030000 2.924877 0.030000 3.002242 0.030000 3.866123 0.150000 4.443161 0.030000 2.299313 0.030000 2.124966 0.030000
7.328725 0.030000 7.465984 0.030000 6.467247 0.030000 6.377790 0.030000 2.901108 0.030000 2.929577 0.030000 4.423877 0.150000 4.444278 0.150000 2.381403 0.030000 2.075475 0.030000
7.319253 0.030000 7.482135 0.030000 6.471169 0.030000 6.419725 0.030000 2.864078 0.030000 2.948482 0.030000 4.133725 0.030000 4.448000 0.030000 2.384777 0.030000 2.163171 0.030000
7.326153 0.030000 7.448161 0.030000 6.426678 0.030000 6.435460 0.030000 2.795306 0.030000 3.271994 0.150000 4.106826 0.030000 4.405104 0.030000 2.426510 0.030000 2.215012 0.030000
7.314300 0.030000 7.397608 0.030000 6.450009 0.030000 6.432437 0.030000 2.825667 0.030000 2.859445 0.030000 4.087806 0.030000 4.313926 0.030000 2.401445 0.030000 2.173708 0.030000
7.316138 0.030000 7.401629 0.030000 6.477276 0.030000 6.353705 0.030000 2.807894 0.030000 2.949560 0.030000 4.090491 0.030000 4.311231 0.030000 2.481270 0.030000 2.197562 0.030000
7.246766 0.030000 7.424009 0.030000 6.525207 0.030000 6.449602 0.030000 2.838671 0.030000 2.851458 0.030000 4.029496 0.030000 5.498961 0.150000 2.443451 0.030000 2.220755 0.030000
7.398002 0.150000 7.379333 0.030000 6.517941 0.030000 6.425519 0.030000 2.852351 0.030000 2.914414 0.030000 4.035010 0.030000 4.202646 0.030000 2.489524 0.030000 2.406952 0.150000
7.251193 0.030000 7.346934 0.030000 6.497412 0.030000 6.489002 0.030000 2.802089 0.030000 2.889283 0.030000 3.957197 0.030000 4.241813 0.030000 2.546838 0.030000 2.377257 0.030000
7.865613 0.150000 7.952443 0.150000 6.514841 0.030000 6.477926 0.030000 2.728874 0.030000 2.865301 0.030000 3.879266 0.030000 4.167549 0.030000 2.549657 0.030000 2.337292 0.030000
7.193574 0.030000 7.207630 0.030000 6.586739 0.030000 6.910292 0.150000 2.781602 0.030000 2.838983 0.030000 3.952297 0.030000 4.103956 0.030000 2.649479 0.030000 2.350376 0.030000
7.178725 0.030000 7.343913 0.030000 6.581062 0.030000 6.438556 0.030000 2.754688 0.030000 2.830181 0.030000 3.815491 0.030000 4.108243 0.030000 2.616797 0.030000 2.388813 0.030000
7.154926 0.030000 7.269584 0.030000 6.586309 0.030000 6.459301 0.030000 2.739165 0.030000 2.988443 0.150000 3.805613 0.030000 4.011878 0.030000 2.628964 0.030000 2.638498 0.150000
7.153267 0.030000 7.276655 0.030000 6.570476 0.030000 6.480256 0.030000 2.782136 0.030000 2.904911 0.030000 3.868998 0.030000 4.081856 0.030000 2.625729 0.030000 2.445697 0.030000
7.196789 0.030000 7.253041 0.030000 6.549249 0.030000 6.500321 0.030000 2.825638 0.030000 2.812131 0.030000 3.791557 0.030000 4.053836 0.030000 2.710760 0.030000 2.475351 0.030000
7.128960 0.030000 7.262230 0.030000 6.563329 0.030000 6.500700 0.030000 2.698722 0.030000 2.818867 0.030000 3.814361 0.030000 4.024868 0.030000 2.752030 0.030000 2.487416 0.030000
7.069920 0.030000 7.228466 0.030000 6.626912 0.030000 7.359378 0.150000 2.726085 0.030000 2.816594 0.030000 3.703729 0.030000 4.187007 0.150000 2.753209 0.030000 2.545412 0.030000
7.117231 0.030000 7.233690 0.030000 6.605142 0.030000 6.545385 0.030000 2.690881 0.030000 2.820568 0.030000 3.701483 0.030000 3.963230 0.030000 2.735228 0.030000 2.511123 0.030000
7.083692 0.030000 7.195905 0.030000 6.542555 0.030000 6.535992 0.030000 2.737813 0.030000 2.788954 0.030000 3.649684 0.030000 3.886083 0.030000 3.145718 0.150000 2.596189 0.030000
7.094036 0.030000 7.146573 0.030000 6.682243 0.030000 6.559477 0.030000 2.706999 0.030000 2.741139 0.030000 3.663480 0.030000 3.909819 0.030000 2.839926 0.030000 2.595045 0.030000
7.112555 0.150000 7.803981 0.150000 6.646995 0.030000 6.504174 0.030000 2.687850 0.030000 2.808883 0.030000 3.636271 0.030000 3.847368 0.030000 2.608406 0.150000 2.644471 0.030000
7.041123 0.030000 7.399768 0.150000 6.630576 0.030000 6.619050 0.030000 2.680734 0.030000 2.737474 0.030000 3.583836 0.030000 3.823344 0.030000 2.873073 0.030000 2.701191 0.030000
7.034178 0.030000 7.086715 0.030000 6.656663 0.030000 6.534997 0.030000 2.679439 0.030000 2.752284 0.030000 4.023202 0.150000 3.804181 0.030000 2.940550 0.030000 2.690343 0.030000
7.069394 0.030000 7.131167 0.030000 6.654847 0.030000 6.562926 0.030000 2.668667 0.030000 2.720550 0.030000 3.568889 0.030000 3.706791 0.030000 2.891780 0.030000 2.723155 0.030000
7.060807 0.150000 7.465647 0.150000 6.741153 0.030000 8.018487 0.150000 2.645500 0.030000 2.754139 0.030000 3.518079 0.030000 3.760417 0.030000 2.992127 0.030000 2.759053 0.030000
7.002654 0.030000 7.061667 0.030000 6.684765 0.030000 6.644684 0.030000 2.614391 0.030000 2.756117 0.030000 3.709972 0.150000 3.702524 0.030000 3.003960 0.030000 2.700623 0.030000
6.968253 0.030000 7.092351 0.030000 6.730343 0.030000 6.639483 0.030000 2.637252 0.030000 2.689432 0.030000 3.447565 0.030000 3.709481 0.030000 3.279854 0.150000 2.823328 0.030000
6.945638 0.030000 7.200022 0.150000 6.733970 0.030000 6.657282 0.030000 2.655615 0.030000 2.661577 0.030000 3.458889 0.030000 3.646753 0.030000 3.063820 0.030000 2.810924 0.030000
7.181357 0.150000 7.024679 0.030000 6.713267 0.030000 6.633244 0.030000 2.705320 0.030000 2.862414 0.150000 3.408140 0.030000 3.577838 0.030000 3.108426 0.030000 2.848031 0.030000
6.884589 0.030000 7.258899 0.150000 6.725353 0.030000 6.680227 0.030000 2.696506 0.030000 2.758465 0.030000 3.431547 0.030000 3.599991 0.030000 2.936288 0.150000 2.863172 0.030000
6.923804 0.030000 7.008235 0.030000 6.760669 0.030000 6.598875 0.030000 2.704075 0.030000 2.703758 0.030000 3.382560 0.030000 3.629660 0.030000 3.839225 0.150000 2.882707 0.030000
6.866396 0.030000 7.026781 0.030000 6.771197 0.030000 6.634700 0.030000 2.699994 0.030000 2.717892 0.030000 3.329788 0.030000 3.505331 0.030000 3.186103 0.030000 2.929914 0.030000
6.848622 0.030000 7.020746 0.030000 6.748946 0.030000 6.701154 0.030000 2.690480 0.030000 2.663151 0.030000 3.312739 0.030000 3.558971 0.030000 3.239261 0.030000 2.955173 0.030000
6.884070 0.030000 6.947292 0.030000 6.817408 0.030000 6.698644 0.030000 2.656006 0.030000 2.733354 0.030000 3.164991 0.030000 3.434488 0.030000 3.842403 0.150000 2.994630 0.030000
6.894830 0.030000 6.960875 0.030000 6.783594 0.030000 6.531816 0.150000 2.670276 0.030000 2.661562 0.030000 3.247269 0.030000 3.438637 0.030000 3.241167 0.030000 2.995912 0.030000
6.808285 0.030000 6.970755 0.030000 6.836757 0.030000 6.704127 0.030000 2.649262 0.030000 3.497176 0.150000 3.227926 0.030000 3.442523 0.030000 3.276434 0.030000 3.030779 0.030000
6.858237 0.030000 6.928141 0.030000 6.869061 0.030000 6.653529 0.030000 2.693946 0.030000 2.934561 0.150000 3.150884 0.030000 3.398980 0.030000 3.328772 0.030000 3.073555 0.030000
6.817872 0.030000 6.876520 0.030000 7.146849 0.150000 6.777429 0.030000 2.703874 0.030000 2.662039 0.030000 3.162152 0.030000 3.420516 0.030000 3.280329 0.030000 3.149097 0.030000
6.949840 0.150000 6.930930 0.030000 6.923423 0.030000 6.731778 0.030000 2.648113 0.030000 2.766697 0.030000 3.139973 0.030000 3.356098 0.030000 3.364044 0.030000 3.173587 0.030000
6.703944 0.030000 6.752140 0.150000 6.861224 0.030000 6.731323 0.030000 2.694780 0.030000 2.675095 0.030000 3.298047 0.150000 3.384006 0.030000 3.401195 0.030000 3.135410 0.030000
6.659249 0.150000 6.858167 0.030000 7.246981 0.150000 6.747537 0.030000 3.091613 0.150000 2.697190 0.030000 3.042551 0.030000 3.298180 0.030000 3.446825 0.030000 3.137093 0.030000
6.785676 0.030000 6.841107 0.030000 6.867304 0.030000 6.819325 0.030000 2.720173 0.030000 2.713404 0.030000 3.077851 0.030000 3.293418 0.030000 3.438055 0.030000 3.261328 0.030000
6.746289 0.030000 6.862856 0.030000 6.916107 0.030000 6.803958 0.030000 3.555527 0.150000 2.685961 0.030000 3.014438 0.030000 3.440707 0.150000 3.440609 0.030000 3.221484 0.030000
6.428089 0.150000 6.850949 0.030000 6.882280 0.030000 6.833010 0.030000 2.638226 0.030000 2.671043 0.030000 2.993084 0.030000 3.211445 0.030000 3.486471 0.030000 3.186955 0.030000
6.748922 0.030000 6.826830 0.030000 6.912690 0.030000 6.786685 0.030000 2.701089 0.030000 2.972533 0.150000 2.942339 0.030000 3.219933 0.030000 3.574629 0.030000 3.254182 0.030000
6.742276 0.030000 6.774525 0.030000 6.954747 0.030000 6.855596 0.030000 2.701920 0.030000 2.679586 0.030000 2.893982 0.030000 3.725820 0.150000 3.573767 0.030000 3.383843 0.030000
6.680299 0.030000 6.794816 0.030000 6.944674 0.030000 6.923114 0.030000 2.804974 0.150000 2.687589 0.030000 2.926833 0.030000 3.124971 0.030000 3.556920 0.030000 3.360793 0.030000
6.656114 0.030000 6.768631 0.030000 7.001386 0.030000 6.903240 0.030000 2.704546 0.030000 2.673184 0.030000 2.912720 0.030000 3.089967 0.030000 3.585683 0.030000 3.384010 0.030000
6.651722 0.030000 6.752281 0.030000 6.997297 0.030000 6.841796 0.030000 2.725289 0.030000 2.672450 0.030000 3.228306 0.150000 3.388762 0.150000 3.611359 0.030000 3.419567 0.030000
6.601747 0.030000 7.054013 0.150000 7.036685 0.030000 6.918110 0.030000 2.678873 0.030000 2.655131 0.030000 2.821552 0.030000 3.031782 0.030000 3.732016 0.030000 3.433856 0.030000
6.627568 0.030000 6.769222 0.030000 7.051415 0.030000 6.855282 0.150000 2.677788 0.030000 2.671659 0.030000 2.785638 0.030000 3.563066 0.150000 3.658194 0.030000 3.366661 0.150000
6.604635 0.030000 6.694790 0.030000 7.127370 0.150000 7.843539 0.150000 2.650712 0.030000 2.633319 0.030000 2.805522 0.030000 3.034850 0.030000 3.659057 0.030000 3.439922 0.030000
7.882249 0.150000 6.714453 0.030000 7.027221 0.030000 6.944479 0.030000 2.721799 0.030000 2.670560 0.030000 2.775910 0.030000 2.984575 0.030000 3.763039 0.030000 3.489105 0.030000
6.554032 0.030000 6.747918 0.030000 7.057397 0.030000 6.913614 0.030000 2.748254 0.030000 2.688150 0.030000 2.738385 0.030000 2.916596 0.030000 3.733093 0.030000 3.559306 0.030000
6.787333 0.150000 6.700344 0.030000 7.064189 0.030000 6.959448 0.030000 2.742684 0.030000 2.711296 0.030000 2.709273 0.030000 2.964055 0.030000 3.810684 0.030000 3.569430 0.030000
6.581718 0.150000 6.630236 0.030000 7.101353 0.030000 6.973201 0.030000 2.734349 0.030000 2.729262 0.030000 2.685066 0.030000 2.863770 0.030000 3.803175 0.150000 3.580901 0.030000
6.609915 0.030000 6.693669 0.030000 7.116887 0.030000 6.986150 0.030000 3.100673 0.150000 2.710215 0.030000 2.611241 0.030000 2.885488 0.030000 3.885022 0.030000 3.578622 0.030000
6.542283 0.030000 6.647428 0.030000 7.145177 0.030000 7.002877 0.030000 2.728107 0.030000 2.665970 0.030000 2.619886 0.030000 2.842274 0.030000 3.874656 0.030000 4.134107 0.150000
6.553259 0.030000 6.671533 0.030000 7.170375 0.030000 6.990703 0.030000 2.758851 0.030000 2.715343 0.030000 2.651940 0.030000 2.794681 0.030000 3.986506 0.030000 3.725808 0.030000
6.510859 0.030000 6.697307 0.030000 7.206233 0.030000 7.031432 0.030000 2.778002 0.030000 2.749621 0.030000 2.556712 0.030000 2.776407 0.030000 3.936705 0.030000 3.764825 0.030000
6.525299 0.030000 6.718302 0.150000 7.167906 0.030000 7.066448 0.030000 2.798665 0.030000 2.752390 0.030000 2.571994 0.030000 2.784627 0.030000 3.954528 0.030000 3.772492 0.030000
6.453200 0.030000 6.554791 0.030000 7.169174 0.030000 7.085600 0.030000 2.828060 0.030000 2.684451 0.030000 2.459430 0.030000 2.628908 0.030000 3.997959 0.030000 3.892793 0.150000
6.531654 0.030000 6.635193 0.030000 7.169344 0.030000 7.054223 0.030000 2.769475 0.030000 2.698652 0.030000 2.515588 0.030000 2.717816 0.030000 4.091926 0.030000 3.871478 0.150000
6.439924 0.030000 6.576246 0.030000 7.265547 0.030000 7.080007 0.030000 2.782925 0.030000 2.703553 0.030000 3.065959 0.150000 2.673821 0.030000 4.088393 0.030000 3.856275 0.030000
6.515285 0.030000 6.586509 0.030000 7.734310 0.150000 7.136446 0.030000 2.735925 0.030000 2.768435 0.030000 2.476414 0.030000 2.606951 0.030000 4.113973 0.030000 3.919219 0.030000
6.466712 0.030000 6.577522 0.030000 7.331522 0.030000 7.103672 0.030000 2.828726 0.030000 2.780506 0.030000 2.376540 0.030000 2.666906 0.030000 4.132745 0.030000 3.959295 0.030000
6.494136 0.030000 6.561331 0.030000 7.235243 0.030000 7.159924 0.030000 2.850012 0.030000 2.752818 0.030000 2.351258 0.030000 2.640415 0.030000 4.409132 0.150000 3.934313 0.030000
6.436503 0.030000 6.503595 0.030000 7.282838 0.030000 7.111584 0.030000 2.814695 0.030000 2.790552 0.030000 2.326883 0.030000 2.571084 0.030000 4.232712 0.030000 3.987795 0.030000
6.434930 0.030000 6.513765 0.030000 7.264443 0.030000 7.178799 0.030000 2.839638 0.030000 2.765605 0.030000 2.322925 0.030000 2.531480 0.030000 4.254420 0.030000 3.972759 0.030000
6.464785 0.030000 6.502719 0.030000 7.956646 0.150000 7.219471 0.030000 2.842402 0.030000 2.805977 0.030000 2.310630 0.030000 2.835191 0.150000 4.260122 0.030000 3.996477 0.030000
6.558663 0.150000 6.504701 0.030000 7.295378 0.030000 7.220279 0.030000 2.871837 0.030000 2.959064 0.150000 2.238431 0.030000 2.473566 0.030000 4.291518 0.030000 4.068593 0.030000
6.402911 0.030000 6.462335 0.030000 7.328580 0.030000 7.195161 0.030000 2.900862 0.030000 2.828556 0.030000 2.255699 0.030000 2.441566 0.030000 4.292897 0.030000 4.100097 0.030000
6.341166 0.030000 6.476022 0.030000 7.298847 0.030000 7.175773 0.030000 2.880457 0.030000 2.730405 0.150000 2.276300 0.030000 2.480933 0.030000 4.347221 0.030000 4.085923 0.030000
6.362843 0.030000 6.465927 0.030000 7.423729 0.030000 7.346968 0.030000 2.929543 0.030000 3.010687 0.150000 2.227247 0.030000 2.455013 0.030000 4.421132 0.030000 4.164159 0.030000
6.409892 0.030000 6.466001 0.030000 7.386271 0.030000 7.315504 0.030000 2.865884 0.030000 2.820607 0.030000 2.193231 0.030000 2.419852 0.030000 4.386483 0.030000 4.135552 0.030000
6.383287 0.030000 6.376962 0.030000 7.658382 0.150000 7.298177 0.030000 2.870684 0.030000 2.858373 0.030000 2.143638 0.030000 2.403317 0.030000 4.461272 0.030000 4.181167 0.030000
6.328683 0.030000 6.429726 0.030000 7.410720 0.030000 7.276686 0.030000 2.940255 0.030000 2.824518 0.030000 2.260201 0.150000 2.355177 0.030000 4.926962 0.150000 4.172480 0.030000
6.366610 0.030000 6.454567 0.030000 7.436915 0.030000 7.335482 0.030000 2.987064 0.030000 2.873965 0.030000 2.074490 0.030000 2.296282 0.030000 4.530252 0.030000 4.275659 0.030000
6.305078 0.030000 6.435120 0.030000 7.421425 0.030000 7.328190 0.030000 2.994659 0.030000 2.828400 0.150000 2.080239 0.030000 2.295058 0.030000 4.498726 0.030000 4.282297 0.030000
6.328744 0.030000 6.382783 0.030000 7.501979 0.030000 7.309127 0.030000 2.948161 0.030000 2.885973 0.030000 2.011856 0.030000 2.289853 0.030000 4.599328 0.030000 4.277648 0.030000
6.539876 0.150000 6.339726 0.030000 7.491722 0.030000 7.369132 0.030000 2.980384 0.030000 3.693643 0.150000 2.015913 0.030000 2.233312 0.030000 4.553124 0.030000 4.305175 0.030000
6.716911 0.150000 7.760051 0.150000 8.027810 0.150000 7.383618 0.030000 3.005817 0.030000 2.930891 0.030000 2.041974 0.030000 2.211949 0.030000 4.659870 0.030000 4.344375 0.030000
6.303773 0.030000 6.395541 0.030000 7.528448 0.030000 7.414092 0.030000 3.001658 0.030000 2.884307 0.030000 1.997415 0.030000 2.194975 0.030000 4.613182 0.030000 4.408443 0.030000
6.304916 0.030000 6.391176 0.030000 7.611264 0.030000 7.439757 0.030000 2.995184 0.030000 2.903584 0.030000 1.984222 0.030000 2.185621 0.030000 4.777998 0.150000 4.387736 0.030000
6.372943 0.030000 6.328035 0.030000 7.555091 0.030000 7.445303 0.030000 3.059558 0.030000 2.937045 0.030000 1.991443 0.030000 2.098852 0.030000 4.693953 0.030000 4.451950 0.030000
6.261529 0.030000 6.385706 0.030000 7.610909 0.030000 7.583002 0.150000 3.115141 0.030000 2.911606 0.030000 1.913109 0.030000 2.132998 0.030000 4.668654 0.030000 4.414086 0.030000
6.325543 0.030000 6.382252 0.030000 7.687021 0.030000 7.509110 0.030000 3.105164 0.030000 3.004333 0.030000 1.946197 0.030000 2.094268 0.030000 4.738432 0.030000 4.483911 0.030000
6.258363 0.030000 6.321931 0.030000 7.590661 0.030000 7.428631 0.030000 3.101781 0.030000 2.935521 0.030000 1.908582 0.030000 2.038384 0.030000 4.757315 0.030000 4.537934 0.030000
6.316654 0.030000 6.396343 0.030000 7.654969 0.030000 7.515131 0.030000 3.125203 0.030000 2.952843 0.030000 1.882540 0.030000 2.040837 0.030000 4.797590 0.030000 4.515785 0.030000
6.254393 0.030000 6.362099 0.030000 7.633475 0.030000 7.511058 0.030000 3.079075 0.030000 3.002690 0.030000 1.884120 0.030000 2.027147 0.030000 4.837160 0.030000 4.564830 0.030000
6.285595 0.030000 6.276446 0.030000 7.660501 0.030000 7.491589 0.030000 3.136749 0.150000 3.016950 0.030000 1.856244 0.030000 2.018532 0.030000 4.798630 0.030000 4.559962 0.030000
6.258973 0.030000 6.382582 0.030000 7.665311 0.030000 7.564446 0.030000 3.138843 0.030000 3.029052 0.030000 1.853016 0.030000 1.989697 0.030000 4.852014 0.030000 4.604984 0.150000
6.291702 0.030000 6.291662 0.030000 7.612610 0.030000 7.564764 0.030000 3.139601 0.030000 3.023687 0.030000 1.775257 0.030000 1.978947 0.030000 4.906519 0.030000 4.666245 0.030000
6.246004 0.030000 6.320251 0.030000 7.725216 0.030000 7.531491 0.030000 3.141799 0.030000 3.010156 0.030000 1.733087 0.030000 2.397087 0.150000 4.870576 0.030000 4.628947 0.030000
6.628381 0.150000 6.283909 0.030000 7.695869 0.030000 7.526146 0.030000 3.125925 0.030000 2.984244 0.030000 1.740554 0.030000 1.928020 0.030000 4.907375 0.030000 4.645530 0.030000
6.243216 0.030000 6.221229 0.030000 7.699521 0.030000 7.535301 0.030000 3.179797 0.030000 3.067749 0.030000 1.765918 0.030000 1.967262 0.030000 4.911773 0.030000 4.674249 0.030000
6.180521 0.030000 6.289050 0.030000 7.782318 0.030000 7.608542 0.030000 3.181076 0.030000 3.090920 0.030000 1.819816 0.150000 1.932261 0.030000 4.969446 0.030000 4.750060 0.030000
6.247391 0.030000 6.315548 0.030000 8.000011 0.150000 7.640902 0.030000 3.211620 0.030000 3.060683 0.030000 1.757838 0.030000 1.877991 0.030000 4.986423 0.030000 4.735685 0.030000
6.233764 0.030000 6.343000 0.030000 7.703046 0.030000 7.630441 0.030000 3.219437 0.030000 3.082405 0.030000 1.664643 0.030000 1.893637 0.030000 4.946544 0.030000 4.724115 0.030000
6.210503 0.030000 6.251898 0.030000 7.755256 0.030000 7.651102 0.030000 3.588662 0.150000 3.075317 0.030000 1.744904 0.030000 1.911873 0.030000 4.992158 0.030000 4.790158 0.030000
6.196258 0.030000 6.259201 0.030000 7.753196 0.030000 7.664335 0.030000 3.162519 0.030000 3.106256 0.030000 1.473786 0.150000 1.879244 0.030000 5.032611 0.030000 4.759404 0.030000
6.207952 0.030000 6.259567 0.030000 7.792810 0.030000 7.608098 0.030000 3.266455 0.030000 3.133872 0.030000 1.696058 0.030000 2.629673 0.150000 5.072629 0.030000 4.875222 0.150000
6.192405 0.030000 6.235214 0.030000 7.748819 0.030000 7.955480 0.150000 3.211936 0.030000 3.060274 0.030000 1.663718 0.030000 1.869843 0.030000 5.035180 0.030000 4.829856 0.030000
6.179126 0.030000 6.223763 0.030000 7.837405 0.030000 7.668486 0.030000 3.251623 0.030000 3.147840 0.030000 1.658145 0.030000 1.824787 0.030000 5.070771 0.030000 4.856482 0.030000
6.162865 0.030000 6.243221 0.030000 7.836971 0.030000 7.680609 0.030000 3.260803 0.030000 3.105600 0.030000 1.628930 0.030000 1.853331 0.030000 5.070662 0.030000 4.718420 0.150000
6.988087 0.150000 6.274490 0.030000 8.313054 0.150000 7.645217 0.030000 3.293056 0.030000 3.130150 0.030000 1.666663 0.030000 1.795978 0.030000 5.096511 0.030000 5.165309 0.150000
6.259892 0.030000 6.248951 0.030000 7.801415 0.030000 7.623809 0.030000 3.290410 0.030000 3.142044 0.030000 1.684135 0.030000 1.833013 0.030000 5.087534 0.030000 4.844461 0.030000
6.197371 0.030000 6.220488 0.030000 7.894212 0.030000 7.685092 0.030000 3.323926 0.030000 3.128647 0.030000 1.639222 0.030000 1.762548 0.030000 5.075301 0.030000 4.852413 0.030000
6.147919 0.030000 6.245021 0.030000 7.868913 0.030000 7.668160 0.030000 3.321005 0.030000 3.123419 0.030000 1.652429 0.030000 2.383680 0.150000 5.137782 0.030000 4.837177 0.030000
6.205058 0.030000 6.268429 0.030000 8.170592 0.150000 7.761294 0.030000 3.272088 0.030000 3.171134 0.030000 1.575434 0.150000 1.798630 0.030000 5.173739 0.030000 4.931196 0.030000
6.407069 0.150000 6.245933 0.030000 7.831583 0.030000 7.701145 0.030000 3.333507 0.030000 3.172882 0.030000 1.617873 0.030000 1.765231 0.030000 5.334672 0.150000 4.907623 0.030000
6.094250 0.150000 6.279486 0.030000 7.914328 0.030000 7.737875 0.030000 3.326989 0.030000 3.162175 0.030000 1.632139 0.030000 1.731016 0.030000 5.190290 0.030000 4.906714 0.030000
6.194252 0.030000 6.244502 0.030000 7.870845 0.030000 7.699537 0.030000 3.254987 0.030000 3.229993 0.030000 1.622458 0.030000 1.760274 0.030000 5.221021 0.030000 4.908776 0.030000
6.181755 0.030000 6.251599 0.030000 8.406354 0.150000 7.534205 0.150000 3.319909 0.030000 3.205476 0.030000 1.589114 0.030000 1.774312 0.030000 5.211488 0.030000 4.927704 0.030000
6.170632 0.030000 6.751047 0.150000 7.867860 0.030000 7.734047 0.030000 3.329330 0.030000 3.210784 0.030000 1.831793 0.150000 1.769580 0.030000 5.175726 0.030000 4.981754 0.030000
6.170167 0.030000 6.216252 0.030000 7.933571 0.030000 7.749605 0.030000 3.329834 0.030000 3.190458 0.030000 1.589084 0.030000 1.715592 0.030000 5.221761 0.030000 4.978456 0.030000
