7.760843 0.030000 7.904440 0.030000 0.448659 0.030000 0.564259 0.030000 9.380151 0.030000 9.466157 0.030000 5.393062 0.030000 5.631354 0.030000 7.459848 0.030000 7.479795 0.030000 4.083433 0.030000 3.943312 0.030000 8.753978 0.030000 8.799861 0.030000 3.395309 0.030000 3.611408 0.030000 4.892751 0.030000 5.448226 0.150000
7.634556 0.030000 7.835260 0.030000 0.455645 0.030000 0.510164 0.150000 9.291577 0.030000 9.453635 0.030000 5.347224 0.030000 5.524925 0.030000 7.488442 0.030000 7.468919 0.030000 4.059537 0.030000 3.970593 0.030000 8.747149 0.030000 8.985730 0.150000 3.296213 0.030000 3.482025 0.030000 4.858878 0.030000 4.978632 0.030000
7.549277 0.030000 7.740881 0.030000 0.469665 0.030000 0.486634 0.030000 9.267093 0.030000 9.978539 0.150000 5.206634 0.030000 5.482939 0.030000 7.497767 0.030000 7.459933 0.030000 4.102007 0.030000 4.129588 0.030000 8.712381 0.030000 8.780503 0.030000 3.489260 0.150000 3.394283 0.030000 4.785189 0.030000 4.866103 0.030000
7.376782 0.150000 7.587731 0.030000 0.513133 0.030000 0.522488 0.030000 9.240557 0.030000 9.326656 0.030000 5.103575 0.030000 5.273646 0.030000 7.452589 0.030000 7.480050 0.030000 4.138913 0.030000 4.064308 0.030000 8.682015 0.030000 8.700843 0.030000 3.045964 0.030000 3.257919 0.030000 4.783776 0.030000 4.885713 0.030000
7.352969 0.030000 7.539482 0.030000 0.531268 0.030000 0.487746 0.030000 9.115468 0.030000 9.245824 0.030000 4.948775 0.030000 5.172855 0.030000 7.494504 0.030000 7.405203 0.030000 4.191914 0.030000 4.119111 0.030000 8.685190 0.030000 8.749712 0.030000 2.927581 0.030000 3.108313 0.030000 4.658736 0.030000 4.789596 0.030000
7.239227 0.030000 7.417672 0.030000 0.625358 0.030000 0.540944 0.030000 9.128331 0.030000 9.236348 0.030000 4.893977 0.030000 4.992814 0.030000 7.508660 0.030000 7.533800 0.030000 4.231167 0.030000 4.168553 0.030000 8.645001 0.030000 8.691304 0.030000 2.774560 0.030000 2.980251 0.030000 4.667826 0.030000 4.701140 0.030000
7.146698 0.030000 7.293620 0.030000 0.698775 0.030000 0.564967 0.030000 9.001244 0.030000 9.103153 0.030000 4.720380 0.030000 4.938994 0.030000 7.517578 0.030000 7.504336 0.030000 4.238602 0.030000 4.218914 0.030000 8.635496 0.030000 8.682064 0.030000 2.715107 0.030000 2.906708 0.030000 4.873903 0.150000 4.612227 0.030000
6.971764 0.030000 6.894890 0.150000 0.838398 0.150000 0.666057 0.030000 8.953322 0.030000 9.066454 0.030000 4.577969 0.030000 4.809534 0.030000 7.540409 0.030000 7.518228 0.030000 4.322771 0.030000 4.221961 0.030000 8.634084 0.030000 8.725848 0.030000 2.508388 0.030000 2.971422 0.150000 4.475701 0.030000 4.588496 0.030000
6.944770 0.030000 7.122303 0.030000 0.930292 0.030000 0.790925 0.030000 8.924696 0.030000 8.977770 0.030000 4.483123 0.030000 5.209677 0.150000 7.510748 0.150000 7.564633 0.150000 4.417071 0.030000 4.314901 0.030000 8.601953 0.030000 8.627878 0.030000 2.388022 0.030000 2.647925 0.150000 4.439561 0.030000 4.496479 0.030000
6.810671 0.030000 6.974866 0.030000 1.043800 0.030000 0.903628 0.030000 8.816460 0.030000 8.892108 0.030000 4.303564 0.030000 4.556566 0.030000 7.889641 0.150000 7.514504 0.030000 4.429370 0.030000 4.451312 0.030000 8.881457 0.150000 8.618339 0.030000 2.640978 0.150000 2.509065 0.030000 4.371459 0.030000 4.494415 0.030000
6.747164 0.030000 6.910498 0.030000 1.168798 0.030000 1.237730 0.150000 8.797997 0.030000 8.859114 0.030000 4.233567 0.030000 4.382748 0.030000 8.260685 0.150000 7.553841 0.030000 4.517721 0.030000 4.375930 0.030000 8.600799 0.030000 8.457344 0.150000 2.195599 0.030000 2.358078 0.030000 4.339464 0.150000 4.432922 0.030000
6.616499 0.030000 6.735155 0.030000 1.440900 0.150000 1.066923 0.030000 8.763913 0.030000 8.850418 0.030000 4.124242 0.030000 4.305366 0.030000 7.585262 0.030000 7.590052 0.030000 4.628719 0.030000 4.475935 0.030000 8.597071 0.030000 8.574161 0.030000 2.043141 0.030000 2.236009 0.030000 4.359992 0.030000 4.397106 0.030000
6.532493 0.030000 6.637484 0.030000 1.377202 0.030000 1.191088 0.030000 8.753804 0.030000 8.735183 0.030000 3.966348 0.030000 4.183174 0.030000 7.646566 0.030000 7.606188 0.150000 4.626944 0.030000 4.556724 0.030000 9.152943 0.150000 8.570831 0.030000 1.917005 0.030000 2.108274 0.030000 4.217707 0.030000 4.387335 0.030000
6.421167 0.030000 6.571381 0.030000 1.477936 0.030000 1.301792 0.030000 8.630258 0.030000 8.705736 0.030000 4.326238 0.150000 4.024250 0.030000 7.693750 0.030000 7.629264 0.030000 4.851918 0.150000 4.597446 0.030000 8.597765 0.030000 8.569271 0.030000 1.791821 0.030000 1.979715 0.030000 4.234242 0.030000 4.545192 0.150000
6.334142 0.030000 6.486575 0.030000 1.951144 0.150000 3.000036 0.150000 8.623005 0.030000 8.699972 0.030000 3.735981 0.030000 3.947336 0.030000 7.733070 0.030000 7.577965 0.030000 5.044917 0.150000 4.763156 0.150000 8.576045 0.030000 8.576930 0.030000 1.652741 0.030000 1.856745 0.030000 4.153753 0.030000 4.193918 0.030000
6.208346 0.030000 6.384035 0.030000 1.712298 0.030000 1.529645 0.030000 8.694404 0.150000 8.572272 0.030000 4.162991 0.150000 3.754662 0.030000 7.718891 0.030000 7.648319 0.030000 4.795558 0.030000 4.741432 0.030000 8.547643 0.030000 8.566304 0.030000 1.602520 0.030000 1.784452 0.030000 4.120540 0.030000 4.202550 0.030000
6.122029 0.030000 6.272945 0.030000 1.863191 0.030000 1.657506 0.030000 8.510548 0.030000 8.607114 0.030000 3.410937 0.030000 3.687918 0.030000 7.745615 0.030000 7.725914 0.030000 4.955547 0.030000 4.789868 0.030000 8.556454 0.030000 8.542341 0.030000 1.517979 0.030000 1.652700 0.030000 4.093223 0.030000 4.149482 0.030000
6.024211 0.030000 6.229792 0.030000 1.948715 0.030000 1.782690 0.030000 8.461398 0.030000 8.537380 0.030000 3.351864 0.030000 3.538888 0.030000 7.763078 0.030000 7.763075 0.030000 5.032293 0.030000 5.039845 0.150000 8.548908 0.030000 8.600563 0.030000 1.310605 0.030000 1.527930 0.030000 4.222582 0.150000 4.116678 0.030000
5.964998 0.030000 6.107721 0.030000 2.121893 0.030000 1.885356 0.030000 8.345236 0.030000 8.442999 0.030000 3.528436 0.150000 3.414052 0.030000 7.839162 0.030000 7.763313 0.030000 5.067373 0.030000 4.987619 0.030000 8.564215 0.030000 8.553662 0.030000 1.233867 0.030000 1.381115 0.030000 4.043218 0.030000 4.123623 0.030000
5.866024 0.030000 6.016920 0.030000 2.284119 0.030000 2.033102 0.030000 8.414485 0.030000 8.401065 0.030000 3.076430 0.030000 3.279521 0.030000 7.846579 0.030000 7.793562 0.030000 5.204773 0.030000 4.952656 0.030000 8.567279 0.030000 8.508887 0.030000 1.138076 0.030000 1.228600 0.030000 4.025684 0.030000 4.070814 0.030000
5.954115 0.150000 5.937279 0.150000 2.320377 0.030000 2.141193 0.030000 8.339055 0.030000 8.456693 0.150000 3.027616 0.030000 3.181644 0.030000 7.944764 0.030000 7.888346 0.030000 5.298072 0.030000 5.136989 0.030000 8.576738 0.030000 8.544988 0.030000 1.015379 0.030000 1.155630 0.030000 4.035912 0.030000 4.058089 0.030000
5.755625 0.030000 5.780673 0.030000 2.509714 0.030000 2.270588 0.030000 8.332535 0.030000 8.391661 0.030000 2.826014 0.030000 3.018503 0.030000 7.918608 0.030000 8.172930 0.150000 5.298701 0.030000 5.211088 0.030000 8.653245 0.030000 8.639825 0.030000 0.881750 0.030000 1.071004 0.030000 4.041759 0.030000 4.026090 0.030000
5.607702 0.030000 5.731690 0.030000 2.634678 0.030000 2.378667 0.030000 8.252563 0.030000 8.361804 0.030000 2.703408 0.030000 2.832710 0.030000 7.985602 0.030000 7.912035 0.030000 5.363415 0.150000 5.269129 0.030000 8.574997 0.030000 8.588000 0.030000 0.803664 0.030000 0.985641 0.030000 4.027982 0.030000 4.112377 0.030000
5.526497 0.030000 5.621954 0.030000 2.712772 0.030000 2.555838 0.030000 8.240243 0.030000 8.311658 0.030000 3.773984 0.150000 2.826399 0.030000 8.012653 0.030000 8.135659 0.150000 5.520027 0.030000 5.388735 0.030000 9.349098 0.150000 8.497120 0.150000 0.734037 0.030000 0.853152 0.030000 4.037630 0.030000 3.983802 0.030000
5.469975 0.030000 5.609642 0.030000 2.790745 0.030000 2.549841 0.150000 8.192240 0.030000 8.301259 0.030000 2.459512 0.030000 2.633485 0.030000 8.131985 0.030000 7.999399 0.030000 5.641950 0.030000 5.432750 0.030000 8.603957 0.030000 8.623475 0.030000 0.639416 0.030000 0.802290 0.030000 4.057124 0.030000 3.991889 0.030000
5.304270 0.030000 5.481978 0.030000 3.039860 0.030000 2.775115 0.030000 8.188218 0.030000 8.251169 0.030000 2.466395 0.150000 2.528977 0.030000 8.415244 0.150000 8.046655 0.030000 5.651920 0.030000 5.499388 0.030000 8.649297 0.030000 8.608496 0.030000 0.579498 0.150000 0.672101 0.030000 4.000350 0.030000 4.012493 0.030000
5.262376 0.030000 5.350267 0.030000 3.153769 0.030000 2.908321 0.030000 8.148357 0.030000 8.222468 0.030000 2.227634 0.030000 2.380886 0.150000 8.212879 0.030000 8.060974 0.030000 5.744064 0.030000 5.667277 0.030000 8.604033 0.030000 8.624935 0.030000 0.520640 0.030000 0.585587 0.030000 4.081384 0.030000 4.029711 0.030000
5.224353 0.030000 5.335387 0.030000 3.194161 0.030000 2.985010 0.030000 8.103148 0.030000 8.135022 0.030000 2.089335 0.030000 2.275513 0.030000 8.299949 0.030000 8.145570 0.030000 6.339405 0.150000 6.595231 0.150000 9.405924 0.150000 9.128132 0.150000 0.522074 0.030000 0.520253 0.030000 4.050277 0.030000 4.079491 0.030000
5.061044 0.030000 5.285693 0.030000 3.366839 0.030000 3.152703 0.030000 8.113605 0.030000 8.169641 0.030000 1.964365 0.030000 2.168885 0.030000 8.260156 0.030000 8.200398 0.030000 6.045994 0.030000 5.825073 0.030000 8.677241 0.030000 8.661385 0.030000 0.557500 0.030000 0.500217 0.030000 6.192749 0.150000 4.084200 0.030000
5.092836 0.150000 5.142651 0.030000 3.527270 0.030000 3.240948 0.030000 8.111690 0.030000 8.124839 0.030000 1.826477 0.030000 2.025719 0.030000 8.365399 0.030000 8.207366 0.030000 6.172617 0.030000 5.922816 0.030000 8.671161 0.030000 8.629110 0.030000 0.613178 0.030000 0.325319 0.150000 4.097118 0.030000 4.027989 0.030000
4.900886 0.030000 5.019378 0.030000 3.575517 0.030000 3.376491 0.030000 8.053673 0.030000 8.103921 0.030000 1.708720 0.030000 1.905483 0.030000 8.358293 0.030000 8.356519 0.030000 6.155768 0.030000 6.072494 0.030000 8.763499 0.030000 8.647422 0.030000 0.619044 0.030000 0.488953 0.030000 4.116395 0.030000 4.029754 0.030000
4.883247 0.030000 4.995946 0.030000 3.738952 0.030000 3.533513 0.030000 8.096749 0.030000 8.114033 0.030000 1.553148 0.030000 1.974515 0.150000 8.464859 0.030000 8.608724 0.150000 6.337856 0.030000 6.118020 0.030000 8.722037 0.030000 8.684766 0.030000 0.761304 0.030000 0.567744 0.030000 4.117299 0.030000 4.122307 0.030000
4.835477 0.030000 4.953745 0.030000 4.091604 0.150000 3.635394 0.030000 8.011558 0.030000 8.063031 0.030000 1.441193 0.030000 1.649949 0.030000 8.537644 0.030000 8.421688 0.030000 6.340067 0.030000 6.223758 0.030000 8.804082 0.030000 8.730263 0.030000 0.740798 0.030000 0.658924 0.030000 4.208277 0.030000 4.636839 0.150000
4.700139 0.030000 4.858446 0.150000 3.964892 0.030000 3.742451 0.030000 8.025017 0.030000 8.037007 0.030000 1.275408 0.030000 1.474217 0.150000 8.604384 0.030000 8.727796 0.150000 6.491207 0.030000 6.321190 0.030000 8.786170 0.030000 8.709244 0.030000 0.913126 0.030000 0.745363 0.030000 4.173666 0.030000 4.108212 0.030000
4.668392 0.030000 4.820669 0.030000 4.083042 0.030000 3.841266 0.030000 8.061255 0.030000 8.037342 0.030000 1.209726 0.030000 1.378022 0.030000 8.683447 0.030000 8.536247 0.030000 6.526828 0.030000 6.437311 0.030000 8.837578 0.150000 8.773425 0.030000 0.987197 0.030000 0.886960 0.030000 4.217940 0.030000 4.157213 0.030000
4.571933 0.030000 4.731559 0.030000 4.223519 0.030000 3.997872 0.150000 8.233814 0.150000 7.993293 0.030000 1.080869 0.030000 1.312124 0.030000 8.699618 0.030000 8.573494 0.030000 6.679627 0.030000 6.479985 0.030000 11.234016 0.150000 8.854484 0.030000 1.123568 0.030000 1.383217 0.150000 4.301861 0.030000 4.234297 0.030000
4.517230 0.030000 4.619563 0.030000 4.330802 0.030000 4.079186 0.030000 8.017057 0.030000 8.033018 0.030000 0.890642 0.030000 1.181771 0.030000 8.758128 0.030000 8.720079 0.030000 6.753315 0.030000 6.589114 0.030000 8.930858 0.030000 8.857833 0.030000 1.201680 0.030000 1.099506 0.030000 4.315445 0.030000 4.248790 0.030000
4.457016 0.030000 4.554543 0.030000 4.444104 0.030000 4.230929 0.030000 8.510023 0.150000 8.009820 0.030000 0.804028 0.030000 1.027907 0.030000 8.774604 0.030000 8.760969 0.030000 6.880261 0.030000 6.719208 0.030000 8.942312 0.030000 8.811788 0.150000 1.350854 0.030000 1.166796 0.030000 4.338868 0.030000 4.281417 0.030000
4.424585 0.030000 4.497949 0.030000 4.617889 0.030000 4.394150 0.030000 8.029141 0.030000 7.977496 0.150000 0.695384 0.030000 0.908166 0.030000 8.905701 0.030000 9.096687 0.150000 6.977153 0.030000 6.646837 0.150000 8.971622 0.030000 8.899841 0.030000 1.540134 0.150000 1.256627 0.030000 4.402784 0.030000 4.365703 0.030000
4.303096 0.030000 4.496733 0.030000 4.651286 0.150000 4.502313 0.030000 7.981952 0.030000 8.021368 0.030000 0.633335 0.030000 0.757635 0.030000 8.998246 0.030000 8.898093 0.030000 7.127156 0.030000 6.903340 0.150000 9.056138 0.030000 8.979137 0.030000 1.599020 0.030000 1.926311 0.150000 4.479583 0.030000 4.406324 0.030000
4.286681 0.030000 4.382094 0.030000 5.169071 0.150000 4.594842 0.030000 8.007684 0.030000 8.030350 0.030000 0.446516 0.030000 0.669352 0.030000 9.044987 0.030000 8.853511 0.030000 7.220785 0.030000 7.032628 0.030000 9.032267 0.030000 8.988275 0.030000 1.697571 0.030000 1.512797 0.030000 4.491215 0.030000 4.394148 0.030000
4.233861 0.030000 4.346807 0.030000 4.935196 0.030000 4.756453 0.030000 7.970758 0.030000 7.997155 0.030000 0.307030 0.030000 0.555448 0.030000 9.103480 0.030000 9.577387 0.150000 7.299656 0.030000 7.157181 0.030000 9.070380 0.030000 9.025341 0.030000 1.841078 0.030000 1.617414 0.030000 4.630510 0.030000 4.482046 0.030000
4.252905 0.030000 4.299111 0.030000 5.079435 0.030000 4.866684 0.030000 8.000120 0.030000 8.028817 0.030000 0.198640 0.030000 0.939998 0.150000 9.184891 0.030000 9.013424 0.150000 7.553380 0.150000 7.255748 0.030000 9.135738 0.030000 9.025762 0.030000 1.895863 0.030000 1.738468 0.030000 4.604027 0.030000 4.500114 0.030000
4.195552 0.030000 4.204558 0.030000 5.130614 0.030000 4.929585 0.030000 7.928024 0.030000 7.985313 0.030000 0.155007 0.030000 0.354753 0.030000 9.241849 0.030000 9.083308 0.030000 7.443232 0.030000 7.265948 0.030000 9.137007 0.030000 9.117171 0.030000 2.018242 0.030000 1.815987 0.030000 4.679526 0.030000 4.271977 0.150000
4.140088 0.030000 4.277177 0.030000 5.263343 0.030000 4.995993 0.030000 7.997665 0.030000 7.991861 0.030000 0.089626 0.030000 0.233180 0.030000 9.287088 0.030000 9.211906 0.150000 7.529779 0.030000 7.373194 0.030000 9.202368 0.030000 9.152023 0.030000 2.124874 0.030000 1.897982 0.030000 4.740878 0.030000 4.687388 0.030000
4.109278 0.030000 4.192138 0.030000 5.295290 0.030000 5.100990 0.030000 7.999816 0.030000 7.962742 0.030000 -0.000604 0.030000 0.168047 0.030000 9.736710 0.150000 9.532996 0.150000 7.576970 0.030000 7.439972 0.030000 9.219472 0.030000 9.122131 0.030000 2.185666 0.030000 1.940052 0.030000 4.781003 0.030000 4.666814 0.030000
4.121120 0.030000 4.254781 0.030000 5.377566 0.030000 5.132582 0.030000 8.052720 0.030000 8.020598 0.030000 0.104323 0.030000 0.091790 0.030000 9.394210 0.030000 9.275045 0.030000 7.836236 0.150000 7.544685 0.030000 9.271790 0.030000 9.892787 0.150000 2.262704 0.030000 2.016688 0.030000 4.824136 0.030000 4.709325 0.030000
4.156058 0.030000 4.208267 0.030000 5.493346 0.030000 5.243165 0.030000 7.989453 0.030000 8.045058 0.030000 0.117088 0.030000 0.038952 0.030000 9.426915 0.030000 9.312568 0.030000 7.694983 0.030000 7.530782 0.030000 9.282198 0.030000 9.153372 0.030000 2.340116 0.030000 2.074953 0.030000 4.837001 0.030000 4.749005 0.030000
4.073117 0.030000 4.187189 0.030000 5.432844 0.030000 5.305076 0.030000 8.019105 0.030000 7.967106 0.030000 0.229968 0.030000 0.613727 0.150000 9.478403 0.030000 9.244670 0.150000 7.749141 0.030000 7.526475 0.030000 9.334594 0.030000 9.196546 0.030000 2.321736 0.030000 2.156984 0.030000 4.832513 0.030000 4.815756 0.030000
4.093827 0.030000 4.155235 0.030000 5.556574 0.030000 5.324162 0.030000 8.035007 0.030000 8.054714 0.030000 0.226830 0.030000 0.177572 0.150000 9.443783 0.030000 9.309568 0.030000 7.820564 0.030000 7.583167 0.030000 9.311047 0.030000 9.209525 0.030000 2.373972 0.030000 2.040025 0.150000 4.906013 0.030000 4.730340 0.030000
4.059909 0.030000 4.103035 0.030000 5.589667 0.030000 5.361430 0.030000 7.907743 0.150000 8.043195 0.030000 0.274456 0.030000 0.048102 0.030000 9.594115 0.150000 9.376519 0.030000 7.771044 0.030000 7.534344 0.150000 9.337664 0.030000 9.262654 0.030000 2.392134 0.030000 2.257694 0.030000 4.835659 0.030000 4.867106 0.030000
4.049085 0.030000 4.139395 0.030000 5.587578 0.030000 5.384730 0.030000 7.996940 0.030000 8.029164 0.030000 0.194028 0.150000 0.106543 0.030000 9.447378 0.030000 9.356321 0.030000 7.863528 0.030000 7.674011 0.030000 9.273765 0.030000 9.318999 0.030000 2.453820 0.030000 2.283514 0.030000 5.379463 0.150000 4.821853 0.030000
3.986152 0.030000 4.169344 0.030000 5.895314 0.150000 5.457607 0.030000 7.934641 0.030000 8.078902 0.030000 0.379871 0.030000 0.217878 0.030000 9.469052 0.030000 9.725117 0.150000 7.774345 0.030000 7.775405 0.030000 9.296500 0.030000 9.954639 0.150000 2.528124 0.030000 2.315211 0.030000 4.876716 0.030000 4.907121 0.030000
3.822958 0.030000 4.034330 0.030000 5.693194 0.030000 5.618113 0.150000 7.834592 0.030000 8.030271 0.030000 0.401611 0.030000 0.238026 0.030000 9.370619 0.030000 9.559580 0.030000 8.389150 0.150000 7.799665 0.030000 9.125039 0.030000 9.293697 0.030000 2.532133 0.030000 2.429032 0.030000 4.798452 0.030000 4.882041 0.030000
3.740009 0.030000 3.972894 0.030000 5.693890 0.030000 5.651901 0.030000 7.758431 0.030000 7.938234 0.030000 0.570889 0.030000 0.320635 0.030000 9.292988 0.030000 9.445109 0.030000 7.822434 0.030000 7.853195 0.030000 9.048142 0.030000 9.306248 0.150000 2.622708 0.030000 2.473970 0.030000 4.774910 0.030000 4.900803 0.030000
3.671044 0.030000 3.805026 0.030000 5.740582 0.030000 5.720201 0.030000 7.614969 0.030000 7.814675 0.030000 0.631324 0.030000 0.498150 0.030000 9.238147 0.030000 9.349366 0.030000 7.699783 0.030000 7.743384 0.030000 8.967714 0.030000 9.163246 0.030000 2.713182 0.030000 2.580621 0.030000 4.678335 0.030000 4.743511 0.030000
3.488144 0.030000 3.698171 0.030000 5.828281 0.030000 5.697426 0.030000 7.468561 0.030000 7.642209 0.030000 0.699350 0.030000 0.581706 0.030000 9.138572 0.030000 9.236221 0.030000 7.846016 0.150000 7.798505 0.030000 8.898427 0.030000 9.576698 0.150000 2.732283 0.030000 2.611742 0.030000 4.566220 0.030000 4.728975 0.030000
3.400393 0.030000 3.514021 0.030000 5.807933 0.030000 6.074627 0.150000 7.368122 0.030000 7.583281 0.030000 0.832770 0.030000 0.639815 0.030000 9.091479 0.030000 9.190098 0.030000 7.651662 0.030000 7.687428 0.030000 8.757451 0.030000 8.960132 0.030000 2.744908 0.030000 2.719289 0.030000 4.415863 0.030000 4.617116 0.030000
3.260474 0.030000 3.478404 0.030000 5.799842 0.030000 5.759410 0.030000 7.226572 0.030000 7.418779 0.030000 0.909879 0.030000 0.688085 0.030000 8.993312 0.030000 9.097807 0.030000 7.597772 0.030000 7.661443 0.030000 8.641465 0.030000 8.858730 0.030000 2.853883 0.030000 2.718520 0.030000 4.331227 0.030000 4.505842 0.030000
3.173289 0.030000 3.316450 0.030000 6.626735 0.150000 5.760114 0.030000 7.445788 0.150000 7.348635 0.030000 1.008972 0.030000 0.854090 0.030000 8.872765 0.030000 8.981070 0.030000 7.563278 0.030000 7.665966 0.030000 8.586654 0.030000 8.679065 0.030000 2.909932 0.030000 2.781869 0.030000 4.306572 0.030000 4.439310 0.030000
2.992123 0.030000 3.197481 0.030000 5.908894 0.030000 5.897842 0.030000 6.960603 0.030000 7.203339 0.030000 1.158478 0.030000 1.001434 0.030000 8.717984 0.030000 8.921844 0.030000 7.483768 0.030000 8.247934 0.150000 8.440767 0.030000 8.604226 0.030000 2.954326 0.030000 2.856000 0.030000 4.229572 0.030000 4.329123 0.030000
2.924733 0.030000 3.097212 0.030000 5.970149 0.030000 5.902483 0.030000 6.876393 0.030000 7.087833 0.030000 1.255420 0.030000 1.079050 0.030000 8.677845 0.030000 8.871085 0.030000 7.452023 0.030000 7.533824 0.030000 8.341570 0.030000 8.514113 0.030000 3.059802 0.030000 2.942054 0.030000 4.077135 0.030000 4.241015 0.030000
2.733472 0.030000 3.003807 0.030000 6.001447 0.030000 5.889910 0.030000 6.796163 0.030000 6.931934 0.030000 1.362276 0.030000 1.188518 0.030000 8.632044 0.030000 8.779207 0.030000 7.417177 0.030000 7.501309 0.030000 8.180140 0.030000 8.408663 0.030000 3.148375 0.030000 2.963955 0.030000 4.058200 0.030000 4.236168 0.030000
2.732785 0.030000 2.888674 0.030000 6.024319 0.030000 5.961386 0.030000 6.697672 0.030000 6.897661 0.030000 2.206195 0.150000 1.295709 0.030000 8.923804 0.150000 8.651294 0.030000 7.405399 0.030000 7.483372 0.030000 8.198002 0.030000 8.325144 0.030000 3.257547 0.030000 3.093111 0.030000 4.779055 0.150000 4.105518 0.030000
2.632882 0.030000 2.782098 0.030000 6.037448 0.030000 6.371487 0.150000 6.582206 0.030000 6.892336 0.150000 1.540886 0.030000 1.280741 0.150000 8.480143 0.030000 8.642288 0.030000 7.341531 0.030000 7.423288 0.030000 8.052066 0.030000 8.235467 0.030000 3.211103 0.030000 3.042065 0.030000 3.923626 0.030000 4.020561 0.030000
2.533505 0.030000 2.746407 0.030000 6.021508 0.030000 6.025553 0.030000 6.524191 0.030000 6.673290 0.030000 1.669422 0.150000 1.453198 0.030000 8.464501 0.030000 8.598860 0.150000 7.318962 0.030000 7.381120 0.030000 8.048142 0.030000 8.157523 0.030000 3.232344 0.030000 3.123176 0.030000 3.973456 0.030000 4.057440 0.030000
2.824780 0.150000 2.656809 0.030000 6.092793 0.030000 5.999789 0.030000 6.428218 0.030000 6.689824 0.030000 1.920031 0.150000 1.507403 0.030000 8.401142 0.030000 8.542016 0.030000 7.355839 0.030000 7.380686 0.030000 7.943859 0.030000 8.125518 0.030000 3.340830 0.030000 3.160614 0.030000 3.935553 0.030000 3.960457 0.030000
2.391947 0.030000 2.579940 0.030000 6.047835 0.030000 6.030511 0.030000 6.438610 0.030000 6.535727 0.030000 1.742438 0.030000 1.513355 0.030000 8.330555 0.030000 8.497841 0.030000 7.321491 0.030000 7.351919 0.030000 7.933082 0.030000 8.058826 0.030000 3.339183 0.030000 3.212051 0.030000 3.801454 0.030000 3.934047 0.030000
2.368854 0.030000 2.558805 0.030000 6.094821 0.030000 6.041842 0.030000 6.402473 0.030000 6.566431 0.030000 1.825143 0.150000 1.591012 0.030000 8.452113 0.150000 8.434387 0.030000 7.324196 0.030000 7.360880 0.030000 7.855083 0.030000 8.019542 0.030000 3.423821 0.150000 3.258300 0.030000 3.780595 0.030000 3.902005 0.030000
2.333893 0.030000 2.482031 0.030000 6.132365 0.030000 6.068678 0.030000 6.246828 0.030000 6.538938 0.030000 1.880193 0.030000 1.578061 0.030000 9.080110 0.150000 9.385904 0.150000 7.241424 0.030000 7.379739 0.030000 7.775225 0.030000 7.995999 0.030000 3.403742 0.030000 3.285952 0.150000 3.783853 0.030000 3.864603 0.030000
2.313157 0.030000 2.502518 0.030000 6.128297 0.030000 6.134929 0.030000 6.249328 0.030000 6.445068 0.030000 2.064967 0.150000 1.690739 0.030000 8.272510 0.030000 10.529560 0.150000 7.635399 0.150000 7.383758 0.030000 7.801040 0.030000 7.995731 0.030000 3.376666 0.030000 3.349383 0.030000 3.705120 0.030000 3.839585 0.030000
2.247954 0.030000 2.463410 0.030000 6.144103 0.030000 6.146174 0.030000 6.266934 0.030000 6.127651 0.150000 1.847928 0.030000 1.743405 0.030000 8.280920 0.030000 8.516799 0.150000 7.244000 0.030000 7.374190 0.030000 7.790858 0.030000 7.987266 0.030000 3.385774 0.030000 3.332087 0.030000 3.723717 0.030000 3.911857 0.030000
2.287464 0.030000 2.398003 0.030000 6.083921 0.030000 6.163371 0.030000 6.219054 0.030000 6.422731 0.030000 1.927916 0.030000 1.736104 0.030000 8.234381 0.030000 8.328213 0.030000 7.764831 0.150000 7.312305 0.030000 7.682532 0.030000 7.901464 0.030000 3.429943 0.030000 3.368264 0.030000 3.665900 0.150000 3.821813 0.030000
2.330305 0.030000 2.375801 0.030000 5.976724 0.030000 7.056135 0.150000 6.162878 0.030000 6.309903 0.030000 1.926017 0.030000 1.855150 0.030000 8.102648 0.030000 8.258894 0.030000 7.090303 0.030000 7.240046 0.030000 7.632294 0.030000 7.793902 0.030000 3.355570 0.030000 3.377646 0.030000 3.502287 0.030000 3.745766 0.030000
2.284443 0.030000 2.312771 0.030000 5.912467 0.030000 6.043970 0.030000 6.123845 0.030000 6.167754 0.030000 1.931109 0.030000 1.977020 0.030000 7.932319 0.030000 8.174863 0.030000 6.965122 0.030000 7.163968 0.030000 7.615721 0.030000 7.703413 0.030000 3.343700 0.030000 3.296812 0.030000 3.450550 0.030000 3.667802 0.030000
2.394627 0.030000 2.240477 0.030000 5.794093 0.030000 5.953380 0.030000 6.149477 0.030000 6.140157 0.030000 1.960560 0.030000 1.888848 0.030000 7.901401 0.030000 8.068659 0.030000 6.904294 0.030000 7.035575 0.030000 7.557019 0.030000 7.582724 0.030000 3.205639 0.030000 3.327981 0.030000 3.335725 0.030000 3.521571 0.030000
2.437109 0.030000 2.768876 0.150000 5.643996 0.030000 5.789051 0.030000 6.138787 0.030000 6.238456 0.150000 1.936200 0.030000 1.956317 0.030000 7.796230 0.030000 7.951822 0.030000 6.715614 0.030000 6.854022 0.030000 7.447746 0.030000 7.507419 0.030000 3.125192 0.030000 3.253548 0.030000 3.210643 0.030000 3.386702 0.030000
2.524531 0.030000 2.404397 0.030000 5.567189 0.030000 5.752145 0.030000 6.082251 0.030000 6.163564 0.150000 2.004494 0.150000 1.998811 0.030000 7.679768 0.030000 7.891752 0.030000 6.606306 0.030000 6.743299 0.030000 7.421153 0.030000 7.459905 0.030000 3.030873 0.030000 3.109137 0.030000 3.170022 0.030000 3.287072 0.030000
2.550941 0.030000 2.481163 0.030000 5.456100 0.030000 5.683734 0.030000 6.087655 0.030000 6.115388 0.030000 2.004162 0.030000 1.923160 0.030000 7.590709 0.030000 7.750449 0.030000 6.516353 0.030000 6.666360 0.030000 7.336433 0.030000 7.439177 0.030000 2.943354 0.030000 3.099333 0.030000 3.043058 0.030000 3.229229 0.030000
2.585966 0.030000 2.472907 0.030000 5.371446 0.030000 5.537553 0.030000 6.013733 0.030000 6.105512 0.030000 1.979971 0.030000 1.923020 0.030000 7.517150 0.030000 7.663549 0.030000 6.351588 0.030000 6.493933 0.030000 7.251692 0.030000 7.405613 0.030000 2.649624 0.150000 3.052083 0.030000 2.925389 0.030000 3.089277 0.030000
2.697918 0.030000 2.606353 0.030000 5.262085 0.030000 5.340461 0.030000 6.049792 0.030000 6.373024 0.150000 2.054951 0.030000 1.968166 0.030000 7.454140 0.030000 7.602525 0.030000 7.286439 0.150000 6.380702 0.030000 7.226022 0.030000 7.302384 0.030000 2.864138 0.030000 2.948344 0.030000 3.027033 0.150000 2.997027 0.030000
2.851838 0.030000 2.700221 0.030000 5.116023 0.030000 5.303187 0.030000 6.110586 0.030000 6.092205 0.030000 2.242736 0.150000 2.016619 0.030000 7.567728 0.150000 8.156931 0.150000 6.099752 0.030000 6.331788 0.150000 7.138683 0.030000 7.281213 0.030000 2.749112 0.030000 2.930814 0.030000 2.780708 0.030000 3.269184 0.150000
2.895941 0.030000 2.727091 0.030000 5.028823 0.030000 6.000539 0.150000 6.164801 0.150000 6.081459 0.030000 2.114735 0.030000 2.052754 0.030000 7.272262 0.030000 7.378743 0.030000 5.963983 0.030000 6.184353 0.030000 7.097603 0.030000 7.160086 0.030000 2.751365 0.030000 2.852816 0.030000 2.714008 0.030000 2.887265 0.030000
3.009437 0.030000 2.883625 0.150000 4.934844 0.030000 5.443715 0.150000 6.061329 0.030000 6.075196 0.030000 2.150138 0.030000 2.091082 0.030000 7.175217 0.030000 7.329340 0.030000 5.898559 0.030000 6.040276 0.030000 7.093241 0.030000 7.119633 0.030000 2.690052 0.030000 2.719535 0.030000 2.604051 0.030000 2.752520 0.030000
4.153428 0.150000 2.927895 0.030000 4.843129 0.030000 4.975145 0.030000 6.113274 0.030000 6.121797 0.030000 2.752154 0.150000 2.085258 0.030000 7.134725 0.030000 7.273576 0.030000 5.748130 0.030000 5.890786 0.030000 6.995951 0.030000 7.095064 0.030000 2.603524 0.030000 2.727076 0.030000 2.537166 0.030000 2.718951 0.030000
3.175007 0.030000 3.032247 0.030000 4.849880 0.150000 4.884156 0.030000 6.111673 0.030000 6.067749 0.030000 2.513188 0.150000 2.175489 0.030000 7.065561 0.030000 7.126964 0.030000 5.651661 0.030000 5.865593 0.030000 7.001241 0.030000 7.076259 0.030000 2.576555 0.030000 2.603268 0.030000 2.442779 0.030000 2.607188 0.030000
3.229695 0.030000 3.144352 0.030000 4.566832 0.030000 4.720613 0.030000 6.353650 0.150000 6.113507 0.030000 2.395243 0.030000 2.306792 0.030000 6.954269 0.030000 7.136760 0.030000 5.465985 0.030000 5.717061 0.030000 6.971561 0.030000 7.056766 0.030000 2.537959 0.030000 2.588842 0.030000 2.441951 0.030000 2.463564 0.030000
3.379293 0.030000 3.227859 0.030000 4.478121 0.030000 4.639030 0.030000 6.124405 0.030000 6.061232 0.030000 2.492735 0.030000 2.352784 0.030000 8.105246 0.150000 7.096604 0.030000 5.443482 0.150000 5.578218 0.030000 6.896128 0.030000 6.924169 0.030000 2.469055 0.030000 3.055904 0.150000 2.302624 0.030000 2.430956 0.030000
3.489329 0.030000 3.299117 0.030000 4.374866 0.030000 4.571895 0.030000 6.198951 0.030000 6.136060 0.030000 2.570132 0.030000 2.347544 0.030000 6.853428 0.030000 6.936206 0.030000 5.276987 0.030000 5.515221 0.030000 6.877116 0.030000 6.964910 0.030000 2.496712 0.030000 2.548138 0.030000 2.297445 0.030000 2.401210 0.030000
3.525484 0.030000 3.874567 0.150000 4.332780 0.030000 4.530580 0.030000 6.154453 0.030000 6.164919 0.030000 2.643305 0.030000 2.462340 0.030000 6.714130 0.030000 7.053263 0.150000 5.153110 0.030000 5.350306 0.030000 6.802324 0.030000 6.919188 0.030000 2.512967 0.030000 2.532343 0.030000 3.112879 0.150000 2.275879 0.030000
3.674885 0.030000 3.548251 0.030000 4.127066 0.030000 4.347042 0.030000 6.182746 0.030000 6.463510 0.150000 2.688478 0.030000 2.593857 0.030000 6.705580 0.030000 6.794658 0.030000 5.038293 0.030000 5.664539 0.150000 6.850849 0.030000 6.813684 0.030000 2.423162 0.030000 2.456824 0.030000 2.200472 0.030000 2.256737 0.030000
3.798939 0.030000 3.633870 0.030000 4.288385 0.150000 4.280422 0.150000 6.226415 0.030000 6.154573 0.030000 2.824485 0.030000 2.658380 0.030000 6.646083 0.030000 6.777419 0.150000 4.933926 0.030000 5.114988 0.030000 6.744919 0.030000 6.865403 0.030000 2.447989 0.030000 2.490210 0.030000 2.162644 0.030000 2.167211 0.030000
3.915493 0.030000 4.398840 0.150000 4.044215 0.030000 4.293685 0.150000 6.201169 0.030000 6.209865 0.030000 2.888540 0.030000 2.750321 0.030000 6.522593 0.030000 6.663161 0.030000 4.850016 0.030000 4.967923 0.030000 6.784290 0.030000 6.773396 0.030000 2.449348 0.030000 2.435397 0.030000 2.405220 0.150000 2.177568 0.030000
3.979876 0.030000 3.800860 0.030000 3.864130 0.030000 4.054636 0.030000 6.280389 0.030000 6.231282 0.030000 2.988146 0.030000 2.792236 0.030000 6.458926 0.030000 6.530861 0.030000 4.648153 0.030000 4.867621 0.030000 6.743565 0.030000 6.878498 0.150000 2.440413 0.030000 2.443020 0.030000 2.137182 0.030000 2.069413 0.030000
4.051091 0.030000 3.709179 0.150000 3.773754 0.030000 3.928895 0.030000 6.313424 0.030000 6.220441 0.030000 3.035259 0.030000 3.027393 0.150000 6.425317 0.030000 6.457038 0.030000 4.623696 0.030000 4.808649 0.030000 6.714376 0.030000 6.819118 0.030000 2.594453 0.150000 2.502872 0.030000 2.049106 0.030000 2.106878 0.030000
3.879225 0.150000 4.118360 0.150000 3.689626 0.030000 3.841613 0.030000 6.315108 0.030000 6.206009 0.030000 3.163432 0.030000 3.046940 0.030000 6.299246 0.030000 6.438257 0.030000 4.502033 0.030000 4.638085 0.030000 6.718830 0.030000 6.692320 0.030000 2.439582 0.030000 2.409759 0.030000 1.996043 0.150000 2.104998 0.030000
4.285977 0.030000 4.174464 0.030000 3.575846 0.030000 3.774403 0.030000 6.363249 0.030000 6.329737 0.030000 3.249103 0.030000 3.100386 0.030000 6.222122 0.030000 6.391336 0.030000 4.399305 0.030000 4.570418 0.030000 7.045514 0.150000 6.837646 0.150000 2.615202 0.150000 2.476381 0.030000 2.131106 0.030000 1.975551 0.150000
4.409621 0.030000 4.243046 0.030000 3.514613 0.030000 3.625577 0.030000 6.450073 0.030000 6.354477 0.030000 3.382119 0.030000 3.307855 0.150000 6.248211 0.030000 6.334625 0.030000 4.274578 0.030000 4.403759 0.030000 6.620273 0.030000 6.724789 0.030000 2.566524 0.030000 2.514558 0.030000 2.077852 0.030000 2.201158 0.150000
4.544908 0.030000 4.383937 0.030000 3.399087 0.030000 3.600439 0.030000 6.477480 0.030000 6.465607 0.030000 3.484014 0.030000 3.248602 0.030000 6.124056 0.030000 6.254088 0.030000 4.128089 0.030000 4.374460 0.150000 6.556742 0.030000 6.643702 0.030000 2.603500 0.030000 2.533099 0.030000 2.108291 0.030000 2.059530 0.030000
4.635870 0.030000 4.464289 0.030000 3.374970 0.030000 3.512521 0.030000 6.473526 0.030000 6.445972 0.030000 3.572594 0.030000 3.437268 0.030000 6.074314 0.030000 6.173977 0.030000 4.015884 0.030000 4.222942 0.030000 6.637346 0.030000 6.600525 0.150000 2.558394 0.030000 2.507023 0.030000 2.075196 0.030000 2.064503 0.150000
4.684300 0.030000 4.538506 0.030000 3.313777 0.030000 3.415738 0.030000 6.518518 0.030000 6.460262 0.030000 3.674399 0.030000 3.506961 0.030000 6.073902 0.030000 6.089575 0.030000 3.916799 0.030000 4.089988 0.030000 6.652119 0.030000 6.580262 0.030000 2.696337 0.030000 2.603254 0.030000 2.139424 0.030000 2.051168 0.030000
4.824331 0.030000 4.624879 0.030000 3.900606 0.150000 3.312332 0.030000 6.607869 0.030000 6.491398 0.030000 3.838604 0.030000 3.642669 0.030000 5.958009 0.030000 6.076489 0.030000 3.815154 0.030000 3.977427 0.030000 6.581514 0.030000 6.619908 0.030000 2.671941 0.030000 2.631910 0.030000 2.118545 0.030000 2.104561 0.030000
4.980312 0.030000 4.892459 0.150000 3.085230 0.030000 3.286506 0.030000 6.868927 0.150000 6.556276 0.030000 3.860699 0.030000 3.735407 0.030000 5.926870 0.030000 6.168501 0.150000 3.657384 0.030000 3.892649 0.030000 6.591976 0.030000 6.586890 0.030000 2.780010 0.030000 2.650368 0.030000 2.160169 0.030000 2.134936 0.030000
5.076252 0.030000 4.922550 0.030000 3.047239 0.030000 3.142456 0.030000 6.696945 0.030000 6.598652 0.030000 4.123347 0.150000 3.815619 0.030000 6.007090 0.150000 5.989297 0.030000 3.595256 0.030000 3.788224 0.030000 6.596936 0.030000 6.610413 0.030000 2.827790 0.030000 2.719150 0.030000 2.219625 0.030000 2.150484 0.030000
5.219268 0.030000 5.010849 0.150000 2.985557 0.030000 3.062063 0.030000 6.732245 0.030000 6.645327 0.030000 4.127986 0.030000 3.924298 0.030000 5.805024 0.030000 5.969745 0.030000 3.456045 0.030000 3.643006 0.030000 6.602136 0.030000 6.567193 0.030000 2.900721 0.030000 2.833998 0.030000 2.269940 0.030000 2.196875 0.030000
5.336747 0.030000 5.117556 0.030000 2.930724 0.030000 3.009592 0.030000 6.799674 0.030000 6.714540 0.030000 4.191606 0.030000 4.062549 0.030000 5.749621 0.030000 5.904537 0.030000 3.380836 0.030000 3.520550 0.030000 6.932420 0.150000 6.551271 0.030000 2.911785 0.030000 2.858861 0.030000 2.398073 0.150000 2.250410 0.030000
5.441061 0.030000 5.232273 0.030000 2.814214 0.030000 2.915290 0.030000 7.121604 0.150000 6.742749 0.030000 4.318443 0.030000 4.386410 0.150000 5.782991 0.030000 5.836996 0.030000 3.322611 0.030000 3.439428 0.030000 6.588549 0.030000 6.597676 0.030000 3.083578 0.030000 2.931894 0.030000 2.469033 0.030000 2.736627 0.150000
5.541456 0.030000 5.424024 0.030000 2.813723 0.030000 2.921016 0.030000 6.898389 0.030000 6.837638 0.030000 4.440737 0.030000 4.222313 0.030000 5.725754 0.030000 5.745543 0.030000 3.156689 0.030000 3.311489 0.030000 6.571064 0.030000 6.620897 0.030000 3.151040 0.030000 2.969876 0.030000 2.473780 0.030000 2.385312 0.030000
5.694192 0.030000 5.501933 0.030000 2.697748 0.030000 2.824430 0.030000 6.982326 0.030000 6.872701 0.030000 4.583042 0.030000 4.390190 0.030000 5.683584 0.030000 5.741718 0.030000 3.084808 0.030000 3.227199 0.030000 6.597559 0.030000 6.597928 0.030000 3.809601 0.150000 3.072485 0.030000 2.583060 0.030000 2.456413 0.030000
5.749920 0.030000 5.599603 0.030000 2.666471 0.030000 2.725079 0.030000 7.034054 0.030000 6.968454 0.030000 4.669211 0.030000 4.480454 0.030000 5.650834 0.030000 5.652951 0.030000 3.012119 0.030000 3.172638 0.030000 6.651301 0.030000 6.596669 0.030000 3.276987 0.030000 3.098717 0.030000 2.638660 0.030000 2.484080 0.030000
5.881441 0.030000 5.669068 0.030000 2.597332 0.030000 2.634019 0.030000 7.087632 0.030000 6.944411 0.030000 4.788869 0.030000 4.612933 0.030000 5.577347 0.030000 5.694760 0.030000 2.873147 0.030000 3.026714 0.030000 6.594836 0.030000 6.621326 0.030000 3.341043 0.030000 3.209193 0.030000 2.756051 0.030000 2.552143 0.030000
6.061042 0.030000 5.832173 0.030000 2.555897 0.030000 2.638752 0.030000 7.214763 0.030000 7.078642 0.030000 4.943176 0.030000 4.676085 0.030000 5.642799 0.030000 5.644165 0.030000 3.156698 0.150000 2.889527 0.030000 6.690634 0.030000 6.710049 0.150000 3.461782 0.030000 3.265048 0.030000 2.780405 0.030000 2.682790 0.030000
6.132449 0.030000 5.998017 0.030000 2.536072 0.030000 2.587343 0.030000 7.244101 0.030000 7.085780 0.030000 4.978520 0.030000 4.840853 0.030000 5.567954 0.030000 5.593098 0.030000 2.679673 0.030000 2.854015 0.030000 6.697581 0.030000 6.677310 0.030000 3.554093 0.030000 3.429669 0.030000 2.887545 0.030000 3.031073 0.150000
6.243062 0.030000 6.088954 0.030000 2.527221 0.030000 2.539476 0.030000 7.315766 0.030000 7.272683 0.030000 5.103232 0.030000 4.936354 0.030000 5.542419 0.030000 5.624375 0.150000 2.581913 0.030000 2.759369 0.030000 6.688283 0.030000 6.620357 0.030000 3.639523 0.030000 3.465924 0.030000 2.947424 0.030000 2.777447 0.030000
6.350751 0.030000 6.166361 0.030000 2.495478 0.030000 2.479408 0.030000 7.375178 0.030000 7.213079 0.030000 5.226202 0.030000 5.060999 0.030000 6.142970 0.150000 5.557758 0.030000 2.519144 0.030000 2.609562 0.150000 6.713739 0.030000 6.695419 0.030000 3.465379 0.150000 3.527182 0.030000 2.986165 0.030000 2.901642 0.030000
6.484352 0.030000 6.254588 0.030000 2.498128 0.030000 2.475318 0.030000 7.422734 0.030000 7.302139 0.030000 5.292710 0.030000 5.159090 0.030000 5.523503 0.030000 5.560711 0.030000 2.478134 0.030000 2.659399 0.030000 6.763020 0.030000 6.733463 0.030000 3.762331 0.030000 3.539012 0.030000 3.132912 0.030000 2.972597 0.030000
6.518546 0.030000 6.357692 0.030000 2.469707 0.030000 2.510321 0.030000 7.497856 0.030000 7.341518 0.030000 5.390694 0.030000 5.267845 0.030000 5.499025 0.030000 5.516663 0.030000 2.451641 0.030000 2.528573 0.030000 6.788144 0.030000 6.695231 0.030000 3.842544 0.030000 3.688783 0.030000 3.110535 0.030000 3.008555 0.030000
6.641152 0.030000 6.405314 0.030000 2.445998 0.030000 2.496401 0.030000 7.560617 0.030000 7.406292 0.030000 5.472848 0.030000 5.306228 0.030000 5.453348 0.030000 5.532234 0.030000 2.389566 0.030000 2.519247 0.030000 6.769241 0.030000 7.407408 0.150000 3.897543 0.030000 3.952431 0.150000 3.221620 0.030000 3.400723 0.150000
6.837861 0.150000 6.438558 0.030000 2.516242 0.030000 2.512096 0.030000 7.576488 0.030000 7.485516 0.030000 5.550902 0.030000 5.987077 0.150000 5.549408 0.030000 5.461826 0.030000 2.338710 0.030000 2.437068 0.030000 6.794161 0.030000 6.690153 0.030000 3.956607 0.030000 3.954536 0.150000 3.319645 0.030000 3.112123 0.030000
6.689083 0.030000 6.550971 0.030000 2.490437 0.030000 2.444856 0.030000 7.549118 0.030000 7.456393 0.030000 5.601447 0.030000 5.578395 0.150000 5.428980 0.030000 5.482202 0.030000 2.288814 0.030000 2.399002 0.030000 6.806857 0.030000 6.790215 0.030000 3.998200 0.030000 3.987103 0.150000 3.336558 0.030000 3.258209 0.030000
6.511641 0.150000 6.582026 0.030000 3.431806 0.150000 2.447837 0.030000 7.642451 0.030000 7.536262 0.030000 5.597029 0.030000 5.422939 0.030000 5.520395 0.030000 5.488621 0.030000 2.250776 0.030000 2.342088 0.030000 6.800757 0.030000 6.799055 0.030000 3.893893 0.150000 3.847200 0.030000 3.380457 0.030000 3.231323 0.030000
6.784996 0.030000 6.614527 0.030000 2.600033 0.150000 2.534091 0.030000 7.669558 0.030000 7.525853 0.030000 5.636864 0.030000 5.497539 0.030000 5.476164 0.030000 5.475207 0.030000 2.194806 0.030000 2.336729 0.030000 6.811350 0.030000 6.753611 0.030000 4.041825 0.030000 3.851085 0.030000 3.425429 0.030000 3.195878 0.030000
6.792974 0.030000 6.656720 0.030000 2.479836 0.030000 2.490409 0.030000 7.664944 0.030000 7.551121 0.030000 5.695961 0.030000 5.466633 0.030000 5.467460 0.030000 5.461105 0.030000 2.250189 0.030000 2.331952 0.030000 6.854384 0.030000 6.804681 0.030000 4.159692 0.030000 3.971786 0.030000 3.441062 0.030000 3.299135 0.030000
6.816522 0.030000 6.698439 0.030000 2.701987 0.150000 2.464759 0.030000 7.658692 0.030000 8.594248 0.150000 5.735384 0.030000 5.423379 0.150000 5.468586 0.030000 5.455839 0.030000 2.181285 0.030000 2.360254 0.030000 6.805438 0.030000 6.802150 0.030000 4.140357 0.030000 3.952497 0.030000 3.440813 0.030000 3.274504 0.030000
6.873887 0.030000 6.756230 0.030000 2.479833 0.030000 2.437512 0.030000 7.623749 0.030000 7.623926 0.030000 5.817408 0.030000 5.586912 0.030000 5.366222 0.030000 5.483696 0.030000 2.080053 0.030000 2.285136 0.030000 6.805402 0.030000 6.831317 0.030000 4.205531 0.030000 4.026675 0.030000 3.451650 0.030000 3.394457 0.030000
6.970404 0.030000 6.855704 0.030000 2.725774 0.030000 2.538130 0.030000 7.585971 0.030000 7.646133 0.030000 5.909805 0.030000 6.199375 0.150000 5.288465 0.030000 5.434242 0.030000 2.058711 0.030000 2.251350 0.030000 6.661839 0.150000 6.873150 0.030000 4.318637 0.150000 4.099747 0.030000 3.407707 0.030000 3.397965 0.030000
6.955435 0.150000 6.890010 0.030000 2.778122 0.030000 2.600016 0.030000 7.522380 0.030000 7.658963 0.030000 5.965185 0.030000 6.146174 0.150000 5.168133 0.030000 5.286658 0.150000 1.893365 0.030000 2.060920 0.030000 6.587818 0.030000 6.771503 0.030000 4.422693 0.030000 4.261239 0.030000 3.374757 0.030000 3.477829 0.030000
6.887109 0.030000 6.821401 0.030000 2.923941 0.030000 2.659412 0.030000 7.455503 0.030000 7.540533 0.030000 6.045125 0.030000 5.911905 0.030000 5.035428 0.030000 5.210037 0.030000 1.905489 0.150000 1.956920 0.030000 6.487428 0.030000 6.699515 0.030000 4.497148 0.030000 4.318422 0.030000 3.979455 0.150000 3.425282 0.030000
6.837379 0.030000 6.870873 0.030000 3.052929 0.030000 4.150939 0.150000 7.422455 0.030000 7.465382 0.030000 6.092166 0.030000 5.904845 0.030000 4.900144 0.030000 5.106736 0.030000 1.637034 0.030000 1.802249 0.030000 6.702296 0.150000 6.523716 0.030000 4.623731 0.150000 4.393456 0.030000 3.229422 0.030000 3.353539 0.030000
6.818460 0.030000 6.819013 0.030000 3.473089 0.150000 2.961032 0.030000 7.258170 0.030000 7.421149 0.030000 6.868762 0.150000 6.003897 0.030000 4.791533 0.030000 4.979478 0.030000 1.580144 0.030000 1.779468 0.030000 6.175077 0.150000 6.391892 0.030000 4.673556 0.030000 4.561687 0.030000 3.038234 0.150000 3.276747 0.150000
6.830682 0.030000 6.892123 0.030000 3.273824 0.150000 3.121231 0.030000 7.136553 0.030000 7.333068 0.030000 6.207700 0.030000 6.118095 0.030000 4.680443 0.030000 4.868037 0.030000 1.479186 0.030000 1.626353 0.030000 6.108329 0.030000 6.318883 0.030000 4.769000 0.030000 4.630955 0.030000 3.184834 0.030000 3.274200 0.030000
6.806954 0.030000 6.842877 0.030000 3.370872 0.030000 3.191224 0.030000 7.131473 0.030000 7.253696 0.030000 6.246833 0.030000 6.164499 0.030000 5.305286 0.150000 4.794872 0.030000 1.414599 0.030000 1.556901 0.030000 5.972030 0.030000 6.241633 0.150000 4.853262 0.030000 4.747646 0.030000 3.104016 0.030000 3.244732 0.030000
6.799610 0.030000 6.821070 0.030000 3.504901 0.030000 3.307393 0.030000 7.026225 0.030000 7.189514 0.030000 6.309790 0.030000 6.195304 0.030000 4.354604 0.150000 4.586497 0.030000 1.270305 0.030000 1.414596 0.030000 5.827987 0.150000 6.096300 0.030000 4.927755 0.030000 4.847743 0.030000 3.120982 0.030000 3.160661 0.030000
6.806341 0.030000 6.862981 0.030000 3.657620 0.030000 3.442114 0.030000 6.926303 0.030000 7.081865 0.030000 6.361586 0.030000 6.979999 0.150000 4.308236 0.030000 4.462526 0.030000 1.202666 0.030000 1.415617 0.030000 5.824845 0.030000 5.978178 0.030000 5.078149 0.150000 4.911168 0.030000 3.083483 0.030000 3.147423 0.030000
6.769601 0.030000 6.756246 0.030000 3.775845 0.030000 3.563285 0.030000 7.678998 0.150000 6.985519 0.030000 6.508384 0.030000 6.363020 0.030000 4.165446 0.030000 4.570294 0.150000 1.173203 0.030000 1.294539 0.030000 5.676248 0.030000 5.846684 0.030000 5.125757 0.150000 4.909406 0.030000 3.025704 0.030000 3.088257 0.030000
6.759805 0.030000 6.714602 0.030000 3.886692 0.030000 3.655085 0.030000 6.809868 0.030000 6.922008 0.030000 6.478053 0.030000 6.377475 0.030000 4.078051 0.030000 4.281550 0.030000 1.132521 0.030000 1.160535 0.030000 5.591557 0.030000 5.782722 0.030000 5.190072 0.030000 5.039301 0.030000 3.024662 0.030000 3.107037 0.030000
6.779385 0.030000 6.732107 0.030000 3.982108 0.030000 3.739489 0.030000 6.710689 0.030000 6.849901 0.030000 6.563702 0.030000 6.460086 0.030000 4.024614 0.030000 4.213151 0.030000 1.042353 0.030000 1.135048 0.030000 5.570769 0.030000 5.705307 0.030000 5.272062 0.030000 5.149033 0.030000 3.012543 0.030000 3.048705 0.030000
6.769830 0.030000 6.740743 0.030000 4.039157 0.030000 3.807142 0.030000 6.672315 0.030000 6.827788 0.150000 6.613979 0.150000 6.490848 0.030000 3.942750 0.030000 4.148459 0.030000 1.005901 0.030000 1.109788 0.030000 5.406101 0.030000 5.601864 0.030000 5.304010 0.030000 5.193695 0.030000 3.351669 0.150000 3.056238 0.030000
6.745539 0.030000 6.721128 0.030000 4.118109 0.030000 3.925300 0.030000 6.663282 0.030000 6.816570 0.030000 6.608817 0.030000 6.480901 0.030000 3.844391 0.030000 4.111486 0.030000 1.044648 0.030000 1.027431 0.030000 5.363290 0.030000 5.606412 0.030000 5.310724 0.030000 5.224481 0.030000 2.983207 0.030000 3.368389 0.150000
6.782390 0.030000 6.761318 0.030000 4.151829 0.030000 4.093368 0.150000 6.585217 0.030000 6.690746 0.030000 6.695918 0.030000 6.582020 0.030000 3.801423 0.030000 4.033754 0.030000 1.042783 0.030000 1.034982 0.030000 5.352186 0.030000 5.504661 0.030000 5.441850 0.030000 5.238077 0.030000 2.981061 0.030000 3.048662 0.030000
6.788739 0.030000 7.220508 0.150000 4.175507 0.030000 4.052459 0.030000 6.691371 0.150000 6.682019 0.030000 6.677322 0.030000 6.608552 0.030000 3.748079 0.030000 3.945311 0.030000 0.991307 0.030000 1.022533 0.030000 5.315308 0.030000 5.503787 0.030000 5.499675 0.030000 5.280270 0.030000 3.039128 0.030000 3.015896 0.030000
6.750173 0.030000 6.776251 0.030000 4.195682 0.030000 4.042811 0.030000 6.558532 0.030000 6.652316 0.030000 6.726548 0.030000 6.563216 0.030000 3.673182 0.030000 3.908412 0.030000 0.954910 0.030000 1.003399 0.030000 5.241354 0.030000 5.434237 0.030000 5.478256 0.030000 5.363277 0.030000 2.931562 0.030000 3.019130 0.030000
6.717385 0.030000 6.703896 0.030000 4.674378 0.150000 4.109735 0.030000 6.554893 0.030000 6.786827 0.150000 6.725977 0.030000 6.645209 0.030000 3.688680 0.030000 3.893732 0.030000 1.001057 0.030000 1.016123 0.030000 5.176156 0.030000 5.358721 0.030000 5.506619 0.030000 5.365545 0.030000 3.004289 0.030000 3.057282 0.030000
6.722389 0.030000 6.782649 0.030000 4.278358 0.030000 4.128825 0.030000 6.520369 0.030000 6.602080 0.030000 6.732820 0.030000 6.665441 0.030000 3.637858 0.030000 3.923796 0.030000 0.965833 0.030000 1.010713 0.030000 5.174551 0.030000 5.412783 0.030000 5.494814 0.030000 5.390759 0.030000 2.985416 0.030000 3.045949 0.030000
6.694431 0.030000 6.731333 0.030000 4.358188 0.030000 4.158301 0.030000 6.454415 0.030000 6.629163 0.030000 6.618284 0.030000 6.748923 0.030000 3.880542 0.150000 3.806713 0.030000 1.061837 0.030000 1.004819 0.030000 5.136592 0.030000 5.359273 0.030000 5.499320 0.030000 5.431448 0.030000 2.919968 0.030000 3.020007 0.030000
6.514190 0.030000 6.734947 0.030000 4.374925 0.030000 4.220984 0.030000 6.327069 0.030000 6.694798 0.150000 6.679506 0.030000 7.564942 0.150000 3.595638 0.030000 3.708109 0.030000 1.136164 0.030000 0.939873 0.030000 5.282748 0.150000 5.242636 0.030000 5.480423 0.030000 5.506509 0.030000 2.779619 0.030000 2.993280 0.030000
6.519083 0.030000 6.668648 0.030000 4.335989 0.030000 4.341317 0.030000 6.258904 0.030000 6.423395 0.030000 6.611018 0.030000 6.704926 0.030000 3.605745 0.030000 3.608959 0.030000 1.266313 0.030000 1.035496 0.030000 5.022776 0.030000 5.112308 0.030000 5.485712 0.030000 5.499607 0.030000 2.938863 0.150000 2.906466 0.030000
6.313026 0.030000 6.529541 0.030000 4.383239 0.030000 4.389939 0.030000 6.215914 0.150000 6.264765 0.030000 6.413331 0.030000 6.618657 0.030000 3.611821 0.030000 3.611350 0.030000 1.375144 0.030000 1.196270 0.030000 4.961358 0.030000 4.979300 0.150000 5.358121 0.030000 5.552456 0.150000 2.559921 0.030000 2.803808 0.030000
6.200067 0.030000 6.398994 0.030000 4.327478 0.030000 4.382030 0.030000 5.970210 0.030000 6.199825 0.030000 6.373305 0.030000 6.514685 0.030000 3.561557 0.030000 3.618450 0.030000 1.483142 0.030000 1.274322 0.030000 5.503221 0.150000 4.975253 0.030000 5.261074 0.030000 5.403131 0.030000 2.441752 0.030000 2.687549 0.030000
6.062516 0.030000 6.252067 0.030000 4.425273 0.030000 4.426303 0.150000 5.996354 0.030000 6.071378 0.030000 6.299207 0.030000 6.754702 0.150000 4.169581 0.150000 3.618577 0.030000 1.606958 0.030000 1.465105 0.030000 4.880882 0.030000 4.909367 0.030000 5.250019 0.030000 5.335615 0.030000 2.329717 0.030000 2.544410 0.030000
5.998747 0.030000 6.147573 0.030000 4.427857 0.030000 4.375330 0.030000 5.885276 0.030000 6.023787 0.030000 6.193356 0.030000 6.347338 0.030000 3.711644 0.030000 3.616211 0.030000 1.705740 0.030000 1.547743 0.030000 5.219049 0.150000 4.912475 0.030000 5.159849 0.030000 5.216398 0.030000 2.196439 0.030000 2.423847 0.030000
5.795529 0.030000 6.110464 0.030000 4.434634 0.030000 4.401707 0.030000 5.825362 0.030000 5.929073 0.030000 6.074557 0.030000 6.243380 0.030000 3.701729 0.030000 3.665651 0.030000 1.857733 0.030000 1.690592 0.030000 4.848883 0.030000 4.834414 0.030000 5.068160 0.030000 5.224949 0.030000 2.335061 0.150000 2.281860 0.030000
5.739297 0.030000 6.116277 0.150000 4.479802 0.030000 4.410776 0.030000 5.668641 0.030000 5.776841 0.030000 6.055401 0.030000 6.166968 0.030000 3.705059 0.030000 3.722312 0.030000 2.039554 0.030000 1.752359 0.030000 4.762921 0.030000 4.819271 0.030000 5.017180 0.030000 5.100166 0.030000 1.994755 0.030000 2.167619 0.030000
5.564117 0.030000 5.807707 0.030000 4.481597 0.030000 4.425482 0.030000 5.599937 0.030000 5.690148 0.030000 5.982030 0.030000 6.022431 0.030000 3.707893 0.030000 3.734952 0.030000 2.101471 0.030000 1.911825 0.030000 4.693643 0.030000 4.808544 0.030000 5.923514 0.150000 5.632688 0.150000 1.877278 0.030000 2.055549 0.030000
5.413930 0.030000 5.669228 0.030000 4.539131 0.030000 4.440535 0.030000 5.517559 0.030000 5.679947 0.030000 5.804679 0.030000 5.934703 0.030000 5.007663 0.150000 3.659114 0.030000 2.248074 0.030000 2.027750 0.030000 4.717524 0.030000 4.737970 0.030000 4.926126 0.030000 4.981694 0.030000 1.692163 0.030000 1.864462 0.030000
5.330014 0.030000 5.555963 0.030000 4.517130 0.030000 4.496186 0.030000 5.491036 0.030000 5.551838 0.030000 5.734884 0.030000 5.847208 0.030000 4.187543 0.150000 3.917411 0.150000 2.323087 0.030000 2.183887 0.030000 4.736551 0.030000 4.740355 0.030000 4.818764 0.030000 4.974426 0.030000 1.621936 0.030000 1.840492 0.030000
5.553739 0.150000 5.397918 0.030000 4.620324 0.030000 4.544367 0.030000 5.336624 0.030000 5.516162 0.030000 5.647267 0.030000 6.743681 0.150000 3.837526 0.030000 3.817834 0.030000 2.469111 0.030000 2.325484 0.030000 4.666529 0.030000 4.716817 0.030000 4.882352 0.030000 4.922451 0.030000 1.489199 0.030000 1.699579 0.030000
5.081922 0.030000 5.296125 0.030000 4.655229 0.030000 4.508408 0.030000 5.262058 0.030000 5.426837 0.030000 5.545627 0.030000 5.680045 0.030000 3.940513 0.030000 3.846511 0.030000 3.549650 0.150000 2.409071 0.030000 4.683163 0.030000 4.683041 0.030000 4.789851 0.030000 4.874633 0.030000 1.311089 0.030000 1.495459 0.030000
4.985904 0.030000 5.166603 0.030000 4.588367 0.030000 4.607111 0.030000 5.187572 0.030000 5.291536 0.030000 5.481199 0.030000 5.659429 0.030000 3.962154 0.030000 3.874519 0.030000 2.711558 0.030000 2.582298 0.030000 4.584739 0.030000 4.671830 0.030000 4.736640 0.030000 4.774494 0.030000 1.203378 0.030000 1.418575 0.030000
4.885631 0.030000 5.044475 0.030000 4.689353 0.030000 4.655296 0.030000 5.056228 0.030000 5.239109 0.030000 5.362449 0.030000 5.484376 0.030000 4.037109 0.030000 3.925854 0.030000 2.852764 0.030000 2.684100 0.030000 4.611485 0.030000 4.637607 0.030000 4.682053 0.030000 4.786854 0.030000 1.066440 0.030000 1.276040 0.030000
4.698441 0.030000 4.928490 0.030000 4.764778 0.030000 4.673344 0.030000 5.053020 0.030000 5.105397 0.030000 5.273803 0.030000 5.707816 0.150000 4.093278 0.030000 3.983332 0.030000 3.035705 0.030000 2.803006 0.030000 4.605346 0.030000 5.671292 0.150000 4.672844 0.030000 4.735293 0.030000 0.963915 0.030000 1.187103 0.030000
4.590463 0.030000 4.825782 0.030000 4.973040 0.150000 5.364736 0.150000 4.924753 0.030000 5.108772 0.030000 5.188158 0.030000 5.339189 0.030000 4.207126 0.030000 4.032870 0.030000 3.115596 0.030000 2.935174 0.030000 4.624987 0.030000 4.692526 0.030000 4.608229 0.030000 4.660794 0.030000 0.821852 0.030000 1.025268 0.030000
4.446468 0.030000 5.108538 0.150000 4.836330 0.030000 4.713738 0.030000 4.913336 0.030000 4.970942 0.030000 5.130960 0.030000 5.166573 0.150000 4.192321 0.030000 4.156403 0.030000 3.272245 0.030000 3.031849 0.030000 4.646291 0.030000 4.616083 0.030000 4.586401 0.030000 4.671138 0.030000 1.081286 0.150000 0.946117 0.030000
4.358057 0.030000 4.538761 0.030000 5.279992 0.150000 4.830553 0.030000 4.793780 0.030000 4.913206 0.030000 5.038518 0.030000 5.177255 0.030000 4.245553 0.030000 4.155374 0.150000 3.394475 0.030000 3.152143 0.030000 4.652438 0.030000 4.630054 0.030000 4.806352 0.150000 4.531418 0.030000 0.826652 0.150000 0.748680 0.030000
4.441375 0.150000 4.430080 0.030000 4.985833 0.030000 4.833293 0.030000 4.743108 0.030000 4.896411 0.030000 5.068475 0.150000 5.103044 0.030000 4.357209 0.030000 4.267429 0.030000 3.536368 0.030000 3.304034 0.030000 4.649628 0.030000 4.643675 0.030000 5.423208 0.150000 4.636395 0.030000 0.465939 0.030000 0.688931 0.030000
4.058642 0.030000 4.293079 0.030000 4.978250 0.030000 4.986502 0.030000 4.686427 0.030000 4.742480 0.030000 4.882690 0.030000 5.036322 0.030000 5.260581 0.150000 4.318559 0.030000 3.649574 0.030000 3.409448 0.030000 4.572319 0.030000 4.744387 0.030000 4.521973 0.030000 4.661432 0.150000 0.347702 0.030000 1.221122 0.150000
3.980512 0.150000 4.131383 0.030000 5.108410 0.030000 4.983674 0.030000 4.656036 0.030000 4.722024 0.030000 5.017812 0.150000 4.957403 0.030000 4.478113 0.030000 4.397927 0.030000 3.753844 0.030000 3.499067 0.030000 5.064048 0.150000 4.609840 0.030000 4.496913 0.030000 4.525344 0.030000 0.228833 0.030000 0.457473 0.030000
3.795943 0.030000 4.027731 0.030000 5.163932 0.030000 5.039366 0.030000 4.593865 0.030000 4.685360 0.030000 4.811451 0.030000 4.910829 0.030000 4.627063 0.030000 4.511253 0.030000 3.863659 0.030000 3.651809 0.030000 4.658507 0.030000 4.631504 0.030000 4.428888 0.030000 4.517222 0.030000 0.142648 0.030000 0.135543 0.150000
3.737066 0.030000 3.920655 0.030000 5.195220 0.030000 5.097081 0.030000 5.242002 0.150000 4.593092 0.030000 4.685954 0.030000 4.795654 0.030000 4.662502 0.030000 4.613284 0.150000 4.494559 0.150000 3.755800 0.030000 4.741059 0.030000 4.651969 0.030000 4.507072 0.030000 4.511620 0.030000 0.251431 0.150000 0.160764 0.030000
3.586549 0.030000 4.028996 0.150000 5.251757 0.030000 5.930266 0.150000 4.472505 0.030000 4.738434 0.150000 4.654835 0.030000 4.769515 0.030000 4.801970 0.030000 4.593587 0.030000 4.145916 0.030000 3.911546 0.030000 4.597483 0.150000 4.647417 0.030000 4.340698 0.030000 4.497975 0.030000 0.186025 0.030000 0.209595 0.150000
3.535713 0.030000 3.646773 0.030000 5.290548 0.030000 5.182506 0.030000 4.452284 0.030000 4.516511 0.030000 4.565352 0.030000 4.643745 0.030000 4.816782 0.030000 4.627548 0.030000 4.223678 0.030000 4.038992 0.150000 4.753175 0.030000 4.698343 0.030000 4.473309 0.030000 4.455491 0.030000 0.334299 0.150000 0.064453 0.030000
3.348285 0.030000 3.551927 0.030000 5.392273 0.030000 5.403648 0.150000 4.304784 0.030000 4.424856 0.030000 4.569124 0.150000 4.592467 0.030000 4.923788 0.030000 4.772731 0.030000 4.359648 0.030000 4.189180 0.030000 4.727794 0.030000 4.747750 0.030000 4.460543 0.030000 4.466044 0.030000 0.379835 0.030000 1.322823 0.150000
3.284023 0.030000 3.413889 0.030000 5.462845 0.030000 5.376434 0.030000 4.301791 0.030000 4.382923 0.030000 4.452709 0.030000 4.495197 0.030000 5.012181 0.030000 4.882051 0.030000 4.494314 0.030000 4.351689 0.150000 4.813249 0.030000 4.797892 0.030000 4.650890 0.150000 4.709256 0.150000 0.539483 0.030000 0.334681 0.030000
2.953413 0.150000 3.267071 0.030000 5.549374 0.030000 5.448533 0.030000 4.212746 0.030000 4.259572 0.030000 4.457380 0.030000 4.500018 0.030000 5.094712 0.030000 4.720329 0.150000 4.598503 0.030000 4.374266 0.030000 4.852082 0.030000 4.802130 0.030000 4.497867 0.030000 4.465858 0.030000 0.639365 0.030000 0.421676 0.030000
2.943336 0.030000 3.166282 0.030000 5.614535 0.030000 5.511898 0.030000 4.201098 0.030000 4.284489 0.030000 4.365659 0.030000 4.473308 0.030000 5.176294 0.030000 5.023201 0.030000 4.735603 0.030000 4.627082 0.030000 4.895033 0.030000 4.807787 0.030000 4.548077 0.030000 4.526522 0.030000 0.792778 0.030000 0.625691 0.030000
2.874852 0.030000 3.024394 0.030000 5.664900 0.030000 5.547657 0.030000 4.187463 0.030000 4.255459 0.030000 4.342114 0.030000 4.364521 0.030000 5.293409 0.030000 5.128906 0.030000 4.875920 0.030000 4.634578 0.030000 5.258654 0.150000 4.905132 0.030000 4.458687 0.030000 4.480598 0.030000 0.937045 0.030000 0.751131 0.030000
2.667024 0.030000 2.951315 0.030000 6.180030 0.150000 5.665118 0.030000 4.129852 0.150000 4.165927 0.030000 4.274164 0.030000 4.311733 0.030000 5.356913 0.030000 5.185246 0.030000 4.984500 0.030000 4.806594 0.030000 4.976535 0.030000 4.939279 0.030000 4.537125 0.030000 4.484938 0.030000 0.946961 0.030000 1.376524 0.150000
2.548145 0.030000 2.843549 0.030000 5.922947 0.030000 5.750716 0.030000 4.165285 0.030000 4.195902 0.030000 4.208132 0.030000 4.307084 0.030000 5.507688 0.030000 5.296338 0.030000 5.123434 0.030000 4.904369 0.030000 5.012877 0.030000 4.928923 0.030000 4.540206 0.030000 4.437382 0.030000 1.148362 0.030000 0.964030 0.030000
2.488669 0.030000 2.733985 0.030000 6.025276 0.030000 5.861240 0.030000 4.072747 0.030000 4.191872 0.030000 4.181787 0.030000 4.219042 0.030000 5.546056 0.030000 5.395516 0.030000 5.219266 0.030000 5.052581 0.030000 5.052674 0.030000 5.028414 0.030000 4.506830 0.030000 4.546479 0.150000 1.288095 0.030000 1.116884 0.030000
2.351667 0.030000 2.544498 0.030000 6.028413 0.030000 5.902983 0.030000 4.124814 0.030000 3.995853 0.150000 4.149411 0.030000 4.170400 0.030000 5.442940 0.150000 5.613220 0.150000 5.767302 0.150000 5.134819 0.030000 5.142309 0.030000 5.035787 0.030000 5.715241 0.150000 4.526371 0.030000 1.440878 0.030000 1.342737 0.150000
2.623533 0.150000 4.289086 0.150000 6.117622 0.030000 6.105363 0.150000 4.022085 0.030000 4.131718 0.030000 4.107341 0.030000 4.151454 0.030000 5.777923 0.030000 5.582624 0.030000 5.478892 0.030000 5.251092 0.030000 5.173937 0.030000 5.098003 0.030000 4.595443 0.030000 4.575119 0.030000 1.579453 0.030000 2.037854 0.150000
2.039882 0.030000 2.306547 0.030000 6.473999 0.150000 6.085088 0.030000 4.040492 0.030000 4.096432 0.030000 4.104840 0.030000 4.074874 0.030000 5.782990 0.030000 5.695531 0.030000 5.605779 0.030000 5.900358 0.150000 5.209272 0.030000 5.173711 0.030000 4.602047 0.030000 4.639482 0.030000 1.666837 0.030000 1.420585 0.030000
1.980169 0.030000 2.182590 0.030000 6.614657 0.150000 6.164055 0.030000 4.102520 0.030000 4.028068 0.030000 4.054185 0.030000 4.077963 0.030000 5.944216 0.030000 5.835246 0.030000 5.701104 0.030000 5.486503 0.030000 5.326839 0.030000 5.206381 0.030000 4.663205 0.030000 4.552181 0.150000 1.742392 0.030000 1.580039 0.030000
1.821688 0.030000 2.080243 0.030000 6.462285 0.030000 6.199991 0.030000 4.024979 0.030000 4.018565 0.030000 3.820047 0.150000 5.119242 0.150000 6.030417 0.030000 5.863632 0.030000 6.493881 0.150000 5.693631 0.030000 5.382876 0.030000 5.263949 0.030000 4.714746 0.030000 4.666477 0.030000 1.889898 0.030000 1.722946 0.030000
1.730972 0.030000 1.936588 0.030000 6.542197 0.030000 6.338081 0.030000 4.008683 0.030000 4.031900 0.030000 3.987080 0.030000 4.019288 0.030000 6.180080 0.030000 5.943732 0.030000 6.034244 0.030000 5.776763 0.030000 5.437477 0.030000 5.313664 0.030000 4.770467 0.030000 4.579779 0.030000 2.149865 0.150000 1.929156 0.030000
1.611613 0.030000 1.828858 0.030000 6.583624 0.030000 6.459879 0.030000 3.983822 0.030000 4.037954 0.030000 4.036578 0.030000 4.072513 0.030000 6.251504 0.030000 6.062173 0.030000 6.161589 0.030000 5.890396 0.030000 5.448475 0.030000 5.384286 0.030000 4.776165 0.030000 4.729036 0.030000 2.157017 0.030000 1.983860 0.030000
1.459459 0.030000 1.614780 0.030000 6.634971 0.030000 6.520744 0.030000 4.027827 0.030000 4.045236 0.030000 3.953939 0.030000 3.994879 0.030000 6.375126 0.030000 6.134503 0.030000 6.209243 0.030000 6.051743 0.030000 5.555371 0.030000 5.446585 0.030000 4.789052 0.030000 4.726808 0.030000 2.306866 0.030000 2.037100 0.030000
1.416267 0.030000 1.590145 0.030000 6.731972 0.030000 6.594145 0.030000 4.005464 0.030000 4.066898 0.030000 3.992602 0.030000 4.109791 0.150000 6.448354 0.030000 6.249326 0.030000 6.276099 0.030000 6.071654 0.030000 5.576503 0.030000 5.491644 0.030000 4.907535 0.030000 4.767505 0.030000 2.414068 0.030000 2.137927 0.030000
1.322065 0.030000 1.541768 0.030000 6.839164 0.030000 6.625724 0.030000 4.032069 0.030000 4.042781 0.030000 4.007848 0.030000 4.136290 0.150000 6.523530 0.030000 6.297316 0.030000 6.399782 0.030000 7.159631 0.150000 5.667173 0.030000 5.538465 0.030000 4.909364 0.030000 4.699419 0.150000 2.455552 0.030000 2.305130 0.030000
1.212106 0.030000 1.442268 0.030000 6.890764 0.030000 6.733629 0.030000 4.049734 0.030000 4.071581 0.030000 3.970847 0.030000 4.024194 0.030000 6.786622 0.150000 6.417663 0.030000 6.492478 0.030000 6.289500 0.030000 5.727350 0.030000 5.589513 0.030000 4.890881 0.030000 4.877968 0.030000 2.531876 0.030000 2.373209 0.030000
1.200790 0.030000 1.610908 0.150000 6.939830 0.030000 6.822132 0.030000 4.066542 0.030000 4.422504 0.150000 4.012349 0.030000 3.999549 0.030000 6.651102 0.030000 6.455146 0.030000 6.579170 0.030000 6.353502 0.030000 5.748764 0.030000 5.590629 0.030000 5.006962 0.030000 4.883199 0.030000 2.630267 0.030000 2.378061 0.030000
1.119420 0.030000 1.308008 0.030000 7.004125 0.030000 6.845791 0.030000 4.051429 0.030000 4.007010 0.030000 4.033171 0.030000 4.019889 0.030000 6.668079 0.030000 6.748713 0.150000 6.632952 0.030000 6.407220 0.030000 5.774949 0.030000 5.672229 0.030000 4.951407 0.030000 4.883611 0.030000 2.696237 0.030000 2.459254 0.030000
1.035639 0.030000 1.735343 0.150000 7.047557 0.030000 6.893235 0.030000 4.102898 0.030000 4.063340 0.030000 4.016178 0.030000 3.972460 0.030000 6.723998 0.030000 6.534348 0.030000 6.697082 0.030000 7.045268 0.150000 5.798192 0.030000 5.612401 0.150000 5.025160 0.030000 4.889658 0.030000 2.749452 0.030000 2.491362 0.030000
0.889144 0.150000 1.127725 0.030000 7.038845 0.030000 6.922123 0.030000 4.110993 0.030000 4.057420 0.030000 3.979750 0.030000 3.982449 0.030000 6.774287 0.030000 6.565099 0.030000 6.731954 0.030000 6.491907 0.030000 5.869117 0.030000 5.696797 0.030000 5.048688 0.030000 5.110456 0.150000 2.701959 0.030000 2.695822 0.150000
1.001583 0.030000 1.134616 0.030000 7.121349 0.030000 6.917062 0.030000 4.084037 0.030000 4.029345 0.030000 4.002536 0.030000 3.986502 0.030000 6.754261 0.030000 6.634395 0.030000 6.740644 0.030000 6.555666 0.030000 5.836763 0.030000 5.778674 0.030000 5.099802 0.030000 4.967923 0.030000 2.818788 0.030000 2.736357 0.150000
0.896439 0.030000 1.137746 0.030000 7.125501 0.030000 6.967901 0.030000 4.080081 0.030000 4.027239 0.030000 4.074744 0.030000 3.972408 0.030000 6.799947 0.030000 6.624655 0.030000 6.760925 0.030000 6.620885 0.030000 5.828639 0.030000 5.753363 0.030000 5.099618 0.030000 4.915253 0.030000 2.881824 0.030000 2.641764 0.030000
0.894656 0.030000 1.075595 0.030000 7.213578 0.030000 7.011353 0.030000 4.048651 0.030000 4.126351 0.030000 4.670192 0.150000 3.962352 0.030000 6.807222 0.030000 6.698536 0.030000 6.857153 0.030000 6.687047 0.030000 5.867155 0.030000 5.798739 0.030000 5.205239 0.030000 5.038853 0.030000 2.881650 0.030000 2.717534 0.030000
0.947200 0.030000 0.996071 0.030000 7.305207 0.030000 7.078530 0.030000 3.934542 0.030000 4.063535 0.030000 4.215659 0.030000 4.095760 0.030000 6.793324 0.030000 6.772467 0.030000 6.858759 0.030000 6.742750 0.030000 5.760842 0.030000 5.810716 0.030000 5.252350 0.030000 5.463348 0.150000 2.965250 0.030000 2.829125 0.030000
0.874689 0.030000 0.915503 0.030000 7.376536 0.030000 7.225999 0.030000 3.830736 0.030000 4.006784 0.030000 4.252233 0.030000 4.122668 0.030000 6.773937 0.030000 6.759143 0.030000 6.867559 0.030000 6.789575 0.030000 5.701282 0.030000 5.793339 0.030000 5.364621 0.030000 5.197478 0.030000 2.871550 0.030000 2.909468 0.030000
0.934991 0.030000 0.894357 0.030000 7.483069 0.030000 7.338455 0.030000 3.741890 0.030000 3.900395 0.030000 4.459775 0.030000 4.218133 0.030000 6.691141 0.030000 6.791613 0.030000 6.937792 0.030000 6.870577 0.030000 5.655928 0.030000 5.724172 0.030000 5.618273 0.150000 5.598781 0.150000 2.938106 0.030000 2.896076 0.030000
0.953718 0.030000 0.924159 0.030000 7.511839 0.030000 7.401898 0.030000 3.767787 0.150000 3.774826 0.030000 4.576946 0.030000 4.337867 0.030000 6.660119 0.030000 6.733030 0.030000 6.901974 0.030000 6.879679 0.030000 5.548092 0.030000 5.713614 0.030000 5.949128 0.150000 5.402248 0.030000 3.046074 0.030000 2.959724 0.030000
0.992300 0.030000 0.846982 0.030000 7.665119 0.030000 7.491932 0.030000 3.459056 0.030000 3.820544 0.150000 5.310018 0.150000 4.455524 0.030000 6.587937 0.030000 6.672616 0.030000 6.974438 0.030000 6.923753 0.030000 5.512083 0.030000 5.619164 0.030000 5.948899 0.150000 5.500136 0.030000 2.987695 0.030000 2.994155 0.030000
1.103680 0.030000 1.031251 0.030000 7.784481 0.030000 7.588289 0.030000 3.322990 0.030000 3.553478 0.030000 4.788870 0.030000 4.583864 0.030000 7.958142 0.150000 6.684477 0.030000 6.981460 0.030000 7.071986 0.150000 5.395134 0.030000 5.488895 0.030000 5.843033 0.030000 5.646043 0.030000 3.096274 0.030000 3.020289 0.030000
1.183848 0.030000 1.058124 0.030000 7.837999 0.030000 7.719121 0.030000 3.213742 0.030000 3.432335 0.030000 4.871877 0.030000 5.062894 0.150000 6.484076 0.030000 6.596144 0.030000 7.005585 0.030000 7.302582 0.150000 5.284423 0.030000 5.444342 0.030000 5.748018 0.150000 5.716632 0.030000 3.108130 0.030000 3.043716 0.030000
1.329192 0.030000 1.187288 0.030000 7.927085 0.030000 7.764585 0.030000 3.196170 0.030000 3.296383 0.030000 5.076509 0.030000 4.885383 0.030000 6.483408 0.030000 6.607585 0.030000 7.054934 0.030000 6.956444 0.030000 5.214047 0.030000 5.334280 0.030000 6.081929 0.030000 5.842054 0.030000 3.111390 0.030000 3.091765 0.030000
1.412732 0.030000 1.495562 0.150000 7.986384 0.030000 8.286358 0.150000 3.015101 0.030000 3.181845 0.030000 5.239946 0.030000 4.985651 0.030000 6.391743 0.030000 6.478565 0.030000 7.057700 0.030000 6.951185 0.030000 5.109627 0.030000 5.261408 0.030000 6.178300 0.030000 5.946236 0.030000 3.254345 0.030000 3.063722 0.030000
1.773659 0.150000 1.405968 0.030000 8.051939 0.030000 7.916130 0.030000 2.951784 0.030000 3.116411 0.030000 5.324351 0.030000 5.121577 0.030000 6.473813 0.030000 6.435870 0.030000 7.114856 0.030000 8.255489 0.150000 5.102211 0.030000 5.148568 0.030000 6.262952 0.030000 6.103785 0.030000 3.278336 0.030000 3.103984 0.030000
1.586517 0.030000 1.420126 0.030000 8.140309 0.030000 8.025764 0.030000 2.826139 0.030000 2.976706 0.030000 5.686392 0.150000 5.106888 0.030000 6.346135 0.030000 6.424971 0.030000 7.223728 0.150000 7.014825 0.030000 4.979211 0.030000 5.194622 0.030000 6.353003 0.030000 6.220112 0.030000 3.264903 0.030000 3.238838 0.030000
1.654952 0.030000 1.494052 0.030000 8.224474 0.030000 8.440792 0.150000 2.725592 0.030000 3.867048 0.150000 5.461920 0.030000 5.272581 0.030000 6.351795 0.030000 6.471397 0.030000 7.162212 0.030000 7.061386 0.030000 4.946471 0.030000 5.063936 0.030000 6.478587 0.030000 6.250048 0.030000 3.293690 0.030000 3.217174 0.030000
1.722593 0.030000 1.554739 0.030000 8.291725 0.030000 8.162991 0.030000 2.642649 0.030000 2.842114 0.030000 5.544814 0.030000 5.410847 0.030000 6.334291 0.030000 6.498858 0.150000 7.145735 0.030000 7.119403 0.150000 4.891971 0.030000 5.011015 0.030000 6.560926 0.030000 6.367480 0.030000 3.341776 0.030000 3.276808 0.030000
1.711133 0.030000 1.657695 0.030000 8.362786 0.030000 8.188827 0.030000 2.626699 0.150000 2.834932 0.030000 5.639423 0.030000 5.434149 0.030000 6.303357 0.030000 6.304846 0.030000 7.169877 0.030000 7.054759 0.030000 5.364794 0.150000 4.962106 0.030000 6.583244 0.030000 6.447808 0.030000 3.439644 0.030000 3.294790 0.030000
1.781550 0.030000 1.704764 0.150000 8.381222 0.030000 8.256614 0.030000 2.583048 0.030000 2.782245 0.030000 5.636961 0.030000 5.455112 0.030000 6.295775 0.030000 6.295988 0.030000 7.222171 0.030000 7.645216 0.150000 4.876750 0.030000 4.944626 0.030000 6.595974 0.030000 7.394105 0.150000 3.439815 0.030000 3.506239 0.150000
1.860728 0.030000 1.766396 0.030000 8.428205 0.030000 8.239836 0.030000 2.440957 0.030000 2.674103 0.030000 5.814416 0.150000 5.551669 0.030000 6.281232 0.030000 6.331392 0.030000 7.182691 0.030000 7.323688 0.150000 4.770628 0.030000 4.866150 0.030000 6.691835 0.030000 6.566823 0.030000 3.469145 0.030000 3.405798 0.030000
1.920302 0.030000 1.703066 0.030000 8.450976 0.030000 8.311727 0.030000 2.451490 0.030000 2.603864 0.030000 5.774826 0.030000 5.591275 0.030000 6.321101 0.030000 6.385007 0.030000 7.208114 0.030000 7.154373 0.030000 4.833105 0.030000 4.890292 0.030000 6.725557 0.030000 6.555940 0.030000 3.474833 0.030000 3.364964 0.030000
1.923939 0.030000 1.748870 0.030000 8.483673 0.150000 8.382355 0.030000 2.379364 0.030000 2.623514 0.030000 5.793686 0.030000 5.629910 0.030000 6.731134 0.150000 6.295244 0.030000 7.168135 0.030000 7.113286 0.030000 4.764157 0.030000 4.860725 0.030000 6.777960 0.030000 6.598204 0.030000 3.501408 0.030000 3.471507 0.030000
1.935712 0.030000 1.784911 0.030000 8.501086 0.030000 8.296448 0.030000 2.658178 0.150000 2.600440 0.030000 5.837137 0.030000 5.705851 0.030000 6.229116 0.030000 6.335888 0.030000 7.194789 0.030000 7.147899 0.030000 4.738717 0.030000 4.811057 0.030000 6.822034 0.030000 6.618871 0.030000 3.518620 0.030000 3.430685 0.030000
2.162754 0.150000 1.880277 0.030000 8.431510 0.030000 8.408139 0.030000 2.385963 0.030000 2.595552 0.030000 5.859666 0.030000 5.701948 0.030000 6.181806 0.030000 6.337885 0.030000 7.125570 0.030000 7.247773 0.030000 4.619460 0.030000 4.880978 0.030000 7.130222 0.150000 6.729419 0.030000 3.477875 0.030000 3.452311 0.030000
2.116575 0.030000 1.975861 0.030000 8.371476 0.030000 8.493541 0.030000 2.289016 0.030000 2.403724 0.030000 5.885430 0.030000 5.795107 0.030000 6.071313 0.030000 6.791651 0.150000 7.106973 0.030000 7.178333 0.030000 4.637338 0.030000 4.748181 0.150000 6.819817 0.030000 6.746695 0.030000 3.434042 0.030000 3.498075 0.030000
2.165235 0.030000 2.067841 0.030000 8.396767 0.030000 8.900523 0.150000 2.186643 0.030000 2.366941 0.030000 5.915006 0.030000 5.903106 0.030000 5.998112 0.030000 6.510427 0.150000 6.961563 0.030000 7.172509 0.030000 4.447957 0.030000 4.662115 0.030000 6.785268 0.030000 6.745336 0.030000 3.354215 0.030000 3.625504 0.150000
2.213250 0.030000 2.131265 0.030000 8.308457 0.030000 8.388687 0.030000 2.171934 0.030000 2.241825 0.030000 5.960924 0.030000 5.897664 0.030000 5.838839 0.030000 6.413578 0.150000 6.893518 0.030000 7.022637 0.030000 4.390145 0.030000 4.535913 0.030000 6.759495 0.030000 6.791268 0.030000 3.237285 0.030000 3.387339 0.030000
2.326886 0.030000 2.249714 0.030000 8.190797 0.030000 8.329591 0.030000 2.173905 0.030000 2.256962 0.030000 5.920374 0.030000 5.908091 0.030000 5.732697 0.030000 5.935544 0.030000 6.753013 0.030000 6.921046 0.030000 4.307097 0.030000 4.485210 0.030000 6.676281 0.030000 6.726954 0.030000 3.119695 0.030000 3.282752 0.030000
2.363447 0.030000 2.243819 0.030000 8.193806 0.030000 8.269227 0.030000 2.137605 0.030000 2.148095 0.030000 5.925227 0.030000 5.945845 0.030000 5.578179 0.030000 5.803859 0.030000 6.618550 0.030000 6.805745 0.030000 4.192635 0.030000 4.334155 0.030000 6.697169 0.030000 6.580128 0.150000 3.096025 0.030000 3.530946 0.150000
2.472077 0.030000 2.313527 0.030000 8.050628 0.030000 8.157203 0.030000 2.066530 0.030000 2.117061 0.030000 5.960091 0.030000 5.987760 0.030000 5.454101 0.030000 5.718243 0.030000 6.520894 0.030000 6.626470 0.150000 4.091061 0.030000 4.275746 0.030000 6.344881 0.150000 6.700086 0.030000 2.915236 0.030000 3.106882 0.030000
2.497587 0.030000 2.406661 0.030000 7.939625 0.030000 8.087248 0.030000 2.149886 0.030000 2.072599 0.030000 5.939774 0.030000 5.951859 0.030000 5.378428 0.030000 5.573992 0.030000 6.398001 0.030000 6.571955 0.030000 3.911785 0.030000 4.124902 0.030000 6.645081 0.030000 6.668047 0.030000 2.849037 0.030000 2.991124 0.030000
2.671181 0.030000 2.493228 0.030000 7.927313 0.030000 8.030317 0.030000 2.211888 0.150000 2.088131 0.030000 5.974345 0.030000 6.061584 0.150000 5.257058 0.030000 5.377996 0.030000 6.238801 0.030000 6.475207 0.030000 3.900554 0.030000 3.989067 0.030000 6.577421 0.030000 6.616493 0.030000 2.793351 0.030000 2.896317 0.030000
2.742680 0.030000 2.592404 0.030000 7.864784 0.030000 7.999293 0.030000 2.124027 0.030000 2.050872 0.030000 6.412401 0.150000 5.939927 0.030000 5.135804 0.030000 5.270357 0.030000 6.181668 0.030000 6.333701 0.030000 3.794754 0.030000 3.939493 0.030000 6.618628 0.030000 6.668312 0.030000 2.670332 0.030000 3.121126 0.150000
2.768865 0.030000 2.777591 0.150000 7.770376 0.030000 7.860579 0.030000 2.269980 0.150000 2.099009 0.030000 5.993100 0.030000 6.017134 0.030000 4.993831 0.030000 5.198525 0.030000 6.002429 0.030000 6.270868 0.030000 3.732979 0.030000 3.830337 0.030000 6.486882 0.030000 6.530833 0.030000 2.536888 0.030000 2.746147 0.030000
2.962673 0.030000 2.770518 0.030000 8.061136 0.150000 7.876084 0.030000 2.085378 0.030000 2.069700 0.030000 6.043899 0.030000 5.984903 0.030000 4.911733 0.030000 5.661967 0.150000 5.943626 0.030000 6.141654 0.030000 3.589197 0.030000 3.745545 0.030000 6.526024 0.030000 6.621552 0.030000 2.512500 0.030000 2.634145 0.030000
2.964505 0.030000 2.935449 0.030000 7.646858 0.150000 7.762124 0.030000 2.431305 0.150000 2.124442 0.030000 6.002147 0.030000 6.015120 0.030000 4.714985 0.030000 4.996886 0.030000 5.750843 0.030000 5.937220 0.030000 3.506945 0.030000 3.698292 0.030000 6.494279 0.030000 6.535770 0.030000 2.434295 0.030000 2.549051 0.030000
3.116265 0.030000 2.964063 0.030000 7.590261 0.030000 7.648241 0.030000 2.332921 0.150000 2.216135 0.150000 6.197918 0.150000 6.042765 0.030000 4.656114 0.030000 4.843827 0.030000 5.679966 0.030000 5.848170 0.030000 3.481849 0.030000 3.590263 0.030000 6.505151 0.030000 6.561033 0.030000 2.361985 0.030000 2.482299 0.030000
3.168276 0.030000 3.926814 0.150000 7.530285 0.030000 7.595350 0.030000 2.188420 0.030000 2.154610 0.030000 6.109017 0.030000 6.206654 0.150000 5.316014 0.150000 4.727336 0.030000 5.571186 0.030000 5.793759 0.030000 3.367005 0.030000 3.480951 0.030000 6.431979 0.030000 6.495443 0.030000 2.420742 0.150000 2.391716 0.030000
3.313532 0.030000 3.152738 0.030000 7.499192 0.030000 7.548279 0.030000 2.247114 0.030000 2.167846 0.030000 6.127326 0.030000 6.054766 0.030000 4.448136 0.030000 4.607573 0.030000 5.432096 0.030000 5.604030 0.030000 3.298543 0.030000 3.399668 0.030000 6.480959 0.030000 6.502499 0.030000 2.218071 0.030000 3.356272 0.150000
3.560661 0.150000 3.208689 0.030000 7.402693 0.030000 7.484946 0.030000 2.351997 0.030000 2.186112 0.030000 6.188482 0.030000 6.099719 0.030000 4.237666 0.030000 4.443431 0.030000 5.323565 0.030000 5.488808 0.030000 3.227226 0.030000 3.391337 0.030000 6.512060 0.030000 6.454620 0.030000 2.127865 0.030000 2.275600 0.030000
3.481146 0.030000 3.290189 0.030000 7.353637 0.030000 7.445525 0.030000 2.340174 0.030000 2.238092 0.030000 6.144522 0.030000 6.138225 0.030000 4.165305 0.030000 4.340526 0.030000 5.195104 0.030000 5.430353 0.030000 3.116705 0.030000 3.688243 0.150000 6.443639 0.030000 6.418551 0.030000 2.146814 0.030000 2.164947 0.030000
3.617239 0.030000 3.415267 0.030000 7.278450 0.030000 7.390505 0.030000 2.407760 0.030000 2.276693 0.030000 6.258439 0.030000 6.173510 0.030000 4.031681 0.030000 4.240126 0.030000 5.145834 0.030000 5.320453 0.030000 3.054648 0.030000 3.813658 0.150000 6.454952 0.030000 6.494642 0.030000 2.036203 0.030000 2.121020 0.030000
3.699345 0.030000 3.530829 0.030000 7.239325 0.030000 7.279254 0.030000 2.494155 0.030000 2.376689 0.030000 6.235629 0.150000 6.176429 0.030000 3.949645 0.030000 4.168975 0.030000 4.993728 0.030000 5.197378 0.030000 2.972220 0.030000 3.387601 0.150000 6.413727 0.030000 6.438842 0.030000 1.999461 0.030000 2.079222 0.030000
3.779239 0.030000 3.647722 0.030000 7.144152 0.030000 7.203899 0.030000 2.552463 0.030000 2.454765 0.030000 6.331803 0.030000 6.264682 0.030000 3.829263 0.030000 4.060546 0.030000 4.902461 0.030000 5.103397 0.030000 2.938549 0.030000 3.553655 0.150000 6.444899 0.030000 6.458164 0.030000 1.938448 0.030000 2.074818 0.030000
3.981307 0.030000 3.953798 0.150000 7.097396 0.030000 7.227878 0.030000 2.920984 0.150000 2.528692 0.030000 6.363249 0.030000 6.454969 0.150000 3.727719 0.030000 3.922931 0.030000 4.783155 0.030000 4.956695 0.030000 2.925102 0.030000 2.990390 0.030000 6.446187 0.030000 6.398126 0.030000 1.954824 0.030000 2.052060 0.030000
4.041552 0.030000 3.876314 0.030000 7.124862 0.030000 7.170662 0.030000 2.736667 0.030000 2.607266 0.030000 6.344239 0.030000 6.318034 0.030000 3.589495 0.030000 3.740284 0.030000 4.621607 0.030000 4.845201 0.030000 2.848106 0.030000 2.937902 0.030000 6.489841 0.030000 6.487114 0.030000 1.981476 0.030000 1.984727 0.030000
4.326728 0.150000 3.969942 0.030000 7.036858 0.030000 7.074728 0.030000 2.810516 0.030000 2.686883 0.030000 6.428726 0.030000 6.360306 0.030000 3.501700 0.030000 3.684153 0.030000 4.552291 0.030000 4.896730 0.150000 2.783774 0.030000 2.893497 0.030000 6.491390 0.150000 6.464722 0.030000 1.939963 0.030000 1.942331 0.030000
4.243909 0.030000 4.035281 0.030000 6.990406 0.030000 7.034220 0.030000 2.949395 0.150000 2.723154 0.030000 6.480843 0.030000 6.348899 0.030000 3.384677 0.030000 3.577958 0.030000 4.828083 0.150000 4.647762 0.030000 2.690908 0.030000 2.831920 0.030000 6.449706 0.030000 6.458254 0.030000 1.920758 0.030000 1.907605 0.030000
4.416720 0.030000 4.423534 0.150000 6.902327 0.030000 7.056471 0.030000 2.960505 0.030000 3.680281 0.150000 6.613737 0.030000 7.247239 0.150000 3.253455 0.030000 3.415792 0.030000 4.330324 0.030000 4.517241 0.030000 2.676565 0.030000 2.795752 0.030000 6.454824 0.030000 6.503613 0.030000 1.952115 0.030000 1.930741 0.030000
4.466199 0.030000 4.314476 0.030000 6.938160 0.030000 7.415592 0.150000 3.033116 0.030000 2.947431 0.030000 6.628079 0.030000 6.466258 0.030000 3.141136 0.030000 3.315058 0.030000 4.183080 0.030000 4.676011 0.150000 2.656914 0.030000 2.759961 0.030000 6.456885 0.030000 6.473403 0.030000 1.932963 0.030000 2.315404 0.150000
4.568591 0.030000 4.374611 0.030000 6.834052 0.030000 6.928565 0.030000 3.368508 0.150000 2.989322 0.030000 6.640672 0.030000 6.562028 0.030000 3.049995 0.030000 3.165327 0.030000 4.113533 0.030000 4.309306 0.030000 2.674935 0.030000 2.678070 0.030000 6.535461 0.030000 6.515239 0.030000 1.984316 0.030000 1.929095 0.030000
4.731468 0.030000 4.500322 0.030000 6.778887 0.030000 6.813972 0.030000 3.288544 0.030000 3.076010 0.030000 6.730041 0.030000 6.597044 0.030000 2.988280 0.030000 3.090213 0.030000 3.983687 0.030000 4.195625 0.030000 2.616221 0.030000 2.681164 0.030000 6.528912 0.030000 7.293880 0.150000 2.032842 0.030000 1.960166 0.030000
4.791310 0.030000 4.652155 0.030000 6.762765 0.030000 6.785398 0.030000 3.406388 0.030000 3.222979 0.030000 6.788285 0.030000 6.630887 0.030000 2.811624 0.030000 3.023088 0.030000 3.851762 0.030000 4.109375 0.030000 2.680510 0.150000 2.657408 0.030000 6.595030 0.030000 6.149012 0.150000 2.074704 0.030000 2.376572 0.150000
4.906804 0.030000 4.744869 0.030000 6.648406 0.030000 6.842217 0.030000 3.750202 0.150000 3.252651 0.030000 6.820518 0.030000 6.775886 0.030000 2.728026 0.030000 2.866120 0.030000 3.822505 0.030000 3.963999 0.030000 2.630313 0.030000 2.596540 0.030000 6.582657 0.030000 6.524255 0.030000 2.052062 0.030000 2.586109 0.150000
5.098489 0.030000 4.868888 0.030000 7.237229 0.150000 6.731118 0.030000 3.518791 0.030000 3.362899 0.030000 6.920285 0.030000 6.771222 0.030000 2.626013 0.030000 2.716453 0.030000 3.695428 0.030000 3.839103 0.030000 2.615394 0.030000 2.537064 0.030000 6.599488 0.030000 7.024306 0.150000 2.135298 0.030000 2.083991 0.030000
5.128721 0.030000 5.003039 0.030000 6.941545 0.150000 6.710926 0.030000 3.668195 0.030000 3.449783 0.030000 6.945677 0.030000 6.983696 0.150000 2.539231 0.030000 2.745969 0.030000 3.598086 0.030000 3.787306 0.030000 2.838902 0.150000 2.890757 0.150000 6.695173 0.030000 6.657948 0.030000 2.182573 0.030000 2.107760 0.030000
5.288596 0.030000 5.053787 0.030000 6.634563 0.030000 6.670035 0.030000 3.745154 0.030000 3.569374 0.030000 7.020460 0.030000 6.878547 0.030000 2.453563 0.030000 2.571874 0.030000 3.535397 0.030000 4.070410 0.150000 2.611159 0.030000 2.603945 0.030000 6.662615 0.030000 6.589771 0.030000 2.203737 0.030000 2.133067 0.030000
5.433282 0.030000 5.214299 0.030000 6.806095 0.150000 6.664336 0.030000 3.831149 0.030000 3.639675 0.030000 7.078970 0.030000 7.051057 0.030000 2.284251 0.030000 2.441253 0.030000 3.329227 0.030000 3.542620 0.030000 2.892990 0.150000 2.727387 0.150000 6.724508 0.030000 6.636463 0.030000 2.309510 0.030000 2.204052 0.030000
5.447687 0.030000 5.328406 0.030000 6.580252 0.030000 6.616522 0.030000 3.902821 0.030000 3.783975 0.030000 7.154919 0.030000 7.076426 0.030000 2.210365 0.030000 2.369663 0.030000 3.335485 0.030000 3.487379 0.030000 2.678323 0.030000 2.589242 0.030000 6.714129 0.030000 6.668948 0.030000 2.348763 0.030000 2.302558 0.030000
5.685380 0.030000 5.430963 0.030000 6.517716 0.030000 6.607235 0.030000 4.022975 0.030000 3.913781 0.030000 7.229916 0.030000 7.105139 0.030000 2.133229 0.030000 2.302016 0.030000 3.232651 0.030000 4.135353 0.150000 2.701366 0.030000 2.613468 0.030000 6.719091 0.030000 6.751971 0.030000 2.498399 0.030000 2.351523 0.030000
5.733910 0.030000 5.536944 0.030000 6.394555 0.150000 6.582780 0.030000 4.145792 0.030000 3.951411 0.030000 7.260137 0.030000 7.226206 0.030000 2.036124 0.030000 2.167187 0.030000 3.107176 0.030000 3.680953 0.150000 2.664628 0.030000 2.675937 0.030000 6.856313 0.030000 6.756232 0.030000 2.483817 0.030000 2.423964 0.030000
5.854445 0.030000 5.960198 0.150000 6.529891 0.150000 6.576244 0.030000 4.264274 0.030000 4.121320 0.030000 7.383061 0.030000 7.282859 0.030000 1.947014 0.030000 2.112009 0.030000 2.996117 0.030000 3.147669 0.030000 2.750923 0.030000 2.694658 0.030000 6.861074 0.030000 6.767987 0.030000 2.639601 0.030000 2.526190 0.030000
6.323257 0.150000 5.781642 0.030000 6.492902 0.030000 6.526188 0.030000 4.389913 0.030000 4.218945 0.030000 7.493107 0.030000 7.280761 0.030000 1.844281 0.030000 2.023112 0.030000 2.904786 0.030000 3.107286 0.030000 2.741707 0.030000 2.724214 0.030000 6.865911 0.030000 6.863391 0.030000 2.717249 0.030000 2.553647 0.030000
6.083205 0.030000 5.953953 0.030000 6.509035 0.030000 6.455957 0.030000 4.466040 0.030000 4.361177 0.150000 7.550593 0.030000 7.413402 0.030000 1.813638 0.030000 1.901855 0.030000 2.841763 0.030000 2.970351 0.030000 2.771730 0.030000 2.726082 0.030000 6.882799 0.030000 7.352580 0.150000 2.802676 0.030000 2.653821 0.030000
6.176843 0.030000 6.072575 0.030000 6.603188 0.150000 7.225309 0.150000 5.655134 0.150000 4.444094 0.030000 7.630630 0.030000 7.492264 0.030000 1.732556 0.030000 1.859872 0.030000 2.708426 0.030000 2.892019 0.030000 2.912608 0.030000 2.813228 0.030000 6.970891 0.030000 7.121615 0.150000 2.604292 0.150000 2.733168 0.030000
6.626246 0.150000 6.143894 0.030000 6.464074 0.030000 6.485299 0.030000 4.725929 0.030000 5.072635 0.150000 7.695335 0.030000 7.575705 0.030000 1.675851 0.030000 1.799082 0.030000 2.771371 0.030000 2.808596 0.030000 2.862891 0.030000 2.840445 0.030000 7.031275 0.030000 6.960676 0.030000 2.918525 0.030000 2.800654 0.030000
6.426080 0.030000 6.197426 0.030000 6.430338 0.030000 6.493704 0.030000 4.776232 0.030000 4.587359 0.030000 7.706558 0.030000 7.611098 0.030000 1.614105 0.030000 2.487671 0.150000 2.616361 0.030000 2.802477 0.030000 2.936370 0.150000 2.909645 0.030000 7.061292 0.030000 7.004009 0.030000 3.022857 0.030000 3.213603 0.150000
6.534767 0.030000 6.345099 0.030000 6.494417 0.030000 6.473509 0.030000 4.850374 0.030000 4.689574 0.030000 7.841865 0.030000 7.733536 0.030000 1.529330 0.030000 1.652573 0.030000 2.550658 0.030000 2.722252 0.030000 3.039554 0.030000 2.897110 0.030000 7.166397 0.030000 7.056731 0.030000 3.126443 0.030000 2.921194 0.030000
6.623653 0.030000 6.426279 0.030000 6.445061 0.030000 6.434989 0.030000 4.932188 0.030000 4.807391 0.030000 7.877094 0.030000 7.688638 0.030000 1.559186 0.030000 1.644505 0.030000 2.550526 0.030000 2.690204 0.030000 3.046916 0.030000 2.935404 0.030000 7.209008 0.150000 7.078740 0.030000 3.174243 0.030000 3.116540 0.030000
6.634298 0.030000 6.513636 0.030000 6.538872 0.030000 6.424184 0.030000 4.947429 0.030000 4.830286 0.030000 7.913452 0.030000 7.757372 0.030000 1.581329 0.030000 1.633629 0.030000 2.521773 0.030000 2.584180 0.030000 3.122801 0.030000 3.006400 0.030000 7.168294 0.030000 7.088414 0.030000 3.243078 0.030000 3.063594 0.030000
6.702718 0.030000 6.518666 0.030000 6.473004 0.030000 6.469294 0.030000 4.808456 0.150000 4.915735 0.030000 7.930661 0.030000 7.839333 0.030000 1.514990 0.030000 1.602496 0.030000 2.432394 0.030000 2.550207 0.030000 3.111721 0.030000 3.005448 0.030000 7.162709 0.030000 7.118879 0.030000 3.221630 0.150000 3.141806 0.030000
6.795001 0.030000 6.585490 0.030000 6.491886 0.030000 6.490070 0.030000 5.111889 0.030000 4.884506 0.030000 8.005552 0.030000 7.889741 0.030000 1.454765 0.030000 1.611489 0.030000 2.454989 0.030000 2.526935 0.030000 3.192011 0.030000 3.033210 0.030000 7.185697 0.030000 7.139456 0.030000 3.355611 0.030000 3.187254 0.030000
6.804472 0.030000 6.568356 0.030000 6.456667 0.030000 6.424643 0.030000 5.166961 0.030000 4.988560 0.030000 8.014495 0.030000 7.853722 0.030000 2.355609 0.150000 1.493398 0.030000 2.377977 0.030000 2.503877 0.030000 3.167139 0.030000 3.076457 0.030000 7.246425 0.030000 7.154235 0.030000 3.401122 0.030000 3.186296 0.030000
6.884563 0.030000 7.040819 0.150000 6.654010 0.150000 6.450336 0.030000 5.157050 0.030000 5.040623 0.030000 8.005132 0.030000 7.925643 0.030000 1.495526 0.030000 1.581245 0.030000 2.381170 0.030000 2.487945 0.030000 3.201316 0.030000 3.092551 0.030000 7.278271 0.030000 7.154085 0.030000 3.386664 0.030000 3.235739 0.030000
6.916880 0.030000 6.665159 0.030000 6.503144 0.030000 6.436109 0.030000 5.150947 0.030000 4.981979 0.030000 8.088159 0.030000 7.934629 0.150000 1.461599 0.030000 1.551213 0.030000 2.410285 0.030000 2.513683 0.030000 3.163317 0.030000 3.271632 0.150000 7.405293 0.030000 7.152227 0.030000 3.419390 0.030000 3.325059 0.030000
6.952433 0.030000 6.779185 0.030000 6.578795 0.030000 6.460668 0.030000 5.175084 0.030000 5.093656 0.030000 8.178683 0.030000 7.980699 0.030000 1.394590 0.030000 1.510682 0.030000 2.891888 0.150000 2.422827 0.030000 3.193556 0.030000 3.184237 0.030000 7.346687 0.030000 7.184099 0.030000 3.498198 0.030000 3.312121 0.030000
7.022769 0.030000 6.832662 0.030000 6.632726 0.030000 6.476172 0.030000 5.222305 0.030000 5.124414 0.030000 8.229696 0.030000 8.013245 0.030000 1.322041 0.030000 1.504492 0.030000 2.504793 0.030000 2.414048 0.030000 3.199728 0.030000 3.236743 0.030000 7.402503 0.030000 7.312344 0.030000 3.563337 0.030000 3.904136 0.150000
7.039001 0.030000 6.962417 0.030000 6.707747 0.030000 6.566288 0.030000 5.245640 0.030000 5.181842 0.030000 8.356178 0.030000 8.129890 0.030000 1.204451 0.030000 1.389561 0.030000 2.630425 0.030000 2.473941 0.030000 3.096164 0.030000 3.202545 0.030000 7.592783 0.030000 7.352148 0.030000 3.681411 0.030000 3.517208 0.030000
6.972502 0.150000 7.049550 0.030000 6.860607 0.030000 6.649499 0.030000 5.183067 0.030000 5.223777 0.030000 8.449723 0.030000 8.244181 0.030000 1.054277 0.030000 1.317832 0.030000 2.699999 0.030000 2.740155 0.150000 3.062141 0.150000 3.083620 0.030000 7.658701 0.030000 7.458101 0.030000 3.778966 0.030000 3.603699 0.030000
7.155750 0.030000 7.038994 0.030000 6.998720 0.030000 7.218571 0.150000 5.165134 0.030000 5.203262 0.030000 8.563103 0.030000 8.373169 0.030000 0.952791 0.030000 1.161905 0.030000 2.804139 0.030000 2.620115 0.030000 2.915692 0.030000 3.096770 0.030000 7.814100 0.030000 7.615425 0.030000 3.848180 0.030000 3.698851 0.030000
7.088720 0.150000 7.409675 0.150000 7.103609 0.030000 6.879697 0.030000 5.141372 0.030000 5.206170 0.030000 8.629871 0.030000 8.496950 0.030000 1.459582 0.150000 1.109439 0.030000 2.929179 0.030000 2.730259 0.030000 2.801730 0.030000 2.936171 0.030000 7.878810 0.030000 7.756004 0.030000 4.020629 0.030000 3.797114 0.030000
7.268412 0.030000 7.173288 0.030000 7.234022 0.030000 6.996609 0.030000 5.259323 0.150000 5.164004 0.030000 9.243693 0.150000 8.439778 0.150000 0.717095 0.030000 0.952923 0.030000 2.999225 0.030000 2.902861 0.030000 2.769821 0.030000 2.871505 0.030000 8.030863 0.030000 7.809748 0.030000 4.066661 0.030000 3.878401 0.030000
7.325946 0.030000 7.222442 0.030000 7.361593 0.030000 7.366361 0.150000 5.090537 0.030000 5.068145 0.030000 8.831755 0.030000 8.665561 0.030000 0.543422 0.030000 0.810248 0.150000 3.160272 0.030000 2.999481 0.030000 3.551924 0.150000 2.804624 0.030000 8.184184 0.030000 7.987364 0.030000 4.122064 0.030000 4.011087 0.030000
7.402459 0.030000 8.025352 0.150000 7.469997 0.030000 7.254655 0.150000 5.036758 0.030000 5.220031 0.150000 8.963034 0.030000 8.783285 0.030000 0.410698 0.030000 0.641138 0.030000 3.272687 0.030000 3.081660 0.030000 2.677930 0.030000 2.720102 0.030000 8.263544 0.030000 8.081422 0.030000 4.252703 0.030000 4.001110 0.150000
7.469033 0.030000 7.371101 0.030000 7.609915 0.030000 7.497272 0.030000 5.053282 0.030000 5.100540 0.030000 9.091346 0.030000 8.941370 0.030000 0.332873 0.030000 0.559680 0.030000 3.343263 0.030000 3.893084 0.150000 2.568669 0.030000 2.668546 0.030000 8.383917 0.030000 8.220833 0.030000 4.333016 0.030000 4.204354 0.030000
7.479895 0.030000 7.344946 0.030000 7.665883 0.030000 7.564991 0.030000 5.042844 0.030000 5.114088 0.030000 9.115674 0.030000 9.021439 0.030000 0.218540 0.030000 0.416634 0.030000 3.490123 0.030000 3.332240 0.030000 2.501053 0.030000 2.594467 0.030000 8.477598 0.030000 8.843639 0.150000 4.410783 0.030000 4.193159 0.030000
7.490895 0.150000 7.456274 0.030000 7.827984 0.030000 7.626698 0.030000 5.025200 0.030000 4.989068 0.030000 9.239742 0.030000 9.089976 0.030000 0.168502 0.030000 0.370200 0.030000 3.609499 0.030000 3.584753 0.150000 2.421283 0.030000 2.586045 0.030000 8.573863 0.030000 8.377359 0.030000 4.497544 0.030000 4.371638 0.030000
7.733849 0.150000 7.521969 0.030000 7.967050 0.030000 8.321795 0.150000 5.045380 0.030000 5.026115 0.030000 10.857528 0.150000 9.127854 0.030000 0.052709 0.030000 0.221315 0.030000 3.684137 0.030000 3.510722 0.030000 2.437001 0.030000 2.651059 0.150000 8.682974 0.030000 8.503594 0.030000 4.506616 0.030000 4.390881 0.030000
7.660978 0.030000 7.531147 0.030000 7.978471 0.030000 8.063202 0.150000 4.985824 0.030000 5.002617 0.030000 9.367874 0.030000 9.148968 0.030000 0.066880 0.030000 0.127910 0.030000 3.724922 0.030000 3.545270 0.030000 2.373345 0.030000 2.478668 0.030000 8.771489 0.030000 8.587663 0.030000 4.612529 0.030000 4.437222 0.030000
7.586890 0.030000 7.576394 0.030000 8.414423 0.150000 7.855938 0.030000 5.056721 0.030000 5.114178 0.150000 9.445700 0.030000 9.263206 0.030000 0.123394 0.030000 0.066756 0.030000 3.792875 0.030000 3.616112 0.030000 2.340093 0.030000 2.460413 0.030000 8.760060 0.030000 8.596026 0.030000 4.475442 0.150000 4.491970 0.030000
7.665820 0.030000 7.559276 0.030000 8.081190 0.030000 7.939162 0.030000 5.244762 0.150000 5.047504 0.030000 9.454607 0.030000 9.291183 0.030000 0.122394 0.030000 0.049013 0.030000 3.905332 0.030000 3.661743 0.030000 2.281579 0.030000 2.451762 0.030000 8.887031 0.030000 8.639036 0.030000 4.662019 0.030000 4.570116 0.030000
7.755604 0.030000 7.588026 0.030000 8.196909 0.030000 7.960705 0.030000 5.012290 0.030000 4.953067 0.030000 9.480428 0.030000 9.691805 0.150000 0.197995 0.030000 0.052554 0.030000 3.951581 0.030000 3.746026 0.030000 2.344446 0.030000 2.415195 0.030000 8.904566 0.030000 8.556476 0.150000 4.763118 0.030000 4.595192 0.030000
7.706032 0.030000 7.609778 0.030000 8.218829 0.030000 8.061974 0.030000 4.984238 0.030000 5.014672 0.030000 9.952404 0.150000 9.333529 0.030000 0.314295 0.030000 0.135192 0.030000 3.944252 0.030000 3.753996 0.030000 2.219881 0.150000 2.401708 0.030000 8.950144 0.030000 8.759039 0.030000 4.794194 0.030000 4.606113 0.030000
7.746688 0.030000 7.677829 0.030000 8.303908 0.030000 8.661240 0.150000 5.015767 0.030000 5.144742 0.150000 9.571746 0.030000 9.414541 0.030000 1.411413 0.150000 0.112268 0.030000 3.965168 0.030000 3.746358 0.030000 2.288653 0.030000 2.643631 0.150000 8.942261 0.030000 8.780157 0.030000 4.798365 0.030000 4.627961 0.030000
7.673715 0.030000 7.644567 0.030000 8.311368 0.030000 8.094402 0.030000 4.986641 0.030000 5.547681 0.150000 9.555076 0.030000 9.485166 0.030000 0.365640 0.030000 -0.171826 0.150000 4.019866 0.030000 3.816894 0.030000 2.211372 0.030000 2.396530 0.030000 8.988444 0.030000 8.843835 0.030000 4.790294 0.030000 4.688698 0.030000
7.718224 0.030000 7.694877 0.030000 8.277700 0.030000 8.157880 0.030000 4.919357 0.030000 5.021388 0.030000 9.627753 0.030000 9.482245 0.030000 0.370778 0.030000 0.191698 0.030000 4.076448 0.030000 3.871825 0.030000 2.199797 0.030000 2.289572 0.030000 8.989977 0.030000 8.837211 0.030000 4.828945 0.150000 4.670584 0.030000
7.659663 0.030000 7.680473 0.030000 8.321765 0.030000 8.221877 0.030000 4.814896 0.030000 5.038936 0.030000 9.487142 0.030000 9.525771 0.030000 0.419368 0.030000 0.295769 0.030000 4.170317 0.030000 4.005570 0.030000 2.145562 0.030000 2.364545 0.030000 9.025985 0.030000 8.981883 0.030000 4.801408 0.030000 4.794809 0.030000
7.580623 0.030000 7.684745 0.030000 8.410204 0.030000 8.307049 0.030000 4.735903 0.030000 4.958280 0.030000 9.487511 0.150000 9.561628 0.030000 0.564780 0.030000 0.325081 0.030000 4.174907 0.030000 3.985271 0.150000 2.212503 0.150000 2.171298 0.030000 8.960394 0.030000 9.036010 0.030000 4.767957 0.030000 4.830885 0.030000
7.471537 0.030000 7.937707 0.150000 8.430027 0.030000 8.393741 0.030000 4.643268 0.030000 4.846549 0.030000 9.481294 0.030000 9.566003 0.030000 0.572003 0.030000 0.446222 0.150000 4.210902 0.030000 4.097496 0.030000 1.918493 0.030000 2.030802 0.030000 8.958198 0.030000 8.983032 0.030000 4.722326 0.030000 4.765873 0.030000
7.592641 0.150000 7.508805 0.030000 8.384703 0.030000 8.383011 0.030000 4.469221 0.030000 4.679508 0.030000 9.390737 0.030000 9.462283 0.030000 0.648707 0.030000 0.553823 0.030000 4.272110 0.030000 4.210483 0.030000 1.735327 0.030000 2.753364 0.150000 8.898451 0.030000 8.997923 0.030000 4.612353 0.030000 4.792888 0.030000
7.268455 0.030000 7.403276 0.030000 8.391307 0.030000 8.327374 0.030000 4.382101 0.030000 4.542371 0.030000 9.341079 0.030000 9.477807 0.030000 0.735533 0.030000 0.641417 0.030000 4.293978 0.030000 4.229256 0.030000 1.693800 0.030000 2.402429 0.150000 8.872508 0.030000 9.003991 0.030000 4.707161 0.150000 4.637561 0.030000
7.139294 0.030000 7.400957 0.030000 8.394564 0.030000 8.401606 0.030000 4.207406 0.030000 4.444828 0.030000 9.292983 0.030000 9.443757 0.030000 1.846240 0.150000 0.691275 0.030000 5.048520 0.150000 4.552314 0.150000 1.504275 0.030000 1.688161 0.030000 8.857362 0.030000 8.922567 0.030000 4.439586 0.030000 4.572523 0.030000
7.055113 0.030000 7.303291 0.030000 8.355669 0.030000 8.369824 0.030000 4.175380 0.030000 4.328729 0.030000 9.217534 0.030000 9.335270 0.030000 0.972849 0.030000 0.817920 0.030000 4.413054 0.030000 4.315796 0.030000 1.415112 0.030000 1.583117 0.030000 8.921819 0.150000 8.914030 0.030000 4.399506 0.030000 4.539316 0.030000
7.197998 0.150000 7.121285 0.030000 8.449813 0.030000 8.408221 0.030000 4.236445 0.150000 4.231178 0.030000 9.118610 0.030000 9.257171 0.030000 1.168778 0.030000 0.946145 0.030000 4.525654 0.030000 4.405028 0.030000 1.441390 0.150000 1.507394 0.030000 8.809202 0.030000 8.850496 0.030000 4.383359 0.030000 4.477878 0.030000
6.870343 0.030000 6.980575 0.030000 8.453417 0.030000 8.451774 0.030000 3.853773 0.030000 4.031393 0.030000 9.083349 0.030000 9.287797 0.030000 1.259200 0.030000 1.033681 0.030000 4.805621 0.150000 4.469408 0.030000 1.200135 0.030000 1.364389 0.030000 8.751553 0.030000 8.782400 0.030000 4.296387 0.030000 4.714141 0.150000
6.747060 0.030000 6.993818 0.030000 8.410180 0.030000 8.411830 0.030000 3.723716 0.030000 3.973078 0.030000 9.059117 0.030000 9.126211 0.030000 1.393306 0.030000 1.159550 0.030000 4.572406 0.030000 4.501202 0.030000 1.054201 0.030000 1.202958 0.030000 8.769524 0.150000 8.782553 0.030000 4.258143 0.030000 4.341086 0.030000
6.661964 0.030000 6.904566 0.030000 8.492901 0.030000 8.530850 0.030000 3.674579 0.030000 3.842883 0.030000 8.988377 0.150000 9.092654 0.030000 1.502450 0.030000 1.303754 0.030000 4.735531 0.030000 5.531894 0.150000 0.976582 0.030000 1.163552 0.030000 8.697699 0.030000 8.699267 0.030000 4.307176 0.150000 4.330319 0.030000
6.598289 0.030000 6.772017 0.030000 8.486655 0.030000 8.412510 0.030000 3.458018 0.030000 3.730965 0.030000 8.958557 0.030000 9.033204 0.030000 1.542641 0.030000 1.423221 0.030000 4.721181 0.030000 4.613500 0.030000 0.918858 0.030000 1.083259 0.030000 9.006019 0.150000 8.744718 0.030000 4.154501 0.030000 4.257677 0.030000
6.496045 0.030000 6.627794 0.030000 8.502338 0.030000 8.456990 0.030000 3.381059 0.030000 4.019142 0.150000 8.841493 0.030000 8.942338 0.030000 1.745891 0.030000 2.130929 0.150000 4.821176 0.030000 4.682628 0.030000 0.789657 0.030000 0.943699 0.030000 8.628376 0.030000 8.723767 0.030000 4.182972 0.030000 4.178190 0.030000
6.351427 0.030000 6.538396 0.030000 8.500355 0.030000 8.497321 0.030000 3.608620 0.150000 3.446697 0.030000 8.820586 0.150000 8.914855 0.030000 1.857412 0.030000 1.642518 0.030000 4.886469 0.030000 4.735000 0.030000 0.731251 0.030000 0.895862 0.030000 8.638304 0.030000 8.637517 0.030000 4.092232 0.030000 4.848365 0.150000
6.301464 0.030000 6.447393 0.030000 8.845767 0.150000 8.537201 0.030000 3.183938 0.030000 3.297640 0.030000 8.750593 0.030000 8.850603 0.030000 1.964136 0.030000 1.770577 0.030000 4.971771 0.030000 5.109142 0.150000 0.707851 0.030000 0.771931 0.030000 8.594176 0.150000 8.669684 0.030000 4.093483 0.030000 4.100194 0.030000
6.254744 0.030000 6.354545 0.030000 8.611019 0.030000 8.550117 0.030000 2.974142 0.030000 3.191168 0.030000 8.730186 0.030000 8.776260 0.030000 2.035328 0.030000 1.870126 0.030000 5.036744 0.030000 4.864212 0.030000 0.832323 0.150000 0.651694 0.030000 8.560764 0.030000 8.548924 0.030000 4.016585 0.030000 4.131952 0.030000
6.101757 0.030000 6.251449 0.030000 8.644655 0.030000 8.560048 0.030000 2.902944 0.030000 3.066286 0.030000 8.702700 0.030000 8.713684 0.030000 2.230331 0.030000 1.998337 0.030000 5.093905 0.030000 4.961756 0.030000 0.602059 0.030000 0.695087 0.030000 8.522720 0.030000 8.554950 0.030000 4.094025 0.030000 4.074388 0.030000
6.004115 0.030000 6.089540 0.030000 8.596648 0.030000 8.621321 0.030000 2.779695 0.030000 2.899590 0.030000 8.612467 0.030000 9.229183 0.150000 2.334272 0.030000 2.101295 0.030000 5.158353 0.030000 5.490913 0.150000 0.663530 0.030000 0.979567 0.150000 8.511474 0.030000 8.561362 0.030000 3.993173 0.030000 4.100871 0.030000
5.948437 0.030000 6.013774 0.030000 8.657256 0.030000 8.628289 0.030000 2.577429 0.030000 2.834929 0.030000 8.568423 0.030000 9.094802 0.150000 2.481753 0.030000 2.227773 0.030000 5.267409 0.030000 5.078855 0.030000 0.693707 0.030000 0.629233 0.030000 8.984041 0.150000 8.556923 0.030000 3.987509 0.030000 3.967656 0.030000
5.825128 0.030000 5.993941 0.030000 8.706244 0.030000 8.640204 0.030000 2.427139 0.030000 2.681269 0.030000 9.514875 0.150000 8.679692 0.030000 2.569436 0.030000 2.330443 0.030000 5.317475 0.030000 5.174952 0.030000 0.735415 0.030000 0.720055 0.030000 8.502137 0.030000 8.952806 0.150000 3.922212 0.030000 4.035196 0.030000
5.735663 0.030000 5.879064 0.030000 8.719159 0.030000 8.629675 0.030000 2.373485 0.030000 2.576060 0.030000 8.515183 0.030000 8.600948 0.030000 2.669808 0.030000 2.528005 0.030000 5.401742 0.030000 5.270140 0.030000 0.816427 0.030000 0.682777 0.030000 8.472774 0.030000 8.516464 0.030000 4.003248 0.030000 3.998499 0.030000
5.653159 0.030000 5.752424 0.030000 9.270820 0.150000 8.734528 0.030000 2.228531 0.030000 2.452089 0.030000 8.469265 0.030000 8.564730 0.030000 2.767927 0.030000 2.610127 0.030000 5.509974 0.030000 5.387000 0.030000 0.820664 0.030000 0.789477 0.030000 8.459259 0.030000 8.577173 0.030000 3.930829 0.030000 3.927858 0.030000
5.553174 0.030000 5.701094 0.030000 8.834789 0.030000 9.082372 0.150000 2.129679 0.030000 2.361389 0.030000 8.412949 0.030000 8.476079 0.030000 3.142863 0.150000 2.751561 0.030000 5.607304 0.030000 5.408598 0.030000 0.940796 0.030000 0.778880 0.030000 8.420842 0.030000 8.424413 0.030000 3.933277 0.030000 3.946764 0.030000
5.474444 0.030000 5.620508 0.030000 8.915372 0.150000 8.801609 0.030000 1.952905 0.030000 2.206066 0.030000 8.353773 0.030000 8.370515 0.150000 3.095255 0.030000 2.879163 0.030000 6.154140 0.150000 5.586991 0.030000 1.086692 0.030000 0.920938 0.030000 8.419628 0.030000 8.498858 0.030000 3.924852 0.030000 3.970424 0.030000
5.372815 0.030000 5.549476 0.030000 8.896112 0.030000 8.865746 0.030000 1.812403 0.030000 2.102395 0.030000 8.328518 0.030000 8.423724 0.030000 3.123597 0.030000 3.037092 0.030000 5.803639 0.030000 5.579238 0.030000 1.114305 0.030000 2.028479 0.150000 8.489301 0.030000 8.523941 0.030000 3.938834 0.030000 3.951902 0.030000
5.342704 0.030000 5.868617 0.150000 8.937808 0.030000 8.830183 0.030000 1.736710 0.030000 1.919648 0.030000 8.270181 0.030000 8.379112 0.030000 3.323039 0.030000 3.093376 0.150000 5.781061 0.030000 5.726516 0.030000 1.283290 0.030000 1.049248 0.030000 8.451565 0.030000 8.461200 0.030000 4.296697 0.150000 3.957035 0.030000
5.236793 0.030000 5.375615 0.030000 8.975529 0.030000 8.970534 0.030000 1.689315 0.150000 1.802659 0.030000 8.305705 0.030000 8.330429 0.030000 3.398814 0.030000 3.322117 0.150000 5.960427 0.030000 5.831633 0.030000 1.399866 0.030000 1.186455 0.030000 8.457102 0.150000 8.474745 0.030000 3.978754 0.030000 3.885963 0.030000
5.150195 0.030000 5.317428 0.030000 8.999086 0.030000 8.899934 0.030000 1.501365 0.030000 1.712314 0.030000 8.243157 0.030000 8.287175 0.030000 3.561727 0.030000 3.373957 0.030000 6.943773 0.150000 5.862839 0.030000 1.494594 0.030000 1.295070 0.030000 8.451599 0.030000 8.527299 0.030000 4.005796 0.030000 3.954160 0.030000
5.116427 0.030000 5.227494 0.030000 9.124130 0.030000 9.005565 0.030000 1.387002 0.030000 1.562261 0.030000 9.009886 0.150000 8.300497 0.030000 3.693568 0.030000 3.480236 0.030000 6.128763 0.030000 6.020020 0.030000 1.594715 0.030000 1.411638 0.030000 8.520551 0.150000 8.379034 0.030000 4.028312 0.030000 3.974112 0.030000
4.971511 0.030000 5.102922 0.030000 9.142323 0.030000 9.090961 0.030000 1.299157 0.030000 1.450238 0.030000 8.194532 0.030000 8.309349 0.030000 3.777262 0.030000 3.669330 0.030000 6.256407 0.030000 6.050405 0.030000 1.724674 0.030000 1.541964 0.030000 8.475770 0.030000 8.588260 0.150000 4.030522 0.030000 4.021076 0.030000
4.963395 0.030000 5.012377 0.030000 9.543713 0.150000 9.103330 0.030000 1.163960 0.030000 1.252394 0.030000 8.412656 0.150000 8.200763 0.030000 4.378787 0.150000 3.710641 0.030000 6.348212 0.030000 6.231836 0.030000 1.787794 0.030000 1.633564 0.030000 8.529398 0.030000 8.373444 0.030000 4.072117 0.030000 3.967984 0.030000
4.885556 0.030000 4.978016 0.030000 9.202801 0.030000 9.208213 0.030000 1.023774 0.030000 1.166858 0.030000 8.132988 0.030000 8.174428 0.030000 4.032270 0.030000 3.806133 0.030000 6.481444 0.030000 6.256029 0.030000 1.940877 0.030000 1.722972 0.030000 8.492787 0.030000 8.451364 0.030000 4.070415 0.030000 4.044058 0.030000
4.764835 0.030000 4.908035 0.030000 9.257046 0.030000 9.238449 0.030000 0.916033 0.030000 1.087548 0.030000 8.043732 0.030000 8.189271 0.030000 4.107890 0.030000 3.955164 0.030000 6.489665 0.030000 6.347702 0.030000 2.080948 0.030000 1.872135 0.030000 8.533778 0.030000 8.448011 0.030000 4.146136 0.030000 4.125855 0.030000
4.698317 0.030000 4.790124 0.030000 9.365035 0.030000 9.207730 0.030000 0.824405 0.030000 0.923319 0.030000 8.145845 0.030000 8.094263 0.030000 4.364379 0.030000 5.030720 0.150000 6.563580 0.030000 6.443193 0.030000 2.233277 0.030000 2.243102 0.150000 8.498526 0.030000 8.517459 0.030000 4.139787 0.030000 4.109807 0.030000
4.719582 0.030000 4.758792 0.030000 9.369573 0.030000 9.273220 0.030000 0.546351 0.030000 0.770637 0.030000 8.117458 0.030000 8.821669 0.150000 4.415386 0.030000 4.216494 0.030000 6.732592 0.030000 6.542748 0.030000 2.326596 0.030000 2.130552 0.030000 8.530577 0.030000 10.255169 0.150000 4.216325 0.030000 4.104367 0.030000
4.691365 0.030000 4.682828 0.030000 9.453234 0.030000 9.422338 0.030000 0.417111 0.030000 0.639755 0.030000 8.042953 0.030000 8.109055 0.030000 4.331478 0.150000 4.378187 0.030000 6.855137 0.030000 6.689465 0.030000 2.451329 0.030000 2.241309 0.030000 8.612123 0.030000 8.568644 0.030000 4.263706 0.030000 4.246115 0.030000
4.533135 0.030000 4.624784 0.030000 9.527478 0.030000 9.448638 0.030000 0.349613 0.030000 0.350686 0.150000 8.120412 0.030000 8.120136 0.030000 4.660672 0.030000 5.710453 0.150000 7.449329 0.150000 7.086669 0.150000 2.588018 0.030000 2.347730 0.030000 8.577483 0.030000 8.516782 0.030000 4.261075 0.030000 4.191543 0.030000
4.470976 0.030000 4.576505 0.030000 9.579025 0.030000 9.502694 0.030000 0.280857 0.030000 0.442094 0.030000 8.085197 0.150000 8.128716 0.030000 4.833866 0.030000 4.474478 0.150000 7.034586 0.030000 6.859236 0.030000 2.625384 0.030000 2.471957 0.030000 8.648464 0.030000 8.511648 0.030000 4.360377 0.030000 5.431149 0.150000
4.412247 0.030000 4.466267 0.030000 9.648761 0.030000 9.578560 0.030000 0.130267 0.030000 0.283759 0.030000 7.994262 0.030000 8.025665 0.030000 4.943745 0.030000 4.783819 0.030000 7.185225 0.030000 6.932310 0.030000 2.789741 0.030000 2.600060 0.030000 8.587159 0.030000 8.546986 0.030000 4.403066 0.030000 4.340052 0.030000
4.375479 0.030000 4.451068 0.030000 9.691859 0.030000 9.592005 0.030000 0.038397 0.030000 0.131404 0.030000 9.600553 0.150000 8.042588 0.030000 5.054900 0.030000 4.837472 0.030000 7.256895 0.030000 7.733346 0.150000 2.950715 0.030000 2.709296 0.030000 8.598294 0.030000 8.562540 0.030000 4.429181 0.030000 5.289881 0.150000
4.370424 0.030000 4.398815 0.030000 9.736956 0.030000 9.682600 0.030000 0.398667 0.150000 0.065858 0.030000 8.002423 0.030000 8.055056 0.030000 5.163425 0.030000 4.956473 0.030000 7.382516 0.030000 7.173869 0.030000 3.048323 0.030000 2.829369 0.030000 8.678534 0.030000 8.696063 0.030000 4.560108 0.030000 4.426451 0.030000
4.304596 0.030000 4.351556 0.030000 9.765530 0.030000 9.674234 0.030000 0.252955 0.030000 0.016314 0.030000 8.018268 0.030000 8.012741 0.030000 5.259278 0.030000 5.093985 0.030000 7.448677 0.030000 7.235553 0.030000 3.108216 0.030000 2.963284 0.030000 8.672855 0.030000 8.590573 0.030000 4.645890 0.030000 4.514085 0.030000
4.290206 0.030000 4.891076 0.150000 10.633940 0.150000 9.741616 0.030000 0.333332 0.030000 0.108556 0.030000 8.026304 0.030000 8.053896 0.030000 5.801782 0.150000 5.198537 0.030000 7.500692 0.030000 7.600555 0.150000 3.220773 0.030000 3.097534 0.030000 8.707444 0.030000 8.693072 0.030000 4.165935 0.150000 4.525901 0.030000
4.208351 0.030000 4.300425 0.030000 9.947061 0.030000 9.832636 0.030000 0.410592 0.030000 0.217771 0.030000 8.041701 0.030000 8.031001 0.030000 5.475875 0.030000 5.315813 0.030000 7.557003 0.030000 7.415853 0.030000 3.357680 0.030000 3.139748 0.030000 8.766905 0.030000 8.651266 0.030000 4.703404 0.030000 4.583383 0.030000
4.245237 0.030000 4.290919 0.030000 9.987571 0.030000 9.816239 0.030000 0.504534 0.030000 0.287209 0.030000 7.991350 0.030000 8.035545 0.030000 5.473767 0.030000 5.322923 0.030000 7.591242 0.030000 7.458873 0.030000 3.280944 0.150000 3.210917 0.030000 8.767924 0.030000 8.711791 0.030000 4.697450 0.030000 4.630410 0.030000
4.169029 0.030000 4.239670 0.030000 9.978195 0.030000 11.043034 0.150000 0.553266 0.030000 0.398873 0.030000 7.999564 0.030000 8.011054 0.030000 5.942566 0.150000 5.420016 0.030000 7.807710 0.150000 7.550331 0.030000 3.462229 0.030000 3.267924 0.030000 8.755182 0.030000 8.737306 0.030000 4.762135 0.030000 4.633328 0.030000
4.142607 0.030000 4.189046 0.030000 10.007196 0.030000 9.748391 0.150000 0.594879 0.030000 0.447591 0.030000 8.067376 0.030000 8.105931 0.150000 5.660672 0.030000 5.482795 0.030000 7.766753 0.030000 7.613104 0.030000 3.516940 0.030000 3.361969 0.030000 8.747721 0.030000 8.714425 0.030000 4.739113 0.030000 4.681615 0.030000
4.140361 0.030000 4.219450 0.030000 10.081351 0.030000 10.084853 0.150000 0.728383 0.150000 0.485764 0.030000 8.011834 0.030000 8.041012 0.030000 5.729688 0.030000 5.538401 0.030000 7.813890 0.030000 7.679810 0.030000 3.572932 0.030000 3.420583 0.030000 8.782716 0.030000 8.708085 0.030000 4.785373 0.030000 4.664083 0.030000
4.185725 0.030000 4.207921 0.030000 10.070338 0.030000 9.972727 0.030000 0.721355 0.030000 0.682832 0.150000 8.051048 0.030000 8.081151 0.030000 5.778459 0.030000 5.532742 0.030000 7.856934 0.030000 7.920239 0.150000 3.663490 0.030000 3.450134 0.030000 8.778386 0.030000 8.926338 0.150000 4.940992 0.030000 4.733188 0.030000
