1.146945 0.030000 1.004326 0.030000 5.184302 0.030000 5.387096 0.030000 3.480113 0.030000 3.626279 0.030000 6.593797 0.030000 6.638624 0.030000 8.296303 0.030000 8.515352 0.030000
1.429119 0.150000 1.062080 0.030000 5.074941 0.030000 5.364448 0.030000 3.430987 0.030000 3.639367 0.030000 6.667661 0.030000 6.623403 0.030000 8.288799 0.030000 8.482698 0.030000
1.264964 0.030000 1.012056 0.030000 5.974798 0.150000 5.316116 0.030000 3.375926 0.030000 3.603960 0.030000 6.428979 0.150000 6.664670 0.030000 8.288435 0.030000 8.400416 0.030000
1.270992 0.030000 1.120177 0.030000 5.215294 0.150000 5.203452 0.030000 4.201453 0.150000 3.581638 0.030000 6.711376 0.030000 6.712574 0.030000 8.232586 0.030000 8.430876 0.030000
1.332307 0.030000 1.086517 0.030000 5.009967 0.030000 5.264222 0.030000 3.304320 0.030000 3.516120 0.030000 7.087857 0.150000 6.733186 0.030000 8.173420 0.030000 8.361376 0.030000
1.341994 0.030000 1.156811 0.030000 4.963972 0.030000 5.173975 0.030000 3.291232 0.030000 3.492953 0.030000 6.668600 0.030000 6.695213 0.030000 8.123076 0.030000 8.366166 0.030000
1.345288 0.030000 1.182438 0.030000 4.933042 0.030000 5.127068 0.030000 3.234195 0.030000 3.447795 0.030000 6.666526 0.030000 6.634869 0.030000 8.155431 0.030000 8.312317 0.030000
1.388283 0.030000 1.364084 0.150000 4.879417 0.030000 5.113911 0.030000 3.213105 0.030000 3.392599 0.030000 6.638945 0.030000 6.698455 0.030000 8.116231 0.030000 8.291306 0.030000
1.511140 0.030000 1.201297 0.030000 4.839656 0.030000 5.026909 0.030000 3.142270 0.030000 3.392429 0.030000 6.665893 0.030000 6.701215 0.030000 8.019067 0.030000 8.252600 0.030000
1.575158 0.030000 1.262542 0.030000 4.803543 0.030000 5.042536 0.030000 3.174784 0.030000 3.338888 0.030000 6.662422 0.030000 6.659066 0.030000 8.031332 0.030000 8.258934 0.030000
1.592404 0.030000 1.342554 0.030000 4.700272 0.150000 4.945038 0.150000 3.187005 0.030000 3.347775 0.030000 6.667847 0.030000 6.681626 0.030000 7.968878 0.030000 8.227454 0.150000
1.594541 0.030000 1.398904 0.030000 4.737860 0.030000 4.989415 0.030000 3.170404 0.030000 3.228211 0.030000 6.627314 0.030000 6.674436 0.030000 7.989054 0.030000 8.148589 0.030000
2.448733 0.150000 1.466816 0.030000 4.634033 0.030000 4.898310 0.030000 3.048935 0.030000 3.251275 0.030000 6.664069 0.030000 7.800057 0.150000 7.940678 0.030000 8.115496 0.030000
1.694404 0.030000 1.483340 0.030000 4.625687 0.030000 4.908972 0.030000 3.031399 0.030000 3.232866 0.030000 6.579514 0.030000 6.598528 0.030000 7.887082 0.030000 8.084465 0.030000
1.730411 0.030000 1.471653 0.030000 4.564531 0.030000 4.797743 0.030000 3.055409 0.030000 3.220623 0.030000 6.599937 0.030000 6.651794 0.030000 7.849725 0.030000 8.080047 0.030000
1.931634 0.150000 1.536870 0.030000 4.533383 0.030000 4.974463 0.150000 2.989706 0.030000 3.127794 0.030000 6.621041 0.030000 6.603587 0.030000 7.916641 0.030000 7.978135 0.030000
1.728550 0.030000 1.607311 0.030000 4.488491 0.030000 4.722352 0.030000 2.966866 0.030000 3.118361 0.030000 6.641982 0.150000 6.618465 0.030000 7.807429 0.030000 8.007304 0.030000
1.869171 0.030000 1.646732 0.030000 4.481728 0.030000 4.703993 0.030000 2.930836 0.030000 3.039538 0.030000 6.647117 0.030000 6.661221 0.030000 7.752930 0.030000 8.143756 0.150000
1.897813 0.030000 1.662190 0.030000 4.414345 0.030000 4.636352 0.030000 2.903916 0.030000 3.119600 0.030000 6.685237 0.030000 6.606521 0.030000 7.759664 0.030000 7.885778 0.030000
1.916140 0.030000 1.703682 0.030000 4.384410 0.030000 4.583237 0.030000 3.081778 0.150000 3.049889 0.030000 6.722855 0.030000 7.200572 0.150000 7.727558 0.030000 7.930275 0.030000
2.005020 0.030000 1.728025 0.030000 4.345770 0.030000 4.637036 0.030000 3.185798 0.150000 2.991609 0.030000 6.704883 0.030000 6.691744 0.030000 7.772155 0.030000 7.878014 0.030000
2.045042 0.030000 1.800109 0.030000 4.350737 0.030000 4.538705 0.030000 2.842408 0.030000 2.943356 0.030000 7.540982 0.150000 6.643515 0.030000 7.704920 0.030000 7.810652 0.030000
2.025439 0.030000 1.921185 0.150000 4.232873 0.030000 4.495961 0.030000 2.769451 0.150000 2.918346 0.030000 6.670977 0.030000 6.653426 0.030000 7.619066 0.030000 7.768713 0.030000
2.106079 0.030000 1.874312 0.030000 4.168334 0.030000 4.471154 0.030000 2.830123 0.030000 2.957043 0.030000 6.711391 0.030000 6.732925 0.030000 7.587523 0.030000 7.760958 0.030000
2.161753 0.030000 1.994873 0.030000 4.163126 0.030000 4.580633 0.150000 2.800416 0.030000 2.863926 0.030000 6.827753 0.030000 6.678335 0.030000 7.667723 0.030000 7.690857 0.030000
2.176143 0.030000 2.010563 0.030000 4.123804 0.030000 4.980874 0.150000 2.789023 0.030000 2.821076 0.030000 6.778758 0.030000 6.681632 0.030000 7.548656 0.030000 7.677485 0.030000
2.197820 0.030000 2.015588 0.030000 4.082012 0.030000 4.339410 0.030000 2.742492 0.030000 2.799027 0.030000 6.749661 0.030000 6.702206 0.030000 7.568008 0.030000 7.688400 0.030000
2.223054 0.030000 2.053641 0.030000 4.059815 0.030000 4.256290 0.030000 2.721503 0.030000 2.792723 0.030000 6.783099 0.030000 6.675051 0.030000 7.562761 0.030000 7.675297 0.030000
2.321364 0.030000 2.066343 0.030000 3.988789 0.030000 4.247965 0.030000 2.703098 0.030000 2.843412 0.030000 6.770569 0.030000 6.685165 0.030000 7.495066 0.030000 7.684152 0.030000
2.340536 0.030000 2.087150 0.030000 3.872079 0.030000 4.161373 0.030000 2.651076 0.030000 2.839187 0.030000 6.812750 0.030000 6.749637 0.030000 7.478057 0.030000 7.611996 0.030000
2.413883 0.030000 2.164296 0.030000 3.874277 0.150000 4.148064 0.030000 2.669495 0.030000 2.780734 0.030000 6.806573 0.030000 6.803505 0.030000 7.506854 0.030000 7.551133 0.030000
2.861192 0.150000 2.236233 0.030000 3.840187 0.030000 4.059719 0.030000 2.661657 0.030000 2.799415 0.030000 6.891256 0.030000 6.722146 0.030000 7.429587 0.030000 7.592353 0.030000
2.530415 0.030000 2.208937 0.030000 3.831056 0.030000 4.621963 0.150000 2.722403 0.030000 2.724356 0.030000 6.827463 0.030000 6.741287 0.030000 7.452589 0.030000 7.537931 0.030000
2.574959 0.030000 2.273157 0.030000 3.811794 0.030000 4.017135 0.030000 2.687614 0.030000 2.707807 0.030000 6.922363 0.030000 6.822364 0.030000 7.388051 0.030000 7.527746 0.030000
2.546646 0.030000 2.336347 0.030000 3.768349 0.030000 4.000518 0.030000 2.707997 0.150000 2.730258 0.030000 6.884790 0.030000 6.801240 0.030000 7.467600 0.030000 7.513154 0.030000
2.578722 0.030000 2.341034 0.030000 3.631882 0.030000 3.933764 0.030000 2.617606 0.030000 2.742645 0.030000 6.861993 0.030000 6.834333 0.030000 7.375323 0.030000 7.483561 0.030000
2.632789 0.030000 2.410758 0.030000 3.643380 0.030000 3.921312 0.030000 2.626437 0.030000 2.665488 0.030000 6.894425 0.030000 6.863247 0.030000 7.316058 0.030000 7.464941 0.030000
2.697588 0.030000 2.403874 0.030000 3.601321 0.030000 3.843036 0.150000 2.648857 0.030000 2.638050 0.030000 6.974435 0.030000 6.836824 0.030000 7.481431 0.150000 7.401156 0.030000
2.710226 0.030000 2.509775 0.030000 3.554650 0.030000 3.825340 0.030000 2.637164 0.030000 2.721155 0.030000 6.963993 0.030000 6.899595 0.030000 7.050499 0.150000 7.393758 0.030000
2.759485 0.030000 2.525949 0.030000 3.474708 0.030000 3.792060 0.030000 4.609664 0.150000 2.682194 0.030000 6.938247 0.030000 6.809417 0.030000 7.298676 0.030000 7.361853 0.030000
2.847927 0.030000 2.567452 0.030000 3.490631 0.030000 3.702862 0.030000 2.609881 0.030000 2.670843 0.030000 6.963774 0.030000 6.856172 0.030000 7.275314 0.030000 7.315256 0.030000
2.835049 0.030000 2.638231 0.030000 3.401561 0.030000 3.643546 0.030000 2.638471 0.030000 2.579061 0.030000 7.095066 0.030000 6.941088 0.030000 7.264003 0.030000 7.279899 0.030000
2.928855 0.030000 2.651778 0.030000 3.371760 0.030000 3.575295 0.030000 2.599525 0.030000 2.596081 0.030000 7.021038 0.030000 6.932375 0.030000 7.220157 0.030000 7.320942 0.030000
2.958804 0.030000 2.673965 0.030000 3.312757 0.030000 3.594414 0.030000 2.666638 0.030000 2.597733 0.150000 7.005180 0.030000 6.971893 0.030000 7.180353 0.030000 7.312914 0.030000
2.936697 0.030000 2.773661 0.030000 3.261101 0.030000 3.556435 0.030000 2.576215 0.030000 2.619457 0.030000 7.111032 0.030000 7.005099 0.030000 7.201952 0.030000 7.258431 0.030000
3.003973 0.030000 2.800180 0.030000 3.239387 0.030000 3.437682 0.030000 2.583641 0.030000 2.623354 0.030000 7.055153 0.030000 6.988744 0.030000 7.196569 0.030000 7.304311 0.030000
3.055056 0.030000 2.824546 0.030000 3.332785 0.150000 3.388772 0.030000 2.584427 0.030000 2.633249 0.030000 7.141482 0.030000 6.974575 0.030000 7.173788 0.030000 7.797532 0.150000
3.062812 0.030000 2.851678 0.030000 3.184076 0.030000 3.435144 0.030000 2.583623 0.030000 2.636409 0.030000 7.119607 0.030000 7.003831 0.030000 7.119913 0.030000 7.252565 0.030000
3.138905 0.030000 2.909074 0.030000 3.332684 0.150000 3.334297 0.030000 2.585352 0.030000 2.580485 0.030000 7.153308 0.030000 7.026923 0.030000 7.032763 0.030000 7.200646 0.030000
3.199621 0.030000 2.945926 0.030000 3.056369 0.030000 3.329687 0.030000 2.585494 0.030000 2.639583 0.030000 7.191106 0.030000 7.086272 0.030000 7.112926 0.030000 7.156730 0.030000
3.202193 0.030000 3.009087 0.030000 2.913735 0.030000 3.271560 0.030000 2.612098 0.030000 2.607987 0.030000 7.213355 0.030000 7.065862 0.030000 7.116396 0.030000 7.159017 0.030000
3.247828 0.030000 3.013187 0.030000 2.991101 0.030000 3.162138 0.030000 2.962950 0.150000 2.596096 0.030000 8.181144 0.150000 7.138684 0.030000 7.091554 0.030000 7.157669 0.030000
3.350125 0.030000 3.088899 0.030000 2.975917 0.030000 3.055862 0.030000 2.600103 0.030000 2.600763 0.030000 7.201675 0.030000 7.156187 0.030000 7.064315 0.030000 7.187030 0.030000
3.390207 0.030000 3.116391 0.030000 2.851301 0.030000 3.127651 0.030000 2.599517 0.030000 3.052052 0.150000 7.232068 0.030000 7.395691 0.150000 7.022112 0.030000 7.084054 0.030000
3.414717 0.030000 3.163361 0.030000 2.843698 0.030000 3.094136 0.030000 3.079015 0.150000 2.624242 0.030000 7.365551 0.150000 7.119622 0.030000 6.994042 0.030000 7.107324 0.030000
3.456173 0.030000 3.414651 0.150000 2.747844 0.030000 2.983221 0.030000 2.633126 0.030000 2.469705 0.150000 7.291348 0.030000 7.174073 0.030000 7.004190 0.030000 7.092097 0.030000
3.414325 0.030000 3.807027 0.150000 2.727258 0.030000 3.030571 0.030000 2.624437 0.030000 2.630987 0.030000 7.303120 0.030000 7.198212 0.030000 6.912329 0.030000 7.085307 0.030000
3.495616 0.030000 3.292000 0.030000 2.724172 0.030000 2.926026 0.030000 2.706850 0.030000 2.659374 0.030000 7.378191 0.030000 7.179091 0.030000 6.941743 0.030000 7.124847 0.150000
3.586860 0.030000 3.314404 0.030000 2.672618 0.030000 2.856814 0.030000 2.650542 0.030000 2.653955 0.030000 7.382464 0.030000 7.236401 0.030000 6.947642 0.030000 7.048080 0.030000
3.612246 0.030000 3.422137 0.030000 2.627741 0.030000 3.370662 0.150000 2.742698 0.030000 2.615205 0.030000 7.435474 0.030000 8.533787 0.150000 6.956748 0.030000 6.982993 0.030000
3.952681 0.150000 3.417331 0.030000 2.621150 0.030000 2.854485 0.030000 2.682524 0.030000 2.616309 0.030000 7.464711 0.030000 7.276333 0.030000 6.860897 0.030000 6.980014 0.030000
3.742653 0.030000 3.457319 0.030000 2.553468 0.030000 3.107262 0.150000 2.674145 0.030000 2.665834 0.030000 7.393428 0.030000 7.640826 0.150000 6.785080 0.150000 6.988500 0.030000
3.756700 0.030000 3.537160 0.030000 2.531671 0.030000 2.710541 0.030000 2.745475 0.030000 2.691751 0.030000 7.485380 0.030000 7.342758 0.030000 6.931097 0.030000 6.977014 0.030000
3.868211 0.030000 3.598845 0.030000 2.462525 0.030000 2.639094 0.030000 2.735286 0.030000 2.685322 0.030000 7.491523 0.030000 7.352896 0.030000 6.881557 0.030000 8.184357 0.150000
3.799682 0.030000 3.641935 0.030000 2.433099 0.030000 2.668867 0.030000 2.735622 0.030000 2.684153 0.030000 7.498297 0.030000 7.384178 0.030000 6.859454 0.030000 6.922806 0.030000
3.849556 0.030000 3.644256 0.030000 2.345981 0.030000 2.590900 0.030000 2.763504 0.030000 2.691496 0.030000 7.529337 0.030000 7.403757 0.030000 6.858716 0.030000 6.901826 0.030000
3.903777 0.030000 4.295613 0.150000 2.337387 0.030000 2.614603 0.030000 2.867499 0.150000 2.743072 0.030000 7.563191 0.030000 7.440340 0.030000 6.941764 0.150000 6.933667 0.030000
4.264676 0.150000 3.707030 0.030000 2.251758 0.030000 2.518108 0.030000 2.849656 0.030000 2.672382 0.030000 7.556444 0.030000 7.490501 0.030000 6.786945 0.030000 6.943435 0.030000
3.986466 0.030000 3.783619 0.030000 2.200865 0.030000 2.501677 0.030000 2.820219 0.030000 2.772354 0.030000 7.661281 0.030000 7.730398 0.150000 6.849332 0.030000 6.897146 0.030000
3.908466 0.150000 3.794851 0.030000 2.211954 0.030000 2.407678 0.030000 2.837132 0.030000 2.737672 0.030000 7.689046 0.030000 7.946537 0.150000 6.807943 0.030000 6.844220 0.030000
4.078522 0.030000 3.822899 0.030000 2.170068 0.030000 2.386842 0.030000 2.896305 0.030000 3.136789 0.150000 7.717152 0.030000 7.512846 0.030000 6.780445 0.030000 6.911222 0.030000
4.101660 0.030000 3.916934 0.030000 2.101421 0.030000 2.350420 0.030000 3.325076 0.150000 2.802929 0.030000 7.696954 0.030000 7.539204 0.030000 6.773113 0.030000 7.408178 0.150000
4.222912 0.030000 3.950296 0.030000 2.070899 0.030000 2.305218 0.030000 2.902513 0.030000 2.825940 0.030000 7.717917 0.030000 7.623296 0.030000 7.854789 0.150000 6.835167 0.030000
4.161761 0.030000 4.399441 0.150000 2.009180 0.030000 2.259569 0.030000 2.948790 0.030000 2.751420 0.030000 7.782847 0.030000 7.638764 0.030000 6.765563 0.030000 6.817637 0.030000
4.268826 0.030000 3.991818 0.030000 1.936046 0.030000 2.190849 0.030000 3.067245 0.150000 2.827068 0.030000 7.754692 0.030000 7.705031 0.030000 6.755158 0.030000 6.838400 0.030000
4.323984 0.030000 4.098135 0.030000 1.908270 0.030000 2.144590 0.030000 3.001646 0.030000 2.864287 0.030000 7.809525 0.030000 7.685971 0.030000 6.800155 0.030000 6.812018 0.030000
4.380652 0.030000 4.131014 0.030000 1.923114 0.030000 2.120329 0.030000 2.974730 0.030000 2.847715 0.030000 7.856720 0.030000 7.567679 0.150000 6.881458 0.150000 6.784126 0.030000
4.427345 0.030000 4.064155 0.150000 1.855752 0.030000 2.308158 0.150000 3.000994 0.030000 2.847499 0.030000 7.889272 0.030000 7.728207 0.030000 6.769379 0.030000 6.795137 0.030000
4.486588 0.030000 4.230490 0.030000 1.871285 0.030000 2.051817 0.030000 3.021352 0.030000 2.923364 0.030000 7.880709 0.030000 7.710666 0.030000 6.749983 0.030000 6.802524 0.030000
4.421012 0.030000 4.807547 0.150000 1.681820 0.150000 2.194466 0.150000 3.073617 0.150000 2.959193 0.030000 7.893294 0.030000 7.814163 0.030000 6.655154 0.030000 6.750624 0.030000
4.554927 0.030000 4.313114 0.030000 1.733638 0.030000 1.905659 0.030000 3.052343 0.030000 2.879545 0.030000 7.965414 0.030000 7.731761 0.030000 6.709571 0.030000 6.791158 0.030000
4.559586 0.030000 4.307488 0.030000 1.714836 0.030000 1.906969 0.030000 3.099437 0.030000 2.992051 0.030000 7.973539 0.030000 7.810496 0.030000 6.700112 0.030000 6.723980 0.030000
4.595202 0.030000 4.771635 0.150000 1.680568 0.030000 1.893947 0.030000 3.083280 0.030000 3.036911 0.030000 7.932449 0.030000 7.830614 0.030000 6.702144 0.030000 6.720986 0.030000
4.635433 0.030000 4.386876 0.030000 1.651830 0.030000 1.849103 0.030000 3.105201 0.030000 2.943765 0.030000 7.990701 0.030000 7.871567 0.030000 6.664227 0.030000 6.734254 0.030000
4.658342 0.030000 4.431114 0.030000 1.983697 0.150000 1.824809 0.030000 3.108548 0.030000 3.063691 0.030000 8.048910 0.030000 7.901021 0.030000 6.662364 0.030000 6.727349 0.030000
5.024568 0.150000 4.446749 0.030000 1.534726 0.030000 1.831779 0.030000 3.199914 0.030000 2.970014 0.030000 8.052431 0.030000 7.952189 0.030000 6.688521 0.030000 6.687642 0.030000
4.716656 0.030000 4.545139 0.030000 1.539992 0.030000 1.796975 0.030000 3.151804 0.030000 3.062076 0.030000 8.034880 0.030000 7.919480 0.030000 6.685743 0.030000 6.728750 0.030000
4.767590 0.030000 4.567008 0.030000 1.486026 0.030000 1.782786 0.030000 3.235308 0.030000 3.057610 0.030000 8.074140 0.030000 7.982057 0.030000 6.621948 0.030000 7.062345 0.150000
4.815748 0.030000 4.573824 0.030000 1.984943 0.150000 1.680474 0.030000 3.203904 0.030000 3.086371 0.030000 8.121508 0.030000 7.943550 0.030000 6.891365 0.150000 6.706456 0.030000
5.459951 0.150000 4.552060 0.030000 1.383676 0.030000 1.623984 0.030000 3.208539 0.030000 3.018666 0.030000 8.114532 0.030000 7.969221 0.030000 6.658743 0.030000 6.714994 0.030000
4.794695 0.150000 4.624147 0.030000 1.421222 0.030000 1.628776 0.030000 3.240052 0.030000 3.128507 0.030000 8.151826 0.030000 7.961903 0.030000 6.718718 0.030000 6.701974 0.030000
5.101657 0.150000 4.654541 0.030000 1.434042 0.030000 1.586218 0.030000 3.291194 0.030000 3.116704 0.030000 8.133647 0.030000 7.937334 0.030000 6.667297 0.030000 6.711407 0.030000
5.036700 0.150000 4.707210 0.030000 1.380752 0.030000 1.582713 0.030000 3.255544 0.030000 3.167820 0.030000 8.149563 0.030000 7.987627 0.150000 6.655014 0.030000 6.670385 0.030000
4.974533 0.030000 4.711979 0.030000 1.337158 0.030000 1.548404 0.030000 3.303116 0.030000 3.181684 0.030000 8.185255 0.030000 8.036607 0.030000 6.653061 0.030000 6.668024 0.030000
4.949992 0.030000 4.949467 0.150000 1.296995 0.030000 1.549345 0.030000 3.361475 0.030000 3.151331 0.030000 8.240194 0.030000 8.077895 0.030000 6.701759 0.030000 6.683816 0.030000
4.961318 0.030000 4.784993 0.030000 1.303416 0.030000 1.520919 0.030000 3.263660 0.030000 3.234979 0.030000 8.250386 0.030000 8.132762 0.030000 6.659051 0.030000 6.686658 0.030000
5.017622 0.030000 4.942804 0.150000 1.281389 0.030000 1.525865 0.030000 3.345028 0.030000 3.218013 0.030000 8.236397 0.030000 8.113000 0.030000 6.669616 0.030000 6.871317 0.150000
4.998791 0.030000 4.809874 0.030000 1.280768 0.030000 1.476460 0.030000 3.365840 0.030000 3.234104 0.030000 8.288884 0.030000 8.136293 0.030000 6.644973 0.030000 6.705066 0.030000
5.078095 0.030000 4.798370 0.030000 1.247928 0.030000 1.516156 0.030000 3.430042 0.030000 3.231962 0.030000 8.278971 0.030000 8.098354 0.030000 6.607270 0.030000 7.366581 0.150000
5.081455 0.030000 4.801484 0.030000 1.296752 0.030000 1.378039 0.030000 3.359918 0.030000 3.204220 0.030000 8.294457 0.030000 8.106146 0.030000 6.643167 0.030000 6.623375 0.030000
5.087118 0.030000 5.019053 0.150000 1.976016 0.150000 1.467854 0.030000 3.402594 0.030000 3.205121 0.030000 8.296059 0.030000 8.102089 0.030000 6.616135 0.030000 6.691357 0.030000
5.082666 0.030000 4.833582 0.030000 1.173187 0.030000 1.422741 0.030000 3.357179 0.030000 3.279764 0.030000 8.311650 0.030000 8.106808 0.030000 6.645243 0.030000 6.871113 0.150000
5.128611 0.030000 4.801984 0.030000 1.229338 0.030000 1.678757 0.150000 3.424843 0.030000 3.202053 0.030000 8.251682 0.030000 8.086323 0.030000 6.647959 0.030000 6.719741 0.030000
5.104230 0.030000 4.871122 0.030000 1.154396 0.030000 1.397597 0.030000 3.441792 0.030000 3.272293 0.030000 8.319539 0.030000 8.185565 0.030000 6.798867 0.150000 6.634128 0.030000
5.162952 0.030000 6.215510 0.150000 1.218357 0.030000 1.784825 0.150000 3.459064 0.030000 3.272037 0.030000 8.348793 0.030000 8.207250 0.030000 6.641711 0.030000 6.608651 0.030000
5.143112 0.030000 4.911720 0.030000 1.159049 0.030000 1.400379 0.030000 3.412559 0.030000 3.248244 0.030000 8.274018 0.030000 8.246478 0.030000 6.637029 0.030000 6.672068 0.030000
5.136526 0.030000 4.973499 0.030000 1.193528 0.030000 1.362822 0.030000 3.430811 0.030000 3.303065 0.030000 8.341841 0.030000 8.189709 0.030000 6.590857 0.030000 6.605208 0.030000
5.160649 0.030000 4.912321 0.030000 1.119119 0.030000 1.368025 0.030000 3.456465 0.030000 3.242534 0.030000 8.289103 0.030000 8.212706 0.030000 6.608002 0.030000 6.644643 0.030000
5.171817 0.030000 4.898254 0.030000 1.190593 0.030000 1.318529 0.030000 3.381670 0.030000 3.302122 0.030000 8.332231 0.030000 8.149291 0.030000 6.667887 0.030000 6.641102 0.030000
5.155987 0.030000 5.225323 0.150000 1.192278 0.030000 1.343220 0.030000 3.402788 0.030000 3.289766 0.030000 8.391956 0.150000 8.173318 0.030000 6.800354 0.150000 6.671553 0.030000
5.205251 0.030000 4.925324 0.030000 1.170630 0.030000 1.335092 0.030000 3.418529 0.030000 3.310773 0.030000 8.309885 0.030000 8.238172 0.030000 6.619090 0.030000 6.636222 0.030000
5.185265 0.030000 4.921192 0.030000 1.130231 0.030000 1.297708 0.030000 3.425443 0.030000 3.284214 0.030000 8.309481 0.030000 8.214273 0.030000 6.514465 0.150000 6.809901 0.150000
5.237139 0.030000 4.968978 0.030000 1.152712 0.030000 1.315093 0.030000 4.126344 0.150000 3.268064 0.030000 8.365887 0.030000 8.228418 0.030000 6.625507 0.030000 6.663416 0.030000
5.219556 0.030000 4.938589 0.030000 1.175495 0.030000 1.289467 0.030000 3.444159 0.030000 3.318088 0.030000 8.490953 0.150000 8.252741 0.030000 6.574275 0.150000 6.652924 0.030000
5.594732 0.150000 5.012795 0.030000 1.098769 0.030000 1.281455 0.030000 3.406423 0.030000 3.361310 0.030000 8.305657 0.030000 8.260462 0.030000 6.544697 0.030000 6.706811 0.030000
5.303354 0.030000 5.009709 0.030000 1.144664 0.030000 1.230819 0.030000 3.798481 0.150000 3.414991 0.030000 8.340466 0.030000 8.252525 0.030000 6.518274 0.030000 6.681944 0.030000
5.240836 0.030000 5.060021 0.030000 1.167667 0.030000 1.324020 0.030000 3.438830 0.030000 3.408783 0.030000 8.371545 0.030000 8.320982 0.030000 6.550640 0.030000 6.703752 0.030000
5.329124 0.030000 5.040932 0.030000 1.117722 0.030000 1.893477 0.150000 3.441515 0.030000 3.417646 0.030000 8.307259 0.030000 8.280404 0.030000 6.543565 0.030000 6.739337 0.030000
5.290826 0.030000 5.450341 0.150000 1.150008 0.030000 1.239057 0.030000 3.431681 0.030000 3.404562 0.030000 8.679954 0.150000 8.346974 0.030000 6.436548 0.030000 6.641062 0.030000
5.343975 0.030000 5.182321 0.030000 1.113836 0.030000 1.202250 0.030000 3.418564 0.030000 3.426170 0.030000 10.434152 0.150000 8.314639 0.030000 6.486994 0.030000 6.645381 0.030000
5.347108 0.030000 5.104209 0.030000 1.141883 0.030000 1.134678 0.030000 3.427926 0.030000 3.610786 0.150000 8.283064 0.030000 8.361418 0.150000 6.450580 0.030000 6.651972 0.030000
5.311945 0.030000 5.166028 0.030000 1.188578 0.030000 1.245126 0.150000 3.401495 0.030000 3.443432 0.030000 8.643590 0.150000 8.322312 0.030000 6.417637 0.030000 6.654899 0.030000
5.793439 0.150000 5.141296 0.030000 1.222307 0.030000 1.138180 0.030000 3.405623 0.030000 3.423585 0.030000 8.266687 0.030000 8.394394 0.030000 6.373443 0.030000 6.614268 0.030000
5.358341 0.030000 5.203009 0.030000 1.205267 0.030000 1.174800 0.030000 3.356363 0.030000 3.408681 0.030000 8.334875 0.030000 8.353154 0.030000 6.327623 0.030000 6.600905 0.030000
5.799625 0.150000 5.948268 0.150000 1.242885 0.030000 2.066584 0.150000 3.734342 0.150000 3.411219 0.030000 8.298130 0.150000 8.365912 0.030000 6.328884 0.030000 6.546050 0.030000
5.434560 0.030000 5.305153 0.030000 1.225918 0.030000 1.164775 0.030000 3.269426 0.030000 3.458060 0.030000 8.202621 0.030000 8.360816 0.030000 6.309071 0.030000 6.511620 0.030000
5.405224 0.030000 5.268456 0.150000 1.228410 0.030000 1.159722 0.030000 3.219316 0.030000 3.436565 0.030000 8.175093 0.030000 8.317939 0.030000 6.204330 0.030000 6.539317 0.030000
5.461512 0.030000 5.313020 0.030000 1.317190 0.030000 1.173638 0.030000 3.246486 0.030000 3.411319 0.030000 8.364707 0.150000 8.252359 0.030000 6.178568 0.030000 6.374859 0.030000
5.885551 0.150000 5.351211 0.030000 1.717869 0.150000 1.135771 0.030000 3.269409 0.030000 3.440898 0.030000 8.127660 0.030000 8.830365 0.150000 6.149373 0.030000 6.416206 0.030000
5.425388 0.030000 5.446213 0.030000 1.483345 0.030000 1.209131 0.030000 3.215803 0.030000 3.316152 0.030000 8.104274 0.030000 8.218331 0.030000 6.101002 0.030000 6.487250 0.150000
5.502879 0.030000 5.408473 0.030000 1.435330 0.030000 1.251090 0.030000 3.199354 0.030000 3.363627 0.030000 8.073918 0.030000 8.287169 0.150000 6.019042 0.030000 6.271909 0.030000
5.737855 0.150000 5.378990 0.030000 1.652605 0.150000 1.229437 0.030000 3.133329 0.030000 3.312533 0.030000 8.012599 0.030000 8.165398 0.030000 5.997487 0.030000 6.297376 0.030000
5.486579 0.030000 5.452935 0.030000 1.502000 0.030000 1.356925 0.030000 3.148663 0.030000 3.295806 0.030000 7.998321 0.030000 8.167643 0.030000 5.994307 0.150000 6.259795 0.030000
5.449807 0.030000 5.487283 0.030000 1.570397 0.030000 2.164338 0.150000 3.050174 0.030000 3.253975 0.030000 7.975834 0.030000 8.118462 0.030000 5.896494 0.030000 6.291370 0.150000
5.490819 0.030000 5.421542 0.030000 1.615195 0.030000 1.377729 0.030000 3.076352 0.030000 3.194397 0.150000 7.928625 0.030000 8.123745 0.030000 5.893999 0.030000 6.135585 0.030000
5.538648 0.030000 5.443141 0.030000 1.608985 0.030000 1.403875 0.030000 2.987833 0.030000 3.201527 0.030000 8.330581 0.150000 8.080741 0.030000 5.821279 0.030000 6.045149 0.030000
5.539148 0.030000 5.551078 0.150000 1.751560 0.150000 1.685380 0.150000 2.947168 0.030000 3.169915 0.030000 7.834801 0.030000 8.011158 0.030000 5.791349 0.030000 6.045081 0.030000
5.550797 0.030000 5.507339 0.150000 1.695804 0.030000 1.514425 0.030000 2.961741 0.030000 3.153296 0.030000 7.880035 0.030000 7.995081 0.030000 5.795231 0.030000 6.872399 0.150000
5.546595 0.030000 5.505797 0.030000 1.821471 0.150000 1.518316 0.030000 2.873087 0.030000 3.630757 0.150000 7.784603 0.030000 7.984264 0.030000 5.735798 0.030000 5.917207 0.030000
5.531501 0.030000 5.514689 0.030000 1.826979 0.030000 1.538850 0.030000 2.918550 0.030000 3.107968 0.030000 7.895317 0.150000 8.023615 0.030000 5.634224 0.030000 5.906135 0.030000
5.548031 0.030000 5.509303 0.030000 1.873399 0.030000 1.603759 0.030000 2.840175 0.030000 3.039739 0.030000 7.704820 0.030000 7.986365 0.030000 5.660824 0.030000 5.822029 0.030000
5.489121 0.030000 5.580798 0.030000 1.863445 0.030000 1.646867 0.030000 2.806890 0.030000 3.040129 0.030000 7.678262 0.030000 7.885028 0.030000 5.567865 0.030000 5.793846 0.030000
5.558306 0.030000 5.539418 0.030000 1.971387 0.030000 1.668172 0.030000 2.815449 0.030000 3.006235 0.030000 7.640260 0.030000 7.864001 0.030000 5.550389 0.030000 5.763921 0.030000
5.607969 0.030000 5.505568 0.030000 1.907622 0.150000 1.786476 0.030000 2.742856 0.030000 2.936540 0.030000 7.561279 0.030000 7.802204 0.030000 5.508446 0.030000 5.837690 0.150000
5.613219 0.030000 5.542230 0.030000 1.975087 0.030000 2.174458 0.150000 2.731701 0.030000 2.945313 0.030000 7.570239 0.030000 7.796782 0.030000 5.537185 0.150000 5.713159 0.030000
5.574601 0.030000 5.537531 0.030000 2.045795 0.030000 1.807539 0.030000 2.715686 0.030000 2.910083 0.030000 7.517710 0.030000 7.761813 0.030000 5.431717 0.030000 6.088722 0.150000
5.601804 0.030000 5.560769 0.030000 2.065648 0.030000 1.871188 0.030000 2.723564 0.030000 2.912644 0.030000 7.514029 0.030000 7.764426 0.030000 5.383658 0.030000 5.655524 0.030000
5.576599 0.030000 5.569015 0.030000 2.105512 0.030000 1.831420 0.030000 2.671681 0.030000 2.850705 0.030000 7.513141 0.030000 7.652259 0.030000 5.359594 0.030000 5.600067 0.030000
5.649980 0.030000 5.627660 0.030000 2.150343 0.030000 1.892947 0.030000 2.637817 0.030000 2.799159 0.030000 7.483957 0.030000 7.662188 0.030000 5.273315 0.030000 5.505699 0.030000
5.658421 0.030000 5.552064 0.030000 2.177478 0.030000 1.944785 0.030000 2.642039 0.030000 2.807857 0.030000 7.932706 0.150000 7.643623 0.030000 5.320743 0.030000 5.554532 0.030000
5.625849 0.030000 5.545903 0.030000 2.188273 0.030000 1.963965 0.030000 2.630722 0.030000 2.777515 0.030000 7.439347 0.030000 7.610393 0.030000 5.311022 0.030000 5.515484 0.030000
5.648254 0.030000 5.614651 0.030000 2.302683 0.030000 2.040071 0.030000 2.603818 0.030000 2.697778 0.030000 7.365242 0.030000 7.593799 0.030000 5.210228 0.030000 5.491116 0.030000
5.650451 0.030000 5.587978 0.030000 2.304895 0.030000 2.003809 0.030000 2.581296 0.030000 2.768886 0.030000 7.412477 0.030000 7.544443 0.030000 5.310039 0.030000 5.459303 0.030000
5.689851 0.030000 5.600902 0.030000 2.299068 0.030000 2.081335 0.030000 2.569896 0.030000 2.781107 0.030000 7.362450 0.030000 7.512652 0.030000 5.213021 0.030000 5.480776 0.030000
5.649336 0.030000 5.638828 0.030000 2.312711 0.030000 2.068734 0.030000 2.369413 0.150000 2.715570 0.030000 7.687058 0.150000 7.569416 0.030000 5.198381 0.030000 5.422615 0.030000
5.659546 0.030000 5.588453 0.150000 2.324505 0.030000 2.075763 0.030000 2.559186 0.030000 2.686845 0.030000 7.307540 0.030000 7.513831 0.030000 5.140748 0.030000 5.452661 0.030000
5.671557 0.030000 5.590055 0.030000 2.329549 0.030000 2.054231 0.030000 2.579281 0.030000 2.695559 0.030000 7.276341 0.030000 7.524511 0.030000 5.055920 0.150000 5.432420 0.030000
5.679666 0.030000 5.621846 0.030000 2.367781 0.030000 2.112096 0.030000 2.517507 0.030000 2.597232 0.030000 7.322159 0.030000 7.441264 0.030000 5.083208 0.030000 5.332861 0.030000
5.697977 0.030000 5.639874 0.030000 2.299501 0.030000 2.170208 0.030000 2.487940 0.030000 2.645409 0.030000 7.338328 0.030000 7.503148 0.030000 5.062236 0.030000 5.346709 0.030000
5.726097 0.030000 5.616929 0.030000 2.444361 0.030000 2.516788 0.150000 2.482886 0.030000 2.597144 0.030000 7.306342 0.150000 7.414563 0.030000 5.131516 0.030000 5.326000 0.030000
5.670919 0.030000 5.601433 0.030000 2.458103 0.030000 2.121864 0.030000 2.446923 0.030000 2.654986 0.030000 7.262199 0.030000 7.470448 0.030000 5.016833 0.030000 5.111021 0.150000
5.697126 0.030000 5.639729 0.030000 2.408947 0.030000 2.238163 0.030000 2.852506 0.150000 3.170213 0.150000 7.204320 0.030000 7.385107 0.030000 5.074638 0.030000 5.341369 0.030000
5.675571 0.030000 5.650757 0.030000 2.482101 0.030000 2.211144 0.030000 2.459995 0.030000 2.534085 0.030000 7.200070 0.030000 7.387707 0.030000 5.506193 0.150000 5.105530 0.150000
5.693034 0.030000 5.666198 0.030000 2.589043 0.150000 2.265274 0.030000 2.163889 0.150000 2.636566 0.030000 7.243489 0.030000 7.368487 0.030000 5.194149 0.150000 5.426454 0.150000
5.716554 0.030000 5.643392 0.030000 2.479984 0.030000 2.213208 0.030000 2.420533 0.030000 2.603482 0.030000 7.388051 0.150000 7.367026 0.030000 4.989369 0.030000 5.255735 0.030000
5.629159 0.030000 5.602761 0.030000 2.519114 0.030000 2.219970 0.030000 2.436053 0.030000 2.618014 0.030000 7.159762 0.030000 7.334128 0.030000 4.911082 0.030000 5.234931 0.030000
6.012734 0.150000 5.639177 0.030000 2.480008 0.030000 2.247189 0.030000 2.428291 0.030000 2.565638 0.030000 7.268176 0.030000 7.371737 0.030000 4.999558 0.030000 5.205246 0.030000
5.787782 0.030000 5.705955 0.030000 2.743777 0.150000 2.264278 0.030000 2.386089 0.030000 2.556253 0.030000 7.218442 0.030000 7.399669 0.030000 4.939932 0.030000 5.206527 0.030000
5.661008 0.030000 5.641188 0.030000 2.537616 0.030000 2.274055 0.030000 2.441165 0.030000 2.548758 0.030000 7.169982 0.030000 7.368249 0.030000 5.319959 0.150000 5.206762 0.030000
5.758929 0.030000 6.258242 0.150000 2.539057 0.030000 2.147730 0.150000 2.391521 0.030000 2.574524 0.030000 7.174661 0.030000 7.355113 0.030000 4.997049 0.030000 5.195387 0.030000
5.755158 0.030000 5.715933 0.030000 3.701190 0.150000 2.301547 0.030000 2.375747 0.030000 2.575136 0.030000 7.063658 0.030000 7.834060 0.150000 4.903213 0.030000 5.183524 0.030000
5.690892 0.030000 5.652286 0.030000 2.548683 0.030000 2.288949 0.030000 2.356204 0.030000 3.421701 0.150000 7.148455 0.030000 7.347818 0.030000 4.942192 0.030000 5.158132 0.030000
5.718707 0.030000 5.677271 0.030000 2.562870 0.030000 2.342549 0.030000 2.352164 0.030000 2.553388 0.150000 7.050601 0.030000 7.341293 0.030000 4.930424 0.030000 5.073466 0.030000
5.735454 0.030000 5.750481 0.030000 2.661711 0.030000 2.377341 0.150000 2.328242 0.030000 2.518614 0.030000 7.061005 0.030000 7.332514 0.030000 4.881645 0.030000 5.104190 0.030000
5.701237 0.030000 5.717088 0.030000 2.824636 0.150000 2.351036 0.030000 2.306167 0.030000 2.601488 0.030000 7.019990 0.030000 7.297926 0.030000 4.879792 0.030000 5.063764 0.030000
5.942828 0.150000 5.775934 0.030000 2.663002 0.030000 2.400650 0.030000 2.331360 0.030000 2.540160 0.030000 7.018204 0.030000 7.292166 0.030000 4.862462 0.030000 5.216092 0.150000
5.997099 0.150000 5.715488 0.030000 3.055344 0.150000 2.535104 0.150000 2.252704 0.030000 2.476518 0.030000 7.065819 0.030000 7.276556 0.030000 4.842115 0.030000 5.128834 0.150000
5.644129 0.030000 5.681334 0.030000 2.662545 0.030000 2.529031 0.030000 2.225009 0.030000 2.458763 0.030000 6.901106 0.030000 7.191522 0.030000 4.840888 0.030000 5.021502 0.030000
5.670012 0.030000 5.730876 0.030000 2.688964 0.030000 2.489598 0.030000 2.275050 0.030000 2.435618 0.030000 6.891504 0.030000 7.122299 0.030000 4.875920 0.030000 4.984696 0.030000
5.657663 0.030000 5.718403 0.030000 2.741738 0.030000 2.599189 0.030000 2.207992 0.030000 2.436169 0.030000 7.057749 0.150000 7.318314 0.150000 4.866389 0.030000 4.924442 0.030000
5.614195 0.030000 5.677170 0.030000 2.801622 0.030000 2.580479 0.030000 2.299626 0.150000 2.327258 0.030000 6.871177 0.030000 7.119759 0.030000 4.837734 0.030000 4.939857 0.030000
5.533731 0.030000 5.662695 0.030000 2.966227 0.150000 2.610793 0.030000 2.140986 0.030000 2.327695 0.030000 6.853096 0.030000 7.066260 0.030000 4.845104 0.030000 4.878949 0.030000
5.521373 0.030000 5.683284 0.030000 2.810245 0.030000 2.628917 0.030000 2.030765 0.030000 2.381835 0.030000 6.786479 0.030000 6.990725 0.030000 4.822045 0.030000 5.475383 0.150000
5.495105 0.150000 5.631980 0.030000 2.857668 0.030000 2.653295 0.030000 2.045381 0.030000 2.248423 0.030000 6.772400 0.030000 6.992875 0.030000 4.744281 0.150000 4.939818 0.150000
5.505020 0.030000 5.674008 0.030000 2.873403 0.030000 2.699244 0.030000 1.997090 0.030000 2.245188 0.030000 6.901643 0.150000 6.925520 0.030000 4.840905 0.030000 5.273473 0.150000
5.472512 0.030000 5.628669 0.030000 3.188352 0.150000 2.727984 0.150000 1.938966 0.030000 2.162499 0.030000 6.685627 0.030000 6.927670 0.030000 4.819283 0.030000 4.865215 0.030000
5.400971 0.030000 5.657061 0.150000 2.929383 0.030000 2.744232 0.030000 1.902803 0.030000 2.112651 0.030000 6.689577 0.030000 6.871174 0.030000 4.800360 0.030000 4.815794 0.030000
5.396792 0.030000 5.537368 0.030000 2.900646 0.030000 2.741444 0.030000 1.850085 0.030000 2.113748 0.030000 6.627369 0.030000 6.856656 0.030000 4.845588 0.030000 4.830744 0.030000
5.392512 0.030000 5.566260 0.030000 3.019525 0.030000 2.905692 0.150000 1.799006 0.030000 2.008317 0.030000 6.591869 0.030000 6.775310 0.030000 4.867458 0.030000 4.872785 0.030000
5.289243 0.030000 5.490098 0.030000 2.954818 0.030000 2.852720 0.030000 1.769486 0.030000 2.001633 0.030000 6.578023 0.030000 6.735046 0.030000 4.868192 0.030000 4.793186 0.030000
5.300756 0.030000 5.416325 0.030000 2.992910 0.030000 2.867156 0.030000 1.750164 0.030000 1.980065 0.030000 6.550766 0.030000 7.358312 0.150000 4.842284 0.030000 4.841719 0.030000
5.274294 0.030000 5.434432 0.030000 3.058229 0.030000 2.911424 0.030000 1.720104 0.030000 1.948292 0.030000 6.514621 0.030000 6.701669 0.030000 4.892807 0.030000 4.863005 0.030000
5.192657 0.030000 5.441231 0.030000 3.108565 0.030000 3.009502 0.150000 1.528440 0.150000 1.897955 0.030000 6.469282 0.030000 6.659170 0.030000 4.897887 0.030000 4.853904 0.030000
5.108783 0.030000 5.342029 0.030000 3.084204 0.030000 2.966323 0.030000 1.610159 0.030000 1.859560 0.030000 6.501104 0.030000 6.600046 0.030000 5.533208 0.150000 4.832985 0.030000
5.141103 0.150000 5.324113 0.030000 3.093659 0.030000 2.972013 0.030000 1.611234 0.030000 1.806947 0.030000 6.351996 0.030000 6.544769 0.030000 5.352945 0.150000 4.870273 0.030000
5.093142 0.030000 5.605520 0.150000 3.090953 0.030000 3.041981 0.030000 1.483933 0.030000 1.768946 0.030000 6.393050 0.030000 6.757068 0.150000 4.917888 0.030000 4.848936 0.030000
5.017710 0.030000 5.215054 0.030000 3.155280 0.030000 3.039792 0.030000 1.488220 0.030000 1.689560 0.030000 7.515653 0.150000 6.503643 0.030000 4.964337 0.030000 4.863268 0.030000
5.008597 0.030000 5.258272 0.030000 3.180873 0.030000 3.084187 0.030000 1.417947 0.030000 1.738717 0.030000 6.739780 0.150000 6.450660 0.030000 4.993739 0.030000 4.940880 0.030000
5.009550 0.030000 5.147637 0.030000 3.181684 0.030000 3.112146 0.150000 1.408633 0.030000 1.642989 0.030000 6.342126 0.150000 6.456594 0.030000 5.009737 0.030000 5.295957 0.150000
4.936690 0.030000 5.098478 0.030000 3.191485 0.030000 3.132056 0.030000 1.407746 0.030000 1.562551 0.030000 6.254304 0.030000 6.449035 0.030000 5.042795 0.030000 4.924839 0.030000
5.074231 0.150000 5.160230 0.030000 3.237064 0.030000 3.131261 0.030000 1.351306 0.030000 1.523361 0.030000 6.228810 0.030000 6.391575 0.030000 5.010144 0.030000 4.949246 0.150000
4.819196 0.030000 5.072119 0.030000 3.214262 0.150000 3.171607 0.030000 1.304595 0.030000 1.538139 0.030000 6.245030 0.150000 6.800964 0.150000 5.075891 0.030000 5.783104 0.150000
4.836322 0.030000 5.072572 0.030000 3.329498 0.030000 3.167448 0.030000 1.238957 0.030000 1.507824 0.030000 6.773346 0.150000 6.283307 0.030000 5.114308 0.030000 4.981124 0.030000
4.775881 0.030000 4.980502 0.030000 3.305764 0.030000 3.183992 0.030000 1.178465 0.030000 1.459813 0.030000 6.105854 0.030000 6.267004 0.030000 5.111616 0.030000 5.009739 0.030000
4.714727 0.030000 5.929280 0.150000 3.304598 0.030000 3.570184 0.150000 1.200555 0.030000 2.898217 0.150000 6.098684 0.030000 6.267643 0.030000 5.110952 0.030000 4.937294 0.030000
4.702037 0.030000 4.898552 0.030000 3.364513 0.030000 3.230373 0.030000 1.188039 0.030000 1.428548 0.030000 6.105682 0.030000 6.265303 0.030000 5.106700 0.030000 5.002365 0.030000
4.638970 0.030000 4.877922 0.030000 3.341758 0.030000 3.266040 0.030000 1.164335 0.030000 1.390943 0.030000 6.065939 0.030000 6.268356 0.030000 5.187418 0.030000 5.000289 0.030000
4.664309 0.030000 4.847084 0.030000 3.446649 0.030000 3.248287 0.030000 1.126433 0.030000 1.316737 0.030000 6.088072 0.030000 6.129389 0.030000 5.165533 0.030000 5.265137 0.150000
4.605704 0.030000 4.841259 0.030000 3.422776 0.030000 3.279017 0.030000 1.072251 0.150000 1.225878 0.030000 6.012293 0.030000 6.151858 0.030000 5.251356 0.030000 5.098072 0.030000
4.579717 0.030000 4.800091 0.030000 3.491451 0.030000 3.390345 0.030000 1.119163 0.030000 2.841623 0.150000 5.970982 0.030000 6.192816 0.150000 5.140905 0.030000 5.063638 0.030000
4.492491 0.030000 4.795350 0.030000 4.299910 0.150000 3.379636 0.030000 1.081785 0.030000 1.160188 0.030000 5.943728 0.030000 6.105336 0.030000 5.238045 0.030000 5.103888 0.030000
4.497678 0.030000 4.663799 0.030000 3.525538 0.030000 3.384372 0.030000 1.045686 0.030000 1.182966 0.030000 5.992834 0.030000 6.071326 0.030000 5.230014 0.030000 5.177695 0.030000
4.461067 0.030000 4.653205 0.030000 3.596818 0.030000 3.450242 0.030000 1.006068 0.030000 1.147966 0.030000 5.941608 0.030000 6.665664 0.150000 5.256890 0.030000 5.116065 0.030000
4.389141 0.030000 4.563086 0.030000 3.621233 0.030000 3.428190 0.030000 0.916845 0.030000 1.071240 0.030000 5.883981 0.030000 6.017773 0.030000 5.270652 0.030000 5.193569 0.030000
4.390265 0.030000 4.581083 0.030000 3.634090 0.030000 3.502698 0.030000 0.986291 0.030000 1.113773 0.030000 5.793484 0.030000 6.047492 0.030000 5.336791 0.030000 5.170024 0.030000
4.291406 0.030000 4.549429 0.030000 3.635572 0.030000 3.509740 0.030000 0.915025 0.030000 1.046019 0.030000 5.845721 0.030000 5.977631 0.030000 5.347715 0.030000 5.205932 0.030000
4.307919 0.030000 4.456277 0.030000 3.750047 0.030000 3.540332 0.030000 0.859000 0.030000 1.068277 0.030000 6.161799 0.150000 5.891500 0.030000 5.399522 0.030000 5.233145 0.030000
4.268499 0.030000 4.448513 0.030000 3.762595 0.030000 3.531966 0.030000 0.882674 0.030000 0.945430 0.030000 5.783197 0.030000 5.872317 0.030000 5.447583 0.150000 5.238571 0.030000
4.650094 0.150000 4.395199 0.030000 3.683054 0.150000 3.627193 0.030000 0.875771 0.030000 1.012862 0.030000 5.774947 0.030000 5.911182 0.030000 5.408492 0.030000 5.315986 0.030000
4.152779 0.030000 4.348663 0.030000 3.795710 0.030000 3.647517 0.030000 0.860718 0.030000 0.956254 0.030000 6.626156 0.150000 5.868912 0.030000 5.429082 0.030000 5.335632 0.030000
4.162231 0.030000 4.324613 0.030000 3.807679 0.030000 3.629837 0.030000 0.886704 0.030000 1.432877 0.150000 5.683875 0.030000 5.633208 0.150000 5.457147 0.030000 5.370729 0.030000
4.108540 0.030000 4.302306 0.030000 3.880516 0.030000 3.636076 0.030000 0.813980 0.030000 0.920448 0.030000 5.617694 0.030000 5.817773 0.030000 5.482910 0.030000 5.905048 0.150000
4.104903 0.030000 4.242087 0.030000 3.894802 0.030000 3.673343 0.030000 0.833393 0.030000 0.903658 0.030000 5.642935 0.030000 5.805750 0.030000 5.520536 0.030000 5.350965 0.030000
4.050142 0.030000 4.244643 0.030000 3.957846 0.030000 3.754646 0.030000 0.843801 0.030000 0.851904 0.030000 5.674485 0.030000 5.750018 0.030000 5.553937 0.030000 5.371745 0.030000
4.033445 0.030000 4.212721 0.030000 3.943735 0.030000 3.766301 0.030000 1.033559 0.150000 0.925077 0.030000 5.586645 0.030000 5.493099 0.150000 5.552104 0.030000 6.092638 0.150000
3.988032 0.030000 4.233116 0.030000 4.005096 0.030000 3.852532 0.030000 0.893829 0.030000 0.850836 0.030000 5.525164 0.030000 5.679425 0.030000 5.573967 0.030000 5.544284 0.030000
3.990244 0.030000 4.104889 0.030000 3.969631 0.030000 3.803716 0.030000 0.854315 0.030000 0.878620 0.030000 5.546860 0.030000 5.719160 0.030000 5.537156 0.030000 5.508402 0.030000
3.832568 0.030000 4.142281 0.030000 4.085246 0.030000 3.861699 0.030000 0.842538 0.030000 0.852265 0.030000 5.513589 0.030000 5.617472 0.030000 5.659534 0.030000 5.510417 0.030000
3.860668 0.030000 4.026377 0.030000 4.172624 0.030000 3.946890 0.030000 1.135624 0.150000 0.887216 0.030000 5.489996 0.030000 5.529277 0.030000 5.740472 0.150000 5.472401 0.030000
3.865225 0.030000 4.061057 0.030000 4.175965 0.030000 3.969370 0.030000 0.879530 0.030000 0.855499 0.030000 5.515539 0.030000 5.636897 0.030000 5.747224 0.030000 5.550061 0.030000
3.795677 0.030000 4.446597 0.150000 4.185125 0.030000 3.989563 0.030000 0.909113 0.030000 0.835544 0.030000 5.458438 0.030000 5.592463 0.030000 5.713977 0.030000 5.529402 0.030000
3.785145 0.030000 3.963404 0.030000 4.226983 0.030000 4.030111 0.030000 0.893344 0.030000 0.876245 0.030000 5.446411 0.030000 5.551777 0.030000 5.717068 0.150000 5.590116 0.030000
3.732809 0.030000 3.916517 0.030000 4.230019 0.030000 4.066657 0.030000 0.999982 0.030000 0.853798 0.030000 5.412464 0.030000 5.559028 0.030000 5.789515 0.030000 5.604740 0.030000
3.713485 0.030000 4.059624 0.150000 5.010920 0.150000 4.099782 0.030000 0.933771 0.030000 0.877068 0.030000 5.422180 0.030000 5.537649 0.030000 5.782802 0.030000 5.671272 0.030000
3.864340 0.150000 3.894609 0.030000 4.278895 0.030000 5.471465 0.150000 0.967607 0.030000 0.821395 0.030000 5.408890 0.030000 5.515439 0.030000 5.765484 0.030000 5.669912 0.030000
3.611810 0.030000 3.871487 0.030000 4.364840 0.030000 4.124696 0.030000 0.981667 0.030000 1.894943 0.150000 5.362453 0.030000 5.487437 0.030000 5.866225 0.030000 5.995668 0.150000
3.604991 0.030000 4.496804 0.150000 4.337462 0.030000 4.186310 0.030000 1.021191 0.030000 0.935105 0.030000 5.301129 0.030000 5.450422 0.030000 5.853692 0.030000 5.777035 0.030000
3.592628 0.030000 3.755337 0.030000 4.441747 0.030000 4.293533 0.030000 1.061298 0.030000 1.075727 0.150000 5.296958 0.030000 5.393211 0.030000 5.895617 0.030000 5.786382 0.030000
3.626546 0.150000 3.755589 0.030000 4.424144 0.150000 4.229691 0.030000 1.029691 0.030000 0.953806 0.030000 5.252297 0.030000 5.388020 0.030000 5.967198 0.030000 5.755849 0.030000
4.491454 0.150000 3.646255 0.030000 4.479269 0.030000 4.304614 0.030000 1.072173 0.030000 0.972727 0.030000 5.271232 0.030000 5.404086 0.030000 5.951574 0.030000 5.758469 0.030000
3.469847 0.030000 3.673040 0.030000 4.514175 0.030000 4.351380 0.030000 1.062933 0.030000 0.949173 0.030000 5.721791 0.150000 5.332937 0.030000 5.945048 0.030000 5.837525 0.030000
3.465270 0.030000 3.652168 0.030000 4.531266 0.030000 4.387260 0.030000 1.130488 0.030000 1.012324 0.030000 5.186485 0.030000 5.323187 0.030000 6.030014 0.030000 5.836542 0.030000
3.483742 0.030000 3.598092 0.030000 4.544939 0.030000 4.407053 0.030000 1.164295 0.030000 1.016585 0.030000 5.275123 0.030000 5.398276 0.030000 6.023998 0.030000 5.894665 0.030000
3.423050 0.030000 3.571041 0.030000 4.680948 0.030000 4.441166 0.030000 1.253078 0.030000 1.094229 0.030000 5.196096 0.030000 5.587752 0.150000 6.119052 0.030000 5.895608 0.150000
3.371971 0.030000 3.450433 0.030000 5.526302 0.150000 4.517168 0.030000 1.233253 0.030000 1.126616 0.150000 5.251700 0.030000 5.269472 0.030000 6.083177 0.030000 5.933125 0.030000
3.321519 0.030000 3.485198 0.030000 4.683444 0.030000 4.508534 0.030000 1.304569 0.030000 1.095954 0.030000 5.255328 0.150000 5.274656 0.030000 6.195287 0.030000 5.910247 0.030000
3.288660 0.030000 3.466789 0.030000 4.705252 0.030000 4.514369 0.030000 1.344218 0.030000 1.186524 0.030000 5.143066 0.030000 5.252110 0.030000 6.190170 0.030000 5.965002 0.030000
3.325152 0.030000 3.496956 0.030000 4.737469 0.030000 4.595988 0.030000 1.351981 0.030000 1.095861 0.030000 5.116997 0.030000 5.391916 0.150000 6.166630 0.030000 6.074100 0.030000
3.249353 0.030000 3.391619 0.030000 4.824891 0.030000 4.584017 0.030000 1.371187 0.030000 1.171478 0.030000 5.187113 0.030000 5.217716 0.030000 6.202039 0.030000 6.033906 0.030000
3.203677 0.030000 3.381663 0.030000 4.861270 0.030000 4.711227 0.030000 1.442398 0.030000 1.175731 0.030000 5.071653 0.030000 5.216423 0.030000 6.305235 0.030000 6.031498 0.030000
3.198705 0.030000 3.489225 0.150000 4.870091 0.150000 4.661792 0.030000 1.440186 0.030000 1.264985 0.030000 5.119106 0.030000 5.203357 0.030000 6.299661 0.030000 7.038848 0.150000
3.124187 0.030000 3.326971 0.030000 4.936527 0.030000 4.750512 0.030000 1.438438 0.030000 1.292512 0.030000 5.081983 0.150000 5.144007 0.030000 6.359578 0.030000 6.160938 0.030000
3.167970 0.030000 3.502076 0.150000 5.511832 0.150000 4.795749 0.030000 1.548054 0.030000 1.320921 0.030000 5.062534 0.030000 5.154580 0.030000 6.349505 0.030000 6.207387 0.030000
3.072183 0.030000 3.648770 0.150000 4.991999 0.030000 4.825136 0.030000 1.585413 0.030000 1.280983 0.150000 5.056918 0.030000 5.113424 0.030000 6.364266 0.030000 6.245763 0.030000
3.277839 0.150000 3.255637 0.030000 5.029179 0.030000 4.850812 0.030000 1.622511 0.030000 1.423030 0.030000 5.014972 0.030000 5.078982 0.030000 6.422926 0.030000 6.602224 0.150000
3.081576 0.030000 3.195103 0.030000 5.063964 0.030000 4.848460 0.030000 1.603697 0.030000 1.386378 0.030000 5.062412 0.030000 5.125616 0.030000 6.459667 0.030000 6.295519 0.030000
3.085929 0.030000 3.213077 0.030000 5.119225 0.030000 4.890644 0.030000 2.180772 0.150000 1.474352 0.030000 4.970644 0.030000 5.066948 0.030000 6.462829 0.030000 6.276875 0.030000
3.003745 0.030000 3.173766 0.030000 5.164930 0.030000 5.002166 0.030000 1.468440 0.150000 1.472693 0.030000 4.921616 0.030000 5.048315 0.030000 6.511979 0.030000 6.296107 0.030000
3.001552 0.030000 3.141494 0.030000 5.270976 0.030000 4.993245 0.030000 1.738450 0.030000 1.531322 0.030000 5.672418 0.150000 5.050890 0.030000 6.570844 0.030000 6.362633 0.030000
2.976181 0.030000 3.178038 0.030000 5.269255 0.030000 5.167447 0.150000 1.733288 0.030000 1.532283 0.030000 5.043708 0.030000 5.093341 0.030000 6.591332 0.030000 6.348345 0.030000
2.978728 0.030000 3.090806 0.030000 5.219666 0.030000 5.063431 0.030000 1.844046 0.030000 1.589117 0.030000 4.980056 0.030000 5.035569 0.030000 6.641334 0.030000 6.389074 0.030000
2.965404 0.030000 3.085661 0.030000 5.286029 0.030000 5.057841 0.030000 1.872836 0.030000 1.690313 0.030000 4.931746 0.030000 5.070625 0.030000 6.625079 0.030000 6.418459 0.030000
2.897235 0.030000 3.068798 0.030000 5.313353 0.030000 5.131066 0.030000 1.886898 0.030000 1.627341 0.030000 4.950489 0.030000 4.968445 0.030000 6.690397 0.030000 6.522402 0.030000
2.869077 0.030000 3.068695 0.030000 5.342679 0.030000 5.082211 0.030000 1.938742 0.150000 1.722447 0.030000 5.036223 0.150000 4.998645 0.030000 6.679729 0.030000 6.479993 0.030000
2.904828 0.030000 2.998764 0.030000 5.337543 0.030000 5.153026 0.030000 1.876711 0.030000 1.508246 0.150000 4.963511 0.030000 4.968652 0.030000 6.701005 0.030000 6.478825 0.030000
2.838331 0.030000 3.031590 0.030000 5.368459 0.030000 5.362234 0.150000 1.956577 0.030000 2.109928 0.150000 4.944939 0.030000 4.978818 0.030000 7.033944 0.150000 6.562406 0.030000
2.880565 0.030000 3.021826 0.030000 5.395556 0.030000 5.219041 0.030000 2.042958 0.030000 1.785189 0.030000 4.878879 0.030000 4.972865 0.030000 6.744139 0.030000 6.570731 0.030000
2.878622 0.030000 2.987490 0.030000 5.463912 0.030000 5.207865 0.030000 2.002322 0.030000 1.794149 0.030000 4.925450 0.030000 4.931894 0.030000 6.756850 0.030000 6.621235 0.030000
2.868546 0.030000 2.966316 0.030000 5.461588 0.030000 5.540887 0.150000 2.015118 0.030000 1.839176 0.030000 4.920885 0.030000 4.985510 0.030000 6.715947 0.030000 6.664169 0.150000
2.805625 0.030000 2.934304 0.030000 5.470554 0.030000 5.327592 0.030000 2.034660 0.030000 1.838633 0.150000 4.843724 0.030000 4.953089 0.030000 6.808088 0.030000 6.559232 0.030000
2.817335 0.030000 2.992613 0.030000 5.493930 0.030000 5.269866 0.030000 2.148226 0.030000 1.783825 0.150000 4.845119 0.030000 4.949168 0.030000 6.794675 0.150000 6.630421 0.030000
2.802235 0.030000 2.961235 0.030000 5.567581 0.030000 5.310880 0.030000 2.155059 0.030000 1.875548 0.030000 4.893924 0.030000 4.960482 0.030000 6.862790 0.030000 6.725947 0.030000
2.762447 0.030000 2.984636 0.030000 6.721269 0.150000 5.355144 0.030000 2.147052 0.030000 1.911504 0.030000 4.835861 0.030000 4.978458 0.030000 6.850611 0.030000 6.622031 0.030000
2.780621 0.030000 2.902742 0.030000 5.642204 0.030000 5.342983 0.030000 2.183779 0.030000 1.906915 0.030000 5.261015 0.150000 5.003005 0.030000 6.906286 0.030000 6.692128 0.030000
2.826441 0.030000 2.903710 0.030000 5.585171 0.030000 5.414416 0.030000 2.121812 0.030000 1.913754 0.030000 4.872957 0.030000 4.952561 0.030000 6.815367 0.030000 6.773980 0.030000
2.816061 0.030000 2.875765 0.030000 5.591720 0.030000 5.352305 0.030000 2.195345 0.030000 1.898596 0.030000 4.850790 0.030000 4.964499 0.030000 6.844200 0.030000 6.698605 0.030000
2.796942 0.030000 2.919745 0.030000 5.980740 0.150000 5.409844 0.030000 2.188766 0.030000 1.942124 0.030000 4.870700 0.030000 5.109332 0.150000 6.886919 0.030000 6.717803 0.030000
2.733933 0.030000 2.813449 0.030000 5.663633 0.030000 5.464984 0.030000 2.217238 0.030000 1.948075 0.030000 4.925290 0.030000 4.905149 0.030000 6.934585 0.030000 6.696115 0.030000
2.763381 0.030000 2.908167 0.030000 5.586159 0.030000 5.456425 0.030000 2.243569 0.030000 2.368490 0.150000 4.831881 0.030000 4.910246 0.030000 6.917893 0.030000 6.731443 0.030000
2.758971 0.030000 2.804988 0.030000 5.617823 0.030000 5.467444 0.030000 2.201194 0.030000 1.969700 0.030000 4.824711 0.030000 4.942958 0.030000 6.907080 0.030000 6.825397 0.030000
2.723158 0.030000 2.825937 0.030000 5.656357 0.030000 5.483752 0.030000 2.366340 0.150000 1.976107 0.030000 4.864001 0.030000 4.953449 0.030000 6.996683 0.030000 6.763977 0.030000
2.757319 0.030000 2.834723 0.030000 5.659994 0.030000 5.473059 0.030000 2.284049 0.030000 2.072298 0.030000 4.837504 0.030000 4.947884 0.030000 6.964747 0.030000 6.810210 0.030000
2.781231 0.030000 2.859525 0.030000 5.694156 0.030000 5.513294 0.030000 2.299593 0.030000 2.073683 0.030000 4.843450 0.030000 4.882284 0.030000 6.964228 0.030000 6.817178 0.030000
2.934537 0.150000 2.856226 0.030000 6.089341 0.150000 5.521150 0.030000 2.318674 0.030000 2.111113 0.150000 4.798870 0.030000 4.923970 0.030000 6.974020 0.030000 6.810961 0.030000
2.717588 0.030000 2.846123 0.030000 5.772822 0.030000 5.506630 0.030000 2.266739 0.030000 2.036845 0.030000 4.959644 0.150000 4.881794 0.030000 7.009658 0.030000 6.766524 0.030000
2.728399 0.030000 2.835763 0.030000 5.730307 0.030000 5.515394 0.030000 2.251498 0.030000 2.045195 0.030000 4.797351 0.030000 4.921981 0.030000 6.984467 0.030000 6.855793 0.030000
2.780867 0.030000 2.725721 0.030000 5.739288 0.030000 5.434315 0.030000 2.279432 0.030000 2.061882 0.030000 4.807724 0.030000 4.885693 0.030000 6.955999 0.030000 6.836296 0.030000
2.761236 0.030000 2.816591 0.030000 5.807801 0.030000 5.524748 0.030000 2.365368 0.030000 2.153658 0.030000 4.816646 0.030000 4.955611 0.150000 6.997709 0.030000 6.697484 0.150000
2.781406 0.030000 2.788045 0.030000 5.798829 0.030000 5.554970 0.030000 2.324534 0.030000 2.080716 0.030000 4.849145 0.030000 4.878403 0.030000 6.923417 0.030000 6.879233 0.030000
2.829909 0.030000 2.869031 0.030000 5.787872 0.030000 5.493685 0.030000 2.337507 0.030000 2.146559 0.030000 4.819981 0.030000 4.935960 0.030000 6.975459 0.030000 6.894971 0.030000
2.721955 0.030000 2.906482 0.150000 5.775640 0.030000 5.563816 0.030000 2.364682 0.030000 2.363226 0.150000 4.760283 0.030000 4.934696 0.030000 6.980070 0.030000 6.876830 0.030000
2.781942 0.030000 2.770732 0.030000 5.797977 0.030000 5.611985 0.030000 2.308608 0.030000 2.157790 0.030000 4.769277 0.030000 4.910071 0.030000 6.974953 0.030000 6.924046 0.030000
2.804273 0.030000 2.813563 0.030000 5.842198 0.030000 5.565446 0.030000 2.412934 0.030000 2.158797 0.030000 4.729547 0.030000 4.905583 0.030000 6.983003 0.030000 6.868981 0.030000
2.850316 0.030000 2.921474 0.150000 5.803914 0.150000 5.671810 0.030000 2.379840 0.030000 2.232822 0.030000 4.682010 0.030000 4.855705 0.030000 6.974425 0.030000 6.931779 0.030000
2.832827 0.030000 2.756137 0.030000 5.891912 0.030000 5.685037 0.030000 2.365225 0.030000 2.267177 0.030000 5.079874 0.150000 4.855232 0.030000 7.018367 0.030000 6.984933 0.030000
2.835714 0.030000 2.762580 0.030000 5.895202 0.030000 5.609328 0.030000 2.389883 0.030000 2.257212 0.030000 4.632297 0.030000 4.868680 0.030000 6.971151 0.030000 7.119710 0.150000
2.926871 0.030000 2.664953 0.030000 5.899807 0.030000 5.757858 0.030000 2.396396 0.030000 2.274548 0.030000 4.630919 0.030000 4.884717 0.030000 6.841444 0.150000 7.003620 0.030000
2.932138 0.030000 2.773866 0.030000 5.970380 0.030000 5.731434 0.030000 2.351338 0.030000 2.306241 0.030000 4.646922 0.030000 4.851014 0.030000 6.979428 0.030000 7.012328 0.030000
3.028249 0.150000 2.727958 0.030000 5.944879 0.030000 5.786862 0.030000 2.359552 0.030000 2.314777 0.030000 4.581794 0.030000 4.768470 0.030000 6.971975 0.030000 6.990028 0.030000
2.934984 0.030000 2.765398 0.030000 6.024009 0.030000 5.830972 0.030000 2.731516 0.150000 2.322717 0.030000 4.589314 0.030000 4.759086 0.030000 6.986541 0.030000 6.977648 0.030000
2.995105 0.030000 2.854928 0.030000 6.052901 0.030000 5.876683 0.030000 2.401147 0.030000 2.369592 0.030000 4.514625 0.030000 4.548909 0.150000 6.990365 0.030000 6.980952 0.030000
2.975652 0.030000 2.922153 0.150000 6.081411 0.030000 5.875622 0.030000 2.346783 0.030000 2.375268 0.030000 4.430707 0.030000 4.663920 0.030000 6.858574 0.030000 6.933753 0.030000
3.088652 0.030000 2.867199 0.030000 6.099905 0.030000 5.907062 0.030000 2.439581 0.030000 2.378484 0.030000 4.410213 0.030000 4.672616 0.030000 6.898192 0.030000 6.968930 0.030000
3.116520 0.030000 2.876026 0.030000 6.441502 0.150000 5.960474 0.030000 2.418987 0.030000 2.383683 0.030000 4.390800 0.030000 4.629631 0.030000 6.895476 0.030000 6.983632 0.030000
3.086982 0.030000 3.602187 0.150000 6.166838 0.030000 5.988320 0.030000 2.386187 0.030000 2.450221 0.030000 4.301397 0.030000 4.600648 0.030000 6.817845 0.030000 7.019584 0.030000
3.120290 0.030000 2.942093 0.030000 6.185134 0.030000 5.836560 0.150000 2.408661 0.150000 2.407269 0.030000 4.268815 0.030000 4.549709 0.030000 6.821615 0.150000 6.942039 0.030000
3.212583 0.030000 2.977077 0.030000 6.201262 0.030000 6.059748 0.030000 2.356769 0.030000 2.427055 0.030000 4.694354 0.150000 4.525703 0.030000 6.778340 0.030000 6.946861 0.030000
3.247063 0.030000 3.046375 0.030000 6.285312 0.030000 6.092481 0.030000 2.380209 0.030000 2.421307 0.030000 4.246556 0.030000 4.410935 0.030000 6.761650 0.030000 6.980004 0.030000
3.309459 0.030000 3.068465 0.030000 6.317700 0.030000 6.157571 0.030000 2.346046 0.030000 2.353763 0.030000 4.118216 0.030000 4.385422 0.030000 6.731361 0.030000 6.884853 0.030000
3.338518 0.030000 3.134978 0.030000 6.272979 0.030000 6.149989 0.030000 2.388595 0.030000 2.401714 0.030000 4.155371 0.030000 4.719469 0.150000 6.777204 0.030000 6.891065 0.030000
3.382217 0.030000 3.153354 0.030000 6.283201 0.030000 6.205674 0.030000 2.665672 0.150000 2.345300 0.030000 4.066023 0.030000 4.356725 0.030000 6.597684 0.150000 6.864203 0.030000
3.423217 0.150000 3.144595 0.150000 6.621821 0.150000 6.203569 0.030000 2.371224 0.030000 2.405093 0.030000 4.019418 0.030000 4.297326 0.030000 6.668255 0.030000 6.864054 0.030000
3.516848 0.030000 3.215585 0.030000 6.365896 0.030000 6.213503 0.030000 2.398740 0.030000 2.399714 0.030000 3.964157 0.030000 4.245820 0.150000 6.643108 0.030000 6.783772 0.030000
3.534762 0.030000 3.290825 0.030000 6.365728 0.030000 6.205619 0.030000 3.030564 0.150000 2.609629 0.150000 3.898496 0.030000 4.103488 0.030000 6.659896 0.030000 6.750432 0.030000
3.599854 0.030000 3.312045 0.030000 6.367423 0.030000 6.280368 0.030000 2.346563 0.030000 2.391723 0.030000 3.906972 0.030000 4.091526 0.030000 6.598785 0.030000 6.777451 0.030000
3.619234 0.030000 3.373838 0.030000 6.383853 0.030000 6.327749 0.030000 2.669184 0.150000 2.363342 0.030000 3.837798 0.030000 4.128282 0.030000 6.569599 0.030000 6.759073 0.030000
3.616570 0.030000 3.448928 0.030000 6.388546 0.030000 6.278841 0.030000 2.341633 0.030000 2.399834 0.030000 3.836370 0.030000 4.041097 0.030000 6.529881 0.030000 6.759088 0.030000
3.705216 0.030000 3.471362 0.030000 6.420777 0.030000 6.343657 0.030000 2.347443 0.030000 2.359013 0.030000 3.745673 0.030000 4.003800 0.030000 6.552121 0.030000 6.665981 0.030000
3.773815 0.030000 3.479142 0.030000 6.522344 0.030000 6.399413 0.150000 2.320495 0.030000 2.364865 0.030000 3.712875 0.030000 3.942143 0.030000 6.465527 0.030000 6.647504 0.030000
3.798562 0.030000 3.507364 0.030000 6.491514 0.030000 6.399923 0.030000 2.371206 0.030000 2.365730 0.030000 3.699824 0.030000 3.904838 0.030000 6.503798 0.030000 6.590299 0.030000
3.852386 0.030000 3.569186 0.030000 6.563504 0.030000 6.439883 0.030000 2.372240 0.030000 2.347269 0.030000 3.890426 0.150000 5.097999 0.150000 6.508919 0.030000 6.597605 0.030000
3.855073 0.030000 3.573968 0.030000 6.562539 0.030000 6.428236 0.030000 2.314234 0.030000 2.416336 0.030000 3.654454 0.150000 3.872716 0.030000 6.404326 0.030000 6.560839 0.030000
3.881010 0.030000 3.678457 0.030000 6.567800 0.030000 6.411963 0.030000 2.339525 0.030000 2.313503 0.030000 3.560999 0.030000 3.843570 0.030000 6.345141 0.030000 6.580119 0.030000
3.915912 0.030000 3.678317 0.030000 6.625088 0.030000 6.552317 0.150000 2.346011 0.030000 2.388574 0.030000 3.551087 0.030000 3.752226 0.030000 6.346294 0.030000 6.508372 0.030000
4.005468 0.030000 3.747532 0.030000 6.579147 0.030000 6.420600 0.030000 2.364659 0.030000 2.366837 0.030000 3.477229 0.030000 3.713742 0.030000 8.317271 0.150000 6.684552 0.150000
3.993607 0.030000 3.695440 0.030000 6.601556 0.030000 6.483481 0.030000 2.385558 0.030000 2.345301 0.030000 3.476270 0.030000 3.718512 0.030000 6.327834 0.030000 6.494355 0.030000
3.989786 0.030000 3.798299 0.030000 6.630359 0.030000 6.485631 0.030000 2.363014 0.030000 2.366020 0.030000 3.474396 0.030000 4.106168 0.150000 6.402959 0.150000 6.486183 0.030000
4.063433 0.030000 3.803591 0.030000 6.628320 0.030000 6.567969 0.150000 2.342381 0.030000 2.352689 0.030000 3.416164 0.030000 3.645930 0.030000 6.293189 0.030000 6.397433 0.030000
4.034264 0.030000 3.866021 0.030000 6.611874 0.030000 6.505911 0.030000 2.388360 0.030000 2.334423 0.030000 3.378997 0.150000 3.612924 0.030000 6.297079 0.030000 6.442682 0.030000
4.156712 0.030000 3.843904 0.030000 6.672337 0.030000 6.572735 0.030000 2.360630 0.030000 2.446145 0.030000 3.383342 0.030000 3.601259 0.030000 6.212025 0.030000 6.385615 0.030000
4.129103 0.030000 3.871226 0.030000 6.711676 0.030000 6.570643 0.030000 2.410576 0.030000 2.390673 0.030000 3.333178 0.030000 3.583877 0.030000 6.246644 0.030000 6.365943 0.030000
4.178452 0.030000 3.891738 0.030000 6.651148 0.030000 6.532425 0.030000 2.380568 0.030000 2.345964 0.030000 3.329953 0.030000 3.553617 0.030000 6.230358 0.030000 6.344851 0.030000
4.191469 0.030000 3.960944 0.030000 6.698938 0.030000 6.611965 0.030000 2.446526 0.030000 2.339411 0.030000 3.258632 0.030000 3.510069 0.030000 6.214208 0.030000 6.294648 0.030000
4.227049 0.030000 3.946254 0.030000 6.694372 0.030000 6.597655 0.030000 2.452118 0.030000 2.394002 0.030000 3.260669 0.030000 3.466274 0.150000 6.233057 0.030000 6.288692 0.030000
4.212962 0.030000 4.011389 0.030000 6.759507 0.030000 6.646144 0.030000 2.439946 0.030000 2.403990 0.030000 3.215796 0.030000 3.556980 0.150000 6.186288 0.030000 6.300943 0.030000
4.258104 0.030000 3.985565 0.030000 6.757769 0.030000 6.606579 0.030000 2.441185 0.030000 2.361312 0.030000 3.193398 0.030000 3.461174 0.030000 6.162019 0.030000 6.348829 0.030000
4.233421 0.030000 4.016911 0.030000 7.143615 0.150000 6.728313 0.150000 2.457344 0.030000 2.376147 0.030000 3.242662 0.030000 3.480908 0.030000 6.132971 0.030000 6.368642 0.030000
4.272194 0.030000 4.030427 0.030000 6.749521 0.030000 6.647140 0.030000 2.581108 0.150000 2.365931 0.030000 3.167256 0.030000 3.474968 0.030000 6.117223 0.030000 7.312380 0.150000
4.641629 0.150000 4.052357 0.030000 6.799898 0.030000 6.872545 0.150000 2.462189 0.030000 2.732659 0.150000 3.225656 0.030000 3.438624 0.030000 6.195938 0.030000 6.301089 0.030000
4.273376 0.030000 4.110175 0.030000 6.842636 0.030000 6.622433 0.030000 2.451399 0.030000 2.357048 0.030000 4.572416 0.150000 3.382820 0.030000 6.124083 0.030000 6.326255 0.030000
4.370973 0.030000 4.081530 0.030000 6.806270 0.030000 6.692725 0.150000 2.429268 0.030000 2.383283 0.030000 3.184382 0.030000 3.404235 0.030000 6.096089 0.030000 6.290263 0.030000
4.369117 0.030000 4.075039 0.030000 6.793444 0.030000 6.668554 0.030000 2.377495 0.030000 2.987775 0.150000 3.140451 0.030000 3.384239 0.030000 6.073420 0.150000 6.281348 0.030000
4.300321 0.030000 4.175511 0.030000 6.880482 0.150000 6.690502 0.030000 2.465633 0.030000 3.134549 0.150000 3.105391 0.030000 3.406437 0.030000 6.121956 0.030000 6.414505 0.150000
4.340277 0.030000 4.124249 0.030000 6.786915 0.030000 6.679653 0.030000 2.420585 0.030000 2.356554 0.030000 3.663531 0.150000 3.334974 0.030000 6.073556 0.030000 6.249146 0.030000
4.356479 0.030000 4.096153 0.030000 6.810708 0.030000 6.656165 0.030000 2.422210 0.030000 2.455076 0.030000 3.147363 0.030000 3.375955 0.030000 6.123621 0.030000 6.285025 0.030000
4.356276 0.030000 4.136030 0.030000 6.824945 0.030000 6.704200 0.030000 2.438905 0.030000 2.420178 0.030000 3.126835 0.030000 3.318144 0.030000 6.126074 0.030000 6.287193 0.030000
4.374530 0.030000 4.159143 0.030000 6.811266 0.030000 6.682971 0.030000 2.442631 0.030000 2.424700 0.030000 3.135244 0.030000 3.340357 0.030000 6.125888 0.030000 6.242548 0.030000
4.408296 0.030000 4.158621 0.030000 6.806385 0.030000 6.691414 0.030000 2.409004 0.030000 2.418545 0.030000 3.069211 0.030000 4.511612 0.150000 6.112167 0.030000 6.390433 0.150000
4.410389 0.030000 4.170471 0.030000 6.833802 0.030000 6.695586 0.030000 2.462724 0.030000 2.488316 0.030000 3.073883 0.030000 3.289116 0.030000 6.011024 0.030000 6.203321 0.030000
4.450869 0.030000 4.199423 0.030000 6.804702 0.030000 6.721849 0.030000 2.498912 0.030000 2.401997 0.030000 3.078861 0.030000 3.265392 0.030000 6.029083 0.030000 6.222101 0.030000
4.501640 0.030000 4.232521 0.030000 6.809419 0.030000 6.740296 0.030000 2.410684 0.030000 2.613419 0.150000 3.055509 0.030000 3.279568 0.030000 6.014903 0.030000 6.309263 0.150000
4.473133 0.030000 4.272102 0.030000 6.796676 0.030000 6.773172 0.030000 2.423221 0.030000 2.408962 0.030000 3.055983 0.030000 3.211287 0.030000 6.031414 0.030000 6.237353 0.030000
4.547838 0.030000 4.285393 0.030000 6.837871 0.030000 6.717360 0.030000 2.429066 0.030000 2.480751 0.030000 3.022515 0.030000 3.366753 0.150000 6.024530 0.030000 6.215873 0.030000
4.425602 0.150000 4.251867 0.030000 6.760673 0.030000 6.782333 0.030000 2.407244 0.030000 2.442686 0.030000 3.080236 0.030000 3.224796 0.030000 5.965283 0.030000 6.136982 0.030000
4.649462 0.150000 4.307509 0.030000 6.818707 0.030000 6.829271 0.030000 2.424736 0.030000 2.467020 0.030000 3.064094 0.030000 3.220759 0.030000 6.014893 0.030000 6.134497 0.030000
4.551080 0.030000 4.348674 0.030000 6.794812 0.030000 6.789078 0.030000 2.412466 0.030000 2.458687 0.030000 3.032494 0.030000 3.127243 0.030000 5.892295 0.030000 6.201577 0.030000
4.567689 0.030000 4.372126 0.030000 6.802157 0.030000 6.805385 0.030000 2.336974 0.030000 2.435312 0.030000 3.015811 0.030000 3.125201 0.030000 5.898348 0.030000 6.136495 0.030000
4.622560 0.030000 4.430194 0.030000 6.723010 0.030000 6.789713 0.030000 2.317162 0.030000 2.405763 0.030000 3.008711 0.030000 3.132374 0.030000 5.826841 0.030000 6.092553 0.030000
4.583270 0.030000 4.379056 0.030000 6.749750 0.030000 6.838432 0.030000 2.270464 0.030000 2.443450 0.030000 3.049075 0.030000 3.105762 0.030000 5.798663 0.030000 6.084246 0.030000
4.644482 0.030000 4.467491 0.030000 6.751340 0.030000 6.770217 0.030000 2.262254 0.030000 2.442180 0.030000 2.983424 0.030000 3.050785 0.030000 5.775513 0.030000 6.315719 0.150000
4.643465 0.030000 4.469491 0.030000 6.758673 0.030000 6.783659 0.030000 2.276496 0.030000 2.468250 0.030000 2.979017 0.030000 3.024715 0.030000 5.756233 0.030000 6.028720 0.030000
4.717851 0.030000 4.513793 0.030000 6.716625 0.030000 6.821436 0.030000 3.390406 0.150000 2.646850 0.150000 3.020696 0.030000 3.033151 0.030000 5.699042 0.030000 5.974146 0.030000
4.607838 0.030000 4.501849 0.030000 6.692035 0.030000 6.802981 0.030000 2.206787 0.030000 2.337112 0.150000 2.998323 0.030000 3.009258 0.030000 5.680994 0.030000 5.946437 0.030000
4.689363 0.030000 4.498737 0.030000 6.671467 0.030000 6.952820 0.150000 2.137870 0.030000 2.316202 0.030000 2.995523 0.030000 3.939372 0.150000 5.621541 0.030000 5.863260 0.030000
4.682860 0.030000 4.552545 0.030000 6.649548 0.030000 6.767426 0.030000 2.350683 0.150000 2.324055 0.030000 2.943293 0.030000 2.985002 0.150000 5.593882 0.030000 5.823804 0.030000
4.706159 0.030000 4.645803 0.030000 6.603032 0.030000 6.809329 0.030000 2.176223 0.150000 2.265468 0.030000 3.048628 0.030000 3.051916 0.030000 5.586745 0.030000 5.786278 0.030000
4.740769 0.030000 4.630433 0.030000 6.540662 0.030000 6.784491 0.150000 2.035257 0.030000 2.252766 0.030000 3.032612 0.030000 2.953205 0.030000 5.510917 0.030000 5.791087 0.030000
4.729491 0.030000 5.162689 0.150000 6.582453 0.030000 6.676472 0.030000 1.957787 0.030000 2.996745 0.150000 3.073000 0.030000 2.993736 0.030000 5.474882 0.030000 5.725882 0.030000
4.787143 0.030000 4.777755 0.030000 6.494271 0.030000 6.656196 0.030000 1.978296 0.030000 2.161692 0.030000 3.040467 0.030000 3.060725 0.030000 5.408113 0.030000 5.591472 0.030000
4.816398 0.030000 4.715954 0.030000 6.448844 0.030000 6.652933 0.030000 1.967461 0.030000 2.600371 0.150000 3.101833 0.030000 3.195574 0.150000 5.396543 0.030000 5.603134 0.030000
4.743540 0.030000 4.718441 0.030000 6.425361 0.030000 6.614985 0.030000 1.932550 0.030000 2.572116 0.150000 3.138893 0.030000 2.996006 0.030000 5.340574 0.030000 5.535607 0.030000
4.821456 0.030000 4.677918 0.030000 6.362932 0.030000 6.574824 0.030000 1.901035 0.030000 2.054622 0.030000 3.163088 0.030000 3.043717 0.030000 5.846926 0.150000 5.732630 0.150000
4.777459 0.030000 4.729378 0.030000 6.405292 0.030000 6.576147 0.030000 1.843761 0.030000 2.672203 0.150000 3.227441 0.030000 3.095514 0.030000 5.274272 0.030000 5.464597 0.030000
4.800264 0.030000 4.704019 0.030000 6.352152 0.030000 6.488300 0.030000 1.743561 0.030000 2.090504 0.150000 3.135521 0.030000 3.072560 0.030000 5.199659 0.030000 5.578296 0.150000
4.816490 0.030000 4.773413 0.030000 6.307180 0.030000 6.970834 0.150000 1.759919 0.030000 2.329892 0.150000 3.262073 0.030000 3.065131 0.030000 5.180214 0.030000 5.431327 0.030000
4.815189 0.030000 4.742423 0.030000 6.288120 0.030000 6.518008 0.030000 1.705354 0.030000 1.921311 0.030000 3.270849 0.030000 3.098117 0.030000 5.138667 0.030000 5.373378 0.030000
5.327378 0.150000 4.772237 0.030000 6.227418 0.030000 6.399531 0.030000 1.698031 0.030000 1.855883 0.030000 3.301416 0.030000 3.128237 0.030000 5.145247 0.030000 5.359676 0.030000
4.812184 0.150000 4.858585 0.030000 6.161422 0.030000 6.362614 0.030000 1.641551 0.030000 1.813121 0.030000 3.343006 0.030000 3.169091 0.030000 5.093776 0.030000 5.318132 0.030000
4.843882 0.030000 4.801503 0.030000 6.118611 0.030000 6.288310 0.030000 1.603932 0.030000 1.921118 0.030000 3.340549 0.030000 3.219578 0.030000 5.104994 0.030000 5.262211 0.030000
4.943009 0.030000 4.857385 0.030000 6.173912 0.030000 6.305611 0.030000 1.600532 0.030000 1.773274 0.150000 3.355091 0.030000 4.239903 0.150000 5.084562 0.030000 5.691701 0.150000
4.949226 0.030000 4.828543 0.030000 6.124196 0.030000 6.314944 0.030000 1.589650 0.030000 1.745252 0.030000 3.390923 0.030000 3.498952 0.150000 5.003926 0.030000 5.192387 0.030000
4.879476 0.030000 4.866016 0.030000 6.120876 0.150000 6.256090 0.030000 1.538576 0.030000 1.725470 0.030000 3.460615 0.030000 3.263328 0.030000 4.944810 0.030000 5.192999 0.030000
4.907353 0.030000 4.862345 0.030000 6.028121 0.150000 6.217649 0.030000 1.470445 0.030000 1.680861 0.030000 3.415026 0.030000 3.378605 0.150000 4.957492 0.030000 5.122492 0.030000
4.975048 0.030000 4.911922 0.030000 5.996983 0.030000 6.566990 0.150000 1.452770 0.030000 1.608275 0.030000 3.483757 0.030000 3.269595 0.030000 4.876067 0.030000 5.075132 0.030000
4.988417 0.030000 4.931279 0.150000 5.967562 0.030000 6.224429 0.030000 1.481843 0.030000 1.588597 0.030000 3.818849 0.150000 3.379109 0.030000 5.103919 0.150000 4.989492 0.030000
5.045283 0.030000 4.889675 0.030000 5.957523 0.030000 6.132118 0.030000 1.622958 0.150000 1.558218 0.030000 3.528504 0.030000 3.374220 0.030000 4.820464 0.030000 4.998983 0.030000
5.023817 0.150000 4.918144 0.030000 5.914760 0.030000 6.107699 0.030000 1.350005 0.030000 1.537969 0.030000 3.803168 0.150000 3.374901 0.030000 5.064150 0.150000 4.979883 0.030000
4.997932 0.030000 4.917335 0.030000 5.855036 0.030000 6.073057 0.030000 1.679210 0.150000 1.518144 0.030000 3.581930 0.030000 3.400076 0.030000 4.786036 0.030000 4.963113 0.030000
5.070061 0.030000 4.973443 0.030000 5.880550 0.030000 6.383605 0.150000 1.283821 0.030000 1.485144 0.030000 3.608896 0.030000 3.409151 0.030000 4.671828 0.030000 4.838762 0.030000
5.098168 0.030000 5.005762 0.030000 5.791039 0.030000 6.083529 0.030000 1.325491 0.030000 1.505823 0.150000 3.649985 0.030000 3.522802 0.030000 4.665654 0.030000 4.741032 0.150000
5.163336 0.030000 4.972895 0.030000 5.811372 0.030000 5.971702 0.030000 1.262504 0.030000 1.417559 0.030000 3.645795 0.030000 3.502024 0.030000 4.634758 0.030000 4.827246 0.030000
5.109721 0.030000 4.986277 0.030000 5.756646 0.030000 6.113912 0.150000 1.360185 0.150000 1.350660 0.030000 3.683206 0.030000 3.498260 0.030000 4.617497 0.030000 4.825341 0.030000
5.136111 0.030000 5.017250 0.030000 5.825884 0.150000 5.897741 0.030000 1.211621 0.030000 1.364992 0.030000 3.761306 0.030000 3.593803 0.030000 4.537354 0.030000 4.741424 0.030000
5.157754 0.030000 5.023792 0.030000 5.697604 0.030000 5.883783 0.030000 1.191638 0.030000 1.335910 0.030000 3.740704 0.030000 3.589498 0.030000 4.498009 0.030000 4.748203 0.030000
5.212436 0.030000 5.063129 0.030000 5.653561 0.030000 5.855024 0.030000 1.172306 0.030000 1.315968 0.030000 3.787754 0.030000 3.617930 0.030000 4.447942 0.030000 5.254122 0.150000
5.205349 0.030000 5.069954 0.030000 5.675325 0.030000 5.824912 0.030000 1.126359 0.030000 1.309066 0.030000 3.796778 0.030000 3.706783 0.030000 4.443364 0.030000 4.623285 0.030000
5.187039 0.030000 5.122384 0.030000 5.625805 0.030000 5.849837 0.150000 1.059070 0.150000 1.178868 0.030000 3.795840 0.030000 3.673122 0.030000 4.426313 0.030000 4.594719 0.030000
5.230299 0.030000 5.099321 0.030000 5.607906 0.030000 5.723468 0.030000 1.134797 0.030000 1.174762 0.030000 3.954623 0.030000 3.711368 0.030000 4.318181 0.030000 4.599878 0.030000
5.277857 0.030000 5.146210 0.030000 5.570369 0.030000 5.763731 0.030000 1.107015 0.030000 1.191351 0.030000 3.903505 0.030000 3.775240 0.030000 4.365373 0.030000 4.497351 0.030000
5.288650 0.030000 5.151912 0.030000 5.444714 0.150000 5.653042 0.030000 1.114437 0.030000 1.167723 0.030000 3.893415 0.030000 3.773288 0.030000 4.304429 0.030000 4.483263 0.030000
5.320590 0.030000 5.166481 0.030000 5.485350 0.030000 5.808449 0.150000 1.113451 0.030000 1.123062 0.030000 3.976187 0.030000 4.139906 0.150000 4.358112 0.030000 4.475950 0.030000
5.347664 0.030000 5.190920 0.030000 5.492870 0.030000 5.705186 0.030000 1.438610 0.150000 1.091723 0.030000 4.067958 0.030000 3.991052 0.150000 5.777179 0.150000 4.415405 0.030000
5.369480 0.030000 5.211791 0.030000 5.434145 0.030000 5.657776 0.030000 1.020764 0.030000 1.043268 0.150000 4.009911 0.030000 3.845698 0.030000 4.258326 0.030000 4.391017 0.030000
5.421290 0.030000 5.246572 0.030000 5.475226 0.030000 5.591071 0.030000 1.056612 0.030000 1.075961 0.030000 4.049220 0.030000 3.952584 0.030000 4.197187 0.030000 4.373464 0.030000
5.358032 0.030000 5.329094 0.030000 5.401546 0.030000 5.529694 0.030000 1.053196 0.030000 1.096040 0.030000 4.142653 0.030000 3.898123 0.030000 4.165041 0.030000 4.318904 0.030000
5.437079 0.030000 5.339303 0.030000 5.360718 0.030000 5.559186 0.030000 1.031339 0.030000 1.075991 0.030000 4.155632 0.030000 3.907290 0.030000 4.144693 0.030000 4.359356 0.030000
5.470182 0.030000 5.299706 0.030000 5.353159 0.030000 5.493953 0.030000 0.966792 0.030000 1.036469 0.030000 4.192985 0.030000 3.978843 0.030000 4.096484 0.030000 4.284116 0.030000
5.485399 0.030000 5.342514 0.030000 5.286964 0.150000 5.486569 0.030000 1.610881 0.150000 1.006251 0.030000 4.223808 0.030000 4.088756 0.030000 4.084210 0.030000 4.251783 0.030000
5.528586 0.030000 5.342186 0.030000 5.285063 0.030000 5.465316 0.030000 1.111812 0.030000 1.167454 0.030000 4.253412 0.030000 4.006956 0.030000 4.002738 0.030000 4.195854 0.030000
5.541698 0.030000 5.365499 0.030000 5.231928 0.030000 5.480651 0.030000 1.044157 0.150000 1.039310 0.030000 4.611178 0.150000 4.103449 0.030000 3.978789 0.030000 4.135918 0.150000
5.506165 0.030000 5.424156 0.030000 5.152615 0.150000 5.436233 0.030000 1.048752 0.030000 1.074173 0.030000 4.451972 0.150000 4.180769 0.030000 3.983863 0.030000 4.106650 0.030000
5.708110 0.150000 5.501411 0.030000 5.204495 0.030000 5.408405 0.030000 1.073213 0.030000 1.051536 0.150000 4.319721 0.030000 4.229205 0.030000 3.909160 0.030000 4.132519 0.030000
5.669876 0.030000 5.480547 0.030000 5.179128 0.030000 5.313410 0.030000 1.044634 0.030000 1.011486 0.030000 4.406148 0.030000 4.227090 0.030000 3.922206 0.030000 4.042720 0.030000
5.587502 0.030000 5.448690 0.030000 5.171877 0.030000 5.354009 0.030000 1.108602 0.030000 1.042718 0.030000 4.455783 0.030000 4.211742 0.030000 3.865310 0.030000 4.047410 0.030000
5.625478 0.030000 5.496768 0.030000 5.179177 0.030000 5.276853 0.030000 1.116497 0.030000 1.039771 0.030000 4.435560 0.030000 4.254248 0.030000 3.842184 0.030000 4.012258 0.030000
5.641828 0.030000 5.559610 0.030000 5.112232 0.030000 5.240236 0.030000 1.098445 0.030000 1.039302 0.030000 4.439900 0.030000 4.305522 0.030000 3.852096 0.030000 4.055170 0.030000
5.719056 0.030000 5.538600 0.030000 5.139600 0.030000 5.244598 0.030000 1.172742 0.030000 1.073743 0.030000 4.537651 0.030000 4.331218 0.030000 3.808236 0.030000 3.963876 0.030000
5.719961 0.030000 5.454534 0.150000 5.089935 0.030000 5.241906 0.030000 1.149642 0.030000 1.070371 0.030000 4.614736 0.030000 4.918575 0.150000 3.732530 0.030000 3.934990 0.030000
5.917713 0.150000 5.626553 0.030000 5.046866 0.030000 5.192640 0.030000 1.157262 0.030000 1.109093 0.030000 5.511830 0.150000 4.398356 0.030000 3.733646 0.030000 3.971924 0.150000
6.088732 0.150000 5.630742 0.030000 5.190933 0.150000 5.158288 0.030000 1.211482 0.030000 1.098372 0.030000 4.608632 0.030000 4.409726 0.030000 3.734969 0.030000 3.794436 0.030000
5.803056 0.030000 5.684566 0.030000 5.068538 0.030000 5.142951 0.030000 1.365764 0.150000 1.081385 0.030000 4.668776 0.030000 4.479482 0.030000 3.671269 0.030000 3.823810 0.030000
5.818702 0.030000 5.683272 0.030000 5.055830 0.030000 5.177422 0.030000 1.264092 0.030000 1.118135 0.030000 4.740325 0.030000 4.482065 0.030000 3.614887 0.030000 3.752936 0.030000
5.896800 0.030000 5.719847 0.030000 4.989534 0.030000 5.153759 0.030000 1.257029 0.030000 1.123388 0.030000 4.703421 0.030000 4.511697 0.030000 3.614649 0.030000 3.744688 0.030000
5.887640 0.030000 5.761372 0.030000 4.939124 0.030000 5.099544 0.030000 1.223200 0.030000 1.236240 0.030000 5.141985 0.150000 4.571458 0.030000 3.612676 0.030000 3.752663 0.030000
5.951063 0.030000 5.837182 0.030000 5.685771 0.150000 5.042898 0.030000 1.359119 0.030000 1.217056 0.030000 4.854445 0.030000 4.649124 0.030000 3.548651 0.030000 3.728565 0.030000
6.095052 0.150000 5.760412 0.030000 4.905142 0.030000 5.046236 0.030000 1.347926 0.030000 1.252502 0.030000 5.275797 0.150000 4.646617 0.030000 3.540516 0.030000 3.681107 0.030000
6.048554 0.030000 5.790621 0.030000 4.881030 0.030000 5.026919 0.030000 1.362650 0.030000 1.197066 0.030000 4.869729 0.030000 4.701821 0.030000 3.502462 0.030000 3.681317 0.030000
6.176201 0.150000 5.888767 0.030000 4.883760 0.030000 5.012700 0.030000 1.408698 0.030000 1.684859 0.150000 4.934208 0.030000 4.725711 0.030000 3.499935 0.030000 3.598413 0.030000
6.056144 0.030000 5.857626 0.030000 4.870880 0.030000 5.087452 0.150000 1.450129 0.030000 1.255342 0.030000 4.949532 0.030000 4.792517 0.030000 3.453537 0.030000 3.634756 0.150000
6.132329 0.030000 5.941774 0.030000 4.874686 0.030000 4.944967 0.030000 1.470500 0.030000 1.353369 0.030000 4.983906 0.030000 4.879203 0.150000 3.420741 0.030000 3.584200 0.030000
6.116789 0.150000 5.921516 0.030000 4.838484 0.030000 4.931553 0.030000 1.518803 0.030000 1.305590 0.030000 5.075648 0.030000 4.876560 0.030000 3.373882 0.030000 3.542684 0.030000
6.123727 0.030000 5.945299 0.030000 4.859507 0.030000 4.892278 0.030000 1.890077 0.150000 1.333740 0.030000 5.275202 0.150000 4.871001 0.030000 3.406035 0.030000 3.540181 0.030000
6.079020 0.150000 6.029891 0.030000 4.758692 0.030000 4.866430 0.030000 1.644481 0.150000 1.407104 0.030000 5.098179 0.030000 4.932454 0.030000 3.662528 0.150000 3.494671 0.030000
6.244933 0.030000 6.008624 0.030000 4.778368 0.030000 4.842975 0.030000 1.595127 0.030000 1.389185 0.030000 5.162233 0.030000 4.931388 0.030000 3.346781 0.150000 3.484909 0.030000
6.227423 0.030000 6.024324 0.030000 4.744946 0.030000 4.871169 0.030000 1.627806 0.030000 1.450809 0.030000 5.189492 0.030000 5.258170 0.150000 3.561528 0.150000 3.620048 0.150000
6.275324 0.030000 6.104588 0.030000 4.707367 0.030000 4.860697 0.030000 1.672674 0.030000 1.504381 0.030000 5.261429 0.030000 4.992564 0.030000 3.296257 0.030000 3.434584 0.030000
6.294916 0.030000 6.096752 0.030000 4.729202 0.030000 4.758181 0.030000 1.709124 0.030000 1.554473 0.030000 5.268531 0.030000 5.028020 0.030000 3.322689 0.030000 3.368854 0.030000
6.349791 0.030000 6.089531 0.030000 4.709144 0.030000 4.860139 0.030000 1.729347 0.030000 1.547240 0.030000 5.324258 0.030000 5.103877 0.030000 3.263672 0.030000 3.922043 0.150000
6.308081 0.030000 6.170840 0.030000 4.686775 0.030000 4.780342 0.030000 1.714267 0.030000 1.532225 0.030000 5.330973 0.030000 5.099863 0.030000 3.255028 0.030000 3.382191 0.030000
6.443190 0.030000 6.156939 0.030000 4.680352 0.030000 4.758469 0.030000 1.860458 0.030000 1.578572 0.030000 5.461782 0.150000 5.682407 0.150000 3.153120 0.030000 3.320334 0.030000
6.324569 0.030000 6.234628 0.030000 4.654275 0.030000 5.109635 0.150000 1.872403 0.030000 1.690703 0.150000 5.431002 0.030000 5.197150 0.030000 3.183544 0.030000 3.158398 0.150000
6.447021 0.030000 6.283299 0.030000 4.674169 0.030000 4.731041 0.030000 1.885125 0.030000 1.677671 0.030000 5.427147 0.030000 5.218750 0.030000 3.174771 0.030000 3.316632 0.030000
6.461684 0.030000 6.247212 0.030000 4.767300 0.150000 4.736260 0.030000 1.927250 0.030000 1.680834 0.030000 5.442699 0.030000 5.241784 0.030000 3.154277 0.030000 3.269288 0.030000
6.493855 0.030000 6.270856 0.030000 4.642405 0.150000 4.749438 0.030000 1.937725 0.030000 1.718698 0.030000 5.527133 0.030000 5.271470 0.030000 3.119443 0.030000 3.299356 0.030000
6.460628 0.030000 6.267713 0.030000 4.535653 0.150000 4.712286 0.030000 1.976028 0.030000 1.763074 0.030000 5.793511 0.150000 5.275901 0.030000 3.054491 0.030000 3.201511 0.030000
6.525105 0.030000 6.366278 0.030000 4.621544 0.030000 4.680497 0.030000 1.989498 0.030000 1.781138 0.030000 5.580508 0.030000 5.321098 0.030000 3.133890 0.030000 3.264507 0.030000
6.477551 0.030000 6.373415 0.030000 4.603530 0.030000 4.697156 0.030000 2.051854 0.030000 1.819589 0.030000 5.590760 0.030000 5.431572 0.030000 3.159280 0.030000 3.229492 0.030000
6.545447 0.030000 6.369967 0.030000 4.622988 0.030000 4.676745 0.030000 2.094072 0.030000 1.850205 0.030000 5.568334 0.030000 5.585993 0.150000 3.077397 0.030000 3.248589 0.030000
6.621484 0.030000 6.411420 0.030000 4.569778 0.030000 4.679639 0.030000 2.078430 0.030000 2.104663 0.150000 5.661758 0.030000 7.052316 0.150000 3.096463 0.030000 3.195621 0.030000
6.719144 0.150000 6.449703 0.030000 4.591816 0.030000 4.658955 0.030000 2.113371 0.030000 1.907472 0.030000 5.683538 0.030000 5.403143 0.030000 3.081913 0.030000 3.201039 0.030000
6.640356 0.030000 6.414960 0.030000 4.595683 0.030000 4.655343 0.030000 2.153899 0.030000 1.922816 0.030000 6.027672 0.150000 5.420622 0.030000 3.061763 0.030000 3.163870 0.030000
6.659547 0.030000 6.429782 0.030000 4.575507 0.030000 4.669096 0.030000 2.125687 0.030000 1.911468 0.030000 5.644352 0.030000 5.535057 0.030000 3.059780 0.030000 3.189173 0.030000
6.704433 0.030000 6.494750 0.030000 4.555110 0.030000 4.600307 0.030000 2.393933 0.150000 1.956748 0.030000 5.727312 0.030000 5.383588 0.150000 3.057453 0.030000 3.207898 0.030000
6.655805 0.030000 6.464788 0.030000 4.561965 0.030000 4.634130 0.030000 2.182802 0.030000 1.967502 0.030000 5.745423 0.030000 5.502099 0.030000 3.023011 0.030000 3.121229 0.030000
6.732985 0.030000 6.554067 0.030000 4.590104 0.030000 4.653012 0.150000 2.180870 0.030000 1.962227 0.030000 5.764808 0.030000 5.542432 0.030000 3.034191 0.030000 3.162737 0.030000
6.678349 0.030000 6.504950 0.030000 4.505992 0.030000 4.618159 0.030000 2.206315 0.030000 1.997054 0.030000 5.789045 0.030000 5.589190 0.030000 2.990115 0.150000 3.133314 0.030000
6.710253 0.030000 6.517614 0.030000 4.485678 0.030000 4.617538 0.030000 2.249743 0.030000 2.040842 0.030000 5.764984 0.030000 5.550031 0.030000 3.068149 0.030000 3.090151 0.030000
6.677891 0.030000 6.348081 0.150000 4.532949 0.030000 4.790908 0.150000 2.194965 0.030000 2.009696 0.030000 5.744653 0.030000 5.646611 0.030000 3.011407 0.030000 3.098816 0.030000
6.715190 0.030000 6.489068 0.030000 4.498073 0.030000 4.594848 0.030000 2.249900 0.030000 2.058824 0.030000 5.837340 0.030000 5.606852 0.030000 3.046976 0.030000 3.296549 0.150000
7.051224 0.150000 6.530004 0.150000 4.528159 0.030000 4.598515 0.030000 2.318631 0.030000 2.007067 0.030000 6.091733 0.150000 5.578912 0.030000 3.035956 0.030000 3.094062 0.030000
6.709940 0.030000 6.564567 0.030000 4.553222 0.030000 4.598286 0.030000 2.462955 0.150000 2.061082 0.030000 5.828213 0.030000 5.606780 0.030000 2.953105 0.030000 3.098194 0.030000
6.801212 0.030000 6.611877 0.030000 4.467934 0.030000 4.523087 0.030000 2.309558 0.030000 2.071444 0.030000 5.802603 0.030000 5.610857 0.030000 3.065663 0.150000 3.081306 0.030000
6.760373 0.030000 6.607971 0.030000 4.544812 0.030000 4.545651 0.030000 2.322609 0.030000 2.082433 0.030000 5.881383 0.030000 5.696067 0.030000 3.236746 0.150000 3.119070 0.030000
6.755771 0.030000 6.582495 0.030000 4.503762 0.030000 4.594768 0.030000 2.292066 0.030000 2.065568 0.030000 5.831181 0.030000 5.695358 0.030000 2.990405 0.030000 2.950567 0.150000
6.821431 0.030000 6.545395 0.030000 4.529880 0.030000 4.603577 0.030000 2.284256 0.030000 2.122641 0.030000 5.904470 0.030000 5.664566 0.030000 3.016561 0.030000 3.064024 0.030000
6.838105 0.030000 6.636534 0.030000 4.491412 0.030000 4.569736 0.030000 2.319245 0.030000 2.063414 0.030000 5.896549 0.030000 5.650066 0.030000 2.981401 0.030000 3.098263 0.030000
6.783496 0.030000 6.637073 0.030000 4.505251 0.030000 4.591014 0.030000 2.348032 0.030000 2.100934 0.030000 5.914944 0.030000 5.692301 0.030000 2.984927 0.030000 3.062298 0.030000
6.807089 0.030000 6.626082 0.030000 4.560825 0.030000 4.488792 0.030000 2.400693 0.030000 2.141550 0.150000 5.873835 0.030000 5.706926 0.030000 2.955344 0.030000 3.087661 0.030000
6.821303 0.030000 6.648343 0.030000 4.674626 0.150000 4.527264 0.030000 2.333780 0.030000 2.076739 0.030000 5.887291 0.030000 5.721392 0.030000 2.979568 0.030000 2.955281 0.150000
6.879792 0.030000 6.640696 0.030000 4.551663 0.030000 4.543822 0.030000 2.408643 0.030000 2.155974 0.030000 5.893092 0.030000 5.723698 0.030000 2.935435 0.030000 3.063528 0.030000
6.854235 0.030000 6.628036 0.030000 4.555233 0.030000 4.468732 0.030000 2.421802 0.030000 2.176319 0.030000 5.920778 0.030000 5.746252 0.030000 2.912995 0.030000 3.036074 0.030000
6.889858 0.030000 6.681635 0.030000 5.577148 0.150000 4.516159 0.030000 2.420999 0.030000 2.101899 0.030000 5.827059 0.150000 5.738291 0.030000 2.961003 0.030000 3.055672 0.030000
7.401336 0.150000 6.646347 0.030000 4.801668 0.150000 4.499313 0.030000 3.032029 0.150000 2.206458 0.030000 5.952892 0.030000 5.779983 0.030000 2.913590 0.030000 3.054050 0.030000
6.949369 0.030000 6.683303 0.030000 4.527944 0.030000 4.496438 0.030000 2.453284 0.030000 2.136902 0.030000 5.868625 0.030000 5.769438 0.030000 2.878387 0.030000 2.998427 0.030000
6.946740 0.030000 6.732791 0.030000 4.620436 0.030000 4.477734 0.030000 2.448043 0.030000 2.744053 0.150000 5.927183 0.030000 6.224086 0.150000 2.852955 0.030000 3.668321 0.150000
6.989542 0.030000 6.743415 0.030000 4.624470 0.030000 4.506588 0.030000 2.496473 0.030000 3.384457 0.150000 5.961868 0.030000 5.795853 0.030000 2.829883 0.030000 2.990697 0.030000
6.988266 0.030000 6.738534 0.030000 4.575980 0.030000 4.499314 0.030000 2.591885 0.030000 2.232335 0.030000 5.967900 0.030000 5.822727 0.030000 2.784883 0.030000 2.951530 0.030000
7.049444 0.030000 6.810686 0.030000 4.694553 0.030000 4.531669 0.030000 2.546917 0.030000 2.276971 0.030000 5.932617 0.030000 5.821732 0.030000 2.746255 0.030000 2.982839 0.030000
7.076257 0.030000 6.818087 0.030000 4.707715 0.030000 4.544247 0.030000 2.552631 0.030000 2.382343 0.030000 5.933153 0.030000 5.898405 0.030000 2.674219 0.030000 2.973086 0.030000
7.124768 0.030000 6.831909 0.030000 4.723393 0.030000 4.605638 0.030000 2.645138 0.030000 2.394562 0.030000 5.947964 0.030000 5.948351 0.030000 2.698499 0.030000 2.899328 0.030000
7.108843 0.030000 7.656423 0.150000 4.779128 0.030000 4.626133 0.030000 2.599842 0.150000 2.417108 0.030000 6.292713 0.150000 6.386809 0.150000 3.132025 0.150000 2.908042 0.030000
7.132767 0.030000 6.962288 0.030000 4.792838 0.030000 4.579465 0.030000 2.646151 0.030000 2.481358 0.030000 5.901916 0.030000 5.910790 0.030000 2.657750 0.150000 2.844144 0.030000
7.226483 0.030000 7.006748 0.030000 4.871995 0.030000 4.674098 0.030000 2.624157 0.030000 2.515645 0.030000 5.918261 0.030000 5.946108 0.030000 3.232277 0.150000 3.244328 0.150000
7.221657 0.030000 7.005434 0.030000 4.879294 0.030000 4.618734 0.030000 2.766124 0.030000 2.522115 0.030000 5.921197 0.030000 5.924998 0.030000 2.544591 0.030000 2.754921 0.030000
7.258236 0.030000 7.003751 0.030000 4.889323 0.030000 4.713009 0.030000 2.737592 0.030000 2.614658 0.030000 5.893533 0.030000 5.950053 0.030000 2.461451 0.030000 2.712606 0.030000
7.341624 0.030000 7.112622 0.030000 4.946397 0.030000 4.735008 0.030000 2.721438 0.030000 2.640778 0.030000 5.894243 0.030000 5.942846 0.030000 2.450157 0.030000 2.702874 0.030000
7.342773 0.030000 7.105919 0.030000 5.004311 0.030000 4.757979 0.030000 2.770210 0.030000 2.605497 0.030000 5.891951 0.030000 5.924530 0.030000 2.396788 0.030000 2.666716 0.030000
7.372411 0.030000 7.178486 0.030000 5.106115 0.030000 4.810602 0.030000 2.819802 0.030000 2.686914 0.030000 5.904710 0.030000 6.010923 0.150000 2.366959 0.030000 2.672844 0.030000
7.314037 0.030000 7.576752 0.150000 5.088908 0.030000 4.837188 0.030000 2.853527 0.030000 2.680100 0.030000 5.902025 0.150000 5.977403 0.030000 2.341943 0.030000 2.554509 0.030000
7.424111 0.030000 7.270881 0.030000 5.068759 0.030000 4.859968 0.030000 2.901791 0.030000 2.743654 0.030000 5.832728 0.030000 5.941577 0.030000 2.857003 0.150000 2.476060 0.030000
7.519939 0.030000 7.316248 0.030000 5.200894 0.030000 4.960297 0.030000 2.895972 0.030000 2.753947 0.030000 5.860631 0.030000 5.866772 0.030000 2.210894 0.030000 2.475275 0.030000
7.506640 0.030000 7.328674 0.030000 5.131457 0.030000 4.974857 0.030000 2.952142 0.030000 2.749247 0.030000 5.775079 0.030000 5.843351 0.030000 2.233936 0.030000 2.404003 0.030000
7.520230 0.030000 7.349681 0.030000 5.211122 0.150000 5.033036 0.030000 2.959607 0.030000 2.846393 0.030000 5.814067 0.030000 5.881758 0.030000 2.138961 0.030000 2.390062 0.030000
7.565937 0.030000 7.430790 0.030000 5.282844 0.030000 5.056714 0.030000 2.960108 0.030000 2.859240 0.030000 6.106550 0.150000 5.830435 0.030000 2.095432 0.030000 2.335785 0.030000
7.604174 0.030000 7.423412 0.030000 5.341790 0.030000 5.114170 0.030000 2.968419 0.030000 2.854687 0.030000 5.728255 0.030000 5.852922 0.030000 2.050610 0.030000 2.328734 0.030000
7.583122 0.030000 7.454383 0.030000 5.326850 0.030000 5.119861 0.030000 2.986566 0.030000 3.529801 0.150000 5.715348 0.030000 5.824244 0.030000 2.038702 0.030000 2.309864 0.030000
7.596407 0.030000 7.480963 0.030000 5.434309 0.030000 5.176710 0.030000 3.056137 0.030000 2.949621 0.030000 5.692644 0.030000 5.822259 0.030000 1.956963 0.030000 2.247218 0.030000
7.721365 0.030000 7.530773 0.030000 5.505849 0.030000 5.157154 0.030000 3.079843 0.030000 2.997133 0.030000 5.726918 0.030000 5.806362 0.030000 1.941129 0.030000 2.178866 0.030000
7.628915 0.030000 7.530512 0.030000 5.486601 0.030000 5.251777 0.030000 3.114014 0.030000 3.102147 0.150000 5.664340 0.030000 5.749961 0.030000 1.935987 0.030000 2.155337 0.030000
8.121094 0.150000 7.555984 0.030000 5.557015 0.030000 5.328823 0.030000 3.110531 0.030000 2.966967 0.030000 5.589052 0.030000 5.760610 0.030000 1.993246 0.150000 2.113680 0.030000
7.786463 0.030000 7.594584 0.030000 5.577811 0.030000 5.356823 0.030000 3.166799 0.030000 3.050011 0.030000 5.647977 0.030000 5.708798 0.030000 2.003621 0.150000 2.033182 0.030000
8.255390 0.150000 7.550553 0.030000 5.647287 0.030000 5.389201 0.030000 3.206969 0.030000 3.064730 0.030000 5.593620 0.030000 5.743413 0.030000 1.843724 0.030000 2.051072 0.030000
7.846198 0.030000 7.577197 0.030000 5.672427 0.030000 5.418396 0.030000 3.214908 0.030000 3.002410 0.030000 5.643819 0.030000 5.741542 0.030000 1.850468 0.030000 2.002970 0.030000
8.140094 0.150000 7.668359 0.030000 5.761366 0.030000 5.464575 0.030000 3.516810 0.150000 3.124954 0.030000 5.580697 0.030000 5.732260 0.030000 1.815226 0.030000 1.958008 0.030000
8.880010 0.150000 7.675800 0.030000 5.765377 0.030000 5.505195 0.030000 3.297041 0.030000 3.148466 0.030000 5.576443 0.030000 5.678873 0.030000 1.734277 0.030000 1.973160 0.030000
7.869702 0.030000 7.672638 0.030000 5.766063 0.030000 5.506141 0.030000 3.290234 0.030000 3.108669 0.030000 5.568116 0.030000 6.868511 0.150000 1.723322 0.030000 1.879049 0.030000
7.976823 0.150000 7.734752 0.030000 5.825437 0.030000 5.511468 0.030000 3.250071 0.030000 3.110511 0.030000 5.607481 0.030000 5.688791 0.030000 1.700057 0.030000 1.871275 0.030000
7.887478 0.030000 7.725548 0.030000 5.823110 0.030000 5.606852 0.030000 3.318033 0.030000 3.141488 0.030000 5.556134 0.150000 5.684538 0.030000 1.616946 0.030000 1.809280 0.030000
7.869196 0.030000 7.781144 0.030000 5.868031 0.030000 5.644610 0.030000 3.311878 0.030000 3.182110 0.030000 5.574048 0.030000 5.432151 0.150000 1.646401 0.030000 1.796868 0.030000
7.932264 0.030000 7.718751 0.030000 5.853980 0.030000 6.289075 0.150000 3.303957 0.030000 3.179069 0.030000 5.529433 0.030000 5.675613 0.030000 1.591325 0.030000 1.855756 0.030000
7.913206 0.030000 7.825710 0.030000 5.897156 0.030000 5.670807 0.030000 3.405650 0.030000 3.217360 0.030000 5.540349 0.030000 5.617083 0.030000 1.514942 0.030000 1.761802 0.030000
7.988394 0.030000 7.852587 0.030000 5.944513 0.030000 5.889515 0.150000 3.359666 0.030000 3.245728 0.030000 5.506772 0.030000 5.585136 0.030000 1.592734 0.030000 1.782327 0.030000
8.036153 0.030000 7.818254 0.030000 5.973146 0.030000 5.717513 0.030000 3.384938 0.030000 3.210698 0.030000 5.528465 0.030000 5.569732 0.030000 1.598468 0.030000 1.763333 0.030000
7.999977 0.030000 7.771044 0.030000 5.959798 0.030000 5.716948 0.030000 3.411030 0.030000 3.230709 0.030000 5.536084 0.030000 5.660192 0.030000 1.459778 0.150000 1.745031 0.030000
7.979351 0.030000 7.825091 0.030000 6.008827 0.030000 5.738378 0.030000 3.353753 0.030000 3.232709 0.030000 5.687346 0.150000 5.621488 0.030000 1.536056 0.030000 1.672025 0.030000
7.965642 0.030000 7.842608 0.030000 5.954820 0.030000 5.714102 0.030000 3.395228 0.030000 3.278831 0.030000 5.501576 0.030000 5.582441 0.030000 1.477585 0.030000 1.719779 0.030000
8.037760 0.030000 8.134770 0.150000 6.038728 0.030000 5.806625 0.030000 4.912053 0.150000 3.246759 0.030000 5.562734 0.030000 5.603209 0.030000 1.446646 0.030000 1.702664 0.030000
8.038663 0.030000 7.944014 0.030000 6.005555 0.030000 5.762867 0.030000 3.467523 0.030000 3.249430 0.030000 5.459564 0.030000 5.547825 0.030000 1.466557 0.030000 1.659309 0.030000
8.058263 0.030000 7.862087 0.150000 6.110704 0.030000 5.844109 0.030000 3.453436 0.030000 3.223382 0.030000 5.495961 0.030000 5.573890 0.030000 1.410900 0.030000 1.710942 0.030000
8.077809 0.030000 7.857318 0.030000 6.050000 0.030000 5.812068 0.030000 3.457770 0.030000 3.294943 0.030000 5.472604 0.030000 5.656049 0.030000 1.408140 0.030000 1.654866 0.030000
8.074602 0.030000 7.882638 0.030000 6.111609 0.030000 5.852365 0.030000 3.525096 0.030000 3.302521 0.030000 5.932271 0.150000 5.604128 0.030000 1.429300 0.030000 1.614319 0.030000
8.066789 0.030000 7.942556 0.030000 6.101326 0.030000 5.869555 0.030000 3.481077 0.030000 3.353816 0.030000 5.439535 0.030000 5.512245 0.030000 1.445216 0.030000 1.614585 0.030000
8.112771 0.030000 8.914010 0.150000 6.102838 0.030000 5.820563 0.030000 3.465043 0.030000 3.344728 0.030000 5.443640 0.030000 6.254109 0.150000 1.749402 0.150000 1.608644 0.030000
8.494605 0.150000 7.937555 0.030000 6.102895 0.030000 5.852983 0.030000 3.868173 0.150000 3.324490 0.030000 5.450558 0.030000 5.542170 0.030000 1.398312 0.030000 1.605368 0.030000
8.083508 0.030000 7.960427 0.030000 6.123661 0.030000 5.881993 0.030000 3.473615 0.030000 3.373205 0.030000 5.499174 0.030000 5.578611 0.030000 1.411095 0.030000 1.630242 0.030000
8.143589 0.030000 7.914948 0.030000 6.175058 0.030000 5.839260 0.030000 3.450922 0.030000 3.353903 0.030000 5.443172 0.030000 5.512772 0.030000 1.354882 0.030000 1.579037 0.030000
8.116306 0.030000 7.939770 0.030000 6.194813 0.030000 5.849078 0.030000 3.508170 0.030000 3.378232 0.030000 5.348162 0.030000 5.521688 0.030000 1.346318 0.030000 1.563802 0.030000
8.130478 0.030000 7.928986 0.030000 6.191870 0.030000 5.964990 0.030000 3.372511 0.150000 3.383124 0.030000 5.488922 0.030000 5.508634 0.030000 1.407659 0.030000 1.552098 0.030000
8.108634 0.030000 7.979217 0.030000 6.161312 0.030000 5.925671 0.030000 3.517705 0.030000 3.363943 0.030000 5.402424 0.030000 5.510851 0.030000 1.369248 0.030000 1.540559 0.030000
8.096359 0.030000 8.003846 0.030000 6.211229 0.030000 5.954796 0.030000 3.520634 0.030000 3.394544 0.030000 5.358283 0.030000 5.529500 0.030000 1.341451 0.030000 1.519685 0.030000
8.072476 0.030000 7.994417 0.030000 6.453818 0.150000 5.983632 0.030000 3.495760 0.030000 3.428850 0.030000 5.442073 0.030000 5.547947 0.030000 1.276935 0.150000 1.552752 0.030000
8.122139 0.030000 8.064465 0.030000 6.204779 0.030000 5.994238 0.030000 3.492027 0.030000 3.411756 0.030000 5.338368 0.030000 5.516042 0.030000 1.321217 0.030000 1.505214 0.030000
8.119496 0.030000 8.020540 0.030000 6.267611 0.030000 5.940576 0.030000 3.446754 0.030000 3.435319 0.030000 5.328597 0.030000 5.506609 0.030000 1.406734 0.030000 1.783705 0.150000
8.142237 0.030000 8.046465 0.030000 6.310263 0.030000 6.071978 0.030000 3.488111 0.030000 3.861458 0.150000 5.275288 0.030000 5.464989 0.030000 1.362994 0.030000 1.455621 0.030000
8.026034 0.150000 8.069580 0.030000 6.271181 0.030000 6.069394 0.030000 3.528010 0.030000 3.457932 0.030000 5.293009 0.030000 5.508423 0.030000 1.382747 0.030000 2.166335 0.150000
8.125063 0.030000 8.075955 0.030000 6.312497 0.030000 6.092188 0.030000 3.524451 0.030000 3.532400 0.030000 5.275288 0.030000 5.485275 0.030000 1.369010 0.030000 1.548760 0.150000
8.043329 0.030000 8.091657 0.030000 6.289756 0.030000 6.116414 0.030000 3.492893 0.030000 3.500015 0.030000 5.224780 0.030000 5.632707 0.150000 1.605949 0.150000 1.396537 0.030000
8.062527 0.030000 8.333682 0.150000 6.371007 0.030000 6.132523 0.030000 3.563368 0.030000 3.499510 0.030000 5.209488 0.030000 5.430064 0.030000 1.425327 0.030000 1.407680 0.030000
8.082581 0.030000 8.073027 0.030000 6.374914 0.030000 6.119914 0.030000 3.752908 0.150000 3.475711 0.030000 5.190707 0.030000 5.391661 0.030000 1.543218 0.150000 1.432140 0.030000
7.992895 0.030000 8.092672 0.030000 6.354666 0.030000 6.208568 0.030000 3.465186 0.030000 3.525254 0.030000 5.016119 0.030000 5.399242 0.030000 1.452216 0.030000 1.348895 0.030000
8.032877 0.030000 8.139743 0.030000 6.320104 0.030000 6.235590 0.030000 3.453350 0.030000 3.530040 0.030000 5.106684 0.030000 5.358256 0.030000 1.426119 0.030000 1.403464 0.030000
8.261230 0.150000 8.108736 0.030000 6.385887 0.030000 6.274403 0.030000 3.425151 0.030000 3.522970 0.030000 5.001185 0.030000 5.317127 0.030000 1.490236 0.030000 1.392714 0.030000
7.976371 0.030000 8.121989 0.030000 6.441607 0.030000 6.308125 0.030000 3.357269 0.030000 3.464217 0.030000 4.944711 0.030000 5.298963 0.030000 1.531222 0.030000 1.358474 0.030000
7.937518 0.030000 8.057418 0.030000 6.427016 0.030000 6.229766 0.150000 3.347743 0.030000 3.484865 0.030000 4.952904 0.030000 5.209083 0.030000 1.561783 0.030000 1.438751 0.030000
7.969186 0.030000 8.084759 0.030000 6.345584 0.030000 6.313994 0.030000 3.355484 0.030000 3.509569 0.030000 4.878485 0.030000 5.167524 0.030000 2.724130 0.150000 1.746690 0.150000
8.255900 0.150000 8.016997 0.030000 6.686116 0.150000 6.957820 0.150000 3.360603 0.030000 3.447817 0.030000 4.911651 0.030000 5.103296 0.030000 1.599595 0.030000 1.467299 0.030000
7.899908 0.030000 8.026652 0.030000 6.498069 0.030000 6.352077 0.030000 3.266119 0.030000 3.466081 0.030000 4.826099 0.030000 5.021212 0.030000 2.080872 0.150000 1.462514 0.030000
7.824287 0.030000 8.037549 0.030000 6.455933 0.030000 6.387860 0.030000 3.312660 0.030000 3.475697 0.030000 4.811202 0.030000 5.054609 0.030000 1.689837 0.030000 1.502396 0.030000
7.819351 0.030000 7.993633 0.030000 6.519875 0.030000 6.400995 0.030000 3.334429 0.030000 3.412316 0.030000 4.722985 0.030000 4.974673 0.030000 1.753833 0.030000 1.523173 0.030000
7.846456 0.030000 7.966082 0.030000 6.498172 0.030000 6.357258 0.030000 3.231195 0.030000 3.336776 0.030000 4.702491 0.030000 4.908871 0.030000 1.742046 0.030000 1.603540 0.030000
7.780136 0.030000 7.970043 0.030000 6.444835 0.030000 6.423542 0.030000 3.149713 0.030000 3.379002 0.030000 4.662561 0.030000 4.891805 0.030000 1.743697 0.030000 1.614277 0.030000
7.715241 0.030000 7.929074 0.030000 6.461301 0.030000 6.416562 0.030000 3.195218 0.030000 3.343986 0.030000 4.590149 0.030000 4.882104 0.030000 1.851233 0.030000 1.580749 0.030000
7.720329 0.030000 7.848422 0.030000 6.494453 0.030000 6.452067 0.030000 3.160056 0.030000 3.284377 0.030000 4.562774 0.030000 4.808878 0.030000 1.934887 0.030000 1.672333 0.030000
7.633502 0.030000 7.831898 0.030000 6.466051 0.030000 6.419411 0.030000 3.189528 0.030000 3.696230 0.150000 4.526158 0.030000 4.767122 0.030000 1.894007 0.030000 1.599456 0.150000
7.665714 0.030000 7.850367 0.030000 6.487042 0.030000 7.478120 0.150000 3.674023 0.150000 3.283240 0.030000 4.606719 0.150000 4.728639 0.030000 1.969928 0.030000 1.772733 0.030000
7.604552 0.030000 7.815775 0.030000 6.482945 0.030000 6.481122 0.030000 3.123898 0.030000 3.240818 0.030000 4.467128 0.030000 4.653993 0.030000 2.024881 0.030000 1.808340 0.030000
7.636802 0.030000 7.404901 0.150000 6.572559 0.030000 6.489673 0.030000 3.095593 0.030000 3.195461 0.030000 4.359617 0.030000 4.631755 0.030000 1.975707 0.030000 1.835826 0.030000
8.188134 0.150000 7.698080 0.030000 6.506526 0.030000 6.458481 0.030000 3.067044 0.030000 3.376234 0.150000 4.419085 0.030000 4.651384 0.030000 2.062767 0.030000 1.836959 0.030000
7.647759 0.150000 7.679688 0.030000 6.526593 0.030000 6.478736 0.030000 3.610705 0.150000 3.155644 0.030000 4.294743 0.030000 4.517266 0.030000 2.131375 0.030000 1.876240 0.030000
7.590036 0.030000 8.154314 0.150000 6.539683 0.030000 6.489337 0.030000 3.025574 0.030000 3.110604 0.030000 4.253641 0.030000 4.497461 0.030000 2.127224 0.030000 1.990164 0.030000
7.541283 0.030000 7.688560 0.030000 6.521842 0.030000 6.485571 0.030000 2.982250 0.030000 3.105597 0.030000 4.229476 0.030000 4.299289 0.150000 2.183132 0.030000 2.174285 0.150000
7.471236 0.030000 7.605475 0.030000 6.600896 0.030000 6.466475 0.030000 2.986330 0.030000 3.119875 0.030000 4.219352 0.030000 4.443886 0.030000 2.200411 0.030000 2.075523 0.030000
7.436768 0.030000 7.607824 0.030000 6.643233 0.030000 7.018521 0.150000 3.051211 0.030000 3.471816 0.150000 4.088011 0.030000 4.396518 0.030000 2.294024 0.030000 2.055974 0.030000
7.436421 0.030000 7.576169 0.030000 6.582752 0.030000 6.553687 0.030000 2.932210 0.030000 3.055966 0.030000 4.099749 0.030000 4.675498 0.150000 2.313737 0.030000 3.561118 0.150000
7.365583 0.030000 7.542871 0.030000 6.523685 0.030000 6.569919 0.030000 2.903167 0.030000 3.044409 0.030000 4.091352 0.030000 4.257422 0.030000 2.428931 0.030000 2.089370 0.030000
7.405734 0.030000 7.529048 0.030000 6.620800 0.030000 6.520998 0.030000 3.339480 0.150000 3.032441 0.030000 4.011007 0.030000 4.486788 0.150000 2.570390 0.150000 2.033282 0.150000
7.308676 0.030000 7.510329 0.030000 6.628461 0.030000 6.603612 0.030000 2.903897 0.030000 3.071310 0.030000 3.954601 0.030000 4.213818 0.150000 2.486604 0.030000 2.263260 0.030000
7.276815 0.030000 7.442871 0.030000 6.636609 0.030000 7.094224 0.150000 2.975848 0.030000 3.009159 0.030000 3.952333 0.030000 4.144172 0.030000 2.516551 0.030000 2.277046 0.030000
7.320319 0.030000 7.494128 0.030000 6.648869 0.030000 6.530021 0.030000 2.964612 0.150000 2.994432 0.030000 3.851685 0.030000 4.157820 0.030000 2.627747 0.030000 2.295866 0.030000
7.269169 0.030000 7.434216 0.030000 6.605152 0.030000 6.592276 0.030000 2.890185 0.030000 2.928131 0.030000 3.846938 0.030000 4.064512 0.030000 2.587403 0.030000 2.337471 0.030000
7.207082 0.030000 7.383217 0.030000 6.673911 0.030000 6.592651 0.030000 2.871526 0.030000 2.907019 0.030000 3.749134 0.150000 4.024678 0.030000 2.637256 0.030000 2.359773 0.030000
7.241996 0.030000 7.349259 0.030000 6.677146 0.030000 6.638904 0.030000 2.813309 0.030000 2.885774 0.030000 3.739776 0.030000 3.998670 0.030000 2.695189 0.030000 2.487544 0.030000
7.154625 0.030000 7.341102 0.030000 6.696706 0.030000 6.653326 0.030000 2.832285 0.030000 2.906069 0.030000 3.726127 0.030000 3.960322 0.030000 2.726897 0.030000 2.474941 0.030000
7.183468 0.030000 7.309378 0.030000 6.725202 0.030000 6.615739 0.030000 2.740634 0.030000 2.874054 0.030000 3.647637 0.030000 4.003181 0.150000 2.747293 0.030000 2.542258 0.030000
7.184675 0.150000 7.294931 0.030000 6.688094 0.030000 6.650428 0.030000 2.730595 0.030000 2.841789 0.030000 3.665308 0.030000 3.891410 0.030000 2.794950 0.030000 2.603979 0.030000
7.154613 0.030000 7.233598 0.030000 6.776012 0.030000 6.570911 0.150000 2.843030 0.030000 2.876722 0.030000 3.569164 0.030000 3.817623 0.030000 2.816746 0.030000 2.575458 0.030000
7.103780 0.030000 7.208036 0.030000 6.763363 0.030000 6.719901 0.030000 2.709607 0.030000 2.840795 0.030000 3.736972 0.150000 3.798549 0.030000 2.814531 0.030000 2.628686 0.030000
7.033275 0.030000 7.222975 0.030000 6.733161 0.030000 6.689175 0.030000 2.814476 0.030000 2.820314 0.030000 3.533891 0.030000 3.731152 0.030000 2.917757 0.030000 2.684961 0.030000
7.045875 0.030000 7.162873 0.030000 6.769192 0.030000 6.720145 0.030000 2.782747 0.030000 3.179255 0.150000 3.430757 0.030000 4.283497 0.150000 3.311284 0.150000 3.203477 0.150000
7.052014 0.030000 7.183741 0.030000 6.804893 0.030000 6.765215 0.030000 2.804797 0.030000 2.825247 0.030000 3.418283 0.030000 3.669580 0.030000 3.033413 0.030000 2.723186 0.030000
6.973745 0.030000 7.897360 0.150000 6.885427 0.030000 6.706268 0.030000 2.794767 0.030000 2.813878 0.030000 3.325173 0.030000 3.602978 0.030000 4.711765 0.150000 2.784980 0.030000
7.000662 0.030000 7.735119 0.150000 6.602054 0.150000 6.794089 0.150000 2.715735 0.030000 2.818156 0.030000 3.342090 0.030000 3.558212 0.030000 3.083010 0.030000 2.849562 0.030000
6.927560 0.030000 7.092440 0.030000 6.833796 0.030000 6.764192 0.030000 2.775119 0.030000 2.806350 0.030000 3.310304 0.030000 3.545538 0.030000 3.108495 0.030000 2.846630 0.030000
6.939164 0.030000 7.005089 0.030000 6.888148 0.030000 7.144408 0.150000 2.761011 0.030000 2.776409 0.030000 3.223178 0.030000 3.522937 0.030000 3.223370 0.030000 2.957976 0.030000
6.960373 0.030000 7.019281 0.030000 7.297011 0.150000 6.764152 0.030000 2.714260 0.030000 2.733195 0.030000 4.995897 0.150000 3.453687 0.030000 3.254662 0.150000 2.986401 0.030000
6.897311 0.030000 7.001071 0.030000 6.920705 0.030000 6.775119 0.030000 2.778022 0.030000 2.755184 0.030000 3.183577 0.030000 3.411868 0.030000 3.253506 0.030000 2.980349 0.030000
6.876400 0.030000 7.034311 0.030000 6.923503 0.030000 6.882878 0.030000 2.708905 0.030000 2.799110 0.030000 3.177369 0.030000 3.355199 0.030000 3.265173 0.030000 3.053698 0.030000
7.117488 0.150000 6.968965 0.030000 7.363965 0.150000 6.857274 0.030000 2.770786 0.030000 2.788489 0.030000 3.107270 0.030000 3.549358 0.150000 3.329025 0.030000 3.123812 0.030000
6.816983 0.030000 8.009326 0.150000 6.902315 0.030000 6.851362 0.030000 2.753925 0.030000 2.705633 0.030000 2.981933 0.030000 3.307016 0.030000 3.420660 0.030000 3.104389 0.030000
6.823859 0.030000 6.962923 0.030000 7.361602 0.150000 6.921388 0.030000 2.780663 0.030000 2.766168 0.030000 2.974725 0.030000 3.257588 0.030000 3.464398 0.030000 3.228247 0.030000
6.779138 0.030000 6.911001 0.030000 7.707085 0.150000 6.882859 0.030000 2.711157 0.030000 2.722803 0.030000 2.976186 0.030000 3.320002 0.150000 3.472614 0.030000 3.233025 0.030000
6.722213 0.030000 6.858821 0.030000 7.019305 0.030000 6.921465 0.030000 2.730578 0.030000 2.776114 0.030000 2.972148 0.030000 3.151924 0.030000 3.518836 0.030000 3.426156 0.150000
6.779325 0.030000 6.849507 0.030000 7.040557 0.030000 6.962953 0.030000 2.729164 0.030000 2.980560 0.150000 2.873906 0.030000 3.123710 0.030000 3.549545 0.030000 3.420060 0.030000
6.730997 0.030000 6.761309 0.030000 7.041093 0.030000 6.966956 0.030000 2.770625 0.030000 2.782503 0.030000 3.139807 0.150000 3.057277 0.030000 3.618437 0.030000 3.411572 0.030000
6.665126 0.030000 6.823605 0.030000 7.087488 0.030000 6.961607 0.030000 2.821543 0.150000 2.727915 0.030000 2.780371 0.030000 2.995839 0.030000 3.619462 0.030000 3.397625 0.030000
6.672944 0.030000 6.823639 0.030000 7.099259 0.030000 6.976420 0.030000 2.747955 0.030000 2.738803 0.030000 3.067995 0.150000 3.019949 0.030000 3.699619 0.030000 4.005978 0.150000
6.647115 0.030000 6.753935 0.030000 7.117048 0.030000 6.991591 0.030000 2.796558 0.030000 2.791878 0.030000 3.049419 0.150000 2.914553 0.030000 3.688252 0.030000 3.531672 0.030000
6.652505 0.030000 6.755240 0.030000 7.088666 0.030000 6.997683 0.030000 2.737842 0.030000 2.741829 0.030000 2.573741 0.030000 2.889097 0.030000 3.796610 0.030000 3.548277 0.030000
6.587886 0.150000 6.758522 0.030000 7.172783 0.030000 7.045405 0.030000 2.788378 0.030000 2.720915 0.030000 2.677102 0.030000 2.869113 0.030000 3.817050 0.030000 3.597343 0.030000
6.631200 0.030000 6.685757 0.030000 7.161533 0.030000 7.048271 0.030000 2.797672 0.030000 2.768999 0.030000 2.656287 0.030000 2.788953 0.030000 3.865553 0.030000 3.621392 0.030000
6.624199 0.030000 6.709479 0.030000 7.176666 0.030000 7.087701 0.030000 2.762356 0.030000 2.770354 0.030000 2.583407 0.030000 2.779592 0.030000 3.898490 0.030000 3.659952 0.030000
6.568396 0.030000 6.681682 0.030000 7.186305 0.030000 7.108807 0.030000 2.826301 0.030000 2.770635 0.030000 2.532649 0.030000 2.754134 0.030000 3.984199 0.030000 3.758270 0.030000
6.527211 0.030000 6.644758 0.030000 7.282664 0.030000 7.156171 0.030000 2.766523 0.030000 3.602406 0.150000 2.512569 0.030000 3.068304 0.150000 4.049334 0.030000 3.742693 0.030000
6.547008 0.030000 6.631671 0.030000 7.248775 0.030000 7.171865 0.030000 4.536133 0.150000 3.201261 0.150000 2.494570 0.030000 2.646331 0.030000 4.073401 0.030000 3.778271 0.030000
6.525861 0.030000 7.129453 0.150000 7.287176 0.030000 7.458816 0.150000 2.851856 0.030000 2.805289 0.030000 2.344583 0.030000 2.645223 0.030000 4.103639 0.030000 3.874303 0.030000
6.509336 0.030000 6.586279 0.030000 7.245672 0.030000 7.206728 0.030000 2.914973 0.030000 2.812333 0.030000 2.355010 0.030000 2.546846 0.030000 4.158758 0.030000 3.902333 0.030000
6.488576 0.030000 6.573882 0.030000 7.287757 0.150000 7.183378 0.030000 2.908299 0.030000 2.827559 0.030000 2.305352 0.030000 2.524240 0.030000 4.179082 0.030000 3.928922 0.030000
6.507638 0.030000 6.576356 0.030000 7.329728 0.030000 7.211626 0.030000 3.289129 0.150000 3.046994 0.150000 2.286162 0.030000 2.511318 0.030000 4.429425 0.150000 3.846147 0.150000
6.460237 0.030000 6.545573 0.030000 7.372839 0.030000 7.213630 0.030000 2.867654 0.030000 2.799136 0.030000 2.280756 0.030000 2.976491 0.150000 4.231508 0.030000 4.040194 0.030000
6.464268 0.030000 6.552156 0.030000 7.399653 0.030000 7.244002 0.030000 2.956655 0.030000 2.829257 0.030000 2.229192 0.030000 2.448519 0.030000 4.282325 0.030000 4.079102 0.030000
6.878875 0.150000 6.467013 0.030000 7.404917 0.030000 7.258563 0.030000 2.981800 0.030000 3.040956 0.150000 2.109484 0.030000 2.433624 0.030000 4.404715 0.030000 4.098831 0.030000
6.424044 0.030000 6.519958 0.030000 7.427299 0.030000 7.261293 0.030000 3.164155 0.150000 2.834881 0.030000 2.035451 0.150000 2.321543 0.030000 4.456986 0.030000 4.138794 0.030000
6.433977 0.030000 6.490008 0.030000 7.672115 0.150000 7.286214 0.030000 2.998608 0.030000 2.921035 0.030000 2.086618 0.030000 2.345630 0.030000 4.507303 0.030000 4.238560 0.150000
6.638308 0.150000 6.429037 0.030000 7.506652 0.030000 7.404274 0.030000 2.997974 0.030000 2.889312 0.030000 2.091959 0.030000 2.296713 0.030000 4.446822 0.030000 4.221902 0.030000
6.359636 0.030000 6.461601 0.030000 7.462758 0.030000 7.390494 0.030000 3.042831 0.030000 2.908926 0.030000 2.005078 0.030000 2.247560 0.030000 4.530871 0.030000 4.269540 0.030000
6.345225 0.030000 6.451287 0.030000 7.537404 0.030000 7.367543 0.030000 2.988673 0.030000 2.881664 0.030000 1.982262 0.030000 2.204433 0.030000 4.544525 0.030000 4.339514 0.030000
6.280438 0.030000 6.404901 0.030000 7.602701 0.030000 7.408228 0.030000 3.028142 0.030000 2.989430 0.030000 1.962162 0.030000 2.181818 0.030000 4.623043 0.030000 4.472556 0.150000
6.412136 0.030000 6.397666 0.030000 7.574566 0.030000 7.438013 0.030000 3.084327 0.030000 2.952319 0.030000 1.920103 0.030000 2.106885 0.030000 4.655575 0.030000 4.420465 0.030000
6.353289 0.030000 6.420788 0.030000 7.680567 0.030000 7.453900 0.030000 3.079350 0.030000 2.950442 0.030000 1.848351 0.030000 2.207564 0.150000 4.746938 0.030000 4.495149 0.030000
6.300317 0.030000 6.379726 0.030000 7.648901 0.030000 7.468331 0.030000 3.085150 0.030000 3.026299 0.030000 1.887597 0.030000 2.088956 0.030000 4.740715 0.030000 4.493368 0.030000
6.300175 0.030000 6.404955 0.030000 7.624927 0.030000 7.615120 0.030000 3.181459 0.030000 2.769162 0.150000 1.834418 0.030000 2.082005 0.030000 4.802214 0.030000 4.488367 0.030000
6.330423 0.030000 6.368016 0.030000 7.684603 0.030000 7.516077 0.030000 3.100603 0.150000 3.040681 0.030000 1.796576 0.030000 2.051622 0.030000 4.837892 0.030000 4.589662 0.030000
6.294454 0.030000 6.373023 0.030000 7.719605 0.030000 7.611110 0.030000 3.153890 0.030000 3.037214 0.030000 1.810598 0.030000 2.000027 0.030000 4.820611 0.030000 4.605929 0.030000
6.280920 0.030000 6.309143 0.030000 7.722175 0.030000 7.516091 0.030000 3.162871 0.030000 3.059938 0.030000 1.834547 0.030000 1.964592 0.030000 4.900975 0.030000 4.674061 0.030000
6.238316 0.030000 6.372787 0.030000 7.738290 0.030000 7.597456 0.030000 3.128550 0.030000 2.993895 0.030000 1.767751 0.030000 1.956639 0.030000 5.295840 0.150000 4.690562 0.030000
6.263521 0.030000 6.277531 0.030000 7.771633 0.030000 7.567047 0.030000 3.207121 0.030000 3.110909 0.030000 1.720762 0.030000 1.929144 0.030000 4.915253 0.030000 4.716411 0.030000
6.228318 0.030000 6.254803 0.030000 7.736506 0.030000 7.646514 0.030000 3.189083 0.030000 3.083141 0.030000 1.739141 0.030000 1.932917 0.030000 4.957303 0.030000 4.715234 0.030000
6.249953 0.030000 6.317850 0.030000 7.813519 0.030000 7.661825 0.030000 3.222271 0.030000 3.080430 0.030000 1.675099 0.030000 1.895367 0.030000 5.004720 0.030000 4.745591 0.030000
6.229946 0.030000 6.280553 0.030000 7.791667 0.030000 8.164042 0.150000 3.254059 0.030000 3.081007 0.030000 1.666977 0.030000 1.893504 0.030000 4.973312 0.030000 4.749147 0.030000
6.261830 0.030000 6.258357 0.030000 7.787055 0.030000 7.607551 0.030000 3.260934 0.030000 3.132784 0.030000 1.676258 0.030000 1.803706 0.030000 4.982938 0.030000 4.809839 0.030000
6.234000 0.030000 6.268973 0.030000 7.770171 0.030000 7.686710 0.030000 3.225354 0.030000 3.076246 0.030000 1.688825 0.030000 1.868523 0.030000 5.060958 0.030000 4.786794 0.030000
6.233064 0.030000 6.269637 0.030000 7.807503 0.030000 7.723520 0.030000 3.270843 0.030000 3.142163 0.030000 1.650091 0.030000 1.806418 0.030000 5.071984 0.030000 4.836804 0.030000
6.216948 0.030000 6.287998 0.030000 7.828995 0.150000 7.655549 0.030000 3.268870 0.030000 4.715814 0.150000 1.641013 0.030000 1.806051 0.030000 5.117161 0.030000 4.834923 0.030000
6.274983 0.030000 6.276920 0.030000 7.897325 0.030000 7.691098 0.030000 3.296786 0.030000 3.164310 0.030000 1.608377 0.030000 1.783818 0.030000 5.135443 0.030000 4.855717 0.030000
6.238217 0.030000 6.339315 0.030000 7.856007 0.030000 7.727707 0.030000 3.362510 0.030000 3.180046 0.030000 1.599568 0.030000 1.730600 0.030000 5.205566 0.030000 4.926315 0.030000
6.158695 0.030000 6.300991 0.030000 7.866967 0.030000 7.749670 0.030000 3.297809 0.030000 3.191037 0.030000 1.603691 0.030000 1.754092 0.030000 5.176729 0.030000 4.998719 0.150000
6.238698 0.030000 6.232094 0.030000 7.818490 0.030000 7.763460 0.030000 3.311394 0.030000 3.212606 0.030000 1.651540 0.150000 1.789257 0.030000 5.181034 0.030000 4.936606 0.030000
6.195498 0.030000 6.247725 0.030000 7.866980 0.030000 7.784467 0.030000 3.272975 0.030000 3.212942 0.030000 1.559629 0.030000 1.726351 0.030000 5.155122 0.030000 4.984221 0.030000
6.205858 0.030000 6.647748 0.150000 7.880999 0.030000 7.714880 0.030000 3.312602 0.030000 3.234481 0.030000 1.599673 0.030000 1.742348 0.030000 5.421948 0.150000 4.916994 0.030000
