1.117536 0.030000 0.950436 0.030000 5.361472 0.150000 5.418616 0.030000 6.714800 0.030000 6.624671 0.030000 8.378106 0.030000 8.520793 0.030000
1.097207 0.030000 1.006352 0.030000 5.177908 0.030000 5.416336 0.030000 6.693634 0.030000 6.639022 0.030000 8.413828 0.030000 8.542518 0.030000
1.178101 0.030000 0.954941 0.030000 5.222136 0.030000 5.383233 0.150000 6.702202 0.030000 6.615751 0.030000 8.289046 0.030000 8.508648 0.030000
1.144259 0.030000 0.949822 0.030000 5.177167 0.030000 5.430780 0.030000 6.612306 0.030000 6.635573 0.030000 8.386498 0.030000 8.470935 0.030000
1.102579 0.030000 0.914583 0.030000 5.120882 0.030000 5.453981 0.030000 6.674822 0.030000 6.636251 0.030000 8.363516 0.030000 8.504451 0.030000
1.170143 0.030000 0.980111 0.030000 5.147823 0.030000 5.363495 0.030000 6.716778 0.030000 6.631301 0.030000 8.400941 0.150000 8.559461 0.150000
1.129177 0.030000 1.007837 0.030000 5.137540 0.030000 5.337378 0.030000 6.681384 0.030000 7.179219 0.150000 8.366023 0.030000 8.736963 0.150000
1.159858 0.030000 0.937411 0.030000 5.175092 0.030000 5.360421 0.030000 6.683009 0.030000 6.680690 0.030000 8.354045 0.030000 8.516333 0.030000
1.657051 0.150000 1.014149 0.030000 5.098492 0.030000 5.476258 0.150000 6.704855 0.030000 6.641326 0.030000 8.280729 0.030000 8.436656 0.030000
1.216655 0.030000 1.014259 0.030000 5.070461 0.030000 5.368490 0.030000 6.692749 0.030000 6.679541 0.030000 8.322184 0.030000 8.448882 0.030000
1.232786 0.030000 1.003773 0.030000 5.120242 0.030000 5.341501 0.030000 6.690123 0.030000 6.560409 0.150000 8.322706 0.030000 8.436113 0.030000
1.216585 0.030000 1.890153 0.150000 5.054955 0.030000 5.280062 0.030000 6.664102 0.030000 6.621742 0.030000 8.242488 0.030000 8.453409 0.030000
1.284143 0.030000 1.129955 0.030000 5.072600 0.030000 5.301984 0.030000 6.743184 0.030000 6.654260 0.030000 8.701278 0.150000 8.365536 0.030000
1.304965 0.030000 1.117507 0.030000 4.997038 0.030000 5.195285 0.030000 6.665238 0.030000 6.670161 0.030000 8.261978 0.030000 8.434034 0.030000
1.294164 0.030000 1.103843 0.030000 5.009891 0.030000 5.236837 0.030000 6.703806 0.030000 6.684936 0.030000 8.198252 0.030000 8.408574 0.030000
1.352551 0.030000 1.164146 0.030000 4.959655 0.030000 5.155278 0.030000 6.702678 0.030000 6.677333 0.030000 8.251022 0.030000 8.376883 0.030000
1.358767 0.030000 1.201488 0.030000 4.889237 0.030000 5.170730 0.030000 6.690201 0.030000 6.658242 0.030000 8.235548 0.030000 8.362597 0.030000
1.374408 0.030000 1.197503 0.030000 4.887590 0.030000 5.106320 0.030000 7.016652 0.150000 6.672884 0.030000 8.155575 0.030000 8.305110 0.030000
1.393470 0.030000 1.084677 0.150000 4.854341 0.030000 5.134783 0.030000 6.613883 0.150000 6.704629 0.030000 8.168291 0.030000 8.327346 0.030000
1.459705 0.030000 1.225676 0.030000 4.865908 0.030000 5.127490 0.030000 6.757742 0.030000 6.675572 0.030000 8.134998 0.030000 8.248795 0.030000
1.719825 0.150000 1.229488 0.030000 4.809063 0.030000 5.002405 0.030000 6.743330 0.030000 6.752454 0.030000 8.685644 0.150000 8.270898 0.030000
1.476483 0.030000 1.262544 0.030000 4.740593 0.030000 5.040482 0.030000 6.789314 0.030000 6.745172 0.030000 8.128512 0.030000 8.231100 0.030000
1.527563 0.030000 1.282061 0.030000 4.694713 0.030000 4.959202 0.030000 6.760387 0.030000 6.984045 0.150000 8.108261 0.030000 8.267470 0.030000
1.567422 0.030000 1.382104 0.030000 4.643420 0.030000 4.962576 0.030000 6.756236 0.030000 6.728814 0.030000 8.029081 0.030000 8.190758 0.030000
1.553753 0.030000 1.362175 0.030000 4.904789 0.150000 4.877456 0.030000 6.766803 0.030000 6.779587 0.150000 8.063408 0.030000 8.196632 0.030000
1.598794 0.030000 1.377538 0.030000 4.632932 0.030000 4.926063 0.030000 6.762636 0.030000 7.323775 0.150000 8.020088 0.030000 8.197970 0.030000
1.634166 0.030000 1.402479 0.030000 4.630725 0.030000 4.805314 0.030000 6.775411 0.030000 6.717829 0.030000 7.985828 0.030000 8.159222 0.030000
1.659909 0.030000 1.416232 0.030000 4.563616 0.030000 4.830707 0.030000 7.308511 0.150000 6.745899 0.030000 7.986807 0.030000 8.175275 0.030000
1.714494 0.030000 1.487885 0.030000 4.558514 0.030000 4.851193 0.030000 6.787542 0.030000 6.732424 0.030000 7.939000 0.030000 8.177413 0.030000
1.737227 0.030000 1.420992 0.030000 4.527836 0.030000 4.794827 0.030000 6.897882 0.150000 6.799302 0.030000 8.051534 0.030000 8.137880 0.030000
1.725919 0.030000 1.505930 0.030000 4.544254 0.030000 5.016781 0.150000 6.842907 0.030000 6.767083 0.030000 7.933607 0.030000 8.113096 0.030000
1.658934 0.030000 1.552260 0.030000 4.466624 0.030000 4.688287 0.030000 6.797548 0.030000 6.757716 0.030000 7.883832 0.030000 8.094582 0.030000
2.149808 0.150000 1.555382 0.030000 4.408527 0.030000 4.680692 0.030000 6.783903 0.030000 6.819682 0.030000 7.974433 0.030000 8.023184 0.030000
1.888421 0.150000 1.577555 0.030000 4.417870 0.030000 4.635790 0.030000 6.812381 0.030000 6.782612 0.030000 7.856426 0.030000 8.048804 0.030000
1.849984 0.030000 1.554793 0.030000 4.386398 0.030000 4.684593 0.030000 6.839246 0.030000 6.814564 0.030000 7.908264 0.030000 8.059020 0.030000
1.871790 0.030000 1.631161 0.030000 4.369937 0.030000 4.595186 0.030000 6.792099 0.030000 6.783041 0.030000 7.868657 0.030000 8.027837 0.030000
1.897569 0.030000 1.680272 0.030000 4.273464 0.030000 4.592483 0.030000 6.832706 0.030000 6.720392 0.030000 8.102200 0.150000 7.946448 0.030000
1.916820 0.030000 1.635844 0.030000 4.289640 0.030000 4.510488 0.030000 6.817125 0.030000 6.632379 0.150000 7.853495 0.030000 7.963192 0.030000
2.001365 0.030000 1.689260 0.030000 5.481817 0.150000 4.497898 0.030000 6.843010 0.030000 6.777287 0.030000 7.794875 0.030000 7.990666 0.030000
2.035520 0.030000 1.739232 0.030000 4.206323 0.030000 4.430625 0.030000 6.889793 0.030000 6.819506 0.030000 7.786870 0.030000 7.874708 0.030000
2.002939 0.030000 1.810575 0.030000 4.168796 0.030000 4.473188 0.030000 6.827806 0.030000 6.803260 0.030000 7.796678 0.030000 7.988236 0.030000
2.110233 0.030000 1.799890 0.030000 4.223017 0.030000 4.412971 0.030000 6.856536 0.030000 6.790929 0.030000 7.831833 0.030000 7.911266 0.030000
2.481187 0.150000 1.839909 0.030000 4.150272 0.150000 4.359012 0.030000 6.861352 0.030000 6.839155 0.030000 7.767334 0.030000 7.933197 0.030000
2.082554 0.030000 1.857197 0.030000 4.082547 0.030000 4.353153 0.030000 6.877574 0.030000 6.834871 0.030000 7.739866 0.030000 7.817750 0.150000
2.133407 0.030000 1.880817 0.030000 4.111097 0.030000 4.304523 0.030000 6.899451 0.030000 6.851928 0.030000 7.714339 0.030000 7.823458 0.030000
3.195722 0.150000 1.900004 0.030000 4.018508 0.030000 4.312974 0.030000 6.923562 0.030000 6.833650 0.030000 7.718118 0.030000 7.895988 0.030000
2.150273 0.030000 1.969944 0.030000 4.054376 0.030000 4.277606 0.030000 6.889367 0.030000 6.839634 0.030000 7.701524 0.030000 7.835722 0.030000
2.685038 0.150000 1.972311 0.030000 3.982818 0.030000 4.280870 0.030000 6.951396 0.030000 6.853605 0.030000 7.653782 0.030000 7.803683 0.030000
2.229927 0.030000 2.009550 0.030000 3.963997 0.030000 4.200280 0.030000 6.950582 0.030000 6.916560 0.030000 7.677527 0.030000 7.810579 0.030000
2.068252 0.150000 2.089855 0.030000 3.917678 0.030000 4.260970 0.150000 6.944746 0.030000 6.845536 0.030000 8.048131 0.150000 7.837334 0.030000
2.317215 0.030000 2.046379 0.030000 3.846343 0.030000 4.158573 0.030000 7.425276 0.150000 6.899291 0.030000 7.689673 0.030000 7.770501 0.030000
2.310597 0.030000 2.114776 0.030000 3.901864 0.030000 4.143185 0.030000 6.974987 0.030000 6.917172 0.030000 7.600358 0.030000 7.720724 0.030000
2.290155 0.030000 2.118225 0.030000 3.848591 0.030000 4.104855 0.030000 6.978849 0.030000 7.003308 0.150000 7.594366 0.030000 7.713209 0.030000
2.374677 0.030000 2.172767 0.030000 3.786417 0.030000 4.082984 0.030000 8.026554 0.150000 6.880749 0.030000 7.591398 0.030000 8.026321 0.150000
2.363747 0.030000 2.145060 0.030000 3.769513 0.030000 4.003820 0.030000 7.000499 0.030000 7.230500 0.150000 7.614779 0.030000 7.841118 0.150000
2.425296 0.030000 2.216144 0.030000 3.762526 0.030000 3.994759 0.030000 7.046362 0.030000 6.900502 0.030000 7.579629 0.030000 7.650553 0.030000
2.432284 0.030000 2.162258 0.030000 3.717070 0.030000 4.004966 0.030000 7.017912 0.030000 6.973466 0.030000 7.524958 0.030000 7.633314 0.030000
2.506311 0.030000 2.297287 0.030000 3.615208 0.150000 4.048652 0.150000 7.029495 0.030000 6.932514 0.030000 7.538807 0.030000 7.677071 0.030000
3.194137 0.150000 2.272341 0.030000 3.644164 0.030000 3.922013 0.030000 7.111609 0.030000 6.917207 0.030000 7.507041 0.030000 7.967420 0.150000
2.522818 0.030000 2.300620 0.030000 3.650811 0.030000 3.880687 0.030000 7.033554 0.030000 7.014422 0.030000 7.506034 0.030000 7.644503 0.030000
2.550394 0.030000 2.342087 0.030000 3.623253 0.030000 3.859307 0.030000 6.924711 0.150000 6.939004 0.030000 8.173083 0.150000 7.546018 0.030000
2.658016 0.030000 2.382475 0.030000 3.562261 0.030000 3.868434 0.030000 7.130679 0.030000 6.957240 0.030000 7.480366 0.030000 7.583458 0.030000
2.591277 0.030000 2.406073 0.030000 3.577935 0.030000 4.177913 0.150000 7.092535 0.030000 7.017839 0.030000 7.471225 0.030000 7.553548 0.030000
2.622231 0.030000 2.416679 0.030000 3.502994 0.030000 3.781394 0.030000 7.129241 0.030000 6.985314 0.030000 7.385181 0.030000 7.596295 0.030000
2.638647 0.030000 2.530985 0.030000 3.488659 0.030000 3.768626 0.030000 7.109207 0.030000 7.060743 0.030000 7.444943 0.030000 7.538148 0.030000
2.695093 0.030000 2.436791 0.030000 3.434217 0.030000 3.761038 0.030000 7.124058 0.030000 7.003554 0.030000 7.372317 0.030000 7.544283 0.030000
2.786683 0.030000 2.488934 0.030000 3.419686 0.030000 3.728441 0.030000 7.125744 0.030000 7.070763 0.030000 7.409171 0.030000 7.508193 0.030000
2.830879 0.030000 2.530591 0.030000 3.447880 0.030000 3.627473 0.030000 7.093066 0.030000 7.098339 0.030000 7.375102 0.030000 7.484910 0.030000
2.831615 0.030000 2.552743 0.030000 3.403926 0.030000 3.593318 0.030000 7.103614 0.030000 7.043868 0.030000 7.394654 0.030000 7.510292 0.030000
2.822466 0.030000 2.559754 0.030000 3.423011 0.030000 3.587440 0.030000 7.190110 0.030000 7.078303 0.030000 7.313837 0.030000 7.431897 0.030000
2.828051 0.030000 2.610171 0.030000 3.330955 0.030000 3.531763 0.030000 7.259569 0.150000 7.066666 0.030000 7.359289 0.030000 7.505326 0.030000
2.913062 0.030000 2.555129 0.150000 3.232030 0.030000 3.488172 0.030000 7.170698 0.030000 7.085935 0.030000 7.309396 0.030000 7.461486 0.030000
2.929414 0.030000 2.658359 0.030000 3.280375 0.030000 3.502937 0.030000 7.218151 0.030000 7.122861 0.030000 7.277566 0.030000 7.398461 0.030000
2.958130 0.030000 2.726596 0.030000 3.252601 0.030000 3.425662 0.150000 7.177945 0.030000 7.113560 0.030000 7.353037 0.030000 7.423253 0.030000
3.011093 0.030000 2.773763 0.030000 3.236777 0.030000 3.397497 0.030000 7.156931 0.030000 7.144271 0.030000 7.277623 0.030000 7.379621 0.030000
3.001446 0.030000 4.549417 0.150000 3.189076 0.030000 3.402656 0.030000 7.185854 0.030000 7.131458 0.030000 7.252616 0.030000 7.440490 0.030000
3.098627 0.030000 2.853921 0.030000 3.207217 0.030000 3.352778 0.030000 7.462120 0.150000 7.492745 0.150000 7.268944 0.030000 7.394724 0.030000
3.063107 0.030000 2.810436 0.030000 3.077059 0.030000 3.395861 0.030000 7.267312 0.030000 7.195140 0.030000 7.254240 0.030000 7.421119 0.030000
3.083423 0.030000 2.846204 0.030000 3.060213 0.030000 3.352096 0.030000 7.268270 0.030000 7.214986 0.030000 7.235713 0.030000 7.333473 0.030000
3.153058 0.030000 3.136871 0.150000 3.083022 0.030000 3.258420 0.030000 7.279136 0.030000 7.168489 0.030000 7.251383 0.030000 7.369040 0.030000
4.157746 0.150000 2.955035 0.030000 3.039723 0.030000 3.266099 0.030000 8.171551 0.150000 7.189072 0.030000 7.278971 0.030000 7.302521 0.030000
3.145032 0.030000 2.976214 0.030000 3.004861 0.030000 3.252982 0.030000 7.264683 0.030000 7.255228 0.030000 7.246786 0.030000 7.314351 0.030000
3.257171 0.030000 3.000124 0.030000 2.938147 0.030000 3.202538 0.030000 7.293868 0.030000 7.262158 0.030000 7.137947 0.030000 7.231909 0.030000
3.288642 0.030000 2.989776 0.030000 2.710794 0.150000 3.154633 0.030000 7.352805 0.030000 7.198605 0.030000 7.187868 0.030000 7.311060 0.030000
3.342553 0.150000 3.006422 0.030000 2.928454 0.030000 3.165440 0.030000 7.297953 0.030000 7.278073 0.030000 7.164397 0.030000 7.241137 0.030000
3.268887 0.030000 3.044476 0.030000 2.804193 0.150000 3.143228 0.030000 7.358908 0.030000 7.240567 0.030000 7.177288 0.030000 7.266572 0.030000
3.786823 0.150000 3.056628 0.030000 2.855894 0.030000 3.074740 0.030000 7.220840 0.150000 7.291149 0.030000 7.114485 0.030000 7.345656 0.150000
3.334896 0.030000 3.070855 0.030000 2.856208 0.030000 3.029333 0.030000 7.361312 0.030000 7.345510 0.150000 7.121253 0.030000 7.198799 0.030000
3.411481 0.030000 3.163255 0.030000 2.734416 0.030000 3.028505 0.030000 8.393608 0.150000 7.280800 0.030000 7.153559 0.030000 7.214595 0.030000
3.414451 0.030000 3.156107 0.030000 2.751753 0.030000 2.982597 0.030000 8.815495 0.150000 7.247409 0.030000 7.142015 0.030000 7.203836 0.030000
3.389650 0.030000 3.215036 0.030000 2.702027 0.030000 2.971430 0.030000 7.419648 0.030000 7.321655 0.030000 7.052167 0.030000 7.223711 0.030000
3.477133 0.030000 3.179884 0.030000 2.672731 0.030000 2.973519 0.030000 7.387749 0.030000 7.362839 0.030000 7.062177 0.030000 7.165196 0.030000
3.486091 0.030000 3.272132 0.030000 2.747773 0.030000 2.886130 0.030000 7.465142 0.030000 7.312051 0.030000 7.061051 0.030000 7.176618 0.030000
3.540367 0.030000 3.351850 0.030000 2.786431 0.150000 2.926232 0.030000 7.472835 0.030000 7.354078 0.030000 7.052589 0.030000 7.552496 0.150000
3.614683 0.030000 3.340659 0.030000 2.590908 0.030000 2.800159 0.030000 7.456796 0.030000 7.399610 0.030000 7.049774 0.030000 7.131007 0.030000
3.827720 0.150000 3.341781 0.030000 2.602377 0.030000 2.854298 0.030000 7.493147 0.150000 7.412321 0.030000 7.053765 0.030000 7.135075 0.030000
3.633759 0.030000 3.396756 0.030000 2.548328 0.030000 2.817727 0.030000 7.463678 0.030000 7.427277 0.030000 7.049570 0.030000 7.163770 0.030000
3.697568 0.030000 3.405577 0.030000 2.540930 0.030000 2.774021 0.030000 7.508664 0.030000 7.477301 0.150000 7.050822 0.030000 7.087768 0.030000
3.682620 0.030000 3.661319 0.150000 2.522182 0.030000 2.692899 0.030000 7.780341 0.150000 7.408861 0.030000 7.066000 0.030000 7.082607 0.030000
3.722941 0.030000 3.495198 0.030000 2.470980 0.030000 2.751174 0.030000 7.546137 0.030000 7.456803 0.030000 7.047004 0.030000 7.436837 0.150000
3.756917 0.030000 3.487596 0.030000 2.486198 0.030000 2.690015 0.030000 7.536606 0.030000 7.592428 0.150000 7.015160 0.030000 7.059906 0.030000
3.739633 0.030000 3.524833 0.030000 2.404138 0.030000 2.635587 0.030000 7.619839 0.030000 7.447080 0.150000 6.961897 0.030000 7.064019 0.030000
3.800253 0.030000 3.572565 0.030000 2.366107 0.030000 2.611958 0.030000 7.658497 0.030000 7.471947 0.030000 6.983241 0.030000 7.051154 0.030000
3.857455 0.030000 3.577999 0.030000 2.343576 0.030000 2.867012 0.150000 7.619821 0.030000 7.226678 0.150000 7.615908 0.150000 7.070475 0.030000
3.884614 0.030000 3.590011 0.030000 2.514760 0.150000 2.747219 0.150000 7.679369 0.030000 7.554529 0.030000 6.916820 0.030000 7.034653 0.030000
3.885415 0.030000 3.636305 0.030000 2.319610 0.030000 2.560655 0.030000 7.668647 0.030000 7.570493 0.030000 6.935556 0.030000 7.003547 0.030000
3.867634 0.030000 3.673000 0.030000 2.508675 0.150000 2.559551 0.030000 7.723831 0.030000 7.573272 0.030000 6.877715 0.030000 7.046852 0.030000
3.941216 0.030000 3.666035 0.030000 2.229740 0.030000 2.457963 0.030000 7.651134 0.030000 7.594815 0.030000 6.919270 0.030000 7.024564 0.030000
3.989673 0.030000 3.681250 0.030000 2.216921 0.030000 2.428143 0.030000 7.684608 0.030000 7.572738 0.030000 6.934239 0.030000 6.956624 0.030000
3.985396 0.030000 3.751065 0.030000 2.155772 0.030000 2.416281 0.030000 8.009451 0.150000 7.575150 0.030000 6.896893 0.030000 6.978735 0.030000
4.047345 0.030000 4.199461 0.150000 2.165826 0.030000 2.371022 0.030000 7.682559 0.030000 7.611698 0.030000 6.923910 0.030000 6.989273 0.030000
4.063130 0.030000 3.842992 0.030000 2.090124 0.030000 2.374366 0.030000 7.743147 0.030000 7.542440 0.030000 6.892059 0.030000 6.994126 0.030000
4.141025 0.030000 3.844388 0.030000 2.101269 0.030000 2.349173 0.030000 7.757517 0.030000 7.613984 0.030000 6.859113 0.030000 6.935864 0.030000
4.147766 0.030000 3.924069 0.030000 2.058149 0.030000 3.256778 0.150000 7.934433 0.150000 7.621727 0.030000 6.811778 0.030000 6.948819 0.030000
4.129064 0.030000 3.849810 0.030000 1.984620 0.030000 2.353342 0.030000 7.823598 0.030000 7.695692 0.030000 6.867601 0.030000 6.883704 0.030000
4.121811 0.030000 3.874279 0.030000 2.055820 0.030000 2.224860 0.030000 7.779463 0.030000 7.625371 0.030000 6.830404 0.030000 6.936913 0.030000
4.170295 0.030000 3.932091 0.030000 1.974377 0.030000 2.204199 0.030000 7.780081 0.030000 7.693362 0.030000 6.837478 0.030000 6.907873 0.030000
4.247854 0.030000 3.996979 0.030000 1.960087 0.030000 2.157120 0.030000 7.781538 0.030000 7.707360 0.030000 6.835825 0.030000 6.902465 0.030000
4.241962 0.030000 4.017815 0.030000 1.916859 0.030000 2.165039 0.030000 7.796059 0.030000 7.941583 0.150000 6.839109 0.030000 6.898122 0.030000
4.307754 0.030000 4.059206 0.030000 1.914363 0.030000 2.584320 0.150000 7.879224 0.030000 7.723272 0.030000 6.780485 0.030000 6.935695 0.030000
4.318828 0.030000 4.057348 0.030000 1.933309 0.030000 2.133971 0.030000 7.912403 0.030000 7.715424 0.030000 7.090089 0.150000 6.895002 0.030000
4.369100 0.030000 4.160123 0.030000 1.836761 0.030000 2.142198 0.030000 7.875472 0.030000 7.776732 0.030000 6.798086 0.030000 6.856472 0.030000
4.331490 0.030000 4.122171 0.030000 1.799302 0.030000 2.093218 0.030000 7.903201 0.030000 7.770968 0.030000 6.720822 0.150000 6.848478 0.030000
4.387336 0.030000 4.167775 0.030000 1.801545 0.030000 1.989739 0.030000 7.924765 0.030000 7.812438 0.030000 6.814289 0.030000 6.822555 0.030000
4.441995 0.030000 4.208899 0.030000 1.739028 0.030000 2.356719 0.150000 7.973801 0.030000 7.768154 0.030000 6.772196 0.150000 6.867406 0.030000
4.448496 0.030000 4.226623 0.030000 1.744125 0.030000 1.948097 0.030000 7.984309 0.030000 7.841180 0.030000 6.631590 0.150000 6.764869 0.030000
4.481151 0.030000 4.259115 0.030000 1.752202 0.030000 1.935473 0.030000 7.955475 0.030000 7.849268 0.030000 7.598288 0.150000 6.811479 0.030000
4.512067 0.030000 4.296837 0.030000 1.655024 0.030000 1.901541 0.030000 8.000999 0.030000 7.825486 0.030000 6.775566 0.030000 6.794677 0.030000
4.536634 0.030000 4.288718 0.030000 1.651568 0.030000 1.908973 0.030000 7.982242 0.030000 7.880136 0.030000 6.770854 0.030000 6.794971 0.030000
4.598559 0.030000 4.315738 0.030000 1.674921 0.030000 1.903553 0.030000 8.031307 0.030000 7.884196 0.030000 6.730600 0.030000 6.843848 0.030000
4.620173 0.030000 4.401426 0.030000 1.623675 0.030000 1.817743 0.030000 8.054332 0.030000 7.821128 0.030000 6.706642 0.030000 6.795178 0.030000
4.608802 0.030000 4.384387 0.030000 1.610471 0.030000 1.834467 0.030000 8.028134 0.030000 7.908579 0.030000 6.709608 0.030000 6.822716 0.030000
4.639019 0.030000 4.375095 0.030000 1.546882 0.030000 2.091689 0.150000 8.036241 0.030000 7.926752 0.030000 6.757810 0.030000 6.766484 0.030000
4.715158 0.030000 4.484695 0.030000 1.505651 0.030000 1.772430 0.030000 8.095435 0.030000 7.907670 0.030000 6.717880 0.030000 7.479562 0.150000
4.695132 0.030000 4.453954 0.030000 1.502091 0.030000 1.805295 0.150000 8.069654 0.030000 7.923214 0.030000 6.731132 0.030000 6.805115 0.030000
4.686824 0.030000 4.471250 0.030000 1.495006 0.030000 1.742050 0.030000 8.173556 0.030000 8.009051 0.030000 6.692791 0.030000 6.777183 0.030000
4.782727 0.030000 4.475882 0.030000 1.489490 0.030000 1.733325 0.030000 8.073771 0.030000 8.022716 0.030000 6.697389 0.030000 6.775928 0.030000
4.735457 0.030000 4.501705 0.030000 1.447169 0.030000 1.719653 0.030000 8.100283 0.030000 7.979981 0.030000 6.722374 0.030000 6.757429 0.030000
4.799838 0.030000 4.544898 0.030000 1.450027 0.030000 1.691867 0.030000 8.099656 0.030000 7.997671 0.030000 6.708540 0.030000 6.810782 0.030000
4.827714 0.030000 4.540979 0.030000 1.484586 0.030000 1.748666 0.030000 8.117977 0.030000 7.978776 0.030000 6.641753 0.030000 6.731836 0.030000
4.849998 0.030000 4.612448 0.030000 1.403692 0.030000 1.627455 0.030000 8.130702 0.030000 8.483939 0.150000 6.651182 0.030000 6.690277 0.030000
4.860044 0.030000 4.595421 0.030000 1.424109 0.030000 1.656002 0.030000 8.217982 0.030000 8.059110 0.030000 7.318133 0.150000 6.773237 0.030000
4.901525 0.030000 4.665466 0.030000 1.423229 0.030000 1.707348 0.150000 8.179121 0.030000 7.991087 0.030000 6.743358 0.030000 6.775940 0.030000
4.939415 0.030000 4.613275 0.030000 1.821484 0.150000 1.612287 0.030000 8.230006 0.030000 8.048451 0.030000 6.720216 0.030000 6.730905 0.030000
4.861709 0.030000 4.658940 0.030000 1.347143 0.030000 1.541120 0.030000 8.224873 0.030000 8.233143 0.150000 6.661049 0.030000 6.750875 0.030000
4.939455 0.030000 4.681451 0.030000 1.380110 0.030000 1.554194 0.030000 8.173750 0.030000 8.086898 0.030000 6.688925 0.030000 6.720801 0.030000
4.945168 0.030000 4.691571 0.030000 1.313908 0.030000 1.486398 0.150000 8.213519 0.030000 8.056021 0.030000 6.684891 0.030000 6.681418 0.030000
4.973717 0.030000 4.683561 0.030000 1.310103 0.030000 1.522901 0.030000 8.234787 0.030000 8.103393 0.030000 6.707365 0.030000 6.763838 0.030000
4.979533 0.030000 4.740252 0.030000 1.287412 0.030000 1.492671 0.030000 8.220070 0.030000 8.073341 0.030000 6.629869 0.030000 6.685323 0.030000
4.923242 0.030000 4.755456 0.030000 1.347045 0.030000 1.557301 0.030000 8.171293 0.030000 8.123029 0.030000 6.681545 0.030000 6.738924 0.030000
4.956553 0.030000 5.021540 0.150000 1.331810 0.030000 1.508103 0.030000 8.922561 0.150000 8.136597 0.030000 6.691316 0.030000 6.746750 0.030000
5.012023 0.150000 4.731622 0.030000 1.506598 0.150000 1.449281 0.030000 8.229939 0.030000 8.154758 0.030000 6.644997 0.030000 6.675228 0.030000
5.015533 0.030000 4.709972 0.030000 1.347113 0.030000 1.532974 0.030000 8.238278 0.030000 8.128335 0.030000 6.755020 0.150000 6.747502 0.030000
5.489480 0.150000 4.773914 0.030000 1.294074 0.030000 1.473316 0.030000 8.228519 0.030000 8.121365 0.030000 6.631920 0.030000 6.721934 0.030000
5.065606 0.030000 4.798175 0.030000 1.260519 0.030000 1.488752 0.030000 8.267399 0.030000 8.101781 0.030000 6.669589 0.030000 6.745007 0.030000
5.068788 0.030000 4.835781 0.030000 1.209013 0.030000 1.426596 0.030000 8.274120 0.030000 8.150031 0.030000 6.857322 0.150000 6.689199 0.030000
5.089601 0.030000 4.840020 0.030000 1.221034 0.030000 1.388570 0.030000 8.329026 0.030000 8.899993 0.150000 6.624624 0.030000 6.741811 0.030000
5.108257 0.030000 4.789199 0.030000 1.200194 0.030000 1.438388 0.030000 8.657030 0.150000 8.180207 0.150000 6.610785 0.030000 6.657657 0.030000
5.080391 0.030000 4.840784 0.030000 1.204938 0.030000 1.667306 0.150000 8.363113 0.030000 8.145455 0.030000 6.669458 0.030000 7.429389 0.150000
5.101074 0.030000 4.921905 0.030000 1.188089 0.030000 1.360703 0.030000 8.324725 0.030000 8.565851 0.150000 6.616348 0.030000 6.690097 0.030000
5.122417 0.030000 4.879711 0.030000 1.207728 0.030000 1.413701 0.030000 8.306531 0.030000 8.214679 0.030000 6.674813 0.030000 6.663158 0.030000
5.133906 0.030000 4.844109 0.030000 1.192858 0.030000 1.405706 0.030000 8.351537 0.030000 8.182014 0.030000 6.637466 0.030000 6.705438 0.030000
5.062899 0.030000 4.872871 0.030000 1.180864 0.030000 1.433933 0.030000 8.384418 0.030000 8.185992 0.030000 6.610791 0.030000 6.705603 0.030000
5.143428 0.150000 4.894583 0.030000 1.170725 0.030000 1.389007 0.030000 8.323035 0.030000 8.178494 0.030000 6.495830 0.150000 6.637287 0.150000
5.157348 0.030000 4.857346 0.030000 1.159032 0.030000 1.325311 0.030000 8.336534 0.030000 8.197256 0.030000 6.604629 0.030000 6.723473 0.030000
5.160859 0.030000 4.910591 0.030000 1.162629 0.030000 1.336527 0.030000 8.367399 0.030000 8.247596 0.030000 6.663017 0.030000 6.700785 0.030000
5.177519 0.030000 4.913153 0.030000 1.493345 0.150000 1.347035 0.030000 8.319534 0.030000 8.228054 0.030000 6.606894 0.030000 6.679368 0.030000
5.147367 0.030000 4.902725 0.030000 1.174974 0.030000 1.345566 0.030000 8.367410 0.030000 8.175068 0.030000 6.611486 0.030000 6.727990 0.030000
5.178717 0.030000 4.926418 0.030000 1.173496 0.030000 1.336001 0.030000 8.316021 0.030000 8.244417 0.030000 6.564377 0.030000 6.707676 0.030000
5.174292 0.030000 4.886314 0.030000 1.160555 0.030000 1.356066 0.030000 8.318053 0.030000 8.789712 0.150000 6.564348 0.030000 6.682518 0.030000
5.454641 0.150000 4.918557 0.030000 1.148820 0.030000 1.315936 0.030000 8.275074 0.030000 8.203149 0.030000 6.530229 0.030000 6.907537 0.150000
5.208480 0.030000 4.946294 0.030000 1.171051 0.030000 1.317712 0.030000 8.303380 0.030000 8.319449 0.150000 6.612150 0.030000 6.716533 0.030000
5.154288 0.030000 4.968789 0.030000 1.211536 0.030000 1.278654 0.030000 8.329680 0.030000 8.332485 0.030000 6.588761 0.030000 6.684635 0.030000
5.201193 0.030000 4.985083 0.030000 1.214122 0.030000 1.239724 0.030000 8.375524 0.030000 8.289904 0.030000 6.568216 0.030000 6.698757 0.030000
5.275875 0.030000 5.029780 0.030000 1.201675 0.030000 1.295882 0.030000 8.284803 0.030000 8.324995 0.030000 6.854290 0.150000 6.705760 0.030000
6.434723 0.150000 4.992489 0.030000 1.179238 0.030000 1.212424 0.030000 8.298596 0.030000 8.310259 0.030000 6.492647 0.030000 6.637347 0.030000
5.252257 0.030000 5.054032 0.030000 1.185778 0.030000 1.213529 0.030000 8.280064 0.030000 8.311334 0.030000 6.535835 0.030000 6.714973 0.030000
5.296608 0.030000 5.089930 0.030000 1.144473 0.030000 1.194317 0.030000 8.236709 0.030000 8.338295 0.030000 6.499375 0.030000 6.646206 0.030000
5.241748 0.030000 5.113789 0.030000 1.191679 0.030000 1.213761 0.030000 8.845422 0.150000 8.295265 0.030000 6.390942 0.030000 6.683234 0.030000
5.281669 0.030000 5.114323 0.030000 1.224605 0.030000 1.154645 0.030000 8.282312 0.030000 8.384952 0.030000 6.377760 0.030000 6.649471 0.030000
5.280541 0.030000 5.105620 0.030000 1.254992 0.030000 1.196751 0.030000 8.181140 0.030000 8.767666 0.150000 6.379791 0.030000 6.630540 0.030000
5.257997 0.030000 5.132957 0.030000 1.253973 0.030000 1.104373 0.150000 8.214125 0.030000 8.339537 0.030000 6.359721 0.030000 6.594101 0.030000
5.327068 0.030000 5.218599 0.030000 1.310356 0.030000 1.183223 0.030000 8.187244 0.030000 8.331592 0.030000 6.382855 0.030000 6.862223 0.150000
5.319845 0.030000 5.183002 0.030000 1.291821 0.030000 1.161825 0.030000 8.188960 0.030000 8.330778 0.030000 6.276271 0.030000 6.543805 0.030000
5.344137 0.030000 5.179056 0.030000 1.327609 0.030000 1.206787 0.030000 8.172840 0.030000 8.278159 0.030000 6.261574 0.030000 6.500228 0.030000
5.377793 0.030000 5.193977 0.030000 1.341627 0.030000 1.183997 0.030000 8.069440 0.030000 8.574477 0.150000 6.234873 0.030000 6.467178 0.030000
5.400282 0.030000 5.290696 0.030000 1.369605 0.030000 1.214574 0.030000 8.116992 0.030000 8.503598 0.150000 6.165484 0.030000 6.459249 0.030000
5.329564 0.030000 5.273425 0.030000 1.363904 0.030000 1.194751 0.030000 8.134607 0.030000 8.263109 0.030000 6.154496 0.030000 6.395356 0.030000
5.361279 0.030000 5.258047 0.030000 1.422026 0.030000 1.160606 0.030000 8.037215 0.030000 8.287940 0.030000 6.159900 0.030000 6.440850 0.030000
5.363314 0.030000 5.217190 0.030000 1.456638 0.150000 1.274670 0.030000 8.023857 0.030000 8.186974 0.030000 6.076734 0.030000 6.378044 0.030000
5.335749 0.030000 5.264438 0.030000 1.651806 0.150000 1.271356 0.030000 8.089642 0.030000 8.164384 0.030000 6.092947 0.030000 6.306459 0.030000
5.384483 0.030000 5.368432 0.030000 1.490360 0.030000 1.339865 0.030000 7.984274 0.030000 8.208298 0.030000 5.978414 0.030000 6.267205 0.030000
5.348190 0.030000 5.311726 0.030000 1.545746 0.030000 1.295302 0.030000 7.992842 0.030000 8.149624 0.030000 6.012938 0.030000 6.287043 0.030000
5.334520 0.030000 5.349094 0.030000 1.532091 0.030000 1.360219 0.030000 8.974312 0.150000 9.011911 0.150000 5.960349 0.030000 6.250244 0.030000
5.432044 0.030000 5.355264 0.030000 1.619257 0.030000 1.694602 0.150000 7.864388 0.030000 8.076457 0.030000 5.938091 0.030000 6.208567 0.030000
5.945678 0.150000 5.437206 0.030000 1.605109 0.030000 1.402220 0.030000 8.751470 0.150000 8.065509 0.030000 5.923276 0.030000 6.181602 0.030000
5.429626 0.150000 6.469853 0.150000 1.700221 0.030000 1.383326 0.030000 7.916300 0.030000 8.074925 0.030000 5.858395 0.030000 6.140628 0.030000
5.391350 0.030000 5.321156 0.030000 1.659578 0.030000 1.444389 0.030000 7.869508 0.030000 8.032101 0.030000 5.877652 0.030000 6.115632 0.030000
5.384331 0.030000 5.418275 0.030000 1.650667 0.030000 1.528999 0.030000 7.789395 0.030000 8.055130 0.150000 6.069558 0.150000 6.138873 0.030000
5.398706 0.030000 5.348665 0.030000 1.699716 0.030000 1.508286 0.030000 7.795612 0.030000 7.931051 0.030000 5.843868 0.030000 6.016052 0.030000
5.419096 0.030000 5.927704 0.150000 1.725027 0.030000 1.484365 0.030000 7.781835 0.030000 7.928496 0.030000 5.816224 0.030000 6.032162 0.030000
5.409647 0.030000 5.361921 0.030000 1.756223 0.030000 1.545483 0.030000 7.706135 0.030000 7.939017 0.030000 5.790518 0.030000 6.048245 0.030000
5.469833 0.030000 5.345216 0.030000 1.779820 0.030000 1.601532 0.030000 7.691713 0.030000 7.927321 0.030000 5.750639 0.030000 6.025233 0.030000
5.589096 0.150000 5.403752 0.030000 1.824370 0.030000 1.680459 0.030000 7.722128 0.030000 7.913854 0.030000 5.717942 0.030000 5.935004 0.030000
5.478852 0.030000 5.404444 0.030000 1.791062 0.030000 1.598807 0.030000 8.119774 0.150000 7.868286 0.030000 5.695835 0.030000 5.950768 0.030000
5.818713 0.150000 5.416567 0.030000 1.931382 0.030000 1.697876 0.030000 7.666684 0.030000 7.876240 0.030000 5.683920 0.030000 5.933915 0.030000
5.493078 0.030000 5.430003 0.030000 1.914382 0.030000 1.720489 0.030000 7.604920 0.030000 7.920375 0.150000 5.648228 0.030000 5.899824 0.030000
5.496371 0.030000 5.454673 0.030000 1.895835 0.030000 1.668696 0.030000 7.602401 0.030000 7.827017 0.030000 5.616775 0.030000 5.833175 0.030000
5.498806 0.030000 5.428506 0.030000 1.963046 0.030000 2.467439 0.150000 7.606204 0.030000 7.812637 0.030000 5.563188 0.030000 5.794515 0.030000
5.493888 0.030000 6.070097 0.150000 2.009660 0.030000 1.728013 0.030000 7.565603 0.030000 7.768252 0.030000 5.532070 0.030000 5.822428 0.030000
5.519652 0.030000 5.430528 0.030000 2.003882 0.030000 1.778771 0.030000 7.532990 0.030000 7.758969 0.030000 5.516525 0.030000 5.720752 0.030000
5.540854 0.030000 5.452317 0.030000 2.053124 0.030000 1.782710 0.030000 7.509017 0.030000 7.687644 0.030000 5.474877 0.030000 5.712123 0.030000
5.537522 0.030000 5.426591 0.030000 2.037864 0.030000 1.834582 0.030000 7.466649 0.030000 7.667939 0.030000 5.484554 0.030000 5.735013 0.030000
5.518221 0.030000 5.469146 0.030000 2.090279 0.030000 1.828085 0.030000 7.851854 0.150000 7.746383 0.030000 5.458211 0.030000 5.740297 0.030000
5.509763 0.030000 5.449408 0.030000 2.054947 0.030000 1.861621 0.030000 7.454096 0.030000 7.599846 0.030000 5.409728 0.030000 5.696096 0.030000
5.578377 0.030000 5.497943 0.030000 2.139244 0.030000 1.889433 0.030000 7.433892 0.030000 7.640691 0.030000 5.372095 0.030000 5.690694 0.030000
5.589569 0.030000 5.526678 0.030000 2.092239 0.030000 1.889595 0.030000 7.433395 0.030000 7.587427 0.030000 5.373003 0.030000 5.792536 0.150000
5.556087 0.030000 5.514493 0.030000 2.167939 0.030000 1.942205 0.030000 7.461391 0.030000 7.612350 0.030000 5.377334 0.030000 5.590173 0.030000
5.587186 0.030000 5.434809 0.030000 2.157381 0.030000 1.923345 0.030000 7.398199 0.030000 7.612528 0.030000 5.327964 0.030000 5.582446 0.030000
5.531260 0.030000 5.494897 0.030000 2.167503 0.030000 1.981684 0.030000 7.432547 0.030000 7.544812 0.030000 5.319467 0.030000 5.543468 0.030000
5.566643 0.030000 5.568140 0.150000 2.244375 0.030000 1.922148 0.030000 7.404746 0.030000 7.657287 0.030000 5.347093 0.030000 5.546151 0.030000
5.613905 0.030000 5.485369 0.030000 2.248270 0.030000 2.025605 0.030000 7.424299 0.030000 7.552362 0.030000 5.255810 0.030000 5.986520 0.150000
5.600646 0.030000 5.497178 0.030000 2.251351 0.030000 2.009824 0.030000 7.389216 0.030000 7.537943 0.030000 5.287194 0.030000 5.507036 0.030000
5.611796 0.030000 5.548903 0.030000 2.439186 0.150000 2.029063 0.030000 7.377211 0.030000 7.529993 0.030000 5.263514 0.030000 5.449806 0.030000
5.623482 0.150000 5.562883 0.030000 2.278073 0.030000 2.186306 0.150000 7.343832 0.030000 7.541694 0.030000 5.225637 0.030000 5.466558 0.030000
5.658086 0.030000 5.543813 0.030000 2.313262 0.030000 2.006252 0.030000 7.385900 0.030000 7.481738 0.030000 5.187586 0.030000 5.496037 0.030000
5.644032 0.030000 5.547941 0.030000 2.246291 0.030000 2.100840 0.030000 7.360408 0.030000 7.526112 0.030000 5.160837 0.030000 5.471914 0.030000
5.688824 0.030000 5.542288 0.030000 2.356192 0.030000 2.092876 0.030000 7.235014 0.150000 7.491447 0.030000 5.229834 0.030000 5.462564 0.030000
5.636315 0.030000 5.550407 0.030000 2.293025 0.030000 2.051468 0.030000 7.341975 0.150000 7.474579 0.030000 5.130369 0.030000 5.418933 0.030000
5.626574 0.030000 5.548180 0.030000 2.308430 0.030000 2.124762 0.030000 7.332619 0.030000 7.528569 0.150000 5.117995 0.030000 5.414659 0.030000
5.663193 0.030000 5.393285 0.150000 2.374451 0.030000 2.092659 0.030000 7.304082 0.030000 7.494921 0.030000 5.113761 0.030000 5.418156 0.030000
5.671180 0.030000 5.563610 0.030000 2.355155 0.030000 2.120113 0.030000 7.237648 0.030000 7.424677 0.030000 5.132709 0.030000 5.324787 0.030000
5.614232 0.030000 5.538308 0.030000 2.352363 0.030000 2.165279 0.030000 7.274367 0.030000 7.462160 0.030000 5.117413 0.030000 5.392047 0.030000
5.688152 0.030000 6.070039 0.150000 2.465571 0.030000 2.179138 0.030000 7.252466 0.030000 7.419524 0.030000 5.126369 0.030000 5.362838 0.030000
5.677384 0.030000 5.535921 0.030000 2.392970 0.030000 2.195798 0.030000 7.224254 0.030000 7.442327 0.030000 5.057183 0.030000 5.317981 0.030000
5.686517 0.030000 5.519899 0.030000 2.434024 0.030000 2.253866 0.030000 7.167350 0.030000 7.427542 0.030000 5.076138 0.030000 5.291768 0.030000
5.668736 0.030000 5.599613 0.030000 2.456154 0.030000 2.226765 0.030000 7.266156 0.030000 7.399343 0.030000 5.032681 0.030000 5.361108 0.030000
5.667646 0.030000 5.569449 0.030000 2.410512 0.030000 2.247990 0.030000 7.243216 0.030000 7.360465 0.030000 4.983500 0.030000 5.318796 0.030000
5.683856 0.030000 5.610978 0.030000 2.444623 0.030000 2.181620 0.030000 7.225466 0.030000 7.369420 0.030000 5.011215 0.030000 5.226841 0.030000
5.679178 0.030000 5.630905 0.030000 2.474313 0.030000 2.221041 0.030000 7.197421 0.030000 7.376700 0.030000 5.076536 0.030000 5.282551 0.030000
5.674874 0.030000 5.533627 0.030000 2.460954 0.030000 2.187028 0.030000 7.164117 0.030000 7.334661 0.030000 5.068672 0.030000 5.213360 0.030000
5.697642 0.030000 5.570125 0.030000 2.522700 0.030000 2.245200 0.030000 7.142621 0.030000 7.342735 0.030000 4.990115 0.030000 5.249930 0.030000
5.719447 0.030000 5.584589 0.030000 2.493725 0.030000 2.283639 0.030000 7.207791 0.030000 7.362597 0.030000 5.031143 0.030000 5.285669 0.030000
5.627911 0.030000 5.612401 0.030000 2.541636 0.150000 2.261938 0.030000 7.169480 0.030000 7.309856 0.030000 4.966285 0.030000 5.241172 0.030000
5.705230 0.030000 5.622672 0.030000 2.499098 0.030000 2.232005 0.030000 7.165080 0.030000 7.309598 0.030000 5.029483 0.030000 5.265990 0.030000
5.682882 0.030000 5.597240 0.030000 2.472811 0.030000 2.245529 0.030000 7.133655 0.030000 7.294652 0.030000 5.037441 0.030000 5.257019 0.030000
5.662116 0.030000 5.562705 0.030000 2.496935 0.030000 2.382842 0.150000 7.124099 0.030000 7.414229 0.030000 4.950366 0.030000 5.224605 0.030000
5.729601 0.030000 5.588024 0.030000 2.589087 0.030000 2.277652 0.030000 7.146170 0.030000 7.365020 0.030000 4.994141 0.030000 5.196552 0.030000
5.693271 0.030000 5.641625 0.030000 3.832276 0.150000 2.480474 0.150000 7.265673 0.150000 7.347303 0.030000 4.997572 0.030000 5.181436 0.030000
5.668157 0.030000 5.657644 0.030000 2.488166 0.030000 2.296322 0.030000 7.101768 0.030000 7.369347 0.030000 4.989598 0.030000 5.190659 0.030000
5.547283 0.150000 6.354328 0.150000 2.586266 0.030000 3.355762 0.150000 7.100851 0.030000 7.848640 0.150000 5.743817 0.150000 5.155219 0.030000
5.694993 0.030000 5.663272 0.030000 2.560221 0.030000 2.329617 0.030000 7.134053 0.030000 7.294319 0.030000 4.984437 0.030000 5.209146 0.030000
5.669328 0.150000 5.693339 0.030000 2.557321 0.030000 2.250166 0.030000 7.059577 0.030000 7.339777 0.150000 4.940623 0.030000 5.357164 0.150000
5.666638 0.030000 5.632831 0.030000 2.566193 0.030000 2.464838 0.150000 7.089440 0.030000 7.330643 0.030000 5.013687 0.030000 5.164937 0.030000
5.589220 0.030000 5.685221 0.030000 2.648436 0.030000 2.573343 0.150000 7.033796 0.030000 7.284506 0.030000 4.905785 0.030000 5.080575 0.030000
5.630616 0.030000 5.680680 0.030000 2.622828 0.030000 2.372087 0.030000 7.033938 0.030000 7.273838 0.030000 4.912283 0.030000 5.103758 0.030000
5.603779 0.030000 5.659166 0.030000 2.623068 0.030000 2.404426 0.030000 7.051647 0.030000 7.162446 0.030000 4.944523 0.030000 5.073171 0.030000
6.444718 0.150000 5.711092 0.030000 3.439678 0.150000 2.407931 0.030000 6.984682 0.030000 7.230694 0.030000 4.994305 0.030000 5.049021 0.030000
5.625051 0.030000 5.685204 0.030000 2.621119 0.030000 2.469182 0.030000 6.999384 0.030000 7.257397 0.030000 4.929327 0.030000 5.005496 0.030000
5.568026 0.030000 5.810424 0.150000 2.665781 0.030000 2.510081 0.030000 6.931444 0.030000 7.186733 0.030000 4.947339 0.030000 4.970746 0.030000
5.547251 0.030000 5.642939 0.030000 2.727013 0.030000 2.511106 0.030000 7.538676 0.150000 7.136534 0.030000 4.929870 0.030000 5.062431 0.030000
5.525877 0.030000 5.673476 0.030000 2.726538 0.030000 2.525598 0.030000 6.886900 0.030000 7.618849 0.150000 4.935016 0.030000 4.941647 0.030000
5.494825 0.030000 5.609139 0.030000 2.714872 0.030000 2.589100 0.030000 6.878151 0.030000 7.120705 0.030000 5.143075 0.150000 4.989688 0.030000
5.513430 0.030000 5.665164 0.030000 2.776225 0.030000 2.629676 0.030000 6.848839 0.030000 7.061279 0.150000 4.914652 0.030000 4.981197 0.030000
5.685293 0.150000 5.664668 0.030000 2.789911 0.030000 2.626244 0.030000 6.812524 0.030000 7.024939 0.030000 5.108148 0.150000 4.894957 0.030000
5.409705 0.030000 5.637688 0.030000 2.735530 0.030000 2.628020 0.030000 6.820379 0.030000 7.032834 0.030000 4.946126 0.030000 4.973570 0.030000
5.421390 0.030000 5.620825 0.030000 2.836557 0.030000 2.612443 0.030000 6.804918 0.030000 6.992796 0.030000 5.332838 0.150000 4.929326 0.030000
5.403729 0.030000 5.587080 0.030000 2.780892 0.030000 2.687392 0.030000 6.770057 0.030000 6.998176 0.030000 4.926490 0.030000 4.888356 0.030000
5.354200 0.030000 5.545319 0.030000 2.810825 0.030000 2.925314 0.150000 6.720034 0.030000 6.941746 0.030000 5.009534 0.030000 4.954869 0.030000
5.273146 0.030000 5.534144 0.030000 2.851078 0.030000 2.690285 0.030000 6.654760 0.030000 7.006170 0.150000 4.980043 0.030000 5.530753 0.150000
5.299846 0.030000 5.495996 0.030000 2.780638 0.030000 2.659614 0.030000 6.702610 0.030000 6.922404 0.030000 4.979531 0.030000 4.961003 0.030000
5.215310 0.030000 5.461720 0.030000 2.838928 0.030000 2.774528 0.030000 6.666393 0.030000 6.853813 0.030000 5.013782 0.150000 4.942009 0.030000
5.232516 0.030000 5.659632 0.150000 2.855653 0.030000 2.772379 0.030000 6.617678 0.030000 6.852888 0.030000 5.021904 0.030000 5.011770 0.030000
5.213234 0.030000 5.380510 0.150000 2.899825 0.030000 2.768242 0.030000 6.653540 0.030000 6.856295 0.030000 5.031255 0.030000 4.907825 0.030000
5.180287 0.030000 5.391090 0.030000 2.846026 0.030000 2.794406 0.030000 6.654780 0.030000 6.824856 0.030000 5.037242 0.030000 4.934305 0.030000
5.087706 0.030000 5.397677 0.030000 2.929365 0.030000 2.805184 0.030000 6.625241 0.030000 6.798269 0.030000 4.977264 0.030000 4.832660 0.150000
5.152887 0.030000 5.408985 0.030000 2.880580 0.030000 2.810222 0.030000 6.653691 0.030000 6.753610 0.030000 5.070984 0.150000 4.921372 0.030000
5.153749 0.030000 5.367813 0.030000 2.992950 0.030000 2.832671 0.030000 6.560037 0.030000 6.708346 0.030000 4.921722 0.150000 5.162609 0.150000
5.113972 0.030000 5.284376 0.030000 2.947099 0.030000 2.839019 0.030000 6.517634 0.030000 6.717379 0.030000 5.021349 0.030000 4.961439 0.030000
5.025628 0.030000 5.258270 0.030000 2.962319 0.030000 2.855194 0.030000 6.517958 0.030000 6.718134 0.030000 5.106437 0.030000 5.019425 0.030000
5.052084 0.030000 5.227766 0.030000 2.965511 0.030000 2.864948 0.030000 6.511384 0.030000 6.644746 0.030000 5.338906 0.150000 4.968528 0.030000
5.020885 0.030000 5.221155 0.030000 3.028862 0.030000 3.580606 0.150000 6.489277 0.030000 6.641019 0.030000 5.034277 0.030000 4.982909 0.030000
5.008451 0.030000 5.148269 0.030000 3.056070 0.030000 2.883065 0.030000 6.401699 0.030000 6.607685 0.030000 5.102475 0.030000 4.970271 0.030000
4.960053 0.030000 5.135720 0.030000 3.058540 0.030000 2.884437 0.150000 6.742449 0.150000 6.650382 0.030000 5.101128 0.030000 4.997819 0.030000
4.936200 0.030000 5.138949 0.030000 3.087770 0.030000 2.941804 0.030000 6.452341 0.030000 6.567761 0.030000 5.128092 0.030000 5.016313 0.030000
4.897307 0.030000 5.113913 0.030000 3.044655 0.030000 2.977147 0.030000 6.361341 0.030000 6.564443 0.030000 5.171450 0.030000 5.005836 0.030000
4.850124 0.030000 5.051737 0.030000 3.130006 0.030000 2.933263 0.030000 6.378625 0.030000 6.526524 0.030000 5.120904 0.030000 5.072609 0.030000
4.860672 0.030000 5.054953 0.030000 3.141992 0.030000 2.964430 0.030000 6.345212 0.030000 6.569892 0.030000 5.149173 0.030000 5.074911 0.030000
4.834993 0.030000 5.021030 0.030000 3.100470 0.030000 2.984508 0.030000 6.349774 0.030000 6.474950 0.030000 5.145165 0.030000 5.122260 0.030000
4.797459 0.030000 5.010835 0.030000 3.087773 0.030000 3.027000 0.030000 6.328629 0.030000 6.498571 0.030000 5.135857 0.030000 5.095000 0.030000
4.790545 0.030000 5.009147 0.030000 3.198308 0.030000 3.034368 0.030000 6.305955 0.030000 6.448227 0.030000 5.163269 0.030000 5.096630 0.030000
4.770070 0.030000 4.999111 0.030000 3.229858 0.030000 3.226394 0.150000 6.221694 0.030000 6.424794 0.030000 5.252449 0.030000 5.103128 0.030000
4.728059 0.030000 4.929661 0.030000 3.230356 0.030000 3.055937 0.030000 6.247478 0.030000 6.534215 0.150000 5.272221 0.030000 5.134984 0.030000
4.957351 0.150000 4.932537 0.030000 3.236431 0.030000 3.095608 0.150000 6.241662 0.030000 6.446424 0.030000 5.194098 0.030000 5.121423 0.030000
4.426147 0.150000 4.895609 0.030000 3.229388 0.030000 3.102881 0.030000 6.188915 0.030000 6.379362 0.030000 5.253625 0.030000 5.077031 0.030000
4.687226 0.030000 4.850763 0.030000 3.302561 0.030000 3.134610 0.030000 6.214703 0.030000 6.272473 0.030000 5.218666 0.030000 5.095842 0.030000
4.576411 0.030000 4.817839 0.030000 3.313560 0.030000 3.279950 0.150000 6.188478 0.030000 6.346244 0.030000 5.212774 0.030000 5.150151 0.030000
4.869124 0.150000 4.725394 0.030000 3.399529 0.030000 3.491028 0.150000 6.198239 0.030000 6.302144 0.030000 5.267579 0.030000 5.157668 0.030000
4.577903 0.030000 4.781968 0.030000 3.277829 0.030000 3.133541 0.030000 6.149132 0.030000 6.306108 0.030000 5.313884 0.030000 5.146269 0.030000
4.516828 0.030000 4.763010 0.030000 3.303624 0.030000 3.180649 0.030000 6.172814 0.030000 6.297259 0.030000 5.282349 0.030000 5.212184 0.030000
4.757368 0.150000 4.679367 0.030000 3.680856 0.150000 3.201958 0.030000 6.087648 0.030000 6.271520 0.030000 5.254546 0.030000 5.726859 0.150000
4.545914 0.030000 4.734615 0.030000 3.410899 0.030000 3.204613 0.030000 6.096386 0.030000 6.211050 0.030000 5.310491 0.030000 5.236399 0.030000
4.492442 0.030000 4.686886 0.030000 3.413141 0.030000 3.267615 0.030000 6.033359 0.030000 6.202775 0.030000 5.325505 0.030000 5.765717 0.150000
4.455320 0.030000 4.660444 0.030000 3.429075 0.030000 3.253684 0.030000 6.036543 0.030000 6.242145 0.030000 5.323913 0.030000 5.257060 0.030000
4.412781 0.030000 4.591149 0.030000 3.485760 0.030000 3.315843 0.030000 5.975947 0.030000 6.239502 0.030000 5.311779 0.030000 5.281080 0.030000
4.358620 0.030000 4.591867 0.030000 3.529083 0.030000 3.251982 0.030000 6.080995 0.030000 6.175055 0.030000 5.359947 0.030000 5.275055 0.030000
4.434286 0.030000 4.554562 0.030000 3.547835 0.030000 3.309758 0.030000 5.997975 0.030000 6.787036 0.150000 5.351750 0.030000 5.340111 0.030000
4.582680 0.150000 4.495625 0.030000 3.550772 0.030000 3.415842 0.030000 5.961227 0.030000 6.078242 0.030000 5.375864 0.030000 5.278963 0.030000
4.320567 0.030000 4.482910 0.030000 3.558648 0.030000 3.317983 0.030000 5.909567 0.030000 6.143637 0.030000 5.392435 0.030000 5.284893 0.030000
4.313121 0.030000 4.536612 0.030000 3.536258 0.030000 3.664031 0.150000 5.948425 0.030000 6.087728 0.030000 5.384968 0.030000 5.338520 0.030000
4.309981 0.030000 4.458782 0.030000 3.565246 0.030000 3.414844 0.030000 5.915364 0.030000 6.635079 0.150000 5.446763 0.030000 5.329974 0.030000
4.990742 0.150000 4.445385 0.030000 3.639242 0.150000 3.383403 0.150000 5.903270 0.030000 6.086894 0.030000 5.471771 0.030000 5.360516 0.150000
3.961131 0.150000 4.453951 0.030000 3.685486 0.030000 3.495342 0.030000 5.841912 0.030000 6.022665 0.030000 5.407447 0.030000 5.361638 0.030000
4.253230 0.030000 4.396848 0.030000 3.659664 0.030000 3.455239 0.030000 5.844878 0.030000 6.020471 0.030000 5.476606 0.030000 5.348162 0.030000
4.195324 0.030000 4.676019 0.150000 4.070440 0.150000 3.499683 0.030000 5.842911 0.030000 6.016951 0.030000 5.481757 0.030000 5.377932 0.030000
4.148143 0.030000 4.384504 0.030000 3.687932 0.030000 3.529639 0.030000 5.846641 0.030000 6.017162 0.030000 5.515784 0.030000 5.382020 0.030000
4.167984 0.030000 4.549370 0.150000 3.650212 0.030000 3.525462 0.030000 5.843787 0.030000 5.959371 0.030000 5.477587 0.030000 5.866188 0.150000
4.168087 0.030000 4.300863 0.030000 3.701315 0.030000 3.567146 0.030000 5.803998 0.030000 5.968427 0.030000 5.492985 0.030000 5.462442 0.030000
4.111100 0.030000 4.262680 0.030000 3.736749 0.030000 3.623633 0.150000 5.806252 0.030000 6.449841 0.150000 5.546071 0.030000 5.448465 0.030000
4.057267 0.030000 4.453072 0.150000 3.788574 0.030000 3.565771 0.030000 5.812162 0.030000 5.939330 0.030000 5.580828 0.030000 5.467127 0.030000
4.056487 0.030000 4.205734 0.030000 3.799831 0.030000 3.619895 0.030000 6.161434 0.150000 5.855996 0.030000 5.593815 0.030000 5.483478 0.030000
4.060424 0.030000 4.195350 0.030000 4.030715 0.150000 3.659560 0.030000 5.701674 0.030000 5.898894 0.030000 5.604278 0.030000 5.489375 0.030000
3.990616 0.030000 4.219130 0.030000 3.856746 0.030000 3.664944 0.030000 5.740254 0.030000 5.914332 0.030000 5.558403 0.030000 6.474910 0.150000
3.934216 0.030000 4.112879 0.030000 3.892218 0.030000 3.721335 0.030000 5.731595 0.030000 5.827653 0.030000 5.596506 0.030000 5.428910 0.030000
3.955427 0.030000 4.155268 0.030000 3.901525 0.030000 3.703772 0.030000 5.693489 0.030000 5.808933 0.030000 5.614911 0.030000 5.485907 0.030000
3.898842 0.030000 4.076494 0.030000 3.929050 0.030000 3.775512 0.030000 5.649486 0.030000 5.802423 0.030000 5.700150 0.030000 5.485577 0.030000
3.954973 0.030000 4.096640 0.030000 3.917040 0.030000 3.707467 0.030000 5.651111 0.030000 5.802774 0.030000 5.625930 0.030000 5.540296 0.030000
3.858239 0.030000 4.114606 0.030000 3.972154 0.030000 3.816235 0.030000 5.584361 0.030000 5.725291 0.030000 6.080821 0.150000 5.536675 0.030000
3.848420 0.030000 4.012250 0.030000 4.042882 0.030000 3.777081 0.030000 5.598469 0.030000 5.730199 0.030000 5.713102 0.030000 5.524209 0.030000
3.849719 0.030000 4.043607 0.030000 4.184971 0.150000 3.759488 0.030000 6.708016 0.150000 5.682138 0.030000 5.683983 0.030000 5.566009 0.030000
3.839894 0.030000 4.147753 0.150000 4.334118 0.150000 3.824191 0.030000 5.549384 0.030000 5.695427 0.030000 5.773967 0.030000 5.753570 0.150000
3.812016 0.030000 3.976626 0.030000 4.063186 0.030000 4.005490 0.150000 5.614201 0.030000 5.701008 0.030000 5.744033 0.030000 5.580577 0.030000
3.741603 0.030000 3.935853 0.030000 4.137319 0.030000 3.880846 0.030000 5.611715 0.030000 5.683510 0.030000 6.327270 0.150000 5.582944 0.030000
3.765389 0.030000 4.555116 0.150000 4.102515 0.030000 3.863206 0.030000 5.558611 0.030000 5.651186 0.030000 5.805685 0.030000 5.667150 0.030000
3.709314 0.030000 3.919309 0.030000 4.166332 0.030000 3.927533 0.030000 5.527757 0.030000 5.653117 0.030000 5.836882 0.030000 5.707004 0.030000
3.740643 0.030000 3.901575 0.030000 4.168734 0.030000 3.949682 0.030000 5.485002 0.030000 5.594206 0.030000 5.802528 0.030000 5.723019 0.030000
3.710905 0.030000 3.888282 0.030000 4.166521 0.030000 3.954268 0.030000 5.526911 0.030000 5.565140 0.030000 5.805516 0.030000 5.721490 0.030000
3.606719 0.030000 3.874707 0.030000 4.228954 0.150000 4.023654 0.030000 5.423551 0.030000 5.500845 0.150000 5.871493 0.030000 5.747519 0.030000
3.664423 0.030000 3.834675 0.030000 4.233562 0.030000 4.001737 0.030000 5.429276 0.030000 6.981257 0.150000 5.882948 0.030000 5.697489 0.030000
3.594550 0.030000 3.961535 0.150000 4.285783 0.030000 4.101038 0.030000 5.464923 0.030000 5.540178 0.030000 5.897271 0.030000 5.770886 0.030000
4.023311 0.150000 3.777177 0.030000 4.313600 0.030000 4.103619 0.030000 5.406680 0.030000 5.563410 0.030000 5.865765 0.030000 5.767170 0.030000
3.626841 0.030000 3.891718 0.150000 4.323639 0.030000 4.095648 0.030000 5.399136 0.030000 5.534250 0.030000 5.882094 0.030000 5.770819 0.030000
3.577108 0.030000 3.738399 0.150000 4.312323 0.030000 4.139950 0.030000 5.589980 0.150000 5.801703 0.150000 5.917481 0.030000 5.788528 0.030000
3.556191 0.030000 3.680464 0.030000 4.373452 0.030000 4.156952 0.030000 5.397739 0.030000 5.744745 0.150000 5.983346 0.030000 5.765680 0.030000
3.512671 0.030000 3.703611 0.030000 4.645804 0.150000 4.180441 0.030000 5.411415 0.030000 5.486939 0.030000 5.979732 0.030000 5.857057 0.030000
3.589796 0.030000 3.647334 0.030000 4.633280 0.150000 4.149180 0.030000 5.357462 0.030000 5.478771 0.030000 6.020651 0.030000 5.865422 0.030000
3.488049 0.030000 3.672387 0.030000 4.402848 0.030000 4.197010 0.030000 5.346598 0.030000 5.448233 0.030000 7.606995 0.150000 6.088224 0.150000
3.431140 0.030000 3.622872 0.030000 4.430410 0.030000 4.276079 0.030000 5.318206 0.030000 5.482192 0.030000 5.985793 0.030000 5.905423 0.030000
3.535442 0.150000 3.628186 0.030000 4.483969 0.030000 4.309556 0.030000 5.298721 0.030000 5.410210 0.030000 6.052081 0.030000 5.912448 0.030000
3.360973 0.030000 3.595324 0.030000 4.569851 0.030000 4.324171 0.030000 5.382567 0.030000 5.419557 0.030000 6.063106 0.030000 5.838149 0.030000
3.324394 0.030000 3.460993 0.150000 4.485344 0.030000 4.318094 0.030000 5.256651 0.030000 5.390803 0.030000 6.059752 0.030000 5.926583 0.030000
3.318504 0.030000 3.548633 0.030000 4.535818 0.030000 4.366054 0.030000 5.240740 0.030000 5.653503 0.150000 6.111979 0.030000 6.011392 0.030000
3.306194 0.030000 3.525789 0.030000 4.580299 0.030000 4.411545 0.030000 5.288437 0.030000 5.403345 0.030000 6.121803 0.030000 6.002284 0.030000
3.342751 0.150000 3.515407 0.030000 4.567848 0.030000 4.377257 0.030000 5.247478 0.030000 5.377985 0.030000 6.103306 0.030000 5.965506 0.030000
3.313090 0.030000 3.452969 0.030000 4.592535 0.030000 4.396904 0.030000 5.241856 0.030000 5.359787 0.030000 6.175652 0.030000 5.986158 0.030000
3.301298 0.030000 3.501444 0.030000 4.625629 0.030000 4.445421 0.030000 5.242932 0.030000 5.279443 0.030000 6.174088 0.030000 6.012965 0.030000
3.294746 0.030000 3.446178 0.030000 4.648973 0.030000 4.431698 0.030000 5.225067 0.030000 5.378499 0.030000 6.190273 0.030000 6.028121 0.030000
3.533740 0.150000 3.397212 0.030000 4.661556 0.030000 4.518195 0.030000 5.254201 0.030000 5.340457 0.030000 6.171083 0.030000 6.008817 0.030000
3.221783 0.030000 3.414135 0.030000 4.694489 0.030000 4.472717 0.030000 5.219370 0.030000 5.348881 0.030000 6.243409 0.030000 6.042552 0.030000
3.184560 0.030000 3.430309 0.030000 4.739388 0.030000 4.571665 0.030000 5.198360 0.030000 5.301401 0.030000 6.184066 0.030000 6.099991 0.030000
3.346838 0.150000 3.383616 0.030000 4.776076 0.030000 4.602264 0.030000 5.161735 0.030000 5.252161 0.030000 6.277566 0.030000 6.066254 0.030000
3.241828 0.030000 3.320319 0.030000 4.842522 0.030000 4.647219 0.030000 5.148041 0.030000 5.225875 0.030000 6.312760 0.030000 6.800005 0.150000
3.206530 0.030000 3.337755 0.030000 4.887969 0.030000 4.688754 0.030000 5.169448 0.030000 5.218687 0.030000 6.332216 0.030000 6.078980 0.030000
3.211806 0.030000 3.312844 0.030000 4.849668 0.030000 4.637514 0.030000 5.608585 0.150000 5.782665 0.150000 6.342303 0.030000 6.188008 0.150000
3.156820 0.030000 3.310931 0.030000 4.903140 0.030000 4.670022 0.030000 5.104440 0.030000 5.226604 0.030000 6.327699 0.030000 6.203972 0.030000
3.119297 0.030000 3.233618 0.030000 4.949771 0.030000 4.794640 0.030000 5.142207 0.030000 5.203499 0.030000 6.323979 0.030000 6.290285 0.030000
3.133925 0.030000 3.224265 0.030000 4.960221 0.030000 5.218166 0.150000 5.103418 0.030000 5.199796 0.030000 6.367122 0.030000 6.282222 0.030000
3.065833 0.030000 3.335023 0.030000 4.938576 0.030000 4.772911 0.030000 5.034707 0.030000 5.190243 0.030000 6.417122 0.030000 6.243986 0.030000
3.096221 0.030000 3.224270 0.030000 5.250141 0.150000 4.835098 0.030000 5.020540 0.030000 5.130627 0.030000 6.442606 0.030000 6.261443 0.030000
3.151991 0.030000 3.230391 0.030000 4.999938 0.150000 4.812701 0.030000 5.042267 0.030000 5.164230 0.030000 6.409009 0.030000 6.255028 0.030000
3.061437 0.030000 3.609524 0.150000 5.052281 0.030000 4.832160 0.030000 5.006947 0.030000 5.129343 0.150000 6.475925 0.030000 6.315625 0.030000
3.083511 0.030000 3.238908 0.150000 5.084569 0.030000 4.933506 0.030000 5.035536 0.030000 5.199390 0.030000 6.518562 0.030000 6.267985 0.030000
3.116734 0.150000 3.172623 0.030000 5.180975 0.150000 4.898654 0.030000 5.073762 0.030000 5.081455 0.030000 6.462964 0.030000 6.260700 0.030000
3.049935 0.030000 3.170770 0.030000 5.134418 0.030000 4.892916 0.030000 5.015698 0.030000 5.086281 0.030000 6.527838 0.030000 6.333553 0.030000
2.986767 0.030000 3.084299 0.030000 5.167849 0.030000 4.934591 0.030000 5.031095 0.030000 5.148443 0.030000 6.536704 0.030000 6.361879 0.030000
3.008907 0.030000 3.726777 0.150000 5.154722 0.030000 4.960675 0.030000 5.007034 0.030000 5.070715 0.030000 6.566492 0.030000 6.421796 0.030000
2.942699 0.030000 3.079984 0.030000 5.183922 0.030000 4.958288 0.030000 4.990689 0.030000 5.124131 0.030000 6.592266 0.030000 6.428841 0.030000
2.948885 0.030000 3.057924 0.030000 5.251074 0.030000 4.991395 0.030000 4.998735 0.030000 5.055368 0.030000 6.596830 0.030000 6.489862 0.030000
2.963665 0.030000 3.081906 0.030000 5.269683 0.030000 5.031292 0.030000 4.980134 0.030000 5.099830 0.030000 6.630655 0.030000 6.464388 0.030000
2.922691 0.030000 3.002009 0.030000 5.278478 0.030000 5.084715 0.030000 4.982098 0.030000 5.050410 0.030000 6.675662 0.030000 6.513467 0.030000
2.909624 0.030000 3.019856 0.030000 5.278146 0.030000 5.058617 0.030000 4.977528 0.030000 5.111510 0.030000 6.654897 0.030000 6.491218 0.030000
2.875372 0.030000 3.000239 0.030000 5.306265 0.030000 5.427687 0.150000 4.992038 0.030000 5.030801 0.030000 6.666533 0.030000 6.471231 0.030000
2.901437 0.030000 3.008521 0.030000 5.327913 0.030000 5.091337 0.030000 4.908658 0.030000 5.021327 0.030000 6.653949 0.030000 6.558918 0.150000
2.888059 0.030000 3.028477 0.030000 5.742575 0.150000 5.149274 0.030000 4.903712 0.030000 5.064945 0.030000 6.665615 0.030000 6.536349 0.030000
2.895644 0.030000 2.991757 0.030000 5.363313 0.030000 5.198566 0.030000 4.927847 0.030000 4.956521 0.030000 6.713203 0.030000 6.528634 0.030000
2.888362 0.030000 3.012150 0.030000 5.365461 0.030000 5.186945 0.030000 4.948380 0.030000 4.992330 0.030000 6.767400 0.030000 6.555585 0.030000
2.860565 0.030000 2.943659 0.030000 5.376945 0.030000 5.300231 0.150000 4.895514 0.030000 5.015682 0.030000 6.744555 0.030000 6.588945 0.030000
2.811117 0.030000 2.985958 0.030000 5.436403 0.030000 5.163111 0.030000 4.926556 0.030000 4.957869 0.030000 6.744117 0.030000 6.529651 0.150000
2.901384 0.030000 3.036895 0.150000 5.467116 0.030000 5.176237 0.030000 4.909296 0.030000 4.950393 0.030000 6.876665 0.150000 6.580309 0.030000
2.795911 0.030000 2.949254 0.030000 5.516678 0.030000 5.191176 0.030000 5.384781 0.150000 5.040199 0.030000 6.784305 0.030000 6.550767 0.030000
2.818423 0.030000 2.898433 0.030000 5.462203 0.030000 5.212254 0.030000 4.991862 0.030000 5.019467 0.030000 6.793946 0.030000 6.538699 0.030000
2.813274 0.030000 2.964640 0.030000 5.477358 0.030000 5.270920 0.030000 4.896505 0.030000 4.966285 0.030000 6.748023 0.030000 6.637530 0.030000
2.803383 0.030000 2.953873 0.150000 5.538874 0.030000 5.309271 0.030000 4.902610 0.030000 4.911161 0.030000 6.729558 0.030000 6.659263 0.030000
2.789199 0.030000 3.052168 0.150000 5.473119 0.030000 5.298282 0.030000 4.877427 0.030000 5.002517 0.030000 6.830731 0.030000 6.637816 0.030000
2.773925 0.030000 2.978757 0.030000 5.520984 0.030000 5.270508 0.030000 4.950927 0.030000 4.941225 0.030000 6.778999 0.030000 6.654654 0.030000
2.804985 0.030000 2.968009 0.150000 5.553491 0.030000 5.317922 0.030000 4.923189 0.030000 4.871635 0.030000 6.886910 0.030000 6.583471 0.030000
2.799231 0.030000 2.928709 0.030000 5.497597 0.030000 5.286152 0.030000 5.217930 0.150000 4.999771 0.030000 6.875169 0.030000 6.616169 0.030000
2.763990 0.030000 2.829357 0.030000 5.496861 0.030000 5.336050 0.030000 4.889279 0.030000 4.941023 0.030000 6.916031 0.030000 6.654463 0.030000
2.755990 0.030000 2.874698 0.030000 5.582858 0.030000 5.349242 0.030000 4.888883 0.030000 4.924327 0.030000 6.856371 0.030000 6.708848 0.030000
2.798977 0.030000 2.862736 0.030000 5.953648 0.150000 5.314397 0.030000 4.870287 0.030000 4.983081 0.030000 6.927531 0.030000 6.675808 0.030000
2.796744 0.030000 2.980087 0.150000 5.602370 0.030000 5.346550 0.030000 4.992347 0.150000 4.931661 0.030000 6.917036 0.030000 6.695583 0.030000
2.800016 0.030000 2.888329 0.030000 5.560358 0.030000 5.408577 0.030000 4.894059 0.030000 4.933744 0.030000 6.918123 0.030000 6.714319 0.030000
3.157056 0.150000 2.818890 0.030000 5.574658 0.030000 5.427606 0.030000 4.874267 0.030000 4.966451 0.030000 6.883536 0.030000 6.652691 0.030000
2.784803 0.030000 2.876691 0.030000 5.628818 0.030000 5.427345 0.030000 4.863417 0.030000 4.942745 0.030000 7.008924 0.150000 6.787777 0.030000
2.719667 0.030000 2.885076 0.030000 5.655267 0.030000 5.380051 0.030000 4.837002 0.030000 4.931872 0.030000 6.924364 0.030000 6.710578 0.030000
2.790498 0.030000 2.875273 0.030000 5.680881 0.030000 5.430893 0.030000 4.864136 0.030000 4.885085 0.030000 6.961265 0.030000 7.112739 0.150000
2.740246 0.030000 2.847926 0.030000 5.659043 0.030000 5.508591 0.030000 4.891117 0.030000 5.170467 0.150000 6.988046 0.030000 6.810259 0.030000
2.761811 0.030000 2.839395 0.030000 5.703654 0.030000 5.993861 0.150000 4.870354 0.030000 4.946291 0.030000 6.908389 0.030000 6.776538 0.030000
2.706474 0.030000 2.862385 0.030000 5.651149 0.030000 5.382077 0.030000 4.853120 0.030000 4.919376 0.030000 6.959415 0.030000 6.787355 0.030000
2.755971 0.030000 2.799443 0.030000 5.643925 0.030000 5.467730 0.030000 4.862370 0.030000 4.915760 0.030000 6.960943 0.030000 6.833782 0.030000
2.774179 0.030000 2.822319 0.030000 5.718277 0.030000 5.519680 0.030000 4.821791 0.030000 4.887537 0.030000 6.924992 0.030000 6.783256 0.030000
2.736713 0.030000 2.805181 0.030000 5.676385 0.030000 5.458124 0.030000 4.864734 0.030000 4.898568 0.030000 6.902606 0.030000 6.764803 0.030000
2.721798 0.030000 2.790884 0.030000 5.716223 0.030000 5.460906 0.030000 4.831704 0.030000 4.882928 0.030000 6.959404 0.030000 6.804806 0.030000
2.725915 0.030000 2.842005 0.030000 5.723959 0.030000 5.472702 0.030000 4.865608 0.030000 4.939754 0.030000 6.953504 0.030000 6.856432 0.030000
2.755063 0.030000 2.782242 0.030000 5.737802 0.030000 5.477959 0.030000 4.850994 0.030000 4.939846 0.030000 6.912471 0.030000 6.716808 0.030000
2.724275 0.030000 2.825527 0.030000 5.728963 0.030000 5.493925 0.030000 4.852170 0.030000 4.910859 0.030000 6.975758 0.030000 6.853697 0.030000
2.809799 0.030000 2.796947 0.030000 5.938759 0.150000 5.433140 0.030000 4.753938 0.030000 4.899792 0.030000 6.961226 0.030000 6.834033 0.030000
2.753865 0.030000 2.845168 0.030000 6.333204 0.150000 5.542095 0.030000 4.783198 0.030000 4.893335 0.030000 7.030763 0.030000 6.850059 0.030000
2.753710 0.030000 2.768669 0.030000 5.799286 0.030000 5.529883 0.030000 4.787738 0.030000 4.941496 0.030000 7.216843 0.150000 6.898023 0.030000
3.122668 0.150000 2.787210 0.030000 5.827406 0.030000 5.547440 0.030000 4.800362 0.030000 4.899546 0.030000 6.993287 0.030000 6.860073 0.030000
2.814173 0.030000 2.786402 0.030000 5.821528 0.030000 5.501370 0.030000 4.767465 0.030000 4.911909 0.030000 6.954608 0.030000 7.579141 0.150000
2.859191 0.030000 2.780691 0.150000 5.849485 0.030000 5.549158 0.030000 4.444567 0.150000 4.955874 0.030000 6.977555 0.030000 7.179319 0.150000
2.832741 0.030000 2.771519 0.030000 5.878585 0.030000 5.620801 0.030000 4.723586 0.030000 4.931098 0.030000 6.942912 0.030000 6.918054 0.030000
2.834527 0.030000 2.789794 0.030000 5.813886 0.030000 5.637525 0.030000 4.719007 0.030000 4.921240 0.030000 6.958981 0.030000 6.931284 0.030000
2.903037 0.030000 2.685730 0.030000 5.897099 0.030000 5.688839 0.030000 4.724580 0.150000 4.828208 0.030000 6.930643 0.030000 7.052401 0.150000
4.518005 0.150000 2.719336 0.030000 5.891551 0.030000 5.651311 0.030000 4.665818 0.030000 4.874586 0.030000 7.175320 0.150000 6.927599 0.030000
2.883185 0.030000 2.758445 0.030000 5.917755 0.030000 5.666439 0.030000 4.616841 0.030000 4.845699 0.030000 6.988639 0.030000 6.947634 0.030000
2.879649 0.030000 2.834108 0.030000 5.935546 0.030000 5.797099 0.150000 4.577587 0.030000 5.060904 0.150000 6.919329 0.030000 6.970412 0.030000
2.939542 0.030000 2.739252 0.030000 5.904904 0.030000 5.764390 0.030000 4.599627 0.030000 4.769387 0.030000 6.832646 0.030000 6.967472 0.030000
3.327495 0.150000 2.805354 0.030000 6.013830 0.030000 5.783404 0.030000 4.506137 0.030000 4.818706 0.030000 6.825854 0.030000 6.980787 0.030000
3.039924 0.030000 2.866294 0.030000 6.006844 0.030000 5.820809 0.030000 4.479430 0.030000 4.731971 0.030000 6.874910 0.030000 6.945551 0.030000
3.082374 0.030000 2.843865 0.030000 5.975581 0.030000 5.763743 0.030000 4.444242 0.030000 4.722713 0.030000 6.814864 0.030000 7.137789 0.150000
3.062211 0.030000 2.866016 0.030000 6.003488 0.030000 5.890957 0.030000 4.456282 0.030000 4.699958 0.030000 6.839469 0.030000 7.005159 0.030000
3.066518 0.030000 2.861342 0.030000 6.070520 0.030000 5.823819 0.030000 4.394323 0.030000 4.645329 0.030000 6.765105 0.030000 6.875715 0.030000
3.093887 0.030000 2.932081 0.030000 6.071128 0.030000 5.899885 0.030000 4.351618 0.030000 5.193395 0.150000 6.818556 0.030000 6.897481 0.030000
3.195214 0.030000 2.927485 0.030000 6.139347 0.030000 5.920729 0.030000 4.365260 0.030000 4.959096 0.150000 6.746358 0.030000 6.890126 0.030000
3.213923 0.030000 2.933021 0.030000 6.078521 0.030000 6.019524 0.150000 4.250669 0.030000 4.531192 0.030000 6.789162 0.030000 6.954309 0.030000
3.222993 0.030000 2.950533 0.030000 6.076810 0.030000 5.922317 0.030000 4.272885 0.030000 4.558702 0.030000 6.721264 0.030000 6.861988 0.030000
3.187955 0.030000 3.207207 0.150000 6.107344 0.030000 6.006187 0.030000 4.287636 0.030000 4.513663 0.030000 6.745789 0.030000 6.849552 0.030000
3.267205 0.030000 3.003854 0.030000 6.133525 0.030000 5.966236 0.030000 4.967206 0.150000 4.463185 0.030000 6.710832 0.030000 6.831033 0.030000
3.297988 0.030000 3.071842 0.030000 6.158253 0.030000 5.975435 0.030000 4.154564 0.030000 4.474372 0.030000 6.700113 0.030000 6.821987 0.030000
3.587036 0.150000 3.131531 0.030000 6.165601 0.030000 6.004622 0.030000 4.204483 0.030000 4.418467 0.030000 6.679988 0.030000 6.796631 0.030000
3.379730 0.030000 3.081731 0.030000 6.216104 0.030000 6.042012 0.030000 4.134780 0.030000 4.360215 0.030000 6.685754 0.030000 6.811230 0.030000
3.414488 0.030000 3.208080 0.150000 6.276706 0.030000 6.044820 0.030000 4.121105 0.030000 4.375504 0.030000 7.187657 0.150000 6.795093 0.030000
3.387105 0.030000 3.139091 0.030000 6.202750 0.030000 6.086262 0.030000 4.140305 0.030000 4.349815 0.030000 6.614327 0.030000 6.721794 0.030000
3.427168 0.030000 3.196891 0.030000 6.255106 0.030000 6.062789 0.030000 3.996447 0.030000 4.227550 0.030000 6.626716 0.030000 6.725883 0.030000
3.512296 0.030000 3.246296 0.030000 6.282936 0.030000 6.125869 0.030000 4.068765 0.030000 4.327709 0.030000 6.572226 0.030000 6.704886 0.030000
3.517970 0.030000 3.330293 0.150000 6.244840 0.030000 6.098563 0.030000 3.989586 0.030000 4.247245 0.030000 6.475105 0.150000 6.681175 0.030000
3.526372 0.030000 3.303905 0.030000 6.284725 0.030000 6.567930 0.150000 3.931911 0.030000 4.207706 0.030000 6.571617 0.030000 6.704129 0.030000
3.585875 0.030000 3.328858 0.030000 6.292735 0.030000 6.174798 0.030000 3.932236 0.030000 4.139872 0.030000 6.523221 0.030000 6.684086 0.030000
3.591866 0.030000 4.018863 0.150000 6.335231 0.030000 6.122060 0.030000 3.965709 0.030000 4.163199 0.030000 6.472016 0.030000 6.662073 0.030000
3.647759 0.030000 3.417088 0.030000 6.566608 0.150000 6.164475 0.030000 3.867985 0.030000 4.115390 0.030000 6.464541 0.030000 6.660725 0.030000
3.660586 0.030000 3.420178 0.030000 6.366175 0.030000 6.178773 0.030000 3.810187 0.030000 4.061425 0.030000 6.479968 0.030000 6.551941 0.030000
3.698331 0.030000 3.422826 0.030000 6.336215 0.030000 6.169978 0.030000 3.785736 0.030000 4.084609 0.030000 6.483161 0.030000 6.553917 0.030000
3.684875 0.030000 3.465173 0.030000 6.335500 0.030000 6.228145 0.030000 3.798776 0.030000 4.070178 0.030000 6.463006 0.030000 6.641253 0.030000
3.724508 0.030000 3.479263 0.030000 6.407388 0.030000 6.261969 0.030000 3.773560 0.030000 3.962098 0.030000 6.430219 0.030000 6.610962 0.030000
3.776772 0.030000 3.519397 0.030000 6.442395 0.030000 6.269409 0.030000 3.734367 0.030000 3.978592 0.030000 6.442377 0.030000 6.553263 0.030000
3.786346 0.030000 3.589662 0.030000 6.434585 0.030000 6.265415 0.030000 3.691340 0.030000 3.955279 0.030000 6.613797 0.150000 6.496890 0.030000
3.842013 0.030000 3.592680 0.030000 6.584105 0.150000 6.340778 0.030000 3.655694 0.030000 3.956552 0.030000 6.384120 0.030000 7.202114 0.150000
3.903208 0.030000 3.589892 0.030000 7.071224 0.150000 6.303145 0.030000 3.682854 0.030000 4.386641 0.150000 6.365973 0.030000 6.528690 0.030000
3.861055 0.030000 3.580732 0.030000 6.495629 0.030000 6.332013 0.030000 3.666612 0.030000 3.898333 0.030000 6.343215 0.030000 6.491063 0.030000
3.952883 0.030000 3.651956 0.030000 6.582852 0.150000 6.368700 0.030000 3.589907 0.030000 3.845815 0.030000 6.326527 0.030000 6.453827 0.030000
3.904775 0.030000 3.676224 0.030000 6.492295 0.030000 6.350813 0.030000 3.618677 0.030000 3.857567 0.030000 6.354456 0.030000 6.453250 0.030000
3.814348 0.150000 3.653271 0.030000 6.487347 0.150000 6.343744 0.030000 3.535421 0.030000 3.772776 0.030000 6.277053 0.030000 6.446052 0.030000
3.972657 0.030000 3.716467 0.030000 6.541689 0.030000 6.396030 0.030000 3.544882 0.030000 3.756118 0.030000 6.299468 0.030000 6.433609 0.030000
4.033573 0.030000 3.736163 0.030000 6.578529 0.030000 6.393578 0.030000 3.523112 0.030000 3.760903 0.030000 6.320475 0.030000 6.489627 0.150000
4.064789 0.030000 3.742688 0.030000 6.578224 0.030000 6.355685 0.030000 3.511277 0.030000 3.789819 0.030000 6.291902 0.030000 6.396285 0.150000
4.022075 0.030000 3.796603 0.030000 6.589407 0.030000 6.425964 0.030000 3.496397 0.030000 3.687921 0.030000 6.252560 0.030000 6.454879 0.030000
4.133422 0.030000 3.843530 0.030000 6.558984 0.030000 6.387707 0.030000 3.474499 0.030000 3.698310 0.030000 6.290210 0.030000 6.450867 0.030000
4.034185 0.030000 3.806510 0.030000 6.607954 0.030000 6.477164 0.030000 3.439076 0.030000 3.627831 0.030000 6.237856 0.030000 6.402325 0.030000
4.072538 0.030000 3.824737 0.030000 6.549189 0.030000 6.435904 0.030000 3.432303 0.030000 3.641407 0.030000 6.258081 0.030000 6.333561 0.030000
4.091149 0.030000 3.843565 0.030000 6.561419 0.030000 6.456064 0.030000 3.422592 0.030000 3.677608 0.030000 6.228875 0.030000 6.388701 0.030000
4.118925 0.030000 3.897723 0.030000 6.581723 0.030000 6.430371 0.030000 3.413220 0.030000 3.641507 0.030000 6.211392 0.030000 6.384106 0.030000
4.142704 0.030000 3.890445 0.030000 6.650397 0.030000 6.465210 0.030000 3.377358 0.030000 4.109444 0.150000 6.217067 0.030000 6.403323 0.030000
4.186492 0.030000 3.870650 0.030000 6.657536 0.030000 6.506947 0.030000 3.362867 0.030000 3.620199 0.030000 6.203957 0.030000 6.280133 0.030000
4.157888 0.030000 3.908979 0.030000 6.651143 0.030000 6.488395 0.030000 3.368783 0.030000 3.621681 0.030000 6.095568 0.150000 6.330925 0.030000
4.202752 0.030000 3.944611 0.030000 6.908774 0.150000 6.473435 0.030000 3.313754 0.030000 3.916408 0.150000 6.207711 0.030000 6.326382 0.030000
4.205337 0.150000 3.915747 0.030000 6.640996 0.030000 6.516691 0.030000 3.285283 0.030000 3.516238 0.030000 6.847101 0.150000 6.278145 0.030000
4.273000 0.030000 3.964584 0.030000 6.685005 0.030000 6.511800 0.030000 3.305426 0.030000 3.573321 0.030000 6.174010 0.030000 6.348711 0.030000
4.227134 0.030000 3.989245 0.030000 7.072911 0.150000 6.539781 0.030000 3.267888 0.030000 3.474648 0.030000 6.182958 0.030000 6.337155 0.150000
4.243028 0.030000 3.998028 0.030000 6.734331 0.030000 6.533331 0.030000 3.342441 0.030000 3.577874 0.030000 6.145098 0.030000 6.316142 0.030000
4.285805 0.030000 3.961486 0.030000 6.687497 0.030000 6.589575 0.030000 3.164765 0.150000 3.514466 0.030000 6.213362 0.030000 6.273796 0.030000
4.249295 0.030000 4.008106 0.030000 6.702802 0.030000 6.584750 0.030000 3.238156 0.030000 3.417970 0.030000 6.459314 0.150000 6.290164 0.030000
4.299970 0.030000 4.684385 0.150000 6.746521 0.030000 6.607498 0.030000 3.223681 0.030000 3.457787 0.030000 6.150015 0.030000 6.310728 0.030000
4.288354 0.030000 3.997463 0.030000 6.730036 0.030000 7.276857 0.150000 3.219846 0.030000 3.477710 0.030000 6.134695 0.030000 6.222536 0.030000
4.493582 0.150000 3.995819 0.030000 6.721678 0.030000 6.605120 0.030000 3.164998 0.030000 3.448954 0.030000 6.363705 0.150000 6.243654 0.030000
4.276204 0.030000 4.021576 0.030000 6.692864 0.030000 6.589702 0.030000 3.177341 0.030000 3.513844 0.030000 6.108605 0.030000 6.213593 0.030000
4.273447 0.030000 4.071759 0.030000 6.751437 0.030000 6.632851 0.030000 3.166183 0.030000 3.433839 0.030000 6.119480 0.030000 6.246920 0.030000
4.443322 0.150000 4.071156 0.030000 6.742448 0.030000 6.610266 0.030000 3.208683 0.030000 3.453388 0.030000 6.121641 0.030000 6.206980 0.030000
4.285646 0.030000 4.086202 0.030000 6.758044 0.150000 6.552466 0.030000 3.954029 0.150000 3.931599 0.150000 6.065206 0.030000 6.214397 0.030000
4.348596 0.030000 4.413188 0.150000 6.725245 0.030000 6.615560 0.030000 3.263081 0.150000 3.420481 0.030000 6.143231 0.030000 6.203962 0.030000
4.366124 0.030000 4.105891 0.030000 6.744070 0.030000 6.582879 0.030000 3.127388 0.030000 3.392509 0.030000 6.101512 0.030000 6.233773 0.030000
4.351835 0.030000 4.066788 0.030000 6.776489 0.030000 6.689241 0.030000 3.125748 0.030000 3.415376 0.030000 6.071111 0.030000 6.195942 0.030000
4.394765 0.030000 4.145477 0.030000 7.104385 0.150000 6.636514 0.030000 3.176795 0.030000 3.380586 0.030000 6.066562 0.030000 6.223623 0.030000
4.344475 0.030000 4.126638 0.030000 6.778891 0.030000 6.657705 0.030000 3.141098 0.030000 3.401554 0.030000 6.079127 0.030000 6.198722 0.030000
4.356649 0.030000 4.141526 0.030000 6.926375 0.150000 6.620488 0.030000 3.138640 0.030000 3.348900 0.030000 6.074680 0.030000 6.245505 0.030000
4.407695 0.030000 4.170673 0.030000 6.782811 0.030000 6.626127 0.030000 3.123427 0.030000 3.392546 0.030000 6.040557 0.030000 6.221629 0.030000
4.399997 0.030000 4.135522 0.030000 6.794826 0.030000 6.651357 0.030000 3.109086 0.030000 3.389466 0.030000 6.056514 0.030000 6.246015 0.030000
4.387121 0.030000 4.114019 0.030000 6.737911 0.030000 6.662554 0.030000 3.161445 0.030000 3.299890 0.030000 6.029883 0.030000 6.216424 0.030000
4.349911 0.030000 4.149293 0.030000 6.823978 0.030000 6.646998 0.030000 3.097423 0.030000 3.304992 0.030000 5.994933 0.030000 6.202380 0.030000
4.444270 0.030000 4.217036 0.030000 6.703300 0.030000 6.706148 0.030000 3.161058 0.030000 3.275043 0.030000 5.997071 0.030000 6.225121 0.030000
4.428780 0.030000 4.189394 0.030000 6.750937 0.030000 6.696335 0.030000 3.104073 0.030000 3.318506 0.030000 6.059059 0.030000 7.669839 0.150000
4.454224 0.030000 4.217946 0.030000 6.731536 0.030000 6.694332 0.030000 3.065036 0.030000 3.293974 0.030000 5.972929 0.030000 6.240865 0.030000
4.436936 0.030000 4.206051 0.030000 6.783154 0.030000 6.720491 0.030000 3.128896 0.030000 3.282662 0.030000 6.119632 0.150000 6.170954 0.030000
4.488756 0.030000 4.215495 0.030000 6.757760 0.030000 6.762415 0.030000 3.125884 0.030000 3.269213 0.030000 5.993823 0.030000 6.218793 0.030000
4.397767 0.030000 4.707141 0.150000 6.723719 0.030000 6.746467 0.030000 3.110992 0.030000 3.221052 0.030000 5.933119 0.030000 6.154597 0.030000
4.450039 0.030000 4.226254 0.030000 6.753872 0.030000 6.789655 0.030000 3.083986 0.030000 3.249256 0.030000 5.923324 0.030000 6.155840 0.030000
4.512657 0.030000 4.292653 0.030000 6.706613 0.030000 6.761934 0.030000 3.087770 0.030000 3.200552 0.030000 5.946587 0.030000 6.127334 0.030000
4.509069 0.030000 4.363777 0.030000 6.707477 0.030000 6.768054 0.030000 3.064673 0.030000 3.220191 0.030000 5.883215 0.030000 6.128353 0.030000
4.530424 0.030000 4.351147 0.030000 6.657409 0.030000 6.783308 0.030000 3.088572 0.030000 3.097319 0.030000 5.604339 0.150000 6.081471 0.030000
4.542371 0.030000 4.401827 0.030000 6.626658 0.030000 7.155723 0.150000 3.270711 0.150000 3.134720 0.030000 5.774716 0.030000 6.312189 0.150000
4.527098 0.030000 4.382446 0.030000 6.654873 0.030000 6.784930 0.030000 3.114999 0.030000 3.192238 0.150000 5.926396 0.150000 6.025486 0.030000
4.527954 0.030000 4.740630 0.150000 6.675408 0.030000 6.767683 0.030000 3.087935 0.030000 3.150701 0.030000 5.770892 0.030000 6.011311 0.030000
4.570806 0.030000 4.463688 0.030000 7.017845 0.150000 6.683782 0.030000 3.110361 0.030000 3.079983 0.030000 7.813926 0.150000 6.006484 0.030000
4.624923 0.030000 4.443746 0.030000 6.593007 0.030000 6.721669 0.030000 4.637333 0.150000 3.094308 0.030000 5.694966 0.030000 5.975377 0.030000
4.620207 0.030000 4.474853 0.030000 6.542599 0.030000 6.698427 0.030000 3.132206 0.030000 3.091088 0.030000 5.642497 0.030000 5.948852 0.030000
4.578953 0.030000 4.491973 0.030000 6.493558 0.030000 6.720716 0.030000 3.173109 0.030000 3.063653 0.030000 5.667863 0.030000 5.873189 0.030000
4.576335 0.030000 5.074687 0.150000 6.500029 0.030000 6.694025 0.030000 3.088097 0.030000 3.470212 0.150000 5.585359 0.030000 5.872316 0.030000
4.569818 0.030000 4.522619 0.030000 7.163641 0.150000 6.714340 0.030000 3.169509 0.030000 3.061883 0.030000 5.613781 0.030000 5.925312 0.150000
4.579186 0.030000 4.515948 0.030000 6.476500 0.030000 6.686500 0.030000 3.145789 0.030000 3.046753 0.030000 5.599940 0.030000 5.798108 0.030000
4.585363 0.030000 4.569723 0.030000 6.464118 0.030000 6.606461 0.030000 3.179856 0.030000 3.096429 0.030000 5.540926 0.030000 5.746444 0.030000
4.602485 0.030000 4.503478 0.030000 6.459837 0.030000 6.653351 0.030000 3.147609 0.150000 3.159672 0.030000 5.543421 0.030000 5.793436 0.030000
4.554651 0.030000 4.552259 0.030000 6.433000 0.030000 6.597592 0.030000 3.369722 0.150000 3.123201 0.030000 5.527899 0.030000 5.729239 0.030000
4.659297 0.030000 4.583871 0.030000 6.424542 0.030000 6.606019 0.030000 3.243092 0.030000 3.106114 0.030000 5.475034 0.030000 5.743527 0.030000
4.598244 0.030000 4.586344 0.030000 6.462591 0.150000 6.551557 0.030000 3.240712 0.150000 3.160934 0.030000 5.456417 0.030000 5.706443 0.030000
4.616776 0.030000 4.517075 0.030000 6.321156 0.030000 6.531437 0.030000 3.281681 0.030000 3.151756 0.030000 5.432476 0.030000 5.660059 0.030000
4.601452 0.030000 4.589025 0.030000 6.661853 0.150000 6.487545 0.030000 3.255342 0.030000 3.186839 0.030000 5.457813 0.030000 5.668290 0.030000
4.647079 0.030000 5.215967 0.150000 6.267107 0.030000 6.525830 0.030000 4.195160 0.150000 3.200917 0.030000 5.431710 0.030000 5.601892 0.030000
4.656357 0.030000 4.624893 0.030000 6.255933 0.030000 6.450111 0.030000 3.340340 0.030000 3.180754 0.030000 5.389812 0.030000 5.871717 0.150000
4.689113 0.030000 4.551663 0.030000 6.276004 0.030000 6.439111 0.030000 3.307764 0.030000 3.166464 0.030000 5.335437 0.030000 5.505375 0.030000
4.701455 0.030000 4.650876 0.030000 6.196509 0.030000 6.423999 0.030000 3.357181 0.030000 3.253452 0.030000 5.287877 0.030000 5.525348 0.030000
4.695643 0.030000 4.641137 0.030000 6.188090 0.030000 6.384780 0.030000 3.336801 0.030000 3.203946 0.030000 5.386637 0.030000 5.500447 0.030000
4.700396 0.030000 4.650416 0.030000 6.171198 0.030000 6.351351 0.030000 3.354218 0.030000 3.323424 0.030000 5.255473 0.030000 5.487894 0.030000
4.673923 0.030000 4.645160 0.030000 6.173356 0.030000 6.364853 0.030000 3.381318 0.030000 3.283257 0.030000 5.297472 0.030000 5.454999 0.030000
4.713970 0.030000 4.602594 0.030000 6.157022 0.030000 6.350311 0.030000 3.409550 0.030000 3.234639 0.030000 5.227475 0.030000 5.448776 0.030000
4.728527 0.030000 4.607221 0.030000 6.114978 0.030000 6.277183 0.030000 3.350405 0.030000 3.316531 0.030000 5.731947 0.150000 5.375495 0.030000
4.757272 0.030000 4.704821 0.030000 6.107364 0.030000 6.280466 0.030000 3.415665 0.030000 3.279784 0.030000 5.154924 0.030000 5.417529 0.030000
4.748824 0.030000 4.699302 0.030000 6.074751 0.030000 6.293129 0.030000 3.457685 0.030000 3.325282 0.030000 5.127718 0.030000 5.361083 0.030000
4.785271 0.030000 4.723589 0.030000 6.096920 0.030000 6.213696 0.030000 3.463259 0.030000 3.260872 0.030000 5.085998 0.030000 5.363520 0.030000
4.741433 0.030000 5.212858 0.150000 6.033141 0.030000 6.198859 0.030000 3.450826 0.030000 3.330887 0.030000 5.123698 0.030000 5.319115 0.030000
4.806445 0.030000 4.690204 0.030000 6.021510 0.030000 6.157488 0.030000 3.526479 0.030000 3.454547 0.030000 5.076647 0.030000 5.322251 0.030000
4.816008 0.030000 4.667504 0.030000 6.000470 0.030000 6.273275 0.150000 3.550883 0.030000 3.427076 0.030000 5.064676 0.030000 5.216453 0.030000
4.764792 0.030000 4.732358 0.030000 6.007254 0.030000 6.151248 0.030000 3.538898 0.030000 3.366661 0.030000 5.066377 0.030000 5.257680 0.030000
4.803578 0.030000 4.773080 0.030000 5.969909 0.030000 6.106827 0.030000 3.501378 0.030000 3.396963 0.030000 5.016370 0.030000 5.527856 0.150000
4.865785 0.030000 4.792263 0.030000 5.925718 0.030000 6.111447 0.030000 3.600732 0.030000 3.376644 0.030000 4.982761 0.030000 5.112774 0.030000
4.841542 0.030000 4.728432 0.030000 5.909458 0.030000 6.070651 0.030000 3.598855 0.030000 3.446969 0.030000 4.919071 0.030000 5.101477 0.030000
4.879147 0.030000 4.779456 0.030000 5.933822 0.150000 6.122519 0.030000 3.565446 0.030000 3.507020 0.030000 4.939979 0.030000 5.214331 0.150000
4.943391 0.030000 4.731526 0.030000 5.890575 0.030000 6.013393 0.030000 3.624219 0.030000 3.409329 0.030000 4.921859 0.030000 5.088964 0.030000
4.938139 0.150000 4.765574 0.150000 5.855046 0.030000 6.011679 0.030000 3.586514 0.030000 3.482956 0.030000 4.852032 0.030000 5.119250 0.030000
4.884056 0.030000 4.796290 0.030000 5.843188 0.030000 5.962742 0.030000 3.694061 0.030000 3.481573 0.030000 4.830255 0.030000 5.044072 0.030000
4.913228 0.030000 4.824560 0.030000 5.744300 0.030000 6.067321 0.030000 3.685591 0.030000 3.857474 0.150000 4.833178 0.030000 5.042655 0.030000
4.931934 0.030000 4.835715 0.030000 5.809166 0.030000 5.973978 0.030000 4.058704 0.150000 3.592548 0.030000 5.122879 0.150000 5.478067 0.150000
5.012977 0.030000 4.791334 0.030000 5.747325 0.030000 5.995042 0.030000 3.666652 0.030000 3.506340 0.030000 4.757365 0.030000 4.941867 0.030000
4.937578 0.030000 4.854801 0.030000 5.804690 0.030000 6.501915 0.150000 3.714002 0.030000 3.533716 0.030000 4.743461 0.030000 4.953771 0.030000
5.128177 0.150000 4.877739 0.030000 5.721999 0.030000 5.877105 0.030000 3.692419 0.030000 3.589040 0.030000 4.700343 0.030000 4.970380 0.030000
4.953357 0.030000 5.246771 0.150000 5.701846 0.030000 5.887399 0.030000 3.705127 0.030000 3.613533 0.030000 4.748911 0.030000 4.931873 0.030000
5.013676 0.030000 4.921491 0.030000 5.688847 0.030000 5.831265 0.030000 3.786394 0.030000 3.587516 0.030000 4.647386 0.030000 4.870356 0.030000
5.035247 0.030000 4.923280 0.030000 5.679208 0.030000 5.845374 0.030000 3.774580 0.030000 3.632204 0.030000 4.663792 0.030000 4.872538 0.030000
5.107285 0.030000 4.881847 0.030000 5.653097 0.030000 5.849537 0.030000 4.187647 0.150000 3.621585 0.030000 4.678678 0.030000 4.847484 0.030000
5.054005 0.030000 4.884238 0.030000 5.701917 0.030000 5.806441 0.030000 4.424905 0.150000 3.685434 0.030000 4.590014 0.030000 4.838770 0.030000
5.081549 0.030000 4.909127 0.030000 5.655633 0.030000 5.828049 0.030000 3.867866 0.030000 3.732316 0.030000 4.555948 0.030000 4.749028 0.030000
5.089475 0.030000 4.939102 0.030000 5.575653 0.030000 5.877294 0.150000 3.871830 0.030000 3.731437 0.030000 4.564563 0.030000 5.848509 0.150000
5.083849 0.030000 4.933734 0.030000 5.541290 0.030000 5.772068 0.030000 3.903619 0.030000 3.714659 0.030000 4.579925 0.030000 4.785877 0.030000
5.059289 0.030000 5.002154 0.030000 5.570025 0.030000 5.719933 0.030000 3.853763 0.030000 3.722603 0.030000 4.552088 0.030000 4.650637 0.030000
5.432354 0.150000 5.044392 0.030000 5.553784 0.030000 5.729620 0.030000 3.911306 0.030000 3.787736 0.030000 4.516939 0.030000 4.721944 0.030000
5.146347 0.030000 4.979596 0.030000 5.555326 0.030000 5.691859 0.030000 3.950559 0.030000 3.814464 0.030000 4.458792 0.030000 5.060126 0.150000
5.023843 0.150000 5.043513 0.030000 5.442105 0.030000 5.662915 0.030000 3.989174 0.030000 3.758290 0.030000 4.392142 0.030000 4.662614 0.030000
5.171294 0.030000 5.041732 0.030000 5.501849 0.030000 5.673565 0.030000 3.952130 0.030000 3.854508 0.030000 4.440702 0.030000 4.613478 0.030000
5.178370 0.030000 5.054668 0.030000 5.496061 0.030000 5.685461 0.030000 3.966949 0.030000 3.837072 0.030000 4.417409 0.030000 4.725802 0.150000
5.185163 0.030000 5.072784 0.030000 5.466738 0.030000 5.598588 0.030000 4.035615 0.150000 3.845083 0.030000 4.387505 0.030000 4.596816 0.030000
5.203993 0.030000 5.042597 0.030000 5.644309 0.150000 5.618123 0.030000 4.013616 0.030000 3.881364 0.030000 4.345535 0.030000 4.559805 0.030000
5.257906 0.030000 5.073989 0.030000 5.408664 0.030000 5.584408 0.030000 4.060633 0.030000 4.179910 0.150000 4.323032 0.030000 4.531307 0.030000
5.268892 0.030000 5.084572 0.030000 5.387365 0.030000 5.474682 0.150000 4.788916 0.150000 3.901691 0.030000 4.328001 0.030000 4.478507 0.030000
6.023332 0.150000 5.170472 0.030000 5.370498 0.030000 5.552670 0.030000 4.096012 0.030000 3.942654 0.030000 4.318736 0.030000 5.045785 0.150000
5.233944 0.030000 5.150227 0.030000 5.385765 0.030000 5.536981 0.030000 4.121087 0.030000 3.963666 0.030000 4.266236 0.030000 4.469530 0.030000
5.347026 0.030000 5.149549 0.030000 5.398349 0.030000 5.492791 0.030000 4.139558 0.030000 4.005310 0.030000 4.264781 0.030000 4.468814 0.150000
5.333907 0.030000 5.215616 0.030000 5.325617 0.030000 5.507419 0.030000 4.193700 0.030000 4.034392 0.030000 4.186419 0.030000 4.455309 0.030000
5.336285 0.030000 5.231809 0.030000 5.286707 0.030000 5.511515 0.030000 4.217351 0.030000 4.004950 0.030000 4.217138 0.030000 4.343597 0.030000
5.349793 0.030000 5.274599 0.030000 5.301743 0.030000 5.530783 0.030000 5.885024 0.150000 4.047423 0.150000 4.192931 0.030000 4.340723 0.030000
5.342279 0.030000 5.195590 0.030000 5.327005 0.030000 5.448987 0.030000 4.257900 0.030000 4.592649 0.150000 4.191672 0.030000 4.312976 0.030000
5.330408 0.030000 5.289286 0.030000 5.252462 0.030000 5.451106 0.030000 4.253175 0.030000 4.016631 0.030000 4.106541 0.030000 4.296843 0.030000
5.486616 0.030000 5.254300 0.030000 5.251683 0.030000 5.403974 0.030000 4.252033 0.030000 4.137515 0.030000 4.127465 0.030000 4.298172 0.030000
5.377550 0.030000 5.276691 0.030000 5.243379 0.030000 5.379663 0.030000 4.295394 0.030000 4.171373 0.030000 4.082039 0.030000 4.251123 0.030000
5.394489 0.030000 5.307484 0.030000 5.679353 0.150000 5.383083 0.030000 4.317702 0.030000 4.132907 0.030000 4.099253 0.030000 4.251984 0.030000
5.597148 0.150000 5.308004 0.030000 5.217494 0.030000 5.334193 0.030000 4.359950 0.030000 4.152556 0.030000 4.096585 0.030000 4.187757 0.030000
5.529916 0.030000 5.876620 0.150000 5.172942 0.030000 5.331707 0.030000 4.389757 0.030000 4.209645 0.030000 4.895488 0.150000 4.212462 0.030000
5.492233 0.030000 5.388619 0.030000 5.139232 0.030000 5.339387 0.030000 4.417852 0.030000 4.189642 0.030000 4.030036 0.030000 4.149635 0.030000
5.507298 0.030000 5.384303 0.030000 5.159305 0.030000 5.249157 0.030000 4.448839 0.030000 4.266241 0.030000 3.783446 0.150000 4.158302 0.030000
5.529980 0.030000 5.364536 0.030000 5.877038 0.150000 5.292804 0.030000 4.434947 0.030000 4.269605 0.030000 3.966993 0.030000 4.095175 0.030000
5.494992 0.030000 5.431623 0.030000 5.223622 0.030000 5.280737 0.030000 4.443133 0.030000 4.292375 0.030000 3.913929 0.030000 4.129793 0.030000
5.535873 0.030000 5.435447 0.030000 5.097462 0.030000 5.227297 0.030000 4.510461 0.030000 4.272942 0.030000 3.876415 0.030000 4.096307 0.030000
5.561132 0.030000 5.420573 0.030000 5.111380 0.030000 5.193850 0.030000 4.514698 0.030000 4.267645 0.030000 3.881204 0.030000 4.136684 0.030000
5.714675 0.150000 5.462304 0.030000 5.121099 0.030000 5.209608 0.030000 4.570265 0.030000 4.304404 0.030000 3.919299 0.030000 4.004996 0.030000
5.606089 0.030000 5.447285 0.030000 5.108028 0.030000 5.252105 0.030000 4.518858 0.030000 4.321902 0.030000 3.902595 0.030000 4.015569 0.030000
5.692091 0.030000 5.497198 0.030000 5.095605 0.030000 5.225107 0.030000 4.509693 0.030000 4.375243 0.030000 3.887059 0.030000 3.973547 0.030000
5.686565 0.030000 5.489756 0.030000 5.106899 0.030000 5.145147 0.030000 4.554462 0.030000 4.413365 0.030000 3.816340 0.030000 3.994595 0.030000
5.675617 0.030000 5.506650 0.030000 5.860966 0.150000 5.688388 0.150000 4.561107 0.150000 4.366322 0.030000 3.760780 0.030000 3.950112 0.030000
5.681728 0.030000 5.546853 0.030000 5.035441 0.030000 5.098108 0.030000 4.647393 0.030000 4.444060 0.030000 3.787113 0.030000 3.963772 0.030000
5.679581 0.030000 5.545147 0.030000 4.980982 0.030000 5.098453 0.030000 4.705582 0.030000 4.446770 0.030000 3.740840 0.030000 3.926769 0.030000
5.765957 0.030000 5.586393 0.030000 4.939579 0.030000 5.153489 0.030000 4.669675 0.030000 4.778651 0.150000 3.757491 0.030000 3.908827 0.030000
5.756300 0.030000 5.589924 0.030000 4.957696 0.030000 5.083769 0.030000 4.681165 0.030000 4.655015 0.150000 3.716885 0.030000 3.859587 0.030000
5.817749 0.030000 5.621126 0.030000 4.995816 0.150000 5.093197 0.030000 4.714791 0.030000 4.544684 0.030000 3.678448 0.030000 3.891070 0.030000
5.793512 0.030000 5.661966 0.030000 4.954361 0.030000 5.056798 0.030000 4.795788 0.030000 4.545955 0.030000 3.664580 0.030000 3.889624 0.030000
5.819469 0.030000 5.673594 0.030000 5.329482 0.150000 6.367275 0.150000 4.857974 0.030000 4.626079 0.030000 3.571028 0.150000 3.837345 0.030000
5.842666 0.030000 5.712533 0.030000 4.912694 0.150000 5.040079 0.030000 4.795099 0.030000 4.593133 0.030000 3.638888 0.030000 3.833476 0.030000
5.819606 0.030000 5.740467 0.030000 4.954006 0.030000 5.079165 0.030000 4.825942 0.030000 4.675572 0.030000 3.593333 0.030000 3.827970 0.030000
5.876385 0.030000 5.722424 0.030000 4.853738 0.030000 4.989845 0.030000 4.781146 0.030000 4.675223 0.030000 3.637247 0.030000 3.787138 0.030000
5.891757 0.030000 5.769130 0.030000 4.833574 0.030000 5.001507 0.030000 4.883938 0.030000 4.497113 0.150000 3.555633 0.030000 3.802904 0.030000
6.208034 0.150000 5.744697 0.030000 4.842369 0.030000 4.994724 0.030000 4.884042 0.030000 4.678242 0.030000 3.612104 0.030000 3.744488 0.030000
5.916225 0.030000 5.749433 0.030000 4.858345 0.030000 4.910687 0.030000 4.920875 0.030000 4.697538 0.030000 3.578288 0.030000 3.706779 0.030000
5.947269 0.030000 5.784893 0.030000 4.818361 0.030000 4.924409 0.030000 4.828932 0.150000 5.031596 0.150000 3.558572 0.030000 3.646676 0.030000
5.964587 0.030000 5.816737 0.030000 4.810240 0.030000 4.945671 0.030000 4.967621 0.030000 4.776362 0.030000 3.865802 0.150000 3.677874 0.030000
6.024320 0.030000 5.863749 0.030000 4.634600 0.150000 4.936228 0.030000 5.016071 0.030000 4.760640 0.030000 3.508858 0.030000 3.622243 0.030000
5.973085 0.030000 5.977537 0.150000 4.854450 0.030000 4.950003 0.030000 5.010722 0.030000 4.801804 0.030000 3.468448 0.030000 3.606691 0.030000
6.025849 0.030000 5.915273 0.030000 4.811923 0.030000 4.838329 0.030000 5.091589 0.030000 4.778449 0.030000 3.516920 0.030000 3.608000 0.030000
6.088608 0.030000 5.873676 0.030000 4.806270 0.030000 4.872725 0.030000 5.057131 0.030000 4.848863 0.030000 3.452649 0.030000 3.616745 0.030000
6.149291 0.030000 5.887101 0.030000 4.777279 0.030000 4.900967 0.030000 5.096974 0.150000 4.856395 0.030000 3.443312 0.030000 3.567620 0.030000
6.096887 0.030000 5.916480 0.030000 4.767503 0.030000 4.800121 0.030000 5.140689 0.030000 4.935365 0.030000 3.438295 0.030000 3.542325 0.030000
6.118569 0.030000 5.957996 0.030000 4.765971 0.030000 4.858178 0.030000 5.123274 0.030000 4.917702 0.030000 3.384515 0.030000 3.551441 0.030000
6.189216 0.030000 5.986264 0.030000 4.633715 0.030000 4.860916 0.030000 5.235297 0.030000 5.685789 0.150000 3.389989 0.030000 3.565444 0.030000
6.160740 0.030000 5.924403 0.030000 4.742831 0.030000 4.774965 0.030000 5.143139 0.030000 4.989826 0.030000 3.346309 0.030000 3.487630 0.030000
6.232464 0.030000 6.024577 0.030000 4.743278 0.030000 4.798018 0.030000 5.217206 0.030000 5.022967 0.030000 3.317017 0.030000 3.478381 0.030000
6.266195 0.030000 5.998503 0.030000 4.738430 0.030000 4.804584 0.030000 5.258030 0.030000 5.043717 0.030000 3.364576 0.030000 3.486940 0.030000
6.155487 0.030000 6.089467 0.030000 4.722911 0.030000 4.788449 0.030000 5.226967 0.030000 4.999997 0.030000 3.314835 0.030000 3.473340 0.030000
6.409278 0.150000 6.069211 0.030000 4.677945 0.030000 4.854307 0.030000 5.288791 0.030000 5.076912 0.030000 3.291431 0.030000 3.437533 0.150000
6.321269 0.030000 6.107207 0.030000 4.698362 0.030000 4.721034 0.030000 5.327308 0.030000 5.050410 0.030000 3.326418 0.030000 3.352456 0.030000
6.313854 0.030000 6.080230 0.030000 4.653277 0.030000 4.743267 0.030000 5.303076 0.030000 5.091580 0.030000 3.300646 0.030000 3.439799 0.030000
6.340605 0.030000 6.090764 0.030000 4.676858 0.030000 4.665539 0.150000 5.378778 0.030000 5.150511 0.030000 3.236116 0.030000 3.340816 0.030000
6.355861 0.030000 6.540361 0.150000 4.629154 0.030000 4.769809 0.030000 5.342564 0.030000 5.159722 0.030000 3.269588 0.030000 3.343193 0.030000
7.273049 0.150000 6.193237 0.030000 4.676590 0.030000 4.703316 0.030000 5.438357 0.030000 5.169130 0.030000 3.229543 0.030000 3.236054 0.150000
6.429403 0.030000 6.187917 0.030000 4.620660 0.030000 5.011770 0.150000 5.380239 0.030000 5.229181 0.030000 3.220051 0.030000 3.328916 0.030000
6.378236 0.030000 6.228280 0.030000 4.593544 0.030000 4.700632 0.030000 5.608005 0.150000 5.208245 0.030000 3.251975 0.030000 3.339585 0.030000
6.405593 0.030000 6.238009 0.030000 4.652520 0.030000 4.644022 0.030000 5.460530 0.030000 5.400326 0.150000 3.233122 0.030000 3.283198 0.030000
6.428002 0.030000 6.236207 0.030000 4.611198 0.030000 4.685107 0.030000 5.507525 0.030000 5.298113 0.150000 3.201518 0.030000 3.467586 0.150000
6.443664 0.030000 6.256182 0.030000 4.595295 0.030000 4.702208 0.030000 5.524250 0.030000 5.316080 0.030000 3.271776 0.150000 3.288055 0.030000
6.451027 0.030000 6.220240 0.030000 4.601060 0.030000 4.673258 0.030000 5.555076 0.030000 5.313938 0.030000 3.242899 0.030000 3.297199 0.030000
6.495233 0.030000 6.267075 0.030000 4.585875 0.030000 4.667495 0.030000 5.554105 0.030000 5.291337 0.030000 3.160450 0.030000 3.686636 0.150000
6.480449 0.030000 6.301415 0.030000 4.583457 0.030000 4.669756 0.030000 5.517108 0.030000 5.345547 0.030000 3.531935 0.150000 3.232784 0.030000
6.499138 0.030000 6.348349 0.030000 4.595003 0.030000 4.679181 0.030000 5.555919 0.030000 5.348647 0.030000 3.128136 0.030000 3.224050 0.030000
6.470206 0.030000 6.329400 0.030000 4.591586 0.030000 4.618794 0.030000 5.603241 0.030000 5.358693 0.030000 3.119735 0.030000 3.243241 0.030000
6.507041 0.030000 6.351467 0.030000 4.603494 0.030000 4.624065 0.030000 5.606965 0.030000 5.419541 0.030000 3.133543 0.030000 3.295518 0.030000
6.843462 0.150000 6.336102 0.030000 4.589144 0.030000 4.645577 0.030000 5.669556 0.030000 5.367116 0.030000 3.108327 0.030000 3.225746 0.030000
6.566417 0.030000 6.352115 0.030000 4.545066 0.030000 4.542780 0.150000 5.980906 0.150000 5.433190 0.030000 3.095013 0.030000 3.158166 0.030000
6.838886 0.150000 6.425820 0.030000 4.587177 0.030000 4.640256 0.030000 5.621270 0.030000 5.484425 0.030000 3.158897 0.030000 3.472893 0.150000
6.632849 0.030000 6.373790 0.030000 4.554190 0.030000 4.611340 0.030000 5.668584 0.030000 5.456335 0.030000 3.122282 0.030000 3.212696 0.030000
6.432714 0.150000 6.679047 0.150000 4.575228 0.030000 4.653216 0.030000 5.655071 0.030000 5.540081 0.030000 3.088658 0.030000 3.259611 0.030000
6.610640 0.030000 6.439767 0.030000 4.520628 0.030000 4.613842 0.030000 6.064984 0.150000 5.717091 0.150000 3.081755 0.030000 3.154444 0.030000
6.653673 0.030000 6.483880 0.030000 4.555691 0.030000 4.597423 0.030000 5.717457 0.030000 5.992659 0.150000 3.090786 0.030000 3.215222 0.030000
6.589298 0.030000 6.400919 0.150000 4.530089 0.030000 4.599392 0.030000 5.734914 0.150000 5.466688 0.030000 3.071848 0.030000 3.182641 0.030000
6.639772 0.030000 6.460062 0.030000 4.588476 0.030000 4.622563 0.030000 6.157388 0.150000 5.497887 0.030000 3.687780 0.150000 3.204681 0.030000
6.601336 0.030000 6.443207 0.030000 4.524798 0.030000 4.753384 0.150000 6.419367 0.150000 5.782877 0.150000 3.045730 0.030000 3.151837 0.030000
6.943351 0.150000 6.432766 0.030000 4.521593 0.030000 4.600248 0.030000 5.767056 0.030000 5.529645 0.030000 3.037862 0.030000 3.193015 0.030000
6.693516 0.030000 6.489138 0.030000 4.598325 0.150000 4.570903 0.030000 5.780649 0.030000 5.544232 0.030000 3.013951 0.030000 3.177289 0.030000
6.657972 0.030000 6.525890 0.030000 4.507232 0.150000 4.621954 0.030000 5.762625 0.030000 5.569041 0.030000 3.035276 0.030000 3.322522 0.150000
6.701996 0.030000 6.500157 0.030000 4.550100 0.030000 4.473488 0.150000 5.787288 0.030000 5.581791 0.030000 3.046080 0.030000 3.107667 0.030000
6.677619 0.030000 6.488956 0.030000 4.479549 0.030000 4.598244 0.030000 5.830193 0.030000 5.605451 0.030000 3.019709 0.030000 3.130343 0.030000
6.694008 0.030000 7.271566 0.150000 4.475390 0.030000 4.706605 0.150000 5.836750 0.030000 5.549638 0.150000 3.083238 0.030000 3.135212 0.030000
6.690841 0.030000 6.601268 0.150000 4.519391 0.030000 4.558120 0.030000 5.801611 0.030000 5.638407 0.030000 3.100229 0.030000 3.137923 0.030000
6.763871 0.030000 6.531381 0.030000 4.518269 0.030000 4.590685 0.030000 5.831095 0.030000 5.623397 0.030000 3.036058 0.030000 3.147126 0.030000
6.699785 0.030000 6.527856 0.030000 4.587318 0.030000 4.587793 0.030000 5.824684 0.030000 5.628762 0.030000 3.043077 0.030000 3.135042 0.030000
6.741642 0.030000 6.548340 0.030000 4.494981 0.030000 4.557285 0.030000 5.825292 0.030000 5.602263 0.030000 3.009821 0.030000 3.120408 0.030000
6.720325 0.030000 6.582626 0.030000 4.509287 0.030000 4.615626 0.030000 5.855568 0.030000 5.697026 0.030000 3.002907 0.030000 3.138186 0.030000
6.775370 0.030000 6.604020 0.030000 4.537228 0.030000 4.599005 0.030000 5.867741 0.030000 5.650107 0.030000 3.036451 0.030000 3.120507 0.030000
6.800003 0.030000 6.606657 0.030000 4.689114 0.150000 4.557146 0.030000 5.839708 0.030000 5.680364 0.150000 3.054337 0.030000 3.140063 0.030000
6.724767 0.030000 6.486172 0.150000 4.512845 0.030000 4.520198 0.030000 5.901972 0.030000 5.607306 0.030000 3.039633 0.030000 3.133505 0.030000
6.781897 0.030000 6.586092 0.030000 4.508684 0.030000 4.539525 0.030000 5.847911 0.030000 5.674116 0.030000 3.012990 0.030000 3.166602 0.030000
6.797268 0.030000 6.490692 0.150000 4.462688 0.030000 4.513765 0.030000 5.833326 0.030000 5.697974 0.030000 2.932474 0.030000 3.132469 0.030000
6.825116 0.030000 6.585796 0.030000 4.486168 0.030000 4.550753 0.030000 6.275437 0.150000 5.702809 0.030000 6.056488 0.150000 3.119297 0.030000
6.792032 0.030000 6.564130 0.030000 4.561971 0.030000 4.540705 0.030000 5.895516 0.030000 5.725168 0.030000 2.961159 0.030000 3.175903 0.150000
6.802771 0.030000 6.578048 0.030000 4.478699 0.030000 5.012214 0.150000 6.335580 0.150000 5.759004 0.030000 3.165958 0.150000 3.092884 0.030000
6.821769 0.030000 6.628555 0.030000 4.494809 0.030000 4.495047 0.030000 5.852060 0.030000 5.721758 0.030000 2.903584 0.030000 3.115478 0.030000
6.799254 0.030000 6.668367 0.030000 4.517612 0.030000 4.496289 0.030000 5.837017 0.030000 5.780857 0.030000 2.922414 0.030000 3.150303 0.030000
6.869788 0.030000 6.600077 0.030000 4.507890 0.150000 4.927687 0.150000 5.877754 0.030000 5.732640 0.030000 2.920601 0.030000 3.152981 0.030000
6.857237 0.030000 6.580569 0.030000 4.579805 0.030000 4.501816 0.030000 5.704316 0.150000 6.245086 0.150000 2.941502 0.030000 3.138448 0.030000
6.932702 0.030000 6.710180 0.030000 4.593436 0.030000 4.523166 0.030000 5.920988 0.030000 5.785370 0.030000 2.935860 0.030000 3.071766 0.030000
6.873580 0.030000 6.608599 0.150000 4.585708 0.030000 4.526462 0.030000 5.880316 0.030000 5.843932 0.030000 2.863414 0.030000 3.074398 0.030000
7.350465 0.150000 6.674738 0.030000 4.619650 0.030000 4.467798 0.030000 5.871458 0.030000 5.903716 0.150000 2.823118 0.030000 3.052031 0.030000
7.131284 0.150000 6.723025 0.030000 4.633610 0.030000 4.505783 0.030000 5.900457 0.030000 5.940213 0.150000 2.814891 0.030000 3.065983 0.030000
6.939213 0.030000 6.717409 0.030000 4.694450 0.030000 4.478125 0.030000 5.888845 0.030000 5.856257 0.030000 2.814691 0.030000 3.461465 0.150000
7.029489 0.030000 6.784412 0.030000 4.723487 0.030000 4.682501 0.150000 5.941948 0.030000 5.885767 0.030000 2.759934 0.030000 2.981947 0.030000
7.069465 0.030000 6.705705 0.030000 4.739215 0.030000 4.531246 0.030000 5.831898 0.030000 5.893851 0.030000 2.771939 0.030000 3.000385 0.030000
7.034469 0.030000 6.906426 0.030000 4.747462 0.030000 4.414954 0.150000 5.866641 0.030000 5.885343 0.030000 2.738663 0.030000 2.970478 0.030000
7.105874 0.030000 6.817481 0.030000 4.767832 0.030000 4.575353 0.030000 5.857711 0.030000 5.889670 0.030000 2.712103 0.030000 2.945526 0.030000
7.179434 0.030000 6.868926 0.030000 4.805550 0.030000 5.262471 0.150000 5.818002 0.030000 5.898598 0.030000 2.683410 0.030000 2.928445 0.030000
7.131788 0.030000 7.375331 0.150000 4.802793 0.030000 4.579821 0.030000 5.880596 0.030000 5.910186 0.030000 2.674143 0.030000 2.840646 0.030000
7.083322 0.030000 6.950139 0.030000 4.883587 0.030000 4.634865 0.030000 5.876374 0.030000 5.908840 0.030000 3.188584 0.150000 2.843868 0.030000
7.044224 0.150000 6.951556 0.030000 4.915026 0.030000 4.653802 0.030000 5.806317 0.030000 5.933855 0.030000 2.539379 0.030000 2.838087 0.030000
7.212221 0.030000 7.018691 0.030000 4.884204 0.030000 4.674231 0.030000 6.041861 0.150000 5.893557 0.030000 2.575516 0.030000 2.806062 0.030000
7.202251 0.030000 7.019546 0.030000 4.910453 0.030000 4.723022 0.030000 5.778738 0.030000 5.865365 0.030000 2.514406 0.030000 2.752894 0.030000
7.252266 0.030000 7.042950 0.030000 5.012749 0.030000 4.771105 0.030000 5.817082 0.030000 5.878114 0.030000 2.464426 0.030000 2.785310 0.030000
7.292076 0.030000 7.051692 0.030000 5.016566 0.030000 4.768122 0.030000 5.754365 0.030000 5.863328 0.030000 2.494270 0.030000 2.664839 0.030000
7.211296 0.030000 7.075013 0.030000 5.014912 0.030000 4.835032 0.030000 5.804939 0.030000 5.829824 0.030000 2.435295 0.030000 2.641412 0.030000
7.270246 0.030000 7.045031 0.150000 5.052969 0.030000 5.145453 0.150000 5.804415 0.030000 5.876155 0.030000 2.395649 0.030000 2.631746 0.030000
7.311526 0.030000 7.118994 0.030000 5.429726 0.150000 4.818891 0.030000 5.755273 0.030000 5.859633 0.030000 2.396511 0.030000 2.607268 0.030000
7.280896 0.030000 7.154062 0.030000 5.129800 0.030000 4.879926 0.030000 5.700716 0.030000 5.847073 0.030000 2.353668 0.030000 2.532312 0.030000
7.938147 0.150000 7.180405 0.030000 5.168348 0.030000 4.903604 0.030000 5.713451 0.030000 5.495957 0.150000 2.312882 0.030000 2.521226 0.030000
7.370792 0.030000 7.157975 0.030000 5.144555 0.030000 4.979650 0.030000 5.663118 0.030000 5.781616 0.030000 2.229352 0.030000 2.517317 0.030000
7.430774 0.030000 7.239298 0.030000 5.313554 0.150000 5.303617 0.150000 5.699529 0.030000 5.771072 0.030000 2.215713 0.030000 2.537177 0.150000
7.709188 0.150000 7.262997 0.030000 5.255582 0.030000 5.003111 0.030000 5.669402 0.030000 5.776788 0.030000 2.231438 0.030000 2.466649 0.030000
7.766842 0.150000 7.252999 0.030000 5.296479 0.030000 5.004831 0.030000 5.702529 0.030000 5.758037 0.030000 2.218233 0.030000 2.441805 0.030000
7.468614 0.030000 7.255313 0.030000 5.268155 0.030000 5.078573 0.030000 5.676473 0.030000 5.811663 0.030000 3.448932 0.150000 2.412690 0.030000
7.550386 0.030000 7.248798 0.030000 5.316802 0.030000 5.045585 0.030000 5.643143 0.030000 5.704961 0.030000 2.124162 0.030000 2.378821 0.030000
7.466406 0.030000 7.279459 0.030000 5.603299 0.150000 5.111725 0.030000 5.629595 0.030000 5.702507 0.030000 2.087075 0.030000 2.319214 0.030000
7.541556 0.030000 7.463731 0.150000 5.413477 0.030000 5.223196 0.030000 5.625727 0.030000 5.681802 0.030000 2.116039 0.030000 2.345906 0.030000
7.501244 0.030000 7.364215 0.030000 5.386852 0.030000 5.180577 0.030000 5.600837 0.030000 5.727822 0.030000 2.071862 0.030000 2.275841 0.030000
7.579715 0.030000 7.385356 0.030000 5.425681 0.030000 5.230871 0.030000 5.604922 0.030000 5.813049 0.150000 2.035445 0.030000 2.222854 0.030000
7.563764 0.030000 7.366361 0.030000 5.487651 0.030000 5.241733 0.030000 5.618307 0.030000 5.709312 0.030000 1.975257 0.030000 2.222125 0.030000
7.581266 0.030000 7.410621 0.030000 5.715742 0.150000 5.246429 0.030000 5.618685 0.030000 5.714444 0.030000 1.987576 0.030000 2.231274 0.030000
7.618533 0.030000 7.486447 0.030000 5.521036 0.030000 5.280990 0.030000 5.585736 0.030000 5.699972 0.030000 1.967587 0.030000 2.135894 0.030000
7.668178 0.030000 7.464754 0.030000 5.611403 0.030000 5.315982 0.030000 5.573411 0.030000 5.665646 0.030000 1.902884 0.030000 2.959600 0.150000
7.689874 0.030000 7.486401 0.030000 5.548089 0.030000 5.731915 0.150000 5.571925 0.030000 5.603997 0.030000 1.893295 0.030000 2.137495 0.030000
7.686659 0.030000 7.508599 0.030000 5.649643 0.150000 5.339096 0.030000 5.628445 0.030000 5.584415 0.030000 1.826840 0.030000 2.100702 0.030000
7.705846 0.030000 7.476649 0.030000 5.637185 0.030000 5.983063 0.150000 5.574436 0.030000 5.640212 0.030000 1.879390 0.030000 2.096692 0.030000
7.749179 0.030000 7.524395 0.150000 5.652133 0.030000 5.413336 0.030000 5.513335 0.030000 5.661584 0.030000 1.796428 0.030000 1.999707 0.030000
7.763962 0.030000 7.528703 0.030000 5.708708 0.030000 5.442031 0.030000 5.518459 0.030000 5.560992 0.030000 1.819621 0.030000 2.572594 0.150000
7.755497 0.030000 7.574843 0.030000 5.722604 0.030000 5.495064 0.030000 5.525008 0.030000 5.627755 0.030000 1.842884 0.030000 1.990841 0.030000
7.806768 0.030000 7.593320 0.030000 6.139921 0.150000 5.484217 0.030000 5.515649 0.030000 5.575408 0.030000 1.773834 0.030000 2.045457 0.030000
7.779861 0.030000 7.590294 0.030000 5.750331 0.030000 5.542045 0.030000 5.545222 0.030000 5.643424 0.030000 1.753085 0.030000 1.977953 0.030000
7.764627 0.030000 7.670785 0.030000 5.789562 0.030000 5.582418 0.030000 5.554193 0.030000 5.575537 0.150000 1.739701 0.030000 1.915294 0.030000
8.127402 0.150000 7.610486 0.030000 5.772749 0.030000 5.517196 0.030000 5.497332 0.030000 5.546701 0.030000 1.726946 0.030000 1.954882 0.030000
7.791702 0.030000 7.695506 0.030000 5.845044 0.030000 5.572623 0.030000 5.498806 0.030000 6.762529 0.150000 1.672612 0.030000 1.920599 0.030000
7.867026 0.030000 7.675392 0.030000 5.873614 0.030000 5.667859 0.150000 5.645943 0.150000 5.608077 0.030000 1.692141 0.030000 1.882808 0.030000
7.886158 0.030000 7.699005 0.030000 5.870357 0.030000 5.952211 0.150000 5.476933 0.030000 5.579107 0.030000 1.645171 0.030000 1.872523 0.030000
7.898941 0.030000 7.717250 0.030000 5.885560 0.030000 5.606156 0.030000 5.455307 0.150000 5.587973 0.030000 1.653484 0.030000 1.885148 0.030000
8.214586 0.150000 7.667905 0.030000 5.888175 0.030000 5.652488 0.030000 5.489588 0.030000 5.534877 0.030000 1.626297 0.030000 1.901965 0.030000
7.911972 0.030000 7.735152 0.030000 6.462372 0.150000 5.635959 0.030000 5.457388 0.030000 5.566004 0.030000 1.561945 0.030000 1.826186 0.030000
7.899299 0.030000 7.741827 0.030000 5.951845 0.030000 5.675551 0.030000 5.482875 0.030000 6.285405 0.150000 1.656896 0.030000 1.790060 0.030000
7.881197 0.030000 7.728257 0.030000 5.895439 0.030000 5.723118 0.030000 5.441479 0.030000 5.608081 0.030000 1.645511 0.030000 3.087818 0.150000
7.888479 0.030000 7.772032 0.030000 5.954143 0.030000 5.654379 0.030000 5.477032 0.030000 6.476674 0.150000 1.633297 0.030000 1.801671 0.030000
7.907263 0.030000 7.748736 0.030000 5.910916 0.030000 5.706591 0.030000 5.453264 0.030000 5.511243 0.030000 1.591406 0.030000 1.774724 0.030000
7.980558 0.030000 7.742721 0.030000 5.997572 0.030000 5.713567 0.030000 5.454435 0.030000 5.565194 0.030000 1.599739 0.030000 1.735006 0.030000
7.957605 0.030000 7.824136 0.030000 5.865725 0.150000 5.744806 0.030000 5.486457 0.030000 5.503339 0.030000 1.485994 0.030000 2.091334 0.150000
7.990162 0.030000 7.796304 0.030000 6.001348 0.030000 5.723024 0.030000 5.520149 0.030000 5.515319 0.030000 1.525617 0.030000 1.947116 0.150000
7.987636 0.030000 7.767701 0.030000 5.971575 0.030000 5.792747 0.030000 5.503642 0.030000 5.565387 0.030000 1.519756 0.150000 1.742173 0.030000
7.989555 0.030000 7.850324 0.030000 6.016630 0.030000 5.724257 0.030000 5.427815 0.030000 5.549274 0.030000 1.474563 0.030000 1.734805 0.030000
8.003487 0.030000 7.817233 0.030000 5.990225 0.030000 5.782962 0.030000 5.547644 0.150000 5.523292 0.030000 1.471967 0.030000 1.680292 0.030000
8.055129 0.030000 7.798081 0.030000 6.011949 0.030000 5.786106 0.030000 5.456844 0.030000 5.505541 0.030000 1.525920 0.030000 1.631823 0.030000
8.022845 0.030000 7.821619 0.030000 6.103546 0.030000 5.820737 0.030000 5.412451 0.030000 5.531200 0.030000 1.435884 0.030000 1.617975 0.030000
8.025306 0.030000 7.874942 0.030000 6.074616 0.030000 6.201611 0.150000 5.460987 0.030000 5.510545 0.030000 1.474986 0.030000 1.628428 0.030000
8.076950 0.030000 7.888485 0.030000 6.126100 0.030000 5.804515 0.030000 5.465735 0.030000 5.511766 0.030000 1.513367 0.030000 1.874886 0.150000
8.071208 0.030000 7.891328 0.030000 6.266212 0.150000 5.837892 0.030000 5.291206 0.150000 5.477538 0.030000 1.415313 0.030000 1.636333 0.030000
8.420946 0.150000 7.842196 0.030000 6.093105 0.030000 5.870738 0.030000 5.644926 0.150000 5.518094 0.030000 1.414864 0.030000 2.011544 0.150000
8.035875 0.030000 7.842629 0.030000 6.534033 0.150000 5.860774 0.030000 5.439353 0.030000 5.496366 0.030000 1.410896 0.030000 2.146955 0.150000
8.437664 0.150000 7.745516 0.150000 6.097524 0.030000 5.913073 0.030000 5.418854 0.030000 5.474741 0.030000 1.422559 0.030000 1.646625 0.030000
8.077411 0.030000 7.872585 0.030000 6.115115 0.030000 5.864521 0.030000 5.515499 0.030000 5.544933 0.030000 1.437215 0.030000 1.628685 0.030000
8.041896 0.030000 7.856353 0.030000 6.116480 0.030000 5.913026 0.030000 5.421298 0.030000 5.454688 0.030000 1.429574 0.030000 1.661881 0.030000
8.062166 0.030000 7.879769 0.030000 6.085438 0.030000 5.880027 0.030000 5.441987 0.030000 5.488658 0.030000 1.373172 0.030000 1.615851 0.030000
8.051419 0.030000 7.900749 0.030000 6.138039 0.030000 5.985837 0.030000 5.467788 0.030000 5.499184 0.030000 1.424532 0.030000 1.583763 0.030000
8.041814 0.030000 7.877146 0.030000 6.181968 0.030000 5.881214 0.030000 6.014578 0.150000 5.586744 0.150000 1.425906 0.030000 1.576077 0.030000
8.036517 0.030000 7.894650 0.030000 6.177537 0.030000 5.931950 0.030000 5.433546 0.030000 5.500216 0.030000 1.415611 0.030000 1.578004 0.030000
8.094512 0.030000 8.177089 0.150000 6.159628 0.030000 5.871640 0.030000 5.393696 0.030000 5.970049 0.150000 1.406392 0.030000 1.550610 0.030000
8.070559 0.030000 7.946983 0.030000 6.121413 0.030000 5.929450 0.030000 5.322059 0.030000 5.479991 0.030000 1.456444 0.030000 1.557398 0.030000
8.079788 0.030000 7.961456 0.030000 6.152557 0.030000 5.929202 0.030000 5.328710 0.030000 5.574504 0.030000 1.517885 0.150000 1.588154 0.030000
8.048554 0.030000 8.062662 0.030000 6.192604 0.030000 6.007718 0.030000 5.398785 0.030000 5.578641 0.150000 1.404188 0.030000 1.547549 0.030000
8.035664 0.030000 7.994299 0.030000 6.162581 0.030000 5.933553 0.030000 5.341619 0.030000 5.492249 0.030000 1.456804 0.030000 1.599257 0.030000
8.070043 0.030000 7.956651 0.030000 6.185979 0.030000 5.975446 0.030000 5.322396 0.030000 5.485555 0.030000 1.416414 0.030000 1.532189 0.030000
8.021459 0.030000 8.026835 0.030000 6.257178 0.030000 6.001695 0.030000 5.325969 0.030000 5.483825 0.030000 1.476505 0.030000 1.540449 0.030000
8.008064 0.030000 8.016154 0.030000 6.194369 0.030000 6.427084 0.150000 5.258032 0.030000 5.495021 0.030000 1.453144 0.030000 1.498515 0.030000
8.034395 0.030000 8.089030 0.030000 6.207807 0.030000 6.272650 0.150000 6.077409 0.150000 5.489880 0.030000 1.442578 0.030000 1.465844 0.030000
8.068767 0.030000 8.178662 0.150000 6.278888 0.030000 6.124843 0.030000 5.228499 0.030000 5.196121 0.150000 1.641064 0.150000 1.489736 0.030000
8.010402 0.030000 8.352557 0.150000 6.268393 0.030000 6.081485 0.030000 5.214056 0.030000 5.445289 0.030000 1.461530 0.030000 1.433911 0.030000
8.036501 0.030000 8.069900 0.030000 6.204000 0.030000 6.159628 0.150000 5.435871 0.150000 5.387622 0.030000 1.477800 0.030000 1.407524 0.030000
7.969019 0.030000 8.095812 0.030000 6.289435 0.030000 6.153084 0.030000 5.188802 0.030000 5.400315 0.030000 1.455271 0.030000 1.425975 0.030000
7.986054 0.030000 8.051209 0.030000 6.248580 0.030000 6.195717 0.030000 5.180755 0.030000 5.326115 0.030000 1.493405 0.030000 1.461209 0.030000
8.742493 0.150000 8.064955 0.030000 6.268858 0.030000 6.291251 0.150000 5.058845 0.030000 5.316585 0.030000 1.519539 0.030000 1.483845 0.030000
7.936892 0.030000 8.053403 0.030000 6.239876 0.030000 6.169589 0.030000 5.072250 0.030000 5.277892 0.030000 1.570372 0.030000 1.457423 0.030000
7.921956 0.030000 8.092587 0.030000 6.303301 0.030000 6.168287 0.030000 5.043084 0.030000 5.238374 0.030000 1.377400 0.150000 1.490651 0.030000
8.143487 0.150000 7.953115 0.030000 6.309242 0.030000 6.195434 0.030000 5.012959 0.030000 5.254633 0.030000 1.611543 0.030000 1.537993 0.030000
7.857735 0.030000 7.979048 0.030000 6.307723 0.030000 6.231959 0.030000 5.023023 0.030000 5.197636 0.030000 1.708032 0.030000 1.527130 0.030000
7.893931 0.030000 7.965268 0.030000 6.342164 0.030000 6.345174 0.150000 4.947017 0.030000 5.228715 0.030000 1.645202 0.030000 1.516016 0.030000
7.840546 0.030000 7.992420 0.030000 6.315809 0.030000 6.240575 0.030000 4.890079 0.030000 5.514598 0.150000 1.717818 0.030000 1.523431 0.030000
7.822605 0.030000 7.952778 0.030000 6.274051 0.030000 6.277497 0.030000 4.883746 0.030000 5.103028 0.030000 1.710965 0.030000 1.532462 0.030000
7.790116 0.030000 7.951929 0.030000 6.313696 0.030000 6.267741 0.150000 4.867631 0.030000 5.077984 0.030000 1.701407 0.030000 1.587455 0.030000
7.740717 0.030000 7.915801 0.030000 6.317050 0.030000 6.271917 0.030000 4.840254 0.030000 5.094254 0.030000 1.781310 0.030000 1.525363 0.030000
7.732571 0.030000 7.952097 0.030000 6.303103 0.030000 6.284412 0.030000 4.822289 0.030000 5.050390 0.030000 2.037870 0.150000 2.025894 0.150000
7.738281 0.030000 7.907200 0.030000 6.285647 0.030000 6.303312 0.030000 4.716311 0.030000 5.008449 0.030000 1.784408 0.030000 1.619474 0.030000
7.699549 0.030000 7.899168 0.030000 6.326617 0.030000 6.588613 0.150000 4.765773 0.030000 4.979159 0.030000 1.847256 0.030000 1.581317 0.030000
7.673426 0.030000 7.913504 0.030000 6.279971 0.030000 6.294754 0.030000 4.724774 0.030000 4.876176 0.030000 1.937080 0.150000 1.649883 0.030000
7.774527 0.150000 7.846831 0.030000 6.430207 0.150000 6.285053 0.030000 4.689902 0.030000 4.917867 0.030000 1.887606 0.030000 1.659554 0.030000
7.682839 0.030000 7.830672 0.030000 6.393221 0.030000 6.306517 0.030000 4.642649 0.030000 4.900160 0.150000 1.903181 0.030000 1.719442 0.030000
7.641533 0.030000 7.787777 0.030000 6.398461 0.030000 6.308607 0.030000 4.635302 0.030000 4.859039 0.030000 1.930503 0.030000 1.707545 0.030000
7.569566 0.030000 7.770849 0.030000 6.333270 0.030000 6.270428 0.030000 4.530987 0.030000 4.833416 0.030000 1.935875 0.030000 1.633751 0.150000
7.581427 0.030000 7.769924 0.030000 6.368991 0.030000 6.394540 0.150000 4.532298 0.030000 4.818001 0.030000 1.960377 0.030000 1.740673 0.030000
7.531919 0.030000 7.693367 0.030000 6.385648 0.030000 6.304477 0.030000 4.547721 0.030000 4.747035 0.030000 1.994051 0.030000 1.778076 0.030000
7.607817 0.030000 7.715626 0.030000 6.310296 0.030000 6.350046 0.030000 4.484643 0.030000 4.765799 0.030000 2.051981 0.030000 1.909439 0.150000
8.738442 0.150000 7.701982 0.030000 6.716371 0.150000 6.285804 0.030000 4.484143 0.030000 4.769317 0.030000 2.103236 0.030000 1.864991 0.030000
7.484394 0.030000 7.667794 0.030000 6.350144 0.030000 6.346773 0.030000 4.453126 0.030000 4.707566 0.030000 2.047398 0.030000 1.918158 0.030000
7.488819 0.030000 7.709426 0.030000 6.378658 0.030000 6.343082 0.030000 4.387121 0.030000 5.105927 0.150000 2.057961 0.030000 1.853391 0.030000
7.488899 0.030000 7.622129 0.030000 6.375629 0.030000 6.315351 0.030000 4.391554 0.030000 4.623077 0.030000 2.107232 0.030000 1.892244 0.030000
7.482874 0.030000 7.576795 0.030000 6.423752 0.030000 6.395482 0.030000 4.298117 0.030000 4.654236 0.030000 2.194894 0.030000 1.985442 0.030000
7.519865 0.030000 8.523102 0.150000 6.528248 0.150000 6.361119 0.030000 4.313849 0.030000 4.583008 0.030000 2.337410 0.150000 1.952547 0.030000
7.468234 0.030000 7.536367 0.030000 6.488635 0.030000 6.376343 0.030000 4.306909 0.030000 4.545871 0.030000 2.179563 0.030000 2.000384 0.030000
7.397199 0.030000 7.593412 0.030000 6.419265 0.030000 6.365197 0.030000 4.277163 0.030000 4.516503 0.030000 2.292216 0.030000 2.032275 0.030000
7.341450 0.030000 7.537476 0.030000 6.406140 0.030000 6.384424 0.030000 4.236590 0.030000 4.453957 0.030000 2.288174 0.030000 2.920664 0.150000
7.423917 0.030000 7.512301 0.030000 6.928501 0.150000 6.395544 0.030000 4.321560 0.030000 4.466043 0.030000 2.301121 0.030000 2.579492 0.150000
7.348675 0.030000 7.522921 0.030000 6.434728 0.030000 6.435916 0.030000 4.212476 0.030000 4.444529 0.030000 2.329831 0.030000 2.092139 0.030000
7.363103 0.030000 7.451415 0.030000 6.413901 0.030000 6.400491 0.030000 4.125754 0.030000 5.073312 0.150000 2.363520 0.030000 2.188947 0.030000
7.366079 0.030000 7.462561 0.030000 6.479622 0.030000 6.430434 0.030000 4.166611 0.030000 4.383282 0.030000 2.543633 0.150000 2.176032 0.030000
7.897037 0.150000 7.453686 0.030000 6.538893 0.030000 6.494209 0.150000 4.092746 0.030000 4.283008 0.030000 2.381839 0.030000 2.187497 0.030000
7.314757 0.030000 7.456571 0.030000 6.457875 0.030000 6.361375 0.030000 4.075661 0.030000 4.297014 0.030000 2.433387 0.030000 2.281197 0.150000
7.292096 0.030000 7.453608 0.030000 6.473699 0.030000 6.431354 0.030000 4.313951 0.150000 4.262808 0.030000 2.465584 0.030000 2.186015 0.030000
7.229811 0.030000 7.416999 0.030000 6.565535 0.030000 6.427632 0.030000 3.993057 0.030000 4.295536 0.030000 2.473108 0.030000 2.257368 0.030000
7.199313 0.030000 7.402120 0.030000 6.528400 0.030000 6.440837 0.030000 3.987182 0.030000 4.240239 0.030000 2.491910 0.030000 2.241266 0.030000
7.214643 0.030000 7.408045 0.030000 6.574056 0.030000 6.446908 0.030000 4.007356 0.030000 4.224484 0.030000 2.587006 0.030000 2.316244 0.030000
7.163040 0.030000 7.379441 0.030000 6.551402 0.030000 6.440972 0.030000 3.960078 0.030000 4.145433 0.030000 2.525820 0.030000 2.324951 0.030000
7.192961 0.030000 7.716531 0.150000 6.543244 0.030000 6.504254 0.030000 4.164244 0.150000 4.186435 0.030000 2.633381 0.030000 2.371394 0.150000
7.177498 0.030000 7.324660 0.030000 6.580276 0.030000 6.504611 0.030000 3.891342 0.030000 4.040434 0.030000 2.620477 0.030000 2.420402 0.030000
6.998341 0.150000 7.303307 0.030000 6.542915 0.030000 6.464566 0.030000 3.851913 0.030000 4.124011 0.030000 2.655825 0.030000 2.403970 0.030000
7.201604 0.150000 7.340101 0.030000 6.646745 0.030000 6.516551 0.030000 3.871531 0.030000 4.035768 0.030000 2.681321 0.030000 2.434131 0.030000
7.149531 0.030000 7.830274 0.150000 6.617062 0.030000 6.551581 0.030000 3.799777 0.030000 4.056280 0.030000 2.719248 0.030000 2.493130 0.030000
7.097376 0.030000 7.214356 0.030000 6.558997 0.030000 6.474781 0.030000 3.728766 0.030000 4.000299 0.030000 2.721989 0.030000 3.500884 0.150000
7.159771 0.030000 7.245494 0.030000 6.609043 0.030000 6.493752 0.030000 3.743506 0.030000 3.987509 0.030000 2.612990 0.150000 2.504472 0.030000
7.216381 0.150000 7.206693 0.030000 6.634619 0.030000 6.361320 0.150000 3.731966 0.030000 3.966238 0.030000 2.821871 0.030000 2.569503 0.030000
7.093404 0.030000 7.197577 0.030000 6.618960 0.030000 6.530062 0.030000 3.644903 0.030000 3.881362 0.030000 2.810196 0.030000 2.586055 0.030000
7.129688 0.150000 7.202633 0.030000 6.609998 0.030000 6.562268 0.030000 3.639401 0.030000 3.888899 0.030000 2.921215 0.030000 2.600571 0.030000
7.036024 0.030000 7.134163 0.030000 6.708180 0.030000 6.552167 0.030000 3.619501 0.030000 3.880745 0.030000 2.880254 0.030000 2.620890 0.030000
6.976686 0.030000 7.182972 0.030000 6.634525 0.150000 6.590670 0.030000 3.618274 0.030000 3.849602 0.030000 2.868279 0.030000 2.631060 0.030000
7.018549 0.030000 7.116047 0.030000 6.671701 0.030000 6.610386 0.030000 3.621745 0.030000 3.854426 0.030000 2.873773 0.030000 2.712838 0.030000
6.981603 0.030000 7.098385 0.030000 6.656122 0.030000 6.573109 0.030000 3.605789 0.030000 3.783576 0.030000 2.862575 0.030000 2.726542 0.030000
6.980177 0.030000 7.056893 0.030000 6.692475 0.030000 6.584883 0.030000 3.539364 0.030000 3.743703 0.030000 2.998684 0.030000 2.705862 0.030000
6.984896 0.030000 7.061446 0.030000 6.709506 0.030000 6.632452 0.030000 3.462282 0.030000 3.698522 0.030000 2.963550 0.030000 2.769978 0.030000
7.023658 0.150000 7.359047 0.150000 6.725406 0.030000 7.183844 0.150000 3.488932 0.030000 3.680350 0.030000 3.061294 0.030000 3.462292 0.150000
6.958427 0.030000 7.099865 0.030000 6.727344 0.030000 6.659902 0.030000 3.452555 0.030000 3.632766 0.030000 3.305282 0.150000 2.875057 0.030000
6.949517 0.030000 6.991343 0.030000 6.750565 0.030000 6.597328 0.030000 3.442349 0.030000 3.622211 0.030000 3.120535 0.030000 2.873217 0.030000
6.898322 0.030000 7.059488 0.030000 7.243204 0.150000 6.587893 0.030000 3.428769 0.030000 3.587699 0.030000 3.138803 0.030000 2.964500 0.150000
6.905651 0.030000 7.063761 0.030000 6.743892 0.030000 6.661793 0.030000 3.334226 0.030000 3.582655 0.030000 3.169332 0.030000 2.907679 0.030000
6.862588 0.030000 7.049140 0.030000 6.776067 0.030000 6.644750 0.030000 3.294337 0.030000 3.523710 0.150000 3.159294 0.030000 2.929102 0.030000
6.811577 0.030000 7.031431 0.030000 6.828830 0.030000 6.673934 0.150000 3.235879 0.030000 3.498763 0.030000 3.172080 0.030000 3.277977 0.150000
6.789699 0.030000 7.476123 0.150000 6.882930 0.030000 6.680377 0.030000 3.282652 0.030000 3.526025 0.030000 3.248014 0.030000 2.968469 0.030000
6.840717 0.030000 7.002153 0.030000 6.808552 0.030000 6.717274 0.030000 3.335221 0.150000 3.504678 0.030000 3.264227 0.030000 3.028264 0.030000
6.858726 0.030000 6.916531 0.030000 7.362466 0.150000 6.735158 0.030000 3.242709 0.030000 3.458416 0.030000 3.245347 0.030000 3.083649 0.030000
6.837854 0.030000 6.937751 0.030000 6.703643 0.150000 6.713328 0.030000 3.214140 0.030000 3.411164 0.030000 3.304783 0.030000 3.070735 0.030000
6.773498 0.030000 6.855980 0.030000 6.844854 0.030000 6.718227 0.030000 3.150411 0.030000 3.381846 0.030000 3.342925 0.030000 3.103311 0.030000
6.777638 0.030000 6.884562 0.030000 6.869762 0.030000 6.800508 0.030000 3.118588 0.030000 3.339571 0.030000 3.351950 0.030000 3.122365 0.030000
6.738375 0.030000 6.882424 0.030000 6.874632 0.030000 6.778810 0.030000 3.110681 0.030000 3.274367 0.030000 3.413286 0.030000 3.194979 0.030000
6.749511 0.030000 6.899808 0.030000 6.897984 0.030000 6.796409 0.030000 3.127548 0.030000 3.311557 0.030000 3.429278 0.030000 3.162729 0.030000
6.760571 0.030000 6.874995 0.030000 6.902834 0.030000 6.788496 0.030000 3.046035 0.030000 3.273421 0.030000 3.781623 0.150000 3.209630 0.030000
6.703283 0.030000 6.804251 0.030000 6.897943 0.030000 6.786814 0.030000 3.034247 0.030000 3.319160 0.030000 3.494496 0.030000 3.238894 0.030000
6.697932 0.030000 6.881923 0.030000 6.962618 0.030000 6.805680 0.030000 2.987079 0.030000 3.181317 0.030000 3.520441 0.030000 3.262907 0.030000
6.736843 0.030000 6.717061 0.150000 6.879439 0.030000 6.824244 0.030000 2.910875 0.030000 3.151184 0.030000 3.565353 0.030000 3.307912 0.030000
6.711126 0.030000 6.825072 0.030000 6.960091 0.030000 6.866673 0.030000 2.944167 0.030000 3.566344 0.150000 3.578239 0.030000 3.336006 0.030000
6.609915 0.030000 6.793583 0.030000 6.987524 0.030000 6.906783 0.030000 3.479156 0.150000 3.136991 0.030000 3.629119 0.030000 3.331140 0.030000
6.660503 0.030000 6.758108 0.030000 7.900130 0.150000 6.875080 0.030000 2.809749 0.150000 3.134034 0.030000 3.633178 0.030000 3.370421 0.030000
6.657062 0.030000 6.771223 0.030000 7.013132 0.030000 6.872706 0.030000 2.858431 0.030000 3.056771 0.030000 3.647500 0.030000 3.354077 0.030000
6.617475 0.030000 6.770454 0.030000 7.010783 0.030000 6.858187 0.030000 2.872098 0.030000 3.042724 0.030000 3.679135 0.030000 3.449826 0.030000
6.610064 0.030000 6.720182 0.030000 7.087890 0.030000 6.933830 0.030000 2.820064 0.030000 3.004664 0.030000 3.727116 0.030000 3.594081 0.150000
6.637340 0.030000 6.748317 0.030000 6.992755 0.030000 6.959487 0.030000 2.796381 0.030000 2.988813 0.030000 3.795760 0.030000 3.495053 0.030000
6.574256 0.030000 7.082427 0.150000 7.072045 0.030000 6.883713 0.030000 2.768663 0.030000 2.923474 0.030000 3.664520 0.150000 3.527702 0.030000
6.621440 0.030000 6.654736 0.030000 7.074663 0.030000 6.937394 0.030000 2.746892 0.030000 2.921173 0.030000 3.834180 0.030000 4.075010 0.150000
6.620883 0.030000 6.658270 0.030000 7.173114 0.030000 6.913646 0.030000 2.681847 0.030000 2.942906 0.030000 3.787404 0.030000 3.612183 0.030000
6.616020 0.030000 6.645478 0.030000 7.143582 0.030000 6.987441 0.030000 2.647749 0.030000 2.888240 0.030000 3.899931 0.030000 3.608683 0.030000
6.528636 0.030000 6.608149 0.030000 7.133371 0.030000 7.019052 0.030000 2.664152 0.030000 2.838558 0.030000 3.907717 0.030000 3.654679 0.030000
6.572642 0.030000 6.603756 0.030000 7.092146 0.030000 7.072530 0.030000 2.600563 0.030000 2.844819 0.030000 3.910304 0.030000 3.678788 0.030000
6.690061 0.150000 6.643675 0.030000 7.106823 0.030000 7.096652 0.030000 2.566340 0.030000 3.087757 0.150000 3.929117 0.030000 4.153381 0.150000
6.471616 0.030000 6.720610 0.030000 7.870060 0.150000 7.066070 0.030000 2.511697 0.030000 2.755291 0.030000 3.935290 0.030000 3.737984 0.030000
6.599677 0.150000 6.611954 0.030000 7.205051 0.030000 7.041873 0.030000 2.506245 0.030000 2.813504 0.030000 3.944902 0.030000 4.588413 0.150000
6.513222 0.030000 6.620635 0.030000 7.440090 0.150000 7.099635 0.030000 2.481375 0.030000 2.719032 0.030000 4.034515 0.030000 3.770693 0.030000
6.534767 0.030000 6.632408 0.030000 7.244117 0.030000 7.090300 0.030000 2.430137 0.030000 2.698708 0.030000 4.063905 0.030000 3.793634 0.030000
6.481866 0.030000 6.601001 0.030000 7.216172 0.030000 7.149567 0.030000 2.444158 0.030000 2.699431 0.030000 4.060239 0.030000 3.790815 0.030000
6.500920 0.030000 6.590808 0.030000 7.272662 0.030000 7.067688 0.030000 2.429033 0.030000 2.658622 0.030000 4.089829 0.030000 3.888962 0.030000
6.462252 0.030000 6.512006 0.030000 7.300631 0.030000 7.153760 0.030000 2.404099 0.030000 2.566088 0.030000 4.131274 0.030000 3.858921 0.030000
6.486138 0.030000 6.522543 0.030000 7.243992 0.030000 7.149499 0.030000 2.328540 0.030000 2.593448 0.030000 4.144216 0.030000 3.969571 0.150000
6.473210 0.030000 6.589830 0.030000 7.249813 0.030000 7.563770 0.150000 2.362627 0.030000 2.958700 0.150000 4.206653 0.030000 3.981006 0.030000
6.450500 0.030000 6.496386 0.030000 7.317229 0.030000 7.191395 0.030000 2.377051 0.030000 2.517454 0.030000 4.225710 0.030000 4.080934 0.030000
6.439501 0.030000 6.539215 0.030000 7.328222 0.030000 7.205430 0.030000 2.330606 0.030000 2.529941 0.030000 4.307420 0.030000 4.013740 0.030000
6.373470 0.030000 6.508841 0.030000 7.288149 0.030000 7.219423 0.030000 2.264474 0.030000 2.493694 0.030000 4.920811 0.150000 4.043943 0.030000
6.405858 0.030000 6.458093 0.030000 7.311589 0.030000 7.261343 0.030000 2.241551 0.030000 2.476975 0.030000 4.330886 0.030000 4.113663 0.030000
6.415795 0.030000 6.498017 0.030000 7.393103 0.030000 7.302768 0.030000 2.269057 0.030000 2.605224 0.150000 4.360390 0.030000 4.142352 0.030000
6.412610 0.030000 6.456640 0.030000 8.022418 0.150000 7.271912 0.030000 2.176751 0.030000 2.437169 0.030000 4.430800 0.030000 4.135271 0.030000
6.334247 0.030000 6.432383 0.030000 7.431631 0.030000 7.392549 0.150000 2.207015 0.030000 2.380801 0.030000 4.425399 0.030000 4.127938 0.030000
6.393760 0.030000 6.532165 0.150000 7.388241 0.030000 7.271777 0.030000 2.160061 0.030000 2.393193 0.030000 4.398161 0.030000 4.162034 0.030000
6.374003 0.030000 6.434297 0.030000 7.482420 0.030000 7.290621 0.030000 2.124747 0.030000 2.538552 0.150000 4.452019 0.030000 4.181612 0.030000
6.360188 0.030000 6.398015 0.030000 7.466283 0.030000 7.355246 0.030000 2.147642 0.030000 2.193070 0.150000 4.963444 0.150000 4.176606 0.030000
6.408695 0.030000 6.367004 0.030000 7.475516 0.030000 7.735380 0.150000 2.069597 0.030000 2.355542 0.030000 4.472680 0.030000 4.232729 0.030000
6.332893 0.030000 6.375920 0.030000 7.486948 0.030000 7.332024 0.030000 2.018239 0.030000 2.278421 0.030000 4.564661 0.030000 4.371714 0.030000
6.262286 0.030000 6.371245 0.030000 7.478927 0.030000 7.401717 0.030000 2.061465 0.030000 2.309363 0.030000 4.601177 0.030000 4.345492 0.030000
6.891880 0.150000 6.381036 0.030000 7.573716 0.030000 7.352583 0.030000 2.074405 0.030000 2.232787 0.030000 4.567306 0.030000 4.426559 0.030000
6.328638 0.030000 6.442678 0.030000 7.555091 0.030000 7.408985 0.030000 2.054690 0.030000 2.158378 0.030000 4.614372 0.030000 4.394296 0.030000
6.335294 0.030000 6.358152 0.030000 7.580668 0.030000 7.403971 0.030000 2.011070 0.150000 2.162050 0.030000 4.658085 0.150000 4.407026 0.030000
6.237055 0.030000 6.380766 0.030000 7.533833 0.030000 7.417855 0.030000 1.917313 0.030000 2.145269 0.030000 4.686795 0.030000 4.443668 0.030000
6.236084 0.030000 6.486836 0.150000 8.473406 0.150000 7.463970 0.030000 1.982322 0.150000 2.124878 0.030000 4.722138 0.030000 4.493647 0.150000
6.319721 0.030000 6.394475 0.030000 7.593732 0.030000 7.453560 0.030000 1.919265 0.030000 2.087308 0.030000 4.756298 0.030000 4.489950 0.030000
6.342843 0.150000 6.348805 0.030000 7.569696 0.030000 7.469504 0.030000 1.902359 0.030000 2.116824 0.030000 4.791434 0.030000 4.503127 0.030000
6.264226 0.030000 6.302053 0.030000 7.571471 0.030000 7.534836 0.030000 1.877533 0.030000 2.111190 0.030000 4.813489 0.030000 4.804859 0.150000
6.242312 0.030000 6.340085 0.030000 7.659619 0.030000 7.523000 0.030000 1.867141 0.030000 2.046747 0.030000 4.823062 0.030000 4.522790 0.030000
6.390904 0.150000 6.356402 0.030000 7.655278 0.030000 7.511488 0.030000 1.838262 0.030000 1.953420 0.030000 4.824192 0.030000 4.596882 0.030000
6.253105 0.030000 6.355799 0.030000 7.690803 0.030000 7.487317 0.030000 1.825658 0.030000 2.037836 0.030000 4.821521 0.150000 4.640795 0.030000
6.316453 0.150000 6.351986 0.030000 7.724119 0.030000 7.532066 0.030000 1.876184 0.030000 2.020675 0.030000 4.936497 0.030000 4.605658 0.030000
7.571141 0.150000 6.310437 0.030000 7.619531 0.150000 7.577023 0.030000 1.792087 0.030000 2.374126 0.150000 4.889659 0.030000 4.646421 0.030000
6.705775 0.150000 6.369378 0.030000 7.693782 0.030000 7.571716 0.030000 1.930303 0.150000 1.939333 0.030000 4.926599 0.030000 4.614748 0.030000
6.266422 0.030000 6.339929 0.030000 7.703042 0.030000 7.578689 0.030000 1.742544 0.030000 1.922061 0.030000 4.939883 0.030000 4.651811 0.030000
6.209213 0.030000 6.279517 0.030000 7.727892 0.030000 7.590288 0.030000 2.529556 0.150000 1.897755 0.030000 4.959901 0.030000 4.722141 0.030000
7.006943 0.150000 6.288828 0.030000 7.724424 0.030000 7.530493 0.030000 1.760777 0.030000 1.890839 0.030000 4.923826 0.030000 4.656854 0.030000
6.223030 0.030000 6.295324 0.030000 7.690795 0.030000 7.655669 0.030000 1.659499 0.030000 1.910637 0.030000 4.985964 0.030000 4.728481 0.030000
6.269961 0.030000 6.277483 0.030000 7.770339 0.030000 7.633576 0.030000 1.776019 0.030000 1.957630 0.150000 4.989424 0.030000 4.766897 0.030000
6.206680 0.030000 6.274990 0.030000 7.854894 0.030000 7.617659 0.030000 1.661358 0.030000 1.884973 0.030000 4.993820 0.030000 4.808629 0.030000
6.192598 0.030000 6.272898 0.030000 7.819633 0.030000 7.613831 0.030000 1.690578 0.030000 1.866714 0.030000 5.049548 0.030000 4.780668 0.030000
6.245319 0.030000 6.270869 0.030000 7.798135 0.030000 7.673327 0.030000 1.718805 0.030000 1.873294 0.030000 5.024539 0.030000 4.811713 0.030000
6.230108 0.030000 6.525991 0.150000 7.775391 0.030000 7.667353 0.030000 1.664396 0.030000 1.853551 0.030000 5.080268 0.030000 4.827776 0.030000
6.215140 0.030000 6.237290 0.030000 7.826179 0.030000 7.682426 0.030000 1.686543 0.030000 1.819283 0.030000 5.062971 0.030000 4.786334 0.030000
6.225772 0.030000 6.124489 0.150000 7.828372 0.030000 7.672510 0.030000 1.597789 0.030000 1.834600 0.030000 5.035548 0.030000 4.825692 0.030000
6.238455 0.030000 6.210357 0.030000 7.810417 0.030000 7.690895 0.030000 1.644048 0.030000 1.814571 0.030000 5.095824 0.030000 5.073945 0.150000
6.274366 0.030000 6.246756 0.030000 7.851599 0.030000 7.705495 0.030000 1.645477 0.030000 1.824486 0.030000 5.091029 0.030000 4.880230 0.030000
6.237843 0.030000 6.281752 0.150000 7.882046 0.030000 7.703651 0.030000 1.653884 0.030000 1.767720 0.030000 5.140098 0.030000 4.902239 0.030000
6.218731 0.030000 6.227695 0.030000 8.191849 0.150000 7.712401 0.030000 1.564217 0.030000 2.109312 0.150000 5.171424 0.030000 4.963936 0.030000
6.180890 0.030000 6.268750 0.030000 7.843485 0.030000 7.881949 0.150000 1.620612 0.030000 1.756408 0.030000 5.121262 0.030000 4.927571 0.030000
6.181861 0.030000 6.215333 0.030000 7.809359 0.030000 7.727928 0.030000 1.665903 0.030000 1.786271 0.030000 5.986080 0.150000 4.943096 0.030000
6.234077 0.030000 6.270798 0.030000 7.889279 0.030000 7.774141 0.030000 1.574130 0.030000 2.391583 0.150000 5.201834 0.030000 4.865755 0.030000
6.218810 0.030000 6.231426 0.030000 7.907850 0.030000 7.735101 0.030000 1.594736 0.030000 1.776400 0.030000 5.114238 0.030000 4.898061 0.030000
6.163858 0.030000 6.212435 0.030000 7.818925 0.030000 7.749680 0.030000 1.565949 0.030000 1.740814 0.030000 5.254558 0.030000 4.920099 0.030000
6.165660 0.030000 6.218230 0.030000 7.910191 0.030000 7.713496 0.030000 2.117008 0.150000 1.716095 0.030000 5.443576 0.150000 4.946040 0.030000
