1.140246 0.030000 0.917124 0.030000 5.184871 0.030000 5.494693 0.030000 6.712726 0.030000 6.598848 0.030000 8.398018 0.030000 8.492605 0.030000 3.159687 0.030000 3.074506 0.030000 6.004897 0.030000 6.242030 0.030000 7.045712 0.030000 7.095511 0.030000 3.785176 0.030000 3.877403 0.030000 2.299483 0.030000 2.585227 0.030000
1.124124 0.030000 0.926365 0.030000 5.180176 0.030000 5.411617 0.030000 6.716602 0.030000 6.632561 0.030000 8.371592 0.030000 8.492741 0.030000 3.106973 0.030000 3.054341 0.030000 6.660143 0.150000 6.216513 0.030000 6.973367 0.030000 7.057459 0.030000 3.762122 0.030000 3.943882 0.030000 2.282029 0.030000 2.555320 0.030000
1.626645 0.150000 0.975313 0.030000 5.184478 0.030000 5.478755 0.030000 6.651603 0.030000 6.912517 0.150000 8.314270 0.030000 8.565761 0.030000 3.536595 0.150000 3.032950 0.030000 6.017319 0.030000 6.245873 0.030000 7.000894 0.030000 7.044911 0.030000 3.731195 0.030000 3.911689 0.030000 2.347013 0.030000 2.590423 0.030000
1.136998 0.030000 0.963561 0.030000 5.150997 0.030000 5.429524 0.030000 6.718860 0.150000 6.688642 0.030000 8.365809 0.030000 8.535522 0.030000 3.122828 0.030000 3.071890 0.030000 6.081722 0.030000 6.208326 0.030000 6.999845 0.030000 7.072957 0.150000 3.756278 0.030000 3.887793 0.030000 2.339211 0.030000 2.536098 0.030000
1.163689 0.030000 0.986596 0.030000 5.173254 0.030000 5.473509 0.030000 6.662453 0.030000 6.694140 0.030000 8.279534 0.030000 8.498124 0.030000 3.157890 0.030000 3.024949 0.030000 6.042145 0.030000 6.189492 0.030000 7.319267 0.150000 7.072871 0.030000 3.709433 0.030000 3.896111 0.030000 2.334774 0.030000 2.517856 0.030000
1.106275 0.030000 0.921988 0.030000 5.170062 0.030000 5.393467 0.030000 6.655705 0.030000 6.711404 0.030000 8.329156 0.030000 8.463958 0.030000 3.074550 0.030000 3.443359 0.150000 6.013633 0.030000 6.168911 0.030000 6.976897 0.030000 7.044277 0.030000 3.722205 0.030000 3.923219 0.030000 2.333628 0.030000 2.513640 0.030000
1.177483 0.030000 0.978841 0.030000 5.107244 0.030000 5.370194 0.030000 6.630487 0.030000 7.698556 0.150000 8.347190 0.030000 8.503855 0.030000 3.138936 0.030000 3.029781 0.030000 5.995208 0.030000 6.162709 0.030000 6.934645 0.030000 7.833707 0.150000 3.701100 0.030000 4.193289 0.150000 2.301497 0.030000 2.542242 0.030000
1.120169 0.030000 0.877783 0.150000 5.151556 0.030000 5.407847 0.030000 6.716866 0.030000 6.614951 0.030000 8.324752 0.030000 8.511192 0.030000 3.157912 0.030000 3.072105 0.030000 5.940737 0.030000 6.172912 0.030000 6.908129 0.030000 7.037031 0.030000 3.730485 0.030000 3.849697 0.030000 2.252237 0.030000 2.512498 0.030000
1.198480 0.030000 1.032227 0.030000 5.147071 0.030000 5.333683 0.030000 6.664079 0.030000 6.666907 0.030000 8.309948 0.030000 8.484132 0.030000 3.165388 0.030000 3.061399 0.030000 5.997614 0.030000 6.267578 0.150000 6.957394 0.030000 7.055067 0.030000 3.692171 0.030000 3.836053 0.030000 2.247187 0.030000 2.465917 0.030000
1.232265 0.030000 0.967997 0.150000 5.129368 0.030000 5.391416 0.030000 6.624833 0.030000 6.888818 0.150000 8.648663 0.150000 8.559901 0.150000 3.169134 0.030000 3.097485 0.030000 6.015688 0.150000 6.287272 0.150000 6.916646 0.030000 6.852483 0.150000 3.677913 0.030000 3.839491 0.030000 2.220401 0.030000 2.460705 0.030000
1.205241 0.030000 1.024533 0.030000 5.085970 0.030000 5.314137 0.030000 6.714796 0.030000 6.627635 0.030000 8.299573 0.030000 8.391192 0.030000 3.164824 0.030000 3.061445 0.030000 5.936365 0.030000 6.152033 0.030000 6.938081 0.030000 7.040072 0.030000 3.687505 0.030000 3.918087 0.030000 2.252881 0.030000 2.535036 0.030000
1.218376 0.030000 1.030813 0.030000 5.030610 0.030000 5.316173 0.030000 6.725454 0.030000 6.757888 0.150000 8.361721 0.150000 8.457319 0.030000 3.197675 0.030000 3.085296 0.030000 5.931233 0.030000 6.116413 0.030000 6.891875 0.030000 6.987144 0.030000 3.670478 0.030000 3.821927 0.030000 2.398341 0.150000 2.402665 0.030000
1.295026 0.030000 1.027779 0.030000 4.982956 0.030000 5.262016 0.030000 6.697617 0.030000 6.680418 0.030000 8.337591 0.030000 8.438327 0.030000 3.170243 0.030000 3.092063 0.030000 5.890940 0.030000 6.095708 0.030000 6.905148 0.030000 7.312811 0.150000 3.631000 0.030000 3.794295 0.030000 2.216929 0.030000 2.390800 0.030000
1.211288 0.030000 1.057389 0.030000 4.982465 0.030000 5.281536 0.030000 6.647525 0.030000 6.856801 0.150000 8.409554 0.150000 8.384002 0.030000 3.175316 0.030000 3.102959 0.030000 5.871449 0.030000 5.957106 0.150000 6.897388 0.030000 6.993517 0.030000 3.639814 0.030000 3.785622 0.030000 2.172929 0.030000 2.387801 0.030000
1.306186 0.030000 1.101719 0.030000 4.962200 0.030000 5.212116 0.030000 6.706270 0.030000 6.725273 0.030000 8.269299 0.030000 8.366422 0.030000 3.200214 0.030000 3.138823 0.030000 5.847645 0.030000 6.077752 0.030000 6.860244 0.030000 6.953352 0.030000 4.716136 0.150000 3.736169 0.030000 2.086859 0.030000 2.371481 0.030000
1.351111 0.030000 1.132815 0.030000 4.922256 0.030000 5.259598 0.150000 6.709137 0.030000 6.684041 0.030000 8.208295 0.030000 8.367497 0.030000 3.166629 0.030000 3.202693 0.150000 5.827474 0.030000 6.027213 0.030000 6.890609 0.030000 6.987006 0.030000 3.570495 0.030000 3.724662 0.030000 2.097727 0.030000 2.308066 0.030000
1.340236 0.030000 1.168661 0.030000 4.899919 0.030000 5.173458 0.030000 6.703717 0.030000 6.659764 0.030000 8.193319 0.030000 8.338957 0.030000 3.187149 0.030000 3.539512 0.150000 5.767496 0.030000 5.979159 0.030000 6.951490 0.030000 6.949258 0.030000 3.552936 0.030000 5.050884 0.150000 2.005494 0.030000 2.276782 0.030000
1.339889 0.030000 1.204869 0.030000 4.889241 0.030000 5.141081 0.030000 6.712031 0.030000 6.688976 0.030000 8.170895 0.030000 8.323531 0.030000 3.245447 0.030000 3.160449 0.030000 5.799434 0.030000 5.951339 0.030000 6.882429 0.030000 6.918116 0.030000 3.653446 0.030000 3.673165 0.030000 2.002489 0.030000 2.452660 0.150000
1.431425 0.030000 1.191017 0.030000 5.549862 0.150000 5.082720 0.030000 6.731061 0.030000 6.656596 0.030000 8.237947 0.030000 8.318340 0.030000 3.213209 0.030000 3.077650 0.030000 5.705431 0.030000 5.886696 0.030000 6.868298 0.030000 6.960488 0.030000 3.526877 0.030000 3.721017 0.030000 1.983343 0.030000 2.250378 0.030000
1.421261 0.030000 1.204419 0.030000 4.990575 0.150000 5.033123 0.030000 6.706523 0.030000 6.638046 0.030000 8.143555 0.030000 8.278896 0.030000 3.236413 0.030000 3.098843 0.030000 5.706417 0.030000 5.927887 0.030000 6.843891 0.030000 6.987524 0.030000 3.511723 0.030000 3.621492 0.030000 1.960977 0.030000 2.195474 0.030000
1.493950 0.030000 1.272731 0.030000 4.776681 0.030000 5.039594 0.030000 6.713074 0.030000 6.699442 0.030000 8.162522 0.030000 8.217062 0.030000 3.277610 0.030000 3.183762 0.030000 5.686054 0.030000 5.927414 0.030000 6.861266 0.030000 7.057453 0.150000 3.483320 0.030000 3.653099 0.030000 1.956556 0.030000 2.592407 0.150000
1.441983 0.030000 1.258401 0.030000 4.756609 0.030000 5.019927 0.030000 6.759982 0.030000 6.693686 0.030000 8.082941 0.030000 8.247047 0.030000 3.220263 0.030000 3.178653 0.030000 5.666696 0.030000 5.890339 0.030000 6.831875 0.030000 6.894314 0.030000 3.467310 0.030000 3.636924 0.030000 1.934994 0.030000 2.186005 0.030000
1.520861 0.030000 1.246196 0.030000 4.728624 0.030000 5.010291 0.030000 6.753950 0.030000 6.675433 0.030000 8.052356 0.030000 8.224417 0.030000 3.261915 0.030000 3.058915 0.150000 5.598999 0.030000 5.871482 0.030000 6.951223 0.150000 6.868458 0.030000 3.472019 0.030000 3.571595 0.030000 1.873089 0.030000 2.086643 0.030000
1.539775 0.030000 1.327038 0.030000 4.660458 0.030000 4.997661 0.030000 6.504968 0.150000 6.678804 0.030000 8.034698 0.030000 8.211922 0.030000 3.324929 0.030000 3.142716 0.030000 5.655628 0.030000 6.300803 0.150000 6.858799 0.030000 6.902886 0.030000 3.474185 0.030000 3.606503 0.030000 1.869947 0.030000 2.075859 0.030000
1.596859 0.030000 1.377316 0.030000 4.694534 0.030000 4.859380 0.030000 6.750794 0.030000 6.757187 0.030000 8.067037 0.030000 8.204468 0.030000 3.218126 0.030000 3.233234 0.030000 5.578654 0.030000 5.759429 0.030000 6.838765 0.030000 6.880854 0.030000 3.450528 0.030000 3.566404 0.030000 2.141041 0.150000 2.055284 0.030000
1.601653 0.030000 1.352673 0.030000 4.640808 0.030000 4.830179 0.030000 6.818018 0.030000 6.678811 0.030000 8.041519 0.030000 8.202187 0.030000 3.310279 0.030000 3.186394 0.030000 5.546087 0.030000 5.748564 0.030000 6.818354 0.030000 6.914402 0.030000 3.407982 0.030000 3.574597 0.030000 1.787684 0.030000 2.073599 0.030000
2.722434 0.150000 1.413271 0.030000 4.649030 0.030000 4.887856 0.030000 6.769964 0.030000 7.486019 0.150000 8.038833 0.030000 8.145851 0.030000 3.372131 0.030000 3.189021 0.030000 5.544348 0.030000 5.703502 0.030000 6.826055 0.030000 6.862811 0.030000 3.383369 0.030000 3.566226 0.030000 1.779631 0.030000 1.996272 0.030000
1.655855 0.030000 1.437791 0.030000 4.596461 0.030000 5.841303 0.150000 6.744527 0.030000 6.765217 0.150000 7.975872 0.030000 8.164520 0.030000 3.322885 0.030000 3.205220 0.030000 5.484865 0.030000 5.684850 0.030000 6.787900 0.030000 6.930312 0.030000 3.706708 0.150000 3.581696 0.030000 1.689187 0.030000 2.024322 0.030000
1.719332 0.030000 1.453639 0.030000 4.598463 0.030000 4.911193 0.150000 6.858537 0.030000 6.742067 0.030000 7.985537 0.030000 8.221125 0.150000 3.313279 0.030000 3.293737 0.030000 5.512418 0.030000 5.656585 0.030000 6.804576 0.030000 6.850765 0.030000 3.390072 0.030000 3.523661 0.030000 1.745352 0.030000 1.958253 0.030000
1.677100 0.030000 1.507678 0.030000 4.515903 0.030000 4.786416 0.030000 6.806229 0.030000 6.741972 0.030000 8.009914 0.030000 8.131130 0.030000 3.307853 0.030000 3.219521 0.030000 5.423710 0.030000 5.700145 0.030000 6.828640 0.030000 6.938348 0.150000 3.315340 0.030000 3.524971 0.030000 1.715962 0.030000 1.956607 0.030000
1.741223 0.030000 1.748124 0.150000 4.486915 0.030000 4.739917 0.030000 6.794351 0.030000 7.285657 0.150000 8.059182 0.150000 8.098397 0.030000 3.301678 0.030000 3.286844 0.030000 5.463148 0.030000 5.654067 0.030000 7.377891 0.150000 6.855245 0.030000 3.380329 0.030000 3.492830 0.030000 1.659935 0.030000 1.892243 0.030000
1.690378 0.030000 1.512654 0.030000 4.464095 0.030000 4.753882 0.030000 6.794389 0.030000 6.778986 0.030000 7.919506 0.030000 8.101985 0.030000 3.357467 0.030000 3.311591 0.030000 5.379943 0.030000 5.621611 0.030000 6.824809 0.030000 6.826262 0.030000 3.460593 0.150000 3.493001 0.030000 1.654046 0.030000 1.893906 0.030000
1.783336 0.030000 2.001809 0.150000 4.998193 0.150000 4.703117 0.030000 7.082558 0.150000 6.796473 0.030000 7.919335 0.030000 8.050425 0.030000 3.418754 0.030000 3.319164 0.030000 5.393755 0.030000 5.581454 0.030000 6.803346 0.030000 6.837747 0.030000 3.339618 0.030000 3.454860 0.030000 1.617448 0.030000 1.913398 0.030000
1.917843 0.030000 1.619963 0.030000 4.454053 0.030000 4.646612 0.030000 7.230899 0.150000 6.801922 0.030000 7.897770 0.030000 8.027664 0.030000 3.395741 0.030000 3.516964 0.150000 5.317952 0.030000 5.554613 0.030000 6.757089 0.030000 6.884928 0.030000 3.313583 0.030000 3.464150 0.030000 1.587222 0.030000 1.865377 0.030000
1.910732 0.030000 1.632204 0.030000 4.408348 0.030000 4.591266 0.030000 6.798100 0.030000 6.709874 0.030000 7.859927 0.030000 8.030009 0.030000 3.388899 0.030000 3.309545 0.030000 5.309373 0.030000 5.577711 0.030000 6.751555 0.030000 6.830812 0.030000 3.317903 0.030000 3.389762 0.030000 1.582699 0.030000 1.776199 0.030000
1.910438 0.030000 1.686807 0.030000 4.400782 0.030000 4.588223 0.030000 6.856971 0.030000 6.754331 0.030000 7.935243 0.150000 8.043028 0.030000 3.382169 0.030000 3.311711 0.030000 5.095417 0.150000 5.460706 0.030000 6.764495 0.030000 6.805386 0.030000 3.286827 0.030000 3.368970 0.030000 1.507214 0.030000 1.791379 0.030000
1.906199 0.030000 1.708418 0.030000 4.336611 0.030000 4.586814 0.030000 6.876751 0.030000 6.747597 0.030000 7.858045 0.030000 7.946164 0.030000 4.079191 0.150000 3.843774 0.150000 5.544069 0.150000 5.426449 0.030000 6.789412 0.030000 6.789979 0.030000 3.254782 0.030000 3.953133 0.150000 1.872125 0.150000 1.762186 0.030000
2.006856 0.030000 1.712806 0.030000 4.297611 0.030000 4.562737 0.030000 6.841212 0.030000 6.799861 0.030000 7.768401 0.030000 7.946040 0.030000 3.426881 0.030000 3.339603 0.030000 5.248220 0.030000 5.970851 0.150000 6.770195 0.030000 6.784137 0.030000 3.283026 0.030000 3.408442 0.030000 1.476999 0.030000 1.748088 0.030000
1.934417 0.030000 1.730629 0.030000 4.275381 0.030000 4.534824 0.030000 6.837629 0.030000 6.787405 0.030000 7.893758 0.030000 7.944097 0.030000 3.447962 0.030000 3.332820 0.030000 5.231652 0.030000 5.449123 0.030000 6.708953 0.030000 6.740261 0.030000 3.302840 0.030000 3.326270 0.030000 3.295674 0.150000 1.695184 0.030000
1.955424 0.030000 1.718245 0.030000 4.237546 0.030000 4.515359 0.030000 6.833301 0.030000 6.807783 0.030000 7.770718 0.030000 7.960704 0.030000 3.537444 0.030000 3.319534 0.030000 5.225272 0.030000 5.444124 0.030000 6.713878 0.030000 6.787838 0.030000 3.210011 0.030000 3.296927 0.030000 2.397975 0.150000 1.623506 0.030000
1.993495 0.030000 1.798581 0.030000 4.198295 0.030000 4.433278 0.030000 6.934389 0.030000 6.842046 0.030000 7.788002 0.030000 7.930030 0.030000 3.500822 0.030000 3.472038 0.030000 5.161252 0.030000 5.437809 0.030000 6.720150 0.030000 6.742944 0.030000 3.234822 0.030000 3.407239 0.030000 1.405720 0.030000 1.741021 0.030000
2.054656 0.030000 1.786941 0.030000 4.151954 0.030000 4.414589 0.030000 6.981516 0.150000 6.888839 0.030000 7.776124 0.030000 7.899244 0.030000 3.557819 0.150000 3.386642 0.030000 5.162461 0.030000 5.367178 0.030000 6.751008 0.030000 6.765033 0.030000 3.224419 0.030000 3.336983 0.030000 1.403129 0.150000 1.667666 0.030000
2.045523 0.030000 1.904603 0.030000 4.197606 0.030000 4.380128 0.030000 6.915006 0.030000 6.789773 0.030000 7.736296 0.030000 7.868101 0.030000 3.519440 0.030000 3.435045 0.030000 5.145322 0.030000 5.346172 0.030000 6.704684 0.030000 6.789594 0.030000 3.217244 0.030000 3.302991 0.150000 1.353867 0.030000 1.633979 0.030000
2.100220 0.030000 1.829191 0.030000 4.116273 0.030000 4.352788 0.150000 6.923164 0.030000 6.834809 0.030000 7.745016 0.030000 7.862269 0.030000 3.560987 0.030000 3.455731 0.030000 5.116633 0.030000 5.241165 0.030000 6.703700 0.030000 6.745072 0.030000 3.238336 0.030000 3.326534 0.030000 1.419071 0.030000 2.002003 0.150000
2.131098 0.030000 1.923712 0.030000 4.123818 0.030000 4.327907 0.030000 6.889036 0.030000 6.829725 0.030000 7.741972 0.030000 7.827260 0.030000 3.587625 0.030000 3.457592 0.030000 5.083354 0.030000 5.256716 0.030000 6.741534 0.030000 6.678843 0.030000 3.213536 0.030000 3.370686 0.030000 1.304420 0.030000 1.518544 0.030000
2.182474 0.030000 1.903759 0.030000 4.036339 0.030000 4.375908 0.150000 7.161412 0.150000 6.852061 0.030000 7.706548 0.030000 8.102597 0.150000 3.611446 0.030000 3.465315 0.030000 5.069285 0.030000 5.285559 0.030000 6.736554 0.030000 6.704673 0.030000 3.233334 0.030000 3.314422 0.030000 1.280076 0.030000 1.511677 0.030000
2.201399 0.030000 1.970404 0.030000 4.019396 0.150000 4.291683 0.030000 6.910940 0.030000 6.779386 0.030000 7.709058 0.030000 7.779640 0.030000 3.571532 0.030000 3.502162 0.030000 5.002749 0.030000 5.220814 0.030000 6.705545 0.030000 6.742736 0.030000 3.185049 0.030000 3.262831 0.030000 1.244637 0.030000 1.483636 0.030000
2.190395 0.030000 1.953152 0.030000 3.980168 0.030000 4.268357 0.030000 6.943410 0.030000 6.928147 0.030000 7.665832 0.030000 7.812145 0.030000 3.615615 0.030000 3.547847 0.030000 5.020131 0.030000 5.231952 0.030000 6.681849 0.030000 7.637479 0.150000 3.146305 0.030000 3.252736 0.030000 1.295357 0.030000 1.209775 0.150000
2.215579 0.030000 1.980698 0.030000 3.985755 0.030000 4.254266 0.030000 6.943453 0.030000 6.880510 0.030000 7.691195 0.030000 7.811726 0.030000 3.614263 0.030000 3.539906 0.030000 5.006154 0.030000 5.125859 0.030000 6.690122 0.030000 6.741415 0.030000 3.181307 0.030000 3.414267 0.150000 1.233210 0.030000 1.385137 0.030000
2.218108 0.030000 2.071684 0.030000 3.947696 0.030000 4.188887 0.030000 6.944399 0.030000 6.891859 0.030000 7.660752 0.030000 7.765604 0.030000 3.676904 0.030000 3.534606 0.030000 4.970031 0.030000 5.171972 0.030000 6.639865 0.030000 6.737720 0.030000 3.188902 0.030000 3.271311 0.030000 1.238436 0.030000 1.387648 0.030000
2.268395 0.030000 2.037120 0.030000 3.966689 0.030000 4.181815 0.030000 6.899394 0.030000 6.887772 0.030000 7.638118 0.030000 7.775086 0.030000 3.662291 0.030000 3.493058 0.030000 4.930614 0.030000 5.145899 0.030000 6.697358 0.030000 6.700846 0.030000 3.295213 0.150000 3.278615 0.030000 1.181163 0.030000 1.358730 0.030000
2.386685 0.030000 2.096204 0.030000 3.909031 0.030000 4.140860 0.030000 6.728811 0.150000 6.920084 0.030000 7.622213 0.030000 7.744237 0.030000 3.699576 0.030000 3.512582 0.030000 4.966005 0.030000 5.137853 0.030000 6.691565 0.030000 6.707972 0.030000 3.141905 0.030000 3.221495 0.030000 1.184968 0.030000 1.379213 0.030000
2.405557 0.030000 2.050309 0.030000 4.076297 0.150000 4.072885 0.030000 6.982520 0.030000 6.907085 0.030000 7.553449 0.030000 7.651562 0.030000 3.703452 0.030000 3.561603 0.030000 4.883563 0.030000 5.068430 0.030000 6.637808 0.030000 6.734745 0.030000 3.118386 0.030000 3.290224 0.030000 1.094270 0.030000 1.311144 0.030000
2.703306 0.150000 2.135118 0.030000 3.875810 0.030000 4.075659 0.030000 7.030567 0.030000 6.911340 0.030000 7.600639 0.030000 7.697708 0.030000 3.697243 0.030000 3.551309 0.030000 4.926669 0.030000 5.094202 0.030000 6.689916 0.030000 6.712011 0.030000 3.104384 0.030000 3.553863 0.150000 1.021228 0.030000 1.313045 0.030000
2.385132 0.030000 2.152562 0.030000 3.752974 0.030000 3.986296 0.030000 6.977183 0.030000 6.972759 0.030000 7.612344 0.030000 7.669914 0.030000 3.752204 0.030000 3.573605 0.030000 4.871306 0.030000 5.022286 0.030000 6.679876 0.030000 6.874596 0.150000 3.107720 0.030000 3.133405 0.030000 1.110392 0.030000 1.265076 0.030000
2.420037 0.030000 2.202981 0.030000 3.732436 0.030000 3.987159 0.030000 6.920014 0.030000 6.955472 0.030000 7.537016 0.030000 8.282962 0.150000 3.769423 0.030000 3.616653 0.030000 4.809193 0.150000 5.012719 0.030000 6.655696 0.030000 6.723141 0.030000 3.129229 0.030000 3.164291 0.150000 1.036328 0.030000 1.247426 0.030000
2.434447 0.030000 2.219817 0.030000 3.771099 0.030000 3.970732 0.030000 6.988548 0.030000 6.958441 0.030000 7.537182 0.030000 7.668083 0.030000 3.809779 0.030000 3.620973 0.030000 4.795955 0.030000 4.972362 0.030000 6.652331 0.030000 6.757420 0.030000 3.131161 0.030000 3.142688 0.030000 1.030996 0.030000 1.188606 0.030000
2.527710 0.030000 2.267900 0.030000 3.728632 0.030000 4.134832 0.150000 7.050775 0.030000 6.992511 0.030000 7.541595 0.030000 7.655719 0.030000 3.821305 0.030000 3.667958 0.030000 4.790949 0.030000 4.993470 0.030000 6.630925 0.030000 6.697990 0.030000 3.116684 0.030000 3.486289 0.150000 0.840209 0.150000 1.216482 0.030000
2.455103 0.030000 2.264286 0.030000 3.590950 0.030000 3.920558 0.030000 7.000348 0.030000 6.975002 0.030000 7.540882 0.030000 7.681883 0.030000 3.844591 0.030000 3.640014 0.030000 4.753631 0.030000 4.943102 0.030000 6.705655 0.030000 6.715706 0.030000 3.103205 0.030000 3.166309 0.030000 1.049479 0.030000 1.170720 0.030000
2.509713 0.030000 2.363029 0.030000 3.636656 0.030000 3.875065 0.030000 7.078503 0.030000 6.956891 0.030000 7.531643 0.030000 7.564721 0.030000 3.898110 0.030000 3.668950 0.030000 4.715770 0.030000 4.900828 0.030000 6.642621 0.030000 6.701655 0.030000 3.069217 0.030000 3.149023 0.030000 0.906494 0.030000 1.149785 0.030000
2.588688 0.030000 2.284388 0.030000 3.580893 0.030000 3.855111 0.030000 7.053014 0.030000 6.938639 0.030000 7.490167 0.030000 7.619714 0.030000 3.867482 0.030000 3.672606 0.030000 4.735923 0.030000 4.954541 0.030000 6.615059 0.030000 6.669276 0.030000 3.128973 0.030000 3.143082 0.030000 1.576620 0.150000 1.137785 0.030000
2.627908 0.030000 2.400453 0.030000 3.528700 0.030000 3.809579 0.030000 7.070303 0.030000 6.997126 0.030000 7.478773 0.030000 7.620614 0.030000 3.825312 0.030000 3.729121 0.030000 4.710345 0.030000 4.861212 0.030000 7.381938 0.150000 6.627511 0.030000 3.055097 0.030000 3.100933 0.030000 0.890317 0.030000 1.116367 0.030000
2.671320 0.030000 2.392627 0.030000 3.579397 0.030000 3.788069 0.030000 7.139182 0.030000 6.988737 0.030000 7.465038 0.030000 7.611692 0.030000 3.830069 0.030000 3.791117 0.030000 4.659120 0.030000 4.842688 0.030000 6.607482 0.030000 6.598546 0.030000 3.085100 0.030000 3.062072 0.030000 0.876183 0.030000 1.092973 0.030000
2.616212 0.030000 2.479538 0.030000 3.529524 0.030000 3.739589 0.030000 7.148012 0.030000 6.974635 0.030000 7.409540 0.030000 7.476255 0.150000 3.891381 0.030000 3.742474 0.030000 4.558490 0.150000 4.860740 0.030000 6.647446 0.030000 6.665458 0.030000 3.116492 0.030000 3.079835 0.030000 0.884655 0.030000 1.082663 0.030000
2.725925 0.030000 2.456443 0.030000 3.456619 0.030000 3.749394 0.030000 7.676367 0.150000 6.994576 0.030000 7.402076 0.030000 7.849024 0.150000 3.897381 0.030000 3.796849 0.030000 4.606780 0.030000 4.776339 0.030000 6.572232 0.030000 6.701901 0.030000 3.073425 0.030000 3.145818 0.030000 0.856331 0.030000 1.036970 0.030000
2.725837 0.030000 2.494285 0.030000 3.440942 0.030000 3.713307 0.030000 7.106542 0.030000 7.043917 0.030000 7.460542 0.030000 7.491371 0.030000 3.995024 0.150000 3.765064 0.030000 4.588690 0.030000 4.798154 0.030000 6.721961 0.030000 6.636303 0.030000 3.059820 0.030000 3.096660 0.030000 0.903489 0.030000 0.997363 0.030000
2.705137 0.030000 2.523847 0.030000 3.423447 0.030000 3.666127 0.030000 7.098499 0.030000 7.012036 0.030000 7.432904 0.030000 7.494514 0.030000 3.964164 0.030000 3.806283 0.030000 4.597946 0.030000 4.804775 0.030000 6.605632 0.030000 6.624524 0.030000 3.078800 0.030000 3.128264 0.030000 0.843442 0.030000 1.011727 0.030000
2.778216 0.030000 2.542600 0.030000 3.608143 0.150000 3.643371 0.030000 7.176989 0.030000 7.006782 0.030000 7.410848 0.030000 7.534989 0.030000 3.960150 0.030000 3.835748 0.030000 4.502026 0.030000 4.721850 0.030000 6.629550 0.030000 6.661079 0.030000 3.061734 0.030000 3.096438 0.030000 0.914317 0.150000 0.986435 0.030000
3.273292 0.150000 2.518058 0.030000 3.348485 0.030000 3.659645 0.030000 7.462377 0.150000 7.038247 0.030000 7.350064 0.030000 7.537844 0.030000 4.020262 0.030000 3.898464 0.030000 4.510634 0.030000 5.075798 0.150000 6.583338 0.030000 6.679973 0.030000 2.997030 0.030000 3.090836 0.030000 0.879360 0.030000 0.961170 0.030000
2.862697 0.030000 2.620646 0.030000 3.367154 0.030000 3.558196 0.030000 7.150793 0.030000 7.068635 0.030000 7.291348 0.030000 7.493441 0.030000 4.050173 0.030000 3.876168 0.030000 4.432271 0.030000 4.724440 0.030000 6.665576 0.030000 6.660788 0.030000 3.072491 0.030000 3.074227 0.030000 1.268052 0.150000 0.945261 0.030000
2.853689 0.030000 2.593610 0.150000 3.308199 0.030000 3.585791 0.030000 7.198140 0.030000 7.086099 0.030000 7.333519 0.030000 7.425177 0.030000 4.098104 0.030000 3.906189 0.030000 4.429186 0.030000 4.618910 0.030000 6.600930 0.030000 6.651033 0.030000 3.004525 0.030000 3.068455 0.030000 0.825345 0.030000 0.863052 0.030000
2.987127 0.030000 2.660287 0.030000 3.351403 0.030000 3.508061 0.030000 7.234874 0.030000 7.052493 0.030000 7.342084 0.030000 7.473817 0.030000 4.073249 0.030000 3.913794 0.030000 4.427900 0.030000 4.602723 0.030000 6.633816 0.030000 6.641273 0.030000 3.029616 0.030000 3.066359 0.030000 0.771559 0.030000 0.941113 0.030000
2.872940 0.030000 2.691428 0.030000 3.239650 0.030000 3.623553 0.150000 7.149839 0.030000 7.112848 0.030000 7.296255 0.030000 7.396307 0.030000 4.093698 0.030000 3.929980 0.030000 4.423067 0.030000 4.579704 0.030000 6.614923 0.030000 6.673244 0.030000 3.460786 0.150000 3.031357 0.030000 0.748992 0.030000 0.872309 0.030000
2.965455 0.030000 2.686764 0.030000 4.416617 0.150000 3.504487 0.030000 7.205298 0.030000 7.087612 0.030000 7.271071 0.030000 7.410856 0.030000 4.112439 0.030000 3.933964 0.030000 4.441951 0.030000 4.596318 0.030000 6.611506 0.030000 6.585435 0.030000 3.025172 0.030000 3.046176 0.030000 0.755602 0.030000 0.896242 0.150000
3.018494 0.030000 2.752645 0.030000 3.213436 0.030000 3.446766 0.030000 7.234143 0.030000 7.130534 0.030000 7.289987 0.030000 7.167241 0.150000 4.103931 0.030000 3.963264 0.030000 4.372675 0.030000 4.543863 0.030000 6.650013 0.030000 7.016384 0.150000 3.020179 0.030000 3.043213 0.030000 1.282445 0.150000 0.906775 0.030000
3.071879 0.030000 2.762240 0.030000 3.191548 0.030000 3.446765 0.030000 7.266002 0.030000 7.181833 0.030000 7.326313 0.030000 7.361352 0.030000 4.113332 0.030000 4.154164 0.150000 4.326228 0.030000 4.548458 0.030000 6.632382 0.030000 6.580034 0.030000 3.027827 0.030000 3.048582 0.150000 0.638138 0.030000 0.850953 0.030000
3.072804 0.030000 2.804003 0.030000 3.170279 0.030000 3.823149 0.150000 7.241779 0.030000 7.224515 0.150000 7.265206 0.030000 7.350571 0.030000 4.135914 0.030000 3.992632 0.030000 4.345528 0.030000 4.541881 0.030000 6.639737 0.030000 6.637856 0.030000 2.997500 0.030000 2.993035 0.030000 0.758878 0.030000 0.827715 0.030000
3.083995 0.030000 2.838070 0.030000 3.099898 0.030000 3.377706 0.030000 7.263048 0.030000 7.530814 0.150000 7.246792 0.030000 7.378660 0.030000 4.167795 0.030000 4.009974 0.030000 4.276674 0.030000 4.433501 0.030000 6.573165 0.030000 6.600585 0.030000 2.917202 0.030000 3.003156 0.030000 0.745532 0.030000 0.783483 0.030000
3.113636 0.030000 2.813214 0.030000 3.087146 0.030000 3.315264 0.030000 7.251067 0.030000 7.209196 0.030000 7.286920 0.030000 7.344078 0.030000 4.173248 0.030000 5.669740 0.150000 4.346927 0.030000 4.475290 0.030000 6.628147 0.030000 6.691106 0.030000 2.974779 0.030000 3.041461 0.030000 0.746906 0.030000 0.755820 0.030000
3.141079 0.030000 2.902580 0.030000 3.096895 0.030000 3.269820 0.030000 7.789581 0.150000 7.333448 0.150000 7.203988 0.030000 7.290123 0.030000 5.482669 0.150000 4.098614 0.030000 4.238396 0.030000 4.543744 0.150000 6.612199 0.030000 6.597523 0.030000 3.052997 0.030000 3.008393 0.030000 0.767418 0.030000 0.833029 0.030000
3.148724 0.030000 2.928652 0.030000 3.030359 0.030000 3.588106 0.150000 7.333295 0.030000 7.185875 0.030000 7.233345 0.030000 7.327763 0.030000 4.209619 0.030000 4.079211 0.030000 4.202585 0.030000 4.441369 0.030000 6.482396 0.150000 6.596943 0.030000 3.006940 0.030000 3.049330 0.030000 1.067362 0.150000 0.746612 0.030000
3.186016 0.030000 2.959786 0.030000 3.022008 0.030000 3.238134 0.030000 7.374045 0.030000 7.196981 0.030000 7.226500 0.030000 7.298095 0.030000 4.286936 0.030000 4.142169 0.030000 4.258658 0.030000 4.369567 0.030000 6.567091 0.030000 6.633930 0.030000 3.005461 0.030000 3.009874 0.030000 0.813822 0.030000 1.988213 0.150000
3.184558 0.150000 2.926527 0.030000 2.987230 0.030000 3.218746 0.030000 7.294636 0.030000 7.222495 0.030000 7.172804 0.030000 7.270698 0.030000 4.290634 0.030000 4.142207 0.030000 4.250911 0.030000 4.369348 0.030000 6.653732 0.030000 6.603503 0.030000 3.056904 0.030000 3.020488 0.030000 0.784193 0.030000 0.742615 0.030000
3.265631 0.030000 2.963528 0.030000 3.410808 0.150000 3.202869 0.030000 7.292656 0.030000 7.232623 0.030000 7.179165 0.030000 7.292135 0.030000 4.266978 0.030000 4.147608 0.030000 4.170826 0.030000 4.410455 0.030000 6.595150 0.030000 6.613166 0.030000 2.994665 0.030000 3.011790 0.030000 0.698057 0.030000 0.807864 0.030000
3.294313 0.030000 2.967266 0.030000 2.924990 0.030000 3.099033 0.030000 7.376576 0.030000 7.279580 0.030000 7.208874 0.030000 7.298714 0.030000 4.574849 0.150000 4.212711 0.030000 4.175202 0.030000 4.395062 0.030000 6.652400 0.030000 6.583151 0.150000 3.008339 0.030000 3.015660 0.030000 0.744640 0.030000 0.781631 0.030000
3.250971 0.030000 3.441045 0.150000 2.878819 0.030000 3.099690 0.030000 7.343137 0.030000 7.292057 0.030000 7.177606 0.030000 7.309236 0.030000 4.400390 0.030000 4.119458 0.030000 4.197312 0.030000 4.328233 0.030000 6.588288 0.030000 6.683246 0.030000 2.986724 0.030000 3.054393 0.030000 0.751779 0.030000 0.689431 0.030000
3.323188 0.030000 3.100660 0.030000 2.864583 0.030000 3.109731 0.030000 7.353371 0.030000 7.256671 0.030000 7.182085 0.030000 8.311540 0.150000 4.374385 0.030000 4.206960 0.030000 4.158894 0.030000 4.317144 0.030000 6.630311 0.030000 6.653907 0.030000 3.046492 0.030000 3.054239 0.030000 0.797066 0.030000 0.727128 0.030000
3.364178 0.030000 3.165712 0.030000 2.809000 0.030000 3.029833 0.030000 7.367066 0.030000 7.305368 0.030000 7.420388 0.150000 7.222974 0.030000 4.387706 0.030000 4.184440 0.030000 4.152724 0.030000 4.288676 0.030000 6.584886 0.030000 6.575637 0.030000 3.038188 0.030000 3.156956 0.150000 0.780470 0.030000 0.712790 0.030000
3.439832 0.030000 3.184230 0.030000 2.796793 0.030000 3.076400 0.030000 7.397406 0.030000 7.307666 0.030000 7.098073 0.030000 7.193716 0.030000 4.454518 0.030000 4.227514 0.030000 4.067001 0.030000 4.320925 0.030000 6.568671 0.030000 6.645693 0.030000 3.056457 0.030000 2.999764 0.030000 0.800195 0.030000 0.710348 0.030000
3.452633 0.030000 3.168960 0.030000 2.669409 0.150000 3.031331 0.030000 7.636746 0.150000 7.292849 0.030000 7.079254 0.030000 7.188265 0.030000 4.454825 0.030000 4.594879 0.150000 4.076394 0.030000 4.276886 0.030000 6.611826 0.030000 6.639676 0.030000 3.049557 0.030000 3.019789 0.030000 0.745900 0.030000 0.770277 0.030000
3.457429 0.030000 3.251875 0.030000 2.723332 0.030000 3.025376 0.030000 7.359538 0.030000 7.295092 0.030000 7.012235 0.150000 7.193107 0.030000 4.500425 0.150000 4.256444 0.030000 4.032688 0.030000 4.243765 0.030000 6.554025 0.030000 6.612803 0.030000 3.590019 0.150000 2.990432 0.030000 0.987600 0.150000 0.791726 0.030000
3.453490 0.030000 3.264751 0.030000 2.650935 0.030000 2.967398 0.030000 7.405676 0.030000 7.336760 0.030000 7.055006 0.030000 7.175745 0.030000 4.524752 0.030000 4.282021 0.030000 4.017243 0.030000 4.192471 0.030000 6.638113 0.030000 6.653337 0.030000 3.048257 0.030000 3.010434 0.030000 0.792493 0.030000 0.710273 0.030000
3.500241 0.030000 3.224966 0.030000 2.692924 0.030000 2.924422 0.030000 7.488456 0.030000 7.388627 0.030000 7.046637 0.030000 7.156963 0.030000 4.502359 0.030000 4.315668 0.030000 3.955986 0.030000 4.172053 0.030000 6.649018 0.030000 6.651958 0.030000 3.013190 0.030000 2.999750 0.030000 0.832234 0.030000 0.720154 0.030000
3.521715 0.030000 3.264892 0.030000 2.650648 0.030000 2.909889 0.030000 7.467914 0.030000 7.322706 0.030000 7.034686 0.030000 7.163611 0.030000 4.524998 0.030000 4.769668 0.150000 3.989460 0.030000 4.164256 0.030000 6.641853 0.030000 6.647108 0.030000 3.061492 0.030000 3.034028 0.030000 0.838028 0.030000 0.742123 0.030000
3.577277 0.030000 3.309918 0.030000 2.658627 0.030000 2.857550 0.030000 7.529638 0.030000 7.348722 0.030000 7.069574 0.030000 7.135380 0.030000 4.545200 0.030000 4.376143 0.030000 3.984668 0.030000 4.114892 0.030000 6.572241 0.030000 6.587436 0.030000 3.019717 0.030000 3.026054 0.030000 0.862855 0.030000 0.721513 0.030000
3.615581 0.030000 3.363484 0.030000 2.629900 0.030000 2.811945 0.030000 7.502368 0.030000 7.381174 0.030000 7.560421 0.150000 7.149190 0.030000 4.560594 0.030000 4.432778 0.030000 3.957826 0.030000 4.149505 0.030000 6.851054 0.150000 6.644871 0.030000 3.053553 0.030000 3.071910 0.030000 0.847807 0.030000 0.775025 0.030000
3.597794 0.030000 3.389269 0.030000 2.540344 0.030000 2.792206 0.030000 7.493207 0.030000 7.392927 0.030000 7.049705 0.030000 7.180511 0.030000 4.599347 0.030000 4.413979 0.030000 3.881771 0.030000 4.089833 0.030000 6.588619 0.030000 6.639420 0.030000 3.042753 0.030000 2.986561 0.030000 0.805215 0.150000 0.773888 0.030000
3.648145 0.030000 3.423710 0.030000 2.484082 0.030000 2.732463 0.030000 7.514528 0.030000 7.397466 0.030000 7.012414 0.030000 7.087424 0.030000 4.589350 0.030000 4.389398 0.030000 3.915892 0.030000 4.202248 0.150000 6.645185 0.030000 6.630250 0.030000 3.023757 0.030000 2.998837 0.030000 0.871558 0.030000 0.741165 0.030000
3.684789 0.030000 3.449622 0.030000 2.518410 0.030000 2.740054 0.030000 7.522303 0.030000 7.401308 0.030000 7.554251 0.150000 7.401774 0.150000 4.947577 0.150000 4.455866 0.030000 3.902274 0.030000 4.064315 0.030000 6.579055 0.030000 7.143327 0.150000 3.063487 0.030000 3.241992 0.150000 0.861105 0.030000 1.398233 0.150000
3.728319 0.030000 3.453940 0.030000 2.520907 0.030000 3.007584 0.150000 7.543841 0.030000 7.410241 0.030000 7.058903 0.030000 7.079186 0.030000 4.723811 0.030000 4.481619 0.030000 3.885608 0.030000 4.032221 0.030000 6.631417 0.030000 6.633011 0.030000 3.038844 0.030000 3.042158 0.030000 0.897458 0.030000 0.820181 0.030000
3.713344 0.030000 3.536043 0.030000 2.434226 0.030000 2.723897 0.030000 7.543192 0.030000 7.481927 0.030000 6.995170 0.030000 7.097510 0.030000 4.703034 0.030000 4.519095 0.150000 3.889431 0.030000 4.058724 0.030000 6.642168 0.030000 6.629431 0.030000 3.101028 0.030000 3.486066 0.150000 0.928769 0.030000 1.461713 0.150000
3.817374 0.030000 3.584476 0.030000 2.430632 0.030000 2.643943 0.030000 7.536112 0.030000 7.475291 0.030000 6.977177 0.030000 7.071165 0.030000 4.699793 0.030000 4.506807 0.030000 3.807507 0.030000 3.919023 0.030000 6.617738 0.030000 6.608052 0.030000 3.336281 0.150000 3.020133 0.030000 0.986018 0.030000 0.781379 0.030000
3.828064 0.030000 3.562342 0.030000 2.367049 0.030000 2.652768 0.030000 7.640807 0.030000 7.830129 0.150000 6.943827 0.030000 7.076184 0.030000 4.716037 0.030000 4.509039 0.030000 3.821457 0.030000 3.969847 0.030000 6.627387 0.030000 6.585963 0.030000 3.071015 0.030000 3.001998 0.030000 0.978234 0.030000 0.846207 0.030000
3.871282 0.030000 3.568449 0.030000 2.373909 0.030000 2.623681 0.030000 7.601620 0.030000 7.477041 0.030000 7.020335 0.030000 7.073702 0.030000 4.769035 0.030000 4.533482 0.030000 3.814709 0.030000 3.940037 0.030000 6.674497 0.030000 6.652995 0.030000 3.110865 0.030000 3.010083 0.030000 0.994352 0.030000 0.875267 0.030000
3.875230 0.030000 3.636263 0.030000 3.656224 0.150000 2.573497 0.030000 8.020755 0.150000 7.438917 0.030000 6.953026 0.030000 6.993679 0.030000 4.813833 0.030000 4.605349 0.030000 3.734273 0.030000 3.992610 0.030000 6.664028 0.030000 6.646660 0.030000 3.096512 0.030000 3.040444 0.030000 1.021755 0.030000 0.901323 0.030000
3.888860 0.030000 3.668156 0.030000 2.269660 0.030000 2.543932 0.030000 7.622520 0.030000 7.464691 0.030000 6.967136 0.030000 6.998805 0.030000 4.802448 0.030000 4.565512 0.030000 3.767394 0.030000 3.963120 0.030000 6.621256 0.030000 6.658430 0.030000 3.166523 0.030000 3.074932 0.030000 1.037142 0.030000 0.871020 0.030000
3.888169 0.030000 3.711870 0.030000 2.241881 0.030000 2.458435 0.030000 7.668982 0.030000 7.519582 0.030000 7.228313 0.150000 7.066162 0.030000 4.805345 0.030000 4.606041 0.030000 3.705030 0.030000 3.868617 0.030000 6.663444 0.030000 6.638234 0.030000 3.156393 0.030000 3.003416 0.030000 1.065241 0.030000 0.881022 0.030000
3.966514 0.030000 3.740079 0.030000 2.219553 0.030000 2.467740 0.030000 7.692607 0.030000 7.541028 0.030000 6.887310 0.030000 6.988825 0.030000 4.868922 0.030000 4.623101 0.030000 3.689006 0.030000 3.896485 0.030000 6.701882 0.030000 6.658151 0.030000 3.081751 0.030000 3.042511 0.030000 1.068611 0.030000 0.881658 0.030000
3.972458 0.030000 3.692584 0.030000 2.221486 0.030000 2.452299 0.030000 7.614280 0.030000 7.555094 0.030000 6.995709 0.150000 6.959252 0.030000 4.873785 0.030000 4.653067 0.030000 3.687981 0.030000 3.908323 0.030000 6.645753 0.030000 6.641770 0.030000 3.152637 0.030000 3.042004 0.030000 1.110199 0.030000 0.930946 0.030000
4.010439 0.150000 3.731895 0.030000 2.150498 0.030000 2.373316 0.030000 7.695634 0.030000 7.606059 0.030000 6.874104 0.030000 7.001886 0.030000 4.896476 0.030000 4.697153 0.030000 3.674560 0.030000 3.846885 0.030000 6.649017 0.030000 6.669360 0.030000 3.056789 0.030000 3.048969 0.030000 1.173143 0.030000 0.942412 0.030000
4.064591 0.030000 3.839885 0.030000 2.114377 0.030000 2.373313 0.030000 7.766481 0.030000 7.601234 0.030000 6.897301 0.030000 6.947020 0.030000 5.282250 0.150000 4.752062 0.030000 3.672670 0.030000 3.790822 0.030000 6.642826 0.030000 6.641008 0.150000 3.139179 0.030000 3.050928 0.030000 1.124509 0.030000 1.339540 0.150000
4.034050 0.030000 3.799106 0.030000 2.118879 0.030000 2.382257 0.030000 7.775431 0.030000 7.576230 0.030000 6.809983 0.030000 6.994303 0.030000 4.928211 0.030000 4.734479 0.030000 3.655733 0.030000 4.474811 0.150000 6.695918 0.030000 6.669959 0.030000 3.087710 0.030000 3.063466 0.030000 1.222258 0.030000 1.071980 0.030000
4.118525 0.030000 3.855190 0.030000 2.083386 0.030000 2.370356 0.030000 7.735269 0.030000 7.686015 0.030000 6.865177 0.030000 6.987223 0.030000 4.943137 0.030000 4.820078 0.030000 3.674274 0.030000 3.811992 0.030000 6.699917 0.030000 6.608817 0.030000 3.160071 0.030000 3.096989 0.030000 1.193817 0.030000 3.130130 0.150000
4.127302 0.030000 3.818062 0.030000 2.047853 0.030000 2.235837 0.030000 7.740811 0.030000 7.648395 0.030000 6.833368 0.030000 6.930709 0.030000 4.989971 0.030000 4.829018 0.030000 3.441294 0.150000 3.815047 0.030000 6.690309 0.030000 7.641602 0.150000 3.135195 0.030000 3.086914 0.030000 1.260575 0.030000 1.007737 0.030000
4.155575 0.030000 3.951610 0.030000 1.992485 0.030000 2.297267 0.030000 7.768702 0.030000 7.524398 0.150000 6.843588 0.030000 6.935181 0.030000 5.062182 0.030000 4.788292 0.030000 3.627824 0.030000 3.792400 0.030000 6.674852 0.030000 6.940534 0.150000 3.223436 0.030000 3.103720 0.030000 1.247612 0.030000 1.088830 0.030000
4.185420 0.030000 3.919957 0.030000 2.043826 0.030000 2.278629 0.030000 8.191514 0.150000 7.670325 0.030000 6.850498 0.030000 6.960864 0.030000 5.435838 0.150000 4.776629 0.030000 3.652403 0.150000 3.789241 0.030000 6.715213 0.030000 6.655932 0.030000 3.878315 0.150000 3.134540 0.030000 2.201321 0.150000 1.078508 0.030000
4.266981 0.030000 3.903039 0.030000 1.968601 0.030000 2.154388 0.030000 7.835558 0.030000 7.667084 0.030000 6.815630 0.030000 6.888903 0.030000 5.104171 0.030000 4.821996 0.150000 3.615115 0.030000 3.723177 0.030000 6.714982 0.030000 6.685460 0.030000 4.035122 0.150000 3.117566 0.030000 1.274035 0.030000 1.169793 0.030000
4.275813 0.030000 3.988461 0.030000 1.952519 0.030000 2.182143 0.030000 7.919575 0.150000 7.761861 0.030000 6.795033 0.030000 6.868610 0.030000 5.118146 0.030000 4.896641 0.030000 3.542182 0.030000 4.128146 0.150000 6.756624 0.150000 7.020292 0.150000 3.243920 0.030000 3.161261 0.030000 1.337709 0.030000 1.123335 0.030000
4.459614 0.150000 4.037963 0.030000 1.934937 0.030000 2.116563 0.030000 7.827127 0.030000 7.670451 0.030000 6.811066 0.030000 6.881360 0.030000 5.156389 0.030000 4.892758 0.150000 3.507428 0.030000 3.667877 0.030000 6.739810 0.030000 6.780217 0.150000 3.225527 0.030000 3.115474 0.030000 1.346784 0.030000 1.154644 0.030000
4.290259 0.030000 4.073081 0.030000 1.866542 0.030000 2.289678 0.150000 7.817278 0.030000 7.744459 0.030000 6.816779 0.030000 6.868850 0.030000 5.089625 0.030000 4.962590 0.030000 3.563957 0.030000 3.723546 0.030000 7.043049 0.150000 6.705712 0.030000 3.200679 0.030000 3.135682 0.030000 1.424751 0.030000 1.163353 0.030000
4.357635 0.030000 4.087166 0.030000 1.856964 0.030000 2.080746 0.030000 7.819330 0.030000 7.861900 0.150000 6.816651 0.030000 6.852726 0.030000 5.127193 0.030000 4.930520 0.150000 3.527427 0.030000 3.656881 0.030000 6.688414 0.030000 6.668683 0.030000 3.275027 0.030000 3.156027 0.030000 2.225493 0.150000 1.213509 0.030000
4.379447 0.030000 4.082017 0.030000 1.819021 0.030000 2.055762 0.030000 7.900860 0.030000 8.200049 0.150000 6.848219 0.150000 6.852120 0.030000 5.234511 0.030000 4.953142 0.030000 3.511271 0.030000 3.619443 0.030000 6.680039 0.030000 6.688288 0.030000 3.222515 0.030000 3.159047 0.030000 1.444343 0.030000 1.182108 0.030000
4.396057 0.030000 4.143216 0.030000 1.872396 0.030000 2.619714 0.150000 7.914866 0.030000 7.779781 0.030000 6.781150 0.030000 6.825726 0.030000 5.233481 0.030000 5.009180 0.030000 3.521663 0.030000 3.628824 0.030000 6.456042 0.150000 6.651610 0.030000 3.263179 0.030000 3.182722 0.030000 1.387244 0.030000 1.307450 0.030000
4.472202 0.030000 4.174390 0.030000 1.811282 0.030000 2.030705 0.030000 7.863811 0.030000 7.803245 0.030000 6.790290 0.030000 7.132057 0.150000 5.238212 0.030000 5.025292 0.030000 3.511143 0.030000 3.553209 0.030000 6.760816 0.030000 6.670976 0.030000 3.265769 0.030000 3.196888 0.030000 1.532268 0.030000 1.301639 0.030000
4.495101 0.030000 4.384457 0.150000 1.762267 0.030000 1.992249 0.030000 7.923357 0.030000 7.805384 0.030000 6.782508 0.030000 7.005072 0.150000 5.334562 0.030000 5.015356 0.030000 3.412181 0.030000 3.549606 0.030000 6.773264 0.030000 6.681336 0.030000 3.282713 0.030000 3.196996 0.030000 1.516729 0.030000 1.318475 0.030000
4.545768 0.030000 4.268789 0.030000 1.729918 0.030000 1.995074 0.030000 7.935147 0.030000 7.805895 0.030000 6.801039 0.030000 6.795202 0.030000 5.297608 0.030000 5.109414 0.030000 3.436689 0.030000 3.505085 0.030000 6.757258 0.030000 6.625074 0.030000 3.302724 0.030000 3.198486 0.030000 1.498236 0.030000 1.336712 0.030000
4.512715 0.030000 4.225715 0.030000 1.678793 0.030000 1.929842 0.030000 7.920411 0.030000 7.827950 0.030000 6.774372 0.030000 6.900271 0.150000 5.345994 0.030000 5.098084 0.030000 3.452895 0.030000 3.950709 0.150000 6.787558 0.030000 6.730799 0.030000 3.263840 0.030000 3.228796 0.030000 1.572150 0.030000 1.349786 0.030000
4.590456 0.030000 4.335072 0.030000 1.739830 0.030000 1.911125 0.030000 7.948374 0.030000 7.867775 0.030000 6.764032 0.030000 6.806965 0.030000 5.699679 0.150000 5.087864 0.030000 3.414214 0.030000 3.523642 0.030000 6.721088 0.030000 6.692677 0.030000 3.284799 0.030000 3.244735 0.030000 1.527407 0.030000 1.355764 0.030000
4.550728 0.030000 4.298379 0.030000 1.654469 0.030000 1.919103 0.030000 8.039469 0.030000 7.889084 0.030000 6.768237 0.030000 6.756634 0.030000 5.307923 0.030000 5.189735 0.030000 3.389959 0.030000 3.787339 0.150000 6.761746 0.030000 6.768800 0.030000 3.266263 0.030000 3.195979 0.030000 1.607396 0.030000 1.426126 0.030000
4.608235 0.030000 4.333784 0.030000 1.612958 0.030000 1.906508 0.030000 8.033455 0.030000 7.888030 0.030000 6.746454 0.030000 6.796057 0.030000 5.368142 0.030000 5.179435 0.030000 3.393858 0.030000 3.431702 0.030000 6.790869 0.030000 6.698625 0.030000 3.336687 0.030000 3.227539 0.030000 1.823195 0.150000 1.372592 0.030000
4.555373 0.030000 4.301750 0.030000 1.672047 0.030000 1.835548 0.030000 8.033868 0.030000 7.895233 0.030000 6.812307 0.030000 6.850795 0.030000 5.394471 0.030000 5.231260 0.030000 3.334519 0.030000 3.513962 0.030000 6.731274 0.030000 6.715871 0.030000 3.375241 0.030000 3.283301 0.030000 1.707097 0.030000 1.445713 0.030000
4.608432 0.030000 4.416511 0.030000 1.624971 0.030000 1.820764 0.030000 8.269009 0.150000 7.908533 0.030000 6.731310 0.030000 6.802099 0.030000 5.377660 0.030000 5.207542 0.030000 3.368337 0.030000 3.527814 0.030000 6.830202 0.030000 6.775880 0.030000 3.385215 0.030000 3.209938 0.030000 1.702928 0.030000 1.493016 0.030000
4.673032 0.030000 4.465541 0.030000 1.591664 0.030000 1.947536 0.150000 8.102186 0.030000 7.933724 0.030000 6.765921 0.030000 6.808423 0.030000 5.418632 0.030000 5.282906 0.030000 3.245793 0.150000 3.455042 0.030000 6.747446 0.030000 6.732636 0.030000 3.427766 0.030000 3.285925 0.030000 1.700087 0.150000 1.456820 0.030000
4.704357 0.030000 4.460495 0.030000 1.572544 0.030000 1.776399 0.030000 8.055990 0.030000 7.854528 0.030000 6.684507 0.030000 6.800597 0.030000 5.443571 0.030000 5.376869 0.150000 3.373599 0.030000 3.409530 0.030000 6.787187 0.030000 6.733775 0.030000 3.490115 0.030000 3.300211 0.030000 1.700581 0.030000 1.509342 0.030000
4.676313 0.030000 4.453002 0.030000 1.543959 0.030000 1.773677 0.030000 8.118657 0.030000 7.975732 0.030000 6.701949 0.030000 6.797857 0.030000 5.501065 0.030000 5.283034 0.030000 3.340281 0.030000 3.461454 0.030000 6.762985 0.030000 6.609683 0.150000 3.373832 0.030000 3.265399 0.030000 1.772845 0.030000 1.544474 0.030000
4.786074 0.030000 4.505199 0.030000 1.528245 0.030000 1.761717 0.030000 8.073031 0.030000 7.769941 0.150000 6.749423 0.030000 6.749897 0.030000 5.456322 0.030000 5.261803 0.030000 3.336323 0.030000 3.430816 0.030000 6.752621 0.030000 6.700440 0.030000 3.370066 0.030000 3.325440 0.030000 1.703467 0.030000 1.600981 0.030000
4.737805 0.030000 4.535525 0.030000 1.478484 0.030000 1.714973 0.030000 8.081768 0.030000 7.952155 0.030000 6.734927 0.030000 7.239236 0.150000 5.524753 0.030000 5.308778 0.030000 3.330969 0.030000 3.426108 0.030000 6.815028 0.030000 6.668200 0.030000 3.454147 0.150000 3.273944 0.030000 1.744577 0.030000 1.390566 0.150000
4.725388 0.030000 4.776543 0.150000 1.431152 0.030000 1.652168 0.030000 8.144251 0.030000 7.973640 0.030000 6.717756 0.030000 6.810034 0.030000 5.551925 0.030000 5.336156 0.030000 3.367680 0.030000 3.415450 0.030000 6.846538 0.030000 6.749867 0.030000 3.441567 0.030000 3.289268 0.030000 1.795859 0.030000 1.763691 0.150000
4.790168 0.030000 4.525556 0.030000 1.440988 0.150000 1.709471 0.030000 8.158129 0.030000 7.946781 0.030000 7.119619 0.150000 6.745812 0.030000 5.588561 0.030000 5.343671 0.030000 3.273663 0.030000 3.412785 0.030000 6.806056 0.030000 6.761528 0.030000 3.489031 0.030000 3.297212 0.030000 1.834173 0.030000 1.533089 0.030000
4.781287 0.030000 4.567370 0.030000 1.479824 0.030000 1.672822 0.030000 8.144092 0.030000 8.030317 0.030000 6.672161 0.030000 6.777207 0.030000 5.587446 0.030000 5.494690 0.150000 3.286338 0.030000 3.355111 0.030000 6.826619 0.030000 6.914438 0.150000 3.385612 0.030000 3.348015 0.030000 1.870022 0.030000 1.610623 0.030000
4.885268 0.030000 4.592808 0.030000 1.441055 0.030000 1.644953 0.030000 8.202758 0.030000 8.031586 0.030000 6.688561 0.030000 6.746209 0.030000 5.569452 0.030000 5.369937 0.030000 3.312837 0.030000 3.368866 0.030000 6.866240 0.030000 6.769542 0.030000 4.033779 0.150000 3.282607 0.030000 1.704525 0.150000 1.627717 0.030000
4.857815 0.030000 4.579562 0.030000 1.381006 0.030000 1.613870 0.030000 8.128608 0.030000 8.066080 0.030000 6.657728 0.030000 6.752442 0.030000 5.573760 0.030000 5.344947 0.030000 3.239314 0.030000 3.343682 0.030000 6.825057 0.150000 7.637868 0.150000 3.420541 0.030000 3.360933 0.030000 1.846943 0.030000 1.650246 0.030000
5.102171 0.150000 4.652052 0.030000 1.428477 0.030000 1.783071 0.150000 8.342914 0.150000 7.983950 0.030000 6.658072 0.030000 6.781427 0.150000 5.554062 0.030000 5.404935 0.030000 3.259191 0.030000 3.404025 0.030000 6.851705 0.030000 6.824162 0.030000 3.472085 0.030000 3.347041 0.030000 1.928553 0.030000 1.646992 0.030000
4.880039 0.030000 4.623461 0.030000 1.382935 0.030000 1.593897 0.030000 8.206825 0.030000 8.022365 0.030000 6.734404 0.030000 6.715348 0.030000 5.594933 0.030000 5.367707 0.030000 3.302642 0.030000 3.348624 0.030000 6.853044 0.030000 6.800171 0.030000 3.470679 0.030000 3.407414 0.030000 1.863951 0.030000 1.716966 0.030000
4.878128 0.030000 4.656672 0.030000 1.357847 0.030000 1.543256 0.030000 8.301767 0.150000 8.059589 0.030000 6.671154 0.030000 6.785938 0.030000 5.669277 0.030000 5.977995 0.150000 3.339501 0.150000 3.304999 0.030000 6.873484 0.030000 6.814419 0.030000 3.501484 0.030000 3.396083 0.030000 1.902294 0.030000 1.665577 0.030000
5.299504 0.150000 4.667794 0.030000 1.345539 0.030000 1.500462 0.030000 8.236916 0.030000 8.062042 0.030000 6.641826 0.030000 6.728903 0.030000 5.718513 0.030000 5.427141 0.030000 3.197892 0.030000 3.368761 0.030000 6.873890 0.030000 6.769198 0.030000 3.503492 0.030000 3.354722 0.030000 1.924920 0.030000 1.734228 0.030000
4.945344 0.030000 4.717227 0.030000 1.393818 0.030000 1.713865 0.150000 8.251560 0.030000 8.071607 0.030000 6.636804 0.030000 6.727932 0.030000 5.808686 0.150000 5.413192 0.030000 3.248525 0.030000 3.358810 0.030000 6.839353 0.150000 6.731458 0.030000 3.554866 0.030000 3.380462 0.030000 1.956678 0.030000 1.719768 0.030000
4.957638 0.030000 4.669890 0.030000 1.277187 0.030000 1.565145 0.030000 8.213966 0.030000 8.045876 0.030000 6.666518 0.030000 7.494848 0.150000 6.153808 0.150000 5.456634 0.030000 3.189933 0.030000 3.304243 0.030000 6.837767 0.030000 6.779308 0.030000 3.516480 0.030000 3.357538 0.030000 2.020531 0.030000 1.709893 0.030000
4.998668 0.030000 4.709064 0.030000 1.292208 0.030000 1.616077 0.150000 8.285268 0.030000 8.114699 0.030000 6.690215 0.030000 6.799678 0.150000 5.702442 0.030000 5.484485 0.030000 3.182861 0.030000 3.325545 0.030000 6.829122 0.030000 6.804888 0.030000 3.518182 0.030000 3.360314 0.030000 1.948089 0.030000 1.716228 0.150000
4.968548 0.030000 4.716312 0.030000 1.292474 0.030000 1.450363 0.030000 8.241666 0.150000 8.107905 0.030000 6.638927 0.030000 6.693761 0.030000 5.704509 0.030000 5.513182 0.030000 3.243470 0.030000 3.315834 0.030000 6.838455 0.030000 6.774830 0.030000 3.569978 0.030000 3.405850 0.030000 1.974995 0.030000 1.784044 0.030000
5.000245 0.030000 4.758214 0.030000 1.339131 0.030000 1.515132 0.030000 8.267262 0.030000 8.110970 0.030000 6.620733 0.030000 6.673846 0.030000 5.703530 0.030000 5.451834 0.030000 3.212325 0.030000 3.323369 0.030000 6.864694 0.030000 6.781307 0.030000 3.494698 0.030000 3.386276 0.030000 1.945285 0.030000 1.780208 0.030000
5.013599 0.030000 4.725751 0.030000 1.286216 0.030000 1.480044 0.030000 8.550261 0.150000 8.128343 0.030000 6.671808 0.030000 6.709730 0.030000 5.727058 0.030000 5.490530 0.030000 3.252890 0.030000 3.309585 0.030000 7.184347 0.150000 6.792122 0.030000 3.519619 0.030000 3.388917 0.030000 1.991145 0.030000 1.749863 0.030000
4.996722 0.030000 4.771281 0.030000 1.270147 0.030000 1.440265 0.030000 8.286814 0.030000 8.093078 0.030000 6.675129 0.030000 6.743644 0.030000 5.731448 0.030000 6.042412 0.150000 3.167742 0.030000 3.344616 0.030000 6.862923 0.030000 6.832418 0.030000 3.577587 0.030000 3.445317 0.030000 2.056026 0.030000 1.805474 0.030000
5.077420 0.030000 4.758938 0.030000 1.202265 0.030000 1.522182 0.030000 8.323349 0.030000 8.157985 0.030000 6.636637 0.030000 6.716436 0.030000 5.770444 0.030000 5.509053 0.030000 3.177861 0.030000 3.300992 0.030000 6.854158 0.030000 6.947230 0.150000 3.528463 0.030000 3.838173 0.150000 2.060412 0.030000 1.797822 0.030000
5.459463 0.150000 4.802322 0.030000 1.234417 0.030000 1.895990 0.150000 8.284844 0.030000 8.164967 0.030000 6.660612 0.030000 6.647688 0.030000 5.715425 0.030000 5.549952 0.030000 3.208847 0.030000 3.271745 0.030000 7.383892 0.150000 6.797752 0.030000 3.555444 0.030000 3.445845 0.030000 2.054237 0.030000 1.811862 0.030000
5.041924 0.030000 4.778160 0.030000 1.482009 0.150000 1.424912 0.030000 8.272950 0.030000 8.123158 0.030000 6.660777 0.030000 6.713933 0.030000 5.748883 0.030000 5.512933 0.030000 4.358111 0.150000 3.255720 0.030000 6.874124 0.030000 6.855901 0.030000 3.529265 0.030000 3.454430 0.030000 2.080979 0.030000 1.856314 0.030000
5.218259 0.150000 4.805843 0.030000 1.198528 0.030000 1.409823 0.030000 8.287428 0.030000 8.202408 0.150000 6.601206 0.030000 6.699883 0.030000 5.809962 0.030000 5.536727 0.030000 3.204964 0.030000 3.332380 0.150000 6.868090 0.030000 6.819380 0.030000 3.569977 0.030000 3.442875 0.030000 2.117809 0.030000 2.219929 0.150000
5.744014 0.150000 4.854252 0.030000 1.486072 0.150000 2.333256 0.150000 8.299185 0.030000 8.139084 0.030000 6.685622 0.030000 6.762088 0.030000 5.807761 0.030000 5.572677 0.030000 3.194430 0.030000 3.467382 0.150000 6.930217 0.030000 6.810547 0.030000 3.588202 0.030000 3.443339 0.030000 2.128290 0.030000 1.844300 0.030000
5.142634 0.030000 4.871120 0.030000 1.248080 0.030000 1.451111 0.030000 8.297434 0.030000 9.633603 0.150000 6.659283 0.030000 6.651495 0.030000 5.823361 0.030000 5.570088 0.030000 3.104892 0.030000 3.256748 0.030000 6.879887 0.030000 6.810055 0.030000 4.955295 0.150000 3.450757 0.030000 2.030941 0.030000 1.847790 0.030000
5.117672 0.030000 4.834898 0.030000 1.191930 0.030000 1.388896 0.030000 8.322497 0.030000 8.221704 0.030000 6.653237 0.030000 6.692936 0.030000 5.763072 0.030000 5.814505 0.150000 3.194485 0.030000 3.287839 0.030000 6.884445 0.030000 6.823658 0.030000 3.609851 0.030000 3.405295 0.030000 2.130336 0.030000 1.837376 0.030000
5.114681 0.030000 4.911484 0.030000 1.141965 0.030000 1.411557 0.030000 8.332171 0.030000 8.150821 0.030000 6.626239 0.030000 6.666497 0.030000 5.809908 0.030000 5.619178 0.030000 3.190741 0.030000 3.281847 0.030000 6.868013 0.030000 7.065714 0.150000 3.588445 0.030000 3.524738 0.030000 2.107031 0.030000 1.880346 0.030000
5.157675 0.030000 4.877639 0.030000 1.182544 0.030000 1.387400 0.030000 8.327561 0.030000 8.235687 0.030000 6.668492 0.030000 6.678247 0.030000 5.811877 0.030000 5.624043 0.030000 3.193490 0.030000 3.227738 0.030000 6.874706 0.030000 6.839713 0.030000 3.604395 0.030000 3.409307 0.030000 2.160119 0.030000 2.083108 0.150000
5.127977 0.030000 4.832199 0.030000 1.197741 0.030000 1.427450 0.030000 8.381347 0.030000 8.178822 0.030000 6.859768 0.150000 6.701635 0.030000 5.829012 0.030000 5.581153 0.030000 3.430611 0.150000 3.297048 0.030000 6.875070 0.030000 6.830566 0.030000 3.566025 0.030000 3.524889 0.030000 2.147830 0.030000 1.878957 0.030000
5.154816 0.030000 4.898500 0.030000 1.211763 0.030000 1.396225 0.030000 8.321644 0.030000 8.152818 0.030000 6.609581 0.030000 6.690216 0.030000 5.815633 0.030000 5.617666 0.030000 3.123754 0.030000 3.236166 0.030000 6.925052 0.030000 6.868712 0.030000 3.634524 0.030000 3.695342 0.150000 2.155475 0.030000 1.875721 0.030000
5.112998 0.030000 4.909702 0.030000 1.184275 0.030000 1.304863 0.030000 8.362131 0.030000 8.187851 0.030000 6.634135 0.030000 6.720574 0.030000 6.444219 0.150000 5.620545 0.030000 3.113250 0.030000 3.263439 0.030000 7.046512 0.150000 6.828090 0.030000 3.598832 0.030000 4.065393 0.150000 2.112915 0.030000 1.862326 0.030000
5.159352 0.030000 4.919884 0.030000 1.203953 0.030000 1.415344 0.030000 8.361868 0.030000 8.171557 0.030000 6.615088 0.030000 6.652977 0.030000 5.870545 0.030000 5.660805 0.030000 3.099738 0.030000 3.240328 0.030000 6.903941 0.030000 6.853048 0.030000 3.616391 0.030000 3.524726 0.030000 2.165865 0.030000 1.872594 0.030000
5.107507 0.030000 4.940951 0.030000 1.123908 0.030000 1.305125 0.030000 8.351180 0.030000 8.577501 0.150000 6.606984 0.030000 6.723182 0.030000 5.864729 0.030000 5.603976 0.030000 3.835036 0.150000 3.266764 0.030000 6.950667 0.030000 6.889502 0.030000 3.588461 0.030000 3.448763 0.030000 2.167481 0.030000 1.894879 0.030000
5.153348 0.030000 4.907419 0.030000 1.202501 0.030000 1.260071 0.150000 8.261092 0.030000 8.219988 0.030000 6.576210 0.030000 6.682500 0.030000 5.853811 0.030000 5.639631 0.030000 3.221430 0.030000 3.696376 0.150000 6.864241 0.030000 6.770637 0.150000 4.087225 0.150000 3.502692 0.030000 2.467603 0.150000 1.942836 0.030000
5.193720 0.030000 4.924959 0.030000 1.188903 0.030000 1.334591 0.150000 8.365321 0.030000 8.264592 0.030000 6.674292 0.030000 6.732398 0.030000 5.981248 0.150000 5.639829 0.030000 3.050462 0.030000 3.258643 0.030000 6.983387 0.150000 6.784933 0.030000 3.623676 0.030000 3.828309 0.150000 2.142038 0.030000 1.858683 0.030000
5.167041 0.030000 4.998300 0.150000 1.157048 0.030000 1.343363 0.030000 8.277153 0.030000 8.551779 0.150000 6.598365 0.030000 6.710435 0.030000 5.849824 0.030000 5.650967 0.030000 3.668855 0.150000 3.225824 0.030000 6.882768 0.030000 6.889531 0.030000 3.578594 0.150000 3.510425 0.030000 2.148578 0.030000 1.911908 0.030000
5.206556 0.030000 4.901629 0.030000 1.108241 0.030000 1.303685 0.030000 8.336553 0.030000 8.216026 0.030000 6.611757 0.030000 6.723057 0.030000 5.847513 0.030000 5.660385 0.030000 3.159892 0.030000 3.277737 0.030000 6.883749 0.030000 7.995101 0.150000 3.599703 0.030000 3.538364 0.030000 2.190861 0.030000 1.978029 0.030000
5.213409 0.030000 4.955599 0.030000 1.181000 0.030000 1.350922 0.030000 8.333593 0.030000 8.206762 0.030000 6.559102 0.030000 6.686399 0.030000 5.824354 0.150000 5.762122 0.030000 3.155792 0.030000 3.296597 0.030000 6.832941 0.030000 6.872339 0.030000 3.646915 0.030000 3.511286 0.030000 2.216014 0.030000 2.044801 0.030000
5.408826 0.150000 4.978865 0.030000 1.180294 0.030000 1.387697 0.150000 8.323621 0.030000 8.285263 0.030000 6.544945 0.030000 6.668672 0.030000 5.858477 0.030000 5.711972 0.030000 3.025688 0.030000 3.184360 0.030000 6.861904 0.030000 6.908318 0.030000 3.599836 0.030000 3.540540 0.030000 2.173908 0.030000 1.948197 0.030000
5.204194 0.030000 4.948699 0.030000 1.138619 0.030000 1.286188 0.030000 8.316896 0.030000 8.257257 0.030000 6.469284 0.030000 6.815483 0.150000 5.828914 0.030000 5.765866 0.030000 3.062896 0.030000 3.234582 0.030000 6.869497 0.030000 6.855256 0.030000 3.590038 0.030000 3.547789 0.030000 2.156214 0.030000 1.973018 0.030000
5.223219 0.030000 5.037066 0.030000 1.626669 0.150000 1.236748 0.030000 8.318868 0.030000 8.262692 0.030000 6.522255 0.030000 6.693281 0.030000 5.853177 0.030000 5.758593 0.030000 3.000619 0.030000 3.258577 0.030000 6.827680 0.030000 7.050754 0.150000 3.552123 0.030000 3.551607 0.030000 2.220450 0.030000 2.070216 0.030000
5.243199 0.030000 5.026998 0.030000 1.123146 0.030000 1.252696 0.030000 8.295732 0.030000 8.281051 0.030000 6.499267 0.030000 6.646898 0.030000 5.929864 0.030000 5.757306 0.030000 3.016802 0.030000 3.217324 0.030000 6.829277 0.030000 6.945809 0.030000 3.554074 0.030000 3.566695 0.030000 2.278723 0.030000 2.019149 0.030000
5.191952 0.030000 5.014976 0.030000 1.172790 0.030000 1.229091 0.030000 8.313299 0.030000 8.341581 0.030000 6.480100 0.030000 6.618369 0.030000 5.863701 0.030000 5.813345 0.030000 2.992555 0.030000 4.578134 0.150000 7.223603 0.150000 6.859255 0.030000 4.403954 0.150000 3.604536 0.030000 2.466773 0.150000 2.034590 0.030000
5.241661 0.030000 5.089324 0.030000 1.253936 0.030000 1.191829 0.030000 8.300106 0.030000 8.298637 0.030000 6.457171 0.030000 6.884601 0.150000 5.838737 0.030000 5.778026 0.030000 3.000411 0.030000 3.203152 0.030000 6.779537 0.030000 6.861511 0.030000 3.324446 0.150000 3.608998 0.030000 2.291924 0.030000 2.029953 0.030000
5.204922 0.030000 5.092038 0.030000 1.167140 0.030000 1.155418 0.030000 8.299722 0.030000 8.286257 0.030000 6.405951 0.030000 6.653090 0.030000 5.820486 0.030000 5.818495 0.030000 2.967467 0.030000 3.189078 0.030000 6.746868 0.030000 6.915719 0.030000 3.509937 0.030000 3.511883 0.030000 2.306094 0.030000 2.061477 0.030000
5.269465 0.030000 5.143456 0.030000 1.180537 0.030000 1.168369 0.030000 8.262402 0.030000 8.305761 0.030000 6.436583 0.030000 6.655673 0.030000 5.843328 0.030000 5.818812 0.030000 2.872893 0.030000 3.179098 0.030000 6.734674 0.030000 6.901554 0.030000 3.640914 0.150000 3.616665 0.030000 2.312221 0.030000 2.105402 0.030000
5.304916 0.030000 5.162633 0.030000 1.836029 0.150000 1.149417 0.030000 8.240357 0.030000 8.296408 0.030000 6.354923 0.030000 6.653796 0.030000 5.807182 0.030000 5.866362 0.030000 2.844349 0.030000 3.122186 0.030000 6.713189 0.030000 6.881731 0.030000 3.511039 0.030000 3.609493 0.030000 2.367369 0.030000 2.056420 0.030000
5.601701 0.150000 5.212760 0.030000 1.278474 0.030000 1.217500 0.030000 8.248098 0.030000 8.314954 0.030000 6.385013 0.030000 6.629960 0.030000 6.192267 0.150000 5.841316 0.030000 2.916974 0.030000 3.129959 0.030000 6.670250 0.030000 6.921153 0.030000 3.478007 0.030000 3.868390 0.150000 2.383907 0.030000 2.142744 0.150000
5.328616 0.150000 5.239587 0.030000 1.242228 0.030000 1.164681 0.030000 8.174124 0.030000 8.280719 0.030000 6.319820 0.030000 6.562141 0.030000 5.797009 0.030000 5.803765 0.030000 2.872604 0.030000 3.078249 0.030000 6.632380 0.030000 6.830072 0.030000 3.716400 0.150000 3.612893 0.030000 2.310763 0.030000 2.281281 0.150000
5.360742 0.030000 5.277156 0.030000 1.285126 0.030000 1.220207 0.030000 8.548680 0.150000 8.282875 0.030000 6.321869 0.030000 6.573856 0.030000 5.689824 0.150000 5.843116 0.030000 2.817465 0.030000 3.034978 0.030000 6.611025 0.030000 6.820943 0.030000 3.427073 0.030000 3.616527 0.030000 2.426430 0.030000 2.217068 0.030000
5.298360 0.030000 5.181446 0.030000 1.304044 0.030000 1.177879 0.030000 8.120102 0.030000 8.319015 0.030000 6.250494 0.030000 6.551576 0.030000 5.780688 0.030000 5.766340 0.030000 2.752805 0.030000 3.015257 0.030000 6.597223 0.030000 6.816288 0.030000 3.372698 0.030000 3.588743 0.030000 2.387597 0.030000 2.254226 0.030000
5.326793 0.030000 5.252735 0.030000 1.347303 0.030000 1.215506 0.030000 8.127971 0.030000 9.197222 0.150000 6.215252 0.150000 6.483861 0.030000 5.754773 0.030000 5.846948 0.030000 2.788983 0.030000 2.956063 0.030000 6.581114 0.030000 7.627636 0.150000 3.516680 0.150000 3.522734 0.030000 2.390079 0.030000 2.273366 0.030000
5.314506 0.030000 5.800434 0.150000 1.443392 0.150000 1.227610 0.030000 8.105022 0.030000 8.274582 0.030000 6.160833 0.030000 6.452416 0.030000 5.754130 0.030000 6.041221 0.150000 2.719365 0.030000 3.011778 0.030000 6.533118 0.030000 6.768367 0.030000 3.331711 0.030000 3.537802 0.030000 2.452270 0.030000 2.307595 0.030000
5.379664 0.030000 5.670647 0.150000 1.376647 0.030000 1.204222 0.030000 8.134525 0.030000 8.410326 0.150000 6.220303 0.030000 6.940745 0.150000 5.789630 0.030000 5.824569 0.030000 2.689364 0.030000 3.131365 0.150000 6.473421 0.030000 6.729618 0.030000 3.296256 0.030000 3.533309 0.030000 2.905821 0.150000 2.292174 0.030000
5.354789 0.030000 5.313434 0.030000 1.411798 0.030000 1.269357 0.030000 8.027489 0.030000 8.291897 0.030000 6.163782 0.030000 6.397400 0.030000 5.739195 0.030000 5.883539 0.030000 2.701840 0.030000 2.931933 0.030000 6.522399 0.030000 6.673235 0.030000 3.264339 0.030000 3.476651 0.030000 2.461862 0.030000 2.338267 0.030000
5.358829 0.030000 5.276220 0.030000 1.461708 0.030000 1.264837 0.030000 8.087682 0.030000 8.794410 0.150000 6.091414 0.030000 6.377491 0.030000 5.688553 0.030000 5.792226 0.030000 2.604419 0.030000 2.883331 0.030000 6.480080 0.030000 6.683831 0.030000 3.286325 0.030000 3.514518 0.030000 2.446877 0.030000 2.336216 0.030000
5.350251 0.030000 5.268409 0.030000 1.515929 0.030000 1.326896 0.030000 8.005518 0.030000 8.150956 0.030000 6.132457 0.030000 6.349209 0.030000 5.640018 0.030000 5.809503 0.030000 2.695159 0.030000 2.840706 0.030000 6.454148 0.030000 6.688271 0.030000 3.325376 0.030000 3.445313 0.030000 2.635274 0.150000 2.273020 0.030000
5.695579 0.150000 5.308930 0.030000 1.570068 0.150000 1.317849 0.030000 7.990166 0.030000 8.159221 0.030000 6.006603 0.030000 6.312281 0.030000 5.689179 0.030000 5.803294 0.030000 2.623440 0.030000 2.808054 0.030000 6.422382 0.030000 6.698115 0.030000 3.253702 0.030000 3.482171 0.030000 2.519703 0.030000 2.349030 0.030000
5.341048 0.030000 6.082504 0.150000 1.837027 0.150000 1.348986 0.030000 7.970760 0.030000 8.120044 0.030000 6.088461 0.030000 6.246287 0.030000 5.672008 0.030000 5.820822 0.030000 2.628475 0.030000 2.757781 0.030000 6.354854 0.030000 6.605161 0.030000 3.603366 0.150000 3.434736 0.150000 2.515290 0.030000 2.496168 0.150000
5.382594 0.030000 5.317410 0.030000 1.553414 0.030000 1.381213 0.030000 7.984603 0.030000 8.138260 0.030000 5.973733 0.030000 6.319258 0.030000 5.657607 0.030000 5.739664 0.030000 2.512075 0.030000 2.770453 0.030000 6.491716 0.150000 6.588531 0.030000 3.206375 0.030000 3.382101 0.030000 2.487719 0.030000 2.409626 0.030000
5.394617 0.030000 5.395324 0.030000 1.613098 0.030000 1.387687 0.030000 7.920166 0.030000 8.093310 0.030000 5.989911 0.030000 6.249573 0.030000 5.635009 0.030000 5.766125 0.030000 2.523197 0.030000 2.719537 0.030000 6.839457 0.150000 6.604038 0.030000 3.118906 0.030000 5.026974 0.150000 2.542637 0.030000 2.425019 0.030000
5.361178 0.030000 5.363980 0.030000 1.644026 0.030000 1.419130 0.030000 7.913396 0.030000 8.153872 0.150000 5.931126 0.030000 6.211119 0.030000 5.595130 0.030000 5.749193 0.030000 2.504391 0.030000 2.695917 0.030000 6.228665 0.030000 6.582273 0.030000 3.147725 0.030000 3.381480 0.030000 2.838952 0.150000 2.394404 0.030000
5.400161 0.030000 5.323409 0.030000 1.665863 0.030000 1.479176 0.030000 7.865788 0.030000 8.018727 0.030000 5.854645 0.030000 6.144008 0.150000 5.598923 0.030000 5.777242 0.030000 2.482380 0.030000 2.655157 0.030000 6.932966 0.150000 6.422379 0.150000 3.074754 0.030000 3.317436 0.030000 2.565227 0.030000 2.447263 0.030000
5.750635 0.150000 5.350936 0.030000 1.695686 0.030000 1.457804 0.030000 7.800482 0.030000 8.054303 0.030000 5.851715 0.030000 6.145809 0.030000 5.574033 0.030000 5.741228 0.030000 2.445494 0.030000 2.614067 0.030000 6.279931 0.150000 7.634482 0.150000 3.128162 0.030000 3.310205 0.030000 2.598573 0.030000 2.418382 0.030000
5.403562 0.030000 5.388923 0.030000 1.649010 0.030000 1.482702 0.030000 7.740694 0.030000 7.960634 0.030000 5.832771 0.030000 6.082433 0.030000 5.528798 0.030000 5.707691 0.030000 2.425285 0.030000 2.654625 0.030000 6.196609 0.030000 6.428827 0.030000 3.062762 0.030000 3.284661 0.030000 2.623205 0.030000 2.506625 0.030000
5.378275 0.030000 5.350757 0.030000 1.700653 0.030000 1.530755 0.030000 7.759438 0.030000 8.011341 0.030000 5.771154 0.030000 6.059549 0.030000 5.614099 0.030000 5.664915 0.030000 2.364237 0.030000 2.565140 0.030000 6.182782 0.030000 6.371816 0.030000 3.068040 0.030000 3.230500 0.030000 2.594158 0.030000 2.552761 0.030000
5.426343 0.030000 5.333911 0.030000 1.740655 0.030000 1.513220 0.030000 7.740181 0.030000 7.932276 0.030000 5.819911 0.030000 6.029720 0.030000 5.558961 0.030000 5.684014 0.030000 2.408811 0.030000 2.581505 0.030000 6.164854 0.030000 6.370462 0.030000 2.972121 0.030000 3.130224 0.030000 2.682211 0.030000 3.189781 0.150000
5.406685 0.030000 5.327213 0.030000 1.767820 0.030000 1.502105 0.030000 7.752305 0.030000 7.914677 0.030000 5.717793 0.030000 5.980799 0.030000 5.543016 0.030000 5.600162 0.030000 2.344819 0.030000 2.563925 0.030000 6.124792 0.030000 6.310055 0.030000 2.987809 0.030000 3.235590 0.030000 2.658166 0.030000 2.590345 0.030000
5.446570 0.030000 5.393749 0.030000 1.838615 0.030000 1.603202 0.030000 7.766680 0.030000 7.918022 0.030000 5.752970 0.150000 5.979799 0.030000 5.520006 0.030000 5.610049 0.030000 2.311255 0.030000 2.525568 0.030000 6.086880 0.030000 6.294783 0.030000 2.943858 0.030000 3.190963 0.030000 2.684958 0.030000 2.525170 0.030000
5.795449 0.150000 6.047377 0.150000 1.861680 0.030000 1.568801 0.030000 7.709803 0.030000 7.925246 0.030000 5.736820 0.030000 5.921476 0.030000 5.513449 0.030000 5.604916 0.030000 2.256691 0.030000 2.519887 0.030000 6.033974 0.030000 6.285307 0.030000 2.968077 0.030000 3.132831 0.030000 2.714662 0.030000 2.572753 0.030000
5.501773 0.030000 5.405939 0.030000 1.868099 0.030000 1.734952 0.150000 7.698864 0.030000 7.904795 0.030000 5.648506 0.030000 5.957687 0.030000 5.487549 0.030000 5.609938 0.030000 2.201328 0.030000 2.471870 0.030000 6.057365 0.030000 6.259947 0.030000 2.949091 0.030000 3.028704 0.030000 2.685216 0.030000 2.625214 0.030000
5.424580 0.030000 5.378814 0.030000 1.857236 0.030000 1.633645 0.030000 7.689837 0.030000 7.868174 0.030000 5.646069 0.030000 5.927830 0.030000 5.471270 0.030000 5.613939 0.030000 2.194800 0.030000 2.576837 0.150000 5.980774 0.030000 6.266506 0.030000 2.835433 0.030000 3.045581 0.150000 2.654242 0.030000 3.167168 0.150000
5.454651 0.030000 5.441493 0.030000 1.896114 0.030000 1.681404 0.030000 7.679775 0.030000 7.876856 0.030000 5.672886 0.030000 5.803194 0.030000 5.458147 0.030000 5.579936 0.030000 2.237466 0.030000 2.434669 0.030000 5.942499 0.030000 6.177261 0.030000 2.894011 0.030000 3.058983 0.030000 2.767675 0.030000 2.634096 0.030000
5.495286 0.030000 6.004106 0.150000 1.913726 0.030000 1.677837 0.030000 7.548736 0.030000 7.801982 0.030000 5.584152 0.030000 5.807233 0.030000 5.484410 0.030000 5.604473 0.030000 2.088681 0.030000 2.334017 0.030000 5.969827 0.030000 6.156752 0.030000 2.856843 0.030000 3.088454 0.030000 2.735523 0.030000 2.599616 0.030000
5.493211 0.030000 5.423032 0.030000 1.983241 0.030000 1.790821 0.030000 7.564222 0.030000 7.754322 0.030000 5.612603 0.030000 5.782564 0.030000 5.482181 0.030000 5.546975 0.030000 2.119457 0.030000 3.423889 0.150000 5.942218 0.030000 6.121397 0.030000 2.813977 0.030000 3.055171 0.030000 2.758061 0.030000 2.657392 0.030000
5.480872 0.030000 5.447962 0.030000 2.146343 0.150000 1.699688 0.030000 7.627979 0.030000 7.832576 0.030000 5.559583 0.030000 5.782148 0.030000 5.424767 0.030000 5.575375 0.030000 2.117802 0.030000 2.427119 0.150000 5.835437 0.030000 6.128383 0.030000 2.838338 0.030000 2.983081 0.030000 2.803449 0.030000 2.643183 0.030000
5.532953 0.030000 5.440158 0.030000 1.971510 0.150000 1.783664 0.030000 7.556646 0.030000 7.912912 0.150000 5.488639 0.030000 5.773524 0.030000 5.446730 0.030000 5.573825 0.030000 2.046644 0.030000 2.266714 0.030000 5.851162 0.030000 6.086383 0.030000 2.841356 0.030000 3.008765 0.030000 2.746282 0.030000 2.683638 0.030000
5.533357 0.030000 5.445221 0.030000 1.982801 0.150000 1.751902 0.030000 7.528821 0.030000 7.764994 0.030000 5.504914 0.030000 5.735490 0.030000 5.463207 0.030000 5.554071 0.030000 2.060227 0.030000 2.277190 0.030000 5.837748 0.030000 6.089517 0.030000 2.720588 0.030000 3.013137 0.030000 2.876821 0.030000 2.707525 0.030000
5.511155 0.030000 5.839872 0.150000 2.031728 0.030000 1.785374 0.030000 7.530027 0.030000 7.670644 0.030000 5.502555 0.030000 5.717716 0.030000 5.391720 0.030000 5.525125 0.030000 2.026254 0.030000 2.256617 0.030000 5.820428 0.030000 6.061039 0.030000 3.291334 0.150000 3.295976 0.150000 2.860630 0.030000 2.739430 0.030000
5.547865 0.030000 5.431623 0.030000 2.044072 0.030000 1.865891 0.030000 7.489913 0.030000 7.726665 0.030000 5.398538 0.030000 5.705947 0.030000 5.347050 0.030000 5.592442 0.150000 2.039690 0.030000 2.258223 0.030000 6.006599 0.150000 6.004755 0.030000 2.899471 0.150000 2.980022 0.030000 2.936544 0.030000 2.730849 0.030000
5.536522 0.030000 5.514196 0.030000 2.116702 0.030000 1.890788 0.030000 7.471207 0.030000 7.683051 0.030000 5.415765 0.030000 5.693083 0.030000 5.413822 0.030000 5.464018 0.030000 1.978985 0.030000 2.193446 0.030000 5.760049 0.030000 6.002981 0.030000 2.747988 0.030000 2.928121 0.150000 2.900175 0.030000 2.760674 0.030000
5.593256 0.030000 5.526663 0.030000 2.131101 0.030000 1.899412 0.030000 7.426236 0.030000 7.707057 0.030000 5.404630 0.030000 5.616394 0.030000 5.384349 0.030000 5.537670 0.030000 1.947828 0.030000 2.152260 0.030000 5.718736 0.030000 5.960894 0.030000 3.439842 0.150000 2.898449 0.030000 2.885869 0.030000 2.779324 0.030000
5.493679 0.030000 5.472334 0.030000 2.125457 0.030000 1.865588 0.030000 7.502127 0.030000 8.088787 0.150000 5.406193 0.030000 5.588657 0.030000 5.412512 0.030000 5.480212 0.030000 2.008291 0.030000 2.185829 0.030000 5.769921 0.030000 6.001277 0.030000 2.713084 0.030000 2.931981 0.030000 2.901495 0.030000 2.752980 0.030000
5.544747 0.030000 5.500349 0.030000 2.153011 0.030000 1.875574 0.030000 7.484939 0.030000 7.555615 0.030000 5.334828 0.030000 5.577616 0.030000 5.329297 0.030000 5.425629 0.030000 1.956159 0.030000 2.171182 0.030000 5.787014 0.150000 6.020685 0.030000 2.888731 0.150000 2.850261 0.030000 2.943257 0.030000 2.717395 0.030000
5.631223 0.030000 5.469734 0.030000 2.152559 0.030000 1.926795 0.030000 7.394952 0.030000 7.643701 0.030000 5.671594 0.150000 5.541256 0.030000 5.382214 0.030000 5.505353 0.030000 1.939419 0.030000 2.106017 0.030000 5.737374 0.030000 6.093283 0.150000 2.710855 0.030000 2.887078 0.030000 2.896347 0.030000 2.759304 0.030000
5.570332 0.030000 5.497970 0.030000 2.144398 0.150000 1.859024 0.150000 7.419140 0.030000 7.597985 0.030000 5.328227 0.030000 5.580951 0.030000 5.393939 0.030000 5.422147 0.030000 1.946163 0.030000 2.134529 0.030000 5.659087 0.030000 5.928740 0.030000 3.151476 0.150000 2.885911 0.030000 2.972942 0.030000 2.770036 0.030000
5.604069 0.030000 5.729316 0.150000 2.183905 0.030000 1.894918 0.030000 7.405658 0.030000 7.557731 0.030000 5.297066 0.030000 5.486149 0.030000 6.029227 0.150000 5.515418 0.030000 1.852411 0.030000 2.106040 0.030000 5.705851 0.030000 5.908641 0.030000 2.690963 0.030000 2.856100 0.030000 2.923435 0.030000 2.800803 0.030000
5.576668 0.030000 5.480987 0.030000 2.259391 0.030000 2.300024 0.150000 7.395467 0.030000 7.554237 0.030000 5.261515 0.030000 5.529544 0.030000 5.373161 0.030000 5.454130 0.030000 1.883950 0.030000 2.136529 0.030000 5.691952 0.030000 5.873001 0.030000 2.690218 0.030000 2.866338 0.030000 2.977067 0.030000 2.846548 0.030000
5.564841 0.030000 5.547028 0.030000 2.221947 0.030000 1.979607 0.030000 7.372334 0.030000 7.787226 0.150000 5.249344 0.030000 5.528212 0.030000 5.380472 0.030000 5.429278 0.030000 1.879332 0.030000 2.081739 0.030000 5.616180 0.030000 5.830343 0.030000 3.059592 0.150000 2.806799 0.030000 3.051411 0.030000 2.800506 0.030000
5.359847 0.150000 5.511071 0.030000 2.291329 0.030000 2.051190 0.030000 7.388316 0.030000 7.522154 0.030000 5.227987 0.030000 5.426897 0.030000 5.338583 0.030000 5.439507 0.030000 1.819718 0.030000 2.042391 0.030000 6.018668 0.150000 5.833507 0.030000 2.628846 0.030000 2.789456 0.030000 2.958689 0.030000 2.828223 0.150000
5.683207 0.030000 5.513095 0.030000 2.266067 0.030000 2.008289 0.030000 7.388616 0.030000 7.512283 0.030000 5.213439 0.030000 5.444910 0.030000 6.551918 0.150000 5.414378 0.030000 1.841021 0.030000 1.998146 0.030000 5.653736 0.030000 5.630755 0.150000 2.642324 0.150000 3.207543 0.150000 3.021976 0.030000 2.829084 0.030000
5.618758 0.030000 5.483247 0.030000 2.320084 0.030000 2.086771 0.030000 7.312692 0.030000 7.552910 0.030000 5.220173 0.030000 5.493337 0.030000 5.302645 0.030000 5.399151 0.030000 1.807454 0.030000 2.060848 0.030000 5.539102 0.030000 5.844404 0.030000 2.649572 0.030000 2.765294 0.030000 2.998568 0.030000 2.881861 0.030000
5.792463 0.150000 5.520152 0.030000 2.340475 0.150000 2.059053 0.030000 7.296044 0.030000 7.475079 0.030000 5.234504 0.150000 7.409831 0.150000 5.316419 0.030000 5.444280 0.030000 1.831560 0.030000 1.973947 0.030000 5.565419 0.030000 5.809713 0.030000 2.607718 0.030000 2.741579 0.030000 3.068475 0.030000 3.043951 0.150000
5.621817 0.030000 5.550212 0.030000 2.224939 0.030000 2.077078 0.030000 7.272442 0.030000 7.551064 0.030000 5.168742 0.030000 5.384954 0.030000 5.272801 0.030000 5.411888 0.030000 1.750127 0.030000 1.967773 0.030000 5.557075 0.030000 5.793144 0.030000 2.546176 0.030000 2.744139 0.030000 3.042501 0.030000 2.898883 0.030000
5.599044 0.030000 5.550743 0.030000 2.394654 0.030000 2.133336 0.030000 7.265345 0.030000 7.425215 0.030000 5.204689 0.030000 5.482665 0.030000 5.318839 0.030000 5.453409 0.030000 1.761351 0.030000 2.032676 0.030000 5.538579 0.030000 5.764332 0.030000 2.556317 0.030000 2.840822 0.150000 3.003474 0.030000 2.972035 0.150000
5.586251 0.030000 5.573515 0.030000 2.330159 0.030000 2.114548 0.030000 7.319111 0.030000 7.459336 0.030000 5.230965 0.030000 5.403856 0.030000 5.307783 0.030000 5.393564 0.030000 1.737485 0.030000 1.974887 0.030000 5.543260 0.030000 5.769315 0.030000 2.594113 0.030000 2.737135 0.030000 3.054618 0.030000 2.878418 0.030000
5.669242 0.030000 5.529886 0.030000 2.376848 0.030000 2.119738 0.030000 7.295527 0.030000 7.420518 0.030000 5.093346 0.030000 5.334560 0.030000 5.287518 0.030000 5.350202 0.030000 1.763159 0.030000 2.003185 0.030000 5.510226 0.030000 5.927221 0.150000 2.556985 0.030000 2.742252 0.030000 3.038027 0.030000 2.931192 0.030000
5.664924 0.030000 5.533877 0.030000 2.354496 0.030000 2.180685 0.030000 7.251890 0.030000 7.432366 0.030000 5.847601 0.150000 5.396235 0.030000 5.286700 0.030000 5.379768 0.030000 1.742380 0.030000 1.964440 0.030000 5.538719 0.030000 5.754457 0.030000 2.571892 0.030000 2.675637 0.150000 3.103949 0.030000 2.840752 0.030000
5.719775 0.030000 5.590670 0.030000 2.371961 0.030000 2.172739 0.030000 7.252018 0.030000 7.470917 0.030000 5.153113 0.030000 5.375536 0.030000 5.348353 0.030000 5.380498 0.030000 1.772568 0.030000 1.957231 0.030000 5.520895 0.030000 5.738902 0.030000 3.005725 0.150000 2.740409 0.030000 3.103392 0.030000 2.872344 0.030000
5.724373 0.030000 5.574882 0.030000 2.439575 0.030000 2.111204 0.030000 7.262269 0.030000 7.449464 0.030000 5.076466 0.030000 5.370549 0.030000 5.311630 0.030000 5.391972 0.030000 2.631384 0.150000 2.068389 0.150000 5.504929 0.030000 5.690719 0.030000 2.539108 0.030000 2.698046 0.030000 3.046558 0.030000 2.906107 0.030000
5.707019 0.030000 6.358024 0.150000 2.412689 0.030000 2.204060 0.030000 7.472251 0.150000 7.412100 0.030000 5.433733 0.150000 5.298965 0.030000 5.306976 0.030000 5.349777 0.030000 1.711768 0.030000 1.935621 0.030000 5.476637 0.030000 5.696935 0.030000 2.553854 0.030000 2.681439 0.030000 3.127588 0.030000 2.971133 0.030000
5.695302 0.030000 5.569573 0.030000 2.427861 0.030000 2.197196 0.030000 7.268508 0.030000 7.422473 0.030000 5.092496 0.030000 5.308408 0.030000 5.282060 0.030000 5.342500 0.030000 1.728225 0.030000 2.278462 0.150000 5.417346 0.030000 5.682881 0.030000 2.535236 0.030000 2.687081 0.030000 3.154179 0.150000 2.969517 0.030000
5.641883 0.030000 5.659319 0.150000 2.464689 0.030000 2.222062 0.030000 7.201298 0.030000 7.377118 0.030000 5.045701 0.030000 5.315733 0.030000 5.386301 0.150000 5.432823 0.030000 1.666020 0.030000 1.920549 0.030000 5.424679 0.030000 6.415355 0.150000 2.513610 0.030000 2.723656 0.030000 3.067377 0.030000 3.100503 0.150000
5.744299 0.030000 5.585122 0.030000 2.430421 0.030000 2.203273 0.030000 7.160230 0.030000 7.426205 0.030000 5.050647 0.030000 5.300895 0.030000 5.273018 0.030000 5.342208 0.030000 1.705126 0.030000 1.869606 0.030000 5.468755 0.030000 5.668097 0.030000 2.536603 0.030000 2.658473 0.030000 3.144192 0.030000 2.991229 0.030000
5.677952 0.030000 5.772258 0.150000 2.463048 0.030000 2.263330 0.030000 7.193753 0.030000 7.363730 0.030000 5.031006 0.030000 5.289832 0.030000 5.277622 0.030000 5.479499 0.150000 1.687237 0.030000 1.865398 0.030000 5.398370 0.030000 5.655965 0.030000 2.499295 0.030000 2.704869 0.030000 3.116997 0.030000 2.971317 0.030000
5.723961 0.030000 5.607002 0.030000 2.464221 0.030000 2.223018 0.030000 7.180351 0.030000 7.364112 0.030000 5.033749 0.030000 5.275440 0.030000 6.472294 0.150000 5.360044 0.030000 1.808859 0.150000 1.901810 0.030000 5.423623 0.030000 5.617085 0.030000 2.538253 0.030000 2.659247 0.030000 3.097014 0.030000 2.993686 0.030000
6.531334 0.150000 5.571452 0.030000 2.452805 0.030000 2.217748 0.030000 7.205887 0.030000 7.361889 0.030000 5.010807 0.030000 5.303357 0.030000 5.343521 0.030000 5.308193 0.030000 1.660745 0.030000 1.833270 0.030000 5.385235 0.030000 5.679651 0.030000 2.515521 0.030000 2.803792 0.150000 3.150372 0.030000 2.963794 0.030000
5.649191 0.030000 5.581900 0.030000 2.456502 0.030000 2.252692 0.030000 7.172275 0.030000 7.370132 0.030000 5.058707 0.030000 5.279043 0.030000 5.272768 0.030000 5.397324 0.030000 1.646842 0.030000 1.878351 0.030000 5.424321 0.030000 5.600858 0.030000 2.482065 0.030000 2.614360 0.030000 3.168966 0.030000 3.011336 0.030000
5.581725 0.150000 5.608997 0.030000 2.507969 0.030000 2.142906 0.150000 7.156085 0.030000 7.334991 0.030000 5.043009 0.030000 5.265487 0.030000 5.261788 0.030000 5.383193 0.030000 1.646746 0.030000 1.773291 0.150000 5.431262 0.030000 5.575188 0.030000 2.516526 0.030000 2.659256 0.030000 3.153404 0.030000 3.041288 0.030000
6.670115 0.150000 5.587602 0.030000 2.510096 0.030000 2.286306 0.030000 7.150243 0.030000 7.345657 0.030000 4.956125 0.030000 5.237378 0.030000 5.252390 0.030000 5.419978 0.030000 1.647131 0.150000 1.846754 0.030000 6.459130 0.150000 5.623677 0.030000 2.475761 0.030000 2.607672 0.030000 3.390890 0.150000 3.311501 0.150000
5.705259 0.030000 5.641157 0.030000 2.520341 0.030000 2.324965 0.030000 7.166665 0.030000 7.382233 0.030000 4.986063 0.030000 5.175051 0.030000 5.249583 0.030000 5.334388 0.030000 1.650476 0.030000 2.107502 0.150000 5.342977 0.030000 5.630028 0.030000 2.500367 0.030000 2.949483 0.150000 3.174083 0.030000 2.996631 0.030000
5.697908 0.030000 5.623617 0.030000 2.531478 0.030000 2.286339 0.030000 7.144436 0.030000 7.371315 0.030000 4.984258 0.030000 5.241947 0.030000 5.213000 0.030000 5.367784 0.030000 1.684159 0.030000 1.799585 0.030000 5.347808 0.030000 5.575868 0.030000 2.439914 0.030000 2.670405 0.030000 3.195264 0.030000 3.019068 0.030000
5.664053 0.030000 5.659497 0.030000 2.588184 0.030000 2.288657 0.030000 7.178161 0.030000 7.328622 0.030000 5.043104 0.030000 5.234465 0.030000 5.254129 0.030000 5.342432 0.030000 2.369092 0.150000 1.794728 0.030000 5.347296 0.030000 5.661447 0.030000 2.513974 0.030000 2.621660 0.030000 3.182785 0.030000 3.048150 0.030000
5.707361 0.030000 5.598896 0.030000 2.466022 0.030000 2.883304 0.150000 7.114025 0.030000 7.359152 0.030000 5.049360 0.030000 5.237700 0.030000 5.271909 0.030000 5.396086 0.030000 1.660640 0.030000 1.754248 0.030000 5.364070 0.030000 5.615704 0.030000 2.489809 0.030000 2.649256 0.030000 3.169169 0.030000 3.009571 0.030000
5.690477 0.030000 5.625911 0.030000 2.555327 0.030000 2.255325 0.030000 7.092573 0.030000 7.311988 0.030000 5.006814 0.030000 5.180351 0.030000 5.331492 0.150000 5.340033 0.030000 1.631392 0.030000 1.762701 0.030000 5.368722 0.030000 5.635679 0.030000 2.463711 0.030000 2.679514 0.030000 3.757199 0.150000 3.070536 0.030000
5.714896 0.030000 5.652050 0.030000 2.572256 0.030000 2.347718 0.030000 7.193780 0.030000 7.329100 0.030000 4.951130 0.030000 5.505649 0.150000 5.273416 0.030000 5.332369 0.030000 1.627622 0.030000 1.796286 0.030000 5.344841 0.030000 5.602608 0.030000 2.458921 0.030000 2.636754 0.030000 3.226663 0.030000 4.248048 0.150000
5.601351 0.030000 6.424211 0.150000 2.564270 0.030000 2.285991 0.030000 7.098968 0.030000 7.360340 0.030000 5.019996 0.030000 5.177972 0.030000 5.150202 0.030000 5.300419 0.030000 1.618583 0.030000 1.748284 0.030000 5.328200 0.030000 5.568745 0.030000 2.938036 0.150000 2.644700 0.030000 3.160430 0.030000 3.041181 0.030000
5.644328 0.030000 5.641707 0.030000 2.551423 0.030000 2.335301 0.030000 7.139943 0.030000 7.307677 0.030000 4.980186 0.030000 5.174919 0.030000 5.180841 0.030000 5.376774 0.030000 1.922648 0.150000 1.787228 0.030000 5.285630 0.030000 6.012136 0.150000 2.433586 0.030000 2.793403 0.150000 3.224086 0.030000 3.051943 0.030000
5.649757 0.030000 5.634326 0.030000 2.589105 0.030000 2.277808 0.030000 7.090344 0.030000 7.316434 0.030000 4.992714 0.030000 5.143444 0.030000 5.170928 0.030000 5.328666 0.030000 1.598507 0.030000 1.786043 0.030000 5.326096 0.030000 5.515007 0.030000 2.906694 0.150000 2.650365 0.030000 3.167658 0.030000 3.074207 0.030000
5.662944 0.030000 5.689275 0.030000 2.620424 0.030000 2.298559 0.030000 7.039590 0.030000 7.303940 0.030000 4.950515 0.030000 5.602504 0.150000 5.157310 0.030000 6.247355 0.150000 1.615835 0.030000 1.720844 0.030000 5.295995 0.030000 5.542733 0.030000 2.999820 0.150000 2.638064 0.030000 3.187285 0.030000 3.101214 0.030000
5.616356 0.030000 5.685088 0.030000 2.617080 0.030000 2.694560 0.150000 7.540672 0.150000 7.294419 0.030000 5.305600 0.150000 5.069789 0.030000 5.105864 0.030000 5.353686 0.030000 1.644243 0.030000 1.772419 0.030000 5.248627 0.030000 5.515042 0.030000 2.395945 0.030000 2.556147 0.030000 3.191191 0.030000 3.157556 0.030000
5.657686 0.030000 5.652142 0.030000 2.598576 0.030000 2.352289 0.030000 7.497995 0.150000 7.296971 0.030000 4.926542 0.030000 5.132978 0.030000 5.145974 0.030000 5.347561 0.030000 1.650501 0.030000 1.687202 0.030000 5.269437 0.030000 6.246844 0.150000 2.335576 0.030000 2.601125 0.030000 3.152275 0.030000 3.147405 0.030000
5.582544 0.030000 5.636489 0.030000 2.661194 0.030000 2.389954 0.030000 7.033414 0.030000 7.265500 0.030000 4.693740 0.150000 5.129203 0.030000 5.159824 0.150000 5.312854 0.030000 1.660707 0.030000 1.632169 0.030000 5.264457 0.030000 5.582378 0.030000 2.330726 0.030000 2.587643 0.030000 3.115550 0.030000 3.126613 0.030000
5.634043 0.030000 5.682643 0.030000 2.700746 0.030000 2.420166 0.030000 6.955098 0.030000 7.999644 0.150000 4.932786 0.030000 5.061354 0.030000 5.105030 0.030000 5.306964 0.030000 1.668671 0.030000 1.704757 0.030000 5.678418 0.150000 5.466630 0.030000 2.316131 0.030000 2.591631 0.030000 3.168731 0.030000 3.146353 0.030000
5.546853 0.030000 5.708916 0.030000 2.891473 0.150000 2.480467 0.030000 6.991636 0.030000 7.981296 0.150000 4.914658 0.030000 5.345837 0.150000 5.082417 0.030000 5.278845 0.030000 1.697277 0.030000 1.671420 0.030000 5.153346 0.030000 5.385954 0.030000 2.259013 0.030000 2.533240 0.030000 3.134129 0.030000 3.177047 0.030000
5.564137 0.030000 5.682879 0.030000 2.712234 0.030000 2.465847 0.030000 7.320664 0.150000 7.289922 0.150000 4.896637 0.030000 5.015071 0.030000 4.985456 0.030000 5.741019 0.150000 1.666770 0.030000 1.881835 0.150000 5.245650 0.030000 5.423050 0.030000 2.226194 0.030000 2.502314 0.030000 4.315773 0.150000 3.128670 0.030000
5.558492 0.030000 5.675723 0.030000 2.687957 0.030000 2.505718 0.030000 6.958180 0.030000 7.156514 0.030000 4.925727 0.030000 5.047968 0.030000 5.244084 0.150000 5.257779 0.030000 1.689168 0.030000 1.608352 0.030000 5.196440 0.030000 5.399198 0.030000 2.204633 0.030000 2.440412 0.030000 3.130632 0.030000 3.219314 0.030000
5.574986 0.030000 5.635114 0.030000 2.689673 0.030000 2.878746 0.150000 7.542155 0.150000 7.135810 0.030000 4.941391 0.030000 5.039157 0.030000 4.969920 0.030000 5.198523 0.030000 1.703843 0.150000 1.646677 0.030000 5.150236 0.030000 5.365048 0.030000 2.154879 0.030000 2.425135 0.030000 3.067286 0.030000 3.200176 0.030000
5.483073 0.030000 5.708441 0.030000 2.734409 0.030000 2.590730 0.030000 6.901397 0.030000 7.068029 0.030000 4.936247 0.030000 4.934903 0.030000 4.913968 0.030000 5.204417 0.030000 1.744698 0.030000 1.652336 0.030000 5.167080 0.030000 5.277198 0.030000 2.205640 0.030000 2.471677 0.030000 3.112036 0.030000 3.180182 0.030000
5.433760 0.030000 5.613844 0.030000 2.748986 0.030000 2.696656 0.150000 6.887791 0.030000 6.954182 0.150000 5.006970 0.030000 4.985660 0.030000 4.966408 0.030000 5.200186 0.030000 1.758165 0.030000 1.612253 0.030000 5.097576 0.030000 5.278704 0.030000 2.141672 0.030000 2.390746 0.030000 3.123834 0.030000 3.186532 0.030000
5.429924 0.030000 5.626479 0.030000 2.743055 0.030000 2.573626 0.030000 6.814998 0.030000 6.990879 0.030000 4.954749 0.030000 4.940383 0.030000 4.925142 0.030000 5.144304 0.030000 1.744045 0.030000 1.648296 0.030000 5.113130 0.030000 5.291950 0.030000 2.231260 0.030000 2.351438 0.030000 3.046887 0.030000 4.398285 0.150000
5.419597 0.030000 5.640018 0.030000 2.751845 0.030000 2.620760 0.030000 6.837864 0.030000 7.593429 0.150000 4.906100 0.030000 4.988860 0.030000 4.880469 0.030000 5.150294 0.030000 1.771718 0.030000 1.703554 0.030000 5.076386 0.030000 5.242504 0.030000 2.093227 0.030000 2.311380 0.030000 3.058674 0.030000 3.197926 0.030000
5.411791 0.030000 5.587920 0.030000 2.790878 0.030000 2.584552 0.150000 6.767724 0.030000 6.934275 0.030000 4.957080 0.030000 4.943470 0.030000 4.816102 0.030000 5.099351 0.030000 1.809884 0.030000 1.712926 0.150000 5.108136 0.030000 5.169825 0.030000 2.068435 0.030000 2.295306 0.030000 3.002738 0.030000 3.133600 0.030000
5.320794 0.030000 5.559041 0.030000 2.869446 0.150000 2.694722 0.030000 6.749100 0.030000 6.995968 0.030000 4.952095 0.030000 5.371044 0.150000 4.792207 0.030000 5.028217 0.030000 1.803185 0.030000 1.678087 0.030000 5.094182 0.030000 5.204032 0.030000 2.072956 0.030000 2.292512 0.030000 2.982697 0.030000 3.125546 0.030000
5.315403 0.030000 5.562615 0.030000 2.779492 0.030000 2.662678 0.030000 6.757555 0.030000 6.952021 0.150000 4.999546 0.030000 4.945223 0.030000 4.773520 0.030000 5.019835 0.030000 1.854040 0.030000 1.687223 0.030000 5.105558 0.030000 5.210000 0.030000 2.048822 0.030000 2.259037 0.030000 3.004156 0.150000 3.127315 0.030000
6.843477 0.150000 5.573640 0.030000 2.807187 0.030000 2.753961 0.030000 6.779872 0.030000 6.874302 0.030000 4.935205 0.030000 4.925021 0.030000 4.906515 0.150000 5.139736 0.150000 1.843086 0.030000 1.737517 0.030000 5.079314 0.030000 5.211018 0.030000 2.092778 0.030000 2.234609 0.030000 2.928461 0.030000 3.117622 0.030000
5.247919 0.030000 5.482316 0.030000 2.838847 0.030000 2.773165 0.030000 6.743976 0.030000 6.892675 0.030000 5.017931 0.030000 4.900593 0.030000 4.737808 0.030000 4.929013 0.030000 1.856637 0.030000 1.742859 0.030000 5.081013 0.030000 5.184836 0.030000 1.973741 0.030000 2.192838 0.030000 2.971297 0.030000 3.097774 0.030000
5.324241 0.030000 5.451573 0.030000 2.839437 0.030000 2.731824 0.030000 6.685295 0.030000 6.872245 0.030000 4.973574 0.030000 4.960562 0.030000 4.723542 0.030000 4.976935 0.030000 1.895482 0.030000 1.753478 0.030000 5.076399 0.030000 5.152410 0.030000 1.945480 0.030000 2.108343 0.030000 2.965374 0.030000 3.145446 0.030000
6.379515 0.150000 5.432817 0.030000 2.884261 0.030000 2.784190 0.030000 6.781109 0.150000 6.823632 0.030000 5.229925 0.150000 4.961780 0.030000 4.654357 0.030000 4.898606 0.030000 1.946653 0.030000 1.760222 0.030000 5.055451 0.030000 5.085100 0.150000 1.933971 0.030000 2.712932 0.150000 2.734869 0.150000 3.080978 0.030000
5.190439 0.030000 5.413829 0.030000 2.865666 0.030000 2.779217 0.030000 6.674170 0.030000 6.853382 0.030000 4.950893 0.030000 4.976437 0.030000 4.830433 0.150000 4.900874 0.030000 1.961983 0.030000 1.789260 0.030000 5.024004 0.030000 5.107869 0.030000 1.945787 0.030000 2.112846 0.030000 2.910973 0.030000 3.617568 0.150000
5.204170 0.030000 5.420811 0.030000 2.908461 0.030000 3.306551 0.150000 6.656041 0.030000 6.807462 0.030000 5.060113 0.030000 5.911455 0.150000 4.659553 0.030000 4.861276 0.030000 1.952205 0.030000 1.762548 0.030000 5.078219 0.030000 5.256160 0.150000 1.822462 0.030000 2.086004 0.030000 2.861956 0.030000 3.066674 0.030000
5.187700 0.030000 5.351608 0.030000 2.988658 0.030000 2.822883 0.030000 6.670497 0.030000 6.745256 0.030000 4.997923 0.030000 4.925621 0.030000 4.549297 0.030000 4.805830 0.030000 2.024360 0.030000 1.832145 0.030000 5.048129 0.030000 5.082615 0.030000 1.886472 0.030000 2.082782 0.030000 2.856407 0.030000 2.976093 0.030000
5.144268 0.030000 5.364052 0.030000 2.927810 0.030000 2.820872 0.030000 6.574084 0.030000 6.731622 0.030000 5.024657 0.030000 4.969723 0.030000 4.561573 0.030000 4.775808 0.030000 2.061192 0.030000 1.814240 0.030000 5.019732 0.030000 5.090863 0.030000 2.144867 0.150000 2.029815 0.030000 2.851727 0.030000 3.009010 0.030000
5.178520 0.030000 5.316912 0.030000 2.948449 0.030000 2.826406 0.030000 6.583074 0.030000 6.756523 0.030000 5.055220 0.030000 4.980036 0.030000 4.487665 0.030000 4.800648 0.030000 2.027018 0.030000 1.872720 0.030000 5.052479 0.030000 5.106542 0.030000 1.833100 0.030000 2.053784 0.030000 2.897170 0.030000 2.998430 0.030000
5.072970 0.030000 5.311344 0.030000 3.013775 0.030000 2.843736 0.030000 6.531836 0.030000 6.706578 0.030000 5.047767 0.030000 4.972898 0.030000 4.470265 0.030000 4.727651 0.030000 2.031993 0.030000 1.887365 0.030000 5.268662 0.150000 5.121483 0.030000 1.752346 0.030000 1.985403 0.030000 2.880319 0.030000 3.035632 0.030000
5.091088 0.030000 5.277067 0.030000 2.971754 0.030000 2.881894 0.030000 6.501104 0.030000 7.045545 0.150000 5.072999 0.030000 4.955968 0.030000 4.433190 0.030000 4.701499 0.030000 2.039085 0.030000 1.866245 0.030000 4.946827 0.030000 5.042136 0.030000 1.796725 0.030000 2.249857 0.150000 2.776646 0.030000 2.967831 0.030000
5.081377 0.030000 5.236308 0.030000 2.992226 0.030000 2.835191 0.030000 6.476031 0.030000 6.625778 0.030000 5.128007 0.030000 5.027811 0.030000 4.452767 0.030000 4.685765 0.030000 2.155825 0.030000 1.969135 0.030000 4.959491 0.030000 5.088174 0.030000 1.748979 0.030000 1.903467 0.030000 2.872575 0.030000 2.924160 0.030000
4.974045 0.030000 5.194034 0.030000 3.821716 0.150000 2.804395 0.030000 6.327004 0.150000 7.008073 0.150000 5.120387 0.030000 5.035985 0.030000 4.344711 0.030000 4.662403 0.030000 2.117955 0.030000 1.967324 0.030000 4.957708 0.030000 5.119920 0.030000 1.736028 0.030000 1.911813 0.030000 2.801621 0.030000 2.940590 0.030000
4.963872 0.030000 5.224812 0.030000 3.065705 0.030000 2.900966 0.030000 6.502369 0.030000 6.649701 0.030000 5.119132 0.030000 5.019898 0.030000 4.416619 0.030000 4.660030 0.030000 2.191666 0.030000 2.115189 0.150000 5.393297 0.150000 5.022648 0.030000 1.712208 0.030000 1.893615 0.030000 2.773822 0.030000 3.331002 0.150000
4.967554 0.030000 5.159235 0.030000 3.035773 0.030000 2.906759 0.030000 6.487467 0.030000 6.624335 0.030000 5.127678 0.030000 5.024891 0.030000 4.304553 0.030000 4.629653 0.030000 2.177599 0.030000 2.007471 0.030000 4.908504 0.030000 5.078085 0.030000 1.725875 0.030000 1.926247 0.150000 2.800353 0.030000 3.544287 0.150000
4.919727 0.030000 5.146819 0.030000 3.041623 0.030000 2.937060 0.030000 6.531981 0.150000 6.575900 0.030000 5.089913 0.030000 4.967883 0.150000 4.346655 0.030000 4.546043 0.030000 2.258011 0.150000 2.048507 0.030000 4.975802 0.030000 5.003744 0.030000 1.665113 0.030000 1.992035 0.150000 2.792190 0.030000 2.952253 0.030000
4.932000 0.030000 5.081106 0.030000 3.113971 0.030000 2.980252 0.030000 6.415004 0.150000 6.561809 0.030000 5.142482 0.030000 5.032475 0.030000 4.299607 0.030000 4.523606 0.030000 2.279950 0.030000 1.998716 0.030000 4.912600 0.030000 4.963680 0.030000 1.634014 0.030000 1.841989 0.030000 2.762242 0.030000 2.865125 0.030000
4.904433 0.030000 5.059264 0.030000 3.178524 0.030000 3.027169 0.150000 6.619308 0.150000 6.524054 0.030000 5.151204 0.030000 5.355151 0.150000 4.212916 0.030000 4.534692 0.030000 2.299861 0.030000 2.044600 0.030000 4.914628 0.030000 5.015139 0.030000 1.650349 0.030000 1.828820 0.030000 2.670635 0.150000 2.854081 0.030000
4.830101 0.030000 5.300733 0.150000 3.129344 0.030000 2.974606 0.030000 6.615688 0.150000 6.469278 0.030000 5.106453 0.030000 5.079460 0.030000 4.228002 0.030000 4.466510 0.030000 2.314291 0.030000 2.101533 0.030000 4.930921 0.030000 4.989831 0.030000 1.583199 0.030000 1.770071 0.030000 2.771838 0.150000 2.834828 0.030000
4.852858 0.150000 5.067157 0.030000 3.595010 0.150000 2.975259 0.030000 6.330561 0.030000 6.514685 0.030000 5.135434 0.030000 5.037048 0.030000 4.170528 0.030000 4.461413 0.030000 2.310605 0.030000 2.108604 0.030000 4.925304 0.030000 4.949010 0.030000 1.581007 0.030000 1.739623 0.030000 2.746781 0.030000 2.845558 0.030000
4.807849 0.030000 4.971142 0.030000 3.104872 0.030000 3.068510 0.030000 6.382186 0.030000 6.488137 0.030000 5.161283 0.030000 5.062881 0.030000 4.178128 0.030000 4.353428 0.030000 2.897223 0.150000 2.150957 0.030000 4.913109 0.030000 4.966955 0.030000 1.529140 0.030000 1.761356 0.030000 2.740896 0.030000 2.867411 0.030000
4.763370 0.030000 4.944012 0.030000 3.165821 0.030000 3.538369 0.150000 6.374318 0.030000 6.452472 0.030000 5.188958 0.030000 5.078849 0.030000 4.187667 0.030000 4.385213 0.030000 2.455057 0.150000 2.109762 0.030000 4.851964 0.030000 5.417683 0.150000 1.512176 0.030000 1.764070 0.030000 2.702355 0.030000 2.847822 0.030000
4.733621 0.030000 4.985648 0.030000 3.209552 0.030000 3.047588 0.030000 6.309064 0.030000 6.424453 0.030000 5.239642 0.030000 5.094823 0.030000 4.137146 0.030000 4.391213 0.030000 2.333456 0.030000 2.187817 0.030000 4.871580 0.030000 4.965353 0.030000 1.545477 0.030000 1.685069 0.030000 2.724271 0.030000 2.811367 0.030000
4.740622 0.030000 4.926109 0.150000 3.212125 0.030000 3.072061 0.030000 6.269155 0.030000 6.394764 0.030000 5.215412 0.030000 5.143468 0.030000 4.352341 0.150000 4.335674 0.030000 3.277157 0.150000 2.241688 0.030000 4.891898 0.030000 4.975410 0.150000 1.544791 0.030000 1.678316 0.030000 2.693736 0.030000 2.798257 0.030000
4.728415 0.030000 4.898242 0.030000 3.178406 0.030000 3.051258 0.030000 6.840150 0.150000 6.429326 0.030000 5.288269 0.030000 5.108513 0.030000 4.028984 0.030000 4.314355 0.030000 2.418711 0.030000 2.260623 0.030000 4.945787 0.030000 4.949729 0.030000 1.461276 0.030000 1.640852 0.030000 2.689580 0.030000 2.823702 0.030000
4.712242 0.030000 4.914815 0.030000 3.268415 0.030000 3.106806 0.030000 6.241484 0.030000 6.710442 0.150000 5.239029 0.030000 5.133738 0.030000 4.089993 0.030000 4.246164 0.030000 2.487059 0.030000 2.208939 0.030000 4.875196 0.030000 4.938176 0.030000 1.466848 0.030000 1.629944 0.030000 2.664749 0.030000 2.771754 0.030000
4.661554 0.030000 5.108673 0.150000 3.272268 0.030000 4.748132 0.150000 6.250151 0.030000 6.363109 0.030000 5.227817 0.030000 5.212459 0.030000 4.015310 0.030000 4.687020 0.150000 2.531063 0.030000 2.264255 0.030000 4.883559 0.030000 4.887501 0.030000 1.477650 0.030000 1.570782 0.030000 2.681828 0.030000 2.724684 0.030000
4.583589 0.030000 4.860610 0.030000 3.333787 0.030000 3.179040 0.030000 6.325620 0.150000 6.693223 0.150000 5.218394 0.030000 5.136524 0.030000 3.955890 0.030000 4.195314 0.030000 2.503153 0.030000 2.330765 0.030000 4.921032 0.030000 4.958363 0.030000 1.464817 0.030000 1.556409 0.030000 2.682951 0.030000 2.720146 0.030000
4.621913 0.030000 4.780679 0.030000 3.344898 0.030000 2.897710 0.150000 6.096571 0.030000 6.351246 0.030000 5.272275 0.030000 5.175882 0.030000 3.933659 0.030000 4.209388 0.030000 2.547028 0.030000 2.404662 0.030000 4.850052 0.030000 4.924630 0.030000 1.412234 0.030000 1.824402 0.150000 2.627123 0.030000 2.729366 0.030000
4.640331 0.030000 4.756196 0.030000 3.292694 0.030000 3.144272 0.030000 6.142184 0.030000 6.317921 0.030000 5.244058 0.030000 5.146284 0.030000 3.889591 0.030000 4.194924 0.030000 2.598425 0.030000 2.333550 0.030000 4.915116 0.030000 4.889508 0.030000 1.392580 0.030000 1.559386 0.030000 2.645466 0.030000 2.778228 0.030000
4.492954 0.150000 4.760162 0.030000 3.351629 0.030000 3.204578 0.030000 6.135966 0.030000 6.289001 0.030000 5.299031 0.030000 5.181110 0.030000 3.920855 0.030000 4.207079 0.150000 2.609937 0.030000 2.716500 0.150000 4.861609 0.030000 4.898222 0.030000 1.421833 0.030000 1.546206 0.030000 2.817719 0.150000 2.714731 0.030000
4.537069 0.030000 4.723909 0.030000 3.342850 0.030000 3.268511 0.030000 6.071585 0.030000 6.246018 0.030000 5.303682 0.030000 5.163911 0.030000 3.818839 0.030000 4.074598 0.030000 2.575172 0.030000 2.419645 0.030000 4.838676 0.030000 4.880245 0.030000 1.198830 0.150000 1.510940 0.030000 2.814718 0.150000 2.723957 0.030000
4.483664 0.030000 4.712925 0.030000 3.380706 0.030000 3.282823 0.030000 6.115940 0.030000 6.503620 0.150000 5.268429 0.030000 5.223508 0.030000 3.847760 0.030000 4.041616 0.150000 2.686485 0.030000 2.456361 0.030000 4.866158 0.030000 4.861059 0.030000 1.379253 0.030000 1.467077 0.030000 2.927516 0.150000 2.668774 0.030000
4.520839 0.030000 4.676918 0.030000 3.420922 0.030000 3.252525 0.030000 6.055868 0.030000 6.214692 0.030000 5.317110 0.030000 5.178617 0.030000 3.833247 0.030000 4.031717 0.030000 2.857006 0.150000 2.513588 0.030000 4.887575 0.030000 4.845339 0.030000 1.374893 0.030000 1.507078 0.030000 2.609315 0.030000 2.616523 0.030000
4.430621 0.030000 4.655963 0.030000 3.429587 0.030000 3.221793 0.030000 6.072221 0.030000 6.199727 0.030000 5.375230 0.030000 5.261269 0.030000 3.786413 0.030000 4.018669 0.030000 2.837985 0.150000 2.496752 0.030000 4.854491 0.030000 4.894068 0.030000 1.902477 0.150000 1.460406 0.030000 2.678607 0.030000 2.658985 0.030000
4.443639 0.030000 4.619679 0.030000 3.411412 0.030000 3.257690 0.030000 6.072048 0.030000 6.198265 0.030000 5.383674 0.030000 5.248661 0.030000 3.739975 0.030000 3.932534 0.030000 2.712883 0.030000 2.509180 0.030000 4.871039 0.030000 4.917465 0.030000 1.323639 0.030000 1.461873 0.030000 2.632595 0.030000 2.657049 0.030000
4.388803 0.030000 4.602443 0.030000 3.507793 0.030000 3.310256 0.030000 5.992719 0.030000 6.139818 0.030000 5.347094 0.030000 5.230564 0.030000 3.725058 0.030000 3.987007 0.030000 2.792673 0.030000 2.584591 0.030000 4.841461 0.030000 4.874731 0.030000 1.352121 0.030000 1.428998 0.030000 2.627656 0.030000 2.590902 0.030000
4.401391 0.030000 4.724760 0.150000 3.510045 0.030000 3.296136 0.030000 5.978071 0.030000 6.133226 0.030000 5.408495 0.030000 5.285498 0.030000 3.753314 0.030000 3.957229 0.030000 2.804153 0.030000 2.563005 0.030000 4.823746 0.030000 4.824980 0.030000 1.326824 0.030000 1.426416 0.030000 2.574523 0.030000 2.504004 0.150000
4.324487 0.030000 4.496387 0.030000 3.479954 0.030000 3.357800 0.030000 5.995798 0.030000 6.156218 0.030000 5.317586 0.030000 5.305056 0.030000 3.606555 0.030000 3.926153 0.030000 2.809445 0.030000 2.591978 0.030000 4.863876 0.030000 4.877772 0.030000 1.289847 0.030000 1.428384 0.030000 2.549422 0.030000 2.631823 0.030000
4.378506 0.030000 4.571833 0.030000 3.537170 0.150000 3.418451 0.030000 5.949663 0.030000 6.117663 0.030000 5.385852 0.030000 5.236598 0.030000 3.605464 0.030000 4.659099 0.150000 2.838285 0.030000 3.192323 0.150000 4.798636 0.030000 4.889264 0.030000 1.276765 0.030000 1.419273 0.030000 2.600412 0.030000 2.639454 0.030000
4.301018 0.030000 4.488850 0.030000 3.562220 0.030000 3.376661 0.030000 5.926990 0.030000 6.076737 0.030000 5.344957 0.030000 5.296339 0.150000 3.568437 0.030000 3.846986 0.030000 2.815122 0.030000 2.711024 0.150000 4.821295 0.030000 4.845448 0.030000 1.307020 0.030000 1.371156 0.030000 2.714747 0.150000 2.605051 0.030000
4.318562 0.030000 5.604889 0.150000 3.622017 0.030000 3.360561 0.030000 5.931386 0.030000 6.032480 0.030000 5.440818 0.030000 5.378315 0.030000 3.561903 0.030000 3.806102 0.030000 2.915622 0.030000 2.684724 0.030000 4.822164 0.030000 4.806485 0.030000 1.275441 0.030000 1.849908 0.150000 2.564182 0.030000 2.668550 0.030000
4.197191 0.030000 4.489295 0.030000 3.560753 0.030000 3.417179 0.030000 5.962787 0.030000 6.036453 0.030000 5.469299 0.030000 5.306811 0.030000 3.556991 0.030000 3.802163 0.030000 2.900943 0.030000 2.722032 0.030000 4.773686 0.030000 4.802082 0.030000 1.247173 0.030000 1.283243 0.030000 2.571886 0.030000 2.590588 0.030000
4.248636 0.030000 4.418039 0.030000 3.594192 0.030000 3.470230 0.030000 5.890563 0.030000 6.027766 0.030000 5.471122 0.030000 5.307144 0.030000 3.501993 0.030000 3.717826 0.030000 3.453412 0.150000 2.756614 0.030000 4.822378 0.030000 4.846570 0.030000 1.215725 0.030000 1.365905 0.030000 2.546749 0.030000 2.596461 0.030000
4.224597 0.030000 4.471220 0.030000 3.641144 0.030000 3.514173 0.030000 5.881255 0.030000 5.999215 0.030000 5.523721 0.030000 5.383098 0.030000 3.489724 0.030000 3.699269 0.030000 3.005371 0.030000 2.749257 0.030000 5.175603 0.150000 4.769000 0.030000 2.837687 0.150000 1.320721 0.030000 2.565451 0.150000 2.636091 0.030000
4.831965 0.150000 4.402319 0.030000 3.704469 0.030000 3.507325 0.030000 5.911321 0.030000 5.994955 0.030000 5.500546 0.030000 5.313615 0.030000 3.459651 0.030000 3.704365 0.030000 3.422277 0.150000 2.811453 0.030000 4.806990 0.030000 4.820727 0.030000 1.280608 0.030000 1.291335 0.030000 2.516762 0.030000 2.590563 0.030000
4.186230 0.030000 4.401467 0.030000 3.675633 0.030000 3.514679 0.030000 5.825086 0.030000 5.943947 0.030000 5.480829 0.030000 5.435649 0.030000 3.419301 0.030000 3.651000 0.030000 3.028550 0.030000 2.770711 0.030000 4.773474 0.030000 4.882379 0.150000 1.173825 0.030000 1.333690 0.030000 2.582268 0.030000 2.597354 0.030000
4.186723 0.030000 4.345036 0.030000 3.781978 0.150000 3.503184 0.030000 5.801272 0.030000 5.980026 0.030000 5.475165 0.030000 5.380200 0.030000 3.361786 0.030000 3.610137 0.030000 3.097209 0.030000 2.841159 0.030000 4.743874 0.030000 4.796733 0.030000 1.211160 0.030000 1.269667 0.030000 2.559359 0.030000 2.577521 0.030000
4.117449 0.030000 4.342090 0.030000 3.777562 0.030000 3.550492 0.030000 5.833592 0.030000 5.993074 0.030000 5.529485 0.030000 5.489684 0.030000 3.395150 0.030000 3.606900 0.030000 3.055138 0.150000 2.786845 0.030000 4.873410 0.030000 4.833888 0.030000 1.217316 0.030000 1.276334 0.030000 2.467162 0.030000 2.628593 0.150000
4.083207 0.030000 4.242064 0.030000 3.749831 0.030000 3.515576 0.030000 5.756813 0.030000 5.898534 0.030000 5.508703 0.030000 5.432583 0.030000 3.378150 0.030000 3.615723 0.030000 3.213065 0.030000 2.887281 0.030000 4.797867 0.030000 4.839392 0.030000 1.143413 0.030000 1.246685 0.030000 2.571525 0.030000 2.520471 0.030000
4.101054 0.030000 4.268873 0.030000 3.804121 0.030000 3.642306 0.030000 5.771153 0.030000 5.910628 0.030000 5.525168 0.030000 5.369290 0.030000 3.277468 0.030000 3.537548 0.030000 3.111016 0.030000 2.957102 0.030000 4.835292 0.030000 4.761943 0.030000 1.382663 0.150000 1.267602 0.030000 2.542385 0.030000 2.573516 0.030000
4.010890 0.030000 4.263101 0.030000 3.824133 0.030000 3.600666 0.030000 5.767938 0.030000 5.873267 0.030000 5.552885 0.030000 5.433990 0.030000 3.270148 0.030000 3.515218 0.030000 3.527812 0.150000 3.437024 0.150000 4.784773 0.030000 4.832526 0.030000 1.263682 0.030000 1.276408 0.030000 2.543883 0.030000 2.548681 0.030000
4.051179 0.030000 4.148465 0.030000 3.852011 0.030000 3.597627 0.030000 5.747282 0.030000 5.869375 0.030000 5.618694 0.030000 5.473253 0.030000 3.277912 0.030000 3.514333 0.030000 3.229647 0.030000 2.949249 0.030000 4.825332 0.030000 5.459708 0.150000 1.204010 0.030000 1.248426 0.030000 2.520559 0.030000 2.597018 0.030000
4.025994 0.030000 4.226006 0.030000 3.847899 0.030000 3.668868 0.030000 5.668609 0.030000 5.880711 0.030000 5.623248 0.030000 5.477087 0.030000 3.249879 0.030000 3.500104 0.030000 3.253129 0.030000 3.057729 0.030000 4.759219 0.030000 4.837722 0.030000 1.187242 0.030000 1.228533 0.030000 2.573355 0.030000 2.593589 0.030000
3.952691 0.030000 4.364108 0.150000 3.864255 0.030000 3.701280 0.030000 6.081295 0.150000 5.895747 0.030000 5.606573 0.030000 5.516067 0.030000 3.323998 0.150000 3.455601 0.030000 3.288493 0.030000 3.031389 0.030000 4.832378 0.030000 4.786264 0.030000 1.195245 0.030000 1.281453 0.030000 2.568985 0.030000 2.542386 0.030000
4.115062 0.150000 4.140620 0.030000 3.917194 0.030000 3.682079 0.030000 5.684382 0.030000 5.809124 0.030000 5.678446 0.030000 5.501289 0.030000 3.150100 0.030000 3.412943 0.030000 3.248655 0.030000 3.066980 0.030000 4.772162 0.030000 4.785902 0.030000 1.215036 0.030000 1.210022 0.030000 2.528710 0.030000 2.487793 0.030000
3.890122 0.030000 4.074226 0.030000 3.889724 0.030000 3.765693 0.030000 5.716549 0.030000 5.802291 0.030000 5.650488 0.030000 5.506357 0.030000 3.162032 0.030000 3.395809 0.030000 3.345242 0.030000 3.019900 0.030000 4.876082 0.030000 4.777644 0.030000 1.157261 0.030000 1.219965 0.030000 2.540712 0.030000 2.558191 0.030000
4.201368 0.150000 4.125065 0.030000 3.954974 0.030000 3.809270 0.030000 5.645532 0.030000 5.775011 0.030000 5.736542 0.030000 5.553173 0.030000 3.120411 0.030000 3.360502 0.030000 3.351084 0.030000 3.127523 0.030000 4.823793 0.030000 4.867334 0.030000 1.208556 0.030000 1.208942 0.030000 3.590854 0.150000 2.573446 0.030000
3.871995 0.030000 4.080744 0.030000 3.978248 0.030000 3.743638 0.030000 5.607966 0.030000 5.779592 0.030000 5.715131 0.030000 5.574385 0.030000 3.370925 0.150000 3.298621 0.030000 3.396134 0.030000 3.238893 0.150000 4.817725 0.030000 4.833854 0.030000 1.190972 0.030000 1.179643 0.030000 2.617169 0.030000 2.585506 0.030000
3.864976 0.030000 4.047161 0.030000 5.166225 0.150000 3.804744 0.030000 5.601674 0.030000 5.760931 0.030000 5.696286 0.030000 5.563314 0.030000 3.019129 0.030000 3.346641 0.030000 3.387829 0.030000 3.155419 0.030000 4.855763 0.030000 4.783690 0.030000 1.186565 0.030000 1.223923 0.030000 2.560538 0.030000 2.705632 0.150000
3.831782 0.030000 4.046915 0.030000 3.973600 0.030000 3.821578 0.030000 6.260451 0.150000 5.739382 0.030000 5.720659 0.030000 5.568120 0.030000 3.083646 0.030000 3.747536 0.150000 3.462622 0.030000 3.240892 0.030000 4.839036 0.030000 4.773316 0.030000 1.233021 0.030000 1.177133 0.030000 2.539972 0.030000 2.508829 0.030000
3.811442 0.030000 4.048796 0.030000 4.021894 0.030000 3.819658 0.030000 5.610541 0.030000 5.724920 0.030000 5.750762 0.030000 5.583536 0.030000 3.008083 0.030000 3.230763 0.030000 3.440870 0.030000 3.217039 0.030000 4.838353 0.030000 4.817920 0.030000 1.281906 0.030000 1.153500 0.030000 2.772075 0.150000 2.563744 0.030000
3.834990 0.030000 3.974524 0.030000 4.103962 0.030000 3.890630 0.030000 5.741737 0.150000 5.734695 0.030000 5.752530 0.030000 5.550018 0.150000 3.015205 0.030000 3.161620 0.030000 3.474698 0.030000 3.247434 0.030000 4.890523 0.030000 4.804425 0.030000 1.208633 0.030000 1.268634 0.030000 2.571062 0.030000 2.550577 0.030000
3.766003 0.030000 4.000859 0.030000 3.936557 0.150000 3.940245 0.030000 5.540478 0.030000 5.680994 0.030000 5.759372 0.030000 5.597474 0.030000 2.978938 0.030000 3.179227 0.030000 3.510809 0.030000 3.225859 0.030000 4.771609 0.030000 4.750230 0.030000 1.206367 0.030000 1.183839 0.030000 2.589225 0.030000 2.556530 0.030000
3.778336 0.030000 3.955331 0.030000 4.341992 0.150000 3.920820 0.030000 5.548717 0.030000 5.655364 0.030000 5.742748 0.030000 5.678415 0.030000 3.575901 0.150000 3.604530 0.150000 3.538997 0.030000 3.304684 0.030000 4.836484 0.030000 4.819683 0.030000 1.291121 0.030000 1.183140 0.030000 2.553470 0.030000 2.475392 0.030000
3.692956 0.030000 3.912922 0.030000 4.114383 0.150000 3.941467 0.030000 5.554384 0.030000 6.015799 0.150000 5.732581 0.030000 5.593280 0.030000 2.912678 0.030000 3.129482 0.030000 3.618683 0.030000 3.296238 0.030000 4.794208 0.030000 4.830317 0.030000 1.190882 0.030000 1.190940 0.030000 2.540209 0.030000 2.564341 0.030000
3.762659 0.030000 3.887414 0.030000 4.754074 0.150000 4.016804 0.030000 5.508696 0.030000 5.619751 0.030000 5.834309 0.030000 5.721049 0.030000 2.926797 0.030000 3.152715 0.030000 4.066048 0.150000 3.332689 0.030000 4.817452 0.030000 4.733804 0.150000 1.236492 0.030000 1.476172 0.150000 2.589136 0.030000 3.029024 0.150000
3.693489 0.030000 3.859142 0.030000 4.171723 0.030000 3.967925 0.030000 5.476259 0.030000 5.615334 0.030000 5.808542 0.030000 6.033336 0.150000 2.845173 0.030000 4.065617 0.150000 3.690974 0.030000 3.344148 0.030000 4.781308 0.030000 4.824378 0.030000 1.276300 0.030000 1.923295 0.150000 2.611292 0.030000 2.549600 0.030000
3.657059 0.030000 3.849341 0.030000 4.173628 0.030000 4.025703 0.030000 5.512816 0.030000 5.580239 0.030000 5.819965 0.030000 5.666724 0.030000 2.813610 0.030000 3.115701 0.030000 3.579832 0.150000 3.407205 0.030000 4.815258 0.030000 4.796718 0.030000 1.324466 0.030000 1.200291 0.030000 2.595907 0.030000 2.616104 0.030000
3.686095 0.030000 3.576865 0.150000 4.221769 0.030000 4.030062 0.030000 5.392611 0.030000 5.636998 0.030000 5.958626 0.030000 5.727516 0.030000 3.241841 0.150000 3.057235 0.030000 3.669423 0.030000 3.472396 0.030000 4.795416 0.030000 4.786035 0.030000 1.261357 0.030000 1.182970 0.030000 2.524588 0.030000 2.541910 0.030000
3.646463 0.030000 3.786201 0.030000 4.219692 0.030000 4.060612 0.030000 5.494541 0.030000 5.711338 0.150000 5.896480 0.030000 5.775652 0.030000 2.733736 0.030000 2.974959 0.030000 3.699752 0.030000 4.137125 0.150000 4.803280 0.030000 4.803235 0.030000 1.329760 0.030000 1.254600 0.030000 2.607123 0.030000 2.549626 0.030000
3.628553 0.030000 3.783516 0.030000 4.296417 0.030000 4.079764 0.030000 5.422179 0.030000 5.547907 0.030000 5.921177 0.030000 5.821358 0.030000 2.751389 0.030000 2.964559 0.030000 3.707475 0.030000 3.492992 0.030000 4.789386 0.030000 4.804882 0.030000 1.322252 0.030000 1.225084 0.030000 2.613499 0.030000 2.571867 0.030000
3.579553 0.030000 3.744338 0.030000 4.366872 0.030000 4.088904 0.030000 5.435341 0.030000 5.528858 0.030000 5.909693 0.030000 5.724294 0.030000 2.634923 0.030000 2.979233 0.030000 3.788729 0.030000 3.533160 0.030000 4.801514 0.030000 4.800469 0.030000 1.432992 0.030000 1.238466 0.030000 2.627337 0.030000 2.578414 0.030000
3.590671 0.030000 3.720228 0.030000 4.364563 0.030000 4.137512 0.030000 5.448188 0.150000 5.617115 0.030000 5.907354 0.030000 6.328028 0.150000 2.674009 0.030000 2.887505 0.030000 3.747197 0.030000 3.590908 0.030000 4.820017 0.030000 4.866173 0.030000 1.378968 0.030000 1.228621 0.030000 2.575439 0.030000 2.539501 0.030000
3.521400 0.030000 3.723148 0.030000 4.357294 0.030000 4.140594 0.030000 5.346785 0.030000 5.492730 0.030000 5.939184 0.030000 5.836419 0.030000 2.684069 0.030000 2.860475 0.030000 3.821928 0.030000 3.535468 0.030000 4.808485 0.030000 4.751175 0.030000 1.344173 0.030000 1.235869 0.030000 2.623300 0.030000 2.590974 0.150000
3.737709 0.150000 3.726905 0.030000 4.383516 0.030000 4.152033 0.030000 5.367793 0.030000 5.465562 0.030000 5.980992 0.030000 5.964252 0.150000 2.814921 0.150000 2.958239 0.030000 3.841015 0.030000 3.551384 0.150000 4.821359 0.030000 4.801654 0.030000 1.698514 0.150000 1.436081 0.150000 2.629436 0.030000 2.606529 0.030000
3.469881 0.030000 3.645893 0.030000 4.443805 0.030000 4.200815 0.030000 5.377015 0.030000 5.533733 0.030000 6.024202 0.030000 5.858990 0.030000 2.880683 0.150000 2.801772 0.030000 3.911368 0.030000 3.936676 0.150000 4.967147 0.150000 4.773784 0.030000 1.345409 0.030000 1.266661 0.030000 2.581209 0.030000 2.565675 0.030000
3.518183 0.030000 3.606440 0.030000 4.399818 0.150000 4.234909 0.030000 5.330559 0.030000 5.492667 0.030000 5.999816 0.030000 5.825874 0.030000 2.563787 0.030000 2.832192 0.030000 3.934129 0.030000 3.664366 0.030000 4.858847 0.030000 4.843074 0.030000 1.570350 0.150000 1.317649 0.030000 2.651519 0.030000 2.623225 0.030000
3.459326 0.030000 3.617863 0.030000 4.463387 0.030000 4.310947 0.030000 5.358886 0.030000 5.367035 0.030000 6.005098 0.030000 5.871597 0.030000 2.577340 0.030000 3.042061 0.150000 3.954846 0.030000 3.679589 0.030000 4.830175 0.030000 4.870823 0.030000 1.437221 0.030000 1.244259 0.030000 2.700770 0.030000 2.546082 0.030000
3.425300 0.030000 3.621570 0.030000 4.516272 0.030000 4.263525 0.030000 5.358723 0.030000 5.546259 0.150000 6.010198 0.030000 5.871728 0.030000 2.506749 0.030000 2.746889 0.030000 3.950818 0.030000 3.749903 0.030000 4.902912 0.030000 4.820211 0.030000 1.465157 0.030000 1.379601 0.030000 2.650968 0.030000 2.612448 0.030000
3.411292 0.030000 3.562932 0.030000 4.475359 0.030000 4.287945 0.030000 5.910966 0.150000 5.893730 0.150000 6.050128 0.030000 5.909791 0.030000 2.481157 0.030000 2.763196 0.030000 4.016713 0.030000 3.762070 0.030000 4.851583 0.030000 4.817402 0.030000 1.443011 0.030000 1.327584 0.030000 2.694994 0.030000 2.563189 0.030000
3.391687 0.030000 3.624286 0.030000 4.522970 0.030000 4.352885 0.030000 5.252368 0.030000 5.416082 0.030000 6.092734 0.030000 5.920904 0.030000 2.482140 0.030000 2.730721 0.030000 4.049763 0.030000 3.757465 0.030000 4.870115 0.030000 4.838119 0.030000 1.486896 0.030000 1.372049 0.030000 2.693332 0.030000 2.626446 0.030000
3.471108 0.150000 3.592204 0.030000 4.585111 0.030000 4.331292 0.030000 5.245158 0.030000 5.402607 0.030000 6.082623 0.030000 5.927193 0.030000 2.404087 0.030000 2.669921 0.030000 4.050949 0.030000 3.758966 0.030000 4.897915 0.030000 4.791842 0.030000 1.487091 0.030000 1.317497 0.030000 2.738364 0.030000 2.672360 0.030000
3.362969 0.030000 3.556379 0.030000 4.642525 0.030000 4.314134 0.030000 5.268779 0.030000 5.975267 0.150000 6.132075 0.030000 5.926743 0.030000 2.381104 0.030000 2.674614 0.030000 4.083890 0.030000 3.803995 0.030000 4.849578 0.030000 4.830119 0.030000 1.908288 0.150000 1.353512 0.030000 2.668303 0.030000 2.616658 0.030000
3.372409 0.030000 3.478457 0.030000 4.594687 0.030000 4.406508 0.030000 5.274659 0.030000 5.354961 0.030000 6.149914 0.030000 6.077469 0.150000 2.367243 0.030000 2.581297 0.030000 4.120736 0.030000 4.091618 0.150000 4.881455 0.030000 4.879624 0.030000 1.523660 0.030000 1.444420 0.030000 2.718281 0.030000 2.630913 0.030000
3.336644 0.030000 3.514204 0.030000 4.662413 0.030000 5.076038 0.150000 6.269815 0.150000 5.700201 0.150000 6.174680 0.030000 5.976032 0.030000 2.372771 0.030000 2.538912 0.030000 4.164597 0.030000 3.866104 0.030000 4.851708 0.150000 4.839402 0.030000 1.499625 0.030000 1.401828 0.030000 2.738720 0.030000 2.622669 0.030000
3.309127 0.030000 3.451547 0.030000 4.583692 0.030000 4.448908 0.030000 5.256007 0.030000 5.354562 0.030000 6.232137 0.030000 6.001578 0.030000 2.341543 0.030000 2.578942 0.030000 4.128588 0.030000 3.938924 0.150000 4.825516 0.030000 4.844860 0.030000 1.186994 0.150000 1.447864 0.030000 2.767894 0.030000 2.661071 0.030000
3.315010 0.030000 3.444785 0.030000 4.678070 0.030000 5.034621 0.150000 5.204369 0.030000 5.312349 0.030000 6.201631 0.030000 6.045038 0.030000 2.323232 0.030000 2.501139 0.030000 4.176872 0.150000 3.951035 0.030000 4.910733 0.030000 4.842890 0.030000 1.579452 0.030000 1.390674 0.030000 2.846442 0.150000 2.645803 0.030000
3.301378 0.030000 3.440255 0.030000 4.720589 0.030000 4.430927 0.150000 5.184720 0.030000 5.290206 0.030000 6.210164 0.030000 6.052001 0.030000 2.288964 0.030000 2.474980 0.030000 4.230138 0.030000 4.020780 0.030000 4.913385 0.030000 4.828702 0.030000 2.300839 0.150000 1.405199 0.030000 2.762782 0.030000 2.685553 0.030000
3.272400 0.030000 3.438058 0.030000 4.788118 0.030000 4.551747 0.030000 5.203162 0.030000 5.269425 0.030000 6.207757 0.030000 6.082467 0.030000 2.345811 0.030000 2.520838 0.030000 4.235510 0.030000 3.979846 0.030000 4.737970 0.150000 4.888083 0.030000 1.657043 0.030000 1.430870 0.030000 2.829449 0.030000 2.714034 0.030000
3.220926 0.030000 3.371381 0.030000 4.767874 0.030000 4.539706 0.030000 5.207867 0.030000 5.271994 0.030000 6.241734 0.030000 6.319328 0.150000 2.577866 0.150000 2.436782 0.030000 5.737756 0.150000 3.957326 0.030000 4.905856 0.030000 4.890634 0.030000 2.344827 0.150000 1.437302 0.030000 2.888794 0.150000 2.659462 0.030000
3.244901 0.030000 3.381277 0.030000 4.773838 0.030000 4.816802 0.150000 5.203297 0.030000 5.123172 0.150000 6.277820 0.030000 6.103877 0.030000 2.619339 0.150000 2.377415 0.030000 4.308581 0.030000 4.016424 0.030000 5.080101 0.150000 4.866114 0.030000 1.657935 0.030000 1.517185 0.030000 2.776951 0.030000 2.662843 0.030000
3.224749 0.030000 3.354940 0.030000 5.208980 0.150000 4.678077 0.030000 5.182496 0.030000 5.288400 0.030000 6.339642 0.030000 6.148937 0.030000 2.169888 0.030000 2.377229 0.030000 4.343465 0.030000 4.621534 0.150000 4.953749 0.030000 4.901031 0.030000 1.691699 0.030000 1.488829 0.030000 2.772259 0.030000 2.730260 0.030000
3.187743 0.030000 3.367001 0.030000 4.907439 0.030000 4.615105 0.030000 5.141511 0.030000 5.276460 0.030000 6.707070 0.150000 6.132429 0.030000 2.145407 0.030000 2.837094 0.150000 4.357434 0.030000 4.123789 0.030000 4.933903 0.030000 4.828502 0.030000 1.689509 0.030000 1.541335 0.030000 2.842836 0.030000 2.737221 0.030000
3.188649 0.030000 3.326208 0.030000 4.935372 0.030000 4.632064 0.030000 5.137613 0.030000 5.271420 0.030000 6.326077 0.030000 6.196377 0.030000 2.176744 0.030000 2.298981 0.030000 4.463705 0.150000 4.151095 0.030000 4.921606 0.030000 4.894162 0.030000 1.722886 0.030000 1.545485 0.030000 2.874394 0.030000 2.721021 0.030000
3.168670 0.030000 3.305700 0.030000 4.898650 0.030000 4.701958 0.030000 5.148142 0.030000 5.224808 0.030000 6.343724 0.030000 6.222357 0.030000 2.120717 0.030000 2.318595 0.030000 4.422986 0.030000 4.156181 0.030000 4.927094 0.030000 4.906337 0.030000 1.845469 0.150000 1.707383 0.150000 2.857595 0.030000 2.749016 0.030000
3.158213 0.030000 3.241335 0.030000 4.937270 0.030000 4.732483 0.030000 5.148712 0.150000 5.256056 0.030000 6.321001 0.030000 6.212548 0.030000 1.997211 0.030000 2.319115 0.030000 4.487884 0.030000 4.211089 0.030000 4.959541 0.030000 5.199926 0.150000 1.762813 0.030000 1.591087 0.030000 2.865774 0.030000 2.791500 0.030000
3.063743 0.150000 3.262577 0.030000 4.939072 0.030000 4.640177 0.030000 5.106091 0.030000 5.390634 0.150000 6.378338 0.030000 6.159405 0.030000 2.043855 0.030000 2.242246 0.030000 4.510863 0.030000 4.278276 0.030000 4.996529 0.030000 4.894332 0.030000 1.757652 0.030000 1.620551 0.030000 2.886735 0.030000 2.761591 0.030000
3.068298 0.030000 3.249658 0.030000 5.082870 0.150000 4.805552 0.030000 5.133510 0.030000 5.151636 0.030000 6.408662 0.030000 6.253897 0.030000 2.047535 0.030000 2.316614 0.030000 4.989897 0.150000 4.260107 0.030000 5.027630 0.030000 4.890591 0.030000 1.810460 0.030000 1.618661 0.030000 2.951620 0.030000 2.757717 0.030000
3.042772 0.030000 3.219168 0.030000 4.966249 0.030000 4.705219 0.030000 5.077124 0.030000 5.185846 0.030000 6.398911 0.030000 6.272515 0.030000 2.016711 0.030000 2.203401 0.030000 4.569557 0.150000 4.247533 0.030000 4.954781 0.030000 4.930243 0.030000 2.127798 0.150000 1.670397 0.030000 2.950524 0.030000 2.749190 0.030000
3.057501 0.030000 3.218520 0.030000 5.643959 0.150000 5.169209 0.150000 5.109932 0.150000 5.158861 0.030000 6.458750 0.030000 6.285837 0.030000 1.975618 0.030000 2.183156 0.030000 4.560685 0.030000 4.322690 0.030000 5.005395 0.030000 4.884218 0.030000 1.833671 0.030000 1.711016 0.030000 2.925777 0.030000 2.822742 0.030000
3.061058 0.030000 3.178623 0.030000 5.021990 0.030000 4.871779 0.030000 5.056796 0.030000 5.167901 0.030000 6.476956 0.030000 6.374498 0.030000 1.962079 0.030000 2.171923 0.030000 4.565512 0.030000 4.368696 0.030000 5.040965 0.030000 5.046723 0.150000 1.802121 0.030000 1.663184 0.030000 3.302311 0.150000 2.831617 0.030000
2.989558 0.030000 3.183505 0.030000 5.075479 0.030000 4.881554 0.030000 5.102028 0.030000 5.152377 0.030000 6.478113 0.030000 6.307410 0.030000 1.899317 0.030000 2.121545 0.030000 4.891090 0.150000 4.342386 0.030000 5.082215 0.150000 4.921152 0.030000 1.844053 0.030000 1.714275 0.030000 2.956881 0.030000 2.792545 0.030000
3.018726 0.030000 3.768972 0.150000 5.100968 0.030000 4.902091 0.030000 4.981459 0.030000 5.153386 0.030000 6.488229 0.030000 6.325320 0.030000 1.982526 0.030000 2.459859 0.150000 5.047683 0.150000 4.674384 0.150000 5.012289 0.030000 5.366422 0.150000 1.921965 0.030000 1.741569 0.030000 3.028244 0.030000 2.871035 0.030000
2.995858 0.030000 3.113582 0.030000 5.119238 0.030000 4.903352 0.030000 5.061014 0.030000 5.126941 0.030000 6.462345 0.030000 6.379221 0.030000 1.867220 0.030000 2.083460 0.030000 4.865069 0.150000 4.412733 0.030000 4.963380 0.030000 4.983483 0.030000 1.941932 0.030000 1.720451 0.030000 3.009102 0.030000 2.851884 0.030000
2.981943 0.030000 3.099915 0.030000 5.152821 0.030000 5.072338 0.150000 5.002778 0.030000 5.264224 0.150000 6.509957 0.030000 7.473109 0.150000 1.994590 0.150000 2.088711 0.030000 4.699097 0.030000 4.671145 0.150000 4.996706 0.030000 4.909772 0.030000 2.115649 0.150000 1.781826 0.030000 3.014315 0.030000 2.874427 0.030000
3.240047 0.150000 3.335821 0.150000 5.156428 0.030000 4.970370 0.030000 5.038144 0.030000 5.188246 0.030000 6.562963 0.030000 6.406180 0.030000 1.814006 0.030000 2.027535 0.030000 4.723161 0.030000 4.513023 0.030000 5.018473 0.030000 4.966728 0.030000 1.959225 0.030000 1.800980 0.030000 3.044765 0.030000 2.843663 0.030000
2.787079 0.150000 3.103272 0.030000 5.209650 0.030000 5.032223 0.150000 5.031785 0.030000 5.062657 0.030000 6.559670 0.030000 6.374706 0.030000 1.836629 0.030000 2.023238 0.030000 4.752059 0.030000 4.508515 0.030000 5.024611 0.030000 4.950258 0.030000 2.308485 0.150000 1.771750 0.030000 2.983699 0.030000 2.886335 0.030000
2.933847 0.030000 3.107635 0.030000 5.182288 0.030000 5.006726 0.030000 4.990270 0.030000 5.017281 0.030000 6.572873 0.030000 6.459890 0.030000 1.821207 0.030000 1.986272 0.030000 4.828797 0.030000 4.515963 0.030000 5.750604 0.150000 4.981555 0.030000 2.025673 0.030000 1.839567 0.030000 3.062925 0.030000 3.240668 0.150000
2.974823 0.030000 3.775079 0.150000 5.297351 0.030000 4.990607 0.030000 4.990595 0.030000 5.077909 0.030000 6.638255 0.030000 6.709534 0.150000 1.798241 0.030000 2.001011 0.030000 4.836474 0.030000 4.601337 0.030000 5.091391 0.030000 5.436675 0.150000 2.011626 0.030000 1.884218 0.030000 3.089164 0.030000 2.902621 0.030000
2.920376 0.030000 3.081077 0.030000 5.227103 0.030000 5.054520 0.030000 4.961265 0.030000 5.030001 0.030000 6.632780 0.030000 6.495046 0.030000 1.730536 0.030000 1.977839 0.030000 4.821186 0.030000 4.610405 0.030000 5.027931 0.030000 5.010457 0.030000 2.184034 0.150000 1.873129 0.030000 3.091570 0.030000 2.918765 0.030000
2.901972 0.030000 3.034366 0.030000 5.317476 0.030000 5.073586 0.030000 4.958275 0.030000 5.091187 0.030000 6.611553 0.030000 6.439807 0.030000 1.755100 0.030000 1.906246 0.030000 4.858946 0.030000 4.637585 0.030000 5.098963 0.030000 5.000975 0.030000 2.073550 0.030000 1.882163 0.030000 3.088464 0.030000 2.954926 0.030000
2.918731 0.030000 3.013438 0.030000 5.334143 0.030000 6.779420 0.150000 4.962731 0.030000 5.087903 0.030000 6.673061 0.030000 6.515743 0.030000 1.772261 0.030000 1.910427 0.030000 4.848931 0.030000 4.660135 0.030000 5.079991 0.030000 5.418815 0.150000 2.071696 0.030000 1.875586 0.030000 3.098022 0.030000 2.935231 0.030000
2.836118 0.150000 2.998783 0.030000 5.333245 0.030000 5.137334 0.030000 4.954572 0.030000 5.450298 0.150000 6.678072 0.030000 6.510092 0.030000 1.706348 0.030000 1.923820 0.030000 4.906051 0.030000 4.651693 0.030000 5.040678 0.030000 4.951779 0.030000 3.161180 0.150000 1.962197 0.030000 3.131532 0.030000 2.955081 0.030000
2.884822 0.030000 2.569750 0.150000 5.331227 0.030000 5.123594 0.030000 4.879546 0.150000 5.003811 0.030000 6.702764 0.030000 6.528007 0.030000 1.668122 0.030000 1.877588 0.030000 4.964090 0.030000 4.698709 0.030000 5.044400 0.030000 5.049138 0.030000 2.427021 0.150000 1.955410 0.030000 3.161364 0.030000 2.969152 0.030000
2.841748 0.030000 2.987762 0.150000 5.351248 0.030000 5.153336 0.030000 4.908912 0.030000 5.002713 0.030000 6.669835 0.030000 6.528992 0.030000 2.190061 0.150000 1.862407 0.030000 4.953621 0.030000 4.699309 0.030000 5.083379 0.030000 5.049516 0.030000 2.176151 0.030000 1.934855 0.030000 3.149515 0.030000 3.014709 0.030000
2.870522 0.030000 3.167775 0.150000 5.368533 0.030000 5.197924 0.030000 5.386395 0.150000 5.002194 0.030000 6.704351 0.030000 6.502829 0.030000 1.715939 0.030000 1.815136 0.030000 4.879043 0.030000 4.709306 0.030000 5.159889 0.030000 5.038017 0.030000 2.108828 0.030000 2.270843 0.150000 3.110634 0.030000 2.982233 0.030000
2.874393 0.030000 3.180204 0.150000 5.327287 0.030000 5.206258 0.030000 4.939151 0.030000 4.980283 0.030000 6.702992 0.030000 6.624380 0.030000 1.648387 0.030000 1.843381 0.030000 5.027085 0.030000 4.681453 0.030000 5.117981 0.030000 5.074407 0.030000 2.181678 0.030000 2.003383 0.030000 3.189094 0.030000 3.055800 0.150000
2.856293 0.030000 2.947479 0.030000 5.425129 0.030000 5.197948 0.030000 4.893716 0.030000 5.002242 0.030000 6.771518 0.030000 6.547573 0.030000 1.655903 0.030000 1.811762 0.030000 4.999886 0.030000 4.738024 0.030000 5.147481 0.030000 4.990944 0.030000 3.038526 0.150000 2.031349 0.030000 3.141001 0.030000 2.987847 0.030000
2.861960 0.030000 2.938943 0.030000 5.446320 0.030000 5.161928 0.030000 4.922440 0.030000 5.009662 0.030000 7.311556 0.150000 6.583985 0.030000 1.681605 0.030000 1.828771 0.030000 5.046807 0.030000 4.713995 0.030000 5.126961 0.030000 5.112289 0.030000 2.217950 0.030000 1.956974 0.030000 3.529595 0.150000 3.052578 0.030000
2.832860 0.030000 2.950917 0.030000 5.431728 0.030000 5.676420 0.150000 4.906421 0.030000 5.029001 0.030000 6.767012 0.030000 6.643203 0.030000 1.585548 0.030000 1.802874 0.030000 5.034169 0.030000 4.755933 0.030000 5.196532 0.030000 5.477706 0.150000 2.235127 0.030000 2.005708 0.030000 3.221864 0.030000 3.043980 0.030000
2.800413 0.030000 2.979044 0.030000 5.460305 0.030000 5.253589 0.030000 4.904730 0.030000 4.986468 0.030000 6.804766 0.030000 6.615799 0.030000 1.596242 0.030000 1.772612 0.030000 5.048784 0.030000 4.845974 0.030000 5.145885 0.030000 5.049655 0.030000 2.234009 0.030000 2.040935 0.030000 3.176827 0.030000 3.008709 0.030000
2.804475 0.030000 2.948228 0.030000 5.408165 0.030000 5.228570 0.150000 4.897046 0.030000 4.944444 0.030000 6.774686 0.030000 6.651380 0.030000 1.662954 0.030000 1.777294 0.030000 5.091869 0.030000 4.805236 0.030000 5.148247 0.030000 5.089231 0.030000 2.247527 0.150000 2.080678 0.030000 3.251119 0.030000 3.092044 0.030000
2.828212 0.030000 2.894468 0.030000 5.524310 0.030000 5.303384 0.030000 4.927729 0.030000 4.960241 0.030000 6.902033 0.150000 6.639340 0.030000 1.626495 0.030000 1.821876 0.030000 5.090409 0.030000 4.843739 0.030000 5.186735 0.030000 5.086588 0.030000 2.683222 0.150000 2.065792 0.030000 3.160777 0.030000 3.122808 0.030000
2.834161 0.030000 2.951812 0.030000 5.433413 0.030000 5.314482 0.030000 4.931092 0.030000 5.003834 0.030000 6.838424 0.030000 6.660670 0.030000 1.575027 0.030000 1.772471 0.030000 5.096876 0.030000 4.874068 0.030000 5.202010 0.030000 5.104831 0.030000 2.323031 0.030000 2.068688 0.030000 3.262247 0.030000 3.014142 0.030000
2.803406 0.030000 2.944624 0.030000 5.456111 0.030000 5.281194 0.030000 4.931048 0.030000 4.906361 0.030000 6.830911 0.030000 6.652288 0.030000 1.590402 0.030000 1.736467 0.030000 5.109997 0.030000 4.912875 0.030000 5.181186 0.030000 4.860668 0.150000 2.310678 0.030000 2.157826 0.030000 4.773940 0.150000 3.106956 0.030000
3.234125 0.150000 2.878281 0.030000 5.547982 0.030000 5.339034 0.030000 4.887603 0.030000 4.946122 0.030000 6.846798 0.030000 6.646189 0.030000 1.574756 0.030000 2.350025 0.150000 5.098337 0.030000 4.993204 0.150000 5.134343 0.030000 5.101122 0.030000 2.285509 0.030000 2.085412 0.030000 3.770770 0.150000 4.011779 0.150000
3.130142 0.150000 2.853995 0.030000 6.033639 0.150000 5.293313 0.030000 4.862654 0.030000 4.985840 0.030000 7.117330 0.150000 6.678224 0.030000 1.541060 0.030000 1.694481 0.030000 5.144038 0.030000 4.911433 0.030000 5.231008 0.030000 5.037156 0.030000 2.384498 0.030000 2.149334 0.030000 3.266859 0.030000 3.083946 0.030000
2.791120 0.030000 2.822326 0.030000 5.517343 0.030000 5.295944 0.030000 4.918780 0.030000 4.940809 0.030000 6.881446 0.030000 6.693293 0.030000 1.570552 0.030000 1.729506 0.030000 5.162094 0.030000 4.909077 0.030000 5.253162 0.030000 5.084657 0.150000 2.338746 0.030000 2.112922 0.030000 3.289528 0.030000 3.124785 0.030000
2.767312 0.030000 2.895799 0.030000 5.635350 0.030000 5.867308 0.150000 4.865694 0.030000 4.929338 0.030000 6.906245 0.030000 6.679905 0.030000 1.548481 0.030000 1.685789 0.030000 5.203094 0.030000 4.918130 0.030000 5.923654 0.150000 5.079196 0.030000 2.352195 0.030000 2.072297 0.030000 3.287852 0.030000 3.268073 0.150000
2.797933 0.030000 2.922598 0.030000 5.620473 0.030000 5.388617 0.030000 4.904383 0.030000 5.508059 0.150000 6.892685 0.030000 6.656484 0.030000 1.509421 0.030000 1.671669 0.030000 5.263334 0.150000 5.325204 0.150000 5.192139 0.030000 5.081792 0.030000 2.360519 0.030000 2.102099 0.030000 3.271409 0.030000 3.095278 0.150000
2.817219 0.030000 2.890309 0.030000 5.632171 0.030000 5.361857 0.030000 4.879176 0.030000 4.980585 0.030000 6.862935 0.030000 6.767283 0.030000 1.448816 0.030000 1.702351 0.030000 5.171478 0.030000 4.941284 0.030000 5.160298 0.030000 5.096174 0.030000 2.360304 0.030000 2.187985 0.030000 3.330273 0.030000 3.254838 0.150000
2.790772 0.030000 2.895439 0.030000 5.641388 0.150000 5.358902 0.030000 4.912198 0.030000 4.915312 0.030000 6.870571 0.030000 6.733289 0.030000 1.516854 0.030000 1.696350 0.030000 5.181294 0.030000 4.967149 0.030000 5.172798 0.030000 5.161090 0.030000 2.836766 0.150000 2.175036 0.030000 3.340909 0.030000 3.161379 0.030000
2.718511 0.030000 2.858911 0.030000 5.572600 0.030000 5.454972 0.030000 4.896095 0.030000 4.890846 0.030000 6.914969 0.030000 6.756908 0.030000 1.517332 0.030000 1.724825 0.030000 5.192690 0.030000 4.973969 0.030000 5.336601 0.150000 5.116137 0.030000 2.379424 0.030000 2.188052 0.030000 3.302698 0.030000 3.149782 0.030000
2.784110 0.030000 2.862698 0.030000 5.588941 0.030000 5.389045 0.030000 4.867431 0.030000 4.934881 0.030000 6.974490 0.030000 7.640489 0.150000 1.487672 0.030000 1.682227 0.030000 5.160471 0.030000 4.999097 0.030000 5.258829 0.030000 5.177698 0.030000 2.349776 0.030000 2.204316 0.030000 3.299096 0.030000 3.132125 0.030000
2.780048 0.030000 2.886114 0.030000 5.640009 0.030000 5.383544 0.030000 4.860789 0.030000 4.917190 0.030000 6.942654 0.030000 6.800420 0.030000 1.498353 0.030000 1.627795 0.030000 5.229379 0.030000 5.023847 0.030000 5.172925 0.030000 5.082296 0.030000 2.440640 0.030000 2.191852 0.030000 3.379019 0.030000 4.174342 0.150000
2.736996 0.030000 2.837656 0.030000 5.690076 0.150000 5.791801 0.150000 4.885002 0.030000 5.290017 0.150000 7.230585 0.150000 6.781389 0.030000 1.443829 0.030000 1.625445 0.030000 5.267901 0.030000 5.031488 0.030000 5.192932 0.030000 5.116178 0.030000 2.413248 0.030000 2.195184 0.030000 3.290808 0.030000 3.139353 0.030000
2.776112 0.030000 4.223841 0.150000 5.675981 0.030000 5.438382 0.030000 4.835468 0.030000 4.960590 0.030000 6.919065 0.030000 6.841349 0.030000 1.455261 0.030000 1.660800 0.030000 5.298290 0.030000 5.033448 0.030000 5.238364 0.030000 5.173662 0.030000 2.411202 0.030000 2.229845 0.030000 3.327464 0.030000 3.214278 0.030000
2.904353 0.150000 2.817785 0.030000 5.676772 0.030000 5.427729 0.030000 5.174941 0.150000 4.953298 0.030000 7.070262 0.150000 6.750361 0.030000 1.490538 0.030000 1.633285 0.030000 5.286068 0.030000 5.016291 0.030000 5.280051 0.030000 5.160428 0.030000 2.427697 0.030000 2.311992 0.150000 3.298772 0.030000 3.193604 0.030000
2.728518 0.030000 2.869264 0.030000 5.861653 0.150000 5.466826 0.030000 4.796245 0.030000 4.922262 0.030000 6.974076 0.030000 6.788110 0.030000 1.447098 0.030000 1.608456 0.030000 5.340087 0.030000 4.986029 0.030000 5.253064 0.150000 5.131597 0.030000 2.476759 0.030000 2.216854 0.030000 3.340683 0.030000 3.174309 0.030000
2.758571 0.030000 2.884323 0.150000 5.670619 0.030000 5.451500 0.030000 4.808897 0.030000 4.911855 0.030000 6.955725 0.030000 6.801310 0.030000 1.459940 0.030000 1.625132 0.030000 5.249615 0.030000 5.030124 0.030000 5.200006 0.030000 5.119605 0.030000 2.365808 0.030000 2.241045 0.030000 3.315995 0.030000 3.204375 0.030000
2.750470 0.030000 2.832730 0.030000 5.681123 0.030000 5.435414 0.030000 4.871498 0.030000 4.908326 0.150000 6.985516 0.030000 6.887909 0.150000 1.644131 0.150000 1.661211 0.030000 5.285348 0.030000 5.167071 0.150000 5.240204 0.030000 5.164307 0.030000 2.418475 0.030000 2.223465 0.030000 3.389758 0.030000 3.245441 0.030000
2.798308 0.030000 3.084342 0.150000 5.691802 0.030000 5.495057 0.030000 4.805406 0.030000 4.862520 0.030000 6.940060 0.030000 6.801172 0.030000 1.397373 0.030000 1.612132 0.030000 5.294813 0.030000 5.039636 0.030000 5.628816 0.150000 5.197013 0.030000 2.453269 0.030000 2.274268 0.030000 3.338632 0.030000 3.214758 0.030000
2.757439 0.030000 2.799523 0.030000 5.739331 0.030000 5.507252 0.030000 5.507824 0.150000 4.835040 0.030000 6.999818 0.030000 7.119171 0.150000 1.454271 0.030000 1.637623 0.030000 5.328751 0.030000 5.084449 0.030000 5.181815 0.150000 5.151973 0.030000 2.474071 0.030000 2.271029 0.030000 3.366082 0.030000 3.152817 0.030000
3.062318 0.150000 3.035477 0.150000 5.761791 0.030000 5.454853 0.030000 4.863231 0.030000 4.969904 0.030000 6.998824 0.030000 6.794503 0.030000 1.416525 0.030000 1.636071 0.030000 5.343835 0.030000 5.056085 0.030000 5.425853 0.150000 5.169101 0.030000 2.463355 0.030000 2.294044 0.030000 3.365105 0.030000 3.171086 0.030000
2.746345 0.030000 3.376923 0.150000 5.747063 0.030000 5.549436 0.030000 4.843259 0.030000 4.920459 0.030000 6.995681 0.030000 6.813239 0.030000 1.456544 0.030000 1.585889 0.030000 5.305622 0.030000 5.079770 0.030000 5.249477 0.030000 5.174230 0.030000 2.466903 0.030000 2.280945 0.030000 3.403065 0.030000 3.199118 0.030000
2.721454 0.030000 2.803870 0.030000 5.747376 0.030000 5.502138 0.030000 4.823070 0.030000 4.901940 0.030000 6.963674 0.030000 6.821089 0.030000 1.378787 0.030000 1.555845 0.030000 5.311972 0.030000 5.484985 0.150000 5.212896 0.030000 5.146284 0.030000 2.428174 0.030000 2.309312 0.030000 3.417864 0.030000 3.198456 0.030000
2.781672 0.030000 2.824285 0.030000 5.700641 0.030000 5.471094 0.030000 4.801754 0.030000 4.910960 0.030000 6.963334 0.030000 6.870840 0.030000 1.427728 0.030000 1.613463 0.030000 5.357067 0.030000 5.081378 0.030000 5.245253 0.030000 5.171575 0.030000 2.418425 0.030000 2.280132 0.030000 3.427923 0.030000 3.226450 0.030000
2.797435 0.030000 2.748033 0.030000 5.714421 0.030000 5.521614 0.030000 4.819916 0.030000 4.881892 0.030000 6.967359 0.030000 6.876311 0.030000 1.360231 0.030000 1.565439 0.030000 5.332163 0.030000 5.931832 0.150000 5.299181 0.150000 5.175586 0.030000 2.457375 0.030000 2.315544 0.030000 3.435432 0.030000 3.237269 0.030000
2.750657 0.030000 2.843362 0.030000 5.733209 0.030000 5.956789 0.150000 4.752898 0.030000 5.180118 0.150000 6.888781 0.030000 6.885672 0.150000 1.389000 0.030000 1.537099 0.030000 5.823795 0.150000 5.500421 0.150000 5.443583 0.150000 5.548658 0.150000 2.495697 0.030000 2.301769 0.030000 3.467283 0.150000 3.261399 0.030000
2.758395 0.030000 2.721060 0.030000 5.770662 0.030000 5.504785 0.030000 4.795165 0.030000 4.912914 0.030000 6.952465 0.030000 6.917772 0.030000 1.265821 0.030000 1.626170 0.030000 5.355360 0.030000 5.729744 0.150000 5.248980 0.030000 5.546953 0.150000 2.493290 0.030000 2.350169 0.030000 3.458392 0.030000 3.217132 0.030000
2.791077 0.030000 2.728094 0.030000 5.780449 0.030000 5.552801 0.030000 4.753410 0.030000 4.897042 0.030000 6.919828 0.030000 6.856601 0.030000 1.362963 0.030000 2.280536 0.150000 5.351792 0.030000 5.164036 0.030000 5.240161 0.030000 5.938338 0.150000 2.487668 0.030000 2.358366 0.030000 3.502595 0.030000 3.255305 0.030000
2.835787 0.030000 2.695686 0.030000 5.848780 0.030000 5.578386 0.030000 4.671209 0.150000 4.884389 0.030000 6.982448 0.030000 6.837590 0.030000 1.245820 0.030000 1.570588 0.030000 5.372446 0.030000 5.881573 0.150000 5.740348 0.150000 5.240758 0.030000 2.484760 0.030000 2.388257 0.030000 3.611959 0.150000 3.271174 0.030000
2.852354 0.030000 2.766063 0.030000 5.836110 0.030000 5.610250 0.030000 4.715663 0.030000 4.855511 0.030000 6.985495 0.030000 6.885805 0.030000 1.277421 0.030000 1.461155 0.030000 5.378741 0.030000 5.221901 0.030000 5.203534 0.030000 5.229865 0.030000 3.644532 0.150000 2.374991 0.150000 3.527154 0.030000 3.298449 0.030000
2.880249 0.030000 2.757746 0.030000 5.917382 0.030000 5.649177 0.030000 4.720872 0.030000 4.884619 0.030000 6.914217 0.030000 6.921415 0.030000 1.046728 0.150000 1.485097 0.030000 5.341364 0.030000 5.369210 0.150000 5.171347 0.030000 5.243283 0.030000 2.456727 0.030000 2.352224 0.030000 3.561642 0.030000 3.302862 0.030000
3.035709 0.150000 2.713876 0.030000 5.887121 0.030000 5.616774 0.030000 4.686745 0.030000 4.843154 0.030000 6.933600 0.030000 6.969216 0.030000 1.230937 0.030000 1.490117 0.030000 5.314751 0.030000 5.253118 0.030000 5.172131 0.030000 5.242848 0.030000 2.450784 0.030000 2.402278 0.030000 3.571445 0.030000 3.741993 0.150000
2.937954 0.030000 2.754669 0.030000 5.906863 0.030000 5.687859 0.030000 4.617020 0.030000 4.920059 0.030000 7.100274 0.150000 6.966905 0.030000 1.219886 0.030000 1.444567 0.030000 5.441453 0.030000 5.314059 0.030000 5.081725 0.030000 5.216216 0.030000 2.540904 0.030000 2.433463 0.030000 3.577779 0.030000 3.322753 0.030000
2.900342 0.030000 2.867390 0.150000 5.948669 0.030000 5.690074 0.030000 4.583616 0.030000 4.795717 0.030000 6.881130 0.030000 6.968397 0.030000 1.182102 0.030000 1.454042 0.030000 5.356357 0.030000 5.294402 0.030000 5.311652 0.150000 5.191184 0.030000 2.482634 0.030000 2.484016 0.030000 3.600936 0.030000 3.361333 0.030000
3.169476 0.150000 2.737886 0.030000 5.901801 0.030000 5.704900 0.030000 4.563031 0.030000 4.821490 0.030000 6.926454 0.030000 6.985596 0.030000 1.132831 0.030000 1.433622 0.030000 5.375296 0.030000 5.381643 0.030000 5.112227 0.030000 5.258882 0.030000 2.689808 0.150000 2.467693 0.030000 3.706139 0.030000 3.399923 0.030000
2.905479 0.030000 2.772346 0.030000 5.956393 0.030000 5.722131 0.030000 4.576403 0.030000 4.784071 0.030000 6.915028 0.030000 7.254095 0.150000 1.166826 0.030000 1.301717 0.030000 5.242481 0.150000 5.382601 0.030000 5.032278 0.030000 5.178428 0.030000 2.435256 0.030000 2.459006 0.030000 3.683046 0.030000 3.437135 0.030000
3.010380 0.030000 2.755405 0.030000 5.972516 0.030000 5.810568 0.030000 4.561931 0.030000 4.744510 0.030000 6.922678 0.030000 7.230708 0.150000 1.129249 0.030000 1.085808 0.150000 5.340683 0.030000 5.269074 0.030000 4.993234 0.030000 5.190419 0.030000 2.464698 0.030000 2.498627 0.030000 3.706080 0.030000 3.448561 0.030000
2.955410 0.030000 2.815433 0.030000 6.000959 0.030000 5.751833 0.030000 4.440529 0.030000 4.782541 0.030000 6.863317 0.030000 6.910468 0.030000 1.074515 0.030000 1.299863 0.030000 5.379636 0.030000 5.352744 0.030000 5.036059 0.030000 5.164561 0.030000 2.442234 0.030000 2.455510 0.030000 3.707669 0.030000 3.487534 0.030000
3.093005 0.030000 2.858751 0.030000 6.015385 0.030000 5.854216 0.030000 4.479030 0.030000 4.710000 0.030000 6.832679 0.030000 7.249032 0.150000 1.020500 0.030000 1.262351 0.030000 5.338873 0.030000 5.382217 0.030000 4.999572 0.030000 5.526854 0.150000 2.414289 0.030000 2.517132 0.030000 3.745429 0.030000 3.560715 0.030000
3.095743 0.030000 2.830848 0.030000 6.031736 0.030000 5.864739 0.030000 4.437538 0.030000 4.734832 0.030000 6.796978 0.030000 6.940752 0.030000 1.027770 0.030000 1.263560 0.030000 5.380005 0.030000 5.363819 0.030000 4.956674 0.030000 5.134504 0.030000 2.509688 0.030000 2.481479 0.030000 3.791737 0.030000 3.545158 0.030000
3.138990 0.030000 2.894712 0.030000 6.032946 0.030000 5.868198 0.030000 4.389265 0.030000 4.643353 0.030000 6.814796 0.030000 6.923038 0.030000 1.008437 0.030000 1.271038 0.030000 5.380204 0.150000 5.374621 0.030000 4.857903 0.030000 5.113422 0.030000 2.419523 0.030000 2.481956 0.030000 3.762614 0.030000 3.623877 0.030000
3.135209 0.030000 2.906554 0.030000 6.059851 0.030000 5.906826 0.030000 4.396071 0.030000 4.650100 0.030000 6.782010 0.030000 7.253088 0.150000 1.003966 0.030000 1.214276 0.030000 5.399202 0.030000 5.409512 0.030000 4.895548 0.030000 5.083736 0.030000 2.471009 0.030000 2.423567 0.030000 3.838476 0.030000 3.629985 0.030000
3.144085 0.030000 2.953764 0.030000 6.080140 0.030000 5.888464 0.030000 4.355318 0.030000 4.591254 0.030000 6.777754 0.030000 6.919415 0.030000 0.971460 0.030000 1.204621 0.030000 5.373360 0.030000 5.356295 0.030000 4.875073 0.030000 5.116278 0.030000 2.414585 0.030000 2.470949 0.030000 3.816843 0.030000 3.643573 0.030000
3.203550 0.030000 2.954636 0.030000 6.073061 0.030000 5.915191 0.030000 4.268388 0.030000 4.598876 0.030000 6.726766 0.030000 6.934377 0.030000 0.959022 0.030000 1.185310 0.030000 5.330457 0.030000 5.370252 0.030000 4.827025 0.030000 5.051141 0.030000 3.166547 0.150000 2.514741 0.030000 3.913981 0.030000 3.658648 0.030000
3.229017 0.030000 2.936154 0.030000 6.427759 0.150000 6.028406 0.030000 4.370509 0.030000 4.538538 0.030000 6.711194 0.030000 7.097917 0.150000 0.918263 0.030000 1.049705 0.030000 5.345091 0.030000 5.394238 0.030000 4.810258 0.030000 5.054979 0.030000 2.458678 0.030000 2.422874 0.030000 3.899527 0.030000 3.716870 0.030000
3.243193 0.030000 3.028807 0.030000 6.152903 0.030000 5.993016 0.030000 4.205112 0.030000 4.489901 0.030000 6.678177 0.150000 6.866941 0.030000 0.864578 0.030000 1.096094 0.030000 5.343929 0.030000 5.335854 0.030000 4.837720 0.030000 5.081329 0.030000 2.410896 0.030000 2.471068 0.030000 3.877714 0.030000 3.705374 0.030000
3.260600 0.030000 3.089853 0.030000 6.180101 0.030000 6.000315 0.030000 4.236319 0.030000 4.459490 0.030000 6.722331 0.030000 6.817538 0.030000 0.822022 0.030000 1.083524 0.030000 5.338864 0.030000 5.429824 0.030000 4.769114 0.030000 4.978372 0.030000 2.673026 0.150000 2.483902 0.030000 3.991485 0.030000 3.767537 0.030000
3.292460 0.030000 3.106071 0.030000 6.145740 0.030000 6.058979 0.030000 4.177345 0.030000 4.471319 0.030000 6.675423 0.030000 6.837627 0.030000 0.806125 0.030000 1.002862 0.030000 5.328580 0.030000 5.364718 0.030000 4.778955 0.030000 4.996964 0.030000 2.556535 0.150000 2.474661 0.030000 4.265672 0.150000 3.679817 0.030000
3.349932 0.030000 3.098798 0.030000 6.148270 0.030000 6.027447 0.030000 4.012429 0.150000 4.414420 0.030000 6.667759 0.030000 6.827082 0.030000 0.839400 0.030000 1.005695 0.030000 5.364680 0.030000 5.337586 0.030000 4.749293 0.030000 4.962430 0.030000 2.468140 0.030000 2.435441 0.030000 4.016562 0.030000 3.762108 0.030000
3.385912 0.030000 3.121073 0.030000 6.183738 0.030000 5.992409 0.030000 4.148766 0.030000 4.413718 0.030000 6.638014 0.030000 6.760829 0.030000 0.843741 0.030000 1.008935 0.030000 5.337186 0.030000 5.308746 0.030000 4.710626 0.030000 4.892935 0.030000 3.421634 0.150000 2.366460 0.030000 3.993808 0.030000 3.767186 0.150000
3.361741 0.030000 3.105789 0.030000 6.203994 0.030000 6.038833 0.030000 4.083462 0.030000 4.338682 0.030000 6.604408 0.030000 6.801679 0.030000 0.788383 0.030000 1.006866 0.030000 5.375579 0.030000 5.426807 0.150000 4.682175 0.030000 5.626060 0.150000 2.328513 0.030000 2.388885 0.030000 4.055422 0.030000 3.883279 0.030000
3.417552 0.030000 3.429217 0.150000 6.223957 0.030000 6.167161 0.150000 4.338994 0.150000 4.333070 0.030000 6.611835 0.030000 6.730442 0.030000 0.828500 0.030000 0.957625 0.030000 5.361336 0.030000 5.423826 0.030000 4.671306 0.030000 4.820690 0.030000 2.410403 0.030000 2.437456 0.030000 4.101617 0.030000 3.812743 0.030000
3.410385 0.030000 3.210230 0.030000 6.237294 0.030000 6.118033 0.030000 4.007966 0.030000 4.247368 0.030000 6.543648 0.030000 6.769964 0.030000 0.760609 0.030000 0.918534 0.030000 5.320012 0.030000 5.401346 0.030000 4.538225 0.030000 4.834506 0.030000 2.407734 0.030000 2.410694 0.030000 4.118079 0.030000 3.831247 0.030000
3.478399 0.030000 3.239635 0.030000 6.225011 0.030000 6.081215 0.030000 4.215964 0.150000 4.231756 0.030000 6.577920 0.030000 6.884282 0.150000 0.802194 0.030000 0.893554 0.030000 5.347949 0.030000 5.372366 0.030000 4.607228 0.030000 4.801712 0.030000 2.371323 0.030000 2.457765 0.030000 4.099278 0.030000 3.902628 0.030000
3.542219 0.030000 3.286043 0.030000 6.250700 0.030000 6.124947 0.030000 3.969739 0.030000 4.238884 0.030000 6.607718 0.030000 6.997607 0.150000 0.805491 0.030000 0.878617 0.030000 5.332278 0.030000 5.378565 0.030000 5.106736 0.150000 4.799886 0.030000 2.386190 0.030000 2.448238 0.030000 4.168170 0.030000 3.929988 0.030000
3.506679 0.030000 3.283617 0.030000 6.267871 0.030000 6.178790 0.030000 3.974535 0.030000 4.139080 0.030000 6.532050 0.030000 6.690290 0.030000 0.770618 0.030000 0.854645 0.030000 5.325616 0.030000 5.377513 0.150000 5.165477 0.150000 4.985939 0.150000 2.330574 0.030000 2.452470 0.030000 4.149747 0.030000 3.935209 0.030000
3.519581 0.030000 3.370212 0.030000 6.301509 0.030000 7.913937 0.150000 3.922808 0.030000 4.173737 0.030000 7.833565 0.150000 6.677863 0.030000 0.762260 0.030000 0.969777 0.150000 5.368074 0.030000 5.366858 0.030000 4.496318 0.030000 4.731422 0.030000 2.366735 0.030000 2.405608 0.030000 4.212332 0.030000 4.008344 0.030000
3.588376 0.030000 3.338714 0.030000 6.324801 0.030000 6.446754 0.150000 3.937081 0.030000 4.113951 0.030000 6.450428 0.030000 6.669078 0.030000 0.707225 0.030000 0.840218 0.030000 5.374375 0.030000 5.419709 0.030000 4.438874 0.030000 4.665999 0.030000 2.327729 0.030000 2.425887 0.030000 4.215513 0.030000 4.016738 0.030000
3.638334 0.030000 3.572603 0.150000 6.306120 0.030000 6.219603 0.030000 3.838909 0.030000 4.139520 0.030000 6.447446 0.030000 6.620375 0.030000 0.762292 0.030000 0.782825 0.030000 5.343332 0.030000 5.396839 0.030000 4.478059 0.030000 4.631791 0.030000 2.331849 0.030000 2.343508 0.030000 4.235063 0.030000 4.348483 0.150000
3.719525 0.030000 3.365782 0.030000 6.351608 0.030000 6.230976 0.030000 4.358609 0.150000 4.083712 0.030000 6.490377 0.030000 6.616400 0.030000 0.652929 0.030000 0.734479 0.030000 5.316456 0.030000 5.308795 0.030000 4.470725 0.030000 4.690670 0.030000 2.374670 0.030000 2.392324 0.030000 4.280201 0.030000 4.057847 0.030000
4.178794 0.150000 3.459752 0.030000 6.367200 0.030000 6.277577 0.030000 4.093503 0.150000 4.061687 0.030000 6.452449 0.030000 6.593529 0.030000 0.694862 0.030000 1.248844 0.150000 5.300441 0.030000 5.355058 0.030000 4.408579 0.030000 4.605032 0.030000 2.341284 0.030000 2.384250 0.030000 4.307868 0.030000 4.046718 0.030000
3.683812 0.030000 3.493860 0.030000 6.369734 0.030000 6.215199 0.030000 3.792127 0.030000 3.996413 0.030000 6.432727 0.030000 6.592694 0.030000 0.714126 0.030000 0.616666 0.150000 5.356707 0.030000 5.367939 0.030000 4.803987 0.150000 4.630392 0.030000 2.340903 0.030000 2.362394 0.030000 4.328217 0.030000 4.126122 0.030000
3.715905 0.030000 3.484847 0.030000 6.404566 0.030000 6.218612 0.030000 3.807395 0.030000 4.027396 0.030000 6.456097 0.030000 6.577242 0.030000 0.649212 0.030000 0.774932 0.030000 5.306545 0.030000 5.326693 0.030000 4.326892 0.030000 4.585853 0.030000 2.344467 0.030000 2.361664 0.030000 4.316196 0.030000 4.044042 0.030000
3.807661 0.030000 3.493081 0.030000 6.393233 0.030000 5.946944 0.150000 4.282998 0.150000 3.998269 0.030000 6.437616 0.030000 6.546263 0.030000 0.632034 0.030000 0.710015 0.030000 5.351230 0.030000 5.401654 0.030000 4.319803 0.030000 4.561648 0.030000 2.328797 0.030000 2.397706 0.030000 4.342231 0.030000 4.162724 0.030000
3.820731 0.030000 3.576974 0.030000 6.842982 0.150000 6.255249 0.030000 3.704767 0.030000 3.933063 0.030000 6.383546 0.030000 6.955878 0.150000 0.709418 0.030000 0.765666 0.030000 5.312833 0.030000 5.283279 0.030000 4.258759 0.030000 4.534150 0.030000 2.368111 0.030000 2.395741 0.150000 4.505108 0.150000 4.129162 0.030000
3.852289 0.030000 3.547285 0.030000 6.441446 0.030000 6.365035 0.030000 3.667703 0.030000 3.906442 0.030000 6.345018 0.030000 6.523427 0.030000 1.132027 0.150000 0.685859 0.030000 6.541378 0.150000 5.326048 0.030000 4.305291 0.030000 4.515238 0.030000 2.290477 0.030000 2.375042 0.030000 4.399612 0.030000 4.625052 0.150000
3.871795 0.030000 3.587648 0.030000 6.476985 0.030000 6.327403 0.030000 3.604623 0.030000 3.932491 0.030000 6.375755 0.030000 6.516690 0.030000 0.645868 0.030000 0.699995 0.030000 5.319151 0.030000 5.329924 0.030000 4.240729 0.030000 4.833143 0.150000 2.351874 0.030000 2.331328 0.030000 4.418534 0.030000 4.456278 0.150000
3.859687 0.030000 3.659501 0.030000 6.465875 0.030000 6.298944 0.030000 3.638533 0.030000 3.856922 0.030000 6.347370 0.030000 6.467639 0.030000 0.870624 0.150000 0.723807 0.030000 5.381899 0.030000 5.364764 0.030000 5.664699 0.150000 4.459502 0.030000 2.312580 0.030000 2.376454 0.030000 4.497811 0.030000 4.241728 0.030000
3.922086 0.030000 3.645416 0.030000 6.424043 0.030000 6.572252 0.150000 3.581408 0.030000 3.820710 0.030000 6.356903 0.030000 6.512779 0.030000 0.637071 0.030000 0.670542 0.030000 5.284610 0.030000 5.340922 0.030000 4.255704 0.030000 4.468705 0.030000 2.369649 0.030000 2.384361 0.030000 4.465896 0.030000 4.263592 0.030000
3.879001 0.030000 3.642404 0.030000 6.510501 0.030000 6.319886 0.030000 3.611445 0.030000 4.496747 0.150000 6.363573 0.030000 6.418333 0.030000 1.226765 0.150000 0.706851 0.030000 5.311603 0.030000 5.366827 0.030000 4.200982 0.030000 4.463847 0.030000 2.373169 0.030000 2.338953 0.030000 4.482681 0.030000 4.279216 0.030000
3.921965 0.030000 3.694789 0.030000 6.505467 0.030000 6.373973 0.030000 3.563804 0.030000 4.137883 0.150000 6.329506 0.030000 6.536481 0.030000 0.566719 0.150000 0.680730 0.030000 5.372306 0.030000 5.347663 0.030000 4.174154 0.030000 4.386512 0.030000 2.364686 0.030000 2.392136 0.030000 4.535628 0.030000 4.294894 0.030000
3.941671 0.030000 3.689705 0.030000 6.489184 0.030000 6.380913 0.030000 3.560090 0.030000 3.778708 0.030000 6.294409 0.030000 6.466789 0.030000 0.694200 0.030000 0.650165 0.030000 5.356709 0.030000 5.365995 0.030000 4.184971 0.030000 4.419432 0.030000 2.359192 0.030000 2.308543 0.030000 4.569119 0.030000 4.292542 0.030000
4.022099 0.030000 3.746841 0.030000 6.516609 0.030000 6.434372 0.030000 3.466380 0.030000 3.760111 0.030000 6.303068 0.030000 6.457026 0.030000 0.666469 0.030000 0.645612 0.030000 5.381326 0.030000 5.325715 0.030000 4.181697 0.030000 4.326212 0.030000 2.383307 0.030000 2.343425 0.030000 4.571564 0.030000 4.342466 0.030000
4.038006 0.030000 3.695803 0.030000 6.579934 0.030000 6.804428 0.150000 3.509883 0.030000 3.731579 0.030000 6.296123 0.030000 6.359904 0.030000 0.645501 0.030000 0.674991 0.030000 5.401749 0.030000 5.348460 0.030000 4.171649 0.030000 4.318206 0.030000 2.488168 0.150000 2.312025 0.030000 4.616028 0.030000 4.324085 0.030000
4.044033 0.030000 3.781904 0.030000 6.551681 0.030000 6.400239 0.030000 3.710106 0.150000 3.728234 0.030000 6.235916 0.030000 6.378895 0.030000 1.410536 0.150000 0.620830 0.030000 5.378819 0.030000 5.331283 0.030000 4.165597 0.030000 4.356262 0.030000 2.350677 0.030000 2.346389 0.030000 4.653817 0.030000 4.369436 0.030000
4.009925 0.030000 3.777928 0.030000 6.623962 0.030000 6.405018 0.030000 3.486381 0.030000 3.684403 0.030000 6.212843 0.030000 6.379036 0.030000 0.670489 0.030000 0.667883 0.030000 5.310085 0.030000 5.393620 0.030000 4.364822 0.150000 4.344984 0.030000 2.345257 0.030000 2.295381 0.030000 4.608756 0.030000 4.410595 0.030000
4.087533 0.030000 3.827611 0.030000 6.645418 0.030000 6.436672 0.030000 3.456765 0.150000 3.666890 0.030000 6.196287 0.150000 6.417025 0.030000 0.714033 0.030000 0.733584 0.150000 5.336822 0.030000 5.350384 0.030000 4.103938 0.030000 4.325909 0.030000 2.363323 0.030000 2.333575 0.030000 4.885317 0.150000 4.382913 0.030000
4.156743 0.030000 3.827494 0.030000 6.593775 0.030000 6.509808 0.030000 3.428364 0.030000 3.697368 0.030000 6.258649 0.030000 6.407746 0.030000 0.699145 0.030000 0.647535 0.030000 5.353424 0.030000 5.303824 0.030000 4.059670 0.030000 4.291058 0.030000 2.390570 0.030000 2.370931 0.030000 4.652175 0.030000 4.655895 0.150000
4.765741 0.150000 3.819951 0.030000 6.650357 0.030000 6.454866 0.030000 3.401394 0.030000 3.658195 0.030000 6.230401 0.030000 6.387761 0.030000 0.693285 0.030000 0.638675 0.030000 5.380407 0.030000 5.353290 0.030000 4.071205 0.030000 4.281533 0.030000 2.341892 0.030000 2.314689 0.030000 4.616176 0.030000 4.382868 0.030000
4.105520 0.030000 3.859591 0.030000 6.634824 0.030000 6.500034 0.030000 3.424896 0.030000 3.656048 0.030000 6.220895 0.030000 6.358394 0.030000 0.697943 0.030000 0.658283 0.030000 5.405765 0.030000 5.405278 0.150000 4.084341 0.030000 4.272073 0.030000 2.350566 0.030000 2.366455 0.030000 4.653074 0.030000 4.482134 0.030000
4.147040 0.030000 3.901724 0.030000 6.551740 0.030000 6.509708 0.030000 3.203236 0.150000 3.606856 0.030000 6.230128 0.030000 6.382129 0.030000 0.709715 0.030000 0.663661 0.030000 5.336177 0.030000 5.404310 0.030000 4.032865 0.030000 4.526931 0.150000 2.388433 0.030000 2.367404 0.030000 4.737306 0.030000 4.423081 0.030000
4.143005 0.030000 3.905454 0.030000 6.648089 0.030000 6.450662 0.030000 3.346354 0.030000 3.604508 0.030000 6.146451 0.030000 6.293554 0.030000 0.700884 0.030000 0.656709 0.030000 5.365889 0.030000 5.384432 0.030000 4.008408 0.030000 4.217482 0.030000 2.886420 0.150000 2.370677 0.030000 4.766911 0.030000 4.441980 0.030000
4.135359 0.030000 3.944699 0.030000 6.666405 0.030000 6.503779 0.030000 3.333713 0.030000 3.573451 0.030000 6.249099 0.030000 6.360267 0.030000 0.760201 0.030000 0.667883 0.030000 6.401567 0.150000 5.315861 0.030000 4.015514 0.030000 4.243101 0.030000 2.361258 0.030000 2.341842 0.030000 4.728938 0.030000 4.494597 0.030000
4.154111 0.030000 3.924498 0.030000 6.686591 0.030000 6.510270 0.030000 3.298542 0.030000 3.591656 0.030000 6.182302 0.030000 6.277017 0.030000 1.047010 0.150000 0.624765 0.030000 5.426847 0.030000 5.337959 0.030000 4.042612 0.030000 4.163191 0.030000 2.408312 0.030000 2.307202 0.030000 4.708278 0.030000 4.537772 0.030000
4.167412 0.030000 3.969837 0.030000 6.700878 0.030000 6.556072 0.030000 3.348808 0.030000 3.580603 0.030000 6.191653 0.030000 6.262884 0.030000 0.732511 0.030000 0.702128 0.030000 5.330400 0.030000 5.331317 0.030000 3.982614 0.030000 4.255473 0.030000 2.362848 0.030000 2.356546 0.030000 4.726464 0.030000 4.511790 0.030000
4.194095 0.030000 3.896139 0.030000 6.597278 0.030000 6.563822 0.030000 3.311392 0.030000 3.502069 0.030000 6.187103 0.030000 6.291822 0.030000 0.753607 0.030000 0.659788 0.150000 5.340977 0.030000 5.351328 0.030000 3.966746 0.030000 4.163088 0.030000 2.346412 0.030000 2.391276 0.030000 4.728773 0.030000 4.532037 0.030000
4.211165 0.030000 3.955632 0.030000 6.725435 0.030000 6.565096 0.030000 3.286742 0.030000 3.509885 0.030000 6.108564 0.030000 6.278468 0.030000 0.749193 0.030000 0.914575 0.150000 5.329936 0.030000 5.361330 0.030000 4.022188 0.030000 4.155392 0.030000 2.333529 0.030000 2.365441 0.030000 4.764054 0.030000 4.547382 0.030000
4.245627 0.030000 3.926073 0.030000 6.665231 0.030000 6.573805 0.030000 3.312015 0.030000 3.531652 0.030000 6.133990 0.030000 6.309722 0.030000 0.725389 0.030000 0.658548 0.030000 5.361038 0.030000 5.307295 0.030000 3.931800 0.030000 4.165359 0.030000 2.621609 0.150000 2.374220 0.030000 4.843128 0.030000 4.499811 0.030000
4.215958 0.030000 3.996583 0.030000 6.722842 0.030000 6.585730 0.030000 3.253085 0.030000 3.492699 0.030000 6.147277 0.030000 6.269773 0.030000 0.803511 0.030000 0.701935 0.030000 5.401596 0.030000 5.358805 0.030000 3.922521 0.030000 4.150089 0.030000 2.374910 0.030000 2.313349 0.030000 4.807882 0.030000 4.529055 0.030000
4.271263 0.030000 4.014382 0.030000 6.680172 0.030000 6.535896 0.030000 3.259842 0.030000 3.469486 0.030000 6.164801 0.030000 6.243876 0.030000 0.817367 0.030000 0.803322 0.150000 5.367254 0.030000 5.314133 0.030000 3.881815 0.030000 4.104061 0.030000 2.388167 0.030000 2.376031 0.030000 4.834404 0.030000 4.542896 0.030000
4.337050 0.030000 4.012354 0.030000 6.750523 0.030000 6.568817 0.030000 3.216809 0.030000 3.521886 0.030000 6.306909 0.150000 6.263799 0.030000 0.756865 0.030000 0.648320 0.030000 5.361122 0.030000 5.358507 0.030000 3.917596 0.030000 4.140511 0.030000 2.373229 0.030000 2.371983 0.030000 4.871902 0.030000 4.631776 0.030000
4.274163 0.030000 4.045163 0.030000 6.669810 0.030000 6.590945 0.030000 3.229429 0.030000 3.437831 0.150000 6.127899 0.030000 6.236228 0.030000 0.823402 0.030000 0.688258 0.030000 5.386591 0.030000 5.337531 0.030000 4.236874 0.150000 4.065505 0.030000 2.379279 0.030000 2.359147 0.030000 4.821240 0.030000 4.695538 0.030000
4.274742 0.030000 4.002264 0.030000 6.739401 0.030000 6.583741 0.030000 3.196752 0.030000 3.455593 0.030000 6.115728 0.030000 6.326822 0.030000 1.203025 0.150000 0.702132 0.030000 5.370083 0.030000 5.339821 0.030000 3.933867 0.030000 4.111107 0.030000 2.381732 0.150000 2.363681 0.030000 4.811466 0.030000 4.604483 0.030000
4.319187 0.030000 4.078291 0.030000 6.729793 0.030000 6.629412 0.030000 3.183378 0.030000 3.453993 0.030000 6.120175 0.030000 6.257098 0.030000 1.987605 0.150000 0.692377 0.030000 5.440489 0.030000 5.374167 0.030000 3.859124 0.030000 4.109009 0.030000 2.490426 0.150000 2.312252 0.030000 4.833189 0.030000 4.852807 0.150000
4.343693 0.030000 4.094019 0.030000 6.766051 0.030000 6.620881 0.030000 3.025389 0.150000 3.366858 0.030000 6.160994 0.030000 6.236095 0.030000 0.777450 0.030000 0.711875 0.030000 5.381425 0.030000 5.370192 0.030000 3.904025 0.030000 4.104751 0.030000 2.533811 0.150000 2.361821 0.030000 4.824956 0.030000 4.640001 0.030000
4.307810 0.030000 4.083179 0.030000 6.750816 0.030000 7.311306 0.150000 3.179019 0.030000 3.437118 0.030000 6.087353 0.030000 6.288663 0.030000 0.803911 0.030000 0.688460 0.030000 5.381020 0.030000 5.378621 0.030000 3.906308 0.030000 4.154222 0.030000 2.390331 0.030000 2.340521 0.030000 4.883839 0.030000 4.659610 0.030000
4.345758 0.030000 4.057801 0.030000 6.766493 0.030000 6.617352 0.030000 3.141646 0.030000 3.424051 0.030000 6.091399 0.030000 6.256782 0.030000 0.870320 0.030000 0.704410 0.030000 5.320600 0.030000 6.494173 0.150000 3.859590 0.030000 4.113521 0.030000 2.402937 0.030000 2.311630 0.030000 4.870848 0.030000 4.655095 0.030000
4.277671 0.030000 4.049101 0.030000 6.763764 0.030000 6.661651 0.030000 3.166244 0.030000 3.378824 0.030000 6.063211 0.030000 6.257561 0.030000 0.805287 0.030000 0.707769 0.030000 5.368352 0.030000 5.330605 0.030000 3.853509 0.030000 4.075406 0.030000 2.392733 0.030000 2.378750 0.030000 4.888214 0.030000 4.655784 0.030000
4.358179 0.030000 4.084110 0.030000 6.782654 0.030000 6.631176 0.030000 3.158749 0.030000 3.334563 0.030000 6.066571 0.030000 6.479659 0.150000 0.864199 0.030000 0.683144 0.030000 5.349392 0.030000 5.303629 0.030000 3.798941 0.030000 4.069381 0.030000 2.460767 0.030000 2.394646 0.030000 4.902110 0.030000 4.647817 0.030000
4.414341 0.030000 4.167565 0.030000 6.765132 0.030000 6.645935 0.030000 3.147058 0.030000 3.352608 0.030000 6.124573 0.030000 6.204287 0.030000 0.768300 0.030000 0.677769 0.030000 5.325295 0.030000 5.627370 0.150000 3.891633 0.030000 4.105286 0.030000 2.387413 0.030000 2.361868 0.030000 4.873310 0.030000 4.632264 0.030000
4.364538 0.030000 4.124051 0.030000 6.800996 0.030000 6.592244 0.030000 3.168211 0.030000 3.407189 0.030000 6.022964 0.030000 6.211858 0.030000 0.881104 0.030000 0.746468 0.030000 5.287450 0.030000 5.626337 0.150000 3.867454 0.030000 4.053105 0.030000 2.458562 0.030000 2.351477 0.030000 4.863467 0.030000 4.692606 0.030000
4.362406 0.030000 4.122135 0.030000 6.746737 0.030000 6.607742 0.030000 3.120869 0.030000 3.233859 0.150000 6.049518 0.030000 6.208151 0.030000 0.822865 0.030000 0.721920 0.030000 5.342056 0.030000 5.305531 0.030000 3.848506 0.030000 4.064729 0.030000 2.325226 0.150000 2.476161 0.150000 4.891702 0.030000 4.652179 0.030000
4.343534 0.030000 4.066852 0.030000 6.760045 0.030000 6.632962 0.030000 3.166678 0.030000 3.384003 0.030000 6.117449 0.030000 6.166196 0.030000 0.843769 0.030000 0.795390 0.030000 5.402270 0.030000 5.335528 0.030000 3.789073 0.030000 4.106199 0.030000 2.452279 0.030000 2.352610 0.150000 4.903980 0.030000 4.666946 0.030000
4.414844 0.030000 4.129319 0.030000 6.850320 0.030000 6.671468 0.030000 3.167057 0.030000 3.346772 0.030000 6.043753 0.030000 6.180192 0.030000 0.907722 0.030000 0.729053 0.030000 5.872639 0.150000 5.318455 0.030000 3.798407 0.030000 4.040833 0.030000 2.350763 0.030000 2.415538 0.030000 4.868918 0.030000 4.693247 0.030000
4.409104 0.030000 4.129181 0.030000 6.788794 0.030000 6.688623 0.030000 3.086818 0.030000 3.341360 0.030000 6.064949 0.030000 6.195383 0.030000 0.861088 0.030000 0.679434 0.030000 5.308441 0.030000 5.357102 0.030000 3.780978 0.030000 4.058989 0.030000 2.426277 0.030000 2.431542 0.030000 5.387254 0.150000 4.706369 0.030000
4.424311 0.030000 4.184808 0.030000 6.763465 0.030000 6.640074 0.030000 3.125110 0.030000 3.288334 0.030000 6.034226 0.030000 6.200901 0.030000 0.927475 0.030000 0.690241 0.030000 5.382986 0.030000 5.381037 0.030000 3.786412 0.030000 3.987890 0.030000 2.384285 0.030000 2.414037 0.030000 4.922874 0.030000 4.702042 0.030000
4.376264 0.030000 4.220424 0.150000 6.780971 0.030000 6.694321 0.030000 3.139465 0.030000 3.354172 0.030000 6.057546 0.030000 6.244798 0.030000 0.902523 0.030000 0.711286 0.030000 5.344699 0.030000 5.472185 0.150000 3.839905 0.030000 4.072914 0.030000 2.366394 0.030000 2.403821 0.030000 4.881090 0.030000 4.682566 0.030000
4.425586 0.030000 4.176384 0.030000 6.773426 0.030000 6.743681 0.030000 3.230380 0.150000 3.308051 0.030000 6.034362 0.030000 6.250024 0.030000 0.917388 0.030000 0.703813 0.030000 5.335956 0.030000 5.390994 0.150000 3.768219 0.030000 4.090862 0.030000 2.392510 0.030000 2.408684 0.030000 4.891826 0.030000 4.752240 0.030000
4.410237 0.030000 4.146091 0.030000 6.770846 0.030000 6.714093 0.030000 3.095346 0.030000 3.318952 0.030000 6.001455 0.030000 6.185950 0.030000 0.948610 0.030000 0.680242 0.030000 5.290786 0.030000 5.427757 0.030000 3.543082 0.150000 4.016911 0.030000 2.355354 0.030000 2.386818 0.030000 4.930006 0.030000 4.715718 0.030000
4.467535 0.030000 4.165220 0.030000 6.663485 0.030000 7.016141 0.150000 3.103944 0.030000 3.269188 0.030000 5.962284 0.030000 6.209642 0.030000 0.924189 0.030000 0.764163 0.030000 5.315603 0.030000 5.405623 0.030000 3.721711 0.030000 4.083849 0.150000 2.446920 0.030000 2.397043 0.030000 4.896274 0.030000 4.775215 0.030000
4.454071 0.030000 4.227213 0.030000 6.737228 0.030000 6.730320 0.030000 3.814100 0.150000 3.240079 0.030000 6.000049 0.150000 6.186329 0.030000 0.929547 0.030000 0.751793 0.030000 5.279487 0.030000 5.391423 0.030000 3.864920 0.150000 3.955549 0.030000 2.373092 0.030000 2.485875 0.030000 4.881207 0.030000 4.945623 0.150000
4.498320 0.030000 4.200907 0.030000 6.753243 0.030000 6.779830 0.030000 3.111579 0.030000 3.286164 0.030000 5.941892 0.030000 6.170518 0.030000 0.986158 0.030000 0.750467 0.030000 5.317846 0.030000 5.372520 0.030000 3.761926 0.030000 3.992453 0.030000 2.285687 0.030000 2.511620 0.150000 4.888529 0.030000 4.793603 0.030000
4.845032 0.150000 4.242818 0.030000 6.748951 0.030000 6.745212 0.030000 3.062501 0.030000 3.044245 0.150000 5.927015 0.030000 6.132280 0.030000 1.003240 0.030000 0.787932 0.030000 5.249538 0.030000 5.422509 0.030000 3.685382 0.030000 3.966740 0.030000 2.302996 0.030000 2.418251 0.030000 4.930908 0.030000 4.891009 0.030000
4.492483 0.030000 4.297507 0.030000 6.717824 0.030000 6.732600 0.030000 3.070872 0.030000 3.117160 0.030000 5.915250 0.030000 6.175654 0.030000 1.037813 0.030000 0.767750 0.030000 5.243335 0.030000 5.411704 0.030000 3.647780 0.030000 3.936662 0.030000 2.340223 0.030000 2.416294 0.030000 4.928362 0.030000 4.818324 0.030000
4.623413 0.150000 4.305983 0.030000 6.687733 0.030000 6.799897 0.030000 3.047134 0.030000 3.208967 0.030000 5.877353 0.030000 6.175712 0.030000 1.025087 0.030000 0.808852 0.030000 5.195666 0.030000 5.468973 0.030000 3.692926 0.030000 4.059934 0.150000 2.290142 0.030000 2.485829 0.150000 4.909233 0.030000 5.353359 0.150000
4.511218 0.030000 4.369986 0.030000 7.305615 0.150000 6.808243 0.030000 3.099972 0.030000 3.144008 0.030000 5.857498 0.030000 6.129492 0.030000 1.019665 0.030000 0.782271 0.030000 5.235738 0.030000 5.410248 0.030000 3.610803 0.030000 4.876696 0.150000 2.240991 0.030000 2.399907 0.030000 4.909615 0.030000 4.881598 0.030000
4.469109 0.030000 4.324956 0.030000 6.711814 0.030000 6.579790 0.150000 3.127117 0.030000 3.387812 0.150000 5.866817 0.030000 6.100303 0.030000 1.384408 0.150000 0.875288 0.030000 5.206063 0.030000 5.362422 0.030000 3.963672 0.150000 3.785883 0.030000 2.268620 0.030000 2.615388 0.150000 4.862613 0.030000 4.957001 0.150000
4.549388 0.030000 4.368820 0.030000 6.665482 0.030000 6.795055 0.030000 3.095612 0.030000 3.614331 0.150000 5.787599 0.030000 6.048894 0.030000 1.170318 0.030000 0.850300 0.030000 5.164509 0.030000 5.340537 0.030000 3.605989 0.030000 3.866755 0.030000 2.157404 0.030000 2.390122 0.030000 4.902016 0.030000 4.889803 0.030000
4.525128 0.030000 4.428049 0.030000 6.644167 0.030000 6.832798 0.030000 3.101001 0.030000 3.142295 0.030000 5.750501 0.030000 6.087711 0.030000 1.126665 0.030000 0.942316 0.030000 5.105081 0.030000 5.333728 0.030000 3.622956 0.030000 3.805422 0.030000 2.189708 0.030000 2.396246 0.030000 4.832381 0.030000 4.891659 0.030000
4.525866 0.030000 4.425166 0.030000 6.685135 0.030000 6.785195 0.030000 3.095743 0.030000 3.076295 0.030000 5.753189 0.030000 6.130208 0.150000 1.166718 0.030000 0.952609 0.030000 5.113281 0.030000 5.978873 0.150000 3.572787 0.030000 3.744755 0.030000 2.157351 0.030000 2.384116 0.030000 4.853425 0.030000 4.849858 0.030000
4.584371 0.030000 4.656843 0.150000 6.664818 0.030000 6.757058 0.030000 3.086890 0.030000 3.137980 0.030000 5.744429 0.030000 5.987018 0.030000 1.471822 0.150000 0.945783 0.030000 5.035996 0.030000 5.561028 0.150000 3.531178 0.030000 3.721368 0.030000 2.147940 0.030000 2.645582 0.150000 4.846439 0.030000 4.900814 0.030000
4.549342 0.030000 4.443970 0.030000 6.550803 0.030000 6.762419 0.030000 3.165564 0.030000 3.104844 0.030000 5.693758 0.030000 5.944633 0.030000 1.204658 0.030000 1.051490 0.150000 5.054570 0.030000 5.216794 0.030000 3.558630 0.030000 3.668882 0.030000 2.640616 0.150000 2.353619 0.030000 4.844504 0.030000 4.905869 0.030000
4.573772 0.030000 4.459558 0.030000 6.589586 0.030000 6.708906 0.030000 3.127549 0.030000 3.073441 0.030000 5.687345 0.030000 5.821462 0.030000 1.237708 0.030000 1.008021 0.030000 5.047010 0.030000 5.259152 0.030000 3.525568 0.030000 3.729965 0.030000 2.067717 0.030000 2.294602 0.030000 4.859528 0.030000 5.590515 0.150000
4.559198 0.030000 4.458514 0.030000 6.621217 0.150000 6.723450 0.030000 3.132053 0.030000 3.053136 0.030000 5.658640 0.030000 5.910482 0.030000 1.230109 0.030000 1.048746 0.030000 5.003392 0.030000 5.205426 0.030000 3.482790 0.030000 3.699113 0.030000 2.077698 0.030000 2.253511 0.030000 4.835502 0.030000 4.906588 0.030000
4.630405 0.030000 4.515089 0.030000 6.515224 0.030000 6.742226 0.030000 3.245584 0.030000 3.059677 0.030000 5.634025 0.030000 5.889202 0.030000 1.283559 0.030000 1.022219 0.030000 4.942389 0.030000 5.168602 0.030000 3.525440 0.030000 3.649388 0.030000 1.954192 0.030000 2.290255 0.030000 4.802588 0.030000 4.939126 0.030000
4.584690 0.030000 4.507913 0.030000 6.520172 0.030000 6.678960 0.030000 3.217400 0.030000 3.085918 0.030000 5.664499 0.030000 6.123709 0.150000 1.323685 0.030000 1.084303 0.030000 4.905754 0.030000 5.170629 0.030000 3.477487 0.030000 3.645184 0.030000 1.925227 0.030000 2.227698 0.030000 4.792461 0.030000 4.884328 0.030000
4.576070 0.030000 4.563264 0.030000 6.514107 0.030000 6.670583 0.030000 3.148325 0.030000 3.074969 0.030000 5.579116 0.030000 5.823666 0.030000 1.296266 0.030000 1.042503 0.030000 5.033226 0.150000 5.166385 0.030000 3.510231 0.030000 3.694414 0.030000 1.970237 0.030000 2.188789 0.030000 4.842055 0.030000 4.932766 0.030000
4.586437 0.030000 4.485218 0.030000 6.541203 0.030000 6.685657 0.030000 3.207664 0.030000 3.137154 0.030000 5.568630 0.030000 5.777032 0.030000 1.430034 0.030000 1.281162 0.150000 4.875967 0.030000 5.144194 0.030000 3.450230 0.030000 3.516291 0.030000 1.915077 0.030000 2.178921 0.030000 4.783090 0.030000 4.840411 0.030000
4.609834 0.030000 4.543988 0.030000 6.460800 0.030000 6.630719 0.030000 3.192214 0.030000 3.100447 0.030000 5.546655 0.030000 5.857510 0.150000 1.398555 0.030000 1.212862 0.030000 4.829631 0.030000 5.052355 0.030000 3.445512 0.030000 3.604646 0.030000 1.839199 0.030000 2.114653 0.030000 4.827115 0.030000 4.796766 0.030000
4.694833 0.030000 4.533942 0.030000 6.380959 0.030000 6.606925 0.030000 3.222734 0.030000 3.094684 0.030000 5.495978 0.030000 5.728359 0.030000 1.442944 0.030000 1.155630 0.030000 5.272498 0.150000 5.012120 0.030000 3.832861 0.150000 3.540106 0.030000 1.862552 0.030000 2.122035 0.030000 4.753878 0.030000 4.855615 0.030000
4.626459 0.030000 5.646806 0.150000 6.414288 0.030000 6.605518 0.030000 3.271313 0.030000 3.158627 0.030000 5.491791 0.030000 5.709573 0.030000 1.463850 0.030000 1.241063 0.030000 5.572192 0.150000 5.035347 0.030000 3.390359 0.030000 3.506832 0.030000 1.820669 0.030000 2.061809 0.030000 4.749263 0.030000 5.316340 0.150000
5.352827 0.150000 4.560888 0.030000 6.313697 0.030000 6.565607 0.030000 3.846908 0.150000 3.677452 0.150000 5.472420 0.030000 5.646276 0.030000 1.450846 0.030000 1.274179 0.030000 4.737489 0.030000 5.002062 0.030000 3.376875 0.030000 3.504059 0.030000 1.831144 0.030000 2.108158 0.030000 4.679449 0.030000 4.856536 0.030000
4.648652 0.030000 4.579565 0.030000 6.358203 0.030000 6.496173 0.030000 3.239741 0.030000 3.170621 0.030000 5.448941 0.030000 5.852195 0.150000 1.531725 0.030000 1.296604 0.030000 4.754492 0.030000 4.855806 0.150000 3.352467 0.030000 3.464583 0.030000 1.785861 0.150000 2.023989 0.030000 4.772470 0.030000 4.831041 0.030000
4.639956 0.030000 4.638529 0.030000 6.307742 0.030000 6.498895 0.030000 3.292838 0.030000 3.123898 0.030000 5.449823 0.030000 5.642138 0.030000 1.546456 0.030000 1.275360 0.030000 4.645409 0.030000 4.934592 0.030000 3.392201 0.030000 3.475013 0.030000 1.774760 0.030000 2.122007 0.150000 4.734620 0.030000 4.840355 0.030000
4.637672 0.030000 4.610824 0.030000 6.309819 0.030000 6.475305 0.030000 3.331355 0.030000 3.190212 0.030000 5.361581 0.030000 5.617568 0.030000 1.565779 0.030000 1.341900 0.030000 4.679656 0.030000 4.925939 0.030000 3.362700 0.030000 3.449871 0.030000 1.747399 0.030000 1.882943 0.030000 4.695220 0.030000 5.594166 0.150000
5.518204 0.150000 4.617841 0.030000 6.273671 0.030000 6.481063 0.030000 3.854600 0.150000 3.205206 0.030000 5.361343 0.030000 5.610410 0.030000 1.590890 0.030000 1.301428 0.030000 4.590695 0.030000 4.888781 0.030000 3.345858 0.030000 3.451919 0.030000 1.706306 0.030000 2.704355 0.150000 4.646573 0.030000 4.718713 0.030000
4.649448 0.030000 4.632528 0.030000 6.247281 0.030000 6.444320 0.030000 3.302697 0.030000 3.189006 0.030000 5.366822 0.030000 5.539268 0.030000 1.651151 0.030000 1.356718 0.030000 4.572800 0.030000 4.774355 0.030000 3.324032 0.030000 3.448182 0.030000 1.642901 0.030000 2.123819 0.150000 4.734213 0.030000 4.843383 0.150000
4.711161 0.030000 5.134021 0.150000 6.232816 0.030000 6.397105 0.030000 3.342206 0.030000 3.233477 0.030000 5.286219 0.030000 5.496773 0.030000 1.672908 0.030000 1.426111 0.030000 4.609031 0.030000 4.776810 0.030000 3.312522 0.030000 3.433921 0.030000 1.643670 0.150000 1.872437 0.030000 4.610163 0.030000 4.737239 0.030000
4.893537 0.150000 4.578241 0.030000 6.204930 0.030000 6.571733 0.150000 3.326414 0.030000 3.183848 0.030000 5.320651 0.030000 5.504489 0.030000 1.653795 0.030000 1.429689 0.030000 4.553312 0.030000 4.724445 0.030000 3.299820 0.030000 3.374928 0.030000 1.617066 0.030000 1.821391 0.030000 4.634939 0.030000 4.764999 0.030000
4.723136 0.030000 4.681243 0.030000 6.183884 0.030000 6.384157 0.030000 3.396308 0.030000 3.191037 0.030000 5.253699 0.030000 5.473872 0.030000 1.653459 0.030000 1.460589 0.030000 4.534458 0.030000 4.738881 0.030000 3.274758 0.030000 3.427816 0.030000 1.659479 0.150000 1.930455 0.150000 4.655338 0.030000 4.740797 0.030000
4.665050 0.030000 4.602728 0.030000 6.190794 0.030000 6.417040 0.030000 3.336765 0.030000 3.246219 0.030000 5.267377 0.030000 5.428311 0.030000 1.735373 0.030000 1.475066 0.030000 4.426690 0.030000 4.674965 0.030000 3.295716 0.030000 3.361207 0.030000 1.565159 0.030000 2.744758 0.150000 4.585792 0.030000 4.710835 0.030000
4.649297 0.030000 4.660042 0.030000 6.177210 0.030000 6.312801 0.030000 3.415518 0.030000 3.292995 0.030000 5.226935 0.030000 5.401260 0.030000 1.710570 0.030000 1.515795 0.030000 4.447535 0.030000 4.674190 0.030000 3.216504 0.030000 3.328523 0.030000 1.537348 0.030000 1.803872 0.030000 4.630476 0.030000 4.741541 0.150000
4.760840 0.030000 4.675782 0.030000 6.180459 0.030000 6.277387 0.030000 4.016139 0.150000 3.314204 0.030000 5.210804 0.030000 5.389628 0.030000 1.728490 0.030000 1.578232 0.030000 4.644266 0.150000 4.611354 0.030000 3.210382 0.030000 3.393933 0.030000 1.561902 0.030000 1.743299 0.030000 4.602322 0.030000 4.968740 0.150000
4.730018 0.030000 4.686538 0.030000 6.112254 0.030000 6.314276 0.030000 3.409242 0.030000 3.291571 0.030000 5.184786 0.030000 5.437111 0.030000 1.762885 0.030000 1.596935 0.030000 4.380889 0.150000 4.597960 0.030000 3.321750 0.150000 3.365475 0.030000 1.457287 0.030000 1.762393 0.030000 4.617196 0.030000 4.693439 0.030000
5.131754 0.150000 6.435028 0.150000 6.118358 0.030000 6.208571 0.030000 3.454791 0.030000 3.340547 0.030000 5.115125 0.030000 5.318616 0.030000 1.821123 0.030000 1.591269 0.030000 4.349735 0.030000 4.618409 0.030000 3.245539 0.030000 3.337942 0.030000 1.502642 0.030000 1.652015 0.030000 4.627766 0.030000 4.661359 0.030000
4.782936 0.030000 4.666537 0.030000 6.068355 0.030000 6.252793 0.030000 3.537927 0.030000 3.293497 0.030000 5.098169 0.030000 5.321761 0.030000 1.891414 0.030000 1.626831 0.030000 4.316987 0.030000 4.765582 0.150000 3.203249 0.030000 3.304731 0.030000 1.443117 0.030000 1.599724 0.030000 4.604451 0.030000 4.677144 0.030000
4.738551 0.030000 4.681914 0.030000 6.027249 0.030000 6.207236 0.030000 3.538757 0.030000 3.560856 0.150000 5.067597 0.030000 5.306086 0.030000 1.901249 0.030000 1.638932 0.030000 4.290687 0.030000 5.358480 0.150000 3.198466 0.030000 3.339746 0.030000 1.401669 0.030000 1.619839 0.030000 4.627435 0.030000 4.633354 0.030000
4.820320 0.030000 4.714077 0.030000 6.006646 0.030000 6.178188 0.030000 3.773532 0.150000 3.373343 0.030000 5.051677 0.030000 5.282307 0.030000 1.926365 0.030000 1.669579 0.030000 4.289885 0.030000 4.511196 0.030000 3.164141 0.030000 3.242277 0.030000 1.388842 0.030000 1.608908 0.030000 4.703632 0.150000 4.625987 0.030000
4.806366 0.030000 4.742159 0.030000 6.069087 0.030000 6.169794 0.030000 3.469388 0.030000 3.427061 0.030000 5.017489 0.030000 5.256221 0.030000 1.933850 0.030000 1.666886 0.030000 4.394554 0.150000 4.644783 0.150000 3.131922 0.030000 3.263384 0.030000 1.351037 0.030000 1.542236 0.030000 4.556956 0.030000 4.644212 0.030000
4.768530 0.030000 4.777119 0.030000 6.658228 0.150000 6.157292 0.030000 3.492881 0.030000 3.374921 0.030000 5.026200 0.030000 5.245836 0.030000 1.967685 0.030000 1.743515 0.030000 4.225926 0.030000 4.396334 0.030000 3.475792 0.150000 3.228783 0.030000 1.319229 0.030000 1.567970 0.030000 4.534315 0.030000 4.602725 0.030000
4.828211 0.030000 4.779206 0.030000 5.894937 0.030000 6.128417 0.030000 3.574603 0.030000 3.423502 0.030000 4.932217 0.030000 5.163304 0.030000 2.040117 0.150000 2.159854 0.150000 4.188247 0.030000 4.449999 0.030000 3.113654 0.030000 3.278792 0.030000 1.311104 0.030000 1.488018 0.030000 4.582848 0.030000 4.611185 0.030000
4.830214 0.030000 4.715494 0.030000 5.904251 0.030000 6.150733 0.030000 3.559735 0.030000 3.495259 0.030000 4.991768 0.030000 5.166811 0.030000 2.619521 0.150000 1.780862 0.030000 4.124777 0.030000 4.374155 0.030000 3.126083 0.030000 3.268671 0.150000 1.275664 0.030000 1.433883 0.030000 4.541057 0.030000 4.562559 0.030000
4.900811 0.030000 4.729443 0.030000 5.967044 0.030000 6.089060 0.030000 3.548268 0.030000 3.458777 0.030000 4.929638 0.030000 5.120036 0.030000 1.993616 0.030000 1.810445 0.030000 4.075990 0.030000 4.312458 0.030000 3.149501 0.030000 3.280306 0.150000 1.252243 0.030000 1.506877 0.030000 4.496228 0.030000 4.591585 0.030000
4.873716 0.030000 4.726119 0.030000 5.942404 0.030000 6.063231 0.030000 3.657556 0.030000 3.461065 0.030000 4.939772 0.030000 5.115164 0.030000 2.077451 0.150000 1.890931 0.030000 4.146648 0.030000 4.331972 0.030000 3.287954 0.150000 3.238735 0.030000 1.168227 0.030000 1.431297 0.030000 4.503495 0.030000 4.618643 0.030000
4.893734 0.030000 4.776596 0.030000 5.842127 0.030000 6.109788 0.030000 4.078526 0.150000 3.451913 0.030000 4.927767 0.030000 5.037291 0.030000 2.079718 0.030000 1.823537 0.030000 4.026708 0.030000 4.353910 0.150000 3.111043 0.030000 3.224411 0.030000 1.194165 0.030000 1.474739 0.030000 4.484200 0.030000 4.570943 0.030000
4.871796 0.030000 4.784508 0.030000 5.912226 0.030000 6.009653 0.030000 3.664805 0.030000 3.526967 0.030000 4.868069 0.030000 5.279166 0.150000 2.159897 0.030000 1.901860 0.030000 4.018912 0.030000 4.254238 0.030000 3.105692 0.030000 3.185605 0.030000 1.150560 0.030000 1.364597 0.030000 4.757837 0.150000 4.524509 0.030000
4.884727 0.030000 4.817105 0.030000 5.817900 0.030000 6.008361 0.030000 3.647648 0.030000 3.567535 0.150000 4.849569 0.030000 5.020545 0.030000 2.124332 0.030000 2.510983 0.150000 4.356400 0.150000 4.252511 0.030000 3.079085 0.030000 3.178633 0.030000 1.163797 0.030000 1.320187 0.030000 4.559820 0.030000 4.550304 0.030000
4.902914 0.030000 4.832797 0.030000 5.795714 0.030000 5.999262 0.030000 3.699822 0.030000 3.542609 0.030000 4.829265 0.030000 5.059231 0.030000 2.154416 0.030000 1.965246 0.030000 4.013917 0.030000 4.104368 0.150000 3.083555 0.030000 3.179170 0.030000 1.105385 0.030000 1.320891 0.030000 4.528082 0.030000 4.524694 0.030000
4.925994 0.030000 4.778998 0.030000 5.846615 0.030000 5.946785 0.030000 3.646798 0.030000 3.512283 0.030000 4.845097 0.030000 5.237848 0.150000 2.171510 0.030000 2.249670 0.150000 3.964017 0.030000 4.163149 0.030000 3.062938 0.030000 3.139226 0.030000 1.077743 0.030000 1.347028 0.030000 4.991370 0.150000 4.551371 0.030000
4.927372 0.030000 4.827528 0.030000 5.766544 0.030000 5.902130 0.030000 3.709458 0.030000 3.553610 0.030000 4.928696 0.150000 4.994451 0.030000 2.266522 0.030000 2.019957 0.150000 3.877995 0.030000 4.118964 0.030000 3.132556 0.150000 3.121369 0.030000 1.060159 0.030000 1.348264 0.030000 4.504524 0.030000 4.571011 0.030000
4.962387 0.030000 4.841189 0.030000 6.128209 0.150000 6.522862 0.150000 3.731688 0.030000 3.508066 0.030000 4.752724 0.030000 4.935713 0.030000 2.273588 0.030000 2.065308 0.030000 3.883017 0.030000 4.104381 0.030000 3.014947 0.030000 3.109588 0.030000 1.069452 0.030000 1.265906 0.030000 4.502321 0.030000 4.540035 0.030000
4.972392 0.030000 4.858798 0.030000 5.734200 0.030000 5.940794 0.030000 3.728367 0.030000 3.601953 0.030000 4.722066 0.030000 4.887753 0.030000 2.346156 0.030000 2.075209 0.030000 3.785627 0.030000 4.059381 0.030000 2.978998 0.030000 3.088103 0.030000 1.005416 0.030000 1.254182 0.030000 4.490455 0.030000 4.535245 0.030000
4.974268 0.030000 4.967881 0.030000 5.764694 0.030000 5.889305 0.030000 3.995335 0.150000 3.651751 0.030000 4.690855 0.030000 4.925302 0.030000 2.341361 0.030000 2.124676 0.030000 3.831955 0.030000 4.351539 0.150000 3.042992 0.030000 3.046654 0.030000 0.971125 0.030000 1.247728 0.030000 4.429382 0.030000 4.526397 0.030000
4.987944 0.030000 4.893670 0.030000 5.760797 0.030000 5.902969 0.030000 3.764977 0.030000 3.741532 0.150000 4.681166 0.030000 4.840254 0.030000 2.325053 0.030000 2.134312 0.030000 3.827147 0.030000 4.058621 0.030000 3.022815 0.030000 3.042386 0.030000 1.037839 0.030000 1.180906 0.030000 4.502221 0.030000 4.497659 0.030000
5.041042 0.030000 4.854877 0.030000 5.645979 0.030000 5.837807 0.030000 3.742210 0.030000 3.627676 0.030000 4.673682 0.030000 4.870299 0.030000 2.375730 0.030000 2.172215 0.030000 3.762473 0.030000 3.990379 0.030000 3.001838 0.030000 3.123728 0.030000 0.997322 0.030000 1.180258 0.030000 4.581701 0.150000 4.557838 0.030000
5.026171 0.030000 4.949996 0.030000 5.694628 0.030000 6.058788 0.150000 3.799651 0.030000 3.688113 0.030000 4.614604 0.030000 4.884337 0.030000 2.437240 0.030000 2.158110 0.030000 3.725571 0.030000 3.927697 0.030000 2.992198 0.030000 3.028308 0.030000 0.887227 0.030000 1.105879 0.030000 4.508951 0.030000 4.551347 0.030000
5.058942 0.030000 4.902025 0.030000 5.658179 0.030000 5.799801 0.030000 3.840268 0.030000 3.688446 0.030000 4.560799 0.030000 4.836700 0.030000 2.487731 0.030000 2.206003 0.030000 3.697996 0.030000 4.426796 0.150000 2.963562 0.030000 3.054861 0.030000 0.938782 0.030000 1.127928 0.030000 4.444400 0.030000 4.501648 0.030000
5.119329 0.030000 4.886063 0.150000 5.646061 0.030000 5.791855 0.030000 3.794492 0.030000 3.684521 0.030000 4.831380 0.150000 4.760858 0.030000 2.520713 0.030000 2.225712 0.030000 3.621521 0.030000 3.914527 0.150000 2.973219 0.030000 3.021461 0.030000 0.916765 0.030000 1.090774 0.030000 4.455873 0.030000 4.513451 0.030000
5.066695 0.030000 4.904276 0.030000 5.597424 0.030000 5.763431 0.030000 3.878885 0.030000 3.682786 0.030000 4.650738 0.030000 4.763181 0.030000 2.497405 0.030000 2.414355 0.150000 3.610024 0.030000 3.913364 0.030000 3.050063 0.030000 3.243972 0.150000 0.910510 0.030000 1.093189 0.030000 4.501137 0.030000 4.538083 0.030000
5.040966 0.030000 5.003207 0.030000 5.472468 0.030000 5.769760 0.030000 3.908394 0.030000 3.744148 0.030000 4.578003 0.030000 4.760215 0.030000 2.512652 0.030000 2.285475 0.030000 3.604833 0.030000 3.893294 0.030000 3.009179 0.030000 3.007805 0.030000 0.870042 0.030000 1.188400 0.150000 4.534297 0.030000 4.525986 0.030000
5.082873 0.030000 5.004042 0.030000 5.598931 0.030000 5.745827 0.030000 3.916442 0.030000 3.786449 0.030000 4.452375 0.030000 4.680612 0.030000 2.594296 0.030000 2.340906 0.030000 3.552242 0.030000 3.850880 0.030000 2.982269 0.030000 3.027833 0.030000 0.882361 0.030000 1.022987 0.030000 4.462438 0.030000 4.496959 0.030000
5.071800 0.030000 5.021236 0.030000 5.554589 0.030000 5.667274 0.030000 3.914922 0.030000 3.788127 0.030000 4.787533 0.150000 4.739685 0.030000 3.063816 0.150000 2.841338 0.150000 3.531467 0.030000 3.802444 0.030000 2.954022 0.030000 3.041480 0.030000 0.875614 0.030000 1.056775 0.030000 4.467568 0.030000 4.468591 0.030000
5.127900 0.030000 4.967072 0.030000 5.507502 0.030000 5.700228 0.030000 3.947664 0.030000 3.782072 0.030000 4.499164 0.030000 4.685931 0.030000 2.591031 0.030000 3.275840 0.150000 3.541622 0.030000 3.800208 0.030000 2.728392 0.150000 3.006474 0.030000 0.825867 0.030000 0.962415 0.030000 4.413405 0.030000 4.454014 0.030000
5.197080 0.030000 5.044489 0.030000 5.618390 0.030000 5.604920 0.030000 3.962148 0.030000 3.762690 0.030000 4.426965 0.030000 4.658362 0.030000 2.674896 0.030000 2.418857 0.030000 3.526507 0.030000 3.769271 0.030000 2.947259 0.030000 2.991912 0.030000 0.795229 0.030000 0.957062 0.030000 4.429225 0.030000 4.487254 0.030000
5.185856 0.030000 5.125161 0.030000 5.519127 0.030000 5.689909 0.030000 3.993749 0.030000 3.750793 0.030000 4.439827 0.030000 4.572997 0.030000 2.670955 0.030000 2.442158 0.030000 3.981245 0.150000 5.090843 0.150000 2.957603 0.030000 2.960845 0.030000 0.803522 0.030000 0.941657 0.030000 4.398716 0.030000 4.476169 0.030000
5.152425 0.030000 5.011457 0.030000 5.479910 0.030000 5.699784 0.030000 3.978886 0.030000 4.017198 0.150000 4.443216 0.030000 4.575456 0.030000 2.715986 0.030000 2.477785 0.030000 4.058306 0.150000 3.660276 0.030000 2.955545 0.030000 3.673163 0.150000 0.712372 0.030000 0.904722 0.030000 4.470368 0.030000 4.494622 0.030000
5.171472 0.030000 5.074393 0.030000 5.452899 0.030000 5.602561 0.030000 4.038364 0.030000 3.841605 0.030000 4.350816 0.030000 4.589880 0.030000 2.758293 0.030000 2.528776 0.030000 3.419220 0.030000 3.644532 0.030000 2.923417 0.030000 2.932790 0.030000 0.735421 0.030000 0.882295 0.030000 4.424213 0.030000 4.438517 0.030000
5.255860 0.030000 5.055902 0.030000 5.444868 0.030000 5.627892 0.030000 4.051841 0.150000 3.890933 0.030000 4.312451 0.030000 4.579920 0.030000 2.781914 0.030000 2.533979 0.030000 3.386789 0.030000 3.562708 0.030000 2.953574 0.030000 3.003556 0.030000 0.764289 0.030000 0.896344 0.030000 4.415631 0.030000 4.443228 0.030000
5.240953 0.030000 5.119225 0.030000 5.434896 0.030000 5.572571 0.030000 4.055589 0.030000 3.869029 0.030000 4.327037 0.030000 4.465830 0.030000 2.847670 0.030000 2.503302 0.030000 3.528116 0.150000 3.557485 0.030000 2.919013 0.030000 2.984002 0.030000 0.803869 0.030000 0.854221 0.030000 4.508408 0.150000 4.461951 0.030000
5.263955 0.030000 5.126406 0.030000 5.423976 0.030000 5.586215 0.030000 4.391053 0.150000 3.910526 0.030000 4.302120 0.030000 4.512559 0.030000 2.943388 0.150000 2.602259 0.030000 3.496606 0.150000 3.581580 0.030000 3.225328 0.150000 2.934287 0.030000 0.681471 0.030000 0.843378 0.030000 4.377602 0.030000 4.521011 0.030000
5.196409 0.030000 5.108461 0.030000 5.353166 0.030000 5.517503 0.030000 4.116993 0.030000 4.122341 0.150000 4.284960 0.030000 4.485290 0.030000 2.826543 0.030000 2.578130 0.030000 3.324277 0.030000 3.486386 0.030000 2.933775 0.030000 2.977219 0.030000 0.690412 0.030000 0.767318 0.030000 4.442464 0.030000 4.443246 0.030000
5.304975 0.030000 5.160665 0.030000 5.371259 0.030000 5.499737 0.030000 4.183626 0.030000 3.942560 0.030000 4.344781 0.150000 4.396388 0.030000 3.085502 0.150000 2.613233 0.030000 3.303298 0.030000 3.518446 0.030000 2.913036 0.030000 2.981562 0.030000 0.690345 0.030000 0.756802 0.030000 4.465440 0.030000 4.440598 0.030000
5.307455 0.030000 5.127507 0.030000 5.370080 0.030000 5.503514 0.030000 4.160782 0.030000 3.977655 0.030000 4.263065 0.030000 4.446571 0.030000 2.960031 0.030000 2.631763 0.030000 3.218419 0.030000 3.482069 0.030000 2.909597 0.030000 2.923754 0.030000 0.727870 0.030000 0.826501 0.030000 4.398481 0.030000 4.475787 0.030000
5.484909 0.150000 6.326366 0.150000 5.319071 0.030000 5.475945 0.030000 4.231849 0.030000 4.000936 0.030000 4.206014 0.030000 4.407263 0.030000 2.900781 0.030000 2.688547 0.030000 3.209123 0.030000 3.449028 0.030000 2.939997 0.030000 2.974698 0.030000 0.624348 0.030000 0.779305 0.030000 4.381658 0.030000 4.436106 0.030000
5.331285 0.030000 5.227320 0.030000 5.308417 0.030000 5.489821 0.030000 4.181157 0.030000 4.029239 0.030000 4.188846 0.030000 4.412297 0.030000 2.960003 0.030000 2.665059 0.030000 3.131181 0.030000 3.407030 0.030000 2.955766 0.030000 2.960472 0.030000 0.629788 0.030000 0.731450 0.030000 4.451278 0.030000 4.416943 0.030000
5.340850 0.030000 5.226291 0.030000 5.314534 0.030000 5.441674 0.030000 4.228001 0.030000 4.002650 0.030000 4.112450 0.030000 4.361167 0.030000 2.996796 0.030000 2.726642 0.030000 3.131952 0.030000 3.467682 0.030000 2.900442 0.030000 2.942529 0.030000 0.672870 0.030000 0.755434 0.030000 4.409972 0.030000 4.404952 0.030000
5.370124 0.030000 5.236823 0.030000 5.308966 0.030000 5.583608 0.150000 4.211649 0.030000 4.051149 0.030000 4.157958 0.030000 4.426588 0.150000 3.049093 0.030000 2.782858 0.150000 3.100708 0.030000 3.399069 0.030000 2.921911 0.030000 2.896375 0.030000 0.701880 0.030000 0.677054 0.030000 4.417265 0.030000 4.463137 0.150000
5.497987 0.030000 5.223219 0.030000 6.123568 0.150000 5.453724 0.030000 4.285853 0.030000 4.074266 0.030000 4.155496 0.030000 4.295119 0.030000 3.079809 0.030000 2.833234 0.030000 3.067758 0.030000 3.325204 0.030000 2.878473 0.030000 2.914147 0.030000 0.662172 0.030000 0.733175 0.030000 4.477800 0.030000 4.447988 0.030000
5.404805 0.030000 5.335874 0.030000 5.314674 0.030000 5.511255 0.150000 4.787093 0.150000 4.114352 0.030000 4.162279 0.030000 4.267789 0.030000 3.045864 0.030000 2.857725 0.030000 3.107112 0.030000 3.275934 0.030000 2.972747 0.030000 2.933170 0.030000 0.684518 0.030000 0.668243 0.030000 4.396073 0.030000 4.484820 0.030000
5.455113 0.030000 5.255276 0.030000 5.240978 0.030000 5.393525 0.030000 4.268020 0.030000 4.112116 0.030000 4.087241 0.030000 4.272576 0.030000 3.138052 0.030000 2.883409 0.030000 2.984088 0.030000 3.263617 0.030000 2.948018 0.030000 2.935074 0.030000 0.697456 0.030000 0.674478 0.030000 4.430399 0.030000 4.408939 0.030000
5.432671 0.030000 5.251601 0.030000 5.188905 0.030000 5.382880 0.030000 4.301158 0.030000 4.137424 0.030000 4.052658 0.030000 4.225343 0.030000 3.162257 0.030000 2.909525 0.030000 2.941626 0.030000 3.220004 0.030000 2.906374 0.030000 2.956837 0.030000 0.636542 0.030000 0.683996 0.030000 4.458069 0.150000 4.423402 0.030000
5.444091 0.030000 5.266702 0.030000 5.223158 0.030000 5.359576 0.030000 4.359037 0.030000 4.201818 0.030000 4.043154 0.030000 4.224642 0.030000 3.242544 0.030000 2.913110 0.030000 2.971006 0.030000 3.191195 0.030000 2.916537 0.030000 2.901880 0.030000 0.636545 0.030000 0.681852 0.030000 4.438486 0.030000 4.416274 0.030000
5.494352 0.030000 5.365142 0.150000 5.207541 0.030000 5.345153 0.030000 4.365792 0.030000 4.132598 0.030000 4.075193 0.030000 4.193221 0.030000 3.179965 0.030000 3.353460 0.150000 2.943002 0.030000 3.203215 0.030000 2.953936 0.030000 2.898692 0.030000 0.708077 0.030000 0.672723 0.030000 4.404024 0.030000 4.451083 0.030000
5.517694 0.030000 5.342970 0.030000 5.190011 0.030000 5.326233 0.030000 4.399995 0.030000 4.198857 0.030000 4.017342 0.030000 4.175285 0.030000 3.249352 0.030000 3.013675 0.030000 2.936935 0.030000 3.160246 0.030000 2.935844 0.030000 2.906861 0.030000 0.702623 0.030000 0.642954 0.030000 4.439920 0.030000 4.403272 0.030000
5.501633 0.030000 5.368143 0.030000 5.159358 0.030000 5.281820 0.030000 4.416721 0.030000 4.207010 0.030000 3.978650 0.030000 4.137912 0.030000 3.286016 0.030000 3.075744 0.030000 2.809139 0.030000 3.111842 0.030000 2.878577 0.030000 2.918849 0.030000 0.768721 0.030000 0.644286 0.030000 4.424852 0.030000 4.391484 0.030000
5.542753 0.030000 5.377245 0.030000 5.087377 0.030000 5.271366 0.030000 4.490292 0.150000 4.294179 0.030000 3.976124 0.030000 4.161132 0.030000 3.248928 0.030000 3.118687 0.030000 2.849472 0.030000 3.100948 0.030000 2.905133 0.030000 2.923543 0.030000 0.741484 0.030000 0.630829 0.030000 4.418305 0.150000 4.438019 0.030000
6.790994 0.150000 5.342925 0.030000 5.180322 0.030000 5.245139 0.030000 4.431548 0.030000 4.258788 0.030000 3.975947 0.030000 4.137312 0.030000 3.314658 0.030000 3.088684 0.030000 2.837414 0.030000 3.028404 0.030000 2.908012 0.030000 2.915909 0.030000 0.665610 0.030000 0.895525 0.150000 4.423722 0.030000 4.395848 0.030000
5.573922 0.030000 5.459254 0.030000 5.188209 0.030000 5.279258 0.030000 4.435970 0.030000 4.263477 0.030000 3.881414 0.030000 4.071011 0.030000 3.336905 0.030000 3.083597 0.030000 2.784768 0.030000 2.965811 0.150000 2.968179 0.030000 2.949959 0.030000 0.689485 0.030000 0.664107 0.030000 4.454516 0.030000 4.413936 0.030000
5.563469 0.030000 5.430684 0.030000 5.107779 0.030000 5.155303 0.030000 4.532365 0.030000 4.336660 0.030000 3.895899 0.030000 4.062742 0.030000 3.329988 0.030000 3.124134 0.030000 2.715455 0.030000 3.020875 0.030000 2.943533 0.030000 2.929015 0.030000 0.749428 0.030000 0.673142 0.030000 4.462325 0.030000 4.436770 0.030000
5.601697 0.030000 5.435191 0.030000 5.911899 0.150000 5.167530 0.030000 4.493054 0.030000 4.327002 0.030000 3.865086 0.030000 4.074157 0.030000 3.347514 0.030000 3.203835 0.030000 2.788191 0.030000 2.991963 0.030000 2.966389 0.030000 3.055996 0.150000 0.710164 0.030000 0.649371 0.030000 4.457906 0.030000 4.372791 0.030000
5.597802 0.030000 5.467760 0.030000 5.041426 0.030000 5.165765 0.030000 4.554962 0.030000 4.343540 0.150000 4.074226 0.150000 4.042005 0.030000 3.432589 0.030000 3.214719 0.030000 2.695359 0.030000 2.952588 0.030000 3.049072 0.150000 2.884137 0.030000 0.756407 0.030000 0.667482 0.030000 4.449218 0.030000 4.407683 0.030000
5.637651 0.030000 5.481620 0.030000 5.097838 0.030000 5.225599 0.030000 4.605091 0.030000 4.431746 0.030000 3.824090 0.030000 4.035156 0.030000 3.812306 0.150000 3.208655 0.030000 2.707098 0.030000 2.836601 0.030000 2.965227 0.030000 2.970135 0.030000 0.784989 0.030000 0.690121 0.030000 4.491694 0.030000 4.464895 0.030000
5.686079 0.030000 5.474377 0.030000 5.061013 0.030000 5.180304 0.030000 4.572886 0.030000 4.401880 0.030000 3.806679 0.030000 4.020874 0.030000 3.477571 0.030000 3.253528 0.030000 2.659685 0.030000 2.861110 0.030000 2.917207 0.030000 2.900227 0.030000 0.773814 0.030000 0.704247 0.030000 4.420158 0.030000 4.377844 0.030000
5.743631 0.030000 5.555972 0.030000 5.033885 0.030000 5.197769 0.030000 4.632063 0.030000 4.412482 0.030000 3.805161 0.030000 3.948003 0.030000 3.505175 0.030000 3.295110 0.030000 2.601684 0.030000 2.870486 0.030000 2.907481 0.030000 2.896725 0.030000 0.808198 0.030000 0.680907 0.030000 4.475962 0.030000 4.393665 0.030000
6.919876 0.150000 5.567373 0.030000 5.003362 0.030000 5.063221 0.030000 4.614986 0.030000 4.464468 0.030000 3.794887 0.030000 3.918380 0.030000 3.590609 0.030000 3.298745 0.030000 2.582812 0.030000 3.566684 0.150000 3.181751 0.150000 2.950951 0.030000 0.843250 0.030000 0.690351 0.030000 4.465947 0.030000 4.451426 0.030000
5.690736 0.030000 5.561567 0.030000 4.980385 0.030000 5.088483 0.030000 4.675341 0.030000 4.513718 0.030000 3.742179 0.030000 3.899708 0.030000 3.892636 0.150000 3.350042 0.030000 2.573784 0.030000 2.783917 0.030000 3.006319 0.030000 2.963355 0.030000 0.857440 0.030000 0.692554 0.030000 4.468818 0.030000 4.425037 0.030000
5.751956 0.150000 5.561932 0.030000 4.911787 0.030000 5.080968 0.030000 4.714095 0.030000 4.518039 0.030000 3.768840 0.030000 3.856113 0.030000 3.642798 0.030000 3.387481 0.030000 2.508041 0.030000 2.824890 0.030000 2.976788 0.030000 2.928108 0.030000 0.878969 0.030000 0.772395 0.030000 4.439361 0.030000 4.432174 0.030000
5.740867 0.030000 5.638884 0.030000 4.990175 0.030000 5.140551 0.030000 4.724479 0.030000 4.502930 0.030000 5.292055 0.150000 3.883135 0.030000 3.635998 0.030000 3.385736 0.030000 2.484637 0.030000 2.698901 0.030000 2.905051 0.030000 2.986635 0.030000 0.870910 0.030000 0.704237 0.030000 4.507535 0.030000 4.403985 0.030000
5.822784 0.030000 5.634634 0.030000 4.946866 0.030000 5.131628 0.030000 4.717939 0.030000 4.575921 0.030000 3.695250 0.030000 3.934790 0.030000 3.694266 0.030000 3.412197 0.030000 2.512356 0.030000 2.679048 0.030000 3.269164 0.150000 2.933490 0.030000 0.893327 0.030000 0.801203 0.030000 4.494713 0.030000 4.491198 0.030000
5.862226 0.030000 5.639169 0.030000 5.067134 0.150000 5.122062 0.030000 4.756346 0.030000 4.563596 0.030000 3.689753 0.030000 3.825720 0.030000 3.758562 0.030000 3.490068 0.030000 2.445292 0.030000 2.665994 0.030000 2.950195 0.030000 2.928126 0.030000 0.981805 0.030000 0.774114 0.030000 4.870083 0.150000 4.424271 0.030000
5.774647 0.030000 5.651692 0.030000 4.977182 0.030000 5.060099 0.030000 4.777485 0.030000 4.571646 0.030000 3.664581 0.030000 3.844116 0.030000 3.720138 0.030000 3.498476 0.030000 2.716350 0.150000 2.694385 0.030000 2.934088 0.030000 2.996983 0.030000 1.376287 0.150000 0.801980 0.030000 4.461519 0.030000 4.406050 0.030000
5.854544 0.030000 5.720014 0.030000 5.556401 0.150000 5.041379 0.030000 4.839653 0.030000 4.666109 0.030000 3.642761 0.030000 4.113877 0.150000 3.823742 0.030000 4.337838 0.150000 2.422006 0.030000 2.625447 0.030000 2.987614 0.030000 2.991876 0.030000 0.994382 0.030000 0.804175 0.030000 4.473952 0.030000 4.342389 0.030000
5.845356 0.030000 5.701689 0.030000 4.992114 0.030000 5.288248 0.150000 4.869268 0.030000 4.893094 0.150000 3.597201 0.030000 3.777760 0.030000 3.828493 0.030000 3.577973 0.030000 2.336485 0.030000 2.607022 0.030000 2.971226 0.030000 2.956061 0.030000 1.026961 0.030000 0.885916 0.030000 4.519208 0.030000 5.198528 0.150000
5.868554 0.030000 5.755286 0.030000 4.848701 0.030000 5.130298 0.150000 4.837132 0.030000 4.637767 0.030000 4.099832 0.150000 3.772191 0.030000 3.783355 0.030000 3.621025 0.030000 2.327972 0.030000 2.524874 0.030000 2.996589 0.030000 2.951937 0.030000 1.032804 0.030000 0.862146 0.030000 4.490781 0.030000 4.451957 0.030000
5.860068 0.030000 5.722235 0.030000 4.852247 0.030000 4.933682 0.150000 4.873676 0.030000 4.675406 0.030000 3.612058 0.030000 3.768150 0.030000 3.842800 0.030000 3.564175 0.030000 2.294596 0.030000 2.479400 0.150000 3.056755 0.030000 3.003007 0.030000 1.056211 0.030000 0.892053 0.030000 4.465699 0.030000 4.540733 0.030000
5.904548 0.030000 5.784122 0.030000 4.856901 0.030000 5.003652 0.030000 4.907155 0.030000 4.745973 0.030000 3.595593 0.030000 3.709203 0.030000 3.872952 0.030000 3.686328 0.030000 2.256301 0.030000 2.522665 0.030000 3.011341 0.150000 3.168669 0.150000 1.115245 0.030000 0.925609 0.030000 4.505454 0.030000 4.454751 0.030000
5.903850 0.030000 5.762595 0.030000 4.827457 0.030000 4.977212 0.030000 4.896532 0.030000 4.710401 0.030000 3.569455 0.030000 3.636206 0.030000 3.917444 0.030000 3.688680 0.030000 2.252614 0.030000 2.454289 0.030000 3.050908 0.030000 3.353067 0.150000 1.156718 0.030000 0.936601 0.030000 4.499255 0.030000 4.466987 0.030000
5.958828 0.030000 5.800844 0.030000 4.757527 0.030000 4.993290 0.030000 4.953430 0.030000 4.756066 0.030000 3.569979 0.030000 3.723386 0.030000 3.949972 0.030000 3.697372 0.030000 2.226548 0.030000 2.476635 0.030000 3.080578 0.030000 2.982149 0.030000 1.119419 0.030000 0.920170 0.030000 4.505499 0.030000 4.491819 0.030000
5.989165 0.030000 6.140856 0.150000 4.868234 0.030000 4.995810 0.030000 4.960839 0.030000 4.781379 0.030000 3.508657 0.030000 3.693590 0.030000 3.995607 0.030000 3.909125 0.150000 2.188274 0.030000 2.411995 0.030000 3.058631 0.030000 2.994690 0.030000 1.198640 0.030000 0.989720 0.030000 4.538838 0.030000 4.503712 0.030000
5.981804 0.030000 5.711742 0.150000 4.798586 0.030000 4.949709 0.030000 4.986172 0.030000 4.833480 0.030000 3.510629 0.030000 3.705324 0.030000 4.052076 0.030000 3.811321 0.030000 2.154486 0.030000 2.404224 0.030000 3.129920 0.030000 2.984013 0.030000 1.175935 0.030000 1.019033 0.030000 4.503956 0.030000 4.529302 0.030000
6.017330 0.030000 5.835910 0.030000 4.805205 0.030000 4.908137 0.030000 5.024343 0.030000 4.815290 0.030000 3.461457 0.030000 3.643458 0.030000 4.036375 0.030000 3.814148 0.030000 2.195339 0.030000 2.375592 0.030000 3.095418 0.150000 2.995943 0.030000 1.188290 0.030000 1.034212 0.030000 4.569048 0.030000 4.529477 0.030000
5.990464 0.030000 6.156810 0.150000 4.866441 0.030000 4.924856 0.030000 5.012712 0.030000 4.832477 0.030000 3.502182 0.030000 3.620737 0.030000 4.693004 0.150000 3.801599 0.030000 2.135173 0.030000 2.304771 0.150000 3.135452 0.030000 3.051184 0.030000 1.255179 0.030000 0.988596 0.030000 4.563631 0.030000 4.427376 0.030000
6.047843 0.030000 5.919999 0.030000 4.787507 0.030000 4.839044 0.030000 5.069813 0.030000 4.878224 0.030000 3.447512 0.030000 3.585191 0.030000 4.104980 0.030000 5.329791 0.150000 2.062588 0.030000 2.765303 0.150000 3.111284 0.030000 3.026426 0.030000 1.275139 0.030000 1.144788 0.150000 4.517084 0.030000 4.470767 0.030000
6.106795 0.030000 5.888226 0.030000 4.732496 0.030000 4.909166 0.030000 5.062458 0.030000 4.887996 0.030000 3.216334 0.150000 3.571820 0.030000 4.137914 0.030000 3.903455 0.030000 2.088258 0.030000 2.365694 0.030000 3.102830 0.030000 3.042856 0.030000 1.313706 0.030000 1.021477 0.030000 4.566665 0.030000 4.525234 0.030000
6.097359 0.030000 5.938370 0.030000 4.779621 0.030000 4.812108 0.030000 5.028882 0.030000 4.895235 0.030000 3.432796 0.030000 3.558400 0.030000 4.139237 0.030000 3.919522 0.030000 2.003663 0.030000 2.289782 0.030000 3.160118 0.030000 2.991562 0.030000 1.256630 0.030000 1.179112 0.030000 5.011654 0.150000 4.360782 0.150000
6.384740 0.150000 5.910845 0.030000 4.789514 0.030000 4.859051 0.030000 5.178224 0.030000 4.905935 0.030000 3.353220 0.030000 3.576215 0.030000 4.175228 0.030000 3.943866 0.030000 1.947787 0.030000 2.250703 0.030000 3.195889 0.030000 3.022585 0.150000 1.338183 0.030000 1.076171 0.030000 4.536124 0.030000 4.540855 0.030000
6.132795 0.030000 6.098836 0.150000 4.727275 0.030000 4.835520 0.030000 5.164474 0.030000 4.948091 0.030000 3.374940 0.030000 3.985797 0.150000 4.132314 0.030000 4.128853 0.150000 1.981105 0.030000 2.187876 0.030000 3.176590 0.030000 3.053987 0.030000 1.560548 0.150000 1.172087 0.030000 4.648622 0.030000 4.508260 0.030000
6.144612 0.030000 6.005952 0.030000 4.772445 0.030000 4.769669 0.030000 5.186297 0.030000 4.966664 0.030000 3.975266 0.150000 3.513236 0.030000 4.229495 0.030000 4.025228 0.030000 1.999010 0.030000 2.183149 0.030000 3.073822 0.030000 3.055369 0.030000 1.372918 0.030000 1.175885 0.030000 4.678601 0.030000 4.505791 0.030000
6.227774 0.030000 6.035478 0.030000 4.686880 0.030000 4.866823 0.030000 5.959194 0.150000 4.979531 0.030000 3.354209 0.030000 3.478666 0.030000 4.279807 0.030000 4.023647 0.030000 1.960112 0.030000 2.168460 0.030000 3.168961 0.030000 3.114518 0.030000 1.395159 0.030000 1.185637 0.030000 4.624883 0.030000 4.865348 0.150000
6.184301 0.030000 6.052970 0.030000 4.761992 0.030000 4.797548 0.030000 5.246454 0.030000 5.002771 0.030000 3.355316 0.030000 3.474236 0.030000 4.329597 0.030000 4.020784 0.030000 1.868805 0.030000 2.101751 0.030000 3.180826 0.030000 3.111924 0.030000 1.455225 0.030000 1.190025 0.030000 4.591225 0.030000 4.544207 0.030000
6.165302 0.150000 6.049726 0.030000 4.724690 0.030000 4.855440 0.030000 5.297358 0.030000 5.002306 0.030000 3.360701 0.030000 3.424229 0.030000 4.343426 0.030000 4.066068 0.030000 1.813836 0.030000 2.065671 0.030000 3.187448 0.030000 3.049267 0.030000 1.461474 0.030000 1.240772 0.030000 4.609929 0.030000 4.581088 0.030000
6.263544 0.030000 6.078960 0.030000 4.654937 0.030000 4.778251 0.030000 5.219812 0.030000 5.060080 0.030000 3.441282 0.150000 3.382002 0.030000 4.917946 0.150000 4.047555 0.030000 1.765673 0.030000 2.037042 0.030000 3.193485 0.030000 3.088698 0.030000 1.418896 0.030000 1.255281 0.030000 4.941661 0.150000 4.600754 0.030000
6.250368 0.030000 6.058798 0.030000 4.759340 0.030000 4.795918 0.030000 5.307372 0.030000 5.104280 0.030000 3.310798 0.030000 3.424172 0.030000 4.422611 0.030000 4.148168 0.030000 1.759031 0.030000 2.030550 0.030000 3.184020 0.030000 3.109019 0.030000 1.493624 0.030000 1.232617 0.030000 4.658097 0.030000 4.575998 0.030000
6.294899 0.030000 6.173430 0.030000 4.646571 0.030000 4.745938 0.030000 5.342118 0.030000 5.442953 0.150000 3.209556 0.030000 3.411028 0.030000 4.441305 0.030000 4.115857 0.030000 1.801471 0.030000 1.978201 0.150000 3.952857 0.150000 3.160773 0.030000 1.557000 0.030000 1.370803 0.030000 4.614897 0.030000 4.602917 0.030000
6.304209 0.030000 6.128140 0.030000 4.627681 0.030000 4.762671 0.030000 5.364635 0.030000 5.118382 0.030000 3.317627 0.030000 3.403498 0.030000 4.408761 0.030000 4.204358 0.030000 1.766820 0.030000 1.965089 0.030000 3.213653 0.030000 3.148268 0.030000 1.544098 0.030000 1.348502 0.030000 4.639801 0.030000 4.586967 0.030000
6.349359 0.030000 6.165297 0.030000 4.679655 0.030000 4.763944 0.030000 5.368663 0.030000 5.163068 0.030000 3.260153 0.030000 3.552760 0.150000 4.517796 0.030000 4.228308 0.030000 1.689808 0.030000 1.886772 0.150000 3.249389 0.030000 3.142271 0.030000 1.584654 0.030000 1.368509 0.030000 4.617820 0.030000 4.603865 0.030000
6.373072 0.030000 6.221810 0.030000 4.667343 0.030000 4.749115 0.030000 5.390465 0.030000 5.181155 0.030000 3.264868 0.030000 3.364153 0.030000 4.492944 0.030000 4.262083 0.030000 1.736005 0.030000 2.179638 0.150000 3.443767 0.150000 3.123980 0.030000 1.590874 0.030000 1.386567 0.030000 4.644172 0.030000 4.563933 0.030000
6.381734 0.030000 6.172064 0.030000 4.655658 0.030000 4.710109 0.030000 5.463392 0.030000 5.197821 0.030000 3.225872 0.030000 3.394495 0.030000 4.501163 0.030000 4.254446 0.030000 1.738338 0.030000 1.884033 0.030000 3.285109 0.030000 3.057901 0.150000 1.659027 0.030000 1.352353 0.030000 4.721003 0.030000 4.609691 0.030000
6.410370 0.030000 6.218794 0.030000 4.669921 0.030000 4.706047 0.030000 5.392582 0.030000 5.228423 0.030000 3.217955 0.030000 3.326178 0.030000 4.595284 0.030000 4.270827 0.030000 1.643112 0.030000 1.919334 0.030000 3.308504 0.030000 3.207841 0.030000 1.965834 0.150000 1.451115 0.030000 4.663843 0.030000 4.595522 0.030000
6.401953 0.030000 6.154398 0.030000 4.610347 0.030000 4.724679 0.030000 5.460715 0.030000 5.228715 0.030000 3.240177 0.030000 3.318486 0.030000 4.551742 0.030000 4.310771 0.030000 1.660109 0.030000 1.876385 0.030000 3.245365 0.030000 3.192860 0.030000 1.630954 0.030000 1.452329 0.030000 4.716045 0.030000 4.645573 0.030000
6.429828 0.030000 6.240945 0.030000 5.498639 0.150000 4.651437 0.030000 5.533109 0.030000 5.304942 0.030000 3.213779 0.030000 3.359051 0.030000 4.614301 0.030000 4.369694 0.030000 1.621105 0.030000 1.844136 0.150000 3.254862 0.030000 3.159119 0.030000 1.700667 0.030000 1.418244 0.030000 4.681541 0.030000 4.611267 0.030000
7.259318 0.150000 6.317536 0.030000 4.643910 0.030000 4.649325 0.030000 5.535804 0.030000 5.324690 0.030000 3.209677 0.030000 3.278618 0.030000 4.679589 0.150000 4.373087 0.030000 1.651520 0.030000 1.807794 0.030000 3.310516 0.030000 3.184519 0.030000 1.692925 0.030000 1.471363 0.030000 4.646301 0.030000 4.660218 0.030000
6.429434 0.030000 6.321855 0.030000 4.617974 0.030000 4.657612 0.030000 5.474540 0.030000 5.321607 0.030000 3.160792 0.030000 3.330396 0.030000 4.646231 0.030000 4.387929 0.030000 1.530467 0.030000 1.805700 0.030000 3.329305 0.030000 3.194608 0.030000 1.732254 0.030000 1.506231 0.030000 4.752175 0.030000 4.684582 0.030000
6.472325 0.030000 6.293202 0.030000 4.515897 0.030000 4.674987 0.030000 5.496094 0.030000 5.375965 0.030000 4.249740 0.150000 3.282464 0.030000 4.668113 0.030000 4.657836 0.150000 1.590387 0.030000 1.768293 0.030000 3.340065 0.030000 3.679041 0.150000 1.810452 0.030000 1.480680 0.030000 4.662587 0.030000 4.667976 0.030000
6.424363 0.030000 6.295061 0.030000 4.576291 0.030000 4.705422 0.030000 5.581322 0.030000 5.367936 0.030000 3.142169 0.030000 3.353160 0.030000 4.683898 0.030000 4.421811 0.030000 1.525896 0.030000 1.762557 0.030000 3.295237 0.030000 3.193993 0.030000 1.739289 0.030000 1.513613 0.030000 4.739263 0.030000 4.652151 0.030000
6.409511 0.030000 6.254316 0.030000 4.529208 0.030000 4.659976 0.030000 5.576315 0.030000 5.333282 0.030000 3.131838 0.030000 3.093453 0.150000 4.744720 0.030000 4.455827 0.030000 1.508055 0.030000 1.703301 0.030000 3.789827 0.150000 3.183342 0.030000 2.183092 0.150000 1.566655 0.030000 4.689973 0.030000 4.710228 0.030000
6.622055 0.150000 6.315957 0.150000 4.505145 0.030000 4.640037 0.030000 5.545368 0.030000 5.351381 0.030000 3.155574 0.030000 3.175103 0.150000 4.709727 0.030000 4.510869 0.030000 1.492497 0.030000 1.698001 0.030000 3.380735 0.030000 3.168223 0.030000 1.837166 0.030000 1.578592 0.030000 4.732481 0.030000 4.646165 0.030000
6.553131 0.030000 6.366233 0.030000 4.590904 0.030000 4.649569 0.030000 6.146201 0.150000 5.382878 0.030000 3.158588 0.030000 3.214963 0.030000 4.772128 0.030000 4.487752 0.030000 1.524226 0.030000 1.680116 0.030000 3.361865 0.030000 3.297671 0.030000 1.877691 0.030000 2.948219 0.150000 4.724563 0.030000 4.647502 0.030000
6.528550 0.030000 6.362384 0.030000 4.573536 0.030000 4.625929 0.030000 5.639309 0.030000 5.413574 0.030000 3.094540 0.030000 3.255858 0.030000 4.871920 0.030000 4.490388 0.030000 1.391947 0.030000 1.708786 0.030000 3.369007 0.030000 3.255850 0.030000 1.990804 0.150000 1.616989 0.030000 4.725499 0.030000 4.763787 0.150000
6.528663 0.030000 6.364023 0.030000 4.533893 0.030000 4.665443 0.030000 5.687851 0.030000 5.418403 0.030000 3.201703 0.030000 3.203656 0.030000 4.766901 0.030000 4.566387 0.030000 1.550865 0.150000 1.610207 0.030000 3.389138 0.030000 3.263062 0.030000 1.863381 0.030000 1.609637 0.030000 5.770144 0.150000 4.667942 0.030000
6.581525 0.030000 6.382314 0.030000 4.572352 0.030000 4.633496 0.030000 5.603559 0.030000 5.437394 0.030000 3.141940 0.030000 3.247596 0.030000 4.784198 0.030000 4.562192 0.030000 1.483902 0.030000 1.672484 0.030000 3.619899 0.150000 3.287242 0.030000 1.896053 0.030000 1.634573 0.030000 4.757950 0.030000 4.713033 0.030000
6.584151 0.030000 6.383214 0.030000 4.568094 0.030000 4.588654 0.030000 5.648420 0.030000 5.471277 0.030000 3.085164 0.030000 3.574337 0.150000 5.346588 0.150000 4.569992 0.030000 1.439468 0.030000 1.621703 0.030000 3.397075 0.030000 3.236032 0.030000 1.869234 0.150000 1.656612 0.030000 4.721622 0.030000 4.698368 0.030000
6.751294 0.150000 6.425381 0.030000 4.486518 0.030000 4.613016 0.030000 5.656127 0.030000 5.504128 0.030000 3.071754 0.030000 3.184800 0.030000 4.879762 0.150000 4.585758 0.030000 1.435987 0.030000 1.618407 0.030000 3.394087 0.030000 3.309494 0.030000 1.919720 0.030000 1.721279 0.030000 4.787468 0.030000 4.725574 0.030000
6.618079 0.030000 6.396505 0.030000 4.768840 0.150000 4.662279 0.030000 5.781889 0.030000 5.473638 0.030000 3.079264 0.030000 3.161439 0.030000 5.771529 0.150000 4.884449 0.150000 1.381981 0.030000 1.623401 0.030000 3.479927 0.030000 3.247468 0.030000 1.929347 0.030000 1.638780 0.030000 4.804545 0.030000 4.776581 0.030000
6.656117 0.030000 6.436206 0.030000 4.547616 0.030000 4.604804 0.030000 5.683966 0.030000 5.512716 0.030000 3.045934 0.030000 3.167138 0.030000 4.860101 0.030000 4.612435 0.030000 1.358468 0.030000 2.159603 0.150000 3.413294 0.030000 3.364214 0.030000 1.997211 0.030000 1.668077 0.030000 4.801539 0.030000 4.700536 0.030000
6.642777 0.030000 6.460077 0.030000 4.530555 0.030000 4.642904 0.030000 5.662506 0.030000 5.493936 0.030000 3.071758 0.030000 3.232456 0.030000 4.869116 0.030000 4.584634 0.030000 1.391072 0.030000 1.547490 0.030000 3.442707 0.030000 3.319412 0.030000 1.948562 0.030000 1.746524 0.030000 4.805082 0.030000 4.639059 0.030000
6.624890 0.030000 6.472571 0.030000 4.549670 0.030000 4.599593 0.030000 5.718654 0.030000 5.530980 0.030000 3.099480 0.030000 3.179173 0.030000 4.826964 0.030000 4.626995 0.030000 1.354307 0.030000 1.580253 0.030000 3.454107 0.030000 3.302917 0.030000 1.967533 0.030000 1.731837 0.030000 4.808969 0.030000 4.788066 0.150000
6.952238 0.150000 6.494340 0.030000 4.531515 0.030000 4.584485 0.030000 5.703315 0.030000 5.530078 0.030000 3.156412 0.150000 3.173512 0.030000 4.901321 0.030000 4.675227 0.030000 1.325858 0.030000 1.589768 0.150000 3.400639 0.030000 3.318252 0.030000 1.997339 0.030000 1.796942 0.030000 5.705560 0.150000 4.692597 0.030000
6.651739 0.030000 6.476685 0.030000 4.513164 0.030000 4.577960 0.030000 5.733970 0.030000 5.507945 0.030000 3.067083 0.030000 3.667333 0.150000 4.925888 0.030000 4.663898 0.030000 1.353189 0.030000 1.739381 0.150000 3.425303 0.030000 3.318110 0.030000 1.977635 0.030000 1.753343 0.030000 4.815719 0.030000 4.726684 0.030000
6.650856 0.030000 6.465237 0.030000 4.503497 0.030000 4.568524 0.030000 5.787929 0.030000 5.549017 0.030000 3.117782 0.030000 3.476275 0.150000 4.933015 0.030000 4.684704 0.030000 1.349048 0.030000 1.544629 0.030000 3.446585 0.150000 3.311008 0.030000 2.001489 0.030000 1.778241 0.030000 4.880663 0.030000 4.788185 0.030000
6.671188 0.030000 6.525504 0.030000 4.512064 0.030000 4.564293 0.030000 5.721164 0.030000 5.615743 0.030000 3.078013 0.030000 3.177367 0.030000 5.388680 0.150000 4.745069 0.030000 1.299351 0.030000 1.528365 0.030000 3.453771 0.030000 3.312488 0.030000 2.037321 0.030000 1.746664 0.030000 5.214624 0.150000 4.742002 0.030000
6.722294 0.030000 6.505910 0.030000 4.534482 0.030000 4.536444 0.030000 5.739217 0.030000 5.557015 0.030000 3.014862 0.030000 3.136215 0.030000 4.933333 0.030000 4.667878 0.030000 1.302343 0.030000 1.463331 0.030000 3.468474 0.030000 3.345852 0.030000 2.030277 0.030000 1.802894 0.030000 4.862956 0.030000 4.799459 0.150000
6.710894 0.030000 6.456653 0.030000 4.550601 0.030000 4.556087 0.030000 6.073420 0.150000 5.589980 0.030000 3.038278 0.030000 3.115889 0.030000 4.954163 0.030000 4.727863 0.030000 1.326315 0.030000 1.485196 0.030000 3.515919 0.030000 3.360059 0.030000 2.106711 0.030000 1.816646 0.030000 4.803079 0.030000 4.785754 0.030000
6.729130 0.030000 6.504439 0.030000 4.561052 0.030000 4.579575 0.030000 5.803872 0.030000 5.580265 0.030000 3.061487 0.030000 3.136512 0.030000 4.993794 0.030000 4.719996 0.030000 1.320293 0.030000 1.485138 0.030000 3.497669 0.030000 3.316591 0.030000 2.082135 0.030000 1.826258 0.030000 4.854860 0.030000 4.982931 0.150000
6.691824 0.030000 6.506184 0.030000 4.478566 0.030000 4.569771 0.030000 5.812166 0.030000 5.560115 0.030000 3.055998 0.030000 3.143015 0.030000 4.939041 0.030000 4.758986 0.030000 1.233761 0.030000 1.510581 0.030000 3.499364 0.030000 3.372492 0.030000 2.057005 0.030000 1.857360 0.030000 4.892334 0.030000 4.728742 0.030000
6.697578 0.030000 6.555285 0.030000 4.508663 0.030000 4.550349 0.030000 5.849081 0.030000 6.764872 0.150000 3.051738 0.030000 3.163846 0.030000 5.071204 0.030000 4.765475 0.030000 1.230083 0.030000 1.446804 0.030000 3.727512 0.150000 3.332195 0.030000 2.075736 0.030000 1.859421 0.030000 4.847511 0.030000 4.789025 0.030000
6.717134 0.030000 6.559253 0.030000 4.480952 0.030000 4.590562 0.030000 5.834241 0.030000 5.576637 0.030000 3.052176 0.030000 3.098317 0.030000 5.010962 0.030000 4.663980 0.150000 1.189516 0.030000 1.473442 0.030000 3.530492 0.030000 3.358591 0.030000 2.047886 0.030000 1.887239 0.030000 4.797318 0.030000 4.756549 0.030000
6.752522 0.030000 6.490535 0.030000 4.521143 0.030000 4.569520 0.030000 5.877758 0.030000 5.586637 0.030000 2.991472 0.030000 3.147472 0.030000 5.011137 0.030000 4.784176 0.030000 1.294087 0.030000 1.476584 0.030000 3.487828 0.030000 3.337597 0.030000 2.119688 0.030000 1.815300 0.030000 4.964392 0.150000 4.774290 0.030000
6.715436 0.030000 6.561989 0.030000 4.898054 0.150000 4.587731 0.030000 5.845734 0.030000 5.635924 0.030000 2.977244 0.030000 3.101306 0.030000 5.055401 0.030000 5.390160 0.150000 1.217038 0.030000 1.522324 0.030000 3.520871 0.030000 3.331082 0.030000 2.086783 0.030000 1.795980 0.030000 4.863677 0.030000 4.757574 0.030000
6.730783 0.030000 6.566909 0.030000 4.541662 0.030000 4.607575 0.030000 5.899720 0.030000 5.655232 0.150000 3.015048 0.030000 3.050734 0.030000 5.063862 0.030000 4.766608 0.030000 1.381619 0.150000 1.449811 0.030000 3.468205 0.030000 3.408765 0.030000 2.088606 0.030000 1.849148 0.030000 4.847748 0.030000 4.748299 0.030000
6.770231 0.030000 6.552133 0.030000 4.760537 0.150000 4.582274 0.030000 5.831112 0.030000 5.757534 0.150000 3.044131 0.030000 3.103701 0.030000 5.028633 0.030000 4.857865 0.030000 1.279547 0.030000 1.458910 0.030000 3.516969 0.030000 3.399244 0.030000 2.323914 0.150000 1.827341 0.150000 4.875128 0.030000 4.786370 0.030000
6.744233 0.030000 6.564076 0.030000 4.530702 0.030000 4.568956 0.030000 5.872685 0.030000 5.676537 0.030000 2.984211 0.030000 3.120388 0.030000 5.072344 0.030000 4.909087 0.030000 1.246289 0.030000 1.390526 0.030000 3.547724 0.030000 3.401737 0.030000 2.055753 0.030000 1.872353 0.030000 4.841161 0.030000 4.787311 0.030000
6.821428 0.030000 6.597817 0.030000 4.521946 0.030000 4.585446 0.030000 5.803354 0.030000 5.647464 0.030000 3.046561 0.030000 3.118414 0.030000 5.040566 0.030000 4.810344 0.030000 1.247062 0.030000 1.423586 0.030000 5.249089 0.150000 3.430021 0.030000 2.103050 0.030000 1.889277 0.030000 4.922394 0.030000 4.771381 0.030000
6.752683 0.030000 6.563937 0.030000 4.510163 0.030000 4.661476 0.150000 5.804149 0.030000 5.713325 0.030000 2.993102 0.030000 3.200756 0.030000 5.061186 0.030000 4.842556 0.030000 1.195803 0.030000 1.357195 0.030000 3.494449 0.030000 3.440353 0.030000 1.872287 0.150000 1.913217 0.030000 4.932793 0.030000 4.772396 0.030000
6.811347 0.030000 6.548559 0.030000 4.546257 0.030000 4.539703 0.030000 5.889107 0.030000 5.664146 0.030000 2.947769 0.030000 3.073946 0.030000 5.050328 0.030000 4.845942 0.030000 1.192496 0.030000 1.353405 0.030000 3.509929 0.030000 3.413093 0.030000 2.148873 0.030000 1.892189 0.030000 4.872356 0.030000 4.782338 0.030000
6.846499 0.030000 6.624942 0.030000 5.049984 0.150000 4.496401 0.030000 5.915079 0.030000 5.682118 0.030000 2.979649 0.030000 3.091803 0.030000 4.986070 0.150000 4.815059 0.030000 1.242849 0.030000 1.343126 0.030000 4.379474 0.150000 3.429158 0.030000 2.208505 0.030000 1.940889 0.030000 4.918906 0.030000 4.751607 0.030000
7.140853 0.150000 6.559673 0.030000 4.547028 0.030000 4.793838 0.150000 5.930090 0.030000 5.714387 0.030000 3.185669 0.150000 3.104836 0.030000 5.098676 0.030000 4.856183 0.030000 1.151871 0.030000 1.324921 0.030000 3.503918 0.030000 3.500203 0.030000 2.393236 0.150000 1.920963 0.030000 4.937788 0.030000 5.508615 0.150000
6.853227 0.030000 6.569888 0.030000 4.478026 0.030000 4.491643 0.030000 5.845240 0.030000 5.731404 0.030000 2.991926 0.030000 3.127576 0.030000 5.083455 0.030000 4.866319 0.030000 1.186039 0.030000 1.398790 0.030000 3.979406 0.150000 3.440847 0.030000 2.251225 0.030000 1.894029 0.030000 5.085663 0.150000 4.768589 0.030000
6.809841 0.030000 6.605933 0.030000 4.566409 0.030000 4.472966 0.030000 6.919227 0.150000 5.715595 0.030000 2.929359 0.030000 3.081550 0.030000 5.094773 0.030000 4.896695 0.150000 1.318193 0.150000 1.720182 0.150000 3.529978 0.030000 3.476266 0.030000 2.248358 0.030000 1.973694 0.030000 4.972217 0.030000 4.806208 0.030000
6.801887 0.030000 6.579998 0.030000 4.590704 0.030000 4.529813 0.030000 6.902538 0.150000 5.780651 0.030000 2.886603 0.030000 3.057348 0.030000 5.095694 0.030000 4.857602 0.030000 1.208650 0.030000 1.301690 0.030000 3.489197 0.030000 3.432356 0.030000 2.229546 0.030000 1.982738 0.030000 5.373443 0.150000 4.815126 0.030000
6.864893 0.030000 6.622499 0.150000 4.552412 0.030000 4.529099 0.030000 5.898925 0.030000 6.716692 0.150000 3.342677 0.150000 3.381945 0.150000 4.791024 0.150000 4.936423 0.030000 1.204358 0.030000 1.327726 0.030000 3.472522 0.030000 3.472482 0.030000 2.186734 0.030000 1.929760 0.030000 4.978356 0.030000 4.839387 0.030000
6.932507 0.030000 6.633040 0.030000 4.591261 0.030000 4.529141 0.030000 5.837797 0.030000 5.770120 0.030000 2.931809 0.030000 3.142651 0.150000 5.157839 0.030000 4.939167 0.030000 1.178774 0.030000 1.274143 0.030000 3.490859 0.030000 3.473678 0.030000 2.260952 0.030000 1.977053 0.030000 5.007302 0.030000 4.819442 0.030000
6.952199 0.030000 6.651058 0.030000 4.563689 0.030000 4.469809 0.030000 5.876368 0.030000 5.795242 0.030000 2.886845 0.030000 3.070880 0.030000 5.202264 0.030000 4.937910 0.030000 1.236072 0.030000 1.284591 0.030000 3.454203 0.150000 3.508769 0.030000 2.331612 0.150000 2.283578 0.150000 5.024213 0.030000 4.767415 0.030000
6.960500 0.030000 6.522725 0.150000 4.647364 0.030000 4.488660 0.030000 5.924687 0.030000 5.823246 0.030000 2.851119 0.030000 3.049227 0.030000 5.191833 0.030000 5.026596 0.030000 1.215210 0.030000 1.261389 0.030000 3.498873 0.030000 3.499039 0.030000 2.285644 0.030000 2.131525 0.150000 5.074577 0.030000 4.783541 0.030000
6.862289 0.150000 6.789595 0.030000 4.699727 0.030000 4.446680 0.030000 5.913730 0.030000 5.856565 0.030000 2.863162 0.030000 3.067534 0.030000 5.216666 0.030000 5.003950 0.030000 1.237124 0.030000 1.275589 0.030000 3.483032 0.030000 3.548696 0.030000 2.283198 0.030000 2.095391 0.030000 5.076582 0.030000 4.791971 0.030000
6.941867 0.030000 6.804305 0.030000 4.691389 0.030000 4.533489 0.030000 5.865856 0.030000 5.806613 0.030000 2.756149 0.030000 3.060898 0.030000 5.190213 0.030000 5.091732 0.030000 1.217460 0.030000 1.238248 0.030000 3.374237 0.030000 3.491753 0.030000 2.253125 0.030000 2.098751 0.030000 5.134601 0.030000 4.890872 0.030000
6.986910 0.030000 6.837107 0.030000 4.691164 0.030000 4.474905 0.030000 5.924888 0.030000 5.870204 0.030000 3.227933 0.150000 2.989586 0.030000 5.192682 0.030000 5.054612 0.030000 1.226829 0.030000 1.192169 0.030000 3.417477 0.030000 3.518172 0.030000 2.380795 0.030000 2.121120 0.030000 5.183985 0.030000 4.901666 0.030000
7.195433 0.150000 6.773527 0.030000 4.727518 0.030000 4.520010 0.030000 5.840667 0.030000 5.884088 0.030000 2.768028 0.030000 2.958959 0.030000 5.218715 0.030000 5.051057 0.030000 1.270096 0.030000 1.252974 0.030000 3.441037 0.030000 3.478908 0.030000 2.367771 0.030000 2.172962 0.030000 5.111337 0.030000 4.925884 0.030000
7.078571 0.030000 7.108224 0.150000 4.736504 0.030000 4.544041 0.030000 5.891620 0.030000 5.888431 0.030000 2.729083 0.030000 2.959978 0.030000 5.221093 0.030000 5.071999 0.030000 1.251495 0.030000 1.206370 0.030000 3.381680 0.030000 3.492814 0.030000 2.369109 0.030000 2.160289 0.030000 5.214827 0.030000 4.963498 0.030000
7.118865 0.030000 6.820171 0.030000 5.242390 0.150000 4.546902 0.030000 5.809926 0.030000 5.894756 0.030000 2.672169 0.030000 2.930164 0.030000 5.183329 0.150000 5.124239 0.150000 1.319769 0.030000 1.195530 0.030000 3.418357 0.030000 3.492669 0.030000 2.376173 0.030000 2.190661 0.030000 5.191471 0.030000 5.005385 0.030000
7.101495 0.030000 6.942836 0.030000 4.777298 0.030000 4.612725 0.030000 5.844055 0.030000 5.864139 0.030000 2.652440 0.030000 2.898884 0.150000 5.245025 0.030000 5.103646 0.030000 1.370653 0.030000 1.262578 0.030000 3.890250 0.150000 3.509373 0.030000 2.386118 0.030000 2.208833 0.030000 5.251644 0.030000 5.047268 0.030000
7.135245 0.030000 6.876605 0.030000 4.813868 0.030000 4.598416 0.030000 5.850873 0.030000 5.938261 0.030000 2.663352 0.030000 2.904898 0.030000 5.317188 0.030000 5.147298 0.030000 1.380795 0.030000 1.222640 0.030000 3.325218 0.030000 4.329628 0.150000 2.419495 0.030000 2.231630 0.030000 5.254192 0.030000 5.000638 0.030000
7.733075 0.150000 6.829476 0.150000 4.850479 0.030000 4.621189 0.030000 5.957376 0.150000 5.867229 0.030000 2.918875 0.150000 2.834323 0.030000 5.285817 0.030000 5.160686 0.030000 1.648708 0.150000 1.270374 0.030000 3.304568 0.030000 3.497796 0.030000 2.721868 0.150000 2.244037 0.030000 5.358676 0.030000 5.030269 0.030000
7.139891 0.030000 6.965310 0.030000 4.924767 0.030000 4.657433 0.030000 5.824764 0.030000 5.876109 0.030000 2.574675 0.030000 2.785996 0.030000 5.270919 0.030000 5.170822 0.030000 1.907652 0.150000 1.266361 0.030000 3.290912 0.030000 3.471185 0.150000 2.469352 0.030000 2.326045 0.030000 5.364056 0.030000 5.102156 0.030000
7.151550 0.030000 6.987956 0.030000 4.983083 0.030000 4.688775 0.150000 5.796586 0.030000 5.904038 0.030000 2.562435 0.030000 2.795102 0.030000 5.309456 0.030000 5.198968 0.030000 1.430646 0.030000 1.220207 0.030000 3.232591 0.030000 3.429105 0.030000 2.434816 0.030000 2.343791 0.030000 5.383895 0.030000 5.155860 0.030000
7.255119 0.030000 7.090406 0.030000 4.951338 0.030000 4.715498 0.030000 5.805555 0.030000 5.919028 0.030000 2.490181 0.030000 2.722312 0.030000 5.314951 0.030000 5.223778 0.030000 1.445252 0.030000 1.292125 0.030000 3.246881 0.030000 3.356437 0.030000 2.484312 0.030000 2.343084 0.030000 5.431378 0.030000 5.164848 0.030000
7.240270 0.030000 7.046688 0.030000 4.959176 0.030000 4.662956 0.030000 5.757679 0.030000 5.824089 0.030000 2.489839 0.030000 2.757754 0.030000 5.422629 0.150000 5.363199 0.150000 1.470681 0.030000 1.245924 0.030000 3.200398 0.030000 3.388879 0.030000 2.481015 0.030000 2.370914 0.030000 5.373517 0.030000 5.128481 0.030000
7.449988 0.150000 7.037622 0.030000 5.018208 0.030000 4.780230 0.030000 5.711458 0.030000 5.847925 0.030000 2.481894 0.030000 2.673128 0.030000 5.351205 0.030000 5.258566 0.030000 1.499182 0.030000 1.346025 0.030000 3.250775 0.030000 3.422602 0.030000 2.494440 0.030000 2.374844 0.030000 5.478044 0.030000 5.220302 0.030000
7.236331 0.030000 7.092141 0.030000 5.052109 0.030000 4.804246 0.030000 5.698562 0.030000 5.857266 0.030000 3.159642 0.150000 2.681716 0.030000 5.285470 0.030000 5.240542 0.030000 1.479393 0.030000 1.302310 0.030000 3.138479 0.030000 3.363342 0.030000 2.517083 0.030000 2.424409 0.030000 5.472529 0.030000 5.189207 0.030000
7.273852 0.030000 7.096898 0.030000 5.068194 0.030000 4.816502 0.030000 5.755587 0.030000 5.851047 0.030000 2.410173 0.030000 2.629505 0.030000 5.672598 0.150000 5.303625 0.030000 1.528327 0.030000 1.371840 0.030000 3.178657 0.030000 3.342354 0.030000 2.579143 0.030000 2.432136 0.030000 5.486828 0.030000 5.232324 0.030000
7.293099 0.030000 7.110056 0.030000 5.339217 0.150000 4.899198 0.030000 5.726049 0.030000 5.805276 0.030000 2.385598 0.030000 2.553203 0.030000 5.300928 0.030000 5.261707 0.030000 1.599502 0.030000 1.401044 0.030000 3.184914 0.030000 3.318545 0.030000 2.529262 0.030000 2.424136 0.030000 5.466849 0.030000 5.257520 0.030000
7.369194 0.030000 7.140923 0.030000 5.081041 0.030000 4.911513 0.030000 5.706792 0.030000 5.796504 0.030000 2.300721 0.030000 2.589234 0.030000 5.263336 0.030000 5.275307 0.030000 1.570638 0.150000 2.100226 0.150000 3.102448 0.030000 3.285999 0.030000 2.560057 0.030000 2.420367 0.030000 5.551036 0.030000 5.355831 0.030000
7.332711 0.030000 7.151765 0.030000 5.691103 0.150000 4.959587 0.030000 6.056621 0.150000 5.826389 0.030000 3.013190 0.150000 2.542406 0.030000 5.399429 0.030000 5.307384 0.030000 1.612289 0.030000 1.429398 0.030000 3.117276 0.030000 3.266148 0.030000 2.575708 0.030000 2.459596 0.030000 5.511765 0.030000 5.314223 0.030000
7.352117 0.030000 7.198796 0.030000 5.157041 0.030000 4.984200 0.030000 5.668704 0.030000 5.808703 0.030000 2.281881 0.030000 3.115651 0.150000 5.632695 0.150000 5.328152 0.030000 1.632398 0.030000 1.459423 0.030000 3.045887 0.030000 3.254724 0.030000 2.600618 0.030000 2.455982 0.030000 5.606606 0.030000 5.348931 0.030000
7.419824 0.030000 7.261685 0.030000 5.263426 0.030000 4.965715 0.030000 5.654009 0.030000 5.766038 0.030000 2.259077 0.030000 2.461133 0.030000 5.311219 0.030000 5.256587 0.030000 1.704699 0.030000 1.456574 0.030000 3.070669 0.030000 3.200840 0.030000 2.602841 0.030000 2.499191 0.030000 5.623778 0.030000 5.388262 0.030000
7.351684 0.030000 7.216990 0.030000 5.225898 0.030000 4.970181 0.030000 5.687990 0.030000 5.761444 0.030000 2.195968 0.030000 2.458899 0.030000 5.379222 0.030000 5.541854 0.150000 1.696991 0.030000 1.477587 0.030000 3.548369 0.150000 3.266643 0.030000 2.643639 0.030000 2.448974 0.030000 5.656458 0.030000 5.388662 0.030000
7.473747 0.030000 7.228917 0.030000 5.276022 0.030000 5.010859 0.030000 5.660407 0.030000 5.773638 0.030000 2.158393 0.030000 2.413784 0.030000 5.344728 0.030000 5.867033 0.150000 2.252326 0.150000 1.509875 0.030000 3.018587 0.030000 3.161605 0.030000 2.653017 0.030000 2.466183 0.030000 5.712866 0.030000 5.445181 0.030000
7.420931 0.030000 7.220489 0.150000 5.336124 0.030000 5.040746 0.030000 5.687231 0.030000 5.877556 0.150000 2.132980 0.030000 2.438819 0.030000 5.410533 0.030000 5.340655 0.030000 1.773233 0.030000 1.782954 0.150000 2.993031 0.030000 3.296611 0.150000 2.649274 0.030000 2.511345 0.030000 5.686820 0.030000 5.438359 0.030000
7.475387 0.030000 7.334662 0.030000 5.361510 0.030000 5.101185 0.030000 5.661963 0.030000 5.720762 0.030000 2.107247 0.030000 2.357127 0.030000 5.430887 0.030000 5.339491 0.030000 1.918609 0.150000 1.549200 0.030000 2.996947 0.030000 3.169435 0.030000 2.780776 0.150000 2.560510 0.030000 5.736974 0.030000 5.479539 0.030000
7.527249 0.030000 7.313826 0.030000 5.350342 0.030000 5.130447 0.030000 5.664219 0.030000 5.715810 0.030000 2.094140 0.030000 2.351368 0.030000 5.435982 0.030000 5.349982 0.030000 1.806581 0.030000 1.608177 0.030000 2.960349 0.030000 3.139932 0.030000 2.695090 0.030000 2.544145 0.030000 5.759507 0.030000 6.150995 0.150000
7.453557 0.030000 7.359958 0.030000 5.402390 0.030000 5.501185 0.150000 5.654656 0.030000 5.724899 0.030000 2.049869 0.030000 2.280228 0.030000 5.397312 0.030000 5.358683 0.030000 1.780815 0.030000 1.655879 0.030000 2.936733 0.030000 3.450455 0.150000 2.728929 0.030000 2.533211 0.030000 5.800227 0.030000 5.582511 0.030000
7.543652 0.030000 7.335596 0.030000 5.442303 0.030000 5.210205 0.030000 5.590941 0.030000 5.692876 0.030000 2.136721 0.030000 2.614119 0.150000 5.391055 0.030000 5.325637 0.030000 1.827335 0.030000 1.586445 0.030000 2.952388 0.030000 3.081486 0.030000 2.706403 0.030000 2.599637 0.030000 5.875791 0.030000 5.603389 0.030000
7.658272 0.150000 7.377216 0.030000 5.495993 0.030000 5.154443 0.030000 5.618024 0.030000 5.722227 0.030000 2.330885 0.150000 2.263071 0.030000 5.438427 0.030000 5.347589 0.030000 1.894578 0.030000 1.674515 0.030000 2.934875 0.030000 3.077556 0.030000 2.735086 0.030000 2.647307 0.030000 5.864383 0.030000 5.696822 0.150000
7.585126 0.030000 7.402747 0.030000 5.472679 0.030000 5.170517 0.030000 6.562504 0.150000 5.710611 0.030000 2.587651 0.150000 2.199976 0.030000 5.440665 0.030000 5.339894 0.030000 1.905472 0.030000 1.676530 0.030000 2.868248 0.030000 3.049966 0.030000 2.771538 0.030000 2.641494 0.030000 5.863220 0.030000 5.637642 0.030000
7.620739 0.030000 7.442704 0.030000 5.498603 0.030000 5.203785 0.030000 5.563666 0.030000 5.671339 0.030000 1.924746 0.030000 2.191002 0.030000 5.456394 0.030000 5.402996 0.030000 1.899700 0.030000 1.751172 0.030000 2.852045 0.030000 3.003569 0.030000 2.793816 0.030000 2.662043 0.030000 5.962660 0.030000 5.657959 0.030000
7.635272 0.030000 7.443457 0.030000 5.359033 0.150000 5.308161 0.030000 5.616951 0.030000 5.659416 0.030000 1.945151 0.030000 2.200273 0.030000 5.474293 0.030000 5.452099 0.030000 1.944578 0.030000 1.780567 0.030000 2.808526 0.030000 3.985834 0.150000 2.807678 0.030000 2.692465 0.030000 5.953083 0.030000 5.709250 0.030000
7.659748 0.030000 7.458615 0.030000 5.592863 0.030000 5.335696 0.030000 5.577037 0.030000 5.693400 0.030000 1.897686 0.030000 2.142875 0.030000 5.458631 0.030000 5.391044 0.030000 1.960308 0.030000 1.784649 0.030000 2.834286 0.030000 2.968460 0.030000 2.864758 0.030000 2.651623 0.030000 5.809368 0.150000 5.739624 0.030000
7.713385 0.030000 7.459879 0.030000 5.609151 0.030000 5.349681 0.030000 5.608740 0.030000 5.642548 0.030000 1.908886 0.030000 2.100870 0.030000 5.475896 0.030000 5.295338 0.150000 2.001806 0.030000 1.767884 0.030000 2.821947 0.030000 2.983439 0.030000 2.841615 0.030000 2.660832 0.030000 6.030224 0.030000 5.745355 0.030000
7.696852 0.030000 7.512516 0.030000 5.595822 0.030000 5.325939 0.030000 5.552650 0.030000 5.687632 0.030000 1.863393 0.030000 2.063898 0.030000 5.529960 0.030000 5.401534 0.030000 2.048125 0.030000 1.765751 0.030000 3.393438 0.150000 3.557890 0.150000 2.862109 0.030000 2.715902 0.030000 6.091178 0.030000 5.758014 0.030000
7.658190 0.030000 7.515905 0.030000 5.619677 0.030000 5.404033 0.030000 5.515823 0.030000 5.639211 0.030000 1.852930 0.030000 2.072092 0.030000 5.547591 0.030000 5.396793 0.030000 2.062516 0.030000 1.865555 0.030000 2.948939 0.150000 2.950547 0.030000 2.881057 0.030000 2.806401 0.030000 6.015175 0.030000 5.796143 0.030000
7.866892 0.150000 7.506623 0.030000 5.689605 0.030000 5.376675 0.030000 5.529698 0.030000 5.638696 0.030000 1.837047 0.030000 2.033292 0.030000 5.959353 0.150000 5.226278 0.150000 2.066653 0.030000 1.851705 0.030000 2.709473 0.030000 2.962682 0.030000 2.904215 0.030000 2.742452 0.030000 5.994780 0.030000 5.867566 0.030000
7.754666 0.030000 7.544592 0.030000 6.211383 0.150000 5.485219 0.150000 5.532216 0.030000 5.616491 0.030000 1.830523 0.030000 2.068626 0.030000 6.593034 0.150000 5.444912 0.030000 2.109698 0.030000 2.315246 0.150000 2.680964 0.030000 2.908411 0.030000 2.905401 0.030000 2.760094 0.030000 6.079985 0.030000 5.838590 0.030000
7.778623 0.030000 7.580356 0.030000 5.951901 0.150000 5.458964 0.030000 5.564957 0.030000 5.646121 0.030000 1.751906 0.030000 1.989295 0.030000 5.496768 0.030000 5.440051 0.030000 2.099144 0.030000 1.871270 0.030000 2.748218 0.030000 2.928250 0.030000 2.836443 0.030000 2.721972 0.030000 6.129762 0.030000 6.688063 0.150000
7.777711 0.030000 7.571638 0.030000 5.760908 0.030000 5.500319 0.030000 5.497570 0.030000 5.592213 0.030000 1.768079 0.030000 1.969885 0.150000 5.547344 0.030000 5.470139 0.030000 2.081117 0.030000 1.908044 0.030000 2.786506 0.030000 2.887295 0.030000 2.941897 0.030000 2.784042 0.030000 6.138951 0.030000 6.216121 0.150000
7.787626 0.030000 8.036354 0.150000 5.762809 0.030000 5.518699 0.030000 5.337920 0.150000 5.627982 0.030000 1.753131 0.030000 1.944436 0.030000 5.547095 0.030000 5.463588 0.030000 2.155604 0.030000 2.099849 0.150000 2.744454 0.030000 2.874445 0.030000 2.993176 0.030000 2.809565 0.030000 6.133319 0.030000 5.876038 0.030000
7.794400 0.030000 7.595424 0.030000 5.762461 0.030000 5.527713 0.030000 5.503064 0.030000 5.575846 0.030000 1.695683 0.030000 1.930145 0.030000 5.539127 0.030000 5.494363 0.150000 2.191417 0.030000 1.942573 0.030000 2.651418 0.030000 2.854580 0.030000 2.974976 0.030000 2.812871 0.030000 6.178861 0.030000 5.934219 0.030000
7.838166 0.150000 7.651663 0.030000 5.845916 0.030000 5.604653 0.030000 5.499791 0.030000 5.548771 0.030000 1.768706 0.030000 1.932064 0.030000 5.510977 0.030000 5.488288 0.030000 2.235966 0.030000 2.031277 0.150000 2.943432 0.150000 2.894330 0.030000 3.001487 0.030000 2.798904 0.030000 6.177770 0.030000 5.988513 0.030000
7.891579 0.030000 7.601111 0.030000 5.766447 0.030000 5.691872 0.150000 5.786632 0.150000 5.563843 0.030000 1.703821 0.030000 1.884241 0.030000 5.611333 0.030000 5.478180 0.030000 2.206677 0.030000 1.925369 0.030000 2.639315 0.030000 3.109155 0.150000 2.963670 0.030000 2.824910 0.030000 6.202780 0.030000 5.958301 0.030000
7.856907 0.030000 7.598330 0.030000 5.798362 0.030000 5.549604 0.030000 5.542613 0.030000 5.589923 0.030000 1.702864 0.030000 1.884435 0.030000 5.613989 0.030000 5.530907 0.030000 2.260286 0.030000 2.018160 0.030000 2.691874 0.030000 2.839306 0.030000 2.982244 0.030000 2.778153 0.030000 6.237913 0.030000 5.808778 0.150000
7.825552 0.030000 7.679860 0.030000 5.840378 0.030000 6.041026 0.150000 5.461561 0.030000 5.567806 0.030000 1.627391 0.030000 1.954146 0.030000 5.639078 0.150000 5.524116 0.030000 2.218677 0.030000 2.022958 0.030000 2.651303 0.030000 2.770426 0.150000 2.972487 0.030000 2.845379 0.030000 6.218300 0.030000 6.512370 0.150000
7.894381 0.030000 7.696540 0.030000 5.836273 0.030000 5.626513 0.030000 5.456730 0.030000 5.550622 0.030000 1.648810 0.030000 1.824011 0.030000 5.610967 0.030000 5.492525 0.030000 2.250140 0.030000 2.018421 0.030000 2.632826 0.030000 3.234435 0.150000 2.995808 0.030000 2.848235 0.030000 6.319841 0.030000 6.000308 0.030000
7.855301 0.030000 7.887323 0.150000 6.100192 0.150000 5.652731 0.030000 5.486747 0.030000 5.508726 0.030000 1.652161 0.030000 1.890816 0.030000 5.564552 0.030000 5.475281 0.030000 2.263516 0.030000 2.064439 0.030000 2.645456 0.030000 2.756591 0.030000 3.018882 0.030000 2.846341 0.030000 6.297640 0.030000 5.962724 0.030000
7.898361 0.030000 8.470774 0.150000 5.895401 0.030000 5.837425 0.150000 5.425905 0.030000 5.571239 0.030000 2.422532 0.150000 1.825343 0.030000 5.548631 0.030000 5.456546 0.030000 2.292929 0.030000 2.047835 0.030000 2.648687 0.030000 2.741913 0.030000 3.112755 0.030000 2.890887 0.030000 6.198769 0.030000 6.185273 0.150000
7.917757 0.030000 7.776691 0.030000 5.882191 0.030000 5.620800 0.030000 5.475651 0.030000 5.527759 0.030000 1.616955 0.030000 1.835249 0.030000 5.621949 0.030000 5.534508 0.030000 2.294482 0.030000 2.131131 0.030000 2.636608 0.030000 2.756658 0.030000 3.058309 0.030000 2.897023 0.030000 6.390692 0.150000 6.051061 0.030000
7.881925 0.030000 7.754871 0.030000 5.899669 0.030000 5.679175 0.030000 5.475129 0.030000 5.493482 0.030000 1.572709 0.030000 1.790689 0.030000 5.583598 0.030000 5.539689 0.030000 2.243746 0.030000 2.066449 0.030000 2.948480 0.150000 2.727667 0.030000 3.098258 0.030000 4.251682 0.150000 6.402228 0.150000 6.093032 0.030000
7.962596 0.030000 8.112139 0.150000 5.943607 0.030000 5.651922 0.030000 5.484618 0.030000 5.944281 0.150000 1.624575 0.030000 1.840596 0.030000 5.660881 0.030000 5.551158 0.030000 2.351289 0.030000 2.115249 0.030000 2.582737 0.030000 3.396547 0.150000 3.118459 0.030000 2.907465 0.030000 6.316212 0.030000 6.030573 0.030000
7.903072 0.030000 7.807511 0.030000 5.920484 0.030000 5.678867 0.030000 5.462114 0.030000 5.529747 0.030000 1.564577 0.030000 1.713232 0.030000 5.628855 0.030000 5.536395 0.030000 2.346984 0.030000 2.100657 0.030000 2.597053 0.030000 2.720179 0.030000 3.138908 0.030000 2.932308 0.030000 6.314454 0.030000 6.096831 0.030000
7.957390 0.030000 7.802318 0.030000 6.032038 0.030000 5.728882 0.030000 5.516202 0.030000 5.567406 0.030000 1.586229 0.030000 1.747590 0.030000 5.643586 0.030000 5.542684 0.030000 2.365767 0.030000 2.131195 0.030000 2.615143 0.030000 2.614472 0.150000 3.113976 0.030000 2.919827 0.030000 6.344528 0.030000 6.160937 0.030000
7.955078 0.030000 8.064081 0.150000 5.991980 0.030000 5.703562 0.030000 5.451274 0.030000 5.517324 0.030000 1.499590 0.030000 2.150849 0.150000 5.657100 0.030000 5.588224 0.030000 2.389341 0.030000 2.265667 0.150000 2.639182 0.030000 2.788394 0.150000 3.162665 0.030000 2.963225 0.030000 6.337364 0.030000 6.114397 0.030000
7.960072 0.030000 7.763187 0.030000 5.958431 0.030000 5.763252 0.030000 5.395649 0.030000 5.492115 0.030000 1.613434 0.150000 1.793203 0.030000 5.635468 0.030000 5.541687 0.030000 2.371606 0.030000 2.145687 0.030000 3.511227 0.150000 2.661480 0.030000 3.109356 0.030000 2.921388 0.030000 6.443501 0.030000 6.165209 0.030000
8.011902 0.030000 7.825567 0.030000 5.979482 0.030000 5.778804 0.030000 5.412384 0.030000 5.489698 0.030000 1.526498 0.030000 1.739335 0.030000 5.674286 0.030000 5.578957 0.030000 2.234489 0.150000 2.208060 0.030000 2.606512 0.030000 2.673503 0.030000 3.151680 0.030000 2.989447 0.030000 6.736189 0.150000 6.143385 0.030000
7.956692 0.030000 7.805396 0.030000 6.001632 0.030000 5.820082 0.030000 5.456063 0.030000 5.531520 0.030000 1.467552 0.030000 1.764408 0.030000 5.654332 0.030000 5.588754 0.030000 2.693370 0.150000 2.155469 0.030000 2.581000 0.030000 2.658418 0.030000 3.149828 0.030000 2.916562 0.030000 6.369611 0.030000 6.160263 0.030000
8.003597 0.030000 7.810665 0.030000 6.024543 0.030000 5.737098 0.030000 5.456767 0.030000 5.501393 0.030000 1.477128 0.030000 1.741114 0.030000 5.664933 0.030000 5.603773 0.030000 2.496853 0.030000 2.200647 0.030000 2.558846 0.030000 2.679832 0.030000 3.131224 0.030000 2.921055 0.030000 6.393739 0.030000 6.203684 0.030000
7.980410 0.030000 7.890426 0.030000 6.067043 0.030000 5.786204 0.030000 5.451221 0.030000 5.479086 0.030000 1.443960 0.030000 1.748148 0.030000 5.662875 0.030000 5.542041 0.030000 2.447875 0.030000 2.173323 0.030000 2.550560 0.030000 2.712852 0.030000 3.261933 0.150000 3.002912 0.030000 6.379657 0.030000 6.188796 0.030000
8.050324 0.030000 7.881127 0.030000 6.063326 0.030000 5.822564 0.030000 5.428820 0.030000 5.627946 0.150000 1.507889 0.030000 1.847468 0.150000 5.699564 0.150000 5.547445 0.030000 2.488821 0.030000 2.192340 0.030000 2.823048 0.150000 2.674958 0.030000 3.126511 0.030000 2.952748 0.030000 6.586185 0.150000 6.229986 0.030000
8.000668 0.030000 7.833156 0.030000 6.081932 0.030000 5.798382 0.030000 5.421106 0.030000 5.533093 0.030000 1.439372 0.030000 1.732154 0.030000 5.711489 0.030000 5.577466 0.030000 2.450450 0.030000 2.206965 0.030000 2.519855 0.030000 2.702163 0.030000 3.150661 0.030000 2.995289 0.030000 6.473861 0.030000 6.231650 0.030000
8.036005 0.030000 7.787116 0.030000 6.099804 0.030000 5.786317 0.030000 5.465703 0.030000 5.431639 0.030000 1.465952 0.030000 1.626919 0.030000 5.676813 0.030000 5.541824 0.030000 2.736539 0.150000 2.236832 0.030000 2.501146 0.030000 2.507989 0.150000 3.193173 0.030000 3.045310 0.030000 7.645813 0.150000 6.233722 0.030000
8.086726 0.030000 7.819553 0.030000 6.147317 0.030000 6.086420 0.150000 5.414623 0.030000 5.474156 0.030000 1.931200 0.150000 1.594293 0.030000 5.722054 0.030000 5.653461 0.150000 2.516373 0.030000 2.223671 0.030000 2.860718 0.150000 2.609588 0.030000 3.205703 0.030000 3.051038 0.150000 6.427506 0.030000 6.220121 0.030000
8.069812 0.030000 7.870977 0.030000 6.052108 0.030000 5.836270 0.030000 6.827478 0.150000 5.474196 0.030000 1.438171 0.030000 1.718366 0.030000 5.643465 0.030000 5.599742 0.030000 2.441590 0.030000 2.256949 0.030000 2.515572 0.030000 2.645015 0.030000 3.186666 0.030000 3.026414 0.030000 6.493163 0.030000 6.205572 0.030000
8.474060 0.150000 7.835730 0.030000 6.131897 0.030000 5.900154 0.030000 5.403620 0.030000 5.526042 0.030000 1.475290 0.030000 1.654691 0.030000 5.720593 0.030000 5.684685 0.030000 2.504737 0.030000 2.239233 0.030000 2.530295 0.030000 2.669812 0.030000 3.211673 0.030000 3.066860 0.030000 6.408977 0.030000 6.725019 0.150000
8.046250 0.030000 7.840703 0.030000 6.105767 0.030000 5.854749 0.030000 5.420927 0.030000 5.552093 0.030000 1.501625 0.030000 1.651239 0.030000 5.701289 0.030000 5.614980 0.030000 2.482258 0.030000 2.224232 0.030000 2.497512 0.030000 2.625436 0.030000 3.207240 0.030000 3.028910 0.030000 6.458406 0.030000 6.233023 0.030000
8.043394 0.030000 7.880714 0.030000 6.140133 0.030000 5.891581 0.030000 5.405009 0.030000 5.453558 0.030000 1.403288 0.030000 1.712163 0.030000 5.664698 0.030000 5.618392 0.030000 2.507697 0.030000 2.242902 0.030000 2.483573 0.030000 2.698161 0.030000 3.162432 0.030000 3.064045 0.030000 6.536288 0.030000 6.789953 0.150000
8.010691 0.030000 7.905462 0.030000 6.098323 0.030000 5.842088 0.030000 5.429747 0.030000 5.488616 0.030000 1.477251 0.030000 1.670837 0.030000 5.698932 0.030000 5.650023 0.030000 2.520682 0.030000 2.268439 0.030000 2.470854 0.030000 2.647865 0.030000 3.213325 0.030000 3.017656 0.030000 6.470638 0.030000 6.256271 0.030000
8.047501 0.030000 7.925454 0.030000 6.103229 0.030000 5.916300 0.150000 5.417777 0.030000 5.466102 0.030000 1.407357 0.030000 1.654567 0.030000 5.755223 0.030000 5.565429 0.030000 2.542820 0.030000 2.238724 0.030000 3.641335 0.150000 2.649616 0.030000 3.251147 0.030000 3.077546 0.030000 6.467789 0.030000 6.256307 0.030000
8.065340 0.030000 7.892464 0.030000 6.137812 0.030000 5.857246 0.030000 5.753609 0.150000 5.466533 0.030000 1.416111 0.030000 1.597786 0.030000 5.657808 0.030000 5.650423 0.030000 2.557050 0.030000 2.276527 0.030000 2.486260 0.030000 2.649010 0.030000 3.233707 0.030000 3.100217 0.150000 6.438754 0.030000 6.325742 0.030000
8.392862 0.150000 7.903922 0.030000 6.113272 0.030000 5.852611 0.030000 5.452053 0.030000 5.463082 0.030000 1.408415 0.030000 1.636967 0.030000 5.673957 0.030000 5.616120 0.030000 2.484523 0.030000 2.236921 0.030000 2.471234 0.030000 2.626874 0.030000 3.200872 0.030000 3.063491 0.030000 6.484768 0.030000 6.295042 0.030000
9.108997 0.150000 7.913005 0.030000 6.158607 0.030000 5.880041 0.030000 5.397512 0.030000 5.482414 0.030000 1.385260 0.030000 2.304576 0.150000 5.674472 0.030000 5.610325 0.030000 2.516227 0.030000 2.425921 0.150000 2.499577 0.030000 2.657816 0.030000 3.213221 0.030000 3.062377 0.030000 6.954893 0.150000 6.274744 0.030000
8.072114 0.030000 7.923241 0.030000 6.183892 0.030000 5.933764 0.030000 5.370521 0.030000 5.534887 0.030000 1.399678 0.030000 1.558021 0.030000 5.691272 0.030000 5.605282 0.030000 2.524165 0.030000 2.495872 0.150000 2.518277 0.030000 2.608630 0.030000 3.224144 0.030000 3.415438 0.150000 7.028381 0.150000 6.335586 0.030000
8.044621 0.030000 8.005615 0.030000 6.142222 0.030000 5.943012 0.030000 5.420900 0.030000 5.532950 0.030000 1.489636 0.030000 1.600446 0.030000 5.646307 0.030000 5.668633 0.030000 2.518314 0.030000 2.310436 0.030000 2.443552 0.030000 2.640572 0.030000 3.254303 0.030000 3.299085 0.150000 6.545600 0.030000 6.306484 0.030000
8.047108 0.030000 7.897244 0.030000 6.171257 0.030000 5.847393 0.030000 5.353265 0.030000 5.438232 0.150000 1.432798 0.030000 1.547204 0.030000 5.631724 0.030000 6.278728 0.150000 2.560216 0.030000 2.537427 0.150000 2.465902 0.030000 2.617504 0.030000 3.201744 0.030000 3.088105 0.030000 6.489892 0.030000 6.308137 0.030000
8.030649 0.030000 7.955863 0.030000 6.159647 0.030000 6.045081 0.030000 5.313187 0.030000 5.518820 0.030000 1.423686 0.030000 1.560266 0.030000 5.624935 0.030000 5.652784 0.030000 2.632256 0.030000 2.310824 0.030000 2.473643 0.030000 2.608819 0.030000 3.203487 0.030000 3.137289 0.030000 6.562848 0.030000 6.310485 0.030000
8.064323 0.030000 7.934217 0.030000 6.201044 0.030000 5.923883 0.030000 5.550876 0.150000 5.518520 0.030000 1.389728 0.030000 1.557228 0.030000 5.604478 0.030000 5.684789 0.030000 2.591865 0.030000 2.365371 0.030000 2.372014 0.030000 2.598582 0.030000 3.182499 0.030000 3.143257 0.030000 6.523495 0.030000 6.351369 0.030000
8.046304 0.030000 7.982541 0.030000 6.186302 0.030000 6.013494 0.030000 5.303650 0.030000 5.518737 0.030000 1.424493 0.030000 1.497835 0.030000 5.631702 0.030000 5.690796 0.030000 2.614961 0.030000 2.382793 0.030000 2.390931 0.030000 2.602793 0.030000 3.299202 0.150000 3.134050 0.030000 6.533349 0.030000 6.332847 0.030000
8.002769 0.030000 7.980553 0.030000 6.220680 0.030000 5.971768 0.030000 5.299813 0.030000 5.530614 0.030000 1.589073 0.150000 1.539838 0.030000 5.675725 0.030000 5.623875 0.030000 2.613837 0.030000 2.375358 0.030000 2.347940 0.030000 2.595519 0.030000 3.214828 0.030000 3.152751 0.030000 6.515346 0.030000 6.376664 0.030000
7.971146 0.030000 8.001477 0.030000 6.247852 0.030000 6.010118 0.030000 5.252146 0.030000 5.482293 0.030000 1.407044 0.030000 1.478898 0.030000 5.592558 0.030000 5.709704 0.030000 2.656593 0.030000 2.393459 0.030000 2.366658 0.030000 2.605117 0.030000 3.078251 0.030000 3.177477 0.030000 6.505359 0.030000 6.412775 0.030000
7.977833 0.030000 8.044736 0.030000 6.278747 0.030000 6.103096 0.030000 6.647430 0.150000 5.456880 0.030000 1.463313 0.030000 1.788154 0.150000 5.547053 0.030000 5.661527 0.030000 2.654488 0.030000 2.452270 0.030000 2.293011 0.030000 2.554017 0.030000 3.457116 0.150000 3.221608 0.030000 6.529544 0.030000 6.405150 0.030000
8.015792 0.030000 7.998622 0.030000 6.250056 0.030000 6.028079 0.030000 5.247373 0.030000 5.453615 0.030000 1.446106 0.030000 1.432519 0.030000 5.572654 0.030000 5.673427 0.030000 2.655023 0.030000 2.478872 0.030000 2.327940 0.030000 2.538953 0.030000 3.242627 0.150000 3.209642 0.030000 7.970295 0.150000 6.432342 0.030000
8.010962 0.030000 8.042747 0.030000 6.276208 0.030000 6.561712 0.150000 5.195988 0.030000 5.879732 0.150000 1.485050 0.030000 1.455696 0.030000 5.516595 0.030000 5.666104 0.030000 2.632900 0.030000 2.556009 0.150000 2.221459 0.030000 2.531357 0.030000 3.176247 0.030000 3.173922 0.030000 6.507758 0.030000 6.418199 0.030000
7.965476 0.030000 8.074200 0.030000 6.605356 0.150000 6.126760 0.030000 5.138773 0.030000 5.423060 0.030000 1.506426 0.030000 1.444721 0.030000 5.533591 0.030000 5.676179 0.030000 2.659066 0.030000 2.505182 0.030000 2.200537 0.030000 2.485551 0.030000 3.109463 0.030000 4.484172 0.150000 6.525478 0.030000 6.468514 0.030000
7.965370 0.030000 8.082264 0.030000 6.256757 0.030000 6.094640 0.030000 5.184878 0.030000 5.367367 0.030000 1.465049 0.030000 1.490067 0.030000 5.490694 0.030000 5.701809 0.030000 2.681674 0.030000 2.553019 0.030000 2.233887 0.030000 2.515480 0.030000 3.425246 0.150000 3.246080 0.030000 6.479246 0.030000 6.493032 0.030000
7.892830 0.030000 8.025427 0.030000 6.291950 0.030000 6.188073 0.030000 5.097808 0.030000 5.120636 0.150000 1.491211 0.030000 1.437074 0.030000 5.451720 0.030000 5.637894 0.030000 2.718243 0.030000 2.563378 0.030000 2.124938 0.030000 2.453437 0.030000 3.092739 0.030000 3.184866 0.030000 6.500333 0.030000 6.471636 0.030000
7.926949 0.030000 8.059285 0.030000 6.358948 0.150000 6.199472 0.030000 5.006139 0.030000 5.309728 0.030000 1.585681 0.030000 1.410271 0.030000 5.471550 0.030000 5.649882 0.030000 2.766533 0.030000 2.622862 0.030000 2.139730 0.030000 2.382913 0.030000 3.095564 0.030000 3.195061 0.030000 6.447382 0.030000 6.684795 0.150000
7.949395 0.030000 8.079575 0.030000 6.282616 0.030000 6.151113 0.030000 5.051557 0.030000 5.382025 0.150000 1.559016 0.030000 1.406204 0.030000 5.418362 0.030000 5.791415 0.150000 2.727126 0.030000 2.609464 0.030000 2.148709 0.030000 2.412423 0.030000 3.130063 0.030000 3.173060 0.030000 6.502182 0.030000 6.512549 0.030000
7.937918 0.030000 8.016848 0.030000 6.195544 0.030000 6.211305 0.030000 4.999602 0.030000 5.246217 0.030000 1.609417 0.030000 1.458730 0.030000 5.361645 0.030000 5.613304 0.030000 2.719519 0.030000 2.616872 0.030000 2.140433 0.030000 3.017884 0.150000 3.050115 0.030000 3.195762 0.030000 6.568074 0.150000 7.071983 0.150000
7.898126 0.030000 8.062716 0.030000 6.338151 0.030000 6.240535 0.030000 5.067185 0.150000 5.264468 0.030000 1.599104 0.030000 1.495081 0.030000 5.355644 0.030000 5.611406 0.030000 2.749547 0.030000 2.628122 0.030000 2.088182 0.030000 2.368752 0.030000 3.051919 0.030000 3.164022 0.030000 6.416942 0.030000 6.590689 0.150000
7.921581 0.030000 8.012461 0.030000 6.298112 0.030000 6.518028 0.150000 5.018367 0.030000 5.198650 0.030000 1.885127 0.150000 1.511860 0.030000 5.342183 0.030000 5.565148 0.030000 2.768380 0.030000 2.692146 0.030000 2.046861 0.030000 2.311705 0.030000 3.015784 0.030000 3.174564 0.030000 6.499623 0.030000 6.949763 0.150000
7.818045 0.030000 8.023584 0.030000 6.324461 0.030000 6.497397 0.150000 4.950945 0.030000 5.185432 0.030000 1.623295 0.030000 1.521342 0.030000 5.264907 0.030000 5.498139 0.030000 2.772332 0.030000 2.681460 0.030000 2.006609 0.150000 2.299582 0.030000 3.001565 0.030000 3.149233 0.030000 6.424555 0.030000 6.579076 0.150000
7.838083 0.030000 8.015318 0.030000 6.286500 0.030000 6.210493 0.030000 4.914896 0.030000 5.155068 0.030000 1.699660 0.030000 1.538106 0.030000 5.264483 0.030000 5.559338 0.030000 2.768972 0.030000 2.750987 0.030000 2.035882 0.030000 2.393707 0.150000 3.254017 0.150000 3.076928 0.030000 6.423832 0.030000 6.489133 0.030000
7.842476 0.030000 7.970000 0.030000 6.434316 0.150000 6.243744 0.030000 4.896456 0.030000 5.148400 0.030000 1.698220 0.030000 1.514171 0.030000 5.203455 0.030000 6.011048 0.150000 2.837859 0.030000 2.662497 0.030000 1.996840 0.030000 2.217679 0.030000 3.000082 0.030000 3.118684 0.030000 6.422641 0.030000 6.630391 0.150000
7.793671 0.030000 7.973624 0.030000 6.291787 0.030000 6.317912 0.030000 4.888341 0.030000 5.070846 0.030000 1.770149 0.030000 1.490085 0.030000 5.273905 0.030000 5.495962 0.030000 2.829230 0.030000 2.734924 0.030000 1.976799 0.030000 2.120263 0.150000 2.928215 0.030000 3.073672 0.030000 6.399985 0.030000 6.520602 0.030000
7.744421 0.030000 7.918771 0.030000 6.285992 0.030000 6.300030 0.030000 4.898699 0.030000 5.041013 0.030000 1.772895 0.030000 1.479440 0.030000 5.180586 0.030000 5.360927 0.030000 2.806123 0.030000 2.731545 0.030000 1.959292 0.030000 2.137506 0.030000 2.951897 0.030000 3.107525 0.030000 6.360956 0.030000 6.495056 0.030000
7.799324 0.150000 7.872739 0.030000 6.268350 0.030000 6.584222 0.150000 4.829791 0.030000 5.005737 0.030000 1.765562 0.030000 1.518973 0.030000 5.214325 0.030000 5.445483 0.030000 2.872558 0.030000 2.715958 0.030000 1.932627 0.030000 2.088961 0.030000 2.950580 0.030000 3.045747 0.030000 6.365217 0.030000 6.448322 0.030000
7.711329 0.030000 8.370646 0.150000 6.320623 0.030000 6.228924 0.030000 4.778439 0.030000 5.055822 0.030000 1.843486 0.030000 1.689446 0.150000 5.150294 0.030000 5.423490 0.030000 3.109043 0.150000 2.779104 0.030000 1.895067 0.030000 2.151415 0.030000 2.898061 0.030000 3.045575 0.030000 6.388306 0.030000 6.500807 0.030000
7.677105 0.030000 7.919806 0.030000 6.346352 0.030000 6.253309 0.030000 4.713956 0.030000 4.953703 0.030000 1.815363 0.030000 1.589591 0.030000 5.124311 0.030000 5.401878 0.030000 2.861018 0.030000 2.813624 0.030000 1.875904 0.030000 2.060812 0.030000 2.892554 0.030000 3.022861 0.030000 6.370181 0.030000 6.460321 0.030000
8.067301 0.150000 8.654948 0.150000 6.334593 0.030000 6.295051 0.030000 4.691426 0.030000 4.897149 0.030000 1.795384 0.030000 1.684114 0.030000 5.094482 0.030000 5.289429 0.030000 2.857480 0.030000 2.873714 0.150000 1.868763 0.030000 2.093616 0.030000 2.834980 0.030000 2.927709 0.030000 6.579088 0.150000 6.453689 0.030000
7.683684 0.030000 7.835377 0.030000 6.334322 0.030000 6.282768 0.030000 4.644085 0.030000 5.420794 0.150000 1.886249 0.030000 1.719387 0.030000 5.026983 0.030000 5.347927 0.030000 2.896314 0.030000 2.807795 0.030000 1.844157 0.030000 2.017251 0.030000 2.812261 0.030000 2.956999 0.030000 6.401434 0.030000 6.435406 0.030000
7.625514 0.030000 7.733243 0.030000 6.403788 0.030000 6.256657 0.030000 4.666488 0.030000 4.883554 0.030000 1.896099 0.030000 1.694618 0.030000 5.019512 0.030000 5.276638 0.030000 2.862912 0.030000 2.804429 0.030000 1.787239 0.030000 2.011956 0.030000 2.782784 0.030000 2.928124 0.030000 6.333960 0.030000 6.424944 0.030000
7.651150 0.030000 7.809998 0.030000 6.321098 0.030000 6.278727 0.030000 4.630568 0.030000 4.854996 0.030000 1.931361 0.030000 1.746697 0.030000 5.066866 0.030000 5.230879 0.030000 3.241408 0.150000 2.803376 0.030000 1.823551 0.030000 1.971265 0.030000 2.740034 0.030000 3.018380 0.030000 6.335006 0.030000 6.438335 0.030000
7.606458 0.030000 7.746639 0.030000 6.336225 0.030000 6.295705 0.030000 4.579175 0.030000 5.261022 0.150000 1.932747 0.030000 1.717579 0.030000 4.938543 0.030000 5.296944 0.150000 2.965042 0.030000 2.848068 0.030000 1.777435 0.030000 1.961958 0.030000 2.805522 0.030000 3.144670 0.150000 6.285748 0.030000 6.380159 0.030000
7.561423 0.030000 7.874306 0.150000 6.342818 0.030000 6.249332 0.030000 4.596653 0.030000 4.798803 0.030000 1.985997 0.150000 1.838815 0.030000 4.929465 0.030000 5.178393 0.030000 2.953607 0.030000 2.789875 0.030000 1.709658 0.030000 1.957841 0.030000 2.728441 0.030000 2.863781 0.030000 6.288384 0.030000 6.369847 0.030000
7.610313 0.030000 7.740579 0.030000 6.397599 0.030000 6.276920 0.030000 4.634515 0.030000 4.770735 0.030000 1.987059 0.030000 1.830338 0.030000 4.943285 0.030000 5.113090 0.030000 2.974281 0.030000 3.293221 0.150000 1.719528 0.030000 1.948347 0.030000 2.812708 0.030000 2.905250 0.030000 6.338468 0.030000 6.541894 0.150000
7.544129 0.030000 7.737525 0.030000 6.357991 0.030000 7.029943 0.150000 4.471241 0.030000 4.934917 0.150000 2.065925 0.030000 1.835244 0.030000 4.889620 0.030000 5.156436 0.030000 2.997673 0.030000 2.854587 0.030000 1.724439 0.030000 1.940886 0.030000 2.733913 0.030000 2.852553 0.030000 6.357925 0.030000 6.285297 0.030000
7.526648 0.030000 7.733285 0.030000 6.361372 0.030000 6.296980 0.030000 4.481271 0.030000 4.745866 0.030000 2.080377 0.030000 1.828348 0.030000 4.890603 0.030000 5.091385 0.030000 3.010455 0.030000 2.922952 0.030000 1.692011 0.030000 1.845602 0.030000 2.705921 0.030000 2.914688 0.030000 6.273429 0.030000 6.374002 0.030000
7.515204 0.030000 7.658999 0.030000 6.366022 0.030000 6.340829 0.030000 4.456255 0.030000 4.717565 0.030000 2.087283 0.030000 1.871579 0.030000 4.876618 0.030000 5.088537 0.030000 2.994866 0.030000 3.369249 0.150000 1.685685 0.030000 1.826725 0.030000 2.690924 0.030000 2.840900 0.030000 6.319809 0.030000 6.358526 0.030000
7.548518 0.030000 7.757389 0.150000 6.328110 0.030000 6.287441 0.030000 4.439483 0.030000 4.690329 0.030000 2.109713 0.030000 1.927656 0.030000 4.830910 0.030000 5.087694 0.030000 3.066472 0.030000 2.927834 0.030000 1.689840 0.030000 1.819753 0.030000 2.694210 0.030000 2.795600 0.030000 6.276884 0.030000 6.349448 0.030000
7.470768 0.030000 7.566653 0.030000 6.421364 0.030000 6.302516 0.030000 4.392368 0.030000 4.622627 0.030000 2.156083 0.030000 1.895626 0.030000 4.778151 0.030000 5.012223 0.030000 3.089080 0.030000 2.976094 0.030000 1.607339 0.030000 1.788612 0.030000 2.715491 0.030000 2.807044 0.030000 6.166877 0.150000 6.289923 0.030000
7.487528 0.030000 7.657328 0.030000 6.406117 0.030000 6.318003 0.030000 4.372556 0.030000 4.591026 0.030000 2.121489 0.030000 1.965603 0.030000 4.739037 0.030000 4.988342 0.030000 3.107179 0.030000 2.940456 0.030000 1.606826 0.030000 2.035637 0.150000 2.699180 0.030000 2.812666 0.030000 6.342537 0.030000 6.355535 0.030000
7.875546 0.150000 7.614050 0.030000 6.583733 0.150000 6.774753 0.150000 4.340703 0.030000 4.643830 0.030000 2.178844 0.030000 1.983799 0.030000 4.730853 0.030000 4.957951 0.030000 3.103934 0.030000 2.935984 0.030000 1.615310 0.030000 1.784359 0.030000 2.719004 0.030000 2.719324 0.030000 6.272681 0.030000 6.266475 0.030000
7.392250 0.030000 7.581165 0.030000 6.413247 0.030000 6.330017 0.030000 4.259991 0.030000 4.599557 0.030000 2.201818 0.030000 1.991809 0.030000 4.731459 0.030000 4.886781 0.030000 3.117840 0.030000 3.013306 0.030000 2.059021 0.150000 1.766843 0.030000 2.611898 0.030000 2.705113 0.030000 6.288329 0.030000 6.361220 0.030000
7.346344 0.030000 7.551951 0.030000 6.449793 0.030000 6.331640 0.030000 4.296216 0.030000 4.464643 0.030000 2.234752 0.030000 2.231309 0.150000 4.647660 0.030000 4.847897 0.030000 3.138943 0.030000 3.007842 0.030000 1.588489 0.030000 1.755339 0.030000 2.618718 0.030000 2.742873 0.030000 6.260888 0.030000 6.288439 0.030000
7.370794 0.030000 7.505526 0.030000 6.435224 0.030000 6.355428 0.030000 4.243240 0.030000 4.920900 0.150000 2.289361 0.030000 2.054292 0.030000 4.678963 0.030000 4.853928 0.030000 3.157973 0.030000 2.980000 0.030000 1.518031 0.030000 1.716956 0.030000 2.607968 0.030000 2.728582 0.030000 6.228734 0.030000 6.316083 0.030000
7.338061 0.030000 7.529614 0.030000 6.472972 0.030000 6.391145 0.030000 4.205684 0.030000 4.783696 0.150000 2.255267 0.030000 2.055324 0.030000 4.634871 0.030000 5.049868 0.150000 3.177329 0.030000 3.019411 0.030000 1.508037 0.030000 1.682199 0.030000 2.658800 0.030000 2.749762 0.030000 6.273300 0.030000 6.132481 0.150000
7.354771 0.030000 7.517652 0.030000 6.437739 0.030000 6.401975 0.030000 4.232250 0.030000 4.744485 0.150000 2.271411 0.030000 2.123624 0.030000 4.618162 0.030000 4.813193 0.030000 3.134516 0.030000 3.041328 0.030000 1.453918 0.030000 1.723688 0.030000 2.584998 0.030000 2.746419 0.030000 6.255813 0.030000 6.281621 0.030000
7.344865 0.030000 7.446839 0.030000 6.464675 0.030000 6.346852 0.030000 4.152665 0.030000 4.412273 0.030000 2.409028 0.030000 2.137966 0.030000 4.547224 0.030000 4.806649 0.030000 3.240575 0.030000 3.088580 0.030000 2.208134 0.150000 1.648093 0.030000 2.622408 0.030000 2.687812 0.030000 6.250314 0.030000 6.227609 0.030000
7.274123 0.030000 7.381692 0.150000 6.479896 0.030000 6.401859 0.030000 4.139346 0.030000 4.361672 0.030000 2.353679 0.030000 2.159613 0.030000 4.553127 0.030000 4.732936 0.030000 3.225553 0.030000 3.042841 0.030000 1.466209 0.030000 1.640753 0.030000 2.556599 0.030000 2.617765 0.030000 6.248598 0.030000 6.305471 0.030000
7.334810 0.030000 7.489280 0.030000 6.450802 0.030000 6.398863 0.030000 4.055199 0.030000 4.337443 0.030000 2.400640 0.030000 2.144531 0.030000 5.531432 0.150000 4.718125 0.030000 3.296731 0.030000 3.048273 0.030000 1.447249 0.030000 1.585354 0.030000 2.588351 0.030000 2.704303 0.030000 6.179944 0.030000 6.257553 0.030000
7.354622 0.030000 7.489835 0.030000 6.497585 0.030000 6.384065 0.030000 4.096493 0.030000 4.367548 0.030000 2.465875 0.030000 2.216008 0.030000 4.514655 0.030000 4.694023 0.030000 3.298498 0.030000 3.120608 0.030000 1.391944 0.030000 1.573966 0.030000 2.537002 0.030000 2.614093 0.030000 6.225196 0.030000 6.295608 0.030000
7.333182 0.030000 7.417008 0.030000 6.463085 0.030000 6.420128 0.030000 4.005245 0.030000 4.267894 0.030000 2.451062 0.030000 2.240704 0.030000 4.439773 0.030000 4.664573 0.030000 3.295223 0.030000 3.099750 0.030000 1.428141 0.030000 1.570690 0.030000 2.558141 0.030000 2.585317 0.030000 6.492193 0.150000 6.211673 0.030000
7.280278 0.030000 8.509700 0.150000 6.505344 0.030000 6.412619 0.030000 4.005865 0.030000 4.465965 0.150000 2.457066 0.030000 2.295901 0.030000 4.474056 0.030000 4.687584 0.030000 3.311045 0.030000 3.123382 0.030000 1.360562 0.030000 1.532659 0.030000 2.559368 0.030000 2.687126 0.150000 6.208847 0.030000 6.239009 0.150000
7.702603 0.150000 7.368046 0.030000 6.455710 0.030000 6.387734 0.030000 3.960584 0.030000 4.211326 0.030000 2.550843 0.030000 2.338047 0.030000 4.385726 0.030000 4.649391 0.030000 3.352075 0.030000 3.195682 0.030000 1.722624 0.150000 1.520205 0.030000 2.489212 0.030000 2.597254 0.030000 6.207540 0.030000 6.234622 0.030000
7.250912 0.030000 7.337916 0.030000 6.540675 0.030000 6.381186 0.030000 4.349977 0.150000 5.123617 0.150000 2.734942 0.150000 2.307725 0.030000 4.408627 0.030000 4.621824 0.030000 3.337654 0.030000 3.193315 0.030000 1.402843 0.030000 1.516132 0.030000 2.485253 0.030000 2.582432 0.030000 6.225514 0.030000 6.241620 0.030000
7.261668 0.030000 7.304239 0.030000 6.777495 0.150000 6.482589 0.030000 3.939527 0.030000 4.190719 0.030000 2.563418 0.030000 2.353429 0.030000 4.419442 0.030000 4.639720 0.030000 3.417557 0.030000 3.243783 0.150000 1.336644 0.030000 1.856380 0.150000 2.528496 0.030000 2.544675 0.030000 6.182333 0.030000 6.226733 0.030000
7.165014 0.030000 7.356823 0.030000 6.507781 0.030000 6.420662 0.030000 3.878268 0.030000 4.178026 0.030000 2.690750 0.150000 2.371793 0.030000 4.296475 0.030000 4.617491 0.030000 3.420534 0.030000 3.702218 0.150000 1.314562 0.030000 1.490646 0.030000 2.523494 0.030000 2.542482 0.030000 6.219466 0.030000 6.220972 0.030000
7.197367 0.030000 7.320767 0.030000 6.545204 0.030000 6.453721 0.030000 3.899170 0.030000 4.127819 0.030000 2.544970 0.030000 2.408812 0.030000 4.314557 0.030000 4.521358 0.030000 3.415141 0.030000 3.245944 0.030000 1.332046 0.030000 1.438039 0.030000 2.472919 0.030000 2.617006 0.030000 6.216864 0.030000 6.240365 0.030000
7.155351 0.030000 7.311184 0.030000 6.601403 0.030000 6.459231 0.030000 3.871174 0.030000 4.083221 0.030000 2.676249 0.030000 2.437657 0.030000 4.310306 0.030000 4.547582 0.030000 3.447234 0.030000 3.241970 0.030000 1.323989 0.030000 1.436231 0.030000 2.477189 0.030000 2.530055 0.030000 6.164050 0.030000 6.238010 0.030000
7.178860 0.030000 7.297041 0.030000 6.557059 0.030000 6.474614 0.030000 3.854701 0.030000 4.026562 0.030000 2.612593 0.030000 2.411251 0.030000 4.290239 0.030000 4.480012 0.030000 3.508659 0.030000 3.359469 0.150000 1.255691 0.030000 1.387410 0.030000 3.432687 0.150000 2.554354 0.030000 6.176490 0.030000 6.215763 0.030000
7.117689 0.030000 7.283736 0.030000 6.556519 0.030000 6.509301 0.030000 4.225265 0.150000 4.041313 0.030000 2.707779 0.030000 2.472479 0.030000 4.148108 0.150000 4.539831 0.030000 3.451638 0.030000 3.276336 0.030000 1.324192 0.030000 1.372417 0.030000 2.436841 0.030000 2.515447 0.030000 6.235827 0.030000 6.232718 0.030000
7.118280 0.030000 7.282448 0.030000 6.577413 0.030000 6.772860 0.150000 3.718481 0.030000 5.070998 0.150000 2.739074 0.030000 2.470283 0.030000 4.233601 0.030000 4.411818 0.030000 3.521946 0.030000 3.507509 0.150000 1.288558 0.030000 1.372259 0.030000 2.419028 0.030000 2.514703 0.030000 6.160631 0.030000 6.491807 0.150000
7.083987 0.030000 7.250964 0.030000 6.625960 0.030000 6.552687 0.030000 3.718492 0.030000 4.010421 0.030000 2.736582 0.030000 2.491985 0.030000 4.218935 0.030000 4.437723 0.030000 3.464882 0.150000 3.401711 0.030000 1.323885 0.030000 1.392826 0.030000 2.501769 0.030000 2.495429 0.030000 6.253700 0.030000 6.201073 0.030000
7.118741 0.030000 7.216152 0.030000 6.634593 0.030000 6.499126 0.030000 4.431148 0.150000 3.966797 0.030000 2.995878 0.150000 2.533104 0.030000 4.169855 0.030000 4.394418 0.030000 3.495318 0.030000 3.331522 0.030000 1.281877 0.030000 1.482785 0.150000 2.479707 0.030000 2.497940 0.030000 6.134579 0.030000 6.189453 0.030000
6.984731 0.150000 7.168839 0.030000 6.609441 0.030000 6.540895 0.030000 3.663322 0.030000 3.907201 0.030000 2.813203 0.030000 2.631577 0.030000 4.117098 0.030000 4.423018 0.030000 3.608737 0.030000 3.397120 0.030000 1.287358 0.030000 1.336690 0.030000 2.442565 0.030000 2.501098 0.030000 6.217754 0.030000 6.192513 0.030000
7.441630 0.150000 7.194029 0.030000 6.659374 0.150000 6.528261 0.030000 3.678376 0.030000 3.888411 0.030000 2.831035 0.030000 2.588849 0.030000 4.189579 0.030000 4.356314 0.030000 3.513736 0.030000 3.356693 0.030000 1.243500 0.030000 1.380606 0.030000 2.427624 0.030000 2.498172 0.030000 6.177618 0.030000 6.261191 0.030000
7.017408 0.030000 7.212368 0.030000 6.627508 0.030000 6.546240 0.030000 3.641064 0.030000 3.859115 0.030000 2.861102 0.030000 2.642425 0.030000 4.141909 0.030000 4.353967 0.030000 3.637695 0.030000 3.371784 0.030000 1.266807 0.030000 1.347855 0.030000 2.455641 0.030000 2.493557 0.030000 6.133909 0.030000 6.199459 0.030000
7.041424 0.030000 7.175984 0.030000 6.650032 0.030000 6.595907 0.030000 3.574090 0.030000 3.890361 0.030000 2.899832 0.030000 2.698932 0.030000 4.085957 0.030000 4.271389 0.030000 3.665895 0.030000 4.583125 0.150000 1.588936 0.150000 1.344710 0.030000 2.359174 0.030000 2.510076 0.030000 6.179988 0.030000 6.252923 0.030000
6.999644 0.030000 7.144791 0.030000 6.660877 0.030000 6.537669 0.030000 3.586166 0.030000 3.807569 0.030000 2.858984 0.030000 2.658092 0.030000 4.002955 0.030000 4.229158 0.030000 3.681864 0.030000 4.018646 0.150000 2.119716 0.150000 1.271694 0.030000 2.499493 0.150000 2.457512 0.030000 6.195600 0.030000 6.138610 0.030000
7.015654 0.030000 7.104509 0.030000 6.703967 0.030000 6.662754 0.030000 3.467991 0.030000 3.841470 0.030000 2.977001 0.030000 2.651028 0.030000 4.065521 0.030000 4.246072 0.030000 3.706027 0.030000 3.510215 0.030000 1.211469 0.030000 1.355845 0.150000 2.376013 0.030000 2.470812 0.030000 6.203541 0.030000 6.136679 0.030000
6.984554 0.030000 7.105306 0.030000 6.693137 0.030000 6.650992 0.030000 3.784624 0.150000 3.757431 0.030000 2.962331 0.030000 2.792398 0.030000 3.945298 0.030000 4.208740 0.030000 3.727003 0.030000 3.533326 0.030000 1.215326 0.030000 1.452331 0.150000 2.408520 0.030000 2.425486 0.030000 6.119079 0.030000 6.205128 0.030000
6.931881 0.030000 7.070182 0.030000 6.712056 0.030000 6.583636 0.030000 3.483166 0.030000 3.721390 0.030000 3.013366 0.030000 2.812514 0.030000 4.018803 0.030000 4.188059 0.030000 3.705292 0.030000 3.480431 0.030000 1.292344 0.150000 1.218608 0.030000 2.416532 0.030000 2.443835 0.030000 6.163985 0.030000 6.151565 0.030000
6.994282 0.150000 7.035838 0.030000 6.738185 0.030000 6.597831 0.030000 3.411814 0.030000 3.658699 0.030000 3.116665 0.030000 2.749127 0.030000 4.006007 0.030000 4.168920 0.030000 3.753139 0.030000 3.549841 0.030000 1.953547 0.150000 1.264248 0.030000 2.452057 0.030000 2.478769 0.030000 6.158448 0.030000 6.172624 0.030000
7.054627 0.150000 7.040370 0.030000 6.705980 0.030000 6.651198 0.030000 3.444036 0.030000 3.684666 0.030000 3.059251 0.030000 2.862135 0.030000 3.921751 0.030000 4.136612 0.030000 3.736154 0.030000 3.521488 0.030000 1.685502 0.150000 1.283541 0.030000 2.318858 0.030000 2.879849 0.150000 6.145797 0.030000 6.192496 0.030000
6.930608 0.030000 7.025627 0.030000 6.738060 0.030000 6.654058 0.030000 3.411986 0.030000 3.653862 0.030000 3.046115 0.030000 2.885299 0.030000 3.889623 0.030000 4.129276 0.030000 3.765613 0.030000 3.562857 0.030000 1.216598 0.030000 1.250174 0.030000 2.405967 0.030000 2.433158 0.030000 6.180635 0.030000 6.180436 0.030000
6.904694 0.030000 7.062508 0.030000 6.725899 0.030000 6.680180 0.030000 3.359247 0.030000 3.627024 0.150000 3.095174 0.030000 2.869935 0.030000 3.950239 0.030000 4.083075 0.030000 3.810999 0.030000 3.601730 0.030000 1.208864 0.030000 1.176785 0.030000 2.398478 0.030000 2.848419 0.150000 6.161428 0.030000 6.217917 0.030000
6.896386 0.030000 7.047275 0.030000 6.786103 0.030000 6.672134 0.030000 3.325184 0.030000 3.589882 0.030000 3.136827 0.030000 2.890624 0.030000 3.801962 0.030000 4.060999 0.030000 3.913123 0.150000 3.652296 0.030000 1.222128 0.030000 1.195986 0.030000 2.420558 0.030000 2.413857 0.030000 6.118966 0.030000 6.199085 0.030000
6.912074 0.030000 7.033308 0.030000 6.751245 0.030000 6.650987 0.030000 3.343105 0.030000 3.533044 0.030000 3.185520 0.030000 2.907104 0.030000 3.875247 0.030000 4.060565 0.030000 3.836828 0.030000 3.652803 0.030000 1.204622 0.030000 1.240064 0.030000 2.353166 0.030000 2.418794 0.030000 6.200690 0.030000 6.211449 0.030000
6.798188 0.030000 6.992166 0.030000 6.782988 0.030000 6.676956 0.030000 3.305921 0.030000 3.529729 0.030000 3.161679 0.030000 3.003880 0.030000 3.775810 0.030000 4.017848 0.030000 3.911758 0.030000 3.706985 0.030000 1.156507 0.030000 1.333925 0.150000 2.794539 0.150000 2.413216 0.030000 6.116270 0.030000 6.115744 0.030000
6.888418 0.030000 6.906012 0.030000 6.823048 0.030000 6.733340 0.030000 3.203127 0.030000 3.502502 0.030000 3.253353 0.030000 3.002630 0.030000 3.793527 0.030000 3.994282 0.030000 3.908157 0.030000 3.706037 0.030000 1.199273 0.030000 1.159662 0.030000 2.893267 0.150000 2.438440 0.030000 6.178485 0.030000 6.125559 0.150000
6.884501 0.030000 6.886476 0.030000 6.734517 0.030000 6.685770 0.030000 3.263678 0.030000 3.449140 0.030000 3.300706 0.030000 2.948016 0.030000 3.738092 0.030000 3.981201 0.030000 3.938417 0.030000 3.700769 0.030000 1.207957 0.030000 1.192885 0.030000 2.313328 0.030000 2.307489 0.150000 6.189837 0.030000 6.234238 0.150000
6.823388 0.030000 6.945822 0.030000 6.855269 0.030000 6.694069 0.030000 3.262006 0.030000 3.486363 0.030000 3.322269 0.030000 3.055048 0.150000 3.669458 0.150000 3.942147 0.030000 3.886462 0.030000 3.753844 0.030000 1.218667 0.030000 1.382545 0.150000 2.390760 0.030000 2.384335 0.030000 6.533030 0.150000 6.145970 0.030000
6.804063 0.030000 7.138270 0.150000 6.852019 0.030000 6.744763 0.030000 3.479578 0.150000 3.408451 0.150000 3.288834 0.030000 3.082434 0.030000 3.751825 0.030000 3.917763 0.030000 3.929832 0.030000 3.789839 0.030000 1.231279 0.030000 1.216781 0.030000 2.417154 0.030000 2.335273 0.030000 6.114688 0.030000 6.159388 0.030000
6.781998 0.030000 6.902253 0.030000 6.851410 0.030000 6.797666 0.150000 3.209828 0.030000 3.431852 0.030000 3.341173 0.030000 3.172408 0.030000 3.692479 0.030000 3.896878 0.030000 3.986573 0.030000 3.790792 0.030000 1.516087 0.150000 1.244693 0.030000 2.374313 0.030000 2.389134 0.030000 6.169834 0.030000 6.190425 0.030000
6.794819 0.030000 6.862975 0.030000 6.852159 0.030000 6.763378 0.030000 3.253311 0.150000 3.312501 0.030000 3.380636 0.030000 3.119448 0.030000 3.647815 0.030000 3.840876 0.030000 3.988828 0.030000 3.805916 0.030000 1.224705 0.030000 1.189565 0.030000 2.398470 0.030000 2.456983 0.030000 6.211457 0.030000 6.187019 0.030000
6.719481 0.030000 7.059707 0.150000 6.900350 0.030000 6.771191 0.030000 3.039557 0.030000 3.294088 0.030000 3.384317 0.030000 3.196358 0.030000 3.661167 0.030000 3.809566 0.030000 4.042093 0.030000 3.866554 0.030000 1.209012 0.030000 1.172218 0.030000 2.647337 0.150000 2.350107 0.030000 6.138777 0.030000 6.177485 0.030000
6.746883 0.030000 6.913823 0.030000 6.844334 0.030000 6.775863 0.030000 3.055704 0.030000 3.314707 0.030000 3.424609 0.030000 3.197949 0.030000 3.622977 0.030000 3.813665 0.030000 4.750316 0.150000 3.928754 0.030000 1.251285 0.030000 1.204871 0.030000 2.387509 0.030000 2.369523 0.030000 6.153887 0.030000 6.125675 0.030000
6.706396 0.030000 6.892536 0.030000 7.879780 0.150000 6.827214 0.030000 3.004124 0.030000 3.280167 0.030000 3.569108 0.150000 3.204627 0.030000 3.581963 0.030000 3.785852 0.030000 4.075158 0.030000 3.880242 0.030000 1.248054 0.030000 1.199665 0.030000 2.347219 0.030000 2.379502 0.030000 6.754450 0.150000 6.163114 0.030000
6.738642 0.030000 6.832148 0.030000 6.943148 0.030000 6.818462 0.030000 3.012594 0.030000 3.262739 0.030000 3.528392 0.030000 4.036558 0.150000 3.610245 0.030000 3.793256 0.150000 4.570291 0.150000 3.982337 0.030000 1.281722 0.030000 1.912481 0.150000 2.372011 0.030000 2.387939 0.030000 6.175588 0.030000 6.171080 0.030000
6.676692 0.030000 6.858679 0.030000 6.941175 0.030000 6.799351 0.030000 2.969051 0.030000 3.170004 0.030000 3.536306 0.030000 3.326189 0.030000 3.587309 0.030000 3.751868 0.030000 4.108793 0.030000 3.927974 0.030000 1.252489 0.030000 1.203775 0.030000 2.388950 0.030000 2.512113 0.150000 6.357162 0.150000 6.167479 0.030000
6.713414 0.030000 6.850434 0.030000 6.914699 0.030000 6.865004 0.030000 2.982273 0.030000 3.468189 0.150000 3.561180 0.030000 3.264616 0.030000 3.512348 0.030000 3.760533 0.030000 4.142247 0.030000 3.979666 0.030000 1.293976 0.030000 1.191479 0.030000 2.446275 0.030000 2.399804 0.030000 6.058102 0.030000 6.165484 0.030000
6.696156 0.030000 6.773055 0.030000 6.966826 0.030000 6.809155 0.030000 2.998115 0.030000 3.164521 0.030000 3.584518 0.030000 3.306180 0.030000 3.542276 0.030000 3.720428 0.030000 4.181189 0.030000 3.984950 0.030000 1.245366 0.030000 1.174737 0.030000 2.416537 0.030000 2.406319 0.030000 6.146985 0.030000 6.128069 0.030000
6.656319 0.030000 6.780256 0.150000 7.006992 0.030000 6.867901 0.030000 2.882679 0.030000 3.122506 0.030000 4.056508 0.150000 3.346267 0.030000 3.612430 0.150000 3.818937 0.150000 4.233075 0.030000 4.022657 0.030000 1.293787 0.030000 1.227409 0.030000 2.477955 0.030000 2.351730 0.030000 6.177951 0.030000 6.085778 0.030000
6.665708 0.030000 6.710754 0.030000 6.988150 0.030000 6.883042 0.030000 2.891385 0.030000 3.105809 0.030000 4.206846 0.150000 3.406107 0.030000 3.557115 0.030000 3.668950 0.030000 4.234512 0.030000 3.991228 0.030000 1.266837 0.030000 1.258053 0.030000 2.477285 0.030000 2.406835 0.030000 6.110939 0.030000 6.820612 0.150000
6.708949 0.030000 6.778250 0.030000 6.998464 0.030000 6.809147 0.030000 2.859189 0.030000 3.052531 0.030000 3.653984 0.030000 3.419659 0.030000 3.439580 0.030000 3.627376 0.030000 4.270640 0.030000 4.170956 0.150000 1.321516 0.030000 1.241736 0.030000 2.439494 0.030000 2.545501 0.150000 6.180884 0.030000 6.125151 0.030000
6.653104 0.030000 6.858085 0.150000 7.043813 0.030000 6.863816 0.030000 2.772683 0.030000 3.043805 0.030000 3.695706 0.030000 3.449599 0.030000 3.417135 0.030000 3.908710 0.150000 4.325553 0.030000 4.071398 0.030000 1.312538 0.030000 1.236302 0.030000 2.459049 0.030000 3.622994 0.150000 6.131615 0.030000 6.190888 0.030000
6.621524 0.030000 6.708364 0.030000 7.045988 0.030000 6.939248 0.030000 2.765942 0.030000 3.051971 0.030000 3.702517 0.030000 3.489187 0.030000 3.389111 0.030000 3.615629 0.030000 4.332921 0.030000 4.049606 0.030000 1.308368 0.030000 1.203128 0.030000 2.438493 0.030000 2.512728 0.150000 6.198798 0.030000 6.179263 0.030000
6.605328 0.030000 6.735788 0.030000 7.052767 0.030000 6.917206 0.030000 2.735598 0.030000 2.998698 0.030000 3.762867 0.030000 3.485118 0.030000 3.383269 0.030000 3.579358 0.030000 4.346950 0.030000 4.139090 0.030000 1.372132 0.030000 1.762529 0.150000 2.414018 0.030000 2.436585 0.030000 6.169667 0.150000 6.122523 0.030000
6.636788 0.030000 6.709857 0.030000 7.336539 0.150000 6.949367 0.030000 2.803093 0.030000 2.946034 0.030000 3.731585 0.030000 3.539508 0.030000 3.397322 0.030000 3.525833 0.030000 4.400234 0.030000 4.132504 0.030000 1.321210 0.030000 1.271990 0.030000 2.419476 0.030000 2.409984 0.030000 6.176896 0.030000 6.335813 0.150000
6.541592 0.030000 6.718977 0.030000 7.133985 0.030000 6.958640 0.030000 2.765102 0.030000 3.532610 0.150000 3.785333 0.030000 3.524003 0.030000 3.332502 0.030000 3.515998 0.030000 4.384160 0.030000 4.145832 0.030000 1.368046 0.030000 1.263033 0.030000 2.521560 0.030000 2.376646 0.030000 6.126268 0.030000 6.120598 0.030000
6.596686 0.030000 6.706557 0.030000 7.087104 0.030000 7.069331 0.030000 2.671471 0.030000 2.941759 0.030000 3.802540 0.030000 3.582176 0.030000 3.275954 0.030000 3.496484 0.030000 4.402494 0.030000 4.249118 0.030000 1.395428 0.030000 1.300367 0.030000 2.456151 0.150000 2.424184 0.030000 6.166401 0.030000 6.162289 0.030000
6.523519 0.030000 6.681940 0.030000 7.112540 0.030000 7.299810 0.150000 2.698935 0.030000 2.898246 0.030000 3.874882 0.150000 3.598834 0.030000 3.839805 0.150000 3.467630 0.030000 4.417816 0.030000 4.248521 0.030000 1.376091 0.030000 1.283659 0.030000 2.514133 0.030000 2.459988 0.030000 6.205602 0.030000 6.149903 0.030000
6.547844 0.030000 6.704331 0.030000 7.171331 0.030000 6.929730 0.030000 2.626861 0.030000 2.831524 0.030000 3.884412 0.030000 3.614784 0.030000 3.261949 0.030000 3.469191 0.030000 4.437072 0.030000 4.261272 0.030000 1.741954 0.150000 1.477038 0.150000 2.490238 0.030000 2.470955 0.030000 6.173657 0.030000 6.153945 0.030000
6.521170 0.030000 6.608736 0.030000 7.161833 0.030000 7.014569 0.030000 2.580681 0.030000 2.925664 0.030000 3.920134 0.030000 3.678049 0.030000 3.814785 0.150000 3.432384 0.030000 4.451391 0.030000 4.273244 0.030000 1.473070 0.030000 1.313487 0.030000 2.507847 0.030000 2.432801 0.030000 6.241355 0.030000 6.349342 0.150000
6.534328 0.030000 6.679830 0.030000 7.126639 0.030000 7.001703 0.030000 2.577440 0.030000 2.837121 0.030000 3.903863 0.030000 3.694406 0.030000 3.281498 0.030000 3.406695 0.030000 4.508958 0.030000 4.310353 0.030000 1.517822 0.030000 1.281274 0.030000 2.523474 0.030000 2.474970 0.030000 6.557790 0.150000 6.204904 0.030000
6.483261 0.030000 6.639123 0.030000 7.136925 0.030000 7.032837 0.030000 2.897678 0.150000 2.818700 0.030000 4.258448 0.150000 3.697021 0.030000 3.193657 0.030000 3.390175 0.030000 4.504126 0.030000 4.327880 0.030000 1.467405 0.030000 1.407949 0.030000 2.540259 0.030000 2.510849 0.030000 6.188859 0.030000 6.140695 0.030000
6.561868 0.030000 6.612698 0.030000 7.148285 0.030000 7.059839 0.030000 2.503609 0.030000 2.977477 0.150000 3.994432 0.030000 3.728265 0.030000 3.177300 0.030000 3.404418 0.030000 4.514545 0.030000 4.381248 0.030000 1.492082 0.030000 1.340196 0.030000 2.553270 0.030000 2.439122 0.030000 6.129061 0.030000 6.136074 0.030000
6.473322 0.030000 6.587448 0.030000 7.246456 0.030000 7.085387 0.030000 2.509593 0.030000 2.682379 0.030000 4.040398 0.030000 3.742691 0.030000 3.218378 0.030000 3.324269 0.030000 4.561532 0.030000 4.361438 0.030000 1.498924 0.030000 1.347937 0.030000 2.594460 0.030000 2.432019 0.030000 6.195080 0.030000 6.208035 0.030000
6.524134 0.150000 6.601982 0.030000 7.299971 0.030000 7.817877 0.150000 2.501969 0.030000 2.728641 0.030000 4.123226 0.030000 3.825421 0.030000 3.170553 0.030000 3.293664 0.030000 4.628898 0.030000 4.369621 0.030000 1.740865 0.150000 1.369610 0.030000 2.577957 0.030000 2.856452 0.150000 6.215429 0.030000 6.507661 0.150000
6.509109 0.030000 7.634145 0.150000 7.214943 0.030000 7.099526 0.030000 2.448209 0.030000 2.714718 0.030000 4.089896 0.030000 3.869329 0.030000 3.124176 0.030000 3.301802 0.030000 5.499556 0.150000 4.454981 0.030000 1.505623 0.030000 1.409046 0.030000 2.544904 0.030000 2.498049 0.030000 6.179618 0.150000 6.145492 0.030000
6.639474 0.150000 6.623298 0.030000 7.258838 0.030000 7.109812 0.030000 2.508049 0.030000 2.675139 0.030000 4.091742 0.030000 3.801711 0.030000 3.073910 0.030000 3.261312 0.030000 4.678339 0.030000 4.490206 0.030000 1.540421 0.030000 1.449248 0.030000 2.908258 0.150000 2.482679 0.030000 6.233887 0.030000 6.171519 0.030000
6.450409 0.030000 6.527354 0.030000 7.229737 0.030000 7.124934 0.030000 2.400897 0.030000 2.634021 0.030000 4.132364 0.150000 3.881369 0.030000 3.092829 0.030000 3.280345 0.030000 4.710904 0.030000 4.522300 0.030000 1.613889 0.030000 1.406075 0.030000 2.610703 0.030000 2.557711 0.030000 6.174094 0.030000 6.567319 0.150000
6.492899 0.030000 6.575048 0.030000 7.272215 0.030000 7.104075 0.030000 2.366837 0.030000 2.564968 0.030000 4.113760 0.030000 4.700863 0.150000 3.363586 0.150000 3.275913 0.030000 4.679637 0.030000 4.521445 0.030000 1.630978 0.030000 1.489185 0.030000 2.563286 0.030000 2.527682 0.030000 6.208424 0.030000 6.216378 0.030000
6.485583 0.030000 6.542453 0.030000 7.472262 0.150000 7.167034 0.030000 2.332398 0.150000 2.528444 0.030000 4.215780 0.030000 3.946382 0.030000 3.069073 0.030000 3.137137 0.030000 4.763304 0.030000 4.511897 0.030000 1.587078 0.030000 1.443152 0.030000 2.586384 0.030000 2.530727 0.030000 6.185524 0.030000 6.159299 0.030000
6.405692 0.030000 6.485573 0.030000 7.346673 0.030000 7.614511 0.150000 2.382809 0.030000 2.576232 0.030000 4.235629 0.030000 4.695496 0.150000 2.969168 0.030000 3.204358 0.030000 4.726947 0.030000 4.547656 0.030000 1.739028 0.030000 1.520362 0.030000 2.621720 0.030000 2.485911 0.030000 6.203557 0.030000 6.253968 0.030000
6.417462 0.030000 6.506649 0.030000 7.380065 0.030000 7.188590 0.030000 2.324354 0.030000 2.537131 0.030000 4.245089 0.030000 3.985260 0.030000 2.981041 0.030000 3.211563 0.030000 4.790416 0.030000 4.567622 0.030000 1.652457 0.030000 1.522094 0.030000 2.634207 0.030000 2.383848 0.150000 6.229921 0.030000 6.139667 0.030000
6.389175 0.030000 6.501419 0.030000 7.324330 0.030000 7.230143 0.030000 2.276759 0.030000 2.532197 0.030000 4.306947 0.030000 4.063374 0.030000 3.049099 0.030000 3.106878 0.030000 4.781276 0.030000 4.587146 0.030000 1.700701 0.030000 1.504030 0.030000 2.603083 0.030000 2.565137 0.030000 8.205459 0.150000 6.215919 0.030000
6.441138 0.030000 6.503803 0.030000 7.391306 0.030000 7.279044 0.030000 2.561075 0.150000 2.496698 0.030000 4.297110 0.030000 4.081031 0.030000 3.007639 0.030000 3.118233 0.030000 4.826918 0.030000 4.557867 0.150000 1.800599 0.150000 1.581361 0.030000 2.650276 0.030000 2.530006 0.030000 6.231589 0.030000 6.260424 0.030000
6.381012 0.030000 6.459563 0.030000 7.355767 0.030000 7.246765 0.030000 2.294284 0.030000 3.527043 0.150000 4.337930 0.030000 4.098240 0.030000 3.270419 0.150000 3.119273 0.030000 5.004902 0.150000 5.381939 0.150000 1.752497 0.030000 1.541327 0.030000 3.253245 0.150000 2.568046 0.030000 6.259645 0.030000 6.200627 0.030000
6.411053 0.030000 6.426982 0.150000 7.412945 0.030000 7.254027 0.030000 2.191491 0.030000 2.392874 0.030000 4.654841 0.150000 4.143290 0.030000 2.904051 0.030000 3.070447 0.030000 4.869870 0.030000 4.649815 0.030000 1.785691 0.030000 1.490001 0.150000 2.714382 0.030000 2.590000 0.030000 6.213334 0.030000 6.249911 0.150000
6.264562 0.150000 6.466843 0.030000 7.385628 0.030000 7.278418 0.030000 2.183809 0.030000 2.355742 0.030000 4.411570 0.030000 4.174857 0.030000 2.866736 0.030000 3.069343 0.030000 4.869729 0.030000 4.702684 0.030000 1.753743 0.030000 1.592314 0.030000 2.674170 0.030000 2.553715 0.030000 6.244162 0.030000 6.253492 0.030000
6.368143 0.030000 6.478768 0.030000 7.462499 0.030000 7.268258 0.030000 2.322304 0.150000 2.385993 0.030000 4.419154 0.030000 4.226399 0.030000 2.885374 0.030000 3.038408 0.030000 4.922517 0.030000 4.696883 0.030000 1.788157 0.030000 1.628315 0.030000 2.717846 0.030000 2.574165 0.030000 6.318467 0.030000 6.293757 0.150000
6.346840 0.030000 6.398931 0.030000 7.468039 0.030000 7.331653 0.030000 2.140369 0.030000 2.316569 0.030000 4.487950 0.030000 4.214820 0.030000 2.922615 0.030000 3.052120 0.030000 4.943402 0.030000 4.741096 0.030000 1.829548 0.030000 1.727454 0.030000 2.691928 0.030000 2.624737 0.030000 6.303506 0.030000 6.284816 0.030000
6.338359 0.030000 6.448620 0.030000 7.479616 0.030000 7.341577 0.030000 2.560295 0.150000 2.345099 0.030000 4.504917 0.030000 4.229693 0.030000 2.864677 0.030000 3.031819 0.030000 4.964379 0.030000 4.767557 0.030000 1.844644 0.030000 1.685131 0.030000 2.747698 0.030000 2.597928 0.030000 6.249890 0.030000 6.144884 0.150000
6.361497 0.030000 6.597289 0.150000 7.483903 0.030000 7.328580 0.030000 2.038382 0.030000 2.434972 0.150000 4.546398 0.030000 4.276919 0.030000 2.841611 0.030000 2.998922 0.030000 4.980629 0.030000 4.808301 0.030000 1.839559 0.030000 1.718796 0.030000 2.768092 0.030000 2.570726 0.030000 6.300391 0.030000 6.250520 0.030000
6.309646 0.030000 6.390848 0.030000 7.449485 0.030000 7.352397 0.030000 2.045779 0.030000 2.304184 0.030000 4.540123 0.030000 4.326357 0.030000 2.812588 0.030000 2.965937 0.030000 4.941479 0.150000 4.755004 0.030000 1.918487 0.030000 1.670950 0.030000 2.708046 0.030000 2.645906 0.030000 6.877339 0.150000 6.247975 0.030000
6.308512 0.030000 6.399790 0.030000 7.517255 0.030000 7.306930 0.030000 2.046197 0.030000 2.239596 0.030000 4.542988 0.030000 4.324040 0.030000 2.830770 0.030000 2.923452 0.030000 5.077469 0.030000 4.914646 0.030000 1.877671 0.030000 1.754026 0.030000 2.782451 0.030000 2.625705 0.030000 6.301640 0.030000 6.286769 0.030000
6.312699 0.030000 6.466171 0.150000 7.492446 0.030000 7.328719 0.030000 2.001077 0.030000 2.187204 0.030000 4.706792 0.150000 4.386753 0.030000 2.757062 0.030000 2.958489 0.030000 5.064420 0.030000 4.923827 0.030000 2.387791 0.150000 2.279308 0.150000 2.779643 0.030000 2.695650 0.030000 6.721927 0.150000 6.277290 0.030000
6.300171 0.030000 6.327835 0.030000 7.767796 0.150000 7.427867 0.030000 1.985165 0.030000 2.116429 0.030000 4.655986 0.030000 4.419758 0.030000 2.772671 0.030000 2.940227 0.030000 5.051554 0.030000 4.892462 0.030000 1.913851 0.030000 1.736237 0.030000 3.387269 0.150000 2.686429 0.030000 6.279770 0.030000 6.237212 0.030000
6.318071 0.030000 6.360346 0.030000 7.571528 0.030000 7.714574 0.150000 1.970217 0.030000 2.206705 0.030000 4.640259 0.030000 4.421851 0.030000 2.744771 0.030000 3.343370 0.150000 5.184781 0.030000 4.925551 0.030000 1.949826 0.150000 1.770124 0.030000 2.858082 0.030000 2.694905 0.030000 6.299618 0.030000 6.342728 0.030000
6.329436 0.030000 6.350903 0.030000 7.644453 0.030000 7.437612 0.030000 1.973910 0.030000 2.161435 0.030000 4.636712 0.030000 4.446291 0.030000 2.768544 0.030000 2.844992 0.030000 5.114697 0.030000 5.041128 0.150000 1.946958 0.030000 1.768302 0.030000 2.821286 0.030000 2.879531 0.150000 6.324215 0.030000 6.245658 0.030000
6.339170 0.030000 6.336160 0.030000 7.621547 0.030000 7.401751 0.030000 1.939707 0.030000 2.134365 0.030000 4.715418 0.030000 4.478088 0.030000 2.768656 0.030000 2.860727 0.030000 5.153908 0.030000 4.975855 0.030000 2.058279 0.030000 1.844291 0.030000 2.920050 0.030000 2.815427 0.150000 6.346269 0.030000 6.240189 0.030000
6.274488 0.030000 6.386645 0.030000 7.613100 0.030000 7.424675 0.030000 2.372564 0.150000 2.014709 0.030000 4.759073 0.030000 4.548412 0.030000 2.686789 0.030000 2.888048 0.030000 5.210570 0.030000 4.989711 0.030000 2.053434 0.030000 1.914451 0.030000 2.900381 0.030000 2.775980 0.030000 6.346600 0.030000 6.305279 0.030000
6.268464 0.030000 6.350737 0.030000 7.541850 0.030000 7.509903 0.030000 1.884600 0.030000 2.073708 0.030000 4.828698 0.150000 4.512417 0.030000 2.734601 0.030000 2.856989 0.030000 5.220980 0.030000 4.940846 0.150000 2.073419 0.030000 1.866246 0.030000 2.891822 0.030000 2.768641 0.030000 6.439868 0.150000 6.326923 0.030000
6.840777 0.150000 6.316976 0.030000 7.606890 0.030000 7.512168 0.030000 1.922475 0.030000 2.580024 0.150000 4.723928 0.030000 4.496495 0.030000 2.663058 0.030000 2.819072 0.030000 5.240363 0.030000 4.983430 0.030000 2.106375 0.030000 1.963573 0.030000 2.957951 0.030000 2.756477 0.030000 7.142803 0.150000 6.264186 0.030000
6.283043 0.030000 6.319418 0.030000 7.736264 0.150000 7.504374 0.030000 1.904692 0.030000 2.025568 0.030000 4.827658 0.030000 4.553840 0.030000 2.636713 0.030000 2.865446 0.030000 5.246072 0.030000 5.045788 0.030000 2.128130 0.030000 1.973567 0.030000 2.911367 0.030000 2.759285 0.030000 6.344682 0.030000 6.288075 0.030000
6.275906 0.030000 6.342022 0.030000 7.694086 0.030000 7.432754 0.030000 1.838965 0.030000 2.010413 0.030000 4.861751 0.030000 4.946658 0.150000 2.671837 0.030000 3.002146 0.150000 5.283447 0.030000 5.120091 0.030000 2.151168 0.030000 1.944742 0.030000 2.940643 0.030000 2.721571 0.030000 6.396949 0.030000 6.291994 0.030000
6.246801 0.030000 6.330635 0.030000 7.676629 0.030000 7.577792 0.030000 1.799439 0.030000 1.996368 0.030000 4.851389 0.030000 4.537481 0.030000 2.667980 0.030000 2.750552 0.030000 5.292843 0.030000 5.127470 0.030000 2.182892 0.030000 2.007810 0.030000 2.964879 0.030000 2.768681 0.030000 6.349153 0.030000 6.318250 0.030000
6.219866 0.030000 6.284449 0.150000 8.124528 0.150000 7.509685 0.030000 1.633854 0.150000 2.052632 0.030000 4.846129 0.030000 4.651563 0.030000 2.658509 0.030000 2.795974 0.030000 5.316232 0.030000 5.074814 0.030000 2.159813 0.030000 1.907776 0.030000 2.934356 0.030000 2.799922 0.030000 6.319200 0.030000 6.307155 0.030000
6.236086 0.030000 6.318057 0.030000 7.706444 0.030000 7.501501 0.030000 1.803073 0.030000 1.950047 0.030000 4.858883 0.150000 4.599092 0.030000 2.683585 0.030000 2.711266 0.030000 5.338571 0.030000 5.159945 0.030000 2.148394 0.030000 2.118197 0.150000 2.927423 0.030000 2.837730 0.030000 6.377747 0.030000 6.290870 0.030000
6.255683 0.030000 6.390906 0.030000 7.736841 0.030000 7.644629 0.150000 1.803103 0.030000 1.998197 0.030000 4.876128 0.030000 4.619599 0.030000 2.909869 0.150000 2.770499 0.030000 5.620852 0.150000 5.506391 0.150000 2.201343 0.030000 2.000769 0.030000 2.970159 0.030000 2.850871 0.030000 6.406097 0.030000 6.265139 0.150000
6.254859 0.030000 6.323303 0.030000 7.684121 0.030000 7.579554 0.030000 1.735254 0.030000 1.946948 0.030000 4.918962 0.030000 4.687432 0.030000 2.581673 0.030000 2.795344 0.030000 5.401274 0.030000 5.167570 0.030000 2.188977 0.030000 2.023146 0.030000 2.987604 0.030000 2.870892 0.030000 6.359794 0.030000 6.299268 0.030000
6.242299 0.030000 6.309786 0.030000 7.769226 0.030000 7.601970 0.030000 1.737150 0.030000 1.921368 0.030000 4.939772 0.030000 4.683325 0.030000 2.562143 0.030000 2.710473 0.030000 5.368728 0.030000 5.198990 0.030000 2.249839 0.030000 2.049945 0.030000 3.012031 0.030000 2.840376 0.030000 6.419886 0.030000 6.350097 0.030000
6.207427 0.030000 6.286711 0.030000 7.942031 0.150000 8.995620 0.150000 1.756623 0.030000 1.898776 0.030000 4.988866 0.030000 4.701034 0.030000 2.624236 0.030000 2.867375 0.150000 6.544396 0.150000 5.282139 0.030000 2.225876 0.030000 2.090172 0.150000 2.969551 0.030000 3.237820 0.150000 6.380685 0.030000 6.298242 0.030000
6.246386 0.030000 6.287563 0.030000 7.729268 0.030000 7.638484 0.030000 1.709526 0.030000 1.909152 0.030000 4.986146 0.030000 4.748377 0.030000 2.592781 0.030000 2.768264 0.030000 5.435278 0.030000 5.229502 0.030000 2.298260 0.030000 2.019963 0.030000 3.014565 0.030000 2.928207 0.030000 6.365146 0.030000 6.367415 0.030000
6.191114 0.030000 6.258646 0.030000 7.791509 0.030000 7.640553 0.030000 1.716470 0.030000 1.920315 0.030000 4.985662 0.030000 4.909218 0.150000 2.604451 0.030000 2.705468 0.030000 5.441410 0.030000 5.177151 0.030000 2.276476 0.030000 2.094456 0.030000 3.273552 0.150000 2.897285 0.030000 6.422527 0.030000 6.288262 0.030000
6.211330 0.030000 6.289908 0.030000 7.763957 0.150000 7.572212 0.030000 1.725878 0.030000 1.856685 0.030000 4.839525 0.150000 4.831968 0.030000 2.536743 0.030000 4.016369 0.150000 5.937897 0.150000 5.256617 0.030000 2.238373 0.030000 2.080422 0.030000 3.068886 0.030000 3.671415 0.150000 6.361918 0.030000 6.345374 0.030000
6.211088 0.030000 6.833957 0.150000 7.776212 0.030000 7.656951 0.030000 1.696964 0.030000 2.190121 0.150000 5.251034 0.150000 4.754542 0.030000 2.545849 0.030000 2.716645 0.030000 5.455733 0.030000 5.329340 0.030000 2.335559 0.030000 2.131162 0.030000 3.049865 0.030000 2.854499 0.030000 6.441326 0.030000 6.269862 0.150000
6.271733 0.150000 6.266919 0.030000 7.768319 0.030000 7.670428 0.030000 1.699786 0.030000 1.851769 0.030000 5.022768 0.030000 4.789232 0.030000 2.586408 0.030000 2.655166 0.030000 5.512709 0.030000 5.301586 0.030000 2.350279 0.030000 2.135921 0.030000 3.078171 0.030000 2.940115 0.030000 6.700018 0.150000 6.365310 0.030000
6.201289 0.030000 6.233744 0.030000 7.786017 0.030000 7.634971 0.030000 1.684856 0.030000 1.836923 0.030000 5.034598 0.030000 4.785226 0.030000 2.617646 0.030000 2.678964 0.030000 5.474836 0.030000 5.292463 0.030000 2.295573 0.030000 2.127978 0.030000 3.096395 0.030000 2.936705 0.030000 6.412580 0.030000 6.329216 0.030000
6.207477 0.030000 6.272679 0.030000 7.823879 0.030000 8.443023 0.150000 1.618820 0.030000 1.850704 0.030000 5.102019 0.030000 4.833477 0.030000 2.583185 0.030000 2.671719 0.030000 5.487617 0.030000 5.317050 0.030000 2.337354 0.030000 2.116735 0.030000 3.129486 0.030000 2.937333 0.030000 6.452123 0.030000 6.318668 0.030000
6.255905 0.030000 6.266117 0.030000 7.838955 0.030000 7.688753 0.030000 1.634811 0.030000 1.841131 0.030000 5.102839 0.030000 4.867612 0.030000 2.558401 0.030000 2.688525 0.030000 5.549735 0.030000 5.350798 0.030000 2.370778 0.030000 2.118184 0.030000 3.087134 0.030000 2.920416 0.030000 6.367804 0.150000 6.306794 0.030000
6.230529 0.030000 6.249615 0.030000 8.029218 0.150000 7.831544 0.150000 1.604876 0.030000 1.846292 0.030000 5.487697 0.150000 4.844533 0.030000 2.528305 0.030000 2.544563 0.150000 5.561347 0.030000 5.332149 0.030000 2.374974 0.030000 2.197700 0.030000 3.147941 0.030000 2.927143 0.030000 6.432892 0.030000 6.388713 0.030000
6.232396 0.030000 6.292821 0.030000 7.872164 0.030000 7.655074 0.030000 1.665111 0.030000 2.131831 0.150000 5.159013 0.030000 4.800186 0.150000 2.551657 0.030000 2.660214 0.030000 6.580240 0.150000 5.384715 0.150000 2.463661 0.150000 2.156804 0.030000 3.095240 0.030000 3.003239 0.030000 6.431819 0.030000 6.373655 0.030000
6.197695 0.030000 6.250902 0.030000 7.889276 0.030000 7.676349 0.030000 1.660200 0.150000 1.813566 0.030000 5.118198 0.030000 4.923702 0.030000 2.519893 0.030000 2.699093 0.030000 5.526728 0.030000 5.310055 0.030000 2.476827 0.150000 2.174372 0.030000 3.132599 0.030000 2.959969 0.030000 6.388199 0.030000 6.382395 0.030000
6.145547 0.030000 6.226302 0.030000 7.827903 0.030000 7.739466 0.030000 1.733249 0.150000 1.721441 0.030000 5.876565 0.150000 4.917599 0.030000 2.530418 0.030000 2.681007 0.030000 5.763667 0.150000 5.357440 0.030000 2.387886 0.030000 2.131390 0.030000 3.144012 0.030000 2.954079 0.030000 6.372604 0.030000 6.366735 0.030000
6.209589 0.030000 6.208203 0.030000 7.847188 0.030000 7.728977 0.030000 1.604375 0.030000 1.770144 0.030000 5.200140 0.030000 4.892261 0.030000 2.509809 0.030000 2.652572 0.030000 5.530917 0.030000 5.346293 0.030000 2.460803 0.030000 2.918044 0.150000 3.166919 0.030000 2.968261 0.030000 6.443409 0.030000 6.366981 0.030000
6.540750 0.150000 6.220976 0.030000 7.765774 0.150000 7.657778 0.030000 1.652235 0.030000 1.813659 0.030000 5.242995 0.030000 4.919760 0.030000 2.514502 0.030000 2.636803 0.030000 5.644129 0.030000 5.297808 0.030000 2.455843 0.030000 2.224470 0.030000 3.142851 0.030000 3.159706 0.150000 6.442273 0.030000 6.360086 0.030000
6.223042 0.030000 6.199158 0.030000 8.242656 0.150000 7.741747 0.030000 1.611183 0.030000 1.760804 0.030000 5.207717 0.030000 4.938239 0.030000 2.493872 0.030000 2.669849 0.030000 5.661984 0.150000 5.387595 0.030000 2.795981 0.150000 2.212317 0.030000 3.131163 0.030000 3.021584 0.030000 6.456325 0.030000 7.565582 0.150000
6.205174 0.030000 6.259723 0.030000 7.900713 0.030000 7.751950 0.030000 1.546242 0.030000 1.692882 0.030000 5.232645 0.030000 4.898770 0.030000 2.540122 0.030000 2.641092 0.030000 5.672818 0.150000 5.394050 0.030000 2.394188 0.030000 2.176902 0.030000 3.146700 0.150000 2.935911 0.030000 6.485373 0.030000 6.349630 0.030000
6.496292 0.150000 6.257941 0.030000 7.875278 0.030000 7.762861 0.030000 1.615065 0.030000 1.738771 0.030000 5.123159 0.150000 5.264337 0.150000 2.516958 0.030000 2.633760 0.030000 5.640891 0.030000 5.412563 0.030000 2.671623 0.150000 2.288634 0.030000 3.173350 0.030000 2.980825 0.030000 6.445785 0.030000 6.407974 0.030000
6.227754 0.030000 6.220127 0.030000 7.892773 0.030000 7.738214 0.030000 1.561650 0.030000 1.726563 0.030000 6.710524 0.150000 4.962340 0.030000 2.683855 0.150000 2.621997 0.030000 5.664940 0.030000 5.426449 0.030000 2.496475 0.030000 2.190169 0.030000 3.175459 0.030000 3.119999 0.030000 6.469436 0.030000 6.410038 0.030000
