7.677838 0.030000 7.921435 0.030000 0.511863 0.030000 0.564259 0.030000 9.562744 0.150000 9.405987 0.030000 5.433297 0.030000 5.606429 0.030000 7.473850 0.030000 7.444523 0.030000 4.034784 0.030000 4.045229 0.030000 8.701104 0.030000 8.850423 0.030000 3.337583 0.030000 3.855748 0.150000 4.885607 0.030000 5.062652 0.030000
7.587914 0.030000 7.819594 0.030000 1.243046 0.150000 0.536670 0.030000 9.297081 0.030000 9.388032 0.030000 5.340137 0.030000 5.500710 0.150000 7.460336 0.030000 7.475243 0.030000 4.106198 0.030000 4.082582 0.030000 8.761425 0.030000 8.786081 0.030000 3.283825 0.030000 3.457198 0.030000 4.876520 0.030000 4.996677 0.030000
7.550714 0.030000 7.712702 0.030000 0.458222 0.030000 0.506824 0.030000 9.251163 0.030000 9.379547 0.030000 5.218619 0.030000 5.440935 0.030000 7.443881 0.030000 7.781001 0.150000 4.101845 0.030000 4.041037 0.030000 8.695886 0.030000 8.833861 0.030000 3.159553 0.030000 3.350801 0.030000 4.824201 0.030000 4.892402 0.030000
7.378564 0.030000 7.645831 0.030000 0.507567 0.030000 0.473204 0.030000 9.149892 0.030000 9.280594 0.030000 5.109472 0.030000 5.247850 0.030000 7.483723 0.030000 7.415431 0.030000 4.186805 0.030000 4.104553 0.030000 8.743476 0.030000 8.764448 0.030000 3.133036 0.030000 3.247687 0.030000 4.705191 0.030000 4.786603 0.030000
7.390300 0.030000 8.255563 0.150000 0.517083 0.030000 0.484387 0.030000 9.088162 0.030000 9.178625 0.030000 4.963944 0.030000 6.010223 0.150000 7.484390 0.030000 7.452847 0.030000 4.161746 0.030000 4.102092 0.030000 8.698564 0.030000 8.715147 0.030000 2.948731 0.030000 3.058922 0.030000 4.659796 0.030000 4.734334 0.030000
7.264508 0.030000 7.370449 0.030000 0.635239 0.030000 0.519616 0.030000 9.068211 0.030000 9.104147 0.030000 5.198337 0.150000 5.084912 0.030000 7.477378 0.030000 7.506362 0.030000 4.268692 0.030000 4.144091 0.030000 8.671978 0.030000 8.670604 0.030000 2.739420 0.030000 3.489215 0.150000 4.637675 0.030000 4.706109 0.030000
7.138086 0.030000 7.302382 0.030000 0.776638 0.030000 0.548994 0.030000 9.059151 0.030000 9.059621 0.030000 4.728687 0.030000 4.919601 0.030000 7.480505 0.030000 7.625855 0.150000 4.272817 0.030000 4.230533 0.030000 8.619059 0.030000 8.689026 0.030000 2.654494 0.030000 2.905487 0.030000 4.564133 0.030000 4.606178 0.030000
7.031871 0.030000 7.163543 0.030000 0.860204 0.030000 0.714313 0.030000 8.938575 0.030000 9.031001 0.030000 4.601422 0.030000 4.788819 0.030000 7.526519 0.030000 7.509886 0.030000 4.326980 0.030000 4.224700 0.030000 8.672671 0.030000 8.691753 0.030000 2.557409 0.030000 2.738216 0.030000 4.528416 0.030000 4.580419 0.030000
6.903308 0.030000 7.102080 0.030000 0.920337 0.030000 0.788074 0.030000 9.806708 0.150000 8.953882 0.030000 4.538037 0.030000 4.683278 0.030000 7.550782 0.030000 7.491182 0.030000 4.359878 0.030000 4.277047 0.030000 8.746428 0.150000 8.605343 0.030000 2.444297 0.030000 2.615440 0.030000 4.427753 0.030000 4.507391 0.030000
6.830962 0.030000 6.980015 0.030000 0.978016 0.150000 0.881445 0.030000 8.844402 0.030000 9.116552 0.150000 4.321550 0.030000 4.750591 0.150000 7.574797 0.150000 7.470033 0.030000 4.497917 0.030000 4.367527 0.030000 8.607699 0.030000 8.637111 0.030000 2.298641 0.030000 2.493480 0.030000 4.376858 0.030000 4.509254 0.030000
7.108459 0.150000 6.879701 0.030000 1.195707 0.030000 0.983696 0.030000 8.778310 0.030000 8.890853 0.030000 4.176290 0.030000 4.394317 0.030000 7.555413 0.030000 7.518765 0.030000 4.555144 0.030000 4.411584 0.030000 8.596648 0.030000 8.595000 0.030000 2.139760 0.030000 2.348644 0.030000 4.351062 0.030000 4.379011 0.030000
6.636453 0.030000 6.786845 0.030000 1.259104 0.030000 1.075376 0.030000 8.781802 0.030000 8.781008 0.030000 4.040521 0.030000 4.313702 0.030000 7.592958 0.030000 7.594097 0.030000 4.581439 0.030000 4.450218 0.030000 9.197711 0.150000 8.594961 0.030000 2.061178 0.030000 2.217977 0.030000 4.276156 0.030000 4.345096 0.030000
6.521410 0.030000 6.612962 0.030000 1.339913 0.030000 1.194657 0.030000 8.676280 0.030000 8.771787 0.030000 3.966558 0.030000 4.161709 0.030000 7.651625 0.030000 7.601503 0.030000 4.675345 0.030000 4.569642 0.030000 8.563702 0.030000 8.559886 0.030000 1.908507 0.030000 2.146574 0.030000 4.297082 0.030000 4.344799 0.030000
6.470479 0.030000 6.568912 0.030000 1.488715 0.030000 1.323405 0.030000 8.640014 0.030000 8.728326 0.030000 3.924992 0.030000 4.015691 0.030000 7.653968 0.030000 7.633180 0.030000 4.716356 0.030000 4.629435 0.030000 8.674588 0.030000 8.576244 0.030000 1.869901 0.030000 2.190278 0.150000 4.107215 0.150000 4.963922 0.150000
7.249973 0.150000 6.453412 0.030000 1.640637 0.030000 1.438803 0.030000 8.605581 0.030000 8.631110 0.030000 3.745786 0.030000 3.911455 0.030000 8.467586 0.150000 7.634588 0.030000 4.805832 0.030000 4.668711 0.030000 8.593092 0.030000 8.504125 0.030000 1.680507 0.030000 1.843507 0.030000 4.188125 0.030000 4.234011 0.030000
6.224162 0.030000 6.385844 0.030000 1.708989 0.030000 1.425145 0.150000 8.553411 0.030000 8.535729 0.030000 3.555490 0.030000 3.790052 0.030000 7.701646 0.030000 7.715433 0.030000 4.880553 0.030000 4.763849 0.030000 8.503373 0.030000 8.459293 0.030000 1.619385 0.030000 1.751416 0.030000 4.085267 0.030000 4.202111 0.030000
6.107171 0.030000 6.283963 0.030000 1.900589 0.150000 1.621534 0.150000 8.510577 0.030000 8.605724 0.030000 3.400542 0.030000 3.646208 0.030000 7.744879 0.150000 7.746808 0.030000 4.921890 0.030000 4.786913 0.030000 8.557758 0.030000 8.535240 0.030000 1.453656 0.030000 1.644132 0.030000 4.121243 0.030000 4.191824 0.030000
6.012710 0.030000 6.139870 0.030000 2.019017 0.030000 1.821814 0.030000 8.516943 0.030000 8.530451 0.030000 3.358357 0.030000 3.514960 0.030000 7.778136 0.030000 7.698532 0.030000 5.064466 0.030000 4.889972 0.030000 8.505487 0.030000 8.527281 0.030000 1.309603 0.030000 1.497902 0.030000 4.037433 0.030000 4.120673 0.030000
5.929303 0.030000 6.119597 0.030000 2.127083 0.030000 1.897389 0.030000 8.485043 0.030000 8.470507 0.030000 3.319348 0.150000 3.428888 0.030000 7.875652 0.030000 7.761444 0.030000 5.054618 0.030000 4.928225 0.030000 8.543435 0.030000 8.599892 0.030000 1.201287 0.030000 1.444746 0.030000 4.089783 0.030000 4.091397 0.030000
5.859959 0.030000 6.016558 0.030000 2.277446 0.030000 2.327647 0.150000 8.428209 0.030000 8.825076 0.150000 3.087760 0.030000 3.594256 0.150000 7.828377 0.030000 7.750267 0.030000 5.178150 0.030000 5.083787 0.030000 8.529250 0.030000 8.554377 0.030000 1.614203 0.150000 1.253784 0.030000 4.059219 0.030000 4.217112 0.150000
5.817754 0.030000 5.891283 0.030000 2.330328 0.030000 2.141320 0.030000 8.405165 0.030000 8.328866 0.030000 2.949995 0.030000 3.159196 0.030000 7.931774 0.030000 7.823281 0.030000 5.238220 0.030000 5.158813 0.030000 8.579860 0.030000 8.574393 0.030000 0.975893 0.030000 1.124414 0.030000 3.986472 0.030000 4.048115 0.030000
5.712758 0.150000 5.803866 0.030000 2.453410 0.030000 2.261972 0.030000 8.314437 0.030000 8.351900 0.030000 2.829137 0.030000 3.102707 0.030000 7.966130 0.030000 7.874904 0.030000 5.368674 0.030000 5.220672 0.030000 8.602734 0.030000 8.577242 0.030000 0.900909 0.030000 1.046917 0.030000 4.021446 0.030000 4.085790 0.030000
5.597374 0.030000 5.739641 0.030000 2.556883 0.030000 2.372208 0.030000 8.295596 0.030000 8.386058 0.030000 2.757590 0.030000 2.906921 0.030000 7.989581 0.030000 7.890932 0.030000 5.418671 0.030000 5.266549 0.030000 8.546728 0.030000 8.582611 0.030000 0.802520 0.030000 0.942814 0.030000 3.988696 0.030000 4.046689 0.030000
5.545271 0.030000 5.648636 0.030000 2.703690 0.030000 2.554062 0.030000 8.896994 0.150000 8.321967 0.030000 2.640270 0.030000 2.808639 0.030000 8.053436 0.030000 7.969311 0.030000 5.535852 0.030000 5.388983 0.030000 8.531892 0.030000 8.592009 0.030000 0.700113 0.030000 0.651790 0.150000 4.065279 0.030000 4.031145 0.030000
5.405776 0.030000 5.540404 0.030000 2.646673 0.150000 2.656814 0.030000 8.199370 0.030000 8.553082 0.150000 2.449184 0.030000 2.646279 0.030000 8.106304 0.030000 7.994804 0.030000 5.595866 0.030000 5.505257 0.030000 8.572300 0.030000 8.460110 0.150000 2.392567 0.150000 1.005418 0.150000 4.007185 0.030000 4.008896 0.030000
5.324187 0.030000 5.441118 0.030000 2.942071 0.030000 2.775432 0.150000 8.130011 0.030000 8.283261 0.030000 2.338606 0.030000 2.498193 0.030000 8.172333 0.030000 8.091124 0.030000 5.674568 0.030000 5.530790 0.030000 9.108491 0.150000 8.596101 0.030000 0.600071 0.030000 0.733256 0.030000 4.007578 0.030000 4.031651 0.030000
5.256247 0.030000 5.390911 0.030000 3.087968 0.030000 2.897883 0.030000 8.102103 0.030000 8.203546 0.030000 2.240712 0.030000 2.398392 0.030000 8.360941 0.150000 8.106690 0.030000 5.771532 0.030000 5.660402 0.030000 8.669865 0.030000 8.638326 0.030000 0.487725 0.030000 0.597876 0.030000 4.073098 0.030000 4.007644 0.030000
5.137821 0.030000 5.316102 0.030000 3.230699 0.030000 2.999704 0.030000 8.103662 0.030000 8.215020 0.030000 2.075958 0.030000 2.239034 0.030000 8.253850 0.030000 8.195123 0.150000 5.881759 0.030000 5.669797 0.030000 8.665917 0.030000 8.654335 0.030000 0.484458 0.030000 0.530766 0.030000 4.048835 0.030000 3.919479 0.150000
5.079829 0.030000 5.193980 0.030000 3.306482 0.030000 3.134226 0.030000 8.115349 0.030000 8.178025 0.030000 1.978831 0.150000 2.354637 0.150000 8.284074 0.030000 8.200929 0.030000 5.956275 0.030000 5.875107 0.030000 8.710062 0.030000 8.668323 0.030000 0.543417 0.030000 0.522997 0.030000 4.058445 0.030000 4.035599 0.150000
4.981220 0.030000 5.154001 0.030000 3.438989 0.030000 3.240092 0.030000 8.110259 0.030000 8.334517 0.150000 1.814605 0.030000 2.026931 0.030000 8.345126 0.030000 8.270133 0.030000 6.092901 0.030000 5.920843 0.030000 8.674500 0.030000 8.901508 0.150000 0.588943 0.030000 0.472911 0.030000 4.214309 0.150000 4.039675 0.030000
4.869126 0.030000 5.067887 0.030000 3.634102 0.030000 3.329453 0.030000 8.057928 0.030000 8.140645 0.030000 1.760564 0.030000 1.938789 0.030000 8.426018 0.030000 8.324008 0.030000 6.173403 0.030000 5.993132 0.030000 8.691635 0.030000 8.674629 0.030000 0.642457 0.030000 0.565933 0.030000 4.081412 0.030000 3.931888 0.150000
4.868884 0.030000 5.011104 0.030000 3.709435 0.030000 3.442362 0.030000 8.078428 0.030000 8.573339 0.150000 1.569609 0.030000 1.767908 0.030000 8.412533 0.030000 8.392632 0.030000 6.331819 0.030000 6.120873 0.030000 8.773624 0.030000 8.745592 0.030000 0.660623 0.030000 0.568285 0.030000 4.202762 0.030000 4.095271 0.030000
4.748662 0.030000 4.910910 0.030000 3.824192 0.030000 3.648726 0.030000 8.025615 0.030000 8.079506 0.030000 1.463836 0.030000 1.287975 0.150000 8.516514 0.030000 8.371451 0.030000 6.423758 0.030000 6.225936 0.030000 8.746152 0.030000 8.683729 0.030000 1.165523 0.150000 0.664034 0.030000 4.167185 0.030000 4.043295 0.150000
4.747650 0.030000 4.851005 0.030000 3.972451 0.030000 3.681293 0.030000 8.005726 0.030000 8.088046 0.030000 1.307046 0.030000 1.539605 0.030000 8.598147 0.030000 8.461740 0.030000 6.498532 0.030000 6.349583 0.030000 9.498408 0.150000 8.805217 0.030000 0.899566 0.030000 0.732401 0.030000 4.219185 0.030000 4.160534 0.030000
4.700217 0.030000 4.771321 0.030000 4.649199 0.150000 3.861762 0.030000 8.062792 0.030000 8.064754 0.030000 1.220186 0.030000 1.423678 0.030000 8.670945 0.030000 8.573526 0.030000 6.586664 0.030000 6.452401 0.030000 8.786193 0.030000 8.786550 0.030000 0.966050 0.030000 0.833166 0.030000 4.302393 0.150000 4.912455 0.150000
4.570307 0.030000 4.705201 0.030000 4.235114 0.030000 4.005140 0.030000 8.057175 0.030000 8.000723 0.030000 1.047321 0.030000 1.300597 0.030000 8.718769 0.030000 8.559391 0.030000 6.706661 0.030000 6.694139 0.150000 8.904338 0.030000 8.820550 0.030000 1.129727 0.030000 0.993086 0.030000 4.241710 0.030000 4.205064 0.030000
4.545097 0.030000 4.596494 0.030000 4.252138 0.030000 4.115260 0.030000 8.005466 0.030000 8.032495 0.030000 0.909671 0.030000 1.180597 0.030000 8.765493 0.030000 8.665568 0.030000 6.772017 0.030000 6.655610 0.030000 8.899089 0.030000 8.853739 0.030000 1.207603 0.030000 0.950357 0.030000 4.304139 0.030000 4.135213 0.150000
4.466430 0.030000 4.630419 0.030000 4.448545 0.030000 4.218436 0.030000 7.912454 0.030000 8.014814 0.030000 0.801448 0.030000 1.095705 0.030000 8.880455 0.030000 8.765030 0.030000 6.880919 0.030000 6.720770 0.030000 8.927178 0.150000 8.883419 0.030000 1.345389 0.030000 1.190180 0.030000 4.369958 0.030000 4.299028 0.030000
4.840734 0.150000 4.513469 0.030000 4.547728 0.030000 4.405648 0.030000 8.001912 0.030000 7.960347 0.030000 0.662864 0.030000 0.857176 0.030000 8.934047 0.030000 8.770388 0.030000 6.952033 0.030000 6.844225 0.030000 8.964654 0.030000 8.923313 0.030000 1.427041 0.030000 1.402458 0.150000 4.429626 0.030000 4.341722 0.030000
4.343087 0.030000 4.424753 0.030000 5.077327 0.150000 4.455301 0.030000 8.307685 0.150000 8.007953 0.030000 0.587260 0.030000 0.824911 0.030000 9.020601 0.030000 8.833082 0.030000 7.123447 0.030000 6.955203 0.030000 8.938168 0.030000 8.950788 0.030000 1.809760 0.150000 1.370545 0.030000 4.490462 0.030000 4.442245 0.030000
4.292484 0.030000 4.385520 0.030000 4.797625 0.030000 4.633179 0.030000 8.284174 0.150000 8.033464 0.030000 0.383436 0.030000 0.674867 0.030000 9.028818 0.030000 8.915975 0.030000 7.173900 0.030000 6.999064 0.030000 9.034823 0.030000 8.931161 0.030000 1.710657 0.030000 1.553122 0.030000 4.508322 0.030000 4.451209 0.030000
4.250971 0.030000 4.346625 0.030000 4.889147 0.150000 4.772637 0.030000 7.975361 0.150000 7.942843 0.030000 0.399681 0.030000 0.527531 0.030000 9.095873 0.030000 8.965455 0.030000 7.331803 0.030000 7.088434 0.030000 9.096040 0.030000 9.036318 0.030000 1.821760 0.030000 1.628131 0.030000 4.563368 0.030000 4.492953 0.030000
4.223223 0.030000 4.297639 0.030000 5.216069 0.150000 5.212582 0.150000 8.030366 0.030000 8.014948 0.030000 0.288186 0.030000 0.461548 0.030000 9.388211 0.150000 9.007452 0.030000 7.360747 0.030000 7.231061 0.030000 9.117657 0.150000 9.064499 0.030000 1.934442 0.030000 1.707853 0.030000 4.641174 0.030000 4.544167 0.030000
4.135068 0.030000 4.233054 0.030000 5.158346 0.030000 5.014962 0.030000 8.044235 0.030000 8.025861 0.030000 0.163269 0.030000 0.282535 0.030000 9.236544 0.030000 9.157755 0.030000 7.419459 0.030000 7.288788 0.030000 9.188482 0.030000 9.066774 0.030000 1.991720 0.030000 1.764527 0.030000 4.668682 0.030000 4.598588 0.150000
4.149183 0.030000 4.239256 0.030000 5.193821 0.030000 5.049667 0.030000 8.078746 0.030000 8.043179 0.030000 0.030433 0.030000 0.234756 0.030000 9.690152 0.150000 9.177882 0.030000 7.519354 0.030000 7.369915 0.030000 9.170027 0.030000 9.103252 0.030000 2.029337 0.030000 1.928370 0.030000 4.741609 0.030000 4.601431 0.030000
4.192902 0.030000 4.230394 0.030000 5.302227 0.030000 5.141868 0.030000 8.021257 0.030000 8.002463 0.030000 0.101096 0.030000 0.167345 0.030000 9.315111 0.030000 9.226594 0.030000 7.573277 0.030000 7.463380 0.030000 9.257210 0.150000 9.231647 0.030000 2.155877 0.030000 1.948207 0.030000 4.791121 0.030000 4.858047 0.150000
4.139873 0.030000 4.212941 0.030000 5.360277 0.030000 5.147286 0.030000 7.984236 0.030000 8.001526 0.030000 0.079498 0.030000 0.116598 0.030000 9.414721 0.030000 9.295304 0.030000 7.658836 0.030000 7.424297 0.030000 9.227755 0.030000 9.182374 0.030000 2.235200 0.030000 2.268061 0.150000 4.858540 0.030000 4.691974 0.030000
4.157073 0.030000 4.194170 0.030000 5.431847 0.030000 5.202034 0.030000 7.992177 0.030000 7.999122 0.030000 0.185273 0.030000 0.006520 0.030000 9.368910 0.030000 9.273628 0.030000 7.606037 0.150000 7.523362 0.030000 9.236731 0.030000 9.210310 0.030000 2.309120 0.030000 2.137268 0.030000 4.826874 0.030000 4.728507 0.030000
4.072799 0.030000 4.152106 0.030000 5.457177 0.030000 5.724580 0.150000 8.005148 0.030000 8.250624 0.150000 0.170887 0.030000 0.042743 0.030000 9.452886 0.030000 9.312252 0.030000 7.683028 0.030000 7.589587 0.030000 9.287831 0.030000 9.198327 0.030000 2.326033 0.030000 2.128591 0.030000 4.880502 0.030000 4.777992 0.030000
4.088731 0.150000 4.188074 0.030000 5.578911 0.030000 6.059095 0.150000 7.981736 0.030000 8.011990 0.030000 0.279354 0.030000 0.064765 0.030000 9.480734 0.030000 9.296702 0.030000 7.956234 0.150000 7.631424 0.030000 9.346187 0.030000 9.238912 0.030000 2.358295 0.030000 2.227954 0.030000 4.848366 0.030000 4.750677 0.030000
4.061528 0.030000 4.114971 0.030000 5.609150 0.030000 5.005203 0.150000 8.011471 0.030000 8.009421 0.030000 0.281817 0.030000 0.080850 0.030000 9.466657 0.030000 9.339492 0.030000 7.821224 0.030000 7.684222 0.030000 9.798754 0.150000 9.667561 0.150000 2.416206 0.030000 2.229300 0.030000 4.905358 0.030000 4.839701 0.030000
4.014222 0.030000 4.152842 0.030000 5.650812 0.030000 5.391903 0.030000 8.001051 0.030000 8.073688 0.030000 0.326841 0.030000 0.120678 0.030000 9.477281 0.030000 9.396477 0.030000 7.822826 0.030000 7.667720 0.030000 9.655995 0.150000 9.256072 0.030000 2.419855 0.030000 2.219868 0.030000 4.838034 0.030000 4.898148 0.030000
3.974543 0.030000 4.171427 0.030000 5.652864 0.030000 5.482413 0.030000 7.933014 0.030000 8.022603 0.030000 0.438217 0.030000 0.186633 0.030000 9.436395 0.030000 9.446977 0.030000 7.846560 0.030000 7.733844 0.030000 9.268412 0.030000 9.298373 0.030000 2.504635 0.030000 2.291162 0.030000 4.885735 0.030000 4.926811 0.030000
3.892524 0.030000 4.045350 0.030000 5.903730 0.150000 5.572414 0.030000 9.408392 0.150000 8.002457 0.030000 0.379724 0.150000 0.269525 0.030000 9.400473 0.030000 9.458231 0.030000 7.814787 0.030000 8.111326 0.150000 9.181214 0.030000 9.259872 0.030000 2.596624 0.030000 2.429568 0.030000 4.860494 0.030000 4.928054 0.030000
3.787655 0.030000 3.931893 0.030000 5.672534 0.030000 5.638233 0.030000 7.753638 0.030000 7.935581 0.030000 0.493683 0.030000 0.387683 0.030000 9.346101 0.030000 9.453424 0.030000 8.005057 0.150000 7.835189 0.030000 9.122874 0.030000 9.152841 0.030000 2.703943 0.030000 2.477479 0.030000 4.719248 0.030000 4.890278 0.030000
3.617505 0.030000 3.840832 0.030000 5.741512 0.030000 5.698258 0.030000 7.661532 0.030000 7.783617 0.030000 0.565606 0.030000 0.471705 0.030000 9.201469 0.030000 9.318764 0.030000 7.910011 0.150000 8.233876 0.150000 9.519963 0.150000 9.116915 0.030000 2.659333 0.030000 3.391359 0.150000 4.573969 0.030000 4.796802 0.030000
3.526143 0.030000 3.696442 0.030000 5.765588 0.030000 5.739132 0.030000 7.493294 0.030000 7.751212 0.030000 0.753524 0.030000 0.544659 0.030000 9.142496 0.030000 9.318918 0.030000 7.719871 0.030000 7.777637 0.030000 8.857305 0.030000 9.084539 0.030000 2.740294 0.030000 2.625735 0.030000 4.557758 0.030000 4.730176 0.030000
3.341354 0.030000 3.358570 0.150000 5.835004 0.030000 5.761575 0.030000 7.371091 0.030000 7.565748 0.030000 0.758324 0.030000 0.646895 0.030000 9.035018 0.030000 9.201681 0.030000 7.633425 0.030000 7.751251 0.030000 8.776451 0.030000 8.937026 0.030000 2.777043 0.030000 2.651985 0.030000 4.435671 0.030000 4.625326 0.030000
3.302211 0.030000 3.439032 0.030000 5.796835 0.030000 5.750065 0.030000 7.219694 0.030000 7.395228 0.030000 0.948344 0.030000 0.745252 0.030000 8.970781 0.030000 9.225404 0.150000 7.991259 0.150000 7.608078 0.030000 8.668006 0.030000 8.823589 0.030000 2.833556 0.030000 2.728680 0.030000 4.351526 0.030000 4.302693 0.150000
3.130705 0.030000 3.307934 0.030000 6.464662 0.150000 5.810730 0.030000 7.208663 0.150000 7.302769 0.030000 1.063990 0.030000 0.851924 0.030000 8.857237 0.030000 9.006311 0.030000 7.611310 0.030000 7.617223 0.030000 8.559753 0.030000 9.749103 0.150000 2.902915 0.030000 2.804056 0.030000 4.251544 0.030000 4.381602 0.030000
2.972998 0.030000 3.183772 0.030000 5.889942 0.030000 5.820829 0.030000 6.991271 0.030000 7.206753 0.030000 1.202311 0.030000 0.979020 0.030000 8.799098 0.030000 8.902631 0.030000 7.474305 0.030000 7.565592 0.030000 8.451690 0.030000 8.652073 0.030000 2.954436 0.030000 2.909004 0.030000 4.221849 0.030000 4.376914 0.030000
3.598808 0.150000 3.091441 0.030000 5.992345 0.030000 5.918914 0.030000 6.919716 0.030000 7.085504 0.030000 1.337163 0.030000 1.122839 0.030000 8.706217 0.030000 8.900392 0.150000 7.454150 0.030000 7.552441 0.030000 8.306044 0.030000 8.497014 0.030000 3.030830 0.030000 2.943626 0.030000 4.113732 0.030000 4.288795 0.150000
2.799704 0.030000 3.011606 0.030000 6.180106 0.150000 5.914354 0.030000 6.760065 0.030000 7.151965 0.150000 1.427852 0.030000 1.187461 0.030000 8.641104 0.030000 8.716280 0.030000 7.612156 0.150000 7.514208 0.030000 8.254661 0.030000 8.371327 0.030000 3.061551 0.030000 2.964730 0.030000 4.069481 0.030000 4.220206 0.030000
2.678920 0.030000 2.920498 0.030000 6.025936 0.030000 5.935777 0.030000 6.716485 0.030000 6.833717 0.030000 1.538081 0.030000 1.341728 0.030000 8.521401 0.030000 8.684407 0.030000 7.405566 0.030000 7.416584 0.030000 8.155524 0.030000 8.322953 0.030000 3.134519 0.030000 3.035147 0.030000 3.999688 0.030000 4.139698 0.030000
2.668852 0.150000 2.818252 0.030000 6.028126 0.030000 6.252612 0.150000 6.574229 0.030000 7.334424 0.150000 1.525849 0.030000 1.387651 0.030000 8.486560 0.030000 8.632907 0.030000 7.406588 0.030000 7.426495 0.030000 8.074424 0.030000 8.454377 0.150000 3.187643 0.030000 3.070427 0.030000 3.904437 0.030000 4.009496 0.150000
2.536852 0.030000 2.776778 0.030000 6.073685 0.030000 5.979519 0.030000 6.509695 0.030000 6.683101 0.030000 1.591011 0.030000 1.460915 0.030000 8.458659 0.030000 8.568788 0.030000 7.733848 0.150000 7.408962 0.030000 8.000620 0.030000 8.188932 0.030000 3.266060 0.030000 3.147480 0.030000 3.883492 0.030000 3.930252 0.150000
2.499049 0.030000 2.686836 0.030000 6.052867 0.030000 6.026070 0.030000 6.466289 0.030000 6.635517 0.030000 1.656437 0.150000 1.535767 0.030000 8.406061 0.030000 8.551841 0.030000 7.260324 0.030000 7.356721 0.030000 7.931047 0.030000 8.154251 0.030000 3.298527 0.030000 3.176884 0.030000 3.842038 0.030000 3.952755 0.030000
2.436555 0.030000 2.678858 0.030000 6.065409 0.030000 6.301270 0.150000 6.409590 0.030000 7.005414 0.150000 1.774087 0.030000 1.507260 0.030000 8.381963 0.030000 8.494985 0.030000 7.234200 0.030000 7.382825 0.030000 7.916817 0.030000 8.021891 0.030000 3.322239 0.030000 3.246086 0.030000 3.808865 0.030000 3.917650 0.030000
3.045694 0.150000 2.532262 0.030000 6.170183 0.030000 6.013698 0.030000 6.334266 0.030000 6.558607 0.030000 1.840537 0.030000 1.595781 0.030000 8.339240 0.030000 8.448511 0.030000 7.327458 0.030000 7.330354 0.030000 7.856116 0.030000 8.743031 0.150000 3.363422 0.030000 3.208959 0.030000 3.776264 0.030000 3.926347 0.030000
2.991936 0.150000 2.481040 0.030000 6.121660 0.030000 6.097855 0.030000 6.784154 0.150000 6.499177 0.030000 1.851036 0.030000 1.629996 0.030000 8.279996 0.030000 8.388702 0.030000 7.260894 0.030000 7.366254 0.030000 7.811768 0.030000 8.015732 0.030000 3.396458 0.030000 3.226907 0.030000 3.751529 0.030000 3.931374 0.030000
2.281121 0.030000 2.520204 0.030000 6.148736 0.030000 6.100952 0.030000 6.319817 0.030000 6.485445 0.030000 1.882677 0.150000 1.693022 0.030000 8.235726 0.030000 8.383469 0.030000 7.261868 0.030000 7.371343 0.030000 7.724952 0.030000 8.013377 0.030000 3.388632 0.030000 3.315576 0.030000 3.737055 0.030000 3.845881 0.030000
2.284261 0.030000 2.493850 0.030000 6.128388 0.030000 6.114465 0.030000 6.330061 0.030000 6.470419 0.030000 1.917189 0.030000 1.717825 0.030000 8.233068 0.030000 8.397008 0.030000 7.230605 0.030000 7.342655 0.030000 7.749818 0.030000 7.970060 0.030000 3.398931 0.030000 3.352362 0.030000 3.679676 0.030000 3.844862 0.030000
2.321726 0.030000 2.409499 0.030000 6.128324 0.030000 6.137388 0.030000 6.219361 0.030000 6.374993 0.030000 1.883679 0.030000 1.772647 0.030000 8.121914 0.030000 8.826339 0.150000 7.173670 0.030000 7.318407 0.030000 7.715869 0.030000 7.870531 0.030000 3.357261 0.030000 3.337086 0.030000 3.591508 0.030000 3.854712 0.030000
2.305918 0.030000 2.361333 0.030000 5.997030 0.030000 6.487600 0.150000 6.163327 0.030000 6.296891 0.030000 1.906338 0.030000 1.830404 0.030000 8.064468 0.030000 8.226724 0.030000 7.039033 0.030000 7.271678 0.030000 7.595803 0.030000 7.776305 0.030000 3.331647 0.030000 3.645862 0.150000 3.490945 0.030000 3.745487 0.030000
2.317619 0.030000 2.298237 0.030000 5.900291 0.030000 6.028415 0.030000 6.144417 0.030000 6.222145 0.030000 2.614371 0.150000 1.934005 0.030000 7.940983 0.030000 8.174013 0.030000 6.949339 0.030000 7.149997 0.030000 7.735341 0.150000 7.701196 0.030000 3.265032 0.030000 3.413328 0.030000 3.787855 0.150000 3.669610 0.030000
2.400955 0.030000 2.247920 0.030000 5.838669 0.030000 5.996820 0.030000 6.111671 0.030000 6.141841 0.030000 1.945132 0.030000 1.904371 0.030000 7.907977 0.030000 8.079144 0.030000 6.831721 0.030000 6.991274 0.030000 7.506815 0.030000 7.567607 0.030000 3.229365 0.030000 3.572611 0.150000 4.000577 0.150000 3.492008 0.030000
2.394029 0.030000 2.433322 0.150000 5.659558 0.030000 6.541505 0.150000 6.100595 0.030000 6.116023 0.030000 1.906785 0.030000 1.873143 0.150000 7.823913 0.030000 8.258155 0.150000 6.699158 0.030000 6.906594 0.030000 7.433860 0.030000 7.508428 0.030000 3.145824 0.030000 3.232867 0.030000 3.227410 0.030000 3.402244 0.030000
2.512214 0.030000 2.365811 0.030000 5.566983 0.030000 5.695034 0.150000 6.098329 0.030000 6.111334 0.030000 1.911049 0.030000 1.966306 0.150000 7.670241 0.030000 7.831880 0.030000 6.567350 0.030000 6.750741 0.030000 7.378934 0.030000 8.181172 0.150000 3.078929 0.030000 3.103108 0.030000 3.141173 0.030000 3.339777 0.030000
2.582241 0.030000 2.469165 0.030000 6.581742 0.150000 5.635880 0.030000 6.099807 0.030000 6.158145 0.030000 1.980527 0.030000 1.942634 0.030000 7.639006 0.030000 7.775530 0.030000 6.477361 0.030000 6.594108 0.030000 7.328300 0.030000 7.408718 0.030000 2.947073 0.030000 3.088956 0.030000 2.963158 0.150000 3.219085 0.030000
2.645555 0.030000 2.550707 0.030000 5.334885 0.030000 5.508852 0.030000 6.022813 0.030000 6.072679 0.030000 1.973916 0.030000 1.965947 0.030000 7.435727 0.030000 7.685326 0.030000 6.355748 0.030000 6.570841 0.030000 7.326493 0.030000 7.361461 0.030000 2.899657 0.030000 3.039531 0.030000 2.930385 0.030000 3.098661 0.030000
2.730612 0.030000 2.620991 0.030000 5.245096 0.030000 5.453428 0.030000 5.987898 0.030000 6.018602 0.030000 2.053304 0.030000 1.992732 0.030000 7.517800 0.030000 7.537762 0.150000 6.290763 0.030000 6.396738 0.030000 7.227276 0.030000 7.288094 0.030000 2.998034 0.150000 2.986020 0.030000 2.873206 0.030000 2.975703 0.030000
2.813917 0.030000 2.706865 0.030000 5.113336 0.030000 5.296296 0.030000 6.001972 0.030000 6.088044 0.030000 2.085970 0.030000 1.989046 0.030000 7.388779 0.030000 7.519873 0.030000 6.118422 0.030000 6.310036 0.030000 7.151178 0.030000 7.268989 0.030000 2.773942 0.030000 2.862167 0.030000 2.774516 0.030000 2.944265 0.030000
2.914082 0.030000 2.774281 0.030000 5.052234 0.030000 5.166096 0.150000 6.039868 0.030000 6.030792 0.030000 2.089856 0.030000 2.030276 0.030000 7.296889 0.030000 7.420488 0.030000 6.030690 0.030000 6.241697 0.030000 7.173515 0.030000 7.187037 0.030000 2.726300 0.030000 2.831925 0.030000 3.396915 0.150000 2.860760 0.030000
3.030369 0.030000 2.820804 0.030000 4.912991 0.030000 5.057848 0.030000 6.039788 0.030000 6.097957 0.030000 2.160877 0.030000 2.128070 0.030000 7.187920 0.030000 7.378301 0.030000 5.868414 0.030000 6.061277 0.030000 7.054356 0.030000 7.590627 0.150000 2.730423 0.030000 2.783084 0.030000 2.598988 0.030000 2.767392 0.030000
3.089712 0.030000 2.978341 0.030000 4.799618 0.030000 5.016293 0.030000 6.105053 0.030000 6.111249 0.030000 2.259674 0.030000 2.145125 0.030000 7.134326 0.030000 7.229008 0.030000 5.728928 0.030000 5.941520 0.030000 7.027122 0.030000 7.101184 0.030000 2.646851 0.030000 3.137557 0.150000 2.570381 0.030000 2.697981 0.030000
3.195828 0.030000 2.996872 0.030000 4.711124 0.030000 4.903381 0.030000 6.069434 0.030000 6.071225 0.030000 2.316468 0.030000 2.200719 0.030000 7.042242 0.030000 7.173095 0.030000 5.663722 0.030000 5.805271 0.030000 7.053801 0.150000 7.069639 0.030000 2.533634 0.030000 2.619113 0.030000 2.478863 0.030000 2.589041 0.030000
3.195300 0.030000 3.125377 0.030000 4.600035 0.030000 4.699461 0.030000 6.166862 0.030000 7.376121 0.150000 2.412954 0.030000 2.245183 0.030000 6.934391 0.030000 7.091920 0.030000 5.466867 0.150000 5.721392 0.030000 7.009231 0.030000 7.005690 0.030000 2.574115 0.030000 2.611637 0.030000 2.399264 0.030000 2.549158 0.030000
3.392226 0.030000 3.245572 0.030000 4.494912 0.030000 4.640194 0.030000 6.135227 0.030000 6.047135 0.030000 2.455168 0.030000 2.303837 0.030000 6.963654 0.030000 7.037239 0.030000 5.430499 0.030000 5.612692 0.030000 6.842601 0.030000 6.929480 0.030000 2.448555 0.030000 2.614480 0.030000 2.347108 0.030000 2.436740 0.030000
3.447123 0.030000 3.297066 0.030000 4.371405 0.030000 4.525894 0.030000 6.150204 0.030000 6.247268 0.150000 2.547758 0.030000 2.383982 0.030000 6.789382 0.030000 6.895572 0.030000 5.666263 0.150000 5.459771 0.030000 6.878041 0.030000 6.907896 0.030000 2.547321 0.030000 2.527873 0.030000 2.260020 0.030000 3.405003 0.150000
3.526964 0.150000 3.355034 0.030000 4.333680 0.030000 4.472991 0.030000 6.141318 0.030000 6.129570 0.030000 2.657413 0.030000 2.489091 0.030000 6.716905 0.030000 6.878977 0.030000 5.175660 0.030000 5.372903 0.030000 6.895635 0.030000 6.858407 0.030000 2.452257 0.030000 2.448334 0.030000 2.257171 0.030000 2.315587 0.150000
3.672947 0.030000 3.540640 0.030000 4.179565 0.030000 4.332045 0.030000 6.182794 0.030000 6.154466 0.030000 2.653184 0.030000 2.590504 0.030000 6.691273 0.030000 6.789552 0.030000 6.113012 0.150000 5.255309 0.030000 6.805608 0.030000 6.790577 0.030000 2.458264 0.030000 2.522076 0.030000 2.177060 0.030000 2.280481 0.030000
3.752677 0.030000 3.580249 0.030000 4.070425 0.030000 4.278997 0.030000 6.290971 0.150000 6.164821 0.030000 2.767566 0.030000 2.639524 0.030000 6.628969 0.030000 6.723985 0.030000 4.897942 0.030000 5.111805 0.030000 6.759204 0.030000 6.781862 0.030000 2.416624 0.030000 2.475072 0.030000 2.114607 0.030000 2.213372 0.030000
3.824691 0.030000 3.966670 0.150000 3.985180 0.030000 4.128186 0.030000 6.226889 0.030000 6.166003 0.030000 2.852924 0.030000 2.728423 0.030000 6.526385 0.030000 6.848943 0.150000 4.815027 0.030000 4.995055 0.030000 6.713237 0.030000 6.776190 0.030000 2.439914 0.030000 2.464712 0.030000 2.061638 0.030000 2.192081 0.030000
3.970495 0.030000 3.779477 0.030000 3.913702 0.030000 4.064416 0.150000 6.662330 0.150000 6.224389 0.030000 2.968123 0.030000 2.807998 0.030000 6.453269 0.030000 6.569631 0.030000 4.674182 0.030000 4.926123 0.030000 6.959388 0.150000 6.761646 0.030000 2.431682 0.030000 2.460335 0.030000 2.082617 0.030000 2.095711 0.030000
4.060692 0.030000 3.876256 0.030000 3.786945 0.030000 5.737086 0.150000 6.314889 0.030000 6.254551 0.030000 3.096725 0.030000 2.952059 0.030000 6.419739 0.030000 6.751947 0.150000 4.572505 0.030000 4.811476 0.030000 6.708040 0.030000 6.760370 0.030000 2.408248 0.030000 3.127785 0.150000 2.110161 0.030000 2.093500 0.030000
4.194967 0.030000 4.013469 0.030000 3.691703 0.030000 3.819723 0.030000 6.308148 0.030000 6.298401 0.030000 3.176025 0.030000 2.983285 0.030000 6.349125 0.030000 6.441376 0.030000 4.462303 0.030000 4.677496 0.030000 6.665480 0.030000 7.060981 0.150000 2.471836 0.030000 2.460893 0.030000 2.043786 0.030000 2.126110 0.030000
4.293111 0.030000 4.138363 0.030000 3.584775 0.030000 3.785692 0.030000 6.363353 0.030000 6.331760 0.030000 3.240170 0.030000 3.120511 0.030000 6.493451 0.150000 6.558309 0.150000 4.333521 0.030000 4.569954 0.030000 6.641536 0.030000 6.703893 0.150000 2.482490 0.030000 2.488330 0.030000 2.048453 0.030000 2.064043 0.030000
4.396723 0.030000 4.179680 0.030000 3.518629 0.030000 3.641157 0.030000 6.395120 0.030000 6.352920 0.030000 3.388800 0.030000 3.216081 0.030000 6.183272 0.030000 6.302256 0.030000 4.272588 0.030000 4.466152 0.030000 6.752389 0.150000 6.648938 0.030000 2.538759 0.030000 2.449828 0.150000 2.088439 0.030000 2.070503 0.030000
4.516020 0.030000 4.343344 0.030000 3.434588 0.030000 3.541922 0.030000 6.452725 0.030000 6.397190 0.030000 3.720280 0.150000 3.580986 0.150000 6.585139 0.150000 6.269776 0.030000 4.164513 0.030000 4.712611 0.150000 6.602685 0.030000 6.664200 0.030000 2.599888 0.030000 2.568500 0.030000 2.262879 0.150000 2.070046 0.030000
4.629602 0.030000 4.511866 0.030000 3.315807 0.030000 3.457156 0.030000 6.527201 0.030000 6.412643 0.030000 3.594908 0.030000 3.421643 0.030000 6.110502 0.030000 6.213024 0.030000 4.054041 0.030000 4.250250 0.030000 6.638501 0.030000 6.607364 0.030000 2.646776 0.030000 2.584026 0.030000 2.105459 0.030000 2.032547 0.030000
4.887950 0.150000 4.569373 0.030000 3.265540 0.030000 3.390363 0.030000 6.559398 0.030000 6.458606 0.030000 3.662975 0.030000 3.529432 0.030000 6.024013 0.030000 6.112633 0.030000 3.911817 0.030000 4.079242 0.030000 6.585218 0.030000 6.656368 0.030000 3.127262 0.150000 2.618810 0.030000 2.069449 0.030000 2.047400 0.030000
4.858231 0.030000 4.689734 0.030000 3.104246 0.150000 3.262925 0.030000 6.618512 0.030000 6.561809 0.030000 3.788080 0.030000 3.566351 0.030000 5.950676 0.030000 6.024075 0.030000 3.814768 0.030000 4.032986 0.030000 6.445113 0.150000 6.580622 0.030000 2.751174 0.030000 2.632249 0.030000 2.749740 0.150000 2.109625 0.030000
4.972630 0.030000 4.773854 0.030000 3.143226 0.030000 3.235733 0.030000 6.618553 0.030000 6.600128 0.030000 3.941820 0.030000 3.747951 0.030000 5.937395 0.030000 6.615230 0.150000 3.689500 0.030000 3.909481 0.030000 6.625774 0.030000 6.860865 0.150000 2.764688 0.030000 2.671823 0.150000 2.157936 0.030000 2.102154 0.030000
5.098847 0.030000 4.925345 0.030000 2.957222 0.150000 3.146971 0.030000 6.648046 0.030000 6.589826 0.030000 4.017403 0.030000 3.716329 0.030000 5.945722 0.150000 6.001679 0.030000 3.572089 0.030000 3.768309 0.030000 6.576725 0.030000 6.639886 0.030000 2.843806 0.030000 2.728878 0.030000 2.266849 0.030000 2.142511 0.030000
5.180547 0.030000 5.025779 0.030000 2.964059 0.030000 3.085662 0.030000 6.737188 0.030000 6.703238 0.030000 4.108785 0.030000 3.923652 0.030000 5.811654 0.150000 5.908232 0.030000 3.496758 0.030000 3.659612 0.030000 6.593498 0.030000 6.569295 0.030000 2.907887 0.030000 2.768279 0.030000 2.287138 0.030000 2.179923 0.030000
5.787279 0.150000 5.177911 0.150000 2.886249 0.030000 3.030860 0.150000 6.782880 0.030000 7.207149 0.150000 4.201510 0.030000 4.071384 0.030000 5.773702 0.030000 6.502389 0.150000 3.420269 0.030000 3.582699 0.030000 6.657110 0.030000 6.597028 0.030000 3.017167 0.150000 2.795434 0.030000 2.640580 0.150000 2.237945 0.030000
5.384097 0.030000 5.235308 0.030000 2.820404 0.030000 2.940481 0.030000 6.823789 0.030000 6.811227 0.030000 4.384923 0.030000 4.179376 0.030000 5.764003 0.030000 5.835516 0.030000 3.299599 0.030000 3.436823 0.030000 6.625192 0.030000 6.610663 0.030000 3.255604 0.150000 2.888738 0.030000 2.454581 0.030000 2.325938 0.030000
5.551294 0.030000 5.398571 0.030000 2.755304 0.030000 2.858678 0.030000 7.071485 0.150000 7.324167 0.150000 4.473059 0.030000 4.245756 0.030000 5.715863 0.030000 5.765736 0.030000 3.203202 0.030000 3.357583 0.030000 6.630217 0.030000 6.592793 0.030000 3.135137 0.150000 3.023550 0.030000 2.416642 0.030000 2.354313 0.030000
5.681136 0.030000 5.453608 0.030000 2.771196 0.030000 2.795776 0.030000 6.965535 0.030000 6.852101 0.030000 4.576601 0.030000 5.364817 0.150000 5.718093 0.030000 5.782555 0.030000 3.054556 0.030000 3.238159 0.030000 6.639382 0.030000 6.585662 0.030000 3.456594 0.150000 3.091523 0.030000 2.573754 0.030000 2.441976 0.030000
5.776232 0.030000 5.610405 0.030000 2.665142 0.030000 2.782695 0.030000 6.987151 0.030000 6.934929 0.030000 4.696278 0.030000 4.504837 0.030000 5.658939 0.030000 5.732720 0.030000 2.955739 0.030000 3.118993 0.030000 6.654002 0.030000 6.619260 0.030000 3.223772 0.150000 3.189243 0.030000 2.617704 0.030000 2.453440 0.030000
5.866712 0.030000 5.714100 0.030000 2.568498 0.030000 2.976024 0.150000 6.964052 0.150000 7.073674 0.030000 4.813210 0.030000 4.735250 0.150000 5.838160 0.150000 5.683795 0.030000 2.852035 0.030000 3.002232 0.030000 6.643803 0.030000 6.625184 0.030000 3.378032 0.030000 3.243107 0.030000 2.711222 0.030000 2.532768 0.030000
5.981067 0.030000 5.852462 0.030000 2.594416 0.030000 2.629639 0.030000 7.221895 0.030000 7.077693 0.030000 4.948365 0.030000 4.709336 0.030000 5.626195 0.030000 5.648462 0.030000 2.841647 0.030000 3.009195 0.030000 6.608561 0.030000 6.611101 0.030000 3.478645 0.030000 3.305796 0.030000 2.824711 0.030000 4.556017 0.150000
6.157555 0.030000 5.927530 0.030000 2.553887 0.030000 3.067146 0.150000 7.259355 0.030000 7.511920 0.150000 4.991826 0.030000 5.728004 0.150000 5.557880 0.030000 5.638849 0.030000 2.672293 0.030000 2.819962 0.030000 6.715012 0.030000 6.623180 0.030000 3.531221 0.030000 3.366478 0.030000 2.834339 0.030000 2.757743 0.030000
6.230974 0.030000 6.042024 0.030000 2.531878 0.030000 2.556418 0.030000 7.302504 0.030000 7.240738 0.150000 5.125749 0.030000 4.954954 0.030000 5.534931 0.030000 5.588341 0.030000 2.650571 0.030000 2.861875 0.150000 6.741370 0.030000 6.705506 0.030000 3.666265 0.030000 3.435684 0.030000 2.960341 0.030000 2.765064 0.030000
6.729939 0.150000 6.092263 0.030000 2.549946 0.030000 2.516787 0.030000 7.335614 0.030000 7.266030 0.030000 5.246497 0.030000 5.000519 0.030000 6.222054 0.150000 5.552075 0.030000 2.578657 0.030000 2.708658 0.030000 6.702905 0.030000 6.637137 0.030000 3.673007 0.030000 3.601936 0.030000 3.005591 0.030000 2.909831 0.030000
6.462947 0.030000 6.250861 0.030000 2.511098 0.030000 2.504270 0.030000 7.464389 0.030000 7.324401 0.030000 5.306605 0.030000 5.161025 0.030000 5.517008 0.030000 5.564911 0.030000 2.433053 0.030000 2.650882 0.030000 6.778039 0.030000 6.840455 0.150000 3.777613 0.030000 3.606076 0.030000 3.104508 0.030000 3.002075 0.030000
6.501143 0.030000 6.344174 0.030000 2.474418 0.030000 2.473459 0.030000 7.458455 0.030000 7.369965 0.030000 5.335249 0.030000 5.198003 0.030000 5.486235 0.030000 5.527636 0.030000 2.350051 0.030000 2.583836 0.030000 6.816435 0.030000 6.712140 0.030000 4.124603 0.150000 3.709756 0.030000 3.176491 0.030000 2.985482 0.030000
8.088719 0.150000 6.423196 0.030000 3.148710 0.150000 2.868970 0.150000 7.522066 0.030000 7.424743 0.030000 5.469532 0.030000 5.285265 0.030000 5.443544 0.030000 5.544589 0.030000 2.358350 0.030000 2.430102 0.150000 7.818114 0.150000 6.769499 0.030000 3.907212 0.030000 3.775957 0.030000 3.192381 0.030000 3.080678 0.030000
6.645133 0.030000 6.458067 0.030000 2.491887 0.030000 2.491020 0.030000 7.534607 0.030000 7.429676 0.030000 5.525535 0.030000 5.334108 0.030000 5.496338 0.030000 5.527927 0.030000 2.310973 0.030000 2.442212 0.030000 6.789384 0.030000 6.727395 0.030000 3.927543 0.030000 3.980763 0.150000 3.532849 0.150000 3.147566 0.030000
6.737293 0.030000 6.589693 0.030000 2.427473 0.030000 2.479173 0.030000 7.692756 0.150000 7.484704 0.030000 5.546716 0.030000 5.430635 0.030000 5.432047 0.030000 5.452555 0.030000 2.339619 0.150000 2.383693 0.030000 6.798044 0.030000 6.724322 0.030000 4.007594 0.030000 3.944591 0.030000 3.343853 0.030000 3.581269 0.150000
6.746154 0.030000 6.580230 0.030000 2.500237 0.030000 2.463934 0.030000 7.605801 0.030000 7.494480 0.030000 5.642290 0.030000 5.437977 0.030000 5.471302 0.030000 5.500522 0.030000 2.276326 0.030000 2.473725 0.150000 6.792539 0.030000 6.760995 0.030000 4.056136 0.030000 3.843193 0.030000 3.373167 0.030000 3.195906 0.030000
6.801750 0.030000 6.667056 0.030000 2.453158 0.030000 2.447646 0.030000 7.709981 0.030000 7.484708 0.030000 5.677266 0.030000 5.471111 0.030000 5.488392 0.030000 5.489955 0.030000 2.242166 0.030000 2.360193 0.030000 6.808197 0.030000 6.776406 0.030000 4.104296 0.030000 3.939001 0.030000 3.332673 0.030000 3.255412 0.030000
6.743863 0.030000 6.631923 0.030000 2.503490 0.030000 2.455445 0.030000 7.685835 0.030000 7.568660 0.030000 5.727763 0.030000 5.557961 0.030000 5.417105 0.030000 5.491296 0.030000 2.223616 0.030000 2.356889 0.030000 6.837697 0.030000 6.739497 0.030000 4.085230 0.030000 3.978370 0.030000 3.434289 0.030000 3.273102 0.030000
6.912418 0.030000 6.723520 0.030000 2.493326 0.030000 2.477348 0.030000 7.676966 0.030000 7.571549 0.030000 5.730492 0.030000 5.542468 0.030000 5.438441 0.030000 5.499705 0.030000 2.179650 0.030000 2.349776 0.030000 7.173462 0.150000 6.847613 0.030000 4.130033 0.030000 4.073284 0.150000 3.417824 0.030000 3.322915 0.030000
6.842399 0.030000 6.744137 0.030000 2.636227 0.030000 2.485747 0.030000 7.637221 0.030000 7.672288 0.030000 5.799618 0.030000 6.096332 0.150000 5.389177 0.030000 6.121575 0.150000 2.113222 0.030000 2.291202 0.030000 6.764812 0.030000 7.061434 0.150000 4.244717 0.030000 4.038378 0.030000 4.230671 0.150000 3.431433 0.030000
6.904602 0.030000 6.848503 0.030000 2.629792 0.030000 2.516220 0.030000 7.693235 0.150000 7.624761 0.030000 5.903914 0.030000 5.697652 0.030000 5.296165 0.030000 5.448173 0.030000 2.058521 0.030000 2.403556 0.150000 6.708887 0.030000 6.864880 0.030000 4.268571 0.030000 4.150250 0.030000 3.419996 0.030000 3.429732 0.030000
6.966967 0.030000 6.882289 0.030000 2.772147 0.030000 2.557680 0.030000 7.553992 0.030000 7.570434 0.030000 5.976763 0.030000 6.099302 0.150000 5.188670 0.030000 5.372991 0.030000 2.508915 0.150000 2.492131 0.150000 6.599130 0.030000 6.745794 0.030000 4.392288 0.030000 4.311584 0.030000 3.406588 0.030000 3.436968 0.030000
6.903113 0.030000 6.865330 0.150000 2.884856 0.030000 2.696834 0.030000 7.485633 0.030000 7.591473 0.030000 5.997636 0.030000 5.916702 0.030000 5.047984 0.150000 5.250780 0.030000 1.783366 0.030000 2.025743 0.030000 6.470189 0.030000 6.649122 0.030000 4.743565 0.150000 4.480260 0.150000 3.290356 0.030000 3.435659 0.030000
6.876809 0.030000 6.860890 0.030000 3.054510 0.030000 2.785364 0.030000 7.387359 0.030000 7.551588 0.030000 6.071023 0.030000 5.992612 0.030000 4.925201 0.030000 5.145103 0.030000 1.652000 0.030000 1.886482 0.030000 6.395352 0.030000 6.552174 0.030000 4.579338 0.030000 4.361422 0.030000 3.277620 0.030000 3.993336 0.150000
6.755704 0.150000 6.797390 0.150000 3.165435 0.030000 2.924433 0.030000 7.277644 0.030000 7.385996 0.030000 6.173776 0.030000 6.057511 0.030000 4.812361 0.030000 4.955004 0.030000 1.542064 0.030000 1.779563 0.030000 6.218926 0.150000 6.411357 0.030000 4.635393 0.030000 4.520668 0.030000 3.234077 0.030000 3.282264 0.030000
6.780498 0.030000 6.863846 0.030000 3.259855 0.030000 3.008255 0.030000 7.154049 0.030000 7.333862 0.030000 6.140882 0.150000 6.136325 0.030000 4.677232 0.030000 4.856603 0.030000 1.511114 0.030000 1.608962 0.030000 6.290230 0.150000 6.295725 0.030000 5.586774 0.150000 4.609074 0.030000 3.234240 0.030000 3.291458 0.030000
6.811403 0.030000 6.889573 0.030000 3.396449 0.030000 3.210473 0.030000 7.117533 0.030000 7.289377 0.030000 6.268970 0.030000 6.144027 0.030000 4.292322 0.150000 4.761709 0.030000 1.366216 0.030000 1.548128 0.030000 6.019929 0.030000 6.174656 0.030000 4.841992 0.030000 4.662157 0.030000 3.192263 0.030000 3.216613 0.030000
6.824484 0.030000 6.805012 0.030000 4.425933 0.150000 3.319272 0.030000 7.459061 0.150000 7.149823 0.030000 6.276807 0.030000 6.237338 0.030000 4.413210 0.030000 4.604831 0.030000 1.265675 0.030000 1.437750 0.030000 5.893017 0.030000 6.038087 0.030000 4.931767 0.030000 4.790843 0.030000 3.133627 0.030000 3.234753 0.030000
6.808350 0.030000 6.801648 0.030000 3.647769 0.030000 3.502783 0.030000 6.942595 0.030000 7.045125 0.030000 6.337557 0.030000 6.321551 0.030000 4.243205 0.030000 4.518130 0.030000 1.245086 0.030000 1.375858 0.030000 5.758418 0.030000 6.046344 0.150000 5.031517 0.030000 4.909061 0.030000 3.122062 0.030000 3.082137 0.030000
6.785160 0.030000 6.796282 0.030000 3.745969 0.030000 3.551302 0.030000 7.069758 0.150000 7.004771 0.030000 6.433145 0.030000 6.354483 0.030000 4.169221 0.030000 4.381914 0.030000 1.165855 0.030000 1.214798 0.030000 5.702017 0.150000 5.880865 0.030000 5.124532 0.030000 4.876426 0.030000 3.035398 0.030000 3.061580 0.030000
6.716484 0.030000 6.777952 0.030000 3.837360 0.030000 3.690422 0.030000 6.825997 0.030000 6.950866 0.030000 6.500301 0.030000 8.061742 0.150000 4.047281 0.030000 4.312556 0.030000 1.073005 0.030000 1.157979 0.030000 5.808253 0.150000 5.763112 0.030000 5.226743 0.030000 5.229506 0.150000 3.041801 0.030000 3.051732 0.030000
6.802626 0.030000 6.791990 0.030000 3.964537 0.030000 3.742212 0.030000 6.732630 0.030000 6.866180 0.030000 6.539553 0.030000 6.628648 0.150000 4.042100 0.030000 4.166455 0.030000 1.107549 0.030000 1.111944 0.030000 5.555188 0.150000 5.645499 0.030000 5.306972 0.030000 5.074063 0.030000 3.856836 0.150000 3.066192 0.030000
6.770146 0.030000 6.816039 0.030000 4.004623 0.030000 4.011750 0.150000 6.700966 0.030000 6.793314 0.030000 6.588565 0.030000 6.427718 0.030000 4.993076 0.150000 4.148370 0.030000 1.035455 0.030000 1.123433 0.030000 5.485639 0.030000 5.626317 0.030000 5.355649 0.030000 5.155947 0.030000 2.880265 0.150000 2.963370 0.030000
6.782112 0.030000 6.739940 0.030000 4.115581 0.030000 3.885482 0.030000 6.583842 0.030000 6.725744 0.030000 6.496192 0.150000 6.523387 0.030000 3.872950 0.030000 4.090740 0.030000 1.028998 0.030000 1.060031 0.030000 5.419356 0.030000 5.573283 0.030000 5.840258 0.150000 5.208074 0.030000 2.988179 0.030000 3.063020 0.030000
6.726261 0.030000 6.793994 0.030000 4.173624 0.030000 3.918212 0.030000 6.579147 0.030000 6.722833 0.030000 6.683977 0.030000 6.584663 0.030000 3.789788 0.030000 4.034526 0.030000 0.990496 0.030000 1.052045 0.030000 5.354751 0.030000 5.404591 0.150000 5.457250 0.030000 5.242069 0.030000 3.005238 0.030000 3.057026 0.030000
6.805805 0.030000 6.760937 0.030000 4.214166 0.030000 4.000842 0.030000 6.581703 0.030000 6.661545 0.030000 6.716770 0.030000 6.555675 0.030000 3.726980 0.030000 3.964063 0.030000 0.981527 0.030000 1.092040 0.030000 5.293315 0.030000 5.453359 0.030000 5.434380 0.030000 5.295612 0.030000 2.955760 0.030000 3.054627 0.030000
6.753827 0.030000 6.741900 0.030000 4.247660 0.030000 3.991057 0.030000 6.557834 0.030000 6.612930 0.030000 6.774308 0.030000 6.539527 0.030000 3.655957 0.030000 3.921212 0.030000 0.977952 0.030000 1.301093 0.150000 5.205472 0.030000 5.473526 0.030000 5.458987 0.030000 5.377602 0.030000 3.021773 0.030000 3.066342 0.030000
6.793442 0.030000 6.762440 0.030000 4.917581 0.150000 4.068121 0.030000 6.511071 0.030000 6.700377 0.030000 6.642981 0.030000 6.640703 0.030000 3.695328 0.030000 3.925284 0.030000 0.966517 0.030000 0.987190 0.030000 5.211416 0.030000 5.434953 0.030000 5.474336 0.030000 5.320942 0.030000 3.002277 0.030000 3.031211 0.030000
6.685343 0.030000 6.783199 0.030000 4.291846 0.030000 4.126991 0.030000 6.518957 0.030000 6.682390 0.030000 6.723932 0.030000 6.662635 0.030000 3.616356 0.030000 3.832624 0.030000 1.023987 0.030000 1.006726 0.030000 5.181184 0.030000 6.221268 0.150000 5.515836 0.030000 5.381236 0.030000 2.944788 0.030000 2.997937 0.030000
6.686878 0.030000 6.785550 0.030000 4.331686 0.030000 4.183751 0.030000 6.559067 0.150000 6.616421 0.030000 6.670418 0.030000 6.661695 0.030000 3.660258 0.030000 3.789107 0.030000 1.013477 0.030000 0.932207 0.030000 5.143854 0.030000 5.353518 0.030000 5.572892 0.030000 5.459231 0.030000 2.982777 0.030000 2.999977 0.030000
6.605476 0.030000 6.722371 0.030000 4.330089 0.030000 4.236952 0.030000 6.340697 0.030000 6.474348 0.030000 6.676133 0.030000 6.682501 0.030000 3.650443 0.030000 3.868873 0.150000 1.847453 0.150000 0.968180 0.030000 5.053869 0.030000 5.253509 0.030000 5.474018 0.030000 5.480878 0.030000 2.768326 0.030000 2.954893 0.030000
6.466247 0.030000 6.635384 0.030000 4.331918 0.150000 4.325876 0.030000 6.195230 0.030000 6.841495 0.150000 6.603431 0.030000 6.654426 0.030000 3.576102 0.030000 3.660897 0.030000 1.257071 0.030000 1.005670 0.030000 4.969434 0.030000 5.179143 0.030000 5.459660 0.030000 5.531920 0.030000 2.696097 0.030000 3.253584 0.150000
6.333449 0.030000 6.560450 0.030000 4.394726 0.030000 4.393713 0.030000 6.118083 0.030000 6.303155 0.030000 6.508429 0.030000 6.623999 0.030000 3.630685 0.030000 3.566658 0.030000 1.377638 0.030000 1.186067 0.030000 4.931633 0.030000 5.026934 0.030000 5.375269 0.030000 5.490692 0.030000 2.613455 0.030000 2.779983 0.030000
6.180526 0.030000 6.636795 0.150000 4.368491 0.030000 4.401576 0.030000 6.034568 0.030000 6.209869 0.030000 6.411342 0.030000 6.504624 0.030000 3.561773 0.030000 3.623525 0.030000 1.503838 0.030000 1.312979 0.030000 4.919181 0.030000 4.980410 0.030000 5.323689 0.030000 5.426516 0.030000 2.355790 0.150000 2.693351 0.030000
6.136854 0.030000 6.299267 0.030000 4.371126 0.030000 4.419879 0.030000 5.952260 0.030000 6.094547 0.030000 6.256311 0.030000 6.425765 0.030000 3.588181 0.030000 3.618732 0.150000 1.624399 0.030000 1.392852 0.030000 4.933133 0.030000 4.910114 0.030000 5.275148 0.030000 5.322222 0.030000 2.349275 0.030000 2.539398 0.030000
5.953061 0.030000 6.170340 0.030000 4.401814 0.030000 4.415022 0.030000 5.843442 0.030000 5.981456 0.030000 6.192835 0.030000 6.336524 0.030000 3.643773 0.030000 3.622020 0.030000 1.745664 0.030000 1.578663 0.030000 4.803030 0.030000 4.928009 0.030000 5.158575 0.030000 5.286918 0.030000 2.491451 0.150000 2.384920 0.030000
5.798561 0.030000 6.038071 0.030000 4.380561 0.030000 4.427708 0.030000 5.807047 0.030000 6.146957 0.150000 6.090902 0.030000 6.218385 0.030000 3.654558 0.030000 3.632841 0.030000 1.850887 0.030000 2.064879 0.150000 4.806494 0.030000 4.846055 0.030000 5.144317 0.030000 5.186894 0.030000 2.081104 0.030000 2.363865 0.030000
5.782626 0.030000 5.961645 0.030000 4.429210 0.030000 4.454118 0.030000 5.743278 0.030000 5.874798 0.030000 5.956736 0.030000 6.086372 0.030000 3.672030 0.030000 3.664254 0.030000 1.975689 0.030000 1.795957 0.030000 5.749651 0.150000 4.852513 0.030000 5.044321 0.030000 5.139295 0.030000 1.947684 0.030000 2.129715 0.030000
5.656056 0.030000 5.755861 0.030000 4.466831 0.030000 4.841050 0.150000 5.621447 0.030000 5.754678 0.030000 5.927225 0.030000 6.060238 0.030000 3.703862 0.030000 3.672861 0.030000 2.119478 0.030000 1.951002 0.030000 4.765362 0.030000 4.715216 0.030000 4.983870 0.030000 5.147827 0.030000 1.800424 0.030000 2.027085 0.030000
5.453945 0.030000 5.693408 0.150000 4.516249 0.030000 4.472629 0.030000 5.517236 0.030000 5.648972 0.030000 5.803864 0.030000 5.937975 0.030000 3.771173 0.030000 3.731275 0.030000 2.200435 0.030000 2.056698 0.030000 4.678508 0.030000 4.725380 0.030000 4.928358 0.030000 5.021793 0.030000 1.706827 0.030000 1.926408 0.030000
5.334411 0.030000 5.552287 0.030000 4.521574 0.030000 4.487043 0.030000 5.469766 0.030000 5.540611 0.030000 5.722895 0.030000 5.850466 0.030000 3.817790 0.030000 3.745899 0.030000 2.363409 0.030000 2.126116 0.030000 4.684023 0.030000 4.727336 0.030000 4.884735 0.030000 4.968361 0.030000 1.566964 0.030000 1.788800 0.030000
5.347881 0.150000 5.422481 0.030000 4.543894 0.030000 4.559706 0.030000 5.431182 0.150000 5.473179 0.030000 5.655077 0.030000 6.864507 0.150000 3.829312 0.030000 3.819161 0.030000 2.506335 0.030000 2.277809 0.030000 4.637418 0.030000 4.720601 0.030000 4.825349 0.030000 4.870878 0.030000 1.450996 0.030000 1.631065 0.030000
5.158361 0.030000 5.299570 0.030000 4.581306 0.030000 4.461567 0.030000 5.537573 0.150000 5.385681 0.030000 5.535664 0.030000 5.669983 0.030000 3.937749 0.030000 3.854641 0.030000 2.672391 0.150000 2.470048 0.030000 4.611701 0.030000 4.667211 0.030000 4.771831 0.030000 4.849340 0.030000 1.320483 0.030000 1.480043 0.030000
4.947764 0.030000 5.179130 0.030000 4.645654 0.030000 4.573708 0.030000 5.159217 0.030000 5.355432 0.030000 5.415209 0.030000 5.441847 0.150000 3.968896 0.030000 3.890701 0.030000 2.825746 0.030000 2.538707 0.030000 5.976669 0.150000 4.654462 0.030000 4.765145 0.030000 4.821972 0.030000 1.212701 0.030000 1.418931 0.030000
4.797686 0.030000 5.016306 0.030000 4.744934 0.030000 4.604923 0.030000 5.148623 0.030000 5.222817 0.030000 5.358544 0.030000 5.447480 0.030000 4.008524 0.030000 3.917878 0.030000 2.840298 0.030000 2.959659 0.150000 4.656452 0.030000 4.640690 0.030000 4.890135 0.150000 4.760447 0.030000 1.437056 0.150000 1.349023 0.030000
4.721267 0.030000 4.946070 0.030000 4.996782 0.150000 4.603724 0.030000 5.056318 0.030000 5.140400 0.030000 5.275284 0.030000 5.416415 0.030000 4.052922 0.030000 3.957079 0.030000 2.977263 0.030000 2.811349 0.030000 4.597406 0.030000 4.688946 0.030000 4.705432 0.030000 4.710532 0.030000 1.092295 0.150000 1.129341 0.030000
4.647324 0.030000 4.768575 0.030000 5.461868 0.150000 4.671815 0.030000 4.932341 0.030000 5.076724 0.030000 5.172950 0.030000 5.364411 0.030000 4.129999 0.030000 4.095233 0.030000 3.132354 0.030000 2.900692 0.030000 4.629707 0.030000 4.639029 0.030000 4.617285 0.030000 4.660259 0.030000 0.861286 0.030000 1.005730 0.030000
4.522681 0.030000 4.714760 0.030000 4.855929 0.030000 4.726693 0.030000 4.906412 0.030000 5.005245 0.030000 4.999409 0.150000 5.294877 0.030000 4.763687 0.150000 4.148420 0.030000 3.285331 0.030000 3.056536 0.030000 4.585870 0.030000 4.654514 0.030000 4.569258 0.030000 4.673732 0.030000 0.721061 0.030000 0.913788 0.030000
4.321271 0.030000 4.518434 0.030000 4.930325 0.030000 4.867026 0.030000 4.772599 0.030000 4.922340 0.030000 5.036119 0.030000 5.245713 0.030000 4.280543 0.030000 4.195109 0.030000 3.356602 0.030000 3.138976 0.150000 4.611989 0.150000 4.637496 0.030000 4.457204 0.150000 4.627311 0.030000 0.561753 0.030000 0.740313 0.030000
4.296684 0.030000 4.415101 0.030000 4.980721 0.150000 4.862361 0.030000 4.723645 0.030000 4.833915 0.030000 5.188043 0.150000 5.100522 0.030000 4.308935 0.030000 4.215997 0.030000 3.507229 0.030000 3.270356 0.150000 4.655971 0.030000 4.680939 0.030000 4.840069 0.150000 4.583460 0.030000 0.444297 0.030000 0.702667 0.030000
4.064570 0.030000 4.619144 0.150000 5.018573 0.150000 4.948878 0.030000 4.626744 0.030000 4.777687 0.030000 5.549458 0.150000 4.996136 0.030000 4.420927 0.030000 4.393051 0.030000 3.591172 0.030000 3.378404 0.030000 4.669224 0.030000 4.623562 0.030000 4.439029 0.030000 4.570274 0.030000 0.327086 0.030000 0.542732 0.030000
4.739108 0.150000 4.184978 0.030000 5.101539 0.030000 5.011812 0.030000 4.596227 0.030000 4.705349 0.030000 4.841056 0.030000 4.926874 0.030000 5.111350 0.150000 4.396024 0.030000 3.763964 0.030000 3.528931 0.030000 4.713591 0.030000 4.631846 0.030000 4.465689 0.030000 4.541174 0.030000 0.391332 0.150000 0.392786 0.030000
3.859476 0.030000 4.016238 0.030000 5.132804 0.030000 5.016170 0.030000 4.569902 0.030000 4.646335 0.030000 4.764414 0.030000 4.920575 0.030000 4.606930 0.030000 4.485287 0.030000 3.888769 0.030000 3.667965 0.030000 4.742226 0.150000 4.681715 0.030000 4.503397 0.030000 4.498024 0.030000 0.099287 0.030000 0.266592 0.030000
3.671172 0.030000 3.859798 0.030000 5.190169 0.030000 5.079375 0.030000 4.454700 0.030000 4.564309 0.030000 4.732692 0.030000 4.784170 0.030000 4.698093 0.030000 4.537491 0.030000 4.054573 0.030000 4.623721 0.150000 4.997503 0.150000 4.650503 0.030000 4.514507 0.030000 4.535709 0.030000 0.060990 0.030000 0.163496 0.030000
3.619719 0.030000 3.824531 0.030000 5.335768 0.030000 5.164113 0.030000 4.478779 0.030000 4.541207 0.030000 4.631726 0.030000 4.727019 0.030000 4.757339 0.030000 4.580015 0.030000 4.096732 0.030000 3.925725 0.030000 4.747134 0.030000 4.653637 0.030000 4.440990 0.030000 4.436335 0.030000 0.218629 0.030000 0.100859 0.030000
3.681024 0.150000 3.651725 0.030000 5.360444 0.030000 5.245557 0.030000 4.434733 0.030000 4.474095 0.030000 4.559320 0.030000 4.677497 0.030000 4.802774 0.030000 4.737299 0.030000 4.251899 0.030000 4.251661 0.150000 4.712158 0.030000 4.724991 0.030000 4.449764 0.030000 4.481844 0.030000 0.357079 0.030000 0.114097 0.030000
3.362395 0.030000 3.534170 0.030000 5.443871 0.030000 5.267979 0.030000 4.326097 0.030000 4.472899 0.030000 4.490294 0.030000 4.990487 0.150000 4.946082 0.030000 4.732792 0.030000 4.353341 0.030000 4.128842 0.030000 4.764252 0.030000 4.749061 0.030000 4.511626 0.030000 4.493028 0.030000 0.454208 0.030000 0.228714 0.030000
3.209139 0.030000 3.437335 0.030000 5.557563 0.030000 5.377190 0.030000 4.299174 0.030000 4.374873 0.030000 4.430611 0.030000 4.519929 0.030000 5.018317 0.030000 4.698121 0.150000 4.473252 0.030000 4.303072 0.030000 4.821219 0.030000 4.783548 0.030000 4.478400 0.030000 4.529773 0.030000 0.535446 0.030000 0.377419 0.030000
3.470530 0.150000 3.301081 0.030000 6.086549 0.150000 5.426482 0.030000 4.282803 0.030000 4.335475 0.030000 4.398012 0.030000 5.063711 0.150000 5.135328 0.030000 4.922049 0.030000 4.620168 0.030000 4.424373 0.030000 4.851897 0.030000 4.814489 0.030000 4.466490 0.030000 4.402376 0.030000 0.680109 0.030000 0.509440 0.030000
2.963348 0.030000 3.150107 0.030000 5.631314 0.030000 5.511922 0.030000 4.232265 0.030000 4.285916 0.030000 4.339750 0.030000 4.447058 0.030000 5.203847 0.030000 5.077153 0.030000 4.725575 0.030000 4.527717 0.030000 4.885044 0.030000 4.812102 0.030000 4.459023 0.030000 4.418202 0.030000 0.741085 0.030000 0.578648 0.030000
2.833220 0.030000 3.089160 0.030000 5.701566 0.030000 5.578364 0.030000 4.176042 0.030000 4.231590 0.030000 4.268559 0.030000 4.389735 0.030000 5.297322 0.030000 5.109347 0.030000 4.865266 0.030000 4.712243 0.030000 4.925669 0.030000 4.818075 0.030000 4.536114 0.030000 4.425775 0.030000 0.974576 0.030000 0.827195 0.150000
2.709306 0.030000 2.927522 0.030000 5.752128 0.030000 5.667593 0.030000 4.106978 0.030000 4.211680 0.030000 4.304093 0.030000 4.295162 0.030000 5.383575 0.030000 5.257244 0.030000 5.002970 0.030000 4.769513 0.030000 4.992518 0.030000 4.895958 0.030000 4.460629 0.030000 4.453560 0.030000 1.033679 0.030000 0.964690 0.150000
2.645116 0.030000 3.133333 0.150000 5.901176 0.030000 5.732616 0.030000 4.130137 0.030000 5.671303 0.150000 4.257755 0.150000 4.350213 0.030000 5.435451 0.030000 5.289318 0.030000 5.083268 0.030000 4.897022 0.030000 5.079088 0.030000 4.948895 0.030000 4.513865 0.030000 4.477500 0.030000 1.337303 0.150000 0.951283 0.030000
2.529719 0.150000 2.693194 0.030000 5.897260 0.030000 5.772339 0.150000 4.049143 0.030000 4.398543 0.150000 4.245035 0.030000 4.181498 0.030000 5.551712 0.030000 5.407236 0.030000 5.201577 0.030000 5.065174 0.030000 5.068972 0.030000 5.018227 0.030000 4.586268 0.030000 4.514434 0.030000 1.265830 0.030000 1.092515 0.030000
2.494269 0.150000 2.531678 0.030000 6.025947 0.030000 5.955353 0.030000 4.047683 0.030000 4.114439 0.030000 4.384474 0.150000 4.193810 0.030000 5.668468 0.150000 5.480933 0.030000 5.370860 0.150000 5.134883 0.030000 5.127802 0.030000 5.082048 0.030000 4.586163 0.030000 4.537709 0.030000 1.410361 0.030000 1.605600 0.150000
2.248485 0.030000 2.434799 0.030000 6.171402 0.030000 5.970794 0.030000 4.068903 0.030000 4.075607 0.030000 4.070035 0.030000 4.171607 0.030000 5.702547 0.030000 5.592233 0.030000 5.439671 0.030000 5.312362 0.030000 5.179055 0.030000 5.020504 0.030000 4.652424 0.030000 4.564480 0.030000 1.538660 0.030000 1.358798 0.030000
2.097206 0.030000 2.280314 0.030000 6.225983 0.030000 6.092876 0.030000 4.699977 0.150000 4.025108 0.030000 4.101412 0.030000 4.135933 0.030000 5.806512 0.030000 5.711215 0.030000 6.245421 0.150000 5.430805 0.030000 5.251509 0.030000 5.146128 0.030000 4.584636 0.030000 4.593494 0.030000 1.690226 0.030000 1.453892 0.030000
2.115716 0.150000 2.180930 0.030000 6.260066 0.030000 6.176809 0.030000 4.031010 0.030000 4.104449 0.030000 4.095295 0.030000 4.113039 0.030000 5.972375 0.030000 5.758949 0.030000 5.703233 0.030000 5.551075 0.030000 5.290242 0.030000 5.407483 0.150000 4.686219 0.030000 4.666154 0.030000 1.831893 0.030000 1.549598 0.030000
1.909974 0.030000 2.066305 0.030000 6.401532 0.030000 6.289228 0.030000 4.029205 0.030000 4.024366 0.030000 4.034701 0.030000 4.046394 0.030000 6.005225 0.030000 5.839663 0.030000 5.835543 0.030000 5.717841 0.030000 5.340414 0.030000 6.489589 0.150000 4.776355 0.030000 4.674719 0.030000 1.905105 0.030000 1.726358 0.030000
1.708161 0.030000 1.933244 0.030000 6.500779 0.030000 6.377178 0.030000 3.980584 0.030000 4.027811 0.030000 3.993721 0.150000 4.041868 0.030000 6.192482 0.030000 5.962561 0.030000 6.025817 0.030000 5.783535 0.030000 5.440232 0.030000 5.335944 0.030000 4.710215 0.030000 4.720671 0.030000 2.128257 0.030000 1.848653 0.030000
2.491673 0.150000 1.822473 0.030000 6.608015 0.030000 6.433412 0.030000 4.023755 0.030000 4.004543 0.030000 4.046868 0.030000 3.999626 0.030000 6.236911 0.030000 6.032431 0.030000 6.091688 0.030000 5.928683 0.030000 5.559094 0.030000 5.356635 0.030000 4.745649 0.030000 4.919893 0.150000 2.179418 0.030000 2.042985 0.030000
1.510150 0.030000 1.703037 0.030000 6.687539 0.030000 6.489143 0.030000 4.051415 0.030000 4.013899 0.030000 3.958124 0.030000 4.039974 0.030000 6.372838 0.030000 6.158812 0.030000 6.205916 0.030000 6.034913 0.030000 5.561707 0.030000 5.472116 0.030000 4.870943 0.030000 4.783524 0.030000 3.352231 0.150000 2.079912 0.030000
1.368952 0.150000 1.881606 0.150000 6.716975 0.030000 6.579670 0.030000 4.110687 0.030000 4.064425 0.030000 3.944909 0.030000 4.021933 0.030000 6.688403 0.150000 6.281638 0.030000 6.302303 0.030000 6.106929 0.030000 5.610819 0.030000 5.497821 0.030000 4.863196 0.030000 4.853274 0.030000 2.356885 0.030000 2.126727 0.030000
1.280482 0.030000 1.523088 0.030000 6.827630 0.030000 6.625494 0.030000 4.018275 0.030000 4.013129 0.030000 4.023096 0.030000 4.048393 0.030000 6.525920 0.030000 6.330457 0.030000 6.446569 0.030000 6.235573 0.030000 5.673628 0.030000 5.572261 0.030000 4.889139 0.030000 4.848300 0.030000 2.502615 0.030000 2.284502 0.030000
1.258568 0.030000 1.459656 0.030000 6.865657 0.030000 6.709390 0.030000 4.007322 0.030000 4.013728 0.030000 3.990693 0.030000 3.993763 0.030000 6.567386 0.030000 6.372891 0.030000 6.487685 0.030000 6.306730 0.030000 5.728543 0.030000 5.571217 0.030000 4.931338 0.030000 4.813556 0.030000 2.563058 0.030000 2.368081 0.030000
1.149460 0.030000 1.776979 0.150000 7.083719 0.150000 6.755600 0.030000 4.025697 0.030000 4.063029 0.030000 3.968158 0.030000 3.994068 0.030000 6.597639 0.030000 6.455413 0.030000 6.521050 0.030000 6.325204 0.030000 5.762174 0.030000 5.592572 0.030000 4.950495 0.030000 4.886712 0.030000 2.596223 0.030000 2.399598 0.030000
1.282473 0.150000 1.617492 0.150000 6.953877 0.030000 6.781496 0.030000 4.085274 0.030000 4.012863 0.030000 4.033200 0.030000 4.018999 0.030000 6.999804 0.150000 6.491280 0.030000 6.581073 0.030000 6.381358 0.030000 5.733129 0.030000 6.708516 0.150000 4.945475 0.030000 4.876378 0.030000 2.723100 0.030000 2.727525 0.150000
1.078309 0.150000 1.263069 0.030000 6.997251 0.030000 6.961168 0.030000 4.368527 0.150000 4.065848 0.030000 3.995369 0.030000 4.057579 0.030000 6.742376 0.030000 6.513676 0.150000 6.675735 0.030000 6.500884 0.030000 5.762879 0.030000 5.680948 0.030000 5.013217 0.030000 4.906250 0.030000 2.746530 0.030000 2.521780 0.030000
0.987604 0.030000 1.217357 0.030000 7.199352 0.150000 6.881962 0.030000 4.118096 0.030000 4.019268 0.030000 4.041306 0.030000 3.924066 0.030000 6.723427 0.030000 6.603622 0.030000 6.695026 0.030000 6.482832 0.030000 5.914121 0.030000 5.744132 0.030000 5.028155 0.030000 4.974586 0.030000 2.696834 0.030000 2.570574 0.030000
0.947015 0.030000 1.176453 0.030000 7.023423 0.030000 6.877457 0.030000 4.112022 0.030000 4.284877 0.150000 4.075146 0.030000 3.995929 0.030000 6.733869 0.030000 6.634512 0.030000 6.764050 0.030000 6.526237 0.030000 5.792688 0.030000 5.702677 0.030000 5.097147 0.030000 4.899271 0.030000 2.747219 0.030000 2.575846 0.030000
0.846760 0.150000 1.197743 0.030000 7.123801 0.030000 6.965039 0.030000 4.090423 0.030000 4.094571 0.030000 3.972046 0.150000 3.938420 0.030000 6.827958 0.030000 6.659747 0.030000 6.821211 0.030000 6.583745 0.030000 5.893862 0.030000 5.743127 0.030000 5.069669 0.030000 4.959517 0.030000 2.847458 0.030000 2.616898 0.030000
0.924391 0.030000 1.076710 0.030000 7.180680 0.030000 6.924211 0.030000 4.066538 0.030000 4.099837 0.030000 4.049355 0.030000 3.952475 0.030000 6.773509 0.030000 6.653793 0.030000 6.822959 0.030000 6.891321 0.150000 5.844838 0.030000 5.830277 0.030000 5.172476 0.030000 4.956565 0.030000 2.849062 0.030000 2.722718 0.030000
0.870905 0.030000 0.899890 0.030000 7.233132 0.030000 7.061779 0.030000 3.919772 0.030000 4.056608 0.030000 4.188169 0.030000 3.973446 0.030000 6.757065 0.030000 6.765013 0.030000 6.872599 0.030000 6.692548 0.030000 5.785587 0.030000 5.795877 0.030000 5.302865 0.030000 5.074952 0.030000 3.245859 0.150000 2.801543 0.030000
0.961183 0.030000 0.881177 0.030000 7.289787 0.030000 7.212842 0.030000 3.823641 0.030000 4.292580 0.150000 4.309409 0.030000 4.129400 0.030000 6.752362 0.030000 6.735040 0.030000 6.884186 0.030000 6.830287 0.030000 5.672166 0.030000 5.847476 0.030000 5.344111 0.030000 5.167062 0.030000 2.956479 0.030000 3.015148 0.150000
0.952754 0.030000 0.881769 0.030000 7.442960 0.030000 7.355199 0.030000 3.690145 0.030000 3.847147 0.030000 4.617513 0.150000 4.191248 0.030000 6.684060 0.030000 6.788327 0.030000 6.912529 0.030000 6.849110 0.030000 5.619211 0.030000 5.800157 0.030000 5.494135 0.030000 5.304351 0.030000 2.955481 0.030000 2.909138 0.030000
0.984512 0.030000 0.863972 0.030000 7.545397 0.030000 7.488829 0.030000 3.613615 0.030000 3.736134 0.030000 4.540482 0.030000 4.330768 0.030000 6.629520 0.030000 6.746129 0.030000 6.924477 0.030000 6.887424 0.030000 5.526222 0.030000 5.694438 0.030000 5.628030 0.030000 5.420131 0.030000 2.977435 0.030000 2.907659 0.030000
1.046476 0.030000 0.914043 0.030000 7.582666 0.030000 7.515106 0.030000 3.541790 0.030000 3.622791 0.030000 4.700839 0.030000 4.495663 0.030000 6.601047 0.030000 6.661804 0.150000 6.947804 0.030000 6.967726 0.150000 5.440966 0.030000 5.633633 0.030000 5.712704 0.030000 5.537547 0.030000 3.002626 0.030000 3.010976 0.030000
1.123450 0.030000 0.941632 0.150000 7.762390 0.030000 7.620188 0.030000 3.354806 0.030000 3.575838 0.030000 4.780663 0.030000 4.631220 0.030000 6.614127 0.030000 6.650215 0.030000 7.075746 0.150000 6.944485 0.030000 5.387391 0.030000 5.526961 0.030000 5.847657 0.030000 5.651253 0.030000 3.194407 0.150000 3.007296 0.030000
1.227611 0.030000 1.086386 0.030000 7.835567 0.030000 7.623717 0.030000 3.275122 0.030000 3.443572 0.030000 4.940858 0.030000 4.719509 0.030000 6.482333 0.030000 6.612689 0.030000 7.764241 0.150000 6.934912 0.030000 5.313621 0.030000 5.424544 0.030000 5.698431 0.150000 5.968596 0.150000 3.135740 0.030000 3.089886 0.030000
1.292278 0.030000 1.150083 0.030000 8.209574 0.150000 7.767905 0.030000 3.096396 0.030000 3.314648 0.030000 5.094406 0.030000 4.850486 0.030000 6.508706 0.030000 6.510719 0.030000 7.013362 0.030000 7.013965 0.030000 5.838875 0.150000 5.354199 0.030000 6.039503 0.030000 5.859135 0.030000 3.107633 0.030000 3.078615 0.030000
1.384952 0.030000 1.206698 0.030000 8.004903 0.030000 7.868368 0.030000 2.974107 0.030000 3.205094 0.030000 5.106961 0.030000 4.957261 0.030000 6.429387 0.030000 6.575682 0.030000 7.052444 0.150000 7.000297 0.030000 5.137865 0.030000 5.302346 0.030000 6.202271 0.030000 6.030769 0.030000 3.161995 0.030000 3.053086 0.030000
1.486134 0.030000 1.329869 0.030000 8.084477 0.030000 7.919686 0.030000 2.871039 0.030000 3.107623 0.030000 5.239417 0.030000 5.099461 0.030000 6.418827 0.030000 6.859313 0.150000 7.135421 0.030000 7.099638 0.030000 5.106492 0.030000 5.198657 0.030000 6.287174 0.030000 6.085159 0.030000 3.223527 0.030000 3.158937 0.030000
1.598697 0.030000 1.462409 0.030000 8.121062 0.030000 8.003988 0.030000 2.795743 0.030000 3.031585 0.030000 5.407840 0.030000 5.157598 0.030000 6.396349 0.030000 6.422293 0.030000 7.141132 0.030000 7.558262 0.150000 5.018385 0.030000 5.118237 0.030000 6.343460 0.030000 6.190183 0.030000 3.307967 0.030000 3.182065 0.030000
1.651461 0.030000 1.436466 0.030000 8.415349 0.150000 8.119888 0.030000 2.722543 0.030000 2.972623 0.030000 5.472026 0.030000 5.249350 0.030000 6.331084 0.030000 6.424895 0.030000 7.072925 0.030000 7.044637 0.030000 4.967254 0.030000 5.111302 0.030000 6.513414 0.030000 6.301581 0.030000 3.311689 0.030000 3.215157 0.030000
1.687036 0.030000 1.534111 0.030000 8.712586 0.150000 8.134023 0.030000 2.668751 0.030000 2.831194 0.030000 5.533828 0.030000 5.376921 0.030000 6.340943 0.030000 6.397279 0.030000 7.162241 0.030000 7.090296 0.030000 4.888798 0.030000 5.097074 0.030000 6.549129 0.030000 6.301957 0.030000 3.401840 0.030000 3.262154 0.030000
1.802810 0.030000 1.640800 0.030000 9.209726 0.150000 8.169942 0.030000 2.595440 0.030000 2.752514 0.030000 5.583975 0.030000 5.457289 0.030000 6.324612 0.030000 6.344992 0.030000 7.180447 0.030000 7.142182 0.030000 4.888894 0.030000 5.019778 0.030000 6.579721 0.030000 6.396832 0.030000 3.437593 0.030000 3.300965 0.030000
1.840426 0.030000 1.664057 0.030000 8.344040 0.030000 8.251916 0.030000 2.498135 0.030000 2.756452 0.030000 5.638154 0.030000 5.480820 0.030000 6.348133 0.030000 6.345671 0.030000 7.242738 0.030000 7.132964 0.030000 4.840239 0.030000 4.946963 0.030000 6.670523 0.030000 6.522411 0.030000 3.466463 0.030000 3.307635 0.030000
1.811437 0.030000 1.728669 0.030000 8.391212 0.030000 8.222703 0.030000 2.490775 0.030000 2.709767 0.030000 5.690019 0.030000 5.550147 0.030000 6.272883 0.030000 6.347996 0.030000 7.222901 0.030000 7.085423 0.030000 4.785626 0.030000 5.018490 0.150000 6.667703 0.030000 6.580370 0.030000 3.445178 0.030000 3.369275 0.030000
1.950941 0.030000 1.734950 0.030000 8.445514 0.030000 8.190441 0.150000 2.455296 0.030000 2.650804 0.030000 5.827136 0.030000 5.631539 0.030000 6.272711 0.030000 6.303000 0.030000 7.221787 0.030000 7.136969 0.030000 4.765429 0.030000 4.964147 0.030000 6.674807 0.030000 6.566790 0.030000 3.482090 0.030000 3.384562 0.030000
1.990457 0.030000 1.763863 0.030000 8.485718 0.030000 8.342423 0.030000 2.437609 0.030000 2.633184 0.030000 6.005350 0.150000 5.627105 0.030000 6.309084 0.030000 7.460419 0.150000 7.215687 0.030000 7.173100 0.030000 5.832296 0.150000 4.865619 0.030000 6.770780 0.030000 6.545977 0.030000 3.456701 0.030000 3.401342 0.030000
1.918553 0.030000 2.165419 0.150000 8.464206 0.030000 8.304428 0.030000 2.398383 0.030000 2.623013 0.030000 5.865259 0.030000 5.661465 0.030000 6.200074 0.030000 6.358783 0.030000 7.194049 0.030000 7.161636 0.030000 4.742897 0.030000 4.854095 0.030000 6.809038 0.030000 6.579604 0.030000 3.488123 0.030000 3.418361 0.030000
2.033721 0.030000 1.835613 0.030000 8.462668 0.030000 8.436829 0.030000 2.353233 0.030000 2.599521 0.030000 5.880464 0.030000 5.666116 0.030000 6.193078 0.030000 6.365512 0.030000 7.140827 0.030000 7.244255 0.030000 4.651555 0.030000 4.866062 0.030000 6.832159 0.030000 7.225208 0.150000 3.466215 0.030000 3.441571 0.030000
2.371923 0.150000 1.909086 0.030000 8.420109 0.030000 8.472075 0.030000 2.267754 0.030000 2.461112 0.030000 5.940565 0.030000 5.965527 0.150000 6.071297 0.030000 6.251058 0.030000 7.054981 0.030000 7.203933 0.030000 4.588876 0.030000 4.761089 0.030000 6.795561 0.030000 6.746106 0.030000 3.499502 0.150000 3.497050 0.030000
2.185702 0.030000 2.050325 0.030000 8.396595 0.030000 8.485175 0.030000 2.197837 0.030000 2.366364 0.030000 5.903142 0.030000 5.868638 0.030000 5.970127 0.030000 6.232398 0.030000 6.991087 0.030000 7.190560 0.030000 4.486941 0.030000 4.660055 0.030000 6.790030 0.030000 7.124628 0.150000 3.516070 0.150000 3.525050 0.030000
2.212510 0.030000 2.058404 0.030000 8.317741 0.030000 8.381083 0.030000 2.173100 0.030000 2.263144 0.030000 5.935313 0.030000 5.908139 0.030000 5.837521 0.030000 6.015155 0.030000 6.877316 0.030000 7.070575 0.030000 4.732736 0.150000 4.399897 0.150000 6.752987 0.150000 6.791939 0.030000 3.249472 0.030000 3.385893 0.030000
2.453024 0.150000 2.184631 0.030000 8.225654 0.030000 8.372669 0.030000 2.192797 0.030000 2.202010 0.030000 5.967793 0.030000 6.079270 0.150000 5.716782 0.030000 5.914804 0.030000 6.774677 0.030000 6.912441 0.030000 4.317487 0.030000 4.458825 0.030000 7.039271 0.150000 6.799858 0.030000 3.150321 0.030000 3.319813 0.030000
2.385535 0.030000 2.218829 0.030000 8.136248 0.030000 8.238107 0.030000 2.138606 0.030000 2.153574 0.030000 5.887895 0.030000 7.148476 0.150000 6.726408 0.150000 5.765485 0.030000 6.609896 0.030000 6.811750 0.030000 4.262380 0.030000 4.346096 0.030000 6.666252 0.030000 6.722528 0.030000 3.366983 0.150000 3.187947 0.030000
2.490941 0.030000 2.317579 0.030000 8.104988 0.030000 8.222050 0.030000 2.136092 0.030000 2.186771 0.150000 5.942383 0.030000 5.905905 0.030000 5.444720 0.030000 5.625490 0.030000 7.024175 0.150000 6.666092 0.150000 4.045837 0.030000 4.204546 0.030000 6.669725 0.030000 6.710132 0.030000 2.910528 0.030000 3.123460 0.030000
2.531312 0.030000 2.402097 0.030000 7.994185 0.030000 8.163258 0.030000 2.038621 0.030000 2.397202 0.150000 5.946757 0.030000 5.942841 0.030000 5.400194 0.030000 5.538657 0.030000 6.388072 0.030000 6.600601 0.030000 3.947150 0.030000 4.133258 0.030000 6.627162 0.150000 6.685093 0.030000 2.865501 0.030000 2.947681 0.030000
2.639891 0.030000 2.480668 0.030000 7.904532 0.030000 8.053097 0.030000 2.128825 0.030000 2.131424 0.030000 5.927545 0.030000 5.956439 0.030000 5.219123 0.030000 5.479562 0.030000 6.283007 0.030000 6.416082 0.030000 3.845162 0.030000 4.072061 0.030000 6.620992 0.030000 6.621723 0.030000 2.771361 0.030000 2.944877 0.030000
2.710857 0.030000 2.615430 0.030000 7.844133 0.030000 7.950488 0.030000 3.838029 0.150000 2.131796 0.030000 5.973767 0.030000 5.984983 0.030000 5.129520 0.030000 5.321004 0.030000 6.159373 0.030000 6.348571 0.030000 3.815046 0.030000 4.461560 0.150000 6.560362 0.030000 6.616530 0.030000 2.680317 0.030000 2.830836 0.030000
2.836502 0.030000 2.606210 0.030000 7.677361 0.150000 7.941194 0.030000 2.798648 0.150000 2.095702 0.030000 6.019929 0.030000 5.966479 0.030000 4.980877 0.030000 5.199415 0.030000 6.059946 0.030000 6.214847 0.030000 3.759042 0.030000 3.785018 0.030000 6.564019 0.030000 6.572169 0.030000 2.598833 0.030000 2.691255 0.030000
2.880923 0.030000 2.727299 0.030000 7.756184 0.030000 7.861131 0.030000 2.124265 0.030000 2.060994 0.030000 6.029530 0.030000 5.917528 0.030000 4.890066 0.030000 5.060397 0.030000 5.948206 0.030000 6.077740 0.030000 3.650671 0.030000 3.766102 0.030000 6.520860 0.030000 6.606621 0.030000 2.520884 0.030000 3.057960 0.150000
3.015584 0.030000 2.830523 0.030000 7.657295 0.030000 7.839657 0.030000 2.381922 0.150000 2.110318 0.030000 5.994616 0.030000 5.965687 0.030000 4.781848 0.030000 4.981107 0.030000 6.313441 0.150000 6.017660 0.030000 3.526966 0.030000 3.713047 0.030000 6.555933 0.030000 6.555401 0.030000 2.407285 0.030000 2.550460 0.030000
3.338564 0.150000 2.974560 0.030000 7.627037 0.030000 7.654810 0.030000 2.171497 0.030000 2.077685 0.030000 6.024564 0.030000 5.969614 0.030000 4.629040 0.030000 5.817780 0.150000 5.672247 0.030000 5.878015 0.030000 3.432302 0.030000 3.609203 0.030000 6.465173 0.030000 6.570610 0.030000 3.333705 0.150000 2.450991 0.030000
3.147695 0.030000 3.037577 0.030000 7.909116 0.150000 8.338586 0.150000 2.202682 0.030000 2.178103 0.030000 6.072839 0.030000 6.042641 0.030000 4.539614 0.030000 4.662720 0.030000 5.554334 0.030000 5.796820 0.030000 3.308648 0.030000 3.506330 0.030000 6.516158 0.030000 6.512101 0.030000 2.265522 0.030000 2.416344 0.030000
3.293051 0.030000 3.177667 0.030000 7.456861 0.030000 7.509919 0.030000 2.248739 0.030000 2.200642 0.030000 6.131733 0.030000 6.064122 0.030000 4.400604 0.030000 4.566701 0.030000 6.115255 0.150000 5.623385 0.030000 3.271277 0.030000 3.420011 0.030000 6.481758 0.030000 6.467180 0.030000 2.197960 0.030000 2.321006 0.030000
3.372993 0.030000 3.217480 0.030000 7.381100 0.030000 7.495213 0.030000 2.293513 0.030000 2.229035 0.030000 6.164898 0.030000 6.132231 0.030000 4.298485 0.030000 4.434275 0.030000 5.332972 0.030000 5.494531 0.030000 3.217690 0.030000 3.383565 0.030000 6.501030 0.030000 6.473013 0.030000 2.239168 0.030000 2.270201 0.030000
3.524014 0.030000 3.332254 0.030000 7.371030 0.030000 7.461903 0.030000 2.381026 0.030000 2.230737 0.030000 6.158939 0.030000 6.131694 0.030000 4.152003 0.030000 4.369601 0.030000 5.248545 0.030000 5.363531 0.030000 3.127536 0.030000 3.283930 0.030000 6.443542 0.030000 6.405647 0.030000 2.104142 0.030000 2.198878 0.030000
3.604863 0.030000 3.463786 0.030000 7.277985 0.030000 7.235575 0.150000 2.563884 0.150000 2.323799 0.030000 6.278354 0.030000 6.286400 0.150000 4.054655 0.030000 4.252007 0.030000 5.168984 0.030000 5.295417 0.030000 3.106897 0.030000 3.209250 0.030000 6.433283 0.030000 6.477792 0.030000 2.075578 0.030000 2.164305 0.030000
3.692321 0.030000 3.529321 0.030000 7.192580 0.030000 7.319660 0.030000 2.445730 0.030000 2.394340 0.030000 6.258904 0.030000 6.190010 0.030000 3.995323 0.030000 4.087872 0.030000 5.029036 0.030000 5.181543 0.030000 3.112844 0.150000 3.103904 0.030000 6.478246 0.030000 6.440623 0.030000 2.042352 0.030000 2.051319 0.030000
3.786209 0.030000 3.649334 0.030000 7.196271 0.030000 7.232710 0.030000 2.538853 0.030000 2.467221 0.030000 6.310023 0.030000 6.230340 0.030000 3.812315 0.030000 4.008928 0.030000 4.897253 0.030000 5.082956 0.030000 2.915135 0.030000 3.032195 0.030000 6.462048 0.030000 6.453009 0.030000 2.007174 0.150000 2.045336 0.030000
3.901179 0.030000 3.719751 0.030000 7.161797 0.030000 7.228901 0.030000 2.565765 0.030000 2.482986 0.030000 6.365417 0.030000 6.330479 0.030000 3.692012 0.030000 3.880287 0.030000 4.804127 0.030000 5.669210 0.150000 2.928743 0.030000 2.958471 0.030000 6.433759 0.030000 6.488472 0.030000 1.998096 0.030000 1.992034 0.030000
4.033386 0.030000 3.915908 0.030000 6.978341 0.030000 7.074402 0.030000 2.676260 0.030000 2.622594 0.030000 6.360362 0.030000 6.342505 0.030000 3.599189 0.030000 3.797650 0.030000 4.586899 0.030000 4.835955 0.030000 2.880484 0.030000 2.965831 0.030000 6.438918 0.030000 6.442123 0.030000 1.984720 0.150000 1.956498 0.030000
4.135537 0.030000 3.943234 0.030000 7.044414 0.030000 7.096348 0.030000 2.764644 0.030000 3.074012 0.150000 6.430204 0.030000 6.403705 0.030000 3.485637 0.030000 4.044436 0.150000 4.573612 0.030000 4.762299 0.030000 3.575706 0.150000 2.872365 0.030000 6.424158 0.030000 6.451077 0.030000 1.956373 0.030000 1.918642 0.030000
4.199838 0.030000 4.096076 0.030000 6.989718 0.030000 7.291061 0.150000 2.890507 0.030000 2.693506 0.030000 6.480488 0.030000 6.481232 0.030000 3.334840 0.030000 3.615515 0.030000 4.481515 0.030000 4.617284 0.030000 2.762839 0.030000 2.744811 0.030000 6.399941 0.030000 6.449661 0.030000 1.934117 0.030000 1.983725 0.030000
4.370756 0.030000 4.194606 0.030000 6.957170 0.030000 7.008093 0.030000 2.910197 0.030000 2.810377 0.030000 6.543787 0.030000 6.523674 0.030000 3.271981 0.030000 3.394501 0.030000 4.305061 0.030000 4.808791 0.150000 2.718124 0.030000 2.789148 0.030000 6.462785 0.030000 6.472965 0.030000 2.089152 0.150000 1.998849 0.150000
4.462067 0.030000 4.319449 0.030000 6.833171 0.030000 6.985288 0.030000 3.073315 0.030000 3.041365 0.150000 6.618146 0.030000 6.518244 0.030000 3.102586 0.030000 3.316264 0.030000 4.200973 0.030000 4.360319 0.030000 2.716793 0.030000 3.354020 0.150000 6.502760 0.030000 6.440747 0.030000 1.951805 0.030000 1.979037 0.030000
4.557579 0.030000 4.392414 0.030000 6.912255 0.030000 6.880689 0.030000 3.178032 0.030000 2.990663 0.030000 6.666770 0.030000 6.559237 0.030000 3.030274 0.030000 3.159097 0.030000 4.053005 0.030000 4.233249 0.030000 2.695660 0.030000 2.730266 0.030000 6.639368 0.150000 6.528742 0.030000 1.938500 0.030000 1.915687 0.030000
4.724827 0.030000 4.500842 0.030000 6.795641 0.030000 6.858302 0.030000 3.237815 0.030000 3.054816 0.030000 6.773086 0.030000 6.692179 0.030000 2.905157 0.030000 3.083225 0.030000 4.052394 0.030000 4.159442 0.030000 2.590607 0.030000 2.678916 0.030000 6.558706 0.030000 6.492291 0.030000 1.987202 0.030000 1.959797 0.030000
5.034424 0.150000 4.678433 0.030000 6.776902 0.030000 6.814653 0.030000 3.321108 0.030000 3.172082 0.030000 6.815410 0.030000 6.644830 0.030000 2.833697 0.150000 3.242756 0.150000 3.908990 0.030000 4.076194 0.030000 2.618300 0.030000 2.646403 0.030000 6.561325 0.030000 6.509764 0.030000 2.070484 0.030000 1.994390 0.030000
4.951217 0.030000 4.770784 0.030000 6.766751 0.030000 6.762455 0.030000 3.389610 0.030000 3.299007 0.030000 6.807587 0.030000 6.765677 0.030000 2.722296 0.030000 2.883581 0.030000 3.787190 0.030000 3.916333 0.030000 2.571352 0.030000 2.584844 0.030000 6.613202 0.030000 6.545275 0.030000 2.061901 0.030000 2.047702 0.030000
5.002855 0.030000 4.886475 0.030000 6.720110 0.030000 6.730620 0.030000 3.525030 0.030000 3.351974 0.030000 6.924781 0.030000 6.798987 0.030000 2.567103 0.030000 2.776346 0.030000 3.724698 0.030000 3.892055 0.030000 2.595683 0.030000 2.624086 0.030000 6.616629 0.030000 6.523762 0.030000 2.827041 0.150000 2.043133 0.030000
5.121693 0.030000 5.005732 0.030000 6.663211 0.030000 6.722651 0.030000 3.606000 0.030000 3.493998 0.030000 6.961558 0.030000 6.901252 0.030000 2.498671 0.030000 2.660317 0.030000 3.617364 0.030000 3.758169 0.030000 2.665596 0.030000 2.589281 0.030000 6.650834 0.030000 6.606256 0.030000 2.200903 0.030000 2.064829 0.030000
5.262150 0.030000 5.113698 0.030000 6.603512 0.030000 6.683942 0.030000 3.726409 0.030000 3.618858 0.030000 6.992131 0.030000 7.315162 0.150000 2.387981 0.030000 2.532518 0.030000 3.983391 0.150000 3.668163 0.030000 2.528781 0.030000 2.671873 0.030000 6.651800 0.030000 6.614730 0.030000 2.388998 0.150000 2.204860 0.030000
5.521213 0.150000 5.095634 0.150000 6.623290 0.030000 6.650273 0.030000 3.791039 0.030000 3.652357 0.030000 7.101025 0.030000 6.993124 0.030000 2.320741 0.030000 2.455563 0.030000 3.396954 0.030000 3.543005 0.030000 2.436511 0.150000 2.593598 0.030000 7.089385 0.150000 6.662506 0.030000 2.301230 0.030000 2.246894 0.030000
5.545515 0.030000 5.352451 0.030000 6.606958 0.030000 6.611287 0.030000 3.888455 0.030000 3.830200 0.030000 7.212749 0.030000 7.071648 0.030000 2.235716 0.030000 2.365735 0.030000 3.320115 0.030000 3.466388 0.030000 2.651193 0.030000 2.553746 0.030000 6.774060 0.030000 6.650382 0.030000 2.973900 0.150000 2.330193 0.030000
5.599659 0.030000 5.474423 0.030000 6.547272 0.030000 6.613101 0.030000 4.017686 0.030000 3.905433 0.030000 7.238507 0.030000 7.060416 0.030000 2.122505 0.030000 2.277900 0.030000 3.215654 0.030000 3.427239 0.030000 2.649054 0.030000 2.602474 0.030000 6.759314 0.030000 6.779100 0.030000 2.458076 0.030000 2.349390 0.030000
5.572438 0.150000 5.588734 0.030000 6.563619 0.030000 6.575569 0.030000 4.221903 0.030000 4.007427 0.030000 7.299218 0.030000 7.246231 0.030000 1.961875 0.030000 2.161261 0.030000 3.159900 0.030000 3.244257 0.030000 2.693933 0.030000 2.594794 0.150000 6.957338 0.150000 6.752655 0.030000 2.564137 0.030000 2.402976 0.150000
5.884722 0.030000 5.662130 0.030000 6.466769 0.030000 6.531854 0.030000 4.327857 0.150000 4.613003 0.150000 7.424259 0.030000 7.467741 0.150000 1.953669 0.030000 2.044061 0.030000 3.047902 0.030000 3.537939 0.150000 2.751588 0.030000 2.666673 0.030000 6.862394 0.030000 6.752237 0.030000 2.668828 0.030000 2.575789 0.150000
5.957487 0.030000 5.810816 0.030000 6.429499 0.030000 6.522595 0.030000 4.387871 0.030000 4.207542 0.030000 7.449060 0.030000 7.370624 0.030000 1.871434 0.030000 2.415967 0.150000 2.942707 0.030000 3.074165 0.030000 2.802801 0.030000 2.743962 0.030000 6.945498 0.030000 6.804842 0.150000 2.781429 0.030000 2.598005 0.030000
6.140099 0.030000 5.919992 0.030000 6.461010 0.150000 6.510529 0.030000 4.464987 0.030000 4.321383 0.030000 7.544133 0.030000 7.395697 0.030000 1.813859 0.030000 1.932366 0.030000 2.857756 0.030000 3.031663 0.030000 2.808372 0.030000 2.813948 0.030000 6.921247 0.030000 6.883962 0.030000 3.466901 0.150000 2.684857 0.150000
6.279735 0.030000 6.043929 0.030000 6.517214 0.030000 6.459187 0.030000 4.565624 0.030000 4.450809 0.030000 8.387441 0.150000 7.535165 0.030000 1.732675 0.030000 1.803663 0.030000 2.738637 0.030000 2.921669 0.030000 2.862173 0.030000 2.792883 0.030000 6.974672 0.030000 6.938931 0.030000 2.939921 0.030000 2.777722 0.030000
6.384259 0.030000 6.150681 0.030000 6.440934 0.030000 6.495003 0.030000 4.752354 0.030000 4.507798 0.030000 7.673120 0.030000 7.571728 0.030000 1.694754 0.030000 1.736472 0.030000 2.738597 0.030000 2.813985 0.030000 2.925001 0.030000 2.855214 0.030000 7.062955 0.030000 6.951094 0.030000 3.009210 0.030000 2.821582 0.030000
7.019866 0.150000 6.272558 0.030000 6.527990 0.030000 6.512874 0.030000 4.851771 0.030000 4.571455 0.030000 7.744589 0.030000 7.570255 0.030000 1.864382 0.150000 1.683880 0.030000 2.659555 0.030000 2.788867 0.030000 2.974537 0.030000 2.926726 0.030000 7.111117 0.030000 6.962100 0.030000 3.003136 0.030000 2.866527 0.030000
6.469674 0.030000 6.352416 0.030000 6.475009 0.030000 6.489254 0.030000 4.847627 0.030000 4.730509 0.030000 7.795281 0.030000 7.712605 0.030000 1.652925 0.150000 1.639234 0.030000 2.596687 0.030000 2.716478 0.030000 3.014482 0.030000 2.890815 0.030000 7.116173 0.030000 7.043619 0.030000 3.145198 0.030000 2.989657 0.030000
6.622380 0.030000 6.435182 0.030000 6.468017 0.030000 6.461307 0.030000 4.994442 0.030000 4.812986 0.030000 7.851561 0.030000 7.749392 0.030000 1.536429 0.030000 1.637795 0.030000 3.669626 0.150000 2.892190 0.150000 3.051877 0.030000 2.922454 0.030000 7.187040 0.030000 7.055315 0.030000 3.210395 0.030000 3.047913 0.030000
6.728550 0.030000 6.433583 0.030000 6.468694 0.030000 6.469199 0.030000 5.008461 0.030000 5.093115 0.150000 8.287376 0.150000 7.774467 0.030000 1.524232 0.030000 1.943775 0.150000 2.527201 0.030000 2.577012 0.030000 3.125878 0.030000 2.951052 0.030000 7.130298 0.030000 7.117000 0.030000 3.268502 0.030000 3.021435 0.030000
6.714835 0.030000 6.495380 0.030000 6.455392 0.030000 6.427275 0.030000 5.044797 0.030000 4.889606 0.030000 7.928631 0.030000 7.872857 0.030000 1.541958 0.030000 1.575019 0.030000 2.490645 0.030000 2.599140 0.030000 3.141882 0.030000 3.026562 0.030000 7.773674 0.150000 7.271366 0.150000 3.362934 0.030000 3.119024 0.030000
6.774874 0.030000 6.555278 0.030000 6.489003 0.030000 6.482413 0.030000 5.078343 0.030000 4.913192 0.030000 7.973625 0.030000 7.893437 0.030000 1.428388 0.030000 1.539274 0.030000 2.459445 0.030000 2.549606 0.030000 3.413457 0.150000 3.066204 0.030000 7.204924 0.030000 7.225176 0.150000 3.356738 0.030000 3.183359 0.030000
6.790065 0.030000 6.595741 0.030000 6.503565 0.030000 6.768107 0.150000 5.177836 0.030000 4.986947 0.030000 8.027659 0.030000 7.864674 0.030000 1.510041 0.030000 1.532502 0.030000 2.417674 0.030000 2.526455 0.030000 3.135580 0.030000 3.107307 0.030000 7.279391 0.030000 7.194207 0.030000 3.310927 0.030000 3.243992 0.030000
6.875793 0.030000 6.705390 0.030000 6.488149 0.030000 6.998968 0.150000 5.252788 0.030000 5.019210 0.030000 8.000631 0.030000 7.957773 0.030000 1.557206 0.030000 1.562246 0.030000 2.591226 0.150000 2.491054 0.030000 3.218037 0.030000 3.105179 0.030000 7.705079 0.150000 7.145517 0.030000 3.700505 0.150000 3.207275 0.030000
6.862900 0.030000 6.646394 0.030000 6.479057 0.030000 6.417501 0.030000 5.203743 0.030000 4.965630 0.030000 8.067696 0.030000 7.865014 0.030000 1.485042 0.030000 1.543326 0.030000 2.395586 0.030000 2.477382 0.030000 3.217890 0.030000 3.089414 0.030000 7.296652 0.030000 7.187554 0.030000 3.664944 0.150000 3.275249 0.030000
6.924570 0.030000 6.753761 0.030000 6.542782 0.030000 6.372305 0.030000 5.251044 0.030000 5.094583 0.030000 8.128369 0.030000 7.956196 0.030000 1.386212 0.030000 1.474212 0.030000 2.391148 0.030000 2.415221 0.030000 3.179245 0.030000 3.173823 0.030000 7.297375 0.030000 7.185355 0.030000 3.451867 0.030000 3.317152 0.030000
6.965080 0.030000 6.831734 0.030000 6.599046 0.030000 6.978167 0.150000 5.237274 0.030000 5.128153 0.030000 8.237854 0.030000 8.028438 0.030000 1.364638 0.030000 1.503826 0.030000 2.544195 0.030000 2.356396 0.030000 3.375029 0.150000 3.185666 0.030000 7.466213 0.030000 7.261475 0.030000 3.616089 0.030000 3.395367 0.030000
7.089966 0.030000 6.982211 0.030000 6.681438 0.030000 6.503361 0.030000 5.167598 0.030000 5.207151 0.030000 8.347648 0.030000 8.154746 0.030000 1.201606 0.030000 1.357722 0.030000 2.550647 0.030000 2.471488 0.030000 3.087295 0.030000 3.168210 0.030000 7.584745 0.030000 7.369787 0.030000 3.676146 0.030000 3.531076 0.030000
7.093572 0.030000 7.027332 0.030000 6.950824 0.030000 6.727795 0.030000 5.198527 0.030000 5.243317 0.030000 8.392818 0.030000 8.286820 0.030000 1.065417 0.030000 1.246601 0.030000 2.684163 0.030000 2.561105 0.030000 3.029007 0.030000 3.117134 0.030000 7.725551 0.030000 7.431248 0.030000 3.771618 0.030000 3.600799 0.030000
7.090552 0.030000 7.077959 0.030000 6.995900 0.030000 6.819119 0.030000 5.157555 0.030000 5.201111 0.030000 8.586751 0.030000 8.361695 0.030000 0.981703 0.030000 1.180646 0.030000 2.783666 0.030000 2.618770 0.030000 3.215022 0.150000 3.081314 0.030000 7.788133 0.030000 7.620448 0.030000 3.858908 0.030000 3.760897 0.030000
7.229501 0.030000 7.163020 0.030000 7.138073 0.030000 6.902688 0.030000 5.347276 0.150000 5.234998 0.030000 8.643543 0.030000 8.485975 0.030000 0.796173 0.030000 1.033712 0.030000 2.954389 0.030000 2.704272 0.030000 2.795509 0.030000 2.987744 0.030000 7.920559 0.030000 7.748836 0.030000 3.927121 0.030000 3.767733 0.030000
7.295444 0.030000 7.190494 0.030000 7.391169 0.150000 7.055835 0.030000 5.120641 0.030000 5.201111 0.030000 8.719389 0.030000 8.657378 0.150000 0.690685 0.030000 0.879939 0.030000 3.002932 0.030000 2.889113 0.030000 2.736211 0.030000 2.836906 0.030000 7.981642 0.030000 7.844615 0.030000 3.994742 0.030000 3.904258 0.030000
7.313040 0.030000 7.255883 0.030000 7.769487 0.150000 7.119531 0.030000 5.137341 0.030000 5.103892 0.030000 8.850405 0.030000 8.702020 0.030000 0.596567 0.030000 0.793047 0.030000 3.154059 0.030000 3.010335 0.030000 2.701735 0.030000 2.816309 0.030000 8.519089 0.150000 7.959672 0.030000 4.168170 0.030000 3.947592 0.030000
7.377060 0.030000 7.292324 0.030000 7.507991 0.030000 7.304905 0.030000 5.089581 0.030000 5.123670 0.030000 8.961448 0.030000 8.727291 0.150000 0.441838 0.030000 0.597565 0.030000 3.238639 0.030000 3.107674 0.030000 2.624926 0.030000 2.730708 0.030000 8.328506 0.030000 8.115100 0.030000 4.197686 0.030000 4.076058 0.030000
7.421645 0.030000 7.340293 0.030000 7.624498 0.030000 7.426158 0.030000 5.049219 0.030000 5.104621 0.030000 9.022689 0.030000 8.934258 0.030000 0.351003 0.030000 0.575011 0.030000 3.395869 0.030000 3.215663 0.030000 2.567124 0.030000 2.692026 0.030000 8.437170 0.030000 8.179406 0.030000 4.232516 0.030000 4.127579 0.030000
7.477792 0.030000 7.394941 0.030000 7.672042 0.030000 7.532516 0.030000 4.992481 0.030000 5.089368 0.030000 9.120862 0.030000 8.994371 0.030000 0.257292 0.030000 0.403658 0.030000 3.490095 0.030000 3.325416 0.030000 2.554684 0.030000 2.644240 0.030000 8.462117 0.030000 8.317192 0.030000 4.422640 0.030000 4.245081 0.030000
7.549914 0.030000 7.354650 0.030000 7.841374 0.030000 7.630085 0.030000 4.990517 0.030000 5.077100 0.030000 9.249360 0.030000 9.088731 0.030000 0.130118 0.030000 0.316054 0.030000 3.606074 0.030000 3.753074 0.150000 2.494336 0.030000 2.529093 0.030000 8.593244 0.030000 8.410262 0.030000 4.435205 0.030000 4.352528 0.030000
7.548496 0.030000 7.475526 0.030000 7.921668 0.030000 7.733824 0.030000 4.996471 0.030000 5.039427 0.030000 9.258723 0.030000 9.109937 0.150000 0.029984 0.030000 0.273458 0.030000 3.645321 0.030000 3.465158 0.030000 2.380961 0.030000 2.503722 0.030000 8.834321 0.150000 8.490526 0.030000 4.549966 0.030000 4.359311 0.030000
7.662368 0.030000 7.551163 0.030000 7.955927 0.030000 7.834037 0.030000 5.398757 0.150000 5.025994 0.030000 9.373533 0.030000 9.206321 0.030000 0.063900 0.030000 0.113443 0.030000 3.732665 0.030000 3.600600 0.030000 2.386862 0.030000 2.401380 0.030000 8.732447 0.030000 8.546471 0.030000 4.602079 0.030000 4.406977 0.030000
7.599816 0.030000 7.539207 0.030000 8.046895 0.030000 7.826096 0.030000 4.998235 0.030000 4.992344 0.030000 9.387055 0.030000 9.299255 0.030000 0.104330 0.030000 0.071244 0.030000 3.792179 0.030000 3.574856 0.030000 2.389603 0.030000 2.400987 0.030000 8.820468 0.030000 8.639974 0.030000 4.698024 0.030000 4.434620 0.030000
7.684913 0.030000 7.577660 0.030000 8.227758 0.150000 7.938082 0.030000 5.024400 0.030000 5.025448 0.030000 9.481791 0.030000 9.318641 0.030000 0.254083 0.030000 0.091109 0.030000 3.871378 0.030000 3.693575 0.030000 2.329118 0.030000 2.388377 0.030000 8.796174 0.150000 8.649206 0.030000 4.701399 0.030000 4.543599 0.030000
7.741245 0.030000 7.598664 0.030000 8.189709 0.030000 7.984418 0.030000 5.003055 0.030000 4.969811 0.030000 9.569777 0.030000 9.324486 0.030000 0.278874 0.030000 0.047841 0.030000 3.968254 0.030000 3.716271 0.030000 2.270907 0.030000 2.380832 0.030000 8.894516 0.030000 8.679653 0.030000 4.751586 0.030000 4.585739 0.030000
7.693945 0.030000 7.951570 0.150000 9.402069 0.150000 7.997091 0.030000 4.993008 0.030000 5.047743 0.030000 9.565326 0.030000 9.719500 0.150000 0.290365 0.030000 0.607646 0.150000 3.940923 0.030000 3.790300 0.030000 2.279011 0.030000 2.447312 0.150000 8.956854 0.030000 8.761697 0.030000 4.766086 0.030000 4.662748 0.030000
7.752153 0.030000 7.664959 0.150000 8.199831 0.030000 8.044836 0.030000 4.964958 0.030000 4.966011 0.030000 9.551295 0.030000 9.403920 0.030000 0.330038 0.030000 0.139550 0.030000 4.014046 0.030000 3.801762 0.030000 2.315073 0.030000 2.356220 0.030000 8.993195 0.030000 8.720326 0.030000 4.758760 0.030000 4.705598 0.030000
7.712230 0.030000 7.645038 0.030000 8.265132 0.030000 8.075774 0.030000 5.025342 0.030000 5.051862 0.030000 9.582560 0.030000 9.449231 0.030000 0.343552 0.030000 0.126046 0.030000 4.080003 0.030000 3.848341 0.030000 2.246726 0.030000 2.481841 0.150000 8.953466 0.030000 8.865409 0.030000 4.796264 0.030000 4.684765 0.030000
7.699276 0.030000 7.748171 0.030000 8.508269 0.150000 8.176398 0.030000 4.869496 0.030000 4.982847 0.030000 9.586492 0.030000 9.513318 0.030000 0.385545 0.030000 0.194876 0.030000 4.131163 0.030000 3.890533 0.030000 2.185448 0.030000 2.346373 0.030000 8.988825 0.030000 8.906357 0.030000 4.821875 0.030000 5.883888 0.150000
7.687287 0.030000 7.743587 0.030000 8.347034 0.030000 8.873524 0.150000 4.832205 0.030000 5.023513 0.030000 9.585816 0.030000 9.555220 0.030000 0.459447 0.030000 0.261774 0.030000 4.324674 0.150000 4.257661 0.150000 2.136788 0.030000 2.428625 0.150000 9.061487 0.030000 9.002171 0.030000 4.795714 0.030000 4.816244 0.030000
7.585806 0.030000 7.720772 0.030000 8.159601 0.150000 8.313195 0.030000 4.710752 0.030000 4.909062 0.030000 9.527000 0.030000 9.543176 0.030000 0.497236 0.030000 0.374151 0.150000 4.168936 0.030000 4.052018 0.030000 1.992019 0.030000 2.221964 0.030000 8.972710 0.030000 9.005156 0.030000 4.946394 0.150000 4.872421 0.150000
7.491839 0.030000 7.832082 0.150000 8.373556 0.030000 8.393525 0.030000 4.606989 0.030000 4.804266 0.030000 9.413198 0.030000 9.557350 0.030000 0.619057 0.030000 0.474558 0.030000 4.184001 0.030000 4.182025 0.030000 1.839990 0.030000 2.070737 0.030000 8.935171 0.030000 8.991136 0.030000 4.686978 0.030000 4.749154 0.030000
7.327282 0.030000 7.719828 0.150000 8.374681 0.030000 8.414712 0.030000 4.468803 0.030000 4.982570 0.150000 9.335341 0.030000 9.487926 0.030000 0.659404 0.030000 0.570207 0.030000 4.258275 0.030000 4.253313 0.030000 1.737437 0.030000 1.929213 0.030000 8.900927 0.030000 8.949674 0.030000 4.686575 0.030000 4.721386 0.030000
7.314180 0.030000 7.409819 0.030000 8.377795 0.030000 8.384399 0.030000 4.367056 0.030000 4.578983 0.030000 9.311868 0.030000 9.425727 0.030000 0.767339 0.030000 0.724350 0.150000 4.266786 0.030000 4.287481 0.030000 1.669802 0.030000 2.447519 0.150000 8.883592 0.030000 8.945292 0.030000 4.533732 0.030000 4.648939 0.030000
7.197414 0.030000 7.347045 0.030000 8.378551 0.150000 8.418899 0.030000 4.264917 0.030000 4.470696 0.030000 9.310128 0.030000 9.385128 0.030000 0.865910 0.030000 0.409908 0.150000 4.385155 0.030000 4.293353 0.030000 1.562619 0.030000 1.672086 0.030000 8.878095 0.030000 9.160629 0.150000 4.476103 0.030000 4.633110 0.030000
7.093500 0.030000 7.212900 0.030000 8.381575 0.030000 8.458280 0.030000 4.120108 0.030000 4.311344 0.030000 9.214632 0.030000 9.301112 0.030000 0.991353 0.030000 0.865705 0.030000 4.462179 0.030000 4.303521 0.030000 1.390280 0.030000 1.583568 0.030000 8.761013 0.030000 8.875895 0.030000 4.399649 0.030000 4.538211 0.030000
6.980461 0.030000 7.082398 0.030000 8.441559 0.030000 8.452183 0.030000 3.958137 0.030000 4.169187 0.030000 9.150315 0.030000 9.291063 0.150000 1.155683 0.030000 0.926262 0.030000 4.494176 0.030000 4.413864 0.030000 1.319967 0.030000 1.463837 0.030000 8.749481 0.030000 8.994950 0.150000 4.395599 0.030000 4.518456 0.030000
6.859438 0.030000 7.049322 0.030000 8.456497 0.030000 8.395244 0.030000 3.908404 0.030000 4.064052 0.030000 9.157074 0.030000 9.194852 0.030000 1.223426 0.030000 1.024666 0.030000 4.541442 0.030000 4.401579 0.030000 1.163870 0.030000 1.329518 0.030000 8.768886 0.030000 8.988228 0.150000 4.374726 0.030000 4.409027 0.030000
6.832472 0.030000 6.955844 0.030000 8.445116 0.030000 8.415599 0.030000 3.729180 0.030000 3.890326 0.150000 9.050938 0.030000 9.149140 0.030000 1.313083 0.030000 1.252792 0.150000 4.616621 0.030000 4.493035 0.030000 1.093465 0.030000 1.254577 0.030000 8.680319 0.030000 8.730490 0.030000 4.259950 0.030000 4.354493 0.030000
6.691396 0.030000 6.809977 0.030000 8.471816 0.030000 8.508986 0.030000 3.617167 0.030000 3.854620 0.030000 8.961607 0.030000 9.015053 0.030000 1.492508 0.030000 1.296605 0.030000 4.678679 0.030000 4.550657 0.030000 0.942507 0.030000 1.191149 0.030000 8.689466 0.030000 8.714829 0.030000 4.274012 0.030000 4.299847 0.030000
6.592130 0.030000 6.732138 0.030000 8.484952 0.030000 8.494842 0.030000 3.527162 0.030000 3.694483 0.030000 8.963643 0.030000 9.015553 0.030000 1.603365 0.030000 1.357376 0.150000 4.684398 0.030000 4.609692 0.030000 1.392073 0.150000 1.126649 0.030000 8.727021 0.030000 8.740945 0.030000 4.195239 0.030000 4.284052 0.150000
6.469290 0.030000 6.837051 0.150000 8.550279 0.030000 8.470020 0.030000 3.342708 0.030000 3.566146 0.030000 8.870391 0.030000 8.913721 0.030000 1.688117 0.030000 1.569679 0.030000 4.853885 0.030000 4.640402 0.030000 0.813047 0.030000 0.960525 0.030000 8.641102 0.030000 8.682010 0.030000 4.135950 0.030000 4.224239 0.030000
6.383395 0.030000 6.561107 0.030000 8.477770 0.030000 8.472962 0.030000 3.235054 0.030000 3.439923 0.030000 8.827403 0.030000 9.167399 0.150000 1.855331 0.030000 1.667651 0.030000 5.430522 0.150000 4.729822 0.030000 0.758365 0.030000 0.875558 0.030000 8.608294 0.030000 9.900079 0.150000 4.097997 0.030000 4.157494 0.030000
6.310441 0.030000 6.434676 0.030000 9.639999 0.150000 8.550710 0.030000 3.279474 0.150000 3.410112 0.150000 8.801018 0.030000 8.885362 0.030000 1.978179 0.030000 2.127918 0.150000 4.947107 0.030000 4.859198 0.030000 0.718076 0.030000 0.819144 0.030000 8.617180 0.030000 8.626761 0.030000 4.068130 0.030000 4.136162 0.030000
6.162110 0.030000 6.803501 0.150000 8.542046 0.030000 8.618366 0.030000 2.965572 0.030000 3.177562 0.030000 8.719171 0.030000 8.780504 0.030000 2.116940 0.030000 1.934089 0.030000 5.080771 0.150000 4.896560 0.030000 0.695725 0.030000 0.702682 0.030000 8.530984 0.030000 8.605613 0.030000 4.056538 0.030000 4.411650 0.150000
6.104822 0.030000 6.255943 0.030000 8.600770 0.030000 8.556446 0.030000 2.850958 0.030000 3.027727 0.030000 8.614467 0.030000 8.739077 0.030000 2.136925 0.030000 1.993838 0.030000 4.985820 0.150000 4.940702 0.030000 0.623458 0.030000 0.968227 0.150000 8.515088 0.030000 8.584176 0.030000 4.009190 0.030000 4.076729 0.030000
5.956318 0.030000 6.108382 0.030000 8.680010 0.030000 8.601092 0.030000 2.799835 0.030000 2.914360 0.030000 8.610628 0.030000 8.685555 0.150000 2.326692 0.030000 2.119100 0.030000 5.165401 0.030000 5.006385 0.030000 0.641404 0.030000 0.752381 0.150000 8.578172 0.030000 8.575644 0.030000 3.948557 0.030000 4.002965 0.030000
5.836177 0.150000 6.088274 0.030000 8.685677 0.030000 8.596219 0.030000 2.625831 0.030000 2.966515 0.150000 8.589034 0.030000 8.661499 0.030000 2.439131 0.030000 2.268293 0.030000 5.286117 0.030000 5.151691 0.030000 0.629267 0.030000 0.615188 0.030000 8.553102 0.030000 8.511268 0.030000 3.959934 0.030000 3.978326 0.030000
5.811559 0.030000 5.928813 0.150000 8.707418 0.030000 8.675221 0.030000 2.469378 0.030000 2.669511 0.030000 8.494953 0.030000 8.613582 0.150000 2.534160 0.030000 2.358179 0.030000 5.307250 0.030000 5.180611 0.030000 0.703672 0.030000 0.604267 0.030000 8.399404 0.150000 8.582688 0.030000 3.954232 0.030000 4.362633 0.150000
5.731659 0.030000 5.861765 0.030000 8.732511 0.030000 8.677831 0.030000 2.373204 0.030000 2.508395 0.030000 8.459651 0.030000 8.568032 0.030000 2.686299 0.030000 2.504569 0.030000 5.379543 0.030000 5.275499 0.030000 0.808752 0.030000 0.765577 0.030000 8.503310 0.030000 8.540064 0.030000 3.948774 0.030000 3.993114 0.030000
6.085534 0.150000 5.775361 0.030000 8.796343 0.030000 9.053259 0.150000 2.266499 0.030000 2.384786 0.030000 8.517825 0.030000 8.531119 0.030000 2.764540 0.030000 2.611573 0.030000 5.294068 0.150000 5.311812 0.030000 0.835185 0.030000 0.732325 0.030000 8.484892 0.030000 8.502992 0.030000 3.994669 0.030000 3.972390 0.030000
5.854739 0.150000 5.668522 0.030000 8.823210 0.030000 8.748566 0.030000 2.128299 0.030000 2.303172 0.030000 8.401358 0.030000 8.474352 0.030000 2.948475 0.030000 2.744395 0.030000 5.556602 0.030000 5.437392 0.030000 0.979107 0.030000 0.872850 0.030000 8.450593 0.030000 8.509245 0.030000 3.916274 0.030000 3.927025 0.030000
5.424861 0.030000 5.625269 0.030000 8.899215 0.030000 8.808653 0.030000 2.018670 0.030000 2.222253 0.030000 8.396173 0.030000 8.437379 0.030000 3.080870 0.030000 2.904977 0.030000 5.688088 0.030000 5.520984 0.030000 1.078162 0.030000 1.700379 0.150000 8.466238 0.030000 8.457707 0.030000 3.939395 0.030000 3.954483 0.030000
5.358931 0.030000 5.516796 0.030000 8.860799 0.030000 8.847473 0.030000 1.868363 0.030000 2.074843 0.030000 8.339752 0.030000 8.382537 0.030000 3.200443 0.030000 3.002104 0.030000 5.760277 0.030000 5.660886 0.030000 1.174943 0.030000 0.970388 0.030000 8.462795 0.030000 8.438452 0.030000 3.965050 0.030000 3.941399 0.030000
5.304332 0.030000 5.402406 0.030000 8.929415 0.030000 8.874826 0.030000 1.718549 0.030000 1.935101 0.030000 8.315265 0.030000 8.318986 0.030000 3.312026 0.030000 3.112639 0.030000 5.836789 0.030000 5.718362 0.030000 1.229521 0.030000 1.104272 0.030000 8.491360 0.030000 8.428613 0.030000 4.784575 0.150000 3.882299 0.030000
5.208176 0.030000 5.635327 0.150000 8.968368 0.030000 9.285770 0.150000 1.623725 0.030000 1.786757 0.030000 8.264838 0.030000 8.321641 0.030000 3.419716 0.030000 3.240260 0.030000 5.916455 0.030000 5.862244 0.030000 1.417445 0.030000 1.152721 0.030000 8.467941 0.030000 8.712496 0.150000 3.993365 0.030000 3.950593 0.030000
5.172613 0.030000 5.283101 0.030000 9.061152 0.030000 8.912071 0.030000 1.475633 0.030000 1.729738 0.030000 8.273567 0.030000 8.288771 0.030000 3.575883 0.030000 3.332589 0.030000 6.091026 0.030000 5.911472 0.030000 1.455565 0.030000 1.334456 0.030000 8.467859 0.030000 8.530405 0.030000 3.971413 0.030000 3.974557 0.030000
5.137426 0.030000 5.251066 0.030000 9.094558 0.030000 9.022506 0.030000 1.364332 0.030000 1.554954 0.030000 8.211182 0.030000 8.265371 0.030000 3.681695 0.030000 3.464323 0.150000 6.088279 0.030000 6.143229 0.150000 1.603738 0.030000 1.468785 0.030000 8.495369 0.030000 8.473852 0.030000 3.994275 0.030000 3.957161 0.030000
5.009395 0.030000 5.072087 0.030000 9.092427 0.030000 9.073564 0.030000 1.215394 0.030000 1.468357 0.030000 8.179102 0.030000 8.286730 0.030000 3.793565 0.030000 3.636906 0.030000 6.215261 0.030000 6.058981 0.030000 1.704706 0.030000 1.505601 0.030000 8.476084 0.030000 8.488316 0.030000 4.018472 0.030000 4.006071 0.030000
4.929061 0.030000 5.051032 0.030000 9.167680 0.030000 9.141533 0.030000 1.106240 0.030000 1.351062 0.030000 8.201154 0.030000 8.225267 0.030000 3.919635 0.030000 4.017192 0.150000 6.350332 0.030000 6.116388 0.030000 1.812180 0.030000 1.661671 0.030000 8.469278 0.030000 8.460572 0.030000 4.392956 0.150000 4.018094 0.030000
4.836066 0.030000 5.210502 0.150000 9.204165 0.030000 9.183537 0.030000 1.012722 0.030000 1.154925 0.030000 8.169421 0.030000 8.174888 0.030000 4.061865 0.030000 3.916319 0.030000 6.464626 0.030000 6.242481 0.030000 1.943626 0.030000 1.753624 0.030000 8.470627 0.030000 8.914432 0.150000 4.917169 0.150000 4.045161 0.030000
4.806296 0.030000 4.888944 0.030000 9.303358 0.030000 9.220194 0.030000 0.881196 0.030000 1.053879 0.030000 8.108995 0.030000 8.136734 0.030000 4.221672 0.030000 3.963499 0.030000 6.525586 0.030000 6.328094 0.030000 2.095424 0.030000 1.832834 0.030000 8.515709 0.030000 8.857843 0.150000 4.137206 0.030000 4.009752 0.030000
4.741711 0.030000 4.842084 0.030000 9.317772 0.030000 9.251928 0.030000 0.698279 0.030000 0.920645 0.030000 8.107219 0.030000 8.201161 0.150000 4.275822 0.030000 4.076597 0.030000 6.634478 0.030000 6.457140 0.030000 2.255468 0.030000 2.016245 0.030000 8.606499 0.030000 8.512930 0.030000 4.194776 0.030000 4.066960 0.030000
4.670552 0.030000 4.751468 0.030000 9.982902 0.150000 9.242347 0.030000 0.644080 0.030000 0.848276 0.030000 8.084917 0.030000 8.089511 0.030000 4.395972 0.030000 4.203847 0.030000 6.725179 0.030000 6.521233 0.030000 2.317236 0.030000 2.090730 0.030000 8.533953 0.030000 8.514502 0.030000 4.431309 0.150000 4.288874 0.150000
4.833816 0.150000 4.731481 0.030000 9.475088 0.030000 9.333890 0.030000 0.490681 0.030000 0.710374 0.030000 8.086952 0.030000 8.149034 0.030000 4.569072 0.030000 4.330356 0.030000 6.848832 0.030000 6.694975 0.030000 2.385717 0.030000 2.273032 0.030000 8.560008 0.030000 8.580458 0.030000 4.889413 0.150000 4.153123 0.030000
4.586244 0.030000 4.560478 0.030000 9.602919 0.150000 9.379833 0.030000 0.381281 0.030000 0.540135 0.030000 7.884229 0.150000 8.702547 0.150000 4.681651 0.030000 4.516285 0.030000 6.874188 0.030000 6.813295 0.030000 2.549922 0.030000 2.353894 0.030000 8.519174 0.030000 8.550591 0.030000 4.330774 0.030000 4.228718 0.030000
4.850016 0.150000 4.535380 0.030000 9.571170 0.030000 9.576463 0.030000 0.192020 0.150000 0.415962 0.030000 8.433547 0.150000 8.051805 0.030000 4.817646 0.030000 4.575904 0.030000 7.046141 0.030000 6.890907 0.030000 2.722516 0.030000 2.422109 0.150000 8.586148 0.030000 8.581882 0.030000 4.348114 0.030000 4.241349 0.030000
4.607040 0.150000 4.514242 0.030000 9.596633 0.030000 9.512487 0.030000 0.110467 0.030000 0.337733 0.030000 8.003830 0.030000 8.065765 0.030000 4.927132 0.030000 4.692065 0.030000 7.432889 0.150000 6.970559 0.030000 2.806977 0.030000 3.521319 0.150000 8.603383 0.030000 8.550797 0.030000 4.438200 0.030000 4.316705 0.030000
4.386929 0.030000 4.409367 0.030000 9.686286 0.030000 9.606767 0.030000 -0.010223 0.030000 0.166643 0.030000 8.040783 0.030000 8.063210 0.030000 5.046824 0.030000 4.883619 0.150000 7.218499 0.030000 7.107308 0.030000 2.882710 0.030000 2.730998 0.030000 8.585567 0.030000 8.804120 0.150000 4.426388 0.030000 4.425268 0.030000
4.359448 0.030000 4.411890 0.030000 9.726811 0.030000 9.770519 0.030000 0.166726 0.030000 0.066564 0.030000 7.989588 0.030000 8.244264 0.150000 5.136353 0.030000 4.931626 0.030000 7.291580 0.030000 7.164095 0.030000 3.047247 0.030000 2.889061 0.030000 8.679572 0.030000 8.615587 0.030000 4.546514 0.030000 4.411750 0.030000
4.303631 0.030000 4.385945 0.030000 9.837927 0.030000 9.739332 0.030000 0.217140 0.030000 0.053956 0.030000 7.971834 0.030000 8.080169 0.030000 5.280924 0.030000 5.052225 0.030000 7.391201 0.030000 7.289203 0.030000 3.171441 0.030000 2.982158 0.030000 8.654661 0.030000 8.991890 0.150000 4.549846 0.030000 4.492612 0.030000
4.277970 0.030000 4.331764 0.030000 9.908800 0.030000 9.772888 0.030000 0.372654 0.030000 0.172113 0.030000 7.989386 0.030000 8.016372 0.030000 5.426564 0.030000 5.211988 0.030000 7.482231 0.030000 7.354773 0.030000 3.246959 0.030000 3.026697 0.030000 8.671785 0.030000 8.660452 0.030000 4.633192 0.030000 4.346843 0.150000
4.629716 0.150000 4.242298 0.030000 9.923934 0.030000 9.785628 0.030000 0.371412 0.030000 0.240951 0.030000 8.029973 0.030000 8.035504 0.030000 5.451417 0.030000 5.263889 0.030000 7.635671 0.030000 7.456865 0.030000 3.306278 0.030000 3.087975 0.030000 8.783483 0.030000 8.667554 0.030000 4.634421 0.030000 4.566204 0.030000
4.200892 0.030000 4.351532 0.030000 10.039567 0.030000 9.827698 0.030000 0.530872 0.030000 0.274198 0.030000 8.035530 0.030000 7.994594 0.030000 5.567726 0.030000 5.314803 0.030000 7.648128 0.030000 7.543974 0.030000 3.410249 0.030000 3.207973 0.030000 8.744958 0.030000 8.711893 0.030000 4.716721 0.030000 4.629273 0.030000
4.189866 0.030000 4.251103 0.030000 9.984551 0.030000 9.870312 0.030000 0.507066 0.030000 0.370013 0.030000 8.014634 0.030000 7.952634 0.030000 5.568266 0.030000 5.424157 0.030000 8.389071 0.150000 7.938956 0.150000 3.462990 0.030000 3.323201 0.030000 8.785868 0.030000 8.732985 0.030000 4.737672 0.030000 4.574329 0.030000
4.167586 0.030000 4.282902 0.030000 10.863492 0.150000 9.913478 0.030000 0.590452 0.030000 0.450195 0.030000 8.275143 0.150000 7.990393 0.030000 5.682539 0.030000 5.514909 0.030000 7.755790 0.030000 7.611448 0.030000 3.564271 0.030000 3.301443 0.030000 8.738250 0.030000 8.713500 0.030000 4.777503 0.030000 4.656418 0.030000
4.159505 0.030000 4.265407 0.030000 10.087083 0.030000 9.941121 0.030000 0.694417 0.030000 0.478177 0.030000 8.055782 0.030000 8.026627 0.030000 5.712775 0.030000 5.577298 0.150000 7.920455 0.150000 7.984685 0.150000 3.602247 0.030000 3.384904 0.030000 8.820858 0.030000 8.773993 0.030000 4.843455 0.030000 4.732050 0.030000
4.198767 0.030000 4.214134 0.030000 10.080948 0.030000 9.968379 0.030000 0.756080 0.030000 0.558852 0.030000 8.716230 0.150000 7.995204 0.030000 5.728441 0.030000 5.597228 0.030000 7.843363 0.030000 7.630674 0.030000 3.640005 0.030000 3.361847 0.030000 8.771330 0.030000 8.766675 0.030000 4.861421 0.030000 4.773714 0.030000
