1.267670 0.045000 1.073262 0.045000 5.198974 0.045000 5.556675 0.225000 3.541488 0.045000 3.730881 0.045000 7.594346 0.225000 6.892146 0.225000 8.455011 0.045000 8.573394 0.045000
1.395203 0.045000 1.108972 0.045000 5.445560 0.225000 5.506767 0.045000 3.504511 0.045000 3.688477 0.045000 6.732149 0.045000 6.816468 0.045000 8.453208 0.045000 8.558377 0.045000
1.325220 0.045000 1.084224 0.045000 5.237541 0.045000 5.475666 0.045000 3.436819 0.045000 3.726641 0.045000 6.799985 0.045000 6.758096 0.045000 8.456658 0.045000 8.575750 0.045000
1.524768 0.225000 1.159134 0.045000 5.279485 0.045000 5.412472 0.045000 3.506210 0.045000 3.669777 0.045000 6.717792 0.045000 6.773821 0.045000 9.102774 0.225000 8.557607 0.045000
1.378672 0.225000 1.118685 0.045000 5.194724 0.045000 5.340150 0.045000 3.541977 0.045000 3.688566 0.045000 6.830985 0.045000 7.510341 0.225000 8.399740 0.045000 9.088584 0.225000
1.387198 0.045000 1.171333 0.045000 5.103651 0.045000 5.331747 0.045000 3.428778 0.045000 3.627486 0.045000 6.745151 0.045000 6.725235 0.045000 8.345208 0.045000 8.525620 0.045000
1.432191 0.045000 1.147831 0.045000 5.136011 0.045000 5.368043 0.045000 3.530519 0.045000 3.603980 0.045000 6.869248 0.045000 6.700229 0.045000 8.403229 0.045000 8.495282 0.045000
1.419219 0.045000 1.167189 0.045000 5.345348 0.225000 5.267395 0.045000 3.483979 0.045000 3.650814 0.045000 6.837765 0.045000 6.721131 0.045000 8.276877 0.045000 8.527706 0.045000
1.449668 0.045000 1.209277 0.045000 5.024383 0.045000 5.266077 0.045000 3.446211 0.045000 3.542234 0.045000 6.798557 0.045000 6.870065 0.045000 8.391801 0.045000 8.426429 0.045000
1.498440 0.045000 1.215551 0.045000 4.987028 0.045000 5.279423 0.045000 3.372511 0.045000 5.494877 0.225000 6.806649 0.045000 6.851320 0.045000 8.287018 0.045000 8.483019 0.045000
1.502573 0.045000 1.326501 0.045000 4.963918 0.045000 5.213563 0.045000 3.390565 0.045000 3.482990 0.045000 6.824818 0.045000 6.768424 0.045000 8.342690 0.045000 8.429678 0.045000
1.471882 0.045000 1.293734 0.045000 4.954258 0.045000 5.216279 0.045000 3.292849 0.045000 3.818617 0.225000 6.798583 0.045000 6.778894 0.045000 8.173856 0.045000 8.380489 0.045000
1.601698 0.045000 1.346884 0.045000 4.970909 0.045000 5.077111 0.045000 3.531167 0.225000 3.316460 0.225000 6.807262 0.045000 6.814150 0.045000 8.218388 0.045000 8.393970 0.045000
1.530815 0.045000 1.378412 0.045000 4.934506 0.045000 5.095855 0.045000 3.282473 0.045000 3.444765 0.045000 6.827089 0.045000 6.834167 0.045000 8.216905 0.045000 8.418692 0.045000
1.563028 0.045000 1.368581 0.045000 4.862733 0.045000 5.004612 0.225000 3.330254 0.045000 3.493570 0.045000 6.810379 0.045000 6.715058 0.045000 8.466543 0.225000 9.058738 0.225000
1.651632 0.045000 1.475459 0.045000 4.747562 0.045000 5.059195 0.045000 3.245766 0.045000 3.468949 0.045000 6.872307 0.045000 6.822189 0.045000 8.151362 0.045000 8.339955 0.045000
1.658176 0.045000 1.382446 0.045000 4.789639 0.045000 5.037119 0.045000 3.339302 0.045000 3.415722 0.045000 6.874126 0.045000 6.775889 0.045000 8.149617 0.045000 8.305788 0.045000
1.904404 0.225000 1.967497 0.225000 4.735481 0.045000 5.025369 0.045000 3.254739 0.045000 3.443129 0.045000 6.829013 0.045000 6.893712 0.045000 8.153937 0.045000 8.318125 0.045000
1.709408 0.045000 1.816933 0.225000 4.728989 0.045000 5.045317 0.045000 3.261395 0.045000 3.362937 0.045000 6.891340 0.045000 6.786101 0.045000 8.100331 0.045000 8.219262 0.045000
1.727714 0.045000 1.526356 0.045000 4.720515 0.045000 4.983999 0.045000 3.293245 0.045000 3.391498 0.045000 6.849859 0.225000 6.924887 0.045000 8.057741 0.045000 8.246266 0.045000
1.799459 0.045000 1.533636 0.045000 4.554114 0.045000 4.912608 0.045000 3.286411 0.045000 3.393450 0.045000 6.924996 0.045000 6.829992 0.045000 8.049453 0.045000 8.184048 0.045000
1.854661 0.045000 1.660774 0.045000 4.703279 0.045000 4.852446 0.045000 3.253122 0.045000 3.364268 0.045000 6.886311 0.045000 6.878342 0.045000 8.096477 0.045000 8.258910 0.045000
1.827241 0.045000 1.530202 0.045000 4.609800 0.045000 4.810504 0.045000 4.114617 0.225000 3.330300 0.045000 6.929542 0.045000 6.786950 0.045000 8.015649 0.045000 8.181559 0.045000
1.837440 0.045000 1.571314 0.045000 4.631040 0.045000 5.194266 0.225000 3.164211 0.045000 3.265800 0.045000 6.909484 0.045000 6.865894 0.045000 8.081737 0.045000 8.179274 0.045000
1.803664 0.045000 1.629951 0.045000 4.569735 0.045000 4.757629 0.045000 3.133999 0.045000 3.263908 0.045000 7.083826 0.225000 6.900516 0.045000 8.103754 0.045000 8.227124 0.045000
1.944752 0.045000 1.655987 0.045000 4.531624 0.045000 4.791365 0.045000 3.192050 0.045000 3.296259 0.045000 6.859792 0.045000 6.826261 0.225000 7.994903 0.045000 8.195366 0.045000
1.919505 0.045000 1.701258 0.045000 4.463626 0.045000 5.306436 0.225000 3.161242 0.045000 3.361789 0.045000 7.927516 0.225000 6.901033 0.045000 8.000166 0.045000 8.140703 0.045000
1.965025 0.045000 1.762385 0.045000 4.504223 0.045000 4.624430 0.045000 3.088511 0.045000 3.317107 0.045000 6.996015 0.045000 6.867236 0.045000 7.806622 0.225000 8.161218 0.045000
2.018349 0.045000 1.732125 0.045000 4.409322 0.045000 4.797201 0.225000 3.065175 0.045000 3.217468 0.045000 6.941331 0.045000 6.894979 0.045000 8.024137 0.045000 8.120571 0.045000
1.889710 0.045000 1.794822 0.045000 4.351664 0.045000 4.645013 0.045000 3.184148 0.225000 3.266612 0.045000 6.930878 0.045000 6.858017 0.045000 8.045325 0.225000 8.118287 0.045000
1.990134 0.045000 1.792473 0.045000 4.341015 0.045000 4.543544 0.045000 3.091431 0.045000 3.242878 0.045000 6.919550 0.045000 7.828977 0.225000 7.914201 0.045000 8.150200 0.045000
2.132513 0.045000 1.861833 0.045000 4.378065 0.045000 4.626859 0.045000 3.106470 0.045000 3.179752 0.045000 6.956759 0.045000 6.882599 0.045000 8.387891 0.225000 8.050843 0.045000
2.058146 0.045000 1.900203 0.045000 4.274540 0.225000 4.578984 0.045000 3.208217 0.225000 3.183699 0.045000 7.018866 0.045000 6.942594 0.045000 7.887440 0.045000 7.945905 0.045000
2.130000 0.045000 1.804900 0.045000 4.256272 0.045000 4.477248 0.045000 3.153679 0.045000 3.157547 0.045000 6.985562 0.045000 6.917330 0.045000 8.525384 0.225000 7.980298 0.045000
2.188895 0.045000 1.924577 0.045000 4.284934 0.045000 4.540421 0.045000 3.025700 0.045000 3.126634 0.045000 7.073874 0.045000 6.908340 0.045000 7.853688 0.225000 8.228244 0.225000
2.218449 0.045000 1.967426 0.045000 4.283262 0.045000 4.378484 0.225000 3.059517 0.045000 3.177245 0.045000 6.937127 0.045000 8.399847 0.225000 7.838889 0.045000 7.947569 0.045000
2.247647 0.045000 1.949021 0.225000 4.270880 0.045000 4.385418 0.045000 3.037750 0.045000 3.154492 0.045000 6.853595 0.225000 7.341908 0.225000 7.830298 0.045000 7.996638 0.045000
2.258269 0.045000 1.963991 0.045000 4.186902 0.045000 4.505177 0.045000 2.988537 0.045000 3.165103 0.045000 7.166012 0.225000 6.906750 0.045000 7.832703 0.045000 8.018905 0.045000
2.310866 0.045000 2.100430 0.045000 4.159285 0.045000 4.423554 0.045000 3.040289 0.045000 3.083987 0.045000 6.921298 0.225000 6.894885 0.225000 7.772104 0.045000 7.901114 0.045000
2.314153 0.045000 2.003352 0.045000 4.110800 0.045000 4.371928 0.045000 3.026178 0.045000 3.161177 0.045000 7.107226 0.045000 6.934085 0.045000 8.012544 0.225000 7.967630 0.045000
2.320810 0.045000 2.016130 0.045000 4.114327 0.045000 4.320351 0.045000 3.008280 0.045000 3.058956 0.045000 7.089579 0.045000 6.916064 0.045000 7.759525 0.045000 7.820690 0.045000
2.343654 0.045000 2.216179 0.045000 3.866820 0.225000 4.289471 0.045000 2.970638 0.045000 3.155147 0.045000 6.991419 0.045000 6.939328 0.045000 7.671395 0.045000 7.910262 0.045000
2.344768 0.045000 2.240575 0.045000 4.103995 0.045000 4.324009 0.045000 2.973366 0.045000 3.031386 0.045000 7.074855 0.045000 7.004906 0.045000 7.724639 0.045000 7.844506 0.045000
2.438867 0.045000 2.188593 0.045000 4.005818 0.045000 4.284167 0.045000 2.987187 0.045000 3.066144 0.045000 7.522603 0.225000 6.986040 0.045000 7.754926 0.045000 8.593407 0.225000
2.468835 0.045000 2.184037 0.045000 3.910492 0.045000 4.221273 0.045000 2.981986 0.045000 3.009408 0.045000 7.022032 0.045000 7.006908 0.045000 7.706753 0.045000 7.791863 0.045000
2.499061 0.045000 2.247102 0.045000 4.004599 0.045000 4.185175 0.045000 2.964773 0.045000 3.000062 0.045000 8.441922 0.225000 6.917540 0.045000 7.721355 0.045000 7.807927 0.045000
2.446728 0.045000 2.179334 0.045000 3.910878 0.045000 4.135340 0.045000 2.900959 0.045000 3.342326 0.225000 7.084263 0.045000 7.069027 0.045000 7.682491 0.045000 7.774646 0.045000
2.479578 0.045000 2.181564 0.045000 3.877453 0.045000 4.142682 0.045000 2.934390 0.045000 3.000344 0.045000 7.037961 0.045000 7.079789 0.045000 7.650853 0.045000 7.798467 0.045000
2.545186 0.045000 2.381888 0.045000 3.814513 0.045000 4.039091 0.045000 2.923850 0.045000 3.065035 0.045000 7.127546 0.045000 7.020432 0.045000 7.636180 0.045000 7.758088 0.045000
2.584104 0.045000 2.372483 0.045000 3.752962 0.045000 3.988827 0.045000 2.983292 0.045000 3.121817 0.045000 7.180814 0.045000 7.110389 0.045000 7.594275 0.045000 7.808080 0.045000
2.527096 0.045000 2.427754 0.045000 3.807169 0.045000 4.103998 0.045000 3.027052 0.045000 3.003538 0.045000 7.116131 0.045000 7.011628 0.045000 7.604940 0.045000 7.720701 0.045000
2.648467 0.045000 2.404956 0.045000 3.797380 0.045000 3.920035 0.045000 2.836668 0.045000 3.010892 0.045000 7.222529 0.045000 7.130882 0.045000 7.577318 0.045000 7.706352 0.045000
2.713121 0.045000 2.448407 0.045000 3.713301 0.045000 3.919077 0.045000 2.929586 0.045000 2.940082 0.045000 7.172351 0.045000 6.999024 0.045000 7.560794 0.225000 7.618533 0.045000
3.463407 0.225000 2.471514 0.045000 3.721560 0.045000 3.940528 0.045000 2.859824 0.045000 2.960024 0.045000 7.135932 0.045000 7.017541 0.045000 7.581216 0.045000 7.733874 0.045000
2.714532 0.045000 2.431038 0.045000 3.577345 0.045000 3.955838 0.045000 2.876322 0.045000 2.910334 0.045000 7.252821 0.045000 6.986538 0.045000 7.504029 0.045000 7.836864 0.225000
2.788063 0.045000 2.469915 0.045000 3.608821 0.045000 4.199494 0.225000 2.868338 0.045000 2.947269 0.045000 7.243205 0.045000 7.153239 0.045000 7.509127 0.045000 7.822029 0.225000
2.714382 0.045000 2.534871 0.045000 3.595514 0.045000 3.929588 0.045000 2.913307 0.045000 3.216065 0.225000 7.229867 0.045000 7.132471 0.045000 7.521688 0.045000 7.603802 0.045000
2.698392 0.045000 2.591212 0.045000 3.504083 0.045000 3.819720 0.045000 2.881558 0.045000 2.923114 0.045000 7.277508 0.045000 7.126715 0.045000 7.530828 0.045000 7.555086 0.045000
2.883250 0.045000 2.447486 0.225000 3.583067 0.045000 3.811089 0.045000 2.868291 0.045000 2.971331 0.045000 7.207142 0.045000 7.117568 0.045000 7.493009 0.045000 7.566840 0.045000
2.794559 0.225000 2.600850 0.045000 3.489842 0.045000 3.817848 0.045000 2.886546 0.045000 2.929893 0.045000 7.252010 0.045000 7.176279 0.045000 8.164824 0.225000 8.042383 0.225000
2.852760 0.045000 2.575017 0.045000 3.497584 0.045000 3.689222 0.045000 2.863955 0.045000 2.895098 0.045000 7.191224 0.045000 7.123074 0.045000 7.492539 0.045000 7.535166 0.045000
3.413576 0.225000 2.572051 0.045000 3.461190 0.045000 3.660823 0.045000 2.838169 0.045000 2.933737 0.045000 7.215690 0.045000 7.201017 0.045000 7.492963 0.045000 8.289640 0.225000
2.962659 0.045000 2.673993 0.045000 3.486483 0.045000 3.437073 0.225000 3.134794 0.225000 2.939031 0.045000 7.260423 0.045000 8.065219 0.225000 7.461902 0.045000 7.735081 0.225000
3.351092 0.225000 2.694727 0.045000 3.418227 0.045000 3.612978 0.045000 2.873423 0.045000 2.901006 0.045000 7.360301 0.045000 7.004523 0.225000 7.442098 0.225000 7.556504 0.045000
3.029872 0.045000 2.754121 0.045000 3.383997 0.045000 3.619230 0.045000 2.820606 0.045000 2.872704 0.045000 7.308355 0.045000 7.151816 0.045000 7.467569 0.045000 7.482154 0.045000
3.024998 0.045000 3.249777 0.225000 3.388754 0.225000 3.615237 0.045000 2.846854 0.045000 2.856485 0.045000 7.362503 0.045000 7.164400 0.045000 7.383777 0.045000 7.571092 0.045000
3.019039 0.045000 2.851907 0.045000 3.303911 0.045000 3.566770 0.045000 2.899689 0.045000 2.873897 0.045000 7.347120 0.045000 7.196383 0.045000 7.356172 0.045000 7.521513 0.045000
3.037565 0.045000 2.854294 0.045000 3.299681 0.045000 3.525862 0.045000 2.867037 0.045000 2.919346 0.045000 7.326934 0.045000 7.270105 0.045000 7.360331 0.045000 7.452817 0.045000
3.139858 0.045000 3.099779 0.225000 3.109728 0.045000 3.623991 0.045000 2.847452 0.045000 2.839999 0.045000 9.180367 0.225000 7.269264 0.045000 7.391220 0.045000 7.455383 0.045000
3.082428 0.045000 2.943279 0.045000 3.201570 0.045000 3.443604 0.045000 2.783322 0.045000 2.875571 0.045000 7.390419 0.045000 7.320746 0.045000 7.724559 0.225000 7.458577 0.045000
3.171539 0.045000 2.910474 0.045000 3.159353 0.045000 3.394635 0.045000 2.785761 0.045000 2.847020 0.045000 7.368082 0.045000 7.203274 0.045000 7.325335 0.045000 7.505715 0.045000
3.231117 0.045000 3.097575 0.225000 3.211043 0.045000 3.378439 0.045000 2.818108 0.045000 2.873173 0.045000 7.369123 0.045000 7.294114 0.045000 7.596370 0.225000 7.463048 0.045000
3.454708 0.225000 2.996002 0.045000 3.111184 0.045000 3.367061 0.045000 2.820048 0.045000 2.829061 0.045000 7.387621 0.045000 7.296058 0.225000 7.933586 0.225000 7.470508 0.045000
3.250709 0.045000 3.021495 0.045000 3.173894 0.045000 3.364577 0.045000 2.923868 0.045000 2.935803 0.045000 7.401256 0.045000 7.395181 0.045000 7.323931 0.045000 7.480073 0.045000
3.244433 0.045000 3.051514 0.045000 3.071199 0.045000 3.056559 0.225000 2.848348 0.045000 2.869861 0.045000 7.452316 0.045000 7.245383 0.225000 7.310331 0.045000 7.426786 0.045000
3.348654 0.045000 3.012005 0.045000 3.090327 0.045000 3.280935 0.045000 2.809878 0.045000 3.032356 0.225000 7.848315 0.225000 7.285273 0.045000 7.347354 0.045000 7.469855 0.045000
3.322914 0.045000 3.134189 0.045000 2.887257 0.225000 3.296411 0.045000 2.874293 0.045000 2.951817 0.045000 7.435981 0.045000 7.350306 0.045000 7.281454 0.045000 7.400851 0.045000
3.411416 0.045000 3.144328 0.045000 3.055354 0.045000 3.289987 0.045000 2.890416 0.045000 2.811456 0.045000 7.553836 0.045000 7.292672 0.045000 7.296108 0.045000 7.416907 0.045000
3.461091 0.045000 3.225745 0.045000 2.966506 0.045000 3.154934 0.045000 2.834674 0.045000 2.815269 0.045000 7.408193 0.045000 7.300703 0.045000 7.211302 0.045000 7.357428 0.045000
3.435631 0.045000 3.144957 0.045000 2.898655 0.045000 3.170312 0.045000 2.790449 0.045000 2.817599 0.045000 7.429647 0.045000 7.402630 0.045000 7.309544 0.045000 7.339562 0.045000
3.464237 0.045000 3.473548 0.225000 3.300230 0.225000 3.179187 0.045000 2.944063 0.045000 2.849810 0.045000 7.520104 0.045000 7.314162 0.045000 7.285700 0.045000 7.341451 0.045000
3.522634 0.045000 3.004076 0.225000 2.876041 0.045000 3.168794 0.045000 2.827976 0.045000 2.864766 0.045000 7.572531 0.045000 7.416667 0.045000 7.339795 0.225000 7.260159 0.045000
3.489510 0.045000 3.302795 0.045000 2.888898 0.045000 2.969962 0.225000 3.043349 0.225000 2.886551 0.045000 7.506712 0.045000 7.488832 0.045000 7.200305 0.045000 7.296512 0.045000
3.579343 0.045000 3.227406 0.045000 3.732093 0.225000 3.023863 0.045000 2.847996 0.045000 2.973759 0.225000 7.515316 0.045000 7.455818 0.045000 7.121092 0.045000 7.295690 0.045000
3.651295 0.045000 3.339589 0.045000 2.781898 0.045000 2.962369 0.045000 2.948361 0.045000 2.855234 0.045000 7.563245 0.045000 7.376538 0.045000 7.172388 0.045000 7.313202 0.045000
3.630411 0.045000 3.397411 0.045000 2.749355 0.045000 3.092208 0.045000 2.828176 0.045000 2.840124 0.045000 7.494791 0.045000 7.408580 0.045000 7.142060 0.045000 7.431714 0.225000
3.672088 0.045000 3.397160 0.045000 2.748844 0.045000 2.953257 0.045000 2.843271 0.045000 2.897593 0.045000 7.924569 0.225000 7.462465 0.045000 7.195358 0.045000 7.296758 0.045000
3.476534 0.225000 4.203504 0.225000 2.720187 0.045000 2.948705 0.045000 2.780723 0.045000 2.814319 0.045000 7.591744 0.045000 7.510188 0.045000 7.159310 0.045000 7.227417 0.045000
3.612993 0.045000 3.511312 0.045000 2.960373 0.225000 2.909212 0.045000 2.874315 0.045000 3.348122 0.225000 7.550348 0.045000 7.416535 0.045000 7.186484 0.045000 7.251426 0.045000
3.764373 0.045000 3.562582 0.045000 2.683240 0.045000 2.800028 0.045000 2.942470 0.045000 2.877266 0.045000 7.799613 0.225000 7.499243 0.045000 7.203394 0.045000 7.488765 0.225000
3.766202 0.045000 3.501864 0.045000 2.654443 0.045000 3.152918 0.225000 2.930325 0.045000 2.858224 0.045000 7.643724 0.045000 7.527391 0.045000 7.123966 0.045000 7.282191 0.045000
3.835204 0.045000 3.519633 0.045000 2.638298 0.045000 2.858236 0.045000 2.873791 0.045000 2.923087 0.045000 7.579158 0.045000 7.537472 0.225000 7.092733 0.045000 7.254361 0.045000
3.841732 0.045000 3.557038 0.045000 2.603845 0.045000 2.781057 0.045000 2.906955 0.045000 3.758979 0.225000 7.670096 0.045000 7.477726 0.045000 7.143754 0.225000 7.132057 0.045000
3.834928 0.045000 3.662395 0.045000 2.571206 0.045000 2.789109 0.045000 2.953950 0.045000 2.908061 0.045000 7.677215 0.045000 7.472389 0.045000 7.139042 0.045000 7.160723 0.045000
3.970230 0.045000 3.695223 0.045000 2.475039 0.045000 2.805420 0.045000 2.890396 0.045000 2.938530 0.045000 7.632500 0.045000 7.646330 0.045000 7.166307 0.225000 7.233142 0.045000
3.850295 0.045000 3.744293 0.045000 2.683152 0.225000 2.723092 0.045000 2.971787 0.045000 2.875934 0.045000 7.626231 0.045000 7.645812 0.045000 7.079330 0.045000 7.130316 0.045000
3.968283 0.045000 4.053320 0.225000 2.467322 0.045000 2.771329 0.045000 2.952880 0.045000 2.925655 0.045000 7.739732 0.045000 8.067568 0.225000 7.173631 0.045000 7.161947 0.045000
4.067197 0.045000 3.797700 0.045000 2.376651 0.045000 2.634398 0.045000 2.870769 0.045000 2.867215 0.045000 7.818759 0.045000 7.643138 0.045000 7.107733 0.045000 7.152942 0.045000
4.022908 0.045000 3.684198 0.045000 2.467458 0.045000 2.632203 0.045000 2.934024 0.045000 2.895563 0.045000 7.739854 0.045000 7.580117 0.045000 6.973787 0.045000 7.088869 0.045000
3.943072 0.045000 3.761655 0.045000 2.389360 0.045000 2.656499 0.045000 2.972045 0.045000 2.897334 0.045000 7.771971 0.045000 7.683709 0.045000 7.043084 0.045000 7.073506 0.045000
4.040899 0.045000 3.847672 0.045000 2.337948 0.225000 2.668647 0.045000 3.008427 0.045000 2.899871 0.045000 7.776093 0.045000 7.957799 0.225000 7.021902 0.045000 7.071655 0.045000
4.037457 0.045000 3.796586 0.045000 2.300530 0.045000 2.550315 0.045000 3.038194 0.045000 2.906953 0.045000 7.737786 0.045000 7.596785 0.045000 7.742797 0.225000 7.092985 0.045000
4.067386 0.045000 3.892699 0.045000 2.232956 0.045000 2.584425 0.045000 2.919447 0.045000 2.884210 0.045000 7.860464 0.045000 7.638688 0.045000 7.024942 0.045000 7.035235 0.045000
4.155082 0.045000 3.897641 0.045000 2.239230 0.045000 2.482077 0.045000 3.051918 0.045000 3.006993 0.045000 7.870116 0.045000 7.696196 0.045000 6.961459 0.045000 7.121070 0.045000
4.255658 0.225000 3.908435 0.045000 2.153383 0.045000 2.464369 0.045000 3.048607 0.045000 3.324856 0.225000 7.893681 0.045000 7.722743 0.045000 6.972442 0.045000 7.080325 0.045000
4.214569 0.225000 3.937011 0.045000 2.211821 0.045000 2.456658 0.045000 3.072486 0.045000 2.928161 0.045000 7.842788 0.045000 7.678882 0.045000 6.977835 0.045000 7.011566 0.045000
4.691773 0.225000 3.983056 0.045000 2.092909 0.045000 2.415316 0.045000 3.021391 0.045000 2.986955 0.045000 7.807913 0.045000 7.839704 0.225000 6.990389 0.045000 7.047152 0.045000
4.310842 0.045000 4.007704 0.045000 2.084486 0.045000 2.375295 0.045000 3.023683 0.045000 3.220242 0.225000 7.919131 0.045000 7.724905 0.045000 6.966209 0.045000 6.983700 0.045000
4.307439 0.045000 4.028063 0.045000 2.093895 0.045000 2.289388 0.045000 3.056848 0.045000 3.045668 0.045000 7.913042 0.045000 7.774837 0.045000 6.922006 0.045000 7.020194 0.045000
4.417282 0.045000 4.125226 0.045000 2.058339 0.045000 2.322815 0.045000 3.648957 0.225000 2.964528 0.045000 7.923242 0.045000 7.779828 0.045000 6.901780 0.045000 6.989336 0.045000
4.359782 0.045000 4.115016 0.045000 2.076739 0.045000 3.491820 0.225000 3.078866 0.045000 2.920748 0.045000 8.818564 0.225000 7.827331 0.045000 6.996791 0.045000 7.014293 0.045000
4.370514 0.045000 4.090338 0.045000 3.150705 0.225000 2.227637 0.045000 3.025984 0.045000 3.062586 0.045000 7.997876 0.045000 7.907249 0.045000 6.906383 0.045000 6.994458 0.045000
4.439157 0.045000 4.220585 0.045000 2.043842 0.045000 2.230605 0.045000 3.137707 0.045000 2.917267 0.045000 7.930456 0.045000 7.865657 0.045000 6.937866 0.045000 6.915323 0.045000
4.425200 0.045000 4.242089 0.045000 1.912087 0.045000 2.169431 0.045000 3.076836 0.045000 3.005112 0.045000 7.936221 0.045000 7.822762 0.045000 6.926108 0.045000 6.964137 0.045000
4.587376 0.045000 4.014725 0.225000 2.614059 0.225000 2.175146 0.045000 3.502338 0.225000 3.003101 0.045000 8.047273 0.045000 7.901537 0.045000 6.870162 0.045000 7.077962 0.225000
4.715640 0.225000 4.253408 0.045000 1.930949 0.045000 2.130273 0.045000 3.110851 0.045000 3.059036 0.045000 8.017443 0.045000 7.834826 0.045000 7.568314 0.225000 6.915754 0.045000
4.567834 0.045000 4.256172 0.045000 1.879461 0.045000 2.077354 0.045000 3.207930 0.045000 3.074036 0.045000 8.052426 0.045000 7.887078 0.045000 6.881524 0.045000 6.928605 0.045000
4.508362 0.045000 4.275725 0.045000 1.882331 0.045000 2.092496 0.045000 3.184382 0.045000 3.087419 0.045000 8.028562 0.045000 7.984334 0.045000 6.835119 0.045000 6.935271 0.045000
4.552542 0.045000 4.292694 0.045000 1.898437 0.045000 2.080998 0.045000 3.188957 0.045000 3.030753 0.045000 8.076809 0.045000 8.523582 0.225000 6.822587 0.045000 6.964871 0.045000
4.736158 0.045000 4.360234 0.045000 1.712788 0.045000 2.067096 0.045000 3.155878 0.045000 3.088739 0.045000 8.047836 0.045000 7.953286 0.045000 6.837442 0.045000 6.971393 0.045000
4.704209 0.045000 4.475852 0.045000 1.805095 0.045000 2.077849 0.045000 3.237199 0.045000 3.129572 0.045000 8.097152 0.045000 7.993774 0.045000 7.531159 0.225000 6.829595 0.045000
4.610584 0.045000 4.405830 0.045000 1.695439 0.045000 2.245239 0.225000 3.259993 0.045000 3.081756 0.045000 8.070989 0.045000 7.938824 0.045000 6.897385 0.045000 6.986971 0.045000
4.698662 0.045000 4.534531 0.045000 1.678008 0.045000 1.947512 0.045000 3.249002 0.045000 3.115822 0.045000 7.950662 0.225000 7.951794 0.045000 6.790166 0.045000 6.865123 0.045000
4.754667 0.045000 4.507713 0.045000 1.717914 0.045000 1.933583 0.045000 3.625282 0.225000 3.087085 0.045000 8.173365 0.045000 7.953135 0.045000 6.883324 0.045000 6.964824 0.045000
4.773455 0.225000 4.506424 0.045000 1.728867 0.225000 1.891082 0.045000 3.208014 0.045000 3.245750 0.225000 8.166939 0.045000 8.060673 0.045000 6.700317 0.045000 6.929678 0.045000
4.843346 0.045000 4.595057 0.045000 1.640038 0.045000 1.935161 0.045000 3.328980 0.045000 3.168160 0.045000 8.165656 0.045000 7.990817 0.045000 6.873845 0.045000 6.898599 0.045000
4.751851 0.225000 4.557812 0.045000 2.310596 0.225000 1.938797 0.045000 3.511282 0.225000 3.156988 0.045000 8.157234 0.045000 8.028321 0.045000 6.804377 0.045000 6.772031 0.045000
4.752061 0.045000 4.611509 0.045000 1.572461 0.045000 1.861923 0.045000 3.805070 0.225000 3.158873 0.045000 8.227357 0.045000 7.974310 0.225000 6.837035 0.045000 6.876457 0.045000
4.852715 0.045000 4.568654 0.045000 1.631684 0.045000 1.922805 0.045000 3.323639 0.045000 3.199277 0.045000 8.154300 0.045000 8.054824 0.045000 6.806593 0.045000 6.913724 0.045000
4.889112 0.045000 4.531834 0.045000 1.575501 0.045000 1.814962 0.045000 3.253243 0.045000 3.140802 0.045000 8.232973 0.045000 8.088546 0.045000 6.827462 0.045000 6.900510 0.045000
4.772822 0.045000 5.378151 0.225000 1.568103 0.045000 1.815478 0.045000 3.625837 0.225000 3.135340 0.045000 8.293996 0.045000 8.100666 0.045000 6.770879 0.045000 6.881302 0.045000
4.933937 0.045000 4.612778 0.045000 1.582627 0.045000 1.766812 0.045000 3.319898 0.045000 3.201072 0.045000 8.165228 0.045000 8.035705 0.045000 6.816802 0.045000 6.839322 0.045000
4.940847 0.045000 4.668849 0.045000 1.571398 0.045000 1.756532 0.045000 3.257359 0.045000 3.296901 0.045000 8.242049 0.045000 8.104260 0.045000 7.370042 0.225000 6.826695 0.045000
4.960706 0.045000 4.710347 0.045000 1.600863 0.045000 1.736535 0.045000 3.365479 0.045000 3.185984 0.045000 8.223702 0.045000 8.176787 0.045000 6.838192 0.045000 6.753573 0.045000
4.943560 0.045000 4.760015 0.045000 1.543178 0.045000 1.734225 0.045000 3.409090 0.045000 3.150510 0.045000 8.215579 0.045000 8.196428 0.045000 6.784703 0.045000 6.872361 0.045000
5.907745 0.225000 4.756640 0.045000 1.518462 0.045000 1.724928 0.045000 3.385424 0.045000 3.277340 0.045000 8.288106 0.045000 8.207972 0.045000 6.764293 0.045000 6.811111 0.045000
5.018407 0.045000 4.688486 0.225000 1.443131 0.045000 1.656470 0.045000 3.443779 0.045000 3.284499 0.045000 8.338458 0.045000 8.148247 0.045000 6.857065 0.045000 6.798908 0.045000
4.969337 0.045000 4.791442 0.045000 1.361588 0.045000 1.646410 0.045000 3.359112 0.045000 3.244343 0.045000 8.353981 0.045000 8.134828 0.045000 6.769331 0.045000 6.848304 0.045000
4.975656 0.045000 4.847567 0.045000 1.887699 0.225000 1.673910 0.045000 3.311322 0.045000 3.276145 0.045000 8.341151 0.045000 8.198724 0.045000 6.777585 0.045000 6.782737 0.045000
5.007455 0.045000 4.784034 0.045000 1.459044 0.045000 1.652704 0.045000 3.353864 0.045000 3.274980 0.045000 8.294870 0.045000 8.383212 0.225000 6.820787 0.045000 6.794676 0.045000
5.111314 0.045000 4.835730 0.045000 1.426360 0.045000 1.611050 0.045000 3.451687 0.045000 3.291232 0.045000 8.290640 0.045000 8.150807 0.045000 6.790328 0.045000 6.779544 0.045000
5.060007 0.045000 4.872560 0.045000 1.360073 0.045000 1.617894 0.045000 3.423262 0.045000 3.392716 0.225000 8.308406 0.045000 8.154822 0.045000 6.812595 0.045000 6.810892 0.045000
5.029652 0.045000 4.879557 0.045000 1.452801 0.045000 1.610059 0.045000 3.443219 0.045000 3.276991 0.045000 8.362486 0.045000 8.270469 0.045000 6.795323 0.045000 6.798403 0.045000
5.148851 0.045000 4.853792 0.045000 1.468920 0.045000 1.555943 0.045000 3.406529 0.045000 3.314062 0.045000 8.335324 0.045000 8.229831 0.045000 6.722105 0.045000 6.884700 0.045000
5.647430 0.225000 4.858851 0.045000 1.475918 0.045000 1.564599 0.045000 3.478494 0.045000 3.295910 0.045000 8.398613 0.045000 8.207636 0.045000 7.153528 0.225000 6.841296 0.045000
5.160593 0.045000 4.849777 0.045000 1.919501 0.225000 1.610843 0.045000 3.419475 0.045000 3.398701 0.045000 8.437960 0.045000 8.866759 0.225000 6.725227 0.045000 7.250209 0.225000
5.121051 0.045000 4.881648 0.045000 1.294570 0.045000 1.581395 0.045000 4.061988 0.225000 3.447590 0.045000 8.378649 0.045000 8.253350 0.045000 6.783373 0.045000 6.874431 0.045000
5.226995 0.045000 4.849379 0.045000 1.370406 0.045000 1.575693 0.045000 3.435695 0.045000 3.319643 0.045000 8.367895 0.045000 8.533896 0.225000 6.732187 0.045000 6.794793 0.045000
5.130518 0.045000 4.948930 0.045000 1.266627 0.045000 1.534213 0.045000 3.477678 0.045000 3.254265 0.045000 8.363264 0.045000 8.215652 0.045000 6.743318 0.225000 6.808841 0.045000
5.174409 0.045000 4.881694 0.045000 1.272705 0.045000 1.478610 0.045000 3.509578 0.045000 3.341125 0.045000 8.478041 0.045000 8.475135 0.225000 6.760942 0.045000 6.716808 0.045000
5.169414 0.045000 4.946338 0.045000 1.345491 0.045000 1.570982 0.045000 3.504643 0.045000 3.412662 0.045000 8.348693 0.045000 8.181701 0.045000 6.757203 0.045000 6.723243 0.045000
5.215572 0.045000 4.913730 0.045000 1.315103 0.045000 1.517791 0.045000 3.570104 0.045000 3.407122 0.045000 8.674842 0.225000 8.248775 0.045000 6.780852 0.045000 6.858040 0.045000
5.944864 0.225000 4.958247 0.045000 1.309542 0.045000 1.469264 0.045000 3.599244 0.045000 3.304186 0.045000 8.440416 0.045000 8.279514 0.045000 6.717684 0.045000 6.815586 0.045000
5.270828 0.045000 5.018012 0.045000 1.332067 0.045000 1.408832 0.045000 3.531851 0.045000 3.370720 0.045000 8.366051 0.045000 8.248748 0.045000 6.706900 0.045000 6.754846 0.045000
5.116959 0.045000 5.735506 0.225000 1.309070 0.045000 1.475597 0.045000 3.543553 0.045000 3.358043 0.045000 8.453709 0.045000 8.264956 0.045000 6.625804 0.045000 6.798558 0.045000
5.225872 0.045000 4.959645 0.045000 1.306320 0.045000 1.408286 0.045000 3.523534 0.045000 3.307503 0.045000 8.434379 0.045000 8.508750 0.225000 6.805471 0.045000 6.731435 0.045000
5.210102 0.045000 4.949993 0.045000 1.269074 0.045000 1.435579 0.045000 3.555696 0.045000 3.385414 0.045000 8.466321 0.045000 8.376882 0.045000 6.707666 0.045000 6.847992 0.045000
5.267262 0.045000 4.917741 0.045000 1.275008 0.045000 1.451557 0.045000 3.559175 0.045000 3.461793 0.045000 8.488746 0.225000 8.305515 0.045000 6.691680 0.225000 6.761999 0.045000
5.164832 0.225000 4.982772 0.045000 1.272500 0.045000 1.422329 0.045000 3.483237 0.045000 3.497388 0.045000 8.458933 0.045000 8.493304 0.225000 7.245679 0.225000 6.722478 0.045000
5.230198 0.045000 5.001210 0.045000 1.255396 0.045000 1.405102 0.045000 3.537872 0.045000 3.421259 0.045000 8.399844 0.045000 8.332254 0.045000 6.731337 0.045000 6.782943 0.045000
5.202279 0.045000 4.995746 0.045000 1.226775 0.045000 1.577542 0.045000 3.599614 0.045000 3.405993 0.045000 8.447108 0.045000 8.304269 0.045000 6.663609 0.045000 6.830109 0.045000
5.303767 0.045000 5.069019 0.045000 1.761175 0.225000 1.443527 0.045000 3.560137 0.045000 3.445615 0.045000 8.414677 0.045000 8.328150 0.045000 6.632224 0.045000 6.667701 0.045000
5.240609 0.045000 5.036233 0.045000 1.332986 0.045000 1.392486 0.045000 3.586729 0.225000 3.428985 0.045000 9.747848 0.225000 8.403429 0.045000 6.680491 0.045000 6.764775 0.045000
5.244133 0.045000 5.088677 0.045000 1.240582 0.045000 1.404212 0.045000 3.539264 0.045000 3.444189 0.045000 8.376160 0.045000 8.356701 0.045000 6.722336 0.045000 6.756930 0.045000
5.305476 0.045000 5.087369 0.045000 1.181418 0.045000 1.361873 0.045000 3.491362 0.045000 3.378142 0.045000 8.414919 0.045000 8.389126 0.045000 6.678861 0.045000 6.835099 0.045000
5.421965 0.225000 5.107502 0.045000 1.253644 0.045000 1.420901 0.045000 3.470846 0.045000 3.458683 0.045000 8.410204 0.045000 8.376680 0.045000 6.643756 0.045000 6.760766 0.045000
5.344107 0.045000 5.075071 0.045000 1.272247 0.045000 1.348043 0.045000 3.544407 0.045000 3.492515 0.045000 8.402884 0.045000 8.379364 0.045000 6.623991 0.045000 6.822869 0.045000
5.337617 0.045000 5.191250 0.045000 1.924077 0.225000 1.349282 0.045000 3.533608 0.045000 3.523043 0.045000 8.440354 0.045000 8.380547 0.045000 6.591671 0.045000 6.794396 0.045000
5.313479 0.045000 5.103550 0.045000 1.337652 0.045000 1.331693 0.045000 3.578763 0.225000 3.527112 0.045000 8.406385 0.045000 8.429979 0.045000 6.640564 0.045000 6.782863 0.045000
5.292582 0.045000 5.161929 0.045000 1.323544 0.045000 1.283040 0.045000 3.409182 0.045000 3.501945 0.045000 8.369024 0.045000 8.390954 0.045000 6.540510 0.045000 6.783369 0.045000
5.390849 0.045000 5.156614 0.045000 1.663797 0.225000 1.277233 0.045000 3.516177 0.045000 3.602959 0.045000 8.351578 0.045000 8.422953 0.045000 6.518730 0.045000 6.745077 0.045000
5.442826 0.045000 5.366336 0.225000 1.289895 0.045000 1.291671 0.045000 3.507544 0.045000 3.534358 0.045000 8.395872 0.045000 8.029663 0.225000 6.566204 0.045000 6.716163 0.045000
5.362068 0.045000 5.182309 0.045000 1.297994 0.045000 1.323814 0.045000 3.390549 0.045000 3.521251 0.045000 8.314969 0.045000 8.484907 0.045000 6.507837 0.045000 6.711833 0.045000
5.435216 0.045000 5.217567 0.045000 1.290951 0.045000 1.269403 0.045000 3.418687 0.045000 3.556411 0.045000 8.979666 0.225000 8.608322 0.225000 6.465310 0.045000 6.692055 0.045000
5.319452 0.045000 5.289220 0.045000 1.337379 0.045000 1.219342 0.045000 3.508604 0.225000 3.576458 0.045000 8.351996 0.045000 8.380371 0.045000 6.481318 0.045000 6.695215 0.045000
5.365695 0.045000 5.304755 0.045000 1.319802 0.045000 1.257870 0.045000 3.399550 0.045000 3.487796 0.045000 8.383867 0.045000 8.392690 0.045000 6.458401 0.045000 6.687260 0.045000
5.413221 0.045000 5.323655 0.045000 1.473777 0.045000 1.381039 0.045000 3.388109 0.045000 3.471576 0.045000 8.220278 0.045000 8.507404 0.045000 6.320995 0.045000 6.628029 0.045000
5.407993 0.045000 5.332024 0.045000 1.433435 0.045000 1.583491 0.225000 3.366094 0.045000 4.147192 0.225000 8.252640 0.045000 8.324730 0.045000 6.290777 0.045000 6.651055 0.045000
5.459214 0.045000 5.376961 0.225000 1.607218 0.225000 1.297561 0.045000 3.266109 0.045000 3.525647 0.045000 8.177732 0.225000 8.332286 0.045000 6.303221 0.045000 6.545520 0.045000
5.366992 0.045000 5.344480 0.045000 1.484928 0.045000 1.273558 0.045000 3.414951 0.045000 3.474722 0.045000 8.260957 0.045000 8.311260 0.045000 6.328911 0.045000 6.509628 0.045000
5.468573 0.045000 5.414344 0.045000 1.511527 0.045000 1.349721 0.045000 3.280237 0.045000 3.405280 0.045000 8.198716 0.045000 8.337476 0.045000 6.246962 0.045000 6.533040 0.225000
5.412630 0.045000 5.402413 0.045000 1.556003 0.045000 1.301025 0.045000 3.244013 0.045000 3.367867 0.045000 8.146956 0.045000 8.425655 0.045000 6.287333 0.045000 6.848076 0.225000
5.482855 0.045000 5.402796 0.045000 1.574690 0.045000 2.497218 0.225000 3.619789 0.225000 3.370398 0.045000 8.162184 0.045000 8.218795 0.045000 6.282579 0.045000 6.401850 0.045000
5.421518 0.045000 5.406810 0.045000 1.580326 0.045000 1.328878 0.045000 3.270947 0.045000 3.353072 0.045000 8.126462 0.045000 8.277880 0.045000 6.193329 0.045000 6.435008 0.045000
5.359151 0.045000 5.429235 0.045000 1.673622 0.045000 1.377047 0.045000 3.248322 0.045000 3.338955 0.045000 8.055302 0.045000 8.280537 0.045000 6.109427 0.045000 6.457448 0.045000
5.697404 0.225000 5.405631 0.045000 1.598935 0.045000 1.389619 0.045000 3.199979 0.045000 3.263746 0.045000 8.038695 0.045000 8.280624 0.045000 6.144765 0.045000 6.346769 0.045000
5.459754 0.045000 5.401071 0.045000 1.624175 0.045000 1.414144 0.045000 3.061578 0.045000 3.289713 0.045000 7.956196 0.045000 8.135910 0.045000 6.113285 0.045000 6.308005 0.045000
5.542032 0.045000 5.348807 0.045000 2.092861 0.225000 1.470933 0.045000 3.061888 0.045000 3.329541 0.045000 8.614119 0.225000 8.222662 0.045000 6.097446 0.045000 6.332586 0.045000
5.466977 0.045000 5.422952 0.045000 1.759128 0.045000 1.455848 0.045000 3.075641 0.045000 3.353017 0.045000 7.949994 0.045000 8.082238 0.225000 5.973117 0.045000 6.117675 0.225000
5.428452 0.045000 5.429881 0.045000 1.804089 0.045000 1.511768 0.045000 3.034531 0.045000 3.299682 0.045000 7.992215 0.045000 8.224257 0.045000 5.854930 0.225000 6.303688 0.045000
5.587737 0.045000 5.453358 0.045000 1.777005 0.045000 1.501619 0.045000 3.046002 0.045000 3.277447 0.045000 7.918679 0.045000 8.146934 0.045000 5.952105 0.045000 6.214758 0.045000
5.469466 0.045000 5.414341 0.045000 1.874781 0.225000 1.572631 0.045000 3.033458 0.045000 3.201585 0.045000 7.890736 0.045000 8.538636 0.225000 5.985128 0.045000 6.194437 0.045000
5.548787 0.045000 5.491681 0.045000 1.819195 0.045000 1.578841 0.045000 3.004837 0.045000 3.268069 0.225000 7.919841 0.045000 8.096471 0.045000 5.967062 0.045000 6.141866 0.045000
5.510091 0.045000 5.487724 0.045000 1.932990 0.225000 1.610276 0.045000 2.960868 0.045000 3.271531 0.045000 8.143239 0.225000 8.465763 0.225000 5.860692 0.045000 6.158491 0.045000
5.528812 0.045000 5.480395 0.045000 1.904021 0.045000 1.538421 0.045000 3.011212 0.045000 3.090106 0.045000 7.791091 0.045000 8.113401 0.045000 5.885134 0.045000 6.067554 0.045000
5.552398 0.045000 5.480312 0.045000 1.930267 0.045000 1.673920 0.045000 2.922984 0.045000 3.135212 0.045000 8.127671 0.225000 7.955098 0.045000 5.769572 0.045000 6.054215 0.225000
5.552795 0.045000 5.522681 0.045000 1.932481 0.045000 1.719105 0.045000 2.929989 0.045000 3.088910 0.045000 7.816080 0.045000 8.018275 0.045000 5.762596 0.045000 6.041598 0.045000
5.619320 0.045000 5.451830 0.045000 1.965539 0.045000 1.745450 0.045000 2.975071 0.045000 3.055728 0.045000 7.778561 0.225000 7.993857 0.045000 5.765278 0.045000 6.048313 0.045000
5.529145 0.045000 5.434336 0.045000 1.985844 0.045000 1.757292 0.045000 2.850631 0.045000 3.112300 0.045000 7.722145 0.045000 7.902940 0.045000 5.746610 0.045000 5.923256 0.045000
5.536190 0.045000 5.546763 0.045000 2.177122 0.225000 1.808513 0.045000 2.901489 0.045000 3.036411 0.045000 7.703216 0.045000 8.312866 0.225000 5.739765 0.045000 5.930662 0.045000
5.625578 0.045000 5.542151 0.045000 2.048505 0.045000 1.785299 0.045000 2.870257 0.045000 2.994321 0.045000 7.857967 0.045000 7.982973 0.225000 5.706505 0.045000 5.912369 0.045000
5.597464 0.045000 5.554714 0.045000 2.059914 0.045000 2.286346 0.225000 2.800915 0.045000 3.023677 0.045000 7.694926 0.045000 7.878807 0.045000 5.714917 0.045000 5.920969 0.045000
5.743877 0.225000 5.452524 0.045000 2.080575 0.045000 1.812464 0.045000 2.830236 0.225000 2.935685 0.045000 7.700348 0.045000 7.768582 0.045000 5.637687 0.045000 5.925015 0.045000
5.626979 0.045000 5.558608 0.045000 2.140008 0.045000 1.868309 0.045000 2.791661 0.045000 2.960835 0.045000 7.700826 0.045000 7.869310 0.045000 5.637102 0.045000 5.849468 0.045000
5.629602 0.045000 5.547817 0.045000 2.077706 0.045000 1.925173 0.045000 2.787318 0.045000 3.061180 0.225000 7.630641 0.045000 7.829377 0.045000 6.471114 0.225000 5.815175 0.045000
5.611880 0.045000 5.611024 0.045000 2.198036 0.045000 1.974527 0.045000 2.939816 0.045000 2.968411 0.045000 7.775712 0.225000 7.796735 0.045000 5.531315 0.045000 5.792455 0.045000
5.611499 0.045000 5.540624 0.045000 2.177031 0.045000 1.916384 0.045000 2.759280 0.045000 2.937488 0.045000 7.679511 0.045000 7.800360 0.045000 5.475315 0.045000 5.594130 0.225000
5.673466 0.045000 5.618081 0.045000 2.145195 0.045000 1.894525 0.045000 2.763521 0.045000 2.898914 0.045000 7.631055 0.045000 7.758397 0.045000 5.452447 0.045000 5.784942 0.045000
5.628549 0.045000 5.570112 0.045000 2.234695 0.045000 1.986155 0.045000 2.736277 0.045000 2.901840 0.045000 7.602430 0.045000 7.732338 0.045000 5.534575 0.045000 5.695174 0.045000
5.682705 0.045000 5.556029 0.045000 2.234962 0.045000 2.000290 0.045000 2.708351 0.045000 2.909130 0.045000 7.577715 0.045000 7.742097 0.045000 5.470204 0.045000 5.670383 0.045000
5.713332 0.045000 5.630422 0.045000 2.302288 0.045000 1.970749 0.045000 2.705080 0.045000 2.858758 0.045000 7.512522 0.045000 7.766921 0.045000 5.495478 0.045000 5.722626 0.045000
5.688294 0.045000 5.472463 0.045000 2.276326 0.045000 2.014456 0.045000 2.737824 0.045000 2.898742 0.045000 7.544989 0.045000 7.663069 0.045000 5.807099 0.225000 5.948836 0.225000
5.674190 0.045000 5.587352 0.045000 2.221542 0.045000 2.042631 0.045000 2.953744 0.225000 2.830637 0.045000 7.478139 0.045000 7.701562 0.225000 5.466689 0.045000 5.660181 0.045000
5.671930 0.045000 5.525580 0.045000 2.283446 0.045000 2.034081 0.045000 2.748647 0.045000 2.810721 0.045000 7.493658 0.045000 7.677786 0.045000 5.314335 0.045000 5.598008 0.045000
5.689003 0.045000 5.618303 0.045000 2.835935 0.225000 2.099654 0.045000 2.693949 0.045000 3.212845 0.225000 7.397638 0.045000 7.598872 0.045000 5.310263 0.045000 5.898194 0.225000
5.755516 0.045000 5.550248 0.045000 2.351732 0.045000 2.097462 0.045000 2.582388 0.045000 2.813429 0.045000 7.464973 0.045000 7.664149 0.045000 5.371935 0.045000 5.599461 0.045000
5.685826 0.045000 5.617214 0.045000 2.365319 0.045000 2.095350 0.045000 2.701489 0.225000 2.823098 0.045000 7.395379 0.045000 7.624251 0.045000 5.340496 0.045000 5.665495 0.045000
5.708146 0.045000 5.628486 0.045000 2.298309 0.045000 2.124061 0.045000 2.732062 0.045000 2.783828 0.045000 7.435141 0.045000 7.554034 0.045000 5.285509 0.045000 5.622286 0.045000
5.713823 0.045000 5.624897 0.045000 2.345538 0.045000 2.155204 0.045000 2.455654 0.225000 3.380677 0.225000 7.441080 0.045000 7.647504 0.045000 5.277936 0.045000 5.547218 0.045000
5.795444 0.045000 5.584351 0.045000 2.422744 0.045000 2.106111 0.045000 2.633645 0.045000 2.787374 0.045000 7.394323 0.045000 7.555878 0.045000 5.358001 0.045000 6.099712 0.225000
5.713452 0.045000 5.620398 0.045000 2.408078 0.045000 2.179540 0.045000 2.613673 0.045000 2.772741 0.045000 8.198176 0.225000 7.570780 0.045000 5.289063 0.045000 5.508941 0.045000
5.760451 0.045000 5.727270 0.045000 2.406912 0.045000 2.166530 0.045000 2.635821 0.045000 2.762359 0.045000 7.374586 0.045000 7.572029 0.045000 5.296924 0.045000 5.525070 0.045000
5.722948 0.045000 5.673268 0.045000 2.447337 0.045000 2.188434 0.045000 2.575933 0.045000 2.791239 0.045000 7.282279 0.045000 7.629105 0.045000 5.294169 0.045000 5.506027 0.045000
5.760290 0.045000 5.624366 0.045000 2.408762 0.045000 2.168054 0.045000 2.579726 0.045000 2.781720 0.045000 7.420860 0.045000 7.549451 0.045000 6.242298 0.225000 5.436554 0.045000
5.775778 0.225000 6.070566 0.225000 2.459082 0.045000 2.225854 0.045000 2.532198 0.045000 2.733747 0.045000 7.328283 0.045000 7.509705 0.045000 5.262637 0.045000 5.458027 0.045000
5.704177 0.045000 5.626877 0.045000 2.459000 0.045000 2.227728 0.045000 2.556902 0.045000 3.469390 0.225000 7.297612 0.045000 7.509298 0.045000 5.203638 0.045000 5.386155 0.225000
5.788021 0.045000 5.659268 0.045000 2.491606 0.045000 2.263100 0.045000 2.524263 0.045000 2.683322 0.225000 7.340259 0.045000 7.536817 0.045000 5.148122 0.045000 5.437924 0.045000
5.729066 0.045000 5.732040 0.045000 2.437515 0.045000 2.329366 0.045000 2.607873 0.045000 2.863363 0.225000 7.291487 0.225000 7.495726 0.045000 5.216717 0.045000 5.435209 0.045000
5.792275 0.045000 5.693571 0.045000 2.536298 0.045000 2.211412 0.045000 2.586874 0.045000 2.731468 0.045000 7.332825 0.045000 7.520713 0.045000 5.142790 0.045000 5.352569 0.045000
5.795538 0.045000 5.695664 0.045000 2.535150 0.045000 2.221920 0.045000 2.584393 0.045000 2.783430 0.225000 7.330528 0.045000 7.510734 0.045000 5.231366 0.045000 5.364445 0.045000
5.738854 0.045000 5.761028 0.045000 2.525389 0.045000 2.345785 0.045000 2.642514 0.225000 2.602235 0.045000 7.319385 0.045000 7.546127 0.045000 5.235537 0.045000 5.423662 0.045000
5.803321 0.045000 5.652751 0.045000 2.541724 0.045000 2.362038 0.045000 2.543823 0.045000 2.681590 0.045000 7.338485 0.045000 7.480302 0.045000 5.097155 0.045000 5.415350 0.045000
5.787905 0.045000 5.681495 0.045000 2.575078 0.045000 2.370524 0.045000 2.462567 0.045000 2.723915 0.045000 7.228022 0.045000 7.479823 0.045000 5.192545 0.045000 5.382534 0.045000
6.393126 0.225000 5.685075 0.045000 2.505899 0.045000 2.962908 0.225000 2.531906 0.045000 2.717146 0.045000 7.543475 0.225000 7.470641 0.045000 5.188290 0.045000 5.417962 0.045000
7.552761 0.225000 5.822362 0.225000 2.567195 0.045000 2.348070 0.045000 2.504389 0.045000 2.687055 0.045000 7.310306 0.045000 7.502704 0.045000 5.138967 0.045000 5.351801 0.045000
5.800143 0.045000 5.723216 0.045000 2.604849 0.045000 2.310007 0.045000 2.506420 0.045000 2.638291 0.045000 7.244383 0.045000 7.482389 0.045000 5.079751 0.045000 5.393339 0.045000
5.862471 0.045000 5.621442 0.045000 2.629994 0.045000 2.414326 0.045000 2.517795 0.045000 2.630131 0.045000 7.253036 0.045000 7.418213 0.045000 5.098218 0.045000 5.270240 0.045000
5.825547 0.045000 5.767762 0.045000 2.668261 0.045000 2.435128 0.045000 2.451296 0.045000 2.673744 0.045000 7.308959 0.045000 7.441687 0.045000 5.145774 0.045000 5.348052 0.045000
5.872027 0.045000 5.714023 0.045000 2.571201 0.045000 2.374247 0.045000 2.502571 0.045000 2.636994 0.045000 7.277738 0.045000 7.471537 0.045000 5.086694 0.045000 5.296945 0.045000
5.738730 0.045000 5.777674 0.225000 2.629717 0.045000 2.377365 0.045000 2.491249 0.045000 2.589237 0.045000 7.234168 0.045000 7.979451 0.225000 5.078686 0.045000 5.346145 0.045000
6.183293 0.225000 5.760799 0.045000 2.518307 0.045000 2.443046 0.045000 2.491376 0.045000 2.670924 0.045000 7.316362 0.045000 7.512039 0.045000 5.138212 0.045000 5.359130 0.045000
5.784448 0.045000 5.701732 0.045000 2.681440 0.045000 2.347783 0.045000 3.079488 0.225000 2.668754 0.045000 7.228651 0.045000 7.494057 0.045000 5.144287 0.045000 5.243277 0.045000
5.814972 0.045000 5.853458 0.045000 2.605424 0.045000 2.481622 0.045000 2.442899 0.045000 2.709499 0.045000 7.268047 0.045000 7.434638 0.045000 5.002555 0.045000 5.381058 0.225000
5.737887 0.045000 5.765312 0.045000 2.664203 0.045000 2.436091 0.225000 2.465839 0.045000 2.677282 0.045000 7.307075 0.045000 7.536175 0.045000 5.114486 0.045000 5.236178 0.045000
5.700161 0.045000 5.886161 0.045000 2.684709 0.045000 2.361745 0.045000 2.438596 0.045000 2.659059 0.045000 7.152806 0.045000 7.488636 0.045000 5.343239 0.225000 5.255980 0.045000
5.753941 0.045000 5.770279 0.045000 2.689021 0.045000 2.439216 0.045000 2.688886 0.225000 2.630285 0.045000 7.361131 0.225000 7.444260 0.045000 5.381997 0.225000 5.221511 0.045000
5.677057 0.045000 5.808850 0.045000 2.625582 0.045000 2.429622 0.045000 2.459468 0.045000 2.647518 0.045000 7.153409 0.045000 7.438091 0.045000 5.059226 0.045000 5.288717 0.045000
5.743341 0.045000 5.776149 0.045000 2.731424 0.045000 2.419311 0.045000 2.427365 0.045000 2.610562 0.045000 7.217474 0.045000 7.343542 0.045000 5.071565 0.045000 5.175071 0.045000
5.639131 0.045000 5.779624 0.045000 2.727791 0.045000 2.442524 0.045000 2.416073 0.045000 2.552243 0.045000 7.056682 0.045000 7.381273 0.045000 4.998136 0.045000 5.202548 0.045000
5.702680 0.045000 5.678242 0.045000 2.717288 0.045000 2.536172 0.045000 2.396012 0.045000 2.578127 0.045000 7.115997 0.045000 7.393923 0.045000 5.845340 0.225000 5.118796 0.045000
5.453136 0.225000 5.728797 0.045000 2.772369 0.045000 2.548819 0.045000 2.332616 0.045000 2.607389 0.045000 7.114624 0.045000 7.377091 0.045000 5.597099 0.225000 5.185292 0.045000
5.643927 0.045000 5.855651 0.045000 2.735540 0.045000 2.208925 0.225000 2.336719 0.045000 2.580659 0.225000 7.014328 0.045000 7.329565 0.045000 5.031760 0.045000 5.175818 0.045000
5.674170 0.045000 5.751902 0.045000 2.775580 0.045000 2.586282 0.045000 2.279343 0.045000 2.572816 0.045000 7.004132 0.045000 7.269842 0.045000 5.025290 0.045000 5.114340 0.045000
5.701914 0.045000 5.627276 0.225000 2.860168 0.045000 2.615201 0.045000 2.253496 0.045000 2.457020 0.045000 7.001362 0.045000 7.251169 0.045000 5.091686 0.045000 5.039365 0.045000
5.577560 0.045000 5.774067 0.045000 2.805364 0.045000 2.598438 0.045000 2.278009 0.045000 2.461353 0.045000 7.009868 0.045000 7.355875 0.225000 5.026928 0.045000 5.023243 0.045000
5.531396 0.045000 5.744371 0.045000 2.872736 0.045000 2.655505 0.045000 2.496093 0.225000 2.452841 0.045000 6.994531 0.045000 7.220243 0.045000 5.008856 0.045000 5.073224 0.045000
5.613188 0.045000 6.686033 0.225000 2.899544 0.045000 2.632290 0.045000 2.203285 0.045000 2.446126 0.045000 6.965476 0.045000 7.157431 0.045000 5.095262 0.045000 5.047283 0.045000
5.564663 0.045000 5.721206 0.045000 2.809417 0.045000 2.706283 0.045000 2.141331 0.045000 2.423811 0.045000 6.869444 0.045000 7.148793 0.045000 5.391883 0.225000 5.056150 0.045000
5.482887 0.045000 5.755908 0.045000 2.909615 0.045000 2.678650 0.045000 2.084639 0.045000 2.322141 0.045000 6.910252 0.045000 7.143833 0.045000 5.089505 0.045000 5.045956 0.045000
5.522634 0.045000 5.731911 0.045000 2.881307 0.045000 2.782987 0.045000 2.084543 0.045000 2.318062 0.045000 6.919350 0.045000 7.058749 0.225000 5.069103 0.045000 5.095847 0.045000
5.487000 0.045000 5.637701 0.045000 2.902269 0.045000 2.774244 0.045000 2.054504 0.045000 2.645482 0.225000 6.883079 0.045000 7.098150 0.045000 5.019505 0.045000 4.986916 0.045000
6.178917 0.225000 5.651372 0.045000 2.941290 0.045000 2.792622 0.045000 1.998336 0.045000 2.221826 0.045000 6.843561 0.045000 7.045049 0.045000 5.057201 0.225000 5.914795 0.225000
5.425380 0.045000 5.620903 0.045000 2.933359 0.045000 2.843177 0.045000 2.005217 0.045000 2.201669 0.045000 6.822243 0.045000 6.977592 0.045000 5.051697 0.045000 5.100769 0.045000
5.358563 0.045000 5.712734 0.045000 2.948735 0.045000 2.821315 0.045000 2.044055 0.045000 2.199538 0.045000 6.827015 0.045000 6.982473 0.045000 5.083862 0.045000 4.920012 0.045000
5.345768 0.045000 5.588650 0.045000 2.993080 0.045000 2.870263 0.045000 2.081664 0.045000 2.468957 0.225000 6.784263 0.045000 6.926560 0.045000 5.158032 0.225000 5.126299 0.045000
5.347224 0.045000 5.494108 0.045000 2.876538 0.045000 2.865064 0.045000 1.887601 0.045000 2.189375 0.045000 6.752401 0.045000 6.945873 0.045000 5.044586 0.045000 5.014098 0.045000
5.344812 0.045000 6.518554 0.225000 2.960278 0.045000 3.414877 0.225000 1.989733 0.045000 2.148033 0.045000 6.730496 0.045000 6.972112 0.225000 5.089219 0.045000 4.969805 0.045000
5.337354 0.045000 5.530682 0.045000 3.024618 0.045000 2.871612 0.045000 1.914084 0.045000 2.126056 0.045000 7.449587 0.225000 6.931831 0.045000 5.225632 0.045000 5.038854 0.045000
5.196626 0.045000 5.532572 0.045000 3.030574 0.045000 2.891381 0.045000 1.822912 0.045000 2.120993 0.045000 6.752189 0.045000 6.876398 0.045000 5.059223 0.045000 5.120495 0.045000
5.196892 0.045000 5.488833 0.045000 2.980188 0.045000 2.990393 0.225000 1.882738 0.045000 2.056990 0.045000 6.684915 0.045000 6.855624 0.045000 5.141423 0.045000 5.045506 0.045000
5.192175 0.045000 5.441367 0.045000 3.086096 0.045000 2.885530 0.045000 1.876848 0.045000 1.993550 0.045000 6.639844 0.045000 6.833382 0.045000 5.101048 0.045000 5.019132 0.045000
5.207199 0.045000 5.465106 0.045000 3.075158 0.045000 2.951453 0.045000 1.759704 0.045000 1.999154 0.045000 6.613421 0.045000 6.773973 0.045000 5.172655 0.045000 5.181468 0.045000
5.123134 0.045000 6.008981 0.225000 3.043545 0.045000 2.902582 0.045000 1.806359 0.045000 2.038262 0.045000 6.671236 0.045000 6.807475 0.045000 5.409510 0.225000 5.128395 0.045000
5.082589 0.045000 5.343860 0.045000 3.049667 0.045000 2.934944 0.045000 1.681527 0.045000 1.854004 0.045000 6.631410 0.045000 6.753278 0.045000 5.130806 0.045000 5.138072 0.045000
5.076967 0.045000 5.297791 0.045000 3.070784 0.045000 3.000417 0.045000 1.730220 0.045000 1.951793 0.045000 6.642334 0.045000 6.784050 0.045000 5.167217 0.045000 5.118493 0.045000
5.070180 0.045000 5.282329 0.045000 3.113647 0.045000 2.915078 0.045000 1.668038 0.225000 1.972252 0.045000 6.460346 0.045000 6.775574 0.045000 5.230558 0.045000 5.352309 0.225000
5.001511 0.045000 5.217499 0.045000 3.143261 0.045000 3.019468 0.045000 1.680871 0.045000 1.876908 0.045000 6.554357 0.045000 6.661867 0.045000 5.265616 0.045000 5.130751 0.045000
5.047761 0.045000 5.172702 0.045000 3.167767 0.045000 3.010097 0.045000 1.650417 0.045000 2.347131 0.225000 6.489262 0.045000 6.615879 0.045000 5.129429 0.045000 5.112886 0.045000
4.962572 0.045000 5.238766 0.045000 3.173400 0.045000 3.104391 0.045000 1.984740 0.225000 1.778748 0.045000 6.424805 0.045000 6.640992 0.045000 5.253389 0.045000 5.160785 0.045000
4.940473 0.045000 5.147409 0.045000 3.179522 0.045000 3.060436 0.045000 1.633051 0.045000 1.942091 0.225000 6.930143 0.225000 6.644123 0.045000 5.169570 0.045000 5.246194 0.045000
4.978863 0.045000 5.129964 0.045000 3.280243 0.045000 3.005526 0.045000 1.624910 0.045000 1.811582 0.045000 6.450532 0.045000 6.580431 0.045000 5.280479 0.045000 5.137493 0.045000
4.871403 0.045000 5.075675 0.045000 3.215713 0.045000 3.096446 0.045000 1.510621 0.045000 1.781360 0.045000 6.417889 0.045000 6.559701 0.045000 5.338056 0.045000 5.159546 0.045000
4.820090 0.045000 5.097722 0.045000 3.308067 0.045000 3.113492 0.045000 1.543894 0.045000 1.729264 0.045000 6.492378 0.045000 6.517079 0.045000 6.633303 0.225000 5.172143 0.045000
4.812335 0.045000 6.049593 0.225000 3.345526 0.045000 3.180809 0.045000 1.524483 0.045000 1.710444 0.045000 6.383663 0.045000 6.513356 0.045000 5.347751 0.045000 5.229651 0.045000
4.850915 0.045000 4.940840 0.045000 3.245412 0.045000 3.103272 0.045000 1.445167 0.045000 1.703987 0.045000 6.423540 0.045000 6.499852 0.045000 5.329787 0.045000 5.138004 0.045000
4.836677 0.045000 5.032526 0.045000 3.271706 0.045000 3.157382 0.045000 1.423378 0.045000 2.269277 0.225000 6.395115 0.045000 6.554546 0.045000 5.318746 0.045000 5.233067 0.045000
4.808212 0.045000 4.966946 0.045000 3.287000 0.045000 3.211708 0.045000 1.577673 0.225000 1.656327 0.045000 6.328892 0.045000 6.548027 0.045000 5.343792 0.045000 5.139183 0.045000
4.772597 0.045000 4.988797 0.045000 3.367790 0.045000 3.085131 0.045000 1.418495 0.045000 1.653121 0.045000 6.312956 0.045000 6.491882 0.045000 5.342784 0.045000 5.217299 0.045000
4.773046 0.045000 5.003402 0.045000 3.327700 0.045000 3.281659 0.045000 1.422785 0.045000 1.640667 0.225000 6.235671 0.045000 6.426084 0.045000 5.344757 0.045000 6.199476 0.225000
4.722862 0.045000 4.981042 0.045000 3.404123 0.045000 3.273880 0.045000 1.322626 0.045000 1.515268 0.045000 6.340763 0.045000 6.376829 0.045000 5.324594 0.045000 5.288563 0.045000
4.694500 0.045000 4.946351 0.045000 3.489618 0.045000 3.785886 0.225000 1.290291 0.045000 1.519608 0.045000 6.265436 0.045000 6.474356 0.045000 5.461731 0.045000 5.308391 0.045000
4.674156 0.045000 4.788723 0.045000 3.455016 0.045000 3.332089 0.045000 1.331284 0.045000 1.447599 0.045000 6.231118 0.225000 6.342122 0.045000 5.361795 0.045000 5.270742 0.045000
5.084859 0.225000 4.857995 0.045000 3.468900 0.045000 3.241781 0.045000 1.372538 0.045000 1.440597 0.045000 6.199766 0.045000 6.358335 0.225000 5.355950 0.045000 5.320546 0.045000
4.591946 0.045000 4.840593 0.045000 3.462696 0.225000 3.403534 0.045000 1.236157 0.225000 1.492259 0.045000 6.200752 0.045000 6.286275 0.045000 5.422325 0.045000 5.241960 0.045000
4.644116 0.045000 4.847119 0.045000 3.506555 0.045000 3.346980 0.045000 1.290868 0.045000 1.442211 0.045000 6.219490 0.045000 6.408936 0.045000 5.384773 0.045000 5.337506 0.045000
4.648575 0.045000 4.726339 0.045000 3.474400 0.045000 3.285541 0.045000 1.230696 0.045000 1.468055 0.045000 6.162377 0.045000 6.333578 0.045000 5.450914 0.045000 5.351327 0.045000
4.530578 0.045000 4.790152 0.045000 3.487795 0.045000 3.403176 0.045000 1.182795 0.045000 1.445997 0.045000 6.186927 0.045000 6.328585 0.045000 5.474011 0.045000 5.347473 0.045000
4.594960 0.045000 4.706221 0.045000 3.556411 0.045000 3.373706 0.045000 1.222446 0.045000 1.293800 0.045000 6.802004 0.225000 6.196646 0.045000 5.376027 0.045000 5.485677 0.225000
4.425909 0.045000 4.655447 0.045000 3.601619 0.045000 3.395872 0.045000 1.173654 0.045000 1.322914 0.045000 6.099790 0.045000 6.303146 0.045000 5.411726 0.045000 5.365529 0.045000
4.505055 0.045000 4.744788 0.045000 3.563415 0.045000 3.354977 0.045000 1.563753 0.225000 1.352599 0.045000 6.364724 0.225000 6.249848 0.045000 6.201913 0.225000 5.388014 0.045000
4.476386 0.045000 4.766515 0.045000 3.683046 0.045000 3.431871 0.045000 1.175961 0.045000 1.350512 0.045000 6.103826 0.045000 6.335496 0.225000 5.575074 0.045000 5.428232 0.225000
4.443483 0.045000 4.601858 0.045000 3.606717 0.045000 3.456558 0.045000 1.039062 0.045000 1.347197 0.045000 6.028366 0.045000 6.159854 0.045000 5.463347 0.045000 5.427770 0.045000
4.402541 0.045000 4.664574 0.045000 3.596529 0.045000 3.584914 0.225000 1.214034 0.045000 1.187300 0.045000 6.401876 0.225000 6.142227 0.045000 5.538433 0.045000 5.446623 0.045000
4.307783 0.045000 4.592885 0.045000 3.695817 0.045000 3.237280 0.225000 1.089451 0.045000 1.222144 0.045000 6.034422 0.045000 6.136159 0.045000 5.599568 0.045000 5.451326 0.045000
4.790777 0.225000 4.578526 0.045000 3.682802 0.045000 3.848602 0.225000 1.138296 0.045000 1.262846 0.045000 5.970347 0.045000 6.184159 0.045000 5.616503 0.225000 5.416318 0.045000
4.292934 0.045000 4.515311 0.045000 4.108461 0.225000 3.495817 0.045000 1.150258 0.045000 1.211315 0.045000 5.997291 0.045000 6.562099 0.225000 5.421591 0.045000 5.419073 0.045000
4.328219 0.045000 4.484591 0.045000 3.706400 0.045000 3.567950 0.045000 1.116002 0.045000 1.218283 0.045000 6.032216 0.045000 6.140768 0.045000 5.503507 0.045000 5.495048 0.045000
4.358501 0.225000 4.515067 0.045000 3.693113 0.045000 3.600798 0.045000 1.224655 0.225000 1.100721 0.045000 6.883571 0.225000 6.134767 0.045000 5.582426 0.045000 5.450836 0.045000
4.181735 0.045000 4.512202 0.045000 3.804651 0.045000 3.561614 0.045000 1.046814 0.045000 1.015968 0.225000 5.900600 0.045000 5.980500 0.045000 5.705281 0.045000 5.495111 0.045000
4.170417 0.045000 5.964777 0.225000 3.864042 0.045000 3.631300 0.045000 1.052469 0.045000 1.198251 0.045000 5.934165 0.045000 6.114550 0.045000 5.617995 0.045000 5.595953 0.045000
4.373243 0.225000 4.519917 0.045000 3.853495 0.045000 3.639290 0.045000 1.002592 0.045000 1.246902 0.045000 5.945237 0.045000 6.040055 0.045000 5.980333 0.225000 5.760401 0.225000
4.189015 0.045000 4.369959 0.045000 3.849449 0.045000 3.632677 0.045000 1.101900 0.045000 1.361941 0.225000 5.952533 0.045000 6.046203 0.045000 5.673311 0.045000 5.510591 0.045000
4.187603 0.045000 4.408484 0.045000 3.885878 0.045000 3.652326 0.045000 1.070862 0.045000 1.047702 0.045000 5.768603 0.045000 6.355683 0.225000 5.726367 0.045000 5.552460 0.045000
4.185878 0.045000 4.333722 0.045000 3.860228 0.045000 3.683005 0.045000 1.107782 0.045000 1.178614 0.045000 6.323007 0.225000 6.029158 0.045000 5.657615 0.045000 5.523203 0.045000
4.159752 0.045000 4.339118 0.045000 3.901234 0.045000 3.694970 0.045000 1.104650 0.045000 1.207652 0.045000 5.868198 0.045000 5.967016 0.045000 5.734681 0.045000 5.558053 0.045000
4.074057 0.045000 4.251404 0.045000 3.977059 0.045000 3.773356 0.045000 1.038875 0.045000 1.061530 0.045000 5.863328 0.225000 5.950892 0.225000 5.707633 0.045000 5.523979 0.045000
4.548150 0.225000 4.324834 0.045000 3.964655 0.045000 3.788688 0.045000 0.998399 0.045000 1.081625 0.045000 5.790146 0.045000 5.916781 0.225000 5.774061 0.045000 5.537892 0.045000
4.020429 0.045000 4.220940 0.045000 3.984798 0.045000 3.424384 0.225000 1.078983 0.045000 1.065854 0.045000 5.737860 0.045000 5.981006 0.045000 5.733252 0.045000 5.567428 0.045000
3.975414 0.045000 4.170016 0.045000 4.003316 0.045000 3.829809 0.045000 0.963610 0.045000 1.677397 0.225000 5.764706 0.045000 5.903527 0.045000 5.724656 0.045000 5.678972 0.045000
4.027251 0.045000 4.209392 0.045000 4.080266 0.045000 3.857860 0.045000 1.055385 0.045000 1.063079 0.045000 5.765265 0.045000 5.970595 0.045000 5.831722 0.045000 5.533254 0.045000
3.946483 0.045000 4.135174 0.045000 4.130479 0.225000 3.826250 0.045000 1.059524 0.045000 1.051300 0.045000 5.790357 0.045000 5.857016 0.045000 5.775342 0.045000 5.677130 0.045000
3.896580 0.045000 4.158020 0.045000 4.108301 0.045000 3.852176 0.045000 1.042411 0.045000 1.129280 0.045000 5.714644 0.045000 5.826505 0.045000 5.750249 0.045000 5.688472 0.045000
3.936835 0.045000 4.132681 0.045000 4.137831 0.045000 3.985513 0.045000 1.078938 0.045000 0.957732 0.045000 5.638603 0.225000 5.911925 0.045000 5.826375 0.045000 5.659331 0.045000
3.898291 0.045000 4.137067 0.045000 4.185324 0.045000 3.959023 0.045000 0.981679 0.045000 0.933920 0.045000 5.754660 0.045000 5.801962 0.045000 5.830573 0.045000 5.682728 0.045000
4.578647 0.225000 4.157395 0.045000 4.131017 0.045000 3.994918 0.045000 1.042441 0.045000 0.978822 0.045000 5.695356 0.045000 5.813528 0.045000 6.507004 0.225000 5.684623 0.045000
3.909810 0.045000 4.067445 0.045000 4.249657 0.045000 3.979026 0.045000 1.044331 0.045000 1.035043 0.045000 5.652103 0.045000 5.731277 0.045000 5.818967 0.045000 5.744444 0.045000
3.809160 0.045000 4.029066 0.045000 4.190975 0.045000 4.060200 0.045000 1.071827 0.045000 1.014915 0.045000 5.699409 0.045000 5.783278 0.045000 5.899703 0.045000 5.810510 0.045000
3.797547 0.045000 4.001322 0.045000 4.153506 0.045000 3.997452 0.045000 1.091197 0.045000 1.009973 0.045000 5.666948 0.045000 5.766847 0.045000 5.962135 0.045000 5.762248 0.045000
3.813155 0.045000 3.957834 0.045000 4.287514 0.045000 4.154459 0.045000 1.098474 0.045000 1.005869 0.045000 5.628425 0.045000 5.747491 0.225000 5.873922 0.045000 6.218900 0.225000
4.339617 0.225000 4.004877 0.045000 4.247597 0.045000 4.131705 0.225000 1.095636 0.045000 1.128526 0.045000 5.782604 0.225000 5.772957 0.045000 5.905240 0.045000 5.750435 0.045000
3.755666 0.045000 3.975138 0.045000 4.275918 0.045000 4.071102 0.045000 1.097653 0.045000 1.107137 0.045000 5.596072 0.045000 5.687990 0.045000 5.942193 0.045000 5.847868 0.045000
3.680753 0.045000 3.906952 0.045000 4.323974 0.045000 4.096796 0.045000 1.104768 0.045000 1.023249 0.045000 5.505890 0.045000 5.727392 0.045000 5.972223 0.045000 5.800704 0.045000
3.639246 0.045000 3.873336 0.045000 4.342723 0.045000 4.163975 0.045000 1.074322 0.045000 0.968981 0.045000 5.477273 0.045000 5.465568 0.225000 6.035542 0.045000 5.802740 0.045000
3.750948 0.225000 3.879231 0.045000 4.401347 0.045000 4.092533 0.045000 1.123276 0.045000 1.074052 0.045000 5.576720 0.045000 5.638999 0.045000 6.039952 0.045000 5.953619 0.225000
3.605555 0.045000 3.793008 0.045000 4.401667 0.045000 4.207178 0.045000 1.122121 0.045000 1.005982 0.045000 5.545496 0.045000 5.650393 0.045000 6.073287 0.045000 5.849880 0.045000
3.684430 0.045000 3.830494 0.045000 4.405952 0.045000 4.201152 0.045000 1.151616 0.045000 1.151872 0.045000 5.668886 0.225000 5.656753 0.045000 6.081132 0.045000 5.889554 0.045000
3.567453 0.045000 3.678861 0.225000 4.494910 0.045000 4.243929 0.045000 1.094110 0.045000 1.076735 0.045000 5.389303 0.045000 5.673326 0.045000 6.037946 0.045000 5.836014 0.045000
3.408958 0.225000 3.844828 0.045000 4.491260 0.045000 4.270512 0.045000 1.112660 0.045000 1.035844 0.045000 5.503291 0.045000 5.556419 0.045000 6.068943 0.045000 5.920057 0.045000
3.903282 0.225000 3.954892 0.225000 4.498219 0.045000 4.353813 0.045000 1.201741 0.045000 1.015128 0.045000 5.405120 0.045000 5.678558 0.045000 6.073065 0.045000 5.918461 0.045000
3.556490 0.045000 3.744264 0.045000 4.505297 0.045000 4.362733 0.045000 1.219399 0.045000 1.192386 0.045000 5.384169 0.045000 5.563902 0.045000 6.656418 0.225000 5.966710 0.045000
3.601187 0.045000 3.704036 0.045000 4.579791 0.045000 4.398378 0.045000 1.232667 0.045000 1.097437 0.045000 5.399813 0.045000 5.549406 0.045000 6.141394 0.045000 6.081686 0.045000
3.578882 0.045000 3.738416 0.045000 4.549695 0.045000 4.496318 0.045000 1.270400 0.045000 1.123118 0.045000 5.309332 0.045000 5.595552 0.045000 6.096521 0.045000 6.012564 0.045000
3.549732 0.045000 3.645227 0.045000 4.603553 0.045000 4.456973 0.045000 1.272798 0.045000 1.169896 0.045000 5.377976 0.045000 5.443871 0.045000 6.194896 0.045000 6.014671 0.045000
3.524709 0.045000 3.717080 0.045000 4.652926 0.045000 4.361482 0.045000 1.283476 0.045000 1.157011 0.045000 5.366335 0.045000 5.488819 0.045000 6.185406 0.045000 6.031343 0.045000
3.452041 0.045000 3.620893 0.045000 4.686930 0.045000 4.389839 0.045000 1.314640 0.045000 1.125658 0.045000 5.309135 0.045000 5.839678 0.225000 6.173288 0.045000 6.021166 0.045000
3.550593 0.045000 3.553225 0.045000 4.678042 0.045000 4.427717 0.045000 1.330085 0.045000 1.148904 0.045000 5.361847 0.045000 5.445784 0.045000 6.593354 0.225000 6.017979 0.045000
3.419841 0.045000 3.622051 0.045000 4.669304 0.045000 4.489864 0.045000 1.344050 0.045000 1.163710 0.045000 5.343934 0.045000 5.448787 0.045000 6.242309 0.045000 6.064147 0.045000
3.326577 0.045000 3.530316 0.045000 4.747779 0.045000 4.494585 0.045000 1.389026 0.045000 1.251814 0.045000 5.352318 0.045000 5.501067 0.045000 6.339758 0.045000 6.142656 0.045000
3.373403 0.045000 3.550498 0.045000 4.743851 0.045000 4.545564 0.045000 1.433294 0.045000 1.245048 0.045000 5.313838 0.045000 5.474103 0.045000 6.345105 0.045000 6.148847 0.045000
3.426255 0.045000 3.521104 0.045000 4.795602 0.045000 4.581479 0.045000 1.441148 0.045000 1.225604 0.045000 5.339199 0.045000 5.440268 0.045000 6.184117 0.045000 6.176258 0.045000
3.294268 0.045000 3.520680 0.045000 4.812146 0.045000 4.586143 0.045000 1.441206 0.045000 1.265749 0.045000 5.327742 0.045000 5.401279 0.045000 6.393861 0.045000 6.130707 0.045000
3.924023 0.225000 3.499056 0.045000 4.822577 0.045000 4.566559 0.045000 1.479244 0.045000 1.328447 0.045000 5.291263 0.045000 5.406889 0.045000 6.329959 0.045000 6.251930 0.045000
3.311858 0.045000 3.575101 0.045000 4.886826 0.045000 5.009783 0.225000 1.500889 0.045000 1.362714 0.045000 5.381151 0.225000 5.405246 0.045000 6.316293 0.045000 6.127105 0.045000
3.284386 0.045000 3.484603 0.045000 4.908241 0.045000 4.736429 0.045000 1.497555 0.045000 1.244558 0.045000 5.210839 0.045000 5.379875 0.045000 6.492596 0.225000 6.187589 0.045000
3.313437 0.045000 3.543531 0.045000 4.929374 0.045000 5.707377 0.225000 1.519468 0.045000 1.526991 0.225000 5.273854 0.045000 5.340507 0.045000 6.347018 0.045000 6.205555 0.045000
3.226611 0.045000 3.443534 0.045000 4.896847 0.045000 4.655845 0.045000 2.091335 0.225000 1.372357 0.045000 5.304377 0.045000 5.389913 0.045000 6.369606 0.045000 6.305885 0.045000
3.246245 0.045000 3.483464 0.045000 4.968364 0.045000 4.739533 0.045000 2.020599 0.225000 1.442074 0.045000 5.245129 0.045000 5.372228 0.045000 6.446328 0.045000 6.255568 0.045000
3.346430 0.045000 3.399725 0.045000 5.027007 0.045000 4.816572 0.045000 1.621992 0.045000 1.453193 0.045000 5.304232 0.225000 5.756133 0.225000 6.457087 0.045000 6.295561 0.045000
4.155821 0.225000 3.375686 0.045000 5.029145 0.045000 4.770369 0.045000 1.608374 0.045000 1.416364 0.045000 5.300814 0.045000 5.280204 0.045000 6.471849 0.045000 6.275520 0.045000
3.166855 0.045000 3.872195 0.225000 5.739761 0.225000 4.834812 0.045000 1.654376 0.045000 1.468270 0.045000 5.528760 0.225000 5.289861 0.045000 6.449717 0.045000 6.383511 0.045000
3.244107 0.045000 3.326492 0.045000 5.055543 0.045000 4.793660 0.045000 1.635591 0.045000 1.401654 0.045000 5.120108 0.045000 5.256091 0.045000 6.460415 0.045000 6.358330 0.045000
2.994254 0.225000 3.330524 0.045000 5.045354 0.045000 4.795308 0.045000 1.690935 0.045000 1.513660 0.045000 5.118450 0.045000 5.305636 0.045000 6.566476 0.045000 6.421746 0.045000
3.137217 0.045000 3.300581 0.045000 5.117003 0.045000 4.936981 0.045000 1.726402 0.045000 1.517309 0.045000 5.178318 0.045000 5.236315 0.045000 6.533958 0.045000 6.466888 0.045000
3.788641 0.225000 3.300383 0.045000 6.024237 0.225000 5.131823 0.225000 1.709311 0.045000 1.835239 0.225000 5.176371 0.045000 5.199021 0.045000 6.548429 0.045000 6.484362 0.045000
3.147185 0.045000 3.188249 0.045000 5.152484 0.045000 4.941828 0.045000 1.745506 0.045000 1.535503 0.045000 5.165058 0.045000 5.253019 0.045000 6.584069 0.045000 6.454811 0.045000
3.125804 0.045000 3.270635 0.045000 5.179490 0.045000 5.012074 0.045000 1.706559 0.045000 1.477692 0.045000 5.107749 0.045000 5.838337 0.225000 6.641342 0.225000 6.415170 0.045000
3.152829 0.045000 3.255731 0.045000 5.186903 0.045000 4.984247 0.045000 1.773131 0.045000 1.700202 0.045000 5.130834 0.045000 5.226717 0.045000 6.593236 0.045000 6.873953 0.225000
3.133001 0.045000 3.268106 0.045000 5.247655 0.045000 5.038200 0.045000 1.858031 0.045000 1.600925 0.045000 5.118994 0.045000 5.369372 0.225000 6.639729 0.045000 6.515606 0.045000
3.063687 0.045000 3.174996 0.045000 5.316980 0.045000 5.083232 0.045000 2.440830 0.225000 1.688796 0.045000 5.169455 0.045000 5.207655 0.045000 6.726865 0.045000 6.478385 0.045000
3.106862 0.045000 3.172547 0.045000 5.350475 0.045000 5.103156 0.045000 1.914858 0.045000 1.650634 0.045000 5.139036 0.045000 5.094981 0.045000 6.734290 0.045000 6.592648 0.045000
3.087096 0.045000 3.115235 0.045000 5.409992 0.225000 5.110301 0.045000 1.900311 0.045000 1.691006 0.225000 5.318902 0.225000 5.076830 0.045000 7.123965 0.225000 6.508283 0.045000
3.044438 0.045000 3.136907 0.045000 5.330464 0.045000 5.145300 0.045000 1.937715 0.045000 1.719780 0.045000 5.362616 0.225000 5.444249 0.225000 6.773441 0.045000 6.506788 0.045000
3.038144 0.045000 3.617353 0.225000 5.336118 0.045000 5.066271 0.045000 1.895814 0.045000 1.640966 0.045000 5.065099 0.045000 5.213965 0.045000 6.685996 0.045000 6.591783 0.045000
3.091357 0.045000 3.134060 0.045000 5.361544 0.045000 5.145480 0.045000 1.914174 0.045000 1.749477 0.045000 5.070325 0.045000 5.151402 0.045000 6.705584 0.045000 6.593119 0.045000
2.977488 0.045000 3.213017 0.045000 5.422530 0.045000 5.196208 0.045000 2.060682 0.045000 1.819815 0.045000 4.966328 0.045000 5.169452 0.045000 7.215972 0.225000 6.628883 0.045000
2.978209 0.045000 3.091617 0.045000 5.423414 0.045000 5.230135 0.045000 2.017562 0.045000 1.816007 0.045000 5.103730 0.045000 5.201568 0.045000 6.773921 0.045000 7.274883 0.225000
3.024336 0.045000 3.129359 0.045000 5.181020 0.225000 5.174770 0.045000 2.076216 0.045000 1.809171 0.045000 5.071420 0.045000 5.126635 0.045000 6.855019 0.045000 6.658536 0.045000
2.969508 0.045000 3.140733 0.045000 5.451635 0.045000 5.552817 0.225000 1.988956 0.045000 1.797189 0.045000 4.987590 0.045000 5.147237 0.045000 6.787033 0.045000 6.621597 0.045000
2.951722 0.045000 3.142675 0.045000 5.423541 0.045000 5.761014 0.225000 2.057568 0.045000 2.102867 0.225000 5.263522 0.225000 5.111505 0.045000 7.346078 0.225000 6.641477 0.045000
3.461736 0.225000 3.122818 0.045000 5.501681 0.045000 5.312882 0.045000 2.443537 0.225000 1.892061 0.045000 5.028830 0.045000 5.152083 0.225000 6.803029 0.045000 6.660440 0.045000
2.966102 0.045000 3.067534 0.045000 5.446664 0.045000 5.456142 0.225000 2.104641 0.045000 1.913740 0.045000 5.000953 0.045000 6.264058 0.225000 6.811118 0.045000 6.656642 0.045000
3.010852 0.045000 3.124090 0.045000 5.536397 0.045000 5.305736 0.045000 2.123384 0.045000 1.888300 0.045000 5.018562 0.045000 5.094673 0.045000 6.902317 0.045000 7.205691 0.225000
2.955736 0.045000 3.057024 0.045000 5.499316 0.045000 5.275162 0.045000 2.158896 0.045000 1.922654 0.045000 4.970290 0.045000 5.144804 0.045000 6.851929 0.045000 6.748470 0.045000
2.955059 0.045000 4.014494 0.225000 5.542812 0.045000 5.401269 0.045000 2.203024 0.045000 1.936393 0.045000 5.043061 0.045000 5.049244 0.045000 6.887515 0.045000 6.680799 0.045000
2.906455 0.045000 2.990937 0.045000 5.564668 0.045000 5.359220 0.045000 2.198579 0.045000 1.928713 0.045000 4.783359 0.225000 5.058567 0.045000 7.120539 0.225000 6.657315 0.045000
2.871023 0.045000 3.007758 0.045000 5.567823 0.045000 5.389565 0.045000 2.193543 0.045000 1.962727 0.045000 5.046295 0.045000 5.030845 0.045000 6.835622 0.045000 6.688127 0.045000
2.883790 0.045000 3.070101 0.045000 5.593882 0.045000 5.368992 0.045000 2.189972 0.045000 1.953553 0.045000 4.968822 0.045000 5.070228 0.045000 7.207312 0.225000 6.736028 0.045000
2.932137 0.045000 3.026435 0.045000 5.647407 0.045000 5.602997 0.225000 2.163793 0.045000 1.998636 0.045000 4.994785 0.045000 5.051237 0.045000 7.470529 0.225000 6.745157 0.045000
2.885974 0.045000 2.920425 0.045000 5.624523 0.045000 5.359909 0.045000 2.150674 0.045000 1.963854 0.045000 5.014446 0.045000 5.047259 0.045000 6.940671 0.045000 6.831458 0.045000
2.910405 0.045000 3.082388 0.045000 5.662901 0.045000 5.486061 0.045000 2.229005 0.045000 2.016838 0.045000 4.976345 0.045000 5.170377 0.045000 6.941807 0.045000 6.783740 0.045000
3.086167 0.225000 3.022731 0.045000 5.679400 0.045000 6.197368 0.225000 2.180738 0.045000 3.303264 0.225000 5.005948 0.045000 5.061945 0.045000 6.909074 0.045000 6.820869 0.045000
2.882423 0.045000 3.008149 0.045000 5.685204 0.045000 5.505487 0.045000 2.163296 0.225000 2.018247 0.225000 4.987405 0.045000 4.976463 0.045000 6.966485 0.045000 7.781191 0.225000
2.852270 0.045000 3.010890 0.045000 5.705120 0.045000 5.465443 0.045000 2.274920 0.045000 2.032452 0.045000 4.998602 0.045000 5.093532 0.045000 7.039272 0.045000 6.838397 0.045000
3.683231 0.225000 2.921280 0.045000 5.778759 0.045000 5.417021 0.045000 3.046318 0.225000 2.034641 0.045000 4.947853 0.045000 4.983390 0.045000 7.036187 0.045000 6.812937 0.045000
2.858003 0.045000 2.948451 0.045000 5.730829 0.045000 5.479735 0.045000 2.275809 0.045000 2.016323 0.045000 5.048332 0.045000 5.018941 0.045000 6.977473 0.045000 6.862266 0.045000
2.885831 0.045000 2.937999 0.045000 5.760222 0.045000 5.496667 0.045000 2.537929 0.225000 2.117908 0.045000 4.990643 0.045000 5.093421 0.045000 7.010530 0.045000 6.853216 0.045000
2.768293 0.045000 2.887325 0.045000 5.661290 0.045000 5.549017 0.045000 2.341842 0.045000 2.093203 0.045000 5.023656 0.045000 5.070529 0.045000 7.037129 0.045000 6.789846 0.045000
2.866288 0.045000 2.943767 0.045000 5.753528 0.045000 5.482579 0.045000 2.314868 0.045000 2.086761 0.045000 5.051290 0.045000 4.922046 0.045000 7.013955 0.045000 6.778010 0.045000
2.863822 0.045000 2.984560 0.045000 5.732350 0.045000 5.528739 0.045000 2.329801 0.045000 2.119060 0.045000 4.947388 0.045000 4.998407 0.045000 7.050328 0.045000 6.875862 0.045000
2.901087 0.045000 2.947003 0.045000 5.843940 0.045000 5.760418 0.225000 2.493856 0.225000 2.358303 0.225000 4.953057 0.045000 5.006848 0.045000 7.049816 0.045000 6.871790 0.045000
2.872651 0.045000 2.960976 0.045000 5.809711 0.045000 5.990691 0.225000 2.532419 0.225000 2.133666 0.045000 4.935441 0.045000 4.935777 0.225000 7.065803 0.045000 6.861092 0.045000
2.880828 0.045000 2.921551 0.045000 5.797180 0.045000 5.573066 0.045000 2.334901 0.045000 2.130933 0.045000 4.976342 0.045000 5.061134 0.045000 6.941949 0.225000 6.887905 0.045000
2.887419 0.045000 2.848771 0.045000 5.769762 0.045000 5.533979 0.045000 2.729865 0.225000 2.412945 0.225000 5.001727 0.045000 5.034552 0.045000 6.834266 0.225000 6.920008 0.045000
2.782920 0.045000 2.877254 0.045000 5.745027 0.045000 5.817160 0.225000 2.394382 0.045000 2.138424 0.045000 4.907925 0.045000 5.007275 0.045000 7.054667 0.045000 6.891810 0.045000
2.854950 0.045000 2.990110 0.045000 5.758819 0.045000 5.633326 0.045000 2.376378 0.045000 2.085783 0.045000 4.890919 0.045000 5.064673 0.045000 7.058866 0.045000 6.879315 0.045000
2.791761 0.045000 3.365484 0.225000 5.747176 0.045000 5.558445 0.045000 2.431704 0.045000 2.182985 0.045000 4.948447 0.045000 5.060134 0.045000 7.037055 0.045000 6.926345 0.045000
3.141372 0.225000 2.918278 0.045000 5.741274 0.045000 5.549594 0.045000 2.360541 0.045000 2.177386 0.045000 4.980358 0.045000 5.060484 0.045000 7.077680 0.045000 6.839061 0.225000
2.849822 0.045000 2.914343 0.045000 5.829140 0.045000 5.641768 0.045000 2.502519 0.045000 2.152432 0.045000 4.838728 0.225000 5.099110 0.045000 7.149038 0.045000 6.954556 0.225000
2.880916 0.045000 2.875865 0.045000 5.788716 0.045000 5.584295 0.045000 3.328408 0.225000 2.196809 0.045000 4.917369 0.045000 5.153150 0.225000 7.014512 0.045000 7.003796 0.225000
2.918544 0.045000 2.853795 0.045000 5.867084 0.045000 5.706351 0.045000 2.326045 0.045000 2.227978 0.045000 4.884782 0.045000 4.998683 0.045000 7.040575 0.045000 6.972913 0.045000
2.840012 0.045000 3.076099 0.225000 5.837090 0.045000 5.622432 0.045000 2.458587 0.045000 2.209825 0.045000 4.894735 0.045000 5.027157 0.045000 7.023903 0.045000 6.974373 0.045000
2.797100 0.045000 2.900098 0.045000 5.774292 0.045000 5.583583 0.045000 2.485003 0.045000 2.232732 0.045000 4.834685 0.045000 4.981814 0.045000 7.007493 0.045000 6.902216 0.045000
3.503475 0.225000 2.875614 0.045000 5.897889 0.045000 5.694201 0.045000 2.471614 0.045000 2.174209 0.045000 4.860718 0.045000 5.070664 0.045000 7.084767 0.045000 6.970137 0.045000
2.962831 0.045000 3.006847 0.225000 5.908795 0.045000 5.697763 0.045000 2.363557 0.045000 2.266946 0.045000 4.859453 0.045000 4.979183 0.045000 7.077880 0.045000 6.971546 0.045000
2.921459 0.045000 2.877166 0.045000 5.902100 0.045000 5.698950 0.045000 2.441312 0.045000 2.301619 0.045000 4.935160 0.045000 5.052429 0.045000 7.119937 0.045000 6.973631 0.045000
2.965050 0.045000 2.792359 0.045000 6.108049 0.225000 5.742572 0.045000 2.432768 0.045000 2.340506 0.045000 4.873144 0.045000 5.093689 0.045000 7.056317 0.045000 6.991405 0.045000
3.006993 0.045000 2.839279 0.045000 5.995242 0.045000 5.638009 0.045000 2.418521 0.045000 2.297282 0.045000 4.797985 0.045000 4.946646 0.045000 7.063931 0.045000 7.078590 0.225000
2.999655 0.045000 3.018667 0.225000 5.966356 0.045000 5.727214 0.045000 2.427532 0.045000 2.340090 0.045000 4.756486 0.045000 4.973829 0.045000 7.093741 0.045000 7.020061 0.045000
3.050864 0.045000 2.832617 0.045000 5.980241 0.045000 5.760162 0.045000 2.372995 0.045000 2.355842 0.045000 4.735213 0.045000 4.955806 0.045000 7.343227 0.225000 7.067256 0.045000
3.126984 0.045000 2.786689 0.045000 5.975066 0.045000 5.756991 0.045000 2.475860 0.045000 2.414391 0.045000 4.708361 0.045000 4.861964 0.045000 6.942703 0.045000 7.037003 0.045000
3.035417 0.045000 2.832759 0.045000 5.981792 0.045000 5.904605 0.045000 2.486877 0.045000 2.383852 0.045000 4.683271 0.045000 4.893584 0.045000 7.011613 0.045000 7.059022 0.045000
3.130205 0.045000 2.858281 0.045000 6.041545 0.045000 5.835185 0.045000 2.472335 0.045000 2.355882 0.045000 4.672966 0.045000 4.877290 0.045000 6.974694 0.045000 7.035907 0.225000
3.734789 0.225000 2.899640 0.045000 6.112757 0.045000 5.895070 0.045000 2.425472 0.045000 2.411515 0.045000 4.608604 0.045000 4.792848 0.045000 6.964261 0.045000 7.147328 0.045000
3.098476 0.045000 2.883923 0.045000 6.090390 0.045000 5.914722 0.045000 2.424689 0.045000 2.514426 0.225000 4.984780 0.225000 4.852297 0.045000 6.996359 0.045000 7.085903 0.045000
3.122691 0.045000 5.165453 0.225000 6.139402 0.045000 5.965627 0.045000 2.448159 0.045000 2.411042 0.045000 4.550176 0.045000 4.788419 0.045000 6.931367 0.045000 7.036871 0.045000
3.112046 0.045000 2.950766 0.045000 6.127444 0.045000 5.914855 0.045000 2.425826 0.045000 2.425635 0.045000 4.391593 0.225000 4.862150 0.225000 6.900121 0.045000 6.965889 0.045000
3.192463 0.045000 2.927260 0.045000 6.151891 0.045000 5.988326 0.045000 2.473139 0.045000 2.407311 0.045000 4.525723 0.045000 4.752107 0.045000 6.906066 0.045000 6.814057 0.225000
3.245030 0.045000 3.332922 0.225000 6.217818 0.045000 5.995015 0.045000 2.368524 0.045000 2.482902 0.045000 4.527468 0.045000 4.794976 0.045000 6.908354 0.045000 6.973727 0.225000
3.277133 0.045000 3.016250 0.045000 6.173180 0.045000 5.996257 0.045000 2.455775 0.045000 2.412033 0.045000 4.511025 0.045000 4.732209 0.045000 6.957444 0.045000 6.958182 0.045000
3.329561 0.045000 3.011570 0.045000 6.530642 0.225000 5.996613 0.045000 2.377876 0.045000 2.479758 0.045000 4.376044 0.045000 4.660795 0.045000 6.836688 0.045000 6.991620 0.045000
3.302662 0.045000 3.071434 0.045000 6.194116 0.045000 5.919162 0.225000 3.193676 0.225000 2.394378 0.045000 4.131640 0.225000 4.599613 0.045000 6.817353 0.045000 6.984508 0.045000
3.395369 0.045000 3.096744 0.045000 6.201753 0.045000 6.030365 0.045000 2.311074 0.045000 2.415626 0.045000 4.367766 0.045000 5.017840 0.225000 6.851776 0.045000 6.955339 0.045000
3.331976 0.045000 3.233180 0.045000 6.205234 0.045000 6.085149 0.045000 2.291825 0.045000 2.415575 0.045000 4.247168 0.045000 4.550203 0.045000 6.790298 0.045000 7.018101 0.045000
3.331298 0.045000 3.223426 0.045000 6.185555 0.045000 6.267403 0.225000 2.391981 0.045000 2.344957 0.045000 4.314513 0.045000 4.442968 0.045000 6.859981 0.045000 7.006970 0.045000
3.424109 0.045000 3.376545 0.225000 6.285228 0.045000 6.132908 0.045000 2.344691 0.045000 2.296683 0.045000 4.351788 0.045000 4.531214 0.045000 6.705293 0.045000 6.944401 0.045000
3.482342 0.045000 3.235157 0.045000 6.320560 0.045000 6.299232 0.225000 2.460505 0.045000 2.376532 0.045000 4.283631 0.045000 4.511014 0.045000 6.776224 0.045000 7.601994 0.225000
3.845721 0.225000 3.253885 0.045000 6.297983 0.045000 6.146174 0.045000 2.405737 0.045000 2.440631 0.045000 4.217748 0.045000 4.523580 0.045000 6.715183 0.045000 6.856519 0.045000
3.483446 0.045000 3.302222 0.045000 6.268212 0.225000 6.137134 0.045000 2.383957 0.045000 2.393560 0.045000 5.129876 0.225000 4.509855 0.045000 6.722389 0.045000 6.837235 0.045000
3.614045 0.045000 3.275199 0.045000 6.306447 0.045000 6.183343 0.045000 2.405700 0.045000 2.397579 0.045000 4.150943 0.045000 4.452746 0.045000 6.721476 0.045000 6.770473 0.045000
3.574592 0.045000 3.294936 0.045000 6.299198 0.045000 6.216476 0.045000 2.351319 0.045000 2.454585 0.045000 4.143571 0.045000 4.388411 0.045000 6.676423 0.225000 7.154501 0.225000
3.602040 0.045000 3.412577 0.045000 7.644070 0.225000 6.381859 0.225000 2.266993 0.045000 2.346777 0.045000 4.170680 0.045000 4.259318 0.045000 6.626650 0.045000 6.766941 0.045000
3.690022 0.045000 3.395297 0.045000 6.612501 0.225000 6.257602 0.045000 2.402790 0.045000 2.352414 0.045000 4.045588 0.045000 4.338247 0.045000 6.658829 0.045000 6.836456 0.045000
3.658592 0.045000 3.381750 0.045000 6.393855 0.045000 6.183676 0.045000 2.394522 0.045000 2.337112 0.045000 4.265878 0.225000 4.225008 0.045000 6.646750 0.045000 6.777339 0.045000
3.765699 0.045000 3.491277 0.045000 6.672672 0.225000 6.230112 0.045000 2.410220 0.045000 2.396101 0.045000 4.019002 0.045000 4.163195 0.045000 6.707881 0.225000 6.644894 0.045000
3.776149 0.045000 3.386060 0.225000 6.428597 0.045000 6.272752 0.045000 2.320820 0.045000 2.401085 0.045000 3.941181 0.045000 4.258892 0.045000 6.532533 0.045000 6.669152 0.045000
3.692797 0.045000 3.462071 0.045000 6.435279 0.045000 6.282785 0.045000 2.373348 0.045000 2.341436 0.045000 3.928362 0.045000 4.222986 0.045000 6.968852 0.225000 6.734562 0.045000
3.807348 0.045000 3.633528 0.225000 6.472321 0.045000 6.330687 0.045000 2.446765 0.045000 2.795092 0.225000 3.890350 0.045000 4.056890 0.045000 6.556421 0.045000 6.741789 0.045000
3.783706 0.045000 3.556479 0.045000 6.503223 0.045000 6.238688 0.045000 2.295287 0.045000 2.362026 0.045000 3.862573 0.045000 4.170854 0.045000 6.545246 0.045000 6.663471 0.045000
3.913724 0.045000 3.593711 0.045000 6.466710 0.045000 6.345121 0.045000 2.333666 0.045000 2.357875 0.045000 3.846451 0.045000 4.032302 0.045000 6.542284 0.045000 6.661242 0.045000
3.936109 0.045000 3.596298 0.045000 6.578220 0.045000 6.346100 0.045000 2.444495 0.045000 2.326244 0.045000 3.854769 0.045000 4.013402 0.045000 6.456185 0.045000 6.572582 0.045000
3.888561 0.045000 3.643956 0.045000 6.595646 0.045000 6.419649 0.045000 2.400434 0.045000 2.370146 0.045000 3.725104 0.225000 3.979489 0.045000 6.465282 0.045000 6.624442 0.045000
3.844350 0.045000 3.665383 0.045000 6.524637 0.045000 6.327758 0.045000 2.360540 0.045000 2.346280 0.045000 3.759721 0.045000 4.047143 0.045000 6.478319 0.045000 6.536461 0.045000
4.025294 0.045000 3.755508 0.045000 7.000270 0.225000 7.408182 0.225000 2.412455 0.045000 2.323592 0.045000 3.737010 0.045000 4.015563 0.045000 6.510670 0.045000 6.614494 0.045000
4.935625 0.225000 3.704148 0.045000 6.591788 0.045000 6.472845 0.045000 2.404991 0.045000 2.310897 0.045000 3.791846 0.045000 4.018474 0.045000 6.505713 0.045000 6.541210 0.045000
3.921230 0.045000 3.792329 0.045000 6.568466 0.045000 6.464897 0.045000 2.362272 0.045000 2.412324 0.045000 3.683309 0.045000 4.008192 0.045000 6.416593 0.045000 6.564166 0.045000
4.103292 0.045000 3.775368 0.045000 6.605670 0.045000 7.204737 0.225000 2.365098 0.045000 2.347175 0.045000 3.701818 0.045000 3.917415 0.045000 6.496930 0.045000 6.569817 0.045000
4.039656 0.045000 3.789167 0.045000 6.574248 0.045000 6.423424 0.045000 2.394512 0.045000 2.340864 0.045000 3.713077 0.045000 3.866506 0.045000 6.383986 0.045000 6.435697 0.045000
4.066477 0.045000 3.813319 0.045000 6.662429 0.045000 6.569738 0.045000 2.418378 0.045000 2.441409 0.045000 3.605172 0.045000 3.958098 0.045000 6.365009 0.045000 6.508648 0.045000
4.474832 0.225000 3.812113 0.045000 6.600835 0.045000 6.523250 0.045000 2.373548 0.045000 2.333904 0.045000 3.645111 0.045000 3.882288 0.045000 6.308873 0.045000 6.370250 0.225000
4.206197 0.225000 3.881557 0.045000 6.690497 0.045000 6.465044 0.045000 2.473760 0.045000 2.362721 0.045000 3.657397 0.045000 3.848578 0.045000 6.404233 0.045000 6.500443 0.045000
4.094429 0.045000 3.880132 0.045000 7.264151 0.225000 6.519721 0.045000 2.430953 0.045000 2.370153 0.045000 3.557314 0.045000 3.864858 0.045000 6.338407 0.045000 6.462505 0.045000
4.231820 0.045000 4.059679 0.225000 6.670317 0.045000 6.609982 0.045000 2.429642 0.045000 2.433540 0.045000 3.589475 0.045000 3.891849 0.225000 6.521098 0.225000 6.524392 0.045000
4.170572 0.045000 3.973518 0.045000 6.767293 0.225000 6.581336 0.045000 2.413376 0.045000 2.422722 0.045000 3.588331 0.045000 3.657068 0.045000 6.305562 0.045000 6.506514 0.045000
4.210541 0.045000 3.820072 0.045000 6.666123 0.045000 6.495510 0.045000 2.612677 0.225000 2.626715 0.225000 3.541222 0.045000 3.813132 0.045000 6.388360 0.045000 6.513493 0.045000
4.253368 0.045000 3.985665 0.045000 6.755373 0.045000 7.216099 0.225000 2.393973 0.045000 2.417728 0.045000 3.459623 0.045000 3.794070 0.045000 6.334454 0.045000 6.487170 0.045000
4.169149 0.045000 3.934345 0.045000 6.682902 0.045000 6.632768 0.045000 2.610649 0.225000 2.411209 0.045000 3.481450 0.045000 3.722867 0.045000 6.304410 0.045000 6.388514 0.045000
4.231644 0.045000 3.985621 0.045000 6.731269 0.045000 6.602632 0.045000 2.404947 0.045000 2.398892 0.045000 3.435834 0.045000 3.662623 0.045000 6.350866 0.045000 6.502931 0.045000
4.225942 0.045000 3.924020 0.045000 6.678826 0.045000 6.635767 0.045000 2.519357 0.045000 2.505050 0.225000 3.483114 0.045000 3.681266 0.045000 6.394393 0.045000 6.516146 0.045000
4.207111 0.045000 4.051577 0.045000 6.737213 0.045000 6.595622 0.045000 2.581139 0.045000 2.431833 0.045000 3.472099 0.045000 5.105851 0.225000 6.293366 0.045000 6.346986 0.045000
4.276660 0.045000 3.988450 0.045000 6.683148 0.045000 6.841442 0.225000 2.497708 0.045000 2.371427 0.045000 3.451554 0.045000 3.661311 0.045000 6.326154 0.045000 6.431789 0.045000
4.341711 0.045000 4.088050 0.045000 6.760973 0.225000 6.681704 0.045000 2.531471 0.045000 2.399687 0.045000 3.413853 0.225000 3.705200 0.045000 6.261409 0.045000 6.411290 0.045000
4.259171 0.045000 4.053442 0.045000 6.833006 0.045000 6.615277 0.045000 2.402507 0.045000 2.402929 0.045000 3.439080 0.045000 3.629563 0.045000 6.297657 0.045000 6.424462 0.045000
4.329963 0.045000 4.199884 0.045000 6.828057 0.045000 6.528463 0.045000 2.473533 0.045000 2.336728 0.045000 3.420284 0.045000 3.573322 0.045000 6.353896 0.045000 6.366041 0.045000
4.210180 0.045000 4.079115 0.045000 6.982786 0.225000 6.677630 0.045000 2.493770 0.045000 2.432846 0.045000 3.310921 0.045000 3.674622 0.045000 6.228216 0.045000 6.440476 0.045000
4.363530 0.045000 4.058373 0.045000 6.775979 0.225000 6.626173 0.045000 2.462785 0.045000 2.476002 0.045000 3.379254 0.045000 3.619700 0.045000 6.168842 0.045000 6.389626 0.045000
4.381269 0.045000 4.121734 0.045000 6.835369 0.045000 6.758941 0.045000 2.503841 0.045000 2.443019 0.045000 3.086699 0.225000 3.547111 0.045000 6.277185 0.045000 7.098363 0.225000
4.454067 0.045000 4.166836 0.045000 6.790025 0.045000 6.672324 0.045000 2.494590 0.045000 2.352379 0.045000 3.358670 0.045000 3.556918 0.045000 6.274804 0.045000 6.446733 0.045000
4.390218 0.045000 4.121779 0.045000 6.828063 0.045000 6.737829 0.045000 2.460465 0.045000 2.457409 0.045000 3.295736 0.045000 3.637067 0.045000 6.186436 0.045000 6.371171 0.045000
4.394521 0.045000 4.144248 0.045000 6.821392 0.045000 6.632348 0.045000 2.510033 0.045000 2.400845 0.045000 3.307885 0.045000 3.566821 0.045000 6.192043 0.225000 6.409596 0.045000
4.421093 0.045000 4.157622 0.045000 6.876905 0.045000 6.697519 0.045000 2.514948 0.045000 2.404773 0.045000 3.310232 0.045000 3.538549 0.045000 6.344529 0.045000 6.321279 0.045000
4.602916 0.225000 4.220289 0.045000 6.838766 0.045000 6.659937 0.045000 2.520899 0.045000 2.406604 0.045000 3.335318 0.045000 3.549775 0.045000 6.217749 0.045000 6.427556 0.225000
4.385428 0.045000 4.162077 0.045000 6.884591 0.045000 6.702723 0.045000 2.550450 0.045000 2.447104 0.045000 3.565060 0.225000 3.578763 0.045000 6.258375 0.045000 6.345679 0.045000
4.471541 0.045000 4.085446 0.045000 6.900574 0.045000 6.797101 0.045000 2.447813 0.045000 2.376041 0.045000 3.908636 0.225000 3.553229 0.045000 6.168119 0.045000 6.338007 0.045000
4.476286 0.045000 4.318693 0.225000 6.790670 0.045000 6.679976 0.045000 2.569884 0.045000 2.416653 0.045000 3.232681 0.045000 3.485488 0.045000 6.226564 0.045000 6.567965 0.225000
4.386364 0.045000 4.491977 0.225000 6.849780 0.045000 6.700055 0.045000 2.535731 0.045000 2.461017 0.045000 3.220741 0.045000 3.487994 0.045000 6.154290 0.045000 6.647584 0.225000
4.442104 0.045000 4.149222 0.045000 6.916933 0.045000 6.734872 0.045000 2.546793 0.045000 2.420651 0.045000 3.314454 0.045000 3.469429 0.045000 6.245951 0.045000 6.367431 0.045000
4.429211 0.045000 4.249778 0.045000 6.873108 0.045000 6.688521 0.045000 2.450941 0.045000 3.117114 0.225000 3.167913 0.045000 3.461638 0.045000 6.305245 0.045000 6.276212 0.045000
4.534796 0.045000 4.271459 0.045000 7.161284 0.225000 6.688558 0.045000 2.551185 0.045000 2.495769 0.045000 3.189698 0.045000 3.461810 0.045000 6.189437 0.045000 6.347416 0.045000
4.827909 0.225000 4.294875 0.045000 7.910562 0.225000 6.740736 0.045000 2.480371 0.045000 2.493382 0.045000 3.262466 0.045000 3.477278 0.045000 6.146251 0.045000 6.315031 0.045000
4.489249 0.045000 4.269137 0.045000 6.872219 0.045000 6.820251 0.045000 2.948613 0.225000 2.471392 0.045000 3.261506 0.045000 3.430611 0.045000 6.209620 0.045000 6.859223 0.225000
4.439060 0.045000 4.315707 0.045000 6.894082 0.045000 6.708586 0.045000 2.407045 0.045000 2.466805 0.045000 3.255102 0.045000 3.721066 0.225000 6.222998 0.045000 6.346076 0.045000
4.468396 0.045000 4.193283 0.045000 6.992550 0.045000 6.769939 0.045000 2.499081 0.045000 2.350164 0.045000 3.820289 0.225000 3.424951 0.045000 6.104733 0.045000 6.325383 0.045000
4.541122 0.045000 4.224333 0.045000 6.933512 0.045000 6.792018 0.045000 2.468013 0.045000 2.488939 0.045000 3.186178 0.045000 3.453722 0.045000 6.169896 0.045000 6.390965 0.045000
4.468770 0.045000 4.206599 0.045000 6.886711 0.045000 6.691838 0.045000 2.488710 0.045000 2.439488 0.045000 3.184878 0.045000 3.437666 0.045000 6.162647 0.045000 6.292127 0.045000
4.516007 0.045000 4.295026 0.045000 6.904141 0.045000 6.777030 0.045000 2.408440 0.045000 2.447549 0.045000 3.132163 0.045000 3.387046 0.045000 6.994832 0.225000 6.298368 0.045000
4.905989 0.225000 4.278717 0.045000 7.409979 0.225000 6.830249 0.045000 2.562818 0.045000 2.522430 0.045000 3.190942 0.045000 3.491674 0.045000 6.084438 0.045000 6.295138 0.045000
4.482398 0.045000 4.347400 0.045000 6.911160 0.045000 6.754881 0.045000 2.498768 0.045000 2.501054 0.045000 3.298796 0.045000 3.395339 0.045000 6.450865 0.225000 6.309527 0.045000
4.591709 0.045000 4.369980 0.045000 6.930761 0.045000 6.844742 0.045000 2.426643 0.045000 2.498972 0.045000 3.192578 0.045000 3.355256 0.045000 6.007834 0.045000 6.273804 0.045000
4.489836 0.045000 4.390788 0.045000 6.837682 0.045000 6.888002 0.045000 2.079815 0.225000 2.474020 0.045000 3.218923 0.045000 3.283459 0.045000 6.073473 0.045000 6.191543 0.045000
4.979775 0.225000 4.335839 0.045000 6.782367 0.045000 6.853489 0.045000 2.470235 0.045000 2.557006 0.045000 3.362638 0.225000 3.289013 0.045000 5.980269 0.045000 6.271317 0.045000
4.582649 0.045000 4.405300 0.045000 6.850997 0.045000 6.781919 0.045000 2.488438 0.045000 2.497884 0.045000 3.194182 0.045000 3.258186 0.045000 5.999026 0.045000 6.241017 0.045000
4.647460 0.045000 4.428028 0.045000 6.818794 0.045000 6.815969 0.045000 2.397953 0.045000 2.757150 0.225000 4.044713 0.225000 3.303945 0.045000 5.934667 0.045000 6.257591 0.045000
4.647141 0.045000 4.480818 0.045000 6.852827 0.045000 6.880369 0.045000 2.321035 0.045000 2.494279 0.045000 3.186701 0.045000 3.258796 0.045000 5.963930 0.045000 6.166088 0.045000
5.006683 0.225000 4.500043 0.045000 6.772345 0.045000 6.822466 0.045000 2.384211 0.045000 2.488007 0.045000 3.204189 0.045000 3.220543 0.045000 5.956829 0.045000 6.222118 0.045000
4.680153 0.045000 4.570666 0.045000 6.698021 0.045000 6.821995 0.045000 2.295186 0.045000 2.531310 0.045000 3.243604 0.045000 3.178141 0.045000 5.913603 0.045000 6.213223 0.045000
4.652991 0.225000 4.553587 0.045000 6.765595 0.045000 6.846562 0.045000 2.246566 0.045000 2.420598 0.045000 3.221199 0.045000 3.207216 0.045000 5.837596 0.045000 6.060832 0.045000
4.612278 0.045000 4.562573 0.045000 6.644695 0.045000 6.786122 0.045000 2.205940 0.045000 2.433019 0.045000 3.206092 0.045000 3.231689 0.045000 5.801415 0.045000 6.111782 0.045000
4.653240 0.045000 4.495257 0.045000 6.655808 0.045000 6.793468 0.045000 2.265518 0.045000 2.443625 0.045000 3.250670 0.045000 3.113859 0.045000 5.813847 0.045000 5.993467 0.045000
4.697933 0.045000 4.785915 0.225000 6.636824 0.045000 6.833937 0.045000 2.296099 0.045000 2.420609 0.045000 3.281747 0.045000 3.193646 0.045000 5.869644 0.045000 6.027392 0.045000
4.692897 0.045000 4.539886 0.045000 6.662159 0.045000 6.761143 0.045000 2.204985 0.045000 2.422995 0.045000 3.215083 0.045000 3.112251 0.045000 5.781359 0.045000 5.992256 0.045000
4.656397 0.045000 4.607023 0.045000 6.712801 0.045000 6.878113 0.045000 2.152260 0.045000 2.271705 0.225000 3.264738 0.045000 3.160031 0.045000 5.707658 0.045000 6.053528 0.045000
5.284946 0.225000 4.690391 0.045000 6.631016 0.045000 6.727904 0.045000 2.124819 0.045000 2.307610 0.045000 3.299173 0.045000 3.182368 0.045000 5.768528 0.045000 5.946924 0.045000
4.637916 0.045000 4.651089 0.045000 6.558403 0.045000 6.867563 0.225000 2.107700 0.045000 2.358424 0.045000 3.244964 0.045000 3.247342 0.045000 5.759523 0.045000 5.898087 0.045000
4.797907 0.045000 4.677223 0.045000 6.542692 0.045000 6.713856 0.045000 2.110409 0.045000 2.242757 0.045000 3.310744 0.045000 3.287744 0.045000 5.683368 0.045000 5.854685 0.045000
4.767129 0.045000 4.693906 0.045000 6.524965 0.045000 6.710103 0.045000 2.037640 0.045000 2.240646 0.045000 3.335859 0.045000 3.216071 0.045000 5.743427 0.225000 5.922212 0.045000
4.699186 0.045000 4.654336 0.045000 7.005535 0.225000 6.636985 0.045000 1.971562 0.045000 2.252429 0.045000 3.325051 0.045000 3.240487 0.045000 5.549631 0.045000 5.766377 0.045000
4.706168 0.045000 4.638179 0.045000 6.463934 0.045000 6.724289 0.045000 2.044975 0.045000 2.174486 0.045000 3.345667 0.045000 3.238321 0.045000 5.623849 0.045000 5.829411 0.045000
4.690878 0.045000 4.666300 0.045000 6.442795 0.045000 6.640876 0.045000 2.022051 0.045000 2.162175 0.045000 3.343335 0.045000 3.246359 0.045000 5.541621 0.045000 5.763577 0.045000
4.749036 0.045000 4.649432 0.045000 6.405085 0.045000 6.915069 0.225000 1.917482 0.045000 2.179410 0.045000 3.300500 0.045000 3.216441 0.045000 5.654709 0.045000 6.007490 0.225000
4.745401 0.045000 4.611572 0.045000 6.417533 0.045000 6.655967 0.045000 2.004901 0.045000 2.130219 0.045000 3.312424 0.045000 3.228091 0.045000 5.453053 0.045000 5.636331 0.045000
4.890099 0.045000 4.705568 0.045000 6.461253 0.045000 6.531973 0.045000 1.864055 0.045000 2.110087 0.045000 3.407224 0.045000 3.211756 0.045000 5.527050 0.045000 5.691700 0.045000
4.820941 0.045000 4.627179 0.045000 7.032674 0.225000 6.508307 0.045000 1.904104 0.045000 2.114121 0.225000 3.287586 0.045000 3.511617 0.225000 5.450946 0.045000 5.684428 0.045000
4.827060 0.045000 4.716911 0.045000 6.377349 0.045000 6.538763 0.045000 1.827796 0.045000 2.050351 0.045000 3.448220 0.045000 3.297934 0.045000 5.456758 0.045000 5.685991 0.045000
4.750622 0.045000 4.759558 0.045000 6.299936 0.045000 6.608543 0.225000 1.736838 0.045000 2.019679 0.045000 3.480763 0.045000 3.327413 0.045000 6.203044 0.225000 5.879415 0.225000
4.886221 0.225000 4.780182 0.225000 6.383082 0.045000 6.505043 0.045000 1.793699 0.045000 1.950314 0.045000 3.454805 0.045000 3.318971 0.045000 5.359269 0.045000 5.620927 0.045000
4.870383 0.045000 4.725305 0.045000 6.354741 0.045000 6.566689 0.225000 1.784200 0.045000 1.980368 0.045000 3.472977 0.045000 3.289363 0.045000 5.319633 0.045000 5.575923 0.045000
4.882906 0.045000 4.758279 0.045000 6.236224 0.045000 6.458645 0.045000 1.736644 0.045000 1.944376 0.045000 3.821606 0.225000 3.395824 0.045000 5.377301 0.045000 5.539268 0.045000
4.906313 0.045000 4.753594 0.045000 6.284074 0.045000 6.469089 0.045000 1.736807 0.045000 1.909861 0.045000 3.483009 0.045000 3.823569 0.225000 5.375193 0.045000 5.593538 0.045000
4.845500 0.045000 4.823327 0.045000 6.172287 0.045000 6.357134 0.045000 1.704749 0.045000 1.897649 0.045000 3.550983 0.045000 3.424768 0.045000 5.347635 0.045000 5.893958 0.225000
4.844627 0.045000 4.823789 0.045000 6.197726 0.045000 6.390917 0.045000 1.679872 0.045000 1.875648 0.045000 3.512293 0.045000 3.375465 0.045000 5.298760 0.045000 5.460611 0.045000
4.935568 0.045000 4.807840 0.045000 6.196537 0.045000 6.282434 0.045000 1.649882 0.045000 1.854265 0.045000 3.552455 0.045000 3.459089 0.045000 5.721368 0.225000 5.383211 0.045000
4.856761 0.045000 5.340956 0.225000 6.219339 0.225000 6.191871 0.045000 1.614633 0.045000 1.724747 0.045000 3.500766 0.045000 3.433517 0.045000 5.173848 0.045000 5.463469 0.045000
4.827947 0.045000 4.748516 0.045000 6.125391 0.045000 6.346581 0.045000 1.617303 0.045000 1.809780 0.045000 3.563034 0.045000 3.436499 0.045000 5.156685 0.045000 5.437134 0.045000
4.889276 0.045000 5.634613 0.225000 6.215526 0.045000 6.240330 0.045000 1.482542 0.045000 2.226363 0.225000 3.674904 0.045000 3.474733 0.045000 5.120740 0.045000 5.396949 0.045000
4.879502 0.045000 4.765150 0.045000 6.090263 0.045000 6.284756 0.045000 1.547081 0.045000 1.748341 0.045000 3.631962 0.045000 3.421040 0.045000 5.132126 0.045000 5.318188 0.045000
5.021812 0.045000 4.822325 0.045000 6.090587 0.045000 6.313080 0.045000 1.535226 0.045000 1.741233 0.045000 3.549819 0.045000 3.483766 0.045000 5.122749 0.045000 5.445731 0.225000
4.987390 0.045000 4.770796 0.045000 6.059350 0.045000 6.232348 0.045000 1.445343 0.045000 1.710294 0.045000 3.638856 0.045000 3.489397 0.045000 5.106639 0.045000 5.357640 0.045000
4.892905 0.045000 4.924977 0.045000 5.968325 0.045000 6.198353 0.045000 1.449607 0.045000 1.709666 0.045000 3.670095 0.045000 3.816384 0.225000 5.085447 0.045000 5.271334 0.045000
4.984769 0.045000 4.897149 0.045000 5.939951 0.045000 6.154592 0.045000 1.804729 0.225000 1.637525 0.045000 3.660463 0.045000 3.440715 0.045000 5.032736 0.045000 5.259513 0.045000
4.996583 0.045000 4.852158 0.045000 6.034119 0.045000 6.234064 0.045000 1.499255 0.045000 1.611671 0.045000 3.696073 0.045000 3.552612 0.045000 4.990524 0.045000 5.192191 0.045000
5.000412 0.045000 4.858351 0.045000 5.965570 0.045000 6.176130 0.045000 1.396642 0.045000 1.833158 0.225000 3.777554 0.045000 4.017907 0.225000 5.006800 0.045000 5.168525 0.045000
4.955547 0.045000 4.843085 0.045000 6.022271 0.045000 6.183440 0.045000 1.415571 0.045000 1.474083 0.225000 3.687377 0.045000 3.623827 0.045000 5.007861 0.045000 5.237152 0.045000
5.025555 0.045000 4.913698 0.045000 5.858646 0.045000 6.093118 0.045000 1.351963 0.045000 1.589060 0.045000 3.777961 0.045000 3.586899 0.045000 4.925611 0.045000 5.149193 0.045000
5.043178 0.045000 4.925950 0.045000 5.878761 0.045000 6.058615 0.045000 1.367882 0.045000 1.543779 0.045000 3.735324 0.045000 3.542550 0.045000 4.934887 0.045000 5.151555 0.045000
5.002725 0.045000 4.910986 0.045000 5.945808 0.045000 6.059782 0.045000 1.309318 0.045000 1.451068 0.045000 3.782413 0.045000 3.723727 0.045000 4.951113 0.045000 5.087796 0.045000
4.987322 0.045000 4.904813 0.045000 5.897790 0.045000 6.095794 0.045000 1.293123 0.045000 1.640055 0.225000 3.881495 0.045000 3.516484 0.045000 4.827483 0.045000 5.062699 0.045000
5.107100 0.045000 4.974059 0.045000 5.857019 0.045000 5.972236 0.045000 1.326974 0.045000 1.406630 0.045000 3.764050 0.045000 3.629945 0.045000 4.853554 0.045000 5.046450 0.045000
5.082997 0.045000 5.214382 0.225000 5.905792 0.045000 6.015680 0.045000 1.311576 0.225000 1.414548 0.045000 3.805046 0.045000 3.701455 0.045000 4.784278 0.045000 4.939628 0.045000
5.081570 0.045000 4.982036 0.045000 5.853075 0.045000 5.994866 0.045000 1.305946 0.225000 1.450242 0.045000 3.831147 0.045000 3.749147 0.045000 4.898122 0.045000 5.039701 0.045000
5.170434 0.045000 5.022030 0.045000 5.769494 0.045000 5.969958 0.045000 1.715561 0.225000 1.351638 0.045000 3.905112 0.045000 3.626283 0.045000 4.831464 0.045000 4.960922 0.045000
5.106344 0.045000 5.030216 0.045000 5.756463 0.045000 5.925888 0.045000 1.257378 0.045000 1.397349 0.225000 5.077165 0.225000 3.750650 0.045000 4.776627 0.045000 4.960514 0.045000
5.217108 0.045000 5.050637 0.045000 5.724449 0.045000 5.950193 0.045000 1.183746 0.045000 1.687441 0.225000 3.922976 0.045000 3.692615 0.045000 5.259944 0.225000 4.925080 0.045000
5.179545 0.045000 5.148857 0.045000 5.803914 0.045000 5.982157 0.045000 1.306358 0.225000 1.291055 0.045000 3.893949 0.045000 3.789008 0.045000 4.634208 0.045000 4.801289 0.045000
5.231550 0.045000 5.016708 0.045000 5.681871 0.045000 5.887368 0.045000 1.197844 0.045000 1.343445 0.045000 3.926675 0.045000 3.788326 0.045000 4.742225 0.045000 4.808076 0.045000
5.596620 0.225000 5.040162 0.045000 5.664803 0.045000 5.850356 0.045000 1.250918 0.045000 1.309029 0.045000 4.011079 0.045000 3.804243 0.045000 4.630638 0.045000 4.837968 0.045000
5.149523 0.045000 5.027309 0.045000 5.675033 0.045000 5.851243 0.045000 1.136002 0.045000 1.364187 0.045000 4.002774 0.045000 3.851971 0.045000 4.677846 0.045000 4.806572 0.045000
5.245504 0.045000 5.052391 0.045000 5.621673 0.045000 5.833466 0.045000 1.178927 0.045000 1.295804 0.045000 4.028510 0.045000 3.841520 0.045000 4.660138 0.045000 4.834420 0.045000
5.288531 0.045000 5.100976 0.045000 5.609036 0.045000 5.972448 0.225000 1.095131 0.045000 1.248308 0.045000 3.961629 0.045000 3.947411 0.045000 4.619519 0.045000 4.771767 0.045000
6.422801 0.225000 5.068436 0.045000 5.655726 0.045000 5.780290 0.045000 1.202363 0.045000 1.170299 0.045000 4.005851 0.045000 3.918358 0.045000 4.610970 0.045000 4.705370 0.045000
5.788731 0.225000 5.164105 0.045000 5.681983 0.045000 5.647695 0.045000 1.107473 0.045000 1.124140 0.045000 4.050917 0.045000 3.956230 0.045000 4.502783 0.045000 4.674338 0.045000
5.176034 0.045000 5.143898 0.045000 5.677516 0.045000 5.782577 0.045000 1.376339 0.225000 1.157916 0.045000 4.143380 0.045000 3.923294 0.045000 4.515508 0.045000 4.699183 0.045000
5.321546 0.045000 5.154965 0.045000 5.616562 0.045000 5.787419 0.045000 1.145371 0.045000 1.181334 0.045000 4.092418 0.045000 3.981551 0.045000 4.488529 0.045000 4.617284 0.045000
5.313796 0.045000 5.141259 0.045000 5.527806 0.045000 5.720764 0.045000 1.003096 0.045000 1.274862 0.045000 4.178605 0.045000 3.910074 0.045000 4.468840 0.045000 4.679533 0.045000
5.351904 0.225000 5.168256 0.045000 5.488495 0.045000 6.365337 0.225000 1.157843 0.045000 1.146055 0.045000 4.195848 0.045000 3.911179 0.045000 4.502360 0.045000 4.708260 0.045000
5.334147 0.045000 5.233336 0.045000 5.561395 0.045000 5.581620 0.045000 1.043025 0.045000 1.204178 0.045000 4.138246 0.045000 4.023651 0.045000 4.469928 0.045000 4.647966 0.045000
5.350946 0.045000 5.196028 0.045000 5.493872 0.045000 5.652286 0.045000 1.067378 0.045000 1.143141 0.045000 4.179237 0.045000 3.986460 0.045000 4.391741 0.045000 4.545690 0.045000
5.347136 0.045000 5.255126 0.045000 5.466992 0.045000 5.615072 0.045000 1.000241 0.045000 1.176455 0.045000 4.185994 0.045000 4.089205 0.045000 4.392132 0.045000 5.174907 0.225000
5.413979 0.045000 5.251676 0.045000 5.524619 0.045000 5.643228 0.045000 1.025797 0.045000 1.140098 0.045000 4.294324 0.045000 4.462976 0.225000 4.347212 0.045000 4.890989 0.225000
5.466750 0.045000 5.257821 0.045000 5.498270 0.045000 5.597318 0.045000 1.026983 0.045000 1.150836 0.045000 4.297021 0.045000 4.145855 0.045000 4.358961 0.045000 4.574407 0.045000
5.447380 0.045000 5.361799 0.045000 5.435933 0.045000 5.834162 0.225000 1.040151 0.045000 1.049419 0.045000 4.192936 0.045000 3.998407 0.045000 4.254019 0.045000 4.523017 0.045000
5.748321 0.225000 5.297387 0.045000 5.443790 0.045000 5.639306 0.045000 0.999805 0.045000 1.069024 0.045000 4.274365 0.045000 4.110799 0.045000 4.307706 0.045000 4.437600 0.045000
5.394805 0.045000 5.357854 0.045000 5.382838 0.045000 5.524382 0.045000 1.032025 0.045000 1.079016 0.045000 4.322648 0.045000 4.165860 0.045000 4.395817 0.225000 4.467305 0.045000
5.461183 0.045000 5.751460 0.225000 5.351237 0.045000 5.550715 0.045000 1.050146 0.045000 1.115664 0.045000 4.286816 0.045000 4.204888 0.045000 4.244932 0.045000 4.459257 0.045000
5.493562 0.045000 5.312231 0.045000 5.967652 0.225000 5.589876 0.045000 0.999754 0.045000 1.104131 0.045000 4.160954 0.225000 4.975162 0.225000 4.251291 0.045000 4.422295 0.045000
5.453019 0.045000 5.375736 0.045000 5.332131 0.045000 5.496623 0.045000 1.198108 0.045000 1.033460 0.045000 4.333019 0.045000 4.222924 0.045000 4.168818 0.045000 4.312528 0.045000
5.489199 0.225000 5.410208 0.045000 5.409562 0.045000 5.481378 0.045000 1.071022 0.045000 1.024569 0.045000 4.401895 0.045000 4.284465 0.045000 4.125368 0.045000 4.331761 0.045000
5.343614 0.225000 5.387877 0.045000 5.304508 0.045000 5.500859 0.045000 1.282980 0.225000 1.015986 0.045000 4.376030 0.045000 4.287027 0.045000 4.166232 0.045000 4.361155 0.045000
5.553405 0.045000 5.394479 0.045000 5.356512 0.045000 5.457549 0.045000 1.061988 0.045000 1.049371 0.045000 4.426380 0.045000 4.296787 0.045000 4.132382 0.045000 4.335845 0.045000
5.601510 0.045000 5.499810 0.045000 5.260560 0.045000 5.463913 0.045000 1.047675 0.045000 1.067946 0.045000 4.512588 0.225000 4.283570 0.045000 4.184656 0.045000 4.356371 0.045000
5.475775 0.225000 5.461716 0.045000 5.361528 0.045000 5.352881 0.045000 1.137559 0.045000 1.024430 0.045000 4.525033 0.045000 4.275492 0.045000 4.073945 0.045000 4.311732 0.045000
5.540445 0.045000 5.504564 0.045000 5.231544 0.045000 5.378843 0.045000 1.093763 0.045000 1.063987 0.045000 4.543010 0.045000 4.310425 0.045000 4.019214 0.225000 4.272713 0.045000
5.667276 0.045000 6.482893 0.225000 5.283971 0.045000 5.413655 0.045000 1.054391 0.045000 1.040385 0.045000 4.567037 0.045000 4.285090 0.045000 4.044359 0.045000 4.188117 0.045000
5.677672 0.045000 5.494500 0.045000 5.234352 0.045000 5.359207 0.045000 1.118574 0.045000 2.068255 0.225000 4.574752 0.045000 4.386827 0.045000 4.047640 0.045000 4.254821 0.045000
5.702996 0.045000 5.529075 0.045000 5.242960 0.045000 5.350946 0.045000 1.144245 0.045000 1.118838 0.045000 4.584227 0.045000 4.406258 0.045000 4.026449 0.045000 4.191616 0.045000
5.640572 0.045000 5.471196 0.045000 5.235860 0.045000 5.309197 0.045000 1.156985 0.045000 1.068988 0.045000 4.581341 0.045000 4.454447 0.045000 3.986444 0.045000 4.561104 0.225000
5.724163 0.045000 5.514960 0.045000 5.270114 0.045000 5.332353 0.045000 1.111770 0.045000 1.232153 0.225000 4.519040 0.045000 4.385027 0.045000 3.960713 0.045000 4.143206 0.045000
5.658939 0.045000 5.564682 0.045000 5.142478 0.045000 5.266160 0.045000 1.128522 0.045000 0.953108 0.225000 4.596378 0.225000 4.559057 0.225000 3.886590 0.045000 4.124664 0.045000
5.686216 0.045000 5.538002 0.045000 5.122380 0.045000 5.265140 0.045000 1.161870 0.225000 1.100190 0.045000 4.645501 0.045000 4.512924 0.045000 3.910255 0.045000 4.060024 0.045000
5.745386 0.045000 5.621925 0.225000 5.170174 0.045000 5.276617 0.045000 0.980408 0.225000 1.098799 0.045000 4.700832 0.045000 4.540897 0.045000 4.161764 0.225000 4.087579 0.045000
5.793364 0.225000 5.605448 0.045000 5.215499 0.045000 5.258163 0.045000 1.195452 0.045000 1.043407 0.045000 4.685628 0.045000 4.528838 0.045000 3.965087 0.045000 4.061408 0.045000
5.850682 0.045000 5.592719 0.045000 5.133834 0.045000 5.246519 0.045000 1.103219 0.045000 1.108747 0.045000 4.716998 0.045000 4.541262 0.045000 3.863846 0.045000 4.058601 0.045000
5.894066 0.045000 5.649047 0.045000 5.049119 0.045000 5.318365 0.045000 1.272029 0.045000 1.013954 0.045000 4.760528 0.045000 4.519437 0.045000 3.876815 0.045000 4.049514 0.045000
5.767069 0.045000 5.759681 0.045000 5.072951 0.045000 5.165049 0.045000 1.246608 0.045000 1.092665 0.045000 4.834701 0.045000 4.579937 0.045000 3.847522 0.045000 3.988748 0.045000
5.849135 0.045000 5.741554 0.045000 5.106390 0.045000 5.191978 0.045000 1.244140 0.045000 1.033118 0.045000 4.898842 0.045000 4.687009 0.045000 3.814933 0.045000 3.981424 0.045000
5.863218 0.045000 5.701220 0.045000 5.162637 0.045000 5.104243 0.045000 1.280765 0.045000 1.177522 0.045000 4.771373 0.045000 4.654439 0.045000 3.834557 0.045000 3.920529 0.045000
5.942022 0.045000 5.740290 0.045000 5.053668 0.045000 5.067343 0.045000 1.276393 0.045000 1.107866 0.045000 4.795424 0.045000 4.736243 0.045000 3.749906 0.045000 3.951567 0.045000
5.905014 0.045000 5.764138 0.045000 5.019859 0.045000 5.177151 0.045000 1.304410 0.045000 1.201174 0.045000 5.215906 0.225000 4.668817 0.045000 3.770826 0.045000 4.011413 0.045000
5.969397 0.045000 5.761003 0.045000 5.300107 0.225000 5.124251 0.045000 1.892793 0.225000 1.177908 0.045000 4.632761 0.225000 4.729983 0.045000 3.730731 0.045000 3.921709 0.045000
5.938525 0.045000 5.857121 0.045000 4.762842 0.225000 5.095988 0.045000 1.418083 0.045000 1.273901 0.045000 4.944227 0.045000 4.810115 0.225000 3.725538 0.045000 3.805285 0.045000
5.980539 0.045000 5.758585 0.045000 5.037688 0.225000 5.076260 0.045000 1.372678 0.045000 1.240968 0.045000 5.017787 0.045000 4.737086 0.045000 3.654742 0.045000 3.862884 0.045000
6.071700 0.045000 5.932527 0.045000 5.021628 0.045000 5.069424 0.045000 1.410441 0.045000 1.244078 0.045000 4.962911 0.045000 4.920043 0.225000 3.691373 0.045000 3.811435 0.045000
6.039660 0.045000 5.829576 0.045000 4.999075 0.045000 5.102311 0.045000 1.424919 0.045000 1.292474 0.045000 5.006810 0.045000 4.806003 0.045000 3.646338 0.045000 3.827057 0.045000
5.851037 0.225000 5.892265 0.045000 4.932682 0.045000 5.085390 0.045000 1.543260 0.045000 1.301850 0.045000 5.002906 0.045000 4.867512 0.045000 3.610883 0.045000 3.876519 0.045000
6.058047 0.045000 5.938447 0.045000 5.072022 0.045000 4.997068 0.045000 1.585978 0.045000 1.227287 0.045000 5.086936 0.225000 4.853464 0.045000 3.632926 0.045000 3.827023 0.045000
6.023064 0.045000 5.929845 0.045000 4.973973 0.045000 4.998218 0.045000 1.494614 0.045000 1.380925 0.045000 5.060417 0.045000 4.837335 0.045000 3.662348 0.045000 3.830846 0.045000
6.131579 0.045000 5.959037 0.045000 4.977309 0.045000 5.037418 0.045000 1.498877 0.045000 1.290197 0.045000 4.982176 0.045000 4.850609 0.045000 3.610573 0.045000 3.768395 0.045000
6.115669 0.045000 5.948981 0.045000 4.964370 0.045000 4.970193 0.045000 1.506769 0.045000 1.356211 0.045000 5.161234 0.045000 4.852979 0.045000 3.606039 0.045000 3.719978 0.045000
6.200417 0.045000 6.036268 0.045000 4.848543 0.045000 4.984487 0.045000 1.619594 0.045000 1.447357 0.045000 5.114815 0.045000 4.996944 0.045000 3.575825 0.045000 3.757346 0.045000
6.107269 0.045000 6.271575 0.225000 4.926999 0.045000 4.930237 0.045000 1.605377 0.045000 1.346045 0.045000 5.108942 0.045000 4.956883 0.045000 3.585074 0.045000 3.676943 0.045000
6.157128 0.045000 6.004403 0.225000 4.903283 0.045000 4.917117 0.045000 1.614148 0.045000 1.452380 0.045000 6.250447 0.225000 4.992142 0.045000 3.514941 0.045000 3.636869 0.045000
6.221613 0.045000 6.069611 0.045000 4.827747 0.045000 4.943074 0.045000 2.701267 0.225000 1.489462 0.045000 5.286091 0.045000 5.042296 0.045000 3.539422 0.045000 3.695763 0.045000
6.198051 0.045000 6.089841 0.045000 4.759254 0.045000 4.905533 0.045000 1.628944 0.045000 2.392093 0.225000 5.265794 0.045000 4.891484 0.045000 3.494088 0.045000 3.593022 0.045000
6.206525 0.045000 6.071245 0.045000 4.860394 0.045000 4.908187 0.045000 1.581762 0.045000 2.499037 0.225000 5.252379 0.045000 5.072975 0.045000 3.448928 0.045000 3.591250 0.045000
6.250349 0.045000 6.047357 0.045000 4.916516 0.045000 4.911152 0.045000 1.681463 0.045000 1.480922 0.045000 5.310155 0.045000 5.142671 0.225000 3.489318 0.045000 3.625009 0.045000
6.301892 0.045000 6.112100 0.045000 4.753962 0.045000 4.950336 0.045000 1.747257 0.045000 1.499163 0.045000 6.429406 0.225000 5.161903 0.045000 3.429908 0.045000 3.653520 0.045000
6.281758 0.045000 6.155307 0.045000 4.810501 0.045000 5.028169 0.225000 1.652473 0.045000 1.602818 0.045000 5.306705 0.045000 5.099479 0.045000 3.427825 0.045000 3.618214 0.045000
6.224496 0.045000 6.189287 0.045000 4.825778 0.045000 4.883365 0.045000 1.659685 0.045000 1.591487 0.045000 5.357514 0.045000 5.193754 0.045000 3.466039 0.045000 3.513775 0.045000
6.375654 0.045000 6.145078 0.045000 4.776220 0.045000 4.939513 0.225000 1.849660 0.045000 1.596834 0.045000 5.330747 0.045000 5.116666 0.045000 3.557540 0.225000 3.529698 0.045000
6.348226 0.045000 6.179205 0.045000 4.790769 0.045000 5.167020 0.225000 1.808246 0.045000 1.561784 0.045000 5.349674 0.045000 5.098343 0.045000 3.391462 0.045000 3.505226 0.045000
6.408477 0.045000 6.213255 0.045000 4.851068 0.045000 4.762125 0.045000 1.865963 0.045000 1.693856 0.045000 5.382233 0.045000 5.196265 0.045000 3.408753 0.045000 3.522735 0.045000
6.454106 0.045000 6.208562 0.045000 4.751271 0.045000 4.872258 0.045000 1.882373 0.045000 1.641908 0.045000 5.423320 0.045000 5.268879 0.045000 3.290646 0.045000 3.486498 0.045000
6.372962 0.045000 6.218139 0.045000 4.989576 0.225000 4.782296 0.045000 1.885942 0.045000 1.698301 0.045000 5.534806 0.045000 5.182902 0.045000 3.277093 0.045000 3.454601 0.225000
6.408692 0.045000 6.333545 0.045000 4.679735 0.045000 4.824437 0.045000 1.969551 0.045000 1.745772 0.045000 5.487424 0.045000 5.321206 0.045000 3.357861 0.045000 3.521948 0.045000
6.429355 0.045000 6.424995 0.225000 4.769964 0.045000 4.815937 0.045000 1.918632 0.045000 1.699291 0.045000 5.543374 0.045000 5.325742 0.045000 3.336925 0.045000 3.479816 0.045000
6.526399 0.045000 6.345176 0.045000 4.710030 0.045000 4.795809 0.045000 1.881145 0.045000 1.746606 0.045000 5.475588 0.045000 5.322032 0.045000 3.400153 0.045000 3.436214 0.045000
6.532526 0.045000 6.265687 0.045000 4.735557 0.045000 4.764555 0.045000 1.971881 0.045000 1.683965 0.045000 5.526537 0.045000 5.328899 0.045000 3.313259 0.045000 3.387532 0.045000
6.504633 0.045000 6.672286 0.225000 4.652156 0.045000 4.833797 0.045000 1.969653 0.045000 1.819777 0.045000 5.619977 0.045000 5.381751 0.045000 3.292045 0.045000 3.447772 0.045000
6.580589 0.045000 6.403535 0.045000 4.748054 0.045000 4.777887 0.045000 2.020766 0.045000 1.820073 0.045000 5.490379 0.045000 5.372981 0.045000 3.297653 0.045000 3.333885 0.045000
6.545495 0.045000 6.509279 0.045000 4.650109 0.045000 4.770789 0.045000 2.064834 0.045000 1.842132 0.045000 5.588093 0.045000 5.452489 0.045000 3.285451 0.045000 3.356788 0.045000
6.556567 0.045000 6.320081 0.045000 4.723621 0.045000 4.803644 0.045000 2.388938 0.225000 1.884625 0.045000 5.603416 0.045000 5.448560 0.045000 3.285973 0.045000 3.367655 0.045000
6.594914 0.045000 6.348837 0.045000 4.627668 0.045000 4.755334 0.045000 2.054106 0.045000 1.854635 0.045000 5.627349 0.045000 5.432582 0.045000 3.754515 0.225000 3.270971 0.045000
6.538133 0.045000 6.456538 0.225000 4.746734 0.045000 4.772324 0.045000 2.134187 0.045000 1.915093 0.045000 5.608199 0.045000 5.421918 0.045000 3.255887 0.045000 3.337636 0.045000
7.063317 0.225000 6.496504 0.045000 4.679751 0.045000 4.820622 0.045000 2.115699 0.045000 1.998901 0.225000 5.674571 0.045000 6.371359 0.225000 3.797818 0.225000 3.348019 0.045000
7.067428 0.225000 6.455595 0.045000 4.659793 0.045000 4.799220 0.045000 2.146023 0.045000 1.893519 0.045000 5.734921 0.045000 6.138770 0.225000 3.267502 0.045000 3.363124 0.045000
6.642388 0.045000 6.470612 0.045000 4.709317 0.045000 4.786301 0.045000 2.087048 0.225000 2.517606 0.225000 5.648334 0.045000 5.531653 0.045000 3.222794 0.045000 3.345374 0.045000
6.668492 0.045000 6.469257 0.045000 4.687121 0.045000 4.701916 0.045000 2.203700 0.045000 1.960243 0.045000 5.700833 0.045000 5.513852 0.045000 3.231616 0.045000 3.262728 0.045000
6.620105 0.045000 6.504876 0.045000 4.682047 0.225000 4.783621 0.045000 2.219116 0.045000 1.923818 0.045000 5.791322 0.045000 5.544432 0.045000 3.246956 0.045000 3.329380 0.045000
7.327829 0.225000 6.462729 0.045000 4.699309 0.045000 4.719149 0.045000 2.169013 0.045000 2.011946 0.045000 5.760662 0.045000 5.535629 0.045000 3.199240 0.045000 3.513848 0.225000
6.676512 0.045000 6.530752 0.045000 4.719187 0.045000 4.648669 0.045000 2.244764 0.045000 1.870981 0.045000 5.729143 0.045000 5.590344 0.045000 3.187576 0.045000 3.319373 0.045000
6.643072 0.045000 6.770844 0.225000 4.603436 0.045000 4.677829 0.045000 2.290173 0.045000 2.013607 0.045000 5.790331 0.045000 5.569224 0.045000 3.575524 0.225000 3.372757 0.045000
6.720438 0.045000 6.508730 0.045000 4.649387 0.045000 4.721266 0.045000 2.204331 0.045000 1.978629 0.045000 5.799383 0.045000 5.630195 0.045000 3.189712 0.045000 3.266702 0.045000
6.621335 0.045000 6.555481 0.045000 4.616346 0.045000 4.651958 0.045000 2.306692 0.045000 2.002040 0.045000 5.763085 0.225000 5.623702 0.045000 3.159129 0.045000 3.323419 0.045000
6.820363 0.045000 6.578376 0.045000 4.636250 0.045000 4.652348 0.045000 2.250004 0.045000 1.990024 0.045000 5.827815 0.045000 5.665636 0.045000 3.184788 0.045000 3.891112 0.225000
6.787948 0.225000 6.586491 0.045000 4.624731 0.045000 4.748154 0.045000 2.250794 0.045000 2.109340 0.045000 5.970362 0.225000 5.608493 0.045000 3.139994 0.045000 3.315103 0.045000
6.847659 0.045000 6.569183 0.045000 4.668088 0.045000 4.641296 0.045000 2.306129 0.045000 2.093419 0.045000 5.807471 0.045000 6.068306 0.225000 3.225951 0.045000 3.313034 0.045000
6.774422 0.045000 6.600804 0.045000 4.672611 0.045000 4.654808 0.045000 2.265179 0.045000 2.036529 0.045000 5.842613 0.045000 5.684735 0.045000 3.181643 0.045000 3.213765 0.045000
6.756883 0.045000 6.572572 0.045000 4.637585 0.045000 4.724109 0.045000 2.376890 0.045000 2.111060 0.045000 6.329985 0.225000 5.628929 0.045000 3.111057 0.045000 3.259926 0.045000
6.792817 0.045000 6.642376 0.045000 4.603688 0.045000 5.437406 0.225000 2.294794 0.045000 2.092582 0.045000 5.921275 0.045000 5.672930 0.045000 3.098940 0.045000 3.291184 0.225000
7.194440 0.225000 6.614244 0.045000 4.693115 0.045000 4.612564 0.045000 2.325365 0.045000 2.072570 0.045000 5.953809 0.045000 5.713953 0.045000 3.162578 0.045000 3.229581 0.045000
6.878600 0.045000 6.543732 0.045000 4.554876 0.045000 4.669982 0.045000 2.326336 0.045000 2.050289 0.045000 5.921496 0.045000 5.712870 0.045000 3.143218 0.045000 3.281276 0.045000
6.821626 0.045000 6.694557 0.225000 4.629928 0.045000 4.684652 0.045000 2.354590 0.045000 2.046692 0.045000 6.664206 0.225000 5.792240 0.045000 3.133719 0.045000 3.176558 0.045000
6.840891 0.045000 6.674544 0.045000 4.597973 0.045000 5.337102 0.225000 4.326426 0.225000 2.128870 0.045000 5.937297 0.225000 5.701260 0.045000 3.145788 0.045000 3.236514 0.045000
6.846602 0.045000 6.613184 0.045000 4.584714 0.045000 4.617721 0.045000 2.387534 0.045000 2.199211 0.045000 5.935756 0.045000 5.790482 0.045000 3.570292 0.225000 3.177497 0.045000
6.768010 0.045000 6.646604 0.045000 4.582465 0.045000 4.617914 0.045000 2.390780 0.045000 2.085353 0.045000 5.902125 0.045000 5.764610 0.045000 3.120157 0.045000 3.254948 0.045000
6.833809 0.045000 6.639669 0.045000 4.661006 0.225000 4.696256 0.045000 2.240077 0.225000 2.060854 0.045000 5.961707 0.045000 5.665396 0.045000 3.173774 0.045000 3.203096 0.045000
6.865733 0.045000 6.724333 0.045000 4.613986 0.045000 4.656993 0.045000 2.375305 0.045000 2.147671 0.045000 5.981109 0.045000 5.729644 0.045000 3.150796 0.045000 3.138407 0.045000
7.537477 0.225000 6.645531 0.045000 4.628566 0.045000 4.676839 0.045000 2.313077 0.045000 2.158192 0.045000 6.000090 0.045000 5.770231 0.045000 3.137210 0.045000 3.215016 0.045000
6.868765 0.045000 6.724703 0.045000 4.612543 0.045000 4.654050 0.045000 2.463029 0.045000 2.129850 0.045000 5.952880 0.045000 6.769605 0.225000 3.179054 0.045000 3.268908 0.045000
6.861986 0.045000 6.711346 0.045000 5.192418 0.225000 4.579426 0.045000 2.353688 0.045000 2.194811 0.045000 5.927728 0.045000 5.809180 0.045000 3.029888 0.045000 3.211934 0.045000
6.924925 0.045000 6.738206 0.045000 4.656801 0.045000 5.565390 0.225000 2.472940 0.045000 2.164037 0.045000 6.121183 0.225000 5.804570 0.045000 3.074744 0.045000 3.250822 0.045000
6.921046 0.045000 6.681957 0.045000 4.564220 0.045000 4.683654 0.045000 2.407371 0.045000 2.203753 0.045000 5.901375 0.045000 5.697736 0.045000 3.111772 0.045000 3.204739 0.045000
6.915205 0.045000 6.679032 0.045000 4.660193 0.045000 4.678230 0.045000 2.395277 0.045000 2.144696 0.045000 5.966054 0.045000 5.882648 0.045000 3.094225 0.045000 3.275891 0.045000
6.913352 0.045000 6.649368 0.045000 4.558958 0.045000 4.693211 0.045000 2.423641 0.045000 2.432833 0.225000 5.992484 0.045000 5.858736 0.045000 3.057033 0.045000 3.209314 0.045000
6.982420 0.045000 6.674333 0.045000 4.619330 0.045000 4.583034 0.045000 2.507494 0.045000 2.186480 0.045000 5.989950 0.045000 5.842188 0.045000 3.030672 0.045000 3.273077 0.045000
6.923241 0.045000 6.738158 0.045000 4.644540 0.045000 4.522020 0.045000 2.397361 0.045000 2.185242 0.045000 6.549057 0.225000 5.837652 0.225000 3.067221 0.045000 3.200196 0.045000
6.919926 0.045000 6.764667 0.045000 5.016795 0.225000 4.632230 0.045000 2.528398 0.045000 2.209332 0.045000 6.177062 0.225000 5.842736 0.045000 3.086389 0.045000 3.266914 0.045000
7.015171 0.045000 6.692401 0.045000 4.745504 0.045000 4.580605 0.045000 2.505811 0.045000 2.286538 0.045000 5.977649 0.045000 5.866520 0.045000 2.959624 0.045000 3.268972 0.045000
6.990279 0.045000 6.735789 0.045000 4.743912 0.045000 4.640350 0.045000 2.525413 0.045000 2.250052 0.045000 6.028356 0.045000 5.840101 0.045000 2.963658 0.045000 3.269517 0.045000
7.722920 0.225000 6.698838 0.045000 4.671951 0.045000 4.619255 0.045000 2.634903 0.045000 2.333266 0.045000 6.089721 0.045000 5.873156 0.045000 2.937009 0.045000 3.156769 0.045000
7.078136 0.045000 6.795553 0.045000 4.711513 0.045000 4.583597 0.045000 2.731930 0.225000 2.328487 0.045000 5.974517 0.045000 5.947300 0.045000 3.048726 0.225000 3.133105 0.045000
7.290371 0.225000 6.823098 0.045000 4.770736 0.045000 4.605578 0.045000 2.598685 0.045000 2.410657 0.045000 5.932987 0.045000 5.945946 0.045000 3.014542 0.045000 3.181636 0.045000
7.112528 0.045000 7.042929 0.225000 4.845848 0.045000 4.597470 0.045000 2.596917 0.045000 2.354425 0.045000 6.033375 0.045000 5.943864 0.045000 2.888172 0.045000 3.608976 0.225000
7.123819 0.045000 6.898972 0.045000 4.836723 0.045000 4.637169 0.045000 2.619416 0.045000 2.335574 0.045000 5.987650 0.045000 6.032162 0.045000 2.807890 0.045000 3.049263 0.045000
7.113948 0.045000 6.995805 0.045000 4.842894 0.045000 4.612486 0.045000 2.948052 0.225000 2.414582 0.045000 5.964074 0.045000 5.945831 0.045000 2.804846 0.045000 3.100466 0.045000
7.115622 0.045000 6.894590 0.045000 4.931851 0.045000 4.632636 0.225000 2.608493 0.045000 2.768754 0.225000 5.915594 0.045000 5.962926 0.045000 2.873690 0.045000 3.085883 0.045000
7.188953 0.045000 6.973323 0.045000 5.439236 0.225000 4.696136 0.045000 2.688117 0.045000 2.441611 0.045000 5.890318 0.045000 5.940803 0.045000 2.840826 0.045000 2.990164 0.045000
7.171126 0.045000 7.220700 0.225000 4.897629 0.045000 4.725574 0.045000 2.717153 0.045000 2.436288 0.045000 5.995814 0.045000 6.013487 0.045000 3.881777 0.225000 2.992952 0.045000
7.221768 0.045000 7.060708 0.045000 4.957237 0.045000 4.662753 0.045000 2.723595 0.045000 2.467204 0.045000 5.734508 0.225000 5.936113 0.045000 2.718974 0.045000 3.011900 0.045000
7.297052 0.045000 7.029114 0.045000 4.959841 0.045000 4.739514 0.045000 2.683901 0.045000 2.570414 0.045000 5.962144 0.045000 5.948456 0.045000 2.682615 0.045000 2.974752 0.045000
7.206113 0.045000 7.003914 0.045000 5.096215 0.045000 4.722252 0.045000 2.783846 0.045000 2.519240 0.045000 5.908555 0.045000 5.952513 0.045000 2.585929 0.045000 2.954342 0.045000
7.278198 0.045000 7.080117 0.045000 5.057839 0.045000 4.752043 0.045000 3.622126 0.225000 2.533733 0.045000 5.850647 0.045000 5.963020 0.045000 2.592046 0.045000 2.950111 0.045000
7.280937 0.045000 7.141976 0.045000 5.029005 0.045000 4.759272 0.045000 2.737744 0.045000 2.543296 0.045000 5.929963 0.045000 5.925520 0.225000 2.683219 0.045000 2.824215 0.045000
7.358772 0.045000 7.222827 0.045000 5.097149 0.045000 4.895275 0.045000 2.767360 0.045000 2.626039 0.045000 5.849435 0.045000 5.953205 0.045000 2.588728 0.045000 2.772572 0.045000
7.329849 0.045000 7.151560 0.045000 5.099136 0.045000 5.007872 0.225000 2.791245 0.045000 2.575340 0.045000 5.880864 0.045000 5.996726 0.045000 2.550470 0.045000 2.718453 0.045000
7.353240 0.045000 7.216269 0.045000 5.179728 0.045000 4.844853 0.045000 2.843785 0.045000 2.886082 0.225000 5.802021 0.045000 5.897579 0.045000 2.562793 0.045000 2.793389 0.045000
7.447549 0.045000 7.166202 0.045000 5.171380 0.045000 4.944366 0.045000 2.902537 0.045000 2.673177 0.045000 5.806497 0.045000 5.985024 0.045000 2.563368 0.045000 2.704385 0.045000
7.428396 0.045000 7.229886 0.045000 5.080523 0.045000 4.902587 0.045000 2.873380 0.045000 2.669562 0.045000 5.825988 0.045000 5.884182 0.045000 2.836198 0.225000 2.697414 0.045000
7.466676 0.045000 7.254395 0.045000 5.345383 0.225000 4.963553 0.045000 2.883961 0.045000 2.724870 0.045000 5.732194 0.045000 5.930981 0.045000 2.442863 0.045000 2.711703 0.045000
7.521068 0.045000 7.417859 0.225000 5.249397 0.045000 4.994154 0.045000 2.936945 0.045000 2.835107 0.225000 5.718946 0.045000 5.823086 0.225000 2.447908 0.045000 2.650315 0.045000
7.553229 0.225000 7.311758 0.045000 5.286006 0.045000 5.160372 0.225000 2.930199 0.045000 2.679848 0.045000 5.811375 0.045000 5.968294 0.045000 2.356290 0.045000 2.547048 0.045000
7.478253 0.045000 7.322933 0.045000 5.309840 0.045000 5.150165 0.045000 2.947419 0.045000 2.841792 0.045000 6.224054 0.225000 5.880792 0.045000 2.376149 0.045000 2.640552 0.045000
8.303619 0.225000 7.318213 0.045000 5.361366 0.045000 5.225265 0.045000 2.839114 0.225000 2.833464 0.045000 5.821310 0.045000 5.910843 0.045000 2.265590 0.045000 2.617565 0.045000
7.538486 0.045000 7.381707 0.045000 5.341177 0.045000 5.040413 0.045000 3.181066 0.225000 3.360753 0.225000 5.835857 0.045000 5.854737 0.045000 2.361350 0.045000 2.494918 0.045000
7.550770 0.045000 7.782571 0.225000 5.442347 0.045000 5.153717 0.045000 2.929270 0.045000 2.774293 0.045000 5.749012 0.045000 5.801210 0.045000 2.423859 0.225000 2.475617 0.045000
7.593421 0.045000 7.368868 0.045000 5.470908 0.045000 5.149679 0.045000 3.553807 0.225000 2.821266 0.045000 5.748488 0.045000 5.815607 0.045000 2.251837 0.045000 2.863302 0.225000
8.180729 0.225000 7.504815 0.045000 5.462508 0.045000 5.262165 0.045000 2.995473 0.045000 2.848225 0.045000 5.645610 0.045000 6.088987 0.225000 2.222644 0.045000 2.497634 0.045000
7.658511 0.045000 7.415581 0.045000 5.487740 0.045000 5.279955 0.045000 3.044388 0.045000 2.830442 0.045000 5.720412 0.045000 5.816425 0.045000 2.200375 0.045000 2.415070 0.045000
7.691076 0.045000 7.483665 0.045000 5.587866 0.045000 5.237781 0.045000 3.108920 0.045000 2.903150 0.045000 5.614896 0.045000 5.834403 0.045000 2.167001 0.045000 2.381509 0.045000
7.659270 0.045000 7.453158 0.045000 5.572218 0.045000 5.276617 0.045000 3.143430 0.045000 2.951558 0.045000 5.691223 0.045000 5.773583 0.045000 2.195987 0.045000 2.434394 0.045000
7.760875 0.045000 7.544138 0.045000 5.559302 0.045000 5.420217 0.045000 3.138404 0.045000 2.889412 0.045000 5.706246 0.045000 5.824935 0.045000 2.045289 0.045000 2.345582 0.045000
7.732836 0.045000 7.495039 0.045000 5.547808 0.045000 5.336717 0.045000 3.141961 0.045000 2.987040 0.045000 5.747274 0.045000 5.784007 0.045000 2.108025 0.045000 2.268699 0.045000
7.742953 0.045000 7.605518 0.045000 5.655649 0.045000 5.338127 0.045000 3.137684 0.045000 3.008209 0.045000 5.674767 0.045000 5.701219 0.045000 2.143341 0.045000 2.216871 0.045000
7.711165 0.045000 7.518797 0.045000 5.684320 0.045000 5.331688 0.045000 3.159513 0.045000 3.050096 0.045000 5.680759 0.045000 5.844585 0.045000 1.992594 0.045000 2.199348 0.045000
7.800531 0.045000 7.591931 0.045000 5.774843 0.045000 5.451146 0.225000 3.165914 0.045000 2.930906 0.045000 5.668318 0.045000 5.945831 0.225000 1.974244 0.045000 2.249129 0.045000
7.792880 0.045000 7.622189 0.045000 5.703445 0.045000 5.434973 0.045000 3.238559 0.045000 3.068824 0.045000 5.613412 0.045000 5.793958 0.045000 2.010457 0.045000 2.177619 0.045000
7.828826 0.045000 7.643133 0.045000 5.734075 0.045000 5.813587 0.225000 3.280145 0.045000 3.038227 0.045000 5.580325 0.045000 5.794151 0.045000 1.982415 0.045000 2.243325 0.045000
7.811570 0.045000 7.703260 0.045000 5.699894 0.045000 5.486227 0.045000 3.257794 0.045000 3.172564 0.045000 5.653071 0.045000 5.676689 0.045000 1.959357 0.045000 2.206294 0.045000
7.852294 0.045000 7.678586 0.045000 5.783734 0.045000 5.508050 0.045000 3.318510 0.045000 3.073461 0.045000 5.597873 0.225000 5.754178 0.045000 1.941215 0.045000 2.144837 0.045000
7.982744 0.225000 7.639165 0.045000 5.872905 0.045000 5.611128 0.045000 3.263693 0.045000 3.036743 0.045000 5.569763 0.045000 5.714201 0.045000 1.926055 0.045000 2.044901 0.045000
7.824815 0.045000 7.776136 0.045000 5.824190 0.045000 5.565411 0.045000 3.494061 0.225000 3.199444 0.045000 5.592500 0.045000 5.754114 0.045000 1.868276 0.045000 2.124517 0.045000
7.967953 0.045000 7.732828 0.045000 5.912924 0.045000 5.721746 0.045000 3.318691 0.045000 3.185127 0.045000 5.585645 0.045000 5.717179 0.045000 1.858771 0.045000 2.041352 0.045000
7.830315 0.045000 7.747120 0.045000 5.821042 0.045000 5.682994 0.045000 3.270692 0.045000 3.175489 0.045000 5.605053 0.045000 5.695055 0.045000 1.840017 0.045000 1.959248 0.045000
7.902076 0.045000 7.749531 0.045000 6.841708 0.225000 5.647668 0.045000 3.338381 0.045000 3.210048 0.045000 5.568624 0.045000 5.673574 0.045000 1.765228 0.045000 2.041656 0.045000
7.861363 0.045000 7.761286 0.045000 5.918985 0.045000 5.647060 0.045000 3.307493 0.045000 3.111016 0.045000 5.616808 0.045000 5.665714 0.045000 1.748895 0.045000 2.110457 0.045000
7.932507 0.045000 7.764023 0.045000 5.907757 0.045000 5.629889 0.045000 3.384903 0.045000 3.138042 0.045000 5.670866 0.045000 5.691106 0.045000 1.756391 0.045000 2.047066 0.045000
7.916789 0.045000 7.856382 0.045000 5.987094 0.045000 5.682389 0.045000 3.397361 0.045000 3.527551 0.225000 5.601013 0.045000 5.750651 0.225000 1.765483 0.045000 1.955662 0.045000
7.992890 0.045000 7.755463 0.045000 5.924167 0.045000 5.693703 0.045000 3.304364 0.045000 3.190342 0.045000 5.552550 0.045000 6.039411 0.225000 1.807027 0.045000 1.939932 0.045000
7.992157 0.045000 7.782572 0.045000 5.968300 0.045000 5.732876 0.045000 3.391380 0.045000 3.231477 0.045000 5.584397 0.045000 5.644697 0.045000 1.733312 0.045000 1.933312 0.045000
8.026187 0.045000 7.791558 0.045000 6.176311 0.225000 5.780026 0.045000 3.316622 0.045000 3.358767 0.045000 5.622099 0.045000 5.542365 0.045000 1.714115 0.045000 1.915932 0.045000
7.945194 0.045000 7.790195 0.045000 6.136405 0.225000 5.793108 0.045000 3.376888 0.045000 3.263799 0.045000 5.602058 0.045000 5.532207 0.225000 1.687275 0.045000 2.021299 0.045000
7.952344 0.045000 7.815279 0.045000 6.076388 0.045000 5.760712 0.045000 3.527192 0.045000 3.176251 0.045000 5.535114 0.045000 6.240346 0.225000 1.640175 0.045000 1.890423 0.045000
8.047930 0.045000 7.933932 0.225000 6.066184 0.045000 5.824896 0.045000 3.398310 0.045000 3.263988 0.045000 5.664637 0.045000 5.614122 0.045000 1.722218 0.045000 1.893989 0.045000
8.071044 0.045000 8.103302 0.225000 6.067527 0.045000 5.792605 0.045000 3.444642 0.045000 3.280549 0.045000 5.634467 0.045000 5.646251 0.045000 1.727429 0.045000 1.920015 0.045000
8.066476 0.045000 7.829102 0.045000 6.042485 0.045000 5.826221 0.045000 3.465870 0.045000 4.429695 0.225000 5.601252 0.045000 5.640532 0.045000 1.605283 0.045000 1.836458 0.045000
8.083816 0.045000 7.762881 0.225000 6.118800 0.045000 5.751414 0.045000 3.460636 0.045000 3.342140 0.045000 5.719456 0.225000 5.610007 0.045000 1.646726 0.045000 1.865964 0.045000
8.114339 0.225000 7.909103 0.045000 6.131951 0.045000 5.769412 0.045000 3.520678 0.045000 3.300202 0.045000 5.576311 0.045000 5.577362 0.045000 1.680369 0.045000 1.890192 0.045000
8.048855 0.045000 7.848389 0.045000 6.091694 0.045000 5.785093 0.045000 3.443319 0.045000 3.307843 0.045000 5.590281 0.045000 5.575166 0.045000 1.590406 0.045000 1.937168 0.045000
8.188110 0.045000 7.925949 0.045000 6.189718 0.045000 5.854090 0.045000 3.500683 0.045000 3.309587 0.045000 5.741544 0.225000 5.545158 0.045000 1.513810 0.045000 1.832734 0.045000
8.494911 0.225000 7.903315 0.045000 6.087145 0.045000 6.150916 0.225000 3.582265 0.045000 3.282186 0.045000 5.524779 0.045000 6.203485 0.225000 1.614871 0.045000 1.806681 0.045000
8.417744 0.225000 7.877136 0.045000 6.121041 0.045000 5.912719 0.045000 3.500496 0.045000 3.384795 0.045000 5.475388 0.045000 5.665044 0.045000 1.551094 0.045000 1.878449 0.045000
8.067389 0.045000 7.873074 0.045000 6.167619 0.045000 5.912113 0.045000 3.919832 0.225000 3.357084 0.045000 5.517299 0.045000 5.618750 0.045000 1.522678 0.045000 1.801081 0.045000
8.140669 0.045000 8.212848 0.225000 6.160085 0.045000 5.922574 0.045000 3.517814 0.045000 3.370980 0.045000 5.564330 0.045000 5.614399 0.045000 1.563508 0.045000 1.852389 0.045000
8.176920 0.045000 7.983254 0.045000 6.191999 0.045000 5.909331 0.045000 3.471793 0.045000 3.734410 0.225000 5.511786 0.045000 5.603102 0.045000 1.597282 0.045000 1.808207 0.225000
8.136965 0.045000 8.033340 0.045000 6.228772 0.045000 6.089425 0.225000 3.556121 0.045000 3.396646 0.045000 5.588718 0.045000 5.610208 0.045000 1.589628 0.045000 1.720530 0.045000
8.134399 0.045000 8.001961 0.045000 6.271221 0.045000 5.944139 0.045000 3.544195 0.045000 3.364869 0.045000 5.575897 0.045000 6.539136 0.225000 1.501122 0.045000 1.733556 0.045000
8.238498 0.045000 7.952437 0.045000 6.138960 0.045000 5.990314 0.045000 3.486106 0.045000 3.352101 0.045000 5.468396 0.045000 5.620635 0.045000 1.515625 0.045000 1.746773 0.045000
8.191430 0.045000 8.064220 0.225000 6.264299 0.045000 6.028941 0.045000 3.657631 0.045000 3.330926 0.045000 5.560945 0.045000 5.600534 0.045000 2.189557 0.225000 1.758626 0.045000
8.155883 0.045000 7.977500 0.045000 6.136212 0.045000 6.010655 0.045000 3.481360 0.045000 3.395453 0.045000 5.497243 0.045000 5.585313 0.045000 1.520121 0.045000 1.775567 0.045000
8.177408 0.045000 8.083162 0.045000 6.221278 0.045000 5.933723 0.045000 3.599272 0.045000 3.465681 0.045000 5.467809 0.045000 5.547285 0.045000 1.529510 0.045000 1.679379 0.045000
8.138519 0.045000 7.969377 0.045000 6.226853 0.045000 5.980290 0.045000 3.635706 0.045000 3.412271 0.045000 5.528902 0.045000 5.572780 0.045000 1.519281 0.045000 1.691758 0.045000
8.225737 0.045000 8.015015 0.045000 6.176557 0.045000 6.060422 0.045000 3.597959 0.045000 3.393055 0.045000 5.538980 0.045000 5.662307 0.045000 1.489195 0.045000 1.786070 0.045000
8.163892 0.045000 7.993630 0.045000 6.255060 0.045000 5.954064 0.045000 3.540185 0.045000 3.390050 0.045000 5.494537 0.045000 5.652201 0.045000 1.583632 0.045000 1.791946 0.045000
8.132202 0.045000 7.969594 0.045000 6.133816 0.045000 5.937077 0.045000 3.638487 0.045000 3.394655 0.225000 5.474030 0.045000 5.582278 0.045000 1.605662 0.045000 1.710061 0.045000
8.102714 0.045000 7.990849 0.045000 6.238954 0.045000 5.923280 0.045000 3.582619 0.045000 3.424347 0.045000 5.436709 0.045000 5.608755 0.045000 1.523378 0.045000 1.743589 0.045000
8.177181 0.045000 8.016517 0.045000 6.189710 0.045000 6.019221 0.045000 3.616465 0.045000 3.469290 0.045000 5.466800 0.045000 5.644298 0.045000 1.529597 0.045000 1.764415 0.045000
8.189322 0.045000 8.077867 0.045000 6.240564 0.045000 6.053074 0.045000 3.568849 0.045000 3.404739 0.045000 5.450182 0.045000 5.639003 0.045000 1.398355 0.225000 1.320795 0.225000
8.180661 0.045000 8.091328 0.045000 6.295983 0.045000 6.038702 0.045000 3.514764 0.045000 3.482870 0.045000 5.408693 0.045000 5.646984 0.045000 1.557220 0.045000 1.509901 0.045000
8.168042 0.045000 8.474286 0.225000 6.225785 0.045000 5.988291 0.045000 3.520426 0.045000 3.517082 0.045000 5.403067 0.045000 5.591426 0.045000 1.580225 0.045000 1.549512 0.045000
8.137592 0.045000 8.123957 0.045000 6.305776 0.045000 6.367293 0.225000 3.509380 0.045000 3.455349 0.045000 5.672943 0.225000 6.317432 0.225000 1.502247 0.045000 1.528375 0.045000
8.082346 0.045000 8.118626 0.045000 6.320432 0.045000 6.050770 0.045000 3.564094 0.045000 3.444239 0.045000 5.431156 0.045000 5.624770 0.045000 2.155863 0.225000 1.626147 0.045000
8.096516 0.045000 8.113821 0.045000 6.363829 0.045000 6.147661 0.045000 3.538628 0.045000 3.551487 0.045000 5.327906 0.045000 5.540261 0.045000 1.529205 0.045000 1.612900 0.045000
8.101303 0.045000 8.146393 0.045000 6.328751 0.045000 6.165697 0.045000 3.540452 0.045000 3.462571 0.045000 5.346447 0.045000 5.605342 0.045000 1.644930 0.045000 1.540491 0.045000
8.090180 0.045000 8.157587 0.045000 6.268149 0.045000 6.212998 0.045000 3.548685 0.045000 3.543353 0.045000 5.261451 0.045000 5.556885 0.045000 1.515068 0.045000 1.543051 0.045000
8.115062 0.045000 8.149622 0.045000 6.396471 0.045000 6.174030 0.045000 3.751482 0.225000 3.480479 0.045000 5.239348 0.045000 5.494417 0.045000 1.583781 0.045000 1.512009 0.045000
8.070963 0.045000 8.163831 0.045000 6.386049 0.045000 6.195776 0.045000 3.490272 0.045000 3.564550 0.045000 5.266465 0.045000 5.488766 0.045000 1.629922 0.045000 1.579152 0.045000
8.122815 0.045000 8.104138 0.045000 6.343500 0.045000 6.187949 0.045000 3.369288 0.045000 3.527028 0.045000 5.243453 0.045000 5.482021 0.045000 1.660022 0.045000 1.593188 0.045000
8.011565 0.045000 8.125761 0.045000 6.340751 0.045000 6.292250 0.045000 3.458947 0.045000 3.541100 0.045000 5.175837 0.045000 5.414982 0.045000 1.578836 0.045000 1.510553 0.045000
8.053329 0.045000 8.124218 0.045000 6.417195 0.045000 6.273393 0.045000 3.469324 0.045000 3.584703 0.045000 5.139422 0.045000 5.383103 0.045000 1.624927 0.045000 1.504011 0.045000
7.992852 0.045000 8.167310 0.045000 6.378726 0.045000 6.262710 0.045000 3.408416 0.045000 3.526633 0.045000 5.134381 0.045000 5.427608 0.045000 1.834430 0.225000 2.074294 0.225000
8.030856 0.045000 8.175077 0.045000 6.352385 0.045000 6.356547 0.045000 3.494555 0.045000 3.464730 0.045000 5.140564 0.045000 5.381239 0.045000 1.581922 0.045000 1.614479 0.045000
7.965210 0.045000 8.114772 0.045000 6.365606 0.045000 6.364012 0.045000 3.412974 0.045000 3.521965 0.045000 5.155645 0.225000 5.382460 0.045000 1.648065 0.045000 1.577209 0.045000
7.970010 0.045000 8.029501 0.045000 6.369608 0.045000 6.276835 0.045000 3.378175 0.045000 3.787726 0.225000 5.028856 0.225000 5.735201 0.225000 1.754902 0.045000 1.573684 0.045000
7.891019 0.045000 8.095749 0.045000 6.348763 0.045000 6.345457 0.045000 3.376424 0.045000 3.531594 0.045000 4.987462 0.045000 5.297110 0.045000 1.791380 0.045000 1.485538 0.045000
7.939299 0.045000 8.108198 0.045000 6.498609 0.045000 6.312123 0.045000 3.412656 0.045000 3.448228 0.045000 5.526924 0.225000 5.274699 0.045000 1.793346 0.045000 1.622629 0.045000
7.864729 0.045000 8.123384 0.045000 6.340634 0.045000 6.442208 0.045000 3.240301 0.045000 3.491873 0.045000 4.978305 0.045000 5.208051 0.045000 1.799382 0.045000 1.572198 0.045000
7.915946 0.045000 7.961821 0.045000 6.359815 0.045000 6.489621 0.225000 3.325207 0.045000 4.237582 0.225000 4.911820 0.045000 5.211221 0.045000 2.277675 0.225000 1.553544 0.045000
7.936719 0.045000 8.051446 0.045000 6.573312 0.225000 6.389633 0.045000 3.174762 0.045000 3.411143 0.045000 4.955582 0.045000 5.214635 0.045000 1.820534 0.045000 1.589409 0.045000
7.883728 0.045000 8.019125 0.045000 6.311630 0.045000 6.417671 0.045000 3.629640 0.225000 3.461174 0.045000 4.899582 0.045000 5.210868 0.225000 1.828728 0.045000 1.613413 0.045000
7.819563 0.045000 7.960206 0.045000 6.461684 0.045000 6.350055 0.045000 3.278152 0.045000 3.422929 0.045000 4.864130 0.045000 5.081530 0.045000 1.877341 0.045000 1.692630 0.045000
7.749509 0.045000 7.856046 0.045000 6.397692 0.045000 6.425391 0.045000 3.229448 0.045000 3.379193 0.045000 4.899650 0.045000 5.132498 0.045000 1.910201 0.045000 2.309961 0.225000
7.794007 0.045000 8.077919 0.045000 6.343951 0.045000 6.383664 0.045000 3.210041 0.045000 3.364670 0.045000 4.721467 0.045000 5.106418 0.045000 2.057826 0.045000 1.722629 0.045000
7.770378 0.045000 7.982978 0.045000 6.422098 0.045000 7.189871 0.225000 3.229472 0.045000 3.393409 0.045000 4.761630 0.045000 5.310473 0.225000 1.951165 0.045000 1.717080 0.045000
7.749349 0.045000 7.932240 0.045000 6.474515 0.045000 6.360634 0.045000 3.157064 0.045000 3.331957 0.045000 5.500200 0.225000 4.883727 0.045000 1.922667 0.045000 1.870808 0.225000
7.685613 0.045000 7.875602 0.045000 6.421351 0.045000 6.401498 0.045000 3.184076 0.045000 3.244654 0.045000 4.668815 0.045000 4.925574 0.045000 2.044802 0.045000 1.792087 0.045000
7.717893 0.045000 7.831054 0.045000 6.433735 0.045000 6.422385 0.045000 3.218490 0.045000 3.248155 0.045000 4.758281 0.045000 4.923064 0.045000 2.043186 0.045000 1.766111 0.045000
7.714355 0.045000 7.880332 0.045000 6.495856 0.045000 6.393804 0.045000 3.124887 0.045000 3.238898 0.045000 4.686162 0.045000 5.159895 0.225000 2.441911 0.225000 1.922791 0.045000
7.621627 0.045000 7.871134 0.045000 6.459890 0.045000 6.410492 0.045000 3.074855 0.045000 3.298972 0.045000 4.649747 0.045000 4.865059 0.045000 2.105035 0.045000 2.792448 0.225000
7.709759 0.045000 7.790800 0.045000 6.413930 0.045000 6.436548 0.045000 3.068935 0.045000 3.245772 0.045000 4.610983 0.045000 4.803854 0.045000 2.204914 0.045000 1.931393 0.045000
7.651791 0.045000 7.817485 0.045000 6.987954 0.225000 6.395362 0.045000 3.026111 0.045000 3.253889 0.045000 4.569592 0.045000 4.819518 0.045000 2.140513 0.045000 1.956554 0.045000
7.597694 0.045000 7.717494 0.045000 6.496735 0.045000 6.376486 0.045000 3.127236 0.045000 3.204220 0.045000 4.641227 0.045000 4.808270 0.045000 2.201327 0.045000 1.959303 0.045000
7.437769 0.225000 7.754413 0.045000 6.481759 0.045000 6.417134 0.045000 3.107881 0.045000 3.165412 0.045000 4.586494 0.045000 4.711599 0.045000 2.167121 0.045000 1.976657 0.045000
7.641952 0.045000 7.754248 0.045000 6.387559 0.045000 6.398510 0.045000 3.079284 0.045000 3.201940 0.045000 4.538042 0.045000 4.755271 0.045000 2.285164 0.045000 1.997864 0.045000
7.600353 0.045000 7.678270 0.225000 6.547066 0.045000 6.380715 0.045000 3.123839 0.045000 3.108692 0.045000 4.506914 0.045000 4.731736 0.045000 2.243726 0.045000 2.106036 0.045000
7.655028 0.045000 7.677435 0.045000 6.524671 0.045000 6.489338 0.045000 2.989710 0.045000 3.183311 0.045000 4.426241 0.045000 4.756400 0.045000 2.253834 0.045000 2.136347 0.045000
7.545751 0.045000 7.618957 0.045000 6.512290 0.045000 6.481032 0.045000 3.050247 0.045000 3.144586 0.045000 4.451885 0.045000 4.645946 0.045000 2.247401 0.045000 2.106102 0.045000
7.506322 0.045000 7.629566 0.045000 6.547032 0.045000 6.481194 0.045000 3.030438 0.045000 3.066793 0.045000 4.441623 0.045000 4.640922 0.045000 2.340782 0.045000 2.078382 0.045000
7.521578 0.045000 7.627287 0.045000 6.553067 0.045000 6.404218 0.045000 2.968995 0.045000 3.135550 0.045000 4.273430 0.045000 4.573975 0.045000 2.350420 0.045000 2.176602 0.045000
7.518540 0.045000 7.412923 0.225000 6.547503 0.045000 6.525615 0.045000 3.786016 0.225000 3.083989 0.045000 4.427572 0.045000 4.551143 0.045000 2.308577 0.045000 2.316300 0.225000
7.524641 0.045000 7.631592 0.045000 6.486745 0.045000 6.563817 0.045000 2.928271 0.045000 3.087205 0.045000 4.289170 0.045000 5.454267 0.225000 2.423723 0.045000 2.200103 0.045000
7.494799 0.045000 7.545208 0.045000 6.451100 0.045000 6.472750 0.045000 2.990471 0.045000 3.038435 0.045000 4.294707 0.045000 4.535169 0.045000 2.395429 0.045000 2.259227 0.045000
7.403984 0.045000 7.561440 0.045000 6.561199 0.045000 6.577142 0.045000 2.964693 0.045000 3.051443 0.045000 4.468025 0.225000 4.463982 0.045000 2.484083 0.045000 2.237673 0.045000
7.471131 0.045000 7.593419 0.045000 6.506591 0.225000 6.484503 0.045000 2.925129 0.045000 3.092187 0.045000 4.147439 0.045000 4.452873 0.045000 2.530383 0.045000 2.239056 0.045000
7.360675 0.045000 7.575489 0.045000 6.562437 0.045000 6.600900 0.045000 2.983451 0.045000 3.071009 0.225000 4.170546 0.045000 4.398747 0.045000 2.632485 0.045000 2.322531 0.045000
7.352032 0.045000 7.484347 0.045000 6.594210 0.045000 6.460625 0.045000 2.918353 0.045000 2.992653 0.045000 4.436382 0.225000 4.409976 0.045000 2.580526 0.045000 2.236762 0.045000
7.320632 0.045000 7.496672 0.045000 6.653767 0.045000 6.582457 0.045000 2.913098 0.045000 2.994350 0.045000 4.088288 0.045000 4.368642 0.045000 2.592801 0.045000 2.361063 0.045000
7.407961 0.045000 7.779478 0.225000 7.048932 0.225000 6.537897 0.045000 4.445398 0.225000 2.912900 0.225000 4.094807 0.045000 4.322451 0.045000 2.640354 0.045000 2.406588 0.045000
7.318856 0.045000 7.459285 0.045000 6.638415 0.045000 6.607763 0.045000 3.094062 0.225000 2.929968 0.045000 4.176557 0.225000 4.208072 0.045000 2.637248 0.045000 2.411039 0.045000
7.196617 0.225000 7.449642 0.045000 6.554990 0.045000 6.512718 0.045000 3.022930 0.225000 2.916214 0.045000 4.001089 0.045000 4.262235 0.045000 2.687328 0.045000 2.723474 0.225000
7.790979 0.225000 7.428035 0.045000 6.607923 0.045000 6.540739 0.045000 2.912129 0.045000 2.917969 0.045000 4.033258 0.045000 4.233796 0.045000 2.685916 0.045000 2.505350 0.045000
7.149532 0.045000 7.434957 0.045000 6.622735 0.045000 6.516870 0.045000 2.985654 0.045000 2.857033 0.045000 4.000425 0.045000 4.264244 0.045000 2.735350 0.045000 2.490329 0.045000
7.217001 0.045000 7.399795 0.045000 6.656202 0.045000 6.500997 0.045000 2.768090 0.045000 2.888961 0.045000 4.350046 0.225000 4.171804 0.045000 2.695911 0.045000 2.382854 0.045000
7.195094 0.045000 7.335970 0.045000 6.658252 0.045000 6.618528 0.045000 2.867262 0.045000 2.941542 0.045000 3.914278 0.045000 4.207551 0.045000 2.790191 0.045000 2.571155 0.045000
7.561656 0.225000 7.418903 0.045000 6.627619 0.045000 6.566654 0.045000 2.791603 0.045000 2.962914 0.045000 3.886813 0.045000 4.205128 0.045000 2.855633 0.045000 2.644068 0.045000
7.201668 0.045000 7.295748 0.045000 6.824871 0.045000 6.652204 0.045000 2.843765 0.045000 2.902641 0.045000 3.841695 0.045000 4.164820 0.045000 2.779158 0.045000 2.656217 0.045000
7.537930 0.225000 7.402039 0.225000 6.711776 0.045000 6.625684 0.045000 2.565076 0.225000 2.924734 0.045000 3.830209 0.045000 4.021169 0.045000 2.877285 0.045000 2.636334 0.045000
7.253043 0.045000 7.253144 0.045000 6.697875 0.045000 6.666665 0.045000 2.856259 0.045000 2.895438 0.045000 3.824088 0.045000 4.088566 0.045000 2.850198 0.045000 2.731223 0.225000
7.162202 0.045000 7.323398 0.045000 6.779441 0.045000 6.630335 0.045000 2.867811 0.045000 2.850059 0.045000 3.800314 0.045000 4.064468 0.045000 2.915891 0.045000 2.716408 0.045000
7.134014 0.045000 7.359577 0.045000 6.776951 0.045000 6.659035 0.045000 2.794654 0.045000 2.880682 0.045000 3.781978 0.045000 3.998074 0.045000 2.939567 0.045000 2.716858 0.045000
7.112027 0.045000 7.375243 0.045000 6.754283 0.045000 6.715978 0.045000 2.827121 0.045000 2.848092 0.045000 3.663204 0.045000 4.094459 0.045000 3.007036 0.045000 2.728542 0.045000
7.168356 0.045000 7.269762 0.045000 6.741072 0.045000 6.622507 0.045000 2.729553 0.045000 2.866110 0.045000 3.667335 0.045000 4.016739 0.045000 3.021088 0.045000 2.733985 0.045000
7.051052 0.045000 7.280571 0.045000 6.778573 0.045000 6.607684 0.045000 2.826163 0.045000 2.853571 0.045000 3.707251 0.045000 3.913664 0.045000 3.011131 0.045000 2.786522 0.045000
7.082803 0.045000 7.246646 0.045000 6.786078 0.045000 6.712916 0.045000 2.813740 0.045000 2.875678 0.045000 3.696498 0.045000 3.874825 0.045000 3.010356 0.045000 2.764504 0.045000
7.070791 0.045000 7.168111 0.045000 7.168779 0.225000 6.723409 0.045000 2.800581 0.045000 2.790980 0.045000 3.679873 0.045000 3.844825 0.045000 3.108131 0.045000 2.837979 0.045000
7.016615 0.045000 7.554157 0.225000 6.769074 0.045000 6.743556 0.045000 2.763693 0.045000 2.768715 0.045000 3.920079 0.225000 3.811701 0.045000 3.096374 0.045000 2.845707 0.045000
7.082819 0.045000 7.376393 0.225000 6.815335 0.045000 6.742884 0.045000 2.828341 0.045000 2.884427 0.045000 3.599689 0.225000 3.824694 0.045000 3.491371 0.225000 2.946959 0.045000
7.079185 0.045000 7.159130 0.045000 6.889991 0.045000 6.748356 0.045000 2.832819 0.045000 2.731057 0.045000 3.453038 0.045000 3.835929 0.045000 3.168444 0.045000 2.854281 0.045000
6.982814 0.045000 7.100368 0.045000 6.801173 0.045000 6.723665 0.045000 2.720384 0.045000 2.901258 0.045000 4.083725 0.225000 3.636203 0.045000 3.181596 0.045000 2.883116 0.045000
7.089961 0.045000 7.122156 0.045000 6.823722 0.045000 6.764447 0.045000 2.797492 0.045000 2.837944 0.045000 3.497096 0.045000 3.712559 0.045000 3.234982 0.045000 3.009975 0.045000
7.047935 0.045000 6.957592 0.225000 6.914726 0.045000 6.746823 0.045000 3.210273 0.225000 2.740484 0.045000 3.463949 0.045000 3.648042 0.045000 3.227732 0.045000 2.981812 0.225000
6.969746 0.045000 7.116429 0.045000 6.907261 0.045000 6.815783 0.045000 2.816266 0.045000 3.014697 0.225000 3.647280 0.225000 3.667113 0.045000 3.209915 0.045000 2.979220 0.045000
6.918180 0.045000 7.343707 0.225000 6.922265 0.045000 6.783781 0.045000 2.736635 0.045000 2.811867 0.045000 3.684289 0.225000 3.680679 0.225000 3.312268 0.045000 3.087528 0.045000
6.910256 0.045000 7.146595 0.225000 6.916649 0.045000 6.830903 0.045000 2.757945 0.045000 3.351700 0.225000 3.431561 0.045000 3.510736 0.045000 3.323341 0.045000 3.058413 0.045000
6.945560 0.045000 7.034974 0.045000 6.927381 0.045000 6.797391 0.045000 2.733370 0.045000 2.790389 0.045000 3.399160 0.045000 3.662225 0.045000 3.334933 0.045000 2.997174 0.045000
6.950491 0.045000 7.050385 0.045000 6.888692 0.045000 6.776478 0.045000 2.837936 0.045000 2.723827 0.225000 3.347158 0.045000 3.515589 0.045000 3.356298 0.045000 3.143546 0.045000
6.891436 0.045000 7.008707 0.045000 6.956730 0.045000 6.788078 0.045000 2.708460 0.045000 2.761953 0.045000 3.274305 0.045000 3.467221 0.045000 3.345966 0.045000 3.204424 0.045000
6.776091 0.225000 7.059765 0.045000 6.974344 0.045000 6.855939 0.045000 2.793234 0.225000 2.784384 0.045000 3.237644 0.045000 3.508875 0.045000 3.413871 0.045000 3.221473 0.045000
6.816760 0.045000 6.939218 0.045000 6.989773 0.045000 6.852157 0.045000 2.669180 0.045000 2.799711 0.045000 3.232290 0.045000 3.419639 0.045000 3.521726 0.045000 3.241628 0.045000
6.912377 0.045000 6.973030 0.045000 6.986463 0.045000 7.211821 0.225000 2.851944 0.045000 2.803192 0.045000 3.185806 0.045000 3.370826 0.045000 3.488070 0.045000 3.237857 0.045000
6.898310 0.045000 7.026069 0.045000 6.935733 0.045000 6.893435 0.045000 2.758323 0.045000 2.721444 0.045000 3.175698 0.045000 3.420626 0.045000 3.530658 0.045000 3.244620 0.045000
6.779321 0.045000 6.976375 0.045000 7.008407 0.045000 6.850415 0.045000 2.733846 0.045000 2.673604 0.045000 3.208751 0.045000 3.341436 0.045000 3.541873 0.045000 3.310235 0.045000
6.820221 0.045000 6.893887 0.045000 6.995674 0.045000 6.937076 0.045000 2.728025 0.045000 2.806736 0.045000 3.167079 0.045000 3.323342 0.045000 3.603784 0.045000 3.328921 0.045000
6.807845 0.045000 6.910400 0.045000 6.952264 0.045000 6.919690 0.045000 2.803014 0.045000 2.750188 0.045000 3.081837 0.045000 3.363698 0.045000 3.663651 0.045000 3.351961 0.045000
6.800344 0.045000 6.933416 0.045000 7.371789 0.225000 6.910437 0.045000 2.803643 0.045000 2.693978 0.045000 3.009895 0.045000 3.300633 0.045000 3.576570 0.045000 3.387839 0.045000
6.809837 0.045000 6.852823 0.045000 7.030079 0.045000 6.982213 0.045000 2.772417 0.045000 2.742927 0.045000 3.015992 0.045000 3.282131 0.045000 3.672929 0.045000 3.396395 0.045000
6.788487 0.045000 6.909076 0.045000 7.333503 0.225000 6.890937 0.045000 3.331690 0.225000 2.706818 0.045000 3.032916 0.045000 3.262168 0.045000 3.741940 0.045000 3.399505 0.045000
6.827856 0.045000 6.809256 0.045000 7.100725 0.045000 6.998884 0.045000 2.813494 0.045000 2.746821 0.045000 2.977081 0.045000 3.271563 0.045000 3.677415 0.045000 3.502659 0.045000
6.747106 0.225000 6.879217 0.045000 7.124787 0.045000 6.965680 0.045000 2.900385 0.045000 2.766901 0.045000 2.898938 0.045000 3.211549 0.045000 3.825771 0.045000 3.374424 0.225000
6.699885 0.045000 6.880027 0.045000 7.076407 0.045000 6.880757 0.045000 2.899862 0.045000 3.509602 0.225000 2.891124 0.045000 3.159818 0.045000 3.734146 0.045000 3.580768 0.045000
6.719367 0.045000 6.745679 0.045000 7.095654 0.045000 7.027940 0.045000 2.832613 0.045000 2.749367 0.045000 2.886566 0.045000 3.092617 0.045000 3.785180 0.045000 3.637971 0.045000
6.663947 0.045000 6.770685 0.045000 7.195867 0.045000 7.036529 0.045000 2.832855 0.045000 2.768791 0.045000 2.884957 0.045000 3.134936 0.045000 3.842889 0.225000 3.602258 0.045000
6.690679 0.045000 6.806729 0.045000 7.133306 0.045000 7.033896 0.045000 2.840243 0.225000 2.771922 0.045000 2.907181 0.045000 3.074165 0.045000 3.907917 0.045000 3.656934 0.045000
6.810809 0.225000 6.935931 0.225000 7.211557 0.045000 6.984111 0.045000 2.835824 0.045000 2.805870 0.045000 2.914566 0.045000 3.002133 0.045000 3.898566 0.045000 3.677336 0.045000
6.716045 0.045000 6.777995 0.045000 7.261825 0.045000 7.060572 0.045000 2.838791 0.045000 2.759547 0.045000 2.790404 0.045000 3.025566 0.045000 3.938351 0.045000 3.898686 0.225000
6.632130 0.045000 6.821696 0.225000 7.204081 0.045000 7.063113 0.045000 2.802121 0.045000 2.806415 0.045000 2.849490 0.045000 2.933954 0.045000 4.019021 0.045000 4.475272 0.225000
6.723793 0.045000 6.798583 0.045000 7.254007 0.045000 7.003329 0.045000 2.837075 0.045000 2.842875 0.045000 2.679339 0.045000 2.924426 0.045000 3.979064 0.045000 3.727024 0.045000
6.655268 0.045000 6.728725 0.045000 7.316337 0.045000 7.088419 0.045000 2.853862 0.045000 2.831428 0.045000 2.812647 0.225000 3.707731 0.225000 4.081856 0.045000 3.756013 0.045000
6.712051 0.045000 6.781265 0.045000 7.194215 0.045000 7.049090 0.045000 2.853379 0.045000 3.075632 0.225000 2.667900 0.045000 2.958465 0.045000 3.982375 0.045000 3.842513 0.045000
6.590607 0.045000 6.619431 0.045000 7.264386 0.045000 7.101259 0.045000 2.941288 0.225000 2.829603 0.045000 2.653985 0.045000 2.851739 0.045000 3.983903 0.045000 3.887442 0.045000
6.662491 0.045000 6.651849 0.045000 7.461868 0.225000 7.194731 0.045000 2.812119 0.045000 2.792494 0.045000 2.652268 0.045000 2.871118 0.045000 4.138656 0.045000 3.874931 0.045000
6.681590 0.045000 6.718601 0.045000 7.333134 0.045000 7.126956 0.045000 2.881747 0.045000 2.731872 0.045000 2.558799 0.045000 3.229659 0.225000 5.461034 0.225000 3.961287 0.045000
6.637009 0.045000 6.654447 0.045000 7.349103 0.045000 7.167952 0.045000 2.910047 0.045000 2.856762 0.045000 2.646899 0.045000 2.817165 0.045000 4.143556 0.045000 3.843444 0.045000
6.554073 0.045000 6.717694 0.045000 7.319842 0.045000 7.194047 0.045000 2.955894 0.045000 2.883093 0.045000 2.630790 0.045000 2.700085 0.045000 4.133298 0.045000 3.981971 0.045000
6.619885 0.045000 6.710696 0.045000 7.300079 0.045000 7.173595 0.045000 2.922696 0.045000 2.859110 0.045000 2.530327 0.045000 2.722787 0.045000 4.294197 0.045000 3.960922 0.045000
6.505129 0.045000 7.488329 0.225000 7.381591 0.045000 7.085255 0.225000 2.929953 0.045000 2.808247 0.045000 2.531773 0.045000 2.669121 0.045000 4.221589 0.045000 3.910500 0.045000
6.541455 0.045000 6.588359 0.045000 7.362154 0.045000 7.293122 0.045000 2.912315 0.045000 2.862830 0.045000 2.516314 0.045000 2.706756 0.045000 4.322652 0.045000 4.021886 0.045000
6.582158 0.045000 6.631313 0.045000 7.347686 0.045000 7.165485 0.045000 2.961865 0.045000 2.928400 0.045000 2.444192 0.045000 2.646734 0.045000 4.259248 0.045000 3.978299 0.045000
6.639467 0.225000 6.598654 0.045000 7.381957 0.045000 7.326006 0.045000 2.898998 0.045000 2.922643 0.045000 2.473840 0.045000 2.627713 0.045000 4.339594 0.045000 4.142437 0.045000
6.534310 0.045000 6.829824 0.225000 7.690775 0.225000 7.306340 0.045000 3.006965 0.045000 2.863104 0.045000 2.461312 0.045000 2.693852 0.045000 4.378195 0.045000 4.102100 0.045000
6.531135 0.045000 6.552995 0.045000 7.490514 0.045000 7.327692 0.045000 2.961135 0.045000 2.917879 0.045000 2.374173 0.045000 2.575734 0.045000 4.355495 0.045000 4.096825 0.045000
6.570424 0.045000 6.596695 0.045000 7.461432 0.045000 7.350301 0.045000 2.991145 0.045000 2.880073 0.045000 2.387890 0.045000 2.632440 0.045000 4.387265 0.045000 4.092203 0.045000
6.526404 0.045000 6.648911 0.045000 7.378619 0.045000 7.396500 0.045000 2.991008 0.045000 2.914519 0.045000 2.260171 0.045000 2.536231 0.045000 4.448835 0.045000 4.154758 0.045000
6.439549 0.045000 6.610951 0.045000 7.658724 0.225000 7.313868 0.045000 2.975745 0.045000 2.922167 0.045000 2.358540 0.045000 2.480004 0.045000 4.453932 0.045000 4.166100 0.045000
6.513125 0.045000 6.801881 0.225000 7.521146 0.045000 7.442185 0.045000 3.276717 0.225000 2.984496 0.045000 2.360345 0.045000 2.376964 0.045000 4.536556 0.045000 4.247929 0.045000
6.486996 0.045000 6.557965 0.045000 7.411700 0.225000 7.404099 0.045000 2.932026 0.045000 3.025520 0.045000 2.233705 0.045000 2.440334 0.045000 4.562922 0.045000 4.307395 0.045000
6.462054 0.045000 7.276491 0.225000 7.513346 0.045000 7.362106 0.045000 3.006311 0.045000 2.946719 0.045000 2.306363 0.045000 2.423769 0.045000 4.527801 0.045000 4.251718 0.045000
6.458834 0.045000 6.594916 0.045000 7.847733 0.225000 7.402069 0.045000 3.055070 0.045000 2.899485 0.045000 2.250536 0.045000 2.328972 0.045000 4.601937 0.045000 4.381618 0.045000
6.471888 0.045000 6.565745 0.045000 7.531305 0.045000 7.427135 0.045000 3.123980 0.045000 2.999972 0.045000 2.151349 0.045000 2.374370 0.045000 4.626408 0.045000 4.366348 0.045000
6.482809 0.045000 6.441912 0.045000 7.560099 0.045000 7.479613 0.045000 3.099023 0.045000 2.987703 0.045000 2.226718 0.045000 2.384619 0.045000 4.627154 0.225000 4.331484 0.045000
6.404683 0.045000 6.464047 0.045000 7.690499 0.225000 7.432729 0.045000 3.136314 0.045000 2.984003 0.045000 2.099498 0.045000 2.306519 0.225000 5.228476 0.225000 4.462909 0.045000
6.411646 0.045000 6.497141 0.045000 7.635294 0.045000 7.452222 0.045000 3.148863 0.045000 3.039561 0.045000 2.145162 0.045000 2.341603 0.045000 4.744696 0.045000 4.594733 0.045000
6.375169 0.045000 6.480789 0.045000 7.831114 0.225000 7.513958 0.045000 3.109257 0.045000 3.011888 0.045000 1.988266 0.045000 2.262597 0.045000 4.723749 0.045000 4.477457 0.045000
6.460563 0.045000 6.510294 0.045000 7.654827 0.045000 7.559579 0.045000 3.777003 0.225000 2.992123 0.045000 2.101545 0.045000 2.671657 0.225000 4.701463 0.045000 4.494339 0.045000
6.353214 0.045000 6.422422 0.045000 7.633089 0.045000 7.552629 0.045000 3.115755 0.045000 3.080980 0.045000 2.007966 0.045000 2.520910 0.225000 5.144915 0.225000 4.535582 0.045000
6.512089 0.045000 6.482142 0.045000 7.592852 0.045000 7.590623 0.045000 3.169732 0.045000 3.003722 0.045000 2.060206 0.045000 2.171033 0.045000 4.829770 0.045000 5.001191 0.225000
6.329982 0.045000 6.481560 0.045000 7.663107 0.045000 7.524461 0.045000 4.008295 0.225000 3.023051 0.045000 1.922098 0.045000 2.204128 0.045000 4.799345 0.045000 4.627015 0.045000
6.318423 0.045000 6.432815 0.045000 7.766699 0.045000 7.565169 0.045000 3.234982 0.045000 3.070645 0.045000 2.026792 0.045000 2.281896 0.045000 5.248485 0.225000 4.897443 0.225000
6.351865 0.045000 6.444303 0.045000 7.758756 0.045000 7.549681 0.045000 3.222580 0.045000 3.005745 0.045000 1.956345 0.045000 2.120175 0.045000 5.181370 0.225000 4.689033 0.045000
6.323905 0.045000 6.492206 0.045000 7.830831 0.045000 7.581050 0.045000 3.216059 0.045000 3.089965 0.045000 2.012869 0.225000 2.127824 0.045000 5.176680 0.225000 4.577295 0.045000
6.413192 0.045000 6.477090 0.045000 7.698702 0.045000 7.497645 0.045000 3.300161 0.045000 3.116734 0.045000 2.139813 0.225000 2.118744 0.045000 4.967094 0.045000 4.674127 0.045000
6.324692 0.045000 6.463064 0.225000 7.846837 0.045000 7.682896 0.045000 3.284958 0.045000 3.057433 0.045000 1.906575 0.045000 2.276461 0.225000 4.987015 0.045000 4.699522 0.045000
6.284063 0.045000 6.589005 0.225000 7.781616 0.045000 7.586105 0.045000 3.222970 0.045000 2.966204 0.225000 1.899595 0.045000 2.055990 0.045000 4.936664 0.045000 4.678364 0.045000
6.811649 0.225000 6.427824 0.045000 7.814738 0.045000 7.784630 0.225000 3.274826 0.045000 3.120119 0.045000 1.932865 0.045000 2.128907 0.045000 4.962002 0.045000 4.711659 0.045000
6.419152 0.045000 6.439729 0.045000 7.835252 0.045000 7.695057 0.045000 3.247982 0.045000 3.167059 0.045000 2.109912 0.225000 2.074758 0.045000 4.986543 0.045000 4.774097 0.045000
6.390518 0.045000 6.365848 0.045000 8.394816 0.225000 8.210103 0.225000 3.319974 0.045000 3.157880 0.045000 1.800377 0.045000 2.039703 0.045000 5.079114 0.045000 5.199008 0.225000
6.401644 0.045000 6.391489 0.045000 7.843667 0.045000 7.694846 0.045000 3.270414 0.045000 3.171956 0.045000 1.837796 0.045000 2.042564 0.045000 5.079905 0.045000 4.830225 0.225000
6.345076 0.045000 6.386175 0.045000 7.801081 0.045000 7.700211 0.045000 3.302226 0.045000 3.139390 0.045000 1.888215 0.045000 2.024971 0.045000 5.079803 0.045000 4.763657 0.045000
6.325582 0.045000 6.394654 0.045000 7.861236 0.045000 7.596783 0.045000 3.316692 0.045000 3.260804 0.045000 1.796277 0.045000 2.026773 0.045000 5.095331 0.045000 4.832134 0.045000
6.340693 0.045000 6.395341 0.045000 7.885871 0.045000 7.682342 0.045000 3.296378 0.045000 3.161787 0.045000 1.790170 0.045000 1.932160 0.045000 5.146816 0.045000 4.886797 0.045000
6.375184 0.045000 6.448943 0.045000 7.891559 0.045000 7.725579 0.045000 3.380147 0.045000 3.179975 0.045000 1.830135 0.045000 2.016855 0.045000 5.115537 0.045000 4.848904 0.225000
6.339426 0.045000 6.412037 0.045000 7.881769 0.045000 7.710908 0.045000 3.342769 0.045000 3.187907 0.045000 1.831655 0.045000 2.034915 0.045000 5.179761 0.045000 4.911813 0.045000
6.354455 0.045000 6.358916 0.045000 7.927904 0.045000 7.674085 0.045000 3.354277 0.045000 3.190693 0.045000 1.865318 0.045000 1.981073 0.045000 5.167181 0.045000 5.055749 0.225000
6.286404 0.045000 6.347961 0.045000 7.922902 0.045000 7.794393 0.045000 3.315247 0.045000 3.210722 0.045000 1.730519 0.045000 1.979366 0.045000 5.247119 0.045000 4.912186 0.045000
6.635934 0.225000 6.265610 0.045000 7.906554 0.045000 7.774656 0.045000 3.379774 0.045000 3.206020 0.045000 1.796964 0.045000 1.943646 0.045000 5.287038 0.045000 4.923700 0.045000
6.359222 0.045000 6.339794 0.045000 7.943895 0.045000 7.751341 0.045000 3.343891 0.045000 3.193186 0.045000 1.835327 0.045000 1.894466 0.045000 5.236850 0.045000 4.959113 0.045000
6.272728 0.045000 6.409585 0.045000 7.961876 0.045000 7.785277 0.045000 3.343559 0.045000 3.189889 0.045000 1.791677 0.045000 1.907467 0.045000 5.212209 0.045000 4.986794 0.045000
6.269063 0.045000 6.355505 0.045000 7.961227 0.045000 7.776688 0.045000 3.291333 0.045000 3.186415 0.045000 1.781714 0.045000 1.867783 0.045000 5.212111 0.045000 4.934836 0.045000
6.286742 0.045000 7.596976 0.225000 7.945385 0.045000 7.768759 0.045000 3.426347 0.045000 3.197098 0.045000 1.712482 0.045000 1.895672 0.045000 5.296551 0.045000 4.994487 0.045000
6.241590 0.045000 6.351145 0.045000 7.949218 0.045000 7.735836 0.045000 3.308913 0.045000 3.260955 0.045000 1.704280 0.045000 1.992692 0.225000 5.244478 0.045000 4.952118 0.045000
6.213549 0.045000 6.304012 0.045000 7.928711 0.045000 7.748478 0.045000 3.407088 0.045000 3.283535 0.045000 1.644998 0.045000 1.896127 0.045000 5.223694 0.045000 4.967744 0.045000
6.211446 0.225000 6.328843 0.045000 8.019386 0.045000 7.840118 0.045000 3.390757 0.045000 3.285353 0.225000 1.697788 0.045000 1.904851 0.045000 5.247633 0.045000 5.032765 0.045000
6.267488 0.045000 6.368161 0.045000 8.154053 0.225000 7.867800 0.045000 3.411973 0.045000 3.298959 0.045000 1.654748 0.045000 1.850707 0.045000 5.289793 0.045000 5.017069 0.045000
6.311039 0.045000 6.341167 0.045000 7.968599 0.045000 7.793843 0.045000 3.293740 0.045000 3.269703 0.045000 1.742879 0.045000 1.871539 0.045000 5.257100 0.045000 5.595464 0.225000
6.226678 0.045000 6.355621 0.045000 7.916043 0.045000 7.839297 0.045000 3.508465 0.045000 3.298810 0.045000 1.686423 0.045000 1.780773 0.045000 5.317315 0.045000 4.996311 0.045000
6.272483 0.045000 6.311594 0.045000 7.988487 0.045000 8.364326 0.225000 3.838553 0.225000 3.308003 0.045000 1.713563 0.045000 1.952929 0.225000 5.265089 0.045000 5.072064 0.045000
