2.320975 0.120000 2.488363 0.600000 5.770099 0.120000 5.805622 0.120000 4.298429 0.600000 4.380256 0.120000 7.212005 0.120000 8.375946 0.600000 9.031885 0.120000 9.236848 0.120000
2.029211 0.600000 1.233593 0.120000 5.646766 0.120000 6.188448 0.120000 4.332345 0.120000 4.350782 0.600000 7.289465 0.120000 7.504894 0.120000 8.964813 0.120000 9.501827 0.120000
2.261799 0.120000 1.605505 0.600000 5.799406 0.120000 6.133312 0.120000 4.526109 0.120000 4.718582 0.120000 7.674164 0.600000 7.481681 0.120000 9.235296 0.120000 9.630313 0.120000
2.144103 0.120000 1.924269 0.120000 5.956145 0.120000 6.233762 0.120000 3.996850 0.120000 5.378608 0.600000 7.664605 0.120000 7.436387 0.120000 9.123112 0.120000 9.083862 0.120000
1.781178 0.120000 2.030006 0.120000 6.009549 0.120000 6.267242 0.120000 4.306790 0.120000 4.434282 0.120000 7.343276 0.120000 7.690732 0.120000 9.067126 0.120000 9.469615 0.120000
2.297798 0.120000 1.417000 0.120000 5.511330 0.120000 6.218955 0.120000 4.327969 0.120000 4.231794 0.600000 7.128262 0.120000 7.248041 0.120000 9.014369 0.600000 9.543731 0.120000
2.280527 0.120000 1.929288 0.120000 5.518677 0.120000 6.113665 0.600000 3.540815 0.120000 4.384269 0.120000 7.776559 0.120000 7.409059 0.120000 9.523047 0.120000 9.025689 0.120000
1.854584 0.120000 2.609665 0.600000 5.633186 0.120000 6.032966 0.120000 3.915370 0.120000 4.279870 0.120000 7.370419 0.120000 7.518030 0.120000 9.000505 0.120000 9.058891 0.120000
1.867545 0.120000 2.009404 0.120000 5.989389 0.600000 6.028195 0.120000 3.689037 0.600000 4.034767 0.120000 7.631405 0.120000 7.869236 0.120000 8.768224 0.120000 9.094628 0.120000
2.326831 0.120000 1.709820 0.600000 5.864800 0.600000 5.907219 0.120000 4.376390 0.120000 4.271928 0.120000 7.684765 0.120000 7.230662 0.120000 9.231250 0.120000 9.318006 0.120000
2.437648 0.120000 1.727483 0.120000 5.833331 0.120000 5.896391 0.120000 4.021470 0.120000 4.176159 0.120000 7.421492 0.120000 7.256962 0.120000 9.206944 0.120000 8.862383 0.120000
2.319995 0.120000 1.985843 0.120000 6.025289 0.120000 6.148150 0.120000 3.834456 0.120000 3.731722 0.120000 7.499158 0.120000 8.053708 0.120000 8.454983 0.120000 9.459810 0.120000
2.601937 0.120000 1.971745 0.120000 5.639157 0.120000 6.213729 0.120000 4.359620 0.120000 4.132830 0.120000 7.476894 0.120000 6.870944 0.120000 8.709568 0.600000 9.393044 0.120000
2.590841 0.600000 2.078032 0.120000 5.786607 0.120000 5.789962 0.120000 4.305143 0.120000 4.879525 0.120000 7.367874 0.120000 7.643958 0.120000 8.827352 0.120000 8.991700 0.120000
2.487876 0.120000 1.953491 0.120000 5.832554 0.120000 5.757122 0.120000 4.149240 0.120000 3.918539 0.120000 7.164983 0.120000 7.339206 0.120000 8.664591 0.120000 8.726039 0.120000
2.378175 0.120000 1.915561 0.120000 5.648018 0.120000 6.002542 0.120000 4.141276 0.120000 4.679743 0.120000 7.053258 0.120000 7.712562 0.120000 9.021383 0.120000 8.777248 0.120000
2.430678 0.120000 2.512545 0.120000 5.740400 0.120000 5.943324 0.120000 3.963050 0.120000 4.733507 0.600000 7.710852 0.120000 7.542348 0.120000 8.845369 0.120000 8.727491 0.120000
2.054275 0.120000 1.820156 0.120000 5.526663 0.120000 5.981400 0.120000 3.458919 0.120000 3.961820 0.120000 7.945611 0.120000 7.442484 0.120000 8.789888 0.600000 8.973087 0.120000
2.319741 0.120000 2.244451 0.120000 5.146883 0.120000 5.882245 0.600000 4.191924 0.600000 4.339060 0.120000 7.408346 0.120000 6.964178 0.120000 8.866191 0.120000 9.046062 0.120000
2.639826 0.120000 2.742816 0.120000 4.977590 0.120000 6.065035 0.120000 3.344812 0.120000 4.160682 0.120000 7.828497 0.120000 7.408652 0.120000 8.898823 0.120000 9.526256 0.120000
2.673562 0.120000 2.187749 0.120000 5.602975 0.120000 5.848680 0.120000 4.089628 0.120000 4.272821 0.120000 6.845520 0.120000 8.059121 0.600000 8.526844 0.120000 8.684362 0.120000
2.162857 0.120000 2.527987 0.120000 5.427899 0.120000 5.649081 0.120000 3.861347 0.120000 3.792924 0.120000 7.507218 0.120000 8.029697 0.120000 8.588673 0.120000 10.429602 0.600000
2.301068 0.120000 2.207133 0.120000 5.308733 0.120000 5.306949 0.120000 3.571748 0.120000 3.754874 0.120000 7.845725 0.120000 8.108606 0.600000 8.723418 0.120000 8.896601 0.120000
2.633045 0.120000 1.718585 0.120000 5.235340 0.120000 5.677310 0.120000 3.472137 0.600000 4.347095 0.120000 7.492499 0.120000 7.598614 0.120000 8.911254 0.120000 9.157814 0.120000
2.031162 0.120000 2.384351 0.120000 5.646897 0.120000 5.746363 0.120000 4.056308 0.120000 3.648460 0.120000 7.814187 0.120000 7.554373 0.120000 8.581485 0.120000 8.512529 0.120000
2.928949 0.120000 2.431240 0.120000 5.044739 0.120000 5.354383 0.120000 3.810962 0.120000 4.049826 0.120000 7.697856 0.120000 7.053377 0.120000 8.502089 0.120000 8.826236 0.120000
2.426063 0.120000 2.554173 0.120000 5.421476 0.120000 5.469250 0.120000 4.613109 0.120000 3.878026 0.120000 7.903459 0.120000 7.679054 0.120000 9.091822 0.120000 8.948121 0.120000
2.547791 0.600000 2.177172 0.120000 5.078902 0.120000 5.353396 0.120000 3.973961 0.120000 4.381760 0.120000 7.333469 0.120000 7.525338 0.120000 8.602531 0.120000 8.927845 0.120000
3.252543 0.600000 2.537904 0.120000 5.323764 0.120000 5.247514 0.120000 3.422978 0.120000 3.844361 0.120000 7.656953 0.120000 7.469993 0.120000 8.101537 0.120000 8.515313 0.120000
2.405966 0.120000 2.375958 0.120000 5.204831 0.120000 5.508664 0.120000 3.790600 0.120000 4.228187 0.120000 7.387867 0.120000 7.676706 0.120000 8.247372 0.120000 8.753320 0.120000
2.761551 0.120000 2.389555 0.120000 5.376850 0.120000 5.342269 0.120000 3.646565 0.120000 4.019461 0.120000 7.550872 0.120000 7.743570 0.120000 8.774286 0.120000 8.777805 0.120000
3.082235 0.120000 2.279232 0.120000 4.708442 0.120000 5.418932 0.120000 4.025175 0.120000 3.497275 0.120000 7.584716 0.120000 7.528399 0.120000 8.792210 0.120000 8.419201 0.120000
3.213927 0.120000 2.465789 0.120000 5.229642 0.120000 5.744827 0.120000 3.251023 0.120000 3.899902 0.120000 7.348468 0.120000 7.429267 0.120000 8.814708 0.120000 8.755041 0.600000
2.466878 0.120000 2.522467 0.120000 5.403387 0.120000 5.207625 0.120000 3.443322 0.120000 3.711783 0.600000 7.683249 0.120000 7.598942 0.600000 8.517621 0.120000 8.455635 0.120000
3.168043 0.120000 2.482713 0.120000 4.925273 0.120000 5.621465 0.120000 3.567733 0.120000 3.968848 0.120000 7.653595 0.120000 7.494206 0.120000 8.548312 0.120000 9.132045 0.600000
2.619634 0.120000 2.358627 0.120000 5.003505 0.120000 5.074359 0.120000 3.463306 0.120000 4.026366 0.120000 7.827896 0.600000 7.768744 0.120000 8.417117 0.120000 8.886771 0.120000
2.962971 0.120000 2.409704 0.120000 5.164822 0.120000 5.170994 0.600000 3.857154 0.120000 4.200388 0.120000 7.578129 0.120000 7.622110 0.120000 8.161235 0.120000 9.987501 0.600000
2.910665 0.120000 2.804018 0.120000 4.995125 0.120000 5.150739 0.600000 3.602835 0.120000 3.973510 0.120000 7.219438 0.120000 7.825022 0.120000 8.988488 0.600000 8.844038 0.120000
2.825551 0.120000 2.733200 0.600000 5.066469 0.120000 5.199443 0.120000 3.835683 0.120000 3.958567 0.120000 7.644212 0.120000 7.246878 0.120000 8.132112 0.120000 9.821695 0.600000
2.941599 0.120000 2.905433 0.120000 5.039800 0.120000 4.452714 0.120000 3.499698 0.120000 3.722857 0.120000 7.393144 0.120000 7.872142 0.120000 8.581787 0.120000 8.621158 0.120000
2.937151 0.120000 2.998212 0.120000 4.839039 0.120000 5.080968 0.120000 3.750996 0.120000 4.012093 0.120000 7.816497 0.120000 7.225043 0.120000 8.809570 0.120000 8.570850 0.120000
3.227947 0.120000 2.755605 0.120000 4.815947 0.120000 5.336834 0.120000 3.538077 0.120000 3.740034 0.120000 7.618259 0.120000 7.852254 0.120000 8.552950 0.120000 7.945424 0.120000
2.935715 0.120000 2.750018 0.120000 4.194587 0.120000 4.594470 0.120000 3.573439 0.120000 3.987495 0.120000 7.674261 0.120000 8.017419 0.120000 8.404093 0.120000 8.833628 0.120000
3.338043 0.600000 2.874376 0.120000 4.725279 0.120000 4.808791 0.120000 3.836981 0.120000 3.836902 0.120000 7.905374 0.120000 7.912059 0.120000 8.145647 0.120000 8.137655 0.120000
3.089301 0.120000 2.942100 0.120000 4.514669 0.120000 5.445663 0.120000 3.759031 0.120000 3.523752 0.120000 7.765212 0.120000 7.249307 0.120000 8.741166 0.120000 8.269243 0.120000
3.154236 0.120000 2.762571 0.120000 4.290473 0.120000 4.817790 0.120000 3.322252 0.120000 3.461121 0.120000 7.453790 0.120000 6.737866 0.120000 8.251217 0.120000 8.370536 0.120000
3.078720 0.120000 2.482645 0.120000 4.337627 0.120000 5.141154 0.600000 3.723682 0.120000 3.719628 0.600000 8.049108 0.120000 7.983355 0.120000 7.898794 0.120000 8.695365 0.120000
3.030988 0.120000 2.917024 0.120000 4.438197 0.120000 4.499478 0.120000 3.434100 0.120000 3.947850 0.120000 7.650148 0.120000 7.752993 0.120000 8.581040 0.120000 8.424593 0.120000
3.442892 0.120000 3.268442 0.120000 4.489949 0.120000 4.876807 0.120000 2.885880 0.120000 3.874916 0.120000 7.538658 0.120000 7.740021 0.120000 8.272149 0.120000 8.744803 0.120000
3.381048 0.120000 3.034671 0.120000 4.544573 0.600000 4.674248 0.120000 3.647172 0.120000 3.761476 0.120000 7.577390 0.120000 7.791090 0.600000 7.835261 0.120000 8.610931 0.120000
3.028589 0.120000 3.411277 0.120000 4.788997 0.120000 4.454866 0.120000 3.502879 0.120000 3.350517 0.120000 8.011301 0.120000 7.383335 0.120000 8.125312 0.120000 8.558189 0.120000
2.829939 0.120000 3.279611 0.120000 4.589716 0.120000 4.739407 0.120000 3.743033 0.120000 3.328134 0.120000 7.684541 0.120000 7.990657 0.120000 7.986416 0.120000 8.432999 0.120000
3.749884 0.120000 2.904792 0.120000 4.440364 0.120000 4.533130 0.120000 3.739377 0.120000 4.301557 0.120000 7.904217 0.120000 8.156849 0.120000 8.597520 0.600000 8.476978 0.120000
3.333358 0.120000 2.667195 0.120000 5.229451 0.120000 4.977846 0.120000 3.700402 0.600000 3.396109 0.120000 7.541827 0.120000 7.415705 0.120000 7.993630 0.120000 8.286453 0.120000
3.259518 0.120000 3.258514 0.120000 4.543033 0.120000 4.535877 0.120000 3.417402 0.120000 3.647837 0.120000 8.109937 0.120000 7.808610 0.120000 8.611643 0.120000 8.011599 0.120000
3.713770 0.120000 3.223434 0.120000 4.440390 0.120000 5.030927 0.600000 3.494758 0.120000 3.709556 0.120000 7.529220 0.120000 7.907579 0.120000 8.420636 0.120000 8.257461 0.120000
3.431102 0.120000 3.363007 0.120000 4.149734 0.120000 4.381983 0.120000 3.298953 0.120000 3.527786 0.120000 7.660466 0.120000 7.648104 0.120000 7.840727 0.120000 8.456141 0.120000
3.473690 0.120000 3.358330 0.600000 3.939491 0.120000 5.259846 0.600000 4.167812 0.600000 3.408321 0.120000 7.994737 0.120000 7.913555 0.120000 7.896227 0.120000 8.581556 0.120000
3.152461 0.120000 3.686168 0.120000 3.991315 0.120000 5.437389 0.600000 3.838837 0.120000 3.864520 0.120000 7.693755 0.120000 7.566585 0.600000 7.970488 0.120000 7.960501 0.120000
3.318038 0.120000 3.753932 0.120000 4.233632 0.120000 4.038945 0.120000 3.417742 0.120000 3.327936 0.120000 7.893318 0.120000 7.914491 0.120000 8.520298 0.600000 8.406547 0.600000
2.993417 0.120000 3.145771 0.120000 4.196648 0.120000 4.479111 0.120000 5.427083 0.600000 3.122818 0.120000 7.862022 0.120000 8.254351 0.120000 8.257800 0.120000 8.231998 0.120000
3.993895 0.120000 2.826917 0.120000 4.404186 0.120000 4.475566 0.120000 3.764315 0.600000 3.120238 0.120000 7.975476 0.600000 8.322041 0.120000 8.161782 0.120000 8.601092 0.600000
3.694103 0.120000 3.451081 0.120000 4.240431 0.120000 4.069720 0.120000 3.443407 0.120000 3.596710 0.120000 7.502267 0.120000 7.807775 0.120000 7.874576 0.120000 8.361182 0.120000
3.575470 0.120000 3.572119 0.120000 3.851023 0.120000 4.414481 0.120000 3.012461 0.120000 3.416608 0.120000 7.758217 0.120000 7.534189 0.120000 8.085518 0.120000 8.580634 0.120000
4.180283 0.120000 2.879317 0.600000 3.886269 0.120000 4.120171 0.120000 3.622251 0.120000 3.661844 0.600000 8.099998 0.120000 7.722689 0.120000 8.199241 0.120000 8.221601 0.120000
3.778598 0.120000 3.183218 0.120000 3.769472 0.120000 4.258672 0.120000 3.609858 0.120000 3.272890 0.120000 8.071345 0.120000 7.951241 0.120000 8.299703 0.120000 8.191684 0.120000
4.010005 0.600000 3.612524 0.120000 4.758937 0.600000 4.137370 0.120000 3.692791 0.120000 3.736529 0.120000 8.100102 0.120000 7.763545 0.120000 8.391098 0.120000 8.370063 0.120000
3.591201 0.120000 3.380115 0.120000 4.011311 0.120000 4.285841 0.120000 3.359769 0.120000 3.749266 0.120000 8.250532 0.120000 7.740763 0.120000 7.910454 0.600000 7.733982 0.120000
4.178441 0.120000 3.730183 0.120000 3.868875 0.120000 4.237790 0.120000 3.638561 0.600000 3.387644 0.120000 8.284660 0.120000 7.957484 0.120000 7.564537 0.120000 8.220099 0.120000
3.995418 0.120000 3.749898 0.120000 4.023753 0.120000 3.723002 0.120000 3.463771 0.120000 3.399085 0.120000 8.058002 0.120000 8.312562 0.120000 7.930520 0.120000 8.265888 0.120000
3.906187 0.120000 3.513251 0.120000 3.979282 0.600000 4.010436 0.120000 3.665247 0.120000 3.748354 0.120000 8.215399 0.120000 7.729500 0.120000 7.875492 0.120000 8.552312 0.120000
3.689868 0.120000 4.393908 0.600000 4.220930 0.120000 3.882935 0.120000 3.632586 0.120000 3.963656 0.120000 8.021270 0.120000 7.914712 0.120000 7.468976 0.120000 8.102824 0.120000
4.338131 0.120000 3.195258 0.120000 3.541223 0.600000 3.636120 0.120000 3.584806 0.120000 3.878744 0.120000 7.769620 0.120000 8.134426 0.120000 8.052618 0.120000 8.017666 0.120000
4.388256 0.120000 3.913122 0.120000 3.980498 0.120000 4.151357 0.120000 3.313794 0.120000 3.504697 0.600000 8.038812 0.120000 7.938617 0.120000 7.428905 0.120000 7.799884 0.120000
3.869909 0.120000 3.807912 0.120000 3.960525 0.120000 3.989622 0.120000 3.587768 0.120000 3.400171 0.120000 8.043765 0.120000 7.725175 0.600000 8.193550 0.120000 7.786308 0.600000
4.068488 0.120000 3.518043 0.120000 3.643854 0.120000 3.726478 0.120000 3.601961 0.120000 3.654936 0.600000 8.038580 0.120000 8.072038 0.120000 7.959434 0.120000 8.300049 0.600000
4.066910 0.600000 3.554093 0.120000 3.888534 0.120000 3.950223 0.120000 3.838308 0.120000 3.424538 0.120000 8.202473 0.120000 7.700116 0.120000 7.799836 0.120000 7.916315 0.120000
3.866021 0.120000 3.705752 0.120000 4.174104 0.120000 3.926163 0.120000 3.485025 0.120000 3.778375 0.120000 8.034403 0.120000 7.759935 0.120000 8.045402 0.120000 8.234089 0.120000
4.280185 0.120000 3.889366 0.120000 3.713469 0.120000 3.911189 0.120000 4.189541 0.600000 3.902552 0.120000 8.369927 0.120000 7.776152 0.120000 8.230234 0.120000 8.357253 0.120000
4.349460 0.120000 4.028866 0.120000 3.462766 0.120000 4.206740 0.120000 3.515765 0.120000 3.445668 0.120000 8.248046 0.120000 8.118504 0.120000 8.253732 0.120000 8.272487 0.120000
4.092815 0.120000 4.071469 0.120000 3.576047 0.600000 4.060044 0.120000 3.903734 0.120000 3.482721 0.120000 8.012010 0.120000 8.461663 0.120000 8.128236 0.600000 7.990722 0.120000
4.059718 0.120000 4.979541 0.600000 3.776770 0.120000 3.800175 0.120000 3.653223 0.120000 3.865947 0.120000 8.495866 0.120000 8.043856 0.120000 7.793192 0.120000 8.257848 0.120000
4.019467 0.120000 3.746583 0.120000 3.545376 0.120000 3.999985 0.120000 3.298283 0.120000 3.558130 0.120000 8.161991 0.120000 7.756746 0.120000 8.710500 0.600000 7.703223 0.120000
4.168487 0.120000 3.710279 0.120000 3.532923 0.120000 4.036501 0.120000 3.554955 0.120000 3.594986 0.120000 8.183171 0.600000 8.457566 0.120000 7.930862 0.120000 7.992196 0.600000
4.337951 0.120000 4.048337 0.600000 4.051609 0.120000 4.287399 0.120000 3.862462 0.120000 3.101159 0.120000 8.127939 0.120000 8.225972 0.120000 7.609181 0.120000 8.032621 0.120000
4.304995 0.120000 4.137907 0.120000 3.190681 0.120000 3.646167 0.120000 3.755488 0.120000 3.796640 0.120000 7.849765 0.120000 7.599531 0.120000 8.401187 0.120000 8.043480 0.120000
3.997210 0.120000 4.329236 0.120000 3.102850 0.120000 4.784731 0.600000 3.755880 0.120000 4.001407 0.120000 7.814610 0.120000 7.962685 0.120000 7.764838 0.120000 7.935040 0.120000
4.476948 0.120000 3.694604 0.120000 4.388929 0.600000 4.173246 0.120000 3.526349 0.120000 3.339328 0.120000 8.364042 0.120000 8.093714 0.120000 7.644035 0.120000 7.748598 0.120000
4.469627 0.120000 4.544508 0.120000 3.022331 0.120000 3.568804 0.120000 3.497392 0.120000 3.563240 0.120000 8.444378 0.120000 7.905906 0.120000 7.862650 0.120000 8.109864 0.120000
5.256124 0.600000 4.009005 0.120000 3.566821 0.120000 3.736189 0.600000 3.190380 0.120000 3.655664 0.120000 7.745090 0.120000 8.428090 0.120000 8.547219 0.600000 8.037440 0.120000
4.678617 0.120000 4.197202 0.120000 3.460766 0.120000 3.768830 0.120000 3.112070 0.120000 3.949312 0.120000 8.350716 0.120000 8.485801 0.120000 7.627482 0.120000 7.837198 0.120000
4.597631 0.120000 4.523302 0.120000 3.363371 0.120000 3.296083 0.120000 3.597503 0.120000 3.880071 0.120000 8.805256 0.120000 8.012028 0.120000 7.644920 0.120000 7.979322 0.120000
4.678869 0.120000 4.221881 0.120000 3.945096 0.120000 3.490185 0.120000 3.341402 0.120000 3.773677 0.120000 8.127507 0.120000 8.245355 0.120000 8.554431 0.120000 7.789333 0.120000
4.370139 0.120000 4.158545 0.120000 3.576052 0.120000 3.658957 0.120000 3.669417 0.120000 3.163412 0.120000 8.447033 0.120000 7.954086 0.120000 7.559520 0.120000 8.565669 0.120000
4.749205 0.120000 4.160454 0.120000 3.742631 0.120000 3.129614 0.120000 3.341662 0.120000 3.186936 0.120000 9.054907 0.120000 8.325587 0.120000 7.902937 0.120000 8.161769 0.120000
4.820577 0.600000 4.748604 0.120000 3.184284 0.120000 3.541584 0.120000 3.612558 0.120000 3.182920 0.120000 8.389972 0.120000 8.127915 0.120000 7.805315 0.120000 8.038837 0.120000
4.654562 0.120000 4.241592 0.120000 2.917514 0.120000 3.108402 0.120000 3.436012 0.120000 3.855049 0.120000 8.398474 0.120000 8.932745 0.600000 7.910517 0.120000 7.704761 0.120000
4.870079 0.120000 4.291243 0.120000 3.203647 0.120000 3.605228 0.120000 3.628299 0.120000 3.557844 0.120000 8.797666 0.600000 8.330392 0.120000 7.966833 0.120000 7.997113 0.120000
4.580444 0.120000 4.393689 0.120000 3.123174 0.120000 3.183551 0.120000 3.993160 0.120000 3.349966 0.120000 8.046521 0.120000 8.450749 0.120000 7.329055 0.120000 7.792066 0.120000
4.584222 0.120000 4.402736 0.120000 3.035863 0.600000 3.047509 0.120000 3.909996 0.120000 3.115300 0.120000 8.532238 0.120000 8.187240 0.120000 7.447327 0.120000 7.775417 0.120000
4.634499 0.120000 4.697938 0.120000 2.817294 0.120000 3.129275 0.120000 3.607356 0.120000 3.471076 0.600000 8.374945 0.120000 8.190981 0.600000 7.456025 0.120000 7.633152 0.120000
4.581803 0.120000 4.641334 0.120000 3.067277 0.120000 3.199125 0.120000 3.220927 0.120000 3.170516 0.120000 8.076854 0.120000 8.143225 0.120000 7.588170 0.120000 7.369939 0.120000
4.517175 0.600000 4.397014 0.120000 2.835142 0.120000 3.516125 0.120000 3.594757 0.120000 3.856521 0.120000 8.797283 0.120000 8.359252 0.120000 7.933973 0.120000 7.823390 0.120000
4.625654 0.600000 4.745619 0.120000 2.974150 0.120000 3.041149 0.120000 3.176997 0.120000 3.733233 0.120000 8.630660 0.120000 8.345648 0.120000 7.512841 0.120000 7.900120 0.120000
5.135037 0.120000 4.603525 0.120000 2.840056 0.600000 2.896882 0.120000 4.112894 0.120000 3.901240 0.120000 9.022761 0.120000 8.706392 0.120000 7.764472 0.120000 7.810681 0.120000
5.065156 0.120000 4.985171 0.120000 3.501753 0.600000 2.901007 0.120000 4.120335 0.120000 3.649183 0.120000 8.409614 0.120000 8.545387 0.120000 7.937176 0.120000 8.071209 0.600000
4.913986 0.120000 4.497463 0.120000 2.113980 0.600000 3.232573 0.120000 3.704181 0.120000 3.589804 0.120000 8.402450 0.120000 8.172749 0.120000 8.089163 0.600000 7.774689 0.120000
5.608339 0.600000 4.839739 0.120000 3.287373 0.600000 2.979869 0.120000 3.719366 0.120000 3.316220 0.120000 8.689998 0.120000 8.540062 0.120000 8.081577 0.120000 7.748413 0.120000
5.178724 0.120000 5.097389 0.120000 2.799722 0.120000 2.795386 0.120000 3.468613 0.600000 3.642151 0.120000 9.147089 0.120000 8.764366 0.120000 7.397748 0.120000 7.491207 0.120000
4.576533 0.600000 4.799781 0.120000 3.142405 0.120000 3.114196 0.120000 3.486785 0.120000 3.767966 0.120000 8.580677 0.120000 8.372607 0.120000 7.197537 0.120000 7.506004 0.120000
5.026247 0.120000 4.791541 0.120000 2.718352 0.600000 2.868081 0.120000 3.531127 0.120000 3.490387 0.120000 8.971471 0.120000 8.146745 0.120000 7.873834 0.600000 7.357005 0.120000
4.845373 0.120000 5.048649 0.120000 2.759308 0.600000 2.575393 0.120000 3.906694 0.120000 3.152220 0.120000 8.503394 0.120000 8.389416 0.120000 7.761881 0.120000 7.480804 0.120000
5.028905 0.120000 4.448229 0.120000 2.740296 0.120000 3.078189 0.120000 3.688947 0.120000 3.912263 0.120000 8.365516 0.120000 8.463384 0.120000 7.398688 0.120000 7.683664 0.120000
4.834072 0.120000 5.224355 0.120000 3.701401 0.600000 3.337796 0.120000 3.479707 0.120000 3.711637 0.120000 8.506847 0.120000 8.382055 0.120000 7.658139 0.120000 7.673082 0.120000
5.388858 0.120000 4.759075 0.120000 2.842641 0.120000 2.422185 0.120000 3.453370 0.120000 3.508369 0.120000 8.836831 0.120000 8.313941 0.120000 7.095410 0.120000 7.431350 0.120000
4.862695 0.120000 4.894633 0.120000 2.530446 0.120000 2.863259 0.120000 4.046805 0.120000 3.902654 0.120000 8.854995 0.120000 8.739635 0.600000 7.574084 0.120000 7.687137 0.120000
5.250901 0.120000 4.904904 0.120000 2.563269 0.120000 2.649763 0.120000 3.252420 0.120000 4.019405 0.120000 8.758027 0.120000 8.440981 0.120000 7.970393 0.600000 7.945845 0.120000
5.420662 0.120000 5.106644 0.120000 2.891934 0.120000 3.003234 0.120000 3.490338 0.120000 3.792810 0.120000 8.460933 0.120000 8.836015 0.120000 7.708742 0.120000 8.498977 0.120000
5.110633 0.120000 4.891344 0.120000 2.545381 0.120000 2.268798 0.120000 4.418050 0.120000 3.585243 0.120000 8.714397 0.120000 8.775399 0.120000 7.700861 0.120000 7.282200 0.120000
5.365529 0.120000 5.150600 0.120000 2.608001 0.120000 3.123362 0.120000 3.537373 0.120000 4.005908 0.120000 8.731570 0.120000 8.285283 0.120000 7.633757 0.120000 7.935675 0.120000
5.413314 0.120000 5.046259 0.120000 2.344556 0.120000 2.466240 0.120000 3.796412 0.120000 4.508693 0.600000 8.890427 0.120000 8.731265 0.120000 7.477601 0.120000 7.585957 0.120000
5.329836 0.120000 5.656274 0.120000 2.145154 0.120000 2.657135 0.120000 3.752630 0.120000 4.055812 0.120000 9.190043 0.120000 8.822282 0.120000 7.591179 0.120000 7.353341 0.120000
5.420287 0.120000 5.335010 0.120000 2.067791 0.120000 2.748870 0.120000 4.069481 0.120000 3.717991 0.120000 8.769932 0.120000 8.898809 0.120000 7.658535 0.120000 7.476445 0.120000
5.439786 0.120000 5.762033 0.120000 2.311928 0.120000 2.659098 0.120000 3.909954 0.120000 3.814205 0.120000 8.860214 0.120000 8.581409 0.120000 7.865207 0.120000 7.660113 0.120000
5.463344 0.120000 4.723610 0.120000 2.732779 0.120000 2.254765 0.120000 4.378558 0.120000 4.282319 0.120000 8.900488 0.120000 8.621107 0.120000 7.311416 0.600000 7.347671 0.120000
5.464434 0.120000 5.580682 0.120000 2.293504 0.120000 2.209549 0.120000 4.065925 0.120000 3.993300 0.120000 8.743812 0.120000 8.838510 0.120000 7.501813 0.120000 7.984837 0.120000
5.812967 0.120000 5.624569 0.600000 2.495884 0.120000 2.331396 0.120000 4.027773 0.120000 3.833744 0.600000 8.687075 0.120000 8.710779 0.120000 7.274882 0.120000 7.138857 0.600000
5.632586 0.120000 5.237156 0.120000 2.479087 0.120000 2.925662 0.120000 4.136271 0.120000 3.818603 0.120000 8.934658 0.120000 8.818643 0.120000 8.062663 0.120000 8.050249 0.120000
5.649198 0.120000 5.784331 0.120000 1.813661 0.120000 2.514266 0.120000 4.177794 0.120000 3.731939 0.120000 9.073378 0.120000 8.661290 0.120000 7.477447 0.120000 7.330687 0.120000
5.587697 0.120000 5.456760 0.120000 2.045898 0.120000 2.432555 0.120000 4.224780 0.120000 4.315635 0.120000 8.855009 0.120000 8.596594 0.120000 7.784640 0.120000 8.015830 0.600000
5.424801 0.120000 5.435514 0.120000 2.617533 0.120000 2.636097 0.120000 4.159437 0.120000 3.592286 0.120000 8.955839 0.120000 8.131082 0.120000 7.745940 0.120000 7.391839 0.120000
5.329603 0.120000 5.380894 0.120000 2.206855 0.120000 2.289875 0.120000 3.918009 0.120000 3.638857 0.600000 8.767564 0.120000 8.526156 0.120000 7.940427 0.120000 7.538923 0.120000
5.488313 0.120000 5.463241 0.120000 2.370527 0.120000 2.834628 0.120000 3.582079 0.120000 4.200339 0.120000 8.758293 0.120000 8.679648 0.120000 7.632606 0.120000 7.996784 0.120000
6.023834 0.600000 5.621277 0.120000 1.914224 0.120000 2.243043 0.120000 3.902864 0.120000 3.976914 0.120000 8.827613 0.120000 9.130087 0.120000 7.638898 0.120000 7.314066 0.120000
5.520733 0.120000 5.933847 0.120000 2.390898 0.600000 1.732779 0.120000 4.384138 0.120000 4.138002 0.600000 8.748207 0.120000 8.992909 0.120000 7.630848 0.120000 7.352688 0.600000
5.573721 0.120000 5.666415 0.120000 2.244706 0.120000 2.411850 0.120000 4.328652 0.120000 3.452659 0.120000 9.406891 0.120000 8.702970 0.120000 7.501905 0.120000 7.295322 0.120000
5.902205 0.120000 5.699548 0.120000 2.542806 0.120000 2.021493 0.120000 4.001607 0.120000 3.769123 0.120000 9.142623 0.120000 8.559877 0.120000 7.358808 0.120000 6.909846 0.120000
5.724400 0.120000 5.709882 0.120000 2.254021 0.120000 2.508568 0.120000 4.150547 0.120000 3.856254 0.120000 8.492896 0.120000 9.065247 0.120000 7.914572 0.120000 7.960300 0.120000
5.646127 0.120000 5.763395 0.120000 1.965284 0.120000 2.456840 0.120000 3.954742 0.120000 4.062054 0.120000 8.896312 0.120000 9.098605 0.120000 7.446513 0.120000 8.460658 0.600000
5.490154 0.120000 5.830210 0.120000 2.332810 0.600000 2.088059 0.120000 4.047057 0.600000 3.938352 0.120000 9.018313 0.120000 8.559390 0.120000 8.099837 0.600000 7.313117 0.120000
6.121271 0.120000 5.072626 0.120000 1.946583 0.120000 2.303392 0.120000 4.426294 0.120000 3.507669 0.120000 8.996181 0.600000 8.891257 0.120000 7.176911 0.120000 7.746734 0.120000
5.937012 0.120000 5.725349 0.120000 1.507525 0.120000 2.460354 0.120000 4.289328 0.120000 3.724044 0.120000 9.375243 0.120000 9.124673 0.120000 7.555448 0.120000 7.661840 0.120000
5.587484 0.120000 5.288221 0.120000 2.337092 0.120000 2.386829 0.120000 4.155174 0.120000 4.357561 0.120000 9.279607 0.120000 8.731731 0.120000 7.510051 0.120000 7.558793 0.120000
5.311425 0.120000 5.417973 0.600000 1.970005 0.120000 2.495299 0.600000 3.983538 0.120000 4.685403 0.120000 9.580518 0.120000 8.767404 0.120000 7.874887 0.120000 9.210439 0.600000
5.784334 0.600000 5.692545 0.120000 2.208810 0.120000 2.502628 0.120000 3.913059 0.120000 4.050000 0.600000 8.884104 0.120000 9.414882 0.120000 7.284048 0.120000 7.292547 0.120000
5.757146 0.120000 5.705710 0.120000 2.050950 0.120000 2.344607 0.120000 4.450787 0.120000 4.191087 0.600000 8.932331 0.120000 8.600821 0.120000 7.071892 0.120000 7.479141 0.120000
5.860826 0.120000 6.002039 0.120000 2.060819 0.600000 2.241180 0.120000 3.918041 0.120000 4.449170 0.120000 8.880292 0.120000 8.825967 0.120000 7.291723 0.120000 7.682779 0.120000
5.443693 0.120000 5.429496 0.120000 2.791944 0.120000 2.326653 0.120000 4.399295 0.120000 3.970987 0.120000 9.160482 0.120000 9.202436 0.120000 7.243536 0.120000 7.829088 0.120000
6.297411 0.120000 5.671152 0.120000 2.167120 0.120000 2.246991 0.120000 4.484019 0.120000 4.760695 0.120000 9.361709 0.120000 8.622187 0.120000 7.274799 0.600000 7.900224 0.600000
6.083723 0.120000 5.554222 0.120000 1.849219 0.120000 2.345102 0.120000 3.980725 0.120000 4.047651 0.120000 8.953853 0.120000 9.730871 0.120000 7.589583 0.120000 7.325134 0.120000
6.002851 0.120000 5.857700 0.600000 2.660980 0.120000 2.028156 0.120000 4.261351 0.120000 3.992996 0.120000 9.354143 0.120000 8.781159 0.120000 7.475553 0.120000 7.505419 0.120000
5.980436 0.120000 5.682499 0.120000 2.063777 0.120000 2.101679 0.120000 4.937571 0.600000 3.882685 0.120000 9.295140 0.120000 9.064174 0.120000 7.551365 0.120000 7.858945 0.120000
5.770629 0.120000 5.699670 0.120000 1.998318 0.120000 2.288711 0.120000 4.229022 0.120000 4.309153 0.120000 9.198723 0.120000 9.026850 0.120000 7.115910 0.120000 7.549781 0.120000
6.425857 0.600000 5.853619 0.120000 1.468815 0.120000 2.545510 0.120000 4.206182 0.120000 3.688370 0.120000 9.106803 0.120000 8.998508 0.120000 7.937394 0.600000 7.502248 0.120000
5.787762 0.120000 5.685685 0.120000 1.764332 0.120000 2.118233 0.120000 4.720657 0.600000 3.809343 0.600000 9.205614 0.120000 9.080879 0.120000 7.415759 0.120000 7.973445 0.600000
5.691471 0.120000 5.280312 0.120000 2.057246 0.120000 2.080939 0.120000 4.469098 0.120000 3.905689 0.120000 9.037015 0.120000 9.039428 0.120000 7.352935 0.120000 7.767395 0.120000
6.001519 0.120000 5.734987 0.120000 1.880225 0.120000 3.321282 0.600000 4.213972 0.120000 4.286471 0.120000 9.182887 0.120000 8.944507 0.120000 7.911753 0.600000 8.062914 0.600000
6.361724 0.120000 5.177103 0.120000 2.107472 0.120000 2.546867 0.120000 4.240434 0.120000 4.100926 0.600000 8.881051 0.120000 9.323589 0.120000 7.509294 0.120000 7.111095 0.120000
5.767424 0.120000 5.533527 0.120000 1.831900 0.120000 2.628957 0.120000 3.867545 0.120000 4.199695 0.120000 9.021465 0.120000 9.013246 0.120000 7.146662 0.120000 7.410810 0.120000
6.052325 0.600000 5.773960 0.120000 2.586345 0.600000 3.632241 0.600000 4.184473 0.120000 3.636176 0.120000 9.034891 0.120000 8.535031 0.120000 7.610826 0.120000 7.644534 0.120000
5.538754 0.120000 6.355967 0.600000 1.620429 0.120000 1.747721 0.120000 3.941221 0.120000 4.374377 0.120000 8.985959 0.120000 8.989898 0.120000 7.533612 0.120000 7.813206 0.120000
6.035952 0.120000 6.117099 0.120000 1.925686 0.120000 1.861260 0.120000 4.151273 0.120000 4.648524 0.600000 9.218396 0.120000 9.514098 0.120000 7.806393 0.120000 8.084302 0.600000
6.150228 0.120000 6.083775 0.120000 2.274279 0.120000 3.459080 0.600000 4.007594 0.120000 4.053615 0.120000 8.790596 0.120000 9.045819 0.120000 6.859009 0.120000 7.432372 0.120000
6.395407 0.120000 5.801655 0.600000 2.133844 0.120000 2.061050 0.120000 4.157296 0.120000 4.573050 0.120000 9.436629 0.120000 9.430430 0.120000 7.502668 0.120000 7.239434 0.120000
5.860444 0.120000 6.092811 0.120000 1.567130 0.120000 2.539753 0.120000 4.476808 0.120000 4.046547 0.120000 8.769739 0.120000 9.335698 0.120000 7.450383 0.600000 7.806322 0.120000
6.073695 0.120000 5.465715 0.120000 2.099888 0.120000 2.288432 0.120000 3.297962 0.120000 4.941287 0.120000 9.342462 0.120000 8.924893 0.120000 7.397305 0.600000 7.368881 0.120000
5.934247 0.120000 5.683262 0.120000 1.628514 0.120000 1.993419 0.120000 3.896929 0.120000 4.015733 0.120000 9.057912 0.120000 9.066403 0.120000 7.232226 0.120000 7.679913 0.120000
6.087170 0.120000 6.521122 0.120000 1.825636 0.120000 2.135344 0.120000 3.966578 0.120000 4.092604 0.120000 9.056223 0.120000 9.139861 0.120000 7.190131 0.120000 7.350142 0.120000
5.961619 0.120000 5.448939 0.120000 1.692578 0.120000 1.970032 0.120000 4.073462 0.120000 4.049773 0.120000 9.382372 0.120000 9.132416 0.120000 7.985620 0.120000 7.249225 0.120000
6.063476 0.120000 7.402718 0.600000 2.274174 0.120000 1.811132 0.120000 4.405254 0.120000 4.334230 0.120000 9.166988 0.120000 9.352927 0.120000 7.032624 0.120000 7.678841 0.120000
6.159458 0.120000 5.573278 0.120000 1.899791 0.120000 2.035138 0.120000 4.254145 0.120000 4.247792 0.120000 8.885967 0.120000 9.158616 0.120000 7.465456 0.600000 7.475518 0.120000
6.056925 0.120000 5.390562 0.120000 1.713547 0.120000 2.111132 0.120000 4.137091 0.120000 4.567568 0.120000 9.426009 0.120000 9.051603 0.120000 7.525656 0.120000 7.162060 0.120000
5.743580 0.120000 5.665440 0.600000 2.361339 0.600000 2.294483 0.120000 4.401340 0.120000 4.544338 0.120000 8.841068 0.120000 9.274251 0.600000 7.289751 0.120000 7.447906 0.120000
6.150731 0.120000 5.773619 0.120000 2.040393 0.120000 1.898488 0.120000 4.323925 0.120000 4.259308 0.120000 8.874004 0.120000 9.114841 0.120000 7.371561 0.120000 7.169862 0.120000
6.288568 0.120000 5.916315 0.600000 2.578551 0.600000 2.112879 0.120000 3.967561 0.120000 4.070822 0.600000 8.990498 0.120000 8.664795 0.120000 7.192532 0.600000 7.315770 0.120000
6.198511 0.120000 6.268611 0.120000 1.864365 0.120000 2.124851 0.120000 4.003561 0.120000 4.067554 0.120000 9.336171 0.600000 8.840734 0.120000 7.044542 0.120000 7.026205 0.120000
6.050210 0.120000 6.191451 0.120000 1.629785 0.120000 1.897889 0.120000 3.942262 0.120000 4.125278 0.120000 9.165618 0.120000 9.078346 0.120000 7.072187 0.120000 7.493679 0.120000
6.196681 0.120000 6.701444 0.120000 2.724722 0.600000 1.994567 0.120000 3.565567 0.120000 4.300422 0.120000 9.046403 0.120000 8.994537 0.120000 7.571859 0.600000 6.817329 0.120000
6.468441 0.120000 6.321300 0.600000 2.004253 0.120000 1.759318 0.120000 4.064042 0.120000 4.374102 0.120000 8.864266 0.120000 8.806079 0.120000 7.177794 0.120000 7.528480 0.120000
6.602252 0.120000 5.659943 0.120000 2.368446 0.120000 2.272849 0.120000 4.082261 0.120000 4.061131 0.120000 8.669223 0.120000 8.835973 0.120000 6.832625 0.120000 7.387297 0.120000
6.570982 0.120000 5.912213 0.120000 2.420698 0.120000 2.213973 0.120000 3.992827 0.120000 3.868476 0.600000 8.875414 0.120000 9.057541 0.120000 7.582889 0.120000 7.244857 0.120000
5.917723 0.120000 6.104939 0.600000 2.327085 0.120000 2.070196 0.120000 3.971951 0.120000 4.453646 0.120000 9.149962 0.120000 9.078027 0.120000 7.180957 0.120000 7.057377 0.120000
6.090595 0.120000 6.227971 0.120000 2.089098 0.120000 2.030599 0.120000 3.771218 0.120000 4.118161 0.120000 8.621086 0.120000 9.317531 0.120000 7.083407 0.600000 7.531852 0.120000
5.619604 0.120000 5.968548 0.600000 2.360311 0.120000 1.926584 0.120000 3.558651 0.120000 4.340406 0.120000 8.899440 0.120000 8.711602 0.120000 6.921756 0.600000 6.918116 0.120000
6.247133 0.120000 5.783523 0.120000 2.783409 0.120000 2.566171 0.120000 3.825847 0.120000 4.264070 0.120000 8.593700 0.120000 8.871364 0.120000 7.181930 0.120000 6.853429 0.120000
5.658842 0.120000 5.980558 0.120000 2.593461 0.120000 2.346985 0.120000 3.782502 0.120000 3.883576 0.120000 8.450301 0.120000 9.329848 0.120000 6.669328 0.120000 6.988674 0.120000
6.365721 0.120000 6.371979 0.120000 2.092301 0.120000 2.543610 0.120000 4.038660 0.120000 3.799279 0.120000 9.401893 0.600000 9.088109 0.120000 7.247933 0.120000 7.463236 0.120000
6.118289 0.120000 6.109067 0.120000 2.309007 0.120000 2.161808 0.120000 3.708659 0.120000 4.045578 0.120000 8.608246 0.120000 8.833706 0.120000 7.062057 0.120000 7.283262 0.120000
5.611845 0.120000 5.823112 0.120000 2.128137 0.120000 1.837660 0.120000 3.985975 0.120000 3.687342 0.120000 8.705428 0.120000 8.786996 0.120000 6.899096 0.120000 6.782436 0.120000
5.994690 0.120000 6.221445 0.120000 3.174834 0.120000 2.248419 0.120000 3.964828 0.600000 4.473374 0.120000 8.684407 0.120000 8.304627 0.120000 6.525430 0.120000 6.891625 0.120000
6.322588 0.600000 6.136789 0.120000 2.310270 0.120000 2.370862 0.120000 4.224668 0.120000 4.226119 0.600000 8.530094 0.120000 9.140721 0.120000 6.972312 0.600000 6.636425 0.120000
5.895877 0.120000 6.940880 0.600000 2.346682 0.120000 1.681514 0.120000 4.019639 0.120000 3.730396 0.120000 8.960191 0.120000 8.358045 0.120000 6.430245 0.120000 6.956294 0.120000
5.554765 0.120000 6.285480 0.120000 2.766790 0.120000 2.430971 0.600000 3.752057 0.120000 3.968698 0.120000 9.292949 0.600000 9.247509 0.600000 6.753092 0.120000 6.853348 0.120000
6.275103 0.120000 6.285945 0.120000 2.562530 0.120000 2.215812 0.120000 3.740483 0.120000 4.086303 0.120000 8.810941 0.120000 9.446845 0.120000 7.082354 0.120000 7.007236 0.120000
6.756079 0.120000 6.108281 0.120000 2.140167 0.120000 2.029869 0.120000 3.606614 0.120000 3.767137 0.120000 8.451332 0.120000 8.419654 0.120000 6.428088 0.120000 7.218850 0.120000
6.237084 0.120000 6.304192 0.120000 2.459140 0.120000 2.888938 0.120000 3.626547 0.120000 3.706085 0.120000 8.023458 0.120000 8.512367 0.120000 6.470511 0.120000 6.364953 0.120000
6.405557 0.120000 5.944154 0.120000 2.865206 0.120000 2.399646 0.120000 3.359210 0.120000 3.577511 0.120000 8.768201 0.600000 8.295789 0.120000 6.290874 0.120000 6.702123 0.120000
5.784184 0.120000 6.095071 0.120000 2.916728 0.120000 2.527437 0.120000 3.872530 0.120000 4.365822 0.120000 9.083939 0.120000 8.437845 0.600000 6.982178 0.120000 6.618561 0.120000
6.370100 0.120000 5.857632 0.120000 2.488639 0.600000 2.560271 0.120000 3.482197 0.120000 3.908645 0.120000 8.667903 0.120000 8.636201 0.120000 6.710074 0.120000 6.815227 0.120000
6.355056 0.120000 6.578933 0.120000 2.741481 0.600000 2.768730 0.120000 3.747642 0.600000 3.611008 0.120000 8.116200 0.120000 8.776868 0.120000 6.621162 0.600000 6.228969 0.120000
6.062654 0.120000 6.043027 0.120000 2.760041 0.120000 2.597930 0.120000 3.533434 0.120000 3.541316 0.120000 8.118958 0.120000 8.566247 0.120000 6.216487 0.120000 6.788734 0.120000
5.880176 0.120000 6.016439 0.120000 2.639952 0.120000 2.497929 0.120000 3.816841 0.120000 3.609132 0.600000 8.372542 0.120000 8.269884 0.120000 6.276262 0.120000 7.658916 0.600000
6.509655 0.120000 5.957508 0.120000 2.806346 0.120000 2.594198 0.120000 3.432725 0.120000 3.882159 0.120000 8.375523 0.120000 8.303369 0.120000 6.493848 0.120000 6.277052 0.120000
6.227055 0.120000 6.063764 0.120000 2.733393 0.120000 2.328507 0.600000 3.864381 0.600000 3.941271 0.120000 8.144946 0.120000 8.639451 0.120000 6.060215 0.120000 6.657843 0.120000
6.339136 0.120000 5.796815 0.120000 3.275426 0.120000 2.528360 0.120000 3.398424 0.120000 3.758004 0.120000 8.189181 0.120000 8.197533 0.120000 6.068333 0.120000 6.642796 0.600000
6.664197 0.120000 6.228995 0.120000 3.872093 0.600000 3.052932 0.120000 3.743433 0.120000 3.736842 0.120000 8.018504 0.120000 8.956317 0.600000 5.956360 0.120000 6.790866 0.120000
6.569568 0.120000 6.225107 0.120000 2.552351 0.120000 2.594570 0.120000 3.203433 0.120000 3.884240 0.600000 8.359639 0.120000 8.520539 0.120000 6.468836 0.120000 6.455928 0.120000
6.279813 0.600000 6.199897 0.120000 2.892215 0.120000 3.017541 0.120000 3.487651 0.120000 4.072149 0.600000 8.201819 0.120000 8.502096 0.120000 6.847745 0.120000 6.673159 0.600000
6.399571 0.120000 6.174160 0.120000 3.386564 0.600000 2.921308 0.120000 3.700479 0.120000 3.387868 0.120000 8.412014 0.120000 8.603777 0.120000 6.198134 0.120000 6.784510 0.120000
6.877103 0.600000 6.418699 0.120000 3.175992 0.120000 2.800753 0.120000 3.966177 0.120000 3.412026 0.120000 8.213783 0.120000 8.514644 0.120000 5.898651 0.600000 6.403294 0.120000
6.885065 0.600000 6.101223 0.120000 2.894796 0.600000 2.420104 0.120000 3.766693 0.120000 3.368119 0.120000 8.584804 0.120000 8.390500 0.120000 6.801119 0.120000 6.195656 0.120000
6.772731 0.120000 6.560895 0.120000 3.252469 0.120000 2.668126 0.120000 3.213813 0.120000 3.638839 0.120000 8.373823 0.120000 8.603105 0.120000 5.912005 0.120000 6.118478 0.120000
6.770259 0.120000 6.754097 0.120000 4.187209 0.600000 3.376323 0.600000 3.147313 0.120000 3.531987 0.120000 8.254881 0.120000 8.343193 0.600000 5.864063 0.120000 6.318508 0.120000
6.546287 0.120000 6.229949 0.120000 3.396641 0.120000 2.888349 0.120000 3.347931 0.600000 3.650349 0.120000 8.220151 0.120000 8.410998 0.120000 6.088829 0.120000 6.119494 0.120000
6.860161 0.600000 6.150484 0.120000 3.043061 0.120000 2.445784 0.120000 4.105744 0.600000 3.640873 0.120000 8.322371 0.120000 8.837361 0.120000 6.156846 0.120000 6.040630 0.120000
6.274400 0.120000 5.903187 0.120000 2.683169 0.120000 2.975886 0.120000 3.637982 0.120000 4.312963 0.600000 8.271888 0.120000 8.424106 0.120000 6.123181 0.120000 6.402067 0.120000
6.310958 0.120000 6.427175 0.120000 3.337029 0.120000 2.850531 0.120000 3.168889 0.120000 3.326936 0.120000 8.390850 0.120000 8.087200 0.120000 5.959076 0.120000 6.523240 0.600000
7.034940 0.120000 6.803451 0.600000 3.028052 0.600000 2.668868 0.120000 3.634082 0.120000 3.453982 0.120000 8.284433 0.120000 8.246863 0.120000 5.958751 0.120000 6.259305 0.120000
6.369782 0.120000 6.757494 0.600000 2.947034 0.120000 3.234232 0.120000 3.709486 0.600000 3.648576 0.120000 8.000250 0.120000 8.381811 0.120000 5.978235 0.120000 6.043378 0.120000
6.610479 0.600000 6.158368 0.120000 3.024067 0.120000 3.173297 0.120000 2.967593 0.120000 3.230312 0.120000 8.208346 0.120000 8.488356 0.120000 6.070366 0.120000 6.191262 0.600000
6.629492 0.120000 6.317751 0.120000 2.703852 0.120000 3.049337 0.600000 3.377446 0.600000 3.455378 0.120000 7.995514 0.120000 8.038131 0.120000 6.570237 0.120000 6.196616 0.120000
6.485767 0.120000 6.806616 0.120000 3.722353 0.120000 2.533915 0.120000 3.181631 0.120000 3.657680 0.120000 8.135057 0.120000 8.418777 0.120000 5.966092 0.120000 6.139262 0.120000
7.321575 0.600000 6.505441 0.120000 3.388256 0.600000 2.847250 0.120000 3.235566 0.120000 3.089331 0.120000 7.928247 0.120000 8.043847 0.120000 5.954010 0.120000 6.665872 0.120000
6.484329 0.120000 6.449431 0.120000 3.062123 0.120000 2.838818 0.120000 3.411533 0.120000 3.578193 0.120000 7.910351 0.120000 8.039909 0.120000 5.819109 0.120000 6.256158 0.120000
6.669129 0.120000 5.888459 0.120000 3.010016 0.120000 2.765461 0.120000 3.138306 0.120000 2.694271 0.120000 7.996065 0.120000 8.230154 0.120000 5.790223 0.120000 5.801890 0.120000
6.548156 0.120000 6.361672 0.120000 3.610173 0.600000 2.820154 0.120000 2.846207 0.120000 3.241829 0.120000 8.416775 0.120000 7.841104 0.120000 5.828993 0.120000 6.150749 0.120000
6.339489 0.120000 6.469630 0.600000 3.642346 0.120000 3.095924 0.120000 3.262344 0.120000 3.165636 0.120000 8.230178 0.120000 8.398296 0.120000 5.689012 0.120000 6.286097 0.120000
6.656191 0.120000 6.489828 0.120000 3.054568 0.120000 2.992104 0.120000 3.318104 0.120000 3.484307 0.120000 8.012901 0.120000 7.824244 0.120000 5.412562 0.120000 6.386730 0.120000
6.619635 0.120000 6.175189 0.120000 2.953592 0.120000 2.872424 0.120000 3.577778 0.120000 3.572510 0.120000 8.085232 0.120000 8.078988 0.120000 5.903311 0.120000 6.591277 0.600000
6.682585 0.120000 6.417904 0.120000 3.454845 0.120000 2.818550 0.120000 3.445597 0.120000 3.429702 0.120000 7.984650 0.120000 8.233864 0.120000 5.747212 0.120000 6.112615 0.120000
7.601221 0.600000 6.186922 0.120000 2.990368 0.120000 2.765919 0.120000 3.142128 0.120000 3.065011 0.120000 7.830762 0.120000 8.318687 0.120000 5.613257 0.120000 6.030193 0.600000
6.530285 0.120000 6.120912 0.120000 3.670170 0.120000 2.938246 0.120000 3.260240 0.120000 3.525558 0.120000 7.638950 0.600000 8.309886 0.120000 5.797746 0.120000 6.818033 0.600000
6.858643 0.600000 6.447397 0.120000 3.131247 0.120000 2.873459 0.120000 3.631625 0.120000 3.677051 0.120000 7.746364 0.120000 8.724552 0.600000 5.862151 0.120000 5.850441 0.120000
6.742546 0.120000 6.534427 0.120000 3.092999 0.120000 3.012098 0.600000 3.080568 0.120000 3.055791 0.120000 7.981553 0.120000 8.285142 0.120000 5.927165 0.120000 6.280957 0.120000
6.527604 0.120000 6.465210 0.120000 3.354862 0.120000 3.145415 0.120000 3.491568 0.120000 3.633957 0.120000 8.184687 0.120000 8.239208 0.120000 6.034564 0.120000 5.956736 0.120000
6.499099 0.120000 6.563978 0.120000 3.170668 0.120000 3.056889 0.120000 3.755684 0.120000 3.648787 0.120000 7.890410 0.120000 7.949866 0.120000 5.721055 0.120000 5.981117 0.120000
6.387741 0.120000 6.065673 0.120000 3.047266 0.120000 3.184679 0.120000 3.490870 0.120000 3.131088 0.120000 8.317380 0.120000 8.091008 0.120000 5.774961 0.120000 5.607743 0.120000
6.586299 0.120000 6.524026 0.120000 3.752710 0.600000 2.914168 0.120000 3.267304 0.120000 3.335282 0.600000 7.971280 0.120000 7.964555 0.120000 5.868622 0.120000 5.809690 0.120000
6.472359 0.120000 6.370741 0.120000 3.234614 0.120000 3.170084 0.120000 3.325265 0.120000 4.003797 0.600000 7.719059 0.120000 8.104192 0.600000 6.191893 0.120000 6.088673 0.120000
6.384492 0.120000 6.208608 0.120000 3.235147 0.120000 3.445918 0.120000 3.614321 0.600000 3.215533 0.120000 7.866458 0.120000 8.324207 0.120000 5.732960 0.120000 6.141126 0.120000
6.587266 0.120000 6.816770 0.120000 3.496163 0.120000 3.286467 0.120000 2.994038 0.120000 3.295228 0.120000 8.019946 0.120000 8.239607 0.120000 5.304464 0.120000 6.064606 0.120000
7.091451 0.600000 6.257966 0.120000 3.816518 0.600000 3.100110 0.120000 3.688260 0.120000 3.698177 0.120000 8.124029 0.600000 7.894773 0.120000 6.162699 0.120000 5.700110 0.120000
7.076776 0.120000 6.622423 0.120000 3.304608 0.120000 3.032603 0.120000 3.350041 0.120000 3.209960 0.120000 7.997237 0.120000 7.977429 0.120000 5.580604 0.120000 5.851445 0.120000
6.514833 0.120000 6.175175 0.120000 3.362394 0.120000 3.300458 0.120000 3.333748 0.120000 3.631488 0.120000 8.067190 0.120000 8.149109 0.120000 5.722952 0.120000 6.008663 0.120000
6.567374 0.120000 6.271071 0.120000 2.852567 0.120000 3.676082 0.120000 2.738087 0.120000 3.409351 0.120000 8.246779 0.120000 8.073310 0.120000 5.604315 0.120000 6.514469 0.120000
6.570594 0.120000 6.479952 0.120000 3.390966 0.120000 3.552505 0.120000 3.105725 0.120000 3.852135 0.600000 8.024687 0.120000 8.107839 0.120000 5.615020 0.120000 6.013312 0.120000
6.468552 0.120000 6.656299 0.600000 3.343409 0.120000 3.075439 0.120000 2.724201 0.120000 3.306123 0.120000 7.721455 0.120000 7.961566 0.120000 5.864832 0.120000 5.985490 0.600000
6.602974 0.120000 6.261217 0.120000 3.422614 0.120000 3.232971 0.120000 3.010026 0.120000 3.150636 0.120000 8.037875 0.120000 8.212804 0.120000 5.546375 0.600000 5.900741 0.120000
6.590240 0.120000 6.529568 0.120000 3.881647 0.120000 3.418873 0.120000 2.581505 0.120000 3.392722 0.120000 7.073985 0.120000 7.824337 0.120000 5.430786 0.120000 5.898094 0.120000
6.728364 0.600000 6.482347 0.120000 3.381799 0.120000 3.101344 0.120000 3.313034 0.120000 3.310602 0.120000 7.823283 0.120000 8.176619 0.600000 5.411399 0.120000 5.930289 0.120000
6.028329 0.120000 6.871364 0.120000 3.124407 0.120000 3.155696 0.120000 3.254898 0.120000 3.500994 0.120000 7.595904 0.120000 8.160685 0.120000 5.822699 0.120000 6.021481 0.120000
6.337171 0.120000 6.433634 0.120000 3.406970 0.120000 3.318533 0.600000 3.109444 0.120000 2.782048 0.120000 7.571147 0.600000 7.953164 0.120000 5.632595 0.120000 5.827280 0.120000
6.468980 0.120000 6.976995 0.120000 3.339925 0.120000 3.190273 0.120000 3.337340 0.600000 3.829847 0.120000 7.968016 0.120000 7.992070 0.120000 5.006434 0.120000 6.010771 0.120000
6.161429 0.120000 6.646335 0.600000 3.577594 0.120000 3.461253 0.600000 3.201118 0.120000 3.230893 0.120000 8.072223 0.120000 7.769921 0.120000 5.947488 0.120000 5.717779 0.600000
6.189386 0.600000 6.542126 0.600000 4.030943 0.120000 3.033631 0.120000 2.697848 0.120000 3.515925 0.120000 7.400625 0.120000 8.037789 0.120000 5.728965 0.120000 5.257881 0.600000
6.465117 0.120000 6.659550 0.120000 3.370703 0.120000 3.463811 0.120000 2.541021 0.120000 2.918473 0.120000 7.393029 0.120000 8.225982 0.120000 5.738850 0.120000 5.740529 0.120000
6.086927 0.120000 6.204333 0.120000 3.764066 0.120000 3.252843 0.120000 3.002036 0.120000 2.918691 0.120000 7.913920 0.120000 8.039881 0.600000 5.208442 0.120000 6.481062 0.120000
5.908275 0.120000 5.984276 0.120000 3.559697 0.120000 3.465199 0.120000 3.139575 0.120000 3.454723 0.120000 7.696301 0.120000 8.004105 0.120000 5.923004 0.120000 5.498015 0.120000
6.102376 0.120000 6.653176 0.120000 3.585028 0.120000 3.558216 0.120000 2.683171 0.600000 3.158422 0.120000 7.857827 0.120000 8.243052 0.600000 5.515911 0.120000 5.600772 0.120000
5.846080 0.120000 6.124228 0.120000 3.555048 0.120000 3.409302 0.120000 3.137900 0.600000 3.212179 0.120000 7.780570 0.120000 7.289095 0.120000 5.867805 0.120000 5.892476 0.600000
6.368650 0.120000 6.288515 0.120000 3.182615 0.120000 3.405450 0.120000 2.603677 0.120000 2.711150 0.120000 7.251755 0.120000 8.004137 0.120000 5.798706 0.120000 5.866667 0.120000
6.045346 0.120000 5.726863 0.120000 3.901179 0.120000 3.108618 0.120000 2.538853 0.120000 2.900829 0.120000 7.272431 0.120000 7.744771 0.120000 5.903639 0.120000 5.647668 0.120000
6.307687 0.120000 6.226422 0.120000 3.344130 0.120000 3.519969 0.600000 2.945473 0.120000 2.421988 0.120000 7.382837 0.120000 7.774664 0.120000 6.098011 0.120000 6.125265 0.600000
6.246586 0.120000 6.037017 0.120000 3.555756 0.120000 3.852392 0.120000 2.614170 0.120000 3.035901 0.120000 7.389578 0.120000 7.806144 0.120000 6.690268 0.120000 5.505253 0.120000
6.023216 0.120000 6.596064 0.120000 3.705785 0.120000 3.671434 0.120000 2.896751 0.120000 3.306693 0.120000 7.317876 0.120000 7.776947 0.120000 5.436964 0.120000 5.666425 0.120000
6.492484 0.120000 6.588659 0.120000 3.796087 0.120000 3.116265 0.120000 3.734245 0.600000 2.908825 0.120000 7.369459 0.120000 7.443356 0.120000 5.863082 0.120000 5.618117 0.120000
5.668987 0.120000 6.535102 0.120000 3.806707 0.120000 3.462714 0.120000 3.032199 0.600000 2.917771 0.120000 7.386937 0.120000 8.140005 0.600000 5.930530 0.120000 6.231834 0.120000
5.879788 0.120000 6.343286 0.120000 3.423315 0.120000 3.394095 0.600000 2.776905 0.120000 2.387300 0.120000 7.889616 0.120000 7.538248 0.120000 5.802443 0.120000 5.221660 0.120000
5.816495 0.120000 6.310763 0.600000 3.522879 0.120000 3.539137 0.120000 2.825470 0.120000 2.965500 0.600000 7.570495 0.120000 7.409844 0.120000 5.678277 0.120000 5.697238 0.600000
5.916615 0.120000 6.305405 0.120000 4.003088 0.120000 3.456390 0.120000 2.472955 0.120000 4.421469 0.600000 7.435238 0.120000 7.511506 0.120000 5.617859 0.120000 6.028390 0.120000
6.205729 0.120000 6.725080 0.120000 3.571010 0.120000 3.862469 0.120000 2.807395 0.120000 2.824330 0.120000 10.004383 0.600000 7.430124 0.120000 5.904836 0.600000 6.383513 0.120000
5.843737 0.120000 6.550396 0.600000 3.726687 0.120000 4.198511 0.120000 2.791291 0.120000 2.461289 0.120000 7.649926 0.120000 7.213065 0.120000 5.886617 0.120000 6.194531 0.120000
5.661030 0.120000 5.940492 0.120000 3.798202 0.120000 3.996959 0.120000 2.547706 0.120000 3.203852 0.600000 7.360853 0.120000 8.167127 0.120000 5.794970 0.120000 6.365186 0.600000
5.729794 0.120000 6.624983 0.600000 3.725586 0.120000 3.475435 0.120000 2.563591 0.120000 2.971600 0.120000 7.620515 0.120000 7.554480 0.120000 5.897047 0.120000 5.974185 0.120000
6.312763 0.600000 7.059232 0.600000 4.093640 0.120000 4.006420 0.120000 2.689378 0.120000 2.693587 0.600000 7.480620 0.120000 7.655273 0.120000 5.101430 0.600000 6.170178 0.120000
5.632525 0.120000 6.355848 0.120000 3.736724 0.120000 3.633039 0.120000 2.513172 0.120000 2.634191 0.120000 7.713852 0.600000 7.153661 0.120000 6.481406 0.600000 5.827149 0.120000
5.238787 0.120000 6.244407 0.120000 3.574754 0.120000 4.099397 0.120000 2.168431 0.120000 3.013295 0.600000 6.854284 0.600000 7.091880 0.120000 5.697259 0.120000 5.614512 0.120000
5.722022 0.120000 5.569192 0.600000 3.567557 0.120000 3.772964 0.120000 2.547495 0.120000 2.730042 0.120000 7.097893 0.120000 7.657025 0.120000 6.057116 0.120000 5.857363 0.120000
5.776609 0.600000 5.582078 0.120000 4.218843 0.120000 4.169306 0.120000 2.534392 0.120000 3.526993 0.600000 7.511592 0.120000 7.131059 0.120000 5.962011 0.120000 5.546347 0.120000
5.369749 0.120000 5.835102 0.120000 4.192861 0.120000 3.798717 0.120000 2.358369 0.120000 2.400418 0.120000 7.102339 0.120000 7.419980 0.120000 5.907310 0.120000 5.735279 0.120000
5.788878 0.600000 6.768826 0.600000 3.606697 0.120000 4.063982 0.120000 2.612467 0.120000 2.370501 0.120000 6.662217 0.120000 7.346212 0.120000 6.348672 0.120000 5.827637 0.120000
5.511439 0.600000 5.606081 0.120000 4.056882 0.120000 4.061320 0.120000 1.910329 0.600000 2.182519 0.120000 6.557155 0.120000 7.872345 0.120000 6.007499 0.120000 6.040579 0.120000
5.602794 0.120000 6.040544 0.120000 3.876318 0.120000 3.617576 0.120000 2.713793 0.120000 2.782051 0.120000 7.094936 0.120000 7.269848 0.120000 5.887937 0.120000 5.771782 0.120000
5.806823 0.600000 5.806585 0.120000 3.743868 0.120000 3.886612 0.120000 2.096060 0.120000 2.767394 0.120000 7.125467 0.120000 7.353822 0.120000 6.192970 0.120000 6.000968 0.120000
5.639500 0.120000 6.147944 0.120000 3.938729 0.120000 3.960760 0.120000 1.985642 0.120000 2.366502 0.120000 6.725397 0.120000 7.069849 0.120000 5.911774 0.120000 5.514611 0.120000
5.115846 0.120000 5.845241 0.120000 4.271370 0.120000 4.161710 0.120000 1.796190 0.120000 2.519826 0.120000 6.954484 0.120000 6.825947 0.120000 6.106888 0.120000 6.098344 0.120000
5.579623 0.120000 5.556979 0.120000 4.096677 0.120000 3.716577 0.120000 2.721709 0.600000 2.521142 0.120000 6.984789 0.120000 7.309023 0.120000 6.248843 0.120000 5.915272 0.120000
5.393912 0.600000 5.212102 0.120000 4.001093 0.120000 3.570734 0.600000 2.025902 0.120000 1.996088 0.120000 6.522912 0.120000 7.453271 0.120000 5.901581 0.120000 5.196345 0.120000
5.273967 0.120000 5.653543 0.120000 3.999089 0.120000 3.784278 0.120000 2.723145 0.120000 2.458143 0.120000 6.909620 0.120000 7.058739 0.120000 5.925747 0.120000 5.994922 0.120000
6.283425 0.600000 5.317408 0.600000 4.233552 0.120000 3.546684 0.120000 1.780519 0.120000 2.301844 0.120000 6.651831 0.120000 6.990493 0.120000 5.960708 0.120000 6.073864 0.120000
5.342159 0.120000 5.182603 0.120000 3.881341 0.120000 4.412598 0.120000 2.465037 0.600000 2.288364 0.120000 6.814196 0.120000 7.504863 0.120000 6.015980 0.120000 6.192024 0.120000
4.853555 0.120000 5.460744 0.120000 3.705556 0.120000 4.038736 0.600000 2.650395 0.600000 2.038800 0.120000 6.666826 0.120000 7.531003 0.120000 6.035611 0.120000 6.134554 0.120000
5.326166 0.600000 5.884441 0.120000 4.202593 0.120000 3.857897 0.120000 2.023566 0.120000 1.940859 0.120000 6.839575 0.120000 7.218249 0.120000 6.655345 0.120000 6.151134 0.120000
5.811006 0.120000 5.071245 0.120000 4.486663 0.120000 4.699722 0.600000 2.252828 0.120000 2.183546 0.120000 7.327612 0.120000 7.101840 0.120000 6.010790 0.120000 6.206146 0.120000
5.333320 0.120000 5.657522 0.120000 3.861889 0.120000 4.505808 0.120000 1.740157 0.120000 2.051838 0.120000 6.825177 0.120000 7.166882 0.120000 6.336019 0.120000 5.901478 0.120000
5.254654 0.120000 5.436370 0.120000 4.763837 0.120000 3.933293 0.120000 1.759454 0.120000 2.205590 0.600000 6.881718 0.120000 7.138017 0.120000 5.921279 0.120000 5.833258 0.120000
5.615551 0.120000 6.247356 0.600000 4.388820 0.120000 3.776502 0.120000 2.024276 0.120000 1.945932 0.120000 6.830753 0.120000 6.691095 0.120000 7.420967 0.600000 5.941162 0.120000
4.948040 0.120000 5.700356 0.120000 4.531147 0.120000 3.927266 0.120000 2.046019 0.120000 2.429916 0.120000 6.690817 0.120000 7.108401 0.120000 5.918025 0.600000 6.236178 0.120000
5.014474 0.120000 5.123057 0.120000 4.309173 0.120000 4.407429 0.120000 1.818256 0.120000 1.560916 0.120000 6.809553 0.120000 6.608861 0.120000 6.429291 0.120000 6.392486 0.120000
4.752153 0.120000 4.824680 0.120000 4.154875 0.120000 4.068374 0.120000 1.829917 0.120000 1.643308 0.120000 7.089263 0.600000 6.567701 0.120000 5.902946 0.120000 6.334731 0.120000
5.210207 0.120000 5.038580 0.120000 4.095996 0.600000 4.199328 0.120000 1.729107 0.120000 1.853380 0.120000 6.540956 0.120000 7.214857 0.120000 6.270334 0.120000 5.891728 0.600000
4.810945 0.120000 5.185544 0.120000 4.191751 0.120000 4.042980 0.120000 1.744490 0.120000 2.120046 0.120000 7.263183 0.120000 7.241920 0.120000 6.226357 0.120000 5.993185 0.120000
4.914183 0.120000 5.454270 0.120000 4.074952 0.120000 4.761046 0.120000 1.536068 0.120000 1.643919 0.120000 6.566219 0.120000 6.465949 0.120000 6.006387 0.120000 5.988518 0.120000
4.888411 0.120000 5.477522 0.120000 4.191301 0.120000 4.376057 0.120000 1.843009 0.120000 2.095901 0.120000 6.509180 0.120000 7.260698 0.120000 6.202194 0.120000 6.234969 0.120000
5.241737 0.120000 5.178802 0.120000 4.510204 0.120000 4.067968 0.120000 1.645623 0.120000 2.125673 0.120000 6.246118 0.120000 7.220702 0.600000 6.748087 0.600000 5.956578 0.120000
4.924355 0.120000 5.198189 0.600000 4.605469 0.120000 4.204896 0.120000 2.200756 0.120000 2.128482 0.120000 6.573569 0.120000 6.586097 0.120000 6.545686 0.120000 5.582741 0.120000
5.387466 0.120000 5.151464 0.120000 4.115198 0.120000 4.512550 0.120000 1.952380 0.120000 2.273286 0.120000 6.760153 0.120000 6.891136 0.120000 6.732931 0.120000 5.974357 0.120000
5.279945 0.600000 5.354728 0.120000 4.943674 0.120000 4.267825 0.120000 1.574477 0.120000 1.603670 0.120000 6.194511 0.120000 6.731166 0.120000 6.856259 0.600000 6.331257 0.600000
4.966894 0.120000 5.855929 0.600000 4.846326 0.600000 4.069131 0.120000 1.824862 0.120000 2.080401 0.120000 7.018148 0.120000 6.411454 0.120000 6.104585 0.120000 6.127777 0.120000
5.193271 0.120000 5.134041 0.120000 4.637593 0.120000 4.046893 0.120000 1.680537 0.120000 1.820486 0.120000 7.055630 0.120000 6.945643 0.120000 6.025864 0.120000 5.990745 0.120000
5.024016 0.120000 5.276362 0.120000 4.321642 0.120000 4.686503 0.120000 2.046357 0.120000 2.205501 0.120000 6.284308 0.120000 6.878258 0.120000 6.447955 0.120000 6.454105 0.120000
5.299409 0.120000 5.264379 0.120000 4.479482 0.120000 4.486641 0.120000 2.033308 0.120000 1.833403 0.120000 6.553547 0.120000 6.079726 0.120000 6.329603 0.120000 6.069620 0.120000
5.005754 0.120000 5.122327 0.120000 4.470283 0.120000 4.092831 0.120000 2.182958 0.600000 1.982542 0.120000 6.411701 0.120000 6.580239 0.120000 6.405658 0.120000 5.997847 0.120000
4.972086 0.120000 5.233557 0.120000 3.891908 0.120000 4.486876 0.120000 1.494973 0.120000 2.169314 0.120000 6.272092 0.120000 6.643982 0.120000 6.999271 0.600000 6.167454 0.120000
4.603474 0.120000 5.059480 0.120000 4.659236 0.120000 4.553550 0.120000 1.393119 0.120000 1.762125 0.120000 6.616631 0.120000 6.426922 0.120000 6.553044 0.120000 6.460589 0.120000
4.712510 0.120000 5.075635 0.120000 4.281190 0.120000 4.659606 0.120000 2.350298 0.120000 1.564454 0.120000 6.710921 0.120000 7.072668 0.120000 6.427020 0.120000 6.232602 0.120000
4.633208 0.120000 4.987560 0.600000 4.766842 0.120000 4.570037 0.120000 1.637562 0.120000 1.731620 0.120000 6.463194 0.120000 7.179361 0.600000 6.450963 0.120000 6.079084 0.120000
4.540863 0.120000 4.802948 0.120000 4.658589 0.120000 4.259784 0.120000 1.621693 0.120000 1.954440 0.120000 6.564974 0.120000 6.644946 0.120000 6.570596 0.120000 6.356403 0.120000
4.871258 0.120000 4.738627 0.120000 4.634745 0.120000 4.460067 0.120000 1.698418 0.120000 1.040492 0.120000 6.369761 0.120000 6.751758 0.120000 6.215051 0.120000 6.266475 0.120000
4.301734 0.120000 4.776137 0.120000 4.325906 0.120000 4.741713 0.120000 2.236117 0.120000 1.706257 0.120000 6.646090 0.120000 6.391963 0.120000 6.386310 0.120000 6.595245 0.120000
4.872025 0.120000 5.060712 0.120000 4.963892 0.120000 4.720277 0.120000 1.833418 0.120000 1.668692 0.120000 6.322665 0.120000 6.385356 0.120000 6.706627 0.120000 6.178061 0.120000
5.203347 0.120000 4.932750 0.600000 4.719381 0.120000 4.894567 0.120000 3.256740 0.600000 3.069825 0.600000 6.338433 0.120000 6.787791 0.120000 6.937615 0.120000 6.945781 0.600000
5.341527 0.120000 5.095368 0.120000 5.254013 0.120000 4.609640 0.120000 1.930935 0.120000 1.633150 0.120000 6.685371 0.120000 6.395048 0.120000 6.109636 0.120000 6.385245 0.120000
4.811477 0.120000 5.075920 0.120000 4.504807 0.120000 4.938841 0.600000 1.668883 0.120000 2.108990 0.120000 6.417632 0.120000 6.392402 0.120000 6.576982 0.120000 6.169788 0.120000
4.419882 0.120000 4.821354 0.120000 4.959402 0.120000 4.250302 0.120000 2.008734 0.600000 2.045202 0.120000 6.133011 0.120000 6.727382 0.120000 6.770962 0.120000 6.518915 0.120000
4.612522 0.120000 4.749944 0.120000 4.698901 0.120000 4.427570 0.120000 1.959664 0.120000 1.627762 0.120000 6.833475 0.120000 6.306092 0.120000 6.243694 0.120000 6.706633 0.120000
4.268085 0.120000 4.969575 0.600000 4.493937 0.600000 4.507488 0.120000 1.740478 0.120000 2.026981 0.120000 6.809273 0.120000 6.323533 0.120000 6.509498 0.120000 6.258222 0.120000
4.153891 0.120000 4.723667 0.120000 4.837697 0.120000 4.607216 0.600000 1.720701 0.120000 1.577013 0.600000 6.434428 0.120000 6.320596 0.120000 6.465950 0.600000 6.206533 0.120000
5.060939 0.120000 4.523431 0.120000 5.306261 0.120000 4.901431 0.120000 1.769790 0.120000 1.533406 0.120000 6.439548 0.600000 6.475159 0.120000 6.661881 0.120000 6.317569 0.120000
4.442466 0.600000 4.817914 0.600000 5.355886 0.120000 4.458570 0.120000 2.271388 0.600000 1.781106 0.120000 6.228058 0.120000 6.189982 0.120000 6.990266 0.120000 6.506179 0.120000
4.658203 0.120000 5.969963 0.600000 4.924606 0.120000 4.506581 0.120000 1.833826 0.120000 1.741956 0.120000 6.513425 0.120000 6.682916 0.120000 6.906709 0.120000 6.519588 0.120000
3.931001 0.120000 4.779671 0.120000 5.184538 0.120000 4.664403 0.120000 2.503682 0.600000 1.651393 0.120000 6.776268 0.120000 6.224394 0.120000 6.680574 0.120000 6.309708 0.120000
4.190124 0.600000 4.366282 0.120000 4.771853 0.120000 4.749947 0.120000 1.842334 0.120000 1.910802 0.120000 6.124242 0.120000 6.395716 0.120000 6.823674 0.600000 6.134485 0.120000
4.720334 0.120000 4.353080 0.120000 5.151910 0.120000 5.418199 0.120000 1.745256 0.120000 1.423046 0.120000 6.337100 0.120000 6.410694 0.120000 6.770553 0.120000 6.616109 0.120000
4.085910 0.120000 4.231094 0.120000 5.254546 0.120000 4.615157 0.120000 2.189674 0.120000 1.183330 0.120000 6.612729 0.600000 6.490591 0.120000 6.244466 0.120000 6.747478 0.120000
4.345605 0.120000 4.673936 0.120000 5.586626 0.120000 4.641058 0.120000 2.129259 0.120000 1.634225 0.120000 5.941991 0.120000 6.500634 0.120000 6.366919 0.120000 6.919459 0.120000
4.444924 0.120000 4.720402 0.120000 5.283519 0.120000 4.570775 0.120000 1.886367 0.120000 2.139715 0.120000 6.160488 0.120000 6.413669 0.120000 6.837005 0.120000 6.541211 0.120000
4.521662 0.120000 4.228385 0.120000 4.982182 0.600000 5.057074 0.120000 1.674207 0.120000 1.719002 0.120000 5.826148 0.120000 7.583572 0.600000 6.750379 0.120000 6.035438 0.120000
4.550558 0.120000 4.480704 0.120000 5.064343 0.120000 5.217650 0.120000 1.350105 0.120000 1.991783 0.120000 6.183053 0.120000 6.409430 0.120000 6.521630 0.120000 6.656648 0.120000
4.291780 0.120000 4.289361 0.120000 4.896074 0.120000 4.927114 0.120000 1.997769 0.600000 1.909765 0.120000 6.061508 0.120000 6.079397 0.120000 6.518061 0.120000 7.231415 0.120000
5.017464 0.600000 4.631010 0.120000 5.198100 0.120000 5.352646 0.120000 0.992365 0.120000 1.819444 0.120000 6.053566 0.120000 5.894721 0.120000 7.225183 0.120000 6.327427 0.120000
4.716207 0.120000 4.778230 0.120000 5.043211 0.120000 4.910374 0.120000 1.959155 0.120000 1.815918 0.120000 5.779299 0.120000 6.181897 0.600000 7.075650 0.120000 6.746868 0.120000
4.694094 0.120000 4.594741 0.120000 5.308794 0.120000 5.034455 0.120000 1.983393 0.120000 2.046872 0.120000 6.951813 0.120000 6.447166 0.120000 7.195596 0.120000 6.298195 0.120000
3.994025 0.120000 4.402987 0.120000 4.752256 0.120000 5.169190 0.120000 1.849474 0.120000 2.159090 0.120000 6.010613 0.120000 6.130796 0.120000 7.046310 0.120000 6.733073 0.120000
4.530743 0.120000 4.170401 0.120000 4.826667 0.120000 5.125284 0.120000 1.574829 0.120000 1.597875 0.120000 5.745933 0.120000 6.379232 0.120000 7.141259 0.120000 6.781897 0.120000
4.016436 0.120000 4.177263 0.120000 5.328689 0.120000 4.832331 0.120000 1.815455 0.120000 1.694582 0.120000 5.764155 0.120000 6.100984 0.120000 6.839683 0.120000 7.242189 0.120000
3.802681 0.120000 4.726982 0.120000 4.911683 0.120000 5.260741 0.120000 2.625964 0.600000 1.476424 0.120000 6.364951 0.120000 6.291939 0.120000 6.969816 0.120000 7.008690 0.120000
3.763003 0.120000 4.553109 0.120000 5.367669 0.120000 5.072014 0.120000 2.385424 0.120000 2.094893 0.120000 6.178980 0.120000 6.433667 0.120000 6.756114 0.120000 6.928943 0.120000
4.241088 0.120000 4.204999 0.120000 5.465655 0.120000 5.389161 0.120000 2.150274 0.120000 1.613158 0.120000 6.375624 0.120000 6.254319 0.120000 7.003622 0.120000 6.771641 0.120000
3.767939 0.120000 4.537960 0.120000 5.421806 0.120000 5.459212 0.120000 2.226322 0.120000 2.032001 0.120000 6.204790 0.120000 6.487603 0.120000 7.249008 0.120000 7.051785 0.120000
4.117537 0.120000 5.344528 0.600000 5.695441 0.120000 5.581732 0.600000 2.350696 0.600000 2.152413 0.120000 5.916205 0.120000 6.348633 0.600000 7.162462 0.120000 6.785214 0.120000
4.246317 0.120000 4.301320 0.120000 4.891817 0.120000 5.394507 0.120000 2.423527 0.120000 1.965238 0.120000 5.780307 0.120000 6.570142 0.600000 6.967495 0.120000 7.018519 0.120000
4.091601 0.120000 4.240444 0.120000 5.744408 0.120000 5.374684 0.120000 2.033164 0.120000 1.944883 0.120000 5.791379 0.120000 6.582718 0.600000 7.044711 0.120000 6.691812 0.120000
4.166623 0.120000 4.056074 0.120000 5.548684 0.120000 5.431554 0.120000 2.058420 0.120000 1.857482 0.120000 5.830749 0.120000 6.503039 0.120000 7.032090 0.120000 7.017385 0.120000
3.948876 0.120000 4.323776 0.120000 6.053800 0.120000 4.829447 0.120000 2.177536 0.120000 3.051236 0.600000 5.835732 0.120000 5.999201 0.120000 7.062507 0.120000 6.990877 0.120000
4.150673 0.120000 4.035725 0.120000 5.569103 0.120000 6.408668 0.600000 2.182912 0.600000 1.824404 0.120000 5.523484 0.120000 6.070209 0.120000 7.152373 0.120000 7.299667 0.120000
4.254419 0.120000 3.203190 0.120000 5.403846 0.120000 5.224668 0.120000 2.589125 0.120000 2.560061 0.600000 5.436871 0.120000 6.221325 0.120000 6.939913 0.120000 7.095368 0.120000
4.010241 0.120000 4.279982 0.120000 5.824337 0.120000 5.725422 0.120000 2.811049 0.120000 2.398376 0.120000 6.386228 0.600000 6.166244 0.120000 6.973254 0.120000 7.028082 0.120000
4.361137 0.120000 4.058628 0.120000 5.678843 0.120000 5.752866 0.120000 2.321129 0.120000 2.217025 0.120000 5.448608 0.120000 6.151816 0.120000 7.248423 0.120000 7.004140 0.120000
4.050643 0.120000 3.897183 0.120000 5.676891 0.120000 5.743119 0.120000 2.513334 0.120000 2.272928 0.120000 5.668047 0.120000 6.317630 0.120000 7.131165 0.120000 6.744242 0.600000
4.483240 0.600000 4.331497 0.120000 6.042350 0.120000 5.887330 0.120000 1.980063 0.120000 2.217380 0.120000 5.977645 0.120000 5.688103 0.120000 7.347318 0.120000 7.455228 0.600000
3.454445 0.120000 3.879928 0.120000 6.081694 0.120000 5.801518 0.120000 2.696263 0.120000 2.387836 0.120000 6.067227 0.120000 5.854943 0.120000 6.988341 0.120000 6.520793 0.120000
4.641087 0.600000 3.899931 0.120000 5.588211 0.120000 5.398160 0.120000 2.204591 0.120000 2.716194 0.600000 6.315733 0.120000 5.673380 0.120000 7.222218 0.120000 7.117256 0.600000
3.794870 0.600000 3.634180 0.120000 5.704190 0.120000 5.880588 0.120000 2.680413 0.120000 1.839875 0.120000 5.676128 0.120000 5.134629 0.120000 7.455317 0.120000 7.035612 0.120000
3.409954 0.600000 3.794932 0.120000 6.208061 0.120000 5.643603 0.120000 2.507611 0.120000 2.408337 0.120000 5.882955 0.600000 5.840526 0.120000 7.215519 0.120000 7.547609 0.120000
3.651039 0.120000 4.138102 0.120000 5.926204 0.120000 5.714949 0.120000 3.034666 0.120000 2.309900 0.120000 6.205248 0.120000 5.993364 0.120000 6.999224 0.120000 7.015309 0.120000
3.544503 0.120000 4.320194 0.120000 6.303761 0.120000 5.340321 0.120000 3.042257 0.600000 2.154432 0.120000 5.877493 0.120000 5.647296 0.600000 7.553438 0.120000 7.059919 0.120000
3.679055 0.120000 3.708983 0.120000 5.921010 0.600000 5.714282 0.120000 2.455321 0.120000 1.984614 0.120000 5.550186 0.120000 5.874298 0.120000 6.879892 0.120000 7.024047 0.120000
3.421786 0.120000 4.076089 0.120000 6.180357 0.120000 5.811119 0.120000 2.159339 0.120000 2.386698 0.120000 6.270989 0.120000 5.835442 0.120000 7.447831 0.120000 7.304787 0.120000
3.610187 0.120000 3.757981 0.120000 5.618851 0.120000 5.918214 0.600000 2.457688 0.120000 2.647780 0.120000 5.863292 0.120000 5.960201 0.120000 7.559050 0.120000 7.278656 0.120000
3.424949 0.120000 3.647419 0.120000 5.961309 0.120000 5.791416 0.120000 2.605134 0.120000 2.456300 0.120000 5.910826 0.120000 6.625133 0.120000 7.736745 0.120000 7.171258 0.120000
3.875293 0.120000 4.508634 0.120000 6.016406 0.120000 6.182601 0.120000 2.491925 0.600000 2.441735 0.120000 5.833784 0.120000 6.004774 0.120000 7.134858 0.120000 7.403230 0.120000
3.726174 0.120000 3.632211 0.120000 5.731602 0.120000 5.933664 0.120000 2.826686 0.120000 2.473008 0.120000 5.958632 0.120000 5.575677 0.120000 7.732056 0.120000 7.704125 0.120000
3.658391 0.120000 3.893181 0.120000 5.836874 0.120000 5.844850 0.120000 3.028464 0.120000 2.250092 0.120000 5.971190 0.120000 5.456735 0.120000 7.197043 0.120000 7.582075 0.120000
3.824788 0.120000 3.654529 0.600000 6.398256 0.120000 5.789991 0.120000 2.689917 0.120000 2.452591 0.120000 5.949732 0.600000 6.101964 0.120000 7.136599 0.120000 7.849498 0.600000
3.887103 0.120000 3.646972 0.120000 6.058422 0.120000 6.433772 0.120000 2.316892 0.120000 2.304620 0.120000 5.998587 0.120000 5.809650 0.120000 7.717757 0.120000 7.344231 0.120000
3.576038 0.120000 3.359739 0.120000 6.249679 0.120000 5.810444 0.120000 2.693956 0.600000 2.424464 0.120000 5.999124 0.600000 6.203144 0.120000 7.175961 0.120000 7.316445 0.120000
3.714981 0.120000 3.685618 0.120000 6.520928 0.120000 5.985733 0.120000 3.114329 0.600000 2.435830 0.120000 6.166284 0.120000 5.198960 0.120000 7.655912 0.600000 7.207067 0.120000
4.138702 0.120000 3.161744 0.120000 5.800811 0.120000 5.587230 0.120000 2.762248 0.120000 2.751574 0.120000 5.927003 0.120000 5.459122 0.120000 7.386310 0.120000 7.575100 0.120000
3.760569 0.120000 4.366642 0.600000 5.727781 0.120000 6.202573 0.120000 2.800600 0.120000 2.273748 0.120000 5.838046 0.120000 5.800535 0.120000 7.386842 0.120000 7.400089 0.120000
3.874092 0.120000 3.520115 0.120000 5.685230 0.120000 6.173834 0.120000 3.091379 0.120000 2.767838 0.120000 5.853159 0.120000 5.747765 0.120000 7.504954 0.120000 7.324320 0.120000
3.854143 0.600000 4.057147 0.120000 6.201950 0.120000 6.521873 0.120000 2.895814 0.120000 2.396971 0.120000 5.452625 0.120000 6.070327 0.120000 8.821624 0.600000 7.628344 0.120000
3.393114 0.120000 3.470807 0.120000 6.273373 0.120000 6.185280 0.120000 2.599270 0.120000 2.603497 0.120000 6.037996 0.120000 5.951564 0.120000 7.593211 0.120000 7.541014 0.120000
3.511624 0.120000 3.859280 0.120000 6.620795 0.600000 6.423958 0.120000 3.464540 0.600000 2.311881 0.120000 5.533506 0.120000 5.563040 0.120000 7.233597 0.120000 7.966258 0.120000
3.472300 0.120000 3.717235 0.120000 6.012144 0.120000 5.720836 0.120000 2.748452 0.120000 3.072726 0.120000 5.766003 0.120000 5.760575 0.120000 7.430176 0.120000 7.531631 0.120000
3.397937 0.120000 3.860325 0.120000 5.948362 0.600000 6.295933 0.120000 2.801378 0.120000 2.595418 0.120000 6.157178 0.120000 5.684182 0.120000 7.675794 0.120000 7.676573 0.120000
3.470618 0.120000 3.154166 0.600000 6.927219 0.600000 5.789661 0.120000 3.444766 0.600000 2.548981 0.120000 5.714593 0.120000 6.093273 0.120000 8.003129 0.120000 7.658282 0.120000
3.956897 0.120000 3.516822 0.120000 6.333096 0.120000 6.299050 0.120000 3.001714 0.120000 2.797794 0.120000 5.502909 0.120000 5.739400 0.120000 7.689166 0.600000 7.914447 0.120000
3.426626 0.120000 3.787781 0.120000 6.467885 0.120000 6.295482 0.120000 3.025668 0.120000 2.249206 0.600000 5.452461 0.600000 5.986511 0.120000 7.483756 0.120000 7.742343 0.120000
3.772806 0.120000 3.961245 0.120000 6.542569 0.120000 5.721583 0.600000 3.139051 0.120000 2.533385 0.120000 5.612822 0.120000 5.625889 0.120000 7.232910 0.120000 7.254516 0.120000
3.850729 0.120000 3.721013 0.120000 6.351667 0.600000 6.280027 0.120000 2.714899 0.120000 3.399051 0.600000 6.156789 0.600000 5.974048 0.120000 7.973315 0.600000 7.632988 0.120000
3.505474 0.120000 3.246748 0.120000 6.123050 0.120000 6.190826 0.120000 3.129592 0.120000 2.365460 0.120000 6.127729 0.120000 5.636174 0.120000 7.471349 0.120000 7.820958 0.120000
3.560615 0.120000 4.143209 0.120000 6.922976 0.120000 6.028040 0.120000 3.142851 0.120000 2.489080 0.120000 5.406846 0.120000 5.991997 0.120000 7.535580 0.120000 7.762193 0.600000
3.324804 0.120000 3.216337 0.120000 6.861160 0.120000 6.101901 0.120000 3.003999 0.120000 3.792574 0.600000 6.186929 0.600000 6.345994 0.120000 7.446034 0.120000 7.793883 0.120000
3.722489 0.120000 3.731651 0.120000 6.248291 0.120000 5.887406 0.120000 2.886539 0.120000 2.872065 0.120000 6.004706 0.120000 5.893277 0.120000 7.557963 0.120000 7.389696 0.120000
3.107442 0.120000 3.609933 0.120000 6.341946 0.120000 6.427107 0.600000 2.978506 0.120000 2.274028 0.120000 5.725200 0.120000 6.012490 0.600000 7.698548 0.120000 7.725100 0.120000
4.206273 0.600000 3.335395 0.120000 6.113935 0.120000 6.318798 0.120000 3.317585 0.600000 3.017009 0.600000 5.825677 0.120000 6.067004 0.120000 7.411379 0.120000 7.244627 0.120000
3.571389 0.120000 3.864392 0.120000 6.579643 0.600000 6.145334 0.120000 3.117883 0.600000 2.639034 0.120000 5.958918 0.600000 5.825504 0.120000 7.629223 0.120000 7.145368 0.120000
2.979795 0.120000 4.251013 0.120000 6.507432 0.600000 6.361283 0.120000 2.877201 0.120000 2.413159 0.120000 5.749321 0.120000 5.576240 0.120000 8.545078 0.600000 7.467427 0.120000
3.823065 0.120000 3.481773 0.600000 6.227223 0.120000 6.268654 0.120000 3.549313 0.600000 2.648902 0.120000 5.761792 0.120000 5.408412 0.600000 7.762352 0.120000 7.674119 0.120000
3.424127 0.120000 3.851359 0.120000 6.453421 0.120000 6.346881 0.120000 3.163781 0.120000 2.790387 0.120000 5.588994 0.120000 5.949289 0.120000 7.738833 0.120000 7.430563 0.120000
3.097615 0.120000 3.455527 0.120000 6.394441 0.120000 6.293255 0.120000 3.111332 0.120000 3.104871 0.120000 5.744789 0.120000 5.833358 0.120000 8.084564 0.120000 7.854739 0.120000
3.665195 0.120000 3.579118 0.600000 6.458950 0.120000 5.906831 0.600000 3.162620 0.120000 2.840095 0.120000 5.531194 0.120000 5.380123 0.120000 7.770603 0.120000 7.483783 0.120000
3.728889 0.120000 4.068166 0.120000 6.792238 0.120000 6.262392 0.120000 3.040076 0.600000 3.119409 0.600000 5.836923 0.120000 5.359183 0.120000 7.897911 0.120000 7.441647 0.120000
3.454572 0.120000 3.579685 0.120000 6.807179 0.600000 6.032464 0.120000 3.072130 0.120000 2.569629 0.120000 5.625693 0.120000 5.585535 0.120000 7.803630 0.120000 7.259617 0.120000
3.963118 0.120000 3.940443 0.120000 6.342299 0.120000 6.171011 0.600000 3.196519 0.120000 2.862072 0.120000 5.966697 0.120000 5.649266 0.120000 7.417248 0.120000 7.571850 0.120000
3.502262 0.120000 3.456600 0.120000 6.088062 0.120000 6.226068 0.120000 2.966871 0.120000 2.678401 0.120000 5.600167 0.120000 5.504381 0.120000 8.044641 0.120000 7.841096 0.120000
3.682037 0.120000 3.432771 0.120000 6.647828 0.120000 6.519222 0.120000 3.136193 0.120000 3.320181 0.120000 5.610338 0.120000 5.607354 0.120000 7.247027 0.120000 7.646797 0.120000
3.842191 0.120000 3.218021 0.120000 6.443725 0.600000 6.114993 0.120000 3.238073 0.120000 2.758681 0.120000 5.998656 0.120000 6.335651 0.120000 7.274659 0.120000 8.041810 0.120000
4.008822 0.120000 2.740345 0.600000 6.428160 0.120000 6.634999 0.120000 2.913652 0.120000 3.243937 0.120000 5.581650 0.120000 5.281640 0.120000 7.994648 0.120000 7.708741 0.120000
3.631969 0.120000 3.519023 0.120000 6.807938 0.120000 6.293804 0.120000 3.248280 0.120000 3.052713 0.120000 5.910911 0.600000 5.872074 0.120000 7.697977 0.120000 7.933092 0.120000
3.973661 0.600000 3.361580 0.120000 6.535988 0.120000 6.920728 0.600000 3.380156 0.120000 4.425425 0.600000 5.198840 0.600000 5.251290 0.120000 7.900309 0.120000 7.660926 0.120000
3.778000 0.600000 3.791126 0.120000 6.641242 0.120000 6.144925 0.120000 2.841205 0.120000 2.912923 0.120000 5.617778 0.120000 5.783727 0.120000 7.739071 0.120000 8.042924 0.120000
3.521561 0.120000 3.653032 0.600000 6.651695 0.600000 6.522377 0.120000 2.221104 0.120000 3.156552 0.120000 5.722406 0.600000 5.506274 0.120000 7.961057 0.120000 7.567681 0.120000
3.598057 0.120000 3.267824 0.120000 6.255668 0.120000 7.713847 0.600000 2.687359 0.120000 2.829371 0.120000 5.549814 0.120000 5.757206 0.120000 8.026907 0.120000 8.037359 0.120000
3.379410 0.120000 3.394401 0.120000 7.017682 0.120000 6.526331 0.120000 3.467880 0.120000 3.317667 0.600000 5.993333 0.120000 5.898130 0.120000 7.930112 0.120000 7.946509 0.120000
4.024965 0.120000 3.493772 0.120000 6.822888 0.600000 6.095051 0.120000 2.945819 0.120000 2.651541 0.120000 5.211015 0.120000 5.433920 0.120000 7.934898 0.600000 7.701953 0.120000
3.490776 0.120000 3.618801 0.120000 6.450601 0.120000 6.620477 0.120000 3.040093 0.120000 3.044123 0.120000 5.480771 0.120000 5.896249 0.120000 8.301349 0.600000 7.553020 0.120000
3.357836 0.120000 3.385851 0.120000 6.571978 0.120000 6.301069 0.120000 2.858341 0.120000 3.243471 0.120000 5.564155 0.120000 5.788735 0.120000 7.433286 0.120000 8.045534 0.120000
3.992649 0.120000 3.252188 0.120000 6.712345 0.120000 6.712615 0.120000 4.390263 0.600000 3.045501 0.120000 5.204516 0.120000 5.310383 0.120000 8.046349 0.120000 7.983254 0.120000
3.385546 0.120000 3.804542 0.120000 6.944324 0.120000 6.465360 0.120000 3.446997 0.120000 3.061400 0.120000 5.532626 0.120000 5.940820 0.120000 7.542147 0.600000 8.127964 0.120000
3.576219 0.120000 3.413978 0.120000 6.305810 0.600000 7.032965 0.120000 2.920664 0.120000 3.228455 0.600000 5.279640 0.120000 5.583180 0.120000 9.601370 0.600000 8.075159 0.120000
3.461729 0.120000 4.096891 0.120000 6.539819 0.120000 6.321960 0.120000 2.865018 0.120000 3.091851 0.120000 5.346274 0.120000 5.564334 0.120000 7.788977 0.120000 7.155470 0.120000
3.660499 0.120000 2.958467 0.120000 6.642950 0.600000 7.070421 0.600000 2.689094 0.120000 2.874739 0.120000 5.407254 0.120000 6.069860 0.600000 7.527940 0.120000 7.705106 0.120000
4.394651 0.120000 3.790065 0.120000 7.142578 0.120000 6.520194 0.120000 3.114458 0.120000 2.776541 0.120000 5.640383 0.120000 5.718944 0.120000 7.408558 0.120000 7.740672 0.120000
4.044898 0.120000 3.624733 0.120000 7.126834 0.120000 6.667930 0.120000 3.279856 0.120000 3.095763 0.120000 5.196238 0.120000 5.526474 0.120000 7.836239 0.120000 7.178755 0.120000
4.027866 0.120000 2.902451 0.120000 6.971952 0.120000 6.881999 0.120000 2.765635 0.120000 3.244761 0.120000 5.258037 0.120000 5.486918 0.120000 7.261177 0.120000 7.746774 0.120000
4.199291 0.120000 3.986492 0.120000 6.716434 0.120000 6.523723 0.120000 3.296158 0.120000 2.901007 0.120000 5.861500 0.120000 5.116992 0.120000 7.940180 0.120000 7.753249 0.120000
3.942021 0.120000 3.476298 0.120000 7.012214 0.120000 6.483439 0.120000 3.295770 0.600000 3.169677 0.120000 5.161233 0.120000 5.388488 0.120000 7.517936 0.120000 7.500831 0.120000
4.259337 0.120000 3.513174 0.120000 7.084371 0.120000 6.516220 0.120000 3.086223 0.120000 3.219906 0.120000 5.102417 0.120000 5.353132 0.120000 7.262248 0.120000 7.890316 0.120000
3.737820 0.120000 4.084941 0.120000 7.107934 0.120000 6.376314 0.120000 3.171570 0.120000 3.569395 0.120000 5.343295 0.120000 6.215962 0.600000 7.243107 0.120000 7.677043 0.120000
4.017509 0.120000 3.899514 0.120000 6.986681 0.120000 6.894789 0.120000 2.990344 0.120000 2.945804 0.120000 4.983660 0.120000 4.757427 0.120000 7.830515 0.120000 7.779633 0.600000
4.438247 0.120000 3.569477 0.120000 7.002346 0.120000 6.557441 0.120000 3.002281 0.120000 2.565459 0.120000 4.987941 0.120000 5.626549 0.120000 7.266244 0.120000 7.462759 0.600000
4.203304 0.120000 4.193615 0.600000 7.143420 0.120000 6.461206 0.120000 3.060440 0.120000 2.754035 0.120000 5.303169 0.120000 4.896913 0.120000 7.458911 0.120000 7.699219 0.120000
3.801509 0.120000 3.944079 0.120000 7.123447 0.120000 6.915538 0.120000 3.099568 0.120000 3.122714 0.120000 4.999955 0.120000 4.946679 0.120000 7.504175 0.120000 7.836635 0.120000
4.347172 0.120000 3.886197 0.120000 7.212617 0.120000 6.935641 0.120000 3.113626 0.120000 2.551173 0.120000 5.131931 0.120000 6.379226 0.600000 7.020826 0.120000 7.490006 0.120000
4.216484 0.120000 4.127419 0.120000 6.719359 0.120000 6.902361 0.120000 2.996718 0.120000 2.607764 0.120000 5.016510 0.120000 5.321251 0.120000 7.628954 0.600000 7.433577 0.120000
4.100323 0.120000 3.696017 0.120000 6.868811 0.600000 6.577304 0.120000 3.671440 0.120000 4.104949 0.600000 5.151102 0.600000 5.277219 0.120000 6.964570 0.120000 7.429196 0.120000
4.455884 0.120000 3.704853 0.120000 7.498792 0.600000 7.111043 0.120000 3.174536 0.120000 2.879079 0.120000 4.820883 0.120000 4.895928 0.120000 7.573112 0.120000 7.547787 0.120000
4.607489 0.600000 4.363169 0.120000 7.193685 0.120000 7.227636 0.600000 2.695313 0.120000 3.285919 0.120000 4.710278 0.120000 5.214759 0.120000 7.969158 0.600000 7.903571 0.120000
4.357217 0.120000 4.435680 0.120000 7.125527 0.120000 7.142142 0.120000 2.903272 0.120000 2.829366 0.120000 4.879637 0.600000 4.957915 0.120000 7.527998 0.120000 7.416241 0.120000
4.139970 0.120000 4.194833 0.120000 6.887314 0.120000 7.176040 0.120000 2.996147 0.120000 3.026311 0.120000 4.326384 0.120000 4.793709 0.120000 7.298543 0.120000 7.359161 0.120000
4.341234 0.120000 4.175577 0.120000 7.301019 0.120000 7.367721 0.120000 3.120893 0.120000 3.129313 0.120000 4.603395 0.120000 5.005215 0.600000 6.981318 0.120000 7.901347 0.120000
4.245719 0.120000 4.286851 0.120000 7.329345 0.120000 6.966577 0.120000 2.900793 0.120000 3.481641 0.120000 4.930056 0.120000 5.317559 0.120000 7.228764 0.120000 7.522991 0.120000
4.369107 0.120000 4.440666 0.120000 7.524273 0.120000 7.167637 0.120000 2.817222 0.120000 2.868809 0.120000 4.885770 0.600000 5.469547 0.600000 8.352322 0.600000 7.359655 0.120000
4.753716 0.120000 4.653822 0.120000 7.421351 0.120000 6.483115 0.120000 3.173874 0.120000 3.227658 0.120000 4.600379 0.120000 4.768825 0.120000 7.439788 0.120000 7.166991 0.120000
5.025630 0.600000 4.751552 0.120000 7.103888 0.120000 7.120829 0.120000 3.458979 0.120000 3.516832 0.120000 4.802360 0.120000 4.893980 0.120000 7.657365 0.120000 7.230413 0.120000
4.461170 0.600000 3.947181 0.120000 7.224054 0.120000 7.224814 0.600000 2.998576 0.120000 3.414362 0.600000 4.335171 0.120000 5.358364 0.120000 7.072209 0.120000 7.395484 0.120000
4.825929 0.120000 4.303322 0.120000 7.019127 0.120000 7.228265 0.120000 3.200235 0.120000 3.310948 0.120000 4.515311 0.120000 5.035011 0.120000 7.498234 0.120000 7.480400 0.120000
4.272235 0.120000 4.514625 0.120000 7.052812 0.600000 7.070545 0.600000 3.577460 0.600000 3.119980 0.600000 4.710197 0.600000 4.985578 0.120000 6.909540 0.120000 7.207387 0.120000
5.389955 0.600000 4.325372 0.120000 7.549923 0.120000 7.476077 0.120000 3.081179 0.120000 3.030326 0.120000 4.727832 0.120000 4.818031 0.120000 7.131418 0.120000 8.073676 0.600000
4.816804 0.120000 3.868544 0.120000 7.325279 0.120000 6.985462 0.120000 2.808592 0.120000 2.985182 0.120000 4.851564 0.600000 5.138352 0.120000 7.041538 0.120000 7.334058 0.120000
5.120707 0.120000 4.333070 0.600000 8.030988 0.600000 7.222357 0.120000 3.260521 0.120000 3.232196 0.120000 4.545520 0.120000 4.693905 0.120000 7.474785 0.600000 7.160900 0.120000
4.098373 0.120000 4.332347 0.120000 7.039125 0.120000 7.368686 0.120000 3.324778 0.120000 2.662145 0.120000 4.396154 0.120000 4.703455 0.120000 7.202726 0.120000 7.343437 0.120000
4.392171 0.120000 4.280828 0.120000 7.120447 0.120000 6.901532 0.120000 3.312050 0.120000 3.761084 0.120000 4.254659 0.120000 4.766611 0.600000 6.998064 0.120000 6.890787 0.120000
4.676887 0.120000 4.021185 0.120000 7.358989 0.120000 7.290296 0.600000 3.468513 0.120000 3.061467 0.120000 5.005211 0.120000 4.967301 0.120000 7.360595 0.120000 7.216699 0.120000
4.603311 0.120000 4.117304 0.120000 7.350287 0.120000 7.294059 0.120000 3.017919 0.120000 3.067955 0.120000 4.526941 0.120000 4.761317 0.120000 7.377358 0.120000 7.153120 0.120000
4.580982 0.120000 4.435212 0.120000 7.635028 0.120000 7.414933 0.120000 2.871386 0.120000 3.064929 0.120000 4.510766 0.120000 4.302993 0.120000 7.241815 0.120000 7.248958 0.120000
4.505979 0.120000 4.437063 0.120000 7.784774 0.120000 7.123250 0.120000 3.284523 0.120000 3.055471 0.120000 4.013090 0.120000 4.770718 0.120000 7.241003 0.120000 7.279353 0.120000
4.930850 0.120000 4.655403 0.120000 7.486058 0.120000 6.948864 0.120000 2.886540 0.120000 3.105291 0.120000 4.673342 0.120000 4.558882 0.120000 7.003734 0.120000 7.094652 0.120000
4.875304 0.120000 4.206474 0.120000 8.382799 0.600000 7.382031 0.120000 3.245141 0.120000 2.777404 0.120000 4.392415 0.600000 4.623472 0.120000 6.790442 0.120000 6.672574 0.120000
7.000284 0.600000 4.573103 0.120000 7.715114 0.120000 7.268025 0.120000 3.265102 0.120000 3.146579 0.120000 4.543399 0.120000 4.636276 0.120000 6.852888 0.120000 7.287104 0.120000
4.902126 0.120000 4.501701 0.120000 7.113230 0.120000 6.781218 0.120000 3.398328 0.120000 3.144704 0.120000 4.172938 0.120000 3.903437 0.120000 7.178143 0.120000 7.344763 0.120000
4.817101 0.120000 4.890271 0.120000 7.455625 0.120000 7.560505 0.120000 2.915339 0.120000 3.071117 0.120000 4.318772 0.120000 4.285158 0.120000 7.303930 0.120000 7.124103 0.120000
5.101511 0.120000 4.803214 0.120000 6.913374 0.120000 7.393189 0.120000 3.130131 0.120000 3.062111 0.120000 4.163664 0.120000 4.838527 0.600000 7.129324 0.120000 7.682326 0.120000
4.920785 0.120000 4.820613 0.120000 7.651760 0.120000 7.259927 0.120000 3.868262 0.600000 3.254840 0.120000 5.340732 0.600000 4.064308 0.120000 6.935370 0.120000 7.223163 0.120000
4.879594 0.600000 4.780394 0.120000 7.206033 0.120000 7.277654 0.120000 3.558203 0.600000 3.113344 0.120000 3.841247 0.120000 4.141089 0.120000 6.696752 0.120000 6.931999 0.120000
5.043954 0.120000 4.688834 0.120000 7.477612 0.120000 7.829844 0.120000 2.535826 0.120000 2.843683 0.120000 4.199971 0.120000 4.316852 0.120000 7.081936 0.120000 7.221993 0.120000
4.973550 0.120000 5.127340 0.120000 7.895487 0.120000 6.604067 0.120000 3.456472 0.120000 3.401351 0.120000 4.087404 0.120000 4.243162 0.120000 6.746959 0.120000 6.944073 0.120000
4.614163 0.120000 4.979116 0.120000 7.141267 0.120000 7.189955 0.120000 3.139020 0.120000 3.159448 0.120000 4.327592 0.120000 4.304872 0.120000 7.161157 0.120000 7.111066 0.120000
4.908726 0.120000 4.245178 0.120000 7.712140 0.120000 6.983926 0.120000 2.985458 0.120000 2.662130 0.120000 4.093011 0.120000 4.308881 0.120000 6.572980 0.120000 6.992623 0.120000
4.938150 0.120000 5.364559 0.120000 7.308637 0.120000 7.235432 0.120000 3.714528 0.600000 3.411652 0.600000 3.477545 0.120000 4.767789 0.120000 6.716321 0.120000 7.271125 0.120000
5.577906 0.120000 5.098142 0.120000 7.413090 0.120000 7.738100 0.120000 3.818703 0.600000 3.363847 0.120000 4.089458 0.120000 4.494565 0.600000 7.082501 0.120000 7.387169 0.120000
4.824026 0.120000 5.079711 0.120000 7.518956 0.120000 7.185580 0.600000 3.241534 0.120000 3.047783 0.120000 3.935044 0.120000 3.980316 0.120000 6.852402 0.120000 7.087794 0.120000
5.387760 0.120000 4.458209 0.120000 7.356167 0.120000 7.244853 0.120000 3.086949 0.120000 3.176517 0.120000 3.944095 0.120000 4.253855 0.120000 6.467957 0.120000 6.875347 0.120000
5.165176 0.120000 4.729060 0.120000 7.710196 0.120000 7.174346 0.120000 3.012257 0.120000 3.450169 0.120000 4.226939 0.120000 4.030640 0.120000 6.930792 0.120000 7.589427 0.120000
5.435272 0.120000 4.915977 0.120000 7.678053 0.120000 7.629918 0.120000 3.372217 0.600000 3.360602 0.600000 4.201357 0.120000 4.092519 0.120000 6.797279 0.120000 6.658875 0.120000
4.627351 0.120000 4.551299 0.120000 7.638152 0.120000 7.183018 0.120000 3.644743 0.600000 2.938154 0.120000 3.733945 0.120000 4.885832 0.120000 6.810865 0.120000 7.194460 0.120000
5.177996 0.120000 4.356917 0.120000 7.465804 0.120000 7.590973 0.120000 3.201808 0.120000 2.907871 0.120000 3.764793 0.120000 4.306403 0.120000 7.427619 0.600000 6.912431 0.120000
5.148779 0.600000 4.952141 0.120000 7.209235 0.120000 7.463182 0.120000 3.658871 0.120000 4.323179 0.600000 4.282948 0.120000 3.949047 0.120000 6.889154 0.120000 7.150975 0.600000
5.276226 0.120000 4.938698 0.120000 7.122918 0.120000 7.670223 0.120000 3.363470 0.120000 3.615231 0.120000 3.640394 0.120000 4.064618 0.120000 6.997102 0.120000 7.099889 0.120000
5.159909 0.120000 4.881534 0.120000 7.607119 0.120000 7.594974 0.120000 3.051291 0.120000 2.893304 0.120000 3.363035 0.120000 3.990539 0.120000 7.040677 0.120000 7.260550 0.120000
5.224120 0.120000 4.933662 0.120000 7.891196 0.600000 7.487867 0.120000 3.432421 0.120000 3.128940 0.120000 4.180229 0.120000 4.140723 0.120000 7.188970 0.600000 6.908790 0.120000
4.970832 0.600000 4.972650 0.120000 7.412920 0.120000 7.355174 0.120000 3.191415 0.120000 3.008960 0.120000 3.764366 0.120000 4.568935 0.120000 6.931843 0.120000 7.142072 0.120000
5.206482 0.120000 5.762233 0.600000 7.328367 0.120000 7.241826 0.120000 2.877322 0.120000 3.188236 0.120000 4.596101 0.120000 5.144371 0.600000 6.518639 0.120000 7.035817 0.120000
5.069029 0.120000 5.491803 0.120000 7.579542 0.120000 7.172897 0.120000 3.100844 0.120000 3.050278 0.120000 4.274505 0.120000 4.154339 0.120000 6.729401 0.120000 7.129362 0.120000
5.110046 0.120000 5.096105 0.120000 7.587140 0.120000 7.454515 0.120000 3.388310 0.120000 3.464242 0.120000 4.177960 0.600000 3.788451 0.120000 7.162159 0.120000 7.414889 0.120000
5.042542 0.120000 4.930281 0.120000 7.512361 0.120000 7.710886 0.600000 3.472409 0.120000 2.888043 0.120000 3.998294 0.120000 4.028492 0.120000 6.604302 0.120000 7.002925 0.120000
5.107811 0.120000 4.767038 0.120000 8.139867 0.600000 7.499771 0.120000 3.445230 0.120000 2.865123 0.120000 3.709944 0.120000 4.517712 0.600000 6.932081 0.120000 6.809469 0.120000
5.329286 0.120000 4.993402 0.600000 8.189305 0.600000 7.745896 0.120000 3.202292 0.120000 2.906273 0.120000 3.775605 0.120000 4.000879 0.120000 7.123600 0.120000 7.013833 0.120000
5.375767 0.120000 5.249597 0.120000 7.448499 0.120000 7.367203 0.120000 3.486210 0.120000 3.424400 0.120000 4.278697 0.120000 4.320859 0.120000 6.317100 0.120000 6.829227 0.120000
5.460266 0.120000 5.055892 0.120000 7.391314 0.120000 7.808057 0.120000 3.155390 0.120000 3.485608 0.120000 3.981597 0.120000 4.133133 0.120000 7.132776 0.120000 6.771908 0.120000
4.907861 0.120000 4.914881 0.120000 7.912857 0.120000 7.981810 0.120000 2.571172 0.120000 3.243408 0.120000 3.929175 0.120000 3.684823 0.120000 6.510173 0.120000 7.140402 0.120000
6.006637 0.600000 4.751527 0.120000 7.314875 0.120000 7.265102 0.120000 3.189988 0.120000 3.256082 0.120000 4.096283 0.120000 3.878133 0.120000 6.512739 0.120000 6.583956 0.120000
5.497205 0.120000 4.868971 0.120000 7.964263 0.120000 7.579886 0.120000 3.214142 0.120000 3.222900 0.120000 3.562125 0.120000 4.611744 0.120000 6.627462 0.120000 6.643564 0.120000
5.381704 0.120000 4.950131 0.120000 8.101993 0.120000 7.111745 0.120000 3.424690 0.120000 3.159376 0.120000 3.755486 0.120000 3.797869 0.120000 6.495848 0.120000 7.046989 0.120000
5.799435 0.120000 5.033950 0.120000 7.866613 0.120000 7.186476 0.120000 3.313404 0.120000 3.665926 0.120000 4.022808 0.120000 4.226700 0.120000 6.712971 0.120000 6.996211 0.120000
5.734472 0.120000 5.167354 0.120000 7.618601 0.120000 7.702137 0.120000 3.295656 0.120000 3.219745 0.120000 4.333462 0.120000 3.721104 0.120000 6.526884 0.120000 7.595372 0.120000
5.074477 0.120000 4.881076 0.120000 7.487633 0.120000 7.324416 0.120000 2.684642 0.120000 3.260947 0.120000 4.029974 0.120000 4.141173 0.120000 6.494712 0.120000 7.293609 0.120000
5.561424 0.120000 4.947412 0.120000 7.149762 0.120000 7.148860 0.120000 3.056686 0.120000 3.347382 0.120000 3.593670 0.120000 4.279390 0.120000 6.730191 0.120000 6.767999 0.120000
6.091911 0.600000 4.798168 0.120000 7.469834 0.120000 7.660325 0.120000 2.605258 0.120000 3.523948 0.120000 3.852614 0.120000 3.897601 0.120000 6.331018 0.120000 7.531705 0.600000
5.422990 0.120000 5.766473 0.120000 7.445379 0.120000 7.758994 0.600000 2.906051 0.120000 2.867358 0.120000 4.132733 0.120000 3.725394 0.120000 6.764418 0.120000 6.661508 0.120000
5.722324 0.600000 5.093536 0.120000 7.426302 0.120000 7.644680 0.120000 3.081044 0.120000 3.105312 0.120000 3.776991 0.120000 4.257110 0.120000 6.762161 0.120000 6.984565 0.120000
5.686160 0.120000 5.396657 0.120000 7.532103 0.120000 7.242056 0.120000 3.045935 0.120000 3.389235 0.120000 3.669843 0.120000 4.152573 0.120000 6.115287 0.120000 6.554988 0.120000
5.421517 0.120000 5.258074 0.120000 7.702319 0.120000 7.384040 0.120000 3.099644 0.600000 3.256528 0.120000 3.869139 0.120000 3.790461 0.120000 6.654214 0.120000 6.941416 0.120000
5.391697 0.120000 4.993862 0.600000 7.422949 0.120000 7.752450 0.120000 2.913682 0.120000 2.856183 0.120000 3.399952 0.120000 3.980731 0.120000 6.576013 0.120000 6.883896 0.120000
5.584045 0.120000 5.049984 0.120000 7.368255 0.120000 7.990800 0.120000 3.445238 0.120000 3.115824 0.120000 4.009404 0.120000 3.722306 0.120000 6.519947 0.120000 6.792718 0.600000
5.413754 0.120000 4.995863 0.120000 7.581548 0.120000 8.923987 0.600000 2.886508 0.120000 3.546883 0.120000 3.802215 0.120000 4.012874 0.120000 6.581008 0.120000 7.036098 0.120000
5.634419 0.120000 5.456498 0.120000 7.402527 0.120000 7.712929 0.120000 2.817754 0.120000 3.420159 0.120000 3.940968 0.120000 3.694533 0.120000 6.750524 0.120000 7.014163 0.120000
5.376878 0.120000 5.533615 0.120000 7.596200 0.120000 7.685489 0.120000 3.078231 0.120000 3.748595 0.120000 4.736006 0.120000 3.762430 0.120000 6.535036 0.120000 6.553789 0.120000
4.894766 0.120000 4.764347 0.120000 7.035069 0.120000 7.359881 0.120000 3.016281 0.120000 3.302292 0.120000 3.902285 0.120000 4.329596 0.120000 6.331099 0.120000 6.252683 0.120000
5.438173 0.600000 5.460449 0.120000 7.504839 0.120000 7.640386 0.120000 3.336323 0.600000 4.686559 0.600000 3.789124 0.120000 3.409239 0.120000 5.946773 0.120000 6.634961 0.120000
5.507979 0.120000 5.023512 0.120000 7.445700 0.120000 7.607613 0.120000 2.846571 0.120000 3.283907 0.120000 3.905922 0.120000 3.689236 0.120000 6.550872 0.120000 6.595970 0.600000
5.490538 0.120000 4.631902 0.120000 6.868625 0.120000 7.424052 0.120000 2.845389 0.120000 2.966455 0.120000 4.095337 0.120000 4.174779 0.120000 6.290875 0.120000 6.809695 0.120000
5.051798 0.120000 5.981624 0.120000 7.259034 0.120000 7.385044 0.120000 2.785452 0.120000 2.637862 0.120000 3.870101 0.120000 3.877352 0.120000 6.423434 0.120000 6.205957 0.120000
5.490938 0.120000 5.664929 0.120000 7.796150 0.120000 6.922737 0.120000 2.641473 0.120000 3.022757 0.120000 4.310795 0.120000 3.406419 0.120000 5.793326 0.120000 6.559154 0.120000
5.155545 0.120000 5.516066 0.120000 7.250059 0.120000 7.309900 0.600000 2.628214 0.120000 2.448919 0.120000 4.271629 0.120000 4.133473 0.120000 6.478158 0.120000 6.287975 0.120000
5.120477 0.120000 5.112439 0.120000 7.111145 0.120000 6.976748 0.600000 2.839509 0.120000 2.890308 0.120000 4.311636 0.120000 4.376491 0.120000 6.304770 0.120000 6.669146 0.120000
5.397936 0.120000 5.240316 0.120000 7.470101 0.120000 7.061506 0.120000 2.516954 0.120000 3.023174 0.600000 4.124768 0.120000 4.140111 0.120000 6.505500 0.120000 6.506415 0.120000
5.205365 0.120000 5.204230 0.120000 7.042581 0.120000 7.166758 0.120000 2.884082 0.600000 2.784982 0.120000 4.318112 0.120000 3.858311 0.120000 6.554458 0.120000 6.970716 0.600000
5.135794 0.120000 5.418813 0.120000 7.199088 0.120000 7.075872 0.120000 3.462230 0.600000 2.345151 0.120000 3.767661 0.120000 4.012928 0.120000 5.527979 0.120000 6.506038 0.120000
5.574672 0.120000 5.598535 0.120000 7.305209 0.120000 7.182365 0.120000 2.719011 0.120000 2.746564 0.120000 3.659728 0.120000 3.827358 0.120000 6.239509 0.120000 6.461753 0.120000
5.159900 0.120000 4.591148 0.120000 6.922026 0.120000 7.303940 0.120000 2.526000 0.120000 2.642122 0.120000 3.808587 0.120000 3.885218 0.120000 6.220884 0.120000 6.249126 0.120000
5.468564 0.120000 5.650081 0.120000 6.990706 0.120000 7.812802 0.120000 2.620270 0.120000 2.487296 0.120000 3.875702 0.120000 4.374148 0.120000 6.007449 0.120000 6.482527 0.120000
5.454780 0.120000 5.487287 0.120000 7.390231 0.120000 7.550050 0.120000 2.422668 0.120000 2.580789 0.120000 3.829612 0.120000 4.093103 0.120000 5.912327 0.120000 6.459807 0.120000
5.784076 0.120000 5.388681 0.120000 6.995244 0.120000 7.001770 0.120000 2.685412 0.120000 2.827716 0.120000 3.934382 0.120000 4.233478 0.600000 6.449449 0.120000 6.006873 0.120000
5.628461 0.120000 5.375043 0.120000 7.026426 0.120000 7.434423 0.120000 2.627204 0.120000 2.634437 0.120000 4.198054 0.120000 3.974060 0.120000 6.380140 0.600000 6.451738 0.120000
5.404590 0.120000 5.397207 0.120000 6.949406 0.120000 7.040230 0.120000 2.728968 0.120000 2.828280 0.600000 4.064307 0.120000 3.957010 0.120000 6.257942 0.600000 6.605362 0.120000
5.631024 0.120000 5.921551 0.120000 6.856747 0.120000 7.130469 0.120000 2.268840 0.120000 2.511420 0.120000 4.372552 0.120000 3.557413 0.120000 6.233998 0.120000 6.151596 0.120000
5.758143 0.120000 5.827390 0.120000 6.948567 0.120000 6.794867 0.120000 1.630268 0.600000 2.377065 0.120000 4.041561 0.120000 3.914844 0.120000 5.891004 0.120000 5.972043 0.120000
5.354403 0.120000 5.809350 0.120000 7.022758 0.120000 6.717969 0.120000 2.388433 0.120000 3.131581 0.120000 4.290854 0.600000 4.097011 0.120000 6.170358 0.120000 6.492411 0.120000
5.699631 0.120000 5.408972 0.120000 6.674263 0.120000 7.115500 0.120000 2.355442 0.120000 2.431682 0.120000 4.833491 0.120000 4.433414 0.120000 5.953346 0.120000 6.550286 0.120000
5.461733 0.600000 5.502510 0.120000 6.923460 0.120000 7.211168 0.120000 2.702149 0.120000 2.460895 0.120000 4.255574 0.120000 4.337624 0.120000 5.633532 0.120000 5.997988 0.120000
5.424848 0.120000 5.613029 0.120000 6.993576 0.120000 6.889303 0.120000 2.312936 0.120000 2.466873 0.120000 4.282161 0.600000 4.551379 0.120000 5.835485 0.120000 6.188830 0.120000
5.371758 0.120000 5.934380 0.120000 6.482738 0.120000 6.677609 0.120000 1.871705 0.120000 2.470695 0.120000 4.748733 0.120000 3.769590 0.120000 6.035946 0.120000 6.063183 0.120000
5.575265 0.120000 5.913808 0.120000 6.667863 0.120000 6.725451 0.120000 2.279097 0.120000 2.392489 0.120000 4.405349 0.120000 4.638336 0.120000 5.356543 0.120000 6.186306 0.120000
5.570507 0.120000 5.896720 0.120000 6.595982 0.120000 7.262955 0.120000 1.805366 0.120000 2.166590 0.120000 4.282131 0.120000 4.760434 0.600000 5.622708 0.120000 5.980047 0.120000
5.707257 0.120000 6.021611 0.120000 6.544434 0.120000 7.048019 0.120000 2.038093 0.120000 2.144481 0.120000 4.686958 0.120000 4.616745 0.120000 5.675453 0.120000 5.789616 0.120000
5.198856 0.120000 5.252756 0.120000 7.027371 0.120000 6.613439 0.120000 1.876519 0.120000 2.427392 0.120000 4.036744 0.120000 4.163632 0.120000 5.224592 0.120000 6.657764 0.600000
5.690120 0.120000 5.002562 0.120000 6.900734 0.120000 6.569742 0.120000 2.308944 0.120000 2.338836 0.120000 4.828597 0.120000 4.144487 0.120000 5.159786 0.120000 5.618754 0.600000
5.438994 0.120000 6.078623 0.120000 7.033512 0.120000 6.661782 0.120000 1.999703 0.120000 2.253388 0.120000 4.505988 0.120000 4.339638 0.120000 6.011855 0.120000 6.060821 0.120000
5.452154 0.120000 5.686411 0.120000 6.623511 0.120000 6.398837 0.120000 2.278900 0.600000 2.935100 0.120000 4.450007 0.600000 4.260872 0.120000 5.447883 0.120000 5.845597 0.120000
6.363778 0.120000 5.613131 0.120000 6.605657 0.120000 6.490198 0.120000 2.085023 0.120000 1.900592 0.120000 4.187200 0.120000 4.360784 0.120000 5.536169 0.120000 5.670768 0.120000
5.939861 0.120000 5.613651 0.120000 6.499787 0.120000 6.772015 0.120000 2.080876 0.120000 2.626768 0.120000 4.409172 0.120000 4.821611 0.600000 5.389307 0.120000 5.628971 0.120000
5.275748 0.120000 5.447831 0.120000 7.595816 0.600000 6.255874 0.120000 2.150357 0.120000 2.543389 0.120000 4.528641 0.600000 4.209012 0.120000 5.578406 0.120000 5.833573 0.120000
5.405851 0.120000 5.764138 0.120000 6.781845 0.120000 6.607958 0.120000 2.136656 0.120000 2.075291 0.120000 4.807145 0.120000 4.447467 0.120000 5.597838 0.120000 5.831172 0.120000
5.866781 0.120000 6.391321 0.120000 6.875419 0.120000 6.491122 0.120000 2.292038 0.120000 2.609855 0.120000 4.543605 0.120000 4.166951 0.120000 5.551289 0.120000 5.581600 0.120000
6.555085 0.120000 5.805311 0.120000 6.462875 0.120000 7.106243 0.600000 2.203065 0.120000 2.555405 0.120000 4.572972 0.120000 4.465065 0.120000 5.767242 0.120000 5.898850 0.120000
5.786035 0.600000 5.472151 0.120000 6.811452 0.600000 6.120200 0.120000 1.784894 0.120000 2.129290 0.120000 4.660179 0.120000 4.028154 0.120000 5.843050 0.600000 5.382334 0.600000
5.679618 0.120000 5.573631 0.120000 6.395358 0.120000 6.457461 0.120000 1.562672 0.600000 2.413137 0.120000 4.991520 0.120000 4.441872 0.600000 5.106477 0.120000 5.694801 0.120000
5.725452 0.120000 5.201716 0.120000 6.427363 0.120000 7.035286 0.120000 2.088277 0.120000 1.894442 0.120000 4.733437 0.120000 4.656514 0.120000 5.453062 0.120000 5.494228 0.120000
5.668949 0.120000 6.047265 0.600000 6.660202 0.120000 6.864555 0.120000 1.429599 0.120000 2.349411 0.600000 4.571063 0.120000 4.377466 0.120000 5.846543 0.120000 5.776089 0.120000
5.776716 0.120000 5.640258 0.120000 7.131713 0.600000 6.351864 0.120000 1.888018 0.120000 2.082567 0.120000 4.465724 0.600000 4.219682 0.120000 4.889996 0.120000 5.163332 0.120000
5.767003 0.120000 6.604627 0.600000 6.254612 0.120000 6.657986 0.120000 1.582590 0.120000 1.776449 0.120000 4.353230 0.120000 4.357809 0.120000 5.834327 0.600000 5.178160 0.120000
5.943298 0.120000 5.384286 0.120000 5.630709 0.120000 6.017629 0.120000 1.930158 0.120000 2.939102 0.600000 4.497187 0.120000 5.259689 0.600000 5.828709 0.120000 5.678163 0.120000
5.737252 0.120000 5.717204 0.120000 6.037656 0.120000 6.645862 0.120000 2.060204 0.120000 2.147003 0.120000 5.111308 0.120000 4.388886 0.120000 5.150115 0.120000 6.712581 0.600000
5.784516 0.120000 5.336728 0.120000 6.329090 0.120000 6.295859 0.120000 2.386924 0.120000 1.886048 0.120000 4.750427 0.120000 4.535595 0.120000 5.367290 0.120000 5.419434 0.600000
6.233235 0.120000 5.600333 0.120000 6.347407 0.120000 6.405243 0.120000 1.960314 0.120000 1.924957 0.120000 4.650065 0.120000 4.372146 0.120000 5.038574 0.120000 5.510825 0.120000
5.963600 0.120000 6.157991 0.600000 6.261621 0.120000 6.637445 0.120000 1.729527 0.120000 2.070910 0.120000 5.243370 0.120000 4.863919 0.120000 6.431974 0.600000 5.494385 0.120000
6.180499 0.600000 5.871744 0.120000 6.572026 0.120000 6.938306 0.120000 1.685244 0.120000 2.746963 0.600000 4.379504 0.120000 4.689367 0.120000 5.309813 0.120000 5.631099 0.120000
6.027091 0.120000 5.759368 0.120000 6.310499 0.120000 6.555322 0.120000 1.991926 0.120000 1.935270 0.120000 4.860828 0.120000 4.371876 0.120000 5.599252 0.120000 5.202790 0.120000
6.421674 0.120000 5.670396 0.120000 6.526861 0.600000 6.572260 0.120000 1.938031 0.120000 2.142783 0.120000 4.771665 0.120000 5.215503 0.120000 5.281127 0.120000 5.114691 0.120000
5.914684 0.120000 5.881613 0.120000 6.203654 0.120000 6.484439 0.120000 1.740951 0.120000 2.129717 0.120000 4.622702 0.120000 4.617387 0.120000 5.158321 0.120000 5.636246 0.120000
7.826875 0.600000 5.640133 0.120000 6.323151 0.120000 6.568334 0.120000 1.771793 0.120000 2.471659 0.120000 5.257338 0.120000 4.795720 0.120000 5.215024 0.120000 4.976318 0.120000
6.024243 0.120000 5.509619 0.120000 5.845142 0.120000 6.557297 0.600000 1.893793 0.120000 2.181357 0.120000 5.235332 0.600000 4.637161 0.120000 4.996983 0.120000 5.528531 0.600000
5.932521 0.120000 6.217056 0.120000 6.381826 0.120000 6.434460 0.120000 2.070020 0.120000 1.706088 0.120000 5.186345 0.120000 5.066606 0.120000 5.195458 0.600000 4.528419 0.120000
6.096751 0.120000 6.102345 0.120000 6.387969 0.120000 6.450199 0.120000 1.623252 0.120000 1.556543 0.120000 5.385084 0.600000 4.564895 0.600000 4.867715 0.120000 5.110801 0.120000
7.079673 0.600000 6.023969 0.120000 6.096411 0.120000 6.197058 0.120000 1.975754 0.120000 1.597757 0.600000 4.793136 0.120000 4.580120 0.120000 4.801871 0.120000 5.547426 0.120000
6.348904 0.120000 5.420589 0.120000 6.411140 0.120000 6.407189 0.120000 1.656244 0.120000 1.857040 0.120000 4.813178 0.120000 4.864634 0.120000 5.059172 0.120000 5.137225 0.120000
6.528283 0.120000 6.168915 0.120000 6.609439 0.600000 6.538465 0.120000 1.527312 0.120000 2.005911 0.120000 4.863118 0.120000 4.646741 0.120000 5.079386 0.120000 4.957986 0.120000
6.341899 0.120000 6.347791 0.120000 6.121139 0.120000 5.934279 0.120000 1.679967 0.120000 1.544355 0.120000 5.033318 0.120000 5.074397 0.120000 5.282387 0.600000 4.986591 0.120000
6.404617 0.120000 6.005849 0.120000 5.917201 0.120000 5.947697 0.120000 1.760163 0.120000 1.423261 0.120000 5.223407 0.120000 5.018491 0.120000 4.400695 0.120000 5.256671 0.120000
6.422820 0.120000 6.086249 0.120000 5.990696 0.120000 6.399929 0.120000 1.782412 0.120000 2.122101 0.600000 4.787088 0.120000 4.754467 0.120000 5.127074 0.120000 5.184019 0.120000
6.426620 0.120000 6.170505 0.120000 5.559425 0.120000 6.350280 0.120000 2.077351 0.120000 1.945468 0.120000 5.046525 0.120000 4.903950 0.120000 4.756472 0.120000 4.904740 0.600000
6.576528 0.120000 5.989922 0.120000 6.373831 0.120000 6.045426 0.120000 1.604995 0.600000 1.641654 0.120000 4.830991 0.120000 4.713157 0.120000 4.804664 0.120000 5.013430 0.120000
6.481811 0.120000 5.936380 0.120000 6.237318 0.120000 6.050595 0.120000 1.504700 0.120000 1.931488 0.120000 5.287908 0.600000 5.237998 0.120000 4.733037 0.120000 4.889530 0.120000
6.355255 0.120000 6.679267 0.600000 5.604661 0.120000 6.107950 0.120000 1.751167 0.120000 2.111932 0.600000 4.943872 0.120000 4.538017 0.120000 4.789553 0.120000 4.905017 0.120000
6.296266 0.120000 6.172994 0.120000 6.211048 0.120000 6.133572 0.120000 1.775537 0.120000 1.653059 0.120000 5.346432 0.120000 4.775031 0.120000 5.063257 0.120000 5.361779 0.120000
6.522030 0.120000 6.362196 0.600000 6.306297 0.120000 6.182467 0.120000 2.133128 0.600000 2.217244 0.120000 5.531888 0.120000 4.846602 0.120000 4.609898 0.120000 4.818791 0.120000
6.278042 0.120000 6.290290 0.120000 6.350132 0.120000 6.039303 0.120000 1.304070 0.120000 1.918169 0.120000 5.492705 0.120000 5.095822 0.120000 4.621008 0.600000 4.499970 0.120000
6.191784 0.120000 5.589534 0.120000 6.099103 0.120000 6.303496 0.120000 1.744831 0.120000 1.871012 0.120000 5.006472 0.120000 4.823078 0.120000 5.271432 0.120000 5.419454 0.120000
6.068240 0.120000 5.897740 0.120000 6.375442 0.120000 6.155581 0.600000 1.311587 0.120000 0.964980 0.120000 5.160205 0.120000 5.199110 0.600000 4.783214 0.120000 4.481275 0.120000
5.932241 0.120000 6.196070 0.120000 5.513637 0.120000 5.954290 0.120000 1.677470 0.120000 1.775722 0.120000 5.166837 0.120000 5.207541 0.600000 5.123928 0.120000 4.838832 0.120000
5.957685 0.120000 6.321322 0.120000 5.903086 0.120000 6.170494 0.120000 2.558172 0.120000 1.914353 0.120000 5.116364 0.120000 5.209292 0.120000 4.307763 0.120000 5.060099 0.120000
5.692691 0.120000 6.119570 0.120000 5.447869 0.120000 6.284197 0.120000 1.974710 0.120000 1.928207 0.120000 5.341502 0.120000 4.980915 0.120000 4.466199 0.120000 5.488735 0.120000
6.215615 0.120000 6.436444 0.120000 6.179799 0.600000 5.829909 0.120000 2.004273 0.120000 1.458788 0.120000 5.101416 0.120000 5.894428 0.600000 4.999767 0.120000 4.757244 0.120000
6.651761 0.120000 6.214475 0.120000 5.762583 0.120000 5.550140 0.120000 1.776292 0.120000 1.694233 0.120000 5.353576 0.120000 5.167599 0.600000 5.023159 0.120000 5.093239 0.120000
6.955823 0.600000 6.065503 0.120000 5.426903 0.120000 6.788597 0.600000 1.850505 0.120000 1.191010 0.120000 5.504346 0.120000 5.012835 0.120000 4.791969 0.120000 4.271863 0.120000
6.230423 0.120000 6.666957 0.120000 5.640671 0.120000 5.632667 0.120000 1.825330 0.120000 1.574810 0.120000 6.267103 0.600000 5.075135 0.120000 4.525952 0.120000 4.385466 0.120000
6.610282 0.120000 6.256562 0.120000 5.642915 0.120000 5.701115 0.120000 1.945777 0.120000 2.002888 0.120000 5.587131 0.120000 4.916944 0.120000 4.719213 0.120000 4.727327 0.120000
6.357943 0.120000 6.675802 0.120000 6.143874 0.600000 6.478469 0.600000 2.299519 0.120000 1.914650 0.120000 5.175136 0.120000 5.342566 0.120000 4.473029 0.120000 4.920621 0.120000
6.772705 0.120000 6.465788 0.120000 5.884496 0.120000 6.135354 0.600000 2.044367 0.120000 1.738161 0.120000 5.347328 0.600000 4.936990 0.120000 4.824753 0.120000 5.050463 0.120000
6.239228 0.120000 6.537448 0.120000 6.185158 0.120000 5.552419 0.120000 2.576017 0.120000 1.647389 0.120000 5.301045 0.120000 5.471725 0.120000 4.505956 0.120000 4.604593 0.120000
6.324681 0.120000 6.852946 0.120000 5.972340 0.120000 5.845205 0.120000 1.887138 0.120000 1.731518 0.120000 5.590473 0.120000 4.990344 0.120000 4.306847 0.120000 4.496017 0.120000
6.244185 0.120000 6.524840 0.120000 5.326018 0.120000 5.682398 0.120000 1.738619 0.120000 2.057445 0.600000 5.981417 0.120000 5.102803 0.120000 4.348904 0.120000 4.492670 0.120000
6.691991 0.120000 6.699192 0.600000 5.906798 0.120000 5.870488 0.120000 1.990365 0.600000 1.697906 0.120000 5.745875 0.120000 5.832110 0.120000 4.479128 0.120000 4.694275 0.120000
6.279289 0.120000 6.646253 0.600000 5.539773 0.120000 5.703611 0.120000 2.012008 0.120000 1.654780 0.120000 5.694329 0.120000 5.618493 0.120000 4.083505 0.120000 4.509631 0.120000
6.538180 0.120000 6.453583 0.120000 5.735526 0.120000 6.066752 0.120000 2.043202 0.600000 1.399873 0.120000 5.824261 0.120000 5.454088 0.120000 4.442388 0.120000 5.066991 0.120000
6.622600 0.120000 6.862974 0.120000 5.860015 0.120000 5.399623 0.120000 2.149298 0.120000 2.369735 0.120000 4.938046 0.120000 5.346830 0.120000 4.170869 0.120000 4.350010 0.120000
6.831151 0.120000 6.401497 0.120000 5.618205 0.120000 6.013890 0.120000 1.898391 0.120000 2.169933 0.120000 5.840191 0.120000 5.403327 0.120000 4.380364 0.120000 4.535757 0.120000
6.895208 0.120000 6.442020 0.120000 5.662343 0.120000 5.378689 0.120000 1.998832 0.120000 1.743980 0.120000 5.174051 0.120000 5.309336 0.120000 4.332662 0.120000 4.661427 0.120000
7.321452 0.600000 6.569213 0.120000 5.531391 0.120000 5.647167 0.120000 2.021865 0.120000 2.016883 0.120000 5.960006 0.120000 5.333722 0.120000 4.429920 0.120000 4.609547 0.120000
7.085990 0.120000 6.531847 0.120000 5.743366 0.120000 5.811130 0.120000 2.385135 0.120000 1.900476 0.120000 6.100382 0.600000 5.419205 0.120000 4.358931 0.120000 4.372150 0.120000
6.612309 0.120000 6.775254 0.120000 5.472847 0.120000 5.635812 0.600000 2.161967 0.120000 1.756934 0.120000 5.825501 0.120000 5.331169 0.120000 4.337019 0.120000 4.140672 0.120000
6.736146 0.120000 6.394197 0.120000 6.014816 0.120000 5.650729 0.120000 2.081394 0.120000 1.815905 0.120000 5.810056 0.120000 5.271418 0.120000 4.272539 0.120000 4.308138 0.120000
6.331438 0.120000 6.957712 0.600000 5.346223 0.120000 6.027916 0.120000 2.481324 0.600000 1.853316 0.120000 5.991293 0.120000 5.909431 0.120000 4.430387 0.120000 4.171982 0.120000
6.788573 0.120000 6.801548 0.120000 5.446803 0.120000 5.507355 0.120000 2.383784 0.120000 2.141603 0.120000 6.014020 0.120000 5.896023 0.120000 4.721720 0.600000 4.265825 0.120000
6.720776 0.120000 7.089715 0.120000 5.509596 0.120000 5.797052 0.120000 2.269125 0.120000 2.333392 0.120000 5.818416 0.120000 5.385558 0.120000 4.337709 0.120000 4.380910 0.120000
7.049833 0.120000 6.886687 0.120000 5.755761 0.120000 5.592028 0.120000 2.007242 0.120000 1.782205 0.120000 6.078965 0.120000 5.110077 0.120000 4.348766 0.120000 4.697236 0.120000
6.820352 0.120000 6.495596 0.120000 5.888459 0.120000 6.107499 0.120000 2.186210 0.120000 2.302250 0.120000 5.915318 0.120000 5.288350 0.120000 3.822069 0.120000 4.743505 0.600000
6.986969 0.120000 8.072516 0.600000 5.587945 0.120000 5.180727 0.120000 2.772559 0.120000 2.220695 0.120000 6.240757 0.120000 5.650450 0.120000 3.801489 0.120000 4.324639 0.120000
6.638765 0.120000 6.282564 0.120000 5.466817 0.120000 5.648181 0.120000 1.926853 0.120000 2.175883 0.120000 6.078869 0.120000 5.744033 0.120000 4.991897 0.600000 4.212960 0.120000
6.872847 0.120000 6.974158 0.120000 6.085162 0.120000 5.938906 0.120000 2.177268 0.120000 1.862709 0.120000 5.709423 0.120000 5.996024 0.120000 4.008319 0.120000 4.520666 0.120000
6.716830 0.120000 6.876034 0.120000 5.548188 0.120000 5.727517 0.120000 2.548271 0.120000 2.247974 0.600000 6.414647 0.600000 5.720714 0.120000 3.771142 0.120000 4.169929 0.120000
6.693298 0.120000 6.771443 0.120000 5.487516 0.120000 6.289430 0.600000 2.146582 0.120000 2.240595 0.120000 6.134023 0.120000 5.934563 0.120000 4.271019 0.120000 3.819872 0.120000
6.930267 0.120000 6.520491 0.120000 5.353351 0.120000 5.493641 0.120000 2.633028 0.120000 1.999102 0.120000 6.225728 0.120000 6.056244 0.120000 4.114629 0.120000 4.940846 0.600000
7.525674 0.120000 6.887312 0.120000 5.788584 0.120000 5.793737 0.120000 2.520414 0.120000 2.254657 0.120000 5.640283 0.120000 5.865051 0.120000 4.016326 0.120000 5.032330 0.600000
6.978934 0.120000 6.979208 0.120000 5.179736 0.120000 5.670860 0.600000 2.811574 0.120000 1.719392 0.120000 6.461521 0.120000 5.481097 0.120000 3.979508 0.120000 4.153353 0.120000
6.811756 0.120000 6.868775 0.120000 5.603212 0.120000 5.729131 0.120000 2.552463 0.120000 2.516516 0.120000 5.766652 0.120000 5.694707 0.120000 4.125944 0.120000 4.314839 0.120000
6.748698 0.120000 6.457740 0.120000 5.329087 0.120000 5.244556 0.120000 1.979305 0.120000 2.318507 0.120000 5.642636 0.120000 6.046753 0.120000 4.732764 0.600000 4.085544 0.120000
7.182634 0.120000 6.623760 0.120000 5.304004 0.120000 5.474273 0.120000 2.110858 0.120000 2.882482 0.120000 5.684368 0.120000 5.898114 0.120000 4.591437 0.120000 4.215505 0.120000
7.421993 0.120000 7.257814 0.120000 5.437096 0.120000 5.285437 0.120000 2.761654 0.120000 2.408825 0.120000 6.629222 0.120000 5.531823 0.120000 3.728686 0.120000 4.677564 0.120000
7.102756 0.120000 7.431109 0.120000 5.361592 0.120000 5.334162 0.120000 2.323648 0.120000 2.441173 0.120000 5.555638 0.120000 6.391955 0.120000 4.458942 0.120000 4.103734 0.120000
6.924227 0.120000 6.901561 0.120000 5.671953 0.120000 5.583235 0.120000 2.617136 0.120000 2.406511 0.120000 6.543663 0.120000 5.906667 0.120000 3.808409 0.120000 3.957827 0.120000
7.003291 0.120000 6.577298 0.120000 5.456762 0.120000 6.115389 0.120000 2.532364 0.120000 2.060525 0.120000 6.692022 0.120000 6.070978 0.120000 3.978466 0.120000 3.630227 0.600000
7.321804 0.120000 7.485668 0.120000 5.186382 0.120000 5.220260 0.120000 2.306719 0.120000 2.236044 0.120000 6.265985 0.120000 5.953166 0.120000 4.487003 0.600000 4.301798 0.120000
6.914049 0.120000 7.499110 0.120000 5.601742 0.120000 5.676293 0.120000 2.692304 0.120000 2.484956 0.120000 6.238599 0.120000 6.145036 0.120000 4.065650 0.120000 4.271491 0.120000
6.768426 0.120000 6.633567 0.120000 5.595774 0.120000 5.724078 0.120000 2.544111 0.120000 2.379782 0.120000 6.093464 0.120000 6.248898 0.120000 4.056191 0.120000 4.493254 0.120000
6.948943 0.120000 7.433882 0.120000 4.916000 0.120000 5.602617 0.120000 2.864177 0.120000 2.506922 0.120000 6.494123 0.120000 5.834287 0.120000 4.390278 0.120000 4.157827 0.120000
7.692680 0.120000 7.336444 0.120000 4.832501 0.120000 5.297249 0.120000 2.443773 0.120000 2.610388 0.120000 6.610532 0.600000 6.166386 0.120000 4.166664 0.120000 4.468459 0.120000
7.019349 0.120000 7.048774 0.120000 5.696193 0.600000 4.994493 0.120000 3.199708 0.120000 2.467192 0.120000 6.440951 0.120000 6.004555 0.120000 4.076957 0.120000 3.803085 0.120000
7.232683 0.120000 7.124462 0.120000 5.132161 0.120000 4.870128 0.120000 2.840040 0.120000 2.468247 0.120000 6.271505 0.120000 6.214255 0.120000 4.179526 0.120000 4.509010 0.600000
7.336744 0.120000 7.362640 0.120000 5.422292 0.120000 5.440577 0.120000 2.847633 0.120000 2.707315 0.120000 6.261996 0.120000 6.120772 0.120000 4.141721 0.120000 4.195282 0.120000
7.760981 0.120000 7.163173 0.120000 5.521205 0.120000 5.460487 0.120000 3.071603 0.120000 3.218433 0.120000 6.226690 0.120000 6.239330 0.120000 3.685851 0.120000 4.362632 0.120000
7.603712 0.120000 7.318418 0.120000 5.203588 0.120000 5.535571 0.120000 2.702197 0.120000 2.554809 0.600000 6.155916 0.120000 6.717240 0.600000 4.109286 0.120000 4.095586 0.120000
7.650825 0.120000 6.826895 0.120000 5.548281 0.120000 5.406860 0.120000 3.490856 0.120000 2.944431 0.120000 6.339827 0.120000 6.446837 0.600000 4.284304 0.120000 4.288719 0.120000
7.560032 0.120000 7.156798 0.120000 5.361387 0.120000 5.264411 0.120000 2.802385 0.120000 2.176250 0.120000 6.150052 0.120000 6.453313 0.120000 3.901572 0.120000 3.795983 0.120000
7.423827 0.120000 7.457795 0.120000 5.284225 0.120000 5.386255 0.120000 2.743190 0.120000 2.298351 0.120000 6.585057 0.120000 6.060882 0.120000 3.513035 0.600000 3.966846 0.120000
7.434996 0.120000 6.839461 0.120000 4.816827 0.120000 5.722670 0.120000 3.021863 0.120000 2.279744 0.120000 6.513419 0.600000 6.628554 0.120000 4.049225 0.120000 3.906975 0.120000
7.913673 0.120000 7.479071 0.120000 5.438583 0.120000 5.632498 0.120000 2.818753 0.120000 2.763366 0.120000 6.222518 0.120000 5.876675 0.120000 3.675103 0.120000 4.054062 0.120000
6.685628 0.120000 6.927686 0.120000 5.326369 0.120000 5.897612 0.600000 2.870156 0.120000 2.618968 0.120000 6.702921 0.120000 7.385027 0.600000 4.038252 0.600000 4.842265 0.600000
7.209575 0.120000 7.345575 0.120000 4.765248 0.120000 5.567712 0.120000 2.966516 0.120000 2.892687 0.120000 6.508828 0.120000 6.550521 0.120000 3.766258 0.120000 3.894806 0.120000
7.508869 0.120000 7.149968 0.120000 5.085023 0.120000 5.507487 0.120000 3.053070 0.120000 2.639507 0.120000 6.465064 0.120000 6.621507 0.120000 3.959224 0.120000 4.330183 0.600000
7.665175 0.120000 7.273842 0.120000 5.363891 0.120000 4.746823 0.120000 2.785033 0.120000 2.557828 0.120000 6.635570 0.120000 6.798736 0.120000 3.483480 0.120000 3.956227 0.120000
7.317847 0.120000 7.085271 0.120000 5.515213 0.120000 5.002041 0.120000 3.428776 0.120000 2.871928 0.120000 6.500767 0.120000 6.159792 0.120000 4.194934 0.120000 3.845586 0.120000
7.798734 0.120000 6.957704 0.120000 5.181463 0.120000 5.457093 0.120000 3.051619 0.120000 2.912872 0.120000 6.308926 0.600000 6.172906 0.120000 4.090499 0.120000 4.177350 0.120000
6.916363 0.120000 7.723704 0.600000 5.184832 0.120000 5.011048 0.120000 2.934734 0.120000 2.968387 0.120000 6.621331 0.120000 5.837367 0.120000 3.701576 0.120000 4.055974 0.120000
7.335097 0.120000 7.306885 0.120000 5.073653 0.120000 5.506641 0.600000 3.047274 0.120000 3.147337 0.120000 5.787690 0.120000 6.814758 0.120000 3.729870 0.120000 4.091305 0.120000
7.407932 0.120000 7.178191 0.120000 5.316040 0.120000 5.528600 0.120000 2.920219 0.120000 2.777078 0.120000 6.695109 0.120000 6.207066 0.120000 3.869833 0.120000 3.970893 0.120000
7.704594 0.600000 7.377317 0.120000 5.391512 0.120000 5.146866 0.120000 2.782747 0.120000 2.538131 0.600000 6.747443 0.120000 7.008541 0.120000 3.851175 0.120000 4.160502 0.120000
7.758389 0.120000 7.421372 0.120000 5.125397 0.120000 5.183030 0.120000 2.993423 0.120000 2.744571 0.120000 6.606576 0.120000 6.402764 0.120000 4.241422 0.120000 4.026895 0.120000
8.198350 0.600000 7.612140 0.120000 5.007705 0.120000 5.623976 0.120000 3.762978 0.600000 2.937497 0.120000 6.343683 0.120000 6.467464 0.120000 3.678045 0.120000 3.539493 0.120000
7.343838 0.120000 6.601865 0.120000 5.320015 0.120000 5.982969 0.120000 2.829416 0.120000 2.931843 0.120000 6.636109 0.120000 6.797698 0.600000 3.914248 0.120000 3.550767 0.120000
7.834770 0.120000 7.426477 0.120000 5.408209 0.120000 6.335332 0.600000 2.903269 0.120000 2.372490 0.120000 6.504682 0.120000 6.451370 0.120000 3.615451 0.120000 4.004280 0.120000
7.580486 0.120000 7.176092 0.120000 5.503446 0.120000 5.157351 0.120000 3.196499 0.120000 3.083505 0.120000 6.604468 0.120000 6.856562 0.120000 3.994157 0.120000 4.244894 0.120000
7.383288 0.120000 7.391322 0.120000 5.036942 0.120000 5.307516 0.120000 2.637973 0.120000 3.126457 0.120000 7.047874 0.120000 6.620332 0.120000 3.586744 0.120000 4.421467 0.120000
7.559007 0.120000 7.204240 0.120000 5.253592 0.120000 5.374274 0.120000 2.879726 0.120000 3.194743 0.120000 6.815650 0.120000 6.473423 0.600000 3.938873 0.120000 3.692210 0.120000
7.298893 0.120000 7.243236 0.120000 5.401688 0.120000 5.417998 0.120000 3.099378 0.120000 3.105584 0.600000 6.667326 0.120000 6.743013 0.120000 3.600424 0.120000 4.384228 0.120000
7.767334 0.120000 8.707954 0.600000 5.123374 0.120000 5.633966 0.120000 3.000201 0.120000 3.008883 0.120000 7.017699 0.120000 6.461333 0.120000 3.864586 0.120000 4.069681 0.120000
7.602195 0.120000 7.439670 0.120000 5.270271 0.120000 5.152854 0.120000 3.146284 0.120000 2.839374 0.120000 6.854828 0.120000 6.317848 0.120000 4.006993 0.120000 4.030597 0.120000
7.423372 0.120000 7.411476 0.120000 5.849980 0.600000 5.433691 0.120000 2.667518 0.120000 2.647567 0.120000 6.786252 0.120000 6.458395 0.120000 3.841321 0.120000 3.863542 0.120000
8.013768 0.120000 6.930751 0.120000 4.703309 0.120000 4.923772 0.120000 3.113949 0.120000 3.185439 0.600000 6.917906 0.120000 6.688280 0.120000 3.522329 0.120000 4.362860 0.120000
7.682023 0.120000 7.463399 0.120000 5.245361 0.120000 5.269598 0.120000 3.049511 0.120000 2.625698 0.120000 6.678479 0.120000 5.997646 0.120000 3.780632 0.120000 4.059172 0.120000
7.470767 0.120000 7.297940 0.120000 5.056051 0.120000 5.754163 0.120000 3.672046 0.120000 2.396147 0.600000 6.423488 0.120000 6.607731 0.120000 3.815494 0.120000 4.022708 0.120000
7.815967 0.120000 7.553690 0.120000 5.499940 0.120000 4.740234 0.120000 2.964552 0.120000 3.291728 0.120000 6.896089 0.120000 6.369659 0.120000 3.280264 0.120000 4.418935 0.600000
7.664294 0.120000 7.646220 0.120000 5.257144 0.120000 5.063522 0.120000 2.812598 0.120000 2.671996 0.120000 6.559415 0.120000 6.522713 0.600000 3.195359 0.120000 3.521339 0.120000
7.607023 0.120000 7.169579 0.120000 5.601722 0.120000 5.086343 0.120000 3.955714 0.600000 3.037222 0.120000 6.762179 0.120000 6.197904 0.120000 4.254164 0.120000 3.736666 0.120000
7.470689 0.120000 7.473667 0.120000 4.914897 0.120000 4.945541 0.120000 3.461796 0.120000 3.128202 0.120000 6.647240 0.120000 6.353269 0.600000 3.502291 0.120000 4.061740 0.120000
7.930614 0.120000 7.465072 0.120000 5.496363 0.120000 5.526745 0.120000 3.053642 0.120000 2.524570 0.120000 7.132603 0.120000 6.529152 0.120000 3.616314 0.600000 4.392918 0.600000
7.781250 0.120000 7.438170 0.600000 5.547572 0.600000 5.551508 0.120000 3.403796 0.120000 2.600372 0.120000 6.443749 0.120000 6.759832 0.120000 3.436418 0.120000 4.151642 0.120000
8.143663 0.600000 7.379208 0.120000 5.516202 0.600000 4.675607 0.120000 4.000077 0.600000 3.146486 0.120000 6.737243 0.120000 6.793249 0.120000 4.061430 0.120000 3.400002 0.120000
8.126106 0.120000 7.821866 0.600000 5.277200 0.120000 5.412460 0.120000 3.286212 0.120000 3.004948 0.120000 6.388313 0.120000 6.693728 0.120000 3.669441 0.120000 3.506718 0.120000
8.173320 0.120000 7.549795 0.120000 5.116205 0.120000 5.532543 0.120000 3.311739 0.120000 4.953362 0.600000 6.241532 0.120000 6.572379 0.120000 3.841679 0.120000 4.088584 0.120000
7.545936 0.120000 7.639955 0.120000 5.302175 0.120000 5.403924 0.120000 3.025706 0.120000 3.238874 0.600000 6.894499 0.120000 7.164180 0.120000 3.417700 0.120000 3.590482 0.120000
8.434661 0.120000 7.738350 0.600000 5.260289 0.120000 4.832591 0.120000 3.568218 0.120000 3.793379 0.120000 6.670203 0.120000 6.369529 0.120000 3.548792 0.120000 3.715626 0.120000
7.984498 0.120000 7.772700 0.120000 6.136860 0.120000 5.788288 0.120000 3.073084 0.120000 3.073836 0.120000 6.632504 0.120000 6.629852 0.120000 3.245961 0.120000 3.734538 0.120000
7.408315 0.120000 7.575256 0.120000 5.788585 0.120000 4.882376 0.120000 3.977437 0.600000 3.134930 0.120000 6.702673 0.120000 6.447540 0.120000 2.928007 0.120000 3.829991 0.120000
7.948129 0.120000 7.481096 0.120000 5.691935 0.120000 5.402257 0.120000 3.293681 0.120000 3.471340 0.120000 6.876346 0.120000 6.437912 0.120000 3.457123 0.120000 4.458633 0.120000
7.671379 0.120000 7.746754 0.120000 5.436851 0.120000 5.562636 0.120000 3.794777 0.120000 3.973084 0.120000 7.246838 0.600000 6.604836 0.120000 3.709327 0.120000 3.181527 0.120000
8.151336 0.120000 7.766013 0.120000 6.011774 0.120000 5.243914 0.120000 3.609462 0.120000 3.112501 0.120000 6.673776 0.120000 7.099974 0.120000 3.643250 0.120000 3.474970 0.120000
7.837996 0.600000 7.504532 0.120000 6.100719 0.120000 5.777495 0.120000 3.484669 0.120000 3.391137 0.120000 6.455212 0.120000 6.176941 0.120000 3.210716 0.120000 3.200204 0.120000
7.727659 0.120000 7.718094 0.120000 5.845301 0.120000 5.292207 0.120000 2.960399 0.120000 3.605486 0.600000 6.590726 0.120000 6.849376 0.120000 3.168174 0.120000 3.563852 0.120000
8.459421 0.600000 7.751945 0.120000 6.290694 0.600000 6.278015 0.120000 3.439589 0.120000 3.338588 0.120000 6.408532 0.120000 6.144878 0.120000 3.756369 0.120000 3.232932 0.120000
7.983699 0.120000 7.619666 0.120000 5.608516 0.120000 5.405891 0.120000 3.038693 0.120000 3.208032 0.120000 6.506804 0.120000 6.055757 0.120000 2.764877 0.120000 3.910489 0.600000
7.999776 0.120000 8.169880 0.120000 6.309685 0.120000 5.502454 0.120000 4.382735 0.600000 3.686615 0.120000 6.311903 0.120000 7.027880 0.600000 3.653337 0.600000 3.407013 0.120000
8.262473 0.120000 7.881271 0.120000 5.333419 0.120000 5.756832 0.120000 3.212456 0.600000 3.635412 0.600000 7.050807 0.120000 6.566163 0.120000 3.363824 0.120000 3.814366 0.120000
8.057043 0.120000 8.252332 0.600000 5.995308 0.120000 5.761955 0.120000 3.614502 0.120000 3.253035 0.120000 6.286344 0.120000 7.006954 0.120000 3.211078 0.120000 3.506005 0.120000
7.887428 0.120000 7.388869 0.120000 6.182237 0.120000 5.714293 0.120000 3.631131 0.120000 3.177340 0.120000 6.494862 0.120000 7.063179 0.600000 2.620788 0.120000 3.474617 0.120000
8.073843 0.120000 8.415615 0.120000 6.048194 0.120000 6.027010 0.120000 3.827294 0.120000 3.598736 0.120000 6.547114 0.120000 6.966569 0.120000 3.085804 0.120000 3.555431 0.120000
8.189403 0.120000 8.408252 0.120000 5.846232 0.120000 5.674271 0.120000 3.219897 0.600000 3.411463 0.600000 6.212174 0.120000 6.406307 0.120000 3.322787 0.120000 3.354054 0.120000
8.065612 0.120000 7.900241 0.120000 5.926882 0.120000 5.536100 0.120000 3.983996 0.120000 3.202076 0.120000 6.349168 0.120000 6.070599 0.120000 3.176432 0.120000 3.160543 0.120000
8.117446 0.120000 7.695015 0.120000 6.597612 0.600000 6.020648 0.120000 3.598120 0.120000 3.629231 0.120000 6.333530 0.120000 6.452003 0.120000 3.017103 0.120000 3.468263 0.120000
8.175863 0.120000 7.431626 0.120000 5.899203 0.600000 5.512126 0.120000 4.007429 0.120000 3.793711 0.120000 6.337488 0.120000 6.806234 0.120000 2.857200 0.120000 3.481701 0.120000
8.372568 0.120000 7.811745 0.120000 6.450006 0.120000 5.966984 0.600000 3.758899 0.120000 3.822844 0.120000 6.480474 0.600000 6.679046 0.120000 2.903366 0.120000 2.924453 0.120000
8.124769 0.120000 7.942363 0.120000 5.959612 0.600000 5.844037 0.120000 3.951752 0.600000 3.819603 0.120000 6.534153 0.120000 6.331847 0.120000 3.403035 0.600000 3.193448 0.120000
8.380509 0.120000 8.012598 0.120000 6.016865 0.120000 6.021768 0.120000 3.956589 0.120000 3.771837 0.120000 6.365992 0.120000 6.793781 0.120000 3.185937 0.120000 2.951023 0.120000
7.961366 0.120000 8.182907 0.120000 6.699460 0.600000 6.206749 0.120000 3.778734 0.120000 3.820295 0.120000 6.402823 0.600000 6.189819 0.120000 2.760347 0.120000 3.332624 0.120000
8.959504 0.600000 8.490907 0.120000 6.080621 0.120000 5.950105 0.120000 3.650220 0.120000 3.881250 0.120000 6.745779 0.600000 6.696401 0.120000 2.871304 0.120000 2.694020 0.120000
7.998370 0.120000 7.774539 0.120000 6.511691 0.600000 6.342407 0.600000 4.297323 0.120000 3.329196 0.120000 6.319175 0.120000 7.029454 0.120000 3.011940 0.120000 3.370014 0.120000
8.310222 0.120000 8.502889 0.120000 6.710753 0.120000 6.208419 0.120000 3.605730 0.120000 3.267713 0.120000 6.151915 0.120000 6.307456 0.120000 2.537009 0.120000 2.927359 0.600000
8.287517 0.120000 8.348682 0.120000 6.379454 0.120000 6.123641 0.120000 3.342624 0.120000 3.688985 0.120000 6.836724 0.120000 6.365634 0.120000 2.721964 0.120000 3.395203 0.120000
8.152773 0.120000 8.072973 0.120000 6.529026 0.120000 5.615360 0.120000 3.552226 0.120000 3.750487 0.120000 6.452189 0.120000 6.503194 0.120000 2.764471 0.120000 3.106554 0.120000
8.697996 0.120000 7.890855 0.120000 5.875639 0.120000 6.400762 0.600000 3.444149 0.120000 3.972915 0.600000 6.453270 0.120000 5.900774 0.120000 2.489568 0.120000 3.034211 0.120000
8.628861 0.120000 8.421248 0.120000 6.532231 0.120000 6.234410 0.120000 3.608028 0.120000 3.320072 0.120000 5.667077 0.120000 6.023473 0.120000 2.050889 0.120000 2.624426 0.120000
8.667621 0.120000 8.192524 0.120000 6.299363 0.120000 6.766886 0.600000 4.034311 0.600000 3.773920 0.120000 6.536132 0.120000 6.589148 0.120000 2.264868 0.120000 2.568078 0.120000
8.084308 0.120000 8.125031 0.120000 6.169349 0.120000 6.375055 0.120000 3.559831 0.120000 3.949664 0.120000 6.558594 0.120000 6.425432 0.120000 2.456522 0.120000 2.866864 0.120000
8.595217 0.120000 8.494449 0.120000 7.549657 0.600000 6.601448 0.120000 4.456393 0.600000 3.791962 0.120000 6.694922 0.120000 6.130161 0.120000 2.979859 0.120000 3.253545 0.120000
8.267225 0.120000 7.971036 0.120000 6.525785 0.120000 6.106257 0.120000 4.043048 0.120000 3.437764 0.120000 6.168584 0.120000 6.361003 0.120000 3.201830 0.600000 2.669354 0.120000
8.550417 0.120000 8.380690 0.120000 6.197387 0.120000 5.721390 0.120000 3.759331 0.120000 4.106235 0.120000 6.564181 0.120000 7.011642 0.120000 2.543173 0.120000 3.230771 0.120000
9.007077 0.120000 8.090287 0.120000 6.310906 0.120000 6.060063 0.120000 3.669057 0.120000 3.929956 0.120000 6.434688 0.120000 6.431379 0.120000 2.244645 0.120000 2.715511 0.120000
8.439456 0.120000 8.504284 0.120000 6.635696 0.120000 6.027616 0.120000 3.803058 0.120000 4.070296 0.120000 7.016197 0.120000 6.180159 0.120000 2.738018 0.120000 2.596922 0.120000
8.394485 0.120000 8.386756 0.120000 6.458103 0.120000 6.043168 0.120000 4.050161 0.120000 3.784420 0.120000 6.130601 0.120000 6.208251 0.120000 2.234345 0.120000 2.897823 0.120000
9.055971 0.120000 7.888016 0.120000 6.639420 0.120000 6.257736 0.600000 4.232187 0.120000 4.270734 0.120000 5.976709 0.120000 7.092570 0.600000 2.564948 0.120000 3.146539 0.120000
8.732573 0.120000 8.901504 0.120000 7.053790 0.120000 6.630619 0.600000 4.452239 0.120000 3.836506 0.120000 6.079230 0.120000 6.181762 0.120000 2.594151 0.120000 3.241303 0.120000
8.705776 0.120000 8.149212 0.120000 6.380960 0.120000 6.453733 0.120000 3.967619 0.600000 3.901264 0.120000 6.198611 0.120000 6.297046 0.120000 2.679083 0.120000 2.925729 0.120000
8.519294 0.120000 8.401922 0.120000 6.414566 0.120000 6.203786 0.120000 3.863600 0.120000 4.025117 0.120000 6.355694 0.120000 6.551125 0.120000 2.282561 0.120000 2.321407 0.120000
8.919228 0.120000 8.037580 0.120000 6.684992 0.120000 6.394651 0.120000 3.793857 0.120000 3.967948 0.120000 5.832785 0.120000 6.099184 0.120000 2.347258 0.120000 2.490056 0.120000
8.998753 0.120000 8.458917 0.120000 6.721535 0.120000 6.437374 0.120000 4.184569 0.120000 4.118416 0.120000 6.262474 0.120000 5.992030 0.120000 2.640355 0.120000 2.905077 0.120000
8.924509 0.120000 8.772021 0.120000 6.718661 0.120000 6.144491 0.120000 3.984936 0.120000 4.162182 0.120000 6.230172 0.600000 6.207325 0.600000 2.924903 0.120000 2.731254 0.600000
9.259846 0.120000 8.387674 0.600000 6.983251 0.600000 6.719368 0.120000 4.357295 0.120000 3.770727 0.120000 6.234298 0.120000 6.230675 0.600000 2.688581 0.120000 2.661655 0.120000
8.532198 0.120000 8.494356 0.120000 6.783475 0.120000 6.419623 0.120000 3.779184 0.120000 3.872268 0.120000 6.065497 0.120000 6.291118 0.120000 2.800997 0.120000 2.591044 0.120000
8.651162 0.120000 8.287058 0.120000 6.430614 0.120000 6.493912 0.120000 4.010430 0.120000 3.948263 0.120000 6.094603 0.120000 6.185516 0.120000 2.709546 0.120000 2.621467 0.120000
9.156926 0.120000 8.333091 0.120000 6.521049 0.120000 6.316938 0.120000 3.928133 0.120000 3.980919 0.120000 6.186314 0.120000 6.558273 0.120000 2.292843 0.120000 2.704310 0.120000
8.917674 0.120000 8.355262 0.120000 6.829047 0.120000 6.557095 0.120000 3.957016 0.120000 3.693361 0.120000 6.293164 0.120000 6.235980 0.600000 2.528128 0.120000 2.607954 0.120000
8.885449 0.600000 8.632299 0.120000 6.830293 0.120000 7.456110 0.600000 4.067974 0.120000 4.023431 0.120000 5.981117 0.120000 6.288247 0.120000 2.369286 0.120000 2.326534 0.120000
8.323943 0.120000 8.535948 0.120000 6.472988 0.120000 6.388349 0.120000 3.868836 0.120000 3.861800 0.120000 6.339725 0.120000 6.423488 0.120000 2.343038 0.120000 2.931263 0.120000
8.852626 0.600000 7.847302 0.120000 6.729058 0.120000 6.824289 0.120000 3.851811 0.120000 3.770457 0.120000 6.604830 0.120000 5.934840 0.120000 2.554113 0.120000 2.677122 0.120000
8.731421 0.120000 8.712518 0.120000 6.679244 0.120000 6.090003 0.120000 4.118759 0.120000 4.491971 0.120000 6.196404 0.120000 6.477166 0.120000 2.499345 0.120000 2.457804 0.600000
8.938584 0.120000 8.475630 0.120000 6.787969 0.120000 6.972297 0.120000 4.358480 0.120000 3.988408 0.120000 5.886235 0.120000 6.237288 0.120000 2.073503 0.120000 2.805693 0.120000
8.681898 0.120000 8.310828 0.120000 6.422659 0.120000 6.525552 0.120000 4.412887 0.120000 3.736549 0.120000 5.908763 0.120000 6.104402 0.120000 2.265940 0.120000 2.827762 0.120000
9.000334 0.120000 9.091544 0.120000 6.919608 0.120000 6.427503 0.120000 3.745392 0.120000 4.008467 0.120000 6.330979 0.120000 6.442554 0.120000 2.404817 0.120000 2.685944 0.120000
8.968442 0.120000 8.575069 0.120000 6.999683 0.120000 6.750669 0.120000 4.434063 0.120000 4.127906 0.120000 6.288971 0.120000 6.499705 0.120000 2.439601 0.600000 2.606037 0.120000
8.583758 0.120000 8.590554 0.120000 6.649281 0.120000 6.886635 0.120000 4.164467 0.120000 4.253979 0.600000 7.261548 0.600000 6.474477 0.120000 2.128259 0.120000 2.474823 0.120000
8.766416 0.120000 8.643978 0.120000 6.556061 0.120000 6.361825 0.120000 3.912396 0.120000 3.832859 0.120000 6.303967 0.120000 6.885579 0.120000 1.951645 0.120000 2.375432 0.120000
9.173436 0.120000 9.026062 0.120000 6.851247 0.120000 6.461392 0.120000 4.150936 0.120000 3.849633 0.120000 5.737811 0.120000 6.493383 0.120000 2.112364 0.120000 2.777949 0.120000
9.102440 0.120000 8.897769 0.120000 6.594427 0.120000 6.544310 0.120000 3.750467 0.120000 3.920571 0.120000 6.226961 0.120000 6.249504 0.120000 2.169622 0.120000 2.781831 0.120000
8.619197 0.120000 8.711009 0.120000 6.461373 0.120000 7.118887 0.600000 4.559825 0.120000 3.752001 0.120000 6.275062 0.120000 6.125876 0.120000 1.971154 0.120000 2.280026 0.120000
8.815195 0.120000 8.448956 0.120000 6.757236 0.120000 7.065578 0.120000 4.046685 0.120000 4.291192 0.120000 5.806455 0.120000 6.141837 0.120000 2.507180 0.120000 2.657766 0.600000
8.856829 0.120000 8.319695 0.120000 7.650170 0.600000 7.128504 0.600000 4.074468 0.120000 3.609978 0.120000 6.255772 0.120000 6.708436 0.600000 2.000074 0.120000 2.530094 0.600000
8.675971 0.120000 8.347480 0.120000 6.850675 0.120000 7.097562 0.120000 4.600481 0.120000 4.371122 0.120000 5.761709 0.120000 6.058324 0.600000 1.562137 0.120000 2.260716 0.120000
9.389279 0.120000 8.897058 0.120000 7.104731 0.120000 6.940855 0.600000 4.369103 0.120000 4.345115 0.120000 6.455656 0.120000 6.548201 0.120000 2.020970 0.120000 2.728043 0.120000
9.062391 0.120000 8.794841 0.120000 6.756858 0.120000 6.680645 0.120000 4.538494 0.120000 3.884656 0.120000 5.996361 0.120000 6.323700 0.120000 1.993024 0.120000 2.341232 0.120000
9.287593 0.600000 8.927778 0.600000 7.384053 0.120000 6.812116 0.120000 4.159998 0.120000 3.802234 0.120000 6.124222 0.120000 6.260186 0.120000 1.907212 0.120000 2.757344 0.120000
8.961365 0.120000 8.864695 0.120000 6.865671 0.120000 6.830309 0.120000 4.449618 0.600000 4.133073 0.120000 6.531617 0.120000 5.978426 0.120000 2.636581 0.120000 3.012134 0.120000
8.891255 0.120000 8.360256 0.120000 7.160441 0.600000 7.018803 0.120000 4.345563 0.120000 4.009429 0.120000 5.944288 0.120000 6.419293 0.120000 2.297293 0.120000 2.446599 0.120000
8.806461 0.120000 8.866497 0.120000 7.309833 0.120000 6.648893 0.120000 4.555734 0.600000 4.507893 0.120000 6.339338 0.120000 6.430737 0.120000 1.925507 0.120000 2.799147 0.120000
8.733662 0.120000 8.390848 0.120000 7.507997 0.600000 7.001917 0.120000 4.420538 0.600000 4.399435 0.120000 6.177340 0.120000 6.439866 0.120000 2.414688 0.120000 2.318152 0.120000
9.296967 0.120000 8.705062 0.120000 7.068916 0.600000 7.006282 0.120000 3.757031 0.120000 4.130444 0.120000 6.323866 0.120000 6.542501 0.600000 2.066852 0.120000 2.250718 0.120000
8.794765 0.600000 8.677414 0.120000 6.786400 0.120000 6.558908 0.120000 4.333153 0.120000 4.431955 0.120000 5.840723 0.120000 6.408730 0.120000 2.900653 0.600000 2.166595 0.120000
8.871046 0.120000 8.579736 0.120000 6.967749 0.120000 6.754343 0.120000 4.161067 0.120000 4.152073 0.120000 5.823401 0.120000 6.206008 0.120000 2.094053 0.120000 2.245643 0.120000
8.893611 0.120000 8.358022 0.120000 7.239339 0.120000 7.080221 0.120000 3.778773 0.120000 4.344077 0.120000 6.086504 0.600000 5.896815 0.120000 1.959341 0.120000 2.657478 0.120000
8.638357 0.120000 8.999488 0.120000 7.152960 0.600000 7.248264 0.120000 4.426394 0.120000 3.741654 0.120000 5.993386 0.120000 6.338573 0.120000 2.656941 0.120000 3.036894 0.600000
8.812167 0.120000 8.947281 0.600000 6.853209 0.120000 6.851088 0.120000 4.032122 0.120000 4.298661 0.120000 5.820142 0.120000 6.872768 0.600000 2.285497 0.120000 2.470832 0.600000
8.808022 0.120000 9.199108 0.120000 7.187866 0.120000 6.550891 0.120000 4.109899 0.120000 4.078459 0.120000 5.779615 0.120000 6.340478 0.120000 2.587637 0.120000 2.685689 0.120000
8.535891 0.120000 9.007539 0.120000 6.922234 0.120000 7.020728 0.120000 3.949027 0.120000 4.276447 0.120000 6.391263 0.120000 5.629933 0.120000 2.492109 0.120000 2.310726 0.120000
8.995161 0.120000 8.894347 0.120000 6.979113 0.120000 6.923290 0.600000 4.252693 0.120000 4.138356 0.120000 5.801564 0.120000 5.828756 0.120000 2.363938 0.600000 2.174209 0.120000
8.341637 0.600000 9.296217 0.120000 7.312645 0.120000 6.993788 0.120000 4.417223 0.120000 4.436666 0.120000 6.071033 0.120000 6.282820 0.120000 2.488906 0.120000 1.986559 0.120000
8.783173 0.120000 8.397281 0.120000 7.177770 0.120000 7.367529 0.120000 4.405911 0.120000 3.717357 0.120000 5.945335 0.120000 6.063833 0.120000 2.714143 0.600000 2.685647 0.120000
8.779978 0.120000 9.189325 0.120000 7.108160 0.120000 6.964316 0.120000 4.015819 0.120000 4.651965 0.600000 5.845728 0.120000 6.330025 0.120000 2.138072 0.120000 2.171420 0.120000
8.270756 0.120000 8.697339 0.120000 7.476663 0.120000 6.367875 0.120000 3.730528 0.120000 3.860920 0.120000 6.103724 0.120000 5.968724 0.120000 1.977563 0.120000 2.047821 0.120000
9.364636 0.600000 9.164911 0.600000 6.696064 0.120000 6.835216 0.120000 3.907995 0.120000 3.981998 0.120000 5.970833 0.120000 5.676990 0.120000 2.750579 0.600000 2.079908 0.120000
9.133515 0.120000 9.053108 0.120000 7.044457 0.120000 7.200464 0.120000 4.132994 0.120000 4.267683 0.120000 6.239014 0.120000 6.278897 0.120000 2.510846 0.120000 2.013528 0.120000
8.613948 0.120000 9.088837 0.120000 6.827534 0.120000 6.873610 0.120000 3.777526 0.120000 4.272648 0.120000 5.725847 0.120000 5.634141 0.120000 2.324148 0.120000 2.223109 0.120000
8.959850 0.120000 8.837090 0.120000 7.395537 0.120000 6.918843 0.120000 3.924578 0.120000 4.511644 0.120000 5.837685 0.120000 5.630855 0.120000 2.211560 0.120000 2.041635 0.120000
8.407035 0.120000 8.591386 0.120000 7.110108 0.120000 6.456467 0.120000 4.197190 0.600000 4.296508 0.120000 6.070615 0.120000 5.945565 0.120000 2.203374 0.120000 2.422476 0.120000
8.904874 0.120000 8.570470 0.120000 7.526905 0.120000 6.843704 0.120000 4.315814 0.600000 4.083902 0.120000 5.768204 0.120000 5.293026 0.120000 2.685083 0.120000 2.229771 0.120000
8.310353 0.120000 8.491547 0.120000 7.349936 0.120000 6.783590 0.120000 4.374476 0.600000 4.487213 0.120000 5.786019 0.120000 5.975304 0.120000 2.750311 0.120000 2.406208 0.120000
9.009016 0.120000 9.025911 0.120000 6.619169 0.120000 7.243547 0.120000 4.797793 0.120000 3.969854 0.600000 5.310608 0.120000 5.855238 0.120000 2.428126 0.120000 2.055361 0.120000
8.672156 0.600000 8.545301 0.120000 6.591077 0.120000 7.177174 0.600000 3.941261 0.600000 4.207701 0.120000 6.061782 0.120000 5.973972 0.120000 2.682781 0.120000 2.079861 0.120000
8.285544 0.120000 9.053264 0.600000 6.872181 0.120000 7.437063 0.120000 3.581007 0.120000 4.445628 0.600000 5.228742 0.120000 5.952220 0.120000 2.700659 0.120000 2.162613 0.120000
8.772481 0.120000 8.729232 0.120000 7.538221 0.120000 6.859912 0.120000 4.272241 0.120000 4.018411 0.120000 5.205327 0.120000 5.727556 0.120000 2.382995 0.120000 2.653714 0.120000
8.408244 0.120000 8.449552 0.120000 6.951935 0.120000 6.854348 0.120000 3.822430 0.120000 4.175079 0.120000 5.733133 0.120000 5.950507 0.120000 2.590156 0.120000 2.275777 0.120000
8.391380 0.120000 8.667691 0.120000 7.325158 0.120000 7.158245 0.120000 4.319491 0.120000 3.617455 0.120000 5.821235 0.120000 5.703281 0.120000 2.988971 0.120000 2.533037 0.120000
8.678323 0.120000 8.621824 0.120000 7.362714 0.120000 7.061106 0.120000 4.036721 0.120000 4.444688 0.120000 5.534386 0.120000 5.802198 0.120000 2.590184 0.120000 2.979723 0.120000
8.687650 0.120000 8.395012 0.120000 6.888842 0.120000 7.344370 0.120000 3.606739 0.120000 3.827322 0.120000 5.305884 0.120000 5.820172 0.600000 2.713291 0.120000 2.505876 0.120000
8.288752 0.120000 7.932729 0.120000 7.661269 0.120000 7.959086 0.600000 3.858580 0.120000 4.018892 0.120000 4.968867 0.120000 5.723034 0.120000 2.536612 0.120000 2.922314 0.120000
8.371104 0.120000 9.133230 0.600000 7.414040 0.120000 7.147440 0.120000 4.362215 0.600000 3.694221 0.120000 5.083610 0.120000 5.265735 0.600000 2.652170 0.120000 2.569544 0.120000
8.401486 0.120000 8.877563 0.120000 7.215349 0.120000 7.505701 0.120000 3.389360 0.600000 3.971979 0.120000 4.883369 0.120000 5.564359 0.120000 2.174806 0.120000 2.477691 0.120000
8.413373 0.120000 8.811600 0.120000 7.608037 0.600000 7.239732 0.120000 4.170416 0.120000 4.111370 0.120000 5.052964 0.120000 5.775986 0.600000 2.145526 0.120000 3.044981 0.120000
7.871507 0.600000 8.533506 0.120000 7.081614 0.120000 7.048348 0.120000 3.299824 0.120000 4.259489 0.600000 5.278695 0.120000 5.768809 0.120000 2.890104 0.120000 2.844331 0.120000
8.227052 0.120000 8.464864 0.120000 6.917411 0.120000 7.188794 0.120000 4.096052 0.120000 4.253210 0.120000 5.002578 0.120000 5.397939 0.120000 2.854248 0.120000 2.741478 0.120000
8.281527 0.120000 8.929456 0.120000 7.357903 0.120000 7.106997 0.120000 3.421724 0.120000 3.363124 0.120000 5.431750 0.120000 5.252694 0.600000 3.017470 0.120000 2.994414 0.120000
8.232907 0.120000 8.584494 0.600000 7.066527 0.120000 6.748193 0.120000 4.143220 0.600000 3.983547 0.120000 5.486057 0.120000 5.428509 0.120000 3.052784 0.600000 3.023036 0.120000
8.207476 0.120000 7.959721 0.120000 7.189403 0.120000 6.503263 0.120000 3.801807 0.120000 4.218712 0.120000 5.329134 0.120000 5.350699 0.120000 3.312510 0.120000 2.856992 0.120000
8.468187 0.120000 7.929434 0.120000 6.989920 0.120000 7.103878 0.120000 4.188087 0.600000 3.694909 0.120000 5.213651 0.120000 5.392062 0.120000 3.443129 0.120000 2.651521 0.120000
7.777796 0.120000 8.317184 0.120000 7.372114 0.600000 7.683605 0.600000 4.206243 0.120000 3.693267 0.120000 5.192570 0.120000 5.134865 0.120000 3.085549 0.120000 2.674039 0.120000
8.292988 0.120000 8.475277 0.120000 7.047103 0.120000 7.409244 0.600000 3.665562 0.120000 3.640629 0.120000 5.042082 0.120000 4.865901 0.120000 2.852108 0.120000 2.463181 0.120000
8.160972 0.120000 7.768700 0.120000 7.505879 0.120000 7.748241 0.600000 3.970461 0.120000 3.804902 0.120000 4.852021 0.120000 5.380615 0.600000 3.206745 0.120000 3.139037 0.120000
8.005625 0.120000 8.407254 0.120000 7.344818 0.120000 6.768346 0.120000 3.864986 0.120000 3.847607 0.120000 5.054379 0.120000 5.310796 0.120000 3.054487 0.120000 2.808455 0.120000
8.221832 0.120000 8.145621 0.120000 7.545692 0.120000 6.628772 0.120000 4.020707 0.120000 3.767591 0.120000 4.813059 0.120000 4.780689 0.120000 2.854289 0.120000 3.295812 0.120000
7.813449 0.600000 8.446796 0.120000 7.052186 0.120000 6.678403 0.120000 3.853493 0.120000 4.050694 0.120000 4.657410 0.120000 5.292709 0.120000 3.185791 0.120000 3.227048 0.120000
7.629602 0.120000 8.691194 0.120000 7.567745 0.600000 7.215231 0.120000 3.724393 0.120000 3.893538 0.120000 5.695682 0.600000 5.181377 0.120000 3.118257 0.120000 2.928726 0.120000
8.663359 0.120000 8.035356 0.120000 7.345904 0.120000 6.981039 0.120000 3.557028 0.120000 3.812131 0.600000 5.042411 0.120000 5.567124 0.120000 2.729244 0.120000 2.963878 0.120000
7.938621 0.120000 8.164565 0.120000 7.488172 0.120000 7.299364 0.120000 3.555502 0.120000 3.574314 0.120000 5.225265 0.120000 5.306864 0.120000 3.234424 0.600000 2.973667 0.120000
7.746622 0.120000 7.542708 0.120000 7.224609 0.120000 7.269595 0.120000 3.781620 0.120000 3.815282 0.120000 4.193661 0.120000 5.972406 0.600000 3.214268 0.120000 3.626811 0.120000
8.108499 0.120000 7.976891 0.120000 7.157684 0.120000 7.065269 0.120000 3.934219 0.120000 3.691273 0.120000 4.633480 0.120000 5.345430 0.120000 3.239285 0.600000 3.023181 0.120000
8.020030 0.120000 7.769891 0.120000 7.122615 0.120000 7.435001 0.120000 3.620712 0.120000 3.784570 0.120000 4.631537 0.120000 5.177292 0.120000 3.240453 0.120000 2.904158 0.120000
7.678103 0.120000 7.975165 0.120000 7.674852 0.120000 7.551852 0.120000 3.572916 0.120000 3.650885 0.120000 4.811365 0.120000 4.412731 0.600000 3.226756 0.120000 3.066843 0.120000
7.739391 0.120000 8.378385 0.120000 7.355440 0.120000 7.278246 0.120000 3.280844 0.120000 3.838273 0.600000 5.252764 0.600000 5.032137 0.120000 3.817002 0.120000 3.571805 0.120000
8.294880 0.120000 7.973833 0.120000 7.423669 0.120000 7.219312 0.120000 3.921718 0.600000 4.154729 0.600000 4.469947 0.120000 4.610415 0.120000 3.701709 0.120000 2.945705 0.120000
8.404013 0.600000 7.963109 0.120000 6.930055 0.600000 7.505345 0.600000 3.381010 0.120000 4.406645 0.600000 4.460139 0.120000 4.886799 0.120000 2.808029 0.120000 3.345605 0.120000
7.570610 0.120000 7.850698 0.120000 7.420567 0.120000 7.100282 0.120000 3.674389 0.120000 3.473417 0.120000 5.014527 0.120000 5.124879 0.120000 3.887192 0.120000 3.371967 0.120000
7.484074 0.120000 7.737511 0.120000 8.031249 0.600000 6.934187 0.120000 4.078531 0.120000 3.539945 0.120000 4.626644 0.120000 4.791826 0.120000 3.603984 0.120000 3.087331 0.120000
7.961354 0.120000 8.365268 0.120000 7.448154 0.120000 6.963113 0.120000 3.699668 0.120000 3.550318 0.120000 4.773933 0.600000 4.893295 0.120000 3.348460 0.120000 3.193999 0.120000
8.010984 0.120000 8.639663 0.600000 7.867048 0.600000 7.319669 0.120000 3.249619 0.120000 3.555995 0.120000 4.581836 0.120000 4.743746 0.120000 3.587497 0.120000 3.562961 0.120000
8.116864 0.120000 8.076511 0.120000 7.203705 0.120000 7.102828 0.120000 3.099085 0.120000 3.446286 0.600000 4.446402 0.120000 4.893749 0.120000 3.401453 0.120000 3.159025 0.120000
7.801626 0.120000 8.049198 0.120000 7.362550 0.120000 7.601971 0.120000 3.600107 0.120000 3.615664 0.120000 4.475391 0.120000 4.945995 0.120000 3.851126 0.120000 3.805429 0.120000
7.662441 0.120000 7.941802 0.120000 7.869456 0.600000 7.218888 0.120000 3.396084 0.120000 3.576915 0.120000 4.285927 0.120000 4.732624 0.600000 3.986706 0.120000 3.294122 0.600000
7.975271 0.120000 7.612238 0.120000 7.368480 0.600000 7.617364 0.600000 3.765221 0.120000 3.747822 0.120000 4.412815 0.120000 5.311622 0.600000 3.990817 0.600000 3.549633 0.120000
7.816472 0.600000 7.875473 0.120000 7.871202 0.120000 7.200215 0.120000 3.739500 0.120000 3.620066 0.120000 3.998679 0.120000 4.886500 0.120000 3.773227 0.120000 3.461987 0.120000
7.761583 0.120000 8.302156 0.120000 7.464046 0.120000 6.894852 0.120000 3.376423 0.120000 3.399216 0.120000 4.074730 0.120000 4.493003 0.120000 4.214397 0.120000 3.435301 0.600000
7.894555 0.120000 8.066137 0.120000 7.313455 0.120000 7.456190 0.120000 3.612004 0.120000 3.504722 0.120000 4.321808 0.120000 4.754590 0.120000 3.552331 0.120000 3.601149 0.120000
7.858569 0.120000 7.844485 0.120000 7.561249 0.120000 7.413014 0.120000 4.134790 0.120000 3.511220 0.120000 4.145825 0.120000 4.554295 0.120000 3.420000 0.120000 5.117335 0.600000
8.009003 0.120000 7.703471 0.120000 7.728065 0.120000 7.338536 0.120000 3.630034 0.120000 3.518513 0.120000 4.714719 0.120000 4.811676 0.120000 3.772648 0.120000 3.670314 0.120000
7.920926 0.120000 8.410319 0.120000 7.523439 0.120000 7.553955 0.120000 3.346913 0.120000 3.782576 0.120000 4.234908 0.120000 4.869287 0.120000 4.119867 0.120000 3.849558 0.120000
7.870613 0.120000 7.742925 0.120000 7.712772 0.120000 7.661927 0.120000 2.574834 0.120000 4.396620 0.600000 4.670554 0.600000 4.350979 0.120000 3.592433 0.600000 3.466873 0.120000
7.994261 0.120000 7.663531 0.120000 7.729225 0.120000 7.274098 0.120000 3.474539 0.120000 3.085728 0.120000 4.493734 0.120000 4.461441 0.120000 4.287079 0.120000 3.412407 0.600000
7.391794 0.120000 7.735018 0.120000 7.537906 0.120000 7.525567 0.120000 3.456071 0.120000 3.948014 0.600000 3.984471 0.120000 4.122019 0.120000 4.062287 0.120000 4.059431 0.120000
7.277681 0.120000 8.126719 0.120000 7.380412 0.120000 7.257685 0.120000 2.950778 0.120000 3.714785 0.120000 4.190813 0.120000 4.430116 0.120000 4.205413 0.120000 3.804114 0.120000
7.135837 0.120000 8.370379 0.120000 7.694168 0.120000 7.952024 0.600000 3.377214 0.120000 3.295342 0.120000 4.384933 0.120000 4.287333 0.120000 3.676137 0.120000 3.932517 0.120000
8.124279 0.120000 7.780468 0.120000 7.572894 0.600000 7.294153 0.120000 3.507144 0.120000 4.087317 0.120000 4.344207 0.120000 5.235679 0.120000 4.138901 0.120000 4.038609 0.120000
8.199523 0.120000 7.925634 0.120000 7.832566 0.120000 7.414256 0.120000 3.427619 0.120000 3.455202 0.120000 3.862217 0.120000 4.316322 0.120000 3.990483 0.600000 3.371333 0.120000
7.751870 0.120000 7.653127 0.120000 7.524732 0.120000 8.120761 0.120000 3.599830 0.120000 3.706322 0.120000 3.764106 0.120000 4.446583 0.120000 3.830168 0.120000 3.424706 0.120000
7.900700 0.120000 7.682016 0.120000 7.702287 0.600000 7.767694 0.120000 3.596955 0.120000 3.069531 0.120000 3.746581 0.120000 4.194697 0.600000 4.040509 0.120000 4.314099 0.120000
7.947227 0.120000 7.642105 0.120000 7.667552 0.120000 7.382660 0.120000 3.135566 0.120000 3.364284 0.120000 4.116455 0.120000 4.239403 0.120000 4.114631 0.120000 3.531651 0.120000
7.708317 0.120000 7.486655 0.120000 7.346773 0.120000 7.695960 0.120000 3.660386 0.120000 3.339604 0.120000 3.461301 0.120000 3.892062 0.120000 4.087058 0.120000 3.716821 0.120000
8.134988 0.120000 7.609894 0.120000 7.700431 0.120000 7.623936 0.600000 3.230449 0.120000 3.394579 0.120000 3.844689 0.120000 3.929551 0.120000 4.410258 0.600000 3.571716 0.120000
7.720667 0.120000 7.474377 0.120000 7.740104 0.120000 7.556442 0.120000 3.295680 0.120000 3.389216 0.120000 3.893885 0.120000 3.922808 0.120000 4.385184 0.120000 4.249120 0.600000
7.603684 0.120000 8.201147 0.600000 7.747596 0.120000 7.727795 0.120000 3.550276 0.120000 3.149720 0.600000 3.688124 0.120000 4.114120 0.120000 3.782410 0.120000 4.291134 0.120000
8.339514 0.600000 7.639420 0.120000 7.209879 0.120000 7.849136 0.120000 3.385498 0.120000 2.881156 0.120000 3.450798 0.120000 3.578591 0.600000 4.435252 0.120000 4.415396 0.120000
7.542760 0.120000 8.069059 0.120000 7.698029 0.120000 7.499241 0.120000 3.165865 0.120000 3.469926 0.120000 3.780866 0.120000 4.466904 0.120000 4.402448 0.120000 4.019369 0.120000
7.506391 0.120000 8.653603 0.120000 7.645830 0.120000 7.586456 0.600000 3.584726 0.120000 3.281487 0.120000 3.600907 0.120000 4.122402 0.120000 4.545252 0.120000 4.097245 0.120000
7.566546 0.120000 7.073469 0.120000 7.675936 0.600000 7.515921 0.120000 3.802369 0.600000 4.184034 0.120000 3.460138 0.120000 4.751806 0.600000 4.474032 0.120000 3.895706 0.600000
7.592614 0.120000 7.538590 0.120000 8.140458 0.120000 7.926324 0.120000 3.231722 0.120000 3.786842 0.120000 3.489257 0.120000 3.658746 0.120000 4.157352 0.600000 3.789697 0.120000
6.985281 0.120000 7.450993 0.120000 7.736093 0.120000 7.625900 0.120000 4.188079 0.120000 3.601754 0.120000 3.779648 0.120000 4.167303 0.120000 4.530776 0.600000 3.920105 0.120000
6.840056 0.120000 7.335474 0.120000 7.725664 0.120000 7.481739 0.120000 3.460356 0.120000 3.110227 0.120000 3.245356 0.120000 4.200189 0.120000 4.296785 0.120000 4.522315 0.600000
7.366136 0.120000 7.337393 0.120000 7.979692 0.120000 7.380074 0.120000 3.154588 0.120000 3.850272 0.600000 3.533680 0.120000 4.476313 0.120000 4.604242 0.120000 3.867792 0.120000
7.539215 0.120000 7.410487 0.120000 8.307874 0.120000 7.884854 0.120000 3.611144 0.120000 3.809687 0.120000 3.498204 0.120000 3.803716 0.120000 4.594144 0.120000 3.822342 0.120000
7.625065 0.120000 7.710428 0.120000 7.092036 0.600000 8.053686 0.120000 3.792457 0.120000 3.670840 0.120000 3.499778 0.120000 3.510608 0.120000 4.674046 0.120000 3.931673 0.120000
7.862238 0.600000 7.838342 0.600000 7.701235 0.120000 7.607923 0.120000 3.573272 0.120000 3.958826 0.600000 3.886687 0.120000 4.510089 0.120000 4.741492 0.120000 4.131855 0.120000
7.638313 0.120000 7.432861 0.120000 7.887222 0.120000 7.333348 0.120000 3.762666 0.120000 3.846121 0.120000 3.601583 0.120000 4.141516 0.120000 4.501786 0.120000 4.605522 0.120000
7.038004 0.120000 7.094218 0.120000 7.828263 0.120000 7.748687 0.120000 3.840609 0.120000 2.960896 0.120000 3.373251 0.120000 4.113622 0.120000 5.102711 0.120000 4.494262 0.120000
7.157990 0.120000 7.725732 0.120000 8.150866 0.120000 7.799611 0.120000 3.522547 0.120000 3.571957 0.120000 3.693933 0.120000 3.681958 0.120000 4.007707 0.120000 4.336612 0.120000
7.310739 0.120000 7.288830 0.120000 7.591866 0.120000 8.056643 0.120000 3.772590 0.120000 3.215561 0.120000 3.237138 0.120000 3.457223 0.120000 4.876326 0.600000 4.059717 0.120000
7.077724 0.120000 7.716218 0.120000 8.148063 0.120000 7.911649 0.120000 3.306102 0.120000 3.969719 0.120000 3.520916 0.120000 3.983235 0.120000 4.054314 0.600000 4.444449 0.120000
7.436722 0.120000 7.909849 0.600000 7.608522 0.120000 8.003851 0.120000 3.508445 0.120000 3.847295 0.120000 3.073924 0.120000 3.642822 0.120000 4.869915 0.120000 4.447441 0.120000
7.171521 0.120000 7.410400 0.120000 7.527014 0.120000 7.998204 0.120000 3.376817 0.120000 3.806980 0.120000 3.627737 0.120000 3.655140 0.120000 4.839220 0.120000 4.302220 0.120000
6.922286 0.120000 7.683005 0.120000 7.923384 0.120000 7.718151 0.120000 3.517261 0.120000 3.436696 0.600000 3.171310 0.120000 3.799469 0.120000 4.910216 0.120000 4.995272 0.600000
7.409313 0.120000 7.767468 0.600000 7.613939 0.120000 8.259792 0.120000 3.676253 0.120000 3.732009 0.120000 3.698664 0.600000 4.214981 0.600000 4.411722 0.120000 4.971104 0.600000
6.957360 0.600000 7.105127 0.120000 8.017388 0.120000 7.834002 0.120000 3.718056 0.120000 4.173990 0.600000 2.973625 0.120000 3.870418 0.120000 5.146435 0.600000 4.051519 0.600000
6.936163 0.120000 7.153488 0.120000 7.887148 0.600000 7.748663 0.120000 3.259004 0.120000 3.529386 0.120000 3.600892 0.120000 3.576250 0.120000 4.982875 0.120000 4.558989 0.120000
7.452931 0.120000 7.758225 0.120000 8.370756 0.120000 8.343259 0.120000 3.094754 0.120000 3.758818 0.120000 3.597030 0.120000 3.593846 0.120000 4.493040 0.120000 4.931893 0.120000
7.318294 0.120000 7.398626 0.120000 7.754489 0.600000 7.858115 0.120000 3.786306 0.120000 3.361474 0.120000 3.196340 0.120000 3.608592 0.120000 5.008637 0.120000 4.523193 0.120000
7.232923 0.120000 7.121040 0.120000 8.465531 0.600000 7.988601 0.120000 3.544918 0.120000 3.767658 0.120000 3.339311 0.120000 3.271514 0.120000 4.946732 0.120000 5.045167 0.120000
7.167415 0.120000 7.908315 0.120000 7.917844 0.120000 8.033065 0.120000 3.526087 0.120000 3.533716 0.120000 2.911448 0.120000 3.496746 0.120000 5.217683 0.120000 4.629765 0.120000
7.085212 0.120000 7.278897 0.120000 8.071213 0.120000 8.086058 0.120000 3.056130 0.600000 3.669605 0.120000 2.843251 0.120000 3.457567 0.120000 5.126694 0.120000 4.307465 0.120000
6.736538 0.120000 7.262405 0.120000 7.714482 0.120000 7.965336 0.120000 3.741077 0.120000 3.717996 0.120000 2.530570 0.120000 3.573224 0.120000 5.203013 0.120000 4.283431 0.120000
7.037566 0.120000 7.240666 0.120000 7.898946 0.120000 8.045154 0.600000 3.624871 0.120000 3.692326 0.120000 2.927480 0.120000 3.313274 0.120000 4.933653 0.120000 5.046764 0.120000
7.336457 0.120000 7.522267 0.120000 8.379860 0.120000 8.115315 0.120000 3.930640 0.120000 3.613430 0.120000 2.841502 0.120000 3.247695 0.120000 5.269534 0.120000 4.834961 0.120000
7.506075 0.120000 7.246762 0.120000 8.268363 0.120000 7.993437 0.120000 3.699771 0.120000 3.303815 0.120000 3.259048 0.120000 3.182910 0.120000 5.158526 0.120000 5.419153 0.600000
6.921074 0.120000 7.489259 0.120000 7.785144 0.120000 7.730905 0.120000 3.428359 0.120000 3.791406 0.120000 3.087449 0.120000 3.024294 0.120000 5.578612 0.600000 4.399400 0.120000
7.040136 0.120000 7.586189 0.120000 8.055182 0.120000 7.827627 0.120000 3.905043 0.600000 3.551341 0.120000 2.832762 0.120000 3.211303 0.120000 4.765766 0.120000 5.167469 0.600000
7.390688 0.120000 6.945599 0.120000 8.029294 0.120000 8.050314 0.120000 3.810214 0.120000 3.743312 0.120000 2.825506 0.120000 3.356059 0.600000 5.626425 0.120000 5.511521 0.600000
7.360421 0.120000 7.525467 0.120000 8.114030 0.120000 8.011527 0.120000 4.151196 0.120000 3.445959 0.120000 2.478961 0.120000 3.042794 0.600000 5.107994 0.120000 5.362479 0.120000
7.391323 0.600000 7.895549 0.600000 8.632933 0.120000 8.717728 0.120000 3.813291 0.120000 3.704571 0.120000 3.242661 0.120000 2.546482 0.120000 4.979387 0.120000 5.035282 0.120000
7.220399 0.120000 7.285891 0.120000 8.246980 0.120000 8.044961 0.120000 4.068065 0.120000 4.033609 0.600000 3.619020 0.600000 3.483125 0.120000 4.815283 0.120000 5.094594 0.120000
7.039826 0.120000 6.983054 0.120000 8.443886 0.120000 8.941237 0.600000 4.022542 0.120000 3.907902 0.120000 3.457189 0.600000 3.291491 0.120000 5.059191 0.120000 5.398106 0.120000
7.579506 0.600000 7.048706 0.120000 7.958920 0.120000 8.524843 0.120000 4.322865 0.600000 3.750130 0.120000 2.877868 0.120000 2.418742 0.120000 5.269727 0.120000 5.238411 0.120000
7.211410 0.120000 7.592016 0.120000 8.086087 0.120000 8.180208 0.120000 4.030928 0.120000 3.898366 0.120000 2.500626 0.120000 3.392262 0.120000 5.370511 0.120000 5.235232 0.120000
7.132180 0.120000 7.071766 0.120000 8.430335 0.120000 8.221915 0.120000 3.312709 0.120000 3.892943 0.120000 2.786141 0.120000 3.374435 0.120000 4.759489 0.120000 5.198044 0.120000
6.930281 0.120000 7.230152 0.120000 8.490687 0.120000 8.514839 0.120000 3.636045 0.120000 3.804539 0.120000 3.015225 0.120000 3.041733 0.120000 5.513591 0.120000 5.164882 0.120000
7.175789 0.120000 7.439117 0.120000 8.421773 0.120000 8.542123 0.120000 4.019714 0.120000 3.653639 0.120000 2.985388 0.120000 3.632918 0.120000 5.528718 0.120000 5.169650 0.120000
7.243623 0.600000 6.622718 0.120000 8.549653 0.120000 8.483239 0.120000 3.970167 0.120000 3.847518 0.120000 2.994451 0.120000 3.106281 0.120000 5.734473 0.120000 5.193225 0.120000
7.385709 0.120000 6.690099 0.120000 8.298354 0.120000 8.176407 0.120000 3.485984 0.120000 3.927169 0.120000 2.791220 0.120000 3.079644 0.120000 5.356948 0.120000 5.281181 0.120000
7.151233 0.120000 7.202090 0.120000 7.933526 0.120000 9.192225 0.600000 4.161050 0.120000 3.630135 0.120000 2.589047 0.600000 2.688917 0.120000 5.905860 0.120000 5.092800 0.120000
7.061508 0.120000 7.236835 0.120000 8.548903 0.120000 8.151387 0.120000 3.463395 0.120000 3.753553 0.120000 2.818422 0.120000 2.991890 0.120000 5.284792 0.120000 5.660330 0.120000
7.171631 0.120000 7.009937 0.120000 8.549209 0.120000 8.201793 0.120000 3.962381 0.120000 3.930685 0.120000 2.789549 0.120000 2.647656 0.120000 5.394163 0.120000 5.352738 0.120000
6.773512 0.120000 7.004874 0.120000 8.379360 0.120000 7.980475 0.120000 3.798377 0.120000 3.886294 0.120000 2.782395 0.120000 2.523907 0.120000 5.472104 0.120000 5.825673 0.120000
7.507155 0.120000 7.247012 0.120000 8.337733 0.120000 8.354100 0.120000 4.015418 0.120000 3.694734 0.120000 2.875959 0.600000 2.823908 0.120000 6.034383 0.120000 5.631978 0.120000
7.632913 0.600000 6.970125 0.120000 8.259539 0.120000 8.357701 0.120000 4.269902 0.120000 3.526082 0.120000 2.691581 0.120000 2.979217 0.120000 5.940997 0.120000 5.199240 0.120000
6.871737 0.120000 7.230725 0.120000 8.516003 0.120000 8.591276 0.120000 3.974896 0.120000 3.804610 0.120000 2.703704 0.120000 2.640860 0.120000 5.558793 0.600000 5.592587 0.120000
7.326516 0.120000 7.096619 0.120000 8.483716 0.120000 8.237381 0.120000 3.625023 0.120000 4.062402 0.120000 1.989405 0.600000 2.624904 0.120000 5.363147 0.120000 5.128660 0.120000
7.085348 0.120000 7.111952 0.120000 8.321350 0.120000 8.484004 0.120000 4.148932 0.120000 4.193644 0.120000 2.745023 0.120000 2.768820 0.120000 6.256836 0.120000 5.337492 0.120000
7.343936 0.120000 7.711873 0.600000 8.883255 0.120000 8.263982 0.120000 3.492337 0.120000 3.609672 0.120000 2.594343 0.120000 2.593045 0.120000 5.986134 0.120000 5.507673 0.120000
8.197239 0.600000 6.784563 0.120000 8.226873 0.120000 8.244319 0.120000 3.951180 0.120000 4.028315 0.120000 2.549988 0.120000 2.971033 0.120000 6.152389 0.120000 5.721548 0.120000
6.760493 0.120000 6.792923 0.120000 8.164343 0.120000 8.617208 0.120000 4.195332 0.120000 4.048828 0.600000 2.824194 0.120000 2.681123 0.120000 5.843678 0.120000 6.010676 0.120000
7.316140 0.120000 7.231496 0.120000 8.917893 0.120000 8.284440 0.120000 4.455333 0.120000 3.807790 0.120000 2.843620 0.120000 2.427676 0.120000 5.723358 0.120000 5.469786 0.120000
6.976847 0.120000 7.004255 0.120000 8.339744 0.120000 8.683879 0.120000 4.327568 0.120000 3.610786 0.120000 2.589874 0.120000 3.028548 0.120000 5.763336 0.120000 5.547022 0.120000
6.729607 0.120000 7.389729 0.120000 8.496257 0.120000 8.253052 0.120000 4.350883 0.120000 3.634370 0.120000 2.654292 0.120000 2.134045 0.120000 5.720306 0.120000 5.571114 0.120000
7.101820 0.120000 7.573975 0.120000 9.270074 0.120000 8.693104 0.120000 4.176813 0.600000 3.869578 0.120000 2.402403 0.120000 2.494275 0.120000 5.481104 0.120000 5.423071 0.120000
7.088450 0.120000 6.382932 0.120000 8.371160 0.120000 8.540448 0.120000 4.281920 0.120000 3.848535 0.120000 2.851617 0.120000 2.944932 0.120000 6.086155 0.120000 5.338059 0.120000
6.956664 0.120000 7.320134 0.120000 8.753950 0.120000 8.120334 0.120000 3.592293 0.120000 3.607588 0.120000 2.767039 0.120000 2.849991 0.120000 5.749543 0.120000 5.481263 0.120000
7.200952 0.120000 6.869366 0.120000 8.614704 0.120000 8.494081 0.120000 4.231888 0.120000 4.473532 0.600000 2.877025 0.120000 2.793563 0.120000 5.654586 0.120000 5.571876 0.120000
6.995949 0.120000 7.030375 0.120000 8.635636 0.120000 9.835355 0.600000 4.458824 0.120000 3.832760 0.120000 2.309469 0.120000 2.621959 0.120000 6.096158 0.600000 5.764222 0.120000
7.189056 0.120000 7.447614 0.600000 8.878931 0.120000 8.568689 0.120000 3.869219 0.120000 4.158654 0.120000 2.594729 0.600000 2.374085 0.120000 6.012081 0.120000 5.851089 0.120000
7.463884 0.120000 7.398511 0.120000 8.466744 0.120000 8.301631 0.120000 4.017796 0.120000 4.048492 0.120000 1.869537 0.120000 2.532066 0.120000 5.665348 0.120000 5.960772 0.600000
6.969741 0.120000 7.215871 0.120000 8.740385 0.120000 8.529049 0.120000 3.911471 0.120000 3.799107 0.120000 2.969545 0.120000 2.466762 0.120000 5.591980 0.120000 5.442804 0.120000
6.789937 0.600000 7.318915 0.120000 8.515436 0.600000 8.926610 0.120000 4.495774 0.600000 3.940263 0.120000 2.524391 0.120000 2.754467 0.120000 5.965367 0.120000 6.018489 0.600000
7.202125 0.120000 6.787452 0.120000 8.570968 0.120000 8.116457 0.120000 4.480138 0.600000 3.873392 0.120000 2.366773 0.120000 2.498667 0.120000 6.063040 0.120000 6.195991 0.120000
7.286791 0.120000 7.303746 0.120000 8.357785 0.120000 8.500841 0.120000 4.062069 0.120000 4.250582 0.120000 2.300313 0.120000 2.402469 0.120000 6.046942 0.120000 5.790121 0.120000
6.889675 0.120000 7.426592 0.120000 8.735780 0.120000 8.588618 0.120000 4.613281 0.120000 4.588219 0.600000 2.381171 0.120000 2.463783 0.120000 6.206106 0.120000 6.021573 0.120000
7.014562 0.120000 6.775885 0.600000 8.814249 0.120000 8.728092 0.120000 4.248514 0.120000 3.830074 0.120000 2.983280 0.600000 2.744066 0.600000 6.131045 0.120000 5.760849 0.120000
7.004845 0.120000 7.042156 0.600000 8.535836 0.120000 8.039114 0.120000 4.079742 0.120000 4.054851 0.120000 2.695096 0.120000 2.769868 0.120000 5.622926 0.120000 5.467098 0.120000
6.810299 0.120000 7.388161 0.120000 8.601527 0.120000 8.748017 0.120000 3.996115 0.120000 3.709880 0.120000 2.585393 0.120000 3.056801 0.600000 6.081030 0.120000 5.949630 0.120000
