1.296657 0.030000 0.943461 0.030000 5.131453 0.030000 5.514936 0.030000 3.404276 0.030000 3.707527 0.030000 6.701371 0.030000 6.653616 0.030000 8.355961 0.030000 8.526334 0.030000
1.258451 0.150000 0.914921 0.030000 5.242310 0.150000 5.517857 0.030000 3.463248 0.030000 3.624827 0.030000 7.741449 0.150000 6.582962 0.150000 8.391943 0.030000 8.542824 0.030000
1.221554 0.030000 0.958520 0.030000 5.077018 0.030000 5.382606 0.030000 3.428440 0.150000 3.614073 0.030000 6.717711 0.030000 6.651055 0.030000 8.282172 0.030000 8.574030 0.030000
1.189561 0.030000 0.883432 0.030000 5.098424 0.030000 5.431042 0.030000 3.403143 0.030000 3.625642 0.030000 6.704188 0.030000 6.655097 0.030000 8.255000 0.030000 8.481248 0.030000
1.236167 0.030000 1.010914 0.150000 5.111168 0.030000 5.393117 0.030000 3.467546 0.030000 3.629509 0.030000 6.692884 0.030000 6.676520 0.030000 8.876990 0.150000 8.509799 0.030000
1.280108 0.030000 0.955753 0.030000 4.995030 0.030000 5.348773 0.030000 3.402661 0.030000 3.583609 0.030000 6.713294 0.030000 6.645485 0.030000 8.267861 0.030000 8.489388 0.030000
1.285010 0.030000 0.966856 0.030000 4.978159 0.030000 5.339143 0.030000 3.374590 0.030000 3.655028 0.030000 6.690674 0.030000 6.638742 0.030000 10.122957 0.150000 8.466513 0.030000
1.337691 0.030000 1.001226 0.030000 5.015041 0.030000 5.402023 0.150000 3.387784 0.030000 3.556050 0.030000 6.704759 0.030000 6.680428 0.030000 8.179240 0.030000 8.495048 0.030000
1.015161 0.150000 1.081394 0.030000 4.940447 0.030000 5.340634 0.030000 3.316096 0.030000 3.503461 0.030000 6.711738 0.030000 6.594585 0.150000 8.189092 0.030000 8.526728 0.150000
1.328857 0.030000 1.079530 0.030000 4.967588 0.030000 5.263119 0.030000 3.360466 0.030000 3.515104 0.030000 6.719764 0.030000 6.669442 0.030000 8.221153 0.030000 8.433510 0.030000
1.392914 0.030000 1.162182 0.030000 4.857283 0.030000 5.241630 0.030000 3.216364 0.150000 3.520019 0.030000 6.720580 0.030000 6.600763 0.030000 8.172919 0.030000 8.395022 0.030000
1.399250 0.030000 1.127387 0.030000 4.883688 0.030000 5.204314 0.030000 3.336431 0.030000 3.494717 0.030000 6.710875 0.030000 6.650930 0.030000 8.187625 0.030000 8.368637 0.030000
1.431578 0.030000 1.146858 0.030000 4.879863 0.030000 5.204870 0.030000 3.918019 0.150000 3.420406 0.030000 6.721766 0.030000 6.690483 0.030000 8.162410 0.030000 8.353187 0.030000
1.425292 0.030000 1.173130 0.030000 4.814400 0.030000 5.138796 0.030000 3.255482 0.030000 3.468655 0.030000 6.694371 0.030000 6.665415 0.030000 8.121441 0.030000 8.307774 0.030000
1.452356 0.030000 1.132792 0.030000 4.770687 0.030000 5.137273 0.030000 3.252265 0.030000 3.453894 0.030000 6.719248 0.030000 6.703191 0.030000 7.804303 0.150000 8.314711 0.030000
1.509780 0.030000 1.124446 0.150000 4.766786 0.030000 5.125554 0.030000 3.248119 0.030000 3.371401 0.030000 6.899578 0.150000 6.530351 0.150000 8.095074 0.030000 8.341608 0.030000
1.593714 0.030000 1.266276 0.030000 4.742612 0.030000 5.091841 0.030000 3.375420 0.150000 3.318646 0.030000 6.770639 0.030000 6.731349 0.030000 8.204780 0.150000 8.275097 0.030000
1.571420 0.030000 1.274752 0.030000 4.651540 0.030000 5.039006 0.030000 3.134577 0.030000 3.394440 0.030000 6.802068 0.030000 6.668858 0.030000 7.963822 0.030000 8.277330 0.030000
1.602538 0.030000 1.273362 0.030000 4.712327 0.030000 5.010198 0.030000 3.155483 0.030000 3.389021 0.030000 6.794967 0.030000 6.743976 0.030000 8.050440 0.030000 8.234401 0.030000
1.578455 0.030000 1.334066 0.030000 4.609722 0.030000 5.475404 0.150000 3.148816 0.030000 3.802122 0.150000 6.851417 0.150000 6.647164 0.030000 7.971787 0.030000 8.219740 0.030000
1.655496 0.030000 1.550635 0.150000 5.238175 0.150000 4.934876 0.030000 3.174748 0.030000 3.287402 0.030000 6.772217 0.030000 6.708890 0.030000 7.969705 0.030000 8.519577 0.150000
1.658963 0.030000 1.426128 0.030000 4.554080 0.030000 4.904207 0.030000 3.086289 0.030000 3.314412 0.030000 6.783233 0.030000 6.753290 0.030000 7.958399 0.030000 8.212346 0.030000
1.714188 0.030000 1.372971 0.030000 4.556332 0.030000 4.901068 0.030000 3.123461 0.030000 3.279936 0.030000 6.786144 0.030000 7.247509 0.150000 7.970938 0.030000 8.158443 0.030000
1.723106 0.030000 1.477148 0.030000 4.504644 0.030000 4.864916 0.030000 3.018245 0.030000 3.435806 0.150000 6.821702 0.030000 6.728923 0.030000 8.020062 0.030000 8.169325 0.030000
1.776254 0.030000 1.416965 0.030000 4.488026 0.030000 4.857565 0.030000 3.114042 0.030000 3.218241 0.030000 6.780334 0.030000 6.688929 0.030000 7.902949 0.030000 8.152314 0.030000
1.829896 0.030000 1.465057 0.030000 4.467657 0.030000 4.834339 0.030000 3.038363 0.030000 3.282756 0.030000 6.844802 0.030000 6.765714 0.030000 7.917828 0.030000 8.185832 0.030000
1.804497 0.030000 1.513002 0.030000 4.388485 0.030000 4.783624 0.030000 3.076535 0.030000 3.261240 0.030000 6.810067 0.030000 6.720139 0.030000 7.914107 0.030000 8.157577 0.030000
1.826226 0.030000 1.520738 0.030000 4.334510 0.030000 4.696625 0.030000 3.050361 0.030000 3.155375 0.030000 6.849120 0.030000 6.772758 0.030000 7.909570 0.030000 8.069608 0.030000
1.795087 0.030000 1.622997 0.030000 4.382351 0.030000 4.648194 0.030000 3.071409 0.030000 3.215792 0.030000 6.870166 0.030000 6.811257 0.150000 7.902143 0.030000 8.065010 0.030000
1.839713 0.030000 1.590185 0.030000 4.297691 0.030000 4.709726 0.030000 3.007755 0.030000 3.179405 0.030000 6.843300 0.030000 6.814409 0.150000 7.851996 0.030000 8.026068 0.030000
1.898972 0.030000 1.620182 0.030000 4.312315 0.030000 4.702731 0.030000 3.019372 0.030000 3.118605 0.030000 6.876041 0.030000 6.788302 0.030000 7.817256 0.030000 8.064193 0.030000
1.951823 0.030000 1.640570 0.030000 4.282804 0.030000 4.636439 0.030000 3.068561 0.030000 3.188985 0.030000 6.861355 0.030000 6.765580 0.030000 7.795849 0.030000 8.006406 0.030000
1.926146 0.030000 2.313639 0.150000 4.191015 0.030000 4.566511 0.030000 2.998452 0.030000 3.045050 0.150000 6.836106 0.030000 6.688404 0.150000 7.743613 0.030000 7.983948 0.030000
2.032388 0.030000 1.663236 0.030000 4.251968 0.030000 4.540820 0.030000 3.001829 0.030000 3.176030 0.030000 6.857384 0.030000 7.335362 0.150000 7.783852 0.030000 7.947955 0.030000
2.075951 0.030000 1.625184 0.150000 4.214245 0.030000 4.491184 0.030000 3.001363 0.030000 3.241285 0.150000 6.918833 0.030000 6.804651 0.030000 7.784538 0.030000 7.991983 0.030000
2.045586 0.030000 1.772622 0.030000 4.137717 0.030000 4.489109 0.030000 2.962192 0.030000 3.061486 0.030000 6.860921 0.030000 6.799246 0.030000 7.861808 0.030000 7.913663 0.030000
2.149654 0.030000 1.753388 0.030000 4.171254 0.030000 4.477303 0.030000 2.921802 0.030000 3.112273 0.030000 8.861334 0.150000 6.772181 0.030000 7.749796 0.030000 7.901009 0.030000
2.123870 0.030000 1.851541 0.030000 4.178130 0.030000 4.463944 0.030000 2.921086 0.030000 3.044152 0.030000 6.921200 0.030000 6.810752 0.030000 7.755051 0.030000 7.905777 0.030000
2.146644 0.030000 1.832162 0.030000 4.061825 0.030000 4.448418 0.030000 2.900875 0.030000 3.015679 0.030000 6.943846 0.030000 6.818050 0.030000 7.667906 0.030000 7.895081 0.030000
2.616719 0.150000 1.837024 0.030000 4.040205 0.030000 4.372625 0.030000 2.922524 0.030000 3.045716 0.030000 6.921942 0.030000 6.771231 0.030000 7.685296 0.030000 7.848895 0.030000
2.178613 0.150000 1.944362 0.030000 4.006678 0.030000 4.349469 0.030000 2.929808 0.030000 3.075158 0.030000 6.978013 0.030000 6.894273 0.030000 7.679748 0.030000 7.854279 0.030000
2.162998 0.030000 1.898375 0.030000 4.025174 0.030000 4.364753 0.030000 2.865358 0.030000 3.050522 0.030000 6.940870 0.030000 6.866599 0.030000 7.701777 0.030000 7.818409 0.030000
2.224553 0.030000 1.962079 0.030000 3.937770 0.030000 4.309949 0.030000 2.842601 0.030000 3.020051 0.030000 6.940641 0.030000 6.865562 0.030000 7.644433 0.030000 7.816411 0.030000
2.270282 0.030000 1.979290 0.030000 3.969219 0.030000 4.293755 0.030000 2.847331 0.030000 3.038479 0.030000 6.932421 0.030000 6.858384 0.030000 7.599972 0.030000 8.264690 0.150000
2.329362 0.030000 2.319973 0.150000 4.272296 0.150000 4.223185 0.030000 2.886676 0.030000 2.947803 0.030000 6.969340 0.030000 6.912308 0.030000 7.664014 0.030000 7.817817 0.030000
2.326205 0.030000 1.992992 0.030000 3.870533 0.030000 4.217940 0.030000 2.951792 0.150000 3.183594 0.150000 7.007376 0.030000 6.859826 0.030000 7.598041 0.030000 7.816305 0.030000
2.381693 0.030000 1.989247 0.030000 3.801818 0.030000 4.170120 0.030000 2.815569 0.030000 2.929742 0.030000 6.981140 0.030000 6.941643 0.030000 7.584793 0.030000 7.771014 0.030000
2.456255 0.030000 2.036974 0.030000 3.799561 0.030000 4.193175 0.030000 2.849031 0.030000 2.980250 0.030000 7.039039 0.030000 6.870435 0.030000 7.591044 0.030000 7.782592 0.030000
2.456395 0.030000 2.098398 0.030000 3.773426 0.030000 4.118737 0.030000 2.824118 0.030000 2.931996 0.030000 7.020121 0.030000 6.903389 0.030000 7.552851 0.030000 7.713642 0.030000
2.431452 0.030000 2.093399 0.030000 3.733644 0.030000 4.085207 0.030000 2.831754 0.030000 2.952754 0.030000 7.039729 0.030000 6.913552 0.030000 7.526000 0.030000 8.104847 0.150000
2.479964 0.030000 2.124420 0.030000 3.704216 0.030000 4.086696 0.030000 2.809170 0.030000 3.105825 0.150000 7.038880 0.030000 7.419912 0.150000 7.518074 0.030000 7.680567 0.030000
2.525041 0.030000 2.145670 0.030000 3.656614 0.030000 3.995769 0.030000 2.812300 0.030000 2.894163 0.030000 7.035224 0.030000 6.972475 0.030000 7.543157 0.030000 7.666989 0.030000
2.539183 0.030000 2.178679 0.030000 3.651272 0.030000 4.014929 0.030000 2.830800 0.030000 2.901676 0.030000 7.041838 0.030000 6.959583 0.030000 7.482770 0.030000 7.730875 0.030000
2.592862 0.030000 2.230819 0.030000 3.715565 0.150000 3.960297 0.030000 2.801368 0.030000 2.818583 0.030000 7.105033 0.030000 6.929883 0.030000 7.433985 0.030000 7.703736 0.030000
2.609474 0.030000 2.303486 0.030000 3.641769 0.030000 3.938224 0.030000 2.794872 0.030000 2.860460 0.030000 7.056608 0.030000 7.183145 0.150000 7.505767 0.030000 7.612456 0.030000
2.621654 0.030000 2.316238 0.030000 3.547006 0.030000 3.904491 0.030000 2.793085 0.030000 2.881382 0.030000 7.123610 0.030000 6.984120 0.030000 7.457695 0.030000 7.640262 0.030000
2.679074 0.030000 2.348338 0.030000 3.538162 0.030000 3.945470 0.150000 2.751604 0.030000 2.810562 0.030000 7.106226 0.030000 6.976098 0.030000 7.441973 0.030000 7.584129 0.030000
2.656818 0.030000 2.311014 0.030000 3.453472 0.030000 3.872901 0.030000 2.800711 0.030000 2.861500 0.030000 7.128403 0.030000 6.978515 0.030000 7.484928 0.030000 7.579776 0.030000
2.779707 0.030000 2.371248 0.030000 3.477817 0.030000 3.797327 0.030000 2.743269 0.030000 2.865427 0.030000 7.100443 0.030000 6.994290 0.030000 7.401843 0.030000 7.594750 0.030000
2.762472 0.030000 2.402801 0.030000 3.430940 0.030000 3.772715 0.030000 2.767850 0.030000 2.870368 0.030000 7.102266 0.030000 6.972888 0.030000 7.379459 0.030000 7.636531 0.150000
2.749700 0.030000 2.431580 0.030000 3.366929 0.030000 4.115728 0.150000 2.760586 0.030000 2.813691 0.030000 7.082603 0.150000 7.027346 0.030000 7.445457 0.030000 7.579987 0.030000
2.807940 0.030000 2.452479 0.030000 3.376108 0.030000 3.714947 0.030000 2.743677 0.030000 2.847481 0.030000 7.163635 0.030000 7.045214 0.030000 7.366307 0.030000 7.553725 0.030000
2.884450 0.030000 2.475127 0.030000 3.397789 0.030000 3.756244 0.030000 2.735457 0.030000 2.814863 0.030000 7.182684 0.030000 7.053765 0.030000 7.380101 0.030000 7.516440 0.030000
2.841767 0.030000 2.552213 0.030000 3.326180 0.030000 3.679806 0.030000 2.767205 0.030000 2.816155 0.030000 7.169320 0.030000 7.019388 0.030000 7.348858 0.030000 7.509922 0.030000
2.895294 0.030000 2.542329 0.030000 3.212259 0.150000 3.635135 0.030000 2.739102 0.030000 2.811637 0.030000 7.163808 0.030000 7.108164 0.030000 7.326888 0.030000 7.516027 0.030000
2.927536 0.030000 2.590902 0.030000 3.280540 0.030000 3.629203 0.030000 2.683471 0.030000 2.784498 0.030000 7.205019 0.030000 7.054556 0.030000 7.348881 0.030000 7.518165 0.030000
2.947626 0.030000 2.597262 0.030000 3.208895 0.030000 3.589760 0.030000 2.728638 0.030000 2.813768 0.030000 7.169366 0.030000 7.070766 0.030000 7.311871 0.030000 7.413230 0.030000
2.971087 0.030000 2.627595 0.030000 3.198757 0.030000 3.501566 0.030000 2.756408 0.030000 2.834106 0.030000 7.214209 0.030000 7.070204 0.030000 7.252517 0.030000 7.392402 0.030000
2.942889 0.030000 2.650066 0.030000 3.152453 0.030000 3.501484 0.030000 2.755548 0.030000 2.756044 0.030000 7.248121 0.030000 7.055367 0.030000 7.244891 0.030000 7.470528 0.030000
3.048551 0.030000 2.726673 0.030000 3.099100 0.030000 3.517134 0.030000 2.686649 0.030000 2.777861 0.030000 7.256063 0.030000 7.114673 0.030000 7.338060 0.030000 7.431029 0.030000
3.020119 0.030000 2.683790 0.030000 3.135314 0.030000 3.490139 0.030000 2.784574 0.030000 2.808009 0.030000 7.286569 0.030000 7.118002 0.030000 7.201287 0.030000 7.380016 0.030000
3.103448 0.030000 2.731458 0.030000 3.077670 0.030000 3.394495 0.030000 2.753077 0.030000 2.747280 0.030000 7.263581 0.030000 7.098735 0.030000 7.191098 0.030000 7.394314 0.030000
3.104492 0.030000 2.763508 0.030000 3.071111 0.030000 3.400115 0.030000 2.713849 0.030000 2.836913 0.030000 7.280888 0.030000 7.105928 0.030000 6.866252 0.150000 7.405569 0.030000
3.175393 0.030000 2.805250 0.030000 3.022501 0.030000 3.347490 0.030000 2.734670 0.030000 2.730807 0.030000 7.293063 0.030000 7.172059 0.030000 7.186835 0.030000 7.341757 0.030000
3.198844 0.030000 2.837880 0.030000 3.041395 0.030000 3.683509 0.150000 2.741540 0.030000 2.699433 0.030000 7.274241 0.030000 7.215704 0.150000 7.156686 0.030000 7.338545 0.030000
3.208045 0.030000 2.806237 0.030000 3.039324 0.030000 3.233681 0.030000 2.795048 0.030000 2.742535 0.030000 7.330943 0.030000 7.174190 0.030000 7.213255 0.030000 7.350434 0.030000
3.248792 0.030000 3.027270 0.150000 3.001805 0.030000 3.266952 0.030000 2.716039 0.030000 2.713016 0.030000 7.319333 0.030000 7.173014 0.030000 7.150955 0.030000 7.310092 0.030000
3.717576 0.150000 2.956681 0.030000 2.940401 0.030000 3.219886 0.030000 2.738910 0.030000 2.732861 0.030000 7.279878 0.030000 7.158202 0.030000 7.114484 0.030000 7.733375 0.150000
3.263468 0.030000 2.938416 0.030000 2.883973 0.030000 3.227358 0.030000 2.815884 0.030000 2.748529 0.030000 7.483881 0.150000 7.226507 0.030000 7.139105 0.030000 7.311718 0.030000
3.312839 0.030000 2.935804 0.030000 2.854134 0.030000 3.234606 0.030000 2.719577 0.030000 2.775975 0.030000 7.404015 0.030000 7.228113 0.030000 7.110891 0.030000 7.295810 0.030000
3.376944 0.030000 3.027790 0.030000 2.817317 0.030000 3.137721 0.030000 2.778576 0.030000 2.760421 0.030000 7.331082 0.030000 7.603351 0.150000 7.142804 0.030000 7.267526 0.030000
3.615737 0.150000 3.469652 0.150000 2.813101 0.030000 3.111936 0.030000 2.751082 0.030000 2.455146 0.150000 7.401883 0.030000 7.257489 0.030000 7.125959 0.030000 7.272842 0.030000
3.390020 0.030000 3.063857 0.030000 2.788642 0.030000 3.083457 0.030000 2.802023 0.030000 2.681216 0.030000 7.396835 0.030000 7.241492 0.030000 7.101276 0.030000 7.223715 0.030000
3.455990 0.030000 3.125385 0.030000 2.745455 0.030000 3.091364 0.030000 2.748176 0.030000 3.013858 0.150000 7.417885 0.030000 7.251956 0.030000 7.099876 0.030000 7.616349 0.150000
3.483604 0.030000 3.169554 0.030000 2.656197 0.030000 3.025138 0.030000 2.895644 0.150000 2.757172 0.030000 7.515982 0.030000 7.276921 0.030000 7.078905 0.030000 7.234231 0.030000
3.477283 0.030000 3.806424 0.150000 2.722256 0.030000 3.064103 0.030000 2.690952 0.150000 2.696232 0.030000 7.478415 0.030000 7.251099 0.030000 7.099948 0.030000 7.173423 0.030000
3.486632 0.030000 3.181064 0.030000 3.454361 0.150000 2.862300 0.150000 3.309856 0.150000 2.686708 0.030000 7.420564 0.030000 7.272352 0.030000 7.052350 0.030000 7.162060 0.030000
3.543299 0.030000 3.197161 0.030000 2.601392 0.030000 2.957243 0.030000 2.799660 0.030000 2.787941 0.030000 7.518170 0.030000 7.301656 0.030000 7.055967 0.030000 7.183713 0.030000
3.607481 0.030000 3.265054 0.030000 2.540070 0.030000 2.851968 0.150000 2.746002 0.030000 2.753611 0.030000 7.544166 0.030000 7.341835 0.030000 7.047398 0.030000 7.219187 0.030000
3.624399 0.030000 4.337510 0.150000 2.562972 0.030000 2.910252 0.030000 2.786820 0.030000 2.748930 0.030000 7.464316 0.030000 7.332021 0.030000 7.057570 0.030000 7.199812 0.030000
3.647533 0.030000 3.303696 0.030000 2.539798 0.030000 2.866652 0.030000 2.845391 0.030000 2.762926 0.030000 7.488300 0.030000 7.381653 0.030000 7.078706 0.030000 7.184062 0.150000
3.609696 0.030000 3.403798 0.030000 2.474209 0.030000 2.827279 0.030000 2.776669 0.030000 2.754371 0.030000 7.526773 0.030000 7.406937 0.030000 6.976719 0.030000 7.081855 0.030000
3.681797 0.030000 3.336334 0.030000 2.479265 0.030000 2.855714 0.030000 2.787054 0.030000 2.959421 0.150000 7.558443 0.030000 7.396414 0.030000 7.054472 0.030000 7.089129 0.030000
3.724028 0.030000 3.445398 0.030000 2.471056 0.030000 2.857252 0.030000 2.864370 0.030000 2.779785 0.030000 7.528827 0.030000 7.389934 0.030000 7.031366 0.030000 7.143733 0.030000
3.748896 0.030000 3.413756 0.030000 3.037925 0.150000 2.772889 0.030000 2.861216 0.030000 2.762450 0.030000 7.600664 0.030000 7.401907 0.030000 6.998870 0.030000 7.103079 0.030000
3.820208 0.030000 3.474971 0.030000 2.375052 0.030000 2.703921 0.030000 2.827336 0.030000 2.743647 0.030000 7.570098 0.030000 7.417483 0.030000 6.999377 0.030000 7.101375 0.030000
3.821663 0.030000 3.476465 0.030000 2.381561 0.030000 2.735175 0.030000 2.829065 0.030000 2.759548 0.030000 7.568752 0.030000 7.474675 0.030000 6.970238 0.030000 8.655910 0.150000
3.836701 0.030000 3.462788 0.030000 2.338281 0.030000 2.687634 0.030000 2.870569 0.030000 2.850020 0.030000 7.654139 0.030000 7.431848 0.030000 7.246735 0.150000 7.096832 0.030000
3.911353 0.030000 3.610200 0.030000 2.202248 0.150000 2.675363 0.030000 2.832713 0.030000 2.759687 0.030000 7.632534 0.030000 7.421500 0.030000 6.972078 0.030000 8.449173 0.150000
5.167141 0.150000 3.519415 0.030000 2.301648 0.030000 3.134407 0.150000 2.823132 0.030000 2.718678 0.030000 7.660550 0.030000 7.424848 0.150000 6.892212 0.030000 7.010753 0.030000
3.973812 0.030000 3.572756 0.030000 2.249647 0.030000 2.551647 0.030000 2.806269 0.030000 2.794126 0.030000 7.800306 0.150000 7.504406 0.030000 6.934118 0.030000 7.021315 0.030000
3.982002 0.030000 3.814180 0.150000 2.155315 0.030000 2.569748 0.030000 3.182743 0.150000 2.812605 0.030000 7.644436 0.030000 7.501536 0.030000 6.912460 0.030000 7.003926 0.030000
4.073118 0.030000 3.606640 0.030000 2.257000 0.030000 2.478229 0.030000 2.867755 0.030000 2.800089 0.030000 7.728366 0.030000 7.510296 0.030000 6.929414 0.030000 6.996270 0.030000
3.977943 0.030000 3.714282 0.030000 2.166977 0.030000 2.529086 0.030000 2.939631 0.030000 2.778090 0.030000 7.723781 0.030000 7.520181 0.030000 6.857455 0.030000 6.976944 0.030000
4.021931 0.150000 3.704134 0.030000 2.120836 0.030000 2.429978 0.030000 2.914152 0.030000 2.791854 0.030000 7.703766 0.030000 7.555788 0.030000 6.861549 0.030000 7.023052 0.030000
4.095371 0.030000 3.809507 0.150000 2.112891 0.030000 2.618554 0.150000 2.926451 0.030000 2.818611 0.030000 7.794087 0.030000 8.717761 0.150000 6.907965 0.030000 6.971604 0.030000
4.103741 0.030000 3.750707 0.030000 2.116984 0.030000 2.414464 0.030000 2.964498 0.030000 2.791646 0.030000 7.751607 0.030000 7.581177 0.030000 6.854028 0.030000 6.928815 0.030000
4.133363 0.030000 3.795202 0.030000 2.028257 0.030000 2.339544 0.030000 2.924823 0.030000 2.813873 0.030000 7.778079 0.030000 7.652167 0.030000 6.816956 0.030000 6.924755 0.030000
4.221666 0.030000 3.838493 0.030000 2.055127 0.150000 2.326005 0.030000 2.973983 0.030000 2.832139 0.030000 7.819898 0.030000 7.653353 0.030000 6.846385 0.030000 7.002052 0.030000
4.449472 0.150000 3.864217 0.030000 1.973400 0.030000 2.317015 0.030000 2.953860 0.030000 2.852890 0.030000 7.773396 0.030000 7.662557 0.030000 6.861091 0.150000 6.948361 0.030000
4.246014 0.030000 3.913619 0.030000 1.979385 0.030000 2.258153 0.030000 2.988155 0.030000 2.854911 0.030000 7.825298 0.030000 7.610832 0.030000 6.872503 0.030000 6.926390 0.030000
4.321594 0.030000 3.930147 0.030000 1.970165 0.030000 2.292856 0.030000 3.152847 0.150000 2.869480 0.030000 7.815059 0.030000 7.621291 0.030000 6.838397 0.030000 6.927536 0.030000
4.261072 0.030000 3.956434 0.030000 1.864453 0.030000 2.234637 0.030000 3.019145 0.030000 2.875353 0.030000 7.968674 0.150000 7.707427 0.030000 6.764521 0.030000 6.966617 0.030000
4.332787 0.030000 3.961270 0.030000 1.930272 0.030000 2.210719 0.030000 3.032804 0.030000 2.945708 0.030000 7.919319 0.030000 7.666730 0.030000 6.789715 0.030000 6.899821 0.030000
4.315016 0.030000 4.041278 0.030000 1.865644 0.030000 2.215335 0.030000 2.973490 0.030000 2.861986 0.030000 7.965256 0.150000 7.720135 0.030000 6.755283 0.030000 6.853731 0.030000
4.391459 0.030000 4.061649 0.030000 1.803454 0.030000 2.129891 0.030000 3.100342 0.030000 2.937404 0.030000 7.929527 0.030000 7.718199 0.030000 6.819387 0.030000 7.151606 0.150000
4.410609 0.030000 4.045099 0.030000 1.775618 0.030000 2.086718 0.030000 3.015510 0.030000 2.904785 0.030000 7.944599 0.030000 7.754565 0.030000 6.806270 0.030000 6.933174 0.030000
4.423134 0.030000 4.119734 0.030000 1.826959 0.030000 2.121578 0.030000 3.062711 0.030000 2.922497 0.030000 7.943783 0.030000 7.803181 0.030000 6.858945 0.150000 7.215834 0.150000
4.498912 0.030000 4.127023 0.030000 1.800963 0.030000 2.020122 0.030000 3.076276 0.030000 2.924015 0.030000 7.765043 0.150000 7.716149 0.030000 6.767750 0.030000 6.916410 0.030000
4.412979 0.030000 4.163162 0.030000 1.753358 0.030000 2.113961 0.030000 3.087347 0.030000 2.974213 0.030000 7.987220 0.030000 7.802389 0.030000 6.737761 0.030000 7.071732 0.150000
4.730575 0.150000 4.189808 0.030000 1.783777 0.150000 2.017109 0.030000 3.115858 0.030000 2.942582 0.030000 8.005821 0.030000 7.802131 0.030000 6.766737 0.030000 6.809731 0.030000
4.518254 0.030000 4.277594 0.030000 1.657984 0.030000 1.989193 0.030000 3.138779 0.030000 2.977525 0.030000 8.012806 0.030000 7.806816 0.030000 6.733639 0.030000 6.822316 0.030000
4.588359 0.030000 4.229145 0.030000 1.634510 0.030000 1.954376 0.030000 3.102018 0.030000 2.964088 0.030000 8.032463 0.030000 7.807150 0.030000 6.764741 0.030000 6.820093 0.030000
4.595593 0.030000 4.419989 0.150000 1.619830 0.030000 1.989192 0.030000 3.113633 0.030000 3.018884 0.030000 8.085853 0.030000 7.787484 0.030000 6.731716 0.030000 6.751838 0.030000
4.646410 0.030000 4.255282 0.150000 1.647479 0.030000 1.875504 0.030000 3.104785 0.030000 3.256409 0.150000 8.041090 0.030000 7.846641 0.030000 6.750695 0.030000 6.821233 0.030000
4.688460 0.030000 4.378261 0.030000 1.723796 0.150000 2.106137 0.150000 3.212168 0.030000 3.035271 0.030000 8.055763 0.030000 7.895309 0.030000 6.726576 0.030000 6.762605 0.030000
4.697928 0.030000 4.296409 0.030000 1.503111 0.030000 1.910919 0.030000 3.202278 0.030000 2.985762 0.030000 8.070144 0.030000 7.813533 0.030000 6.727818 0.030000 6.820071 0.030000
4.708041 0.030000 4.447729 0.030000 1.538592 0.030000 1.835443 0.030000 3.187194 0.030000 3.075331 0.150000 8.121243 0.030000 7.901185 0.030000 6.684899 0.030000 6.752771 0.030000
4.670006 0.030000 4.397711 0.030000 1.519410 0.030000 1.809311 0.030000 3.238465 0.150000 3.686839 0.150000 8.362633 0.150000 7.940337 0.030000 6.686784 0.030000 6.788509 0.030000
4.779940 0.030000 4.412154 0.030000 1.677631 0.150000 1.822560 0.030000 3.243737 0.030000 3.040601 0.030000 8.135975 0.150000 7.962565 0.030000 6.719983 0.030000 6.783391 0.030000
4.797793 0.030000 4.413476 0.030000 1.465212 0.030000 1.819819 0.030000 3.269014 0.030000 3.060963 0.030000 8.123530 0.030000 7.970669 0.030000 6.716292 0.030000 6.754502 0.030000
4.765979 0.030000 4.459773 0.030000 1.820881 0.150000 1.712007 0.030000 3.239632 0.030000 3.061666 0.030000 8.128285 0.030000 7.934935 0.030000 6.724970 0.030000 6.790205 0.030000
4.845526 0.030000 4.488157 0.030000 1.433431 0.030000 2.243460 0.150000 3.185561 0.030000 3.038481 0.030000 8.134884 0.030000 7.966639 0.030000 6.689284 0.030000 6.800151 0.030000
4.861786 0.030000 4.440789 0.030000 1.621679 0.150000 1.709545 0.030000 3.266908 0.030000 3.383638 0.150000 8.201850 0.030000 7.970498 0.030000 6.707699 0.030000 6.708933 0.150000
4.885464 0.030000 4.524135 0.030000 1.369783 0.030000 1.651135 0.030000 3.284138 0.030000 3.068417 0.030000 8.183814 0.030000 7.989332 0.030000 6.742200 0.150000 6.738162 0.030000
4.890809 0.030000 4.543451 0.030000 1.400648 0.030000 1.670185 0.030000 3.239700 0.030000 3.109079 0.030000 8.176212 0.030000 7.970356 0.030000 7.506289 0.150000 6.780716 0.030000
4.930682 0.030000 4.511783 0.030000 1.276351 0.150000 1.698606 0.030000 3.297954 0.030000 3.112538 0.030000 8.183683 0.030000 8.019882 0.030000 6.772006 0.150000 6.774662 0.030000
4.952093 0.030000 4.532179 0.030000 1.317414 0.030000 1.680647 0.030000 3.275256 0.030000 3.112434 0.030000 8.239009 0.030000 8.010385 0.030000 6.701202 0.030000 6.763420 0.030000
4.868183 0.030000 4.616347 0.030000 1.332545 0.030000 1.681565 0.030000 3.303834 0.030000 3.129776 0.030000 8.221405 0.030000 8.037402 0.030000 6.655759 0.030000 6.772567 0.030000
4.893178 0.030000 4.626961 0.150000 1.314087 0.030000 1.605556 0.030000 3.300415 0.030000 3.126271 0.030000 8.199256 0.030000 8.049317 0.030000 6.671186 0.030000 8.357593 0.150000
5.010470 0.030000 4.631728 0.030000 1.312848 0.030000 1.636046 0.030000 3.334341 0.030000 3.128084 0.030000 8.212262 0.030000 8.062500 0.030000 6.680251 0.030000 6.735463 0.030000
4.979746 0.030000 4.664793 0.030000 1.269371 0.030000 1.543596 0.030000 3.360268 0.030000 3.155276 0.030000 8.254541 0.030000 8.051298 0.030000 6.672484 0.030000 6.763750 0.030000
4.978272 0.030000 4.661772 0.030000 1.300973 0.030000 1.860771 0.150000 3.541464 0.150000 3.192648 0.030000 8.254603 0.030000 8.448958 0.150000 6.633831 0.030000 6.744459 0.030000
4.971376 0.030000 4.691597 0.030000 1.569463 0.150000 1.524783 0.030000 3.349388 0.030000 3.240292 0.030000 8.280100 0.030000 8.079560 0.030000 6.639557 0.030000 6.680622 0.030000
5.023352 0.030000 4.698193 0.030000 1.240969 0.030000 1.567266 0.030000 3.351277 0.030000 3.167253 0.030000 8.291331 0.030000 8.080325 0.030000 6.682758 0.030000 6.682812 0.030000
4.975126 0.030000 4.711675 0.030000 1.254411 0.030000 1.484667 0.030000 3.401906 0.030000 3.151092 0.030000 8.259824 0.030000 8.097431 0.030000 6.698994 0.030000 6.737651 0.030000
5.006425 0.030000 4.722413 0.030000 1.220354 0.030000 1.515398 0.030000 3.378594 0.030000 3.199997 0.030000 8.291551 0.030000 8.126114 0.030000 6.676994 0.030000 6.757997 0.030000
5.122086 0.030000 4.708811 0.030000 1.210054 0.030000 1.500439 0.030000 3.375511 0.030000 3.221904 0.030000 8.283546 0.030000 8.145470 0.030000 6.643020 0.030000 6.708156 0.030000
5.106406 0.030000 4.756170 0.030000 1.197974 0.030000 1.493366 0.030000 3.622758 0.150000 3.190580 0.030000 8.289216 0.030000 8.331107 0.150000 6.618762 0.030000 6.742536 0.030000
5.091126 0.030000 4.689968 0.030000 1.239912 0.030000 1.494101 0.030000 3.443930 0.030000 3.154918 0.030000 8.290897 0.030000 8.060227 0.030000 6.668721 0.030000 6.928931 0.150000
5.121850 0.030000 4.734921 0.030000 1.199193 0.030000 1.499918 0.030000 3.399448 0.030000 3.295702 0.150000 8.301424 0.030000 8.092648 0.030000 6.655555 0.030000 6.646305 0.030000
5.090392 0.030000 4.772063 0.030000 1.146056 0.030000 2.100641 0.150000 3.410475 0.030000 3.217819 0.030000 9.328706 0.150000 8.090825 0.030000 6.635885 0.030000 6.709106 0.030000
5.329986 0.150000 5.119841 0.150000 1.142942 0.030000 1.436345 0.030000 3.432977 0.030000 3.267957 0.030000 8.368252 0.030000 8.125604 0.030000 7.338081 0.150000 6.739074 0.030000
5.115362 0.030000 4.762506 0.030000 1.129209 0.030000 1.501195 0.030000 3.508121 0.030000 3.207096 0.030000 8.383042 0.030000 8.181066 0.030000 6.679143 0.030000 6.699631 0.030000
5.157709 0.030000 4.784981 0.030000 1.059454 0.030000 1.436076 0.030000 3.433491 0.030000 3.696642 0.150000 8.231071 0.150000 8.136477 0.030000 6.570112 0.030000 6.704362 0.030000
5.299665 0.150000 4.807189 0.030000 1.152797 0.030000 1.420245 0.030000 3.462545 0.030000 3.709635 0.150000 8.343662 0.030000 8.100601 0.030000 6.624518 0.030000 6.695893 0.030000
5.178605 0.030000 4.801138 0.030000 1.188160 0.030000 1.430054 0.030000 3.479591 0.030000 3.515583 0.150000 8.369243 0.030000 8.121381 0.030000 6.626183 0.030000 6.744295 0.030000
5.139210 0.030000 4.919486 0.030000 1.115841 0.030000 1.386770 0.030000 3.412602 0.030000 3.279441 0.030000 8.384721 0.030000 8.168716 0.030000 6.653937 0.030000 6.691776 0.030000
5.165436 0.030000 4.864209 0.030000 1.550552 0.150000 1.441796 0.030000 3.488141 0.030000 3.257447 0.030000 8.602299 0.150000 8.217500 0.030000 6.980942 0.150000 6.674805 0.030000
5.218794 0.030000 4.849166 0.030000 1.145177 0.030000 1.917173 0.150000 3.472135 0.030000 3.246636 0.030000 8.364399 0.030000 8.192025 0.030000 6.688337 0.030000 6.655305 0.030000
5.198969 0.030000 4.889729 0.030000 1.132168 0.030000 2.042424 0.150000 3.488596 0.030000 3.233176 0.030000 8.330336 0.030000 8.165552 0.030000 6.640528 0.030000 6.652652 0.030000
5.208206 0.030000 4.814648 0.030000 1.122196 0.030000 1.430899 0.030000 3.441033 0.030000 3.285310 0.030000 8.372186 0.030000 8.226798 0.030000 6.666327 0.030000 6.689151 0.030000
5.160136 0.030000 4.864752 0.030000 1.090710 0.030000 1.403443 0.030000 3.496189 0.030000 3.281536 0.030000 8.329511 0.030000 8.163132 0.030000 6.594482 0.030000 6.709606 0.030000
5.216639 0.030000 4.845533 0.030000 1.138725 0.030000 1.367075 0.030000 3.452951 0.030000 3.259838 0.030000 8.578826 0.150000 8.256990 0.030000 6.560424 0.030000 6.933363 0.150000
5.868940 0.150000 4.831214 0.030000 1.397032 0.150000 1.375489 0.030000 3.461854 0.030000 3.355433 0.030000 8.317605 0.030000 8.192007 0.030000 6.580422 0.030000 6.703800 0.030000
5.182193 0.030000 4.875183 0.030000 1.119738 0.030000 1.329195 0.030000 3.418138 0.030000 3.308412 0.030000 8.306848 0.030000 8.205519 0.030000 6.595123 0.030000 6.672480 0.030000
5.241774 0.030000 4.911529 0.030000 1.141100 0.030000 1.716484 0.150000 3.400280 0.030000 3.377100 0.030000 8.302598 0.030000 8.256935 0.030000 6.509836 0.030000 6.703621 0.030000
5.308762 0.030000 4.925069 0.030000 1.201342 0.030000 1.425277 0.150000 3.393821 0.030000 3.375007 0.030000 8.318473 0.030000 8.272709 0.030000 6.469898 0.030000 6.751181 0.030000
5.299368 0.030000 4.941602 0.030000 1.211199 0.030000 1.292583 0.030000 3.443043 0.030000 3.410042 0.030000 8.263991 0.030000 8.252540 0.030000 6.510468 0.030000 6.780551 0.030000
5.263592 0.030000 4.874580 0.030000 1.193085 0.030000 1.284886 0.030000 3.416169 0.030000 3.397259 0.030000 8.678379 0.150000 8.307865 0.030000 6.521561 0.030000 6.724194 0.030000
5.269855 0.030000 5.014463 0.030000 1.151150 0.030000 1.235663 0.030000 3.391499 0.030000 3.413919 0.030000 8.314953 0.030000 8.296002 0.030000 6.441799 0.030000 6.709919 0.030000
5.271035 0.150000 5.007008 0.030000 1.213233 0.030000 1.200665 0.030000 3.362946 0.030000 3.386704 0.030000 8.325045 0.030000 8.336807 0.030000 6.428757 0.030000 7.801785 0.150000
5.328528 0.030000 5.015399 0.030000 1.228472 0.030000 1.242903 0.030000 3.361293 0.030000 3.512089 0.030000 8.619606 0.150000 8.334655 0.030000 6.458269 0.030000 6.721863 0.030000
5.060358 0.150000 5.046972 0.030000 2.180013 0.150000 1.180491 0.030000 3.365555 0.030000 3.278312 0.150000 8.210458 0.030000 8.350773 0.030000 6.440197 0.030000 6.707040 0.030000
5.321018 0.030000 5.115459 0.030000 1.320575 0.030000 1.122764 0.030000 3.343130 0.030000 3.456779 0.030000 8.203566 0.030000 8.362052 0.030000 6.358274 0.030000 6.631580 0.030000
5.316191 0.030000 5.092732 0.030000 1.270473 0.030000 1.058189 0.030000 3.337676 0.030000 3.477686 0.030000 8.231153 0.030000 8.351744 0.030000 6.336027 0.030000 6.710791 0.030000
5.321505 0.030000 5.146821 0.030000 1.311794 0.030000 1.168403 0.030000 3.209638 0.030000 3.797384 0.150000 8.221629 0.030000 8.370656 0.030000 6.327819 0.030000 6.652909 0.030000
5.355419 0.030000 5.177259 0.030000 1.248464 0.030000 1.173045 0.030000 3.260063 0.030000 3.396765 0.030000 8.167429 0.030000 8.360402 0.030000 6.306058 0.030000 6.569399 0.030000
5.333791 0.030000 5.191180 0.030000 1.351390 0.030000 1.123084 0.030000 3.267413 0.030000 3.409958 0.030000 8.155853 0.030000 8.330547 0.030000 6.263570 0.030000 6.604142 0.030000
5.343723 0.030000 5.163892 0.030000 1.337608 0.030000 1.171863 0.150000 3.258635 0.030000 3.399606 0.030000 8.362952 0.150000 8.347641 0.030000 6.163291 0.030000 6.526328 0.030000
5.361567 0.030000 5.173842 0.030000 1.368959 0.030000 1.143033 0.030000 3.179606 0.030000 3.378994 0.030000 8.072747 0.030000 8.291625 0.030000 6.116206 0.030000 6.471623 0.030000
5.336769 0.030000 5.242069 0.030000 1.450507 0.030000 1.194210 0.030000 3.124584 0.030000 3.480074 0.030000 8.060817 0.030000 8.304638 0.030000 6.174234 0.030000 6.491331 0.030000
5.330781 0.030000 5.247849 0.030000 1.460160 0.030000 1.142520 0.030000 3.174139 0.030000 3.418547 0.030000 8.048423 0.030000 8.732618 0.150000 6.870187 0.150000 6.524151 0.030000
5.379422 0.030000 5.263535 0.030000 1.491718 0.030000 1.202623 0.030000 3.102471 0.030000 3.365460 0.030000 8.300426 0.150000 8.302074 0.030000 6.087859 0.030000 6.456779 0.030000
5.436369 0.030000 5.302121 0.030000 1.505016 0.030000 1.292968 0.150000 3.132371 0.030000 3.319571 0.030000 7.995999 0.030000 8.432924 0.150000 6.058251 0.030000 6.449310 0.030000
5.363013 0.030000 5.311590 0.030000 1.552652 0.030000 1.282436 0.030000 3.099842 0.030000 3.301012 0.030000 8.013653 0.030000 8.237691 0.030000 6.073736 0.030000 6.437512 0.030000
5.383635 0.030000 5.302800 0.030000 1.559472 0.030000 1.218053 0.030000 3.096356 0.030000 3.306375 0.030000 7.896906 0.030000 8.218707 0.030000 6.003494 0.030000 6.345460 0.030000
5.379222 0.030000 5.326955 0.030000 1.542911 0.030000 1.280005 0.150000 3.308767 0.150000 3.223020 0.030000 7.971245 0.030000 8.223702 0.030000 6.019209 0.030000 6.325413 0.030000
5.863957 0.150000 5.359517 0.030000 1.592460 0.030000 1.366902 0.030000 2.992183 0.030000 3.315618 0.150000 7.879666 0.030000 8.466842 0.150000 5.931496 0.030000 6.344508 0.150000
5.393440 0.030000 5.354594 0.030000 1.610973 0.030000 1.330637 0.030000 3.043424 0.030000 3.200992 0.030000 7.922416 0.030000 8.122650 0.030000 6.481580 0.150000 6.274091 0.030000
5.388425 0.030000 5.374221 0.030000 1.619458 0.030000 1.320773 0.030000 3.078130 0.150000 3.169152 0.030000 7.894104 0.030000 8.131934 0.030000 5.895080 0.030000 6.713177 0.150000
5.407224 0.030000 5.360738 0.030000 1.666986 0.030000 1.377693 0.030000 2.903134 0.030000 3.792214 0.150000 7.883067 0.030000 8.141229 0.030000 5.828552 0.030000 6.225038 0.030000
5.674162 0.150000 5.351208 0.030000 1.674492 0.030000 1.357042 0.030000 2.976699 0.030000 3.166372 0.030000 7.815710 0.030000 8.067741 0.030000 5.830867 0.030000 6.193858 0.030000
5.422376 0.030000 6.357385 0.150000 1.719583 0.030000 1.297009 0.150000 2.909917 0.030000 3.109332 0.030000 7.791743 0.030000 8.085996 0.030000 5.819261 0.030000 6.141256 0.030000
6.027230 0.150000 5.399773 0.030000 1.775109 0.030000 1.523095 0.030000 2.921676 0.030000 3.108811 0.030000 8.793576 0.150000 7.960877 0.030000 5.816850 0.030000 6.109369 0.030000
5.470022 0.030000 5.378163 0.030000 1.798579 0.030000 1.505431 0.030000 2.856512 0.030000 3.049288 0.030000 7.757512 0.030000 7.949943 0.030000 5.710503 0.030000 6.059930 0.030000
5.432601 0.030000 5.355133 0.030000 1.755157 0.030000 2.081164 0.150000 3.205310 0.150000 3.103521 0.030000 7.727212 0.150000 7.994355 0.030000 5.712930 0.030000 6.035422 0.030000
5.506247 0.030000 5.370871 0.030000 1.828238 0.030000 1.497645 0.030000 2.901289 0.030000 3.059349 0.030000 7.632782 0.150000 8.001381 0.030000 5.665815 0.030000 5.978181 0.030000
5.466397 0.030000 5.398799 0.030000 2.142102 0.150000 1.627142 0.150000 2.752180 0.030000 3.101095 0.030000 7.711313 0.030000 7.933467 0.030000 5.648631 0.030000 5.946562 0.030000
5.530271 0.030000 5.391423 0.030000 1.873507 0.030000 1.534065 0.030000 3.339071 0.150000 3.026404 0.030000 7.686393 0.030000 7.876618 0.030000 5.586905 0.030000 5.923636 0.030000
5.474168 0.030000 5.415039 0.030000 1.942044 0.030000 1.637009 0.030000 2.737423 0.030000 3.015258 0.030000 7.643679 0.030000 7.873369 0.030000 5.607155 0.030000 6.489527 0.150000
5.486258 0.030000 5.390141 0.030000 1.980946 0.030000 1.636425 0.030000 2.772977 0.030000 2.967305 0.030000 7.647871 0.030000 8.022485 0.150000 5.523299 0.030000 5.944666 0.030000
5.427581 0.030000 5.343509 0.030000 2.005019 0.030000 1.608487 0.030000 2.655273 0.030000 2.966719 0.030000 7.563234 0.030000 7.843416 0.030000 5.556513 0.030000 5.931809 0.030000
5.505172 0.030000 5.346389 0.030000 2.037291 0.030000 1.681891 0.030000 2.684250 0.030000 2.935677 0.030000 7.536167 0.030000 7.798919 0.030000 5.517328 0.030000 5.872464 0.030000
5.493221 0.030000 5.415277 0.030000 2.001790 0.030000 1.728809 0.030000 2.657744 0.030000 2.948227 0.030000 7.544482 0.030000 7.780364 0.030000 5.507409 0.030000 5.871337 0.030000
5.559219 0.030000 5.392525 0.030000 1.997853 0.030000 1.741254 0.030000 2.641671 0.030000 2.888856 0.030000 7.455251 0.150000 7.773481 0.030000 5.461687 0.030000 5.850506 0.030000
5.609173 0.030000 5.487459 0.030000 2.136118 0.030000 1.718685 0.150000 2.649790 0.030000 2.898510 0.150000 7.528269 0.030000 7.750199 0.030000 5.444675 0.030000 5.803288 0.030000
5.555683 0.030000 5.428577 0.030000 2.109161 0.030000 1.804641 0.030000 2.643186 0.030000 3.497064 0.150000 7.535646 0.030000 7.714216 0.030000 5.385938 0.030000 5.781242 0.030000
5.577683 0.030000 5.418283 0.030000 2.378923 0.150000 2.782833 0.150000 2.664354 0.030000 2.899733 0.030000 7.442094 0.030000 7.729437 0.030000 5.384450 0.030000 5.723317 0.030000
5.552748 0.030000 5.514547 0.030000 2.158972 0.030000 1.805521 0.030000 2.664769 0.030000 2.863525 0.030000 7.456970 0.030000 7.755537 0.030000 5.350600 0.030000 5.702401 0.150000
5.584011 0.030000 5.450347 0.030000 2.132696 0.030000 1.824655 0.030000 2.806833 0.150000 2.833381 0.030000 7.352923 0.030000 7.694535 0.030000 5.272157 0.030000 5.652432 0.030000
5.566030 0.030000 5.444212 0.030000 2.164551 0.030000 1.874509 0.030000 2.642661 0.030000 2.850394 0.030000 7.397103 0.030000 7.656528 0.030000 5.344007 0.030000 5.661755 0.030000
5.607124 0.030000 5.484041 0.030000 2.191631 0.030000 1.877507 0.030000 2.521232 0.030000 2.787755 0.030000 7.354372 0.030000 7.618998 0.030000 5.303372 0.030000 5.651049 0.030000
5.911732 0.150000 5.521466 0.030000 2.144923 0.150000 1.907786 0.030000 2.546007 0.030000 3.098459 0.150000 7.402941 0.030000 7.673157 0.030000 5.312800 0.030000 5.719279 0.030000
5.554336 0.030000 5.454787 0.030000 2.262528 0.030000 1.874171 0.030000 2.555750 0.030000 2.815601 0.030000 7.315660 0.030000 7.647878 0.030000 5.295585 0.030000 5.610103 0.030000
5.649469 0.030000 5.459061 0.030000 2.236874 0.030000 1.939465 0.030000 2.561490 0.030000 2.735127 0.030000 7.387609 0.030000 7.641306 0.030000 5.273056 0.030000 5.576199 0.030000
5.656131 0.030000 5.592947 0.150000 2.227131 0.030000 1.915562 0.030000 2.474992 0.030000 2.704275 0.030000 7.316644 0.030000 7.635854 0.030000 5.286564 0.030000 5.525459 0.030000
5.605372 0.030000 5.513826 0.030000 2.286609 0.030000 1.961095 0.030000 2.543636 0.030000 2.719946 0.030000 7.314041 0.030000 7.627226 0.030000 5.247449 0.030000 5.518756 0.030000
5.629534 0.030000 5.504048 0.030000 2.305335 0.030000 1.967505 0.030000 2.530158 0.030000 2.743736 0.030000 7.970545 0.150000 7.613838 0.030000 5.177321 0.030000 5.521722 0.030000
5.642892 0.030000 5.549512 0.030000 2.321378 0.030000 2.006349 0.030000 3.167664 0.150000 2.737072 0.030000 7.270645 0.030000 7.576353 0.030000 5.211504 0.030000 5.557349 0.030000
5.593951 0.030000 5.499408 0.030000 2.349601 0.030000 2.071901 0.030000 2.500632 0.030000 2.699341 0.030000 7.246445 0.150000 7.567471 0.030000 5.483132 0.150000 5.722834 0.150000
5.609243 0.030000 5.489980 0.030000 2.298579 0.030000 2.028124 0.030000 2.355826 0.150000 2.713711 0.030000 7.311422 0.030000 7.551593 0.030000 5.368217 0.150000 5.495316 0.030000
5.647375 0.030000 5.511823 0.030000 2.381737 0.030000 2.034122 0.030000 2.540597 0.030000 2.671997 0.030000 7.330622 0.030000 7.572396 0.030000 5.154012 0.030000 5.490423 0.030000
5.622761 0.030000 5.502260 0.030000 2.395656 0.030000 2.061107 0.030000 3.058739 0.150000 2.702502 0.030000 7.244411 0.030000 7.558165 0.030000 5.122136 0.030000 5.448978 0.030000
5.667262 0.030000 5.472076 0.030000 2.381780 0.030000 2.088170 0.030000 2.476588 0.030000 2.655699 0.030000 7.255748 0.030000 7.513818 0.030000 5.112519 0.030000 5.430176 0.030000
5.641013 0.030000 5.590342 0.030000 2.374423 0.030000 2.071168 0.030000 2.368715 0.150000 2.626178 0.030000 7.184179 0.030000 7.478391 0.030000 5.087609 0.030000 5.448484 0.030000
6.003979 0.150000 5.514974 0.030000 2.465196 0.150000 2.024767 0.030000 2.403109 0.030000 2.639584 0.030000 7.218035 0.030000 7.435744 0.030000 6.399101 0.150000 5.396301 0.030000
5.654379 0.030000 5.537660 0.030000 2.402272 0.030000 2.141512 0.030000 2.433459 0.030000 2.641251 0.030000 7.193038 0.030000 7.804217 0.150000 5.016051 0.030000 5.416031 0.030000
5.669125 0.030000 7.455765 0.150000 2.458918 0.030000 3.182177 0.150000 2.514710 0.030000 2.695113 0.030000 7.191544 0.030000 7.431750 0.150000 5.046532 0.030000 5.403110 0.030000
5.702333 0.030000 5.589565 0.030000 2.455609 0.030000 2.099536 0.030000 2.448010 0.030000 2.664626 0.030000 7.225887 0.030000 7.499926 0.030000 4.993295 0.030000 5.404433 0.030000
5.984732 0.150000 5.571346 0.030000 2.524197 0.030000 2.135010 0.030000 2.440088 0.030000 2.583120 0.030000 7.192961 0.030000 7.454728 0.030000 5.040592 0.030000 5.345694 0.030000
5.670178 0.030000 5.554424 0.030000 2.425339 0.030000 2.171530 0.030000 2.485253 0.150000 2.604812 0.030000 7.187851 0.030000 7.476899 0.030000 5.087456 0.030000 5.363575 0.030000
5.674344 0.030000 5.603519 0.030000 2.502261 0.030000 2.164925 0.030000 2.409332 0.030000 2.616929 0.030000 7.169021 0.030000 7.433289 0.030000 4.984560 0.030000 5.281778 0.030000
5.694817 0.030000 5.233798 0.150000 2.502700 0.030000 2.207017 0.030000 2.386939 0.030000 2.626829 0.030000 7.118248 0.030000 7.479719 0.030000 4.829183 0.150000 5.297966 0.030000
5.721767 0.030000 5.616740 0.030000 2.496326 0.030000 2.208324 0.030000 2.392059 0.030000 2.599989 0.030000 7.162355 0.030000 7.437574 0.030000 4.981300 0.030000 5.302333 0.030000
5.731557 0.030000 5.543521 0.030000 2.502335 0.030000 2.164547 0.030000 2.411464 0.030000 2.584588 0.030000 7.131088 0.030000 7.408263 0.030000 5.012599 0.030000 5.277222 0.030000
5.673764 0.030000 5.596509 0.030000 2.529991 0.030000 2.301130 0.150000 2.450677 0.030000 2.567012 0.030000 7.169110 0.030000 7.411254 0.030000 4.934853 0.030000 5.288830 0.030000
5.723248 0.030000 5.639880 0.150000 2.596023 0.030000 2.248126 0.030000 2.375547 0.030000 2.600478 0.030000 7.093226 0.030000 7.373444 0.030000 4.962715 0.030000 5.289151 0.030000
5.670752 0.030000 5.565601 0.030000 2.534056 0.030000 2.151472 0.030000 2.420027 0.030000 2.650175 0.030000 7.169970 0.030000 7.672812 0.150000 4.949625 0.030000 5.355886 0.030000
5.715895 0.030000 5.598284 0.030000 2.546144 0.150000 2.187309 0.030000 2.337918 0.030000 2.592463 0.030000 7.144014 0.030000 7.386301 0.030000 4.959291 0.030000 5.329333 0.030000
5.704555 0.030000 5.531975 0.030000 2.491917 0.030000 2.209473 0.030000 2.345727 0.030000 2.558109 0.030000 7.191780 0.030000 7.329004 0.030000 4.930567 0.030000 5.247413 0.030000
5.747511 0.030000 5.654684 0.150000 2.603861 0.030000 2.232995 0.030000 2.375652 0.030000 2.591824 0.030000 7.096472 0.030000 7.500485 0.150000 4.927355 0.030000 5.315068 0.030000
5.724535 0.030000 5.635068 0.030000 3.384828 0.150000 2.208773 0.030000 2.350498 0.030000 2.571981 0.030000 7.101082 0.030000 7.376778 0.030000 4.972674 0.030000 5.455716 0.150000
5.674213 0.030000 5.931437 0.150000 2.570025 0.030000 2.058441 0.150000 2.326551 0.030000 2.590325 0.030000 7.077296 0.030000 7.493280 0.030000 4.917378 0.030000 6.452572 0.150000
5.678237 0.030000 5.678618 0.030000 2.556388 0.030000 2.228901 0.030000 2.277085 0.030000 2.559375 0.030000 7.095209 0.030000 7.342076 0.030000 5.002530 0.150000 5.276573 0.030000
5.687418 0.030000 5.666935 0.030000 2.605315 0.030000 2.224003 0.030000 2.291340 0.030000 3.517792 0.150000 7.080770 0.030000 7.379908 0.030000 4.969152 0.030000 5.286030 0.030000
5.680316 0.030000 5.680854 0.030000 2.661894 0.030000 2.451033 0.150000 2.331978 0.030000 2.572972 0.030000 7.092580 0.150000 7.336860 0.030000 4.960070 0.030000 5.229224 0.030000
5.598051 0.030000 5.883411 0.150000 2.630420 0.030000 2.276950 0.030000 2.799470 0.150000 2.535865 0.030000 6.971874 0.030000 7.789925 0.150000 4.920726 0.030000 5.224609 0.030000
5.656100 0.030000 5.807555 0.150000 2.643882 0.030000 2.283285 0.030000 2.307587 0.030000 2.562061 0.030000 7.016503 0.150000 7.372983 0.030000 4.915256 0.030000 5.340623 0.150000
5.622381 0.030000 5.641680 0.030000 2.621119 0.030000 2.314804 0.030000 2.229715 0.030000 2.611235 0.030000 7.012344 0.030000 7.416310 0.030000 4.969018 0.030000 5.193852 0.030000
5.618787 0.030000 5.653646 0.150000 2.647795 0.030000 2.461667 0.150000 2.326126 0.030000 2.592036 0.150000 6.974719 0.030000 7.808498 0.150000 4.922408 0.030000 5.152100 0.030000
5.611194 0.030000 5.712585 0.030000 2.655327 0.030000 2.840975 0.150000 2.302136 0.150000 2.573745 0.030000 6.926718 0.030000 7.329825 0.030000 4.923354 0.030000 5.155210 0.030000
5.583167 0.030000 5.739395 0.030000 2.698106 0.030000 2.387813 0.030000 2.194720 0.030000 2.498502 0.030000 6.951921 0.030000 7.302647 0.030000 4.883724 0.030000 5.079519 0.030000
5.557416 0.030000 5.721819 0.030000 2.714055 0.030000 2.436875 0.030000 2.147577 0.030000 2.518440 0.030000 6.908086 0.030000 7.271601 0.030000 4.920446 0.030000 5.068223 0.030000
5.557617 0.030000 5.679378 0.030000 2.745909 0.030000 2.478656 0.030000 2.174399 0.030000 2.475169 0.030000 6.878828 0.030000 7.234790 0.030000 4.912062 0.030000 5.035476 0.030000
5.472532 0.030000 5.679761 0.030000 4.142334 0.150000 2.463606 0.030000 2.106923 0.030000 2.386967 0.030000 6.872141 0.030000 7.145727 0.030000 4.932906 0.030000 5.001712 0.030000
5.441380 0.030000 5.713208 0.030000 2.760940 0.030000 2.552662 0.030000 2.054686 0.030000 2.432095 0.030000 6.837657 0.030000 7.201068 0.030000 4.887782 0.030000 4.986412 0.030000
5.474500 0.030000 5.721783 0.030000 2.755130 0.030000 2.547699 0.030000 2.040863 0.030000 2.402418 0.030000 6.860713 0.030000 7.186361 0.030000 4.884512 0.030000 4.962210 0.030000
5.893982 0.150000 5.692343 0.030000 2.776559 0.030000 2.519927 0.030000 1.948854 0.030000 2.297402 0.030000 6.797532 0.030000 7.139352 0.030000 4.865077 0.030000 4.960344 0.030000
5.445335 0.030000 5.687029 0.030000 2.836327 0.150000 3.273817 0.150000 1.998967 0.030000 2.306537 0.030000 6.846293 0.030000 7.156877 0.030000 4.925692 0.030000 4.954643 0.030000
5.410984 0.030000 5.613902 0.030000 2.838122 0.030000 2.596387 0.030000 1.989601 0.030000 2.260818 0.030000 6.723070 0.030000 7.084327 0.030000 4.966544 0.030000 5.527765 0.150000
5.338117 0.030000 5.596543 0.030000 2.818070 0.030000 2.694007 0.030000 1.984321 0.030000 2.298396 0.030000 6.742258 0.030000 7.069932 0.030000 4.966459 0.030000 4.878243 0.030000
5.298141 0.030000 5.611098 0.030000 2.837804 0.030000 2.711717 0.030000 1.914668 0.030000 2.258142 0.030000 6.724278 0.030000 6.947254 0.030000 4.986017 0.030000 4.927513 0.030000
5.292485 0.030000 5.629523 0.030000 2.808697 0.030000 2.691430 0.030000 1.910018 0.030000 2.247783 0.030000 6.728538 0.030000 6.965603 0.030000 4.990049 0.030000 4.875771 0.030000
5.276510 0.030000 5.568442 0.030000 2.861809 0.030000 2.687989 0.030000 1.803275 0.030000 2.118286 0.030000 6.758581 0.030000 7.002393 0.030000 4.978406 0.030000 4.903174 0.030000
5.277232 0.030000 5.591347 0.030000 2.890897 0.030000 2.706474 0.030000 1.824612 0.030000 2.188281 0.030000 6.653751 0.030000 6.923762 0.030000 5.019745 0.030000 4.901991 0.150000
5.211010 0.030000 5.556062 0.030000 2.911960 0.030000 2.730582 0.030000 2.050858 0.150000 2.115328 0.030000 6.678041 0.030000 6.865847 0.030000 5.016251 0.030000 4.979525 0.030000
5.604452 0.150000 5.511446 0.030000 2.870133 0.030000 4.219902 0.150000 1.765154 0.030000 2.776974 0.150000 6.582620 0.030000 6.881318 0.030000 5.046552 0.030000 4.924727 0.030000
5.193419 0.030000 5.432736 0.030000 2.898565 0.030000 2.687604 0.030000 1.793982 0.030000 2.133682 0.030000 6.621308 0.030000 6.761990 0.030000 5.012476 0.030000 4.909093 0.030000
5.152476 0.030000 5.447818 0.030000 2.783951 0.150000 2.779361 0.030000 1.744936 0.030000 2.027259 0.030000 6.957077 0.150000 6.847919 0.030000 5.027037 0.030000 4.985070 0.030000
5.105434 0.030000 5.380119 0.030000 3.066667 0.150000 2.767781 0.030000 1.697186 0.030000 2.027694 0.030000 6.594575 0.030000 6.854181 0.030000 5.031654 0.030000 4.891051 0.030000
5.098462 0.030000 5.431831 0.030000 2.970520 0.030000 2.812912 0.030000 1.740410 0.030000 2.019263 0.030000 6.531147 0.030000 6.780999 0.030000 5.061754 0.030000 4.962799 0.030000
5.054636 0.030000 5.397481 0.030000 3.000959 0.030000 2.787804 0.030000 1.692010 0.030000 1.968984 0.030000 6.510406 0.030000 6.754286 0.030000 5.052245 0.030000 4.896724 0.030000
5.044869 0.030000 5.362276 0.030000 3.002549 0.030000 2.803830 0.030000 1.677428 0.030000 2.435415 0.150000 6.492416 0.030000 6.735330 0.030000 5.027909 0.030000 4.961749 0.030000
5.010096 0.030000 5.303220 0.030000 2.975416 0.030000 2.809074 0.030000 1.872596 0.150000 1.939429 0.030000 6.473021 0.030000 6.716609 0.030000 5.087385 0.030000 4.963280 0.030000
4.953863 0.030000 5.296139 0.030000 3.036157 0.030000 2.851954 0.030000 1.693802 0.150000 1.867703 0.030000 7.200007 0.150000 6.651174 0.030000 5.091652 0.030000 4.960472 0.030000
4.975349 0.030000 5.255720 0.030000 3.050968 0.030000 2.803529 0.030000 1.586339 0.030000 1.883445 0.030000 6.635731 0.150000 6.703620 0.030000 5.144420 0.030000 5.387525 0.150000
4.905161 0.030000 6.073820 0.150000 2.948721 0.150000 2.873942 0.030000 1.556767 0.030000 1.848090 0.030000 6.429232 0.030000 6.676654 0.030000 5.073642 0.030000 4.934432 0.030000
4.929792 0.030000 5.254954 0.030000 3.079483 0.030000 2.886687 0.030000 1.538067 0.030000 1.823293 0.030000 6.397569 0.030000 6.848540 0.150000 5.103386 0.030000 5.520441 0.150000
4.908857 0.030000 5.168680 0.030000 3.105190 0.030000 2.924517 0.030000 1.476458 0.030000 1.790653 0.030000 6.386008 0.030000 6.630812 0.030000 5.177548 0.030000 5.031930 0.030000
4.883795 0.030000 5.147815 0.150000 3.090270 0.030000 2.922115 0.030000 1.489001 0.030000 1.787665 0.030000 6.369047 0.030000 6.572746 0.030000 5.166480 0.030000 5.227945 0.150000
4.780614 0.030000 5.072851 0.150000 3.124610 0.030000 2.941811 0.030000 1.452402 0.030000 1.704573 0.030000 6.355141 0.030000 6.543440 0.030000 5.108609 0.030000 5.051518 0.030000
4.837001 0.030000 5.104411 0.030000 3.130964 0.030000 2.965399 0.030000 1.452496 0.030000 1.720021 0.030000 6.295576 0.030000 7.229716 0.150000 5.175364 0.030000 5.017664 0.030000
4.734839 0.030000 5.089011 0.030000 3.156070 0.030000 2.973573 0.030000 1.345478 0.030000 1.654789 0.030000 6.659818 0.150000 6.528597 0.030000 5.214310 0.030000 5.057249 0.030000
4.824706 0.030000 5.040371 0.030000 3.206423 0.030000 2.951205 0.030000 1.404749 0.030000 1.657182 0.030000 7.336087 0.150000 6.513581 0.030000 5.151359 0.030000 5.080859 0.030000
4.689029 0.030000 6.255618 0.150000 3.180729 0.030000 3.008657 0.030000 1.370592 0.030000 1.657196 0.030000 6.247633 0.030000 6.487018 0.030000 5.176631 0.030000 5.106885 0.150000
4.718931 0.030000 5.011238 0.030000 3.248281 0.030000 3.029210 0.030000 1.349995 0.030000 1.658981 0.030000 6.251568 0.030000 6.548578 0.030000 5.196497 0.150000 5.062908 0.030000
4.660275 0.030000 4.987273 0.030000 3.274266 0.030000 3.007572 0.030000 1.305771 0.030000 1.599067 0.030000 6.229852 0.030000 6.461479 0.030000 5.217927 0.030000 5.100897 0.030000
4.648555 0.030000 4.995391 0.030000 3.224157 0.030000 2.971136 0.030000 2.002959 0.150000 2.085253 0.150000 6.210517 0.030000 6.459516 0.030000 5.195765 0.030000 5.029734 0.030000
4.608918 0.030000 4.946951 0.030000 3.267801 0.030000 3.108834 0.030000 1.259980 0.030000 1.528506 0.030000 6.163520 0.030000 6.409397 0.030000 5.216669 0.030000 5.058579 0.030000
4.649567 0.030000 4.923417 0.030000 3.306471 0.030000 3.078875 0.030000 1.268304 0.030000 1.468319 0.030000 6.180152 0.030000 6.334640 0.030000 5.303925 0.030000 5.128784 0.030000
4.609980 0.030000 4.831380 0.030000 3.273801 0.030000 3.105566 0.030000 1.276742 0.030000 1.477123 0.030000 6.135186 0.030000 6.347646 0.030000 5.278421 0.030000 5.130735 0.030000
4.527849 0.030000 4.892813 0.030000 3.288668 0.030000 3.091584 0.030000 1.199073 0.030000 1.521736 0.030000 6.088389 0.030000 6.298393 0.030000 5.319295 0.030000 5.180855 0.030000
4.532206 0.030000 4.810498 0.030000 3.363576 0.030000 3.116953 0.030000 1.182162 0.030000 1.349318 0.150000 6.136177 0.030000 6.330468 0.030000 5.267874 0.030000 5.123185 0.030000
4.482532 0.030000 4.802911 0.030000 3.388603 0.030000 3.148247 0.030000 1.189334 0.030000 1.713124 0.150000 6.091900 0.030000 6.252239 0.030000 5.320406 0.030000 5.205641 0.030000
4.443443 0.030000 4.783370 0.030000 3.406652 0.030000 3.170317 0.030000 1.198693 0.030000 1.419695 0.030000 6.074816 0.030000 6.276554 0.030000 5.313968 0.030000 5.118572 0.030000
4.488853 0.030000 4.688722 0.030000 3.438622 0.030000 3.181771 0.030000 1.195251 0.030000 1.677502 0.150000 6.045263 0.030000 6.262921 0.030000 5.434723 0.150000 5.246674 0.030000
4.465316 0.030000 4.662604 0.030000 3.444187 0.030000 3.204874 0.030000 1.140419 0.030000 1.348548 0.030000 6.059167 0.030000 6.265286 0.030000 5.372719 0.030000 5.236736 0.030000
4.376168 0.030000 4.727014 0.030000 3.483276 0.030000 3.247273 0.030000 1.116139 0.030000 1.309603 0.030000 6.008727 0.030000 6.275495 0.030000 5.365201 0.030000 5.699378 0.150000
4.412304 0.030000 4.721267 0.030000 3.513087 0.030000 3.259857 0.030000 1.088580 0.030000 1.301722 0.030000 5.970124 0.030000 6.211976 0.030000 5.319853 0.030000 5.183649 0.030000
4.343956 0.030000 4.567565 0.030000 3.527513 0.030000 3.183786 0.030000 1.056991 0.030000 1.315660 0.030000 5.987598 0.030000 6.225272 0.030000 5.380450 0.030000 5.254172 0.030000
4.311028 0.030000 4.576306 0.030000 3.540558 0.030000 3.304980 0.030000 1.091460 0.030000 1.321438 0.030000 5.938056 0.030000 6.805027 0.150000 5.421027 0.030000 5.243138 0.030000
4.262985 0.030000 4.619796 0.030000 3.565178 0.030000 3.291265 0.030000 1.069417 0.030000 1.258964 0.030000 5.930797 0.030000 6.124178 0.030000 5.436855 0.030000 5.227033 0.030000
4.259464 0.030000 4.586903 0.030000 3.599927 0.030000 3.335099 0.030000 1.056007 0.030000 1.218357 0.030000 5.976811 0.030000 6.136306 0.030000 5.411833 0.030000 5.291647 0.030000
4.223404 0.030000 4.475496 0.030000 3.919345 0.150000 3.343499 0.030000 1.083420 0.030000 1.259934 0.030000 6.061598 0.150000 6.638656 0.150000 5.439234 0.030000 5.275437 0.030000
4.276609 0.030000 4.534461 0.030000 3.599114 0.030000 3.398901 0.030000 1.134777 0.150000 1.239522 0.030000 5.884686 0.030000 6.150077 0.030000 5.451795 0.030000 5.760688 0.150000
4.205254 0.030000 4.452377 0.030000 3.637974 0.030000 3.405199 0.030000 1.034778 0.030000 1.183140 0.030000 5.876651 0.030000 6.027157 0.030000 5.488619 0.030000 5.487759 0.150000
4.553938 0.150000 4.457642 0.030000 3.643621 0.030000 3.404903 0.030000 0.972802 0.030000 1.156934 0.030000 5.890244 0.030000 6.089507 0.030000 5.506576 0.030000 5.358051 0.030000
4.187983 0.030000 4.502069 0.030000 3.696210 0.030000 3.447001 0.030000 0.986399 0.030000 1.145540 0.030000 6.025000 0.150000 6.086983 0.030000 5.491241 0.030000 5.381590 0.030000
4.179512 0.030000 4.372073 0.030000 3.723738 0.030000 3.456971 0.030000 0.963455 0.030000 1.145764 0.030000 5.802765 0.030000 5.976795 0.030000 5.527133 0.030000 5.299055 0.030000
4.112095 0.150000 4.374949 0.030000 3.694149 0.030000 3.414223 0.030000 0.944143 0.030000 1.075780 0.030000 5.784409 0.030000 6.049900 0.030000 5.535453 0.030000 5.354175 0.030000
4.112298 0.030000 4.429379 0.030000 3.799458 0.030000 3.552678 0.030000 0.925113 0.030000 1.108770 0.030000 5.804725 0.030000 6.006737 0.030000 5.527602 0.030000 5.342717 0.030000
4.042917 0.030000 4.361076 0.030000 3.783019 0.030000 3.876120 0.150000 0.932205 0.030000 1.069703 0.030000 5.774930 0.030000 6.013583 0.030000 5.584095 0.030000 5.353043 0.030000
4.073453 0.030000 4.352780 0.030000 3.770061 0.030000 3.505478 0.030000 0.937167 0.030000 1.081315 0.030000 5.721355 0.030000 5.900611 0.030000 5.551833 0.030000 5.362674 0.030000
4.032595 0.030000 4.296281 0.030000 3.812848 0.030000 3.573298 0.030000 0.949142 0.030000 1.039777 0.030000 6.414635 0.150000 5.950030 0.030000 5.553357 0.030000 5.414793 0.030000
3.997366 0.030000 4.318230 0.030000 3.934032 0.030000 3.585686 0.030000 1.076255 0.150000 1.087412 0.030000 5.729395 0.030000 5.910327 0.030000 5.984597 0.150000 5.432361 0.030000
3.981215 0.030000 4.274526 0.030000 3.881399 0.030000 3.638139 0.030000 1.236786 0.150000 1.067796 0.030000 5.678712 0.030000 5.911211 0.030000 5.694315 0.030000 5.383124 0.030000
3.951110 0.030000 4.232002 0.030000 3.866632 0.030000 3.601481 0.030000 0.902489 0.030000 0.989600 0.030000 5.689855 0.030000 5.895637 0.030000 5.649359 0.030000 5.512603 0.030000
3.944658 0.030000 4.189829 0.030000 3.917809 0.030000 3.624227 0.030000 0.939662 0.030000 1.401906 0.150000 5.638553 0.030000 5.904995 0.030000 5.635172 0.030000 5.477030 0.030000
3.906909 0.030000 4.160789 0.030000 4.488044 0.150000 3.653657 0.030000 0.969588 0.030000 0.932390 0.030000 5.676982 0.030000 5.819170 0.030000 5.611573 0.030000 5.463428 0.030000
3.900463 0.030000 4.213580 0.030000 3.931283 0.030000 3.709465 0.030000 1.025037 0.150000 0.936804 0.030000 5.657566 0.030000 5.829923 0.030000 5.690439 0.030000 5.512383 0.030000
3.792600 0.030000 4.202204 0.030000 3.981255 0.030000 3.749304 0.030000 0.952071 0.030000 0.990023 0.030000 5.584893 0.030000 5.846445 0.030000 5.678577 0.030000 5.525784 0.030000
3.881992 0.030000 4.155889 0.030000 4.027597 0.030000 3.705433 0.030000 0.983356 0.030000 0.944135 0.030000 5.622039 0.030000 5.800358 0.030000 5.666588 0.030000 5.519523 0.030000
3.884935 0.030000 4.510442 0.150000 3.874078 0.150000 3.688199 0.030000 0.975632 0.030000 0.976449 0.030000 5.600962 0.030000 5.814427 0.030000 5.692202 0.030000 5.815974 0.150000
3.841942 0.030000 4.099096 0.030000 4.064907 0.030000 3.838832 0.030000 1.272425 0.150000 0.966688 0.030000 5.605290 0.030000 5.704716 0.030000 5.749321 0.030000 5.548586 0.030000
3.767883 0.030000 3.998910 0.030000 4.064353 0.030000 3.828070 0.030000 0.979957 0.030000 1.019749 0.030000 5.565131 0.030000 5.775478 0.030000 5.786799 0.030000 5.601000 0.030000
3.697921 0.030000 3.990966 0.030000 4.109087 0.030000 4.008166 0.150000 1.008862 0.030000 0.966679 0.030000 5.524527 0.030000 5.731339 0.030000 5.733446 0.030000 5.600653 0.030000
4.016150 0.150000 4.002062 0.030000 4.143284 0.030000 3.897679 0.030000 1.370967 0.150000 0.999269 0.030000 5.517437 0.030000 5.713291 0.030000 5.868536 0.030000 5.622477 0.030000
3.679983 0.030000 4.002367 0.030000 4.141378 0.030000 3.867128 0.030000 0.943881 0.030000 0.958677 0.030000 5.511192 0.030000 6.025431 0.150000 5.761098 0.030000 5.631866 0.030000
3.704647 0.030000 3.961675 0.030000 4.244431 0.030000 3.898233 0.030000 0.968131 0.030000 0.964675 0.030000 5.590197 0.030000 6.176603 0.150000 5.810175 0.030000 5.627633 0.030000
3.679159 0.030000 3.951064 0.030000 4.234742 0.030000 3.884310 0.030000 0.996027 0.030000 0.934358 0.030000 5.419642 0.030000 5.681390 0.030000 5.864224 0.030000 5.627914 0.030000
3.611475 0.030000 3.932051 0.030000 4.856314 0.150000 4.016285 0.030000 0.985385 0.030000 0.917436 0.030000 5.422721 0.030000 5.621367 0.030000 5.888135 0.030000 5.666090 0.030000
3.616407 0.030000 3.896980 0.030000 4.196669 0.030000 3.999448 0.030000 0.976429 0.030000 0.942994 0.030000 5.483030 0.030000 5.663709 0.030000 5.844514 0.030000 6.232784 0.150000
3.598509 0.030000 3.847071 0.150000 4.307113 0.030000 4.022844 0.030000 1.005052 0.030000 0.917412 0.030000 5.461824 0.030000 5.657568 0.030000 5.903364 0.030000 5.686646 0.030000
3.591482 0.030000 3.841896 0.030000 4.315865 0.030000 4.022907 0.030000 1.090871 0.030000 0.886443 0.030000 5.448657 0.030000 5.634814 0.030000 5.947668 0.030000 5.706476 0.030000
3.554854 0.150000 3.795984 0.030000 4.337596 0.030000 4.023354 0.030000 1.059401 0.030000 0.927578 0.030000 5.405699 0.030000 5.577009 0.030000 5.941999 0.030000 5.752432 0.030000
3.492139 0.030000 3.773517 0.030000 5.487947 0.150000 4.033943 0.030000 1.081463 0.030000 0.961714 0.030000 5.424366 0.030000 5.572054 0.030000 5.930781 0.030000 5.772946 0.030000
3.534837 0.030000 3.790412 0.030000 4.333854 0.030000 4.149426 0.030000 1.071019 0.030000 0.981478 0.030000 5.403007 0.030000 5.560107 0.030000 5.930074 0.030000 5.731448 0.030000
3.439170 0.030000 3.764793 0.030000 4.418609 0.030000 4.324193 0.150000 1.092147 0.030000 0.957662 0.030000 5.399547 0.030000 5.497425 0.030000 5.989285 0.030000 5.766134 0.030000
3.470220 0.030000 3.767093 0.030000 4.407798 0.030000 4.407200 0.150000 1.138722 0.030000 0.975954 0.030000 5.343782 0.030000 5.498922 0.030000 5.953996 0.030000 5.817200 0.030000
3.500271 0.030000 3.768772 0.030000 4.448983 0.030000 4.182777 0.030000 1.129217 0.030000 1.004797 0.030000 5.315855 0.030000 5.540431 0.030000 5.975543 0.030000 5.820184 0.030000
3.483601 0.030000 3.733814 0.030000 4.467476 0.030000 4.251494 0.030000 1.157914 0.030000 1.269053 0.150000 5.324756 0.030000 5.496763 0.030000 6.022518 0.030000 5.814036 0.030000
3.429193 0.030000 3.673840 0.030000 4.484224 0.030000 4.162092 0.030000 1.111001 0.030000 0.951861 0.030000 5.329034 0.030000 5.497048 0.030000 6.046690 0.030000 5.840968 0.030000
3.406376 0.030000 3.671317 0.030000 4.443546 0.030000 4.220539 0.030000 1.160567 0.030000 1.007668 0.030000 5.292345 0.030000 5.445598 0.030000 6.006246 0.150000 5.907145 0.030000
3.366891 0.030000 3.615016 0.030000 4.588255 0.030000 4.240893 0.030000 1.232759 0.030000 1.039032 0.030000 5.264812 0.030000 5.435147 0.030000 6.116831 0.030000 5.895555 0.030000
3.390439 0.030000 3.613788 0.030000 4.561184 0.030000 4.250890 0.030000 1.213954 0.030000 1.058452 0.030000 5.246568 0.030000 5.426324 0.030000 6.107516 0.030000 6.100404 0.150000
3.375416 0.030000 3.604826 0.030000 4.590683 0.030000 4.226932 0.150000 1.204765 0.030000 1.104065 0.030000 5.261853 0.030000 5.432662 0.030000 6.151060 0.030000 5.967022 0.030000
3.334374 0.030000 3.940296 0.150000 4.611000 0.030000 4.297413 0.030000 1.262908 0.030000 1.104315 0.030000 5.265366 0.030000 5.386693 0.030000 6.172724 0.030000 6.670308 0.150000
3.751010 0.150000 3.545425 0.030000 4.664381 0.030000 4.373675 0.030000 1.301599 0.030000 1.039417 0.030000 5.245022 0.030000 5.362674 0.030000 6.166505 0.030000 5.928763 0.030000
3.348758 0.030000 3.546183 0.030000 4.611648 0.030000 4.404433 0.030000 1.311274 0.030000 1.289658 0.150000 5.244780 0.030000 5.382186 0.030000 6.185163 0.030000 5.948952 0.030000
3.223658 0.030000 3.418789 0.030000 4.710743 0.030000 4.389850 0.030000 1.316583 0.030000 1.120693 0.030000 5.189932 0.030000 5.340617 0.030000 6.211135 0.030000 5.965575 0.030000
3.272041 0.030000 3.454479 0.030000 4.748553 0.030000 4.399922 0.030000 1.300588 0.030000 1.125524 0.030000 5.235847 0.030000 5.422624 0.150000 6.194267 0.030000 5.948897 0.030000
3.260676 0.030000 3.468266 0.030000 4.770522 0.030000 4.483714 0.030000 1.619674 0.150000 1.170612 0.030000 5.178484 0.030000 5.313466 0.030000 6.224072 0.030000 6.030082 0.030000
3.181500 0.030000 3.476729 0.030000 4.761399 0.030000 4.639180 0.150000 1.366672 0.030000 1.987441 0.150000 5.120485 0.150000 5.361071 0.030000 6.267090 0.030000 6.055864 0.030000
3.194073 0.030000 3.432831 0.030000 4.819697 0.030000 4.465342 0.030000 1.382277 0.030000 1.125184 0.030000 5.124548 0.030000 5.293823 0.030000 6.966678 0.150000 6.055113 0.030000
3.168184 0.030000 3.392352 0.030000 4.785210 0.030000 4.558032 0.030000 1.402605 0.030000 1.203078 0.030000 5.153111 0.030000 5.282924 0.030000 6.296364 0.030000 6.069593 0.030000
3.150075 0.030000 3.412401 0.030000 4.916463 0.030000 4.489134 0.030000 1.514791 0.150000 1.230082 0.030000 5.136604 0.030000 5.304709 0.030000 6.251829 0.030000 6.071978 0.030000
3.173223 0.030000 3.341183 0.030000 4.867139 0.030000 4.580891 0.030000 1.499877 0.030000 1.488903 0.150000 5.134930 0.030000 5.233649 0.030000 6.309213 0.030000 6.265080 0.150000
3.723391 0.150000 3.345324 0.030000 4.871817 0.030000 4.597080 0.030000 1.498359 0.030000 1.292447 0.030000 5.092808 0.030000 5.239621 0.030000 6.363800 0.030000 6.116981 0.030000
3.161889 0.030000 3.322195 0.030000 4.954014 0.030000 4.596187 0.030000 1.585752 0.150000 1.265359 0.030000 5.125960 0.030000 5.258468 0.030000 6.352557 0.030000 6.118260 0.030000
3.092136 0.030000 3.305924 0.030000 4.977099 0.030000 4.690404 0.030000 1.571550 0.030000 1.298816 0.030000 5.064187 0.030000 5.194266 0.030000 6.353511 0.030000 6.165868 0.030000
3.122946 0.030000 3.354653 0.030000 5.005770 0.030000 4.742024 0.030000 1.586719 0.030000 1.827504 0.150000 5.830448 0.150000 5.241073 0.030000 6.471148 0.030000 6.178611 0.030000
3.080645 0.030000 3.268365 0.030000 5.022334 0.030000 4.726052 0.030000 1.666240 0.150000 1.352823 0.030000 5.063793 0.030000 5.207169 0.030000 6.462278 0.030000 6.143023 0.030000
3.027818 0.030000 3.234716 0.030000 5.048366 0.030000 4.725220 0.030000 1.626809 0.030000 1.386577 0.030000 5.022961 0.030000 5.199290 0.030000 6.445526 0.030000 6.264027 0.030000
3.030010 0.030000 3.266487 0.030000 5.032105 0.030000 4.910655 0.150000 1.584290 0.030000 1.370116 0.030000 5.017006 0.030000 5.157815 0.030000 6.623110 0.150000 6.216659 0.030000
3.031084 0.030000 3.229546 0.030000 5.331577 0.150000 4.785837 0.030000 1.704245 0.030000 1.376617 0.030000 5.032547 0.030000 5.109667 0.030000 6.455036 0.030000 6.257061 0.030000
3.012127 0.030000 3.202342 0.030000 5.085933 0.030000 4.845277 0.030000 1.669265 0.030000 2.325224 0.150000 5.027757 0.030000 5.603635 0.150000 6.520350 0.030000 6.244618 0.030000
2.963434 0.030000 3.154880 0.030000 5.112059 0.030000 4.854100 0.030000 1.698968 0.030000 1.406090 0.030000 5.041690 0.030000 5.127269 0.030000 6.481949 0.150000 6.295675 0.030000
3.002416 0.030000 3.200500 0.030000 5.201629 0.030000 4.886224 0.030000 1.692924 0.030000 1.412467 0.150000 5.032917 0.030000 5.082886 0.030000 6.574979 0.030000 6.371385 0.030000
2.959959 0.030000 3.171821 0.030000 5.189838 0.030000 4.905540 0.030000 1.818944 0.030000 1.463716 0.030000 5.008170 0.030000 5.165231 0.150000 6.890521 0.150000 6.360345 0.030000
2.907390 0.030000 3.146362 0.030000 5.150367 0.150000 4.913613 0.030000 1.824421 0.030000 1.515824 0.030000 4.966177 0.030000 5.140790 0.030000 6.536299 0.030000 6.416050 0.030000
2.967704 0.030000 3.086533 0.030000 5.254432 0.030000 5.318022 0.150000 1.850574 0.030000 1.528269 0.030000 4.998539 0.030000 5.094333 0.030000 6.682262 0.030000 6.353928 0.030000
2.937176 0.030000 3.098180 0.030000 5.254016 0.030000 4.954902 0.030000 1.874348 0.030000 1.549959 0.030000 4.976013 0.030000 5.077803 0.030000 6.644518 0.030000 6.355717 0.030000
2.885299 0.030000 3.072582 0.030000 5.284673 0.030000 5.022332 0.030000 1.910256 0.030000 1.598238 0.030000 4.971255 0.030000 5.111476 0.030000 6.698956 0.030000 6.483205 0.150000
2.889755 0.030000 3.070801 0.030000 5.282980 0.030000 4.983614 0.030000 1.870783 0.030000 1.610637 0.030000 4.960811 0.030000 5.067284 0.030000 6.696127 0.030000 6.383817 0.030000
3.104498 0.150000 3.079593 0.030000 5.347112 0.030000 4.963548 0.030000 1.902599 0.030000 1.643260 0.030000 4.992404 0.030000 5.052392 0.030000 6.651238 0.030000 6.441874 0.030000
2.860351 0.030000 3.995417 0.150000 5.368989 0.030000 5.081650 0.030000 1.921777 0.030000 1.698193 0.030000 4.905708 0.030000 5.261392 0.150000 6.697022 0.030000 6.514530 0.030000
2.899579 0.030000 3.023788 0.030000 5.431255 0.030000 5.036093 0.030000 1.958667 0.030000 1.627473 0.030000 4.944613 0.150000 5.035841 0.030000 6.692883 0.030000 6.475526 0.030000
2.871365 0.030000 3.032811 0.030000 5.426772 0.030000 5.086923 0.030000 1.997482 0.030000 1.645764 0.030000 4.913634 0.030000 5.028009 0.030000 6.745075 0.030000 6.438361 0.030000
2.852743 0.030000 3.030970 0.030000 5.336343 0.030000 5.101809 0.030000 2.020733 0.030000 1.713931 0.030000 4.940023 0.030000 5.021558 0.030000 6.736670 0.030000 6.512130 0.030000
2.826261 0.030000 3.018842 0.030000 5.410474 0.030000 5.120609 0.030000 2.045105 0.030000 1.710095 0.030000 4.943463 0.030000 5.070468 0.030000 6.669304 0.030000 6.462164 0.030000
2.851022 0.030000 2.991982 0.030000 5.402743 0.030000 5.110225 0.030000 2.012567 0.030000 1.665736 0.030000 4.928153 0.030000 5.048114 0.030000 6.798124 0.030000 6.484657 0.030000
2.834581 0.030000 3.034092 0.030000 5.481725 0.150000 5.184452 0.030000 2.081097 0.030000 1.729326 0.030000 4.924135 0.030000 5.039292 0.030000 6.729216 0.030000 6.518168 0.030000
2.841122 0.030000 2.952493 0.030000 5.464052 0.030000 5.115668 0.030000 1.935450 0.030000 1.609943 0.150000 4.939166 0.030000 5.381461 0.150000 6.844496 0.030000 6.600823 0.030000
2.807095 0.030000 2.956246 0.030000 5.505700 0.030000 5.199442 0.030000 2.048735 0.030000 1.794173 0.030000 4.883623 0.030000 4.993769 0.030000 6.866976 0.150000 6.627802 0.030000
2.796037 0.030000 2.925046 0.030000 5.480576 0.030000 5.196902 0.030000 2.082633 0.030000 1.813741 0.030000 4.896056 0.030000 5.047325 0.030000 6.856843 0.030000 6.574006 0.030000
2.757071 0.030000 2.929379 0.030000 5.501119 0.030000 5.420979 0.150000 2.141443 0.030000 1.833226 0.030000 4.906691 0.030000 5.000418 0.030000 6.790473 0.030000 6.586407 0.030000
2.865023 0.030000 2.935514 0.030000 5.546420 0.030000 5.214070 0.030000 2.154957 0.030000 1.785935 0.030000 4.896261 0.030000 4.994840 0.030000 6.923724 0.030000 6.565423 0.030000
2.818664 0.030000 2.977360 0.030000 5.611980 0.030000 5.239144 0.030000 2.150993 0.030000 2.163931 0.150000 4.884552 0.030000 4.990354 0.030000 6.805720 0.030000 6.622447 0.030000
2.778605 0.030000 2.946291 0.030000 5.603784 0.030000 5.556228 0.150000 2.130661 0.030000 1.876623 0.030000 4.879002 0.030000 4.971532 0.030000 6.848128 0.030000 6.612388 0.030000
2.740443 0.150000 2.877484 0.030000 5.569149 0.030000 5.181365 0.030000 2.137016 0.030000 1.825394 0.030000 4.896423 0.030000 5.048898 0.150000 6.951262 0.030000 6.634306 0.030000
2.730640 0.030000 2.874723 0.030000 6.526308 0.150000 5.253090 0.030000 2.220786 0.030000 1.917099 0.030000 4.893012 0.030000 4.971163 0.030000 6.871733 0.030000 6.661983 0.030000
2.796996 0.030000 2.902776 0.030000 5.609091 0.030000 5.299847 0.030000 2.201760 0.030000 1.873666 0.030000 4.872684 0.030000 4.993833 0.030000 6.905373 0.030000 6.590517 0.030000
2.964355 0.150000 2.912765 0.030000 5.579811 0.030000 5.312178 0.030000 2.150693 0.030000 1.909337 0.030000 4.817401 0.030000 4.949969 0.030000 6.876798 0.030000 6.669021 0.030000
2.754301 0.030000 2.894277 0.030000 5.613335 0.030000 5.366907 0.030000 2.237759 0.030000 1.882056 0.030000 4.865276 0.030000 4.947059 0.030000 6.755662 0.150000 6.655787 0.030000
2.747091 0.030000 2.916305 0.030000 5.671837 0.030000 5.317439 0.030000 2.261015 0.030000 1.919127 0.030000 4.847813 0.030000 5.084861 0.150000 6.984481 0.030000 6.740981 0.150000
3.728346 0.150000 2.862523 0.030000 5.584535 0.030000 5.325733 0.030000 2.267551 0.030000 1.939628 0.030000 4.840633 0.030000 4.884191 0.030000 6.861009 0.030000 7.054931 0.150000
2.715736 0.030000 2.847895 0.030000 5.658984 0.030000 5.392214 0.030000 2.262628 0.030000 1.960131 0.030000 4.884550 0.030000 4.941858 0.030000 6.945445 0.030000 6.678793 0.030000
2.768843 0.030000 2.839295 0.030000 5.666256 0.030000 5.407772 0.030000 2.260605 0.030000 1.962133 0.030000 4.830768 0.030000 4.973314 0.030000 6.891995 0.030000 6.694398 0.030000
2.637011 0.150000 3.369944 0.150000 5.669581 0.030000 5.382953 0.030000 2.284218 0.030000 1.936928 0.030000 4.835838 0.030000 4.961800 0.030000 6.942822 0.030000 6.717495 0.030000
2.724311 0.030000 2.906545 0.030000 5.727058 0.030000 5.333543 0.030000 2.320200 0.030000 1.967090 0.030000 4.836970 0.030000 4.935353 0.030000 6.934614 0.030000 6.741146 0.030000
2.771748 0.030000 2.928033 0.030000 5.714445 0.030000 5.439266 0.030000 2.342755 0.030000 1.963632 0.030000 4.853704 0.030000 4.952684 0.030000 7.445560 0.150000 6.686825 0.030000
2.709581 0.030000 2.850160 0.030000 5.720692 0.030000 5.686636 0.150000 2.328930 0.030000 1.993099 0.030000 4.868923 0.030000 4.961594 0.030000 6.951800 0.030000 6.766283 0.030000
3.042843 0.150000 2.861890 0.030000 5.718772 0.030000 5.637249 0.150000 2.317493 0.030000 2.114867 0.150000 4.841292 0.030000 4.967220 0.030000 6.988845 0.030000 6.689457 0.030000
2.717087 0.030000 2.811255 0.030000 5.705163 0.030000 5.451646 0.030000 2.371724 0.030000 1.931219 0.030000 4.861223 0.030000 4.977642 0.030000 7.355340 0.150000 6.755808 0.030000
2.923776 0.150000 2.896197 0.030000 5.783243 0.030000 5.418115 0.030000 2.295034 0.030000 1.980881 0.030000 5.257667 0.150000 4.875137 0.030000 6.942169 0.030000 6.685136 0.030000
2.765957 0.030000 2.795628 0.030000 6.212263 0.150000 5.430480 0.030000 2.297090 0.030000 2.039287 0.030000 4.811632 0.030000 4.913321 0.030000 6.991092 0.030000 6.761274 0.030000
2.578322 0.150000 2.834346 0.030000 5.780233 0.030000 5.436515 0.030000 2.365203 0.030000 2.014596 0.030000 4.796685 0.030000 4.959159 0.030000 7.054031 0.030000 6.728423 0.030000
2.764900 0.030000 2.835790 0.030000 6.583427 0.150000 5.403654 0.030000 2.355406 0.030000 2.068490 0.030000 4.757349 0.030000 4.983361 0.030000 7.211435 0.150000 6.764827 0.030000
2.815758 0.150000 2.855677 0.030000 5.760853 0.030000 5.500317 0.030000 2.358218 0.030000 2.025186 0.030000 4.844639 0.030000 4.963879 0.030000 6.992295 0.030000 6.767831 0.030000
2.737392 0.030000 2.806262 0.030000 5.784159 0.030000 5.410594 0.030000 2.236371 0.030000 2.105547 0.030000 4.800170 0.030000 5.000106 0.030000 6.995779 0.030000 6.799756 0.030000
3.734324 0.150000 2.838960 0.030000 5.817262 0.030000 5.463808 0.030000 2.371467 0.030000 2.079776 0.030000 4.799143 0.030000 4.971476 0.030000 7.004751 0.030000 6.859659 0.030000
2.734697 0.030000 2.809752 0.030000 5.793705 0.030000 5.503643 0.030000 2.381085 0.030000 2.060716 0.030000 4.793786 0.030000 4.890769 0.030000 7.017152 0.030000 6.827343 0.030000
2.788592 0.030000 2.790632 0.030000 5.815080 0.030000 5.493604 0.030000 2.347111 0.030000 2.064868 0.030000 4.741463 0.030000 4.970959 0.030000 7.051476 0.030000 6.801860 0.030000
2.868592 0.030000 2.809469 0.030000 5.795060 0.030000 5.508807 0.030000 2.403089 0.030000 2.196338 0.150000 4.691998 0.030000 5.004318 0.030000 7.009705 0.030000 6.847433 0.030000
2.802515 0.030000 2.732932 0.030000 5.859414 0.030000 5.504148 0.150000 2.396148 0.150000 2.156829 0.030000 4.745277 0.030000 4.910908 0.030000 6.983750 0.030000 6.798333 0.030000
2.819367 0.030000 2.722252 0.030000 5.888828 0.030000 5.498755 0.030000 2.367317 0.030000 2.149647 0.030000 4.699832 0.030000 4.902454 0.030000 6.980137 0.030000 6.931099 0.030000
2.919768 0.030000 3.098475 0.150000 5.871538 0.030000 5.532612 0.030000 2.345329 0.030000 2.227641 0.030000 4.792180 0.150000 4.945204 0.030000 7.023210 0.030000 6.915210 0.030000
2.845087 0.030000 2.769619 0.030000 5.932390 0.030000 5.602416 0.030000 2.391428 0.030000 2.195692 0.030000 4.703262 0.030000 4.896787 0.030000 7.020200 0.030000 6.881665 0.030000
2.947608 0.030000 2.721694 0.030000 5.940213 0.030000 5.601760 0.030000 2.358710 0.030000 2.203694 0.030000 4.654931 0.030000 4.884749 0.030000 6.919254 0.030000 6.948269 0.030000
2.890771 0.030000 2.708313 0.030000 5.987626 0.030000 5.571969 0.030000 2.310524 0.030000 2.290251 0.030000 4.590676 0.030000 4.924694 0.030000 6.963643 0.030000 6.903469 0.030000
2.973071 0.030000 2.664644 0.030000 5.975771 0.030000 5.651344 0.030000 2.320317 0.030000 2.232358 0.030000 5.041577 0.150000 4.886712 0.030000 6.899581 0.030000 6.934243 0.030000
2.949554 0.030000 2.737454 0.030000 5.979889 0.030000 5.717777 0.030000 2.291857 0.030000 2.221265 0.030000 4.695802 0.150000 4.846920 0.030000 6.878390 0.030000 6.982919 0.030000
3.043388 0.030000 2.744846 0.030000 6.002545 0.030000 5.673939 0.030000 2.325900 0.150000 2.283862 0.030000 4.561609 0.030000 4.829847 0.030000 6.849864 0.030000 6.979894 0.030000
2.969294 0.030000 2.735461 0.030000 6.003335 0.030000 5.805857 0.030000 2.322147 0.030000 2.289403 0.030000 4.473947 0.030000 4.864886 0.030000 6.883998 0.030000 6.985300 0.030000
3.017205 0.030000 2.821992 0.030000 6.075655 0.030000 5.779226 0.030000 2.352630 0.030000 2.414205 0.150000 4.453816 0.030000 4.787659 0.030000 6.835177 0.030000 6.990259 0.030000
3.029553 0.030000 2.843701 0.030000 6.054537 0.030000 5.801167 0.030000 2.592532 0.150000 2.344055 0.030000 4.463033 0.030000 5.104826 0.150000 6.868352 0.030000 7.004951 0.030000
3.523957 0.150000 2.745388 0.030000 6.067272 0.030000 5.807398 0.030000 2.257117 0.030000 2.347371 0.030000 4.375406 0.030000 4.706963 0.150000 7.056757 0.150000 7.400896 0.150000
3.148853 0.030000 3.187523 0.150000 6.066611 0.030000 5.921130 0.030000 2.307188 0.030000 2.332233 0.030000 4.333149 0.030000 4.713139 0.030000 6.756007 0.030000 7.224847 0.150000
3.191257 0.030000 2.826664 0.030000 6.060184 0.030000 5.864531 0.030000 2.279635 0.030000 2.338095 0.030000 4.308974 0.030000 4.643443 0.030000 6.762220 0.030000 6.943818 0.030000
3.172584 0.030000 2.893989 0.030000 6.063707 0.030000 5.920501 0.030000 2.247275 0.030000 2.346089 0.030000 4.276237 0.030000 4.657903 0.030000 6.743707 0.030000 6.649647 0.150000
3.208200 0.030000 2.942280 0.030000 6.072948 0.030000 5.890851 0.030000 2.280522 0.030000 2.293390 0.030000 4.234490 0.030000 4.647553 0.030000 6.766027 0.030000 6.862807 0.030000
3.267182 0.030000 2.976281 0.030000 6.113033 0.030000 5.979080 0.030000 2.262647 0.030000 2.971666 0.150000 4.215480 0.030000 4.582387 0.030000 6.743336 0.030000 6.831033 0.030000
3.247327 0.030000 2.988748 0.030000 6.122362 0.030000 5.894275 0.030000 2.277561 0.030000 2.378486 0.030000 4.184233 0.030000 4.581287 0.030000 6.694563 0.030000 6.937762 0.030000
3.335325 0.030000 3.398350 0.150000 6.113715 0.030000 6.146386 0.150000 2.234251 0.030000 2.354081 0.030000 4.168966 0.030000 4.593684 0.030000 6.683270 0.030000 6.858594 0.030000
3.361387 0.030000 3.055674 0.030000 6.165551 0.030000 5.956322 0.030000 2.260643 0.030000 2.070002 0.150000 4.093645 0.030000 4.486320 0.030000 6.614353 0.030000 6.846966 0.030000
3.347932 0.030000 3.065891 0.030000 6.166969 0.030000 5.957683 0.030000 2.252345 0.030000 2.333611 0.030000 4.105434 0.030000 4.529181 0.030000 6.604877 0.030000 6.831613 0.030000
3.386644 0.030000 3.119076 0.030000 6.230796 0.030000 5.990575 0.030000 2.290540 0.030000 2.313529 0.030000 4.077320 0.030000 4.447024 0.030000 6.621318 0.030000 6.831262 0.030000
3.448872 0.030000 3.112334 0.030000 6.258761 0.030000 5.994130 0.030000 2.307903 0.030000 2.355526 0.030000 4.054418 0.030000 4.379732 0.030000 6.601463 0.030000 6.783460 0.030000
3.458655 0.030000 3.163887 0.030000 6.239897 0.030000 6.062106 0.030000 2.248492 0.030000 2.276601 0.030000 4.041941 0.030000 4.404432 0.030000 6.608561 0.030000 7.622561 0.150000
3.469906 0.030000 3.079538 0.030000 6.185501 0.030000 6.121062 0.030000 2.270987 0.030000 2.345423 0.030000 3.990748 0.030000 4.370324 0.030000 6.710406 0.150000 6.799368 0.030000
3.534082 0.030000 3.149648 0.030000 6.277059 0.030000 6.349254 0.150000 2.307119 0.030000 2.159927 0.150000 3.962479 0.030000 4.358673 0.030000 6.519721 0.030000 6.728470 0.030000
3.651382 0.150000 3.224638 0.030000 6.311548 0.030000 6.091132 0.030000 2.720906 0.150000 2.255601 0.030000 3.983690 0.030000 4.323127 0.030000 6.580642 0.030000 6.703872 0.030000
3.568876 0.030000 3.237762 0.030000 6.346931 0.030000 6.141629 0.030000 2.234073 0.030000 2.323367 0.030000 4.072111 0.150000 4.266507 0.030000 6.521119 0.030000 6.713959 0.030000
3.613017 0.030000 3.267598 0.030000 6.300793 0.030000 6.126039 0.030000 2.285465 0.030000 2.272482 0.030000 3.947516 0.030000 4.233464 0.030000 6.475565 0.030000 6.731568 0.030000
3.621856 0.030000 3.328263 0.030000 6.246908 0.030000 6.183380 0.030000 2.282731 0.030000 2.300637 0.030000 3.851663 0.030000 4.474949 0.150000 6.475804 0.030000 6.713514 0.030000
4.293254 0.150000 3.334249 0.030000 6.319966 0.030000 6.136771 0.030000 2.346124 0.030000 2.272479 0.030000 3.811984 0.030000 4.238096 0.030000 6.485654 0.030000 6.670170 0.030000
3.734322 0.030000 3.358175 0.030000 7.109337 0.150000 6.113637 0.030000 2.242210 0.030000 2.241121 0.030000 3.766366 0.030000 4.553995 0.150000 6.451700 0.030000 6.634552 0.030000
3.749807 0.030000 3.398473 0.030000 6.372650 0.030000 6.180498 0.030000 2.263296 0.030000 2.293798 0.030000 3.748719 0.030000 4.319008 0.150000 6.377432 0.030000 6.533805 0.150000
3.762110 0.030000 3.455759 0.030000 6.428868 0.030000 6.196500 0.030000 2.527671 0.150000 2.282029 0.030000 3.775312 0.030000 4.080783 0.030000 6.366869 0.030000 6.562490 0.030000
3.794931 0.030000 3.723583 0.150000 6.417378 0.030000 6.200247 0.030000 2.301258 0.030000 2.260584 0.030000 3.736580 0.030000 4.087636 0.030000 6.388133 0.030000 6.596193 0.030000
3.861961 0.030000 3.490764 0.030000 6.452416 0.030000 6.314841 0.030000 2.336131 0.030000 2.211017 0.030000 3.674677 0.030000 3.977122 0.030000 6.399311 0.030000 6.542536 0.030000
3.863223 0.030000 4.223177 0.150000 6.432109 0.030000 6.237138 0.030000 2.289485 0.030000 2.250599 0.030000 3.685659 0.030000 3.948677 0.030000 6.429343 0.030000 6.534817 0.030000
3.871067 0.030000 3.515822 0.030000 6.452419 0.030000 6.222664 0.030000 2.333252 0.030000 2.311789 0.030000 3.671174 0.030000 4.070471 0.150000 6.357787 0.030000 6.558445 0.030000
3.918276 0.030000 3.568438 0.030000 6.512848 0.030000 6.293994 0.030000 2.283113 0.030000 2.276919 0.030000 3.606688 0.030000 3.939890 0.030000 6.645682 0.150000 6.479832 0.030000
3.921524 0.030000 3.538605 0.030000 6.480895 0.030000 6.296277 0.030000 2.245878 0.030000 2.278520 0.030000 3.587385 0.030000 3.907487 0.030000 6.322501 0.030000 6.724054 0.150000
3.928877 0.030000 3.612773 0.030000 6.509042 0.030000 6.606743 0.150000 2.356257 0.030000 2.429993 0.150000 3.601433 0.030000 3.903643 0.030000 6.322311 0.030000 6.492762 0.030000
3.987256 0.030000 3.613200 0.030000 6.775973 0.150000 6.327430 0.030000 2.551601 0.150000 2.241342 0.150000 3.525010 0.030000 3.864293 0.030000 6.324457 0.030000 6.496045 0.030000
3.976983 0.030000 3.671876 0.030000 6.540325 0.030000 6.293199 0.030000 2.315773 0.030000 2.222536 0.030000 3.518174 0.030000 3.878773 0.030000 6.309328 0.030000 6.477550 0.030000
3.977609 0.030000 4.022955 0.150000 6.598352 0.030000 6.321258 0.030000 2.273317 0.030000 2.873783 0.150000 3.529755 0.030000 3.825783 0.030000 6.307189 0.030000 6.501428 0.030000
4.032296 0.030000 3.704972 0.030000 6.534568 0.030000 6.321328 0.030000 2.315910 0.030000 2.323516 0.030000 3.459269 0.030000 3.831192 0.030000 6.253074 0.030000 6.463067 0.030000
4.022710 0.030000 3.798930 0.150000 6.539894 0.030000 6.408142 0.030000 2.368045 0.030000 2.269166 0.030000 3.438245 0.030000 3.748334 0.030000 6.226465 0.030000 6.438755 0.030000
4.109730 0.030000 3.760232 0.030000 6.604260 0.030000 6.323687 0.030000 2.356107 0.030000 2.514759 0.150000 3.398782 0.030000 3.819616 0.030000 6.273946 0.030000 6.527215 0.030000
4.090647 0.030000 3.790960 0.030000 6.603807 0.030000 6.377074 0.030000 2.296847 0.030000 2.292329 0.030000 3.364537 0.030000 3.742545 0.030000 6.287622 0.030000 6.414985 0.030000
4.044773 0.030000 3.822451 0.030000 6.568842 0.030000 6.418740 0.030000 2.281096 0.030000 2.314056 0.030000 3.329251 0.030000 3.756546 0.030000 6.261632 0.030000 6.417360 0.030000
4.110093 0.030000 3.782666 0.030000 6.635324 0.030000 6.410515 0.030000 2.356801 0.030000 2.290828 0.030000 3.377748 0.030000 3.690827 0.030000 6.167366 0.030000 6.437486 0.030000
4.121730 0.030000 3.778156 0.030000 6.788676 0.150000 6.434002 0.030000 2.380778 0.030000 2.303532 0.030000 3.347184 0.030000 3.718303 0.030000 6.244752 0.030000 6.378335 0.030000
4.199225 0.030000 3.818263 0.030000 6.635989 0.030000 6.730070 0.150000 2.414556 0.030000 2.256992 0.030000 3.360403 0.030000 3.683057 0.030000 6.244388 0.030000 6.321606 0.030000
4.200245 0.030000 3.861617 0.030000 6.643002 0.030000 6.433089 0.030000 2.596175 0.150000 2.333840 0.030000 3.272100 0.030000 3.638937 0.030000 6.225635 0.030000 6.411232 0.030000
4.226487 0.030000 3.886403 0.030000 6.687192 0.030000 6.468728 0.030000 2.372115 0.030000 2.266943 0.030000 3.318458 0.030000 3.586065 0.030000 6.212378 0.030000 6.425771 0.030000
4.173153 0.030000 3.903102 0.030000 6.656785 0.030000 6.396719 0.030000 2.377906 0.030000 2.297299 0.030000 3.266862 0.030000 3.641464 0.030000 7.001540 0.150000 6.350831 0.030000
4.254796 0.030000 3.912845 0.030000 6.716603 0.030000 6.524553 0.030000 2.363339 0.030000 2.302139 0.030000 3.247130 0.030000 3.852603 0.150000 6.217773 0.030000 6.502489 0.150000
4.242609 0.030000 3.906295 0.030000 6.732034 0.030000 6.469320 0.030000 2.279891 0.150000 2.338172 0.030000 3.473559 0.150000 3.624209 0.030000 6.183130 0.030000 6.325364 0.030000
4.248683 0.030000 3.904628 0.150000 6.722158 0.030000 6.519486 0.030000 2.350411 0.030000 2.294117 0.030000 3.291720 0.030000 3.621156 0.030000 6.153185 0.030000 6.288335 0.030000
4.281527 0.030000 3.879680 0.030000 6.689598 0.030000 6.654418 0.150000 2.382466 0.030000 2.330663 0.030000 3.238402 0.030000 3.556621 0.030000 6.138534 0.030000 6.354043 0.030000
5.027404 0.150000 3.931401 0.030000 6.732075 0.030000 6.537293 0.030000 2.415332 0.030000 2.307871 0.030000 3.229881 0.030000 3.557805 0.030000 6.179597 0.030000 6.312670 0.030000
4.293175 0.030000 4.001308 0.030000 6.716868 0.030000 6.581988 0.030000 2.446173 0.030000 2.281153 0.030000 3.176948 0.030000 3.560483 0.030000 6.134672 0.030000 6.330567 0.030000
4.318141 0.030000 4.011789 0.030000 6.760726 0.030000 6.535386 0.030000 2.361443 0.030000 2.265700 0.030000 3.158658 0.030000 3.359539 0.150000 6.120006 0.030000 6.281146 0.030000
4.316604 0.030000 3.978644 0.030000 6.830460 0.150000 6.483195 0.030000 2.428995 0.030000 2.265421 0.030000 3.182136 0.030000 3.609665 0.150000 6.098615 0.030000 6.412550 0.150000
4.373429 0.030000 4.309408 0.150000 6.776139 0.030000 6.492890 0.030000 2.442675 0.030000 2.297400 0.030000 3.167249 0.030000 3.495116 0.030000 6.102472 0.030000 6.286846 0.030000
4.352561 0.030000 4.090874 0.150000 6.758973 0.030000 6.536749 0.030000 2.419470 0.030000 2.307342 0.030000 3.487641 0.150000 3.456905 0.030000 6.114834 0.030000 6.275762 0.030000
4.337313 0.030000 4.020685 0.030000 6.787453 0.030000 6.543417 0.030000 2.435770 0.030000 2.286719 0.030000 3.096345 0.030000 3.435697 0.030000 6.080209 0.030000 6.303557 0.030000
4.330406 0.150000 4.035863 0.030000 6.786183 0.030000 6.552551 0.030000 2.412030 0.030000 2.342267 0.030000 3.116866 0.030000 3.442343 0.030000 6.051926 0.030000 6.221152 0.030000
4.350234 0.030000 4.056264 0.150000 6.770738 0.030000 6.524860 0.030000 2.425956 0.030000 2.352510 0.030000 3.094323 0.030000 3.502299 0.030000 7.484157 0.150000 6.313002 0.030000
4.712808 0.150000 4.010061 0.030000 6.847811 0.030000 6.608382 0.030000 2.405611 0.030000 2.292385 0.030000 3.067819 0.030000 3.436495 0.030000 6.612741 0.150000 6.233446 0.030000
4.376440 0.030000 4.056897 0.030000 6.791219 0.030000 6.553492 0.030000 2.412414 0.030000 2.318719 0.030000 3.117288 0.030000 3.732831 0.150000 6.081771 0.030000 6.255417 0.030000
4.417353 0.030000 4.016073 0.030000 6.749910 0.030000 6.574004 0.030000 3.620294 0.150000 2.366690 0.030000 3.074319 0.030000 3.465861 0.030000 6.101363 0.030000 6.168715 0.030000
4.396534 0.030000 4.101255 0.030000 6.787973 0.030000 6.597744 0.030000 2.392502 0.030000 2.367371 0.030000 3.104386 0.030000 3.451325 0.030000 6.072318 0.030000 6.287629 0.030000
4.424673 0.030000 4.098553 0.150000 6.839112 0.030000 6.586363 0.030000 2.389595 0.030000 2.339684 0.030000 3.069203 0.030000 3.403913 0.030000 6.446566 0.150000 6.269406 0.030000
4.405919 0.030000 4.083559 0.030000 6.801247 0.030000 6.637148 0.030000 2.345594 0.030000 2.300060 0.030000 3.106640 0.030000 3.406954 0.030000 5.985395 0.030000 6.281546 0.030000
4.466629 0.030000 4.078826 0.030000 6.846938 0.030000 6.611456 0.030000 2.592427 0.150000 2.428306 0.150000 3.081299 0.030000 3.379373 0.030000 6.049691 0.030000 6.237095 0.030000
4.450131 0.030000 4.077490 0.030000 6.804948 0.030000 6.585188 0.030000 2.403114 0.030000 2.341319 0.030000 3.094875 0.030000 3.405995 0.030000 6.018514 0.030000 6.296642 0.030000
4.419524 0.030000 4.172729 0.030000 6.808993 0.030000 6.653631 0.030000 2.813855 0.150000 2.349285 0.030000 3.062313 0.030000 3.392028 0.030000 6.010828 0.030000 6.227870 0.030000
4.447731 0.030000 4.035915 0.030000 6.798553 0.030000 6.644075 0.030000 2.357603 0.030000 2.396713 0.030000 3.045188 0.030000 3.375589 0.030000 6.032195 0.030000 6.266414 0.030000
4.518620 0.030000 4.094431 0.030000 6.780244 0.030000 6.658642 0.030000 2.392015 0.030000 2.455416 0.030000 3.081044 0.030000 3.352471 0.030000 5.969741 0.150000 6.231360 0.030000
4.503308 0.030000 4.095039 0.030000 7.718440 0.150000 6.703901 0.030000 2.365911 0.030000 2.375595 0.030000 3.066413 0.030000 3.357868 0.030000 6.001625 0.030000 6.865249 0.150000
4.616654 0.150000 4.155753 0.030000 6.858019 0.030000 6.666353 0.030000 2.367718 0.030000 2.408400 0.030000 3.454435 0.150000 3.354132 0.030000 6.514574 0.150000 6.238761 0.030000
4.474684 0.030000 4.174062 0.030000 6.742294 0.030000 6.722656 0.030000 2.365630 0.030000 2.452629 0.030000 3.052852 0.030000 3.318652 0.030000 6.023051 0.030000 6.269749 0.030000
5.057452 0.150000 4.181919 0.030000 6.772756 0.030000 6.777227 0.030000 2.312187 0.030000 2.397183 0.030000 3.492875 0.150000 3.369774 0.030000 5.967307 0.030000 6.209308 0.030000
4.498191 0.030000 4.147630 0.030000 6.770887 0.030000 6.755805 0.030000 2.699936 0.150000 2.435016 0.030000 3.060230 0.030000 3.306358 0.030000 5.923002 0.030000 6.206191 0.030000
4.524863 0.030000 4.172046 0.030000 6.907752 0.150000 6.669716 0.030000 2.372435 0.150000 2.463325 0.030000 3.026499 0.030000 3.266757 0.030000 6.249061 0.150000 6.246445 0.030000
4.515355 0.030000 4.229896 0.030000 6.724910 0.030000 6.772658 0.030000 2.315049 0.030000 2.491012 0.030000 3.024510 0.030000 3.263620 0.030000 5.840953 0.030000 6.226831 0.030000
4.526060 0.030000 4.261055 0.030000 6.685918 0.030000 6.813705 0.030000 2.323689 0.030000 2.398878 0.030000 3.107823 0.030000 3.187011 0.030000 5.815383 0.030000 6.215892 0.030000
4.607444 0.030000 4.272875 0.030000 6.644803 0.030000 6.782113 0.030000 2.315239 0.030000 2.463631 0.030000 3.065340 0.030000 3.222663 0.150000 5.811041 0.030000 6.147355 0.030000
4.536531 0.030000 4.283037 0.030000 6.685888 0.030000 6.789032 0.030000 2.186988 0.030000 2.430168 0.030000 3.047833 0.030000 3.147167 0.030000 5.754925 0.030000 6.134302 0.030000
4.585172 0.030000 4.361613 0.030000 6.648917 0.030000 6.800773 0.030000 2.176181 0.030000 2.423997 0.030000 3.043766 0.030000 3.185453 0.030000 6.171680 0.150000 6.048447 0.030000
4.543529 0.030000 4.351994 0.030000 6.567522 0.030000 6.805745 0.030000 2.154551 0.030000 2.407448 0.030000 3.103162 0.030000 3.142618 0.030000 5.758483 0.030000 6.086935 0.030000
4.588701 0.030000 4.401435 0.030000 6.669596 0.030000 6.795457 0.030000 2.157220 0.030000 2.383767 0.030000 3.127330 0.030000 3.167901 0.030000 5.769368 0.030000 6.077842 0.030000
4.619487 0.030000 4.385812 0.030000 6.577836 0.030000 6.783700 0.030000 2.105135 0.030000 2.439085 0.030000 3.095129 0.030000 3.087656 0.030000 5.674765 0.030000 6.053037 0.030000
4.547143 0.030000 4.378855 0.030000 6.519858 0.030000 6.810648 0.030000 2.107110 0.030000 2.438634 0.030000 3.105181 0.030000 3.131880 0.030000 5.670976 0.030000 5.972620 0.030000
4.579288 0.030000 5.548628 0.150000 6.533649 0.030000 6.737196 0.030000 2.095942 0.030000 2.398555 0.030000 3.152706 0.030000 2.944713 0.150000 5.652066 0.030000 5.938702 0.030000
4.615767 0.030000 4.480201 0.030000 6.495136 0.030000 6.761222 0.030000 2.015697 0.030000 2.301708 0.030000 3.125061 0.030000 3.094265 0.030000 5.644254 0.030000 5.776502 0.150000
4.604556 0.030000 4.477201 0.030000 6.461803 0.030000 6.748877 0.030000 2.066747 0.030000 2.354379 0.030000 3.159596 0.030000 3.074359 0.030000 6.041041 0.150000 6.057307 0.150000
4.584807 0.030000 4.558008 0.030000 6.466221 0.030000 6.689264 0.150000 1.981504 0.030000 2.283121 0.030000 3.117454 0.030000 3.087965 0.030000 5.513111 0.030000 5.875653 0.030000
4.625542 0.030000 4.508375 0.030000 6.912876 0.150000 6.666397 0.030000 1.956914 0.030000 2.303006 0.030000 3.173047 0.030000 3.078817 0.030000 5.522547 0.030000 5.879067 0.030000
4.620353 0.030000 4.530449 0.030000 6.424898 0.030000 6.830090 0.150000 1.886807 0.030000 2.258038 0.030000 3.236933 0.030000 3.097826 0.030000 5.507920 0.030000 5.915371 0.030000
4.602769 0.030000 4.478452 0.150000 6.424886 0.030000 6.718200 0.030000 1.898641 0.030000 2.191657 0.030000 3.218481 0.030000 3.098421 0.030000 5.461505 0.030000 5.795775 0.030000
4.872105 0.150000 4.582316 0.030000 6.363926 0.030000 6.609514 0.030000 1.889110 0.030000 2.169450 0.030000 3.226560 0.030000 3.089615 0.030000 5.739630 0.150000 5.806174 0.030000
4.626732 0.030000 4.553423 0.030000 6.332203 0.030000 6.604344 0.030000 1.894277 0.030000 2.165542 0.030000 3.264595 0.030000 3.099208 0.030000 5.446200 0.030000 5.749692 0.030000
4.642167 0.030000 4.538462 0.030000 6.301066 0.030000 6.566088 0.030000 1.805509 0.030000 2.581314 0.150000 3.290686 0.030000 3.106955 0.030000 5.428783 0.030000 5.703904 0.030000
4.640651 0.030000 4.626217 0.030000 6.308298 0.030000 6.547715 0.030000 1.827265 0.030000 2.105171 0.030000 3.299319 0.030000 3.086476 0.030000 5.375090 0.030000 5.681748 0.030000
4.684173 0.030000 5.383666 0.150000 6.260854 0.030000 6.553163 0.030000 1.738849 0.030000 2.042251 0.030000 3.312879 0.030000 3.135539 0.030000 5.571978 0.150000 5.660656 0.030000
4.685160 0.030000 4.748560 0.150000 7.109654 0.150000 6.549819 0.030000 1.765256 0.030000 2.102963 0.030000 3.323940 0.030000 3.167633 0.030000 5.368708 0.030000 5.618454 0.030000
4.684014 0.030000 4.519318 0.030000 6.276081 0.030000 6.509253 0.030000 1.685866 0.030000 1.796575 0.150000 3.302555 0.030000 3.134094 0.030000 5.331868 0.030000 5.624498 0.030000
4.721750 0.030000 4.590949 0.030000 6.274092 0.030000 6.432502 0.030000 1.829615 0.150000 1.988937 0.030000 3.335030 0.030000 3.160625 0.030000 5.330906 0.030000 5.630443 0.030000
5.795838 0.150000 4.575001 0.030000 6.219855 0.030000 6.443039 0.030000 1.658229 0.030000 2.012811 0.030000 3.376068 0.030000 3.239607 0.030000 5.232896 0.030000 5.592786 0.030000
4.709658 0.030000 4.632797 0.030000 6.150070 0.030000 6.420450 0.030000 1.623742 0.030000 1.906262 0.030000 3.372149 0.030000 3.212596 0.030000 5.298418 0.030000 5.948826 0.150000
4.715760 0.030000 4.613388 0.030000 6.186169 0.030000 6.434719 0.030000 1.623840 0.030000 1.911920 0.030000 3.354100 0.030000 3.251616 0.030000 5.239015 0.030000 5.527248 0.030000
4.703819 0.030000 4.632118 0.030000 6.121369 0.030000 6.427563 0.030000 1.557110 0.030000 1.880384 0.030000 3.415981 0.030000 3.927504 0.150000 5.179211 0.030000 5.720843 0.150000
5.330396 0.150000 4.621062 0.030000 6.127503 0.030000 6.344913 0.030000 1.856183 0.150000 1.869658 0.030000 3.431369 0.030000 3.269451 0.030000 5.222940 0.030000 5.634292 0.150000
4.706695 0.030000 4.655022 0.030000 6.085012 0.030000 6.342828 0.030000 1.526921 0.030000 1.844232 0.030000 3.325477 0.150000 3.269466 0.030000 5.122274 0.030000 5.474069 0.030000
4.743567 0.030000 4.685048 0.030000 6.088166 0.030000 6.379986 0.030000 1.493827 0.030000 1.787030 0.030000 3.451514 0.030000 3.557433 0.150000 5.148160 0.030000 5.409177 0.030000
4.793450 0.030000 4.700538 0.030000 6.087502 0.030000 6.337627 0.030000 1.494883 0.030000 1.758503 0.030000 3.444983 0.030000 3.630502 0.150000 5.049215 0.030000 5.204239 0.150000
4.819158 0.030000 4.659469 0.030000 6.031296 0.030000 6.240850 0.030000 1.483665 0.030000 1.895107 0.150000 3.464082 0.030000 3.271146 0.030000 5.090570 0.030000 5.385587 0.030000
4.753401 0.030000 4.651126 0.030000 6.040349 0.030000 6.276376 0.030000 1.441634 0.030000 1.708129 0.030000 3.509940 0.030000 3.298341 0.030000 5.047820 0.030000 5.319563 0.150000
4.700295 0.150000 4.746786 0.030000 6.015889 0.030000 6.233696 0.030000 1.420057 0.030000 1.726130 0.030000 3.521883 0.030000 3.344578 0.030000 5.059451 0.030000 5.322222 0.030000
4.858527 0.030000 4.709689 0.030000 5.912662 0.030000 6.535363 0.150000 1.415021 0.030000 1.664602 0.030000 3.572522 0.030000 3.365173 0.030000 5.022627 0.030000 5.269152 0.030000
4.823202 0.030000 4.684109 0.030000 5.961371 0.030000 6.205722 0.030000 1.404949 0.030000 1.701946 0.030000 3.575510 0.030000 3.367715 0.030000 4.971988 0.030000 5.335668 0.030000
6.187727 0.150000 4.765869 0.030000 5.952293 0.030000 6.014009 0.150000 1.371729 0.030000 1.639453 0.030000 3.573380 0.030000 3.379261 0.030000 4.940529 0.030000 5.229553 0.030000
4.824244 0.030000 4.788210 0.030000 5.885972 0.030000 6.151947 0.030000 1.362918 0.030000 1.597858 0.030000 3.593788 0.030000 3.409532 0.030000 6.723479 0.150000 5.265835 0.030000
4.864374 0.030000 4.667206 0.150000 5.919715 0.030000 6.132253 0.030000 1.302921 0.030000 1.610721 0.030000 3.579222 0.030000 3.375447 0.030000 4.879839 0.030000 5.223389 0.030000
4.911688 0.030000 4.788549 0.030000 5.873018 0.150000 6.120149 0.030000 1.311513 0.030000 1.573549 0.030000 3.635937 0.030000 3.397894 0.030000 5.143011 0.150000 5.202649 0.030000
4.900992 0.030000 4.769467 0.030000 5.853345 0.030000 6.349859 0.150000 1.329979 0.030000 1.516140 0.030000 3.581734 0.030000 3.448567 0.030000 4.812909 0.030000 5.078678 0.030000
4.902083 0.030000 5.303357 0.150000 5.796394 0.030000 6.480983 0.150000 1.278857 0.030000 1.499707 0.030000 3.683554 0.030000 3.487179 0.030000 4.842604 0.030000 5.094933 0.030000
6.160761 0.150000 4.785234 0.030000 5.765190 0.030000 6.030461 0.030000 1.259638 0.030000 1.702910 0.150000 3.663612 0.030000 3.528416 0.030000 4.827774 0.030000 5.130471 0.030000
4.966845 0.030000 4.804434 0.030000 5.761313 0.030000 6.024650 0.030000 1.302018 0.030000 1.494438 0.030000 3.673612 0.030000 3.471213 0.150000 4.802217 0.030000 5.092316 0.030000
4.946535 0.030000 4.761861 0.030000 5.721356 0.030000 6.030863 0.030000 1.231296 0.030000 1.901339 0.150000 3.742334 0.030000 3.508197 0.030000 4.750563 0.030000 5.038529 0.030000
4.869512 0.030000 4.863453 0.030000 5.800620 0.030000 5.990552 0.030000 1.144457 0.030000 1.409672 0.030000 4.292923 0.150000 3.510333 0.030000 4.726076 0.030000 5.022055 0.030000
4.936179 0.030000 4.823864 0.030000 5.723355 0.030000 5.953821 0.030000 1.352813 0.150000 1.432988 0.030000 3.701349 0.030000 3.502910 0.030000 4.682721 0.030000 4.987628 0.030000
4.987926 0.030000 5.251228 0.150000 5.704464 0.030000 5.892632 0.030000 1.174335 0.030000 1.419515 0.030000 4.112478 0.150000 3.598435 0.030000 4.671662 0.030000 4.961045 0.030000
5.024485 0.030000 4.878897 0.030000 5.713461 0.030000 5.926119 0.030000 1.116839 0.030000 1.336221 0.030000 3.841465 0.150000 3.582532 0.030000 4.663456 0.030000 5.278486 0.150000
5.032557 0.030000 4.860100 0.030000 5.933512 0.150000 5.869580 0.030000 1.146979 0.030000 1.382121 0.030000 3.783504 0.030000 3.723328 0.150000 4.602328 0.030000 4.944436 0.030000
5.061161 0.030000 5.668191 0.150000 5.670619 0.030000 5.856139 0.030000 1.114749 0.030000 1.322272 0.030000 3.784876 0.030000 3.608423 0.030000 4.621067 0.030000 4.868804 0.030000
5.019480 0.030000 4.892377 0.030000 5.616355 0.030000 5.846364 0.030000 1.089850 0.030000 1.502891 0.150000 3.771695 0.030000 3.604977 0.030000 4.603853 0.030000 4.906043 0.030000
5.081328 0.030000 4.914360 0.030000 5.580763 0.030000 5.911483 0.030000 1.075377 0.030000 1.286686 0.030000 3.880452 0.030000 3.662571 0.030000 4.606292 0.150000 4.813625 0.030000
5.069825 0.030000 4.937135 0.030000 5.563574 0.030000 5.821297 0.030000 1.051896 0.030000 1.290639 0.030000 3.896046 0.030000 3.656982 0.030000 4.982961 0.150000 4.803780 0.030000
5.084106 0.030000 4.992487 0.030000 5.550338 0.030000 5.781151 0.030000 1.036729 0.030000 1.228533 0.030000 3.957362 0.030000 3.688973 0.030000 4.549690 0.030000 4.830085 0.030000
5.332927 0.150000 5.005151 0.030000 5.548113 0.030000 5.786889 0.030000 1.040464 0.030000 1.239632 0.030000 3.925674 0.030000 3.672090 0.030000 4.526317 0.030000 4.795450 0.030000
5.162769 0.030000 4.939863 0.030000 5.586483 0.030000 5.780773 0.030000 1.007458 0.030000 1.191378 0.030000 3.941361 0.030000 3.695861 0.030000 4.453168 0.030000 4.752963 0.030000
5.137521 0.030000 5.011967 0.030000 5.515997 0.030000 5.724052 0.030000 0.995857 0.030000 1.247654 0.030000 4.131275 0.150000 3.748163 0.030000 4.443537 0.030000 4.709417 0.030000
5.156759 0.030000 5.016255 0.030000 5.492199 0.030000 5.743255 0.030000 0.982431 0.030000 1.217102 0.030000 3.973942 0.030000 3.690816 0.030000 4.513780 0.150000 4.681078 0.030000
5.179350 0.030000 5.037459 0.150000 5.460476 0.030000 5.710473 0.030000 1.001362 0.030000 1.132550 0.030000 3.979363 0.030000 3.763669 0.030000 4.384620 0.030000 4.652743 0.030000
5.186993 0.030000 5.038713 0.030000 5.480698 0.030000 5.707989 0.030000 0.984780 0.030000 1.086114 0.030000 4.119298 0.150000 3.804757 0.030000 4.431825 0.030000 4.661397 0.030000
5.300924 0.150000 5.019127 0.030000 5.480610 0.030000 5.639812 0.030000 0.981012 0.030000 1.114574 0.030000 4.075452 0.030000 3.819836 0.030000 4.354054 0.030000 4.587206 0.030000
5.572718 0.150000 5.087789 0.030000 5.472588 0.030000 5.700766 0.030000 0.968063 0.030000 1.114200 0.030000 4.091497 0.030000 3.849244 0.030000 4.346956 0.030000 4.477496 0.150000
5.266552 0.030000 5.023639 0.030000 5.398566 0.030000 5.661808 0.030000 0.967347 0.030000 1.089605 0.030000 4.094486 0.030000 3.848382 0.030000 4.415882 0.030000 4.570244 0.030000
5.203443 0.030000 5.084480 0.030000 5.444200 0.030000 5.764958 0.150000 1.101756 0.150000 1.066766 0.030000 4.105324 0.030000 3.864207 0.030000 4.340030 0.030000 4.576256 0.030000
5.193694 0.030000 5.069923 0.030000 5.416634 0.030000 5.572838 0.030000 1.054983 0.150000 1.010216 0.030000 4.138325 0.030000 3.906430 0.030000 4.270131 0.030000 4.507731 0.030000
5.281983 0.030000 6.040582 0.150000 5.375417 0.030000 5.624321 0.030000 0.931781 0.030000 1.080009 0.030000 4.129913 0.030000 3.926174 0.030000 4.219379 0.030000 4.529282 0.030000
5.718613 0.150000 5.117315 0.030000 5.329236 0.030000 5.547243 0.030000 0.912576 0.030000 1.031602 0.030000 4.155309 0.030000 3.954115 0.030000 4.256588 0.030000 6.359137 0.150000
5.758545 0.150000 5.171420 0.030000 5.334643 0.030000 5.596612 0.030000 0.984213 0.030000 1.029588 0.030000 4.147448 0.030000 3.946195 0.030000 4.202554 0.030000 4.460213 0.030000
5.331602 0.150000 5.157453 0.030000 5.211593 0.150000 5.589257 0.030000 0.923905 0.030000 1.022812 0.030000 4.174323 0.030000 3.935320 0.150000 4.243354 0.030000 4.456939 0.030000
5.357697 0.030000 5.200096 0.030000 5.288563 0.030000 5.526577 0.030000 0.920153 0.030000 1.055720 0.030000 4.212444 0.030000 3.980649 0.030000 4.179953 0.030000 4.400898 0.030000
5.344023 0.030000 5.175168 0.030000 5.309004 0.030000 5.439136 0.030000 1.379194 0.150000 1.006666 0.030000 4.506188 0.150000 3.986702 0.030000 4.174406 0.030000 4.452259 0.030000
5.345069 0.030000 5.191327 0.030000 5.288353 0.030000 5.540058 0.030000 0.909609 0.030000 0.945666 0.030000 4.238688 0.030000 4.007027 0.030000 4.621615 0.150000 4.386198 0.030000
5.416557 0.030000 5.241395 0.030000 5.271988 0.030000 5.438382 0.030000 0.999399 0.030000 0.919115 0.030000 4.271672 0.030000 4.055139 0.030000 4.106342 0.030000 4.539657 0.150000
5.382173 0.030000 5.188210 0.030000 5.241735 0.030000 5.518934 0.030000 1.444550 0.150000 1.337759 0.150000 4.333620 0.030000 4.057171 0.030000 4.139651 0.030000 4.357098 0.030000
5.460161 0.030000 5.216765 0.030000 5.278069 0.030000 5.414764 0.030000 0.975773 0.030000 0.963816 0.030000 4.324021 0.030000 4.062034 0.030000 4.021821 0.030000 4.478054 0.150000
5.451394 0.030000 5.304524 0.030000 5.236610 0.030000 5.438311 0.030000 0.961489 0.030000 0.938224 0.030000 4.373746 0.030000 4.121782 0.030000 4.001208 0.030000 4.532176 0.150000
5.517936 0.030000 5.266707 0.030000 5.205498 0.030000 5.416436 0.030000 0.945283 0.030000 0.981621 0.030000 4.383828 0.030000 4.116325 0.030000 4.067031 0.030000 4.240262 0.030000
5.531674 0.030000 5.349465 0.030000 5.188566 0.030000 5.396520 0.030000 1.007822 0.030000 2.237539 0.150000 4.375673 0.030000 4.115811 0.030000 3.992014 0.030000 4.202491 0.030000
5.553127 0.030000 5.285069 0.030000 5.137505 0.030000 5.359620 0.030000 1.002277 0.030000 1.038887 0.150000 4.495325 0.030000 4.182513 0.030000 3.928802 0.030000 4.264992 0.030000
5.555619 0.030000 5.430182 0.030000 5.141386 0.030000 5.338209 0.030000 0.992129 0.030000 1.242744 0.150000 4.370608 0.030000 4.257454 0.030000 3.924458 0.030000 4.191826 0.030000
5.566185 0.030000 5.421069 0.030000 5.128472 0.030000 5.340007 0.030000 0.985924 0.030000 0.946325 0.030000 4.457957 0.030000 4.178561 0.030000 3.964867 0.030000 4.136317 0.030000
5.550197 0.030000 5.350133 0.030000 5.121011 0.150000 5.316182 0.030000 0.972850 0.030000 0.870364 0.030000 5.134050 0.150000 4.221026 0.030000 3.897216 0.030000 4.476995 0.150000
5.817812 0.150000 5.338008 0.030000 5.102926 0.030000 5.256225 0.030000 1.070016 0.030000 1.000573 0.030000 4.488840 0.030000 4.251370 0.030000 3.885300 0.030000 4.086149 0.030000
5.663124 0.030000 5.433996 0.030000 5.044650 0.030000 5.249135 0.030000 1.033528 0.030000 0.942931 0.030000 4.566278 0.030000 4.329183 0.030000 3.855369 0.030000 4.152003 0.030000
5.649760 0.030000 5.409339 0.030000 5.072658 0.030000 5.243262 0.030000 1.092549 0.030000 0.962671 0.030000 4.563159 0.030000 4.306945 0.030000 3.811476 0.030000 4.112161 0.030000
5.616686 0.030000 5.714485 0.150000 5.266659 0.150000 5.220490 0.030000 1.838795 0.150000 0.939904 0.030000 4.534041 0.030000 4.361890 0.030000 3.796059 0.030000 4.079984 0.030000
5.695049 0.030000 5.440895 0.030000 5.053599 0.030000 6.259838 0.150000 1.060710 0.030000 0.942419 0.030000 4.636130 0.030000 4.368789 0.030000 3.742791 0.030000 4.045518 0.030000
5.712552 0.030000 5.689879 0.150000 4.995196 0.030000 5.172033 0.030000 1.107227 0.030000 0.986309 0.030000 4.626047 0.030000 4.390778 0.030000 3.781982 0.030000 4.217341 0.150000
5.693233 0.030000 5.479041 0.030000 5.017809 0.030000 5.297679 0.150000 1.112518 0.030000 0.990540 0.030000 4.638084 0.030000 4.337513 0.030000 3.780008 0.030000 4.006378 0.030000
5.731087 0.030000 5.581662 0.030000 5.011399 0.030000 5.199827 0.030000 1.196658 0.030000 1.009910 0.030000 4.649455 0.030000 4.423062 0.030000 3.696519 0.030000 3.980395 0.030000
5.721579 0.030000 5.496228 0.030000 5.004857 0.030000 5.130957 0.030000 1.167936 0.030000 0.977074 0.030000 4.729275 0.030000 4.403521 0.030000 3.702326 0.030000 4.019262 0.030000
5.802740 0.030000 5.528421 0.030000 5.041226 0.030000 5.102839 0.030000 1.126662 0.030000 1.024467 0.030000 5.148718 0.150000 4.392477 0.030000 3.750704 0.030000 3.928355 0.030000
5.791470 0.030000 5.522712 0.030000 4.922900 0.030000 5.168185 0.030000 1.253348 0.030000 1.016425 0.030000 4.795038 0.030000 4.493842 0.030000 3.675646 0.030000 3.889418 0.030000
5.790210 0.030000 5.601675 0.030000 4.999310 0.030000 5.115446 0.030000 1.236518 0.030000 1.065853 0.030000 4.756253 0.030000 4.504600 0.030000 3.635241 0.030000 3.907291 0.030000
5.839149 0.030000 5.643236 0.030000 4.962914 0.030000 5.104390 0.030000 1.240347 0.030000 1.039434 0.030000 4.822793 0.030000 4.531697 0.030000 3.637691 0.030000 3.881752 0.030000
5.924324 0.150000 5.630503 0.030000 4.942315 0.030000 5.045808 0.030000 1.247849 0.030000 1.025086 0.030000 4.824072 0.030000 6.219094 0.150000 3.614739 0.030000 4.609010 0.150000
5.903725 0.030000 5.685838 0.030000 4.888343 0.030000 5.117473 0.030000 1.312796 0.030000 1.049449 0.030000 5.218766 0.150000 4.543456 0.030000 3.609937 0.030000 3.810404 0.030000
5.925748 0.030000 5.710260 0.030000 4.869596 0.030000 5.678858 0.150000 1.288309 0.030000 2.104332 0.150000 4.827317 0.030000 4.697070 0.150000 3.638788 0.030000 3.784633 0.030000
5.972245 0.030000 5.902392 0.150000 4.854574 0.030000 5.016768 0.030000 1.314873 0.030000 1.115892 0.030000 4.811758 0.030000 4.643660 0.030000 3.559156 0.030000 3.789194 0.030000
5.943864 0.030000 5.749702 0.030000 4.853450 0.030000 4.973353 0.030000 1.287847 0.030000 1.104741 0.030000 4.933147 0.030000 4.620636 0.030000 3.562654 0.030000 3.811657 0.030000
5.944614 0.030000 5.735194 0.030000 4.893786 0.030000 5.041940 0.030000 2.471304 0.150000 1.109863 0.030000 4.975458 0.030000 4.682430 0.030000 3.575681 0.030000 3.786247 0.030000
6.266605 0.150000 5.711487 0.030000 4.883025 0.030000 4.969975 0.030000 1.351457 0.030000 1.144779 0.030000 4.894375 0.030000 5.513772 0.150000 3.509335 0.030000 3.722273 0.030000
6.013817 0.030000 5.756340 0.030000 4.845245 0.030000 5.008223 0.030000 1.409110 0.030000 1.138880 0.030000 4.953595 0.030000 4.698358 0.030000 3.547072 0.030000 3.730732 0.030000
5.994914 0.030000 5.805750 0.030000 4.725369 0.030000 4.902446 0.030000 1.446284 0.030000 1.263559 0.030000 4.987181 0.030000 4.721438 0.030000 3.537403 0.030000 3.731872 0.030000
5.985528 0.030000 5.740790 0.030000 4.781791 0.030000 4.911282 0.030000 1.366825 0.030000 1.182274 0.030000 5.026147 0.030000 4.688112 0.030000 3.496348 0.030000 3.690888 0.030000
6.060940 0.030000 5.807763 0.030000 4.789310 0.030000 4.942574 0.030000 1.468847 0.030000 1.201413 0.030000 5.061634 0.030000 4.737186 0.030000 3.475167 0.030000 3.719066 0.030000
6.048058 0.030000 5.793440 0.030000 4.735049 0.030000 4.963950 0.030000 1.512893 0.030000 1.223869 0.030000 5.077689 0.030000 5.167504 0.150000 3.414974 0.030000 3.617929 0.030000
6.077370 0.030000 5.860147 0.030000 4.724485 0.030000 4.932472 0.030000 1.465723 0.030000 1.285024 0.030000 5.125493 0.030000 4.766600 0.030000 3.403493 0.030000 3.611938 0.030000
6.097250 0.030000 5.821869 0.030000 4.801713 0.030000 4.871537 0.030000 1.554678 0.030000 1.367477 0.030000 5.138646 0.030000 4.912121 0.030000 3.405426 0.030000 3.639209 0.030000
6.101177 0.030000 5.964220 0.030000 4.797094 0.030000 5.220011 0.150000 2.072237 0.150000 1.316488 0.030000 5.121802 0.030000 4.868275 0.030000 3.385571 0.030000 3.587259 0.030000
6.153293 0.030000 5.865457 0.030000 4.752958 0.030000 4.882688 0.030000 1.544120 0.030000 1.363889 0.030000 5.149704 0.030000 5.603493 0.150000 3.344364 0.030000 3.532536 0.030000
6.145667 0.030000 6.190008 0.150000 4.698313 0.030000 4.788760 0.030000 1.593150 0.030000 1.266955 0.030000 5.205963 0.030000 4.893216 0.030000 3.385441 0.030000 3.522481 0.030000
6.180384 0.030000 6.017000 0.030000 4.766496 0.030000 4.873135 0.030000 1.537851 0.030000 1.340600 0.030000 5.229812 0.030000 4.907969 0.030000 3.299280 0.030000 3.531377 0.030000
6.220803 0.030000 6.010076 0.030000 4.742568 0.030000 4.871308 0.030000 3.086257 0.150000 1.359619 0.030000 5.240833 0.030000 4.999104 0.030000 3.275381 0.030000 3.521581 0.030000
6.450720 0.150000 6.010182 0.030000 4.712474 0.030000 4.780751 0.030000 1.718775 0.030000 1.397387 0.030000 5.263675 0.030000 5.042385 0.030000 3.285705 0.030000 3.482973 0.030000
6.260576 0.030000 5.981713 0.030000 4.747721 0.030000 4.795432 0.030000 1.687086 0.030000 1.417117 0.030000 5.287226 0.030000 5.045689 0.030000 3.306692 0.030000 3.505999 0.030000
6.296129 0.030000 6.245698 0.150000 5.031622 0.150000 4.754752 0.030000 1.765170 0.030000 1.450630 0.030000 5.402786 0.030000 5.055225 0.030000 3.277625 0.030000 3.473278 0.030000
6.365917 0.030000 6.614576 0.150000 4.636704 0.030000 4.800406 0.030000 2.160190 0.150000 1.489347 0.030000 5.328931 0.030000 5.077245 0.030000 3.253914 0.030000 3.432019 0.030000
6.337782 0.030000 6.066724 0.030000 4.678691 0.030000 4.791593 0.030000 1.787188 0.030000 1.541024 0.030000 5.384986 0.030000 5.034379 0.030000 3.233135 0.030000 3.444541 0.030000
6.354986 0.030000 6.111531 0.030000 4.653951 0.030000 4.896013 0.150000 1.791171 0.030000 1.482235 0.030000 5.436612 0.030000 6.058317 0.150000 3.202414 0.030000 3.412404 0.030000
7.890892 0.150000 6.115304 0.030000 4.562571 0.030000 4.774448 0.030000 1.800740 0.030000 1.595117 0.030000 5.439522 0.030000 5.120469 0.030000 3.254797 0.030000 3.403438 0.030000
6.768968 0.150000 6.134415 0.030000 4.581278 0.030000 4.762999 0.030000 1.811231 0.030000 1.547643 0.030000 5.455310 0.030000 5.177665 0.030000 3.251306 0.030000 3.342106 0.030000
6.380150 0.030000 6.167473 0.030000 4.593594 0.030000 4.748291 0.030000 1.802231 0.030000 1.601797 0.030000 5.436707 0.030000 5.153578 0.030000 3.172693 0.030000 3.377059 0.030000
6.426594 0.030000 6.185977 0.030000 4.715768 0.150000 4.744225 0.030000 1.880293 0.030000 1.609871 0.030000 5.509322 0.030000 5.216380 0.030000 3.207906 0.030000 3.306254 0.030000
6.403386 0.030000 6.159985 0.030000 4.612959 0.030000 4.726320 0.030000 1.918527 0.030000 1.593483 0.030000 5.488583 0.030000 5.612891 0.150000 3.208427 0.030000 3.381957 0.150000
6.420800 0.030000 6.173697 0.030000 4.578191 0.030000 4.694445 0.030000 1.946476 0.030000 1.655266 0.030000 5.553083 0.030000 5.237887 0.030000 3.145395 0.030000 3.343375 0.030000
6.548204 0.030000 6.791387 0.150000 4.598881 0.030000 4.712710 0.030000 1.958340 0.030000 1.591663 0.030000 5.580971 0.030000 5.219147 0.030000 3.172133 0.030000 3.316938 0.030000
6.522265 0.030000 6.244230 0.030000 4.595875 0.030000 4.681387 0.030000 1.990358 0.030000 1.743868 0.030000 5.584630 0.030000 5.269704 0.030000 3.182717 0.030000 3.291950 0.030000
6.474085 0.030000 7.829584 0.150000 4.615688 0.030000 4.703229 0.030000 2.030974 0.030000 1.800774 0.150000 5.610055 0.030000 5.276025 0.030000 3.152328 0.030000 3.288644 0.030000
6.544500 0.030000 6.255526 0.030000 4.541429 0.030000 4.676944 0.030000 2.034484 0.030000 1.697918 0.030000 6.055725 0.150000 5.314749 0.030000 3.211039 0.150000 3.277356 0.030000
6.572472 0.030000 6.309355 0.030000 4.623455 0.030000 4.711450 0.030000 2.008478 0.030000 1.756268 0.030000 5.617548 0.030000 6.245478 0.150000 3.099785 0.030000 3.284147 0.030000
6.591575 0.030000 6.462064 0.150000 4.553131 0.030000 4.681298 0.030000 2.078458 0.030000 1.695239 0.030000 5.608854 0.030000 5.289978 0.030000 3.098650 0.030000 3.304037 0.030000
6.607119 0.030000 6.336125 0.030000 4.574079 0.030000 4.666756 0.030000 2.065009 0.030000 1.802840 0.030000 5.663619 0.030000 5.375480 0.030000 3.146241 0.030000 3.517749 0.150000
6.581020 0.030000 6.310272 0.030000 4.626699 0.030000 4.726091 0.030000 2.076857 0.030000 1.760771 0.030000 5.641908 0.030000 5.339555 0.030000 3.070625 0.030000 3.264424 0.030000
6.591648 0.030000 6.344767 0.030000 4.558460 0.030000 5.224871 0.150000 2.099770 0.030000 1.760241 0.030000 5.684829 0.030000 5.394148 0.030000 3.081882 0.030000 3.266818 0.030000
6.603803 0.030000 6.371853 0.030000 4.600195 0.150000 4.618927 0.030000 2.128972 0.030000 1.784287 0.030000 5.971445 0.150000 5.919121 0.150000 3.016712 0.030000 3.244627 0.030000
6.578071 0.030000 6.369585 0.030000 4.537403 0.030000 4.613768 0.030000 2.138806 0.030000 1.869550 0.030000 5.747385 0.030000 5.424364 0.030000 3.077960 0.030000 3.243144 0.030000
6.645583 0.030000 6.361299 0.030000 4.566725 0.030000 4.635283 0.030000 2.107482 0.030000 1.819398 0.030000 5.736814 0.030000 5.385528 0.030000 3.120265 0.030000 3.218381 0.030000
6.680855 0.030000 6.397493 0.030000 4.544087 0.030000 4.615553 0.030000 2.114304 0.030000 1.872107 0.030000 5.725755 0.030000 5.404057 0.030000 3.030214 0.030000 3.255988 0.030000
6.676149 0.030000 6.385921 0.030000 4.783575 0.150000 4.651348 0.030000 2.161968 0.030000 2.183219 0.150000 5.762299 0.030000 5.457493 0.030000 3.049226 0.030000 3.209997 0.030000
6.661232 0.030000 6.444077 0.030000 4.514718 0.030000 4.860908 0.150000 2.183994 0.030000 1.880967 0.030000 5.733870 0.030000 5.460983 0.030000 3.005759 0.030000 3.233082 0.030000
6.684089 0.030000 6.351150 0.030000 4.541725 0.030000 4.603611 0.030000 2.199347 0.030000 1.891354 0.030000 5.772549 0.030000 5.516760 0.030000 3.054104 0.030000 3.217908 0.030000
6.696935 0.030000 6.504493 0.030000 4.455531 0.030000 4.626010 0.030000 2.235639 0.030000 1.918106 0.030000 5.818125 0.030000 5.460823 0.030000 3.018570 0.030000 3.155955 0.030000
6.710592 0.030000 6.493762 0.030000 4.471928 0.030000 4.548283 0.030000 2.210858 0.030000 1.906570 0.030000 5.757270 0.030000 5.514192 0.030000 3.003089 0.030000 3.149173 0.030000
6.727288 0.030000 6.448303 0.030000 4.952262 0.150000 4.631570 0.030000 2.186242 0.030000 1.851518 0.150000 5.830975 0.030000 5.457354 0.030000 3.011849 0.030000 3.229988 0.030000
6.735488 0.030000 7.321475 0.150000 4.521751 0.030000 4.588769 0.030000 2.224378 0.030000 1.964109 0.030000 5.788883 0.030000 5.547080 0.030000 3.090535 0.150000 3.186932 0.030000
6.708050 0.030000 6.455832 0.030000 4.540880 0.030000 4.572325 0.030000 2.259590 0.030000 1.959559 0.030000 5.845795 0.030000 5.528872 0.030000 3.086445 0.030000 3.178887 0.030000
6.721270 0.030000 6.474174 0.030000 4.491436 0.030000 4.585551 0.030000 2.257777 0.030000 2.006589 0.030000 5.809772 0.030000 5.595955 0.030000 3.054130 0.030000 3.205013 0.030000
6.643563 0.030000 6.496227 0.030000 4.504685 0.030000 4.606025 0.030000 2.619118 0.150000 1.981881 0.030000 5.841579 0.030000 5.521908 0.030000 3.010272 0.030000 3.233390 0.030000
6.776386 0.030000 6.486479 0.030000 4.542675 0.030000 4.531608 0.030000 2.294742 0.030000 2.000101 0.030000 5.870871 0.030000 5.522190 0.030000 2.998333 0.030000 3.213284 0.030000
6.744119 0.030000 6.527318 0.030000 4.473263 0.030000 4.584767 0.030000 2.790536 0.150000 1.990421 0.030000 5.914204 0.030000 5.579957 0.030000 2.990851 0.030000 3.133076 0.030000
6.748575 0.030000 6.471836 0.030000 4.495596 0.030000 4.621680 0.030000 2.261467 0.030000 2.041607 0.030000 5.938846 0.030000 5.504336 0.030000 3.003531 0.030000 4.247609 0.150000
6.807771 0.030000 6.513389 0.030000 4.515802 0.030000 4.563542 0.030000 2.248959 0.030000 1.983062 0.030000 5.816235 0.030000 5.571776 0.030000 3.039193 0.030000 3.119459 0.030000
6.778205 0.030000 6.494984 0.030000 4.485382 0.030000 4.564700 0.030000 2.318611 0.030000 1.981963 0.030000 5.911654 0.030000 5.598542 0.030000 3.052771 0.030000 3.080975 0.150000
6.753571 0.030000 6.636904 0.150000 4.541465 0.030000 4.601465 0.030000 2.306985 0.030000 1.984320 0.030000 5.886771 0.030000 5.654486 0.150000 2.983400 0.030000 3.178149 0.030000
6.781442 0.030000 6.539662 0.030000 4.501383 0.030000 4.600512 0.030000 2.335118 0.030000 1.995969 0.030000 5.847441 0.030000 5.640216 0.030000 3.020690 0.030000 3.136331 0.030000
6.819071 0.030000 6.535778 0.030000 4.461010 0.030000 4.575708 0.030000 2.309088 0.030000 2.001987 0.030000 5.925456 0.030000 5.569222 0.030000 3.020253 0.030000 3.074481 0.030000
6.845899 0.030000 6.612211 0.030000 4.483524 0.030000 4.609857 0.030000 2.346908 0.030000 2.009169 0.030000 5.866054 0.030000 5.663217 0.030000 2.970028 0.030000 3.133912 0.030000
6.801577 0.030000 6.521809 0.030000 4.571524 0.030000 4.559104 0.030000 2.313006 0.030000 2.014636 0.030000 5.920528 0.030000 6.720545 0.150000 2.985196 0.030000 3.590983 0.150000
6.855262 0.030000 6.498028 0.030000 4.543739 0.030000 4.514621 0.030000 2.303770 0.030000 2.049557 0.030000 5.913105 0.030000 5.693690 0.030000 2.958041 0.030000 3.138326 0.030000
6.863180 0.030000 6.538372 0.030000 4.504109 0.030000 4.579903 0.030000 2.370122 0.030000 2.059097 0.030000 6.218315 0.150000 5.670498 0.030000 2.983202 0.030000 3.184579 0.150000
7.066114 0.150000 6.581379 0.030000 4.579663 0.030000 4.489664 0.030000 2.396981 0.030000 2.074791 0.030000 5.925811 0.030000 5.697439 0.030000 2.930542 0.030000 3.110375 0.030000
6.890778 0.030000 6.523148 0.030000 4.583314 0.030000 5.070989 0.150000 2.431028 0.030000 2.086336 0.030000 6.017652 0.030000 5.671819 0.030000 2.905893 0.030000 3.148662 0.030000
7.134751 0.150000 6.576686 0.030000 4.486424 0.030000 4.485585 0.030000 2.462308 0.030000 2.109255 0.030000 5.915436 0.030000 5.713167 0.030000 2.919673 0.030000 3.516694 0.150000
6.910632 0.030000 6.582891 0.030000 4.519624 0.030000 4.418313 0.030000 2.451842 0.030000 2.073083 0.030000 5.959004 0.030000 5.714199 0.030000 2.910433 0.030000 3.120231 0.030000
6.885950 0.030000 6.573175 0.030000 4.599135 0.030000 4.465358 0.030000 2.468795 0.030000 2.114212 0.030000 5.957468 0.030000 5.797878 0.030000 2.885157 0.030000 3.140717 0.030000
6.940714 0.030000 6.635749 0.030000 4.645834 0.030000 4.707013 0.150000 2.491427 0.030000 2.081083 0.030000 5.969011 0.030000 5.734542 0.030000 2.855289 0.030000 3.122764 0.030000
6.961994 0.030000 6.880035 0.150000 4.680169 0.030000 4.415833 0.030000 2.458169 0.030000 2.151826 0.030000 5.941051 0.030000 5.811492 0.030000 2.764352 0.150000 3.139998 0.030000
7.001044 0.030000 6.637665 0.030000 4.660988 0.030000 4.424566 0.030000 2.479592 0.030000 2.167330 0.030000 6.180124 0.150000 5.804175 0.030000 2.805499 0.030000 3.108250 0.030000
7.030382 0.150000 6.658111 0.030000 4.628003 0.030000 4.475662 0.030000 2.511986 0.030000 2.152558 0.030000 5.884649 0.030000 5.783767 0.030000 2.808638 0.030000 3.101393 0.030000
7.058673 0.030000 6.629749 0.030000 4.673220 0.030000 4.495886 0.030000 2.548119 0.030000 2.250841 0.030000 5.909170 0.030000 5.798482 0.030000 2.724524 0.030000 3.039570 0.030000
7.039596 0.030000 6.663344 0.030000 4.839844 0.030000 4.483992 0.030000 2.574912 0.030000 2.207060 0.030000 5.895450 0.030000 5.905475 0.030000 2.723391 0.030000 3.033245 0.030000
7.061434 0.030000 6.756448 0.030000 4.747525 0.030000 4.491263 0.030000 2.609693 0.030000 2.254831 0.030000 5.858280 0.030000 5.916552 0.030000 2.742407 0.030000 3.740969 0.150000
7.137219 0.030000 6.729699 0.030000 4.802927 0.150000 4.478919 0.030000 2.602514 0.030000 2.263663 0.030000 5.850405 0.030000 5.832051 0.030000 2.625158 0.030000 2.981773 0.030000
7.162762 0.030000 6.800476 0.030000 4.804865 0.030000 4.495661 0.030000 2.630887 0.030000 2.379274 0.150000 5.942664 0.030000 5.934566 0.030000 2.578243 0.030000 2.959743 0.030000
7.145484 0.030000 6.810649 0.030000 4.860202 0.030000 4.525471 0.030000 2.598543 0.030000 2.350152 0.030000 5.875497 0.030000 5.967492 0.030000 2.606019 0.030000 2.924492 0.030000
7.164344 0.030000 6.844429 0.030000 4.831563 0.030000 4.557975 0.030000 2.656527 0.030000 2.380769 0.030000 5.810224 0.030000 5.911196 0.030000 2.574154 0.030000 2.912332 0.030000
7.172392 0.030000 6.926428 0.030000 4.921947 0.030000 4.889954 0.150000 2.681673 0.030000 2.413407 0.030000 5.845624 0.030000 5.891522 0.030000 2.555804 0.030000 2.914546 0.030000
7.108076 0.150000 6.884082 0.030000 5.006918 0.030000 4.684593 0.030000 2.679734 0.030000 2.470580 0.030000 5.766537 0.030000 5.897235 0.030000 2.527184 0.030000 2.882806 0.030000
7.227990 0.030000 6.956466 0.030000 4.964311 0.030000 4.637392 0.030000 2.654433 0.030000 2.465389 0.030000 6.140120 0.150000 5.945762 0.030000 2.497636 0.030000 2.806268 0.030000
7.269319 0.030000 6.927336 0.030000 5.029550 0.030000 4.657192 0.030000 2.714030 0.030000 2.549078 0.030000 5.737600 0.030000 5.886194 0.030000 2.413186 0.030000 2.816438 0.030000
7.216547 0.030000 6.993844 0.030000 4.989958 0.030000 4.665455 0.030000 2.763645 0.030000 2.543041 0.030000 5.783786 0.030000 5.872143 0.030000 2.466977 0.030000 2.746406 0.030000
7.254702 0.030000 7.049972 0.030000 5.054691 0.030000 4.740721 0.030000 2.741449 0.030000 2.590761 0.030000 5.725156 0.030000 5.896639 0.030000 2.393706 0.030000 2.767268 0.030000
7.317622 0.030000 7.047145 0.030000 5.120433 0.030000 4.751955 0.030000 2.758699 0.030000 2.512207 0.030000 5.742863 0.030000 5.877631 0.030000 2.325920 0.030000 2.677442 0.030000
7.324590 0.030000 7.097495 0.030000 5.075588 0.030000 4.761813 0.030000 2.809409 0.030000 2.620232 0.030000 5.720076 0.030000 5.865505 0.030000 2.306793 0.030000 2.653819 0.030000
7.325951 0.030000 7.097562 0.030000 5.135045 0.030000 4.807312 0.030000 2.706354 0.030000 2.549903 0.030000 5.737000 0.030000 5.813943 0.030000 2.339431 0.030000 2.623084 0.030000
7.322736 0.030000 7.076087 0.030000 5.222839 0.030000 4.829800 0.030000 2.810115 0.030000 2.597714 0.030000 5.731798 0.030000 5.845055 0.030000 2.345813 0.030000 2.667526 0.030000
7.393182 0.030000 7.119612 0.030000 5.228002 0.030000 4.830332 0.030000 2.839479 0.030000 2.611156 0.030000 5.690599 0.030000 5.847560 0.030000 2.279731 0.030000 2.451117 0.150000
7.485063 0.030000 7.142193 0.030000 5.227860 0.030000 4.873889 0.030000 2.798799 0.030000 3.984710 0.150000 5.683704 0.030000 5.797528 0.030000 2.194234 0.030000 2.623085 0.030000
7.419527 0.030000 7.159553 0.030000 5.299861 0.030000 4.887832 0.030000 2.845751 0.030000 2.701162 0.030000 5.681969 0.030000 5.742732 0.030000 2.189896 0.030000 2.546319 0.030000
7.479537 0.030000 7.174416 0.030000 5.331809 0.030000 4.989568 0.030000 2.811489 0.030000 2.661740 0.030000 5.648415 0.030000 5.778006 0.030000 2.216892 0.030000 2.458441 0.030000
7.444036 0.030000 7.199162 0.030000 5.320283 0.030000 5.029177 0.030000 2.880538 0.030000 2.632491 0.030000 5.679589 0.030000 5.762192 0.030000 2.202755 0.030000 2.457866 0.030000
7.489198 0.030000 7.203866 0.030000 5.315653 0.030000 5.024206 0.030000 2.925812 0.030000 2.704773 0.030000 5.660551 0.030000 5.772199 0.030000 2.141092 0.030000 2.510029 0.030000
7.511793 0.030000 7.204961 0.030000 5.417177 0.030000 5.183786 0.150000 2.916565 0.030000 2.661391 0.030000 5.645799 0.030000 5.754663 0.030000 2.119365 0.030000 2.458081 0.030000
7.510819 0.030000 7.336187 0.030000 5.442467 0.030000 4.995315 0.150000 2.950710 0.030000 2.707271 0.030000 5.664599 0.030000 5.729615 0.030000 2.013753 0.030000 2.422720 0.030000
7.574216 0.030000 7.327822 0.030000 5.406476 0.030000 5.058822 0.030000 2.992193 0.030000 2.752511 0.030000 5.623691 0.030000 5.678382 0.030000 2.078311 0.030000 2.306878 0.030000
7.652940 0.030000 7.285733 0.030000 5.448968 0.030000 5.114312 0.030000 2.956772 0.030000 2.821849 0.030000 5.628227 0.030000 5.758067 0.030000 2.004193 0.030000 2.329829 0.030000
7.598031 0.030000 7.400014 0.030000 5.497763 0.030000 5.122223 0.030000 3.519142 0.150000 2.839876 0.030000 5.608769 0.030000 5.703473 0.030000 1.990672 0.030000 2.693026 0.150000
7.607756 0.030000 7.339162 0.030000 5.490964 0.030000 5.181763 0.030000 3.207656 0.150000 3.150094 0.150000 5.598637 0.030000 5.741755 0.030000 1.952878 0.030000 2.310209 0.030000
7.609577 0.030000 7.389727 0.150000 5.572606 0.030000 5.210433 0.030000 3.046158 0.030000 2.830936 0.030000 5.578655 0.030000 5.665571 0.030000 1.947523 0.030000 2.448608 0.150000
7.644583 0.030000 7.397874 0.030000 5.664429 0.030000 5.213308 0.030000 3.061070 0.030000 2.797285 0.030000 5.587578 0.030000 5.735721 0.030000 1.926426 0.030000 3.452801 0.150000
7.657211 0.030000 7.468903 0.030000 5.577498 0.030000 5.299707 0.030000 3.151785 0.030000 3.948254 0.150000 5.580201 0.030000 5.694558 0.030000 1.831601 0.030000 2.165038 0.030000
7.739444 0.030000 7.678298 0.150000 5.643392 0.030000 6.628367 0.150000 4.058612 0.150000 2.860872 0.030000 5.574955 0.030000 5.709655 0.030000 1.810393 0.030000 2.454601 0.150000
8.014926 0.150000 7.486461 0.030000 5.662677 0.150000 5.295563 0.030000 3.100217 0.030000 2.935425 0.030000 5.533117 0.030000 5.608686 0.030000 1.830712 0.030000 2.214540 0.030000
7.760374 0.030000 7.471530 0.030000 5.709109 0.150000 5.358961 0.030000 3.114892 0.030000 2.854078 0.030000 5.506302 0.030000 6.012004 0.150000 1.802300 0.030000 2.181556 0.030000
7.728258 0.030000 7.509277 0.030000 5.695935 0.030000 5.365880 0.030000 3.167133 0.030000 2.912288 0.030000 5.547488 0.030000 5.617611 0.030000 1.747756 0.030000 2.104218 0.030000
7.775692 0.030000 7.536043 0.030000 5.692695 0.030000 5.375606 0.030000 3.206504 0.030000 2.925594 0.030000 5.477377 0.030000 5.625328 0.030000 1.744579 0.030000 2.079383 0.030000
7.791029 0.030000 7.503040 0.030000 5.726056 0.030000 5.490352 0.030000 3.239994 0.030000 2.980430 0.030000 5.583817 0.030000 5.589003 0.030000 1.770076 0.030000 2.125553 0.030000
7.862159 0.030000 7.518950 0.030000 5.810903 0.030000 5.395053 0.030000 3.183866 0.030000 2.947062 0.030000 5.508510 0.030000 5.603502 0.030000 1.736009 0.030000 2.070796 0.030000
7.802758 0.030000 7.576429 0.030000 5.795037 0.030000 5.451335 0.030000 3.230233 0.030000 3.032099 0.030000 5.508504 0.030000 5.618503 0.030000 1.707211 0.030000 2.023023 0.030000
7.901005 0.030000 7.618269 0.030000 5.795984 0.030000 5.440913 0.030000 3.232637 0.030000 3.022408 0.030000 5.452421 0.030000 5.617259 0.030000 1.697042 0.030000 1.997597 0.030000
7.954284 0.150000 7.575434 0.030000 5.822800 0.030000 5.473989 0.030000 3.273526 0.030000 3.063628 0.030000 5.519318 0.030000 5.557119 0.030000 1.663664 0.030000 1.967095 0.030000
7.833088 0.030000 7.571305 0.030000 5.871873 0.030000 5.566763 0.030000 3.277739 0.030000 3.011308 0.030000 5.449089 0.030000 6.121811 0.150000 1.682100 0.030000 1.945941 0.030000
8.778269 0.150000 7.602603 0.030000 5.890125 0.030000 5.593658 0.030000 3.282388 0.030000 2.997941 0.030000 5.521849 0.030000 5.595785 0.030000 1.624378 0.030000 1.980834 0.030000
7.905415 0.030000 7.572312 0.030000 8.535744 0.150000 5.550903 0.030000 3.309678 0.030000 3.138156 0.150000 5.518159 0.030000 5.561168 0.030000 1.619718 0.150000 1.923763 0.030000
7.887890 0.030000 7.636231 0.030000 5.868611 0.030000 5.555796 0.030000 3.283424 0.030000 3.050603 0.030000 5.519088 0.030000 5.569409 0.030000 1.643401 0.030000 1.964869 0.030000
7.883684 0.030000 7.686180 0.030000 5.906537 0.030000 5.612862 0.030000 3.324167 0.030000 3.037353 0.030000 5.489495 0.030000 5.589494 0.030000 1.593461 0.030000 1.880864 0.030000
7.920126 0.150000 7.693770 0.030000 6.417843 0.150000 5.589955 0.030000 3.354691 0.030000 3.038922 0.030000 5.441745 0.030000 5.477734 0.030000 1.553933 0.030000 1.884026 0.030000
7.930107 0.030000 7.684626 0.030000 5.750358 0.150000 5.936774 0.150000 3.342595 0.030000 3.095377 0.030000 5.451491 0.030000 5.898221 0.150000 1.604297 0.030000 1.887253 0.030000
7.927809 0.030000 7.684911 0.030000 6.469912 0.150000 5.656797 0.030000 3.337539 0.030000 3.108592 0.030000 5.438684 0.030000 5.577281 0.030000 1.479184 0.150000 1.889329 0.030000
7.991638 0.030000 7.708094 0.030000 5.969644 0.030000 5.603317 0.030000 3.381151 0.030000 3.120486 0.030000 5.483867 0.030000 5.586831 0.030000 1.567475 0.030000 1.890006 0.030000
8.024911 0.030000 7.997397 0.150000 5.962901 0.030000 5.702227 0.030000 3.369248 0.030000 3.150568 0.150000 5.454656 0.030000 5.569428 0.030000 1.518785 0.030000 1.860795 0.030000
8.005490 0.030000 7.748818 0.030000 6.050837 0.030000 5.651230 0.030000 3.379892 0.030000 3.149559 0.030000 5.510899 0.030000 5.549235 0.030000 1.511188 0.030000 1.824478 0.030000
7.977463 0.030000 7.794504 0.030000 5.993927 0.030000 5.716013 0.030000 3.420898 0.030000 3.099022 0.030000 5.443817 0.030000 5.516655 0.030000 1.498710 0.030000 1.816705 0.030000
7.970708 0.030000 7.759604 0.030000 6.094605 0.030000 5.703670 0.030000 3.390232 0.030000 3.129516 0.030000 5.459850 0.030000 5.513011 0.030000 1.492518 0.030000 1.852729 0.030000
8.033254 0.030000 7.772415 0.030000 6.110101 0.030000 5.705705 0.030000 3.432573 0.030000 3.126438 0.030000 5.439816 0.030000 5.555606 0.030000 1.496581 0.030000 1.774412 0.030000
8.896295 0.150000 7.732014 0.030000 6.041116 0.030000 5.702488 0.150000 3.828889 0.150000 3.140202 0.030000 5.667651 0.150000 5.600882 0.030000 1.443815 0.030000 1.722185 0.030000
8.067689 0.030000 7.797685 0.030000 6.086595 0.030000 5.719391 0.030000 3.436841 0.030000 3.202324 0.030000 5.391685 0.030000 5.535210 0.030000 1.464018 0.030000 1.802839 0.030000
8.073018 0.030000 7.776734 0.030000 6.087586 0.030000 5.791911 0.030000 3.442637 0.030000 3.125394 0.030000 5.423540 0.030000 5.594165 0.030000 1.448548 0.030000 1.800083 0.030000
8.088764 0.030000 7.838559 0.030000 6.164384 0.030000 5.965357 0.150000 3.494283 0.030000 3.189670 0.030000 5.456470 0.030000 5.567130 0.030000 1.385285 0.030000 1.712228 0.030000
8.058197 0.030000 7.815230 0.030000 6.091123 0.030000 5.782327 0.030000 3.489943 0.030000 3.171594 0.030000 5.427227 0.030000 5.505145 0.030000 1.394053 0.030000 1.736301 0.030000
8.088541 0.030000 7.818049 0.030000 6.109780 0.030000 5.745905 0.030000 3.477256 0.030000 3.205714 0.030000 5.480055 0.030000 5.562984 0.030000 1.368335 0.030000 1.975188 0.150000
8.092668 0.030000 7.801875 0.030000 6.161354 0.030000 5.769535 0.030000 3.478492 0.030000 3.226488 0.030000 5.424660 0.030000 5.570057 0.030000 1.348302 0.030000 1.629829 0.150000
8.105063 0.030000 7.809377 0.030000 6.132827 0.030000 5.840432 0.030000 3.525990 0.030000 3.229469 0.030000 5.442700 0.030000 5.534930 0.030000 1.363501 0.030000 1.734060 0.030000
8.082653 0.030000 8.758574 0.150000 6.185541 0.030000 5.760529 0.030000 3.520000 0.030000 3.253779 0.030000 5.430670 0.030000 5.483229 0.030000 1.407393 0.030000 1.669815 0.030000
8.102449 0.030000 7.848527 0.030000 6.185796 0.150000 5.794686 0.030000 3.557631 0.030000 3.182239 0.030000 5.421439 0.030000 5.543465 0.030000 1.283645 0.150000 1.720209 0.030000
8.115961 0.030000 7.836467 0.030000 6.166845 0.030000 5.731309 0.030000 3.502721 0.030000 3.275152 0.030000 5.406836 0.030000 5.543480 0.030000 1.413880 0.030000 1.670589 0.030000
8.126690 0.030000 7.660832 0.150000 6.152071 0.030000 5.813184 0.030000 3.549664 0.030000 3.283166 0.030000 5.185136 0.150000 5.496076 0.030000 1.365720 0.030000 1.675425 0.030000
8.122021 0.030000 7.795416 0.030000 6.142080 0.030000 5.797905 0.030000 4.721087 0.150000 3.285771 0.030000 5.346625 0.030000 5.515621 0.030000 1.386666 0.030000 1.682767 0.030000
8.086534 0.030000 7.840230 0.030000 6.183337 0.030000 5.811238 0.030000 3.539753 0.030000 3.259835 0.030000 5.385761 0.030000 5.471999 0.030000 1.397205 0.030000 1.686921 0.030000
8.117175 0.030000 7.891839 0.030000 6.199082 0.030000 5.818728 0.030000 3.542357 0.030000 3.267734 0.030000 5.394776 0.030000 5.728119 0.150000 1.392223 0.030000 1.649521 0.030000
8.043516 0.030000 7.888541 0.030000 6.209796 0.030000 5.840720 0.030000 3.514740 0.150000 3.277986 0.030000 5.400148 0.030000 5.526982 0.030000 1.364074 0.030000 1.641083 0.030000
8.101012 0.030000 7.864624 0.030000 6.195030 0.030000 5.857117 0.030000 3.479149 0.030000 3.358639 0.030000 5.350392 0.030000 5.522074 0.030000 1.401573 0.030000 1.637913 0.030000
8.054977 0.030000 7.935040 0.030000 6.174948 0.030000 5.891146 0.030000 4.314689 0.150000 3.291424 0.030000 5.302851 0.030000 5.582524 0.030000 1.871820 0.150000 1.600398 0.030000
8.061722 0.030000 7.946520 0.030000 6.177434 0.030000 5.885200 0.030000 3.515638 0.030000 3.313102 0.030000 5.320311 0.030000 5.546950 0.030000 1.325693 0.030000 1.892232 0.150000
8.070160 0.030000 7.973041 0.030000 6.195814 0.030000 5.882077 0.030000 3.431245 0.030000 3.348426 0.030000 5.313112 0.030000 5.710023 0.150000 1.401856 0.030000 1.568739 0.030000
8.064946 0.030000 7.930295 0.030000 6.388610 0.150000 5.929349 0.030000 3.438180 0.030000 3.351733 0.030000 5.265844 0.030000 5.526727 0.030000 1.388973 0.030000 1.986870 0.150000
8.074920 0.030000 7.995406 0.030000 6.274800 0.030000 6.019697 0.150000 3.448354 0.030000 3.429172 0.030000 5.293388 0.030000 5.589870 0.030000 1.369602 0.030000 1.548204 0.030000
8.007032 0.030000 7.965860 0.030000 6.225158 0.030000 5.908438 0.030000 3.484356 0.030000 3.408434 0.030000 5.252041 0.030000 5.528202 0.030000 1.439956 0.030000 1.444055 0.150000
8.025560 0.030000 8.009625 0.030000 6.249256 0.030000 6.003560 0.030000 3.450272 0.030000 3.426376 0.030000 5.200074 0.030000 5.574037 0.030000 1.430194 0.030000 1.513507 0.030000
8.049534 0.030000 7.999117 0.030000 6.226545 0.030000 5.964017 0.150000 3.413501 0.030000 3.418371 0.030000 5.231654 0.030000 5.521728 0.030000 1.430338 0.030000 1.509814 0.030000
8.004584 0.030000 8.990730 0.150000 6.284660 0.030000 6.018715 0.030000 3.383336 0.030000 3.506603 0.030000 5.186061 0.030000 5.485934 0.030000 1.833257 0.150000 1.449165 0.030000
7.949832 0.030000 8.032291 0.030000 6.295611 0.030000 6.044906 0.030000 3.282152 0.150000 3.457968 0.030000 5.132507 0.030000 5.513417 0.030000 1.457477 0.030000 2.110239 0.150000
8.005386 0.030000 8.323812 0.150000 6.277094 0.030000 6.048854 0.030000 3.359829 0.030000 3.473468 0.030000 6.166621 0.150000 5.469801 0.030000 1.479592 0.030000 1.461259 0.030000
7.987265 0.030000 8.050304 0.030000 6.315946 0.030000 6.059637 0.030000 3.365613 0.030000 3.414346 0.030000 5.073253 0.030000 5.479545 0.030000 1.502015 0.030000 1.418887 0.030000
7.938553 0.030000 8.114190 0.030000 6.141909 0.150000 6.193036 0.030000 3.375037 0.030000 4.629908 0.150000 5.095062 0.030000 5.400962 0.030000 1.533166 0.030000 1.396260 0.030000
7.909495 0.030000 8.080481 0.030000 6.312630 0.030000 6.149025 0.030000 3.344854 0.030000 3.440762 0.030000 5.247657 0.150000 5.350997 0.030000 1.541318 0.030000 1.426403 0.030000
7.931634 0.030000 8.089179 0.030000 6.290073 0.030000 6.161011 0.030000 3.285064 0.030000 3.499562 0.030000 4.990048 0.030000 5.338450 0.030000 1.595529 0.030000 1.424747 0.030000
7.889055 0.030000 8.031817 0.030000 6.350770 0.030000 6.225067 0.030000 3.293525 0.030000 3.424213 0.030000 4.962607 0.030000 5.303270 0.030000 1.650919 0.030000 1.462222 0.030000
7.829591 0.030000 8.040215 0.030000 6.304985 0.030000 6.240748 0.150000 3.236306 0.030000 3.434936 0.030000 4.977146 0.030000 5.582081 0.150000 1.574647 0.030000 1.424321 0.030000
7.799873 0.030000 7.993069 0.030000 6.828379 0.150000 6.252204 0.030000 3.254324 0.030000 3.440113 0.030000 4.936695 0.030000 5.279975 0.030000 1.644209 0.030000 1.433280 0.030000
7.798622 0.030000 8.057749 0.030000 6.282713 0.030000 6.271930 0.030000 3.208536 0.030000 3.419553 0.030000 4.899602 0.030000 5.247981 0.030000 1.735378 0.030000 1.418792 0.030000
7.820661 0.030000 8.014495 0.030000 6.313950 0.030000 6.279199 0.030000 3.232421 0.030000 3.399065 0.030000 4.891875 0.030000 5.125101 0.030000 1.735169 0.030000 1.439328 0.030000
7.807450 0.030000 8.948964 0.150000 6.287317 0.030000 6.294459 0.030000 3.218248 0.030000 3.421586 0.030000 4.862825 0.030000 5.204334 0.030000 1.720291 0.030000 1.475243 0.030000
7.682653 0.030000 7.989793 0.030000 6.342542 0.030000 6.754272 0.150000 3.199768 0.150000 3.368194 0.030000 4.813372 0.030000 5.178717 0.030000 1.765982 0.030000 1.556193 0.030000
7.777446 0.030000 7.950921 0.030000 6.301526 0.030000 6.287910 0.030000 3.135168 0.030000 3.347218 0.030000 4.794258 0.030000 5.081011 0.030000 1.820860 0.030000 1.534855 0.030000
7.786665 0.030000 7.906791 0.030000 6.311372 0.030000 6.200998 0.030000 3.070884 0.030000 3.375406 0.030000 4.765115 0.030000 5.054324 0.030000 1.813569 0.030000 1.571900 0.030000
7.691186 0.030000 7.917097 0.030000 6.395762 0.030000 6.288978 0.030000 3.083844 0.030000 3.316949 0.030000 4.727637 0.030000 5.036956 0.030000 1.792921 0.030000 1.567928 0.030000
7.611315 0.030000 7.908742 0.030000 6.287518 0.030000 6.329597 0.030000 3.117325 0.030000 3.342591 0.030000 4.705407 0.030000 5.025813 0.030000 1.917453 0.030000 1.564198 0.030000
7.629630 0.030000 7.920939 0.030000 6.267212 0.030000 6.163918 0.150000 3.078873 0.030000 3.258666 0.030000 4.684333 0.030000 4.987942 0.030000 1.853907 0.030000 1.571641 0.030000
7.649904 0.030000 7.923711 0.030000 6.324759 0.030000 6.322831 0.030000 3.084026 0.030000 3.664137 0.150000 4.637414 0.030000 4.938392 0.030000 1.940827 0.030000 1.576036 0.030000
7.577697 0.030000 8.013787 0.150000 6.288068 0.030000 6.316751 0.030000 3.579720 0.150000 3.217057 0.030000 4.595639 0.030000 4.974023 0.030000 2.875622 0.150000 1.617679 0.030000
7.628592 0.030000 7.786185 0.030000 6.262187 0.030000 6.293528 0.030000 3.232778 0.150000 3.301222 0.030000 4.605308 0.030000 4.927728 0.030000 1.965602 0.030000 1.640960 0.030000
7.590825 0.030000 7.765896 0.030000 6.368561 0.030000 6.302533 0.030000 3.030613 0.030000 3.234659 0.030000 4.569340 0.030000 4.893089 0.030000 2.019092 0.030000 2.269483 0.150000
7.650283 0.150000 7.781095 0.030000 6.361266 0.030000 6.749922 0.150000 3.025771 0.030000 3.253141 0.030000 4.505577 0.030000 4.869004 0.030000 1.984899 0.030000 1.702454 0.030000
7.717443 0.150000 7.778201 0.030000 6.350551 0.030000 6.306866 0.030000 2.992347 0.030000 3.172214 0.030000 4.658434 0.150000 4.872864 0.030000 2.068547 0.030000 1.714542 0.030000
7.484013 0.030000 7.748271 0.030000 6.350525 0.030000 6.261320 0.030000 2.953503 0.030000 3.095995 0.030000 4.483489 0.030000 4.799529 0.030000 2.101062 0.030000 2.053239 0.150000
7.506942 0.030000 7.756017 0.030000 6.374748 0.030000 6.289399 0.030000 2.967345 0.030000 3.161144 0.030000 4.359921 0.030000 4.706365 0.030000 2.105534 0.030000 1.881371 0.150000
7.429197 0.030000 7.694081 0.030000 6.462623 0.030000 6.317209 0.030000 3.031067 0.030000 3.066417 0.030000 4.433685 0.030000 4.746471 0.030000 2.124512 0.030000 1.808595 0.030000
7.377423 0.150000 7.730640 0.030000 6.401752 0.030000 6.363956 0.030000 2.970898 0.030000 3.095395 0.030000 4.307495 0.150000 4.730040 0.030000 2.197088 0.030000 1.926492 0.030000
7.481430 0.030000 7.676175 0.030000 6.400234 0.030000 6.791765 0.150000 2.912524 0.030000 3.132739 0.030000 4.314553 0.030000 4.677556 0.030000 2.211028 0.030000 1.942600 0.030000
7.436396 0.030000 7.623017 0.030000 6.440410 0.030000 6.339278 0.030000 2.928532 0.030000 3.878592 0.150000 4.268578 0.030000 4.673069 0.030000 2.312011 0.150000 1.913593 0.030000
7.499020 0.030000 7.654412 0.030000 6.389908 0.030000 6.365262 0.030000 2.929455 0.030000 3.033226 0.030000 4.321128 0.030000 4.631542 0.030000 2.243654 0.030000 1.945201 0.030000
7.911254 0.150000 7.561512 0.030000 7.964248 0.150000 7.118194 0.150000 2.900269 0.030000 3.107119 0.030000 4.270416 0.030000 4.561183 0.030000 2.239092 0.030000 1.988950 0.030000
7.432961 0.030000 7.551271 0.030000 6.412066 0.030000 6.351785 0.030000 2.877110 0.030000 3.102869 0.030000 4.192047 0.030000 4.572611 0.030000 2.296797 0.030000 1.978040 0.030000
7.366215 0.030000 7.572988 0.030000 6.448931 0.030000 6.351572 0.030000 2.882125 0.030000 2.929963 0.030000 4.251916 0.030000 4.538106 0.030000 2.318703 0.030000 2.012238 0.030000
7.322900 0.030000 7.566743 0.030000 6.395991 0.030000 6.360903 0.030000 3.102641 0.150000 3.333904 0.150000 4.186534 0.030000 4.460267 0.030000 2.309970 0.030000 2.085963 0.030000
7.330916 0.030000 7.486803 0.030000 6.490726 0.030000 6.407204 0.030000 2.851479 0.030000 3.002473 0.030000 4.078222 0.030000 4.554963 0.030000 2.386678 0.030000 2.075952 0.030000
7.313912 0.030000 7.551874 0.030000 6.475801 0.030000 6.385144 0.030000 2.902103 0.030000 3.262573 0.150000 4.105546 0.030000 4.432859 0.030000 2.385297 0.030000 2.359581 0.150000
7.319627 0.030000 7.477486 0.030000 6.493040 0.030000 6.312331 0.150000 2.818937 0.030000 2.970901 0.030000 4.084058 0.030000 4.405102 0.030000 2.459229 0.030000 2.116054 0.030000
7.307036 0.030000 7.484013 0.030000 6.487570 0.030000 6.319631 0.030000 2.839880 0.030000 2.914724 0.030000 4.059589 0.030000 4.456725 0.030000 2.429876 0.030000 2.169537 0.030000
7.217416 0.030000 7.467890 0.030000 6.473449 0.030000 6.304827 0.030000 2.823040 0.030000 2.962150 0.030000 4.640819 0.150000 4.358703 0.030000 2.462479 0.150000 2.143923 0.030000
7.183211 0.030000 7.417229 0.030000 7.016959 0.150000 6.406680 0.030000 2.768263 0.030000 2.883727 0.030000 4.016456 0.030000 4.319243 0.030000 2.461921 0.030000 2.181615 0.030000
7.291404 0.030000 7.427084 0.030000 6.497885 0.030000 6.379356 0.030000 2.844416 0.030000 2.950320 0.030000 3.951312 0.030000 4.332673 0.030000 2.513057 0.030000 2.179519 0.030000
7.232640 0.030000 7.447188 0.030000 6.502923 0.030000 6.449897 0.030000 2.761260 0.030000 2.898463 0.030000 3.923251 0.030000 4.240030 0.030000 2.550527 0.030000 2.229861 0.030000
7.168630 0.030000 7.373761 0.030000 6.567131 0.030000 6.454515 0.030000 2.789221 0.030000 3.329107 0.150000 3.970504 0.030000 4.298007 0.030000 2.569206 0.030000 2.234900 0.030000
7.174192 0.030000 7.364055 0.030000 6.561708 0.030000 6.478231 0.030000 2.839681 0.030000 2.915661 0.030000 3.942402 0.030000 4.242612 0.030000 2.612174 0.030000 2.312292 0.030000
7.122817 0.030000 7.362911 0.030000 6.589106 0.030000 6.457670 0.030000 3.015526 0.150000 2.905210 0.030000 3.862279 0.030000 4.229450 0.030000 2.633551 0.030000 2.320643 0.030000
7.141522 0.030000 7.355802 0.030000 6.624507 0.030000 6.473042 0.030000 2.669621 0.150000 2.838992 0.030000 3.830840 0.030000 4.168004 0.030000 2.683963 0.030000 2.348710 0.030000
7.090036 0.030000 7.615568 0.150000 6.546351 0.030000 6.476552 0.030000 2.751268 0.030000 2.792429 0.030000 3.792812 0.030000 4.144095 0.030000 2.697353 0.030000 2.397260 0.030000
7.158819 0.030000 7.363383 0.030000 6.582159 0.030000 6.492533 0.030000 2.759629 0.030000 2.836022 0.030000 3.747660 0.030000 4.108661 0.030000 3.183251 0.150000 2.416276 0.030000
7.108064 0.030000 7.283788 0.030000 6.606639 0.030000 6.414211 0.030000 2.710596 0.030000 2.807115 0.030000 3.948008 0.150000 4.069283 0.030000 2.727837 0.030000 2.368913 0.030000
7.044446 0.030000 7.249365 0.030000 6.631062 0.030000 6.929629 0.150000 2.746338 0.030000 3.299365 0.150000 3.739068 0.030000 4.070041 0.030000 2.741891 0.030000 2.489163 0.030000
7.099814 0.030000 7.264645 0.030000 6.585858 0.030000 6.488675 0.030000 2.645050 0.030000 2.839056 0.030000 3.707796 0.030000 3.999338 0.030000 2.787182 0.030000 2.451292 0.030000
7.057103 0.030000 7.231123 0.030000 6.648937 0.030000 6.481531 0.030000 2.751186 0.030000 2.824265 0.030000 3.689686 0.030000 3.966494 0.030000 2.874887 0.030000 2.587084 0.030000
7.077745 0.030000 7.189542 0.030000 6.685183 0.030000 6.503252 0.030000 2.742442 0.030000 2.767075 0.030000 3.626515 0.030000 4.028715 0.030000 2.868305 0.030000 2.599237 0.030000
7.086099 0.030000 7.225443 0.030000 6.637737 0.030000 6.611444 0.030000 2.744781 0.030000 2.757072 0.030000 3.648830 0.030000 3.958406 0.030000 2.875380 0.030000 2.945280 0.150000
6.980229 0.030000 7.344235 0.150000 6.632388 0.030000 6.563881 0.030000 2.687278 0.030000 2.765741 0.030000 3.559767 0.030000 4.137287 0.150000 2.940888 0.030000 2.580001 0.030000
7.047478 0.030000 7.184535 0.030000 6.665168 0.030000 6.586499 0.030000 2.699550 0.030000 2.730963 0.030000 3.561322 0.030000 3.899047 0.030000 2.973576 0.030000 2.686607 0.150000
6.966344 0.030000 7.161797 0.030000 6.606356 0.030000 6.606078 0.030000 2.679000 0.030000 2.732475 0.030000 3.490574 0.030000 3.926859 0.030000 3.011189 0.030000 2.653683 0.030000
6.942193 0.030000 7.116741 0.030000 6.697342 0.030000 6.588842 0.030000 2.716370 0.030000 2.688137 0.030000 3.776696 0.150000 3.827466 0.030000 3.027205 0.030000 2.656866 0.030000
7.030160 0.030000 7.057353 0.030000 6.744091 0.030000 6.575970 0.030000 2.671717 0.030000 2.702693 0.030000 3.435972 0.030000 3.840663 0.030000 2.989771 0.030000 2.682784 0.030000
6.953900 0.030000 7.106324 0.030000 6.717992 0.030000 6.567213 0.030000 2.696119 0.030000 2.756075 0.030000 3.418369 0.030000 3.739978 0.030000 3.018383 0.030000 2.694571 0.030000
6.909183 0.030000 7.151129 0.030000 6.719584 0.030000 6.602366 0.030000 2.685287 0.030000 2.757689 0.030000 3.443065 0.030000 3.737829 0.030000 3.050872 0.030000 2.730198 0.030000
6.949811 0.030000 7.094673 0.030000 6.708808 0.030000 6.623817 0.030000 2.711909 0.150000 2.692892 0.030000 3.353870 0.030000 3.685929 0.030000 3.100500 0.030000 2.857786 0.030000
6.873244 0.030000 7.051825 0.030000 6.747423 0.030000 6.599745 0.150000 2.638763 0.030000 2.679007 0.030000 3.405299 0.030000 3.684246 0.030000 3.076338 0.030000 2.788987 0.030000
6.913371 0.030000 7.041340 0.030000 6.791619 0.030000 6.632624 0.030000 2.642941 0.030000 2.706366 0.150000 3.311696 0.030000 3.816334 0.150000 3.179567 0.030000 2.823645 0.030000
6.843006 0.030000 7.054846 0.030000 6.784617 0.030000 6.685978 0.030000 2.699074 0.030000 3.050838 0.150000 3.336761 0.030000 3.654581 0.030000 3.633926 0.150000 2.859504 0.030000
6.885032 0.030000 7.057715 0.030000 6.793272 0.030000 6.675851 0.030000 2.741895 0.030000 2.709111 0.030000 3.270644 0.030000 3.607092 0.030000 3.171750 0.030000 2.821050 0.030000
6.851312 0.030000 7.033283 0.030000 6.785825 0.150000 6.661020 0.030000 2.715456 0.150000 2.710178 0.030000 3.277440 0.030000 3.568487 0.030000 3.244218 0.030000 2.914232 0.030000
6.805813 0.030000 6.933341 0.030000 6.883564 0.030000 6.685063 0.030000 2.617670 0.030000 2.619996 0.030000 3.220788 0.030000 3.567080 0.030000 3.272647 0.030000 2.906352 0.030000
6.789757 0.030000 6.990181 0.030000 7.087527 0.150000 6.732501 0.030000 2.662129 0.030000 2.721242 0.030000 3.231934 0.030000 3.510291 0.030000 3.291198 0.030000 3.003443 0.030000
6.784205 0.030000 6.971450 0.030000 6.858647 0.030000 6.788960 0.030000 2.665462 0.030000 2.733960 0.030000 3.223311 0.030000 3.497246 0.030000 3.719008 0.150000 2.993743 0.030000
6.771618 0.030000 7.543948 0.150000 6.838162 0.030000 6.701861 0.030000 2.639817 0.030000 2.624499 0.030000 3.102008 0.030000 3.458115 0.030000 3.377066 0.030000 3.041153 0.030000
6.727896 0.030000 6.934026 0.030000 6.872343 0.030000 6.751032 0.030000 2.669374 0.030000 2.573399 0.150000 3.110521 0.030000 3.414331 0.030000 3.363586 0.030000 3.078675 0.030000
6.756273 0.030000 6.884796 0.030000 6.909785 0.030000 6.744008 0.030000 2.612249 0.030000 2.708822 0.030000 3.076803 0.030000 3.395081 0.030000 3.526318 0.150000 3.054016 0.030000
6.734037 0.030000 6.900201 0.030000 6.917183 0.030000 6.755436 0.030000 2.647203 0.030000 2.655790 0.030000 3.007386 0.030000 3.364324 0.030000 3.436793 0.030000 3.079534 0.030000
6.726896 0.030000 6.889504 0.030000 6.926418 0.030000 6.787836 0.030000 2.690751 0.030000 2.656624 0.030000 3.046574 0.030000 3.344688 0.030000 3.468092 0.030000 3.179728 0.030000
7.083761 0.150000 6.669493 0.150000 6.940967 0.030000 6.771880 0.030000 2.669062 0.030000 2.656332 0.030000 2.969972 0.030000 3.364896 0.030000 3.506810 0.030000 3.169883 0.030000
6.859197 0.150000 6.907134 0.030000 6.967161 0.030000 6.760462 0.030000 2.661749 0.030000 2.673418 0.030000 2.948659 0.030000 3.343581 0.030000 3.506710 0.030000 3.218251 0.030000
6.718906 0.030000 6.860559 0.030000 6.923970 0.030000 6.837096 0.030000 2.711274 0.030000 2.628992 0.030000 2.940593 0.030000 3.254269 0.030000 3.564889 0.030000 3.281169 0.030000
6.681327 0.030000 6.812692 0.030000 6.957534 0.030000 6.844346 0.030000 2.736559 0.030000 2.654058 0.030000 2.914962 0.030000 3.251247 0.030000 3.593219 0.030000 3.269916 0.030000
6.685631 0.030000 6.835002 0.030000 6.728566 0.150000 6.810173 0.030000 2.714004 0.030000 2.686539 0.030000 2.905288 0.030000 3.180139 0.030000 3.560800 0.030000 3.272545 0.030000
6.643480 0.030000 6.823205 0.030000 6.985593 0.030000 6.816637 0.030000 2.663990 0.030000 2.654367 0.030000 2.859491 0.030000 3.173408 0.030000 3.640479 0.030000 3.409152 0.150000
6.634349 0.030000 6.756634 0.030000 7.618727 0.150000 6.846751 0.030000 2.710277 0.030000 2.671576 0.030000 2.842677 0.030000 3.183505 0.030000 3.632867 0.030000 3.277015 0.030000
6.656901 0.030000 6.806867 0.030000 7.069651 0.030000 6.899999 0.030000 2.650090 0.030000 2.646098 0.030000 2.818592 0.030000 3.104975 0.030000 3.685729 0.030000 3.361966 0.030000
6.541931 0.030000 6.844419 0.030000 7.035544 0.030000 6.892225 0.030000 2.676912 0.030000 2.595634 0.030000 2.821026 0.030000 3.259851 0.150000 3.718957 0.030000 3.448174 0.030000
6.639467 0.030000 7.101520 0.150000 7.063146 0.030000 6.933235 0.030000 2.704583 0.030000 2.660281 0.030000 2.756628 0.030000 3.061518 0.030000 3.600670 0.150000 3.397648 0.030000
7.817507 0.150000 6.715625 0.030000 7.146612 0.030000 6.898544 0.030000 2.757168 0.030000 2.651532 0.030000 2.722146 0.030000 3.047907 0.030000 3.768862 0.030000 3.453346 0.030000
6.643352 0.030000 7.199608 0.150000 7.143747 0.030000 6.936835 0.030000 2.686803 0.030000 3.323692 0.150000 2.673907 0.030000 3.003109 0.030000 4.081515 0.150000 3.481083 0.030000
6.542736 0.030000 6.787958 0.030000 7.132740 0.030000 6.956972 0.030000 2.697839 0.030000 2.730777 0.030000 2.648819 0.030000 3.016307 0.030000 3.873585 0.030000 3.493661 0.030000
6.553637 0.030000 6.688636 0.030000 7.105496 0.030000 6.988197 0.030000 2.743708 0.030000 2.692171 0.030000 2.684568 0.030000 2.982206 0.030000 3.862898 0.030000 3.492366 0.030000
6.573850 0.030000 6.998160 0.150000 7.098198 0.030000 6.932075 0.030000 2.778083 0.030000 3.256205 0.150000 2.622903 0.030000 3.644923 0.150000 3.868044 0.030000 3.581118 0.030000
6.535390 0.030000 6.703635 0.030000 6.905684 0.150000 6.989275 0.030000 2.818875 0.030000 2.664972 0.030000 2.596847 0.030000 2.877709 0.030000 4.936974 0.150000 3.616233 0.030000
6.521810 0.030000 6.659033 0.030000 7.204580 0.030000 7.029647 0.030000 2.735452 0.030000 2.624811 0.150000 2.556296 0.030000 2.877559 0.030000 3.960702 0.030000 3.623719 0.030000
6.508643 0.030000 6.659443 0.150000 7.180415 0.030000 7.000307 0.030000 2.729450 0.030000 2.712252 0.030000 2.465417 0.030000 2.813606 0.030000 3.977010 0.030000 3.614661 0.030000
6.505019 0.030000 6.653246 0.030000 7.211126 0.030000 6.969776 0.030000 2.734567 0.030000 2.652143 0.030000 2.551337 0.030000 2.858987 0.030000 4.015285 0.030000 3.345417 0.150000
6.496825 0.030000 6.777140 0.150000 7.219237 0.030000 7.097276 0.030000 2.818096 0.030000 2.654822 0.030000 2.509731 0.030000 2.806054 0.030000 4.042994 0.030000 3.699882 0.030000
6.485260 0.030000 6.651309 0.030000 7.197691 0.030000 7.085227 0.030000 2.794459 0.030000 2.736382 0.030000 2.450739 0.030000 2.777934 0.030000 4.128225 0.030000 3.724699 0.030000
6.813273 0.150000 6.617165 0.030000 7.248097 0.030000 7.051215 0.030000 2.801831 0.030000 2.705427 0.030000 2.918531 0.150000 2.714321 0.030000 4.077421 0.030000 3.777768 0.030000
6.404317 0.030000 6.562692 0.030000 7.277071 0.030000 7.094911 0.030000 2.814619 0.030000 2.740414 0.030000 2.410194 0.030000 2.712797 0.030000 4.099948 0.030000 3.786530 0.030000
6.430636 0.030000 6.586874 0.030000 7.341080 0.150000 6.659146 0.150000 2.841271 0.030000 2.784024 0.030000 2.441132 0.030000 2.692065 0.030000 4.308551 0.150000 3.811049 0.030000
6.452811 0.030000 6.565686 0.030000 7.677720 0.150000 7.096953 0.030000 2.898572 0.030000 2.717830 0.030000 2.365337 0.030000 2.627834 0.030000 4.169498 0.030000 3.819746 0.030000
6.614557 0.150000 6.533660 0.030000 7.322633 0.030000 7.148427 0.030000 2.823438 0.030000 2.741230 0.030000 2.312589 0.030000 2.622140 0.030000 4.194968 0.150000 3.822926 0.150000
6.426353 0.030000 6.603559 0.030000 7.293865 0.030000 7.162621 0.030000 2.883858 0.030000 2.735277 0.030000 2.289710 0.030000 2.603064 0.030000 4.217228 0.030000 3.938926 0.030000
6.409170 0.030000 6.543856 0.030000 7.351964 0.030000 7.120274 0.030000 2.798185 0.030000 3.379266 0.150000 2.231403 0.030000 2.558165 0.030000 4.218190 0.030000 3.882703 0.030000
6.352750 0.030000 6.568214 0.030000 7.380240 0.030000 7.145000 0.030000 2.883359 0.030000 2.827577 0.030000 2.327274 0.030000 2.578748 0.030000 4.331891 0.030000 3.931807 0.030000
6.409434 0.030000 6.540218 0.030000 7.378247 0.030000 7.198691 0.030000 2.878444 0.030000 2.778484 0.030000 2.262877 0.030000 2.534067 0.030000 4.342460 0.030000 3.996103 0.030000
6.755520 0.150000 6.568657 0.030000 7.346086 0.030000 7.218826 0.030000 3.315713 0.150000 2.742918 0.030000 2.196035 0.030000 2.488625 0.030000 4.320442 0.030000 4.035945 0.030000
6.427763 0.030000 6.489537 0.030000 7.406717 0.030000 8.074674 0.150000 2.960809 0.030000 2.840930 0.030000 2.224740 0.030000 2.978350 0.150000 4.373222 0.030000 4.027303 0.030000
6.327732 0.030000 6.493222 0.030000 7.415489 0.030000 7.222734 0.030000 2.976352 0.030000 2.784034 0.030000 2.160291 0.030000 2.477974 0.030000 4.452571 0.030000 4.070598 0.030000
6.377738 0.030000 6.509665 0.030000 7.464018 0.030000 7.173847 0.030000 2.890298 0.030000 2.971677 0.150000 2.136446 0.030000 2.397225 0.150000 4.426608 0.030000 4.092197 0.030000
6.370452 0.030000 6.470680 0.030000 7.484379 0.030000 7.213010 0.030000 2.992950 0.030000 2.799998 0.030000 2.133967 0.030000 2.398666 0.030000 4.422339 0.030000 4.125080 0.030000
6.381338 0.030000 6.484627 0.030000 7.476463 0.030000 7.277304 0.030000 3.001100 0.030000 2.873581 0.030000 2.526670 0.150000 2.383129 0.030000 4.521856 0.030000 4.189040 0.030000
6.378409 0.030000 6.520046 0.150000 7.514160 0.030000 7.311026 0.030000 2.939598 0.030000 2.854198 0.030000 2.099370 0.030000 2.326804 0.030000 4.557652 0.030000 4.221494 0.030000
6.343071 0.030000 6.490564 0.030000 7.549842 0.030000 7.272203 0.030000 2.964854 0.030000 2.861289 0.030000 1.998667 0.030000 2.301854 0.030000 4.612574 0.030000 4.259364 0.030000
6.377762 0.030000 6.430535 0.030000 7.565461 0.030000 7.279342 0.030000 3.009574 0.030000 3.550160 0.150000 1.990108 0.030000 2.323836 0.030000 4.615276 0.030000 4.213546 0.030000
6.301210 0.030000 6.446988 0.030000 8.338532 0.150000 7.342406 0.030000 2.968929 0.030000 2.837895 0.030000 1.985352 0.030000 2.343561 0.030000 4.686913 0.030000 4.312408 0.030000
6.279016 0.030000 6.417072 0.030000 7.571850 0.030000 7.332291 0.030000 3.065973 0.150000 2.828278 0.030000 1.969145 0.030000 2.243756 0.030000 4.647559 0.030000 4.347346 0.030000
6.311718 0.030000 6.330518 0.030000 7.526490 0.030000 7.443603 0.030000 3.124979 0.150000 2.923453 0.030000 1.987941 0.030000 2.213780 0.030000 4.583501 0.150000 4.356332 0.030000
6.344068 0.030000 6.418348 0.030000 7.590120 0.030000 8.063393 0.150000 3.097375 0.030000 2.999572 0.150000 1.912652 0.030000 2.213093 0.030000 4.655262 0.030000 4.391040 0.030000
6.238347 0.030000 6.324918 0.030000 7.597352 0.030000 7.393812 0.030000 3.059358 0.030000 2.894104 0.030000 1.875786 0.030000 2.271137 0.030000 4.757690 0.030000 4.404107 0.030000
6.202914 0.030000 6.347659 0.030000 7.599219 0.030000 7.408467 0.030000 3.042891 0.030000 2.862637 0.030000 2.531902 0.150000 2.155661 0.030000 4.779352 0.030000 4.418496 0.030000
6.310504 0.030000 6.337143 0.030000 7.630847 0.030000 7.399148 0.030000 2.976369 0.150000 2.973590 0.030000 1.878024 0.030000 2.147469 0.030000 4.761122 0.030000 4.429026 0.030000
6.297802 0.030000 6.343469 0.030000 7.620871 0.030000 7.415150 0.030000 3.642081 0.150000 2.990634 0.030000 1.841946 0.030000 2.156665 0.030000 4.834596 0.030000 4.472133 0.030000
6.252403 0.030000 6.358346 0.030000 7.639967 0.030000 7.471484 0.030000 3.131496 0.030000 3.003694 0.030000 1.868104 0.030000 2.147665 0.030000 4.865089 0.030000 4.537339 0.030000
6.235663 0.030000 6.340173 0.030000 7.567850 0.150000 7.539607 0.030000 3.114670 0.030000 3.305862 0.150000 1.806821 0.030000 2.063263 0.030000 4.813049 0.030000 4.544223 0.030000
6.237781 0.030000 6.341176 0.030000 7.744275 0.150000 7.478194 0.030000 3.112354 0.030000 2.988623 0.030000 1.530684 0.150000 2.046881 0.030000 4.896178 0.030000 5.446430 0.150000
6.270864 0.030000 6.355919 0.030000 8.580445 0.150000 7.513415 0.030000 3.143368 0.030000 2.959807 0.030000 1.740520 0.030000 2.086801 0.030000 4.914237 0.030000 4.595269 0.030000
6.246481 0.030000 6.363136 0.030000 7.700806 0.030000 7.612006 0.150000 3.204134 0.030000 2.978329 0.030000 1.739546 0.030000 2.053325 0.030000 4.960609 0.030000 4.525250 0.030000
6.274682 0.030000 6.324016 0.030000 7.716443 0.030000 7.509951 0.030000 3.230664 0.030000 3.004575 0.030000 1.818868 0.030000 1.992009 0.030000 4.991218 0.030000 4.637121 0.030000
6.230084 0.030000 6.329605 0.030000 7.671606 0.030000 7.539786 0.030000 3.164770 0.030000 3.013218 0.030000 1.712457 0.030000 3.532921 0.150000 5.009976 0.030000 4.569265 0.030000
6.432826 0.150000 6.327222 0.030000 7.747673 0.030000 7.551998 0.030000 3.199589 0.030000 3.031951 0.030000 1.699844 0.030000 1.979662 0.030000 5.031374 0.030000 4.657344 0.030000
6.204371 0.030000 6.336823 0.030000 7.750001 0.030000 7.566660 0.030000 3.216022 0.030000 3.068972 0.030000 1.812618 0.030000 1.917065 0.030000 5.002256 0.030000 4.687884 0.030000
6.209756 0.030000 6.326918 0.030000 7.808784 0.030000 7.548449 0.030000 3.232879 0.030000 3.025119 0.030000 1.697308 0.030000 1.937808 0.030000 4.959287 0.030000 4.727274 0.030000
6.210150 0.030000 6.273834 0.030000 7.782002 0.030000 7.578054 0.030000 3.237095 0.030000 2.996570 0.030000 1.683730 0.030000 1.959229 0.030000 5.085853 0.030000 4.679133 0.030000
6.192311 0.030000 6.247957 0.030000 7.710925 0.030000 7.594933 0.030000 3.208152 0.030000 3.035895 0.030000 1.690434 0.030000 2.420966 0.150000 5.027035 0.030000 4.754882 0.030000
6.195276 0.030000 6.367282 0.030000 7.829916 0.030000 7.547518 0.030000 3.264118 0.030000 3.079660 0.030000 1.658718 0.030000 1.707593 0.150000 5.114703 0.030000 4.746181 0.030000
6.206940 0.030000 6.249844 0.030000 7.846010 0.030000 7.785016 0.150000 3.211350 0.030000 3.096310 0.030000 1.669457 0.030000 1.912502 0.030000 5.126641 0.150000 4.709148 0.030000
6.254249 0.030000 6.300178 0.030000 7.823924 0.030000 7.650230 0.030000 3.279037 0.030000 3.057051 0.030000 2.271360 0.150000 1.839964 0.030000 5.072909 0.030000 4.757850 0.030000
6.212798 0.030000 6.304885 0.030000 7.827783 0.030000 7.644192 0.030000 3.316258 0.030000 3.110951 0.030000 1.643370 0.030000 1.915326 0.030000 5.119855 0.030000 4.793948 0.030000
6.238390 0.030000 6.406952 0.150000 7.862191 0.030000 7.562380 0.030000 3.277333 0.030000 3.066568 0.030000 1.581966 0.030000 1.859446 0.030000 5.096666 0.150000 4.733453 0.030000
6.196924 0.030000 6.295248 0.030000 10.468678 0.150000 7.632842 0.030000 3.324819 0.030000 3.080825 0.030000 1.601011 0.030000 1.819316 0.030000 5.099279 0.030000 4.790485 0.030000
6.208210 0.030000 6.258822 0.030000 7.896432 0.030000 7.644156 0.030000 3.301055 0.030000 3.105285 0.030000 1.588037 0.150000 1.808124 0.030000 5.161880 0.030000 4.859918 0.030000
6.142732 0.030000 6.283301 0.030000 7.877285 0.030000 7.685841 0.030000 3.495076 0.150000 3.119838 0.030000 1.641708 0.030000 1.823008 0.030000 5.192035 0.030000 4.847771 0.030000
6.241132 0.030000 6.270898 0.030000 7.853309 0.030000 7.641452 0.030000 3.267926 0.030000 3.084039 0.030000 1.565891 0.030000 2.413901 0.150000 5.177759 0.030000 4.868918 0.030000
6.169444 0.030000 6.257635 0.030000 7.897571 0.030000 7.674526 0.030000 3.309337 0.030000 3.082164 0.030000 1.603574 0.030000 1.959131 0.150000 5.982249 0.150000 5.749835 0.150000
6.144274 0.030000 6.290114 0.030000 7.904625 0.030000 7.678239 0.030000 3.321217 0.030000 3.113411 0.030000 1.528711 0.030000 1.828035 0.030000 5.256500 0.030000 4.856101 0.030000
6.166642 0.030000 6.263327 0.030000 7.825177 0.030000 7.729262 0.030000 3.336122 0.030000 3.121415 0.030000 1.562394 0.030000 1.791664 0.030000 5.107178 0.150000 4.943489 0.030000
6.214783 0.030000 6.227589 0.030000 7.914508 0.030000 7.672499 0.030000 3.356168 0.030000 3.146079 0.030000 1.598614 0.030000 1.776028 0.030000 5.238002 0.030000 5.281061 0.150000
6.148037 0.030000 6.260993 0.030000 7.880962 0.030000 7.716941 0.030000 3.341706 0.030000 3.154806 0.030000 1.620252 0.030000 1.809164 0.030000 5.644544 0.150000 4.928760 0.030000
6.170852 0.030000 6.095874 0.150000 8.089155 0.150000 7.734792 0.030000 3.422421 0.030000 3.186050 0.030000 1.586162 0.030000 2.175321 0.150000 5.266472 0.030000 4.840426 0.030000
6.160051 0.030000 6.229683 0.030000 7.906777 0.030000 7.781584 0.150000 3.396004 0.030000 3.141840 0.030000 1.509261 0.030000 1.747079 0.030000 5.230491 0.030000 4.925957 0.030000
