1.120663 0.030000 0.929812 0.030000 5.159152 0.030000 5.409642 0.030000 6.631057 0.030000 6.616379 0.150000 8.400270 0.030000 8.427834 0.030000 3.124965 0.030000 3.108489 0.030000 6.045228 0.030000 6.198851 0.030000 6.940944 0.030000 7.211880 0.150000
1.098489 0.030000 0.832594 0.150000 5.248772 0.030000 5.439341 0.030000 6.627569 0.030000 6.653298 0.030000 8.372129 0.030000 8.546243 0.030000 3.115631 0.030000 3.071806 0.030000 6.011676 0.030000 6.191953 0.030000 6.931113 0.030000 7.044650 0.030000
1.188173 0.030000 0.979245 0.030000 5.403578 0.150000 5.417213 0.030000 6.661407 0.030000 6.619880 0.030000 8.309391 0.030000 8.518144 0.030000 3.119527 0.030000 3.060869 0.030000 6.048211 0.030000 6.204436 0.030000 6.990196 0.150000 7.297602 0.150000
1.162401 0.030000 0.961977 0.030000 5.197921 0.030000 5.369038 0.030000 6.699859 0.030000 6.611011 0.030000 8.359720 0.030000 8.534184 0.030000 3.497053 0.150000 3.097862 0.030000 6.030300 0.030000 6.231973 0.030000 6.947543 0.030000 7.097150 0.030000
1.719917 0.150000 1.005081 0.030000 5.144668 0.030000 5.448783 0.030000 6.633019 0.030000 6.643425 0.030000 8.409570 0.030000 8.515206 0.030000 3.113129 0.030000 3.066888 0.030000 6.029339 0.030000 6.151709 0.030000 6.968863 0.030000 7.076255 0.030000
1.155276 0.030000 0.986509 0.030000 5.149407 0.030000 5.420860 0.030000 7.892253 0.150000 6.644631 0.030000 8.321529 0.030000 8.508065 0.030000 3.111390 0.030000 3.098131 0.030000 5.993596 0.030000 6.209774 0.030000 6.953508 0.030000 7.076631 0.030000
2.318017 0.150000 0.948928 0.030000 5.191091 0.030000 5.405462 0.030000 6.575255 0.150000 6.659645 0.030000 8.299881 0.030000 8.475940 0.030000 3.089111 0.030000 3.066075 0.030000 5.995893 0.030000 6.199730 0.030000 6.946164 0.030000 7.033501 0.030000
1.172067 0.030000 1.003056 0.030000 5.171109 0.030000 5.330499 0.030000 6.664199 0.030000 6.642786 0.030000 8.308306 0.030000 9.557584 0.150000 3.141600 0.030000 3.063914 0.030000 6.035700 0.030000 6.228165 0.030000 7.019038 0.030000 7.041265 0.030000
1.213044 0.030000 1.020964 0.030000 5.141458 0.030000 5.352848 0.030000 6.695483 0.030000 6.681824 0.030000 8.296579 0.030000 8.494971 0.030000 3.140235 0.030000 3.120387 0.030000 5.964772 0.030000 6.181603 0.030000 7.184616 0.150000 7.100097 0.030000
1.735837 0.150000 0.856676 0.150000 5.097200 0.030000 5.340692 0.030000 6.662269 0.030000 7.111046 0.150000 8.338249 0.030000 8.520500 0.030000 3.107997 0.030000 3.046612 0.030000 6.097125 0.150000 6.205141 0.030000 6.999938 0.030000 7.175710 0.150000
1.224627 0.030000 1.036485 0.030000 5.091619 0.030000 5.362418 0.150000 6.710664 0.030000 6.684759 0.030000 8.309687 0.030000 8.451855 0.030000 3.115962 0.030000 3.173017 0.030000 5.892423 0.030000 6.142478 0.030000 6.959461 0.030000 7.001515 0.030000
1.222303 0.030000 1.093940 0.030000 5.014294 0.030000 5.230749 0.150000 6.645302 0.030000 6.661116 0.030000 8.310919 0.030000 8.491788 0.030000 3.136758 0.030000 3.127100 0.030000 5.880795 0.030000 6.149141 0.030000 7.326721 0.150000 6.998819 0.030000
1.285392 0.030000 1.088259 0.030000 5.021240 0.030000 5.277678 0.030000 7.814508 0.150000 6.697196 0.030000 8.215178 0.030000 8.588348 0.150000 3.165626 0.030000 3.114254 0.030000 5.882670 0.030000 6.049125 0.150000 7.100792 0.150000 7.020810 0.030000
1.264542 0.030000 1.093485 0.030000 5.002629 0.030000 5.245513 0.030000 6.673867 0.030000 6.656118 0.030000 8.347811 0.150000 8.376133 0.030000 3.168162 0.030000 3.124713 0.030000 5.850613 0.030000 6.008908 0.030000 6.902987 0.030000 6.993976 0.030000
1.339249 0.030000 1.120939 0.030000 4.945358 0.030000 5.223960 0.030000 6.732535 0.030000 6.679684 0.030000 8.269609 0.030000 8.388222 0.030000 3.523906 0.150000 3.088283 0.030000 6.344605 0.150000 5.998208 0.030000 6.893903 0.030000 6.972635 0.030000
1.365450 0.030000 1.108785 0.030000 4.968917 0.030000 5.161542 0.030000 6.702039 0.030000 6.721329 0.030000 8.223004 0.030000 8.363039 0.030000 3.235267 0.030000 3.753893 0.150000 5.806536 0.030000 6.035326 0.030000 6.877812 0.030000 6.944256 0.030000
1.344008 0.030000 1.163755 0.030000 4.912988 0.030000 5.167774 0.030000 6.683317 0.030000 7.065819 0.150000 8.212109 0.030000 8.404025 0.030000 3.184953 0.030000 3.165473 0.030000 5.759540 0.030000 6.008281 0.030000 6.851579 0.030000 6.995215 0.030000
1.350519 0.030000 1.134112 0.030000 4.891360 0.030000 5.167389 0.030000 7.846561 0.150000 6.707827 0.030000 8.129941 0.030000 8.344619 0.030000 3.215465 0.030000 3.142622 0.030000 5.799878 0.030000 5.970773 0.030000 6.890125 0.030000 6.947597 0.030000
1.393703 0.030000 1.182194 0.030000 4.956044 0.150000 5.080030 0.030000 6.680284 0.030000 6.753127 0.030000 8.193008 0.030000 8.343965 0.030000 3.231479 0.030000 3.187190 0.030000 6.086305 0.150000 5.952844 0.030000 6.947830 0.030000 7.023596 0.150000
1.403420 0.030000 1.231931 0.030000 4.891007 0.030000 5.070750 0.030000 6.787317 0.030000 6.635045 0.030000 8.008761 0.150000 8.288264 0.030000 3.217465 0.030000 3.120281 0.030000 5.717120 0.030000 5.873979 0.030000 6.845052 0.030000 6.940469 0.030000
1.474685 0.030000 1.263116 0.030000 4.780216 0.030000 5.089701 0.030000 6.797802 0.030000 6.711849 0.030000 8.149295 0.030000 8.222891 0.030000 3.471781 0.150000 3.786524 0.150000 5.695047 0.030000 5.916746 0.030000 6.831910 0.030000 6.927783 0.030000
1.517443 0.030000 1.284802 0.030000 5.576773 0.150000 5.002856 0.030000 6.727307 0.030000 6.705460 0.030000 8.117109 0.030000 8.272131 0.030000 3.217891 0.030000 3.154111 0.030000 5.680669 0.030000 6.328107 0.150000 6.871104 0.030000 6.935782 0.030000
1.490423 0.030000 1.269480 0.030000 4.716172 0.030000 5.235909 0.150000 6.741585 0.030000 6.742274 0.030000 8.097531 0.030000 8.220547 0.030000 3.239614 0.030000 3.211168 0.030000 5.597047 0.030000 5.840354 0.030000 6.906909 0.030000 7.154768 0.150000
1.539629 0.030000 1.348432 0.030000 4.725903 0.030000 4.932087 0.030000 6.754012 0.030000 6.612703 0.030000 8.139273 0.030000 8.180751 0.030000 3.353595 0.030000 3.629001 0.150000 5.604027 0.030000 5.820542 0.030000 6.840709 0.030000 6.921423 0.030000
1.585770 0.030000 1.360077 0.030000 4.729689 0.030000 4.938472 0.030000 6.736343 0.030000 7.184362 0.150000 8.183768 0.150000 8.188846 0.030000 3.326676 0.030000 3.219020 0.030000 5.605802 0.030000 5.764428 0.030000 6.852113 0.030000 6.860157 0.030000
1.551416 0.030000 1.383316 0.030000 4.706718 0.150000 4.899962 0.030000 6.730487 0.030000 6.779927 0.030000 8.069698 0.030000 8.181623 0.030000 3.269622 0.030000 3.214946 0.030000 5.520995 0.030000 5.734606 0.030000 6.855648 0.030000 6.885567 0.030000
1.629806 0.150000 1.411067 0.030000 4.617193 0.030000 4.890893 0.030000 6.743325 0.030000 6.768356 0.030000 8.039094 0.030000 8.328089 0.150000 3.285976 0.030000 3.194342 0.030000 5.562919 0.030000 5.697601 0.030000 6.857409 0.030000 6.926862 0.030000
1.691001 0.150000 1.361717 0.030000 4.599799 0.030000 4.892179 0.030000 6.851426 0.030000 6.717176 0.030000 8.018709 0.030000 8.989772 0.150000 3.295945 0.030000 3.225906 0.030000 5.464427 0.030000 5.746104 0.030000 6.809428 0.030000 6.824109 0.030000
1.700572 0.030000 1.371871 0.030000 4.555271 0.030000 4.846673 0.030000 6.780177 0.030000 6.695153 0.030000 7.974114 0.030000 8.114224 0.030000 3.325004 0.030000 3.283446 0.030000 5.527444 0.030000 5.850122 0.150000 6.814310 0.030000 6.909975 0.030000
1.672901 0.030000 1.484100 0.030000 4.462286 0.030000 4.725018 0.030000 6.804850 0.030000 6.738836 0.030000 7.957043 0.030000 8.123425 0.030000 3.386906 0.030000 3.249241 0.030000 5.380851 0.150000 5.620067 0.030000 6.799742 0.030000 6.924636 0.030000
1.707088 0.030000 1.529785 0.030000 4.488373 0.030000 4.739601 0.030000 6.767888 0.030000 6.787598 0.030000 7.964072 0.030000 8.106831 0.030000 3.373739 0.030000 3.288690 0.030000 5.438852 0.030000 5.621418 0.030000 6.806981 0.030000 6.914071 0.030000
1.775523 0.030000 1.549519 0.030000 4.462640 0.030000 4.704647 0.030000 7.079494 0.150000 6.787902 0.030000 7.915329 0.030000 8.067182 0.030000 3.399319 0.030000 4.258406 0.150000 5.409992 0.030000 5.620077 0.030000 6.772750 0.030000 6.877791 0.030000
1.885875 0.150000 1.537025 0.030000 4.444841 0.030000 4.699962 0.030000 6.801393 0.030000 6.783213 0.030000 7.905392 0.030000 8.092011 0.030000 3.387848 0.030000 3.233594 0.030000 5.378987 0.030000 5.581089 0.030000 7.107539 0.150000 7.027038 0.150000
1.843272 0.030000 1.601438 0.030000 4.392335 0.030000 4.665301 0.030000 6.798567 0.030000 6.731054 0.030000 7.925102 0.030000 8.028037 0.030000 3.574042 0.150000 3.320554 0.030000 5.295600 0.030000 5.548822 0.030000 6.769272 0.030000 6.832486 0.030000
1.849324 0.030000 1.592918 0.030000 4.428956 0.030000 4.611652 0.030000 6.808654 0.030000 6.753759 0.030000 7.858683 0.030000 8.029916 0.030000 3.233776 0.150000 3.333573 0.030000 5.364628 0.030000 5.505808 0.030000 6.758214 0.030000 6.819935 0.030000
2.567858 0.150000 1.657215 0.030000 4.322385 0.030000 4.570992 0.030000 6.826815 0.030000 6.784117 0.030000 7.886695 0.030000 7.996784 0.030000 3.428894 0.030000 3.298200 0.030000 5.222631 0.030000 5.483778 0.030000 6.783807 0.030000 6.799633 0.030000
1.883113 0.030000 1.658619 0.030000 4.165513 0.150000 4.575059 0.030000 6.866616 0.030000 6.748969 0.030000 7.838201 0.030000 8.534695 0.150000 3.454755 0.030000 3.329399 0.030000 5.248120 0.030000 5.534574 0.030000 6.773079 0.030000 6.776412 0.030000
1.878989 0.030000 1.710559 0.030000 4.333655 0.030000 4.527804 0.030000 6.857908 0.030000 6.790084 0.030000 7.826342 0.030000 8.530060 0.150000 3.465378 0.030000 3.326914 0.030000 5.308951 0.030000 5.437313 0.030000 6.762313 0.030000 6.814142 0.030000
1.944525 0.030000 1.714956 0.030000 4.277717 0.030000 4.465772 0.030000 6.851805 0.030000 6.793756 0.030000 7.799533 0.030000 7.928251 0.030000 3.479231 0.030000 3.353960 0.030000 5.258282 0.030000 5.482070 0.030000 6.732197 0.030000 6.777077 0.030000
2.182425 0.150000 1.774314 0.030000 4.226933 0.030000 4.433436 0.030000 6.851908 0.030000 7.117479 0.150000 7.794533 0.030000 7.920470 0.030000 3.487967 0.030000 3.384125 0.030000 5.467607 0.150000 5.367417 0.030000 6.720735 0.030000 6.800862 0.030000
2.027644 0.030000 1.795807 0.030000 4.252586 0.030000 4.436688 0.030000 6.898730 0.030000 6.763536 0.030000 7.818990 0.030000 7.927425 0.030000 3.498264 0.030000 3.441797 0.030000 5.144403 0.030000 5.332312 0.030000 6.684098 0.030000 6.784105 0.030000
2.014683 0.030000 1.757578 0.030000 4.165764 0.030000 4.423564 0.030000 6.890330 0.030000 6.830866 0.030000 7.814780 0.030000 7.878754 0.030000 3.459557 0.030000 3.381741 0.030000 5.115803 0.030000 5.385988 0.030000 6.730806 0.030000 6.769036 0.030000
2.073367 0.030000 3.135949 0.150000 4.172090 0.030000 4.416426 0.030000 6.832677 0.030000 6.785442 0.030000 7.764309 0.030000 7.846715 0.030000 3.664401 0.150000 3.395591 0.030000 5.145573 0.030000 5.317894 0.030000 6.667358 0.030000 6.716044 0.030000
2.070023 0.030000 1.875326 0.030000 4.336373 0.150000 4.360701 0.030000 6.955663 0.030000 6.867172 0.030000 7.783655 0.030000 7.833399 0.030000 3.502945 0.030000 3.465654 0.030000 5.044069 0.150000 5.476958 0.150000 6.727729 0.030000 6.771496 0.030000
2.109716 0.030000 1.842988 0.030000 4.088374 0.030000 4.280778 0.030000 6.898973 0.030000 6.807404 0.030000 7.753251 0.030000 7.836919 0.150000 3.601022 0.030000 3.826787 0.150000 5.118817 0.030000 5.265333 0.030000 6.705419 0.030000 6.780261 0.030000
2.224231 0.030000 1.866716 0.030000 4.736049 0.150000 4.301240 0.030000 6.937145 0.030000 6.854268 0.030000 7.696455 0.030000 7.860108 0.030000 3.603292 0.030000 3.434987 0.030000 5.004954 0.030000 5.286246 0.030000 6.721881 0.030000 6.991783 0.150000
2.146157 0.150000 1.966698 0.030000 3.985087 0.030000 4.276371 0.030000 6.886487 0.030000 6.863812 0.030000 7.642624 0.030000 7.814065 0.030000 3.663821 0.030000 3.499409 0.030000 5.025583 0.030000 5.221376 0.030000 6.655834 0.030000 6.751636 0.030000
2.245657 0.030000 1.983096 0.030000 3.997226 0.030000 4.235987 0.030000 6.962113 0.030000 6.854660 0.030000 7.660189 0.030000 7.768091 0.030000 3.593827 0.030000 3.883133 0.150000 4.968862 0.030000 5.168472 0.030000 6.705497 0.030000 6.705368 0.030000
2.256073 0.030000 1.990560 0.030000 4.016915 0.030000 4.249672 0.150000 6.930027 0.030000 6.875569 0.030000 7.659257 0.030000 7.783504 0.030000 3.654789 0.030000 3.487410 0.030000 4.944138 0.030000 5.200355 0.030000 6.683924 0.030000 6.762192 0.030000
2.220569 0.030000 1.992963 0.030000 3.954720 0.030000 4.181856 0.030000 7.017286 0.030000 6.905047 0.030000 7.574073 0.030000 7.779476 0.030000 3.679686 0.030000 3.468062 0.030000 4.968904 0.030000 5.175719 0.030000 6.757543 0.150000 6.731131 0.030000
2.603949 0.150000 2.132479 0.150000 3.923922 0.030000 4.140641 0.030000 6.972130 0.030000 6.877996 0.030000 7.660506 0.030000 7.808175 0.150000 3.675042 0.030000 4.443026 0.150000 4.959679 0.030000 5.130666 0.030000 6.716595 0.030000 7.590742 0.150000
2.334409 0.030000 2.120832 0.030000 3.901179 0.030000 4.135913 0.030000 7.032112 0.030000 6.886258 0.030000 7.607993 0.030000 7.695553 0.030000 3.728113 0.030000 3.520747 0.030000 4.890686 0.030000 5.107425 0.030000 6.674316 0.030000 6.755649 0.030000
2.340140 0.030000 2.099772 0.030000 3.767890 0.030000 4.305352 0.150000 7.019259 0.030000 6.889141 0.030000 7.650370 0.030000 7.744394 0.030000 3.678681 0.030000 3.551711 0.030000 4.933373 0.030000 5.094004 0.030000 6.655353 0.030000 6.675503 0.030000
2.412945 0.030000 2.155887 0.030000 3.816361 0.030000 4.100705 0.030000 6.974576 0.030000 6.903660 0.030000 7.566359 0.030000 7.702694 0.030000 3.703210 0.030000 3.566308 0.030000 4.878811 0.030000 5.096343 0.030000 6.641507 0.030000 6.702241 0.030000
2.413458 0.030000 2.177108 0.030000 3.810574 0.030000 3.996590 0.030000 6.989300 0.030000 6.984884 0.030000 7.575800 0.030000 7.705550 0.030000 3.717429 0.030000 3.575599 0.030000 4.866440 0.030000 4.996107 0.030000 6.674015 0.030000 6.634126 0.030000
2.457561 0.030000 2.181084 0.030000 3.755496 0.030000 3.964348 0.030000 7.003525 0.030000 6.917380 0.030000 7.565076 0.030000 7.664250 0.030000 4.048879 0.150000 4.182895 0.150000 4.806639 0.030000 5.028805 0.030000 6.715421 0.030000 6.673065 0.030000
2.491233 0.030000 2.197066 0.030000 3.738938 0.030000 3.988265 0.030000 7.002044 0.030000 6.955658 0.030000 7.916959 0.150000 7.680753 0.030000 3.820933 0.030000 3.634655 0.030000 4.778497 0.030000 4.985409 0.030000 6.642216 0.030000 6.739373 0.030000
2.488213 0.030000 2.279963 0.030000 3.639736 0.030000 3.950391 0.030000 7.723665 0.150000 6.943418 0.030000 7.550896 0.030000 7.683769 0.030000 3.795701 0.030000 3.609399 0.030000 4.778627 0.030000 4.962686 0.030000 6.690190 0.030000 6.766597 0.030000
2.530198 0.030000 2.301429 0.030000 3.776392 0.030000 3.941537 0.030000 7.065621 0.030000 6.968927 0.030000 7.571331 0.030000 7.580788 0.030000 3.793448 0.030000 3.739407 0.030000 5.066498 0.150000 4.952486 0.030000 6.661944 0.030000 6.638826 0.030000
2.567506 0.030000 2.294268 0.030000 3.577645 0.030000 3.883055 0.030000 7.039092 0.030000 7.009223 0.030000 7.524414 0.030000 7.604300 0.030000 4.427618 0.150000 3.697906 0.030000 4.753108 0.030000 4.888001 0.030000 6.648213 0.030000 6.672292 0.030000
2.554677 0.030000 2.371474 0.030000 3.598524 0.030000 3.870850 0.030000 7.075978 0.030000 6.975829 0.030000 7.448646 0.030000 7.580525 0.030000 3.850012 0.030000 3.751199 0.030000 4.739177 0.030000 4.864359 0.030000 6.671116 0.030000 6.657415 0.030000
2.583675 0.030000 2.377678 0.030000 3.618655 0.030000 3.790581 0.030000 7.092573 0.030000 6.806525 0.150000 7.447574 0.030000 7.559569 0.030000 4.124899 0.150000 3.707787 0.030000 4.673621 0.030000 4.873833 0.030000 6.687994 0.030000 6.681231 0.030000
2.620575 0.030000 2.364898 0.030000 3.539860 0.030000 3.803290 0.030000 7.085681 0.030000 6.985121 0.030000 7.473556 0.030000 7.598366 0.030000 3.882853 0.030000 3.722884 0.030000 4.640229 0.030000 4.840400 0.030000 6.595203 0.030000 6.627769 0.030000
2.689076 0.030000 2.437549 0.030000 3.466658 0.030000 3.711759 0.030000 7.074483 0.030000 7.008476 0.030000 7.434880 0.030000 7.541331 0.030000 3.932441 0.030000 3.915870 0.150000 4.659356 0.030000 4.833325 0.030000 6.636728 0.030000 6.690008 0.030000
2.714095 0.030000 2.457662 0.030000 3.481493 0.030000 3.834700 0.150000 7.063895 0.030000 7.047972 0.030000 7.421114 0.030000 7.478150 0.030000 3.954993 0.030000 4.083760 0.150000 4.621918 0.030000 4.805442 0.030000 6.578443 0.030000 6.645350 0.030000
2.727431 0.030000 2.486874 0.030000 3.429591 0.030000 3.713835 0.030000 6.991472 0.150000 7.005722 0.030000 7.421997 0.030000 7.533755 0.030000 3.931284 0.030000 3.768708 0.030000 4.598361 0.030000 4.734904 0.030000 6.662635 0.030000 6.647972 0.030000
2.734747 0.030000 2.536981 0.030000 3.456466 0.030000 3.685842 0.030000 7.124980 0.030000 7.052617 0.030000 7.384583 0.030000 7.515500 0.030000 3.962907 0.030000 3.813367 0.030000 4.543246 0.030000 4.749621 0.030000 6.638906 0.030000 6.671966 0.030000
2.770447 0.030000 2.584104 0.030000 3.883112 0.150000 3.697415 0.030000 7.091042 0.030000 7.049204 0.030000 7.385555 0.030000 7.479140 0.030000 4.032760 0.030000 3.780229 0.030000 4.513175 0.030000 4.796714 0.030000 6.611792 0.030000 6.639856 0.030000
2.738287 0.030000 2.544184 0.030000 3.340697 0.030000 3.643882 0.030000 7.374754 0.150000 7.094388 0.030000 7.307026 0.030000 7.491742 0.030000 4.024122 0.030000 3.791677 0.030000 4.554206 0.030000 4.774273 0.150000 6.577473 0.150000 6.559339 0.030000
2.845299 0.030000 2.616285 0.030000 3.376384 0.030000 3.623763 0.030000 7.155984 0.030000 7.077952 0.030000 7.341228 0.030000 7.468482 0.030000 3.978905 0.030000 3.830839 0.030000 4.521844 0.030000 4.722747 0.030000 6.666542 0.030000 6.653548 0.030000
2.883915 0.030000 2.618628 0.030000 3.288262 0.030000 3.541187 0.030000 7.143843 0.030000 7.070351 0.030000 7.539121 0.150000 7.445777 0.030000 4.040260 0.030000 3.879288 0.030000 4.486253 0.030000 4.635499 0.030000 6.590770 0.030000 6.654262 0.030000
2.888881 0.030000 2.602489 0.030000 3.292942 0.030000 3.514888 0.030000 7.506726 0.150000 7.113809 0.030000 7.326263 0.030000 7.406224 0.030000 4.042129 0.030000 3.925384 0.030000 4.354801 0.030000 4.648125 0.030000 6.631370 0.030000 6.621686 0.030000
2.955210 0.030000 2.667703 0.030000 3.203676 0.030000 3.532293 0.030000 7.239227 0.030000 7.151423 0.150000 7.320176 0.030000 7.401310 0.030000 4.459876 0.150000 3.969860 0.030000 4.399071 0.030000 4.565160 0.030000 6.639616 0.030000 6.642347 0.030000
2.924860 0.030000 2.725148 0.030000 3.191135 0.030000 3.497558 0.030000 7.202645 0.030000 7.107319 0.030000 7.319350 0.030000 7.381922 0.030000 4.058738 0.150000 3.851266 0.030000 4.416374 0.030000 4.559084 0.030000 6.622211 0.030000 7.466653 0.150000
3.023098 0.030000 2.761254 0.030000 3.203898 0.030000 3.439587 0.030000 7.229524 0.030000 7.110804 0.030000 7.336632 0.030000 7.354052 0.030000 4.077583 0.030000 3.925275 0.030000 4.426793 0.030000 4.568362 0.030000 6.640885 0.030000 6.422070 0.150000
3.014195 0.030000 2.776967 0.030000 3.180232 0.030000 3.455890 0.030000 8.123017 0.150000 7.151599 0.030000 7.264809 0.030000 7.407556 0.030000 4.167966 0.030000 4.042476 0.030000 4.378918 0.030000 4.552778 0.030000 6.617615 0.030000 6.600431 0.030000
3.118936 0.030000 2.784327 0.030000 3.101683 0.030000 3.428144 0.030000 7.226006 0.030000 7.173857 0.030000 7.260260 0.030000 7.403790 0.030000 4.147485 0.030000 3.951320 0.030000 4.327145 0.030000 4.515252 0.030000 6.576429 0.030000 6.628446 0.030000
3.047832 0.030000 2.823131 0.030000 3.072947 0.030000 3.291159 0.150000 7.270646 0.030000 7.155192 0.030000 7.273449 0.030000 7.364720 0.030000 4.189692 0.030000 4.014473 0.030000 4.360128 0.030000 4.501898 0.030000 6.667022 0.030000 6.566082 0.030000
3.675645 0.150000 2.871774 0.030000 3.164888 0.030000 3.400179 0.030000 7.290212 0.030000 7.796908 0.150000 7.235160 0.030000 7.600901 0.150000 4.162664 0.030000 4.043074 0.030000 4.326788 0.030000 4.468697 0.030000 6.609949 0.030000 6.639895 0.030000
3.144675 0.030000 2.827353 0.030000 3.031100 0.030000 3.448145 0.150000 7.241074 0.030000 7.229086 0.030000 7.220528 0.030000 7.288688 0.030000 4.246561 0.030000 4.049140 0.030000 4.277590 0.030000 4.445762 0.030000 6.592548 0.030000 6.644002 0.030000
3.112258 0.030000 2.786995 0.150000 3.045289 0.030000 3.524964 0.150000 7.326630 0.030000 7.226503 0.030000 7.198316 0.030000 7.302824 0.030000 4.216813 0.030000 4.306115 0.150000 4.281915 0.030000 5.062664 0.150000 6.592738 0.030000 6.610200 0.030000
3.175587 0.030000 2.940557 0.030000 3.295052 0.150000 3.245412 0.030000 7.263066 0.030000 7.245081 0.030000 7.220466 0.030000 7.273212 0.030000 4.251515 0.030000 4.087566 0.030000 4.217523 0.030000 4.459639 0.030000 6.672413 0.030000 6.641763 0.030000
3.222402 0.030000 2.964510 0.030000 2.948177 0.030000 4.339379 0.150000 7.297581 0.030000 7.214856 0.030000 7.218197 0.030000 7.248012 0.030000 4.262713 0.030000 4.143657 0.030000 4.220072 0.030000 4.404015 0.030000 6.631583 0.030000 6.656601 0.030000
3.295598 0.030000 3.015531 0.030000 3.160873 0.150000 3.184293 0.030000 7.345986 0.030000 7.230749 0.030000 7.204436 0.030000 7.315338 0.030000 4.241792 0.030000 4.134758 0.030000 4.180845 0.030000 4.368947 0.030000 6.595831 0.030000 6.604570 0.030000
3.271260 0.030000 2.997592 0.030000 2.975342 0.030000 3.145012 0.030000 7.311831 0.030000 7.256772 0.030000 7.170442 0.030000 7.261963 0.030000 4.321795 0.030000 4.135135 0.030000 4.162193 0.030000 4.322217 0.030000 6.627554 0.030000 6.652786 0.030000
3.249181 0.030000 4.031890 0.150000 2.931869 0.030000 3.082798 0.030000 7.409139 0.030000 7.218925 0.030000 7.166299 0.030000 7.194428 0.030000 4.369658 0.030000 4.127993 0.030000 4.163107 0.030000 4.656452 0.150000 6.596858 0.030000 6.610942 0.030000
3.353102 0.030000 3.080709 0.030000 3.060704 0.150000 3.068926 0.030000 7.355979 0.030000 7.314615 0.030000 7.105059 0.030000 8.440716 0.150000 4.379971 0.030000 4.178418 0.030000 4.177847 0.030000 4.293655 0.030000 6.644322 0.030000 6.640055 0.030000
3.373806 0.030000 3.153973 0.030000 2.838501 0.030000 3.110505 0.030000 7.401570 0.030000 7.314428 0.030000 7.117046 0.030000 7.310338 0.150000 4.377622 0.030000 4.216198 0.030000 4.086965 0.030000 4.325858 0.030000 6.930647 0.150000 6.566930 0.030000
3.512912 0.150000 3.138509 0.030000 2.807921 0.030000 3.420315 0.150000 7.414685 0.030000 7.620696 0.150000 7.283352 0.150000 7.211822 0.030000 4.419849 0.030000 4.729791 0.150000 4.037795 0.030000 4.226083 0.030000 6.634929 0.030000 6.616405 0.030000
3.455099 0.030000 3.059660 0.150000 2.774137 0.030000 2.963814 0.030000 7.440086 0.030000 7.337590 0.030000 7.111562 0.030000 7.200817 0.030000 4.404436 0.030000 4.259362 0.030000 4.091161 0.030000 4.302118 0.030000 6.620611 0.030000 6.637572 0.030000
3.433158 0.030000 3.216451 0.030000 2.710228 0.030000 3.011232 0.030000 7.806079 0.150000 7.330638 0.030000 7.174811 0.150000 7.211752 0.030000 4.466265 0.030000 4.283531 0.030000 4.131152 0.030000 4.195967 0.030000 6.597652 0.030000 6.577733 0.030000
3.761528 0.150000 3.210950 0.030000 2.642091 0.030000 2.912960 0.030000 7.412695 0.030000 7.698272 0.150000 7.029727 0.030000 7.229685 0.030000 4.513989 0.030000 4.633018 0.150000 4.060996 0.030000 4.206518 0.030000 6.641763 0.030000 6.598638 0.030000
3.523023 0.030000 3.058044 0.150000 2.658648 0.030000 2.962950 0.030000 7.463921 0.030000 7.361664 0.030000 7.073769 0.030000 7.245532 0.150000 4.537259 0.030000 4.326939 0.030000 4.016229 0.030000 4.204217 0.030000 6.612103 0.030000 6.601637 0.030000
3.505526 0.030000 3.304057 0.030000 2.590647 0.030000 2.817693 0.150000 7.949440 0.150000 7.365988 0.030000 7.066464 0.030000 7.173486 0.030000 4.573513 0.030000 4.347253 0.030000 3.988624 0.030000 4.198312 0.030000 7.154621 0.150000 6.929680 0.150000
3.562465 0.030000 3.390163 0.030000 2.673116 0.030000 2.849375 0.030000 7.483709 0.030000 7.348257 0.030000 7.062222 0.030000 7.098824 0.030000 4.606806 0.030000 4.346051 0.030000 4.373301 0.150000 4.177077 0.030000 7.279503 0.150000 6.654439 0.030000
3.583277 0.030000 3.311727 0.030000 2.566919 0.030000 2.846671 0.030000 7.273176 0.150000 7.382484 0.030000 7.052433 0.030000 7.092492 0.150000 4.540067 0.030000 4.384134 0.030000 3.976195 0.030000 4.124120 0.030000 6.561955 0.030000 6.793605 0.150000
3.684500 0.030000 3.367290 0.030000 2.533397 0.030000 2.808583 0.030000 7.507902 0.030000 7.371669 0.030000 7.023810 0.030000 7.125241 0.030000 5.259711 0.150000 4.406502 0.030000 4.432534 0.150000 4.100440 0.030000 6.610155 0.030000 6.631619 0.030000
3.642862 0.030000 4.057189 0.150000 2.894112 0.150000 2.787264 0.030000 7.493102 0.030000 7.367416 0.030000 7.029160 0.030000 7.117628 0.030000 4.575100 0.030000 4.419248 0.030000 3.893583 0.030000 4.123614 0.030000 6.663389 0.030000 6.671127 0.030000
3.683865 0.030000 3.439250 0.030000 2.520024 0.030000 2.755979 0.030000 7.552450 0.030000 7.400368 0.030000 7.046414 0.030000 7.117213 0.030000 4.684088 0.030000 4.780856 0.150000 3.929004 0.030000 4.101640 0.030000 6.609727 0.030000 6.668748 0.030000
3.750979 0.030000 3.692097 0.150000 2.482133 0.030000 2.705142 0.030000 7.540587 0.030000 7.464937 0.150000 6.985397 0.030000 7.112167 0.030000 4.485012 0.150000 4.532774 0.030000 3.856917 0.030000 4.019897 0.030000 6.659395 0.030000 6.642715 0.030000
3.723288 0.030000 3.584522 0.030000 2.457219 0.030000 2.684728 0.030000 7.601861 0.030000 7.457109 0.030000 6.932408 0.030000 7.032251 0.030000 4.670591 0.030000 4.461776 0.030000 3.908920 0.030000 3.981835 0.030000 6.595295 0.030000 6.609723 0.030000
3.787042 0.030000 3.531047 0.030000 2.417139 0.030000 2.628039 0.030000 7.525620 0.030000 7.420830 0.030000 6.938335 0.030000 7.024536 0.030000 5.407249 0.150000 4.560747 0.030000 3.804165 0.030000 3.999196 0.030000 6.640651 0.030000 6.606931 0.030000
3.803134 0.030000 3.573002 0.030000 2.399489 0.030000 2.697092 0.030000 7.593663 0.030000 7.474769 0.030000 7.194038 0.150000 7.050350 0.030000 4.705948 0.030000 4.529048 0.030000 3.799227 0.030000 3.967975 0.030000 6.696285 0.030000 6.651664 0.030000
3.848006 0.030000 3.607388 0.030000 2.359395 0.030000 2.605623 0.030000 7.580407 0.030000 7.479938 0.030000 6.905295 0.030000 6.967898 0.030000 4.768424 0.030000 4.620226 0.030000 3.814706 0.030000 3.987894 0.030000 6.614909 0.030000 6.609652 0.030000
3.854455 0.030000 3.660749 0.030000 2.352681 0.030000 2.605558 0.030000 7.636727 0.030000 7.547353 0.030000 6.980402 0.030000 7.036661 0.030000 4.745841 0.030000 4.596119 0.030000 3.789498 0.030000 3.967833 0.030000 6.663328 0.030000 6.629241 0.030000
3.891224 0.030000 3.675090 0.030000 2.275343 0.030000 2.542449 0.030000 7.648073 0.030000 7.486623 0.030000 6.923161 0.030000 7.604901 0.150000 4.816963 0.030000 4.602806 0.030000 3.768763 0.030000 3.926317 0.030000 6.619284 0.030000 6.624013 0.030000
3.935113 0.030000 3.825991 0.150000 2.291464 0.030000 2.505232 0.030000 7.623792 0.030000 7.485705 0.030000 6.940220 0.030000 6.996093 0.030000 4.764151 0.030000 4.774936 0.150000 3.759736 0.030000 4.732850 0.150000 6.694569 0.030000 6.629267 0.030000
3.909398 0.030000 3.741926 0.030000 2.231236 0.030000 2.464600 0.030000 7.680535 0.030000 7.556373 0.030000 6.928604 0.030000 6.985566 0.030000 4.846628 0.030000 4.610258 0.030000 3.714053 0.030000 4.952324 0.150000 6.588126 0.030000 6.620621 0.030000
3.924898 0.030000 3.718200 0.030000 2.170294 0.030000 2.469907 0.030000 7.715633 0.030000 7.558537 0.030000 6.920281 0.030000 6.998332 0.030000 4.916826 0.030000 4.640404 0.030000 3.690564 0.030000 3.842723 0.030000 6.897010 0.150000 6.596852 0.030000
3.956992 0.030000 3.740812 0.030000 2.178696 0.030000 2.447605 0.030000 7.700528 0.030000 7.583563 0.030000 7.126195 0.150000 6.970001 0.030000 4.889691 0.030000 4.687490 0.030000 3.707762 0.030000 3.841022 0.030000 6.690406 0.030000 6.620133 0.030000
4.017380 0.030000 3.736671 0.030000 2.161674 0.030000 2.438113 0.030000 7.754223 0.030000 8.157953 0.150000 6.961693 0.030000 6.976087 0.030000 4.953471 0.030000 4.727552 0.030000 3.705561 0.030000 3.841045 0.030000 7.073238 0.150000 6.631963 0.030000
4.012594 0.030000 4.467292 0.150000 2.157671 0.030000 2.325014 0.030000 7.669882 0.030000 7.641037 0.030000 7.005247 0.150000 6.968086 0.030000 4.956842 0.030000 4.744538 0.030000 3.672764 0.030000 3.835132 0.030000 6.696433 0.030000 6.655908 0.030000
4.146451 0.030000 3.831871 0.030000 2.076495 0.030000 2.373126 0.030000 7.747188 0.030000 8.384157 0.150000 6.839397 0.030000 6.949834 0.030000 4.970566 0.030000 4.744557 0.030000 3.598465 0.030000 3.770798 0.030000 6.727093 0.150000 6.678608 0.030000
4.206969 0.030000 3.861556 0.030000 2.098813 0.030000 2.276391 0.030000 7.718229 0.030000 7.640007 0.030000 6.862174 0.030000 6.946258 0.030000 5.008214 0.030000 4.856286 0.030000 3.586695 0.030000 3.822466 0.030000 6.691295 0.030000 6.660249 0.030000
4.142398 0.030000 3.913390 0.030000 2.053612 0.030000 2.264785 0.030000 7.772272 0.030000 7.629191 0.030000 6.774054 0.030000 7.682211 0.150000 5.009702 0.030000 4.844026 0.030000 3.579249 0.030000 4.203517 0.150000 6.683788 0.030000 6.645582 0.030000
4.176471 0.030000 3.980218 0.030000 2.054777 0.030000 2.265830 0.030000 7.820885 0.030000 7.677485 0.030000 6.879237 0.030000 6.912514 0.030000 5.075414 0.150000 4.856691 0.030000 3.551480 0.030000 3.780138 0.030000 6.656063 0.030000 6.649569 0.030000
4.262492 0.030000 3.952304 0.030000 1.994525 0.030000 3.216447 0.150000 7.810216 0.030000 7.755724 0.030000 6.892543 0.030000 6.989963 0.150000 5.049345 0.030000 4.819421 0.030000 3.576043 0.030000 3.756733 0.030000 6.678736 0.030000 6.718321 0.150000
4.273428 0.030000 3.973591 0.030000 2.352892 0.150000 2.174534 0.030000 7.790146 0.030000 7.731977 0.030000 6.838074 0.030000 6.907744 0.150000 5.046251 0.030000 4.865674 0.030000 3.594470 0.030000 3.741783 0.030000 6.678980 0.030000 6.719327 0.030000
4.409940 0.150000 3.972550 0.030000 1.962844 0.030000 2.193524 0.030000 7.813638 0.030000 7.677169 0.030000 6.797522 0.030000 6.909286 0.030000 5.155233 0.030000 4.955863 0.030000 3.581031 0.030000 3.661599 0.030000 6.689710 0.030000 6.656923 0.030000
4.294253 0.030000 4.003957 0.030000 1.862682 0.030000 2.202032 0.030000 7.867070 0.030000 7.758652 0.030000 6.860600 0.030000 7.024544 0.030000 5.158977 0.030000 4.945183 0.030000 3.788699 0.150000 3.674268 0.030000 6.671893 0.030000 6.665325 0.030000
4.356877 0.030000 4.092388 0.030000 1.833677 0.030000 2.128167 0.030000 7.857943 0.030000 7.768064 0.030000 6.834195 0.030000 6.874257 0.030000 5.152369 0.030000 4.988447 0.030000 3.959862 0.150000 3.677548 0.030000 6.900768 0.150000 6.682887 0.030000
4.407085 0.150000 4.157221 0.150000 1.826728 0.030000 2.109502 0.030000 7.897456 0.030000 7.774068 0.030000 6.816978 0.030000 6.845137 0.030000 5.216416 0.030000 5.020714 0.030000 3.519855 0.030000 3.664171 0.030000 6.715886 0.030000 6.689604 0.030000
4.376088 0.030000 4.133329 0.030000 1.800534 0.030000 2.046094 0.030000 7.898958 0.150000 7.760257 0.030000 6.744061 0.030000 6.816780 0.030000 5.245943 0.030000 5.108393 0.150000 3.507503 0.030000 3.568891 0.030000 6.763386 0.030000 6.729261 0.030000
4.477647 0.030000 4.140804 0.030000 1.788491 0.030000 2.023087 0.030000 7.883455 0.030000 7.826289 0.030000 6.761031 0.030000 6.829942 0.030000 5.283969 0.030000 5.006485 0.030000 3.472524 0.030000 3.589541 0.030000 6.693653 0.030000 6.746303 0.030000
4.449458 0.030000 4.172914 0.030000 1.754924 0.030000 1.989557 0.030000 7.933121 0.030000 7.830327 0.030000 6.802780 0.150000 6.847754 0.030000 5.269255 0.030000 5.078280 0.030000 3.661883 0.150000 3.583659 0.030000 6.731606 0.030000 6.696348 0.030000
4.471007 0.030000 4.284730 0.030000 1.756868 0.030000 2.025433 0.030000 7.949860 0.030000 8.658986 0.150000 6.718144 0.030000 6.799251 0.030000 5.342846 0.030000 5.008269 0.030000 3.407086 0.030000 3.540078 0.030000 6.722232 0.030000 6.685517 0.030000
4.594202 0.030000 4.250040 0.030000 1.727218 0.030000 2.308610 0.150000 8.013101 0.030000 7.822041 0.030000 6.716173 0.030000 6.849136 0.030000 5.306825 0.030000 5.153302 0.030000 3.424505 0.030000 4.147238 0.150000 6.773926 0.030000 6.686333 0.030000
4.502295 0.030000 4.293203 0.030000 1.677807 0.030000 1.859787 0.030000 7.990353 0.030000 7.881930 0.030000 6.751417 0.030000 6.858964 0.030000 5.313391 0.030000 5.103329 0.030000 3.412180 0.030000 3.546843 0.030000 6.805082 0.030000 6.713388 0.030000
4.533041 0.030000 4.308110 0.030000 1.668299 0.030000 1.872042 0.030000 8.061286 0.030000 7.897305 0.030000 6.752367 0.030000 6.803550 0.030000 5.647840 0.150000 5.123488 0.030000 3.377711 0.030000 3.937629 0.150000 6.737499 0.030000 6.662662 0.030000
4.532069 0.030000 4.317852 0.030000 1.609530 0.030000 1.876435 0.030000 8.033996 0.030000 7.916289 0.030000 6.783038 0.030000 6.774765 0.030000 5.374180 0.030000 6.113790 0.150000 3.767779 0.150000 3.543297 0.030000 6.729524 0.030000 6.646628 0.150000
4.596433 0.030000 4.411170 0.030000 1.529660 0.030000 1.896622 0.030000 8.021764 0.030000 7.916806 0.030000 6.781022 0.030000 6.792044 0.030000 5.416166 0.030000 5.191409 0.030000 3.399950 0.030000 3.456878 0.030000 6.787477 0.030000 6.699371 0.030000
4.658122 0.030000 4.966643 0.150000 1.585983 0.030000 1.838833 0.030000 8.069946 0.030000 7.968312 0.150000 6.765809 0.030000 6.803667 0.030000 5.377360 0.030000 5.221639 0.030000 3.375079 0.030000 3.456496 0.030000 7.026029 0.150000 6.694667 0.030000
5.573245 0.150000 4.401050 0.030000 1.574422 0.030000 1.804775 0.030000 8.072068 0.030000 7.925287 0.030000 6.773895 0.030000 6.796967 0.030000 5.428252 0.030000 5.243573 0.030000 3.371572 0.030000 3.451749 0.030000 7.055343 0.150000 6.665168 0.030000
4.679101 0.030000 4.392197 0.030000 1.518033 0.030000 1.738181 0.030000 8.691436 0.150000 7.870378 0.030000 6.754744 0.030000 6.809629 0.030000 5.391250 0.030000 5.272363 0.030000 3.378149 0.030000 3.463667 0.030000 6.757012 0.030000 6.767220 0.030000
4.962027 0.150000 4.480290 0.030000 1.516530 0.030000 1.740589 0.030000 8.077025 0.030000 7.951763 0.030000 6.681462 0.030000 6.765742 0.030000 5.430215 0.030000 5.225268 0.030000 3.342037 0.030000 3.456477 0.030000 6.773776 0.030000 6.756138 0.030000
4.721104 0.030000 4.481775 0.030000 1.485523 0.030000 1.722611 0.030000 8.148690 0.030000 7.926299 0.030000 6.954247 0.150000 6.769477 0.030000 5.453995 0.030000 5.272764 0.030000 3.635393 0.150000 3.430795 0.030000 6.780202 0.030000 6.799553 0.030000
4.709343 0.030000 4.947000 0.150000 1.485909 0.030000 1.473252 0.150000 8.505224 0.150000 8.021171 0.030000 6.749904 0.030000 7.070666 0.150000 5.536192 0.030000 5.286317 0.030000 3.350694 0.030000 3.406062 0.030000 6.821669 0.030000 6.760578 0.030000
4.798339 0.030000 4.499286 0.030000 1.499901 0.030000 1.720661 0.030000 8.092554 0.030000 7.992057 0.030000 6.688648 0.030000 6.779015 0.030000 5.537818 0.030000 5.356900 0.030000 3.543051 0.150000 3.453396 0.030000 6.920198 0.150000 6.627876 0.150000
4.813962 0.030000 4.487299 0.030000 1.463694 0.030000 1.701576 0.030000 8.333794 0.150000 7.969769 0.030000 6.943610 0.150000 6.839988 0.030000 6.502168 0.150000 5.274621 0.030000 3.312029 0.030000 3.421212 0.030000 6.855908 0.030000 6.781936 0.030000
4.922496 0.150000 4.560946 0.150000 1.392125 0.030000 2.318907 0.150000 8.188492 0.030000 8.008907 0.030000 6.736558 0.030000 6.800037 0.030000 5.573716 0.030000 5.344946 0.030000 3.281922 0.030000 3.422555 0.030000 6.828977 0.030000 6.725381 0.030000
4.805813 0.030000 4.533218 0.030000 1.624723 0.150000 1.610483 0.030000 8.197517 0.030000 8.066133 0.030000 7.231503 0.150000 6.690696 0.030000 5.525719 0.030000 5.354463 0.030000 3.292241 0.030000 3.375054 0.030000 7.051578 0.150000 6.776157 0.030000
5.034602 0.150000 4.594514 0.030000 1.370472 0.030000 1.625653 0.030000 8.163376 0.030000 7.997875 0.030000 6.653412 0.030000 6.806008 0.030000 5.617657 0.030000 5.388922 0.030000 3.242615 0.030000 3.406855 0.030000 6.799180 0.030000 6.763799 0.030000
4.876838 0.030000 4.544482 0.030000 1.382812 0.030000 1.568941 0.030000 8.137924 0.030000 8.005307 0.030000 6.685447 0.030000 6.783576 0.030000 5.595688 0.030000 5.404810 0.030000 3.263085 0.150000 3.358560 0.030000 6.836859 0.030000 6.789526 0.030000
4.822487 0.150000 4.680847 0.030000 1.391505 0.030000 1.599387 0.030000 8.142988 0.030000 8.077240 0.030000 6.688402 0.030000 6.751732 0.030000 5.619219 0.030000 5.380687 0.030000 3.202620 0.030000 3.375762 0.030000 6.848843 0.030000 6.786772 0.030000
4.900807 0.030000 4.660230 0.030000 1.324769 0.030000 1.596406 0.030000 8.233291 0.030000 8.095630 0.030000 6.668725 0.030000 6.754303 0.030000 5.644558 0.030000 5.435200 0.030000 3.254567 0.030000 3.380830 0.030000 6.839493 0.030000 6.803742 0.030000
4.936284 0.030000 4.637769 0.030000 1.367610 0.030000 1.525382 0.030000 8.200416 0.030000 8.096016 0.030000 6.686718 0.030000 6.709103 0.030000 5.667544 0.030000 5.447989 0.030000 3.295377 0.030000 3.363971 0.030000 6.813375 0.030000 6.828437 0.030000
4.929248 0.030000 5.003554 0.150000 1.287810 0.030000 1.582223 0.030000 8.227989 0.030000 7.988678 0.030000 6.670853 0.030000 6.636005 0.150000 5.652558 0.030000 5.437906 0.030000 3.255868 0.030000 3.295575 0.030000 6.882585 0.030000 6.762091 0.030000
4.910556 0.030000 4.723856 0.030000 1.299045 0.030000 1.543624 0.030000 8.206055 0.030000 8.071388 0.030000 6.671569 0.030000 6.715955 0.030000 5.619871 0.030000 5.467403 0.030000 3.201915 0.030000 3.326253 0.030000 6.797767 0.030000 6.772047 0.030000
4.966324 0.030000 4.729318 0.030000 1.326174 0.030000 1.531378 0.030000 8.259928 0.030000 8.106673 0.030000 6.711834 0.030000 6.733436 0.030000 5.422373 0.150000 5.490107 0.030000 3.188182 0.030000 3.318189 0.030000 6.838984 0.030000 7.096397 0.150000
4.960819 0.030000 4.754193 0.030000 1.259688 0.030000 1.494751 0.030000 8.256311 0.030000 8.127577 0.030000 6.731612 0.030000 6.735358 0.030000 5.754556 0.030000 5.437724 0.030000 3.218945 0.030000 3.356441 0.030000 6.865402 0.030000 6.799737 0.030000
5.032258 0.030000 4.730218 0.030000 1.253822 0.030000 1.497683 0.030000 8.152185 0.030000 8.157097 0.030000 6.692944 0.030000 6.741906 0.030000 5.696257 0.030000 5.551454 0.030000 3.220025 0.030000 3.289761 0.030000 6.930290 0.030000 6.834965 0.030000
4.989275 0.030000 4.745336 0.030000 1.259777 0.030000 1.524984 0.030000 8.299633 0.030000 8.066594 0.030000 6.664027 0.030000 6.669232 0.030000 5.728463 0.030000 5.506586 0.030000 3.237361 0.030000 3.324631 0.030000 6.873633 0.030000 6.778221 0.030000
5.024410 0.030000 5.283669 0.150000 1.239231 0.030000 1.487097 0.030000 8.245100 0.030000 8.123711 0.030000 6.687940 0.030000 6.672764 0.030000 5.740849 0.030000 5.530459 0.150000 3.188812 0.030000 3.302002 0.030000 6.874151 0.030000 6.813765 0.030000
5.027731 0.030000 4.848268 0.030000 1.538821 0.150000 1.445462 0.030000 8.277422 0.030000 8.172887 0.030000 6.620393 0.030000 6.695037 0.030000 5.758098 0.030000 5.568429 0.030000 3.207069 0.030000 3.298478 0.030000 6.817755 0.030000 6.859323 0.030000
5.022549 0.030000 4.806831 0.030000 1.232341 0.030000 1.511322 0.030000 8.325514 0.030000 8.072337 0.030000 6.601309 0.030000 6.721809 0.030000 5.748429 0.030000 5.523174 0.030000 3.175548 0.030000 3.338099 0.030000 6.827134 0.030000 6.808418 0.030000
5.037929 0.030000 4.802680 0.030000 1.198528 0.030000 1.413653 0.030000 8.311167 0.030000 8.191666 0.030000 6.585431 0.030000 6.699330 0.030000 5.836438 0.030000 5.529793 0.030000 3.167639 0.030000 3.323971 0.030000 6.876701 0.030000 6.814504 0.030000
5.077431 0.030000 4.776821 0.030000 1.016412 0.150000 1.452497 0.030000 8.357380 0.030000 8.172789 0.030000 6.678146 0.030000 6.688354 0.030000 5.803239 0.030000 5.580943 0.030000 3.405082 0.150000 3.255118 0.030000 6.871500 0.030000 6.825396 0.030000
5.072493 0.030000 4.834233 0.030000 1.264463 0.030000 1.413223 0.030000 8.321035 0.030000 8.194980 0.030000 6.663156 0.030000 6.696168 0.030000 5.999748 0.150000 5.909059 0.150000 3.187687 0.030000 3.238211 0.030000 6.876676 0.030000 6.747919 0.030000
5.055837 0.030000 4.842535 0.030000 1.195195 0.030000 1.472519 0.030000 8.293622 0.030000 8.150456 0.030000 6.609064 0.030000 6.682499 0.030000 5.803750 0.030000 5.617373 0.030000 3.200674 0.030000 3.266768 0.030000 6.927037 0.030000 6.772326 0.030000
5.081372 0.030000 4.838976 0.030000 1.197427 0.030000 1.534538 0.150000 8.371095 0.030000 8.152946 0.030000 6.632800 0.030000 7.203094 0.150000 5.783891 0.030000 5.623166 0.030000 3.897674 0.150000 3.272943 0.030000 6.891579 0.030000 6.807118 0.030000
5.663133 0.150000 5.251181 0.150000 1.145196 0.030000 1.367999 0.030000 8.328552 0.030000 8.141308 0.030000 6.671366 0.030000 6.671836 0.030000 5.749436 0.030000 5.632237 0.030000 3.150047 0.030000 3.234314 0.030000 6.877315 0.030000 6.877370 0.030000
5.135360 0.030000 4.898605 0.030000 1.150250 0.030000 1.342575 0.030000 8.352185 0.030000 8.186971 0.030000 6.690204 0.030000 6.663681 0.030000 5.803649 0.030000 5.644727 0.030000 3.211379 0.030000 3.298913 0.030000 6.892858 0.030000 6.843924 0.030000
5.096309 0.030000 4.869689 0.030000 1.129229 0.030000 1.357634 0.030000 8.385746 0.030000 8.210825 0.030000 6.637695 0.030000 6.680622 0.030000 5.871806 0.030000 5.640437 0.030000 3.122639 0.030000 3.287230 0.030000 6.923292 0.030000 6.822615 0.030000
5.085477 0.030000 4.857478 0.030000 1.154176 0.030000 1.463731 0.030000 8.316996 0.030000 8.217477 0.030000 6.648071 0.030000 6.666848 0.030000 5.827950 0.030000 5.602558 0.030000 3.136700 0.030000 3.300960 0.030000 6.939381 0.030000 6.875946 0.030000
5.144763 0.030000 4.834475 0.030000 1.148953 0.030000 1.387871 0.030000 8.719857 0.150000 8.202085 0.030000 6.653858 0.030000 6.686958 0.030000 5.808455 0.030000 5.653305 0.030000 3.181470 0.030000 3.306092 0.030000 6.912561 0.030000 6.922488 0.030000
5.157306 0.030000 5.145309 0.150000 1.152117 0.030000 1.396948 0.030000 9.072645 0.150000 8.135482 0.030000 6.612493 0.030000 6.708164 0.150000 5.809494 0.030000 5.637756 0.030000 3.136873 0.030000 3.234598 0.030000 6.847083 0.030000 7.085160 0.150000
5.143074 0.030000 4.859217 0.030000 1.152104 0.030000 1.387171 0.030000 8.333719 0.030000 8.248175 0.030000 7.017953 0.150000 6.669133 0.030000 5.854267 0.030000 5.597870 0.030000 3.125867 0.030000 3.300344 0.030000 6.857636 0.030000 6.834749 0.030000
5.124058 0.030000 4.982482 0.030000 1.178628 0.030000 1.398423 0.150000 8.347131 0.030000 8.176601 0.030000 6.618200 0.030000 6.698561 0.030000 5.850507 0.030000 5.685924 0.030000 3.135555 0.030000 3.260485 0.030000 7.621604 0.150000 6.868446 0.030000
5.165058 0.030000 4.920194 0.030000 1.110590 0.030000 1.318339 0.030000 8.299261 0.030000 8.259140 0.030000 6.564267 0.030000 6.712996 0.030000 5.841875 0.030000 5.615418 0.030000 3.098211 0.030000 3.259355 0.150000 6.872856 0.030000 6.886613 0.030000
5.157989 0.030000 4.912899 0.030000 1.137772 0.030000 1.241328 0.030000 8.371258 0.030000 8.257851 0.030000 6.561893 0.030000 6.738811 0.030000 5.825603 0.030000 5.660319 0.030000 3.142682 0.030000 3.496726 0.150000 6.830711 0.030000 6.885272 0.030000
5.199039 0.030000 5.389171 0.150000 1.120194 0.030000 1.495359 0.150000 8.334371 0.030000 8.209208 0.030000 6.559456 0.030000 6.724232 0.030000 5.891794 0.030000 5.912851 0.150000 3.084247 0.030000 3.293979 0.030000 6.852772 0.030000 7.098377 0.150000
5.170057 0.030000 4.979730 0.030000 1.489537 0.150000 1.346574 0.030000 8.313381 0.030000 8.217457 0.030000 6.559015 0.030000 6.661168 0.030000 5.825065 0.030000 5.686883 0.030000 3.086427 0.030000 3.313051 0.030000 6.843032 0.030000 6.893158 0.030000
5.150001 0.030000 4.936901 0.030000 1.168600 0.030000 1.302824 0.030000 8.510960 0.150000 8.245877 0.030000 7.224531 0.150000 6.675100 0.030000 5.829358 0.030000 5.714109 0.030000 3.072855 0.030000 3.610944 0.150000 6.795854 0.030000 6.877971 0.030000
5.236154 0.030000 4.993355 0.030000 1.146885 0.030000 1.264637 0.030000 8.301026 0.030000 8.248465 0.030000 6.435799 0.150000 6.708709 0.030000 5.829907 0.030000 5.769658 0.030000 3.144013 0.150000 3.280154 0.030000 6.854119 0.030000 6.885528 0.030000
5.224876 0.030000 5.022625 0.030000 1.176998 0.030000 1.287391 0.030000 8.341347 0.030000 8.299170 0.030000 6.523380 0.030000 6.688308 0.030000 5.888463 0.030000 5.727480 0.030000 3.043389 0.030000 3.254068 0.030000 6.779407 0.030000 6.906306 0.030000
5.221446 0.030000 5.033511 0.030000 1.217211 0.030000 1.248891 0.030000 8.333825 0.030000 8.314472 0.030000 6.531166 0.030000 6.725479 0.030000 5.858140 0.150000 5.806631 0.030000 3.032968 0.030000 3.310301 0.030000 6.839985 0.030000 6.888107 0.030000
5.224376 0.030000 5.005519 0.030000 1.198086 0.030000 1.214303 0.030000 8.875373 0.150000 8.297305 0.030000 6.519692 0.030000 6.721042 0.030000 5.852158 0.030000 5.757920 0.030000 3.012263 0.030000 3.225075 0.030000 6.829171 0.030000 7.261224 0.150000
5.243917 0.030000 5.093202 0.030000 1.226427 0.030000 1.193576 0.030000 8.317844 0.030000 8.280869 0.030000 6.429039 0.030000 6.699731 0.030000 6.152706 0.150000 5.808539 0.030000 2.993506 0.030000 3.260148 0.030000 6.802387 0.030000 6.919712 0.030000
5.555556 0.150000 5.100952 0.030000 1.201110 0.030000 1.206278 0.030000 8.283687 0.030000 8.320614 0.030000 6.449132 0.030000 6.625821 0.030000 5.827927 0.030000 5.787019 0.030000 2.950698 0.030000 3.200441 0.030000 6.717354 0.030000 6.915696 0.030000
5.380108 0.030000 5.125335 0.030000 1.216581 0.030000 1.235772 0.030000 8.235623 0.030000 8.313108 0.030000 6.483193 0.030000 6.649615 0.030000 5.829164 0.030000 5.852849 0.030000 2.921279 0.030000 3.158314 0.030000 6.701904 0.030000 6.875478 0.030000
5.311439 0.030000 5.187780 0.150000 1.182189 0.030000 1.162194 0.030000 8.209716 0.030000 8.337171 0.030000 6.388823 0.030000 6.604666 0.030000 5.824932 0.030000 5.834018 0.030000 2.898992 0.030000 3.152892 0.030000 6.701914 0.030000 6.890004 0.150000
5.343398 0.030000 5.121076 0.030000 1.301159 0.030000 1.171040 0.030000 8.234734 0.030000 8.326655 0.030000 6.330306 0.030000 6.583834 0.030000 5.804485 0.030000 5.815164 0.030000 2.900599 0.030000 3.150770 0.030000 6.685172 0.030000 6.858921 0.030000
5.305809 0.030000 5.199093 0.030000 1.608583 0.150000 1.153011 0.030000 8.232279 0.030000 8.345496 0.030000 6.363520 0.030000 6.593831 0.030000 5.817267 0.030000 6.155291 0.150000 2.842873 0.030000 3.073872 0.030000 6.634410 0.030000 7.053236 0.150000
5.386289 0.030000 5.198854 0.030000 1.552589 0.150000 1.203777 0.030000 8.180747 0.030000 8.356264 0.150000 6.307840 0.030000 6.578941 0.030000 5.829586 0.030000 5.842159 0.030000 2.785423 0.030000 3.080707 0.030000 6.632511 0.030000 6.796178 0.030000
5.316183 0.030000 5.230692 0.030000 1.500375 0.150000 1.398787 0.150000 8.184475 0.030000 8.300582 0.030000 6.241361 0.030000 6.528504 0.030000 5.772604 0.030000 5.832282 0.030000 2.826775 0.030000 3.021228 0.030000 6.643297 0.030000 6.783570 0.030000
5.342271 0.030000 5.270862 0.030000 1.349190 0.030000 1.206013 0.030000 8.111827 0.030000 8.283527 0.030000 6.267510 0.030000 6.518651 0.030000 5.797837 0.030000 5.856346 0.030000 2.856529 0.150000 3.047270 0.030000 6.569911 0.030000 6.762711 0.030000
5.322718 0.030000 5.276471 0.030000 1.370763 0.030000 1.192235 0.030000 8.111645 0.030000 8.287182 0.030000 6.227576 0.030000 6.414706 0.030000 5.760327 0.030000 5.835272 0.030000 2.718720 0.030000 3.007914 0.030000 6.563987 0.030000 6.761337 0.030000
5.410503 0.030000 5.325122 0.030000 1.347329 0.030000 1.348294 0.150000 8.054364 0.030000 8.250392 0.030000 6.196879 0.030000 7.632053 0.150000 5.779321 0.030000 5.828327 0.030000 3.588069 0.150000 2.921264 0.030000 6.499492 0.030000 6.810946 0.030000
5.368332 0.030000 5.251055 0.030000 1.453963 0.030000 1.202083 0.030000 8.040159 0.030000 8.280361 0.030000 6.100147 0.150000 6.361526 0.030000 5.687834 0.030000 5.825462 0.030000 2.634021 0.030000 2.908321 0.030000 6.526221 0.030000 6.753879 0.030000
5.343385 0.150000 5.268541 0.030000 1.464241 0.030000 1.218416 0.030000 8.022492 0.030000 8.272851 0.030000 6.114684 0.030000 6.407631 0.030000 5.675323 0.030000 5.762578 0.030000 2.634090 0.030000 2.939290 0.030000 6.409727 0.030000 6.695906 0.030000
5.390261 0.030000 5.308178 0.030000 1.391261 0.030000 1.262183 0.030000 8.029150 0.030000 8.273396 0.030000 6.288373 0.150000 6.404105 0.030000 5.661401 0.030000 6.055399 0.150000 2.602558 0.030000 2.880312 0.030000 6.420666 0.030000 6.657781 0.030000
5.369120 0.030000 5.322802 0.030000 1.519195 0.030000 1.646576 0.150000 7.949542 0.150000 8.120835 0.030000 6.075017 0.030000 6.294490 0.030000 5.671377 0.030000 5.768158 0.030000 2.611772 0.030000 2.790631 0.030000 6.341829 0.030000 6.610761 0.030000
5.401825 0.030000 5.274680 0.030000 1.472406 0.030000 1.324056 0.030000 7.938315 0.030000 8.136988 0.030000 5.977535 0.030000 6.259975 0.030000 5.615548 0.030000 6.519534 0.150000 2.566407 0.030000 2.791345 0.150000 6.398579 0.030000 6.615911 0.030000
5.390778 0.030000 5.364785 0.030000 1.600008 0.030000 1.356095 0.030000 7.905853 0.030000 8.133057 0.030000 6.002241 0.030000 6.268311 0.030000 5.689143 0.030000 5.765358 0.030000 2.519392 0.030000 2.748775 0.030000 6.343709 0.030000 6.543284 0.030000
5.359075 0.030000 5.315816 0.030000 1.518946 0.030000 1.405640 0.030000 8.392074 0.150000 8.075636 0.030000 5.934656 0.030000 6.310029 0.150000 5.639523 0.030000 5.776337 0.030000 2.556740 0.030000 2.767157 0.030000 6.286072 0.030000 7.404863 0.150000
5.376583 0.030000 5.361607 0.030000 1.603569 0.030000 1.397673 0.030000 7.913740 0.030000 8.102268 0.030000 5.985358 0.030000 6.220556 0.030000 5.610627 0.030000 5.731327 0.030000 2.502563 0.030000 2.785921 0.030000 6.372709 0.030000 6.533206 0.030000
5.436701 0.030000 5.325230 0.030000 1.609569 0.030000 1.480282 0.030000 7.898713 0.030000 8.040847 0.030000 5.945667 0.030000 6.161573 0.030000 5.531823 0.030000 5.719839 0.030000 2.475374 0.030000 3.033156 0.150000 6.317400 0.030000 6.467328 0.030000
5.443513 0.030000 5.370288 0.030000 1.730463 0.030000 1.377342 0.030000 7.733846 0.150000 8.135166 0.150000 5.854836 0.030000 6.111748 0.030000 5.638629 0.030000 5.952389 0.150000 2.461987 0.030000 2.709741 0.030000 6.238368 0.030000 6.440451 0.030000
5.414017 0.030000 5.371953 0.030000 1.691971 0.030000 1.463115 0.030000 7.831510 0.030000 8.031282 0.030000 5.923012 0.030000 6.134578 0.030000 5.571943 0.030000 5.706073 0.030000 2.693734 0.150000 2.667795 0.030000 6.168474 0.030000 6.404032 0.030000
5.388359 0.030000 5.341580 0.030000 1.760145 0.030000 1.464251 0.030000 7.751426 0.030000 8.031113 0.030000 5.796369 0.030000 6.056532 0.030000 5.554081 0.030000 5.670308 0.030000 2.370722 0.030000 2.601826 0.030000 6.149976 0.030000 6.434863 0.030000
5.435288 0.030000 5.701810 0.150000 2.196307 0.150000 1.481612 0.030000 7.721771 0.030000 7.995915 0.030000 5.808578 0.030000 6.077568 0.030000 5.587488 0.030000 5.632817 0.030000 2.493035 0.150000 2.617354 0.030000 6.168861 0.030000 6.405043 0.030000
5.413967 0.030000 5.371383 0.030000 1.753645 0.030000 1.517288 0.030000 7.770830 0.030000 7.900051 0.030000 5.722663 0.030000 6.014027 0.030000 5.542440 0.030000 5.633325 0.150000 2.402957 0.030000 2.675267 0.150000 6.683795 0.150000 6.350875 0.030000
5.408970 0.030000 5.417866 0.030000 1.760732 0.030000 1.568139 0.030000 7.708085 0.030000 7.942160 0.030000 5.714903 0.030000 5.996231 0.030000 5.519481 0.030000 5.622521 0.030000 2.277283 0.030000 2.521362 0.030000 6.092901 0.030000 6.306251 0.030000
5.443531 0.030000 5.372264 0.030000 1.816030 0.030000 1.588382 0.030000 7.683889 0.030000 7.854315 0.030000 5.684193 0.030000 5.943386 0.030000 5.501411 0.030000 5.595639 0.030000 2.210585 0.030000 2.498971 0.030000 6.062965 0.030000 6.273072 0.030000
5.481543 0.030000 5.366627 0.030000 1.807502 0.030000 1.679977 0.030000 7.687292 0.030000 7.902475 0.030000 5.682313 0.030000 5.999831 0.150000 5.508716 0.030000 5.561576 0.030000 2.177290 0.030000 2.743737 0.150000 6.100901 0.030000 6.246516 0.030000
5.436523 0.030000 5.401461 0.030000 1.833203 0.030000 1.683051 0.030000 7.646440 0.030000 7.833162 0.030000 5.684273 0.030000 5.879645 0.030000 5.527510 0.030000 5.622917 0.030000 2.196183 0.030000 2.440053 0.030000 5.986387 0.030000 6.226079 0.030000
5.486515 0.030000 5.496952 0.030000 1.902749 0.030000 1.673715 0.030000 7.644685 0.030000 7.831039 0.030000 5.604332 0.030000 5.888632 0.030000 5.481503 0.030000 5.548683 0.030000 2.165231 0.030000 2.401831 0.030000 5.959560 0.030000 6.253810 0.030000
5.492962 0.030000 5.940281 0.150000 1.908123 0.030000 1.764101 0.150000 7.621247 0.030000 7.778642 0.030000 5.636580 0.030000 5.846734 0.030000 5.484805 0.030000 5.572339 0.030000 2.158595 0.030000 2.326314 0.030000 5.936211 0.030000 6.160490 0.030000
5.480019 0.030000 5.424493 0.030000 1.977381 0.030000 1.709424 0.030000 8.011693 0.150000 7.786922 0.030000 5.614288 0.030000 5.797257 0.030000 5.513730 0.030000 6.103509 0.150000 2.109053 0.030000 2.383602 0.030000 5.925237 0.030000 6.181018 0.030000
5.517767 0.030000 5.411616 0.030000 1.994997 0.030000 1.745032 0.030000 7.556729 0.030000 7.768806 0.030000 5.572821 0.030000 5.794347 0.030000 5.469383 0.030000 5.549461 0.030000 2.085582 0.030000 2.337523 0.030000 5.940522 0.030000 6.127000 0.030000
5.475147 0.030000 5.534798 0.030000 2.039732 0.030000 1.795442 0.030000 7.558524 0.030000 7.753545 0.030000 5.401494 0.150000 5.795388 0.030000 5.474909 0.030000 5.571202 0.030000 2.079126 0.030000 2.340955 0.030000 5.761041 0.150000 6.092554 0.030000
5.521183 0.030000 5.403239 0.030000 1.981853 0.030000 1.774950 0.030000 7.525863 0.030000 7.734351 0.030000 5.455188 0.030000 5.777862 0.030000 5.445107 0.030000 5.507281 0.030000 2.078391 0.030000 2.308069 0.030000 5.833810 0.030000 6.531815 0.150000
5.535282 0.030000 5.480794 0.030000 2.052968 0.030000 1.856593 0.030000 7.764617 0.150000 7.672017 0.030000 5.444495 0.030000 5.650766 0.030000 5.409269 0.030000 6.156323 0.150000 2.056391 0.030000 2.255941 0.030000 5.831049 0.030000 6.035531 0.030000
5.525879 0.030000 5.446917 0.030000 2.084374 0.030000 1.850710 0.030000 7.496242 0.030000 7.668518 0.030000 5.431125 0.030000 5.697756 0.030000 5.408083 0.030000 5.541571 0.030000 1.984410 0.030000 2.267168 0.030000 5.810301 0.030000 6.045537 0.030000
5.608432 0.150000 5.537335 0.030000 2.078646 0.030000 1.857667 0.030000 7.558431 0.030000 7.661734 0.030000 5.423154 0.030000 5.727558 0.030000 5.453762 0.030000 5.479195 0.030000 1.993954 0.030000 2.218937 0.030000 5.792671 0.030000 6.014022 0.030000
5.530390 0.030000 5.444719 0.030000 2.127392 0.030000 1.935509 0.030000 7.438081 0.030000 7.687069 0.030000 5.389497 0.030000 5.659754 0.030000 5.399084 0.030000 5.485881 0.030000 1.983344 0.030000 2.240200 0.150000 5.733275 0.030000 6.008073 0.030000
5.521462 0.030000 5.460467 0.030000 2.084388 0.030000 1.918675 0.030000 7.505187 0.030000 7.645928 0.030000 5.338089 0.030000 5.617473 0.030000 5.319526 0.030000 5.469170 0.030000 2.010989 0.030000 2.239400 0.030000 5.758116 0.030000 5.964170 0.030000
5.576653 0.030000 5.503120 0.030000 2.215853 0.030000 1.953046 0.030000 7.440965 0.030000 7.605906 0.030000 5.366011 0.030000 5.597597 0.030000 6.613602 0.150000 5.514104 0.030000 1.986911 0.030000 3.527559 0.150000 5.719075 0.030000 5.958341 0.030000
5.753289 0.150000 5.495348 0.030000 2.159698 0.030000 1.895216 0.030000 7.371804 0.030000 7.593856 0.030000 5.335588 0.030000 5.572121 0.030000 5.353732 0.030000 5.476162 0.030000 1.968574 0.030000 2.097278 0.030000 5.641119 0.030000 5.989704 0.030000
5.567221 0.030000 5.532567 0.030000 2.210482 0.030000 1.882675 0.030000 7.407060 0.030000 7.715607 0.150000 5.388566 0.030000 5.594811 0.030000 5.395591 0.030000 5.446047 0.030000 1.887358 0.030000 2.163111 0.030000 5.691351 0.030000 5.923929 0.030000
5.940252 0.150000 5.487218 0.030000 2.168858 0.030000 1.969605 0.030000 7.378404 0.030000 7.592515 0.030000 5.283168 0.030000 5.560799 0.030000 5.408974 0.030000 5.463190 0.030000 1.863197 0.030000 2.143366 0.030000 5.670107 0.030000 5.926901 0.030000
5.638179 0.030000 5.534344 0.030000 2.244461 0.030000 1.973895 0.030000 7.373923 0.030000 7.713391 0.150000 5.237031 0.030000 5.526971 0.030000 5.347795 0.030000 5.418132 0.030000 1.905860 0.030000 2.089953 0.030000 5.691652 0.030000 5.841354 0.030000
5.667456 0.030000 5.515442 0.030000 2.253169 0.030000 1.995965 0.030000 7.411793 0.030000 7.487139 0.030000 5.249806 0.030000 5.507872 0.030000 5.410315 0.030000 5.446517 0.030000 2.312370 0.150000 2.053725 0.030000 5.555967 0.030000 5.846576 0.030000
5.574408 0.030000 5.539710 0.030000 2.198916 0.150000 2.004348 0.030000 7.372726 0.030000 7.547170 0.030000 5.287325 0.030000 5.464906 0.030000 5.362799 0.030000 5.453762 0.030000 1.874349 0.030000 2.065852 0.030000 5.607125 0.030000 5.879699 0.030000
5.645097 0.030000 5.551555 0.030000 2.212321 0.030000 2.056168 0.030000 7.345874 0.030000 7.499593 0.030000 5.183423 0.030000 5.488301 0.030000 5.351548 0.030000 5.468972 0.030000 1.878102 0.030000 2.004167 0.030000 5.629794 0.030000 5.853957 0.030000
5.628942 0.030000 5.524148 0.030000 2.332726 0.030000 2.079146 0.030000 7.305090 0.030000 8.073220 0.150000 5.211025 0.030000 5.445152 0.030000 5.366810 0.030000 5.395301 0.030000 1.829028 0.030000 2.021063 0.030000 5.633172 0.030000 5.768717 0.030000
5.594046 0.030000 5.490084 0.030000 2.318273 0.030000 2.111140 0.030000 7.338974 0.030000 7.584617 0.150000 5.165596 0.030000 5.428262 0.030000 5.356555 0.030000 5.388055 0.030000 1.780664 0.030000 2.002490 0.030000 5.560307 0.030000 5.825491 0.030000
5.643009 0.030000 5.555972 0.030000 2.295708 0.030000 2.035629 0.030000 7.327702 0.030000 7.490949 0.030000 5.206990 0.030000 5.431305 0.030000 5.320588 0.030000 5.424483 0.030000 1.809266 0.030000 2.141808 0.150000 5.532789 0.030000 5.776311 0.030000
5.614477 0.030000 5.500957 0.030000 2.358031 0.030000 2.085575 0.030000 7.245292 0.030000 7.515675 0.030000 5.111390 0.030000 5.430434 0.030000 5.339603 0.030000 5.421973 0.030000 1.804983 0.030000 2.010190 0.030000 5.535898 0.030000 5.754965 0.030000
5.626320 0.030000 5.611585 0.030000 2.357596 0.030000 2.097206 0.030000 7.269069 0.030000 7.483685 0.030000 5.176173 0.030000 5.408398 0.030000 5.558170 0.150000 5.438445 0.030000 2.015309 0.150000 2.004367 0.030000 5.547210 0.030000 5.736646 0.030000
5.688197 0.030000 5.519647 0.030000 2.360842 0.030000 2.148568 0.030000 7.474810 0.150000 7.455792 0.030000 5.164053 0.030000 5.384845 0.030000 5.297746 0.030000 5.370392 0.030000 1.720710 0.030000 1.909590 0.030000 5.459628 0.030000 5.776084 0.030000
5.622085 0.030000 5.623251 0.030000 2.403542 0.030000 2.187817 0.030000 7.278964 0.030000 7.410344 0.030000 5.049447 0.030000 5.374583 0.030000 5.430856 0.150000 5.431582 0.030000 1.797277 0.030000 1.967660 0.030000 5.548686 0.030000 5.866419 0.150000
5.628930 0.030000 5.553495 0.030000 2.403681 0.030000 2.207947 0.030000 7.317343 0.030000 7.460951 0.030000 5.134145 0.030000 5.434796 0.030000 5.295563 0.030000 5.386873 0.030000 1.708452 0.030000 1.978579 0.030000 5.451368 0.030000 5.769935 0.030000
5.625672 0.030000 5.545329 0.030000 2.357687 0.030000 2.179910 0.030000 7.255423 0.030000 7.388814 0.030000 5.131439 0.030000 5.409818 0.030000 5.261895 0.030000 5.335478 0.030000 1.775406 0.030000 1.995103 0.030000 5.552767 0.150000 5.730376 0.030000
5.976236 0.150000 5.622390 0.030000 2.569071 0.150000 2.243698 0.030000 7.498858 0.150000 7.406260 0.030000 5.092523 0.030000 5.332652 0.030000 5.289778 0.030000 5.320384 0.030000 1.707018 0.030000 1.888291 0.030000 5.518004 0.030000 5.707408 0.030000
5.690740 0.030000 5.896464 0.150000 2.449344 0.030000 2.179844 0.030000 7.283919 0.030000 7.365086 0.030000 5.044491 0.030000 5.320254 0.030000 5.340161 0.030000 5.353126 0.030000 1.708227 0.030000 1.943542 0.030000 5.972116 0.150000 5.654222 0.030000
5.702139 0.030000 5.584254 0.030000 2.382052 0.030000 2.207737 0.030000 7.232761 0.150000 7.425402 0.030000 5.049167 0.030000 5.330607 0.030000 5.279745 0.030000 5.362469 0.030000 2.114664 0.150000 1.920244 0.030000 5.413191 0.030000 5.657992 0.030000
5.684802 0.030000 5.621809 0.030000 2.447135 0.030000 2.279369 0.150000 7.229514 0.030000 7.385492 0.030000 5.019780 0.030000 5.360606 0.030000 5.214371 0.030000 5.398352 0.030000 1.700008 0.030000 1.916033 0.030000 5.461302 0.030000 5.687767 0.030000
5.650954 0.030000 5.588816 0.030000 2.432199 0.030000 2.195832 0.030000 7.173743 0.030000 7.327156 0.030000 5.031031 0.030000 5.338769 0.030000 5.226578 0.030000 5.366031 0.030000 1.639177 0.030000 1.872264 0.030000 5.424663 0.030000 5.653167 0.030000
5.682094 0.030000 5.597500 0.030000 2.500935 0.030000 2.191648 0.030000 7.172854 0.030000 7.399629 0.030000 4.972187 0.030000 5.211383 0.030000 5.239405 0.030000 5.371183 0.030000 1.656708 0.030000 1.831208 0.030000 5.433760 0.030000 5.686095 0.030000
5.657035 0.030000 5.625609 0.030000 2.458853 0.030000 2.245312 0.030000 7.351015 0.150000 7.375741 0.030000 5.014906 0.030000 5.250723 0.030000 5.291949 0.030000 6.404923 0.150000 1.670048 0.030000 1.871407 0.030000 5.389372 0.030000 5.605324 0.030000
5.698019 0.030000 5.567755 0.030000 2.491575 0.030000 2.242460 0.030000 7.197676 0.030000 7.421784 0.030000 4.977340 0.030000 5.250562 0.030000 5.274936 0.030000 5.433180 0.030000 1.643045 0.030000 1.885871 0.030000 5.362078 0.030000 5.677988 0.030000
5.683355 0.030000 5.604172 0.030000 2.498715 0.030000 2.511937 0.150000 7.119320 0.030000 7.370008 0.030000 5.091108 0.030000 5.269643 0.030000 5.285815 0.030000 5.360241 0.030000 1.707808 0.030000 1.834923 0.030000 5.387584 0.030000 5.605581 0.030000
5.817410 0.150000 5.630573 0.030000 2.511803 0.030000 2.201118 0.030000 7.143543 0.030000 7.360083 0.030000 5.043186 0.150000 5.436029 0.150000 5.284584 0.030000 5.336551 0.030000 1.640519 0.030000 1.872506 0.030000 5.360828 0.030000 5.664335 0.030000
5.622661 0.030000 5.594273 0.030000 2.488211 0.030000 2.277605 0.030000 7.196581 0.030000 7.342030 0.030000 4.985818 0.030000 5.223314 0.030000 5.276507 0.030000 5.307426 0.030000 1.613005 0.030000 1.776213 0.030000 5.384973 0.030000 5.606451 0.030000
5.731742 0.030000 5.607396 0.030000 2.445794 0.030000 2.534034 0.150000 7.174163 0.030000 7.324955 0.030000 4.964777 0.030000 5.208727 0.030000 5.229476 0.030000 5.321387 0.030000 1.632231 0.030000 1.864540 0.030000 5.381657 0.030000 5.608925 0.030000
5.723629 0.030000 5.685992 0.030000 2.573500 0.030000 2.218569 0.030000 7.405103 0.150000 7.302448 0.030000 4.990022 0.030000 5.206925 0.030000 5.240397 0.030000 5.323875 0.030000 1.639090 0.030000 1.810869 0.030000 5.351679 0.030000 5.627056 0.030000
5.714459 0.030000 5.649820 0.030000 2.511627 0.030000 2.303712 0.030000 7.172913 0.030000 7.318370 0.030000 4.967576 0.030000 5.225973 0.030000 5.260447 0.030000 5.323866 0.030000 1.610826 0.030000 1.770994 0.030000 5.300574 0.030000 5.727256 0.150000
5.648865 0.030000 5.629663 0.030000 2.535959 0.030000 2.288979 0.030000 7.141708 0.030000 7.319263 0.030000 5.008274 0.030000 5.207646 0.030000 5.191875 0.030000 5.327076 0.030000 1.606965 0.030000 1.782087 0.030000 5.309342 0.030000 5.613611 0.030000
5.677403 0.030000 5.648214 0.030000 2.501883 0.030000 2.332382 0.030000 7.094363 0.030000 7.358205 0.030000 4.993716 0.030000 5.220350 0.030000 5.206321 0.030000 5.353832 0.030000 1.636976 0.030000 1.759927 0.030000 5.308304 0.030000 6.860838 0.150000
5.637009 0.030000 5.695225 0.030000 2.553008 0.030000 2.303779 0.030000 7.110524 0.030000 7.308015 0.030000 4.919125 0.030000 5.243215 0.030000 5.212060 0.030000 5.395121 0.030000 1.695586 0.150000 1.802816 0.030000 5.339227 0.030000 5.590047 0.030000
5.659775 0.030000 5.680904 0.030000 2.602422 0.030000 2.303529 0.030000 7.032721 0.030000 7.355276 0.030000 4.967530 0.030000 5.199176 0.030000 5.697511 0.150000 5.366347 0.030000 1.598213 0.030000 1.725932 0.030000 6.523832 0.150000 5.577946 0.030000
5.695711 0.030000 5.579340 0.030000 2.579029 0.030000 2.349543 0.030000 7.083381 0.030000 7.309025 0.030000 4.919776 0.030000 5.163833 0.030000 5.144629 0.030000 5.307652 0.030000 1.670767 0.030000 1.796928 0.030000 5.274313 0.030000 5.824358 0.150000
5.596942 0.030000 5.643866 0.030000 2.568873 0.030000 2.345199 0.030000 7.111986 0.030000 7.278725 0.030000 4.951198 0.030000 5.160392 0.030000 5.147732 0.030000 5.334504 0.030000 1.675646 0.030000 1.712907 0.030000 5.301699 0.030000 5.616077 0.030000
5.616849 0.030000 5.689425 0.030000 2.601543 0.030000 2.374039 0.030000 6.986054 0.030000 7.247835 0.030000 4.922814 0.030000 5.120327 0.030000 5.197763 0.030000 5.399179 0.030000 1.632336 0.030000 1.713110 0.030000 5.260228 0.030000 5.498942 0.030000
5.627535 0.030000 5.750219 0.030000 2.579897 0.030000 2.397568 0.030000 7.067876 0.030000 7.294563 0.030000 4.888588 0.030000 5.106221 0.030000 5.146955 0.030000 5.560922 0.150000 1.657864 0.030000 1.707979 0.030000 5.298465 0.030000 5.455764 0.030000
5.537564 0.150000 5.649557 0.030000 2.648706 0.030000 2.461231 0.030000 6.996326 0.030000 7.256776 0.030000 4.914874 0.030000 5.042327 0.030000 5.162811 0.030000 5.293605 0.030000 1.665434 0.030000 1.689641 0.030000 5.255581 0.030000 5.500237 0.030000
5.560083 0.030000 5.887162 0.150000 2.661713 0.030000 2.442400 0.030000 7.023977 0.150000 7.220170 0.030000 4.928151 0.030000 5.007190 0.030000 5.065012 0.030000 5.334182 0.030000 1.634680 0.030000 1.631472 0.030000 5.276912 0.030000 5.472238 0.030000
5.598905 0.030000 5.719237 0.030000 2.672527 0.030000 2.418916 0.030000 6.948799 0.030000 7.214237 0.030000 5.558778 0.150000 6.045007 0.150000 5.014812 0.030000 5.318139 0.030000 1.664975 0.030000 1.608823 0.150000 5.174079 0.030000 5.422005 0.030000
5.530212 0.030000 5.718448 0.030000 2.656789 0.030000 2.217522 0.150000 6.959387 0.030000 7.153412 0.030000 4.901919 0.030000 4.974998 0.030000 5.049233 0.030000 5.268134 0.030000 1.638588 0.030000 1.654896 0.030000 5.180818 0.030000 5.833071 0.150000
5.565293 0.030000 5.672448 0.030000 2.677275 0.030000 2.480845 0.030000 6.894103 0.030000 7.169294 0.030000 4.909663 0.030000 5.036056 0.030000 5.026223 0.030000 5.268912 0.030000 1.674708 0.030000 1.651936 0.030000 5.143615 0.030000 5.420357 0.030000
5.513339 0.030000 5.656110 0.030000 2.701316 0.030000 2.528811 0.030000 6.898335 0.030000 7.537951 0.150000 4.920510 0.030000 4.945903 0.030000 4.968450 0.030000 5.223169 0.030000 1.724645 0.030000 1.628508 0.030000 5.169246 0.030000 5.337163 0.030000
5.478361 0.030000 6.457471 0.150000 2.708683 0.030000 2.522187 0.030000 6.909610 0.030000 7.135735 0.030000 5.423948 0.150000 4.969482 0.030000 4.964156 0.030000 5.188337 0.030000 1.691725 0.030000 1.974350 0.150000 5.123117 0.030000 5.593260 0.150000
5.494921 0.030000 5.694095 0.030000 2.763348 0.030000 2.588085 0.030000 6.908727 0.150000 7.045142 0.030000 4.781956 0.150000 4.938338 0.030000 4.933029 0.030000 5.155584 0.030000 1.668504 0.030000 1.625913 0.030000 5.139690 0.030000 5.233596 0.030000
5.455943 0.030000 5.626013 0.030000 2.742618 0.030000 2.595409 0.030000 6.867337 0.030000 7.057900 0.030000 4.894436 0.030000 5.294144 0.150000 5.560834 0.150000 5.177601 0.030000 1.723069 0.030000 1.660346 0.030000 5.092423 0.030000 5.234955 0.030000
5.411910 0.030000 5.608645 0.030000 2.764655 0.030000 2.681249 0.030000 6.786276 0.030000 6.937804 0.030000 4.935524 0.030000 4.906823 0.030000 4.843308 0.030000 5.119320 0.030000 1.804446 0.150000 1.628626 0.030000 5.119796 0.030000 5.552617 0.150000
5.367606 0.030000 5.580516 0.030000 2.789694 0.030000 2.666832 0.030000 6.735947 0.030000 7.023411 0.030000 4.890184 0.030000 4.935581 0.030000 4.794977 0.030000 5.110333 0.030000 1.779672 0.030000 1.691683 0.030000 5.054023 0.030000 5.241763 0.030000
5.404901 0.030000 5.673934 0.150000 2.812049 0.030000 2.665859 0.030000 6.742714 0.030000 7.006319 0.030000 4.996434 0.030000 5.044980 0.150000 4.794634 0.030000 5.047166 0.030000 1.796968 0.030000 1.650580 0.030000 5.327223 0.150000 5.228893 0.030000
5.261194 0.030000 5.563167 0.030000 2.818505 0.030000 2.694702 0.030000 6.799197 0.030000 6.926458 0.030000 4.906516 0.030000 4.936281 0.030000 4.760613 0.030000 5.175055 0.150000 2.206575 0.150000 1.750921 0.030000 5.087705 0.030000 5.221512 0.030000
5.297160 0.030000 5.487343 0.030000 2.846780 0.030000 2.920357 0.150000 6.687940 0.030000 6.896648 0.030000 4.943502 0.030000 4.946345 0.030000 4.692268 0.030000 4.927453 0.030000 1.912366 0.030000 1.670773 0.030000 5.058172 0.030000 5.150456 0.030000
5.746509 0.150000 5.538057 0.030000 2.870964 0.030000 2.783572 0.150000 6.744044 0.030000 6.840314 0.150000 5.015409 0.030000 4.922998 0.030000 4.739366 0.030000 5.233574 0.150000 1.871835 0.030000 1.666930 0.030000 5.039341 0.030000 5.116243 0.030000
5.475017 0.150000 5.458898 0.030000 2.837844 0.030000 2.692114 0.030000 6.686501 0.030000 6.862280 0.030000 5.021072 0.030000 5.710514 0.150000 4.709268 0.030000 4.950713 0.030000 1.855695 0.030000 1.708043 0.030000 5.051594 0.030000 5.142803 0.030000
5.267393 0.030000 5.455759 0.030000 2.833105 0.030000 2.778265 0.030000 6.633775 0.030000 6.823522 0.030000 4.982183 0.030000 4.972288 0.030000 4.638320 0.030000 4.834152 0.030000 1.940409 0.030000 1.741462 0.030000 5.064175 0.030000 5.164445 0.030000
5.222625 0.030000 5.497971 0.030000 2.917265 0.030000 2.806828 0.030000 7.164403 0.150000 6.781156 0.030000 5.093086 0.150000 4.940279 0.030000 4.678678 0.030000 4.853392 0.030000 1.904646 0.030000 1.747143 0.030000 5.059154 0.030000 5.122927 0.030000
5.170094 0.030000 5.447304 0.030000 2.938681 0.030000 2.793778 0.030000 6.694884 0.150000 6.803717 0.030000 5.003049 0.030000 4.983083 0.030000 4.618903 0.030000 4.844478 0.030000 1.966650 0.030000 1.778019 0.030000 5.044382 0.030000 5.124718 0.030000
5.175482 0.030000 5.307129 0.030000 2.886062 0.030000 2.775783 0.030000 6.627620 0.030000 6.759101 0.030000 6.191536 0.150000 5.009971 0.030000 4.595627 0.030000 4.820438 0.030000 1.941152 0.030000 1.740140 0.150000 4.984008 0.030000 5.120892 0.030000
5.119997 0.030000 5.328197 0.030000 2.952386 0.030000 2.797568 0.030000 6.576768 0.030000 6.758735 0.030000 5.065473 0.030000 4.970568 0.030000 4.525755 0.030000 5.467179 0.150000 2.031045 0.030000 1.842528 0.030000 5.005983 0.030000 5.091133 0.030000
5.109591 0.030000 5.339283 0.030000 2.873951 0.030000 2.859253 0.030000 6.611646 0.150000 6.746773 0.030000 5.053266 0.030000 5.024227 0.030000 4.538266 0.030000 4.827082 0.030000 2.062913 0.030000 1.899179 0.030000 5.028424 0.030000 5.134027 0.030000
5.065402 0.030000 5.282430 0.030000 3.088319 0.150000 3.000800 0.150000 6.658594 0.150000 7.959664 0.150000 5.048746 0.030000 5.012416 0.030000 4.562321 0.030000 4.777742 0.030000 2.102050 0.030000 1.923746 0.030000 5.045100 0.030000 5.083560 0.030000
5.049818 0.030000 5.289462 0.030000 2.926159 0.030000 2.834349 0.030000 6.510008 0.030000 7.090840 0.150000 5.088680 0.030000 4.986962 0.030000 4.457764 0.030000 4.743414 0.030000 2.106380 0.030000 1.899882 0.030000 5.014031 0.030000 5.169264 0.150000
5.018784 0.030000 5.268135 0.030000 2.969121 0.030000 2.898144 0.030000 6.537801 0.030000 6.657549 0.030000 5.060231 0.030000 4.972722 0.030000 4.416320 0.030000 4.602888 0.030000 2.156190 0.030000 1.895261 0.030000 4.971660 0.030000 5.084926 0.030000
5.047535 0.030000 5.251884 0.030000 2.978976 0.030000 2.946272 0.150000 6.469296 0.030000 6.640744 0.030000 5.048327 0.030000 4.931139 0.150000 4.425020 0.030000 4.682146 0.030000 2.098534 0.030000 1.938064 0.030000 4.953489 0.030000 5.019080 0.030000
4.998852 0.030000 5.206585 0.030000 3.011532 0.030000 2.863313 0.030000 6.469904 0.030000 6.622839 0.030000 5.062889 0.030000 5.009347 0.030000 4.427840 0.030000 4.810649 0.150000 2.186629 0.030000 1.979451 0.030000 4.954777 0.030000 5.053467 0.030000
4.958332 0.030000 5.113611 0.150000 3.001740 0.030000 3.614577 0.150000 6.440542 0.030000 6.637879 0.030000 5.114914 0.030000 5.579207 0.150000 4.349291 0.030000 4.490815 0.150000 2.167416 0.030000 2.012632 0.030000 4.892399 0.150000 5.050058 0.030000
4.899687 0.030000 5.159791 0.030000 3.041208 0.030000 2.917647 0.030000 6.397123 0.030000 7.194323 0.150000 5.057378 0.030000 5.095752 0.030000 4.864249 0.150000 4.812789 0.150000 2.232018 0.030000 2.032482 0.030000 4.921546 0.030000 5.009470 0.030000
4.946213 0.030000 5.113769 0.030000 3.069878 0.030000 2.890832 0.030000 6.399599 0.030000 6.692750 0.150000 5.167688 0.030000 5.857101 0.150000 5.335508 0.150000 4.486316 0.030000 2.234309 0.030000 2.079069 0.030000 4.929995 0.030000 4.982832 0.030000
4.831611 0.030000 5.042143 0.030000 3.103363 0.030000 2.954106 0.030000 6.440499 0.030000 6.566061 0.030000 5.139564 0.030000 5.058782 0.030000 4.272596 0.030000 4.491903 0.030000 2.290195 0.030000 2.109641 0.030000 4.913482 0.030000 5.000484 0.030000
4.828224 0.030000 5.076211 0.030000 3.127727 0.150000 2.986937 0.030000 6.353611 0.030000 6.534858 0.030000 5.171511 0.030000 5.023686 0.030000 4.257126 0.030000 4.443372 0.030000 2.318501 0.030000 2.105084 0.030000 4.975768 0.030000 4.985972 0.030000
4.762216 0.030000 5.050306 0.030000 3.159232 0.030000 2.941917 0.030000 6.252930 0.030000 6.574372 0.150000 5.176025 0.030000 5.087035 0.030000 4.152915 0.030000 4.441423 0.030000 2.344771 0.030000 2.110477 0.030000 4.900330 0.030000 4.949223 0.030000
5.964552 0.150000 5.059799 0.030000 3.194539 0.030000 2.995198 0.030000 6.308377 0.030000 7.189462 0.150000 5.136332 0.030000 5.164025 0.030000 4.178178 0.030000 4.427561 0.030000 2.343683 0.030000 2.161677 0.030000 5.127066 0.150000 5.004505 0.030000
4.837174 0.030000 4.970243 0.030000 3.167737 0.030000 2.986389 0.030000 6.332927 0.030000 6.487109 0.030000 5.178804 0.030000 5.078690 0.030000 4.094841 0.030000 4.337320 0.030000 2.343673 0.030000 2.876628 0.150000 4.898167 0.030000 4.971219 0.030000
4.729166 0.030000 5.010742 0.030000 3.219638 0.030000 3.136004 0.030000 6.225650 0.030000 6.437502 0.030000 5.171617 0.030000 5.125599 0.030000 4.209207 0.030000 4.375982 0.030000 2.367935 0.030000 2.201696 0.030000 4.940625 0.030000 4.979951 0.030000
4.723846 0.030000 4.955425 0.030000 3.225191 0.030000 3.080498 0.030000 6.262415 0.030000 6.512214 0.150000 5.250889 0.030000 5.082823 0.030000 4.088225 0.030000 4.326027 0.030000 2.441149 0.030000 2.226394 0.030000 4.858251 0.030000 4.983477 0.030000
4.747778 0.030000 4.921728 0.030000 3.222508 0.030000 3.081420 0.030000 6.231285 0.030000 6.429284 0.030000 5.238422 0.030000 5.144070 0.030000 4.090215 0.030000 4.309140 0.030000 2.408536 0.030000 2.203999 0.030000 4.938227 0.150000 4.913618 0.030000
4.672788 0.030000 4.866251 0.030000 3.303780 0.030000 3.118313 0.030000 6.067057 0.150000 6.365406 0.030000 5.256199 0.030000 5.170168 0.030000 4.005958 0.030000 4.283918 0.030000 2.477519 0.030000 2.300676 0.030000 4.870318 0.030000 5.106637 0.150000
4.635703 0.030000 5.102294 0.150000 3.278601 0.030000 3.094870 0.030000 6.175712 0.030000 6.327154 0.030000 5.221578 0.030000 5.194264 0.030000 4.019039 0.030000 4.224642 0.030000 2.515929 0.030000 2.302271 0.030000 5.087999 0.150000 4.894300 0.030000
4.580388 0.030000 4.784487 0.030000 3.299931 0.030000 3.103672 0.150000 6.212466 0.030000 6.349638 0.030000 5.685447 0.150000 5.195873 0.030000 4.005732 0.030000 4.261587 0.030000 2.540365 0.030000 2.285155 0.030000 4.902033 0.030000 5.025693 0.030000
4.634009 0.030000 4.802220 0.030000 3.360452 0.030000 3.170112 0.030000 6.171548 0.030000 6.329336 0.030000 5.307041 0.030000 5.146983 0.030000 3.964868 0.030000 4.215261 0.030000 2.555364 0.030000 2.341111 0.030000 4.928459 0.030000 4.919151 0.030000
4.540665 0.030000 4.782674 0.030000 3.358431 0.030000 3.175544 0.030000 6.115130 0.030000 6.287297 0.030000 5.302273 0.030000 5.200967 0.030000 4.163864 0.150000 4.192388 0.030000 2.599287 0.030000 2.319895 0.030000 4.831779 0.030000 4.868723 0.030000
4.577076 0.030000 4.827843 0.030000 3.353175 0.030000 3.185795 0.030000 6.090588 0.030000 6.272650 0.030000 5.305528 0.030000 5.178340 0.030000 3.942338 0.030000 4.155420 0.030000 2.612642 0.030000 2.393928 0.030000 4.905552 0.030000 4.915979 0.030000
4.534443 0.030000 4.730843 0.030000 3.352119 0.030000 3.165751 0.030000 6.492365 0.150000 6.214530 0.030000 5.510493 0.150000 5.182449 0.030000 3.841294 0.030000 4.107088 0.030000 2.647486 0.030000 2.417034 0.030000 4.842043 0.030000 4.922367 0.030000
4.485049 0.030000 4.729852 0.030000 3.408666 0.030000 3.197538 0.030000 6.035103 0.030000 6.259024 0.030000 5.318850 0.030000 5.232707 0.030000 3.825862 0.030000 4.053780 0.030000 2.641116 0.030000 2.467935 0.030000 4.851804 0.030000 4.901270 0.030000
4.473387 0.030000 4.690992 0.030000 3.408204 0.030000 3.176117 0.030000 6.063935 0.030000 6.242541 0.030000 5.334616 0.030000 5.222470 0.030000 3.752464 0.030000 4.047145 0.030000 2.691047 0.030000 2.467602 0.030000 4.853941 0.030000 4.897231 0.030000
4.447844 0.030000 4.988081 0.150000 3.532446 0.150000 3.260897 0.030000 6.065264 0.030000 6.232693 0.030000 5.367967 0.030000 5.218980 0.030000 3.771337 0.030000 4.010424 0.030000 2.719323 0.030000 2.495448 0.030000 4.836545 0.030000 4.876623 0.030000
4.406239 0.030000 4.646370 0.030000 3.475470 0.030000 4.501691 0.150000 5.979425 0.030000 6.179524 0.030000 5.373862 0.030000 5.242206 0.030000 3.769298 0.030000 3.956672 0.030000 2.692563 0.030000 2.507766 0.030000 4.875252 0.030000 4.878789 0.030000
4.459245 0.030000 4.607807 0.030000 3.472529 0.030000 3.300713 0.030000 5.973842 0.030000 6.183933 0.030000 5.355507 0.030000 5.278102 0.030000 3.722647 0.030000 3.923104 0.030000 2.746563 0.030000 2.572032 0.030000 4.883305 0.030000 4.825385 0.030000
4.361010 0.030000 4.877653 0.150000 3.501231 0.030000 3.360675 0.030000 5.984795 0.030000 6.157792 0.030000 5.331277 0.030000 5.253532 0.030000 3.700404 0.030000 3.898407 0.030000 2.833842 0.030000 2.560156 0.030000 4.858724 0.030000 4.610308 0.150000
4.580365 0.150000 4.569143 0.030000 3.562577 0.030000 3.286484 0.030000 5.951086 0.030000 6.167807 0.030000 6.704314 0.150000 5.274816 0.030000 3.681823 0.030000 3.854461 0.030000 2.620726 0.150000 2.571791 0.030000 4.846759 0.030000 4.885531 0.030000
4.334685 0.030000 4.513996 0.030000 3.596948 0.030000 3.373012 0.030000 5.962800 0.030000 6.133006 0.030000 5.388606 0.030000 5.254963 0.030000 3.599713 0.030000 3.873116 0.030000 2.925317 0.030000 2.617911 0.030000 4.859533 0.030000 4.869510 0.030000
4.249736 0.030000 4.509004 0.030000 3.509112 0.030000 3.388476 0.030000 5.939475 0.030000 6.110704 0.030000 5.403199 0.030000 5.303825 0.030000 3.587115 0.030000 3.788711 0.030000 2.904791 0.030000 2.663371 0.030000 4.837805 0.030000 4.926692 0.030000
4.309391 0.030000 4.475764 0.030000 3.551651 0.030000 3.447502 0.030000 5.960255 0.030000 6.077400 0.030000 5.377125 0.030000 5.308986 0.030000 3.561194 0.030000 3.797924 0.030000 3.894522 0.150000 2.941118 0.150000 4.800876 0.030000 6.240881 0.150000
4.244733 0.030000 4.404173 0.030000 3.606406 0.030000 3.408890 0.030000 5.925678 0.030000 6.104600 0.030000 5.457063 0.030000 5.306113 0.030000 3.542559 0.030000 3.776922 0.030000 2.953204 0.030000 2.690873 0.030000 4.786405 0.030000 4.852230 0.030000
4.207442 0.030000 4.454802 0.030000 3.625378 0.030000 3.601260 0.150000 5.893196 0.030000 6.023850 0.030000 5.443575 0.030000 5.367884 0.030000 3.509314 0.030000 3.778793 0.030000 2.930960 0.150000 2.682916 0.030000 4.798064 0.030000 4.826968 0.030000
4.191923 0.030000 4.430337 0.030000 3.628513 0.030000 3.512239 0.030000 5.836837 0.030000 6.025714 0.030000 5.706606 0.150000 5.340765 0.030000 3.809588 0.150000 3.755611 0.030000 2.982768 0.030000 2.683637 0.150000 4.751993 0.030000 4.856641 0.030000
4.199201 0.030000 4.352519 0.030000 3.682036 0.030000 3.493365 0.030000 5.837885 0.030000 6.036154 0.030000 5.477860 0.030000 5.344950 0.030000 3.397518 0.030000 3.702176 0.030000 3.013717 0.030000 2.833368 0.030000 4.882278 0.150000 4.839708 0.030000
4.087273 0.030000 4.368591 0.030000 3.704347 0.030000 3.509517 0.030000 5.851001 0.030000 5.969079 0.030000 5.497527 0.030000 5.386698 0.030000 3.430797 0.030000 3.614608 0.030000 3.129840 0.150000 2.854389 0.030000 4.815014 0.030000 4.849245 0.030000
4.158594 0.030000 4.348158 0.030000 3.735529 0.030000 3.570813 0.030000 5.810450 0.030000 5.974941 0.030000 5.531538 0.030000 5.390797 0.030000 3.545652 0.150000 3.666215 0.030000 3.058910 0.030000 2.846843 0.030000 4.828542 0.030000 4.824515 0.030000
4.142460 0.030000 4.301813 0.030000 3.741024 0.030000 3.546082 0.030000 5.884000 0.030000 5.940342 0.030000 5.506626 0.030000 5.418816 0.030000 3.332218 0.030000 4.378493 0.150000 3.075019 0.030000 2.869541 0.030000 4.807109 0.030000 4.800401 0.030000
4.135635 0.030000 4.268740 0.030000 3.782545 0.030000 3.783606 0.150000 5.818816 0.030000 5.903438 0.030000 6.377293 0.150000 5.476046 0.030000 3.322702 0.030000 3.623591 0.030000 3.108414 0.030000 2.874381 0.030000 4.820951 0.030000 4.785074 0.030000
4.068530 0.030000 4.244874 0.030000 3.820225 0.030000 3.593379 0.030000 5.765293 0.030000 6.083296 0.150000 5.580196 0.030000 5.474953 0.030000 3.323199 0.030000 3.565113 0.030000 3.228974 0.030000 2.937784 0.030000 4.815211 0.030000 4.820575 0.030000
4.057960 0.030000 4.256968 0.030000 3.758916 0.030000 3.654510 0.030000 5.793302 0.030000 5.880320 0.030000 5.585451 0.030000 5.438649 0.030000 3.285372 0.030000 3.544431 0.030000 3.150470 0.030000 2.930475 0.030000 4.839524 0.030000 4.786058 0.030000
4.008152 0.030000 4.240006 0.030000 3.857639 0.030000 3.671064 0.030000 5.691515 0.030000 6.367509 0.150000 5.596890 0.030000 5.531207 0.030000 3.305035 0.030000 3.495268 0.030000 3.207587 0.030000 2.996060 0.030000 4.845387 0.030000 4.826990 0.030000
3.998714 0.030000 4.131483 0.030000 3.861111 0.030000 3.688836 0.030000 5.717768 0.030000 5.848520 0.030000 5.598682 0.030000 5.508908 0.030000 3.239668 0.030000 3.517307 0.030000 3.159963 0.030000 2.954360 0.030000 4.790352 0.150000 4.797880 0.030000
3.995869 0.030000 4.171372 0.030000 3.866081 0.030000 4.648288 0.150000 5.666372 0.030000 5.768040 0.030000 5.639216 0.030000 5.482001 0.030000 3.174724 0.030000 3.477595 0.030000 3.232072 0.030000 3.045779 0.030000 4.857095 0.030000 4.785372 0.030000
3.954831 0.030000 4.132356 0.030000 4.277984 0.150000 3.708367 0.030000 5.669704 0.030000 5.863747 0.030000 5.661967 0.030000 5.522720 0.030000 3.169006 0.030000 3.464915 0.030000 3.228708 0.030000 3.092814 0.030000 4.841083 0.030000 4.810138 0.030000
3.926886 0.030000 4.449108 0.150000 4.613515 0.150000 3.762870 0.030000 5.670418 0.030000 5.788946 0.030000 5.667778 0.030000 5.950073 0.150000 3.164498 0.030000 3.417858 0.030000 3.296614 0.030000 3.100544 0.030000 4.755744 0.150000 4.865524 0.030000
3.900840 0.030000 4.097975 0.030000 3.922611 0.030000 3.760407 0.030000 5.694660 0.030000 5.838697 0.030000 5.702031 0.030000 5.553386 0.030000 3.123700 0.030000 3.314264 0.030000 3.322420 0.030000 3.112003 0.030000 4.779927 0.030000 5.159013 0.150000
3.919318 0.030000 4.424650 0.150000 3.983038 0.030000 3.814813 0.030000 5.588891 0.030000 5.766862 0.030000 5.704155 0.030000 5.565027 0.030000 3.096956 0.030000 3.333517 0.030000 3.354762 0.030000 3.133232 0.030000 4.882483 0.150000 4.788865 0.030000
3.879641 0.030000 4.037678 0.030000 4.011324 0.030000 3.808523 0.030000 5.624588 0.030000 5.694904 0.030000 5.742715 0.030000 5.581706 0.030000 3.036733 0.030000 3.288154 0.030000 3.366112 0.030000 3.149540 0.030000 4.817863 0.030000 4.795286 0.030000
3.821935 0.030000 4.028769 0.030000 4.021703 0.030000 3.800934 0.030000 5.585166 0.030000 5.725957 0.030000 6.503612 0.150000 6.030363 0.150000 3.031470 0.030000 3.302592 0.030000 3.461463 0.030000 3.186534 0.030000 4.785110 0.030000 4.754464 0.030000
3.785786 0.030000 3.987636 0.030000 4.057958 0.030000 4.530735 0.150000 5.614731 0.030000 5.726302 0.030000 5.762296 0.030000 5.600563 0.030000 3.713871 0.150000 3.217068 0.030000 3.865096 0.150000 3.195632 0.030000 4.834953 0.030000 4.815395 0.030000
3.805516 0.030000 3.915356 0.030000 4.069397 0.030000 3.852543 0.030000 5.539313 0.030000 5.688864 0.030000 5.865715 0.150000 5.586713 0.030000 2.976129 0.030000 3.192714 0.030000 3.502329 0.030000 3.223924 0.030000 4.811987 0.030000 4.769237 0.030000
3.775032 0.030000 3.934333 0.030000 4.109990 0.030000 3.946588 0.030000 5.566702 0.030000 5.681484 0.030000 5.775894 0.030000 5.635934 0.030000 2.952857 0.030000 3.202026 0.030000 3.468209 0.030000 3.240959 0.030000 4.697086 0.030000 4.787521 0.030000
4.228072 0.150000 3.876349 0.030000 4.096925 0.030000 3.977600 0.150000 5.561019 0.030000 5.657451 0.030000 5.756389 0.030000 5.629469 0.030000 2.919728 0.030000 3.408425 0.150000 3.548739 0.030000 3.298921 0.030000 4.790077 0.030000 4.785955 0.030000
3.828193 0.030000 3.948623 0.030000 4.157709 0.030000 3.968282 0.030000 5.521023 0.030000 6.298940 0.150000 5.782115 0.030000 5.652966 0.030000 2.900197 0.030000 3.128577 0.030000 3.568390 0.030000 3.359845 0.030000 4.831264 0.030000 4.765453 0.030000
3.711716 0.030000 3.900676 0.030000 4.190618 0.030000 3.916086 0.030000 5.491952 0.030000 5.556697 0.030000 5.790220 0.030000 5.713721 0.030000 2.866236 0.030000 3.132676 0.030000 3.617223 0.030000 3.351748 0.030000 4.788812 0.030000 4.934127 0.150000
3.690715 0.030000 3.888460 0.030000 4.230601 0.030000 3.936654 0.150000 5.517789 0.030000 5.640229 0.030000 5.896817 0.030000 5.698886 0.030000 2.833537 0.030000 3.023123 0.030000 3.647830 0.030000 4.504180 0.150000 4.821860 0.030000 4.808911 0.030000
3.626723 0.030000 3.883445 0.030000 4.227201 0.030000 3.996380 0.150000 5.486155 0.030000 5.616901 0.030000 5.849576 0.030000 5.716707 0.030000 2.785604 0.030000 3.037150 0.030000 3.644183 0.030000 3.404404 0.030000 4.818104 0.030000 4.811658 0.030000
3.697083 0.030000 3.805305 0.030000 4.403946 0.150000 4.053659 0.030000 5.529424 0.030000 5.602250 0.030000 5.837704 0.030000 5.737151 0.030000 2.801545 0.030000 2.971570 0.030000 3.644367 0.030000 3.451655 0.030000 4.821230 0.030000 4.818814 0.030000
3.627519 0.030000 3.812325 0.030000 4.233443 0.030000 4.072752 0.030000 5.444297 0.030000 6.894631 0.150000 5.881329 0.030000 5.774669 0.030000 2.767308 0.030000 3.062308 0.030000 3.660160 0.030000 3.498280 0.030000 4.845665 0.150000 4.790305 0.030000
3.626451 0.030000 3.839653 0.030000 4.254568 0.030000 4.087002 0.030000 5.419114 0.030000 5.528453 0.030000 5.918233 0.030000 5.813575 0.030000 2.757437 0.030000 2.966982 0.030000 4.263562 0.150000 3.522567 0.030000 4.794232 0.030000 4.818048 0.030000
3.595089 0.030000 3.767384 0.030000 4.248989 0.030000 4.106861 0.030000 5.417220 0.030000 5.554411 0.030000 6.082161 0.150000 5.790383 0.030000 2.755252 0.030000 2.890108 0.030000 3.760752 0.030000 3.532594 0.030000 4.876542 0.030000 4.776650 0.030000
3.584000 0.030000 3.776685 0.030000 4.348634 0.030000 4.132791 0.030000 5.443001 0.030000 5.498601 0.030000 5.950994 0.030000 5.760230 0.030000 2.749244 0.030000 2.983493 0.030000 3.777638 0.030000 3.556204 0.030000 4.860168 0.030000 4.807267 0.030000
3.521402 0.030000 3.678957 0.030000 4.825244 0.150000 4.159779 0.030000 5.358616 0.030000 5.486241 0.030000 5.985766 0.030000 5.776727 0.030000 2.657347 0.030000 2.888030 0.030000 3.810075 0.030000 3.575314 0.030000 5.111785 0.150000 4.822263 0.030000
3.503311 0.030000 3.691466 0.030000 4.596286 0.150000 4.205527 0.030000 5.390679 0.030000 5.309618 0.150000 5.984944 0.030000 5.792808 0.030000 2.582629 0.030000 2.845298 0.030000 3.791458 0.030000 3.613003 0.030000 4.864784 0.030000 4.788439 0.030000
3.501614 0.030000 3.649636 0.030000 4.380695 0.030000 4.220890 0.030000 5.393111 0.030000 5.491608 0.030000 5.990538 0.030000 5.835035 0.030000 2.570101 0.030000 2.876621 0.030000 3.909634 0.030000 3.586213 0.030000 4.845704 0.030000 4.859457 0.030000
3.449541 0.030000 3.649736 0.030000 4.452989 0.030000 4.234792 0.030000 5.373580 0.030000 5.480709 0.030000 6.037039 0.030000 5.855957 0.150000 2.580847 0.030000 2.785763 0.030000 3.943656 0.030000 3.702496 0.030000 4.850388 0.030000 4.809675 0.030000
3.442029 0.030000 4.278341 0.150000 4.471380 0.030000 4.269414 0.030000 5.308745 0.030000 5.523497 0.030000 5.981856 0.030000 5.893433 0.030000 2.512555 0.030000 2.733309 0.150000 3.933626 0.030000 3.670589 0.030000 4.840567 0.030000 4.818382 0.030000
3.440378 0.030000 3.606405 0.030000 4.466641 0.030000 4.313751 0.030000 5.311193 0.030000 5.542517 0.150000 6.038978 0.030000 5.855137 0.030000 2.568749 0.030000 2.730962 0.030000 3.962713 0.030000 3.693594 0.030000 4.942269 0.030000 5.435092 0.150000
3.389416 0.030000 3.608911 0.030000 4.662462 0.150000 4.315670 0.030000 5.286316 0.030000 5.382231 0.030000 6.056063 0.030000 5.934085 0.030000 2.513177 0.030000 2.702572 0.030000 4.029722 0.030000 3.723726 0.030000 4.866774 0.030000 4.811518 0.030000
3.411787 0.030000 3.543733 0.030000 4.468317 0.030000 4.358081 0.030000 5.274096 0.030000 5.749844 0.150000 6.090375 0.030000 5.922699 0.030000 2.433459 0.030000 2.863978 0.150000 4.024628 0.030000 3.766167 0.030000 4.882635 0.030000 4.870368 0.030000
3.419622 0.030000 3.508066 0.030000 4.566143 0.030000 4.403424 0.030000 5.322521 0.030000 5.370875 0.030000 6.058933 0.030000 5.862378 0.030000 2.404414 0.030000 2.728049 0.030000 4.078029 0.030000 3.791266 0.030000 4.899161 0.030000 4.896256 0.030000
3.442715 0.150000 3.387937 0.150000 5.016805 0.150000 4.366990 0.030000 5.290102 0.030000 5.341978 0.030000 6.148386 0.030000 5.989640 0.030000 2.412824 0.030000 2.615683 0.030000 4.107771 0.030000 3.851928 0.030000 4.886580 0.030000 4.820338 0.030000
3.345888 0.030000 3.543255 0.030000 4.580973 0.030000 4.376075 0.030000 5.250577 0.030000 5.365532 0.030000 6.232160 0.030000 5.996817 0.030000 2.345886 0.030000 2.615915 0.030000 4.167407 0.030000 3.863160 0.030000 4.893824 0.030000 4.825799 0.030000
3.337303 0.030000 3.453857 0.030000 4.649705 0.030000 4.418946 0.030000 5.224104 0.030000 5.390821 0.030000 6.102673 0.030000 6.064848 0.030000 2.297162 0.150000 2.642165 0.030000 4.257115 0.150000 3.867860 0.030000 4.913480 0.030000 4.832142 0.030000
3.352809 0.030000 3.489122 0.030000 5.219696 0.150000 4.433582 0.030000 5.200650 0.030000 5.525802 0.150000 6.176178 0.030000 5.948030 0.030000 2.335188 0.030000 2.650008 0.150000 4.184671 0.030000 3.961358 0.030000 4.863638 0.030000 4.844210 0.030000
3.271528 0.030000 3.407532 0.030000 4.645555 0.030000 4.478916 0.030000 5.203261 0.030000 5.332518 0.030000 6.177334 0.030000 5.994857 0.030000 2.336110 0.030000 2.541545 0.030000 4.199207 0.030000 3.995318 0.030000 4.909838 0.030000 5.029430 0.150000
3.294093 0.030000 3.391919 0.030000 4.714688 0.030000 4.438453 0.030000 5.164437 0.030000 5.253114 0.030000 6.194910 0.030000 6.031753 0.030000 2.201308 0.030000 2.460996 0.030000 4.185163 0.030000 3.956264 0.030000 4.870211 0.030000 4.855072 0.030000
3.203310 0.150000 3.393690 0.030000 4.724879 0.030000 4.737810 0.150000 5.227402 0.030000 5.302124 0.030000 6.203784 0.030000 6.074764 0.030000 2.257605 0.030000 2.447130 0.030000 4.252014 0.030000 4.047076 0.030000 4.888622 0.030000 4.879065 0.030000
3.224059 0.030000 3.404920 0.030000 4.736961 0.030000 4.552589 0.030000 5.191187 0.030000 5.318943 0.030000 6.244847 0.030000 6.079573 0.030000 2.260955 0.030000 2.428218 0.030000 4.248263 0.030000 4.023255 0.030000 5.357632 0.150000 4.848970 0.030000
3.231367 0.030000 3.342034 0.150000 4.828295 0.030000 4.565660 0.030000 5.170529 0.030000 5.240412 0.030000 6.294901 0.030000 6.097739 0.030000 2.250082 0.030000 2.457998 0.030000 4.291548 0.030000 4.075193 0.030000 4.915281 0.030000 4.918770 0.030000
3.203233 0.030000 3.338853 0.030000 4.822489 0.030000 4.899787 0.150000 5.193330 0.030000 5.273832 0.030000 6.347675 0.030000 6.260911 0.150000 2.182569 0.030000 2.374783 0.030000 4.344574 0.030000 4.086978 0.030000 4.925016 0.030000 4.801200 0.030000
3.204761 0.030000 3.301994 0.030000 4.857486 0.030000 4.872931 0.150000 5.117092 0.030000 5.271583 0.030000 6.306311 0.030000 6.181213 0.030000 2.120000 0.030000 2.351334 0.030000 4.361258 0.030000 4.108088 0.030000 4.960965 0.030000 4.956441 0.030000
3.143744 0.030000 3.319019 0.030000 4.854238 0.030000 4.659656 0.030000 5.164997 0.030000 5.215567 0.030000 6.335501 0.030000 6.468094 0.150000 2.300754 0.150000 2.342183 0.030000 4.343797 0.030000 4.139195 0.030000 4.989334 0.030000 4.911007 0.030000
3.173774 0.030000 3.338384 0.030000 4.908987 0.030000 4.683575 0.030000 5.132958 0.150000 5.205810 0.030000 6.316866 0.030000 6.164997 0.030000 2.100784 0.030000 2.266253 0.150000 4.401605 0.030000 4.152033 0.030000 4.996796 0.030000 4.936248 0.030000
3.154638 0.030000 3.319102 0.030000 4.890124 0.030000 4.689123 0.030000 5.068777 0.030000 5.217257 0.030000 6.417746 0.030000 6.194854 0.030000 2.076723 0.030000 2.270661 0.030000 4.469248 0.030000 4.208447 0.030000 4.964644 0.030000 4.902902 0.030000
3.086930 0.030000 3.264306 0.030000 4.955774 0.030000 4.710861 0.030000 5.110734 0.030000 5.234823 0.030000 6.393011 0.030000 6.682705 0.150000 2.109546 0.030000 2.285760 0.030000 4.513214 0.030000 4.172810 0.030000 4.914609 0.030000 4.859660 0.030000
3.092100 0.030000 3.240855 0.030000 4.967238 0.030000 4.740889 0.030000 5.085501 0.030000 5.193031 0.030000 6.356653 0.030000 6.218955 0.030000 1.959767 0.030000 2.278179 0.030000 4.522849 0.030000 4.292224 0.030000 4.999306 0.030000 4.914007 0.030000
3.880994 0.150000 3.255584 0.030000 5.011535 0.030000 4.787211 0.030000 5.054786 0.030000 5.222414 0.150000 6.402701 0.030000 6.292256 0.030000 2.021001 0.030000 2.193558 0.030000 4.582298 0.030000 4.299907 0.030000 4.964889 0.030000 4.925483 0.030000
3.065826 0.030000 3.187809 0.030000 5.073352 0.030000 4.800997 0.030000 5.026909 0.030000 5.122987 0.030000 6.447574 0.030000 6.273451 0.030000 1.952955 0.030000 2.214435 0.030000 4.559348 0.030000 4.361385 0.150000 5.004606 0.030000 5.053405 0.150000
3.061163 0.030000 3.192326 0.030000 5.059895 0.030000 4.782204 0.030000 5.027219 0.030000 5.181058 0.030000 6.498888 0.030000 6.271219 0.030000 2.113541 0.150000 3.355333 0.150000 4.638602 0.030000 4.339356 0.030000 5.032237 0.030000 4.953053 0.030000
3.047610 0.030000 3.179095 0.030000 5.133424 0.030000 4.882610 0.030000 5.075167 0.030000 5.093270 0.030000 6.509608 0.030000 6.317806 0.030000 1.975601 0.030000 2.283239 0.150000 4.564565 0.030000 4.438322 0.030000 4.999315 0.030000 4.922333 0.030000
3.032583 0.030000 3.174496 0.030000 5.122938 0.030000 4.922637 0.030000 5.044574 0.030000 5.209816 0.030000 6.532178 0.030000 6.309259 0.030000 1.882215 0.030000 2.180372 0.030000 4.684810 0.030000 4.398401 0.030000 4.998736 0.030000 5.010661 0.030000
3.020577 0.030000 3.074819 0.030000 5.141901 0.030000 4.910650 0.030000 5.020122 0.030000 5.111205 0.030000 6.504291 0.030000 6.377817 0.030000 1.882848 0.030000 2.219847 0.150000 4.743896 0.030000 4.463671 0.030000 5.059967 0.030000 4.940050 0.030000
3.027153 0.030000 3.074696 0.030000 5.132939 0.030000 4.997498 0.030000 5.040762 0.030000 5.096272 0.030000 6.846181 0.150000 6.428033 0.030000 2.556681 0.150000 2.051726 0.030000 4.729813 0.030000 4.452808 0.030000 5.048014 0.030000 4.962347 0.030000
3.001771 0.030000 3.105380 0.030000 5.178290 0.030000 4.943785 0.030000 4.975145 0.030000 5.056035 0.030000 6.701944 0.150000 6.389175 0.030000 1.799621 0.030000 1.998131 0.030000 4.745888 0.030000 4.458033 0.030000 5.024727 0.030000 5.261532 0.150000
3.009722 0.030000 3.091147 0.030000 5.182353 0.030000 4.916916 0.030000 5.493290 0.150000 5.002035 0.030000 6.557975 0.030000 6.390802 0.030000 1.863049 0.030000 2.006343 0.030000 4.690625 0.030000 4.584278 0.030000 5.047354 0.030000 5.015557 0.030000
2.986706 0.030000 3.127778 0.150000 5.232097 0.030000 5.001584 0.030000 5.032517 0.030000 5.068231 0.030000 6.548737 0.030000 6.396044 0.030000 1.873801 0.150000 2.008781 0.030000 4.782486 0.030000 4.539684 0.030000 4.997426 0.030000 5.013412 0.030000
2.957868 0.030000 3.091053 0.030000 5.247701 0.030000 5.039547 0.030000 4.964784 0.030000 5.080966 0.030000 6.615810 0.030000 6.463931 0.030000 1.769939 0.030000 1.957592 0.030000 4.832265 0.030000 4.607540 0.030000 5.042888 0.030000 5.074390 0.030000
2.977210 0.030000 3.055291 0.030000 5.289516 0.030000 5.104057 0.030000 4.992047 0.030000 5.048183 0.030000 6.582101 0.030000 6.449860 0.030000 1.796294 0.030000 1.948226 0.030000 4.826848 0.030000 4.617203 0.030000 5.013220 0.030000 4.956906 0.030000
2.966217 0.030000 3.066311 0.030000 5.303617 0.030000 5.011170 0.030000 4.980072 0.030000 5.138045 0.150000 6.671173 0.030000 6.453873 0.030000 1.764012 0.030000 1.988448 0.030000 4.886842 0.030000 4.629124 0.030000 5.106271 0.030000 6.228693 0.150000
2.852671 0.030000 3.047231 0.030000 5.286109 0.030000 5.117492 0.030000 4.995836 0.030000 5.047084 0.030000 6.681199 0.030000 6.503290 0.030000 1.748979 0.030000 1.929110 0.030000 4.860878 0.030000 4.635031 0.030000 5.124232 0.030000 5.062248 0.030000
2.902059 0.030000 3.007952 0.030000 5.294087 0.030000 5.102271 0.030000 5.006242 0.030000 5.056175 0.030000 6.676534 0.030000 6.537007 0.030000 1.682417 0.030000 1.925845 0.030000 4.880486 0.030000 4.615156 0.030000 5.081758 0.030000 4.998890 0.030000
2.876605 0.030000 3.054881 0.030000 5.343017 0.030000 5.065993 0.030000 4.906364 0.030000 5.389315 0.150000 6.712427 0.030000 6.556819 0.030000 1.748337 0.030000 2.354034 0.150000 4.912704 0.030000 4.704186 0.030000 5.447797 0.150000 4.976041 0.030000
2.837625 0.030000 3.015843 0.030000 5.381415 0.030000 5.166814 0.030000 4.940371 0.030000 5.167121 0.150000 6.704226 0.150000 6.501985 0.030000 1.706834 0.030000 1.881904 0.030000 4.943135 0.030000 4.725050 0.030000 5.044215 0.030000 5.582453 0.150000
2.834662 0.030000 2.973888 0.030000 5.344855 0.030000 5.147163 0.030000 4.918578 0.030000 5.056203 0.030000 6.745801 0.030000 6.495420 0.030000 1.724456 0.030000 1.851936 0.030000 4.926156 0.030000 4.704443 0.030000 5.124821 0.030000 5.068898 0.030000
2.913777 0.030000 2.973439 0.030000 5.424460 0.030000 5.188248 0.030000 4.892783 0.030000 4.986500 0.030000 6.792124 0.030000 6.602735 0.030000 1.628234 0.150000 1.845359 0.030000 4.956511 0.030000 4.756919 0.030000 5.168643 0.030000 5.032421 0.030000
2.870125 0.030000 2.914397 0.030000 5.416617 0.030000 5.798818 0.150000 4.935689 0.030000 4.997910 0.030000 6.868773 0.150000 6.582276 0.030000 1.630574 0.030000 1.838836 0.030000 5.022105 0.030000 4.777924 0.030000 5.155661 0.030000 5.000854 0.030000
2.805631 0.030000 2.936742 0.030000 5.407605 0.030000 5.217746 0.030000 4.950435 0.030000 5.021901 0.030000 6.731306 0.150000 6.582569 0.030000 1.696994 0.030000 1.811788 0.030000 4.997019 0.030000 4.773458 0.030000 5.293065 0.150000 5.086593 0.030000
2.818535 0.030000 2.918673 0.030000 5.388829 0.030000 5.223739 0.030000 4.956013 0.030000 5.042567 0.150000 6.753968 0.030000 6.620850 0.030000 1.607465 0.030000 1.771927 0.030000 5.000866 0.030000 4.823475 0.030000 5.162144 0.030000 5.048067 0.030000
2.795288 0.030000 2.899771 0.030000 5.468765 0.030000 5.323625 0.030000 4.928267 0.030000 4.993962 0.030000 6.797492 0.030000 6.566248 0.030000 1.616647 0.030000 1.800587 0.030000 4.992144 0.030000 4.793283 0.030000 5.168128 0.030000 5.094371 0.030000
2.838046 0.030000 2.877764 0.030000 5.484341 0.030000 5.223940 0.030000 4.852300 0.030000 4.968257 0.030000 6.803494 0.030000 6.611785 0.030000 1.640034 0.030000 1.788186 0.030000 5.105186 0.030000 4.811058 0.030000 5.156685 0.030000 5.118333 0.030000
2.755419 0.150000 2.946884 0.030000 5.505915 0.030000 5.209368 0.030000 4.957361 0.030000 4.982986 0.030000 6.770919 0.030000 6.652957 0.030000 1.567075 0.150000 2.472213 0.150000 5.060281 0.030000 5.607526 0.150000 5.209438 0.030000 5.104075 0.030000
2.812779 0.030000 2.906418 0.030000 5.539447 0.030000 5.295631 0.030000 4.852547 0.030000 4.960823 0.030000 6.842708 0.030000 6.616760 0.030000 1.582845 0.030000 1.747001 0.030000 5.107483 0.030000 4.888557 0.030000 5.123818 0.030000 5.090228 0.030000
2.820439 0.030000 2.896814 0.030000 5.470323 0.030000 5.252092 0.030000 4.884387 0.030000 5.618120 0.150000 6.825601 0.030000 6.645723 0.030000 1.567847 0.030000 1.753313 0.030000 5.060591 0.030000 4.948940 0.030000 5.147796 0.030000 5.089954 0.030000
2.808942 0.030000 2.855050 0.030000 5.588004 0.030000 5.320829 0.030000 4.931845 0.030000 4.970165 0.030000 6.863605 0.030000 6.702626 0.030000 1.604970 0.030000 1.728456 0.030000 5.091262 0.030000 4.885141 0.030000 5.158309 0.030000 5.090692 0.030000
2.793768 0.030000 2.875767 0.030000 5.528578 0.030000 5.275249 0.030000 4.838415 0.030000 5.500250 0.150000 6.877747 0.030000 6.637021 0.030000 1.517155 0.030000 1.721421 0.030000 5.173281 0.030000 4.857214 0.030000 5.115470 0.030000 5.082968 0.030000
2.820454 0.030000 2.851046 0.030000 5.920782 0.150000 5.297837 0.030000 4.838195 0.030000 4.922984 0.030000 6.860864 0.030000 6.701595 0.030000 1.572527 0.030000 1.683282 0.030000 5.163611 0.030000 4.886199 0.030000 5.219927 0.030000 5.111235 0.030000
2.772517 0.030000 2.904531 0.030000 5.590859 0.030000 5.362314 0.030000 4.841904 0.030000 4.924264 0.030000 6.848006 0.030000 6.692592 0.030000 2.262409 0.150000 2.028000 0.150000 5.122098 0.030000 4.927720 0.030000 5.148610 0.030000 5.131990 0.030000
2.777260 0.030000 2.904091 0.030000 5.587029 0.030000 5.342556 0.030000 4.876681 0.030000 4.950247 0.030000 6.901605 0.030000 6.951818 0.150000 1.547242 0.030000 1.711800 0.030000 5.161031 0.030000 4.968406 0.030000 5.232051 0.030000 5.765635 0.150000
3.296462 0.150000 2.863699 0.030000 5.542282 0.030000 5.635884 0.150000 5.098005 0.150000 4.983429 0.030000 6.904137 0.030000 7.119880 0.150000 1.518201 0.150000 1.638273 0.030000 5.227289 0.030000 4.927336 0.030000 5.208350 0.030000 5.151528 0.030000
2.718382 0.030000 2.921402 0.030000 5.604723 0.030000 5.330186 0.030000 5.157894 0.150000 4.883680 0.030000 6.916768 0.030000 6.724444 0.030000 1.539027 0.030000 1.672042 0.030000 5.186795 0.030000 4.985146 0.030000 5.426746 0.150000 5.078513 0.030000
2.782300 0.030000 2.835204 0.030000 5.643939 0.030000 5.377516 0.030000 4.920860 0.030000 4.939909 0.030000 7.614239 0.150000 6.731658 0.030000 1.504315 0.030000 1.666207 0.030000 5.225228 0.030000 4.989889 0.030000 5.208936 0.030000 5.099371 0.030000
2.794038 0.030000 2.857073 0.030000 5.651552 0.030000 5.403237 0.030000 4.917505 0.030000 5.549996 0.150000 6.907368 0.030000 6.738669 0.030000 1.492258 0.030000 1.685765 0.030000 5.151539 0.030000 4.981748 0.030000 5.204080 0.030000 5.180057 0.030000
2.781268 0.030000 2.855988 0.030000 5.634651 0.030000 5.453280 0.030000 4.853293 0.030000 4.939221 0.030000 6.851027 0.030000 6.739544 0.030000 1.493958 0.030000 1.960393 0.150000 5.275962 0.030000 5.803888 0.150000 5.158288 0.030000 5.106513 0.030000
2.806323 0.030000 2.852516 0.030000 5.617442 0.030000 5.419461 0.030000 4.858515 0.030000 4.918763 0.030000 6.912798 0.030000 6.809444 0.030000 1.440513 0.030000 1.621184 0.030000 5.249220 0.030000 4.979951 0.030000 5.262063 0.030000 5.128562 0.030000
3.214982 0.150000 2.876860 0.030000 5.702094 0.030000 5.367719 0.030000 4.837873 0.150000 4.936477 0.030000 6.962837 0.030000 6.764287 0.030000 1.492030 0.030000 1.602750 0.030000 5.240969 0.030000 5.030692 0.030000 5.226442 0.030000 5.086244 0.030000
2.768799 0.030000 2.841483 0.030000 5.679348 0.030000 5.412553 0.150000 4.901181 0.030000 6.674456 0.150000 6.893233 0.030000 6.769074 0.030000 1.481381 0.030000 1.623624 0.030000 5.293954 0.030000 5.123661 0.150000 5.209437 0.030000 5.195127 0.030000
2.729398 0.030000 2.874110 0.030000 5.621457 0.030000 5.432020 0.030000 4.858578 0.030000 4.899274 0.030000 6.992090 0.030000 6.736173 0.030000 1.477002 0.030000 1.596472 0.030000 5.236956 0.030000 4.999711 0.030000 5.261228 0.030000 5.167090 0.030000
2.780470 0.030000 2.796199 0.030000 5.645687 0.030000 5.474706 0.030000 4.894122 0.030000 5.164611 0.150000 6.937935 0.030000 6.767245 0.030000 1.466748 0.030000 1.602801 0.030000 5.242091 0.030000 5.889548 0.150000 5.207520 0.030000 5.129846 0.030000
2.778337 0.030000 3.011475 0.150000 5.664977 0.030000 5.741201 0.150000 4.891016 0.030000 4.894276 0.030000 7.019783 0.030000 6.791578 0.030000 1.468677 0.030000 1.593634 0.030000 5.279520 0.030000 5.031867 0.030000 5.238763 0.030000 5.099655 0.030000
2.758497 0.030000 2.849014 0.030000 5.702446 0.030000 5.441508 0.030000 4.798396 0.030000 4.946687 0.030000 6.958653 0.030000 6.827694 0.030000 1.477760 0.030000 1.617251 0.030000 5.280193 0.030000 5.095495 0.030000 5.259038 0.030000 5.181865 0.030000
2.690098 0.030000 2.757685 0.030000 5.674247 0.030000 5.461841 0.030000 4.854421 0.030000 4.957883 0.030000 6.952466 0.030000 6.746197 0.030000 1.451907 0.030000 1.553545 0.030000 5.291051 0.030000 5.050965 0.030000 5.215597 0.030000 5.203451 0.030000
2.761215 0.030000 2.798201 0.030000 5.695062 0.030000 5.466851 0.030000 5.154413 0.150000 4.895227 0.030000 6.960098 0.030000 6.823013 0.030000 1.439632 0.030000 1.516705 0.030000 5.310024 0.030000 5.115366 0.030000 5.243220 0.030000 5.211730 0.150000
2.769662 0.030000 2.798759 0.030000 5.698909 0.030000 5.507927 0.030000 4.782890 0.030000 4.901007 0.030000 6.921224 0.030000 6.837268 0.030000 1.393144 0.030000 1.621044 0.030000 5.243280 0.150000 5.084092 0.030000 5.198020 0.030000 5.507199 0.150000
2.690415 0.030000 2.756890 0.030000 5.749380 0.030000 5.476517 0.030000 4.858043 0.030000 4.888181 0.030000 6.954838 0.030000 6.880297 0.030000 1.463612 0.030000 2.031834 0.150000 5.282728 0.030000 5.103355 0.030000 5.178609 0.030000 5.170953 0.030000
2.818167 0.030000 2.833563 0.030000 5.738392 0.030000 5.525982 0.030000 4.743351 0.150000 4.908114 0.030000 6.997797 0.030000 6.875712 0.030000 1.391357 0.030000 1.587697 0.030000 5.334632 0.030000 5.098907 0.030000 5.235160 0.030000 5.198744 0.030000
2.719098 0.030000 2.730489 0.030000 5.800435 0.030000 5.483080 0.030000 4.788031 0.030000 4.935000 0.030000 6.916402 0.030000 6.861069 0.030000 1.429846 0.030000 1.575098 0.030000 5.309387 0.030000 5.130329 0.030000 5.239562 0.030000 5.194982 0.030000
2.736951 0.030000 2.778941 0.030000 5.718450 0.030000 5.535127 0.030000 4.806599 0.030000 4.957488 0.030000 6.956696 0.030000 6.891179 0.030000 1.522420 0.150000 1.603719 0.150000 5.192463 0.150000 5.177259 0.030000 5.201159 0.030000 5.133002 0.030000
2.819797 0.030000 2.773387 0.030000 5.832805 0.030000 5.951409 0.150000 4.773116 0.030000 4.887756 0.030000 6.912403 0.030000 6.884894 0.030000 1.319651 0.030000 1.600606 0.030000 5.824351 0.150000 5.141844 0.030000 5.180691 0.030000 5.165886 0.030000
2.657833 0.150000 3.062682 0.150000 5.767716 0.150000 5.544212 0.030000 4.787442 0.030000 4.986554 0.030000 6.974830 0.030000 7.100684 0.150000 1.340163 0.030000 1.559377 0.030000 5.310314 0.030000 5.189470 0.030000 5.201503 0.030000 5.173816 0.030000
2.866213 0.030000 2.773764 0.030000 5.853305 0.030000 5.573778 0.030000 4.697914 0.030000 4.981636 0.150000 6.951946 0.030000 6.927606 0.030000 1.346914 0.030000 1.564238 0.030000 5.281831 0.030000 5.203671 0.030000 5.193036 0.030000 5.266525 0.030000
2.866854 0.030000 2.737014 0.030000 5.851498 0.030000 5.565610 0.030000 4.778889 0.030000 4.873163 0.030000 6.877583 0.030000 6.958504 0.030000 1.222066 0.030000 1.541874 0.030000 5.375043 0.030000 5.231846 0.030000 5.160495 0.030000 5.700345 0.150000
2.847914 0.030000 2.743084 0.030000 5.813708 0.030000 5.579840 0.030000 4.709475 0.030000 4.883358 0.030000 7.042871 0.030000 6.881680 0.030000 1.235756 0.030000 1.510859 0.030000 5.323824 0.150000 5.203767 0.030000 5.121035 0.030000 5.278760 0.030000
2.850109 0.030000 2.715009 0.030000 5.840880 0.030000 6.321713 0.150000 4.640861 0.030000 5.058566 0.150000 6.950329 0.030000 6.967302 0.030000 1.176480 0.030000 1.502096 0.030000 5.804079 0.150000 5.228998 0.030000 5.124815 0.030000 5.272232 0.030000
2.820314 0.030000 2.703656 0.030000 5.959441 0.030000 5.571967 0.150000 4.645385 0.030000 4.880736 0.030000 6.939876 0.030000 6.928337 0.030000 1.146647 0.030000 1.479650 0.030000 5.351660 0.030000 5.308777 0.030000 5.099266 0.030000 5.237171 0.030000
2.874009 0.030000 2.723460 0.030000 5.969196 0.030000 5.723988 0.030000 4.659026 0.030000 4.834990 0.030000 6.944543 0.030000 6.981604 0.030000 1.232420 0.030000 1.442763 0.030000 5.417060 0.030000 5.298381 0.030000 5.119143 0.030000 5.211882 0.030000
2.946798 0.030000 2.798299 0.030000 5.899843 0.030000 5.685648 0.030000 4.601537 0.030000 4.847627 0.030000 6.926625 0.030000 6.951754 0.030000 1.132852 0.030000 1.403398 0.030000 5.399415 0.030000 5.253827 0.030000 5.044675 0.030000 5.190032 0.030000
2.957378 0.030000 2.779630 0.030000 6.001634 0.030000 5.741773 0.030000 4.606936 0.030000 4.801245 0.030000 6.858056 0.030000 6.943731 0.030000 1.122590 0.030000 1.363962 0.030000 5.435919 0.030000 5.334519 0.030000 5.044077 0.030000 5.207609 0.030000
3.022127 0.030000 2.796696 0.030000 5.994541 0.030000 5.775709 0.030000 4.561497 0.030000 4.828288 0.030000 6.950827 0.030000 6.972782 0.030000 1.110211 0.030000 1.399540 0.030000 5.353817 0.030000 5.335148 0.030000 5.011617 0.030000 5.193630 0.030000
3.056744 0.030000 2.796735 0.030000 5.956226 0.030000 5.811419 0.030000 4.466437 0.030000 4.762098 0.030000 7.704712 0.150000 6.928268 0.030000 1.018696 0.030000 1.297822 0.030000 5.397414 0.030000 5.399348 0.030000 4.996959 0.030000 5.159355 0.030000
3.029463 0.030000 2.820511 0.030000 6.031230 0.030000 5.890616 0.030000 4.463859 0.030000 4.754529 0.030000 6.891098 0.030000 6.986687 0.030000 0.990461 0.030000 1.324556 0.030000 5.374165 0.030000 5.530596 0.150000 4.951316 0.030000 5.140058 0.030000
3.057218 0.030000 3.032630 0.150000 6.288595 0.150000 5.994971 0.150000 5.098142 0.150000 4.639421 0.030000 6.849703 0.030000 6.932637 0.030000 1.041814 0.030000 1.681234 0.150000 5.364928 0.030000 5.328453 0.030000 4.967313 0.030000 5.162818 0.030000
3.068790 0.030000 2.873875 0.030000 6.229827 0.150000 5.870787 0.030000 4.445974 0.030000 4.661631 0.030000 6.843707 0.030000 6.866052 0.030000 0.998651 0.030000 1.258549 0.030000 5.416723 0.030000 5.345305 0.030000 4.925607 0.030000 5.129353 0.030000
3.086259 0.030000 2.889509 0.030000 6.539424 0.150000 5.877459 0.030000 4.364603 0.030000 4.597462 0.030000 6.857651 0.030000 6.909210 0.030000 1.001275 0.030000 1.179778 0.030000 5.409679 0.030000 5.402448 0.030000 4.888393 0.030000 5.172524 0.030000
3.320572 0.150000 2.955496 0.030000 6.032136 0.030000 5.956780 0.030000 4.374318 0.030000 4.600412 0.030000 6.787113 0.030000 6.940542 0.030000 0.944178 0.030000 1.204198 0.030000 5.395458 0.030000 5.375931 0.030000 4.882701 0.030000 5.106854 0.030000
3.256618 0.030000 2.898129 0.030000 6.071766 0.030000 5.943923 0.030000 4.360387 0.030000 4.601558 0.030000 7.004801 0.150000 6.940360 0.030000 0.931970 0.030000 1.133294 0.030000 5.352557 0.030000 5.368290 0.030000 4.803733 0.030000 5.130815 0.030000
3.231172 0.030000 2.986972 0.030000 6.132652 0.030000 5.918144 0.030000 4.251026 0.030000 4.501425 0.030000 6.746033 0.030000 6.901359 0.030000 0.929293 0.030000 1.143525 0.030000 5.352862 0.030000 5.353927 0.030000 5.260052 0.150000 5.065786 0.030000
3.230014 0.030000 3.031243 0.030000 6.090531 0.030000 6.008538 0.030000 4.284320 0.030000 4.495372 0.030000 6.715487 0.030000 6.880640 0.030000 0.885309 0.030000 1.327683 0.150000 5.318918 0.030000 5.392991 0.030000 4.845210 0.030000 5.013103 0.030000
3.291391 0.030000 3.027007 0.030000 6.100509 0.030000 6.044146 0.030000 4.588922 0.150000 4.453556 0.030000 6.724127 0.030000 6.898916 0.030000 0.868957 0.030000 1.158267 0.150000 5.709463 0.150000 5.405010 0.030000 4.738591 0.030000 5.032165 0.030000
3.269726 0.030000 3.044929 0.030000 6.187409 0.030000 6.046656 0.030000 4.216874 0.030000 4.456113 0.030000 6.632794 0.030000 6.840315 0.030000 0.924569 0.150000 1.095400 0.030000 5.348978 0.030000 5.313689 0.030000 4.766153 0.030000 4.969013 0.030000
3.329027 0.030000 3.084752 0.030000 6.133158 0.030000 6.032294 0.030000 4.219220 0.030000 4.554801 0.150000 6.678567 0.030000 6.806178 0.030000 0.800512 0.030000 1.020989 0.030000 5.339739 0.030000 5.372520 0.030000 4.705849 0.030000 4.925481 0.030000
3.360708 0.030000 3.135870 0.030000 6.166757 0.030000 5.988356 0.030000 4.128962 0.030000 4.336221 0.150000 6.612261 0.030000 6.930594 0.150000 0.842644 0.030000 0.961018 0.030000 5.533740 0.150000 5.320726 0.030000 4.700708 0.030000 5.486554 0.150000
3.361730 0.030000 3.097704 0.030000 6.189040 0.030000 6.146120 0.150000 4.105809 0.030000 4.342231 0.030000 7.095844 0.150000 6.801627 0.030000 0.814935 0.030000 0.943226 0.030000 5.383888 0.030000 5.375493 0.030000 4.682086 0.030000 4.827072 0.030000
3.420956 0.030000 3.373667 0.150000 6.169054 0.030000 6.072190 0.030000 4.110008 0.030000 4.378394 0.030000 6.698173 0.030000 6.726929 0.030000 0.775476 0.030000 1.741988 0.150000 5.344467 0.030000 5.371013 0.030000 5.268620 0.150000 4.852712 0.030000
3.451864 0.030000 3.220922 0.030000 6.226288 0.030000 6.049303 0.030000 4.055683 0.030000 4.283623 0.030000 6.610331 0.030000 6.718304 0.030000 0.753382 0.030000 0.937996 0.030000 5.366255 0.030000 5.396517 0.030000 4.734007 0.150000 4.790965 0.030000
3.467224 0.030000 3.249251 0.150000 6.272808 0.030000 6.120917 0.030000 4.039226 0.030000 4.264028 0.030000 6.571468 0.030000 6.722513 0.030000 0.717427 0.030000 0.887250 0.030000 5.404000 0.030000 5.332334 0.030000 4.556265 0.030000 4.835506 0.030000
3.503548 0.030000 3.244443 0.030000 6.238719 0.030000 6.156273 0.030000 4.066186 0.030000 5.481147 0.150000 6.531047 0.030000 6.772455 0.030000 0.725348 0.030000 0.907992 0.030000 5.325403 0.030000 5.338902 0.030000 4.538423 0.030000 4.814828 0.030000
3.576188 0.030000 3.339293 0.030000 6.518074 0.150000 6.135190 0.030000 3.994818 0.030000 4.218835 0.030000 6.929084 0.150000 6.717104 0.030000 0.727139 0.030000 0.870074 0.030000 5.308488 0.030000 5.611803 0.150000 4.506375 0.030000 4.735238 0.030000
3.557006 0.030000 3.319874 0.030000 6.236020 0.030000 6.200249 0.030000 3.940656 0.030000 4.141205 0.030000 6.521224 0.030000 6.695410 0.030000 0.725197 0.030000 0.871293 0.030000 5.331555 0.030000 5.342848 0.030000 4.568604 0.030000 4.695976 0.030000
3.589730 0.030000 3.333550 0.030000 6.517903 0.150000 6.152931 0.030000 3.924725 0.030000 4.183164 0.030000 6.518191 0.030000 6.676440 0.030000 0.713890 0.030000 0.855930 0.030000 5.330423 0.030000 5.283197 0.030000 4.480498 0.030000 4.704612 0.030000
3.659443 0.030000 3.397897 0.030000 6.332501 0.030000 6.408766 0.150000 4.309732 0.150000 4.112858 0.030000 6.512263 0.030000 6.648613 0.030000 0.669357 0.030000 0.776540 0.030000 5.339516 0.030000 5.357218 0.030000 4.481842 0.030000 4.703288 0.030000
3.627197 0.030000 3.419040 0.030000 6.356682 0.030000 6.202475 0.030000 3.845951 0.030000 4.426038 0.150000 6.516453 0.030000 6.650541 0.030000 0.639411 0.030000 0.765764 0.030000 5.376938 0.030000 5.358071 0.030000 4.572850 0.150000 4.661353 0.030000
3.685025 0.030000 3.430074 0.030000 6.382163 0.030000 6.219258 0.030000 3.816987 0.030000 4.065587 0.030000 6.505248 0.030000 6.581657 0.030000 0.625917 0.030000 0.767078 0.030000 5.399296 0.030000 5.329375 0.030000 4.434599 0.030000 4.630623 0.030000
3.642490 0.030000 3.470598 0.030000 6.362562 0.030000 6.231522 0.030000 3.808758 0.030000 4.114513 0.030000 6.806454 0.150000 6.556054 0.030000 0.643257 0.030000 0.718259 0.030000 5.314551 0.030000 5.360741 0.030000 4.350273 0.030000 4.606266 0.030000
3.721509 0.030000 3.466347 0.030000 6.403813 0.030000 7.412913 0.150000 3.719943 0.030000 4.558016 0.150000 6.450443 0.150000 6.581379 0.150000 0.679226 0.030000 1.198146 0.150000 5.391343 0.030000 5.306161 0.030000 4.384033 0.030000 4.634024 0.030000
3.829508 0.030000 3.561575 0.030000 6.396075 0.030000 6.277998 0.030000 3.760901 0.030000 3.972276 0.030000 6.386462 0.030000 6.533378 0.030000 0.660526 0.030000 0.743151 0.030000 5.380048 0.030000 5.309832 0.030000 4.361492 0.030000 4.538275 0.030000
3.797230 0.030000 3.540037 0.030000 6.452988 0.030000 6.339017 0.030000 3.757979 0.030000 4.227783 0.150000 6.361006 0.030000 6.550900 0.030000 0.664327 0.030000 0.666997 0.030000 5.358215 0.030000 5.409001 0.030000 4.371074 0.030000 5.240931 0.150000
3.589041 0.150000 3.577627 0.030000 6.485724 0.030000 6.287369 0.030000 3.656423 0.030000 3.919320 0.030000 6.427137 0.030000 6.508324 0.030000 0.623455 0.030000 0.716513 0.030000 5.328632 0.030000 5.373812 0.030000 4.272017 0.030000 5.337782 0.150000
3.802345 0.030000 3.621434 0.030000 6.445288 0.030000 6.275180 0.030000 3.344896 0.150000 3.893899 0.030000 6.356653 0.030000 6.892043 0.150000 0.572404 0.030000 0.703358 0.030000 5.338091 0.030000 5.339197 0.030000 4.347085 0.030000 4.510739 0.030000
3.839050 0.030000 3.622442 0.030000 6.509527 0.030000 6.325189 0.030000 3.666577 0.030000 3.886624 0.030000 6.360855 0.030000 6.488326 0.030000 0.627818 0.030000 0.697445 0.030000 5.401068 0.030000 5.310804 0.030000 4.504149 0.150000 4.448800 0.030000
3.853596 0.030000 3.698279 0.030000 6.487108 0.030000 6.357258 0.030000 3.614468 0.030000 3.811565 0.030000 6.349828 0.030000 6.501733 0.030000 0.609757 0.030000 0.670990 0.030000 5.298108 0.030000 5.360904 0.030000 4.223621 0.030000 4.492741 0.030000
3.924578 0.030000 3.635755 0.150000 6.806254 0.150000 6.386049 0.030000 3.599305 0.030000 3.806477 0.030000 6.356784 0.030000 6.508615 0.030000 0.692568 0.030000 0.689477 0.030000 5.730160 0.150000 5.349092 0.030000 4.224157 0.030000 4.417424 0.030000
3.941754 0.030000 3.691157 0.030000 6.539937 0.030000 6.332726 0.030000 3.560511 0.030000 3.831587 0.030000 6.312095 0.030000 6.421613 0.030000 0.670167 0.030000 0.641602 0.030000 5.375125 0.030000 5.321116 0.030000 4.185186 0.030000 4.420861 0.030000
3.971607 0.150000 3.717251 0.030000 6.536161 0.030000 6.383952 0.030000 3.576478 0.030000 3.824543 0.150000 6.337834 0.030000 6.470385 0.030000 1.711999 0.150000 0.669077 0.030000 5.404260 0.030000 5.369843 0.030000 4.182069 0.030000 4.374108 0.030000
3.980562 0.030000 3.747730 0.030000 6.561522 0.030000 6.392917 0.030000 3.472617 0.150000 3.747710 0.030000 6.248855 0.030000 6.427906 0.030000 0.658940 0.030000 0.692905 0.030000 5.350337 0.030000 5.323355 0.030000 4.154866 0.030000 4.435029 0.030000
3.967611 0.030000 4.051020 0.150000 6.561555 0.030000 6.428018 0.030000 3.518708 0.030000 3.700369 0.030000 6.332710 0.030000 6.418390 0.030000 0.705911 0.030000 0.647636 0.030000 5.431890 0.150000 5.368616 0.030000 4.161167 0.030000 4.309032 0.030000
4.037322 0.030000 3.818557 0.030000 6.592705 0.030000 6.561021 0.150000 3.461028 0.030000 3.719858 0.030000 6.298587 0.030000 6.976000 0.150000 0.669860 0.030000 0.652999 0.030000 5.876883 0.150000 5.353489 0.030000 4.125810 0.030000 4.361124 0.030000
4.018480 0.030000 3.778438 0.030000 6.633833 0.030000 6.427087 0.030000 3.433108 0.030000 3.737964 0.030000 6.237168 0.030000 6.403371 0.030000 0.713025 0.030000 0.671415 0.030000 5.355750 0.030000 5.386169 0.030000 4.148132 0.030000 4.319878 0.030000
4.020828 0.030000 3.812659 0.030000 6.609445 0.030000 6.483692 0.030000 3.445239 0.030000 3.673438 0.030000 6.402372 0.150000 6.357057 0.150000 0.699433 0.030000 0.636208 0.030000 5.568322 0.150000 5.362771 0.030000 4.042656 0.030000 4.279624 0.030000
4.350373 0.150000 3.782071 0.030000 6.634440 0.030000 6.469406 0.030000 3.359924 0.030000 3.671747 0.030000 6.226174 0.030000 6.413696 0.030000 0.734869 0.030000 0.693746 0.030000 5.360180 0.030000 5.334134 0.030000 4.080003 0.030000 4.299679 0.030000
4.131383 0.030000 3.846404 0.030000 6.622466 0.030000 6.428105 0.030000 3.455105 0.030000 3.664502 0.030000 6.272256 0.030000 6.339430 0.030000 0.699161 0.030000 0.671592 0.030000 5.384048 0.030000 5.300199 0.030000 4.083430 0.030000 4.308640 0.030000
4.151577 0.030000 3.846520 0.030000 6.574863 0.030000 6.498781 0.030000 3.426636 0.030000 3.622121 0.030000 6.170514 0.030000 6.333024 0.030000 0.655670 0.030000 0.670076 0.030000 5.368556 0.030000 5.518304 0.150000 4.054062 0.030000 4.307094 0.030000
4.128425 0.030000 3.902516 0.030000 6.663148 0.030000 6.502813 0.030000 3.368233 0.030000 3.597199 0.030000 6.164120 0.030000 6.869770 0.150000 0.758783 0.030000 0.622026 0.030000 5.380174 0.030000 5.420503 0.030000 4.039982 0.030000 4.266923 0.030000
4.154330 0.030000 3.921560 0.030000 6.603667 0.030000 6.468018 0.030000 3.379009 0.030000 3.573222 0.030000 6.188504 0.030000 6.357177 0.030000 0.666527 0.030000 0.290897 0.150000 5.314780 0.150000 5.352096 0.030000 4.058478 0.030000 4.229466 0.030000
4.104790 0.030000 3.907886 0.030000 6.664998 0.030000 6.530227 0.030000 3.312273 0.030000 3.500094 0.030000 6.208671 0.150000 6.317486 0.030000 0.792393 0.030000 0.706744 0.030000 5.323633 0.030000 5.328725 0.030000 4.026031 0.030000 4.198870 0.030000
4.357219 0.150000 3.894141 0.030000 6.673324 0.030000 6.525075 0.030000 3.293488 0.030000 3.565985 0.030000 6.261414 0.030000 6.310591 0.030000 0.738883 0.030000 0.637255 0.030000 5.345521 0.030000 5.297575 0.030000 3.936994 0.030000 4.186814 0.030000
4.188493 0.030000 4.033581 0.150000 6.694565 0.030000 6.598626 0.030000 3.311343 0.030000 3.582244 0.030000 6.207689 0.030000 6.351431 0.030000 0.772212 0.030000 0.754323 0.150000 5.382301 0.030000 5.378716 0.030000 4.038003 0.030000 4.168402 0.030000
4.134082 0.030000 4.419962 0.150000 6.688427 0.030000 6.499169 0.030000 3.398592 0.150000 3.529353 0.030000 6.184764 0.030000 6.337010 0.030000 0.796078 0.030000 0.718911 0.030000 5.381703 0.030000 5.353336 0.030000 3.962399 0.030000 4.187529 0.030000
4.208128 0.030000 4.009213 0.030000 6.646208 0.030000 6.525103 0.030000 3.295832 0.030000 3.531672 0.030000 6.116795 0.030000 6.455733 0.150000 0.743271 0.030000 1.361202 0.150000 5.417683 0.030000 5.338553 0.030000 3.888578 0.030000 4.237325 0.030000
4.227979 0.030000 3.956459 0.030000 6.713890 0.030000 6.567966 0.030000 3.204496 0.030000 3.463360 0.030000 6.155644 0.030000 6.325218 0.030000 0.718102 0.030000 0.671979 0.030000 5.424620 0.030000 5.399196 0.030000 3.994960 0.030000 4.101435 0.030000
4.267516 0.030000 3.934412 0.030000 6.698936 0.030000 6.567885 0.150000 3.211843 0.030000 3.485954 0.030000 6.167134 0.030000 6.251460 0.030000 0.736467 0.030000 0.672406 0.030000 5.346639 0.030000 5.353529 0.030000 3.913601 0.030000 4.196529 0.030000
4.289332 0.030000 4.097837 0.030000 6.706775 0.030000 6.532067 0.030000 3.292779 0.030000 3.471832 0.030000 6.188502 0.030000 6.265300 0.030000 0.806427 0.030000 0.811027 0.150000 5.356643 0.030000 5.313795 0.030000 3.882057 0.030000 4.181975 0.030000
4.823571 0.150000 4.509833 0.150000 6.759166 0.030000 6.552826 0.030000 3.225732 0.030000 3.507438 0.030000 6.076634 0.030000 6.240881 0.030000 0.808573 0.030000 0.712331 0.030000 5.386562 0.030000 5.364814 0.030000 3.894411 0.030000 4.120670 0.030000
4.289038 0.030000 3.997911 0.030000 6.716630 0.030000 6.564354 0.030000 3.193447 0.030000 3.517006 0.030000 6.126061 0.030000 6.268287 0.030000 0.780785 0.030000 1.031676 0.150000 5.395488 0.030000 5.341438 0.030000 3.940086 0.030000 4.137625 0.030000
4.295155 0.030000 4.087605 0.030000 6.738840 0.030000 6.563485 0.030000 3.220762 0.030000 3.458293 0.030000 6.151629 0.030000 6.270978 0.030000 1.272374 0.150000 0.676397 0.030000 5.314707 0.030000 5.372295 0.030000 3.896368 0.030000 4.082526 0.030000
4.253352 0.030000 4.067284 0.030000 6.773634 0.030000 6.652509 0.150000 3.196108 0.030000 3.388853 0.030000 6.100369 0.030000 6.297845 0.030000 0.804941 0.030000 1.152741 0.150000 5.375375 0.030000 5.339247 0.030000 3.884214 0.030000 4.073203 0.030000
4.360700 0.030000 4.079542 0.030000 6.733028 0.030000 6.649894 0.030000 3.200344 0.030000 3.476031 0.030000 6.168093 0.030000 6.254758 0.030000 0.872722 0.030000 0.729896 0.030000 5.267113 0.150000 5.338502 0.030000 3.877372 0.030000 4.102214 0.030000
4.302894 0.030000 4.148947 0.030000 6.790768 0.030000 6.564732 0.030000 3.224882 0.030000 3.397063 0.030000 6.142243 0.030000 6.274867 0.030000 0.832325 0.030000 1.141098 0.150000 5.448793 0.150000 5.325981 0.030000 3.830524 0.030000 4.085202 0.030000
4.368732 0.030000 3.807244 0.150000 6.771532 0.030000 6.562709 0.030000 3.195167 0.030000 3.358746 0.030000 6.136250 0.030000 6.228317 0.030000 0.823682 0.030000 0.723997 0.030000 5.320155 0.030000 5.339617 0.030000 3.811557 0.030000 4.102426 0.030000
4.894129 0.150000 4.102031 0.030000 6.764845 0.030000 6.627221 0.030000 3.164672 0.030000 3.386928 0.030000 6.164509 0.030000 6.232449 0.030000 0.888475 0.030000 0.725176 0.030000 5.430450 0.030000 5.302422 0.030000 3.916104 0.030000 4.064003 0.030000
4.369823 0.030000 4.125162 0.030000 6.765730 0.030000 6.680613 0.030000 3.159076 0.030000 3.395699 0.030000 6.127375 0.030000 6.230955 0.030000 0.861176 0.030000 0.685911 0.030000 5.360143 0.030000 5.355197 0.030000 4.154576 0.150000 4.047298 0.030000
4.345790 0.030000 4.107084 0.030000 6.716950 0.030000 6.642319 0.030000 3.135508 0.030000 3.612212 0.150000 6.103016 0.030000 6.270285 0.150000 0.851662 0.030000 0.744637 0.030000 5.355972 0.030000 5.362198 0.030000 5.148986 0.150000 4.038488 0.030000
4.377051 0.030000 4.155580 0.030000 6.747307 0.030000 6.616461 0.030000 3.111522 0.030000 3.435098 0.030000 6.077273 0.030000 6.230662 0.030000 0.803442 0.030000 0.707782 0.030000 5.373046 0.030000 5.330305 0.030000 3.791363 0.030000 4.029411 0.030000
4.363653 0.030000 4.207328 0.150000 6.779508 0.030000 6.576906 0.030000 3.327034 0.150000 3.389537 0.030000 6.102208 0.030000 6.761200 0.150000 0.871438 0.030000 0.747408 0.030000 5.749351 0.150000 5.315541 0.030000 4.087238 0.150000 4.033710 0.030000
4.377570 0.030000 4.578803 0.150000 6.752186 0.030000 6.617596 0.030000 3.152626 0.150000 3.338780 0.030000 6.066781 0.030000 6.165028 0.030000 0.877496 0.030000 0.695771 0.030000 5.402470 0.030000 5.382884 0.030000 3.857958 0.030000 4.015162 0.030000
4.390771 0.030000 4.143619 0.030000 6.762566 0.030000 6.638657 0.030000 3.639598 0.150000 3.369734 0.030000 6.050061 0.150000 6.216182 0.030000 0.871818 0.030000 0.675965 0.030000 5.326276 0.030000 5.352334 0.030000 3.761698 0.030000 4.054013 0.030000
4.428213 0.030000 4.193259 0.150000 6.786036 0.030000 6.714127 0.030000 3.143531 0.030000 3.454501 0.150000 6.069933 0.030000 6.259343 0.030000 0.900053 0.030000 0.865250 0.150000 5.381342 0.030000 5.356957 0.030000 4.599952 0.150000 4.025807 0.030000
4.390807 0.030000 4.148716 0.030000 6.799695 0.030000 6.709167 0.030000 3.084966 0.030000 3.340143 0.030000 6.027510 0.030000 6.280850 0.030000 0.867539 0.030000 0.673968 0.030000 5.376051 0.030000 5.322570 0.030000 3.833590 0.030000 4.045825 0.030000
4.354052 0.030000 4.128554 0.030000 6.834809 0.030000 6.654065 0.030000 3.092319 0.030000 3.799817 0.150000 6.509399 0.150000 6.218729 0.030000 0.820393 0.030000 0.714468 0.030000 5.383808 0.030000 5.410737 0.030000 3.770509 0.030000 4.035999 0.030000
4.401812 0.030000 4.144879 0.030000 6.761529 0.030000 6.686475 0.030000 3.141385 0.030000 3.352759 0.030000 6.379950 0.150000 6.159454 0.030000 0.913142 0.030000 0.741347 0.030000 5.340013 0.030000 5.358154 0.030000 3.798079 0.030000 4.081152 0.030000
4.911377 0.150000 4.176021 0.030000 6.771775 0.030000 6.782830 0.150000 3.101775 0.030000 3.257971 0.030000 6.025521 0.030000 6.228289 0.030000 0.863580 0.030000 0.718923 0.030000 5.323782 0.030000 5.395931 0.030000 3.733444 0.030000 3.984326 0.030000
4.435726 0.030000 4.246082 0.030000 6.796437 0.030000 6.722534 0.030000 3.109332 0.030000 3.330494 0.030000 5.986794 0.030000 6.208826 0.030000 0.932568 0.030000 0.704115 0.030000 5.304987 0.030000 5.477596 0.030000 3.727847 0.030000 3.998620 0.030000
4.454235 0.030000 4.237402 0.030000 6.716633 0.030000 6.747928 0.030000 3.106711 0.030000 3.255828 0.030000 6.013949 0.030000 6.144106 0.030000 1.005413 0.030000 0.770708 0.030000 5.306566 0.030000 5.420789 0.030000 3.732042 0.030000 4.000846 0.030000
4.449292 0.030000 4.288564 0.030000 6.775490 0.030000 6.762583 0.030000 3.099286 0.030000 3.235463 0.030000 5.997166 0.150000 6.212961 0.030000 1.022620 0.030000 0.717678 0.030000 5.331069 0.030000 5.409272 0.030000 3.726114 0.030000 4.253272 0.150000
4.479548 0.030000 4.255715 0.030000 6.789061 0.030000 6.568947 0.150000 3.086401 0.030000 3.237080 0.030000 5.997944 0.030000 6.187156 0.030000 0.989496 0.030000 0.744791 0.030000 5.267852 0.030000 5.401400 0.030000 3.705333 0.030000 4.036970 0.150000
4.486344 0.030000 4.285448 0.030000 6.735939 0.030000 6.786018 0.030000 3.081007 0.030000 3.156841 0.030000 5.921395 0.030000 6.164416 0.030000 1.028084 0.030000 0.755808 0.030000 5.229418 0.030000 5.342000 0.030000 3.731976 0.030000 3.988967 0.030000
4.464390 0.030000 4.293848 0.030000 6.695755 0.030000 6.777240 0.030000 3.082511 0.030000 3.871098 0.150000 5.889975 0.030000 6.133064 0.030000 1.052563 0.030000 0.790442 0.030000 5.214921 0.030000 5.356082 0.030000 4.088845 0.150000 3.895078 0.030000
4.521945 0.030000 4.304555 0.030000 7.068243 0.150000 6.749536 0.030000 3.077769 0.030000 3.192035 0.030000 6.823388 0.150000 6.154474 0.030000 1.066248 0.030000 0.806031 0.030000 5.221129 0.030000 5.383487 0.030000 3.635319 0.030000 3.881107 0.030000
4.392005 0.150000 4.373817 0.030000 6.691372 0.030000 6.734020 0.030000 3.058140 0.030000 3.177072 0.030000 5.832693 0.030000 6.146673 0.030000 1.045702 0.030000 0.794476 0.030000 5.167120 0.030000 5.372144 0.030000 3.673272 0.030000 3.890202 0.030000
4.520412 0.030000 4.346788 0.030000 6.722248 0.030000 6.705454 0.030000 3.042767 0.030000 3.107799 0.030000 5.867409 0.030000 6.118817 0.030000 1.128429 0.030000 0.854381 0.150000 5.211978 0.030000 5.375824 0.030000 3.558814 0.030000 3.851971 0.030000
4.528576 0.030000 4.402187 0.030000 6.616352 0.030000 6.758077 0.030000 3.098191 0.030000 3.178291 0.030000 5.833386 0.030000 5.994570 0.030000 1.122702 0.030000 0.948051 0.030000 5.117172 0.030000 5.353221 0.030000 3.573212 0.030000 3.758931 0.030000
4.465663 0.150000 4.382453 0.030000 6.615698 0.030000 6.749866 0.030000 3.100039 0.030000 3.084307 0.030000 5.872961 0.150000 5.930481 0.030000 1.143147 0.030000 0.929891 0.030000 5.089019 0.030000 5.292966 0.030000 3.602386 0.030000 3.784429 0.030000
4.475884 0.030000 4.463406 0.030000 6.587580 0.030000 6.736227 0.030000 3.080742 0.030000 3.610557 0.150000 6.478831 0.150000 5.981300 0.030000 1.189087 0.030000 1.018603 0.150000 5.083981 0.030000 5.266631 0.030000 3.570726 0.030000 3.783111 0.030000
4.573095 0.030000 4.619941 0.150000 6.577325 0.030000 6.726017 0.030000 3.150583 0.030000 3.128727 0.030000 5.689095 0.030000 5.978215 0.030000 1.284051 0.030000 0.983904 0.030000 5.021857 0.030000 5.211076 0.030000 3.562067 0.030000 3.760180 0.030000
4.542485 0.030000 5.002825 0.150000 6.567983 0.030000 6.730262 0.030000 3.110220 0.030000 3.089305 0.030000 5.711938 0.030000 5.915583 0.030000 1.252474 0.030000 0.991448 0.030000 4.998796 0.030000 5.217228 0.030000 3.539531 0.030000 3.686133 0.030000
4.550249 0.150000 4.467766 0.030000 6.589997 0.030000 6.710916 0.030000 3.160880 0.030000 3.070946 0.030000 5.695655 0.030000 5.866465 0.030000 1.304633 0.030000 1.021829 0.150000 4.981630 0.030000 5.320874 0.150000 3.523576 0.030000 3.704308 0.030000
4.555455 0.030000 4.535938 0.030000 6.504620 0.030000 6.739535 0.030000 3.174690 0.030000 3.114410 0.030000 5.595420 0.030000 5.872541 0.030000 1.297079 0.030000 1.038939 0.030000 4.996743 0.030000 5.144623 0.030000 3.467151 0.030000 3.663964 0.030000
4.620900 0.030000 4.544590 0.030000 6.489658 0.030000 6.712940 0.030000 3.142053 0.030000 3.071241 0.030000 5.686275 0.030000 5.875016 0.030000 1.281100 0.030000 1.105720 0.030000 4.879897 0.030000 5.205468 0.030000 4.148284 0.150000 3.631425 0.030000
4.661361 0.030000 4.487412 0.030000 6.452500 0.030000 6.626212 0.030000 3.203278 0.030000 3.075412 0.030000 5.608382 0.030000 5.818297 0.030000 1.392961 0.030000 1.078447 0.030000 4.887214 0.030000 5.141581 0.030000 3.529278 0.030000 3.598125 0.030000
4.597957 0.030000 4.563079 0.030000 6.431250 0.030000 6.603545 0.030000 3.338475 0.150000 3.055926 0.030000 5.535694 0.030000 5.769904 0.030000 1.380354 0.030000 1.114892 0.030000 5.745760 0.150000 5.110253 0.030000 3.446912 0.030000 3.552771 0.030000
4.602506 0.030000 4.536850 0.030000 6.452578 0.030000 6.613786 0.030000 3.219516 0.030000 3.557150 0.150000 5.569556 0.030000 5.798251 0.030000 1.376796 0.030000 1.160561 0.030000 4.872449 0.150000 5.060443 0.030000 3.438382 0.030000 3.567476 0.030000
4.632323 0.030000 4.553751 0.030000 6.406317 0.030000 6.589983 0.030000 3.215328 0.030000 3.109576 0.030000 5.490237 0.030000 5.686567 0.030000 1.471284 0.030000 1.557330 0.150000 4.843166 0.030000 5.076169 0.030000 3.434337 0.030000 3.551261 0.030000
4.581709 0.030000 4.969970 0.150000 6.360740 0.030000 6.554323 0.030000 3.215944 0.030000 3.132315 0.030000 5.390696 0.030000 5.636565 0.030000 1.442892 0.030000 1.218073 0.030000 4.751663 0.030000 5.016186 0.030000 3.427234 0.030000 3.529356 0.030000
4.641216 0.030000 4.581792 0.030000 6.370061 0.030000 6.558771 0.030000 3.287952 0.030000 3.165226 0.030000 5.445924 0.030000 5.657508 0.030000 1.506831 0.030000 1.279096 0.030000 4.747541 0.030000 4.933617 0.030000 3.389724 0.030000 3.509047 0.030000
4.803900 0.150000 4.538432 0.030000 6.293044 0.030000 6.521705 0.030000 3.301116 0.030000 3.119308 0.030000 5.433358 0.030000 5.608639 0.030000 1.460860 0.030000 1.358875 0.030000 4.736424 0.030000 4.976015 0.030000 3.340649 0.030000 3.496559 0.030000
4.610128 0.030000 4.697615 0.150000 6.333992 0.030000 6.493836 0.030000 3.239551 0.030000 2.644234 0.150000 5.439553 0.030000 5.641519 0.030000 1.546267 0.030000 1.306376 0.030000 4.668565 0.030000 4.933474 0.030000 3.356896 0.030000 3.413105 0.030000
5.102022 0.150000 4.611083 0.030000 6.284217 0.030000 6.522946 0.030000 3.294495 0.030000 4.409194 0.150000 5.439235 0.030000 5.627823 0.030000 1.538683 0.030000 1.605730 0.150000 4.647689 0.030000 4.922945 0.030000 3.326536 0.030000 3.490238 0.030000
5.015864 0.150000 4.601052 0.030000 6.261831 0.030000 6.493109 0.030000 3.304323 0.030000 3.161132 0.030000 5.398418 0.030000 5.549941 0.030000 1.639500 0.150000 1.380810 0.030000 4.617731 0.030000 4.845079 0.030000 3.370200 0.030000 3.429110 0.030000
4.653018 0.030000 4.569238 0.030000 6.270390 0.030000 6.430674 0.030000 3.307607 0.030000 3.198443 0.030000 5.354638 0.030000 5.612949 0.030000 1.608189 0.030000 1.401925 0.030000 4.557889 0.030000 4.788983 0.030000 3.339322 0.030000 3.451967 0.030000
4.707936 0.030000 4.530514 0.030000 6.200858 0.030000 6.446758 0.030000 3.346470 0.030000 3.205782 0.030000 5.326326 0.030000 5.492311 0.030000 1.658767 0.030000 1.416491 0.030000 4.564554 0.030000 4.785074 0.030000 3.269938 0.030000 3.459178 0.030000
4.683840 0.030000 4.682353 0.030000 6.269642 0.030000 6.397736 0.030000 3.375886 0.030000 3.243981 0.030000 5.256653 0.030000 5.485400 0.030000 1.682610 0.030000 1.389577 0.030000 4.482035 0.030000 4.733528 0.030000 3.717100 0.150000 3.452787 0.030000
4.704100 0.030000 4.663720 0.030000 6.259262 0.030000 6.329311 0.030000 3.337409 0.030000 3.232971 0.030000 5.290515 0.030000 5.467514 0.030000 1.720800 0.030000 1.435317 0.030000 4.445844 0.030000 4.576586 0.150000 3.239664 0.030000 3.360789 0.030000
4.728946 0.030000 4.627780 0.030000 6.161327 0.030000 6.355063 0.030000 3.371257 0.030000 3.248589 0.030000 5.242879 0.030000 5.461168 0.150000 1.725683 0.030000 1.525512 0.030000 4.441887 0.030000 4.688331 0.030000 3.269732 0.030000 3.371797 0.030000
4.726185 0.030000 5.631148 0.150000 6.107522 0.030000 6.319899 0.030000 3.428816 0.030000 3.263641 0.030000 5.219825 0.030000 5.557180 0.150000 1.754138 0.030000 1.495772 0.030000 4.504738 0.030000 4.679238 0.030000 3.233667 0.030000 3.401457 0.030000
4.727225 0.030000 4.622381 0.030000 6.162315 0.030000 6.245099 0.030000 3.415532 0.030000 3.323093 0.030000 5.204231 0.030000 5.399745 0.030000 1.741553 0.030000 1.539714 0.030000 4.413908 0.030000 4.628445 0.030000 3.189967 0.030000 3.311678 0.030000
4.714629 0.030000 4.653005 0.030000 6.128379 0.030000 6.326871 0.030000 3.425788 0.030000 3.274458 0.030000 5.173707 0.030000 5.399640 0.030000 1.811480 0.030000 1.552618 0.030000 4.351345 0.030000 4.634114 0.030000 3.242558 0.030000 3.396598 0.030000
4.779181 0.030000 4.645448 0.030000 6.028621 0.030000 6.092776 0.150000 3.465068 0.030000 3.463455 0.150000 5.159138 0.030000 5.614261 0.150000 1.830131 0.030000 1.599304 0.030000 4.320937 0.030000 4.587292 0.030000 3.840219 0.150000 3.309063 0.030000
4.850562 0.030000 4.697584 0.030000 6.109226 0.030000 6.219861 0.030000 3.404956 0.030000 3.361848 0.030000 5.135459 0.030000 5.381391 0.030000 1.889234 0.030000 1.670354 0.030000 4.301323 0.030000 4.587326 0.030000 3.846771 0.150000 3.439161 0.150000
4.819452 0.030000 4.681045 0.030000 6.055421 0.030000 6.224537 0.030000 3.476068 0.030000 3.315050 0.030000 5.145095 0.030000 5.292701 0.030000 1.931934 0.030000 1.617535 0.030000 4.260772 0.030000 4.495601 0.030000 3.188282 0.030000 3.325493 0.030000
4.801062 0.030000 4.713754 0.030000 6.023393 0.030000 6.196407 0.030000 3.517492 0.030000 3.374545 0.030000 5.078572 0.030000 5.320072 0.030000 1.925465 0.030000 2.078567 0.150000 4.204189 0.150000 4.527594 0.030000 3.171477 0.030000 3.266636 0.030000
4.801918 0.030000 4.686489 0.030000 6.036986 0.030000 6.190603 0.030000 3.487357 0.030000 3.434335 0.030000 5.026048 0.030000 5.655526 0.150000 1.918238 0.030000 1.620492 0.030000 4.197511 0.030000 4.475063 0.030000 3.137514 0.030000 3.295838 0.030000
4.847538 0.030000 4.694773 0.030000 6.153018 0.150000 6.197187 0.030000 3.513367 0.030000 3.798978 0.150000 5.011107 0.030000 5.188771 0.030000 2.014578 0.030000 1.809892 0.030000 4.164305 0.030000 4.500347 0.030000 3.140202 0.030000 3.298391 0.030000
4.858801 0.030000 5.654709 0.150000 5.976776 0.150000 6.174324 0.030000 3.596559 0.030000 3.428892 0.030000 5.017781 0.030000 5.462353 0.150000 2.039790 0.030000 1.728885 0.030000 4.448480 0.150000 4.403663 0.030000 3.140940 0.030000 3.196013 0.030000
4.840783 0.030000 4.751489 0.030000 5.921891 0.030000 6.142347 0.030000 3.563441 0.030000 3.434822 0.030000 6.273889 0.150000 5.179055 0.030000 2.282244 0.150000 1.752721 0.030000 4.179464 0.030000 4.348509 0.030000 3.144680 0.030000 3.188594 0.030000
5.345807 0.150000 4.736305 0.030000 5.892998 0.030000 6.066702 0.030000 3.520735 0.030000 3.442600 0.030000 4.945849 0.030000 5.156057 0.030000 2.032454 0.030000 1.775320 0.030000 4.083588 0.030000 4.325061 0.030000 3.066155 0.030000 3.237626 0.030000
4.856893 0.030000 4.809514 0.030000 5.897347 0.030000 6.109294 0.030000 3.555969 0.030000 3.446595 0.030000 4.884491 0.030000 5.113936 0.030000 2.085322 0.030000 1.817149 0.030000 4.071362 0.030000 4.293199 0.030000 3.197308 0.030000 3.230403 0.150000
4.917664 0.030000 4.782593 0.030000 5.893890 0.030000 6.064283 0.030000 3.590152 0.030000 3.392787 0.030000 4.842175 0.030000 5.067473 0.030000 2.115612 0.030000 1.884683 0.030000 4.058045 0.030000 4.325350 0.030000 3.118462 0.030000 3.208864 0.030000
4.884433 0.030000 4.770102 0.030000 5.806582 0.030000 6.013623 0.030000 3.632826 0.030000 3.468142 0.030000 5.339656 0.150000 5.408555 0.150000 2.175983 0.030000 1.918557 0.030000 4.015118 0.030000 4.253660 0.030000 3.060544 0.030000 3.206895 0.030000
4.916339 0.030000 4.832161 0.030000 5.802793 0.030000 6.006906 0.030000 3.653204 0.030000 3.496903 0.030000 4.852649 0.030000 5.117737 0.030000 2.183461 0.030000 1.945524 0.030000 4.022082 0.030000 4.227751 0.030000 3.101766 0.030000 3.155899 0.030000
4.940408 0.030000 4.823274 0.030000 5.834813 0.030000 6.246857 0.150000 3.656380 0.030000 3.537375 0.030000 4.849289 0.030000 4.998917 0.030000 2.780763 0.150000 1.955852 0.030000 3.983658 0.030000 4.234788 0.030000 3.099629 0.030000 3.375851 0.150000
4.958826 0.030000 4.834009 0.030000 5.826450 0.030000 5.986771 0.030000 3.710533 0.030000 3.512648 0.030000 4.835292 0.030000 5.041638 0.030000 2.238562 0.030000 1.980140 0.030000 3.918295 0.030000 4.216129 0.150000 3.026903 0.030000 3.132541 0.030000
5.322648 0.150000 4.785389 0.030000 5.807411 0.030000 5.950091 0.030000 3.759904 0.030000 3.543047 0.030000 4.787372 0.030000 4.957129 0.030000 2.240864 0.030000 2.011288 0.030000 3.945543 0.030000 4.125086 0.030000 3.026170 0.030000 3.120656 0.030000
4.960355 0.030000 4.881177 0.030000 5.766097 0.030000 5.865724 0.030000 3.665969 0.030000 3.581486 0.030000 4.721780 0.030000 4.956909 0.030000 2.320178 0.030000 1.994650 0.030000 3.899866 0.030000 4.113709 0.030000 3.078160 0.030000 3.090149 0.030000
5.846258 0.150000 4.803708 0.030000 5.752954 0.030000 5.941259 0.030000 3.743210 0.030000 3.558862 0.030000 4.671946 0.030000 4.885363 0.030000 2.329252 0.030000 2.078075 0.030000 3.827565 0.030000 4.078443 0.030000 3.023521 0.030000 3.053006 0.030000
5.028124 0.030000 4.888738 0.030000 5.749574 0.030000 5.942493 0.030000 3.821866 0.030000 3.573609 0.030000 4.695575 0.030000 4.926672 0.030000 2.373898 0.030000 3.380311 0.150000 3.832460 0.030000 4.025066 0.030000 3.055789 0.030000 3.097987 0.030000
5.018937 0.030000 4.892611 0.030000 6.928639 0.150000 5.808770 0.150000 3.715254 0.030000 3.552981 0.150000 4.723816 0.030000 4.877666 0.030000 2.337797 0.030000 2.135181 0.030000 3.743534 0.030000 3.987480 0.030000 3.020328 0.030000 3.103389 0.030000
5.045268 0.030000 4.878125 0.030000 5.730003 0.030000 5.893758 0.030000 3.798091 0.030000 3.854468 0.150000 4.632198 0.030000 4.882336 0.030000 2.456086 0.150000 2.147061 0.030000 3.738612 0.030000 3.990170 0.030000 3.002785 0.030000 3.077090 0.030000
5.011878 0.030000 4.959091 0.030000 5.684467 0.030000 5.866620 0.030000 3.832598 0.030000 3.606141 0.030000 4.635887 0.030000 4.843852 0.030000 2.456460 0.030000 2.147132 0.030000 3.741690 0.030000 3.972255 0.030000 3.031786 0.030000 3.042742 0.030000
5.054651 0.030000 4.947210 0.030000 5.606828 0.030000 5.821852 0.030000 3.847616 0.030000 3.671875 0.030000 4.644344 0.030000 4.815608 0.030000 2.509737 0.030000 2.246350 0.030000 3.632511 0.030000 3.915088 0.030000 3.029773 0.030000 3.076030 0.030000
5.099418 0.030000 4.987868 0.030000 5.618735 0.030000 5.789701 0.030000 3.891256 0.030000 3.744925 0.030000 4.536848 0.030000 4.776135 0.030000 2.499923 0.030000 2.213371 0.030000 4.088716 0.150000 3.897618 0.030000 3.007662 0.030000 3.046935 0.030000
5.073476 0.030000 4.958267 0.030000 5.594303 0.030000 5.774676 0.030000 3.884822 0.030000 3.671568 0.030000 4.643335 0.030000 4.806710 0.030000 2.550021 0.030000 2.379829 0.150000 3.608172 0.030000 4.075544 0.150000 2.978877 0.030000 3.021699 0.030000
5.212283 0.150000 4.996946 0.030000 5.607888 0.030000 5.710422 0.030000 3.911640 0.030000 3.748475 0.030000 4.479817 0.030000 4.764405 0.030000 3.041382 0.150000 2.295094 0.030000 3.614651 0.030000 3.883973 0.030000 2.992835 0.030000 3.713003 0.150000
5.115738 0.030000 4.994154 0.030000 5.606645 0.030000 5.695343 0.030000 3.929599 0.030000 3.737384 0.030000 4.498290 0.030000 4.700103 0.030000 2.549094 0.030000 2.780174 0.150000 3.568201 0.030000 3.841064 0.030000 2.962690 0.030000 3.022033 0.030000
5.117441 0.030000 4.990636 0.030000 5.543896 0.030000 5.703816 0.030000 3.951758 0.030000 3.707554 0.030000 4.515464 0.030000 4.674096 0.030000 2.648547 0.030000 2.347553 0.030000 3.605206 0.030000 3.808737 0.030000 3.002723 0.030000 3.054845 0.030000
5.110378 0.030000 5.022624 0.030000 5.492565 0.030000 5.683746 0.030000 3.957135 0.030000 4.142987 0.150000 4.519906 0.150000 4.608230 0.030000 2.663309 0.030000 2.377320 0.030000 3.574462 0.030000 3.765063 0.030000 2.971477 0.030000 3.020125 0.030000
5.011862 0.150000 5.043910 0.030000 5.639004 0.150000 5.658370 0.030000 3.949566 0.030000 3.802905 0.030000 4.554089 0.150000 4.681245 0.030000 2.661840 0.030000 2.411079 0.030000 3.498461 0.030000 3.743424 0.030000 2.956527 0.030000 2.981112 0.030000
5.162965 0.030000 5.060178 0.030000 5.483943 0.030000 5.683452 0.030000 3.959421 0.030000 3.774149 0.030000 4.439209 0.030000 4.519179 0.150000 2.982691 0.150000 2.457001 0.030000 4.646085 0.150000 3.701818 0.030000 3.007897 0.030000 2.985397 0.030000
5.160617 0.030000 5.087946 0.030000 5.481593 0.030000 5.634448 0.030000 4.008497 0.030000 3.818672 0.030000 4.393850 0.030000 4.589516 0.030000 2.743994 0.030000 2.539714 0.030000 3.452264 0.030000 3.612319 0.030000 2.977697 0.030000 3.085859 0.150000
5.170761 0.030000 5.543882 0.150000 5.510330 0.030000 5.632127 0.030000 4.061616 0.030000 3.865776 0.030000 4.358294 0.030000 4.571505 0.030000 2.777207 0.030000 2.517745 0.030000 3.406141 0.030000 3.640712 0.030000 2.890273 0.030000 2.952131 0.030000
5.162460 0.030000 5.109998 0.030000 5.475153 0.030000 5.630627 0.030000 4.007596 0.030000 3.880813 0.030000 4.353436 0.030000 4.583200 0.030000 2.798313 0.030000 2.424037 0.030000 3.357250 0.030000 3.592548 0.030000 3.667426 0.150000 2.981725 0.030000
5.233466 0.030000 5.128925 0.030000 5.407757 0.030000 5.740192 0.150000 4.081852 0.030000 3.899879 0.030000 4.360708 0.030000 4.831189 0.150000 2.797081 0.030000 2.565026 0.030000 3.358593 0.030000 3.582509 0.030000 2.946191 0.030000 3.033439 0.030000
5.186350 0.030000 5.124735 0.030000 5.388405 0.030000 5.603296 0.030000 4.120518 0.030000 3.909037 0.030000 4.277323 0.030000 4.467018 0.030000 2.826905 0.030000 2.597329 0.030000 3.310635 0.030000 3.482222 0.030000 2.937451 0.030000 3.024748 0.030000
5.359670 0.030000 5.102045 0.030000 5.359302 0.030000 5.576360 0.030000 4.123209 0.030000 3.884423 0.030000 4.274878 0.030000 4.523735 0.030000 2.845532 0.030000 2.594347 0.030000 3.271047 0.030000 3.559374 0.030000 3.110141 0.150000 3.545466 0.150000
5.249215 0.030000 5.191118 0.030000 5.419788 0.030000 5.549515 0.030000 4.161456 0.030000 3.928119 0.030000 4.251296 0.030000 4.427887 0.030000 2.960609 0.030000 2.633997 0.030000 3.272267 0.030000 3.562654 0.030000 2.888831 0.030000 3.032239 0.030000
5.319489 0.030000 5.208692 0.030000 5.371077 0.030000 5.489510 0.030000 4.039132 0.030000 3.997547 0.030000 4.229621 0.030000 4.391174 0.030000 2.933435 0.030000 2.678005 0.030000 3.640971 0.150000 3.443475 0.030000 2.901094 0.030000 2.894511 0.030000
6.659150 0.150000 5.170289 0.030000 5.374580 0.030000 5.538146 0.030000 4.198381 0.030000 3.660613 0.150000 4.219884 0.030000 4.368451 0.030000 2.929654 0.030000 2.678670 0.030000 3.161766 0.030000 3.465700 0.030000 2.970595 0.030000 2.932896 0.030000
5.341253 0.030000 5.175679 0.030000 5.372633 0.030000 5.480575 0.030000 4.323702 0.150000 3.955976 0.030000 4.186771 0.030000 4.358835 0.030000 3.327256 0.150000 2.736365 0.030000 3.186099 0.030000 3.419634 0.030000 2.926267 0.030000 2.959202 0.030000
5.329658 0.030000 5.244165 0.030000 5.347179 0.030000 5.466172 0.030000 4.197032 0.030000 4.026089 0.030000 4.177647 0.030000 4.290014 0.030000 3.072089 0.030000 3.507305 0.150000 3.184496 0.030000 3.356541 0.030000 2.906241 0.030000 2.926129 0.030000
5.384764 0.030000 5.232096 0.030000 5.265890 0.030000 5.467869 0.030000 4.274182 0.030000 4.027218 0.030000 4.102564 0.030000 4.312315 0.030000 3.012577 0.030000 3.203421 0.150000 3.170846 0.030000 3.350468 0.030000 2.933698 0.030000 2.941905 0.030000
5.356989 0.030000 5.280921 0.030000 5.234473 0.030000 5.413142 0.030000 4.254056 0.030000 4.662935 0.150000 4.137736 0.030000 4.361927 0.030000 3.016124 0.030000 2.774530 0.030000 3.084253 0.030000 3.380306 0.030000 2.902906 0.030000 2.917709 0.030000
5.417798 0.030000 5.288457 0.030000 5.243479 0.030000 5.455977 0.030000 4.270316 0.030000 4.082743 0.030000 4.152383 0.030000 4.255152 0.030000 3.108046 0.030000 2.834319 0.030000 3.496088 0.150000 3.341380 0.030000 2.849864 0.030000 2.905282 0.150000
5.378773 0.030000 5.281903 0.030000 5.224439 0.030000 5.422494 0.030000 4.310649 0.030000 4.949072 0.150000 4.084610 0.030000 4.249535 0.030000 3.112763 0.030000 2.845244 0.030000 3.217710 0.150000 3.316335 0.030000 2.904508 0.030000 3.505298 0.150000
5.459257 0.030000 5.289952 0.030000 5.247158 0.030000 5.364193 0.030000 4.331655 0.030000 4.134176 0.030000 4.068698 0.030000 4.249800 0.030000 3.130141 0.030000 2.903025 0.030000 3.022758 0.030000 3.180175 0.030000 2.944603 0.030000 2.975171 0.030000
5.476686 0.030000 5.297319 0.030000 5.714919 0.150000 5.371080 0.030000 4.313967 0.030000 4.220606 0.030000 4.030845 0.030000 4.246572 0.030000 3.175293 0.030000 2.920738 0.030000 2.974952 0.030000 3.213696 0.030000 2.932289 0.030000 2.926013 0.030000
5.525305 0.030000 5.287261 0.030000 5.163737 0.030000 5.373879 0.030000 4.351333 0.030000 4.155994 0.030000 4.011209 0.030000 4.168849 0.030000 3.220626 0.030000 2.886964 0.030000 2.956865 0.030000 3.178119 0.030000 2.938284 0.030000 2.930048 0.030000
5.528371 0.030000 5.385356 0.030000 5.171446 0.030000 5.328843 0.030000 4.692414 0.150000 4.212801 0.030000 3.967449 0.030000 4.204454 0.030000 3.762501 0.150000 3.015282 0.030000 2.960296 0.030000 3.161504 0.030000 2.926957 0.030000 3.674090 0.150000
5.516407 0.030000 5.315868 0.030000 5.197691 0.030000 5.315148 0.030000 4.438529 0.030000 4.246071 0.030000 3.973256 0.030000 4.171920 0.030000 3.223865 0.030000 3.033388 0.030000 2.955920 0.030000 3.157223 0.030000 2.949964 0.030000 2.956072 0.030000
5.513990 0.030000 5.378778 0.030000 5.120733 0.030000 5.275938 0.030000 4.423517 0.030000 4.421696 0.150000 3.980390 0.030000 4.718774 0.150000 3.290024 0.030000 3.080253 0.030000 2.863681 0.030000 3.107825 0.030000 2.919302 0.030000 2.915202 0.030000
5.578286 0.030000 5.389664 0.030000 5.185056 0.030000 5.293350 0.030000 4.469671 0.030000 4.268135 0.030000 3.951931 0.030000 4.091162 0.030000 3.310675 0.030000 3.065801 0.030000 2.847407 0.030000 3.031288 0.150000 3.133958 0.150000 2.942028 0.030000
5.556869 0.030000 5.419970 0.030000 5.148966 0.030000 5.267121 0.030000 4.488128 0.030000 4.300571 0.030000 3.885633 0.030000 4.071709 0.030000 3.502381 0.150000 3.136198 0.030000 2.798613 0.030000 3.021038 0.030000 2.992106 0.150000 2.876870 0.030000
5.605825 0.030000 5.487487 0.030000 5.541010 0.150000 5.246897 0.030000 4.503725 0.030000 4.239311 0.030000 3.868649 0.150000 4.067630 0.030000 3.429884 0.030000 3.161065 0.030000 2.725768 0.030000 2.952245 0.030000 2.911146 0.030000 2.878384 0.030000
6.498344 0.150000 5.463313 0.030000 5.113741 0.150000 5.197936 0.030000 4.571875 0.030000 4.346425 0.030000 3.904356 0.030000 4.091588 0.030000 3.388083 0.030000 3.157112 0.030000 2.700078 0.030000 2.975309 0.030000 2.900271 0.030000 2.937186 0.030000
5.779188 0.150000 5.452291 0.030000 5.058703 0.030000 5.230537 0.030000 4.541182 0.150000 4.327454 0.030000 3.811527 0.030000 4.071648 0.030000 3.458714 0.030000 3.234132 0.030000 2.705054 0.030000 2.980887 0.030000 2.956713 0.030000 2.961932 0.030000
5.651938 0.030000 5.464618 0.030000 5.055828 0.030000 5.198440 0.030000 4.550750 0.030000 4.332440 0.030000 3.863397 0.030000 4.023940 0.030000 3.488340 0.030000 3.218570 0.030000 2.679681 0.030000 2.911516 0.030000 2.888809 0.030000 2.910651 0.030000
5.658039 0.030000 5.495862 0.030000 5.028249 0.030000 5.138660 0.030000 4.587277 0.030000 4.403633 0.030000 3.796995 0.030000 4.000170 0.030000 3.502302 0.030000 3.260191 0.030000 2.716657 0.030000 2.866161 0.030000 2.941873 0.030000 3.176472 0.150000
5.693132 0.030000 5.537120 0.030000 5.037144 0.030000 5.110365 0.150000 4.670595 0.030000 4.438579 0.030000 3.765512 0.030000 3.961149 0.030000 3.540123 0.030000 3.254573 0.030000 2.595333 0.030000 2.867561 0.030000 2.966605 0.030000 3.874032 0.150000
5.743273 0.030000 5.484539 0.030000 5.382183 0.150000 5.093402 0.030000 4.602816 0.030000 4.372967 0.030000 3.785219 0.030000 3.965293 0.030000 3.560134 0.030000 3.286734 0.030000 2.635697 0.030000 2.829622 0.030000 2.959744 0.030000 2.966723 0.030000
5.710048 0.150000 5.561053 0.030000 4.996583 0.030000 5.132824 0.030000 4.664565 0.030000 4.488930 0.030000 3.765107 0.030000 3.921165 0.030000 3.565351 0.030000 3.268685 0.030000 2.573300 0.030000 2.815589 0.030000 2.952202 0.030000 2.931997 0.030000
5.756510 0.030000 5.616933 0.030000 5.022975 0.030000 5.080414 0.030000 4.644832 0.030000 4.523959 0.030000 3.771564 0.030000 3.755344 0.150000 3.619689 0.030000 3.354058 0.030000 3.214055 0.150000 2.790555 0.030000 2.919761 0.030000 2.968464 0.030000
5.748622 0.030000 5.838308 0.150000 4.972476 0.030000 5.070660 0.030000 4.715756 0.030000 4.471815 0.030000 3.710088 0.030000 3.839409 0.030000 3.633801 0.030000 3.460373 0.030000 2.515621 0.030000 2.760681 0.030000 2.930958 0.030000 2.954858 0.030000
5.785805 0.030000 5.581699 0.030000 4.958037 0.030000 5.083628 0.030000 4.720578 0.030000 4.555865 0.030000 3.664109 0.030000 3.755749 0.150000 4.571849 0.150000 3.388893 0.030000 2.457325 0.030000 2.741430 0.030000 3.539506 0.150000 2.947237 0.030000
5.792061 0.030000 5.638308 0.030000 4.981695 0.030000 5.090384 0.030000 4.772143 0.030000 4.585039 0.030000 4.707765 0.150000 3.931918 0.030000 4.605095 0.150000 3.948934 0.150000 2.440265 0.030000 2.701207 0.030000 2.993057 0.030000 2.981588 0.030000
5.836758 0.030000 5.525812 0.150000 5.026853 0.150000 5.076423 0.030000 4.768206 0.030000 4.504841 0.150000 3.679002 0.030000 3.810394 0.030000 3.745463 0.030000 3.518439 0.030000 2.442990 0.030000 2.653321 0.030000 3.042864 0.030000 2.981073 0.030000
5.825164 0.030000 5.648853 0.030000 4.919680 0.030000 5.031862 0.030000 4.768426 0.030000 4.615723 0.030000 3.669625 0.030000 3.790050 0.030000 3.770726 0.030000 3.558909 0.030000 2.408694 0.030000 2.670642 0.030000 3.274796 0.150000 2.956139 0.030000
5.857148 0.030000 5.657797 0.030000 4.889547 0.030000 4.991532 0.030000 4.828758 0.030000 4.669179 0.030000 3.692218 0.030000 3.781847 0.030000 3.934743 0.150000 3.541821 0.030000 2.818018 0.150000 2.619736 0.030000 2.973956 0.030000 2.954232 0.030000
5.872884 0.030000 5.727052 0.030000 4.870016 0.030000 5.018278 0.030000 4.846421 0.030000 4.626700 0.030000 3.629595 0.030000 3.704158 0.030000 3.839622 0.030000 3.879909 0.150000 2.301374 0.030000 2.586835 0.030000 3.008768 0.030000 3.017310 0.030000
5.935161 0.030000 5.716393 0.030000 4.828805 0.030000 5.521151 0.150000 4.872543 0.030000 4.709166 0.030000 3.662334 0.030000 3.766685 0.030000 3.866813 0.030000 3.719879 0.150000 2.276611 0.030000 2.521474 0.030000 3.000944 0.030000 2.956361 0.030000
5.909990 0.030000 5.734591 0.030000 4.879327 0.030000 4.997642 0.030000 4.912890 0.030000 4.674177 0.030000 3.617868 0.030000 3.742405 0.030000 3.866762 0.030000 3.651213 0.030000 2.317519 0.030000 2.475461 0.030000 3.009325 0.030000 2.997293 0.030000
5.930779 0.030000 5.755544 0.030000 4.926103 0.030000 4.949121 0.030000 4.893220 0.030000 4.676784 0.030000 3.609771 0.030000 3.712496 0.030000 3.912314 0.030000 3.674101 0.030000 2.242873 0.030000 2.510905 0.030000 3.103970 0.150000 2.950320 0.030000
5.953146 0.030000 5.848876 0.030000 4.849454 0.030000 4.955765 0.030000 4.891865 0.030000 4.751626 0.030000 3.836498 0.150000 3.679047 0.030000 3.911369 0.030000 3.679519 0.030000 2.173811 0.030000 2.487566 0.030000 3.024791 0.030000 2.992695 0.030000
5.964419 0.030000 5.811559 0.030000 4.803427 0.030000 4.954472 0.030000 4.869171 0.150000 4.713871 0.030000 3.568298 0.150000 3.639838 0.030000 3.985667 0.030000 3.669533 0.030000 2.198874 0.030000 2.287863 0.150000 3.048247 0.030000 2.958595 0.030000
5.966153 0.030000 5.814038 0.030000 4.823948 0.030000 4.920726 0.030000 5.003392 0.030000 5.248978 0.150000 3.472536 0.030000 3.610950 0.030000 4.634082 0.150000 3.756162 0.030000 2.190289 0.030000 2.377165 0.030000 3.119470 0.030000 3.014865 0.030000
5.998361 0.030000 5.892432 0.030000 4.820362 0.030000 4.900627 0.030000 4.865836 0.150000 4.827193 0.030000 3.534167 0.030000 3.644485 0.030000 4.068042 0.030000 3.810656 0.030000 2.148898 0.030000 2.312183 0.030000 3.261780 0.150000 3.049323 0.030000
6.090757 0.030000 5.869050 0.030000 4.844878 0.030000 4.905578 0.030000 5.043136 0.030000 5.068293 0.150000 3.489561 0.030000 3.626697 0.030000 4.097079 0.030000 3.784512 0.030000 2.128441 0.030000 2.369236 0.030000 3.082609 0.030000 3.023897 0.030000
6.871146 0.150000 5.883256 0.030000 4.825675 0.150000 4.912195 0.030000 5.163859 0.150000 4.887721 0.030000 3.442327 0.030000 3.575968 0.030000 4.073357 0.030000 4.106738 0.150000 2.089640 0.030000 2.335538 0.030000 3.533646 0.150000 3.014865 0.030000
6.087248 0.030000 5.876298 0.030000 4.776753 0.030000 4.962274 0.030000 5.079833 0.030000 4.880297 0.030000 3.447805 0.030000 5.240903 0.150000 4.156910 0.030000 3.876524 0.030000 2.050514 0.030000 2.259785 0.030000 3.318242 0.150000 3.037331 0.030000
6.083027 0.030000 5.958075 0.030000 4.810579 0.030000 4.865027 0.030000 5.047247 0.150000 4.858572 0.030000 3.435918 0.030000 3.744231 0.150000 4.157178 0.030000 3.894704 0.030000 1.982367 0.030000 2.243474 0.030000 3.130627 0.030000 3.073953 0.030000
6.108398 0.030000 5.983576 0.030000 4.706980 0.030000 4.911948 0.030000 5.110245 0.030000 4.967887 0.030000 3.404523 0.030000 3.507717 0.030000 4.141038 0.030000 3.940297 0.030000 1.998285 0.030000 2.239402 0.030000 3.210045 0.030000 3.048308 0.030000
6.138159 0.030000 5.993451 0.030000 4.731804 0.030000 4.811162 0.030000 5.156564 0.030000 4.928281 0.030000 3.710382 0.150000 3.481866 0.030000 4.171803 0.030000 3.945201 0.030000 2.417568 0.150000 2.249576 0.030000 3.119653 0.030000 3.089211 0.030000
6.122601 0.030000 6.040943 0.030000 4.709063 0.030000 4.828041 0.030000 5.612659 0.150000 4.961303 0.030000 3.387573 0.030000 3.571072 0.030000 4.269293 0.030000 4.005787 0.030000 1.965732 0.030000 2.151640 0.030000 3.149196 0.030000 3.055558 0.030000
6.196345 0.030000 6.028853 0.030000 4.630955 0.150000 4.777621 0.030000 5.200366 0.030000 5.061138 0.030000 3.350670 0.030000 3.460614 0.030000 4.295301 0.030000 4.115728 0.150000 1.914961 0.030000 2.133149 0.030000 3.192680 0.030000 3.058629 0.030000
6.191986 0.030000 6.044727 0.030000 4.723173 0.030000 4.781854 0.030000 5.259948 0.030000 5.038849 0.030000 3.348687 0.030000 3.457974 0.030000 4.312025 0.030000 4.087835 0.030000 2.293749 0.150000 2.100528 0.030000 3.162650 0.030000 3.099675 0.030000
6.217097 0.030000 6.035067 0.150000 4.681554 0.030000 4.765773 0.030000 5.296019 0.030000 5.108786 0.030000 3.278649 0.030000 3.496750 0.030000 4.393596 0.030000 4.033217 0.030000 1.834181 0.030000 2.073574 0.030000 3.196408 0.030000 3.037498 0.030000
6.276018 0.030000 6.123802 0.030000 4.673642 0.030000 4.768795 0.030000 5.337162 0.030000 5.070230 0.030000 3.270798 0.030000 3.408042 0.030000 4.384290 0.030000 4.456931 0.150000 1.833141 0.030000 2.058219 0.030000 3.173143 0.030000 3.135592 0.030000
6.234924 0.030000 6.097960 0.030000 4.678773 0.030000 4.790182 0.030000 5.304428 0.030000 5.132677 0.030000 3.322195 0.030000 3.424223 0.030000 4.358587 0.030000 4.136001 0.030000 1.772169 0.030000 2.072273 0.030000 3.174938 0.030000 3.130826 0.030000
6.396263 0.150000 6.058908 0.030000 4.744953 0.030000 4.749868 0.030000 5.326485 0.030000 5.179060 0.030000 3.352147 0.030000 3.393027 0.030000 4.424104 0.030000 4.054965 0.150000 1.758399 0.030000 2.027253 0.030000 3.260539 0.030000 3.102643 0.030000
6.346553 0.030000 6.116519 0.030000 4.673533 0.030000 4.727564 0.030000 5.396462 0.030000 5.205348 0.030000 3.256546 0.030000 3.404222 0.030000 4.435691 0.030000 4.148575 0.030000 1.757746 0.030000 1.964236 0.030000 3.260049 0.030000 3.125154 0.030000
6.326937 0.030000 6.180002 0.030000 4.631231 0.030000 4.770741 0.030000 5.399651 0.030000 5.136346 0.030000 3.259828 0.030000 3.382430 0.030000 4.543165 0.030000 4.394388 0.150000 1.750886 0.030000 1.974657 0.030000 3.267949 0.030000 3.067752 0.030000
6.346025 0.030000 6.597187 0.150000 4.589017 0.030000 4.789947 0.150000 5.374898 0.030000 5.191317 0.030000 3.274495 0.030000 3.417383 0.030000 4.493522 0.030000 4.261991 0.030000 1.698934 0.030000 2.541448 0.150000 3.220748 0.030000 3.830371 0.150000
6.400347 0.030000 6.195715 0.030000 4.769016 0.150000 4.700252 0.030000 5.461515 0.030000 5.170238 0.030000 3.238872 0.030000 3.387219 0.030000 4.569428 0.030000 4.153410 0.150000 1.648019 0.030000 1.905123 0.030000 3.296331 0.030000 3.194027 0.030000
6.392910 0.030000 6.196637 0.030000 4.586908 0.030000 4.700583 0.030000 5.468248 0.030000 5.238743 0.030000 3.187453 0.030000 3.422174 0.030000 4.556650 0.030000 4.309693 0.030000 1.695254 0.150000 1.890609 0.030000 2.961786 0.150000 3.198997 0.030000
6.445539 0.030000 6.214156 0.030000 5.848406 0.150000 4.721183 0.030000 5.477698 0.030000 5.254604 0.030000 3.192404 0.030000 3.320438 0.030000 4.581251 0.030000 4.283396 0.030000 1.586900 0.030000 1.828190 0.030000 3.299159 0.030000 3.113675 0.030000
6.384127 0.030000 6.221618 0.030000 4.923280 0.150000 4.679053 0.030000 5.464582 0.030000 5.293752 0.030000 3.215598 0.030000 3.300828 0.030000 4.594676 0.030000 4.351586 0.030000 1.624214 0.030000 1.878214 0.150000 3.302396 0.030000 3.223458 0.030000
6.508719 0.030000 6.321667 0.030000 4.642938 0.030000 4.694194 0.030000 5.534080 0.030000 5.321981 0.030000 3.139753 0.030000 3.333604 0.030000 4.626192 0.030000 4.373882 0.030000 1.540836 0.030000 1.770399 0.030000 3.352452 0.030000 3.603917 0.150000
6.468863 0.030000 6.261732 0.030000 4.981884 0.150000 4.669874 0.030000 5.515066 0.030000 5.260053 0.030000 3.181854 0.030000 3.288758 0.030000 4.649280 0.030000 4.375300 0.030000 1.589737 0.030000 1.840869 0.030000 3.156747 0.150000 3.277908 0.030000
6.446476 0.030000 6.248280 0.030000 4.549607 0.030000 4.716822 0.030000 5.498803 0.030000 5.334723 0.030000 3.213303 0.030000 3.365046 0.150000 4.651825 0.030000 4.573141 0.150000 1.523808 0.030000 1.778929 0.030000 3.314982 0.030000 3.180280 0.030000
6.501576 0.030000 6.288879 0.030000 4.604633 0.030000 4.846858 0.150000 5.536402 0.030000 5.314988 0.030000 3.176051 0.030000 3.230467 0.150000 4.663517 0.030000 4.422509 0.030000 1.547578 0.030000 2.443803 0.150000 3.303514 0.150000 3.251288 0.030000
6.510201 0.030000 6.328810 0.030000 4.606158 0.030000 4.660389 0.030000 5.611878 0.030000 5.362538 0.030000 3.540047 0.150000 3.273725 0.150000 4.700522 0.030000 4.450283 0.030000 1.466122 0.030000 1.716989 0.030000 3.350331 0.030000 3.170513 0.030000
6.488146 0.030000 6.334430 0.030000 4.530819 0.030000 4.681209 0.030000 5.579634 0.030000 5.405831 0.030000 3.163480 0.030000 3.266682 0.030000 4.690219 0.030000 4.472294 0.030000 1.479273 0.030000 1.707544 0.030000 3.349241 0.030000 3.196798 0.030000
6.542705 0.030000 6.331390 0.030000 4.774187 0.150000 4.584623 0.030000 5.621539 0.030000 5.394323 0.030000 3.087324 0.030000 3.196836 0.030000 4.724667 0.030000 4.423217 0.030000 1.517577 0.030000 1.710622 0.030000 3.424199 0.030000 3.229004 0.030000
6.565055 0.030000 6.319575 0.030000 4.519653 0.030000 4.600173 0.030000 5.565948 0.030000 5.831313 0.150000 3.117475 0.150000 3.187640 0.030000 4.713251 0.030000 4.456780 0.030000 1.486987 0.030000 1.684065 0.030000 3.303346 0.150000 3.248162 0.030000
6.562085 0.030000 6.354929 0.030000 4.570899 0.030000 4.650486 0.030000 5.657911 0.030000 5.449081 0.030000 3.132185 0.030000 3.251906 0.030000 4.783695 0.030000 4.548649 0.030000 1.473027 0.030000 1.690401 0.030000 3.393965 0.030000 3.279042 0.030000
6.468384 0.150000 6.386296 0.030000 4.555126 0.030000 4.684688 0.030000 5.609174 0.030000 5.458799 0.030000 3.110558 0.030000 3.244327 0.030000 4.800802 0.030000 4.537202 0.030000 1.475280 0.030000 1.597989 0.030000 3.409999 0.030000 3.233538 0.030000
6.505435 0.030000 6.516585 0.030000 4.551457 0.030000 4.594776 0.030000 5.710387 0.030000 5.473823 0.030000 3.114674 0.030000 3.234962 0.030000 4.832196 0.030000 4.556819 0.030000 1.390468 0.030000 2.115229 0.150000 3.382705 0.030000 3.250376 0.030000
6.626222 0.030000 6.435753 0.030000 4.570607 0.030000 4.619883 0.030000 5.702994 0.030000 5.411641 0.150000 3.442945 0.150000 3.200474 0.030000 4.834971 0.030000 5.274880 0.150000 1.408443 0.030000 1.600360 0.030000 3.436035 0.030000 3.292999 0.030000
6.635826 0.030000 6.399688 0.030000 4.534362 0.030000 4.582702 0.030000 5.671882 0.030000 5.463376 0.030000 3.056306 0.030000 3.198693 0.030000 4.810438 0.030000 4.578574 0.030000 1.340266 0.030000 1.573770 0.030000 3.446604 0.030000 3.326053 0.030000
6.595233 0.030000 6.385323 0.030000 4.568703 0.030000 4.553915 0.030000 5.718922 0.030000 5.490552 0.030000 3.079851 0.030000 3.306127 0.150000 4.905100 0.030000 4.593480 0.030000 1.376352 0.030000 1.566937 0.030000 3.401429 0.030000 3.357762 0.030000
6.653212 0.030000 6.443301 0.030000 4.521434 0.030000 4.620597 0.030000 5.693274 0.030000 5.494002 0.030000 3.099215 0.030000 3.198088 0.030000 4.864670 0.030000 4.629012 0.030000 1.335762 0.030000 1.555359 0.030000 3.419198 0.030000 3.293928 0.030000
6.618921 0.030000 6.420770 0.030000 4.510239 0.030000 4.627412 0.030000 5.745096 0.030000 5.509986 0.030000 3.097584 0.030000 3.216618 0.030000 4.889662 0.030000 4.654471 0.030000 1.652477 0.150000 1.580401 0.030000 3.506030 0.030000 3.306724 0.030000
6.633144 0.030000 6.458567 0.030000 4.396655 0.150000 4.612892 0.030000 5.708317 0.030000 5.518378 0.030000 3.066927 0.030000 3.155232 0.030000 4.881825 0.030000 4.682791 0.030000 1.320128 0.030000 1.580599 0.030000 3.481169 0.030000 3.302379 0.030000
6.642169 0.030000 6.485623 0.030000 4.490494 0.030000 4.588324 0.030000 5.771959 0.030000 5.529365 0.030000 3.073585 0.030000 3.155409 0.030000 4.944867 0.030000 4.686981 0.030000 1.317785 0.030000 1.500371 0.030000 3.539822 0.150000 3.307208 0.030000
6.683255 0.030000 6.484557 0.030000 4.547994 0.030000 4.617841 0.030000 5.775042 0.030000 5.515908 0.030000 3.084270 0.030000 3.168081 0.030000 4.942265 0.030000 4.648801 0.030000 1.339381 0.030000 1.534932 0.030000 3.474065 0.030000 3.367967 0.030000
6.703227 0.030000 6.445314 0.030000 4.653984 0.150000 4.569400 0.030000 5.768469 0.030000 5.571270 0.030000 3.020053 0.030000 3.169584 0.030000 5.913283 0.150000 4.691746 0.030000 1.301204 0.030000 1.540949 0.030000 3.456264 0.030000 3.376049 0.030000
6.702438 0.030000 6.545574 0.030000 4.534837 0.030000 4.584830 0.030000 5.817471 0.030000 5.595122 0.030000 3.089122 0.030000 3.171461 0.030000 4.928531 0.030000 4.723362 0.030000 1.291321 0.030000 1.477820 0.030000 3.489696 0.030000 3.366540 0.030000
6.629413 0.030000 6.513973 0.030000 4.546792 0.030000 4.584503 0.030000 5.784668 0.030000 5.566147 0.030000 3.055937 0.030000 3.097036 0.030000 4.957203 0.030000 4.711269 0.030000 1.272381 0.030000 1.481591 0.030000 3.472822 0.030000 3.340996 0.030000
6.724466 0.030000 6.523712 0.030000 4.558436 0.030000 4.563426 0.030000 5.797099 0.030000 6.185463 0.150000 3.035637 0.030000 3.125404 0.030000 5.004563 0.030000 4.716974 0.030000 1.277050 0.030000 1.502936 0.030000 3.521191 0.030000 3.367158 0.030000
6.695749 0.030000 6.460301 0.030000 4.541460 0.030000 4.602929 0.030000 5.821496 0.030000 5.624815 0.030000 3.020492 0.030000 3.142472 0.030000 4.963716 0.030000 4.766652 0.030000 1.302979 0.030000 1.483412 0.030000 3.498685 0.030000 3.360601 0.030000
6.752947 0.030000 6.602168 0.030000 4.510459 0.030000 4.593142 0.030000 5.856149 0.030000 5.593907 0.030000 3.040290 0.030000 3.075140 0.030000 5.031494 0.030000 4.706755 0.030000 1.184446 0.030000 1.519104 0.030000 3.503258 0.030000 3.400530 0.030000
6.741920 0.030000 6.543657 0.030000 4.502730 0.030000 4.518995 0.030000 5.843581 0.030000 5.643328 0.030000 2.991668 0.030000 3.102759 0.030000 5.022366 0.030000 4.742120 0.030000 1.204681 0.030000 1.489348 0.030000 3.516140 0.030000 3.402722 0.030000
6.795182 0.030000 6.568016 0.030000 4.523432 0.030000 4.610554 0.030000 5.852500 0.030000 5.588156 0.030000 3.013624 0.030000 3.099346 0.030000 4.977465 0.030000 4.803086 0.030000 1.208514 0.030000 1.470550 0.030000 3.564431 0.030000 3.387014 0.030000
6.744099 0.030000 6.541073 0.030000 4.520687 0.030000 4.563641 0.030000 5.848662 0.030000 5.814128 0.150000 3.009432 0.030000 3.079236 0.030000 5.371137 0.150000 4.802361 0.030000 1.239715 0.030000 1.427053 0.030000 3.511933 0.030000 3.369096 0.030000
6.728712 0.030000 6.544325 0.030000 4.567892 0.030000 4.566970 0.030000 5.898808 0.030000 5.655688 0.030000 3.000699 0.030000 3.005881 0.150000 5.038254 0.030000 4.769284 0.030000 1.217942 0.030000 1.472173 0.030000 3.509411 0.030000 3.428841 0.030000
6.774213 0.030000 6.535296 0.030000 4.492479 0.030000 4.608349 0.030000 5.915811 0.030000 5.610473 0.030000 3.002737 0.030000 3.059496 0.030000 5.022802 0.030000 4.843584 0.030000 1.203524 0.030000 1.420648 0.030000 3.494504 0.030000 3.385829 0.030000
6.769300 0.030000 6.616040 0.030000 4.508354 0.030000 4.575888 0.030000 5.842788 0.030000 5.598037 0.030000 3.022475 0.030000 3.134514 0.030000 5.051078 0.030000 4.783639 0.030000 1.201222 0.030000 1.450039 0.030000 3.458137 0.030000 3.360417 0.030000
6.763438 0.030000 6.518559 0.030000 4.924495 0.150000 4.560134 0.030000 5.875769 0.030000 5.598718 0.030000 3.039007 0.030000 3.113189 0.030000 5.215674 0.150000 4.823156 0.030000 1.237760 0.030000 1.388388 0.030000 3.485304 0.030000 3.374549 0.030000
6.785635 0.030000 6.585231 0.030000 4.501411 0.030000 4.559937 0.030000 5.855005 0.030000 6.047710 0.150000 2.987281 0.030000 3.091572 0.030000 4.904657 0.150000 4.805547 0.030000 1.238462 0.030000 1.444545 0.030000 3.464683 0.030000 3.463640 0.150000
6.797030 0.030000 6.573274 0.030000 4.566493 0.030000 4.525719 0.150000 5.895360 0.030000 5.657779 0.030000 2.978012 0.030000 3.132967 0.030000 5.119911 0.030000 4.860116 0.030000 1.268977 0.030000 1.421244 0.030000 3.498959 0.030000 3.387916 0.030000
6.815192 0.030000 6.552893 0.030000 4.581735 0.030000 4.487554 0.030000 5.894575 0.030000 5.654348 0.030000 2.972690 0.030000 3.232949 0.150000 5.107756 0.030000 4.856050 0.030000 1.220694 0.030000 1.416610 0.030000 3.460199 0.030000 3.376780 0.030000
6.750466 0.030000 6.579355 0.030000 4.578318 0.030000 4.482563 0.030000 5.901697 0.030000 5.726142 0.030000 2.983156 0.030000 3.087860 0.030000 5.138323 0.030000 4.839683 0.030000 1.271620 0.030000 1.341442 0.030000 3.498639 0.030000 3.441246 0.030000
6.806834 0.030000 6.615249 0.030000 4.524234 0.030000 4.517789 0.030000 5.872984 0.030000 5.730454 0.030000 3.441086 0.150000 3.083947 0.030000 5.118761 0.030000 4.859597 0.030000 1.753743 0.150000 1.388744 0.030000 3.541813 0.030000 3.746641 0.150000
6.844137 0.030000 6.630461 0.030000 4.588144 0.030000 4.511157 0.030000 5.880070 0.030000 5.789462 0.030000 2.916301 0.030000 3.125772 0.030000 5.099146 0.030000 4.861784 0.030000 1.235832 0.150000 1.896307 0.150000 3.552539 0.030000 3.533065 0.150000
6.902746 0.030000 6.612846 0.030000 4.579845 0.030000 4.507834 0.030000 5.907031 0.030000 5.788030 0.030000 2.921087 0.030000 3.102789 0.030000 5.123537 0.030000 4.908689 0.030000 1.203467 0.030000 1.310212 0.030000 3.498882 0.030000 3.426194 0.030000
6.901081 0.030000 6.685479 0.030000 4.655396 0.030000 4.548428 0.030000 5.918434 0.030000 5.759293 0.030000 2.918169 0.030000 3.104311 0.030000 5.148082 0.030000 4.866305 0.030000 1.214884 0.030000 1.366614 0.030000 3.503429 0.030000 3.522783 0.030000
6.900569 0.030000 6.672858 0.030000 4.611039 0.030000 4.482689 0.030000 5.860357 0.030000 5.751329 0.030000 2.828803 0.030000 3.045280 0.030000 5.179936 0.030000 4.866173 0.030000 1.204917 0.030000 1.297750 0.030000 3.508167 0.030000 3.493448 0.030000
6.931856 0.030000 6.646204 0.030000 4.663460 0.030000 4.477323 0.030000 5.927712 0.030000 5.817513 0.030000 2.828765 0.030000 3.056717 0.030000 5.177260 0.030000 4.998389 0.030000 1.267970 0.150000 1.215603 0.030000 3.515849 0.030000 3.511658 0.030000
6.966384 0.030000 6.725667 0.030000 4.646795 0.030000 4.561674 0.030000 5.843051 0.030000 6.037917 0.150000 2.835395 0.030000 3.038675 0.030000 5.726315 0.150000 5.007208 0.030000 1.269784 0.030000 1.287507 0.030000 3.446631 0.030000 3.551902 0.030000
6.992770 0.030000 6.726231 0.030000 4.621751 0.030000 4.437465 0.030000 5.871195 0.030000 5.870360 0.030000 3.342050 0.150000 3.047328 0.030000 5.192946 0.030000 5.014994 0.030000 1.263669 0.030000 1.240956 0.030000 3.468076 0.030000 3.520633 0.030000
6.961890 0.030000 6.747924 0.030000 4.683040 0.030000 4.505690 0.030000 5.908948 0.030000 5.879960 0.030000 2.800846 0.030000 3.025837 0.030000 5.165835 0.030000 5.065658 0.030000 1.281545 0.030000 1.223885 0.030000 3.377353 0.030000 3.480276 0.030000
7.036234 0.030000 6.786528 0.030000 4.738914 0.030000 4.527400 0.030000 5.885154 0.030000 5.859890 0.030000 2.792836 0.030000 3.025406 0.030000 5.217814 0.030000 5.046861 0.030000 1.228422 0.030000 1.239704 0.030000 3.409503 0.030000 3.498138 0.030000
6.866803 0.150000 6.772185 0.030000 4.696582 0.030000 4.520731 0.030000 5.874023 0.030000 6.128127 0.150000 2.774062 0.030000 2.936594 0.030000 5.257484 0.030000 5.058350 0.030000 1.291137 0.030000 2.321787 0.150000 3.416182 0.030000 3.534152 0.030000
7.013469 0.030000 6.848449 0.030000 4.741551 0.030000 4.547127 0.030000 5.900814 0.030000 5.878763 0.030000 2.706110 0.030000 2.987295 0.030000 5.239110 0.030000 5.124151 0.030000 1.303390 0.030000 1.221618 0.030000 3.612844 0.150000 3.516349 0.030000
7.034794 0.030000 6.917294 0.030000 4.807876 0.030000 4.497049 0.030000 5.890043 0.030000 5.849516 0.030000 2.682234 0.030000 2.951929 0.030000 5.246697 0.030000 5.108651 0.030000 1.318545 0.030000 1.226747 0.030000 3.349671 0.030000 3.483760 0.030000
7.093630 0.030000 6.862903 0.030000 4.833997 0.030000 4.587978 0.030000 5.845794 0.150000 5.850533 0.150000 2.679392 0.030000 2.941705 0.030000 5.275676 0.030000 5.123843 0.030000 1.314944 0.030000 1.223403 0.030000 3.365482 0.030000 3.437060 0.030000
7.325881 0.150000 6.898605 0.030000 4.833554 0.030000 4.797202 0.150000 5.869931 0.030000 5.777359 0.150000 2.651819 0.030000 2.893606 0.030000 5.249828 0.030000 5.162217 0.030000 1.562446 0.150000 1.222933 0.030000 3.354695 0.030000 3.431314 0.030000
7.112211 0.030000 6.934998 0.030000 4.906568 0.030000 4.606830 0.030000 5.837800 0.030000 5.820559 0.030000 2.569165 0.030000 2.878082 0.150000 5.262412 0.030000 5.190828 0.030000 1.367335 0.030000 1.215596 0.030000 3.324069 0.030000 3.515048 0.030000
7.176891 0.030000 7.165756 0.150000 4.825116 0.030000 4.615990 0.030000 5.839382 0.030000 5.845991 0.030000 2.563673 0.030000 2.787957 0.030000 5.257688 0.030000 5.222885 0.030000 1.399938 0.030000 1.246614 0.030000 3.260434 0.150000 3.448983 0.030000
7.174211 0.030000 6.937779 0.030000 4.933525 0.030000 4.660401 0.030000 5.812288 0.030000 5.865672 0.030000 2.585635 0.030000 2.766177 0.030000 5.307952 0.030000 5.177567 0.030000 1.449231 0.030000 1.227326 0.030000 3.255833 0.030000 3.373696 0.030000
7.174162 0.030000 7.021237 0.030000 4.922126 0.030000 4.693172 0.030000 5.826576 0.030000 5.862205 0.030000 2.719134 0.150000 2.824489 0.030000 5.291127 0.030000 5.228029 0.030000 1.379841 0.030000 1.278146 0.030000 3.277331 0.030000 3.802876 0.150000
7.445021 0.150000 7.032272 0.030000 4.989363 0.030000 4.720515 0.030000 6.453853 0.150000 5.856981 0.030000 2.502355 0.030000 2.697671 0.030000 5.295994 0.030000 5.208244 0.030000 1.479968 0.030000 1.289828 0.030000 3.245484 0.030000 3.422041 0.030000
7.262133 0.030000 7.136553 0.030000 5.405206 0.150000 4.775064 0.030000 5.751035 0.030000 5.882415 0.030000 2.483512 0.030000 2.653748 0.030000 5.350242 0.030000 5.226800 0.030000 1.528051 0.030000 1.309061 0.030000 3.262311 0.030000 3.359791 0.030000
7.265032 0.030000 7.089466 0.030000 5.050596 0.030000 4.740910 0.030000 5.732373 0.030000 5.886964 0.030000 2.411879 0.030000 2.694971 0.030000 5.527713 0.150000 5.284461 0.030000 1.472020 0.030000 1.317594 0.030000 3.223393 0.030000 3.364275 0.030000
7.266070 0.030000 7.290741 0.150000 5.112908 0.030000 4.824299 0.030000 5.754947 0.030000 5.868536 0.030000 2.424381 0.030000 2.680035 0.030000 5.390480 0.030000 5.261986 0.030000 1.523776 0.030000 1.400872 0.030000 3.151391 0.030000 3.310335 0.030000
7.319381 0.030000 7.190357 0.030000 5.106219 0.030000 4.800245 0.030000 6.391669 0.150000 5.823728 0.030000 2.357371 0.030000 2.649955 0.150000 5.320335 0.030000 5.239611 0.030000 1.541894 0.030000 1.362845 0.030000 3.146754 0.030000 3.326091 0.030000
7.498885 0.150000 7.142204 0.030000 5.191010 0.030000 4.922798 0.030000 5.755479 0.030000 5.846939 0.030000 2.370331 0.030000 2.568357 0.030000 5.334140 0.030000 5.241776 0.030000 1.605091 0.030000 1.320075 0.030000 3.091697 0.030000 3.292873 0.030000
7.317847 0.030000 7.183079 0.030000 5.132304 0.030000 4.943992 0.030000 5.732883 0.030000 5.811365 0.030000 2.343367 0.030000 2.469139 0.030000 5.337912 0.030000 5.265630 0.030000 1.657026 0.030000 1.371523 0.030000 3.128367 0.030000 3.285029 0.030000
7.313068 0.030000 7.146808 0.030000 6.050306 0.150000 4.929492 0.030000 5.708067 0.030000 6.023576 0.150000 2.294787 0.030000 2.565646 0.030000 5.322736 0.030000 5.257124 0.030000 1.619910 0.030000 1.380705 0.030000 3.045443 0.030000 3.226059 0.030000
7.413413 0.030000 7.246407 0.030000 5.175798 0.030000 4.979109 0.030000 5.685081 0.030000 5.791805 0.030000 2.167271 0.150000 2.485856 0.030000 5.349116 0.030000 5.323050 0.030000 1.654555 0.030000 1.501497 0.030000 3.094331 0.030000 3.168652 0.030000
7.434880 0.030000 7.219823 0.030000 5.205374 0.030000 4.971195 0.030000 5.668093 0.030000 5.745518 0.030000 2.177324 0.030000 2.424624 0.030000 5.371620 0.030000 5.353101 0.030000 1.698926 0.030000 1.506098 0.030000 3.038531 0.030000 3.227470 0.030000
7.425749 0.030000 7.226265 0.030000 5.262603 0.030000 5.003163 0.030000 5.640367 0.030000 5.817996 0.030000 2.208367 0.030000 2.408897 0.030000 5.361958 0.030000 5.450866 0.150000 1.672492 0.030000 1.478315 0.030000 3.006382 0.030000 3.247859 0.150000
7.412051 0.030000 7.251364 0.030000 5.263960 0.030000 5.111442 0.030000 5.673578 0.030000 5.767813 0.030000 2.131185 0.030000 2.392637 0.030000 5.438547 0.030000 5.299022 0.030000 1.746858 0.030000 1.508871 0.030000 2.982068 0.030000 3.194207 0.030000
7.425766 0.030000 7.310577 0.030000 5.354981 0.030000 5.105350 0.030000 5.654288 0.030000 5.777950 0.030000 2.119503 0.030000 2.395110 0.030000 5.367513 0.030000 5.333236 0.030000 1.785984 0.030000 1.535732 0.030000 2.972004 0.030000 3.154854 0.030000
7.479522 0.150000 7.277623 0.030000 5.413829 0.030000 5.083964 0.030000 5.619247 0.030000 5.796596 0.030000 2.095604 0.150000 2.358118 0.030000 5.426660 0.030000 5.337598 0.150000 1.813474 0.030000 1.554783 0.030000 2.951794 0.030000 3.106847 0.030000
7.529695 0.030000 7.361162 0.030000 5.391580 0.030000 5.342975 0.150000 5.632816 0.030000 5.691079 0.030000 2.093673 0.030000 2.269748 0.030000 5.501378 0.030000 5.337502 0.030000 1.782064 0.030000 1.778165 0.150000 2.929173 0.030000 3.090296 0.030000
7.542969 0.030000 7.353478 0.030000 5.448596 0.030000 5.019271 0.150000 5.644466 0.030000 5.737271 0.030000 2.143014 0.150000 2.281936 0.030000 5.433226 0.030000 5.473353 0.150000 1.879655 0.030000 1.684164 0.030000 2.912379 0.030000 3.052367 0.030000
7.601753 0.030000 7.418893 0.030000 5.466492 0.030000 5.226673 0.030000 5.581943 0.030000 5.693833 0.030000 2.038296 0.030000 2.240027 0.030000 5.484964 0.030000 5.351068 0.030000 1.884067 0.030000 1.643048 0.030000 2.904049 0.030000 3.110319 0.030000
7.553467 0.030000 8.128425 0.150000 5.433520 0.030000 5.201414 0.030000 5.564766 0.030000 5.667722 0.030000 2.027759 0.030000 2.231664 0.030000 5.480666 0.030000 5.380093 0.030000 1.904416 0.030000 2.351765 0.150000 2.888412 0.030000 3.050012 0.030000
7.616902 0.030000 7.412645 0.030000 5.482872 0.030000 5.255412 0.030000 5.584482 0.030000 5.675186 0.030000 1.952270 0.030000 2.211186 0.030000 5.483405 0.030000 5.330102 0.030000 1.979342 0.030000 2.415384 0.150000 3.020847 0.150000 3.011145 0.030000
7.583241 0.030000 7.468947 0.030000 5.536699 0.030000 5.256332 0.030000 5.890709 0.150000 5.845838 0.150000 1.911727 0.030000 2.193893 0.030000 5.515863 0.030000 5.411855 0.030000 1.955499 0.030000 1.703080 0.030000 3.403067 0.150000 3.000572 0.030000
7.679287 0.030000 7.442727 0.030000 5.558550 0.030000 5.318171 0.030000 5.590175 0.030000 5.616161 0.030000 1.867249 0.030000 2.177511 0.030000 5.477371 0.030000 5.371217 0.030000 1.971592 0.030000 1.732231 0.030000 3.718158 0.150000 2.981591 0.030000
7.665341 0.030000 7.642410 0.150000 5.573824 0.030000 5.339243 0.030000 5.525728 0.030000 5.625083 0.030000 1.884724 0.030000 2.141963 0.030000 5.502627 0.030000 5.385131 0.030000 2.003431 0.030000 1.800662 0.030000 2.868978 0.030000 2.983126 0.030000
7.644892 0.030000 7.497448 0.030000 5.629155 0.030000 5.337774 0.030000 5.887044 0.150000 5.652330 0.030000 2.637475 0.150000 2.192789 0.030000 5.465598 0.030000 6.479316 0.150000 2.028567 0.030000 1.801272 0.030000 3.043869 0.150000 2.973042 0.030000
7.711561 0.030000 7.515966 0.030000 5.625488 0.030000 5.380529 0.030000 5.586055 0.030000 5.683059 0.030000 1.860155 0.030000 2.119711 0.030000 5.545535 0.030000 5.428991 0.030000 1.999642 0.030000 1.805863 0.150000 2.720063 0.030000 2.915458 0.030000
7.756340 0.030000 7.570320 0.030000 5.623666 0.030000 5.894905 0.150000 5.553173 0.030000 5.581581 0.030000 1.854533 0.030000 2.035623 0.030000 5.505838 0.030000 5.421223 0.030000 2.055389 0.030000 1.879532 0.030000 2.725144 0.030000 2.945101 0.030000
8.062190 0.150000 7.565346 0.030000 5.690139 0.030000 5.405949 0.030000 5.553926 0.030000 5.627883 0.030000 1.822898 0.030000 2.041432 0.030000 5.537440 0.030000 5.394525 0.030000 2.095407 0.030000 1.854005 0.150000 2.761220 0.030000 2.881727 0.030000
7.774348 0.030000 7.506748 0.030000 5.653832 0.030000 5.419277 0.030000 5.526231 0.030000 5.610266 0.030000 1.770859 0.030000 2.017516 0.030000 5.580572 0.030000 5.501271 0.030000 3.998969 0.150000 1.852874 0.030000 2.731925 0.030000 2.670275 0.150000
7.818840 0.030000 7.579150 0.030000 5.765334 0.030000 5.472150 0.030000 5.550631 0.030000 5.624521 0.030000 1.762799 0.030000 2.071034 0.030000 5.477729 0.030000 5.477449 0.030000 2.134291 0.030000 1.963550 0.030000 2.733415 0.030000 2.872444 0.030000
7.774320 0.030000 7.635878 0.030000 5.686479 0.030000 5.475742 0.030000 5.578468 0.030000 5.571934 0.030000 1.770539 0.030000 1.960487 0.030000 5.538971 0.030000 5.487560 0.030000 2.159903 0.030000 1.924418 0.030000 2.725515 0.030000 2.837886 0.030000
7.802327 0.030000 7.584878 0.030000 5.772831 0.030000 5.805879 0.150000 5.548092 0.030000 5.612757 0.030000 1.702826 0.030000 1.968757 0.030000 5.615542 0.030000 5.417896 0.030000 2.161732 0.030000 1.899582 0.030000 2.659582 0.030000 2.864186 0.030000
8.083258 0.150000 7.624025 0.030000 5.749909 0.030000 5.543783 0.030000 5.472694 0.030000 5.583549 0.030000 1.695438 0.030000 1.980418 0.030000 5.512785 0.030000 5.467807 0.030000 2.143925 0.030000 1.988995 0.030000 2.659503 0.030000 2.807488 0.030000
7.874790 0.030000 7.682094 0.030000 6.096887 0.150000 5.571453 0.030000 5.476212 0.030000 5.557815 0.030000 1.726523 0.030000 1.907115 0.030000 5.582632 0.030000 5.398780 0.030000 2.195148 0.030000 1.949213 0.030000 2.696022 0.030000 2.826635 0.150000
7.828985 0.030000 7.648604 0.030000 5.845663 0.030000 5.719100 0.150000 5.507940 0.030000 5.881746 0.150000 1.690427 0.030000 1.924173 0.030000 5.593764 0.030000 5.460310 0.030000 2.266459 0.030000 2.040370 0.030000 2.669867 0.030000 2.811954 0.030000
7.840650 0.030000 7.696596 0.030000 5.874627 0.030000 5.567424 0.030000 5.474139 0.030000 5.572816 0.030000 1.685921 0.030000 1.679811 0.150000 5.621474 0.030000 5.483441 0.030000 2.236548 0.030000 1.958496 0.030000 2.675491 0.030000 2.792086 0.030000
7.897332 0.030000 7.620690 0.030000 5.809572 0.030000 5.543416 0.030000 5.440345 0.030000 5.580916 0.030000 1.670510 0.030000 1.861366 0.030000 5.569768 0.030000 5.519087 0.030000 2.265431 0.030000 2.029586 0.030000 2.653946 0.030000 2.739835 0.030000
7.895901 0.030000 7.675601 0.030000 5.912386 0.030000 5.663630 0.030000 5.517286 0.030000 5.556127 0.030000 1.671986 0.030000 2.906623 0.150000 5.621775 0.030000 5.504813 0.030000 2.274906 0.030000 2.040021 0.030000 2.632031 0.030000 2.804391 0.030000
7.922789 0.030000 7.692563 0.030000 5.960639 0.030000 5.667586 0.030000 5.503608 0.030000 5.606811 0.030000 1.594640 0.030000 1.916096 0.150000 5.632358 0.030000 5.477724 0.030000 2.243916 0.030000 2.046036 0.030000 2.595083 0.030000 2.719147 0.030000
7.877334 0.030000 7.711076 0.030000 5.920612 0.030000 5.657200 0.030000 5.666519 0.150000 5.515088 0.030000 1.682162 0.030000 1.856726 0.030000 5.643592 0.030000 5.521160 0.030000 2.328123 0.030000 2.067924 0.030000 2.635155 0.030000 2.775668 0.030000
7.955139 0.030000 7.726688 0.030000 5.933010 0.030000 5.678127 0.030000 5.467708 0.030000 5.551126 0.030000 1.598485 0.030000 1.914177 0.030000 5.619314 0.030000 5.502381 0.030000 2.336690 0.030000 2.069745 0.030000 2.588379 0.030000 2.772531 0.030000
7.963674 0.030000 7.771318 0.030000 6.091154 0.150000 5.675083 0.030000 5.527173 0.030000 5.475567 0.030000 1.569562 0.030000 1.858253 0.030000 5.623945 0.030000 5.513486 0.030000 2.346443 0.030000 2.053812 0.030000 2.616426 0.030000 2.719040 0.030000
7.993601 0.030000 7.743493 0.030000 6.480063 0.150000 5.690409 0.030000 5.480674 0.030000 5.554322 0.030000 1.590772 0.030000 1.790669 0.030000 5.628720 0.030000 5.516074 0.150000 2.357454 0.030000 2.121915 0.030000 2.621923 0.030000 2.751064 0.030000
7.983534 0.030000 7.698160 0.030000 5.938881 0.030000 5.735419 0.030000 5.464246 0.030000 5.588860 0.030000 1.545064 0.030000 1.767421 0.030000 5.654147 0.030000 5.562413 0.030000 2.347688 0.030000 2.145972 0.030000 2.586765 0.030000 2.777819 0.030000
7.889434 0.030000 7.768649 0.030000 5.985755 0.030000 5.746338 0.030000 5.706328 0.150000 5.513140 0.030000 1.518145 0.030000 1.703285 0.030000 5.642092 0.030000 5.526967 0.030000 2.377713 0.030000 2.212156 0.030000 2.572101 0.030000 2.778250 0.030000
7.974848 0.030000 7.781061 0.030000 6.000365 0.030000 5.749798 0.030000 5.533731 0.030000 5.471971 0.030000 1.521657 0.030000 1.763196 0.030000 5.882858 0.150000 5.588644 0.030000 2.398460 0.030000 2.589531 0.150000 2.610247 0.030000 2.959555 0.150000
7.980082 0.030000 7.744523 0.030000 6.004665 0.030000 5.773428 0.030000 5.471202 0.030000 5.477399 0.030000 1.674052 0.150000 1.715032 0.030000 5.639564 0.030000 5.599147 0.030000 2.371339 0.030000 2.147221 0.030000 2.615771 0.030000 2.696184 0.030000
7.993573 0.030000 7.792084 0.030000 6.011639 0.030000 5.833706 0.030000 5.457176 0.030000 5.485948 0.030000 1.550667 0.030000 1.755714 0.030000 5.613805 0.030000 7.310385 0.150000 2.334216 0.030000 2.169998 0.030000 2.541706 0.030000 2.694134 0.030000
7.988677 0.030000 7.845443 0.030000 6.086630 0.030000 5.736262 0.030000 5.451221 0.030000 5.523531 0.150000 1.468885 0.030000 1.717076 0.030000 5.663408 0.030000 5.610606 0.030000 2.430630 0.030000 2.173875 0.030000 2.534600 0.030000 2.682506 0.030000
8.017539 0.030000 7.829487 0.030000 6.054189 0.030000 5.779465 0.030000 5.419133 0.030000 5.516167 0.030000 1.479705 0.030000 1.760074 0.030000 5.658502 0.030000 5.564434 0.030000 2.382018 0.030000 2.152957 0.030000 2.546860 0.030000 2.709956 0.030000
8.023152 0.030000 7.819485 0.030000 6.038588 0.030000 5.830486 0.030000 5.400598 0.030000 5.520909 0.030000 1.465474 0.030000 1.685661 0.030000 6.698634 0.150000 5.573652 0.030000 2.477733 0.030000 2.268569 0.030000 2.518338 0.030000 2.652702 0.030000
8.053099 0.030000 7.869454 0.030000 6.049449 0.030000 6.031604 0.150000 5.508557 0.030000 5.516173 0.030000 1.813503 0.150000 2.400395 0.150000 5.701527 0.030000 5.521466 0.030000 2.447855 0.030000 2.224137 0.030000 2.713725 0.150000 2.643326 0.030000
8.022567 0.030000 7.839548 0.030000 6.034829 0.030000 5.860772 0.030000 5.417847 0.030000 5.509344 0.030000 1.449730 0.030000 1.722452 0.030000 5.658040 0.030000 5.681609 0.150000 2.457212 0.030000 2.206054 0.030000 2.481804 0.150000 2.662441 0.030000
8.007985 0.030000 7.894034 0.030000 6.076422 0.030000 5.861438 0.030000 5.435575 0.030000 5.517849 0.030000 1.444004 0.030000 1.681254 0.030000 5.663721 0.030000 5.588272 0.030000 2.433971 0.030000 2.256447 0.030000 2.479162 0.030000 2.697551 0.030000
8.054698 0.030000 7.843082 0.030000 6.457367 0.150000 5.875941 0.030000 5.410888 0.030000 5.478302 0.030000 1.518158 0.030000 1.665088 0.030000 6.060210 0.150000 5.583804 0.030000 2.488060 0.030000 2.235587 0.030000 2.545988 0.030000 2.651575 0.030000
8.068125 0.030000 7.884045 0.030000 6.083351 0.030000 5.843114 0.030000 5.434278 0.030000 5.456725 0.030000 1.432027 0.030000 1.654960 0.030000 5.666233 0.030000 5.898980 0.150000 2.492742 0.030000 2.267717 0.030000 2.543419 0.030000 2.717873 0.030000
8.062419 0.030000 7.855224 0.030000 6.115465 0.030000 5.883236 0.030000 5.399243 0.030000 5.457783 0.030000 1.422817 0.030000 1.689985 0.030000 5.681979 0.030000 5.583431 0.030000 2.506471 0.030000 2.299522 0.030000 2.528488 0.030000 2.622584 0.030000
8.032730 0.030000 7.861815 0.030000 6.089038 0.030000 5.828484 0.030000 5.471089 0.030000 5.506229 0.030000 1.386684 0.030000 1.706877 0.030000 5.686929 0.030000 5.594347 0.030000 2.459045 0.030000 2.321349 0.030000 2.494858 0.030000 2.979400 0.150000
8.068563 0.030000 7.941362 0.030000 6.150169 0.030000 5.862314 0.030000 5.406137 0.030000 5.471246 0.030000 1.424401 0.030000 1.614347 0.030000 5.700559 0.030000 5.602266 0.030000 2.514638 0.030000 2.231331 0.030000 2.505782 0.030000 2.644235 0.030000
8.020135 0.030000 7.885861 0.030000 6.261727 0.150000 5.889230 0.030000 5.397602 0.030000 5.506228 0.030000 1.400957 0.030000 2.671243 0.150000 5.666712 0.030000 5.553550 0.030000 2.472332 0.030000 2.214707 0.030000 2.503269 0.030000 2.595788 0.030000
8.084820 0.030000 7.884302 0.030000 6.162816 0.030000 5.868647 0.030000 5.430512 0.030000 5.493553 0.030000 1.451238 0.030000 1.615127 0.030000 5.649193 0.030000 5.663310 0.030000 2.498301 0.030000 2.250243 0.030000 2.470243 0.030000 2.638781 0.030000
8.112011 0.030000 7.917339 0.030000 6.149882 0.030000 5.882912 0.030000 5.420485 0.030000 5.503642 0.030000 1.443488 0.030000 1.628589 0.030000 5.657469 0.030000 5.560358 0.030000 2.539165 0.030000 2.347827 0.030000 2.490769 0.030000 3.023036 0.150000
8.535595 0.150000 7.952550 0.030000 6.211258 0.030000 5.916551 0.030000 5.388278 0.030000 5.493958 0.030000 1.413291 0.030000 1.634188 0.030000 5.623619 0.030000 5.666708 0.030000 2.528346 0.030000 2.254504 0.030000 2.493000 0.030000 2.677082 0.030000
8.060901 0.030000 7.893359 0.030000 6.132332 0.030000 5.872923 0.030000 5.341278 0.030000 5.478535 0.030000 1.402776 0.030000 1.601515 0.030000 5.702215 0.030000 5.716988 0.150000 2.542769 0.030000 2.313536 0.030000 2.627621 0.150000 2.985751 0.150000
8.586853 0.150000 7.936249 0.030000 6.183109 0.030000 5.941962 0.030000 5.372950 0.030000 5.505211 0.030000 1.452848 0.030000 1.595709 0.030000 5.658275 0.030000 5.641593 0.030000 2.533702 0.030000 2.294240 0.030000 2.452725 0.030000 2.683805 0.030000
8.088816 0.030000 7.871279 0.030000 6.129843 0.030000 5.950942 0.030000 5.506943 0.150000 5.519438 0.030000 1.430502 0.030000 1.557831 0.030000 5.654273 0.030000 5.626659 0.030000 2.556647 0.030000 2.270539 0.030000 2.479333 0.030000 2.646573 0.030000
8.014385 0.030000 7.987615 0.030000 6.139241 0.030000 5.915944 0.030000 5.373962 0.030000 5.873728 0.150000 1.434381 0.030000 1.585248 0.150000 5.664425 0.030000 5.685014 0.030000 2.576383 0.030000 2.938164 0.150000 2.439911 0.030000 2.597600 0.030000
8.039283 0.030000 8.006720 0.030000 6.214913 0.030000 6.492046 0.150000 5.269415 0.150000 5.512473 0.030000 1.448858 0.030000 1.548662 0.030000 6.006001 0.150000 5.671419 0.030000 2.597358 0.030000 2.336266 0.030000 2.413343 0.030000 2.649555 0.030000
8.059170 0.030000 8.009028 0.030000 6.195526 0.030000 5.945209 0.030000 5.347719 0.030000 5.500120 0.030000 1.452695 0.030000 1.487681 0.150000 5.593956 0.030000 5.658713 0.030000 2.586275 0.030000 2.370367 0.030000 2.415508 0.030000 2.604035 0.030000
8.065505 0.030000 8.002005 0.030000 6.166575 0.030000 6.010780 0.030000 5.267531 0.030000 5.514018 0.030000 1.435041 0.030000 1.434714 0.030000 5.571421 0.030000 5.703044 0.030000 2.665238 0.030000 2.315763 0.030000 2.331787 0.030000 2.614223 0.030000
8.824958 0.150000 8.074905 0.030000 6.242067 0.030000 5.998593 0.030000 5.297352 0.030000 5.486079 0.030000 1.447884 0.030000 1.402363 0.150000 6.101662 0.150000 5.645532 0.030000 2.674963 0.030000 2.374244 0.030000 2.356725 0.030000 2.585066 0.030000
8.406933 0.150000 8.032964 0.030000 6.213544 0.030000 6.200325 0.150000 5.279279 0.030000 5.479043 0.030000 1.426821 0.030000 1.442691 0.030000 5.578526 0.030000 5.663267 0.030000 2.531077 0.150000 2.420701 0.030000 2.266873 0.030000 2.564343 0.030000
8.006389 0.030000 7.988399 0.030000 6.253794 0.030000 6.057413 0.030000 5.226907 0.030000 5.461883 0.030000 1.502772 0.030000 1.432794 0.030000 5.558723 0.030000 6.081231 0.150000 2.624784 0.030000 2.400167 0.150000 2.308144 0.030000 2.579523 0.030000
7.984902 0.030000 8.079120 0.030000 6.191535 0.030000 6.081867 0.030000 5.184567 0.030000 5.461760 0.030000 1.502710 0.030000 1.419189 0.030000 5.561410 0.030000 5.638593 0.030000 2.703020 0.030000 2.469927 0.030000 2.292520 0.030000 2.528168 0.030000
8.020493 0.030000 8.359911 0.150000 6.217363 0.030000 6.127451 0.030000 5.167070 0.030000 5.370405 0.030000 1.501959 0.030000 1.435036 0.030000 5.518892 0.030000 5.707933 0.030000 2.640926 0.030000 2.479249 0.030000 2.228117 0.030000 2.541937 0.030000
7.999975 0.030000 8.042311 0.030000 6.304282 0.030000 6.130047 0.030000 5.165757 0.030000 5.404542 0.030000 1.534393 0.030000 1.386354 0.150000 5.516906 0.150000 5.684483 0.030000 2.719157 0.030000 2.464028 0.030000 2.968239 0.150000 2.413145 0.030000
7.963458 0.030000 8.043847 0.030000 6.251015 0.030000 6.124011 0.030000 5.126350 0.030000 5.395606 0.030000 1.568791 0.030000 1.498514 0.030000 5.426156 0.030000 5.759396 0.150000 2.792569 0.030000 2.546075 0.030000 2.193850 0.030000 2.428646 0.030000
7.918464 0.030000 8.004538 0.030000 6.271327 0.030000 6.143597 0.030000 5.261536 0.150000 5.359540 0.030000 1.564099 0.030000 1.386247 0.030000 5.446802 0.030000 5.620684 0.030000 2.715912 0.030000 2.549945 0.030000 2.193940 0.030000 2.393009 0.030000
7.980402 0.030000 8.094245 0.030000 6.269624 0.030000 6.210935 0.030000 5.117180 0.030000 5.307239 0.030000 1.516662 0.030000 1.419813 0.030000 5.438861 0.030000 5.579350 0.030000 2.714596 0.030000 2.624687 0.030000 2.187487 0.030000 2.383422 0.030000
7.911421 0.030000 8.064470 0.030000 6.273172 0.030000 7.173338 0.150000 5.028394 0.030000 5.282287 0.030000 1.565577 0.030000 1.496667 0.030000 5.398123 0.030000 5.834939 0.150000 3.195094 0.150000 2.577415 0.030000 2.117470 0.030000 2.310836 0.030000
7.844693 0.030000 8.020055 0.030000 6.461912 0.150000 6.162081 0.030000 5.000403 0.030000 5.259114 0.030000 1.605482 0.030000 1.494705 0.030000 5.386517 0.030000 5.560395 0.030000 2.748635 0.030000 2.620788 0.030000 2.140103 0.030000 2.561379 0.150000
8.641114 0.150000 8.186388 0.150000 6.284476 0.030000 6.264470 0.030000 4.944466 0.030000 5.189377 0.030000 1.617684 0.030000 1.442119 0.030000 5.376848 0.030000 5.563140 0.030000 2.779429 0.030000 2.675226 0.030000 2.048764 0.030000 2.309622 0.030000
7.893136 0.030000 7.957668 0.030000 6.260302 0.030000 6.245293 0.030000 5.131175 0.150000 5.201653 0.030000 1.657156 0.030000 1.474403 0.030000 5.283021 0.030000 5.563989 0.030000 2.768301 0.030000 2.670567 0.030000 2.756091 0.150000 2.314016 0.030000
7.868313 0.150000 8.065184 0.030000 6.299870 0.030000 6.251594 0.030000 4.860348 0.030000 5.210705 0.030000 1.710668 0.030000 1.494189 0.030000 5.282882 0.030000 5.529321 0.030000 2.739624 0.030000 3.032098 0.150000 2.016598 0.030000 2.265205 0.030000
8.510556 0.150000 7.958252 0.030000 6.308424 0.030000 6.310805 0.030000 4.895160 0.030000 5.062958 0.030000 1.665994 0.030000 1.526786 0.030000 5.285799 0.030000 5.458155 0.030000 2.754549 0.030000 2.678828 0.030000 1.995178 0.030000 2.222560 0.030000
7.808498 0.030000 8.020928 0.030000 6.284377 0.030000 6.261576 0.030000 4.830661 0.030000 5.084993 0.030000 1.752939 0.030000 1.534896 0.030000 5.217037 0.030000 5.404669 0.030000 2.840445 0.030000 2.672375 0.030000 1.991824 0.030000 2.162885 0.030000
7.775224 0.030000 7.948517 0.030000 6.263296 0.030000 6.251215 0.030000 4.834941 0.030000 5.062169 0.030000 1.784215 0.030000 1.578636 0.030000 5.216424 0.030000 5.409240 0.030000 2.915889 0.030000 2.713392 0.030000 2.043182 0.030000 2.159285 0.030000
7.719397 0.030000 7.876231 0.030000 6.303801 0.030000 6.265256 0.030000 4.793363 0.030000 5.041592 0.030000 1.760465 0.030000 1.550379 0.030000 5.205186 0.030000 5.387477 0.030000 2.833879 0.030000 2.732797 0.030000 3.045783 0.150000 2.115553 0.030000
7.739792 0.030000 7.872455 0.030000 6.304333 0.030000 6.321139 0.030000 4.732366 0.030000 5.003408 0.030000 1.803056 0.030000 1.640024 0.030000 5.150320 0.030000 5.425122 0.030000 2.864272 0.030000 2.735368 0.030000 1.932551 0.030000 2.107037 0.030000
7.722846 0.030000 7.896127 0.030000 6.340902 0.030000 6.285450 0.030000 4.786590 0.030000 4.997796 0.030000 1.868304 0.030000 1.652329 0.030000 5.485982 0.150000 5.287130 0.030000 2.808149 0.030000 2.757035 0.030000 1.894319 0.030000 2.098359 0.030000
7.656290 0.030000 7.791535 0.150000 6.317036 0.030000 6.318730 0.030000 4.710330 0.030000 4.967194 0.030000 2.587264 0.150000 1.646946 0.030000 5.090913 0.030000 5.431100 0.030000 2.858030 0.030000 2.778417 0.030000 1.891091 0.030000 2.027192 0.030000
7.685330 0.030000 7.827769 0.030000 6.336244 0.030000 6.259544 0.030000 4.647860 0.030000 4.965197 0.030000 1.847468 0.030000 1.857579 0.150000 5.096765 0.030000 5.266343 0.030000 2.858452 0.030000 2.736688 0.030000 1.813969 0.030000 2.064973 0.030000
7.624621 0.030000 7.818378 0.030000 6.380210 0.030000 6.338308 0.030000 4.985285 0.150000 4.895310 0.030000 1.815056 0.030000 1.721280 0.030000 5.053358 0.030000 5.236988 0.030000 2.881783 0.030000 2.767873 0.030000 1.834508 0.030000 2.355541 0.150000
7.635396 0.030000 7.840417 0.030000 6.319700 0.030000 6.316610 0.030000 4.597592 0.030000 4.877142 0.030000 1.968864 0.030000 1.723406 0.030000 5.052797 0.030000 5.241690 0.030000 2.912236 0.030000 2.787749 0.030000 2.696617 0.150000 2.043200 0.030000
7.581046 0.030000 7.773679 0.030000 6.382980 0.030000 6.287409 0.030000 4.601979 0.030000 4.818496 0.030000 1.938217 0.030000 1.736353 0.030000 5.044259 0.030000 5.222208 0.030000 2.907910 0.030000 2.837951 0.030000 1.788486 0.030000 1.971513 0.030000
7.547971 0.030000 7.805235 0.030000 6.358377 0.030000 6.301077 0.030000 4.550636 0.030000 4.844435 0.030000 2.003578 0.030000 1.794184 0.030000 4.943511 0.030000 5.374267 0.150000 2.968325 0.030000 2.868156 0.030000 1.762838 0.030000 1.932156 0.030000
7.583589 0.030000 7.762697 0.030000 6.335894 0.030000 6.306795 0.030000 4.475100 0.030000 4.764481 0.030000 1.990884 0.030000 1.802323 0.030000 4.929717 0.030000 5.106799 0.030000 2.983998 0.030000 2.868233 0.030000 1.760064 0.030000 1.891782 0.030000
8.210731 0.150000 7.734141 0.030000 6.340862 0.030000 6.435811 0.150000 4.533971 0.030000 4.774688 0.030000 2.035568 0.030000 1.871298 0.030000 5.702106 0.150000 5.067474 0.030000 2.945014 0.030000 2.864944 0.030000 1.732243 0.030000 1.939418 0.030000
7.549240 0.030000 7.735404 0.030000 6.574715 0.150000 6.324350 0.030000 4.552007 0.030000 4.716421 0.030000 2.046095 0.030000 1.833884 0.030000 4.920644 0.030000 5.110200 0.030000 3.075821 0.030000 2.893735 0.030000 2.291178 0.150000 1.896509 0.030000
7.529846 0.030000 7.694315 0.030000 6.323237 0.030000 6.292893 0.030000 4.431448 0.030000 4.583465 0.030000 2.121259 0.030000 2.185733 0.150000 4.821960 0.030000 5.019715 0.030000 3.039770 0.030000 2.885408 0.030000 1.662018 0.030000 1.830365 0.030000
7.514176 0.030000 7.661762 0.030000 6.379141 0.030000 6.317013 0.030000 4.413770 0.030000 4.669461 0.030000 2.107035 0.030000 1.891075 0.030000 4.847823 0.030000 5.035260 0.030000 3.047388 0.030000 2.868993 0.030000 1.636528 0.030000 1.818406 0.030000
7.451234 0.030000 7.671330 0.030000 6.578666 0.150000 6.338186 0.030000 4.369430 0.030000 4.627129 0.030000 2.095411 0.030000 1.958768 0.030000 4.836483 0.030000 5.038279 0.030000 2.984048 0.030000 2.932312 0.030000 1.605934 0.030000 1.863885 0.030000
7.460644 0.030000 7.597124 0.030000 6.595120 0.150000 6.385581 0.030000 4.367125 0.030000 4.617186 0.030000 2.123643 0.030000 2.000971 0.030000 4.788266 0.030000 4.975401 0.030000 3.654204 0.150000 2.960774 0.030000 1.605294 0.030000 1.799947 0.030000
7.469466 0.030000 7.614708 0.030000 6.392008 0.030000 6.383677 0.030000 4.344583 0.030000 4.842044 0.150000 2.157537 0.030000 2.135993 0.150000 4.747746 0.030000 4.992692 0.030000 3.107698 0.030000 2.922436 0.030000 1.376603 0.150000 1.767718 0.030000
7.482587 0.030000 7.586160 0.030000 6.417504 0.030000 6.327556 0.030000 4.294595 0.030000 4.584506 0.030000 2.193398 0.030000 1.989605 0.030000 4.661705 0.030000 4.887934 0.030000 3.117825 0.030000 2.994143 0.030000 1.576803 0.030000 1.727637 0.030000
7.346744 0.030000 7.550097 0.030000 6.420820 0.030000 6.291964 0.030000 4.260890 0.030000 4.507009 0.030000 2.271921 0.030000 2.070046 0.030000 4.683783 0.030000 5.094116 0.150000 3.098859 0.030000 2.941601 0.030000 1.508264 0.030000 1.680203 0.030000
7.352513 0.030000 7.560087 0.030000 6.379984 0.030000 6.579295 0.150000 4.233169 0.030000 4.512658 0.030000 2.322117 0.030000 2.046905 0.030000 4.679752 0.030000 4.890220 0.030000 3.123239 0.030000 2.957858 0.030000 1.518275 0.030000 1.669013 0.030000
7.684442 0.150000 7.521016 0.030000 6.468001 0.030000 6.443040 0.030000 4.217387 0.030000 4.437112 0.030000 2.297590 0.030000 2.082104 0.030000 4.653542 0.030000 4.872062 0.030000 3.197403 0.030000 2.989465 0.030000 1.525515 0.030000 1.680649 0.030000
7.326708 0.030000 7.496408 0.030000 6.409304 0.030000 6.418450 0.030000 4.171456 0.030000 4.414517 0.030000 2.281023 0.030000 2.099103 0.030000 4.585102 0.030000 4.809767 0.030000 3.155366 0.030000 3.056499 0.030000 1.514847 0.030000 1.670734 0.030000
7.305737 0.030000 7.471157 0.030000 6.417566 0.030000 6.399897 0.030000 4.103448 0.030000 4.435100 0.030000 2.398297 0.030000 2.164171 0.030000 4.597253 0.030000 4.799758 0.030000 3.227624 0.030000 3.770620 0.150000 1.501223 0.030000 1.675624 0.030000
7.309370 0.030000 7.483266 0.030000 6.479002 0.030000 6.401180 0.030000 4.133538 0.030000 4.638238 0.150000 2.348108 0.030000 2.149139 0.030000 4.534160 0.030000 4.890468 0.150000 3.197628 0.030000 3.057207 0.030000 1.478242 0.030000 1.675614 0.030000
7.279763 0.030000 7.436308 0.030000 6.472275 0.030000 6.392569 0.030000 4.107670 0.030000 4.362865 0.030000 2.359046 0.030000 2.146065 0.030000 4.512136 0.030000 4.825579 0.030000 3.276087 0.030000 3.693128 0.150000 1.411538 0.150000 1.638556 0.030000
7.320657 0.030000 7.449899 0.030000 6.392453 0.150000 6.483863 0.150000 4.100725 0.030000 4.228668 0.150000 2.420568 0.030000 2.257045 0.030000 4.468172 0.030000 4.690500 0.030000 3.279764 0.030000 3.221993 0.150000 1.449289 0.030000 1.971955 0.150000
7.279947 0.030000 7.409780 0.030000 6.469383 0.030000 6.433756 0.030000 4.024828 0.030000 4.283119 0.030000 2.618505 0.150000 2.539566 0.150000 4.487330 0.030000 4.688938 0.030000 3.231675 0.030000 3.118702 0.030000 1.420493 0.030000 1.821293 0.150000
7.252529 0.030000 7.429091 0.030000 6.493849 0.030000 6.421330 0.030000 4.003681 0.030000 4.223182 0.030000 2.500776 0.030000 2.246642 0.030000 4.458588 0.030000 4.683796 0.030000 3.328237 0.030000 3.125159 0.030000 1.378388 0.030000 1.569906 0.030000
7.232719 0.030000 7.365185 0.030000 6.490200 0.030000 6.445203 0.030000 3.971812 0.030000 4.234717 0.030000 2.565414 0.030000 2.326462 0.030000 4.423497 0.030000 4.601117 0.030000 3.328355 0.030000 3.161753 0.030000 1.397819 0.030000 1.486630 0.030000
7.230013 0.030000 7.410139 0.030000 6.862288 0.150000 6.432412 0.030000 3.949932 0.030000 4.218202 0.030000 2.493237 0.030000 2.351618 0.030000 4.403145 0.030000 4.651397 0.030000 3.351400 0.030000 3.219197 0.030000 1.367388 0.030000 1.497053 0.030000
7.191808 0.030000 7.338064 0.030000 6.576026 0.030000 6.787131 0.150000 3.935284 0.030000 4.169947 0.030000 3.044545 0.150000 2.464504 0.150000 4.385813 0.150000 4.582496 0.030000 3.366629 0.030000 3.205030 0.030000 1.385702 0.030000 1.502993 0.030000
7.166348 0.030000 7.300541 0.030000 6.590670 0.030000 6.426391 0.030000 3.992609 0.030000 4.131413 0.030000 3.635026 0.150000 2.408841 0.030000 4.344334 0.030000 4.529440 0.030000 3.404118 0.030000 3.416515 0.150000 1.367399 0.030000 1.433147 0.030000
7.190950 0.030000 7.340505 0.030000 7.307161 0.150000 6.505692 0.030000 3.882093 0.030000 4.150588 0.030000 2.578878 0.030000 2.398297 0.030000 4.301903 0.030000 4.509698 0.030000 3.416465 0.030000 3.238504 0.030000 1.711655 0.150000 1.435222 0.030000
7.123218 0.030000 7.289769 0.030000 6.573493 0.030000 6.478556 0.030000 3.922671 0.150000 4.113775 0.030000 3.056630 0.150000 2.428328 0.030000 4.335369 0.030000 4.532754 0.030000 3.444196 0.030000 3.296251 0.030000 1.293612 0.030000 1.437847 0.030000
7.108886 0.030000 7.278538 0.030000 6.575802 0.030000 6.477579 0.030000 3.773775 0.030000 4.020468 0.150000 2.645848 0.030000 2.500553 0.030000 4.288668 0.030000 4.448647 0.030000 3.480785 0.030000 3.274460 0.030000 1.275374 0.030000 1.486404 0.030000
7.113707 0.030000 7.250880 0.030000 6.541596 0.030000 6.503098 0.030000 3.761167 0.030000 4.054602 0.030000 2.680086 0.030000 2.427780 0.030000 4.227244 0.030000 4.448771 0.030000 3.444922 0.030000 3.310339 0.030000 1.284509 0.030000 1.398916 0.030000
7.175876 0.030000 7.242737 0.030000 6.604468 0.030000 6.512234 0.030000 3.719834 0.030000 3.957335 0.030000 2.724106 0.030000 2.513121 0.030000 4.218259 0.030000 4.421393 0.030000 3.503001 0.030000 4.195322 0.150000 1.296967 0.030000 1.674819 0.150000
7.094791 0.030000 7.213420 0.030000 6.578985 0.030000 6.545371 0.030000 3.689832 0.030000 3.934547 0.030000 2.752522 0.030000 2.490368 0.030000 4.182406 0.030000 4.430923 0.030000 3.489125 0.030000 3.727790 0.150000 1.309670 0.030000 1.366638 0.030000
7.084875 0.030000 7.251947 0.030000 6.586696 0.030000 6.469795 0.030000 3.725852 0.030000 3.950255 0.030000 2.769435 0.030000 2.565606 0.030000 4.147162 0.030000 4.384192 0.030000 3.515945 0.030000 3.399242 0.030000 1.281997 0.030000 1.416451 0.030000
7.613727 0.150000 7.189321 0.030000 6.672082 0.030000 6.513912 0.030000 3.665161 0.030000 3.931490 0.030000 2.788507 0.030000 3.060213 0.150000 4.162530 0.030000 4.371156 0.030000 3.578865 0.030000 3.375100 0.030000 1.256781 0.030000 1.289376 0.030000
7.087840 0.030000 7.156108 0.030000 6.694547 0.030000 6.534803 0.030000 3.628789 0.030000 3.890455 0.030000 3.357857 0.150000 2.572389 0.030000 4.137746 0.030000 4.279486 0.030000 3.582779 0.030000 3.371056 0.030000 1.241729 0.030000 1.806710 0.150000
7.022925 0.030000 7.213810 0.030000 6.679197 0.030000 6.578130 0.030000 3.649054 0.030000 3.910144 0.030000 2.855394 0.030000 2.546681 0.150000 4.062562 0.030000 4.325956 0.030000 3.597822 0.030000 3.445232 0.030000 1.272243 0.030000 1.420441 0.150000
7.007424 0.030000 7.545221 0.150000 6.669532 0.030000 6.573698 0.030000 3.603025 0.030000 3.887950 0.150000 2.909623 0.030000 2.629095 0.030000 4.106227 0.030000 4.262584 0.030000 3.601641 0.030000 3.440453 0.030000 1.231496 0.030000 1.325484 0.030000
7.007685 0.030000 7.167286 0.030000 6.708188 0.030000 6.771919 0.150000 3.569897 0.030000 3.763593 0.030000 2.878311 0.030000 2.680106 0.030000 4.010549 0.030000 4.290614 0.030000 3.632923 0.030000 3.897226 0.150000 1.237085 0.030000 1.301347 0.030000
7.031666 0.030000 7.107261 0.030000 6.707218 0.030000 6.569680 0.030000 3.543474 0.030000 3.731662 0.030000 2.957544 0.030000 2.680103 0.030000 3.991764 0.030000 4.226275 0.030000 4.360175 0.150000 3.549324 0.030000 1.229400 0.030000 1.279797 0.030000
7.014182 0.030000 7.128163 0.030000 6.677959 0.030000 6.675127 0.150000 3.488231 0.030000 3.761385 0.030000 2.976270 0.030000 2.762133 0.030000 4.017655 0.030000 4.149747 0.030000 3.668207 0.030000 3.539274 0.030000 1.199115 0.030000 1.261614 0.030000
6.960666 0.030000 7.111946 0.030000 6.720616 0.030000 6.592849 0.030000 3.534122 0.030000 3.838485 0.150000 3.013170 0.030000 2.821904 0.030000 4.048637 0.030000 4.193030 0.030000 3.759492 0.030000 3.511859 0.030000 2.062425 0.150000 1.287188 0.030000
6.946826 0.030000 7.079899 0.030000 6.713117 0.030000 6.664047 0.030000 3.440124 0.030000 3.703390 0.030000 3.162676 0.150000 2.791649 0.030000 3.940405 0.030000 4.192812 0.030000 3.702924 0.030000 3.734168 0.150000 1.224668 0.030000 1.264445 0.030000
6.903681 0.030000 7.056658 0.030000 6.711465 0.030000 6.813962 0.150000 3.406616 0.030000 3.661427 0.030000 3.070169 0.030000 2.833181 0.030000 3.947139 0.030000 4.148603 0.030000 3.744440 0.030000 3.513314 0.030000 1.214024 0.030000 1.232439 0.030000
6.946816 0.030000 7.033317 0.030000 6.727472 0.030000 7.036399 0.150000 3.397006 0.030000 3.626288 0.030000 3.040054 0.030000 2.863026 0.030000 3.881337 0.030000 4.254181 0.150000 3.796625 0.030000 3.586819 0.030000 1.205968 0.030000 1.233557 0.030000
6.892231 0.030000 7.051636 0.030000 6.793594 0.030000 6.612382 0.030000 3.375376 0.030000 3.615385 0.030000 3.089440 0.030000 2.887601 0.030000 3.908231 0.030000 4.114192 0.030000 3.824802 0.030000 3.832715 0.150000 1.172689 0.030000 1.165623 0.030000
7.195811 0.150000 6.986952 0.030000 6.767480 0.030000 6.698400 0.030000 3.347630 0.030000 3.566396 0.030000 3.142575 0.030000 3.880809 0.150000 3.858575 0.030000 4.085979 0.030000 3.838344 0.030000 3.658922 0.030000 1.181301 0.030000 1.257421 0.030000
6.843321 0.030000 7.055450 0.030000 6.794041 0.030000 7.045112 0.150000 3.299152 0.030000 3.540841 0.030000 3.190048 0.030000 2.923275 0.030000 3.899916 0.030000 4.050821 0.030000 4.687590 0.150000 3.649034 0.030000 1.175605 0.030000 1.227534 0.030000
6.831844 0.030000 7.045177 0.030000 6.807282 0.030000 6.726164 0.030000 3.289944 0.030000 3.625324 0.150000 3.217361 0.030000 3.187659 0.150000 3.761761 0.030000 4.007499 0.030000 3.874772 0.030000 3.730530 0.030000 1.223728 0.030000 1.216542 0.030000
6.817311 0.030000 7.066519 0.030000 6.794149 0.030000 6.649225 0.030000 3.229148 0.030000 3.508294 0.030000 3.192293 0.030000 2.987398 0.030000 3.807156 0.030000 3.988809 0.030000 3.893193 0.030000 3.703275 0.030000 1.241045 0.030000 1.158204 0.030000
8.492297 0.150000 6.959768 0.030000 6.817094 0.030000 6.696102 0.030000 3.239700 0.030000 3.490213 0.030000 3.263288 0.030000 3.010504 0.030000 3.786717 0.030000 4.269109 0.150000 3.928292 0.030000 3.724201 0.030000 1.201946 0.030000 1.268534 0.030000
6.805491 0.030000 6.943165 0.030000 6.820409 0.030000 6.944646 0.150000 3.226869 0.030000 3.888848 0.150000 3.298702 0.030000 3.100953 0.030000 3.777910 0.030000 3.976993 0.030000 3.990361 0.030000 3.714387 0.030000 1.185086 0.030000 1.383803 0.150000
7.050280 0.150000 6.958514 0.030000 7.324179 0.150000 6.746996 0.030000 3.222180 0.030000 3.593187 0.150000 3.330655 0.030000 3.080976 0.030000 3.707878 0.030000 3.925312 0.030000 3.963318 0.030000 3.780606 0.030000 1.185733 0.030000 1.192611 0.030000
6.816901 0.030000 6.903856 0.030000 6.892112 0.030000 6.661505 0.030000 3.168337 0.030000 3.444442 0.030000 3.334125 0.030000 3.105963 0.030000 3.663258 0.030000 3.939210 0.030000 3.990016 0.030000 3.817222 0.030000 1.225967 0.030000 1.208278 0.030000
6.922846 0.150000 6.901629 0.030000 6.932370 0.030000 6.756422 0.030000 3.142101 0.030000 3.347489 0.030000 3.394169 0.030000 3.132883 0.030000 3.695121 0.030000 3.895695 0.030000 4.005981 0.030000 3.817064 0.030000 1.162279 0.030000 1.249922 0.030000
6.789548 0.030000 6.872033 0.030000 6.843333 0.030000 6.783020 0.030000 3.082961 0.030000 3.370522 0.030000 3.403626 0.030000 3.160666 0.030000 3.615874 0.030000 3.880087 0.030000 4.040016 0.030000 3.836704 0.030000 1.257659 0.030000 1.199216 0.030000
6.765565 0.030000 6.877227 0.030000 6.836769 0.030000 6.777970 0.030000 3.053434 0.030000 3.359199 0.030000 3.439457 0.030000 3.141367 0.030000 3.656523 0.030000 3.762381 0.030000 4.030887 0.030000 3.864985 0.030000 1.196713 0.030000 1.241834 0.030000
6.783243 0.030000 6.854691 0.030000 6.870017 0.030000 6.790882 0.030000 3.100316 0.030000 3.479483 0.150000 3.616854 0.150000 3.182252 0.030000 3.563338 0.030000 3.787085 0.030000 4.086110 0.030000 3.891449 0.030000 1.295401 0.030000 1.192423 0.030000
6.694500 0.030000 6.838039 0.030000 6.932994 0.030000 6.857793 0.030000 3.045017 0.030000 3.289443 0.030000 3.459169 0.030000 3.210372 0.030000 3.610522 0.030000 3.787201 0.150000 4.131272 0.030000 3.891756 0.030000 1.295993 0.030000 1.196409 0.030000
6.683662 0.030000 6.870311 0.030000 6.946703 0.030000 6.837751 0.030000 2.997186 0.030000 3.208564 0.030000 3.485414 0.030000 3.265437 0.030000 3.589569 0.030000 3.816499 0.030000 4.140213 0.030000 3.893642 0.030000 1.245628 0.030000 1.212894 0.030000
6.676727 0.030000 7.127699 0.150000 6.960793 0.030000 6.845649 0.030000 3.030069 0.030000 3.204434 0.030000 3.553602 0.030000 3.314738 0.030000 3.475909 0.030000 3.703920 0.030000 4.107652 0.030000 3.954391 0.030000 1.291297 0.030000 1.220545 0.030000
6.672482 0.030000 7.417623 0.150000 7.005816 0.030000 6.866120 0.030000 2.886404 0.030000 3.160094 0.030000 3.593919 0.030000 3.326923 0.030000 3.556112 0.030000 3.716264 0.030000 4.208277 0.030000 3.971966 0.030000 1.274383 0.030000 1.216415 0.030000
6.719237 0.030000 6.821180 0.030000 6.987893 0.030000 6.878372 0.030000 2.885245 0.030000 3.158134 0.030000 3.585819 0.030000 3.328487 0.030000 3.491841 0.030000 3.650195 0.030000 4.281043 0.030000 4.017838 0.030000 1.825733 0.150000 1.223970 0.030000
6.644157 0.030000 6.784666 0.030000 7.007970 0.030000 6.892915 0.030000 2.829813 0.030000 3.139506 0.030000 3.631232 0.030000 3.376989 0.030000 3.500472 0.030000 3.671762 0.030000 4.172761 0.030000 5.012156 0.150000 1.349391 0.030000 1.205224 0.030000
6.681303 0.030000 6.795082 0.030000 6.949792 0.030000 6.920481 0.030000 2.854071 0.030000 3.486510 0.150000 3.680226 0.030000 3.441104 0.030000 3.416265 0.030000 3.644761 0.030000 4.251886 0.030000 4.034373 0.030000 1.560508 0.150000 1.219824 0.030000
6.602744 0.030000 6.728568 0.030000 6.972745 0.030000 6.902000 0.030000 2.792904 0.030000 3.110918 0.030000 3.694380 0.030000 3.452334 0.030000 3.474825 0.030000 3.652690 0.030000 4.231588 0.030000 4.055561 0.030000 1.311707 0.030000 1.258620 0.030000
6.628085 0.030000 6.750605 0.030000 7.005375 0.030000 6.946026 0.030000 2.786311 0.030000 3.061508 0.030000 3.685893 0.030000 3.423505 0.030000 3.406634 0.030000 3.674888 0.150000 4.250921 0.030000 4.057455 0.030000 1.325051 0.030000 1.269516 0.030000
6.575766 0.030000 6.697652 0.030000 7.296613 0.150000 6.956483 0.030000 2.791109 0.030000 3.066013 0.030000 3.776682 0.030000 3.482679 0.030000 3.419528 0.030000 3.563594 0.030000 4.291228 0.030000 4.123080 0.030000 1.309986 0.030000 1.220936 0.030000
6.608064 0.030000 6.649568 0.030000 7.039701 0.030000 6.984645 0.030000 2.753020 0.030000 2.991003 0.030000 3.752346 0.030000 3.549504 0.030000 3.350663 0.030000 3.535325 0.030000 4.371130 0.030000 4.168359 0.030000 1.356778 0.030000 1.221963 0.030000
6.601367 0.030000 6.686308 0.030000 7.012776 0.030000 6.953365 0.030000 2.741542 0.030000 2.921224 0.030000 3.822335 0.030000 3.576652 0.030000 3.352649 0.030000 3.464418 0.030000 4.414990 0.030000 4.164213 0.030000 1.403365 0.030000 1.270744 0.030000
6.608527 0.030000 6.628791 0.030000 7.085673 0.030000 7.045348 0.030000 2.677639 0.030000 2.917429 0.030000 3.787988 0.030000 3.547418 0.030000 3.327836 0.030000 3.521973 0.030000 4.338277 0.030000 4.162506 0.030000 1.407473 0.030000 1.238495 0.030000
6.540583 0.030000 6.629158 0.030000 7.085788 0.030000 7.005298 0.030000 2.659021 0.030000 2.862396 0.030000 3.866405 0.030000 4.011568 0.150000 3.255513 0.030000 3.416527 0.030000 4.188934 0.150000 4.352929 0.150000 1.361526 0.030000 1.346976 0.030000
6.573650 0.030000 6.706281 0.030000 7.387080 0.150000 6.993683 0.030000 2.671121 0.030000 2.863440 0.030000 4.208593 0.150000 3.641282 0.030000 3.280621 0.030000 3.420429 0.030000 4.441017 0.030000 4.346987 0.150000 1.851581 0.150000 1.307701 0.030000
6.593403 0.030000 6.874125 0.150000 7.125267 0.030000 7.521392 0.150000 2.628861 0.030000 2.824486 0.030000 3.915230 0.030000 3.686553 0.030000 3.237775 0.030000 3.389473 0.030000 4.434607 0.030000 4.244232 0.030000 1.438958 0.030000 1.351988 0.030000
6.514228 0.030000 6.562134 0.030000 8.046860 0.150000 7.028736 0.030000 2.589113 0.030000 3.247507 0.150000 3.925900 0.030000 3.670957 0.030000 3.245462 0.030000 3.383832 0.030000 4.468443 0.030000 4.287733 0.030000 1.491485 0.030000 1.361775 0.030000
6.512535 0.030000 6.608376 0.030000 7.234885 0.030000 7.048226 0.030000 2.550597 0.030000 2.805919 0.030000 3.953594 0.030000 3.689241 0.030000 3.207207 0.030000 3.416483 0.030000 4.555265 0.030000 4.555243 0.150000 1.525155 0.030000 1.364482 0.030000
6.490632 0.030000 6.622745 0.030000 7.675127 0.150000 7.085198 0.030000 2.474355 0.030000 2.692060 0.030000 4.022941 0.030000 4.487995 0.150000 3.188626 0.030000 3.346174 0.030000 4.556864 0.030000 4.342611 0.030000 1.489422 0.030000 1.324340 0.030000
6.494889 0.030000 6.621883 0.030000 7.164552 0.030000 7.090366 0.030000 2.541027 0.030000 2.769660 0.030000 4.058376 0.030000 3.802657 0.030000 3.143246 0.030000 3.293720 0.030000 4.573527 0.030000 4.345224 0.030000 1.563778 0.030000 1.356502 0.030000
7.076176 0.150000 6.654665 0.030000 7.499263 0.150000 7.091239 0.030000 2.484407 0.030000 2.725787 0.030000 4.060799 0.030000 3.779002 0.030000 3.154482 0.030000 3.335015 0.030000 4.578729 0.030000 4.365251 0.030000 1.460931 0.030000 1.409857 0.030000
6.518662 0.030000 6.605775 0.030000 7.180635 0.030000 7.128751 0.030000 2.472465 0.030000 2.608061 0.030000 4.069336 0.030000 3.832079 0.030000 3.079067 0.150000 3.269507 0.030000 4.601005 0.030000 4.397129 0.030000 1.569526 0.030000 1.380556 0.030000
6.476349 0.030000 6.553889 0.030000 7.271044 0.030000 7.074585 0.030000 2.462887 0.030000 2.640698 0.030000 4.147436 0.030000 3.852410 0.150000 3.201330 0.030000 3.290141 0.030000 4.658727 0.030000 4.442789 0.150000 1.806622 0.150000 1.423476 0.030000
6.467201 0.030000 6.499002 0.030000 7.055731 0.150000 7.120919 0.030000 2.412603 0.030000 2.669732 0.030000 4.183479 0.030000 3.960823 0.030000 3.074343 0.030000 3.271387 0.030000 4.717707 0.030000 4.449935 0.030000 1.591116 0.030000 1.262665 0.150000
6.478198 0.030000 6.529821 0.030000 7.322735 0.030000 6.785945 0.150000 2.310406 0.030000 2.574825 0.030000 5.976334 0.150000 3.934429 0.030000 3.028524 0.030000 3.207238 0.150000 4.682860 0.030000 4.523157 0.030000 1.739592 0.150000 1.430344 0.030000
6.471475 0.030000 6.505666 0.030000 7.302584 0.030000 7.178883 0.030000 2.346881 0.030000 2.592858 0.030000 4.220874 0.030000 4.496643 0.150000 3.105244 0.030000 3.292262 0.030000 4.710720 0.030000 4.514870 0.030000 1.589538 0.030000 1.480125 0.030000
6.434822 0.030000 6.543571 0.030000 7.297838 0.030000 7.235181 0.030000 2.309227 0.030000 2.575914 0.030000 4.794214 0.150000 4.008671 0.030000 3.041856 0.030000 3.196182 0.030000 4.744651 0.030000 4.504385 0.030000 1.634438 0.030000 1.515799 0.030000
6.509591 0.030000 6.521032 0.030000 7.305135 0.030000 7.175917 0.030000 2.717540 0.150000 2.501695 0.030000 4.275786 0.030000 4.020525 0.030000 3.003321 0.030000 3.149906 0.030000 4.787312 0.030000 4.527765 0.150000 1.709220 0.030000 1.503236 0.030000
6.417942 0.030000 6.519832 0.030000 7.325700 0.030000 7.211775 0.030000 2.321324 0.030000 2.492324 0.030000 4.282515 0.030000 4.758595 0.150000 3.057311 0.030000 3.131718 0.030000 4.818505 0.030000 4.564147 0.030000 1.669111 0.030000 1.533458 0.030000
6.357031 0.030000 6.455621 0.030000 7.340473 0.030000 7.204026 0.030000 2.251571 0.030000 2.519964 0.030000 4.316229 0.030000 4.046897 0.030000 3.739125 0.150000 3.115225 0.030000 4.791099 0.030000 4.620976 0.030000 1.708009 0.030000 2.248011 0.150000
6.404471 0.030000 6.471659 0.030000 7.375287 0.030000 7.209089 0.030000 2.176926 0.030000 2.483578 0.030000 4.349037 0.030000 3.932867 0.150000 2.989286 0.030000 3.129753 0.030000 4.823495 0.030000 4.624752 0.030000 1.832321 0.030000 1.585267 0.030000
6.323417 0.030000 6.460327 0.030000 7.387024 0.030000 7.224616 0.030000 2.222922 0.030000 2.417626 0.030000 4.334022 0.030000 4.154454 0.030000 2.904704 0.030000 3.103892 0.030000 5.078682 0.150000 4.680947 0.030000 1.745515 0.030000 1.572023 0.030000
6.350166 0.030000 6.449364 0.030000 7.380415 0.030000 7.289626 0.030000 2.183858 0.030000 2.312166 0.030000 4.675591 0.150000 4.904040 0.150000 2.935613 0.030000 3.106232 0.030000 4.895740 0.030000 4.626656 0.030000 1.781048 0.030000 1.625255 0.030000
6.324401 0.030000 6.489168 0.030000 7.311649 0.150000 7.314688 0.030000 2.169477 0.030000 2.363729 0.030000 4.422953 0.030000 4.180214 0.030000 2.852512 0.030000 3.076376 0.030000 5.006269 0.030000 4.722139 0.030000 1.825548 0.030000 1.652025 0.150000
6.352285 0.030000 6.441364 0.030000 7.451680 0.030000 7.312382 0.030000 2.171472 0.030000 2.318762 0.030000 4.905602 0.150000 4.257258 0.030000 2.855503 0.030000 3.086105 0.030000 4.947780 0.030000 4.735706 0.030000 1.827586 0.030000 1.655216 0.030000
6.359498 0.030000 6.465230 0.030000 7.471932 0.030000 7.317486 0.030000 2.062308 0.030000 2.299174 0.030000 4.524770 0.030000 4.214019 0.030000 2.857387 0.030000 3.008654 0.030000 5.279114 0.150000 4.733365 0.030000 1.862644 0.030000 1.738758 0.030000
6.321515 0.030000 6.412609 0.030000 7.812578 0.150000 7.377213 0.030000 2.084774 0.030000 2.320929 0.030000 4.521444 0.030000 4.267735 0.030000 2.922348 0.030000 3.003296 0.030000 5.046319 0.030000 4.786046 0.030000 1.878355 0.030000 1.684231 0.030000
6.282232 0.030000 6.377859 0.030000 7.530034 0.030000 7.341573 0.150000 2.039850 0.030000 2.532196 0.150000 4.566178 0.030000 4.361891 0.030000 2.800036 0.030000 2.997683 0.030000 5.020115 0.030000 4.845043 0.030000 1.848591 0.030000 1.724137 0.030000
6.314264 0.030000 6.399290 0.030000 7.535159 0.030000 7.316147 0.030000 2.060812 0.030000 2.163923 0.030000 4.554017 0.030000 4.335742 0.030000 2.797281 0.030000 2.964755 0.030000 5.041065 0.030000 4.837640 0.030000 1.952330 0.030000 1.720697 0.030000
6.323198 0.030000 6.381341 0.030000 7.588803 0.030000 7.357261 0.030000 1.996532 0.030000 3.073380 0.150000 4.642910 0.030000 4.324591 0.030000 2.784112 0.030000 3.549644 0.150000 5.118743 0.030000 4.838650 0.030000 1.979263 0.030000 1.718087 0.030000
6.287329 0.030000 6.362005 0.030000 7.556918 0.030000 7.371860 0.030000 1.971272 0.030000 2.367131 0.150000 4.657926 0.030000 4.410790 0.030000 2.809766 0.030000 2.951307 0.030000 4.932167 0.150000 4.941525 0.030000 1.935377 0.030000 1.757973 0.030000
6.296210 0.030000 6.372498 0.030000 7.579024 0.030000 7.455418 0.030000 1.918738 0.030000 2.183163 0.030000 4.648845 0.030000 4.431728 0.030000 2.760125 0.030000 2.874333 0.030000 5.136380 0.030000 4.906459 0.030000 1.975363 0.030000 1.853992 0.030000
6.306543 0.030000 6.372384 0.030000 7.628113 0.150000 7.457878 0.030000 1.861613 0.030000 2.112595 0.150000 4.744177 0.030000 4.419049 0.030000 2.721588 0.030000 3.021062 0.150000 5.582398 0.150000 4.954275 0.030000 2.048510 0.030000 1.807906 0.030000
6.324430 0.030000 6.389663 0.030000 7.589190 0.030000 7.435708 0.030000 1.907005 0.030000 2.188861 0.030000 4.691110 0.030000 4.798317 0.150000 2.736254 0.030000 2.890609 0.030000 5.220088 0.030000 4.955308 0.030000 2.288429 0.150000 1.827294 0.030000
6.306119 0.030000 6.314005 0.030000 7.616235 0.030000 7.474100 0.030000 1.918864 0.030000 2.145762 0.030000 4.749832 0.030000 4.483200 0.030000 2.737227 0.030000 2.795207 0.150000 5.179954 0.030000 4.978507 0.030000 2.757526 0.150000 1.825016 0.030000
6.254528 0.030000 6.385054 0.030000 7.622260 0.030000 7.479067 0.030000 1.928056 0.030000 2.076392 0.030000 4.742467 0.030000 4.526715 0.030000 2.720245 0.030000 2.869415 0.030000 5.290308 0.030000 5.016951 0.030000 2.104595 0.030000 1.914927 0.030000
6.234153 0.030000 6.347880 0.030000 7.576595 0.030000 7.453414 0.030000 1.818952 0.030000 2.026558 0.030000 4.812697 0.030000 4.500702 0.030000 2.656921 0.030000 2.831364 0.030000 5.283212 0.030000 5.067060 0.030000 2.089974 0.030000 1.927036 0.030000
6.266265 0.030000 6.343632 0.030000 7.832061 0.150000 7.460439 0.030000 1.862159 0.030000 2.092731 0.030000 4.838613 0.030000 4.567121 0.030000 2.679772 0.030000 2.848599 0.030000 5.221574 0.030000 4.987667 0.030000 2.116121 0.030000 2.857387 0.150000
6.281702 0.030000 6.293993 0.030000 7.550851 0.030000 7.497072 0.030000 1.837264 0.030000 2.049670 0.030000 4.808884 0.030000 4.592457 0.030000 2.655165 0.030000 2.806541 0.030000 5.279343 0.030000 5.020355 0.030000 2.136243 0.030000 1.888073 0.030000
6.215073 0.030000 6.337906 0.030000 7.713645 0.030000 7.498120 0.030000 1.810175 0.030000 2.086219 0.150000 4.861820 0.030000 4.601520 0.030000 2.665922 0.030000 2.838196 0.030000 5.294879 0.030000 5.055324 0.030000 2.178515 0.030000 1.987843 0.030000
7.308139 0.150000 6.318741 0.030000 7.679545 0.030000 7.514375 0.030000 1.784129 0.030000 1.985599 0.030000 4.850577 0.030000 4.608810 0.030000 2.718964 0.030000 2.797467 0.030000 5.312722 0.030000 5.074437 0.030000 2.142420 0.030000 1.985458 0.030000
6.282839 0.030000 7.061839 0.150000 7.713419 0.030000 7.583417 0.030000 1.735772 0.030000 1.964204 0.030000 4.915811 0.030000 4.674573 0.030000 2.653523 0.030000 2.814814 0.030000 5.391652 0.030000 5.148849 0.030000 2.201884 0.030000 2.451019 0.150000
6.292967 0.030000 6.327871 0.030000 7.711919 0.030000 7.536253 0.030000 1.786931 0.030000 1.957391 0.030000 4.903084 0.030000 4.697624 0.030000 2.679007 0.030000 2.762387 0.030000 5.363980 0.030000 6.851263 0.150000 2.191381 0.030000 1.998515 0.030000
6.249202 0.030000 6.327639 0.030000 7.734766 0.030000 7.565532 0.030000 1.782976 0.030000 1.898468 0.030000 4.980816 0.030000 4.674353 0.030000 2.654257 0.030000 2.771956 0.030000 5.404884 0.030000 5.187501 0.030000 2.188631 0.030000 2.254987 0.150000
6.237569 0.030000 6.261051 0.030000 7.713916 0.030000 7.899863 0.150000 1.782379 0.030000 2.234559 0.150000 4.938817 0.030000 4.745938 0.030000 2.618949 0.030000 2.729506 0.150000 5.406210 0.030000 5.147677 0.030000 2.240651 0.030000 2.006411 0.030000
6.183852 0.030000 6.303110 0.030000 7.716866 0.030000 7.625798 0.030000 1.720217 0.030000 1.910629 0.030000 4.954720 0.030000 4.683149 0.030000 2.581715 0.030000 2.726421 0.030000 5.374829 0.030000 5.194057 0.030000 2.595225 0.150000 2.041009 0.030000
6.279797 0.030000 6.308922 0.030000 7.742191 0.030000 7.637256 0.030000 1.703926 0.030000 1.933531 0.030000 5.016336 0.030000 4.697014 0.030000 2.569357 0.030000 3.788327 0.150000 5.459398 0.030000 5.186157 0.030000 2.250946 0.030000 2.101405 0.030000
6.228952 0.030000 6.234037 0.030000 7.787895 0.030000 7.654184 0.030000 1.721850 0.030000 1.915910 0.030000 5.012343 0.030000 4.749247 0.030000 2.587265 0.030000 2.699700 0.030000 5.450963 0.030000 5.221466 0.030000 2.304744 0.030000 2.068412 0.030000
6.311153 0.030000 6.269865 0.030000 7.778971 0.030000 7.659887 0.030000 1.694556 0.030000 2.148278 0.150000 5.009882 0.030000 5.108194 0.150000 2.766999 0.150000 2.706014 0.030000 5.478526 0.030000 5.236726 0.030000 2.281865 0.030000 2.068614 0.030000
6.194441 0.030000 6.272870 0.030000 7.814798 0.030000 7.617781 0.030000 1.842432 0.150000 1.933145 0.030000 5.052087 0.030000 4.792631 0.030000 2.579946 0.030000 3.113717 0.150000 5.442734 0.030000 5.249193 0.030000 2.284215 0.030000 2.127287 0.030000
6.263316 0.030000 6.285311 0.030000 7.793339 0.030000 7.636766 0.030000 1.702360 0.150000 1.845841 0.030000 5.026699 0.030000 4.827088 0.030000 2.570419 0.030000 2.723145 0.030000 5.493654 0.030000 5.228898 0.030000 2.364439 0.030000 2.148165 0.030000
6.267613 0.030000 6.299029 0.030000 7.824625 0.030000 7.675081 0.030000 1.676878 0.030000 1.816307 0.030000 5.124027 0.030000 4.804985 0.030000 2.573342 0.030000 2.716157 0.030000 5.525859 0.030000 5.268800 0.030000 2.537126 0.150000 2.091012 0.030000
8.128770 0.150000 6.268929 0.030000 7.835865 0.030000 7.681653 0.030000 1.617998 0.030000 2.359569 0.150000 5.424173 0.150000 4.840456 0.030000 2.537791 0.030000 2.682327 0.030000 5.478400 0.030000 5.361623 0.030000 2.339857 0.030000 2.144083 0.030000
6.153809 0.030000 7.216406 0.150000 7.811712 0.030000 7.672525 0.030000 1.652679 0.030000 1.812397 0.030000 5.055782 0.030000 4.841640 0.030000 2.563845 0.030000 2.676686 0.030000 5.537348 0.030000 5.296390 0.030000 2.323969 0.030000 2.228216 0.030000
6.260022 0.030000 6.274150 0.030000 7.799248 0.030000 7.697691 0.030000 1.629204 0.030000 1.864267 0.030000 5.103472 0.030000 4.923644 0.030000 2.567585 0.030000 2.610276 0.030000 5.532870 0.030000 5.339746 0.030000 2.400422 0.030000 2.177295 0.030000
6.153235 0.030000 6.310218 0.030000 7.776377 0.030000 7.650882 0.030000 1.644906 0.030000 1.830575 0.030000 5.123953 0.030000 4.867361 0.030000 2.548044 0.030000 2.653511 0.030000 5.632786 0.150000 5.384533 0.030000 2.356022 0.030000 2.213090 0.030000
6.556744 0.150000 6.248851 0.030000 7.883681 0.030000 7.703462 0.030000 1.610170 0.030000 1.754651 0.030000 5.085463 0.030000 4.885575 0.030000 2.498246 0.030000 3.105625 0.150000 5.569740 0.030000 5.313153 0.030000 2.453774 0.030000 2.203427 0.030000
6.158698 0.030000 6.475789 0.150000 8.391744 0.150000 8.584324 0.150000 1.652233 0.030000 1.745212 0.030000 5.672765 0.150000 4.856561 0.030000 2.563435 0.030000 2.770026 0.150000 5.588875 0.030000 5.373088 0.030000 2.345798 0.030000 2.112256 0.150000
6.154434 0.030000 6.271881 0.150000 7.876033 0.030000 7.757131 0.030000 1.604623 0.030000 1.793745 0.030000 5.156262 0.030000 4.913190 0.030000 2.548955 0.030000 2.615116 0.030000 5.585105 0.030000 5.389898 0.030000 2.448082 0.030000 2.208387 0.030000
6.209647 0.030000 6.234227 0.030000 7.829918 0.030000 7.687493 0.030000 1.581516 0.030000 1.802711 0.030000 5.205405 0.150000 4.914803 0.030000 2.515033 0.030000 2.682006 0.030000 5.608902 0.030000 5.383621 0.030000 2.481100 0.030000 2.224556 0.030000
6.621073 0.150000 6.240893 0.030000 7.867094 0.030000 7.922732 0.150000 1.603089 0.030000 1.805425 0.030000 5.227613 0.030000 4.970105 0.030000 2.531488 0.030000 2.629381 0.030000 5.600430 0.030000 5.386226 0.030000 2.416341 0.030000 2.238006 0.030000
6.242470 0.030000 6.198810 0.030000 7.884142 0.030000 7.685035 0.030000 1.590326 0.030000 1.788381 0.030000 5.174130 0.030000 4.985191 0.030000 2.526540 0.030000 2.618486 0.030000 5.626428 0.030000 5.366176 0.030000 2.427192 0.030000 2.196322 0.030000
6.220516 0.030000 6.212443 0.030000 7.920999 0.030000 7.803902 0.030000 1.601087 0.030000 1.815356 0.030000 5.217367 0.150000 4.895527 0.030000 2.483079 0.030000 2.647907 0.030000 5.666680 0.030000 5.432437 0.030000 2.435936 0.030000 2.237196 0.030000
6.187322 0.030000 6.550047 0.150000 7.914130 0.030000 7.784079 0.030000 1.559413 0.030000 1.732803 0.030000 5.186605 0.030000 4.961492 0.030000 2.517855 0.030000 2.646895 0.030000 5.622611 0.030000 5.445381 0.030000 2.435802 0.030000 3.198004 0.150000
