contdir;contesq;veldir;velesq;disdir;diseq;tmp
0;0;0;0;0;0;0
20;20;4.09;4.09;0.41;0.41;131
25;26;5.11;5.32;0.51;0.53;242
27;26;5.52;5.32;0.55;0.53;353
27;27;5.52;5.52;0.55;0.55;464
35;31;7.16;6.34;0.72;0.63;597
28;27;5.73;5.52;0.57;0.55;706
26;28;5.32;5.73;0.53;0.57;815
29;28;5.93;5.73;0.59;0.57;924
26;27;5.32;5.52;0.53;0.55;1033
31;29;6.34;5.93;0.63;0.59;1144
27;27;5.52;5.52;0.55;0.55;1253
26;28;5.32;5.73;0.53;0.57;1362
28;27;5.73;5.52;0.57;0.55;1471
26;28;5.32;5.73;0.53;0.57;1580
20;37;4.09;7.57;0.41;0.76;1691
23;33;4.71;6.75;0.47;0.68;1800
26;28;5.32;5.73;0.53;0.57;1909
21;34;4.3;6.96;0.43;0.7;2018
18;37;3.68;7.57;0.37;0.76;2130
25;29;5.11;5.93;0.51;0.59;2239
28;28;5.73;5.73;0.57;0.57;2348
27;28;5.52;5.73;0.55;0.57;2457
27;27;5.52;5.52;0.55;0.55;2566
24;30;4.91;6.14;0.49;0.61;2675
18;35;3.68;7.16;0.37;0.72;2784
26;28;5.32;5.73;0.53;0.57;2893
28;27;5.73;5.52;0.57;0.55;3002
27;27;5.52;5.52;0.55;0.55;3111
28;27;5.73;5.52;0.57;0.55;3222
28;26;5.73;5.32;0.57;0.53;3331
30;29;6.14;5.93;0.61;0.59;3442
27;27;5.52;5.52;0.55;0.55;3551
28;30;5.73;6.14;0.57;0.61;3668
28;28;5.73;5.73;0.57;0.57;3777
30;28;6.14;5.73;0.61;0.57;3886
29;28;5.93;5.73;0.59;0.57;3995
28;28;5.73;5.73;0.57;0.57;4104
24;39;4.91;7.98;0.49;0.8;4222
23;40;4.71;8.18;0.47;0.82;4331
57;6;11.66;1.23;1.17;0.12;4440
45;6;9.21;1.23;0.92;0.12;4549
28;27;5.73;5.52;0.57;0.55;4658
27;29;5.52;5.93;0.55;0.59;4767
26;27;5.32;5.52;0.53;0.55;4876
27;26;5.52;5.32;0.55;0.53;4985
29;27;5.93;5.52;0.59;0.55;5096
28;27;5.73;5.52;0.57;0.55;5205
29;28;5.93;5.73;0.59;0.57;5323
27;26;5.52;5.32;0.55;0.53;5432
29;26;5.93;5.32;0.59;0.53;5541
28;27;5.73;5.52;0.57;0.55;5650
28;26;5.73;5.32;0.57;0.53;5759
28;26;5.73;5.32;0.57;0.53;5868
28;27;5.73;5.52;0.57;0.55;5977
28;28;5.73;5.73;0.57;0.57;6086
28;26;5.73;5.32;0.57;0.53;6195
29;28;5.93;5.73;0.59;0.57;6307
28;26;5.73;5.32;0.57;0.53;6416
29;27;5.93;5.52;0.59;0.55;6525
28;27;5.73;5.52;0.57;0.55;6634
27;26;5.52;5.32;0.55;0.53;6743
30;27;6.14;5.52;0.61;0.55;6854
28;27;5.73;5.52;0.57;0.55;6963
29;26;5.93;5.32;0.59;0.53;7072
28;27;5.73;5.52;0.57;0.55;7181
30;27;6.14;5.52;0.61;0.55;7290
28;27;5.73;5.52;0.57;0.55;7401
28;26;5.73;5.32;0.57;0.53;7510
28;27;5.73;5.52;0.57;0.55;7619
28;27;5.73;5.52;0.57;0.55;7728
28;27;5.73;5.52;0.57;0.55;7837
29;26;5.93;5.32;0.59;0.53;7946
29;26;5.93;5.32;0.59;0.53;8055
28;27;5.73;5.52;0.57;0.55;8164
30;28;6.14;5.73;0.61;0.57;8280
28;28;5.73;5.73;0.57;0.57;8392
29;27;5.93;5.52;0.59;0.55;8503
28;27;5.73;5.52;0.57;0.55;8612
28;27;5.73;5.52;0.57;0.55;8721
28;26;5.73;5.32;0.57;0.53;8830
28;27;5.73;5.52;0.57;0.55;8939
27;25;5.52;5.11;0.55;0.51;9048
27;26;5.52;5.32;0.55;0.53;9157
28;27;5.73;5.52;0.57;0.55;9266
27;26;5.52;5.32;0.55;0.53;9375
28;27;5.73;5.52;0.57;0.55;9486
28;26;5.73;5.32;0.57;0.53;9595
31;26;6.34;5.32;0.63;0.53;9704
28;26;5.73;5.32;0.57;0.53;9813
28;26;5.73;5.32;0.57;0.53;9922
28;27;5.73;5.52;0.57;0.55;10031
32;26;6.55;5.32;0.65;0.53;10140
28;27;5.73;5.52;0.57;0.55;10251
29;27;5.93;5.52;0.59;0.55;10361
28;27;5.73;5.52;0.57;0.55;10473
28;27;5.73;5.52;0.57;0.55;10582
29;27;5.93;5.52;0.59;0.55;10691
27;26;5.52;5.32;0.55;0.53;10800
29;27;5.93;5.52;0.59;0.55;10909
30;27;6.14;5.52;0.61;0.55;11018
28;27;5.73;5.52;0.57;0.55;11127
30;27;6.14;5.52;0.61;0.55;11236
27;26;5.52;5.32;0.55;0.53;11345
15;42;3.07;8.59;0.31;0.86;11454
22;34;4.5;6.96;0.45;0.7;11565
27;27;5.52;5.52;0.55;0.55;11674
26;29;5.32;5.93;0.53;0.59;11783
21;33;4.3;6.75;0.43;0.68;11892
23;31;4.71;6.34;0.47;0.63;11999
27;27;5.52;5.52;0.55;0.55;12108
27;27;5.52;5.52;0.55;0.55;12217
26;27;5.32;5.52;0.53;0.55;12326
28;28;5.73;5.73;0.57;0.57;12435
28;28;5.73;5.73;0.57;0.57;12547
24;31;4.91;6.34;0.49;0.63;12656
24;31;4.91;6.34;0.49;0.63;12765
31;31;6.34;6.34;0.63;0.63;12888
28;27;5.73;5.52;0.57;0.55;12997
27;27;5.52;5.52;0.55;0.55;13106
27;27;5.52;5.52;0.55;0.55;13215
26;28;5.32;5.73;0.53;0.57;13324
27;27;5.52;5.52;0.55;0.55;13433
23;29;4.71;5.93;0.47;0.59;13542
20;39;4.09;7.98;0.41;0.8;13662
26;27;5.32;5.52;0.53;0.55;13771
29;28;5.93;5.73;0.59;0.57;13880
27;28;5.52;5.73;0.55;0.57;13989
27;27;5.52;5.52;0.55;0.55;14098
26;27;5.32;5.52;0.53;0.55;14207
26;27;5.32;5.52;0.53;0.55;14316
26;28;5.32;5.73;0.53;0.57;14425
28;27;5.73;5.52;0.57;0.55;14534
30;30;6.14;6.14;0.61;0.61;14653
28;28;5.73;5.73;0.57;0.57;14762
27;27;5.52;5.52;0.55;0.55;14871
26;26;5.32;5.32;0.53;0.53;14980
29;27;5.93;5.52;0.59;0.55;15089
27;27;5.52;5.52;0.55;0.55;15198
27;27;5.52;5.52;0.55;0.55;15307
29;27;5.93;5.52;0.59;0.55;15418
27;26;5.52;5.32;0.55;0.53;15527
26;26;5.32;5.32;0.53;0.53;15636
27;27;5.52;5.52;0.55;0.55;15747
28;27;5.73;5.52;0.57;0.55;15856
27;27;5.52;5.52;0.55;0.55;15965
26;27;5.32;5.52;0.53;0.55;16074
27;27;5.52;5.52;0.55;0.55;16183
31;26;6.34;5.32;0.63;0.53;16292
26;26;5.32;5.32;0.53;0.53;16401
26;26;5.32;5.32;0.53;0.53;16510
28;28;5.73;5.73;0.57;0.57;16619
27;27;5.52;5.52;0.55;0.55;16731
26;27;5.32;5.52;0.53;0.55;16840
28;27;5.73;5.52;0.57;0.55;16949
28;27;5.73;5.52;0.57;0.55;17060
27;27;5.52;5.52;0.55;0.55;17169
29;27;5.93;5.52;0.59;0.55;17278
29;29;5.93;5.93;0.59;0.59;17396
29;27;5.93;5.52;0.59;0.55;17505
26;26;5.32;5.32;0.53;0.53;17614
26;27;5.32;5.52;0.53;0.55;17723
27;27;5.52;5.52;0.55;0.55;17834
27;26;5.52;5.32;0.55;0.53;17943
33;23;6.75;4.71;0.68;0.47;18052
39;16;7.98;3.27;0.8;0.33;18161
27;26;5.52;5.32;0.55;0.53;18270
28;27;5.73;5.52;0.57;0.55;18379
28;26;5.73;5.32;0.57;0.53;18488
27;26;5.52;5.32;0.55;0.53;18597
28;25;5.73;5.11;0.57;0.51;18706
29;27;5.93;5.52;0.59;0.55;18820
35;21;7.16;4.3;0.72;0.43;18929
32;22;6.55;4.5;0.65;0.45;19038
27;27;5.52;5.52;0.55;0.55;19147
28;26;5.73;5.32;0.57;0.53;19256
27;26;5.52;5.32;0.55;0.53;19365
28;27;5.73;5.52;0.57;0.55;19474
27;26;5.52;5.32;0.55;0.53;19583
27;26;5.52;5.32;0.55;0.53;19692
27;26;5.52;5.32;0.55;0.53;19801
27;27;5.52;5.52;0.55;0.55;19912
27;26;5.52;5.32;0.55;0.53;20021
27;26;5.52;5.32;0.55;0.53;20130
27;26;5.52;5.32;0.55;0.53;20239
28;26;5.73;5.32;0.57;0.53;20348
28;27;5.73;5.52;0.57;0.55;20459
27;25;5.52;5.11;0.55;0.51;20568
27;26;5.52;5.32;0.55;0.53;20677
29;27;5.93;5.52;0.59;0.55;20786
28;26;5.73;5.32;0.57;0.53;20898
28;26;5.73;5.32;0.57;0.53;21007
27;26;5.52;5.32;0.55;0.53;21116
28;25;5.73;5.11;0.57;0.51;21225
27;26;5.52;5.32;0.55;0.53;21334
28;26;5.73;5.32;0.57;0.53;21443
27;26;5.52;5.32;0.55;0.53;21552
27;26;5.52;5.32;0.55;0.53;21661
27;26;5.52;5.32;0.55;0.53;21770
27;25;5.52;5.11;0.55;0.51;21879
29;28;5.93;5.73;0.59;0.57;22000
27;26;5.52;5.32;0.55;0.53;22109
27;26;5.52;5.32;0.55;0.53;22220
27;25;5.52;5.11;0.55;0.51;22329
27;25;5.52;5.11;0.55;0.51;22438
27;25;5.52;5.11;0.55;0.51;22547
27;26;5.52;5.32;0.55;0.53;22656
28;26;5.73;5.32;0.57;0.53;22765
28;25;5.73;5.11;0.57;0.51;22874
27;27;5.52;5.52;0.55;0.55;22986
28;26;5.73;5.32;0.57;0.53;23095
28;25;5.73;5.11;0.57;0.51;23204
28;26;5.73;5.32;0.57;0.53;23313
27;26;5.52;5.32;0.55;0.53;23422
27;26;5.52;5.32;0.55;0.53;23531
27;25;5.52;5.11;0.55;0.51;23640
26;26;5.32;5.32;0.53;0.53;23749
28;26;5.73;5.32;0.57;0.53;23860
27;26;5.52;5.32;0.55;0.53;23969
27;26;5.52;5.32;0.55;0.53;24080
27;26;5.52;5.32;0.55;0.53;24189
27;26;5.52;5.32;0.55;0.53;24298
26;26;5.32;5.32;0.53;0.53;24407
27;26;5.52;5.32;0.55;0.53;24516
26;26;5.32;5.32;0.53;0.53;24625
27;24;5.52;4.91;0.55;0.49;24734
27;27;5.52;5.52;0.55;0.55;24843
26;25;5.32;5.11;0.53;0.51;24952
29;27;5.93;5.52;0.59;0.55;25064
27;26;5.52;5.32;0.55;0.53;25173
27;26;5.52;5.32;0.55;0.53;25282
27;27;5.52;5.52;0.55;0.55;25391
28;27;5.73;5.52;0.57;0.55;25500
18;38;3.68;7.77;0.37;0.78;25611
21;31;4.3;6.34;0.43;0.63;25720
27;27;5.52;5.52;0.55;0.55;25829
26;26;5.32;5.32;0.53;0.53;25938
25;27;5.11;5.52;0.51;0.55;26047
26;27;5.32;5.52;0.53;0.55;26158
26;27;5.32;5.52;0.53;0.55;26267
27;28;5.52;5.73;0.55;0.57;26376
26;27;5.32;5.52;0.53;0.55;26485
28;28;5.73;5.73;0.57;0.57;26603
25;27;5.11;5.52;0.51;0.55;26712
26;26;5.32;5.32;0.53;0.53;26821
28;27;5.73;5.52;0.57;0.55;26930
25;26;5.11;5.32;0.51;0.53;27039
28;27;5.73;5.52;0.57;0.55;27151
27;27;5.52;5.52;0.55;0.55;27262
27;27;5.52;5.52;0.55;0.55;27371
27;27;5.52;5.52;0.55;0.55;27480
26;26;5.32;5.32;0.53;0.53;27589
25;27;5.11;5.52;0.51;0.55;27698
26;26;5.32;5.32;0.53;0.53;27807
26;26;5.32;5.32;0.53;0.53;27916
25;27;5.11;5.52;0.51;0.55;28025
26;26;5.32;5.32;0.53;0.53;28134
28;27;5.73;5.52;0.57;0.55;28245
26;26;5.32;5.32;0.53;0.53;28354
26;26;5.32;5.32;0.53;0.53;28463
25;27;5.11;5.52;0.51;0.55;28572
27;27;5.52;5.52;0.55;0.55;28681
24;29;4.91;5.93;0.49;0.59;28790
18;37;3.68;7.57;0.37;0.76;28899
23;32;4.71;6.55;0.47;0.65;29010
26;27;5.32;5.52;0.53;0.55;29119
28;27;5.73;5.52;0.57;0.55;29231
26;27;5.32;5.52;0.53;0.55;29340
28;26;5.73;5.32;0.57;0.53;29449
25;27;5.11;5.52;0.51;0.55;29558
27;27;5.52;5.52;0.55;0.55;29667
26;26;5.32;5.32;0.53;0.53;29776
25;26;5.11;5.32;0.51;0.53;29885
25;26;5.11;5.32;0.51;0.53;29994
25;26;5.11;5.32;0.51;0.53;30103
25;26;5.11;5.32;0.51;0.53;30212
26;28;5.32;5.73;0.53;0.57;30323
26;26;5.32;5.32;0.53;0.53;30432
26;27;5.32;5.52;0.53;0.55;30541
25;27;5.11;5.52;0.51;0.55;30652
27;27;5.52;5.52;0.55;0.55;30761
26;25;5.32;5.11;0.53;0.51;30870
26;26;5.32;5.32;0.53;0.53;30979
29;29;5.93;5.93;0.59;0.59;31097
29;26;5.93;5.32;0.59;0.53;31206
27;27;5.52;5.52;0.55;0.55;31318
28;27;5.73;5.52;0.57;0.55;31427
25;26;5.11;5.32;0.51;0.53;31536
26;26;5.32;5.32;0.53;0.53;31645
27;26;5.52;5.32;0.55;0.53;31754
26;26;5.32;5.32;0.53;0.53;31863
26;26;5.32;5.32;0.53;0.53;31972
25;26;5.11;5.32;0.51;0.53;32081
26;25;5.32;5.11;0.53;0.51;32190
25;26;5.11;5.32;0.51;0.53;32299
27;26;5.52;5.32;0.55;0.53;32412
26;26;5.32;5.32;0.53;0.53;32521
27;27;5.52;5.52;0.55;0.55;32630
25;26;5.11;5.32;0.51;0.53;32739
27;26;5.52;5.32;0.55;0.53;32848
26;26;5.32;5.32;0.53;0.53;32957
26;27;5.32;5.52;0.53;0.55;33066
26;27;5.32;5.52;0.53;0.55;33175
26;26;5.32;5.32;0.53;0.53;33284
27;26;5.52;5.32;0.55;0.53;33396
26;26;5.32;5.32;0.53;0.53;33505
27;26;5.52;5.32;0.55;0.53;33614
27;26;5.52;5.32;0.55;0.53;33723
27;26;5.52;5.32;0.55;0.53;33832
25;25;5.11;5.11;0.51;0.51;33941
27;26;5.52;5.32;0.55;0.53;34052
26;26;5.32;5.32;0.53;0.53;34161
32;22;6.55;4.5;0.65;0.45;34270
33;19;6.75;3.89;0.68;0.39;34379
27;25;5.52;5.11;0.55;0.51;34490
25;26;5.11;5.32;0.51;0.53;34599
27;26;5.52;5.32;0.55;0.53;34708
28;25;5.73;5.11;0.57;0.51;34817
26;26;5.32;5.32;0.53;0.53;34926
29;24;5.93;4.91;0.59;0.49;35035
37;16;7.57;3.27;0.76;0.33;35144
37;16;7.57;3.27;0.76;0.33;35253
31;22;6.34;4.5;0.63;0.45;35362
27;28;5.52;5.73;0.55;0.57;35474
25;26;5.11;5.32;0.51;0.53;35583
28;28;5.73;5.73;0.57;0.57;35701
26;26;5.32;5.32;0.53;0.53;35812
27;25;5.52;5.11;0.55;0.51;35921
26;25;5.32;5.11;0.53;0.51;36030
25;25;5.11;5.11;0.51;0.51;36139
25;24;5.11;4.91;0.51;0.49;36248
27;25;5.52;5.11;0.55;0.51;36357
25;25;5.11;5.11;0.51;0.51;36466
26;25;5.32;5.11;0.53;0.51;36577
27;27;5.52;5.52;0.55;0.55;36686
27;25;5.52;5.11;0.55;0.51;36795
30;26;6.14;5.32;0.61;0.53;36904
26;25;5.32;5.11;0.53;0.51;37013
27;25;5.52;5.11;0.55;0.51;37122
27;25;5.52;5.11;0.55;0.51;37231
32;25;6.55;5.11;0.65;0.51;37340
27;26;5.52;5.32;0.55;0.53;37451
27;27;5.52;5.52;0.55;0.55;37563
26;26;5.32;5.32;0.53;0.53;37672
27;26;5.52;5.32;0.55;0.53;37781
27;25;5.52;5.11;0.55;0.51;37890
26;26;5.32;5.32;0.53;0.53;37999
28;25;5.73;5.11;0.57;0.51;38108
27;26;5.52;5.32;0.55;0.53;38217
26;25;5.32;5.11;0.53;0.51;38326
28;25;5.73;5.11;0.57;0.51;38435
25;24;5.11;4.91;0.51;0.49;38544
26;25;5.32;5.11;0.53;0.51;38655
26;27;5.32;5.52;0.53;0.55;38764
27;25;5.52;5.11;0.55;0.51;38873
26;25;5.32;5.11;0.53;0.51;38982
26;26;5.32;5.32;0.53;0.53;39091
27;26;5.52;5.32;0.55;0.53;39202
27;25;5.52;5.11;0.55;0.51;39311
26;26;5.32;5.32;0.53;0.53;39420
26;25;5.32;5.11;0.53;0.51;39529
27;26;5.52;5.32;0.55;0.53;39641
27;26;5.52;5.32;0.55;0.53;39750
26;26;5.32;5.32;0.53;0.53;39859
27;25;5.52;5.11;0.55;0.51;39968
26;26;5.32;5.32;0.53;0.53;40077
26;25;5.32;5.11;0.53;0.51;40186
28;27;5.73;5.52;0.57;0.55;40304
26;25;5.32;5.11;0.53;0.51;40413
25;25;5.11;5.11;0.51;0.51;40522
26;25;5.32;5.11;0.53;0.51;40631
27;26;5.52;5.32;0.55;0.53;40742
27;25;5.52;5.11;0.55;0.51;40853
26;25;5.32;5.11;0.53;0.51;40962
26;25;5.32;5.11;0.53;0.51;41071
26;25;5.32;5.11;0.53;0.51;41180
25;26;5.11;5.32;0.51;0.53;41289
25;26;5.11;5.32;0.51;0.53;41398
26;26;5.32;5.32;0.53;0.53;41507
26;25;5.32;5.11;0.53;0.51;41616
28;26;5.73;5.32;0.57;0.53;41728
26;25;5.32;5.11;0.53;0.51;41837
27;26;5.52;5.32;0.55;0.53;41946
25;27;5.11;5.52;0.51;0.55;42055
26;26;5.32;5.32;0.53;0.53;42164
26;26;5.32;5.32;0.53;0.53;42273
26;25;5.32;5.11;0.53;0.51;42382
26;26;5.32;5.32;0.53;0.53;42491
26;26;5.32;5.32;0.53;0.53;42602
26;26;5.32;5.32;0.53;0.53;42711
27;26;5.52;5.32;0.55;0.53;42822
26;26;5.32;5.32;0.53;0.53;42931
25;25;5.11;5.11;0.51;0.51;43040
26;25;5.32;5.11;0.53;0.51;43149
26;26;5.32;5.32;0.53;0.53;43258
26;25;5.32;5.11;0.53;0.51;43367
23;31;4.71;6.34;0.47;0.63;43476
16;39;3.27;7.98;0.33;0.8;43585
18;33;3.68;6.75;0.37;0.68;43694
17;40;3.48;8.18;0.35;0.82;43812
15;36;3.07;7.36;0.31;0.74;43921
16;37;3.27;7.57;0.33;0.76;44030
15;36;3.07;7.36;0.31;0.74;44139
26;28;5.32;5.73;0.53;0.57;44250
39;15;7.98;3.07;0.8;0.31;44359
29;22;5.93;4.5;0.59;0.45;44468
36;16;7.36;3.27;0.74;0.33;44577
28;23;5.73;4.71;0.57;0.47;44686
27;27;5.52;5.52;0.55;0.55;44804
28;27;5.73;5.52;0.57;0.55;44922
25;26;5.11;5.32;0.51;0.53;45031
26;25;5.32;5.11;0.53;0.51;45140
26;26;5.32;5.32;0.53;0.53;45249
26;25;5.32;5.11;0.53;0.51;45358
26;24;5.32;4.91;0.53;0.49;45467
26;25;5.32;5.11;0.53;0.51;45576
27;26;5.52;5.32;0.55;0.53;45685
18;35;3.68;7.16;0.37;0.72;45794
16;40;3.27;8.18;0.33;0.82;45912
15;37;3.07;7.57;0.31;0.76;46023
15;36;3.07;7.36;0.31;0.74;46132
17;34;3.48;6.96;0.35;0.7;46241
27;26;5.52;5.32;0.55;0.53;46350
25;26;5.11;5.32;0.51;0.53;46459
25;26;5.11;5.32;0.51;0.53;46568
29;23;5.93;4.71;0.59;0.47;46677
38;15;7.77;3.07;0.78;0.31;46786
36;15;7.36;3.07;0.74;0.31;46895
39;16;7.98;3.27;0.8;0.33;47013
35;16;7.16;3.27;0.72;0.33;47122
35;16;7.16;3.27;0.72;0.33;47231
35;15;7.16;3.07;0.72;0.31;47340
35;16;7.16;3.27;0.72;0.33;47449
34;16;6.96;3.27;0.7;0.33;47558
36;16;7.36;3.27;0.74;0.33;47669
29;23;5.93;4.71;0.59;0.47;47778
25;27;5.11;5.52;0.51;0.55;47887
27;29;5.52;5.93;0.55;0.59;48006
26;27;5.32;5.52;0.53;0.55;48115
27;25;5.52;5.11;0.55;0.51;48224
26;26;5.32;5.32;0.53;0.53;48333
26;24;5.32;4.91;0.53;0.49;48442
26;24;5.32;4.91;0.53;0.49;48551
27;25;5.52;5.11;0.55;0.51;48660
22;29;4.5;5.93;0.45;0.59;48769
13;40;2.66;8.18;0.27;0.82;48878
14;37;2.86;7.57;0.29;0.76;48987
16;39;3.27;7.98;0.33;0.8;49105
15;36;3.07;7.36;0.31;0.74;49214
17;34;3.48;6.96;0.35;0.7;49323
29;36;5.93;7.36;0.59;0.74;49464
24;35;4.91;7.16;0.49;0.72;49590
29;23;5.93;4.71;0.59;0.47;49699
39;13;7.98;2.66;0.8;0.27;49808
28;23;5.73;4.71;0.57;0.47;49917
26;25;5.32;5.11;0.53;0.51;50026
28;28;5.73;5.73;0.57;0.57;50144
25;25;5.11;5.11;0.51;0.51;50253
28;23;5.73;4.71;0.57;0.47;50362
36;16;7.36;3.27;0.74;0.33;50471
16;37;3.27;7.57;0.33;0.76;50580
26;25;5.32;5.11;0.53;0.51;50689
26;26;5.32;5.32;0.53;0.53;50798
16;35;3.27;7.16;0.33;0.72;50907
24;26;4.91;5.32;0.49;0.53;51016
42;18;8.59;3.68;0.86;0.37;51137
35;17;7.16;3.48;0.72;0.35;51246
25;26;5.11;5.32;0.51;0.53;51355
25;25;5.11;5.11;0.51;0.51;51464
25;24;5.11;4.91;0.51;0.49;51573
26;25;5.32;5.11;0.53;0.51;51682
26;24;5.32;4.91;0.53;0.49;51791
26;25;5.32;5.11;0.53;0.51;51900
26;25;5.32;5.11;0.53;0.51;52009
26;25;5.32;5.11;0.53;0.51;52118
27;27;5.52;5.52;0.55;0.55;52235
26;25;5.32;5.11;0.53;0.51;52344
26;25;5.32;5.11;0.53;0.51;52453
25;25;5.11;5.11;0.51;0.51;52562
26;24;5.32;4.91;0.53;0.49;52671
25;25;5.11;5.11;0.51;0.51;52780
26;24;5.32;4.91;0.53;0.49;52891
25;24;5.11;4.91;0.51;0.49;53000
26;25;5.32;5.11;0.53;0.51;53109
26;24;5.32;4.91;0.53;0.49;53220
25;25;5.11;5.11;0.51;0.51;53329
26;24;5.32;4.91;0.53;0.49;53438
25;25;5.11;5.11;0.51;0.51;53547
26;25;5.32;5.11;0.53;0.51;53655
24;24;4.91;4.91;0.49;0.49;53763
26;25;5.32;5.11;0.53;0.51;53874
26;24;5.32;4.91;0.53;0.49;53983
25;25;5.11;5.11;0.51;0.51;54092
26;24;5.32;4.91;0.53;0.49;54201
25;25;5.11;5.11;0.51;0.51;54312
26;25;5.32;5.11;0.53;0.51;54421
25;25;5.11;5.11;0.51;0.51;54532
27;25;5.52;5.11;0.55;0.51;54641
25;24;5.11;4.91;0.51;0.49;54750
26;24;5.32;4.91;0.53;0.49;54859
25;25;5.11;5.11;0.51;0.51;54968
25;24;5.11;4.91;0.51;0.49;55077
25;25;5.11;5.11;0.51;0.51;55186
26;26;5.32;5.32;0.53;0.53;55298
26;24;5.32;4.91;0.53;0.49;55407
25;25;5.11;5.11;0.51;0.51;55516
25;24;5.11;4.91;0.51;0.49;55625
26;25;5.32;5.11;0.53;0.51;55734
25;25;5.11;5.11;0.51;0.51;55843
26;26;5.32;5.32;0.53;0.53;55952
25;25;5.11;5.11;0.51;0.51;56061
18;35;3.68;7.16;0.37;0.72;56170
15;37;3.07;7.57;0.31;0.76;56281
15;39;3.07;7.98;0.31;0.8;56399
15;36;3.07;7.36;0.31;0.74;56508
15;36;3.07;7.36;0.31;0.74;56617
15;36;3.07;7.36;0.31;0.74;56726
15;35;3.07;7.16;0.31;0.72;56835
14;37;2.86;7.57;0.29;0.76;56944
18;33;3.68;6.75;0.37;0.68;57053
35;18;7.16;3.68;0.72;0.37;57162
31;20;6.34;4.09;0.63;0.41;57271
27;27;5.52;5.52;0.55;0.55;57389
31;19;6.34;3.89;0.63;0.39;57498
36;15;7.36;3.07;0.74;0.31;57607
33;17;6.75;3.48;0.68;0.35;57716
27;23;5.52;4.71;0.55;0.47;57825
34;16;6.96;3.27;0.7;0.33;57936
36;16;7.36;3.27;0.74;0.33;58045
21;34;4.3;6.96;0.43;0.7;58154
24;27;4.91;5.52;0.49;0.55;58263
40;17;8.18;3.48;0.82;0.35;58372
40;16;8.18;3.27;0.82;0.33;58493
33;17;6.75;3.48;0.68;0.35;58602
26;26;5.32;5.32;0.53;0.53;58711
23;26;4.71;5.32;0.47;0.53;58820
25;25;5.11;5.11;0.51;0.51;58929
25;25;5.11;5.11;0.51;0.51;59038
26;24;5.32;4.91;0.53;0.49;59147
26;25;5.32;5.11;0.53;0.51;59256
25;25;5.11;5.11;0.51;0.51;59365
28;25;5.73;5.11;0.57;0.51;59484
25;24;5.11;4.91;0.51;0.49;59593
26;26;5.32;5.32;0.53;0.53;59704
26;24;5.32;4.91;0.53;0.49;59813
27;26;5.52;5.32;0.55;0.53;59922
27;23;5.52;4.71;0.55;0.47;60031
35;16;7.16;3.27;0.72;0.33;60140
33;15;6.75;3.07;0.68;0.31;60249
26;25;5.32;5.11;0.53;0.51;60358
26;25;5.32;5.11;0.53;0.51;60467
25;25;5.11;5.11;0.51;0.51;60578
26;26;5.32;5.32;0.53;0.53;60687
25;25;5.11;5.11;0.51;0.51;60796
25;25;5.11;5.11;0.51;0.51;60905
22;29;4.5;5.93;0.45;0.59;61014
15;37;3.07;7.57;0.31;0.76;61123
24;27;4.91;5.52;0.49;0.55;61232
26;25;5.32;5.11;0.53;0.51;61343
25;25;5.11;5.11;0.51;0.51;61452
25;26;5.11;5.32;0.51;0.53;61564
19;32;3.89;6.55;0.39;0.65;61673
15;35;3.07;7.16;0.31;0.72;61782
16;33;3.27;6.75;0.33;0.68;61891
26;26;5.32;5.32;0.53;0.53;62000
37;17;7.57;3.48;0.76;0.35;62109
33;17;6.75;3.48;0.68;0.35;62218
25;27;5.11;5.52;0.51;0.55;62327
23;28;4.71;5.73;0.47;0.57;62436
23;29;4.71;5.93;0.47;0.59;62545
26;26;5.32;5.32;0.53;0.53;62658
24;25;4.91;5.11;0.49;0.51;62767
25;25;5.11;5.11;0.51;0.51;62876
25;25;5.11;5.11;0.51;0.51;62985
25;26;5.11;5.32;0.51;0.53;63099
24;25;4.91;5.11;0.49;0.51;63208
25;25;5.11;5.11;0.51;0.51;63317
24;25;4.91;5.11;0.49;0.51;63426
25;25;5.11;5.11;0.51;0.51;63535
25;26;5.11;5.32;0.51;0.53;63647
25;25;5.11;5.11;0.51;0.51;63756
24;25;4.91;5.11;0.49;0.51;63865
25;25;5.11;5.11;0.51;0.51;63974
25;25;5.11;5.11;0.51;0.51;64083
25;25;5.11;5.11;0.51;0.51;64192
25;25;5.11;5.11;0.51;0.51;64301
25;26;5.11;5.32;0.51;0.53;64410
25;25;5.11;5.11;0.51;0.51;64519
24;25;4.91;5.11;0.49;0.51;64628
26;26;5.32;5.32;0.53;0.53;64741
24;25;4.91;5.11;0.49;0.51;64850
25;25;5.11;5.11;0.51;0.51;64959
25;25;5.11;5.11;0.51;0.51;65068
25;25;5.11;5.11;0.51;0.51;65177
24;25;4.91;5.11;0.49;0.51;65286
24;25;4.91;5.11;0.49;0.51;65395
29;23;5.93;4.71;0.59;0.47;65504
29;23;5.93;4.71;0.59;0.47;65613
25;25;5.11;5.11;0.51;0.51;65725
25;25;5.11;5.11;0.51;0.51;65834
29;22;5.93;4.5;0.59;0.45;65943
37;15;7.57;3.07;0.76;0.31;66052
27;23;5.52;4.71;0.55;0.47;66161
24;25;4.91;5.11;0.49;0.51;66270
26;25;5.32;5.11;0.53;0.51;66379
26;26;5.32;5.32;0.53;0.53;66490
25;25;5.11;5.11;0.51;0.51;66599
26;25;5.32;5.11;0.53;0.51;66708
26;25;5.32;5.11;0.53;0.51;66819
26;25;5.32;5.11;0.53;0.51;66928
25;24;5.11;4.91;0.51;0.49;67037
25;25;5.11;5.11;0.51;0.51;67146
24;24;4.91;4.91;0.49;0.49;67255
24;25;4.91;5.11;0.49;0.51;67364
25;24;5.11;4.91;0.51;0.49;67473
29;27;5.93;5.52;0.59;0.55;67591
26;26;5.32;5.32;0.53;0.53;67700
24;32;4.91;6.55;0.49;0.65;67818
22;28;4.5;5.73;0.45;0.57;67927
25;25;5.11;5.11;0.51;0.51;68036
26;25;5.32;5.11;0.53;0.51;68145
24;25;4.91;5.11;0.49;0.51;68252
25;25;5.11;5.11;0.51;0.51;68361
25;25;5.11;5.11;0.51;0.51;68470
17;35;3.48;7.16;0.35;0.72;68579
14;36;2.86;7.36;0.29;0.74;68688
15;35;3.07;7.16;0.31;0.72;68797
16;38;3.27;7.77;0.33;0.78;68911
19;31;3.89;6.34;0.39;0.63;69020
22;29;4.5;5.93;0.45;0.59;69129
25;25;5.11;5.11;0.51;0.51;69238
37;17;7.57;3.48;0.76;0.35;69347
31;17;6.34;3.48;0.63;0.35;69456
34;15;6.96;3.07;0.7;0.31;69565
32;17;6.55;3.48;0.65;0.35;69674
31;19;6.34;3.89;0.63;0.39;69783
40;17;8.18;3.48;0.82;0.35;69904
34;15;6.96;3.07;0.7;0.31;70013
26;24;5.32;4.91;0.53;0.49;70122
29;25;5.93;5.11;0.59;0.51;70231
27;24;5.52;4.91;0.55;0.49;70340
25;26;5.11;5.32;0.51;0.53;70449
18;33;3.68;6.75;0.37;0.68;70558
21;31;4.3;6.34;0.43;0.63;70667
23;28;4.71;5.73;0.47;0.57;70776
25;26;5.11;5.32;0.51;0.53;70885
27;27;5.52;5.52;0.55;0.55;71003
25;25;5.11;5.11;0.51;0.51;71112
25;25;5.11;5.11;0.51;0.51;71221
26;26;5.32;5.32;0.53;0.53;71330
24;25;4.91;5.11;0.49;0.51;71439
25;25;5.11;5.11;0.51;0.51;71548
25;26;5.11;5.32;0.51;0.53;71659
24;25;4.91;5.11;0.49;0.51;71768
24;24;4.91;4.91;0.49;0.49;71877
26;26;5.32;5.32;0.53;0.53;71989
25;25;5.11;5.11;0.51;0.51;72098
26;27;5.32;5.52;0.53;0.55;72216
24;25;4.91;5.11;0.49;0.51;72325
25;25;5.11;5.11;0.51;0.51;72434
24;25;4.91;5.11;0.49;0.51;72543
24;25;4.91;5.11;0.49;0.51;72652
25;26;5.11;5.32;0.51;0.53;72761
24;25;4.91;5.11;0.49;0.51;72870
24;25;4.91;5.11;0.49;0.51;72979
25;25;5.11;5.11;0.51;0.51;73090
25;25;5.11;5.11;0.51;0.51;73199
24;26;4.91;5.32;0.49;0.53;73310
25;26;5.11;5.32;0.51;0.53;73419
24;24;4.91;4.91;0.49;0.49;73528
24;25;4.91;5.11;0.49;0.51;73637
28;22;5.73;4.5;0.57;0.45;73746
35;14;7.16;2.86;0.72;0.29;73855
34;14;6.96;2.86;0.7;0.29;73964
36;16;7.36;3.27;0.74;0.33;74082
32;17;6.55;3.48;0.65;0.35;74191
25;25;5.11;5.11;0.51;0.51;74300
24;26;4.91;5.32;0.49;0.53;74409
25;25;5.11;5.11;0.51;0.51;74518
26;24;5.32;4.91;0.53;0.49;74627
26;24;5.32;4.91;0.53;0.49;74736
25;24;5.11;4.91;0.51;0.49;74845
26;24;5.32;4.91;0.53;0.49;74954
25;24;5.11;4.91;0.51;0.49;75065
27;26;5.52;5.32;0.55;0.53;75183
26;24;5.32;4.91;0.53;0.49;75292
25;25;5.11;5.11;0.51;0.51;75401
26;25;5.32;5.11;0.53;0.51;75510
26;24;5.32;4.91;0.53;0.49;75619
26;25;5.32;5.11;0.53;0.51;75728
25;24;5.11;4.91;0.51;0.49;75837
26;25;5.32;5.11;0.53;0.51;75946
25;24;5.11;4.91;0.51;0.49;76055
26;25;5.32;5.11;0.53;0.51;76167
25;24;5.11;4.91;0.51;0.49;76276
25;24;5.11;4.91;0.51;0.49;76385
24;24;4.91;4.91;0.49;0.49;76494
24;24;4.91;4.91;0.49;0.49;76603
26;25;5.32;5.11;0.53;0.51;76714
26;25;5.32;5.11;0.53;0.51;76832
24;24;4.91;4.91;0.49;0.49;76941
24;24;4.91;4.91;0.49;0.49;77050
24;24;4.91;4.91;0.49;0.49;77159
26;24;5.32;4.91;0.53;0.49;77270
25;24;5.11;4.91;0.51;0.49;77379
26;24;5.32;4.91;0.53;0.49;77488
26;25;5.32;5.11;0.53;0.51;77597
26;25;5.32;5.11;0.53;0.51;77706
22;29;4.5;5.93;0.45;0.59;77815
19;32;3.89;6.55;0.39;0.65;77924
26;25;5.32;5.11;0.53;0.51;78033
24;24;4.91;4.91;0.49;0.49;78142
26;25;5.32;5.11;0.53;0.51;78254
24;25;4.91;5.11;0.49;0.51;78363
19;32;3.89;6.55;0.39;0.65;78474
21;29;4.3;5.93;0.43;0.59;78583
25;25;5.11;5.11;0.51;0.51;78692
19;31;3.89;6.34;0.39;0.63;78801
21;29;4.3;5.93;0.43;0.59;78910
24;25;4.91;5.11;0.49;0.51;79019
24;25;4.91;5.11;0.49;0.51;79128
22;27;4.5;5.52;0.45;0.55;79237
18;35;3.68;7.16;0.37;0.72;79355
24;25;4.91;5.11;0.49;0.51;79464
24;25;4.91;5.11;0.49;0.51;79573
24;25;4.91;5.11;0.49;0.51;79682
24;26;4.91;5.32;0.49;0.53;79791
22;27;4.5;5.52;0.45;0.55;79900
21;28;4.3;5.73;0.43;0.57;80009
25;26;5.11;5.32;0.51;0.53;80120
24;25;4.91;5.11;0.49;0.51;80229
27;28;5.52;5.73;0.55;0.57;80348
24;25;4.91;5.11;0.49;0.51;80457
24;26;4.91;5.32;0.49;0.53;80566
24;25;4.91;5.11;0.49;0.51;80675
24;25;4.91;5.11;0.49;0.51;80784
24;25;4.91;5.11;0.49;0.51;80893
24;25;4.91;5.11;0.49;0.51;81002
24;25;4.91;5.11;0.49;0.51;81111
24;25;4.91;5.11;0.49;0.51;81220
24;25;4.91;5.11;0.49;0.51;81329
26;27;5.32;5.52;0.53;0.55;81450
23;25;4.71;5.11;0.47;0.51;81559
25;25;5.11;5.11;0.51;0.51;81668
24;25;4.91;5.11;0.49;0.51;81777
24;26;4.91;5.32;0.49;0.53;81888
25;25;5.11;5.11;0.51;0.51;81997
24;26;4.91;5.32;0.49;0.53;82106
24;25;4.91;5.11;0.49;0.51;82215
24;25;4.91;5.11;0.49;0.51;82324
24;25;4.91;5.11;0.49;0.51;82436
24;25;4.91;5.11;0.49;0.51;82545
24;25;4.91;5.11;0.49;0.51;82654
23;24;4.71;4.91;0.47;0.49;82763
23;24;4.71;4.91;0.47;0.49;82872
23;25;4.71;5.11;0.47;0.51;82981
24;25;4.91;5.11;0.49;0.51;83090
23;25;4.71;5.11;0.47;0.51;83199
24;26;4.91;5.32;0.49;0.53;83308
24;24;4.91;4.91;0.49;0.49;83417
25;26;5.11;5.32;0.51;0.53;83530
24;25;4.91;5.11;0.49;0.51;83639
26;24;5.32;4.91;0.53;0.49;83748
24;25;4.91;5.11;0.49;0.51;83857
24;24;4.91;4.91;0.49;0.49;83966
26;26;5.32;5.32;0.53;0.53;84075
24;24;4.91;4.91;0.49;0.49;84184
23;24;4.71;4.91;0.47;0.49;84293
24;25;4.91;5.11;0.49;0.51;84402
25;25;5.11;5.11;0.51;0.51;84514
24;25;4.91;5.11;0.49;0.51;84623
25;25;5.11;5.11;0.51;0.51;84732
24;25;4.91;5.11;0.49;0.51;84841
24;25;4.91;5.11;0.49;0.51;84950
24;25;4.91;5.11;0.49;0.51;85059
24;25;4.91;5.11;0.49;0.51;85168
24;25;4.91;5.11;0.49;0.51;85279
23;24;4.71;4.91;0.47;0.49;85388
23;24;4.71;4.91;0.47;0.49;85497
25;25;5.11;5.11;0.51;0.51;85608
23;24;4.71;4.91;0.47;0.49;85717
25;25;5.11;5.11;0.51;0.51;85826
26;26;5.32;5.32;0.53;0.53;85944
25;25;5.11;5.11;0.51;0.51;86053
25;24;5.11;4.91;0.51;0.49;86162
24;25;4.91;5.11;0.49;0.51;86271
25;24;5.11;4.91;0.51;0.49;86380
36;16;7.36;3.27;0.74;0.33;86489
35;20;7.16;4.09;0.72;0.41;86608
26;21;5.32;4.3;0.53;0.43;86717
27;23;5.52;4.71;0.55;0.47;86826
32;18;6.55;3.68;0.65;0.37;86937
26;24;5.32;4.91;0.53;0.49;87046
24;25;4.91;5.11;0.49;0.51;87155
24;24;4.91;4.91;0.49;0.49;87264
25;24;5.11;4.91;0.51;0.49;87373
24;23;4.91;4.71;0.49;0.47;87482
26;23;5.32;4.71;0.53;0.47;87591
26;25;5.32;5.11;0.53;0.51;87709
24;23;4.91;4.71;0.49;0.47;87818
25;24;5.11;4.91;0.51;0.49;87927
24;23;4.91;4.71;0.49;0.47;88036
25;24;5.11;4.91;0.51;0.49;88145
25;23;5.11;4.71;0.51;0.47;88254
24;23;4.91;4.71;0.49;0.47;88363
25;23;5.11;4.71;0.51;0.47;88472
25;24;5.11;4.91;0.51;0.49;88581
25;24;5.11;4.91;0.51;0.49;88695
25;24;5.11;4.91;0.51;0.49;88804
25;23;5.11;4.71;0.51;0.47;88913
24;23;4.91;4.71;0.49;0.47;89022
25;24;5.11;4.91;0.51;0.49;89131
24;23;4.91;4.71;0.49;0.47;89240
25;24;5.11;4.91;0.51;0.49;89349
24;24;4.91;4.91;0.49;0.49;89458
24;23;4.91;4.71;0.49;0.47;89567
25;24;5.11;4.91;0.51;0.49;89676
24;24;4.91;4.91;0.49;0.49;89787
23;22;4.71;4.5;0.47;0.45;89896
23;23;4.71;4.71;0.47;0.47;90005
23;22;4.71;4.5;0.47;0.45;90114
24;24;4.91;4.91;0.49;0.49;90223
25;24;5.11;4.91;0.51;0.49;90334
24;23;4.91;4.71;0.49;0.47;90443
27;25;5.52;5.11;0.55;0.51;90561
23;22;4.71;4.5;0.47;0.45;90670
24;23;4.91;4.71;0.49;0.47;90782
25;23;5.11;4.71;0.51;0.47;90891
24;24;4.91;4.91;0.49;0.49;91000
25;25;5.11;5.11;0.51;0.51;91109
25;23;5.11;4.71;0.51;0.47;91218
24;24;4.91;4.91;0.49;0.49;91327
24;24;4.91;4.91;0.49;0.49;91436
25;23;5.11;4.71;0.51;0.47;91545
24;23;4.91;4.71;0.49;0.47;91654
23;24;4.71;4.91;0.47;0.49;91763
25;23;5.11;4.71;0.51;0.47;91874
24;24;4.91;4.91;0.49;0.49;91983
24;24;4.91;4.91;0.49;0.49;92094
24;24;4.91;4.91;0.49;0.49;92203
23;23;4.71;4.71;0.47;0.47;92312
24;23;4.91;4.71;0.49;0.47;92421
23;22;4.71;4.5;0.47;0.45;92530
23;22;4.71;4.5;0.47;0.45;92639
23;22;4.71;4.5;0.47;0.45;92748
24;24;4.91;4.91;0.49;0.49;92860
24;23;4.91;4.71;0.49;0.47;92969
24;23;4.91;4.71;0.49;0.47;93078
24;23;4.91;4.71;0.49;0.47;93187
23;23;4.71;4.71;0.47;0.47;93296
24;22;4.91;4.5;0.49;0.45;93405
23;24;4.71;4.91;0.47;0.49;93514
25;24;5.11;4.91;0.51;0.49;93623
26;25;5.32;5.11;0.53;0.51;93734
24;23;4.91;4.71;0.49;0.47;93843
25;24;5.11;4.91;0.51;0.49;93954
24;24;4.91;4.91;0.49;0.49;94063
24;23;4.91;4.71;0.49;0.47;94172
24;23;4.91;4.71;0.49;0.47;94281
23;23;4.71;4.71;0.47;0.47;94390
24;23;4.91;4.71;0.49;0.47;94499
23;23;4.71;4.71;0.47;0.47;94608
23;22;4.71;4.5;0.47;0.45;94717
23;23;4.71;4.71;0.47;0.47;94826
24;24;4.91;4.91;0.49;0.49;94938
24;23;4.91;4.71;0.49;0.47;95047
28;27;5.73;5.52;0.57;0.55;95178
28;27;5.73;5.52;0.57;0.55;95304
24;24;4.91;4.91;0.49;0.49;95415
25;24;5.11;4.91;0.51;0.49;95524
24;23;4.91;4.71;0.49;0.47;95633
24;23;4.91;4.71;0.49;0.47;95742
24;23;4.91;4.71;0.49;0.47;95851
24;24;4.91;4.91;0.49;0.49;95963
24;24;4.91;4.91;0.49;0.49;96072
24;24;4.91;4.91;0.49;0.49;96181
23;23;4.71;4.71;0.47;0.47;96290
24;24;4.91;4.91;0.49;0.49;96399
24;23;4.91;4.71;0.49;0.47;96508
24;23;4.91;4.71;0.49;0.47;96617
24;23;4.91;4.71;0.49;0.47;96726
23;24;4.71;4.91;0.47;0.49;96835
24;23;4.91;4.71;0.49;0.47;96944
24;24;4.91;4.91;0.49;0.49;97057
24;24;4.91;4.91;0.49;0.49;97166
24;23;4.91;4.71;0.49;0.47;97275
23;23;4.71;4.71;0.47;0.47;97384
24;23;4.91;4.71;0.49;0.47;97493
23;22;4.71;4.5;0.47;0.45;97602
23;23;4.71;4.71;0.47;0.47;97711
24;23;4.91;4.71;0.49;0.47;97820
24;23;4.91;4.71;0.49;0.47;97929
25;24;5.11;4.91;0.51;0.49;98041
24;24;4.91;4.91;0.49;0.49;98150
23;23;4.71;4.71;0.47;0.47;98259
24;22;4.91;4.5;0.49;0.45;98368
23;23;4.71;4.71;0.47;0.47;98477
24;23;4.91;4.71;0.49;0.47;98586
24;24;4.91;4.91;0.49;0.49;98697
24;26;4.91;5.32;0.49;0.53;98806
12;46;2.45;9.41;0.25;0.94;98915
0;45;0;9.21;0;0.92;99024
0;46;0;9.41;0;0.94;99141
0;42;0;8.59;0;0.86;99250
0;43;0;8.8;0;0.88;99359
0;45;0;9.21;0;0.92;99470
0;43;0;8.8;0;0.88;99579
0;43;0;8.8;0;0.88;99688
0;44;0;9;0;0.9;99797
0;43;0;8.8;0;0.88;99906
0;43;0;8.8;0;0.88;100015
0;44;0;9;0;0.9;100127
0;43;0;8.8;0;0.88;100236
0;43;0;8.8;0;0.88;100345
0;42;0;8.59;0;0.86;100456
0;42;0;8.59;0;0.86;100565
0;42;0;8.59;0;0.86;100674
0;44;0;9;0;0.9;100783
0;43;0;8.8;0;0.88;100892
0;45;0;9.21;0;0.92;101001
15;34;3.07;6.96;0.31;0.7;101110
25;27;5.11;5.52;0.51;0.55;101228
22;24;4.5;4.91;0.45;0.49;101337
23;24;4.71;4.91;0.47;0.49;101446
23;23;4.71;4.71;0.47;0.47;101555
22;24;4.5;4.91;0.45;0.49;101664
23;24;4.71;4.91;0.47;0.49;101773
23;24;4.71;4.91;0.47;0.49;101882
23;25;4.71;5.11;0.47;0.51;101991
23;24;4.71;4.91;0.47;0.49;102102
23;24;4.71;4.91;0.47;0.49;102214
22;23;4.5;4.71;0.45;0.47;102323
22;23;4.5;4.71;0.45;0.47;102432
22;23;4.5;4.71;0.45;0.47;102541
23;24;4.71;4.91;0.47;0.49;102650
23;24;4.71;4.91;0.47;0.49;102759
22;23;4.5;4.71;0.45;0.47;102868
23;24;4.71;4.91;0.47;0.49;102977
22;23;4.5;4.71;0.45;0.47;103086
22;24;4.5;4.91;0.45;0.49;103195
23;24;4.71;4.91;0.47;0.49;103306
23;24;4.71;4.91;0.47;0.49;103415
23;24;4.71;4.91;0.47;0.49;103524
25;25;5.11;5.11;0.51;0.51;103633
25;27;5.11;5.52;0.51;0.55;103744
24;24;4.91;4.91;0.49;0.49;103853
26;27;5.32;5.52;0.53;0.55;103962
28;26;5.73;5.32;0.57;0.53;104073
21;27;4.3;5.52;0.43;0.55;104182
18;37;3.68;7.57;0.37;0.76;104300
14;36;2.86;7.36;0.29;0.74;104409
12;43;2.45;8.8;0.25;0.88;104518
24;28;4.91;5.73;0.49;0.57;104627
27;26;5.52;5.32;0.55;0.53;104736
26;25;5.32;5.11;0.53;0.51;104845
26;26;5.32;5.32;0.53;0.53;104954
24;26;4.91;5.32;0.49;0.53;105063
21;26;4.3;5.32;0.43;0.53;105172
17;33;3.48;6.75;0.35;0.68;105281
15;39;3.07;7.98;0.31;0.8;105394
11;35;2.25;7.16;0.23;0.72;105503
12;34;2.45;6.96;0.25;0.7;105612
13;34;2.66;6.96;0.27;0.7;105721
13;34;2.66;6.96;0.27;0.7;105830
13;33;2.66;6.75;0.27;0.68;105939
14;33;2.86;6.75;0.29;0.68;106048
16;32;3.27;6.55;0.33;0.65;106157
22;25;4.5;5.11;0.45;0.51;106266
24;25;4.91;5.11;0.49;0.51;106384
22;23;4.5;4.71;0.45;0.47;106493
27;21;5.52;4.3;0.55;0.43;106602
36;12;7.36;2.45;0.74;0.25;106711
34;12;6.96;2.45;0.7;0.25;106820
33;13;6.75;2.66;0.68;0.27;106929
25;23;5.11;4.71;0.51;0.47;107040
20;25;4.09;5.11;0.41;0.51;107149
22;24;4.5;4.91;0.45;0.49;107258
23;23;4.71;4.71;0.47;0.47;107367
24;24;4.91;4.91;0.49;0.49;107480
34;16;6.96;3.27;0.7;0.33;107589
25;21;5.11;4.3;0.51;0.43;107698
32;17;6.55;3.48;0.65;0.35;107807
34;14;6.96;2.86;0.7;0.29;107916
35;14;7.16;2.86;0.72;0.29;108025
32;15;6.55;3.07;0.65;0.31;108134
30;17;6.14;3.48;0.61;0.35;108243
23;24;4.71;4.91;0.47;0.49;108352
23;25;4.71;5.11;0.47;0.51;108466
24;23;4.91;4.71;0.49;0.47;108575
29;28;5.93;5.73;0.59;0.57;108707
26;24;5.32;4.91;0.53;0.49;108821
25;23;5.11;4.71;0.51;0.47;108933
25;24;5.11;4.91;0.51;0.49;109045
24;24;4.91;4.91;0.49;0.49;109157
25;23;5.11;4.71;0.51;0.47;109269
26;24;5.32;4.91;0.53;0.49;109383
26;24;5.32;4.91;0.53;0.49;109498
25;24;5.11;4.91;0.51;0.49;109611
25;23;5.11;4.71;0.51;0.47;109723
24;22;4.91;4.5;0.49;0.45;109835
24;24;4.91;4.91;0.49;0.49;109947
25;23;5.11;4.71;0.51;0.47;110059
25;23;5.11;4.71;0.51;0.47;110171
24;23;4.91;4.71;0.49;0.47;110283
26;23;5.32;4.71;0.53;0.47;110397
26;24;5.32;4.91;0.53;0.49;110513
26;24;5.32;4.91;0.53;0.49;110626
25;23;5.11;4.71;0.51;0.47;110739
25;24;5.11;4.91;0.51;0.49;110852
25;23;5.11;4.71;0.51;0.47;110965
24;24;4.91;4.91;0.49;0.49;111078
24;23;4.91;4.71;0.49;0.47;111191
20;34;4.09;6.96;0.41;0.7;111304
2;50;0.41;10.23;0.04;1.02;111417
47;20;9.61;4.09;0.96;0.41;111540
47;1;9.61;0.2;0.96;0.02;111653
44;0;9;0;0.9;0;111766
46;0;9.41;0;0.94;0;111879
45;0;9.21;0;0.92;0;111992
45;0;9.21;0;0.92;0;112107
44;0;9;0;0.9;0;112220
45;0;9.21;0;0.92;0;112333
44;0;9;0;0.9;0;112446
47;0;9.61;0;0.96;0;112562
46;0;9.41;0;0.94;0;112676
42;3;8.59;0.61;0.86;0.06;112789
41;8;8.39;1.64;0.84;0.16;112902
44;0;9;0;0.9;0;113015
44;0;9;0;0.9;0;113128
54;0;11.05;0;1.1;0;113265
18;42;3.68;8.59;0.37;0.86;113378
42;20;8.59;4.09;0.86;0.41;113491
39;32;7.98;6.55;0.8;0.65;113610
55;6;11.25;1.23;1.13;0.12;113723
33;15;6.75;3.07;0.68;0.31;113836
23;25;4.71;5.11;0.47;0.51;113951
24;23;4.91;4.71;0.49;0.47;114064
24;23;4.91;4.71;0.49;0.47;114177
26;24;5.32;4.91;0.53;0.49;114290
23;22;4.71;4.5;0.47;0.45;114403
25;23;5.11;4.71;0.51;0.47;114516
28;26;5.73;5.32;0.57;0.53;114639
26;24;5.32;4.91;0.53;0.49;114752
26;24;5.32;4.91;0.53;0.49;114865
26;24;5.32;4.91;0.53;0.49;114978
26;24;5.32;4.91;0.53;0.49;115091
25;23;5.11;4.71;0.51;0.47;115204
25;24;5.11;4.91;0.51;0.49;115317
25;24;5.11;4.91;0.51;0.49;115430
25;24;5.11;4.91;0.51;0.49;115543
29;25;5.93;5.11;0.59;0.51;115668
27;22;5.52;4.5;0.55;0.45;115781
25;23;5.11;4.71;0.51;0.47;115894
25;24;5.11;4.91;0.51;0.49;116007
26;24;5.32;4.91;0.53;0.49;116120
25;23;5.11;4.71;0.51;0.47;116233
26;23;5.32;4.71;0.53;0.47;116346
25;23;5.11;4.71;0.51;0.47;116459
25;23;5.11;4.71;0.51;0.47;116572
29;23;5.93;4.71;0.59;0.47;116691
33;17;6.75;3.48;0.68;0.35;116804
26;23;5.32;4.71;0.53;0.47;116917
24;24;4.91;4.91;0.49;0.49;117030
26;25;5.32;5.11;0.53;0.51;117143
25;23;5.11;4.71;0.51;0.47;117256
25;24;5.11;4.91;0.51;0.49;117371
25;23;5.11;4.71;0.51;0.47;117484
25;23;5.11;4.71;0.51;0.47;117597
27;26;5.52;5.32;0.55;0.53;117720
25;22;5.11;4.5;0.51;0.45;117833
25;24;5.11;4.91;0.51;0.49;117948
25;23;5.11;4.71;0.51;0.47;118061
26;23;5.32;4.71;0.53;0.47;118175
25;23;5.11;4.71;0.51;0.47;118288
26;22;5.32;4.5;0.53;0.45;118401
25;23;5.11;4.71;0.51;0.47;118514
24;24;4.91;4.91;0.49;0.49;118627
26;24;5.32;4.91;0.53;0.49;118743
26;23;5.32;4.71;0.53;0.47;118856
24;23;4.91;4.71;0.49;0.47;118969
24;23;4.91;4.71;0.49;0.47;119084
24;22;4.91;4.5;0.49;0.45;119197
25;23;5.11;4.71;0.51;0.47;119310
25;24;5.11;4.91;0.51;0.49;119423
26;24;5.32;4.91;0.53;0.49;119536
26;24;5.32;4.91;0.53;0.49;119649
25;24;5.11;4.91;0.51;0.49;119765
25;23;5.11;4.71;0.51;0.47;119878
25;24;5.11;4.91;0.51;0.49;119991
24;23;4.91;4.71;0.49;0.47;120104
24;23;4.91;4.71;0.49;0.47;120217
25;24;5.11;4.91;0.51;0.49;120330
24;23;4.91;4.71;0.49;0.47;120443
25;23;5.11;4.71;0.51;0.47;120556
24;23;4.91;4.71;0.49;0.47;120669
26;24;5.32;4.91;0.53;0.49;120787
25;24;5.11;4.91;0.51;0.49;120900
25;24;5.11;4.91;0.51;0.49;121013
25;23;5.11;4.71;0.51;0.47;121126
24;23;4.91;4.71;0.49;0.47;121239
25;24;5.11;4.91;0.51;0.49;121352
24;23;4.91;4.71;0.49;0.47;121465
24;23;4.91;4.71;0.49;0.47;121578
24;22;4.91;4.5;0.49;0.45;121691
25;24;5.11;4.91;0.51;0.49;121807
24;23;4.91;4.71;0.49;0.47;121920
24;24;4.91;4.91;0.49;0.49;122033
25;24;5.11;4.91;0.51;0.49;122146
24;23;4.91;4.71;0.49;0.47;122259
25;23;5.11;4.71;0.51;0.47;122372
25;24;5.11;4.91;0.51;0.49;122487
25;23;5.11;4.71;0.51;0.47;122600
30;28;6.14;5.73;0.61;0.57;122738
25;24;5.11;4.91;0.51;0.49;122854
25;23;5.11;4.71;0.51;0.47;122967
25;23;5.11;4.71;0.51;0.47;123080
24;23;4.91;4.71;0.49;0.47;123193
25;24;5.11;4.91;0.51;0.49;123306
25;23;5.11;4.71;0.51;0.47;123419
24;22;4.91;4.5;0.49;0.45;123532
25;23;5.11;4.71;0.51;0.47;123645
25;24;5.11;4.91;0.51;0.49;123758
25;24;5.11;4.91;0.51;0.49;123874
25;24;5.11;4.91;0.51;0.49;123987
24;23;4.91;4.71;0.49;0.47;124100
25;24;5.11;4.91;0.51;0.49;124215
24;23;4.91;4.71;0.49;0.47;124328
24;23;4.91;4.71;0.49;0.47;124441
25;23;5.11;4.71;0.51;0.47;124554
25;23;5.11;4.71;0.51;0.47;124667
24;23;4.91;4.71;0.49;0.47;124780
25;24;5.11;4.91;0.51;0.49;124896
17;35;3.48;7.16;0.35;0.72;125009
19;29;3.89;5.93;0.39;0.59;125122
24;23;4.91;4.71;0.49;0.47;125235
18;31;3.68;6.34;0.37;0.63;125348
14;34;2.86;6.96;0.29;0.7;125461
14;33;2.86;6.75;0.29;0.68;125574
14;33;2.86;6.75;0.29;0.68;125687
14;34;2.86;6.96;0.29;0.7;125800
22;28;4.5;5.73;0.45;0.57;125918
24;24;4.91;4.91;0.49;0.49;126031
24;24;4.91;4.91;0.49;0.49;126144
23;24;4.71;4.91;0.47;0.49;126257
23;24;4.71;4.91;0.47;0.49;126370
22;22;4.5;4.5;0.45;0.45;126483
20;25;4.09;5.11;0.41;0.51;126596
14;34;2.86;6.96;0.29;0.7;126709
19;28;3.89;5.73;0.39;0.57;126821
25;25;5.11;5.11;0.51;0.51;126937
23;25;4.71;5.11;0.47;0.51;127051
24;24;4.91;4.91;0.49;0.49;127164
21;27;4.3;5.52;0.43;0.55;127277
16;31;3.27;6.34;0.33;0.63;127390
24;33;4.91;6.75;0.49;0.68;127528
24;25;4.91;5.11;0.49;0.51;127643
16;28;3.27;5.73;0.33;0.57;127756
14;34;2.86;6.96;0.29;0.7;127869
48;16;9.82;3.27;0.98;0.33;127992
40;9;8.18;1.84;0.82;0.18;128105
26;26;5.32;5.32;0.53;0.53;128218
27;22;5.52;4.5;0.55;0.45;128331
29;20;5.93;4.09;0.59;0.41;128444
27;23;5.52;4.71;0.55;0.47;128557
31;16;6.34;3.27;0.63;0.33;128670
25;23;5.11;4.71;0.51;0.47;128783
34;13;6.96;2.66;0.7;0.27;128896
27;24;5.52;4.91;0.55;0.49;129018
24;21;4.91;4.3;0.49;0.43;129131
32;16;6.55;3.27;0.65;0.33;129244
22;24;4.5;4.91;0.45;0.49;129359
23;23;4.71;4.71;0.47;0.47;129472
25;23;5.11;4.71;0.51;0.47;129585
25;24;5.11;4.91;0.51;0.49;129698
24;23;4.91;4.71;0.49;0.47;129811
25;23;5.11;4.71;0.51;0.47;129924
25;24;5.11;4.91;0.51;0.49;130040
23;24;4.71;4.91;0.47;0.49;130153
26;22;5.32;4.5;0.53;0.45;130266
32;16;6.55;3.27;0.65;0.33;130379
23;25;4.71;5.11;0.47;0.51;130492
23;24;4.71;4.91;0.47;0.49;130605
23;23;4.71;4.71;0.47;0.47;130718
23;22;4.71;4.5;0.47;0.45;130831
24;24;4.91;4.91;0.49;0.49;130944
24;24;4.91;4.91;0.49;0.49;131062
23;23;4.71;4.71;0.47;0.47;131175
24;23;4.91;4.71;0.49;0.47;131288
24;23;4.91;4.71;0.49;0.47;131401
23;24;4.71;4.91;0.47;0.49;131514
15;32;3.07;6.55;0.31;0.65;131627
10;34;2.05;6.96;0.2;0.7;131740
7;34;1.43;6.96;0.14;0.7;131853
9;33;1.84;6.75;0.18;0.68;131966
13;36;2.66;7.36;0.27;0.74;132087
14;39;2.86;7.98;0.29;0.8;132219
13;34;2.66;6.96;0.27;0.7;132332
17;30;3.48;6.14;0.35;0.61;132445
22;28;4.5;5.73;0.45;0.57;132558
23;24;4.71;4.91;0.47;0.49;132671
25;23;5.11;4.71;0.51;0.47;132786
24;22;4.91;4.5;0.49;0.45;132899
32;17;6.55;3.48;0.65;0.35;133012
32;18;6.55;3.68;0.65;0.37;133134
22;25;4.5;5.11;0.45;0.51;133247
23;23;4.71;4.71;0.47;0.47;133360
24;23;4.91;4.71;0.49;0.47;133473
23;23;4.71;4.71;0.47;0.47;133586
24;23;4.91;4.71;0.49;0.47;133699
24;23;4.91;4.71;0.49;0.47;133812
24;23;4.91;4.71;0.49;0.47;133925
24;23;4.91;4.71;0.49;0.47;134038
26;23;5.32;4.71;0.53;0.47;134157
24;23;4.91;4.71;0.49;0.47;134270
25;22;5.11;4.5;0.51;0.45;134383
25;23;5.11;4.71;0.51;0.47;134498
24;23;4.91;4.71;0.49;0.47;134611
17;32;3.48;6.55;0.35;0.65;134724
14;34;2.86;6.96;0.29;0.7;134837
20;29;4.09;5.93;0.41;0.59;134950
35;14;7.16;2.86;0.72;0.29;135063
22;32;4.5;6.55;0.45;0.65;135182
25;24;5.11;4.91;0.51;0.49;135295
24;23;4.91;4.71;0.49;0.47;135408
26;21;5.32;4.3;0.53;0.43;135521
21;31;4.3;6.34;0.43;0.63;135635
22;30;4.5;6.14;0.45;0.61;135748
31;20;6.34;4.09;0.63;0.41;135861
15;35;3.07;7.16;0.31;0.72;135974
34;16;6.96;3.27;0.7;0.33;136087
32;21;6.55;4.3;0.65;0.43;136210
24;23;4.91;4.71;0.49;0.47;136322
24;23;4.91;4.71;0.49;0.47;136435
24;23;4.91;4.71;0.49;0.47;136548
23;22;4.71;4.5;0.47;0.45;136660
23;22;4.71;4.5;0.47;0.45;136773
23;23;4.71;4.71;0.47;0.47;136885
35;22;7.16;4.5;0.72;0.45;137023
36;15;7.36;3.07;0.74;0.31;137144
37;14;7.57;2.86;0.76;0.29;137267
29;17;5.93;3.48;0.59;0.35;137380
22;26;4.5;5.32;0.45;0.53;137493
19;27;3.89;5.52;0.39;0.55;137605
12;34;2.45;6.96;0.25;0.7;137718
12;33;2.45;6.75;0.25;0.68;137830
13;34;2.66;6.96;0.27;0.7;137943
13;34;2.66;6.96;0.27;0.7;138058
16;31;3.27;6.34;0.33;0.63;138171
27;25;5.52;5.11;0.55;0.51;138292
23;24;4.71;4.91;0.47;0.49;138405
22;23;4.5;4.71;0.45;0.47;138518
22;24;4.5;4.91;0.45;0.49;138631
23;24;4.71;4.91;0.47;0.49;138743
23;25;4.71;5.11;0.47;0.51;138856
21;23;4.3;4.71;0.43;0.47;138968
21;24;4.3;4.91;0.43;0.49;139081
22;23;4.5;4.71;0.45;0.47;139193
37;21;7.57;4.3;0.76;0.43;139315
43;6;8.8;1.23;0.88;0.12;139428
32;14;6.55;2.86;0.65;0.29;139541
31;14;6.34;2.86;0.63;0.29;139653
29;17;5.93;3.48;0.59;0.35;139768
25;24;5.11;4.91;0.51;0.49;139880
30;16;6.14;3.27;0.61;0.33;139993
31;19;6.34;3.89;0.63;0.39;140105
30;17;6.14;3.48;0.61;0.35;140218
28;24;5.73;4.91;0.57;0.49;140339
26;21;5.32;4.3;0.53;0.43;140452
23;24;4.71;4.91;0.47;0.49;140565
24;23;4.91;4.71;0.49;0.47;140678
24;22;4.91;4.5;0.49;0.45;140790
23;23;4.71;4.71;0.47;0.47;140903
24;22;4.91;4.5;0.49;0.45;141015
25;22;5.11;4.5;0.51;0.45;141128
25;22;5.11;4.5;0.51;0.45;141240
26;25;5.32;5.11;0.53;0.51;141362
25;22;5.11;4.5;0.51;0.45;141477
24;24;4.91;4.91;0.49;0.49;141590
24;22;4.91;4.5;0.49;0.45;141702
27;25;5.52;5.11;0.55;0.51;141824
25;23;5.11;4.71;0.51;0.47;141936
24;22;4.91;4.5;0.49;0.45;142049
24;22;4.91;4.5;0.49;0.45;142161
24;22;4.91;4.5;0.49;0.45;142274
24;22;4.91;4.5;0.49;0.45;142389
25;23;5.11;4.71;0.51;0.47;142502
24;22;4.91;4.5;0.49;0.45;142615
22;26;4.5;5.32;0.45;0.53;142728
13;34;2.66;6.96;0.27;0.7;142840
13;33;2.66;6.75;0.27;0.68;142953
13;32;2.66;6.55;0.27;0.65;143065
13;33;2.66;6.75;0.27;0.68;143180
14;32;2.86;6.55;0.29;0.65;143292
15;35;3.07;7.16;0.31;0.72;143414
14;33;2.86;6.75;0.29;0.68;143527
14;32;2.86;6.55;0.29;0.65;143640
13;32;2.66;6.55;0.27;0.65;143752
16;31;3.27;6.34;0.33;0.63;143865
28;20;5.73;4.09;0.57;0.41;143977
36;11;7.36;2.25;0.74;0.23;144090
25;23;5.11;4.71;0.51;0.47;144207
23;23;4.71;4.71;0.47;0.47;144320
24;25;4.91;5.11;0.49;0.51;144442
22;23;4.5;4.71;0.45;0.47;144555
22;23;4.5;4.71;0.45;0.47;144668
22;23;4.5;4.71;0.45;0.47;144781
22;24;4.5;4.91;0.45;0.49;144896
21;23;4.3;4.71;0.43;0.47;145009
21;23;4.3;4.71;0.43;0.47;145121
22;24;4.5;4.91;0.45;0.49;145234
23;24;4.71;4.91;0.47;0.49;145346
23;24;4.71;4.91;0.47;0.49;145462
22;23;4.5;4.71;0.45;0.47;145575
22;23;4.5;4.71;0.45;0.47;145688
24;24;4.91;4.91;0.49;0.49;145800
29;20;5.93;4.09;0.59;0.41;145913
44;3;9;0.61;0.9;0.06;146025
42;0;8.59;0;0.86;0;146138
41;0;8.39;0;0.84;0;146250
42;0;8.59;0;0.86;0;146363
45;0;9.21;0;0.92;0;146485
53;0;10.84;0;1.08;0;146625
42;0;8.59;0;0.86;0;146738
35;8;7.16;1.64;0.72;0.16;146850
32;13;6.55;2.66;0.65;0.27;146962
32;13;6.55;2.66;0.65;0.27;147075
35;11;7.16;2.25;0.72;0.23;147187
41;5;8.39;1.02;0.84;0.1;147300
31;13;6.34;2.66;0.63;0.27;147412
34;14;6.96;2.86;0.7;0.29;147534
38;10;7.77;2.05;0.78;0.2;147647
32;15;6.55;3.07;0.65;0.31;147760
31;13;6.34;2.66;0.63;0.27;147872
31;13;6.34;2.66;0.63;0.27;147985
32;13;6.55;2.66;0.65;0.27;148097
31;13;6.34;2.66;0.63;0.27;148210
33;13;6.75;2.66;0.68;0.27;148325
32;13;6.55;2.66;0.65;0.27;148438
32;13;6.55;2.66;0.65;0.27;148553
32;14;6.55;2.86;0.65;0.29;148666
33;13;6.75;2.66;0.68;0.27;148779
32;13;6.55;2.66;0.65;0.27;148892
32;13;6.55;2.66;0.65;0.27;149004
32;13;6.55;2.66;0.65;0.27;149117
32;14;6.55;2.86;0.65;0.29;149229
32;13;6.55;2.66;0.65;0.27;149342
32;13;6.55;2.66;0.65;0.27;149454
33;13;6.75;2.66;0.68;0.27;149570
32;13;6.55;2.66;0.65;0.27;149683
33;13;6.75;2.66;0.68;0.27;149796
31;13;6.34;2.66;0.63;0.27;149908
32;15;6.55;3.07;0.65;0.31;150023
23;23;4.71;4.71;0.47;0.47;150135
22;23;4.5;4.71;0.45;0.47;150247
24;22;4.91;4.5;0.49;0.45;150359
23;21;4.71;4.3;0.47;0.43;150471
26;23;5.32;4.71;0.53;0.47;150593
24;21;4.91;4.3;0.49;0.43;150706
25;21;5.11;4.3;0.51;0.43;150819
24;22;4.91;4.5;0.49;0.45;150931
23;21;4.71;4.3;0.47;0.43;151043
24;22;4.91;4.5;0.49;0.45;151155
25;23;5.11;4.71;0.51;0.47;151277
23;21;4.71;4.3;0.47;0.43;151383
22;21;4.5;4.3;0.45;0.43;151495
25;23;5.11;4.71;0.51;0.47;151610
25;22;5.11;4.5;0.51;0.45;151725
24;22;4.91;4.5;0.49;0.45;151838
24;22;4.91;4.5;0.49;0.45;151951
23;21;4.71;4.3;0.47;0.43;152063
23;21;4.71;4.3;0.47;0.43;152175
23;20;4.71;4.09;0.47;0.41;152287
24;21;4.91;4.3;0.49;0.43;152399
23;21;4.71;4.3;0.47;0.43;152511
25;22;5.11;4.5;0.51;0.45;152626
23;22;4.71;4.5;0.47;0.45;152739
24;22;4.91;4.5;0.49;0.45;152852
23;21;4.71;4.3;0.47;0.43;152964
24;22;4.91;4.5;0.49;0.45;153076
23;22;4.71;4.5;0.47;0.45;153188
24;21;4.91;4.3;0.49;0.43;153300
24;22;4.91;4.5;0.49;0.45;153415
22;21;4.5;4.3;0.45;0.43;153527
24;22;4.91;4.5;0.49;0.45;153642
22;22;4.5;4.5;0.45;0.45;153755
23;22;4.71;4.5;0.47;0.45;153868
23;21;4.71;4.3;0.47;0.43;153980
23;22;4.71;4.5;0.47;0.45;154092
22;21;4.5;4.3;0.45;0.43;154204
23;21;4.71;4.3;0.47;0.43;154316
22;21;4.5;4.3;0.45;0.43;154428
24;21;4.91;4.3;0.49;0.43;154540
23;22;4.71;4.5;0.47;0.45;154655
23;22;4.71;4.5;0.47;0.45;154768
18;31;3.68;6.34;0.37;0.63;154880
2;48;0.41;9.82;0.04;0.98;154992
0;42;0;8.59;0;0.86;155107
0;41;0;8.39;0;0.84;155219
0;41;0;8.39;0;0.84;155331
0;47;0;9.61;0;0.96;155456
0;43;0;8.8;0;0.88;155573
0;45;0;9.21;0;0.92;155694
0;41;0;8.39;0;0.84;155807
0;41;0;8.39;0;0.84;155920
0;41;0;8.39;0;0.84;156032
0;40;0;8.18;0;0.82;156144
0;41;0;8.39;0;0.84;156256
0;41;0;8.39;0;0.84;156368
0;41;0;8.39;0;0.84;156480
0;40;0;8.18;0;0.82;156592
0;43;0;8.8;0;0.88;156707
0;43;0;8.8;0;0.88;156820
0;45;0;9.21;0;0.92;156935
0;43;0;8.8;0;0.88;157047
14;32;2.86;6.55;0.29;0.65;157159
21;23;4.3;4.71;0.43;0.47;157271
21;23;4.3;4.71;0.43;0.47;157383
22;23;4.5;4.71;0.45;0.47;157495
22;23;4.5;4.71;0.45;0.47;157607
24;25;4.91;5.11;0.49;0.51;157729
20;22;4.09;4.5;0.41;0.45;157842
21;22;4.3;4.5;0.43;0.45;157955
20;23;4.09;4.71;0.41;0.47;158067
20;22;4.09;4.5;0.41;0.45;158179
20;21;4.09;4.3;0.41;0.43;158291
21;22;4.3;4.5;0.43;0.45;158403
20;22;4.09;4.5;0.41;0.45;158515
21;22;4.3;4.5;0.43;0.45;158630
22;23;4.5;4.71;0.45;0.47;158745
21;23;4.3;4.71;0.43;0.47;158858
22;23;4.5;4.71;0.45;0.47;158970
24;21;4.91;4.3;0.49;0.43;159082
25;21;5.11;4.3;0.51;0.43;159194
25;24;5.11;4.91;0.51;0.49;159306
25;25;5.11;5.11;0.51;0.51;159418
25;24;5.11;4.91;0.51;0.49;159530
24;24;4.91;4.91;0.49;0.49;159642
19;32;3.89;6.55;0.39;0.65;159763
9;36;1.84;7.36;0.18;0.74;159876
15;30;3.07;6.14;0.31;0.61;159989
14;29;2.86;5.93;0.29;0.59;160101
12;32;2.45;6.55;0.25;0.65;160216
13;32;2.66;6.55;0.27;0.65;160331
13;31;2.66;6.34;0.27;0.63;160443
13;31;2.66;6.34;0.27;0.63;160555
13;30;2.66;6.14;0.27;0.61;160667
13;34;2.66;6.96;0.27;0.7;160788
11;32;2.25;6.55;0.23;0.65;160901
12;31;2.45;6.34;0.25;0.63;161014
19;23;3.89;4.71;0.39;0.47;161126
20;22;4.09;4.5;0.41;0.45;161238
19;22;3.89;4.5;0.39;0.45;161350
24;19;4.91;3.89;0.49;0.39;161462
36;10;7.36;2.05;0.74;0.2;161574
31;10;6.34;2.05;0.63;0.2;161686
33;13;6.75;2.66;0.68;0.27;161808
31;13;6.34;2.66;0.63;0.27;161921
31;14;6.34;2.86;0.63;0.29;162036
27;15;5.52;3.07;0.55;0.31;162148
20;23;4.09;4.71;0.41;0.47;162260
20;24;4.09;4.91;0.41;0.49;162372
20;22;4.09;4.5;0.41;0.45;162484
23;22;4.71;4.5;0.47;0.45;162596
23;20;4.71;4.09;0.47;0.41;162708
24;23;4.91;4.71;0.49;0.47;162830
23;21;4.71;4.3;0.47;0.43;162943
22;20;4.5;4.09;0.45;0.41;163055
22;21;4.5;4.3;0.45;0.43;163167
22;19;4.5;3.89;0.45;0.39;163279
25;17;5.11;3.48;0.51;0.35;163391
22;20;4.5;4.09;0.45;0.41;163503
25;18;5.11;3.68;0.51;0.37;163615
28;16;5.73;3.27;0.57;0.33;163729
30;17;6.14;3.48;0.61;0.35;163851
25;20;5.11;4.09;0.51;0.41;163964
22;22;4.5;4.5;0.45;0.45;164077
24;19;4.91;3.89;0.49;0.39;164189
30;13;6.14;2.66;0.61;0.27;164301
31;12;6.34;2.45;0.63;0.25;164413
30;13;6.14;2.66;0.61;0.27;164525
30;13;6.14;2.66;0.61;0.27;164637
30;13;6.14;2.66;0.61;0.27;164749
37;16;7.57;3.27;0.76;0.33;164889
32;13;6.55;2.66;0.65;0.27;165002
29;14;5.93;2.86;0.59;0.29;165114
20;23;4.09;4.71;0.41;0.47;165226
20;22;4.09;4.5;0.41;0.45;165338
22;22;4.5;4.5;0.45;0.45;165453
23;21;4.71;4.3;0.47;0.43;165566
25;18;5.11;3.68;0.51;0.37;165679
31;12;6.34;2.45;0.63;0.25;165792
28;20;5.73;4.09;0.57;0.41;165915
27;17;5.52;3.48;0.55;0.35;166028
29;15;5.93;3.07;0.59;0.31;166141
24;20;4.91;4.09;0.49;0.41;166254
28;15;5.73;3.07;0.57;0.31;166367
22;22;4.5;4.5;0.45;0.45;166480
23;22;4.71;4.5;0.47;0.45;166593
23;21;4.71;4.3;0.47;0.43;166706
23;21;4.71;4.3;0.47;0.43;166819
23;22;4.71;4.5;0.47;0.45;166935
23;20;4.71;4.09;0.47;0.41;167048
23;22;4.71;4.5;0.47;0.45;167163
22;20;4.5;4.09;0.45;0.41;167276
22;20;4.5;4.09;0.45;0.41;167389
21;21;4.3;4.3;0.43;0.43;167502
22;24;4.5;4.91;0.45;0.49;167615
23;22;4.71;4.5;0.47;0.45;167728
23;21;4.71;4.3;0.47;0.43;167841
23;22;4.71;4.5;0.47;0.45;167957
22;21;4.5;4.3;0.45;0.43;168070
23;21;4.71;4.3;0.47;0.43;168183
23;21;4.71;4.3;0.47;0.43;168296
23;22;4.71;4.5;0.47;0.45;168409
22;21;4.5;4.3;0.45;0.43;168522
23;22;4.71;4.5;0.47;0.45;168635
22;21;4.5;4.3;0.45;0.43;168748
23;23;4.71;4.71;0.47;0.47;168863
23;22;4.71;4.5;0.47;0.45;168979
23;22;4.71;4.5;0.47;0.45;169092
23;21;4.71;4.3;0.47;0.43;169205
22;22;4.5;4.5;0.45;0.45;169318
22;22;4.5;4.5;0.45;0.45;169431
23;21;4.71;4.3;0.47;0.43;169544
25;25;5.11;5.11;0.51;0.51;169674
16;30;3.27;6.14;0.33;0.61;169792
13;29;2.66;5.93;0.27;0.59;169905
22;23;4.5;4.71;0.45;0.47;170021
22;21;4.5;4.3;0.45;0.43;170134
21;21;4.3;4.3;0.43;0.43;170247
22;21;4.5;4.3;0.45;0.43;170360
23;22;4.71;4.5;0.47;0.45;170473
22;22;4.5;4.5;0.45;0.45;170586
22;23;4.5;4.71;0.45;0.47;170701
22;22;4.5;4.5;0.45;0.45;170814
22;22;4.5;4.5;0.45;0.45;170927
18;30;3.68;6.14;0.37;0.61;171049
17;26;3.48;5.32;0.35;0.53;171162
20;24;4.09;4.91;0.41;0.49;171275
14;28;2.86;5.73;0.29;0.57;171388
20;23;4.09;4.71;0.41;0.47;171501
23;22;4.71;4.5;0.47;0.45;171614
21;21;4.3;4.3;0.43;0.43;171727
21;22;4.3;4.5;0.43;0.45;171840
16;28;3.27;5.73;0.33;0.57;171953
18;28;3.68;5.73;0.37;0.57;172075
22;21;4.5;4.3;0.45;0.43;172188
15;28;3.07;5.73;0.31;0.57;172301
13;30;2.66;6.14;0.27;0.61;172416
20;22;4.09;4.5;0.41;0.45;172529
20;20;4.09;4.09;0.41;0.41;172642
20;20;4.09;4.09;0.41;0.41;172755
17;21;3.48;4.3;0.35;0.43;172868
16;25;3.27;5.11;0.33;0.51;172981
21;22;4.3;4.5;0.43;0.45;173097
21;22;4.3;4.5;0.43;0.45;173210
22;23;4.5;4.71;0.45;0.47;173323
21;22;4.3;4.5;0.43;0.45;173436
21;22;4.3;4.5;0.43;0.45;173549
21;22;4.3;4.5;0.43;0.45;173662
21;22;4.3;4.5;0.43;0.45;173775
21;22;4.3;4.5;0.43;0.45;173888
21;22;4.3;4.5;0.43;0.45;174001
21;23;4.3;4.71;0.43;0.47;174119
20;22;4.09;4.5;0.41;0.45;174232
21;24;4.3;4.91;0.43;0.49;174354
20;21;4.09;4.3;0.41;0.43;174467
20;22;4.09;4.5;0.41;0.45;174580
19;21;3.89;4.3;0.39;0.43;174693
19;21;3.89;4.3;0.39;0.43;174806
20;20;4.09;4.09;0.41;0.41;174919
19;21;3.89;4.3;0.39;0.43;175032
22;22;4.5;4.5;0.45;0.45;175148
21;21;4.3;4.3;0.43;0.43;175261
21;22;4.3;4.5;0.43;0.45;175374
21;21;4.3;4.3;0.43;0.43;175487
21;21;4.3;4.3;0.43;0.43;175600
21;20;4.3;4.09;0.43;0.41;175713
21;21;4.3;4.3;0.43;0.43;175828
20;21;4.09;4.3;0.41;0.43;175941
22;20;4.5;4.09;0.45;0.41;176054
22;21;4.5;4.3;0.45;0.43;176170
22;22;4.5;4.5;0.45;0.45;176283
22;22;4.5;4.5;0.45;0.45;176396
22;22;4.5;4.5;0.45;0.45;176509
21;21;4.3;4.3;0.43;0.43;176622
21;21;4.3;4.3;0.43;0.43;176735
20;21;4.09;4.3;0.41;0.43;176848
20;20;4.09;4.09;0.41;0.41;176961
21;21;4.3;4.3;0.43;0.43;177074
22;22;4.5;4.5;0.45;0.45;177190
21;21;4.3;4.3;0.43;0.43;177303
21;21;4.3;4.3;0.43;0.43;177416
21;21;4.3;4.3;0.43;0.43;177531
21;20;4.3;4.09;0.43;0.41;177644
20;20;4.09;4.09;0.41;0.41;177757
20;20;4.09;4.09;0.41;0.41;177870
21;20;4.3;4.09;0.43;0.41;177983
21;22;4.3;4.5;0.43;0.45;178100
23;21;4.71;4.3;0.47;0.43;178216
21;21;4.3;4.3;0.43;0.43;178329
22;21;4.5;4.3;0.45;0.43;178442
22;22;4.5;4.5;0.45;0.45;178555
22;21;4.5;4.3;0.45;0.43;178668
21;21;4.3;4.3;0.43;0.43;178781
21;22;4.3;4.5;0.43;0.45;178894
21;23;4.3;4.71;0.43;0.47;179006
26;26;5.32;5.32;0.53;0.53;179144
24;23;4.91;4.71;0.49;0.47;179262
21;22;4.3;4.5;0.43;0.45;179375
22;21;4.5;4.3;0.45;0.43;179488
22;22;4.5;4.5;0.45;0.45;179601
21;22;4.3;4.5;0.43;0.45;179714
21;21;4.3;4.3;0.43;0.43;179827
21;21;4.3;4.3;0.43;0.43;179940
21;22;4.3;4.5;0.43;0.45;180053
21;21;4.3;4.3;0.43;0.43;180166
22;22;4.5;4.5;0.45;0.45;180282
22;23;4.5;4.71;0.45;0.47;180395
21;22;4.3;4.5;0.43;0.45;180508
21;21;4.3;4.3;0.43;0.43;180621
21;21;4.3;4.3;0.43;0.43;180734
21;21;4.3;4.3;0.43;0.43;180847
21;22;4.3;4.5;0.43;0.45;180962
21;22;4.3;4.5;0.43;0.45;181075
32;14;6.55;2.86;0.65;0.29;181188
27;19;5.52;3.89;0.55;0.39;181304
25;19;5.11;3.89;0.51;0.39;181417
25;19;5.11;3.89;0.51;0.39;181530
26;17;5.32;3.48;0.53;0.35;181643
28;15;5.73;3.07;0.57;0.31;181756
24;20;4.91;4.09;0.49;0.41;181869
26;17;5.32;3.48;0.53;0.35;181982
25;19;5.11;3.89;0.51;0.39;182095
23;20;4.71;4.09;0.47;0.41;182208
29;16;5.93;3.27;0.59;0.33;182324
21;23;4.3;4.71;0.43;0.47;182437
23;21;4.71;4.3;0.47;0.43;182550
24;20;4.91;4.09;0.49;0.41;182665
28;14;5.73;2.86;0.57;0.29;182778
22;20;4.5;4.09;0.45;0.41;182891
21;21;4.3;4.3;0.43;0.43;183004
22;20;4.5;4.09;0.45;0.41;183117
21;20;4.3;4.09;0.43;0.41;183230
22;21;4.5;4.3;0.45;0.43;183346
22;21;4.5;4.3;0.45;0.43;183459
22;21;4.5;4.3;0.45;0.43;183572
23;21;4.71;4.3;0.47;0.43;183685
21;20;4.3;4.09;0.43;0.41;183797
24;22;4.91;4.5;0.49;0.45;183919
22;20;4.5;4.09;0.45;0.41;184032
22;21;4.5;4.3;0.45;0.43;184145
22;21;4.5;4.3;0.45;0.43;184258
22;22;4.5;4.5;0.45;0.45;184376
22;20;4.5;4.09;0.45;0.41;184489
22;21;4.5;4.3;0.45;0.43;184602
22;20;4.5;4.09;0.45;0.41;184715
22;21;4.5;4.3;0.45;0.43;184828
22;20;4.5;4.09;0.45;0.41;184941
23;21;4.71;4.3;0.47;0.43;185054
22;21;4.5;4.3;0.45;0.43;185167
21;20;4.3;4.09;0.43;0.41;185280
22;21;4.5;4.3;0.45;0.43;185396
23;21;4.71;4.3;0.47;0.43;185509
22;20;4.5;4.09;0.45;0.41;185622
21;20;4.3;4.09;0.43;0.41;185735
21;21;4.3;4.3;0.43;0.43;185848
22;20;4.5;4.09;0.45;0.41;185961
24;22;4.91;4.5;0.49;0.45;186076
23;21;4.71;4.3;0.47;0.43;186189
23;21;4.71;4.3;0.47;0.43;186302
23;22;4.71;4.5;0.47;0.45;186418
22;21;4.5;4.3;0.45;0.43;186531
23;22;4.71;4.5;0.47;0.45;186648
22;21;4.5;4.3;0.45;0.43;186761
22;20;4.5;4.09;0.45;0.41;186874
21;21;4.3;4.3;0.43;0.43;186987
22;21;4.5;4.3;0.45;0.43;187100
22;21;4.5;4.3;0.45;0.43;187213
22;21;4.5;4.3;0.45;0.43;187326
22;21;4.5;4.3;0.45;0.43;187442
23;21;4.71;4.3;0.47;0.43;187555
22;20;4.5;4.09;0.45;0.41;187668
22;21;4.5;4.3;0.45;0.43;187783
22;20;4.5;4.09;0.45;0.41;187896
21;21;4.3;4.3;0.43;0.43;188009
22;21;4.5;4.3;0.45;0.43;188122
22;20;4.5;4.09;0.45;0.41;188235
22;21;4.5;4.3;0.45;0.43;188348
31;45;6.34;9.21;0.63;0.92;188464
0;0;0;0;0;0;188575
20;19;4.09;3.89;0.41;0.39;188706
28;28;5.73;5.73;0.57;0.57;188824
25;31;5.11;6.34;0.51;0.63;188938
17;39;3.48;7.98;0.35;0.8;189052
26;30;5.32;6.14;0.53;0.61;189166
24;29;4.91;5.93;0.49;0.59;189280
22;32;4.5;6.55;0.45;0.65;189394
25;27;5.11;5.52;0.51;0.55;189507
27;26;5.52;5.32;0.55;0.53;189620
27;27;5.52;5.52;0.55;0.55;189735
28;28;5.73;5.73;0.57;0.57;189848
40;19;8.18;3.89;0.82;0.39;189961
32;25;6.55;5.11;0.65;0.51;190074
34;25;6.96;5.11;0.7;0.51;190187
27;29;5.52;5.93;0.55;0.59;190300
35;23;7.16;4.71;0.72;0.47;190413
27;29;5.52;5.93;0.55;0.59;190526
28;28;5.73;5.73;0.57;0.57;190641
29;29;5.93;5.93;0.59;0.59;190758
28;27;5.73;5.52;0.57;0.55;190871
27;27;5.52;5.52;0.55;0.55;190984
28;27;5.73;5.52;0.57;0.55;191097
28;27;5.73;5.52;0.57;0.55;191210
27;26;5.52;5.32;0.55;0.53;191323
29;27;5.93;5.52;0.59;0.55;191436
31;25;6.34;5.11;0.63;0.51;191549
38;18;7.77;3.68;0.78;0.37;191662
29;27;5.93;5.52;0.59;0.55;191779
27;28;5.52;5.73;0.55;0.57;191892
27;27;5.52;5.52;0.55;0.55;192005
24;31;4.91;6.34;0.49;0.63;192118
16;42;3.27;8.59;0.33;0.86;192232
26;29;5.32;5.93;0.53;0.59;192347
27;28;5.52;5.73;0.55;0.57;192463
27;27;5.52;5.52;0.55;0.55;192576
26;28;5.32;5.73;0.53;0.57;192689
27;27;5.52;5.52;0.55;0.55;192804
20;34;4.09;6.96;0.41;0.7;192917
19;36;3.89;7.36;0.39;0.74;193030
26;28;5.32;5.73;0.53;0.57;193143
26;27;5.32;5.52;0.53;0.55;193256
27;30;5.52;6.14;0.55;0.61;193369
27;28;5.52;5.73;0.55;0.57;193482
26;27;5.32;5.52;0.53;0.55;193595
27;28;5.52;5.73;0.55;0.57;193708
27;28;5.52;5.73;0.55;0.57;193823
32;25;6.55;5.11;0.65;0.51;193936
42;13;8.59;2.66;0.86;0.27;194049
37;19;7.57;3.89;0.76;0.39;194164
27;27;5.52;5.52;0.55;0.55;194277
27;28;5.52;5.73;0.55;0.57;194390
27;27;5.52;5.52;0.55;0.55;194503
27;26;5.52;5.32;0.55;0.53;194616
26;29;5.32;5.93;0.53;0.59;194729
25;31;5.11;6.34;0.51;0.63;194846
19;37;3.89;7.57;0.39;0.76;194965
38;18;7.77;3.68;0.78;0.37;195078
39;15;7.98;3.07;0.8;0.31;195191
37;16;7.57;3.27;0.76;0.33;195304
24;30;4.91;6.14;0.49;0.61;195417
14;38;2.86;7.77;0.29;0.78;195530
26;26;5.32;5.32;0.53;0.53;195643
26;26;5.32;5.32;0.53;0.53;195756
28;28;5.73;5.73;0.57;0.57;195873
27;27;5.52;5.52;0.55;0.55;195985
25;30;5.11;6.14;0.51;0.61;196098
28;26;5.73;5.32;0.57;0.53;196211
36;18;7.36;3.68;0.74;0.37;196324
30;25;6.14;5.11;0.61;0.51;196437
30;24;6.14;4.91;0.61;0.49;196550
27;27;5.52;5.52;0.55;0.55;196663
27;26;5.52;5.32;0.55;0.53;196776
28;28;5.73;5.73;0.57;0.57;196893
27;26;5.52;5.32;0.55;0.53;197006
27;26;5.52;5.32;0.55;0.53;197119
32;32;6.55;6.55;0.65;0.65;197255
27;26;5.52;5.32;0.55;0.53;197368
33;22;6.75;4.5;0.68;0.45;197481
30;25;6.14;5.11;0.61;0.51;197594
38;17;7.77;3.48;0.78;0.35;197709
28;25;5.73;5.11;0.57;0.51;197822
26;29;5.32;5.93;0.53;0.59;197939
24;27;4.91;5.52;0.49;0.55;198052
27;25;5.52;5.11;0.55;0.51;198165
27;26;5.52;5.32;0.55;0.53;198278
35;20;7.16;4.09;0.72;0.41;198391
31;24;6.34;4.91;0.63;0.49;198504
26;27;5.32;5.52;0.53;0.55;198617
27;26;5.52;5.32;0.55;0.53;198730
27;26;5.52;5.32;0.55;0.53;198843
38;21;7.77;4.3;0.78;0.43;198965
28;26;5.73;5.32;0.57;0.53;199078
28;27;5.73;5.52;0.57;0.55;199191
33;21;6.75;4.3;0.68;0.43;199304
38;16;7.77;3.27;0.78;0.33;199417
39;14;7.98;2.86;0.8;0.29;199532
38;14;7.77;2.86;0.78;0.29;199645
38;13;7.77;2.66;0.78;0.27;199758
35;16;7.16;3.27;0.72;0.33;199871
31;25;6.34;5.11;0.63;0.51;199992
36;17;7.36;3.48;0.74;0.35;200105
30;24;6.14;4.91;0.61;0.49;200218
31;24;6.34;4.91;0.63;0.49;200331
19;36;3.89;7.36;0.39;0.74;200444
21;31;4.3;6.34;0.43;0.63;200557
25;26;5.11;5.32;0.51;0.53;200670
25;25;5.11;5.11;0.51;0.51;200783
25;23;5.11;4.71;0.51;0.47;200896
28;23;5.73;4.71;0.57;0.47;201011
24;29;4.91;5.93;0.49;0.59;201124
14;40;2.86;8.18;0.29;0.82;201239
15;37;3.07;7.57;0.31;0.76;201352
21;31;4.3;6.34;0.43;0.63;201465
23;29;4.71;5.93;0.47;0.59;201578
23;27;4.71;5.52;0.47;0.55;201691
26;25;5.32;5.11;0.53;0.51;201804
27;28;5.52;5.73;0.55;0.57;201917
29;30;5.93;6.14;0.59;0.61;202041
31;22;6.34;4.5;0.63;0.45;202154
29;24;5.93;4.91;0.59;0.49;202267
35;18;7.16;3.68;0.72;0.37;202380
25;26;5.11;5.32;0.51;0.53;202493
23;30;4.71;6.14;0.47;0.61;202606
18;35;3.68;7.16;0.37;0.72;202719
24;29;4.91;5.93;0.49;0.59;202832
23;29;4.71;5.93;0.47;0.59;202945
28;27;5.73;5.52;0.57;0.55;203062
34;18;6.96;3.68;0.7;0.37;203175
34;17;6.96;3.48;0.7;0.35;203288
24;26;4.91;5.32;0.49;0.53;203401
26;25;5.32;5.11;0.53;0.51;203514
27;26;5.52;5.32;0.55;0.53;203628
26;25;5.32;5.11;0.53;0.51;203741
24;29;4.91;5.93;0.49;0.59;203854
16;35;3.27;7.16;0.33;0.72;203967
25;27;5.11;5.52;0.51;0.55;204084
25;25;5.11;5.11;0.51;0.51;204197
32;23;6.55;4.71;0.65;0.47;204310
40;13;8.18;2.66;0.82;0.27;204423
21;34;4.3;6.96;0.43;0.7;204536
21;33;4.3;6.75;0.43;0.68;204649
18;36;3.68;7.36;0.37;0.74;204764
27;25;5.52;5.11;0.55;0.51;204877
26;25;5.32;5.11;0.53;0.51;204990
30;25;6.14;5.11;0.61;0.51;205107
35;17;7.16;3.48;0.72;0.35;205220
25;27;5.11;5.52;0.51;0.55;205333
32;21;6.55;4.3;0.65;0.43;205446
25;27;5.11;5.52;0.51;0.55;205559
26;25;5.32;5.11;0.53;0.51;205672
26;25;5.32;5.11;0.53;0.51;205785
25;26;5.11;5.32;0.51;0.53;205898
26;25;5.32;5.11;0.53;0.51;206011
27;26;5.52;5.32;0.55;0.53;206126
24;29;4.91;5.93;0.49;0.59;206239
14;37;2.86;7.57;0.29;0.76;206352
16;33;3.27;6.75;0.33;0.68;206465
25;27;5.11;5.52;0.51;0.55;206580
32;33;6.55;6.75;0.65;0.68;206726
25;26;5.11;5.32;0.51;0.53;206839
30;23;6.14;4.71;0.61;0.47;206952
37;14;7.57;2.86;0.76;0.29;207065
35;20;7.16;4.09;0.72;0.41;207186
36;14;7.36;2.86;0.74;0.29;207299
35;15;7.16;3.07;0.72;0.31;207412
28;25;5.73;5.11;0.57;0.51;207525
24;26;4.91;5.32;0.49;0.53;207638
25;25;5.11;5.11;0.51;0.51;207751
26;25;5.32;5.11;0.53;0.51;207864
26;24;5.32;4.91;0.53;0.49;207977
26;25;5.32;5.11;0.53;0.51;208090
26;29;5.32;5.93;0.53;0.59;208211
14;38;2.86;7.77;0.29;0.78;208326
14;36;2.86;7.36;0.29;0.74;208439
15;37;3.07;7.57;0.31;0.76;208552
14;36;2.86;7.36;0.29;0.74;208665
21;30;4.3;6.14;0.43;0.61;208778
30;22;6.14;4.5;0.61;0.45;208891
42;11;8.59;2.25;0.86;0.23;209004
39;12;7.98;2.45;0.8;0.25;209117
40;12;8.18;2.45;0.82;0.25;209238
39;10;7.98;2.05;0.8;0.2;209351
38;10;7.77;2.05;0.78;0.2;209464
37;10;7.57;2.05;0.76;0.2;209577
38;11;7.77;2.25;0.78;0.23;209690
37;11;7.57;2.25;0.76;0.23;209803
41;9;8.39;1.84;0.84;0.18;209916
47;3;9.61;0.61;0.96;0.06;210029
36;12;7.36;2.45;0.74;0.25;210144
37;13;7.57;2.66;0.76;0.27;210259
37;13;7.57;2.66;0.76;0.27;210372
36;14;7.36;2.86;0.74;0.29;210485
37;13;7.57;2.66;0.76;0.27;210598
37;12;7.57;2.45;0.76;0.25;210711
36;13;7.36;2.66;0.74;0.27;210824
37;11;7.57;2.25;0.76;0.23;210937
37;12;7.57;2.45;0.76;0.25;211050
37;11;7.57;2.25;0.76;0.23;211163
36;13;7.36;2.66;0.74;0.27;211278
33;18;6.75;3.68;0.68;0.37;211391
25;27;5.11;5.52;0.51;0.55;211513
25;24;5.11;4.91;0.51;0.49;211626
26;25;5.32;5.11;0.53;0.51;211740
26;25;5.32;5.11;0.53;0.51;211855
26;25;5.32;5.11;0.53;0.51;211968
25;24;5.11;4.91;0.51;0.49;212080
25;24;5.11;4.91;0.51;0.49;212193
23;34;4.71;6.96;0.47;0.7;212315
27;25;5.52;5.11;0.55;0.51;212428
25;25;5.11;5.11;0.51;0.51;212541
25;24;5.11;4.91;0.51;0.49;212654
25;25;5.11;5.11;0.51;0.51;212766
25;25;5.11;5.11;0.51;0.51;212879
22;28;4.5;5.73;0.45;0.57;212991
14;37;2.86;7.57;0.29;0.76;213104
15;35;3.07;7.16;0.31;0.72;213216
37;22;7.57;4.5;0.76;0.45;213338
36;15;7.36;3.07;0.74;0.31;213451
25;25;5.11;5.11;0.51;0.51;213564
27;25;5.52;5.11;0.55;0.51;213679
36;15;7.36;3.07;0.74;0.31;213792
23;24;4.71;4.91;0.47;0.49;213905
24;23;4.91;4.71;0.49;0.47;214018
25;24;5.11;4.91;0.51;0.49;214131
34;18;6.96;3.68;0.7;0.37;214244
38;14;7.77;2.86;0.78;0.29;214362
35;13;7.16;2.66;0.72;0.27;214475
36;15;7.36;3.07;0.74;0.31;214588
36;14;7.36;2.86;0.74;0.29;214701
37;12;7.57;2.45;0.76;0.25;214814
37;12;7.57;2.45;0.76;0.25;214927
36;12;7.36;2.45;0.74;0.25;215040
37;12;7.57;2.45;0.76;0.25;215153
38;12;7.77;2.45;0.78;0.25;215266
39;12;7.98;2.45;0.8;0.25;215383
37;10;7.57;2.05;0.76;0.2;215496
37;9;7.57;1.84;0.76;0.18;215609
38;11;7.77;2.25;0.78;0.23;215722
37;10;7.57;2.05;0.76;0.2;215835
39;9;7.98;1.84;0.8;0.18;215948
38;8;7.77;1.64;0.78;0.16;216061
37;10;7.57;2.05;0.76;0.2;216173
48;12;9.82;2.45;0.98;0.25;216316
39;10;7.98;2.05;0.8;0.2;216431
39;10;7.98;2.05;0.8;0.2;216544
39;11;7.98;2.25;0.8;0.23;216657
39;11;7.98;2.25;0.8;0.23;216770
39;11;7.98;2.25;0.8;0.23;216883
39;10;7.98;2.05;0.8;0.2;216996
39;11;7.98;2.25;0.8;0.23;217109
39;10;7.98;2.05;0.8;0.2;217224
39;10;7.98;2.05;0.8;0.2;217337
39;9;7.98;1.84;0.8;0.18;217452
38;9;7.77;1.84;0.78;0.18;217565
38;8;7.77;1.64;0.78;0.16;217678
38;10;7.77;2.05;0.78;0.2;217791
38;10;7.77;2.05;0.78;0.2;217904
38;10;7.77;2.05;0.78;0.2;218017
39;11;7.98;2.25;0.8;0.23;218130
37;10;7.57;2.05;0.76;0.2;218243
36;13;7.36;2.66;0.74;0.27;218356
37;14;7.57;2.86;0.76;0.29;218471
38;13;7.77;2.66;0.78;0.27;218584
35;12;7.16;2.45;0.72;0.25;218697
36;14;7.36;2.86;0.74;0.29;218810
36;15;7.36;3.07;0.74;0.31;218925
35;15;7.16;3.07;0.72;0.31;219038
34;15;6.96;3.07;0.7;0.31;219150
35;15;7.16;3.07;0.72;0.31;219263
34;14;6.96;2.86;0.7;0.29;219375
35;16;7.16;3.27;0.72;0.33;219490
32;18;6.55;3.68;0.65;0.37;219603
14;35;2.86;7.16;0.29;0.72;219715
14;32;2.86;6.55;0.29;0.65;219827
23;26;4.71;5.32;0.47;0.53;219939
26;25;5.32;5.11;0.53;0.51;220051
38;12;7.77;2.45;0.78;0.25;220163
31;20;6.34;4.09;0.63;0.41;220275
25;23;5.11;4.71;0.51;0.47;220387
27;26;5.52;5.32;0.55;0.53;220509
26;26;5.32;5.32;0.53;0.53;220628
25;25;5.11;5.11;0.51;0.51;220743
24;25;4.91;5.11;0.49;0.51;220856
27;35;5.52;7.16;0.55;0.72;220995
12;38;2.45;7.77;0.25;0.78;221108
14;35;2.86;7.16;0.29;0.72;221220
16;34;3.27;6.96;0.33;0.7;221333
26;25;5.32;5.11;0.53;0.51;221445
27;23;5.52;4.71;0.55;0.47;221562
25;25;5.11;5.11;0.51;0.51;221675
24;26;4.91;5.32;0.49;0.53;221788
24;25;4.91;5.11;0.49;0.51;221900
40;17;8.18;3.48;0.82;0.35;222013
32;20;6.55;4.09;0.65;0.41;222125
42;10;8.59;2.05;0.86;0.2;222238
34;15;6.96;3.07;0.7;0.31;222350
36;15;7.36;3.07;0.74;0.31;222465
35;18;7.16;3.68;0.72;0.37;222586
33;19;6.75;3.89;0.68;0.39;222699
36;14;7.36;2.86;0.74;0.29;222812
37;11;7.57;2.25;0.76;0.23;222925
36;9;7.36;1.84;0.74;0.18;223037
36;11;7.36;2.25;0.74;0.23;223150
36;12;7.36;2.45;0.74;0.25;223262
36;12;7.36;2.45;0.74;0.25;223375
36;13;7.36;2.66;0.74;0.27;223487
37;13;7.57;2.66;0.76;0.27;223602
37;13;7.57;2.66;0.76;0.27;223715
38;12;7.77;2.45;0.78;0.25;223828
37;10;7.57;2.05;0.76;0.2;223940
37;10;7.57;2.05;0.76;0.2;224053
37;10;7.57;2.05;0.76;0.2;224165
38;12;7.77;2.45;0.78;0.25;224280
37;11;7.57;2.25;0.76;0.23;224392
36;12;7.36;2.45;0.74;0.25;224505
38;11;7.77;2.25;0.78;0.23;224620
37;12;7.57;2.45;0.76;0.25;224733
37;12;7.57;2.45;0.76;0.25;224845
37;10;7.57;2.05;0.76;0.2;224958
36;8;7.36;1.64;0.74;0.16;225070
36;8;7.36;1.64;0.74;0.16;225183
36;8;7.36;1.64;0.74;0.16;225295
37;9;7.57;1.84;0.76;0.18;225408
36;10;7.36;2.05;0.74;0.2;225520
38;12;7.77;2.45;0.78;0.25;225635
40;12;8.18;2.45;0.82;0.25;225758
36;12;7.36;2.45;0.74;0.25;225871
36;12;7.36;2.45;0.74;0.25;225983
37;12;7.57;2.45;0.76;0.25;226098
36;12;7.36;2.45;0.74;0.25;226210
36;11;7.36;2.25;0.74;0.23;226323
36;11;7.36;2.25;0.74;0.23;226435
35;10;7.16;2.05;0.72;0.2;226548
34;14;6.96;2.86;0.7;0.29;226663
27;23;5.52;4.71;0.55;0.47;226776
24;24;4.91;4.91;0.49;0.49;226888
25;24;5.11;4.91;0.51;0.49;227001
25;24;5.11;4.91;0.51;0.49;227113
26;23;5.32;4.71;0.53;0.47;227226
25;23;5.11;4.71;0.51;0.47;227338
25;24;5.11;4.91;0.51;0.49;227451
26;25;5.32;5.11;0.53;0.51;227563
27;25;5.52;5.11;0.55;0.51;227685
17;36;3.48;7.36;0.35;0.74;227800
20;30;4.09;6.14;0.41;0.61;227913
29;22;5.93;4.5;0.59;0.45;228025
33;18;6.75;3.68;0.68;0.37;228138
24;25;4.91;5.11;0.49;0.51;228250
22;26;4.5;5.32;0.45;0.53;228363
21;28;4.3;5.73;0.43;0.57;228475
15;35;3.07;7.16;0.31;0.72;228588
24;26;4.91;5.32;0.49;0.53;228703
29;21;5.93;4.3;0.59;0.43;228816
38;13;7.77;2.66;0.78;0.27;228930
25;23;5.11;4.71;0.51;0.47;229043
23;24;4.71;4.91;0.47;0.49;229155
24;24;4.91;4.91;0.49;0.49;229268
24;23;4.91;4.71;0.49;0.47;229380
24;24;4.91;4.91;0.49;0.49;229493
25;24;5.11;4.91;0.51;0.49;229608
26;25;5.32;5.11;0.53;0.51;229723
25;24;5.11;4.91;0.51;0.49;229836
24;24;4.91;4.91;0.49;0.49;229949
28;19;5.73;3.89;0.57;0.39;230061
25;24;5.11;4.91;0.51;0.49;230173
24;24;4.91;4.91;0.49;0.49;230286
24;24;4.91;4.91;0.49;0.49;230398
30;29;6.14;5.93;0.61;0.59;230536
21;29;4.3;5.93;0.43;0.59;230648
11;40;2.25;8.18;0.23;0.82;230770
16;32;3.27;6.55;0.33;0.65;230883
25;23;5.11;4.71;0.51;0.47;230996
25;24;5.11;4.91;0.51;0.49;231108
25;26;5.11;5.32;0.51;0.53;231220
25;25;5.11;5.11;0.51;0.51;231335
17;33;3.48;6.75;0.35;0.68;231447
13;34;2.66;6.96;0.27;0.7;231559
16;33;3.27;6.75;0.33;0.68;231671
25;27;5.11;5.52;0.51;0.55;231793
20;31;4.09;6.34;0.41;0.63;231906
2;48;0.41;9.82;0.04;0.98;232019
43;19;8.8;3.89;0.88;0.39;232131
21;44;4.3;9;0.43;0.9;232243
20;37;4.09;7.57;0.41;0.76;232355
55;10;11.25;2.05;1.13;0.2;232468
47;0;9.61;0;0.96;0;232580
17;44;3.48;9;0.35;0.9;232692
18;42;3.68;8.59;0.37;0.86;232813
43;23;8.8;4.71;0.88;0.47;232926
23;43;4.71;8.8;0.47;0.88;233039
56;6;11.46;1.23;1.15;0.12;233154
46;0;9.41;0;0.94;0;233266
45;0;9.21;0;0.92;0;233378
45;0;9.21;0;0.92;0;233490
45;0;9.21;0;0.92;0;233602
45;0;9.21;0;0.92;0;233714
48;0;9.82;0;0.98;0;233836
44;0;9;0;0.9;0;233949
45;0;9.21;0;0.92;0;234062
44;0;9;0;0.9;0;234174
35;9;7.16;1.84;0.72;0.18;234286
37;12;7.57;2.45;0.76;0.25;234398
38;11;7.77;2.25;0.78;0.23;234510
34;15;6.96;3.07;0.7;0.31;234622
34;14;6.96;2.86;0.7;0.29;234734
36;16;7.36;3.27;0.74;0.33;234855
34;15;6.96;3.07;0.7;0.31;234970
34;15;6.96;3.07;0.7;0.31;235082
33;19;6.75;3.89;0.68;0.39;235204
20;30;4.09;6.14;0.41;0.61;235316
13;36;2.66;7.36;0.27;0.74;235428
12;35;2.45;7.16;0.25;0.72;235540
13;35;2.66;7.16;0.27;0.72;235652
13;35;2.66;7.16;0.27;0.72;235764
16;36;3.27;7.36;0.33;0.74;235886
24;25;4.91;5.11;0.49;0.51;235999
24;25;4.91;5.11;0.49;0.51;236112
25;24;5.11;4.91;0.51;0.49;236224
24;23;4.91;4.71;0.49;0.47;236336
24;23;4.91;4.71;0.49;0.47;236448
25;24;5.11;4.91;0.51;0.49;236560
25;25;5.11;5.11;0.51;0.51;236675
20;30;4.09;6.14;0.41;0.61;236787
3;50;0.61;10.23;0.06;1.02;236908
0;45;0;9.21;0;0.92;237021
2;45;0.41;9.21;0.04;0.92;237134
3;44;0.61;9;0.06;0.9;237246
8;42;1.64;8.59;0.16;0.86;237358
50;14;10.23;2.86;1.02;0.29;237472
47;0;9.61;0;0.96;0;237584
45;0;9.21;0;0.92;0;237696
45;0;9.21;0;0.92;0;237808
50;0;10.23;0;1.02;0;237930
46;0;9.41;0;0.94;0;238043
46;0;9.41;0;0.94;0;238156
44;0;9;0;0.9;0;238268
45;0;9.21;0;0.92;0;238380
47;0;9.61;0;0.96;0;238495
44;0;9;0;0.9;0;238607
44;64;9;13.09;0.9;1.31;238719
43;14;8.8;2.86;0.88;0.29;238831
45;0;9.21;0;0.92;0;238946
45;0;9.21;0;0.92;0;239059
44;0;9;0;0.9;0;239171
45;0;9.21;0;0.92;0;239283
44;0;9;0;0.9;0;239395
45;0;9.21;0;0.92;0;239507
46;0;9.41;0;0.94;0;239619
46;0;9.41;0;0.94;0;239731
47;0;9.61;0;0.96;0;239843
58;0;11.86;0;1.19;0;239984
63;0;12.89;0;1.29;0;240140
47;0;9.61;0;0.96;0;240253
46;0;9.41;0;0.94;0;240368
45;0;9.21;0;0.92;0;240480
45;0;9.21;0;0.92;0;240592
46;0;9.41;0;0.94;0;240704
45;0;9.21;0;0.92;0;240816
53;0;10.84;0;1.08;0;240949
41;7;8.39;1.43;0.84;0.14;241062
43;7;8.8;1.43;0.88;0.14;241175
26;23;5.32;4.71;0.53;0.47;241287
23;24;4.71;4.91;0.47;0.49;241399
26;23;5.32;4.71;0.53;0.47;241511
25;22;5.11;4.5;0.51;0.45;241623
26;23;5.32;4.71;0.53;0.47;241735
29;27;5.93;5.52;0.59;0.55;241865
27;25;5.52;5.11;0.55;0.51;241987
26;24;5.32;4.91;0.53;0.49;242102
26;23;5.32;4.71;0.53;0.47;242214
25;23;5.11;4.71;0.51;0.47;242326
25;24;5.11;4.91;0.51;0.49;242438
25;22;5.11;4.5;0.51;0.45;242550
24;23;4.91;4.71;0.49;0.47;242662
27;26;5.52;5.32;0.55;0.53;242788
25;23;5.11;4.71;0.51;0.47;242900
25;24;5.11;4.91;0.51;0.49;243015
26;23;5.32;4.71;0.53;0.47;243128
24;22;4.91;4.5;0.49;0.45;243240
24;23;4.91;4.71;0.49;0.47;243352
24;22;4.91;4.5;0.49;0.45;243464
24;23;4.91;4.71;0.49;0.47;243576
30;27;6.14;5.52;0.61;0.55;243711
24;23;4.91;4.71;0.49;0.47;243823
24;23;4.91;4.71;0.49;0.47;243938
25;22;5.11;4.5;0.51;0.45;244053
25;24;5.11;4.91;0.51;0.49;244166
27;23;5.52;4.71;0.55;0.47;244278
26;24;5.32;4.91;0.53;0.49;244390
32;29;6.55;5.93;0.65;0.59;244528
26;24;5.32;4.91;0.53;0.49;244640
26;24;5.32;4.91;0.53;0.49;244752
28;26;5.73;5.32;0.57;0.53;244867
25;24;5.11;4.91;0.51;0.49;244979
27;24;5.52;4.91;0.55;0.49;245094
26;25;5.32;5.11;0.53;0.51;245207
26;23;5.32;4.71;0.53;0.47;245319
30;28;6.14;5.73;0.61;0.57;245458
24;22;4.91;4.5;0.49;0.45;245570
23;22;4.71;4.5;0.47;0.45;245682
23;21;4.71;4.3;0.47;0.43;245793
23;21;4.71;4.3;0.47;0.43;245906
21;21;4.3;4.3;0.43;0.43;246019
23;21;4.71;4.3;0.47;0.43;246135
25;23;5.11;4.71;0.51;0.47;246254
29;29;5.93;5.93;0.59;0.59;246394
27;25;5.52;5.11;0.55;0.51;246507
26;25;5.32;5.11;0.53;0.51;246620
25;24;5.11;4.91;0.51;0.49;246733
23;30;4.71;6.14;0.47;0.61;246846
10;41;2.05;8.39;0.2;0.84;246959
17;33;3.48;6.75;0.35;0.68;247072
24;30;4.91;6.14;0.49;0.61;247194
18;41;3.68;8.39;0.37;0.84;247333
15;34;3.07;6.96;0.31;0.7;247446
21;29;4.3;5.93;0.43;0.59;247561
25;25;5.11;5.11;0.51;0.51;247674
23;25;4.71;5.11;0.47;0.51;247787
24;25;4.91;5.11;0.49;0.51;247900
23;24;4.71;4.91;0.47;0.49;248013
24;25;4.91;5.11;0.49;0.51;248126
31;31;6.34;6.34;0.63;0.63;248274
29;22;5.93;4.5;0.59;0.45;248387
38;11;7.77;2.25;0.78;0.23;248500
35;12;7.16;2.45;0.72;0.25;248613
35;14;7.16;2.86;0.72;0.29;248726
27;21;5.52;4.3;0.55;0.43;248839
23;24;4.71;4.91;0.47;0.49;248952
24;25;4.91;5.11;0.49;0.51;249065
32;30;6.55;6.14;0.65;0.61;249205
26;25;5.32;5.11;0.53;0.51;249320
27;25;5.52;5.11;0.55;0.51;249435
25;24;5.11;4.91;0.51;0.49;249548
25;23;5.11;4.71;0.51;0.47;249661
30;27;6.14;5.52;0.61;0.55;249792
25;25;5.11;5.11;0.51;0.51;249910
35;28;7.16;5.73;0.72;0.57;250048
26;23;5.32;4.71;0.53;0.47;250161
29;25;5.93;5.11;0.59;0.51;250277
24;23;4.91;4.71;0.49;0.47;250390
27;24;5.52;4.91;0.55;0.49;250503
27;24;5.52;4.91;0.55;0.49;250616
25;24;5.11;4.91;0.51;0.49;250729
25;24;5.11;4.91;0.51;0.49;250842
31;29;6.34;5.93;0.63;0.59;250981
25;23;5.11;4.71;0.51;0.47;251094
26;24;5.32;4.91;0.53;0.49;251209
26;24;5.32;4.91;0.53;0.49;251325
27;24;5.52;4.91;0.55;0.49;251438
28;23;5.73;4.71;0.57;0.47;251551
25;24;5.11;4.91;0.51;0.49;251664
28;24;5.73;4.91;0.57;0.49;251777
32;29;6.55;5.93;0.65;0.59;251919
26;23;5.32;4.71;0.53;0.47;252032
26;23;5.32;4.71;0.53;0.47;252145
26;24;5.32;4.91;0.53;0.49;252258
25;23;5.11;4.71;0.51;0.47;252374
26;24;5.32;4.91;0.53;0.49;252487
25;24;5.11;4.91;0.51;0.49;252600
26;23;5.32;4.71;0.53;0.47;252713
34;29;6.96;5.93;0.7;0.59;252851
24;23;4.91;4.71;0.49;0.47;252964
26;24;5.32;4.91;0.53;0.49;253079
25;24;5.11;4.91;0.51;0.49;253192
25;24;5.11;4.91;0.51;0.49;253305
26;24;5.32;4.91;0.53;0.49;253421
25;23;5.11;4.71;0.51;0.47;253534
31;28;6.34;5.73;0.63;0.57;253673
21;28;4.3;5.73;0.43;0.57;253786
15;36;3.07;7.36;0.31;0.74;253899
24;26;4.91;5.32;0.49;0.53;254012
23;24;4.71;4.91;0.47;0.49;254125
24;24;4.91;4.91;0.49;0.49;254238
23;24;4.71;4.91;0.47;0.49;254351
23;25;4.71;5.11;0.47;0.51;254467
30;30;6.14;6.14;0.61;0.61;254608
24;25;4.91;5.11;0.49;0.51;254723
24;25;4.91;5.11;0.49;0.51;254838
23;24;4.71;4.91;0.47;0.49;254951
24;25;4.91;5.11;0.49;0.51;255064
23;24;4.71;4.91;0.47;0.49;255177
16;34;3.27;6.96;0.33;0.7;255295
0;45;0;9.21;0;0.92;255408
0;58;0;11.86;0;1.19;255556
0;44;0;9;0;0.9;255669
0;44;0;9;0;0.9;255782
0;44;0;9;0;0.9;255895
0;44;0;9;0;0.9;256008
0;44;0;9;0;0.9;256121
0;44;0;9;0;0.9;256234
0;45;0;9.21;0;0.92;256347
3;54;0.61;11.05;0.06;1.1;256487
11;37;2.25;7.57;0.23;0.76;256608
10;36;2.05;7.36;0.2;0.74;256723
9;36;1.84;7.36;0.18;0.74;256836
11;35;2.25;7.16;0.23;0.72;256949
8;35;1.64;7.16;0.16;0.72;257062
9;36;1.84;7.36;0.18;0.74;257175
10;43;2.05;8.8;0.2;0.88;257313
9;37;1.84;7.57;0.18;0.76;257432
11;34;2.25;6.96;0.23;0.7;257545
21;28;4.3;5.73;0.43;0.57;257667
23;24;4.71;4.91;0.47;0.49;257780
23;25;4.71;5.11;0.47;0.51;257893
22;24;4.5;4.91;0.45;0.49;258006
24;25;4.91;5.11;0.49;0.51;258119
22;25;4.5;5.11;0.45;0.51;258232
24;24;4.91;4.91;0.49;0.49;258345
23;25;4.71;5.11;0.47;0.51;258460
22;23;4.5;4.71;0.45;0.47;258573
21;24;4.3;4.91;0.43;0.49;258688
23;24;4.71;4.91;0.47;0.49;258801
22;24;4.5;4.91;0.45;0.49;258914
21;23;4.3;4.71;0.43;0.47;259027
22;21;4.5;4.3;0.45;0.43;259140
23;21;4.71;4.3;0.47;0.43;259253
26;22;5.32;4.5;0.53;0.45;259366
25;21;5.11;4.3;0.51;0.43;259481
25;23;5.11;4.71;0.51;0.47;259594
23;24;4.71;4.91;0.47;0.49;259709
25;24;5.11;4.91;0.51;0.49;259822
23;25;4.71;5.11;0.47;0.51;259935
24;24;4.91;4.91;0.49;0.49;260048
23;25;4.71;5.11;0.47;0.51;260161
24;25;4.91;5.11;0.49;0.51;260276
27;21;5.52;4.3;0.55;0.43;260389
38;11;7.77;2.25;0.78;0.23;260502
34;13;6.96;2.66;0.7;0.27;260615
35;18;7.16;3.68;0.72;0.37;260737
22;27;4.5;5.52;0.45;0.55;260850
24;24;4.91;4.91;0.49;0.49;260963
26;24;5.32;4.91;0.53;0.49;261076
25;24;5.11;4.91;0.51;0.49;261189
23;27;4.71;5.52;0.47;0.55;261302
15;33;3.07;6.75;0.31;0.68;261415
24;26;4.91;5.32;0.49;0.53;261528
24;23;4.91;4.71;0.49;0.47;261641
26;26;5.32;5.32;0.53;0.53;261763
24;25;4.91;5.11;0.49;0.51;261876
23;24;4.71;4.91;0.47;0.49;261989
23;24;4.71;4.91;0.47;0.49;262100
24;24;4.91;4.91;0.49;0.49;262213
23;23;4.71;4.71;0.47;0.47;262326
24;25;4.91;5.11;0.49;0.51;262439
25;25;5.11;5.11;0.51;0.51;262552
23;24;4.71;4.91;0.47;0.49;262665
38;17;7.77;3.48;0.78;0.35;262787
39;9;7.98;1.84;0.8;0.18;262900
23;40;4.71;8.18;0.47;0.82;263013
23;29;4.71;5.93;0.47;0.59;263126
16;34;3.27;6.96;0.33;0.7;263239
15;33;3.07;6.75;0.31;0.68;263352
13;35;2.66;7.16;0.27;0.72;263465
13;35;2.66;7.16;0.27;0.72;263578
13;34;2.66;6.96;0.27;0.7;263691
16;38;3.27;7.77;0.33;0.78;263815
13;38;2.66;7.77;0.27;0.78;263928
1;46;0.2;9.41;0.02;0.94;264042
4;43;0.82;8.8;0.08;0.88;264155
17;45;3.48;9.21;0.35;0.92;264295
0;48;0;9.82;0;0.98;264408
0;47;0;9.61;0;0.96;264521
0;47;0;9.61;0;0.96;264634
0;46;0;9.41;0;0.94;264747
0;50;0;10.23;0;1.02;264868
0;47;0;9.61;0;0.96;264981
10;39;2.05;7.98;0.2;0.8;265094
12;36;2.45;7.36;0.25;0.74;265207
12;36;2.45;7.36;0.25;0.74;265320
10;36;2.05;7.36;0.2;0.74;265433
9;35;1.84;7.16;0.18;0.72;265546
9;36;1.84;7.36;0.18;0.74;265661
10;36;2.05;7.36;0.2;0.74;265774
11;38;2.25;7.77;0.23;0.78;265895
9;36;1.84;7.36;0.18;0.74;266008
9;36;1.84;7.36;0.18;0.74;266121
9;36;1.84;7.36;0.18;0.74;266234
17;30;3.48;6.14;0.35;0.61;266347
21;26;4.3;5.32;0.43;0.53;266460
23;25;4.71;5.11;0.47;0.51;266573
22;25;4.5;5.11;0.45;0.51;266686
23;25;4.71;5.11;0.47;0.51;266799
26;27;5.32;5.52;0.53;0.55;266921
24;25;4.91;5.11;0.49;0.51;267034
23;26;4.71;5.32;0.47;0.53;267147
24;24;4.91;4.91;0.49;0.49;267260
24;25;4.91;5.11;0.49;0.51;267375
24;26;4.91;5.32;0.49;0.53;267488
24;25;4.91;5.11;0.49;0.51;267601
25;26;5.11;5.32;0.51;0.53;267714
25;25;5.11;5.11;0.51;0.51;267827
24;25;4.91;5.11;0.49;0.51;267942
24;25;4.91;5.11;0.49;0.51;268055
25;26;5.11;5.32;0.51;0.53;268168
25;25;5.11;5.11;0.51;0.51;268281
23;25;4.71;5.11;0.47;0.51;268394
24;25;4.91;5.11;0.49;0.51;268507
24;25;4.91;5.11;0.49;0.51;268620
24;25;4.91;5.11;0.49;0.51;268733
24;25;4.91;5.11;0.49;0.51;268846
25;25;5.11;5.11;0.51;0.51;268961
26;26;5.32;5.32;0.53;0.53;269084
25;26;5.11;5.32;0.51;0.53;269199
24;25;4.91;5.11;0.49;0.51;269312
25;25;5.11;5.11;0.51;0.51;269425
24;24;4.91;4.91;0.49;0.49;269538
24;25;4.91;5.11;0.49;0.51;269651
25;25;5.11;5.11;0.51;0.51;269764
24;24;4.91;4.91;0.49;0.49;269877
24;25;4.91;5.11;0.49;0.51;269992
25;26;5.11;5.32;0.51;0.53;270105
24;25;4.91;5.11;0.49;0.51;270218
25;24;5.11;4.91;0.51;0.49;270331
24;25;4.91;5.11;0.49;0.51;270444
25;24;5.11;4.91;0.51;0.49;270557
28;21;5.73;4.3;0.57;0.43;270670
35;13;7.16;2.66;0.72;0.27;270783
31;18;6.34;3.68;0.63;0.37;270898
28;22;5.73;4.5;0.57;0.45;271013
24;25;4.91;5.11;0.49;0.51;271126
24;25;4.91;5.11;0.49;0.51;271239
25;25;5.11;5.11;0.51;0.51;271352
26;24;5.32;4.91;0.53;0.49;271465
26;25;5.32;5.11;0.53;0.51;271578
25;24;5.11;4.91;0.51;0.49;271691
25;24;5.11;4.91;0.51;0.49;271804
26;25;5.32;5.11;0.53;0.51;271917
26;24;5.32;4.91;0.53;0.49;272032
25;25;5.11;5.11;0.51;0.51;272145
26;25;5.32;5.11;0.53;0.51;272258
26;25;5.32;5.11;0.53;0.51;272372
25;24;5.11;4.91;0.51;0.49;272485
26;25;5.32;5.11;0.53;0.51;272598
27;25;5.52;5.11;0.55;0.51;272713
25;24;5.11;4.91;0.51;0.49;272826
31;23;6.34;4.71;0.63;0.47;272939
35;17;7.16;3.48;0.72;0.35;273061
26;24;5.32;4.91;0.53;0.49;273174
23;23;4.71;4.71;0.47;0.47;273287
24;24;4.91;4.91;0.49;0.49;273400
24;24;4.91;4.91;0.49;0.49;273513
25;24;5.11;4.91;0.51;0.49;273626
24;24;4.91;4.91;0.49;0.49;273738
30;29;6.14;5.93;0.61;0.59;273876
26;25;5.32;5.11;0.53;0.51;273989
27;26;5.52;5.32;0.55;0.53;274111
26;25;5.32;5.11;0.53;0.51;274224
25;24;5.11;4.91;0.51;0.49;274337
25;24;5.11;4.91;0.51;0.49;274450
24;24;4.91;4.91;0.49;0.49;274561
25;25;5.11;5.11;0.51;0.51;274674
25;24;5.11;4.91;0.51;0.49;274787
27;24;5.52;4.91;0.55;0.49;274900
26;24;5.32;4.91;0.53;0.49;275013
27;25;5.52;5.11;0.55;0.51;275128
25;24;5.11;4.91;0.51;0.49;275241
26;25;5.32;5.11;0.53;0.51;275354
25;24;5.11;4.91;0.51;0.49;275467
24;23;4.91;4.71;0.49;0.47;275580
26;24;5.32;4.91;0.53;0.49;275693
24;24;4.91;4.91;0.49;0.49;275806
25;25;5.11;5.11;0.51;0.51;275919
26;24;5.32;4.91;0.53;0.49;276032
26;25;5.32;5.11;0.53;0.51;276147
25;25;5.11;5.11;0.51;0.51;276262
25;24;5.11;4.91;0.51;0.49;276375
26;25;5.32;5.11;0.53;0.51;276488
26;24;5.32;4.91;0.53;0.49;276600
24;24;4.91;4.91;0.49;0.49;276713
24;23;4.91;4.71;0.49;0.47;276825
25;25;5.11;5.11;0.51;0.51;276938
24;23;4.91;4.71;0.49;0.47;277050
26;25;5.32;5.11;0.53;0.51;277165
25;24;5.11;4.91;0.51;0.49;277278
24;23;4.91;4.71;0.49;0.47;277391
24;23;4.91;4.71;0.49;0.47;277503
24;21;4.91;4.3;0.49;0.43;277616
25;21;5.11;4.3;0.51;0.43;277728
24;21;4.91;4.3;0.49;0.43;277841
25;21;5.11;4.3;0.51;0.43;277953
24;21;4.91;4.3;0.49;0.43;278068
25;22;5.11;4.5;0.51;0.45;278183
27;21;5.52;4.3;0.55;0.43;278296
24;22;4.91;4.5;0.49;0.45;278409
25;21;5.11;4.3;0.51;0.43;278521
31;27;6.34;5.52;0.63;0.55;278664
28;26;5.73;5.32;0.57;0.53;278794
26;23;5.32;4.71;0.53;0.47;278906
26;23;5.32;4.71;0.53;0.47;279019
25;24;5.11;4.91;0.51;0.49;279131
27;23;5.52;4.71;0.55;0.47;279246
25;23;5.11;4.71;0.51;0.47;279359
24;22;4.91;4.5;0.49;0.45;279472
24;21;4.91;4.3;0.49;0.43;279584
23;21;4.71;4.3;0.47;0.43;279697
24;22;4.91;4.5;0.49;0.45;279812
23;22;4.71;4.5;0.47;0.45;279925
20;33;4.09;6.75;0.41;0.68;280037
2;51;0.41;10.43;0.04;1.04;280150
0;49;0;10.02;0;1;280271
0;45;0;9.21;0;0.92;280384
0;45;0;9.21;0;0.92;280497
43;17;8.8;3.48;0.88;0.35;280611
20;42;4.09;8.59;0.41;0.86;280723
20;38;4.09;7.77;0.41;0.78;280836
53;7;10.84;1.43;1.08;0.14;280948
20;43;4.09;8.8;0.41;0.88;281061
43;20;8.8;4.09;0.88;0.41;281173
42;23;8.59;4.71;0.86;0.47;281295
45;24;9.21;4.91;0.92;0.49;281408
47;3;9.61;0.61;0.96;0.06;281521
37;10;7.57;2.05;0.76;0.2;281636
33;14;6.75;2.86;0.68;0.29;281749
33;14;6.75;2.86;0.68;0.29;281861
34;15;6.96;3.07;0.7;0.31;281974
33;14;6.75;2.86;0.68;0.29;282086
32;16;6.55;3.27;0.65;0.33;282199
32;20;6.55;4.09;0.65;0.41;282320
36;15;7.36;3.07;0.74;0.31;282433
24;21;4.91;4.3;0.49;0.43;282546
25;21;5.11;4.3;0.51;0.43;282659
23;22;4.71;4.5;0.47;0.45;282771
26;21;5.32;4.3;0.53;0.43;282884
27;20;5.52;4.09;0.55;0.41;282996
38;19;7.77;3.89;0.78;0.39;283128
38;7;7.77;1.43;0.78;0.14;283240
37;7;7.57;1.43;0.76;0.14;283357
38;7;7.77;1.43;0.78;0.14;283470
36;8;7.36;1.64;0.74;0.16;283583
37;10;7.57;2.05;0.76;0.2;283695
36;10;7.36;2.05;0.74;0.2;283808
36;12;7.36;2.45;0.74;0.25;283920
35;11;7.16;2.25;0.72;0.23;284033
33;12;6.75;2.45;0.68;0.25;284145
24;24;4.91;4.91;0.49;0.49;284258
14;36;2.86;7.36;0.29;0.74;284380
27;25;5.52;5.11;0.55;0.51;284493
27;23;5.52;4.71;0.55;0.47;284606
27;24;5.52;4.91;0.55;0.49;284719
24;24;4.91;4.91;0.49;0.49;284831
24;24;4.91;4.91;0.49;0.49;284944
26;24;5.32;4.91;0.53;0.49;285059
26;24;5.32;4.91;0.53;0.49;285172
23;24;4.71;4.91;0.47;0.49;285284
27;25;5.52;5.11;0.55;0.51;285406
24;24;4.91;4.91;0.49;0.49;285519
25;24;5.11;4.91;0.51;0.49;285632
24;23;4.91;4.71;0.49;0.47;285744
27;25;5.52;5.11;0.55;0.51;285857
26;23;5.32;4.71;0.53;0.47;285969
27;24;5.52;4.91;0.55;0.49;286082
24;23;4.91;4.71;0.49;0.47;286194
24;24;4.91;4.91;0.49;0.49;286307
28;23;5.73;4.71;0.57;0.47;286422
28;24;5.73;4.91;0.57;0.49;286535
26;24;5.32;4.91;0.53;0.49;286647
25;24;5.11;4.91;0.51;0.49;286762
25;24;5.11;4.91;0.51;0.49;286874
27;24;5.52;4.91;0.55;0.49;286986
24;24;4.91;4.91;0.49;0.49;287098
26;24;5.32;4.91;0.53;0.49;287210
26;24;5.32;4.91;0.53;0.49;287322
24;25;4.91;5.11;0.49;0.51;287437
26;25;5.32;5.11;0.53;0.51;287550
17;32;3.48;6.55;0.35;0.65;287662
16;35;3.27;7.16;0.33;0.72;287774
13;36;2.66;7.36;0.27;0.74;287889
13;34;2.66;6.96;0.27;0.7;288001
12;34;2.45;6.96;0.25;0.7;288113
12;35;2.45;7.16;0.25;0.72;288225
12;34;2.45;6.96;0.25;0.7;288337
13;38;2.66;7.77;0.27;0.78;288461
13;35;2.66;7.16;0.27;0.72;288574
13;34;2.66;6.96;0.27;0.7;288687
14;34;2.86;6.96;0.29;0.7;288799
14;33;2.86;6.75;0.29;0.68;288911
14;34;2.86;6.96;0.29;0.7;289023
14;34;2.86;6.96;0.29;0.7;289135
15;33;3.07;6.75;0.31;0.68;289247
14;35;2.86;7.16;0.29;0.72;289361
14;35;2.86;7.16;0.29;0.72;289476
12;34;2.45;6.96;0.25;0.7;289589
16;31;3.27;6.34;0.33;0.63;289702
28;20;5.73;4.09;0.57;0.41;289814
38;12;7.77;2.45;0.78;0.25;289926
36;12;7.36;2.45;0.74;0.25;290038
39;11;7.98;2.25;0.8;0.23;290153
36;11;7.36;2.25;0.74;0.23;290265
33;14;6.75;2.86;0.68;0.29;290377
30;24;6.14;4.91;0.61;0.49;290499
38;14;7.77;2.86;0.78;0.29;290612
36;14;7.36;2.86;0.74;0.29;290725
34;14;6.96;2.86;0.7;0.29;290837
30;21;6.14;4.3;0.61;0.43;290949
25;25;5.11;5.11;0.51;0.51;291061
24;24;4.91;4.91;0.49;0.49;291173
24;23;4.91;4.71;0.49;0.47;291285
25;24;5.11;4.91;0.51;0.49;291397
27;24;5.52;4.91;0.55;0.49;291514
29;24;5.93;4.91;0.59;0.49;291627
28;23;5.73;4.71;0.57;0.47;291740
25;24;5.11;4.91;0.51;0.49;291855
23;29;4.71;5.93;0.47;0.59;291967
16;35;3.27;7.16;0.33;0.72;292079
24;26;4.91;5.32;0.49;0.53;292191
34;17;6.96;3.48;0.7;0.35;292303
23;27;4.71;5.52;0.47;0.55;292415
24;41;4.91;8.39;0.49;0.84;292557
42;11;8.59;2.25;0.86;0.23;292670
39;11;7.98;2.25;0.8;0.23;292782
37;10;7.57;2.05;0.76;0.2;292894
37;11;7.57;2.25;0.76;0.23;293006
35;15;7.16;3.07;0.72;0.31;293118
28;22;5.73;4.5;0.57;0.45;293230
36;12;7.36;2.45;0.74;0.25;293342
37;11;7.57;2.25;0.76;0.23;293454
40;13;8.18;2.66;0.82;0.27;293578
38;11;7.77;2.25;0.78;0.23;293691
35;11;7.16;2.25;0.72;0.23;293804
35;12;7.16;2.45;0.72;0.25;293916
36;12;7.36;2.45;0.74;0.25;294028
35;13;7.16;2.66;0.72;0.27;294140
35;13;7.16;2.66;0.72;0.27;294252
36;12;7.36;2.45;0.74;0.25;294364
32;16;6.55;3.27;0.65;0.33;294476
30;26;6.14;5.32;0.61;0.53;294597
37;14;7.57;2.86;0.76;0.29;294710
34;14;6.96;2.86;0.7;0.29;294823
27;20;5.52;4.09;0.55;0.41;294935
24;26;4.91;5.32;0.49;0.53;295047
24;24;4.91;4.91;0.49;0.49;295159
22;30;4.5;6.14;0.45;0.61;295274
18;36;3.68;7.36;0.37;0.74;295386
28;22;5.73;4.5;0.57;0.45;295498
33;22;6.75;4.5;0.68;0.45;295616
27;25;5.52;5.11;0.55;0.51;295729
20;29;4.09;5.93;0.41;0.59;295842
26;24;5.32;4.91;0.53;0.49;295954
24;24;4.91;4.91;0.49;0.49;296066
21;28;4.3;5.73;0.43;0.57;296178
13;35;2.66;7.16;0.27;0.72;296290
21;27;4.3;5.52;0.43;0.55;296402
18;32;3.68;6.55;0.37;0.65;296514
24;28;4.91;5.73;0.49;0.57;296632
27;24;5.52;4.91;0.55;0.49;296745
28;22;5.73;4.5;0.57;0.45;296858
29;22;5.93;4.5;0.59;0.45;296973
22;27;4.5;5.52;0.45;0.55;297085
22;30;4.5;6.14;0.45;0.61;297197
36;21;7.36;4.3;0.74;0.43;297319
16;36;3.27;7.36;0.33;0.74;297431
25;25;5.11;5.11;0.51;0.51;297543
26;26;5.32;5.32;0.53;0.53;297665
25;24;5.11;4.91;0.51;0.49;297779
24;24;4.91;4.91;0.49;0.49;297892
25;24;5.11;4.91;0.51;0.49;298004
25;24;5.11;4.91;0.51;0.49;298116
27;25;5.52;5.11;0.55;0.51;298228
26;26;5.32;5.32;0.53;0.53;298340
26;25;5.32;5.11;0.53;0.51;298452
25;25;5.11;5.11;0.51;0.51;298564
26;25;5.32;5.11;0.53;0.51;298681
26;26;5.32;5.32;0.53;0.53;298794
24;24;4.91;4.91;0.49;0.49;298906
22;24;4.5;4.91;0.45;0.49;299018
23;25;4.71;5.11;0.47;0.51;299130
23;24;4.71;4.91;0.47;0.49;299242
27;25;5.52;5.11;0.55;0.51;299354
25;24;5.11;4.91;0.51;0.49;299466
25;24;5.11;4.91;0.51;0.49;299578
24;25;4.91;5.11;0.49;0.51;299693
29;21;5.93;4.3;0.59;0.43;299806
36;14;7.36;2.86;0.74;0.29;299918
26;23;5.32;4.71;0.53;0.47;300030
26;25;5.32;5.11;0.53;0.51;300142
25;24;5.11;4.91;0.51;0.49;300254
32;29;6.55;5.93;0.65;0.59;300394
25;24;5.11;4.91;0.51;0.49;300508
26;24;5.32;4.91;0.53;0.49;300620
27;23;5.52;4.71;0.55;0.47;300735
26;24;5.32;4.91;0.53;0.49;300848
26;24;5.32;4.91;0.53;0.49;300960
28;25;5.73;5.11;0.57;0.51;301072
25;23;5.11;4.71;0.51;0.47;301184
23;23;4.71;4.71;0.47;0.47;301296
26;23;5.32;4.71;0.53;0.47;301408
25;23;5.11;4.71;0.51;0.47;301520
23;22;4.71;4.5;0.47;0.45;301632
25;24;5.11;4.91;0.51;0.49;301747
26;25;5.32;5.11;0.53;0.51;301869
27;24;5.52;4.91;0.55;0.49;301981
27;23;5.52;4.71;0.55;0.47;302095
25;23;5.11;4.71;0.51;0.47;302208
26;23;5.32;4.71;0.53;0.47;302321
25;23;5.11;4.71;0.51;0.47;302434
24;23;4.91;4.71;0.49;0.47;302547
24;24;4.91;4.91;0.49;0.49;302660
26;24;5.32;4.91;0.53;0.49;302775
24;23;4.91;4.71;0.49;0.47;302888
28;24;5.73;4.91;0.57;0.49;303001
13;45;2.66;9.21;0.27;0.92;303114
0;46;0;9.41;0;0.94;303227
0;44;0;9;0;0.9;303340
0;44;0;9;0;0.9;303453
0;43;0;8.8;0;0.88;303566
0;44;0;9;0;0.9;303679
0;47;0;9.61;0;0.96;303801
0;44;0;9;0;0.9;303916
0;44;0;9;0;0.9;304029
0;45;0;9.21;0;0.92;304142
0;45;0;9.21;0;0.92;304255
0;45;0;9.21;0;0.92;304368
0;47;0;9.61;0;0.96;304481
10;39;2.05;7.98;0.2;0.8;304594
12;35;2.45;7.16;0.25;0.72;304707
11;38;2.25;7.77;0.23;0.78;304828
10;36;2.05;7.36;0.2;0.74;304941
9;36;1.84;7.36;0.18;0.74;305054
10;36;2.05;7.36;0.2;0.74;305167
9;35;1.84;7.16;0.18;0.72;305280
9;36;1.84;7.36;0.18;0.74;305393
8;36;1.64;7.36;0.16;0.74;305506
8;34;1.64;6.96;0.16;0.7;305621
8;35;1.64;7.16;0.16;0.72;305734
8;35;1.64;7.16;0.16;0.72;305849
8;35;1.64;7.16;0.16;0.72;305962
30;21;6.14;4.3;0.61;0.43;306075
31;14;6.34;2.86;0.63;0.29;306189
30;16;6.14;3.27;0.61;0.33;306302
28;21;5.73;4.3;0.57;0.43;306415
13;36;2.66;7.36;0.27;0.74;306528
36;22;7.36;4.5;0.74;0.45;306655
29;24;5.93;4.91;0.59;0.49;306773
23;32;4.71;6.55;0.47;0.65;306895
13;37;2.66;7.57;0.27;0.76;307008
35;18;7.16;3.68;0.72;0.37;307121
30;19;6.14;3.89;0.61;0.39;307234
26;25;5.32;5.11;0.53;0.51;307349
19;34;3.89;6.96;0.39;0.7;307462
25;26;5.11;5.32;0.51;0.53;307575
26;25;5.32;5.11;0.53;0.51;307688
25;24;5.11;4.91;0.51;0.49;307801
25;25;5.11;5.11;0.51;0.51;307916
26;24;5.32;4.91;0.53;0.49;308029
24;24;4.91;4.91;0.49;0.49;308142
25;25;5.11;5.11;0.51;0.51;308255
24;25;4.91;5.11;0.49;0.51;308368
24;25;4.91;5.11;0.49;0.51;308481
24;24;4.91;4.91;0.49;0.49;308594
25;24;5.11;4.91;0.51;0.49;308707
23;24;4.71;4.91;0.47;0.49;308820
25;25;5.11;5.11;0.51;0.51;308935
25;25;5.11;5.11;0.51;0.51;309050
25;25;5.11;5.11;0.51;0.51;309163
23;23;4.71;4.71;0.47;0.47;309276
25;25;5.11;5.11;0.51;0.51;309389
25;24;5.11;4.91;0.51;0.49;309502
27;24;5.52;4.91;0.55;0.49;309615
26;24;5.32;4.91;0.53;0.49;309728
24;24;4.91;4.91;0.49;0.49;309841
25;25;5.11;5.11;0.51;0.51;309956
24;25;4.91;5.11;0.49;0.51;310069
26;25;5.32;5.11;0.53;0.51;310182
23;25;4.71;5.11;0.47;0.51;310295
24;24;4.91;4.91;0.49;0.49;310408
23;24;4.71;4.91;0.47;0.49;310521
24;24;4.91;4.91;0.49;0.49;310634
24;24;4.91;4.91;0.49;0.49;310749
24;25;4.91;5.11;0.49;0.51;310862
24;24;4.91;4.91;0.49;0.49;310977
24;25;4.91;5.11;0.49;0.51;311090
24;24;4.91;4.91;0.49;0.49;311203
25;26;5.11;5.32;0.51;0.53;311325
23;23;4.71;4.71;0.47;0.47;311438
24;24;4.91;4.91;0.49;0.49;311551
24;24;4.91;4.91;0.49;0.49;311664
24;24;4.91;4.91;0.49;0.49;311777
22;23;4.5;4.71;0.45;0.47;311890
25;23;5.11;4.71;0.51;0.47;312005
23;24;4.71;4.91;0.47;0.49;312118
23;23;4.71;4.71;0.47;0.47;312231
23;23;4.71;4.71;0.47;0.47;312344
12;41;2.45;8.39;0.25;0.84;312459
0;45;0;9.21;0;0.92;312572
0;46;0;9.41;0;0.94;312685
0;44;0;9;0;0.9;312798
0;45;0;9.21;0;0.92;312911
0;50;0;10.23;0;1.02;313033
0;46;0;9.41;0;0.94;313146
0;46;0;9.41;0;0.94;313259
3;43;0.61;8.8;0.06;0.88;313372
13;34;2.66;6.96;0.27;0.7;313485
11;35;2.25;7.16;0.23;0.72;313598
10;36;2.05;7.36;0.2;0.74;313711
9;35;1.84;7.16;0.18;0.72;313824
9;35;1.84;7.16;0.18;0.72;313937
11;38;2.25;7.77;0.23;0.78;314058
10;36;2.05;7.36;0.2;0.74;314171
9;35;1.84;7.16;0.18;0.72;314286
9;35;1.84;7.16;0.18;0.72;314399
8;35;1.64;7.16;0.16;0.72;314512
8;34;1.64;6.96;0.16;0.7;314625
15;31;3.07;6.34;0.31;0.63;314739
22;24;4.5;4.91;0.45;0.49;314852
22;23;4.5;4.71;0.45;0.47;314965
26;26;5.32;5.32;0.53;0.53;315087
24;23;4.91;4.71;0.49;0.47;315200
23;23;4.71;4.71;0.47;0.47;315313
24;23;4.91;4.71;0.49;0.47;315426
27;21;5.52;4.3;0.55;0.43;315539
25;23;5.11;4.71;0.51;0.47;315652
24;24;4.91;4.91;0.49;0.49;315765
25;25;5.11;5.11;0.51;0.51;315878
25;24;5.11;4.91;0.51;0.49;315993
32;30;6.55;6.14;0.65;0.61;316135
29;21;5.93;4.3;0.59;0.43;316248
40;12;8.18;2.45;0.82;0.25;316361
37;12;7.57;2.45;0.76;0.25;316474
32;15;6.55;3.07;0.65;0.31;316587
27;21;5.52;4.3;0.55;0.43;316700
34;13;6.96;2.66;0.7;0.27;316813
37;11;7.57;2.25;0.76;0.23;316926
33;13;6.75;2.66;0.68;0.27;317039
39;14;7.98;2.86;0.8;0.29;317161
34;14;6.96;2.86;0.7;0.29;317274
34;15;6.96;3.07;0.7;0.31;317387
36;15;7.36;3.07;0.74;0.31;317500
35;15;7.16;3.07;0.72;0.31;317613
34;15;6.96;3.07;0.7;0.31;317728
26;23;5.32;4.71;0.53;0.47;317841
24;26;4.91;5.32;0.49;0.53;317954
25;24;5.11;4.91;0.51;0.49;318067
29;25;5.93;5.11;0.59;0.51;318188
35;23;7.16;4.71;0.72;0.47;318301
24;23;4.91;4.71;0.49;0.47;318414
25;23;5.11;4.71;0.51;0.47;318527
21;25;4.3;5.11;0.43;0.51;318640
13;35;2.66;7.16;0.27;0.72;318753
13;34;2.66;6.96;0.27;0.7;318866
13;34;2.66;6.96;0.27;0.7;318979
13;34;2.66;6.96;0.27;0.7;319092
20;34;4.09;6.96;0.41;0.7;319214
35;16;7.16;3.27;0.72;0.33;319327
31;20;6.34;4.09;0.63;0.41;319442
14;35;2.86;7.16;0.29;0.72;319555
26;26;5.32;5.32;0.53;0.53;319668
25;23;5.11;4.71;0.51;0.47;319781
24;24;4.91;4.91;0.49;0.49;319894
26;25;5.32;5.11;0.53;0.51;320007
24;25;4.91;5.11;0.49;0.51;320120
27;26;5.52;5.32;0.55;0.53;320242
25;24;5.11;4.91;0.51;0.49;320355
23;24;4.71;4.91;0.47;0.49;320468
23;24;4.71;4.91;0.47;0.49;320581
25;25;5.11;5.11;0.51;0.51;320694
23;24;4.71;4.91;0.47;0.49;320806
25;26;5.11;5.32;0.51;0.53;320928
25;25;5.11;5.11;0.51;0.51;321041
24;25;4.91;5.11;0.49;0.51;321156
24;25;4.91;5.11;0.49;0.51;321271
24;25;4.91;5.11;0.49;0.51;321384
24;24;4.91;4.91;0.49;0.49;321497
22;24;4.5;4.91;0.45;0.49;321610
23;24;4.71;4.91;0.47;0.49;321723
25;24;5.11;4.91;0.51;0.49;321836
26;25;5.32;5.11;0.53;0.51;321949
23;24;4.71;4.91;0.47;0.49;322062
23;25;4.71;5.11;0.47;0.51;322175
24;25;4.91;5.11;0.49;0.51;322290
24;24;4.91;4.91;0.49;0.49;322403
24;25;4.91;5.11;0.49;0.51;322516
24;24;4.91;4.91;0.49;0.49;322629
25;24;5.11;4.91;0.51;0.49;322742
23;25;4.71;5.11;0.47;0.51;322857
23;24;4.71;4.91;0.47;0.49;322970
23;23;4.71;4.71;0.47;0.47;323083
24;24;4.91;4.91;0.49;0.49;323197
24;24;4.91;4.91;0.49;0.49;323312
24;24;4.91;4.91;0.49;0.49;323425
24;24;4.91;4.91;0.49;0.49;323538
25;24;5.11;4.91;0.51;0.49;323651
19;30;3.89;6.14;0.39;0.61;323764
7;42;1.43;8.59;0.14;0.86;323877
38;15;7.77;3.07;0.78;0.31;323990
31;18;6.34;3.68;0.63;0.37;324103
23;23;4.71;4.71;0.47;0.47;324216
24;25;4.91;5.11;0.49;0.51;324331
23;24;4.71;4.91;0.47;0.49;324444
25;24;5.11;4.91;0.51;0.49;324559
26;24;5.32;4.91;0.53;0.49;324672
24;24;4.91;4.91;0.49;0.49;324785
26;24;5.32;4.91;0.53;0.49;324898
25;24;5.11;4.91;0.51;0.49;325011
26;24;5.32;4.91;0.53;0.49;325124
31;19;6.34;3.89;0.63;0.39;325237
37;15;7.57;3.07;0.76;0.31;325359
34;13;6.96;2.66;0.7;0.27;325472
35;24;7.16;4.91;0.72;0.49;325609
19;35;3.89;7.16;0.39;0.72;325722
43;23;8.8;4.71;0.88;0.47;325835
33;25;6.75;5.11;0.68;0.51;325948
20;40;4.09;8.18;0.41;0.82;326061
50;11;10.23;2.25;1.02;0.23;326174
27;23;5.52;4.71;0.55;0.47;326289
25;27;5.11;5.52;0.51;0.55;326411
25;24;5.11;4.91;0.51;0.49;326524
24;24;4.91;4.91;0.49;0.49;326637
25;24;5.11;4.91;0.51;0.49;326750
21;35;4.3;7.16;0.43;0.72;326863
43;24;8.8;4.91;0.88;0.49;326976
40;14;8.18;2.86;0.82;0.29;327089
24;25;4.91;5.11;0.49;0.51;327202
22;25;4.5;5.11;0.45;0.51;327315
24;24;4.91;4.91;0.49;0.49;327430
24;24;4.91;4.91;0.49;0.49;327543
25;23;5.11;4.71;0.51;0.47;327656
26;23;5.32;4.71;0.53;0.47;327769
25;25;5.11;5.11;0.51;0.51;327882
25;24;5.11;4.91;0.51;0.49;327997
25;23;5.11;4.71;0.51;0.47;328110
25;23;5.11;4.71;0.51;0.47;328223
24;23;4.91;4.71;0.49;0.47;328335
25;24;5.11;4.91;0.51;0.49;328450
25;23;5.11;4.71;0.51;0.47;328563
25;24;5.11;4.91;0.51;0.49;328676
25;23;5.11;4.71;0.51;0.47;328788
25;24;5.11;4.91;0.51;0.49;328901
26;23;5.32;4.71;0.53;0.47;329013
25;24;5.11;4.91;0.51;0.49;329126
25;22;5.11;4.5;0.51;0.45;329238
24;24;4.91;4.91;0.49;0.49;329351
27;23;5.52;4.71;0.55;0.47;329466
25;24;5.11;4.91;0.51;0.49;329579
27;24;5.52;4.91;0.55;0.49;329694
25;23;5.11;4.71;0.51;0.47;329807
25;23;5.11;4.71;0.51;0.47;329919
25;23;5.11;4.71;0.51;0.47;330032
25;22;5.11;4.5;0.51;0.45;330144
24;23;4.91;4.71;0.49;0.47;330256
27;25;5.52;5.11;0.55;0.51;330378
25;24;5.11;4.91;0.51;0.49;330493
25;23;5.11;4.71;0.51;0.47;330606
24;24;4.91;4.91;0.49;0.49;330719
25;23;5.11;4.71;0.51;0.47;330831
27;24;5.52;4.91;0.55;0.49;330944
28;23;5.73;4.71;0.57;0.47;331056
25;24;5.11;4.91;0.51;0.49;331169
25;23;5.11;4.71;0.51;0.47;331281
26;24;5.32;4.91;0.53;0.49;331396
26;24;5.32;4.91;0.53;0.49;331511
27;24;5.52;4.91;0.55;0.49;331624
24;24;4.91;4.91;0.49;0.49;331737
27;25;5.52;5.11;0.55;0.51;331855
24;24;4.91;4.91;0.49;0.49;331967
25;23;5.11;4.71;0.51;0.47;332080
24;24;4.91;4.91;0.49;0.49;332192
25;23;5.11;4.71;0.51;0.47;332305
24;23;4.91;4.71;0.49;0.47;332417
24;24;4.91;4.91;0.49;0.49;332532
27;24;5.52;4.91;0.55;0.49;332645
24;24;4.91;4.91;0.49;0.49;332758
26;23;5.32;4.71;0.53;0.47;332870
26;24;5.32;4.91;0.53;0.49;332983
24;25;4.91;5.11;0.49;0.51;333098
25;24;5.11;4.91;0.51;0.49;333211
24;23;4.91;4.71;0.49;0.47;333323
23;24;4.71;4.91;0.47;0.49;333436
28;25;5.73;5.11;0.57;0.51;333551
25;24;5.11;4.91;0.51;0.49;333664
24;24;4.91;4.91;0.49;0.49;333777
25;24;5.11;4.91;0.51;0.49;333890
23;23;4.71;4.71;0.47;0.47;334002
25;24;5.11;4.91;0.51;0.49;334115
25;25;5.11;5.11;0.51;0.51;334227
25;24;5.11;4.91;0.51;0.49;334340
23;23;4.71;4.71;0.47;0.47;334452
32;24;6.55;4.91;0.65;0.49;334567
24;24;4.91;4.91;0.49;0.49;334680
24;24;4.91;4.91;0.49;0.49;334793
24;24;4.91;4.91;0.49;0.49;334904
26;24;5.32;4.91;0.53;0.49;335016
24;22;4.91;4.5;0.49;0.45;335124
31;30;6.34;6.14;0.63;0.61;335263
26;23;5.32;4.71;0.53;0.47;335375
24;25;4.91;5.11;0.49;0.51;335488
29;24;5.93;4.91;0.59;0.49;335603
24;24;4.91;4.91;0.49;0.49;335716
24;25;4.91;5.11;0.49;0.51;335829
25;23;5.11;4.71;0.51;0.47;335942
24;24;4.91;4.91;0.49;0.49;336054
26;23;5.32;4.71;0.53;0.47;336167
25;22;5.11;4.5;0.51;0.45;336279
25;23;5.11;4.71;0.51;0.47;336392
28;22;5.73;4.5;0.57;0.45;336504
28;24;5.73;4.91;0.57;0.49;336621
26;23;5.32;4.71;0.53;0.47;336734
28;22;5.73;4.5;0.57;0.45;336847
25;23;5.11;4.71;0.51;0.47;336959
28;23;5.73;4.71;0.57;0.47;337072
27;22;5.52;4.5;0.55;0.45;337184
26;23;5.32;4.71;0.53;0.47;337297
25;21;5.11;4.3;0.51;0.43;337409
27;22;5.52;4.5;0.55;0.45;337522
25;22;5.11;4.5;0.51;0.45;337637
25;22;5.11;4.5;0.51;0.45;337750
25;23;5.11;4.71;0.51;0.47;337862
25;23;5.11;4.71;0.51;0.47;337975
25;23;5.11;4.71;0.51;0.47;338087
24;23;4.91;4.71;0.49;0.47;338200
26;24;5.32;4.91;0.53;0.49;338315
27;22;5.52;4.5;0.55;0.45;338428
25;23;5.11;4.71;0.51;0.47;338540
25;22;5.11;4.5;0.51;0.45;338655
27;23;5.52;4.71;0.55;0.47;338768
29;23;5.93;4.71;0.59;0.47;338881
27;23;5.52;4.71;0.55;0.47;338993
26;22;5.32;4.5;0.53;0.45;339106
26;23;5.32;4.71;0.53;0.47;339218
25;23;5.11;4.71;0.51;0.47;339330
24;24;4.91;4.91;0.49;0.49;339442
25;25;5.11;5.11;0.51;0.51;339557
24;25;4.91;5.11;0.49;0.51;339672
24;24;4.91;4.91;0.49;0.49;339785
24;24;4.91;4.91;0.49;0.49;339897
24;25;4.91;5.11;0.49;0.51;340012
24;25;4.91;5.11;0.49;0.51;340126
23;24;4.71;4.91;0.47;0.49;340239
25;21;5.11;4.3;0.51;0.43;340351
33;12;6.75;2.45;0.68;0.25;340464
33;15;6.75;3.07;0.68;0.31;340576
25;22;5.11;4.5;0.51;0.45;340691
23;24;4.71;4.91;0.47;0.49;340804
24;23;4.91;4.71;0.49;0.47;340917
24;23;4.91;4.71;0.49;0.47;341029
24;24;4.91;4.91;0.49;0.49;341142
28;19;5.73;3.89;0.57;0.39;341254
22;23;4.5;4.71;0.45;0.47;341367
22;25;4.5;5.11;0.45;0.51;341479
24;23;4.91;4.71;0.49;0.47;341592
25;24;5.11;4.91;0.51;0.49;341711
24;24;4.91;4.91;0.49;0.49;341824
24;23;4.91;4.71;0.49;0.47;341937
24;24;4.91;4.91;0.49;0.49;342049
24;24;4.91;4.91;0.49;0.49;342161
27;21;5.52;4.3;0.55;0.43;342273
32;16;6.55;3.27;0.65;0.33;342385
23;25;4.71;5.11;0.47;0.51;342498
30;20;6.14;4.09;0.61;0.41;342610
25;25;5.11;5.11;0.51;0.51;342725
24;24;4.91;4.91;0.49;0.49;342838
24;23;4.91;4.71;0.49;0.47;342950
24;23;4.91;4.71;0.49;0.47;343062
32;15;6.55;3.07;0.65;0.31;343174
31;16;6.34;3.27;0.63;0.33;343286
22;25;4.5;5.11;0.45;0.51;343401
21;27;4.3;5.52;0.43;0.55;343513
24;26;4.91;5.32;0.49;0.53;343625
39;14;7.98;2.86;0.8;0.29;343746
20;32;4.09;6.55;0.41;0.65;343859
35;17;7.16;3.48;0.72;0.35;343971
27;20;5.52;4.09;0.55;0.41;344083
27;27;5.52;5.52;0.55;0.55;344214
25;23;5.11;4.71;0.51;0.47;344326
25;23;5.11;4.71;0.51;0.47;344438
24;22;4.91;4.5;0.49;0.45;344550
25;23;5.11;4.71;0.51;0.47;344662
26;24;5.32;4.91;0.53;0.49;344783
26;23;5.32;4.71;0.53;0.47;344897
22;26;4.5;5.32;0.45;0.53;345010
16;33;3.27;6.75;0.33;0.68;345125
22;26;4.5;5.32;0.45;0.53;345237
16;31;3.27;6.34;0.33;0.63;345349
23;26;4.71;5.32;0.47;0.53;345461
16;32;3.27;6.55;0.33;0.65;345573
18;30;3.68;6.14;0.37;0.61;345685
15;36;3.07;7.36;0.31;0.74;345806
14;33;2.86;6.75;0.29;0.68;345919
13;33;2.66;6.75;0.27;0.68;346032
19;32;3.89;6.55;0.39;0.65;346144
27;24;5.52;4.91;0.55;0.49;346256
26;22;5.32;4.5;0.53;0.45;346368
27;24;5.52;4.91;0.55;0.49;346480
27;22;5.52;4.5;0.55;0.45;346592
27;24;5.52;4.91;0.55;0.49;346704
30;25;6.14;5.11;0.61;0.51;346828
29;23;5.93;4.71;0.59;0.47;346941
26;23;5.32;4.71;0.53;0.47;347054
27;23;5.52;4.71;0.55;0.47;347166
27;22;5.52;4.5;0.55;0.45;347278
27;22;5.52;4.5;0.55;0.45;347390
26;22;5.32;4.5;0.53;0.45;347502
26;23;5.32;4.71;0.53;0.47;347614
27;22;5.52;4.5;0.55;0.45;347726
30;23;6.14;4.71;0.61;0.47;347841
29;22;5.93;4.5;0.59;0.45;347954
26;23;5.32;4.71;0.53;0.47;348066
26;22;5.32;4.5;0.53;0.45;348178
26;21;5.32;4.3;0.53;0.43;348290
26;21;5.32;4.3;0.53;0.43;348402
26;22;5.32;4.5;0.53;0.45;348517
27;20;5.52;4.09;0.55;0.41;348629
26;22;5.32;4.5;0.53;0.45;348741
25;23;5.11;4.71;0.51;0.47;348856
31;27;6.34;5.52;0.63;0.55;348994
26;23;5.32;4.71;0.53;0.47;349106
26;22;5.32;4.5;0.53;0.45;349218
27;21;5.52;4.3;0.55;0.43;349330
34;15;6.96;3.07;0.7;0.31;349442
31;14;6.34;2.86;0.63;0.29;349554
35;12;7.16;2.45;0.72;0.25;349666
34;11;6.96;2.25;0.7;0.23;349778
38;15;7.77;3.07;0.78;0.31;349900
31;16;6.34;3.27;0.63;0.33;350013
34;14;6.96;2.86;0.7;0.29;350125
31;17;6.34;3.48;0.63;0.35;350240
33;14;6.75;2.86;0.68;0.29;350352
24;22;4.91;4.5;0.49;0.45;350464
25;23;5.11;4.71;0.51;0.47;350576
28;21;5.73;4.3;0.57;0.43;350688
31;15;6.34;3.07;0.63;0.31;350800
31;23;6.34;4.71;0.63;0.47;350922
38;16;7.77;3.27;0.78;0.33;351035
33;15;6.75;3.07;0.68;0.31;351148
23;23;4.71;4.71;0.47;0.47;351260
23;23;4.71;4.71;0.47;0.47;351372
25;22;5.11;4.5;0.51;0.45;351484
24;20;4.91;4.09;0.49;0.41;351596
35;11;7.16;2.25;0.72;0.23;351708
35;8;7.16;1.64;0.72;0.16;351820
34;12;6.96;2.45;0.7;0.25;351944
32;19;6.55;3.89;0.65;0.39;352057
25;23;5.11;4.71;0.51;0.47;352169
25;23;5.11;4.71;0.51;0.47;352281
23;23;4.71;4.71;0.47;0.47;352393
24;23;4.91;4.71;0.49;0.47;352505
25;23;5.11;4.71;0.51;0.47;352617
24;23;4.91;4.71;0.49;0.47;352729
26;23;5.32;4.71;0.53;0.47;352841
26;25;5.32;5.11;0.53;0.51;352963
26;24;5.32;4.91;0.53;0.49;353076
26;23;5.32;4.71;0.53;0.47;353189
26;21;5.32;4.3;0.53;0.43;353301
34;14;6.96;2.86;0.7;0.29;353413
29;21;5.93;4.3;0.59;0.43;353525
37;18;7.57;3.68;0.76;0.37;353649
32;17;6.55;3.48;0.65;0.35;353761
23;25;4.71;5.11;0.47;0.51;353873
24;25;4.91;5.11;0.49;0.51;353990
26;23;5.32;4.71;0.53;0.47;354103
27;23;5.52;4.71;0.55;0.47;354215
26;22;5.32;4.5;0.53;0.45;354327
26;22;5.32;4.5;0.53;0.45;354439
22;21;4.5;4.3;0.45;0.43;354551
25;21;5.11;4.3;0.51;0.43;354663
21;29;4.3;5.93;0.43;0.59;354775
21;28;4.3;5.73;0.43;0.57;354887
27;24;5.52;4.91;0.55;0.49;355002
25;24;5.11;4.91;0.51;0.49;355115
24;23;4.91;4.71;0.49;0.47;355227
24;24;4.91;4.91;0.49;0.49;355341
24;24;4.91;4.91;0.49;0.49;355453
24;23;4.91;4.71;0.49;0.47;355565
23;23;4.71;4.71;0.47;0.47;355677
24;23;4.91;4.71;0.49;0.47;355789
23;23;4.71;4.71;0.47;0.47;355901
22;27;4.5;5.52;0.45;0.55;356016
12;34;2.45;6.96;0.25;0.7;356129
14;34;2.86;6.96;0.29;0.7;356241
21;26;4.3;5.32;0.43;0.53;356353
21;26;4.3;5.32;0.43;0.53;356465
15;32;3.07;6.55;0.31;0.65;356577
22;26;4.5;5.32;0.45;0.53;356689
21;27;4.3;5.52;0.43;0.55;356801
22;24;4.5;4.91;0.45;0.49;356913
27;24;5.52;4.91;0.55;0.49;357030
23;24;4.71;4.91;0.47;0.49;357143
29;22;5.93;4.5;0.59;0.45;357256
36;14;7.36;2.86;0.74;0.29;357369
26;21;5.32;4.3;0.53;0.43;357482
17;32;3.48;6.55;0.35;0.65;357596
21;29;4.3;5.93;0.43;0.59;357709
25;24;5.11;4.91;0.51;0.49;357822
27;25;5.52;5.11;0.55;0.51;357935
26;25;5.32;5.11;0.53;0.51;358052
24;24;4.91;4.91;0.49;0.49;358165
23;24;4.71;4.91;0.47;0.49;358278
30;28;6.14;5.73;0.61;0.57;358416
24;24;4.91;4.91;0.49;0.49;358529
24;23;4.91;4.71;0.49;0.47;358642
24;24;4.91;4.91;0.49;0.49;358757
24;24;4.91;4.91;0.49;0.49;358870
29;20;5.93;4.09;0.59;0.41;358983
40;13;8.18;2.66;0.82;0.27;359105
36;13;7.36;2.66;0.74;0.27;359218
33;15;6.75;3.07;0.68;0.31;359331
34;14;6.96;2.86;0.7;0.29;359444
32;14;6.55;2.86;0.65;0.29;359557
28;21;5.73;4.3;0.57;0.43;359670
25;25;5.11;5.11;0.51;0.51;359783
24;24;4.91;4.91;0.49;0.49;359896
24;23;4.91;4.71;0.49;0.47;360009
27;25;5.52;5.11;0.55;0.51;360131
24;24;4.91;4.91;0.49;0.49;360244
25;23;5.11;4.71;0.51;0.47;360357
24;23;4.91;4.71;0.49;0.47;360472
24;23;4.91;4.71;0.49;0.47;360585
25;23;5.11;4.71;0.51;0.47;360698
23;23;4.71;4.71;0.47;0.47;360811
24;22;4.91;4.5;0.49;0.45;360924
23;22;4.71;4.5;0.47;0.45;361037
25;24;5.11;4.91;0.51;0.49;361152
24;23;4.91;4.71;0.49;0.47;361265
23;23;4.71;4.71;0.47;0.47;361378
25;21;5.11;4.3;0.51;0.43;361491
24;23;4.91;4.71;0.49;0.47;361604
25;22;5.11;4.5;0.51;0.45;361717
23;23;4.71;4.71;0.47;0.47;361830
25;23;5.11;4.71;0.51;0.47;361943
24;23;4.91;4.71;0.49;0.47;362056
27;22;5.52;4.5;0.55;0.45;362173
24;24;4.91;4.91;0.49;0.49;362286
25;23;5.11;4.71;0.51;0.47;362399
27;23;5.52;4.71;0.55;0.47;362512
27;25;5.52;5.11;0.55;0.51;362625
25;23;5.11;4.71;0.51;0.47;362738
26;23;5.32;4.71;0.53;0.47;362851
25;23;5.11;4.71;0.51;0.47;362964
23;24;4.71;4.91;0.47;0.49;363077
26;23;5.32;4.71;0.53;0.47;363194
17;34;3.48;6.96;0.35;0.7;363307
19;29;3.89;5.93;0.39;0.59;363420
21;28;4.3;5.73;0.43;0.57;363533
27;24;5.52;4.91;0.55;0.49;363646
27;24;5.52;4.91;0.55;0.49;363759
24;24;4.91;4.91;0.49;0.49;363872
24;24;4.91;4.91;0.49;0.49;363987
24;24;4.91;4.91;0.49;0.49;364100
21;31;4.3;6.34;0.43;0.63;364222
24;25;4.91;5.11;0.49;0.51;364335
24;24;4.91;4.91;0.49;0.49;364448
25;24;5.11;4.91;0.51;0.49;364561
24;24;4.91;4.91;0.49;0.49;364674
24;24;4.91;4.91;0.49;0.49;364787
23;24;4.71;4.91;0.47;0.49;364900
23;23;4.71;4.71;0.47;0.47;365013
26;24;5.32;4.91;0.53;0.49;365126
25;26;5.11;5.32;0.51;0.53;365248
23;24;4.71;4.91;0.47;0.49;365361
23;24;4.71;4.91;0.47;0.49;365474
23;25;4.71;5.11;0.47;0.51;365587
23;24;4.71;4.91;0.47;0.49;365702
24;24;4.91;4.91;0.49;0.49;365815
24;24;4.91;4.91;0.49;0.49;365928
23;24;4.71;4.91;0.47;0.49;366041
23;24;4.71;4.91;0.47;0.49;366154
25;25;5.11;5.11;0.51;0.51;366275
24;25;4.91;5.11;0.49;0.51;366388
25;24;5.11;4.91;0.51;0.49;366501
23;23;4.71;4.71;0.47;0.47;366614
24;24;4.91;4.91;0.49;0.49;366727
23;23;4.71;4.71;0.47;0.47;366840
24;24;4.91;4.91;0.49;0.49;366953
23;24;4.71;4.91;0.47;0.49;367066
24;24;4.91;4.91;0.49;0.49;367179
23;24;4.71;4.91;0.47;0.49;367294
24;23;4.91;4.71;0.49;0.47;367409
22;26;4.5;5.32;0.45;0.53;367522
14;33;2.86;6.75;0.29;0.68;367635
15;32;3.07;6.55;0.31;0.65;367748
27;30;5.52;6.14;0.55;0.61;367886
23;24;4.71;4.91;0.47;0.49;367999
23;25;4.71;5.11;0.47;0.51;368112
24;25;4.91;5.11;0.49;0.51;368225
23;25;4.71;5.11;0.47;0.51;368340
24;24;4.91;4.91;0.49;0.49;368453
23;25;4.71;5.11;0.47;0.51;368566
25;25;5.11;5.11;0.51;0.51;368679
25;24;5.11;4.91;0.51;0.49;368792
24;24;4.91;4.91;0.49;0.49;368905
24;26;4.91;5.32;0.49;0.53;369018
24;24;4.91;4.91;0.49;0.49;369133
24;25;4.91;5.11;0.49;0.51;369246
24;25;4.91;5.11;0.49;0.51;369361
23;25;4.71;5.11;0.47;0.51;369474
24;24;4.91;4.91;0.49;0.49;369587
22;24;4.5;4.91;0.45;0.49;369700
23;24;4.71;4.91;0.47;0.49;369813
23;24;4.71;4.91;0.47;0.49;369926
23;23;4.71;4.71;0.47;0.47;370039
23;24;4.71;4.91;0.47;0.49;370152
23;23;4.71;4.71;0.47;0.47;370265
24;25;4.91;5.11;0.49;0.51;370380
24;25;4.91;5.11;0.49;0.51;370493
24;24;4.91;4.91;0.49;0.49;370606
23;25;4.71;5.11;0.47;0.51;370719
24;24;4.91;4.91;0.49;0.49;370834
24;24;4.91;4.91;0.49;0.49;370947
24;24;4.91;4.91;0.49;0.49;371060
24;24;4.91;4.91;0.49;0.49;371173
23;24;4.71;4.91;0.47;0.49;371286
25;24;5.11;4.91;0.51;0.49;371401
23;24;4.71;4.91;0.47;0.49;371514
24;23;4.91;4.71;0.49;0.47;371627
24;23;4.91;4.71;0.49;0.47;371740
23;25;4.71;5.11;0.47;0.51;371853
23;23;4.71;4.71;0.47;0.47;371966
23;24;4.71;4.91;0.47;0.49;372079
23;24;4.71;4.91;0.47;0.49;372192
23;24;4.71;4.91;0.47;0.49;372305
23;24;4.71;4.91;0.47;0.49;372420
23;24;4.71;4.91;0.47;0.49;372535
26;25;5.32;5.11;0.53;0.51;372657
23;24;4.71;4.91;0.47;0.49;372770
24;24;4.91;4.91;0.49;0.49;372883
23;24;4.71;4.91;0.47;0.49;372996
24;24;4.91;4.91;0.49;0.49;373109
23;24;4.71;4.91;0.47;0.49;373222
24;24;4.91;4.91;0.49;0.49;373335
24;24;4.91;4.91;0.49;0.49;373450
25;24;5.11;4.91;0.51;0.49;373563
24;24;4.91;4.91;0.49;0.49;373676
24;24;4.91;4.91;0.49;0.49;373789
23;23;4.71;4.71;0.47;0.47;373902
24;24;4.91;4.91;0.49;0.49;374015
25;24;5.11;4.91;0.51;0.49;374128
24;24;4.91;4.91;0.49;0.49;374243
23;24;4.71;4.91;0.47;0.49;374356
24;24;4.91;4.91;0.49;0.49;374471
23;24;4.71;4.91;0.47;0.49;374584
23;24;4.71;4.91;0.47;0.49;374697
25;24;5.11;4.91;0.51;0.49;374815
23;24;4.71;4.91;0.47;0.49;374928
22;22;4.5;4.5;0.45;0.45;375041
24;23;4.91;4.71;0.49;0.47;375154
23;24;4.71;4.91;0.47;0.49;375267
23;23;4.71;4.71;0.47;0.47;375380
23;25;4.71;5.11;0.47;0.51;375495
24;23;4.91;4.71;0.49;0.47;375608
24;24;4.91;4.91;0.49;0.49;375721
24;23;4.91;4.71;0.49;0.47;375834
24;24;4.91;4.91;0.49;0.49;375949
24;24;4.91;4.91;0.49;0.49;376062
23;23;4.71;4.71;0.47;0.47;376175
23;23;4.71;4.71;0.47;0.47;376288
23;24;4.71;4.91;0.47;0.49;376401
24;23;4.91;4.71;0.49;0.47;376516
24;24;4.91;4.91;0.49;0.49;376629
34;15;6.96;3.07;0.7;0.31;376742
34;13;6.96;2.66;0.7;0.27;376855
32;13;6.55;2.66;0.65;0.27;376968
31;14;6.34;2.86;0.63;0.29;377081
26;20;5.32;4.09;0.53;0.41;377194
22;24;4.5;4.91;0.45;0.49;377307
29;29;5.93;5.93;0.59;0.59;377445
24;24;4.91;4.91;0.49;0.49;377560
24;22;4.91;4.5;0.49;0.45;377675
23;22;4.71;4.5;0.47;0.45;377788
23;21;4.71;4.3;0.47;0.43;377901
22;21;4.5;4.3;0.45;0.43;378014
22;21;4.5;4.3;0.45;0.43;378127
24;23;4.91;4.71;0.49;0.47;378240
23;22;4.71;4.5;0.47;0.45;378353
24;23;4.91;4.71;0.49;0.47;378466
24;23;4.91;4.71;0.49;0.47;378581
24;23;4.91;4.71;0.49;0.47;378694
24;23;4.91;4.71;0.49;0.47;378807
23;23;4.71;4.71;0.47;0.47;378920
24;23;4.91;4.71;0.49;0.47;379033
24;24;4.91;4.91;0.49;0.49;379146
24;23;4.91;4.71;0.49;0.47;379259
24;24;4.91;4.91;0.49;0.49;379374
26;22;5.32;4.5;0.53;0.45;379487
33;17;6.75;3.48;0.68;0.35;379609
25;22;5.11;4.5;0.51;0.45;379722
24;24;4.91;4.91;0.49;0.49;379835
23;23;4.71;4.71;0.47;0.47;379948
24;23;4.91;4.71;0.49;0.47;380061
24;23;4.91;4.71;0.49;0.47;380174
23;23;4.71;4.71;0.47;0.47;380287
25;22;5.11;4.5;0.51;0.45;380400
23;23;4.71;4.71;0.47;0.47;380513
26;24;5.32;4.91;0.53;0.49;380635
23;21;4.71;4.3;0.47;0.43;380748
23;22;4.71;4.5;0.47;0.45;380861
24;23;4.91;4.71;0.49;0.47;380974
24;23;4.91;4.71;0.49;0.47;381089
23;23;4.71;4.71;0.47;0.47;381202
24;23;4.91;4.71;0.49;0.47;381315
23;23;4.71;4.71;0.47;0.47;381428
24;23;4.91;4.71;0.49;0.47;381541
24;23;4.91;4.71;0.49;0.47;381656
24;23;4.91;4.71;0.49;0.47;381769
24;22;4.91;4.5;0.49;0.45;381882
23;22;4.71;4.5;0.47;0.45;381994
26;25;5.32;5.11;0.53;0.51;382116
23;23;4.71;4.71;0.47;0.47;382229
24;23;4.91;4.71;0.49;0.47;382342
24;22;4.91;4.5;0.49;0.45;382455
24;23;4.91;4.71;0.49;0.47;382568
24;23;4.91;4.71;0.49;0.47;382683
25;23;5.11;4.71;0.51;0.47;382799
24;24;4.91;4.91;0.49;0.49;382912
23;23;4.71;4.71;0.47;0.47;383025
24;22;4.91;4.5;0.49;0.45;383137
24;23;4.91;4.71;0.49;0.47;383250
24;23;4.91;4.71;0.49;0.47;383364
24;22;4.91;4.5;0.49;0.45;383477
24;23;4.91;4.71;0.49;0.47;383589
18;35;3.68;7.16;0.37;0.72;383711
23;26;4.71;5.32;0.47;0.53;383824
23;24;4.71;4.91;0.47;0.49;383937
23;23;4.71;4.71;0.47;0.47;384049
23;24;4.71;4.91;0.47;0.49;384162
23;23;4.71;4.71;0.47;0.47;384274
24;24;4.91;4.91;0.49;0.49;384387
24;24;4.91;4.91;0.49;0.49;384502
24;23;4.91;4.71;0.49;0.47;384615
26;23;5.32;4.71;0.53;0.47;384737
25;21;5.11;4.3;0.51;0.43;384850
25;22;5.11;4.5;0.51;0.45;384963
23;23;4.71;4.71;0.47;0.47;385076
24;23;4.91;4.71;0.49;0.47;385188
23;23;4.71;4.71;0.47;0.47;385301
24;24;4.91;4.91;0.49;0.49;385413
23;24;4.71;4.91;0.47;0.49;385526
23;23;4.71;4.71;0.47;0.47;385638
24;25;4.91;5.11;0.49;0.51;385753
23;23;4.71;4.71;0.47;0.47;385866
24;24;4.91;4.91;0.49;0.49;385979
23;23;4.71;4.71;0.47;0.47;386091
23;24;4.71;4.91;0.47;0.49;386206
23;25;4.71;5.11;0.47;0.51;386318
23;24;4.71;4.91;0.47;0.49;386431
22;23;4.5;4.71;0.45;0.47;386543
23;24;4.71;4.91;0.47;0.49;386656
24;24;4.91;4.91;0.49;0.49;386771
36;38;7.36;7.77;0.74;0.78;386952
23;24;4.71;4.91;0.47;0.49;387065
23;24;4.71;4.91;0.47;0.49;387178
23;24;4.71;4.91;0.47;0.49;387291
22;24;4.5;4.91;0.45;0.49;387404
23;23;4.71;4.71;0.47;0.47;387517
22;24;4.5;4.91;0.45;0.49;387630
24;23;4.91;4.71;0.49;0.47;387746
31;32;6.34;6.55;0.63;0.65;387901
24;24;4.91;4.91;0.49;0.49;388016
23;24;4.71;4.91;0.47;0.49;388129
24;24;4.91;4.91;0.49;0.49;388242
23;23;4.71;4.71;0.47;0.47;388355
23;24;4.71;4.91;0.47;0.49;388468
23;24;4.71;4.91;0.47;0.49;388581
23;23;4.71;4.71;0.47;0.47;388694
28;29;5.73;5.93;0.57;0.59;388832
23;26;4.71;5.32;0.47;0.53;388947
23;24;4.71;4.91;0.47;0.49;389062
24;24;4.91;4.91;0.49;0.49;389177
24;25;4.91;5.11;0.49;0.51;389293
23;24;4.71;4.91;0.47;0.49;389407
24;24;4.91;4.91;0.49;0.49;389523
24;25;4.91;5.11;0.49;0.51;389640
30;23;6.14;4.71;0.61;0.47;389761
43;11;8.8;2.25;0.88;0.23;389888
36;12;7.36;2.45;0.74;0.25;390007
35;13;7.16;2.66;0.72;0.27;390126
35;13;7.16;2.66;0.72;0.27;390243
29;20;5.93;4.09;0.59;0.41;390362
25;25;5.11;5.11;0.51;0.51;390481
25;24;5.11;4.91;0.51;0.49;390598
25;24;5.11;4.91;0.51;0.49;390717
26;24;5.32;4.91;0.53;0.49;390836
27;25;5.52;5.11;0.55;0.51;390963
26;24;5.32;4.91;0.53;0.49;391082
25;24;5.11;4.91;0.51;0.49;391201
25;24;5.11;4.91;0.51;0.49;391318
25;24;5.11;4.91;0.51;0.49;391437
31;19;6.34;3.89;0.63;0.39;391559
34;15;6.96;3.07;0.7;0.31;391678
27;25;5.52;5.11;0.55;0.51;391802
25;25;5.11;5.11;0.51;0.51;391924
30;26;6.14;5.32;0.61;0.53;392057
32;16;6.55;3.27;0.65;0.33;392174
27;25;5.52;5.11;0.55;0.51;392298
24;24;4.91;4.91;0.49;0.49;392417
24;24;4.91;4.91;0.49;0.49;392534
25;24;5.11;4.91;0.51;0.49;392653
24;22;4.91;4.5;0.49;0.45;392772
24;23;4.91;4.71;0.49;0.47;392889
24;24;4.91;4.91;0.49;0.49;393010
26;24;5.32;4.91;0.53;0.49;393130
25;24;5.11;4.91;0.51;0.49;393247
25;24;5.11;4.91;0.51;0.49;393366
25;24;5.11;4.91;0.51;0.49;393488
25;22;5.11;4.5;0.51;0.45;393607
26;25;5.32;5.11;0.53;0.51;393724
25;25;5.11;5.11;0.51;0.51;393843
25;25;5.11;5.11;0.51;0.51;393965
25;23;5.11;4.71;0.51;0.47;394083
24;24;4.91;4.91;0.49;0.49;394202
25;24;5.11;4.91;0.51;0.49;394321
24;23;4.91;4.71;0.49;0.47;394438
27;26;5.52;5.32;0.55;0.53;394571
26;24;5.32;4.91;0.53;0.49;394690
24;24;4.91;4.91;0.49;0.49;394807
26;24;5.32;4.91;0.53;0.49;394926
25;25;5.11;5.11;0.51;0.51;395047
25;24;5.11;4.91;0.51;0.49;395165
25;24;5.11;4.91;0.51;0.49;395287
25;25;5.11;5.11;0.51;0.51;395406
24;23;4.91;4.71;0.49;0.47;395525
24;23;4.91;4.71;0.49;0.47;395642
25;23;5.11;4.71;0.51;0.47;395761
25;22;5.11;4.5;0.51;0.45;395880
24;21;4.91;4.3;0.49;0.43;395997
27;24;5.52;4.91;0.55;0.49;396118
26;23;5.32;4.71;0.53;0.47;396238
24;23;4.91;4.71;0.49;0.47;396355
25;24;5.11;4.91;0.51;0.49;396474
25;23;5.11;4.71;0.51;0.47;396593
25;24;5.11;4.91;0.51;0.49;396710
28;28;5.73;5.73;0.57;0.57;396846
25;25;5.11;5.11;0.51;0.51;396971
28;28;5.73;5.73;0.57;0.57;397105
24;25;4.91;5.11;0.49;0.51;397223
24;25;4.91;5.11;0.49;0.51;397342
24;24;4.91;4.91;0.49;0.49;397461
24;24;4.91;4.91;0.49;0.49;397578
25;25;5.11;5.11;0.51;0.51;397697
24;25;4.91;5.11;0.49;0.51;397816
24;24;4.91;4.91;0.49;0.49;397933
24;24;4.91;4.91;0.49;0.49;398052
25;25;5.11;5.11;0.51;0.51;398174
24;24;4.91;4.91;0.49;0.49;398292
24;24;4.91;4.91;0.49;0.49;398411
24;25;4.91;5.11;0.49;0.51;398530
24;24;4.91;4.91;0.49;0.49;398647
23;24;4.71;4.91;0.47;0.49;398766
23;25;4.71;5.11;0.47;0.51;398888
24;24;4.91;4.91;0.49;0.49;399008
24;24;4.91;4.91;0.49;0.49;399128
24;25;4.91;5.11;0.49;0.51;399247
24;25;4.91;5.11;0.49;0.51;399366
24;24;4.91;4.91;0.49;0.49;399483
26;26;5.32;5.32;0.53;0.53;399615
24;24;4.91;4.91;0.49;0.49;399735
25;24;5.11;4.91;0.51;0.49;399852
25;25;5.11;5.11;0.51;0.51;399971
25;25;5.11;5.11;0.51;0.51;400090
24;25;4.91;5.11;0.49;0.51;400210
25;25;5.11;5.11;0.51;0.51;400329
24;25;4.91;5.11;0.49;0.51;400449
24;25;4.91;5.11;0.49;0.51;400566
25;25;5.11;5.11;0.51;0.51;400688
24;25;4.91;5.11;0.49;0.51;400807
24;26;4.91;5.32;0.49;0.53;400926
23;24;4.71;4.91;0.47;0.49;401043
25;26;5.11;5.32;0.51;0.53;401165
30;19;6.14;3.89;0.61;0.39;401285
29;20;5.93;4.09;0.59;0.41;401402
25;24;5.11;4.91;0.51;0.49;401521
25;25;5.11;5.11;0.51;0.51;401640
24;24;4.91;4.91;0.49;0.49;401759
29;28;5.93;5.73;0.59;0.57;401895
26;25;5.32;5.11;0.53;0.51;402020
28;26;5.73;5.32;0.57;0.53;402151
26;24;5.32;4.91;0.53;0.49;402272
25;24;5.11;4.91;0.51;0.49;402392
26;24;5.32;4.91;0.53;0.49;402515
24;23;4.91;4.71;0.49;0.47;402632
25;25;5.11;5.11;0.51;0.51;402751
25;24;5.11;4.91;0.51;0.49;402871
24;23;4.91;4.71;0.49;0.47;402988
23;23;4.71;4.71;0.47;0.47;403107
25;24;5.11;4.91;0.51;0.49;403230
24;24;4.91;4.91;0.49;0.49;403348
25;23;5.11;4.71;0.51;0.47;403466
22;22;4.5;4.5;0.45;0.45;403572
23;23;4.71;4.71;0.47;0.47;403684
23;23;4.71;4.71;0.47;0.47;403796
24;23;4.91;4.71;0.49;0.47;403908
24;22;4.91;4.5;0.49;0.45;404020
23;23;4.71;4.71;0.47;0.47;404132
25;23;5.11;4.71;0.51;0.47;404250
23;22;4.71;4.5;0.47;0.45;404363
23;22;4.71;4.5;0.47;0.45;404475
23;23;4.71;4.71;0.47;0.47;404587
23;22;4.71;4.5;0.47;0.45;404699
24;22;4.91;4.5;0.49;0.45;404811
23;22;4.71;4.5;0.47;0.45;404923
23;21;4.71;4.3;0.47;0.43;405035
23;22;4.71;4.5;0.47;0.45;405147
24;23;4.91;4.71;0.49;0.47;405262
24;23;4.91;4.71;0.49;0.47;405375
23;23;4.71;4.71;0.47;0.47;405488
23;22;4.71;4.5;0.47;0.45;405600
23;23;4.71;4.71;0.47;0.47;405712
22;21;4.5;4.3;0.45;0.43;405824
22;23;4.5;4.71;0.45;0.47;405939
22;21;4.5;4.3;0.45;0.43;406051
22;23;4.5;4.71;0.45;0.47;406163
24;23;4.91;4.71;0.49;0.47;406278
24;24;4.91;4.91;0.49;0.49;406391
23;22;4.71;4.5;0.47;0.45;406503
25;25;5.11;5.11;0.51;0.51;406625
23;23;4.71;4.71;0.47;0.47;406737
23;23;4.71;4.71;0.47;0.47;406849
23;23;4.71;4.71;0.47;0.47;406961
23;22;4.71;4.5;0.47;0.45;407073
23;23;4.71;4.71;0.47;0.47;407185
24;24;4.91;4.91;0.49;0.49;407300
24;23;4.91;4.71;0.49;0.47;407413
23;23;4.71;4.71;0.47;0.47;407526
24;23;4.91;4.71;0.49;0.47;407641
23;22;4.71;4.5;0.47;0.45;407753
23;22;4.71;4.5;0.47;0.45;407865
22;23;4.5;4.71;0.45;0.47;407977
23;22;4.71;4.5;0.47;0.45;408089
23;23;4.71;4.71;0.47;0.47;408201
24;23;4.91;4.71;0.49;0.47;408316
23;23;4.71;4.71;0.47;0.47;408429
23;22;4.71;4.5;0.47;0.45;408541
23;22;4.71;4.5;0.47;0.45;408653
22;22;4.5;4.5;0.45;0.45;408765
23;22;4.71;4.5;0.47;0.45;408877
22;22;4.5;4.5;0.45;0.45;408989
23;22;4.71;4.5;0.47;0.45;409101
24;23;4.91;4.71;0.49;0.47;409213
24;23;4.91;4.71;0.49;0.47;409330
23;23;4.71;4.71;0.47;0.47;409443
23;22;4.71;4.5;0.47;0.45;409555
23;22;4.71;4.5;0.47;0.45;409667
22;22;4.5;4.5;0.45;0.45;409779
22;22;4.5;4.5;0.45;0.45;409891
23;23;4.71;4.71;0.47;0.47;410003
23;23;4.71;4.71;0.47;0.47;410115
24;22;4.91;4.5;0.49;0.45;410229
23;23;4.71;4.71;0.47;0.47;410344
24;22;4.91;4.5;0.49;0.45;410457
23;22;4.71;4.5;0.47;0.45;410569
22;22;4.5;4.5;0.45;0.45;410681
25;20;5.11;4.09;0.51;0.41;410793
27;16;5.52;3.27;0.55;0.33;410905
41;17;8.39;3.48;0.84;0.35;411045
38;15;7.77;3.07;0.78;0.31;411174
32;13;6.55;2.66;0.65;0.27;411286
34;15;6.96;3.07;0.7;0.31;411408
31;13;6.34;2.66;0.63;0.27;411521
30;16;6.14;3.27;0.61;0.33;411633
22;23;4.5;4.71;0.45;0.47;411745
21;23;4.3;4.71;0.43;0.47;411857
22;22;4.5;4.5;0.45;0.45;411969
18;26;3.68;5.32;0.37;0.53;412081
10;36;2.05;7.36;0.2;0.74;412193
13;30;2.66;6.14;0.27;0.61;412305
24;25;4.91;5.11;0.49;0.51;412427
23;23;4.71;4.71;0.47;0.47;412540
23;23;4.71;4.71;0.47;0.47;412652
21;26;4.3;5.32;0.43;0.53;412767
13;32;2.66;6.55;0.27;0.65;412880
11;33;2.25;6.75;0.23;0.68;412993
12;32;2.45;6.55;0.25;0.65;413106
14;30;2.86;6.14;0.29;0.61;413219
22;23;4.5;4.71;0.45;0.47;413332
22;22;4.5;4.5;0.45;0.45;413447
22;23;4.5;4.71;0.45;0.47;413560
22;23;4.5;4.71;0.45;0.47;413673
21;23;4.3;4.71;0.43;0.47;413786
22;24;4.5;4.91;0.45;0.49;413899
22;24;4.5;4.91;0.45;0.49;414012
21;23;4.3;4.71;0.43;0.47;414125
20;22;4.09;4.5;0.41;0.45;414238
18;22;3.68;4.5;0.37;0.45;414351
13;23;2.66;4.71;0.27;0.47;414468
13;23;2.66;4.71;0.27;0.47;414581
11;18;2.25;3.68;0.23;0.37;414694
8;12;1.64;2.45;0.16;0.25;414807
16;5;3.27;1.02;0.33;0.1;414920
24;5;4.91;1.02;0.49;0.1;415033
15;12;3.07;2.45;0.31;0.25;415146
15;15;3.07;3.07;0.31;0.31;415259
19;3;3.89;0.61;0.39;0.06;415372
14;8;2.86;1.64;0.29;0.16;415487
10;12;2.05;2.45;0.2;0.25;415600
12;14;2.45;2.86;0.25;0.29;415713
9;14;1.84;2.86;0.18;0.29;415826
9;7;1.84;1.43;0.18;0.14;415941
8;9;1.64;1.84;0.16;0.18;416054
0;0;0;0;0;0;416167
18;16;3.68;3.27;0.37;0.33;416299
24;25;4.91;5.11;0.49;0.51;416414
24;24;4.91;4.91;0.49;0.49;416528
25;24;5.11;4.91;0.51;0.49;416642
24;24;4.91;4.91;0.49;0.49;416756
24;24;4.91;4.91;0.49;0.49;416870
25;25;5.11;5.11;0.51;0.51;416984
23;25;4.71;5.11;0.47;0.51;417097
23;25;4.71;5.11;0.47;0.51;417210
26;26;5.32;5.32;0.53;0.53;417325
24;26;4.91;5.32;0.49;0.53;417438
24;25;4.91;5.11;0.49;0.51;417551
20;28;4.09;5.73;0.41;0.57;417664
12;36;2.45;7.36;0.25;0.74;417777
15;35;3.07;7.16;0.31;0.72;417892
23;26;4.71;5.32;0.47;0.53;418005
23;24;4.71;4.91;0.47;0.49;418118
17;30;3.48;6.14;0.35;0.61;418231
15;37;3.07;7.57;0.31;0.76;418353
22;25;4.5;5.11;0.45;0.51;418466
24;24;4.91;4.91;0.49;0.49;418579
24;25;4.91;5.11;0.49;0.51;418692
23;24;4.71;4.91;0.47;0.49;418805
24;24;4.91;4.91;0.49;0.49;418918
17;30;3.48;6.14;0.35;0.61;419031
15;32;3.07;6.55;0.31;0.65;419144
23;25;4.71;5.11;0.47;0.51;419257
25;26;5.11;5.32;0.51;0.53;419379
24;25;4.91;5.11;0.49;0.51;419492
23;24;4.71;4.91;0.47;0.49;419605
23;24;4.71;4.91;0.47;0.49;419720
23;25;4.71;5.11;0.47;0.51;419834
29;21;5.93;4.3;0.59;0.43;419947
32;18;6.55;3.68;0.65;0.37;420060
24;23;4.91;4.71;0.49;0.47;420173
27;27;5.52;5.52;0.55;0.55;420301
24;24;4.91;4.91;0.49;0.49;420416
24;24;4.91;4.91;0.49;0.49;420529
24;23;4.91;4.71;0.49;0.47;420642
25;21;5.11;4.3;0.51;0.43;420755
33;13;6.75;2.66;0.68;0.27;420868
27;18;5.52;3.68;0.55;0.37;420981
23;23;4.71;4.71;0.47;0.47;421094
24;23;4.91;4.71;0.49;0.47;421207
25;24;5.11;4.91;0.51;0.49;421322
24;23;4.91;4.71;0.49;0.47;421439
25;23;5.11;4.71;0.51;0.47;421552
24;22;4.91;4.5;0.49;0.45;421665
24;21;4.91;4.3;0.49;0.43;421778
24;22;4.91;4.5;0.49;0.45;421891
24;23;4.91;4.71;0.49;0.47;422004
24;22;4.91;4.5;0.49;0.45;422117
25;23;5.11;4.71;0.51;0.47;422230
24;23;4.91;4.71;0.49;0.47;422343
24;24;4.91;4.91;0.49;0.49;422458
24;23;4.91;4.71;0.49;0.47;422571
24;23;4.91;4.71;0.49;0.47;422684
23;23;4.71;4.71;0.47;0.47;422797
23;22;4.71;4.5;0.47;0.45;422910
24;23;4.91;4.71;0.49;0.47;423023
24;23;4.91;4.71;0.49;0.47;423136
24;23;4.91;4.71;0.49;0.47;423251
23;23;4.71;4.71;0.47;0.47;423364
24;22;4.91;4.5;0.49;0.45;423479
23;22;4.71;4.5;0.47;0.45;423592
24;23;4.91;4.71;0.49;0.47;423705
24;23;4.91;4.71;0.49;0.47;423818
24;23;4.91;4.71;0.49;0.47;423931
24;22;4.91;4.5;0.49;0.45;424044
24;23;4.91;4.71;0.49;0.47;424157
24;23;4.91;4.71;0.49;0.47;424270
23;22;4.71;4.5;0.47;0.45;424383
24;23;4.91;4.71;0.49;0.47;424498
23;22;4.71;4.5;0.47;0.45;424611
22;23;4.5;4.71;0.45;0.47;424724
23;22;4.71;4.5;0.47;0.45;424837
23;23;4.71;4.71;0.47;0.47;424950
28;27;5.73;5.52;0.57;0.55;425085
26;22;5.32;4.5;0.53;0.45;425198
34;15;6.96;3.07;0.7;0.31;425311
34;13;6.96;2.66;0.7;0.27;425424
35;14;7.16;2.86;0.72;0.29;425546
26;19;5.32;3.89;0.53;0.39;425659
10;45;2.05;9.21;0.2;0.92;425772
40;20;8.18;4.09;0.82;0.41;425885
47;1;9.61;0.2;0.96;0.02;425998
43;0;8.8;0;0.88;0;426111
43;0;8.8;0;0.88;0;426224
42;0;8.59;0;0.86;0;426337
36;9;7.36;1.84;0.74;0.18;426450
33;14;6.75;2.86;0.68;0.29;426565
33;13;6.75;2.66;0.68;0.27;426678
34;16;6.96;3.27;0.7;0.33;426793
33;14;6.75;2.86;0.68;0.29;426906
32;13;6.55;2.66;0.65;0.27;427019
33;14;6.75;2.86;0.68;0.29;427132
32;13;6.55;2.66;0.65;0.27;427245
30;13;6.14;2.66;0.61;0.27;427358
32;14;6.55;2.86;0.65;0.29;427471
31;15;6.34;3.07;0.63;0.31;427586
32;14;6.55;2.86;0.65;0.29;427699
33;15;6.75;3.07;0.68;0.31;427812
33;14;6.75;2.86;0.68;0.29;427925
33;14;6.75;2.86;0.68;0.29;428038
32;13;6.55;2.66;0.65;0.27;428151
33;13;6.75;2.66;0.68;0.27;428264
33;14;6.75;2.86;0.68;0.29;428377
32;15;6.55;3.07;0.65;0.31;428490
34;14;6.96;2.86;0.7;0.29;428607
33;13;6.75;2.66;0.68;0.27;428720
30;15;6.14;3.07;0.61;0.31;428833
24;23;4.91;4.71;0.49;0.47;428946
23;24;4.71;4.91;0.47;0.49;429059
24;23;4.91;4.71;0.49;0.47;429172
24;22;4.91;4.5;0.49;0.45;429285
24;23;4.91;4.71;0.49;0.47;429398
23;23;4.71;4.71;0.47;0.47;429511
27;24;5.52;4.91;0.55;0.49;429633
23;22;4.71;4.5;0.47;0.45;429746
31;28;6.34;5.73;0.63;0.57;429890
23;22;4.71;4.5;0.47;0.45;430003
24;23;4.91;4.71;0.49;0.47;430116
25;24;5.11;4.91;0.51;0.49;430229
24;23;4.91;4.71;0.49;0.47;430344
24;23;4.91;4.71;0.49;0.47;430457
24;23;4.91;4.71;0.49;0.47;430570
24;23;4.91;4.71;0.49;0.47;430685
24;23;4.91;4.71;0.49;0.47;430798
24;22;4.91;4.5;0.49;0.45;430911
24;23;4.91;4.71;0.49;0.47;431024
24;22;4.91;4.5;0.49;0.45;431137
24;23;4.91;4.71;0.49;0.47;431250
23;22;4.71;4.5;0.47;0.45;431363
24;22;4.91;4.5;0.49;0.45;431476
23;22;4.71;4.5;0.47;0.45;431589
24;22;4.91;4.5;0.49;0.45;431704
24;23;4.91;4.71;0.49;0.47;431817
24;23;4.91;4.71;0.49;0.47;431930
23;22;4.71;4.5;0.47;0.45;432043
24;23;4.91;4.71;0.49;0.47;432158
23;22;4.71;4.5;0.47;0.45;432271
23;23;4.71;4.71;0.47;0.47;432384
23;21;4.71;4.3;0.47;0.43;432497
23;22;4.71;4.5;0.47;0.45;432610
24;22;4.91;4.5;0.49;0.45;432725
23;22;4.71;4.5;0.47;0.45;432838
24;23;4.91;4.71;0.49;0.47;432951
23;22;4.71;4.5;0.47;0.45;433064
24;22;4.91;4.5;0.49;0.45;433177
23;22;4.71;4.5;0.47;0.45;433290
23;22;4.71;4.5;0.47;0.45;433403
23;23;4.71;4.71;0.47;0.47;433516
24;22;4.91;4.5;0.49;0.45;433629
23;23;4.71;4.71;0.47;0.47;433744
24;22;4.91;4.5;0.49;0.45;433859
23;22;4.71;4.5;0.47;0.45;433972
23;22;4.71;4.5;0.47;0.45;434085
23;22;4.71;4.5;0.47;0.45;434198
24;22;4.91;4.5;0.49;0.45;434311
23;23;4.71;4.71;0.47;0.47;434424
23;23;4.71;4.71;0.47;0.47;434537
25;25;5.11;5.11;0.51;0.51;434659
24;23;4.91;4.71;0.49;0.47;434774
20;32;4.09;6.55;0.41;0.65;434887
2;49;0.41;10.02;0.04;1;435000
0;43;0;8.8;0;0.88;435113
0;44;0;9;0;0.9;435226
18;34;3.68;6.96;0.37;0.7;435339
51;6;10.43;1.23;1.04;0.12;435452
44;0;9;0;0.9;0;435565
44;0;9;0;0.9;0;435680
45;0;9.21;0;0.92;0;435802
42;0;8.59;0;0.86;0;435915
42;0;8.59;0;0.86;0;436028
43;0;8.8;0;0.88;0;436141
41;0;8.39;0;0.84;0;436253
43;0;8.8;0;0.88;0;436366
42;0;8.59;0;0.86;0;436478
42;0;8.59;0;0.86;0;436591
42;0;8.59;0;0.86;0;436703
43;0;8.8;0;0.88;0;436818
42;0;8.59;0;0.86;0;436931
42;0;8.59;0;0.86;0;437044
41;0;8.39;0;0.84;0;437156
42;0;8.59;0;0.86;0;437269
41;0;8.39;0;0.84;0;437381
42;0;8.59;0;0.86;0;437496
41;0;8.39;0;0.84;0;437609
41;0;8.39;0;0.84;0;437722
41;0;8.39;0;0.84;0;437837
41;0;8.39;0;0.84;0;437950
41;0;8.39;0;0.84;0;438063
41;0;8.39;0;0.84;0;438176
42;0;8.59;0;0.86;0;438289
42;0;8.59;0;0.86;0;438402
39;3;7.98;0.61;0.8;0.06;438515
31;13;6.34;2.66;0.63;0.27;438629
32;13;6.55;2.66;0.65;0.27;438742
35;15;7.16;3.07;0.72;0.31;438863
31;15;6.34;3.07;0.63;0.31;438976
23;23;4.71;4.71;0.47;0.47;439089
23;24;4.71;4.91;0.47;0.49;439202
30;29;6.14;5.93;0.61;0.59;439343
24;22;4.91;4.5;0.49;0.45;439455
25;21;5.11;4.3;0.51;0.43;439568
23;22;4.71;4.5;0.47;0.45;439680
25;22;5.11;4.5;0.51;0.45;439793
25;23;5.11;4.71;0.51;0.47;439915
24;21;4.91;4.3;0.49;0.43;440028
24;22;4.91;4.5;0.49;0.45;440141
20;27;4.09;5.52;0.41;0.55;440254
13;34;2.66;6.96;0.27;0.7;440366
23;24;4.71;4.91;0.47;0.49;440479
23;22;4.71;4.5;0.47;0.45;440591
17;28;3.48;5.73;0.35;0.57;440704
12;32;2.45;6.55;0.25;0.65;440816
13;34;2.66;6.96;0.27;0.7;440938
12;32;2.45;6.55;0.25;0.65;441053
16;30;3.27;6.14;0.33;0.61;441166
22;23;4.5;4.71;0.45;0.47;441278
17;28;3.48;5.73;0.35;0.57;441391
11;31;2.25;6.34;0.23;0.63;441503
13;32;2.66;6.55;0.27;0.65;441616
21;25;4.3;5.11;0.43;0.51;441728
24;21;4.91;4.3;0.49;0.43;441841
23;24;4.71;4.91;0.47;0.49;441963
25;20;5.11;4.09;0.51;0.41;442076
34;11;6.96;2.25;0.7;0.23;442189
27;20;5.52;4.09;0.55;0.41;442302
31;17;6.34;3.48;0.63;0.35;442414
35;13;7.16;2.66;0.72;0.27;442527
32;13;6.55;2.66;0.65;0.27;442639
29;17;5.93;3.48;0.59;0.35;442752
16;32;3.27;6.55;0.33;0.65;442867
21;25;4.3;5.11;0.43;0.51;442984
25;22;5.11;4.5;0.51;0.45;443097
23;22;4.71;4.5;0.47;0.45;443210
23;22;4.71;4.5;0.47;0.45;443322
24;22;4.91;4.5;0.49;0.45;443435
23;22;4.71;4.5;0.47;0.45;443547
22;24;4.5;4.91;0.45;0.49;443660
14;31;2.86;6.34;0.29;0.63;443772
12;32;2.45;6.55;0.25;0.65;443885
15;36;3.07;7.36;0.31;0.74;444007
14;35;2.86;7.16;0.29;0.72;444130
13;32;2.66;6.55;0.27;0.65;444243
13;32;2.66;6.55;0.27;0.65;444356
18;29;3.68;5.93;0.37;0.59;444468
26;21;5.32;4.3;0.53;0.43;444583
21;21;4.3;4.3;0.43;0.43;444695
22;23;4.5;4.71;0.45;0.47;444808
23;23;4.71;4.71;0.47;0.47;444920
25;25;5.11;5.11;0.51;0.51;445042
24;25;4.91;5.11;0.49;0.51;445155
25;23;5.11;4.71;0.51;0.47;445268
23;24;4.71;4.91;0.47;0.49;445380
23;23;4.71;4.71;0.47;0.47;445493
22;23;4.5;4.71;0.45;0.47;445605
23;23;4.71;4.71;0.47;0.47;445718
25;23;5.11;4.71;0.51;0.47;445830
22;23;4.5;4.71;0.45;0.47;445943
27;21;5.52;4.3;0.55;0.43;446058
36;13;7.36;2.66;0.74;0.27;446171
22;25;4.5;5.11;0.45;0.51;446283
27;21;5.52;4.3;0.55;0.43;446398
33;15;6.75;3.07;0.68;0.31;446510
25;24;5.11;4.91;0.51;0.49;446623
31;15;6.34;3.07;0.63;0.31;446735
25;22;5.11;4.5;0.51;0.45;446847
34;13;6.96;2.66;0.7;0.27;446959
36;15;7.36;3.07;0.74;0.31;447086
32;13;6.55;2.66;0.65;0.27;447199
31;16;6.34;3.27;0.63;0.33;447312
27;21;5.52;4.3;0.55;0.43;447424
33;13;6.75;2.66;0.68;0.27;447537
17;32;3.48;6.55;0.35;0.65;447649
17;28;3.48;5.73;0.35;0.57;447762
22;22;4.5;4.5;0.45;0.45;447874
23;22;4.71;4.5;0.47;0.45;447987
25;24;5.11;4.91;0.51;0.49;448111
23;22;4.71;4.5;0.47;0.45;448224
23;22;4.71;4.5;0.47;0.45;448337
24;22;4.91;4.5;0.49;0.45;448450
22;21;4.5;4.3;0.45;0.43;448562
24;23;4.91;4.71;0.49;0.47;448675
24;22;4.91;4.5;0.49;0.45;448787
29;27;5.93;5.52;0.59;0.55;448925
24;22;4.91;4.5;0.49;0.45;449037
23;22;4.71;4.5;0.47;0.45;449152
24;22;4.91;4.5;0.49;0.45;449265
19;28;3.89;5.73;0.39;0.57;449378
14;32;2.86;6.55;0.29;0.65;449490
12;32;2.45;6.55;0.25;0.65;449603
14;30;2.86;6.14;0.29;0.61;449715
24;23;4.91;4.71;0.49;0.47;449828
24;23;4.91;4.71;0.49;0.47;449943
24;23;4.91;4.71;0.49;0.47;450056
22;23;4.5;4.71;0.45;0.47;450171
22;22;4.5;4.5;0.45;0.45;450284
22;21;4.5;4.3;0.45;0.43;450396
22;21;4.5;4.3;0.45;0.43;450508
21;22;4.3;4.5;0.43;0.45;450620
22;23;4.5;4.71;0.45;0.47;450732
22;24;4.5;4.91;0.45;0.49;450844
22;24;4.5;4.91;0.45;0.49;450956
22;23;4.5;4.71;0.45;0.47;451068
22;23;4.5;4.71;0.45;0.47;451183
22;23;4.5;4.71;0.45;0.47;451296
22;23;4.5;4.71;0.45;0.47;451409
21;23;4.3;4.71;0.43;0.47;451521
21;23;4.3;4.71;0.43;0.47;451636
22;22;4.5;4.5;0.45;0.45;451748
23;22;4.71;4.5;0.47;0.45;451861
23;23;4.71;4.71;0.47;0.47;451973
22;22;4.5;4.5;0.45;0.45;452086
24;24;4.91;4.91;0.49;0.49;452201
23;24;4.71;4.91;0.47;0.49;452314
23;23;4.71;4.71;0.47;0.47;452426
24;24;4.91;4.91;0.49;0.49;452539
22;23;4.5;4.71;0.45;0.47;452651
21;23;4.3;4.71;0.43;0.47;452764
21;22;4.3;4.5;0.43;0.45;452876
21;23;4.3;4.71;0.43;0.47;452989
21;22;4.3;4.5;0.43;0.45;453101
23;23;4.71;4.71;0.47;0.47;453216
20;22;4.09;4.5;0.41;0.45;453329
22;22;4.5;4.5;0.45;0.45;453444
27;23;5.52;4.71;0.55;0.47;453566
22;22;4.5;4.5;0.45;0.45;453678
23;22;4.71;4.5;0.47;0.45;453790
23;23;4.71;4.71;0.47;0.47;453902
23;23;4.71;4.71;0.47;0.47;454014
22;23;4.5;4.71;0.45;0.47;454126
22;23;4.5;4.71;0.45;0.47;454241
23;23;4.71;4.71;0.47;0.47;454354
22;23;4.5;4.71;0.45;0.47;454466
23;23;4.71;4.71;0.47;0.47;454578
33;14;6.75;2.86;0.68;0.29;454690
34;10;6.96;2.05;0.7;0.2;454802
34;8;6.96;1.64;0.7;0.16;454914
33;7;6.75;1.43;0.68;0.14;455026
34;8;6.96;1.64;0.7;0.16;455141
36;12;7.36;2.45;0.74;0.25;455263
34;11;6.96;2.25;0.7;0.23;455376
33;11;6.75;2.25;0.68;0.23;455489
34;12;6.96;2.45;0.7;0.25;455603
32;12;6.55;2.45;0.65;0.25;455715
32;13;6.55;2.66;0.65;0.27;455827
31;13;6.34;2.66;0.63;0.27;455939
31;13;6.34;2.66;0.63;0.27;456051
28;15;5.73;3.07;0.57;0.31;456163
24;26;4.91;5.32;0.49;0.53;456285
21;23;4.3;4.71;0.43;0.47;456398
22;21;4.5;4.3;0.45;0.43;456511
23;22;4.71;4.5;0.47;0.45;456623
24;19;4.91;3.89;0.49;0.39;456735
30;15;6.14;3.07;0.61;0.31;456847
24;22;4.91;4.5;0.49;0.45;456962
23;22;4.71;4.5;0.47;0.45;457074
22;21;4.5;4.3;0.45;0.43;457186
24;22;4.91;4.5;0.49;0.45;457301
23;22;4.71;4.5;0.47;0.45;457414
23;22;4.71;4.5;0.47;0.45;457526
25;19;5.11;3.89;0.51;0.39;457638
27;19;5.52;3.89;0.55;0.39;457750
23;21;4.71;4.3;0.47;0.43;457863
22;22;4.5;4.5;0.45;0.45;457975
23;22;4.71;4.5;0.47;0.45;458087
23;22;4.71;4.5;0.47;0.45;458199
29;27;5.93;5.52;0.59;0.55;458340
23;22;4.71;4.5;0.47;0.45;458453
23;21;4.71;4.3;0.47;0.43;458565
23;22;4.71;4.5;0.47;0.45;458680
22;22;4.5;4.5;0.45;0.45;458792
22;21;4.5;4.3;0.45;0.43;458904
23;22;4.71;4.5;0.47;0.45;459016
22;21;4.5;4.3;0.45;0.43;459128
23;21;4.71;4.3;0.47;0.43;459240
24;21;4.91;4.3;0.49;0.43;459355
23;22;4.71;4.5;0.47;0.45;459468
23;21;4.71;4.3;0.47;0.43;459580
23;21;4.71;4.3;0.47;0.43;459692
23;22;4.71;4.5;0.47;0.45;459804
24;21;4.91;4.3;0.49;0.43;459916
23;22;4.71;4.5;0.47;0.45;460028
23;21;4.71;4.3;0.47;0.43;460140
23;21;4.71;4.3;0.47;0.43;460252
23;22;4.71;4.5;0.47;0.45;460367
24;22;4.91;4.5;0.49;0.45;460482
23;21;4.71;4.3;0.47;0.43;460594
22;22;4.5;4.5;0.45;0.45;460706
23;21;4.71;4.3;0.47;0.43;460818
22;21;4.5;4.3;0.45;0.43;460930
23;22;4.71;4.5;0.47;0.45;461042
22;22;4.5;4.5;0.45;0.45;461154
23;21;4.71;4.3;0.47;0.43;461266
23;22;4.71;4.5;0.47;0.45;461381
22;22;4.5;4.5;0.45;0.45;461494
23;22;4.71;4.5;0.47;0.45;461606
22;22;4.5;4.5;0.45;0.45;461718
23;21;4.71;4.3;0.47;0.43;461830
23;22;4.71;4.5;0.47;0.45;461942
22;21;4.5;4.3;0.45;0.43;462054
24;21;4.91;4.3;0.49;0.43;462169
22;21;4.5;4.3;0.45;0.43;462281
23;22;4.71;4.5;0.47;0.45;462396
23;22;4.71;4.5;0.47;0.45;462509
22;22;4.5;4.5;0.45;0.45;462621
22;22;4.5;4.5;0.45;0.45;462733
23;22;4.71;4.5;0.47;0.45;462845
22;22;4.5;4.5;0.45;0.45;462957
25;24;5.11;4.91;0.51;0.49;463079
23;21;4.71;4.3;0.47;0.43;463191
22;21;4.5;4.3;0.45;0.43;463303
23;22;4.71;4.5;0.47;0.45;463418
22;22;4.5;4.5;0.45;0.45;463531
21;21;4.3;4.3;0.43;0.43;463643
22;22;4.5;4.5;0.45;0.45;463755
22;22;4.5;4.5;0.45;0.45;463867
22;22;4.5;4.5;0.45;0.45;463982
22;21;4.5;4.3;0.45;0.43;464096
22;21;4.5;4.3;0.45;0.43;464208
23;22;4.71;4.5;0.47;0.45;464320
23;22;4.71;4.5;0.47;0.45;464435
23;21;4.71;4.3;0.47;0.43;464548
23;22;4.71;4.5;0.47;0.45;464660
22;21;4.5;4.3;0.45;0.43;464772
22;21;4.5;4.3;0.45;0.43;464884
23;21;4.71;4.3;0.47;0.43;464996
22;23;4.5;4.71;0.45;0.47;465108
22;22;4.5;4.5;0.45;0.45;465220
22;21;4.5;4.3;0.45;0.43;465332
23;23;4.71;4.71;0.47;0.47;465447
23;22;4.71;4.5;0.47;0.45;465560
23;23;4.71;4.71;0.47;0.47;465674
23;22;4.71;4.5;0.47;0.45;465786
22;23;4.5;4.71;0.45;0.47;465898
22;22;4.5;4.5;0.45;0.45;466010
22;21;4.5;4.3;0.45;0.43;466122
22;22;4.5;4.5;0.45;0.45;466234
22;21;4.5;4.3;0.45;0.43;466346
23;24;4.71;4.91;0.47;0.49;466461
23;21;4.71;4.3;0.47;0.43;466574
23;22;4.71;4.5;0.47;0.45;466686
22;20;4.5;4.09;0.45;0.41;466798
23;23;4.71;4.71;0.47;0.47;466910
22;21;4.5;4.3;0.45;0.43;467022
23;22;4.71;4.5;0.47;0.45;467134
22;21;4.5;4.3;0.45;0.43;467246
23;22;4.71;4.5;0.47;0.45;467358
23;23;4.71;4.71;0.47;0.47;467475
23;22;4.71;4.5;0.47;0.45;467588
28;27;5.73;5.52;0.57;0.55;467729
31;30;6.34;6.14;0.63;0.61;467883
22;22;4.5;4.5;0.45;0.45;467995
23;23;4.71;4.71;0.47;0.47;468107
23;22;4.71;4.5;0.47;0.45;468219
22;22;4.5;4.5;0.45;0.45;468331
21;22;4.3;4.5;0.43;0.45;468446
23;22;4.71;4.5;0.47;0.45;468559
21;22;4.3;4.5;0.43;0.45;468671
26;24;5.32;4.91;0.53;0.49;468801
22;19;4.5;3.89;0.45;0.39;468913
22;18;4.5;3.68;0.45;0.37;469025
22;18;4.5;3.68;0.45;0.37;469137
23;17;4.71;3.48;0.47;0.35;469249
22;16;4.5;3.27;0.45;0.33;469360
24;20;4.91;4.09;0.49;0.41;469476
24;19;4.91;3.89;0.49;0.39;469589
28;23;5.73;4.71;0.57;0.47;469719
24;20;4.91;4.09;0.49;0.41;469832
24;20;4.91;4.09;0.49;0.41;469945
25;19;5.11;3.89;0.51;0.39;470058
25;20;5.11;4.09;0.51;0.41;470171
25;20;5.11;4.09;0.51;0.41;470284
25;20;5.11;4.09;0.51;0.41;470397
25;21;5.11;4.3;0.51;0.43;470513
29;23;5.93;4.71;0.59;0.47;470642
25;20;5.11;4.09;0.51;0.41;470755
12;43;2.45;8.8;0.25;0.88;470868
0;43;0;8.8;0;0.88;470981
3659;0;748.52;0;74.85;0;471094
41;16;8.39;3.27;0.84;0.33;471225
24;21;4.91;4.3;0.49;0.43;471361
21;19;4.3;3.89;0.43;0.39;471474
22;18;4.5;3.68;0.45;0.37;471587
22;20;4.5;4.09;0.45;0.41;471700
23;19;4.71;3.89;0.47;0.39;471813
22;19;4.5;3.89;0.45;0.39;471926
22;20;4.5;4.09;0.45;0.41;472039
31;12;6.34;2.45;0.63;0.25;472152
45;9;9.21;1.84;0.92;0.18;472300
35;6;7.16;1.23;0.72;0.12;472413
36;6;7.36;1.23;0.74;0.12;472531
41;6;8.39;1.23;0.84;0.12;472661
37;4;7.57;0.82;0.76;0.08;472779
35;5;7.16;1.02;0.72;0.1;472894
37;6;7.57;1.23;0.76;0.12;473007
37;6;7.57;1.23;0.76;0.12;473120
44;8;9;1.64;0.9;0.16;473262
36;5;7.36;1.02;0.74;0.1;473375
35;6;7.16;1.23;0.72;0.12;473488
37;5;7.57;1.02;0.76;0.1;473601
34;6;6.96;1.23;0.7;0.12;473714
36;6;7.36;1.23;0.74;0.12;473827
34;6;6.96;1.23;0.7;0.12;473940
35;4;7.16;0.82;0.72;0.08;474053
41;4;8.39;0.82;0.84;0.08;474193
34;5;6.96;1.02;0.7;0.1;474309
35;4;7.16;0.82;0.72;0.08;474422
36;4;7.36;0.82;0.74;0.08;474535
36;4;7.36;0.82;0.74;0.08;474648
36;6;7.36;1.23;0.74;0.12;474763
34;5;6.96;1.02;0.7;0.1;474876
43;7;8.8;1.43;0.88;0.14;475014
36;5;7.36;1.02;0.74;0.1;475127
35;6;7.16;1.23;0.72;0.12;475240
38;7;7.77;1.43;0.78;0.14;475356
36;7;7.36;1.43;0.74;0.14;475469
34;7;6.96;1.43;0.7;0.14;475582
35;6;7.16;1.23;0.72;0.12;475695
35;7;7.16;1.43;0.72;0.14;475808
45;8;9.21;1.64;0.92;0.16;475956
37;8;7.57;1.64;0.76;0.16;476069
35;12;7.16;2.45;0.72;0.25;476182
36;16;7.36;3.27;0.74;0.33;476295
35;16;7.16;3.27;0.72;0.33;476410
36;13;7.36;2.66;0.74;0.27;476523
34;13;6.96;2.66;0.7;0.27;476638
34;10;6.96;2.05;0.7;0.2;476751
40;12;8.18;2.45;0.82;0.25;476891
32;12;6.55;2.45;0.65;0.25;477004
34;12;6.96;2.45;0.7;0.25;477117
32;14;6.55;2.86;0.65;0.29;477230
30;13;6.14;2.66;0.61;0.27;477343
32;15;6.55;3.07;0.65;0.31;477465
24;19;4.91;3.89;0.49;0.39;477578
21;24;4.3;4.91;0.43;0.49;477691
26;28;5.32;5.73;0.53;0.57;477829
22;21;4.5;4.3;0.45;0.43;477942
23;22;4.71;4.5;0.47;0.45;478055
22;20;4.5;4.09;0.45;0.41;478168
22;21;4.5;4.3;0.45;0.43;478281
24;21;4.91;4.3;0.49;0.43;478396
24;22;4.91;4.5;0.49;0.45;478518
28;26;5.73;5.32;0.57;0.53;478657
23;21;4.71;4.3;0.47;0.43;478770
23;21;4.71;4.3;0.47;0.43;478883
23;22;4.71;4.5;0.47;0.45;478996
23;21;4.71;4.3;0.47;0.43;479109
23;21;4.71;4.3;0.47;0.43;479222
23;21;4.71;4.3;0.47;0.43;479335
23;21;4.71;4.3;0.47;0.43;479448
28;26;5.73;5.32;0.57;0.53;479590
23;21;4.71;4.3;0.47;0.43;479703
23;21;4.71;4.3;0.47;0.43;479816
22;21;4.5;4.3;0.45;0.43;479929
23;20;4.71;4.09;0.47;0.41;480042
23;22;4.71;4.5;0.47;0.45;480155
24;22;4.91;4.5;0.49;0.45;480270
23;21;4.71;4.3;0.47;0.43;480383
29;27;5.93;5.52;0.59;0.55;480522
23;22;4.71;4.5;0.47;0.45;480637
23;22;4.71;4.5;0.47;0.45;480750
22;22;4.5;4.5;0.45;0.45;480863
23;21;4.71;4.3;0.47;0.43;480976
23;22;4.71;4.5;0.47;0.45;481089
23;22;4.71;4.5;0.47;0.45;481202
23;22;4.71;4.5;0.47;0.45;481315
29;27;5.93;5.52;0.59;0.55;481454
23;22;4.71;4.5;0.47;0.45;481567
25;23;5.11;4.71;0.51;0.47;481688
23;22;4.71;4.5;0.47;0.45;481801
23;23;4.71;4.71;0.47;0.47;481914
23;23;4.71;4.71;0.47;0.47;482029
25;22;5.11;4.5;0.51;0.45;482142
28;28;5.73;5.73;0.57;0.57;482282
26;26;5.32;5.32;0.53;0.53;482413
23;22;4.71;4.5;0.47;0.45;482531
24;23;4.91;4.71;0.49;0.47;482646
23;22;4.71;4.5;0.47;0.45;482759
23;22;4.71;4.5;0.47;0.45;482872
22;22;4.5;4.5;0.45;0.45;482985
23;23;4.71;4.71;0.47;0.47;483098
28;27;5.73;5.52;0.57;0.55;483237
22;22;4.5;4.5;0.45;0.45;483350
23;22;4.71;4.5;0.47;0.45;483463
22;22;4.5;4.5;0.45;0.45;483576
23;22;4.71;4.5;0.47;0.45;483692
23;22;4.71;4.5;0.47;0.45;483805
23;23;4.71;4.71;0.47;0.47;483920
23;21;4.71;4.3;0.47;0.43;484033
27;27;5.52;5.52;0.55;0.55;484172
23;22;4.71;4.5;0.47;0.45;484285
22;22;4.5;4.5;0.45;0.45;484398
22;22;4.5;4.5;0.45;0.45;484511
23;22;4.71;4.5;0.47;0.45;484624
23;23;4.71;4.71;0.47;0.47;484740
22;22;4.5;4.5;0.45;0.45;484853
23;22;4.71;4.5;0.47;0.45;484966
25;24;5.11;4.91;0.51;0.49;485095
22;22;4.5;4.5;0.45;0.45;485208
23;22;4.71;4.5;0.47;0.45;485321
22;22;4.5;4.5;0.45;0.45;485434
22;21;4.5;4.3;0.45;0.43;485547
22;22;4.5;4.5;0.45;0.45;485662
22;22;4.5;4.5;0.45;0.45;485778
23;22;4.71;4.5;0.47;0.45;485891
22;20;4.5;4.09;0.45;0.41;486004
21;20;4.3;4.09;0.43;0.41;486117
21;20;4.3;4.09;0.43;0.41;486230
22;21;4.5;4.3;0.45;0.43;486343
19;35;3.89;7.16;0.39;0.72;486456
1;47;0.2;9.61;0.02;0.96;486569
0;41;0;8.39;0;0.84;486682
0;44;0;9;0;0.9;486804
0;40;0;8.18;0;0.82;486917
0;40;0;8.18;0;0.82;487030
0;40;0;8.18;0;0.82;487143
0;43;0;8.8;0;0.88;487265
0;42;0;8.59;0;0.86;487378
3786;0;774.5;0;77.45;0;487491
64;0;13.09;0;1.31;0;487621
44;0;9;0;0.9;0;487734
44;0;9;0;0.9;0;487847
45;0;9.21;0;0.92;0;487960
44;0;9;0;0.9;0;488073
44;0;9;0;0.9;0;488186
47;0;9.61;0;0.96;0;488299
44;0;9;0;0.9;0;488412
35;8;7.16;1.64;0.72;0.16;488525
35;11;7.16;2.25;0.72;0.23;488646
30;10;6.14;2.05;0.61;0.2;488759
31;12;6.34;2.45;0.63;0.25;488872
30;13;6.14;2.66;0.61;0.27;488985
31;12;6.34;2.45;0.63;0.25;489098
31;14;6.34;2.86;0.63;0.29;489213
34;12;6.96;2.45;0.7;0.25;489326
35;11;7.16;2.25;0.72;0.23;489439
31;14;6.34;2.86;0.63;0.29;489552
29;16;5.93;3.27;0.59;0.33;489667
21;23;4.3;4.71;0.43;0.47;489780
21;25;4.3;5.11;0.43;0.51;489893
21;22;4.3;4.5;0.43;0.45;490006
22;21;4.5;4.3;0.45;0.43;490120
23;20;4.71;4.09;0.47;0.41;490233
22;20;4.5;4.09;0.45;0.41;490346
23;21;4.71;4.3;0.47;0.43;490459
23;21;4.71;4.3;0.47;0.43;490572
25;23;5.11;4.71;0.51;0.47;490694
24;21;4.91;4.3;0.49;0.43;490807
23;22;4.71;4.5;0.47;0.45;490920
24;22;4.91;4.5;0.49;0.45;491035
23;21;4.71;4.3;0.47;0.43;491148
23;21;4.71;4.3;0.47;0.43;491261
23;21;4.71;4.3;0.47;0.43;491374
23;22;4.71;4.5;0.47;0.45;491487
22;21;4.5;4.3;0.45;0.43;491600
24;21;4.91;4.3;0.49;0.43;491715
28;26;5.73;5.32;0.57;0.53;491854
23;21;4.71;4.3;0.47;0.43;491967
23;21;4.71;4.3;0.47;0.43;492080
23;21;4.71;4.3;0.47;0.43;492193
23;21;4.71;4.3;0.47;0.43;492306
23;21;4.71;4.3;0.47;0.43;492419
24;22;4.91;4.5;0.49;0.45;492532
23;21;4.71;4.3;0.47;0.43;492645
23;23;4.71;4.71;0.47;0.47;492762
21;26;4.3;5.32;0.43;0.53;492875
13;33;2.66;6.75;0.27;0.68;492988
20;23;4.09;4.71;0.41;0.47;493101
20;24;4.09;4.91;0.41;0.49;493213
15;29;3.07;5.93;0.31;0.59;493326
22;23;4.5;4.71;0.45;0.47;493438
21;25;4.3;5.11;0.43;0.51;493551
15;30;3.07;6.14;0.31;0.61;493663
22;23;4.5;4.71;0.45;0.47;493778
22;23;4.5;4.71;0.45;0.47;493891
22;23;4.5;4.71;0.45;0.47;494004
22;23;4.5;4.71;0.45;0.47;494116
20;23;4.09;4.71;0.41;0.47;494229
21;22;4.3;4.5;0.43;0.45;494341
20;22;4.09;4.5;0.41;0.45;494454
21;23;4.3;4.71;0.43;0.47;494569
20;21;4.09;4.3;0.41;0.43;494682
21;23;4.3;4.71;0.43;0.47;494797
21;23;4.3;4.71;0.43;0.47;494910
20;23;4.09;4.71;0.41;0.47;495023
21;22;4.3;4.5;0.43;0.45;495136
22;23;4.5;4.71;0.45;0.47;495249
22;22;4.5;4.5;0.45;0.45;495362
22;23;4.5;4.71;0.45;0.47;495475
22;23;4.5;4.71;0.45;0.47;495588
22;23;4.5;4.71;0.45;0.47;495701
22;23;4.5;4.71;0.45;0.47;495816
22;23;4.5;4.71;0.45;0.47;495929
21;23;4.3;4.71;0.43;0.47;496042
22;22;4.5;4.5;0.45;0.45;496155
22;23;4.5;4.71;0.45;0.47;496270
21;23;4.3;4.71;0.43;0.47;496382
21;22;4.3;4.5;0.43;0.45;496494
23;24;4.71;4.91;0.47;0.49;496616
22;22;4.5;4.5;0.45;0.45;496729
22;23;4.5;4.71;0.45;0.47;496844
22;23;4.5;4.71;0.45;0.47;496957
21;21;4.3;4.3;0.43;0.43;497070
21;21;4.3;4.3;0.43;0.43;497183
22;21;4.5;4.3;0.45;0.43;497295
21;21;4.3;4.3;0.43;0.43;497408
20;21;4.09;4.3;0.41;0.43;497520
23;21;4.71;4.3;0.47;0.43;497633
21;21;4.3;4.3;0.43;0.43;497745
21;22;4.3;4.5;0.43;0.45;497860
23;21;4.71;4.3;0.47;0.43;497973
22;22;4.5;4.5;0.45;0.45;498088
21;22;4.3;4.5;0.43;0.45;498200
22;21;4.5;4.3;0.45;0.43;498313
22;23;4.5;4.71;0.45;0.47;498425
23;23;4.71;4.71;0.47;0.47;498538
23;23;4.71;4.71;0.47;0.47;498652
22;22;4.5;4.5;0.45;0.45;498765
22;23;4.5;4.71;0.45;0.47;498880
22;22;4.5;4.5;0.45;0.45;498993
22;22;4.5;4.5;0.45;0.45;499106
22;23;4.5;4.71;0.45;0.47;499219
22;22;4.5;4.5;0.45;0.45;499331
21;22;4.3;4.5;0.43;0.45;499444
22;22;4.5;4.5;0.45;0.45;499556
21;22;4.3;4.5;0.43;0.45;499669
23;22;4.71;4.5;0.47;0.45;499784
21;23;4.3;4.71;0.43;0.47;499899
21;21;4.3;4.3;0.43;0.43;500012
22;22;4.5;4.5;0.45;0.45;500125
21;21;4.3;4.3;0.43;0.43;500237
21;22;4.3;4.5;0.43;0.45;500350
22;21;4.5;4.3;0.45;0.43;500462
21;22;4.3;4.5;0.43;0.45;500575
22;21;4.5;4.3;0.45;0.43;500687
22;22;4.5;4.5;0.45;0.45;500800
22;22;4.5;4.5;0.45;0.45;500915
22;22;4.5;4.5;0.45;0.45;501028
22;21;4.5;4.3;0.45;0.43;501140
21;22;4.3;4.5;0.43;0.45;501252
27;26;5.52;5.32;0.55;0.53;501390
21;22;4.3;4.5;0.43;0.45;501503
23;22;4.71;4.5;0.47;0.45;501618
22;22;4.5;4.5;0.45;0.45;501731
21;21;4.3;4.3;0.43;0.43;501843
23;23;4.71;4.71;0.47;0.47;501958
21;22;4.3;4.5;0.43;0.45;502071
22;21;4.5;4.3;0.45;0.43;502184
21;22;4.3;4.5;0.43;0.45;502296
22;21;4.5;4.3;0.45;0.43;502409
21;22;4.3;4.5;0.43;0.45;502521
21;21;4.3;4.3;0.43;0.43;502634
21;21;4.3;4.3;0.43;0.43;502746
21;21;4.3;4.3;0.43;0.43;502859
22;21;4.5;4.3;0.45;0.43;502974
22;21;4.5;4.3;0.45;0.43;503087
21;22;4.3;4.5;0.43;0.45;503199
23;22;4.71;4.5;0.47;0.45;503314
21;21;4.3;4.3;0.43;0.43;503426
22;22;4.5;4.5;0.45;0.45;503538
21;21;4.3;4.3;0.43;0.43;503650
21;21;4.3;4.3;0.43;0.43;503763
22;22;4.5;4.5;0.45;0.45;503875
22;22;4.5;4.5;0.45;0.45;503990
22;23;4.5;4.71;0.45;0.47;504103
22;22;4.5;4.5;0.45;0.45;504216
22;22;4.5;4.5;0.45;0.45;504328
22;22;4.5;4.5;0.45;0.45;504441
22;22;4.5;4.5;0.45;0.45;504553
22;22;4.5;4.5;0.45;0.45;504666
22;22;4.5;4.5;0.45;0.45;504778
21;22;4.3;4.5;0.43;0.45;504891
22;23;4.5;4.71;0.45;0.47;505006
22;23;4.5;4.71;0.45;0.47;505121
21;23;4.3;4.71;0.43;0.47;505233
23;22;4.71;4.5;0.47;0.45;505346
22;21;4.5;4.3;0.45;0.43;505458
21;22;4.3;4.5;0.43;0.45;505571
22;21;4.5;4.3;0.45;0.43;505683
23;22;4.71;4.5;0.47;0.45;505796
22;21;4.5;4.3;0.45;0.43;505908
24;25;4.91;5.11;0.49;0.51;506033
31;30;6.34;6.14;0.63;0.61;506188
22;23;4.5;4.71;0.45;0.47;506301
22;22;4.5;4.5;0.45;0.45;506413
23;22;4.71;4.5;0.47;0.45;506526
22;21;4.5;4.3;0.45;0.43;506638
22;22;4.5;4.5;0.45;0.45;506751
22;22;4.5;4.5;0.45;0.45;506866
26;27;5.32;5.52;0.53;0.55;506999
23;23;4.71;4.71;0.47;0.47;507112
23;23;4.71;4.71;0.47;0.47;507226
22;22;4.5;4.5;0.45;0.45;507338
22;22;4.5;4.5;0.45;0.45;507451
22;21;4.5;4.3;0.45;0.43;507563
22;22;4.5;4.5;0.45;0.45;507676
22;21;4.5;4.3;0.45;0.43;507788
27;28;5.52;5.73;0.55;0.57;507930
23;22;4.71;4.5;0.47;0.45;508045
22;23;4.5;4.71;0.45;0.47;508158
22;22;4.5;4.5;0.45;0.45;508271
22;21;4.5;4.3;0.45;0.43;508384
22;22;4.5;4.5;0.45;0.45;508496
22;22;4.5;4.5;0.45;0.45;508609
23;23;4.71;4.71;0.47;0.47;508724
27;26;5.52;5.32;0.55;0.53;508859
22;23;4.5;4.71;0.45;0.47;508971
23;23;4.71;4.71;0.47;0.47;509087
23;23;4.71;4.71;0.47;0.47;509200
23;22;4.71;4.5;0.47;0.45;509313
22;22;4.5;4.5;0.45;0.45;509425
22;23;4.5;4.71;0.45;0.47;509538
22;22;4.5;4.5;0.45;0.45;509650
27;28;5.52;5.73;0.55;0.57;509788
22;22;4.5;4.5;0.45;0.45;509900
22;22;4.5;4.5;0.45;0.45;510013
22;23;4.5;4.71;0.45;0.47;510128
22;22;4.5;4.5;0.45;0.45;510241
24;23;4.91;4.71;0.49;0.47;510354
22;23;4.5;4.71;0.45;0.47;510469
27;27;5.52;5.52;0.55;0.55;510607
22;22;4.5;4.5;0.45;0.45;510720
23;22;4.71;4.5;0.47;0.45;510832
27;26;5.52;5.32;0.55;0.53;510963
25;23;5.11;4.71;0.51;0.47;511081
24;24;4.91;4.91;0.49;0.49;511196
23;22;4.71;4.5;0.47;0.45;511309
24;23;4.91;4.71;0.49;0.47;511422
28;28;5.73;5.73;0.57;0.57;511562
22;22;4.5;4.5;0.45;0.45;511675
24;22;4.91;4.5;0.49;0.45;511787
21;20;4.3;4.09;0.43;0.41;511900
30;20;6.14;4.09;0.61;0.41;512012
35;10;7.16;2.05;0.72;0.2;512124
35;14;7.16;2.86;0.72;0.29;512246
32;13;6.55;2.66;0.65;0.27;512361
37;18;7.57;3.68;0.76;0.37;512499
25;19;5.11;3.89;0.51;0.39;512612
19;24;3.89;4.91;0.39;0.49;512724
17;25;3.48;5.11;0.35;0.51;512837
9;35;1.84;7.16;0.18;0.72;512949
14;29;2.86;5.93;0.29;0.59;513061
22;21;4.5;4.3;0.45;0.43;513173
25;24;5.11;4.91;0.51;0.49;513294
35;22;7.16;4.5;0.72;0.45;513433
37;12;7.57;2.45;0.76;0.25;513546
32;14;6.55;2.86;0.65;0.29;513658
19;27;3.89;5.52;0.39;0.55;513771
13;34;2.66;6.96;0.27;0.7;513883
20;22;4.09;4.5;0.41;0.45;513995
22;22;4.5;4.5;0.45;0.45;514107
30;28;6.14;5.73;0.61;0.57;514254
23;22;4.71;4.5;0.47;0.45;514367
23;22;4.71;4.5;0.47;0.45;514480
23;22;4.71;4.5;0.47;0.45;514592
21;22;4.3;4.5;0.43;0.45;514704
20;21;4.09;4.3;0.41;0.43;514816
22;22;4.5;4.5;0.45;0.45;514928
24;22;4.91;4.5;0.49;0.45;515040
27;27;5.52;5.52;0.55;0.55;515178
22;23;4.5;4.71;0.45;0.47;515293
22;21;4.5;4.3;0.45;0.43;515406
26;22;5.32;4.5;0.53;0.45;515518
21;21;4.3;4.3;0.43;0.43;515630
21;20;4.3;4.09;0.43;0.41;515742
21;22;4.3;4.5;0.43;0.45;515857
24;23;4.91;4.71;0.49;0.47;515972
27;27;5.52;5.52;0.55;0.55;516112
24;23;4.91;4.71;0.49;0.47;516230
23;23;4.71;4.71;0.47;0.47;516345
22;22;4.5;4.5;0.45;0.45;516458
22;22;4.5;4.5;0.45;0.45;516571
21;22;4.3;4.5;0.43;0.45;516683
25;18;5.11;3.68;0.51;0.37;516795
33;12;6.75;2.45;0.68;0.25;516907
31;22;6.34;4.5;0.63;0.45;517047
32;13;6.55;2.66;0.65;0.27;517159
29;13;5.93;2.66;0.59;0.27;517271
29;19;5.93;3.89;0.59;0.39;517393
19;25;3.89;5.11;0.39;0.51;517506
22;22;4.5;4.5;0.45;0.45;517619
22;22;4.5;4.5;0.45;0.45;517731
28;27;5.73;5.52;0.57;0.55;517871
23;20;4.71;4.09;0.47;0.41;517983
22;20;4.5;4.09;0.45;0.41;518095
22;21;4.5;4.3;0.45;0.43;518207
23;20;4.71;4.09;0.47;0.41;518319
24;21;4.91;4.3;0.49;0.43;518437
20;24;4.09;4.91;0.41;0.49;518550
12;32;2.45;6.55;0.25;0.65;518663
13;39;2.66;7.98;0.27;0.8;518802
10;31;2.05;6.34;0.2;0.63;518914
11;31;2.25;6.34;0.23;0.63;519026
11;31;2.25;6.34;0.23;0.63;519138
17;27;3.48;5.52;0.35;0.55;519250
16;29;3.27;5.93;0.33;0.59;519362
21;26;4.3;5.32;0.43;0.53;519483
10;33;2.05;6.75;0.2;0.68;519598
21;32;4.3;6.55;0.43;0.65;519739
21;22;4.3;4.5;0.43;0.45;519851
20;22;4.09;4.5;0.41;0.45;519963
20;22;4.09;4.5;0.41;0.45;520075
20;22;4.09;4.5;0.41;0.45;520187
24;20;4.91;4.09;0.49;0.41;520299
30;14;6.14;2.86;0.61;0.29;520411
24;22;4.91;4.5;0.49;0.45;520532
22;19;4.5;3.89;0.45;0.39;520638
31;14;6.34;2.86;0.63;0.29;520756
26;17;5.32;3.48;0.53;0.35;520868
21;22;4.3;4.5;0.43;0.45;520980
22;22;4.5;4.5;0.45;0.45;521092
34;13;6.96;2.66;0.7;0.27;521204
48;1;9.82;0.2;0.98;0.02;521316
53;0;10.84;0;1.08;0;521457
47;0;9.61;0;0.96;0;521579
44;0;9;0;0.9;0;521692
43;0;8.8;0;0.88;0;521805
46;0;9.41;0;0.94;0;521917
41;0;8.39;0;0.84;0;522029
45;0;9.21;0;0.92;0;522141
46;0;9.41;0;0.94;0;522253
56;0;11.46;0;1.15;0;522391
39;2;7.98;0.41;0.8;0.04;522494
42;3;8.59;0.61;0.86;0.06;522609
44;0;9;0;0.9;0;522721
36;8;7.36;1.64;0.74;0.16;522833
43;2;8.8;0.41;0.88;0.04;522945
42;0;8.59;0;0.86;0;523057
43;0;8.8;0;0.88;0;523169
43;0;8.8;0;0.88;0;523283
43;0;8.8;0;0.88;0;523395
44;0;9;0;0.9;0;523507
45;0;9.21;0;0.92;0;523622
37;8;7.57;1.64;0.76;0.16;523734
40;5;8.18;1.02;0.82;0.1;523846
30;14;6.14;2.86;0.61;0.29;523958
43;2;8.8;0.41;0.88;0.04;524070
44;0;9;0;0.9;0;524182
43;0;8.8;0;0.88;0;524294
44;0;9;0;0.9;0;524406
44;0;9;0;0.9;0;524518
46;0;9.41;0;0.94;0;524633
43;0;8.8;0;0.88;0;524745
43;0;8.8;0;0.88;0;524857
42;0;8.59;0;0.86;0;524969
43;4;8.8;0.82;0.88;0.08;525089
31;15;6.34;3.07;0.63;0.31;525203
47;2;9.61;0.41;0.96;0.04;525325
45;0;9.21;0;0.92;0;525437
43;0;8.8;0;0.88;0;525549
46;0;9.41;0;0.94;0;525664
46;0;9.41;0;0.94;0;525777
45;0;9.21;0;0.92;0;525889
44;0;9;0;0.9;0;526001
43;0;8.8;0;0.88;0;526113
46;0;9.41;0;0.94;0;526225
46;0;9.41;0;0.94;0;526337
45;0;9.21;0;0.92;0;526449
46;0;9.41;0;0.94;0;526561
46;0;9.41;0;0.94;0;526676
47;1;9.61;0.2;0.96;0.02;526791
43;3;8.8;0.61;0.88;0.06;526904
38;13;7.77;2.66;0.78;0.27;527018
43;15;8.8;3.07;0.88;0.31;527131
39;15;7.98;3.07;0.8;0.31;527244
36;16;7.36;3.27;0.74;0.33;527357
36;18;7.36;3.68;0.74;0.37;527470
31;23;6.34;4.71;0.63;0.47;527583
27;27;5.52;5.52;0.55;0.55;527705
21;24;4.3;4.91;0.43;0.49;527818
11;32;2.25;6.55;0.23;0.65;527931
12;31;2.45;6.34;0.25;0.63;528044
11;32;2.25;6.55;0.23;0.65;528157
11;31;2.25;6.34;0.23;0.63;528270
11;32;2.25;6.55;0.23;0.65;528383
16;28;3.27;5.73;0.33;0.57;528496
24;22;4.91;4.5;0.49;0.45;528611
34;19;6.96;3.89;0.7;0.39;528733
41;10;8.39;2.05;0.84;0.2;528846
15;32;3.07;6.55;0.31;0.65;528959
20;25;4.09;5.11;0.41;0.51;529072
23;21;4.71;4.3;0.47;0.43;529185
24;22;4.91;4.5;0.49;0.45;529298
36;14;7.36;2.86;0.74;0.29;529411
24;23;4.91;4.71;0.49;0.47;529524
20;26;4.09;5.32;0.41;0.53;529637
33;19;6.75;3.89;0.68;0.39;529753
34;17;6.96;3.48;0.7;0.35;529866
20;26;4.09;5.32;0.41;0.53;529979
28;22;5.73;4.5;0.57;0.45;530105
34;12;6.96;2.45;0.7;0.25;530223
31;12;6.34;2.45;0.63;0.25;530336
28;19;5.73;3.89;0.57;0.39;530451
27;19;5.52;3.89;0.55;0.39;530564
22;23;4.5;4.71;0.45;0.47;530677
24;23;4.91;4.71;0.49;0.47;530800
23;21;4.71;4.3;0.47;0.43;530913
26;21;5.32;4.3;0.53;0.43;531026
24;21;4.91;4.3;0.49;0.43;531139
24;22;4.91;4.5;0.49;0.45;531252
26;21;5.32;4.3;0.53;0.43;531365
23;22;4.71;4.5;0.47;0.45;531478
25;21;5.11;4.3;0.51;0.43;531591
25;22;5.11;4.5;0.51;0.45;531704
23;22;4.71;4.5;0.47;0.45;531820
24;21;4.91;4.3;0.49;0.43;531933
24;22;4.91;4.5;0.49;0.45;532046
26;22;5.32;4.5;0.53;0.45;532161
26;21;5.32;4.3;0.53;0.43;532274
23;22;4.71;4.5;0.47;0.45;532387
23;21;4.71;4.3;0.47;0.43;532500
26;22;5.32;4.5;0.53;0.45;532613
22;21;4.5;4.3;0.45;0.43;532726
24;21;4.91;4.3;0.49;0.43;532842
23;22;4.71;4.5;0.47;0.45;532955
20;26;4.09;5.32;0.41;0.53;533068
13;32;2.66;6.55;0.27;0.65;533181
21;23;4.3;4.71;0.43;0.47;533294
21;22;4.3;4.5;0.43;0.45;533407
22;22;4.5;4.5;0.45;0.45;533520
18;27;3.68;5.52;0.37;0.55;533633
23;22;4.71;4.5;0.47;0.45;533746
23;23;4.71;4.71;0.47;0.47;533862
23;23;4.71;4.71;0.47;0.47;533977
22;23;4.5;4.71;0.45;0.47;534090
24;22;4.91;4.5;0.49;0.45;534203
23;23;4.71;4.71;0.47;0.47;534316
22;22;4.5;4.5;0.45;0.45;534429
22;22;4.5;4.5;0.45;0.45;534542
23;22;4.71;4.5;0.47;0.45;534655
23;24;4.71;4.91;0.47;0.49;534777
22;22;4.5;4.5;0.45;0.45;534893
23;22;4.71;4.5;0.47;0.45;535006
20;23;4.09;4.71;0.41;0.47;535119
21;22;4.3;4.5;0.43;0.45;535232
23;22;4.71;4.5;0.47;0.45;535345
21;23;4.3;4.71;0.43;0.47;535458
21;22;4.3;4.5;0.43;0.45;535572
22;23;4.5;4.71;0.45;0.47;535687
21;22;4.3;4.5;0.43;0.45;535800
22;23;4.5;4.71;0.45;0.47;535916
20;22;4.09;4.5;0.41;0.45;536029
23;22;4.71;4.5;0.47;0.45;536142
20;21;4.09;4.3;0.41;0.43;536255
23;22;4.71;4.5;0.47;0.45;536368
21;22;4.3;4.5;0.43;0.45;536481
21;22;4.3;4.5;0.43;0.45;536594
22;23;4.5;4.71;0.45;0.47;536707
23;23;4.71;4.71;0.47;0.47;536820
21;23;4.3;4.71;0.43;0.47;536936
22;22;4.5;4.5;0.45;0.45;537049
21;22;4.3;4.5;0.43;0.45;537162
21;22;4.3;4.5;0.43;0.45;537275
22;22;4.5;4.5;0.45;0.45;537388
21;22;4.3;4.5;0.43;0.45;537503
21;22;4.3;4.5;0.43;0.45;537616
21;22;4.3;4.5;0.43;0.45;537729
22;21;4.5;4.3;0.45;0.43;537842
22;21;4.5;4.3;0.45;0.43;537958
21;22;4.3;4.5;0.43;0.45;538071
21;22;4.3;4.5;0.43;0.45;538184
21;23;4.3;4.71;0.43;0.47;538297
21;22;4.3;4.5;0.43;0.45;538410
22;22;4.5;4.5;0.45;0.45;538523
21;22;4.3;4.5;0.43;0.45;538636
22;22;4.5;4.5;0.45;0.45;538749
21;22;4.3;4.5;0.43;0.45;538862
22;23;4.5;4.71;0.45;0.47;538978
20;21;4.09;4.3;0.41;0.43;539091
20;22;4.09;4.5;0.41;0.45;539206
21;22;4.3;4.5;0.43;0.45;539319
20;22;4.09;4.5;0.41;0.45;539432
25;27;5.11;5.52;0.51;0.55;539570
21;22;4.3;4.5;0.43;0.45;539683
21;23;4.3;4.71;0.43;0.47;539796
22;22;4.5;4.5;0.45;0.45;539909
22;23;4.5;4.71;0.45;0.47;540025
21;22;4.3;4.5;0.43;0.45;540138
21;22;4.3;4.5;0.43;0.45;540251
22;21;4.5;4.3;0.45;0.43;540364
21;22;4.3;4.5;0.43;0.45;540477
20;21;4.09;4.3;0.41;0.43;540590
21;22;4.3;4.5;0.43;0.45;540703
21;22;4.3;4.5;0.43;0.45;540816
21;21;4.3;4.3;0.43;0.43;540929
23;23;4.71;4.71;0.47;0.47;541047
24;22;4.91;4.5;0.49;0.45;541160
21;22;4.3;4.5;0.43;0.45;541273
22;23;4.5;4.71;0.45;0.47;541386
21;22;4.3;4.5;0.43;0.45;541499
21;22;4.3;4.5;0.43;0.45;541612
21;22;4.3;4.5;0.43;0.45;541725
22;21;4.5;4.3;0.45;0.43;541838
21;22;4.3;4.5;0.43;0.45;541951
21;23;4.3;4.71;0.43;0.47;542067
21;22;4.3;4.5;0.43;0.45;542180
22;22;4.5;4.5;0.45;0.45;542293
26;19;5.32;3.89;0.53;0.39;542406
33;12;6.75;2.45;0.68;0.25;542519
24;20;4.91;4.09;0.49;0.41;542632
26;19;5.32;3.89;0.53;0.39;542747
25;19;5.11;3.89;0.51;0.39;542860
23;21;4.71;4.3;0.47;0.43;542973
22;22;4.5;4.5;0.45;0.45;543089
24;20;4.91;4.09;0.49;0.41;543202
29;15;5.93;3.07;0.59;0.31;543315
23;21;4.71;4.3;0.47;0.43;543428
24;20;4.91;4.09;0.49;0.41;543541
26;19;5.32;3.89;0.53;0.39;543654
24;20;4.91;4.09;0.49;0.41;543767
25;19;5.11;3.89;0.51;0.39;543880
23;22;4.71;4.5;0.47;0.45;543993
22;22;4.5;4.5;0.45;0.45;544109
23;22;4.71;4.5;0.47;0.45;544222
22;21;4.5;4.3;0.45;0.43;544329
22;22;4.5;4.5;0.45;0.45;544442
23;22;4.71;4.5;0.47;0.45;544557
26;18;5.32;3.68;0.53;0.37;544670
23;21;4.71;4.3;0.47;0.43;544783
22;22;4.5;4.5;0.45;0.45;544896
22;21;4.5;4.3;0.45;0.43;545009
23;22;4.71;4.5;0.47;0.45;545125
24;22;4.91;4.5;0.49;0.45;545238
23;22;4.71;4.5;0.47;0.45;545351
24;21;4.91;4.3;0.49;0.43;545464
27;19;5.52;3.89;0.55;0.39;545577
21;21;4.3;4.3;0.43;0.43;545690
23;22;4.71;4.5;0.47;0.45;545803
22;23;4.5;4.71;0.45;0.47;545916
23;21;4.71;4.3;0.47;0.43;546029
23;22;4.71;4.5;0.47;0.45;546145
24;22;4.91;4.5;0.49;0.45;546260
23;22;4.71;4.5;0.47;0.45;546373
23;21;4.71;4.3;0.47;0.43;546486
22;22;4.5;4.5;0.45;0.45;546599
23;21;4.71;4.3;0.47;0.43;546712
22;22;4.5;4.5;0.45;0.45;546825
23;22;4.71;4.5;0.47;0.45;546938
22;22;4.5;4.5;0.45;0.45;547051
23;22;4.71;4.5;0.47;0.45;547167
23;22;4.71;4.5;0.47;0.45;547280
22;22;4.5;4.5;0.45;0.45;547393
23;21;4.71;4.3;0.47;0.43;547506
22;21;4.5;4.3;0.45;0.43;547619
23;21;4.71;4.3;0.47;0.43;547732
22;21;4.5;4.3;0.45;0.43;547845
22;21;4.5;4.3;0.45;0.43;547958
23;22;4.71;4.5;0.47;0.45;548073
23;23;4.71;4.71;0.47;0.47;548189
23;22;4.71;4.5;0.47;0.45;548302
22;22;4.5;4.5;0.45;0.45;548415
23;22;4.71;4.5;0.47;0.45;548528
22;22;4.5;4.5;0.45;0.45;548641
23;22;4.71;4.5;0.47;0.45;548754
22;22;4.5;4.5;0.45;0.45;548866
24;24;4.91;4.91;0.49;0.49;548988
30;30;6.14;6.14;0.61;0.61;549142
23;22;4.71;4.5;0.47;0.45;549257
22;23;4.5;4.71;0.45;0.47;549370
23;22;4.71;4.5;0.47;0.45;549483
22;22;4.5;4.5;0.45;0.45;549596
22;22;4.5;4.5;0.45;0.45;549709
23;23;4.71;4.71;0.47;0.47;549824
31;30;6.34;6.14;0.63;0.61;549979
23;22;4.71;4.5;0.47;0.45;550092
22;22;4.5;4.5;0.45;0.45;550205
22;22;4.5;4.5;0.45;0.45;550320
23;22;4.71;4.5;0.47;0.45;550433
22;21;4.5;4.3;0.45;0.43;550546
23;22;4.71;4.5;0.47;0.45;550659
22;21;4.5;4.3;0.45;0.43;550772
25;24;5.11;4.91;0.51;0.49;550898
24;23;4.91;4.71;0.49;0.47;551014
22;23;4.5;4.71;0.45;0.47;551128
24;23;4.91;4.71;0.49;0.47;551244
22;23;4.5;4.71;0.45;0.47;551361
23;22;4.71;4.5;0.47;0.45;551477
23;23;4.71;4.71;0.47;0.47;551593
23;22;4.71;4.5;0.47;0.45;551712
23;23;4.71;4.71;0.47;0.47;551829
24;22;4.91;4.5;0.49;0.45;551948
23;23;4.71;4.71;0.47;0.47;552068
23;23;4.71;4.71;0.47;0.47;552185
23;23;4.71;4.71;0.47;0.47;552304
24;24;4.91;4.91;0.49;0.49;552426
23;22;4.71;4.5;0.47;0.45;552544
23;22;4.71;4.5;0.47;0.45;552663
22;23;4.5;4.71;0.45;0.47;552783
22;22;4.5;4.5;0.45;0.45;552900
23;22;4.71;4.5;0.47;0.45;553019
23;24;4.71;4.91;0.47;0.49;553139
23;22;4.71;4.5;0.47;0.45;553256
23;22;4.71;4.5;0.47;0.45;553375
25;23;5.11;4.71;0.51;0.47;553500
22;23;4.5;4.71;0.45;0.47;553619
23;22;4.71;4.5;0.47;0.45;553736
24;25;4.91;5.11;0.49;0.51;553855
26;26;5.32;5.32;0.53;0.53;553992
24;25;4.91;5.11;0.49;0.51;554122
22;22;4.5;4.5;0.45;0.45;554241
24;23;4.91;4.71;0.49;0.47;554360
24;24;4.91;4.91;0.49;0.49;554480
23;23;4.71;4.71;0.47;0.47;554599
23;23;4.71;4.71;0.47;0.47;554718
23;23;4.71;4.71;0.47;0.47;554835
24;23;4.91;4.71;0.49;0.47;554954
23;24;4.71;4.91;0.47;0.49;555073
24;22;4.91;4.5;0.49;0.45;555190
23;24;4.71;4.91;0.47;0.49;555309
24;23;4.91;4.71;0.49;0.47;555431
23;23;4.71;4.71;0.47;0.47;555553
23;23;4.71;4.71;0.47;0.47;555671
22;23;4.5;4.71;0.45;0.47;555790
23;23;4.71;4.71;0.47;0.47;555909
23;23;4.71;4.71;0.47;0.47;556026
25;23;5.11;4.71;0.51;0.47;556145
23;23;4.71;4.71;0.47;0.47;556264
23;23;4.71;4.71;0.47;0.47;556381
23;23;4.71;4.71;0.47;0.47;556500
26;27;5.32;5.52;0.53;0.55;556634
23;23;4.71;4.71;0.47;0.47;556752
23;24;4.71;4.91;0.47;0.49;556871
22;23;4.5;4.71;0.45;0.47;556991
22;22;4.5;4.5;0.45;0.45;557108
24;25;4.91;5.11;0.49;0.51;557230
23;23;4.71;4.71;0.47;0.47;557349
24;23;4.91;4.71;0.49;0.47;557468
23;23;4.71;4.71;0.47;0.47;557588
23;23;4.71;4.71;0.47;0.47;557707
22;23;4.5;4.71;0.45;0.47;557826
22;22;4.5;4.5;0.45;0.45;557943
23;23;4.71;4.71;0.47;0.47;558062
23;23;4.71;4.71;0.47;0.47;558181
22;21;4.5;4.3;0.45;0.43;558298
23;23;4.71;4.71;0.47;0.47;558417
23;23;4.71;4.71;0.47;0.47;558536
24;23;4.91;4.71;0.49;0.47;558656
23;23;4.71;4.71;0.47;0.47;558775
23;23;4.71;4.71;0.47;0.47;558894
23;23;4.71;4.71;0.47;0.47;559014
27;25;5.52;5.11;0.55;0.51;559149
23;23;4.71;4.71;0.47;0.47;559268
23;23;4.71;4.71;0.47;0.47;559387
22;23;4.5;4.71;0.45;0.47;559504
24;24;4.91;4.91;0.49;0.49;559626
23;23;4.71;4.71;0.47;0.47;559746
22;24;4.5;4.91;0.45;0.49;559863
24;23;4.91;4.71;0.49;0.47;559982
22;23;4.5;4.71;0.45;0.47;560101
22;23;4.5;4.71;0.45;0.47;560218
23;23;4.71;4.71;0.47;0.47;560337
22;24;4.5;4.91;0.45;0.49;560457
22;22;4.5;4.5;0.45;0.45;560574
23;24;4.71;4.91;0.47;0.49;560695
23;23;4.71;4.71;0.47;0.47;560815
24;23;4.91;4.71;0.49;0.47;560937
22;23;4.5;4.71;0.45;0.47;561054
23;23;4.71;4.71;0.47;0.47;561173
23;23;4.71;4.71;0.47;0.47;561292
22;23;4.5;4.71;0.45;0.47;561409
22;23;4.5;4.71;0.45;0.47;561528
26;26;5.32;5.32;0.53;0.53;561663
23;22;4.71;4.5;0.47;0.45;561781
23;23;4.71;4.71;0.47;0.47;561900
23;22;4.71;4.5;0.47;0.45;562019
22;22;4.5;4.5;0.45;0.45;562136
23;23;4.71;4.71;0.47;0.47;562255
23;25;4.71;5.11;0.47;0.51;562379
23;22;4.71;4.5;0.47;0.45;562496
22;24;4.5;4.91;0.45;0.49;562615
23;23;4.71;4.71;0.47;0.47;562737
23;22;4.71;4.5;0.47;0.45;562860
21;21;4.3;4.3;0.43;0.43;562977
22;22;4.5;4.5;0.45;0.45;563096
23;22;4.71;4.5;0.47;0.45;563216
21;21;4.3;4.3;0.43;0.43;563333
23;23;4.71;4.71;0.47;0.47;563452
22;23;4.5;4.71;0.45;0.47;563571
23;23;4.71;4.71;0.47;0.47;563691
22;23;4.5;4.71;0.45;0.47;563810
26;26;5.32;5.32;0.53;0.53;563947
23;23;4.71;4.71;0.47;0.47;564069
24;24;4.91;4.91;0.49;0.49;564196
23;23;4.71;4.71;0.47;0.47;564316
22;22;4.5;4.5;0.45;0.45;564433
23;22;4.71;4.5;0.47;0.45;564552
24;23;4.91;4.71;0.49;0.47;564675
23;23;4.71;4.71;0.47;0.47;564797
23;23;4.71;4.71;0.47;0.47;564915
23;23;4.71;4.71;0.47;0.47;565034
22;22;4.5;4.5;0.45;0.45;565153
22;22;4.5;4.5;0.45;0.45;565270
23;24;4.71;4.91;0.47;0.49;565389
24;23;4.91;4.71;0.49;0.47;565509
22;22;4.5;4.5;0.45;0.45;565627
21;21;4.3;4.3;0.43;0.43;565735
22;22;4.5;4.5;0.45;0.45;565850
21;21;4.3;4.3;0.43;0.43;565963
21;21;4.3;4.3;0.43;0.43;566075
22;22;4.5;4.5;0.45;0.45;566188
15;32;3.07;6.55;0.31;0.65;566300
17;27;3.48;5.52;0.35;0.55;566413
23;23;4.71;4.71;0.47;0.47;566528
22;22;4.5;4.5;0.45;0.45;566641
21;22;4.3;4.5;0.43;0.45;566753
22;23;4.5;4.71;0.45;0.47;566868
22;23;4.5;4.71;0.45;0.47;566981
21;22;4.3;4.5;0.43;0.45;567094
20;22;4.09;4.5;0.41;0.45;567206
21;22;4.3;4.5;0.43;0.45;567319
21;22;4.3;4.5;0.43;0.45;567431
22;22;4.5;4.5;0.45;0.45;567544
21;22;4.3;4.5;0.43;0.45;567656
21;22;4.3;4.5;0.43;0.45;567769
21;23;4.3;4.71;0.43;0.47;567884
21;23;4.3;4.71;0.43;0.47;567997
21;22;4.3;4.5;0.43;0.45;568109
21;24;4.3;4.91;0.43;0.49;568224
21;22;4.3;4.5;0.43;0.45;568336
22;23;4.5;4.71;0.45;0.47;568448
20;21;4.09;4.3;0.41;0.43;568560
22;22;4.5;4.5;0.45;0.45;568672
23;23;4.71;4.71;0.47;0.47;568787
23;23;4.71;4.71;0.47;0.47;568902
22;23;4.5;4.71;0.45;0.47;569015
21;22;4.3;4.5;0.43;0.45;569128
22;22;4.5;4.5;0.45;0.45;569240
21;23;4.3;4.71;0.43;0.47;569353
22;21;4.5;4.3;0.45;0.43;569465
21;22;4.3;4.5;0.43;0.45;569577
21;22;4.3;4.5;0.43;0.45;569689
22;23;4.5;4.71;0.45;0.47;569801
21;22;4.3;4.5;0.43;0.45;569916
22;23;4.5;4.71;0.45;0.47;570031
22;22;4.5;4.5;0.45;0.45;570143
20;22;4.09;4.5;0.41;0.45;570255
21;22;4.3;4.5;0.43;0.45;570367
21;22;4.3;4.5;0.43;0.45;570479
22;22;4.5;4.5;0.45;0.45;570591
21;22;4.3;4.5;0.43;0.45;570703
21;22;4.3;4.5;0.43;0.45;570815
22;22;4.5;4.5;0.45;0.45;570930
22;22;4.5;4.5;0.45;0.45;571043
22;23;4.5;4.71;0.45;0.47;571156
22;22;4.5;4.5;0.45;0.45;571268
21;23;4.3;4.71;0.43;0.47;571380
21;21;4.3;4.3;0.43;0.43;571492
21;24;4.3;4.91;0.43;0.49;571604
23;23;4.71;4.71;0.47;0.47;571719
22;22;4.5;4.5;0.45;0.45;571831
23;23;4.71;4.71;0.47;0.47;571946
22;22;4.5;4.5;0.45;0.45;572059
21;22;4.3;4.5;0.43;0.45;572171
22;22;4.5;4.5;0.45;0.45;572283
21;23;4.3;4.71;0.43;0.47;572395
22;23;4.5;4.71;0.45;0.47;572507
21;22;4.3;4.5;0.43;0.45;572619
21;21;4.3;4.3;0.43;0.43;572731
21;22;4.3;4.5;0.43;0.45;572844
22;23;4.5;4.71;0.45;0.47;572959
22;22;4.5;4.5;0.45;0.45;573072
22;21;4.5;4.3;0.45;0.43;573185
21;22;4.3;4.5;0.43;0.45;573297
22;22;4.5;4.5;0.45;0.45;573409
27;28;5.52;5.73;0.55;0.57;573550
22;22;4.5;4.5;0.45;0.45;573662
21;22;4.3;4.5;0.43;0.45;573774
22;22;4.5;4.5;0.45;0.45;573886
22;23;4.5;4.71;0.45;0.47;574001
21;22;4.3;4.5;0.43;0.45;574114
22;21;4.5;4.3;0.45;0.43;574226
22;21;4.5;4.3;0.45;0.43;574338
21;21;4.3;4.3;0.43;0.43;574450
23;23;4.71;4.71;0.47;0.47;574562
21;21;4.3;4.3;0.43;0.43;574674
21;22;4.3;4.5;0.43;0.45;574786
22;22;4.5;4.5;0.45;0.45;574898
21;22;4.3;4.5;0.43;0.45;575013
22;22;4.5;4.5;0.45;0.45;575126
21;23;4.3;4.71;0.43;0.47;575241
21;21;4.3;4.3;0.43;0.43;575353
21;22;4.3;4.5;0.43;0.45;575465
21;21;4.3;4.3;0.43;0.43;575577
21;21;4.3;4.3;0.43;0.43;575689
21;21;4.3;4.3;0.43;0.43;575801
21;21;4.3;4.3;0.43;0.43;575913
21;22;4.3;4.5;0.43;0.45;576028
22;22;4.5;4.5;0.45;0.45;576141
22;23;4.5;4.71;0.45;0.47;576253
22;22;4.5;4.5;0.45;0.45;576365
21;21;4.3;4.3;0.43;0.43;576477
21;22;4.3;4.5;0.43;0.45;576589
22;22;4.5;4.5;0.45;0.45;576701
22;21;4.5;4.3;0.45;0.43;576813
21;22;4.3;4.5;0.43;0.45;576925
23;23;4.71;4.71;0.47;0.47;577042
21;22;4.3;4.5;0.43;0.45;577155
22;22;4.5;4.5;0.45;0.45;577268
22;22;4.5;4.5;0.45;0.45;577380
22;22;4.5;4.5;0.45;0.45;577492
21;22;4.3;4.5;0.43;0.45;577604
21;22;4.3;4.5;0.43;0.45;577716
22;22;4.5;4.5;0.45;0.45;577828
21;22;4.3;4.5;0.43;0.45;577940
22;22;4.5;4.5;0.45;0.45;578055
23;24;4.71;4.91;0.47;0.49;578178
21;22;4.3;4.5;0.43;0.45;578290
21;22;4.3;4.5;0.43;0.45;578402
21;21;4.3;4.3;0.43;0.43;578514
21;21;4.3;4.3;0.43;0.43;578626
22;22;4.5;4.5;0.45;0.45;578741
22;22;4.5;4.5;0.45;0.45;578853
22;22;4.5;4.5;0.45;0.45;578965
22;22;4.5;4.5;0.45;0.45;579080
22;22;4.5;4.5;0.45;0.45;579193
22;22;4.5;4.5;0.45;0.45;579305
22;22;4.5;4.5;0.45;0.45;579417
22;22;4.5;4.5;0.45;0.45;579530
21;21;4.3;4.3;0.43;0.43;579642
22;21;4.5;4.3;0.45;0.43;579754
21;22;4.3;4.5;0.43;0.45;579866
22;21;4.5;4.3;0.45;0.43;579978
22;22;4.5;4.5;0.45;0.45;580093
22;23;4.5;4.71;0.45;0.47;580206
21;21;4.3;4.3;0.43;0.43;580318
22;22;4.5;4.5;0.45;0.45;580430
21;22;4.3;4.5;0.43;0.45;580544
20;21;4.09;4.3;0.41;0.43;580656
21;22;4.3;4.5;0.43;0.45;580768
31;15;6.34;3.07;0.63;0.31;580880
23;20;4.71;4.09;0.47;0.41;580992
23;22;4.71;4.5;0.47;0.45;581107
22;22;4.5;4.5;0.45;0.45;581220
22;21;4.5;4.3;0.45;0.43;581332
22;20;4.5;4.09;0.45;0.41;581444
21;21;4.3;4.3;0.43;0.43;581556
22;21;4.5;4.3;0.45;0.43;581668
22;21;4.5;4.3;0.45;0.43;581780
22;21;4.5;4.3;0.45;0.43;581892
22;21;4.5;4.3;0.45;0.43;582004
29;18;5.93;3.68;0.59;0.37;582126
32;12;6.55;2.45;0.65;0.25;582241
25;19;5.11;3.89;0.51;0.39;582353
21;22;4.3;4.5;0.43;0.45;582465
21;22;4.3;4.5;0.43;0.45;582577
22;21;4.5;4.3;0.45;0.43;582689
22;22;4.5;4.5;0.45;0.45;582801
27;26;5.52;5.32;0.55;0.53;582940
22;22;4.5;4.5;0.45;0.45;583052
24;23;4.91;4.71;0.49;0.47;583174
22;21;4.5;4.3;0.45;0.43;583287
22;22;4.5;4.5;0.45;0.45;583399
23;21;4.71;4.3;0.47;0.43;583511
22;22;4.5;4.5;0.45;0.45;583623
22;21;4.5;4.3;0.45;0.43;583735
22;22;4.5;4.5;0.45;0.45;583847
23;21;4.71;4.3;0.47;0.43;583961
22;22;4.5;4.5;0.45;0.45;584074
23;22;4.71;4.5;0.47;0.45;584189
23;21;4.71;4.3;0.47;0.43;584302
23;21;4.71;4.3;0.47;0.43;584415
23;21;4.71;4.3;0.47;0.43;584528
23;21;4.71;4.3;0.47;0.43;584641
22;22;4.5;4.5;0.45;0.45;584754
23;21;4.71;4.3;0.47;0.43;584867
23;22;4.71;4.5;0.47;0.45;584980
22;22;4.5;4.5;0.45;0.45;585093
23;22;4.71;4.5;0.47;0.45;585208
22;21;4.5;4.3;0.45;0.43;585321
23;22;4.71;4.5;0.47;0.45;585434
22;21;4.5;4.3;0.45;0.43;585547
23;22;4.71;4.5;0.47;0.45;585662
22;21;4.5;4.3;0.45;0.43;585775
22;22;4.5;4.5;0.45;0.45;585888
22;22;4.5;4.5;0.45;0.45;586001
22;21;4.5;4.3;0.45;0.43;586114
22;22;4.5;4.5;0.45;0.45;586229
23;22;4.71;4.5;0.47;0.45;586342
22;21;4.5;4.3;0.45;0.43;586455
23;22;4.71;4.5;0.47;0.45;586568
22;21;4.5;4.3;0.45;0.43;586681
22;22;4.5;4.5;0.45;0.45;586794
23;22;4.71;4.5;0.47;0.45;586907
22;21;4.5;4.3;0.45;0.43;587020
22;21;4.5;4.3;0.45;0.43;587133
22;22;4.5;4.5;0.45;0.45;587248
23;21;4.71;4.3;0.47;0.43;587363
22;22;4.5;4.5;0.45;0.45;587476
23;22;4.71;4.5;0.47;0.45;587591
23;22;4.71;4.5;0.47;0.45;587711
21;22;4.3;4.5;0.43;0.45;587823
22;22;4.5;4.5;0.45;0.45;587936
22;22;4.5;4.5;0.45;0.45;588049
22;22;4.5;4.5;0.45;0.45;588162
21;21;4.3;4.3;0.43;0.43;588277
22;22;4.5;4.5;0.45;0.45;588390
23;21;4.71;4.3;0.47;0.43;588503
22;22;4.5;4.5;0.45;0.45;588616
23;22;4.71;4.5;0.47;0.45;588729
22;22;4.5;4.5;0.45;0.45;588842
23;22;4.71;4.5;0.47;0.45;588955
23;23;4.71;4.71;0.47;0.47;589070
22;22;4.5;4.5;0.45;0.45;589183
22;21;4.5;4.3;0.45;0.43;589298
22;21;4.5;4.3;0.45;0.43;589411
22;21;4.5;4.3;0.45;0.43;589524
21;21;4.3;4.3;0.43;0.43;589637
22;22;4.5;4.5;0.45;0.45;589750
22;22;4.5;4.5;0.45;0.45;589863
23;21;4.71;4.3;0.47;0.43;589976
21;20;4.3;4.09;0.43;0.41;590089
20;20;4.09;4.09;0.41;0.41;590202
22;22;4.5;4.5;0.45;0.45;590317
23;22;4.71;4.5;0.47;0.45;590430
23;23;4.71;4.71;0.47;0.47;590543
23;23;4.71;4.71;0.47;0.47;590656
22;22;4.5;4.5;0.45;0.45;590771
23;23;4.71;4.71;0.47;0.47;590884
23;22;4.71;4.5;0.47;0.45;590997
22;21;4.5;4.3;0.45;0.43;591110
22;21;4.5;4.3;0.45;0.43;591223
23;22;4.71;4.5;0.47;0.45;591338
23;22;4.71;4.5;0.47;0.45;591451
22;22;4.5;4.5;0.45;0.45;591564
23;22;4.71;4.5;0.47;0.45;591677
22;22;4.5;4.5;0.45;0.45;591790
23;24;4.71;4.91;0.47;0.49;591903
22;22;4.5;4.5;0.45;0.45;592016
23;23;4.71;4.71;0.47;0.47;592131
21;21;4.3;4.3;0.43;0.43;592244
22;21;4.5;4.3;0.45;0.43;592359
22;22;4.5;4.5;0.45;0.45;592472
22;22;4.5;4.5;0.45;0.45;592583
22;22;4.5;4.5;0.45;0.45;592696
22;22;4.5;4.5;0.45;0.45;592809
22;22;4.5;4.5;0.45;0.45;592922
21;21;4.3;4.3;0.43;0.43;593035
22;22;4.5;4.5;0.45;0.45;593148
22;22;4.5;4.5;0.45;0.45;593261
23;23;4.71;4.71;0.47;0.47;593376
23;24;4.71;4.91;0.47;0.49;593489
23;22;4.71;4.5;0.47;0.45;593602
23;23;4.71;4.71;0.47;0.47;593715
23;23;4.71;4.71;0.47;0.47;593828
22;22;4.5;4.5;0.45;0.45;593941
23;22;4.71;4.5;0.47;0.45;594054
23;22;4.71;4.5;0.47;0.45;594167
23;23;4.71;4.71;0.47;0.47;594282
23;22;4.71;4.5;0.47;0.45;594397
22;22;4.5;4.5;0.45;0.45;594510
23;22;4.71;4.5;0.47;0.45;594623
23;22;4.71;4.5;0.47;0.45;594736
22;22;4.5;4.5;0.45;0.45;594849
23;21;4.71;4.3;0.47;0.43;594962
22;22;4.5;4.5;0.45;0.45;595075
23;22;4.71;4.5;0.47;0.45;595188
22;22;4.5;4.5;0.45;0.45;595301
23;23;4.71;4.71;0.47;0.47;595416
22;22;4.5;4.5;0.45;0.45;595529
22;21;4.5;4.3;0.45;0.43;595642
22;22;4.5;4.5;0.45;0.45;595755
22;22;4.5;4.5;0.45;0.45;595868
22;22;4.5;4.5;0.45;0.45;595983
23;22;4.71;4.5;0.47;0.45;596096
23;23;4.71;4.71;0.47;0.47;596209
22;22;4.5;4.5;0.45;0.45;596322
22;22;4.5;4.5;0.45;0.45;596437
22;21;4.5;4.3;0.45;0.43;596550
22;22;4.5;4.5;0.45;0.45;596663
23;21;4.71;4.3;0.47;0.43;596776
24;23;4.91;4.71;0.49;0.47;596900
23;23;4.71;4.71;0.47;0.47;597018
22;23;4.5;4.71;0.45;0.47;597131
23;22;4.71;4.5;0.47;0.45;597244
22;22;4.5;4.5;0.45;0.45;597357
22;22;4.5;4.5;0.45;0.45;597472
22;24;4.5;4.91;0.45;0.49;597585
23;22;4.71;4.5;0.47;0.45;597700
21;20;4.3;4.09;0.43;0.41;597813
22;22;4.5;4.5;0.45;0.45;597926
22;22;4.5;4.5;0.45;0.45;598039
22;21;4.5;4.3;0.45;0.43;598152
23;21;4.71;4.3;0.47;0.43;598265
23;21;4.71;4.3;0.47;0.43;598378
23;20;4.71;4.09;0.47;0.41;598493
23;22;4.71;4.5;0.47;0.45;598606
22;22;4.5;4.5;0.45;0.45;598719
23;22;4.71;4.5;0.47;0.45;598832
22;22;4.5;4.5;0.45;0.45;598945
23;22;4.71;4.5;0.47;0.45;599058
23;22;4.71;4.5;0.47;0.45;599171
23;20;4.71;4.09;0.47;0.41;599284
24;22;4.91;4.5;0.49;0.45;599399
23;21;4.71;4.3;0.47;0.43;599514
24;21;4.91;4.3;0.49;0.43;599627
23;21;4.71;4.3;0.47;0.43;599740
22;21;4.5;4.3;0.45;0.43;599853
24;22;4.91;4.5;0.49;0.45;599966
24;21;4.91;4.3;0.49;0.43;600079
23;20;4.71;4.09;0.47;0.41;600192
23;21;4.71;4.3;0.47;0.43;600305
23;20;4.71;4.09;0.47;0.41;600418
32;17;6.55;3.48;0.65;0.35;600540
32;11;6.55;2.25;0.65;0.23;600653
33;10;6.75;2.05;0.68;0.2;600766
32;9;6.55;1.84;0.65;0.18;600879
33;8;6.75;1.64;0.68;0.16;600992
34;8;6.96;1.64;0.7;0.16;601107
33;7;6.75;1.43;0.68;0.14;601220
33;7;6.75;1.43;0.68;0.14;601333
32;8;6.55;1.64;0.65;0.16;601445
36;9;7.36;1.84;0.74;0.18;601570
34;8;6.96;1.64;0.7;0.16;601683
33;8;6.75;1.64;0.68;0.16;601796
33;7;6.75;1.43;0.68;0.14;601909
32;7;6.55;1.43;0.65;0.14;602022
32;5;6.55;1.02;0.65;0.1;602135
32;5;6.55;1.02;0.65;0.1;602248
33;5;6.75;1.02;0.68;0.1;602361
32;5;6.55;1.02;0.65;0.1;602474
33;6;6.75;1.23;0.68;0.12;602589
34;6;6.96;1.23;0.7;0.12;602702
34;4;6.96;0.82;0.7;0.08;602817
33;5;6.75;1.02;0.68;0.1;602930
33;4;6.75;0.82;0.68;0.08;603043
33;6;6.75;1.23;0.68;0.12;603156
34;6;6.96;1.23;0.7;0.12;603269
33;7;6.75;1.43;0.68;0.14;603382
33;8;6.75;1.64;0.68;0.16;603495
33;9;6.75;1.84;0.68;0.18;603610
31;10;6.34;2.05;0.63;0.2;603723
32;11;6.55;2.25;0.65;0.23;603836
31;12;6.34;2.45;0.63;0.25;603948
31;13;6.34;2.66;0.63;0.27;604061
30;13;6.14;2.66;0.61;0.27;604173
30;14;6.14;2.86;0.61;0.29;604286
27;15;5.52;3.07;0.55;0.31;604398
20;24;4.09;4.91;0.41;0.49;604511
23;25;4.71;5.11;0.47;0.51;604635
22;21;4.5;4.3;0.45;0.43;604748
22;21;4.5;4.3;0.45;0.43;604861
22;21;4.5;4.3;0.45;0.43;604974
23;21;4.71;4.3;0.47;0.43;605087
22;21;4.5;4.3;0.45;0.43;605200
23;21;4.71;4.3;0.47;0.43;605313
23;21;4.71;4.3;0.47;0.43;605426
22;21;4.5;4.3;0.45;0.43;605539
23;21;4.71;4.3;0.47;0.43;605654
22;21;4.5;4.3;0.45;0.43;605767
23;21;4.71;4.3;0.47;0.43;605880
23;20;4.71;4.09;0.47;0.41;605993
22;20;4.5;4.09;0.45;0.41;606106
22;21;4.5;4.3;0.45;0.43;606218
27;24;5.52;4.91;0.55;0.49;606357
23;21;4.71;4.3;0.47;0.43;606470
23;19;4.71;3.89;0.47;0.39;606583
23;21;4.71;4.3;0.47;0.43;606698
23;20;4.71;4.09;0.47;0.41;606811
22;19;4.5;3.89;0.45;0.39;606924
23;20;4.71;4.09;0.47;0.41;607037
23;20;4.71;4.09;0.47;0.41;607150
23;20;4.71;4.09;0.47;0.41;607263
23;21;4.71;4.3;0.47;0.43;607376
23;21;4.71;4.3;0.47;0.43;607489
22;22;4.5;4.5;0.45;0.45;607602
24;22;4.91;4.5;0.49;0.45;607717
24;22;4.91;4.5;0.49;0.45;607830
24;20;4.91;4.09;0.49;0.41;607943
25;21;5.11;4.3;0.51;0.43;608058
25;19;5.11;3.89;0.51;0.39;608171
25;20;5.11;4.09;0.51;0.41;608284
25;20;5.11;4.09;0.51;0.41;608397
24;20;4.91;4.09;0.49;0.41;608510
24;20;4.91;4.09;0.49;0.41;608623
26;21;5.32;4.3;0.53;0.43;608738
25;21;5.11;4.3;0.51;0.43;608851
25;20;5.11;4.09;0.51;0.41;608964
24;20;4.91;4.09;0.49;0.41;609077
25;19;5.11;3.89;0.51;0.39;609190
24;20;4.91;4.09;0.49;0.41;609303
24;19;4.91;3.89;0.49;0.39;609416
24;17;4.91;3.48;0.49;0.35;609529
23;17;4.71;3.48;0.47;0.35;609642
24;18;4.91;3.68;0.49;0.37;609759
23;18;4.71;3.68;0.47;0.37;609872
23;19;4.71;3.89;0.47;0.39;609985
22;21;4.5;4.3;0.45;0.43;610098
21;21;4.3;4.3;0.43;0.43;610211
21;22;4.3;4.5;0.43;0.45;610324
21;22;4.3;4.5;0.43;0.45;610437
20;22;4.09;4.5;0.41;0.45;610550
21;22;4.3;4.5;0.43;0.45;610663
21;21;4.3;4.3;0.43;0.43;610778
9;44;1.84;9;0.18;0.9;610891
0;42;0;8.59;0;0.86;611003
0;45;0;9.21;0;0.92;611125
0;41;0;8.39;0;0.84;611237
0;40;0;8.18;0;0.82;611350
0;41;0;8.39;0;0.84;611465
0;43;0;8.8;0;0.88;611578
0;44;0;9;0;0.9;611691
0;47;0;9.61;0;0.96;611813
0;43;0;8.8;0;0.88;611926
0;42;0;8.59;0;0.86;612039
0;43;0;8.8;0;0.88;612151
0;42;0;8.59;0;0.86;612264
0;42;0;8.59;0;0.86;612376
0;42;0;8.59;0;0.86;612489
0;41;0;8.39;0;0.84;612601
13;33;2.66;6.75;0.27;0.68;612714
23;24;4.71;4.91;0.47;0.49;612836
19;20;3.89;4.09;0.39;0.41;612949
23;15;4.71;3.07;0.47;0.31;613062
22;11;4.5;2.25;0.45;0.23;613177
21;18;4.3;3.68;0.43;0.37;613290
18;20;3.68;4.09;0.37;0.41;613403
18;20;3.68;4.09;0.37;0.41;613516
21;20;4.3;4.09;0.43;0.41;613628
20;18;4.09;3.68;0.41;0.37;613741
18;8;3.68;1.64;0.37;0.16;613856
19;10;3.89;2.05;0.39;0.2;613969
17;14;3.48;2.86;0.35;0.29;614082
17;18;3.48;3.68;0.35;0.37;614195
18;23;3.68;4.71;0.37;0.47;614308
18;24;3.68;4.91;0.37;0.49;614421
16;20;3.27;4.09;0.33;0.41;614534
13;11;2.66;2.25;0.27;0.23;614647
14;15;2.86;3.07;0.29;0.31;614760
19;22;3.89;4.5;0.39;0.45;614875
19;17;3.89;3.48;0.39;0.35;614986
19;14;3.89;2.86;0.39;0.29;615099
17;21;3.48;4.3;0.35;0.43;615212
17;21;3.48;4.3;0.35;0.43;615325
14;20;2.86;4.09;0.29;0.41;615438
16;14;3.27;2.86;0.33;0.29;615551
15;19;3.07;3.89;0.31;0.39;615664
12;22;2.45;4.5;0.25;0.45;615777
14;21;2.86;4.3;0.29;0.43;615915
10;18;2.05;3.68;0.2;0.37;616028
9;14;1.84;2.86;0.18;0.29;616141
11;13;2.25;2.66;0.23;0.27;616253
12;8;2.45;1.64;0.25;0.16;616366
13;6;2.66;1.23;0.27;0.12;616479
12;13;2.45;2.66;0.25;0.27;616592
10;15;2.05;3.07;0.2;0.31;616707
11;18;2.25;3.68;0.23;0.37;616820
10;14;2.05;2.86;0.2;0.29;616935
