timestamp,left_ticks,right_ticks
0.0,0,0
0.1,8,8
0.2,17,14
0.3,24,23
0.4,31,31
0.5,41,41
0.6,48,49
0.7,54,56
0.8,63,64
0.9,74,72
1.0,81,80
1.1,89,87
1.2,97,96
1.3,102,110
1.4,114,118
1.5,128,126
1.6,139,131
1.7,148,140
1.8,152,151
1.9,157,157
2.0,166,168
2.1,173,172
2.2,182,178
2.3,191,185
2.4,200,190
2.5,210,201
2.6,212,208
2.7,222,217
2.8,235,225
2.9,244,235
3.0,251,243
3.1,259,252
3.2,267,259
3.3,281,267
3.4,290,271
3.5,296,282
3.6,304,287
3.7,316,297
3.8,323,308
3.9,326,319
4.0,336,331
4.1,343,336
4.2,353,345
4.3,363,353
4.4,372,363
4.5,377,370
4.6,385,378
4.7,392,386
4.8,397,391
4.9,408,401
5.0,412,412
5.1,423,419
5.2,431,432
5.3,441,441
5.4,448,450
5.5,455,455
5.6,463,466
5.7,470,472
5.8,481,481
5.9,490,493
6.0,499,503
6.1,509,510
6.2,516,521
6.3,523,526
6.4,532,532
6.5,538,541
6.6,543,549
6.7,551,556
6.8,556,567
6.9,568,576
7.0,575,582
7.1,581,591
7.2,589,596
7.3,597,605
7.4,602,618
7.5,609,623
7.6,618,631
7.7,625,638
7.8,632,647
7.9,637,660
8.0,644,663
8.1,654,672
8.2,662,679
8.3,671,688
8.4,680,694
8.5,688,702
8.6,699,712
8.7,708,718
8.8,716,727
8.9,725,736
9.0,734,747
9.1,738,761
9.2,745,774
9.3,756,784
9.4,761,791
9.5,767,801
9.6,775,808
9.7,780,815
9.8,788,822
9.9,796,830
10.0,801,834
10.1,806,846
10.2,814,854
10.3,821,862
10.4,827,874
10.5,837,884
10.6,846,893
10.7,855,901
10.8,866,915
10.9,874,925
11.0,885,935
11.1,895,944
11.2,904,956
11.3,914,967
11.4,923,983
11.5,937,991
11.6,948,997
11.7,959,1004
11.8,969,1016
11.9,977,1024
12.0,987,1036
12.1,996,1041
12.2,1006,1051
12.3,1015,1066
12.4,1024,1077
12.5,1031,1082
12.6,1036,1089
12.7,1048,1093
12.8,1057,1102
12.9,1070,1107
13.0,1076,1117
13.1,1083,1123
13.2,1093,1132
13.3,1100,1143
13.4,1110,1155
13.5,1121,1163
13.6,1126,1170
13.7,1135,1175
13.8,1139,1183
13.9,1153,1192
14.0,1164,1198
14.1,1173,1209
14.2,1184,1218
14.3,1193,1229
14.4,1201,1238
14.5,1210,1244
14.6,1218,1252
14.7,1222,1258
14.8,1231,1264
14.9,1242,1275
15.0,1249,1285
15.1,1258,1296
15.2,1265,1302
15.3,1271,1307
15.4,1280,1312
15.5,1291,1320
15.6,1295,1327
15.7,1307,1334
15.8,1316,1341
15.9,1321,1351
16.0,1329,1354
16.1,1337,1364
16.2,1343,1373
16.3,1353,1382
16.4,1358,1387
16.5,1367,1399
16.6,1375,1406
16.7,1385,1414
16.8,1391,1417
16.9,1397,1426
17.0,1404,1432
17.1,1414,1440
17.2,1420,1446
17.3,1427,1456
17.4,1438,1467
17.5,1443,1478
17.6,1446,1484
17.7,1454,1491
17.8,1462,1499
17.9,1470,1505
18.0,1480,1513
18.1,1485,1521
18.2,1495,1526
18.3,1505,1532
18.4,1514,1541
18.5,1526,1550
18.6,1532,1554
18.7,1540,1561
18.8,1551,1570
18.9,1561,1578
19.0,1566,1584
19.1,1569,1588
19.2,1579,1596
19.3,1587,1604
19.4,1597,1614
19.5,1604,1621
19.6,1615,1631
19.7,1622,1636
19.8,1631,1645
19.9,1638,1658
20.0,1647,1666
20.1,1660,1672
20.2,1668,1678
20.3,1681,1685
20.4,1689,1693
20.5,1695,1703
20.6,1709,1712
20.7,1716,1717
20.8,1723,1725
20.9,1731,1729
21.0,1744,1738
21.1,1748,1751
21.2,1755,1760
21.3,1764,1770
21.4,1773,1779
21.5,1778,1787
21.6,1785,1794
21.7,1794,1802
21.8,1803,1809
21.9,1810,1814
22.0,1813,1818
22.1,1821,1830
22.2,1827,1838
22.3,1834,1847
22.4,1847,1858
22.5,1854,1865
22.6,1862,1871
22.7,1868,1876
22.8,1877,1881
22.9,1889,1888
23.0,1896,1896
23.1,1904,1905
23.2,1907,1912
23.3,1915,1916
23.4,1921,1925
23.5,1930,1929
23.6,1936,1934
23.7,1945,1939
23.8,1953,1949
23.9,1960,1959
24.0,1971,1964
24.1,1977,1970
24.2,1984,1978
24.3,1989,1986
24.4,1995,1996
24.5,2009,2004
24.6,2022,2015
24.7,2031,2018
24.8,2039,2024
24.9,2049,2035
25.0,2057,2042
25.1,2071,2050
25.2,2081,2057
25.3,2090,2063
25.4,2098,2070
25.5,2104,2077
25.6,2111,2084
25.7,2118,2091
25.8,2125,2099
25.9,2132,2108
26.0,2138,2118
26.1,2144,2123
26.2,2147,2130
26.3,2154,2139
26.4,2161,2145
26.5,2171,2152
26.6,2181,2160
26.7,2192,2167
26.8,2201,2173
26.9,2208,2180
27.0,2216,2189
27.1,2222,2198
27.2,2226,2204
27.3,2234,2214
27.4,2243,2222
27.5,2247,2233
27.6,2256,2243
27.7,2267,2251
27.8,2273,2260
27.9,2279,2269
28.0,2285,2278
28.1,2291,2280
28.2,2301,2286
28.3,2313,2294
28.4,2318,2302
28.5,2323,2306
28.6,2328,2313
28.7,2336,2321
28.8,2345,2330
28.9,2356,2336
29.0,2366,2344
29.1,2370,2354
29.2,2375,2363
29.3,2383,2373
29.4,2395,2383
29.5,2399,2391
29.6,2406,2398
29.7,2413,2408
29.8,2421,2413
29.9,2433,2420
30.0,2440,2425
30.1,2447,2430
30.2,2459,2441
30.3,2460,2450
30.4,2467,2454
30.5,2471,2463
30.6,2479,2473
30.7,2485,2485
30.8,2494,2492
30.9,2504,2500
31.0,2511,2505
31.1,2519,2506
31.2,2525,2510
31.3,2535,2520
31.4,2541,2526
31.5,2552,2534
31.6,2563,2541
31.7,2572,2553
31.8,2579,2563
31.9,2588,2566
32.0,2600,2571
32.1,2609,2579
32.2,2615,2586
32.3,2625,2590
32.4,2633,2591
32.5,2639,2592
32.6,2645,2600
32.7,2646,2607
32.8,2652,2613
32.9,2661,2621
33.0,2671,2631
33.1,2677,2641
33.2,2687,2648
33.3,2693,2654
33.4,2699,2663
33.5,2705,2671
33.6,2711,2676
33.7,2724,2688
33.8,2734,2695
33.9,2739,2706
34.0,2743,2713
34.1,2751,2716
34.2,2758,2726
34.3,2768,2729
34.4,2779,2733
34.5,2786,2740
34.6,2791,2750
34.7,2799,2758
34.8,2803,2763
34.9,2815,2770
35.0,2822,2778
35.1,2827,2781
35.2,2831,2788
35.3,2840,2797
35.4,2844,2802
35.5,2849,2814
35.6,2854,2820
35.7,2863,2831
35.8,2872,2840
35.9,2883,2844
36.0,2892,2851
36.1,2902,2857
36.2,2912,2869
36.3,2926,2874
36.4,2932,2883
36.5,2943,2889
36.6,2954,2895
36.7,2966,2902
36.8,2976,2904
36.9,2978,2914
37.0,2980,2925
37.1,2984,2931
37.2,2994,2938
37.3,3001,2946
37.4,3008,2955
37.5,3017,2964
37.6,3026,2970
37.7,3031,2970
37.8,3042,2978
37.9,3050,2987
38.0,3055,3000
38.1,3063,3007
38.2,3071,3013
38.3,3072,3028
38.4,3080,3034
38.5,3085,3040
38.6,3090,3043
38.7,3092,3048
38.8,3101,3054
38.9,3110,3062
39.0,3113,3069
39.1,3123,3073
39.2,3128,3077
39.3,3134,3082
39.4,3139,3085
39.5,3149,3089
39.6,3156,3095
39.7,3162,3105
39.8,3169,3114
39.9,3173,3125
40.0,3180,3138
40.1,3190,3145
40.2,3197,3148
40.3,3206,3155
40.4,3216,3164
40.5,3225,3173
40.6,3232,3181
40.7,3237,3190
40.8,3242,3196
40.9,3251,3204
41.0,3258,3211
41.1,3265,3218
41.2,3273,3224
41.3,3279,3231
41.4,3282,3237
41.5,3293,3242
41.6,3300,3249
41.7,3308,3255
41.8,3321,3256
41.9,3328,3260
42.0,3335,3266
42.1,3343,3272
42.2,3350,3281
42.3,3356,3286
42.4,3361,3295
42.5,3368,3297
42.6,3376,3302
42.7,3384,3309
42.8,3394,3319
42.9,3405,3328
43.0,3416,3335
43.1,3423,3346
43.2,3430,3349
43.3,3438,3356
43.4,3441,3367
43.5,3446,3374
43.6,3449,3382
43.7,3456,3390
43.8,3465,3396
43.9,3470,3404
44.0,3477,3416
44.1,3485,3421
44.2,3491,3422
44.3,3492,3433
44.4,3503,3443
44.5,3511,3448
44.6,3518,3457
44.7,3528,3468
44.8,3534,3471
44.9,3540,3476
45.0,3549,3484
45.1,3556,3490
45.2,3561,3496
45.3,3568,3505
45.4,3574,3511
45.5,3584,3522
45.6,3591,3527
45.7,3598,3537
45.8,3609,3542
45.9,3613,3550
46.0,3617,3560
46.1,3623,3567
46.2,3628,3569
46.3,3634,3576
46.4,3640,3584
46.5,3649,3587
46.6,3655,3596
46.7,3664,3605
46.8,3675,3611
46.9,3683,3617
47.0,3695,3621
47.1,3702,3627
47.2,3714,3629
47.3,3721,3633
47.4,3725,3644
47.5,3730,3650
47.6,3737,3657
47.7,3743,3662
47.8,3751,3670
47.9,3753,3678
48.0,3759,3685
48.1,3768,3688
48.2,3770,3693
48.3,3775,3701
48.4,3786,3709
48.5,3788,3711
48.6,3798,3718
48.7,3802,3726
48.8,3813,3734
48.9,3823,3742
49.0,3829,3751
49.1,3837,3756
49.2,3842,3763
49.3,3846,3768
49.4,3852,3774
49.5,3856,3778
49.6,3869,3787
49.7,3879,3790
49.8,3887,3794
49.9,3895,3800
50.0,3902,3800
50.1,3912,3808
50.2,3920,3814
50.3,3922,3819
50.4,3929,3827
50.5,3935,3829
50.6,3945,3834
50.7,3956,3842
50.8,3962,3852
50.9,3967,3852
51.0,3972,3858
51.1,3976,3864
51.2,3983,3869
51.3,3989,3875
51.4,3996,3882
51.5,4001,3888
51.6,4007,3897
51.7,4014,3906
51.8,4020,3915
51.9,4028,3921
52.0,4035,3928
52.1,4046,3932
52.2,4053,3937
52.3,4056,3945
52.4,4059,3951
52.5,4068,3963
52.6,4072,3968
52.7,4076,3973
52.8,4084,3980
52.9,4090,3987
53.0,4095,3993
53.1,4101,3997
53.2,4107,4002
53.3,4116,4011
53.4,4123,4016
53.5,4135,4024
53.6,4142,4026
53.7,4149,4030
53.8,4160,4035
53.9,4167,4035
54.0,4176,4040
54.1,4186,4048
54.2,4192,4054
54.3,4197,4065
54.4,4199,4067
54.5,4206,4072
54.6,4212,4078
54.7,4220,4083
54.8,4227,4089
54.9,4233,4094
55.0,4243,4097
55.1,4246,4103
55.2,4253,4112
55.3,4261,4120
55.4,4270,4129
55.5,4274,4135
55.6,4277,4147
55.7,4290,4151
55.8,4296,4158
55.9,4305,4169
56.0,4311,4176
56.1,4319,4182
56.2,4323,4187
56.3,4331,4195
56.4,4338,4198
56.5,4345,4204
56.6,4354,4212
56.7,4359,4216
56.8,4365,4227
56.9,4374,4230
57.0,4383,4239
57.1,4386,4243
57.2,4392,4246
57.3,4395,4255
57.4,4407,4258
57.5,4413,4266
57.6,4421,4276
57.7,4429,4282
57.8,4432,4289
57.9,4436,4297
58.0,4440,4306
58.1,4451,4312
58.2,4460,4318
58.3,4467,4326
58.4,4474,4336
58.5,4481,4345
58.6,4490,4350
58.7,4497,4361
58.8,4504,4367
58.9,4513,4367
59.0,4519,4375
59.1,4526,4383
59.2,4533,4386
59.3,4538,4394
59.4,4551,4395
59.5,4556,4403
59.6,4562,4414
59.7,4570,4419
59.8,4578,4426
59.9,4587,4428
60.0,4596,4433
60.1,4603,4439
60.2,4610,4443
60.3,4617,4451
60.4,4628,4460
60.5,4631,4467
60.6,4638,4476
60.7,4644,4488
60.8,4653,4491
60.9,4655,4495
61.0,4663,4502
61.1,4672,4505
61.2,4677,4513
61.3,4683,4519
61.4,4691,4524
61.5,4698,4528
61.6,4701,4535
61.7,4708,4543
61.8,4714,4549
61.9,4717,4559
62.0,4724,4568
62.1,4728,4576
62.2,4734,4583
62.3,4737,4595
62.4,4741,4600
62.5,4746,4610
62.6,4754,4619
62.7,4759,4625
62.8,4763,4631
62.9,4772,4637
63.0,4778,4644
63.1,4783,4647
63.2,4786,4655
63.3,4794,4659
63.4,4795,4664
63.5,4801,4673
63.6,4805,4679
63.7,4807,4683
63.8,4815,4687
63.9,4820,4697
64.0,4825,4701
64.1,4829,4707
64.2,4833,4712
64.3,4841,4719
64.4,4849,4726
64.5,4854,4734
64.6,4864,4738
64.7,4870,4749
64.8,4875,4755
64.9,4880,4761
65.0,4885,4773
65.1,4884,4777
65.2,4888,4783
65.3,4894,4791
65.4,4900,4793
65.5,4908,4796
65.6,4918,4798
65.7,4927,4805
65.8,4935,4812
65.9,4943,4820
66.0,4950,4826
66.1,4955,4828
66.2,4964,4829
66.3,4969,4830
66.4,4974,4838
66.5,4977,4843
66.6,4980,4849
66.7,4985,4854
66.8,4993,4863
66.9,5000,4867
67.0,5007,4874
67.1,5015,4878
67.2,5024,4883
67.3,5033,4891
67.4,5042,4899
67.5,5052,4904
67.6,5059,4907
67.7,5066,4913
67.8,5075,4915
67.9,5079,4920
68.0,5080,4926
68.1,5090,4935
68.2,5099,4942
68.3,5110,4948
68.4,5114,4956
68.5,5123,4962
68.6,5131,4967
68.7,5137,4971
68.8,5146,4977
68.9,5151,4986
69.0,5158,4992
69.1,5162,5000
69.2,5168,5007
69.3,5175,5014
69.4,5184,5021
69.5,5193,5027
69.6,5198,5033
69.7,5207,5039
69.8,5212,5043
69.9,5217,5048
70.0,5218,5054
70.1,5225,5062
70.2,5232,5066
70.3,5238,5070
70.4,5243,5080
70.5,5250,5084
70.6,5254,5090
70.7,5260,5097
70.8,5267,5099
70.9,5274,5101
71.0,5278,5103
71.1,5284,5111
71.2,5288,5118
71.3,5291,5128
71.4,5303,5132
71.5,5307,5137
71.6,5311,5144
71.7,5321,5148
71.8,5327,5150
71.9,5328,5156
72.0,5337,5159
72.1,5346,5163
72.2,5353,5165
72.3,5354,5169
72.4,5355,5176
72.5,5360,5188
72.6,5365,5191
72.7,5370,5194
72.8,5376,5200
72.9,5376,5208
73.0,5382,5216
73.1,5386,5222
73.2,5391,5225
73.3,5401,5231
73.4,5406,5235
73.5,5409,5241
73.6,5413,5244
73.7,5418,5248
73.8,5426,5251
73.9,5428,5259
74.0,5433,5262
74.1,5441,5269
74.2,5442,5276
74.3,5450,5285
74.4,5456,5289
74.5,5461,5297
74.6,5466,5305
74.7,5469,5309
74.8,5476,5315
74.9,5483,5316
75.0,5491,5323
75.1,5499,5326
75.2,5508,5330
75.3,5511,5335
75.4,5513,5338
75.5,5520,5343
75.6,5523,5353
75.7,5527,5356
75.8,5531,5361
75.9,5537,5366
76.0,5543,5370
76.1,5547,5376
76.2,5552,5380
76.3,5559,5385
76.4,5562,5389
76.5,5569,5395
76.6,5574,5404
76.7,5579,5408
76.8,5585,5412
76.9,5588,5418
77.0,5594,5423
77.1,5599,5424
77.2,5606,5422
77.3,5613,5425
77.4,5616,5427
77.5,5622,5436
77.6,5630,5439
77.7,5635,5442
77.8,5641,5445
77.9,5645,5453
78.0,5648,5456
78.1,5655,5457
78.2,5655,5461
78.3,5658,5467
78.4,5665,5471
78.5,5673,5479
78.6,5677,5482
78.7,5683,5483
78.8,5685,5489
78.9,5693,5493
79.0,5700,5499
79.1,5703,5510
79.2,5706,5516
79.3,5711,5516
79.4,5719,5522
79.5,5727,5525
79.6,5731,5535
79.7,5739,5541
79.8,5745,5549
79.9,5746,5557
80.0,5753,5563
80.1,5758,5569
80.2,5765,5570
80.3,5768,5577
80.4,5772,5582
80.5,5777,5587
80.6,5786,5594
80.7,5791,5596
80.8,5801,5601
80.9,5808,5606
81.0,5815,5608
81.1,5816,5614
81.2,5824,5617
81.3,5830,5621
81.4,5831,5625
81.5,5837,5627
81.6,5840,5630
81.7,5844,5631
81.8,5852,5635
81.9,5858,5644
82.0,5861,5649
82.1,5869,5653
82.2,5875,5659
82.3,5880,5669
82.4,5885,5673
82.5,5889,5675
82.6,5890,5681
82.7,5894,5687
82.8,5903,5689
82.9,5910,5690
83.0,5919,5693
83.1,5924,5695
83.2,5927,5693
83.3,5928,5695
83.4,5934,5702
83.5,5935,5705
83.6,5938,5709
83.7,5946,5713
83.8,5954,5720
83.9,5954,5729
84.0,5963,5734
84.1,5966,5735
84.2,5974,5740
84.3,5976,5744
84.4,5984,5750
84.5,5984,5760
84.6,5989,5767
84.7,5993,5770
84.8,5998,5775
84.9,6005,5775
85.0,6011,5780
85.1,6015,5783
85.2,6021,5788
85.3,6026,5790
85.4,6030,5793
85.5,6032,5794
85.6,6035,5797
85.7,6038,5801
85.8,6041,5807
85.9,6047,5810
86.0,6048,5817
86.1,6056,5823
86.2,6063,5825
86.3,6070,5828
86.4,6076,5824
86.5,6078,5828
86.6,6086,5831
86.7,6088,5835
86.8,6091,5832
86.9,6093,5836
87.0,6097,5840
87.1,6103,5840
87.2,6105,5841
87.3,6110,5842
87.4,6113,5845
87.5,6114,5848
87.6,6117,5851
87.7,6121,5856
87.8,6122,5861
87.9,6124,5868
88.0,6126,5874
88.1,6131,5881
88.2,6136,5887
88.3,6137,5892
88.4,6139,5896
88.5,6140,5898
88.6,6145,5903
88.7,6151,5905
88.8,6153,5908
88.9,6155,5912
89.0,6162,5919
89.1,6164,5917
89.2,6163,5921
89.3,6160,5925
89.4,6165,5931
89.5,6170,5932
89.6,6169,5934
89.7,6173,5939
89.8,6181,5943
89.9,6187,5946
90.0,6189,5950
90.1,6188,5954
90.2,6195,5955
90.3,6194,5960
90.4,6196,5964
90.5,6196,5968
90.6,6201,5976
90.7,6205,5980
90.8,6207,5979
90.9,6217,5979
91.0,6228,5985
91.1,6236,5985
91.2,6244,5989
91.3,6250,5998
91.4,6254,6002
91.5,6255,6003
91.6,6257,6006
91.7,6265,6011
91.8,6272,6015
91.9,6278,6020
92.0,6280,6022
92.1,6284,6023
92.2,6290,6025
92.3,6293,6026
92.4,6297,6030
92.5,6300,6033
92.6,6301,6037
92.7,6305,6042
92.8,6304,6046
92.9,6309,6047
93.0,6310,6048
93.1,6313,6048
93.2,6318,6052
93.3,6322,6053
93.4,6325,6056
93.5,6327,6058
93.6,6331,6061
93.7,6335,6067
93.8,6339,6070
93.9,6341,6073
94.0,6342,6074
94.1,6348,6078
94.2,6354,6078
94.3,6360,6084
94.4,6363,6088
94.5,6364,6093
94.6,6365,6092
94.7,6368,6103
94.8,6369,6109
94.9,6371,6114
95.0,6373,6113
95.1,6377,6116
95.2,6380,6121
95.3,6378,6126
95.4,6381,6131
95.5,6383,6135
95.6,6384,6140
95.7,6391,6146
95.8,6392,6146
95.9,6394,6150
96.0,6398,6148
96.1,6405,6148
96.2,6410,6153
96.3,6414,6155
96.4,6417,6160
96.5,6421,6162
96.6,6424,6169
96.7,6430,6172
96.8,6434,6172
96.9,6438,6173
97.0,6441,6175
97.1,6442,6175
97.2,6448,6179
97.3,6449,6187
97.4,6455,6191
97.5,6460,6194
97.6,6465,6197
97.7,6466,6199
97.8,6469,6200
97.9,6468,6204
98.0,6475,6211
98.1,6480,6215
98.2,6484,6221
98.3,6487,6226
98.4,6493,6230
98.5,6498,6233
98.6,6500,6233
98.7,6503,6236
98.8,6507,6238
98.9,6510,6238
99.0,6514,6240
99.1,6517,6243
99.2,6524,6244
99.3,6527,6248
99.4,6532,6249
99.5,6538,6254
99.6,6539,6260
99.7,6547,6264
99.8,6551,6266
99.9,6553,6265
100.0,6557,6263
100.1,6557,6266
100.2,6558,6267
100.3,6564,6272
100.4,6565,6274
100.5,6568,6271
100.6,6569,6273
100.7,6568,6275
100.8,6570,6282
100.9,6571,6281
101.0,6574,6283
101.1,6574,6281
101.2,6575,6279
101.3,6580,6284
101.4,6582,6280
101.5,6587,6283
101.6,6591,6287
101.7,6593,6287
101.8,6600,6288
101.9,6602,6285
102.0,6606,6287
102.1,6606,6291
102.2,6609,6288
102.3,6613,6293
102.4,6618,6294
102.5,6624,6297
102.6,6628,6300
102.7,6629,6305
102.8,6629,6303
102.9,6632,6307
103.0,6636,6309
103.1,6638,6311
103.2,6642,6312
103.3,6647,6313
103.4,6654,6314
103.5,6658,6315
103.6,6660,6314
103.7,6661,6318
103.8,6660,6319
103.9,6668,6321
104.0,6670,6323
104.1,6669,6320
104.2,6673,6324
104.3,6677,6327
104.4,6679,6329
104.5,6686,6328
104.6,6692,6328
104.7,6692,6331
104.8,6693,6335
104.9,6699,6338
105.0,6701,6339
105.1,6706,6344
105.2,6716,6341
105.3,6719,6341
105.4,6720,6348
105.5,6723,6354
105.6,6726,6354
105.7,6731,6355
105.8,6738,6357
105.9,6738,6358
106.0,6745,6357
106.1,6750,6360
106.2,6756,6362
106.3,6759,6362
106.4,6761,6363
106.5,6765,6367
106.6,6768,6373
106.7,6772,6373
106.8,6777,6373
106.9,6782,6371
107.0,6781,6373
107.1,6785,6373
107.2,6790,6374
107.3,6801,6379
107.4,6808,6381
107.5,6812,6383
107.6,6816,6381
107.7,6823,6377
107.8,6823,6376
107.9,6825,6380
108.0,6827,6380
108.1,6827,6377
108.2,6825,6381
108.3,6828,6381
108.4,6833,6384
108.5,6834,6384
108.6,6839,6389
108.7,6841,6393
108.8,6847,6397
108.9,6850,6400
109.0,6855,6400
109.1,6859,6401
109.2,6859,6403
109.3,6861,6402
109.4,6866,6406
109.5,6871,6406
109.6,6871,6410
109.7,6872,6415
109.8,6874,6417
109.9,6876,6419
110.0,6882,6422
110.1,6883,6427
110.2,6888,6429
110.3,6889,6429
110.4,6890,6428
110.5,6895,6429
110.6,6897,6431
110.7,6901,6429
110.8,6905,6430
110.9,6906,6431
111.0,6904,6435
111.1,6907,6438
111.2,6909,6441
111.3,6913,6438
111.4,6916,6444
111.5,6919,6446
111.6,6924,6450
111.7,6928,6447
111.8,6933,6451
111.9,6938,6449
112.0,6941,6449
112.1,6945,6449
112.2,6951,6451
112.3,6952,6450
112.4,6954,6452
112.5,6955,6452
112.6,6960,6453
112.7,6960,6457
112.8,6970,6457
112.9,6971,6457
113.0,6977,6455
113.1,6982,6456
113.2,6989,6457
113.3,6991,6457
113.4,6995,6458
113.5,6996,6454
113.6,7000,6454
113.7,7008,6455
113.8,7016,6456
113.9,7021,6457
114.0,7025,6460
114.1,7027,6461
114.2,7034,6459
114.3,7036,6462
114.4,7040,6464
114.5,7043,6467
114.6,7046,6467
114.7,7045,6466
114.8,7048,6471
114.9,7051,6478
115.0,7052,6479
115.1,7058,6479
115.2,7060,6481
115.3,7065,6483
115.4,7073,6485
115.5,7080,6483
115.6,7081,6484
115.7,7084,6486
115.8,7087,6489
115.9,7089,6490
116.0,7089,6491
116.1,7094,6495
116.2,7101,6494
116.3,7102,6495
116.4,7105,6494
116.5,7109,6493
116.6,7114,6498
116.7,7118,6501
116.8,7120,6500
116.9,7119,6504
117.0,7128,6499
117.1,7129,6499
117.2,7130,6499
117.3,7135,6499
117.4,7140,6496
117.5,7142,6501
117.6,7144,6498
117.7,7146,6499
117.8,7143,6501
117.9,7148,6501
118.0,7151,6501
118.1,7154,6499
118.2,7156,6501
118.3,7161,6503
118.4,7162,6505
118.5,7167,6509
118.6,7172,6510
118.7,7175,6512
118.8,7181,6507
118.9,7182,6508
119.0,7188,6505
119.1,7188,6501
119.2,7194,6503
119.3,7196,6510
119.4,7204,6513
119.5,7208,6513
119.6,7213,6512
119.7,7219,6511
119.8,7224,6511
119.9,7228,6515
120.0,7233,6515
120.1,7235,6514
120.2,7236,6517
120.3,7240,6515
120.4,7247,6514
120.5,7254,6515
120.6,7259,6516
120.7,7260,6516
120.8,7262,6514
120.9,7266,6512
121.0,7266,6511
121.1,7266,6512
121.2,7271,6513
121.3,7274,6515
121.4,7279,6519
121.5,7281,6520
121.6,7283,6519
121.7,7286,6521
121.8,7288,6519
121.9,7295,6520
122.0,7299,6522
122.1,7305,6525
122.2,7306,6525
122.3,7312,6526
122.4,7318,6530
122.5,7318,6530
122.6,7319,6529
122.7,7322,6530
122.8,7326,6528
122.9,7329,6528
123.0,7330,6529
123.1,7329,6529
123.2,7332,6534
123.3,7335,6534
123.4,7340,6532
123.5,7343,6538
123.6,7349,6539
123.7,7355,6536
123.8,7361,6535
123.9,7365,6535
124.0,7369,6534
124.1,7368,6528
124.2,7366,6529
124.3,7367,6525
124.4,7373,6526
124.5,7374,6523
124.6,7379,6523
124.7,7379,6523
124.8,7378,6527
124.9,7380,6528
125.0,7381,6525
125.1,7383,6523
125.2,7381,6525
125.3,7383,6522
125.4,7387,6521
125.5,7389,6517
125.6,7392,6511
125.7,7392,6514
125.8,7396,6510
125.9,7396,6510
126.0,7401,6510
126.1,7404,6512
126.2,7410,6509
126.3,7412,6512
126.4,7416,6509
126.5,7414,6512
126.6,7416,6512
126.7,7418,6514
126.8,7423,6517
126.9,7422,6516
127.0,7427,6516
127.1,7430,6520
127.2,7433,6517
127.3,7440,6519
127.4,7443,6521
127.5,7447,6521
127.6,7452,6521
127.7,7457,6527
127.8,7459,6521
127.9,7466,6523
128.0,7467,6524
128.1,7466,6527
128.2,7463,6529
128.3,7469,6528
128.4,7473,6530
128.5,7472,6529
128.6,7479,6530
128.7,7488,6531
128.8,7490,6531
128.9,7491,6526
129.0,7494,6530
129.1,7495,6528
129.2,7497,6531
129.3,7503,6530
129.4,7508,6534
129.5,7511,6534
129.6,7516,6532
129.7,7520,6534
129.8,7528,6537
129.9,7532,6535
130.0,7537,6536
130.1,7545,6537
130.2,7548,6536
130.3,7551,6538
130.4,7551,6538
130.5,7551,6535
130.6,7556,6534
130.7,7558,6535
130.8,7559,6535
130.9,7561,6534
131.0,7562,6538
131.1,7566,6540
131.2,7566,6539
131.3,7571,6542
131.4,7572,6544
131.5,7579,6546
131.6,7582,6545
131.7,7581,6545
131.8,7584,6545
131.9,7586,6547
132.0,7592,6545
132.1,7595,6545
132.2,7598,6544
132.3,7602,6547
132.4,7604,6547
132.5,7610,6545
132.6,7615,6546
132.7,7616,6547
132.8,7618,6549
132.9,7622,6549
133.0,7626,6550
133.1,7631,6546
133.2,7633,6548
133.3,7636,6552
133.4,7638,6552
133.5,7641,6549
133.6,7650,6547
133.7,7653,6542
133.8,7657,6541
133.9,7662,6542
134.0,7669,6542
134.1,7673,6542
134.2,7677,6541
134.3,7679,6545
134.4,7684,6543
134.5,7687,6544
134.6,7687,6546
134.7,7688,6548
134.8,7694,6547
134.9,7699,6550
135.0,7701,6552
135.1,7708,6556
135.2,7709,6551
135.3,7711,6549
135.4,7717,6548
135.5,7724,6546
135.6,7725,6547
135.7,7725,6553
135.8,7726,6555
135.9,7730,6560
136.0,7738,6561
136.1,7742,6564
136.2,7745,6568
136.3,7745,6567
136.4,7744,6569
136.5,7751,6571
136.6,7753,6572
136.7,7760,6573
136.8,7761,6575
136.9,7759,6576
137.0,7762,6576
137.1,7763,6583
137.2,7769,6587
137.3,7775,6586
137.4,7778,6587
137.5,7781,6590
137.6,7784,6595
137.7,7787,6597
137.8,7793,6599
137.9,7793,6602
138.0,7794,6608
138.1,7802,6607
138.2,7808,6608
138.3,7806,6611
138.4,7812,6617
138.5,7816,6616
138.6,7822,6618
138.7,7826,6621
138.8,7827,6624
138.9,7830,6622
139.0,7835,6619
139.1,7836,6622
139.2,7837,6626
139.3,7837,6628
139.4,7842,6628
139.5,7844,6629
139.6,7844,6629
139.7,7846,6628
139.8,7851,6631
139.9,7854,6634
140.0,7861,6634
140.1,7870,6633
140.2,7873,6637
140.3,7874,6639
140.4,7876,6641
140.5,7884,6640
140.6,7885,6640
140.7,7886,6640
140.8,7886,6645
140.9,7889,6649
141.0,7894,6647
141.1,7898,6651
141.2,7900,6653
141.3,7903,6651
141.4,7905,6654
141.5,7909,6657
141.6,7909,6657
141.7,7915,6655
141.8,7918,6653
141.9,7922,6658
142.0,7929,6657
142.1,7932,6654
142.2,7936,6654
142.3,7945,6652
142.4,7945,6652
142.5,7951,6650
142.6,7957,6650
142.7,7962,6650
142.8,7963,6653
142.9,7966,6655
143.0,7970,6662
143.1,7979,6665
143.2,7985,6666
143.3,7993,6664
143.4,7993,6669
143.5,7997,6673
143.6,8001,6677
143.7,8008,6678
143.8,8011,6681
143.9,8018,6678
144.0,8022,6680
144.1,8026,6680
144.2,8030,6685
144.3,8031,6693
144.4,8036,6697
144.5,8041,6703
144.6,8041,6705
144.7,8047,6705
144.8,8045,6707
144.9,8044,6706
145.0,8045,6705
145.1,8047,6707
145.2,8046,6707
145.3,8050,6703
145.4,8053,6710
145.5,8057,6713
145.6,8062,6716
145.7,8066,6723
145.8,8064,6725
145.9,8066,6728
146.0,8069,6732
146.1,8073,6728
146.2,8073,6729
146.3,8073,6730
146.4,8079,6728
146.5,8080,6731
146.6,8082,6734
146.7,8090,6738
146.8,8092,6741
146.9,8096,6743
147.0,8096,6747
147.1,8103,6747
147.2,8104,6751
147.3,8109,6754
147.4,8109,6758
147.5,8110,6755
147.6,8112,6759
147.7,8117,6763
147.8,8122,6770
147.9,8122,6769
148.0,8128,6773
148.1,8130,6774
148.2,8133,6776
148.3,8134,6776
148.4,8137,6778
148.5,8138,6780
148.6,8142,6790
148.7,8142,6792
148.8,8140,6795
148.9,8145,6800
149.0,8148,6801
149.1,8153,6806
149.2,8152,6807
149.3,8154,6808
149.4,8155,6815
149.5,8160,6819
149.6,8162,6825
149.7,8165,6826
149.8,8164,6831
149.9,8165,6829
150.0,8170,6829
150.1,8173,6834
150.2,8171,6836
150.3,8174,6843
150.4,8178,6848
150.5,8184,6852
150.6,8189,6852
150.7,8192,6854
150.8,8194,6860
150.9,8200,6863
151.0,8204,6865
151.1,8208,6864
151.2,8212,6868
151.3,8214,6868
151.4,8215,6875
151.5,8213,6876
151.6,8215,6881
151.7,8220,6882
151.8,8224,6880
151.9,8226,6880
152.0,8231,6882
152.1,8240,6884
152.2,8244,6887
152.3,8253,6890
152.4,8252,6888
152.5,8257,6893
152.6,8260,6897
152.7,8266,6904
152.8,8267,6907
152.9,8267,6912
153.0,8270,6912
153.1,8276,6916
153.2,8279,6920
153.3,8277,6920
153.4,8280,6923
153.5,8288,6931
153.6,8294,6934
153.7,8296,6938
153.8,8297,6936
153.9,8297,6937
154.0,8306,6940
154.1,8309,6943
154.2,8311,6950
154.3,8316,6957
154.4,8317,6958
154.5,8325,6958
154.6,8328,6962
154.7,8330,6961
154.8,8333,6967
154.9,8338,6969
155.0,8347,6976
155.1,8353,6979
155.2,8360,6983
155.3,8363,6984
155.4,8369,6989
155.5,8374,6995
155.6,8376,6999
155.7,8381,7000
155.8,8384,7003
155.9,8389,7005
156.0,8389,7001
156.1,8394,7008
156.2,8403,7014
156.3,8405,7014
156.4,8411,7018
156.5,8413,7020
156.6,8417,7020
156.7,8422,7028
156.8,8425,7030
156.9,8427,7036
157.0,8429,7037
157.1,8433,7040
157.2,8437,7044
157.3,8439,7044
157.4,8442,7044
157.5,8444,7050
157.6,8447,7054
157.7,8452,7056
157.8,8455,7064
157.9,8460,7067
158.0,8464,7069
158.1,8469,7072
158.2,8475,7075
158.3,8479,7083
158.4,8482,7088
158.5,8484,7097
158.6,8485,7100
158.7,8488,7103
158.8,8488,7105
158.9,8494,7109
159.0,8501,7111
159.1,8505,7118
159.2,8508,7122
159.3,8514,7125
159.4,8516,7129
159.5,8521,7130
159.6,8524,7136
159.7,8534,7139
159.8,8544,7145
159.9,8547,7148
160.0,8549,7155
160.1,8557,7157
160.2,8560,7163
160.3,8565,7163
160.4,8568,7166
160.5,8573,7171
160.6,8578,7179
160.7,8579,7182
160.8,8582,7185
160.9,8588,7192
161.0,8594,7195
161.1,8597,7198
161.2,8608,7204
161.3,8613,7203
161.4,8617,7206
161.5,8617,7216
161.6,8617,7220
161.7,8625,7223
161.8,8632,7232
161.9,8636,7234
162.0,8642,7238
162.1,8645,7243
162.2,8647,7249
162.3,8653,7258
162.4,8653,7257
162.5,8656,7260
162.6,8662,7265
162.7,8661,7267
162.8,8668,7266
162.9,8673,7267
163.0,8676,7272
163.1,8685,7276
163.2,8688,7279
163.3,8693,7283
163.4,8696,7287
163.5,8701,7290
163.6,8703,7294
163.7,8707,7296
163.8,8710,7299
163.9,8713,7304
164.0,8719,7305
164.1,8726,7309
164.2,8731,7312
164.3,8738,7313
164.4,8742,7313
164.5,8749,7318
164.6,8756,7319
164.7,8761,7320
164.8,8762,7327
164.9,8770,7335
165.0,8776,7337
165.1,8777,7339
165.2,8783,7343
165.3,8788,7345
165.4,8789,7351
165.5,8793,7354
165.6,8796,7359
165.7,8798,7364
165.8,8800,7371
165.9,8801,7376
166.0,8806,7382
166.1,8807,7387
166.2,8808,7393
166.3,8811,7399
166.4,8815,7406
166.5,8822,7407
166.6,8828,7418
166.7,8835,7420
166.8,8835,7424
166.9,8838,7425
167.0,8846,7430
167.1,8852,7432
167.2,8859,7435
167.3,8860,7441
167.4,8863,7446
167.5,8867,7450
167.6,8874,7457
167.7,8877,7461
167.8,8881,7466
167.9,8889,7466
168.0,8896,7472
168.1,8901,7480
168.2,8903,7484
168.3,8910,7486
168.4,8911,7489
168.5,8916,7498
168.6,8924,7501
168.7,8931,7504
168.8,8934,7511
168.9,8942,7517
169.0,8950,7523
169.1,8955,7527
169.2,8960,7532
169.3,8964,7538
169.4,8970,7542
169.5,8973,7544
169.6,8977,7546
169.7,8981,7547
169.8,8986,7549
169.9,8990,7554
170.0,8994,7561
170.1,9002,7560
170.2,9007,7562
170.3,9008,7569
170.4,9018,7570
170.5,9021,7576
170.6,9026,7578
170.7,9032,7580
170.8,9038,7587
170.9,9039,7590
171.0,9039,7599
171.1,9046,7606
171.2,9051,7612
171.3,9060,7612
171.4,9068,7616
171.5,9074,7621
171.6,9079,7632
171.7,9081,7642
171.8,9085,7647
171.9,9091,7648
172.0,9093,7651
172.1,9098,7654
172.2,9102,7661
172.3,9110,7668
172.4,9114,7672
172.5,9120,7676
172.6,9124,7682
172.7,9129,7685
172.8,9138,7692
172.9,9140,7700
173.0,9144,7700
173.1,9146,7709
173.2,9146,7713
173.3,9151,7719
173.4,9152,7719
173.5,9156,7727
173.6,9160,7731
173.7,9162,7733
173.8,9167,7738
173.9,9171,7745
174.0,9175,7749
174.1,9185,7755
174.2,9188,7759
174.3,9193,7763
174.4,9196,7763
174.5,9199,7769
174.6,9206,7773
174.7,9209,7776
174.8,9211,7781
174.9,9213,7784
175.0,9218,7793
175.1,9221,7799
175.2,9229,7808
175.3,9239,7810
175.4,9246,7809
175.5,9254,7813
175.6,9259,7817
175.7,9265,7822
175.8,9266,7823
175.9,9266,7829
176.0,9273,7838
176.1,9277,7842
176.2,9281,7851
176.3,9282,7855
176.4,9283,7860
176.5,9286,7863
176.6,9294,7864
176.7,9295,7863
176.8,9297,7864
176.9,9298,7868
177.0,9302,7875
177.1,9305,7875
177.2,9313,7876
177.3,9315,7877
177.4,9322,7882
177.5,9327,7889
177.6,9328,7895
177.7,9336,7898
177.8,9344,7904
177.9,9348,7904
178.0,9357,7913
178.1,9364,7914
178.2,9365,7912
178.3,9370,7914
178.4,9379,7919
178.5,9388,7924
178.6,9394,7925
178.7,9401,7930
178.8,9407,7935
178.9,9410,7941
179.0,9417,7945
179.1,9420,7955
179.2,9422,7962
179.3,9430,7970
179.4,9429,7976
179.5,9432,7982
179.6,9437,7989
179.7,9442,7993
179.8,9446,8001
179.9,9453,8005
180.0,9462,8015
180.1,9467,8018
180.2,9475,8024
180.3,9481,8030
180.4,9485,8038
180.5,9490,8037
180.6,9495,8044
180.7,9501,8051
180.8,9506,8053
180.9,9513,8061
181.0,9516,8068
181.1,9522,8069
181.2,9529,8072
181.3,9535,8070
181.4,9544,8074
181.5,9550,8078
181.6,9553,8084
181.7,9555,8090
181.8,9563,8095
181.9,9565,8103
182.0,9568,8108
182.1,9574,8113
182.2,9575,8120
182.3,9578,8125
182.4,9587,8133
182.5,9592,8138
182.6,9601,8144
182.7,9603,8148
182.8,9608,8153
182.9,9613,8156
183.0,9618,8158
183.1,9624,8162
183.2,9627,8169
183.3,9631,8175
183.4,9638,8181
183.5,9642,8187
183.6,9646,8192
183.7,9651,8196
183.8,9654,8200
183.9,9664,8204
184.0,9672,8207
184.1,9677,8212
184.2,9680,8218
184.3,9688,8225
184.4,9691,8231
184.5,9698,8237
184.6,9702,8242
184.7,9706,8250
184.8,9716,8253
184.9,9723,8261
185.0,9726,8264
185.1,9730,8268
185.2,9735,8271
185.3,9735,8278
185.4,9740,8289
185.5,9744,8291
185.6,9749,8298
185.7,9754,8301
185.8,9761,8307
185.9,9767,8312
186.0,9772,8318
186.1,9777,8322
186.2,9781,8326
186.3,9787,8331
186.4,9797,8336
186.5,9804,8342
186.6,9805,8349
186.7,9811,8355
186.8,9818,8359
186.9,9824,8369
187.0,9826,8372
187.1,9832,8377
187.2,9835,8380
187.3,9837,8384
187.4,9842,8387
187.5,9851,8390
187.6,9857,8399
187.7,9866,8403
187.8,9873,8408
187.9,9879,8416
188.0,9884,8421
188.1,9894,8429
188.2,9899,8435
188.3,9906,8441
188.4,9910,8442
188.5,9916,8445
188.6,9922,8455
188.7,9931,8466
188.8,9935,8471
188.9,9935,8479
189.0,9944,8488
189.1,9951,8496
189.2,9957,8506
189.3,9962,8510
189.4,9964,8515
189.5,9973,8522
189.6,9977,8531
189.7,9986,8533
189.8,9988,8543
189.9,9994,8546
190.0,10001,8552
190.1,10005,8562
190.2,10008,8563
190.3,10017,8566
190.4,10021,8573
190.5,10029,8578
190.6,10035,8585
190.7,10045,8594
190.8,10050,8602
190.9,10058,8608
191.0,10066,8612
191.1,10076,8613
191.2,10077,8618
191.3,10082,8626
191.4,10089,8628
191.5,10098,8633
191.6,10105,8639
191.7,10113,8645
191.8,10117,8646
191.9,10126,8650
192.0,10133,8653
192.1,10138,8658
192.2,10147,8668
192.3,10149,8673
192.4,10157,8680
192.5,10163,8683
192.6,10172,8692
192.7,10177,8698
192.8,10183,8708
192.9,10192,8714
193.0,10199,8724
193.1,10204,8727
193.2,10206,8735
193.3,10211,8746
193.4,10223,8749
193.5,10228,8755
193.6,10234,8761
193.7,10240,8765
193.8,10247,8771
193.9,10256,8776
194.0,10261,8785
194.1,10273,8791
194.2,10277,8798
194.3,10286,8807
194.4,10293,8814
194.5,10299,8821
194.6,10303,8830
194.7,10310,8834
194.8,10316,8838
194.9,10321,8846
195.0,10327,8853
195.1,10328,8858
195.2,10332,8866
195.3,10335,8871
195.4,10342,8878
195.5,10347,8889
195.6,10357,8896
195.7,10364,8903
195.8,10373,8913
195.9,10382,8920
196.0,10388,8923
196.1,10390,8933
196.2,10395,8939
196.3,10403,8950
196.4,10410,8959
196.5,10417,8962
196.6,10422,8970
196.7,10431,8977
196.8,10435,8980
196.9,10444,8988
197.0,10454,8999
197.1,10458,9007
197.2,10465,9010
197.3,10476,9017
197.4,10486,9025
197.5,10488,9031
197.6,10497,9035
197.7,10502,9042
197.8,10507,9053
197.9,10511,9063
198.0,10516,9071
198.1,10517,9078
198.2,10526,9082
198.3,10535,9097
198.4,10540,9105
198.5,10546,9113
198.6,10555,9120
198.7,10558,9130
198.8,10564,9134
198.9,10572,9140
199.0,10572,9146
199.1,10580,9153
199.2,10588,9161
199.3,10591,9168
199.4,10600,9174
199.5,10608,9180
199.6,10618,9189
199.7,10627,9193
199.8,10632,9202
199.9,10641,9207
200.0,10651,9212
200.1,10658,9220
200.2,10662,9225
200.3,10667,9231
200.4,10670,9240
200.5,10676,9247
200.6,10682,9252
200.7,10691,9257
200.8,10694,9263
200.9,10700,9269
201.0,10700,9275
201.1,10706,9282
201.2,10716,9286
201.3,10720,9298
201.4,10728,9309
201.5,10734,9317
201.6,10742,9327
201.7,10749,9331
201.8,10759,9336
201.9,10762,9343
202.0,10765,9349
202.1,10776,9353
202.2,10787,9361
202.3,10796,9372
202.4,10804,9379
202.5,10810,9387
202.6,10815,9391
202.7,10817,9394
202.8,10827,9402
202.9,10835,9410
203.0,10838,9419
203.1,10845,9423
203.2,10852,9427
203.3,10858,9436
203.4,10868,9440
203.5,10873,9447
203.6,10878,9455
203.7,10885,9462
203.8,10894,9468
203.9,10901,9480
204.0,10911,9488
204.1,10918,9496
204.2,10926,9504
204.3,10929,9514
204.4,10940,9520
204.5,10946,9529
204.6,10953,9538
204.7,10961,9543
204.8,10968,9547
204.9,10978,9554
205.0,10981,9562
205.1,10988,9571
205.2,10997,9582
205.3,11009,9590
205.4,11012,9596
205.5,11016,9605
205.6,11021,9609
205.7,11030,9609
205.8,11037,9616
205.9,11044,9624
206.0,11049,9631
206.1,11053,9634
206.2,11059,9639
206.3,11060,9645
206.4,11066,9650
206.5,11078,9658
206.6,11083,9663
206.7,11092,9665
206.8,11100,9674
206.9,11107,9681
207.0,11109,9689
207.1,11116,9699
207.2,11121,9702
207.3,11130,9706
207.4,11137,9712
207.5,11144,9724
207.6,11150,9730
207.7,11155,9739
207.8,11161,9747
207.9,11166,9754
208.0,11178,9763
208.1,11186,9771
208.2,11198,9778
208.3,11206,9790
208.4,11214,9796
208.5,11221,9802
208.6,11229,9807
208.7,11236,9820
208.8,11240,9829
208.9,11243,9839
209.0,11253,9841
209.1,11256,9846
209.2,11254,9855
209.3,11260,9861
209.4,11263,9867
209.5,11270,9879
209.6,11276,9882
209.7,11281,9888
209.8,11286,9894
209.9,11291,9900
210.0,11298,9910
210.1,11304,9917
210.2,11311,9924
210.3,11319,9933
210.4,11327,9940
210.5,11331,9948
210.6,11335,9951
210.7,11340,9960
210.8,11349,9969
210.9,11361,9978
211.0,11369,9981
211.1,11380,9986
211.2,11392,9992
211.3,11401,10001
211.4,11406,10010
211.5,11414,10014
211.6,11418,10023
211.7,11426,10030
211.8,11435,10039
211.9,11444,10050
212.0,11452,10056
212.1,11462,10064
212.2,11471,10075
212.3,11481,10081
212.4,11485,10087
212.5,11498,10099
212.6,11507,10108
212.7,11512,10114
212.8,11522,10122
212.9,11528,10127
213.0,11539,10136
213.1,11548,10144
213.2,11559,10159
213.3,11564,10165
213.4,11571,10169
213.5,11580,10176
213.6,11587,10186
213.7,11594,10197
213.8,11601,10205
213.9,11607,10212
214.0,11614,10215
214.1,11621,10221
214.2,11627,10229
214.3,11634,10236
214.4,11644,10237
214.5,11653,10241
214.6,11658,10247
214.7,11663,10253
214.8,11668,10263
214.9,11676,10271
215.0,11682,10285
215.1,11685,10289
215.2,11692,10292
215.3,11696,10299
215.4,11705,10307
215.5,11715,10315
215.6,11724,10323
215.7,11736,10334
215.8,11743,10343
215.9,11752,10347
216.0,11759,10356
216.1,11768,10363
216.2,11778,10371
216.3,11784,10375
216.4,11794,10384
216.5,11798,10390
216.6,11805,10395
216.7,11813,10400
216.8,11822,10408
216.9,11832,10418
217.0,11841,10426
217.1,11854,10433
217.2,11861,10441
217.3,11867,10450
217.4,11875,10461
217.5,11884,10468
217.6,11891,10475
217.7,11900,10485
217.8,11908,10491
217.9,11912,10495
218.0,11917,10501
218.1,11923,10513
218.2,11929,10517
218.3,11935,10522
218.4,11936,10530
218.5,11944,10538
218.6,11946,10546
218.7,11949,10556
218.8,11954,10565
218.9,11961,10567
219.0,11966,10575
219.1,11976,10582
219.2,11981,10587
219.3,11988,10594
219.4,11994,10599
219.5,12006,10604
219.6,12012,10609
219.7,12020,10615
219.8,12032,10623
219.9,12038,10632
220.0,12047,10641
220.1,12052,10648
220.2,12063,10655
220.3,12070,10665
220.4,12082,10673
220.5,12094,10681
220.6,12103,10689
220.7,12111,10699
220.8,12121,10709
220.9,12130,10717
221.0,12140,10726
221.1,12151,10735
221.2,12154,10741
221.3,12165,10750
221.4,12177,10763
221.5,12186,10772
221.6,12199,10778
221.7,12207,10785
221.8,12215,10793
221.9,12217,10800
222.0,12226,10810
222.1,12231,10818
222.2,12241,10825
222.3,12246,10836
222.4,12252,10845
222.5,12258,10852
222.6,12262,10866
222.7,12271,10875
222.8,12277,10881
222.9,12281,10889
223.0,12290,10898
223.1,12298,10910
223.2,12300,10913
223.3,12306,10923
223.4,12317,10937
223.5,12324,10941
223.6,12334,10953
223.7,12343,10960
223.8,12354,10972
223.9,12358,10979
224.0,12370,10985
224.1,12379,10994
224.2,12386,10998
224.3,12397,11003
224.4,12404,11014
224.5,12407,11018
224.6,12418,11025
224.7,12422,11034
224.8,12427,11042
224.9,12435,11051
225.0,12440,11058
225.1,12444,11065
225.2,12453,11075
225.3,12461,11081
225.4,12466,11093
225.5,12476,11101
225.6,12487,11115
225.7,12500,11121
225.8,12505,11129
225.9,12510,11134
226.0,12519,11137
226.1,12526,11144
226.2,12533,11149
226.3,12537,11156
226.4,12548,11162
226.5,12550,11164
226.6,12562,11172
226.7,12573,11182
226.8,12581,11192
226.9,12590,11198
227.0,12601,11204
227.1,12612,11210
227.2,12617,11216
227.3,12625,11224
227.4,12634,11233
227.5,12647,11237
227.6,12656,11247
227.7,12662,11255
227.8,12670,11264
227.9,12678,11271
228.0,12682,11276
228.1,12690,11287
228.2,12699,11295
228.3,12704,11304
228.4,12714,11317
228.5,12714,11321
228.6,12719,11329
228.7,12725,11334
228.8,12730,11340
228.9,12738,11352
229.0,12746,11356
229.1,12753,11366
229.2,12761,11375
229.3,12764,11381
229.4,12765,11387
229.5,12772,11395
229.6,12780,11403
229.7,12783,11417
229.8,12793,11423
229.9,12801,11432
230.0,12810,11441
230.1,12819,11447
230.2,12831,11451
230.3,12841,11459
230.4,12849,11463
230.5,12860,11475
230.6,12867,11482
230.7,12873,11491
230.8,12879,11499
230.9,12887,11507
231.0,12894,11513
231.1,12901,11524
231.2,12909,11529
231.3,12918,11537
231.4,12927,11549
231.5,12934,11558
231.6,12942,11565
231.7,12952,11571
231.8,12960,11576
231.9,12966,11583
232.0,12975,11589
232.1,12988,11601
232.2,12997,11607
232.3,13003,11616
232.4,13013,11628
232.5,13021,11631
232.6,13030,11641
232.7,13038,11648
232.8,13046,11654
232.9,13056,11662
233.0,13066,11669
233.1,13074,11678
233.2,13081,11687
233.3,13093,11695
233.4,13102,11701
233.5,13113,11708
233.6,13118,11716
233.7,13128,11722
233.8,13134,11731
233.9,13139,11739
234.0,13142,11749
234.1,13153,11758
234.2,13163,11767
234.3,13175,11770
234.4,13181,11781
234.5,13189,11790
234.6,13201,11799
234.7,13205,11805
234.8,13213,11811
234.9,13225,11821
235.0,13233,11834
235.1,13237,11841
235.2,13246,11851
235.3,13255,11858
235.4,13260,11866
235.5,13270,11873
235.6,13277,11880
235.7,13283,11889
235.8,13293,11901
235.9,13297,11911
236.0,13306,11918
236.1,13320,11923
236.2,13327,11931
236.3,13335,11940
236.4,13344,11950
236.5,13351,11958
236.6,13362,11965
236.7,13370,11974
236.8,13374,11980
236.9,13384,11985
237.0,13392,11993
237.1,13394,12006
237.2,13404,12018
237.3,13410,12023
237.4,13416,12031
237.5,13425,12035
237.6,13433,12043
237.7,13439,12052
237.8,13450,12062
237.9,13452,12075
238.0,13459,12088
238.1,13469,12099
238.2,13477,12108
238.3,13488,12118
238.4,13497,12126
238.5,13507,12139
238.6,13513,12144
238.7,13519,12152
238.8,13526,12160
238.9,13534,12168
239.0,13545,12177
239.1,13555,12186
239.2,13563,12191
239.3,13570,12197
239.4,13579,12205
239.5,13586,12212
239.6,13592,12221
239.7,13607,12229
239.8,13614,12233
239.9,13626,12241
240.0,13633,12248
240.1,13645,12258
240.2,13651,12267
240.3,13664,12273
240.4,13673,12285
240.5,13683,12293
240.6,13695,12301
240.7,13704,12312
240.8,13712,12322
240.9,13720,12328
241.0,13726,12334
241.1,13736,12341
241.2,13747,12352
241.3,13752,12364
241.4,13760,12373
241.5,13772,12379
241.6,13788,12386
241.7,13797,12395
241.8,13805,12405
241.9,13814,12409
242.0,13823,12421
242.1,13827,12434
242.2,13836,12441
242.3,13843,12449
242.4,13856,12452
242.5,13864,12456
242.6,13873,12466
242.7,13884,12474
242.8,13893,12479
242.9,13905,12482
243.0,13916,12486
243.1,13923,12495
243.2,13932,12498
243.3,13938,12507
243.4,13942,12510
243.5,13954,12521
243.6,13963,12525
243.7,13972,12530
243.8,13982,12535
243.9,13994,12539
244.0,14006,12548
244.1,14017,12556
244.2,14028,12565
244.3,14035,12572
244.4,14043,12580
244.5,14050,12593
244.6,14058,12603
244.7,14066,12613
244.8,14074,12616
244.9,14083,12629
245.0,14093,12635
245.1,14097,12646
245.2,14105,12658
245.3,14116,12665
245.4,14124,12676
245.5,14130,12683
245.6,14138,12692
245.7,14146,12700
245.8,14153,12706
245.9,14161,12715
246.0,14168,12723
246.1,14178,12734
246.2,14185,12744
246.3,14193,12755
246.4,14201,12757
246.5,14207,12765
246.6,14217,12777
246.7,14226,12787
246.8,14232,12794
246.9,14240,12802
247.0,14250,12810
247.1,14260,12814
247.2,14267,12828
247.3,14272,12838
247.4,14280,12845
247.5,14290,12858
247.6,14298,12870
247.7,14304,12879
247.8,14316,12886
247.9,14326,12895
248.0,14335,12909
248.1,14342,12916
248.2,14349,12925
248.3,14360,12933
248.4,14366,12943
248.5,14376,12947
248.6,14387,12952
248.7,14400,12958
248.8,14405,12968
248.9,14414,12977
249.0,14425,12985
249.1,14433,12996
249.2,14441,13004
249.3,14448,13010
249.4,14459,13019
249.5,14467,13026
249.6,14474,13029
249.7,14483,13043
249.8,14491,13054
249.9,14499,13061
250.0,14504,13071
250.1,14512,13080
250.2,14521,13084
250.3,14530,13095
250.4,14539,13106
250.5,14550,13111
250.6,14559,13116
250.7,14566,13125
250.8,14577,13135
250.9,14585,13144
251.0,14590,13156
251.1,14596,13162
251.2,14608,13172
251.3,14615,13180
251.4,14621,13185
251.5,14631,13199
251.6,14632,13204
251.7,14640,13216
251.8,14647,13224
251.9,14656,13233
252.0,14669,13237
252.1,14680,13246
252.2,14686,13252
252.3,14691,13258
252.4,14699,13267
252.5,14705,13268
252.6,14719,13272
252.7,14726,13284
252.8,14734,13292
252.9,14741,13301
253.0,14749,13307
253.1,14754,13314
253.2,14757,13320
253.3,14768,13331
253.4,14775,13339
253.5,14785,13346
253.6,14792,13353
253.7,14804,13364
253.8,14816,13375
253.9,14826,13383
254.0,14836,13392
254.1,14851,13405
254.2,14860,13414
254.3,14877,13425
254.4,14884,13433
254.5,14895,13441
254.6,14903,13454
254.7,14912,13460
254.8,14922,13468
254.9,14931,13478
255.0,14940,13490
255.1,14943,13500
255.2,14952,13506
255.3,14957,13515
255.4,14968,13523
255.5,14975,13532
255.6,14987,13538
255.7,14993,13542
255.8,14998,13553
255.9,15006,13561
256.0,15012,13565
256.1,15017,13572
256.2,15025,13580
256.3,15028,13586
256.4,15038,13594
256.5,15044,13602
256.6,15052,13609
256.7,15058,13615
256.8,15067,13620
256.9,15074,13626
257.0,15084,13633
257.1,15090,13640
257.2,15101,13645
257.3,15104,13651
257.4,15114,13658
257.5,15122,13668
257.6,15130,13678
257.7,15142,13689
257.8,15147,13701
257.9,15157,13709
258.0,15170,13716
258.1,15185,13724
258.2,15196,13730
258.3,15206,13738
258.4,15211,13747
258.5,15220,13752
258.6,15230,13765
258.7,15235,13773
258.8,15251,13782
258.9,15267,13791
259.0,15273,13797
259.1,15279,13803
259.2,15291,13809
259.3,15302,13817
259.4,15308,13829
259.5,15315,13839
259.6,15326,13846
259.7,15333,13856
259.8,15343,13864
259.9,15352,13876
260.0,15363,13884
260.1,15372,13892
260.2,15385,13900
260.3,15396,13905
260.4,15402,13913
260.5,15408,13924
260.6,15417,13935
260.7,15428,13942
260.8,15433,13950
260.9,15436,13958
261.0,15442,13963
261.1,15454,13969
261.2,15461,13972
261.3,15466,13982
261.4,15474,13995
261.5,15483,14001
261.6,15487,14004
261.7,15494,14015
261.8,15504,14021
261.9,15514,14030
262.0,15524,14039
262.1,15536,14049
262.2,15544,14058
262.3,15553,14066
262.4,15561,14074
262.5,15566,14086
262.6,15575,14092
262.7,15588,14101
262.8,15593,14105
262.9,15600,14109
263.0,15605,14115
263.1,15612,14122
263.2,15620,14134
263.3,15629,14142
263.4,15638,14152
263.5,15641,14158
263.6,15653,14171
263.7,15660,14179
263.8,15666,14187
263.9,15670,14198
264.0,15680,14207
264.1,15686,14214
264.2,15690,14222
264.3,15697,14230
264.4,15704,14238
264.5,15710,14250
264.6,15718,14260
264.7,15726,14269
264.8,15733,14276
264.9,15741,14283
265.0,15752,14294
265.1,15759,14301
265.2,15770,14313
265.3,15776,14319
265.4,15786,14329
265.5,15793,14336
265.6,15796,14342
265.7,15801,14352
265.8,15808,14361
265.9,15815,14369
266.0,15828,14373
266.1,15841,14379
266.2,15849,14391
266.3,15857,14396
266.4,15864,14401
266.5,15873,14409
266.6,15886,14414
266.7,15893,14419
266.8,15903,14422
266.9,15911,14426
267.0,15921,14435
267.1,15928,14446
267.2,15935,14458
267.3,15946,14466
267.4,15955,14472
267.5,15963,14478
267.6,15970,14487
267.7,15976,14495
267.8,15985,14502
267.9,15994,14509
268.0,16003,14521
268.1,16010,14528
268.2,16016,14535
268.3,16022,14541
268.4,16029,14549
268.5,16041,14560
268.6,16052,14572
268.7,16059,14584
268.8,16064,14594
268.9,16072,14604
269.0,16083,14616
269.1,16096,14625
269.2,16104,14631
269.3,16113,14644
269.4,16119,14653
269.5,16121,14660
269.6,16131,14666
269.7,16135,14673
269.8,16143,14682
269.9,16150,14690
270.0,16157,14700
270.1,16164,14708
270.2,16172,14716
270.3,16185,14718
270.4,16193,14726
270.5,16204,14737
270.6,16208,14746
270.7,16212,14759
270.8,16219,14770
270.9,16225,14777
271.0,16231,14791
271.1,16243,14797
271.2,16250,14802
271.3,16257,14811
271.4,16269,14817
271.5,16277,14830
271.6,16284,14837
271.7,16291,14847
271.8,16299,14850
271.9,16305,14856
272.0,16314,14862
272.1,16324,14873
272.2,16336,14878
272.3,16345,14884
272.4,16349,14892
272.5,16351,14899
272.6,16357,14902
272.7,16364,14909
272.8,16374,14918
272.9,16377,14923
273.0,16388,14929
273.1,16396,14940
273.2,16404,14951
273.3,16406,14959
273.4,16415,14966
273.5,16424,14971
273.6,16430,14977
273.7,16441,14982
273.8,16450,14992
273.9,16458,15002
274.0,16467,15014
274.1,16474,15023
274.2,16480,15035
274.3,16491,15047
274.4,16496,15053
274.5,16508,15068
274.6,16518,15073
274.7,16522,15080
274.8,16529,15088
274.9,16538,15098
275.0,16549,15108
275.1,16552,15114
275.2,16562,15120
275.3,16569,15126
275.4,16580,15136
275.5,16589,15143
275.6,16598,15149
275.7,16601,15154
275.8,16613,15159
275.9,16623,15163
276.0,16633,15167
276.1,16640,15178
276.2,16649,15186
276.3,16658,15193
276.4,16664,15202
276.5,16672,15212
276.6,16683,15222
276.7,16691,15231
276.8,16696,15240
276.9,16698,15252
277.0,16710,15258
277.1,16717,15265
277.2,16724,15271
277.3,16730,15278
277.4,16737,15284
277.5,16749,15290
277.6,16756,15297
277.7,16764,15307
277.8,16771,15312
277.9,16781,15318
278.0,16789,15328
278.1,16801,15338
278.2,16812,15343
278.3,16823,15348
278.4,16828,15356
278.5,16831,15360
278.6,16841,15374
278.7,16848,15380
278.8,16857,15388
278.9,16866,15394
279.0,16875,15398
279.1,16883,15408
279.2,16891,15417
279.3,16897,15428
279.4,16901,15436
279.5,16905,15445
279.6,16911,15452
279.7,16921,15461
279.8,16927,15464
279.9,16930,15471
280.0,16935,15475
280.1,16939,15479
280.2,16946,15488
280.3,16951,15493
280.4,16957,15500
280.5,16965,15504
280.6,16969,15512
280.7,16976,15522
280.8,16985,15529
280.9,16989,15537
281.0,16994,15545
281.1,17005,15555
281.2,17015,15564
281.3,17021,15573
281.4,17032,15578
281.5,17040,15586
281.6,17049,15594
281.7,17058,15604
281.8,17066,15612
281.9,17079,15620
282.0,17089,15629
282.1,17097,15638
282.2,17102,15645
282.3,17108,15655
282.4,17115,15663
282.5,17125,15672
282.6,17131,15675
282.7,17138,15683
282.8,17146,15690
282.9,17153,15701
283.0,17159,15709
283.1,17165,15716
283.2,17173,15723
283.3,17183,15731
283.4,17192,15734
283.5,17202,15740
283.6,17212,15746
283.7,17218,15753
283.8,17224,15759
283.9,17233,15765
284.0,17243,15771
284.1,17248,15781
284.2,17256,15791
284.3,17262,15799
284.4,17271,15807
284.5,17279,15814
284.6,17286,15823
284.7,17296,15832
284.8,17305,15838
284.9,17314,15845
285.0,17322,15852
285.1,17331,15863
285.2,17341,15871
285.3,17344,15879
285.4,17349,15883
285.5,17358,15891
285.6,17363,15897
285.7,17376,15901
285.8,17385,15904
285.9,17392,15915
286.0,17396,15922
286.1,17403,15932
286.2,17411,15944
286.3,17423,15952
286.4,17431,15958
286.5,17439,15964
286.6,17446,15971
286.7,17453,15982
286.8,17464,15988
286.9,17472,15996
287.0,17480,16002
287.1,17484,16011
287.2,17491,16017
287.3,17491,16024
287.4,17497,16034
287.5,17504,16042
287.6,17514,16048
287.7,17524,16055
287.8,17529,16062
287.9,17540,16071
288.0,17547,16083
288.1,17551,16086
288.2,17557,16095
288.3,17563,16100
288.4,17573,16106
288.5,17581,16112
288.6,17587,16123
288.7,17592,16130
288.8,17600,16138
288.9,17606,16147
289.0,17611,16156
289.1,17617,16165
289.2,17625,16175
289.3,17638,16180
289.4,17647,16186
289.5,17653,16195
289.6,17663,16199
289.7,17672,16206
289.8,17682,16214
289.9,17692,16223
290.0,17693,16226
290.1,17696,16235
290.2,17703,16238
290.3,17707,16244
290.4,17715,16250
290.5,17726,16258
290.6,17736,16269
290.7,17738,16279
290.8,17744,16284
290.9,17752,16292
291.0,17762,16301
291.1,17768,16300
291.2,17775,16304
291.3,17779,16310
291.4,17789,16318
291.5,17798,16326
291.6,17807,16332
291.7,17813,16337
291.8,17821,16347
291.9,17823,16352
292.0,17829,16359
292.1,17839,16366
292.2,17848,16374
292.3,17856,16382
292.4,17864,16386
292.5,17868,16395
292.6,17875,16402
292.7,17886,16407
292.8,17891,16412
292.9,17900,16416
293.0,17908,16421
293.1,17916,16431
293.2,17922,16432
293.3,17931,16436
293.4,17940,16439
293.5,17944,16444
293.6,17953,16453
293.7,17958,16459
293.8,17965,16467
293.9,17980,16474
294.0,17988,16482
294.1,17993,16486
294.2,18002,16495
294.3,18008,16501
294.4,18015,16506
294.5,18026,16516
294.6,18032,16524
294.7,18038,16529
294.8,18044,16536
294.9,18050,16540
295.0,18056,16548
295.1,18062,16553
295.2,18073,16555
295.3,18081,16562
295.4,18088,16569
295.5,18102,16577
295.6,18108,16588
295.7,18112,16592
295.8,18118,16601
295.9,18125,16609
296.0,18131,16616
296.1,18137,16622
296.2,18145,16631
296.3,18154,16640
296.4,18161,16646
296.5,18168,16652
296.6,18175,16661
296.7,18179,16671
296.8,18189,16678
296.9,18194,16686
297.0,18202,16694
297.1,18204,16699
297.2,18213,16705
297.3,18222,16713
297.4,18228,16718
297.5,18233,16726
297.6,18242,16730
297.7,18246,16738
297.8,18255,16746
297.9,18264,16751
298.0,18270,16756
298.1,18273,16764
298.2,18278,16771
298.3,18286,16780
298.4,18290,16789
298.5,18299,16800
298.6,18307,16810
298.7,18311,16813
298.8,18319,16816
298.9,18327,16825
299.0,18339,16835
299.1,18345,16845
299.2,18354,16849
299.3,18363,16855
299.4,18372,16859
299.5,18377,16868
299.6,18383,16874
299.7,18388,16878
299.8,18394,16885
299.9,18400,16891
300.0,18410,16905
300.1,18422,16913
300.2,18426,16920
300.3,18436,16931
300.4,18444,16941
300.5,18449,16948
300.6,18457,16956
300.7,18471,16966
300.8,18478,16979
300.9,18484,16989
301.0,18492,16999
301.1,18498,17006
301.2,18506,17015
301.3,18514,17022
301.4,18518,17031
301.5,18525,17041
301.6,18530,17044
301.7,18543,17050
301.8,18548,17060
301.9,18559,17065
302.0,18566,17067
302.1,18570,17074
302.2,18573,17082
302.3,18579,17089
302.4,18586,17095
302.5,18597,17100
302.6,18596,17108
302.7,18604,17116
302.8,18612,17124
302.9,18618,17131
303.0,18624,17135
303.1,18628,17143
303.2,18633,17154
303.3,18641,17164
303.4,18650,17174
303.5,18656,17182
303.6,18663,17188
303.7,18670,17192
303.8,18677,17200
303.9,18684,17206
304.0,18691,17211
304.1,18695,17216
304.2,18700,17220
304.3,18704,17227
304.4,18707,17231
304.5,18711,17242
304.6,18721,17248
304.7,18725,17250
304.8,18731,17252
304.9,18740,17259
305.0,18749,17263
305.1,18755,17268
305.2,18762,17275
305.3,18768,17285
305.4,18774,17290
305.5,18784,17295
305.6,18793,17299
305.7,18798,17305
305.8,18801,17314
305.9,18812,17320
306.0,18820,17331
306.1,18828,17337
306.2,18839,17341
306.3,18845,17347
306.4,18855,17349
306.5,18866,17359
306.6,18873,17364
306.7,18880,17373
306.8,18884,17376
306.9,18888,17382
307.0,18894,17389
307.1,18899,17396
307.2,18907,17404
307.3,18907,17410
307.4,18909,17416
307.5,18919,17424
307.6,18923,17431
307.7,18930,17435
307.8,18938,17445
307.9,18945,17451
308.0,18951,17454
308.1,18958,17459
308.2,18964,17460
308.3,18971,17471
308.4,18974,17480
308.5,18979,17491
308.6,18986,17501
308.7,18991,17507
308.8,19000,17513
308.9,19009,17518
309.0,19019,17522
309.1,19021,17532
309.2,19026,17536
309.3,19031,17541
309.4,19034,17546
309.5,19042,17551
309.6,19047,17558
309.7,19055,17563
309.8,19062,17569
309.9,19070,17572
310.0,19078,17578
310.1,19082,17587
310.2,19087,17597
310.3,19094,17600
310.4,19102,17610
310.5,19112,17614
310.6,19117,17618
310.7,19126,17626
310.8,19132,17633
310.9,19141,17640
311.0,19149,17648
311.1,19149,17655
311.2,19156,17665
311.3,19161,17671
311.4,19169,17678
311.5,19178,17687
311.6,19181,17695
311.7,19188,17702
311.8,19194,17708
311.9,19198,17716
312.0,19206,17721
312.1,19218,17722
312.2,19224,17730
312.3,19231,17739
312.4,19238,17746
312.5,19243,17753
312.6,19250,17760
312.7,19253,17768
312.8,19257,17777
312.9,19259,17782
313.0,19266,17789
313.1,19272,17794
313.2,19279,17795
313.3,19284,17798
313.4,19287,17804
313.5,19295,17812
313.6,19300,17821
313.7,19305,17828
313.8,19314,17835
313.9,19320,17841
314.0,19320,17845
314.1,19325,17850
314.2,19331,17855
314.3,19333,17864
314.4,19339,17873
314.5,19341,17878
314.6,19342,17886
314.7,19351,17892
314.8,19353,17900
314.9,19361,17909
315.0,19366,17914
315.1,19372,17915
315.2,19378,17920
315.3,19384,17928
315.4,19391,17929
315.5,19400,17935
315.6,19408,17941
315.7,19414,17941
315.8,19419,17943
315.9,19427,17949
316.0,19433,17955
316.1,19438,17958
316.2,19444,17962
316.3,19448,17971
316.4,19449,17975
316.5,19451,17983
316.6,19459,17990
316.7,19463,17996
316.8,19472,18000
316.9,19483,18006
317.0,19489,18017
317.1,19494,18022
317.2,19500,18028
317.3,19505,18033
317.4,19510,18040
317.5,19517,18047
317.6,19526,18058
317.7,19533,18063
317.8,19540,18074
317.9,19544,18081
318.0,19550,18084
318.1,19556,18085
318.2,19564,18092
318.3,19567,18101
318.4,19570,18107
318.5,19578,18109
318.6,19586,18110
318.7,19592,18118
318.8,19600,18122
318.9,19612,18130
319.0,19615,18137
319.1,19617,18135
319.2,19620,18140
319.3,19626,18147
319.4,19632,18153
319.5,19640,18160
319.6,19643,18164
319.7,19647,18169
319.8,19657,18172
319.9,19665,18175
320.0,19667,18182
320.1,19673,18187
320.2,19679,18193
320.3,19688,18201
320.4,19698,18207
320.5,19701,18210
320.6,19705,18217
320.7,19715,18224
320.8,19723,18230
320.9,19729,18236
321.0,19736,18239
321.1,19739,18248
321.2,19746,18255
321.3,19749,18260
321.4,19751,18266
321.5,19758,18275
321.6,19763,18283
321.7,19769,18286
321.8,19777,18291
321.9,19779,18292
322.0,19785,18297
322.1,19792,18309
322.2,19796,18317
322.3,19800,18319
322.4,19804,18320
322.5,19807,18324
322.6,19812,18326
322.7,19816,18334
322.8,19819,18341
322.9,19824,18342
323.0,19834,18353
323.1,19843,18360
323.2,19851,18364
323.3,19853,18369
323.4,19854,18377
323.5,19862,18382
323.6,19869,18387
323.7,19874,18391
323.8,19881,18395
323.9,19889,18401
324.0,19896,18403
324.1,19895,18411
324.2,19898,18417
324.3,19903,18425
324.4,19909,18428
324.5,19911,18432
324.6,19913,18432
324.7,19912,18439
324.8,19917,18446
324.9,19921,18451
325.0,19923,18456
325.1,19929,18463
325.2,19931,18472
325.3,19936,18477
325.4,19934,18485
325.5,19937,18487
325.6,19941,18492
325.7,19945,18500
325.8,19953,18507
325.9,19961,18513
326.0,19967,18516
326.1,19971,18516
326.2,19975,18522
326.3,19979,18531
326.4,19985,18535
326.5,19990,18540
326.6,19997,18543
326.7,20006,18548
326.8,20015,18549
326.9,20020,18552
327.0,20022,18558
327.1,20030,18568
327.2,20034,18574
327.3,20039,18580
327.4,20047,18591
327.5,20051,18597
327.6,20058,18605
327.7,20067,18613
327.8,20070,18619
327.9,20078,18626
328.0,20081,18630
328.1,20086,18636
328.2,20092,18644
328.3,20098,18649
328.4,20102,18651
328.5,20109,18656
328.6,20113,18660
328.7,20116,18664
328.8,20120,18679
328.9,20129,18684
329.0,20132,18693
329.1,20135,18697
329.2,20140,18708
329.3,20146,18713
329.4,20149,18716
329.5,20153,18726
329.6,20160,18734
329.7,20166,18740
329.8,20172,18745
329.9,20181,18750
330.0,20190,18753
330.1,20199,18760
330.2,20203,18766
330.3,20208,18770
330.4,20210,18778
330.5,20212,18779
330.6,20218,18781
330.7,20226,18786
330.8,20228,18793
330.9,20231,18796
331.0,20236,18800
331.1,20242,18808
331.2,20248,18812
331.3,20250,18813
331.4,20252,18822
331.5,20254,18825
331.6,20260,18832
331.7,20258,18838
331.8,20259,18841
331.9,20265,18841
332.0,20270,18847
332.1,20275,18850
332.2,20280,18855
332.3,20281,18860
332.4,20287,18870
332.5,20293,18876
332.6,20298,18883
332.7,20307,18884
332.8,20313,18890
332.9,20321,18895
333.0,20322,18897
333.1,20325,18902
333.2,20328,18913
333.3,20330,18921
333.4,20333,18921
333.5,20335,18925
333.6,20340,18928
333.7,20347,18931
333.8,20351,18937
333.9,20353,18942
334.0,20357,18948
334.1,20366,18956
334.2,20374,18960
334.3,20378,18965
334.4,20383,18967
334.5,20389,18970
334.6,20392,18974
334.7,20395,18976
334.8,20402,18981
334.9,20408,18985
335.0,20409,18989
335.1,20413,18992
335.2,20419,18996
335.3,20425,18998
335.4,20428,19001
335.5,20430,19007
335.6,20434,19012
335.7,20436,19020
335.8,20443,19025
335.9,20447,19028
336.0,20453,19029
336.1,20455,19029
336.2,20458,19032
336.3,20460,19035
336.4,20462,19043
336.5,20470,19048
336.6,20476,19053
336.7,20482,19058
336.8,20486,19066
336.9,20486,19072
337.0,20490,19078
337.1,20495,19086
337.2,20493,19089
337.3,20500,19097
337.4,20507,19097
337.5,20514,19102
337.6,20523,19108
337.7,20528,19114
337.8,20531,19119
337.9,20531,19124
338.0,20536,19129
338.1,20542,19134
338.2,20547,19137
338.3,20548,19142
338.4,20547,19149
338.5,20549,19155
338.6,20554,19159
338.7,20558,19160
338.8,20559,19162
338.9,20561,19167
339.0,20563,19170
339.1,20564,19171
339.2,20565,19173
339.3,20571,19178
339.4,20573,19183
339.5,20575,19189
339.6,20575,19191
339.7,20578,19192
339.8,20587,19197
339.9,20591,19199
340.0,20599,19201
340.1,20603,19206
340.2,20611,19212
340.3,20619,19218
340.4,20620,19223
340.5,20623,19231
340.6,20630,19235
340.7,20631,19240
340.8,20631,19243
340.9,20633,19251
341.0,20634,19255
341.1,20633,19259
341.2,20635,19261
341.3,20640,19265
341.4,20641,19269
341.5,20650,19272
341.6,20647,19278
341.7,20652,19280
341.8,20652,19281
341.9,20656,19289
342.0,20662,19296
342.1,20665,19298
342.2,20666,19300
342.3,20667,19303
342.4,20673,19313
342.5,20678,19314
342.6,20682,19319
342.7,20689,19318
342.8,20692,19322
342.9,20694,19329
343.0,20697,19334
343.1,20698,19333
343.2,20703,19339
343.3,20707,19342
343.4,20710,19347
343.5,20715,19350
343.6,20720,19355
343.7,20719,19362
343.8,20723,19368
343.9,20728,19375
344.0,20733,19381
344.1,20731,19386
344.2,20735,19387
344.3,20742,19392
344.4,20744,19401
344.5,20746,19406
344.6,20741,19409
344.7,20748,19409
344.8,20751,19412
344.9,20751,19420
345.0,20756,19427
345.1,20762,19430
345.2,20764,19434
345.3,20768,19436
345.4,20773,19441
345.5,20776,19446
345.6,20785,19447
345.7,20785,19455
345.8,20786,19461
345.9,20793,19469
346.0,20798,19473
346.1,20799,19475
346.2,20803,19475
346.3,20801,19483
346.4,20802,19485
346.5,20804,19487
346.6,20809,19495
346.7,20811,19504
346.8,20816,19509
346.9,20819,19511
347.0,20822,19519
347.1,20820,19522
347.2,20825,19523
347.3,20831,19530
347.4,20832,19538
347.5,20838,19544
347.6,20841,19548
347.7,20846,19554
347.8,20855,19560
347.9,20859,19563
348.0,20862,19567
348.1,20866,19570
348.2,20867,19573
348.3,20864,19581
348.4,20866,19580
348.5,20866,19581
348.6,20865,19588
348.7,20867,19588
348.8,20874,19594
348.9,20879,19595
349.0,20881,19602
349.1,20884,19610
349.2,20884,19612
349.3,20885,19616
349.4,20889,19619
349.5,20890,19624
349.6,20889,19626
349.7,20892,19632
349.8,20891,19633
349.9,20888,19636
350.0,20888,19640
350.1,20889,19644
350.2,20895,19649
350.3,20898,19650
350.4,20899,19655
350.5,20902,19660
350.6,20905,19663
350.7,20908,19669
350.8,20911,19668
350.9,20916,19669
351.0,20920,19670
351.1,20924,19671
351.2,20920,19675
351.3,20921,19680
351.4,20926,19686
351.5,20930,19688
351.6,20933,19687
351.7,20936,19688
351.8,20942,19693
351.9,20941,19694
352.0,20948,19699
352.1,20953,19703
352.2,20953,19707
352.3,20951,19710
352.4,20957,19704
352.5,20959,19710
352.6,20958,19714
352.7,20964,19715
352.8,20965,19717
352.9,20972,19724
353.0,20975,19725
353.1,20976,19727
353.2,20979,19728
353.3,20986,19728
353.4,20988,19729
353.5,20993,19726
353.6,20994,19731
353.7,20998,19739
353.8,21001,19747
353.9,21007,19749
354.0,21011,19755
354.1,21015,19760
354.2,21019,19766
354.3,21021,19768
354.4,21022,19772
354.5,21027,19783
354.6,21033,19784
354.7,21037,19790
354.8,21036,19792
354.9,21039,19795
355.0,21040,19801
355.1,21044,19808
355.2,21046,19812
355.3,21049,19818
355.4,21054,19819
355.5,21052,19824
355.6,21055,19825
355.7,21056,19823
355.8,21054,19822
355.9,21052,19824
356.0,21050,19827
356.1,21053,19832
356.2,21054,19838
356.3,21049,19842
356.4,21048,19843
356.5,21049,19844
356.6,21048,19843
356.7,21050,19848
356.8,21052,19849
356.9,21056,19855
357.0,21059,19858
357.1,21064,19859
357.2,21063,19864
357.3,21068,19868
357.4,21066,19871
357.5,21073,19871
357.6,21077,19873
357.7,21080,19875
357.8,21087,19882
357.9,21088,19885
358.0,21090,19888
358.1,21092,19889
358.2,21094,19891
358.3,21094,19888
358.4,21096,19893
358.5,21095,19896
358.6,21096,19898
358.7,21094,19896
358.8,21097,19899
358.9,21101,19902
359.0,21101,19907
359.1,21106,19907
359.2,21107,19914
359.3,21111,19919
359.4,21113,19919
359.5,21112,19922
359.6,21113,19925
359.7,21118,19929
359.8,21117,19933
359.9,21120,19934
360.0,21117,19936
360.1,21117,19943
360.2,21116,19953
360.3,21119,19954
360.4,21120,19955
360.5,21124,19960
360.6,21126,19957
360.7,21126,19962
360.8,21134,19965
360.9,21135,19967
361.0,21137,19967
361.1,21139,19971
361.2,21142,19972
361.3,21140,19973
361.4,21141,19974
361.5,21142,19979
361.6,21141,19985
361.7,21145,19987
361.8,21142,19993
361.9,21144,19996
362.0,21144,20000
362.1,21141,20000
362.2,21139,20001
362.3,21138,20003
362.4,21139,20003
362.5,21143,20008
362.6,21146,20015
362.7,21147,20013
362.8,21148,20016
362.9,21152,20016
363.0,21155,20017
363.1,21154,20018
363.2,21159,20020
363.3,21159,20024
363.4,21161,20029
363.5,21157,20034
363.6,21158,20036
363.7,21161,20039
363.8,21163,20044
363.9,21161,20051
364.0,21162,20052
364.1,21164,20058
364.2,21165,20062
364.3,21168,20063
364.4,21172,20064
364.5,21170,20069
364.6,21173,20068
364.7,21175,20069
364.8,21173,20069
364.9,21172,20070
365.0,21176,20076
365.1,21178,20082
365.2,21181,20089
365.3,21178,20092
365.4,21178,20094
365.5,21178,20100
365.6,21180,20103
365.7,21183,20108
365.8,21185,20110
365.9,21188,20114
366.0,21188,20117
366.1,21186,20119
366.2,21188,20124
366.3,21185,20128
366.4,21184,20128
366.5,21185,20130
366.6,21186,20133
366.7,21188,20139
366.8,21193,20144
366.9,21189,20143
367.0,21192,20143
367.1,21192,20148
367.2,21196,20151
367.3,21199,20154
367.4,21201,20152
367.5,21205,20157
367.6,21203,20159
367.7,21203,20160
367.8,21208,20160
367.9,21212,20165
368.0,21216,20163
368.1,21217,20168
368.2,21216,20168
368.3,21212,20173
368.4,21217,20179
368.5,21219,20182
368.6,21226,20184
368.7,21227,20183
368.8,21232,20184
368.9,21237,20188
369.0,21235,20192
369.1,21237,20199
369.2,21237,20196
369.3,21238,20199
369.4,21243,20204
369.5,21242,20208
369.6,21242,20211
369.7,21240,20217
369.8,21239,20222
369.9,21242,20219
370.0,21244,20220
370.1,21239,20225
370.2,21239,20228
370.3,21239,20234
370.4,21236,20239
370.5,21236,20238
370.6,21233,20240
370.7,21236,20244
370.8,21241,20248
370.9,21243,20252
371.0,21245,20257
371.1,21249,20259
371.2,21247,20258
371.3,21249,20263
371.4,21250,20262
371.5,21249,20263
371.6,21252,20269
371.7,21252,20272
371.8,21256,20274
371.9,21259,20279
372.0,21261,20281
372.1,21261,20283
372.2,21264,20287
372.3,21267,20294
372.4,21266,20298
372.5,21270,20299
372.6,21272,20304
372.7,21274,20307
372.8,21277,20311
372.9,21281,20311
373.0,21283,20314
373.1,21280,20318
373.2,21280,20320
373.3,21279,20322
373.4,21280,20327
373.5,21284,20329
373.6,21282,20336
373.7,21280,20338
373.8,21284,20342
373.9,21284,20348
374.0,21283,20352
374.1,21282,20352
374.2,21282,20352
374.3,21283,20354
374.4,21284,20358
374.5,21289,20356
374.6,21288,20360
374.7,21286,20366
374.8,21283,20370
374.9,21287,20374
375.0,21294,20378
375.1,21295,20379
375.2,21299,20387
375.3,21301,20392
375.4,21303,20400
375.5,21307,20402
375.6,21306,20403
375.7,21305,20406
375.8,21309,20406
375.9,21306,20410
376.0,21301,20415
376.1,21302,20419
376.2,21305,20428
376.3,21305,20431
376.4,21307,20435
376.5,21305,20434
376.6,21304,20432
376.7,21302,20433
376.8,21298,20433
376.9,21296,20437
377.0,21295,20442
377.1,21298,20439
377.2,21300,20441
377.3,21297,20448
377.4,21296,20454
377.5,21296,20458
377.6,21298,20467
377.7,21299,20470
377.8,21293,20472
377.9,21292,20476
378.0,21291,20480
378.1,21293,20483
378.2,21290,20488
378.3,21288,20488
378.4,21287,20492
378.5,21289,20496
378.6,21291,20500
378.7,21291,20501
378.8,21290,20504
378.9,21293,20507
379.0,21292,20514
379.1,21291,20514
379.2,21296,20518
379.3,21296,20519
379.4,21301,20523
379.5,21300,20532
379.6,21300,20536
379.7,21300,20539
379.8,21303,20540
379.9,21300,20540
380.0,21306,20544
380.1,21305,20549
380.2,21305,20554
380.3,21308,20556
380.4,21310,20561
380.5,21313,20568
380.6,21316,20575
380.7,21315,20577
380.8,21318,20576
380.9,21319,20582
381.0,21320,20585
381.1,21324,20589
381.2,21326,20589
381.3,21327,20589
381.4,21330,20593
381.5,21330,20598
381.6,21335,20602
381.7,21337,20607
381.8,21338,20609
381.9,21343,20608
382.0,21346,20613
382.1,21342,20615
382.2,21343,20619
382.3,21342,20622
382.4,21339,20626
382.5,21341,20627
382.6,21340,20635
382.7,21341,20634
382.8,21340,20639
382.9,21340,20641
383.0,21338,20646
383.1,21341,20648
383.2,21345,20651
383.3,21345,20655
383.4,21342,20658
383.5,21341,20660
383.6,21346,20668
383.7,21349,20671
383.8,21347,20672
383.9,21348,20677
384.0,21352,20682
384.1,21355,20688
384.2,21355,20692
384.3,21353,20690
384.4,21351,20691
384.5,21354,20693
384.6,21357,20695
384.7,21354,20698
384.8,21354,20696
384.9,21357,20702
385.0,21357,20703
385.1,21355,20702
385.2,21358,20704
385.3,21362,20705
385.4,21363,20709
385.5,21362,20711
385.6,21370,20711
385.7,21368,20716
385.8,21368,20721
385.9,21363,20724
386.0,21367,20724
386.1,21367,20726
386.2,21369,20734
386.3,21367,20736
386.4,21369,20737
386.5,21369,20743
386.6,21369,20749
386.7,21366,20754
386.8,21368,20755
386.9,21365,20757
387.0,21364,20755
387.1,21369,20757
387.2,21371,20758
387.3,21370,20763
387.4,21374,20768
387.5,21375,20772
387.6,21379,20773
387.7,21379,20775
387.8,21378,20779
387.9,21380,20781
388.0,21377,20784
388.1,21378,20786
388.2,21378,20790
388.3,21377,20792
388.4,21381,20796
388.5,21379,20798
388.6,21381,20803
388.7,21382,20807
388.8,21381,20813
388.9,21381,20819
389.0,21381,20822
389.1,21380,20821
389.2,21385,20824
389.3,21385,20830
389.4,21388,20830
389.5,21389,20833
389.6,21392,20833
389.7,21393,20839
389.8,21393,20842
389.9,21399,20845
390.0,21400,20850
390.1,21404,20853
390.2,21404,20860
390.3,21406,20864
390.4,21407,20867
390.5,21411,20866
390.6,21407,20864
390.7,21407,20866
390.8,21411,20871
390.9,21411,20876
391.0,21411,20883
391.1,21411,20886
391.2,21410,20890
391.3,21411,20896
391.4,21414,20900
391.5,21412,20905
391.6,21417,20911
391.7,21415,20909
391.8,21415,20912
391.9,21418,20914
392.0,21420,20919
392.1,21422,20922
392.2,21423,20929
392.3,21426,20931
392.4,21426,20932
392.5,21426,20936
392.6,21429,20938
392.7,21428,20939
392.8,21432,20940
392.9,21433,20948
393.0,21436,20951
393.1,21440,20955
393.2,21443,20957
393.3,21449,20959
393.4,21449,20956
393.5,21445,20959
393.6,21449,20963
393.7,21452,20963
393.8,21454,20965
393.9,21454,20968
394.0,21460,20973
394.1,21462,20978
394.2,21461,20980
394.3,21466,20986
394.4,21469,20984
394.5,21468,20985
394.6,21468,20988
394.7,21470,20987
394.8,21473,20994
394.9,21474,21004
395.0,21471,21011
395.1,21476,21012
395.2,21478,21015
395.3,21477,21019
395.4,21480,21019
395.5,21481,21023
395.6,21484,21025
395.7,21488,21030
395.8,21492,21041
395.9,21497,21047
396.0,21496,21048
396.1,21501,21058
396.2,21504,21068
396.3,21507,21071
396.4,21507,21072
396.5,21507,21075
396.6,21508,21079
396.7,21513,21086
396.8,21519,21092
396.9,21518,21098
397.0,21516,21109
397.1,21517,21110
397.2,21521,21114
397.3,21528,21120
397.4,21535,21119
397.5,21538,21122
397.6,21539,21126
397.7,21541,21129
397.8,21545,21135
397.9,21548,21139
398.0,21552,21139
398.1,21557,21143
398.2,21559,21143
398.3,21562,21142
398.4,21562,21143
398.5,21565,21147
398.6,21568,21153
398.7,21577,21158
398.8,21578,21162
398.9,21582,21167
399.0,21584,21172
399.1,21585,21174
399.2,21587,21176
399.3,21593,21178
399.4,21593,21183
399.5,21591,21182
399.6,21594,21183
399.7,21596,21190
399.8,21597,21196
399.9,21602,21202
400.0,21605,21208
400.1,21609,21212
400.2,21612,21216
400.3,21614,21218
400.4,21624,21226
400.5,21623,21228
400.6,21620,21229
400.7,21619,21233
400.8,21624,21241
400.9,21628,21246
401.0,21633,21249
401.1,21636,21255
401.2,21639,21262
401.3,21643,21266
401.4,21644,21269
401.5,21649,21273
401.6,21654,21277
401.7,21659,21280
401.8,21661,21280
401.9,21659,21284
402.0,21663,21286
402.1,21660,21286
402.2,21660,21289
402.3,21661,21295
402.4,21662,21299
402.5,21665,21304
402.6,21667,21309
402.7,21670,21311
402.8,21670,21309
402.9,21676,21310
403.0,21682,21312
403.1,21686,21316
403.2,21692,21317
403.3,21693,21320
403.4,21688,21319
403.5,21691,21320
403.6,21698,21322
403.7,21702,21330
403.8,21709,21337
403.9,21715,21346
404.0,21716,21351
404.1,21721,21359
404.2,21725,21364
404.3,21731,21366
404.4,21730,21367
404.5,21731,21370
404.6,21729,21375
404.7,21734,21379
404.8,21737,21382
404.9,21739,21386
405.0,21742,21394
405.1,21744,21396
405.2,21746,21401
405.3,21755,21407
405.4,21764,21408
405.5,21767,21413
405.6,21771,21414
405.7,21775,21415
405.8,21781,21418
405.9,21784,21420
406.0,21788,21428
406.1,21790,21426
406.2,21792,21431
406.3,21795,21436
406.4,21799,21442
406.5,21807,21442
406.6,21810,21446
406.7,21819,21448
406.8,21823,21454
406.9,21825,21461
407.0,21825,21466
407.1,21823,21464
407.2,21826,21466
407.3,21828,21468
407.4,21830,21470
407.5,21833,21470
407.6,21835,21473
407.7,21837,21484
407.8,21849,21493
407.9,21852,21498
408.0,21859,21505
408.1,21862,21513
408.2,21871,21521
408.3,21877,21523
408.4,21882,21520
408.5,21886,21527
408.6,21891,21532
408.7,21893,21538
408.8,21897,21538
408.9,21900,21541
409.0,21904,21547
409.1,21907,21554
409.2,21908,21557
409.3,21914,21560
409.4,21917,21566
409.5,21917,21568
409.6,21922,21569
409.7,21931,21575
409.8,21935,21578
409.9,21941,21585
410.0,21942,21593
410.1,21946,21596
410.2,21945,21596
410.3,21950,21602
410.4,21953,21603
410.5,21954,21611
410.6,21962,21618
410.7,21969,21622
410.8,21974,21625
410.9,21975,21629
411.0,21977,21632
411.1,21986,21636
411.2,21996,21642
411.3,21996,21647
411.4,21999,21652
411.5,22003,21653
411.6,22007,21659
411.7,22011,21662
411.8,22015,21672
411.9,22015,21673
412.0,22019,21677
412.1,22025,21685
412.2,22029,21689
412.3,22040,21693
412.4,22046,21700
412.5,22045,21697
412.6,22051,21702
412.7,22056,21709
412.8,22057,21711
412.9,22059,21713
413.0,22064,21718
413.1,22072,21728
413.2,22075,21730
413.3,22080,21734
413.4,22080,21737
413.5,22080,21745
413.6,22081,21746
413.7,22087,21753
413.8,22087,21763
413.9,22095,21764
414.0,22097,21771
414.1,22097,21775
414.2,22102,21776
414.3,22108,21781
414.4,22115,21783
414.5,22118,21788
414.6,22125,21791
414.7,22128,21793
414.8,22130,21796
414.9,22127,21802
415.0,22131,21807
415.1,22137,21806
415.2,22145,21811
415.3,22151,21816
415.4,22159,21823
415.5,22163,21828
415.6,22170,21829
415.7,22176,21834
415.8,22178,21840
415.9,22184,21846
416.0,22188,21845
416.1,22191,21848
416.2,22197,21851
416.3,22204,21859
416.4,22208,21863
416.5,22211,21869
416.6,22216,21872
416.7,22220,21879
416.8,22228,21888
416.9,22232,21894
417.0,22238,21901
417.1,22242,21903
417.2,22246,21910
417.3,22250,21912
417.4,22251,21920
417.5,22255,21921
417.6,22258,21928
417.7,22268,21930
417.8,22275,21934
417.9,22279,21935
418.0,22286,21935
418.1,22289,21934
418.2,22294,21939
418.3,22300,21945
418.4,22304,21952
418.5,22305,21959
418.6,22308,21962
418.7,22310,21968
418.8,22315,21973
418.9,22319,21976
419.0,22322,21982
419.1,22323,21984
419.2,22327,21991
419.3,22335,21997
419.4,22341,22003
419.5,22345,22013
419.6,22346,22015
419.7,22353,22021
419.8,22357,22025
419.9,22362,22032
420.0,22369,22035
420.1,22372,22042
420.2,22382,22047
420.3,22387,22052
420.4,22388,22057
420.5,22394,22064
420.6,22401,22070
420.7,22404,22075
420.8,22404,22079
420.9,22409,22081
421.0,22413,22087
421.1,22415,22094
421.2,22418,22095
421.3,22420,22100
421.4,22426,22099
421.5,22429,22105
421.6,22434,22111
421.7,22439,22115
421.8,22445,22122
421.9,22450,22130
422.0,22457,22133
422.1,22455,22140
422.2,22462,22145
422.3,22464,22148
422.4,22470,22153
422.5,22481,22161
422.6,22485,22168
422.7,22490,22174
422.8,22498,22180
422.9,22502,22189
423.0,22508,22194
423.1,22511,22200
423.2,22518,22206
423.3,22523,22211
423.4,22528,22211
423.5,22530,22217
423.6,22536,22224
423.7,22540,22226
423.8,22549,22233
423.9,22554,22237
424.0,22558,22238
424.1,22559,22244
424.2,22570,22254
424.3,22576,22261
424.4,22581,22269
424.5,22588,22272
424.6,22590,22277
424.7,22591,22279
424.8,22594,22286
424.9,22603,22294
425.0,22608,22298
425.1,22614,22302
425.2,22620,22309
425.3,22622,22315
425.4,22630,22318
425.5,22632,22324
425.6,22637,22329
425.7,22644,22333
425.8,22650,22340
425.9,22654,22344
426.0,22660,22347
426.1,22665,22352
426.2,22672,22354
426.3,22676,22356
426.4,22678,22362
426.5,22684,22369
426.6,22692,22368
426.7,22694,22371
426.8,22705,22373
426.9,22706,22373
427.0,22710,22382
427.1,22714,22385
427.2,22718,22388
427.3,22730,22392
427.4,22730,22396
427.5,22732,22405
427.6,22739,22413
427.7,22741,22420
427.8,22747,22429
427.9,22752,22432
428.0,22758,22442
428.1,22765,22444
428.2,22771,22449
428.3,22778,22456
428.4,22784,22459
428.5,22787,22462
428.6,22791,22470
428.7,22793,22475
428.8,22801,22479
428.9,22806,22487
429.0,22812,22495
429.1,22817,22501
429.2,22822,22506
429.3,22824,22510
429.4,22828,22516
429.5,22834,22520
429.6,22837,22527
429.7,22840,22534
429.8,22846,22538
429.9,22850,22545
430.0,22853,22545
430.1,22856,22552
430.2,22861,22560
430.3,22868,22569
430.4,22868,22575
430.5,22873,22580
430.6,22879,22583
430.7,22884,22587
430.8,22892,22591
430.9,22895,22594
431.0,22899,22596
431.1,22908,22602
431.2,22918,22604
431.3,22922,22607
431.4,22928,22608
431.5,22936,22614
431.6,22939,22619
431.7,22944,22626
431.8,22950,22630
431.9,22956,22636
432.0,22961,22641
432.1,22966,22643
432.2,22971,22644
432.3,22974,22648
432.4,22978,22655
432.5,22982,22666
432.6,22989,22677
432.7,22994,22683
432.8,22999,22685
432.9,23006,22691
433.0,23007,22692
433.1,23013,22691
433.2,23020,22698
433.3,23025,22703
433.4,23037,22709
433.5,23043,22711
433.6,23046,22719
433.7,23051,22728
433.8,23061,22740
433.9,23066,22743
434.0,23071,22748
434.1,23080,22755
434.2,23085,22763
434.3,23084,22774
434.4,23094,22779
434.5,23095,22783
434.6,23099,22794
434.7,23105,22798
434.8,23111,22801
434.9,23117,22809
435.0,23122,22816
435.1,23131,22820
435.2,23136,22825
435.3,23144,22833
435.4,23146,22835
435.5,23151,22843
435.6,23152,22854
435.7,23158,22860
435.8,23163,22863
435.9,23172,22869
436.0,23174,22874
436.1,23177,22881
436.2,23184,22885
436.3,23189,22893
436.4,23191,22902
436.5,23199,22910
436.6,23204,22915
436.7,23207,22924
436.8,23207,22934
436.9,23217,22937
437.0,23223,22944
437.1,23231,22954
437.2,23240,22961
437.3,23249,22965
437.4,23258,22975
437.5,23265,22979
437.6,23267,22983
437.7,23274,22990
437.8,23277,22998
437.9,23276,23004
438.0,23280,23013
438.1,23284,23018
438.2,23290,23025
438.3,23295,23028
438.4,23305,23037
438.5,23307,23042
438.6,23310,23051
438.7,23316,23056
438.8,23326,23058
438.9,23333,23061
439.0,23339,23068
439.1,23349,23077
439.2,23350,23081
439.3,23357,23087
439.4,23363,23093
439.5,23371,23100
439.6,23379,23102
439.7,23382,23106
439.8,23392,23109
439.9,23401,23117
440.0,23406,23125
440.1,23411,23132
440.2,23417,23137
440.3,23425,23144
440.4,23428,23149
440.5,23431,23156
440.6,23435,23167
440.7,23437,23171
440.8,23439,23175
440.9,23442,23175
441.0,23448,23182
441.1,23457,23190
441.2,23467,23198
441.3,23479,23202
441.4,23487,23209
441.5,23492,23215
441.6,23500,23224
441.7,23507,23230
441.8,23511,23235
441.9,23522,23241
442.0,23525,23247
442.1,23533,23256
442.2,23538,23266
442.3,23545,23280
442.4,23546,23291
442.5,23553,23297
442.6,23563,23301
442.7,23572,23307
442.8,23580,23315
442.9,23585,23322
443.0,23595,23324
443.1,23605,23332
443.2,23613,23339
443.3,23616,23343
443.4,23620,23353
443.5,23629,23360
443.6,23632,23366
443.7,23638,23370
443.8,23645,23377
443.9,23650,23384
444.0,23656,23393
444.1,23662,23403
444.2,23672,23407
444.3,23679,23415
444.4,23688,23419
444.5,23692,23422
444.6,23700,23430
444.7,23703,23438
444.8,23709,23444
444.9,23711,23446
445.0,23714,23453
445.1,23720,23455
445.2,23729,23457
445.3,23732,23464
445.4,23738,23472
445.5,23753,23480
445.6,23766,23481
445.7,23775,23484
445.8,23779,23492
445.9,23783,23497
446.0,23788,23502
446.1,23792,23505
446.2,23803,23508
446.3,23810,23515
446.4,23814,23526
446.5,23824,23535
446.6,23828,23540
446.7,23832,23544
446.8,23835,23552
446.9,23844,23557
447.0,23853,23565
447.1,23861,23570
447.2,23872,23574
447.3,23878,23582
447.4,23885,23589
447.5,23893,23596
447.6,23900,23599
447.7,23904,23606
447.8,23909,23608
447.9,23915,23615
448.0,23921,23614
448.1,23931,23622
448.2,23935,23628
448.3,23942,23636
448.4,23949,23647
448.5,23955,23657
448.6,23965,23662
448.7,23969,23664
448.8,23981,23670
448.9,23986,23683
449.0,23995,23689
449.1,24001,23696
449.2,24004,23700
449.3,24013,23706
449.4,24018,23715
449.5,24024,23718
449.6,24028,23726
449.7,24034,23731
449.8,24039,23737
449.9,24053,23745
450.0,24060,23750
450.1,24068,23755
450.2,24078,23763
450.3,24085,23772
450.4,24092,23784
450.5,24095,23790
450.6,24102,23800
450.7,24104,23808
450.8,24113,23815
450.9,24123,23821
451.0,24127,23834
451.1,24139,23837
451.2,24146,23848
451.3,24154,23854
451.4,24166,23864
451.5,24176,23870
451.6,24184,23876
451.7,24190,23884
451.8,24198,23893
451.9,24205,23899
452.0,24211,23906
452.1,24220,23915
452.2,24228,23922
452.3,24234,23927
452.4,24238,23934
452.5,24243,23937
452.6,24251,23942
452.7,24258,23950
452.8,24267,23961
452.9,24269,23968
453.0,24271,23975
453.1,24278,23985
453.2,24287,23995
453.3,24289,24001
453.4,24297,24009
453.5,24303,24012
453.6,24315,24023
453.7,24321,24031
453.8,24327,24045
453.9,24334,24054
454.0,24340,24063
454.1,24349,24068
454.2,24360,24076
454.3,24367,24085
454.4,24375,24092
454.5,24379,24098
454.6,24380,24104
454.7,24390,24110
454.8,24398,24117
454.9,24406,24121
455.0,24412,24130
455.1,24418,24135
455.2,24425,24139
455.3,24434,24147
455.4,24442,24149
455.5,24448,24154
455.6,24458,24162
455.7,24467,24170
455.8,24476,24174
455.9,24482,24179
456.0,24487,24182
456.1,24495,24188
456.2,24501,24196
456.3,24507,24203
456.4,24511,24207
456.5,24510,24216
456.6,24521,24227
456.7,24527,24233
456.8,24533,24247
456.9,24542,24258
457.0,24547,24263
457.1,24553,24272
457.2,24562,24279
457.3,24570,24287
457.4,24571,24287
457.5,24577,24293
457.6,24587,24296
457.7,24594,24304
457.8,24600,24311
457.9,24607,24320
458.0,24620,24333
458.1,24628,24340
458.2,24638,24347
458.3,24643,24356
458.4,24644,24364
458.5,24656,24370
458.6,24663,24377
458.7,24674,24381
458.8,24684,24390
458.9,24690,24397
459.0,24700,24402
459.1,24706,24411
459.2,24710,24421
459.3,24716,24428
459.4,24716,24435
459.5,24727,24442
459.6,24738,24451
459.7,24743,24461
459.8,24752,24467
459.9,24760,24474
460.0,24765,24482
460.1,24773,24488
460.2,24781,24498
460.3,24789,24500
460.4,24800,24510
460.5,24804,24518
460.6,24807,24528
460.7,24812,24535
460.8,24820,24543
460.9,24829,24553
461.0,24840,24563
461.1,24843,24571
461.2,24849,24581
461.3,24861,24585
461.4,24865,24589
461.5,24867,24595
461.6,24876,24604
461.7,24885,24610
461.8,24891,24619
461.9,24897,24626
462.0,24905,24637
462.1,24912,24645
462.2,24919,24654
462.3,24925,24663
462.4,24931,24672
462.5,24934,24677
462.6,24937,24681
462.7,24945,24688
462.8,24954,24696
462.9,24966,24706
463.0,24975,24715
463.1,24981,24720
463.2,24990,24729
463.3,24996,24738
463.4,25009,24745
463.5,25017,24750
463.6,25028,24756
463.7,25033,24765
463.8,25040,24775
463.9,25046,24784
464.0,25053,24789
464.1,25064,24791
464.2,25073,24797
464.3,25077,24803
464.4,25088,24812
464.5,25095,24821
464.6,25097,24828
464.7,25103,24837
464.8,25113,24848
464.9,25118,24859
465.0,25127,24865
465.1,25132,24873
465.2,25140,24881
465.3,25148,24886
465.4,25154,24893
465.5,25159,24901
465.6,25168,24908
465.7,25181,24917
465.8,25188,24924
465.9,25196,24929
466.0,25204,24937
466.1,25211,24942
466.2,25220,24949
466.3,25226,24954
466.4,25233,24958
466.5,25242,24966
466.6,25251,24974
466.7,25253,24983
466.8,25261,24993
466.9,25271,25001
467.0,25278,25003
467.1,25287,25010
467.2,25295,25017
467.3,25302,25025
467.4,25309,25032
467.5,25319,25044
467.6,25328,25050
467.7,25337,25060
467.8,25344,25067
467.9,25350,25072
468.0,25361,25081
468.1,25365,25086
468.2,25372,25101
468.3,25380,25111
468.4,25387,25117
468.5,25393,25126
468.6,25397,25137
468.7,25402,25141
468.8,25412,25149
468.9,25417,25157
469.0,25427,25165
469.1,25434,25174
469.2,25439,25181
469.3,25449,25187
469.4,25454,25197
469.5,25460,25199
469.6,25465,25208
469.7,25470,25219
469.8,25474,25226
469.9,25485,25233
470.0,25495,25239
470.1,25501,25251
470.2,25511,25260
470.3,25517,25269
470.4,25524,25273
470.5,25526,25280
470.6,25534,25290
470.7,25542,25304
470.8,25547,25313
470.9,25554,25320
471.0,25564,25326
471.1,25570,25334
471.2,25576,25339
471.3,25579,25343
471.4,25593,25347
471.5,25602,25356
471.6,25611,25364
471.7,25614,25372
471.8,25621,25378
471.9,25630,25385
472.0,25634,25394
472.1,25638,25406
472.2,25646,25416
472.3,25660,25424
472.4,25667,25430
472.5,25678,25437
472.6,25687,25446
472.7,25697,25452
472.8,25706,25458
472.9,25711,25466
473.0,25713,25477
473.1,25722,25485
473.2,25730,25493
473.3,25738,25502
473.4,25746,25514
473.5,25752,25521
473.6,25762,25529
473.7,25773,25540
473.8,25779,25551
473.9,25788,25557
474.0,25796,25564
474.1,25802,25569
474.2,25808,25578
474.3,25811,25585
474.4,25819,25599
474.5,25824,25610
474.6,25831,25616
474.7,25838,25623
474.8,25844,25629
474.9,25853,25632
475.0,25865,25637
475.1,25875,25646
475.2,25880,25655
475.3,25883,25664
475.4,25891,25674
475.5,25901,25686
475.6,25912,25695
475.7,25921,25705
475.8,25925,25713
475.9,25936,25720
476.0,25944,25730
476.1,25951,25737
476.2,25955,25747
476.3,25965,25753
476.4,25971,25759
476.5,25977,25771
476.6,25982,25780
476.7,25992,25789
476.8,25997,25793
476.9,26003,25799
477.0,26010,25809
477.1,26021,25816
477.2,26028,25826
477.3,26033,25833
477.4,26038,25841
477.5,26048,25850
477.6,26055,25859
477.7,26059,25864
477.8,26066,25871
477.9,26076,25883
478.0,26084,25893
478.1,26091,25901
478.2,26103,25908
478.3,26113,25914
478.4,26120,25923
478.5,26127,25934
478.6,26137,25940
478.7,26149,25946
478.8,26159,25950
478.9,26172,25961
479.0,26181,25968
479.1,26182,25975
479.2,26189,25979
479.3,26198,25988
479.4,26202,25993
479.5,26213,26000
479.6,26219,26009
479.7,26226,26017
479.8,26235,26023
479.9,26242,26029
480.0,26250,26037
480.1,26258,26046
480.2,26268,26054
480.3,26273,26062
480.4,26279,26068
480.5,26289,26078
480.6,26296,26086
480.7,26306,26094
480.8,26315,26102
480.9,26325,26111
481.0,26334,26119
481.1,26341,26123
481.2,26349,26131
481.3,26359,26134
481.4,26362,26146
481.5,26367,26153
481.6,26373,26165
481.7,26380,26174
481.8,26385,26180
481.9,26392,26189
482.0,26401,26195
482.1,26411,26208
482.2,26421,26216
482.3,26433,26228
482.4,26442,26238
482.5,26453,26252
482.6,26460,26259
482.7,26471,26266
482.8,26478,26277
482.9,26487,26288
483.0,26495,26301
483.1,26504,26311
483.2,26514,26318
483.3,26528,26319
483.4,26535,26324
483.5,26543,26329
483.6,26548,26339
483.7,26558,26347
483.8,26570,26356
483.9,26581,26365
484.0,26587,26372
484.1,26591,26377
484.2,26601,26387
484.3,26606,26390
484.4,26615,26393
484.5,26623,26402
484.6,26629,26415
484.7,26636,26426
484.8,26647,26435
484.9,26654,26441
485.0,26663,26447
485.1,26671,26454
485.2,26683,26464
485.3,26691,26473
485.4,26699,26478
485.5,26708,26490
485.6,26717,26499
485.7,26726,26510
485.8,26735,26523
485.9,26744,26534
486.0,26755,26543
486.1,26766,26553
486.2,26774,26567
486.3,26782,26573
486.4,26792,26582
486.5,26803,26586
486.6,26808,26593
486.7,26820,26600
486.8,26823,26610
486.9,26833,26616
487.0,26837,26627
487.1,26841,26636
487.2,26849,26642
487.3,26862,26650
487.4,26867,26660
487.5,26875,26668
487.6,26884,26675
487.7,26896,26686
487.8,26901,26692
487.9,26914,26699
488.0,26925,26702
488.1,26930,26711
488.2,26941,26722
488.3,26947,26732
488.4,26950,26738
488.5,26957,26748
488.6,26962,26752
488.7,26968,26758
488.8,26976,26764
488.9,26981,26771
489.0,26994,26775
489.1,27005,26780
489.2,27014,26787
489.3,27030,26794
489.4,27037,26800
489.5,27045,26808
489.6,27057,26819
489.7,27064,26830
489.8,27072,26838
489.9,27078,26845
490.0,27086,26850
490.1,27099,26858
490.2,27111,26867
490.3,27121,26879
490.4,27128,26888
490.5,27134,26897
490.6,27145,26905
490.7,27149,26913
490.8,27156,26920
490.9,27165,26929
491.0,27170,26936
491.1,27177,26945
491.2,27184,26953
491.3,27194,26964
491.4,27200,26979
491.5,27208,26984
491.6,27217,26992
491.7,27230,26998
491.8,27243,27009
491.9,27251,27016
492.0,27257,27026
492.1,27268,27033
492.2,27279,27039
492.3,27286,27046
492.4,27299,27052
492.5,27305,27054
492.6,27317,27063
492.7,27327,27068
492.8,27340,27077
492.9,27350,27084
493.0,27357,27091
493.1,27368,27099
493.2,27370,27104
493.3,27377,27114
493.4,27388,27121
493.5,27393,27129
493.6,27399,27138
493.7,27407,27143
493.8,27413,27151
493.9,27421,27163
494.0,27431,27174
494.1,27440,27181
494.2,27442,27187
494.3,27448,27192
494.4,27454,27199
494.5,27461,27205
494.6,27471,27210
494.7,27476,27222
494.8,27482,27222
494.9,27495,27227
495.0,27502,27236
495.1,27509,27244
495.2,27516,27248
495.3,27523,27253
495.4,27532,27257
495.5,27543,27264
495.6,27552,27274
495.7,27564,27286
495.8,27572,27294
495.9,27583,27304
496.0,27588,27309
496.1,27595,27314
496.2,27604,27325
496.3,27614,27333
496.4,27626,27341
496.5,27632,27343
496.6,27643,27351
496.7,27649,27363
496.8,27657,27371
496.9,27665,27376
497.0,27673,27384
497.1,27682,27392
497.2,27691,27397
497.3,27699,27409
497.4,27708,27421
497.5,27719,27432
497.6,27726,27440
497.7,27732,27446
497.8,27741,27455
497.9,27751,27464
498.0,27761,27473
498.1,27773,27482
498.2,27783,27496
498.3,27793,27503
498.4,27802,27511
498.5,27812,27520
498.6,27819,27528
498.7,27825,27537
498.8,27837,27542
498.9,27846,27550
499.0,27852,27561
499.1,27858,27571
499.2,27866,27581
499.3,27876,27590
499.4,27884,27596
499.5,27894,27602
499.6,27903,27609
499.7,27911,27616
499.8,27924,27622
499.9,27934,27631
500.0,27945,27638
500.1,27949,27648
500.2,27958,27659
500.3,27965,27667
500.4,27967,27679
500.5,27974,27690
500.6,27981,27696
500.7,27991,27706
500.8,27999,27712
500.9,28008,27721
501.0,28017,27728
501.1,28023,27740
501.2,28036,27745
501.3,28037,27754
501.4,28046,27762
501.5,28057,27773
501.6,28061,27780
501.7,28064,27792
501.8,28071,27804
501.9,28079,27811
502.0,28086,27818
502.1,28098,27825
502.2,28108,27833
502.3,28112,27842
502.4,28123,27847
502.5,28128,27857
502.6,28137,27863
502.7,28148,27872
502.8,28154,27881
502.9,28160,27892
503.0,28168,27899
503.1,28176,27905
503.2,28184,27915
503.3,28193,27922
503.4,28204,27934
503.5,28212,27943
503.6,28220,27954
503.7,28224,27963
503.8,28233,27971
503.9,28242,27980
504.0,28251,27987
504.1,28259,27995
504.2,28270,28002
504.3,28277,28008
504.4,28291,28019
504.5,28296,28030
504.6,28307,28036
504.7,28316,28047
504.8,28320,28058
504.9,28325,28067
505.0,28329,28073
505.1,28336,28082
505.2,28347,28093
505.3,28359,28100
505.4,28363,28112
505.5,28368,28122
505.6,28378,28132
505.7,28384,28141
505.8,28392,28144
505.9,28399,28154
506.0,28408,28163
506.1,28420,28170
506.2,28429,28183
506.3,28432,28191
506.4,28437,28199
506.5,28446,28213
506.6,28454,28219
506.7,28463,28225
506.8,28473,28236
506.9,28478,28242
507.0,28489,28247
507.1,28496,28252
507.2,28506,28265
507.3,28518,28274
507.4,28521,28279
507.5,28530,28282
507.6,28543,28290
507.7,28549,28298
507.8,28558,28307
507.9,28569,28319
508.0,28577,28325
508.1,28585,28333
508.2,28592,28342
508.3,28598,28352
508.4,28602,28355
508.5,28607,28359
508.6,28620,28360
508.7,28630,28368
508.8,28639,28375
508.9,28649,28379
509.0,28659,28387
509.1,28665,28402
509.2,28674,28415
509.3,28683,28423
509.4,28694,28429
509.5,28704,28432
509.6,28710,28439
509.7,28718,28445
509.8,28727,28451
509.9,28732,28460
510.0,28735,28464
510.1,28741,28471
510.2,28745,28486
510.3,28752,28494
510.4,28760,28503
510.5,28769,28508
510.6,28772,28518
510.7,28782,28527
510.8,28792,28535
510.9,28805,28542
511.0,28815,28553
511.1,28819,28562
511.2,28823,28571
511.3,28830,28576
511.4,28837,28579
511.5,28844,28587
511.6,28851,28596
511.7,28859,28605
511.8,28865,28611
511.9,28873,28619
512.0,28880,28625
512.1,28885,28636
512.2,28897,28642
512.3,28909,28648
512.4,28918,28658
512.5,28928,28663
512.6,28934,28672
512.7,28940,28680
512.8,28942,28687
512.9,28950,28695
513.0,28954,28702
513.1,28958,28707
513.2,28970,28715
513.3,28978,28716
513.4,28985,28726
513.5,29000,28734
513.6,29008,28743
513.7,29012,28750
513.8,29019,28760
513.9,29027,28767
514.0,29036,28777
514.1,29043,28787
514.2,29052,28794
514.3,29056,28797
514.4,29070,28807
514.5,29081,28816
514.6,29090,28822
514.7,29096,28830
514.8,29104,28842
514.9,29109,28849
515.0,29116,28856
515.1,29124,28867
515.2,29133,28876
515.3,29141,28885
515.4,29148,28894
515.5,29157,28902
515.6,29166,28906
515.7,29173,28917
515.8,29181,28924
515.9,29193,28928
516.0,29205,28936
516.1,29213,28939
516.2,29222,28945
516.3,29226,28958
516.4,29238,28965
516.5,29244,28976
516.6,29255,28985
516.7,29261,28994
516.8,29269,29001
516.9,29276,29010
517.0,29277,29017
517.1,29287,29024
517.2,29296,29031
517.3,29303,29041
517.4,29308,29043
517.5,29309,29049
517.6,29313,29054
517.7,29324,29059
517.8,29333,29064
517.9,29342,29071
518.0,29352,29076
518.1,29360,29084
518.2,29365,29095
518.3,29368,29104
518.4,29375,29112
518.5,29387,29120
518.6,29396,29125
518.7,29406,29134
518.8,29412,29147
518.9,29417,29158
519.0,29423,29167
519.1,29430,29176
519.2,29445,29186
519.3,29453,29201
519.4,29456,29211
519.5,29464,29219
519.6,29478,29228
519.7,29487,29234
519.8,29493,29241
519.9,29503,29253
520.0,29516,29265
520.1,29522,29274
520.2,29528,29280
520.3,29534,29282
520.4,29545,29294
520.5,29556,29303
520.6,29564,29315
520.7,29572,29321
520.8,29579,29330
520.9,29589,29336
521.0,29594,29347
521.1,29604,29355
521.2,29611,29369
521.3,29617,29379
521.4,29625,29389
521.5,29628,29403
521.6,29635,29410
521.7,29639,29419
521.8,29648,29425
521.9,29655,29434
522.0,29669,29439
522.1,29679,29449
522.2,29686,29461
522.3,29695,29469
522.4,29699,29474
522.5,29709,29482
522.6,29714,29485
522.7,29719,29495
522.8,29726,29503
522.9,29733,29512
523.0,29742,29517
523.1,29754,29525
523.2,29762,29529
523.3,29771,29537
523.4,29783,29547
523.5,29796,29551
523.6,29805,29558
523.7,29810,29571
523.8,29819,29578
523.9,29829,29584
524.0,29836,29588
524.1,29843,29594
524.2,29851,29600
524.3,29860,29610
524.4,29868,29623
524.5,29877,29630
524.6,29886,29641
524.7,29892,29647
524.8,29903,29653
524.9,29913,29662
525.0,29923,29669
525.1,29928,29678
525.2,29937,29689
525.3,29946,29701
525.4,29949,29709
525.5,29957,29716
525.6,29967,29724
525.7,29975,29732
525.8,29982,29742
525.9,29994,29749
526.0,30002,29758
526.1,30011,29770
526.2,30022,29776
526.3,30028,29785
526.4,30036,29794
526.5,30046,29801
526.6,30059,29810
526.7,30069,29818
526.8,30077,29824
526.9,30082,29828
527.0,30090,29834
527.1,30097,29844
527.2,30105,29849
527.3,30112,29858
527.4,30122,29865
527.5,30129,29879
527.6,30133,29886
527.7,30138,29894
527.8,30145,29903
527.9,30153,29913
528.0,30160,29922
528.1,30165,29928
528.2,30175,29936
528.3,30184,29943
528.4,30189,29951
528.5,30197,29955
528.6,30206,29963
528.7,30214,29970
528.8,30222,29980
528.9,30228,29994
529.0,30235,30005
529.1,30242,30013
529.2,30247,30021
529.3,30249,30033
529.4,30256,30035
529.5,30262,30044
529.6,30266,30051
529.7,30273,30057
529.8,30283,30065
529.9,30291,30075
530.0,30299,30077
530.1,30306,30088
530.2,30317,30098
530.3,30325,30101
530.4,30331,30105
530.5,30342,30111
530.6,30352,30121
530.7,30362,30127
530.8,30367,30135
530.9,30379,30145
531.0,30386,30147
531.1,30395,30154
531.2,30401,30165
531.3,30410,30170
531.4,30416,30182
531.5,30425,30186
531.6,30433,30191
531.7,30444,30199
531.8,30454,30207
531.9,30468,30212
532.0,30476,30221
532.1,30484,30229
532.2,30492,30238
532.3,30499,30246
532.4,30505,30255
532.5,30513,30260
532.6,30521,30269
532.7,30530,30279
532.8,30541,30286
532.9,30552,30297
533.0,30557,30305
533.1,30563,30314
533.2,30568,30322
533.3,30572,30333
533.4,30575,30346
533.5,30587,30353
533.6,30594,30361
533.7,30603,30373
533.8,30611,30383
533.9,30612,30390
534.0,30624,30399
534.1,30628,30407
534.2,30633,30420
534.3,30642,30432
534.4,30649,30449
534.5,30660,30457
534.6,30670,30461
534.7,30675,30466
534.8,30684,30472
534.9,30694,30474
535.0,30701,30480
535.1,30706,30491
535.2,30716,30498
535.3,30721,30506
535.4,30730,30519
535.5,30740,30525
535.6,30750,30527
535.7,30757,30533
535.8,30767,30540
535.9,30777,30549
536.0,30784,30552
536.1,30793,30561
536.2,30800,30572
536.3,30807,30579
536.4,30815,30586
536.5,30821,30593
536.6,30827,30600
536.7,30833,30605
536.8,30839,30614
536.9,30846,30625
537.0,30852,30634
537.1,30861,30643
537.2,30871,30653
537.3,30883,30661
537.4,30895,30664
537.5,30900,30671
537.6,30909,30675
537.7,30917,30685
537.8,30925,30695
537.9,30932,30704
538.0,30944,30712
538.1,30953,30720
538.2,30962,30729
538.3,30966,30737
538.4,30974,30741
538.5,30983,30746
538.6,30993,30755
538.7,31002,30766
538.8,31009,30772
538.9,31020,30781
539.0,31027,30789
539.1,31037,30801
539.2,31045,30807
539.3,31050,30815
539.4,31050,30826
539.5,31056,30829
539.6,31065,30836
539.7,31069,30844
539.8,31073,30853
539.9,31082,30860
540.0,31092,30863
540.1,31094,30867
540.2,31105,30873
540.3,31115,30876
540.4,31119,30880
540.5,31127,30889
540.6,31130,30896
540.7,31141,30899
540.8,31147,30905
540.9,31151,30909
541.0,31160,30916
541.1,31169,30923
541.2,31178,30928
541.3,31184,30935
541.4,31186,30943
541.5,31192,30948
541.6,31201,30957
541.7,31208,30960
541.8,31216,30966
541.9,31223,30975
542.0,31227,30984
542.1,31232,30991
542.2,31240,30999
542.3,31246,31009
542.4,31256,31014
542.5,31261,31021
542.6,31263,31025
542.7,31272,31028
542.8,31280,31035
542.9,31284,31047
543.0,31290,31058
543.1,31299,31066
543.2,31308,31074
543.3,31314,31084
543.4,31318,31095
543.5,31326,31102
543.6,31333,31106
543.7,31340,31110
543.8,31345,31122
543.9,31352,31127
544.0,31361,31132
544.1,31370,31140
544.2,31375,31149
544.3,31386,31155
544.4,31398,31161
544.5,31405,31175
544.6,31413,31183
544.7,31422,31194
544.8,31432,31198
544.9,31439,31211
545.0,31449,31223
545.1,31452,31234
545.2,31456,31239
545.3,31463,31247
545.4,31471,31254
545.5,31474,31265
545.6,31486,31272
545.7,31493,31282
545.8,31497,31287
545.9,31505,31293
546.0,31507,31298
546.1,31515,31305
546.2,31524,31309
546.3,31529,31319
546.4,31542,31328
546.5,31548,31333
546.6,31555,31341
546.7,31562,31345
546.8,31567,31350
546.9,31576,31358
547.0,31582,31365
547.1,31589,31374
547.2,31595,31378
547.3,31603,31385
547.4,31611,31394
547.5,31616,31398
547.6,31621,31404
547.7,31632,31409
547.8,31641,31416
547.9,31648,31424
548.0,31654,31432
548.1,31663,31435
548.2,31668,31444
548.3,31672,31448
548.4,31680,31455
548.5,31691,31465
548.6,31700,31474
548.7,31706,31478
548.8,31714,31487
548.9,31718,31493
549.0,31724,31501
549.1,31731,31509
549.2,31740,31518
549.3,31753,31524
549.4,31761,31527
549.5,31768,31533
549.6,31773,31538
549.7,31780,31547
549.8,31787,31554
549.9,31797,31557
550.0,31806,31565
550.1,31810,31569
550.2,31815,31573
550.3,31822,31577
550.4,31825,31583
550.5,31828,31586
550.6,31834,31594
550.7,31840,31601
550.8,31847,31608
550.9,31854,31616
551.0,31862,31622
551.1,31864,31627
551.2,31871,31638
551.3,31879,31648
551.4,31888,31656
551.5,31896,31661
551.6,31905,31669
551.7,31909,31675
551.8,31917,31684
551.9,31929,31688
552.0,31932,31691
552.1,31939,31698
552.2,31945,31704
552.3,31951,31709
552.4,31956,31714
552.5,31960,31720
552.6,31968,31722
552.7,31976,31726
552.8,31981,31733
552.9,31988,31738
553.0,31995,31745
553.1,32002,31755
553.2,32008,31762
553.3,32018,31768
553.4,32022,31770
553.5,32030,31778
553.6,32035,31783
553.7,32043,31782
553.8,32052,31789
553.9,32052,31793
554.0,32060,31799
554.1,32067,31807
554.2,32072,31815
554.3,32079,31824
554.4,32086,31832
554.5,32090,31836
554.6,32096,31842
554.7,32100,31849
554.8,32106,31854
554.9,32110,31862
555.0,32121,31868
555.1,32128,31876
555.2,32133,31885
555.3,32137,31892
555.4,32143,31897
555.5,32151,31906
555.6,32156,31912
555.7,32163,31921
555.8,32173,31931
555.9,32179,31936
556.0,32188,31944
556.1,32190,31954
556.2,32194,31960
556.3,32198,31964
556.4,32205,31971
556.5,32211,31981
556.6,32217,31983
556.7,32226,31990
556.8,32230,32002
556.9,32234,32011
557.0,32245,32020
557.1,32250,32025
557.2,32257,32035
557.3,32260,32040
557.4,32265,32047
557.5,32266,32057
557.6,32271,32065
557.7,32279,32072
557.8,32284,32080
557.9,32294,32087
558.0,32295,32093
558.1,32303,32101
558.2,32308,32110
558.3,32316,32116
558.4,32320,32120
558.5,32329,32128
558.6,32337,32136
558.7,32344,32140
558.8,32355,32148
558.9,32361,32156
559.0,32363,32161
559.1,32367,32164
559.2,32367,32169
559.3,32371,32175
559.4,32380,32178
559.5,32387,32183
559.6,32390,32186
559.7,32395,32196
559.8,32399,32204
559.9,32403,32207
560.0,32404,32213
560.1,32409,32219
560.2,32419,32226
560.3,32428,32231
560.4,32435,32238
560.5,32443,32245
560.6,32449,32252
560.7,32454,32254
560.8,32462,32258
560.9,32466,32266
561.0,32470,32271
561.1,32473,32279
561.2,32473,32282
561.3,32478,32283
561.4,32489,32285
561.5,32497,32295
561.6,32501,32300
561.7,32506,32306
561.8,32513,32309
561.9,32517,32312
562.0,32523,32316
562.1,32534,32323
562.2,32540,32330
562.3,32545,32338
562.4,32551,32342
562.5,32555,32350
562.6,32560,32355
562.7,32564,32358
562.8,32568,32364
562.9,32574,32367
563.0,32579,32372
563.1,32585,32382
563.2,32588,32388
563.3,32596,32393
563.4,32604,32400
563.5,32613,32406
563.6,32619,32411
563.7,32629,32417
563.8,32635,32420
563.9,32643,32427
564.0,32645,32435
564.1,32655,32442
564.2,32661,32447
564.3,32667,32448
564.4,32671,32456
564.5,32679,32462
564.6,32685,32469
564.7,32692,32476
564.8,32699,32485
564.9,32701,32498
565.0,32706,32500
565.1,32713,32508
565.2,32716,32516
565.3,32716,32523
565.4,32724,32528
565.5,32732,32534
565.6,32739,32545
565.7,32742,32550
565.8,32747,32555
565.9,32748,32561
566.0,32757,32567
566.1,32762,32576
566.2,32771,32579
566.3,32771,32584
566.4,32773,32586
566.5,32780,32593
566.6,32787,32600
566.7,32796,32607
566.8,32799,32615
566.9,32803,32623
567.0,32813,32631
567.1,32816,32640
567.2,32824,32641
567.3,32834,32653
567.4,32842,32661
567.5,32848,32659
567.6,32852,32661
567.7,32858,32667
567.8,32864,32672
567.9,32871,32677
568.0,32875,32685
568.1,32881,32691
568.2,32882,32696
568.3,32890,32697
568.4,32896,32704
568.5,32895,32708
568.6,32904,32711
568.7,32908,32718
568.8,32914,32727
568.9,32919,32731
569.0,32925,32737
569.1,32931,32741
569.2,32938,32743
569.3,32942,32752
569.4,32949,32756
569.5,32956,32766
569.6,32961,32773
569.7,32964,32779
569.8,32966,32783
569.9,32973,32784
570.0,32974,32791
570.1,32981,32793
570.2,32988,32800
570.3,32996,32808
570.4,33004,32813
570.5,33005,32821
570.6,33010,32827
570.7,33016,32839
570.8,33016,32845
570.9,33022,32853
571.0,33026,32858
571.1,33029,32861
571.2,33038,32873
571.3,33041,32881
571.4,33046,32884
571.5,33051,32888
571.6,33053,32892
571.7,33059,32900
571.8,33066,32905
571.9,33070,32908
572.0,33076,32911
572.1,33083,32920
572.2,33089,32926
572.3,33095,32933
572.4,33094,32940
572.5,33100,32945
572.6,33105,32953
572.7,33111,32959
572.8,33122,32967
572.9,33132,32974
573.0,33138,32979
573.1,33148,32985
573.2,33155,32988
573.3,33162,32993
573.4,33164,33000
573.5,33164,33010
573.6,33171,33017
573.7,33176,33021
573.8,33184,33031
573.9,33192,33034
574.0,33201,33039
574.1,33205,33039
574.2,33212,33042
574.3,33216,33046
574.4,33223,33049
574.5,33225,33054
574.6,33231,33063
574.7,33235,33072
574.8,33243,33077
574.9,33250,33083
575.0,33258,33088
575.1,33260,33095
575.2,33267,33102
575.3,33271,33108
575.4,33274,33114
575.5,33280,33119
575.6,33286,33125
575.7,33284,33125
575.8,33286,33124
575.9,33286,33130
576.0,33292,33133
576.1,33300,33139
576.2,33308,33143
576.3,33311,33152
576.4,33318,33157
576.5,33324,33162
576.6,33329,33168
576.7,33330,33170
576.8,33339,33169
576.9,33342,33175
577.0,33349,33179
577.1,33358,33186
577.2,33367,33186
577.3,33374,33193
577.4,33380,33200
577.5,33387,33201
577.6,33389,33206
577.7,33398,33210
577.8,33401,33220
577.9,33404,33225
578.0,33412,33228
578.1,33424,33234
578.2,33431,33235
578.3,33436,33244
578.4,33441,33248
578.5,33447,33253
578.6,33451,33254
578.7,33456,33257
578.8,33460,33263
578.9,33465,33267
579.0,33470,33271
579.1,33475,33276
579.2,33480,33281
579.3,33485,33284
579.4,33491,33287
579.5,33496,33286
579.6,33500,33295
579.7,33504,33297
579.8,33510,33301
579.9,33514,33307
580.0,33517,33309
580.1,33523,33316
580.2,33529,33325
580.3,33536,33329
580.4,33538,33334
580.5,33542,33337
580.6,33549,33340
580.7,33551,33339
580.8,33557,33338
580.9,33561,33345
581.0,33567,33346
581.1,33566,33349
581.2,33575,33349
581.3,33581,33350
581.4,33586,33356
581.5,33591,33366
581.6,33596,33369
581.7,33599,33372
581.8,33604,33378
581.9,33610,33380
582.0,33614,33386
582.1,33618,33392
582.2,33619,33395
582.3,33625,33395
582.4,33625,33399
582.5,33633,33407
582.6,33638,33413
582.7,33644,33419
582.8,33644,33421
582.9,33650,33426
583.0,33654,33430
583.1,33659,33435
583.2,33660,33441
583.3,33659,33446
583.4,33663,33445
583.5,33662,33448
583.6,33666,33452
583.7,33672,33453
583.8,33675,33453
583.9,33682,33458
584.0,33689,33463
584.1,33694,33466
584.2,33701,33468
584.3,33704,33476
584.4,33708,33480
584.5,33715,33482
584.6,33714,33485
584.7,33719,33487
584.8,33724,33490
584.9,33729,33495
585.0,33732,33498
585.1,33740,33502
585.2,33745,33507
585.3,33751,33513
585.4,33757,33518
585.5,33770,33522
585.6,33772,33527
585.7,33778,33531
585.8,33782,33535
585.9,33785,33539
586.0,33789,33540
586.1,33789,33545
586.2,33791,33548
586.3,33798,33554
586.4,33798,33557
586.5,33802,33559
586.6,33807,33562
586.7,33817,33564
586.8,33821,33569
586.9,33824,33574
587.0,33829,33579
587.1,33836,33583
587.2,33841,33588
587.3,33847,33592
587.4,33850,33593
587.5,33858,33596
587.6,33867,33600
587.7,33870,33603
587.8,33877,33603
587.9,33880,33611
588.0,33884,33617
588.1,33886,33621
588.2,33890,33621
588.3,33891,33624
588.4,33891,33630
588.5,33893,33634
588.6,33899,33637
588.7,33904,33641
588.8,33904,33644
588.9,33909,33649
589.0,33916,33652
589.1,33921,33660
589.2,33924,33663
589.3,33924,33664
589.4,33929,33664
589.5,33940,33667
589.6,33943,33674
589.7,33946,33681
589.8,33956,33683
589.9,33961,33689
590.0,33968,33693
590.1,33972,33700
590.2,33976,33704
590.3,33981,33711
590.4,33986,33713
590.5,33991,33720
590.6,33998,33723
590.7,34002,33729
590.8,34009,33733
590.9,34013,33732
591.0,34018,33737
591.1,34018,33737
591.2,34019,33739
591.3,34022,33740
591.4,34025,33743
591.5,34029,33745
591.6,34035,33751
591.7,34037,33755
591.8,34046,33758
591.9,34051,33761
592.0,34050,33763
592.1,34055,33772
592.2,34056,33776
592.3,34061,33777
592.4,34066,33781
592.5,34070,33787
592.6,34077,33793
592.7,34082,33798
592.8,34082,33801
592.9,34088,33804
593.0,34100,33809
593.1,34107,33810
593.2,34115,33811
593.3,34120,33814
593.4,34122,33815
593.5,34124,33818
593.6,34128,33821
593.7,34131,33827
593.8,34138,33828
593.9,34140,33832
594.0,34148,33832
594.1,34151,33835
594.2,34157,33838
594.3,34161,33839
594.4,34164,33844
594.5,34168,33847
594.6,34171,33852
594.7,34182,33856
594.8,34187,33856
594.9,34192,33860
595.0,34201,33865
595.1,34200,33872
595.2,34208,33874
595.3,34209,33875
595.4,34210,33884
595.5,34215,33886
595.6,34219,33894
595.7,34225,33895
595.8,34230,33897
595.9,34234,33898
596.0,34239,33901
596.1,34246,33906
596.2,34249,33902
596.3,34254,33902
596.4,34262,33906
596.5,34264,33907
596.6,34264,33904
596.7,34268,33903
596.8,34274,33905
596.9,34278,33906
597.0,34286,33908
597.1,34294,33911
597.2,34298,33913
597.3,34301,33912
597.4,34303,33913
597.5,34309,33918
597.6,34314,33919
597.7,34320,33918
597.8,34322,33923
597.9,34328,33926
598.0,34330,33930
598.1,34332,33933
598.2,34334,33936
598.3,34342,33939
598.4,34346,33945
598.5,34343,33948
598.6,34346,33950
598.7,34343,33957
598.8,34348,33961
598.9,34351,33960
599.0,34357,33957
599.1,34361,33959
599.2,34366,33962
599.3,34371,33960
599.4,34374,33964
599.5,34375,33969
599.6,34379,33970
599.7,34379,33974
599.8,34381,33978
599.9,34387,33980
600.0,34386,33983
600.1,34391,33984
600.2,34395,33986
600.3,34399,33982
600.4,34405,33979
600.5,34406,33981
600.6,34404,33981
600.7,34406,33987
600.8,34405,33990
600.9,34412,33993
601.0,34416,33995
601.1,34417,33997
601.2,34418,34002
601.3,34422,34001
601.4,34427,34007
601.5,34430,34008
601.6,34434,34013
601.7,34439,34016
601.8,34441,34015
601.9,34444,34014
602.0,34447,34019
602.1,34446,34023
602.2,34449,34029
602.3,34453,34032
602.4,34455,34034
602.5,34459,34035
602.6,34466,34037
602.7,34470,34040
602.8,34472,34039
602.9,34476,34041
603.0,34476,34046
603.1,34480,34049
603.2,34488,34053
603.3,34492,34058
603.4,34498,34057
603.5,34502,34064
603.6,34506,34067
603.7,34507,34069
603.8,34509,34073
603.9,34510,34074
604.0,34514,34076
604.1,34517,34078
604.2,34523,34084
604.3,34527,34086
604.4,34530,34091
604.5,34535,34093
604.6,34539,34098
604.7,34543,34096
604.8,34548,34094
604.9,34555,34099
605.0,34561,34100
605.1,34564,34104
605.2,34571,34106
605.3,34577,34108
605.4,34580,34109
605.5,34579,34107
605.6,34584,34110
605.7,34584,34114
605.8,34589,34115
605.9,34593,34115
606.0,34601,34115
606.1,34604,34125
606.2,34605,34124
606.3,34611,34124
606.4,34613,34125
606.5,34615,34130
606.6,34620,34132
606.7,34622,34135
606.8,34622,34139
606.9,34624,34143
607.0,34626,34143
607.1,34629,34145
607.2,34633,34150
607.3,34637,34153
607.4,34641,34156
607.5,34642,34157
607.6,34642,34161
607.7,34652,34162
607.8,34655,34163
607.9,34656,34166
608.0,34657,34170
608.1,34663,34172
608.2,34662,34175
608.3,34665,34176
608.4,34667,34178
608.5,34669,34181
608.6,34673,34180
608.7,34675,34183
608.8,34682,34188
608.9,34684,34195
609.0,34688,34194
609.1,34693,34199
609.2,34696,34202
609.3,34694,34203
609.4,34701,34205
609.5,34707,34203
609.6,34712,34202
609.7,34713,34204
609.8,34715,34205
609.9,34714,34208
610.0,34716,34208
610.1,34720,34209
610.2,34721,34213
610.3,34723,34219
610.4,34724,34219
610.5,34729,34219
610.6,34731,34222
610.7,34733,34221
610.8,34736,34219
610.9,34735,34221
611.0,34738,34220
611.1,34741,34221
611.2,34742,34221
611.3,34745,34223
611.4,34753,34222
611.5,34760,34223
611.6,34762,34223
611.7,34761,34224
611.8,34767,34224
611.9,34771,34226
612.0,34777,34228
612.1,34784,34233
612.2,34788,34231
612.3,34790,34234
612.4,34796,34238
612.5,34802,34237
612.6,34800,34240
612.7,34797,34243
612.8,34800,34245
612.9,34802,34244
613.0,34801,34245
613.1,34802,34246
613.2,34802,34249
613.3,34807,34251
613.4,34803,34255
613.5,34808,34255
613.6,34809,34257
613.7,34814,34258
613.8,34816,34260
613.9,34818,34260
614.0,34824,34263
614.1,34826,34264
614.2,34830,34265
614.3,34831,34264
614.4,34835,34264
614.5,34837,34265
614.6,34839,34264
614.7,34848,34270
614.8,34854,34272
614.9,34857,34276
615.0,34860,34276
615.1,34864,34277
615.2,34867,34283
615.3,34869,34282
615.4,34873,34283
615.5,34876,34281
615.6,34882,34285
615.7,34888,34281
615.8,34891,34280
615.9,34898,34283
616.0,34898,34280
616.1,34900,34280
616.2,34900,34284
616.3,34899,34285
616.4,34903,34285
616.5,34909,34287
616.6,34909,34284
616.7,34910,34279
616.8,34910,34276
616.9,34914,34275
617.0,34917,34277
617.1,34925,34278
617.2,34929,34276
617.3,34930,34278
617.4,34932,34281
617.5,34932,34287
617.6,34935,34286
617.7,34938,34284
617.8,34940,34283
617.9,34945,34287
618.0,34950,34285
618.1,34949,34287
618.2,34950,34287
618.3,34955,34287
618.4,34956,34288
618.5,34959,34292
618.6,34959,34293
618.7,34964,34298
618.8,34968,34294
618.9,34967,34292
619.0,34968,34296
619.1,34973,34296
619.2,34976,34293
619.3,34978,34296
619.4,34981,34295
619.5,34988,34294
619.6,34991,34300
619.7,34993,34304
619.8,34997,34306
619.9,35003,34307
620.0,35005,34302
620.1,35012,34305
620.2,35018,34304
620.3,35019,34305
620.4,35022,34308
620.5,35028,34316
620.6,35036,34314
620.7,35037,34315
620.8,35038,34316
620.9,35041,34318
621.0,35044,34317
621.1,35047,34318
621.2,35053,34313
621.3,35058,34316
621.4,35058,34317
621.5,35061,34317
621.6,35069,34320
621.7,35070,34325
621.8,35070,34326
621.9,35077,34330
622.0,35076,34331
622.1,35078,34333
622.2,35085,34333
622.3,35091,34333
622.4,35094,34336
622.5,35096,34333
622.6,35096,34334
622.7,35101,34337
622.8,35103,34338
622.9,35104,34339
623.0,35107,34337
623.1,35113,34338
623.2,35115,34347
623.3,35123,34345
623.4,35127,34346
623.5,35127,34347
623.6,35129,34351
623.7,35130,34357
623.8,35136,34358
623.9,35140,34362
624.0,35147,34365
624.1,35153,34372
624.2,35156,34375
624.3,35160,34375
624.4,35165,34373
624.5,35166,34374
624.6,35171,34376
624.7,35172,34377
624.8,35172,34379
624.9,35173,34375
625.0,35175,34374
625.1,35181,34374
625.2,35180,34375
625.3,35178,34380
625.4,35179,34381
625.5,35178,34385
625.6,35183,34387
625.7,35182,34389
625.8,35186,34390
625.9,35184,34393
626.0,35188,34398
626.1,35193,34397
626.2,35197,34397
626.3,35206,34401
626.4,35214,34403
626.5,35222,34400
626.6,35224,34402
626.7,35227,34402
626.8,35232,34401
626.9,35231,34400
627.0,35233,34403
627.1,35236,34405
627.2,35239,34396
627.3,35237,34391
627.4,35240,34392
627.5,35243,34395
627.6,35242,34399
627.7,35250,34398
627.8,35258,34393
627.9,35263,34391
628.0,35268,34392
628.1,35268,34397
628.2,35274,34400
628.3,35280,34403
628.4,35283,34406
628.5,35283,34404
628.6,35292,34409
628.7,35296,34410
628.8,35298,34408
628.9,35301,34406
629.0,35299,34409
629.1,35304,34411
629.2,35306,34414
629.3,35308,34413
629.4,35307,34415
629.5,35309,34418
629.6,35315,34417
629.7,35318,34419
629.8,35320,34429
629.9,35322,34428
630.0,35325,34430
630.1,35327,34432
630.2,35331,34436
630.3,35333,34443
630.4,35332,34443
630.5,35335,34442
630.6,35343,34448
630.7,35352,34448
630.8,35354,34449
630.9,35358,34449
631.0,35362,34452
631.1,35368,34455
631.2,35371,34459
631.3,35366,34457
631.4,35370,34459
631.5,35373,34460
631.6,35379,34460
631.7,35380,34465
631.8,35382,34471
631.9,35383,34469
632.0,35385,34470
632.1,35388,34471
632.2,35390,34469
632.3,35392,34470
632.4,35393,34474
632.5,35397,34472
632.6,35404,34472
632.7,35408,34468
632.8,35407,34466
632.9,35412,34468
633.0,35416,34471
633.1,35416,34475
633.2,35421,34478
633.3,35424,34479
633.4,35422,34480
633.5,35425,34480
633.6,35422,34482
633.7,35425,34483
633.8,35428,34484
633.9,35430,34485
634.0,35432,34487
634.1,35436,34493
634.2,35440,34489
634.3,35441,34493
634.4,35443,34495
634.5,35444,34501
634.6,35449,34499
634.7,35449,34500
634.8,35452,34497
634.9,35452,34499
635.0,35460,34500
635.1,35465,34501
635.2,35465,34502
635.3,35470,34503
635.4,35476,34504
635.5,35474,34504
635.6,35477,34509
635.7,35481,34516
635.8,35484,34521
635.9,35484,34524
636.0,35484,34527
636.1,35488,34529
636.2,35492,34532
636.3,35495,34534
636.4,35496,34538
636.5,35494,34536
636.6,35494,34534
636.7,35497,34534
636.8,35503,34538
636.9,35504,34537
637.0,35510,34538
637.1,35511,34542
637.2,35516,34545
637.3,35524,34548
637.4,35528,34550
637.5,35531,34552
637.6,35534,34553
637.7,35541,34559
637.8,35547,34558
637.9,35547,34560
638.0,35548,34558
638.1,35552,34560
638.2,35557,34562
638.3,35561,34561
638.4,35567,34564
638.5,35574,34561
638.6,35577,34561
638.7,35581,34558
638.8,35587,34562
638.9,35588,34565
639.0,35593,34570
639.1,35594,34575
639.2,35597,34575
639.3,35596,34578
639.4,35599,34580
639.5,35600,34581
639.6,35600,34585
639.7,35607,34585
639.8,35608,34585
639.9,35613,34587
640.0,35619,34587
640.1,35624,34586
640.2,35628,34589
640.3,35635,34593
640.4,35638,34594
640.5,35644,34598
640.6,35645,34598
640.7,35644,34598
640.8,35649,34599
640.9,35654,34602
641.0,35668,34604
641.1,35675,34606
641.2,35677,34606
641.3,35679,34606
641.4,35681,34612
641.5,35680,34613
641.6,35679,34614
641.7,35676,34610
641.8,35679,34611
641.9,35682,34610
642.0,35682,34611
642.1,35685,34612
642.2,35687,34615
642.3,35692,34614
642.4,35696,34614
642.5,35702,34615
642.6,35707,34618
642.7,35704,34620
642.8,35709,34619
642.9,35713,34618
643.0,35719,34622
643.1,35728,34625
643.2,35733,34623
643.3,35733,34626
643.4,35736,34628
643.5,35742,34629
643.6,35747,34630
643.7,35749,34625
643.8,35755,34626
643.9,35762,34630
644.0,35766,34634
644.1,35771,34634
644.2,35777,34640
644.3,35784,34643
644.4,35788,34646
644.5,35789,34653
644.6,35788,34652
644.7,35795,34650
644.8,35800,34650
644.9,35801,34647
645.0,35802,34650
645.1,35800,34650
645.2,35803,34657
645.3,35805,34658
645.4,35810,34663
645.5,35815,34667
645.6,35821,34670
645.7,35827,34671
645.8,35827,34673
645.9,35832,34677
646.0,35838,34680
646.1,35837,34681
646.2,35843,34684
646.3,35845,34688
646.4,35848,34690
646.5,35847,34692
646.6,35849,34692
646.7,35852,34692
646.8,35856,34697
646.9,35864,34702
647.0,35869,34704
647.1,35876,34708
647.2,35880,34705
647.3,35880,34710
647.4,35883,34710
647.5,35892,34713
647.6,35891,34715
647.7,35894,34718
647.8,35901,34719
647.9,35898,34722
648.0,35901,34722
648.1,35906,34721
648.2,35910,34726
648.3,35912,34732
648.4,35918,34734
648.5,35924,34740
648.6,35926,34741
648.7,35934,34746
648.8,35934,34747
648.9,35935,34747
649.0,35938,34750
649.1,35941,34753
649.2,35945,34756
649.3,35946,34761
649.4,35951,34766
649.5,35953,34768
649.6,35959,34773
649.7,35967,34772
649.8,35968,34772
649.9,35974,34778
650.0,35981,34783
650.1,35979,34784
650.2,35987,34786
650.3,35987,34791
650.4,35989,34795
650.5,35993,34794
650.6,35999,34793
650.7,36004,34800
650.8,36009,34804
650.9,36014,34810
651.0,36017,34815
651.1,36019,34819
651.2,36027,34821
651.3,36027,34825
651.4,36028,34825
651.5,36035,34829
651.6,36037,34832
651.7,36041,34832
651.8,36043,34831
651.9,36048,34832
652.0,36049,34833
652.1,36050,34834
652.2,36053,34838
652.3,36053,34846
652.4,36055,34847
652.5,36055,34856
652.6,36059,34862
652.7,36061,34864
652.8,36065,34869
652.9,36073,34867
653.0,36076,34868
653.1,36083,34872
653.2,36090,34868
653.3,36096,34870
653.4,36102,34868
653.5,36103,34869
653.6,36107,34874
653.7,36114,34874
653.8,36113,34873
653.9,36117,34871
654.0,36120,34881
654.1,36125,34884
654.2,36131,34884
654.3,36137,34889
654.4,36142,34887
654.5,36142,34892
654.6,36143,34895
654.7,36147,34896
654.8,36151,34898
654.9,36156,34899
655.0,36163,34903
655.1,36167,34906
655.2,36175,34911
655.3,36176,34918
655.4,36175,34920
655.5,36182,34919
655.6,36192,34923
655.7,36190,34928
655.8,36195,34936
655.9,36198,34941
656.0,36207,34945
656.1,36211,34948
656.2,36214,34952
656.3,36221,34958
656.4,36225,34963
656.5,36230,34964
656.6,36234,34969
656.7,36240,34967
656.8,36244,34968
656.9,36249,34973
657.0,36255,34976
657.1,36256,34984
657.2,36259,34986
657.3,36264,34987
657.4,36268,34989
657.5,36274,34995
657.6,36278,34999
657.7,36286,34998
657.8,36290,35007
657.9,36294,35010
658.0,36296,35012
658.1,36296,35013
658.2,36300,35016
658.3,36302,35020
658.4,36307,35021
658.5,36313,35022
658.6,36318,35028
658.7,36320,35033
658.8,36321,35035
658.9,36326,35036
659.0,36331,35044
659.1,36339,35047
659.2,36344,35049
659.3,36350,35053
659.4,36352,35055
659.5,36355,35055
659.6,36357,35060
659.7,36360,35066
659.8,36360,35072
659.9,36366,35076
660.0,36370,35077
660.1,36375,35079
660.2,36386,35083
660.3,36393,35082
660.4,36395,35082
660.5,36404,35085
660.6,36409,35085
660.7,36412,35090
660.8,36422,35094
660.9,36432,35096
661.0,36435,35102
661.1,36442,35109
661.2,36450,35113
661.3,36455,35119
661.4,36463,35122
661.5,36468,35131
661.6,36470,35132
661.7,36476,35141
661.8,36480,35148
661.9,36483,35152
662.0,36486,35160
662.1,36489,35160
662.2,36498,35160
662.3,36503,35168
662.4,36508,35176
662.5,36507,35180
662.6,36514,35180
662.7,36516,35185
662.8,36518,35195
662.9,36522,35202
663.0,36526,35210
663.1,36531,35212
663.2,36533,35220
663.3,36541,35223
663.4,36544,35228
663.5,36545,35234
663.6,36552,35236
663.7,36555,35240
663.8,36559,35246
663.9,36562,35256
664.0,36571,35259
664.1,36575,35259
664.2,36580,35262
664.3,36587,35264
664.4,36592,35266
664.5,36597,35272
664.6,36602,35274
664.7,36608,35278
664.8,36612,35280
664.9,36614,35279
665.0,36618,35287
665.1,36623,35292
665.2,36621,35298
665.3,36622,35300
665.4,36626,35304
665.5,36634,35309
665.6,36640,35312
665.7,36647,35313
665.8,36650,35318
665.9,36651,35321
666.0,36656,35324
666.1,36660,35327
666.2,36666,35329
666.3,36671,35333
666.4,36675,35337
666.5,36678,35344
666.6,36681,35351
666.7,36682,35360
666.8,36681,35362
666.9,36683,35363
667.0,36687,35364
667.1,36698,35371
667.2,36700,35380
667.3,36711,35383
667.4,36714,35387
667.5,36722,35389
667.6,36733,35392
667.7,36738,35391
667.8,36741,35394
667.9,36744,35394
668.0,36751,35401
668.1,36758,35402
668.2,36769,35404
668.3,36772,35412
668.4,36777,35416
668.5,36779,35420
668.6,36779,35424
668.7,36781,35431
668.8,36784,35435
668.9,36793,35439
669.0,36800,35444
669.1,36804,35453
669.2,36811,35455
669.3,36816,35459
669.4,36821,35468
669.5,36828,35475
669.6,36833,35477
669.7,36835,35479
669.8,36838,35485
669.9,36838,35490
670.0,36841,35497
670.1,36848,35503
670.2,36847,35507
670.3,36855,35516
670.4,36858,35519
670.5,36866,35528
670.6,36871,35532
670.7,36875,35534
670.8,36880,35541
670.9,36883,35547
671.0,36887,35551
671.1,36891,35551
671.2,36896,35554
671.3,36899,35557
671.4,36903,35560
671.5,36905,35564
671.6,36909,35570
671.7,36915,35572
671.8,36919,35575
671.9,36923,35584
672.0,36930,35585
672.1,36933,35590
672.2,36933,35595
672.3,36937,35600
672.4,36944,35605
672.5,36951,35608
672.6,36954,35613
672.7,36962,35616
672.8,36964,35620
672.9,36970,35627
673.0,36975,35631
673.1,36978,35636
673.2,36986,35643
673.3,36992,35649
673.4,36995,35655
673.5,37002,35659
673.6,37007,35665
673.7,37013,35671
673.8,37017,35679
673.9,37022,35681
674.0,37029,35688
674.1,37034,35687
674.2,37041,35691
674.3,37047,35698
674.4,37050,35697
674.5,37059,35705
674.6,37067,35710
674.7,37072,35713
674.8,37074,35723
674.9,37078,35727
675.0,37079,35730
675.1,37083,35735
675.2,37090,35735
675.3,37098,35737
675.4,37098,35744
675.5,37110,35749
675.6,37112,35755
675.7,37115,35764
675.8,37119,35770
675.9,37122,35774
676.0,37129,35776
676.1,37133,35778
676.2,37135,35778
676.3,37145,35780
676.4,37149,35786
676.5,37154,35796
676.6,37162,35798
676.7,37164,35804
676.8,37170,35811
676.9,37178,35813
677.0,37183,35820
677.1,37191,35826
677.2,37198,35830
677.3,37202,35831
677.4,37206,35836
677.5,37217,35840
677.6,37219,35846
677.7,37221,35850
677.8,37228,35858
677.9,37233,35863
678.0,37236,35866
678.1,37244,35871
678.2,37250,35876
678.3,37254,35885
678.4,37259,35889
678.5,37269,35895
678.6,37277,35904
678.7,37285,35912
678.8,37297,35913
678.9,37304,35919
679.0,37305,35924
679.1,37314,35931
679.2,37319,35940
679.3,37324,35942
679.4,37332,35950
679.5,37338,35955
679.6,37342,35958
679.7,37345,35963
679.8,37354,35969
679.9,37359,35975
680.0,37367,35981
680.1,37373,35988
680.2,37375,35990
680.3,37380,35996
680.4,37389,36003
680.5,37394,36007
680.6,37401,36013
680.7,37410,36019
680.8,37417,36024
680.9,37425,36032
681.0,37429,36038
681.1,37436,36048
681.2,37441,36053
681.3,37446,36057
681.4,37450,36062
681.5,37457,36072
681.6,37460,36077
681.7,37467,36085
681.8,37470,36089
681.9,37475,36098
682.0,37483,36105
682.1,37488,36106
682.2,37490,36111
682.3,37494,36119
682.4,37498,36125
682.5,37509,36133
682.6,37517,36134
682.7,37526,36140
682.8,37529,36145
682.9,37535,36151
683.0,37540,36156
683.1,37547,36158
683.2,37551,36162
683.3,37558,36166
683.4,37562,36174
683.5,37568,36179
683.6,37572,36187
683.7,37580,36189
683.8,37586,36198
683.9,37594,36208
684.0,37599,36217
684.1,37608,36221
684.2,37615,36226
684.3,37619,36234
684.4,37628,36233
684.5,37639,36237
684.6,37645,36248
684.7,37655,36259
684.8,37659,36266
684.9,37664,36268
685.0,37669,36275
685.1,37678,36286
685.2,37683,36291
685.3,37691,36301
685.4,37697,36309
685.5,37704,36312
685.6,37706,36318
685.7,37715,36320
685.8,37721,36329
685.9,37727,36337
686.0,37735,36346
686.1,37740,36353
686.2,37745,36356
686.3,37752,36356
686.4,37766,36361
686.5,37775,36372
686.6,37781,36384
686.7,37785,36390
686.8,37794,36399
686.9,37801,36401
687.0,37807,36410
687.1,37815,36416
687.2,37820,36420
687.3,37823,36425
687.4,37829,36431
687.5,37837,36437
687.6,37840,36444
687.7,37846,36449
687.8,37854,36458
687.9,37856,36463
688.0,37864,36467
688.1,37870,36472
688.2,37871,36477
688.3,37875,36488
688.4,37884,36492
688.5,37889,36497
688.6,37895,36500
688.7,37900,36507
688.8,37905,36511
688.9,37913,36515
689.0,37919,36523
689.1,37926,36530
689.2,37932,36533
689.3,37937,36539
689.4,37940,36546
689.5,37950,36552
689.6,37960,36558
689.7,37968,36564
689.8,37977,36570
689.9,37979,36571
690.0,37986,36578
690.1,37992,36583
690.2,37995,36591
690.3,38001,36592
690.4,38006,36598
690.5,38014,36606
690.6,38025,36612
690.7,38031,36615
690.8,38033,36622
690.9,38040,36632
691.0,38043,36639
691.1,38049,36650
691.2,38053,36657
691.3,38062,36666
691.4,38069,36672
691.5,38077,36675
691.6,38091,36681
691.7,38099,36688
691.8,38104,36696
691.9,38111,36706
692.0,38120,36712
692.1,38125,36720
692.2,38128,36727
692.3,38128,36737
692.4,38140,36742
692.5,38149,36748
692.6,38155,36753
692.7,38161,36758
692.8,38171,36763
692.9,38178,36771
693.0,38182,36779
693.1,38189,36784
693.2,38195,36792
693.3,38200,36800
693.4,38205,36807
693.5,38213,36812
693.6,38219,36822
693.7,38227,36823
693.8,38232,36829
693.9,38238,36836
694.0,38249,36843
694.1,38255,36850
694.2,38262,36858
694.3,38268,36863
694.4,38280,36866
694.5,38290,36875
694.6,38293,36880
694.7,38299,36887
694.8,38306,36894
694.9,38314,36894
695.0,38319,36900
695.1,38325,36907
695.2,38329,36913
695.3,38337,36921
695.4,38341,36926
695.5,38351,36933
695.6,38358,36940
695.7,38362,36945
695.8,38368,36951
695.9,38375,36961
696.0,38380,36965
696.1,38389,36968
696.2,38396,36976
696.3,38405,36986
696.4,38407,36994
696.5,38414,36997
696.6,38418,37003
696.7,38423,37010
696.8,38429,37014
696.9,38432,37015
697.0,38437,37020
697.1,38445,37025
697.2,38446,37029
697.3,38452,37036
697.4,38457,37046
697.5,38462,37053
697.6,38470,37056
697.7,38476,37061
697.8,38481,37068
697.9,38485,37065
698.0,38491,37069
698.1,38498,37078
698.2,38504,37083
698.3,38514,37088
698.4,38527,37092
698.5,38528,37100
698.6,38531,37108
698.7,38539,37116
698.8,38549,37124
698.9,38564,37130
699.0,38572,37135
699.1,38577,37141
699.2,38582,37145
699.3,38589,37154
699.4,38597,37160
699.5,38604,37166
699.6,38610,37174
699.7,38617,37183
699.8,38622,37187
699.9,38627,37193
700.0,38629,37199
700.1,38638,37205
700.2,38646,37210
700.3,38651,37217
700.4,38660,37221
700.5,38670,37228
700.6,38676,37233
700.7,38690,37240
700.8,38697,37247
700.9,38707,37251
701.0,38716,37257
701.1,38722,37259
701.2,38730,37267
701.3,38733,37273
701.4,38741,37278
701.5,38742,37288
701.6,38748,37291
701.7,38750,37299
701.8,38754,37306
701.9,38760,37315
702.0,38767,37322
702.1,38776,37327
702.2,38786,37337
702.3,38797,37340
702.4,38808,37349
702.5,38811,37356
702.6,38820,37368
702.7,38826,37374
702.8,38832,37381
702.9,38840,37390
703.0,38845,37399
703.1,38849,37408
703.2,38857,37412
703.3,38864,37421
703.4,38869,37429
703.5,38876,37436
703.6,38882,37443
703.7,38886,37456
703.8,38894,37462
703.9,38903,37465
704.0,38909,37472
704.1,38918,37482
704.2,38926,37491
704.3,38930,37499
704.4,38942,37509
704.5,38950,37514
704.6,38959,37521
704.7,38964,37529
704.8,38974,37535
704.9,38984,37547
705.0,38991,37557
705.1,38997,37570
705.2,39003,37578
705.3,39011,37586
705.4,39015,37591
705.5,39024,37602
705.6,39031,37608
705.7,39041,37615
705.8,39047,37624
705.9,39053,37630
706.0,39059,37638
706.1,39066,37643
706.2,39071,37648
706.3,39081,37656
706.4,39086,37659
706.5,39100,37666
706.6,39109,37677
706.7,39119,37682
706.8,39125,37685
706.9,39130,37693
707.0,39135,37703
707.1,39140,37713
707.2,39147,37722
707.3,39153,37735
707.4,39162,37739
707.5,39165,37744
707.6,39175,37748
707.7,39179,37753
707.8,39184,37759
707.9,39186,37766
708.0,39194,37773
708.1,39206,37784
708.2,39211,37792
708.3,39215,37796
708.4,39220,37797
708.5,39227,37807
708.6,39235,37815
708.7,39243,37826
708.8,39255,37833
708.9,39263,37840
709.0,39272,37846
709.1,39281,37853
709.2,39287,37860
709.3,39297,37865
709.4,39305,37873
709.5,39308,37885
709.6,39314,37892
709.7,39319,37896
709.8,39324,37906
709.9,39331,37911
710.0,39338,37919
710.1,39349,37924
710.2,39355,37933
710.3,39359,37940
710.4,39368,37950
710.5,39373,37951
710.6,39374,37956
710.7,39387,37956
710.8,39394,37964
710.9,39398,37978
711.0,39404,37986
711.1,39411,37995
711.2,39417,37999
711.3,39425,38009
711.4,39429,38016
711.5,39436,38023
711.6,39444,38028
711.7,39452,38032
711.8,39457,38042
711.9,39461,38045
712.0,39469,38055
712.1,39478,38063
712.2,39485,38074
712.3,39495,38081
712.4,39501,38088
712.5,39507,38095
712.6,39515,38104
712.7,39522,38108
712.8,39528,38120
712.9,39538,38127
713.0,39544,38137
713.1,39550,38144
713.2,39559,38150
713.3,39565,38160
713.4,39577,38163
713.5,39584,38173
713.6,39594,38182
713.7,39604,38188
713.8,39611,38197
713.9,39617,38205
714.0,39622,38211
714.1,39630,38218
714.2,39638,38220
714.3,39646,38224
714.4,39657,38230
714.5,39666,38237
714.6,39674,38248
714.7,39681,38256
714.8,39689,38262
714.9,39700,38266
715.0,39710,38275
715.1,39724,38283
715.2,39733,38292
715.3,39741,38302
715.4,39747,38309
715.5,39752,38313
715.6,39757,38320
715.7,39764,38326
715.8,39774,38334
715.9,39781,38344
716.0,39789,38353
716.1,39795,38357
716.2,39803,38364
716.3,39808,38370
716.4,39818,38378
716.5,39830,38390
716.6,39837,38396
716.7,39847,38405
716.8,39853,38411
716.9,39861,38420
717.0,39871,38427
717.1,39881,38431
717.2,39887,38439
717.3,39892,38446
717.4,39898,38454
717.5,39905,38463
717.6,39911,38472
717.7,39918,38478
717.8,39926,38485
717.9,39936,38493
718.0,39942,38504
718.1,39957,38515
718.2,39958,38522
718.3,39968,38531
718.4,39979,38543
718.5,39984,38554
718.6,39987,38558
718.7,39994,38565
718.8,40005,38569
718.9,40013,38572
719.0,40022,38581
719.1,40030,38588
719.2,40039,38593
719.3,40048,38600
719.4,40059,38608
719.5,40067,38614
719.6,40073,38620
719.7,40077,38628
719.8,40084,38638
719.9,40088,38644
720.0,40098,38658
720.1,40099,38665
720.2,40106,38669
720.3,40113,38677
720.4,40123,38688
720.5,40135,38693
720.6,40141,38699
720.7,40146,38705
720.8,40152,38715
720.9,40158,38725
721.0,40167,38740
721.1,40173,38748
721.2,40183,38758
721.3,40188,38766
721.4,40201,38777
721.5,40207,38785
721.6,40216,38791
721.7,40224,38799
721.8,40233,38806
721.9,40245,38811
722.0,40254,38818
722.1,40263,38821
722.2,40272,38830
722.3,40275,38836
722.4,40279,38843
722.5,40287,38854
722.6,40295,38864
722.7,40303,38872
722.8,40315,38879
722.9,40320,38893
723.0,40328,38905
723.1,40333,38910
723.2,40340,38920
723.3,40349,38926
723.4,40354,38930
723.5,40362,38934
723.6,40371,38940
723.7,40381,38943
723.8,40386,38953
723.9,40394,38961
724.0,40407,38971
724.1,40413,38980
724.2,40419,38991
724.3,40424,38998
724.4,40434,39007
724.5,40441,39016
724.6,40451,39021
724.7,40458,39029
724.8,40465,39038
724.9,40472,39046
725.0,40481,39056
725.1,40488,39060
725.2,40500,39062
725.3,40505,39072
725.4,40512,39082
725.5,40521,39091
725.6,40530,39095
725.7,40534,39100
725.8,40542,39108
725.9,40546,39119
726.0,40555,39127
726.1,40557,39133
726.2,40568,39138
726.3,40574,39143
726.4,40579,39150
726.5,40583,39153
726.6,40594,39159
726.7,40602,39168
726.8,40611,39173
726.9,40618,39181
727.0,40623,39189
727.1,40631,39200
727.2,40638,39208
727.3,40643,39217
727.4,40652,39226
727.5,40663,39229
727.6,40669,39235
727.7,40677,39243
727.8,40686,39252
727.9,40696,39261
728.0,40705,39268
728.1,40715,39273
728.2,40724,39279
728.3,40731,39287
728.4,40739,39297
728.5,40748,39309
728.6,40758,39315
728.7,40763,39326
728.8,40769,39337
728.9,40778,39346
729.0,40790,39363
729.1,40799,39374
729.2,40804,39384
729.3,40813,39394
729.4,40822,39402
729.5,40832,39409
729.6,40838,39419
729.7,40848,39429
729.8,40854,39433
729.9,40860,39438
730.0,40870,39446
730.1,40880,39451
730.2,40890,39454
730.3,40902,39457
730.4,40909,39462
730.5,40913,39470
730.6,40923,39479
730.7,40931,39488
730.8,40939,39496
730.9,40948,39505
731.0,40956,39516
731.1,40963,39524
731.2,40969,39533
731.3,40977,39539
731.4,40982,39545
731.5,40986,39554
731.6,40997,39559
731.7,41004,39566
731.8,41013,39570
731.9,41021,39575
732.0,41028,39583
732.1,41038,39591
732.2,41046,39601
732.3,41052,39610
732.4,41054,39617
732.5,41062,39626
732.6,41073,39636
732.7,41080,39646
732.8,41087,39652
732.9,41097,39664
733.0,41108,39671
733.1,41117,39681
733.2,41122,39683
733.3,41131,39686
733.4,41137,39690
733.5,41145,39698
733.6,41149,39703
733.7,41158,39710
733.8,41170,39714
733.9,41181,39724
734.0,41188,39733
734.1,41196,39743
734.2,41205,39749
734.3,41216,39760
734.4,41221,39768
734.5,41229,39774
734.6,41244,39782
734.7,41253,39792
734.8,41265,39797
734.9,41274,39807
735.0,41282,39811
735.1,41289,39818
735.2,41295,39831
735.3,41299,39842
735.4,41308,39850
735.5,41318,39854
735.6,41325,39865
735.7,41335,39872
735.8,41346,39881
735.9,41354,39886
736.0,41358,39895
736.1,41367,39900
736.2,41370,39905
736.3,41383,39909
736.4,41391,39916
736.5,41399,39921
736.6,41407,39932
736.7,41409,39941
736.8,41419,39949
736.9,41421,39955
737.0,41431,39963
737.1,41439,39969
737.2,41445,39981
737.3,41451,39983
737.4,41459,39996
737.5,41469,40001
737.6,41477,40014
737.7,41485,40026
737.8,41494,40034
737.9,41501,40042
738.0,41511,40051
738.1,41515,40060
738.2,41525,40069
738.3,41536,40077
738.4,41547,40086
738.5,41553,40092
738.6,41565,40098
738.7,41575,40107
738.8,41588,40111
738.9,41598,40116
739.0,41606,40124
739.1,41615,40127
739.2,41623,40136
739.3,41629,40142
739.4,41636,40155
739.5,41648,40166
739.6,41653,40174
739.7,41658,40182
739.8,41665,40196
739.9,41673,40204
740.0,41679,40213
740.1,41687,40221
740.2,41699,40228
740.3,41705,40235
740.4,41710,40244
740.5,41717,40253
740.6,41729,40263
740.7,41738,40272
740.8,41748,40280
740.9,41757,40288
741.0,41763,40298
741.1,41769,40304
741.2,41778,40311
741.3,41786,40320
741.4,41795,40329
741.5,41807,40341
741.6,41812,40348
741.7,41817,40356
741.8,41823,40361
741.9,41837,40368
742.0,41841,40376
742.1,41846,40380
742.2,41857,40388
742.3,41868,40396
742.4,41875,40406
742.5,41885,40419
742.6,41894,40429
742.7,41900,40438
742.8,41907,40444
742.9,41916,40450
743.0,41927,40461
743.1,41932,40471
743.2,41940,40480
743.3,41949,40488
743.4,41960,40496
743.5,41971,40509
743.6,41978,40520
743.7,41981,40530
743.8,41991,40538
743.9,42003,40544
744.0,42009,40554
744.1,42015,40564
744.2,42015,40568
744.3,42025,40574
744.4,42032,40584
744.5,42039,40592
744.6,42048,40602
744.7,42058,40610
744.8,42069,40619
744.9,42078,40629
745.0,42087,40639
745.1,42095,40645
745.2,42103,40652
745.3,42111,40659
745.4,42122,40663
745.5,42133,40673
745.6,42144,40680
745.7,42153,40689
745.8,42159,40697
745.9,42163,40708
746.0,42173,40713
746.1,42182,40720
746.2,42191,40726
746.3,42199,40735
746.4,42209,40742
746.5,42215,40748
746.6,42224,40753
746.7,42236,40760
746.8,42244,40770
746.9,42254,40777
747.0,42263,40785
747.1,42271,40797
747.2,42276,40806
747.3,42282,40812
747.4,42290,40825
747.5,42298,40829
747.6,42307,40837
747.7,42315,40843
747.8,42325,40847
747.9,42334,40850
748.0,42340,40855
748.1,42354,40862
748.2,42365,40866
748.3,42378,40869
748.4,42383,40877
748.5,42395,40884
748.6,42404,40894
748.7,42415,40905
748.8,42424,40914
748.9,42433,40921
749.0,42436,40924
749.1,42443,40931
749.2,42450,40942
749.3,42457,40954
749.4,42468,40962
749.5,42477,40971
749.6,42484,40980
749.7,42490,40987
749.8,42495,40996
749.9,42506,41000
750.0,42516,41008
750.1,42523,41016
750.2,42532,41024
750.3,42537,41031
750.4,42544,41040
750.5,42552,41048
750.6,42559,41055
750.7,42565,41069
750.8,42578,41083
750.9,42585,41099
751.0,42597,41109
751.1,42608,41121
751.2,42614,41130
751.3,42622,41139
751.4,42630,41145
751.5,42642,41154
751.6,42652,41165
751.7,42658,41171
751.8,42669,41179
751.9,42674,41189
752.0,42682,41200
752.1,42690,41211
752.2,42697,41223
752.3,42707,41232
752.4,42715,41240
752.5,42722,41248
752.6,42732,41253
752.7,42739,41261
752.8,42748,41274
752.9,42754,41285
753.0,42759,41292
753.1,42766,41300
753.2,42770,41308
753.3,42780,41319
753.4,42789,41328
753.5,42797,41336
753.6,42807,41342
753.7,42811,41349
753.8,42823,41354
753.9,42833,41356
754.0,42842,41363
754.1,42847,41372
754.2,42857,41379
754.3,42865,41382
754.4,42874,41388
754.5,42886,41397
754.6,42891,41405
754.7,42898,41412
754.8,42907,41422
754.9,42918,41432
755.0,42927,41442
755.1,42935,41452
755.2,42941,41461
755.3,42953,41471
755.4,42963,41482
755.5,42970,41489
755.6,42977,41499
755.7,42984,41510
755.8,42991,41519
755.9,42998,41525
756.0,43009,41532
756.1,43015,41539
756.2,43020,41544
756.3,43033,41547
756.4,43041,41556
756.5,43049,41567
756.6,43055,41575
756.7,43064,41586
756.8,43070,41594
756.9,43082,41606
757.0,43092,41614
757.1,43099,41625
757.2,43103,41630
757.3,43112,41637
757.4,43123,41648
757.5,43133,41655
757.6,43137,41659
757.7,43145,41668
757.8,43158,41678
757.9,43166,41685
758.0,43175,41689
758.1,43182,41699
758.2,43190,41704
758.3,43200,41715
758.4,43203,41720
758.5,43208,41727
758.6,43214,41735
758.7,43218,41748
758.8,43222,41753
758.9,43231,41763
759.0,43241,41770
759.1,43250,41779
759.2,43259,41791
759.3,43269,41796
759.4,43280,41805
759.5,43290,41812
759.6,43299,41818
759.7,43307,41823
759.8,43312,41831
759.9,43318,41837
760.0,43326,41843
760.1,43331,41855
760.2,43342,41866
760.3,43352,41872
760.4,43362,41882
760.5,43373,41889
760.6,43381,41898
760.7,43389,41903
760.8,43402,41914
760.9,43409,41924
761.0,43419,41931
761.1,43422,41942
761.2,43428,41951
761.3,43437,41960
761.4,43442,41972
761.5,43450,41976
761.6,43459,41992
761.7,43470,42001
761.8,43481,42013
761.9,43491,42022
762.0,43492,42033
762.1,43499,42042
762.2,43509,42053
762.3,43520,42062
762.4,43528,42070
762.5,43538,42075
762.6,43547,42082
762.7,43557,42089
762.8,43564,42102
762.9,43573,42112
763.0,43582,42120
763.1,43592,42126
763.2,43601,42131
763.3,43608,42138
763.4,43617,42147
763.5,43625,42155
763.6,43632,42163
763.7,43636,42167
763.8,43646,42174
763.9,43661,42178
764.0,43669,42186
764.1,43676,42195
764.2,43687,42204
764.3,43695,42212
764.4,43706,42221
764.5,43716,42228
764.6,43722,42244
764.7,43726,42256
764.8,43733,42260
764.9,43740,42269
765.0,43748,42277
765.1,43752,42286
765.2,43761,42292
765.3,43774,42301
765.4,43781,42308
765.5,43791,42314
765.6,43805,42319
765.7,43815,42325
765.8,43824,42328
765.9,43830,42334
766.0,43840,42339
766.1,43848,42347
766.2,43856,42357
766.3,43862,42367
766.4,43872,42377
766.5,43885,42390
766.6,43889,42400
766.7,43897,42406
766.8,43904,42413
766.9,43913,42421
767.0,43919,42427
767.1,43925,42438
767.2,43934,42446
767.3,43939,42453
767.4,43946,42460
767.5,43958,42467
767.6,43967,42472
767.7,43974,42479
767.8,43982,42490
767.9,43989,42497
768.0,44002,42504
768.1,44014,42511
768.2,44023,42518
768.3,44033,42523
768.4,44035,42529
768.5,44042,42537
768.6,44049,42547
768.7,44065,42557
768.8,44073,42565
768.9,44082,42569
769.0,44086,42579
769.1,44098,42586
769.2,44102,42594
769.3,44109,42603
769.4,44117,42612
769.5,44129,42619
769.6,44138,42626
769.7,44142,42634
769.8,44155,42638
769.9,44162,42647
770.0,44169,42657
770.1,44175,42663
770.2,44179,42671
770.3,44191,42678
770.4,44198,42687
770.5,44205,42697
770.6,44214,42699
770.7,44221,42705
770.8,44231,42709
770.9,44239,42716
771.0,44247,42721
771.1,44257,42733
771.2,44267,42741
771.3,44274,42748
771.4,44279,42762
771.5,44287,42768
771.6,44298,42773
771.7,44305,42781
771.8,44311,42792
771.9,44321,42800
772.0,44328,42803
772.1,44335,42811
772.2,44343,42818
772.3,44354,42825
772.4,44363,42835
772.5,44372,42848
772.6,44382,42853
772.7,44393,42863
772.8,44396,42871
772.9,44405,42881
773.0,44415,42891
773.1,44424,42899
773.2,44429,42906
773.3,44439,42913
773.4,44453,42918
773.5,44467,42925
773.6,44479,42937
773.7,44489,42946
773.8,44500,42959
773.9,44508,42964
774.0,44515,42974
774.1,44523,42981
774.2,44530,42988
774.3,44533,42997
774.4,44541,43004
774.5,44550,43015
774.6,44555,43024
774.7,44563,43035
774.8,44572,43041
774.9,44577,43047
775.0,44584,43052
775.1,44594,43060
775.2,44604,43072
775.3,44618,43077
775.4,44625,43087
775.5,44633,43091
775.6,44642,43100
775.7,44652,43109
775.8,44655,43113
775.9,44663,43118
776.0,44670,43129
776.1,44681,43135
776.2,44689,43147
776.3,44696,43153
776.4,44702,43160
776.5,44705,43170
776.6,44713,43181
776.7,44720,43189
776.8,44728,43196
776.9,44741,43205
777.0,44747,43215
777.1,44752,43222
777.2,44761,43232
777.3,44769,43236
777.4,44780,43242
777.5,44785,43251
777.6,44792,43260
777.7,44794,43270
777.8,44800,43279
777.9,44807,43286
778.0,44814,43293
778.1,44824,43299
778.2,44830,43304
778.3,44836,43311
778.4,44848,43319
778.5,44858,43327
778.6,44866,43331
778.7,44876,43336
778.8,44883,43345
778.9,44889,43354
779.0,44898,43362
779.1,44914,43369
779.2,44919,43376
779.3,44930,43380
779.4,44937,43385
779.5,44943,43392
779.6,44948,43399
779.7,44956,43406
779.8,44965,43415
779.9,44973,43419
780.0,44982,43427
780.1,44993,43440
780.2,44999,43449
780.3,45003,43458
780.4,45012,43467
780.5,45020,43475
780.6,45028,43481
780.7,45035,43487
780.8,45040,43489
780.9,45050,43499
781.0,45055,43505
781.1,45060,43515
781.2,45074,43523
781.3,45081,43532
781.4,45088,43544
781.5,45098,43554
781.6,45106,43566
781.7,45113,43575
781.8,45121,43581
781.9,45124,43587
782.0,45130,43591
782.1,45135,43597
782.2,45141,43607
782.3,45156,43616
782.4,45166,43626
782.5,45180,43636
782.6,45190,43644
782.7,45198,43657
782.8,45205,43665
782.9,45217,43672
783.0,45220,43681
783.1,45226,43687
783.2,45235,43695
783.3,45236,43708
783.4,45245,43718
783.5,45250,43724
783.6,45260,43733
783.7,45266,43743
783.8,45276,43753
783.9,45281,43759
784.0,45292,43764
784.1,45303,43768
784.2,45312,43777
784.3,45321,43786
784.4,45323,43794
784.5,45325,43799
784.6,45336,43805
784.7,45340,43815
784.8,45346,43821
784.9,45354,43826
785.0,45361,43833
785.1,45367,43842
785.2,45377,43843
785.3,45381,43853
785.4,45387,43857
785.5,45393,43864
785.6,45403,43873
785.7,45409,43880
785.8,45413,43889
785.9,45425,43900
786.0,45430,43906
786.1,45435,43917
786.2,45441,43929
786.3,45447,43939
786.4,45455,43946
786.5,45458,43952
786.6,45468,43958
786.7,45477,43966
786.8,45488,43973
786.9,45496,43979
787.0,45504,43989
787.1,45509,43995
787.2,45520,44007
787.3,45530,44017
787.4,45534,44020
787.5,45543,44024
787.6,45549,44033
787.7,45553,44040
787.8,45565,44048
787.9,45570,44054
788.0,45579,44062
788.1,45589,44071
788.2,45593,44073
788.3,45601,44081
788.4,45611,44086
788.5,45619,44093
788.6,45624,44103
788.7,45631,44114
788.8,45642,44124
788.9,45645,44131
789.0,45656,44136
789.1,45660,44144
789.2,45667,44154
789.3,45673,44162
789.4,45682,44168
789.5,45684,44176
789.6,45693,44187
789.7,45700,44194
789.8,45709,44200
789.9,45719,44201
790.0,45729,44209
790.1,45736,44213
790.2,45741,44221
790.3,45744,44234
790.4,45748,44242
790.5,45753,44250
790.6,45762,44259
790.7,45771,44270
790.8,45777,44273
790.9,45783,44279
791.0,45789,44283
791.1,45796,44290
791.2,45803,44302
791.3,45808,44307
791.4,45811,44317
791.5,45818,44323
791.6,45825,44329
791.7,45833,44332
791.8,45831,44336
791.9,45839,44345
792.0,45846,44351
792.1,45855,44358
792.2,45861,44364
792.3,45870,44369
792.4,45876,44376
792.5,45886,44384
792.6,45891,44388
792.7,45898,44392
792.8,45905,44401
792.9,45910,44406
793.0,45916,44415
793.1,45924,44424
793.2,45934,44431
793.3,45942,44438
793.4,45951,44446
793.5,45962,44453
793.6,45972,44456
793.7,45978,44464
793.8,45987,44470
793.9,45992,44479
794.0,46009,44483
794.1,46014,44491
794.2,46023,44499
794.3,46028,44508
794.4,46033,44520
794.5,46044,44528
794.6,46050,44534
794.7,46053,44540
794.8,46064,44544
794.9,46074,44553
795.0,46082,44562
795.1,46090,44570
795.2,46096,44572
795.3,46103,44581
795.4,46107,44584
795.5,46115,44591
795.6,46127,44596
795.7,46136,44601
795.8,46141,44611
795.9,46149,44620
796.0,46156,44625
796.1,46167,44632
796.2,46172,44641
796.3,46181,44648
796.4,46190,44652
796.5,46194,44662
796.6,46202,44669
796.7,46209,44672
796.8,46213,44675
796.9,46221,44684
797.0,46229,44683
797.1,46236,44688
797.2,46244,44690
797.3,46249,44699
797.4,46254,44704
797.5,46264,44714
797.6,46273,44723
797.7,46280,44730
797.8,46286,44737
797.9,46293,44746
798.0,46296,44754
798.1,46302,44760
798.2,46310,44765
798.3,46314,44771
798.4,46322,44776
798.5,46330,44785
798.6,46334,44794
798.7,46339,44799
798.8,46344,44806
798.9,46351,44809
799.0,46358,44812
799.1,46365,44819
799.2,46372,44825
799.3,46375,44837
799.4,46383,44845
799.5,46389,44847
799.6,46397,44855
799.7,46400,44864
799.8,46407,44872
799.9,46414,44886
800.0,46419,44893
800.1,46426,44899
800.2,46436,44906
800.3,46444,44913
800.4,46450,44921
800.5,46450,44927
800.6,46458,44931
800.7,46467,44939
800.8,46478,44947
800.9,46478,44949
801.0,46488,44959
801.1,46496,44965
801.2,46506,44974
801.3,46513,44977
801.4,46522,44982
801.5,46528,44992
801.6,46533,45002
801.7,46540,45009
801.8,46544,45013
801.9,46554,45017
802.0,46562,45022
802.1,46568,45027
802.2,46575,45030
802.3,46581,45036
802.4,46586,45038
802.5,46589,45049
802.6,46596,45057
802.7,46604,45065
802.8,46611,45072
802.9,46618,45079
803.0,46627,45086
803.1,46634,45091
803.2,46638,45099
803.3,46647,45105
803.4,46657,45107
803.5,46662,45114
803.6,46669,45118
803.7,46674,45127
803.8,46680,45137
803.9,46686,45142
804.0,46692,45151
804.1,46693,45159
804.2,46697,45167
804.3,46703,45175
804.4,46712,45183
804.5,46720,45191
804.6,46726,45200
804.7,46735,45209
804.8,46740,45220
804.9,46746,45230
805.0,46752,45235
805.1,46758,45243
805.2,46766,45244
805.3,46768,45248
805.4,46770,45260
805.5,46779,45268
805.6,46786,45277
805.7,46792,45283
805.8,46797,45287
805.9,46806,45292
806.0,46814,45300
806.1,46822,45303
806.2,46826,45313
806.3,46835,45322
806.4,46846,45328
806.5,46851,45333
806.6,46858,45342
806.7,46865,45346
806.8,46869,45350
806.9,46875,45358
807.0,46883,45364
807.1,46887,45372
807.2,46893,45376
807.3,46898,45380
807.4,46905,45389
807.5,46912,45398
807.6,46920,45402
807.7,46930,45408
807.8,46937,45417
807.9,46941,45424
808.0,46948,45428
808.1,46949,45434
808.2,46957,45439
808.3,46967,45445
808.4,46976,45453
808.5,46983,45458
808.6,46990,45465
808.7,46993,45471
808.8,46995,45476
808.9,47002,45484
809.0,47007,45492
809.1,47009,45502
809.2,47018,45507
809.3,47024,45509
809.4,47028,45519
809.5,47033,45525
809.6,47043,45528
809.7,47046,45532
809.8,47054,45541
809.9,47062,45547
810.0,47068,45555
810.1,47078,45566
810.2,47086,45570
810.3,47089,45575
810.4,47097,45582
810.5,47108,45586
810.6,47117,45597
810.7,47126,45601
810.8,47133,45607
810.9,47136,45607
811.0,47143,45613
811.1,47150,45619
811.2,47154,45623
811.3,47157,45625
811.4,47164,45629
811.5,47169,45633
811.6,47177,45639
811.7,47180,45645
811.8,47188,45651
811.9,47197,45656
812.0,47203,45665
812.1,47210,45673
812.2,47215,45677
812.3,47219,45683
812.4,47221,45692
812.5,47228,45699
812.6,47234,45700
812.7,47241,45709
812.8,47249,45712
812.9,47257,45717
813.0,47266,45720
813.1,47273,45724
813.2,47281,45729
813.3,47291,45737
813.4,47299,45741
813.5,47307,45754
813.6,47310,45754
813.7,47319,45760
813.8,47325,45766
813.9,47332,45771
814.0,47338,45773
814.1,47346,45785
814.2,47350,45792
814.3,47353,45801
814.4,47364,45809
814.5,47371,45817
814.6,47374,45820
814.7,47378,45827
814.8,47385,45834
814.9,47391,45838
815.0,47398,45845
815.1,47404,45853
815.2,47408,45856
815.3,47416,45864
815.4,47420,45871
815.5,47422,45879
815.6,47431,45887
815.7,47436,45894
815.8,47446,45898
815.9,47452,45905
816.0,47463,45911
816.1,47469,45917
816.2,47474,45924
816.3,47479,45932
816.4,47485,45937
816.5,47491,45945
816.6,47500,45948
816.7,47505,45951
816.8,47512,45957
816.9,47520,45962
817.0,47523,45968
817.1,47526,45978
817.2,47536,45985
817.3,47545,45987
817.4,47545,45990
817.5,47550,45998
817.6,47553,46001
817.7,47559,46008
817.8,47566,46014
817.9,47574,46020
818.0,47579,46024
818.1,47589,46031
818.2,47595,46041
818.3,47601,46048
818.4,47600,46051
818.5,47603,46058
818.6,47609,46065
818.7,47614,46069
818.8,47622,46076
818.9,47627,46082
819.0,47631,46085
819.1,47641,46090
819.2,47643,46092
819.3,47647,46094
819.4,47650,46102
819.5,47661,46107
819.6,47666,46111
819.7,47675,46116
819.8,47685,46121
819.9,47691,46125
820.0,47696,46131
820.1,47708,46139
820.2,47716,46142
820.3,47719,46145
820.4,47724,46153
820.5,47729,46155
820.6,47733,46162
820.7,47738,46169
820.8,47744,46175
820.9,47750,46180
821.0,47750,46185
821.1,47755,46194
821.2,47762,46204
821.3,47764,46213
821.4,47768,46219
821.5,47768,46225
821.6,47776,46231
821.7,47778,46233
821.8,47785,46239
821.9,47792,46249
822.0,47800,46261
822.1,47805,46264
822.2,47811,46270
822.3,47816,46276
822.4,47818,46286
822.5,47823,46292
822.6,47825,46298
822.7,47827,46301
822.8,47833,46304
822.9,47836,46313
823.0,47839,46318
823.1,47845,46325
823.2,47852,46329
823.3,47855,46336
823.4,47859,46337
823.5,47862,46339
823.6,47859,46341
823.7,47865,46351
823.8,47868,46357
823.9,47871,46360
824.0,47877,46368
824.1,47887,46371
824.2,47894,46374
824.3,47902,46379
824.4,47909,46381
824.5,47911,46387
824.6,47912,46393
824.7,47919,46395
824.8,47922,46406
824.9,47928,46413
825.0,47935,46417
825.1,47936,46425
825.2,47940,46428
825.3,47947,46434
825.4,47954,46440
825.5,47959,46444
825.6,47961,46450
825.7,47968,46460
825.8,47969,46463
825.9,47975,46466
826.0,47978,46475
826.1,47981,46476
826.2,47988,46482
826.3,47990,46485
826.4,47997,46488
826.5,48002,46496
826.6,48006,46502
826.7,48016,46511
826.8,48022,46515
826.9,48023,46520
827.0,48028,46530
827.1,48036,46537
827.2,48039,46541
827.3,48044,46548
827.4,48048,46553
827.5,48051,46560
827.6,48056,46561
827.7,48058,46561
827.8,48065,46561
827.9,48067,46566
828.0,48074,46574
828.1,48079,46578
828.2,48085,46585
828.3,48089,46590
828.4,48097,46593
828.5,48101,46597
828.6,48102,46602
828.7,48105,46603
828.8,48104,46612
828.9,48103,46621
829.0,48112,46627
829.1,48119,46628
829.2,48123,46630
829.3,48124,46633
829.4,48127,46635
829.5,48133,46640
829.6,48138,46643
829.7,48146,46647
829.8,48150,46651
829.9,48154,46656
830.0,48160,46662
830.1,48162,46668
830.2,48167,46675
830.3,48172,46678
830.4,48177,46682
830.5,48183,46685
830.6,48183,46690
830.7,48186,46693
830.8,48190,46692
830.9,48196,46697
831.0,48194,46708
831.1,48197,46716
831.2,48200,46721
831.3,48198,46723
831.4,48201,46731
831.5,48203,46733
831.6,48207,46740
831.7,48209,46747
831.8,48210,46751
831.9,48219,46757
832.0,48225,46758
832.1,48231,46763
832.2,48235,46770
832.3,48236,46777
832.4,48244,46784
832.5,48249,46786
832.6,48252,46788
832.7,48261,46791
832.8,48268,46794
832.9,48269,46799
833.0,48272,46804
833.1,48280,46806
833.2,48286,46806
833.3,48289,46809
833.4,48293,46816
833.5,48297,46819
833.6,48300,46826
833.7,48302,46832
833.8,48310,46837
833.9,48316,46842
834.0,48321,46844
834.1,48330,46848
834.2,48332,46855
834.3,48336,46859
834.4,48339,46870
834.5,48342,46869
834.6,48351,46880
834.7,48352,46886
834.8,48356,46893
834.9,48362,46899
835.0,48371,46901
835.1,48377,46909
835.2,48378,46912
835.3,48382,46919
835.4,48390,46920
835.5,48390,46927
835.6,48389,46933
835.7,48393,46940
835.8,48398,46949
835.9,48404,46956
836.0,48407,46962
836.1,48413,46968
836.2,48417,46971
836.3,48419,46977
836.4,48427,46983
836.5,48431,46986
836.6,48433,46993
836.7,48440,46995
836.8,48441,47003
836.9,48444,47006
837.0,48449,47007
837.1,48458,47013
837.2,48462,47019
837.3,48465,47019
837.4,48464,47026
837.5,48465,47030
837.6,48466,47034
837.7,48465,47044
837.8,48468,47050
837.9,48474,47060
838.0,48478,47064
838.1,48481,47064
838.2,48488,47065
838.3,48487,47068
838.4,48492,47071
838.5,48500,47075
838.6,48504,47080
838.7,48509,47084
838.8,48517,47091
838.9,48525,47095
839.0,48528,47100
839.1,48533,47107
839.2,48536,47106
839.3,48540,47112
839.4,48547,47118
839.5,48548,47122
839.6,48552,47118
839.7,48554,47123
839.8,48556,47125
839.9,48567,47127
840.0,48570,47129
840.1,48576,47137
840.2,48585,47141
840.3,48586,47145
840.4,48589,47155
840.5,48592,47162
840.6,48594,47165
840.7,48595,47169
840.8,48601,47173
840.9,48606,47179
841.0,48604,47185
841.1,48606,47195
841.2,48612,47203
841.3,48616,47204
841.4,48622,47206
841.5,48628,47205
841.6,48635,47207
841.7,48638,47210
841.8,48640,47214
841.9,48640,47215
842.0,48646,47219
842.1,48651,47218
842.2,48650,47220
842.3,48650,47226
842.4,48655,47229
842.5,48661,47234
842.6,48665,47235
842.7,48666,47240
842.8,48670,47244
842.9,48672,47247
843.0,48671,47251
843.1,48674,47253
843.2,48676,47257
843.3,48679,47263
843.4,48685,47264
843.5,48685,47262
843.6,48688,47269
843.7,48695,47276
843.8,48701,47277
843.9,48704,47282
844.0,48702,47282
844.1,48706,47285
844.2,48706,47285
844.3,48714,47286
844.4,48720,47291
844.5,48728,47294
844.6,48731,47300
844.7,48730,47309
844.8,48733,47309
844.9,48735,47311
845.0,48736,47318
845.1,48741,47323
845.2,48746,47328
845.3,48748,47337
845.4,48750,47340
845.5,48752,47348
845.6,48758,47348
845.7,48763,47356
845.8,48769,47358
845.9,48771,47361
846.0,48773,47364
846.1,48779,47367
846.2,48781,47372
846.3,48784,47373
846.4,48789,47379
846.5,48788,47380
846.6,48792,47383
846.7,48794,47383
846.8,48797,47389
846.9,48797,47393
847.0,48795,47397
847.1,48798,47402
847.2,48799,47407
847.3,48803,47409
847.4,48805,47417
847.5,48808,47421
847.6,48817,47422
847.7,48820,47423
847.8,48821,47428
847.9,48822,47435
848.0,48825,47433
848.1,48830,47440
848.2,48836,47440
848.3,48841,47444
848.4,48846,47449
848.5,48847,47449
848.6,48845,47451
848.7,48846,47451
848.8,48850,47454
848.9,48850,47455
849.0,48850,47459
849.1,48853,47464
849.2,48857,47468
849.3,48860,47472
849.4,48862,47472
849.5,48864,47474
849.6,48867,47477
849.7,48867,47483
849.8,48870,47484
849.9,48876,47489
850.0,48878,47492
850.1,48886,47499
850.2,48891,47505
850.3,48896,47511
850.4,48901,47514
850.5,48902,47520
850.6,48905,47528
850.7,48907,47530
850.8,48909,47530
850.9,48913,47533
851.0,48918,47539
851.1,48920,47542
851.2,48922,47550
851.3,48923,47552
851.4,48920,47556
851.5,48924,47562
851.6,48927,47570
851.7,48932,47570
851.8,48929,47578
851.9,48929,47583
852.0,48932,47586
852.1,48935,47587
852.2,48939,47589
852.3,48943,47592
852.4,48946,47596
852.5,48944,47600
852.6,48940,47605
852.7,48940,47610
852.8,48941,47619
852.9,48946,47624
853.0,48950,47626
853.1,48952,47626
853.2,48959,47626
853.3,48956,47628
853.4,48958,47630
853.5,48961,47632
853.6,48965,47637
853.7,48964,47640
853.8,48966,47646
853.9,48969,47651
854.0,48974,47651
854.1,48970,47657
854.2,48974,47659
854.3,48975,47664
854.4,48982,47665
854.5,48981,47669
854.6,48980,47676
854.7,48982,47680
854.8,48983,47684
854.9,48992,47689
855.0,48999,47693
855.1,49005,47697
855.2,49007,47699
855.3,49010,47698
855.4,49006,47702
855.5,49005,47703
855.6,49008,47707
855.7,49009,47713
855.8,49012,47717
855.9,49017,47720
856.0,49022,47719
856.1,49024,47722
856.2,49029,47725
856.3,49030,47728
856.4,49032,47733
856.5,49035,47737
856.6,49035,47738
856.7,49036,47744
856.8,49038,47748
856.9,49040,47755
857.0,49038,47763
857.1,49033,47768
857.2,49032,47775
857.3,49034,47779
857.4,49035,47786
857.5,49039,47789
857.6,49039,47791
857.7,49044,47794
857.8,49047,47799
857.9,49052,47806
858.0,49058,47808
858.1,49057,47809
858.2,49059,47818
858.3,49063,47818
858.4,49068,47820
858.5,49073,47821
858.6,49083,47819
858.7,49085,47823
858.8,49088,47828
858.9,49086,47833
859.0,49086,47838
859.1,49091,47841
859.2,49095,47845
859.3,49097,47848
859.4,49095,47858
859.5,49099,47862
859.6,49103,47865
859.7,49104,47866
859.8,49100,47868
859.9,49097,47875
860.0,49098,47877
860.1,49096,47878
860.2,49099,47882
860.3,49102,47882
860.4,49103,47884
860.5,49101,47886
860.6,49103,47891
860.7,49103,47898
860.8,49107,47900
860.9,49111,47903
861.0,49112,47905
861.1,49116,47908
861.2,49118,47910
861.3,49118,47913
861.4,49116,47919
861.5,49121,47921
861.6,49120,47922
861.7,49118,47926
861.8,49120,47928
861.9,49122,47927
862.0,49120,47931
862.1,49125,47934
862.2,49128,47938
862.3,49127,47939
862.4,49128,47942
862.5,49127,47947
862.6,49131,47951
862.7,49135,47951
862.8,49135,47952
862.9,49136,47952
863.0,49137,47954
863.1,49137,47956
863.2,49139,47958
863.3,49141,47964
863.4,49140,47967
863.5,49140,47974
863.6,49140,47975
863.7,49141,47979
863.8,49143,47981
863.9,49140,47983
864.0,49142,47986
864.1,49144,47987
864.2,49146,47989
864.3,49148,47993
864.4,49144,47999
864.5,49146,48000
864.6,49149,48004
864.7,49151,48010
864.8,49151,48010
864.9,49149,48014
865.0,49148,48017
865.1,49150,48017
865.2,49158,48021
865.3,49157,48023
865.4,49159,48026
865.5,49161,48028
865.6,49164,48034
865.7,49168,48039
865.8,49171,48043
865.9,49170,48042
866.0,49174,48048
866.1,49174,48053
866.2,49178,48053
866.3,49178,48057
866.4,49175,48060
866.5,49174,48063
866.6,49174,48061
866.7,49171,48067
866.8,49171,48069
866.9,49176,48074
867.0,49173,48077
867.1,49176,48080
867.2,49176,48084
867.3,49175,48087
867.4,49178,48095
867.5,49181,48099
867.6,49182,48103
867.7,49177,48106
867.8,49179,48111
867.9,49175,48113
868.0,49174,48120
868.1,49173,48119
868.2,49173,48120
868.3,49174,48128
868.4,49174,48130
868.5,49176,48134
868.6,49176,48134
868.7,49173,48137
868.8,49173,48141
868.9,49176,48143
869.0,49177,48149
869.1,49180,48154
869.2,49183,48153
869.3,49182,48155
869.4,49182,48156
869.5,49183,48161
869.6,49185,48167
869.7,49187,48173
869.8,49189,48177
869.9,49189,48181
870.0,49190,48183
870.1,49193,48187
870.2,49194,48184
870.3,49194,48190
870.4,49197,48192
870.5,49201,48193
870.6,49199,48196
870.7,49197,48201
870.8,49194,48206
870.9,49191,48210
871.0,49193,48214
871.1,49194,48215
871.2,49193,48215
871.3,49194,48216
871.4,49197,48219
871.5,49200,48220
871.6,49202,48223
871.7,49199,48226
871.8,49200,48230
871.9,49200,48233
872.0,49205,48235
872.1,49205,48235
872.2,49203,48240
872.3,49205,48241
872.4,49203,48242
872.5,49204,48245
872.6,49201,48246
872.7,49202,48248
872.8,49205,48253
872.9,49209,48256
873.0,49207,48262
873.1,49209,48266
873.2,49205,48265
873.3,49206,48267
873.4,49210,48267
873.5,49209,48270
873.6,49208,48273
873.7,49210,48276
873.8,49214,48282
873.9,49215,48283
874.0,49216,48287
874.1,49214,48287
874.2,49217,48291
874.3,49217,48295
874.4,49214,48298
874.5,49214,48302
874.6,49214,48303
874.7,49212,48305
874.8,49213,48310
874.9,49216,48313
875.0,49216,48314
875.1,49214,48319
875.2,49216,48318
875.3,49215,48323
875.4,49215,48325
875.5,49212,48327
875.6,49209,48331
875.7,49207,48336
875.8,49209,48340
875.9,49211,48346
876.0,49211,48350
876.1,49214,48354
876.2,49213,48357
876.3,49211,48362
876.4,49210,48367
876.5,49212,48368
876.6,49209,48372
876.7,49208,48374
876.8,49209,48376
876.9,49207,48382
877.0,49209,48387
877.1,49214,48392
877.2,49213,48399
877.3,49216,48404
877.4,49214,48413
877.5,49217,48415
877.6,49217,48416
877.7,49217,48424
877.8,49216,48423
877.9,49216,48429
878.0,49220,48436
878.1,49215,48438
878.2,49217,48445
878.3,49216,48450
878.4,49217,48454
878.5,49218,48460
878.6,49219,48464
878.7,49217,48470
878.8,49223,48473
878.9,49223,48475
879.0,49225,48474
879.1,49228,48479
879.2,49228,48481
879.3,49225,48484
879.4,49228,48486
879.5,49227,48494
879.6,49228,48500
879.7,49231,48500
879.8,49233,48501
879.9,49238,48503
880.0,49238,48508
880.1,49237,48515
880.2,49235,48518
880.3,49237,48519
880.4,49234,48525
880.5,49234,48527
880.6,49232,48529
880.7,49233,48530
880.8,49230,48532
880.9,49231,48537
881.0,49231,48541
881.1,49232,48543
881.2,49232,48543
881.3,49234,48547
881.4,49238,48550
881.5,49240,48552
881.6,49240,48558
881.7,49242,48566
881.8,49239,48572
881.9,49243,48576
882.0,49247,48578
882.1,49248,48581
882.2,49248,48582
882.3,49248,48584
882.4,49246,48589
882.5,49244,48593
882.6,49250,48598
882.7,49249,48601
882.8,49249,48603
882.9,49251,48608
883.0,49255,48615
883.1,49256,48617
883.2,49263,48618
883.3,49258,48619
883.4,49254,48618
883.5,49259,48616
883.6,49259,48625
883.7,49261,48626
883.8,49264,48629
883.9,49265,48631
884.0,49265,48630
884.1,49270,48628
884.2,49277,48633
884.3,49279,48635
884.4,49278,48639
884.5,49282,48642
884.6,49283,48641
884.7,49284,48646
884.8,49288,48650
884.9,49296,48655
885.0,49295,48665
885.1,49296,48669
885.2,49294,48672
885.3,49294,48674
885.4,49301,48679
885.5,49306,48680
885.6,49311,48688
885.7,49313,48691
885.8,49321,48693
885.9,49324,48696
886.0,49331,48697
886.1,49328,48701
886.2,49332,48705
886.3,49333,48707
886.4,49332,48712
886.5,49337,48715
886.6,49334,48722
886.7,49337,48730
886.8,49332,48733
886.9,49332,48736
887.0,49330,48740
887.1,49330,48736
887.2,49337,48734
887.3,49337,48739
887.4,49332,48745
887.5,49332,48752
887.6,49336,48758
887.7,49338,48761
887.8,49340,48769
887.9,49341,48772
888.0,49335,48775
888.1,49336,48779
888.2,49338,48781
888.3,49339,48780
888.4,49340,48779
888.5,49340,48785
888.6,49341,48789
888.7,49348,48797
888.8,49349,48798
888.9,49348,48799
889.0,49352,48804
889.1,49349,48809
889.2,49350,48810
889.3,49350,48815
889.4,49352,48821
889.5,49354,48827
889.6,49358,48830
889.7,49357,48835
889.8,49359,48836
889.9,49361,48836
890.0,49361,48840
890.1,49362,48843
890.2,49360,48844
890.3,49363,48846
890.4,49364,48847
890.5,49364,48847
890.6,49364,48849
890.7,49366,48859
890.8,49368,48865
890.9,49372,48870
891.0,49378,48873
891.1,49382,48879
891.2,49385,48881
891.3,49388,48882
891.4,49388,48888
891.5,49390,48891
891.6,49390,48898
891.7,49392,48898
891.8,49394,48902
891.9,49397,48905
892.0,49396,48909
892.1,49401,48913
892.2,49405,48914
892.3,49406,48924
892.4,49405,48929
892.5,49406,48935
892.6,49402,48940
892.7,49402,48940
892.8,49401,48947
892.9,49399,48950
893.0,49399,48953
893.1,49403,48954
893.2,49403,48957
893.3,49405,48956
893.4,49410,48960
893.5,49404,48963
893.6,49405,48964
893.7,49407,48972
893.8,49408,48976
893.9,49409,48981
894.0,49412,48987
894.1,49414,48989
894.2,49418,48993
894.3,49418,49000
894.4,49418,49005
894.5,49417,49008
894.6,49415,49014
894.7,49418,49018
894.8,49418,49023
894.9,49421,49031
895.0,49421,49036
895.1,49424,49036
895.2,49425,49037
895.3,49427,49038
895.4,49430,49043
895.5,49436,49047
895.6,49442,49048
895.7,49449,49050
895.8,49451,49051
895.9,49452,49052
896.0,49455,49054
896.1,49461,49059
896.2,49466,49061
896.3,49467,49066
896.4,49471,49069
896.5,49470,49073
896.6,49473,49077
896.7,49475,49081
896.8,49475,49084
896.9,49476,49089
897.0,49481,49096
897.1,49481,49098
897.2,49484,49101
897.3,49484,49103
897.4,49486,49108
897.5,49496,49116
897.6,49496,49123
897.7,49499,49126
897.8,49501,49126
897.9,49500,49133
898.0,49509,49136
898.1,49510,49140
898.2,49515,49144
898.3,49519,49151
898.4,49519,49150
898.5,49522,49159
898.6,49522,49163
898.7,49529,49164
898.8,49529,49165
898.9,49530,49167
899.0,49533,49167
899.1,49531,49175
899.2,49532,49177
899.3,49536,49182
899.4,49537,49186
899.5,49537,49185
899.6,49540,49186
899.7,49542,49187
899.8,49547,49192
899.9,49544,49196
900.0,49546,49200
900.1,49549,49204
900.2,49553,49206
900.3,49558,49215
900.4,49561,49215
900.5,49568,49212
900.6,49572,49215
900.7,49576,49217
900.8,49576,49220
900.9,49582,49225
901.0,49586,49234
901.1,49588,49234
901.2,49592,49234
901.3,49594,49240
901.4,49594,49247
901.5,49595,49248
901.6,49596,49256
901.7,49601,49257
901.8,49605,49262
901.9,49611,49270
902.0,49613,49278
902.1,49618,49285
902.2,49618,49286
902.3,49620,49291
902.4,49619,49298
902.5,49625,49301
902.6,49630,49309
902.7,49633,49313
902.8,49631,49313
902.9,49633,49318
903.0,49637,49323
903.1,49642,49329
903.2,49646,49336
903.3,49647,49341
903.4,49646,49345
903.5,49647,49351
903.6,49653,49352
903.7,49661,49355
903.8,49662,49361
903.9,49667,49363
904.0,49670,49369
904.1,49672,49377
904.2,49678,49378
904.3,49683,49379
904.4,49684,49379
904.5,49687,49377
904.6,49690,49379
904.7,49695,49387
904.8,49700,49391
904.9,49702,49399
905.0,49702,49399
905.1,49703,49401
905.2,49713,49406
905.3,49719,49409
905.4,49720,49415
905.5,49725,49416
905.6,49724,49421
905.7,49724,49425
905.8,49725,49427
905.9,49729,49433
906.0,49734,49438
906.1,49738,49440
906.2,49741,49449
906.3,49744,49451
906.4,49746,49454
906.5,49753,49458
906.6,49757,49461
906.7,49759,49466
906.8,49761,49471
906.9,49759,49474
907.0,49763,49479
907.1,49765,49484
907.2,49767,49487
907.3,49770,49488
907.4,49772,49495
907.5,49776,49496
907.6,49776,49501
907.7,49776,49497
907.8,49779,49500
907.9,49784,49505
908.0,49794,49509
908.1,49794,49512
908.2,49792,49517
908.3,49797,49519
908.4,49800,49522
908.5,49797,49531
908.6,49805,49538
908.7,49808,49539
908.8,49810,49543
908.9,49816,49550
909.0,49821,49555
909.1,49823,49561
909.2,49830,49566
909.3,49832,49566
909.4,49837,49567
909.5,49838,49568
909.6,49842,49576
909.7,49846,49580
909.8,49847,49590
909.9,49850,49595
910.0,49853,49597
910.1,49858,49605
910.2,49861,49606
910.3,49867,49609
910.4,49871,49614
910.5,49878,49619
910.6,49885,49623
910.7,49892,49628
910.8,49893,49633
910.9,49898,49632
911.0,49908,49637
911.1,49905,49644
911.2,49907,49644
911.3,49911,49648
911.4,49913,49653
911.5,49916,49653
911.6,49918,49656
911.7,49923,49662
911.8,49930,49668
911.9,49930,49672
912.0,49934,49680
912.1,49939,49684
912.2,49944,49690
912.3,49946,49696
912.4,49948,49701
912.5,49953,49708
912.6,49955,49713
912.7,49962,49719
912.8,49965,49722
912.9,49968,49727
913.0,49971,49726
913.1,49972,49731
913.2,49977,49737
913.3,49982,49741
913.4,49986,49751
913.5,49983,49755
913.6,49985,49756
913.7,49991,49761
913.8,49998,49769
913.9,50000,49778
914.0,50004,49780
914.1,50008,49789
914.2,50016,49794
914.3,50021,49800
914.4,50024,49807
914.5,50024,49816
914.6,50033,49824
914.7,50038,49824
914.8,50043,49828
914.9,50044,49831
915.0,50044,49835
915.1,50049,49841
915.2,50054,49848
915.3,50060,49858
915.4,50064,49868
915.5,50067,49868
915.6,50070,49874
915.7,50074,49876
915.8,50079,49879
915.9,50081,49887
916.0,50081,49891
916.1,50085,49891
916.2,50088,49895
916.3,50096,49900
916.4,50096,49904
916.5,50097,49911
916.6,50102,49917
916.7,50106,49923
916.8,50110,49923
916.9,50118,49926
917.0,50122,49928
917.1,50122,49933
917.2,50129,49939
917.3,50135,49944
917.4,50138,49947
917.5,50136,49951
917.6,50142,49955
917.7,50144,49959
917.8,50148,49962
917.9,50152,49968
918.0,50157,49971
918.1,50164,49978
918.2,50168,49985
918.3,50170,49993
918.4,50175,49997
918.5,50179,50001
918.6,50183,50006
918.7,50193,50008
918.8,50195,50014
918.9,50202,50020
919.0,50210,50030
919.1,50210,50039
919.2,50214,50046
919.3,50218,50053
919.4,50220,50058
919.5,50226,50061
919.6,50228,50067
919.7,50231,50068
919.8,50234,50072
919.9,50237,50079
920.0,50242,50077
920.1,50243,50078
920.2,50247,50083
920.3,50254,50090
920.4,50257,50095
920.5,50261,50100
920.6,50263,50104
920.7,50267,50112
920.8,50272,50117
920.9,50274,50121
921.0,50276,50127
921.1,50282,50133
921.2,50288,50135
921.3,50291,50140
921.4,50297,50146
921.5,50297,50152
921.6,50302,50158
921.7,50306,50164
921.8,50314,50169
921.9,50321,50174
922.0,50322,50180
922.1,50325,50184
922.2,50331,50188
922.3,50332,50192
922.4,50332,50201
922.5,50337,50208
922.6,50342,50215
922.7,50350,50217
922.8,50353,50220
922.9,50362,50227
923.0,50368,50229
923.1,50377,50236
923.2,50381,50241
923.3,50383,50246
923.4,50386,50254
923.5,50393,50255
923.6,50400,50260
923.7,50402,50257
923.8,50405,50266
923.9,50408,50273
924.0,50418,50279
924.1,50422,50282
924.2,50430,50288
924.3,50433,50295
924.4,50439,50301
924.5,50445,50307
924.6,50450,50312
924.7,50458,50323
924.8,50466,50322
924.9,50470,50330
925.0,50476,50330
925.1,50485,50330
925.2,50491,50336
925.3,50499,50338
925.4,50504,50342
925.5,50512,50349
925.6,50518,50354
925.7,50523,50358
925.8,50523,50366
925.9,50524,50371
926.0,50528,50378
926.1,50531,50381
926.2,50536,50391
926.3,50540,50399
926.4,50547,50401
926.5,50553,50406
926.6,50555,50409
926.7,50562,50414
926.8,50570,50417
926.9,50571,50425
927.0,50575,50432
927.1,50579,50436
927.2,50589,50438
927.3,50594,50440
927.4,50597,50444
927.5,50606,50449
927.6,50608,50452
927.7,50619,50455
927.8,50624,50460
927.9,50627,50467
928.0,50631,50471
928.1,50637,50479
928.2,50641,50485
928.3,50647,50488
928.4,50653,50494
928.5,50659,50499
928.6,50664,50505
928.7,50671,50509
928.8,50673,50515
928.9,50682,50515
929.0,50685,50522
929.1,50691,50528
929.2,50695,50534
929.3,50700,50543
929.4,50705,50552
929.5,50709,50557
929.6,50713,50562
929.7,50722,50562
929.8,50730,50571
929.9,50740,50578
930.0,50746,50585
930.1,50750,50589
930.2,50755,50591
930.3,50760,50596
930.4,50761,50600
930.5,50765,50608
930.6,50772,50612
930.7,50775,50618
930.8,50776,50625
930.9,50784,50630
931.0,50788,50638
931.1,50796,50646
931.2,50800,50647
931.3,50802,50652
931.4,50805,50659
931.5,50808,50666
931.6,50813,50674
931.7,50823,50682
931.8,50826,50685
931.9,50833,50689
932.0,50842,50696
932.1,50850,50695
932.2,50854,50700
932.3,50859,50708
932.4,50868,50714
932.5,50871,50718
932.6,50876,50723
932.7,50881,50732
932.8,50887,50738
932.9,50895,50744
933.0,50897,50754
933.1,50905,50760
933.2,50912,50767
933.3,50916,50770
933.4,50921,50772
933.5,50930,50783
933.6,50937,50789
933.7,50944,50794
933.8,50954,50804
933.9,50962,50808
934.0,50965,50820
934.1,50968,50825
934.2,50972,50832
934.3,50980,50838
934.4,50987,50843
934.5,50994,50849
934.6,51002,50854
934.7,51010,50859
934.8,51013,50862
934.9,51018,50871
935.0,51023,50878
935.1,51024,50878
935.2,51032,50884
935.3,51037,50888
935.4,51040,50895
935.5,51049,50900
935.6,51053,50906
935.7,51060,50911
935.8,51069,50913
935.9,51076,50920
936.0,51078,50926
936.1,51085,50932
936.2,51089,50938
936.3,51094,50945
936.4,51096,50954
936.5,51104,50960
936.6,51108,50967
936.7,51108,50973
936.8,51115,50982
936.9,51120,50989
937.0,51128,50992
937.1,51137,51001
937.2,51143,51006
937.3,51149,51010
937.4,51155,51014
937.5,51159,51016
937.6,51165,51022
937.7,51169,51025
937.8,51176,51031
937.9,51181,51036
938.0,51186,51041
938.1,51194,51047
938.2,51200,51052
938.3,51205,51054
938.4,51214,51059
938.5,51222,51069
938.6,51226,51076
938.7,51231,51084
938.8,51234,51091
938.9,51241,51098
939.0,51248,51110
939.1,51255,51115
939.2,51264,51119
939.3,51268,51122
939.4,51272,51129
939.5,51277,51134
939.6,51284,51136
939.7,51287,51146
939.8,51298,51155
939.9,51302,51160
940.0,51311,51167
940.1,51316,51173
940.2,51319,51176
940.3,51327,51187
940.4,51331,51191
940.5,51341,51200
940.6,51343,51207
940.7,51349,51212
940.8,51358,51222
940.9,51367,51228
941.0,51377,51237
941.1,51381,51241
941.2,51386,51244
941.3,51391,51247
941.4,51399,51254
941.5,51407,51260
941.6,51412,51265
941.7,51418,51270
941.8,51426,51280
941.9,51429,51289
942.0,51433,51291
942.1,51442,51300
942.2,51447,51307
942.3,51451,51311
942.4,51458,51322
942.5,51460,51329
942.6,51466,51335
942.7,51472,51340
942.8,51478,51339
942.9,51483,51344
943.0,51489,51351
943.1,51496,51356
943.2,51505,51362
943.3,51508,51367
943.4,51515,51369
943.5,51519,51375
943.6,51530,51381
943.7,51541,51394
943.8,51545,51402
943.9,51552,51405
944.0,51561,51412
944.1,51567,51421
944.2,51573,51426
944.3,51580,51433
944.4,51586,51441
944.5,51596,51447
944.6,51603,51454
944.7,51612,51464
944.8,51621,51472
944.9,51624,51480
945.0,51635,51487
945.1,51643,51493
945.2,51648,51501
945.3,51657,51510
945.4,51663,51516
945.5,51669,51524
945.6,51678,51529
945.7,51685,51534
945.8,51694,51539
945.9,51700,51549
946.0,51708,51554
946.1,51717,51559
946.2,51726,51562
946.3,51729,51567
946.4,51732,51575
946.5,51737,51581
946.6,51742,51590
946.7,51747,51601
946.8,51762,51609
946.9,51764,51617
947.0,51772,51625
947.1,51775,51633
947.2,51783,51634
947.3,51792,51642
947.4,51801,51644
947.5,51806,51647
947.6,51813,51653
947.7,51820,51660
947.8,51826,51670
947.9,51833,51677
948.0,51840,51688
948.1,51846,51690
948.2,51850,51701
948.3,51857,51709
948.4,51865,51718
948.5,51870,51727
948.6,51874,51735
948.7,51881,51743
948.8,51890,51750
948.9,51901,51755
949.0,51906,51763
949.1,51910,51768
949.2,51917,51774
949.3,51926,51777
949.4,51930,51787
949.5,51940,51794
949.6,51941,51796
949.7,51949,51802
949.8,51955,51802
949.9,51962,51808
950.0,51972,51815
950.1,51980,51820
950.2,51983,51828
950.3,51989,51832
950.4,51994,51835
950.5,52001,51840
950.6,52005,51845
950.7,52014,51853
950.8,52018,51854
950.9,52023,51860
951.0,52031,51865
951.1,52039,51871
951.2,52046,51874
951.3,52052,51882
951.4,52059,51893
951.5,52067,51906
951.6,52075,51917
951.7,52086,51925
951.8,52096,51931
951.9,52101,51932
952.0,52109,51936
952.1,52119,51942
952.2,52127,51944
952.3,52135,51951
952.4,52144,51953
952.5,52150,51962
952.6,52155,51969
952.7,52158,51977
952.8,52170,51985
952.9,52177,51994
953.0,52188,52000
953.1,52199,52007
953.2,52204,52015
953.3,52210,52020
953.4,52218,52028
953.5,52225,52034
953.6,52230,52044
953.7,52235,52053
953.8,52241,52065
953.9,52248,52075
954.0,52256,52082
954.1,52261,52087
954.2,52267,52102
954.3,52269,52105
954.4,52273,52105
954.5,52284,52111
954.6,52291,52117
954.7,52300,52126
954.8,52305,52132
954.9,52313,52139
955.0,52317,52148
955.1,52325,52156
955.2,52335,52164
955.3,52348,52168
955.4,52350,52178
955.5,52357,52186
955.6,52363,52195
955.7,52372,52199
955.8,52378,52208
955.9,52390,52214
956.0,52396,52219
956.1,52404,52225
956.2,52407,52231
956.3,52412,52236
956.4,52419,52242
956.5,52426,52246
956.6,52434,52253
956.7,52441,52265
956.8,52449,52273
956.9,52455,52279
957.0,52466,52288
957.1,52477,52298
957.2,52486,52307
957.3,52494,52316
957.4,52501,52320
957.5,52509,52327
957.6,52517,52331
957.7,52522,52340
957.8,52533,52348
957.9,52539,52357
958.0,52551,52362
958.1,52556,52368
958.2,52562,52370
958.3,52571,52376
958.4,52577,52384
958.5,52587,52391
958.6,52595,52400
958.7,52602,52413
958.8,52609,52420
958.9,52611,52424
959.0,52622,52430
959.1,52630,52438
959.2,52636,52443
959.3,52645,52448
959.4,52651,52451
959.5,52657,52461
959.6,52662,52470
959.7,52668,52477
959.8,52676,52484
959.9,52682,52492
960.0,52687,52501
960.1,52698,52509
960.2,52706,52515
960.3,52713,52523
960.4,52717,52532
960.5,52723,52543
960.6,52733,52551
960.7,52742,52557
960.8,52746,52566
960.9,52751,52575
961.0,52761,52585
961.1,52770,52592
961.2,52776,52605
961.3,52784,52613
961.4,52791,52618
961.5,52799,52624
961.6,52806,52633
961.7,52812,52642
961.8,52822,52649
961.9,52826,52660
962.0,52830,52667
962.1,52837,52673
962.2,52841,52682
962.3,52851,52688
962.4,52858,52694
962.5,52866,52703
962.6,52873,52714
962.7,52883,52724
962.8,52891,52731
962.9,52901,52741
963.0,52909,52747
963.1,52918,52759
963.2,52925,52768
963.3,52935,52778
963.4,52939,52790
963.5,52949,52796
963.6,52957,52806
963.7,52970,52814
963.8,52978,52822
963.9,52983,52827
964.0,52993,52835
964.1,52997,52845
964.2,53003,52855
964.3,53007,52862
964.4,53015,52872
964.5,53030,52880
964.6,53039,52887
964.7,53047,52897
964.8,53053,52903
964.9,53060,52914
965.0,53068,52920
965.1,53077,52928
965.2,53085,52935
965.3,53090,52940
965.4,53100,52944
965.5,53106,52948
965.6,53108,52957
965.7,53113,52962
965.8,53120,52972
965.9,53131,52976
966.0,53132,52984
966.1,53140,52990
966.2,53144,53001
966.3,53152,53011
966.4,53160,53017
966.5,53166,53024
966.6,53174,53033
966.7,53179,53044
966.8,53183,53054
966.9,53190,53059
967.0,53195,53068
967.1,53208,53072
967.2,53214,53077
967.3,53222,53087
967.4,53230,53097
967.5,53236,53106
967.6,53243,53114
967.7,53250,53125
967.8,53261,53136
967.9,53270,53144
968.0,53275,53153
968.1,53278,53161
968.2,53284,53170
968.3,53292,53178
968.4,53302,53188
968.5,53310,53194
968.6,53314,53204
968.7,53320,53210
968.8,53329,53222
968.9,53335,53230
969.0,53340,53238
969.1,53348,53243
969.2,53353,53248
969.3,53366,53258
969.4,53378,53270
969.5,53384,53276
969.6,53389,53285
969.7,53399,53296
969.8,53411,53304
969.9,53416,53312
970.0,53421,53320
970.1,53428,53330
970.2,53436,53340
970.3,53442,53346
970.4,53449,53356
970.5,53455,53369
970.6,53460,53378
970.7,53464,53387
970.8,53473,53397
970.9,53480,53404
971.0,53486,53415
971.1,53493,53425
971.2,53501,53432
971.3,53508,53439
971.4,53513,53444
971.5,53523,53449
971.6,53529,53457
971.7,53538,53459
971.8,53543,53463
971.9,53551,53468
972.0,53559,53480
972.1,53561,53486
972.2,53567,53494
972.3,53573,53502
972.4,53578,53511
972.5,53587,53521
972.6,53594,53529
972.7,53604,53539
972.8,53607,53549
972.9,53620,53554
973.0,53629,53564
973.1,53633,53570
973.2,53640,53575
973.3,53648,53581
973.4,53656,53587
973.5,53665,53594
973.6,53674,53601
973.7,53684,53611
973.8,53693,53621
973.9,53701,53626
974.0,53710,53641
974.1,53718,53653
974.2,53727,53661
974.3,53734,53668
974.4,53740,53677
974.5,53748,53684
974.6,53758,53691
974.7,53766,53697
974.8,53777,53711
974.9,53787,53722
975.0,53793,53726
975.1,53805,53730
975.2,53818,53730
975.3,53830,53735
975.4,53839,53744
975.5,53846,53753
975.6,53854,53755
975.7,53864,53762
975.8,53870,53771
975.9,53877,53781
976.0,53880,53791
976.1,53886,53798
976.2,53893,53801
976.3,53904,53811
976.4,53914,53821
976.5,53920,53830
976.6,53929,53838
976.7,53939,53847
976.8,53945,53853
976.9,53952,53862
977.0,53960,53869
977.1,53967,53881
977.2,53976,53891
977.3,53987,53896
977.4,53994,53902
977.5,54000,53912
977.6,54009,53918
977.7,54017,53926
977.8,54020,53934
977.9,54022,53944
978.0,54029,53950
978.1,54035,53955
978.2,54041,53961
978.3,54050,53969
978.4,54056,53979
978.5,54066,53983
978.6,54072,53989
978.7,54079,53995
978.8,54089,53998
978.9,54096,54006
979.0,54105,54013
979.1,54108,54020
979.2,54118,54031
979.3,54126,54042
979.4,54136,54050
979.5,54147,54057
979.6,54159,54064
979.7,54165,54068
979.8,54171,54072
979.9,54177,54081
980.0,54185,54091
980.1,54192,54100
980.2,54200,54108
980.3,54210,54117
980.4,54218,54121
980.5,54227,54131
980.6,54237,54138
980.7,54243,54142
980.8,54250,54150
980.9,54259,54156
981.0,54265,54165
981.1,54273,54174
981.2,54280,54183
981.3,54284,54192
981.4,54293,54198
981.5,54303,54207
981.6,54303,54213
981.7,54313,54219
981.8,54317,54229
981.9,54327,54234
982.0,54336,54241
982.1,54348,54247
982.2,54352,54255
982.3,54361,54261
982.4,54365,54265
982.5,54375,54277
982.6,54381,54287
982.7,54388,54295
982.8,54394,54298
982.9,54400,54305
983.0,54408,54314
983.1,54419,54321
983.2,54432,54330
983.3,54439,54339
983.4,54445,54341
983.5,54452,54350
983.6,54459,54357
983.7,54466,54365
983.8,54477,54375
983.9,54486,54384
984.0,54496,54396
984.1,54504,54402
984.2,54513,54416
984.3,54524,54423
984.4,54530,54431
984.5,54542,54443
984.6,54550,54448
984.7,54556,54457
984.8,54564,54468
984.9,54574,54478
985.0,54582,54487
985.1,54591,54493
985.2,54599,54505
985.3,54608,54513
985.4,54619,54522
985.5,54628,54531
985.6,54637,54538
985.7,54647,54549
985.8,54655,54560
985.9,54662,54569
986.0,54667,54577
986.1,54674,54583
986.2,54679,54589
986.3,54685,54600
986.4,54694,54608
986.5,54701,54615
986.6,54710,54623
986.7,54719,54630
986.8,54727,54639
986.9,54732,54647
987.0,54736,54650
987.1,54747,54654
987.2,54755,54663
987.3,54764,54673
987.4,54771,54677
987.5,54774,54687
987.6,54784,54696
987.7,54795,54705
987.8,54805,54711
987.9,54809,54719
988.0,54817,54729
988.1,54829,54738
988.2,54836,54747
988.3,54844,54752
988.4,54852,54762
988.5,54863,54773
988.6,54871,54780
988.7,54877,54790
988.8,54878,54792
988.9,54886,54798
989.0,54894,54806
989.1,54902,54813
989.2,54908,54825
989.3,54912,54828
989.4,54922,54830
989.5,54929,54833
989.6,54933,54843
989.7,54941,54854
989.8,54946,54861
989.9,54954,54874
990.0,54965,54880
990.1,54973,54889
990.2,54978,54896
990.3,54985,54905
990.4,54992,54909
990.5,54997,54919
990.6,55006,54931
990.7,55010,54940
990.8,55020,54943
990.9,55030,54952
991.0,55038,54961
991.1,55047,54967
991.2,55054,54973
991.3,55060,54978
991.4,55065,54981
991.5,55070,54991
991.6,55075,54996
991.7,55087,55005
991.8,55095,55013
991.9,55099,55024
992.0,55108,55030
992.1,55114,55035
992.2,55121,55047
992.3,55130,55054
992.4,55142,55066
992.5,55148,55077
992.6,55154,55084
992.7,55160,55090
992.8,55169,55098
992.9,55179,55107
993.0,55188,55117
993.1,55192,55127
993.2,55203,55135
993.3,55213,55147
993.4,55217,55156
993.5,55220,55170
993.6,55230,55179
993.7,55234,55186
993.8,55241,55197
993.9,55252,55206
994.0,55259,55209
994.1,55267,55216
994.2,55275,55225
994.3,55280,55238
994.4,55290,55250
994.5,55297,55254
994.6,55306,55263
994.7,55316,55270
994.8,55326,55273
994.9,55339,55281
995.0,55346,55286
995.1,55352,55297
995.2,55358,55305
995.3,55366,55317
995.4,55379,55325
995.5,55389,55335
995.6,55396,55343
995.7,55409,55357
995.8,55416,55364
995.9,55426,55372
996.0,55436,55377
996.1,55447,55388
996.2,55456,55393
996.3,55461,55403
996.4,55469,55412
996.5,55477,55424
996.6,55484,55432
996.7,55493,55440
996.8,55500,55446
996.9,55510,55454
997.0,55519,55464
997.1,55527,55473
997.2,55528,55480
997.3,55538,55489
997.4,55545,55499
997.5,55553,55508
997.6,55561,55512
997.7,55572,55523
997.8,55581,55530
997.9,55586,55541
998.0,55594,55543
998.1,55599,55553
998.2,55609,55561
998.3,55613,55573
998.4,55622,55582
998.5,55633,55592
998.6,55646,55600
998.7,55654,55612
998.8,55664,55621
998.9,55672,55628
999.0,55679,55636
999.1,55698,55646
999.2,55706,55651
999.3,55712,55657
999.4,55719,55667
999.5,55731,55679
999.6,55740,55689
999.7,55748,55695
999.8,55753,55702
999.9,55756,55708
