contdir;contesq;veldir;velesq;disdir;diseq;tmp
0;0;0;0;0;0;0
20;20;4.09;4.09;0.41;0.41;131
25;26;5.11;5.32;0.51;0.53;242
27;26;5.52;5.32;0.55;0.53;353
27;27;5.52;5.52;0.55;0.55;464
35;31;7.16;6.34;0.72;0.63;597
28;27;5.73;5.52;0.57;0.55;706
26;28;5.32;5.73;0.53;0.57;815
29;28;5.93;5.73;0.59;0.57;924
26;27;5.32;5.52;0.53;0.55;1033
31;29;6.34;5.93;0.63;0.59;1144
27;27;5.52;5.52;0.55;0.55;1253
26;28;5.32;5.73;0.53;0.57;1362
28;27;5.73;5.52;0.57;0.55;1471
26;28;5.32;5.73;0.53;0.57;1580
20;37;4.09;7.57;0.41;0.76;1691
23;33;4.71;6.75;0.47;0.68;1800
26;28;5.32;5.73;0.53;0.57;1909
21;34;4.3;6.96;0.43;0.7;2018
18;37;3.68;7.57;0.37;0.76;2130
25;29;5.11;5.93;0.51;0.59;2239
28;28;5.73;5.73;0.57;0.57;2348
27;28;5.52;5.73;0.55;0.57;2457
27;27;5.52;5.52;0.55;0.55;2566
24;30;4.91;6.14;0.49;0.61;2675
18;35;3.68;7.16;0.37;0.72;2784
26;28;5.32;5.73;0.53;0.57;2893
28;27;5.73;5.52;0.57;0.55;3002
27;27;5.52;5.52;0.55;0.55;3111
28;27;5.73;5.52;0.57;0.55;3222
28;26;5.73;5.32;0.57;0.53;3331
30;29;6.14;5.93;0.61;0.59;3442
27;27;5.52;5.52;0.55;0.55;3551
28;30;5.73;6.14;0.57;0.61;3668
28;28;5.73;5.73;0.57;0.57;3777
30;28;6.14;5.73;0.61;0.57;3886
29;28;5.93;5.73;0.59;0.57;3995
28;28;5.73;5.73;0.57;0.57;4104
24;39;4.91;7.98;0.49;0.8;4222
23;40;4.71;8.18;0.47;0.82;4331
57;6;11.66;1.23;1.17;0.12;4440
45;6;9.21;1.23;0.92;0.12;4549
28;27;5.73;5.52;0.57;0.55;4658
27;29;5.52;5.93;0.55;0.59;4767
26;27;5.32;5.52;0.53;0.55;4876
27;26;5.52;5.32;0.55;0.53;4985
29;27;5.93;5.52;0.59;0.55;5096
28;27;5.73;5.52;0.57;0.55;5205
29;28;5.93;5.73;0.59;0.57;5323
27;26;5.52;5.32;0.55;0.53;5432
29;26;5.93;5.32;0.59;0.53;5541
28;27;5.73;5.52;0.57;0.55;5650
28;26;5.73;5.32;0.57;0.53;5759
28;26;5.73;5.32;0.57;0.53;5868
28;27;5.73;5.52;0.57;0.55;5977
28;28;5.73;5.73;0.57;0.57;6086
28;26;5.73;5.32;0.57;0.53;6195
29;28;5.93;5.73;0.59;0.57;6307
28;26;5.73;5.32;0.57;0.53;6416
29;27;5.93;5.52;0.59;0.55;6525
28;27;5.73;5.52;0.57;0.55;6634
27;26;5.52;5.32;0.55;0.53;6743
30;27;6.14;5.52;0.61;0.55;6854
28;27;5.73;5.52;0.57;0.55;6963
29;26;5.93;5.32;0.59;0.53;7072
28;27;5.73;5.52;0.57;0.55;7181
30;27;6.14;5.52;0.61;0.55;7290
28;27;5.73;5.52;0.57;0.55;7401
28;26;5.73;5.32;0.57;0.53;7510
28;27;5.73;5.52;0.57;0.55;7619
28;27;5.73;5.52;0.57;0.55;7728
28;27;5.73;5.52;0.57;0.55;7837
29;26;5.93;5.32;0.59;0.53;7946
29;26;5.93;5.32;0.59;0.53;8055
28;27;5.73;5.52;0.57;0.55;8164
30;28;6.14;5.73;0.61;0.57;8280
28;28;5.73;5.73;0.57;0.57;8392
29;27;5.93;5.52;0.59;0.55;8503
28;27;5.73;5.52;0.57;0.55;8612
28;27;5.73;5.52;0.57;0.55;8721
28;26;5.73;5.32;0.57;0.53;8830
28;27;5.73;5.52;0.57;0.55;8939
27;25;5.52;5.11;0.55;0.51;9048
27;26;5.52;5.32;0.55;0.53;9157
28;27;5.73;5.52;0.57;0.55;9266
27;26;5.52;5.32;0.55;0.53;9375
28;27;5.73;5.52;0.57;0.55;9486
28;26;5.73;5.32;0.57;0.53;9595
31;26;6.34;5.32;0.63;0.53;9704
28;26;5.73;5.32;0.57;0.53;9813
28;26;5.73;5.32;0.57;0.53;9922
28;27;5.73;5.52;0.57;0.55;10031
32;26;6.55;5.32;0.65;0.53;10140
28;27;5.73;5.52;0.57;0.55;10251
29;27;5.93;5.52;0.59;0.55;10361
28;27;5.73;5.52;0.57;0.55;10473
28;27;5.73;5.52;0.57;0.55;10582
29;27;5.93;5.52;0.59;0.55;10691
27;26;5.52;5.32;0.55;0.53;10800
29;27;5.93;5.52;0.59;0.55;10909
30;27;6.14;5.52;0.61;0.55;11018
28;27;5.73;5.52;0.57;0.55;11127
30;27;6.14;5.52;0.61;0.55;11236
27;26;5.52;5.32;0.55;0.53;11345
15;42;3.07;8.59;0.31;0.86;11454
22;34;4.5;6.96;0.45;0.7;11565
27;27;5.52;5.52;0.55;0.55;11674
26;29;5.32;5.93;0.53;0.59;11783
21;33;4.3;6.75;0.43;0.68;11892
23;31;4.71;6.34;0.47;0.63;11999
27;27;5.52;5.52;0.55;0.55;12108
27;27;5.52;5.52;0.55;0.55;12217
26;27;5.32;5.52;0.53;0.55;12326
28;28;5.73;5.73;0.57;0.57;12435
28;28;5.73;5.73;0.57;0.57;12547
24;31;4.91;6.34;0.49;0.63;12656
24;31;4.91;6.34;0.49;0.63;12765
31;31;6.34;6.34;0.63;0.63;12888
28;27;5.73;5.52;0.57;0.55;12997
27;27;5.52;5.52;0.55;0.55;13106
27;27;5.52;5.52;0.55;0.55;13215
26;28;5.32;5.73;0.53;0.57;13324
27;27;5.52;5.52;0.55;0.55;13433
23;29;4.71;5.93;0.47;0.59;13542
20;39;4.09;7.98;0.41;0.8;13662
26;27;5.32;5.52;0.53;0.55;13771
29;28;5.93;5.73;0.59;0.57;13880
27;28;5.52;5.73;0.55;0.57;13989
27;27;5.52;5.52;0.55;0.55;14098
26;27;5.32;5.52;0.53;0.55;14207
26;27;5.32;5.52;0.53;0.55;14316
26;28;5.32;5.73;0.53;0.57;14425
28;27;5.73;5.52;0.57;0.55;14534
30;30;6.14;6.14;0.61;0.61;14653
28;28;5.73;5.73;0.57;0.57;14762
27;27;5.52;5.52;0.55;0.55;14871
26;26;5.32;5.32;0.53;0.53;14980
29;27;5.93;5.52;0.59;0.55;15089
27;27;5.52;5.52;0.55;0.55;15198
27;27;5.52;5.52;0.55;0.55;15307
29;27;5.93;5.52;0.59;0.55;15418
27;26;5.52;5.32;0.55;0.53;15527
26;26;5.32;5.32;0.53;0.53;15636
27;27;5.52;5.52;0.55;0.55;15747
28;27;5.73;5.52;0.57;0.55;15856
27;27;5.52;5.52;0.55;0.55;15965
26;27;5.32;5.52;0.53;0.55;16074
27;27;5.52;5.52;0.55;0.55;16183
31;26;6.34;5.32;0.63;0.53;16292
26;26;5.32;5.32;0.53;0.53;16401
26;26;5.32;5.32;0.53;0.53;16510
28;28;5.73;5.73;0.57;0.57;16619
27;27;5.52;5.52;0.55;0.55;16731
26;27;5.32;5.52;0.53;0.55;16840
28;27;5.73;5.52;0.57;0.55;16949
28;27;5.73;5.52;0.57;0.55;17060
27;27;5.52;5.52;0.55;0.55;17169
29;27;5.93;5.52;0.59;0.55;17278
29;29;5.93;5.93;0.59;0.59;17396
29;27;5.93;5.52;0.59;0.55;17505
26;26;5.32;5.32;0.53;0.53;17614
26;27;5.32;5.52;0.53;0.55;17723
27;27;5.52;5.52;0.55;0.55;17834
27;26;5.52;5.32;0.55;0.53;17943
33;23;6.75;4.71;0.68;0.47;18052
39;16;7.98;3.27;0.8;0.33;18161
27;26;5.52;5.32;0.55;0.53;18270
28;27;5.73;5.52;0.57;0.55;18379
28;26;5.73;5.32;0.57;0.53;18488
27;26;5.52;5.32;0.55;0.53;18597
28;25;5.73;5.11;0.57;0.51;18706
29;27;5.93;5.52;0.59;0.55;18820
35;21;7.16;4.3;0.72;0.43;18929
32;22;6.55;4.5;0.65;0.45;19038
27;27;5.52;5.52;0.55;0.55;19147
28;26;5.73;5.32;0.57;0.53;19256
27;26;5.52;5.32;0.55;0.53;19365
28;27;5.73;5.52;0.57;0.55;19474
27;26;5.52;5.32;0.55;0.53;19583
27;26;5.52;5.32;0.55;0.53;19692
27;26;5.52;5.32;0.55;0.53;19801
27;27;5.52;5.52;0.55;0.55;19912
27;26;5.52;5.32;0.55;0.53;20021
27;26;5.52;5.32;0.55;0.53;20130
27;26;5.52;5.32;0.55;0.53;20239
28;26;5.73;5.32;0.57;0.53;20348
28;27;5.73;5.52;0.57;0.55;20459
27;25;5.52;5.11;0.55;0.51;20568
27;26;5.52;5.32;0.55;0.53;20677
29;27;5.93;5.52;0.59;0.55;20786
28;26;5.73;5.32;0.57;0.53;20898
28;26;5.73;5.32;0.57;0.53;21007
27;26;5.52;5.32;0.55;0.53;21116
28;25;5.73;5.11;0.57;0.51;21225
27;26;5.52;5.32;0.55;0.53;21334
28;26;5.73;5.32;0.57;0.53;21443
27;26;5.52;5.32;0.55;0.53;21552
27;26;5.52;5.32;0.55;0.53;21661
27;26;5.52;5.32;0.55;0.53;21770
27;25;5.52;5.11;0.55;0.51;21879
29;28;5.93;5.73;0.59;0.57;22000
27;26;5.52;5.32;0.55;0.53;22109
27;26;5.52;5.32;0.55;0.53;22220
27;25;5.52;5.11;0.55;0.51;22329
27;25;5.52;5.11;0.55;0.51;22438
27;25;5.52;5.11;0.55;0.51;22547
27;26;5.52;5.32;0.55;0.53;22656
28;26;5.73;5.32;0.57;0.53;22765
28;25;5.73;5.11;0.57;0.51;22874
27;27;5.52;5.52;0.55;0.55;22986
28;26;5.73;5.32;0.57;0.53;23095
28;25;5.73;5.11;0.57;0.51;23204
28;26;5.73;5.32;0.57;0.53;23313
27;26;5.52;5.32;0.55;0.53;23422
27;26;5.52;5.32;0.55;0.53;23531
27;25;5.52;5.11;0.55;0.51;23640
26;26;5.32;5.32;0.53;0.53;23749
28;26;5.73;5.32;0.57;0.53;23860
27;26;5.52;5.32;0.55;0.53;23969
27;26;5.52;5.32;0.55;0.53;24080
27;26;5.52;5.32;0.55;0.53;24189
27;26;5.52;5.32;0.55;0.53;24298
26;26;5.32;5.32;0.53;0.53;24407
27;26;5.52;5.32;0.55;0.53;24516
26;26;5.32;5.32;0.53;0.53;24625
27;24;5.52;4.91;0.55;0.49;24734
27;27;5.52;5.52;0.55;0.55;24843
26;25;5.32;5.11;0.53;0.51;24952
29;27;5.93;5.52;0.59;0.55;25064
27;26;5.52;5.32;0.55;0.53;25173
27;26;5.52;5.32;0.55;0.53;25282
27;27;5.52;5.52;0.55;0.55;25391
28;27;5.73;5.52;0.57;0.55;25500
18;38;3.68;7.77;0.37;0.78;25611
21;31;4.3;6.34;0.43;0.63;25720
27;27;5.52;5.52;0.55;0.55;25829
26;26;5.32;5.32;0.53;0.53;25938
25;27;5.11;5.52;0.51;0.55;26047
26;27;5.32;5.52;0.53;0.55;26158
26;27;5.32;5.52;0.53;0.55;26267
27;28;5.52;5.73;0.55;0.57;26376
26;27;5.32;5.52;0.53;0.55;26485
28;28;5.73;5.73;0.57;0.57;26603
25;27;5.11;5.52;0.51;0.55;26712
26;26;5.32;5.32;0.53;0.53;26821
28;27;5.73;5.52;0.57;0.55;26930
25;26;5.11;5.32;0.51;0.53;27039
28;27;5.73;5.52;0.57;0.55;27151
27;27;5.52;5.52;0.55;0.55;27262
27;27;5.52;5.52;0.55;0.55;27371
27;27;5.52;5.52;0.55;0.55;27480
26;26;5.32;5.32;0.53;0.53;27589
25;27;5.11;5.52;0.51;0.55;27698
26;26;5.32;5.32;0.53;0.53;27807
26;26;5.32;5.32;0.53;0.53;27916
25;27;5.11;5.52;0.51;0.55;28025
26;26;5.32;5.32;0.53;0.53;28134
28;27;5.73;5.52;0.57;0.55;28245
26;26;5.32;5.32;0.53;0.53;28354
26;26;5.32;5.32;0.53;0.53;28463
25;27;5.11;5.52;0.51;0.55;28572
27;27;5.52;5.52;0.55;0.55;28681
24;29;4.91;5.93;0.49;0.59;28790
18;37;3.68;7.57;0.37;0.76;28899
23;32;4.71;6.55;0.47;0.65;29010
26;27;5.32;5.52;0.53;0.55;29119
28;27;5.73;5.52;0.57;0.55;29231
26;27;5.32;5.52;0.53;0.55;29340
28;26;5.73;5.32;0.57;0.53;29449
25;27;5.11;5.52;0.51;0.55;29558
27;27;5.52;5.52;0.55;0.55;29667
26;26;5.32;5.32;0.53;0.53;29776
25;26;5.11;5.32;0.51;0.53;29885
25;26;5.11;5.32;0.51;0.53;29994
25;26;5.11;5.32;0.51;0.53;30103
25;26;5.11;5.32;0.51;0.53;30212
26;28;5.32;5.73;0.53;0.57;30323
26;26;5.32;5.32;0.53;0.53;30432
26;27;5.32;5.52;0.53;0.55;30541
25;27;5.11;5.52;0.51;0.55;30652
27;27;5.52;5.52;0.55;0.55;30761
26;25;5.32;5.11;0.53;0.51;30870
26;26;5.32;5.32;0.53;0.53;30979
29;29;5.93;5.93;0.59;0.59;31097
29;26;5.93;5.32;0.59;0.53;31206
27;27;5.52;5.52;0.55;0.55;31318
28;27;5.73;5.52;0.57;0.55;31427
25;26;5.11;5.32;0.51;0.53;31536
26;26;5.32;5.32;0.53;0.53;31645
27;26;5.52;5.32;0.55;0.53;31754
26;26;5.32;5.32;0.53;0.53;31863
26;26;5.32;5.32;0.53;0.53;31972
25;26;5.11;5.32;0.51;0.53;32081
26;25;5.32;5.11;0.53;0.51;32190
25;26;5.11;5.32;0.51;0.53;32299
27;26;5.52;5.32;0.55;0.53;32412
26;26;5.32;5.32;0.53;0.53;32521
27;27;5.52;5.52;0.55;0.55;32630
25;26;5.11;5.32;0.51;0.53;32739
27;26;5.52;5.32;0.55;0.53;32848
26;26;5.32;5.32;0.53;0.53;32957
26;27;5.32;5.52;0.53;0.55;33066
26;27;5.32;5.52;0.53;0.55;33175
26;26;5.32;5.32;0.53;0.53;33284
27;26;5.52;5.32;0.55;0.53;33396
26;26;5.32;5.32;0.53;0.53;33505
27;26;5.52;5.32;0.55;0.53;33614
27;26;5.52;5.32;0.55;0.53;33723
27;26;5.52;5.32;0.55;0.53;33832
25;25;5.11;5.11;0.51;0.51;33941
27;26;5.52;5.32;0.55;0.53;34052
26;26;5.32;5.32;0.53;0.53;34161
32;22;6.55;4.5;0.65;0.45;34270
33;19;6.75;3.89;0.68;0.39;34379
27;25;5.52;5.11;0.55;0.51;34490
25;26;5.11;5.32;0.51;0.53;34599
27;26;5.52;5.32;0.55;0.53;34708
28;25;5.73;5.11;0.57;0.51;34817
26;26;5.32;5.32;0.53;0.53;34926
29;24;5.93;4.91;0.59;0.49;35035
37;16;7.57;3.27;0.76;0.33;35144
37;16;7.57;3.27;0.76;0.33;35253
31;22;6.34;4.5;0.63;0.45;35362
27;28;5.52;5.73;0.55;0.57;35474
25;26;5.11;5.32;0.51;0.53;35583
28;28;5.73;5.73;0.57;0.57;35701
26;26;5.32;5.32;0.53;0.53;35812
27;25;5.52;5.11;0.55;0.51;35921
26;25;5.32;5.11;0.53;0.51;36030
25;25;5.11;5.11;0.51;0.51;36139
25;24;5.11;4.91;0.51;0.49;36248
27;25;5.52;5.11;0.55;0.51;36357
25;25;5.11;5.11;0.51;0.51;36466
26;25;5.32;5.11;0.53;0.51;36577
27;27;5.52;5.52;0.55;0.55;36686
27;25;5.52;5.11;0.55;0.51;36795
30;26;6.14;5.32;0.61;0.53;36904
26;25;5.32;5.11;0.53;0.51;37013
27;25;5.52;5.11;0.55;0.51;37122
27;25;5.52;5.11;0.55;0.51;37231
32;25;6.55;5.11;0.65;0.51;37340
27;26;5.52;5.32;0.55;0.53;37451
27;27;5.52;5.52;0.55;0.55;37563
26;26;5.32;5.32;0.53;0.53;37672
27;26;5.52;5.32;0.55;0.53;37781
27;25;5.52;5.11;0.55;0.51;37890
26;26;5.32;5.32;0.53;0.53;37999
28;25;5.73;5.11;0.57;0.51;38108
27;26;5.52;5.32;0.55;0.53;38217
26;25;5.32;5.11;0.53;0.51;38326
28;25;5.73;5.11;0.57;0.51;38435
25;24;5.11;4.91;0.51;0.49;38544
26;25;5.32;5.11;0.53;0.51;38655
26;27;5.32;5.52;0.53;0.55;38764
27;25;5.52;5.11;0.55;0.51;38873
26;25;5.32;5.11;0.53;0.51;38982
26;26;5.32;5.32;0.53;0.53;39091
27;26;5.52;5.32;0.55;0.53;39202
27;25;5.52;5.11;0.55;0.51;39311
26;26;5.32;5.32;0.53;0.53;39420
26;25;5.32;5.11;0.53;0.51;39529
27;26;5.52;5.32;0.55;0.53;39641
27;26;5.52;5.32;0.55;0.53;39750
26;26;5.32;5.32;0.53;0.53;39859
27;25;5.52;5.11;0.55;0.51;39968
26;26;5.32;5.32;0.53;0.53;40077
26;25;5.32;5.11;0.53;0.51;40186
28;27;5.73;5.52;0.57;0.55;40304
26;25;5.32;5.11;0.53;0.51;40413
25;25;5.11;5.11;0.51;0.51;40522
26;25;5.32;5.11;0.53;0.51;40631
27;26;5.52;5.32;0.55;0.53;40742
27;25;5.52;5.11;0.55;0.51;40853
26;25;5.32;5.11;0.53;0.51;40962
26;25;5.32;5.11;0.53;0.51;41071
26;25;5.32;5.11;0.53;0.51;41180
25;26;5.11;5.32;0.51;0.53;41289
25;26;5.11;5.32;0.51;0.53;41398
26;26;5.32;5.32;0.53;0.53;41507
26;25;5.32;5.11;0.53;0.51;41616
28;26;5.73;5.32;0.57;0.53;41728
26;25;5.32;5.11;0.53;0.51;41837
27;26;5.52;5.32;0.55;0.53;41946
25;27;5.11;5.52;0.51;0.55;42055
26;26;5.32;5.32;0.53;0.53;42164
26;26;5.32;5.32;0.53;0.53;42273
26;25;5.32;5.11;0.53;0.51;42382
26;26;5.32;5.32;0.53;0.53;42491
26;26;5.32;5.32;0.53;0.53;42602
26;26;5.32;5.32;0.53;0.53;42711
27;26;5.52;5.32;0.55;0.53;42822
26;26;5.32;5.32;0.53;0.53;42931
25;25;5.11;5.11;0.51;0.51;43040
26;25;5.32;5.11;0.53;0.51;43149
26;26;5.32;5.32;0.53;0.53;43258
26;25;5.32;5.11;0.53;0.51;43367
23;31;4.71;6.34;0.47;0.63;43476
16;39;3.27;7.98;0.33;0.8;43585
18;33;3.68;6.75;0.37;0.68;43694
17;40;3.48;8.18;0.35;0.82;43812
15;36;3.07;7.36;0.31;0.74;43921
16;37;3.27;7.57;0.33;0.76;44030
15;36;3.07;7.36;0.31;0.74;44139
26;28;5.32;5.73;0.53;0.57;44250
39;15;7.98;3.07;0.8;0.31;44359
29;22;5.93;4.5;0.59;0.45;44468
36;16;7.36;3.27;0.74;0.33;44577
28;23;5.73;4.71;0.57;0.47;44686
27;27;5.52;5.52;0.55;0.55;44804
28;27;5.73;5.52;0.57;0.55;44922
25;26;5.11;5.32;0.51;0.53;45031
26;25;5.32;5.11;0.53;0.51;45140
26;26;5.32;5.32;0.53;0.53;45249
26;25;5.32;5.11;0.53;0.51;45358
26;24;5.32;4.91;0.53;0.49;45467
26;25;5.32;5.11;0.53;0.51;45576
27;26;5.52;5.32;0.55;0.53;45685
18;35;3.68;7.16;0.37;0.72;45794
16;40;3.27;8.18;0.33;0.82;45912
15;37;3.07;7.57;0.31;0.76;46023
15;36;3.07;7.36;0.31;0.74;46132
17;34;3.48;6.96;0.35;0.7;46241
27;26;5.52;5.32;0.55;0.53;46350
25;26;5.11;5.32;0.51;0.53;46459
25;26;5.11;5.32;0.51;0.53;46568
29;23;5.93;4.71;0.59;0.47;46677
38;15;7.77;3.07;0.78;0.31;46786
36;15;7.36;3.07;0.74;0.31;46895
39;16;7.98;3.27;0.8;0.33;47013
35;16;7.16;3.27;0.72;0.33;47122
35;16;7.16;3.27;0.72;0.33;47231
35;15;7.16;3.07;0.72;0.31;47340
35;16;7.16;3.27;0.72;0.33;47449
34;16;6.96;3.27;0.7;0.33;47558
36;16;7.36;3.27;0.74;0.33;47669
29;23;5.93;4.71;0.59;0.47;47778
25;27;5.11;5.52;0.51;0.55;47887
27;29;5.52;5.93;0.55;0.59;48006
26;27;5.32;5.52;0.53;0.55;48115
27;25;5.52;5.11;0.55;0.51;48224
26;26;5.32;5.32;0.53;0.53;48333
26;24;5.32;4.91;0.53;0.49;48442
26;24;5.32;4.91;0.53;0.49;48551
27;25;5.52;5.11;0.55;0.51;48660
22;29;4.5;5.93;0.45;0.59;48769
13;40;2.66;8.18;0.27;0.82;48878
14;37;2.86;7.57;0.29;0.76;48987
16;39;3.27;7.98;0.33;0.8;49105
15;36;3.07;7.36;0.31;0.74;49214
17;34;3.48;6.96;0.35;0.7;49323
29;36;5.93;7.36;0.59;0.74;49464
24;35;4.91;7.16;0.49;0.72;49590
29;23;5.93;4.71;0.59;0.47;49699
39;13;7.98;2.66;0.8;0.27;49808
28;23;5.73;4.71;0.57;0.47;49917
26;25;5.32;5.11;0.53;0.51;50026
28;28;5.73;5.73;0.57;0.57;50144
25;25;5.11;5.11;0.51;0.51;50253
28;23;5.73;4.71;0.57;0.47;50362
36;16;7.36;3.27;0.74;0.33;50471
16;37;3.27;7.57;0.33;0.76;50580
26;25;5.32;5.11;0.53;0.51;50689
26;26;5.32;5.32;0.53;0.53;50798
16;35;3.27;7.16;0.33;0.72;50907
24;26;4.91;5.32;0.49;0.53;51016
42;18;8.59;3.68;0.86;0.37;51137
35;17;7.16;3.48;0.72;0.35;51246
25;26;5.11;5.32;0.51;0.53;51355
25;25;5.11;5.11;0.51;0.51;51464
25;24;5.11;4.91;0.51;0.49;51573
26;25;5.32;5.11;0.53;0.51;51682
26;24;5.32;4.91;0.53;0.49;51791
26;25;5.32;5.11;0.53;0.51;51900
26;25;5.32;5.11;0.53;0.51;52009
26;25;5.32;5.11;0.53;0.51;52118
27;27;5.52;5.52;0.55;0.55;52235
26;25;5.32;5.11;0.53;0.51;52344
26;25;5.32;5.11;0.53;0.51;52453
25;25;5.11;5.11;0.51;0.51;52562
26;24;5.32;4.91;0.53;0.49;52671
25;25;5.11;5.11;0.51;0.51;52780
26;24;5.32;4.91;0.53;0.49;52891
25;24;5.11;4.91;0.51;0.49;53000
26;25;5.32;5.11;0.53;0.51;53109
26;24;5.32;4.91;0.53;0.49;53220
25;25;5.11;5.11;0.51;0.51;53329
26;24;5.32;4.91;0.53;0.49;53438
25;25;5.11;5.11;0.51;0.51;53547
26;25;5.32;5.11;0.53;0.51;53655
24;24;4.91;4.91;0.49;0.49;53763
26;25;5.32;5.11;0.53;0.51;53874
26;24;5.32;4.91;0.53;0.49;53983
25;25;5.11;5.11;0.51;0.51;54092
26;24;5.32;4.91;0.53;0.49;54201
25;25;5.11;5.11;0.51;0.51;54312
26;25;5.32;5.11;0.53;0.51;54421
25;25;5.11;5.11;0.51;0.51;54532
27;25;5.52;5.11;0.55;0.51;54641
25;24;5.11;4.91;0.51;0.49;54750
26;24;5.32;4.91;0.53;0.49;54859
25;25;5.11;5.11;0.51;0.51;54968
25;24;5.11;4.91;0.51;0.49;55077
25;25;5.11;5.11;0.51;0.51;55186
26;26;5.32;5.32;0.53;0.53;55298
26;24;5.32;4.91;0.53;0.49;55407
25;25;5.11;5.11;0.51;0.51;55516
25;24;5.11;4.91;0.51;0.49;55625
26;25;5.32;5.11;0.53;0.51;55734
25;25;5.11;5.11;0.51;0.51;55843
26;26;5.32;5.32;0.53;0.53;55952
25;25;5.11;5.11;0.51;0.51;56061
18;35;3.68;7.16;0.37;0.72;56170
15;37;3.07;7.57;0.31;0.76;56281
15;39;3.07;7.98;0.31;0.8;56399
15;36;3.07;7.36;0.31;0.74;56508
15;36;3.07;7.36;0.31;0.74;56617
15;36;3.07;7.36;0.31;0.74;56726
15;35;3.07;7.16;0.31;0.72;56835
14;37;2.86;7.57;0.29;0.76;56944
18;33;3.68;6.75;0.37;0.68;57053
35;18;7.16;3.68;0.72;0.37;57162
31;20;6.34;4.09;0.63;0.41;57271
27;27;5.52;5.52;0.55;0.55;57389
31;19;6.34;3.89;0.63;0.39;57498
36;15;7.36;3.07;0.74;0.31;57607
33;17;6.75;3.48;0.68;0.35;57716
27;23;5.52;4.71;0.55;0.47;57825
34;16;6.96;3.27;0.7;0.33;57936
36;16;7.36;3.27;0.74;0.33;58045
21;34;4.3;6.96;0.43;0.7;58154
24;27;4.91;5.52;0.49;0.55;58263
40;17;8.18;3.48;0.82;0.35;58372
40;16;8.18;3.27;0.82;0.33;58493
33;17;6.75;3.48;0.68;0.35;58602
26;26;5.32;5.32;0.53;0.53;58711
23;26;4.71;5.32;0.47;0.53;58820
25;25;5.11;5.11;0.51;0.51;58929
25;25;5.11;5.11;0.51;0.51;59038
26;24;5.32;4.91;0.53;0.49;59147
26;25;5.32;5.11;0.53;0.51;59256
25;25;5.11;5.11;0.51;0.51;59365
28;25;5.73;5.11;0.57;0.51;59484
25;24;5.11;4.91;0.51;0.49;59593
26;26;5.32;5.32;0.53;0.53;59704
26;24;5.32;4.91;0.53;0.49;59813
27;26;5.52;5.32;0.55;0.53;59922
27;23;5.52;4.71;0.55;0.47;60031
35;16;7.16;3.27;0.72;0.33;60140
33;15;6.75;3.07;0.68;0.31;60249
26;25;5.32;5.11;0.53;0.51;60358
26;25;5.32;5.11;0.53;0.51;60467
25;25;5.11;5.11;0.51;0.51;60578
26;26;5.32;5.32;0.53;0.53;60687
25;25;5.11;5.11;0.51;0.51;60796
25;25;5.11;5.11;0.51;0.51;60905
22;29;4.5;5.93;0.45;0.59;61014
15;37;3.07;7.57;0.31;0.76;61123
24;27;4.91;5.52;0.49;0.55;61232
26;25;5.32;5.11;0.53;0.51;61343
25;25;5.11;5.11;0.51;0.51;61452
25;26;5.11;5.32;0.51;0.53;61564
19;32;3.89;6.55;0.39;0.65;61673
15;35;3.07;7.16;0.31;0.72;61782
16;33;3.27;6.75;0.33;0.68;61891
26;26;5.32;5.32;0.53;0.53;62000
37;17;7.57;3.48;0.76;0.35;62109
33;17;6.75;3.48;0.68;0.35;62218
25;27;5.11;5.52;0.51;0.55;62327
23;28;4.71;5.73;0.47;0.57;62436
23;29;4.71;5.93;0.47;0.59;62545
26;26;5.32;5.32;0.53;0.53;62658
24;25;4.91;5.11;0.49;0.51;62767
25;25;5.11;5.11;0.51;0.51;62876
25;25;5.11;5.11;0.51;0.51;62985
25;26;5.11;5.32;0.51;0.53;63099
24;25;4.91;5.11;0.49;0.51;63208
25;25;5.11;5.11;0.51;0.51;63317
24;25;4.91;5.11;0.49;0.51;63426
25;25;5.11;5.11;0.51;0.51;63535
25;26;5.11;5.32;0.51;0.53;63647
25;25;5.11;5.11;0.51;0.51;63756
24;25;4.91;5.11;0.49;0.51;63865
25;25;5.11;5.11;0.51;0.51;63974
25;25;5.11;5.11;0.51;0.51;64083
25;25;5.11;5.11;0.51;0.51;64192
25;25;5.11;5.11;0.51;0.51;64301
25;26;5.11;5.32;0.51;0.53;64410
25;25;5.11;5.11;0.51;0.51;64519
24;25;4.91;5.11;0.49;0.51;64628
26;26;5.32;5.32;0.53;0.53;64741
24;25;4.91;5.11;0.49;0.51;64850
25;25;5.11;5.11;0.51;0.51;64959
25;25;5.11;5.11;0.51;0.51;65068
25;25;5.11;5.11;0.51;0.51;65177
24;25;4.91;5.11;0.49;0.51;65286
24;25;4.91;5.11;0.49;0.51;65395
29;23;5.93;4.71;0.59;0.47;65504
29;23;5.93;4.71;0.59;0.47;65613
25;25;5.11;5.11;0.51;0.51;65725
25;25;5.11;5.11;0.51;0.51;65834
29;22;5.93;4.5;0.59;0.45;65943
37;15;7.57;3.07;0.76;0.31;66052
27;23;5.52;4.71;0.55;0.47;66161
24;25;4.91;5.11;0.49;0.51;66270
26;25;5.32;5.11;0.53;0.51;66379
26;26;5.32;5.32;0.53;0.53;66490
25;25;5.11;5.11;0.51;0.51;66599
26;25;5.32;5.11;0.53;0.51;66708
26;25;5.32;5.11;0.53;0.51;66819
26;25;5.32;5.11;0.53;0.51;66928
25;24;5.11;4.91;0.51;0.49;67037
25;25;5.11;5.11;0.51;0.51;67146
24;24;4.91;4.91;0.49;0.49;67255
24;25;4.91;5.11;0.49;0.51;67364
25;24;5.11;4.91;0.51;0.49;67473
29;27;5.93;5.52;0.59;0.55;67591
26;26;5.32;5.32;0.53;0.53;67700
24;32;4.91;6.55;0.49;0.65;67818
22;28;4.5;5.73;0.45;0.57;67927
25;25;5.11;5.11;0.51;0.51;68036
26;25;5.32;5.11;0.53;0.51;68145
24;25;4.91;5.11;0.49;0.51;68252
25;25;5.11;5.11;0.51;0.51;68361
25;25;5.11;5.11;0.51;0.51;68470
17;35;3.48;7.16;0.35;0.72;68579
14;36;2.86;7.36;0.29;0.74;68688
15;35;3.07;7.16;0.31;0.72;68797
16;38;3.27;7.77;0.33;0.78;68911
19;31;3.89;6.34;0.39;0.63;69020
22;29;4.5;5.93;0.45;0.59;69129
25;25;5.11;5.11;0.51;0.51;69238
37;17;7.57;3.48;0.76;0.35;69347
31;17;6.34;3.48;0.63;0.35;69456
34;15;6.96;3.07;0.7;0.31;69565
32;17;6.55;3.48;0.65;0.35;69674
31;19;6.34;3.89;0.63;0.39;69783
40;17;8.18;3.48;0.82;0.35;69904
34;15;6.96;3.07;0.7;0.31;70013
26;24;5.32;4.91;0.53;0.49;70122
29;25;5.93;5.11;0.59;0.51;70231
27;24;5.52;4.91;0.55;0.49;70340
25;26;5.11;5.32;0.51;0.53;70449
18;33;3.68;6.75;0.37;0.68;70558
21;31;4.3;6.34;0.43;0.63;70667
23;28;4.71;5.73;0.47;0.57;70776
25;26;5.11;5.32;0.51;0.53;70885
27;27;5.52;5.52;0.55;0.55;71003
25;25;5.11;5.11;0.51;0.51;71112
25;25;5.11;5.11;0.51;0.51;71221
26;26;5.32;5.32;0.53;0.53;71330
24;25;4.91;5.11;0.49;0.51;71439
25;25;5.11;5.11;0.51;0.51;71548
25;26;5.11;5.32;0.51;0.53;71659
24;25;4.91;5.11;0.49;0.51;71768
24;24;4.91;4.91;0.49;0.49;71877
26;26;5.32;5.32;0.53;0.53;71989
25;25;5.11;5.11;0.51;0.51;72098
26;27;5.32;5.52;0.53;0.55;72216
24;25;4.91;5.11;0.49;0.51;72325
25;25;5.11;5.11;0.51;0.51;72434
24;25;4.91;5.11;0.49;0.51;72543
24;25;4.91;5.11;0.49;0.51;72652
25;26;5.11;5.32;0.51;0.53;72761
24;25;4.91;5.11;0.49;0.51;72870
24;25;4.91;5.11;0.49;0.51;72979
25;25;5.11;5.11;0.51;0.51;73090
25;25;5.11;5.11;0.51;0.51;73199
24;26;4.91;5.32;0.49;0.53;73310
25;26;5.11;5.32;0.51;0.53;73419
24;24;4.91;4.91;0.49;0.49;73528
24;25;4.91;5.11;0.49;0.51;73637
28;22;5.73;4.5;0.57;0.45;73746
35;14;7.16;2.86;0.72;0.29;73855
34;14;6.96;2.86;0.7;0.29;73964
36;16;7.36;3.27;0.74;0.33;74082
32;17;6.55;3.48;0.65;0.35;74191
25;25;5.11;5.11;0.51;0.51;74300
24;26;4.91;5.32;0.49;0.53;74409
25;25;5.11;5.11;0.51;0.51;74518
26;24;5.32;4.91;0.53;0.49;74627
26;24;5.32;4.91;0.53;0.49;74736
25;24;5.11;4.91;0.51;0.49;74845
26;24;5.32;4.91;0.53;0.49;74954
25;24;5.11;4.91;0.51;0.49;75065
27;26;5.52;5.32;0.55;0.53;75183
26;24;5.32;4.91;0.53;0.49;75292
25;25;5.11;5.11;0.51;0.51;75401
26;25;5.32;5.11;0.53;0.51;75510
26;24;5.32;4.91;0.53;0.49;75619
26;25;5.32;5.11;0.53;0.51;75728
25;24;5.11;4.91;0.51;0.49;75837
26;25;5.32;5.11;0.53;0.51;75946
25;24;5.11;4.91;0.51;0.49;76055
26;25;5.32;5.11;0.53;0.51;76167
25;24;5.11;4.91;0.51;0.49;76276
25;24;5.11;4.91;0.51;0.49;76385
24;24;4.91;4.91;0.49;0.49;76494
24;24;4.91;4.91;0.49;0.49;76603
26;25;5.32;5.11;0.53;0.51;76714
26;25;5.32;5.11;0.53;0.51;76832
24;24;4.91;4.91;0.49;0.49;76941
24;24;4.91;4.91;0.49;0.49;77050
24;24;4.91;4.91;0.49;0.49;77159
26;24;5.32;4.91;0.53;0.49;77270
25;24;5.11;4.91;0.51;0.49;77379
26;24;5.32;4.91;0.53;0.49;77488
26;25;5.32;5.11;0.53;0.51;77597
26;25;5.32;5.11;0.53;0.51;77706
22;29;4.5;5.93;0.45;0.59;77815
19;32;3.89;6.55;0.39;0.65;77924
26;25;5.32;5.11;0.53;0.51;78033
24;24;4.91;4.91;0.49;0.49;78142
26;25;5.32;5.11;0.53;0.51;78254
24;25;4.91;5.11;0.49;0.51;78363
19;32;3.89;6.55;0.39;0.65;78474
21;29;4.3;5.93;0.43;0.59;78583
25;25;5.11;5.11;0.51;0.51;78692
19;31;3.89;6.34;0.39;0.63;78801
21;29;4.3;5.93;0.43;0.59;78910
24;25;4.91;5.11;0.49;0.51;79019
24;25;4.91;5.11;0.49;0.51;79128
22;27;4.5;5.52;0.45;0.55;79237
18;35;3.68;7.16;0.37;0.72;79355
24;25;4.91;5.11;0.49;0.51;79464
24;25;4.91;5.11;0.49;0.51;79573
24;25;4.91;5.11;0.49;0.51;79682
24;26;4.91;5.32;0.49;0.53;79791
22;27;4.5;5.52;0.45;0.55;79900
21;28;4.3;5.73;0.43;0.57;80009
25;26;5.11;5.32;0.51;0.53;80120
24;25;4.91;5.11;0.49;0.51;80229
27;28;5.52;5.73;0.55;0.57;80348
24;25;4.91;5.11;0.49;0.51;80457
24;26;4.91;5.32;0.49;0.53;80566
24;25;4.91;5.11;0.49;0.51;80675
24;25;4.91;5.11;0.49;0.51;80784
24;25;4.91;5.11;0.49;0.51;80893
24;25;4.91;5.11;0.49;0.51;81002
24;25;4.91;5.11;0.49;0.51;81111
24;25;4.91;5.11;0.49;0.51;81220
24;25;4.91;5.11;0.49;0.51;81329
26;27;5.32;5.52;0.53;0.55;81450
23;25;4.71;5.11;0.47;0.51;81559
25;25;5.11;5.11;0.51;0.51;81668
24;25;4.91;5.11;0.49;0.51;81777
24;26;4.91;5.32;0.49;0.53;81888
25;25;5.11;5.11;0.51;0.51;81997
24;26;4.91;5.32;0.49;0.53;82106
24;25;4.91;5.11;0.49;0.51;82215
24;25;4.91;5.11;0.49;0.51;82324
24;25;4.91;5.11;0.49;0.51;82436
24;25;4.91;5.11;0.49;0.51;82545
24;25;4.91;5.11;0.49;0.51;82654
23;24;4.71;4.91;0.47;0.49;82763
23;24;4.71;4.91;0.47;0.49;82872
23;25;4.71;5.11;0.47;0.51;82981
24;25;4.91;5.11;0.49;0.51;83090
23;25;4.71;5.11;0.47;0.51;83199
24;26;4.91;5.32;0.49;0.53;83308
24;24;4.91;4.91;0.49;0.49;83417
25;26;5.11;5.32;0.51;0.53;83530
24;25;4.91;5.11;0.49;0.51;83639
26;24;5.32;4.91;0.53;0.49;83748
24;25;4.91;5.11;0.49;0.51;83857
24;24;4.91;4.91;0.49;0.49;83966
26;26;5.32;5.32;0.53;0.53;84075
24;24;4.91;4.91;0.49;0.49;84184
23;24;4.71;4.91;0.47;0.49;84293
24;25;4.91;5.11;0.49;0.51;84402
25;25;5.11;5.11;0.51;0.51;84514
24;25;4.91;5.11;0.49;0.51;84623
25;25;5.11;5.11;0.51;0.51;84732
24;25;4.91;5.11;0.49;0.51;84841
24;25;4.91;5.11;0.49;0.51;84950
24;25;4.91;5.11;0.49;0.51;85059
24;25;4.91;5.11;0.49;0.51;85168
24;25;4.91;5.11;0.49;0.51;85279
23;24;4.71;4.91;0.47;0.49;85388
23;24;4.71;4.91;0.47;0.49;85497
25;25;5.11;5.11;0.51;0.51;85608
23;24;4.71;4.91;0.47;0.49;85717
25;25;5.11;5.11;0.51;0.51;85826
26;26;5.32;5.32;0.53;0.53;85944
25;25;5.11;5.11;0.51;0.51;86053
25;24;5.11;4.91;0.51;0.49;86162
24;25;4.91;5.11;0.49;0.51;86271
25;24;5.11;4.91;0.51;0.49;86380
36;16;7.36;3.27;0.74;0.33;86489
35;20;7.16;4.09;0.72;0.41;86608
26;21;5.32;4.3;0.53;0.43;86717
27;23;5.52;4.71;0.55;0.47;86826
32;18;6.55;3.68;0.65;0.37;86937
26;24;5.32;4.91;0.53;0.49;87046
24;25;4.91;5.11;0.49;0.51;87155
24;24;4.91;4.91;0.49;0.49;87264
25;24;5.11;4.91;0.51;0.49;87373
24;23;4.91;4.71;0.49;0.47;87482
26;23;5.32;4.71;0.53;0.47;87591
26;25;5.32;5.11;0.53;0.51;87709
24;23;4.91;4.71;0.49;0.47;87818
25;24;5.11;4.91;0.51;0.49;87927
24;23;4.91;4.71;0.49;0.47;88036
25;24;5.11;4.91;0.51;0.49;88145
25;23;5.11;4.71;0.51;0.47;88254
24;23;4.91;4.71;0.49;0.47;88363
25;23;5.11;4.71;0.51;0.47;88472
25;24;5.11;4.91;0.51;0.49;88581
25;24;5.11;4.91;0.51;0.49;88695
25;24;5.11;4.91;0.51;0.49;88804
25;23;5.11;4.71;0.51;0.47;88913
24;23;4.91;4.71;0.49;0.47;89022
25;24;5.11;4.91;0.51;0.49;89131
24;23;4.91;4.71;0.49;0.47;89240
25;24;5.11;4.91;0.51;0.49;89349
24;24;4.91;4.91;0.49;0.49;89458
24;23;4.91;4.71;0.49;0.47;89567
25;24;5.11;4.91;0.51;0.49;89676
24;24;4.91;4.91;0.49;0.49;89787
23;22;4.71;4.5;0.47;0.45;89896
23;23;4.71;4.71;0.47;0.47;90005
23;22;4.71;4.5;0.47;0.45;90114
24;24;4.91;4.91;0.49;0.49;90223
25;24;5.11;4.91;0.51;0.49;90334
24;23;4.91;4.71;0.49;0.47;90443
27;25;5.52;5.11;0.55;0.51;90561
23;22;4.71;4.5;0.47;0.45;90670
24;23;4.91;4.71;0.49;0.47;90782
25;23;5.11;4.71;0.51;0.47;90891
24;24;4.91;4.91;0.49;0.49;91000
25;25;5.11;5.11;0.51;0.51;91109
25;23;5.11;4.71;0.51;0.47;91218
24;24;4.91;4.91;0.49;0.49;91327
24;24;4.91;4.91;0.49;0.49;91436
25;23;5.11;4.71;0.51;0.47;91545
24;23;4.91;4.71;0.49;0.47;91654
23;24;4.71;4.91;0.47;0.49;91763
25;23;5.11;4.71;0.51;0.47;91874
24;24;4.91;4.91;0.49;0.49;91983
24;24;4.91;4.91;0.49;0.49;92094
24;24;4.91;4.91;0.49;0.49;92203
23;23;4.71;4.71;0.47;0.47;92312
24;23;4.91;4.71;0.49;0.47;92421
23;22;4.71;4.5;0.47;0.45;92530
23;22;4.71;4.5;0.47;0.45;92639
23;22;4.71;4.5;0.47;0.45;92748
24;24;4.91;4.91;0.49;0.49;92860
24;23;4.91;4.71;0.49;0.47;92969
24;23;4.91;4.71;0.49;0.47;93078
24;23;4.91;4.71;0.49;0.47;93187
23;23;4.71;4.71;0.47;0.47;93296
24;22;4.91;4.5;0.49;0.45;93405
23;24;4.71;4.91;0.47;0.49;93514
25;24;5.11;4.91;0.51;0.49;93623
26;25;5.32;5.11;0.53;0.51;93734
24;23;4.91;4.71;0.49;0.47;93843
25;24;5.11;4.91;0.51;0.49;93954
24;24;4.91;4.91;0.49;0.49;94063
24;23;4.91;4.71;0.49;0.47;94172
24;23;4.91;4.71;0.49;0.47;94281
23;23;4.71;4.71;0.47;0.47;94390
24;23;4.91;4.71;0.49;0.47;94499
23;23;4.71;4.71;0.47;0.47;94608
23;22;4.71;4.5;0.47;0.45;94717
23;23;4.71;4.71;0.47;0.47;94826
24;24;4.91;4.91;0.49;0.49;94938
24;23;4.91;4.71;0.49;0.47;95047
28;27;5.73;5.52;0.57;0.55;95178
28;27;5.73;5.52;0.57;0.55;95304
24;24;4.91;4.91;0.49;0.49;95415
25;24;5.11;4.91;0.51;0.49;95524
24;23;4.91;4.71;0.49;0.47;95633
24;23;4.91;4.71;0.49;0.47;95742
24;23;4.91;4.71;0.49;0.47;95851
24;24;4.91;4.91;0.49;0.49;95963
24;24;4.91;4.91;0.49;0.49;96072
24;24;4.91;4.91;0.49;0.49;96181
23;23;4.71;4.71;0.47;0.47;96290
24;24;4.91;4.91;0.49;0.49;96399
24;23;4.91;4.71;0.49;0.47;96508
24;23;4.91;4.71;0.49;0.47;96617
24;23;4.91;4.71;0.49;0.47;96726
23;24;4.71;4.91;0.47;0.49;96835
24;23;4.91;4.71;0.49;0.47;96944
24;24;4.91;4.91;0.49;0.49;97057
24;24;4.91;4.91;0.49;0.49;97166
24;23;4.91;4.71;0.49;0.47;97275
23;23;4.71;4.71;0.47;0.47;97384
24;23;4.91;4.71;0.49;0.47;97493
23;22;4.71;4.5;0.47;0.45;97602
23;23;4.71;4.71;0.47;0.47;97711
24;23;4.91;4.71;0.49;0.47;97820
24;23;4.91;4.71;0.49;0.47;97929
25;24;5.11;4.91;0.51;0.49;98041
24;24;4.91;4.91;0.49;0.49;98150
23;23;4.71;4.71;0.47;0.47;98259
24;22;4.91;4.5;0.49;0.45;98368
23;23;4.71;4.71;0.47;0.47;98477
24;23;4.91;4.71;0.49;0.47;98586
24;24;4.91;4.91;0.49;0.49;98697
24;26;4.91;5.32;0.49;0.53;98806
12;46;2.45;9.41;0.25;0.94;98915
0;45;0;9.21;0;0.92;99024
0;46;0;9.41;0;0.94;99141
0;42;0;8.59;0;0.86;99250
0;43;0;8.8;0;0.88;99359
0;45;0;9.21;0;0.92;99470
0;43;0;8.8;0;0.88;99579
0;43;0;8.8;0;0.88;99688
0;44;0;9;0;0.9;99797
0;43;0;8.8;0;0.88;99906
0;43;0;8.8;0;0.88;100015
0;44;0;9;0;0.9;100127
0;43;0;8.8;0;0.88;100236
0;43;0;8.8;0;0.88;100345
0;42;0;8.59;0;0.86;100456
0;42;0;8.59;0;0.86;100565
0;42;0;8.59;0;0.86;100674
0;44;0;9;0;0.9;100783
0;43;0;8.8;0;0.88;100892
0;45;0;9.21;0;0.92;101001
15;34;3.07;6.96;0.31;0.7;101110
25;27;5.11;5.52;0.51;0.55;101228
22;24;4.5;4.91;0.45;0.49;101337
23;24;4.71;4.91;0.47;0.49;101446
23;23;4.71;4.71;0.47;0.47;101555
22;24;4.5;4.91;0.45;0.49;101664
23;24;4.71;4.91;0.47;0.49;101773
23;24;4.71;4.91;0.47;0.49;101882
23;25;4.71;5.11;0.47;0.51;101991
23;24;4.71;4.91;0.47;0.49;102102
23;24;4.71;4.91;0.47;0.49;102214
22;23;4.5;4.71;0.45;0.47;102323
22;23;4.5;4.71;0.45;0.47;102432
22;23;4.5;4.71;0.45;0.47;102541
23;24;4.71;4.91;0.47;0.49;102650
23;24;4.71;4.91;0.47;0.49;102759
22;23;4.5;4.71;0.45;0.47;102868
23;24;4.71;4.91;0.47;0.49;102977
22;23;4.5;4.71;0.45;0.47;103086
22;24;4.5;4.91;0.45;0.49;103195
23;24;4.71;4.91;0.47;0.49;103306
23;24;4.71;4.91;0.47;0.49;103415
23;24;4.71;4.91;0.47;0.49;103524
25;25;5.11;5.11;0.51;0.51;103633
25;27;5.11;5.52;0.51;0.55;103744
24;24;4.91;4.91;0.49;0.49;103853
26;27;5.32;5.52;0.53;0.55;103962
28;26;5.73;5.32;0.57;0.53;104073
21;27;4.3;5.52;0.43;0.55;104182
18;37;3.68;7.57;0.37;0.76;104300
14;36;2.86;7.36;0.29;0.74;104409
12;43;2.45;8.8;0.25;0.88;104518
24;28;4.91;5.73;0.49;0.57;104627
27;26;5.52;5.32;0.55;0.53;104736
26;25;5.32;5.11;0.53;0.51;104845
26;26;5.32;5.32;0.53;0.53;104954
24;26;4.91;5.32;0.49;0.53;105063
21;26;4.3;5.32;0.43;0.53;105172
17;33;3.48;6.75;0.35;0.68;105281
15;39;3.07;7.98;0.31;0.8;105394
11;35;2.25;7.16;0.23;0.72;105503
12;34;2.45;6.96;0.25;0.7;105612
13;34;2.66;6.96;0.27;0.7;105721
13;34;2.66;6.96;0.27;0.7;105830
13;33;2.66;6.75;0.27;0.68;105939
14;33;2.86;6.75;0.29;0.68;106048
16;32;3.27;6.55;0.33;0.65;106157
22;25;4.5;5.11;0.45;0.51;106266
24;25;4.91;5.11;0.49;0.51;106384
22;23;4.5;4.71;0.45;0.47;106493
27;21;5.52;4.3;0.55;0.43;106602
36;12;7.36;2.45;0.74;0.25;106711
34;12;6.96;2.45;0.7;0.25;106820
33;13;6.75;2.66;0.68;0.27;106929
25;23;5.11;4.71;0.51;0.47;107040
20;25;4.09;5.11;0.41;0.51;107149
22;24;4.5;4.91;0.45;0.49;107258
23;23;4.71;4.71;0.47;0.47;107367
24;24;4.91;4.91;0.49;0.49;107480
34;16;6.96;3.27;0.7;0.33;107589
25;21;5.11;4.3;0.51;0.43;107698
32;17;6.55;3.48;0.65;0.35;107807
34;14;6.96;2.86;0.7;0.29;107916
35;14;7.16;2.86;0.72;0.29;108025
32;15;6.55;3.07;0.65;0.31;108134
30;17;6.14;3.48;0.61;0.35;108243
23;24;4.71;4.91;0.47;0.49;108352
23;25;4.71;5.11;0.47;0.51;108466
24;23;4.91;4.71;0.49;0.47;108575
29;28;5.93;5.73;0.59;0.57;108707
26;24;5.32;4.91;0.53;0.49;108821
25;23;5.11;4.71;0.51;0.47;108933
25;24;5.11;4.91;0.51;0.49;109045
24;24;4.91;4.91;0.49;0.49;109157
25;23;5.11;4.71;0.51;0.47;109269
26;24;5.32;4.91;0.53;0.49;109383
26;24;5.32;4.91;0.53;0.49;109498
25;24;5.11;4.91;0.51;0.49;109611
25;23;5.11;4.71;0.51;0.47;109723
24;22;4.91;4.5;0.49;0.45;109835
24;24;4.91;4.91;0.49;0.49;109947
25;23;5.11;4.71;0.51;0.47;110059
25;23;5.11;4.71;0.51;0.47;110171
24;23;4.91;4.71;0.49;0.47;110283
26;23;5.32;4.71;0.53;0.47;110397
26;24;5.32;4.91;0.53;0.49;110513
26;24;5.32;4.91;0.53;0.49;110626
25;23;5.11;4.71;0.51;0.47;110739
25;24;5.11;4.91;0.51;0.49;110852
25;23;5.11;4.71;0.51;0.47;110965
24;24;4.91;4.91;0.49;0.49;111078
24;23;4.91;4.71;0.49;0.47;111191
20;34;4.09;6.96;0.41;0.7;111304
2;50;0.41;10.23;0.04;1.02;111417
47;20;9.61;4.09;0.96;0.41;111540
47;1;9.61;0.2;0.96;0.02;111653
44;0;9;0;0.9;0;111766
46;0;9.41;0;0.94;0;111879
45;0;9.21;0;0.92;0;111992
45;0;9.21;0;0.92;0;112107
44;0;9;0;0.9;0;112220
45;0;9.21;0;0.92;0;112333
44;0;9;0;0.9;0;112446
47;0;9.61;0;0.96;0;112562
46;0;9.41;0;0.94;0;112676
42;3;8.59;0.61;0.86;0.06;112789
41;8;8.39;1.64;0.84;0.16;112902
44;0;9;0;0.9;0;113015
44;0;9;0;0.9;0;113128
54;0;11.05;0;1.1;0;113265
18;42;3.68;8.59;0.37;0.86;113378
42;20;8.59;4.09;0.86;0.41;113491
39;32;7.98;6.55;0.8;0.65;113610
55;6;11.25;1.23;1.13;0.12;113723
33;15;6.75;3.07;0.68;0.31;113836
23;25;4.71;5.11;0.47;0.51;113951
24;23;4.91;4.71;0.49;0.47;114064
24;23;4.91;4.71;0.49;0.47;114177
26;24;5.32;4.91;0.53;0.49;114290
23;22;4.71;4.5;0.47;0.45;114403
25;23;5.11;4.71;0.51;0.47;114516
28;26;5.73;5.32;0.57;0.53;114639
26;24;5.32;4.91;0.53;0.49;114752
26;24;5.32;4.91;0.53;0.49;114865
26;24;5.32;4.91;0.53;0.49;114978
26;24;5.32;4.91;0.53;0.49;115091
25;23;5.11;4.71;0.51;0.47;115204
25;24;5.11;4.91;0.51;0.49;115317
25;24;5.11;4.91;0.51;0.49;115430
25;24;5.11;4.91;0.51;0.49;115543
29;25;5.93;5.11;0.59;0.51;115668
27;22;5.52;4.5;0.55;0.45;115781
25;23;5.11;4.71;0.51;0.47;115894
25;24;5.11;4.91;0.51;0.49;116007
26;24;5.32;4.91;0.53;0.49;116120
25;23;5.11;4.71;0.51;0.47;116233
26;23;5.32;4.71;0.53;0.47;116346
25;23;5.11;4.71;0.51;0.47;116459
25;23;5.11;4.71;0.51;0.47;116572
29;23;5.93;4.71;0.59;0.47;116691
33;17;6.75;3.48;0.68;0.35;116804
26;23;5.32;4.71;0.53;0.47;116917
24;24;4.91;4.91;0.49;0.49;117030
26;25;5.32;5.11;0.53;0.51;117143
25;23;5.11;4.71;0.51;0.47;117256
25;24;5.11;4.91;0.51;0.49;117371
25;23;5.11;4.71;0.51;0.47;117484
25;23;5.11;4.71;0.51;0.47;117597
27;26;5.52;5.32;0.55;0.53;117720
25;22;5.11;4.5;0.51;0.45;117833
25;24;5.11;4.91;0.51;0.49;117948
25;23;5.11;4.71;0.51;0.47;118061
26;23;5.32;4.71;0.53;0.47;118175
25;23;5.11;4.71;0.51;0.47;118288
26;22;5.32;4.5;0.53;0.45;118401
25;23;5.11;4.71;0.51;0.47;118514
24;24;4.91;4.91;0.49;0.49;118627
26;24;5.32;4.91;0.53;0.49;118743
26;23;5.32;4.71;0.53;0.47;118856
24;23;4.91;4.71;0.49;0.47;118969
24;23;4.91;4.71;0.49;0.47;119084
24;22;4.91;4.5;0.49;0.45;119197
25;23;5.11;4.71;0.51;0.47;119310
25;24;5.11;4.91;0.51;0.49;119423
26;24;5.32;4.91;0.53;0.49;119536
26;24;5.32;4.91;0.53;0.49;119649
25;24;5.11;4.91;0.51;0.49;119765
25;23;5.11;4.71;0.51;0.47;119878
25;24;5.11;4.91;0.51;0.49;119991
24;23;4.91;4.71;0.49;0.47;120104
24;23;4.91;4.71;0.49;0.47;120217
25;24;5.11;4.91;0.51;0.49;120330
24;23;4.91;4.71;0.49;0.47;120443
25;23;5.11;4.71;0.51;0.47;120556
24;23;4.91;4.71;0.49;0.47;120669
26;24;5.32;4.91;0.53;0.49;120787
25;24;5.11;4.91;0.51;0.49;120900
25;24;5.11;4.91;0.51;0.49;121013
25;23;5.11;4.71;0.51;0.47;121126
24;23;4.91;4.71;0.49;0.47;121239
25;24;5.11;4.91;0.51;0.49;121352
24;23;4.91;4.71;0.49;0.47;121465
24;23;4.91;4.71;0.49;0.47;121578
24;22;4.91;4.5;0.49;0.45;121691
25;24;5.11;4.91;0.51;0.49;121807
24;23;4.91;4.71;0.49;0.47;121920
24;24;4.91;4.91;0.49;0.49;122033
25;24;5.11;4.91;0.51;0.49;122146
24;23;4.91;4.71;0.49;0.47;122259
25;23;5.11;4.71;0.51;0.47;122372
25;24;5.11;4.91;0.51;0.49;122487
25;23;5.11;4.71;0.51;0.47;122600
30;28;6.14;5.73;0.61;0.57;122738
25;24;5.11;4.91;0.51;0.49;122854
25;23;5.11;4.71;0.51;0.47;122967
25;23;5.11;4.71;0.51;0.47;123080
24;23;4.91;4.71;0.49;0.47;123193
25;24;5.11;4.91;0.51;0.49;123306
25;23;5.11;4.71;0.51;0.47;123419
24;22;4.91;4.5;0.49;0.45;123532
25;23;5.11;4.71;0.51;0.47;123645
25;24;5.11;4.91;0.51;0.49;123758
25;24;5.11;4.91;0.51;0.49;123874
25;24;5.11;4.91;0.51;0.49;123987
24;23;4.91;4.71;0.49;0.47;124100
25;24;5.11;4.91;0.51;0.49;124215
24;23;4.91;4.71;0.49;0.47;124328
24;23;4.91;4.71;0.49;0.47;124441
25;23;5.11;4.71;0.51;0.47;124554
25;23;5.11;4.71;0.51;0.47;124667
24;23;4.91;4.71;0.49;0.47;124780
25;24;5.11;4.91;0.51;0.49;124896
17;35;3.48;7.16;0.35;0.72;125009
19;29;3.89;5.93;0.39;0.59;125122
24;23;4.91;4.71;0.49;0.47;125235
18;31;3.68;6.34;0.37;0.63;125348
14;34;2.86;6.96;0.29;0.7;125461
14;33;2.86;6.75;0.29;0.68;125574
14;33;2.86;6.75;0.29;0.68;125687
14;34;2.86;6.96;0.29;0.7;125800
22;28;4.5;5.73;0.45;0.57;125918
24;24;4.91;4.91;0.49;0.49;126031
24;24;4.91;4.91;0.49;0.49;126144
23;24;4.71;4.91;0.47;0.49;126257
23;24;4.71;4.91;0.47;0.49;126370
22;22;4.5;4.5;0.45;0.45;126483
20;25;4.09;5.11;0.41;0.51;126596
14;34;2.86;6.96;0.29;0.7;126709
19;28;3.89;5.73;0.39;0.57;126821
25;25;5.11;5.11;0.51;0.51;126937
23;25;4.71;5.11;0.47;0.51;127051
24;24;4.91;4.91;0.49;0.49;127164
21;27;4.3;5.52;0.43;0.55;127277
16;31;3.27;6.34;0.33;0.63;127390
24;33;4.91;6.75;0.49;0.68;127528
24;25;4.91;5.11;0.49;0.51;127643
16;28;3.27;5.73;0.33;0.57;127756
14;34;2.86;6.96;0.29;0.7;127869
48;16;9.82;3.27;0.98;0.33;127992
40;9;8.18;1.84;0.82;0.18;128105
26;26;5.32;5.32;0.53;0.53;128218
27;22;5.52;4.5;0.55;0.45;128331
29;20;5.93;4.09;0.59;0.41;128444
27;23;5.52;4.71;0.55;0.47;128557
31;16;6.34;3.27;0.63;0.33;128670
25;23;5.11;4.71;0.51;0.47;128783
34;13;6.96;2.66;0.7;0.27;128896
27;24;5.52;4.91;0.55;0.49;129018
24;21;4.91;4.3;0.49;0.43;129131
32;16;6.55;3.27;0.65;0.33;129244
22;24;4.5;4.91;0.45;0.49;129359
23;23;4.71;4.71;0.47;0.47;129472
25;23;5.11;4.71;0.51;0.47;129585
25;24;5.11;4.91;0.51;0.49;129698
24;23;4.91;4.71;0.49;0.47;129811
25;23;5.11;4.71;0.51;0.47;129924
25;24;5.11;4.91;0.51;0.49;130040
23;24;4.71;4.91;0.47;0.49;130153
26;22;5.32;4.5;0.53;0.45;130266
32;16;6.55;3.27;0.65;0.33;130379
23;25;4.71;5.11;0.47;0.51;130492
23;24;4.71;4.91;0.47;0.49;130605
23;23;4.71;4.71;0.47;0.47;130718
23;22;4.71;4.5;0.47;0.45;130831
24;24;4.91;4.91;0.49;0.49;130944
24;24;4.91;4.91;0.49;0.49;131062
23;23;4.71;4.71;0.47;0.47;131175
24;23;4.91;4.71;0.49;0.47;131288
24;23;4.91;4.71;0.49;0.47;131401
23;24;4.71;4.91;0.47;0.49;131514
15;32;3.07;6.55;0.31;0.65;131627
10;34;2.05;6.96;0.2;0.7;131740
7;34;1.43;6.96;0.14;0.7;131853
9;33;1.84;6.75;0.18;0.68;131966
13;36;2.66;7.36;0.27;0.74;132087
14;39;2.86;7.98;0.29;0.8;132219
13;34;2.66;6.96;0.27;0.7;132332
17;30;3.48;6.14;0.35;0.61;132445
22;28;4.5;5.73;0.45;0.57;132558
23;24;4.71;4.91;0.47;0.49;132671
25;23;5.11;4.71;0.51;0.47;132786
24;22;4.91;4.5;0.49;0.45;132899
32;17;6.55;3.48;0.65;0.35;133012
32;18;6.55;3.68;0.65;0.37;133134
22;25;4.5;5.11;0.45;0.51;133247
23;23;4.71;4.71;0.47;0.47;133360
24;23;4.91;4.71;0.49;0.47;133473
23;23;4.71;4.71;0.47;0.47;133586
24;23;4.91;4.71;0.49;0.47;133699
24;23;4.91;4.71;0.49;0.47;133812
24;23;4.91;4.71;0.49;0.47;133925
24;23;4.91;4.71;0.49;0.47;134038
26;23;5.32;4.71;0.53;0.47;134157
24;23;4.91;4.71;0.49;0.47;134270
25;22;5.11;4.5;0.51;0.45;134383
25;23;5.11;4.71;0.51;0.47;134498
24;23;4.91;4.71;0.49;0.47;134611
17;32;3.48;6.55;0.35;0.65;134724
14;34;2.86;6.96;0.29;0.7;134837
20;29;4.09;5.93;0.41;0.59;134950
35;14;7.16;2.86;0.72;0.29;135063
22;32;4.5;6.55;0.45;0.65;135182
25;24;5.11;4.91;0.51;0.49;135295
24;23;4.91;4.71;0.49;0.47;135408
26;21;5.32;4.3;0.53;0.43;135521
21;31;4.3;6.34;0.43;0.63;135635
22;30;4.5;6.14;0.45;0.61;135748
31;20;6.34;4.09;0.63;0.41;135861
15;35;3.07;7.16;0.31;0.72;135974
34;16;6.96;3.27;0.7;0.33;136087
32;21;6.55;4.3;0.65;0.43;136210
24;23;4.91;4.71;0.49;0.47;136322
24;23;4.91;4.71;0.49;0.47;136435
24;23;4.91;4.71;0.49;0.47;136548
23;22;4.71;4.5;0.47;0.45;136660
23;22;4.71;4.5;0.47;0.45;136773
23;23;4.71;4.71;0.47;0.47;136885
35;22;7.16;4.5;0.72;0.45;137023
36;15;7.36;3.07;0.74;0.31;137144
37;14;7.57;2.86;0.76;0.29;137267
29;17;5.93;3.48;0.59;0.35;137380
22;26;4.5;5.32;0.45;0.53;137493
19;27;3.89;5.52;0.39;0.55;137605
12;34;2.45;6.96;0.25;0.7;137718
12;33;2.45;6.75;0.25;0.68;137830
13;34;2.66;6.96;0.27;0.7;137943
13;34;2.66;6.96;0.27;0.7;138058
16;31;3.27;6.34;0.33;0.63;138171
27;25;5.52;5.11;0.55;0.51;138292
23;24;4.71;4.91;0.47;0.49;138405
22;23;4.5;4.71;0.45;0.47;138518
22;24;4.5;4.91;0.45;0.49;138631
23;24;4.71;4.91;0.47;0.49;138743
23;25;4.71;5.11;0.47;0.51;138856
21;23;4.3;4.71;0.43;0.47;138968
21;24;4.3;4.91;0.43;0.49;139081
22;23;4.5;4.71;0.45;0.47;139193
37;21;7.57;4.3;0.76;0.43;139315
43;6;8.8;1.23;0.88;0.12;139428
32;14;6.55;2.86;0.65;0.29;139541
31;14;6.34;2.86;0.63;0.29;139653
29;17;5.93;3.48;0.59;0.35;139768
25;24;5.11;4.91;0.51;0.49;139880
30;16;6.14;3.27;0.61;0.33;139993
31;19;6.34;3.89;0.63;0.39;140105
30;17;6.14;3.48;0.61;0.35;140218
28;24;5.73;4.91;0.57;0.49;140339
26;21;5.32;4.3;0.53;0.43;140452
23;24;4.71;4.91;0.47;0.49;140565
24;23;4.91;4.71;0.49;0.47;140678
24;22;4.91;4.5;0.49;0.45;140790
23;23;4.71;4.71;0.47;0.47;140903
24;22;4.91;4.5;0.49;0.45;141015
25;22;5.11;4.5;0.51;0.45;141128
25;22;5.11;4.5;0.51;0.45;141240
26;25;5.32;5.11;0.53;0.51;141362
25;22;5.11;4.5;0.51;0.45;141477
24;24;4.91;4.91;0.49;0.49;141590
24;22;4.91;4.5;0.49;0.45;141702
27;25;5.52;5.11;0.55;0.51;141824
25;23;5.11;4.71;0.51;0.47;141936
24;22;4.91;4.5;0.49;0.45;142049
24;22;4.91;4.5;0.49;0.45;142161
24;22;4.91;4.5;0.49;0.45;142274
24;22;4.91;4.5;0.49;0.45;142389
25;23;5.11;4.71;0.51;0.47;142502
24;22;4.91;4.5;0.49;0.45;142615
22;26;4.5;5.32;0.45;0.53;142728
13;34;2.66;6.96;0.27;0.7;142840
13;33;2.66;6.75;0.27;0.68;142953
13;32;2.66;6.55;0.27;0.65;143065
13;33;2.66;6.75;0.27;0.68;143180
14;32;2.86;6.55;0.29;0.65;143292
15;35;3.07;7.16;0.31;0.72;143414
14;33;2.86;6.75;0.29;0.68;143527
14;32;2.86;6.55;0.29;0.65;143640
13;32;2.66;6.55;0.27;0.65;143752
16;31;3.27;6.34;0.33;0.63;143865
28;20;5.73;4.09;0.57;0.41;143977
36;11;7.36;2.25;0.74;0.23;144090
25;23;5.11;4.71;0.51;0.47;144207
23;23;4.71;4.71;0.47;0.47;144320
24;25;4.91;5.11;0.49;0.51;144442
22;23;4.5;4.71;0.45;0.47;144555
22;23;4.5;4.71;0.45;0.47;144668
22;23;4.5;4.71;0.45;0.47;144781
22;24;4.5;4.91;0.45;0.49;144896
21;23;4.3;4.71;0.43;0.47;145009
21;23;4.3;4.71;0.43;0.47;145121
22;24;4.5;4.91;0.45;0.49;145234
23;24;4.71;4.91;0.47;0.49;145346
23;24;4.71;4.91;0.47;0.49;145462
22;23;4.5;4.71;0.45;0.47;145575
22;23;4.5;4.71;0.45;0.47;145688
24;24;4.91;4.91;0.49;0.49;145800
29;20;5.93;4.09;0.59;0.41;145913
44;3;9;0.61;0.9;0.06;146025
42;0;8.59;0;0.86;0;146138
41;0;8.39;0;0.84;0;146250
42;0;8.59;0;0.86;0;146363
45;0;9.21;0;0.92;0;146485
53;0;10.84;0;1.08;0;146625
42;0;8.59;0;0.86;0;146738
35;8;7.16;1.64;0.72;0.16;146850
32;13;6.55;2.66;0.65;0.27;146962
32;13;6.55;2.66;0.65;0.27;147075
35;11;7.16;2.25;0.72;0.23;147187
41;5;8.39;1.02;0.84;0.1;147300
31;13;6.34;2.66;0.63;0.27;147412
34;14;6.96;2.86;0.7;0.29;147534
38;10;7.77;2.05;0.78;0.2;147647
32;15;6.55;3.07;0.65;0.31;147760
31;13;6.34;2.66;0.63;0.27;147872
31;13;6.34;2.66;0.63;0.27;147985
32;13;6.55;2.66;0.65;0.27;148097
31;13;6.34;2.66;0.63;0.27;148210
33;13;6.75;2.66;0.68;0.27;148325
32;13;6.55;2.66;0.65;0.27;148438
32;13;6.55;2.66;0.65;0.27;148553
32;14;6.55;2.86;0.65;0.29;148666
33;13;6.75;2.66;0.68;0.27;148779
32;13;6.55;2.66;0.65;0.27;148892
32;13;6.55;2.66;0.65;0.27;149004
32;13;6.55;2.66;0.65;0.27;149117
32;14;6.55;2.86;0.65;0.29;149229
32;13;6.55;2.66;0.65;0.27;149342
32;13;6.55;2.66;0.65;0.27;149454
33;13;6.75;2.66;0.68;0.27;149570
32;13;6.55;2.66;0.65;0.27;149683
33;13;6.75;2.66;0.68;0.27;149796
31;13;6.34;2.66;0.63;0.27;149908
32;15;6.55;3.07;0.65;0.31;150023
23;23;4.71;4.71;0.47;0.47;150135
22;23;4.5;4.71;0.45;0.47;150247
24;22;4.91;4.5;0.49;0.45;150359
23;21;4.71;4.3;0.47;0.43;150471
26;23;5.32;4.71;0.53;0.47;150593
24;21;4.91;4.3;0.49;0.43;150706
25;21;5.11;4.3;0.51;0.43;150819
24;22;4.91;4.5;0.49;0.45;150931
23;21;4.71;4.3;0.47;0.43;151043
24;22;4.91;4.5;0.49;0.45;151155
25;23;5.11;4.71;0.51;0.47;151277
23;21;4.71;4.3;0.47;0.43;151383
22;21;4.5;4.3;0.45;0.43;151495
25;23;5.11;4.71;0.51;0.47;151610
25;22;5.11;4.5;0.51;0.45;151725
24;22;4.91;4.5;0.49;0.45;151838
24;22;4.91;4.5;0.49;0.45;151951
23;21;4.71;4.3;0.47;0.43;152063
23;21;4.71;4.3;0.47;0.43;152175
23;20;4.71;4.09;0.47;0.41;152287
24;21;4.91;4.3;0.49;0.43;152399
23;21;4.71;4.3;0.47;0.43;152511
25;22;5.11;4.5;0.51;0.45;152626
23;22;4.71;4.5;0.47;0.45;152739
24;22;4.91;4.5;0.49;0.45;152852
23;21;4.71;4.3;0.47;0.43;152964
24;22;4.91;4.5;0.49;0.45;153076
23;22;4.71;4.5;0.47;0.45;153188
24;21;4.91;4.3;0.49;0.43;153300
24;22;4.91;4.5;0.49;0.45;153415
22;21;4.5;4.3;0.45;0.43;153527
24;22;4.91;4.5;0.49;0.45;153642
22;22;4.5;4.5;0.45;0.45;153755
23;22;4.71;4.5;0.47;0.45;153868
23;21;4.71;4.3;0.47;0.43;153980
23;22;4.71;4.5;0.47;0.45;154092
22;21;4.5;4.3;0.45;0.43;154204
23;21;4.71;4.3;0.47;0.43;154316
22;21;4.5;4.3;0.45;0.43;154428
24;21;4.91;4.3;0.49;0.43;154540
23;22;4.71;4.5;0.47;0.45;154655
23;22;4.71;4.5;0.47;0.45;154768
18;31;3.68;6.34;0.37;0.63;154880
2;48;0.41;9.82;0.04;0.98;154992
0;42;0;8.59;0;0.86;155107
0;41;0;8.39;0;0.84;155219
0;41;0;8.39;0;0.84;155331
0;47;0;9.61;0;0.96;155456
0;43;0;8.8;0;0.88;155573
0;45;0;9.21;0;0.92;155694
0;41;0;8.39;0;0.84;155807
0;41;0;8.39;0;0.84;155920
0;41;0;8.39;0;0.84;156032
0;40;0;8.18;0;0.82;156144
0;41;0;8.39;0;0.84;156256
0;41;0;8.39;0;0.84;156368
0;41;0;8.39;0;0.84;156480
0;40;0;8.18;0;0.82;156592
0;43;0;8.8;0;0.88;156707
0;43;0;8.8;0;0.88;156820
0;45;0;9.21;0;0.92;156935
0;43;0;8.8;0;0.88;157047
14;32;2.86;6.55;0.29;0.65;157159
21;23;4.3;4.71;0.43;0.47;157271
21;23;4.3;4.71;0.43;0.47;157383
22;23;4.5;4.71;0.45;0.47;157495
22;23;4.5;4.71;0.45;0.47;157607
24;25;4.91;5.11;0.49;0.51;157729
20;22;4.09;4.5;0.41;0.45;157842
21;22;4.3;4.5;0.43;0.45;157955
20;23;4.09;4.71;0.41;0.47;158067
20;22;4.09;4.5;0.41;0.45;158179
20;21;4.09;4.3;0.41;0.43;158291
21;22;4.3;4.5;0.43;0.45;158403
20;22;4.09;4.5;0.41;0.45;158515
21;22;4.3;4.5;0.43;0.45;158630
22;23;4.5;4.71;0.45;0.47;158745
21;23;4.3;4.71;0.43;0.47;158858
22;23;4.5;4.71;0.45;0.47;158970
24;21;4.91;4.3;0.49;0.43;159082
25;21;5.11;4.3;0.51;0.43;159194
25;24;5.11;4.91;0.51;0.49;159306
25;25;5.11;5.11;0.51;0.51;159418
25;24;5.11;4.91;0.51;0.49;159530
24;24;4.91;4.91;0.49;0.49;159642
19;32;3.89;6.55;0.39;0.65;159763
9;36;1.84;7.36;0.18;0.74;159876
15;30;3.07;6.14;0.31;0.61;159989
14;29;2.86;5.93;0.29;0.59;160101
12;32;2.45;6.55;0.25;0.65;160216
13;32;2.66;6.55;0.27;0.65;160331
13;31;2.66;6.34;0.27;0.63;160443
13;31;2.66;6.34;0.27;0.63;160555
13;30;2.66;6.14;0.27;0.61;160667
13;34;2.66;6.96;0.27;0.7;160788
11;32;2.25;6.55;0.23;0.65;160901
12;31;2.45;6.34;0.25;0.63;161014
19;23;3.89;4.71;0.39;0.47;161126
20;22;4.09;4.5;0.41;0.45;161238
19;22;3.89;4.5;0.39;0.45;161350
24;19;4.91;3.89;0.49;0.39;161462
36;10;7.36;2.05;0.74;0.2;161574
31;10;6.34;2.05;0.63;0.2;161686
33;13;6.75;2.66;0.68;0.27;161808
31;13;6.34;2.66;0.63;0.27;161921
31;14;6.34;2.86;0.63;0.29;162036
27;15;5.52;3.07;0.55;0.31;162148
20;23;4.09;4.71;0.41;0.47;162260
20;24;4.09;4.91;0.41;0.49;162372
20;22;4.09;4.5;0.41;0.45;162484
23;22;4.71;4.5;0.47;0.45;162596
23;20;4.71;4.09;0.47;0.41;162708
24;23;4.91;4.71;0.49;0.47;162830
23;21;4.71;4.3;0.47;0.43;162943
22;20;4.5;4.09;0.45;0.41;163055
22;21;4.5;4.3;0.45;0.43;163167
22;19;4.5;3.89;0.45;0.39;163279
25;17;5.11;3.48;0.51;0.35;163391
22;20;4.5;4.09;0.45;0.41;163503
25;18;5.11;3.68;0.51;0.37;163615
28;16;5.73;3.27;0.57;0.33;163729
30;17;6.14;3.48;0.61;0.35;163851
25;20;5.11;4.09;0.51;0.41;163964
22;22;4.5;4.5;0.45;0.45;164077
24;19;4.91;3.89;0.49;0.39;164189
30;13;6.14;2.66;0.61;0.27;164301
31;12;6.34;2.45;0.63;0.25;164413
30;13;6.14;2.66;0.61;0.27;164525
30;13;6.14;2.66;0.61;0.27;164637
30;13;6.14;2.66;0.61;0.27;164749
37;16;7.57;3.27;0.76;0.33;164889
32;13;6.55;2.66;0.65;0.27;165002
29;14;5.93;2.86;0.59;0.29;165114
20;23;4.09;4.71;0.41;0.47;165226
20;22;4.09;4.5;0.41;0.45;165338
22;22;4.5;4.5;0.45;0.45;165453
23;21;4.71;4.3;0.47;0.43;165566
25;18;5.11;3.68;0.51;0.37;165679
31;12;6.34;2.45;0.63;0.25;165792
28;20;5.73;4.09;0.57;0.41;165915
27;17;5.52;3.48;0.55;0.35;166028
29;15;5.93;3.07;0.59;0.31;166141
24;20;4.91;4.09;0.49;0.41;166254
28;15;5.73;3.07;0.57;0.31;166367
22;22;4.5;4.5;0.45;0.45;166480
23;22;4.71;4.5;0.47;0.45;166593
23;21;4.71;4.3;0.47;0.43;166706
23;21;4.71;4.3;0.47;0.43;166819
23;22;4.71;4.5;0.47;0.45;166935
23;20;4.71;4.09;0.47;0.41;167048
23;22;4.71;4.5;0.47;0.45;167163
22;20;4.5;4.09;0.45;0.41;167276
22;20;4.5;4.09;0.45;0.41;167389
21;21;4.3;4.3;0.43;0.43;167502
22;24;4.5;4.91;0.45;0.49;167615
23;22;4.71;4.5;0.47;0.45;167728
23;21;4.71;4.3;0.47;0.43;167841
23;22;4.71;4.5;0.47;0.45;167957
22;21;4.5;4.3;0.45;0.43;168070
23;21;4.71;4.3;0.47;0.43;168183
23;21;4.71;4.3;0.47;0.43;168296
23;22;4.71;4.5;0.47;0.45;168409
22;21;4.5;4.3;0.45;0.43;168522
23;22;4.71;4.5;0.47;0.45;168635
22;21;4.5;4.3;0.45;0.43;168748
23;23;4.71;4.71;0.47;0.47;168863
23;22;4.71;4.5;0.47;0.45;168979
23;22;4.71;4.5;0.47;0.45;169092
23;21;4.71;4.3;0.47;0.43;169205
22;22;4.5;4.5;0.45;0.45;169318
22;22;4.5;4.5;0.45;0.45;169431
23;21;4.71;4.3;0.47;0.43;169544
25;25;5.11;5.11;0.51;0.51;169674
16;30;3.27;6.14;0.33;0.61;169792
13;29;2.66;5.93;0.27;0.59;169905
22;23;4.5;4.71;0.45;0.47;170021
22;21;4.5;4.3;0.45;0.43;170134
21;21;4.3;4.3;0.43;0.43;170247
22;21;4.5;4.3;0.45;0.43;170360
23;22;4.71;4.5;0.47;0.45;170473
22;22;4.5;4.5;0.45;0.45;170586
22;23;4.5;4.71;0.45;0.47;170701
22;22;4.5;4.5;0.45;0.45;170814
22;22;4.5;4.5;0.45;0.45;170927
18;30;3.68;6.14;0.37;0.61;171049
17;26;3.48;5.32;0.35;0.53;171162
20;24;4.09;4.91;0.41;0.49;171275
14;28;2.86;5.73;0.29;0.57;171388
20;23;4.09;4.71;0.41;0.47;171501
23;22;4.71;4.5;0.47;0.45;171614
21;21;4.3;4.3;0.43;0.43;171727
21;22;4.3;4.5;0.43;0.45;171840
16;28;3.27;5.73;0.33;0.57;171953
18;28;3.68;5.73;0.37;0.57;172075
22;21;4.5;4.3;0.45;0.43;172188
15;28;3.07;5.73;0.31;0.57;172301
13;30;2.66;6.14;0.27;0.61;172416
20;22;4.09;4.5;0.41;0.45;172529
20;20;4.09;4.09;0.41;0.41;172642
20;20;4.09;4.09;0.41;0.41;172755
17;21;3.48;4.3;0.35;0.43;172868
16;25;3.27;5.11;0.33;0.51;172981
21;22;4.3;4.5;0.43;0.45;173097
21;22;4.3;4.5;0.43;0.45;173210
22;23;4.5;4.71;0.45;0.47;173323
21;22;4.3;4.5;0.43;0.45;173436
21;22;4.3;4.5;0.43;0.45;173549
21;22;4.3;4.5;0.43;0.45;173662
21;22;4.3;4.5;0.43;0.45;173775
21;22;4.3;4.5;0.43;0.45;173888
21;22;4.3;4.5;0.43;0.45;174001
21;23;4.3;4.71;0.43;0.47;174119
20;22;4.09;4.5;0.41;0.45;174232
21;24;4.3;4.91;0.43;0.49;174354
20;21;4.09;4.3;0.41;0.43;174467
20;22;4.09;4.5;0.41;0.45;174580
19;21;3.89;4.3;0.39;0.43;174693
19;21;3.89;4.3;0.39;0.43;174806
20;20;4.09;4.09;0.41;0.41;174919
19;21;3.89;4.3;0.39;0.43;175032
22;22;4.5;4.5;0.45;0.45;175148
21;21;4.3;4.3;0.43;0.43;175261
21;22;4.3;4.5;0.43;0.45;175374
21;21;4.3;4.3;0.43;0.43;175487
21;21;4.3;4.3;0.43;0.43;175600
21;20;4.3;4.09;0.43;0.41;175713
21;21;4.3;4.3;0.43;0.43;175828
20;21;4.09;4.3;0.41;0.43;175941
22;20;4.5;4.09;0.45;0.41;176054
22;21;4.5;4.3;0.45;0.43;176170
22;22;4.5;4.5;0.45;0.45;176283
22;22;4.5;4.5;0.45;0.45;176396
22;22;4.5;4.5;0.45;0.45;176509
21;21;4.3;4.3;0.43;0.43;176622
21;21;4.3;4.3;0.43;0.43;176735
20;21;4.09;4.3;0.41;0.43;176848
20;20;4.09;4.09;0.41;0.41;176961
21;21;4.3;4.3;0.43;0.43;177074
22;22;4.5;4.5;0.45;0.45;177190
21;21;4.3;4.3;0.43;0.43;177303
21;21;4.3;4.3;0.43;0.43;177416
21;21;4.3;4.3;0.43;0.43;177531
21;20;4.3;4.09;0.43;0.41;177644
20;20;4.09;4.09;0.41;0.41;177757
20;20;4.09;4.09;0.41;0.41;177870
21;20;4.3;4.09;0.43;0.41;177983
21;22;4.3;4.5;0.43;0.45;178100
23;21;4.71;4.3;0.47;0.43;178216
21;21;4.3;4.3;0.43;0.43;178329
22;21;4.5;4.3;0.45;0.43;178442
22;22;4.5;4.5;0.45;0.45;178555
22;21;4.5;4.3;0.45;0.43;178668
21;21;4.3;4.3;0.43;0.43;178781
21;22;4.3;4.5;0.43;0.45;178894
21;23;4.3;4.71;0.43;0.47;179006
26;26;5.32;5.32;0.53;0.53;179144
24;23;4.91;4.71;0.49;0.47;179262
21;22;4.3;4.5;0.43;0.45;179375
22;21;4.5;4.3;0.45;0.43;179488
22;22;4.5;4.5;0.45;0.45;179601
21;22;4.3;4.5;0.43;0.45;179714
21;21;4.3;4.3;0.43;0.43;179827
21;21;4.3;4.3;0.43;0.43;179940
21;22;4.3;4.5;0.43;0.45;180053
21;21;4.3;4.3;0.43;0.43;180166
22;22;4.5;4.5;0.45;0.45;180282
22;23;4.5;4.71;0.45;0.47;180395
21;22;4.3;4.5;0.43;0.45;180508
21;21;4.3;4.3;0.43;0.43;180621
21;21;4.3;4.3;0.43;0.43;180734
21;21;4.3;4.3;0.43;0.43;180847
21;22;4.3;4.5;0.43;0.45;180962
21;22;4.3;4.5;0.43;0.45;181075
32;14;6.55;2.86;0.65;0.29;181188
27;19;5.52;3.89;0.55;0.39;181304
25;19;5.11;3.89;0.51;0.39;181417
25;19;5.11;3.89;0.51;0.39;181530
26;17;5.32;3.48;0.53;0.35;181643
28;15;5.73;3.07;0.57;0.31;181756
24;20;4.91;4.09;0.49;0.41;181869
26;17;5.32;3.48;0.53;0.35;181982
25;19;5.11;3.89;0.51;0.39;182095
23;20;4.71;4.09;0.47;0.41;182208
29;16;5.93;3.27;0.59;0.33;182324
21;23;4.3;4.71;0.43;0.47;182437
23;21;4.71;4.3;0.47;0.43;182550
24;20;4.91;4.09;0.49;0.41;182665
28;14;5.73;2.86;0.57;0.29;182778
22;20;4.5;4.09;0.45;0.41;182891
21;21;4.3;4.3;0.43;0.43;183004
22;20;4.5;4.09;0.45;0.41;183117
21;20;4.3;4.09;0.43;0.41;183230
22;21;4.5;4.3;0.45;0.43;183346
22;21;4.5;4.3;0.45;0.43;183459
22;21;4.5;4.3;0.45;0.43;183572
23;21;4.71;4.3;0.47;0.43;183685
21;20;4.3;4.09;0.43;0.41;183797
24;22;4.91;4.5;0.49;0.45;183919
22;20;4.5;4.09;0.45;0.41;184032
22;21;4.5;4.3;0.45;0.43;184145
22;21;4.5;4.3;0.45;0.43;184258
22;22;4.5;4.5;0.45;0.45;184376
22;20;4.5;4.09;0.45;0.41;184489
22;21;4.5;4.3;0.45;0.43;184602
22;20;4.5;4.09;0.45;0.41;184715
22;21;4.5;4.3;0.45;0.43;184828
22;20;4.5;4.09;0.45;0.41;184941
23;21;4.71;4.3;0.47;0.43;185054
22;21;4.5;4.3;0.45;0.43;185167
21;20;4.3;4.09;0.43;0.41;185280
22;21;4.5;4.3;0.45;0.43;185396
23;21;4.71;4.3;0.47;0.43;185509
22;20;4.5;4.09;0.45;0.41;185622
21;20;4.3;4.09;0.43;0.41;185735
21;21;4.3;4.3;0.43;0.43;185848
22;20;4.5;4.09;0.45;0.41;185961
24;22;4.91;4.5;0.49;0.45;186076
23;21;4.71;4.3;0.47;0.43;186189
23;21;4.71;4.3;0.47;0.43;186302
23;22;4.71;4.5;0.47;0.45;186418
22;21;4.5;4.3;0.45;0.43;186531
23;22;4.71;4.5;0.47;0.45;186648
22;21;4.5;4.3;0.45;0.43;186761
22;20;4.5;4.09;0.45;0.41;186874
21;21;4.3;4.3;0.43;0.43;186987
22;21;4.5;4.3;0.45;0.43;187100
22;21;4.5;4.3;0.45;0.43;187213
22;21;4.5;4.3;0.45;0.43;187326
22;21;4.5;4.3;0.45;0.43;187442
23;21;4.71;4.3;0.47;0.43;187555
22;20;4.5;4.09;0.45;0.41;187668
22;21;4.5;4.3;0.45;0.43;187783
22;20;4.5;4.09;0.45;0.41;187896
21;21;4.3;4.3;0.43;0.43;188009
22;21;4.5;4.3;0.45;0.43;188122
22;20;4.5;4.09;0.45;0.41;188235
22;21;4.5;4.3;0.45;0.43;188348
31;45;6.34;9.21;0.63;0.92;188464
0;0;0;0;0;0;188575
20;19;4.09;3.89;0.41;0.39;188706
28;28;5.73;5.73;0.57;0.57;188824
25;31;5.11;6.34;0.51;0.63;188938
17;39;3.48;7.98;0.35;0.8;189052
26;30;5.32;6.14;0.53;0.61;189166
24;29;4.91;5.93;0.49;0.59;189280
22;32;4.5;6.55;0.45;0.65;189394
25;27;5.11;5.52;0.51;0.55;189507
27;26;5.52;5.32;0.55;0.53;189620
27;27;5.52;5.52;0.55;0.55;189735
28;28;5.73;5.73;0.57;0.57;189848
40;19;8.18;3.89;0.82;0.39;189961
32;25;6.55;5.11;0.65;0.51;190074
34;25;6.96;5.11;0.7;0.51;190187
27;29;5.52;5.93;0.55;0.59;190300
35;23;7.16;4.71;0.72;0.47;190413
27;29;5.52;5.93;0.55;0.59;190526
28;28;5.73;5.73;0.57;0.57;190641
29;29;5.93;5.93;0.59;0.59;190758
28;27;5.73;5.52;0.57;0.55;190871
27;27;5.52;5.52;0.55;0.55;190984
28;27;5.73;5.52;0.57;0.55;191097
28;27;5.73;5.52;0.57;0.55;191210
27;26;5.52;5.32;0.55;0.53;191323
29;27;5.93;5.52;0.59;0.55;191436
31;25;6.34;5.11;0.63;0.51;191549
38;18;7.77;3.68;0.78;0.37;191662
29;27;5.93;5.52;0.59;0.55;191779
27;28;5.52;5.73;0.55;0.57;191892
27;27;5.52;5.52;0.55;0.55;192005
24;31;4.91;6.34;0.49;0.63;192118
16;42;3.27;8.59;0.33;0.86;192232
26;29;5.32;5.93;0.53;0.59;192347
27;28;5.52;5.73;0.55;0.57;192463
27;27;5.52;5.52;0.55;0.55;192576
26;28;5.32;5.73;0.53;0.57;192689
27;27;5.52;5.52;0.55;0.55;192804
20;34;4.09;6.96;0.41;0.7;192917
19;36;3.89;7.36;0.39;0.74;193030
26;28;5.32;5.73;0.53;0.57;193143
26;27;5.32;5.52;0.53;0.55;193256
27;30;5.52;6.14;0.55;0.61;193369
27;28;5.52;5.73;0.55;0.57;193482
26;27;5.32;5.52;0.53;0.55;193595
27;28;5.52;5.73;0.55;0.57;193708
27;28;5.52;5.73;0.55;0.57;193823
32;25;6.55;5.11;0.65;0.51;193936
42;13;8.59;2.66;0.86;0.27;194049
37;19;7.57;3.89;0.76;0.39;194164
27;27;5.52;5.52;0.55;0.55;194277
27;28;5.52;5.73;0.55;0.57;194390
27;27;5.52;5.52;0.55;0.55;194503
27;26;5.52;5.32;0.55;0.53;194616
26;29;5.32;5.93;0.53;0.59;194729
25;31;5.11;6.34;0.51;0.63;194846
19;37;3.89;7.57;0.39;0.76;194965
38;18;7.77;3.68;0.78;0.37;195078
39;15;7.98;3.07;0.8;0.31;195191
37;16;7.57;3.27;0.76;0.33;195304
24;30;4.91;6.14;0.49;0.61;195417
14;38;2.86;7.77;0.29;0.78;195530
26;26;5.32;5.32;0.53;0.53;195643
26;26;5.32;5.32;0.53;0.53;195756
28;28;5.73;5.73;0.57;0.57;195873
27;27;5.52;5.52;0.55;0.55;195985
25;30;5.11;6.14;0.51;0.61;196098
28;26;5.73;5.32;0.57;0.53;196211
36;18;7.36;3.68;0.74;0.37;196324
30;25;6.14;5.11;0.61;0.51;196437
30;24;6.14;4.91;0.61;0.49;196550
27;27;5.52;5.52;0.55;0.55;196663
27;26;5.52;5.32;0.55;0.53;196776
28;28;5.73;5.73;0.57;0.57;196893
27;26;5.52;5.32;0.55;0.53;197006
27;26;5.52;5.32;0.55;0.53;197119
32;32;6.55;6.55;0.65;0.65;197255
27;26;5.52;5.32;0.55;0.53;197368
33;22;6.75;4.5;0.68;0.45;197481
30;25;6.14;5.11;0.61;0.51;197594
38;17;7.77;3.48;0.78;0.35;197709
28;25;5.73;5.11;0.57;0.51;197822
26;29;5.32;5.93;0.53;0.59;197939
24;27;4.91;5.52;0.49;0.55;198052
27;25;5.52;5.11;0.55;0.51;198165
27;26;5.52;5.32;0.55;0.53;198278
35;20;7.16;4.09;0.72;0.41;198391
31;24;6.34;4.91;0.63;0.49;198504
26;27;5.32;5.52;0.53;0.55;198617
27;26;5.52;5.32;0.55;0.53;198730
27;26;5.52;5.32;0.55;0.53;198843
38;21;7.77;4.3;0.78;0.43;198965
28;26;5.73;5.32;0.57;0.53;199078
28;27;5.73;5.52;0.57;0.55;199191
33;21;6.75;4.3;0.68;0.43;199304
38;16;7.77;3.27;0.78;0.33;199417
39;14;7.98;2.86;0.8;0.29;199532
38;14;7.77;2.86;0.78;0.29;199645
38;13;7.77;2.66;0.78;0.27;199758
35;16;7.16;3.27;0.72;0.33;199871
31;25;6.34;5.11;0.63;0.51;199992
36;17;7.36;3.48;0.74;0.35;200105
30;24;6.14;4.91;0.61;0.49;200218
31;24;6.34;4.91;0.63;0.49;200331
19;36;3.89;7.36;0.39;0.74;200444
21;31;4.3;6.34;0.43;0.63;200557
25;26;5.11;5.32;0.51;0.53;200670
25;25;5.11;5.11;0.51;0.51;200783
25;23;5.11;4.71;0.51;0.47;200896
28;23;5.73;4.71;0.57;0.47;201011
24;29;4.91;5.93;0.49;0.59;201124
14;40;2.86;8.18;0.29;0.82;201239
15;37;3.07;7.57;0.31;0.76;201352
21;31;4.3;6.34;0.43;0.63;201465
23;29;4.71;5.93;0.47;0.59;201578
23;27;4.71;5.52;0.47;0.55;201691
26;25;5.32;5.11;0.53;0.51;201804
27;28;5.52;5.73;0.55;0.57;201917
29;30;5.93;6.14;0.59;0.61;202041
31;22;6.34;4.5;0.63;0.45;202154
29;24;5.93;4.91;0.59;0.49;202267
35;18;7.16;3.68;0.72;0.37;202380
25;26;5.11;5.32;0.51;0.53;202493
23;30;4.71;6.14;0.47;0.61;202606
18;35;3.68;7.16;0.37;0.72;202719
24;29;4.91;5.93;0.49;0.59;202832
23;29;4.71;5.93;0.47;0.59;202945
28;27;5.73;5.52;0.57;0.55;203062
34;18;6.96;3.68;0.7;0.37;203175
34;17;6.96;3.48;0.7;0.35;203288
24;26;4.91;5.32;0.49;0.53;203401
26;25;5.32;5.11;0.53;0.51;203514
27;26;5.52;5.32;0.55;0.53;203628
26;25;5.32;5.11;0.53;0.51;203741
24;29;4.91;5.93;0.49;0.59;203854
16;35;3.27;7.16;0.33;0.72;203967
25;27;5.11;5.52;0.51;0.55;204084
25;25;5.11;5.11;0.51;0.51;204197
32;23;6.55;4.71;0.65;0.47;204310
40;13;8.18;2.66;0.82;0.27;204423
21;34;4.3;6.96;0.43;0.7;204536
21;33;4.3;6.75;0.43;0.68;204649
18;36;3.68;7.36;0.37;0.74;204764
27;25;5.52;5.11;0.55;0.51;204877
26;25;5.32;5.11;0.53;0.51;204990
30;25;6.14;5.11;0.61;0.51;205107
35;17;7.16;3.48;0.72;0.35;205220
25;27;5.11;5.52;0.51;0.55;205333
32;21;6.55;4.3;0.65;0.43;205446
25;27;5.11;5.52;0.51;0.55;205559
26;25;5.32;5.11;0.53;0.51;205672
26;25;5.32;5.11;0.53;0.51;205785
25;26;5.11;5.32;0.51;0.53;205898
26;25;5.32;5.11;0.53;0.51;206011
27;26;5.52;5.32;0.55;0.53;206126
24;29;4.91;5.93;0.49;0.59;206239
14;37;2.86;7.57;0.29;0.76;206352
16;33;3.27;6.75;0.33;0.68;206465
25;27;5.11;5.52;0.51;0.55;206580
32;33;6.55;6.75;0.65;0.68;206726
25;26;5.11;5.32;0.51;0.53;206839
30;23;6.14;4.71;0.61;0.47;206952
37;14;7.57;2.86;0.76;0.29;207065
35;20;7.16;4.09;0.72;0.41;207186
36;14;7.36;2.86;0.74;0.29;207299
35;15;7.16;3.07;0.72;0.31;207412
28;25;5.73;5.11;0.57;0.51;207525
24;26;4.91;5.32;0.49;0.53;207638
25;25;5.11;5.11;0.51;0.51;207751
26;25;5.32;5.11;0.53;0.51;207864
26;24;5.32;4.91;0.53;0.49;207977
26;25;5.32;5.11;0.53;0.51;208090
26;29;5.32;5.93;0.53;0.59;208211
14;38;2.86;7.77;0.29;0.78;208326
14;36;2.86;7.36;0.29;0.74;208439
15;37;3.07;7.57;0.31;0.76;208552
14;36;2.86;7.36;0.29;0.74;208665
21;30;4.3;6.14;0.43;0.61;208778
30;22;6.14;4.5;0.61;0.45;208891
42;11;8.59;2.25;0.86;0.23;209004
39;12;7.98;2.45;0.8;0.25;209117
40;12;8.18;2.45;0.82;0.25;209238
39;10;7.98;2.05;0.8;0.2;209351
38;10;7.77;2.05;0.78;0.2;209464
37;10;7.57;2.05;0.76;0.2;209577
38;11;7.77;2.25;0.78;0.23;209690
37;11;7.57;2.25;0.76;0.23;209803
41;9;8.39;1.84;0.84;0.18;209916
47;3;9.61;0.61;0.96;0.06;210029
36;12;7.36;2.45;0.74;0.25;210144
37;13;7.57;2.66;0.76;0.27;210259
37;13;7.57;2.66;0.76;0.27;210372
36;14;7.36;2.86;0.74;0.29;210485
37;13;7.57;2.66;0.76;0.27;210598
37;12;7.57;2.45;0.76;0.25;210711
36;13;7.36;2.66;0.74;0.27;210824
37;11;7.57;2.25;0.76;0.23;210937
37;12;7.57;2.45;0.76;0.25;211050
37;11;7.57;2.25;0.76;0.23;211163
36;13;7.36;2.66;0.74;0.27;211278
33;18;6.75;3.68;0.68;0.37;211391
25;27;5.11;5.52;0.51;0.55;211513
25;24;5.11;4.91;0.51;0.49;211626
26;25;5.32;5.11;0.53;0.51;211740
26;25;5.32;5.11;0.53;0.51;211855
26;25;5.32;5.11;0.53;0.51;211968
25;24;5.11;4.91;0.51;0.49;212080
25;24;5.11;4.91;0.51;0.49;212193
23;34;4.71;6.96;0.47;0.7;212315
27;25;5.52;5.11;0.55;0.51;212428
25;25;5.11;5.11;0.51;0.51;212541
25;24;5.11;4.91;0.51;0.49;212654
25;25;5.11;5.11;0.51;0.51;212766
25;25;5.11;5.11;0.51;0.51;212879
22;28;4.5;5.73;0.45;0.57;212991
14;37;2.86;7.57;0.29;0.76;213104
15;35;3.07;7.16;0.31;0.72;213216
37;22;7.57;4.5;0.76;0.45;213338
36;15;7.36;3.07;0.74;0.31;213451
25;25;5.11;5.11;0.51;0.51;213564
27;25;5.52;5.11;0.55;0.51;213679
36;15;7.36;3.07;0.74;0.31;213792
23;24;4.71;4.91;0.47;0.49;213905
24;23;4.91;4.71;0.49;0.47;214018
25;24;5.11;4.91;0.51;0.49;214131
34;18;6.96;3.68;0.7;0.37;214244
38;14;7.77;2.86;0.78;0.29;214362
35;13;7.16;2.66;0.72;0.27;214475
36;15;7.36;3.07;0.74;0.31;214588
36;14;7.36;2.86;0.74;0.29;214701
37;12;7.57;2.45;0.76;0.25;214814
37;12;7.57;2.45;0.76;0.25;214927
36;12;7.36;2.45;0.74;0.25;215040
37;12;7.57;2.45;0.76;0.25;215153
38;12;7.77;2.45;0.78;0.25;215266
39;12;7.98;2.45;0.8;0.25;215383
37;10;7.57;2.05;0.76;0.2;215496
37;9;7.57;1.84;0.76;0.18;215609
38;11;7.77;2.25;0.78;0.23;215722
37;10;7.57;2.05;0.76;0.2;215835
39;9;7.98;1.84;0.8;0.18;215948
38;8;7.77;1.64;0.78;0.16;216061
37;10;7.57;2.05;0.76;0.2;216173
48;12;9.82;2.45;0.98;0.25;216316
39;10;7.98;2.05;0.8;0.2;216431
39;10;7.98;2.05;0.8;0.2;216544
39;11;7.98;2.25;0.8;0.23;216657
39;11;7.98;2.25;0.8;0.23;216770
39;11;7.98;2.25;0.8;0.23;216883
39;10;7.98;2.05;0.8;0.2;216996
39;11;7.98;2.25;0.8;0.23;217109
39;10;7.98;2.05;0.8;0.2;217224
39;10;7.98;2.05;0.8;0.2;217337
39;9;7.98;1.84;0.8;0.18;217452
38;9;7.77;1.84;0.78;0.18;217565
38;8;7.77;1.64;0.78;0.16;217678
38;10;7.77;2.05;0.78;0.2;217791
38;10;7.77;2.05;0.78;0.2;217904
38;10;7.77;2.05;0.78;0.2;218017
39;11;7.98;2.25;0.8;0.23;218130
37;10;7.57;2.05;0.76;0.2;218243
36;13;7.36;2.66;0.74;0.27;218356
37;14;7.57;2.86;0.76;0.29;218471
38;13;7.77;2.66;0.78;0.27;218584
35;12;7.16;2.45;0.72;0.25;218697
36;14;7.36;2.86;0.74;0.29;218810
36;15;7.36;3.07;0.74;0.31;218925
35;15;7.16;3.07;0.72;0.31;219038
34;15;6.96;3.07;0.7;0.31;219150
35;15;7.16;3.07;0.72;0.31;219263
34;14;6.96;2.86;0.7;0.29;219375
35;16;7.16;3.27;0.72;0.33;219490
32;18;6.55;3.68;0.65;0.37;219603
14;35;2.86;7.16;0.29;0.72;219715
14;32;2.86;6.55;0.29;0.65;219827
23;26;4.71;5.32;0.47;0.53;219939
26;25;5.32;5.11;0.53;0.51;220051
38;12;7.77;2.45;0.78;0.25;220163
31;20;6.34;4.09;0.63;0.41;220275
25;23;5.11;4.71;0.51;0.47;220387
27;26;5.52;5.32;0.55;0.53;220509
26;26;5.32;5.32;0.53;0.53;220628
25;25;5.11;5.11;0.51;0.51;220743
24;25;4.91;5.11;0.49;0.51;220856
27;35;5.52;7.16;0.55;0.72;220995
12;38;2.45;7.77;0.25;0.78;221108
14;35;2.86;7.16;0.29;0.72;221220
16;34;3.27;6.96;0.33;0.7;221333
26;25;5.32;5.11;0.53;0.51;221445
27;23;5.52;4.71;0.55;0.47;221562
25;25;5.11;5.11;0.51;0.51;221675
24;26;4.91;5.32;0.49;0.53;221788
24;25;4.91;5.11;0.49;0.51;221900
40;17;8.18;3.48;0.82;0.35;222013
32;20;6.55;4.09;0.65;0.41;222125
42;10;8.59;2.05;0.86;0.2;222238
34;15;6.96;3.07;0.7;0.31;222350
36;15;7.36;3.07;0.74;0.31;222465
35;18;7.16;3.68;0.72;0.37;222586
33;19;6.75;3.89;0.68;0.39;222699
36;14;7.36;2.86;0.74;0.29;222812
37;11;7.57;2.25;0.76;0.23;222925
36;9;7.36;1.84;0.74;0.18;223037
36;11;7.36;2.25;0.74;0.23;223150
36;12;7.36;2.45;0.74;0.25;223262
36;12;7.36;2.45;0.74;0.25;223375
36;13;7.36;2.66;0.74;0.27;223487
37;13;7.57;2.66;0.76;0.27;223602
37;13;7.57;2.66;0.76;0.27;223715
38;12;7.77;2.45;0.78;0.25;223828
37;10;7.57;2.05;0.76;0.2;223940
37;10;7.57;2.05;0.76;0.2;224053
37;10;7.57;2.05;0.76;0.2;224165
38;12;7.77;2.45;0.78;0.25;224280
37;11;7.57;2.25;0.76;0.23;224392
36;12;7.36;2.45;0.74;0.25;224505
38;11;7.77;2.25;0.78;0.23;224620
37;12;7.57;2.45;0.76;0.25;224733
37;12;7.57;2.45;0.76;0.25;224845
37;10;7.57;2.05;0.76;0.2;224958
36;8;7.36;1.64;0.74;0.16;225070
36;8;7.36;1.64;0.74;0.16;225183
36;8;7.36;1.64;0.74;0.16;225295
37;9;7.57;1.84;0.76;0.18;225408
36;10;7.36;2.05;0.74;0.2;225520
38;12;7.77;2.45;0.78;0.25;225635
40;12;8.18;2.45;0.82;0.25;225758
36;12;7.36;2.45;0.74;0.25;225871
36;12;7.36;2.45;0.74;0.25;225983
37;12;7.57;2.45;0.76;0.25;226098
36;12;7.36;2.45;0.74;0.25;226210
36;11;7.36;2.25;0.74;0.23;226323
36;11;7.36;2.25;0.74;0.23;226435
35;10;7.16;2.05;0.72;0.2;226548
34;14;6.96;2.86;0.7;0.29;226663
27;23;5.52;4.71;0.55;0.47;226776
24;24;4.91;4.91;0.49;0.49;226888
25;24;5.11;4.91;0.51;0.49;227001
25;24;5.11;4.91;0.51;0.49;227113
26;23;5.32;4.71;0.53;0.47;227226
25;23;5.11;4.71;0.51;0.47;227338
25;24;5.11;4.91;0.51;0.49;227451
26;25;5.32;5.11;0.53;0.51;227563
27;25;5.52;5.11;0.55;0.51;227685
17;36;3.48;7.36;0.35;0.74;227800
20;30;4.09;6.14;0.41;0.61;227913
29;22;5.93;4.5;0.59;0.45;228025
33;18;6.75;3.68;0.68;0.37;228138
24;25;4.91;5.11;0.49;0.51;228250
22;26;4.5;5.32;0.45;0.53;228363
21;28;4.3;5.73;0.43;0.57;228475
15;35;3.07;7.16;0.31;0.72;228588
24;26;4.91;5.32;0.49;0.53;228703
29;21;5.93;4.3;0.59;0.43;228816
38;13;7.77;2.66;0.78;0.27;228930
25;23;5.11;4.71;0.51;0.47;229043
23;24;4.71;4.91;0.47;0.49;229155
24;24;4.91;4.91;0.49;0.49;229268
24;23;4.91;4.71;0.49;0.47;229380
24;24;4.91;4.91;0.49;0.49;229493
25;24;5.11;4.91;0.51;0.49;229608
26;25;5.32;5.11;0.53;0.51;229723
25;24;5.11;4.91;0.51;0.49;229836
24;24;4.91;4.91;0.49;0.49;229949
28;19;5.73;3.89;0.57;0.39;230061
25;24;5.11;4.91;0.51;0.49;230173
24;24;4.91;4.91;0.49;0.49;230286
24;24;4.91;4.91;0.49;0.49;230398
30;29;6.14;5.93;0.61;0.59;230536
21;29;4.3;5.93;0.43;0.59;230648
11;40;2.25;8.18;0.23;0.82;230770
16;32;3.27;6.55;0.33;0.65;230883
25;23;5.11;4.71;0.51;0.47;230996
25;24;5.11;4.91;0.51;0.49;231108
25;26;5.11;5.32;0.51;0.53;231220
25;25;5.11;5.11;0.51;0.51;231335
17;33;3.48;6.75;0.35;0.68;231447
13;34;2.66;6.96;0.27;0.7;231559
16;33;3.27;6.75;0.33;0.68;231671
25;27;5.11;5.52;0.51;0.55;231793
20;31;4.09;6.34;0.41;0.63;231906
2;48;0.41;9.82;0.04;0.98;232019
43;19;8.8;3.89;0.88;0.39;232131
21;44;4.3;9;0.43;0.9;232243
20;37;4.09;7.57;0.41;0.76;232355
55;10;11.25;2.05;1.13;0.2;232468
47;0;9.61;0;0.96;0;232580
17;44;3.48;9;0.35;0.9;232692
18;42;3.68;8.59;0.37;0.86;232813
43;23;8.8;4.71;0.88;0.47;232926
23;43;4.71;8.8;0.47;0.88;233039
56;6;11.46;1.23;1.15;0.12;233154
46;0;9.41;0;0.94;0;233266
45;0;9.21;0;0.92;0;233378
45;0;9.21;0;0.92;0;233490
45;0;9.21;0;0.92;0;233602
45;0;9.21;0;0.92;0;233714
48;0;9.82;0;0.98;0;233836
44;0;9;0;0.9;0;233949
45;0;9.21;0;0.92;0;234062
44;0;9;0;0.9;0;234174
35;9;7.16;1.84;0.72;0.18;234286
37;12;7.57;2.45;0.76;0.25;234398
38;11;7.77;2.25;0.78;0.23;234510
34;15;6.96;3.07;0.7;0.31;234622
34;14;6.96;2.86;0.7;0.29;234734
36;16;7.36;3.27;0.74;0.33;234855
34;15;6.96;3.07;0.7;0.31;234970
34;15;6.96;3.07;0.7;0.31;235082
33;19;6.75;3.89;0.68;0.39;235204
20;30;4.09;6.14;0.41;0.61;235316
13;36;2.66;7.36;0.27;0.74;235428
12;35;2.45;7.16;0.25;0.72;235540
13;35;2.66;7.16;0.27;0.72;235652
13;35;2.66;7.16;0.27;0.72;235764
16;36;3.27;7.36;0.33;0.74;235886
24;25;4.91;5.11;0.49;0.51;235999
24;25;4.91;5.11;0.49;0.51;236112
25;24;5.11;4.91;0.51;0.49;236224
24;23;4.91;4.71;0.49;0.47;236336
24;23;4.91;4.71;0.49;0.47;236448
25;24;5.11;4.91;0.51;0.49;236560
25;25;5.11;5.11;0.51;0.51;236675
20;30;4.09;6.14;0.41;0.61;236787
3;50;0.61;10.23;0.06;1.02;236908
0;45;0;9.21;0;0.92;237021
2;45;0.41;9.21;0.04;0.92;237134
3;44;0.61;9;0.06;0.9;237246
8;42;1.64;8.59;0.16;0.86;237358
50;14;10.23;2.86;1.02;0.29;237472
47;0;9.61;0;0.96;0;237584
45;0;9.21;0;0.92;0;237696
45;0;9.21;0;0.92;0;237808
50;0;10.23;0;1.02;0;237930
46;0;9.41;0;0.94;0;238043
46;0;9.41;0;0.94;0;238156
44;0;9;0;0.9;0;238268
45;0;9.21;0;0.92;0;238380
47;0;9.61;0;0.96;0;238495
44;0;9;0;0.9;0;238607
44;64;9;13.09;0.9;1.31;238719
43;14;8.8;2.86;0.88;0.29;238831
45;0;9.21;0;0.92;0;238946
45;0;9.21;0;0.92;0;239059
44;0;9;0;0.9;0;239171
45;0;9.21;0;0.92;0;239283
44;0;9;0;0.9;0;239395
45;0;9.21;0;0.92;0;239507
46;0;9.41;0;0.94;0;239619
46;0;9.41;0;0.94;0;239731
47;0;9.61;0;0.96;0;239843
58;0;11.86;0;1.19;0;239984
63;0;12.89;0;1.29;0;240140
47;0;9.61;0;0.96;0;240253
46;0;9.41;0;0.94;0;240368
45;0;9.21;0;0.92;0;240480
45;0;9.21;0;0.92;0;240592
46;0;9.41;0;0.94;0;240704
45;0;9.21;0;0.92;0;240816
53;0;10.84;0;1.08;0;240949
41;7;8.39;1.43;0.84;0.14;241062
43;7;8.8;1.43;0.88;0.14;241175
26;23;5.32;4.71;0.53;0.47;241287
23;24;4.71;4.91;0.47;0.49;241399
26;23;5.32;4.71;0.53;0.47;241511
25;22;5.11;4.5;0.51;0.45;241623
26;23;5.32;4.71;0.53;0.47;241735
29;27;5.93;5.52;0.59;0.55;241865
27;25;5.52;5.11;0.55;0.51;241987
26;24;5.32;4.91;0.53;0.49;242102
26;23;5.32;4.71;0.53;0.47;242214
25;23;5.11;4.71;0.51;0.47;242326
25;24;5.11;4.91;0.51;0.49;242438
25;22;5.11;4.5;0.51;0.45;242550
24;23;4.91;4.71;0.49;0.47;242662
27;26;5.52;5.32;0.55;0.53;242788
25;23;5.11;4.71;0.51;0.47;242900
25;24;5.11;4.91;0.51;0.49;243015
26;23;5.32;4.71;0.53;0.47;243128
24;22;4.91;4.5;0.49;0.45;243240
24;23;4.91;4.71;0.49;0.47;243352
24;22;4.91;4.5;0.49;0.45;243464
24;23;4.91;4.71;0.49;0.47;243576
30;27;6.14;5.52;0.61;0.55;243711
24;23;4.91;4.71;0.49;0.47;243823
24;23;4.91;4.71;0.49;0.47;243938
25;22;5.11;4.5;0.51;0.45;244053
25;24;5.11;4.91;0.51;0.49;244166
27;23;5.52;4.71;0.55;0.47;244278
26;24;5.32;4.91;0.53;0.49;244390
32;29;6.55;5.93;0.65;0.59;244528
26;24;5.32;4.91;0.53;0.49;244640
26;24;5.32;4.91;0.53;0.49;244752
28;26;5.73;5.32;0.57;0.53;244867
25;24;5.11;4.91;0.51;0.49;244979
27;24;5.52;4.91;0.55;0.49;245094
26;25;5.32;5.11;0.53;0.51;245207
26;23;5.32;4.71;0.53;0.47;245319
30;28;6.14;5.73;0.61;0.57;245458
24;22;4.91;4.5;0.49;0.45;245570
23;22;4.71;4.5;0.47;0.45;245682
23;21;4.71;4.3;0.47;0.43;245793
23;21;4.71;4.3;0.47;0.43;245906
21;21;4.3;4.3;0.43;0.43;246019
23;21;4.71;4.3;0.47;0.43;246135
25;23;5.11;4.71;0.51;0.47;246254
29;29;5.93;5.93;0.59;0.59;246394
27;25;5.52;5.11;0.55;0.51;246507
26;25;5.32;5.11;0.53;0.51;246620
25;24;5.11;4.91;0.51;0.49;246733
23;30;4.71;6.14;0.47;0.61;246846
10;41;2.05;8.39;0.2;0.84;246959
17;33;3.48;6.75;0.35;0.68;247072
24;30;4.91;6.14;0.49;0.61;247194
18;41;3.68;8.39;0.37;0.84;247333
15;34;3.07;6.96;0.31;0.7;247446
21;29;4.3;5.93;0.43;0.59;247561
25;25;5.11;5.11;0.51;0.51;247674
23;25;4.71;5.11;0.47;0.51;247787
24;25;4.91;5.11;0.49;0.51;247900
23;24;4.71;4.91;0.47;0.49;248013
24;25;4.91;5.11;0.49;0.51;248126
31;31;6.34;6.34;0.63;0.63;248274
29;22;5.93;4.5;0.59;0.45;248387
38;11;7.77;2.25;0.78;0.23;248500
35;12;7.16;2.45;0.72;0.25;248613
35;14;7.16;2.86;0.72;0.29;248726
27;21;5.52;4.3;0.55;0.43;248839
23;24;4.71;4.91;0.47;0.49;248952
24;25;4.91;5.11;0.49;0.51;249065
32;30;6.55;6.14;0.65;0.61;249205
26;25;5.32;5.11;0.53;0.51;249320
27;25;5.52;5.11;0.55;0.51;249435
25;24;5.11;4.91;0.51;0.49;249548
25;23;5.11;4.71;0.51;0.47;249661
30;27;6.14;5.52;0.61;0.55;249792
25;25;5.11;5.11;0.51;0.51;249910
35;28;7.16;5.73;0.72;0.57;250048
26;23;5.32;4.71;0.53;0.47;250161
29;25;5.93;5.11;0.59;0.51;250277
24;23;4.91;4.71;0.49;0.47;250390
27;24;5.52;4.91;0.55;0.49;250503
27;24;5.52;4.91;0.55;0.49;250616
25;24;5.11;4.91;0.51;0.49;250729
25;24;5.11;4.91;0.51;0.49;250842
31;29;6.34;5.93;0.63;0.59;250981
25;23;5.11;4.71;0.51;0.47;251094
26;24;5.32;4.91;0.53;0.49;251209
26;24;5.32;4.91;0.53;0.49;251325
27;24;5.52;4.91;0.55;0.49;251438
28;23;5.73;4.71;0.57;0.47;251551
25;24;5.11;4.91;0.51;0.49;251664
28;24;5.73;4.91;0.57;0.49;251777
32;29;6.55;5.93;0.65;0.59;251919
26;23;5.32;4.71;0.53;0.47;252032
26;23;5.32;4.71;0.53;0.47;252145
26;24;5.32;4.91;0.53;0.49;252258
25;23;5.11;4.71;0.51;0.47;252374
26;24;5.32;4.91;0.53;0.49;252487
25;24;5.11;4.91;0.51;0.49;252600
26;23;5.32;4.71;0.53;0.47;252713
34;29;6.96;5.93;0.7;0.59;252851
24;23;4.91;4.71;0.49;0.47;252964
26;24;5.32;4.91;0.53;0.49;253079
25;24;5.11;4.91;0.51;0.49;253192
25;24;5.11;4.91;0.51;0.49;253305
26;24;5.32;4.91;0.53;0.49;253421
25;23;5.11;4.71;0.51;0.47;253534
31;28;6.34;5.73;0.63;0.57;253673
21;28;4.3;5.73;0.43;0.57;253786
15;36;3.07;7.36;0.31;0.74;253899
24;26;4.91;5.32;0.49;0.53;254012
23;24;4.71;4.91;0.47;0.49;254125
24;24;4.91;4.91;0.49;0.49;254238
23;24;4.71;4.91;0.47;0.49;254351
23;25;4.71;5.11;0.47;0.51;254467
30;30;6.14;6.14;0.61;0.61;254608
24;25;4.91;5.11;0.49;0.51;254723
24;25;4.91;5.11;0.49;0.51;254838
23;24;4.71;4.91;0.47;0.49;254951
24;25;4.91;5.11;0.49;0.51;255064
23;24;4.71;4.91;0.47;0.49;255177
16;34;3.27;6.96;0.33;0.7;255295
0;45;0;9.21;0;0.92;255408
0;58;0;11.86;0;1.19;255556
0;44;0;9;0;0.9;255669
0;44;0;9;0;0.9;255782
0;44;0;9;0;0.9;255895
0;44;0;9;0;0.9;256008
0;44;0;9;0;0.9;256121
0;44;0;9;0;0.9;256234
0;45;0;9.21;0;0.92;256347
3;54;0.61;11.05;0.06;1.1;256487
11;37;2.25;7.57;0.23;0.76;256608
10;36;2.05;7.36;0.2;0.74;256723
9;36;1.84;7.36;0.18;0.74;256836
11;35;2.25;7.16;0.23;0.72;256949
8;35;1.64;7.16;0.16;0.72;257062
9;36;1.84;7.36;0.18;0.74;257175
10;43;2.05;8.8;0.2;0.88;257313
9;37;1.84;7.57;0.18;0.76;257432
11;34;2.25;6.96;0.23;0.7;257545
21;28;4.3;5.73;0.43;0.57;257667
23;24;4.71;4.91;0.47;0.49;257780
23;25;4.71;5.11;0.47;0.51;257893
22;24;4.5;4.91;0.45;0.49;258006
24;25;4.91;5.11;0.49;0.51;258119
22;25;4.5;5.11;0.45;0.51;258232
24;24;4.91;4.91;0.49;0.49;258345
23;25;4.71;5.11;0.47;0.51;258460
22;23;4.5;4.71;0.45;0.47;258573
21;24;4.3;4.91;0.43;0.49;258688
23;24;4.71;4.91;0.47;0.49;258801
22;24;4.5;4.91;0.45;0.49;258914
21;23;4.3;4.71;0.43;0.47;259027
22;21;4.5;4.3;0.45;0.43;259140
23;21;4.71;4.3;0.47;0.43;259253
26;22;5.32;4.5;0.53;0.45;259366
25;21;5.11;4.3;0.51;0.43;259481
25;23;5.11;4.71;0.51;0.47;259594
23;24;4.71;4.91;0.47;0.49;259709
25;24;5.11;4.91;0.51;0.49;259822
23;25;4.71;5.11;0.47;0.51;259935
24;24;4.91;4.91;0.49;0.49;260048
23;25;4.71;5.11;0.47;0.51;260161
24;25;4.91;5.11;0.49;0.51;260276
27;21;5.52;4.3;0.55;0.43;260389
38;11;7.77;2.25;0.78;0.23;260502
34;13;6.96;2.66;0.7;0.27;260615
35;18;7.16;3.68;0.72;0.37;260737
22;27;4.5;5.52;0.45;0.55;260850
24;24;4.91;4.91;0.49;0.49;260963
26;24;5.32;4.91;0.53;0.49;261076
25;24;5.11;4.91;0.51;0.49;261189
23;27;4.71;5.52;0.47;0.55;261302
15;33;3.07;6.75;0.31;0.68;261415
24;26;4.91;5.32;0.49;0.53;261528
24;23;4.91;4.71;0.49;0.47;261641
26;26;5.32;5.32;0.53;0.53;261763
24;25;4.91;5.11;0.49;0.51;261876
23;24;4.71;4.91;0.47;0.49;261989
23;24;4.71;4.91;0.47;0.49;262100
24;24;4.91;4.91;0.49;0.49;262213
23;23;4.71;4.71;0.47;0.47;262326
24;25;4.91;5.11;0.49;0.51;262439
25;25;5.11;5.11;0.51;0.51;262552
23;24;4.71;4.91;0.47;0.49;262665
38;17;7.77;3.48;0.78;0.35;262787
39;9;7.98;1.84;0.8;0.18;262900
23;40;4.71;8.18;0.47;0.82;263013
23;29;4.71;5.93;0.47;0.59;263126
16;34;3.27;6.96;0.33;0.7;263239
15;33;3.07;6.75;0.31;0.68;263352
13;35;2.66;7.16;0.27;0.72;263465
13;35;2.66;7.16;0.27;0.72;263578
13;34;2.66;6.96;0.27;0.7;263691
16;38;3.27;7.77;0.33;0.78;263815
13;38;2.66;7.77;0.27;0.78;263928
1;46;0.2;9.41;0.02;0.94;264042
4;43;0.82;8.8;0.08;0.88;264155
17;45;3.48;9.21;0.35;0.92;264295
0;48;0;9.82;0;0.98;264408
0;47;0;9.61;0;0.96;264521
0;47;0;9.61;0;0.96;264634
0;46;0;9.41;0;0.94;264747
0;50;0;10.23;0;1.02;264868
0;47;0;9.61;0;0.96;264981
10;39;2.05;7.98;0.2;0.8;265094
12;36;2.45;7.36;0.25;0.74;265207
12;36;2.45;7.36;0.25;0.74;265320
10;36;2.05;7.36;0.2;0.74;265433
9;35;1.84;7.16;0.18;0.72;265546
9;36;1.84;7.36;0.18;0.74;265661
10;36;2.05;7.36;0.2;0.74;265774
11;38;2.25;7.77;0.23;0.78;265895
9;36;1.84;7.36;0.18;0.74;266008
9;36;1.84;7.36;0.18;0.74;266121
9;36;1.84;7.36;0.18;0.74;266234
17;30;3.48;6.14;0.35;0.61;266347
21;26;4.3;5.32;0.43;0.53;266460
23;25;4.71;5.11;0.47;0.51;266573
22;25;4.5;5.11;0.45;0.51;266686
23;25;4.71;5.11;0.47;0.51;266799
26;27;5.32;5.52;0.53;0.55;266921
24;25;4.91;5.11;0.49;0.51;267034
23;26;4.71;5.32;0.47;0.53;267147
24;24;4.91;4.91;0.49;0.49;267260
24;25;4.91;5.11;0.49;0.51;267375
24;26;4.91;5.32;0.49;0.53;267488
24;25;4.91;5.11;0.49;0.51;267601
25;26;5.11;5.32;0.51;0.53;267714
25;25;5.11;5.11;0.51;0.51;267827
24;25;4.91;5.11;0.49;0.51;267942
24;25;4.91;5.11;0.49;0.51;268055
25;26;5.11;5.32;0.51;0.53;268168
25;25;5.11;5.11;0.51;0.51;268281
23;25;4.71;5.11;0.47;0.51;268394
24;25;4.91;5.11;0.49;0.51;268507
24;25;4.91;5.11;0.49;0.51;268620
24;25;4.91;5.11;0.49;0.51;268733
24;25;4.91;5.11;0.49;0.51;268846
25;25;5.11;5.11;0.51;0.51;268961
26;26;5.32;5.32;0.53;0.53;269084
25;26;5.11;5.32;0.51;0.53;269199
24;25;4.91;5.11;0.49;0.51;269312
25;25;5.11;5.11;0.51;0.51;269425
24;24;4.91;4.91;0.49;0.49;269538
24;25;4.91;5.11;0.49;0.51;269651
25;25;5.11;5.11;0.51;0.51;269764
24;24;4.91;4.91;0.49;0.49;269877
24;25;4.91;5.11;0.49;0.51;269992
25;26;5.11;5.32;0.51;0.53;270105
24;25;4.91;5.11;0.49;0.51;270218
25;24;5.11;4.91;0.51;0.49;270331
24;25;4.91;5.11;0.49;0.51;270444
25;24;5.11;4.91;0.51;0.49;270557
28;21;5.73;4.3;0.57;0.43;270670
35;13;7.16;2.66;0.72;0.27;270783
31;18;6.34;3.68;0.63;0.37;270898
28;22;5.73;4.5;0.57;0.45;271013
24;25;4.91;5.11;0.49;0.51;271126
24;25;4.91;5.11;0.49;0.51;271239
25;25;5.11;5.11;0.51;0.51;271352
26;24;5.32;4.91;0.53;0.49;271465
26;25;5.32;5.11;0.53;0.51;271578
25;24;5.11;4.91;0.51;0.49;271691
25;24;5.11;4.91;0.51;0.49;271804
26;25;5.32;5.11;0.53;0.51;271917
26;24;5.32;4.91;0.53;0.49;272032
25;25;5.11;5.11;0.51;0.51;272145
26;25;5.32;5.11;0.53;0.51;272258
26;25;5.32;5.11;0.53;0.51;272372
25;24;5.11;4.91;0.51;0.49;272485
26;25;5.32;5.11;0.53;0.51;272598
27;25;5.52;5.11;0.55;0.51;272713
25;24;5.11;4.91;0.51;0.49;272826
31;23;6.34;4.71;0.63;0.47;272939
35;17;7.16;3.48;0.72;0.35;273061
26;24;5.32;4.91;0.53;0.49;273174
23;23;4.71;4.71;0.47;0.47;273287
24;24;4.91;4.91;0.49;0.49;273400
24;24;4.91;4.91;0.49;0.49;273513
25;24;5.11;4.91;0.51;0.49;273626
24;24;4.91;4.91;0.49;0.49;273738
30;29;6.14;5.93;0.61;0.59;273876
26;25;5.32;5.11;0.53;0.51;273989
27;26;5.52;5.32;0.55;0.53;274111
26;25;5.32;5.11;0.53;0.51;274224
25;24;5.11;4.91;0.51;0.49;274337
25;24;5.11;4.91;0.51;0.49;274450
24;24;4.91;4.91;0.49;0.49;274561
25;25;5.11;5.11;0.51;0.51;274674
25;24;5.11;4.91;0.51;0.49;274787
27;24;5.52;4.91;0.55;0.49;274900
26;24;5.32;4.91;0.53;0.49;275013
27;25;5.52;5.11;0.55;0.51;275128
25;24;5.11;4.91;0.51;0.49;275241
26;25;5.32;5.11;0.53;0.51;275354
25;24;5.11;4.91;0.51;0.49;275467
24;23;4.91;4.71;0.49;0.47;275580
26;24;5.32;4.91;0.53;0.49;275693
24;24;4.91;4.91;0.49;0.49;275806
25;25;5.11;5.11;0.51;0.51;275919
26;24;5.32;4.91;0.53;0.49;276032
26;25;5.32;5.11;0.53;0.51;276147
25;25;5.11;5.11;0.51;0.51;276262
25;24;5.11;4.91;0.51;0.49;276375
26;25;5.32;5.11;0.53;0.51;276488
26;24;5.32;4.91;0.53;0.49;276600
24;24;4.91;4.91;0.49;0.49;276713
24;23;4.91;4.71;0.49;0.47;276825
25;25;5.11;5.11;0.51;0.51;276938
24;23;4.91;4.71;0.49;0.47;277050
26;25;5.32;5.11;0.53;0.51;277165
25;24;5.11;4.91;0.51;0.49;277278
24;23;4.91;4.71;0.49;0.47;277391
24;23;4.91;4.71;0.49;0.47;277503
24;21;4.91;4.3;0.49;0.43;277616
25;21;5.11;4.3;0.51;0.43;277728
24;21;4.91;4.3;0.49;0.43;277841
25;21;5.11;4.3;0.51;0.43;277953
24;21;4.91;4.3;0.49;0.43;278068
25;22;5.11;4.5;0.51;0.45;278183
27;21;5.52;4.3;0.55;0.43;278296
24;22;4.91;4.5;0.49;0.45;278409
25;21;5.11;4.3;0.51;0.43;278521
31;27;6.34;5.52;0.63;0.55;278664
28;26;5.73;5.32;0.57;0.53;278794
26;23;5.32;4.71;0.53;0.47;278906
26;23;5.32;4.71;0.53;0.47;279019
25;24;5.11;4.91;0.51;0.49;279131
27;23;5.52;4.71;0.55;0.47;279246
25;23;5.11;4.71;0.51;0.47;279359
24;22;4.91;4.5;0.49;0.45;279472
24;21;4.91;4.3;0.49;0.43;279584
23;21;4.71;4.3;0.47;0.43;279697
24;22;4.91;4.5;0.49;0.45;279812
23;22;4.71;4.5;0.47;0.45;279925
20;33;4.09;6.75;0.41;0.68;280037
2;51;0.41;10.43;0.04;1.04;280150
0;49;0;10.02;0;1;280271
0;45;0;9.21;0;0.92;280384
0;45;0;9.21;0;0.92;280497
43;17;8.8;3.48;0.88;0.35;280611
20;42;4.09;8.59;0.41;0.86;280723
20;38;4.09;7.77;0.41;0.78;280836
53;7;10.84;1.43;1.08;0.14;280948
20;43;4.09;8.8;0.41;0.88;281061
43;20;8.8;4.09;0.88;0.41;281173
42;23;8.59;4.71;0.86;0.47;281295
45;24;9.21;4.91;0.92;0.49;281408
47;3;9.61;0.61;0.96;0.06;281521
37;10;7.57;2.05;0.76;0.2;281636
33;14;6.75;2.86;0.68;0.29;281749
33;14;6.75;2.86;0.68;0.29;281861
34;15;6.96;3.07;0.7;0.31;281974
33;14;6.75;2.86;0.68;0.29;282086
32;16;6.55;3.27;0.65;0.33;282199
32;20;6.55;4.09;0.65;0.41;282320
36;15;7.36;3.07;0.74;0.31;282433
24;21;4.91;4.3;0.49;0.43;282546
25;21;5.11;4.3;0.51;0.43;282659
23;22;4.71;4.5;0.47;0.45;282771
26;21;5.32;4.3;0.53;0.43;282884
27;20;5.52;4.09;0.55;0.41;282996
38;19;7.77;3.89;0.78;0.39;283128
38;7;7.77;1.43;0.78;0.14;283240
37;7;7.57;1.43;0.76;0.14;283357
38;7;7.77;1.43;0.78;0.14;283470
36;8;7.36;1.64;0.74;0.16;283583
37;10;7.57;2.05;0.76;0.2;283695
36;10;7.36;2.05;0.74;0.2;283808
36;12;7.36;2.45;0.74;0.25;283920
35;11;7.16;2.25;0.72;0.23;284033
33;12;6.75;2.45;0.68;0.25;284145
24;24;4.91;4.91;0.49;0.49;284258
14;36;2.86;7.36;0.29;0.74;284380
27;25;5.52;5.11;0.55;0.51;284493
27;23;5.52;4.71;0.55;0.47;284606
27;24;5.52;4.91;0.55;0.49;284719
24;24;4.91;4.91;0.49;0.49;284831
24;24;4.91;4.91;0.49;0.49;284944
26;24;5.32;4.91;0.53;0.49;285059
26;24;5.32;4.91;0.53;0.49;285172
23;24;4.71;4.91;0.47;0.49;285284
27;25;5.52;5.11;0.55;0.51;285406
24;24;4.91;4.91;0.49;0.49;285519
25;24;5.11;4.91;0.51;0.49;285632
24;23;4.91;4.71;0.49;0.47;285744
27;25;5.52;5.11;0.55;0.51;285857
26;23;5.32;4.71;0.53;0.47;285969
27;24;5.52;4.91;0.55;0.49;286082
24;23;4.91;4.71;0.49;0.47;286194
24;24;4.91;4.91;0.49;0.49;286307
28;23;5.73;4.71;0.57;0.47;286422
28;24;5.73;4.91;0.57;0.49;286535
26;24;5.32;4.91;0.53;0.49;286647
25;24;5.11;4.91;0.51;0.49;286762
25;24;5.11;4.91;0.51;0.49;286874
27;24;5.52;4.91;0.55;0.49;286986
24;24;4.91;4.91;0.49;0.49;287098
26;24;5.32;4.91;0.53;0.49;287210
26;24;5.32;4.91;0.53;0.49;287322
24;25;4.91;5.11;0.49;0.51;287437
26;25;5.32;5.11;0.53;0.51;287550
17;32;3.48;6.55;0.35;0.65;287662
16;35;3.27;7.16;0.33;0.72;287774
13;36;2.66;7.36;0.27;0.74;287889
13;34;2.66;6.96;0.27;0.7;288001
12;34;2.45;6.96;0.25;0.7;288113
12;35;2.45;7.16;0.25;0.72;288225
12;34;2.45;6.96;0.25;0.7;288337
13;38;2.66;7.77;0.27;0.78;288461
13;35;2.66;7.16;0.27;0.72;288574
13;34;2.66;6.96;0.27;0.7;288687
14;34;2.86;6.96;0.29;0.7;288799
14;33;2.86;6.75;0.29;0.68;288911
14;34;2.86;6.96;0.29;0.7;289023
14;34;2.86;6.96;0.29;0.7;289135
15;33;3.07;6.75;0.31;0.68;289247
14;35;2.86;7.16;0.29;0.72;289361
14;35;2.86;7.16;0.29;0.72;289476
12;34;2.45;6.96;0.25;0.7;289589
16;31;3.27;6.34;0.33;0.63;289702
28;20;5.73;4.09;0.57;0.41;289814
38;12;7.77;2.45;0.78;0.25;289926
36;12;7.36;2.45;0.74;0.25;290038
39;11;7.98;2.25;0.8;0.23;290153
36;11;7.36;2.25;0.74;0.23;290265
33;14;6.75;2.86;0.68;0.29;290377
30;24;6.14;4.91;0.61;0.49;290499
38;14;7.77;2.86;0.78;0.29;290612
36;14;7.36;2.86;0.74;0.29;290725
34;14;6.96;2.86;0.7;0.29;290837
30;21;6.14;4.3;0.61;0.43;290949
25;25;5.11;5.11;0.51;0.51;291061
24;24;4.91;4.91;0.49;0.49;291173
24;23;4.91;4.71;0.49;0.47;291285
25;24;5.11;4.91;0.51;0.49;291397
27;24;5.52;4.91;0.55;0.49;291514
29;24;5.93;4.91;0.59;0.49;291627
28;23;5.73;4.71;0.57;0.47;291740
25;24;5.11;4.91;0.51;0.49;291855
23;29;4.71;5.93;0.47;0.59;291967
16;35;3.27;7.16;0.33;0.72;292079
24;26;4.91;5.32;0.49;0.53;292191
34;17;6.96;3.48;0.7;0.35;292303
23;27;4.71;5.52;0.47;0.55;292415
24;41;4.91;8.39;0.49;0.84;292557
42;11;8.59;2.25;0.86;0.23;292670
39;11;7.98;2.25;0.8;0.23;292782
37;10;7.57;2.05;0.76;0.2;292894
37;11;7.57;2.25;0.76;0.23;293006
35;15;7.16;3.07;0.72;0.31;293118
28;22;5.73;4.5;0.57;0.45;293230
36;12;7.36;2.45;0.74;0.25;293342
37;11;7.57;2.25;0.76;0.23;293454
40;13;8.18;2.66;0.82;0.27;293578
38;11;7.77;2.25;0.78;0.23;293691
35;11;7.16;2.25;0.72;0.23;293804
35;12;7.16;2.45;0.72;0.25;293916
36;12;7.36;2.45;0.74;0.25;294028
35;13;7.16;2.66;0.72;0.27;294140
35;13;7.16;2.66;0.72;0.27;294252
36;12;7.36;2.45;0.74;0.25;294364
32;16;6.55;3.27;0.65;0.33;294476
30;26;6.14;5.32;0.61;0.53;294597
37;14;7.57;2.86;0.76;0.29;294710
34;14;6.96;2.86;0.7;0.29;294823
27;20;5.52;4.09;0.55;0.41;294935
24;26;4.91;5.32;0.49;0.53;295047
24;24;4.91;4.91;0.49;0.49;295159
22;30;4.5;6.14;0.45;0.61;295274
18;36;3.68;7.36;0.37;0.74;295386
28;22;5.73;4.5;0.57;0.45;295498
33;22;6.75;4.5;0.68;0.45;295616
27;25;5.52;5.11;0.55;0.51;295729
20;29;4.09;5.93;0.41;0.59;295842
26;24;5.32;4.91;0.53;0.49;295954
24;24;4.91;4.91;0.49;0.49;296066
21;28;4.3;5.73;0.43;0.57;296178
13;35;2.66;7.16;0.27;0.72;296290
21;27;4.3;5.52;0.43;0.55;296402
18;32;3.68;6.55;0.37;0.65;296514
24;28;4.91;5.73;0.49;0.57;296632
27;24;5.52;4.91;0.55;0.49;296745
28;22;5.73;4.5;0.57;0.45;296858
29;22;5.93;4.5;0.59;0.45;296973
22;27;4.5;5.52;0.45;0.55;297085
22;30;4.5;6.14;0.45;0.61;297197
36;21;7.36;4.3;0.74;0.43;297319
16;36;3.27;7.36;0.33;0.74;297431
25;25;5.11;5.11;0.51;0.51;297543
26;26;5.32;5.32;0.53;0.53;297665
25;24;5.11;4.91;0.51;0.49;297779
24;24;4.91;4.91;0.49;0.49;297892
25;24;5.11;4.91;0.51;0.49;298004
25;24;5.11;4.91;0.51;0.49;298116
27;25;5.52;5.11;0.55;0.51;298228
26;26;5.32;5.32;0.53;0.53;298340
26;25;5.32;5.11;0.53;0.51;298452
25;25;5.11;5.11;0.51;0.51;298564
26;25;5.32;5.11;0.53;0.51;298681
26;26;5.32;5.32;0.53;0.53;298794
24;24;4.91;4.91;0.49;0.49;298906
22;24;4.5;4.91;0.45;0.49;299018
23;25;4.71;5.11;0.47;0.51;299130
23;24;4.71;4.91;0.47;0.49;299242
27;25;5.52;5.11;0.55;0.51;299354
25;24;5.11;4.91;0.51;0.49;299466
25;24;5.11;4.91;0.51;0.49;299578
24;25;4.91;5.11;0.49;0.51;299693
29;21;5.93;4.3;0.59;0.43;299806
36;14;7.36;2.86;0.74;0.29;299918
26;23;5.32;4.71;0.53;0.47;300030
26;25;5.32;5.11;0.53;0.51;300142
25;24;5.11;4.91;0.51;0.49;300254
32;29;6.55;5.93;0.65;0.59;300394
25;24;5.11;4.91;0.51;0.49;300508
26;24;5.32;4.91;0.53;0.49;300620
27;23;5.52;4.71;0.55;0.47;300735
26;24;5.32;4.91;0.53;0.49;300848
26;24;5.32;4.91;0.53;0.49;300960
28;25;5.73;5.11;0.57;0.51;301072
25;23;5.11;4.71;0.51;0.47;301184
23;23;4.71;4.71;0.47;0.47;301296
26;23;5.32;4.71;0.53;0.47;301408
25;23;5.11;4.71;0.51;0.47;301520
23;22;4.71;4.5;0.47;0.45;301632
25;24;5.11;4.91;0.51;0.49;301747
26;25;5.32;5.11;0.53;0.51;301869
27;24;5.52;4.91;0.55;0.49;301981
27;23;5.52;4.71;0.55;0.47;302095
25;23;5.11;4.71;0.51;0.47;302208
26;23;5.32;4.71;0.53;0.47;302321
25;23;5.11;4.71;0.51;0.47;302434
24;23;4.91;4.71;0.49;0.47;302547
24;24;4.91;4.91;0.49;0.49;302660
26;24;5.32;4.91;0.53;0.49;302775
24;23;4.91;4.71;0.49;0.47;302888
28;24;5.73;4.91;0.57;0.49;303001
13;45;2.66;9.21;0.27;0.92;303114
0;46;0;9.41;0;0.94;303227
0;44;0;9;0;0.9;303340
0;44;0;9;0;0.9;303453
0;43;0;8.8;0;0.88;303566
0;44;0;9;0;0.9;303679
0;47;0;9.61;0;0.96;303801
0;44;0;9;0;0.9;303916
0;44;0;9;0;0.9;304029
0;45;0;9.21;0;0.92;304142
0;45;0;9.21;0;0.92;304255
0;45;0;9.21;0;0.92;304368
0;47;0;9.61;0;0.96;304481
10;39;2.05;7.98;0.2;0.8;304594
12;35;2.45;7.16;0.25;0.72;304707
11;38;2.25;7.77;0.23;0.78;304828
10;36;2.05;7.36;0.2;0.74;304941
9;36;1.84;7.36;0.18;0.74;305054
10;36;2.05;7.36;0.2;0.74;305167
9;35;1.84;7.16;0.18;0.72;305280
9;36;1.84;7.36;0.18;0.74;305393
8;36;1.64;7.36;0.16;0.74;305506
8;34;1.64;6.96;0.16;0.7;305621
8;35;1.64;7.16;0.16;0.72;305734
8;35;1.64;7.16;0.16;0.72;305849
8;35;1.64;7.16;0.16;0.72;305962
30;21;6.14;4.3;0.61;0.43;306075
31;14;6.34;2.86;0.63;0.29;306189
30;16;6.14;3.27;0.61;0.33;306302
28;21;5.73;4.3;0.57;0.43;306415
13;36;2.66;7.36;0.27;0.74;306528
36;22;7.36;4.5;0.74;0.45;306655
29;24;5.93;4.91;0.59;0.49;306773
23;32;4.71;6.55;0.47;0.65;306895
13;37;2.66;7.57;0.27;0.76;307008
35;18;7.16;3.68;0.72;0.37;307121
30;19;6.14;3.89;0.61;0.39;307234
26;25;5.32;5.11;0.53;0.51;307349
19;34;3.89;6.96;0.39;0.7;307462
25;26;5.11;5.32;0.51;0.53;307575
26;25;5.32;5.11;0.53;0.51;307688
25;24;5.11;4.91;0.51;0.49;307801
25;25;5.11;5.11;0.51;0.51;307916
26;24;5.32;4.91;0.53;0.49;308029
24;24;4.91;4.91;0.49;0.49;308142
25;25;5.11;5.11;0.51;0.51;308255
24;25;4.91;5.11;0.49;0.51;308368
24;25;4.91;5.11;0.49;0.51;308481
24;24;4.91;4.91;0.49;0.49;308594
25;24;5.11;4.91;0.51;0.49;308707
23;24;4.71;4.91;0.47;0.49;308820
25;25;5.11;5.11;0.51;0.51;308935
25;25;5.11;5.11;0.51;0.51;309050
25;25;5.11;5.11;0.51;0.51;309163
23;23;4.71;4.71;0.47;0.47;309276
25;25;5.11;5.11;0.51;0.51;309389
25;24;5.11;4.91;0.51;0.49;309502
27;24;5.52;4.91;0.55;0.49;309615
26;24;5.32;4.91;0.53;0.49;309728
24;24;4.91;4.91;0.49;0.49;309841
25;25;5.11;5.11;0.51;0.51;309956
24;25;4.91;5.11;0.49;0.51;310069
26;25;5.32;5.11;0.53;0.51;310182
23;25;4.71;5.11;0.47;0.51;310295
24;24;4.91;4.91;0.49;0.49;310408
23;24;4.71;4.91;0.47;0.49;310521
24;24;4.91;4.91;0.49;0.49;310634
24;24;4.91;4.91;0.49;0.49;310749
24;25;4.91;5.11;0.49;0.51;310862
24;24;4.91;4.91;0.49;0.49;310977
24;25;4.91;5.11;0.49;0.51;311090
24;24;4.91;4.91;0.49;0.49;311203
25;26;5.11;5.32;0.51;0.53;311325
23;23;4.71;4.71;0.47;0.47;311438
24;24;4.91;4.91;0.49;0.49;311551
24;24;4.91;4.91;0.49;0.49;311664
24;24;4.91;4.91;0.49;0.49;311777
22;23;4.5;4.71;0.45;0.47;311890
25;23;5.11;4.71;0.51;0.47;312005
23;24;4.71;4.91;0.47;0.49;312118
23;23;4.71;4.71;0.47;0.47;312231
23;23;4.71;4.71;0.47;0.47;312344
12;41;2.45;8.39;0.25;0.84;312459
0;45;0;9.21;0;0.92;312572
0;46;0;9.41;0;0.94;312685
0;44;0;9;0;0.9;312798
0;45;0;9.21;0;0.92;312911
0;50;0;10.23;0;1.02;313033
0;46;0;9.41;0;0.94;313146
0;46;0;9.41;0;0.94;313259
3;43;0.61;8.8;0.06;0.88;313372
13;34;2.66;6.96;0.27;0.7;313485
11;35;2.25;7.16;0.23;0.72;313598
10;36;2.05;7.36;0.2;0.74;313711
9;35;1.84;7.16;0.18;0.72;313824
9;35;1.84;7.16;0.18;0.72;313937
11;38;2.25;7.77;0.23;0.78;314058
10;36;2.05;7.36;0.2;0.74;314171
9;35;1.84;7.16;0.18;0.72;314286
9;35;1.84;7.16;0.18;0.72;314399
8;35;1.64;7.16;0.16;0.72;314512
8;34;1.64;6.96;0.16;0.7;314625
15;31;3.07;6.34;0.31;0.63;314739
22;24;4.5;4.91;0.45;0.49;314852
22;23;4.5;4.71;0.45;0.47;314965
26;26;5.32;5.32;0.53;0.53;315087
24;23;4.91;4.71;0.49;0.47;315200
23;23;4.71;4.71;0.47;0.47;315313
24;23;4.91;4.71;0.49;0.47;315426
27;21;5.52;4.3;0.55;0.43;315539
25;23;5.11;4.71;0.51;0.47;315652
24;24;4.91;4.91;0.49;0.49;315765
25;25;5.11;5.11;0.51;0.51;315878
25;24;5.11;4.91;0.51;0.49;315993
32;30;6.55;6.14;0.65;0.61;316135
29;21;5.93;4.3;0.59;0.43;316248
40;12;8.18;2.45;0.82;0.25;316361
37;12;7.57;2.45;0.76;0.25;316474
32;15;6.55;3.07;0.65;0.31;316587
27;21;5.52;4.3;0.55;0.43;316700
34;13;6.96;2.66;0.7;0.27;316813
37;11;7.57;2.25;0.76;0.23;316926
33;13;6.75;2.66;0.68;0.27;317039
39;14;7.98;2.86;0.8;0.29;317161
34;14;6.96;2.86;0.7;0.29;317274
34;15;6.96;3.07;0.7;0.31;317387
36;15;7.36;3.07;0.74;0.31;317500
35;15;7.16;3.07;0.72;0.31;317613
34;15;6.96;3.07;0.7;0.31;317728
26;23;5.32;4.71;0.53;0.47;317841
24;26;4.91;5.32;0.49;0.53;317954
25;24;5.11;4.91;0.51;0.49;318067
29;25;5.93;5.11;0.59;0.51;318188
35;23;7.16;4.71;0.72;0.47;318301
24;23;4.91;4.71;0.49;0.47;318414
25;23;5.11;4.71;0.51;0.47;318527
21;25;4.3;5.11;0.43;0.51;318640
13;35;2.66;7.16;0.27;0.72;318753
13;34;2.66;6.96;0.27;0.7;318866
13;34;2.66;6.96;0.27;0.7;318979
13;34;2.66;6.96;0.27;0.7;319092
20;34;4.09;6.96;0.41;0.7;319214
35;16;7.16;3.27;0.72;0.33;319327
31;20;6.34;4.09;0.63;0.41;319442
14;35;2.86;7.16;0.29;0.72;319555
26;26;5.32;5.32;0.53;0.53;319668
25;23;5.11;4.71;0.51;0.47;319781
24;24;4.91;4.91;0.49;0.49;319894
26;25;5.32;5.11;0.53;0.51;320007
24;25;4.91;5.11;0.49;0.51;320120
27;26;5.52;5.32;0.55;0.53;320242
25;24;5.11;4.91;0.51;0.49;320355
23;24;4.71;4.91;0.47;0.49;320468
23;24;4.71;4.91;0.47;0.49;320581
25;25;5.11;5.11;0.51;0.51;320694
23;24;4.71;4.91;0.47;0.49;320806
25;26;5.11;5.32;0.51;0.53;320928
25;25;5.11;5.11;0.51;0.51;321041
24;25;4.91;5.11;0.49;0.51;321156
24;25;4.91;5.11;0.49;0.51;321271
24;25;4.91;5.11;0.49;0.51;321384
24;24;4.91;4.91;0.49;0.49;321497
22;24;4.5;4.91;0.45;0.49;321610
23;24;4.71;4.91;0.47;0.49;321723
25;24;5.11;4.91;0.51;0.49;321836
26;25;5.32;5.11;0.53;0.51;321949
23;24;4.71;4.91;0.47;0.49;322062
23;25;4.71;5.11;0.47;0.51;322175
24;25;4.91;5.11;0.49;0.51;322290
24;24;4.91;4.91;0.49;0.49;322403
24;25;4.91;5.11;0.49;0.51;322516
24;24;4.91;4.91;0.49;0.49;322629
25;24;5.11;4.91;0.51;0.49;322742
23;25;4.71;5.11;0.47;0.51;322857
23;24;4.71;4.91;0.47;0.49;322970
23;23;4.71;4.71;0.47;0.47;323083
24;24;4.91;4.91;0.49;0.49;323197
24;24;4.91;4.91;0.49;0.49;323312
24;24;4.91;4.91;0.49;0.49;323425
24;24;4.91;4.91;0.49;0.49;323538
25;24;5.11;4.91;0.51;0.49;323651
19;30;3.89;6.14;0.39;0.61;323764
7;42;1.43;8.59;0.14;0.86;323877
38;15;7.77;3.07;0.78;0.31;323990
31;18;6.34;3.68;0.63;0.37;324103
23;23;4.71;4.71;0.47;0.47;324216
24;25;4.91;5.11;0.49;0.51;324331
23;24;4.71;4.91;0.47;0.49;324444
25;24;5.11;4.91;0.51;0.49;324559
26;24;5.32;4.91;0.53;0.49;324672
24;24;4.91;4.91;0.49;0.49;324785
26;24;5.32;4.91;0.53;0.49;324898
25;24;5.11;4.91;0.51;0.49;325011
26;24;5.32;4.91;0.53;0.49;325124
31;19;6.34;3.89;0.63;0.39;325237
37;15;7.57;3.07;0.76;0.31;325359
34;13;6.96;2.66;0.7;0.27;325472
35;24;7.16;4.91;0.72;0.49;325609
19;35;3.89;7.16;0.39;0.72;325722
43;23;8.8;4.71;0.88;0.47;325835
33;25;6.75;5.11;0.68;0.51;325948
20;40;4.09;8.18;0.41;0.82;326061
50;11;10.23;2.25;1.02;0.23;326174
27;23;5.52;4.71;0.55;0.47;326289
25;27;5.11;5.52;0.51;0.55;326411
25;24;5.11;4.91;0.51;0.49;326524
24;24;4.91;4.91;0.49;0.49;326637
25;24;5.11;4.91;0.51;0.49;326750
21;35;4.3;7.16;0.43;0.72;326863
43;24;8.8;4.91;0.88;0.49;326976
40;14;8.18;2.86;0.82;0.29;327089
24;25;4.91;5.11;0.49;0.51;327202
22;25;4.5;5.11;0.45;0.51;327315
24;24;4.91;4.91;0.49;0.49;327430
24;24;4.91;4.91;0.49;0.49;327543
25;23;5.11;4.71;0.51;0.47;327656
26;23;5.32;4.71;0.53;0.47;327769
25;25;5.11;5.11;0.51;0.51;327882
25;24;5.11;4.91;0.51;0.49;327997
25;23;5.11;4.71;0.51;0.47;328110
25;23;5.11;4.71;0.51;0.47;328223
24;23;4.91;4.71;0.49;0.47;328335
25;24;5.11;4.91;0.51;0.49;328450
25;23;5.11;4.71;0.51;0.47;328563
25;24;5.11;4.91;0.51;0.49;328676
25;23;5.11;4.71;0.51;0.47;328788
25;24;5.11;4.91;0.51;0.49;328901
26;23;5.32;4.71;0.53;0.47;329013
25;24;5.11;4.91;0.51;0.49;329126
25;22;5.11;4.5;0.51;0.45;329238
24;24;4.91;4.91;0.49;0.49;329351
27;23;5.52;4.71;0.55;0.47;329466
25;24;5.11;4.91;0.51;0.49;329579
27;24;5.52;4.91;0.55;0.49;329694
25;23;5.11;4.71;0.51;0.47;329807
25;23;5.11;4.71;0.51;0.47;329919
25;23;5.11;4.71;0.51;0.47;330032
25;22;5.11;4.5;0.51;0.45;330144
24;23;4.91;4.71;0.49;0.47;330256
27;25;5.52;5.11;0.55;0.51;330378
25;24;5.11;4.91;0.51;0.49;330493
25;23;5.11;4.71;0.51;0.47;330606
24;24;4.91;4.91;0.49;0.49;330719
25;23;5.11;4.71;0.51;0.47;330831
27;24;5.52;4.91;0.55;0.49;330944
28;23;5.73;4.71;0.57;0.47;331056
25;24;5.11;4.91;0.51;0.49;331169
25;23;5.11;4.71;0.51;0.47;331281
26;24;5.32;4.91;0.53;0.49;331396
26;24;5.32;4.91;0.53;0.49;331511
27;24;5.52;4.91;0.55;0.49;331624
24;24;4.91;4.91;0.49;0.49;331737
27;25;5.52;5.11;0.55;0.51;331855
24;24;4.91;4.91;0.49;0.49;331967
25;23;5.11;4.71;0.51;0.47;332080
24;24;4.91;4.91;0.49;0.49;332192
25;23;5.11;4.71;0.51;0.47;332305
24;23;4.91;4.71;0.49;0.47;332417
24;24;4.91;4.91;0.49;0.49;332532
27;24;5.52;4.91;0.55;0.49;332645
24;24;4.91;4.91;0.49;0.49;332758
26;23;5.32;4.71;0.53;0.47;332870
26;24;5.32;4.91;0.53;0.49;332983
24;25;4.91;5.11;0.49;0.51;333098
25;24;5.11;4.91;0.51;0.49;333211
24;23;4.91;4.71;0.49;0.47;333323
23;24;4.71;4.91;0.47;0.49;333436
28;25;5.73;5.11;0.57;0.51;333551
25;24;5.11;4.91;0.51;0.49;333664
24;24;4.91;4.91;0.49;0.49;333777
25;24;5.11;4.91;0.51;0.49;333890
23;23;4.71;4.71;0.47;0.47;334002
25;24;5.11;4.91;0.51;0.49;334115
25;25;5.11;5.11;0.51;0.51;334227
25;24;5.11;4.91;0.51;0.49;334340
23;23;4.71;4.71;0.47;0.47;334452
32;24;6.55;4.91;0.65;0.49;334567
24;24;4.91;4.91;0.49;0.49;334680
24;24;4.91;4.91;0.49;0.49;334793
24;24;4.91;4.91;0.49;0.49;334904
26;24;5.32;4.91;0.53;0.49;335016
24;22;4.91;4.5;0.49;0.45;335124
31;30;6.34;6.14;0.63;0.61;335263
26;23;5.32;4.71;0.53;0.47;335375
24;25;4.91;5.11;0.49;0.51;335488
29;24;5.93;4.91;0.59;0.49;335603
24;24;4.91;4.91;0.49;0.49;335716
24;25;4.91;5.11;0.49;0.51;335829
25;23;5.11;4.71;0.51;0.47;335942
24;24;4.91;4.91;0.49;0.49;336054
26;23;5.32;4.71;0.53;0.47;336167
25;22;5.11;4.5;0.51;0.45;336279
25;23;5.11;4.71;0.51;0.47;336392
28;22;5.73;4.5;0.57;0.45;336504
28;24;5.73;4.91;0.57;0.49;336621
26;23;5.32;4.71;0.53;0.47;336734
28;22;5.73;4.5;0.57;0.45;336847
25;23;5.11;4.71;0.51;0.47;336959
28;23;5.73;4.71;0.57;0.47;337072
27;22;5.52;4.5;0.55;0.45;337184
26;23;5.32;4.71;0.53;0.47;337297
25;21;5.11;4.3;0.51;0.43;337409
27;22;5.52;4.5;0.55;0.45;337522
25;22;5.11;4.5;0.51;0.45;337637
25;22;5.11;4.5;0.51;0.45;337750
25;23;5.11;4.71;0.51;0.47;337862
25;23;5.11;4.71;0.51;0.47;337975
25;23;5.11;4.71;0.51;0.47;338087
24;23;4.91;4.71;0.49;0.47;338200
26;24;5.32;4.91;0.53;0.49;338315
27;22;5.52;4.5;0.55;0.45;338428
25;23;5.11;4.71;0.51;0.47;338540
25;22;5.11;4.5;0.51;0.45;338655
27;23;5.52;4.71;0.55;0.47;338768
29;23;5.93;4.71;0.59;0.47;338881
27;23;5.52;4.71;0.55;0.47;338993
26;22;5.32;4.5;0.53;0.45;339106
26;23;5.32;4.71;0.53;0.47;339218
25;23;5.11;4.71;0.51;0.47;339330
24;24;4.91;4.91;0.49;0.49;339442
25;25;5.11;5.11;0.51;0.51;339557
24;25;4.91;5.11;0.49;0.51;339672
24;24;4.91;4.91;0.49;0.49;339785
24;24;4.91;4.91;0.49;0.49;339897
24;25;4.91;5.11;0.49;0.51;340012
24;25;4.91;5.11;0.49;0.51;340126
23;24;4.71;4.91;0.47;0.49;340239
25;21;5.11;4.3;0.51;0.43;340351
33;12;6.75;2.45;0.68;0.25;340464
33;15;6.75;3.07;0.68;0.31;340576
25;22;5.11;4.5;0.51;0.45;340691
23;24;4.71;4.91;0.47;0.49;340804
24;23;4.91;4.71;0.49;0.47;340917
24;23;4.91;4.71;0.49;0.47;341029
24;24;4.91;4.91;0.49;0.49;341142
28;19;5.73;3.89;0.57;0.39;341254
22;23;4.5;4.71;0.45;0.47;341367
22;25;4.5;5.11;0.45;0.51;341479
24;23;4.91;4.71;0.49;0.47;341592
25;24;5.11;4.91;0.51;0.49;341711
24;24;4.91;4.91;0.49;0.49;341824
24;23;4.91;4.71;0.49;0.47;341937
24;24;4.91;4.91;0.49;0.49;342049
24;24;4.91;4.91;0.49;0.49;342161
27;21;5.52;4.3;0.55;0.43;342273
32;16;6.55;3.27;0.65;0.33;342385
23;25;4.71;5.11;0.47;0.51;342498
30;20;6.14;4.09;0.61;0.41;342610
25;25;5.11;5.11;0.51;0.51;342725
24;24;4.91;4.91;0.49;0.49;342838
24;23;4.91;4.71;0.49;0.47;342950
24;23;4.91;4.71;0.49;0.47;343062
32;15;6.55;3.07;0.65;0.31;343174
31;16;6.34;3.27;0.63;0.33;343286
22;25;4.5;5.11;0.45;0.51;343401
21;27;4.3;5.52;0.43;0.55;343513
24;26;4.91;5.32;0.49;0.53;343625
39;14;7.98;2.86;0.8;0.29;343746
20;32;4.09;6.55;0.41;0.65;343859
35;17;7.16;3.48;0.72;0.35;343971
27;20;5.52;4.09;0.55;0.41;344083
27;27;5.52;5.52;0.55;0.55;344214
25;23;5.11;4.71;0.51;0.47;344326
25;23;5.11;4.71;0.51;0.47;344438
24;22;4.91;4.5;0.49;0.45;344550
25;23;5.11;4.71;0.51;0.47;344662
26;24;5.32;4.91;0.53;0.49;344783
26;23;5.32;4.71;0.53;0.47;344897
22;26;4.5;5.32;0.45;0.53;345010
16;33;3.27;6.75;0.33;0.68;345125
22;26;4.5;5.32;0.45;0.53;345237
16;31;3.27;6.34;0.33;0.63;345349
23;26;4.71;5.32;0.47;0.53;345461
16;32;3.27;6.55;0.33;0.65;345573
18;30;3.68;6.14;0.37;0.61;345685
15;36;3.07;7.36;0.31;0.74;345806
14;33;2.86;6.75;0.29;0.68;345919
13;33;2.66;6.75;0.27;0.68;346032
19;32;3.89;6.55;0.39;0.65;346144
27;24;5.52;4.91;0.55;0.49;346256
26;22;5.32;4.5;0.53;0.45;346368
27;24;5.52;4.91;0.55;0.49;346480
27;22;5.52;4.5;0.55;0.45;346592
27;24;5.52;4.91;0.55;0.49;346704
30;25;6.14;5.11;0.61;0.51;346828
29;23;5.93;4.71;0.59;0.47;346941
26;23;5.32;4.71;0.53;0.47;347054
27;23;5.52;4.71;0.55;0.47;347166
27;22;5.52;4.5;0.55;0.45;347278
27;22;5.52;4.5;0.55;0.45;347390
26;22;5.32;4.5;0.53;0.45;347502
26;23;5.32;4.71;0.53;0.47;347614
27;22;5.52;4.5;0.55;0.45;347726
30;23;6.14;4.71;0.61;0.47;347841
29;22;5.93;4.5;0.59;0.45;347954
26;23;5.32;4.71;0.53;0.47;348066
26;22;5.32;4.5;0.53;0.45;348178
26;21;5.32;4.3;0.53;0.43;348290
26;21;5.32;4.3;0.53;0.43;348402
26;22;5.32;4.5;0.53;0.45;348517
27;20;5.52;4.09;0.55;0.41;348629
26;22;5.32;4.5;0.53;0.45;348741
25;23;5.11;4.71;0.51;0.47;348856
31;27;6.34;5.52;0.63;0.55;348994
26;23;5.32;4.71;0.53;0.47;349106
26;22;5.32;4.5;0.53;0.45;349218
27;21;5.52;4.3;0.55;0.43;349330
34;15;6.96;3.07;0.7;0.31;349442
31;14;6.34;2.86;0.63;0.29;349554
35;12;7.16;2.45;0.72;0.25;349666
34;11;6.96;2.25;0.7;0.23;349778
38;15;7.77;3.07;0.78;0.31;349900
31;16;6.34;3.27;0.63;0.33;350013
34;14;6.96;2.86;0.7;0.29;350125
31;17;6.34;3.48;0.63;0.35;350240
33;14;6.75;2.86;0.68;0.29;350352
24;22;4.91;4.5;0.49;0.45;350464
25;23;5.11;4.71;0.51;0.47;350576
28;21;5.73;4.3;0.57;0.43;350688
31;15;6.34;3.07;0.63;0.31;350800
31;23;6.34;4.71;0.63;0.47;350922
38;16;7.77;3.27;0.78;0.33;351035
33;15;6.75;3.07;0.68;0.31;351148
23;23;4.71;4.71;0.47;0.47;351260
23;23;4.71;4.71;0.47;0.47;351372
25;22;5.11;4.5;0.51;0.45;351484
24;20;4.91;4.09;0.49;0.41;351596
35;11;7.16;2.25;0.72;0.23;351708
35;8;7.16;1.64;0.72;0.16;351820
34;12;6.96;2.45;0.7;0.25;351944
32;19;6.55;3.89;0.65;0.39;352057
25;23;5.11;4.71;0.51;0.47;352169
25;23;5.11;4.71;0.51;0.47;352281
23;23;4.71;4.71;0.47;0.47;352393
24;23;4.91;4.71;0.49;0.47;352505
25;23;5.11;4.71;0.51;0.47;352617
24;23;4.91;4.71;0.49;0.47;352729
26;23;5.32;4.71;0.53;0.47;352841
26;25;5.32;5.11;0.53;0.51;352963
26;24;5.32;4.91;0.53;0.49;353076
26;23;5.32;4.71;0.53;0.47;353189
26;21;5.32;4.3;0.53;0.43;353301
34;14;6.96;2.86;0.7;0.29;353413
29;21;5.93;4.3;0.59;0.43;353525
37;18;7.57;3.68;0.76;0.37;353649
32;17;6.55;3.48;0.65;0.35;353761
23;25;4.71;5.11;0.47;0.51;353873
24;25;4.91;5.11;0.49;0.51;353990
26;23;5.32;4.71;0.53;0.47;354103
27;23;5.52;4.71;0.55;0.47;354215
26;22;5.32;4.5;0.53;0.45;354327
26;22;5.32;4.5;0.53;0.45;354439
22;21;4.5;4.3;0.45;0.43;354551
25;21;5.11;4.3;0.51;0.43;354663
21;29;4.3;5.93;0.43;0.59;354775
21;28;4.3;5.73;0.43;0.57;354887
27;24;5.52;4.91;0.55;0.49;355002
25;24;5.11;4.91;0.51;0.49;355115
24;23;4.91;4.71;0.49;0.47;355227
24;24;4.91;4.91;0.49;0.49;355341
24;24;4.91;4.91;0.49;0.49;355453
24;23;4.91;4.71;0.49;0.47;355565
23;23;4.71;4.71;0.47;0.47;355677
24;23;4.91;4.71;0.49;0.47;355789
23;23;4.71;4.71;0.47;0.47;355901
22;27;4.5;5.52;0.45;0.55;356016
12;34;2.45;6.96;0.25;0.7;356129
14;34;2.86;6.96;0.29;0.7;356241
21;26;4.3;5.32;0.43;0.53;356353
21;26;4.3;5.32;0.43;0.53;356465
15;32;3.07;6.55;0.31;0.65;356577
22;26;4.5;5.32;0.45;0.53;356689
21;27;4.3;5.52;0.43;0.55;356801
22;24;4.5;4.91;0.45;0.49;356913
27;24;5.52;4.91;0.55;0.49;357030
23;24;4.71;4.91;0.47;0.49;357143
29;22;5.93;4.5;0.59;0.45;357256
36;14;7.36;2.86;0.74;0.29;357369
26;21;5.32;4.3;0.53;0.43;357482
17;32;3.48;6.55;0.35;0.65;357596
21;29;4.3;5.93;0.43;0.59;357709
25;24;5.11;4.91;0.51;0.49;357822
27;25;5.52;5.11;0.55;0.51;357935
26;25;5.32;5.11;0.53;0.51;358052
24;24;4.91;4.91;0.49;0.49;358165
23;24;4.71;4.91;0.47;0.49;358278
30;28;6.14;5.73;0.61;0.57;358416
24;24;4.91;4.91;0.49;0.49;358529
24;23;4.91;4.71;0.49;0.47;358642
24;24;4.91;4.91;0.49;0.49;358757
24;24;4.91;4.91;0.49;0.49;358870
29;20;5.93;4.09;0.59;0.41;358983
40;13;8.18;2.66;0.82;0.27;359105
36;13;7.36;2.66;0.74;0.27;359218
33;15;6.75;3.07;0.68;0.31;359331
34;14;6.96;2.86;0.7;0.29;359444
32;14;6.55;2.86;0.65;0.29;359557
28;21;5.73;4.3;0.57;0.43;359670
25;25;5.11;5.11;0.51;0.51;359783
24;24;4.91;4.91;0.49;0.49;359896
24;23;4.91;4.71;0.49;0.47;360009
27;25;5.52;5.11;0.55;0.51;360131
24;24;4.91;4.91;0.49;0.49;360244
25;23;5.11;4.71;0.51;0.47;360357
24;23;4.91;4.71;0.49;0.47;360472
24;23;4.91;4.71;0.49;0.47;360585
25;23;5.11;4.71;0.51;0.47;360698
23;23;4.71;4.71;0.47;0.47;360811
24;22;4.91;4.5;0.49;0.45;360924
23;22;4.71;4.5;0.47;0.45;361037
25;24;5.11;4.91;0.51;0.49;361152
24;23;4.91;4.71;0.49;0.47;361265
23;23;4.71;4.71;0.47;0.47;361378
25;21;5.11;4.3;0.51;0.43;361491
24;23;4.91;4.71;0.49;0.47;361604
25;22;5.11;4.5;0.51;0.45;361717
23;23;4.71;4.71;0.47;0.47;361830
25;23;5.11;4.71;0.51;0.47;361943
24;23;4.91;4.71;0.49;0.47;362056
27;22;5.52;4.5;0.55;0.45;362173
24;24;4.91;4.91;0.49;0.49;362286
25;23;5.11;4.71;0.51;0.47;362399
27;23;5.52;4.71;0.55;0.47;362512
27;25;5.52;5.11;0.55;0.51;362625
25;23;5.11;4.71;0.51;0.47;362738
26;23;5.32;4.71;0.53;0.47;362851
25;23;5.11;4.71;0.51;0.47;362964
23;24;4.71;4.91;0.47;0.49;363077
26;23;5.32;4.71;0.53;0.47;363194
17;34;3.48;6.96;0.35;0.7;363307
19;29;3.89;5.93;0.39;0.59;363420
21;28;4.3;5.73;0.43;0.57;363533
27;24;5.52;4.91;0.55;0.49;363646
27;24;5.52;4.91;0.55;0.49;363759
24;24;4.91;4.91;0.49;0.49;363872
24;24;4.91;4.91;0.49;0.49;363987
24;24;4.91;4.91;0.49;0.49;364100
21;31;4.3;6.34;0.43;0.63;364222
24;25;4.91;5.11;0.49;0.51;364335
24;24;4.91;4.91;0.49;0.49;364448
25;24;5.11;4.91;0.51;0.49;364561
24;24;4.91;4.91;0.49;0.49;364674
24;24;4.91;4.91;0.49;0.49;364787
23;24;4.71;4.91;0.47;0.49;364900
23;23;4.71;4.71;0.47;0.47;365013
26;24;5.32;4.91;0.53;0.49;365126
25;26;5.11;5.32;0.51;0.53;365248
23;24;4.71;4.91;0.47;0.49;365361
23;24;4.71;4.91;0.47;0.49;365474
23;25;4.71;5.11;0.47;0.51;365587
23;24;4.71;4.91;0.47;0.49;365702
24;24;4.91;4.91;0.49;0.49;365815
24;24;4.91;4.91;0.49;0.49;365928
23;24;4.71;4.91;0.47;0.49;366041
23;24;4.71;4.91;0.47;0.49;366154
25;25;5.11;5.11;0.51;0.51;366275
24;25;4.91;5.11;0.49;0.51;366388
25;24;5.11;4.91;0.51;0.49;366501
23;23;4.71;4.71;0.47;0.47;366614
24;24;4.91;4.91;0.49;0.49;366727
23;23;4.71;4.71;0.47;0.47;366840
24;24;4.91;4.91;0.49;0.49;366953
23;24;4.71;4.91;0.47;0.49;367066
24;24;4.91;4.91;0.49;0.49;367179
23;24;4.71;4.91;0.47;0.49;367294
24;23;4.91;4.71;0.49;0.47;367409
22;26;4.5;5.32;0.45;0.53;367522
14;33;2.86;6.75;0.29;0.68;367635
15;32;3.07;6.55;0.31;0.65;367748
27;30;5.52;6.14;0.55;0.61;367886
23;24;4.71;4.91;0.47;0.49;367999
23;25;4.71;5.11;0.47;0.51;368112
24;25;4.91;5.11;0.49;0.51;368225
23;25;4.71;5.11;0.47;0.51;368340
24;24;4.91;4.91;0.49;0.49;368453
23;25;4.71;5.11;0.47;0.51;368566
25;25;5.11;5.11;0.51;0.51;368679
25;24;5.11;4.91;0.51;0.49;368792
24;24;4.91;4.91;0.49;0.49;368905
24;26;4.91;5.32;0.49;0.53;369018
24;24;4.91;4.91;0.49;0.49;369133
24;25;4.91;5.11;0.49;0.51;369246
24;25;4.91;5.11;0.49;0.51;369361
23;25;4.71;5.11;0.47;0.51;369474
24;24;4.91;4.91;0.49;0.49;369587
22;24;4.5;4.91;0.45;0.49;369700
23;24;4.71;4.91;0.47;0.49;369813
23;24;4.71;4.91;0.47;0.49;369926
23;23;4.71;4.71;0.47;0.47;370039
23;24;4.71;4.91;0.47;0.49;370152
23;23;4.71;4.71;0.47;0.47;370265
24;25;4.91;5.11;0.49;0.51;370380
24;25;4.91;5.11;0.49;0.51;370493
24;24;4.91;4.91;0.49;0.49;370606
23;25;4.71;5.11;0.47;0.51;370719
24;24;4.91;4.91;0.49;0.49;370834
24;24;4.91;4.91;0.49;0.49;370947
24;24;4.91;4.91;0.49;0.49;371060
24;24;4.91;4.91;0.49;0.49;371173
23;24;4.71;4.91;0.47;0.49;371286
25;24;5.11;4.91;0.51;0.49;371401
23;24;4.71;4.91;0.47;0.49;371514
24;23;4.91;4.71;0.49;0.47;371627
24;23;4.91;4.71;0.49;0.47;371740
23;25;4.71;5.11;0.47;0.51;371853
23;23;4.71;4.71;0.47;0.47;371966
23;24;4.71;4.91;0.47;0.49;372079
23;24;4.71;4.91;0.47;0.49;372192
23;24;4.71;4.91;0.47;0.49;372305
23;24;4.71;4.91;0.47;0.49;372420
23;24;4.71;4.91;0.47;0.49;372535
26;25;5.32;5.11;0.53;0.51;372657
23;24;4.71;4.91;0.47;0.49;372770
24;24;4.91;4.91;0.49;0.49;372883
23;24;4.71;4.91;0.47;0.49;372996
24;24;4.91;4.91;0.49;0.49;373109
23;24;4.71;4.91;0.47;0.49;373222
24;24;4.91;4.91;0.49;0.49;373335
24;24;4.91;4.91;0.49;0.49;373450
25;24;5.11;4.91;0.51;0.49;373563
24;24;4.91;4.91;0.49;0.49;373676
24;24;4.91;4.91;0.49;0.49;373789
23;23;4.71;4.71;0.47;0.47;373902
24;24;4.91;4.91;0.49;0.49;374015
25;24;5.11;4.91;0.51;0.49;374128
24;24;4.91;4.91;0.49;0.49;374243
23;24;4.71;4.91;0.47;0.49;374356
24;24;4.91;4.91;0.49;0.49;374471
23;24;4.71;4.91;0.47;0.49;374584
23;24;4.71;4.91;0.47;0.49;374697
25;24;5.11;4.91;0.51;0.49;374815
23;24;4.71;4.91;0.47;0.49;374928
22;22;4.5;4.5;0.45;0.45;375041
24;23;4.91;4.71;0.49;0.47;375154
23;24;4.71;4.91;0.47;0.49;375267
23;23;4.71;4.71;0.47;0.47;375380
23;25;4.71;5.11;0.47;0.51;375495
24;23;4.91;4.71;0.49;0.47;375608
24;24;4.91;4.91;0.49;0.49;375721
24;23;4.91;4.71;0.49;0.47;375834
24;24;4.91;4.91;0.49;0.49;375949
24;24;4.91;4.91;0.49;0.49;376062
23;23;4.71;4.71;0.47;0.47;376175
23;23;4.71;4.71;0.47;0.47;376288
23;24;4.71;4.91;0.47;0.49;376401
24;23;4.91;4.71;0.49;0.47;376516
24;24;4.91;4.91;0.49;0.49;376629
34;15;6.96;3.07;0.7;0.31;376742
34;13;6.96;2.66;0.7;0.27;376855
32;13;6.55;2.66;0.65;0.27;376968
31;14;6.34;2.86;0.63;0.29;377081
26;20;5.32;4.09;0.53;0.41;377194
22;24;4.5;4.91;0.45;0.49;377307
29;29;5.93;5.93;0.59;0.59;377445
24;24;4.91;4.91;0.49;0.49;377560
24;22;4.91;4.5;0.49;0.45;377675
23;22;4.71;4.5;0.47;0.45;377788
23;21;4.71;4.3;0.47;0.43;377901
22;21;4.5;4.3;0.45;0.43;378014
22;21;4.5;4.3;0.45;0.43;378127
24;23;4.91;4.71;0.49;0.47;378240
23;22;4.71;4.5;0.47;0.45;378353
24;23;4.91;4.71;0.49;0.47;378466
24;23;4.91;4.71;0.49;0.47;378581
24;23;4.91;4.71;0.49;0.47;378694
24;23;4.91;4.71;0.49;0.47;378807
23;23;4.71;4.71;0.47;0.47;378920
24;23;4.91;4.71;0.49;0.47;379033
24;24;4.91;4.91;0.49;0.49;379146
24;23;4.91;4.71;0.49;0.47;379259
24;24;4.91;4.91;0.49;0.49;379374
26;22;5.32;4.5;0.53;0.45;379487
33;17;6.75;3.48;0.68;0.35;379609
25;22;5.11;4.5;0.51;0.45;379722
24;24;4.91;4.91;0.49;0.49;379835
23;23;4.71;4.71;0.47;0.47;379948
24;23;4.91;4.71;0.49;0.47;380061
24;23;4.91;4.71;0.49;0.47;380174
23;23;4.71;4.71;0.47;0.47;380287
25;22;5.11;4.5;0.51;0.45;380400
23;23;4.71;4.71;0.47;0.47;380513
26;24;5.32;4.91;0.53;0.49;380635
23;21;4.71;4.3;0.47;0.43;380748
23;22;4.71;4.5;0.47;0.45;380861
24;23;4.91;4.71;0.49;0.47;380974
24;23;4.91;4.71;0.49;0.47;381089
23;23;4.71;4.71;0.47;0.47;381202
24;23;4.91;4.71;0.49;0.47;381315
23;23;4.71;4.71;0.47;0.47;381428
24;23;4.91;4.71;0.49;0.47;381541
24;23;4.91;4.71;0.49;0.47;381656
24;23;4.91;4.71;0.49;0.47;381769
24;22;4.91;4.5;0.49;0.45;381882
23;22;4.71;4.5;0.47;0.45;381994
26;25;5.32;5.11;0.53;0.51;382116
23;23;4.71;4.71;0.47;0.47;382229
24;23;4.91;4.71;0.49;0.47;382342
24;22;4.91;4.5;0.49;0.45;382455
24;23;4.91;4.71;0.49;0.47;382568
24;23;4.91;4.71;0.49;0.47;382683
25;23;5.11;4.71;0.51;0.47;382799
24;24;4.91;4.91;0.49;0.49;382912
23;23;4.71;4.71;0.47;0.47;383025
24;22;4.91;4.5;0.49;0.45;383137
24;23;4.91;4.71;0.49;0.47;383250
24;23;4.91;4.71;0.49;0.47;383364
24;22;4.91;4.5;0.49;0.45;383477
24;23;4.91;4.71;0.49;0.47;383589
18;35;3.68;7.16;0.37;0.72;383711
23;26;4.71;5.32;0.47;0.53;383824
23;24;4.71;4.91;0.47;0.49;383937
23;23;4.71;4.71;0.47;0.47;384049
23;24;4.71;4.91;0.47;0.49;384162
23;23;4.71;4.71;0.47;0.47;384274
24;24;4.91;4.91;0.49;0.49;384387
24;24;4.91;4.91;0.49;0.49;384502
24;23;4.91;4.71;0.49;0.47;384615
26;23;5.32;4.71;0.53;0.47;384737
25;21;5.11;4.3;0.51;0.43;384850
25;22;5.11;4.5;0.51;0.45;384963
23;23;4.71;4.71;0.47;0.47;385076
24;23;4.91;4.71;0.49;0.47;385188
23;23;4.71;4.71;0.47;0.47;385301
24;24;4.91;4.91;0.49;0.49;385413
23;24;4.71;4.91;0.47;0.49;385526
23;23;4.71;4.71;0.47;0.47;385638
24;25;4.91;5.11;0.49;0.51;385753
23;23;4.71;4.71;0.47;0.47;385866
24;24;4.91;4.91;0.49;0.49;385979
23;23;4.71;4.71;0.47;0.47;386091
23;24;4.71;4.91;0.47;0.49;386206
23;25;4.71;5.11;0.47;0.51;386318
23;24;4.71;4.91;0.47;0.49;386431
22;23;4.5;4.71;0.45;0.47;386543
23;24;4.71;4.91;0.47;0.49;386656
24;24;4.91;4.91;0.49;0.49;386771
36;38;7.36;7.77;0.74;0.78;386952
23;24;4.71;4.91;0.47;0.49;387065
23;24;4.71;4.91;0.47;0.49;387178
23;24;4.71;4.91;0.47;0.49;387291
22;24;4.5;4.91;0.45;0.49;387404
23;23;4.71;4.71;0.47;0.47;387517
22;24;4.5;4.91;0.45;0.49;387630
24;23;4.91;4.71;0.49;0.47;387746
31;32;6.34;6.55;0.63;0.65;387901
24;24;4.91;4.91;0.49;0.49;388016
23;24;4.71;4.91;0.47;0.49;388129
24;24;4.91;4.91;0.49;0.49;388242
23;23;4.71;4.71;0.47;0.47;388355
23;24;4.71;4.91;0.47;0.49;388468
23;24;4.71;4.91;0.47;0.49;388581
23;23;4.71;4.71;0.47;0.47;388694
28;29;5.73;5.93;0.57;0.59;388832
23;26;4.71;5.32;0.47;0.53;388947
23;24;4.71;4.91;0.47;0.49;389062
24;24;4.91;4.91;0.49;0.49;389177
24;25;4.91;5.11;0.49;0.51;389293
23;24;4.71;4.91;0.47;0.49;389407
24;24;4.91;4.91;0.49;0.49;389523
24;25;4.91;5.11;0.49;0.51;389640
30;23;6.14;4.71;0.61;0.47;389761
43;11;8.8;2.25;0.88;0.23;389888
36;12;7.36;2.45;0.74;0.25;390007
35;13;7.16;2.66;0.72;0.27;390126
35;13;7.16;2.66;0.72;0.27;390243
29;20;5.93;4.09;0.59;0.41;390362
25;25;5.11;5.11;0.51;0.51;390481
25;24;5.11;4.91;0.51;0.49;390598
25;24;5.11;4.91;0.51;0.49;390717
26;24;5.32;4.91;0.53;0.49;390836
27;25;5.52;5.11;0.55;0.51;390963
26;24;5.32;4.91;0.53;0.49;391082
25;24;5.11;4.91;0.51;0.49;391201
25;24;5.11;4.91;0.51;0.49;391318
25;24;5.11;4.91;0.51;0.49;391437
31;19;6.34;3.89;0.63;0.39;391559
34;15;6.96;3.07;0.7;0.31;391678
27;25;5.52;5.11;0.55;0.51;391802
25;25;5.11;5.11;0.51;0.51;391924
30;26;6.14;5.32;0.61;0.53;392057
32;16;6.55;3.27;0.65;0.33;392174
27;25;5.52;5.11;0.55;0.51;392298
24;24;4.91;4.91;0.49;0.49;392417
24;24;4.91;4.91;0.49;0.49;392534
25;24;5.11;4.91;0.51;0.49;392653
24;22;4.91;4.5;0.49;0.45;392772
24;23;4.91;4.71;0.49;0.47;392889
24;24;4.91;4.91;0.49;0.49;393010
26;24;5.32;4.91;0.53;0.49;393130
25;24;5.11;4.91;0.51;0.49;393247
25;24;5.11;4.91;0.51;0.49;393366
25;24;5.11;4.91;0.51;0.49;393488
25;22;5.11;4.5;0.51;0.45;393607
26;25;5.32;5.11;0.53;0.51;393724
25;25;5.11;5.11;0.51;0.51;393843
25;25;5.11;5.11;0.51;0.51;393965
25;23;5.11;4.71;0.51;0.47;394083
24;24;4.91;4.91;0.49;0.49;394202
25;24;5.11;4.91;0.51;0.49;394321
24;23;4.91;4.71;0.49;0.47;394438
27;26;5.52;5.32;0.55;0.53;394571
26;24;5.32;4.91;0.53;0.49;394690
24;24;4.91;4.91;0.49;0.49;394807
26;24;5.32;4.91;0.53;0.49;394926
25;25;5.11;5.11;0.51;0.51;395047
25;24;5.11;4.91;0.51;0.49;395165
25;24;5.11;4.91;0.51;0.49;395287
25;25;5.11;5.11;0.51;0.51;395406
24;23;4.91;4.71;0.49;0.47;395525
24;23;4.91;4.71;0.49;0.47;395642
25;23;5.11;4.71;0.51;0.47;395761
25;22;5.11;4.5;0.51;0.45;395880
24;21;4.91;4.3;0.49;0.43;395997
27;24;5.52;4.91;0.55;0.49;396118
26;23;5.32;4.71;0.53;0.47;396238
24;23;4.91;4.71;0.49;0.47;396355
25;24;5.11;4.91;0.51;0.49;396474
25;23;5.11;4.71;0.51;0.47;396593
25;24;5.11;4.91;0.51;0.49;396710
28;28;5.73;5.73;0.57;0.57;396846
25;25;5.11;5.11;0.51;0.51;396971
28;28;5.73;5.73;0.57;0.57;397105
24;25;4.91;5.11;0.49;0.51;397223
24;25;4.91;5.11;0.49;0.51;397342
24;24;4.91;4.91;0.49;0.49;397461
24;24;4.91;4.91;0.49;0.49;397578
25;25;5.11;5.11;0.51;0.51;397697
24;25;4.91;5.11;0.49;0.51;397816
24;24;4.91;4.91;0.49;0.49;397933
24;24;4.91;4.91;0.49;0.49;398052
25;25;5.11;5.11;0.51;0.51;398174
24;24;4.91;4.91;0.49;0.49;398292
24;24;4.91;4.91;0.49;0.49;398411
24;25;4.91;5.11;0.49;0.51;398530
24;24;4.91;4.91;0.49;0.49;398647
23;24;4.71;4.91;0.47;0.49;398766
23;25;4.71;5.11;0.47;0.51;398888
24;24;4.91;4.91;0.49;0.49;399008
24;24;4.91;4.91;0.49;0.49;399128
24;25;4.91;5.11;0.49;0.51;399247
24;25;4.91;5.11;0.49;0.51;399366
24;24;4.91;4.91;0.49;0.49;399483
26;26;5.32;5.32;0.53;0.53;399615
24;24;4.91;4.91;0.49;0.49;399735
25;24;5.11;4.91;0.51;0.49;399852
25;25;5.11;5.11;0.51;0.51;399971
25;25;5.11;5.11;0.51;0.51;400090
24;25;4.91;5.11;0.49;0.51;400210
25;25;5.11;5.11;0.51;0.51;400329
24;25;4.91;5.11;0.49;0.51;400449
24;25;4.91;5.11;0.49;0.51;400566
25;25;5.11;5.11;0.51;0.51;400688
24;25;4.91;5.11;0.49;0.51;400807
24;26;4.91;5.32;0.49;0.53;400926
23;24;4.71;4.91;0.47;0.49;401043
25;26;5.11;5.32;0.51;0.53;401165
30;19;6.14;3.89;0.61;0.39;401285
29;20;5.93;4.09;0.59;0.41;401402
25;24;5.11;4.91;0.51;0.49;401521
25;25;5.11;5.11;0.51;0.51;401640
24;24;4.91;4.91;0.49;0.49;401759
29;28;5.93;5.73;0.59;0.57;401895
26;25;5.32;5.11;0.53;0.51;402020
28;26;5.73;5.32;0.57;0.53;402151
26;24;5.32;4.91;0.53;0.49;402272
25;24;5.11;4.91;0.51;0.49;402392
26;24;5.32;4.91;0.53;0.49;402515
24;23;4.91;4.71;0.49;0.47;402632
25;25;5.11;5.11;0.51;0.51;402751
25;24;5.11;4.91;0.51;0.49;402871
24;23;4.91;4.71;0.49;0.47;402988
23;23;4.71;4.71;0.47;0.47;403107
25;24;5.11;4.91;0.51;0.49;403230
24;24;4.91;4.91;0.49;0.49;403348
25;23;5.11;4.71;0.51;0.47;403466
22;22;4.5;4.5;0.45;0.45;403572
23;23;4.71;4.71;0.47;0.47;403684
23;23;4.71;4.71;0.47;0.47;403796
24;23;4.91;4.71;0.49;0.47;403908
24;22;4.91;4.5;0.49;0.45;404020
23;23;4.71;4.71;0.47;0.47;404132
25;23;5.11;4.71;0.51;0.47;404250
23;22;4.71;4.5;0.47;0.45;404363
23;22;4.71;4.5;0.47;0.45;404475
23;23;4.71;4.71;0.47;0.47;404587
23;22;4.71;4.5;0.47;0.45;404699
24;22;4.91;4.5;0.49;0.45;404811
23;22;4.71;4.5;0.47;0.45;404923
23;21;4.71;4.3;0.47;0.43;405035
23;22;4.71;4.5;0.47;0.45;405147
24;23;4.91;4.71;0.49;0.47;405262
24;23;4.91;4.71;0.49;0.47;405375
23;23;4.71;4.71;0.47;0.47;405488
23;22;4.71;4.5;0.47;0.45;405600
23;23;4.71;4.71;0.47;0.47;405712
22;21;4.5;4.3;0.45;0.43;405824
22;23;4.5;4.71;0.45;0.47;405939
22;21;4.5;4.3;0.45;0.43;406051
22;23;4.5;4.71;0.45;0.47;406163
24;23;4.91;4.71;0.49;0.47;406278
24;24;4.91;4.91;0.49;0.49;406391
23;22;4.71;4.5;0.47;0.45;406503
25;25;5.11;5.11;0.51;0.51;406625
23;23;4.71;4.71;0.47;0.47;406737
23;23;4.71;4.71;0.47;0.47;406849
23;23;4.71;4.71;0.47;0.47;406961
23;22;4.71;4.5;0.47;0.45;407073
23;23;4.71;4.71;0.47;0.47;407185
24;24;4.91;4.91;0.49;0.49;407300
24;23;4.91;4.71;0.49;0.47;407413
23;23;4.71;4.71;0.47;0.47;407526
24;23;4.91;4.71;0.49;0.47;407641
23;22;4.71;4.5;0.47;0.45;407753
23;22;4.71;4.5;0.47;0.45;407865
22;23;4.5;4.71;0.45;0.47;407977
23;22;4.71;4.5;0.47;0.45;408089
23;23;4.71;4.71;0.47;0.47;408201
24;23;4.91;4.71;0.49;0.47;408316
23;23;4.71;4.71;0.47;0.47;408429
23;22;4.71;4.5;0.47;0.45;408541
23;22;4.71;4.5;0.47;0.45;408653
22;22;4.5;4.5;0.45;0.45;408765
23;22;4.71;4.5;0.47;0.45;408877
22;22;4.5;4.5;0.45;0.45;408989
23;22;4.71;4.5;0.47;0.45;409101
24;23;4.91;4.71;0.49;0.47;409213
24;23;4.91;4.71;0.49;0.47;409330
23;23;4.71;4.71;0.47;0.47;409443
23;22;4.71;4.5;0.47;0.45;409555
23;22;4.71;4.5;0.47;0.45;409667
22;22;4.5;4.5;0.45;0.45;409779
22;22;4.5;4.5;0.45;0.45;409891
23;23;4.71;4.71;0.47;0.47;410003
23;23;4.71;4.71;0.47;0.47;410115
24;22;4.91;4.5;0.49;0.45;410229
23;23;4.71;4.71;0.47;0.47;410344
24;22;4.91;4.5;0.49;0.45;410457
23;22;4.71;4.5;0.47;0.45;410569
22;22;4.5;4.5;0.45;0.45;410681
25;20;5.11;4.09;0.51;0.41;410793
27;16;5.52;3.27;0.55;0.33;410905
41;17;8.39;3.48;0.84;0.35;411045
38;15;7.77;3.07;0.78;0.31;411174
32;13;6.55;2.66;0.65;0.27;411286
34;15;6.96;3.07;0.7;0.31;411408
31;13;6.34;2.66;0.63;0.27;411521
30;16;6.14;3.27;0.61;0.33;411633
22;23;4.5;4.71;0.45;0.47;411745
21;23;4.3;4.71;0.43;0.47;411857
22;22;4.5;4.5;0.45;0.45;411969
18;26;3.68;5.32;0.37;0.53;412081
10;36;2.05;7.36;0.2;0.74;412193
13;30;2.66;6.14;0.27;0.61;412305
24;25;4.91;5.11;0.49;0.51;412427
23;23;4.71;4.71;0.47;0.47;412540
23;23;4.71;4.71;0.47;0.47;412652
21;26;4.3;5.32;0.43;0.53;412767
13;32;2.66;6.55;0.27;0.65;412880
11;33;2.25;6.75;0.23;0.68;412993
12;32;2.45;6.55;0.25;0.65;413106
14;30;2.86;6.14;0.29;0.61;413219
22;23;4.5;4.71;0.45;0.47;413332
22;22;4.5;4.5;0.45;0.45;413447
22;23;4.5;4.71;0.45;0.47;413560
22;23;4.5;4.71;0.45;0.47;413673
21;23;4.3;4.71;0.43;0.47;413786
22;24;4.5;4.91;0.45;0.49;413899
22;24;4.5;4.91;0.45;0.49;414012
21;23;4.3;4.71;0.43;0.47;414125
20;22;4.09;4.5;0.41;0.45;414238
18;22;3.68;4.5;0.37;0.45;414351
13;23;2.66;4.71;0.27;0.47;414468
13;23;2.66;4.71;0.27;0.47;414581
11;18;2.25;3.68;0.23;0.37;414694
8;12;1.64;2.45;0.16;0.25;414807
16;5;3.27;1.02;0.33;0.1;414920
24;5;4.91;1.02;0.49;0.1;415033
15;12;3.07;2.45;0.31;0.25;415146
15;15;3.07;3.07;0.31;0.31;415259
19;3;3.89;0.61;0.39;0.06;415372
14;8;2.86;1.64;0.29;0.16;415487
10;12;2.05;2.45;0.2;0.25;415600
12;14;2.45;2.86;0.25;0.29;415713
9;14;1.84;2.86;0.18;0.29;415826
9;7;1.84;1.43;0.18;0.14;415941
8;9;1.64;1.84;0.16;0.18;416054
0;0;0;0;0;0;416167
3;37;0.61;7.57;0.06;0.76;416299
20;36;4.09;7.36;0.41;0.74;416414
28;31;5.73;6.34;0.57;0.63;416528
29;30;5.93;6.14;0.59;0.61;416642
30;30;6.14;6.14;0.61;0.61;416756
33;31;6.75;6.34;0.68;0.63;416873
29;29;5.93;5.93;0.59;0.59;416987
29;30;5.93;6.14;0.59;0.61;417100
29;30;5.93;6.14;0.59;0.61;417213
32;32;6.55;6.55;0.65;0.65;417335
33;31;6.75;6.34;0.68;0.63;417453
44;19;9;3.89;0.9;0.39;417566
44;14;9;2.86;0.9;0.29;417679
44;16;9;3.27;0.9;0.33;417792
44;14;9;2.86;0.9;0.29;417905
46;14;9.41;2.86;0.94;0.29;418018
45;14;9.21;2.86;0.92;0.29;418131
45;15;9.21;3.07;0.92;0.31;418244
47;16;9.61;3.27;0.96;0.33;418366
44;16;9;3.27;0.9;0.33;418479
44;17;9;3.48;0.9;0.35;418592
44;18;9;3.68;0.9;0.37;418707
42;18;8.59;3.68;0.86;0.37;418820
38;22;7.77;4.5;0.78;0.45;418932
29;34;5.93;6.96;0.59;0.7;419045
29;30;5.93;6.14;0.59;0.61;419157
30;29;6.14;5.93;0.61;0.59;419270
34;31;6.96;6.34;0.7;0.63;419391
35;27;7.16;5.52;0.72;0.55;419504
46;16;9.41;3.27;0.94;0.33;419617
33;28;6.75;5.73;0.68;0.57;419730
33;31;6.75;6.34;0.68;0.63;419844
30;28;6.14;5.73;0.61;0.57;419957
31;29;6.34;5.93;0.63;0.59;420069
38;26;7.77;5.32;0.78;0.53;420182
34;29;6.96;5.93;0.7;0.59;420294
22;44;4.5;9;0.45;0.9;420413
32;44;6.55;9;0.65;0.9;420552
30;30;6.14;6.14;0.61;0.61;420665
31;30;6.34;6.14;0.63;0.61;420777
30;30;6.14;6.14;0.61;0.61;420890
31;29;6.34;5.93;0.63;0.59;421002
32;30;6.55;6.14;0.65;0.61;421115
29;29;5.93;5.93;0.59;0.59;421227
29;29;5.93;5.93;0.59;0.59;421340
30;30;6.14;6.14;0.61;0.61;421455
31;30;6.34;6.14;0.63;0.61;421568
31;30;6.34;6.14;0.63;0.61;421681
30;31;6.14;6.34;0.61;0.63;421794
30;30;6.14;6.14;0.61;0.61;421906
36;27;7.36;5.52;0.74;0.55;422019
46;15;9.41;3.07;0.94;0.31;422131
43;18;8.8;3.68;0.88;0.37;422246
41;18;8.39;3.68;0.84;0.37;422358
45;21;9.21;4.3;0.92;0.43;422480
39;21;7.98;4.3;0.8;0.43;422593
30;32;6.14;6.55;0.61;0.65;422706
30;31;6.14;6.34;0.61;0.63;422818
31;30;6.34;6.14;0.63;0.61;422931
26;39;5.32;7.98;0.53;0.8;423043
28;33;5.73;6.75;0.57;0.68;423156
20;41;4.09;8.39;0.41;0.84;423268
40;23;8.18;4.71;0.82;0.47;423381
21;46;4.3;9.41;0.43;0.94;423503
19;41;3.89;8.39;0.39;0.84;423616
29;31;5.93;6.34;0.59;0.63;423729
29;30;5.93;6.14;0.59;0.61;423842
32;31;6.55;6.34;0.65;0.63;423957
34;30;6.96;6.14;0.7;0.61;424070
39;22;7.98;4.5;0.8;0.45;424182
32;29;6.55;5.93;0.65;0.59;424295
34;31;6.96;6.34;0.7;0.63;424407
46;23;9.41;4.71;0.94;0.47;424529
30;32;6.14;6.55;0.61;0.65;424642
32;30;6.55;6.14;0.65;0.61;424755
32;31;6.55;6.34;0.65;0.63;424867
32;29;6.55;5.93;0.65;0.59;424980
35;27;7.16;5.52;0.72;0.55;425092
36;25;7.36;5.11;0.74;0.51;425204
32;30;6.55;6.14;0.65;0.61;425319
31;30;6.34;6.14;0.63;0.61;425432
31;36;6.34;7.36;0.63;0.74;425554
26;37;5.32;7.57;0.53;0.76;425667
46;19;9.41;3.89;0.94;0.39;425782
42;20;8.59;4.09;0.86;0.41;425895
34;28;6.96;5.73;0.7;0.57;426007
45;15;9.21;3.07;0.92;0.31;426120
45;17;9.21;3.48;0.92;0.35;426237
44;16;9;3.27;0.9;0.33;426350
43;17;8.8;3.48;0.88;0.35;426462
48;18;9.82;3.68;0.98;0.37;426584
45;17;9.21;3.48;0.92;0.35;426697
44;16;9;3.27;0.9;0.33;426810
40;18;8.18;3.68;0.82;0.37;426922
32;29;6.55;5.93;0.65;0.59;427035
30;29;6.14;5.93;0.61;0.59;427147
30;29;6.14;5.93;0.61;0.59;427260
31;30;6.34;6.14;0.63;0.61;427372
34;28;6.96;5.73;0.7;0.57;427487
44;20;9;4.09;0.9;0.41;427602
44;18;9;3.68;0.9;0.37;427715
41;16;8.39;3.27;0.84;0.33;427827
43;17;8.8;3.48;0.88;0.35;427940
44;16;9;3.27;0.9;0.33;428052
43;15;8.8;3.07;0.88;0.31;428165
42;17;8.59;3.48;0.86;0.35;428277
45;17;9.21;3.48;0.92;0.35;428390
31;32;6.34;6.55;0.63;0.65;428502
17;48;3.48;9.82;0.35;0.98;428624
29;31;5.93;6.34;0.59;0.63;428737
30;29;6.14;5.93;0.61;0.59;428850
27;31;5.52;6.34;0.55;0.63;428962
18;41;3.68;8.39;0.37;0.84;429075
26;36;5.32;7.36;0.53;0.74;429187
28;32;5.73;6.55;0.57;0.65;429302
19;41;3.89;8.39;0.39;0.84;429414
24;35;4.91;7.16;0.49;0.72;429526
26;33;5.32;6.75;0.53;0.68;429641
29;34;5.93;6.96;0.59;0.7;429754
22;41;4.5;8.39;0.45;0.84;429866
38;35;7.77;7.16;0.78;0.72;430004
33;27;6.75;5.52;0.68;0.55;430116
39;20;7.98;4.09;0.8;0.41;430228
29;31;5.93;6.34;0.59;0.63;430340
30;30;6.14;6.14;0.61;0.61;430452
27;34;5.52;6.96;0.55;0.7;430564
22;41;4.5;8.39;0.45;0.84;430679
41;21;8.39;4.3;0.84;0.43;430792
43;18;8.8;3.68;0.88;0.37;430904
39;22;7.98;4.5;0.8;0.45;431019
27;31;5.52;6.34;0.55;0.63;431131
31;30;6.34;6.14;0.63;0.61;431243
30;29;6.14;5.93;0.61;0.59;431355
22;39;4.5;7.98;0.45;0.8;431467
24;35;4.91;7.16;0.49;0.72;431579
23;37;4.71;7.57;0.47;0.76;431694
28;32;5.73;6.55;0.57;0.65;431807
31;30;6.34;6.14;0.63;0.61;431919
35;27;7.16;5.52;0.72;0.55;432031
41;20;8.39;4.09;0.84;0.41;432143
29;31;5.93;6.34;0.59;0.63;432255
30;30;6.14;6.14;0.61;0.61;432367
30;29;6.14;5.93;0.61;0.59;432479
30;30;6.14;6.14;0.61;0.61;432591
33;32;6.75;6.55;0.68;0.65;432712
31;30;6.34;6.14;0.63;0.61;432827
31;30;6.34;6.14;0.63;0.61;432940
30;29;6.14;5.93;0.61;0.59;433052
30;29;6.14;5.93;0.61;0.59;433164
30;30;6.14;6.14;0.61;0.61;433276
26;33;5.32;6.75;0.53;0.68;433388
16;43;3.27;8.8;0.33;0.88;433500
17;41;3.48;8.39;0.35;0.84;433612
21;43;4.3;8.8;0.43;0.88;433733
29;32;5.93;6.55;0.59;0.65;433846
29;30;5.93;6.14;0.59;0.61;433958
42;19;8.59;3.89;0.86;0.39;434070
36;23;7.36;4.71;0.74;0.47;434182
33;27;6.75;5.52;0.68;0.55;434294
40;18;8.18;3.68;0.82;0.37;434406
45;18;9.21;3.68;0.92;0.37;434521
38;22;7.77;4.5;0.78;0.45;434633
34;41;6.96;8.39;0.7;0.84;434775
32;32;6.55;6.55;0.65;0.65;434893
30;29;6.14;5.93;0.61;0.59;435005
30;29;6.14;5.93;0.61;0.59;435117
30;29;6.14;5.93;0.61;0.59;435229
30;29;6.14;5.93;0.61;0.59;435341
29;29;5.93;5.93;0.59;0.59;435453
31;29;6.34;5.93;0.63;0.59;435565
30;29;6.14;5.93;0.61;0.59;435677
30;29;6.14;5.93;0.61;0.59;435792
27;34;5.52;6.96;0.55;0.7;435905
18;43;3.68;8.8;0.37;0.88;436017
19;39;3.89;7.98;0.39;0.8;436129
43;20;8.8;4.09;0.88;0.41;436241
41;19;8.39;3.89;0.84;0.39;436356
29;30;5.93;6.14;0.59;0.61;436468
34;27;6.96;5.52;0.7;0.55;436580
41;20;8.39;4.09;0.84;0.41;436692
30;31;6.14;6.34;0.61;0.63;436807
30;30;6.14;6.14;0.61;0.61;436920
29;29;5.93;5.93;0.59;0.59;437032
30;29;6.14;5.93;0.61;0.59;437144
30;29;6.14;5.93;0.61;0.59;437256
30;29;6.14;5.93;0.61;0.59;437368
32;29;6.55;5.93;0.65;0.59;437480
29;29;5.93;5.93;0.59;0.59;437592
29;29;5.93;5.93;0.59;0.59;437704
31;29;6.34;5.93;0.63;0.59;437819
21;40;4.3;8.18;0.43;0.82;437932
18;42;3.68;8.59;0.37;0.86;438044
22;39;4.5;7.98;0.45;0.8;438155
30;28;6.14;5.73;0.61;0.57;438267
26;34;5.32;6.96;0.53;0.7;438379
16;43;3.27;8.8;0.33;0.88;438491
26;33;5.32;6.75;0.53;0.68;438603
36;27;7.36;5.52;0.74;0.55;438715
40;28;8.18;5.73;0.82;0.57;438836
26;38;5.32;7.77;0.53;0.78;438949
48;17;9.82;3.48;0.98;0.35;439061
43;16;8.8;3.27;0.88;0.33;439173
43;16;8.8;3.27;0.88;0.33;439285
35;22;7.16;4.5;0.72;0.45;439397
35;28;7.16;5.73;0.72;0.57;439519
43;16;8.8;3.27;0.88;0.33;439631
42;14;8.59;2.86;0.86;0.29;439743
47;13;9.61;2.66;0.96;0.27;439860
38;21;7.77;4.3;0.78;0.43;439973
41;18;8.39;3.68;0.84;0.37;440085
35;25;7.16;5.11;0.72;0.51;440197
47;13;9.61;2.66;0.96;0.27;440309
39;22;7.98;4.5;0.8;0.45;440421
47;14;9.61;2.86;0.96;0.29;440533
43;14;8.8;2.86;0.88;0.29;440645
43;13;8.8;2.66;0.88;0.27;440757
46;14;9.41;2.86;0.94;0.29;440872
40;19;8.18;3.89;0.82;0.39;440985
30;29;6.14;5.93;0.61;0.59;441097
38;20;7.77;4.09;0.78;0.41;441209
44;16;9;3.27;0.9;0.33;441321
42;17;8.59;3.48;0.86;0.35;441433
40;18;8.18;3.68;0.82;0.37;441545
44;17;9;3.48;0.9;0.35;441659
42;18;8.59;3.68;0.86;0.37;441771
43;17;8.8;3.48;0.88;0.35;441886
42;17;8.59;3.48;0.86;0.35;441999
45;16;9.21;3.27;0.92;0.33;442111
44;14;9;2.86;0.9;0.29;442223
42;14;8.59;2.86;0.86;0.29;442335
42;16;8.59;3.27;0.86;0.33;442447
44;16;9;3.27;0.9;0.33;442559
42;15;8.59;3.07;0.86;0.31;442671
43;17;8.8;3.48;0.88;0.35;442783
43;19;8.8;3.89;0.88;0.39;442898
44;18;9;3.68;0.9;0.37;443011
35;26;7.16;5.32;0.72;0.53;443123
32;28;6.55;5.73;0.65;0.57;443235
44;19;9;3.89;0.9;0.39;443350
34;29;6.96;5.93;0.7;0.59;443467
26;33;5.32;6.75;0.53;0.68;443579
16;43;3.27;8.8;0.33;0.88;443691
17;41;3.48;8.39;0.35;0.84;443803
16;44;3.27;9;0.33;0.9;443925
15;41;3.07;8.39;0.31;0.84;444038
17;42;3.48;8.59;0.35;0.86;444150
30;44;6.14;9;0.61;0.9;444287
33;30;6.75;6.14;0.68;0.61;444399
31;30;6.34;6.14;0.63;0.61;444511
29;28;5.93;5.73;0.59;0.57;444623
30;29;6.14;5.93;0.61;0.59;444735
29;29;5.93;5.93;0.59;0.59;444847
33;32;6.75;6.55;0.68;0.65;444969
30;29;6.14;5.93;0.61;0.59;445082
30;29;6.14;5.93;0.61;0.59;445197
28;27;5.73;5.52;0.57;0.55;445309
29;28;5.93;5.73;0.59;0.57;445421
28;27;5.73;5.52;0.57;0.55;445533
30;28;6.14;5.73;0.61;0.57;445645
29;27;5.93;5.52;0.59;0.55;445757
34;25;6.96;5.11;0.7;0.51;445869
48;18;9.82;3.68;0.98;0.37;445991
31;28;6.34;5.73;0.63;0.57;446104
26;31;5.32;6.34;0.53;0.63;446216
28;30;5.73;6.14;0.57;0.61;446328
28;30;5.73;6.14;0.57;0.61;446440
29;30;5.93;6.14;0.59;0.61;446552
38;24;7.77;4.91;0.78;0.49;446664
58;5;11.86;1.02;1.19;0.1;446776
46;17;9.41;3.48;0.94;0.35;446899
36;24;7.36;4.91;0.74;0.49;447015
41;23;8.39;4.71;0.84;0.47;447128
37;23;7.57;4.71;0.76;0.47;447240
43;20;8.8;4.09;0.88;0.41;447352
36;27;7.36;5.52;0.74;0.55;447464
40;19;8.18;3.89;0.82;0.39;447576
33;28;6.75;5.73;0.68;0.57;447688
40;20;8.18;4.09;0.82;0.41;447800
28;31;5.73;6.34;0.57;0.63;447912
33;31;6.75;6.34;0.68;0.63;448033
41;21;8.39;4.3;0.84;0.43;448146
32;27;6.55;5.52;0.65;0.55;448258
32;31;6.55;6.34;0.65;0.63;448370
18;42;3.68;8.59;0.37;0.86;448482
28;31;5.73;6.34;0.57;0.63;448594
30;29;6.14;5.93;0.61;0.59;448708
31;32;6.34;6.55;0.63;0.65;448830
30;30;6.14;6.14;0.61;0.61;448943
31;30;6.34;6.14;0.63;0.61;449060
30;29;6.14;5.93;0.61;0.59;449173
31;29;6.34;5.93;0.63;0.59;449286
30;29;6.14;5.93;0.61;0.59;449399
31;30;6.34;6.14;0.63;0.61;449512
31;29;6.34;5.93;0.63;0.59;449625
31;29;6.34;5.93;0.63;0.59;449738
30;29;6.14;5.93;0.61;0.59;449851
42;19;8.59;3.89;0.86;0.39;449964
32;27;6.55;5.52;0.65;0.55;450079
38;24;7.77;4.91;0.78;0.49;450192
35;24;7.16;4.91;0.72;0.49;450305
33;28;6.75;5.73;0.68;0.57;450420
41;19;8.39;3.89;0.84;0.39;450533
39;19;7.98;3.89;0.8;0.39;450646
33;27;6.75;5.52;0.68;0.55;450759
25;35;5.11;7.16;0.51;0.72;450872
21;40;4.3;8.18;0.43;0.82;450985
28;34;5.73;6.96;0.57;0.7;451102
25;36;5.11;7.36;0.51;0.74;451215
29;29;5.93;5.93;0.59;0.59;451328
29;30;5.93;6.14;0.59;0.61;451441
30;29;6.14;5.93;0.61;0.59;451554
29;29;5.93;5.93;0.59;0.59;451667
28;30;5.73;6.14;0.57;0.61;451780
37;25;7.57;5.11;0.76;0.51;451893
45;17;9.21;3.48;0.92;0.35;452006
31;29;6.34;5.93;0.63;0.59;452123
29;30;5.93;6.14;0.59;0.61;452238
29;28;5.93;5.73;0.59;0.57;452351
30;29;6.14;5.93;0.61;0.59;452464
30;29;6.14;5.93;0.61;0.59;452577
30;28;6.14;5.73;0.61;0.57;452690
28;29;5.73;5.93;0.57;0.59;452803
28;31;5.73;6.34;0.57;0.63;452916
25;35;5.11;7.16;0.51;0.72;453029
33;31;6.75;6.34;0.68;0.63;453146
30;29;6.14;5.93;0.61;0.59;453259
20;39;4.09;7.98;0.41;0.8;453372
17;42;3.48;8.59;0.35;0.86;453485
20;48;4.09;9.82;0.41;0.98;453616
22;36;4.5;7.36;0.45;0.74;453729
17;45;3.48;9.21;0.35;0.92;453842
3;56;0.61;11.46;0.06;1.15;453957
0;53;0;10.84;0;1.08;454070
57;24;11.66;4.91;1.17;0.49;454192
56;1;11.46;0.2;1.15;0.02;454305
55;0;11.25;0;1.13;0;454418
42;22;8.59;4.5;0.86;0.45;454531
25;49;5.11;10.02;0.51;1;454644
50;28;10.23;5.73;1.02;0.57;454757
6;63;1.23;12.89;0.12;1.29;454870
50;23;10.23;4.71;1.02;0.47;454983
56;3;11.46;0.61;1.15;0.06;455096
58;0;11.86;0;1.19;0;455214
56;0;11.46;0;1.15;0;455327
54;0;11.05;0;1.1;0;455440
56;0;11.46;0;1.15;0;455553
54;0;11.05;0;1.1;0;455666
55;0;11.25;0;1.13;0;455781
57;0;11.66;0;1.17;0;455894
54;0;11.05;0;1.1;0;456007
54;0;11.05;0;1.1;0;456120
58;0;11.86;0;1.19;0;456235
53;0;10.84;0;1.08;0;456348
53;0;10.84;0;1.08;0;456461
55;0;11.25;0;1.13;0;456574
54;0;11.05;0;1.1;0;456687
50;5;10.23;1.02;1.02;0.1;456800
39;18;7.98;3.68;0.8;0.37;456913
41;17;8.39;3.48;0.84;0.35;457026
43;15;8.8;3.07;0.88;0.31;457139
45;18;9.21;3.68;0.92;0.37;457260
41;18;8.39;3.68;0.84;0.37;457373
40;20;8.18;4.09;0.82;0.41;457488
33;28;6.75;5.73;0.68;0.57;457601
43;24;8.8;4.91;0.88;0.49;457727
25;35;5.11;7.16;0.51;0.72;457840
17;42;3.48;8.59;0.35;0.86;457953
16;42;3.27;8.59;0.33;0.86;458066
24;35;4.91;7.16;0.49;0.72;458179
36;36;7.36;7.36;0.74;0.74;458317
29;29;5.93;5.93;0.59;0.59;458430
29;30;5.93;6.14;0.59;0.61;458543
29;29;5.93;5.93;0.59;0.59;458656
28;30;5.73;6.14;0.57;0.61;458769
29;30;5.93;6.14;0.59;0.61;458882
28;30;5.73;6.14;0.57;0.61;458995
28;30;5.73;6.14;0.57;0.61;459108
29;29;5.93;5.93;0.59;0.59;459221
33;30;6.75;6.14;0.68;0.61;459338
29;30;5.93;6.14;0.59;0.61;459451
36;25;7.36;5.11;0.74;0.51;459564
53;11;10.84;2.25;1.08;0.23;459677
54;4;11.05;0.82;1.1;0.08;459790
46;13;9.41;2.66;0.94;0.27;459903
58;1;11.86;0.2;1.19;0.02;460016
58;0;11.86;0;1.19;0;460129
57;0;11.66;0;1.17;0;460242
60;4;12.27;0.82;1.23;0.08;460364
49;13;10.02;2.66;1;0.27;460477
58;1;11.86;0.2;1.19;0.02;460590
51;8;10.43;1.64;1.04;0.16;460703
59;0;12.07;0;1.21;0;460816
57;0;11.66;0;1.17;0;460929
59;0;12.07;0;1.21;0;461044
60;0;12.27;0;1.23;0;461157
57;0;11.66;0;1.17;0;461270
59;0;12.07;0;1.21;0;461385
60;0;12.27;0;1.23;0;461498
57;0;11.66;0;1.17;0;461611
58;0;11.86;0;1.19;0;461724
51;8;10.43;1.64;1.04;0.16;461837
53;4;10.84;0.82;1.08;0.08;461950
42;14;8.59;2.86;0.86;0.29;462063
47;12;9.61;2.45;0.96;0.25;462176
58;0;11.86;0;1.19;0;462289
61;0;12.48;0;1.25;0;462404
57;0;11.66;0;1.17;0;462517
61;0;12.48;0;1.25;0;462630
60;0;12.27;0;1.23;0;462743
57;0;11.66;0;1.17;0;462858
58;0;11.86;0;1.19;0;462971
71;0;14.52;0;1.45;0;463108
55;4;11.25;0.82;1.13;0.08;463221
55;8;11.25;1.64;1.13;0.16;463334
60;0;12.27;0;1.23;0;463449
60;0;12.27;0;1.23;0;463562
58;0;11.86;0;1.19;0;463675
60;0;12.27;0;1.23;0;463788
52;8;10.64;1.64;1.06;0.16;463901
58;0;11.86;0;1.19;0;464014
52;8;10.64;1.64;1.06;0.16;464127
56;4;11.46;0.82;1.15;0.08;464240
54;7;11.05;1.43;1.1;0.14;464353
57;0;11.66;0;1.17;0;464468
53;3;10.84;0.61;1.08;0.06;464583
46;13;9.41;2.66;0.94;0.27;464696
52;9;10.64;1.84;1.06;0.18;464809
52;8;10.64;1.64;1.06;0.16;464922
39;22;7.98;4.5;0.8;0.45;465035
50;11;10.23;2.25;1.02;0.23;465148
26;39;5.32;7.98;0.53;0.8;465261
3;63;0.61;12.89;0.06;1.29;465374
21;46;4.3;9.41;0.43;0.94;465496
59;13;12.07;2.66;1.21;0.27;465609
33;27;6.75;5.52;0.68;0.55;465722
31;29;6.34;5.93;0.63;0.59;465835
34;25;6.96;5.11;0.7;0.51;465948
41;20;8.39;4.09;0.84;0.41;466061
30;28;6.14;5.73;0.61;0.57;466174
32;29;6.55;5.93;0.65;0.59;466287
29;28;5.93;5.73;0.59;0.57;466398
32;30;6.55;6.14;0.65;0.61;466519
30;29;6.14;5.93;0.61;0.59;466632
30;29;6.14;5.93;0.61;0.59;466745
31;30;6.34;6.14;0.63;0.61;466858
31;28;6.34;5.73;0.63;0.57;466971
30;28;6.14;5.73;0.61;0.57;467084
28;28;5.73;5.73;0.57;0.57;467197
31;28;6.34;5.73;0.63;0.57;467310
30;29;6.14;5.93;0.61;0.59;467423
29;28;5.93;5.73;0.59;0.57;467538
31;28;6.34;5.73;0.63;0.57;467651
30;29;6.14;5.93;0.61;0.59;467764
33;32;6.75;6.55;0.68;0.65;467886
30;30;6.14;6.14;0.61;0.61;467999
32;30;6.55;6.14;0.65;0.61;468114
29;29;5.93;5.93;0.59;0.59;468227
30;29;6.14;5.93;0.61;0.59;468340
29;28;5.93;5.73;0.59;0.57;468452
32;29;6.55;5.93;0.65;0.59;468567
30;29;6.14;5.93;0.61;0.59;468680
31;29;6.34;5.93;0.63;0.59;468793
31;28;6.34;5.73;0.63;0.57;468906
31;28;6.34;5.73;0.63;0.57;469019
31;29;6.34;5.93;0.63;0.59;469132
37;22;7.57;4.5;0.76;0.45;469245
35;23;7.16;4.71;0.72;0.47;469358
30;29;6.14;5.93;0.61;0.59;469471
33;29;6.75;5.93;0.68;0.59;469586
29;28;5.93;5.73;0.59;0.57;469699
30;27;6.14;5.52;0.61;0.55;469812
31;30;6.34;6.14;0.63;0.61;469927
33;29;6.75;5.93;0.68;0.59;470040
30;28;6.14;5.73;0.61;0.57;470153
30;29;6.14;5.93;0.61;0.59;470266
30;28;6.14;5.73;0.61;0.57;470379
30;28;6.14;5.73;0.61;0.57;470492
31;28;6.34;5.73;0.63;0.57;470607
30;28;6.14;5.73;0.61;0.57;470720
30;28;6.14;5.73;0.61;0.57;470833
30;28;6.14;5.73;0.61;0.57;470946
30;29;6.14;5.93;0.61;0.59;471059
30;28;6.14;5.73;0.61;0.57;471172
30;29;6.14;5.93;0.61;0.59;471285
30;29;6.14;5.93;0.61;0.59;471398
29;28;5.93;5.73;0.59;0.57;471511
27;36;5.52;7.36;0.55;0.74;471628
14;45;2.86;9.21;0.29;0.92;471741
23;34;4.71;6.96;0.47;0.7;471854
28;30;5.73;6.14;0.57;0.61;471967
29;29;5.93;5.93;0.59;0.59;472080
28;29;5.73;5.93;0.57;0.59;472193
28;30;5.73;6.14;0.57;0.61;472306
28;29;5.73;5.93;0.57;0.59;472419
28;29;5.73;5.93;0.57;0.59;472531
29;31;5.93;6.34;0.59;0.63;472648
33;35;6.75;7.16;0.68;0.72;472783
28;30;5.73;6.14;0.57;0.61;472895
29;29;5.93;5.93;0.59;0.59;473007
28;29;5.73;5.93;0.57;0.59;473119
28;30;5.73;6.14;0.57;0.61;473231
28;29;5.73;5.93;0.57;0.59;473343
31;30;6.34;6.14;0.63;0.61;473458
29;30;5.93;6.14;0.59;0.61;473570
29;30;5.93;6.14;0.59;0.61;473685
29;29;5.93;5.93;0.59;0.59;473798
28;29;5.73;5.93;0.57;0.59;473911
28;28;5.73;5.73;0.57;0.57;474023
28;28;5.73;5.73;0.57;0.57;474135
28;29;5.73;5.93;0.57;0.59;474247
29;29;5.93;5.93;0.59;0.59;474359
27;28;5.52;5.73;0.55;0.57;474471
28;28;5.73;5.73;0.57;0.57;474583
29;29;5.93;5.93;0.59;0.59;474698
29;29;5.93;5.93;0.59;0.59;474811
29;29;5.93;5.93;0.59;0.59;474924
30;29;6.14;5.93;0.61;0.59;475036
27;32;5.52;6.55;0.55;0.65;475151
7;49;1.43;10.02;0.14;1;475263
0;52;0;10.64;0;1.06;475375
0;52;0;10.64;0;1.06;475487
0;51;0;10.43;0;1.04;475599
0;55;0;11.25;0;1.13;475720
0;53;0;10.84;0;1.08;475833
0;53;0;10.84;0;1.08;475946
0;54;0;11.05;0;1.1;476059
0;54;0;11.05;0;1.1;476172
5;50;1.02;10.23;0.1;1.02;476285
16;40;3.27;8.18;0.33;0.82;476398
15;41;3.07;8.39;0.31;0.84;476511
15;39;3.07;7.98;0.31;0.8;476623
16;44;3.27;9;0.33;0.9;476744
17;43;3.48;8.8;0.35;0.88;476858
17;47;3.48;9.61;0.35;0.96;476986
14;43;2.86;8.8;0.29;0.88;477103
15;42;3.07;8.59;0.31;0.86;477216
14;42;2.86;8.59;0.29;0.86;477329
13;42;2.66;8.59;0.27;0.86;477442
27;29;5.52;5.93;0.55;0.59;477555
43;15;8.8;3.07;0.88;0.31;477668
34;26;6.96;5.32;0.7;0.53;477786
16;43;3.27;8.8;0.33;0.88;477899
28;30;5.73;6.14;0.57;0.61;478012
25;30;5.11;6.14;0.51;0.61;478125
17;39;3.48;7.98;0.35;0.8;478238
16;39;3.27;7.98;0.33;0.8;478351
19;37;3.89;7.57;0.39;0.76;478464
28;29;5.73;5.93;0.57;0.59;478577
33;30;6.75;6.14;0.68;0.61;478692
32;31;6.55;6.34;0.65;0.63;478814
28;29;5.73;5.93;0.57;0.59;478927
29;30;5.93;6.14;0.59;0.61;479040
30;28;6.14;5.73;0.61;0.57;479153
32;27;6.55;5.52;0.65;0.55;479265
28;30;5.73;6.14;0.57;0.61;479378
29;28;5.93;5.73;0.59;0.57;479490
30;30;6.14;6.14;0.61;0.61;479603
28;29;5.73;5.93;0.57;0.59;479715
30;30;6.14;6.14;0.61;0.61;479833
26;33;5.32;6.75;0.53;0.68;479946
18;42;3.68;8.59;0.37;0.86;480059
28;30;5.73;6.14;0.57;0.61;480171
28;30;5.73;6.14;0.57;0.61;480284
29;28;5.93;5.73;0.59;0.57;480396
30;30;6.14;6.14;0.61;0.61;480511
31;29;6.34;5.93;0.63;0.59;480624
29;30;5.93;6.14;0.59;0.61;480737
29;30;5.93;6.14;0.59;0.61;480854
31;29;6.34;5.93;0.63;0.59;480967
31;29;6.34;5.93;0.63;0.59;481080
36;26;7.36;5.32;0.74;0.53;481193
53;4;10.84;0.82;1.08;0.08;481305
26;46;5.32;9.41;0.53;0.94;481418
18;44;3.68;9;0.37;0.9;481530
17;44;3.48;9;0.35;0.9;481645
14;45;2.86;9.21;0.29;0.92;481757
18;44;3.68;9;0.37;0.9;481880
18;41;3.68;8.39;0.37;0.84;481993
19;41;3.89;8.39;0.39;0.84;482106
17;43;3.48;8.8;0.35;0.88;482221
17;41;3.48;8.39;0.35;0.84;482333
14;45;2.86;9.21;0.29;0.92;482445
2;55;0.41;11.25;0.04;1.13;482557
0;54;0;11.05;0;1.1;482669
0;54;0;11.05;0;1.1;482781
0;58;0;11.86;0;1.19;482901
4;52;0.82;10.64;0.08;1.06;483014
20;42;4.09;8.59;0.41;0.86;483127
15;43;3.07;8.8;0.31;0.88;483239
14;42;2.86;8.59;0.29;0.86;483351
14;42;2.86;8.59;0.29;0.86;483463
13;41;2.66;8.39;0.27;0.84;483575
13;41;2.66;8.39;0.27;0.84;483687
14;42;2.86;8.59;0.29;0.86;483799
15;45;3.07;9.21;0.31;0.92;483919
13;43;2.66;8.8;0.27;0.88;484034
14;43;2.86;8.8;0.29;0.88;484147
16;40;3.27;8.18;0.33;0.82;484259
26;31;5.32;6.34;0.53;0.63;484371
27;29;5.52;5.93;0.55;0.59;484483
27;30;5.52;6.14;0.55;0.61;484595
28;29;5.73;5.93;0.57;0.59;484707
28;31;5.73;6.34;0.57;0.63;484819
31;32;6.34;6.55;0.63;0.65;484940
29;29;5.93;5.93;0.59;0.59;485053
30;30;6.14;6.14;0.61;0.61;485166
29;30;5.93;6.14;0.59;0.61;485278
29;29;5.93;5.93;0.59;0.59;485390
28;29;5.73;5.93;0.57;0.59;485502
29;29;5.93;5.93;0.59;0.59;485615
30;30;6.14;6.14;0.61;0.61;485730
29;29;5.93;5.93;0.59;0.59;485842
30;30;6.14;6.14;0.61;0.61;485957
30;29;6.14;5.93;0.61;0.59;486070
30;30;6.14;6.14;0.61;0.61;486183
29;29;5.93;5.93;0.59;0.59;486295
35;36;7.16;7.36;0.72;0.74;486432
29;29;5.93;5.93;0.59;0.59;486544
29;30;5.93;6.14;0.59;0.61;486656
29;30;5.93;6.14;0.59;0.61;486768
31;30;6.34;6.14;0.63;0.61;486880
30;30;6.14;6.14;0.61;0.61;486995
30;30;6.14;6.14;0.61;0.61;487108
29;30;5.93;6.14;0.59;0.61;487221
30;29;6.14;5.93;0.61;0.59;487333
29;29;5.93;5.93;0.59;0.59;487445
30;30;6.14;6.14;0.61;0.61;487560
28;29;5.73;5.93;0.57;0.59;487672
27;28;5.52;5.73;0.55;0.57;487784
28;29;5.73;5.93;0.57;0.59;487896
38;26;7.77;5.32;0.78;0.53;488018
40;23;8.18;4.71;0.82;0.47;488131
30;29;6.14;5.93;0.61;0.59;488244
29;30;5.93;6.14;0.59;0.61;488356
30;29;6.14;5.93;0.61;0.59;488468
30;29;6.14;5.93;0.61;0.59;488580
30;28;6.14;5.73;0.61;0.57;488692
29;29;5.93;5.93;0.59;0.59;488804
30;29;6.14;5.93;0.61;0.59;488916
33;31;6.75;6.34;0.68;0.63;489038
30;29;6.14;5.93;0.61;0.59;489151
31;30;6.34;6.14;0.63;0.61;489266
30;28;6.14;5.73;0.61;0.57;489378
29;29;5.93;5.93;0.59;0.59;489490
29;29;5.93;5.93;0.59;0.59;489602
29;28;5.93;5.73;0.59;0.57;489714
29;28;5.93;5.73;0.59;0.57;489826
29;27;5.93;5.52;0.59;0.55;489938
30;29;6.14;5.93;0.61;0.59;490053
29;29;5.93;5.93;0.59;0.59;490166
31;29;6.34;5.93;0.63;0.59;490279
31;29;6.34;5.93;0.63;0.59;490391
30;30;6.14;6.14;0.61;0.61;490503
30;29;6.14;5.93;0.61;0.59;490615
30;29;6.14;5.93;0.61;0.59;490727
30;29;6.14;5.93;0.61;0.59;490839
30;29;6.14;5.93;0.61;0.59;490951
33;32;6.75;6.55;0.68;0.65;491078
30;30;6.14;6.14;0.61;0.61;491191
30;29;6.14;5.93;0.61;0.59;491304
30;28;6.14;5.73;0.61;0.57;491416
29;29;5.93;5.93;0.59;0.59;491528
29;29;5.93;5.93;0.59;0.59;491640
30;30;6.14;6.14;0.61;0.61;491752
30;29;6.14;5.93;0.61;0.59;491864
29;30;5.93;6.14;0.59;0.61;491976
31;29;6.34;5.93;0.63;0.59;492091
30;29;6.14;5.93;0.61;0.59;492204
30;30;6.14;6.14;0.61;0.61;492317
30;28;6.14;5.73;0.61;0.57;492429
30;29;6.14;5.93;0.61;0.59;492541
32;29;6.55;5.93;0.65;0.59;492653
30;30;6.14;6.14;0.61;0.61;492768
30;28;6.14;5.73;0.61;0.57;492880
29;28;5.93;5.73;0.59;0.57;492992
29;29;5.93;5.93;0.59;0.59;493107
29;28;5.93;5.73;0.59;0.57;493220
30;28;6.14;5.73;0.61;0.57;493332
27;28;5.52;5.73;0.55;0.57;493444
28;27;5.73;5.52;0.57;0.55;493556
28;27;5.73;5.52;0.57;0.55;493668
29;28;5.93;5.73;0.59;0.57;493780
29;28;5.93;5.73;0.59;0.57;493892
29;27;5.93;5.52;0.59;0.55;494004
30;29;6.14;5.93;0.61;0.59;494120
32;27;6.55;5.52;0.65;0.55;494233
29;27;5.93;5.52;0.59;0.55;494345
29;28;5.93;5.73;0.59;0.57;494457
30;29;6.14;5.93;0.61;0.59;494572
31;29;6.34;5.93;0.63;0.59;494684
30;30;6.14;6.14;0.61;0.61;494796
31;30;6.34;6.14;0.63;0.61;494908
32;31;6.55;6.34;0.65;0.63;495020
34;31;6.96;6.34;0.7;0.63;495135
34;31;6.96;6.34;0.7;0.63;495248
32;31;6.55;6.34;0.65;0.63;495360
31;30;6.34;6.14;0.63;0.61;495472
32;30;6.55;6.14;0.65;0.61;495584
31;32;6.34;6.55;0.63;0.65;495697
39;37;7.98;7.57;0.8;0.76;495835
31;31;6.34;6.34;0.63;0.63;495947
30;30;6.14;6.14;0.61;0.61;496059
31;30;6.34;6.14;0.63;0.61;496174
30;29;6.14;5.93;0.61;0.59;496289
28;28;5.73;5.73;0.57;0.57;496401
23;39;4.71;7.98;0.47;0.8;496513
7;56;1.43;11.46;0.14;1.15;496625
23;38;4.71;7.77;0.47;0.78;496737
12;49;2.45;10.02;0.25;1;496849
27;31;5.52;6.34;0.55;0.63;496961
28;28;5.73;5.73;0.57;0.57;497073
29;29;5.93;5.93;0.59;0.59;497188
21;39;4.3;7.98;0.43;0.8;497301
22;36;4.5;7.36;0.45;0.74;497413
9;47;1.84;9.61;0.18;0.96;497525
13;45;2.66;9.21;0.27;0.92;497637
1;54;0.2;11.05;0.02;1.1;497749
0;52;0;10.64;0;1.06;497861
0;54;0;11.05;0;1.1;497973
0;56;0;11.46;0;1.15;498088
0;60;0;12.27;0;1.23;498209
0;57;0;11.66;0;1.17;498322
1;56;0.2;11.46;0.02;1.15;498435
1;56;0.2;11.46;0.02;1.15;498547
0;56;0;11.46;0;1.15;498659
0;56;0;11.46;0;1.15;498771
0;55;0;11.25;0;1.13;498883
0;53;0;10.84;0;1.08;498995
0;54;0;11.05;0;1.1;499107
0;55;0;11.25;0;1.13;499222
0;56;0;11.46;0;1.15;499335
0;54;0;11.05;0;1.1;499447
0;53;0;10.84;0;1.08;499559
0;53;0;10.84;0;1.08;499671
0;55;0;11.25;0;1.13;499786
0;53;0;10.84;0;1.08;499898
0;53;0;10.84;0;1.08;500010
0;53;0;10.84;0;1.08;500122
0;55;0;11.25;0;1.13;500237
0;55;0;11.25;0;1.13;500350
0;56;0;11.46;0;1.15;500462
0;61;0;12.48;0;1.25;500584
0;55;0;11.25;0;1.13;500696
0;56;0;11.46;0;1.15;500808
0;55;0;11.25;0;1.13;500920
0;55;0;11.25;0;1.13;501032
0;54;0;11.05;0;1.1;501144
0;54;0;11.05;0;1.1;501259
0;54;0;11.05;0;1.1;501372
0;54;0;11.05;0;1.1;501484
0;54;0;11.05;0;1.1;501598
0;53;0;10.84;0;1.08;501710
0;53;0;10.84;0;1.08;501822
21;41;4.3;8.39;0.43;0.84;501934
49;23;10.02;4.71;1;0.47;502046
4;61;0.82;12.48;0.08;1.25;502158
54;22;11.05;4.5;1.1;0.45;502280
23;50;4.71;10.23;0.47;1.02;502393
25;43;5.11;8.8;0.51;0.88;502506
61;5;12.48;1.02;1.25;0.1;502618
51;5;10.43;1.02;1.04;0.1;502730
39;17;7.98;3.48;0.8;0.35;502842
39;18;7.98;3.68;0.8;0.37;502954
41;17;8.39;3.48;0.84;0.35;503066
40;17;8.18;3.48;0.82;0.35;503178
46;20;9.41;4.09;0.94;0.41;503301
38;20;7.77;4.09;0.78;0.41;503414
28;28;5.73;5.73;0.57;0.57;503526
32;24;6.55;4.91;0.65;0.49;503638
30;26;6.14;5.32;0.61;0.53;503750
27;27;5.52;5.52;0.55;0.55;503862
30;27;6.14;5.52;0.61;0.55;503974
28;26;5.73;5.32;0.57;0.53;504086
29;26;5.93;5.32;0.59;0.53;504198
31;29;6.34;5.93;0.63;0.59;504320
32;24;6.55;4.91;0.65;0.49;504433
39;15;7.98;3.07;0.8;0.31;504545
43;14;8.8;2.86;0.88;0.29;504657
32;25;6.55;5.11;0.65;0.51;504769
25;32;5.11;6.55;0.51;0.65;504881
14;42;2.86;8.59;0.29;0.86;504993
16;40;3.27;8.18;0.33;0.82;505107
22;47;4.5;9.61;0.45;0.96;505245
35;30;7.16;6.14;0.72;0.61;505363
30;29;6.14;5.93;0.61;0.59;505476
29;29;5.93;5.93;0.59;0.59;505589
28;29;5.73;5.93;0.57;0.59;505702
29;29;5.93;5.93;0.59;0.59;505815
28;29;5.73;5.93;0.57;0.59;505928
28;29;5.73;5.93;0.57;0.59;506041
30;29;6.14;5.93;0.61;0.59;506154
31;29;6.34;5.93;0.63;0.59;506267
29;31;5.93;6.34;0.59;0.63;506383
28;29;5.73;5.93;0.57;0.59;506496
29;29;5.93;5.93;0.59;0.59;506609
29;29;5.93;5.93;0.59;0.59;506722
30;30;6.14;6.14;0.61;0.61;506837
31;29;6.34;5.93;0.63;0.59;506950
30;28;6.14;5.73;0.61;0.57;507063
30;30;6.14;6.14;0.61;0.61;507176
32;29;6.55;5.93;0.65;0.59;507289
29;29;5.93;5.93;0.59;0.59;507405
29;30;5.93;6.14;0.59;0.61;507518
29;29;5.93;5.93;0.59;0.59;507631
29;29;5.93;5.93;0.59;0.59;507744
26;36;5.32;7.36;0.53;0.74;507857
30;29;6.14;5.93;0.61;0.59;507970
29;29;5.93;5.93;0.59;0.59;508083
27;37;5.52;7.57;0.55;0.76;508196
28;30;5.73;6.14;0.57;0.61;508309
31;31;6.34;6.34;0.63;0.63;508427
31;28;6.34;5.73;0.63;0.57;508540
33;27;6.75;5.52;0.68;0.55;508655
29;29;5.93;5.93;0.59;0.59;508768
30;29;6.14;5.93;0.61;0.59;508881
29;29;5.93;5.93;0.59;0.59;508994
29;29;5.93;5.93;0.59;0.59;509107
28;29;5.73;5.93;0.57;0.59;509220
29;29;5.93;5.93;0.59;0.59;509333
28;37;5.73;7.57;0.57;0.76;509455
28;33;5.73;6.75;0.57;0.68;509568
29;29;5.93;5.93;0.59;0.59;509681
36;27;7.36;5.52;0.74;0.55;509794
43;17;8.8;3.48;0.88;0.35;509907
41;20;8.39;4.09;0.84;0.41;510022
30;29;6.14;5.93;0.61;0.59;510135
18;42;3.68;8.59;0.37;0.86;510248
24;36;4.91;7.36;0.49;0.74;510363
36;32;7.36;6.55;0.74;0.65;510486
31;30;6.34;6.14;0.63;0.61;510599
29;28;5.93;5.73;0.59;0.57;510712
29;30;5.93;6.14;0.59;0.61;510825
30;29;6.14;5.93;0.61;0.59;510938
30;30;6.14;6.14;0.61;0.61;511055
30;29;6.14;5.93;0.61;0.59;511168
23;36;4.71;7.36;0.47;0.74;511281
21;38;4.3;7.77;0.43;0.78;511394
41;26;8.39;5.32;0.84;0.53;511517
34;28;6.96;5.73;0.7;0.57;511630
43;16;8.8;3.27;0.88;0.33;511743
42;17;8.59;3.48;0.86;0.35;511856
43;15;8.8;3.07;0.88;0.31;511969
44;16;9;3.27;0.9;0.33;512084
41;18;8.39;3.68;0.84;0.37;512197
46;16;9.41;3.27;0.94;0.33;512310
40;17;8.18;3.48;0.82;0.35;512423
45;18;9.21;3.68;0.92;0.37;512546
40;17;8.18;3.48;0.82;0.35;512659
41;18;8.39;3.68;0.84;0.37;512772
42;20;8.59;4.09;0.86;0.41;512885
30;28;6.14;5.73;0.61;0.57;512998
29;29;5.93;5.93;0.59;0.59;513111
30;29;6.14;5.93;0.61;0.59;513224
29;31;5.93;6.34;0.59;0.63;513337
31;28;6.34;5.73;0.63;0.57;513450
35;31;7.16;6.34;0.72;0.63;513572
27;33;5.52;6.75;0.55;0.68;513685
20;39;4.09;7.98;0.41;0.8;513800
30;28;6.14;5.73;0.61;0.57;513913
20;39;4.09;7.98;0.41;0.8;514026
17;41;3.48;8.39;0.35;0.84;514139
29;32;5.93;6.55;0.59;0.65;514252
36;24;7.36;4.91;0.74;0.49;514365
30;30;6.14;6.14;0.61;0.61;514478
29;30;5.93;6.14;0.59;0.61;514594
29;29;5.93;5.93;0.59;0.59;514707
31;40;6.34;8.18;0.63;0.82;514845
18;40;3.68;8.18;0.37;0.82;514958
31;30;6.34;6.14;0.63;0.61;515071
29;28;5.93;5.73;0.59;0.57;515184
29;29;5.93;5.93;0.59;0.59;515297
28;29;5.73;5.93;0.57;0.59;515410
28;30;5.73;6.14;0.57;0.61;515525
31;32;6.34;6.55;0.63;0.65;515643
30;30;6.14;6.14;0.61;0.61;515756
28;29;5.73;5.93;0.57;0.59;515869
28;29;5.73;5.93;0.57;0.59;515982
30;30;6.14;6.14;0.61;0.61;516095
27;28;5.52;5.73;0.55;0.57;516208
28;30;5.73;6.14;0.57;0.61;516321
29;29;5.93;5.93;0.59;0.59;516434
30;29;6.14;5.93;0.61;0.59;516547
30;30;6.14;6.14;0.61;0.61;516663
29;30;5.93;6.14;0.59;0.61;516776
34;25;6.96;5.11;0.7;0.51;516889
45;18;9.21;3.68;0.92;0.37;517002
33;27;6.75;5.52;0.68;0.55;517115
40;19;8.18;3.89;0.82;0.39;517230
38;20;7.77;4.09;0.78;0.41;517343
31;30;6.34;6.14;0.63;0.61;517456
28;29;5.73;5.93;0.57;0.59;517569
31;29;6.34;5.93;0.63;0.59;517685
30;29;6.14;5.93;0.61;0.59;517798
33;29;6.75;5.93;0.68;0.59;517911
30;28;6.14;5.73;0.61;0.57;518024
29;27;5.93;5.52;0.59;0.55;518137
29;28;5.93;5.73;0.59;0.57;518250
29;28;5.93;5.73;0.59;0.57;518363
30;29;6.14;5.93;0.61;0.59;518476
30;29;6.14;5.93;0.61;0.59;518589
30;29;6.14;5.93;0.61;0.59;518705
31;28;6.34;5.73;0.63;0.57;518818
31;29;6.34;5.93;0.63;0.59;518933
29;28;5.93;5.73;0.59;0.57;519046
29;28;5.93;5.73;0.59;0.57;519159
31;27;6.34;5.52;0.63;0.55;519272
23;38;4.71;7.77;0.47;0.78;519385
3;74;0.61;15.14;0.06;1.51;519523
0;53;0;10.84;0;1.08;519640
0;55;0;11.25;0;1.13;519762
0;51;0;10.43;0;1.04;519875
0;51;0;10.43;0;1.04;519988
0;52;0;10.64;0;1.06;520101
0;53;0;10.84;0;1.08;520214
0;53;0;10.84;0;1.08;520327
0;53;0;10.84;0;1.08;520440
0;54;0;11.05;0;1.1;520553
0;56;0;11.46;0;1.15;520668
0;56;0;11.46;0;1.15;520784
6;51;1.23;10.43;0.12;1.04;520897
16;41;3.27;8.39;0.33;0.84;521010
15;41;3.07;8.39;0.31;0.84;521123
14;44;2.86;9;0.29;0.9;521236
14;42;2.86;8.59;0.29;0.86;521349
14;42;2.86;8.59;0.29;0.86;521462
14;41;2.86;8.39;0.29;0.84;521575
12;41;2.45;8.39;0.25;0.84;521688
14;44;2.86;9;0.29;0.9;521809
13;42;2.66;8.59;0.27;0.86;521922
13;41;2.66;8.39;0.27;0.84;522035
13;40;2.66;8.18;0.27;0.82;522148
15;39;3.07;7.98;0.31;0.8;522261
26;30;5.32;6.14;0.53;0.61;522376
26;29;5.32;5.93;0.53;0.59;522489
27;28;5.52;5.73;0.55;0.57;522602
30;30;6.14;6.14;0.61;0.61;522715
47;22;9.61;4.5;0.96;0.45;522838
39;22;7.98;4.5;0.8;0.45;522951
43;18;8.8;3.68;0.88;0.37;523064
40;21;8.18;4.3;0.82;0.43;523177
30;29;6.14;5.93;0.61;0.59;523290
28;30;5.73;6.14;0.57;0.61;523403
30;29;6.14;5.93;0.61;0.59;523516
30;28;6.14;5.73;0.61;0.57;523629
31;29;6.34;5.93;0.63;0.59;523742
33;31;6.75;6.34;0.68;0.63;523865
30;28;6.14;5.73;0.61;0.57;523978
30;29;6.14;5.93;0.61;0.59;524093
30;29;6.14;5.93;0.61;0.59;524206
43;40;8.8;8.18;0.88;0.82;524371
31;28;6.34;5.73;0.63;0.57;524484
30;28;6.14;5.73;0.61;0.57;524597
31;29;6.34;5.93;0.63;0.59;524710
29;27;5.93;5.52;0.59;0.55;524823
20;45;4.09;9.21;0.41;0.92;524945
23;34;4.71;6.96;0.47;0.7;525058
31;30;6.34;6.14;0.63;0.61;525171
40;40;8.18;8.18;0.82;0.82;525327
30;30;6.14;6.14;0.61;0.61;525443
30;30;6.14;6.14;0.61;0.61;525557
33;30;6.75;6.14;0.68;0.61;525673
30;28;6.14;5.73;0.61;0.57;525787
32;33;6.55;6.75;0.65;0.68;525916
30;30;6.14;6.14;0.61;0.61;526032
30;29;6.14;5.93;0.61;0.59;526149
30;30;6.14;6.14;0.61;0.61;526266
30;30;6.14;6.14;0.61;0.61;526385
30;30;6.14;6.14;0.61;0.61;526504
28;29;5.73;5.93;0.57;0.59;526621
30;30;6.14;6.14;0.61;0.61;526740
30;29;6.14;5.93;0.61;0.59;526859
29;30;5.93;6.14;0.59;0.61;526979
28;29;5.73;5.93;0.57;0.59;527098
30;30;6.14;6.14;0.61;0.61;527217
28;28;5.73;5.73;0.57;0.57;527334
15;48;3.07;9.82;0.31;0.98;527453
1;56;0.2;11.46;0.02;1.15;527572
0;56;0;11.46;0;1.15;527689
0;57;0;11.66;0;1.17;527811
0;61;0;12.48;0;1.25;527939
0;58;0;11.86;0;1.19;528059
4;58;0.82;11.86;0.08;1.19;528189
15;47;3.07;9.61;0.31;0.96;528308
10;49;2.05;10.02;0.2;1;528427
15;44;3.07;9;0.31;0.9;528544
14;46;2.86;9.41;0.29;0.94;528668
14;44;2.86;9;0.29;0.9;528787
15;42;3.07;8.59;0.31;0.86;528904
15;47;3.07;9.61;0.31;0.96;529031
14;44;2.86;9;0.29;0.9;529151
15;40;3.07;8.18;0.31;0.82;529268
37;35;7.57;7.16;0.76;0.72;529404
28;31;5.73;6.34;0.57;0.63;529528
29;31;5.93;6.34;0.59;0.63;529650
28;28;5.73;5.73;0.57;0.57;529767
31;29;6.34;5.93;0.63;0.59;529886
34;32;6.96;6.55;0.7;0.65;530015
30;31;6.14;6.34;0.61;0.63;530133
27;36;5.52;7.36;0.55;0.74;530252
27;34;5.52;6.96;0.55;0.7;530371
24;36;4.91;7.36;0.49;0.74;530488
29;31;5.93;6.34;0.59;0.63;530607
31;32;6.34;6.55;0.63;0.65;530735
36;26;7.36;5.32;0.74;0.53;530852
50;16;10.23;3.27;1.02;0.33;530971
51;17;10.43;3.48;1.04;0.35;531100
46;16;9.41;3.27;0.94;0.33;531218
48;19;9.82;3.89;0.98;0.39;531337
34;27;6.96;5.52;0.7;0.55;531459
30;31;6.14;6.34;0.61;0.63;531578
29;30;5.93;6.14;0.59;0.61;531695
31;29;6.34;5.93;0.63;0.59;531814
37;30;7.57;6.14;0.76;0.61;531933
33;31;6.75;6.34;0.68;0.63;532059
30;29;6.14;5.93;0.61;0.59;532178
31;29;6.34;5.93;0.63;0.59;532297
22;38;4.5;7.77;0.45;0.78;532414
21;39;4.3;7.98;0.43;0.8;532533
29;33;5.93;6.75;0.59;0.68;532652
17;44;3.48;9;0.35;0.9;532769
27;37;5.52;7.57;0.55;0.76;532888
44;18;9;3.68;0.9;0.37;533007
21;43;4.3;8.8;0.43;0.88;533133
23;47;4.71;9.61;0.47;0.96;533268
28;32;5.73;6.55;0.57;0.65;533387
30;31;6.14;6.34;0.61;0.63;533506
31;29;6.34;5.93;0.63;0.59;533623
29;31;5.93;6.34;0.59;0.63;533742
30;30;6.14;6.14;0.61;0.61;533861
29;30;5.93;6.14;0.59;0.61;533978
31;33;6.34;6.75;0.63;0.68;534107
31;31;6.34;6.34;0.63;0.63;534227
30;30;6.14;6.14;0.61;0.61;534347
31;31;6.34;6.34;0.63;0.63;534466
30;31;6.14;6.34;0.61;0.63;534585
30;30;6.14;6.14;0.61;0.61;534702
28;30;5.73;6.14;0.57;0.61;534821
24;38;4.91;7.77;0.49;0.78;534940
10;54;2.05;11.05;0.2;1.1;535062
59;21;12.07;4.3;1.21;0.43;535189
46;20;9.41;4.09;0.94;0.41;535308
35;25;7.16;5.11;0.72;0.51;535427
29;31;5.93;6.34;0.59;0.63;535544
30;30;6.14;6.14;0.61;0.61;535663
34;32;6.96;6.55;0.7;0.65;535795
30;29;6.14;5.93;0.61;0.59;535912
32;30;6.55;6.14;0.65;0.61;536031
35;32;7.16;6.55;0.72;0.65;536160
32;30;6.55;6.14;0.65;0.61;536278
32;29;6.55;5.93;0.65;0.59;536397
31;29;6.34;5.93;0.63;0.59;536516
38;23;7.77;4.71;0.78;0.47;536633
39;24;7.98;4.91;0.8;0.49;536752
31;31;6.34;6.34;0.63;0.63;536874
30;29;6.14;5.93;0.61;0.59;536993
29;29;5.93;5.93;0.59;0.59;537110
31;30;6.34;6.14;0.63;0.61;537231
32;30;6.55;6.14;0.65;0.61;537351
32;29;6.55;5.93;0.65;0.59;537468
31;30;6.34;6.14;0.63;0.61;537587
32;30;6.55;6.14;0.65;0.61;537706
30;29;6.14;5.93;0.61;0.59;537823
30;30;6.14;6.14;0.61;0.61;537942
27;41;5.52;8.39;0.55;0.84;538066
54;29;11.05;5.93;1.1;0.59;538193
60;10;12.27;2.05;1.23;0.2;538325
31;29;6.34;5.93;0.63;0.59;538444
29;30;5.93;6.14;0.59;0.61;538561
30;30;6.14;6.14;0.61;0.61;538683
31;30;6.34;6.14;0.63;0.61;538802
33;29;6.75;5.93;0.68;0.59;538921
31;29;6.34;5.93;0.63;0.59;539038
30;30;6.14;6.14;0.61;0.61;539157
35;31;7.16;6.34;0.72;0.63;539286
36;34;7.36;6.96;0.74;0.7;539422
37;32;7.57;6.55;0.76;0.65;539546
31;29;6.34;5.93;0.63;0.59;539665
30;30;6.14;6.14;0.61;0.61;539782
30;29;6.14;5.93;0.61;0.59;539901
31;30;6.34;6.14;0.63;0.61;540021
31;29;6.34;5.93;0.63;0.59;540139
29;27;5.93;5.52;0.59;0.55;540249
29;28;5.93;5.73;0.59;0.57;540362
30;29;6.14;5.93;0.61;0.59;540477
30;28;6.14;5.73;0.61;0.57;540590
32;27;6.55;5.52;0.65;0.55;540702
29;28;5.93;5.73;0.59;0.57;540814
30;27;6.14;5.52;0.61;0.55;540926
30;27;6.14;5.52;0.61;0.55;541038
31;27;6.34;5.52;0.63;0.55;541150
30;28;6.14;5.73;0.61;0.57;541266
32;28;6.55;5.73;0.65;0.57;541379
32;28;6.55;5.73;0.65;0.57;541492
31;27;6.34;5.52;0.63;0.55;541604
29;27;5.93;5.52;0.59;0.55;541716
29;28;5.93;5.73;0.59;0.57;541828
29;27;5.93;5.52;0.59;0.55;541940
29;28;5.93;5.73;0.59;0.57;542052
32;28;6.55;5.73;0.65;0.57;542167
30;28;6.14;5.73;0.61;0.57;542282
28;28;5.73;5.73;0.57;0.57;542395
29;28;5.93;5.73;0.59;0.57;542508
29;27;5.93;5.52;0.59;0.55;542620
29;28;5.93;5.73;0.59;0.57;542732
30;27;6.14;5.52;0.61;0.55;542844
28;28;5.73;5.73;0.57;0.57;542956
28;27;5.73;5.52;0.57;0.55;543068
31;29;6.34;5.93;0.63;0.59;543180
30;28;6.14;5.73;0.61;0.57;543295
29;29;5.93;5.93;0.59;0.59;543408
29;28;5.93;5.73;0.59;0.57;543521
29;28;5.93;5.73;0.59;0.57;543633
31;27;6.34;5.52;0.63;0.55;543745
29;29;5.93;5.93;0.59;0.59;543860
29;27;5.93;5.52;0.59;0.55;543972
33;31;6.75;6.34;0.68;0.63;544099
24;35;4.91;7.16;0.49;0.72;544211
13;50;2.66;10.23;0.27;1.02;544332
19;38;3.89;7.77;0.39;0.78;544445
27;28;5.52;5.73;0.55;0.57;544558
28;29;5.73;5.93;0.57;0.59;544671
28;28;5.73;5.73;0.57;0.57;544783
14;47;2.86;9.61;0.29;0.96;544896
18;38;3.68;7.77;0.37;0.78;545008
28;28;5.73;5.73;0.57;0.57;545120
27;29;5.52;5.93;0.55;0.59;545232
30;31;6.14;6.34;0.61;0.63;545354
29;30;5.93;6.14;0.59;0.61;545467
24;34;4.91;6.96;0.49;0.7;545582
17;40;3.48;8.18;0.35;0.82;545694
20;38;4.09;7.77;0.41;0.78;545806
30;29;6.14;5.93;0.61;0.59;545918
30;29;6.14;5.93;0.61;0.59;546030
28;29;5.73;5.93;0.57;0.59;546142
28;29;5.73;5.93;0.57;0.59;546254
29;29;5.93;5.93;0.59;0.59;546369
30;29;6.14;5.93;0.61;0.59;546482
30;29;6.14;5.93;0.61;0.59;546595
28;29;5.73;5.93;0.57;0.59;546707
27;28;5.52;5.73;0.55;0.57;546819
27;29;5.52;5.93;0.55;0.59;546931
27;27;5.52;5.52;0.55;0.55;547043
28;27;5.73;5.52;0.57;0.55;547155
32;29;6.55;5.93;0.65;0.59;547270
28;28;5.73;5.73;0.57;0.57;547385
29;29;5.93;5.93;0.59;0.59;547498
30;29;6.14;5.93;0.61;0.59;547611
30;28;6.14;5.73;0.61;0.57;547723
28;28;5.73;5.73;0.57;0.57;547835
29;28;5.93;5.73;0.59;0.57;547947
29;27;5.93;5.52;0.59;0.55;548059
29;29;5.93;5.93;0.59;0.59;548171
51;17;10.43;3.48;1.04;0.35;548283
51;16;10.43;3.27;1.04;0.33;548405
52;7;10.64;1.43;1.06;0.14;548518
48;11;9.82;2.25;0.98;0.23;548631
41;15;8.39;3.07;0.84;0.31;548743
60;13;12.27;2.66;1.23;0.27;548881
54;0;11.05;0;1.1;0;548996
49;4;10.02;0.82;1;0.08;549108
43;14;8.8;2.86;0.88;0.29;549220
50;7;10.23;1.43;1.02;0.14;549332
44;12;9;2.45;0.9;0.25;549447
54;2;11.05;0.41;1.1;0.04;549560
52;0;10.64;0;1.06;0;549673
47;8;9.61;1.64;0.96;0.16;549785
51;5;10.43;1.02;1.04;0.1;549897
41;12;8.39;2.45;0.84;0.25;550009
42;16;8.59;3.27;0.86;0.33;550121
41;16;8.39;3.27;0.84;0.33;550233
40;18;8.18;3.68;0.82;0.37;550345
42;17;8.59;3.48;0.86;0.35;550466
41;18;8.39;3.68;0.84;0.37;550579
40;17;8.18;3.48;0.82;0.35;550694
41;17;8.39;3.48;0.84;0.35;550806
43;16;8.8;3.27;0.88;0.33;550918
37;18;7.57;3.68;0.76;0.37;551030
18;40;3.68;8.18;0.37;0.82;551142
24;31;4.91;6.34;0.49;0.63;551254
32;27;6.55;5.52;0.65;0.55;551366
30;30;6.14;6.14;0.61;0.61;551487
29;27;5.93;5.52;0.59;0.55;551600
30;28;6.14;5.73;0.61;0.57;551713
29;28;5.93;5.73;0.59;0.57;551825
28;27;5.73;5.52;0.57;0.55;551937
28;27;5.73;5.52;0.57;0.55;552049
29;28;5.93;5.73;0.59;0.57;552161
28;27;5.73;5.52;0.57;0.55;552273
30;29;6.14;5.93;0.61;0.59;552388
29;27;5.93;5.52;0.59;0.55;552503
30;28;6.14;5.73;0.61;0.57;552616
29;26;5.93;5.32;0.59;0.53;552728
21;37;4.3;7.57;0.43;0.76;552840
16;39;3.27;7.98;0.33;0.8;552952
15;39;3.07;7.98;0.31;0.8;553064
17;39;3.48;7.98;0.35;0.8;553176
24;33;4.91;6.75;0.49;0.68;553288
30;28;6.14;5.73;0.61;0.57;553400
29;29;5.93;5.93;0.59;0.59;553517
32;32;6.55;6.55;0.65;0.65;553648
37;25;7.57;5.11;0.76;0.51;553761
45;12;9.21;2.45;0.92;0.25;553873
41;13;8.39;2.66;0.84;0.27;553985
40;17;8.18;3.48;0.82;0.35;554100
38;20;7.77;4.09;0.78;0.41;554212
43;14;8.8;2.86;0.88;0.29;554324
43;13;8.8;2.66;0.88;0.27;554436
44;14;9;2.86;0.9;0.29;554558
43;14;8.8;2.86;0.88;0.29;554671
43;13;8.8;2.66;0.88;0.27;554784
43;14;8.8;2.86;0.88;0.29;554896
44;13;9;2.66;0.9;0.27;555009
44;13;9;2.66;0.9;0.27;555121
42;14;8.59;2.86;0.86;0.29;555233
42;12;8.59;2.45;0.86;0.25;555345
42;13;8.59;2.66;0.86;0.27;555457
43;14;8.8;2.86;0.88;0.29;555572
43;14;8.8;2.86;0.88;0.29;555685
48;14;9.82;2.86;0.98;0.29;555800
44;13;9;2.66;0.9;0.27;555912
44;15;9;3.07;0.9;0.31;556024
43;13;8.8;2.66;0.88;0.27;556136
41;11;8.39;2.25;0.84;0.23;556248
42;13;8.59;2.66;0.86;0.27;556360
40;13;8.18;2.66;0.82;0.27;556472
43;14;8.8;2.86;0.88;0.29;556587
42;13;8.59;2.66;0.86;0.27;556700
43;12;8.8;2.45;0.88;0.25;556812
40;16;8.18;3.27;0.82;0.33;556924
32;24;6.55;4.91;0.65;0.49;557036
40;18;8.18;3.68;0.82;0.37;557148
33;23;6.75;4.71;0.68;0.47;557260
39;16;7.98;3.27;0.8;0.33;557372
44;15;9;3.07;0.9;0.31;557486
40;19;8.18;3.89;0.82;0.39;557608
30;26;6.14;5.32;0.61;0.53;557721
37;20;7.57;4.09;0.76;0.41;557833
41;15;8.39;3.07;0.84;0.31;557945
42;14;8.59;2.86;0.86;0.29;558057
40;11;8.18;2.25;0.82;0.23;558169
53;19;10.84;3.89;1.08;0.39;558308
42;15;8.59;3.07;0.86;0.31;558420
42;15;8.59;3.07;0.86;0.31;558532
42;17;8.59;3.48;0.86;0.35;558654
41;17;8.39;3.48;0.84;0.35;558767
39;16;7.98;3.27;0.8;0.33;558879
40;17;8.18;3.48;0.82;0.35;558991
40;16;8.18;3.27;0.82;0.33;559103
40;21;8.18;4.3;0.82;0.43;559226
28;28;5.73;5.73;0.57;0.57;559340
28;29;5.73;5.93;0.57;0.59;559452
30;27;6.14;5.52;0.61;0.55;559564
30;29;6.14;5.93;0.61;0.59;559686
28;27;5.73;5.52;0.57;0.55;559799
29;27;5.93;5.52;0.59;0.55;559912
28;27;5.73;5.52;0.57;0.55;560024
28;27;5.73;5.52;0.57;0.55;560136
29;23;5.93;4.71;0.59;0.47;560248
37;14;7.57;2.86;0.76;0.29;560360
43;8;8.8;1.64;0.88;0.16;560472
40;8;8.18;1.64;0.82;0.16;560584
43;8;8.8;1.64;0.88;0.16;560706
42;8;8.59;1.64;0.86;0.16;560819
41;8;8.39;1.64;0.84;0.16;560934
39;7;7.98;1.43;0.8;0.14;561047
40;8;8.18;1.64;0.82;0.16;561160
41;7;8.39;1.43;0.84;0.14;561273
42;7;8.59;1.43;0.86;0.14;561386
43;8;8.8;1.64;0.88;0.16;561499
43;9;8.8;1.84;0.88;0.18;561612
42;9;8.59;1.84;0.86;0.18;561728
44;10;9;2.05;0.9;0.2;561841
42;9;8.59;1.84;0.86;0.18;561954
44;9;9;1.84;0.9;0.18;562067
42;10;8.59;2.05;0.86;0.2;562180
41;9;8.39;1.84;0.84;0.18;562293
42;8;8.59;1.64;0.86;0.16;562406
41;9;8.39;1.84;0.84;0.18;562519
41;9;8.39;1.84;0.84;0.18;562632
42;8;8.59;1.64;0.86;0.16;562750
45;8;9.21;1.64;0.92;0.16;562878
41;7;8.39;1.43;0.84;0.14;562991
42;9;8.59;1.84;0.86;0.18;563104
42;7;8.59;1.43;0.86;0.14;563217
41;9;8.39;1.84;0.84;0.18;563330
41;9;8.39;1.84;0.84;0.18;563443
41;7;8.39;1.43;0.84;0.14;563556
41;8;8.39;1.64;0.84;0.16;563669
44;9;9;1.84;0.9;0.18;563785
41;8;8.39;1.64;0.84;0.16;563898
43;7;8.8;1.43;0.88;0.14;564011
43;7;8.8;1.43;0.88;0.14;564124
42;7;8.59;1.43;0.86;0.14;564237
42;6;8.59;1.23;0.86;0.12;564350
46;7;9.41;1.43;0.94;0.14;564465
41;10;8.39;2.05;0.84;0.2;564578
42;8;8.59;1.64;0.86;0.16;564691
44;7;9;1.43;0.9;0.14;564807
45;8;9.21;1.64;0.92;0.16;564920
44;8;9;1.64;0.9;0.16;565033
44;8;9;1.64;0.9;0.16;565146
46;8;9.41;1.64;0.94;0.16;565259
42;7;8.59;1.43;0.86;0.14;565372
42;8;8.59;1.64;0.86;0.16;565485
42;8;8.59;1.64;0.86;0.16;565598
42;7;8.59;1.43;0.86;0.14;565711
47;8;9.61;1.64;0.96;0.16;565827
43;7;8.8;1.43;0.88;0.14;565940
41;7;8.39;1.43;0.84;0.14;566053
38;12;7.77;2.45;0.78;0.25;566166
31;25;6.34;5.11;0.63;0.51;566281
31;24;6.34;4.91;0.63;0.49;566394
32;23;6.55;4.71;0.65;0.47;566507
43;18;8.8;3.68;0.88;0.37;566620
29;27;5.93;5.52;0.59;0.55;566733
30;31;6.14;6.34;0.61;0.63;566856
29;28;5.93;5.73;0.59;0.57;566969
28;28;5.73;5.73;0.57;0.57;567082
29;28;5.93;5.73;0.59;0.57;567195
30;25;6.14;5.11;0.61;0.51;567308
40;16;8.18;3.27;0.82;0.33;567421
39;17;7.98;3.48;0.8;0.35;567534
45;20;9.21;4.09;0.92;0.41;567667
52;23;10.64;4.71;1.06;0.47;567821
43;18;8.8;3.68;0.88;0.37;567943
32;27;6.55;5.52;0.65;0.55;568058
26;29;5.32;5.93;0.53;0.59;568171
28;27;5.73;5.52;0.57;0.55;568284
29;27;5.93;5.52;0.59;0.55;568397
30;27;6.14;5.52;0.61;0.55;568510
37;34;7.57;6.96;0.76;0.7;568664
20;36;4.09;7.36;0.41;0.74;568780
22;40;4.5;8.18;0.45;0.82;568903
27;33;5.52;6.75;0.55;0.68;569019
33;28;6.75;5.73;0.68;0.57;569134
30;29;6.14;5.93;0.61;0.59;569250
28;30;5.73;6.14;0.57;0.61;569366
28;29;5.73;5.93;0.57;0.59;569481
29;29;5.93;5.93;0.59;0.59;569598
31;32;6.34;6.55;0.63;0.65;569726
30;30;6.14;6.14;0.61;0.61;569848
30;30;6.14;6.14;0.61;0.61;569971
30;30;6.14;6.14;0.61;0.61;570090
29;29;5.93;5.93;0.59;0.59;570209
30;29;6.14;5.93;0.61;0.59;570326
29;30;5.93;6.14;0.59;0.61;570445
31;29;6.34;5.93;0.63;0.59;570564
29;29;5.93;5.93;0.59;0.59;570681
31;30;6.34;6.14;0.63;0.61;570800
26;33;5.32;6.75;0.53;0.68;570919
17;45;3.48;9.21;0.35;0.92;571045
17;42;3.48;8.59;0.35;0.86;571164
18;42;3.68;8.59;0.37;0.86;571283
17;40;3.48;8.18;0.35;0.82;571400
20;38;4.09;7.77;0.41;0.78;571519
29;31;5.93;6.34;0.59;0.63;571641
30;29;6.14;5.93;0.61;0.59;571760
29;30;5.93;6.14;0.59;0.61;571882
31;32;6.34;6.55;0.63;0.65;572010
30;30;6.14;6.14;0.61;0.61;572130
31;31;6.34;6.34;0.63;0.63;572260
35;26;7.16;5.32;0.72;0.53;572379
46;13;9.41;2.66;0.94;0.27;572498
41;16;8.39;3.27;0.84;0.33;572615
47;21;9.61;4.3;0.96;0.43;572750
41;18;8.39;3.68;0.84;0.37;572875
38;20;7.77;4.09;0.78;0.41;572992
31;31;6.34;6.34;0.63;0.63;573113
29;30;5.93;6.14;0.59;0.61;573233
29;28;5.93;5.73;0.59;0.57;573350
30;29;6.14;5.93;0.61;0.59;573472
31;29;6.34;5.93;0.63;0.59;573591
31;29;6.34;5.93;0.63;0.59;573710
29;28;5.93;5.73;0.59;0.57;573827
31;28;6.34;5.73;0.63;0.57;573946
33;29;6.75;5.93;0.68;0.59;574068
31;29;6.34;5.93;0.63;0.59;574186
30;28;6.14;5.73;0.61;0.57;574305
30;30;6.14;6.14;0.61;0.61;574424
29;27;5.93;5.52;0.59;0.55;574541
31;29;6.34;5.93;0.63;0.59;574660
35;31;7.16;6.34;0.72;0.63;574788
29;27;5.93;5.52;0.59;0.55;574905
31;28;6.34;5.73;0.63;0.57;575024
30;29;6.14;5.93;0.61;0.59;575146
32;30;6.55;6.14;0.65;0.61;575268
29;29;5.93;5.93;0.59;0.59;575385
33;29;6.75;5.93;0.68;0.59;575504
29;29;5.93;5.93;0.59;0.59;575623
29;28;5.93;5.73;0.59;0.57;575740
32;29;6.55;5.93;0.65;0.59;575859
32;29;6.55;5.93;0.65;0.59;575978
31;28;6.34;5.73;0.63;0.57;576095
31;29;6.34;5.93;0.63;0.59;576216
34;29;6.96;5.93;0.7;0.59;576336
29;28;5.93;5.73;0.59;0.57;576453
32;29;6.55;5.93;0.65;0.59;576572
32;28;6.55;5.73;0.65;0.57;576691
29;29;5.93;5.93;0.59;0.59;576808
33;28;6.75;5.73;0.68;0.57;576927
31;29;6.34;5.93;0.63;0.59;577049
33;29;6.75;5.93;0.68;0.59;577171
33;31;6.75;6.34;0.68;0.63;577301
30;29;6.14;5.93;0.61;0.59;577420
31;28;6.34;5.73;0.63;0.57;577539
31;28;6.34;5.73;0.63;0.57;577659
31;29;6.34;5.93;0.63;0.59;577778
32;28;6.55;5.73;0.65;0.57;577897
30;28;6.14;5.73;0.61;0.57;578014
30;29;6.14;5.93;0.61;0.59;578133
32;30;6.55;6.14;0.65;0.61;578255
30;29;6.14;5.93;0.61;0.59;578373
32;29;6.55;5.93;0.65;0.59;578492
29;29;5.93;5.93;0.59;0.59;578611
30;29;6.14;5.93;0.61;0.59;578728
31;30;6.34;6.14;0.63;0.61;578850
30;30;6.14;6.14;0.61;0.61;578969
30;29;6.14;5.93;0.61;0.59;579088
30;29;6.14;5.93;0.61;0.59;579208
32;29;6.55;5.93;0.65;0.59;579327
30;29;6.14;5.93;0.61;0.59;579446
30;29;6.14;5.93;0.61;0.59;579563
30;29;6.14;5.93;0.61;0.59;579682
23;45;4.71;9.21;0.47;0.92;579814
17;41;3.48;8.39;0.35;0.84;579931
17;42;3.48;8.59;0.35;0.86;580050
24;35;4.91;7.16;0.49;0.72;580169
31;29;6.34;5.93;0.63;0.59;580289
31;30;6.34;6.14;0.63;0.61;580408
31;30;6.34;6.14;0.63;0.61;580527
29;31;5.93;6.34;0.59;0.63;580649
28;28;5.73;5.73;0.57;0.57;580766
29;30;5.93;6.14;0.59;0.61;580885
30;30;6.14;6.14;0.61;0.61;581004
28;29;5.73;5.93;0.57;0.59;581121
31;31;6.34;6.34;0.63;0.63;581243
30;31;6.14;6.34;0.61;0.63;581367
28;29;5.73;5.93;0.57;0.59;581484
29;29;5.93;5.93;0.59;0.59;581603
28;30;5.73;6.14;0.57;0.61;581722
30;29;6.14;5.93;0.61;0.59;581839
29;29;5.93;5.93;0.59;0.59;581958
28;29;5.73;5.93;0.57;0.59;582077
29;29;5.93;5.93;0.59;0.59;582194
33;34;6.75;6.96;0.68;0.7;582328
30;31;6.14;6.34;0.61;0.63;582451
30;29;6.14;5.93;0.61;0.59;582570
32;33;6.55;6.75;0.65;0.68;582703
31;31;6.34;6.34;0.63;0.63;582827
30;29;6.14;5.93;0.61;0.59;582946
29;29;5.93;5.93;0.59;0.59;583063
29;30;5.93;6.14;0.59;0.61;583182
30;30;6.14;6.14;0.61;0.61;583305
29;29;5.93;5.93;0.59;0.59;583423
26;26;5.32;5.32;0.53;0.53;583530
28;28;5.73;5.73;0.57;0.57;583643
28;28;5.73;5.73;0.57;0.57;583756
29;28;5.93;5.73;0.59;0.57;583869
29;28;5.93;5.73;0.59;0.57;583982
28;28;5.73;5.73;0.57;0.57;584095
28;31;5.73;6.34;0.57;0.63;584210
30;29;6.14;5.93;0.61;0.59;584326
28;28;5.73;5.73;0.57;0.57;584439
29;28;5.93;5.73;0.59;0.57;584552
28;28;5.73;5.73;0.57;0.57;584665
29;28;5.93;5.73;0.59;0.57;584778
29;28;5.93;5.73;0.59;0.57;584891
28;27;5.73;5.52;0.57;0.55;585004
28;28;5.73;5.73;0.57;0.57;585117
27;27;5.52;5.52;0.55;0.55;585230
28;28;5.73;5.73;0.57;0.57;585346
28;28;5.73;5.73;0.57;0.57;585459
30;28;6.14;5.73;0.61;0.57;585572
27;27;5.52;5.52;0.55;0.55;585685
31;28;6.34;5.73;0.63;0.57;585798
30;27;6.14;5.52;0.61;0.55;585911
26;27;5.32;5.52;0.53;0.55;586022
28;28;5.73;5.73;0.57;0.57;586135
29;27;5.93;5.52;0.59;0.55;586248
29;28;5.93;5.73;0.59;0.57;586364
30;27;6.14;5.52;0.61;0.55;586477
28;28;5.73;5.73;0.57;0.57;586590
30;28;6.14;5.73;0.61;0.57;586703
27;28;5.52;5.73;0.55;0.57;586816
30;28;6.14;5.73;0.61;0.57;586929
30;27;6.14;5.52;0.61;0.55;587042
28;28;5.73;5.73;0.57;0.57;587155
28;28;5.73;5.73;0.57;0.57;587268
29;29;5.93;5.93;0.59;0.59;587384
28;28;5.73;5.73;0.57;0.57;587500
27;28;5.52;5.73;0.55;0.57;587613
29;29;5.93;5.93;0.59;0.59;587728
28;28;5.73;5.73;0.57;0.57;587841
27;26;5.52;5.32;0.55;0.53;587953
27;28;5.52;5.73;0.55;0.57;588066
27;27;5.52;5.52;0.55;0.55;588178
30;27;6.14;5.52;0.61;0.55;588291
28;27;5.73;5.52;0.57;0.55;588406
27;27;5.52;5.52;0.55;0.55;588519
26;26;5.32;5.32;0.53;0.53;588632
28;26;5.73;5.32;0.57;0.53;588745
28;27;5.73;5.52;0.57;0.55;588857
27;27;5.52;5.52;0.55;0.55;588970
27;27;5.52;5.52;0.55;0.55;589082
27;28;5.52;5.73;0.55;0.57;589195
27;27;5.52;5.52;0.55;0.55;589307
28;28;5.73;5.73;0.57;0.57;589425
28;28;5.73;5.73;0.57;0.57;589538
28;27;5.73;5.52;0.57;0.55;589651
27;28;5.52;5.73;0.55;0.57;589763
29;27;5.93;5.52;0.59;0.55;589875
28;27;5.73;5.52;0.57;0.55;589987
29;27;5.93;5.52;0.59;0.55;590101
28;28;5.73;5.73;0.57;0.57;590214
28;26;5.73;5.32;0.57;0.53;590327
29;28;5.93;5.73;0.59;0.57;590442
27;27;5.52;5.52;0.55;0.55;590555
28;27;5.73;5.52;0.57;0.55;590668
29;27;5.93;5.52;0.59;0.55;590781
28;26;5.73;5.32;0.57;0.53;590893
27;26;5.52;5.32;0.55;0.53;591006
29;28;5.93;5.73;0.59;0.57;591121
27;28;5.52;5.73;0.55;0.57;591234
28;27;5.73;5.52;0.57;0.55;591346
29;28;5.93;5.73;0.59;0.57;591462
28;28;5.73;5.73;0.57;0.57;591575
32;28;6.55;5.73;0.65;0.57;591688
27;27;5.52;5.52;0.55;0.55;591800
28;27;5.73;5.52;0.57;0.55;591913
27;28;5.52;5.73;0.55;0.57;592025
29;27;5.93;5.52;0.59;0.55;592137
34;34;6.96;6.96;0.7;0.7;592275
28;28;5.73;5.73;0.57;0.57;592388
31;28;6.34;5.73;0.63;0.57;592503
29;28;5.93;5.73;0.59;0.57;592616
34;25;6.96;5.11;0.7;0.51;592729
43;16;8.8;3.27;0.88;0.33;592844
28;27;5.73;5.52;0.57;0.55;592956
28;27;5.73;5.52;0.57;0.55;593069
28;27;5.73;5.52;0.57;0.55;593181
29;27;5.93;5.52;0.59;0.55;593294
28;27;5.73;5.52;0.57;0.55;593406
30;28;6.14;5.73;0.61;0.57;593522
28;28;5.73;5.73;0.57;0.57;593635
30;28;6.14;5.73;0.61;0.57;593748
28;28;5.73;5.73;0.57;0.57;593860
28;27;5.73;5.52;0.57;0.55;593973
30;26;6.14;5.32;0.61;0.53;594085
31;27;6.34;5.52;0.63;0.55;594198
31;26;6.34;5.32;0.63;0.53;594310
30;27;6.14;5.52;0.61;0.55;594423
31;28;6.34;5.73;0.63;0.57;594541
28;28;5.73;5.73;0.57;0.57;594654
29;27;5.93;5.52;0.59;0.55;594767
29;27;5.93;5.52;0.59;0.55;594880
28;27;5.73;5.52;0.57;0.55;594992
31;28;6.34;5.73;0.63;0.57;595105
28;27;5.73;5.52;0.57;0.55;595217
32;27;6.55;5.52;0.65;0.55;595330
27;26;5.52;5.32;0.55;0.53;595442
30;28;6.14;5.73;0.61;0.57;595558
31;28;6.34;5.73;0.63;0.57;595671
30;28;6.14;5.73;0.61;0.57;595784
29;27;5.93;5.52;0.59;0.55;595896
29;27;5.93;5.52;0.59;0.55;596009
28;27;5.73;5.52;0.57;0.55;596121
29;28;5.93;5.73;0.59;0.57;596236
28;27;5.73;5.52;0.57;0.55;596348
29;28;5.93;5.73;0.59;0.57;596461
27;27;5.52;5.52;0.55;0.55;596576
28;27;5.73;5.52;0.57;0.55;596689
30;26;6.14;5.32;0.61;0.53;596801
30;30;6.14;6.14;0.61;0.61;596923
29;26;5.93;5.32;0.59;0.53;597035
30;28;6.14;5.73;0.61;0.57;597148
28;27;5.73;5.52;0.57;0.55;597260
28;28;5.73;5.73;0.57;0.57;597373
27;27;5.52;5.52;0.55;0.55;597485
29;28;5.93;5.73;0.59;0.57;597601
30;28;6.14;5.73;0.61;0.57;597714
28;27;5.73;5.52;0.57;0.55;597827
31;28;6.34;5.73;0.63;0.57;597942
29;28;5.93;5.73;0.59;0.57;598055
29;28;5.93;5.73;0.59;0.57;598167
28;28;5.73;5.73;0.57;0.57;598280
29;27;5.93;5.52;0.59;0.55;598392
28;27;5.73;5.52;0.57;0.55;598505
29;28;5.93;5.73;0.59;0.57;598622
29;28;5.93;5.73;0.59;0.57;598735
29;27;5.93;5.52;0.59;0.55;598848
29;27;5.93;5.52;0.59;0.55;598961
27;27;5.52;5.52;0.55;0.55;599073
28;27;5.73;5.52;0.57;0.55;599186
27;27;5.52;5.52;0.55;0.55;599298
27;27;5.52;5.52;0.55;0.55;599411
28;27;5.73;5.52;0.57;0.55;599523
31;28;6.34;5.73;0.63;0.57;599641
28;27;5.73;5.52;0.57;0.55;599754
28;27;5.73;5.52;0.57;0.55;599867
27;27;5.52;5.52;0.55;0.55;599979
28;27;5.73;5.52;0.57;0.55;600092
28;27;5.73;5.52;0.57;0.55;600204
29;27;5.93;5.52;0.59;0.55;600317
29;28;5.93;5.73;0.59;0.57;600429
31;27;6.34;5.52;0.63;0.55;600542
29;26;5.93;5.32;0.59;0.53;600657
27;26;5.52;5.32;0.55;0.53;600770
28;26;5.73;5.32;0.57;0.53;600883
30;26;6.14;5.32;0.61;0.53;600996
28;26;5.73;5.32;0.57;0.53;601108
30;27;6.14;5.52;0.61;0.55;601221
28;28;5.73;5.73;0.57;0.57;601336
29;27;5.93;5.52;0.59;0.55;601449
28;26;5.73;5.32;0.57;0.53;601561
35;32;7.16;6.55;0.72;0.65;601701
28;25;5.73;5.11;0.57;0.51;601814
29;26;5.93;5.32;0.59;0.53;601927
28;26;5.73;5.32;0.57;0.53;602039
27;25;5.52;5.11;0.55;0.51;602151
27;23;5.52;4.71;0.55;0.47;602263
26;23;5.32;4.71;0.53;0.47;602375
28;26;5.73;5.32;0.57;0.53;602487
28;27;5.73;5.52;0.57;0.55;602599
28;27;5.73;5.52;0.57;0.55;602714
30;25;6.14;5.11;0.61;0.51;602827
29;26;5.93;5.32;0.59;0.53;602939
31;26;6.34;5.32;0.63;0.53;603054
29;26;5.93;5.32;0.59;0.53;603166
28;27;5.73;5.52;0.57;0.55;603278
28;25;5.73;5.11;0.57;0.51;603390
29;26;5.93;5.32;0.59;0.53;603502
28;26;5.73;5.32;0.57;0.53;603614
32;28;6.55;5.73;0.65;0.57;603729
31;27;6.34;5.52;0.63;0.55;603842
29;27;5.93;5.52;0.59;0.55;603955
29;27;5.93;5.52;0.59;0.55;604067
30;28;6.14;5.73;0.61;0.57;604180
27;27;5.52;5.52;0.55;0.55;604292
29;26;5.93;5.32;0.59;0.53;604404
28;27;5.73;5.52;0.57;0.55;604516
29;27;5.93;5.52;0.59;0.55;604628
29;29;5.93;5.93;0.59;0.59;604746
29;27;5.93;5.52;0.59;0.55;604859
28;27;5.73;5.52;0.57;0.55;604971
28;27;5.73;5.52;0.57;0.55;605083
29;27;5.93;5.52;0.59;0.55;605195
28;27;5.73;5.52;0.57;0.55;605307
27;26;5.52;5.32;0.55;0.53;605419
34;26;6.96;5.32;0.7;0.53;605531
30;25;6.14;5.11;0.61;0.51;605643
30;27;6.14;5.52;0.61;0.55;605758
29;26;5.93;5.32;0.59;0.53;605871
29;26;5.93;5.32;0.59;0.53;605984
28;24;5.73;4.91;0.57;0.49;606096
29;25;5.93;5.11;0.59;0.51;606208
28;25;5.73;5.11;0.57;0.51;606320
43;37;8.8;7.57;0.88;0.76;606486
29;25;5.93;5.11;0.59;0.51;606598
28;26;5.73;5.32;0.57;0.53;606711
29;25;5.93;5.11;0.59;0.51;606826
28;25;5.73;5.11;0.57;0.51;606939
27;27;5.52;5.52;0.55;0.55;607051
28;27;5.73;5.52;0.57;0.55;607164
28;29;5.73;5.93;0.57;0.59;607278
37;37;7.57;7.57;0.76;0.76;607435
29;29;5.93;5.93;0.59;0.59;607550
28;28;5.73;5.73;0.57;0.57;607664
30;28;6.14;5.73;0.61;0.57;607782
30;28;6.14;5.73;0.61;0.57;607899
27;28;5.52;5.73;0.55;0.57;608013
32;28;6.55;5.73;0.65;0.57;608129
29;30;5.93;6.14;0.59;0.61;608249
30;28;6.14;5.73;0.61;0.57;608368
29;28;5.93;5.73;0.59;0.57;608485
30;29;6.14;5.93;0.61;0.59;608604
29;28;5.93;5.73;0.59;0.57;608723
29;29;5.93;5.93;0.59;0.59;608843
29;28;5.93;5.73;0.59;0.57;608962
30;31;6.14;6.34;0.61;0.63;609090
28;27;5.73;5.52;0.57;0.55;609207
29;29;5.93;5.93;0.59;0.59;609326
30;29;6.14;5.93;0.61;0.59;609445
31;28;6.34;5.73;0.63;0.57;609562
28;29;5.73;5.93;0.57;0.59;609681
30;30;6.14;6.14;0.61;0.61;609803
30;29;6.14;5.93;0.61;0.59;609921
34;30;6.96;6.14;0.7;0.61;610043
30;29;6.14;5.93;0.61;0.59;610162
30;29;6.14;5.93;0.61;0.59;610281
28;29;5.73;5.93;0.57;0.59;610398
29;29;5.93;5.93;0.59;0.59;610517
29;29;5.93;5.93;0.59;0.59;610636
30;28;6.14;5.73;0.61;0.57;610753
30;29;6.14;5.93;0.61;0.59;610874
31;30;6.34;6.14;0.63;0.61;610993
28;28;5.73;5.73;0.57;0.57;611110
29;29;5.93;5.93;0.59;0.59;611229
34;33;6.96;6.75;0.7;0.68;611365
29;30;5.93;6.14;0.59;0.61;611488
31;31;6.34;6.34;0.63;0.63;611616
29;28;5.93;5.73;0.59;0.57;611735
32;31;6.55;6.34;0.65;0.63;611860
32;28;6.55;5.73;0.65;0.57;611978
29;29;5.93;5.93;0.59;0.59;612097
31;29;6.34;5.93;0.63;0.59;612216
28;27;5.73;5.52;0.57;0.55;612333
28;28;5.73;5.73;0.57;0.57;612452
27;27;5.52;5.52;0.55;0.55;612571
28;26;5.73;5.32;0.57;0.53;612688
30;28;6.14;5.73;0.61;0.57;612807
31;29;6.34;5.93;0.63;0.59;612929
29;28;5.93;5.73;0.59;0.57;613047
29;29;5.93;5.93;0.59;0.59;613166
34;29;6.96;5.93;0.7;0.59;613285
29;28;5.93;5.73;0.59;0.57;613402
31;28;6.34;5.73;0.63;0.57;613521
32;29;6.55;5.93;0.65;0.59;613643
29;28;5.93;5.73;0.59;0.57;613762
29;29;5.93;5.93;0.59;0.59;613882
29;29;5.93;5.93;0.59;0.59;614001
33;30;6.75;6.14;0.68;0.61;614129
28;28;5.73;5.73;0.57;0.57;614246
30;28;6.14;5.73;0.61;0.57;614365
29;29;5.93;5.93;0.59;0.59;614484
29;28;5.93;5.73;0.59;0.57;614601
29;28;5.93;5.73;0.59;0.57;614720
28;28;5.73;5.73;0.57;0.57;614839
27;28;5.52;5.73;0.55;0.57;614958
28;28;5.73;5.73;0.57;0.57;615077
29;29;5.93;5.93;0.59;0.59;615196
29;28;5.93;5.73;0.59;0.57;615313
30;29;6.14;5.93;0.61;0.59;615432
29;29;5.93;5.93;0.59;0.59;615550
29;28;5.93;5.73;0.59;0.57;615667
30;29;6.14;5.93;0.61;0.59;615786
28;29;5.73;5.93;0.57;0.59;615905
29;28;5.93;5.73;0.59;0.57;616024
30;29;6.14;5.93;0.61;0.59;616143
29;28;5.93;5.73;0.59;0.57;616262
29;29;5.93;5.93;0.59;0.59;616381
33;24;6.75;4.91;0.68;0.49;616500
34;32;6.96;6.55;0.7;0.65;616638
28;28;5.73;5.73;0.57;0.57;616755
28;28;5.73;5.73;0.57;0.57;616873
29;29;5.93;5.93;0.59;0.59;616995
28;27;5.73;5.52;0.57;0.55;617112
29;28;5.93;5.73;0.59;0.57;617231
30;29;6.14;5.93;0.61;0.59;617353
29;28;5.93;5.73;0.59;0.57;617472
28;28;5.73;5.73;0.57;0.57;617589
29;28;5.93;5.73;0.59;0.57;617708
29;29;5.93;5.93;0.59;0.59;617827
29;28;5.93;5.73;0.59;0.57;617944
30;29;6.14;5.93;0.61;0.59;618065
29;28;5.93;5.73;0.59;0.57;618185
28;27;5.73;5.52;0.57;0.55;618302
29;29;5.93;5.93;0.59;0.59;618421
29;28;5.93;5.73;0.59;0.57;618540
28;27;5.73;5.52;0.57;0.55;618657
29;29;5.93;5.93;0.59;0.59;618776
29;28;5.93;5.73;0.59;0.57;618895
28;27;5.73;5.52;0.57;0.55;619012
34;30;6.96;6.14;0.7;0.61;619146
39;17;7.98;3.48;0.8;0.35;619265
41;16;8.39;3.27;0.84;0.33;619384
41;17;8.39;3.48;0.84;0.35;619501
39;17;7.98;3.48;0.8;0.35;619620
39;19;7.98;3.89;0.8;0.39;619739
38;17;7.77;3.48;0.78;0.35;619856
33;24;6.75;4.91;0.68;0.49;619975
26;30;5.32;6.14;0.53;0.61;620094
29;28;5.93;5.73;0.59;0.57;620214
25;32;5.11;6.55;0.51;0.65;620333
17;44;3.48;9;0.35;0.9;620453
26;29;5.32;5.93;0.53;0.59;620570
29;28;5.93;5.73;0.59;0.57;620689
26;30;5.32;6.14;0.53;0.61;620808
18;40;3.68;8.18;0.37;0.82;620930
16;39;3.27;7.98;0.33;0.8;621047
19;39;3.89;7.98;0.39;0.8;621169
29;30;5.93;6.14;0.59;0.61;621289
32;31;6.55;6.34;0.65;0.63;621423
28;30;5.73;6.14;0.57;0.61;621548
30;30;6.14;6.14;0.61;0.61;621676
32;29;6.55;5.93;0.65;0.59;621793
29;29;5.93;5.93;0.59;0.59;621912
29;29;5.93;5.93;0.59;0.59;622032
27;28;5.52;5.73;0.55;0.57;622150
23;25;4.71;5.11;0.47;0.51;622255
26;27;5.32;5.52;0.53;0.55;622367
27;27;5.52;5.52;0.55;0.55;622479
25;27;5.11;5.52;0.51;0.55;622591
27;27;5.52;5.52;0.55;0.55;622705
24;26;4.91;5.32;0.49;0.53;622817
26;26;5.32;5.32;0.53;0.53;622929
26;28;5.32;5.73;0.53;0.57;623041
26;27;5.32;5.52;0.53;0.55;623153
27;28;5.52;5.73;0.55;0.57;623268
25;27;5.11;5.52;0.51;0.55;623380
27;27;5.52;5.52;0.55;0.55;623492
26;28;5.32;5.73;0.53;0.57;623604
27;27;5.52;5.52;0.55;0.55;623716
27;27;5.52;5.52;0.55;0.55;623828
27;27;5.52;5.52;0.55;0.55;623940
27;27;5.52;5.52;0.55;0.55;624052
27;27;5.52;5.52;0.55;0.55;624164
29;27;5.93;5.52;0.59;0.55;624279
27;26;5.52;5.32;0.55;0.53;624393
27;27;5.52;5.52;0.55;0.55;624505
27;26;5.52;5.32;0.55;0.53;624617
27;27;5.52;5.52;0.55;0.55;624729
27;26;5.52;5.32;0.55;0.53;624841
26;26;5.32;5.32;0.53;0.53;624953
27;27;5.52;5.52;0.55;0.55;625065
27;27;5.52;5.52;0.55;0.55;625177
28;27;5.73;5.52;0.57;0.55;625292
27;27;5.52;5.52;0.55;0.55;625404
26;27;5.32;5.52;0.53;0.55;625516
27;27;5.52;5.52;0.55;0.55;625628
27;27;5.52;5.52;0.55;0.55;625740
27;26;5.52;5.32;0.55;0.53;625852
27;26;5.52;5.32;0.55;0.53;625964
27;26;5.52;5.32;0.55;0.53;626081
26;25;5.32;5.11;0.53;0.51;626193
28;27;5.73;5.52;0.57;0.55;626308
39;17;7.98;3.48;0.8;0.35;626420
39;15;7.98;3.07;0.8;0.31;626532
37;17;7.57;3.48;0.76;0.35;626644
25;34;5.11;6.96;0.51;0.7;626756
47;23;9.61;4.71;0.96;0.47;626868
53;6;10.84;1.23;1.08;0.12;626980
48;0;9.82;0;0.98;0;627092
47;0;9.61;0;0.96;0;627204
44;12;9;2.45;0.9;0.25;627326
38;16;7.77;3.27;0.78;0.33;627438
38;17;7.77;3.48;0.78;0.35;627550
38;16;7.77;3.27;0.78;0.33;627662
39;16;7.98;3.27;0.8;0.33;627776
38;16;7.77;3.27;0.78;0.33;627888
39;16;7.98;3.27;0.8;0.33;628000
37;16;7.57;3.27;0.76;0.33;628112
37;16;7.57;3.27;0.76;0.33;628224
38;17;7.77;3.48;0.78;0.35;628339
38;16;7.77;3.27;0.78;0.33;628451
38;16;7.77;3.27;0.78;0.33;628563
40;17;8.18;3.48;0.82;0.35;628675
38;16;7.77;3.27;0.78;0.33;628787
38;16;7.77;3.27;0.78;0.33;628899
38;16;7.77;3.27;0.78;0.33;629011
37;16;7.57;3.27;0.76;0.33;629123
38;17;7.77;3.48;0.78;0.35;629235
38;16;7.77;3.27;0.78;0.33;629350
32;23;6.55;4.71;0.65;0.47;629464
27;28;5.52;5.73;0.55;0.57;629576
27;27;5.52;5.52;0.55;0.55;629688
28;27;5.73;5.52;0.57;0.55;629800
27;26;5.52;5.32;0.55;0.53;629912
28;26;5.73;5.32;0.57;0.53;630024
28;26;5.73;5.32;0.57;0.53;630136
27;26;5.52;5.32;0.55;0.53;630248
30;29;6.14;5.93;0.61;0.59;630370
28;26;5.73;5.32;0.57;0.53;630482
28;27;5.73;5.52;0.57;0.55;630594
28;27;5.73;5.52;0.57;0.55;630706
29;28;5.93;5.73;0.59;0.57;630828
28;26;5.73;5.32;0.57;0.53;630940
28;26;5.73;5.32;0.57;0.53;631052
29;26;5.93;5.32;0.59;0.53;631166
28;26;5.73;5.32;0.57;0.53;631278
29;27;5.93;5.52;0.59;0.55;631393
29;26;5.93;5.32;0.59;0.53;631505
29;27;5.93;5.52;0.59;0.55;631617
28;27;5.73;5.52;0.57;0.55;631729
29;26;5.93;5.32;0.59;0.53;631841
27;26;5.52;5.32;0.55;0.53;631953
30;25;6.14;5.11;0.61;0.51;632065
28;26;5.73;5.32;0.57;0.53;632177
29;27;5.93;5.52;0.59;0.55;632289
30;27;6.14;5.52;0.61;0.55;632404
29;25;5.93;5.11;0.59;0.51;632516
27;26;5.52;5.32;0.55;0.53;632628
30;25;6.14;5.11;0.61;0.51;632740
30;26;6.14;5.32;0.61;0.53;632854
27;26;5.52;5.32;0.55;0.53;632966
29;26;5.93;5.32;0.59;0.53;633078
29;28;5.93;5.73;0.59;0.57;633190
28;26;5.73;5.32;0.57;0.53;633302
29;26;5.93;5.32;0.59;0.53;633417
27;26;5.52;5.32;0.55;0.53;633529
32;25;6.55;5.11;0.65;0.51;633641
27;26;5.52;5.32;0.55;0.53;633753
29;26;5.93;5.32;0.59;0.53;633865
28;27;5.73;5.52;0.57;0.55;633977
29;26;5.93;5.32;0.59;0.53;634089
28;27;5.73;5.52;0.57;0.55;634201
27;26;5.52;5.32;0.55;0.53;634313
29;28;5.93;5.73;0.59;0.57;634428
24;37;4.91;7.57;0.49;0.76;634542
2;55;0.41;11.25;0.04;1.13;634654
0;49;0;10.02;0;1;634766
0;47;0;9.61;0;0.96;634878
20;37;4.09;7.57;0.41;0.76;634990
58;3;11.86;0.61;1.19;0.06;635102
50;0;10.23;0;1.02;0;635214
50;0;10.23;0;1.02;0;635326
53;0;10.84;0;1.08;0;635448
52;0;10.64;0;1.06;0;635570
49;0;10.02;0;1;0;635682
48;0;9.82;0;0.98;0;635794
49;0;10.02;0;1;0;635906
49;0;10.02;0;1;0;636018
48;0;9.82;0;0.98;0;636130
49;0;10.02;0;1;0;636244
48;0;9.82;0;0.98;0;636356
50;0;10.23;0;1.02;0;636471
48;0;9.82;0;0.98;0;636583
48;0;9.82;0;0.98;0;636695
49;0;10.02;0;1;0;636807
48;0;9.82;0;0.98;0;636919
48;0;9.82;0;0.98;0;637031
48;0;9.82;0;0.98;0;637143
47;0;9.61;0;0.96;0;637255
49;0;10.02;0;1;0;637367
49;0;10.02;0;1;0;637482
49;0;10.02;0;1;0;637594
48;0;9.82;0;0.98;0;637706
45;4;9.21;0.82;0.92;0.08;637818
39;16;7.98;3.27;0.8;0.33;637930
41;16;8.39;3.27;0.84;0.33;638044
32;23;6.55;4.71;0.65;0.47;638156
26;26;5.32;5.32;0.53;0.53;638268
28;26;5.73;5.32;0.57;0.53;638380
31;28;6.34;5.73;0.63;0.57;638502
28;26;5.73;5.32;0.57;0.53;638614
28;26;5.73;5.32;0.57;0.53;638726
30;26;6.14;5.32;0.61;0.53;638838
19;38;3.89;7.77;0.39;0.78;638950
15;39;3.07;7.98;0.31;0.8;639062
15;37;3.07;7.57;0.31;0.76;639174
18;36;3.68;7.36;0.37;0.74;639286
26;27;5.32;5.52;0.53;0.55;639398
27;28;5.52;5.73;0.55;0.57;639513
27;26;5.52;5.32;0.55;0.53;639625
27;27;5.52;5.52;0.55;0.55;639739
24;29;4.91;5.93;0.49;0.59;639851
18;35;3.68;7.16;0.37;0.72;639963
24;30;4.91;6.14;0.49;0.61;640075
17;39;3.48;7.98;0.35;0.8;640196
14;37;2.86;7.57;0.29;0.76;640308
17;35;3.48;7.16;0.35;0.72;640420
31;27;6.34;5.52;0.63;0.55;640542
32;21;6.55;4.3;0.65;0.43;640654
41;15;8.39;3.07;0.84;0.31;640766
38;14;7.77;2.86;0.78;0.29;640878
33;22;6.75;4.5;0.68;0.45;640990
36;19;7.36;3.89;0.74;0.39;641102
26;30;5.32;6.14;0.53;0.61;641214
28;27;5.73;5.52;0.57;0.55;641326
24;30;4.91;6.14;0.49;0.61;641440
20;41;4.09;8.39;0.41;0.84;641562
29;27;5.93;5.52;0.59;0.55;641674
28;26;5.73;5.32;0.57;0.53;641786
27;27;5.52;5.52;0.55;0.55;641898
26;26;5.32;5.32;0.53;0.53;642010
27;27;5.52;5.52;0.55;0.55;642122
22;34;4.5;6.96;0.45;0.7;642234
18;37;3.68;7.57;0.37;0.76;642346
15;38;3.07;7.77;0.31;0.78;642458
17;40;3.48;8.18;0.35;0.82;642579
16;38;3.27;7.77;0.33;0.78;642691
26;30;5.32;6.14;0.53;0.61;642803
26;26;5.32;5.32;0.53;0.53;642915
27;27;5.52;5.52;0.55;0.55;643027
30;28;6.14;5.73;0.61;0.57;643141
25;27;5.11;5.52;0.51;0.55;643253
26;27;5.32;5.52;0.53;0.55;643365
26;27;5.32;5.52;0.53;0.55;643477
27;29;5.52;5.93;0.55;0.59;643598
25;27;5.11;5.52;0.51;0.55;643710
26;27;5.32;5.52;0.53;0.55;643822
26;27;5.32;5.52;0.53;0.55;643934
26;27;5.32;5.52;0.53;0.55;644046
31;25;6.34;5.11;0.63;0.51;644158
37;18;7.57;3.68;0.76;0.37;644270
30;25;6.14;5.11;0.61;0.51;644382
36;19;7.36;3.89;0.74;0.39;644494
33;27;6.75;5.52;0.68;0.55;644615
39;14;7.98;2.86;0.8;0.29;644727
39;16;7.98;3.27;0.8;0.33;644841
53;24;10.84;4.91;1.08;0.49;645005
29;25;5.93;5.11;0.59;0.51;645117
26;28;5.32;5.73;0.53;0.57;645229
30;25;6.14;5.11;0.61;0.51;645341
32;23;6.55;4.71;0.65;0.47;645453
21;35;4.3;7.16;0.43;0.72;645565
32;29;6.55;5.93;0.65;0.59;645686
29;25;5.93;5.11;0.59;0.51;645798
39;35;7.98;7.16;0.8;0.72;645951
30;26;6.14;5.32;0.61;0.53;646066
29;27;5.93;5.52;0.59;0.55;646179
29;26;5.93;5.32;0.59;0.53;646294
29;26;5.93;5.32;0.59;0.53;646408
28;27;5.73;5.52;0.57;0.55;646523
31;28;6.34;5.73;0.63;0.57;646644
29;27;5.93;5.52;0.59;0.55;646760
30;30;6.14;6.14;0.61;0.61;646876
19;38;3.89;7.77;0.39;0.78;646994
16;39;3.27;7.98;0.33;0.8;647112
17;39;3.48;7.98;0.35;0.8;647229
24;33;4.91;6.75;0.49;0.68;647347
29;28;5.93;5.73;0.59;0.57;647465
28;27;5.73;5.52;0.57;0.55;647582
29;28;5.93;5.73;0.59;0.57;647702
30;28;6.14;5.73;0.61;0.57;647821
28;26;5.73;5.32;0.57;0.53;647937
28;28;5.73;5.73;0.57;0.57;648055
27;29;5.52;5.93;0.55;0.59;648173
30;31;6.14;6.34;0.61;0.63;648299
29;29;5.93;5.93;0.59;0.59;648420
30;28;6.14;5.73;0.61;0.57;648538
32;30;6.55;6.14;0.65;0.61;648660
29;28;5.93;5.73;0.59;0.57;648777
28;28;5.73;5.73;0.57;0.57;648895
29;28;5.93;5.73;0.59;0.57;649013
30;28;6.14;5.73;0.61;0.57;649129
29;28;5.93;5.73;0.59;0.57;649247
29;29;5.93;5.93;0.59;0.59;649365
26;27;5.32;5.52;0.53;0.55;649481
29;29;5.93;5.93;0.59;0.59;649599
31;28;6.34;5.73;0.63;0.57;649720
27;28;5.52;5.73;0.55;0.57;649837
29;28;5.93;5.73;0.59;0.57;649957
28;27;5.73;5.52;0.57;0.55;650075
30;28;6.14;5.73;0.61;0.57;650197
28;26;5.73;5.32;0.57;0.53;650313
30;27;6.14;5.52;0.61;0.55;650431
32;28;6.55;5.73;0.65;0.57;650550
29;27;5.93;5.52;0.59;0.55;650666
36;30;7.36;6.14;0.74;0.61;650795
30;28;6.14;5.73;0.61;0.57;650914
30;28;6.14;5.73;0.61;0.57;651030
28;28;5.73;5.73;0.57;0.57;651148
28;28;5.73;5.73;0.57;0.57;651266
29;28;5.93;5.73;0.59;0.57;651382
28;28;5.73;5.73;0.57;0.57;651500
27;28;5.52;5.73;0.55;0.57;651618
27;26;5.52;5.32;0.55;0.53;651734
31;29;6.34;5.93;0.63;0.59;651854
30;29;6.14;5.93;0.61;0.59;651976
30;29;6.14;5.93;0.61;0.59;652094
33;25;6.75;5.11;0.68;0.51;652211
38;20;7.77;4.09;0.78;0.41;652329
30;27;6.14;5.52;0.61;0.55;652447
27;27;5.52;5.52;0.55;0.55;652563
28;27;5.73;5.52;0.57;0.55;652681
30;27;6.14;5.52;0.61;0.55;652800
31;26;6.34;5.32;0.63;0.53;652919
37;20;7.57;4.09;0.76;0.41;653037
37;20;7.57;4.09;0.76;0.41;653155
31;29;6.34;5.93;0.63;0.59;653281
28;28;5.73;5.73;0.57;0.57;653399
29;27;5.93;5.52;0.59;0.55;653518
28;27;5.73;5.52;0.57;0.55;653634
29;28;5.93;5.73;0.59;0.57;653755
30;28;6.14;5.73;0.61;0.57;653876
29;27;5.93;5.52;0.59;0.55;653995
28;26;5.73;5.32;0.57;0.53;654111
29;27;5.93;5.52;0.59;0.55;654229
29;27;5.93;5.52;0.59;0.55;654347
28;27;5.73;5.52;0.57;0.55;654463
29;28;5.93;5.73;0.59;0.57;654581
28;28;5.73;5.73;0.57;0.57;654699
29;28;5.93;5.73;0.59;0.57;654818
29;28;5.93;5.73;0.59;0.57;654938
29;28;5.93;5.73;0.59;0.57;655057
28;26;5.73;5.32;0.57;0.53;655174
29;28;5.93;5.73;0.59;0.57;655292
29;28;5.93;5.73;0.59;0.57;655410
31;28;6.34;5.73;0.63;0.57;655531
29;27;5.93;5.52;0.59;0.55;655647
31;29;6.34;5.93;0.63;0.59;655774
30;28;6.14;5.73;0.61;0.57;655895
29;27;5.93;5.52;0.59;0.55;656012
30;27;6.14;5.52;0.61;0.55;656130
30;27;6.14;5.52;0.61;0.55;656249
30;26;6.14;5.32;0.61;0.53;656365
28;27;5.73;5.52;0.57;0.55;656483
29;26;5.93;5.32;0.59;0.53;656601
28;27;5.73;5.52;0.57;0.55;656717
30;27;6.14;5.52;0.61;0.55;656835
30;28;6.14;5.73;0.61;0.57;656956
29;27;5.93;5.52;0.59;0.55;657073
33;27;6.75;5.52;0.68;0.55;657191
28;27;5.73;5.52;0.57;0.55;657312
29;27;5.93;5.52;0.59;0.55;657431
28;27;5.73;5.52;0.57;0.55;657547
28;27;5.73;5.52;0.57;0.55;657665
28;27;5.73;5.52;0.57;0.55;657783
28;27;5.73;5.52;0.57;0.55;657900
29;27;5.93;5.52;0.59;0.55;658020
29;27;5.93;5.52;0.59;0.55;658139
30;29;6.14;5.93;0.61;0.59;658265
28;27;5.73;5.52;0.57;0.55;658383
29;27;5.93;5.52;0.59;0.55;658502
29;26;5.93;5.32;0.59;0.53;658618
28;27;5.73;5.52;0.57;0.55;658736
30;27;6.14;5.52;0.61;0.55;658855
29;27;5.93;5.52;0.59;0.55;658974
33;28;6.75;5.73;0.68;0.57;659096
28;27;5.73;5.52;0.57;0.55;659214
30;28;6.14;5.73;0.61;0.57;659333
27;27;5.52;5.52;0.55;0.55;659449
29;27;5.93;5.52;0.59;0.55;659567
30;27;6.14;5.52;0.61;0.55;659685
28;27;5.73;5.52;0.57;0.55;659804
31;28;6.34;5.73;0.63;0.57;659922
29;28;5.93;5.73;0.59;0.57;660043
30;27;6.14;5.52;0.61;0.55;660160
31;27;6.34;5.52;0.63;0.55;660278
29;28;5.93;5.73;0.59;0.57;660397
29;27;5.93;5.52;0.59;0.55;660514
25;22;5.11;4.5;0.51;0.45;660615
28;25;5.73;5.11;0.57;0.51;660727
29;26;5.93;5.32;0.59;0.53;660841
28;26;5.73;5.32;0.57;0.53;660953
28;26;5.73;5.32;0.57;0.53;661067
27;26;5.52;5.32;0.55;0.53;661179
32;26;6.55;5.32;0.65;0.53;661291
28;26;5.73;5.32;0.57;0.53;661403
27;27;5.52;5.52;0.55;0.55;661515
29;26;5.93;5.32;0.59;0.53;661627
28;27;5.73;5.52;0.57;0.55;661739
27;26;5.52;5.32;0.55;0.53;661851
28;26;5.73;5.32;0.57;0.53;661963
30;27;6.14;5.52;0.61;0.55;662077
27;26;5.52;5.32;0.55;0.53;662189
27;26;5.52;5.32;0.55;0.53;662301
28;26;5.73;5.32;0.57;0.53;662413
31;26;6.34;5.32;0.63;0.53;662527
28;26;5.73;5.32;0.57;0.53;662639
26;25;5.32;5.11;0.53;0.51;662751
28;25;5.73;5.11;0.57;0.51;662863
26;24;5.32;4.91;0.53;0.49;662975
27;25;5.52;5.11;0.55;0.51;663089
27;25;5.52;5.11;0.55;0.51;663201
28;25;5.73;5.11;0.57;0.51;663313
31;24;6.34;4.91;0.63;0.49;663425
30;24;6.14;4.91;0.61;0.49;663537
28;24;5.73;4.91;0.57;0.49;663649
28;24;5.73;4.91;0.57;0.49;663761
28;25;5.73;5.11;0.57;0.51;663873
29;25;5.93;5.11;0.59;0.51;663985
31;26;6.34;5.32;0.63;0.53;664099
30;27;6.14;5.52;0.61;0.55;664211
31;28;6.34;5.73;0.63;0.57;664325
32;29;6.55;5.93;0.65;0.59;664446
32;27;6.55;5.52;0.65;0.55;664558
29;28;5.93;5.73;0.59;0.57;664670
31;27;6.34;5.52;0.63;0.55;664782
32;27;6.55;5.52;0.65;0.55;664894
30;27;6.14;5.52;0.61;0.55;665006
31;28;6.34;5.73;0.63;0.57;665120
31;27;6.34;5.52;0.63;0.55;665232
29;27;5.93;5.52;0.59;0.55;665344
30;27;6.14;5.52;0.61;0.55;665456
33;27;6.75;5.52;0.68;0.55;665568
31;27;6.34;5.52;0.63;0.55;665680
34;27;6.96;5.52;0.7;0.55;665792
29;26;5.93;5.32;0.59;0.53;665904
24;36;4.91;7.36;0.49;0.74;666018
54;24;11.05;4.91;1.1;0.49;666139
52;2;10.64;0.41;1.06;0.04;666251
49;0;10.02;0;1;0;666363
48;0;9.82;0;0.98;0;666475
45;4;9.21;0.82;0.92;0.08;666587
36;16;7.36;3.27;0.74;0.33;666699
37;18;7.57;3.68;0.76;0.37;666811
37;16;7.57;3.27;0.76;0.33;666923
38;16;7.77;3.27;0.78;0.33;667035
40;17;8.18;3.48;0.82;0.35;667156
37;16;7.57;3.27;0.76;0.33;667268
36;16;7.36;3.27;0.74;0.33;667380
36;15;7.36;3.07;0.74;0.31;667492
36;16;7.36;3.27;0.74;0.33;667604
38;16;7.77;3.27;0.78;0.33;667718
36;16;7.36;3.27;0.74;0.33;667830
34;18;6.96;3.68;0.7;0.37;667942
33;19;6.75;3.89;0.68;0.39;668054
37;14;7.57;2.86;0.76;0.29;668168
38;13;7.77;2.66;0.78;0.27;668280
38;10;7.77;2.05;0.78;0.2;668392
39;9;7.98;1.84;0.8;0.18;668504
38;9;7.77;1.84;0.78;0.18;668616
39;11;7.98;2.25;0.8;0.23;668728
40;14;8.18;2.86;0.82;0.29;668840
39;15;7.98;3.07;0.8;0.31;668952
38;15;7.77;3.07;0.78;0.31;669064
42;20;8.59;4.09;0.86;0.41;669188
40;16;8.18;3.27;0.82;0.33;669300
37;17;7.57;3.48;0.76;0.35;669414
38;16;7.77;3.27;0.78;0.33;669526
37;16;7.57;3.27;0.76;0.33;669638
36;16;7.36;3.27;0.74;0.33;669750
38;16;7.77;3.27;0.78;0.33;669862
38;16;7.77;3.27;0.78;0.33;669974
37;15;7.57;3.07;0.76;0.31;670086
39;18;7.98;3.68;0.8;0.37;670200
38;16;7.77;3.27;0.78;0.33;670312
37;16;7.57;3.27;0.76;0.33;670424
37;16;7.57;3.27;0.76;0.33;670536
36;16;7.36;3.27;0.74;0.33;670648
36;16;7.36;3.27;0.74;0.33;670760
30;23;6.14;4.71;0.61;0.47;670872
28;28;5.73;5.73;0.57;0.57;670984
32;29;6.55;5.93;0.65;0.59;671107
31;28;6.34;5.73;0.63;0.57;671232
28;26;5.73;5.32;0.57;0.53;671345
27;26;5.52;5.32;0.55;0.53;671457
28;25;5.73;5.11;0.57;0.51;671569
26;26;5.32;5.32;0.53;0.53;671681
27;24;5.52;4.91;0.55;0.49;671793
27;25;5.52;5.11;0.55;0.51;671905
27;25;5.52;5.11;0.55;0.51;672017
28;25;5.73;5.11;0.57;0.51;672129
28;26;5.73;5.32;0.57;0.53;672244
27;26;5.52;5.32;0.55;0.53;672357
28;25;5.73;5.11;0.57;0.51;672469
27;26;5.52;5.32;0.55;0.53;672581
27;24;5.52;4.91;0.55;0.49;672693
28;26;5.73;5.32;0.57;0.53;672807
28;25;5.73;5.11;0.57;0.51;672920
27;26;5.52;5.32;0.55;0.53;673033
28;26;5.73;5.32;0.57;0.53;673146
28;27;5.73;5.52;0.57;0.55;673261
27;27;5.52;5.52;0.55;0.55;673374
28;26;5.73;5.32;0.57;0.53;673487
29;26;5.93;5.32;0.59;0.53;673600
33;32;6.75;6.55;0.68;0.65;673738
29;25;5.93;5.11;0.59;0.51;673851
27;26;5.52;5.32;0.55;0.53;673964
27;25;5.52;5.11;0.55;0.51;674077
27;26;5.52;5.32;0.55;0.53;674190
27;26;5.52;5.32;0.55;0.53;674305
27;26;5.52;5.32;0.55;0.53;674418
29;27;5.93;5.52;0.59;0.55;674533
27;26;5.52;5.32;0.55;0.53;674646
29;27;5.93;5.52;0.59;0.55;674759
28;25;5.73;5.11;0.57;0.51;674872
28;26;5.73;5.32;0.57;0.53;674985
27;26;5.52;5.32;0.55;0.53;675098
29;26;5.93;5.32;0.59;0.53;675211
30;26;6.14;5.32;0.61;0.53;675326
27;27;5.52;5.52;0.55;0.55;675439
27;27;5.52;5.52;0.55;0.55;675552
28;26;5.73;5.32;0.57;0.53;675665
27;26;5.52;5.32;0.55;0.53;675778
23;31;4.71;6.34;0.47;0.63;675891
15;39;3.07;7.98;0.31;0.8;676004
26;30;5.32;6.14;0.53;0.61;676117
16;37;3.27;7.57;0.33;0.76;676232
23;31;4.71;6.34;0.47;0.63;676347
26;27;5.32;5.52;0.53;0.55;676460
26;26;5.32;5.32;0.53;0.53;676573
28;27;5.73;5.52;0.57;0.55;676686
26;27;5.32;5.52;0.53;0.55;676799
27;27;5.52;5.52;0.55;0.55;676912
26;26;5.32;5.32;0.53;0.53;677025
25;25;5.11;5.11;0.51;0.51;677138
27;26;5.52;5.32;0.55;0.53;677251
26;26;5.32;5.32;0.53;0.53;677366
28;25;5.73;5.11;0.57;0.51;677479
23;32;4.71;6.55;0.47;0.65;677592
3;49;0.61;10.02;0.06;1;677705
0;49;0;10.02;0;1;677818
19;40;3.89;8.18;0.39;0.82;677933
57;5;11.66;1.02;1.17;0.1;678046
50;0;10.23;0;1.02;0;678159
49;6;10.02;1.23;1;0.12;678272
50;0;10.23;0;1.02;0;678394
48;0;9.82;0;0.98;0;678509
47;0;9.61;0;0.96;0;678622
48;0;9.82;0;0.98;0;678735
47;0;9.61;0;0.96;0;678848
49;0;10.02;0;1;0;678961
49;0;10.02;0;1;0;679074
49;0;10.02;0;1;0;679187
48;0;9.82;0;0.98;0;679300
49;0;10.02;0;1;0;679415
48;0;9.82;0;0.98;0;679528
49;0;10.02;0;1;0;679643
47;0;9.61;0;0.96;0;679756
48;0;9.82;0;0.98;0;679870
43;8;8.8;1.64;0.88;0.16;679983
48;3;9.82;0.61;0.98;0.06;680096
47;0;9.61;0;0.96;0;680209
48;0;9.82;0;0.98;0;680322
50;0;10.23;0;1.02;0;680437
48;0;9.82;0;0.98;0;680550
46;0;9.41;0;0.94;0;680663
47;0;9.61;0;0.96;0;680776
47;0;9.61;0;0.96;0;680889
47;0;9.61;0;0.96;0;681002
45;0;9.21;0;0.92;0;681115
46;0;9.41;0;0.94;0;681228
47;0;9.61;0;0.96;0;681341
50;0;10.23;0;1.02;0;681458
46;3;9.41;0.61;0.94;0.06;681571
42;14;8.59;2.86;0.86;0.29;681684
51;0;10.43;0;1.04;0;681797
50;0;10.23;0;1.02;0;681910
49;0;10.02;0;1;0;682023
51;0;10.43;0;1.04;0;682136
49;0;10.02;0;1;0;682249
50;0;10.23;0;1.02;0;682362
50;0;10.23;0;1.02;0;682477
49;0;10.02;0;1;0;682590
49;0;10.02;0;1;0;682703
48;0;9.82;0;0.98;0;682816
48;0;9.82;0;0.98;0;682929
49;0;10.02;0;1;0;683042
61;0;12.48;0;1.25;0;683183
48;0;9.82;0;0.98;0;683296
49;0;10.02;0;1;0;683409
48;0;9.82;0;0.98;0;683524
48;0;9.82;0;0.98;0;683637
50;0;10.23;0;1.02;0;683750
48;0;9.82;0;0.98;0;683863
47;5;9.61;1.02;0.96;0.1;683976
40;16;8.18;3.27;0.82;0.33;684089
40;15;8.18;3.07;0.82;0.31;684202
40;16;8.18;3.27;0.82;0.33;684315
41;14;8.39;2.86;0.84;0.29;684428
48;6;9.82;1.23;0.98;0.12;684543
36;16;7.36;3.27;0.74;0.33;684656
39;16;7.98;3.27;0.8;0.33;684769
41;18;8.39;3.68;0.84;0.37;684884
37;16;7.57;3.27;0.76;0.33;684997
31;22;6.34;4.5;0.63;0.45;685110
28;28;5.73;5.73;0.57;0.57;685223
26;27;5.32;5.52;0.53;0.55;685336
27;26;5.52;5.32;0.55;0.53;685449
29;27;5.93;5.52;0.59;0.55;685571
28;25;5.73;5.11;0.57;0.51;685684
28;25;5.73;5.11;0.57;0.51;685797
29;26;5.93;5.32;0.59;0.53;685910
31;25;6.34;5.11;0.63;0.51;686023
33;26;6.75;5.32;0.68;0.53;686136
28;25;5.73;5.11;0.57;0.51;686249
29;26;5.93;5.32;0.59;0.53;686362
28;25;5.73;5.11;0.57;0.51;686475
28;27;5.73;5.52;0.57;0.55;686592
30;25;6.14;5.11;0.61;0.51;686705
30;26;6.14;5.32;0.61;0.53;686818
32;26;6.55;5.32;0.65;0.53;686931
19;37;3.89;7.57;0.39;0.76;687044
17;39;3.48;7.98;0.35;0.8;687157
16;37;3.27;7.57;0.33;0.76;687270
19;35;3.89;7.16;0.39;0.72;687383
26;27;5.32;5.52;0.53;0.55;687496
26;30;5.32;6.14;0.53;0.61;687611
23;31;4.71;6.34;0.47;0.63;687724
28;27;5.73;5.52;0.57;0.55;687837
29;28;5.93;5.73;0.59;0.57;687959
37;36;7.57;7.36;0.76;0.74;688114
25;26;5.11;5.32;0.51;0.53;688228
26;27;5.32;5.52;0.53;0.55;688343
26;26;5.32;5.32;0.53;0.53;688456
27;26;5.52;5.32;0.55;0.53;688572
28;25;5.73;5.11;0.57;0.51;688685
26;26;5.32;5.32;0.53;0.53;688798
39;35;7.98;7.16;0.8;0.72;688954
29;27;5.93;5.52;0.59;0.55;689067
30;28;6.14;5.73;0.61;0.57;689180
26;27;5.32;5.52;0.53;0.55;689293
28;27;5.73;5.52;0.57;0.55;689406
26;27;5.32;5.52;0.53;0.55;689519
27;27;5.52;5.52;0.55;0.55;689634
26;27;5.32;5.52;0.53;0.55;689747
28;28;5.73;5.73;0.57;0.57;689867
29;27;5.93;5.52;0.59;0.55;689983
27;27;5.52;5.52;0.55;0.55;690100
29;27;5.93;5.52;0.59;0.55;690215
29;26;5.93;5.32;0.59;0.53;690331
28;27;5.73;5.52;0.57;0.55;690446
27;27;5.52;5.52;0.55;0.55;690562
27;28;5.52;5.73;0.55;0.57;690681
30;27;6.14;5.52;0.61;0.55;690798
28;27;5.73;5.52;0.57;0.55;690917
27;27;5.52;5.52;0.55;0.55;691036
27;28;5.52;5.73;0.55;0.57;691153
30;27;6.14;5.52;0.61;0.55;691272
27;29;5.52;5.93;0.55;0.59;691391
27;27;5.52;5.52;0.55;0.55;691508
30;29;6.14;5.93;0.61;0.59;691627
29;29;5.93;5.93;0.59;0.59;691749
28;28;5.73;5.73;0.57;0.57;691871
30;27;6.14;5.52;0.61;0.55;691988
30;28;6.14;5.73;0.61;0.57;692107
27;28;5.52;5.73;0.55;0.57;692226
28;27;5.73;5.52;0.57;0.55;692343
30;28;6.14;5.73;0.61;0.57;692462
28;26;5.73;5.32;0.57;0.53;692581
28;26;5.73;5.32;0.57;0.53;692698
33;30;6.75;6.14;0.68;0.61;692828
30;31;6.14;6.34;0.61;0.63;692960
30;29;6.14;5.93;0.61;0.59;693083
29;27;5.93;5.52;0.59;0.55;693202
27;28;5.52;5.73;0.55;0.57;693321
28;27;5.73;5.52;0.57;0.55;693438
23;33;4.71;6.75;0.47;0.68;693557
22;34;4.5;6.96;0.45;0.7;693679
29;28;5.93;5.73;0.59;0.57;693801
29;27;5.93;5.52;0.59;0.55;693919
27;28;5.52;5.73;0.55;0.57;694038
32;27;6.55;5.52;0.65;0.55;694157
27;27;5.52;5.52;0.55;0.55;694274
28;28;5.73;5.73;0.57;0.57;694393
27;28;5.52;5.73;0.55;0.57;694512
27;26;5.52;5.32;0.55;0.53;694629
28;27;5.73;5.52;0.57;0.55;694748
28;28;5.73;5.73;0.57;0.57;694869
28;27;5.73;5.52;0.57;0.55;694987
28;28;5.73;5.73;0.57;0.57;695106
28;27;5.73;5.52;0.57;0.55;695225
28;30;5.73;6.14;0.57;0.61;695351
33;28;6.75;5.73;0.68;0.57;695470
28;29;5.73;5.93;0.57;0.59;695592
29;28;5.93;5.73;0.59;0.57;695711
28;28;5.73;5.73;0.57;0.57;695831
30;29;6.14;5.93;0.61;0.59;695950
27;28;5.52;5.73;0.55;0.57;696069
29;27;5.93;5.52;0.59;0.55;696186
28;28;5.73;5.73;0.57;0.57;696305
28;28;5.73;5.73;0.57;0.57;696424
27;27;5.52;5.52;0.55;0.55;696541
29;29;5.93;5.93;0.59;0.59;696660
28;28;5.73;5.73;0.57;0.57;696779
29;28;5.93;5.73;0.59;0.57;696899
27;27;5.52;5.52;0.55;0.55;697018
29;28;5.93;5.73;0.59;0.57;697137
30;27;6.14;5.52;0.61;0.55;697254
29;28;5.93;5.73;0.59;0.57;697376
28;28;5.73;5.73;0.57;0.57;697495
29;30;5.93;6.14;0.59;0.61;697620
28;27;5.73;5.52;0.57;0.55;697737
36;35;7.36;7.16;0.74;0.72;697885
32;29;6.55;5.93;0.65;0.59;698010
29;27;5.93;5.52;0.59;0.55;698127
28;27;5.73;5.52;0.57;0.55;698246
29;28;5.93;5.73;0.59;0.57;698365
27;27;5.52;5.52;0.55;0.55;698482
30;27;6.14;5.52;0.61;0.55;698601
29;28;5.93;5.73;0.59;0.57;698720
28;26;5.73;5.32;0.57;0.53;698837
28;28;5.73;5.73;0.57;0.57;698958
28;28;5.73;5.73;0.57;0.57;699078
29;28;5.93;5.73;0.59;0.57;699200
29;27;5.93;5.52;0.59;0.55;699317
28;28;5.73;5.73;0.57;0.57;699436
33;27;6.75;5.52;0.68;0.55;699555
27;28;5.52;5.73;0.55;0.57;699672
30;28;6.14;5.73;0.61;0.57;699791
31;28;6.34;5.73;0.63;0.57;699913
28;28;5.73;5.73;0.57;0.57;700031
29;29;5.93;5.93;0.59;0.59;700150
28;28;5.73;5.73;0.57;0.57;700269
31;30;6.34;6.14;0.63;0.61;700396
29;29;5.93;5.93;0.59;0.59;700515
28;28;5.73;5.73;0.57;0.57;700634
29;28;5.93;5.73;0.59;0.57;700751
29;28;5.93;5.73;0.59;0.57;700870
33;29;6.75;5.93;0.68;0.59;700994
28;28;5.73;5.73;0.57;0.57;701114
28;28;5.73;5.73;0.57;0.57;701231
31;28;6.34;5.73;0.63;0.57;701350
30;30;6.14;6.14;0.61;0.61;701469
27;27;5.52;5.52;0.55;0.55;701586
28;29;5.73;5.93;0.57;0.59;701705
28;28;5.73;5.73;0.57;0.57;701824
28;27;5.73;5.52;0.57;0.55;701941
29;28;5.93;5.73;0.59;0.57;702062
28;29;5.73;5.93;0.57;0.59;702182
28;28;5.73;5.73;0.57;0.57;702299
30;28;6.14;5.73;0.61;0.57;702418
30;30;6.14;6.14;0.61;0.61;702537
18;38;3.68;7.77;0.37;0.78;702654
16;40;3.27;8.18;0.33;0.82;702776
17;44;3.48;9;0.35;0.9;702911
24;34;4.91;6.96;0.49;0.7;703033
27;27;5.52;5.52;0.55;0.55;703151
20;34;4.09;6.96;0.41;0.7;703270
23;34;4.71;6.96;0.47;0.7;703389
23;29;4.71;5.93;0.47;0.59;703506
23;32;4.71;6.55;0.47;0.65;703625
25;30;5.11;6.14;0.51;0.61;703744
16;38;3.27;7.77;0.33;0.78;703861
18;38;3.68;7.77;0.37;0.78;703980
38;26;7.77;5.32;0.78;0.53;704109
41;14;8.39;2.86;0.84;0.29;704227
33;24;6.75;4.91;0.68;0.49;704346
38;21;7.77;4.3;0.78;0.43;704466
37;15;7.57;3.07;0.76;0.31;704574
38;15;7.77;3.07;0.78;0.31;704686
36;17;7.36;3.48;0.74;0.35;704799
36;16;7.36;3.27;0.74;0.33;704912
36;16;7.36;3.27;0.74;0.33;705025
38;18;7.77;3.68;0.78;0.37;705146
34;18;6.96;3.68;0.7;0.37;705259
29;27;5.93;5.52;0.59;0.55;705372
27;27;5.52;5.52;0.55;0.55;705485
28;26;5.73;5.32;0.57;0.53;705598
29;26;5.93;5.32;0.59;0.53;705711
29;26;5.93;5.32;0.59;0.53;705824
27;25;5.52;5.11;0.55;0.51;705937
26;24;5.32;4.91;0.53;0.49;706050
31;28;6.34;5.73;0.63;0.57;706172
29;25;5.93;5.11;0.59;0.51;706287
27;26;5.52;5.32;0.55;0.53;706400
28;25;5.73;5.11;0.57;0.51;706513
27;25;5.52;5.11;0.55;0.51;706627
28;25;5.73;5.11;0.57;0.51;706740
28;24;5.73;4.91;0.57;0.49;706852
29;25;5.93;5.11;0.59;0.51;706965
29;24;5.93;4.91;0.59;0.49;707077
29;25;5.93;5.11;0.59;0.51;707192
25;25;5.11;5.11;0.51;0.51;707305
25;27;5.11;5.52;0.51;0.55;707418
26;24;5.32;4.91;0.53;0.49;707530
27;25;5.52;5.11;0.55;0.51;707642
31;28;6.34;5.73;0.63;0.57;707768
29;26;5.93;5.32;0.59;0.53;707886
27;26;5.52;5.32;0.55;0.53;708001
27;25;5.52;5.11;0.55;0.51;708114
29;26;5.93;5.32;0.59;0.53;708231
34;25;6.96;5.11;0.7;0.51;708344
25;28;5.11;5.73;0.51;0.57;708457
18;34;3.68;6.96;0.37;0.7;708570
24;29;4.91;5.93;0.49;0.59;708682
15;38;3.07;7.77;0.31;0.78;708795
14;37;2.86;7.57;0.29;0.76;708908
15;36;3.07;7.36;0.31;0.74;709021
15;36;3.07;7.36;0.31;0.74;709134
27;29;5.52;5.93;0.55;0.59;709252
27;26;5.52;5.32;0.55;0.53;709365
24;27;4.91;5.52;0.49;0.55;709478
31;23;6.34;4.71;0.63;0.47;709591
39;15;7.98;3.07;0.8;0.31;709706
21;34;4.3;6.96;0.43;0.7;709819
28;27;5.73;5.52;0.57;0.55;709932
36;17;7.36;3.48;0.74;0.35;710044
25;27;5.11;5.52;0.51;0.55;710157
38;19;7.77;3.89;0.78;0.39;710278
34;21;6.96;4.3;0.7;0.43;710391
28;24;5.73;4.91;0.57;0.49;710504
28;23;5.73;4.71;0.57;0.47;710617
26;25;5.32;5.11;0.53;0.51;710729
27;25;5.52;5.11;0.55;0.51;710842
26;25;5.32;5.11;0.53;0.51;710954
38;18;7.77;3.68;0.78;0.37;711067
37;15;7.57;3.07;0.76;0.31;711179
38;18;7.77;3.68;0.78;0.37;711297
34;19;6.96;3.89;0.7;0.39;711412
24;29;4.91;5.93;0.49;0.59;711525
25;26;5.11;5.32;0.51;0.53;711637
23;29;4.71;5.93;0.47;0.59;711750
15;37;3.07;7.57;0.31;0.76;711862
14;38;2.86;7.77;0.29;0.78;711975
15;36;3.07;7.36;0.31;0.74;712087
28;27;5.73;5.52;0.57;0.55;712200
41;13;8.39;2.66;0.84;0.27;712315
35;22;7.16;4.5;0.72;0.45;712438
19;38;3.89;7.77;0.39;0.78;712551
31;23;6.34;4.71;0.63;0.47;712664
30;22;6.14;4.5;0.61;0.45;712776
26;26;5.32;5.32;0.53;0.53;712889
25;26;5.11;5.32;0.51;0.53;713001
26;25;5.32;5.11;0.53;0.51;713116
25;26;5.11;5.32;0.51;0.53;713228
32;25;6.55;5.11;0.65;0.51;713349
39;15;7.98;3.07;0.8;0.31;713462
30;24;6.14;4.91;0.61;0.49;713575
25;26;5.11;5.32;0.51;0.53;713687
31;23;6.34;4.71;0.63;0.47;713800
38;13;7.77;2.66;0.78;0.27;713912
31;22;6.34;4.5;0.63;0.45;714025
25;27;5.11;5.52;0.51;0.55;714137
29;26;5.93;5.32;0.59;0.53;714250
27;27;5.52;5.52;0.55;0.55;714367
28;26;5.73;5.32;0.57;0.53;714480
27;26;5.52;5.32;0.55;0.53;714593
28;25;5.73;5.11;0.57;0.51;714706
31;27;6.34;5.52;0.63;0.55;714821
28;25;5.73;5.11;0.57;0.51;714933
30;25;6.14;5.11;0.61;0.51;715045
30;26;6.14;5.32;0.61;0.53;715159
28;25;5.73;5.11;0.57;0.51;715271
27;26;5.52;5.32;0.55;0.53;715386
31;26;6.34;5.32;0.63;0.53;715499
26;25;5.32;5.11;0.53;0.51;715612
28;25;5.73;5.11;0.57;0.51;715724
26;25;5.32;5.11;0.53;0.51;715837
27;25;5.52;5.11;0.55;0.51;715949
27;26;5.52;5.32;0.55;0.53;716062
28;24;5.73;4.91;0.57;0.49;716174
27;26;5.52;5.32;0.55;0.53;716287
23;30;4.71;6.14;0.47;0.61;716402
14;41;2.86;8.39;0.29;0.84;716517
21;31;4.3;6.34;0.43;0.63;716629
27;27;5.52;5.52;0.55;0.55;716742
35;19;7.16;3.89;0.72;0.39;716854
24;29;4.91;5.93;0.49;0.59;716967
15;38;3.07;7.77;0.31;0.78;717079
30;33;6.14;6.75;0.61;0.68;717217
28;26;5.73;5.32;0.57;0.53;717329
26;27;5.32;5.52;0.53;0.55;717444
27;26;5.52;5.32;0.55;0.53;717557
27;26;5.52;5.32;0.55;0.53;717670
25;25;5.11;5.11;0.51;0.51;717782
25;25;5.11;5.11;0.51;0.51;717895
24;25;4.91;5.11;0.49;0.51;718007
29;26;5.93;5.32;0.59;0.53;718120
26;27;5.32;5.52;0.53;0.55;718235
26;26;5.32;5.32;0.53;0.53;718348
27;27;5.52;5.52;0.55;0.55;718463
26;26;5.32;5.32;0.53;0.53;718576
25;25;5.11;5.11;0.51;0.51;718688
25;26;5.11;5.32;0.51;0.53;718801
23;25;4.71;5.11;0.47;0.51;718913
25;25;5.11;5.11;0.51;0.51;719026
25;26;5.11;5.32;0.51;0.53;719138
25;25;5.11;5.11;0.51;0.51;719251
26;26;5.32;5.32;0.53;0.53;719363
25;27;5.11;5.52;0.51;0.55;719478
26;26;5.32;5.32;0.53;0.53;719591
26;26;5.32;5.32;0.53;0.53;719704
28;26;5.73;5.32;0.57;0.53;719816
27;27;5.52;5.52;0.55;0.55;719931
25;25;5.11;5.11;0.51;0.51;720043
25;26;5.11;5.32;0.51;0.53;720156
26;25;5.32;5.11;0.53;0.51;720268
25;25;5.11;5.11;0.51;0.51;720381
26;26;5.32;5.32;0.53;0.53;720496
25;26;5.11;5.32;0.51;0.53;720609
25;26;5.11;5.32;0.51;0.53;720721
25;26;5.11;5.32;0.51;0.53;720834
25;25;5.11;5.11;0.51;0.51;720946
24;27;4.91;5.52;0.49;0.55;721059
25;26;5.11;5.32;0.51;0.53;721171
25;26;5.11;5.32;0.51;0.53;721284
24;25;4.91;5.11;0.49;0.51;721396
26;25;5.32;5.11;0.53;0.51;721511
25;27;5.11;5.52;0.51;0.55;721626
26;25;5.32;5.11;0.53;0.51;721738
28;28;5.73;5.73;0.57;0.57;721860
25;26;5.11;5.32;0.51;0.53;721973
25;25;5.11;5.11;0.51;0.51;722085
25;26;5.11;5.32;0.51;0.53;722198
24;25;4.91;5.11;0.49;0.51;722310
26;25;5.32;5.11;0.53;0.51;722423
26;26;5.32;5.32;0.53;0.53;722538
25;26;5.11;5.32;0.51;0.53;722651
26;25;5.32;5.11;0.53;0.51;722763
25;25;5.11;5.11;0.51;0.51;722875
24;26;4.91;5.32;0.49;0.53;722987
25;25;5.11;5.11;0.51;0.51;723100
26;25;5.32;5.11;0.53;0.51;723212
26;26;5.32;5.32;0.53;0.53;723327
25;25;5.11;5.11;0.51;0.51;723439
26;26;5.32;5.32;0.53;0.53;723554
26;26;5.32;5.32;0.53;0.53;723668
25;26;5.11;5.32;0.51;0.53;723780
25;25;5.11;5.11;0.51;0.51;723892
25;26;5.11;5.32;0.51;0.53;724004
25;26;5.11;5.32;0.51;0.53;724116
25;25;5.11;5.11;0.51;0.51;724228
25;26;5.11;5.32;0.51;0.53;724340
25;25;5.11;5.11;0.51;0.51;724452
30;23;6.14;4.71;0.61;0.47;724567
35;19;7.16;3.89;0.72;0.39;724680
26;25;5.32;5.11;0.53;0.51;724792
25;26;5.11;5.32;0.51;0.53;724904
28;23;5.73;4.71;0.57;0.47;725016
34;18;6.96;3.68;0.7;0.37;725131
26;25;5.32;5.11;0.53;0.51;725243
28;23;5.73;4.71;0.57;0.47;725355
29;22;5.93;4.5;0.59;0.45;725467
27;26;5.52;5.32;0.55;0.53;725582
26;25;5.32;5.11;0.53;0.51;725695
26;24;5.32;4.91;0.53;0.49;725807
26;25;5.32;5.11;0.53;0.51;725919
26;25;5.32;5.11;0.53;0.51;726031
31;22;6.34;4.5;0.63;0.45;726143
27;24;5.52;4.91;0.55;0.49;726255
25;26;5.11;5.32;0.51;0.53;726367
25;24;5.11;4.91;0.51;0.49;726479
32;32;6.55;6.55;0.65;0.65;726620
39;34;7.98;6.96;0.8;0.7;726776
26;25;5.32;5.11;0.53;0.51;726891
26;25;5.32;5.11;0.53;0.51;727003
28;26;5.73;5.32;0.57;0.53;727115
30;25;6.14;5.11;0.61;0.51;727228
27;25;5.52;5.11;0.55;0.51;727340
25;25;5.11;5.11;0.51;0.51;727452
38;35;7.77;7.16;0.78;0.72;727609
30;26;6.14;5.32;0.61;0.53;727725
27;26;5.52;5.32;0.55;0.53;727839
30;26;6.14;5.32;0.61;0.53;727954
26;25;5.32;5.11;0.53;0.51;728068
28;26;5.73;5.32;0.57;0.53;728184
30;26;6.14;5.32;0.61;0.53;728300
28;25;5.73;5.11;0.57;0.51;728414
29;26;5.93;5.32;0.59;0.53;728530
30;29;6.14;5.93;0.61;0.59;728655
30;29;6.14;5.93;0.61;0.59;728784
28;27;5.73;5.52;0.57;0.55;728901
30;27;6.14;5.52;0.61;0.55;729020
30;27;6.14;5.52;0.61;0.55;729139
28;27;5.73;5.52;0.57;0.55;729256
31;28;6.34;5.73;0.63;0.57;729375
28;27;5.73;5.52;0.57;0.55;729494
29;27;5.93;5.52;0.59;0.55;729611
32;28;6.55;5.73;0.65;0.57;729732
29;27;5.93;5.52;0.59;0.55;729852
27;27;5.52;5.52;0.55;0.55;729969
28;27;5.73;5.52;0.57;0.55;730088
28;27;5.73;5.52;0.57;0.55;730207
27;26;5.52;5.32;0.55;0.53;730324
28;28;5.73;5.73;0.57;0.57;730446
27;26;5.52;5.32;0.55;0.53;730565
28;27;5.73;5.52;0.57;0.55;730687
28;27;5.73;5.52;0.57;0.55;730805
28;27;5.73;5.52;0.57;0.55;730924
27;27;5.52;5.52;0.55;0.55;731043
27;27;5.52;5.52;0.55;0.55;731160
31;30;6.34;6.14;0.63;0.61;731292
27;27;5.52;5.52;0.55;0.55;731411
27;26;5.52;5.32;0.55;0.53;731528
28;27;5.73;5.52;0.57;0.55;731649
28;28;5.73;5.73;0.57;0.57;731771
27;26;5.52;5.32;0.55;0.53;731889
28;27;5.73;5.52;0.57;0.55;732008
27;27;5.52;5.52;0.55;0.55;732127
28;28;5.73;5.73;0.57;0.57;732249
27;26;5.52;5.32;0.55;0.53;732366
28;28;5.73;5.73;0.57;0.57;732491
28;27;5.73;5.52;0.57;0.55;732610
27;28;5.52;5.73;0.55;0.57;732730
26;26;5.32;5.32;0.53;0.53;732849
26;25;5.32;5.11;0.53;0.51;732968
26;26;5.32;5.32;0.53;0.53;733085
28;27;5.73;5.52;0.57;0.55;733204
27;27;5.52;5.52;0.55;0.55;733323
28;27;5.73;5.52;0.57;0.55;733440
27;28;5.52;5.73;0.55;0.57;733559
27;27;5.52;5.52;0.55;0.55;733678
33;32;6.75;6.55;0.68;0.65;733820
28;28;5.73;5.73;0.57;0.57;733939
28;28;5.73;5.73;0.57;0.57;734061
27;27;5.52;5.52;0.55;0.55;734180
27;26;5.52;5.32;0.55;0.53;734297
27;27;5.52;5.52;0.55;0.55;734416
28;27;5.73;5.52;0.57;0.55;734535
26;27;5.32;5.52;0.53;0.55;734652
29;28;5.93;5.73;0.59;0.57;734774
28;28;5.73;5.73;0.57;0.57;734894
26;26;5.32;5.32;0.53;0.53;735011
28;28;5.73;5.73;0.57;0.57;735130
27;27;5.52;5.52;0.55;0.55;735249
26;26;5.32;5.32;0.53;0.53;735366
27;26;5.52;5.32;0.55;0.53;735485
27;27;5.52;5.52;0.55;0.55;735604
26;26;5.32;5.32;0.53;0.53;735721
29;29;5.93;5.93;0.59;0.59;735845
27;27;5.52;5.52;0.55;0.55;735964
27;27;5.52;5.52;0.55;0.55;736083
26;26;5.32;5.32;0.53;0.53;736200
31;30;6.34;6.14;0.63;0.61;736332
27;26;5.52;5.32;0.55;0.53;736451
31;30;6.34;6.14;0.63;0.61;736585
28;28;5.73;5.73;0.57;0.57;736710
27;28;5.52;5.73;0.55;0.57;736832
26;26;5.32;5.32;0.53;0.53;736950
27;27;5.52;5.52;0.55;0.55;737069
27;27;5.52;5.52;0.55;0.55;737188
27;26;5.52;5.32;0.55;0.53;737305
26;27;5.32;5.52;0.53;0.55;737424
27;27;5.52;5.52;0.55;0.55;737543
27;27;5.52;5.52;0.55;0.55;737665
26;26;5.32;5.32;0.53;0.53;737782
28;27;5.73;5.52;0.57;0.55;737903
27;27;5.52;5.52;0.55;0.55;738023
27;26;5.52;5.32;0.55;0.53;738140
27;28;5.52;5.73;0.55;0.57;738259
27;27;5.52;5.52;0.55;0.55;738378
27;26;5.52;5.32;0.55;0.53;738495
27;28;5.52;5.73;0.55;0.57;738614
27;27;5.52;5.52;0.55;0.55;738733
29;30;5.93;6.14;0.59;0.61;738862
27;27;5.52;5.52;0.55;0.55;738981
27;26;5.52;5.32;0.55;0.53;739100
26;27;5.32;5.52;0.53;0.55;739217
27;27;5.52;5.52;0.55;0.55;739336
27;27;5.52;5.52;0.55;0.55;739458
27;27;5.52;5.52;0.55;0.55;739577
26;26;5.32;5.32;0.53;0.53;739694
27;27;5.52;5.52;0.55;0.55;739813
28;28;5.73;5.73;0.57;0.57;739935
26;26;5.32;5.32;0.53;0.53;740053
27;27;5.52;5.52;0.55;0.55;740172
27;26;5.52;5.32;0.55;0.53;740291
26;26;5.32;5.32;0.53;0.53;740408
27;27;5.52;5.52;0.55;0.55;740527
27;28;5.52;5.73;0.55;0.57;740646
26;26;5.32;5.32;0.53;0.53;740763
26;27;5.32;5.52;0.53;0.55;740882
27;28;5.52;5.73;0.55;0.57;741004
26;26;5.32;5.32;0.53;0.53;741122
27;27;5.52;5.52;0.55;0.55;741244
29;28;5.93;5.73;0.59;0.57;741376
26;27;5.32;5.52;0.53;0.55;741495
26;26;5.32;5.32;0.53;0.53;741615
25;25;5.11;5.11;0.51;0.51;741734
27;27;5.52;5.52;0.55;0.55;741859
26;25;5.32;5.11;0.53;0.51;741979
27;26;5.52;5.32;0.55;0.53;742098
26;27;5.32;5.52;0.53;0.55;742218
27;27;5.52;5.52;0.55;0.55;742336
26;26;5.32;5.32;0.53;0.53;742455
25;24;5.11;4.91;0.51;0.49;742567
24;25;4.91;5.11;0.49;0.51;742679
25;25;5.11;5.11;0.51;0.51;742791
25;25;5.11;5.11;0.51;0.51;742903
26;26;5.32;5.32;0.53;0.53;743020
25;25;5.11;5.11;0.51;0.51;743132
26;25;5.32;5.11;0.53;0.51;743244
25;25;5.11;5.11;0.51;0.51;743356
25;25;5.11;5.11;0.51;0.51;743468
25;25;5.11;5.11;0.51;0.51;743580
25;24;5.11;4.91;0.51;0.49;743692
26;25;5.32;5.11;0.53;0.51;743804
26;24;5.32;4.91;0.53;0.49;743916
27;26;5.52;5.32;0.55;0.53;744031
25;24;5.11;4.91;0.51;0.49;744143
25;24;5.11;4.91;0.51;0.49;744255
25;24;5.11;4.91;0.51;0.49;744367
26;24;5.32;4.91;0.53;0.49;744479
25;24;5.11;4.91;0.51;0.49;744591
26;26;5.32;5.32;0.53;0.53;744705
26;25;5.32;5.11;0.53;0.51;744817
26;25;5.32;5.11;0.53;0.51;744929
27;26;5.52;5.32;0.55;0.53;745044
25;25;5.11;5.11;0.51;0.51;745156
26;25;5.32;5.11;0.53;0.51;745268
26;25;5.32;5.11;0.53;0.51;745380
26;25;5.32;5.11;0.53;0.51;745492
25;26;5.11;5.32;0.51;0.53;745604
25;25;5.11;5.11;0.51;0.51;745716
25;25;5.11;5.11;0.51;0.51;745828
25;25;5.11;5.11;0.51;0.51;745940
26;26;5.32;5.32;0.53;0.53;746055
26;25;5.32;5.11;0.53;0.51;746167
26;25;5.32;5.11;0.53;0.51;746279
26;27;5.32;5.52;0.53;0.55;746396
26;26;5.32;5.32;0.53;0.53;746508
25;25;5.11;5.11;0.51;0.51;746620
27;25;5.52;5.11;0.55;0.51;746732
27;26;5.52;5.32;0.55;0.53;746844
26;25;5.32;5.11;0.53;0.51;746956
26;26;5.32;5.32;0.53;0.53;747071
26;26;5.32;5.32;0.53;0.53;747183
25;25;5.11;5.11;0.51;0.51;747295
26;26;5.32;5.32;0.53;0.53;747407
28;25;5.73;5.11;0.57;0.51;747519
26;26;5.32;5.32;0.53;0.53;747631
26;25;5.32;5.11;0.53;0.51;747743
26;25;5.32;5.11;0.53;0.51;747855
26;26;5.32;5.32;0.53;0.53;747967
26;26;5.32;5.32;0.53;0.53;748084
26;25;5.32;5.11;0.53;0.51;748196
26;25;5.32;5.11;0.53;0.51;748308
26;26;5.32;5.32;0.53;0.53;748420
25;25;5.11;5.11;0.51;0.51;748532
26;26;5.32;5.32;0.53;0.53;748644
27;26;5.52;5.32;0.55;0.53;748756
26;26;5.32;5.32;0.53;0.53;748868
25;25;5.11;5.11;0.51;0.51;748980
27;26;5.52;5.32;0.55;0.53;749095
26;25;5.32;5.11;0.53;0.51;749207
27;27;5.52;5.52;0.55;0.55;749319
26;25;5.32;5.11;0.53;0.51;749431
25;26;5.11;5.32;0.51;0.53;749543
26;25;5.32;5.11;0.53;0.51;749655
26;26;5.32;5.32;0.53;0.53;749769
25;25;5.11;5.11;0.51;0.51;749881
26;25;5.32;5.11;0.53;0.51;749993
27;26;5.52;5.32;0.55;0.53;750108
26;26;5.32;5.32;0.53;0.53;750220
27;25;5.52;5.11;0.55;0.51;750332
25;26;5.11;5.32;0.51;0.53;750444
26;25;5.32;5.11;0.53;0.51;750556
26;26;5.32;5.32;0.53;0.53;750668
25;25;5.11;5.11;0.51;0.51;750780
28;25;5.73;5.11;0.57;0.51;750892
27;27;5.52;5.52;0.55;0.55;751013
26;27;5.32;5.52;0.53;0.55;751128
27;25;5.52;5.11;0.55;0.51;751240
26;27;5.32;5.52;0.53;0.55;751352
26;25;5.32;5.11;0.53;0.51;751466
25;25;5.11;5.11;0.51;0.51;751578
25;25;5.11;5.11;0.51;0.51;751690
26;26;5.32;5.32;0.53;0.53;751802
25;26;5.11;5.32;0.51;0.53;751914
24;25;4.91;5.11;0.49;0.51;752026
26;25;5.32;5.11;0.53;0.51;752141
24;25;4.91;5.11;0.49;0.51;752253
26;26;5.32;5.32;0.53;0.53;752365
25;25;5.11;5.11;0.51;0.51;752477
26;25;5.32;5.11;0.53;0.51;752589
25;25;5.11;5.11;0.51;0.51;752701
27;26;5.52;5.32;0.55;0.53;752813
25;25;5.11;5.11;0.51;0.51;752925
26;26;5.32;5.32;0.53;0.53;753037
26;26;5.32;5.32;0.53;0.53;753154
25;26;5.11;5.32;0.51;0.53;753266
26;25;5.32;5.11;0.53;0.51;753378
26;25;5.32;5.11;0.53;0.51;753490
25;26;5.11;5.32;0.51;0.53;753602
26;25;5.32;5.11;0.53;0.51;753714
26;26;5.32;5.32;0.53;0.53;753826
26;26;5.32;5.32;0.53;0.53;753938
25;25;5.11;5.11;0.51;0.51;754050
26;26;5.32;5.32;0.53;0.53;754165
25;25;5.11;5.11;0.51;0.51;754277
25;25;5.11;5.11;0.51;0.51;754389
28;26;5.73;5.32;0.57;0.53;754501
25;25;5.11;5.11;0.51;0.51;754613
26;25;5.32;5.11;0.53;0.51;754725
27;24;5.52;4.91;0.55;0.49;754837
25;26;5.11;5.32;0.51;0.53;754951
26;25;5.32;5.11;0.53;0.51;755063
26;26;5.32;5.32;0.53;0.53;755178
25;26;5.11;5.32;0.51;0.53;755290
26;25;5.32;5.11;0.53;0.51;755402
25;25;5.11;5.11;0.51;0.51;755514
25;26;5.11;5.32;0.51;0.53;755626
27;26;5.52;5.32;0.55;0.53;755747
25;25;5.11;5.11;0.51;0.51;755859
26;27;5.32;5.52;0.53;0.55;755971
24;25;4.91;5.11;0.49;0.51;756083
25;26;5.11;5.32;0.51;0.53;756198
25;25;5.11;5.11;0.51;0.51;756310
25;24;5.11;4.91;0.51;0.49;756422
25;25;5.11;5.11;0.51;0.51;756534
24;25;4.91;5.11;0.49;0.51;756648
25;25;5.11;5.11;0.51;0.51;756760
24;25;4.91;5.11;0.49;0.51;756872
25;25;5.11;5.11;0.51;0.51;756984
25;25;5.11;5.11;0.51;0.51;757096
26;25;5.32;5.11;0.53;0.51;757211
26;26;5.32;5.32;0.53;0.53;757323
25;25;5.11;5.11;0.51;0.51;757435
26;26;5.32;5.32;0.53;0.53;757547
25;25;5.11;5.11;0.51;0.51;757659
25;26;5.11;5.32;0.51;0.53;757771
26;26;5.32;5.32;0.53;0.53;757883
26;25;5.32;5.11;0.53;0.51;757995
25;26;5.11;5.32;0.51;0.53;758107
28;26;5.73;5.32;0.57;0.53;758222
25;26;5.11;5.32;0.51;0.53;758336
25;25;5.11;5.11;0.51;0.51;758448
25;25;5.11;5.11;0.51;0.51;758560
25;25;5.11;5.11;0.51;0.51;758672
25;25;5.11;5.11;0.51;0.51;758784
25;25;5.11;5.11;0.51;0.51;758896
25;26;5.11;5.32;0.51;0.53;759008
25;25;5.11;5.11;0.51;0.51;759120
26;25;5.32;5.11;0.53;0.51;759235
25;25;5.11;5.11;0.51;0.51;759347
25;25;5.11;5.11;0.51;0.51;759459
26;25;5.32;5.11;0.53;0.51;759571
25;24;5.11;4.91;0.51;0.49;759683
26;26;5.32;5.32;0.53;0.53;759795
25;25;5.11;5.11;0.51;0.51;759907
26;26;5.32;5.32;0.53;0.53;760021
25;25;5.11;5.11;0.51;0.51;760133
26;27;5.32;5.52;0.53;0.55;760248
27;27;5.52;5.52;0.55;0.55;760370
25;25;5.11;5.11;0.51;0.51;760482
25;25;5.11;5.11;0.51;0.51;760594
25;24;5.11;4.91;0.51;0.49;760706
24;25;4.91;5.11;0.49;0.51;760818
26;26;5.32;5.32;0.53;0.53;760930
25;26;5.11;5.32;0.51;0.53;761042
25;25;5.11;5.11;0.51;0.51;761154
26;25;5.32;5.11;0.53;0.51;761269
26;24;5.32;4.91;0.53;0.49;761381
24;25;4.91;5.11;0.49;0.51;761493
25;25;5.11;5.11;0.51;0.51;761605
25;26;5.11;5.32;0.51;0.53;761719
25;24;5.11;4.91;0.51;0.49;761831
25;25;5.11;5.11;0.51;0.51;761943
26;24;5.32;4.91;0.53;0.49;762055
25;25;5.11;5.11;0.51;0.51;762167
26;26;5.32;5.32;0.53;0.53;762282
25;25;5.11;5.11;0.51;0.51;762394
25;25;5.11;5.11;0.51;0.51;762506
25;26;5.11;5.32;0.51;0.53;762618
25;25;5.11;5.11;0.51;0.51;762730
25;25;5.11;5.11;0.51;0.51;762842
25;25;5.11;5.11;0.51;0.51;762954
25;25;5.11;5.11;0.51;0.51;763066
25;25;5.11;5.11;0.51;0.51;763178
27;26;5.52;5.32;0.55;0.53;763293
25;25;5.11;5.11;0.51;0.51;763407
25;25;5.11;5.11;0.51;0.51;763519
25;25;5.11;5.11;0.51;0.51;763631
26;25;5.32;5.11;0.53;0.51;763743
25;25;5.11;5.11;0.51;0.51;763855
25;26;5.11;5.32;0.51;0.53;763967
26;25;5.32;5.11;0.53;0.51;764079
25;26;5.11;5.32;0.51;0.53;764191
26;26;5.32;5.32;0.53;0.53;764306
24;24;4.91;4.91;0.49;0.49;764418
26;26;5.32;5.32;0.53;0.53;764530
25;25;5.11;5.11;0.51;0.51;764642
25;26;5.11;5.32;0.51;0.53;764754
25;25;5.11;5.11;0.51;0.51;764866
24;24;4.91;4.91;0.49;0.49;764978
36;37;7.36;7.57;0.74;0.76;765144
25;25;5.11;5.11;0.51;0.51;765256
26;25;5.32;5.11;0.53;0.51;765370
25;25;5.11;5.11;0.51;0.51;765482
25;26;5.11;5.32;0.51;0.53;765594
26;26;5.32;5.32;0.53;0.53;765706
25;25;5.11;5.11;0.51;0.51;765818
25;25;5.11;5.11;0.51;0.51;765930
34;34;6.96;6.96;0.7;0.7;766082
25;25;5.11;5.11;0.51;0.51;766197
26;26;5.32;5.32;0.53;0.53;766310
26;27;5.32;5.52;0.53;0.55;766427
25;26;5.11;5.32;0.51;0.53;766541
26;26;5.32;5.32;0.53;0.53;766656
26;26;5.32;5.32;0.53;0.53;766772
26;26;5.32;5.32;0.53;0.53;766890
26;26;5.32;5.32;0.53;0.53;767006
28;27;5.73;5.52;0.57;0.55;767124
27;27;5.52;5.52;0.55;0.55;767242
26;27;5.32;5.52;0.53;0.55;767358
27;27;5.52;5.52;0.55;0.55;767478
27;27;5.52;5.52;0.55;0.55;767597
26;26;5.32;5.32;0.53;0.53;767713
27;27;5.52;5.52;0.55;0.55;767831
30;29;6.14;5.93;0.61;0.59;767959
26;27;5.32;5.52;0.53;0.55;768075
27;27;5.52;5.52;0.55;0.55;768193
27;26;5.52;5.32;0.55;0.53;768311
27;27;5.52;5.52;0.55;0.55;768427
27;28;5.52;5.73;0.55;0.57;768547
28;27;5.73;5.52;0.57;0.55;768669
27;27;5.52;5.52;0.55;0.55;768787
26;26;5.32;5.32;0.53;0.53;768904
27;27;5.52;5.52;0.55;0.55;769022
26;26;5.32;5.32;0.53;0.53;769140
26;26;5.32;5.32;0.53;0.53;769256
26;26;5.32;5.32;0.53;0.53;769374
27;26;5.52;5.32;0.55;0.53;769492
27;27;5.52;5.52;0.55;0.55;769611
27;26;5.52;5.32;0.55;0.53;769729
27;27;5.52;5.52;0.55;0.55;769847
26;25;5.32;5.11;0.53;0.51;769963
27;27;5.52;5.52;0.55;0.55;770083
27;26;5.52;5.32;0.55;0.53;770201
26;26;5.32;5.32;0.53;0.53;770317
29;28;5.93;5.73;0.59;0.57;770447
27;27;5.52;5.52;0.55;0.55;770568
27;27;5.52;5.52;0.55;0.55;770687
26;26;5.32;5.32;0.53;0.53;770803
26;26;5.32;5.32;0.53;0.53;770921
26;26;5.32;5.32;0.53;0.53;771039
24;25;4.91;5.11;0.49;0.51;771155
26;26;5.32;5.32;0.53;0.53;771273
25;25;5.11;5.11;0.51;0.51;771391
25;25;5.11;5.11;0.51;0.51;771507
26;25;5.32;5.11;0.53;0.51;771627
26;24;5.32;4.91;0.53;0.49;771746
27;26;5.52;5.32;0.55;0.53;771862
26;26;5.32;5.32;0.53;0.53;771980
27;26;5.52;5.32;0.55;0.53;772099
27;26;5.52;5.32;0.55;0.53;772220
26;25;5.32;5.11;0.53;0.51;772336
28;27;5.73;5.52;0.57;0.55;772454
26;26;5.32;5.32;0.53;0.53;772572
28;26;5.73;5.32;0.57;0.53;772691
27;25;5.52;5.11;0.55;0.51;772809
30;28;6.14;5.73;0.61;0.57;772937
27;25;5.52;5.11;0.55;0.51;773053
28;25;5.73;5.11;0.57;0.51;773171
26;25;5.32;5.11;0.53;0.51;773289
27;25;5.52;5.11;0.55;0.51;773405
27;26;5.52;5.32;0.55;0.53;773523
28;27;5.73;5.52;0.57;0.55;773645
26;25;5.32;5.11;0.53;0.51;773762
27;25;5.52;5.11;0.55;0.51;773880
27;25;5.52;5.11;0.55;0.51;774001
27;24;5.52;4.91;0.55;0.49;774120
26;24;5.32;4.91;0.53;0.49;774236
27;26;5.52;5.32;0.55;0.53;774354
27;24;5.52;4.91;0.55;0.49;774472
26;24;5.32;4.91;0.53;0.49;774588
28;27;5.73;5.52;0.57;0.55;774708
27;27;5.52;5.52;0.55;0.55;774827
27;26;5.52;5.32;0.55;0.53;774946
26;26;5.32;5.32;0.53;0.53;775064
27;27;5.52;5.52;0.55;0.55;775183
26;26;5.32;5.32;0.53;0.53;775299
30;28;6.14;5.73;0.61;0.57;775430
26;27;5.32;5.52;0.53;0.55;775549
27;26;5.52;5.32;0.55;0.53;775668
27;27;5.52;5.52;0.55;0.55;775790
27;27;5.52;5.52;0.55;0.55;775908
26;26;5.32;5.32;0.53;0.53;776026
25;25;5.11;5.11;0.51;0.51;776142
26;26;5.32;5.32;0.53;0.53;776260
26;26;5.32;5.32;0.53;0.53;776378
27;26;5.52;5.32;0.55;0.53;776495
26;25;5.32;5.11;0.53;0.51;776613
27;27;5.52;5.52;0.55;0.55;776734
25;26;5.11;5.32;0.51;0.53;776851
26;26;5.32;5.32;0.53;0.53;776969
26;26;5.32;5.32;0.53;0.53;777087
26;25;5.32;5.11;0.53;0.51;777203
26;25;5.32;5.11;0.53;0.51;777321
26;26;5.32;5.32;0.53;0.53;777439
27;26;5.52;5.32;0.55;0.53;777560
26;25;5.32;5.11;0.53;0.51;777676
27;27;5.52;5.52;0.55;0.55;777796
29;29;5.93;5.93;0.59;0.59;777924
27;27;5.52;5.52;0.55;0.55;778040
29;27;5.93;5.52;0.59;0.55;778158
28;26;5.73;5.32;0.57;0.53;778277
28;24;5.73;4.91;0.57;0.49;778393
27;25;5.52;5.11;0.55;0.51;778511
27;25;5.52;5.11;0.55;0.51;778629
27;24;5.52;4.91;0.55;0.49;778745
27;26;5.52;5.32;0.55;0.53;778865
28;25;5.73;5.11;0.57;0.51;778984
27;24;5.52;4.91;0.55;0.49;779100
27;25;5.52;5.11;0.55;0.51;779218
26;23;5.32;4.71;0.53;0.47;779339
25;22;5.11;4.5;0.51;0.45;779458
25;22;5.11;4.5;0.51;0.45;779574
27;25;5.52;5.11;0.55;0.51;779692
27;26;5.52;5.32;0.55;0.53;779810
28;26;5.73;5.32;0.57;0.53;779935
27;25;5.52;5.11;0.55;0.51;780053
27;25;5.52;5.11;0.55;0.51;780171
21;34;4.3;6.96;0.43;0.7;780287
2;62;0.41;12.68;0.04;1.27;780418
0;50;0;10.23;0;1.02;780537
0;48;0;9.82;0;0.98;780654
0;42;0;8.59;0;0.86;780755
0;46;0;9.41;0;0.94;780867
0;50;0;10.23;0;1.02;780988
0;47;0;9.61;0;0.96;781100
0;48;0;9.82;0;0.98;781210
0;48;0;9.82;0;0.98;781322
0;48;0;9.82;0;0.98;781434
0;48;0;9.82;0;0.98;781546
0;48;0;9.82;0;0.98;781658
0;48;0;9.82;0;0.98;781770
0;47;0;9.61;0;0.96;781882
0;47;0;9.61;0;0.96;781996
0;47;0;9.61;0;0.96;782108
0;46;0;9.41;0;0.94;782220
0;47;0;9.61;0;0.96;782332
0;48;0;9.82;0;0.98;782444
6;44;1.23;9;0.12;0.9;782556
21;27;4.3;5.52;0.43;0.55;782668
23;25;4.71;5.11;0.47;0.51;782780
26;28;5.32;5.73;0.53;0.57;782903
27;29;5.52;5.93;0.55;0.59;783026
23;26;4.71;5.32;0.47;0.53;783139
24;26;4.91;5.32;0.49;0.53;783251
27;26;5.52;5.32;0.55;0.53;783363
28;27;5.73;5.52;0.57;0.55;783475
26;27;5.32;5.52;0.53;0.55;783587
27;26;5.52;5.32;0.55;0.53;783699
23;24;4.71;4.91;0.47;0.49;783811
24;22;4.91;4.5;0.49;0.45;783923
23;22;4.71;4.5;0.47;0.45;784038
20;20;4.09;4.09;0.41;0.41;784151
