timestamp,anchor_id,range,sigma
0.0,0,1.4279,0.03
0.0,1,11.0459,0.03
0.0,2,15.5537,0.03
0.0,3,11.0587,0.03
0.02,0,1.4666,0.03
0.02,1,11.048,0.03
0.02,2,15.5318,0.03
0.02,3,11.0381,0.03
0.04,0,1.4265,0.03
0.04,1,10.9982,0.03
0.04,2,15.522,0.03
0.04,3,11.0402,0.03
0.06,0,1.4511,0.03
0.06,1,11.0071,0.03
0.06,2,15.5084,0.03
0.06,3,11.082,0.03
0.08,0,1.5045,0.03
0.08,1,11.0076,0.03
0.08,2,15.4823,0.03
0.08,3,11.0249,0.03
0.1,0,1.499,0.03
0.1,1,10.916,0.03
0.1,2,15.5189,0.03
0.1,3,10.996,0.03
0.12,0,1.4948,0.03
0.12,1,10.8896,0.03
0.12,2,15.4928,0.03
0.12,3,11.0629,0.03
0.14,0,1.499,0.03
0.14,1,10.893,0.03
0.14,2,15.4568,0.03
0.14,3,11.0699,0.03
0.16,0,1.5569,0.03
0.16,1,10.892,0.03
0.16,2,15.4386,0.03
0.16,3,11.0413,0.03
0.18,0,1.5489,0.03
0.18,1,10.8907,0.03
0.18,2,15.461,0.03
0.18,3,11.0392,0.03
0.2,0,1.5583,0.03
0.2,1,10.8589,0.03
0.2,2,15.428,0.03
0.2,3,11.0348,0.03
0.22,0,1.5463,0.03
0.22,1,10.8551,0.03
0.22,2,15.3989,0.03
0.22,3,11.0353,0.03
0.24,0,1.5679,0.03
0.24,1,10.8021,0.03
0.24,2,15.4068,0.03
0.24,3,11.079,0.03
0.26,0,1.607,0.03
0.26,1,10.7958,0.03
0.26,2,15.3608,0.03
0.26,3,11.0928,0.03
0.28,0,1.6028,0.03
0.28,1,10.7937,0.03
0.28,2,15.3927,0.03
0.28,3,11.0611,0.03
0.3,0,1.6382,0.03
0.3,1,10.7962,0.03
0.3,2,15.3919,0.03
0.3,3,11.0647,0.03
0.32,0,1.6083,0.03
0.32,1,10.7348,0.03
0.32,2,15.34,0.03
0.32,3,11.0931,0.03
0.34,0,1.6268,0.03
0.34,1,10.7433,0.03
0.34,2,15.3181,0.03
0.34,3,11.0995,0.03
0.36,0,1.6471,0.03
0.36,1,10.6982,0.03
0.36,2,15.3208,0.03
0.36,3,11.0661,0.03
0.38,0,1.6654,0.03
0.38,1,10.7136,0.03
0.38,2,15.3185,0.03
0.38,3,11.0851,0.03
0.4,0,1.7041,0.03
0.4,1,10.6774,0.03
0.4,2,15.3265,0.03
0.4,3,11.1015,0.03
0.42,0,1.6751,0.03
0.42,1,10.6599,0.03
0.42,2,15.2649,0.03
0.42,3,11.0925,0.03
0.44,0,1.7618,0.03
0.44,1,10.6506,0.03
0.44,2,15.2791,0.03
0.44,3,11.0377,0.03
0.46,0,1.7488,0.03
0.46,1,10.6409,0.03
0.46,2,15.2473,0.03
0.46,3,11.1167,0.03
0.48,0,1.7702,0.03
0.48,1,10.5995,0.03
0.48,2,15.2371,0.03
0.48,3,11.0832,0.03
0.5,0,1.7954,0.03
0.5,1,10.6262,0.03
0.5,2,15.2308,0.03
0.5,3,11.0469,0.03
0.52,0,1.764,0.03
0.52,1,10.5543,0.03
0.52,2,15.2861,0.03
0.52,3,11.1069,0.03
0.54,0,1.7807,0.03
0.54,1,10.5158,0.03
0.54,2,15.2425,0.03
0.54,3,11.116,0.03
0.56,0,1.8137,0.03
0.56,1,10.5706,0.03
0.56,2,15.2087,0.03
0.56,3,11.095,0.03
0.58,0,1.7995,0.03
0.58,1,10.5216,0.03
0.58,2,15.1795,0.03
0.58,3,11.1115,0.03
0.6,0,1.8757,0.03
0.6,1,10.5182,0.03
0.6,2,15.1545,0.03
0.6,3,11.1194,0.03
0.62,0,1.8757,0.03
0.62,1,10.4378,0.03
0.62,2,15.1518,0.03
0.62,3,11.1102,0.03
0.64,0,1.8725,0.03
0.64,1,10.4442,0.03
0.64,2,15.1227,0.03
0.64,3,11.0952,0.03
0.66,0,1.8607,0.03
0.66,1,10.4366,0.03
0.66,2,15.1485,0.03
0.66,3,11.1088,0.03
0.68,0,1.8693,0.03
0.68,1,10.4381,0.03
0.68,2,15.1234,0.03
0.68,3,11.1131,0.03
0.7,0,1.9229,0.03
0.7,1,10.4095,0.03
0.7,2,15.1425,0.03
0.7,3,11.1204,0.03
0.72,0,1.9562,0.03
0.72,1,10.4099,0.03
0.72,2,15.1119,0.03
0.72,3,11.1313,0.03
0.74,0,1.9492,0.03
0.74,1,10.3945,0.03
0.74,2,15.0669,0.03
0.74,3,11.1092,0.03
0.76,0,1.9591,0.03
0.76,1,10.3621,0.03
0.76,2,15.1054,0.03
0.76,3,11.1535,0.03
0.78,0,1.9717,0.03
0.78,1,10.3537,0.03
0.78,2,15.0219,0.03
0.78,3,11.1385,0.03
0.8,0,1.9914,0.03
0.8,1,10.3334,0.03
0.8,2,15.03,0.03
0.8,3,11.1415,0.03
0.82,0,2.0325,0.03
0.82,1,10.3187,0.03
0.82,2,15.0439,0.03
0.82,3,11.1391,0.03
0.84,0,2.0343,0.03
0.84,1,10.2977,0.03
0.84,2,15.0077,0.03
0.84,3,11.1494,0.03
0.86,0,2.0451,0.03
0.86,1,10.2286,0.03
0.86,2,15.0326,0.03
0.86,3,11.1363,0.03
0.88,0,2.032,0.03
0.88,1,10.2677,0.03
0.88,2,15.0267,0.03
0.88,3,11.165,0.03
0.9,0,2.1048,0.03
0.9,1,10.2332,0.03
0.9,2,15.0035,0.03
0.9,3,11.1341,0.03
0.92,0,2.1038,0.03
0.92,1,10.2432,0.03
0.92,2,14.9565,0.03
0.92,3,11.1619,0.03
0.94,0,2.0963,0.03
0.94,1,10.2477,0.03
0.94,2,14.9957,0.03
0.94,3,11.1629,0.03
0.96,0,2.1038,0.03
0.96,1,10.1529,0.03
0.96,2,14.9496,0.03
0.96,3,11.1755,0.03
0.98,0,2.1905,0.03
0.98,1,10.1704,0.03
0.98,2,14.9138,0.03
0.98,3,11.138,0.03
1.0,0,2.1907,0.03
1.0,1,10.1482,0.03
1.0,2,14.9137,0.03
1.0,3,11.1548,0.03
1.02,0,2.1645,0.03
1.02,1,10.1161,0.03
1.02,2,14.9153,0.03
1.02,3,11.1528,0.03
1.04,0,2.1869,0.03
1.04,1,10.1225,0.03
1.04,2,14.8832,0.03
1.04,3,11.1735,0.03
1.06,0,2.2087,0.03
1.06,1,10.0771,0.03
1.06,2,14.8645,0.03
1.06,3,11.1776,0.03
1.08,0,2.2465,0.03
1.08,1,10.0477,0.03
1.08,2,14.8804,0.03
1.08,3,11.1523,0.03
1.1,0,2.2645,0.03
1.1,1,10.0401,0.03
1.1,2,14.8827,0.03
1.1,3,11.1877,0.03
1.12,0,2.2299,0.03
1.12,1,10.0324,0.03
1.12,2,14.8607,0.03
1.12,3,11.194,0.03
1.14,0,2.2437,0.03
1.14,1,9.9979,0.03
1.14,2,14.8674,0.03
1.14,3,11.1684,0.03
1.16,0,2.2637,0.03
1.16,1,10.0087,0.03
1.16,2,14.8148,0.03
1.16,3,11.1622,0.03
1.18,0,2.2737,0.03
1.18,1,9.9801,0.03
1.18,2,14.7888,0.03
1.18,3,11.205,0.03
1.2,0,2.3288,0.03
1.2,1,9.9521,0.03
1.2,2,14.8074,0.03
1.2,3,11.1905,0.03
1.22,0,2.3479,0.03
1.22,1,9.9723,0.03
1.22,2,14.8058,0.03
1.22,3,11.2032,0.03
1.24,0,2.3265,0.03
1.24,1,9.9254,0.03
1.24,2,14.7875,0.03
1.24,3,11.1961,0.03
1.26,0,2.3552,0.03
1.26,1,9.9295,0.03
1.26,2,14.7508,0.03
1.26,3,11.1991,0.03
1.28,0,2.3602,0.03
1.28,1,9.8966,0.03
1.28,2,14.772,0.03
1.28,3,11.2105,0.03
1.3,0,2.3826,0.03
1.3,1,9.8361,0.03
1.3,2,14.7344,0.03
1.3,3,11.2179,0.03
1.32,0,2.4277,0.03
1.32,1,9.8179,0.03
1.32,2,14.7169,0.03
1.32,3,11.2342,0.03
1.34,0,2.4426,0.03
1.34,1,9.8121,0.03
1.34,2,14.7692,0.03
1.34,3,11.2381,0.03
1.36,0,2.4304,0.03
1.36,1,9.8316,0.03
1.36,2,14.7038,0.03
1.36,3,11.2302,0.03
1.38,0,2.4835,0.03
1.38,1,9.8063,0.03
1.38,2,14.6735,0.03
1.38,3,11.1905,0.03
1.4,0,2.4675,0.03
1.4,1,9.787,0.03
1.4,2,14.7068,0.03
1.4,3,11.2384,0.03
1.42,0,2.4749,0.03
1.42,1,9.7485,0.03
1.42,2,14.6693,0.03
1.42,3,11.225,0.03
1.44,0,2.4956,0.03
1.44,1,9.7298,0.03
1.44,2,14.685,0.03
1.44,3,11.2334,0.03
1.46,0,2.5205,0.03
1.46,1,9.7211,0.03
1.46,2,14.6579,0.03
1.46,3,11.2413,0.03
1.48,0,2.5512,0.03
1.48,1,9.6947,0.03
1.48,2,14.5968,0.03
1.48,3,11.2351,0.03
1.5,0,2.5871,0.03
1.5,1,9.6761,0.03
1.5,2,14.6014,0.03
1.5,3,11.2729,0.03
1.52,0,2.5408,0.03
1.52,1,9.673,0.03
1.52,2,14.5726,0.03
1.52,3,11.2429,0.03
1.54,0,2.6012,0.03
1.54,1,9.6857,0.03
1.54,2,14.6106,0.03
1.54,3,11.244,0.03
1.56,0,2.5922,0.03
1.56,1,9.6356,0.03
1.56,2,14.5697,0.03
1.56,3,11.2579,0.03
1.58,0,2.6508,0.03
1.58,1,9.6154,0.03
1.58,2,14.5825,0.03
1.58,3,11.2783,0.03
1.6,0,2.6507,0.03
1.6,1,9.5823,0.03
1.6,2,14.5999,0.03
1.6,3,11.2838,0.03
1.62,0,2.6838,0.03
1.62,1,9.5755,0.03
1.62,2,14.5409,0.03
1.62,3,11.2976,0.03
1.64,0,2.6946,0.03
1.64,1,9.5845,0.03
1.64,2,14.5172,0.03
1.64,3,11.2788,0.03
1.66,0,2.7214,0.03
1.66,1,9.5323,0.03
1.66,2,14.5554,0.03
1.66,3,11.2745,0.03
1.68,0,2.7121,0.03
1.68,1,9.524,0.03
1.68,2,14.5146,0.03
1.68,3,11.2796,0.03
1.7,0,2.7442,0.03
1.7,1,9.5071,0.03
1.7,2,14.4875,0.03
1.7,3,11.2708,0.03
1.72,0,2.7589,0.03
1.72,1,9.5273,0.03
1.72,2,14.5046,0.03
1.72,3,11.2962,0.03
1.74,0,2.7615,0.03
1.74,1,9.4765,0.03
1.74,2,14.5055,0.03
1.74,3,11.363,0.03
1.76,0,2.8087,0.03
1.76,1,9.434,0.03
1.76,2,14.5049,0.03
1.76,3,11.2709,0.03
1.78,0,2.8116,0.03
1.78,1,9.4263,0.03
1.78,2,14.4554,0.03
1.78,3,11.3383,0.03
1.8,0,2.8354,0.03
1.8,1,9.4052,0.03
1.8,2,14.4095,0.03
1.8,3,11.2912,0.03
1.82,0,2.8333,0.03
1.82,1,9.3764,0.03
1.82,2,14.4414,0.03
1.82,3,11.3223,0.03
1.84,0,2.8226,0.03
1.84,1,9.3722,0.03
1.84,2,14.4484,0.03
1.84,3,11.3116,0.03
1.86,0,2.8563,0.03
1.86,1,9.3617,0.03
1.86,2,14.3986,0.03
1.86,3,11.3459,0.03
1.88,0,2.8969,0.03
1.88,1,9.3487,0.03
1.88,2,14.4023,0.03
1.88,3,11.3375,0.03
1.9,0,2.8933,0.03
1.9,1,9.3174,0.03
1.9,2,14.3917,0.03
1.9,3,11.3254,0.03
1.92,0,2.9266,0.03
1.92,1,9.2762,0.03
1.92,2,14.3815,0.03
1.92,3,11.3683,0.03
1.94,0,2.912,0.03
1.94,1,9.294,0.03
1.94,2,14.3777,0.03
1.94,3,11.3363,0.03
1.96,0,2.969,0.03
1.96,1,9.243,0.03
1.96,2,14.3831,0.03
1.96,3,11.3394,0.03
1.98,0,2.9791,0.03
1.98,1,9.2713,0.03
1.98,2,14.3578,0.03
1.98,3,11.3608,0.03
2.0,0,2.9839,0.03
2.0,1,9.2348,0.03
2.0,2,14.3357,0.03
2.0,3,11.35,0.03
2.02,0,3.0128,0.03
2.02,1,9.2135,0.03
2.02,2,14.3218,0.03
2.02,3,11.3641,0.03
2.04,0,3.0091,0.03
2.04,1,9.188,0.03
2.04,2,14.293,0.03
2.04,3,11.3641,0.03
2.06,0,3.0166,0.03
2.06,1,9.1781,0.03
2.06,2,14.2974,0.03
2.06,3,11.3478,0.03
2.08,0,3.0511,0.03
2.08,1,9.1647,0.03
2.08,2,14.2602,0.03
2.08,3,11.3919,0.03
2.1,0,3.0557,0.03
2.1,1,9.1392,0.03
2.1,2,14.2427,0.03
2.1,3,11.3803,0.03
2.12,0,3.0999,0.03
2.12,1,9.1063,0.03
2.12,2,14.2909,0.03
2.12,3,11.4051,0.03
2.14,0,3.1095,0.03
2.14,1,9.1237,0.03
2.14,2,14.2262,0.03
2.14,3,11.3473,0.03
2.16,0,3.1055,0.03
2.16,1,9.1099,0.03
2.16,2,14.2585,0.03
2.16,3,11.3987,0.03
2.18,0,3.1681,0.03
2.18,1,9.0636,0.03
2.18,2,14.2334,0.03
2.18,3,11.4276,0.03
2.2,0,3.1449,0.03
2.2,1,9.1088,0.03
2.2,2,14.2207,0.03
2.2,3,11.4183,0.03
2.22,0,3.1754,0.03
2.22,1,9.0626,0.03
2.22,2,14.1723,0.03
2.22,3,11.3984,0.03
2.24,0,3.1681,0.03
2.24,1,9.0207,0.03
2.24,2,14.2054,0.03
2.24,3,11.4328,0.03
2.26,0,3.2085,0.03
2.26,1,9.0351,0.03
2.26,2,14.1733,0.03
2.26,3,11.3907,0.03
2.28,0,3.2243,0.03
2.28,1,8.957,0.03
2.28,2,14.1719,0.03
2.28,3,11.408,0.03
2.3,0,3.2168,0.03
2.3,1,8.9776,0.03
2.3,2,14.1678,0.03
2.3,3,11.4067,0.03
2.32,0,3.2321,0.03
2.32,1,8.946,0.03
2.32,2,14.1736,0.03
2.32,3,11.4414,0.03
2.34,0,3.3005,0.03
2.34,1,8.9267,0.03
2.34,2,14.1106,0.03
2.34,3,11.4407,0.03
2.36,0,3.3204,0.03
2.36,1,8.9024,0.03
2.36,2,14.1355,0.03
2.36,3,11.4682,0.03
2.38,0,3.2911,0.03
2.38,1,8.8886,0.03
2.38,2,14.1079,0.03
2.38,3,11.4644,0.03
2.4,0,3.3253,0.03
2.4,1,8.896,0.03
2.4,2,14.095,0.03
2.4,3,11.4534,0.03
2.42,0,3.3369,0.03
2.42,1,8.8955,0.03
2.42,2,14.1209,0.03
2.42,3,11.4668,0.03
2.44,0,3.3833,0.03
2.44,1,8.8074,0.03
2.44,2,14.0942,0.03
2.44,3,11.4832,0.03
2.46,0,3.3975,0.03
2.46,1,8.8356,0.03
2.46,2,14.0662,0.03
2.46,3,11.4722,0.03
2.48,0,3.4232,0.03
2.48,1,8.806,0.03
2.48,2,14.088,0.03
2.48,3,11.4704,0.03
2.5,0,3.439,0.03
2.5,1,8.8005,0.03
2.5,2,14.0539,0.03
2.5,3,11.4975,0.03
2.52,0,3.4469,0.03
2.52,1,8.7957,0.03
2.52,2,14.0521,0.03
2.52,3,11.4658,0.03
2.54,0,3.4374,0.03
2.54,1,8.7831,0.03
2.54,2,14.0282,0.03
2.54,3,11.508,0.03
2.56,0,3.4976,0.03
2.56,1,8.7255,0.03
2.56,2,14.0017,0.03
2.56,3,11.4858,0.03
2.58,0,3.5134,0.03
2.58,1,8.731,0.03
2.58,2,13.9978,0.03
2.58,3,11.5166,0.03
2.6,0,3.5189,0.03
2.6,1,8.6975,0.03
2.6,2,13.971,0.03
2.6,3,11.5452,0.03
2.62,0,3.5304,0.03
2.62,1,8.6543,0.03
2.62,2,13.9438,0.03
2.62,3,11.4907,0.03
2.64,0,3.5621,0.03
2.64,1,8.6664,0.03
2.64,2,13.9356,0.03
2.64,3,11.504,0.03
2.66,0,3.5791,0.03
2.66,1,8.6265,0.03
2.66,2,13.945,0.03
2.66,3,11.5052,0.03
2.68,0,3.5956,0.03
2.68,1,8.632,0.03
2.68,2,13.912,0.03
2.68,3,11.5266,0.03
2.7,0,3.6322,0.03
2.7,1,8.5687,0.03
2.7,2,13.9345,0.03
2.7,3,11.5019,0.03
2.72,0,3.6253,0.03
2.72,1,8.5925,0.03
2.72,2,13.9133,0.03
2.72,3,11.5513,0.03
2.74,0,3.6174,0.03
2.74,1,8.5368,0.03
2.74,2,13.9173,0.03
2.74,3,11.5265,0.03
2.76,0,3.6646,0.03
2.76,1,8.538,0.03
2.76,2,13.8693,0.03
2.76,3,11.5748,0.03
2.78,0,3.6526,0.03
2.78,1,8.5209,0.03
2.78,2,13.8959,0.03
2.78,3,11.5569,0.03
2.8,0,3.6994,0.03
2.8,1,8.5773,0.03
2.8,2,13.8493,0.03
2.8,3,11.5625,0.03
2.82,0,3.7253,0.03
2.82,1,8.4872,0.03
2.82,2,13.8134,0.03
2.82,3,11.568,0.03
2.84,0,3.7797,0.03
2.84,1,8.4792,0.03
2.84,2,13.8316,0.03
2.84,3,11.5813,0.03
2.86,0,3.747,0.03
2.86,1,8.4901,0.03
2.86,2,13.8481,0.03
2.86,3,11.562,0.03
2.88,0,3.7785,0.03
2.88,1,8.467,0.03
2.88,2,13.8088,0.03
2.88,3,11.5774,0.03
2.9,0,3.7252,0.03
2.9,1,8.4157,0.03
2.9,2,13.8127,0.03
2.9,3,11.5747,0.03
2.92,0,3.7776,0.03
2.92,1,8.4117,0.03
2.92,2,13.7636,0.03
2.92,3,11.5901,0.03
2.94,0,3.8118,0.03
2.94,1,8.4033,0.03
2.94,2,13.8107,0.03
2.94,3,11.6031,0.03
2.96,0,3.8484,0.03
2.96,1,8.3345,0.03
2.96,2,13.8057,0.03
2.96,3,11.6278,0.03
2.98,0,3.8328,0.03
2.98,1,8.3614,0.03
2.98,2,13.7886,0.03
2.98,3,11.6039,0.03
3.0,0,3.8535,0.03
3.0,1,8.3284,0.03
3.0,2,13.7375,0.03
3.0,3,11.6353,0.03
3.02,0,3.8861,0.03
3.02,1,8.3623,0.03
3.02,2,13.7514,0.03
3.02,3,11.6193,0.03
3.04,0,3.8805,0.03
3.04,1,8.2831,0.03
3.04,2,13.7123,0.03
3.04,3,11.6242,0.03
3.06,0,3.9102,0.03
3.06,1,8.288,0.03
3.06,2,13.7417,0.03
3.06,3,11.6231,0.03
3.08,0,3.9216,0.03
3.08,1,8.2405,0.03
3.08,2,13.7086,0.03
3.08,3,11.664,0.03
3.1,0,3.9401,0.03
3.1,1,8.2559,0.03
3.1,2,13.7191,0.03
3.1,3,11.636,0.03
3.12,0,3.9338,0.03
3.12,1,8.2198,0.03
3.12,2,13.7,0.03
3.12,3,11.6643,0.03
3.14,0,3.9814,0.03
3.14,1,8.2047,0.03
3.14,2,13.6704,0.03
3.14,3,11.6034,0.03
3.16,0,3.9774,0.03
3.16,1,8.1652,0.03
3.16,2,13.6757,0.03
3.16,3,11.6504,0.03
3.18,0,3.9797,0.03
3.18,1,8.1811,0.03
3.18,2,13.6648,0.03
3.18,3,11.697,0.03
3.2,0,4.0134,0.03
3.2,1,8.15,0.03
3.2,2,13.6548,0.03
3.2,3,11.6604,0.03
3.22,0,4.0615,0.03
3.22,1,8.1171,0.03
3.22,2,13.669,0.03
3.22,3,11.7078,0.03
3.24,0,4.0623,0.03
3.24,1,8.1222,0.03
3.24,2,13.6338,0.03
3.24,3,11.6861,0.03
3.26,0,4.0775,0.03
3.26,1,8.1156,0.03
3.26,2,13.616,0.03
3.26,3,11.6876,0.03
3.28,0,4.0837,0.03
3.28,1,8.0851,0.03
3.28,2,13.6112,0.03
3.28,3,11.6858,0.03
3.3,0,4.1288,0.03
3.3,1,8.0944,0.03
3.3,2,13.597,0.03
3.3,3,11.6759,0.03
3.32,0,4.1297,0.03
3.32,1,8.0451,0.03
3.32,2,13.5578,0.03
3.32,3,11.7111,0.03
3.34,0,4.1473,0.03
3.34,1,8.0537,0.03
3.34,2,13.5702,0.03
3.34,3,11.7306,0.03
3.36,0,4.153,0.03
3.36,1,8.0178,0.03
3.36,2,13.5371,0.03
3.36,3,11.7027,0.03
3.38,0,4.2046,0.03
3.38,1,7.9737,0.03
3.38,2,13.5817,0.03
3.38,3,11.7022,0.03
3.4,0,4.2304,0.03
3.4,1,7.9564,0.03
3.4,2,13.5272,0.03
3.4,3,11.7064,0.03
3.42,0,4.2421,0.03
3.42,1,7.945,0.03
3.42,2,13.5324,0.03
3.42,3,11.7852,0.03
3.44,0,4.2809,0.03
3.44,1,7.925,0.03
3.44,2,13.5367,0.03
3.44,3,11.7292,0.03
3.46,0,4.2666,0.03
3.46,1,7.9038,0.03
3.46,2,13.5116,0.03
3.46,3,11.7383,0.03
3.48,0,4.2791,0.03
3.48,1,7.917,0.03
3.48,2,13.5632,0.03
3.48,3,11.7454,0.03
3.5,0,4.2884,0.03
3.5,1,7.8707,0.03
3.5,2,13.4743,0.03
3.5,3,11.7728,0.03
3.52,0,4.3207,0.03
3.52,1,7.8378,0.03
3.52,2,13.4829,0.03
3.52,3,11.7902,0.03
3.54,0,4.3406,0.03
3.54,1,7.8733,0.03
3.54,2,13.4702,0.03
3.54,3,11.8028,0.03
3.56,0,4.3398,0.03
3.56,1,7.8523,0.03
3.56,2,13.4592,0.03
3.56,3,11.7937,0.03
3.58,0,4.3953,0.03
3.58,1,7.8015,0.03
3.58,2,13.4672,0.03
3.58,3,11.7715,0.03
3.6,0,4.4026,0.03
3.6,1,7.7562,0.03
3.6,2,13.3925,0.03
3.6,3,11.8062,0.03
3.62,0,4.4076,0.03
3.62,1,7.7876,0.03
3.62,2,13.3903,0.03
3.62,3,11.7932,0.03
3.64,0,4.4217,0.03
3.64,1,7.7808,0.03
3.64,2,13.4194,0.03
3.64,3,11.7747,0.03
3.66,0,4.4644,0.03
3.66,1,7.7601,0.03
3.66,2,13.4087,0.03
3.66,3,11.8547,0.03
3.68,0,4.4293,0.03
3.68,1,7.7271,0.03
3.68,2,13.4511,0.03
3.68,3,11.8652,0.03
3.7,0,4.4628,0.03
3.7,1,7.7013,0.03
3.7,2,13.3694,0.03
3.7,3,11.7887,0.03
3.72,0,4.4796,0.03
3.72,1,7.668,0.03
3.72,2,13.3681,0.03
3.72,3,11.8512,0.03
3.74,0,4.4769,0.03
3.74,1,7.6686,0.03
3.74,2,13.3571,0.03
3.74,3,11.8624,0.03
3.76,0,4.565,0.03
3.76,1,7.6784,0.03
3.76,2,13.3486,0.03
3.76,3,11.8677,0.03
3.78,0,4.5531,0.03
3.78,1,7.6253,0.03
3.78,2,13.3277,0.03
3.78,3,11.8567,0.03
3.8,0,4.5704,0.03
3.8,1,7.5924,0.03
3.8,2,13.3112,0.03
3.8,3,11.8561,0.03
3.82,0,4.5857,0.03
3.82,1,7.5598,0.03
3.82,2,13.3055,0.03
3.82,3,11.8462,0.03
3.84,0,4.6047,0.03
3.84,1,7.5806,0.03
3.84,2,13.3252,0.03
3.84,3,11.8586,0.03
3.86,0,4.6243,0.03
3.86,1,7.559,0.03
3.86,2,13.3512,0.03
3.86,3,11.8958,0.03
3.88,0,4.6543,0.03
3.88,1,7.5224,0.03
3.88,2,13.2784,0.03
3.88,3,11.8792,0.03
3.9,0,4.6306,0.03
3.9,1,7.5036,0.03
3.9,2,13.2933,0.03
3.9,3,11.8746,0.03
3.92,0,4.68,0.03
3.92,1,7.5172,0.03
3.92,2,13.287,0.03
3.92,3,11.8867,0.03
3.94,0,4.6679,0.03
3.94,1,7.4932,0.03
3.94,2,13.2657,0.03
3.94,3,11.9495,0.03
3.96,0,4.6925,0.03
3.96,1,7.4464,0.03
3.96,2,13.2651,0.03
3.96,3,11.8851,0.03
3.98,0,4.6934,0.03
3.98,1,7.4299,0.03
3.98,2,13.2665,0.03
3.98,3,11.8933,0.03
4.0,0,4.7408,0.03
4.0,1,7.4431,0.03
4.0,2,13.2457,0.03
4.0,3,11.9428,0.03
4.02,0,4.7816,0.03
4.02,1,7.4093,0.03
4.02,2,13.2381,0.03
4.02,3,11.9364,0.03
4.04,0,4.7427,0.03
4.04,1,7.4115,0.03
4.04,2,13.2361,0.03
4.04,3,11.9666,0.03
4.06,0,4.8299,0.03
4.06,1,7.3795,0.03
4.06,2,13.1963,0.03
4.06,3,11.9051,0.03
4.08,0,4.8234,0.03
4.08,1,7.3655,0.03
4.08,2,13.21,0.03
4.08,3,11.9232,0.03
4.1,0,4.8568,0.03
4.1,1,7.3184,0.03
4.1,2,13.1835,0.03
4.1,3,11.9995,0.03
4.12,0,4.837,0.03
4.12,1,7.3519,0.03
4.12,2,13.16,0.03
4.12,3,11.9931,0.03
4.14,0,4.894,0.03
4.14,1,7.3211,0.03
4.14,2,13.1818,0.03
4.14,3,11.9525,0.03
4.16,0,4.8958,0.03
4.16,1,7.244,0.03
4.16,2,13.1349,0.03
4.16,3,11.9688,0.03
4.18,0,4.9056,0.03
4.18,1,7.2698,0.03
4.18,2,13.1301,0.03
4.18,3,12.009,0.03
4.2,0,4.9069,0.03
4.2,1,7.2498,0.03
4.2,2,13.1674,0.03
4.2,3,11.9967,0.03
4.22,0,4.9097,0.03
4.22,1,7.2394,0.03
4.22,2,13.1104,0.03
4.22,3,12.0496,0.03
4.24,0,4.9499,0.03
4.24,1,7.2046,0.03
4.24,2,13.1175,0.03
4.24,3,12.0142,0.03
4.26,0,4.9947,0.03
4.26,1,7.2038,0.03
4.26,2,13.0987,0.03
4.26,3,11.9901,0.03
4.28,0,4.9419,0.03
4.28,1,7.1772,0.03
4.28,2,13.1084,0.03
4.28,3,12.0387,0.03
4.3,0,5.0271,0.03
4.3,1,7.1619,0.03
4.3,2,13.0563,0.03
4.3,3,12.028,0.03
4.32,0,5.0175,0.03
4.32,1,7.1453,0.03
4.32,2,13.0947,0.03
4.32,3,12.0535,0.03
4.34,0,5.0505,0.03
4.34,1,7.1192,0.03
4.34,2,13.047,0.03
4.34,3,12.0622,0.03
4.36,0,5.0316,0.03
4.36,1,7.1062,0.03
4.36,2,13.0159,0.03
4.36,3,12.0925,0.03
4.38,0,5.1455,0.03
4.38,1,7.1037,0.03
4.38,2,13.0383,0.03
4.38,3,12.0948,0.03
4.4,0,5.0977,0.03
4.4,1,7.0892,0.03
4.4,2,13.0321,0.03
4.4,3,12.0705,0.03
4.42,0,5.1189,0.03
4.42,1,7.0548,0.03
4.42,2,12.9987,0.03
4.42,3,12.0678,0.03
4.44,0,5.1516,0.03
4.44,1,7.0512,0.03
4.44,2,13.0044,0.03
4.44,3,12.1387,0.03
4.46,0,5.1557,0.03
4.46,1,7.0262,0.03
4.46,2,12.9949,0.03
4.46,3,12.1314,0.03
4.48,0,5.1572,0.03
4.48,1,7.0008,0.03
4.48,2,13.013,0.03
4.48,3,12.0867,0.03
4.5,0,5.1778,0.03
4.5,1,6.9826,0.03
4.5,2,13.0043,0.03
4.5,3,12.1171,0.03
4.52,0,5.1901,0.03
4.52,1,6.9731,0.03
4.52,2,12.9958,0.03
4.52,3,12.1366,0.03
4.54,0,5.1983,0.03
4.54,1,6.9377,0.03
4.54,2,12.9492,0.03
4.54,3,12.1627,0.03
4.56,0,5.2594,0.03
4.56,1,6.9454,0.03
4.56,2,12.9351,0.03
4.56,3,12.1272,0.03
4.58,0,5.2691,0.03
4.58,1,6.9285,0.03
4.58,2,12.9282,0.03
4.58,3,12.1545,0.03
4.6,0,5.2698,0.03
4.6,1,6.9094,0.03
4.6,2,12.9504,0.03
4.6,3,12.162,0.03
4.62,0,5.2945,0.03
4.62,1,6.8879,0.03
4.62,2,12.9055,0.03
4.62,3,12.1821,0.03
4.64,0,5.3096,0.03
4.64,1,6.8476,0.03
4.64,2,12.9108,0.03
4.64,3,12.2002,0.03
4.66,0,5.2949,0.03
4.66,1,6.832,0.03
4.66,2,12.9243,0.03
4.66,3,12.2012,0.03
4.68,0,5.292,0.03
4.68,1,6.8396,0.03
4.68,2,12.9148,0.03
4.68,3,12.214,0.03
4.7,0,5.3579,0.03
4.7,1,6.7732,0.03
4.7,2,12.8471,0.03
4.7,3,12.2026,0.03
4.72,0,5.3836,0.03
4.72,1,6.7945,0.03
4.72,2,12.884,0.03
4.72,3,12.1705,0.03
4.74,0,5.4051,0.03
4.74,1,6.7494,0.03
4.74,2,12.8972,0.03
4.74,3,12.2376,0.03
4.76,0,5.3721,0.03
4.76,1,6.759,0.03
4.76,2,12.8436,0.03
4.76,3,12.2506,0.03
4.78,0,5.4181,0.03
4.78,1,6.7345,0.03
4.78,2,12.8696,0.03
4.78,3,12.2439,0.03
4.8,0,5.435,0.03
4.8,1,6.7169,0.03
4.8,2,12.85,0.03
4.8,3,12.2564,0.03
4.82,0,5.4686,0.03
4.82,1,6.6885,0.03
4.82,2,12.8065,0.03
4.82,3,12.239,0.03
4.84,0,5.5271,0.03
4.84,1,6.6998,0.03
4.84,2,12.8485,0.03
4.84,3,12.2579,0.03
4.86,0,5.5279,0.03
4.86,1,6.6498,0.03
4.86,2,12.8282,0.03
4.86,3,12.2522,0.03
4.88,0,5.5061,0.03
4.88,1,6.6134,0.03
4.88,2,12.7949,0.03
4.88,3,12.2728,0.03
4.9,0,5.5281,0.03
4.9,1,6.6233,0.03
4.9,2,12.7912,0.03
4.9,3,12.2698,0.03
4.92,0,5.5863,0.03
4.92,1,6.5639,0.03
4.92,2,12.812,0.03
4.92,3,12.3113,0.03
4.94,0,5.6036,0.03
4.94,1,6.5931,0.03
4.94,2,12.7534,0.03
4.94,3,12.2962,0.03
4.96,0,5.6519,0.03
4.96,1,6.5589,0.03
4.96,2,12.7654,0.03
4.96,3,12.2887,0.03
4.98,0,5.5782,0.03
4.98,1,6.5443,0.03
4.98,2,12.7719,0.03
4.98,3,12.3196,0.03
5.0,0,5.6302,0.03
5.0,1,6.5306,0.03
5.0,2,12.7384,0.03
5.0,3,12.3704,0.03
5.02,0,5.6224,0.03
5.02,1,6.5164,0.03
5.02,2,12.76,0.03
5.02,3,12.3365,0.03
5.04,0,5.6741,0.03
5.04,1,6.476,0.03
5.04,2,12.7255,0.03
5.04,3,12.3212,0.03
5.06,0,5.6826,0.03
5.06,1,6.4985,0.03
5.06,2,12.7182,0.03
5.06,3,12.3633,0.03
5.08,0,5.7212,0.03
5.08,1,6.5069,0.03
5.08,2,12.7276,0.03
5.08,3,12.3253,0.03
5.1,0,5.7422,0.03
5.1,1,6.4606,0.03
5.1,2,12.6942,0.03
5.1,3,12.3234,0.03
5.12,0,5.7481,0.03
5.12,1,6.4031,0.03
5.12,2,12.6982,0.03
5.12,3,12.4132,0.03
5.14,0,5.7717,0.03
5.14,1,6.4012,0.03
5.14,2,12.7006,0.03
5.14,3,12.4052,0.03
5.16,0,5.7562,0.03
5.16,1,6.3777,0.03
5.16,2,12.6693,0.03
5.16,3,12.3884,0.03
5.18,0,5.7918,0.03
5.18,1,6.4099,0.03
5.18,2,12.6571,0.03
5.18,3,12.3901,0.03
5.2,0,5.8034,0.03
5.2,1,6.3662,0.03
5.2,2,12.6629,0.03
5.2,3,12.4139,0.03
5.22,0,5.8291,0.03
5.22,1,6.3273,0.03
5.22,2,12.6862,0.03
5.22,3,12.4017,0.03
5.24,0,5.8512,0.03
5.24,1,6.3088,0.03
5.24,2,12.6473,0.03
5.24,3,12.391,0.03
5.26,0,5.8865,0.03
5.26,1,6.2925,0.03
5.26,2,12.6343,0.03
5.26,3,12.4439,0.03
5.28,0,5.8746,0.03
5.28,1,6.2878,0.03
5.28,2,12.6128,0.03
5.28,3,12.4468,0.03
5.3,0,5.9031,0.03
5.3,1,6.2471,0.03
5.3,2,12.6364,0.03
5.3,3,12.4368,0.03
5.32,0,5.961,0.03
5.32,1,6.2106,0.03
5.32,2,12.6192,0.03
5.32,3,12.4473,0.03
5.34,0,5.922,0.03
5.34,1,6.2342,0.03
5.34,2,12.6169,0.03
5.34,3,12.4805,0.03
5.36,0,5.938,0.03
5.36,1,6.1937,0.03
5.36,2,12.609,0.03
5.36,3,12.4675,0.03
5.38,0,5.9506,0.03
5.38,1,6.1976,0.03
5.38,2,12.5814,0.03
5.38,3,12.4922,0.03
5.4,0,5.9756,0.03
5.4,1,6.1418,0.03
5.4,2,12.5526,0.03
5.4,3,12.5126,0.03
5.42,0,6.0501,0.03
5.42,1,6.1708,0.03
5.42,2,12.5687,0.03
5.42,3,12.4963,0.03
5.44,0,6.0238,0.03
5.44,1,6.1251,0.03
5.44,2,12.5778,0.03
5.44,3,12.5048,0.03
5.46,0,6.0359,0.03
5.46,1,6.0808,0.03
5.46,2,12.5873,0.03
5.46,3,12.4966,0.03
5.48,0,6.0352,0.03
5.48,1,6.1013,0.03
5.48,2,12.5362,0.03
5.48,3,12.4708,0.03
5.5,0,6.1196,0.03
5.5,1,6.1054,0.03
5.5,2,12.5117,0.03
5.5,3,12.5061,0.03
5.52,0,6.0977,0.03
5.52,1,6.0864,0.03
5.52,2,12.5069,0.03
5.52,3,12.5804,0.03
5.54,0,6.1166,0.03
5.54,1,6.0262,0.03
5.54,2,12.5238,0.03
5.54,3,12.5561,0.03
5.56,0,6.1152,0.03
5.56,1,6.0513,0.03
5.56,2,12.5408,0.03
5.56,3,12.5609,0.03
5.58,0,6.1393,0.03
5.58,1,6.0184,0.03
5.58,2,12.4825,0.03
5.58,3,12.5814,0.03
5.6,0,6.1959,0.03
5.6,1,5.9572,0.03
5.6,2,12.4852,0.03
5.6,3,12.5865,0.03
5.62,0,6.1747,0.03
5.62,1,5.9648,0.03
5.62,2,12.4954,0.03
5.62,3,12.5745,0.03
5.64,0,6.2056,0.03
5.64,1,5.951,0.03
5.64,2,12.3847,0.03
5.64,3,12.5876,0.03
5.66,0,6.2006,0.03
5.66,1,5.9594,0.03
5.66,2,12.4304,0.03
5.66,3,12.5906,0.03
5.68,0,6.2373,0.03
5.68,1,5.9009,0.03
5.68,2,12.4529,0.03
5.68,3,12.6006,0.03
5.7,0,6.2589,0.03
5.7,1,5.8983,0.03
5.7,2,12.4467,0.03
5.7,3,12.6271,0.03
5.72,0,6.2654,0.03
5.72,1,5.8971,0.03
5.72,2,12.421,0.03
5.72,3,12.586,0.03
5.74,0,6.2959,0.03
5.74,1,5.8687,0.03
5.74,2,12.4683,0.03
5.74,3,12.6278,0.03
5.76,0,6.3201,0.03
5.76,1,5.8578,0.03
5.76,2,12.41,0.03
5.76,3,12.638,0.03
5.78,0,6.3285,0.03
5.78,1,5.8478,0.03
5.78,2,12.4116,0.03
5.78,3,12.6615,0.03
5.8,0,6.3084,0.03
5.8,1,5.8411,0.03
5.8,2,12.3712,0.03
5.8,3,12.6924,0.03
5.82,0,6.3875,0.03
5.82,1,5.7641,0.03
5.82,2,12.3923,0.03
5.82,3,12.6821,0.03
5.84,0,6.3822,0.03
5.84,1,5.7927,0.03
5.84,2,12.3406,0.03
5.84,3,12.6857,0.03
5.86,0,6.3948,0.03
5.86,1,5.7293,0.03
5.86,2,12.4043,0.03
5.86,3,12.7002,0.03
5.88,0,6.419,0.03
5.88,1,5.7539,0.03
5.88,2,12.3178,0.03
5.88,3,12.6957,0.03
5.9,0,6.4475,0.03
5.9,1,5.7565,0.03
5.9,2,12.3511,0.03
5.9,3,12.7159,0.03
5.92,0,6.4362,0.03
5.92,1,5.7126,0.03
5.92,2,12.3411,0.03
5.92,3,12.6979,0.03
5.94,0,6.4804,0.03
5.94,1,5.6824,0.03
5.94,2,12.345,0.03
5.94,3,12.7049,0.03
5.96,0,6.4677,0.03
5.96,1,5.6599,0.03
5.96,2,12.3185,0.03
5.96,3,12.7057,0.03
5.98,0,6.5013,0.03
5.98,1,5.6326,0.03
5.98,2,12.3398,0.03
5.98,3,12.784,0.03
6.0,0,6.5127,0.03
6.0,1,5.6226,0.03
6.0,2,12.3385,0.03
6.0,3,12.7615,0.03
6.02,0,6.5728,0.03
6.02,1,5.6128,0.03
6.02,2,12.3061,0.03
6.02,3,12.7588,0.03
6.04,0,6.5753,0.03
6.04,1,5.6164,0.03
6.04,2,12.2932,0.03
6.04,3,12.8267,0.03
6.06,0,6.5466,0.03
6.06,1,5.5527,0.03
6.06,2,12.3199,0.03
6.06,3,12.805,0.03
6.08,0,6.6125,0.03
6.08,1,5.5481,0.03
6.08,2,12.2832,0.03
6.08,3,12.8094,0.03
6.1,0,6.6319,0.03
6.1,1,5.5472,0.03
6.1,2,12.2736,0.03
6.1,3,12.801,0.03
6.12,0,6.643,0.03
6.12,1,5.529,0.03
6.12,2,12.2776,0.03
6.12,3,12.8272,0.03
6.14,0,6.6629,0.03
6.14,1,5.4929,0.03
6.14,2,12.2596,0.03
6.14,3,12.807,0.03
6.16,0,6.6962,0.03
6.16,1,5.49,0.03
6.16,2,12.2498,0.03
6.16,3,12.8341,0.03
6.18,0,6.7077,0.03
6.18,1,5.498,0.03
6.18,2,12.2555,0.03
6.18,3,12.8316,0.03
6.2,0,6.7202,0.03
6.2,1,5.4735,0.03
6.2,2,12.2418,0.03
6.2,3,12.8585,0.03
6.22,0,6.6993,0.03
6.22,1,5.4098,0.03
6.22,2,12.2164,0.03
6.22,3,12.847,0.03
6.24,0,6.7383,0.03
6.24,1,5.4074,0.03
6.24,2,12.2627,0.03
6.24,3,12.8837,0.03
6.26,0,6.7571,0.03
6.26,1,5.3976,0.03
6.26,2,12.2177,0.03
6.26,3,12.8658,0.03
6.28,0,6.8011,0.03
6.28,1,5.3939,0.03
6.28,2,12.2144,0.03
6.28,3,12.8565,0.03
6.3,0,6.778,0.03
6.3,1,5.35,0.03
6.3,2,12.1951,0.03
6.3,3,12.9104,0.03
6.32,0,6.8417,0.03
6.32,1,5.3573,0.03
6.32,2,12.215,0.03
6.32,3,12.87,0.03
6.34,0,6.8629,0.03
6.34,1,5.3661,0.03
6.34,2,12.1527,0.03
6.34,3,12.919,0.03
6.36,0,6.8563,0.03
6.36,1,5.3116,0.03
6.36,2,12.1805,0.03
6.36,3,12.9011,0.03
6.38,0,6.8746,0.03
6.38,1,5.3186,0.03
6.38,2,12.1369,0.03
6.38,3,12.9553,0.03
6.4,0,6.8745,0.03
6.4,1,5.2612,0.03
6.4,2,12.1811,0.03
6.4,3,12.9514,0.03
6.42,0,6.8921,0.03
6.42,1,5.2803,0.03
6.42,2,12.1651,0.03
6.42,3,12.9599,0.03
6.44,0,6.9585,0.03
6.44,1,5.2622,0.03
6.44,2,12.1894,0.03
6.44,3,12.9696,0.03
6.46,0,6.9569,0.03
6.46,1,5.2267,0.03
6.46,2,12.1422,0.03
6.46,3,12.9852,0.03
6.48,0,6.9657,0.03
6.48,1,5.193,0.03
6.48,2,12.1133,0.03
6.48,3,12.9993,0.03
6.5,0,6.9813,0.03
6.5,1,5.2181,0.03
6.5,2,12.0928,0.03
6.5,3,12.9709,0.03
6.52,0,6.9799,0.03
6.52,1,5.195,0.03
6.52,2,12.1075,0.03
6.52,3,12.9792,0.03
6.54,0,7.0218,0.03
6.54,1,5.1793,0.03
6.54,2,12.0701,0.03
6.54,3,13.0185,0.03
6.56,0,7.0,0.03
6.56,1,5.12,0.03
6.56,2,12.1254,0.03
6.56,3,12.9905,0.03
6.58,0,7.0498,0.03
6.58,1,5.1062,0.03
6.58,2,12.1343,0.03
6.58,3,13.0515,0.03
6.6,0,7.0668,0.03
6.6,1,5.1102,0.03
6.6,2,12.0674,0.03
6.6,3,13.0092,0.03
6.62,0,7.1007,0.03
6.62,1,5.0735,0.03
6.62,2,12.1211,0.03
6.62,3,13.071,0.03
6.64,0,7.1018,0.03
6.64,1,5.0464,0.03
6.64,2,12.095,0.03
6.64,3,13.0805,0.03
6.66,0,7.0831,0.03
6.66,1,5.0524,0.03
6.66,2,12.0335,0.03
6.66,3,13.058,0.03
6.68,0,7.1524,0.03
6.68,1,5.0097,0.03
6.68,2,12.0533,0.03
6.68,3,13.0719,0.03
6.7,0,7.1633,0.03
6.7,1,5.0015,0.03
6.7,2,12.07,0.03
6.7,3,13.0523,0.03
6.72,0,7.1918,0.03
6.72,1,4.9981,0.03
6.72,2,12.0612,0.03
6.72,3,13.0937,0.03
6.74,0,7.2361,0.03
6.74,1,4.9826,0.03
6.74,2,12.0338,0.03
6.74,3,13.1122,0.03
6.76,0,7.1863,0.03
6.76,1,4.9724,0.03
6.76,2,12.02,0.03
6.76,3,13.117,0.03
6.78,0,7.2369,0.03
6.78,1,4.9437,0.03
6.78,2,12.0006,0.03
6.78,3,13.1343,0.03
6.8,0,7.2403,0.03
6.8,1,4.9055,0.03
6.8,2,12.0201,0.03
6.8,3,13.1423,0.03
6.82,0,7.2605,0.03
6.82,1,4.8742,0.03
6.82,2,12.0613,0.03
6.82,3,13.1574,0.03
6.84,0,7.3178,0.03
6.84,1,4.909,0.03
6.84,2,12.0055,0.03
6.84,3,13.1514,0.03
6.86,0,7.2966,0.03
6.86,1,4.8742,0.03
6.86,2,11.9923,0.03
6.86,3,13.1265,0.03
6.88,0,7.3591,0.03
6.88,1,4.8697,0.03
6.88,2,12.0034,0.03
6.88,3,13.1783,0.03
6.9,0,7.3128,0.03
6.9,1,4.8288,0.03
6.9,2,11.9824,0.03
6.9,3,13.1864,0.03
6.92,0,7.3655,0.03
6.92,1,4.7989,0.03
6.92,2,11.9631,0.03
6.92,3,13.2066,0.03
6.94,0,7.3611,0.03
6.94,1,4.8054,0.03
6.94,2,11.9455,0.03
6.94,3,13.1779,0.03
6.96,0,7.3871,0.03
6.96,1,4.7989,0.03
6.96,2,11.9681,0.03
6.96,3,13.2687,0.03
6.98,0,7.4097,0.03
6.98,1,4.7687,0.03
6.98,2,11.9534,0.03
6.98,3,13.2577,0.03
7.0,0,7.4198,0.03
7.0,1,4.7039,0.03
7.0,2,11.907,0.03
7.0,3,13.2191,0.03
7.02,0,7.396,0.03
7.02,1,4.7107,0.03
7.02,2,11.9159,0.03
7.02,3,13.2081,0.03
7.04,0,7.4947,0.03
7.04,1,4.6651,0.03
7.04,2,11.9638,0.03
7.04,3,13.2532,0.03
7.06,0,7.4876,0.03
7.06,1,4.6951,0.03
7.06,2,11.9387,0.03
7.06,3,13.2405,0.03
7.08,0,7.5037,0.03
7.08,1,4.6621,0.03
7.08,2,11.8965,0.03
7.08,3,13.2947,0.03
7.1,0,7.5382,0.03
7.1,1,4.6613,0.03
7.1,2,11.9012,0.03
7.1,3,13.2743,0.03
7.12,0,7.5904,0.03
7.12,1,4.6704,0.03
7.12,2,11.879,0.03
7.12,3,13.2743,0.03
7.14,0,7.5134,0.03
7.14,1,4.6064,0.03
7.14,2,11.8975,0.03
7.14,3,13.3226,0.03
7.16,0,7.6024,0.03
7.16,1,4.6207,0.03
7.16,2,11.8905,0.03
7.16,3,13.3318,0.03
7.18,0,7.5938,0.03
7.18,1,4.5714,0.03
7.18,2,11.8638,0.03
7.18,3,13.3503,0.03
7.2,0,7.6018,0.03
7.2,1,4.566,0.03
7.2,2,11.8557,0.03
7.2,3,13.3199,0.03
7.22,0,7.623,0.03
7.22,1,4.5615,0.03
7.22,2,11.8724,0.03
7.22,3,13.3287,0.03
7.24,0,7.6607,0.03
7.24,1,4.5199,0.03
7.24,2,11.8566,0.03
7.24,3,13.3317,0.03
7.26,0,7.6563,0.03
7.26,1,4.4987,0.03
7.26,2,11.8794,0.03
7.26,3,13.3856,0.03
7.28,0,7.6558,0.03
7.28,1,4.4992,0.03
7.28,2,11.8408,0.03
7.28,3,13.3599,0.03
7.3,0,7.711,0.03
7.3,1,4.4857,0.03
7.3,2,11.8108,0.03
7.3,3,13.3851,0.03
7.32,0,7.7429,0.03
7.32,1,4.4668,0.03
7.32,2,11.8104,0.03
7.32,3,13.4192,0.03
7.34,0,7.7486,0.03
7.34,1,4.4572,0.03
7.34,2,11.8095,0.03
7.34,3,13.4143,0.03
7.36,0,7.7563,0.03
7.36,1,4.4278,0.03
7.36,2,11.788,0.03
7.36,3,13.4155,0.03
7.38,0,7.7515,0.03
7.38,1,4.4466,0.03
7.38,2,11.7867,0.03
7.38,3,13.4402,0.03
7.4,0,7.7691,0.03
7.4,1,4.3665,0.03
7.4,2,11.7851,0.03
7.4,3,13.4168,0.03
7.42,0,7.8138,0.03
7.42,1,4.3652,0.03
7.42,2,11.8029,0.03
7.42,3,13.4514,0.03
7.44,0,7.8515,0.03
7.44,1,4.3109,0.03
7.44,2,11.7884,0.03
7.44,3,13.4406,0.03
7.46,0,7.8575,0.03
7.46,1,4.3407,0.03
7.46,2,11.7691,0.03
7.46,3,13.4617,0.03
7.48,0,7.8594,0.03
7.48,1,4.3308,0.03
7.48,2,11.7918,0.03
7.48,3,13.4951,0.03
7.5,0,7.9108,0.03
7.5,1,4.2903,0.03
7.5,2,11.787,0.03
7.5,3,13.4902,0.03
7.52,0,7.8918,0.03
7.52,1,4.2943,0.03
7.52,2,11.7437,0.03
7.52,3,13.5171,0.03
7.54,0,7.9199,0.03
7.54,1,4.2725,0.03
7.54,2,11.766,0.03
7.54,3,13.4817,0.03
7.56,0,7.938,0.03
7.56,1,4.2243,0.03
7.56,2,11.7433,0.03
7.56,3,13.4969,0.03
7.58,0,7.9424,0.03
7.58,1,4.2437,0.03
7.58,2,11.7312,0.03
7.58,3,13.5294,0.03
7.6,0,7.9914,0.03
7.6,1,4.2129,0.03
7.6,2,11.7285,0.03
7.6,3,13.5849,0.03
7.62,0,7.9904,0.03
7.62,1,4.2034,0.03
7.62,2,11.7105,0.03
7.62,3,13.5925,0.03
7.64,0,7.9883,0.03
7.64,1,4.2097,0.03
7.64,2,11.7188,0.03
7.64,3,13.5392,0.03
7.66,0,8.0404,0.03
7.66,1,4.1453,0.03
7.66,2,11.7231,0.03
7.66,3,13.5678,0.03
7.68,0,8.0363,0.03
7.68,1,4.1414,0.03
7.68,2,11.731,0.03
7.68,3,13.538,0.03
7.7,0,8.0464,0.03
7.7,1,4.1336,0.03
7.7,2,11.7137,0.03
7.7,3,13.6081,0.03
7.72,0,8.061,0.03
7.72,1,4.1247,0.03
7.72,2,11.698,0.03
7.72,3,13.6006,0.03
7.74,0,8.0948,0.03
7.74,1,4.0816,0.03
7.74,2,11.7217,0.03
7.74,3,13.6158,0.03
7.76,0,8.1193,0.03
7.76,1,4.0969,0.03
7.76,2,11.6726,0.03
7.76,3,13.6316,0.03
7.78,0,8.1034,0.03
7.78,1,4.0596,0.03
7.78,2,11.6683,0.03
7.78,3,13.6057,0.03
7.8,0,8.1432,0.03
7.8,1,4.0188,0.03
7.8,2,11.6504,0.03
7.8,3,13.6268,0.03
7.82,0,8.1399,0.03
7.82,1,4.032,0.03
7.82,2,11.6326,0.03
7.82,3,13.6358,0.03
7.84,0,8.203,0.03
7.84,1,3.9757,0.03
7.84,2,11.6733,0.03
7.84,3,13.6371,0.03
7.86,0,8.2079,0.03
7.86,1,3.9866,0.03
7.86,2,11.6703,0.03
7.86,3,13.6473,0.03
7.88,0,8.2098,0.03
7.88,1,3.9812,0.03
7.88,2,11.679,0.03
7.88,3,13.7112,0.03
7.9,0,8.2182,0.03
7.9,1,3.9377,0.03
7.9,2,11.649,0.03
7.9,3,13.7006,0.03
7.92,0,8.2558,0.03
7.92,1,3.9218,0.03
7.92,2,11.6473,0.03
7.92,3,13.7058,0.03
7.94,0,8.2975,0.03
7.94,1,3.8911,0.03
7.94,2,11.6112,0.03
7.94,3,13.7413,0.03
7.96,0,8.3315,0.03
7.96,1,3.9163,0.03
7.96,2,11.618,0.03
7.96,3,13.7417,0.03
7.98,0,8.2929,0.03
7.98,1,3.8839,0.03
7.98,2,11.6361,0.03
7.98,3,13.7758,0.03
8.0,0,8.3494,0.03
8.0,1,3.8216,0.03
8.0,2,11.6162,0.03
8.0,3,13.7483,0.03
8.02,0,8.3587,0.03
8.02,1,3.8468,0.03
8.02,2,11.6015,0.03
8.02,3,13.777,0.03
8.04,0,8.3632,0.03
8.04,1,3.7946,0.03
8.04,2,11.5943,0.03
8.04,3,13.7906,0.03
8.06,0,8.389,0.03
8.06,1,3.805,0.03
8.06,2,11.6113,0.03
8.06,3,13.7607,0.03
8.08,0,8.4249,0.03
8.08,1,3.8125,0.03
8.08,2,11.5845,0.03
8.08,3,13.8339,0.03
8.1,0,8.4161,0.03
8.1,1,3.7999,0.03
8.1,2,11.5688,0.03
8.1,3,13.8173,0.03
8.12,0,8.4211,0.03
8.12,1,3.7323,0.03
8.12,2,11.5661,0.03
8.12,3,13.8819,0.03
8.14,0,8.4683,0.03
8.14,1,3.7274,0.03
8.14,2,11.5528,0.03
8.14,3,13.8083,0.03
8.16,0,8.5067,0.03
8.16,1,3.7169,0.03
8.16,2,11.5586,0.03
8.16,3,13.8484,0.03
8.18,0,8.4718,0.03
8.18,1,3.7376,0.03
8.18,2,11.5935,0.03
8.18,3,13.8402,0.03
8.2,0,8.4994,0.03
8.2,1,3.7081,0.03
8.2,2,11.6014,0.03
8.2,3,13.8956,0.03
8.22,0,8.529,0.03
8.22,1,3.6813,0.03
8.22,2,11.5555,0.03
8.22,3,13.859,0.03
8.24,0,8.5452,0.03
8.24,1,3.6705,0.03
8.24,2,11.5344,0.03
8.24,3,13.9119,0.03
8.26,0,8.5478,0.03
8.26,1,3.6586,0.03
8.26,2,11.5206,0.03
8.26,3,13.8773,0.03
8.28,0,8.5877,0.03
8.28,1,3.6122,0.03
8.28,2,11.5138,0.03
8.28,3,13.9121,0.03
8.3,0,8.5788,0.03
8.3,1,3.5915,0.03
8.3,2,11.5357,0.03
8.3,3,13.8998,0.03
8.32,0,8.6257,0.03
8.32,1,3.5715,0.03
8.32,2,11.5516,0.03
8.32,3,13.9309,0.03
8.34,0,8.6638,0.03
8.34,1,3.5466,0.03
8.34,2,11.5057,0.03
8.34,3,13.9796,0.03
8.36,0,8.6426,0.03
8.36,1,3.5412,0.03
8.36,2,11.5189,0.03
8.36,3,13.9855,0.03
8.38,0,8.6769,0.03
8.38,1,3.5314,0.03
8.38,2,11.5374,0.03
8.38,3,13.9635,0.03
8.4,0,8.6695,0.03
8.4,1,3.5207,0.03
8.4,2,11.5191,0.03
8.4,3,14.0051,0.03
8.42,0,8.7046,0.03
8.42,1,3.4697,0.03
8.42,2,11.4886,0.03
8.42,3,13.9712,0.03
8.44,0,8.7394,0.03
8.44,1,3.4662,0.03
8.44,2,11.492,0.03
8.44,3,14.0279,0.03
8.46,0,8.7377,0.03
8.46,1,3.4746,0.03
8.46,2,11.4877,0.03
8.46,3,14.0364,0.03
8.48,0,8.7831,0.03
8.48,1,3.4269,0.03
8.48,2,11.4854,0.03
8.48,3,14.0171,0.03
8.5,0,8.7872,0.03
8.5,1,3.4413,0.03
8.5,2,11.4774,0.03
8.5,3,14.0714,0.03
8.52,0,8.7938,0.03
8.52,1,3.4052,0.03
8.52,2,11.5073,0.03
8.52,3,14.0585,0.03
8.54,0,8.8234,0.03
8.54,1,3.4204,0.03
8.54,2,11.4753,0.03
8.54,3,14.0603,0.03
8.56,0,8.8398,0.03
8.56,1,3.3525,0.03
8.56,2,11.4482,0.03
8.56,3,14.0502,0.03
8.58,0,8.8667,0.03
8.58,1,3.3758,0.03
8.58,2,11.4279,0.03
8.58,3,14.0859,0.03
8.6,0,8.8687,0.03
8.6,1,3.3687,0.03
8.6,2,11.4521,0.03
8.6,3,14.0659,0.03
8.62,0,8.912,0.03
8.62,1,3.311,0.03
8.62,2,11.4603,0.03
8.62,3,14.0899,0.03
8.64,0,8.8944,0.03
8.64,1,3.3061,0.03
8.64,2,11.483,0.03
8.64,3,14.106,0.03
8.66,0,8.9697,0.03
8.66,1,3.2751,0.03
8.66,2,11.425,0.03
8.66,3,14.1537,0.03
8.68,0,8.9469,0.03
8.68,1,3.2594,0.03
8.68,2,11.4303,0.03
8.68,3,14.1226,0.03
8.7,0,8.93,0.03
8.7,1,3.2499,0.03
8.7,2,11.4359,0.03
8.7,3,14.1627,0.03
8.72,0,9.0023,0.03
8.72,1,3.2358,0.03
8.72,2,11.4387,0.03
8.72,3,14.1539,0.03
8.74,0,9.0428,0.03
8.74,1,3.234,0.03
8.74,2,11.4183,0.03
8.74,3,14.223,0.03
8.76,0,9.0059,0.03
8.76,1,3.2355,0.03
8.76,2,11.4363,0.03
8.76,3,14.1757,0.03
8.78,0,9.0582,0.03
8.78,1,3.2254,0.03
8.78,2,11.419,0.03
8.78,3,14.1763,0.03
8.8,0,9.0589,0.03
8.8,1,3.1566,0.03
8.8,2,11.4187,0.03
8.8,3,14.185,0.03
8.82,0,9.0751,0.03
8.82,1,3.0811,0.03
8.82,2,11.4317,0.03
8.82,3,14.2054,0.03
8.84,0,9.0652,0.03
8.84,1,3.1448,0.03
8.84,2,11.3437,0.03
8.84,3,14.2312,0.03
8.86,0,9.0961,0.03
8.86,1,3.1134,0.03
8.86,2,11.3903,0.03
8.86,3,14.2334,0.03
8.88,0,9.1157,0.03
8.88,1,3.1448,0.03
8.88,2,11.4009,0.03
8.88,3,14.251,0.03
8.9,0,9.1658,0.03
8.9,1,3.0691,0.03
8.9,2,11.3658,0.03
8.9,3,14.2654,0.03
8.92,0,9.1596,0.03
8.92,1,3.0636,0.03
8.92,2,11.3484,0.03
8.92,3,14.2966,0.03
8.94,0,9.1908,0.03
8.94,1,3.0614,0.03
8.94,2,11.389,0.03
8.94,3,14.2707,0.03
8.96,0,9.1987,0.03
8.96,1,3.0373,0.03
8.96,2,11.329,0.03
8.96,3,14.3221,0.03
8.98,0,9.23,0.03
8.98,1,3.0262,0.03
8.98,2,11.3672,0.03
8.98,3,14.2973,0.03
9.0,0,9.1944,0.03
9.0,1,3.0312,0.03
9.0,2,11.3784,0.03
9.0,3,14.3271,0.03
9.02,0,9.2237,0.03
9.02,1,2.954,0.03
9.02,2,11.3264,0.03
9.02,3,14.3311,0.03
9.04,0,9.2769,0.03
9.04,1,2.947,0.03
9.04,2,11.3679,0.03
9.04,3,14.3588,0.03
9.06,0,9.2857,0.03
9.06,1,2.9429,0.03
9.06,2,11.3255,0.03
9.06,3,14.3531,0.03
9.08,0,9.3072,0.03
9.08,1,2.9318,0.03
9.08,2,11.3499,0.03
9.08,3,14.3796,0.03
9.1,0,9.3166,0.03
9.1,1,2.9122,0.03
9.1,2,11.3308,0.03
9.1,3,14.3484,0.03
9.12,0,9.3865,0.03
9.12,1,2.9192,0.03
9.12,2,11.3352,0.03
9.12,3,14.3852,0.03
9.14,0,9.4046,0.03
9.14,1,2.8659,0.03
9.14,2,11.3538,0.03
9.14,3,14.4156,0.03
9.16,0,9.3423,0.03
9.16,1,2.8312,0.03
9.16,2,11.3411,0.03
9.16,3,14.4105,0.03
9.18,0,9.4313,0.03
9.18,1,2.8605,0.03
9.18,2,11.3065,0.03
9.18,3,14.4188,0.03
9.2,0,9.4217,0.03
9.2,1,2.8201,0.03
9.2,2,11.2984,0.03
9.2,3,14.4356,0.03
9.22,0,9.4152,0.03
9.22,1,2.7976,0.03
9.22,2,11.2983,0.03
9.22,3,14.4412,0.03
9.24,0,9.4379,0.03
9.24,1,2.7791,0.03
9.24,2,11.3133,0.03
9.24,3,14.452,0.03
9.26,0,9.462,0.03
9.26,1,2.7837,0.03
9.26,2,11.3304,0.03
9.26,3,14.4909,0.03
9.28,0,9.4591,0.03
9.28,1,2.7646,0.03
9.28,2,11.3113,0.03
9.28,3,14.494,0.03
9.3,0,9.4928,0.03
9.3,1,2.7159,0.03
9.3,2,11.2999,0.03
9.3,3,14.4884,0.03
9.32,0,9.5224,0.03
9.32,1,2.7176,0.03
9.32,2,11.3139,0.03
9.32,3,14.4969,0.03
9.34,0,9.5438,0.03
9.34,1,2.7352,0.03
9.34,2,11.2737,0.03
9.34,3,14.5485,0.03
9.36,0,9.5664,0.03
9.36,1,2.673,0.03
9.36,2,11.2798,0.03
9.36,3,14.5503,0.03
9.38,0,9.532,0.03
9.38,1,2.6548,0.03
9.38,2,11.2666,0.03
9.38,3,14.5489,0.03
9.4,0,9.5956,0.03
9.4,1,2.6226,0.03
9.4,2,11.2808,0.03
9.4,3,14.5347,0.03
9.42,0,9.5889,0.03
9.42,1,2.6459,0.03
9.42,2,11.2505,0.03
9.42,3,14.5542,0.03
9.44,0,9.6234,0.03
9.44,1,2.6276,0.03
9.44,2,11.2562,0.03
9.44,3,14.5726,0.03
9.46,0,9.6124,0.03
9.46,1,2.601,0.03
9.46,2,11.2804,0.03
9.46,3,14.5886,0.03
9.48,0,9.6745,0.03
9.48,1,2.6182,0.03
9.48,2,11.2053,0.03
9.48,3,14.5777,0.03
9.5,0,9.7189,0.03
9.5,1,2.591,0.03
9.5,2,11.2541,0.03
9.5,3,14.6305,0.03
9.52,0,9.7171,0.03
9.52,1,2.5477,0.03
9.52,2,11.2577,0.03
9.52,3,14.6555,0.03
9.54,0,9.75,0.03
9.54,1,2.5289,0.03
9.54,2,11.2798,0.03
9.54,3,14.6591,0.03
9.56,0,9.7041,0.03
9.56,1,2.4896,0.03
9.56,2,11.2129,0.03
9.56,3,14.6557,0.03
9.58,0,9.7921,0.03
9.58,1,2.4988,0.03
9.58,2,11.2317,0.03
9.58,3,14.6625,0.03
9.6,0,9.7909,0.03
9.6,1,2.4856,0.03
9.6,2,11.2104,0.03
9.6,3,14.6785,0.03
9.62,0,9.77,0.03
9.62,1,2.4601,0.03
9.62,2,11.2108,0.03
9.62,3,14.7018,0.03
9.64,0,9.8112,0.03
9.64,1,2.4892,0.03
9.64,2,11.239,0.03
9.64,3,14.6639,0.03
9.66,0,9.829,0.03
9.66,1,2.4121,0.03
9.66,2,11.2112,0.03
9.66,3,14.7311,0.03
9.68,0,9.8568,0.03
9.68,1,2.4422,0.03
9.68,2,11.2506,0.03
9.68,3,14.7277,0.03
9.7,0,9.8692,0.03
9.7,1,2.3679,0.03
9.7,2,11.1852,0.03
9.7,3,14.7232,0.03
9.72,0,9.8763,0.03
9.72,1,2.3716,0.03
9.72,2,11.1857,0.03
9.72,3,14.7592,0.03
9.74,0,9.8945,0.03
9.74,1,2.3715,0.03
9.74,2,11.1983,0.03
9.74,3,14.7901,0.03
9.76,0,9.9237,0.03
9.76,1,2.354,0.03
9.76,2,11.1795,0.03
9.76,3,14.7736,0.03
9.78,0,9.9579,0.03
9.78,1,2.3174,0.03
9.78,2,11.1609,0.03
9.78,3,14.7908,0.03
9.8,0,9.937,0.03
9.8,1,2.3323,0.03
9.8,2,11.1797,0.03
9.8,3,14.8162,0.03
9.82,0,10.0449,0.03
9.82,1,2.2852,0.03
9.82,2,11.1999,0.03
9.82,3,14.8274,0.03
9.84,0,9.9911,0.03
9.84,1,2.2971,0.03
9.84,2,11.1753,0.03
9.84,3,14.8524,0.03
9.86,0,10.0311,0.03
9.86,1,2.2297,0.03
9.86,2,11.1841,0.03
9.86,3,14.8328,0.03
9.88,0,10.0176,0.03
9.88,1,2.246,0.03
9.88,2,11.1515,0.03
9.88,3,14.879,0.03
9.9,0,10.0608,0.03
9.9,1,2.2535,0.03
9.9,2,11.1745,0.03
9.9,3,14.8871,0.03
9.92,0,10.0558,0.03
9.92,1,2.2329,0.03
9.92,2,11.1729,0.03
9.92,3,14.9164,0.03
9.94,0,10.0808,0.03
9.94,1,2.1995,0.03
9.94,2,11.1687,0.03
9.94,3,14.8857,0.03
9.96,0,10.0807,0.03
9.96,1,2.1618,0.03
9.96,2,11.1631,0.03
9.96,3,14.8919,0.03
9.98,0,10.112,0.03
9.98,1,2.1636,0.03
9.98,2,11.1854,0.03
9.98,3,14.9209,0.03
10.0,0,10.1471,0.03
10.0,1,2.1714,0.03
10.0,2,11.1833,0.03
10.0,3,14.9331,0.03
10.02,0,10.1528,0.03
10.02,1,2.1353,0.03
10.02,2,11.192,0.03
10.02,3,14.9602,0.03
10.04,0,10.1859,0.03
10.04,1,2.116,0.03
10.04,2,11.1836,0.03
10.04,3,14.9106,0.03
10.06,0,10.1713,0.03
10.06,1,2.1203,0.03
10.06,2,11.135,0.03
10.06,3,14.9895,0.03
10.08,0,10.197,0.03
10.08,1,2.1068,0.03
10.08,2,11.2086,0.03
10.08,3,14.9986,0.03
10.1,0,10.2573,0.03
10.1,1,2.0694,0.03
10.1,2,11.121,0.03
10.1,3,14.9673,0.03
10.12,0,10.2305,0.03
10.12,1,2.0667,0.03
10.12,2,11.1623,0.03
10.12,3,14.9946,0.03
10.14,0,10.2553,0.03
10.14,1,2.0196,0.03
10.14,2,11.1515,0.03
10.14,3,15.0037,0.03
10.16,0,10.298,0.03
10.16,1,2.0522,0.03
10.16,2,11.1493,0.03
10.16,3,15.0415,0.03
10.18,0,10.3152,0.03
10.18,1,2.0145,0.03
10.18,2,11.1369,0.03
10.18,3,15.0561,0.03
10.2,0,10.3255,0.03
10.2,1,1.9884,0.03
10.2,2,11.0962,0.03
10.2,3,15.088,0.03
10.22,0,10.339,0.03
10.22,1,2.0256,0.03
10.22,2,11.1333,0.03
10.22,3,15.0965,0.03
10.24,0,10.3394,0.03
10.24,1,1.9564,0.03
10.24,2,11.1153,0.03
10.24,3,15.0999,0.03
10.26,0,10.3754,0.03
10.26,1,1.9416,0.03
10.26,2,11.138,0.03
10.26,3,15.0995,0.03
10.28,0,10.3805,0.03
10.28,1,1.9296,0.03
10.28,2,11.1409,0.03
10.28,3,15.0765,0.03
10.3,0,10.4002,0.03
10.3,1,1.8936,0.03
10.3,2,11.1048,0.03
10.3,3,15.1265,0.03
10.32,0,10.4286,0.03
10.32,1,1.8932,0.03
10.32,2,11.116,0.03
10.32,3,15.12,0.03
10.34,0,10.4706,0.03
10.34,1,1.8597,0.03
10.34,2,11.1237,0.03
10.34,3,15.1617,0.03
10.36,0,10.4417,0.03
10.36,1,1.8863,0.03
10.36,2,11.1341,0.03
10.36,3,15.1486,0.03
10.38,0,10.5328,0.03
10.38,1,1.8323,0.03
10.38,2,11.1155,0.03
10.38,3,15.1605,0.03
10.4,0,10.519,0.03
10.4,1,1.8329,0.03
10.4,2,11.1128,0.03
10.4,3,15.1626,0.03
10.42,0,10.5016,0.03
10.42,1,1.862,0.03
10.42,2,11.0987,0.03
10.42,3,15.185,0.03
10.44,0,10.5244,0.03
10.44,1,1.8144,0.03
10.44,2,11.1564,0.03
10.44,3,15.2018,0.03
10.46,0,10.5733,0.03
10.46,1,1.7841,0.03
10.46,2,11.0907,0.03
10.46,3,15.1836,0.03
10.48,0,10.5658,0.03
10.48,1,1.7812,0.03
10.48,2,11.0828,0.03
10.48,3,15.2182,0.03
10.5,0,10.5792,0.03
10.5,1,1.7534,0.03
10.5,2,11.0587,0.03
10.5,3,15.2393,0.03
10.52,0,10.6292,0.03
10.52,1,1.77,0.03
10.52,2,11.0577,0.03
10.52,3,15.2478,0.03
10.54,0,10.6299,0.03
10.54,1,1.6972,0.03
10.54,2,11.0748,0.03
10.54,3,15.2879,0.03
10.56,0,10.6283,0.03
10.56,1,1.7011,0.03
10.56,2,11.1273,0.03
10.56,3,15.2429,0.03
10.58,0,10.6594,0.03
10.58,1,1.7129,0.03
10.58,2,11.0682,0.03
10.58,3,15.2766,0.03
10.6,0,10.6672,0.03
10.6,1,1.7203,0.03
10.6,2,11.0719,0.03
10.6,3,15.3164,0.03
10.62,0,10.706,0.03
10.62,1,1.6877,0.03
10.62,2,11.0772,0.03
10.62,3,15.3212,0.03
10.64,0,10.7014,0.03
10.64,1,1.6426,0.03
10.64,2,11.043,0.03
10.64,3,15.3283,0.03
10.66,0,10.7119,0.03
10.66,1,1.6443,0.03
10.66,2,11.1013,0.03
10.66,3,15.3915,0.03
10.68,0,10.7724,0.03
10.68,1,1.6059,0.03
10.68,2,11.0525,0.03
10.68,3,15.3572,0.03
10.7,0,10.7858,0.03
10.7,1,1.6169,0.03
10.7,2,11.0745,0.03
10.7,3,15.3887,0.03
10.72,0,10.8311,0.03
10.72,1,1.5904,0.03
10.72,2,11.0656,0.03
10.72,3,15.3817,0.03
10.74,0,10.7947,0.03
10.74,1,1.5808,0.03
10.74,2,11.0456,0.03
10.74,3,15.3904,0.03
10.76,0,10.7967,0.03
10.76,1,1.5832,0.03
10.76,2,11.0992,0.03
10.76,3,15.4137,0.03
10.78,0,10.8808,0.03
10.78,1,1.5528,0.03
10.78,2,11.1002,0.03
10.78,3,15.415,0.03
10.8,0,10.8228,0.03
10.8,1,1.5525,0.03
10.8,2,11.0454,0.03
10.8,3,15.4316,0.03
10.82,0,10.8967,0.03
10.82,1,1.5318,0.03
10.82,2,11.0535,0.03
10.82,3,15.4566,0.03
10.84,0,10.8893,0.03
10.84,1,1.5419,0.03
10.84,2,11.0557,0.03
10.84,3,15.4636,0.03
10.86,0,10.9754,0.03
10.86,1,1.474,0.03
10.86,2,11.083,0.03
10.86,3,15.4662,0.03
10.88,0,10.9546,0.03
10.88,1,1.4774,0.03
10.88,2,11.0691,0.03
10.88,3,15.4835,0.03
10.9,0,10.9534,0.03
10.9,1,1.5016,0.03
10.9,2,11.0694,0.03
10.9,3,15.5075,0.03
10.92,0,10.9857,0.03
10.92,1,1.4894,0.03
10.92,2,11.0385,0.03
10.92,3,15.5114,0.03
10.94,0,10.9733,0.03
10.94,1,1.4304,0.03
10.94,2,11.0428,0.03
10.94,3,15.5148,0.03
10.96,0,10.9935,0.03
10.96,1,1.405,0.03
10.96,2,11.0751,0.03
10.96,3,15.5181,0.03
10.98,0,11.0411,0.03
10.98,1,1.4005,0.03
10.98,2,11.0207,0.03
10.98,3,15.5377,0.03
11.0,0,11.0368,0.03
11.0,1,1.4527,0.03
11.0,2,11.0328,0.03
11.0,3,15.558,0.03
11.02,0,11.0417,0.03
11.02,1,1.4006,0.03
11.02,2,11.0298,0.03
11.02,3,15.5365,0.03
11.04,0,11.0613,0.03
11.04,1,1.463,0.03
11.04,2,11.0079,0.03
11.04,3,15.5045,0.03
11.06,0,11.0667,0.03
11.06,1,1.4536,0.03
11.06,2,10.9889,0.03
11.06,3,15.5393,0.03
11.08,0,11.0137,0.03
11.08,1,1.4432,0.03
11.08,2,10.9684,0.03
11.08,3,15.4756,0.03
11.1,0,11.0521,0.03
11.1,1,1.4672,0.03
11.1,2,10.9633,0.03
11.1,3,15.4835,0.03
11.12,0,11.0571,0.03
11.12,1,1.4828,0.03
11.12,2,10.9531,0.03
11.12,3,15.4405,0.03
11.14,0,11.0583,0.03
11.14,1,1.502,0.03
11.14,2,10.923,0.03
11.14,3,15.4371,0.03
11.16,0,11.0439,0.03
11.16,1,1.5368,0.03
11.16,2,10.9014,0.03
11.16,3,15.4737,0.03
11.18,0,11.0489,0.03
11.18,1,1.5477,0.03
11.18,2,10.8582,0.03
11.18,3,15.4603,0.03
11.2,0,11.0586,0.03
11.2,1,1.5099,0.03
11.2,2,10.8863,0.03
11.2,3,15.3884,0.03
11.22,0,11.0414,0.03
11.22,1,1.5835,0.03
11.22,2,10.8426,0.03
11.22,3,15.4202,0.03
11.24,0,11.0579,0.03
11.24,1,1.5921,0.03
11.24,2,10.8442,0.03
11.24,3,15.3995,0.03
11.26,0,11.0638,0.03
11.26,1,1.5905,0.03
11.26,2,10.8308,0.03
11.26,3,15.3466,0.03
11.28,0,11.0559,0.03
11.28,1,1.6002,0.03
11.28,2,10.7587,0.03
11.28,3,15.3507,0.03
11.3,0,11.0635,0.03
11.3,1,1.5654,0.03
11.3,2,10.7673,0.03
11.3,3,15.3632,0.03
11.32,0,11.0996,0.03
11.32,1,1.6456,0.03
11.32,2,10.7644,0.03
11.32,3,15.3666,0.03
11.34,0,11.0822,0.03
11.34,1,1.6324,0.03
11.34,2,10.7416,0.03
11.34,3,15.3638,0.03
11.36,0,11.117,0.03
11.36,1,1.6547,0.03
11.36,2,10.7183,0.03
11.36,3,15.3483,0.03
11.38,0,11.0518,0.03
11.38,1,1.7248,0.03
11.38,2,10.7207,0.03
11.38,3,15.3115,0.03
11.4,0,11.0949,0.03
11.4,1,1.6832,0.03
11.4,2,10.7106,0.03
11.4,3,15.2881,0.03
11.42,0,11.0881,0.03
11.42,1,1.7358,0.03
11.42,2,10.7,0.03
11.42,3,15.2907,0.03
11.44,0,11.0894,0.03
11.44,1,1.7305,0.03
11.44,2,10.6389,0.03
11.44,3,15.2786,0.03
11.46,0,11.0397,0.03
11.46,1,1.7457,0.03
11.46,2,10.6124,0.03
11.46,3,15.2526,0.03
11.48,0,11.0851,0.03
11.48,1,1.7344,0.03
11.48,2,10.6161,0.03
11.48,3,15.2623,0.03
11.5,0,11.1142,0.03
11.5,1,1.7868,0.03
11.5,2,10.6259,0.03
11.5,3,15.2031,0.03
11.52,0,11.0942,0.03
11.52,1,1.8165,0.03
11.52,2,10.6213,0.03
11.52,3,15.2292,0.03
11.54,0,11.1097,0.03
11.54,1,1.7823,0.03
11.54,2,10.5587,0.03
11.54,3,15.2321,0.03
11.56,0,11.1153,0.03
11.56,1,1.8161,0.03
11.56,2,10.559,0.03
11.56,3,15.1759,0.03
11.58,0,11.1484,0.03
11.58,1,1.8543,0.03
11.58,2,10.4925,0.03
11.58,3,15.2085,0.03
11.6,0,11.1368,0.03
11.6,1,1.8889,0.03
11.6,2,10.4922,0.03
11.6,3,15.2074,0.03
11.62,0,11.0919,0.03
11.62,1,1.8546,0.03
11.62,2,10.4646,0.03
11.62,3,15.1494,0.03
11.64,0,11.1131,0.03
11.64,1,1.8691,0.03
11.64,2,10.4799,0.03
11.64,3,15.1462,0.03
11.66,0,11.1154,0.03
11.66,1,1.8557,0.03
11.66,2,10.4352,0.03
11.66,3,15.1671,0.03
11.68,0,11.1307,0.03
11.68,1,1.9126,0.03
11.68,2,10.3956,0.03
11.68,3,15.1008,0.03
11.7,0,11.1437,0.03
11.7,1,1.9348,0.03
11.7,2,10.4256,0.03
11.7,3,15.1254,0.03
11.72,0,11.1355,0.03
11.72,1,1.9153,0.03
11.72,2,10.3875,0.03
11.72,3,15.1027,0.03
11.74,0,11.1161,0.03
11.74,1,1.9683,0.03
11.74,2,10.3935,0.03
11.74,3,15.0907,0.03
11.76,0,11.0849,0.03
11.76,1,1.9539,0.03
11.76,2,10.3676,0.03
11.76,3,15.0844,0.03
11.78,0,11.1098,0.03
11.78,1,1.9673,0.03
11.78,2,10.3229,0.03
11.78,3,15.0801,0.03
11.8,0,11.1474,0.03
11.8,1,1.9961,0.03
11.8,2,10.2952,0.03
11.8,3,15.043,0.03
11.82,0,11.1235,0.03
11.82,1,2.0097,0.03
11.82,2,10.2542,0.03
11.82,3,15.0431,0.03
11.84,0,11.1379,0.03
11.84,1,2.0163,0.03
11.84,2,10.2915,0.03
11.84,3,15.0202,0.03
11.86,0,11.139,0.03
11.86,1,2.0197,0.03
11.86,2,10.2641,0.03
11.86,3,15.046,0.03
11.88,0,11.144,0.03
11.88,1,2.0423,0.03
11.88,2,10.2504,0.03
11.88,3,14.9858,0.03
11.9,0,11.1635,0.03
11.9,1,2.1021,0.03
11.9,2,10.2096,0.03
11.9,3,15.0065,0.03
11.92,0,11.1554,0.03
11.92,1,2.0668,0.03
11.92,2,10.218,0.03
11.92,3,14.9798,0.03
11.94,0,11.1584,0.03
11.94,1,2.1132,0.03
11.94,2,10.2107,0.03
11.94,3,14.974,0.03
11.96,0,11.1225,0.03
11.96,1,2.1383,0.03
11.96,2,10.1601,0.03
11.96,3,14.969,0.03
11.98,0,11.1622,0.03
11.98,1,2.1553,0.03
11.98,2,10.1584,0.03
11.98,3,14.9865,0.03
12.0,0,11.1737,0.03
12.0,1,2.169,0.03
12.0,2,10.1614,0.03
12.0,3,14.9408,0.03
12.02,0,11.1811,0.03
12.02,1,2.1675,0.03
12.02,2,10.1338,0.03
12.02,3,14.909,0.03
12.04,0,11.1651,0.03
12.04,1,2.1804,0.03
12.04,2,10.0669,0.03
12.04,3,14.8922,0.03
12.06,0,11.1637,0.03
12.06,1,2.2048,0.03
12.06,2,10.0845,0.03
12.06,3,14.896,0.03
12.08,0,11.1898,0.03
12.08,1,2.2312,0.03
12.08,2,10.0797,0.03
12.08,3,14.9286,0.03
12.1,0,11.1574,0.03
12.1,1,2.2465,0.03
12.1,2,10.0456,0.03
12.1,3,14.8647,0.03
12.12,0,11.1877,0.03
12.12,1,2.2591,0.03
12.12,2,10.0612,0.03
12.12,3,14.8712,0.03
12.14,0,11.1788,0.03
12.14,1,2.2473,0.03
12.14,2,10.0073,0.03
12.14,3,14.8372,0.03
12.16,0,11.1736,0.03
12.16,1,2.2657,0.03
12.16,2,9.9579,0.03
12.16,3,14.8228,0.03
12.18,0,11.1752,0.03
12.18,1,2.3249,0.03
12.18,2,9.9601,0.03
12.18,3,14.8528,0.03
12.2,0,11.1819,0.03
12.2,1,2.3203,0.03
12.2,2,9.9588,0.03
12.2,3,14.8392,0.03
12.22,0,11.1851,0.03
12.22,1,2.3584,0.03
12.22,2,9.9626,0.03
12.22,3,14.8096,0.03
12.24,0,11.1982,0.03
12.24,1,2.3448,0.03
12.24,2,9.9136,0.03
12.24,3,14.8253,0.03
12.26,0,11.2363,0.03
12.26,1,2.3419,0.03
12.26,2,9.9102,0.03
12.26,3,14.769,0.03
12.28,0,11.2014,0.03
12.28,1,2.3729,0.03
12.28,2,9.8972,0.03
12.28,3,14.7447,0.03
12.3,0,11.2243,0.03
12.3,1,2.3943,0.03
12.3,2,9.8686,0.03
12.3,3,14.7475,0.03
12.32,0,11.2276,0.03
12.32,1,2.4435,0.03
12.32,2,9.8726,0.03
12.32,3,14.7515,0.03
12.34,0,11.2252,0.03
12.34,1,2.4605,0.03
12.34,2,9.8333,0.03
12.34,3,14.6974,0.03
12.36,0,11.2343,0.03
12.36,1,2.4092,0.03
12.36,2,9.7941,0.03
12.36,3,14.7388,0.03
12.38,0,11.2504,0.03
12.38,1,2.4621,0.03
12.38,2,9.7924,0.03
12.38,3,14.7146,0.03
12.4,0,11.245,0.03
12.4,1,2.4426,0.03
12.4,2,9.7693,0.03
12.4,3,14.7025,0.03
12.42,0,11.2168,0.03
12.42,1,2.5077,0.03
12.42,2,9.7357,0.03
12.42,3,14.7182,0.03
12.44,0,11.2679,0.03
12.44,1,2.5391,0.03
12.44,2,9.7488,0.03
12.44,3,14.6435,0.03
12.46,0,11.2273,0.03
12.46,1,2.5419,0.03
12.46,2,9.7207,0.03
12.46,3,14.6373,0.03
12.48,0,11.2583,0.03
12.48,1,2.5315,0.03
12.48,2,9.6708,0.03
12.48,3,14.6553,0.03
12.5,0,11.2525,0.03
12.5,1,2.5711,0.03
12.5,2,9.6811,0.03
12.5,3,14.6111,0.03
12.52,0,11.2507,0.03
12.52,1,2.5824,0.03
12.52,2,9.7244,0.03
12.52,3,14.6186,0.03
12.54,0,11.2478,0.03
12.54,1,2.6037,0.03
12.54,2,9.6417,0.03
12.54,3,14.6153,0.03
12.56,0,11.2294,0.03
12.56,1,2.6161,0.03
12.56,2,9.6257,0.03
12.56,3,14.6009,0.03
12.58,0,11.2778,0.03
12.58,1,2.5987,0.03
12.58,2,9.6283,0.03
12.58,3,14.5626,0.03
12.6,0,11.2593,0.03
12.6,1,2.6503,0.03
12.6,2,9.6213,0.03
12.6,3,14.5297,0.03
12.62,0,11.2717,0.03
12.62,1,2.6689,0.03
12.62,2,9.5905,0.03
12.62,3,14.5531,0.03
12.64,0,11.2805,0.03
12.64,1,2.6944,0.03
12.64,2,9.5638,0.03
12.64,3,14.5575,0.03
12.66,0,11.2787,0.03
12.66,1,2.7422,0.03
12.66,2,9.5447,0.03
12.66,3,14.5104,0.03
12.68,0,11.2858,0.03
12.68,1,2.6964,0.03
12.68,2,9.5461,0.03
12.68,3,14.53,0.03
12.7,0,11.3092,0.03
12.7,1,2.6825,0.03
12.7,2,9.5048,0.03
12.7,3,14.5299,0.03
12.72,0,11.3194,0.03
12.72,1,2.7896,0.03
12.72,2,9.4856,0.03
12.72,3,14.4961,0.03
12.74,0,11.3117,0.03
12.74,1,2.7975,0.03
12.74,2,9.4572,0.03
12.74,3,14.4586,0.03
12.76,0,11.3145,0.03
12.76,1,2.7642,0.03
12.76,2,9.4657,0.03
12.76,3,14.469,0.03
12.78,0,11.3081,0.03
12.78,1,2.7924,0.03
12.78,2,9.43,0.03
12.78,3,14.4538,0.03
12.8,0,11.284,0.03
12.8,1,2.8416,0.03
12.8,2,9.4397,0.03
12.8,3,14.4436,0.03
12.82,0,11.3192,0.03
12.82,1,2.8522,0.03
12.82,2,9.4173,0.03
12.82,3,14.4362,0.03
12.84,0,11.2811,0.03
12.84,1,2.891,0.03
12.84,2,9.3588,0.03
12.84,3,14.4005,0.03
12.86,0,11.3337,0.03
12.86,1,2.883,0.03
12.86,2,9.3745,0.03
12.86,3,14.4439,0.03
12.88,0,11.2974,0.03
12.88,1,2.8845,0.03
12.88,2,9.3728,0.03
12.88,3,14.3856,0.03
12.9,0,11.3523,0.03
12.9,1,2.8514,0.03
12.9,2,9.3413,0.03
12.9,3,14.3838,0.03
12.92,0,11.334,0.03
12.92,1,2.8883,0.03
12.92,2,9.3063,0.03
12.92,3,14.3796,0.03
12.94,0,11.3756,0.03
12.94,1,2.8959,0.03
12.94,2,9.3091,0.03
12.94,3,14.3536,0.03
12.96,0,11.3515,0.03
12.96,1,2.9726,0.03
12.96,2,9.3037,0.03
12.96,3,14.3465,0.03
12.98,0,11.3816,0.03
12.98,1,2.9772,0.03
12.98,2,9.2336,0.03
12.98,3,14.3887,0.03
13.0,0,11.3521,0.03
13.0,1,2.9763,0.03
13.0,2,9.2314,0.03
13.0,3,14.327,0.03
13.02,0,11.3449,0.03
13.02,1,3.0232,0.03
13.02,2,9.1987,0.03
13.02,3,14.3039,0.03
13.04,0,11.3591,0.03
13.04,1,3.0122,0.03
13.04,2,9.2057,0.03
13.04,3,14.3283,0.03
13.06,0,11.3726,0.03
13.06,1,3.0061,0.03
13.06,2,9.1687,0.03
13.06,3,14.2841,0.03
13.08,0,11.3736,0.03
13.08,1,3.0815,0.03
13.08,2,9.1758,0.03
13.08,3,14.2488,0.03
13.1,0,11.3887,0.03
13.1,1,3.0732,0.03
13.1,2,9.1586,0.03
13.1,3,14.2647,0.03
13.12,0,11.3802,0.03
13.12,1,3.072,0.03
13.12,2,9.0884,0.03
13.12,3,14.274,0.03
13.14,0,11.3967,0.03
13.14,1,3.1062,0.03
13.14,2,9.0965,0.03
13.14,3,14.2551,0.03
13.16,0,11.3644,0.03
13.16,1,3.1183,0.03
13.16,2,9.0808,0.03
13.16,3,14.2438,0.03
13.18,0,11.395,0.03
13.18,1,3.1121,0.03
13.18,2,9.0399,0.03
13.18,3,14.2291,0.03
13.2,0,11.3926,0.03
13.2,1,3.1546,0.03
13.2,2,9.0415,0.03
13.2,3,14.2062,0.03
13.22,0,11.3981,0.03
13.22,1,3.2041,0.03
13.22,2,9.0683,0.03
13.22,3,14.2282,0.03
13.24,0,11.4467,0.03
13.24,1,3.2013,0.03
13.24,2,9.0366,0.03
13.24,3,14.1726,0.03
13.26,0,11.4188,0.03
13.26,1,3.2148,0.03
13.26,2,9.0206,0.03
13.26,3,14.216,0.03
13.28,0,11.4643,0.03
13.28,1,3.2583,0.03
13.28,2,8.9812,0.03
13.28,3,14.2095,0.03
13.3,0,11.4615,0.03
13.3,1,3.2583,0.03
13.3,2,8.9564,0.03
13.3,3,14.1343,0.03
13.32,0,11.439,0.03
13.32,1,3.2381,0.03
13.32,2,8.9067,0.03
13.32,3,14.1445,0.03
13.34,0,11.4228,0.03
13.34,1,3.2857,0.03
13.34,2,8.9197,0.03
13.34,3,14.1786,0.03
13.36,0,11.435,0.03
13.36,1,3.3016,0.03
13.36,2,8.9241,0.03
13.36,3,14.125,0.03
13.38,0,11.4678,0.03
13.38,1,3.3103,0.03
13.38,2,8.8642,0.03
13.38,3,14.1096,0.03
13.4,0,11.4422,0.03
13.4,1,3.3689,0.03
13.4,2,8.8308,0.03
13.4,3,14.0598,0.03
13.42,0,11.4598,0.03
13.42,1,3.3638,0.03
13.42,2,8.8154,0.03
13.42,3,14.083,0.03
13.44,0,11.4737,0.03
13.44,1,3.3662,0.03
13.44,2,8.8036,0.03
13.44,3,14.0704,0.03
13.46,0,11.4917,0.03
13.46,1,3.3996,0.03
13.46,2,8.8174,0.03
13.46,3,14.0628,0.03
13.48,0,11.4771,0.03
13.48,1,3.4094,0.03
13.48,2,8.7734,0.03
13.48,3,14.1112,0.03
13.5,0,11.4705,0.03
13.5,1,3.4014,0.03
13.5,2,8.8164,0.03
13.5,3,14.0765,0.03
13.52,0,11.5296,0.03
13.52,1,3.4263,0.03
13.52,2,8.7719,0.03
13.52,3,14.034,0.03
13.54,0,11.4704,0.03
13.54,1,3.474,0.03
13.54,2,8.7425,0.03
13.54,3,14.0001,0.03
13.56,0,11.4939,0.03
13.56,1,3.4388,0.03
13.56,2,8.728,0.03
13.56,3,14.0103,0.03
13.58,0,11.4692,0.03
13.58,1,3.4839,0.03
13.58,2,8.7104,0.03
13.58,3,14.0051,0.03
13.6,0,11.4952,0.03
13.6,1,3.5519,0.03
13.6,2,8.6998,0.03
13.6,3,13.9835,0.03
13.62,0,11.5068,0.03
13.62,1,3.5315,0.03
13.62,2,8.6412,0.03
13.62,3,13.9867,0.03
13.64,0,11.4828,0.03
13.64,1,3.5622,0.03
13.64,2,8.6471,0.03
13.64,3,13.9706,0.03
13.66,0,11.5174,0.03
13.66,1,3.596,0.03
13.66,2,8.6346,0.03
13.66,3,13.9512,0.03
13.68,0,11.5229,0.03
13.68,1,3.5296,0.03
13.68,2,8.6271,0.03
13.68,3,13.9444,0.03
13.7,0,11.5317,0.03
13.7,1,3.5919,0.03
13.7,2,8.6076,0.03
13.7,3,13.9167,0.03
13.72,0,11.5328,0.03
13.72,1,3.6158,0.03
13.72,2,8.593,0.03
13.72,3,13.9279,0.03
13.74,0,11.5501,0.03
13.74,1,3.6387,0.03
13.74,2,8.5696,0.03
13.74,3,13.914,0.03
13.76,0,11.5488,0.03
13.76,1,3.6564,0.03
13.76,2,8.5022,0.03
13.76,3,13.9088,0.03
13.78,0,11.5678,0.03
13.78,1,3.6353,0.03
13.78,2,8.5333,0.03
13.78,3,13.8938,0.03
13.8,0,11.5861,0.03
13.8,1,3.6875,0.03
13.8,2,8.499,0.03
13.8,3,13.8595,0.03
13.82,0,11.5571,0.03
13.82,1,3.7268,0.03
13.82,2,8.4924,0.03
13.82,3,13.8548,0.03
13.84,0,11.5636,0.03
13.84,1,3.7193,0.03
13.84,2,8.513,0.03
13.84,3,13.8244,0.03
13.86,0,11.5877,0.03
13.86,1,3.7421,0.03
13.86,2,8.4873,0.03
13.86,3,13.8415,0.03
13.88,0,11.5615,0.03
13.88,1,3.7378,0.03
13.88,2,8.4526,0.03
13.88,3,13.8075,0.03
13.9,0,11.575,0.03
13.9,1,3.794,0.03
13.9,2,8.4375,0.03
13.9,3,13.7888,0.03
13.92,0,11.6057,0.03
13.92,1,3.7812,0.03
13.92,2,8.4173,0.03
13.92,3,13.8238,0.03
13.94,0,11.6285,0.03
13.94,1,3.8354,0.03
13.94,2,8.3884,0.03
13.94,3,13.7811,0.03
13.96,0,11.6256,0.03
13.96,1,3.8242,0.03
13.96,2,8.3833,0.03
13.96,3,13.7867,0.03
13.98,0,11.577,0.03
13.98,1,3.7938,0.03
13.98,2,8.3617,0.03
13.98,3,13.7813,0.03
14.0,0,11.5954,0.03
14.0,1,3.8504,0.03
14.0,2,8.3436,0.03
14.0,3,13.7406,0.03
14.02,0,11.6029,0.03
14.02,1,3.9091,0.03
14.02,2,8.3308,0.03
14.02,3,13.7436,0.03
14.04,0,11.6626,0.03
14.04,1,3.8694,0.03
14.04,2,8.3039,0.03
14.04,3,13.7238,0.03
14.06,0,11.6423,0.03
14.06,1,3.9137,0.03
14.06,2,8.2991,0.03
14.06,3,13.7041,0.03
14.08,0,11.6094,0.03
14.08,1,3.935,0.03
14.08,2,8.2587,0.03
14.08,3,13.6808,0.03
14.1,0,11.6366,0.03
14.1,1,3.946,0.03
14.1,2,8.2439,0.03
14.1,3,13.6754,0.03
14.12,0,11.6155,0.03
14.12,1,3.9461,0.03
14.12,2,8.2271,0.03
14.12,3,13.7319,0.03
14.14,0,11.647,0.03
14.14,1,3.9671,0.03
14.14,2,8.1904,0.03
14.14,3,13.7064,0.03
14.16,0,11.6835,0.03
14.16,1,3.9699,0.03
14.16,2,8.1885,0.03
14.16,3,13.6847,0.03
14.18,0,11.6623,0.03
14.18,1,4.0107,0.03
14.18,2,8.153,0.03
14.18,3,13.6334,0.03
14.2,0,11.6769,0.03
14.2,1,4.048,0.03
14.2,2,8.1462,0.03
14.2,3,13.6628,0.03
14.22,0,11.6837,0.03
14.22,1,4.0212,0.03
14.22,2,8.1513,0.03
14.22,3,13.6264,0.03
14.24,0,11.7074,0.03
14.24,1,4.0485,0.03
14.24,2,8.1085,0.03
14.24,3,13.6699,0.03
14.26,0,11.6768,0.03
14.26,1,4.0758,0.03
14.26,2,8.0658,0.03
14.26,3,13.636,0.03
14.28,0,11.727,0.03
14.28,1,4.1245,0.03
14.28,2,8.074,0.03
14.28,3,13.6378,0.03
14.3,0,11.7139,0.03
14.3,1,4.1327,0.03
14.3,2,8.0626,0.03
14.3,3,13.6112,0.03
14.32,0,11.7195,0.03
14.32,1,4.1119,0.03
14.32,2,8.0612,0.03
14.32,3,13.5932,0.03
14.34,0,11.7559,0.03
14.34,1,4.1613,0.03
14.34,2,8.038,0.03
14.34,3,13.5438,0.03
14.36,0,11.7175,0.03
14.36,1,4.1569,0.03
14.36,2,7.9903,0.03
14.36,3,13.5873,0.03
14.38,0,11.709,0.03
14.38,1,4.1806,0.03
14.38,2,8.0028,0.03
14.38,3,13.5421,0.03
14.4,0,11.729,0.03
14.4,1,4.2242,0.03
14.4,2,7.9567,0.03
14.4,3,13.56,0.03
14.42,0,11.7614,0.03
14.42,1,4.2361,0.03
14.42,2,7.9246,0.03
14.42,3,13.52,0.03
14.44,0,11.7873,0.03
14.44,1,4.2386,0.03
14.44,2,7.9487,0.03
14.44,3,13.4873,0.03
14.46,0,11.765,0.03
14.46,1,4.2967,0.03
14.46,2,7.9027,0.03
14.46,3,13.4786,0.03
14.48,0,11.7725,0.03
14.48,1,4.2975,0.03
14.48,2,7.9153,0.03
14.48,3,13.4971,0.03
14.5,0,11.7638,0.03
14.5,1,4.2897,0.03
14.5,2,7.8955,0.03
14.5,3,13.4933,0.03
14.52,0,11.7942,0.03
14.52,1,4.3106,0.03
14.52,2,7.8555,0.03
14.52,3,13.5017,0.03
14.54,0,11.7735,0.03
14.54,1,4.3324,0.03
14.54,2,7.8188,0.03
14.54,3,13.467,0.03
14.56,0,11.7902,0.03
14.56,1,4.3354,0.03
14.56,2,7.8113,0.03
14.56,3,13.4481,0.03
14.58,0,11.8045,0.03
14.58,1,4.3412,0.03
14.58,2,7.8046,0.03
14.58,3,13.4487,0.03
14.6,0,11.8112,0.03
14.6,1,4.3888,0.03
14.6,2,7.7429,0.03
14.6,3,13.4466,0.03
14.62,0,11.8212,0.03
14.62,1,4.3974,0.03
14.62,2,7.7528,0.03
14.62,3,13.4017,0.03
14.64,0,11.8216,0.03
14.64,1,4.4343,0.03
14.64,2,7.7767,0.03
14.64,3,13.4035,0.03
14.66,0,11.8294,0.03
14.66,1,4.449,0.03
14.66,2,7.7338,0.03
14.66,3,13.3998,0.03
14.68,0,11.8163,0.03
14.68,1,4.4179,0.03
14.68,2,7.7158,0.03
14.68,3,13.3824,0.03
14.7,0,11.8479,0.03
14.7,1,4.4542,0.03
14.7,2,7.7018,0.03
14.7,3,13.385,0.03
14.72,0,11.8391,0.03
14.72,1,4.4911,0.03
14.72,2,7.7051,0.03
14.72,3,13.3675,0.03
14.74,0,11.8521,0.03
14.74,1,4.496,0.03
14.74,2,7.6566,0.03
14.74,3,13.3845,0.03
14.76,0,11.8615,0.03
14.76,1,4.5094,0.03
14.76,2,7.6857,0.03
14.76,3,13.3818,0.03
14.78,0,11.8624,0.03
14.78,1,4.5222,0.03
14.78,2,7.6357,0.03
14.78,3,13.335,0.03
14.8,0,11.8852,0.03
14.8,1,4.5648,0.03
14.8,2,7.579,0.03
14.8,3,13.3548,0.03
14.82,0,11.8534,0.03
14.82,1,4.6075,0.03
14.82,2,7.5586,0.03
14.82,3,13.3208,0.03
14.84,0,11.9006,0.03
14.84,1,4.6232,0.03
14.84,2,7.6046,0.03
14.84,3,13.3116,0.03
14.86,0,11.8754,0.03
14.86,1,4.6355,0.03
14.86,2,7.5522,0.03
14.86,3,13.2839,0.03
14.88,0,11.9406,0.03
14.88,1,4.5936,0.03
14.88,2,7.5803,0.03
14.88,3,13.2543,0.03
14.9,0,11.8826,0.03
14.9,1,4.6473,0.03
14.9,2,7.5505,0.03
14.9,3,13.2897,0.03
14.92,0,11.9099,0.03
14.92,1,4.6496,0.03
14.92,2,7.4851,0.03
14.92,3,13.2703,0.03
14.94,0,11.8948,0.03
14.94,1,4.6757,0.03
14.94,2,7.4856,0.03
14.94,3,13.259,0.03
14.96,0,11.9015,0.03
14.96,1,4.7237,0.03
14.96,2,7.4594,0.03
14.96,3,13.2945,0.03
14.98,0,11.9175,0.03
14.98,1,4.7577,0.03
14.98,2,7.4517,0.03
14.98,3,13.2583,0.03
15.0,0,11.9528,0.03
15.0,1,4.7201,0.03
15.0,2,7.4101,0.03
15.0,3,13.2708,0.03
15.02,0,11.8938,0.03
15.02,1,4.7781,0.03
15.02,2,7.4118,0.03
15.02,3,13.1972,0.03
15.04,0,11.9245,0.03
15.04,1,4.763,0.03
15.04,2,7.3857,0.03
15.04,3,13.2078,0.03
15.06,0,11.9877,0.03
15.06,1,4.7689,0.03
15.06,2,7.3847,0.03
15.06,3,13.1872,0.03
15.08,0,11.9666,0.03
15.08,1,4.7857,0.03
15.08,2,7.3484,0.03
15.08,3,13.1836,0.03
15.1,0,11.9734,0.03
15.1,1,4.8269,0.03
15.1,2,7.3477,0.03
15.1,3,13.1753,0.03
15.12,0,11.9718,0.03
15.12,1,4.7895,0.03
15.12,2,7.3426,0.03
15.12,3,13.1653,0.03
15.14,0,12.0223,0.03
15.14,1,4.8546,0.03
15.14,2,7.2927,0.03
15.14,3,13.1928,0.03
15.16,0,11.9578,0.03
15.16,1,4.8717,0.03
15.16,2,7.3352,0.03
15.16,3,13.1319,0.03
15.18,0,11.9735,0.03
15.18,1,4.9155,0.03
15.18,2,7.2754,0.03
15.18,3,13.1759,0.03
15.2,0,12.0239,0.03
15.2,1,4.9432,0.03
15.2,2,7.2598,0.03
15.2,3,13.1186,0.03
15.22,0,12.0499,0.03
15.22,1,4.9233,0.03
15.22,2,7.2052,0.03
15.22,3,13.1444,0.03
15.24,0,12.0482,0.03
15.24,1,4.9682,0.03
15.24,2,7.2009,0.03
15.24,3,13.1116,0.03
15.26,0,12.0347,0.03
15.26,1,4.9776,0.03
15.26,2,7.2137,0.03
15.26,3,13.0702,0.03
15.28,0,12.0419,0.03
15.28,1,5.0032,0.03
15.28,2,7.173,0.03
15.28,3,13.0796,0.03
15.3,0,12.0407,0.03
15.3,1,5.0024,0.03
15.3,2,7.1638,0.03
15.3,3,13.093,0.03
15.32,0,12.0662,0.03
15.32,1,5.0047,0.03
15.32,2,7.1395,0.03
15.32,3,13.0412,0.03
15.34,0,12.046,0.03
15.34,1,5.0426,0.03
15.34,2,7.1193,0.03
15.34,3,13.0581,0.03
15.36,0,12.0782,0.03
15.36,1,5.036,0.03
15.36,2,7.0979,0.03
15.36,3,13.0663,0.03
15.38,0,12.0945,0.03
15.38,1,5.073,0.03
15.38,2,7.0803,0.03
15.38,3,13.0485,0.03
15.4,0,12.0716,0.03
15.4,1,5.1281,0.03
15.4,2,7.0695,0.03
15.4,3,13.0324,0.03
15.42,0,12.1079,0.03
15.42,1,5.1102,0.03
15.42,2,7.0643,0.03
15.42,3,12.9961,0.03
15.44,0,12.1004,0.03
15.44,1,5.1512,0.03
15.44,2,7.058,0.03
15.44,3,13.0044,0.03
15.46,0,12.098,0.03
15.46,1,5.125,0.03
15.46,2,7.0282,0.03
15.46,3,13.0128,0.03
15.48,0,12.1301,0.03
15.48,1,5.1429,0.03
15.48,2,6.978,0.03
15.48,3,13.0123,0.03
15.5,0,12.1136,0.03
15.5,1,5.1965,0.03
15.5,2,6.9928,0.03
15.5,3,12.9758,0.03
15.52,0,12.1078,0.03
15.52,1,5.1976,0.03
15.52,2,6.9502,0.03
15.52,3,12.964,0.03
15.54,0,12.148,0.03
15.54,1,5.243,0.03
15.54,2,6.9314,0.03
15.54,3,12.9714,0.03
15.56,0,12.1614,0.03
15.56,1,5.223,0.03
15.56,2,6.9502,0.03
15.56,3,12.9215,0.03
15.58,0,12.1559,0.03
15.58,1,5.222,0.03
15.58,2,6.8878,0.03
15.58,3,12.953,0.03
15.6,0,12.1663,0.03
15.6,1,5.3227,0.03
15.6,2,6.9235,0.03
15.6,3,12.9116,0.03
15.62,0,12.1657,0.03
15.62,1,5.3001,0.03
15.62,2,6.8555,0.03
15.62,3,12.9093,0.03
15.64,0,12.1762,0.03
15.64,1,5.3182,0.03
15.64,2,6.8906,0.03
15.64,3,12.9292,0.03
15.66,0,12.1619,0.03
15.66,1,5.325,0.03
15.66,2,6.8225,0.03
15.66,3,12.9239,0.03
15.68,0,12.2011,0.03
15.68,1,5.3313,0.03
15.68,2,6.8393,0.03
15.68,3,12.9232,0.03
15.7,0,12.2067,0.03
15.7,1,5.3959,0.03
15.7,2,6.802,0.03
15.7,3,12.8793,0.03
15.72,0,12.2056,0.03
15.72,1,5.4295,0.03
15.72,2,6.7959,0.03
15.72,3,12.8651,0.03
15.74,0,12.2388,0.03
15.74,1,5.4196,0.03
15.74,2,6.7517,0.03
15.74,3,12.8555,0.03
15.76,0,12.2234,0.03
15.76,1,5.3882,0.03
15.76,2,6.7586,0.03
15.76,3,12.8439,0.03
15.78,0,12.224,0.03
15.78,1,5.4369,0.03
15.78,2,6.7275,0.03
15.78,3,12.8703,0.03
15.8,0,12.2446,0.03
15.8,1,5.4427,0.03
15.8,2,6.7306,0.03
15.8,3,12.8451,0.03
15.82,0,12.2552,0.03
15.82,1,5.4737,0.03
15.82,2,6.6882,0.03
15.82,3,12.817,0.03
15.84,0,12.2391,0.03
15.84,1,5.5007,0.03
15.84,2,6.6812,0.03
15.84,3,12.8219,0.03
15.86,0,12.3128,0.03
15.86,1,5.5113,0.03
15.86,2,6.627,0.03
15.86,3,12.7892,0.03
15.88,0,12.3023,0.03
15.88,1,5.4783,0.03
15.88,2,6.6738,0.03
15.88,3,12.7676,0.03
15.9,0,12.3073,0.03
15.9,1,5.5207,0.03
15.9,2,6.6297,0.03
15.9,3,12.7756,0.03
15.92,0,12.2732,0.03
15.92,1,5.5429,0.03
15.92,2,6.602,0.03
15.92,3,12.791,0.03
15.94,0,12.2841,0.03
15.94,1,5.5735,0.03
15.94,2,6.5786,0.03
15.94,3,12.7909,0.03
15.96,0,12.3148,0.03
15.96,1,5.605,0.03
15.96,2,6.5878,0.03
15.96,3,12.7528,0.03
15.98,0,12.2762,0.03
15.98,1,5.6,0.03
15.98,2,6.541,0.03
15.98,3,12.7623,0.03
16.0,0,12.3645,0.03
16.0,1,5.6275,0.03
16.0,2,6.5128,0.03
16.0,3,12.7743,0.03
16.02,0,12.3206,0.03
16.02,1,5.6422,0.03
16.02,2,6.4948,0.03
16.02,3,12.7757,0.03
16.04,0,12.296,0.03
16.04,1,5.6946,0.03
16.04,2,6.5002,0.03
16.04,3,12.7556,0.03
16.06,0,12.3641,0.03
16.06,1,5.7115,0.03
16.06,2,6.4555,0.03
16.06,3,12.7114,0.03
16.08,0,12.3146,0.03
16.08,1,5.6887,0.03
16.08,2,6.4296,0.03
16.08,3,12.7406,0.03
16.1,0,12.3803,0.03
16.1,1,5.7017,0.03
16.1,2,6.4373,0.03
16.1,3,12.6944,0.03
16.12,0,12.3741,0.03
16.12,1,5.7427,0.03
16.12,2,6.413,0.03
16.12,3,12.7003,0.03
16.14,0,12.396,0.03
16.14,1,5.7996,0.03
16.14,2,6.3653,0.03
16.14,3,12.6634,0.03
16.16,0,12.3696,0.03
16.16,1,5.7822,0.03
16.16,2,6.3918,0.03
16.16,3,12.6891,0.03
16.18,0,12.3864,0.03
16.18,1,5.8132,0.03
16.18,2,6.3882,0.03
16.18,3,12.6861,0.03
16.2,0,12.4065,0.03
16.2,1,5.8161,0.03
16.2,2,6.3447,0.03
16.2,3,12.6675,0.03
16.22,0,12.4336,0.03
16.22,1,5.8436,0.03
16.22,2,6.3174,0.03
16.22,3,12.6488,0.03
16.24,0,12.4067,0.03
16.24,1,5.8343,0.03
16.24,2,6.3141,0.03
16.24,3,12.6432,0.03
16.26,0,12.4181,0.03
16.26,1,5.889,0.03
16.26,2,6.3093,0.03
16.26,3,12.6497,0.03
16.28,0,12.4131,0.03
16.28,1,5.9032,0.03
16.28,2,6.2612,0.03
16.28,3,12.656,0.03
16.3,0,12.4651,0.03
16.3,1,5.879,0.03
16.3,2,6.2573,0.03
16.3,3,12.6031,0.03
16.32,0,12.4718,0.03
16.32,1,5.9271,0.03
16.32,2,6.242,0.03
16.32,3,12.6021,0.03
16.34,0,12.4917,0.03
16.34,1,5.9561,0.03
16.34,2,6.2453,0.03
16.34,3,12.6135,0.03
16.36,0,12.4687,0.03
16.36,1,5.9695,0.03
16.36,2,6.2111,0.03
16.36,3,12.6042,0.03
16.38,0,12.4511,0.03
16.38,1,6.0077,0.03
16.38,2,6.2073,0.03
16.38,3,12.605,0.03
16.4,0,12.4848,0.03
16.4,1,5.974,0.03
16.4,2,6.1572,0.03
16.4,3,12.5605,0.03
16.42,0,12.4651,0.03
16.42,1,6.0344,0.03
16.42,2,6.1686,0.03
16.42,3,12.5929,0.03
16.44,0,12.5024,0.03
16.44,1,6.0369,0.03
16.44,2,6.1199,0.03
16.44,3,12.5668,0.03
16.46,0,12.5157,0.03
16.46,1,6.0421,0.03
16.46,2,6.0951,0.03
16.46,3,12.5558,0.03
16.48,0,12.5236,0.03
16.48,1,6.0685,0.03
16.48,2,6.0744,0.03
16.48,3,12.5471,0.03
16.5,0,12.5125,0.03
16.5,1,6.0832,0.03
16.5,2,6.0524,0.03
16.5,3,12.5263,0.03
16.52,0,12.5827,0.03
16.52,1,6.0798,0.03
16.52,2,6.0641,0.03
16.52,3,12.5134,0.03
16.54,0,12.5575,0.03
16.54,1,6.1259,0.03
16.54,2,6.0174,0.03
16.54,3,12.5019,0.03
16.56,0,12.5718,0.03
16.56,1,6.128,0.03
16.56,2,6.0359,0.03
16.56,3,12.51,0.03
16.58,0,12.5976,0.03
16.58,1,6.1541,0.03
16.58,2,6.0,0.03
16.58,3,12.4906,0.03
16.6,0,12.5385,0.03
16.6,1,6.1652,0.03
16.6,2,6.0435,0.03
16.6,3,12.4815,0.03
16.62,0,12.5732,0.03
16.62,1,6.2081,0.03
16.62,2,5.9464,0.03
16.62,3,12.4811,0.03
16.64,0,12.6022,0.03
16.64,1,6.2163,0.03
16.64,2,5.9473,0.03
16.64,3,12.4777,0.03
16.66,0,12.6001,0.03
16.66,1,6.1987,0.03
16.66,2,5.9539,0.03
16.66,3,12.4144,0.03
16.68,0,12.6363,0.03
16.68,1,6.2688,0.03
16.68,2,5.901,0.03
16.68,3,12.4453,0.03
16.7,0,12.6024,0.03
16.7,1,6.2309,0.03
16.7,2,5.9137,0.03
16.7,3,12.4751,0.03
16.72,0,12.6363,0.03
16.72,1,6.3064,0.03
16.72,2,5.8567,0.03
16.72,3,12.4117,0.03
16.74,0,12.6412,0.03
16.74,1,6.2882,0.03
16.74,2,5.8302,0.03
16.74,3,12.4383,0.03
16.76,0,12.6576,0.03
16.76,1,6.3019,0.03
16.76,2,5.8658,0.03
16.76,3,12.4414,0.03
16.78,0,12.6416,0.03
16.78,1,6.3559,0.03
16.78,2,5.8285,0.03
16.78,3,12.4112,0.03
16.8,0,12.6447,0.03
16.8,1,6.3716,0.03
16.8,2,5.8199,0.03
16.8,3,12.4171,0.03
16.82,0,12.6529,0.03
16.82,1,6.337,0.03
16.82,2,5.765,0.03
16.82,3,12.3767,0.03
16.84,0,12.6905,0.03
16.84,1,6.4144,0.03
16.84,2,5.7774,0.03
16.84,3,12.3974,0.03
16.86,0,12.686,0.03
16.86,1,6.3665,0.03
16.86,2,5.7439,0.03
16.86,3,12.3595,0.03
16.88,0,12.7064,0.03
16.88,1,6.4397,0.03
16.88,2,5.7727,0.03
16.88,3,12.3444,0.03
16.9,0,12.7275,0.03
16.9,1,6.464,0.03
16.9,2,5.715,0.03
16.9,3,12.3667,0.03
16.92,0,12.7244,0.03
16.92,1,6.4713,0.03
16.92,2,5.672,0.03
16.92,3,12.3575,0.03
16.94,0,12.7174,0.03
16.94,1,6.5033,0.03
16.94,2,5.6958,0.03
16.94,3,12.3245,0.03
16.96,0,12.7372,0.03
16.96,1,6.5017,0.03
16.96,2,5.6805,0.03
16.96,3,12.3189,0.03
16.98,0,12.7223,0.03
16.98,1,6.5048,0.03
16.98,2,5.6566,0.03
16.98,3,12.3339,0.03
17.0,0,12.7716,0.03
17.0,1,6.524,0.03
17.0,2,5.6295,0.03
17.0,3,12.29,0.03
17.02,0,12.755,0.03
17.02,1,6.5464,0.03
17.02,2,5.6118,0.03
17.02,3,12.3221,0.03
17.04,0,12.757,0.03
17.04,1,6.5333,0.03
17.04,2,5.61,0.03
17.04,3,12.3081,0.03
17.06,0,12.8049,0.03
17.06,1,6.5591,0.03
17.06,2,5.5499,0.03
17.06,3,12.2841,0.03
17.08,0,12.8116,0.03
17.08,1,6.6223,0.03
17.08,2,5.5678,0.03
17.08,3,12.3045,0.03
17.1,0,12.7968,0.03
17.1,1,6.6065,0.03
17.1,2,5.5558,0.03
17.1,3,12.2787,0.03
17.12,0,12.7869,0.03
17.12,1,6.623,0.03
17.12,2,5.5489,0.03
17.12,3,12.3063,0.03
17.14,0,12.8575,0.03
17.14,1,6.6568,0.03
17.14,2,5.4952,0.03
17.14,3,12.3036,0.03
17.16,0,12.8252,0.03
17.16,1,6.6813,0.03
17.16,2,5.4655,0.03
17.16,3,12.2425,0.03
17.18,0,12.8384,0.03
17.18,1,6.685,0.03
17.18,2,5.506,0.03
17.18,3,12.237,0.03
17.2,0,12.8346,0.03
17.2,1,6.7309,0.03
17.2,2,5.4295,0.03
17.2,3,12.2063,0.03
17.22,0,12.8455,0.03
17.22,1,6.738,0.03
17.22,2,5.441,0.03
17.22,3,12.2274,0.03
17.24,0,12.8597,0.03
17.24,1,6.7205,0.03
17.24,2,5.413,0.03
17.24,3,12.2347,0.03
17.26,0,12.8899,0.03
17.26,1,6.7822,0.03
17.26,2,5.3778,0.03
17.26,3,12.1888,0.03
17.28,0,12.9087,0.03
17.28,1,6.8052,0.03
17.28,2,5.4088,0.03
17.28,3,12.222,0.03
17.3,0,12.8793,0.03
17.3,1,6.7826,0.03
17.3,2,5.3636,0.03
17.3,3,12.1884,0.03
17.32,0,12.8665,0.03
17.32,1,6.8015,0.03
17.32,2,5.3358,0.03
17.32,3,12.1712,0.03
17.34,0,12.9109,0.03
17.34,1,6.8698,0.03
17.34,2,5.3547,0.03
17.34,3,12.2092,0.03
17.36,0,12.9088,0.03
17.36,1,6.8616,0.03
17.36,2,5.3447,0.03
17.36,3,12.1568,0.03
17.38,0,12.936,0.03
17.38,1,6.8788,0.03
17.38,2,5.3067,0.03
17.38,3,12.161,0.03
17.4,0,12.9122,0.03
17.4,1,6.8863,0.03
17.4,2,5.3109,0.03
17.4,3,12.1279,0.03
17.42,0,12.9596,0.03
17.42,1,6.8939,0.03
17.42,2,5.2561,0.03
17.42,3,12.1705,0.03
17.44,0,12.9561,0.03
17.44,1,6.8914,0.03
17.44,2,5.252,0.03
17.44,3,12.144,0.03
17.46,0,12.9847,0.03
17.46,1,6.9428,0.03
17.46,2,5.2359,0.03
17.46,3,12.1407,0.03
17.48,0,12.9768,0.03
17.48,1,6.9613,0.03
17.48,2,5.1986,0.03
17.48,3,12.1404,0.03
17.5,0,12.9863,0.03
17.5,1,7.011,0.03
17.5,2,5.2052,0.03
17.5,3,12.1669,0.03
17.52,0,12.9988,0.03
17.52,1,6.9964,0.03
17.52,2,5.1885,0.03
17.52,3,12.1253,0.03
17.54,0,12.9892,0.03
17.54,1,7.0258,0.03
17.54,2,5.1375,0.03
17.54,3,12.0973,0.03
17.56,0,13.0101,0.03
17.56,1,7.0248,0.03
17.56,2,5.0855,0.03
17.56,3,12.1062,0.03
17.58,0,12.9984,0.03
17.58,1,7.0603,0.03
17.58,2,5.1322,0.03
17.58,3,12.0911,0.03
17.6,0,13.0368,0.03
17.6,1,7.0835,0.03
17.6,2,5.1071,0.03
17.6,3,12.0987,0.03
17.62,0,13.046,0.03
17.62,1,7.0869,0.03
17.62,2,5.1055,0.03
17.62,3,12.052,0.03
17.64,0,13.0769,0.03
17.64,1,7.1084,0.03
17.64,2,5.0822,0.03
17.64,3,12.0665,0.03
17.66,0,13.0513,0.03
17.66,1,7.1297,0.03
17.66,2,5.0692,0.03
17.66,3,12.0152,0.03
17.68,0,13.1203,0.03
17.68,1,7.1396,0.03
17.68,2,5.0159,0.03
17.68,3,12.066,0.03
17.7,0,13.1051,0.03
17.7,1,7.1887,0.03
17.7,2,4.9673,0.03
17.7,3,12.0732,0.03
17.72,0,13.125,0.03
17.72,1,7.2061,0.03
17.72,2,4.9776,0.03
17.72,3,12.0621,0.03
17.74,0,13.0702,0.03
17.74,1,7.2038,0.03
17.74,2,4.9749,0.03
17.74,3,12.0041,0.03
17.76,0,13.1196,0.03
17.76,1,7.1699,0.03
17.76,2,4.941,0.03
17.76,3,12.0226,0.03
17.78,0,13.1084,0.03
17.78,1,7.1997,0.03
17.78,2,4.8998,0.03
17.78,3,12.0461,0.03
17.8,0,13.1677,0.03
17.8,1,7.2233,0.03
17.8,2,4.9136,0.03
17.8,3,12.0242,0.03
17.82,0,13.1523,0.03
17.82,1,7.257,0.03
17.82,2,4.8931,0.03
17.82,3,12.0142,0.03
17.84,0,13.171,0.03
17.84,1,7.2826,0.03
17.84,2,4.907,0.03
17.84,3,12.0151,0.03
17.86,0,13.131,0.03
17.86,1,7.2871,0.03
17.86,2,4.8522,0.03
17.86,3,11.9942,0.03
17.88,0,13.181,0.03
17.88,1,7.3378,0.03
17.88,2,4.8524,0.03
17.88,3,11.9495,0.03
17.9,0,13.2238,0.03
17.9,1,7.3169,0.03
17.9,2,4.8194,0.03
17.9,3,11.9783,0.03
17.92,0,13.177,0.03
17.92,1,7.338,0.03
17.92,2,4.8153,0.03
17.92,3,11.9642,0.03
17.94,0,13.2266,0.03
17.94,1,7.351,0.03
17.94,2,4.7951,0.03
17.94,3,11.9613,0.03
17.96,0,13.2496,0.03
17.96,1,7.4016,0.03
17.96,2,4.738,0.03
17.96,3,11.9468,0.03
17.98,0,13.2485,0.03
17.98,1,7.4306,0.03
17.98,2,4.7828,0.03
17.98,3,11.9397,0.03
18.0,0,13.267,0.03
18.0,1,7.4114,0.03
18.0,2,4.7351,0.03
18.0,3,11.9662,0.03
18.02,0,13.2474,0.03
18.02,1,7.4519,0.03
18.02,2,4.7075,0.03
18.02,3,11.9294,0.03
18.04,0,13.2201,0.03
18.04,1,7.4676,0.03
18.04,2,4.7117,0.03
18.04,3,11.9414,0.03
18.06,0,13.2859,0.03
18.06,1,7.4735,0.03
18.06,2,4.7098,0.03
18.06,3,11.9118,0.03
18.08,0,13.3033,0.03
18.08,1,7.4967,0.03
18.08,2,4.6969,0.03
18.08,3,11.9113,0.03
18.1,0,13.2924,0.03
18.1,1,7.5116,0.03
18.1,2,4.647,0.03
18.1,3,11.9234,0.03
18.12,0,13.2941,0.03
18.12,1,7.5355,0.03
18.12,2,4.6422,0.03
18.12,3,11.9425,0.03
18.14,0,13.3141,0.03
18.14,1,7.5059,0.03
18.14,2,4.6385,0.03
18.14,3,11.8615,0.03
18.16,0,13.3011,0.03
18.16,1,7.5506,0.03
18.16,2,4.5773,0.03
18.16,3,11.9163,0.03
18.18,0,13.3088,0.03
18.18,1,7.5788,0.03
18.18,2,4.6043,0.03
18.18,3,11.8601,0.03
18.2,0,13.3217,0.03
18.2,1,7.6097,0.03
18.2,2,4.5449,0.03
18.2,3,11.8692,0.03
18.22,0,13.3238,0.03
18.22,1,7.6386,0.03
18.22,2,4.5267,0.03
18.22,3,11.8779,0.03
18.24,0,13.3642,0.03
18.24,1,7.6496,0.03
18.24,2,4.5362,0.03
18.24,3,11.8762,0.03
18.26,0,13.3782,0.03
18.26,1,7.6679,0.03
18.26,2,4.5251,0.03
18.26,3,11.8627,0.03
18.28,0,13.389,0.03
18.28,1,7.6829,0.03
18.28,2,4.4694,0.03
18.28,3,11.8309,0.03
18.3,0,13.4257,0.03
18.3,1,7.6795,0.03
18.3,2,4.4808,0.03
18.3,3,11.8869,0.03
18.32,0,13.3954,0.03
18.32,1,7.7223,0.03
18.32,2,4.4384,0.03
18.32,3,11.8582,0.03
18.34,0,13.4176,0.03
18.34,1,7.7195,0.03
18.34,2,4.4274,0.03
18.34,3,11.8312,0.03
18.36,0,13.4136,0.03
18.36,1,7.7497,0.03
18.36,2,4.4255,0.03
18.36,3,11.8318,0.03
18.38,0,13.4296,0.03
18.38,1,7.7222,0.03
18.38,2,4.395,0.03
18.38,3,11.8547,0.03
18.4,0,13.4631,0.03
18.4,1,7.7865,0.03
18.4,2,4.3856,0.03
18.4,3,11.798,0.03
18.42,0,13.4665,0.03
18.42,1,7.8056,0.03
18.42,2,4.375,0.03
18.42,3,11.7892,0.03
18.44,0,13.4774,0.03
18.44,1,7.8278,0.03
18.44,2,4.3629,0.03
18.44,3,11.7639,0.03
18.46,0,13.4505,0.03
18.46,1,7.8463,0.03
18.46,2,4.3133,0.03
18.46,3,11.7604,0.03
18.48,0,13.4966,0.03
18.48,1,7.8987,0.03
18.48,2,4.2987,0.03
18.48,3,11.7499,0.03
18.5,0,13.5046,0.03
18.5,1,7.9062,0.03
18.5,2,4.2916,0.03
18.5,3,11.7782,0.03
18.52,0,13.4894,0.03
18.52,1,7.9,0.03
18.52,2,4.2835,0.03
18.52,3,11.7554,0.03
18.54,0,13.5278,0.03
18.54,1,7.933,0.03
18.54,2,4.2381,0.03
18.54,3,11.8079,0.03
18.56,0,13.5153,0.03
18.56,1,7.934,0.03
18.56,2,4.2309,0.03
18.56,3,11.7505,0.03
18.58,0,13.5486,0.03
18.58,1,7.9599,0.03
18.58,2,4.2169,0.03
18.58,3,11.7496,0.03
18.6,0,13.5458,0.03
18.6,1,7.9722,0.03
18.6,2,4.1782,0.03
18.6,3,11.7564,0.03
18.62,0,13.5751,0.03
18.62,1,7.9939,0.03
18.62,2,4.1851,0.03
18.62,3,11.7572,0.03
18.64,0,13.5467,0.03
18.64,1,8.0151,0.03
18.64,2,4.1994,0.03
18.64,3,11.7265,0.03
18.66,0,13.5584,0.03
18.66,1,8.0376,0.03
18.66,2,4.1415,0.03
18.66,3,11.7,0.03
18.68,0,13.5872,0.03
18.68,1,8.0244,0.03
18.68,2,4.1281,0.03
18.68,3,11.7101,0.03
18.7,0,13.5727,0.03
18.7,1,8.0607,0.03
18.7,2,4.1197,0.03
18.7,3,11.7234,0.03
18.72,0,13.6341,0.03
18.72,1,8.0718,0.03
18.72,2,4.1113,0.03
18.72,3,11.705,0.03
18.74,0,13.6172,0.03
18.74,1,8.1286,0.03
18.74,2,4.0973,0.03
18.74,3,11.7167,0.03
18.76,0,13.6396,0.03
18.76,1,8.0919,0.03
18.76,2,4.0292,0.03
18.76,3,11.6838,0.03
18.78,0,13.637,0.03
18.78,1,8.1417,0.03
18.78,2,4.0369,0.03
18.78,3,11.6531,0.03
18.8,0,13.6635,0.03
18.8,1,8.1584,0.03
18.8,2,4.0528,0.03
18.8,3,11.6736,0.03
18.82,0,13.6318,0.03
18.82,1,8.1877,0.03
18.82,2,4.0041,0.03
18.82,3,11.6705,0.03
18.84,0,13.6316,0.03
18.84,1,8.1813,0.03
18.84,2,4.0148,0.03
18.84,3,11.6359,0.03
18.86,0,13.6876,0.03
18.86,1,8.2155,0.03
18.86,2,3.9799,0.03
18.86,3,11.6715,0.03
18.88,0,13.6923,0.03
18.88,1,8.207,0.03
18.88,2,3.9651,0.03
18.88,3,11.6638,0.03
18.9,0,13.736,0.03
18.9,1,8.2495,0.03
18.9,2,3.9481,0.03
18.9,3,11.6603,0.03
18.92,0,13.7161,0.03
18.92,1,8.2887,0.03
18.92,2,3.936,0.03
18.92,3,11.6371,0.03
18.94,0,13.7315,0.03
18.94,1,8.2766,0.03
18.94,2,3.9097,0.03
18.94,3,11.6251,0.03
18.96,0,13.7247,0.03
18.96,1,8.2878,0.03
18.96,2,3.8747,0.03
18.96,3,11.6348,0.03
18.98,0,13.7467,0.03
18.98,1,8.3144,0.03
18.98,2,3.8751,0.03
18.98,3,11.627,0.03
19.0,0,13.7662,0.03
19.0,1,8.3507,0.03
19.0,2,3.8315,0.03
19.0,3,11.6023,0.03
19.02,0,13.7606,0.03
19.02,1,8.3611,0.03
19.02,2,3.8331,0.03
19.02,3,11.6059,0.03
19.04,0,13.7708,0.03
19.04,1,8.4357,0.03
19.04,2,3.8007,0.03
19.04,3,11.5574,0.03
19.06,0,13.8184,0.03
19.06,1,8.3759,0.03
19.06,2,3.7628,0.03
19.06,3,11.6102,0.03
19.08,0,13.7976,0.03
19.08,1,8.4276,0.03
19.08,2,3.7933,0.03
19.08,3,11.6117,0.03
19.1,0,13.789,0.03
19.1,1,8.4372,0.03
19.1,2,3.7724,0.03
19.1,3,11.6154,0.03
19.12,0,13.8227,0.03
19.12,1,8.4313,0.03
19.12,2,3.7546,0.03
19.12,3,11.5865,0.03
19.14,0,13.8422,0.03
19.14,1,8.4419,0.03
19.14,2,3.7323,0.03
19.14,3,11.5745,0.03
19.16,0,13.851,0.03
19.16,1,8.4925,0.03
19.16,2,3.7414,0.03
19.16,3,11.5296,0.03
19.18,0,13.9037,0.03
19.18,1,8.517,0.03
19.18,2,3.6828,0.03
19.18,3,11.5593,0.03
19.2,0,13.8911,0.03
19.2,1,8.5234,0.03
19.2,2,3.6952,0.03
19.2,3,11.5818,0.03
19.22,0,13.8669,0.03
19.22,1,8.5262,0.03
19.22,2,3.6583,0.03
19.22,3,11.5471,0.03
19.24,0,13.8708,0.03
19.24,1,8.5575,0.03
19.24,2,3.6476,0.03
19.24,3,11.5664,0.03
19.26,0,13.8883,0.03
19.26,1,8.5586,0.03
19.26,2,3.6603,0.03
19.26,3,11.5517,0.03
19.28,0,13.9044,0.03
19.28,1,8.5899,0.03
19.28,2,3.5782,0.03
19.28,3,11.5505,0.03
19.3,0,13.9304,0.03
19.3,1,8.6072,0.03
19.3,2,3.6005,0.03
19.3,3,11.5636,0.03
19.32,0,13.9488,0.03
19.32,1,8.6527,0.03
19.32,2,3.5933,0.03
19.32,3,11.4932,0.03
19.34,0,13.9363,0.03
19.34,1,8.6508,0.03
19.34,2,3.5536,0.03
19.34,3,11.5317,0.03
19.36,0,13.9255,0.03
19.36,1,8.6486,0.03
19.36,2,3.5103,0.03
19.36,3,11.5059,0.03
19.38,0,13.9597,0.03
19.38,1,8.6929,0.03
19.38,2,3.5079,0.03
19.38,3,11.5147,0.03
19.4,0,14.0091,0.03
19.4,1,8.7273,0.03
19.4,2,3.431,0.03
19.4,3,11.5121,0.03
19.42,0,13.9815,0.03
19.42,1,8.7174,0.03
19.42,2,3.4589,0.03
19.42,3,11.4944,0.03
19.44,0,14.0464,0.03
19.44,1,8.7144,0.03
19.44,2,3.4888,0.03
19.44,3,11.5174,0.03
19.46,0,14.0397,0.03
19.46,1,8.745,0.03
19.46,2,3.4396,0.03
19.46,3,11.4513,0.03
19.48,0,14.0403,0.03
19.48,1,8.7832,0.03
19.48,2,3.4316,0.03
19.48,3,11.4832,0.03
19.5,0,14.0361,0.03
19.5,1,8.7712,0.03
19.5,2,3.4165,0.03
19.5,3,11.4437,0.03
19.52,0,14.0359,0.03
19.52,1,8.7851,0.03
19.52,2,3.4514,0.03
19.52,3,11.4922,0.03
19.54,0,14.0644,0.03
19.54,1,8.7863,0.03
19.54,2,3.414,0.03
19.54,3,11.4506,0.03
19.56,0,14.085,0.03
19.56,1,8.8534,0.03
19.56,2,3.3824,0.03
19.56,3,11.4408,0.03
19.58,0,14.0868,0.03
19.58,1,8.8518,0.03
19.58,2,3.3635,0.03
19.58,3,11.427,0.03
19.6,0,14.128,0.03
19.6,1,8.8746,0.03
19.6,2,3.3577,0.03
19.6,3,11.4734,0.03
19.62,0,14.1119,0.03
19.62,1,8.8719,0.03
19.62,2,3.312,0.03
19.62,3,11.4928,0.03
19.64,0,14.09,0.03
19.64,1,8.9305,0.03
19.64,2,3.3134,0.03
19.64,3,11.4383,0.03
19.66,0,14.1564,0.03
19.66,1,8.974,0.03
19.66,2,3.303,0.03
19.66,3,11.4287,0.03
19.68,0,14.1114,0.03
19.68,1,8.9432,0.03
19.68,2,3.2839,0.03
19.68,3,11.4609,0.03
19.7,0,14.1807,0.03
19.7,1,8.989,0.03
19.7,2,3.22,0.03
19.7,3,11.4304,0.03
19.72,0,14.1616,0.03
19.72,1,8.9972,0.03
19.72,2,3.2251,0.03
19.72,3,11.4226,0.03
19.74,0,14.1822,0.03
19.74,1,8.9777,0.03
19.74,2,3.2795,0.03
19.74,3,11.405,0.03
19.76,0,14.2004,0.03
19.76,1,9.0028,0.03
19.76,2,3.2158,0.03
19.76,3,11.3921,0.03
19.78,0,14.2265,0.03
19.78,1,9.0113,0.03
19.78,2,3.1739,0.03
19.78,3,11.3833,0.03
19.8,0,14.2273,0.03
19.8,1,9.0467,0.03
19.8,2,3.1629,0.03
19.8,3,11.3938,0.03
19.82,0,14.2184,0.03
19.82,1,9.0529,0.03
19.82,2,3.1644,0.03
19.82,3,11.3681,0.03
19.84,0,14.2229,0.03
19.84,1,9.0936,0.03
19.84,2,3.0911,0.03
19.84,3,11.3679,0.03
19.86,0,14.2707,0.03
19.86,1,9.1194,0.03
19.86,2,3.0929,0.03
19.86,3,11.3586,0.03
19.88,0,14.2651,0.03
19.88,1,9.0918,0.03
19.88,2,3.1175,0.03
19.88,3,11.3939,0.03
19.9,0,14.2992,0.03
19.9,1,9.1393,0.03
19.9,2,3.0817,0.03
19.9,3,11.3603,0.03
19.92,0,14.2918,0.03
19.92,1,9.1629,0.03
19.92,2,3.0885,0.03
19.92,3,11.4022,0.03
19.94,0,14.2711,0.03
19.94,1,9.1636,0.03
19.94,2,3.0253,0.03
19.94,3,11.381,0.03
19.96,0,14.2893,0.03
19.96,1,9.2024,0.03
19.96,2,3.029,0.03
19.96,3,11.3662,0.03
19.98,0,14.2977,0.03
19.98,1,9.2061,0.03
19.98,2,2.9873,0.03
19.98,3,11.3729,0.03
20.0,0,14.3685,0.03
20.0,1,9.2305,0.03
20.0,2,2.9936,0.03
20.0,3,11.3251,0.03
20.02,0,14.3357,0.03
20.02,1,9.2561,0.03
20.02,2,2.9432,0.03
20.02,3,11.3405,0.03
20.04,0,14.3389,0.03
20.04,1,9.3254,0.03
20.04,2,2.959,0.03
20.04,3,11.3202,0.03
20.06,0,14.3753,0.03
20.06,1,9.3081,0.03
20.06,2,2.9253,0.03
20.06,3,11.3493,0.03
20.08,0,14.366,0.03
20.08,1,9.3131,0.03
20.08,2,2.916,0.03
20.08,3,11.3156,0.03
20.1,0,14.3797,0.03
20.1,1,9.3319,0.03
20.1,2,2.8838,0.03
20.1,3,11.3205,0.03
20.12,0,14.4237,0.03
20.12,1,9.3538,0.03
20.12,2,2.8916,0.03
20.12,3,11.3499,0.03
20.14,0,14.4075,0.03
20.14,1,9.3445,0.03
20.14,2,2.9095,0.03
20.14,3,11.3192,0.03
20.16,0,14.4232,0.03
20.16,1,9.3793,0.03
20.16,2,2.8701,0.03
20.16,3,11.2992,0.03
20.18,0,14.4262,0.03
20.18,1,9.4141,0.03
20.18,2,2.8366,0.03
20.18,3,11.3092,0.03
20.2,0,14.4599,0.03
20.2,1,9.3789,0.03
20.2,2,2.828,0.03
20.2,3,11.3161,0.03
20.22,0,14.4438,0.03
20.22,1,9.386,0.03
20.22,2,2.8321,0.03
20.22,3,11.2975,0.03
20.24,0,14.4652,0.03
20.24,1,9.4225,0.03
20.24,2,2.7912,0.03
20.24,3,11.2949,0.03
20.26,0,14.4777,0.03
20.26,1,9.4603,0.03
20.26,2,2.7505,0.03
20.26,3,11.287,0.03
20.28,0,14.4816,0.03
20.28,1,9.4799,0.03
20.28,2,2.752,0.03
20.28,3,11.29,0.03
20.3,0,14.4839,0.03
20.3,1,9.5258,0.03
20.3,2,2.7046,0.03
20.3,3,11.2604,0.03
20.32,0,14.5205,0.03
20.32,1,9.5057,0.03
20.32,2,2.7022,0.03
20.32,3,11.2803,0.03
20.34,0,14.5074,0.03
20.34,1,9.5621,0.03
20.34,2,2.6827,0.03
20.34,3,11.2755,0.03
20.36,0,14.558,0.03
20.36,1,9.5597,0.03
20.36,2,2.6806,0.03
20.36,3,11.3075,0.03
20.38,0,14.5659,0.03
20.38,1,9.5586,0.03
20.38,2,2.7077,0.03
20.38,3,11.2832,0.03
20.4,0,14.5764,0.03
20.4,1,9.6035,0.03
20.4,2,2.6326,0.03
20.4,3,11.2934,0.03
20.42,0,14.5649,0.03
20.42,1,9.6054,0.03
20.42,2,2.6107,0.03
20.42,3,11.238,0.03
20.44,0,14.579,0.03
20.44,1,9.6456,0.03
20.44,2,2.5896,0.03
20.44,3,11.2806,0.03
20.46,0,14.5878,0.03
20.46,1,9.6487,0.03
20.46,2,2.5964,0.03
20.46,3,11.2542,0.03
20.48,0,14.6218,0.03
20.48,1,9.6937,0.03
20.48,2,2.5725,0.03
20.48,3,11.2722,0.03
20.5,0,14.6573,0.03
20.5,1,9.6745,0.03
20.5,2,2.5588,0.03
20.5,3,11.2684,0.03
20.52,0,14.6067,0.03
20.52,1,9.7102,0.03
20.52,2,2.5484,0.03
20.52,3,11.2456,0.03
20.54,0,14.6618,0.03
20.54,1,9.7215,0.03
20.54,2,2.5428,0.03
20.54,3,11.245,0.03
20.56,0,14.6567,0.03
20.56,1,9.7189,0.03
20.56,2,2.5082,0.03
20.56,3,11.2822,0.03
20.58,0,14.6862,0.03
20.58,1,9.7495,0.03
20.58,2,2.522,0.03
20.58,3,11.2417,0.03
20.6,0,14.6877,0.03
20.6,1,9.797,0.03
20.6,2,2.5025,0.03
20.6,3,11.2448,0.03
20.62,0,14.6758,0.03
20.62,1,9.7841,0.03
20.62,2,2.4958,0.03
20.62,3,11.2696,0.03
20.64,0,14.7087,0.03
20.64,1,9.8277,0.03
20.64,2,2.4169,0.03
20.64,3,11.2096,0.03
20.66,0,14.7356,0.03
20.66,1,9.8267,0.03
20.66,2,2.4339,0.03
20.66,3,11.2541,0.03
20.68,0,14.7405,0.03
20.68,1,9.8209,0.03
20.68,2,2.4144,0.03
20.68,3,11.1995,0.03
20.7,0,14.7289,0.03
20.7,1,9.9061,0.03
20.7,2,2.3775,0.03
20.7,3,11.2143,0.03
20.72,0,14.7991,0.03
20.72,1,9.9035,0.03
20.72,2,2.3428,0.03
20.72,3,11.1678,0.03
20.74,0,14.765,0.03
20.74,1,9.9364,0.03
20.74,2,2.3726,0.03
20.74,3,11.2152,0.03
20.76,0,14.7277,0.03
20.76,1,9.8945,0.03
20.76,2,2.3402,0.03
20.76,3,11.2266,0.03
20.78,0,14.7986,0.03
20.78,1,9.9213,0.03
20.78,2,2.3408,0.03
20.78,3,11.1821,0.03
20.8,0,14.7956,0.03
20.8,1,9.9572,0.03
20.8,2,2.3195,0.03
20.8,3,11.226,0.03
20.82,0,14.8105,0.03
20.82,1,9.9444,0.03
20.82,2,2.3039,0.03
20.82,3,11.2195,0.03
20.84,0,14.817,0.03
20.84,1,9.9983,0.03
20.84,2,2.2789,0.03
20.84,3,11.1765,0.03
20.86,0,14.8427,0.03
20.86,1,10.0629,0.03
20.86,2,2.3097,0.03
20.86,3,11.1749,0.03
20.88,0,14.8544,0.03
20.88,1,10.0414,0.03
20.88,2,2.2385,0.03
20.88,3,11.1725,0.03
20.9,0,14.8719,0.03
20.9,1,10.0478,0.03
20.9,2,2.2492,0.03
20.9,3,11.1619,0.03
20.92,0,14.8723,0.03
20.92,1,10.0632,0.03
20.92,2,2.2614,0.03
20.92,3,11.1894,0.03
20.94,0,14.8773,0.03
20.94,1,10.0776,0.03
20.94,2,2.2036,0.03
20.94,3,11.174,0.03
20.96,0,14.9329,0.03
20.96,1,10.0987,0.03
20.96,2,2.1596,0.03
20.96,3,11.143,0.03
20.98,0,14.9138,0.03
20.98,1,10.1012,0.03
20.98,2,2.2202,0.03
20.98,3,11.1929,0.03
21.0,0,14.926,0.03
21.0,1,10.161,0.03
21.0,2,2.1736,0.03
21.0,3,11.1504,0.03
21.02,0,14.9435,0.03
21.02,1,10.1803,0.03
21.02,2,2.1343,0.03
21.02,3,11.1676,0.03
21.04,0,14.9817,0.03
21.04,1,10.1688,0.03
21.04,2,2.1341,0.03
21.04,3,11.1614,0.03
21.06,0,14.978,0.03
21.06,1,10.1747,0.03
21.06,2,2.1412,0.03
21.06,3,11.1223,0.03
21.08,0,14.9599,0.03
21.08,1,10.2208,0.03
21.08,2,2.0641,0.03
21.08,3,11.1158,0.03
21.1,0,14.9954,0.03
21.1,1,10.2391,0.03
21.1,2,2.0688,0.03
21.1,3,11.1618,0.03
21.12,0,14.9989,0.03
21.12,1,10.2418,0.03
21.12,2,2.0381,0.03
21.12,3,11.0968,0.03
21.14,0,15.0322,0.03
21.14,1,10.2699,0.03
21.14,2,2.0093,0.03
21.14,3,11.1675,0.03
21.16,0,15.034,0.03
21.16,1,10.321,0.03
21.16,2,2.0497,0.03
21.16,3,11.15,0.03
21.18,0,15.0548,0.03
21.18,1,10.2838,0.03
21.18,2,2.0233,0.03
21.18,3,11.1279,0.03
21.2,0,15.031,0.03
21.2,1,10.3287,0.03
21.2,2,1.979,0.03
21.2,3,11.1646,0.03
21.22,0,15.0569,0.03
21.22,1,10.3553,0.03
21.22,2,2.0048,0.03
21.22,3,11.1125,0.03
21.24,0,15.071,0.03
21.24,1,10.354,0.03
21.24,2,1.9901,0.03
21.24,3,11.1484,0.03
21.26,0,15.1014,0.03
21.26,1,10.3683,0.03
21.26,2,1.9548,0.03
21.26,3,11.1051,0.03
21.28,0,15.1059,0.03
21.28,1,10.3698,0.03
21.28,2,1.9484,0.03
21.28,3,11.1323,0.03
21.3,0,15.1018,0.03
21.3,1,10.4429,0.03
21.3,2,1.9316,0.03
21.3,3,11.1163,0.03
21.32,0,15.091,0.03
21.32,1,10.4237,0.03
21.32,2,1.911,0.03
21.32,3,11.1047,0.03
21.34,0,15.1257,0.03
21.34,1,10.4111,0.03
21.34,2,1.8518,0.03
21.34,3,11.1093,0.03
21.36,0,15.1131,0.03
21.36,1,10.4743,0.03
21.36,2,1.8528,0.03
21.36,3,11.1,0.03
21.38,0,15.1444,0.03
21.38,1,10.4842,0.03
21.38,2,1.8776,0.03
21.38,3,11.1218,0.03
21.4,0,15.1711,0.03
21.4,1,10.503,0.03
21.4,2,1.8534,0.03
21.4,3,11.0764,0.03
21.42,0,15.1794,0.03
21.42,1,10.5072,0.03
21.42,2,1.8251,0.03
21.42,3,11.1058,0.03
21.44,0,15.2267,0.03
21.44,1,10.5597,0.03
21.44,2,1.8048,0.03
21.44,3,11.0947,0.03
21.46,0,15.2077,0.03
21.46,1,10.5501,0.03
21.46,2,1.7975,0.03
21.46,3,11.0767,0.03
21.48,0,15.2651,0.03
21.48,1,10.5547,0.03
21.48,2,1.7917,0.03
21.48,3,11.0849,0.03
21.5,0,15.2239,0.03
21.5,1,10.5534,0.03
21.5,2,1.7509,0.03
21.5,3,11.1084,0.03
21.52,0,15.264,0.03
21.52,1,10.6001,0.03
21.52,2,1.7646,0.03
21.52,3,11.0984,0.03
21.54,0,15.2585,0.03
21.54,1,10.6574,0.03
21.54,2,1.7099,0.03
21.54,3,11.1013,0.03
21.56,0,15.2724,0.03
21.56,1,10.6749,0.03
21.56,2,1.7248,0.03
21.56,3,11.0759,0.03
21.58,0,15.2872,0.03
21.58,1,10.6801,0.03
21.58,2,1.7353,0.03
21.58,3,11.0946,0.03
21.6,0,15.299,0.03
21.6,1,10.7106,0.03
21.6,2,1.695,0.03
21.6,3,11.111,0.03
21.62,0,15.319,0.03
21.62,1,10.6974,0.03
21.62,2,1.7067,0.03
21.62,3,11.0756,0.03
21.64,0,15.3195,0.03
21.64,1,10.7117,0.03
21.64,2,1.6412,0.03
21.64,3,11.0609,0.03
21.66,0,15.3689,0.03
21.66,1,10.7241,0.03
21.66,2,1.6459,0.03
21.66,3,11.057,0.03
21.68,0,15.3466,0.03
21.68,1,10.7658,0.03
21.68,2,1.6252,0.03
21.68,3,11.0715,0.03
21.7,0,15.3474,0.03
21.7,1,10.765,0.03
21.7,2,1.635,0.03
21.7,3,11.0805,0.03
21.72,0,15.3718,0.03
21.72,1,10.8153,0.03
21.72,2,1.6054,0.03
21.72,3,11.0683,0.03
21.74,0,15.3871,0.03
21.74,1,10.8124,0.03
21.74,2,1.5735,0.03
21.74,3,11.0658,0.03
21.76,0,15.425,0.03
21.76,1,10.8237,0.03
21.76,2,1.5485,0.03
21.76,3,11.0729,0.03
21.78,0,15.4297,0.03
21.78,1,10.831,0.03
21.78,2,1.5659,0.03
21.78,3,11.0388,0.03
21.8,0,15.4208,0.03
21.8,1,10.9006,0.03
21.8,2,1.542,0.03
21.8,3,11.036,0.03
21.82,0,15.4331,0.03
21.82,1,10.8472,0.03
21.82,2,1.5266,0.03
21.82,3,11.0898,0.03
21.84,0,15.4659,0.03
21.84,1,10.9172,0.03
21.84,2,1.5141,0.03
21.84,3,11.0475,0.03
21.86,0,15.4615,0.03
21.86,1,10.9232,0.03
21.86,2,1.5171,0.03
21.86,3,11.1049,0.03
21.88,0,15.483,0.03
21.88,1,10.9397,0.03
21.88,2,1.4666,0.03
21.88,3,11.0952,0.03
21.9,0,15.5015,0.03
21.9,1,10.9431,0.03
21.9,2,1.4868,0.03
21.9,3,11.0446,0.03
21.92,0,15.5152,0.03
21.92,1,10.9923,0.03
21.92,2,1.4284,0.03
21.92,3,11.0624,0.03
21.94,0,15.5058,0.03
21.94,1,10.965,0.03
21.94,2,1.4393,0.03
21.94,3,11.0472,0.03
21.96,0,15.5321,0.03
21.96,1,10.9688,0.03
21.96,2,1.4017,0.03
21.96,3,11.049,0.03
21.98,0,15.5361,0.03
21.98,1,11.0278,0.03
21.98,2,1.4408,0.03
21.98,3,11.0207,0.03
22.0,0,15.5578,0.03
22.0,1,11.0578,0.03
22.0,2,1.4189,0.03
22.0,3,11.038,0.03
22.02,0,15.5367,0.03
22.02,1,11.0583,0.03
22.02,2,1.4185,0.03
22.02,3,11.0302,0.03
22.04,0,15.5232,0.03
22.04,1,11.0209,0.03
22.04,2,1.4392,0.03
22.04,3,11.0438,0.03
22.06,0,15.5207,0.03
22.06,1,11.0732,0.03
22.06,2,1.4237,0.03
22.06,3,11.0173,0.03
22.08,0,15.4861,0.03
22.08,1,11.0334,0.03
22.08,2,1.4621,0.03
22.08,3,10.9924,0.03
22.1,0,15.463,0.03
22.1,1,11.0582,0.03
22.1,2,1.4902,0.03
22.1,3,10.9703,0.03
22.12,0,15.4716,0.03
22.12,1,11.0455,0.03
22.12,2,1.5099,0.03
22.12,3,10.9435,0.03
22.14,0,15.4623,0.03
22.14,1,11.0459,0.03
22.14,2,1.5019,0.03
22.14,3,10.9084,0.03
22.16,0,15.4321,0.03
22.16,1,11.0292,0.03
22.16,2,1.5187,0.03
22.16,3,10.8902,0.03
22.18,0,15.4733,0.03
22.18,1,11.0739,0.03
22.18,2,1.5359,0.03
22.18,3,10.8538,0.03
22.2,0,15.4447,0.03
22.2,1,11.0538,0.03
22.2,2,1.5438,0.03
22.2,3,10.9174,0.03
22.22,0,15.3902,0.03
22.22,1,11.0687,0.03
22.22,2,1.5847,0.03
22.22,3,10.8481,0.03
22.24,0,15.3874,0.03
22.24,1,11.0663,0.03
22.24,2,1.5698,0.03
22.24,3,10.8178,0.03
22.26,0,15.3938,0.03
22.26,1,11.0781,0.03
22.26,2,1.5941,0.03
22.26,3,10.8271,0.03
22.28,0,15.3752,0.03
22.28,1,11.0638,0.03
22.28,2,1.6134,0.03
22.28,3,10.8106,0.03
22.3,0,15.4163,0.03
22.3,1,11.0901,0.03
22.3,2,1.6259,0.03
22.3,3,10.7566,0.03
22.32,0,15.343,0.03
22.32,1,11.1029,0.03
22.32,2,1.6285,0.03
22.32,3,10.766,0.03
22.34,0,15.3384,0.03
22.34,1,11.0379,0.03
22.34,2,1.6515,0.03
22.34,3,10.7661,0.03
22.36,0,15.3183,0.03
22.36,1,11.0662,0.03
22.36,2,1.6712,0.03
22.36,3,10.7008,0.03
22.38,0,15.3166,0.03
22.38,1,11.1043,0.03
22.38,2,1.689,0.03
22.38,3,10.6902,0.03
22.4,0,15.2974,0.03
22.4,1,11.0972,0.03
22.4,2,1.6792,0.03
22.4,3,10.7152,0.03
22.42,0,15.272,0.03
22.42,1,11.1035,0.03
22.42,2,1.7051,0.03
22.42,3,10.6832,0.03
22.44,0,15.2803,0.03
22.44,1,11.0875,0.03
22.44,2,1.7364,0.03
22.44,3,10.6467,0.03
22.46,0,15.2409,0.03
22.46,1,11.0952,0.03
22.46,2,1.7079,0.03
22.46,3,10.6586,0.03
22.48,0,15.23,0.03
22.48,1,11.0603,0.03
22.48,2,1.7769,0.03
22.48,3,10.637,0.03
22.5,0,15.2809,0.03
22.5,1,11.1109,0.03
22.5,2,1.7457,0.03
22.5,3,10.5966,0.03
22.52,0,15.1941,0.03
22.52,1,11.112,0.03
22.52,2,1.7604,0.03
22.52,3,10.558,0.03
22.54,0,15.2219,0.03
22.54,1,11.0685,0.03
22.54,2,1.8316,0.03
22.54,3,10.5467,0.03
22.56,0,15.2094,0.03
22.56,1,11.0857,0.03
22.56,2,1.7879,0.03
22.56,3,10.5364,0.03
22.58,0,15.1886,0.03
22.58,1,11.1175,0.03
22.58,2,1.8128,0.03
22.58,3,10.5253,0.03
22.6,0,15.2094,0.03
22.6,1,11.1021,0.03
22.6,2,1.8411,0.03
22.6,3,10.4985,0.03
22.62,0,15.1577,0.03
22.62,1,11.1095,0.03
22.62,2,1.8485,0.03
22.62,3,10.488,0.03
22.64,0,15.1506,0.03
22.64,1,11.1293,0.03
22.64,2,1.8947,0.03
22.64,3,10.4494,0.03
22.66,0,15.1288,0.03
22.66,1,11.1479,0.03
22.66,2,1.9094,0.03
22.66,3,10.4431,0.03
22.68,0,15.1466,0.03
22.68,1,11.151,0.03
22.68,2,1.8818,0.03
22.68,3,10.4377,0.03
22.7,0,15.1162,0.03
22.7,1,11.1056,0.03
22.7,2,1.8953,0.03
22.7,3,10.4232,0.03
22.72,0,15.1155,0.03
22.72,1,11.0978,0.03
22.72,2,1.932,0.03
22.72,3,10.3695,0.03
22.74,0,15.0922,0.03
22.74,1,11.148,0.03
22.74,2,1.9704,0.03
22.74,3,10.3737,0.03
22.76,0,15.1013,0.03
22.76,1,11.1153,0.03
22.76,2,1.9512,0.03
22.76,3,10.3697,0.03
22.78,0,15.053,0.03
22.78,1,11.0754,0.03
22.78,2,1.937,0.03
22.78,3,10.3202,0.03
22.8,0,15.0749,0.03
22.8,1,11.1188,0.03
22.8,2,1.9933,0.03
22.8,3,10.3693,0.03
22.82,0,15.0356,0.03
22.82,1,11.131,0.03
22.82,2,1.9805,0.03
22.82,3,10.2941,0.03
22.84,0,15.0173,0.03
22.84,1,11.1467,0.03
22.84,2,2.0639,0.03
22.84,3,10.2557,0.03
22.86,0,14.9904,0.03
22.86,1,11.1522,0.03
22.86,2,2.0567,0.03
22.86,3,10.2816,0.03
22.88,0,15.0001,0.03
22.88,1,11.1073,0.03
22.88,2,2.0756,0.03
22.88,3,10.2669,0.03
22.9,0,14.9922,0.03
22.9,1,11.1459,0.03
22.9,2,2.0731,0.03
22.9,3,10.1929,0.03
22.92,0,15.025,0.03
22.92,1,11.1496,0.03
22.92,2,2.0956,0.03
22.92,3,10.1718,0.03
22.94,0,14.9494,0.03
22.94,1,11.1971,0.03
22.94,2,2.1012,0.03
22.94,3,10.2074,0.03
22.96,0,14.9112,0.03
22.96,1,11.1469,0.03
22.96,2,2.1329,0.03
22.96,3,10.1904,0.03
22.98,0,14.9142,0.03
22.98,1,11.1722,0.03
22.98,2,2.1515,0.03
22.98,3,10.1715,0.03
23.0,0,14.9215,0.03
23.0,1,11.1697,0.03
23.0,2,2.1195,0.03
23.0,3,10.1398,0.03
23.02,0,14.8807,0.03
23.02,1,11.1942,0.03
23.02,2,2.1358,0.03
23.02,3,10.0886,0.03
23.04,0,14.8983,0.03
23.04,1,11.1575,0.03
23.04,2,2.1707,0.03
23.04,3,10.1303,0.03
23.06,0,14.9088,0.03
23.06,1,11.1743,0.03
23.06,2,2.1799,0.03
23.06,3,10.0799,0.03
23.08,0,14.8704,0.03
23.08,1,11.1783,0.03
23.08,2,2.1972,0.03
23.08,3,10.058,0.03
23.1,0,14.8981,0.03
23.1,1,11.1691,0.03
23.1,2,2.2371,0.03
23.1,3,10.0498,0.03
23.12,0,14.8747,0.03
23.12,1,11.2203,0.03
23.12,2,2.273,0.03
23.12,3,10.0411,0.03
23.14,0,14.8532,0.03
23.14,1,11.2162,0.03
23.14,2,2.2902,0.03
23.14,3,9.9919,0.03
23.16,0,14.8161,0.03
23.16,1,11.1932,0.03
23.16,2,2.2723,0.03
23.16,3,9.9921,0.03
23.18,0,14.8153,0.03
23.18,1,11.185,0.03
23.18,2,2.3184,0.03
23.18,3,9.9651,0.03
23.2,0,14.7911,0.03
23.2,1,11.2187,0.03
23.2,2,2.3035,0.03
23.2,3,9.9518,0.03
23.22,0,14.7599,0.03
23.22,1,11.2222,0.03
23.22,2,2.3395,0.03
23.22,3,9.9694,0.03
23.24,0,14.7846,0.03
23.24,1,11.2108,0.03
23.24,2,2.3621,0.03
23.24,3,9.9258,0.03
23.26,0,14.7896,0.03
23.26,1,11.2349,0.03
23.26,2,2.3569,0.03
23.26,3,9.8762,0.03
23.28,0,14.7786,0.03
23.28,1,11.1972,0.03
23.28,2,2.3821,0.03
23.28,3,9.8781,0.03
23.3,0,14.7852,0.03
23.3,1,11.2344,0.03
23.3,2,2.3893,0.03
23.3,3,9.8681,0.03
23.32,0,14.7327,0.03
23.32,1,11.2105,0.03
23.32,2,2.3978,0.03
23.32,3,9.851,0.03
23.34,0,14.6993,0.03
23.34,1,11.2435,0.03
23.34,2,2.4491,0.03
23.34,3,9.8317,0.03
23.36,0,14.6928,0.03
23.36,1,11.2086,0.03
23.36,2,2.4417,0.03
23.36,3,9.8164,0.03
23.38,0,14.717,0.03
23.38,1,11.2453,0.03
23.38,2,2.451,0.03
23.38,3,9.7779,0.03
23.4,0,14.6725,0.03
23.4,1,11.2245,0.03
23.4,2,2.5205,0.03
23.4,3,9.7892,0.03
23.42,0,14.6616,0.03
23.42,1,11.2616,0.03
23.42,2,2.5179,0.03
23.42,3,9.7415,0.03
23.44,0,14.6573,0.03
23.44,1,11.2106,0.03
23.44,2,2.5097,0.03
23.44,3,9.7449,0.03
23.46,0,14.6906,0.03
23.46,1,11.2412,0.03
23.46,2,2.5434,0.03
23.46,3,9.7234,0.03
23.48,0,14.6398,0.03
23.48,1,11.2252,0.03
23.48,2,2.5896,0.03
23.48,3,9.6861,0.03
23.5,0,14.6104,0.03
23.5,1,11.2181,0.03
23.5,2,2.5807,0.03
23.5,3,9.7017,0.03
23.52,0,14.5842,0.03
23.52,1,11.2693,0.03
23.52,2,2.5973,0.03
23.52,3,9.6795,0.03
23.54,0,14.62,0.03
23.54,1,11.2748,0.03
23.54,2,2.5696,0.03
23.54,3,9.6391,0.03
23.56,0,14.5467,0.03
23.56,1,11.277,0.03
23.56,2,2.6278,0.03
23.56,3,9.6267,0.03
23.58,0,14.5742,0.03
23.58,1,11.2974,0.03
23.58,2,2.6501,0.03
23.58,3,9.5938,0.03
23.6,0,14.5642,0.03
23.6,1,11.2543,0.03
23.6,2,2.6739,0.03
23.6,3,9.6044,0.03
23.62,0,14.547,0.03
23.62,1,11.2533,0.03
23.62,2,2.6837,0.03
23.62,3,9.5731,0.03
23.64,0,14.5538,0.03
23.64,1,11.3304,0.03
23.64,2,2.6803,0.03
23.64,3,9.5449,0.03
23.66,0,14.527,0.03
23.66,1,11.277,0.03
23.66,2,2.6979,0.03
23.66,3,9.5397,0.03
23.68,0,14.5336,0.03
23.68,1,11.2764,0.03
23.68,2,2.7333,0.03
23.68,3,9.5255,0.03
23.7,0,14.5123,0.03
23.7,1,11.313,0.03
23.7,2,2.7282,0.03
23.7,3,9.5179,0.03
23.72,0,14.5123,0.03
23.72,1,11.2958,0.03
23.72,2,2.7517,0.03
23.72,3,9.5174,0.03
23.74,0,14.4882,0.03
23.74,1,11.2872,0.03
23.74,2,2.7939,0.03
23.74,3,9.4489,0.03
23.76,0,14.4876,0.03
23.76,1,11.3116,0.03
23.76,2,2.7959,0.03
23.76,3,9.4747,0.03
23.78,0,14.4334,0.03
23.78,1,11.2884,0.03
23.78,2,2.8194,0.03
23.78,3,9.446,0.03
23.8,0,14.4512,0.03
23.8,1,11.3089,0.03
23.8,2,2.8465,0.03
23.8,3,9.4363,0.03
23.82,0,14.437,0.03
23.82,1,11.3684,0.03
23.82,2,2.8253,0.03
23.82,3,9.3712,0.03
23.84,0,14.4097,0.03
23.84,1,11.3218,0.03
23.84,2,2.8486,0.03
23.84,3,9.3765,0.03
23.86,0,14.3942,0.03
23.86,1,11.3364,0.03
23.86,2,2.885,0.03
23.86,3,9.3973,0.03
23.88,0,14.4114,0.03
23.88,1,11.3483,0.03
23.88,2,2.8802,0.03
23.88,3,9.3303,0.03
23.9,0,14.4329,0.03
23.9,1,11.3181,0.03
23.9,2,2.9176,0.03
23.9,3,9.3195,0.03
23.92,0,14.3811,0.03
23.92,1,11.3509,0.03
23.92,2,2.9215,0.03
23.92,3,9.3397,0.03
23.94,0,14.3437,0.03
23.94,1,11.3145,0.03
23.94,2,2.9448,0.03
23.94,3,9.3054,0.03
23.96,0,14.3732,0.03
23.96,1,11.3171,0.03
23.96,2,2.9721,0.03
23.96,3,9.2698,0.03
23.98,0,14.3091,0.03
23.98,1,11.3368,0.03
23.98,2,2.9564,0.03
23.98,3,9.2209,0.03
24.0,0,14.323,0.03
24.0,1,11.3734,0.03
24.0,2,3.0032,0.03
24.0,3,9.2386,0.03
24.02,0,14.2958,0.03
24.02,1,11.3604,0.03
24.02,2,3.0058,0.03
24.02,3,9.1918,0.03
24.04,0,14.3017,0.03
24.04,1,11.3662,0.03
24.04,2,2.975,0.03
24.04,3,9.1806,0.03
24.06,0,14.3077,0.03
24.06,1,11.3587,0.03
24.06,2,3.0157,0.03
24.06,3,9.1732,0.03
24.08,0,14.263,0.03
24.08,1,11.375,0.03
24.08,2,3.0379,0.03
24.08,3,9.1712,0.03
24.1,0,14.2618,0.03
24.1,1,11.3881,0.03
24.1,2,3.0445,0.03
24.1,3,9.1657,0.03
24.12,0,14.2701,0.03
24.12,1,11.3798,0.03
24.12,2,3.0865,0.03
24.12,3,9.1022,0.03
24.14,0,14.2536,0.03
24.14,1,11.3723,0.03
24.14,2,3.1605,0.03
24.14,3,9.1152,0.03
24.16,0,14.1938,0.03
24.16,1,11.3856,0.03
24.16,2,3.1196,0.03
24.16,3,9.107,0.03
24.18,0,14.2379,0.03
24.18,1,11.3522,0.03
24.18,2,3.1672,0.03
24.18,3,9.0904,0.03
24.2,0,14.2296,0.03
24.2,1,11.4103,0.03
24.2,2,3.1746,0.03
24.2,3,9.0616,0.03
24.22,0,14.1951,0.03
24.22,1,11.3951,0.03
24.22,2,3.2168,0.03
24.22,3,9.0147,0.03
24.24,0,14.1875,0.03
24.24,1,11.4187,0.03
24.24,2,3.2208,0.03
24.24,3,9.026,0.03
24.26,0,14.1651,0.03
24.26,1,11.3894,0.03
24.26,2,3.2449,0.03
24.26,3,9.0115,0.03
24.28,0,14.186,0.03
24.28,1,11.4176,0.03
24.28,2,3.2288,0.03
24.28,3,8.9786,0.03
24.3,0,14.1537,0.03
24.3,1,11.4063,0.03
24.3,2,3.2626,0.03
24.3,3,8.9814,0.03
24.32,0,14.1564,0.03
24.32,1,11.4675,0.03
24.32,2,3.2712,0.03
24.32,3,8.9315,0.03
24.34,0,14.1708,0.03
24.34,1,11.4688,0.03
24.34,2,3.3047,0.03
24.34,3,8.9311,0.03
24.36,0,14.1447,0.03
24.36,1,11.4471,0.03
24.36,2,3.2623,0.03
24.36,3,8.922,0.03
24.38,0,14.081,0.03
24.38,1,11.4262,0.03
24.38,2,3.3196,0.03
24.38,3,8.9123,0.03
24.4,0,14.0665,0.03
24.4,1,11.4645,0.03
24.4,2,3.3515,0.03
24.4,3,8.8981,0.03
24.42,0,14.1258,0.03
24.42,1,11.4368,0.03
24.42,2,3.3773,0.03
24.42,3,8.8923,0.03
24.44,0,14.0869,0.03
24.44,1,11.4478,0.03
24.44,2,3.3833,0.03
24.44,3,8.8482,0.03
24.46,0,14.0602,0.03
24.46,1,11.4594,0.03
24.46,2,3.3991,0.03
24.46,3,8.8668,0.03
24.48,0,14.06,0.03
24.48,1,11.4245,0.03
24.48,2,3.3843,0.03
24.48,3,8.8287,0.03
24.5,0,14.0865,0.03
24.5,1,11.4914,0.03
24.5,2,3.3749,0.03
24.5,3,8.7943,0.03
24.52,0,13.9959,0.03
24.52,1,11.4419,0.03
24.52,2,3.4114,0.03
24.52,3,8.7632,0.03
24.54,0,14.0357,0.03
24.54,1,11.5061,0.03
24.54,2,3.4601,0.03
24.54,3,8.7208,0.03
24.56,0,13.9709,0.03
24.56,1,11.4884,0.03
24.56,2,3.471,0.03
24.56,3,8.7223,0.03
24.58,0,13.9813,0.03
24.58,1,11.4929,0.03
24.58,2,3.4895,0.03
24.58,3,8.706,0.03
24.6,0,14.0182,0.03
24.6,1,11.4975,0.03
24.6,2,3.4762,0.03
24.6,3,8.6862,0.03
24.62,0,14.0266,0.03
24.62,1,11.4998,0.03
24.62,2,3.5943,0.03
24.62,3,8.6796,0.03
24.64,0,13.9832,0.03
24.64,1,11.5154,0.03
24.64,2,3.554,0.03
24.64,3,8.6741,0.03
24.66,0,13.9356,0.03
24.66,1,11.5083,0.03
24.66,2,3.5775,0.03
24.66,3,8.6491,0.03
24.68,0,13.9566,0.03
24.68,1,11.5167,0.03
24.68,2,3.5772,0.03
24.68,3,8.6,0.03
24.7,0,13.9271,0.03
24.7,1,11.5388,0.03
24.7,2,3.5793,0.03
24.7,3,8.5832,0.03
24.72,0,13.9514,0.03
24.72,1,11.5421,0.03
24.72,2,3.637,0.03
24.72,3,8.553,0.03
24.74,0,13.8981,0.03
24.74,1,11.536,0.03
24.74,2,3.635,0.03
24.74,3,8.5184,0.03
24.76,0,13.915,0.03
24.76,1,11.5394,0.03
24.76,2,3.626,0.03
24.76,3,8.5669,0.03
24.78,0,13.882,0.03
24.78,1,11.5749,0.03
24.78,2,3.6523,0.03
24.78,3,8.5009,0.03
24.8,0,13.8828,0.03
24.8,1,11.5848,0.03
24.8,2,3.6737,0.03
24.8,3,8.5539,0.03
24.82,0,13.87,0.03
24.82,1,11.5527,0.03
24.82,2,3.6767,0.03
24.82,3,8.4566,0.03
24.84,0,13.846,0.03
24.84,1,11.5279,0.03
24.84,2,3.719,0.03
24.84,3,8.4413,0.03
24.86,0,13.8247,0.03
24.86,1,11.5579,0.03
24.86,2,3.7631,0.03
24.86,3,8.4362,0.03
24.88,0,13.8601,0.03
24.88,1,11.5833,0.03
24.88,2,3.7622,0.03
24.88,3,8.4606,0.03
24.9,0,13.8249,0.03
24.9,1,11.5713,0.03
24.9,2,3.7845,0.03
24.9,3,8.4221,0.03
24.92,0,13.8282,0.03
24.92,1,11.6062,0.03
24.92,2,3.7831,0.03
24.92,3,8.4,0.03
24.94,0,13.8272,0.03
24.94,1,11.5898,0.03
24.94,2,3.8335,0.03
24.94,3,8.3847,0.03
24.96,0,13.7962,0.03
24.96,1,11.6018,0.03
24.96,2,3.8662,0.03
24.96,3,8.3711,0.03
24.98,0,13.7628,0.03
24.98,1,11.5783,0.03
24.98,2,3.8665,0.03
24.98,3,8.3112,0.03
25.0,0,13.7404,0.03
25.0,1,11.6218,0.03
25.0,2,3.8707,0.03
25.0,3,8.3101,0.03
25.02,0,13.77,0.03
25.02,1,11.6369,0.03
25.02,2,3.9142,0.03
25.02,3,8.2826,0.03
25.04,0,13.7565,0.03
25.04,1,11.6014,0.03
25.04,2,3.91,0.03
25.04,3,8.3045,0.03
25.06,0,13.7346,0.03
25.06,1,11.6421,0.03
25.06,2,3.8827,0.03
25.06,3,8.2727,0.03
25.08,0,13.7385,0.03
25.08,1,11.5952,0.03
25.08,2,3.9124,0.03
25.08,3,8.2351,0.03
25.1,0,13.6979,0.03
25.1,1,11.6589,0.03
25.1,2,3.9498,0.03
25.1,3,8.2459,0.03
25.12,0,13.6745,0.03
25.12,1,11.6476,0.03
25.12,2,3.9787,0.03
25.12,3,8.1981,0.03
25.14,0,13.6243,0.03
25.14,1,11.6201,0.03
25.14,2,3.9895,0.03
25.14,3,8.1606,0.03
25.16,0,13.6806,0.03
25.16,1,11.6591,0.03
25.16,2,4.0104,0.03
25.16,3,8.1787,0.03
25.18,0,13.7017,0.03
25.18,1,11.6611,0.03
25.18,2,3.98,0.03
25.18,3,8.1443,0.03
25.2,0,13.6161,0.03
25.2,1,11.6654,0.03
25.2,2,4.0289,0.03
25.2,3,8.1282,0.03
25.22,0,13.6461,0.03
25.22,1,11.6496,0.03
25.22,2,4.0348,0.03
25.22,3,8.1406,0.03
25.24,0,13.6679,0.03
25.24,1,11.7225,0.03
25.24,2,4.0526,0.03
25.24,3,8.1154,0.03
25.26,0,13.6472,0.03
25.26,1,11.6809,0.03
25.26,2,4.0734,0.03
25.26,3,8.0785,0.03
25.28,0,13.6323,0.03
25.28,1,11.673,0.03
25.28,2,4.0961,0.03
25.28,3,8.0712,0.03
25.3,0,13.5876,0.03
25.3,1,11.7042,0.03
25.3,2,4.1157,0.03
25.3,3,8.0602,0.03
25.32,0,13.5419,0.03
25.32,1,11.7084,0.03
25.32,2,4.1393,0.03
25.32,3,8.0877,0.03
25.34,0,13.5575,0.03
25.34,1,11.6874,0.03
25.34,2,4.1692,0.03
25.34,3,8.0302,0.03
25.36,0,13.5814,0.03
25.36,1,11.7065,0.03
25.36,2,4.1867,0.03
25.36,3,8.0265,0.03
25.38,0,13.5555,0.03
25.38,1,11.7073,0.03
25.38,2,4.2033,0.03
25.38,3,7.9735,0.03
25.4,0,13.5232,0.03
25.4,1,11.7613,0.03
25.4,2,4.1858,0.03
25.4,3,7.9349,0.03
25.42,0,13.5365,0.03
25.42,1,11.7186,0.03
25.42,2,4.2424,0.03
25.42,3,7.957,0.03
25.44,0,13.5326,0.03
25.44,1,11.766,0.03
25.44,2,4.296,0.03
25.44,3,7.9456,0.03
25.46,0,13.537,0.03
25.46,1,11.7448,0.03
25.46,2,4.2416,0.03
25.46,3,7.9074,0.03
25.48,0,13.5232,0.03
25.48,1,11.7524,0.03
25.48,2,4.2438,0.03
25.48,3,7.8851,0.03
25.5,0,13.4793,0.03
25.5,1,11.7755,0.03
25.5,2,4.3105,0.03
25.5,3,7.8829,0.03
25.52,0,13.4909,0.03
25.52,1,11.78,0.03
25.52,2,4.334,0.03
25.52,3,7.8518,0.03
25.54,0,13.4824,0.03
25.54,1,11.7644,0.03
25.54,2,4.3284,0.03
25.54,3,7.8053,0.03
25.56,0,13.4514,0.03
25.56,1,11.7722,0.03
25.56,2,4.3615,0.03
25.56,3,7.8341,0.03
25.58,0,13.4442,0.03
25.58,1,11.7567,0.03
25.58,2,4.3755,0.03
25.58,3,7.7875,0.03
25.6,0,13.4487,0.03
25.6,1,11.7884,0.03
25.6,2,4.4092,0.03
25.6,3,7.7576,0.03
25.62,0,13.4691,0.03
25.62,1,11.8111,0.03
25.62,2,4.399,0.03
25.62,3,7.7255,0.03
25.64,0,13.3452,0.03
25.64,1,11.839,0.03
25.64,2,4.4155,0.03
25.64,3,7.7536,0.03
25.66,0,13.4107,0.03
25.66,1,11.872,0.03
25.66,2,4.4474,0.03
25.66,3,7.7358,0.03
25.68,0,13.3894,0.03
25.68,1,11.8262,0.03
25.68,2,4.4611,0.03
25.68,3,7.73,0.03
25.7,0,13.4159,0.03
25.7,1,11.8237,0.03
25.7,2,4.4739,0.03
25.7,3,7.7175,0.03
25.72,0,13.3927,0.03
25.72,1,11.8719,0.03
25.72,2,4.5019,0.03
25.72,3,7.6822,0.03
25.74,0,13.3717,0.03
25.74,1,11.8921,0.03
25.74,2,4.5161,0.03
25.74,3,7.6404,0.03
25.76,0,13.3493,0.03
25.76,1,11.8714,0.03
25.76,2,4.5154,0.03
25.76,3,7.6608,0.03
25.78,0,13.3543,0.03
25.78,1,11.8476,0.03
25.78,2,4.5494,0.03
25.78,3,7.6459,0.03
25.8,0,13.3288,0.03
25.8,1,11.8523,0.03
25.8,2,4.5466,0.03
25.8,3,7.6334,0.03
25.82,0,13.2951,0.03
25.82,1,11.878,0.03
25.82,2,4.5781,0.03
25.82,3,7.6334,0.03
25.84,0,13.3116,0.03
25.84,1,11.8896,0.03
25.84,2,4.6108,0.03
25.84,3,7.5838,0.03
25.86,0,13.3212,0.03
25.86,1,11.9252,0.03
25.86,2,4.6405,0.03
25.86,3,7.5585,0.03
25.88,0,13.3053,0.03
25.88,1,11.8796,0.03
25.88,2,4.6644,0.03
25.88,3,7.5531,0.03
25.9,0,13.2968,0.03
25.9,1,11.9304,0.03
25.9,2,4.6321,0.03
25.9,3,7.5255,0.03
25.92,0,13.2666,0.03
25.92,1,11.8872,0.03
25.92,2,4.6858,0.03
25.92,3,7.5518,0.03
25.94,0,13.2701,0.03
25.94,1,11.903,0.03
25.94,2,4.6703,0.03
25.94,3,7.4816,0.03
25.96,0,13.2656,0.03
25.96,1,11.9604,0.03
25.96,2,4.7234,0.03
25.96,3,7.4447,0.03
25.98,0,13.2805,0.03
25.98,1,11.9159,0.03
25.98,2,4.753,0.03
25.98,3,7.3956,0.03
26.0,0,13.2164,0.03
26.0,1,11.9378,0.03
26.0,2,4.7232,0.03
26.0,3,7.4397,0.03
26.02,0,13.2385,0.03
26.02,1,11.9312,0.03
26.02,2,4.7538,0.03
26.02,3,7.4338,0.03
26.04,0,13.1948,0.03
26.04,1,11.9448,0.03
26.04,2,4.7594,0.03
26.04,3,7.3834,0.03
26.06,0,13.2149,0.03
26.06,1,11.9811,0.03
26.06,2,4.8083,0.03
26.06,3,7.3942,0.03
26.08,0,13.213,0.03
26.08,1,11.9564,0.03
26.08,2,4.8056,0.03
26.08,3,7.3733,0.03
26.1,0,13.2077,0.03
26.1,1,11.9771,0.03
26.1,2,4.8438,0.03
26.1,3,7.3489,0.03
26.12,0,13.1812,0.03
26.12,1,11.9819,0.03
26.12,2,4.8458,0.03
26.12,3,7.3288,0.03
26.14,0,13.1048,0.03
26.14,1,11.9965,0.03
26.14,2,4.8769,0.03
26.14,3,7.3421,0.03
26.16,0,13.1165,0.03
26.16,1,12.0293,0.03
26.16,2,4.8591,0.03
26.16,3,7.2723,0.03
26.18,0,13.1328,0.03
26.18,1,12.0203,0.03
26.18,2,4.9201,0.03
26.18,3,7.2721,0.03
26.2,0,13.1242,0.03
26.2,1,12.0296,0.03
26.2,2,4.9785,0.03
26.2,3,7.2416,0.03
26.22,0,13.1189,0.03
26.22,1,11.9838,0.03
26.22,2,4.9784,0.03
26.22,3,7.2376,0.03
26.24,0,13.1108,0.03
26.24,1,12.0245,0.03
26.24,2,4.9249,0.03
26.24,3,7.2079,0.03
26.26,0,13.0871,0.03
26.26,1,12.0339,0.03
26.26,2,4.9749,0.03
26.26,3,7.1912,0.03
26.28,0,13.1259,0.03
26.28,1,12.0265,0.03
26.28,2,4.9839,0.03
26.28,3,7.206,0.03
26.3,0,13.0986,0.03
26.3,1,12.05,0.03
26.3,2,5.0135,0.03
26.3,3,7.192,0.03
26.32,0,13.0684,0.03
26.32,1,12.0107,0.03
26.32,2,5.0466,0.03
26.32,3,7.1614,0.03
26.34,0,13.0549,0.03
26.34,1,12.074,0.03
26.34,2,5.0456,0.03
26.34,3,7.1371,0.03
26.36,0,13.0897,0.03
26.36,1,12.0489,0.03
26.36,2,5.0935,0.03
26.36,3,7.1345,0.03
26.38,0,13.014,0.03
26.38,1,12.0743,0.03
26.38,2,5.0898,0.03
26.38,3,7.0979,0.03
26.4,0,13.0606,0.03
26.4,1,12.0772,0.03
26.4,2,5.1321,0.03
26.4,3,7.0555,0.03
26.42,0,13.0286,0.03
26.42,1,12.0597,0.03
26.42,2,5.1099,0.03
26.42,3,7.048,0.03
26.44,0,13.0003,0.03
26.44,1,12.081,0.03
26.44,2,5.1484,0.03
26.44,3,7.0294,0.03
26.46,0,13.0216,0.03
26.46,1,12.0951,0.03
26.46,2,5.1531,0.03
26.46,3,7.015,0.03
26.48,0,12.9766,0.03
26.48,1,12.1123,0.03
26.48,2,5.1426,0.03
26.48,3,6.9976,0.03
26.5,0,12.9459,0.03
26.5,1,12.1018,0.03
26.5,2,5.1632,0.03
26.5,3,6.9826,0.03
26.52,0,12.9509,0.03
26.52,1,12.1178,0.03
26.52,2,5.1947,0.03
26.52,3,6.9548,0.03
26.54,0,12.9616,0.03
26.54,1,12.1559,0.03
26.54,2,5.2295,0.03
26.54,3,6.9372,0.03
26.56,0,12.9516,0.03
26.56,1,12.1192,0.03
26.56,2,5.2471,0.03
26.56,3,6.943,0.03
26.58,0,12.9252,0.03
26.58,1,12.1494,0.03
26.58,2,5.2662,0.03
26.58,3,6.9173,0.03
26.6,0,12.9651,0.03
26.6,1,12.1284,0.03
26.6,2,5.271,0.03
26.6,3,6.9179,0.03
26.62,0,12.9795,0.03
26.62,1,12.1723,0.03
26.62,2,5.2712,0.03
26.62,3,6.8788,0.03
26.64,0,12.9003,0.03
26.64,1,12.158,0.03
26.64,2,5.3231,0.03
26.64,3,6.8622,0.03
26.66,0,12.8997,0.03
26.66,1,12.203,0.03
26.66,2,5.3374,0.03
26.66,3,6.8213,0.03
26.68,0,12.8777,0.03
26.68,1,12.1913,0.03
26.68,2,5.3922,0.03
26.68,3,6.8316,0.03
26.7,0,12.9017,0.03
26.7,1,12.2175,0.03
26.7,2,5.3719,0.03
26.7,3,6.8454,0.03
26.72,0,12.878,0.03
26.72,1,12.1686,0.03
26.72,2,5.3586,0.03
26.72,3,6.8105,0.03
26.74,0,12.8657,0.03
26.74,1,12.172,0.03
26.74,2,5.4339,0.03
26.74,3,6.7617,0.03
26.76,0,12.8598,0.03
26.76,1,12.2293,0.03
26.76,2,5.4483,0.03
26.76,3,6.7557,0.03
26.78,0,12.8277,0.03
26.78,1,12.1977,0.03
26.78,2,5.4114,0.03
26.78,3,6.7071,0.03
26.8,0,12.8417,0.03
26.8,1,12.2277,0.03
26.8,2,5.4812,0.03
26.8,3,6.7268,0.03
26.82,0,12.835,0.03
26.82,1,12.2285,0.03
26.82,2,5.4773,0.03
26.82,3,6.7061,0.03
26.84,0,12.8387,0.03
26.84,1,12.2701,0.03
26.84,2,5.4748,0.03
26.84,3,6.684,0.03
26.86,0,12.8457,0.03
26.86,1,12.2958,0.03
26.86,2,5.4933,0.03
26.86,3,6.6564,0.03
26.88,0,12.8139,0.03
26.88,1,12.2509,0.03
26.88,2,5.5474,0.03
26.88,3,6.6584,0.03
26.9,0,12.8325,0.03
26.9,1,12.3132,0.03
26.9,2,5.5264,0.03
26.9,3,6.6138,0.03
26.92,0,12.768,0.03
26.92,1,12.2957,0.03
26.92,2,5.5978,0.03
26.92,3,6.5838,0.03
26.94,0,12.7834,0.03
26.94,1,12.279,0.03
26.94,2,5.5495,0.03
26.94,3,6.5881,0.03
26.96,0,12.7838,0.03
26.96,1,12.3285,0.03
26.96,2,5.5774,0.03
26.96,3,6.5726,0.03
26.98,0,12.7919,0.03
26.98,1,12.3103,0.03
26.98,2,5.6413,0.03
26.98,3,6.5501,0.03
27.0,0,12.7474,0.03
27.0,1,12.2865,0.03
27.0,2,5.634,0.03
27.0,3,6.5379,0.03
27.02,0,12.6986,0.03
27.02,1,12.3277,0.03
27.02,2,5.6598,0.03
27.02,3,6.5143,0.03
27.04,0,12.7472,0.03
27.04,1,12.3388,0.03
27.04,2,5.6783,0.03
27.04,3,6.5126,0.03
27.06,0,12.7302,0.03
27.06,1,12.3561,0.03
27.06,2,5.6678,0.03
27.06,3,6.4399,0.03
27.08,0,12.719,0.03
27.08,1,12.3454,0.03
27.08,2,5.7335,0.03
27.08,3,6.4714,0.03
27.1,0,12.6923,0.03
27.1,1,12.3706,0.03
27.1,2,5.7371,0.03
27.1,3,6.4449,0.03
27.12,0,12.6879,0.03
27.12,1,12.3702,0.03
27.12,2,5.74,0.03
27.12,3,6.409,0.03
27.14,0,12.6637,0.03
27.14,1,12.3904,0.03
27.14,2,5.743,0.03
27.14,3,6.4055,0.03
27.16,0,12.6793,0.03
27.16,1,12.4093,0.03
27.16,2,5.7479,0.03
27.16,3,6.3716,0.03
27.18,0,12.7178,0.03
27.18,1,12.3906,0.03
27.18,2,5.8163,0.03
27.18,3,6.3767,0.03
27.2,0,12.6417,0.03
27.2,1,12.3902,0.03
27.2,2,5.793,0.03
27.2,3,6.3502,0.03
27.22,0,12.6481,0.03
27.22,1,12.3963,0.03
27.22,2,5.809,0.03
27.22,3,6.3438,0.03
27.24,0,12.6127,0.03
27.24,1,12.4193,0.03
27.24,2,5.8572,0.03
27.24,3,6.322,0.03
27.26,0,12.6747,0.03
27.26,1,12.4159,0.03
27.26,2,5.8852,0.03
27.26,3,6.2716,0.03
27.28,0,12.6254,0.03
27.28,1,12.4167,0.03
27.28,2,5.8992,0.03
27.28,3,6.2907,0.03
27.3,0,12.5904,0.03
27.3,1,12.4542,0.03
27.3,2,5.9126,0.03
27.3,3,6.2581,0.03
27.32,0,12.6035,0.03
27.32,1,12.4825,0.03
27.32,2,5.9185,0.03
27.32,3,6.2322,0.03
27.34,0,12.5791,0.03
27.34,1,12.4733,0.03
27.34,2,5.9258,0.03
27.34,3,6.2587,0.03
27.36,0,12.6002,0.03
27.36,1,12.4479,0.03
27.36,2,5.9844,0.03
27.36,3,6.232,0.03
27.38,0,12.5936,0.03
27.38,1,12.5165,0.03
27.38,2,5.9814,0.03
27.38,3,6.2059,0.03
27.4,0,12.5685,0.03
27.4,1,12.5002,0.03
27.4,2,5.9689,0.03
27.4,3,6.1846,0.03
27.42,0,12.5541,0.03
27.42,1,12.5022,0.03
27.42,2,5.9878,0.03
27.42,3,6.1602,0.03
27.44,0,12.5229,0.03
27.44,1,12.4977,0.03
27.44,2,6.0693,0.03
27.44,3,6.1499,0.03
27.46,0,12.5705,0.03
27.46,1,12.535,0.03
27.46,2,6.07,0.03
27.46,3,6.1226,0.03
27.48,0,12.5468,0.03
27.48,1,12.4725,0.03
27.48,2,6.0725,0.03
27.48,3,6.1138,0.03
27.5,0,12.5244,0.03
27.5,1,12.5562,0.03
27.5,2,6.1183,0.03
27.5,3,6.0646,0.03
27.52,0,12.5128,0.03
27.52,1,12.557,0.03
27.52,2,6.1232,0.03
27.52,3,6.0464,0.03
27.54,0,12.5284,0.03
27.54,1,12.524,0.03
27.54,2,6.1421,0.03
27.54,3,6.0398,0.03
27.56,0,12.4985,0.03
27.56,1,12.5483,0.03
27.56,2,6.1187,0.03
27.56,3,6.0325,0.03
27.58,0,12.4666,0.03
27.58,1,12.5522,0.03
27.58,2,6.1712,0.03
27.58,3,6.0199,0.03
27.6,0,12.4859,0.03
27.6,1,12.5894,0.03
27.6,2,6.1704,0.03
27.6,3,5.9724,0.03
27.62,0,12.4496,0.03
27.62,1,12.5584,0.03
27.62,2,6.2063,0.03
27.62,3,5.9978,0.03
27.64,0,12.4533,0.03
27.64,1,12.624,0.03
27.64,2,6.2084,0.03
27.64,3,5.978,0.03
27.66,0,12.4512,0.03
27.66,1,12.6089,0.03
27.66,2,6.2074,0.03
27.66,3,5.9424,0.03
27.68,0,12.4648,0.03
27.68,1,12.5899,0.03
27.68,2,6.27,0.03
27.68,3,5.9197,0.03
27.7,0,12.4401,0.03
27.7,1,12.5696,0.03
27.7,2,6.2591,0.03
27.7,3,5.9123,0.03
27.72,0,12.436,0.03
27.72,1,12.6524,0.03
27.72,2,6.2965,0.03
27.72,3,5.8784,0.03
27.74,0,12.4107,0.03
27.74,1,12.6349,0.03
27.74,2,6.2981,0.03
27.74,3,5.8566,0.03
27.76,0,12.4118,0.03
27.76,1,12.6331,0.03
27.76,2,6.3114,0.03
27.76,3,5.8628,0.03
27.78,0,12.4454,0.03
27.78,1,12.7064,0.03
27.78,2,6.3331,0.03
27.78,3,5.8501,0.03
27.8,0,12.3968,0.03
27.8,1,12.661,0.03
27.8,2,6.3515,0.03
27.8,3,5.8371,0.03
27.82,0,12.4343,0.03
27.82,1,12.6722,0.03
27.82,2,6.3396,0.03
27.82,3,5.7891,0.03
27.84,0,12.3676,0.03
27.84,1,12.7155,0.03
27.84,2,6.3395,0.03
27.84,3,5.8004,0.03
27.86,0,12.3909,0.03
27.86,1,12.661,0.03
27.86,2,6.4254,0.03
27.86,3,5.7434,0.03
27.88,0,12.3605,0.03
27.88,1,12.6641,0.03
27.88,2,6.4192,0.03
27.88,3,5.7356,0.03
27.9,0,12.3506,0.03
27.9,1,12.7149,0.03
27.9,2,6.4507,0.03
27.9,3,5.7709,0.03
27.92,0,12.3254,0.03
27.92,1,12.6842,0.03
27.92,2,6.4969,0.03
27.92,3,5.7239,0.03
27.94,0,12.3674,0.03
27.94,1,12.7243,0.03
27.94,2,6.5092,0.03
27.94,3,5.6803,0.03
27.96,0,12.311,0.03
27.96,1,12.7556,0.03
27.96,2,6.4769,0.03
27.96,3,5.7011,0.03
27.98,0,12.3415,0.03
27.98,1,12.7545,0.03
27.98,2,6.5306,0.03
27.98,3,5.6267,0.03
28.0,0,12.3276,0.03
28.0,1,12.7589,0.03
28.0,2,6.5206,0.03
28.0,3,5.6295,0.03
28.02,0,12.321,0.03
28.02,1,12.7379,0.03
28.02,2,6.5512,0.03
28.02,3,5.5829,0.03
28.04,0,12.2887,0.03
28.04,1,12.7638,0.03
28.04,2,6.5602,0.03
28.04,3,5.6297,0.03
28.06,0,12.3136,0.03
28.06,1,12.7946,0.03
28.06,2,6.589,0.03
28.06,3,5.5762,0.03
28.08,0,12.2843,0.03
28.08,1,12.8029,0.03
28.08,2,6.5869,0.03
28.08,3,5.5482,0.03
28.1,0,12.2505,0.03
28.1,1,12.7868,0.03
28.1,2,6.6563,0.03
28.1,3,5.5164,0.03
28.12,0,12.2779,0.03
28.12,1,12.7708,0.03
28.12,2,6.6063,0.03
28.12,3,5.55,0.03
28.14,0,12.2701,0.03
28.14,1,12.8617,0.03
28.14,2,6.6915,0.03
28.14,3,5.5418,0.03
28.16,0,12.2911,0.03
28.16,1,12.827,0.03
28.16,2,6.6592,0.03
28.16,3,5.4986,0.03
28.18,0,12.2685,0.03
28.18,1,12.8155,0.03
28.18,2,6.7042,0.03
28.18,3,5.4995,0.03
28.2,0,12.2499,0.03
28.2,1,12.872,0.03
28.2,2,6.7144,0.03
28.2,3,5.4178,0.03
28.22,0,12.1998,0.03
28.22,1,12.8707,0.03
28.22,2,6.7738,0.03
28.22,3,5.4404,0.03
28.24,0,12.2176,0.03
28.24,1,12.8719,0.03
28.24,2,6.7444,0.03
28.24,3,5.4569,0.03
28.26,0,12.222,0.03
28.26,1,12.8864,0.03
28.26,2,6.7577,0.03
28.26,3,5.3807,0.03
28.28,0,12.176,0.03
28.28,1,12.8874,0.03
28.28,2,6.8109,0.03
28.28,3,5.3751,0.03
28.3,0,12.2237,0.03
28.3,1,12.8784,0.03
28.3,2,6.839,0.03
28.3,3,5.3552,0.03
28.32,0,12.2122,0.03
28.32,1,12.8874,0.03
28.32,2,6.7916,0.03
28.32,3,5.3542,0.03
28.34,0,12.2059,0.03
28.34,1,12.9217,0.03
28.34,2,6.8888,0.03
28.34,3,5.3405,0.03
28.36,0,12.2201,0.03
28.36,1,12.9091,0.03
28.36,2,6.8739,0.03
28.36,3,5.2943,0.03
28.38,0,12.1682,0.03
28.38,1,12.9271,0.03
28.38,2,6.8403,0.03
28.38,3,5.2927,0.03
28.4,0,12.1622,0.03
28.4,1,12.9568,0.03
28.4,2,6.8892,0.03
28.4,3,5.3077,0.03
28.42,0,12.1711,0.03
28.42,1,12.936,0.03
28.42,2,6.9052,0.03
28.42,3,5.2674,0.03
28.44,0,12.1485,0.03
28.44,1,12.9215,0.03
28.44,2,6.8856,0.03
28.44,3,5.2476,0.03
28.46,0,12.1433,0.03
28.46,1,12.9817,0.03
28.46,2,6.9327,0.03
28.46,3,5.2085,0.03
28.48,0,12.1437,0.03
28.48,1,12.9884,0.03
28.48,2,6.9449,0.03
28.48,3,5.2045,0.03
28.5,0,12.1184,0.03
28.5,1,12.9877,0.03
28.5,2,6.9979,0.03
28.5,3,5.1881,0.03
28.52,0,12.1398,0.03
28.52,1,12.9987,0.03
28.52,2,7.0148,0.03
28.52,3,5.1914,0.03
28.54,0,12.1032,0.03
28.54,1,12.9953,0.03
28.54,2,7.028,0.03
28.54,3,5.1516,0.03
28.56,0,12.1091,0.03
28.56,1,13.0062,0.03
28.56,2,7.0439,0.03
28.56,3,5.1569,0.03
28.58,0,12.1127,0.03
28.58,1,13.0401,0.03
28.58,2,7.0377,0.03
28.58,3,5.0934,0.03
28.6,0,12.0621,0.03
28.6,1,13.0317,0.03
28.6,2,7.0839,0.03
28.6,3,5.108,0.03
28.62,0,12.0817,0.03
28.62,1,13.0303,0.03
28.62,2,7.1017,0.03
28.62,3,5.0639,0.03
28.64,0,12.0783,0.03
28.64,1,13.0648,0.03
28.64,2,7.1243,0.03
28.64,3,5.0416,0.03
28.66,0,12.0571,0.03
28.66,1,13.0711,0.03
28.66,2,7.12,0.03
28.66,3,5.0652,0.03
28.68,0,12.0716,0.03
28.68,1,13.0785,0.03
28.68,2,7.0855,0.03
28.68,3,4.9901,0.03
28.7,0,12.0599,0.03
28.7,1,13.051,0.03
28.7,2,7.1753,0.03
28.7,3,5.0139,0.03
28.72,0,12.064,0.03
28.72,1,13.1078,0.03
28.72,2,7.1901,0.03
28.72,3,4.9871,0.03
28.74,0,12.0509,0.03
28.74,1,13.111,0.03
28.74,2,7.1848,0.03
28.74,3,4.982,0.03
28.76,0,12.0372,0.03
28.76,1,13.1306,0.03
28.76,2,7.2036,0.03
28.76,3,4.9617,0.03
28.78,0,12.0239,0.03
28.78,1,13.1512,0.03
28.78,2,7.2196,0.03
28.78,3,4.8939,0.03
28.8,0,12.0233,0.03
28.8,1,13.1719,0.03
28.8,2,7.2391,0.03
28.8,3,4.9252,0.03
28.82,0,12.015,0.03
28.82,1,13.1506,0.03
28.82,2,7.2874,0.03
28.82,3,4.889,0.03
28.84,0,11.9634,0.03
28.84,1,13.1376,0.03
28.84,2,7.2844,0.03
28.84,3,4.8983,0.03
28.86,0,12.0177,0.03
28.86,1,13.1814,0.03
28.86,2,7.3407,0.03
28.86,3,4.8608,0.03
28.88,0,11.9531,0.03
28.88,1,13.197,0.03
28.88,2,7.3022,0.03
28.88,3,4.8505,0.03
28.9,0,11.9412,0.03
28.9,1,13.1636,0.03
28.9,2,7.3701,0.03
28.9,3,4.8465,0.03
28.92,0,11.9324,0.03
28.92,1,13.1896,0.03
28.92,2,7.3308,0.03
28.92,3,4.8448,0.03
28.94,0,11.9614,0.03
28.94,1,13.1924,0.03
28.94,2,7.3957,0.03
28.94,3,4.771,0.03
28.96,0,11.961,0.03
28.96,1,13.2292,0.03
28.96,2,7.3931,0.03
28.96,3,4.7389,0.03
28.98,0,11.9319,0.03
28.98,1,13.2498,0.03
28.98,2,7.4185,0.03
28.98,3,4.7345,0.03
29.0,0,11.9067,0.03
29.0,1,13.2151,0.03
29.0,2,7.4453,0.03
29.0,3,4.7072,0.03
29.02,0,11.9341,0.03
29.02,1,13.2253,0.03
29.02,2,7.4246,0.03
29.02,3,4.7215,0.03
29.04,0,11.921,0.03
29.04,1,13.2587,0.03
29.04,2,7.463,0.03
29.04,3,4.7122,0.03
29.06,0,11.9302,0.03
29.06,1,13.2691,0.03
29.06,2,7.4675,0.03
29.06,3,4.7017,0.03
29.08,0,11.9079,0.03
29.08,1,13.316,0.03
29.08,2,7.4896,0.03
29.08,3,4.724,0.03
29.1,0,11.9281,0.03
29.1,1,13.257,0.03
29.1,2,7.51,0.03
29.1,3,4.6431,0.03
29.12,0,11.9209,0.03
29.12,1,13.3065,0.03
29.12,2,7.5714,0.03
29.12,3,4.6656,0.03
29.14,0,11.9169,0.03
29.14,1,13.3336,0.03
29.14,2,7.5508,0.03
29.14,3,4.64,0.03
29.16,0,11.8708,0.03
29.16,1,13.3452,0.03
29.16,2,7.5678,0.03
29.16,3,4.6058,0.03
29.18,0,11.8448,0.03
29.18,1,13.3373,0.03
29.18,2,7.5784,0.03
29.18,3,4.564,0.03
29.2,0,11.8584,0.03
29.2,1,13.3624,0.03
29.2,2,7.6362,0.03
29.2,3,4.5638,0.03
29.22,0,11.8447,0.03
29.22,1,13.3345,0.03
29.22,2,7.6615,0.03
29.22,3,4.5808,0.03
29.24,0,11.8152,0.03
29.24,1,13.3236,0.03
29.24,2,7.6756,0.03
29.24,3,4.5523,0.03
29.26,0,11.8626,0.03
29.26,1,13.3295,0.03
29.26,2,7.6517,0.03
29.26,3,4.5216,0.03
29.28,0,11.8669,0.03
29.28,1,13.3963,0.03
29.28,2,7.6936,0.03
29.28,3,4.4778,0.03
29.3,0,11.8384,0.03
29.3,1,13.3858,0.03
29.3,2,7.7028,0.03
29.3,3,4.4844,0.03
29.32,0,11.8481,0.03
29.32,1,13.418,0.03
29.32,2,7.7125,0.03
29.32,3,4.4615,0.03
29.34,0,11.8296,0.03
29.34,1,13.4418,0.03
29.34,2,7.723,0.03
29.34,3,4.4375,0.03
29.36,0,11.8079,0.03
29.36,1,13.413,0.03
29.36,2,7.7442,0.03
29.36,3,4.424,0.03
29.38,0,11.7934,0.03
29.38,1,13.4116,0.03
29.38,2,7.7823,0.03
29.38,3,4.4179,0.03
29.4,0,11.8486,0.03
29.4,1,13.4328,0.03
29.4,2,7.7882,0.03
29.4,3,4.371,0.03
29.42,0,11.8059,0.03
29.42,1,13.434,0.03
29.42,2,7.7935,0.03
29.42,3,4.3625,0.03
29.44,0,11.8027,0.03
29.44,1,13.4809,0.03
29.44,2,7.843,0.03
29.44,3,4.3552,0.03
29.46,0,11.7688,0.03
29.46,1,13.49,0.03
29.46,2,7.8424,0.03
29.46,3,4.3019,0.03
29.48,0,11.761,0.03
29.48,1,13.4743,0.03
29.48,2,7.867,0.03
29.48,3,4.3166,0.03
29.5,0,11.7817,0.03
29.5,1,13.4471,0.03
29.5,2,7.915,0.03
29.5,3,4.2808,0.03
29.52,0,11.7503,0.03
29.52,1,13.4821,0.03
29.52,2,7.8762,0.03
29.52,3,4.2735,0.03
29.54,0,11.7556,0.03
29.54,1,13.5158,0.03
29.54,2,7.9579,0.03
29.54,3,4.277,0.03
29.56,0,11.7564,0.03
29.56,1,13.5515,0.03
29.56,2,7.9213,0.03
29.56,3,4.2431,0.03
29.58,0,11.7726,0.03
29.58,1,13.5059,0.03
29.58,2,7.9561,0.03
29.58,3,4.2425,0.03
29.6,0,11.7379,0.03
29.6,1,13.5293,0.03
29.6,2,7.9906,0.03
29.6,3,4.2088,0.03
29.62,0,11.7424,0.03
29.62,1,13.541,0.03
29.62,2,7.9662,0.03
29.62,3,4.1689,0.03
29.64,0,11.7333,0.03
29.64,1,13.5896,0.03
29.64,2,7.9955,0.03
29.64,3,4.2106,0.03
29.66,0,11.7328,0.03
29.66,1,13.6098,0.03
29.66,2,8.015,0.03
29.66,3,4.1836,0.03
29.68,0,11.7187,0.03
29.68,1,13.6005,0.03
29.68,2,8.038,0.03
29.68,3,4.1167,0.03
29.7,0,11.7112,0.03
29.7,1,13.6145,0.03
29.7,2,8.103,0.03
29.7,3,4.1607,0.03
29.72,0,11.7307,0.03
29.72,1,13.6012,0.03
29.72,2,8.0647,0.03
29.72,3,4.1043,0.03
29.74,0,11.7034,0.03
29.74,1,13.6019,0.03
29.74,2,8.0876,0.03
29.74,3,4.0508,0.03
29.76,0,11.7115,0.03
29.76,1,13.6333,0.03
29.76,2,8.0924,0.03
29.76,3,4.0361,0.03
29.78,0,11.6898,0.03
29.78,1,13.6165,0.03
29.78,2,8.1167,0.03
29.78,3,4.0801,0.03
29.8,0,11.6946,0.03
29.8,1,13.6578,0.03
29.8,2,8.1705,0.03
29.8,3,4.0293,0.03
29.82,0,11.6827,0.03
29.82,1,13.6492,0.03
29.82,2,8.1669,0.03
29.82,3,4.021,0.03
29.84,0,11.6518,0.03
29.84,1,13.6815,0.03
29.84,2,8.1808,0.03
29.84,3,4.0131,0.03
29.86,0,11.6438,0.03
29.86,1,13.6521,0.03
29.86,2,8.1948,0.03
29.86,3,3.9832,0.03
29.88,0,11.6545,0.03
29.88,1,13.7018,0.03
29.88,2,8.2225,0.03
29.88,3,3.9666,0.03
29.9,0,11.6117,0.03
29.9,1,13.7558,0.03
29.9,2,8.2574,0.03
29.9,3,3.9593,0.03
29.92,0,11.6283,0.03
29.92,1,13.7015,0.03
29.92,2,8.285,0.03
29.92,3,3.9026,0.03
29.94,0,11.6387,0.03
29.94,1,13.7545,0.03
29.94,2,8.2911,0.03
29.94,3,3.8701,0.03
29.96,0,11.6208,0.03
29.96,1,13.7065,0.03
29.96,2,8.3428,0.03
29.96,3,3.8805,0.03
29.98,0,11.6286,0.03
29.98,1,13.7773,0.03
29.98,2,8.3268,0.03
29.98,3,3.8491,0.03
30.0,0,11.6249,0.03
30.0,1,13.7745,0.03
30.0,2,8.3259,0.03
30.0,3,3.9074,0.03
30.02,0,11.5979,0.03
30.02,1,13.7458,0.03
30.02,2,8.3078,0.03
30.02,3,3.8213,0.03
30.04,0,11.6225,0.03
30.04,1,13.7675,0.03
30.04,2,8.3804,0.03
30.04,3,3.7887,0.03
30.06,0,11.5857,0.03
30.06,1,13.8096,0.03
30.06,2,8.4007,0.03
30.06,3,3.8092,0.03
30.08,0,11.5913,0.03
30.08,1,13.8259,0.03
30.08,2,8.4302,0.03
30.08,3,3.8105,0.03
30.1,0,11.609,0.03
30.1,1,13.8258,0.03
30.1,2,8.4502,0.03
30.1,3,3.7909,0.03
30.12,0,11.5894,0.03
30.12,1,13.8584,0.03
30.12,2,8.4217,0.03
30.12,3,3.7567,0.03
30.14,0,11.6,0.03
30.14,1,13.8376,0.03
30.14,2,8.49,0.03
30.14,3,3.7482,0.03
30.16,0,11.549,0.03
30.16,1,13.8321,0.03
30.16,2,8.4528,0.03
30.16,3,3.7293,0.03
30.18,0,11.5786,0.03
30.18,1,13.8367,0.03
30.18,2,8.4557,0.03
30.18,3,3.7444,0.03
30.2,0,11.5529,0.03
30.2,1,13.8378,0.03
30.2,2,8.5312,0.03
30.2,3,3.6321,0.03
30.22,0,11.5394,0.03
30.22,1,13.8612,0.03
30.22,2,8.5343,0.03
30.22,3,3.6441,0.03
30.24,0,11.5752,0.03
30.24,1,13.8625,0.03
30.24,2,8.5413,0.03
30.24,3,3.6497,0.03
30.26,0,11.5152,0.03
30.26,1,13.8934,0.03
30.26,2,8.5748,0.03
30.26,3,3.6664,0.03
30.28,0,11.5551,0.03
30.28,1,13.9073,0.03
30.28,2,8.5722,0.03
30.28,3,3.6111,0.03
30.3,0,11.5283,0.03
30.3,1,13.9562,0.03
30.3,2,8.6122,0.03
30.3,3,3.601,0.03
30.32,0,11.5308,0.03
30.32,1,13.9359,0.03
30.32,2,8.6527,0.03
30.32,3,3.5582,0.03
30.34,0,11.5159,0.03
30.34,1,13.9556,0.03
30.34,2,8.6823,0.03
30.34,3,3.5963,0.03
30.36,0,11.5241,0.03
30.36,1,13.9631,0.03
30.36,2,8.7017,0.03
30.36,3,3.532,0.03
30.38,0,11.4936,0.03
30.38,1,13.9658,0.03
30.38,2,8.6727,0.03
30.38,3,3.5333,0.03
30.4,0,11.527,0.03
30.4,1,13.9631,0.03
30.4,2,8.7047,0.03
30.4,3,3.5032,0.03
30.42,0,11.4922,0.03
30.42,1,13.9969,0.03
30.42,2,8.7305,0.03
30.42,3,3.4997,0.03
30.44,0,11.4733,0.03
30.44,1,14.0033,0.03
30.44,2,8.7433,0.03
30.44,3,3.4907,0.03
30.46,0,11.499,0.03
30.46,1,14.0321,0.03
30.46,2,8.7256,0.03
30.46,3,3.4146,0.03
30.48,0,11.5248,0.03
30.48,1,14.0342,0.03
30.48,2,8.7581,0.03
30.48,3,3.4223,0.03
30.5,0,11.4623,0.03
30.5,1,14.032,0.03
30.5,2,8.7438,0.03
30.5,3,3.4119,0.03
30.52,0,11.4658,0.03
30.52,1,14.0399,0.03
30.52,2,8.8166,0.03
30.52,3,3.4242,0.03
30.54,0,11.4569,0.03
30.54,1,14.0879,0.03
30.54,2,8.8323,0.03
30.54,3,3.3737,0.03
30.56,0,11.4707,0.03
30.56,1,14.0971,0.03
30.56,2,8.8424,0.03
30.56,3,3.3136,0.03
30.58,0,11.4626,0.03
30.58,1,14.1162,0.03
30.58,2,8.8765,0.03
30.58,3,3.3808,0.03
30.6,0,11.4464,0.03
30.6,1,14.1008,0.03
30.6,2,8.8786,0.03
30.6,3,3.3354,0.03
30.62,0,11.442,0.03
30.62,1,14.1284,0.03
30.62,2,8.8875,0.03
30.62,3,3.339,0.03
30.64,0,11.4577,0.03
30.64,1,14.1235,0.03
30.64,2,8.9157,0.03
30.64,3,3.2789,0.03
30.66,0,11.4319,0.03
30.66,1,14.1489,0.03
30.66,2,8.9314,0.03
30.66,3,3.3165,0.03
30.68,0,11.3951,0.03
30.68,1,14.1592,0.03
30.68,2,8.9479,0.03
30.68,3,3.2587,0.03
30.7,0,11.4367,0.03
30.7,1,14.1635,0.03
30.7,2,8.9581,0.03
30.7,3,3.2524,0.03
30.72,0,11.4065,0.03
30.72,1,14.1798,0.03
30.72,2,8.9752,0.03
30.72,3,3.233,0.03
30.74,0,11.4165,0.03
30.74,1,14.1892,0.03
30.74,2,9.0014,0.03
30.74,3,3.2233,0.03
30.76,0,11.4025,0.03
30.76,1,14.1927,0.03
30.76,2,9.0112,0.03
30.76,3,3.1854,0.03
30.78,0,11.449,0.03
30.78,1,14.2083,0.03
30.78,2,9.0315,0.03
30.78,3,3.1746,0.03
30.8,0,11.4008,0.03
30.8,1,14.2117,0.03
30.8,2,9.0543,0.03
30.8,3,3.1572,0.03
30.82,0,11.4244,0.03
30.82,1,14.1982,0.03
30.82,2,9.0555,0.03
30.82,3,3.1669,0.03
30.84,0,11.3926,0.03
30.84,1,14.2249,0.03
30.84,2,9.1211,0.03
30.84,3,3.1551,0.03
30.86,0,11.3781,0.03
30.86,1,14.218,0.03
30.86,2,9.1111,0.03
30.86,3,3.1066,0.03
30.88,0,11.3498,0.03
30.88,1,14.2712,0.03
30.88,2,9.1049,0.03
30.88,3,3.0965,0.03
30.9,0,11.3843,0.03
30.9,1,14.2657,0.03
30.9,2,9.1459,0.03
30.9,3,3.0558,0.03
30.92,0,11.3458,0.03
30.92,1,14.2892,0.03
30.92,2,9.1541,0.03
30.92,3,3.0441,0.03
30.94,0,11.3613,0.03
30.94,1,14.2949,0.03
30.94,2,9.1704,0.03
30.94,3,3.0324,0.03
30.96,0,11.3531,0.03
30.96,1,14.2966,0.03
30.96,2,9.2146,0.03
30.96,3,3.0352,0.03
30.98,0,11.3711,0.03
30.98,1,14.3076,0.03
30.98,2,9.2373,0.03
30.98,3,2.9674,0.03
31.0,0,11.3655,0.03
31.0,1,14.3168,0.03
31.0,2,9.2387,0.03
31.0,3,3.0294,0.03
31.02,0,11.3258,0.03
31.02,1,14.3445,0.03
31.02,2,9.2265,0.03
31.02,3,2.9485,0.03
31.04,0,11.3293,0.03
31.04,1,14.3549,0.03
31.04,2,9.2414,0.03
31.04,3,2.957,0.03
31.06,0,11.3431,0.03
31.06,1,14.3554,0.03
31.06,2,9.2838,0.03
31.06,3,2.9425,0.03
31.08,0,11.3177,0.03
31.08,1,14.3668,0.03
31.08,2,9.2654,0.03
31.08,3,2.9022,0.03
31.1,0,11.3112,0.03
31.1,1,14.3962,0.03
31.1,2,9.3118,0.03
31.1,3,2.9017,0.03
31.12,0,11.3292,0.03
31.12,1,14.3894,0.03
31.12,2,9.3723,0.03
31.12,3,2.872,0.03
31.14,0,11.3108,0.03
31.14,1,14.4124,0.03
31.14,2,9.3572,0.03
31.14,3,2.8369,0.03
31.16,0,11.2921,0.03
31.16,1,14.3934,0.03
31.16,2,9.3806,0.03
31.16,3,2.8266,0.03
31.18,0,11.3423,0.03
31.18,1,14.4588,0.03
31.18,2,9.3942,0.03
31.18,3,2.8117,0.03
31.2,0,11.3141,0.03
31.2,1,14.4372,0.03
31.2,2,9.4311,0.03
31.2,3,2.8272,0.03
31.22,0,11.3028,0.03
31.22,1,14.4465,0.03
31.22,2,9.4212,0.03
31.22,3,2.8304,0.03
31.24,0,11.2961,0.03
31.24,1,14.4703,0.03
31.24,2,9.436,0.03
31.24,3,2.791,0.03
31.26,0,11.2913,0.03
31.26,1,14.4805,0.03
31.26,2,9.4447,0.03
31.26,3,2.776,0.03
31.28,0,11.2904,0.03
31.28,1,14.4921,0.03
31.28,2,9.5143,0.03
31.28,3,2.7782,0.03
31.3,0,11.3004,0.03
31.3,1,14.4908,0.03
31.3,2,9.5154,0.03
31.3,3,2.757,0.03
31.32,0,11.2955,0.03
31.32,1,14.5215,0.03
31.32,2,9.5626,0.03
31.32,3,2.7031,0.03
31.34,0,11.314,0.03
31.34,1,14.5632,0.03
31.34,2,9.5199,0.03
31.34,3,2.6913,0.03
31.36,0,11.2806,0.03
31.36,1,14.5393,0.03
31.36,2,9.5738,0.03
31.36,3,2.7241,0.03
31.38,0,11.2839,0.03
31.38,1,14.5264,0.03
31.38,2,9.5921,0.03
31.38,3,2.6942,0.03
31.4,0,11.2549,0.03
31.4,1,14.5562,0.03
31.4,2,9.5938,0.03
31.4,3,2.6806,0.03
31.42,0,11.3034,0.03
31.42,1,14.5577,0.03
31.42,2,9.6128,0.03
31.42,3,2.6022,0.03
31.44,0,11.2682,0.03
31.44,1,14.6042,0.03
31.44,2,9.6277,0.03
31.44,3,2.572,0.03
31.46,0,11.2685,0.03
31.46,1,14.5964,0.03
31.46,2,9.6616,0.03
31.46,3,2.605,0.03
31.48,0,11.2629,0.03
31.48,1,14.593,0.03
31.48,2,9.6809,0.03
31.48,3,2.572,0.03
31.5,0,11.2471,0.03
31.5,1,14.6487,0.03
31.5,2,9.6807,0.03
31.5,3,2.5522,0.03
31.52,0,11.239,0.03
31.52,1,14.6286,0.03
31.52,2,9.7129,0.03
31.52,3,2.5596,0.03
31.54,0,11.2265,0.03
31.54,1,14.6486,0.03
31.54,2,9.7332,0.03
31.54,3,2.5277,0.03
31.56,0,11.2238,0.03
31.56,1,14.6582,0.03
31.56,2,9.7708,0.03
31.56,3,2.5059,0.03
31.58,0,11.2358,0.03
31.58,1,14.7111,0.03
31.58,2,9.7589,0.03
31.58,3,2.5261,0.03
31.6,0,11.2062,0.03
31.6,1,14.7032,0.03
31.6,2,9.7979,0.03
31.6,3,2.4868,0.03
31.62,0,11.2151,0.03
31.62,1,14.6983,0.03
31.62,2,9.7759,0.03
31.62,3,2.4543,0.03
31.64,0,11.2499,0.03
31.64,1,14.7178,0.03
31.64,2,9.8699,0.03
31.64,3,2.4639,0.03
31.66,0,11.2132,0.03
31.66,1,14.6755,0.03
31.66,2,9.8262,0.03
31.66,3,2.3846,0.03
31.68,0,11.2365,0.03
31.68,1,14.7025,0.03
31.68,2,9.8569,0.03
31.68,3,2.4413,0.03
31.7,0,11.2247,0.03
31.7,1,14.7558,0.03
31.7,2,9.873,0.03
31.7,3,2.4036,0.03
31.72,0,11.2193,0.03
31.72,1,14.7592,0.03
31.72,2,9.8593,0.03
31.72,3,2.3871,0.03
31.74,0,11.2044,0.03
31.74,1,14.768,0.03
31.74,2,9.9225,0.03
31.74,3,2.378,0.03
31.76,0,11.2415,0.03
31.76,1,14.786,0.03
31.76,2,9.9189,0.03
31.76,3,2.3183,0.03
31.78,0,11.1874,0.03
31.78,1,14.7854,0.03
31.78,2,9.9554,0.03
31.78,3,2.396,0.03
31.8,0,11.1916,0.03
31.8,1,14.804,0.03
31.8,2,9.9452,0.03
31.8,3,2.3114,0.03
31.82,0,11.1868,0.03
31.82,1,14.7762,0.03
31.82,2,9.978,0.03
31.82,3,2.3218,0.03
31.84,0,11.2294,0.03
31.84,1,14.8283,0.03
31.84,2,9.9811,0.03
31.84,3,2.2638,0.03
31.86,0,11.1524,0.03
31.86,1,14.8638,0.03
31.86,2,10.0196,0.03
31.86,3,2.2639,0.03
31.88,0,11.1604,0.03
31.88,1,14.8155,0.03
31.88,2,10.0406,0.03
31.88,3,2.2181,0.03
31.9,0,11.1928,0.03
31.9,1,14.8419,0.03
31.9,2,10.0515,0.03
31.9,3,2.2343,0.03
31.92,0,11.1801,0.03
31.92,1,14.8788,0.03
31.92,2,10.0427,0.03
31.92,3,2.206,0.03
31.94,0,11.1596,0.03
31.94,1,14.92,0.03
31.94,2,10.111,0.03
31.94,3,2.2048,0.03
31.96,0,11.1463,0.03
31.96,1,14.9607,0.03
31.96,2,10.1445,0.03
31.96,3,2.1719,0.03
31.98,0,11.1699,0.03
31.98,1,14.973,0.03
31.98,2,10.0976,0.03
31.98,3,2.1727,0.03
32.0,0,11.1579,0.03
32.0,1,14.9139,0.03
32.0,2,10.125,0.03
32.0,3,2.1241,0.03
32.02,0,11.1428,0.03
32.02,1,14.9138,0.03
32.02,2,10.1686,0.03
32.02,3,2.113,0.03
32.04,0,11.1776,0.03
32.04,1,14.9305,0.03
32.04,2,10.1709,0.03
32.04,3,2.1564,0.03
32.06,0,11.1279,0.03
32.06,1,14.9505,0.03
32.06,2,10.1881,0.03
32.06,3,2.1061,0.03
32.08,0,11.1585,0.03
32.08,1,14.9754,0.03
32.08,2,10.2053,0.03
32.08,3,2.0902,0.03
32.1,0,11.1355,0.03
32.1,1,14.9566,0.03
32.1,2,10.2346,0.03
32.1,3,2.0781,0.03
32.12,0,11.1441,0.03
32.12,1,15.0164,0.03
32.12,2,10.2556,0.03
32.12,3,2.048,0.03
32.14,0,11.1301,0.03
32.14,1,14.9985,0.03
32.14,2,10.2596,0.03
32.14,3,2.0368,0.03
32.16,0,11.143,0.03
32.16,1,15.0266,0.03
32.16,2,10.2906,0.03
32.16,3,2.0621,0.03
32.18,0,11.1234,0.03
32.18,1,15.0261,0.03
32.18,2,10.3072,0.03
32.18,3,1.98,0.03
32.2,0,11.1407,0.03
32.2,1,15.0931,0.03
32.2,2,10.3288,0.03
32.2,3,2.0089,0.03
32.22,0,11.1709,0.03
32.22,1,15.0531,0.03
32.22,2,10.3196,0.03
32.22,3,1.9767,0.03
32.24,0,11.1632,0.03
32.24,1,15.0458,0.03
32.24,2,10.3887,0.03
32.24,3,1.9851,0.03
32.26,0,11.1427,0.03
32.26,1,15.0764,0.03
32.26,2,10.3687,0.03
32.26,3,1.9658,0.03
32.28,0,11.0914,0.03
32.28,1,15.0803,0.03
32.28,2,10.3769,0.03
32.28,3,1.9124,0.03
32.3,0,11.0826,0.03
32.3,1,15.1071,0.03
32.3,2,10.4232,0.03
32.3,3,1.9302,0.03
32.32,0,11.1282,0.03
32.32,1,15.1139,0.03
32.32,2,10.4242,0.03
32.32,3,1.8866,0.03
32.34,0,11.0834,0.03
32.34,1,15.1458,0.03
32.34,2,10.4597,0.03
32.34,3,1.8782,0.03
32.36,0,11.1532,0.03
32.36,1,15.1749,0.03
32.36,2,10.4658,0.03
32.36,3,1.875,0.03
32.38,0,11.1448,0.03
32.38,1,15.1724,0.03
32.38,2,10.5003,0.03
32.38,3,1.867,0.03
32.4,0,11.1094,0.03
32.4,1,15.1566,0.03
32.4,2,10.539,0.03
32.4,3,1.8605,0.03
32.42,0,11.1294,0.03
32.42,1,15.2108,0.03
32.42,2,10.5492,0.03
32.42,3,1.826,0.03
32.44,0,11.1017,0.03
32.44,1,15.1895,0.03
32.44,2,10.5554,0.03
32.44,3,1.776,0.03
32.46,0,11.0996,0.03
32.46,1,15.2143,0.03
32.46,2,10.537,0.03
32.46,3,1.7976,0.03
32.48,0,11.0762,0.03
32.48,1,15.2124,0.03
32.48,2,10.5515,0.03
32.48,3,1.8098,0.03
32.5,0,11.0732,0.03
32.5,1,15.261,0.03
32.5,2,10.5895,0.03
32.5,3,1.7842,0.03
32.52,0,11.095,0.03
32.52,1,15.2442,0.03
32.52,2,10.6189,0.03
32.52,3,1.7193,0.03
32.54,0,11.0617,0.03
32.54,1,15.2741,0.03
32.54,2,10.6385,0.03
32.54,3,1.7401,0.03
32.56,0,11.1065,0.03
32.56,1,15.2681,0.03
32.56,2,10.6565,0.03
32.56,3,1.726,0.03
32.58,0,11.078,0.03
32.58,1,15.3007,0.03
32.58,2,10.6562,0.03
32.58,3,1.7197,0.03
32.6,0,11.0963,0.03
32.6,1,15.3256,0.03
32.6,2,10.6538,0.03
32.6,3,1.679,0.03
32.62,0,11.0621,0.03
32.62,1,15.3216,0.03
32.62,2,10.7433,0.03
32.62,3,1.6788,0.03
32.64,0,11.0888,0.03
32.64,1,15.3418,0.03
32.64,2,10.7354,0.03
32.64,3,1.6938,0.03
32.66,0,11.0874,0.03
32.66,1,15.342,0.03
32.66,2,10.7319,0.03
32.66,3,1.6233,0.03
32.68,0,11.0697,0.03
32.68,1,15.3521,0.03
32.68,2,10.763,0.03
32.68,3,1.6182,0.03
32.7,0,11.1061,0.03
32.7,1,15.3499,0.03
32.7,2,10.8022,0.03
32.7,3,1.6104,0.03
32.72,0,11.0994,0.03
32.72,1,15.3787,0.03
32.72,2,10.808,0.03
32.72,3,1.6153,0.03
32.74,0,11.0762,0.03
32.74,1,15.3911,0.03
32.74,2,10.823,0.03
32.74,3,1.5897,0.03
32.76,0,11.1106,0.03
32.76,1,15.4053,0.03
32.76,2,10.8623,0.03
32.76,3,1.5556,0.03
32.78,0,11.0653,0.03
32.78,1,15.438,0.03
32.78,2,10.873,0.03
32.78,3,1.5677,0.03
32.8,0,11.064,0.03
32.8,1,15.4234,0.03
32.8,2,10.8435,0.03
32.8,3,1.5728,0.03
32.82,0,11.038,0.03
32.82,1,15.4612,0.03
32.82,2,10.8864,0.03
32.82,3,1.5594,0.03
32.84,0,11.0545,0.03
32.84,1,15.4424,0.03
32.84,2,10.9379,0.03
32.84,3,1.5208,0.03
32.86,0,11.0263,0.03
32.86,1,15.4821,0.03
32.86,2,10.8902,0.03
32.86,3,1.4882,0.03
32.88,0,11.0423,0.03
32.88,1,15.4845,0.03
32.88,2,10.935,0.03
32.88,3,1.5257,0.03
32.9,0,11.0533,0.03
32.9,1,15.4886,0.03
32.9,2,10.933,0.03
32.9,3,1.4378,0.03
32.92,0,11.0181,0.03
32.92,1,15.5032,0.03
32.92,2,10.9885,0.03
32.92,3,1.4643,0.03
32.94,0,11.0691,0.03
32.94,1,15.4812,0.03
32.94,2,10.9665,0.03
32.94,3,1.4682,0.03
32.96,0,11.0764,0.03
32.96,1,15.527,0.03
32.96,2,10.9946,0.03
32.96,3,1.4715,0.03
32.98,0,11.027,0.03
32.98,1,15.543,0.03
32.98,2,11.0172,0.03
32.98,3,1.4387,0.03
33.0,0,11.0365,0.03
33.0,1,15.582,0.03
33.0,2,11.0596,0.03
33.0,3,1.4492,0.03
33.02,0,11.028,0.03
33.02,1,15.5407,0.03
33.02,2,11.05,0.03
33.02,3,1.4212,0.03
33.04,0,11.0033,0.03
33.04,1,15.5154,0.03
33.04,2,11.0439,0.03
33.04,3,1.4602,0.03
33.06,0,11.021,0.03
33.06,1,15.5492,0.03
33.06,2,11.0741,0.03
33.06,3,1.4612,0.03
33.08,0,10.953,0.03
33.08,1,15.4918,0.03
33.08,2,11.0668,0.03
33.08,3,1.4505,0.03
33.1,0,10.9487,0.03
33.1,1,15.4753,0.03
33.1,2,11.0326,0.03
33.1,3,1.4573,0.03
33.12,0,10.9696,0.03
33.12,1,15.4926,0.03
33.12,2,11.077,0.03
33.12,3,1.5116,0.03
33.14,0,10.9234,0.03
33.14,1,15.491,0.03
33.14,2,11.0375,0.03
33.14,3,1.5039,0.03
33.16,0,10.9043,0.03
33.16,1,15.4297,0.03
33.16,2,11.044,0.03
33.16,3,1.5429,0.03
33.18,0,10.8888,0.03
33.18,1,15.4136,0.03
33.18,2,11.0531,0.03
33.18,3,1.5404,0.03
33.2,0,10.8557,0.03
33.2,1,15.398,0.03
33.2,2,11.0699,0.03
33.2,3,1.5238,0.03
33.22,0,10.848,0.03
33.22,1,15.4507,0.03
33.22,2,11.0625,0.03
33.22,3,1.5582,0.03
33.24,0,10.8254,0.03
33.24,1,15.4168,0.03
33.24,2,11.0767,0.03
33.24,3,1.5623,0.03
33.26,0,10.8256,0.03
33.26,1,15.3562,0.03
33.26,2,11.0497,0.03
33.26,3,1.6016,0.03
33.28,0,10.7884,0.03
33.28,1,15.397,0.03
33.28,2,11.0596,0.03
33.28,3,1.604,0.03
33.3,0,10.796,0.03
33.3,1,15.3379,0.03
33.3,2,11.0736,0.03
33.3,3,1.6274,0.03
33.32,0,10.721,0.03
33.32,1,15.3345,0.03
33.32,2,11.0428,0.03
33.32,3,1.6586,0.03
33.34,0,10.7165,0.03
33.34,1,15.3307,0.03
33.34,2,11.087,0.03
33.34,3,1.6582,0.03
33.36,0,10.7252,0.03
33.36,1,15.3706,0.03
33.36,2,11.0889,0.03
33.36,3,1.644,0.03
33.38,0,10.706,0.03
33.38,1,15.3125,0.03
33.38,2,11.0896,0.03
33.38,3,1.6981,0.03
33.4,0,10.6948,0.03
33.4,1,15.3044,0.03
33.4,2,11.0784,0.03
33.4,3,1.6618,0.03
33.42,0,10.6472,0.03
33.42,1,15.3,0.03
33.42,2,11.0744,0.03
33.42,3,1.6984,0.03
33.44,0,10.6288,0.03
33.44,1,15.3185,0.03
33.44,2,11.0679,0.03
33.44,3,1.723,0.03
33.46,0,10.6073,0.03
33.46,1,15.2642,0.03
33.46,2,11.0885,0.03
33.46,3,1.7341,0.03
33.48,0,10.6103,0.03
33.48,1,15.2708,0.03
33.48,2,11.0795,0.03
33.48,3,1.7342,0.03
33.5,0,10.6178,0.03
33.5,1,15.2442,0.03
33.5,2,11.1217,0.03
33.5,3,1.747,0.03
33.52,0,10.5816,0.03
33.52,1,15.2314,0.03
33.52,2,11.1301,0.03
33.52,3,1.7514,0.03
33.54,0,10.5411,0.03
33.54,1,15.2077,0.03
33.54,2,11.0736,0.03
33.54,3,1.821,0.03
33.56,0,10.5635,0.03
33.56,1,15.2027,0.03
33.56,2,11.0978,0.03
33.56,3,1.8003,0.03
33.58,0,10.5196,0.03
33.58,1,15.252,0.03
33.58,2,11.1114,0.03
33.58,3,1.8347,0.03
33.6,0,10.4627,0.03
33.6,1,15.1604,0.03
33.6,2,11.0892,0.03
33.6,3,1.8729,0.03
33.62,0,10.4721,0.03
33.62,1,15.148,0.03
33.62,2,11.1165,0.03
33.62,3,1.8284,0.03
33.64,0,10.4486,0.03
33.64,1,15.1553,0.03
33.64,2,11.1287,0.03
33.64,3,1.8759,0.03
33.66,0,10.4524,0.03
33.66,1,15.1519,0.03
33.66,2,11.1401,0.03
33.66,3,1.8952,0.03
33.68,0,10.4204,0.03
33.68,1,15.1294,0.03
33.68,2,11.1107,0.03
33.68,3,1.9107,0.03
33.7,0,10.4342,0.03
33.7,1,15.1324,0.03
33.7,2,11.0984,0.03
33.7,3,1.928,0.03
33.72,0,10.4143,0.03
33.72,1,15.1395,0.03
33.72,2,11.1419,0.03
33.72,3,1.9468,0.03
33.74,0,10.3452,0.03
33.74,1,15.0804,0.03
33.74,2,11.1168,0.03
33.74,3,1.9395,0.03
33.76,0,10.3633,0.03
33.76,1,15.0642,0.03
33.76,2,11.1174,0.03
33.76,3,1.9693,0.03
33.78,0,10.3192,0.03
33.78,1,15.0734,0.03
33.78,2,11.1273,0.03
33.78,3,1.9837,0.03
33.8,0,10.3373,0.03
33.8,1,15.0487,0.03
33.8,2,11.1003,0.03
33.8,3,2.0136,0.03
33.82,0,10.3241,0.03
33.82,1,15.0281,0.03
33.82,2,11.1043,0.03
33.82,3,2.0264,0.03
33.84,0,10.289,0.03
33.84,1,15.082,0.03
33.84,2,11.1363,0.03
33.84,3,2.0351,0.03
33.86,0,10.2803,0.03
33.86,1,14.9976,0.03
33.86,2,11.1369,0.03
33.86,3,2.0352,0.03
33.88,0,10.2425,0.03
33.88,1,14.9644,0.03
33.88,2,11.126,0.03
33.88,3,2.0525,0.03
33.9,0,10.2273,0.03
33.9,1,14.9922,0.03
33.9,2,11.1648,0.03
33.9,3,2.0611,0.03
33.92,0,10.1909,0.03
33.92,1,14.9947,0.03
33.92,2,11.1589,0.03
33.92,3,2.0765,0.03
33.94,0,10.1636,0.03
33.94,1,14.9749,0.03
33.94,2,11.1327,0.03
33.94,3,2.0946,0.03
33.96,0,10.1675,0.03
33.96,1,14.9441,0.03
33.96,2,11.1466,0.03
33.96,3,2.1221,0.03
33.98,0,10.1733,0.03
33.98,1,14.9717,0.03
33.98,2,11.1206,0.03
33.98,3,2.1248,0.03
34.0,0,10.1423,0.03
34.0,1,14.9016,0.03
34.0,2,11.1435,0.03
34.0,3,2.1602,0.03
34.02,0,10.1257,0.03
34.02,1,14.9125,0.03
34.02,2,11.1605,0.03
34.02,3,2.2055,0.03
34.04,0,10.0934,0.03
34.04,1,14.9117,0.03
34.04,2,11.1944,0.03
34.04,3,2.1739,0.03
34.06,0,10.1031,0.03
34.06,1,14.8651,0.03
34.06,2,11.1558,0.03
34.06,3,2.1908,0.03
34.08,0,10.0193,0.03
34.08,1,14.8637,0.03
34.08,2,11.2046,0.03
34.08,3,2.1904,0.03
34.1,0,10.0692,0.03
34.1,1,14.8625,0.03
34.1,2,11.1715,0.03
34.1,3,2.2171,0.03
34.12,0,10.0025,0.03
34.12,1,14.861,0.03
34.12,2,11.201,0.03
34.12,3,2.254,0.03
34.14,0,10.0346,0.03
34.14,1,14.8383,0.03
34.14,2,11.2169,0.03
34.14,3,2.2604,0.03
34.16,0,10.0207,0.03
34.16,1,14.8489,0.03
34.16,2,11.1832,0.03
34.16,3,2.2561,0.03
34.18,0,9.9959,0.03
34.18,1,14.8219,0.03
34.18,2,11.1865,0.03
34.18,3,2.3153,0.03
34.2,0,9.9655,0.03
34.2,1,14.8127,0.03
34.2,2,11.1946,0.03
34.2,3,2.3674,0.03
34.22,0,9.9352,0.03
34.22,1,14.7741,0.03
34.22,2,11.1904,0.03
34.22,3,2.3429,0.03
34.24,0,9.9141,0.03
34.24,1,14.7776,0.03
34.24,2,11.2273,0.03
34.24,3,2.3102,0.03
34.26,0,9.9105,0.03
34.26,1,14.802,0.03
34.26,2,11.2108,0.03
34.26,3,2.3332,0.03
34.28,0,9.8856,0.03
34.28,1,14.7426,0.03
34.28,2,11.1985,0.03
34.28,3,2.3959,0.03
34.3,0,9.8658,0.03
34.3,1,14.748,0.03
34.3,2,11.2116,0.03
34.3,3,2.3559,0.03
34.32,0,9.8413,0.03
34.32,1,14.7144,0.03
34.32,2,11.2223,0.03
34.32,3,2.4169,0.03
34.34,0,9.809,0.03
34.34,1,14.7027,0.03
34.34,2,11.2091,0.03
34.34,3,2.4125,0.03
34.36,0,9.7893,0.03
34.36,1,14.6745,0.03
34.36,2,11.2452,0.03
34.36,3,2.4343,0.03
34.38,0,9.7745,0.03
34.38,1,14.7062,0.03
34.38,2,11.2154,0.03
34.38,3,2.4833,0.03
34.4,0,9.7801,0.03
34.4,1,14.67,0.03
34.4,2,11.2173,0.03
34.4,3,2.4764,0.03
34.42,0,9.7579,0.03
34.42,1,14.6588,0.03
34.42,2,11.2135,0.03
34.42,3,2.4881,0.03
34.44,0,9.7381,0.03
34.44,1,14.6679,0.03
34.44,2,11.2355,0.03
34.44,3,2.539,0.03
34.46,0,9.6966,0.03
34.46,1,14.6777,0.03
34.46,2,11.2423,0.03
34.46,3,2.5323,0.03
34.48,0,9.7058,0.03
34.48,1,14.6093,0.03
34.48,2,11.218,0.03
34.48,3,2.525,0.03
34.5,0,9.7203,0.03
34.5,1,14.6362,0.03
34.5,2,11.254,0.03
34.5,3,2.572,0.03
34.52,0,9.6575,0.03
34.52,1,14.5973,0.03
34.52,2,11.253,0.03
34.52,3,2.5704,0.03
34.54,0,9.6604,0.03
34.54,1,14.5655,0.03
34.54,2,11.2532,0.03
34.54,3,2.5975,0.03
34.56,0,9.6603,0.03
34.56,1,14.5796,0.03
34.56,2,11.2906,0.03
34.56,3,2.6486,0.03
34.58,0,9.6092,0.03
34.58,1,14.5769,0.03
34.58,2,11.2828,0.03
34.58,3,2.5884,0.03
34.6,0,9.604,0.03
34.6,1,14.5382,0.03
34.6,2,11.2662,0.03
34.6,3,2.6571,0.03
34.62,0,9.6168,0.03
34.62,1,14.5407,0.03
34.62,2,11.2799,0.03
34.62,3,2.6776,0.03
34.64,0,9.6152,0.03
34.64,1,14.5258,0.03
34.64,2,11.2721,0.03
34.64,3,2.689,0.03
34.66,0,9.5655,0.03
34.66,1,14.5283,0.03
34.66,2,11.2678,0.03
34.66,3,2.723,0.03
34.68,0,9.5167,0.03
34.68,1,14.5806,0.03
34.68,2,11.262,0.03
34.68,3,2.6957,0.03
34.7,0,9.4976,0.03
34.7,1,14.4985,0.03
34.7,2,11.3035,0.03
34.7,3,2.7289,0.03
34.72,0,9.5043,0.03
34.72,1,14.5145,0.03
34.72,2,11.2548,0.03
34.72,3,2.752,0.03
34.74,0,9.5191,0.03
34.74,1,14.4941,0.03
34.74,2,11.3041,0.03
34.74,3,2.7535,0.03
34.76,0,9.4814,0.03
34.76,1,14.454,0.03
34.76,2,11.2947,0.03
34.76,3,2.7836,0.03
34.78,0,9.4264,0.03
34.78,1,14.4835,0.03
34.78,2,11.2644,0.03
34.78,3,2.82,0.03
34.8,0,9.3902,0.03
34.8,1,14.4413,0.03
34.8,2,11.3109,0.03
34.8,3,2.8477,0.03
34.82,0,9.3995,0.03
34.82,1,14.4295,0.03
34.82,2,11.2797,0.03
34.82,3,2.8514,0.03
34.84,0,9.3944,0.03
34.84,1,14.4015,0.03
34.84,2,11.317,0.03
34.84,3,2.8395,0.03
34.86,0,9.3564,0.03
34.86,1,14.3637,0.03
34.86,2,11.3153,0.03
34.86,3,2.8507,0.03
34.88,0,9.3478,0.03
34.88,1,14.4303,0.03
34.88,2,11.3373,0.03
34.88,3,2.8798,0.03
34.9,0,9.3301,0.03
34.9,1,14.414,0.03
34.9,2,11.2962,0.03
34.9,3,2.9148,0.03
34.92,0,9.298,0.03
34.92,1,14.37,0.03
34.92,2,11.3162,0.03
34.92,3,2.9274,0.03
34.94,0,9.3108,0.03
34.94,1,14.3686,0.03
34.94,2,11.3102,0.03
34.94,3,2.9356,0.03
34.96,0,9.2742,0.03
34.96,1,14.3369,0.03
34.96,2,11.3363,0.03
34.96,3,2.984,0.03
34.98,0,9.306,0.03
34.98,1,14.3172,0.03
34.98,2,11.3377,0.03
34.98,3,3.0214,0.03
35.0,0,9.2122,0.03
35.0,1,14.3338,0.03
35.0,2,11.3333,0.03
35.0,3,2.9884,0.03
35.02,0,9.2554,0.03
35.02,1,14.3267,0.03
35.02,2,11.3632,0.03
35.02,3,2.9879,0.03
35.04,0,9.1732,0.03
35.04,1,14.3214,0.03
35.04,2,11.3941,0.03
35.04,3,3.042,0.03
35.06,0,9.1899,0.03
35.06,1,14.2709,0.03
35.06,2,11.3217,0.03
35.06,3,3.0379,0.03
35.08,0,9.1438,0.03
35.08,1,14.2529,0.03
35.08,2,11.3561,0.03
35.08,3,3.0571,0.03
35.1,0,9.1131,0.03
35.1,1,14.2779,0.03
35.1,2,11.3537,0.03
35.1,3,3.0758,0.03
35.12,0,9.1342,0.03
35.12,1,14.2446,0.03
35.12,2,11.4012,0.03
35.12,3,3.1212,0.03
35.14,0,9.133,0.03
35.14,1,14.2282,0.03
35.14,2,11.3734,0.03
35.14,3,3.0878,0.03
35.16,0,9.1314,0.03
35.16,1,14.252,0.03
35.16,2,11.3911,0.03
35.16,3,3.1453,0.03
35.18,0,9.0561,0.03
35.18,1,14.2327,0.03
35.18,2,11.3585,0.03
35.18,3,3.1308,0.03
35.2,0,9.0392,0.03
35.2,1,14.2053,0.03
35.2,2,11.4125,0.03
35.2,3,3.1668,0.03
35.22,0,9.0721,0.03
35.22,1,14.2195,0.03
35.22,2,11.3863,0.03
35.22,3,3.2229,0.03
35.24,0,9.0317,0.03
35.24,1,14.2002,0.03
35.24,2,11.4295,0.03
35.24,3,3.1879,0.03
35.26,0,9.023,0.03
35.26,1,14.1456,0.03
35.26,2,11.4123,0.03
35.26,3,3.2012,0.03
35.28,0,9.0159,0.03
35.28,1,14.1486,0.03
35.28,2,11.4174,0.03
35.28,3,3.2595,0.03
35.3,0,8.9384,0.03
35.3,1,14.1214,0.03
35.3,2,11.3823,0.03
35.3,3,3.2457,0.03
35.32,0,8.9459,0.03
35.32,1,14.1442,0.03
35.32,2,11.4711,0.03
35.32,3,3.2419,0.03
35.34,0,8.9054,0.03
35.34,1,14.1066,0.03
35.34,2,11.4313,0.03
35.34,3,3.2982,0.03
35.36,0,8.955,0.03
35.36,1,14.1176,0.03
35.36,2,11.4456,0.03
35.36,3,3.2936,0.03
35.38,0,8.8819,0.03
35.38,1,14.1061,0.03
35.38,2,11.4264,0.03
35.38,3,3.307,0.03
35.4,0,8.8819,0.03
35.4,1,14.1132,0.03
35.4,2,11.4709,0.03
35.4,3,3.338,0.03
35.42,0,8.8587,0.03
35.42,1,14.0967,0.03
35.42,2,11.4762,0.03
35.42,3,3.358,0.03
35.44,0,8.8338,0.03
35.44,1,14.0536,0.03
35.44,2,11.4303,0.03
35.44,3,3.3867,0.03
35.46,0,8.8092,0.03
35.46,1,14.0861,0.03
35.46,2,11.4677,0.03
35.46,3,3.3818,0.03
35.48,0,8.754,0.03
35.48,1,14.0327,0.03
35.48,2,11.4701,0.03
35.48,3,3.3961,0.03
35.5,0,8.7764,0.03
35.5,1,14.0359,0.03
35.5,2,11.4691,0.03
35.5,3,3.4089,0.03
35.52,0,8.7704,0.03
35.52,1,14.0218,0.03
35.52,2,11.4796,0.03
35.52,3,3.4531,0.03
35.54,0,8.7451,0.03
35.54,1,13.9968,0.03
35.54,2,11.4957,0.03
35.54,3,3.4324,0.03
35.56,0,8.7218,0.03
35.56,1,13.9731,0.03
35.56,2,11.5145,0.03
35.56,3,3.5093,0.03
35.58,0,8.6877,0.03
35.58,1,14.0047,0.03
35.58,2,11.4912,0.03
35.58,3,3.5333,0.03
35.6,0,8.7065,0.03
35.6,1,13.9964,0.03
35.6,2,11.4914,0.03
35.6,3,3.5281,0.03
35.62,0,8.7065,0.03
35.62,1,13.9712,0.03
35.62,2,11.4883,0.03
35.62,3,3.4982,0.03
35.64,0,8.6599,0.03
35.64,1,13.9744,0.03
35.64,2,11.535,0.03
35.64,3,3.5269,0.03
35.66,0,8.6501,0.03
35.66,1,13.9577,0.03
35.66,2,11.5436,0.03
35.66,3,3.5551,0.03
35.68,0,8.6421,0.03
35.68,1,13.9576,0.03
35.68,2,11.5063,0.03
35.68,3,3.5846,0.03
35.7,0,8.602,0.03
35.7,1,13.92,0.03
35.7,2,11.5699,0.03
35.7,3,3.6036,0.03
35.72,0,8.5958,0.03
35.72,1,13.9113,0.03
35.72,2,11.5227,0.03
35.72,3,3.6164,0.03
35.74,0,8.5773,0.03
35.74,1,13.905,0.03
35.74,2,11.5475,0.03
35.74,3,3.6172,0.03
35.76,0,8.5111,0.03
35.76,1,13.9115,0.03
35.76,2,11.5865,0.03
35.76,3,3.6791,0.03
35.78,0,8.5444,0.03
35.78,1,13.8825,0.03
35.78,2,11.5476,0.03
35.78,3,3.6305,0.03
35.8,0,8.4899,0.03
35.8,1,13.9003,0.03
35.8,2,11.5537,0.03
35.8,3,3.7022,0.03
35.82,0,8.4969,0.03
35.82,1,13.8391,0.03
35.82,2,11.5347,0.03
35.82,3,3.6612,0.03
35.84,0,8.4753,0.03
35.84,1,13.854,0.03
35.84,2,11.5652,0.03
35.84,3,3.7218,0.03
35.86,0,8.4831,0.03
35.86,1,13.8296,0.03
35.86,2,11.5829,0.03
35.86,3,3.7041,0.03
35.88,0,8.4488,0.03
35.88,1,13.8345,0.03
35.88,2,11.6015,0.03
35.88,3,3.7634,0.03
35.9,0,8.4678,0.03
35.9,1,13.8352,0.03
35.9,2,11.6081,0.03
35.9,3,3.7898,0.03
35.92,0,8.4267,0.03
35.92,1,13.8507,0.03
35.92,2,11.5746,0.03
35.92,3,3.8249,0.03
35.94,0,8.4382,0.03
35.94,1,13.8159,0.03
35.94,2,11.6475,0.03
35.94,3,3.7934,0.03
35.96,0,8.3706,0.03
35.96,1,13.7861,0.03
35.96,2,11.5992,0.03
35.96,3,3.8437,0.03
35.98,0,8.3811,0.03
35.98,1,13.7476,0.03
35.98,2,11.6137,0.03
35.98,3,3.886,0.03
36.0,0,8.3597,0.03
36.0,1,13.7889,0.03
36.0,2,11.6149,0.03
36.0,3,3.8349,0.03
36.02,0,8.337,0.03
36.02,1,13.7538,0.03
36.02,2,11.6259,0.03
36.02,3,3.8524,0.03
36.04,0,8.2872,0.03
36.04,1,13.7554,0.03
36.04,2,11.6432,0.03
36.04,3,3.8654,0.03
36.06,0,8.2767,0.03
36.06,1,13.7535,0.03
36.06,2,11.606,0.03
36.06,3,3.9093,0.03
36.08,0,8.2282,0.03
36.08,1,13.725,0.03
36.08,2,11.6802,0.03
36.08,3,3.8929,0.03
36.1,0,8.2415,0.03
36.1,1,13.7094,0.03
36.1,2,11.6454,0.03
36.1,3,3.9632,0.03
36.12,0,8.2519,0.03
36.12,1,13.6847,0.03
36.12,2,11.6176,0.03
36.12,3,3.972,0.03
36.14,0,8.209,0.03
36.14,1,13.695,0.03
36.14,2,11.6544,0.03
36.14,3,3.9549,0.03
36.16,0,8.1803,0.03
36.16,1,13.6493,0.03
36.16,2,11.6864,0.03
36.16,3,4.0164,0.03
36.18,0,8.1856,0.03
36.18,1,13.6783,0.03
36.18,2,11.6594,0.03
36.18,3,4.0074,0.03
36.2,0,8.115,0.03
36.2,1,13.6473,0.03
36.2,2,11.6617,0.03
36.2,3,4.0395,0.03
36.22,0,8.1867,0.03
36.22,1,13.6523,0.03
36.22,2,11.6736,0.03
36.22,3,4.0794,0.03
36.24,0,8.1075,0.03
36.24,1,13.6175,0.03
36.24,2,11.6769,0.03
36.24,3,4.0806,0.03
36.26,0,8.1137,0.03
36.26,1,13.633,0.03
36.26,2,11.6981,0.03
36.26,3,4.0793,0.03
36.28,0,8.0934,0.03
36.28,1,13.6422,0.03
36.28,2,11.6837,0.03
36.28,3,4.0947,0.03
36.3,0,8.0778,0.03
36.3,1,13.598,0.03
36.3,2,11.7429,0.03
36.3,3,4.1089,0.03
36.32,0,8.033,0.03
36.32,1,13.5939,0.03
36.32,2,11.686,0.03
36.32,3,4.157,0.03
36.34,0,8.0501,0.03
36.34,1,13.5897,0.03
36.34,2,11.7381,0.03
36.34,3,4.1426,0.03
36.36,0,8.0259,0.03
36.36,1,13.5691,0.03
36.36,2,11.748,0.03
36.36,3,4.1708,0.03
36.38,0,8.0121,0.03
36.38,1,13.5869,0.03
36.38,2,11.7542,0.03
36.38,3,4.1972,0.03
36.4,0,7.967,0.03
36.4,1,13.548,0.03
36.4,2,11.7137,0.03
36.4,3,4.2227,0.03
36.42,0,7.946,0.03
36.42,1,13.5111,0.03
36.42,2,11.7353,0.03
36.42,3,4.2156,0.03
36.44,0,7.9521,0.03
36.44,1,13.545,0.03
36.44,2,11.7536,0.03
36.44,3,4.2556,0.03
36.46,0,7.9151,0.03
36.46,1,13.538,0.03
36.46,2,11.7708,0.03
36.46,3,4.2309,0.03
36.48,0,7.9155,0.03
36.48,1,13.5188,0.03
36.48,2,11.7737,0.03
36.48,3,4.2873,0.03
36.5,0,7.8589,0.03
36.5,1,13.5084,0.03
36.5,2,11.7804,0.03
36.5,3,4.3018,0.03
36.52,0,7.8841,0.03
36.52,1,13.4709,0.03
36.52,2,11.7833,0.03
36.52,3,4.3165,0.03
36.54,0,7.8559,0.03
36.54,1,13.4349,0.03
36.54,2,11.7925,0.03
36.54,3,4.3464,0.03
36.56,0,7.8399,0.03
36.56,1,13.4566,0.03
36.56,2,11.7445,0.03
36.56,3,4.369,0.03
36.58,0,7.8186,0.03
36.58,1,13.4419,0.03
36.58,2,11.7581,0.03
36.58,3,4.3708,0.03
36.6,0,7.7754,0.03
36.6,1,13.4551,0.03
36.6,2,11.8339,0.03
36.6,3,4.4023,0.03
36.62,0,7.7514,0.03
36.62,1,13.4584,0.03
36.62,2,11.8248,0.03
36.62,3,4.41,0.03
36.64,0,7.7685,0.03
36.64,1,13.402,0.03
36.64,2,11.8253,0.03
36.64,3,4.4303,0.03
36.66,0,7.7762,0.03
36.66,1,13.4081,0.03
36.66,2,11.8252,0.03
36.66,3,4.4086,0.03
36.68,0,7.7172,0.03
36.68,1,13.4321,0.03
36.68,2,11.8145,0.03
36.68,3,4.4412,0.03
36.7,0,7.7012,0.03
36.7,1,13.3921,0.03
36.7,2,11.8181,0.03
36.7,3,4.4613,0.03
36.72,0,7.6924,0.03
36.72,1,13.3811,0.03
36.72,2,11.8189,0.03
36.72,3,4.5082,0.03
36.74,0,7.6925,0.03
36.74,1,13.3856,0.03
36.74,2,11.8191,0.03
36.74,3,4.5275,0.03
36.76,0,7.6425,0.03
36.76,1,13.3325,0.03
36.76,2,11.8388,0.03
36.76,3,4.5348,0.03
36.78,0,7.6169,0.03
36.78,1,13.3648,0.03
36.78,2,11.8726,0.03
36.78,3,4.5793,0.03
36.8,0,7.6092,0.03
36.8,1,13.3157,0.03
36.8,2,11.8531,0.03
36.8,3,4.5438,0.03
36.82,0,7.5876,0.03
36.82,1,13.3414,0.03
36.82,2,11.9037,0.03
36.82,3,4.588,0.03
36.84,0,7.6067,0.03
36.84,1,13.2898,0.03
36.84,2,11.8739,0.03
36.84,3,4.6228,0.03
36.86,0,7.5672,0.03
36.86,1,13.2891,0.03
36.86,2,11.8803,0.03
36.86,3,4.5989,0.03
36.88,0,7.518,0.03
36.88,1,13.3056,0.03
36.88,2,11.9097,0.03
36.88,3,4.6196,0.03
36.9,0,7.5093,0.03
36.9,1,13.3131,0.03
36.9,2,11.9016,0.03
36.9,3,4.6631,0.03
36.92,0,7.4957,0.03
36.92,1,13.2887,0.03
36.92,2,11.9026,0.03
36.92,3,4.6479,0.03
36.94,0,7.4593,0.03
36.94,1,13.2957,0.03
36.94,2,11.9206,0.03
36.94,3,4.6725,0.03
36.96,0,7.4656,0.03
36.96,1,13.2822,0.03
36.96,2,11.9229,0.03
36.96,3,4.7288,0.03
36.98,0,7.4538,0.03
36.98,1,13.2297,0.03
36.98,2,11.9239,0.03
36.98,3,4.7414,0.03
37.0,0,7.4098,0.03
37.0,1,13.2403,0.03
37.0,2,11.8978,0.03
37.0,3,4.7638,0.03
37.02,0,7.4304,0.03
37.02,1,13.2387,0.03
37.02,2,11.9274,0.03
37.02,3,4.7608,0.03
37.04,0,7.3601,0.03
37.04,1,13.1874,0.03
37.04,2,11.9453,0.03
37.04,3,4.7495,0.03
37.06,0,7.3658,0.03
37.06,1,13.2053,0.03
37.06,2,11.9738,0.03
37.06,3,4.7786,0.03
37.08,0,7.3785,0.03
37.08,1,13.1958,0.03
37.08,2,11.9699,0.03
37.08,3,4.8312,0.03
37.1,0,7.3337,0.03
37.1,1,13.1848,0.03
37.1,2,11.9784,0.03
37.1,3,4.7579,0.03
37.12,0,7.3209,0.03
37.12,1,13.2194,0.03
37.12,2,11.9683,0.03
37.12,3,4.8677,0.03
37.14,0,7.3207,0.03
37.14,1,13.1666,0.03
37.14,2,11.9967,0.03
37.14,3,4.8593,0.03
37.16,0,7.296,0.03
37.16,1,13.1826,0.03
37.16,2,11.9704,0.03
37.16,3,4.872,0.03
37.18,0,7.2515,0.03
37.18,1,13.1721,0.03
37.18,2,12.0147,0.03
37.18,3,4.8854,0.03
37.2,0,7.2934,0.03
37.2,1,13.1716,0.03
37.2,2,12.0003,0.03
37.2,3,4.9313,0.03
37.22,0,7.2358,0.03
37.22,1,13.1251,0.03
37.22,2,12.0319,0.03
37.22,3,4.9407,0.03
37.24,0,7.2203,0.03
37.24,1,13.0829,0.03
37.24,2,12.0509,0.03
37.24,3,4.9401,0.03
37.26,0,7.1923,0.03
37.26,1,13.1104,0.03
37.26,2,12.0434,0.03
37.26,3,4.9443,0.03
37.28,0,7.1342,0.03
37.28,1,13.0988,0.03
37.28,2,12.0384,0.03
37.28,3,4.9975,0.03
37.3,0,7.1638,0.03
37.3,1,13.088,0.03
37.3,2,12.0765,0.03
37.3,3,5.0038,0.03
37.32,0,7.1434,0.03
37.32,1,13.0642,0.03
37.32,2,12.0644,0.03
37.32,3,5.0317,0.03
37.34,0,7.1106,0.03
37.34,1,13.0696,0.03
37.34,2,12.0574,0.03
37.34,3,5.0303,0.03
37.36,0,7.1299,0.03
37.36,1,13.0046,0.03
37.36,2,12.028,0.03
37.36,3,5.0379,0.03
37.38,0,7.1143,0.03
37.38,1,13.0471,0.03
37.38,2,12.0772,0.03
37.38,3,5.0778,0.03
37.4,0,7.069,0.03
37.4,1,13.0441,0.03
37.4,2,12.0559,0.03
37.4,3,5.1175,0.03
37.42,0,7.0579,0.03
37.42,1,13.0547,0.03
37.42,2,12.0594,0.03
37.42,3,5.1162,0.03
37.44,0,7.0317,0.03
37.44,1,13.0428,0.03
37.44,2,12.1185,0.03
37.44,3,5.091,0.03
37.46,0,7.0228,0.03
37.46,1,13.0285,0.03
37.46,2,12.123,0.03
37.46,3,5.1726,0.03
37.48,0,7.0086,0.03
37.48,1,12.9972,0.03
37.48,2,12.1041,0.03
37.48,3,5.1402,0.03
37.5,0,6.9818,0.03
37.5,1,12.9949,0.03
37.5,2,12.118,0.03
37.5,3,5.1563,0.03
37.52,0,6.9793,0.03
37.52,1,12.9922,0.03
37.52,2,12.1139,0.03
37.52,3,5.2264,0.03
37.54,0,6.9561,0.03
37.54,1,12.9887,0.03
37.54,2,12.1407,0.03
37.54,3,5.2494,0.03
37.56,0,6.9213,0.03
37.56,1,12.9562,0.03
37.56,2,12.1658,0.03
37.56,3,5.2584,0.03
37.58,0,6.9273,0.03
37.58,1,12.934,0.03
37.58,2,12.1216,0.03
37.58,3,5.2469,0.03
37.6,0,6.9122,0.03
37.6,1,12.9159,0.03
37.6,2,12.1536,0.03
37.6,3,5.2943,0.03
37.62,0,6.8904,0.03
37.62,1,12.9594,0.03
37.62,2,12.1358,0.03
37.62,3,5.2871,0.03
37.64,0,6.8388,0.03
37.64,1,12.9317,0.03
37.64,2,12.1965,0.03
37.64,3,5.2988,0.03
37.66,0,6.8337,0.03
37.66,1,12.9228,0.03
37.66,2,12.1781,0.03
37.66,3,5.3533,0.03
37.68,0,6.8415,0.03
37.68,1,12.9156,0.03
37.68,2,12.2118,0.03
37.68,3,5.3387,0.03
37.7,0,6.8358,0.03
37.7,1,12.8981,0.03
37.7,2,12.1825,0.03
37.7,3,5.3743,0.03
37.72,0,6.8003,0.03
37.72,1,12.8956,0.03
37.72,2,12.1705,0.03
37.72,3,5.399,0.03
37.74,0,6.7665,0.03
37.74,1,12.8879,0.03
37.74,2,12.2232,0.03
37.74,3,5.3826,0.03
37.76,0,6.7469,0.03
37.76,1,12.8393,0.03
37.76,2,12.2712,0.03
37.76,3,5.3905,0.03
37.78,0,6.733,0.03
37.78,1,12.8793,0.03
37.78,2,12.2125,0.03
37.78,3,5.4447,0.03
37.8,0,6.6711,0.03
37.8,1,12.8429,0.03
37.8,2,12.2241,0.03
37.8,3,5.5016,0.03
37.82,0,6.6704,0.03
37.82,1,12.8145,0.03
37.82,2,12.2473,0.03
37.82,3,5.4723,0.03
37.84,0,6.6631,0.03
37.84,1,12.8443,0.03
37.84,2,12.2658,0.03
37.84,3,5.5172,0.03
37.86,0,6.6639,0.03
37.86,1,12.8195,0.03
37.86,2,12.2622,0.03
37.86,3,5.5315,0.03
37.88,0,6.6195,0.03
37.88,1,12.7966,0.03
37.88,2,12.2738,0.03
37.88,3,5.5296,0.03
37.9,0,6.632,0.03
37.9,1,12.7941,0.03
37.9,2,12.2683,0.03
37.9,3,5.5291,0.03
37.92,0,6.5962,0.03
37.92,1,12.8328,0.03
37.92,2,12.2839,0.03
37.92,3,5.5705,0.03
37.94,0,6.6071,0.03
37.94,1,12.7797,0.03
37.94,2,12.2983,0.03
37.94,3,5.6093,0.03
37.96,0,6.5662,0.03
37.96,1,12.7978,0.03
37.96,2,12.2753,0.03
37.96,3,5.61,0.03
37.98,0,6.5594,0.03
37.98,1,12.7593,0.03
37.98,2,12.309,0.03
37.98,3,5.6459,0.03
38.0,0,6.5392,0.03
38.0,1,12.7308,0.03
38.0,2,12.301,0.03
38.0,3,5.6734,0.03
38.02,0,6.5328,0.03
38.02,1,12.7496,0.03
38.02,2,12.3211,0.03
38.02,3,5.6824,0.03
38.04,0,6.521,0.03
38.04,1,12.7331,0.03
38.04,2,12.3062,0.03
38.04,3,5.6722,0.03
38.06,0,6.4694,0.03
38.06,1,12.7256,0.03
38.06,2,12.3448,0.03
38.06,3,5.6431,0.03
38.08,0,6.4534,0.03
38.08,1,12.7319,0.03
38.08,2,12.3353,0.03
38.08,3,5.6901,0.03
38.1,0,6.4295,0.03
38.1,1,12.721,0.03
38.1,2,12.3479,0.03
38.1,3,5.7403,0.03
38.12,0,6.4344,0.03
38.12,1,12.6402,0.03
38.12,2,12.3715,0.03
38.12,3,5.7565,0.03
38.14,0,6.4147,0.03
38.14,1,12.7195,0.03
38.14,2,12.3804,0.03
38.14,3,5.736,0.03
38.16,0,6.3876,0.03
38.16,1,12.7011,0.03
38.16,2,12.3859,0.03
38.16,3,5.7987,0.03
38.18,0,6.3789,0.03
38.18,1,12.6867,0.03
38.18,2,12.394,0.03
38.18,3,5.8159,0.03
38.2,0,6.3314,0.03
38.2,1,12.6741,0.03
38.2,2,12.4286,0.03
38.2,3,5.7921,0.03
38.22,0,6.3273,0.03
38.22,1,12.6296,0.03
38.22,2,12.3829,0.03
38.22,3,5.8415,0.03
38.24,0,6.32,0.03
38.24,1,12.6237,0.03
38.24,2,12.4348,0.03
38.24,3,5.8595,0.03
38.26,0,6.2999,0.03
38.26,1,12.6149,0.03
38.26,2,12.432,0.03
38.26,3,5.8665,0.03
38.28,0,6.2857,0.03
38.28,1,12.6139,0.03
38.28,2,12.4293,0.03
38.28,3,5.8942,0.03
38.3,0,6.2703,0.03
38.3,1,12.615,0.03
38.3,2,12.4122,0.03
38.3,3,5.9044,0.03
38.32,0,6.2271,0.03
38.32,1,12.5704,0.03
38.32,2,12.4654,0.03
38.32,3,5.9104,0.03
38.34,0,6.2334,0.03
38.34,1,12.5936,0.03
38.34,2,12.4979,0.03
38.34,3,5.9444,0.03
38.36,0,6.1901,0.03
38.36,1,12.6046,0.03
38.36,2,12.4898,0.03
38.36,3,5.9581,0.03
38.38,0,6.1865,0.03
38.38,1,12.6069,0.03
38.38,2,12.4694,0.03
38.38,3,5.9846,0.03
38.4,0,6.1657,0.03
38.4,1,12.6043,0.03
38.4,2,12.4603,0.03
38.4,3,5.9961,0.03
38.42,0,6.1141,0.03
38.42,1,12.549,0.03
38.42,2,12.4866,0.03
38.42,3,5.9932,0.03
38.44,0,6.1419,0.03
38.44,1,12.5484,0.03
38.44,2,12.5321,0.03
38.44,3,6.0117,0.03
38.46,0,6.1147,0.03
38.46,1,12.5752,0.03
38.46,2,12.4856,0.03
38.46,3,6.0542,0.03
38.48,0,6.0818,0.03
38.48,1,12.5364,0.03
38.48,2,12.5192,0.03
38.48,3,6.0704,0.03
38.5,0,6.0952,0.03
38.5,1,12.5118,0.03
38.5,2,12.5164,0.03
38.5,3,6.0878,0.03
38.52,0,6.0908,0.03
38.52,1,12.5252,0.03
38.52,2,12.5347,0.03
38.52,3,6.1145,0.03
38.54,0,6.0591,0.03
38.54,1,12.5414,0.03
38.54,2,12.4873,0.03
38.54,3,6.117,0.03
38.56,0,6.0473,0.03
38.56,1,12.4725,0.03
38.56,2,12.5409,0.03
38.56,3,6.1202,0.03
38.58,0,6.0214,0.03
38.58,1,12.4793,0.03
38.58,2,12.5263,0.03
38.58,3,6.1751,0.03
38.6,0,6.0,0.03
38.6,1,12.4787,0.03
38.6,2,12.5807,0.03
38.6,3,6.1694,0.03
38.62,0,5.9781,0.03
38.62,1,12.4887,0.03
38.62,2,12.5757,0.03
38.62,3,6.2234,0.03
38.64,0,5.9535,0.03
38.64,1,12.48,0.03
38.64,2,12.5978,0.03
38.64,3,6.1984,0.03
38.66,0,5.9266,0.03
38.66,1,12.4759,0.03
38.66,2,12.6115,0.03
38.66,3,6.2382,0.03
38.68,0,5.9232,0.03
38.68,1,12.4504,0.03
38.68,2,12.6454,0.03
38.68,3,6.2524,0.03
38.7,0,5.8991,0.03
38.7,1,12.414,0.03
38.7,2,12.622,0.03
38.7,3,6.2866,0.03
38.72,0,5.8886,0.03
38.72,1,12.399,0.03
38.72,2,12.6394,0.03
38.72,3,6.29,0.03
38.74,0,5.8334,0.03
38.74,1,12.4256,0.03
38.74,2,12.641,0.03
38.74,3,6.2731,0.03
38.76,0,5.8469,0.03
38.76,1,12.4313,0.03
38.76,2,12.6377,0.03
38.76,3,6.308,0.03
38.78,0,5.8277,0.03
38.78,1,12.4315,0.03
38.78,2,12.6921,0.03
38.78,3,6.3201,0.03
38.8,0,5.8022,0.03
38.8,1,12.3851,0.03
38.8,2,12.6818,0.03
38.8,3,6.3397,0.03
38.82,0,5.7883,0.03
38.82,1,12.3664,0.03
38.82,2,12.6556,0.03
38.82,3,6.3593,0.03
38.84,0,5.7588,0.03
38.84,1,12.381,0.03
38.84,2,12.6898,0.03
38.84,3,6.3777,0.03
38.86,0,5.7615,0.03
38.86,1,12.3296,0.03
38.86,2,12.7122,0.03
38.86,3,6.4082,0.03
38.88,0,5.7619,0.03
38.88,1,12.3962,0.03
38.88,2,12.7018,0.03
38.88,3,6.4152,0.03
38.9,0,5.7118,0.03
38.9,1,12.365,0.03
38.9,2,12.7567,0.03
38.9,3,6.4473,0.03
38.92,0,5.6673,0.03
38.92,1,12.3651,0.03
38.92,2,12.6882,0.03
38.92,3,6.4721,0.03
38.94,0,5.6801,0.03
38.94,1,12.3564,0.03
38.94,2,12.7456,0.03
38.94,3,6.4722,0.03
38.96,0,5.6788,0.03
38.96,1,12.3553,0.03
38.96,2,12.7294,0.03
38.96,3,6.4935,0.03
38.98,0,5.6301,0.03
38.98,1,12.3171,0.03
38.98,2,12.7514,0.03
38.98,3,6.5037,0.03
39.0,0,5.6085,0.03
39.0,1,12.2969,0.03
39.0,2,12.7862,0.03
39.0,3,6.5332,0.03
39.02,0,5.6116,0.03
39.02,1,12.3132,0.03
39.02,2,12.7989,0.03
39.02,3,6.5289,0.03
39.04,0,5.6078,0.03
39.04,1,12.282,0.03
39.04,2,12.7966,0.03
39.04,3,6.5527,0.03
39.06,0,5.5729,0.03
39.06,1,12.3443,0.03
39.06,2,12.7775,0.03
39.06,3,6.565,0.03
39.08,0,5.5556,0.03
39.08,1,12.3135,0.03
39.08,2,12.7483,0.03
39.08,3,6.6146,0.03
39.1,0,5.5694,0.03
39.1,1,12.2602,0.03
39.1,2,12.82,0.03
39.1,3,6.621,0.03
39.12,0,5.4968,0.03
39.12,1,12.2632,0.03
39.12,2,12.7968,0.03
39.12,3,6.6295,0.03
39.14,0,5.511,0.03
39.14,1,12.2567,0.03
39.14,2,12.814,0.03
39.14,3,6.6715,0.03
39.16,0,5.4955,0.03
39.16,1,12.2603,0.03
39.16,2,12.7972,0.03
39.16,3,6.6487,0.03
39.18,0,5.4465,0.03
39.18,1,12.2379,0.03
39.18,2,12.8362,0.03
39.18,3,6.667,0.03
39.2,0,5.4716,0.03
39.2,1,12.2559,0.03
39.2,2,12.8673,0.03
39.2,3,6.7181,0.03
39.22,0,5.4504,0.03
39.22,1,12.1948,0.03
39.22,2,12.8765,0.03
39.22,3,6.724,0.03
39.24,0,5.4101,0.03
39.24,1,12.2241,0.03
39.24,2,12.8347,0.03
39.24,3,6.7745,0.03
39.26,0,5.4,0.03
39.26,1,12.1705,0.03
39.26,2,12.8757,0.03
39.26,3,6.7629,0.03
39.28,0,5.4198,0.03
39.28,1,12.1889,0.03
39.28,2,12.9027,0.03
39.28,3,6.7699,0.03
39.3,0,5.3665,0.03
39.3,1,12.2112,0.03
39.3,2,12.8903,0.03
39.3,3,6.7922,0.03
39.32,0,5.3392,0.03
39.32,1,12.2137,0.03
39.32,2,12.8929,0.03
39.32,3,6.8314,0.03
39.34,0,5.3618,0.03
39.34,1,12.1386,0.03
39.34,2,12.9187,0.03
39.34,3,6.8387,0.03
39.36,0,5.3203,0.03
39.36,1,12.177,0.03
39.36,2,12.9186,0.03
39.36,3,6.8387,0.03
39.38,0,5.2954,0.03
39.38,1,12.1385,0.03
39.38,2,12.9188,0.03
39.38,3,6.8603,0.03
39.4,0,5.2535,0.03
39.4,1,12.1549,0.03
39.4,2,12.9387,0.03
39.4,3,6.8628,0.03
39.42,0,5.2562,0.03
39.42,1,12.1567,0.03
39.42,2,12.9544,0.03
39.42,3,6.865,0.03
39.44,0,5.2526,0.03
39.44,1,12.1569,0.03
39.44,2,12.9544,0.03
39.44,3,6.9651,0.03
39.46,0,5.2167,0.03
39.46,1,12.1587,0.03
39.46,2,12.9435,0.03
39.46,3,6.9289,0.03
39.48,0,5.1451,0.03
39.48,1,12.1647,0.03
39.48,2,12.9785,0.03
39.48,3,6.9706,0.03
39.5,0,5.2213,0.03
39.5,1,12.0833,0.03
39.5,2,12.9901,0.03
39.5,3,6.9747,0.03
39.52,0,5.1646,0.03
39.52,1,12.0942,0.03
39.52,2,13.0126,0.03
39.52,3,7.0265,0.03
39.54,0,5.1456,0.03
39.54,1,12.1041,0.03
39.54,2,13.0465,0.03
39.54,3,6.9905,0.03
39.56,0,5.1065,0.03
39.56,1,12.1108,0.03
39.56,2,12.982,0.03
39.56,3,6.999,0.03
39.58,0,5.085,0.03
39.58,1,12.1168,0.03
39.58,2,13.0234,0.03
39.58,3,7.0561,0.03
39.6,0,5.0939,0.03
39.6,1,12.0761,0.03
39.6,2,13.0768,0.03
39.6,3,7.047,0.03
39.62,0,5.101,0.03
39.62,1,12.0411,0.03
39.62,2,13.037,0.03
39.62,3,7.0829,0.03
39.64,0,5.055,0.03
39.64,1,12.0872,0.03
39.64,2,13.0587,0.03
39.64,3,7.1292,0.03
39.66,0,5.0435,0.03
39.66,1,12.0433,0.03
39.66,2,13.0455,0.03
39.66,3,7.0803,0.03
39.68,0,5.0276,0.03
39.68,1,12.0704,0.03
39.68,2,13.055,0.03
39.68,3,7.1716,0.03
39.7,0,4.9997,0.03
39.7,1,12.0195,0.03
39.7,2,13.1019,0.03
39.7,3,7.1314,0.03
39.72,0,5.0156,0.03
39.72,1,12.0402,0.03
39.72,2,13.0539,0.03
39.72,3,7.1738,0.03
39.74,0,4.9807,0.03
39.74,1,12.034,0.03
39.74,2,13.1016,0.03
39.74,3,7.1794,0.03
39.76,0,4.9614,0.03
39.76,1,11.998,0.03
39.76,2,13.1541,0.03
39.76,3,7.1943,0.03
39.78,0,4.931,0.03
39.78,1,12.0248,0.03
39.78,2,13.1386,0.03
39.78,3,7.2474,0.03
39.8,0,4.9558,0.03
39.8,1,11.982,0.03
39.8,2,13.0999,0.03
39.8,3,7.2878,0.03
39.82,0,4.8943,0.03
39.82,1,11.9718,0.03
39.82,2,13.1527,0.03
39.82,3,7.244,0.03
39.84,0,4.8665,0.03
39.84,1,12.0146,0.03
39.84,2,13.1654,0.03
39.84,3,7.3023,0.03
39.86,0,4.8647,0.03
39.86,1,11.9996,0.03
39.86,2,13.1695,0.03
39.86,3,7.3306,0.03
39.88,0,4.8422,0.03
39.88,1,11.9836,0.03
39.88,2,13.1588,0.03
39.88,3,7.3218,0.03
39.9,0,4.798,0.03
39.9,1,11.9719,0.03
39.9,2,13.1848,0.03
39.9,3,7.3589,0.03
39.92,0,4.8213,0.03
39.92,1,11.9463,0.03
39.92,2,13.2002,0.03
39.92,3,7.3725,0.03
39.94,0,4.7531,0.03
39.94,1,11.9599,0.03
39.94,2,13.1734,0.03
39.94,3,7.3398,0.03
39.96,0,4.7719,0.03
39.96,1,11.9489,0.03
39.96,2,13.2309,0.03
39.96,3,7.3781,0.03
39.98,0,4.7552,0.03
39.98,1,11.94,0.03
39.98,2,13.2077,0.03
39.98,3,7.4338,0.03
40.0,0,4.7239,0.03
40.0,1,11.9425,0.03
40.0,2,13.238,0.03
40.0,3,7.4236,0.03
40.02,0,4.7165,0.03
40.02,1,11.9468,0.03
40.02,2,13.2629,0.03
40.02,3,7.4481,0.03
40.04,0,4.7233,0.03
40.04,1,11.9156,0.03
40.04,2,13.2324,0.03
40.04,3,7.4802,0.03
40.06,0,4.6844,0.03
40.06,1,11.9162,0.03
40.06,2,13.2667,0.03
40.06,3,7.4866,0.03
40.08,0,4.6539,0.03
40.08,1,11.902,0.03
40.08,2,13.2918,0.03
40.08,3,7.4886,0.03
40.1,0,4.6483,0.03
40.1,1,11.8717,0.03
40.1,2,13.2722,0.03
40.1,3,7.5211,0.03
40.12,0,4.6342,0.03
40.12,1,11.9042,0.03
40.12,2,13.3081,0.03
40.12,3,7.5161,0.03
40.14,0,4.6025,0.03
40.14,1,11.8816,0.03
40.14,2,13.2997,0.03
40.14,3,7.6021,0.03
40.16,0,4.6012,0.03
40.16,1,11.8895,0.03
40.16,2,13.3278,0.03
40.16,3,7.5799,0.03
40.18,0,4.5758,0.03
40.18,1,11.8486,0.03
40.18,2,13.3354,0.03
40.18,3,7.5909,0.03
40.2,0,4.5606,0.03
40.2,1,11.8518,0.03
40.2,2,13.3491,0.03
40.2,3,7.6053,0.03
40.22,0,4.5443,0.03
40.22,1,11.8848,0.03
40.22,2,13.3346,0.03
40.22,3,7.63,0.03
40.24,0,4.5205,0.03
40.24,1,11.8594,0.03
40.24,2,13.347,0.03
40.24,3,7.6695,0.03
40.26,0,4.5082,0.03
40.26,1,11.8798,0.03
40.26,2,13.3471,0.03
40.26,3,7.6781,0.03
40.28,0,4.4606,0.03
40.28,1,11.7989,0.03
40.28,2,13.3654,0.03
40.28,3,7.6626,0.03
40.3,0,4.4774,0.03
40.3,1,11.8337,0.03
40.3,2,13.3845,0.03
40.3,3,7.7061,0.03
40.32,0,4.4423,0.03
40.32,1,11.8202,0.03
40.32,2,13.4164,0.03
40.32,3,7.737,0.03
40.34,0,4.4397,0.03
40.34,1,11.8065,0.03
40.34,2,13.4209,0.03
40.34,3,7.7416,0.03
40.36,0,4.4032,0.03
40.36,1,11.8058,0.03
40.36,2,13.4016,0.03
40.36,3,7.7514,0.03
40.38,0,4.36,0.03
40.38,1,11.8044,0.03
40.38,2,13.4603,0.03
40.38,3,7.7586,0.03
40.4,0,4.3389,0.03
40.4,1,11.8117,0.03
40.4,2,13.4407,0.03
40.4,3,7.7985,0.03
40.42,0,4.3907,0.03
40.42,1,11.7998,0.03
40.42,2,13.4774,0.03
40.42,3,7.795,0.03
40.44,0,4.3511,0.03
40.44,1,11.7965,0.03
40.44,2,13.4582,0.03
40.44,3,7.8279,0.03
40.46,0,4.3506,0.03
40.46,1,11.7555,0.03
40.46,2,13.4691,0.03
40.46,3,7.8556,0.03
40.48,0,4.3223,0.03
40.48,1,11.7943,0.03
40.48,2,13.5041,0.03
40.48,3,7.829,0.03
40.5,0,4.2758,0.03
40.5,1,11.7868,0.03
40.5,2,13.5257,0.03
40.5,3,7.8823,0.03
40.52,0,4.3093,0.03
40.52,1,11.7683,0.03
40.52,2,13.5084,0.03
40.52,3,7.8734,0.03
40.54,0,4.2935,0.03
40.54,1,11.7773,0.03
40.54,2,13.5027,0.03
40.54,3,7.8938,0.03
40.56,0,4.251,0.03
40.56,1,11.7656,0.03
40.56,2,13.5261,0.03
40.56,3,7.9144,0.03
40.58,0,4.2147,0.03
40.58,1,11.7593,0.03
40.58,2,13.5568,0.03
40.58,3,7.9653,0.03
40.6,0,4.1947,0.03
40.6,1,11.7617,0.03
40.6,2,13.5683,0.03
40.6,3,7.9607,0.03
40.62,0,4.191,0.03
40.62,1,11.7427,0.03
40.62,2,13.5622,0.03
40.62,3,7.9611,0.03
40.64,0,4.1812,0.03
40.64,1,11.6835,0.03
40.64,2,13.5564,0.03
40.64,3,7.9766,0.03
40.66,0,4.1457,0.03
40.66,1,11.7029,0.03
40.66,2,13.5861,0.03
40.66,3,8.0479,0.03
40.68,0,4.1016,0.03
40.68,1,11.7091,0.03
40.68,2,13.6284,0.03
40.68,3,8.0495,0.03
40.7,0,4.1189,0.03
40.7,1,11.6927,0.03
40.7,2,13.5811,0.03
40.7,3,8.0477,0.03
40.72,0,4.0867,0.03
40.72,1,11.6836,0.03
40.72,2,13.591,0.03
40.72,3,8.0754,0.03
40.74,0,4.0682,0.03
40.74,1,11.672,0.03
40.74,2,13.6348,0.03
40.74,3,8.1048,0.03
40.76,0,4.0398,0.03
40.76,1,11.6575,0.03
40.76,2,13.6503,0.03
40.76,3,8.0769,0.03
40.78,0,4.0238,0.03
40.78,1,11.6676,0.03
40.78,2,13.6222,0.03
40.78,3,8.1479,0.03
40.8,0,4.0312,0.03
40.8,1,11.6643,0.03
40.8,2,13.663,0.03
40.8,3,8.1395,0.03
40.82,0,4.0236,0.03
40.82,1,11.6822,0.03
40.82,2,13.6815,0.03
40.82,3,8.1768,0.03
40.84,0,4.0054,0.03
40.84,1,11.6543,0.03
40.84,2,13.6518,0.03
40.84,3,8.2137,0.03
40.86,0,3.9918,0.03
40.86,1,11.651,0.03
40.86,2,13.6694,0.03
40.86,3,8.1981,0.03
40.88,0,3.9609,0.03
40.88,1,11.6344,0.03
40.88,2,13.6944,0.03
40.88,3,8.2136,0.03
40.9,0,3.9334,0.03
40.9,1,11.6385,0.03
40.9,2,13.7067,0.03
40.9,3,8.2294,0.03
40.92,0,3.9618,0.03
40.92,1,11.6052,0.03
40.92,2,13.7203,0.03
40.92,3,8.2425,0.03
40.94,0,3.9339,0.03
40.94,1,11.6327,0.03
40.94,2,13.6966,0.03
40.94,3,8.2553,0.03
40.96,0,3.914,0.03
40.96,1,11.6308,0.03
40.96,2,13.7641,0.03
40.96,3,8.3134,0.03
40.98,0,3.8943,0.03
40.98,1,11.6035,0.03
40.98,2,13.7413,0.03
40.98,3,8.3184,0.03
41.0,0,3.8802,0.03
41.0,1,11.6064,0.03
41.0,2,13.7977,0.03
41.0,3,8.3049,0.03
41.02,0,3.8125,0.03
41.02,1,11.6355,0.03
41.02,2,13.7889,0.03
41.02,3,8.3329,0.03
41.04,0,3.7834,0.03
41.04,1,11.6021,0.03
41.04,2,13.7853,0.03
41.04,3,8.3508,0.03
41.06,0,3.8349,0.03
41.06,1,11.6001,0.03
41.06,2,13.7856,0.03
41.06,3,8.4169,0.03
41.08,0,3.7727,0.03
41.08,1,11.5727,0.03
41.08,2,13.7864,0.03
41.08,3,8.3486,0.03
41.1,0,3.7963,0.03
41.1,1,11.5721,0.03
41.1,2,13.8576,0.03
41.1,3,8.3816,0.03
41.12,0,3.7557,0.03
41.12,1,11.6021,0.03
41.12,2,13.828,0.03
41.12,3,8.4559,0.03
41.14,0,3.754,0.03
41.14,1,11.5184,0.03
41.14,2,13.8248,0.03
41.14,3,8.4703,0.03
41.16,0,3.7258,0.03
41.16,1,11.5431,0.03
41.16,2,13.8297,0.03
41.16,3,8.4828,0.03
41.18,0,3.704,0.03
41.18,1,11.5632,0.03
41.18,2,13.9008,0.03
41.18,3,8.4966,0.03
41.2,0,3.6894,0.03
41.2,1,11.5461,0.03
41.2,2,13.8848,0.03
41.2,3,8.4978,0.03
41.22,0,3.6533,0.03
41.22,1,11.5245,0.03
41.22,2,13.8816,0.03
41.22,3,8.514,0.03
41.24,0,3.6407,0.03
41.24,1,11.5484,0.03
41.24,2,13.8526,0.03
41.24,3,8.5781,0.03
41.26,0,3.6367,0.03
41.26,1,11.5472,0.03
41.26,2,13.9195,0.03
41.26,3,8.6055,0.03
41.28,0,3.6422,0.03
41.28,1,11.5387,0.03
41.28,2,13.9237,0.03
41.28,3,8.6516,0.03
41.3,0,3.5666,0.03
41.3,1,11.5565,0.03
41.3,2,13.9207,0.03
41.3,3,8.5851,0.03
41.32,0,3.5909,0.03
41.32,1,11.4845,0.03
41.32,2,13.9133,0.03
41.32,3,8.6117,0.03
41.34,0,3.5427,0.03
41.34,1,11.4957,0.03
41.34,2,13.9307,0.03
41.34,3,8.6442,0.03
41.36,0,3.5487,0.03
41.36,1,11.5483,0.03
41.36,2,13.9799,0.03
41.36,3,8.6593,0.03
41.38,0,3.5407,0.03
41.38,1,11.4888,0.03
41.38,2,13.9985,0.03
41.38,3,8.6903,0.03
41.4,0,3.5216,0.03
41.4,1,11.4769,0.03
41.4,2,14.0146,0.03
41.4,3,8.7057,0.03
41.42,0,3.5226,0.03
41.42,1,11.5103,0.03
41.42,2,14.01,0.03
41.42,3,8.7278,0.03
41.44,0,3.4758,0.03
41.44,1,11.4873,0.03
41.44,2,14.0341,0.03
41.44,3,8.725,0.03
41.46,0,3.4545,0.03
41.46,1,11.4501,0.03
41.46,2,13.9726,0.03
41.46,3,8.7272,0.03
41.48,0,3.4572,0.03
41.48,1,11.4926,0.03
41.48,2,14.0316,0.03
41.48,3,8.7727,0.03
41.5,0,3.44,0.03
41.5,1,11.4729,0.03
41.5,2,14.0804,0.03
41.5,3,8.8134,0.03
41.52,0,3.4053,0.03
41.52,1,11.4595,0.03
41.52,2,14.0777,0.03
41.52,3,8.7933,0.03
41.54,0,3.3763,0.03
41.54,1,11.4705,0.03
41.54,2,14.0714,0.03
41.54,3,8.8399,0.03
41.56,0,3.3967,0.03
41.56,1,11.4252,0.03
41.56,2,14.0692,0.03
41.56,3,8.8413,0.03
41.58,0,3.3905,0.03
41.58,1,11.4596,0.03
41.58,2,14.0635,0.03
41.58,3,8.8612,0.03
41.6,0,3.3571,0.03
41.6,1,11.458,0.03
41.6,2,14.0791,0.03
41.6,3,8.8665,0.03
41.62,0,3.3033,0.03
41.62,1,11.4374,0.03
41.62,2,14.0672,0.03
41.62,3,8.8819,0.03
41.64,0,3.2922,0.03
41.64,1,11.4447,0.03
41.64,2,14.1327,0.03
41.64,3,8.9217,0.03
41.66,0,3.2962,0.03
41.66,1,11.4413,0.03
41.66,2,14.1868,0.03
41.66,3,8.9591,0.03
41.68,0,3.2563,0.03
41.68,1,11.4209,0.03
41.68,2,14.0829,0.03
41.68,3,8.9255,0.03
41.7,0,3.1962,0.03
41.7,1,11.4022,0.03
41.7,2,14.154,0.03
41.7,3,8.9437,0.03
41.72,0,3.2216,0.03
41.72,1,11.4258,0.03
41.72,2,14.1434,0.03
41.72,3,8.9836,0.03
41.74,0,3.2022,0.03
41.74,1,11.421,0.03
41.74,2,14.1487,0.03
41.74,3,8.9946,0.03
41.76,0,3.1817,0.03
41.76,1,11.4213,0.03
41.76,2,14.187,0.03
41.76,3,8.9947,0.03
41.78,0,3.1745,0.03
41.78,1,11.4386,0.03
41.78,2,14.1742,0.03
41.78,3,9.0538,0.03
41.8,0,3.1456,0.03
41.8,1,11.4012,0.03
41.8,2,14.2397,0.03
41.8,3,9.049,0.03
41.82,0,3.1047,0.03
41.82,1,11.3881,0.03
41.82,2,14.2315,0.03
41.82,3,9.0521,0.03
41.84,0,3.1323,0.03
41.84,1,11.3951,0.03
41.84,2,14.2422,0.03
41.84,3,9.1223,0.03
41.86,0,3.1449,0.03
41.86,1,11.4069,0.03
41.86,2,14.2463,0.03
41.86,3,9.1108,0.03
41.88,0,3.099,0.03
41.88,1,11.3832,0.03
41.88,2,14.2756,0.03
41.88,3,9.1367,0.03
41.9,0,3.1021,0.03
41.9,1,11.3983,0.03
41.9,2,14.2558,0.03
41.9,3,9.1338,0.03
41.92,0,3.0603,0.03
41.92,1,11.3759,0.03
41.92,2,14.3012,0.03
41.92,3,9.1678,0.03
41.94,0,3.0945,0.03
41.94,1,11.3657,0.03
41.94,2,14.3019,0.03
41.94,3,9.1533,0.03
41.96,0,3.0248,0.03
41.96,1,11.3751,0.03
41.96,2,14.3463,0.03
41.96,3,9.2327,0.03
41.98,0,3.0134,0.03
41.98,1,11.3044,0.03
41.98,2,14.3256,0.03
41.98,3,9.22,0.03
42.0,0,2.9934,0.03
42.0,1,11.3383,0.03
42.0,2,14.3614,0.03
42.0,3,9.2289,0.03
42.02,0,2.9792,0.03
42.02,1,11.3478,0.03
42.02,2,14.3032,0.03
42.02,3,9.2772,0.03
42.04,0,2.9514,0.03
42.04,1,11.3626,0.03
42.04,2,14.335,0.03
42.04,3,9.31,0.03
42.06,0,2.961,0.03
42.06,1,11.3523,0.03
42.06,2,14.3495,0.03
42.06,3,9.2739,0.03
42.08,0,2.9282,0.03
42.08,1,11.3456,0.03
42.08,2,14.3655,0.03
42.08,3,9.2868,0.03
42.1,0,2.8759,0.03
42.1,1,11.3167,0.03
42.1,2,14.3915,0.03
42.1,3,9.3495,0.03
42.12,0,2.8444,0.03
42.12,1,11.3374,0.03
42.12,2,14.4215,0.03
42.12,3,9.3442,0.03
42.14,0,2.8892,0.03
42.14,1,11.3335,0.03
42.14,2,14.3826,0.03
42.14,3,9.3805,0.03
42.16,0,2.8467,0.03
42.16,1,11.3356,0.03
42.16,2,14.4011,0.03
42.16,3,9.3986,0.03
42.18,0,2.8273,0.03
42.18,1,11.291,0.03
42.18,2,14.4271,0.03
42.18,3,9.4157,0.03
42.2,0,2.813,0.03
42.2,1,11.2752,0.03
42.2,2,14.4814,0.03
42.2,3,9.4063,0.03
42.22,0,2.7934,0.03
42.22,1,11.2845,0.03
42.22,2,14.4513,0.03
42.22,3,9.4418,0.03
42.24,0,2.7846,0.03
42.24,1,11.2968,0.03
42.24,2,14.5027,0.03
42.24,3,9.4332,0.03
42.26,0,2.7739,0.03
42.26,1,11.3129,0.03
42.26,2,14.5001,0.03
42.26,3,9.5084,0.03
42.28,0,2.7612,0.03
42.28,1,11.3067,0.03
42.28,2,14.4989,0.03
42.28,3,9.5009,0.03
42.3,0,2.7584,0.03
42.3,1,11.3095,0.03
42.3,2,14.4752,0.03
42.3,3,9.5155,0.03
42.32,0,2.7322,0.03
42.32,1,11.2706,0.03
42.32,2,14.5069,0.03
42.32,3,9.539,0.03
42.34,0,2.684,0.03
42.34,1,11.3147,0.03
42.34,2,14.5101,0.03
42.34,3,9.5558,0.03
42.36,0,2.6687,0.03
42.36,1,11.2628,0.03
42.36,2,14.523,0.03
42.36,3,9.5833,0.03
42.38,0,2.6776,0.03
42.38,1,11.3168,0.03
42.38,2,14.5636,0.03
42.38,3,9.5734,0.03
42.4,0,2.6541,0.03
42.4,1,11.2665,0.03
42.4,2,14.5851,0.03
42.4,3,9.5999,0.03
42.42,0,2.6067,0.03
42.42,1,11.2622,0.03
42.42,2,14.5816,0.03
42.42,3,9.6304,0.03
42.44,0,2.6147,0.03
42.44,1,11.2319,0.03
42.44,2,14.5787,0.03
42.44,3,9.6455,0.03
42.46,0,2.5614,0.03
42.46,1,11.2178,0.03
42.46,2,14.6281,0.03
42.46,3,9.6515,0.03
42.48,0,2.5729,0.03
42.48,1,11.2489,0.03
42.48,2,14.6186,0.03
42.48,3,9.6335,0.03
42.5,0,2.5858,0.03
42.5,1,11.2169,0.03
42.5,2,14.66,0.03
42.5,3,9.6896,0.03
42.52,0,2.5661,0.03
42.52,1,11.2701,0.03
42.52,2,14.6214,0.03
42.52,3,9.7135,0.03
42.54,0,2.5613,0.03
42.54,1,11.2104,0.03
42.54,2,14.6099,0.03
42.54,3,9.7365,0.03
42.56,0,2.523,0.03
42.56,1,11.2503,0.03
42.56,2,14.6404,0.03
42.56,3,9.7499,0.03
42.58,0,2.4736,0.03
42.58,1,11.2325,0.03
42.58,2,14.6641,0.03
42.58,3,9.7688,0.03
42.6,0,2.4843,0.03
42.6,1,11.2304,0.03
42.6,2,14.6812,0.03
42.6,3,9.8136,0.03
42.62,0,2.4975,0.03
42.62,1,11.2063,0.03
42.62,2,14.7105,0.03
42.62,3,9.8001,0.03
42.64,0,2.4594,0.03
42.64,1,11.2073,0.03
42.64,2,14.722,0.03
42.64,3,9.7855,0.03
42.66,0,2.4248,0.03
42.66,1,11.2005,0.03
42.66,2,14.7538,0.03
42.66,3,9.8036,0.03
42.68,0,2.4238,0.03
42.68,1,11.2384,0.03
42.68,2,14.7203,0.03
42.68,3,9.8707,0.03
42.7,0,2.3872,0.03
42.7,1,11.217,0.03
42.7,2,14.7238,0.03
42.7,3,9.9099,0.03
42.72,0,2.4054,0.03
42.72,1,11.212,0.03
42.72,2,14.7631,0.03
42.72,3,9.9254,0.03
42.74,0,2.3759,0.03
42.74,1,11.1955,0.03
42.74,2,14.7785,0.03
42.74,3,9.9302,0.03
42.76,0,2.3538,0.03
42.76,1,11.2203,0.03
42.76,2,14.8022,0.03
42.76,3,9.9022,0.03
42.78,0,2.3067,0.03
42.78,1,11.2515,0.03
42.78,2,14.8012,0.03
42.78,3,9.9628,0.03
42.8,0,2.2836,0.03
42.8,1,11.1995,0.03
42.8,2,14.8098,0.03
42.8,3,9.9895,0.03
42.82,0,2.3082,0.03
42.82,1,11.1921,0.03
42.82,2,14.7775,0.03
42.82,3,9.9972,0.03
42.84,0,2.2963,0.03
42.84,1,11.1878,0.03
42.84,2,14.8295,0.03
42.84,3,10.0263,0.03
42.86,0,2.2656,0.03
42.86,1,11.1838,0.03
42.86,2,14.8672,0.03
42.86,3,9.9983,0.03
42.88,0,2.2461,0.03
42.88,1,11.1941,0.03
42.88,2,14.841,0.03
42.88,3,10.0384,0.03
42.9,0,2.2801,0.03
42.9,1,11.1763,0.03
42.9,2,14.842,0.03
42.9,3,10.0809,0.03
42.92,0,2.2465,0.03
42.92,1,11.1672,0.03
42.92,2,14.8845,0.03
42.92,3,10.0623,0.03
42.94,0,2.2017,0.03
42.94,1,11.1797,0.03
42.94,2,14.9083,0.03
42.94,3,10.0732,0.03
42.96,0,2.1893,0.03
42.96,1,11.1955,0.03
42.96,2,14.8719,0.03
42.96,3,10.1059,0.03
42.98,0,2.1836,0.03
42.98,1,11.1916,0.03
42.98,2,14.9104,0.03
42.98,3,10.1412,0.03
43.0,0,2.1377,0.03
43.0,1,11.1472,0.03
43.0,2,14.9667,0.03
43.0,3,10.1611,0.03
43.02,0,2.1092,0.03
43.02,1,11.1806,0.03
43.02,2,14.9338,0.03
43.02,3,10.1523,0.03
43.04,0,2.1099,0.03
43.04,1,11.1636,0.03
43.04,2,14.9564,0.03
43.04,3,10.1684,0.03
43.06,0,2.1209,0.03
43.06,1,11.1563,0.03
43.06,2,14.961,0.03
43.06,3,10.199,0.03
43.08,0,2.1403,0.03
43.08,1,11.1498,0.03
43.08,2,14.99,0.03
43.08,3,10.2301,0.03
43.1,0,2.0644,0.03
43.1,1,11.1985,0.03
43.1,2,15.0123,0.03
43.1,3,10.2632,0.03
43.12,0,2.0536,0.03
43.12,1,11.1254,0.03
43.12,2,14.9762,0.03
43.12,3,10.2594,0.03
43.14,0,2.0316,0.03
43.14,1,11.1336,0.03
43.14,2,14.9847,0.03
43.14,3,10.2489,0.03
43.16,0,2.0075,0.03
43.16,1,11.1631,0.03
43.16,2,15.0315,0.03
43.16,3,10.2972,0.03
43.18,0,2.0071,0.03
43.18,1,11.1378,0.03
43.18,2,15.0544,0.03
43.18,3,10.3387,0.03
43.2,0,1.9996,0.03
43.2,1,11.1466,0.03
43.2,2,15.0726,0.03
43.2,3,10.3456,0.03
43.22,0,1.9607,0.03
43.22,1,11.1156,0.03
43.22,2,15.0769,0.03
43.22,3,10.3896,0.03
43.24,0,1.9699,0.03
43.24,1,11.1633,0.03
43.24,2,15.0525,0.03
43.24,3,10.3594,0.03
43.26,0,1.9703,0.03
43.26,1,11.1356,0.03
43.26,2,15.1112,0.03
43.26,3,10.3843,0.03
43.28,0,1.9193,0.03
43.28,1,11.1286,0.03
43.28,2,15.1101,0.03
43.28,3,10.4121,0.03
43.3,0,1.9383,0.03
43.3,1,11.1215,0.03
43.3,2,15.0737,0.03
43.3,3,10.4138,0.03
43.32,0,1.8691,0.03
43.32,1,11.1115,0.03
43.32,2,15.1415,0.03
43.32,3,10.4654,0.03
43.34,0,1.8814,0.03
43.34,1,11.1061,0.03
43.34,2,15.1712,0.03
43.34,3,10.4065,0.03
43.36,0,1.8435,0.03
43.36,1,11.1139,0.03
43.36,2,15.1338,0.03
43.36,3,10.4821,0.03
43.38,0,1.8642,0.03
43.38,1,11.1391,0.03
43.38,2,15.1663,0.03
43.38,3,10.504,0.03
43.4,0,1.8355,0.03
43.4,1,11.1073,0.03
43.4,2,15.194,0.03
43.4,3,10.5099,0.03
43.42,0,1.8267,0.03
43.42,1,11.101,0.03
43.42,2,15.2053,0.03
43.42,3,10.5347,0.03
43.44,0,1.7973,0.03
43.44,1,11.1159,0.03
43.44,2,15.2105,0.03
43.44,3,10.505,0.03
43.46,0,1.7984,0.03
43.46,1,11.1073,0.03
43.46,2,15.2322,0.03
43.46,3,10.5742,0.03
43.48,0,1.7502,0.03
43.48,1,11.1345,0.03
43.48,2,15.24,0.03
43.48,3,10.5984,0.03
43.5,0,1.7928,0.03
43.5,1,11.151,0.03
43.5,2,15.2381,0.03
43.5,3,10.6146,0.03
43.52,0,1.7111,0.03
43.52,1,11.0731,0.03
43.52,2,15.2283,0.03
43.52,3,10.5699,0.03
43.54,0,1.734,0.03
43.54,1,11.1076,0.03
43.54,2,15.2944,0.03
43.54,3,10.6198,0.03
43.56,0,1.7503,0.03
43.56,1,11.0839,0.03
43.56,2,15.2454,0.03
43.56,3,10.6147,0.03
43.58,0,1.7145,0.03
43.58,1,11.1046,0.03
43.58,2,15.3041,0.03
43.58,3,10.6669,0.03
43.6,0,1.6871,0.03
43.6,1,11.0984,0.03
43.6,2,15.2373,0.03
43.6,3,10.6946,0.03
43.62,0,1.6804,0.03
43.62,1,11.0612,0.03
43.62,2,15.3317,0.03
43.62,3,10.7036,0.03
43.64,0,1.6794,0.03
43.64,1,11.0529,0.03
43.64,2,15.3518,0.03
43.64,3,10.6961,0.03
43.66,0,1.6634,0.03
43.66,1,11.0784,0.03
43.66,2,15.3504,0.03
43.66,3,10.7391,0.03
43.68,0,1.6575,0.03
43.68,1,11.0805,0.03
43.68,2,15.3755,0.03
43.68,3,10.7412,0.03
43.7,0,1.6205,0.03
43.7,1,11.0654,0.03
43.7,2,15.4099,0.03
43.7,3,10.7632,0.03
43.72,0,1.5934,0.03
43.72,1,11.1239,0.03
43.72,2,15.374,0.03
43.72,3,10.7678,0.03
43.74,0,1.6068,0.03
43.74,1,11.0616,0.03
43.74,2,15.3951,0.03
43.74,3,10.8226,0.03
43.76,0,1.5341,0.03
43.76,1,11.0512,0.03
43.76,2,15.4207,0.03
43.76,3,10.8105,0.03
43.78,0,1.6052,0.03
43.78,1,11.0769,0.03
43.78,2,15.4371,0.03
43.78,3,10.8467,0.03
43.8,0,1.5364,0.03
43.8,1,11.0475,0.03
43.8,2,15.4998,0.03
43.8,3,10.8545,0.03
43.82,0,1.5258,0.03
43.82,1,11.0313,0.03
43.82,2,15.4664,0.03
43.82,3,10.8628,0.03
43.84,0,1.5033,0.03
43.84,1,11.0376,0.03
43.84,2,15.4595,0.03
43.84,3,10.9321,0.03
43.86,0,1.525,0.03
43.86,1,11.052,0.03
43.86,2,15.4781,0.03
43.86,3,10.9126,0.03
43.88,0,1.4971,0.03
43.88,1,11.0553,0.03
43.88,2,15.5026,0.03
43.88,3,10.9237,0.03
43.9,0,1.4786,0.03
43.9,1,11.0886,0.03
43.9,2,15.5172,0.03
43.9,3,10.9375,0.03
43.92,0,1.4554,0.03
43.92,1,11.057,0.03
43.92,2,15.5215,0.03
43.92,3,10.9882,0.03
43.94,0,1.482,0.03
43.94,1,11.063,0.03
43.94,2,15.5159,0.03
43.94,3,10.9914,0.03
43.96,0,1.4591,0.03
43.96,1,11.0653,0.03
43.96,2,15.5304,0.03
43.96,3,10.9878,0.03
43.98,0,1.4238,0.03
43.98,1,11.0359,0.03
43.98,2,15.5259,0.03
43.98,3,10.9825,0.03
44.0,0,1.4427,0.03
44.0,1,11.0014,0.03
44.0,2,15.5819,0.03
44.0,3,11.0566,0.03
