timestamp_s,x,y,theta
0.0,1.0,3.0,1.33645
0.1,1.0006,3.002514,1.33645
0.2,1.0012,3.005027,1.33645
0.3,1.0018,3.007541,1.336449
0.4,1.0024,3.010054,1.336447
0.5,1.003,3.012568,1.336446
0.6,1.0036,3.015081,1.336444
0.7,1.0042,3.017594,1.336441
0.8,1.0048,3.020108,1.336439
0.9,1.005401,3.022621,1.336436
1.0,1.006001,3.025135,1.336432
1.1,1.006601,3.027648,1.336429
1.2,1.007201,3.030161,1.336425
1.3,1.007801,3.032674,1.33642
1.4,1.008401,3.035188,1.336415
1.5,1.009001,3.037701,1.33641
1.6,1.009601,3.040214,1.336405
1.7,1.010201,3.042727,1.336399
1.8,1.010801,3.04524,1.336392
1.9,1.011401,3.047752,1.336386
2.0,1.012001,3.050265,1.336379
2.1,1.012601,3.052778,1.336372
2.2,1.013201,3.055291,1.336364
2.3,1.013801,3.057803,1.336356
2.4,1.014401,3.060315,1.336347
2.5,1.015002,3.062828,1.336339
2.6,1.015602,3.06534,1.33633
2.7,1.016202,3.067852,1.33632
2.8,1.016802,3.070364,1.33631
2.9,1.017402,3.072876,1.3363
3.0,1.018002,3.075388,1.33629
3.1,1.018602,3.0779,1.336279
3.2,1.019202,3.080411,1.336267
3.3,1.019802,3.082923,1.336256
3.4,1.020402,3.085434,1.336244
3.5,1.021002,3.087945,1.336232
3.6,1.021602,3.090456,1.336219
3.7,1.022202,3.092967,1.336206
3.8,1.022802,3.095478,1.336192
3.9,1.023402,3.097988,1.336179
4.0,1.024002,3.100499,1.336165
4.1,1.024602,3.103009,1.33615
4.2,1.025203,3.105519,1.336135
4.3,1.025803,3.108029,1.33612
4.4,1.026403,3.110539,1.336105
4.5,1.027003,3.113048,1.336089
4.6,1.027603,3.115558,1.336072
4.7,1.028203,3.118067,1.336056
4.8,1.028803,3.120576,1.336039
4.9,1.029403,3.123085,1.336021
5.0,1.030003,3.125594,1.336004
5.1,1.030603,3.128102,1.335986
5.2,1.031203,3.13061,1.335967
5.3,1.031803,3.133118,1.335948
5.4,1.032403,3.135626,1.335929
5.5,1.033003,3.138134,1.33591
5.6,1.033603,3.140641,1.33589
5.7,1.034203,3.143148,1.33587
5.8,1.034803,3.145655,1.335849
5.9,1.035404,3.148162,1.335828
6.0,1.036004,3.150669,1.335807
6.1,1.036604,3.153175,1.335785
6.2,1.037204,3.155681,1.335763
6.3,1.037804,3.158187,1.335741
6.4,1.038404,3.160692,1.335718
6.5,1.039004,3.163198,1.335695
6.6,1.039604,3.165703,1.335671
6.7,1.040204,3.168207,1.335647
6.8,1.040804,3.170712,1.335623
6.9,1.041404,3.173216,1.335599
7.0,1.042004,3.17572,1.335574
7.1,1.042604,3.178224,1.335548
7.2,1.043204,3.180727,1.335523
7.3,1.043804,3.18323,1.335497
7.4,1.044404,3.185733,1.33547
7.5,1.045005,3.188235,1.335443
7.6,1.045605,3.190738,1.335416
7.7,1.046205,3.19324,1.335389
7.8,1.046805,3.195741,1.335361
7.9,1.047405,3.198242,1.335333
8.0,1.048005,3.200743,1.335304
8.1,1.048605,3.203244,1.335275
8.2,1.049205,3.205744,1.335246
8.3,1.049805,3.208244,1.335216
8.4,1.050405,3.210744,1.335186
8.5,1.051005,3.213244,1.335156
8.6,1.051605,3.215743,1.335125
8.7,1.052205,3.218241,1.335094
8.8,1.052805,3.22074,1.335062
8.9,1.053405,3.223238,1.33503
9.0,1.054005,3.225735,1.334998
9.1,1.054605,3.228233,1.334966
9.2,1.055206,3.230729,1.334933
9.3,1.055806,3.233226,1.334899
9.4,1.056406,3.235722,1.334866
9.5,1.057006,3.238218,1.334831
9.6,1.057606,3.240713,1.334797
9.7,1.058206,3.243209,1.334762
9.8,1.058806,3.245703,1.334727
9.9,1.059406,3.248198,1.334691
10.0,1.060006,3.250691,1.334656
10.1,1.060606,3.253185,1.334619
10.2,1.061206,3.255678,1.334583
10.3,1.061806,3.258171,1.334546
10.4,1.062406,3.260663,1.334508
10.5,1.063006,3.263155,1.33447
10.6,1.063606,3.265646,1.334432
10.7,1.064206,3.268137,1.334394
10.8,1.064806,3.270628,1.334355
10.9,1.065407,3.273118,1.334315
11.0,1.066007,3.275608,1.334276
11.1,1.066607,3.278097,1.334236
11.2,1.067207,3.280586,1.334195
11.3,1.067807,3.283075,1.334155
11.4,1.068407,3.285563,1.334113
11.5,1.069007,3.28805,1.334072
11.6,1.069607,3.290537,1.33403
11.7,1.070207,3.293024,1.333988
11.8,1.070807,3.29551,1.333945
11.9,1.071407,3.297996,1.333902
12.0,1.072007,3.300481,1.333859
12.1,1.072607,3.302966,1.333815
12.2,1.073207,3.30545,1.333771
12.3,1.073807,3.307934,1.333726
12.4,1.074407,3.310417,1.333681
12.5,1.075008,3.3129,1.333636
12.6,1.075608,3.315382,1.333591
12.7,1.076208,3.317864,1.333545
12.8,1.076808,3.320345,1.333498
12.9,1.077408,3.322826,1.333451
13.0,1.078008,3.325307,1.333404
13.1,1.078608,3.327786,1.333357
13.2,1.079208,3.330266,1.333309
13.3,1.079808,3.332744,1.33326
13.4,1.080408,3.335223,1.333212
13.5,1.081008,3.3377,1.333163
13.6,1.081608,3.340178,1.333113
13.7,1.082208,3.342654,1.333063
13.8,1.082808,3.34513,1.333013
13.9,1.083408,3.347606,1.332963
14.0,1.084008,3.350081,1.332912
14.1,1.084608,3.352555,1.33286
14.2,1.085209,3.355029,1.332808
14.3,1.085809,3.357502,1.332756
14.4,1.086409,3.359975,1.332704
14.5,1.087009,3.362447,1.332651
14.6,1.087609,3.364919,1.332598
14.7,1.088209,3.36739,1.332544
14.8,1.088809,3.36986,1.33249
14.9,1.089409,3.37233,1.332435
15.0,1.090009,3.3748,1.332381
15.1,1.090609,3.377268,1.332325
15.2,1.091209,3.379736,1.33227
15.3,1.091809,3.382204,1.332214
15.4,1.092409,3.384671,1.332157
15.5,1.093009,3.387137,1.332101
15.6,1.093609,3.389603,1.332044
15.7,1.094209,3.392068,1.331986
15.8,1.094809,3.394532,1.331928
15.9,1.09541,3.396996,1.33187
16.0,1.09601,3.399459,1.331811
16.1,1.09661,3.401922,1.331752
16.2,1.09721,3.404384,1.331692
16.3,1.09781,3.406845,1.331632
16.4,1.09841,3.409306,1.331572
16.5,1.09901,3.411766,1.331511
16.6,1.09961,3.414225,1.33145
16.7,1.10021,3.416684,1.331389
16.8,1.10081,3.419142,1.331327
16.9,1.10141,3.421599,1.331265
17.0,1.10201,3.424056,1.331202
17.1,1.10261,3.426512,1.331139
17.2,1.10321,3.428967,1.331076
17.3,1.10381,3.431422,1.331012
17.4,1.10441,3.433876,1.330948
17.5,1.105011,3.436329,1.330883
17.6,1.105611,3.438782,1.330818
17.7,1.106211,3.441234,1.330752
17.8,1.106811,3.443685,1.330687
17.9,1.107411,3.446136,1.33062
18.0,1.108011,3.448586,1.330554
18.1,1.108611,3.451035,1.330487
18.2,1.109211,3.453483,1.330419
18.3,1.109811,3.455931,1.330351
18.4,1.110411,3.458378,1.330283
18.5,1.111011,3.460824,1.330214
18.6,1.111611,3.46327,1.330145
18.7,1.112211,3.465714,1.330076
18.8,1.112811,3.468158,1.330006
18.9,1.113411,3.470602,1.329936
19.0,1.114011,3.473044,1.329865
19.1,1.114611,3.475486,1.329794
19.2,1.115212,3.477927,1.329722
19.3,1.115812,3.480368,1.329651
19.4,1.116412,3.482807,1.329578
19.5,1.117012,3.485246,1.329505
19.6,1.117612,3.487684,1.329432
19.7,1.118212,3.490121,1.329359
19.8,1.118812,3.492558,1.329285
19.9,1.119412,3.494994,1.32921
20.0,1.120012,3.497428,1.329136
20.1,1.120612,3.499863,1.329061
20.2,1.121212,3.502296,1.328985
20.3,1.121812,3.504729,1.328909
20.4,1.122412,3.50716,1.328832
20.5,1.123012,3.509591,1.328756
20.6,1.123612,3.512021,1.328678
20.7,1.124212,3.514451,1.328601
20.8,1.124812,3.516879,1.328523
20.9,1.125413,3.519307,1.328444
21.0,1.126013,3.521734,1.328365
21.1,1.126613,3.52416,1.328286
21.2,1.127213,3.526585,1.328206
21.3,1.127813,3.52901,1.328126
21.4,1.128413,3.531433,1.328045
21.5,1.129013,3.533856,1.327964
21.6,1.129613,3.536278,1.327883
21.7,1.130213,3.538699,1.327801
21.8,1.130813,3.541119,1.327718
21.9,1.131413,3.543539,1.327636
22.0,1.132013,3.545957,1.327553
22.1,1.132613,3.548375,1.327469
22.2,1.133213,3.550791,1.327385
22.3,1.133813,3.553207,1.327301
22.4,1.134413,3.555622,1.327216
22.5,1.135014,3.558037,1.32713
22.6,1.135614,3.56045,1.327045
22.7,1.136214,3.562862,1.326959
22.8,1.136814,3.565274,1.326872
22.9,1.137414,3.567684,1.326785
23.0,1.138014,3.570094,1.326698
23.1,1.138614,3.572503,1.32661
23.2,1.139214,3.574911,1.326521
23.3,1.139814,3.577318,1.326433
23.4,1.140414,3.579724,1.326344
23.5,1.141014,3.582129,1.326254
23.6,1.141614,3.584533,1.326164
23.7,1.142214,3.586936,1.326073
23.8,1.142814,3.589339,1.325983
23.9,1.143414,3.59174,1.325891
24.0,1.144014,3.594141,1.325799
24.1,1.144614,3.59654,1.325707
24.2,1.145215,3.598939,1.325615
24.3,1.145815,3.601337,1.325521
24.4,1.146415,3.603733,1.325428
24.5,1.147015,3.606129,1.325334
24.6,1.147615,3.608524,1.325239
24.7,1.148215,3.610918,1.325145
24.8,1.148815,3.613311,1.325049
24.9,1.149415,3.615703,1.324953
25.0,1.150015,3.618094,1.324857
25.1,1.150615,3.620484,1.324761
25.2,1.151215,3.622873,1.324663
25.3,1.151815,3.625261,1.324566
25.4,1.152415,3.627648,1.324468
25.5,1.153015,3.630034,1.324369
25.6,1.153615,3.632419,1.324271
25.7,1.154215,3.634803,1.324171
25.8,1.154815,3.637186,1.324071
25.9,1.155416,3.639568,1.323971
26.0,1.156016,3.641949,1.32387
26.1,1.156616,3.644329,1.323769
26.2,1.157216,3.646708,1.323668
26.3,1.157816,3.649086,1.323565
26.4,1.158416,3.651463,1.323463
26.5,1.159016,3.653839,1.32336
26.6,1.159616,3.656214,1.323256
26.7,1.160216,3.658588,1.323153
26.8,1.160816,3.660961,1.323048
26.9,1.161416,3.663332,1.322943
27.0,1.162016,3.665703,1.322838
27.1,1.162616,3.668073,1.322732
27.2,1.163216,3.670441,1.322626
27.3,1.163816,3.672809,1.322519
27.4,1.164416,3.675175,1.322412
27.5,1.165017,3.677541,1.322304
27.6,1.165617,3.679905,1.322196
27.7,1.166217,3.682269,1.322088
27.8,1.166817,3.684631,1.321979
27.9,1.167417,3.686992,1.321869
28.0,1.168017,3.689352,1.321759
28.1,1.168617,3.691711,1.321649
28.2,1.169217,3.694069,1.321538
28.3,1.169817,3.696425,1.321426
28.4,1.170417,3.698781,1.321315
28.5,1.171017,3.701136,1.321202
28.6,1.171617,3.703489,1.321089
28.7,1.172217,3.705842,1.320976
28.8,1.172817,3.708193,1.320862
28.9,1.173417,3.710543,1.320748
29.0,1.174017,3.712892,1.320633
29.1,1.174617,3.71524,1.320518
29.2,1.175218,3.717586,1.320402
29.3,1.175818,3.719932,1.320286
29.4,1.176418,3.722277,1.320169
29.5,1.177018,3.72462,1.320052
29.6,1.177618,3.726962,1.319934
29.7,1.178218,3.729303,1.319816
29.8,1.178818,3.731643,1.319698
29.9,1.179418,3.733982,1.319579
30.0,1.180018,3.736319,1.319459
30.1,1.180618,3.738656,1.319339
30.2,1.181218,3.740991,1.319218
30.3,1.181818,3.743325,1.319097
30.4,1.182418,3.745658,1.318975
30.5,1.183018,3.74799,1.318853
30.6,1.183618,3.75032,1.318731
30.7,1.184218,3.752649,1.318608
30.8,1.184818,3.754978,1.318484
30.9,1.185419,3.757305,1.31836
31.0,1.186019,3.75963,1.318235
31.1,1.186619,3.761955,1.31811
31.2,1.187219,3.764278,1.317985
31.3,1.187819,3.7666,1.317859
31.4,1.188419,3.768921,1.317732
31.5,1.189019,3.771241,1.317605
31.6,1.189619,3.77356,1.317477
31.7,1.190219,3.775877,1.317349
31.8,1.190819,3.778193,1.31722
31.9,1.191419,3.780508,1.317091
32.0,1.192019,3.782821,1.316961
32.1,1.192619,3.785134,1.316831
32.2,1.193219,3.787445,1.316701
32.3,1.193819,3.789755,1.316569
32.4,1.194419,3.792063,1.316438
32.5,1.19502,3.794371,1.316305
32.6,1.19562,3.796677,1.316173
32.7,1.19622,3.798982,1.316039
32.8,1.19682,3.801285,1.315905
32.9,1.19742,3.803588,1.315771
33.0,1.19802,3.805889,1.315636
33.1,1.19862,3.808189,1.315501
33.2,1.19922,3.810487,1.315365
33.3,1.19982,3.812784,1.315228
33.4,1.20042,3.81508,1.315091
33.5,1.20102,3.817375,1.314954
33.6,1.20162,3.819668,1.314816
33.7,1.20222,3.82196,1.314677
33.8,1.20282,3.824251,1.314538
33.9,1.20342,3.826541,1.314399
34.0,1.20402,3.828829,1.314258
34.1,1.20462,3.831116,1.314118
34.2,1.205221,3.833401,1.313976
34.3,1.205821,3.835686,1.313835
34.4,1.206421,3.837969,1.313692
34.5,1.207021,3.84025,1.313549
34.6,1.207621,3.84253,1.313406
34.7,1.208221,3.844809,1.313262
34.8,1.208821,3.847087,1.313117
34.9,1.209421,3.849363,1.312972
35.0,1.210021,3.851638,1.312827
35.1,1.210621,3.853912,1.312681
35.2,1.211221,3.856184,1.312534
35.3,1.211821,3.858455,1.312387
35.4,1.212421,3.860724,1.312239
35.5,1.213021,3.862993,1.31209
35.6,1.213621,3.865259,1.311941
35.7,1.214221,3.867525,1.311792
35.8,1.214821,3.869789,1.311642
35.9,1.215422,3.872052,1.311491
36.0,1.216022,3.874313,1.31134
36.1,1.216622,3.876573,1.311188
36.2,1.217222,3.878831,1.311036
36.3,1.217822,3.881089,1.310883
36.4,1.218422,3.883344,1.31073
36.5,1.219022,3.885599,1.310576
36.6,1.219622,3.887852,1.310421
36.7,1.220222,3.890103,1.310266
36.8,1.220822,3.892353,1.31011
36.9,1.221422,3.894602,1.309954
37.0,1.222022,3.89685,1.309797
37.1,1.222622,3.899095,1.309639
37.2,1.223222,3.90134,1.309481
37.3,1.223822,3.903583,1.309323
37.4,1.224422,3.905825,1.309163
37.5,1.225023,3.908065,1.309004
37.6,1.225623,3.910304,1.308843
37.7,1.226223,3.912541,1.308682
37.8,1.226823,3.914777,1.308521
37.9,1.227423,3.917012,1.308358
38.0,1.228023,3.919245,1.308196
38.1,1.228623,3.921476,1.308032
38.2,1.229223,3.923706,1.307868
38.3,1.229823,3.925935,1.307704
38.4,1.230423,3.928162,1.307539
38.5,1.231023,3.930388,1.307373
38.6,1.231623,3.932612,1.307207
38.7,1.232223,3.934835,1.30704
38.8,1.232823,3.937056,1.306872
38.9,1.233423,3.939276,1.306704
39.0,1.234023,3.941494,1.306535
39.1,1.234623,3.943711,1.306366
39.2,1.235224,3.945927,1.306196
39.3,1.235824,3.94814,1.306025
39.4,1.236424,3.950353,1.305854
39.5,1.237024,3.952564,1.305682
39.6,1.237624,3.954773,1.30551
39.7,1.238224,3.956981,1.305337
39.8,1.238824,3.959187,1.305163
39.9,1.239424,3.961392,1.304989
40.0,1.240024,3.963595,1.304814
40.1,1.240624,3.965797,1.304638
40.2,1.241224,3.967998,1.304462
40.3,1.241824,3.970196,1.304285
40.4,1.242424,3.972393,1.304108
40.5,1.243024,3.974589,1.30393
40.6,1.243624,3.976783,1.303751
40.7,1.244224,3.978976,1.303572
40.8,1.244824,3.981167,1.303392
40.9,1.245425,3.983356,1.303211
41.0,1.246025,3.985544,1.30303
41.1,1.246625,3.987731,1.302848
41.2,1.247225,3.989916,1.302665
41.3,1.247825,3.992099,1.302482
41.4,1.248425,3.994281,1.302298
41.5,1.249025,3.996461,1.302114
41.6,1.249625,3.998639,1.301929
41.7,1.250225,4.000816,1.301743
41.8,1.250825,4.002992,1.301556
41.9,1.251425,4.005165,1.301369
42.0,1.252025,4.007338,1.301181
42.1,1.252625,4.009508,1.300993
42.2,1.253225,4.011677,1.300804
42.3,1.253825,4.013845,1.300614
42.4,1.254425,4.016011,1.300424
42.5,1.255026,4.018175,1.300232
42.6,1.255626,4.020337,1.300041
42.7,1.256226,4.022498,1.299848
42.8,1.256826,4.024658,1.299655
42.9,1.257426,4.026816,1.299461
43.0,1.258026,4.028972,1.299267
43.1,1.258626,4.031126,1.299072
43.2,1.259226,4.033279,1.298876
43.3,1.259826,4.03543,1.298679
43.4,1.260426,4.03758,1.298482
43.5,1.261026,4.039728,1.298284
43.6,1.261626,4.041874,1.298086
43.7,1.262226,4.044019,1.297886
43.8,1.262826,4.046162,1.297686
43.9,1.263426,4.048304,1.297486
44.0,1.264026,4.050443,1.297284
44.1,1.264626,4.052581,1.297082
44.2,1.265227,4.054718,1.296879
44.3,1.265827,4.056853,1.296676
44.4,1.266427,4.058986,1.296472
44.5,1.267027,4.061117,1.296267
44.6,1.267627,4.063247,1.296061
44.7,1.268227,4.065375,1.295855
44.8,1.268827,4.067501,1.295648
44.9,1.269427,4.069626,1.29544
45.0,1.270027,4.071749,1.295231
45.1,1.270627,4.07387,1.295022
45.2,1.271227,4.07599,1.294812
45.3,1.271827,4.078108,1.294602
45.4,1.272427,4.080224,1.29439
45.5,1.273027,4.082339,1.294178
45.6,1.273627,4.084451,1.293965
45.7,1.274227,4.086563,1.293752
45.8,1.274827,4.088672,1.293537
45.9,1.275428,4.09078,1.293322
46.0,1.276028,4.092886,1.293106
46.1,1.276628,4.09499,1.29289
46.2,1.277228,4.097092,1.292673
46.3,1.277828,4.099193,1.292455
46.4,1.278428,4.101292,1.292236
46.5,1.279028,4.103389,1.292016
46.6,1.279628,4.105485,1.291796
46.7,1.280228,4.107579,1.291575
46.8,1.280828,4.109671,1.291353
46.9,1.281428,4.111761,1.29113
47.0,1.282028,4.113849,1.290907
47.1,1.282628,4.115936,1.290683
47.2,1.283228,4.118021,1.290458
47.3,1.283828,4.120104,1.290232
47.4,1.284428,4.122186,1.290006
47.5,1.285029,4.124266,1.289779
47.6,1.285629,4.126343,1.289551
47.7,1.286229,4.12842,1.289322
47.8,1.286829,4.130494,1.289092
47.9,1.287429,4.132566,1.288862
48.0,1.288029,4.134637,1.288631
48.1,1.288629,4.136706,1.288399
48.2,1.289229,4.138773,1.288166
48.3,1.289829,4.140839,1.287933
48.4,1.290429,4.142902,1.287698
48.5,1.291029,4.144964,1.287463
48.6,1.291629,4.147024,1.287227
48.7,1.292229,4.149082,1.286991
48.8,1.292829,4.151139,1.286753
48.9,1.293429,4.153193,1.286515
49.0,1.294029,4.155246,1.286275
49.1,1.294629,4.157297,1.286035
49.2,1.29523,4.159346,1.285795
49.3,1.29583,4.161393,1.285553
49.4,1.29643,4.163439,1.285311
49.5,1.29703,4.165482,1.285067
49.6,1.29763,4.167524,1.284823
49.7,1.29823,4.169564,1.284578
49.8,1.29883,4.171602,1.284332
49.9,1.29943,4.173638,1.284086
50.0,1.30003,4.175672,1.283838
50.1,1.30063,4.177705,1.28359
50.2,1.30123,4.179735,1.283341
50.3,1.30183,4.181764,1.283091
50.4,1.30243,4.183791,1.28284
50.5,1.30303,4.185816,1.282588
50.6,1.30363,4.187839,1.282336
50.7,1.30423,4.18986,1.282082
50.8,1.30483,4.19188,1.281828
50.9,1.305431,4.193897,1.281573
51.0,1.306031,4.195913,1.281316
51.1,1.306631,4.197926,1.28106
51.2,1.307231,4.199938,1.280802
51.3,1.307831,4.201948,1.280543
51.4,1.308431,4.203956,1.280283
51.5,1.309031,4.205962,1.280023
51.6,1.309631,4.207967,1.279762
51.7,1.310231,4.209969,1.279499
51.8,1.310831,4.211969,1.279236
51.9,1.311431,4.213968,1.278972
52.0,1.312031,4.215964,1.278707
52.1,1.312631,4.217959,1.278441
52.2,1.313231,4.219952,1.278175
52.3,1.313831,4.221943,1.277907
52.4,1.314431,4.223931,1.277639
52.5,1.315032,4.225918,1.277369
52.6,1.315632,4.227903,1.277099
52.7,1.316232,4.229886,1.276827
52.8,1.316832,4.231868,1.276555
52.9,1.317432,4.233847,1.276282
53.0,1.318032,4.235824,1.276008
53.1,1.318632,4.237799,1.275733
53.2,1.319232,4.239773,1.275457
53.3,1.319832,4.241744,1.27518
53.4,1.320432,4.243713,1.274902
53.5,1.321032,4.245681,1.274623
53.6,1.321632,4.247646,1.274343
53.7,1.322232,4.24961,1.274063
53.8,1.322832,4.251571,1.273781
53.9,1.323432,4.253531,1.273498
54.0,1.324032,4.255488,1.273215
54.1,1.324632,4.257444,1.27293
54.2,1.325233,4.259398,1.272644
54.3,1.325833,4.261349,1.272358
54.4,1.326433,4.263299,1.27207
54.5,1.327033,4.265246,1.271782
54.6,1.327633,4.267192,1.271492
54.7,1.328233,4.269136,1.271202
54.8,1.328833,4.271077,1.27091
54.9,1.329433,4.273017,1.270618
55.0,1.330033,4.274954,1.270325
55.1,1.330633,4.27689,1.27003
55.2,1.331233,4.278824,1.269735
55.3,1.331833,4.280755,1.269438
55.4,1.332433,4.282685,1.269141
55.5,1.333033,4.284612,1.268842
55.6,1.333633,4.286538,1.268542
55.7,1.334233,4.288461,1.268242
55.8,1.334833,4.290383,1.26794
55.9,1.335434,4.292302,1.267638
56.0,1.336034,4.294219,1.267334
56.1,1.336634,4.296135,1.267029
56.2,1.337234,4.298048,1.266723
56.3,1.337834,4.299959,1.266417
56.4,1.338434,4.301868,1.266109
56.5,1.339034,4.303775,1.2658
56.6,1.339634,4.30568,1.26549
56.7,1.340234,4.307583,1.265179
56.8,1.340834,4.309484,1.264867
56.9,1.341434,4.311383,1.264554
57.0,1.342034,4.31328,1.264239
57.1,1.342634,4.315174,1.263924
57.2,1.343234,4.317067,1.263607
57.3,1.343834,4.318957,1.26329
57.4,1.344434,4.320846,1.262971
57.5,1.345035,4.322732,1.262652
57.6,1.345635,4.324616,1.262331
57.7,1.346235,4.326499,1.262009
57.8,1.346835,4.328379,1.261686
57.9,1.347435,4.330257,1.261362
58.0,1.348035,4.332132,1.261036
58.1,1.348635,4.334006,1.26071
58.2,1.349235,4.335878,1.260383
58.3,1.349835,4.337747,1.260054
58.4,1.350435,4.339615,1.259724
58.5,1.351035,4.34148,1.259393
58.6,1.351635,4.343343,1.259061
58.7,1.352235,4.345205,1.258728
58.8,1.352835,4.347063,1.258394
58.9,1.353435,4.34892,1.258058
59.0,1.354035,4.350775,1.257721
59.1,1.354635,4.352628,1.257384
59.2,1.355236,4.354478,1.257045
59.3,1.355836,4.356326,1.256704
59.4,1.356436,4.358172,1.256363
59.5,1.357036,4.360016,1.256021
59.6,1.357636,4.361858,1.255677
59.7,1.358236,4.363698,1.255332
59.8,1.358836,4.365536,1.254986
59.9,1.359436,4.367371,1.254638
60.0,1.360036,4.369204,1.25429
60.1,1.360636,4.371035,1.25394
60.2,1.361236,4.372864,1.253589
60.3,1.361836,4.374691,1.253237
60.4,1.362436,4.376515,1.252884
60.5,1.363036,4.378338,1.252529
60.6,1.363636,4.380158,1.252173
60.7,1.364236,4.381976,1.251816
60.8,1.364836,4.383792,1.251458
60.9,1.365437,4.385606,1.251098
61.0,1.366037,4.387417,1.250737
61.1,1.366637,4.389226,1.250375
61.2,1.367237,4.391033,1.250012
61.3,1.367837,4.392838,1.249647
61.4,1.368437,4.394641,1.249281
61.5,1.369037,4.396442,1.248914
61.6,1.369637,4.39824,1.248545
61.7,1.370237,4.400036,1.248176
61.8,1.370837,4.40183,1.247805
61.9,1.371437,4.403621,1.247432
62.0,1.372037,4.405411,1.247058
62.1,1.372637,4.407198,1.246683
62.2,1.373237,4.408983,1.246307
62.3,1.373837,4.410766,1.245929
62.4,1.374437,4.412546,1.24555
62.5,1.375038,4.414325,1.24517
62.6,1.375638,4.416101,1.244789
62.7,1.376238,4.417875,1.244406
62.8,1.376838,4.419646,1.244021
62.9,1.377438,4.421416,1.243636
63.0,1.378038,4.423183,1.243248
63.1,1.378638,4.424947,1.24286
63.2,1.379238,4.42671,1.24247
63.3,1.379838,4.42847,1.242079
63.4,1.380438,4.430229,1.241687
63.5,1.381038,4.431984,1.241293
63.6,1.381638,4.433738,1.240897
63.7,1.382238,4.435489,1.240501
63.8,1.382838,4.437238,1.240102
63.9,1.383438,4.438985,1.239703
64.0,1.384038,4.44073,1.239302
64.1,1.384638,4.442472,1.238899
64.2,1.385239,4.444212,1.238496
64.3,1.385839,4.445949,1.23809
64.4,1.386439,4.447685,1.237684
64.5,1.387039,4.449418,1.237276
64.6,1.387639,4.451149,1.236866
64.7,1.388239,4.452877,1.236455
64.8,1.388839,4.454604,1.236042
64.9,1.389439,4.456327,1.235628
65.0,1.390039,4.458049,1.235213
65.1,1.390639,4.459768,1.234796
65.2,1.391239,4.461485,1.234377
65.3,1.391839,4.4632,1.233958
65.4,1.392439,4.464913,1.233536
65.5,1.393039,4.466623,1.233113
65.6,1.393639,4.46833,1.232689
65.7,1.394239,4.470036,1.232263
65.8,1.394839,4.471739,1.231835
65.9,1.39544,4.47344,1.231406
66.0,1.39604,4.475138,1.230975
66.1,1.39664,4.476834,1.230543
66.2,1.39724,4.478528,1.23011
66.3,1.39784,4.48022,1.229674
66.4,1.39844,4.481909,1.229237
66.5,1.39904,4.483596,1.228799
66.6,1.39964,4.48528,1.228359
66.7,1.40024,4.486962,1.227917
66.8,1.40084,4.488642,1.227474
66.9,1.40144,4.490319,1.227029
67.0,1.40204,4.491994,1.226583
67.1,1.40264,4.493667,1.226135
67.2,1.40324,4.495337,1.225685
67.3,1.40384,4.497005,1.225234
67.4,1.40444,4.498671,1.224781
67.5,1.405041,4.500334,1.224327
67.6,1.405641,4.501995,1.22387
67.7,1.406241,4.503654,1.223412
67.8,1.406841,4.50531,1.222953
67.9,1.407441,4.506964,1.222492
68.0,1.408041,4.508615,1.222029
68.1,1.408641,4.510264,1.221564
68.2,1.409241,4.511911,1.221098
68.3,1.409841,4.513555,1.22063
68.4,1.410441,4.515197,1.22016
68.5,1.411041,4.516836,1.219689
68.6,1.411641,4.518473,1.219216
68.7,1.412241,4.520108,1.218741
68.8,1.412841,4.52174,1.218264
68.9,1.413441,4.52337,1.217786
69.0,1.414041,4.524997,1.217306
69.1,1.414641,4.526622,1.216824
69.2,1.415242,4.528245,1.21634
69.3,1.415842,4.529865,1.215855
69.4,1.416442,4.531483,1.215367
69.5,1.417042,4.533098,1.214878
69.6,1.417642,4.534711,1.214387
69.7,1.418242,4.536322,1.213895
69.8,1.418842,4.53793,1.2134
69.9,1.419442,4.539535,1.212904
70.0,1.420042,4.541139,1.212406
70.1,1.420642,4.542739,1.211906
70.2,1.421242,4.544338,1.211404
70.3,1.421842,4.545934,1.2109
70.4,1.422442,4.547527,1.210394
70.5,1.423042,4.549118,1.209887
70.6,1.423642,4.550707,1.209377
70.7,1.424242,4.552293,1.208866
70.8,1.424842,4.553877,1.208353
70.9,1.425443,4.555458,1.207838
71.0,1.426043,4.557037,1.207321
71.1,1.426643,4.558613,1.206802
71.2,1.427243,4.560187,1.206281
71.3,1.427843,4.561758,1.205758
71.4,1.428443,4.563327,1.205233
71.5,1.429043,4.564894,1.204706
71.6,1.429643,4.566458,1.204177
71.7,1.430243,4.568019,1.203647
71.8,1.430843,4.569578,1.203114
71.9,1.431443,4.571135,1.202579
72.0,1.432043,4.572689,1.202042
72.1,1.432643,4.57424,1.201503
72.2,1.433243,4.575789,1.200962
72.3,1.433843,4.577336,1.200419
72.4,1.434443,4.57888,1.199874
72.5,1.435044,4.580422,1.199327
72.6,1.435644,4.581961,1.198778
72.7,1.436244,4.583497,1.198227
72.8,1.436844,4.585032,1.197674
72.9,1.437444,4.586563,1.197118
73.0,1.438044,4.588092,1.196561
73.1,1.438644,4.589619,1.196001
73.2,1.439244,4.591143,1.195439
73.3,1.439844,4.592665,1.194875
73.4,1.440444,4.594184,1.194309
73.5,1.441044,4.5957,1.193741
73.6,1.441644,4.597214,1.19317
73.7,1.442244,4.598726,1.192598
73.8,1.442844,4.600235,1.192023
73.9,1.443444,4.601741,1.191446
74.0,1.444044,4.603245,1.190867
74.1,1.444644,4.604747,1.190285
74.2,1.445245,4.606245,1.189701
74.3,1.445845,4.607742,1.189115
74.4,1.446445,4.609236,1.188527
74.5,1.447045,4.610727,1.187936
74.6,1.447645,4.612215,1.187344
74.7,1.448245,4.613702,1.186749
74.8,1.448845,4.615185,1.186151
74.9,1.449445,4.616666,1.185551
75.0,1.450045,4.618145,1.184949
75.1,1.450645,4.619621,1.184345
75.2,1.451245,4.621094,1.183738
75.3,1.451845,4.622565,1.183129
75.4,1.452445,4.624033,1.182517
75.5,1.453045,4.625499,1.181903
75.6,1.453645,4.626962,1.181287
75.7,1.454245,4.628423,1.180668
75.8,1.454845,4.629881,1.180047
75.9,1.455446,4.631336,1.179424
76.0,1.456046,4.632789,1.178798
76.1,1.456646,4.634239,1.178169
76.2,1.457246,4.635687,1.177538
76.3,1.457846,4.637132,1.176905
76.4,1.458446,4.638574,1.176269
76.5,1.459046,4.640014,1.17563
76.6,1.459646,4.641452,1.174989
76.7,1.460246,4.642886,1.174346
76.8,1.460846,4.644318,1.1737
76.9,1.461446,4.645748,1.173051
77.0,1.462046,4.647175,1.1724
77.1,1.462646,4.648599,1.171746
77.2,1.463246,4.650021,1.17109
77.3,1.463846,4.65144,1.170431
77.4,1.464446,4.652857,1.169769
77.5,1.465047,4.654271,1.169105
77.6,1.465647,4.655682,1.168438
77.7,1.466247,4.657091,1.167768
77.8,1.466847,4.658497,1.167096
77.9,1.467447,4.6599,1.166421
78.0,1.468047,4.661301,1.165743
78.1,1.468647,4.662699,1.165063
78.2,1.469247,4.664095,1.16438
78.3,1.469847,4.665488,1.163694
78.4,1.470447,4.666878,1.163005
78.5,1.471047,4.668266,1.162314
78.6,1.471647,4.669651,1.161619
78.7,1.472247,4.671033,1.160922
78.8,1.472847,4.672413,1.160222
78.9,1.473447,4.67379,1.15952
79.0,1.474047,4.675165,1.158814
79.1,1.474647,4.676536,1.158106
79.2,1.475248,4.677906,1.157394
79.3,1.475848,4.679272,1.15668
79.4,1.476448,4.680636,1.155963
79.5,1.477048,4.681997,1.155243
79.6,1.477648,4.683356,1.15452
79.7,1.478248,4.684712,1.153794
79.8,1.478848,4.686065,1.153065
79.9,1.479448,4.687416,1.152333
80.0,1.480048,4.688764,1.151598
80.1,1.480648,4.690109,1.15086
80.2,1.481248,4.691451,1.150119
80.3,1.481848,4.692791,1.149375
80.4,1.482448,4.694129,1.148628
80.5,1.483048,4.695463,1.147878
80.6,1.483648,4.696795,1.147125
80.7,1.484248,4.698124,1.146368
80.8,1.484848,4.699451,1.145609
80.9,1.485449,4.700775,1.144846
81.0,1.486049,4.702096,1.14408
81.1,1.486649,4.703414,1.143311
81.2,1.487249,4.70473,1.142539
81.3,1.487849,4.706043,1.141764
81.4,1.488449,4.707354,1.140985
81.5,1.489049,4.708661,1.140203
81.6,1.489649,4.709966,1.139418
81.7,1.490249,4.711269,1.138629
81.8,1.490849,4.712568,1.137837
81.9,1.491449,4.713865,1.137042
82.0,1.492049,4.715159,1.136244
82.1,1.492649,4.716451,1.135442
82.2,1.493249,4.71774,1.134637
82.3,1.493849,4.719026,1.133828
82.4,1.494449,4.720309,1.133016
82.5,1.49505,4.72159,1.1322
82.6,1.49565,4.722868,1.131381
82.7,1.49625,4.724143,1.130559
82.8,1.49685,4.725415,1.129733
82.9,1.49745,4.726685,1.128904
83.0,1.49805,4.727952,1.128071
83.1,1.49865,4.729216,1.127234
83.2,1.49925,4.730478,1.126394
83.3,1.49985,4.731737,1.12555
83.4,1.50045,4.732993,1.124703
83.5,1.50105,4.734246,1.123852
83.6,1.50165,4.735497,1.122998
83.7,1.50225,4.736744,1.122139
83.8,1.50285,4.73799,1.121277
83.9,1.50345,4.739232,1.120412
84.0,1.50405,4.740472,1.119542
84.1,1.50465,4.741708,1.118669
84.2,1.505251,4.742943,1.117792
84.3,1.505851,4.744174,1.116912
84.4,1.506451,4.745403,1.116027
84.5,1.507051,4.746628,1.115139
84.6,1.507651,4.747851,1.114247
84.7,1.508251,4.749072,1.113351
84.8,1.508851,4.750289,1.112451
84.9,1.509451,4.751504,1.111547
85.0,1.510051,4.752716,1.110639
85.1,1.510651,4.753926,1.109727
85.2,1.511251,4.755132,1.108811
85.3,1.511851,4.756336,1.107891
85.4,1.512451,4.757537,1.106967
85.5,1.513051,4.758735,1.106039
85.6,1.513651,4.75993,1.105107
85.7,1.514251,4.761123,1.104171
85.8,1.514851,4.762313,1.103231
85.9,1.515452,4.7635,1.102287
86.0,1.516052,4.764684,1.101338
86.1,1.516652,4.765866,1.100385
86.2,1.517252,4.767044,1.099428
86.3,1.517852,4.76822,1.098467
86.4,1.518452,4.769393,1.097502
86.5,1.519052,4.770564,1.096532
86.6,1.519652,4.771731,1.095558
86.7,1.520252,4.772896,1.094579
86.8,1.520852,4.774058,1.093596
86.9,1.521452,4.775217,1.092609
87.0,1.522052,4.776373,1.091617
87.1,1.522652,4.777527,1.090621
87.2,1.523252,4.778678,1.089621
87.3,1.523852,4.779826,1.088616
87.4,1.524452,4.780971,1.087606
87.5,1.525053,4.782113,1.086592
87.6,1.525653,4.783252,1.085573
87.7,1.526253,4.784389,1.08455
87.8,1.526853,4.785523,1.083522
87.9,1.527453,4.786654,1.082489
88.0,1.528053,4.787782,1.081452
88.1,1.528653,4.788907,1.080409
88.2,1.529253,4.79003,1.079363
88.3,1.529853,4.79115,1.078311
88.4,1.530453,4.792267,1.077255
88.5,1.531053,4.793381,1.076193
88.6,1.531653,4.794492,1.075127
88.7,1.532253,4.7956,1.074056
88.8,1.532853,4.796706,1.072981
88.9,1.533453,4.797808,1.0719
89.0,1.534053,4.798908,1.070814
89.1,1.534653,4.800005,1.069723
89.2,1.535254,4.801099,1.068627
89.3,1.535854,4.802191,1.067527
89.4,1.536454,4.803279,1.066421
89.5,1.537054,4.804365,1.06531
89.6,1.537654,4.805448,1.064193
89.7,1.538254,4.806528,1.063072
89.8,1.538854,4.807605,1.061945
89.9,1.539454,4.808679,1.060813
90.0,1.540054,4.80975,1.059676
90.1,1.540654,4.810819,1.058534
90.2,1.541254,4.811885,1.057386
90.3,1.541854,4.812947,1.056233
90.4,1.542454,4.814007,1.055074
90.5,1.543054,4.815064,1.05391
90.6,1.543654,4.816119,1.052741
90.7,1.544254,4.81717,1.051566
90.8,1.544854,4.818218,1.050386
90.9,1.545455,4.819264,1.049199
91.0,1.546055,4.820307,1.048008
91.1,1.546655,4.821347,1.046811
91.2,1.547255,4.822384,1.045608
91.3,1.547855,4.823418,1.044399
91.4,1.548455,4.824449,1.043184
91.5,1.549055,4.825477,1.041964
91.6,1.549655,4.826503,1.040738
91.7,1.550255,4.827525,1.039506
91.8,1.550855,4.828545,1.038269
91.9,1.551455,4.829562,1.037025
92.0,1.552055,4.830576,1.035776
92.1,1.552655,4.831587,1.03452
92.2,1.553255,4.832595,1.033258
92.3,1.553855,4.8336,1.031991
92.4,1.554455,4.834602,1.030717
92.5,1.555056,4.835602,1.029437
92.6,1.555656,4.836598,1.028151
92.7,1.556256,4.837592,1.026859
92.8,1.556856,4.838582,1.02556
92.9,1.557456,4.83957,1.024256
93.0,1.558056,4.840555,1.022944
93.1,1.558656,4.841537,1.021627
93.2,1.559256,4.842516,1.020303
93.3,1.559856,4.843492,1.018973
93.4,1.560456,4.844466,1.017636
93.5,1.561056,4.845436,1.016293
93.6,1.561656,4.846404,1.014943
93.7,1.562256,4.847368,1.013586
93.8,1.562856,4.84833,1.012223
93.9,1.563456,4.849288,1.010853
94.0,1.564056,4.850244,1.009477
94.1,1.564656,4.851197,1.008093
94.2,1.565257,4.852147,1.006703
94.3,1.565857,4.853094,1.005306
94.4,1.566457,4.854038,1.003902
94.5,1.567057,4.854979,1.002491
94.6,1.567657,4.855917,1.001074
94.7,1.568257,4.856853,0.999649
94.8,1.568857,4.857785,0.998217
94.9,1.569457,4.858714,0.996778
95.0,1.570057,4.859641,0.995332
95.1,1.570657,4.860564,0.993878
95.2,1.571257,4.861485,0.992418
95.3,1.571857,4.862403,0.99095
95.4,1.572457,4.863317,0.989475
95.5,1.573057,4.864229,0.987992
95.6,1.573657,4.865138,0.986502
95.7,1.574257,4.866044,0.985004
95.8,1.574857,4.866947,0.983499
95.9,1.575458,4.867847,0.981987
96.0,1.576058,4.868744,0.980466
96.1,1.576658,4.869638,0.978938
96.2,1.577258,4.870529,0.977403
96.3,1.577858,4.871417,0.975859
96.4,1.578458,4.872303,0.974308
96.5,1.579058,4.873185,0.972749
96.6,1.579658,4.874064,0.971182
96.7,1.580258,4.87494,0.969607
96.8,1.580858,4.875814,0.968024
96.9,1.581458,4.876684,0.966434
97.0,1.582058,4.877552,0.964834
97.1,1.582658,4.878416,0.963227
97.2,1.583258,4.879278,0.961612
97.3,1.583858,4.880136,0.959988
97.4,1.584458,4.880992,0.958356
97.5,1.585059,4.881845,0.956716
97.6,1.585659,4.882694,0.955067
97.7,1.586259,4.883541,0.95341
97.8,1.586859,4.884385,0.951744
97.9,1.587459,4.885225,0.95007
98.0,1.588059,4.886063,0.948387
98.1,1.588659,4.886898,0.946695
98.2,1.589259,4.88773,0.944994
98.3,1.589859,4.888558,0.943285
98.4,1.590459,4.889384,0.941567
98.5,1.591059,4.890207,0.93984
98.6,1.591659,4.891027,0.938104
98.7,1.592259,4.891844,0.936359
98.8,1.592859,4.892658,0.934605
98.9,1.593459,4.893469,0.932842
99.0,1.594059,4.894276,0.93107
99.1,1.594659,4.895081,0.929288
99.2,1.59526,4.895883,0.927498
99.3,1.59586,4.896682,0.925697
99.4,1.59646,4.897478,0.923888
99.5,1.59706,4.898271,0.922069
99.6,1.59766,4.899061,0.92024
99.7,1.59826,4.899848,0.918402
99.8,1.59886,4.900632,0.916554
99.9,1.59946,4.901413,0.914696
100.0,1.60006,4.902191,0.912829
100.1,1.60066,4.902966,0.910952
100.2,1.60126,4.903738,0.909065
100.3,1.60186,4.904506,0.907167
100.4,1.60246,4.905272,0.90526
100.5,1.60306,4.906035,0.903343
100.6,1.60366,4.906795,0.901416
100.7,1.60426,4.907552,0.899478
100.8,1.60486,4.908306,0.897531
100.9,1.605461,4.909057,0.895572
101.0,1.606061,4.909804,0.893604
101.1,1.606661,4.910549,0.891625
101.2,1.607261,4.911291,0.889635
101.3,1.607861,4.91203,0.887635
101.4,1.608461,4.912766,0.885624
101.5,1.609061,4.913498,0.883603
101.6,1.609661,4.914228,0.881571
101.7,1.610261,4.914955,0.879528
101.8,1.610861,4.915678,0.877474
101.9,1.611461,4.916399,0.875409
102.0,1.612061,4.917117,0.873332
102.1,1.612661,4.917831,0.871245
102.2,1.613261,4.918543,0.869147
102.3,1.613861,4.919251,0.867037
102.4,1.614461,4.919957,0.864916
102.5,1.615062,4.920659,0.862784
102.6,1.615662,4.921359,0.86064
102.7,1.616262,4.922055,0.858485
102.8,1.616862,4.922748,0.856318
102.9,1.617462,4.923439,0.854139
103.0,1.618062,4.924126,0.851949
103.1,1.618662,4.92481,0.849747
103.2,1.619262,4.925491,0.847533
103.3,1.619862,4.92617,0.845307
103.4,1.620462,4.926845,0.843069
103.5,1.621062,4.927517,0.840819
103.6,1.621662,4.928186,0.838556
103.7,1.622262,4.928852,0.836282
103.8,1.622862,4.929515,0.833995
103.9,1.623462,4.930175,0.831696
104.0,1.624062,4.930831,0.829384
104.1,1.624662,4.931485,0.82706
104.2,1.625263,4.932136,0.824723
104.3,1.625863,4.932784,0.822374
104.4,1.626463,4.933428,0.820012
104.5,1.627063,4.93407,0.817637
104.6,1.627663,4.934708,0.815249
104.7,1.628263,4.935344,0.812848
104.8,1.628863,4.935976,0.810434
104.9,1.629463,4.936606,0.808007
105.0,1.630063,4.937232,0.805567
105.1,1.630663,4.937855,0.803114
105.2,1.631263,4.938475,0.800647
105.3,1.631863,4.939092,0.798167
105.4,1.632463,4.939707,0.795674
105.5,1.633063,4.940318,0.793166
105.6,1.633663,4.940925,0.790646
105.7,1.634263,4.94153,0.788111
105.8,1.634863,4.942132,0.785563
105.9,1.635464,4.942731,0.783001
106.0,1.636064,4.943326,0.780425
106.1,1.636664,4.943919,0.777835
106.2,1.637264,4.944509,0.775231
106.3,1.637864,4.945095,0.772612
106.4,1.638464,4.945678,0.76998
106.5,1.639064,4.946259,0.767333
106.6,1.639664,4.946836,0.764672
106.7,1.640264,4.94741,0.761996
106.8,1.640864,4.947981,0.759306
106.9,1.641464,4.948549,0.756602
107.0,1.642064,4.949114,0.753882
107.1,1.642664,4.949676,0.751148
107.2,1.643264,4.950235,0.748399
107.3,1.643864,4.95079,0.745635
107.4,1.644464,4.951343,0.742856
107.5,1.645065,4.951892,0.740062
107.6,1.645665,4.952439,0.737253
107.7,1.646265,4.952982,0.734429
107.8,1.646865,4.953523,0.73159
107.9,1.647465,4.95406,0.728735
108.0,1.648065,4.954594,0.725865
108.1,1.648665,4.955125,0.722979
108.2,1.649265,4.955653,0.720078
108.3,1.649865,4.956178,0.717161
108.4,1.650465,4.956699,0.714228
108.5,1.651065,4.957218,0.71128
108.6,1.651665,4.957733,0.708316
108.7,1.652265,4.958246,0.705335
108.8,1.652865,4.958755,0.702339
108.9,1.653465,4.959262,0.699327
109.0,1.654065,4.959765,0.696299
109.1,1.654665,4.960265,0.693254
109.2,1.655266,4.960762,0.690194
109.3,1.655866,4.961256,0.687116
109.4,1.656466,4.961747,0.684023
109.5,1.657066,4.962234,0.680913
109.6,1.657666,4.962719,0.677787
109.7,1.658266,4.9632,0.674643
109.8,1.658866,4.963679,0.671484
109.9,1.659466,4.964154,0.668307
110.0,1.660066,4.964626,0.665114
110.1,1.660666,4.965095,0.661904
110.2,1.661266,4.965561,0.658677
110.3,1.661866,4.966024,0.655433
110.4,1.662466,4.966484,0.652172
110.5,1.663066,4.966941,0.648894
110.6,1.663666,4.967394,0.645599
110.7,1.664266,4.967845,0.642286
110.8,1.664866,4.968292,0.638957
110.9,1.665467,4.968736,0.63561
111.0,1.666067,4.969177,0.632245
111.1,1.666667,4.969616,0.628864
111.2,1.667267,4.97005,0.625464
111.3,1.667867,4.970482,0.622048
111.4,1.668467,4.970911,0.618613
111.5,1.669067,4.971336,0.615161
111.6,1.669667,4.971759,0.611692
111.7,1.670267,4.972178,0.608204
111.8,1.670867,4.972595,0.604699
111.9,1.671467,4.973008,0.601176
112.0,1.672067,4.973418,0.597635
112.1,1.672667,4.973825,0.594077
112.2,1.673267,4.974228,0.5905
112.3,1.673867,4.974629,0.586906
112.4,1.674467,4.975026,0.583293
112.5,1.675068,4.975421,0.579663
112.6,1.675668,4.975812,0.576014
112.7,1.676268,4.9762,0.572347
112.8,1.676868,4.976585,0.568662
112.9,1.677468,4.976967,0.564959
113.0,1.678068,4.977346,0.561238
113.1,1.678668,4.977722,0.557498
113.2,1.679268,4.978094,0.553741
113.3,1.679868,4.978464,0.549965
113.4,1.680468,4.97883,0.546171
113.5,1.681068,4.979193,0.542358
113.6,1.681668,4.979553,0.538527
113.7,1.682268,4.97991,0.534678
113.8,1.682868,4.980264,0.530811
113.9,1.683468,4.980615,0.526925
114.0,1.684068,4.980962,0.523021
114.1,1.684668,4.981307,0.519099
114.2,1.685269,4.981648,0.515158
114.3,1.685869,4.981986,0.511199
114.4,1.686469,4.982321,0.507221
114.5,1.687069,4.982653,0.503225
114.6,1.687669,4.982982,0.499211
114.7,1.688269,4.983308,0.495179
114.8,1.688869,4.98363,0.491128
114.9,1.689469,4.983949,0.487059
115.0,1.690069,4.984266,0.482972
115.1,1.690669,4.984579,0.478866
115.2,1.691269,4.984889,0.474742
115.3,1.691869,4.985196,0.470601
115.4,1.692469,4.985499,0.46644
115.5,1.693069,4.9858,0.462262
115.6,1.693669,4.986097,0.458066
115.7,1.694269,4.986391,0.453851
115.8,1.694869,4.986683,0.449619
115.9,1.69547,4.986971,0.445368
116.0,1.69607,4.987256,0.4411
116.1,1.69667,4.987537,0.436814
116.2,1.69727,4.987816,0.43251
116.3,1.69787,4.988091,0.428188
116.4,1.69847,4.988364,0.423848
116.5,1.69907,4.988633,0.419491
116.6,1.69967,4.988899,0.415116
116.7,1.70027,4.989162,0.410724
116.8,1.70087,4.989421,0.406314
116.9,1.70147,4.989678,0.401887
117.0,1.70207,4.989932,0.397442
117.1,1.70267,4.990182,0.39298
117.2,1.70327,4.990429,0.388502
117.3,1.70387,4.990673,0.384006
117.4,1.70447,4.990914,0.379493
117.5,1.705071,4.991152,0.374963
117.6,1.705671,4.991386,0.370417
117.7,1.706271,4.991618,0.365854
117.8,1.706871,4.991846,0.361274
117.9,1.707471,4.992071,0.356678
118.0,1.708071,4.992293,0.352066
118.1,1.708671,4.992512,0.347437
118.2,1.709271,4.992728,0.342793
118.3,1.709871,4.99294,0.338132
118.4,1.710471,4.99315,0.333456
118.5,1.711071,4.993356,0.328764
118.6,1.711671,4.993559,0.324056
118.7,1.712271,4.993759,0.319333
118.8,1.712871,4.993956,0.314595
118.9,1.713471,4.99415,0.309841
119.0,1.714071,4.99434,0.305073
119.1,1.714671,4.994528,0.30029
119.2,1.715272,4.994712,0.295492
119.3,1.715872,4.994893,0.29068
119.4,1.716472,4.995071,0.285853
119.5,1.717072,4.995246,0.281012
119.6,1.717672,4.995417,0.276157
119.7,1.718272,4.995586,0.271289
119.8,1.718872,4.995751,0.266406
119.9,1.719472,4.995913,0.261511
120.0,1.720072,4.996072,0.256602
120.1,1.720672,4.996228,0.251679
120.2,1.721272,4.996381,0.246745
120.3,1.721872,4.996531,0.241797
120.4,1.722472,4.996677,0.236837
120.5,1.723072,4.99682,0.231865
120.6,1.723672,4.99696,0.22688
120.7,1.724272,4.997097,0.221884
120.8,1.724872,4.997231,0.216876
120.9,1.725473,4.997362,0.211857
121.0,1.726073,4.997489,0.206826
121.1,1.726673,4.997614,0.201785
121.2,1.727273,4.997735,0.196733
121.3,1.727873,4.997853,0.19167
121.4,1.728473,4.997968,0.186597
121.5,1.729073,4.998079,0.181514
121.6,1.729673,4.998188,0.176421
121.7,1.730273,4.998293,0.171319
121.8,1.730873,4.998395,0.166208
121.9,1.731473,4.998495,0.161087
122.0,1.732073,4.99859,0.155958
122.1,1.732673,4.998683,0.15082
122.2,1.733273,4.998773,0.145674
122.3,1.733873,4.998859,0.140519
122.4,1.734473,4.998943,0.135357
122.5,1.735074,4.999023,0.130188
122.6,1.735674,4.9991,0.125011
122.7,1.736274,4.999174,0.119828
122.8,1.736874,4.999244,0.114638
122.9,1.737474,4.999312,0.109441
123.0,1.738074,4.999376,0.104238
123.1,1.738674,4.999437,0.09903
123.2,1.739274,4.999495,0.093816
123.3,1.739874,4.99955,0.088596
123.4,1.740474,4.999602,0.083372
123.5,1.741074,4.999651,0.078143
123.6,1.741674,4.999696,0.072909
123.7,1.742274,4.999738,0.067672
123.8,1.742874,4.999777,0.06243
123.9,1.743474,4.999813,0.057185
124.0,1.744074,4.999846,0.051937
124.1,1.744674,4.999876,0.046686
124.2,1.745275,4.999902,0.041432
124.3,1.745875,4.999925,0.036176
124.4,1.746475,4.999945,0.030918
124.5,1.747075,4.999962,0.025658
124.6,1.747675,4.999976,0.020396
124.7,1.748275,4.999987,0.015134
124.8,1.748875,4.999994,0.00987
124.9,1.749475,4.999999,0.004606
125.0,1.750075,5.0,-0.000658
125.1,1.750675,4.999998,-0.005922
125.2,1.751275,4.999993,-0.011186
125.3,1.751875,4.999985,-0.016449
125.4,1.752475,4.999973,-0.021712
125.5,1.753075,4.999959,-0.026973
125.6,1.753675,4.999941,-0.032232
125.7,1.754275,4.99992,-0.03749
125.8,1.754875,4.999896,-0.042746
125.9,1.755476,4.999868,-0.047999
126.0,1.756076,4.999838,-0.053249
126.1,1.756676,4.999805,-0.058497
126.2,1.757276,4.999768,-0.063741
126.3,1.757876,4.999728,-0.068981
126.4,1.758476,4.999685,-0.074218
126.5,1.759076,4.999639,-0.07945
126.6,1.759676,4.999589,-0.084678
126.7,1.760276,4.999537,-0.089901
126.8,1.760876,4.999481,-0.09512
126.9,1.761476,4.999422,-0.100332
127.0,1.762076,4.99936,-0.105539
127.1,1.762676,4.999295,-0.110741
127.2,1.763276,4.999227,-0.115936
127.3,1.763876,4.999155,-0.121124
127.4,1.764476,4.999081,-0.126306
127.5,1.765077,4.999003,-0.131481
127.6,1.765677,4.998922,-0.136649
127.7,1.766277,4.998838,-0.141809
127.8,1.766877,4.998751,-0.146961
127.9,1.767477,4.99866,-0.152105
128.0,1.768077,4.998567,-0.157241
128.1,1.768677,4.99847,-0.162368
128.2,1.769277,4.99837,-0.167486
128.3,1.769877,4.998267,-0.172596
128.4,1.770477,4.998161,-0.177695
128.5,1.771077,4.998052,-0.182786
128.6,1.771677,4.997939,-0.187866
128.7,1.772277,4.997823,-0.192937
128.8,1.772877,4.997705,-0.197997
128.9,1.773477,4.997583,-0.203046
129.0,1.774077,4.997458,-0.208085
129.1,1.774677,4.997329,-0.213113
129.2,1.775278,4.997198,-0.218129
129.3,1.775878,4.997063,-0.223134
129.4,1.776478,4.996926,-0.228127
129.5,1.777078,4.996785,-0.233109
129.6,1.777678,4.996641,-0.238078
129.7,1.778278,4.996493,-0.243035
129.8,1.778878,4.996343,-0.247979
129.9,1.779478,4.99619,-0.252911
130.0,1.780078,4.996033,-0.25783
130.1,1.780678,4.995873,-0.262736
130.2,1.781278,4.99571,-0.267628
130.3,1.781878,4.995544,-0.272507
130.4,1.782478,4.995375,-0.277372
130.5,1.783078,4.995202,-0.282224
130.6,1.783678,4.995027,-0.287061
130.7,1.784278,4.994848,-0.291884
130.8,1.784878,4.994666,-0.296693
130.9,1.785479,4.994481,-0.301487
131.0,1.786079,4.994293,-0.306267
131.1,1.786679,4.994102,-0.311031
131.2,1.787279,4.993907,-0.315781
131.3,1.787879,4.99371,-0.320515
131.4,1.788479,4.993509,-0.325235
131.5,1.789079,4.993305,-0.329938
131.6,1.789679,4.993098,-0.334626
131.7,1.790279,4.992888,-0.339299
131.8,1.790879,4.992674,-0.343955
131.9,1.791479,4.992458,-0.348596
132.0,1.792079,4.992238,-0.353221
132.1,1.792679,4.992015,-0.357829
132.2,1.793279,4.991789,-0.362421
132.3,1.793879,4.99156,-0.366996
132.4,1.794479,4.991328,-0.371555
132.5,1.79508,4.991093,-0.376097
132.6,1.79568,4.990854,-0.380623
132.7,1.79628,4.990612,-0.385131
132.8,1.79688,4.990368,-0.389623
132.9,1.79748,4.99012,-0.394097
133.0,1.79808,4.989868,-0.398555
133.1,1.79868,4.989614,-0.402995
133.2,1.79928,4.989357,-0.407418
133.3,1.79988,4.989096,-0.411823
133.4,1.80048,4.988833,-0.416211
133.5,1.80108,4.988566,-0.420582
133.6,1.80168,4.988296,-0.424935
133.7,1.80228,4.988023,-0.42927
133.8,1.80288,4.987746,-0.433587
133.9,1.80348,4.987467,-0.437887
134.0,1.80408,4.987185,-0.442169
134.1,1.80468,4.986899,-0.446433
134.2,1.805281,4.98661,-0.450679
134.3,1.805881,4.986318,-0.454907
134.4,1.806481,4.986023,-0.459117
134.5,1.807081,4.985725,-0.463308
134.6,1.807681,4.985424,-0.467482
134.7,1.808281,4.985119,-0.471638
134.8,1.808881,4.984811,-0.475775
134.9,1.809481,4.984501,-0.479894
135.0,1.810081,4.984187,-0.483995
135.1,1.810681,4.98387,-0.488078
135.2,1.811281,4.98355,-0.492143
135.3,1.811881,4.983226,-0.496189
135.4,1.812481,4.9829,-0.500217
135.5,1.813081,4.98257,-0.504226
135.6,1.813681,4.982238,-0.508217
135.7,1.814281,4.981902,-0.51219
135.8,1.814881,4.981563,-0.516145
135.9,1.815482,4.981221,-0.520081
136.0,1.816082,4.980876,-0.523999
136.1,1.816682,4.980527,-0.527898
136.2,1.817282,4.980176,-0.531779
136.3,1.817882,4.979821,-0.535642
136.4,1.818482,4.979464,-0.539487
136.5,1.819082,4.979103,-0.543313
136.6,1.819682,4.978739,-0.547121
136.7,1.820282,4.978372,-0.550911
136.8,1.820882,4.978002,-0.554682
136.9,1.821482,4.977628,-0.558435
137.0,1.822082,4.977252,-0.56217
137.1,1.822682,4.976872,-0.565887
137.2,1.823282,4.976489,-0.569585
137.3,1.823882,4.976104,-0.573265
137.4,1.824482,4.975715,-0.576928
137.5,1.825083,4.975323,-0.580572
137.6,1.825683,4.974927,-0.584198
137.7,1.826283,4.974529,-0.587806
137.8,1.826883,4.974128,-0.591396
137.9,1.827483,4.973723,-0.594968
138.0,1.828083,4.973315,-0.598522
138.1,1.828683,4.972905,-0.602059
138.2,1.829283,4.972491,-0.605577
138.3,1.829883,4.972074,-0.609078
138.4,1.830483,4.971654,-0.612561
138.5,1.831083,4.97123,-0.616026
138.6,1.831683,4.970804,-0.619474
138.7,1.832283,4.970375,-0.622904
138.8,1.832883,4.969942,-0.626316
138.9,1.833483,4.969506,-0.629711
139.0,1.834083,4.969067,-0.633088
139.1,1.834683,4.968626,-0.636448
139.2,1.835284,4.968181,-0.639791
139.3,1.835884,4.967732,-0.643116
139.4,1.836484,4.967281,-0.646424
139.5,1.837084,4.966827,-0.649715
139.6,1.837684,4.966369,-0.652989
139.7,1.838284,4.965909,-0.656246
139.8,1.838884,4.965445,-0.659485
139.9,1.839484,4.964978,-0.662708
140.0,1.840084,4.964509,-0.665914
140.1,1.840684,4.964036,-0.669103
140.2,1.841284,4.963559,-0.672275
140.3,1.841884,4.96308,-0.675431
140.4,1.842484,4.962598,-0.67857
140.5,1.843084,4.962113,-0.681692
140.6,1.843684,4.961624,-0.684798
140.7,1.844284,4.961133,-0.687887
140.8,1.844884,4.960638,-0.69096
140.9,1.845485,4.96014,-0.694017
141.0,1.846085,4.959639,-0.697057
141.1,1.846685,4.959135,-0.700082
141.2,1.847285,4.958628,-0.70309
141.3,1.847885,4.958118,-0.706082
141.4,1.848485,4.957605,-0.709058
141.5,1.849085,4.957089,-0.712018
141.6,1.849685,4.956569,-0.714963
141.7,1.850285,4.956047,-0.717891
141.8,1.850885,4.955521,-0.720804
141.9,1.851485,4.954992,-0.723702
142.0,1.852085,4.954461,-0.726584
142.1,1.852685,4.953926,-0.72945
142.2,1.853285,4.953388,-0.732301
142.3,1.853885,4.952847,-0.735137
142.4,1.854485,4.952303,-0.737957
142.5,1.855086,4.951755,-0.740762
142.6,1.855686,4.951205,-0.743552
142.7,1.856286,4.950652,-0.746328
142.8,1.856886,4.950095,-0.749088
142.9,1.857486,4.949536,-0.751833
143.0,1.858086,4.948973,-0.754563
143.1,1.858686,4.948407,-0.757279
143.2,1.859286,4.947839,-0.75998
143.3,1.859886,4.947267,-0.762667
143.4,1.860486,4.946692,-0.765339
143.5,1.861086,4.946114,-0.767996
143.6,1.861686,4.945533,-0.770639
143.7,1.862286,4.944949,-0.773268
143.8,1.862886,4.944361,-0.775883
143.9,1.863486,4.943771,-0.778484
144.0,1.864086,4.943178,-0.78107
144.1,1.864686,4.942581,-0.783643
144.2,1.865287,4.941982,-0.786201
144.3,1.865887,4.941379,-0.788746
144.4,1.866487,4.940774,-0.791277
144.5,1.867087,4.940165,-0.793794
144.6,1.867687,4.939553,-0.796298
144.7,1.868287,4.938938,-0.798788
144.8,1.868887,4.938321,-0.801265
144.9,1.869487,4.9377,-0.803729
145.0,1.870087,4.937076,-0.806179
145.1,1.870687,4.936449,-0.808615
145.2,1.871287,4.935818,-0.811039
145.3,1.871887,4.935185,-0.81345
145.4,1.872487,4.934549,-0.815847
145.5,1.873087,4.93391,-0.818232
145.6,1.873687,4.933267,-0.820604
145.7,1.874287,4.932622,-0.822962
145.8,1.874887,4.931974,-0.825309
145.9,1.875488,4.931322,-0.827642
146.0,1.876088,4.930668,-0.829963
146.1,1.876688,4.93001,-0.832272
146.2,1.877288,4.929349,-0.834568
146.3,1.877888,4.928686,-0.836852
146.4,1.878488,4.928019,-0.839123
146.5,1.879088,4.927349,-0.841382
146.6,1.879688,4.926676,-0.843629
146.7,1.880288,4.926,-0.845864
146.8,1.880888,4.925321,-0.848087
146.9,1.881488,4.924639,-0.850298
147.0,1.882088,4.923954,-0.852498
147.1,1.882688,4.923266,-0.854685
147.2,1.883288,4.922575,-0.856861
147.3,1.883888,4.921881,-0.859025
147.4,1.884488,4.921184,-0.861177
147.5,1.885089,4.920484,-0.863318
147.6,1.885689,4.919781,-0.865448
147.7,1.886289,4.919074,-0.867566
147.8,1.886889,4.918365,-0.869673
147.9,1.887489,4.917653,-0.871768
148.0,1.888089,4.916938,-0.873853
148.1,1.888689,4.916219,-0.875926
148.2,1.889289,4.915498,-0.877988
148.3,1.889889,4.914773,-0.880039
148.4,1.890489,4.914046,-0.88208
148.5,1.891089,4.913315,-0.884109
148.6,1.891689,4.912582,-0.886128
148.7,1.892289,4.911845,-0.888136
148.8,1.892889,4.911106,-0.890134
148.9,1.893489,4.910363,-0.892121
149.0,1.894089,4.909618,-0.894097
149.1,1.894689,4.908869,-0.896063
149.2,1.89529,4.908118,-0.898018
149.3,1.89589,4.907363,-0.899964
149.4,1.89649,4.906605,-0.901899
149.5,1.89709,4.905845,-0.903823
149.6,1.89769,4.905081,-0.905738
149.7,1.89829,4.904314,-0.907643
149.8,1.89889,4.903545,-0.909537
149.9,1.89949,4.902772,-0.911422
150.0,1.90009,4.901996,-0.913297
150.1,1.90069,4.901218,-0.915162
150.2,1.90129,4.900436,-0.917017
150.3,1.90189,4.899651,-0.918862
150.4,1.90249,4.898864,-0.920698
150.5,1.90309,4.898073,-0.922524
150.6,1.90369,4.897279,-0.924341
150.7,1.90429,4.896483,-0.926148
150.8,1.90489,4.895683,-0.927946
150.9,1.905491,4.89488,-0.929735
151.0,1.906091,4.894075,-0.931514
151.1,1.906691,4.893266,-0.933284
151.2,1.907291,4.892454,-0.935045
151.3,1.907891,4.89164,-0.936796
151.4,1.908491,4.890822,-0.938539
151.5,1.909091,4.890002,-0.940273
151.6,1.909691,4.889178,-0.941998
151.7,1.910291,4.888351,-0.943713
151.8,1.910891,4.887522,-0.94542
151.9,1.911491,4.886689,-0.947119
152.0,1.912091,4.885854,-0.948808
152.1,1.912691,4.885015,-0.950489
152.2,1.913291,4.884174,-0.952161
152.3,1.913891,4.883329,-0.953825
152.4,1.914491,4.882482,-0.95548
152.5,1.915092,4.881632,-0.957127
152.6,1.915692,4.880778,-0.958765
152.7,1.916292,4.879922,-0.960395
152.8,1.916892,4.879063,-0.962016
152.9,1.917492,4.8782,-0.96363
153.0,1.918092,4.877335,-0.965235
153.1,1.918692,4.876467,-0.966832
153.2,1.919292,4.875596,-0.968421
153.3,1.919892,4.874722,-0.970002
153.4,1.920492,4.873845,-0.971575
153.5,1.921092,4.872964,-0.97314
153.6,1.921692,4.872081,-0.974697
153.7,1.922292,4.871196,-0.976246
153.8,1.922892,4.870307,-0.977787
153.9,1.923492,4.869415,-0.979321
154.0,1.924092,4.86852,-0.980847
154.1,1.924692,4.867622,-0.982365
154.2,1.925293,4.866721,-0.983876
154.3,1.925893,4.865818,-0.985379
154.4,1.926493,4.864911,-0.986875
154.5,1.927093,4.864002,-0.988363
154.6,1.927693,4.863089,-0.989844
154.7,1.928293,4.862174,-0.991317
154.8,1.928893,4.861255,-0.992783
154.9,1.929493,4.860334,-0.994242
155.0,1.930093,4.85941,-0.995694
155.1,1.930693,4.858482,-0.997138
155.2,1.931293,4.857552,-0.998575
155.3,1.931893,4.856619,-1.000006
155.4,1.932493,4.855683,-1.001429
155.5,1.933093,4.854744,-1.002845
155.6,1.933693,4.853802,-1.004254
155.7,1.934293,4.852857,-1.005656
155.8,1.934893,4.85191,-1.007051
155.9,1.935494,4.850959,-1.00844
156.0,1.936094,4.850005,-1.009821
156.1,1.936694,4.849049,-1.011196
156.2,1.937294,4.84809,-1.012564
156.3,1.937894,4.847127,-1.013926
156.4,1.938494,4.846162,-1.015281
156.5,1.939094,4.845194,-1.016629
156.6,1.939694,4.844223,-1.017971
156.7,1.940294,4.843249,-1.019306
156.8,1.940894,4.842272,-1.020635
156.9,1.941494,4.841292,-1.021957
157.0,1.942094,4.840309,-1.023273
157.1,1.942694,4.839324,-1.024582
157.2,1.943294,4.838335,-1.025886
157.3,1.943894,4.837344,-1.027182
157.4,1.944494,4.836349,-1.028473
157.5,1.945095,4.835352,-1.029758
157.6,1.945695,4.834352,-1.031036
157.7,1.946295,4.833349,-1.032308
157.8,1.946895,4.832343,-1.033574
157.9,1.947495,4.831334,-1.034834
158.0,1.948095,4.830322,-1.036089
158.1,1.948695,4.829308,-1.037337
158.2,1.949295,4.82829,-1.038579
158.3,1.949895,4.82727,-1.039815
158.4,1.950495,4.826247,-1.041045
158.5,1.951095,4.82522,-1.04227
158.6,1.951695,4.824191,-1.043489
158.7,1.952295,4.823159,-1.044702
158.8,1.952895,4.822125,-1.045909
158.9,1.953495,4.821087,-1.04711
159.0,1.954095,4.820046,-1.048306
159.1,1.954695,4.819003,-1.049497
159.2,1.955296,4.817957,-1.050681
159.3,1.955896,4.816907,-1.05186
159.4,1.956496,4.815855,-1.053034
159.5,1.957096,4.8148,-1.054202
159.6,1.957696,4.813743,-1.055365
159.7,1.958296,4.812682,-1.056522
159.8,1.958896,4.811618,-1.057674
159.9,1.959496,4.810552,-1.05882
160.0,1.960096,4.809483,-1.059961
160.1,1.960696,4.808411,-1.061097
160.2,1.961296,4.807336,-1.062227
160.3,1.961896,4.806258,-1.063353
160.4,1.962496,4.805177,-1.064473
160.5,1.963096,4.804094,-1.065588
160.6,1.963696,4.803007,-1.066698
160.7,1.964296,4.801918,-1.067802
160.8,1.964896,4.800826,-1.068902
160.9,1.965497,4.799731,-1.069996
161.0,1.966097,4.798634,-1.071086
161.1,1.966697,4.797533,-1.07217
161.2,1.967297,4.79643,-1.07325
161.3,1.967897,4.795323,-1.074325
161.4,1.968497,4.794214,-1.075394
161.5,1.969097,4.793102,-1.076459
161.6,1.969697,4.791988,-1.077519
161.7,1.970297,4.79087,-1.078574
161.8,1.970897,4.78975,-1.079625
161.9,1.971497,4.788626,-1.08067
162.0,1.972097,4.7875,-1.081711
162.1,1.972697,4.786371,-1.082747
162.2,1.973297,4.78524,-1.083779
162.3,1.973897,4.784105,-1.084806
162.4,1.974497,4.782968,-1.085828
162.5,1.975098,4.781828,-1.086846
162.6,1.975698,4.780685,-1.087859
162.7,1.976298,4.779539,-1.088867
162.8,1.976898,4.77839,-1.089871
162.9,1.977498,4.777239,-1.090871
163.0,1.978098,4.776085,-1.091866
163.1,1.978698,4.774928,-1.092856
163.2,1.979298,4.773768,-1.093842
163.3,1.979898,4.772605,-1.094824
163.4,1.980498,4.77144,-1.095802
163.5,1.981098,4.770271,-1.096775
163.6,1.981698,4.7691,-1.097743
163.7,1.982298,4.767927,-1.098708
163.8,1.982898,4.76675,-1.099668
163.9,1.983498,4.765571,-1.100624
164.0,1.984098,4.764388,-1.101576
164.1,1.984698,4.763203,-1.102523
164.2,1.985299,4.762016,-1.103467
164.3,1.985899,4.760825,-1.104406
164.4,1.986499,4.759632,-1.105341
164.5,1.987099,4.758436,-1.106272
164.6,1.987699,4.757237,-1.107199
164.7,1.988299,4.756035,-1.108122
164.8,1.988899,4.754831,-1.10904
164.9,1.989499,4.753623,-1.109955
165.0,1.990099,4.752414,-1.110866
165.1,1.990699,4.751201,-1.111773
165.2,1.991299,4.749985,-1.112676
165.3,1.991899,4.748767,-1.113575
165.4,1.992499,4.747546,-1.11447
165.5,1.993099,4.746322,-1.115361
165.6,1.993699,4.745096,-1.116249
165.7,1.994299,4.743866,-1.117132
165.8,1.994899,4.742634,-1.118012
165.9,1.9955,4.741399,-1.118888
166.0,1.9961,4.740162,-1.11976
166.1,1.9967,4.738922,-1.120628
166.2,1.9973,4.737679,-1.121493
166.3,1.9979,4.736433,-1.122354
166.4,1.9985,4.735184,-1.123212
166.5,1.9991,4.733933,-1.124065
166.6,1.9997,4.732679,-1.124915
166.7,2.0003,4.731422,-1.125762
166.8,2.0009,4.730163,-1.126604
166.9,2.0015,4.7289,-1.127444
167.0,2.0021,4.727635,-1.128279
167.1,2.0027,4.726368,-1.129111
167.2,2.0033,4.725097,-1.12994
167.3,2.0039,4.723824,-1.130765
167.4,2.0045,4.722548,-1.131586
167.5,2.005101,4.72127,-1.132405
167.6,2.005701,4.719988,-1.133219
167.7,2.006301,4.718704,-1.13403
167.8,2.006901,4.717418,-1.134838
167.9,2.007501,4.716128,-1.135643
168.0,2.008101,4.714836,-1.136444
168.1,2.008701,4.713541,-1.137241
168.2,2.009301,4.712244,-1.138036
168.3,2.009901,4.710943,-1.138827
168.4,2.010501,4.70964,-1.139614
168.5,2.011101,4.708335,-1.140399
168.6,2.011701,4.707026,-1.14118
168.7,2.012301,4.705715,-1.141958
168.8,2.012901,4.704401,-1.142732
168.9,2.013501,4.703085,-1.143504
169.0,2.014101,4.701766,-1.144272
169.1,2.014701,4.700444,-1.145037
169.2,2.015302,4.699119,-1.145799
169.3,2.015902,4.697792,-1.146558
169.4,2.016502,4.696462,-1.147313
169.5,2.017102,4.69513,-1.148066
169.6,2.017702,4.693795,-1.148815
169.7,2.018302,4.692457,-1.149562
169.8,2.018902,4.691116,-1.150305
169.9,2.019502,4.689773,-1.151045
170.0,2.020102,4.688427,-1.151782
170.1,2.020702,4.687078,-1.152517
170.2,2.021302,4.685727,-1.153248
170.3,2.021902,4.684373,-1.153976
170.4,2.022502,4.683016,-1.154701
170.5,2.023102,4.681657,-1.155423
170.6,2.023702,4.680295,-1.156143
170.7,2.024302,4.678931,-1.156859
170.8,2.024902,4.677564,-1.157573
170.9,2.025503,4.676194,-1.158283
171.0,2.026103,4.674821,-1.158991
171.1,2.026703,4.673446,-1.159696
171.2,2.027303,4.672068,-1.160398
171.3,2.027903,4.670688,-1.161097
171.4,2.028503,4.669305,-1.161793
171.5,2.029103,4.667919,-1.162487
171.6,2.029703,4.666531,-1.163178
171.7,2.030303,4.66514,-1.163865
171.8,2.030903,4.663746,-1.164551
171.9,2.031503,4.66235,-1.165233
172.0,2.032103,4.660951,-1.165913
172.1,2.032703,4.65955,-1.16659
172.2,2.033303,4.658145,-1.167264
172.3,2.033903,4.656739,-1.167936
172.4,2.034503,4.655329,-1.168605
172.5,2.035104,4.653917,-1.169271
172.6,2.035704,4.652503,-1.169935
172.7,2.036304,4.651086,-1.170596
172.8,2.036904,4.649666,-1.171254
172.9,2.037504,4.648243,-1.17191
173.0,2.038104,4.646818,-1.172563
173.1,2.038704,4.645391,-1.173213
173.2,2.039304,4.643961,-1.173861
173.3,2.039904,4.642528,-1.174507
173.4,2.040504,4.641093,-1.17515
173.5,2.041104,4.639655,-1.17579
173.6,2.041704,4.638214,-1.176428
173.7,2.042304,4.636771,-1.177063
173.8,2.042904,4.635325,-1.177696
173.9,2.043504,4.633877,-1.178326
174.0,2.044104,4.632426,-1.178954
174.1,2.044704,4.630972,-1.17958
174.2,2.045305,4.629516,-1.180203
174.3,2.045905,4.628058,-1.180823
174.4,2.046505,4.626596,-1.181441
174.5,2.047105,4.625133,-1.182057
174.6,2.047705,4.623666,-1.18267
174.7,2.048305,4.622197,-1.183281
174.8,2.048905,4.620726,-1.18389
174.9,2.049505,4.619252,-1.184496
175.0,2.050105,4.617775,-1.1851
175.1,2.050705,4.616296,-1.185701
175.2,2.051305,4.614815,-1.186301
175.3,2.051905,4.61333,-1.186898
175.4,2.052505,4.611844,-1.187492
175.5,2.053105,4.610354,-1.188084
175.6,2.053705,4.608862,-1.188674
175.7,2.054305,4.607368,-1.189262
175.8,2.054905,4.605871,-1.189847
175.9,2.055506,4.604371,-1.190431
176.0,2.056106,4.602869,-1.191012
176.1,2.056706,4.601365,-1.19159
176.2,2.057306,4.599858,-1.192167
176.3,2.057906,4.598348,-1.192741
176.4,2.058506,4.596836,-1.193313
176.5,2.059106,4.595321,-1.193883
176.6,2.059706,4.593804,-1.194451
176.7,2.060306,4.592284,-1.195016
176.8,2.060906,4.590762,-1.19558
176.9,2.061506,4.589238,-1.196141
177.0,2.062106,4.58771,-1.1967
177.1,2.062706,4.586181,-1.197257
177.2,2.063306,4.584648,-1.197812
177.3,2.063906,4.583114,-1.198365
177.4,2.064506,4.581576,-1.198916
177.5,2.065107,4.580037,-1.199464
177.6,2.065707,4.578494,-1.200011
177.7,2.066307,4.57695,-1.200555
177.8,2.066907,4.575402,-1.201098
177.9,2.067507,4.573853,-1.201638
178.0,2.068107,4.5723,-1.202176
178.1,2.068707,4.570746,-1.202713
178.2,2.069307,4.569189,-1.203247
178.3,2.069907,4.567629,-1.203779
178.4,2.070507,4.566067,-1.20431
178.5,2.071107,4.564502,-1.204838
178.6,2.071707,4.562935,-1.205364
178.7,2.072307,4.561366,-1.205889
178.8,2.072907,4.559794,-1.206411
178.9,2.073507,4.558219,-1.206932
179.0,2.074107,4.556642,-1.20745
179.1,2.074707,4.555063,-1.207967
179.2,2.075308,4.553481,-1.208481
179.3,2.075908,4.551897,-1.208994
179.4,2.076508,4.55031,-1.209505
179.5,2.077108,4.548721,-1.210014
179.6,2.077708,4.547129,-1.210521
179.7,2.078308,4.545535,-1.211026
179.8,2.078908,4.543938,-1.211529
179.9,2.079508,4.542339,-1.212031
180.0,2.080108,4.540738,-1.21253
180.1,2.080708,4.539134,-1.213028
180.2,2.081308,4.537528,-1.213524
180.3,2.081908,4.535919,-1.214018
180.4,2.082508,4.534308,-1.21451
180.5,2.083108,4.532695,-1.215001
180.6,2.083708,4.531079,-1.215489
180.7,2.084308,4.52946,-1.215976
180.8,2.084908,4.527839,-1.216461
180.9,2.085509,4.526216,-1.216944
181.0,2.086109,4.524591,-1.217426
181.1,2.086709,4.522963,-1.217905
181.2,2.087309,4.521332,-1.218383
181.3,2.087909,4.519699,-1.21886
181.4,2.088509,4.518064,-1.219334
181.5,2.089109,4.516426,-1.219807
181.6,2.089709,4.514786,-1.220278
181.7,2.090309,4.513144,-1.220747
181.8,2.090909,4.511499,-1.221215
181.9,2.091509,4.509852,-1.221681
182.0,2.092109,4.508202,-1.222145
182.1,2.092709,4.50655,-1.222607
182.2,2.093309,4.504896,-1.223068
182.3,2.093909,4.503239,-1.223527
182.4,2.094509,4.50158,-1.223985
182.5,2.09511,4.499919,-1.22444
182.6,2.09571,4.498255,-1.224895
182.7,2.09631,4.496589,-1.225347
182.8,2.09691,4.49492,-1.225798
182.9,2.09751,4.493249,-1.226247
183.0,2.09811,4.491576,-1.226695
183.1,2.09871,4.4899,-1.227141
183.2,2.09931,4.488222,-1.227585
183.3,2.09991,4.486542,-1.228028
183.4,2.10051,4.484859,-1.228469
183.5,2.10111,4.483174,-1.228909
183.6,2.10171,4.481487,-1.229347
183.7,2.10231,4.479797,-1.229783
183.8,2.10291,4.478105,-1.230218
183.9,2.10351,4.476411,-1.230651
184.0,2.10411,4.474714,-1.231083
184.1,2.10471,4.473015,-1.231513
184.2,2.105311,4.471313,-1.231942
184.3,2.105911,4.46961,-1.232369
184.4,2.106511,4.467904,-1.232795
184.5,2.107111,4.466195,-1.233219
184.6,2.107711,4.464485,-1.233642
184.7,2.108311,4.462772,-1.234063
184.8,2.108911,4.461056,-1.234482
184.9,2.109511,4.459339,-1.2349
185.0,2.110111,4.457619,-1.235317
185.1,2.110711,4.455897,-1.235732
185.2,2.111311,4.454172,-1.236146
185.3,2.111911,4.452445,-1.236558
185.4,2.112511,4.450716,-1.236968
185.5,2.113111,4.448985,-1.237378
185.6,2.113711,4.447251,-1.237786
185.7,2.114311,4.445515,-1.238192
185.8,2.114911,4.443777,-1.238597
185.9,2.115512,4.442037,-1.239
186.0,2.116112,4.440294,-1.239402
186.1,2.116712,4.438549,-1.239803
186.2,2.117312,4.436801,-1.240202
186.3,2.117912,4.435052,-1.2406
186.4,2.118512,4.4333,-1.240996
186.5,2.119112,4.431546,-1.241391
186.6,2.119712,4.429789,-1.241785
186.7,2.120312,4.428031,-1.242177
186.8,2.120912,4.42627,-1.242568
186.9,2.121512,4.424506,-1.242957
187.0,2.122112,4.422741,-1.243345
187.1,2.122712,4.420973,-1.243732
187.2,2.123312,4.419203,-1.244117
187.3,2.123912,4.417431,-1.244501
187.4,2.124512,4.415657,-1.244884
187.5,2.125113,4.41388,-1.245265
187.6,2.125713,4.412101,-1.245645
187.7,2.126313,4.41032,-1.246024
187.8,2.126913,4.408537,-1.246401
187.9,2.127513,4.406751,-1.246777
188.0,2.128113,4.404964,-1.247152
188.1,2.128713,4.403174,-1.247525
188.2,2.129313,4.401381,-1.247897
188.3,2.129913,4.399587,-1.248268
188.4,2.130513,4.39779,-1.248638
188.5,2.131113,4.395992,-1.249006
188.6,2.131713,4.394191,-1.249373
188.7,2.132313,4.392387,-1.249738
188.8,2.132913,4.390582,-1.250103
188.9,2.133513,4.388774,-1.250466
189.0,2.134113,4.386964,-1.250828
189.1,2.134713,4.385152,-1.251188
189.2,2.135314,4.383338,-1.251547
189.3,2.135914,4.381522,-1.251905
189.4,2.136514,4.379703,-1.252262
189.5,2.137114,4.377882,-1.252618
189.6,2.137714,4.376059,-1.252972
189.7,2.138314,4.374234,-1.253325
189.8,2.138914,4.372407,-1.253677
189.9,2.139514,4.370578,-1.254028
190.0,2.140114,4.368746,-1.254377
190.1,2.140714,4.366912,-1.254725
190.2,2.141314,4.365076,-1.255072
190.3,2.141914,4.363238,-1.255418
190.4,2.142514,4.361398,-1.255763
190.5,2.143114,4.359556,-1.256106
190.6,2.143714,4.357711,-1.256449
190.7,2.144314,4.355864,-1.25679
190.8,2.144914,4.354016,-1.25713
190.9,2.145515,4.352165,-1.257468
191.0,2.146115,4.350312,-1.257806
191.1,2.146715,4.348456,-1.258142
191.2,2.147315,4.346599,-1.258477
191.3,2.147915,4.344739,-1.258811
191.4,2.148515,4.342878,-1.259144
191.5,2.149115,4.341014,-1.259476
191.6,2.149715,4.339148,-1.259807
191.7,2.150315,4.33728,-1.260136
191.8,2.150915,4.33541,-1.260465
191.9,2.151515,4.333538,-1.260792
192.0,2.152115,4.331664,-1.261118
192.1,2.152715,4.329787,-1.261443
192.2,2.153315,4.327909,-1.261767
192.3,2.153915,4.326028,-1.262089
192.4,2.154515,4.324146,-1.262411
192.5,2.155116,4.322261,-1.262732
192.6,2.155716,4.320374,-1.263051
192.7,2.156316,4.318485,-1.263369
192.8,2.156916,4.316594,-1.263687
192.9,2.157516,4.314701,-1.264003
193.0,2.158116,4.312806,-1.264318
193.1,2.158716,4.310908,-1.264632
193.2,2.159316,4.309009,-1.264945
193.3,2.159916,4.307108,-1.265257
193.4,2.160516,4.305204,-1.265567
193.5,2.161116,4.303299,-1.265877
193.6,2.161716,4.301391,-1.266186
193.7,2.162316,4.299481,-1.266493
193.8,2.162916,4.29757,-1.2668
193.9,2.163516,4.295656,-1.267106
194.0,2.164116,4.29374,-1.26741
194.1,2.164716,4.291822,-1.267713
194.2,2.165317,4.289902,-1.268016
194.3,2.165917,4.28798,-1.268317
194.4,2.166517,4.286057,-1.268617
194.5,2.167117,4.284131,-1.268917
194.6,2.167717,4.282203,-1.269215
194.7,2.168317,4.280273,-1.269512
194.8,2.168917,4.27834,-1.269809
194.9,2.169517,4.276406,-1.270104
195.0,2.170117,4.27447,-1.270398
195.1,2.170717,4.272532,-1.270691
195.2,2.171317,4.270592,-1.270983
195.3,2.171917,4.26865,-1.271275
195.4,2.172517,4.266706,-1.271565
195.5,2.173117,4.26476,-1.271854
195.6,2.173717,4.262812,-1.272142
195.7,2.174317,4.260861,-1.27243
195.8,2.174917,4.258909,-1.272716
195.9,2.175518,4.256955,-1.273001
196.0,2.176118,4.254999,-1.273286
196.1,2.176718,4.253041,-1.273569
196.2,2.177318,4.251081,-1.273851
196.3,2.177918,4.249119,-1.274133
196.4,2.178518,4.247155,-1.274413
196.5,2.179118,4.245189,-1.274693
196.6,2.179718,4.243221,-1.274971
196.7,2.180318,4.241251,-1.275249
196.8,2.180918,4.239279,-1.275526
196.9,2.181518,4.237306,-1.275802
197.0,2.182118,4.23533,-1.276076
197.1,2.182718,4.233352,-1.27635
197.2,2.183318,4.231372,-1.276623
197.3,2.183918,4.229391,-1.276895
197.4,2.184518,4.227407,-1.277166
197.5,2.185119,4.225422,-1.277436
197.6,2.185719,4.223434,-1.277706
197.7,2.186319,4.221445,-1.277974
197.8,2.186919,4.219454,-1.278242
197.9,2.187519,4.217461,-1.278508
198.0,2.188119,4.215465,-1.278774
198.1,2.188719,4.213468,-1.279038
198.2,2.189319,4.211469,-1.279302
198.3,2.189919,4.209468,-1.279565
198.4,2.190519,4.207466,-1.279827
198.5,2.191119,4.205461,-1.280088
198.6,2.191719,4.203454,-1.280348
198.7,2.192319,4.201446,-1.280608
198.8,2.192919,4.199435,-1.280866
198.9,2.193519,4.197423,-1.281124
199.0,2.194119,4.195409,-1.281381
199.1,2.194719,4.193393,-1.281636
199.2,2.19532,4.191375,-1.281891
199.3,2.19592,4.189355,-1.282146
199.4,2.19652,4.187333,-1.282399
199.5,2.19712,4.18531,-1.282651
199.6,2.19772,4.183284,-1.282903
199.7,2.19832,4.181257,-1.283153
199.8,2.19892,4.179228,-1.283403
199.9,2.19952,4.177197,-1.283652
200.0,2.20012,4.175164,-1.2839
200.1,2.20072,4.173129,-1.284147
200.2,2.20132,4.171092,-1.284394
200.3,2.20192,4.169054,-1.284639
200.4,2.20252,4.167014,-1.284884
200.5,2.20312,4.164971,-1.285128
200.6,2.20372,4.162927,-1.285371
200.7,2.20432,4.160881,-1.285614
200.8,2.20492,4.158834,-1.285855
200.9,2.205521,4.156784,-1.286096
201.0,2.206121,4.154733,-1.286335
201.1,2.206721,4.15268,-1.286574
201.2,2.207321,4.150625,-1.286812
201.3,2.207921,4.148568,-1.28705
201.4,2.208521,4.146509,-1.287286
201.5,2.209121,4.144449,-1.287522
201.6,2.209721,4.142387,-1.287757
201.7,2.210321,4.140323,-1.287991
201.8,2.210921,4.138257,-1.288224
201.9,2.211521,4.136189,-1.288457
202.0,2.212121,4.13412,-1.288689
202.1,2.212721,4.132049,-1.28892
202.2,2.213321,4.129975,-1.28915
202.3,2.213921,4.127901,-1.289379
202.4,2.214521,4.125824,-1.289608
202.5,2.215122,4.123746,-1.289836
202.6,2.215722,4.121666,-1.290063
202.7,2.216322,4.119584,-1.290289
202.8,2.216922,4.1175,-1.290514
202.9,2.217522,4.115415,-1.290739
203.0,2.218122,4.113327,-1.290963
203.1,2.218722,4.111238,-1.291186
203.2,2.219322,4.109148,-1.291409
203.3,2.219922,4.107055,-1.29163
203.4,2.220522,4.104961,-1.291851
203.5,2.221122,4.102865,-1.292071
203.6,2.221722,4.100767,-1.292291
203.7,2.222322,4.098668,-1.292509
203.8,2.222922,4.096567,-1.292727
203.9,2.223522,4.094464,-1.292944
204.0,2.224122,4.092359,-1.29316
204.1,2.224722,4.090253,-1.293376
204.2,2.225323,4.088145,-1.293591
204.3,2.225923,4.086035,-1.293805
204.4,2.226523,4.083923,-1.294019
204.5,2.227123,4.08181,-1.294231
204.6,2.227723,4.079695,-1.294443
204.7,2.228323,4.077579,-1.294654
204.8,2.228923,4.07546,-1.294865
204.9,2.229523,4.07334,-1.295075
205.0,2.230123,4.071218,-1.295284
205.1,2.230723,4.069095,-1.295492
205.2,2.231323,4.06697,-1.295699
205.3,2.231923,4.064843,-1.295906
205.4,2.232523,4.062715,-1.296113
205.5,2.233123,4.060584,-1.296318
205.6,2.233723,4.058453,-1.296523
205.7,2.234323,4.056319,-1.296727
205.8,2.234923,4.054184,-1.29693
205.9,2.235524,4.052047,-1.297133
206.0,2.236124,4.049909,-1.297335
206.1,2.236724,4.047768,-1.297536
206.2,2.237324,4.045627,-1.297736
206.3,2.237924,4.043483,-1.297936
206.4,2.238524,4.041338,-1.298135
206.5,2.239124,4.039191,-1.298334
206.6,2.239724,4.037043,-1.298531
206.7,2.240324,4.034893,-1.298728
206.8,2.240924,4.032741,-1.298925
206.9,2.241524,4.030588,-1.29912
207.0,2.242124,4.028433,-1.299315
207.1,2.242724,4.026276,-1.29951
207.2,2.243324,4.024118,-1.299703
207.3,2.243924,4.021958,-1.299896
207.4,2.244524,4.019797,-1.300089
207.5,2.245125,4.017634,-1.30028
207.6,2.245725,4.015469,-1.300471
207.7,2.246325,4.013303,-1.300662
207.8,2.246925,4.011135,-1.300851
207.9,2.247525,4.008966,-1.30104
208.0,2.248125,4.006795,-1.301228
208.1,2.248725,4.004622,-1.301416
208.2,2.249325,4.002448,-1.301603
208.3,2.249925,4.000272,-1.301789
208.4,2.250525,3.998095,-1.301975
208.5,2.251125,3.995916,-1.30216
208.6,2.251725,3.993735,-1.302344
208.7,2.252325,3.991553,-1.302528
208.8,2.252925,3.98937,-1.302711
208.9,2.253525,3.987184,-1.302893
209.0,2.254125,3.984998,-1.303075
209.1,2.254725,3.982809,-1.303256
209.2,2.255326,3.980619,-1.303437
209.3,2.255926,3.978428,-1.303617
209.4,2.256526,3.976235,-1.303796
209.5,2.257126,3.97404,-1.303974
209.6,2.257726,3.971844,-1.304152
209.7,2.258326,3.969647,-1.304329
209.8,2.258926,3.967448,-1.304506
209.9,2.259526,3.965247,-1.304682
210.0,2.260126,3.963045,-1.304858
210.1,2.260726,3.960841,-1.305032
210.2,2.261326,3.958636,-1.305207
210.3,2.261926,3.956429,-1.30538
210.4,2.262526,3.954221,-1.305553
210.5,2.263126,3.952011,-1.305725
210.6,2.263726,3.9498,-1.305897
210.7,2.264326,3.947587,-1.306068
210.8,2.264926,3.945373,-1.306238
210.9,2.265527,3.943157,-1.306408
211.0,2.266127,3.94094,-1.306577
211.1,2.266727,3.938721,-1.306746
211.2,2.267327,3.936501,-1.306914
211.3,2.267927,3.934279,-1.307081
211.4,2.268527,3.932056,-1.307248
211.5,2.269127,3.929832,-1.307414
211.6,2.269727,3.927605,-1.30758
211.7,2.270327,3.925378,-1.307745
211.8,2.270927,3.923149,-1.307909
211.9,2.271527,3.920918,-1.308073
212.0,2.272127,3.918686,-1.308236
212.1,2.272727,3.916453,-1.308399
212.2,2.273327,3.914218,-1.308561
212.3,2.273927,3.911982,-1.308722
212.4,2.274527,3.909744,-1.308883
212.5,2.275128,3.907505,-1.309044
212.6,2.275728,3.905264,-1.309203
212.7,2.276328,3.903022,-1.309362
212.8,2.276928,3.900779,-1.309521
212.9,2.277528,3.898534,-1.309679
213.0,2.278128,3.896288,-1.309836
213.1,2.278728,3.89404,-1.309993
213.2,2.279328,3.891791,-1.310149
213.3,2.279928,3.889541,-1.310305
213.4,2.280528,3.887289,-1.31046
213.5,2.281128,3.885035,-1.310614
213.6,2.281728,3.882781,-1.310768
213.7,2.282328,3.880524,-1.310921
213.8,2.282928,3.878267,-1.311074
213.9,2.283528,3.876008,-1.311226
214.0,2.284128,3.873748,-1.311378
214.1,2.284728,3.871486,-1.311529
214.2,2.285329,3.869223,-1.311679
214.3,2.285929,3.866959,-1.311829
214.4,2.286529,3.864693,-1.311979
214.5,2.287129,3.862426,-1.312127
214.6,2.287729,3.860157,-1.312276
214.7,2.288329,3.857887,-1.312423
214.8,2.288929,3.855616,-1.312571
214.9,2.289529,3.853343,-1.312717
215.0,2.290129,3.85107,-1.312863
215.1,2.290729,3.848794,-1.313009
215.2,2.291329,3.846518,-1.313154
215.3,2.291929,3.84424,-1.313298
215.4,2.292529,3.84196,-1.313442
215.5,2.293129,3.83968,-1.313585
215.6,2.293729,3.837398,-1.313728
215.7,2.294329,3.835115,-1.31387
215.8,2.294929,3.83283,-1.314012
215.9,2.29553,3.830544,-1.314153
216.0,2.29613,3.828257,-1.314293
216.1,2.29673,3.825969,-1.314434
216.2,2.29733,3.823679,-1.314573
216.3,2.29793,3.821388,-1.314712
216.4,2.29853,3.819095,-1.31485
216.5,2.29913,3.816801,-1.314988
216.6,2.29973,3.814506,-1.315126
216.7,2.30033,3.81221,-1.315263
216.8,2.30093,3.809913,-1.315399
216.9,2.30153,3.807614,-1.315535
217.0,2.30213,3.805314,-1.31567
217.1,2.30273,3.803012,-1.315805
217.2,2.30333,3.80071,-1.315939
217.3,2.30393,3.798406,-1.316073
217.4,2.30453,3.7961,-1.316206
217.5,2.305131,3.793794,-1.316338
217.6,2.305731,3.791486,-1.316471
217.7,2.306331,3.789177,-1.316602
217.8,2.306931,3.786867,-1.316733
217.9,2.307531,3.784556,-1.316864
218.0,2.308131,3.782243,-1.316994
218.1,2.308731,3.779929,-1.317124
218.2,2.309331,3.777614,-1.317253
218.3,2.309931,3.775298,-1.317381
218.4,2.310531,3.77298,-1.317509
218.5,2.311131,3.770661,-1.317637
218.6,2.311731,3.768341,-1.317764
218.7,2.312331,3.76602,-1.31789
218.8,2.312931,3.763697,-1.318016
218.9,2.313531,3.761374,-1.318142
219.0,2.314131,3.759049,-1.318267
219.1,2.314731,3.756723,-1.318391
219.2,2.315332,3.754396,-1.318515
219.3,2.315932,3.752067,-1.318638
219.4,2.316532,3.749738,-1.318761
219.5,2.317132,3.747407,-1.318884
219.6,2.317732,3.745075,-1.319006
219.7,2.318332,3.742742,-1.319127
219.8,2.318932,3.740407,-1.319248
219.9,2.319532,3.738072,-1.319369
220.0,2.320132,3.735735,-1.319489
220.1,2.320732,3.733397,-1.319608
220.2,2.321332,3.731058,-1.319727
220.3,2.321932,3.728718,-1.319846
220.4,2.322532,3.726377,-1.319964
220.5,2.323132,3.724034,-1.320081
220.6,2.323732,3.721691,-1.320199
220.7,2.324332,3.719346,-1.320315
220.8,2.324932,3.717,-1.320431
220.9,2.325533,3.714653,-1.320547
221.0,2.326133,3.712305,-1.320662
221.1,2.326733,3.709955,-1.320777
221.2,2.327333,3.707605,-1.320891
221.3,2.327933,3.705254,-1.321004
221.4,2.328533,3.702901,-1.321118
221.5,2.329133,3.700547,-1.32123
221.6,2.329733,3.698192,-1.321343
221.7,2.330333,3.695836,-1.321454
221.8,2.330933,3.693479,-1.321566
221.9,2.331533,3.691121,-1.321676
222.0,2.332133,3.688762,-1.321787
222.1,2.332733,3.686402,-1.321897
222.2,2.333333,3.68404,-1.322006
222.3,2.333933,3.681678,-1.322115
222.4,2.334533,3.679314,-1.322223
222.5,2.335134,3.67695,-1.322331
222.6,2.335734,3.674584,-1.322439
222.7,2.336334,3.672217,-1.322546
222.8,2.336934,3.669849,-1.322653
222.9,2.337534,3.66748,-1.322759
223.0,2.338134,3.665111,-1.322864
223.1,2.338734,3.66274,-1.32297
223.2,2.339334,3.660367,-1.323074
223.3,2.339934,3.657994,-1.323179
223.4,2.340534,3.65562,-1.323282
223.5,2.341134,3.653245,-1.323386
223.6,2.341734,3.650869,-1.323489
223.7,2.342334,3.648492,-1.323591
223.8,2.342934,3.646113,-1.323693
223.9,2.343534,3.643734,-1.323795
224.0,2.344134,3.641354,-1.323896
224.1,2.344734,3.638973,-1.323996
224.2,2.345335,3.63659,-1.324096
224.3,2.345935,3.634207,-1.324196
224.4,2.346535,3.631823,-1.324295
224.5,2.347135,3.629437,-1.324394
224.6,2.347735,3.627051,-1.324492
224.7,2.348335,3.624664,-1.32459
224.8,2.348935,3.622276,-1.324688
224.9,2.349535,3.619886,-1.324785
225.0,2.350135,3.617496,-1.324881
225.1,2.350735,3.615105,-1.324977
225.2,2.351335,3.612713,-1.325073
225.3,2.351935,3.61032,-1.325168
225.4,2.352535,3.607925,-1.325263
225.5,2.353135,3.60553,-1.325357
225.6,2.353735,3.603134,-1.325451
225.7,2.354335,3.600737,-1.325545
225.8,2.354935,3.598339,-1.325638
225.9,2.355536,3.595941,-1.32573
226.0,2.356136,3.593541,-1.325822
226.1,2.356736,3.59114,-1.325914
226.2,2.357336,3.588738,-1.326005
226.3,2.357936,3.586336,-1.326096
226.4,2.358536,3.583932,-1.326186
226.5,2.359136,3.581528,-1.326276
226.6,2.359736,3.579122,-1.326366
226.7,2.360336,3.576716,-1.326455
226.8,2.360936,3.574309,-1.326544
226.9,2.361536,3.571901,-1.326632
227.0,2.362136,3.569492,-1.32672
227.1,2.362736,3.567082,-1.326807
227.2,2.363336,3.564671,-1.326894
227.3,2.363936,3.562259,-1.32698
227.4,2.364536,3.559847,-1.327066
227.5,2.365137,3.557433,-1.327152
227.6,2.365737,3.555019,-1.327237
227.7,2.366337,3.552603,-1.327322
227.8,2.366937,3.550187,-1.327406
227.9,2.367537,3.54777,-1.32749
228.0,2.368137,3.545353,-1.327573
228.1,2.368737,3.542934,-1.327656
228.2,2.369337,3.540514,-1.327739
228.3,2.369937,3.538094,-1.327821
228.4,2.370537,3.535673,-1.327903
228.5,2.371137,3.53325,-1.327984
228.6,2.371737,3.530827,-1.328065
228.7,2.372337,3.528404,-1.328146
228.8,2.372937,3.525979,-1.328226
228.9,2.373537,3.523554,-1.328306
229.0,2.374137,3.521127,-1.328385
229.1,2.374737,3.5187,-1.328464
229.2,2.375338,3.516272,-1.328542
229.3,2.375938,3.513844,-1.32862
229.4,2.376538,3.511414,-1.328698
229.5,2.377138,3.508984,-1.328775
229.6,2.377738,3.506552,-1.328852
229.7,2.378338,3.50412,-1.328928
229.8,2.378938,3.501688,-1.329004
229.9,2.379538,3.499254,-1.329079
230.0,2.380138,3.49682,-1.329154
230.1,2.380738,3.494385,-1.329229
230.2,2.381338,3.491949,-1.329303
230.3,2.381938,3.489512,-1.329377
230.4,2.382538,3.487075,-1.329451
230.5,2.383138,3.484636,-1.329524
230.6,2.383738,3.482197,-1.329596
230.7,2.384338,3.479758,-1.329669
230.8,2.384938,3.477317,-1.32974
230.9,2.385539,3.474876,-1.329812
231.0,2.386139,3.472434,-1.329883
231.1,2.386739,3.469991,-1.329953
231.2,2.387339,3.467548,-1.330023
231.3,2.387939,3.465103,-1.330093
231.4,2.388539,3.462658,-1.330163
231.5,2.389139,3.460213,-1.330232
231.6,2.389739,3.457766,-1.3303
231.7,2.390339,3.455319,-1.330368
231.8,2.390939,3.452871,-1.330436
231.9,2.391539,3.450423,-1.330503
232.0,2.392139,3.447973,-1.33057
232.1,2.392739,3.445523,-1.330637
232.2,2.393339,3.443072,-1.330703
232.3,2.393939,3.440621,-1.330769
232.4,2.394539,3.438169,-1.330834
232.5,2.39514,3.435716,-1.330899
232.6,2.39574,3.433263,-1.330964
232.7,2.39634,3.430808,-1.331028
232.8,2.39694,3.428354,-1.331092
232.9,2.39754,3.425898,-1.331155
233.0,2.39814,3.423442,-1.331218
233.1,2.39874,3.420985,-1.33128
233.2,2.39934,3.418527,-1.331343
233.3,2.39994,3.416069,-1.331404
233.4,2.40054,3.41361,-1.331466
233.5,2.40114,3.411151,-1.331527
233.6,2.40174,3.408691,-1.331587
233.7,2.40234,3.40623,-1.331647
233.8,2.40294,3.403768,-1.331707
233.9,2.40354,3.401306,-1.331767
234.0,2.40414,3.398844,-1.331826
234.1,2.40474,3.39638,-1.331884
234.2,2.405341,3.393916,-1.331943
234.3,2.405941,3.391452,-1.332
234.4,2.406541,3.388986,-1.332058
234.5,2.407141,3.386521,-1.332115
234.6,2.407741,3.384054,-1.332172
234.7,2.408341,3.381587,-1.332228
234.8,2.408941,3.379119,-1.332284
234.9,2.409541,3.376651,-1.332339
235.0,2.410141,3.374182,-1.332394
235.1,2.410741,3.371713,-1.332449
235.2,2.411341,3.369243,-1.332503
235.3,2.411941,3.366772,-1.332557
235.4,2.412541,3.364301,-1.332611
235.5,2.413141,3.361829,-1.332664
235.6,2.413741,3.359357,-1.332717
235.7,2.414341,3.356884,-1.332769
235.8,2.414941,3.354411,-1.332821
235.9,2.415542,3.351937,-1.332873
236.0,2.416142,3.349462,-1.332924
236.1,2.416742,3.346987,-1.332975
236.2,2.417342,3.344511,-1.333026
236.3,2.417942,3.342035,-1.333076
236.4,2.418542,3.339558,-1.333126
236.5,2.419142,3.337081,-1.333175
236.6,2.419742,3.334603,-1.333224
236.7,2.420342,3.332125,-1.333272
236.8,2.420942,3.329646,-1.333321
236.9,2.421542,3.327166,-1.333369
237.0,2.422142,3.324687,-1.333416
237.1,2.422742,3.322206,-1.333463
237.2,2.423342,3.319725,-1.33351
237.3,2.423942,3.317244,-1.333556
237.4,2.424542,3.314762,-1.333602
237.5,2.425143,3.312279,-1.333648
237.6,2.425743,3.309796,-1.333693
237.7,2.426343,3.307313,-1.333738
237.8,2.426943,3.304829,-1.333782
237.9,2.427543,3.302345,-1.333826
238.0,2.428143,3.29986,-1.33387
238.1,2.428743,3.297374,-1.333913
238.2,2.429343,3.294889,-1.333956
238.3,2.429943,3.292402,-1.333998
238.4,2.430543,3.289916,-1.334041
238.5,2.431143,3.287428,-1.334082
238.6,2.431743,3.284941,-1.334124
238.7,2.432343,3.282453,-1.334165
238.8,2.432943,3.279964,-1.334206
238.9,2.433543,3.277475,-1.334246
239.0,2.434143,3.274986,-1.334286
239.1,2.434743,3.272496,-1.334325
239.2,2.435344,3.270005,-1.334364
239.3,2.435944,3.267515,-1.334403
239.4,2.436544,3.265024,-1.334442
239.5,2.437144,3.262532,-1.33448
239.6,2.437744,3.26004,-1.334517
239.7,2.438344,3.257548,-1.334555
239.8,2.438944,3.255055,-1.334592
239.9,2.439544,3.252562,-1.334628
240.0,2.440144,3.250068,-1.334665
240.1,2.440744,3.247574,-1.3347
240.2,2.441344,3.24508,-1.334736
240.3,2.441944,3.242585,-1.334771
240.4,2.442544,3.24009,-1.334806
240.5,2.443144,3.237594,-1.33484
240.6,2.443744,3.235098,-1.334874
240.7,2.444344,3.232602,-1.334908
240.8,2.444944,3.230105,-1.334941
240.9,2.445545,3.227608,-1.334974
241.0,2.446145,3.225111,-1.335006
241.1,2.446745,3.222613,-1.335038
241.2,2.447345,3.220115,-1.33507
241.3,2.447945,3.217617,-1.335102
241.4,2.448545,3.215118,-1.335133
241.5,2.449145,3.212619,-1.335163
241.6,2.449745,3.210119,-1.335194
241.7,2.450345,3.20762,-1.335224
241.8,2.450945,3.205119,-1.335253
241.9,2.451545,3.202619,-1.335282
242.0,2.452145,3.200118,-1.335311
242.1,2.452745,3.197617,-1.33534
242.2,2.453345,3.195116,-1.335368
242.3,2.453945,3.192614,-1.335396
242.4,2.454545,3.190112,-1.335423
242.5,2.455146,3.18761,-1.33545
242.6,2.455746,3.185107,-1.335477
242.7,2.456346,3.182604,-1.335503
242.8,2.456946,3.180101,-1.335529
242.9,2.457546,3.177598,-1.335555
243.0,2.458146,3.175094,-1.33558
243.1,2.458746,3.17259,-1.335605
243.2,2.459346,3.170086,-1.335629
243.3,2.459946,3.167581,-1.335653
243.4,2.460546,3.165076,-1.335677
243.5,2.461146,3.162571,-1.3357
243.6,2.461746,3.160066,-1.335724
243.7,2.462346,3.15756,-1.335746
243.8,2.462946,3.155054,-1.335769
243.9,2.463546,3.152548,-1.33579
244.0,2.464146,3.150042,-1.335812
244.1,2.464746,3.147535,-1.335833
244.2,2.465347,3.145029,-1.335854
244.3,2.465947,3.142522,-1.335875
244.4,2.466547,3.140014,-1.335895
244.5,2.467147,3.137507,-1.335915
244.6,2.467747,3.134999,-1.335934
244.7,2.468347,3.132491,-1.335953
244.8,2.468947,3.129983,-1.335972
244.9,2.469547,3.127475,-1.33599
245.0,2.470147,3.124966,-1.336008
245.1,2.470747,3.122458,-1.336026
245.2,2.471347,3.119949,-1.336043
245.3,2.471947,3.11744,-1.33606
245.4,2.472547,3.11493,-1.336076
245.5,2.473147,3.112421,-1.336093
245.6,2.473747,3.109911,-1.336108
245.7,2.474347,3.107402,-1.336124
245.8,2.474947,3.104892,-1.336139
245.9,2.475548,3.102381,-1.336154
246.0,2.476148,3.099871,-1.336168
246.1,2.476748,3.097361,-1.336182
246.2,2.477348,3.09485,-1.336196
246.3,2.477948,3.092339,-1.336209
246.4,2.478548,3.089828,-1.336222
246.5,2.479148,3.087317,-1.336235
246.6,2.479748,3.084806,-1.336247
246.7,2.480348,3.082295,-1.336259
246.8,2.480948,3.079783,-1.33627
246.9,2.481548,3.077272,-1.336281
247.0,2.482148,3.07476,-1.336292
247.1,2.482748,3.072248,-1.336303
247.2,2.483348,3.069736,-1.336313
247.3,2.483948,3.067224,-1.336323
247.4,2.484548,3.064712,-1.336332
247.5,2.485149,3.0622,-1.336341
247.6,2.485749,3.059687,-1.33635
247.7,2.486349,3.057175,-1.336358
247.8,2.486949,3.054662,-1.336366
247.9,2.487549,3.05215,-1.336373
248.0,2.488149,3.049637,-1.336381
248.1,2.488749,3.047124,-1.336388
248.2,2.489349,3.044611,-1.336394
248.3,2.489949,3.042098,-1.3364
248.4,2.490549,3.039585,-1.336406
248.5,2.491149,3.037072,-1.336411
248.6,2.491749,3.034559,-1.336417
248.7,2.492349,3.032046,-1.336421
248.8,2.492949,3.029533,-1.336426
248.9,2.493549,3.02702,-1.33643
249.0,2.494149,3.024506,-1.336433
249.1,2.494749,3.021993,-1.336437
249.2,2.49535,3.01948,-1.33644
249.3,2.49595,3.016966,-1.336442
249.4,2.49655,3.014453,-1.336444
249.5,2.49715,3.011939,-1.336446
249.6,2.49775,3.009426,-1.336448
249.7,2.49835,3.006912,-1.336449
249.8,2.49895,3.004399,-1.33645
249.9,2.49955,3.001885,-1.33645
250.0,2.50015,2.999372,-1.33645
250.1,2.50075,2.996858,-1.33645
250.2,2.50135,2.994345,-1.336449
250.3,2.50195,2.991831,-1.336448
250.4,2.50255,2.989318,-1.336447
250.5,2.50315,2.986804,-1.336445
250.6,2.50375,2.984291,-1.336443
250.7,2.50435,2.981777,-1.336441
250.8,2.50495,2.979264,-1.336438
250.9,2.505551,2.97675,-1.336435
251.0,2.506151,2.974237,-1.336431
251.1,2.506751,2.971724,-1.336428
251.2,2.507351,2.969211,-1.336423
251.3,2.507951,2.966697,-1.336419
251.4,2.508551,2.964184,-1.336414
251.5,2.509151,2.961671,-1.336409
251.6,2.509751,2.959158,-1.336403
251.7,2.510351,2.956645,-1.336397
251.8,2.510951,2.954132,-1.336391
251.9,2.511551,2.951619,-1.336384
252.0,2.512151,2.949107,-1.336377
252.1,2.512751,2.946594,-1.33637
252.2,2.513351,2.944081,-1.336362
252.3,2.513951,2.941569,-1.336354
252.4,2.514551,2.939056,-1.336345
252.5,2.515152,2.936544,-1.336336
252.6,2.515752,2.934032,-1.336327
252.7,2.516352,2.93152,-1.336318
252.8,2.516952,2.929008,-1.336308
252.9,2.517552,2.926496,-1.336298
253.0,2.518152,2.923984,-1.336287
253.1,2.518752,2.921473,-1.336276
253.2,2.519352,2.918961,-1.336265
253.3,2.519952,2.91645,-1.336253
253.4,2.520552,2.913938,-1.336241
253.5,2.521152,2.911427,-1.336228
253.6,2.521752,2.908916,-1.336216
253.7,2.522352,2.906405,-1.336203
253.8,2.522952,2.903895,-1.336189
253.9,2.523552,2.901384,-1.336175
254.0,2.524152,2.898874,-1.336161
254.1,2.524752,2.896364,-1.336146
254.2,2.525353,2.893853,-1.336131
254.3,2.525953,2.891344,-1.336116
254.4,2.526553,2.888834,-1.336101
254.5,2.527153,2.886324,-1.336085
254.6,2.527753,2.883815,-1.336068
254.7,2.528353,2.881306,-1.336051
254.8,2.528953,2.878797,-1.336034
254.9,2.529553,2.876288,-1.336017
255.0,2.530153,2.873779,-1.335999
255.1,2.530753,2.871271,-1.335981
255.2,2.531353,2.868763,-1.335962
255.3,2.531953,2.866255,-1.335944
255.4,2.532553,2.863747,-1.335924
255.5,2.533153,2.861239,-1.335905
255.6,2.533753,2.858732,-1.335885
255.7,2.534353,2.856225,-1.335864
255.8,2.534953,2.853718,-1.335844
255.9,2.535554,2.851211,-1.335823
256.0,2.536154,2.848705,-1.335801
256.1,2.536754,2.846199,-1.33578
256.2,2.537354,2.843693,-1.335757
256.3,2.537954,2.841187,-1.335735
256.4,2.538554,2.838681,-1.335712
256.5,2.539154,2.836176,-1.335689
256.6,2.539754,2.833671,-1.335665
256.7,2.540354,2.831167,-1.335641
256.8,2.540954,2.828662,-1.335617
256.9,2.541554,2.826158,-1.335592
257.0,2.542154,2.823654,-1.335567
257.1,2.542754,2.821151,-1.335542
257.2,2.543354,2.818647,-1.335516
257.3,2.543954,2.816144,-1.33549
257.4,2.544554,2.813641,-1.335464
257.5,2.545155,2.811139,-1.335437
257.6,2.545755,2.808637,-1.335409
257.7,2.546355,2.806135,-1.335382
257.8,2.546955,2.803634,-1.335354
257.9,2.547555,2.801132,-1.335326
258.0,2.548155,2.798631,-1.335297
258.1,2.548755,2.796131,-1.335268
258.2,2.549355,2.793631,-1.335239
258.3,2.549955,2.791131,-1.335209
258.4,2.550555,2.788631,-1.335179
258.5,2.551155,2.786132,-1.335148
258.6,2.551755,2.783633,-1.335117
258.7,2.552355,2.781134,-1.335086
258.8,2.552955,2.778636,-1.335054
258.9,2.553555,2.776138,-1.335022
259.0,2.554155,2.77364,-1.33499
259.1,2.554755,2.771143,-1.334957
259.2,2.555356,2.768646,-1.334924
259.3,2.555956,2.76615,-1.334891
259.4,2.556556,2.763654,-1.334857
259.5,2.557156,2.761158,-1.334823
259.6,2.557756,2.758663,-1.334788
259.7,2.558356,2.756168,-1.334753
259.8,2.558956,2.753673,-1.334718
259.9,2.559556,2.751179,-1.334683
260.0,2.560156,2.748685,-1.334646
260.1,2.560756,2.746192,-1.33461
260.2,2.561356,2.743699,-1.334573
260.3,2.561956,2.741206,-1.334536
260.4,2.562556,2.738714,-1.334499
260.5,2.563156,2.736222,-1.334461
260.6,2.563756,2.733731,-1.334423
260.7,2.564356,2.73124,-1.334384
260.8,2.564956,2.728749,-1.334345
260.9,2.565557,2.726259,-1.334306
261.0,2.566157,2.72377,-1.334266
261.1,2.566757,2.72128,-1.334226
261.2,2.567357,2.718792,-1.334185
261.3,2.567957,2.716303,-1.334144
261.4,2.568557,2.713815,-1.334103
261.5,2.569157,2.711328,-1.334062
261.6,2.569757,2.708841,-1.33402
261.7,2.570357,2.706355,-1.333977
261.8,2.570957,2.703868,-1.333934
261.9,2.571557,2.701383,-1.333891
262.0,2.572157,2.698898,-1.333848
262.1,2.572757,2.696413,-1.333804
262.2,2.573357,2.693929,-1.33376
262.3,2.573957,2.691445,-1.333715
262.4,2.574557,2.688962,-1.33367
262.5,2.575158,2.686479,-1.333625
262.6,2.575758,2.683997,-1.333579
262.7,2.576358,2.681516,-1.333533
262.8,2.576958,2.679034,-1.333486
262.9,2.577558,2.676554,-1.33344
263.0,2.578158,2.674073,-1.333392
263.1,2.578758,2.671594,-1.333345
263.2,2.579358,2.669115,-1.333297
263.3,2.579958,2.666636,-1.333248
263.4,2.580558,2.664158,-1.333199
263.5,2.581158,2.66168,-1.33315
263.6,2.581758,2.659203,-1.333101
263.7,2.582358,2.656727,-1.333051
263.8,2.582958,2.654251,-1.333001
263.9,2.583558,2.651775,-1.33295
264.0,2.584158,2.649301,-1.332899
264.1,2.584758,2.646826,-1.332847
264.2,2.585359,2.644353,-1.332795
264.3,2.585959,2.641879,-1.332743
264.4,2.586559,2.639407,-1.332691
264.5,2.587159,2.636935,-1.332638
264.6,2.587759,2.634463,-1.332584
264.7,2.588359,2.631992,-1.33253
264.8,2.588959,2.629522,-1.332476
264.9,2.589559,2.627052,-1.332422
265.0,2.590159,2.624583,-1.332367
265.1,2.590759,2.622115,-1.332312
265.2,2.591359,2.619647,-1.332256
265.3,2.591959,2.617179,-1.3322
265.4,2.592559,2.614713,-1.332143
265.5,2.593159,2.612246,-1.332086
265.6,2.593759,2.609781,-1.332029
265.7,2.594359,2.607316,-1.331972
265.8,2.594959,2.604852,-1.331913
265.9,2.59556,2.602388,-1.331855
266.0,2.59616,2.599925,-1.331796
266.1,2.59676,2.597463,-1.331737
266.2,2.59736,2.595001,-1.331677
266.3,2.59796,2.59254,-1.331617
266.4,2.59856,2.590079,-1.331557
266.5,2.59916,2.587619,-1.331496
266.6,2.59976,2.58516,-1.331435
266.7,2.60036,2.582702,-1.331374
266.8,2.60096,2.580244,-1.331312
266.9,2.60156,2.577786,-1.331249
267.0,2.60216,2.57533,-1.331186
267.1,2.60276,2.572874,-1.331123
267.2,2.60336,2.570419,-1.33106
267.3,2.60396,2.567964,-1.330996
267.4,2.60456,2.565511,-1.330931
267.5,2.605161,2.563057,-1.330867
267.6,2.605761,2.560605,-1.330802
267.7,2.606361,2.558153,-1.330736
267.8,2.606961,2.555702,-1.33067
267.9,2.607561,2.553252,-1.330604
268.0,2.608161,2.550802,-1.330537
268.1,2.608761,2.548353,-1.33047
268.2,2.609361,2.545905,-1.330402
268.3,2.609961,2.543457,-1.330334
268.4,2.610561,2.541011,-1.330266
268.5,2.611161,2.538564,-1.330197
268.6,2.611761,2.536119,-1.330128
268.7,2.612361,2.533674,-1.330058
268.8,2.612961,2.531231,-1.329988
268.9,2.613561,2.528787,-1.329918
269.0,2.614161,2.526345,-1.329847
269.1,2.614761,2.523903,-1.329776
269.2,2.615362,2.521463,-1.329704
269.3,2.615962,2.519022,-1.329632
269.4,2.616562,2.516583,-1.32956
269.5,2.617162,2.514144,-1.329487
269.6,2.617762,2.511707,-1.329414
269.7,2.618362,2.509269,-1.32934
269.8,2.618962,2.506833,-1.329266
269.9,2.619562,2.504398,-1.329192
270.0,2.620162,2.501963,-1.329117
270.1,2.620762,2.499529,-1.329042
270.2,2.621362,2.497096,-1.328966
270.3,2.621962,2.494663,-1.32889
270.4,2.622562,2.492232,-1.328813
270.5,2.623162,2.489801,-1.328736
270.6,2.623762,2.487371,-1.328659
270.7,2.624362,2.484942,-1.328581
270.8,2.624962,2.482514,-1.328503
270.9,2.625563,2.480086,-1.328424
271.0,2.626163,2.477659,-1.328345
271.1,2.626763,2.475234,-1.328266
271.2,2.627363,2.472809,-1.328186
271.3,2.627963,2.470384,-1.328106
271.4,2.628563,2.467961,-1.328025
271.5,2.629163,2.465538,-1.327944
271.6,2.629763,2.463117,-1.327862
271.7,2.630363,2.460696,-1.32778
271.8,2.630963,2.458276,-1.327698
271.9,2.631563,2.455857,-1.327615
272.0,2.632163,2.453438,-1.327532
272.1,2.632763,2.451021,-1.327448
272.2,2.633363,2.448604,-1.327364
272.3,2.633963,2.446189,-1.327279
272.4,2.634563,2.443774,-1.327194
272.5,2.635164,2.44136,-1.327109
272.6,2.635764,2.438947,-1.327023
272.7,2.636364,2.436535,-1.326937
272.8,2.636964,2.434124,-1.32685
272.9,2.637564,2.431713,-1.326763
273.0,2.638164,2.429304,-1.326676
273.1,2.638764,2.426895,-1.326588
273.2,2.639364,2.424488,-1.326499
273.3,2.639964,2.422081,-1.32641
273.4,2.640564,2.419675,-1.326321
273.5,2.641164,2.41727,-1.326231
273.6,2.641764,2.414866,-1.326141
273.7,2.642364,2.412463,-1.326051
273.8,2.642964,2.410061,-1.32596
273.9,2.643564,2.40766,-1.325868
274.0,2.644164,2.405259,-1.325776
274.1,2.644764,2.40286,-1.325684
274.2,2.645365,2.400461,-1.325591
274.3,2.645965,2.398064,-1.325498
274.4,2.646565,2.395668,-1.325404
274.5,2.647165,2.393272,-1.32531
274.6,2.647765,2.390877,-1.325216
274.7,2.648365,2.388484,-1.325121
274.8,2.648965,2.386091,-1.325025
274.9,2.649565,2.383699,-1.324929
275.0,2.650165,2.381309,-1.324833
275.1,2.650765,2.378919,-1.324736
275.2,2.651365,2.37653,-1.324639
275.3,2.651965,2.374142,-1.324541
275.4,2.652565,2.371756,-1.324443
275.5,2.653165,2.36937,-1.324345
275.6,2.653765,2.366985,-1.324246
275.7,2.654365,2.364601,-1.324146
275.8,2.654965,2.362218,-1.324046
275.9,2.655566,2.359837,-1.323946
276.0,2.656166,2.357456,-1.323845
276.1,2.656766,2.355076,-1.323744
276.2,2.657366,2.352697,-1.323642
276.3,2.657966,2.35032,-1.32354
276.4,2.658566,2.347943,-1.323437
276.5,2.659166,2.345567,-1.323334
276.6,2.659766,2.343193,-1.323231
276.7,2.660366,2.340819,-1.323126
276.8,2.660966,2.338446,-1.323022
276.9,2.661566,2.336075,-1.322917
277.0,2.662166,2.333704,-1.322812
277.1,2.662766,2.331335,-1.322706
277.2,2.663366,2.328967,-1.322599
277.3,2.663966,2.326599,-1.322493
277.4,2.664566,2.324233,-1.322385
277.5,2.665167,2.321868,-1.322277
277.6,2.665767,2.319504,-1.322169
277.7,2.666367,2.317141,-1.322061
277.8,2.666967,2.314779,-1.321951
277.9,2.667567,2.312418,-1.321842
278.0,2.668167,2.310058,-1.321732
278.1,2.668767,2.3077,-1.321621
278.2,2.669367,2.305342,-1.32151
278.3,2.669967,2.302985,-1.321398
278.4,2.670567,2.30063,-1.321286
278.5,2.671167,2.298276,-1.321174
278.6,2.671767,2.295923,-1.321061
278.7,2.672367,2.293571,-1.320948
278.8,2.672967,2.29122,-1.320834
278.9,2.673567,2.28887,-1.320719
279.0,2.674167,2.286521,-1.320604
279.1,2.674767,2.284173,-1.320489
279.2,2.675368,2.281827,-1.320373
279.3,2.675968,2.279482,-1.320257
279.4,2.676568,2.277138,-1.32014
279.5,2.677168,2.274795,-1.320023
279.6,2.677768,2.272453,-1.319905
279.7,2.678368,2.270112,-1.319787
279.8,2.678968,2.267772,-1.319668
279.9,2.679568,2.265434,-1.319549
280.0,2.680168,2.263097,-1.319429
280.1,2.680768,2.26076,-1.319309
280.2,2.681368,2.258426,-1.319188
280.3,2.681968,2.256092,-1.319067
280.4,2.682568,2.253759,-1.318945
280.5,2.683168,2.251428,-1.318823
280.6,2.683768,2.249098,-1.3187
280.7,2.684368,2.246768,-1.318577
280.8,2.684968,2.244441,-1.318453
280.9,2.685569,2.242114,-1.318329
281.0,2.686169,2.239788,-1.318204
281.1,2.686769,2.237464,-1.318079
281.2,2.687369,2.235141,-1.317953
281.3,2.687969,2.232819,-1.317827
281.4,2.688569,2.230499,-1.3177
281.5,2.689169,2.228179,-1.317573
281.6,2.689769,2.225861,-1.317445
281.7,2.690369,2.223544,-1.317317
281.8,2.690969,2.221228,-1.317188
281.9,2.691569,2.218914,-1.317059
282.0,2.692169,2.2166,-1.316929
282.1,2.692769,2.214288,-1.316799
282.2,2.693369,2.211978,-1.316668
282.3,2.693969,2.209668,-1.316536
282.4,2.694569,2.20736,-1.316405
282.5,2.69517,2.205053,-1.316272
282.6,2.69577,2.202747,-1.316139
282.7,2.69637,2.200442,-1.316006
282.8,2.69697,2.198139,-1.315872
282.9,2.69757,2.195837,-1.315737
283.0,2.69817,2.193536,-1.315602
283.1,2.69877,2.191237,-1.315467
283.2,2.69937,2.188938,-1.315331
283.3,2.69997,2.186642,-1.315194
283.4,2.70057,2.184346,-1.315057
283.5,2.70117,2.182052,-1.314919
283.6,2.70177,2.179758,-1.314781
283.7,2.70237,2.177467,-1.314643
283.8,2.70297,2.175176,-1.314503
283.9,2.70357,2.172887,-1.314364
284.0,2.70417,2.170599,-1.314223
284.1,2.70477,2.168313,-1.314082
284.2,2.705371,2.166027,-1.313941
284.3,2.705971,2.163744,-1.313799
284.4,2.706571,2.161461,-1.313657
284.5,2.707171,2.15918,-1.313514
284.6,2.707771,2.1569,-1.31337
284.7,2.708371,2.154621,-1.313226
284.8,2.708971,2.152344,-1.313081
284.9,2.709571,2.150068,-1.312936
285.0,2.710171,2.147793,-1.31279
285.1,2.710771,2.14552,-1.312644
285.2,2.711371,2.143248,-1.312497
285.3,2.711971,2.140978,-1.31235
285.4,2.712571,2.138708,-1.312202
285.5,2.713171,2.136441,-1.312053
285.6,2.713771,2.134174,-1.311904
285.7,2.714371,2.131909,-1.311754
285.8,2.714971,2.129645,-1.311604
285.9,2.715572,2.127383,-1.311453
286.0,2.716172,2.125122,-1.311302
286.1,2.716772,2.122862,-1.31115
286.2,2.717372,2.120604,-1.310998
286.3,2.717972,2.118347,-1.310845
286.4,2.718572,2.116092,-1.310691
286.5,2.719172,2.113838,-1.310537
286.6,2.719772,2.111585,-1.310382
286.7,2.720372,2.109334,-1.310227
286.8,2.720972,2.107084,-1.310071
286.9,2.721572,2.104836,-1.309915
287.0,2.722172,2.102589,-1.309757
287.1,2.722772,2.100343,-1.3096
287.2,2.723372,2.098099,-1.309442
287.3,2.723972,2.095856,-1.309283
287.4,2.724572,2.093615,-1.309123
287.5,2.725173,2.091375,-1.308964
287.6,2.725773,2.089137,-1.308803
287.7,2.726373,2.0869,-1.308642
287.8,2.726973,2.084664,-1.30848
287.9,2.727573,2.08243,-1.308318
288.0,2.728173,2.080197,-1.308155
288.1,2.728773,2.077966,-1.307991
288.2,2.729373,2.075736,-1.307827
288.3,2.729973,2.073508,-1.307663
288.4,2.730573,2.071281,-1.307497
288.5,2.731173,2.069056,-1.307331
288.6,2.731773,2.066832,-1.307165
288.7,2.732373,2.06461,-1.306998
288.8,2.732973,2.062389,-1.30683
288.9,2.733573,2.060169,-1.306662
289.0,2.734173,2.057951,-1.306493
289.1,2.734773,2.055735,-1.306323
289.2,2.735374,2.05352,-1.306153
289.3,2.735974,2.051306,-1.305983
289.4,2.736574,2.049094,-1.305811
289.5,2.737174,2.046884,-1.305639
289.6,2.737774,2.044675,-1.305467
289.7,2.738374,2.042467,-1.305293
289.8,2.738974,2.040261,-1.30512
289.9,2.739574,2.038057,-1.304945
290.0,2.740174,2.035854,-1.30477
290.1,2.740774,2.033653,-1.304594
290.2,2.741374,2.031453,-1.304418
290.3,2.741974,2.029254,-1.304241
290.4,2.742574,2.027057,-1.304063
290.5,2.743174,2.024862,-1.303885
290.6,2.743774,2.022668,-1.303706
290.7,2.744374,2.020476,-1.303527
290.8,2.744974,2.018286,-1.303347
290.9,2.745575,2.016096,-1.303166
291.0,2.746175,2.013909,-1.302984
291.1,2.746775,2.011723,-1.302802
291.2,2.747375,2.009538,-1.30262
291.3,2.747975,2.007356,-1.302436
291.4,2.748575,2.005174,-1.302252
291.5,2.749175,2.002995,-1.302067
291.6,2.749775,2.000816,-1.301882
291.7,2.750375,1.99864,-1.301696
291.8,2.750975,1.996465,-1.30151
291.9,2.751575,1.994291,-1.301322
292.0,2.752175,1.99212,-1.301134
292.1,2.752775,1.989949,-1.300946
292.2,2.753375,1.987781,-1.300756
292.3,2.753975,1.985614,-1.300566
292.4,2.754575,1.983448,-1.300376
292.5,2.755176,1.981284,-1.300185
292.6,2.755776,1.979122,-1.299993
292.7,2.756376,1.976962,-1.2998
292.8,2.756976,1.974803,-1.299607
292.9,2.757576,1.972645,-1.299413
293.0,2.758176,1.970489,-1.299218
293.1,2.758776,1.968335,-1.299023
293.2,2.759376,1.966183,-1.298827
293.3,2.759976,1.964032,-1.29863
293.4,2.760576,1.961883,-1.298433
293.5,2.761176,1.959735,-1.298235
293.6,2.761776,1.957589,-1.298036
293.7,2.762376,1.955445,-1.297836
293.8,2.762976,1.953302,-1.297636
293.9,2.763576,1.951161,-1.297435
294.0,2.764176,1.949022,-1.297234
294.1,2.764776,1.946884,-1.297031
294.2,2.765377,1.944748,-1.296828
294.3,2.765977,1.942614,-1.296625
294.4,2.766577,1.940481,-1.29642
294.5,2.767177,1.93835,-1.296215
294.6,2.767777,1.936221,-1.29601
294.7,2.768377,1.934093,-1.295803
294.8,2.768977,1.931967,-1.295596
294.9,2.769577,1.929843,-1.295388
295.0,2.770177,1.92772,-1.295179
295.1,2.770777,1.9256,-1.29497
295.2,2.771377,1.92348,-1.29476
295.3,2.771977,1.921363,-1.294549
295.4,2.772577,1.919247,-1.294337
295.5,2.773177,1.917133,-1.294125
295.6,2.773777,1.915021,-1.293912
295.7,2.774377,1.91291,-1.293698
295.8,2.774977,1.910801,-1.293484
295.9,2.775578,1.908694,-1.293268
296.0,2.776178,1.906588,-1.293052
296.1,2.776778,1.904484,-1.292836
296.2,2.777378,1.902382,-1.292618
296.3,2.777978,1.900282,-1.2924
296.4,2.778578,1.898184,-1.292181
296.5,2.779178,1.896087,-1.291961
296.6,2.779778,1.893992,-1.291741
296.7,2.780378,1.891898,-1.291519
296.8,2.780978,1.889807,-1.291297
296.9,2.781578,1.887717,-1.291075
297.0,2.782178,1.885629,-1.290851
297.1,2.782778,1.883542,-1.290627
297.2,2.783378,1.881458,-1.290402
297.3,2.783978,1.879375,-1.290176
297.4,2.784578,1.877294,-1.289949
297.5,2.785179,1.875215,-1.289722
297.6,2.785779,1.873137,-1.289494
297.7,2.786379,1.871062,-1.289265
297.8,2.786979,1.868988,-1.289035
297.9,2.787579,1.866916,-1.288804
298.0,2.788179,1.864845,-1.288573
298.1,2.788779,1.862777,-1.288341
298.2,2.789379,1.86071,-1.288108
298.3,2.789979,1.858645,-1.287874
298.4,2.790579,1.856582,-1.28764
298.5,2.791179,1.854521,-1.287404
298.6,2.791779,1.852461,-1.287168
298.7,2.792379,1.850403,-1.286931
298.8,2.792979,1.848347,-1.286694
298.9,2.793579,1.846293,-1.286455
299.0,2.794179,1.844241,-1.286216
299.1,2.794779,1.842191,-1.285975
299.2,2.79538,1.840142,-1.285734
299.3,2.79598,1.838095,-1.285492
299.4,2.79658,1.83605,-1.28525
299.5,2.79718,1.834007,-1.285006
299.6,2.79778,1.831966,-1.284762
299.7,2.79838,1.829927,-1.284517
299.8,2.79898,1.827889,-1.284271
299.9,2.79958,1.825853,-1.284024
300.0,2.80018,1.82382,-1.283776
300.1,2.80078,1.821788,-1.283528
300.2,2.80138,1.819757,-1.283278
300.3,2.80198,1.817729,-1.283028
300.4,2.80258,1.815703,-1.282777
300.5,2.80318,1.813678,-1.282525
300.6,2.80378,1.811656,-1.282272
300.7,2.80438,1.809635,-1.282019
300.8,2.80498,1.807616,-1.281764
300.9,2.805581,1.805599,-1.281509
301.0,2.806181,1.803584,-1.281252
301.1,2.806781,1.80157,-1.280995
301.2,2.807381,1.799559,-1.280737
301.3,2.807981,1.79755,-1.280478
301.4,2.808581,1.795542,-1.280218
301.5,2.809181,1.793536,-1.279958
301.6,2.809781,1.791533,-1.279696
301.7,2.810381,1.789531,-1.279434
301.8,2.810981,1.787531,-1.27917
301.9,2.811581,1.785533,-1.278906
302.0,2.812181,1.783537,-1.278641
302.1,2.812781,1.781543,-1.278375
302.2,2.813381,1.77955,-1.278108
302.3,2.813981,1.77756,-1.27784
302.4,2.814581,1.775572,-1.277571
302.5,2.815182,1.773585,-1.277302
302.6,2.815782,1.771601,-1.277031
302.7,2.816382,1.769618,-1.276759
302.8,2.816982,1.767637,-1.276487
302.9,2.817582,1.765659,-1.276213
303.0,2.818182,1.763682,-1.275939
303.1,2.818782,1.761707,-1.275664
303.2,2.819382,1.759734,-1.275388
303.3,2.819982,1.757764,-1.27511
303.4,2.820582,1.755795,-1.274832
303.5,2.821182,1.753828,-1.274553
303.6,2.821782,1.751863,-1.274273
303.7,2.822382,1.7499,-1.273992
303.8,2.822982,1.747939,-1.27371
303.9,2.823582,1.74598,-1.273427
304.0,2.824182,1.744023,-1.273144
304.1,2.824782,1.742067,-1.272859
304.2,2.825383,1.740114,-1.272573
304.3,2.825983,1.738163,-1.272286
304.4,2.826583,1.736214,-1.271998
304.5,2.827183,1.734267,-1.27171
304.6,2.827783,1.732322,-1.27142
304.7,2.828383,1.730379,-1.271129
304.8,2.828983,1.728438,-1.270837
304.9,2.829583,1.726499,-1.270545
305.0,2.830183,1.724561,-1.270251
305.1,2.830783,1.722626,-1.269956
305.2,2.831383,1.720693,-1.269661
305.3,2.831983,1.718762,-1.269364
305.4,2.832583,1.716833,-1.269066
305.5,2.833183,1.714906,-1.268767
305.6,2.833783,1.712981,-1.268467
305.7,2.834383,1.711058,-1.268167
305.8,2.834983,1.709137,-1.267865
305.9,2.835584,1.707219,-1.267562
306.0,2.836184,1.705302,-1.267258
306.1,2.836784,1.703387,-1.266953
306.2,2.837384,1.701474,-1.266647
306.3,2.837984,1.699564,-1.26634
306.4,2.838584,1.697655,-1.266032
306.5,2.839184,1.695748,-1.265722
306.6,2.839784,1.693844,-1.265412
306.7,2.840384,1.691941,-1.265101
306.8,2.840984,1.690041,-1.264789
306.9,2.841584,1.688143,-1.264475
307.0,2.842184,1.686247,-1.264161
307.1,2.842784,1.684352,-1.263845
307.2,2.843384,1.68246,-1.263528
307.3,2.843984,1.68057,-1.26321
307.4,2.844584,1.678682,-1.262892
307.5,2.845185,1.676797,-1.262572
307.6,2.845785,1.674913,-1.26225
307.7,2.846385,1.673031,-1.261928
307.8,2.846985,1.671152,-1.261605
307.9,2.847585,1.669274,-1.261281
308.0,2.848185,1.667399,-1.260955
308.1,2.848785,1.665526,-1.260628
308.2,2.849385,1.663655,-1.260301
308.3,2.849985,1.661785,-1.259972
308.4,2.850585,1.659919,-1.259642
308.5,2.851185,1.658054,-1.25931
308.6,2.851785,1.656191,-1.258978
308.7,2.852385,1.654331,-1.258645
308.8,2.852985,1.652472,-1.25831
308.9,2.853585,1.650616,-1.257974
309.0,2.854185,1.648762,-1.257637
309.1,2.854785,1.64691,-1.257299
309.2,2.855386,1.64506,-1.25696
309.3,2.855986,1.643212,-1.256619
309.4,2.856586,1.641366,-1.256278
309.5,2.857186,1.639523,-1.255935
309.6,2.857786,1.637682,-1.255591
309.7,2.858386,1.635842,-1.255246
309.8,2.858986,1.634005,-1.254899
309.9,2.859586,1.632171,-1.254551
310.0,2.860186,1.630338,-1.254203
310.1,2.860786,1.628507,-1.253853
310.2,2.861386,1.626679,-1.253501
310.3,2.861986,1.624853,-1.253149
310.4,2.862586,1.623029,-1.252795
310.5,2.863186,1.621207,-1.25244
310.6,2.863786,1.619387,-1.252084
310.7,2.864386,1.61757,-1.251727
310.8,2.864986,1.615754,-1.251368
310.9,2.865587,1.613941,-1.251008
311.0,2.866187,1.61213,-1.250647
311.1,2.866787,1.610322,-1.250284
311.2,2.867387,1.608515,-1.249921
311.3,2.867987,1.606711,-1.249556
311.4,2.868587,1.604909,-1.249189
311.5,2.869187,1.603109,-1.248822
311.6,2.869787,1.601311,-1.248453
311.7,2.870387,1.599515,-1.248083
311.8,2.870987,1.597722,-1.247712
311.9,2.871587,1.595931,-1.247339
312.0,2.872187,1.594142,-1.246965
312.1,2.872787,1.592356,-1.246589
312.2,2.873387,1.590571,-1.246213
312.3,2.873987,1.588789,-1.245835
312.4,2.874587,1.587009,-1.245456
312.5,2.875188,1.585231,-1.245075
312.6,2.875788,1.583456,-1.244693
312.7,2.876388,1.581682,-1.24431
312.8,2.876988,1.579911,-1.243925
312.9,2.877588,1.578143,-1.243539
313.0,2.878188,1.576376,-1.243151
313.1,2.878788,1.574612,-1.242763
313.2,2.879388,1.57285,-1.242373
313.3,2.879988,1.57109,-1.241981
313.4,2.880588,1.569332,-1.241588
313.5,2.881188,1.567577,-1.241194
313.6,2.881788,1.565824,-1.240798
313.7,2.882388,1.564073,-1.240401
313.8,2.882988,1.562325,-1.240003
313.9,2.883588,1.560579,-1.239603
314.0,2.884188,1.558835,-1.239201
314.1,2.884788,1.557093,-1.238799
314.2,2.885389,1.555354,-1.238394
314.3,2.885989,1.553616,-1.237989
314.4,2.886589,1.551882,-1.237582
314.5,2.887189,1.550149,-1.237173
314.6,2.887789,1.548419,-1.236763
314.7,2.888389,1.546691,-1.236352
314.8,2.888989,1.544965,-1.235939
314.9,2.889589,1.543242,-1.235525
315.0,2.890189,1.541521,-1.235109
315.1,2.890789,1.539802,-1.234691
315.2,2.891389,1.538086,-1.234273
315.3,2.891989,1.536372,-1.233852
315.4,2.892589,1.53466,-1.23343
315.5,2.893189,1.53295,-1.233007
315.6,2.893789,1.531243,-1.232582
315.7,2.894389,1.529538,-1.232156
315.8,2.894989,1.527836,-1.231728
315.9,2.89559,1.526135,-1.231299
316.0,2.89619,1.524437,-1.230868
316.1,2.89679,1.522742,-1.230435
316.2,2.89739,1.521049,-1.230001
316.3,2.89799,1.519358,-1.229565
316.4,2.89859,1.517669,-1.229128
316.5,2.89919,1.515983,-1.228689
316.6,2.89979,1.514299,-1.228249
316.7,2.90039,1.512618,-1.227807
316.8,2.90099,1.510938,-1.227363
316.9,2.90159,1.509262,-1.226918
317.0,2.90219,1.507587,-1.226471
317.1,2.90279,1.505915,-1.226023
317.2,2.90339,1.504245,-1.225573
317.3,2.90399,1.502578,-1.225121
317.4,2.90459,1.500913,-1.224668
317.5,2.905191,1.49925,-1.224213
317.6,2.905791,1.49759,-1.223756
317.7,2.906391,1.495932,-1.223298
317.8,2.906991,1.494276,-1.222838
317.9,2.907591,1.492623,-1.222376
318.0,2.908191,1.490973,-1.221913
318.1,2.908791,1.489324,-1.221448
318.2,2.909391,1.487678,-1.220981
318.3,2.909991,1.486035,-1.220513
318.4,2.910591,1.484393,-1.220043
318.5,2.911191,1.482754,-1.219571
318.6,2.911791,1.481118,-1.219097
318.7,2.912391,1.479484,-1.218622
318.8,2.912991,1.477852,-1.218145
318.9,2.913591,1.476223,-1.217666
319.0,2.914191,1.474596,-1.217185
319.1,2.914791,1.472972,-1.216703
319.2,2.915392,1.47135,-1.216219
319.3,2.915992,1.46973,-1.215733
319.4,2.916592,1.468113,-1.215245
319.5,2.917192,1.466498,-1.214756
319.6,2.917792,1.464886,-1.214264
319.7,2.918392,1.463276,-1.213771
319.8,2.918992,1.461669,-1.213276
319.9,2.919592,1.460064,-1.212779
320.0,2.920192,1.458461,-1.212281
320.1,2.920792,1.456861,-1.21178
320.2,2.921392,1.455263,-1.211278
320.3,2.921992,1.453668,-1.210774
320.4,2.922592,1.452075,-1.210268
320.5,2.923192,1.450484,-1.20976
320.6,2.923792,1.448896,-1.20925
320.7,2.924392,1.447311,-1.208738
320.8,2.924992,1.445728,-1.208224
320.9,2.925593,1.444147,-1.207709
321.0,2.926193,1.442569,-1.207191
321.1,2.926793,1.440993,-1.206672
321.2,2.927393,1.43942,-1.20615
321.3,2.927993,1.437849,-1.205627
321.4,2.928593,1.436281,-1.205101
321.5,2.929193,1.434715,-1.204574
321.6,2.929793,1.433152,-1.204045
321.7,2.930393,1.431591,-1.203514
321.8,2.930993,1.430033,-1.20298
321.9,2.931593,1.428477,-1.202445
322.0,2.932193,1.426923,-1.201908
322.1,2.932793,1.425372,-1.201368
322.2,2.933393,1.423824,-1.200827
322.3,2.933993,1.422278,-1.200283
322.4,2.934593,1.420734,-1.199738
322.5,2.935194,1.419193,-1.19919
322.6,2.935794,1.417655,-1.198641
322.7,2.936394,1.416119,-1.198089
322.8,2.936994,1.414585,-1.197535
322.9,2.937594,1.413054,-1.196979
323.0,2.938194,1.411526,-1.196421
323.1,2.938794,1.41,-1.195861
323.2,2.939394,1.408476,-1.195298
323.3,2.939994,1.406955,-1.194734
323.4,2.940594,1.405437,-1.194167
323.5,2.941194,1.403921,-1.193598
323.6,2.941794,1.402408,-1.193027
323.7,2.942394,1.400897,-1.192454
323.8,2.942994,1.399388,-1.191879
323.9,2.943594,1.397883,-1.191301
324.0,2.944194,1.396379,-1.190721
324.1,2.944794,1.394878,-1.190139
324.2,2.945395,1.39338,-1.189555
324.3,2.945995,1.391885,-1.188968
324.4,2.946595,1.390391,-1.18838
324.5,2.947195,1.388901,-1.187788
324.6,2.947795,1.387413,-1.187195
324.7,2.948395,1.385927,-1.186599
324.8,2.948995,1.384444,-1.186001
324.9,2.949595,1.382964,-1.185401
325.0,2.950195,1.381486,-1.184798
325.1,2.950795,1.380011,-1.184193
325.2,2.951395,1.378538,-1.183586
325.3,2.951995,1.377068,-1.182976
325.4,2.952595,1.3756,-1.182364
325.5,2.953195,1.374135,-1.18175
325.6,2.953795,1.372673,-1.181133
325.7,2.954395,1.371213,-1.180513
325.8,2.954995,1.369755,-1.179892
325.9,2.955596,1.368301,-1.179267
326.0,2.956196,1.366848,-1.178641
326.1,2.956796,1.365399,-1.178012
326.2,2.957396,1.363952,-1.17738
326.3,2.957996,1.362507,-1.176746
326.4,2.958596,1.361065,-1.176109
326.5,2.959196,1.359626,-1.17547
326.6,2.959796,1.358189,-1.174829
326.7,2.960396,1.356755,-1.174184
326.8,2.960996,1.355324,-1.173538
326.9,2.961596,1.353895,-1.172889
327.0,2.962196,1.352469,-1.172237
327.1,2.962796,1.351045,-1.171582
327.2,2.963396,1.349624,-1.170925
327.3,2.963996,1.348205,-1.170265
327.4,2.964596,1.34679,-1.169603
327.5,2.965197,1.345376,-1.168938
327.6,2.965797,1.343966,-1.168271
327.7,2.966397,1.342558,-1.1676
327.8,2.966997,1.341152,-1.166927
327.9,2.967597,1.339749,-1.166252
328.0,2.968197,1.338349,-1.165573
328.1,2.968797,1.336952,-1.164892
328.2,2.969397,1.335557,-1.164208
328.3,2.969997,1.334164,-1.163522
328.4,2.970597,1.332775,-1.162832
328.5,2.971197,1.331388,-1.16214
328.6,2.971797,1.330003,-1.161445
328.7,2.972397,1.328622,-1.160748
328.8,2.972997,1.327243,-1.160047
328.9,2.973597,1.325866,-1.159344
329.0,2.974197,1.324492,-1.158637
329.1,2.974797,1.323121,-1.157928
329.2,2.975398,1.321753,-1.157216
329.3,2.975998,1.320387,-1.156501
329.4,2.976598,1.319023,-1.155783
329.5,2.977198,1.317663,-1.155063
329.6,2.977798,1.316305,-1.154339
329.7,2.978398,1.31495,-1.153612
329.8,2.978998,1.313597,-1.152883
329.9,2.979598,1.312247,-1.15215
330.0,2.980198,1.3109,-1.151414
330.1,2.980798,1.309555,-1.150675
330.2,2.981398,1.308213,-1.149934
330.3,2.981998,1.306874,-1.149189
330.4,2.982598,1.305537,-1.148441
330.5,2.983198,1.304204,-1.14769
330.6,2.983798,1.302872,-1.146936
330.7,2.984398,1.301544,-1.146179
330.8,2.984998,1.300218,-1.145419
330.9,2.985599,1.298895,-1.144655
331.0,2.986199,1.297574,-1.143888
331.1,2.986799,1.296256,-1.143119
331.2,2.987399,1.294941,-1.142346
331.3,2.987999,1.293629,-1.141569
331.4,2.988599,1.292319,-1.14079
331.5,2.989199,1.291012,-1.140007
331.6,2.989799,1.289708,-1.139221
331.7,2.990399,1.288406,-1.138432
331.8,2.990999,1.287107,-1.137639
331.9,2.991599,1.285811,-1.136843
332.0,2.992199,1.284518,-1.136043
332.1,2.992799,1.283227,-1.135241
332.2,2.993399,1.281939,-1.134435
332.3,2.993999,1.280653,-1.133625
332.4,2.994599,1.279371,-1.132812
332.5,2.9952,1.278091,-1.131996
332.6,2.9958,1.276813,-1.131176
332.7,2.9964,1.275539,-1.130353
332.8,2.997,1.274267,-1.129526
332.9,2.9976,1.272998,-1.128696
333.0,2.9982,1.271732,-1.127862
333.1,2.9988,1.270468,-1.127024
333.2,2.9994,1.269207,-1.126183
333.3,3.0,1.267949,-1.125339
333.4,3.0006,1.266694,-1.124491
333.5,3.0012,1.265441,-1.123639
333.6,3.0018,1.264191,-1.122783
333.7,3.0024,1.262944,-1.121924
333.8,3.003,1.2617,-1.121061
333.9,3.0036,1.260458,-1.120195
334.0,3.0042,1.259219,-1.119324
334.1,3.0048,1.257983,-1.11845
334.2,3.005401,1.256749,-1.117573
334.3,3.006001,1.255519,-1.116691
334.4,3.006601,1.254291,-1.115805
334.5,3.007201,1.253066,-1.114916
334.6,3.007801,1.251843,-1.114023
334.7,3.008401,1.250624,-1.113126
334.8,3.009001,1.249407,-1.112225
334.9,3.009601,1.248193,-1.11132
335.0,3.010201,1.246981,-1.110411
335.1,3.010801,1.245773,-1.109498
335.2,3.011401,1.244567,-1.108582
335.3,3.012001,1.243364,-1.107661
335.4,3.012601,1.242163,-1.106736
335.5,3.013201,1.240966,-1.105807
335.6,3.013801,1.239771,-1.104874
335.7,3.014401,1.238579,-1.103937
335.8,3.015002,1.23739,-1.102995
335.9,3.015602,1.236204,-1.10205
336.0,3.016202,1.23502,-1.1011
336.1,3.016802,1.233839,-1.100147
336.2,3.017402,1.232661,-1.099188
336.3,3.018002,1.231486,-1.098226
336.4,3.018602,1.230314,-1.09726
336.5,3.019202,1.229144,-1.096289
336.6,3.019802,1.227977,-1.095313
336.7,3.020402,1.226813,-1.094334
336.8,3.021002,1.225652,-1.09335
336.9,3.021602,1.224494,-1.092362
337.0,3.022202,1.223338,-1.091369
337.1,3.022802,1.222185,-1.090371
337.2,3.023402,1.221035,-1.08937
337.3,3.024002,1.219888,-1.088364
337.4,3.024602,1.218744,-1.087353
337.5,3.025203,1.217602,-1.086337
337.6,3.025803,1.216463,-1.085318
337.7,3.026403,1.215327,-1.084293
337.8,3.027003,1.214194,-1.083264
337.9,3.027603,1.213064,-1.08223
338.0,3.028203,1.211936,-1.081191
338.1,3.028803,1.210812,-1.080148
338.2,3.029403,1.20969,-1.0791
338.3,3.030003,1.208571,-1.078047
338.4,3.030603,1.207455,-1.07699
338.5,3.031203,1.206341,-1.075927
338.6,3.031803,1.205231,-1.07486
338.7,3.032403,1.204123,-1.073788
338.8,3.033003,1.203018,-1.072711
338.9,3.033603,1.201916,-1.071629
339.0,3.034203,1.200817,-1.070542
339.1,3.034803,1.199721,-1.06945
339.2,3.035404,1.198627,-1.068353
339.3,3.036004,1.197537,-1.067251
339.4,3.036604,1.196449,-1.066143
339.5,3.037204,1.195364,-1.065031
339.6,3.037804,1.194282,-1.063914
339.7,3.038404,1.193203,-1.062791
339.8,3.039004,1.192126,-1.061663
339.9,3.039604,1.191053,-1.06053
340.0,3.040204,1.189982,-1.059391
340.1,3.040804,1.188914,-1.058247
340.2,3.041404,1.187849,-1.057098
340.3,3.042004,1.186787,-1.055944
340.4,3.042604,1.185728,-1.054784
340.5,3.043204,1.184672,-1.053619
340.6,3.043804,1.183618,-1.052448
340.7,3.044404,1.182568,-1.051271
340.8,3.045005,1.18152,-1.05009
340.9,3.045605,1.180475,-1.048902
341.0,3.046205,1.179433,-1.047709
341.1,3.046805,1.178394,-1.04651
341.2,3.047405,1.177358,-1.045306
341.3,3.048005,1.176324,-1.044096
341.4,3.048605,1.175294,-1.04288
341.5,3.049205,1.174266,-1.041658
341.6,3.049805,1.173241,-1.040431
341.7,3.050405,1.17222,-1.039198
341.8,3.051005,1.171201,-1.037958
341.9,3.051605,1.170185,-1.036713
342.0,3.052205,1.169171,-1.035462
342.1,3.052805,1.168161,-1.034205
342.2,3.053405,1.167154,-1.032942
342.3,3.054005,1.166149,-1.031673
342.4,3.054605,1.165148,-1.030398
342.5,3.055206,1.164149,-1.029116
342.6,3.055806,1.163153,-1.027829
342.7,3.056406,1.16216,-1.026535
342.8,3.057006,1.16117,-1.025235
342.9,3.057606,1.160183,-1.023928
343.0,3.058206,1.159199,-1.022616
343.1,3.058806,1.158218,-1.021297
343.2,3.059406,1.157239,-1.019971
343.3,3.060006,1.156264,-1.018639
343.4,3.060606,1.155291,-1.017301
343.5,3.061206,1.154322,-1.015956
343.6,3.061806,1.153355,-1.014604
343.7,3.062406,1.152391,-1.013246
343.8,3.063006,1.15143,-1.011881
343.9,3.063606,1.150472,-1.01051
344.0,3.064206,1.149517,-1.009131
344.1,3.064806,1.148565,-1.007746
344.2,3.065407,1.147616,-1.006354
344.3,3.066007,1.14667,-1.004956
344.4,3.066607,1.145726,-1.00355
344.5,3.067207,1.144786,-1.002138
344.6,3.067807,1.143849,-1.000718
344.7,3.068407,1.142914,-0.999291
344.8,3.069007,1.141982,-0.997858
344.9,3.069607,1.141054,-0.996417
345.0,3.070207,1.140128,-0.994969
345.1,3.070807,1.139205,-0.993514
345.2,3.071407,1.138285,-0.992051
345.3,3.072007,1.137368,-0.990582
345.4,3.072607,1.136454,-0.989105
345.5,3.073207,1.135543,-0.98762
345.6,3.073807,1.134635,-0.986128
345.7,3.074407,1.13373,-0.984629
345.8,3.075008,1.132828,-0.983122
345.9,3.075608,1.131929,-0.981607
346.0,3.076208,1.131032,-0.980085
346.1,3.076808,1.130139,-0.978555
346.2,3.077408,1.129249,-0.977018
346.3,3.078008,1.128361,-0.975472
346.4,3.078608,1.127477,-0.973919
346.5,3.079208,1.126595,-0.972358
346.6,3.079808,1.125717,-0.970789
346.7,3.080408,1.124841,-0.969212
346.8,3.081008,1.123968,-0.967628
346.9,3.081608,1.123099,-0.966035
347.0,3.082208,1.122232,-0.964433
347.1,3.082808,1.121368,-0.962824
347.2,3.083408,1.120507,-0.961207
347.3,3.084008,1.11965,-0.959581
347.4,3.084608,1.118795,-0.957947
347.5,3.085209,1.117943,-0.956304
347.6,3.085809,1.117094,-0.954653
347.7,3.086409,1.116248,-0.952994
347.8,3.087009,1.115405,-0.951326
347.9,3.087609,1.114565,-0.94965
348.0,3.088209,1.113728,-0.947964
348.1,3.088809,1.112894,-0.946271
348.2,3.089409,1.112063,-0.944568
348.3,3.090009,1.111235,-0.942857
348.4,3.090609,1.11041,-0.941136
348.5,3.091209,1.109588,-0.939407
348.6,3.091809,1.108769,-0.937669
348.7,3.092409,1.107952,-0.935922
348.8,3.093009,1.107139,-0.934165
348.9,3.093609,1.106329,-0.9324
349.0,3.094209,1.105522,-0.930625
349.1,3.094809,1.104718,-0.928842
349.2,3.09541,1.103917,-0.927048
349.3,3.09601,1.103119,-0.925246
349.4,3.09661,1.102323,-0.923434
349.5,3.09721,1.101531,-0.921612
349.6,3.09781,1.100742,-0.919781
349.7,3.09841,1.099956,-0.917941
349.8,3.09901,1.099173,-0.91609
349.9,3.09961,1.098392,-0.91423
350.0,3.10021,1.097615,-0.91236
350.1,3.10081,1.096841,-0.910481
350.2,3.10141,1.09607,-0.908591
350.3,3.10201,1.095302,-0.906692
350.4,3.10261,1.094537,-0.904782
350.5,3.10321,1.093775,-0.902862
350.6,3.10381,1.093015,-0.900932
350.7,3.10441,1.092259,-0.898992
350.8,3.105011,1.091506,-0.897042
350.9,3.105611,1.090756,-0.895081
351.0,3.106211,1.090009,-0.89311
351.1,3.106811,1.089265,-0.891128
351.2,3.107411,1.088524,-0.889136
351.3,3.108011,1.087786,-0.887134
351.4,3.108611,1.087051,-0.88512
351.5,3.109211,1.086319,-0.883096
351.6,3.109811,1.08559,-0.881061
351.7,3.110411,1.084864,-0.879015
351.8,3.111011,1.084141,-0.876958
351.9,3.111611,1.083421,-0.874891
352.0,3.112211,1.082704,-0.872812
352.1,3.112811,1.081991,-0.870722
352.2,3.113411,1.08128,-0.868621
352.3,3.114011,1.080572,-0.866508
352.4,3.114611,1.079867,-0.864384
352.5,3.115212,1.079166,-0.862249
352.6,3.115812,1.078467,-0.860102
352.7,3.116412,1.077771,-0.857944
352.8,3.117012,1.077079,-0.855774
352.9,3.117612,1.076389,-0.853593
353.0,3.118212,1.075703,-0.851399
353.1,3.118812,1.075019,-0.849194
353.2,3.119412,1.074339,-0.846977
353.3,3.120012,1.073661,-0.844748
353.4,3.120612,1.072987,-0.842507
353.5,3.121212,1.072316,-0.840254
353.6,3.121812,1.071647,-0.837989
353.7,3.122412,1.070982,-0.835711
353.8,3.123012,1.07032,-0.833421
353.9,3.123612,1.069661,-0.831119
354.0,3.124212,1.069005,-0.828804
354.1,3.124812,1.068352,-0.826477
354.2,3.125413,1.067702,-0.824137
354.3,3.126013,1.067055,-0.821785
354.4,3.126613,1.066411,-0.819419
354.5,3.127213,1.06577,-0.817041
354.6,3.127813,1.065132,-0.81465
354.7,3.128413,1.064498,-0.812246
354.8,3.129013,1.063866,-0.809829
354.9,3.129613,1.063237,-0.807399
355.0,3.130213,1.062612,-0.804955
355.1,3.130813,1.061989,-0.802499
355.2,3.131413,1.06137,-0.800028
355.3,3.132013,1.060754,-0.797545
355.4,3.132613,1.06014,-0.795048
355.5,3.133213,1.05953,-0.792538
355.6,3.133813,1.058923,-0.790013
355.7,3.134413,1.058319,-0.787475
355.8,3.135014,1.057718,-0.784924
355.9,3.135614,1.05712,-0.782358
356.0,3.136214,1.056525,-0.779779
356.1,3.136814,1.055933,-0.777185
356.2,3.137414,1.055345,-0.774577
356.3,3.138014,1.054759,-0.771956
356.4,3.138614,1.054176,-0.76932
356.5,3.139214,1.053597,-0.766669
356.6,3.139814,1.05302,-0.764005
356.7,3.140414,1.052447,-0.761325
356.8,3.141014,1.051877,-0.758632
356.9,3.141614,1.051309,-0.755923
357.0,3.142214,1.050745,-0.7532
357.1,3.142814,1.050184,-0.750462
357.2,3.143414,1.049626,-0.747709
357.3,3.144014,1.049071,-0.744942
357.4,3.144614,1.048519,-0.742159
357.5,3.145215,1.047971,-0.739362
357.6,3.145815,1.047425,-0.736549
357.7,3.146415,1.046882,-0.733721
357.8,3.147015,1.046343,-0.730877
357.9,3.147615,1.045807,-0.728019
358.0,3.148215,1.045273,-0.725145
358.1,3.148815,1.044743,-0.722255
358.2,3.149415,1.044216,-0.71935
358.3,3.150015,1.043692,-0.716429
358.4,3.150615,1.043171,-0.713493
358.5,3.151215,1.042653,-0.71054
358.6,3.151815,1.042138,-0.707572
358.7,3.152415,1.041626,-0.704588
358.8,3.153015,1.041118,-0.701588
358.9,3.153615,1.040612,-0.698572
359.0,3.154215,1.04011,-0.695539
359.1,3.154815,1.039611,-0.692491
359.2,3.155416,1.039114,-0.689426
359.3,3.156016,1.038621,-0.686345
359.4,3.156616,1.038131,-0.683247
359.5,3.157216,1.037644,-0.680133
359.6,3.157816,1.03716,-0.677002
359.7,3.158416,1.03668,-0.673855
359.8,3.159016,1.036202,-0.670691
359.9,3.159616,1.035728,-0.667511
360.0,3.160216,1.035256,-0.664313
360.1,3.160816,1.034788,-0.661099
360.2,3.161416,1.034323,-0.657868
360.3,3.162016,1.033861,-0.654619
360.4,3.162616,1.033401,-0.651354
360.5,3.163216,1.032946,-0.648072
360.6,3.163816,1.032493,-0.644772
360.7,3.164416,1.032043,-0.641456
360.8,3.165017,1.031597,-0.638122
360.9,3.165617,1.031153,-0.63477
361.0,3.166217,1.030713,-0.631402
361.1,3.166817,1.030275,-0.628016
361.2,3.167417,1.029841,-0.624612
361.3,3.168017,1.02941,-0.621191
361.4,3.168617,1.028982,-0.617752
361.5,3.169217,1.028558,-0.614296
361.6,3.169817,1.028136,-0.610822
361.7,3.170417,1.027717,-0.60733
361.8,3.171017,1.027302,-0.60382
361.9,3.171617,1.02689,-0.600293
362.0,3.172217,1.02648,-0.596748
362.1,3.172817,1.026074,-0.593184
362.2,3.173417,1.025671,-0.589603
362.3,3.174017,1.025271,-0.586004
362.4,3.174617,1.024875,-0.582387
362.5,3.175218,1.024481,-0.578752
362.6,3.175818,1.02409,-0.575099
362.7,3.176418,1.023703,-0.571428
362.8,3.177018,1.023319,-0.567738
362.9,3.177618,1.022938,-0.564031
363.0,3.178218,1.02256,-0.560305
363.1,3.178818,1.022185,-0.556561
363.2,3.179418,1.021813,-0.552799
363.3,3.180018,1.021444,-0.549018
363.4,3.180618,1.021079,-0.545219
363.5,3.181218,1.020716,-0.541402
363.6,3.181818,1.020357,-0.537567
363.7,3.182418,1.020001,-0.533713
363.8,3.183018,1.019648,-0.529841
363.9,3.183618,1.019298,-0.525951
364.0,3.184218,1.018951,-0.522042
364.1,3.184818,1.018608,-0.518115
364.2,3.185419,1.018267,-0.51417
364.3,3.186019,1.01793,-0.510206
364.4,3.186619,1.017596,-0.506224
364.5,3.187219,1.017264,-0.502224
364.6,3.187819,1.016936,-0.498205
364.7,3.188419,1.016612,-0.494168
364.8,3.189019,1.01629,-0.490113
364.9,3.189619,1.015971,-0.486039
365.0,3.190219,1.015656,-0.481947
365.1,3.190819,1.015344,-0.477837
365.2,3.191419,1.015034,-0.473709
365.3,3.192019,1.014728,-0.469562
365.4,3.192619,1.014425,-0.465398
365.5,3.193219,1.014126,-0.461215
365.6,3.193819,1.013829,-0.457014
365.7,3.194419,1.013535,-0.452795
365.8,3.19502,1.013245,-0.448558
365.9,3.19562,1.012958,-0.444303
366.0,3.19622,1.012674,-0.44003
366.1,3.19682,1.012393,-0.435739
366.2,3.19742,1.012115,-0.431431
366.3,3.19802,1.01184,-0.427104
366.4,3.19862,1.011569,-0.42276
366.5,3.19922,1.0113,-0.418399
366.6,3.19982,1.011035,-0.41402
366.7,3.20042,1.010773,-0.409623
366.8,3.20102,1.010514,-0.405209
366.9,3.20162,1.010258,-0.400777
367.0,3.20222,1.010006,-0.396328
367.1,3.20282,1.009756,-0.391862
367.2,3.20342,1.00951,-0.387379
367.3,3.20402,1.009266,-0.382879
367.4,3.20462,1.009026,-0.378362
367.5,3.205221,1.008789,-0.373828
367.6,3.205821,1.008556,-0.369278
367.7,3.206421,1.008325,-0.36471
367.8,3.207021,1.008097,-0.360127
367.9,3.207621,1.007873,-0.355527
368.0,3.208221,1.007652,-0.35091
368.1,3.208821,1.007434,-0.346278
368.2,3.209421,1.007219,-0.341629
368.3,3.210021,1.007007,-0.336965
368.4,3.210621,1.006798,-0.332284
368.5,3.211221,1.006593,-0.327588
368.6,3.211821,1.00639,-0.322877
368.7,3.212421,1.006191,-0.31815
368.8,3.213021,1.005995,-0.313408
368.9,3.213621,1.005802,-0.308651
369.0,3.214221,1.005613,-0.303879
369.1,3.214821,1.005426,-0.299092
369.2,3.215422,1.005243,-0.29429
369.3,3.216022,1.005062,-0.289474
369.4,3.216622,1.004885,-0.284644
369.5,3.217222,1.004711,-0.2798
369.6,3.217822,1.00454,-0.274941
369.7,3.218422,1.004373,-0.270069
369.8,3.219022,1.004208,-0.265184
369.9,3.219622,1.004047,-0.260285
370.0,3.220222,1.003888,-0.255372
370.1,3.220822,1.003733,-0.250447
370.2,3.221422,1.003581,-0.245509
370.3,3.222022,1.003433,-0.240558
370.4,3.222622,1.003287,-0.235595
370.5,3.223222,1.003144,-0.23062
370.6,3.223822,1.003005,-0.225632
370.7,3.224422,1.002869,-0.220633
370.8,3.225023,1.002736,-0.215622
370.9,3.225623,1.002606,-0.2106
371.0,3.226223,1.002479,-0.205567
371.1,3.226823,1.002356,-0.200523
371.2,3.227423,1.002236,-0.195468
371.3,3.228023,1.002118,-0.190403
371.4,3.228623,1.002004,-0.185327
371.5,3.229223,1.001893,-0.180242
371.6,3.229823,1.001786,-0.175147
371.7,3.230423,1.001681,-0.170042
371.8,3.231023,1.001579,-0.164928
371.9,3.231623,1.001481,-0.159805
372.0,3.232223,1.001386,-0.154674
372.1,3.232823,1.001294,-0.149534
372.2,3.233423,1.001205,-0.144386
372.3,3.234023,1.00112,-0.13923
372.4,3.234623,1.001037,-0.134066
372.5,3.235224,1.000958,-0.128894
372.6,3.235824,1.000881,-0.123716
372.7,3.236424,1.000808,-0.118531
372.8,3.237024,1.000739,-0.113339
372.9,3.237624,1.000672,-0.108141
373.0,3.238224,1.000608,-0.102937
373.1,3.238824,1.000548,-0.097727
373.2,3.239424,1.000491,-0.092511
373.3,3.240024,1.000437,-0.08729
373.4,3.240624,1.000386,-0.082065
373.5,3.241224,1.000338,-0.076835
373.6,3.241824,1.000293,-0.0716
373.7,3.242424,1.000252,-0.066362
373.8,3.243024,1.000213,-0.061119
373.9,3.243624,1.000178,-0.055873
374.0,3.244224,1.000146,-0.050625
374.1,3.244824,1.000117,-0.045373
374.2,3.245425,1.000092,-0.040118
374.3,3.246025,1.000069,-0.034862
374.4,3.246625,1.00005,-0.029603
374.5,3.247225,1.000034,-0.024343
374.6,3.247825,1.000021,-0.019081
374.7,3.248425,1.000011,-0.013818
374.8,3.249025,1.000004,-0.008554
374.9,3.249625,1.000001,-0.00329
375.0,3.250225,1.0,0.001974
375.1,3.250825,1.000003,0.007238
375.2,3.251425,1.000009,0.012502
375.3,3.252025,1.000018,0.017765
375.4,3.252625,1.00003,0.023027
375.5,3.253225,1.000046,0.028288
375.6,3.253825,1.000064,0.033547
375.7,3.254425,1.000086,0.038804
375.8,3.255026,1.000111,0.044059
375.9,3.255626,1.000139,0.049312
376.0,3.256226,1.00017,0.054562
376.1,3.256826,1.000204,0.059808
376.2,3.257426,1.000242,0.065051
376.3,3.258026,1.000283,0.070291
376.4,3.258626,1.000326,0.075526
376.5,3.259226,1.000373,0.080758
376.6,3.259826,1.000424,0.085985
376.7,3.260426,1.000477,0.091206
376.8,3.261026,1.000533,0.096423
376.9,3.261626,1.000593,0.101635
377.0,3.262226,1.000656,0.10684
377.1,3.262826,1.000722,0.11204
377.2,3.263426,1.000791,0.117233
377.3,3.264026,1.000863,0.12242
377.4,3.264626,1.000938,0.127601
377.5,3.265227,1.001017,0.132774
377.6,3.265827,1.001099,0.137939
377.7,3.266427,1.001184,0.143097
377.8,3.267027,1.001272,0.148248
377.9,3.267627,1.001363,0.15339
378.0,3.268227,1.001457,0.158523
378.1,3.268827,1.001555,0.163648
378.2,3.269427,1.001655,0.168765
378.3,3.270027,1.001759,0.173871
378.4,3.270627,1.001866,0.178969
378.5,3.271227,1.001976,0.184057
378.6,3.271827,1.002089,0.189135
378.7,3.272427,1.002206,0.194203
378.8,3.273027,1.002326,0.19926
378.9,3.273627,1.002448,0.204307
379.0,3.274227,1.002574,0.209343
379.1,3.274827,1.002703,0.214368
379.2,3.275428,1.002835,0.219381
379.3,3.276028,1.002971,0.224383
379.4,3.276628,1.003109,0.229374
379.5,3.277228,1.003251,0.234352
379.6,3.277828,1.003396,0.239318
379.7,3.278428,1.003544,0.244272
379.8,3.279028,1.003695,0.249214
379.9,3.279628,1.003849,0.254142
380.0,3.280228,1.004007,0.259058
380.1,3.280828,1.004167,0.26396
380.2,3.281428,1.004331,0.268849
380.3,3.282028,1.004498,0.273725
380.4,3.282628,1.004668,0.278586
380.5,3.283228,1.004841,0.283434
380.6,3.283828,1.005018,0.288268
380.7,3.284428,1.005197,0.293088
380.8,3.285029,1.00538,0.297893
380.9,3.285629,1.005566,0.302683
381.0,3.286229,1.005755,0.307459
381.1,3.286829,1.005947,0.31222
381.2,3.287429,1.006142,0.316966
381.3,3.288029,1.00634,0.321697
381.4,3.288629,1.006542,0.326412
381.5,3.289229,1.006747,0.331112
381.6,3.289829,1.006954,0.335796
381.7,3.290429,1.007165,0.340464
381.8,3.291029,1.00738,0.345117
381.9,3.291629,1.007597,0.349754
382.0,3.292229,1.007817,0.354374
382.1,3.292829,1.008041,0.358978
382.2,3.293429,1.008268,0.363566
382.3,3.294029,1.008498,0.368137
382.4,3.294629,1.008731,0.372692
382.5,3.29523,1.008967,0.37723
382.6,3.29583,1.009206,0.381751
382.7,3.29643,1.009449,0.386256
382.8,3.29703,1.009694,0.390743
382.9,3.29763,1.009943,0.395213
383.0,3.29823,1.010195,0.399667
383.1,3.29883,1.01045,0.404102
383.2,3.29943,1.010708,0.408521
383.3,3.30003,1.010969,0.412922
383.4,3.30063,1.011234,0.417306
383.5,3.30123,1.011501,0.421672
383.6,3.30183,1.011772,0.42602
383.7,3.30243,1.012046,0.430351
383.8,3.30303,1.012323,0.434664
383.9,3.30363,1.012603,0.438959
384.0,3.30423,1.012887,0.443236
384.1,3.30483,1.013173,0.447496
384.2,3.305431,1.013463,0.451737
384.3,3.306031,1.013755,0.455961
384.4,3.306631,1.014051,0.460166
384.5,3.307231,1.01435,0.464354
384.6,3.307831,1.014652,0.468523
384.7,3.308431,1.014958,0.472674
384.8,3.309031,1.015266,0.476807
384.9,3.309631,1.015577,0.480921
385.0,3.310231,1.015892,0.485018
385.1,3.310831,1.01621,0.489096
385.2,3.311431,1.016531,0.493156
385.3,3.312031,1.016855,0.497197
385.4,3.312631,1.017182,0.501221
385.5,3.313231,1.017512,0.505226
385.6,3.313831,1.017846,0.509212
385.7,3.314431,1.018183,0.513181
385.8,3.315032,1.018522,0.517131
385.9,3.315632,1.018865,0.521062
386.0,3.316232,1.019211,0.524975
386.1,3.316832,1.01956,0.52887
386.2,3.317432,1.019912,0.532747
386.3,3.318032,1.020268,0.536605
386.4,3.318632,1.020626,0.540445
386.5,3.319232,1.020988,0.544267
386.6,3.319832,1.021353,0.54807
386.7,3.320432,1.021721,0.551855
386.8,3.321032,1.022092,0.555622
386.9,3.321632,1.022466,0.55937
387.0,3.322232,1.022843,0.563101
387.1,3.322832,1.023223,0.566813
387.2,3.323432,1.023607,0.570507
387.3,3.324032,1.023993,0.574183
387.4,3.324632,1.024383,0.57784
387.5,3.325233,1.024776,0.58148
387.6,3.325833,1.025172,0.585102
387.7,3.326433,1.025571,0.588705
387.8,3.327033,1.025973,0.592291
387.9,3.327633,1.026379,0.595858
388.0,3.328233,1.026787,0.599408
388.1,3.328833,1.027199,0.60294
388.2,3.329433,1.027613,0.606454
388.3,3.330033,1.028031,0.60995
388.4,3.330633,1.028452,0.613429
388.5,3.331233,1.028876,0.61689
388.6,3.331833,1.029303,0.620333
388.7,3.332433,1.029733,0.623758
388.8,3.333033,1.030167,0.627166
388.9,3.333633,1.030603,0.630557
389.0,3.334233,1.031043,0.63393
389.1,3.334833,1.031485,0.637285
389.2,3.335434,1.031931,0.640624
389.3,3.336034,1.03238,0.643945
389.4,3.336634,1.032832,0.647249
389.5,3.337234,1.033287,0.650535
389.6,3.337834,1.033745,0.653805
389.7,3.338434,1.034207,0.657057
389.8,3.339034,1.034671,0.660293
389.9,3.339634,1.035139,0.663511
390.0,3.340234,1.035609,0.666713
390.1,3.340834,1.036083,0.669898
390.2,3.341434,1.03656,0.673066
390.3,3.342034,1.03704,0.676217
390.4,3.342634,1.037523,0.679352
390.5,3.343234,1.038009,0.68247
390.6,3.343834,1.038498,0.685572
390.7,3.344434,1.038991,0.688657
390.8,3.345035,1.039486,0.691726
390.9,3.345635,1.039985,0.694779
391.0,3.346235,1.040486,0.697815
391.1,3.346835,1.040991,0.700835
391.2,3.347435,1.041499,0.703839
391.3,3.348035,1.04201,0.706827
391.4,3.348635,1.042524,0.7098
391.5,3.349235,1.043041,0.712756
391.6,3.349835,1.043561,0.715696
391.7,3.350435,1.044084,0.718621
391.8,3.351035,1.044611,0.72153
391.9,3.351635,1.04514,0.724424
392.0,3.352235,1.045673,0.727302
392.1,3.352835,1.046209,0.730164
392.2,3.353435,1.046747,0.733011
392.3,3.354035,1.047289,0.735843
392.4,3.354635,1.047834,0.73866
392.5,3.355236,1.048382,0.741461
392.6,3.355836,1.048933,0.744248
392.7,3.356436,1.049487,0.747019
392.8,3.357036,1.050044,0.749775
392.9,3.357636,1.050605,0.752517
393.0,3.358236,1.051168,0.755244
393.1,3.358836,1.051734,0.757956
393.2,3.359436,1.052304,0.760653
393.3,3.360036,1.052877,0.763336
393.4,3.360636,1.053452,0.766004
393.5,3.361236,1.054031,0.768658
393.6,3.361836,1.054613,0.771298
393.7,3.362436,1.055198,0.773923
393.8,3.363036,1.055786,0.776535
393.9,3.363636,1.056377,0.779132
394.0,3.364236,1.056971,0.781715
394.1,3.364836,1.057568,0.784284
394.2,3.365437,1.058168,0.786839
394.3,3.366037,1.058772,0.78938
394.4,3.366637,1.059378,0.791908
394.5,3.367237,1.059988,0.794422
394.6,3.367837,1.0606,0.796922
394.7,3.368437,1.061216,0.799409
394.8,3.369037,1.061834,0.801882
394.9,3.369637,1.062456,0.804342
395.0,3.370237,1.063081,0.806789
395.1,3.370837,1.063709,0.809223
395.2,3.371437,1.06434,0.811643
395.3,3.372037,1.064973,0.81405
395.4,3.372637,1.06561,0.816445
395.5,3.373237,1.066251,0.818826
395.6,3.373837,1.066894,0.821194
395.7,3.374437,1.06754,0.82355
395.8,3.375038,1.068189,0.825893
395.9,3.375638,1.068841,0.828224
396.0,3.376238,1.069497,0.830542
396.1,3.376838,1.070155,0.832847
396.2,3.377438,1.070816,0.83514
396.3,3.378038,1.071481,0.837421
396.4,3.378638,1.072148,0.839689
396.5,3.379238,1.072819,0.841945
396.6,3.379838,1.073492,0.844189
396.7,3.380438,1.074169,0.846421
396.8,3.381038,1.074849,0.848641
396.9,3.381638,1.075532,0.850849
397.0,3.382238,1.076217,0.853045
397.1,3.382838,1.076906,0.85523
397.2,3.383438,1.077598,0.857403
397.3,3.384038,1.078293,0.859564
397.4,3.384638,1.078991,0.861713
397.5,3.385239,1.079692,0.863851
397.6,3.385839,1.080396,0.865978
397.7,3.386439,1.081103,0.868093
397.8,3.387039,1.081813,0.870197
397.9,3.387639,1.082526,0.87229
398.0,3.388239,1.083242,0.874372
398.1,3.388839,1.083961,0.876442
398.2,3.389439,1.084683,0.878502
398.3,3.390039,1.085408,0.880551
398.4,3.390639,1.086136,0.882588
398.5,3.391239,1.086868,0.884615
398.6,3.391839,1.087602,0.886631
398.7,3.392439,1.088339,0.888637
398.8,3.393039,1.089079,0.890631
398.9,3.393639,1.089823,0.892616
399.0,3.394239,1.090569,0.894589
399.1,3.394839,1.091318,0.896553
399.2,3.39544,1.092071,0.898506
399.3,3.39604,1.092826,0.900448
399.4,3.39664,1.093584,0.902381
399.5,3.39724,1.094346,0.904303
399.6,3.39784,1.09511,0.906215
399.7,3.39844,1.095878,0.908117
399.8,3.39904,1.096648,0.910009
399.9,3.39964,1.097421,0.911891
400.0,3.40024,1.098198,0.913764
400.1,3.40084,1.098977,0.915626
400.2,3.40144,1.09976,0.917479
400.3,3.40204,1.100545,0.919322
400.4,3.40264,1.101334,0.921155
400.5,3.40324,1.102125,0.922979
400.6,3.40384,1.102919,0.924794
400.7,3.40444,1.103717,0.926599
400.8,3.405041,1.104517,0.928394
400.9,3.405641,1.105321,0.93018
401.0,3.406241,1.106127,0.931957
401.1,3.406841,1.106937,0.933725
401.2,3.407441,1.107749,0.935484
401.3,3.408041,1.108564,0.937233
401.4,3.408641,1.109383,0.938973
401.5,3.409241,1.110204,0.940705
401.6,3.409841,1.111028,0.942427
401.7,3.410441,1.111856,0.944141
401.8,3.411041,1.112686,0.945846
401.9,3.411641,1.113519,0.947542
402.0,3.412241,1.114355,0.949229
402.1,3.412841,1.115195,0.950908
402.2,3.413441,1.116037,0.952578
402.3,3.414041,1.116882,0.954239
402.4,3.414641,1.11773,0.955892
402.5,3.415242,1.118581,0.957537
402.6,3.415842,1.119436,0.959173
402.7,3.416442,1.120293,0.960801
402.8,3.417042,1.121153,0.962421
402.9,3.417642,1.122016,0.964032
403.0,3.418242,1.122882,0.965635
403.1,3.418842,1.123751,0.96723
403.2,3.419442,1.124622,0.968817
403.3,3.420042,1.125497,0.970396
403.4,3.420642,1.126375,0.971967
403.5,3.421242,1.127256,0.97353
403.6,3.421842,1.12814,0.975085
403.7,3.422442,1.129026,0.976632
403.8,3.423042,1.129916,0.978172
403.9,3.423642,1.130809,0.979703
404.0,3.424242,1.131704,0.981227
404.1,3.424842,1.132603,0.982744
404.2,3.425443,1.133504,0.984253
404.3,3.426043,1.134409,0.985754
404.4,3.426643,1.135316,0.987248
404.5,3.427243,1.136226,0.988734
404.6,3.427843,1.13714,0.990213
404.7,3.428443,1.138056,0.991685
404.8,3.429043,1.138975,0.993149
404.9,3.429643,1.139897,0.994606
405.0,3.430243,1.140822,0.996056
405.1,3.430843,1.14175,0.997498
405.2,3.431443,1.142681,0.998934
405.3,3.432043,1.143615,1.000362
405.4,3.432643,1.144551,1.001783
405.5,3.433243,1.145491,1.003198
405.6,3.433843,1.146434,1.004605
405.7,3.434443,1.147379,1.006005
405.8,3.435044,1.148328,1.007399
405.9,3.435644,1.149279,1.008786
406.0,3.436244,1.150233,1.010166
406.1,3.436844,1.151191,1.011539
406.2,3.437444,1.152151,1.012905
406.3,3.438044,1.153114,1.014265
406.4,3.438644,1.15408,1.015618
406.5,3.439244,1.155049,1.016965
406.6,3.439844,1.156021,1.018305
406.7,3.440444,1.156995,1.019639
406.8,3.441044,1.157973,1.020966
406.9,3.441644,1.158953,1.022286
407.0,3.442244,1.159937,1.023601
407.1,3.442844,1.160923,1.024909
407.2,3.443444,1.161913,1.02621
407.3,3.444044,1.162905,1.027506
407.4,3.444644,1.1639,1.028795
407.5,3.445245,1.164898,1.030078
407.6,3.445845,1.165899,1.031355
407.7,3.446445,1.166902,1.032625
407.8,3.447045,1.167909,1.03389
407.9,3.447645,1.168919,1.035149
408.0,3.448245,1.169931,1.036401
408.1,3.448845,1.170946,1.037648
408.2,3.449445,1.171965,1.038888
408.3,3.450045,1.172986,1.040123
408.4,3.450645,1.17401,1.041352
408.5,3.451245,1.175037,1.042575
408.6,3.451845,1.176066,1.043792
408.7,3.452445,1.177099,1.045004
408.8,3.453045,1.178135,1.04621
408.9,3.453645,1.179173,1.04741
409.0,3.454245,1.180214,1.048604
409.1,3.454845,1.181258,1.049793
409.2,3.455446,1.182305,1.050976
409.3,3.456046,1.183355,1.052154
409.4,3.456646,1.184408,1.053326
409.5,3.457246,1.185464,1.054493
409.6,3.457846,1.186522,1.055654
409.7,3.458446,1.187584,1.05681
409.8,3.459046,1.188648,1.057961
409.9,3.459646,1.189715,1.059106
410.0,3.460246,1.190785,1.060246
410.1,3.460846,1.191858,1.06138
410.2,3.461446,1.192933,1.062509
410.3,3.462046,1.194012,1.063633
410.4,3.462646,1.195093,1.064752
410.5,3.463246,1.196177,1.065866
410.6,3.463846,1.197265,1.066974
410.7,3.464446,1.198354,1.068078
410.8,3.465047,1.199447,1.069176
410.9,3.465647,1.200543,1.070269
411.0,3.466247,1.201641,1.071358
411.1,3.466847,1.202743,1.072441
411.2,3.467447,1.203847,1.073519
411.3,3.468047,1.204954,1.074593
411.4,3.468647,1.206063,1.075661
411.5,3.469247,1.207176,1.076725
411.6,3.469847,1.208292,1.077783
411.7,3.470447,1.20941,1.078837
411.8,3.471047,1.210531,1.079887
411.9,3.471647,1.211655,1.080931
412.0,3.472247,1.212782,1.081971
412.1,3.472847,1.213911,1.083006
412.2,3.473447,1.215044,1.084036
412.3,3.474047,1.216179,1.085062
412.4,3.474647,1.217317,1.086083
412.5,3.475248,1.218458,1.087099
412.6,3.475848,1.219602,1.088111
412.7,3.476448,1.220748,1.089119
412.8,3.477048,1.221897,1.090121
412.9,3.477648,1.22305,1.09112
413.0,3.478248,1.224204,1.092114
413.1,3.478848,1.225362,1.093103
413.2,3.479448,1.226523,1.094088
413.3,3.480048,1.227686,1.095069
413.4,3.480648,1.228852,1.096045
413.5,3.481248,1.230021,1.097017
413.6,3.481848,1.231193,1.097985
413.7,3.482448,1.232367,1.098948
413.8,3.483048,1.233545,1.099907
413.9,3.483648,1.234725,1.100862
414.0,3.484248,1.235908,1.101813
414.1,3.484848,1.237093,1.102759
414.2,3.485449,1.238282,1.103702
414.3,3.486049,1.239473,1.10464
414.4,3.486649,1.240667,1.105574
414.5,3.487249,1.241864,1.106504
414.6,3.487849,1.243063,1.10743
414.7,3.488449,1.244266,1.108352
414.8,3.489049,1.245471,1.10927
414.9,3.489649,1.246679,1.110183
415.0,3.490249,1.247889,1.111093
415.1,3.490849,1.249103,1.111999
415.2,3.491449,1.250319,1.112901
415.3,3.492049,1.251538,1.113799
415.4,3.492649,1.25276,1.114693
415.5,3.493249,1.253984,1.115583
415.6,3.493849,1.255211,1.11647
415.7,3.494449,1.256441,1.117352
415.8,3.49505,1.257674,1.118231
415.9,3.49565,1.25891,1.119106
416.0,3.49625,1.260148,1.119978
416.1,3.49685,1.261389,1.120845
416.2,3.49745,1.262633,1.121709
416.3,3.49805,1.263879,1.122569
416.4,3.49865,1.265128,1.123425
416.5,3.49925,1.26638,1.124278
416.6,3.49985,1.267635,1.125127
416.7,3.50045,1.268893,1.125973
416.8,3.50105,1.270153,1.126814
416.9,3.50165,1.271416,1.127653
417.0,3.50225,1.272681,1.128488
417.1,3.50285,1.27395,1.129319
417.2,3.50345,1.275221,1.130146
417.3,3.50405,1.276495,1.130971
417.4,3.50465,1.277771,1.131791
417.5,3.505251,1.27905,1.132608
417.6,3.505851,1.280332,1.133422
417.7,3.506451,1.281617,1.134233
417.8,3.507051,1.282904,1.13504
417.9,3.507651,1.284195,1.135843
418.0,3.508251,1.285487,1.136643
418.1,3.508851,1.286783,1.13744
418.2,3.509451,1.288081,1.138234
418.3,3.510051,1.289382,1.139024
418.4,3.510651,1.290686,1.139811
418.5,3.511251,1.291992,1.140594
418.6,3.511851,1.293301,1.141375
418.7,3.512451,1.294613,1.142152
418.8,3.513051,1.295927,1.142926
418.9,3.513651,1.297245,1.143696
419.0,3.514251,1.298564,1.144464
419.1,3.514851,1.299887,1.145228
419.2,3.515452,1.301212,1.145989
419.3,3.516052,1.30254,1.146747
419.4,3.516652,1.303871,1.147502
419.5,3.517252,1.305204,1.148254
419.6,3.517852,1.30654,1.149002
419.7,3.518452,1.307878,1.149748
419.8,3.519052,1.30922,1.15049
419.9,3.519652,1.310563,1.15123
420.0,3.520252,1.31191,1.151966
420.1,3.520852,1.313259,1.1527
420.2,3.521452,1.314611,1.15343
420.3,3.522052,1.315966,1.154157
420.4,3.522652,1.317323,1.154882
420.5,3.523252,1.318683,1.155603
420.6,3.523852,1.320046,1.156322
420.7,3.524452,1.321411,1.157038
420.8,3.525053,1.322779,1.15775
420.9,3.525653,1.324149,1.15846
421.0,3.526253,1.325522,1.159167
421.1,3.526853,1.326898,1.159871
421.2,3.527453,1.328277,1.160573
421.3,3.528053,1.329658,1.161271
421.4,3.528653,1.331041,1.161967
421.5,3.529253,1.332428,1.16266
421.6,3.529853,1.333817,1.16335
421.7,3.530453,1.335208,1.164037
421.8,3.531053,1.336603,1.164722
421.9,3.531653,1.338,1.165403
422.0,3.532253,1.339399,1.166082
422.1,3.532853,1.340801,1.166759
422.2,3.533453,1.342206,1.167432
422.3,3.534053,1.343613,1.168103
422.4,3.534653,1.345023,1.168772
422.5,3.535254,1.346436,1.169437
422.6,3.535854,1.347851,1.1701
422.7,3.536454,1.349269,1.17076
422.8,3.537054,1.350689,1.171418
422.9,3.537654,1.352113,1.172073
423.0,3.538254,1.353538,1.172726
423.1,3.538854,1.354966,1.173376
423.2,3.539454,1.356397,1.174023
423.3,3.540054,1.357831,1.174668
423.4,3.540654,1.359267,1.17531
423.5,3.541254,1.360705,1.17595
423.6,3.541854,1.362147,1.176587
423.7,3.542454,1.36359,1.177222
423.8,3.543054,1.365037,1.177854
423.9,3.543654,1.366486,1.178484
424.0,3.544254,1.367937,1.179111
424.1,3.544854,1.369391,1.179736
424.2,3.545455,1.370848,1.180358
424.3,3.546055,1.372307,1.180978
424.4,3.546655,1.373769,1.181596
424.5,3.547255,1.375234,1.182211
424.6,3.547855,1.376701,1.182823
424.7,3.548455,1.37817,1.183434
424.8,3.549055,1.379642,1.184042
424.9,3.549655,1.381117,1.184647
425.0,3.550255,1.382594,1.185251
425.1,3.550855,1.384074,1.185851
425.2,3.551455,1.385556,1.18645
425.3,3.552055,1.387041,1.187046
425.4,3.552655,1.388529,1.18764
425.5,3.553255,1.390019,1.188232
425.6,3.553855,1.391511,1.188821
425.7,3.554455,1.393006,1.189409
425.8,3.555056,1.394504,1.189993
425.9,3.555656,1.396004,1.190576
426.0,3.556256,1.397506,1.191156
426.1,3.556856,1.399012,1.191735
426.2,3.557456,1.400519,1.192311
426.3,3.558056,1.40203,1.192884
426.4,3.558656,1.403542,1.193456
426.5,3.559256,1.405058,1.194025
426.6,3.559856,1.406576,1.194592
426.7,3.560456,1.408096,1.195157
426.8,3.561056,1.409619,1.19572
426.9,3.561656,1.411144,1.196281
427.0,3.562256,1.412672,1.19684
427.1,3.562856,1.414202,1.197396
427.2,3.563456,1.415735,1.197951
427.3,3.564056,1.417271,1.198503
427.4,3.564656,1.418808,1.199053
427.5,3.565257,1.420349,1.199601
427.6,3.565857,1.421892,1.200147
427.7,3.566457,1.423437,1.200691
427.8,3.567057,1.424985,1.201233
427.9,3.567657,1.426535,1.201773
428.0,3.568257,1.428088,1.202311
428.1,3.568857,1.429643,1.202847
428.2,3.569457,1.431201,1.20338
428.3,3.570057,1.432761,1.203912
428.4,3.570657,1.434324,1.204442
428.5,3.571257,1.435889,1.20497
428.6,3.571857,1.437457,1.205496
428.7,3.572457,1.439027,1.20602
428.8,3.573057,1.4406,1.206541
428.9,3.573657,1.442175,1.207061
429.0,3.574257,1.443752,1.207579
429.1,3.574857,1.445332,1.208096
429.2,3.575458,1.446915,1.20861
429.3,3.576058,1.4485,1.209122
429.4,3.576658,1.450087,1.209632
429.5,3.577258,1.451677,1.210141
429.6,3.577858,1.453269,1.210647
429.7,3.578458,1.454864,1.211152
429.8,3.579058,1.456461,1.211655
429.9,3.579658,1.458061,1.212156
430.0,3.580258,1.459663,1.212655
430.1,3.580858,1.461267,1.213152
430.2,3.581458,1.462874,1.213648
430.3,3.582058,1.464483,1.214141
430.4,3.582658,1.466095,1.214633
430.5,3.583258,1.467709,1.215123
430.6,3.583858,1.469326,1.215611
430.7,3.584458,1.470945,1.216097
430.8,3.585059,1.472566,1.216582
430.9,3.585659,1.47419,1.217065
431.0,3.586259,1.475816,1.217546
431.1,3.586859,1.477445,1.218025
431.2,3.587459,1.479076,1.218503
431.3,3.588059,1.480709,1.218978
431.4,3.588659,1.482345,1.219452
431.5,3.589259,1.483983,1.219925
431.6,3.589859,1.485624,1.220395
431.7,3.590459,1.487267,1.220864
431.8,3.591059,1.488912,1.221331
431.9,3.591659,1.49056,1.221797
432.0,3.592259,1.49221,1.22226
432.1,3.592859,1.493863,1.222723
432.2,3.593459,1.495518,1.223183
432.3,3.594059,1.497175,1.223642
432.4,3.594659,1.498835,1.224099
432.5,3.59526,1.500497,1.224554
432.6,3.59586,1.502161,1.225008
432.7,3.59646,1.503828,1.22546
432.8,3.59706,1.505497,1.22591
432.9,3.59766,1.507169,1.226359
433.0,3.59826,1.508843,1.226806
433.1,3.59886,1.510519,1.227252
433.2,3.59946,1.512198,1.227696
433.3,3.60006,1.513879,1.228138
433.4,3.60066,1.515562,1.228579
433.5,3.60126,1.517247,1.229018
433.6,3.60186,1.518935,1.229456
433.7,3.60246,1.520626,1.229892
433.8,3.60306,1.522318,1.230327
433.9,3.60366,1.524013,1.23076
434.0,3.60426,1.525711,1.231191
434.1,3.60486,1.52741,1.231621
434.2,3.605461,1.529112,1.232049
434.3,3.606061,1.530817,1.232476
434.4,3.606661,1.532523,1.232901
434.5,3.607261,1.534232,1.233325
434.6,3.607861,1.535943,1.233747
434.7,3.608461,1.537657,1.234168
434.8,3.609061,1.539373,1.234587
434.9,3.609661,1.541091,1.235005
435.0,3.610261,1.542811,1.235421
435.1,3.610861,1.544534,1.235836
435.2,3.611461,1.546259,1.236249
435.3,3.612061,1.547987,1.236661
435.4,3.612661,1.549716,1.237071
435.5,3.613261,1.551448,1.23748
435.6,3.613861,1.553183,1.237887
435.7,3.614461,1.554919,1.238293
435.8,3.615062,1.556658,1.238698
435.9,3.615662,1.558399,1.239101
436.0,3.616262,1.560142,1.239503
436.1,3.616862,1.561888,1.239903
436.2,3.617462,1.563636,1.240302
436.3,3.618062,1.565386,1.240699
436.4,3.618662,1.567139,1.241095
436.5,3.619262,1.568893,1.24149
436.6,3.619862,1.57065,1.241883
436.7,3.620462,1.572409,1.242275
436.8,3.621062,1.574171,1.242665
436.9,3.621662,1.575935,1.243054
437.0,3.622262,1.577701,1.243442
437.1,3.622862,1.579469,1.243829
437.2,3.623462,1.581239,1.244214
437.3,3.624062,1.583012,1.244597
437.4,3.624662,1.584787,1.24498
437.5,3.625263,1.586564,1.24536
437.6,3.625863,1.588344,1.24574
437.7,3.626463,1.590125,1.246118
437.8,3.627063,1.591909,1.246495
437.9,3.627663,1.593695,1.246871
438.0,3.628263,1.595484,1.247245
438.1,3.628863,1.597274,1.247618
438.2,3.629463,1.599067,1.24799
438.3,3.630063,1.600862,1.248361
438.4,3.630663,1.602659,1.24873
438.5,3.631263,1.604458,1.249098
438.6,3.631863,1.60626,1.249464
438.7,3.632463,1.608064,1.24983
438.8,3.633063,1.60987,1.250194
438.9,3.633663,1.611678,1.250556
439.0,3.634263,1.613488,1.250918
439.1,3.634863,1.615301,1.251278
439.2,3.635464,1.617116,1.251637
439.3,3.636064,1.618933,1.251995
439.4,3.636664,1.620752,1.252351
439.5,3.637264,1.622573,1.252706
439.6,3.637864,1.624397,1.253061
439.7,3.638464,1.626222,1.253413
439.8,3.639064,1.62805,1.253765
439.9,3.639664,1.62988,1.254115
440.0,3.640264,1.631712,1.254464
440.1,3.640864,1.633547,1.254812
440.2,3.641464,1.635383,1.255159
440.3,3.642064,1.637222,1.255505
440.4,3.642664,1.639062,1.255849
440.5,3.643264,1.640905,1.256192
440.6,3.643864,1.64275,1.256534
440.7,3.644464,1.644598,1.256875
440.8,3.645065,1.646447,1.257214
440.9,3.645665,1.648298,1.257553
441.0,3.646265,1.650152,1.25789
441.1,3.646865,1.652008,1.258226
441.2,3.647465,1.653866,1.258561
441.3,3.648065,1.655726,1.258895
441.4,3.648665,1.657588,1.259227
441.5,3.649265,1.659452,1.259559
441.6,3.649865,1.661319,1.259889
441.7,3.650465,1.663187,1.260218
441.8,3.651065,1.665058,1.260546
441.9,3.651665,1.66693,1.260873
442.0,3.652265,1.668805,1.261199
442.1,3.652865,1.670682,1.261524
442.2,3.653465,1.672561,1.261848
442.3,3.654065,1.674442,1.26217
442.4,3.654665,1.676325,1.262491
442.5,3.655266,1.678211,1.262812
442.6,3.655866,1.680098,1.263131
442.7,3.656466,1.681988,1.263449
442.8,3.657066,1.683879,1.263766
442.9,3.657666,1.685773,1.264082
443.0,3.658266,1.687669,1.264397
443.1,3.658866,1.689566,1.26471
443.2,3.659466,1.691466,1.265023
443.3,3.660066,1.693368,1.265334
443.4,3.660666,1.695272,1.265645
443.5,3.661266,1.697178,1.265954
443.6,3.661866,1.699086,1.266263
443.7,3.662466,1.700996,1.26657
443.8,3.663066,1.702909,1.266876
443.9,3.663666,1.704823,1.267182
444.0,3.664266,1.706739,1.267486
444.1,3.664866,1.708658,1.267789
444.2,3.665467,1.710578,1.268091
444.3,3.666067,1.7125,1.268392
444.4,3.666667,1.714425,1.268692
444.5,3.667267,1.716351,1.268991
444.6,3.667867,1.71828,1.269289
444.7,3.668467,1.72021,1.269586
444.8,3.669067,1.722143,1.269882
444.9,3.669667,1.724077,1.270177
445.0,3.670267,1.726014,1.270471
445.1,3.670867,1.727953,1.270764
445.2,3.671467,1.729893,1.271056
445.3,3.672067,1.731836,1.271347
445.4,3.672667,1.733781,1.271637
445.5,3.673267,1.735727,1.271926
445.6,3.673867,1.737676,1.272214
445.7,3.674467,1.739626,1.272501
445.8,3.675068,1.741579,1.272787
445.9,3.675668,1.743534,1.273072
446.0,3.676268,1.74549,1.273357
446.1,3.676868,1.747449,1.27364
446.2,3.677468,1.749409,1.273922
446.3,3.678068,1.751372,1.274203
446.4,3.678668,1.753336,1.274483
446.5,3.679268,1.755303,1.274763
446.6,3.679868,1.757271,1.275041
446.7,3.680468,1.759242,1.275318
446.8,3.681068,1.761214,1.275595
446.9,3.681668,1.763188,1.27587
447.0,3.682268,1.765164,1.276145
447.1,3.682868,1.767143,1.276419
447.2,3.683468,1.769123,1.276691
447.3,3.684068,1.771105,1.276963
447.4,3.684668,1.773089,1.277234
447.5,3.685269,1.775075,1.277504
447.6,3.685869,1.777063,1.277773
447.7,3.686469,1.779053,1.278041
447.8,3.687069,1.781044,1.278308
447.9,3.687669,1.783038,1.278575
448.0,3.688269,1.785034,1.27884
448.1,3.688869,1.787031,1.279104
448.2,3.689469,1.789031,1.279368
448.3,3.690069,1.791032,1.279631
448.4,3.690669,1.793035,1.279892
448.5,3.691269,1.79504,1.280153
448.6,3.691869,1.797048,1.280413
448.7,3.692469,1.799057,1.280673
448.8,3.693069,1.801067,1.280931
448.9,3.693669,1.80308,1.281188
449.0,3.694269,1.805095,1.281445
449.1,3.694869,1.807111,1.2817
449.2,3.69547,1.80913,1.281955
449.3,3.69607,1.81115,1.282209
449.4,3.69667,1.813172,1.282462
449.5,3.69727,1.815196,1.282714
449.6,3.69787,1.817222,1.282965
449.7,3.69847,1.81925,1.283216
449.8,3.69907,1.82128,1.283465
449.9,3.69967,1.823311,1.283714
450.0,3.70027,1.825345,1.283962
450.1,3.70087,1.82738,1.284209
450.2,3.70147,1.829417,1.284455
450.3,3.70207,1.831456,1.284701
450.4,3.70267,1.833497,1.284945
450.5,3.70327,1.835539,1.285189
450.6,3.70387,1.837584,1.285432
450.7,3.70447,1.83963,1.285674
450.8,3.705071,1.841678,1.285915
450.9,3.705671,1.843728,1.286156
451.0,3.706271,1.84578,1.286395
451.1,3.706871,1.847834,1.286634
451.2,3.707471,1.849889,1.286872
451.3,3.708071,1.851947,1.287109
451.4,3.708671,1.854006,1.287345
451.5,3.709271,1.856066,1.287581
451.6,3.709871,1.858129,1.287816
451.7,3.710471,1.860194,1.28805
451.8,3.711071,1.86226,1.288283
451.9,3.711671,1.864328,1.288515
452.0,3.712271,1.866398,1.288747
452.1,3.712871,1.86847,1.288977
452.2,3.713471,1.870543,1.289207
452.3,3.714071,1.872618,1.289436
452.4,3.714671,1.874695,1.289665
452.5,3.715272,1.876774,1.289892
452.6,3.715872,1.878855,1.290119
452.7,3.716472,1.880937,1.290345
452.8,3.717072,1.883021,1.290571
452.9,3.717672,1.885107,1.290795
453.0,3.718272,1.887195,1.291019
453.1,3.718872,1.889284,1.291242
453.2,3.719472,1.891375,1.291464
453.3,3.720072,1.893468,1.291685
453.4,3.720672,1.895563,1.291906
453.5,3.721272,1.897659,1.292126
453.6,3.721872,1.899757,1.292345
453.7,3.722472,1.901857,1.292564
453.8,3.723072,1.903959,1.292781
453.9,3.723672,1.906062,1.292998
454.0,3.724272,1.908167,1.293214
454.1,3.724872,1.910274,1.29343
454.2,3.725473,1.912383,1.293645
454.3,3.726073,1.914493,1.293859
454.4,3.726673,1.916605,1.294072
454.5,3.727273,1.918718,1.294284
454.6,3.727873,1.920834,1.294496
454.7,3.728473,1.922951,1.294707
454.8,3.729073,1.92507,1.294917
454.9,3.729673,1.92719,1.295127
455.0,3.730273,1.929312,1.295336
455.1,3.730873,1.931436,1.295544
455.2,3.731473,1.933562,1.295751
455.3,3.732073,1.935689,1.295958
455.4,3.732673,1.937818,1.296164
455.5,3.733273,1.939948,1.296369
455.6,3.733873,1.942081,1.296574
455.7,3.734473,1.944215,1.296778
455.8,3.735074,1.94635,1.296981
455.9,3.735674,1.948487,1.297183
456.0,3.736274,1.950626,1.297385
456.1,3.736874,1.952767,1.297586
456.2,3.737474,1.954909,1.297786
456.3,3.738074,1.957053,1.297986
456.4,3.738674,1.959199,1.298185
456.5,3.739274,1.961346,1.298383
456.6,3.739874,1.963495,1.298581
456.7,3.740474,1.965645,1.298778
456.8,3.741074,1.967797,1.298974
456.9,3.741674,1.969951,1.299169
457.0,3.742274,1.972106,1.299364
457.1,3.742874,1.974263,1.299558
457.2,3.743474,1.976422,1.299752
457.3,3.744074,1.978582,1.299945
457.4,3.744674,1.980744,1.300137
457.5,3.745275,1.982907,1.300328
457.6,3.745875,1.985072,1.300519
457.7,3.746475,1.987239,1.300709
457.8,3.747075,1.989407,1.300898
457.9,3.747675,1.991577,1.301087
458.0,3.748275,1.993748,1.301275
458.1,3.748875,1.995921,1.301463
458.2,3.749475,1.998096,1.30165
458.3,3.750075,2.000272,1.301836
458.4,3.750675,2.00245,1.302021
458.5,3.751275,2.004629,1.302206
458.6,3.751875,2.00681,1.30239
458.7,3.752475,2.008993,1.302574
458.8,3.753075,2.011177,1.302757
458.9,3.753675,2.013362,1.302939
459.0,3.754275,2.015549,1.30312
459.1,3.754875,2.017738,1.303301
459.2,3.755476,2.019928,1.303482
459.3,3.756076,2.02212,1.303661
459.4,3.756676,2.024314,1.30384
459.5,3.757276,2.026508,1.304019
459.6,3.757876,2.028705,1.304197
459.7,3.758476,2.030903,1.304374
459.8,3.759076,2.033102,1.30455
459.9,3.759676,2.035303,1.304726
460.0,3.760276,2.037506,1.304901
460.1,3.760876,2.03971,1.305076
460.2,3.761476,2.041916,1.30525
460.3,3.762076,2.044123,1.305423
460.4,3.762676,2.046331,1.305596
460.5,3.763276,2.048542,1.305768
460.6,3.763876,2.050753,1.30594
460.7,3.764476,2.052966,1.306111
460.8,3.765077,2.055181,1.306281
460.9,3.765677,2.057397,1.306451
461.0,3.766277,2.059615,1.30662
461.1,3.766877,2.061834,1.306788
461.2,3.767477,2.064054,1.306956
461.3,3.768077,2.066276,1.307123
461.4,3.768677,2.0685,1.30729
461.5,3.769277,2.070725,1.307456
461.6,3.769877,2.072951,1.307621
461.7,3.770477,2.075179,1.307786
461.8,3.771077,2.077409,1.30795
461.9,3.771677,2.079639,1.308114
462.0,3.772277,2.081872,1.308277
462.1,3.772877,2.084106,1.30844
462.2,3.773477,2.086341,1.308601
462.3,3.774077,2.088577,1.308763
462.4,3.774677,2.090815,1.308923
462.5,3.775278,2.093055,1.309084
462.6,3.775878,2.095296,1.309243
462.7,3.776478,2.097538,1.309402
462.8,3.777078,2.099782,1.30956
462.9,3.777678,2.102027,1.309718
463.0,3.778278,2.104274,1.309875
463.1,3.778878,2.106522,1.310032
463.2,3.779478,2.108771,1.310188
463.3,3.780078,2.111022,1.310343
463.4,3.780678,2.113275,1.310498
463.5,3.781278,2.115528,1.310653
463.6,3.781878,2.117783,1.310806
463.7,3.782478,2.12004,1.31096
463.8,3.783078,2.122298,1.311112
463.9,3.783678,2.124557,1.311264
464.0,3.784278,2.126818,1.311416
464.1,3.784878,2.12908,1.311567
464.2,3.785479,2.131343,1.311717
464.3,3.786079,2.133608,1.311867
464.4,3.786679,2.135874,1.312016
464.5,3.787279,2.138141,1.312165
464.6,3.787879,2.14041,1.312313
464.7,3.788479,2.14268,1.31246
464.8,3.789079,2.144952,1.312607
464.9,3.789679,2.147225,1.312754
465.0,3.790279,2.149499,1.3129
465.1,3.790879,2.151775,1.313045
465.2,3.791479,2.154052,1.31319
465.3,3.792079,2.15633,1.313334
465.4,3.792679,2.15861,1.313478
465.5,3.793279,2.16089,1.313621
465.6,3.793879,2.163173,1.313764
465.7,3.794479,2.165456,1.313906
465.8,3.79508,2.167741,1.314047
465.9,3.79568,2.170027,1.314188
466.0,3.79628,2.172315,1.314329
466.1,3.79688,2.174604,1.314468
466.2,3.79748,2.176894,1.314608
466.3,3.79808,2.179185,1.314747
466.4,3.79868,2.181478,1.314885
466.5,3.79928,2.183772,1.315023
466.6,3.79988,2.186067,1.31516
466.7,3.80048,2.188364,1.315297
466.8,3.80108,2.190662,1.315433
466.9,3.80168,2.192961,1.315569
467.0,3.80228,2.195262,1.315704
467.1,3.80288,2.197563,1.315838
467.2,3.80348,2.199866,1.315972
467.3,3.80408,2.202171,1.316106
467.4,3.80468,2.204476,1.316239
467.5,3.805281,2.206783,1.316372
467.6,3.805881,2.209091,1.316504
467.7,3.806481,2.2114,1.316635
467.8,3.807081,2.213711,1.316766
467.9,3.807681,2.216022,1.316896
468.0,3.808281,2.218335,1.317026
468.1,3.808881,2.22065,1.317156
468.2,3.809481,2.222965,1.317285
468.3,3.810081,2.225282,1.317413
468.4,3.810681,2.2276,1.317541
468.5,3.811281,2.229919,1.317668
468.6,3.811881,2.232239,1.317795
468.7,3.812481,2.234561,1.317922
468.8,3.813081,2.236883,1.318047
468.9,3.813681,2.239207,1.318173
469.0,3.814281,2.241532,1.318298
469.1,3.814881,2.243859,1.318422
469.2,3.815482,2.246186,1.318546
469.3,3.816082,2.248515,1.318669
469.4,3.816682,2.250845,1.318792
469.5,3.817282,2.253176,1.318914
469.6,3.817882,2.255508,1.319036
469.7,3.818482,2.257842,1.319158
469.8,3.819082,2.260177,1.319279
469.9,3.819682,2.262512,1.319399
470.0,3.820282,2.264849,1.319519
470.1,3.820882,2.267188,1.319638
470.2,3.821482,2.269527,1.319757
470.3,3.822082,2.271867,1.319875
470.4,3.822682,2.274209,1.319993
470.5,3.823282,2.276552,1.320111
470.6,3.823882,2.278896,1.320228
470.7,3.824482,2.281241,1.320344
470.8,3.825083,2.283587,1.32046
470.9,3.825683,2.285934,1.320576
471.0,3.826283,2.288282,1.320691
471.1,3.826883,2.290632,1.320805
471.2,3.827483,2.292983,1.320919
471.3,3.828083,2.295335,1.321033
471.4,3.828683,2.297687,1.321146
471.5,3.829283,2.300041,1.321258
471.6,3.829883,2.302397,1.321371
471.7,3.830483,2.304753,1.321482
471.8,3.831083,2.30711,1.321593
471.9,3.831683,2.309468,1.321704
472.0,3.832283,2.311828,1.321814
472.1,3.832883,2.314189,1.321924
472.2,3.833483,2.31655,1.322033
472.3,3.834083,2.318913,1.322142
472.4,3.834683,2.321277,1.32225
472.5,3.835284,2.323642,1.322358
472.6,3.835884,2.326008,1.322466
472.7,3.836484,2.328375,1.322573
472.8,3.837084,2.330743,1.322679
472.9,3.837684,2.333112,1.322785
473.0,3.838284,2.335482,1.322891
473.1,3.838884,2.337853,1.322996
473.2,3.839484,2.340226,1.3231
473.3,3.840084,2.342599,1.323205
473.4,3.840684,2.344973,1.323308
473.5,3.841284,2.347349,1.323411
473.6,3.841884,2.349725,1.323514
473.7,3.842484,2.352103,1.323617
473.8,3.843084,2.354481,1.323718
473.9,3.843684,2.356861,1.32382
474.0,3.844284,2.359241,1.323921
474.1,3.844884,2.361623,1.324021
474.2,3.845485,2.364005,1.324121
474.3,3.846085,2.366389,1.324221
474.4,3.846685,2.368773,1.32432
474.5,3.847285,2.371159,1.324419
474.6,3.847885,2.373546,1.324517
474.7,3.848485,2.375933,1.324615
474.8,3.849085,2.378322,1.324712
474.9,3.849685,2.380711,1.324809
475.0,3.850285,2.383102,1.324905
475.1,3.850885,2.385493,1.325001
475.2,3.851485,2.387885,1.325097
475.3,3.852085,2.390279,1.325192
475.4,3.852685,2.392673,1.325287
475.5,3.853285,2.395069,1.325381
475.6,3.853885,2.397465,1.325475
475.7,3.854485,2.399862,1.325568
475.8,3.855086,2.40226,1.325661
475.9,3.855686,2.404659,1.325753
476.0,3.856286,2.407059,1.325845
476.1,3.856886,2.40946,1.325937
476.2,3.857486,2.411862,1.326028
476.3,3.858086,2.414265,1.326119
476.4,3.858686,2.416669,1.326209
476.5,3.859286,2.419074,1.326299
476.6,3.859886,2.421479,1.326388
476.7,3.860486,2.423886,1.326477
476.8,3.861086,2.426293,1.326566
476.9,3.861686,2.428702,1.326654
477.0,3.862286,2.431111,1.326741
477.1,3.862886,2.433521,1.326829
477.2,3.863486,2.435932,1.326915
477.3,3.864086,2.438344,1.327002
477.4,3.864686,2.440757,1.327088
477.5,3.865287,2.44317,1.327173
477.6,3.865887,2.445585,1.327258
477.7,3.866487,2.448,1.327343
477.8,3.867087,2.450417,1.327427
477.9,3.867687,2.452834,1.327511
478.0,3.868287,2.455252,1.327594
478.1,3.868887,2.457671,1.327677
478.2,3.869487,2.460091,1.32776
478.3,3.870087,2.462511,1.327842
478.4,3.870687,2.464933,1.327923
478.5,3.871287,2.467355,1.328005
478.6,3.871887,2.469778,1.328086
478.7,3.872487,2.472202,1.328166
478.8,3.873087,2.474627,1.328246
478.9,3.873687,2.477053,1.328325
479.0,3.874287,2.479479,1.328405
479.1,3.874887,2.481907,1.328483
479.2,3.875488,2.484335,1.328562
479.3,3.876088,2.486764,1.32864
479.4,3.876688,2.489194,1.328717
479.5,3.877288,2.491624,1.328794
479.6,3.877888,2.494055,1.328871
479.7,3.878488,2.496488,1.328947
479.8,3.879088,2.498921,1.329023
479.9,3.879688,2.501354,1.329098
480.0,3.880288,2.503789,1.329173
480.1,3.880888,2.506224,1.329248
480.2,3.881488,2.50866,1.329322
480.3,3.882088,2.511097,1.329396
480.4,3.882688,2.513535,1.329469
480.5,3.883288,2.515973,1.329542
480.6,3.883888,2.518412,1.329614
480.7,3.884488,2.520852,1.329687
480.8,3.885089,2.523293,1.329758
480.9,3.885689,2.525735,1.32983
481.0,3.886289,2.528177,1.3299
481.1,3.886889,2.53062,1.329971
481.2,3.887489,2.533063,1.330041
481.3,3.888089,2.535508,1.330111
481.4,3.888689,2.537953,1.33018
481.5,3.889289,2.540399,1.330249
481.6,3.889889,2.542846,1.330317
481.7,3.890489,2.545293,1.330385
481.8,3.891089,2.547741,1.330453
481.9,3.891689,2.55019,1.33052
482.0,3.892289,2.552639,1.330587
482.1,3.892889,2.555089,1.330653
482.2,3.893489,2.55754,1.33072
482.3,3.894089,2.559992,1.330785
482.4,3.894689,2.562444,1.33085
482.5,3.89529,2.564897,1.330915
482.6,3.89589,2.567351,1.33098
482.7,3.89649,2.569805,1.331044
482.8,3.89709,2.57226,1.331107
482.9,3.89769,2.574716,1.331171
483.0,3.89829,2.577172,1.331234
483.1,3.89889,2.579629,1.331296
483.2,3.89949,2.582087,1.331358
483.3,3.90009,2.584545,1.33142
483.4,3.90069,2.587004,1.331481
483.5,3.90129,2.589464,1.331542
483.6,3.90189,2.591924,1.331602
483.7,3.90249,2.594385,1.331662
483.8,3.90309,2.596847,1.331722
483.9,3.90369,2.599309,1.331781
484.0,3.90429,2.601772,1.33184
484.1,3.90489,2.604236,1.331899
484.2,3.905491,2.6067,1.331957
484.3,3.906091,2.609165,1.332015
484.4,3.906691,2.61163,1.332072
484.5,3.907291,2.614096,1.332129
484.6,3.907891,2.616563,1.332186
484.7,3.908491,2.61903,1.332242
484.8,3.909091,2.621498,1.332298
484.9,3.909691,2.623966,1.332353
485.0,3.910291,2.626435,1.332408
485.1,3.910891,2.628904,1.332463
485.2,3.911491,2.631375,1.332517
485.3,3.912091,2.633845,1.332571
485.4,3.912691,2.636317,1.332624
485.5,3.913291,2.638789,1.332677
485.6,3.913891,2.641261,1.33273
485.7,3.914491,2.643734,1.332782
485.8,3.915092,2.646208,1.332834
485.9,3.915692,2.648682,1.332886
486.0,3.916292,2.651157,1.332937
486.1,3.916892,2.653632,1.332988
486.2,3.917492,2.656108,1.333038
486.3,3.918092,2.658584,1.333088
486.4,3.918692,2.661061,1.333138
486.5,3.919292,2.663538,1.333187
486.6,3.919892,2.666016,1.333236
486.7,3.920492,2.668495,1.333285
486.8,3.921092,2.670974,1.333333
486.9,3.921692,2.673453,1.33338
487.0,3.922292,2.675934,1.333428
487.1,3.922892,2.678414,1.333475
487.2,3.923492,2.680895,1.333521
487.3,3.924092,2.683377,1.333568
487.4,3.924692,2.685859,1.333613
487.5,3.925293,2.688341,1.333659
487.6,3.925893,2.690824,1.333704
487.7,3.926493,2.693308,1.333749
487.8,3.927093,2.695792,1.333793
487.9,3.927693,2.698277,1.333837
488.0,3.928293,2.700762,1.333881
488.1,3.928893,2.703247,1.333924
488.2,3.929493,2.705733,1.333967
488.3,3.930093,2.708219,1.334009
488.4,3.930693,2.710706,1.334051
488.5,3.931293,2.713194,1.334093
488.6,3.931893,2.715681,1.334134
488.7,3.932493,2.71817,1.334175
488.8,3.933093,2.720658,1.334216
488.9,3.933693,2.723147,1.334256
489.0,3.934293,2.725637,1.334296
489.1,3.934893,2.728127,1.334335
489.2,3.935494,2.730617,1.334374
489.3,3.936094,2.733108,1.334413
489.4,3.936694,2.735599,1.334451
489.5,3.937294,2.738091,1.334489
489.6,3.937894,2.740583,1.334527
489.7,3.938494,2.743076,1.334564
489.8,3.939094,2.745568,1.334601
489.9,3.939694,2.748062,1.334637
490.0,3.940294,2.750555,1.334674
490.1,3.940894,2.75305,1.334709
490.2,3.941494,2.755544,1.334745
490.3,3.942094,2.758039,1.33478
490.4,3.942694,2.760534,1.334814
490.5,3.943294,2.76303,1.334849
490.6,3.943894,2.765526,1.334882
490.7,3.944494,2.768022,1.334916
490.8,3.945095,2.770519,1.334949
490.9,3.945695,2.773016,1.334982
491.0,3.946295,2.775514,1.335014
491.1,3.946895,2.778011,1.335046
491.2,3.947495,2.78051,1.335078
491.3,3.948095,2.783008,1.335109
491.4,3.948695,2.785507,1.33514
491.5,3.949295,2.788006,1.335171
491.6,3.949895,2.790506,1.335201
491.7,3.950495,2.793005,1.335231
491.8,3.951095,2.795506,1.335261
491.9,3.951695,2.798006,1.33529
492.0,3.952295,2.800507,1.335319
492.1,3.952895,2.803008,1.335347
492.2,3.953495,2.80551,1.335375
492.3,3.954095,2.808011,1.335403
492.4,3.954695,2.810513,1.33543
492.5,3.955296,2.813016,1.335457
492.6,3.955896,2.815518,1.335483
492.7,3.956496,2.818021,1.33551
492.8,3.957096,2.820525,1.335536
492.9,3.957696,2.823028,1.335561
493.0,3.958296,2.825532,1.335586
493.1,3.958896,2.828036,1.335611
493.2,3.959496,2.83054,1.335635
493.3,3.960096,2.833045,1.335659
493.4,3.960696,2.83555,1.335683
493.5,3.961296,2.838055,1.335706
493.6,3.961896,2.84056,1.335729
493.7,3.962496,2.843066,1.335752
493.8,3.963096,2.845572,1.335774
493.9,3.963696,2.848078,1.335796
494.0,3.964296,2.850585,1.335817
494.1,3.964896,2.853091,1.335839
494.2,3.965497,2.855598,1.335859
494.3,3.966097,2.858105,1.33588
494.4,3.966697,2.860612,1.3359
494.5,3.967297,2.86312,1.335919
494.6,3.967897,2.865628,1.335939
494.7,3.968497,2.868136,1.335958
494.8,3.969097,2.870644,1.335976
494.9,3.969697,2.873152,1.335995
495.0,3.970297,2.875661,1.336013
495.1,3.970897,2.878169,1.33603
495.2,3.971497,2.880678,1.336047
495.3,3.972097,2.883188,1.336064
495.4,3.972697,2.885697,1.336081
495.5,3.973297,2.888206,1.336097
495.6,3.973897,2.890716,1.336112
495.7,3.974497,2.893226,1.336128
495.8,3.975098,2.895736,1.336143
495.9,3.975698,2.898246,1.336157
496.0,3.976298,2.900757,1.336172
496.1,3.976898,2.903267,1.336186
496.2,3.977498,2.905778,1.336199
496.3,3.978098,2.908288,1.336212
496.4,3.978698,2.910799,1.336225
496.5,3.979298,2.913311,1.336238
496.6,3.979898,2.915822,1.33625
496.7,3.980498,2.918333,1.336262
496.8,3.981098,2.920845,1.336273
496.9,3.981698,2.923356,1.336284
497.0,3.982298,2.925868,1.336295
497.1,3.982898,2.92838,1.336305
497.2,3.983498,2.930892,1.336315
497.3,3.984098,2.933404,1.336325
497.4,3.984698,2.935916,1.336334
497.5,3.985299,2.938428,1.336343
497.6,3.985899,2.940941,1.336352
497.7,3.986499,2.943453,1.33636
497.8,3.987099,2.945966,1.336368
497.9,3.987699,2.948478,1.336375
498.0,3.988299,2.950991,1.336382
498.1,3.988899,2.953504,1.336389
498.2,3.989499,2.956017,1.336396
498.3,3.990099,2.95853,1.336402
498.4,3.990699,2.961043,1.336407
498.5,3.991299,2.963556,1.336413
498.6,3.991899,2.966069,1.336418
498.7,3.992499,2.968582,1.336422
498.8,3.993099,2.971095,1.336427
498.9,3.993699,2.973609,1.336431
499.0,3.994299,2.976122,1.336434
499.1,3.994899,2.978635,1.336437
499.2,3.9955,2.981149,1.33644
499.3,3.9961,2.983662,1.336443
499.4,3.9967,2.986176,1.336445
499.5,3.9973,2.988689,1.336447
499.6,3.9979,2.991203,1.336448
499.7,3.9985,2.993716,1.336449
499.8,3.9991,2.99623,1.33645
499.9,3.9997,2.998743,1.33645
500.0,4.0003,3.001257,1.33645
500.1,4.0009,3.00377,1.33645
500.2,4.0015,3.006284,1.336449
500.3,4.0021,3.008797,1.336448
500.4,4.0027,3.011311,1.336447
500.5,4.0033,3.013824,1.336445
500.6,4.0039,3.016338,1.336443
500.7,4.0045,3.018851,1.33644
500.8,4.005101,3.021365,1.336437
500.9,4.005701,3.023878,1.336434
501.0,4.006301,3.026391,1.336431
501.1,4.006901,3.028905,1.336427
501.2,4.007501,3.031418,1.336422
501.3,4.008101,3.033931,1.336418
501.4,4.008701,3.036444,1.336413
501.5,4.009301,3.038957,1.336407
501.6,4.009901,3.04147,1.336402
501.7,4.010501,3.043983,1.336396
501.8,4.011101,3.046496,1.336389
501.9,4.011701,3.049009,1.336382
502.0,4.012301,3.051522,1.336375
502.1,4.012901,3.054034,1.336368
502.2,4.013501,3.056547,1.33636
502.3,4.014101,3.059059,1.336352
502.4,4.014701,3.061572,1.336343
502.5,4.015302,3.064084,1.336334
502.6,4.015902,3.066596,1.336325
502.7,4.016502,3.069108,1.336315
502.8,4.017102,3.07162,1.336305
502.9,4.017702,3.074132,1.336295
503.0,4.018302,3.076644,1.336284
503.1,4.018902,3.079155,1.336273
503.2,4.019502,3.081667,1.336262
503.3,4.020102,3.084178,1.33625
503.4,4.020702,3.086689,1.336238
503.5,4.021302,3.089201,1.336225
503.6,4.021902,3.091712,1.336212
503.7,4.022502,3.094222,1.336199
503.8,4.023102,3.096733,1.336186
503.9,4.023702,3.099243,1.336172
504.0,4.024302,3.101754,1.336157
504.1,4.024902,3.104264,1.336143
504.2,4.025503,3.106774,1.336128
504.3,4.026103,3.109284,1.336112
504.4,4.026703,3.111794,1.336097
504.5,4.027303,3.114303,1.336081
504.6,4.027903,3.116812,1.336064
504.7,4.028503,3.119322,1.336047
504.8,4.029103,3.121831,1.33603
504.9,4.029703,3.124339,1.336013
505.0,4.030303,3.126848,1.335995
505.1,4.030903,3.129356,1.335976
505.2,4.031503,3.131864,1.335958
505.3,4.032103,3.134372,1.335939
505.4,4.032703,3.13688,1.335919
505.5,4.033303,3.139388,1.3359
505.6,4.033903,3.141895,1.33588
505.7,4.034503,3.144402,1.335859
505.8,4.035104,3.146909,1.335839
505.9,4.035704,3.149415,1.335817
506.0,4.036304,3.151922,1.335796
506.1,4.036904,3.154428,1.335774
506.2,4.037504,3.156934,1.335752
506.3,4.038104,3.15944,1.335729
506.4,4.038704,3.161945,1.335706
506.5,4.039304,3.16445,1.335683
506.6,4.039904,3.166955,1.335659
506.7,4.040504,3.16946,1.335635
506.8,4.041104,3.171964,1.335611
506.9,4.041704,3.174468,1.335586
507.0,4.042304,3.176972,1.335561
507.1,4.042904,3.179475,1.335536
507.2,4.043504,3.181979,1.33551
507.3,4.044104,3.184482,1.335483
507.4,4.044704,3.186984,1.335457
507.5,4.045305,3.189487,1.33543
507.6,4.045905,3.191989,1.335403
507.7,4.046505,3.19449,1.335375
507.8,4.047105,3.196992,1.335347
507.9,4.047705,3.199493,1.335319
508.0,4.048305,3.201994,1.33529
508.1,4.048905,3.204494,1.335261
508.2,4.049505,3.206995,1.335231
508.3,4.050105,3.209494,1.335201
508.4,4.050705,3.211994,1.335171
508.5,4.051305,3.214493,1.33514
508.6,4.051905,3.216992,1.335109
508.7,4.052505,3.21949,1.335078
508.8,4.053105,3.221989,1.335046
508.9,4.053705,3.224486,1.335014
509.0,4.054305,3.226984,1.334982
509.1,4.054905,3.229481,1.334949
509.2,4.055506,3.231978,1.334916
509.3,4.056106,3.234474,1.334882
509.4,4.056706,3.23697,1.334849
509.5,4.057306,3.239466,1.334814
509.6,4.057906,3.241961,1.33478
509.7,4.058506,3.244456,1.334745
509.8,4.059106,3.24695,1.334709
509.9,4.059706,3.249445,1.334674
510.0,4.060306,3.251938,1.334637
510.1,4.060906,3.254432,1.334601
510.2,4.061506,3.256924,1.334564
510.3,4.062106,3.259417,1.334527
510.4,4.062706,3.261909,1.334489
510.5,4.063306,3.264401,1.334451
510.6,4.063906,3.266892,1.334413
510.7,4.064506,3.269383,1.334374
510.8,4.065107,3.271873,1.334335
510.9,4.065707,3.274363,1.334296
511.0,4.066307,3.276853,1.334256
511.1,4.066907,3.279342,1.334216
511.2,4.067507,3.28183,1.334175
511.3,4.068107,3.284319,1.334134
511.4,4.068707,3.286806,1.334093
511.5,4.069307,3.289294,1.334051
511.6,4.069907,3.291781,1.334009
511.7,4.070507,3.294267,1.333967
511.8,4.071107,3.296753,1.333924
511.9,4.071707,3.299238,1.333881
512.0,4.072307,3.301723,1.333837
512.1,4.072907,3.304208,1.333793
512.2,4.073507,3.306692,1.333749
512.3,4.074107,3.309176,1.333704
512.4,4.074707,3.311659,1.333659
512.5,4.075308,3.314141,1.333613
512.6,4.075908,3.316623,1.333568
512.7,4.076508,3.319105,1.333521
512.8,4.077108,3.321586,1.333475
512.9,4.077708,3.324066,1.333428
513.0,4.078308,3.326547,1.33338
513.1,4.078908,3.329026,1.333333
513.2,4.079508,3.331505,1.333285
513.3,4.080108,3.333984,1.333236
513.4,4.080708,3.336462,1.333187
513.5,4.081308,3.338939,1.333138
513.6,4.081908,3.341416,1.333088
513.7,4.082508,3.343892,1.333038
513.8,4.083108,3.346368,1.332988
513.9,4.083708,3.348843,1.332937
514.0,4.084308,3.351318,1.332886
514.1,4.084908,3.353792,1.332834
514.2,4.085509,3.356266,1.332782
514.3,4.086109,3.358739,1.33273
514.4,4.086709,3.361211,1.332677
514.5,4.087309,3.363683,1.332624
514.6,4.087909,3.366155,1.332571
514.7,4.088509,3.368625,1.332517
514.8,4.089109,3.371096,1.332463
514.9,4.089709,3.373565,1.332408
515.0,4.090309,3.376034,1.332353
515.1,4.090909,3.378502,1.332298
515.2,4.091509,3.38097,1.332242
515.3,4.092109,3.383437,1.332186
515.4,4.092709,3.385904,1.332129
515.5,4.093309,3.38837,1.332072
515.6,4.093909,3.390835,1.332015
515.7,4.094509,3.3933,1.331957
515.8,4.09511,3.395764,1.331899
515.9,4.09571,3.398228,1.33184
516.0,4.09631,3.400691,1.331781
516.1,4.09691,3.403153,1.331722
516.2,4.09751,3.405615,1.331662
516.3,4.09811,3.408076,1.331602
516.4,4.09871,3.410536,1.331542
516.5,4.09931,3.412996,1.331481
516.6,4.09991,3.415455,1.33142
516.7,4.10051,3.417913,1.331358
516.8,4.10111,3.420371,1.331296
516.9,4.10171,3.422828,1.331234
517.0,4.10231,3.425284,1.331171
517.1,4.10291,3.42774,1.331107
517.2,4.10351,3.430195,1.331044
517.3,4.10411,3.432649,1.33098
517.4,4.10471,3.435103,1.330915
517.5,4.105311,3.437556,1.33085
517.6,4.105911,3.440008,1.330785
517.7,4.106511,3.44246,1.33072
517.8,4.107111,3.444911,1.330653
517.9,4.107711,3.447361,1.330587
518.0,4.108311,3.44981,1.33052
518.1,4.108911,3.452259,1.330453
518.2,4.109511,3.454707,1.330385
518.3,4.110111,3.457154,1.330317
518.4,4.110711,3.459601,1.330249
518.5,4.111311,3.462047,1.33018
518.6,4.111911,3.464492,1.330111
518.7,4.112511,3.466937,1.330041
518.8,4.113111,3.46938,1.329971
518.9,4.113711,3.471823,1.3299
519.0,4.114311,3.474265,1.32983
519.1,4.114911,3.476707,1.329758
519.2,4.115512,3.479148,1.329687
519.3,4.116112,3.481588,1.329614
519.4,4.116712,3.484027,1.329542
519.5,4.117312,3.486465,1.329469
519.6,4.117912,3.488903,1.329396
519.7,4.118512,3.49134,1.329322
519.8,4.119112,3.493776,1.329248
519.9,4.119712,3.496211,1.329173
520.0,4.120312,3.498646,1.329098
520.1,4.120912,3.501079,1.329023
520.2,4.121512,3.503512,1.328947
520.3,4.122112,3.505945,1.328871
520.4,4.122712,3.508376,1.328794
520.5,4.123312,3.510806,1.328717
520.6,4.123912,3.513236,1.32864
520.7,4.124512,3.515665,1.328562
520.8,4.125113,3.518093,1.328483
520.9,4.125713,3.520521,1.328405
521.0,4.126313,3.522947,1.328325
521.1,4.126913,3.525373,1.328246
521.2,4.127513,3.527798,1.328166
521.3,4.128113,3.530222,1.328086
521.4,4.128713,3.532645,1.328005
521.5,4.129313,3.535067,1.327923
521.6,4.129913,3.537489,1.327842
521.7,4.130513,3.539909,1.32776
521.8,4.131113,3.542329,1.327677
521.9,4.131713,3.544748,1.327594
522.0,4.132313,3.547166,1.327511
522.1,4.132913,3.549583,1.327427
522.2,4.133513,3.552,1.327343
522.3,4.134113,3.554415,1.327258
522.4,4.134713,3.55683,1.327173
522.5,4.135314,3.559243,1.327088
522.6,4.135914,3.561656,1.327002
522.7,4.136514,3.564068,1.326915
522.8,4.137114,3.566479,1.326829
522.9,4.137714,3.568889,1.326741
523.0,4.138314,3.571298,1.326654
523.1,4.138914,3.573707,1.326566
523.2,4.139514,3.576114,1.326477
523.3,4.140114,3.578521,1.326388
523.4,4.140714,3.580926,1.326299
523.5,4.141314,3.583331,1.326209
523.6,4.141914,3.585735,1.326119
523.7,4.142514,3.588138,1.326028
523.8,4.143114,3.59054,1.325937
523.9,4.143714,3.592941,1.325845
524.0,4.144314,3.595341,1.325753
524.1,4.144914,3.59774,1.325661
524.2,4.145515,3.600138,1.325568
524.3,4.146115,3.602535,1.325475
524.4,4.146715,3.604931,1.325381
524.5,4.147315,3.607327,1.325287
524.6,4.147915,3.609721,1.325192
524.7,4.148515,3.612115,1.325097
524.8,4.149115,3.614507,1.325001
524.9,4.149715,3.616898,1.324905
525.0,4.150315,3.619289,1.324809
525.1,4.150915,3.621678,1.324712
525.2,4.151515,3.624067,1.324615
525.3,4.152115,3.626454,1.324517
525.4,4.152715,3.628841,1.324419
525.5,4.153315,3.631227,1.32432
525.6,4.153915,3.633611,1.324221
525.7,4.154515,3.635995,1.324121
525.8,4.155116,3.638377,1.324021
525.9,4.155716,3.640759,1.323921
526.0,4.156316,3.643139,1.32382
526.1,4.156916,3.645519,1.323718
526.2,4.157516,3.647897,1.323617
526.3,4.158116,3.650275,1.323514
526.4,4.158716,3.652651,1.323411
526.5,4.159316,3.655027,1.323308
526.6,4.159916,3.657401,1.323205
526.7,4.160516,3.659774,1.3231
526.8,4.161116,3.662147,1.322996
526.9,4.161716,3.664518,1.322891
527.0,4.162316,3.666888,1.322785
527.1,4.162916,3.669257,1.322679
527.2,4.163516,3.671625,1.322573
527.3,4.164116,3.673992,1.322466
527.4,4.164716,3.676358,1.322358
527.5,4.165317,3.678723,1.32225
527.6,4.165917,3.681087,1.322142
527.7,4.166517,3.68345,1.322033
527.8,4.167117,3.685811,1.321924
527.9,4.167717,3.688172,1.321814
528.0,4.168317,3.690532,1.321704
528.1,4.168917,3.69289,1.321593
528.2,4.169517,3.695247,1.321482
528.3,4.170117,3.697603,1.321371
528.4,4.170717,3.699959,1.321258
528.5,4.171317,3.702313,1.321146
528.6,4.171917,3.704665,1.321033
528.7,4.172517,3.707017,1.320919
528.8,4.173117,3.709368,1.320805
528.9,4.173717,3.711718,1.320691
529.0,4.174317,3.714066,1.320576
529.1,4.174917,3.716413,1.32046
529.2,4.175518,3.718759,1.320344
529.3,4.176118,3.721104,1.320228
529.4,4.176718,3.723448,1.320111
529.5,4.177318,3.725791,1.319993
529.6,4.177918,3.728133,1.319875
529.7,4.178518,3.730473,1.319757
529.8,4.179118,3.732812,1.319638
529.9,4.179718,3.735151,1.319519
530.0,4.180318,3.737488,1.319399
530.1,4.180918,3.739823,1.319279
530.2,4.181518,3.742158,1.319158
530.3,4.182118,3.744492,1.319036
530.4,4.182718,3.746824,1.318914
530.5,4.183318,3.749155,1.318792
530.6,4.183918,3.751485,1.318669
530.7,4.184518,3.753814,1.318546
530.8,4.185119,3.756141,1.318422
530.9,4.185719,3.758468,1.318298
531.0,4.186319,3.760793,1.318173
531.1,4.186919,3.763117,1.318047
531.2,4.187519,3.765439,1.317922
531.3,4.188119,3.767761,1.317795
531.4,4.188719,3.770081,1.317668
531.5,4.189319,3.7724,1.317541
531.6,4.189919,3.774718,1.317413
531.7,4.190519,3.777035,1.317285
531.8,4.191119,3.77935,1.317156
531.9,4.191719,3.781665,1.317026
532.0,4.192319,3.783978,1.316896
532.1,4.192919,3.786289,1.316766
532.2,4.193519,3.7886,1.316635
532.3,4.194119,3.790909,1.316504
532.4,4.194719,3.793217,1.316372
532.5,4.19532,3.795524,1.316239
532.6,4.19592,3.797829,1.316106
532.7,4.19652,3.800134,1.315972
532.8,4.19712,3.802437,1.315838
532.9,4.19772,3.804738,1.315704
533.0,4.19832,3.807039,1.315569
533.1,4.19892,3.809338,1.315433
533.2,4.19952,3.811636,1.315297
533.3,4.20012,3.813933,1.31516
533.4,4.20072,3.816228,1.315023
533.5,4.20132,3.818522,1.314885
533.6,4.20192,3.820815,1.314747
533.7,4.20252,3.823106,1.314608
533.8,4.20312,3.825396,1.314468
533.9,4.20372,3.827685,1.314329
534.0,4.20432,3.829973,1.314188
534.1,4.20492,3.832259,1.314047
534.2,4.205521,3.834544,1.313906
534.3,4.206121,3.836827,1.313764
534.4,4.206721,3.83911,1.313621
534.5,4.207321,3.84139,1.313478
534.6,4.207921,3.84367,1.313334
534.7,4.208521,3.845948,1.31319
534.8,4.209121,3.848225,1.313045
534.9,4.209721,3.850501,1.3129
535.0,4.210321,3.852775,1.312754
535.1,4.210921,3.855048,1.312607
535.2,4.211521,3.85732,1.31246
535.3,4.212121,3.85959,1.312313
535.4,4.212721,3.861859,1.312165
535.5,4.213321,3.864126,1.312016
535.6,4.213921,3.866392,1.311867
535.7,4.214521,3.868657,1.311717
535.8,4.215122,3.87092,1.311567
535.9,4.215722,3.873182,1.311416
536.0,4.216322,3.875443,1.311264
536.1,4.216922,3.877702,1.311112
536.2,4.217522,3.87996,1.31096
536.3,4.218122,3.882217,1.310806
536.4,4.218722,3.884472,1.310653
536.5,4.219322,3.886725,1.310498
536.6,4.219922,3.888978,1.310343
536.7,4.220522,3.891229,1.310188
536.8,4.221122,3.893478,1.310032
536.9,4.221722,3.895726,1.309875
537.0,4.222322,3.897973,1.309718
537.1,4.222922,3.900218,1.30956
537.2,4.223522,3.902462,1.309402
537.3,4.224122,3.904704,1.309243
537.4,4.224722,3.906945,1.309084
537.5,4.225323,3.909185,1.308923
537.6,4.225923,3.911423,1.308763
537.7,4.226523,3.913659,1.308601
537.8,4.227123,3.915894,1.30844
537.9,4.227723,3.918128,1.308277
538.0,4.228323,3.920361,1.308114
538.1,4.228923,3.922591,1.30795
538.2,4.229523,3.924821,1.307786
538.3,4.230123,3.927049,1.307621
538.4,4.230723,3.929275,1.307456
538.5,4.231323,3.9315,1.30729
538.6,4.231923,3.933724,1.307123
538.7,4.232523,3.935946,1.306956
538.8,4.233123,3.938166,1.306788
538.9,4.233723,3.940385,1.30662
539.0,4.234323,3.942603,1.306451
539.1,4.234923,3.944819,1.306281
539.2,4.235524,3.947034,1.306111
539.3,4.236124,3.949247,1.30594
539.4,4.236724,3.951458,1.305768
539.5,4.237324,3.953669,1.305596
539.6,4.237924,3.955877,1.305423
539.7,4.238524,3.958084,1.30525
539.8,4.239124,3.96029,1.305076
539.9,4.239724,3.962494,1.304901
540.0,4.240324,3.964697,1.304726
540.1,4.240924,3.966898,1.30455
540.2,4.241524,3.969097,1.304374
540.3,4.242124,3.971295,1.304197
540.4,4.242724,3.973492,1.304019
540.5,4.243324,3.975686,1.30384
540.6,4.243924,3.97788,1.303661
540.7,4.244524,3.980072,1.303482
540.8,4.245125,3.982262,1.303301
540.9,4.245725,3.984451,1.30312
541.0,4.246325,3.986638,1.302939
541.1,4.246925,3.988823,1.302757
541.2,4.247525,3.991007,1.302574
541.3,4.248125,3.99319,1.30239
541.4,4.248725,3.995371,1.302206
541.5,4.249325,3.99755,1.302021
541.6,4.249925,3.999728,1.301836
541.7,4.250525,4.001904,1.30165
541.8,4.251125,4.004079,1.301463
541.9,4.251725,4.006252,1.301275
542.0,4.252325,4.008423,1.301087
542.1,4.252925,4.010593,1.300898
542.2,4.253525,4.012761,1.300709
542.3,4.254125,4.014928,1.300519
542.4,4.254725,4.017093,1.300328
542.5,4.255326,4.019256,1.300137
542.6,4.255926,4.021418,1.299945
542.7,4.256526,4.023578,1.299752
542.8,4.257126,4.025737,1.299558
542.9,4.257726,4.027894,1.299364
543.0,4.258326,4.030049,1.299169
543.1,4.258926,4.032203,1.298974
543.2,4.259526,4.034355,1.298778
543.3,4.260126,4.036505,1.298581
543.4,4.260726,4.038654,1.298383
543.5,4.261326,4.040801,1.298185
543.6,4.261926,4.042947,1.297986
543.7,4.262526,4.045091,1.297786
543.8,4.263126,4.047233,1.297586
543.9,4.263726,4.049374,1.297385
544.0,4.264326,4.051513,1.297183
544.1,4.264926,4.05365,1.296981
544.2,4.265527,4.055785,1.296778
544.3,4.266127,4.057919,1.296574
544.4,4.266727,4.060052,1.296369
544.5,4.267327,4.062182,1.296164
544.6,4.267927,4.064311,1.295958
544.7,4.268527,4.066438,1.295751
544.8,4.269127,4.068564,1.295544
544.9,4.269727,4.070688,1.295336
545.0,4.270327,4.07281,1.295127
545.1,4.270927,4.07493,1.294917
545.2,4.271527,4.077049,1.294707
545.3,4.272127,4.079166,1.294496
545.4,4.272727,4.081282,1.294284
545.5,4.273327,4.083395,1.294072
545.6,4.273927,4.085507,1.293859
545.7,4.274527,4.087617,1.293645
545.8,4.275128,4.089726,1.29343
545.9,4.275728,4.091833,1.293214
546.0,4.276328,4.093938,1.292998
546.1,4.276928,4.096041,1.292781
546.2,4.277528,4.098143,1.292564
546.3,4.278128,4.100243,1.292345
546.4,4.278728,4.102341,1.292126
546.5,4.279328,4.104437,1.291906
546.6,4.279928,4.106532,1.291685
546.7,4.280528,4.108625,1.291464
546.8,4.281128,4.110716,1.291242
546.9,4.281728,4.112805,1.291019
547.0,4.282328,4.114893,1.290795
547.1,4.282928,4.116979,1.290571
547.2,4.283528,4.119063,1.290345
547.3,4.284128,4.121145,1.290119
547.4,4.284728,4.123226,1.289892
547.5,4.285329,4.125305,1.289665
547.6,4.285929,4.127382,1.289436
547.7,4.286529,4.129457,1.289207
547.8,4.287129,4.13153,1.288977
547.9,4.287729,4.133602,1.288747
548.0,4.288329,4.135672,1.288515
548.1,4.288929,4.13774,1.288283
548.2,4.289529,4.139806,1.28805
548.3,4.290129,4.141871,1.287816
548.4,4.290729,4.143934,1.287581
548.5,4.291329,4.145994,1.287345
548.6,4.291929,4.148053,1.287109
548.7,4.292529,4.150111,1.286872
548.8,4.293129,4.152166,1.286634
548.9,4.293729,4.15422,1.286395
549.0,4.294329,4.156272,1.286156
549.1,4.294929,4.158322,1.285915
549.2,4.29553,4.16037,1.285674
549.3,4.29613,4.162416,1.285432
549.4,4.29673,4.164461,1.285189
549.5,4.29733,4.166503,1.284945
549.6,4.29793,4.168544,1.284701
549.7,4.29853,4.170583,1.284455
549.8,4.29913,4.17262,1.284209
549.9,4.29973,4.174655,1.283962
550.0,4.30033,4.176689,1.283714
550.1,4.30093,4.17872,1.283465
550.2,4.30153,4.18075,1.283216
550.3,4.30213,4.182778,1.282965
550.4,4.30273,4.184804,1.282714
550.5,4.30333,4.186828,1.282462
550.6,4.30393,4.18885,1.282209
550.7,4.30453,4.19087,1.281955
550.8,4.305131,4.192889,1.2817
550.9,4.305731,4.194905,1.281445
551.0,4.306331,4.19692,1.281188
551.1,4.306931,4.198933,1.280931
551.2,4.307531,4.200943,1.280673
551.3,4.308131,4.202952,1.280413
551.4,4.308731,4.20496,1.280153
551.5,4.309331,4.206965,1.279892
551.6,4.309931,4.208968,1.279631
551.7,4.310531,4.210969,1.279368
551.8,4.311131,4.212969,1.279104
551.9,4.311731,4.214966,1.27884
552.0,4.312331,4.216962,1.278575
552.1,4.312931,4.218956,1.278308
552.2,4.313531,4.220947,1.278041
552.3,4.314131,4.222937,1.277773
552.4,4.314731,4.224925,1.277504
552.5,4.315332,4.226911,1.277234
552.6,4.315932,4.228895,1.276963
552.7,4.316532,4.230877,1.276691
552.8,4.317132,4.232857,1.276419
552.9,4.317732,4.234836,1.276145
553.0,4.318332,4.236812,1.27587
553.1,4.318932,4.238786,1.275595
553.2,4.319532,4.240758,1.275318
553.3,4.320132,4.242729,1.275041
553.4,4.320732,4.244697,1.274763
553.5,4.321332,4.246664,1.274483
553.6,4.321932,4.248628,1.274203
553.7,4.322532,4.250591,1.273922
553.8,4.323132,4.252551,1.27364
553.9,4.323732,4.25451,1.273357
554.0,4.324332,4.256466,1.273072
554.1,4.324932,4.258421,1.272787
554.2,4.325533,4.260374,1.272501
554.3,4.326133,4.262324,1.272214
554.4,4.326733,4.264273,1.271926
554.5,4.327333,4.266219,1.271637
554.6,4.327933,4.268164,1.271347
554.7,4.328533,4.270107,1.271056
554.8,4.329133,4.272047,1.270764
554.9,4.329733,4.273986,1.270471
555.0,4.330333,4.275923,1.270177
555.1,4.330933,4.277857,1.269882
555.2,4.331533,4.27979,1.269586
555.3,4.332133,4.28172,1.269289
555.4,4.332733,4.283649,1.268991
555.5,4.333333,4.285575,1.268692
555.6,4.333933,4.2875,1.268392
555.7,4.334533,4.289422,1.268091
555.8,4.335134,4.291342,1.267789
555.9,4.335734,4.293261,1.267486
556.0,4.336334,4.295177,1.267182
556.1,4.336934,4.297091,1.266876
556.2,4.337534,4.299004,1.26657
556.3,4.338134,4.300914,1.266263
556.4,4.338734,4.302822,1.265954
556.5,4.339334,4.304728,1.265645
556.6,4.339934,4.306632,1.265334
556.7,4.340534,4.308534,1.265023
556.8,4.341134,4.310434,1.26471
556.9,4.341734,4.312331,1.264397
557.0,4.342334,4.314227,1.264082
557.1,4.342934,4.316121,1.263766
557.2,4.343534,4.318012,1.263449
557.3,4.344134,4.319902,1.263131
557.4,4.344734,4.321789,1.262812
557.5,4.345335,4.323675,1.262491
557.6,4.345935,4.325558,1.26217
557.7,4.346535,4.327439,1.261848
557.8,4.347135,4.329318,1.261524
557.9,4.347735,4.331195,1.261199
558.0,4.348335,4.33307,1.260873
558.1,4.348935,4.334942,1.260546
558.2,4.349535,4.336813,1.260218
558.3,4.350135,4.338681,1.259889
558.4,4.350735,4.340548,1.259559
558.5,4.351335,4.342412,1.259227
558.6,4.351935,4.344274,1.258895
558.7,4.352535,4.346134,1.258561
558.8,4.353135,4.347992,1.258226
558.9,4.353735,4.349848,1.25789
559.0,4.354335,4.351702,1.257553
559.1,4.354935,4.353553,1.257214
559.2,4.355536,4.355402,1.256875
559.3,4.356136,4.35725,1.256534
559.4,4.356736,4.359095,1.256192
559.5,4.357336,4.360938,1.255849
559.6,4.357936,4.362778,1.255505
559.7,4.358536,4.364617,1.255159
559.8,4.359136,4.366453,1.254812
559.9,4.359736,4.368288,1.254464
560.0,4.360336,4.37012,1.254115
560.1,4.360936,4.37195,1.253765
560.2,4.361536,4.373778,1.253413
560.3,4.362136,4.375603,1.253061
560.4,4.362736,4.377427,1.252706
560.5,4.363336,4.379248,1.252351
560.6,4.363936,4.381067,1.251995
560.7,4.364536,4.382884,1.251637
560.8,4.365137,4.384699,1.251278
560.9,4.365737,4.386512,1.250918
561.0,4.366337,4.388322,1.250556
561.1,4.366937,4.39013,1.250194
561.2,4.367537,4.391936,1.24983
561.3,4.368137,4.39374,1.249464
561.4,4.368737,4.395542,1.249098
561.5,4.369337,4.397341,1.24873
561.6,4.369937,4.399138,1.248361
561.7,4.370537,4.400933,1.24799
561.8,4.371137,4.402726,1.247618
561.9,4.371737,4.404516,1.247245
562.0,4.372337,4.406305,1.246871
562.1,4.372937,4.408091,1.246495
562.2,4.373537,4.409875,1.246118
562.3,4.374137,4.411656,1.24574
562.4,4.374737,4.413436,1.24536
562.5,4.375338,4.415213,1.24498
562.6,4.375938,4.416988,1.244597
562.7,4.376538,4.418761,1.244214
562.8,4.377138,4.420531,1.243829
562.9,4.377738,4.422299,1.243442
563.0,4.378338,4.424065,1.243054
563.1,4.378938,4.425829,1.242665
563.2,4.379538,4.427591,1.242275
563.3,4.380138,4.42935,1.241883
563.4,4.380738,4.431107,1.24149
563.5,4.381338,4.432861,1.241095
563.6,4.381938,4.434614,1.240699
563.7,4.382538,4.436364,1.240302
563.8,4.383138,4.438112,1.239903
563.9,4.383738,4.439858,1.239503
564.0,4.384338,4.441601,1.239101
564.1,4.384938,4.443342,1.238698
564.2,4.385539,4.445081,1.238293
564.3,4.386139,4.446817,1.237887
564.4,4.386739,4.448552,1.23748
564.5,4.387339,4.450284,1.237071
564.6,4.387939,4.452013,1.236661
564.7,4.388539,4.453741,1.236249
564.8,4.389139,4.455466,1.235836
564.9,4.389739,4.457189,1.235421
565.0,4.390339,4.458909,1.235005
565.1,4.390939,4.460627,1.234587
565.2,4.391539,4.462343,1.234168
565.3,4.392139,4.464057,1.233747
565.4,4.392739,4.465768,1.233325
565.5,4.393339,4.467477,1.232901
565.6,4.393939,4.469183,1.232476
565.7,4.394539,4.470888,1.232049
565.8,4.39514,4.47259,1.231621
565.9,4.39574,4.474289,1.231191
566.0,4.39634,4.475987,1.23076
566.1,4.39694,4.477682,1.230327
566.2,4.39754,4.479374,1.229892
566.3,4.39814,4.481065,1.229456
566.4,4.39874,4.482753,1.229018
566.5,4.39934,4.484438,1.228579
566.6,4.39994,4.486121,1.228138
566.7,4.40054,4.487802,1.227696
566.8,4.40114,4.489481,1.227252
566.9,4.40174,4.491157,1.226806
567.0,4.40234,4.492831,1.226359
567.1,4.40294,4.494503,1.22591
567.2,4.40354,4.496172,1.22546
567.3,4.40414,4.497839,1.225008
567.4,4.40474,4.499503,1.224554
567.5,4.405341,4.501165,1.224099
567.6,4.405941,4.502825,1.223642
567.7,4.406541,4.504482,1.223183
567.8,4.407141,4.506137,1.222723
567.9,4.407741,4.50779,1.22226
568.0,4.408341,4.50944,1.221797
568.1,4.408941,4.511088,1.221331
568.2,4.409541,4.512733,1.220864
568.3,4.410141,4.514376,1.220395
568.4,4.410741,4.516017,1.219925
568.5,4.411341,4.517655,1.219452
568.6,4.411941,4.519291,1.218978
568.7,4.412541,4.520924,1.218503
568.8,4.413141,4.522555,1.218025
568.9,4.413741,4.524184,1.217546
569.0,4.414341,4.52581,1.217065
569.1,4.414941,4.527434,1.216582
569.2,4.415542,4.529055,1.216097
569.3,4.416142,4.530674,1.215611
569.4,4.416742,4.532291,1.215123
569.5,4.417342,4.533905,1.214633
569.6,4.417942,4.535517,1.214141
569.7,4.418542,4.537126,1.213648
569.8,4.419142,4.538733,1.213152
569.9,4.419742,4.540337,1.212655
570.0,4.420342,4.541939,1.212156
570.1,4.420942,4.543539,1.211655
570.2,4.421542,4.545136,1.211152
570.3,4.422142,4.546731,1.210647
570.4,4.422742,4.548323,1.210141
570.5,4.423342,4.549913,1.209632
570.6,4.423942,4.5515,1.209122
570.7,4.424542,4.553085,1.20861
570.8,4.425143,4.554668,1.208096
570.9,4.425743,4.556248,1.207579
571.0,4.426343,4.557825,1.207061
571.1,4.426943,4.5594,1.206541
571.2,4.427543,4.560973,1.20602
571.3,4.428143,4.562543,1.205496
571.4,4.428743,4.564111,1.20497
571.5,4.429343,4.565676,1.204442
571.6,4.429943,4.567239,1.203912
571.7,4.430543,4.568799,1.20338
571.8,4.431143,4.570357,1.202847
571.9,4.431743,4.571912,1.202311
572.0,4.432343,4.573465,1.201773
572.1,4.432943,4.575015,1.201233
572.2,4.433543,4.576563,1.200691
572.3,4.434143,4.578108,1.200147
572.4,4.434743,4.579651,1.199601
572.5,4.435344,4.581192,1.199053
572.6,4.435944,4.582729,1.198503
572.7,4.436544,4.584265,1.197951
572.8,4.437144,4.585798,1.197396
572.9,4.437744,4.587328,1.19684
573.0,4.438344,4.588856,1.196281
573.1,4.438944,4.590381,1.19572
573.2,4.439544,4.591904,1.195157
573.3,4.440144,4.593424,1.194592
573.4,4.440744,4.594942,1.194025
573.5,4.441344,4.596458,1.193456
573.6,4.441944,4.59797,1.192884
573.7,4.442544,4.599481,1.192311
573.8,4.443144,4.600988,1.191735
573.9,4.443744,4.602494,1.191156
574.0,4.444344,4.603996,1.190576
574.1,4.444944,4.605496,1.189993
574.2,4.445545,4.606994,1.189409
574.3,4.446145,4.608489,1.188821
574.4,4.446745,4.609981,1.188232
574.5,4.447345,4.611471,1.18764
574.6,4.447945,4.612959,1.187046
574.7,4.448545,4.614444,1.18645
574.8,4.449145,4.615926,1.185851
574.9,4.449745,4.617406,1.185251
575.0,4.450345,4.618883,1.184647
575.1,4.450945,4.620358,1.184042
575.2,4.451545,4.62183,1.183434
575.3,4.452145,4.623299,1.182823
575.4,4.452745,4.624766,1.182211
575.5,4.453345,4.626231,1.181596
575.6,4.453945,4.627693,1.180978
575.7,4.454545,4.629152,1.180358
575.8,4.455146,4.630609,1.179736
575.9,4.455746,4.632063,1.179111
576.0,4.456346,4.633514,1.178484
576.1,4.456946,4.634963,1.177854
576.2,4.457546,4.63641,1.177222
576.3,4.458146,4.637853,1.176587
576.4,4.458746,4.639295,1.17595
576.5,4.459346,4.640733,1.17531
576.6,4.459946,4.642169,1.174668
576.7,4.460546,4.643603,1.174023
576.8,4.461146,4.645034,1.173376
576.9,4.461746,4.646462,1.172726
577.0,4.462346,4.647887,1.172073
577.1,4.462946,4.649311,1.171418
577.2,4.463546,4.650731,1.17076
577.3,4.464146,4.652149,1.1701
577.4,4.464746,4.653564,1.169437
577.5,4.465347,4.654977,1.168772
577.6,4.465947,4.656387,1.168103
577.7,4.466547,4.657794,1.167432
577.8,4.467147,4.659199,1.166759
577.9,4.467747,4.660601,1.166082
578.0,4.468347,4.662,1.165403
578.1,4.468947,4.663397,1.164722
578.2,4.469547,4.664792,1.164037
578.3,4.470147,4.666183,1.16335
578.4,4.470747,4.667572,1.16266
578.5,4.471347,4.668959,1.161967
578.6,4.471947,4.670342,1.161271
578.7,4.472547,4.671723,1.160573
578.8,4.473147,4.673102,1.159871
578.9,4.473747,4.674478,1.159167
579.0,4.474347,4.675851,1.15846
579.1,4.474947,4.677221,1.15775
579.2,4.475548,4.678589,1.157038
579.3,4.476148,4.679954,1.156322
579.4,4.476748,4.681317,1.155603
579.5,4.477348,4.682677,1.154882
579.6,4.477948,4.684034,1.154157
579.7,4.478548,4.685389,1.15343
579.8,4.479148,4.686741,1.1527
579.9,4.479748,4.68809,1.151966
580.0,4.480348,4.689437,1.15123
580.1,4.480948,4.69078,1.15049
580.2,4.481548,4.692122,1.149748
580.3,4.482148,4.69346,1.149002
580.4,4.482748,4.694796,1.148254
580.5,4.483348,4.696129,1.147502
580.6,4.483948,4.69746,1.146747
580.7,4.484548,4.698788,1.145989
580.8,4.485149,4.700113,1.145228
580.9,4.485749,4.701436,1.144464
581.0,4.486349,4.702755,1.143696
581.1,4.486949,4.704073,1.142926
581.2,4.487549,4.705387,1.142152
581.3,4.488149,4.706699,1.141375
581.4,4.488749,4.708008,1.140594
581.5,4.489349,4.709314,1.139811
581.6,4.489949,4.710618,1.139024
581.7,4.490549,4.711919,1.138234
581.8,4.491149,4.713217,1.13744
581.9,4.491749,4.714513,1.136643
582.0,4.492349,4.715805,1.135843
582.1,4.492949,4.717096,1.13504
582.2,4.493549,4.718383,1.134233
582.3,4.494149,4.719668,1.133422
582.4,4.494749,4.72095,1.132608
582.5,4.49535,4.722229,1.131791
582.6,4.49595,4.723505,1.130971
582.7,4.49655,4.724779,1.130146
582.8,4.49715,4.72605,1.129319
582.9,4.49775,4.727319,1.128488
583.0,4.49835,4.728584,1.127653
583.1,4.49895,4.729847,1.126814
583.2,4.49955,4.731107,1.125973
583.3,4.50015,4.732365,1.125127
583.4,4.50075,4.73362,1.124278
583.5,4.50135,4.734872,1.123425
583.6,4.50195,4.736121,1.122569
583.7,4.50255,4.737367,1.121709
583.8,4.50315,4.738611,1.120845
583.9,4.50375,4.739852,1.119978
584.0,4.50435,4.74109,1.119106
584.1,4.50495,4.742326,1.118231
584.2,4.505551,4.743559,1.117352
584.3,4.506151,4.744789,1.11647
584.4,4.506751,4.746016,1.115583
584.5,4.507351,4.74724,1.114693
584.6,4.507951,4.748462,1.113799
584.7,4.508551,4.749681,1.112901
584.8,4.509151,4.750897,1.111999
584.9,4.509751,4.752111,1.111093
585.0,4.510351,4.753321,1.110183
585.1,4.510951,4.754529,1.10927
585.2,4.511551,4.755734,1.108352
585.3,4.512151,4.756937,1.10743
585.4,4.512751,4.758136,1.106504
585.5,4.513351,4.759333,1.105574
585.6,4.513951,4.760527,1.10464
585.7,4.514551,4.761718,1.103702
585.8,4.515152,4.762907,1.102759
585.9,4.515752,4.764092,1.101813
586.0,4.516352,4.765275,1.100862
586.1,4.516952,4.766455,1.099907
586.2,4.517552,4.767633,1.098948
586.3,4.518152,4.768807,1.097985
586.4,4.518752,4.769979,1.097017
586.5,4.519352,4.771148,1.096045
586.6,4.519952,4.772314,1.095069
586.7,4.520552,4.773477,1.094088
586.8,4.521152,4.774638,1.093103
586.9,4.521752,4.775796,1.092114
587.0,4.522352,4.77695,1.09112
587.1,4.522952,4.778103,1.090121
587.2,4.523552,4.779252,1.089119
587.3,4.524152,4.780398,1.088111
587.4,4.524752,4.781542,1.087099
587.5,4.525353,4.782683,1.086083
587.6,4.525953,4.783821,1.085062
587.7,4.526553,4.784956,1.084036
587.8,4.527153,4.786089,1.083006
587.9,4.527753,4.787218,1.081971
588.0,4.528353,4.788345,1.080931
588.1,4.528953,4.789469,1.079887
588.2,4.529553,4.79059,1.078837
588.3,4.530153,4.791708,1.077783
588.4,4.530753,4.792824,1.076725
588.5,4.531353,4.793937,1.075661
588.6,4.531953,4.795046,1.074593
588.7,4.532553,4.796153,1.073519
588.8,4.533153,4.797257,1.072441
588.9,4.533753,4.798359,1.071358
589.0,4.534353,4.799457,1.070269
589.1,4.534953,4.800553,1.069176
589.2,4.535554,4.801646,1.068078
589.3,4.536154,4.802735,1.066974
589.4,4.536754,4.803823,1.065866
589.5,4.537354,4.804907,1.064752
589.6,4.537954,4.805988,1.063633
589.7,4.538554,4.807067,1.062509
589.8,4.539154,4.808142,1.06138
589.9,4.539754,4.809215,1.060246
590.0,4.540354,4.810285,1.059106
590.1,4.540954,4.811352,1.057961
590.2,4.541554,4.812416,1.05681
590.3,4.542154,4.813478,1.055654
590.4,4.542754,4.814536,1.054493
590.5,4.543354,4.815592,1.053326
590.6,4.543954,4.816645,1.052154
590.7,4.544554,4.817695,1.050976
590.8,4.545155,4.818742,1.049793
590.9,4.545755,4.819786,1.048604
591.0,4.546355,4.820827,1.04741
591.1,4.546955,4.821865,1.04621
591.2,4.547555,4.822901,1.045004
591.3,4.548155,4.823934,1.043792
591.4,4.548755,4.824963,1.042575
591.5,4.549355,4.82599,1.041352
591.6,4.549955,4.827014,1.040123
591.7,4.550555,4.828035,1.038888
591.8,4.551155,4.829054,1.037648
591.9,4.551755,4.830069,1.036401
592.0,4.552355,4.831081,1.035149
592.1,4.552955,4.832091,1.03389
592.2,4.553555,4.833098,1.032625
592.3,4.554155,4.834101,1.031355
592.4,4.554755,4.835102,1.030078
592.5,4.555356,4.8361,1.028795
592.6,4.555956,4.837095,1.027506
592.7,4.556556,4.838087,1.02621
592.8,4.557156,4.839077,1.024909
592.9,4.557756,4.840063,1.023601
593.0,4.558356,4.841047,1.022286
593.1,4.558956,4.842027,1.020966
593.2,4.559556,4.843005,1.019639
593.3,4.560156,4.843979,1.018305
593.4,4.560756,4.844951,1.016965
593.5,4.561356,4.84592,1.015618
593.6,4.561956,4.846886,1.014265
593.7,4.562556,4.847849,1.012905
593.8,4.563156,4.848809,1.011539
593.9,4.563756,4.849767,1.010166
594.0,4.564356,4.850721,1.008786
594.1,4.564956,4.851672,1.007399
594.2,4.565557,4.852621,1.006005
594.3,4.566157,4.853566,1.004605
594.4,4.566757,4.854509,1.003198
594.5,4.567357,4.855449,1.001783
594.6,4.567957,4.856385,1.000362
594.7,4.568557,4.857319,0.998934
594.8,4.569157,4.85825,0.997498
594.9,4.569757,4.859178,0.996056
595.0,4.570357,4.860103,0.994606
595.1,4.570957,4.861025,0.993149
595.2,4.571557,4.861944,0.991685
595.3,4.572157,4.86286,0.990213
595.4,4.572757,4.863774,0.988734
595.5,4.573357,4.864684,0.987248
595.6,4.573957,4.865591,0.985754
595.7,4.574557,4.866496,0.984253
595.8,4.575158,4.867397,0.982744
595.9,4.575758,4.868296,0.981227
596.0,4.576358,4.869191,0.979703
596.1,4.576958,4.870084,0.978172
596.2,4.577558,4.870974,0.976632
596.3,4.578158,4.87186,0.975085
596.4,4.578758,4.872744,0.97353
596.5,4.579358,4.873625,0.971967
596.6,4.579958,4.874503,0.970396
596.7,4.580558,4.875378,0.968817
596.8,4.581158,4.876249,0.96723
596.9,4.581758,4.877118,0.965635
597.0,4.582358,4.877984,0.964032
597.1,4.582958,4.878847,0.962421
597.2,4.583558,4.879707,0.960801
597.3,4.584158,4.880564,0.959173
597.4,4.584758,4.881419,0.957537
597.5,4.585359,4.88227,0.955892
597.6,4.585959,4.883118,0.954239
597.7,4.586559,4.883963,0.952578
597.8,4.587159,4.884805,0.950908
597.9,4.587759,4.885645,0.949229
598.0,4.588359,4.886481,0.947542
598.1,4.588959,4.887314,0.945846
598.2,4.589559,4.888144,0.944141
598.3,4.590159,4.888972,0.942427
598.4,4.590759,4.889796,0.940705
598.5,4.591359,4.890617,0.938973
598.6,4.591959,4.891436,0.937233
598.7,4.592559,4.892251,0.935484
598.8,4.593159,4.893063,0.933725
598.9,4.593759,4.893873,0.931957
599.0,4.594359,4.894679,0.93018
599.1,4.594959,4.895483,0.928394
599.2,4.59556,4.896283,0.926599
599.3,4.59616,4.897081,0.924794
599.4,4.59676,4.897875,0.922979
599.5,4.59736,4.898666,0.921155
599.6,4.59796,4.899455,0.919322
599.7,4.59856,4.90024,0.917479
599.8,4.59916,4.901023,0.915626
599.9,4.59976,4.901802,0.913764
600.0,4.60036,4.902579,0.911891
600.1,4.60096,4.903352,0.910009
600.2,4.60156,4.904122,0.908117
600.3,4.60216,4.90489,0.906215
600.4,4.60276,4.905654,0.904303
600.5,4.60336,4.906416,0.902381
600.6,4.60396,4.907174,0.900448
600.7,4.60456,4.907929,0.898506
600.8,4.605161,4.908682,0.896553
600.9,4.605761,4.909431,0.894589
601.0,4.606361,4.910177,0.892616
601.1,4.606961,4.910921,0.890631
601.2,4.607561,4.911661,0.888637
601.3,4.608161,4.912398,0.886631
601.4,4.608761,4.913132,0.884615
601.5,4.609361,4.913864,0.882588
601.6,4.609961,4.914592,0.880551
601.7,4.610561,4.915317,0.878502
601.8,4.611161,4.916039,0.876442
601.9,4.611761,4.916758,0.874372
602.0,4.612361,4.917474,0.87229
602.1,4.612961,4.918187,0.870197
602.2,4.613561,4.918897,0.868093
602.3,4.614161,4.919604,0.865978
602.4,4.614761,4.920308,0.863851
602.5,4.615362,4.921009,0.861713
602.6,4.615962,4.921707,0.859564
602.7,4.616562,4.922402,0.857403
602.8,4.617162,4.923094,0.85523
602.9,4.617762,4.923783,0.853045
603.0,4.618362,4.924468,0.850849
603.1,4.618962,4.925151,0.848641
603.2,4.619562,4.925831,0.846421
603.3,4.620162,4.926508,0.844189
603.4,4.620762,4.927181,0.841945
603.5,4.621362,4.927852,0.839689
603.6,4.621962,4.928519,0.837421
603.7,4.622562,4.929184,0.83514
603.8,4.623162,4.929845,0.832847
603.9,4.623762,4.930503,0.830542
604.0,4.624362,4.931159,0.828224
604.1,4.624962,4.931811,0.825893
604.2,4.625563,4.93246,0.82355
604.3,4.626163,4.933106,0.821194
604.4,4.626763,4.933749,0.818826
604.5,4.627363,4.93439,0.816445
604.6,4.627963,4.935027,0.81405
604.7,4.628563,4.93566,0.811643
604.8,4.629163,4.936291,0.809223
604.9,4.629763,4.936919,0.806789
605.0,4.630363,4.937544,0.804342
605.1,4.630963,4.938166,0.801882
605.2,4.631563,4.938784,0.799409
605.3,4.632163,4.9394,0.796922
605.4,4.632763,4.940012,0.794422
605.5,4.633363,4.940622,0.791908
605.6,4.633963,4.941228,0.78938
605.7,4.634563,4.941832,0.786839
605.8,4.635164,4.942432,0.784284
605.9,4.635764,4.943029,0.781715
606.0,4.636364,4.943623,0.779132
606.1,4.636964,4.944214,0.776535
606.2,4.637564,4.944802,0.773923
606.3,4.638164,4.945387,0.771298
606.4,4.638764,4.945969,0.768658
606.5,4.639364,4.946548,0.766004
606.6,4.639964,4.947123,0.763336
606.7,4.640564,4.947696,0.760653
606.8,4.641164,4.948266,0.757956
606.9,4.641764,4.948832,0.755244
607.0,4.642364,4.949395,0.752517
607.1,4.642964,4.949956,0.749775
607.2,4.643564,4.950513,0.747019
607.3,4.644164,4.951067,0.744248
607.4,4.644764,4.951618,0.741461
607.5,4.645365,4.952166,0.73866
607.6,4.645965,4.952711,0.735843
607.7,4.646565,4.953253,0.733011
607.8,4.647165,4.953791,0.730164
607.9,4.647765,4.954327,0.727302
608.0,4.648365,4.95486,0.724424
608.1,4.648965,4.955389,0.72153
608.2,4.649565,4.955916,0.718621
608.3,4.650165,4.956439,0.715696
608.4,4.650765,4.956959,0.712756
608.5,4.651365,4.957476,0.7098
608.6,4.651965,4.95799,0.706827
608.7,4.652565,4.958501,0.703839
608.8,4.653165,4.959009,0.700835
608.9,4.653765,4.959514,0.697815
609.0,4.654365,4.960015,0.694779
609.1,4.654965,4.960514,0.691726
609.2,4.655566,4.961009,0.688657
609.3,4.656166,4.961502,0.685572
609.4,4.656766,4.961991,0.68247
609.5,4.657366,4.962477,0.679352
609.6,4.657966,4.96296,0.676217
609.7,4.658566,4.96344,0.673066
609.8,4.659166,4.963917,0.669898
609.9,4.659766,4.964391,0.666713
610.0,4.660366,4.964861,0.663511
610.1,4.660966,4.965329,0.660293
610.2,4.661566,4.965793,0.657057
610.3,4.662166,4.966255,0.653805
610.4,4.662766,4.966713,0.650535
610.5,4.663366,4.967168,0.647249
610.6,4.663966,4.96762,0.643945
610.7,4.664566,4.968069,0.640624
610.8,4.665167,4.968515,0.637285
610.9,4.665767,4.968957,0.63393
611.0,4.666367,4.969397,0.630557
611.1,4.666967,4.969833,0.627166
611.2,4.667567,4.970267,0.623758
611.3,4.668167,4.970697,0.620333
611.4,4.668767,4.971124,0.61689
611.5,4.669367,4.971548,0.613429
611.6,4.669967,4.971969,0.60995
611.7,4.670567,4.972387,0.606454
611.8,4.671167,4.972801,0.60294
611.9,4.671767,4.973213,0.599408
612.0,4.672367,4.973621,0.595858
612.1,4.672967,4.974027,0.592291
612.2,4.673567,4.974429,0.588705
612.3,4.674167,4.974828,0.585102
612.4,4.674767,4.975224,0.58148
612.5,4.675368,4.975617,0.57784
612.6,4.675968,4.976007,0.574183
612.7,4.676568,4.976393,0.570507
612.8,4.677168,4.976777,0.566813
612.9,4.677768,4.977157,0.563101
613.0,4.678368,4.977534,0.55937
613.1,4.678968,4.977908,0.555622
613.2,4.679568,4.978279,0.551855
613.3,4.680168,4.978647,0.54807
613.4,4.680768,4.979012,0.544267
613.5,4.681368,4.979374,0.540445
613.6,4.681968,4.979732,0.536605
613.7,4.682568,4.980088,0.532747
613.8,4.683168,4.98044,0.52887
613.9,4.683768,4.980789,0.524975
614.0,4.684368,4.981135,0.521062
614.1,4.684968,4.981478,0.517131
614.2,4.685569,4.981817,0.513181
614.3,4.686169,4.982154,0.509212
614.4,4.686769,4.982488,0.505226
614.5,4.687369,4.982818,0.501221
614.6,4.687969,4.983145,0.497197
614.7,4.688569,4.983469,0.493156
614.8,4.689169,4.98379,0.489096
614.9,4.689769,4.984108,0.485018
615.0,4.690369,4.984423,0.480921
615.1,4.690969,4.984734,0.476807
615.2,4.691569,4.985042,0.472674
615.3,4.692169,4.985348,0.468523
615.4,4.692769,4.98565,0.464354
615.5,4.693369,4.985949,0.460166
615.6,4.693969,4.986245,0.455961
615.7,4.694569,4.986537,0.451737
615.8,4.69517,4.986827,0.447496
615.9,4.69577,4.987113,0.443236
616.0,4.69637,4.987397,0.438959
616.1,4.69697,4.987677,0.434664
616.2,4.69757,4.987954,0.430351
616.3,4.69817,4.988228,0.42602
616.4,4.69877,4.988499,0.421672
616.5,4.69937,4.988766,0.417306
616.6,4.69997,4.989031,0.412922
616.7,4.70057,4.989292,0.408521
616.8,4.70117,4.98955,0.404102
616.9,4.70177,4.989805,0.399667
617.0,4.70237,4.990057,0.395213
617.1,4.70297,4.990306,0.390743
617.2,4.70357,4.990551,0.386256
617.3,4.70417,4.990794,0.381751
617.4,4.70477,4.991033,0.37723
617.5,4.705371,4.991269,0.372692
617.6,4.705971,4.991502,0.368137
617.7,4.706571,4.991732,0.363566
617.8,4.707171,4.991959,0.358978
617.9,4.707771,4.992183,0.354374
618.0,4.708371,4.992403,0.349754
618.1,4.708971,4.99262,0.345117
618.2,4.709571,4.992835,0.340464
618.3,4.710171,4.993046,0.335796
618.4,4.710771,4.993253,0.331112
618.5,4.711371,4.993458,0.326412
618.6,4.711971,4.99366,0.321697
618.7,4.712571,4.993858,0.316966
618.8,4.713171,4.994053,0.31222
618.9,4.713771,4.994245,0.307459
619.0,4.714371,4.994434,0.302683
619.1,4.714971,4.99462,0.297893
619.2,4.715572,4.994803,0.293088
619.3,4.716172,4.994982,0.288268
619.4,4.716772,4.995159,0.283434
619.5,4.717372,4.995332,0.278586
619.6,4.717972,4.995502,0.273725
619.7,4.718572,4.995669,0.268849
619.8,4.719172,4.995833,0.26396
619.9,4.719772,4.995993,0.259058
620.0,4.720372,4.996151,0.254142
620.1,4.720972,4.996305,0.249214
620.2,4.721572,4.996456,0.244272
620.3,4.722172,4.996604,0.239318
620.4,4.722772,4.996749,0.234352
620.5,4.723372,4.996891,0.229374
620.6,4.723972,4.997029,0.224383
620.7,4.724572,4.997165,0.219381
620.8,4.725173,4.997297,0.214368
620.9,4.725773,4.997426,0.209343
621.0,4.726373,4.997552,0.204307
621.1,4.726973,4.997674,0.19926
621.2,4.727573,4.997794,0.194203
621.3,4.728173,4.997911,0.189135
621.4,4.728773,4.998024,0.184057
621.5,4.729373,4.998134,0.178969
621.6,4.729973,4.998241,0.173871
621.7,4.730573,4.998345,0.168765
621.8,4.731173,4.998445,0.163648
621.9,4.731773,4.998543,0.158523
622.0,4.732373,4.998637,0.15339
622.1,4.732973,4.998728,0.148248
622.2,4.733573,4.998816,0.143097
622.3,4.734173,4.998901,0.137939
622.4,4.734773,4.998983,0.132774
622.5,4.735374,4.999062,0.127601
622.6,4.735974,4.999137,0.12242
622.7,4.736574,4.999209,0.117233
622.8,4.737174,4.999278,0.11204
622.9,4.737774,4.999344,0.10684
623.0,4.738374,4.999407,0.101635
623.1,4.738974,4.999467,0.096423
623.2,4.739574,4.999523,0.091206
623.3,4.740174,4.999576,0.085985
623.4,4.740774,4.999627,0.080758
623.5,4.741374,4.999674,0.075526
623.6,4.741974,4.999717,0.070291
623.7,4.742574,4.999758,0.065051
623.8,4.743174,4.999796,0.059808
623.9,4.743774,4.99983,0.054562
624.0,4.744374,4.999861,0.049312
624.1,4.744974,4.999889,0.044059
624.2,4.745575,4.999914,0.038804
624.3,4.746175,4.999936,0.033547
624.4,4.746775,4.999954,0.028288
624.5,4.747375,4.99997,0.023027
624.6,4.747975,4.999982,0.017765
624.7,4.748575,4.999991,0.012502
624.8,4.749175,4.999997,0.007238
624.9,4.749775,5.0,0.001974
625.0,4.750375,4.999999,-0.00329
625.1,4.750975,4.999996,-0.008554
625.2,4.751575,4.999989,-0.013818
625.3,4.752175,4.999979,-0.019081
625.4,4.752775,4.999966,-0.024343
625.5,4.753375,4.99995,-0.029603
625.6,4.753975,4.999931,-0.034862
625.7,4.754575,4.999908,-0.040118
625.8,4.755176,4.999883,-0.045373
625.9,4.755776,4.999854,-0.050625
626.0,4.756376,4.999822,-0.055873
626.1,4.756976,4.999787,-0.061119
626.2,4.757576,4.999748,-0.066362
626.3,4.758176,4.999707,-0.0716
626.4,4.758776,4.999662,-0.076835
626.5,4.759376,4.999614,-0.082065
626.6,4.759976,4.999563,-0.08729
626.7,4.760576,4.999509,-0.092511
626.8,4.761176,4.999452,-0.097727
626.9,4.761776,4.999392,-0.102937
627.0,4.762376,4.999328,-0.108141
627.1,4.762976,4.999261,-0.113339
627.2,4.763576,4.999192,-0.118531
627.3,4.764176,4.999119,-0.123716
627.4,4.764776,4.999042,-0.128894
627.5,4.765377,4.998963,-0.134066
627.6,4.765977,4.99888,-0.13923
627.7,4.766577,4.998795,-0.144386
627.8,4.767177,4.998706,-0.149534
627.9,4.767777,4.998614,-0.154674
628.0,4.768377,4.998519,-0.159805
628.1,4.768977,4.998421,-0.164928
628.2,4.769577,4.998319,-0.170042
628.3,4.770177,4.998214,-0.175147
628.4,4.770777,4.998107,-0.180242
628.5,4.771377,4.997996,-0.185327
628.6,4.771977,4.997882,-0.190403
628.7,4.772577,4.997764,-0.195468
628.8,4.773177,4.997644,-0.200523
628.9,4.773777,4.997521,-0.205567
629.0,4.774377,4.997394,-0.2106
629.1,4.774977,4.997264,-0.215622
629.2,4.775578,4.997131,-0.220633
629.3,4.776178,4.996995,-0.225632
629.4,4.776778,4.996856,-0.23062
629.5,4.777378,4.996713,-0.235595
629.6,4.777978,4.996567,-0.240558
629.7,4.778578,4.996419,-0.245509
629.8,4.779178,4.996267,-0.250447
629.9,4.779778,4.996112,-0.255372
630.0,4.780378,4.995953,-0.260285
630.1,4.780978,4.995792,-0.265184
630.2,4.781578,4.995627,-0.270069
630.3,4.782178,4.99546,-0.274941
630.4,4.782778,4.995289,-0.2798
630.5,4.783378,4.995115,-0.284644
630.6,4.783978,4.994938,-0.289474
630.7,4.784578,4.994757,-0.29429
630.8,4.785179,4.994574,-0.299092
630.9,4.785779,4.994387,-0.303879
631.0,4.786379,4.994198,-0.308651
631.1,4.786979,4.994005,-0.313408
631.2,4.787579,4.993809,-0.31815
631.3,4.788179,4.99361,-0.322877
631.4,4.788779,4.993407,-0.327588
631.5,4.789379,4.993202,-0.332284
631.6,4.789979,4.992993,-0.336965
631.7,4.790579,4.992781,-0.341629
631.8,4.791179,4.992566,-0.346278
631.9,4.791779,4.992348,-0.35091
632.0,4.792379,4.992127,-0.355527
632.1,4.792979,4.991903,-0.360127
632.2,4.793579,4.991675,-0.36471
632.3,4.794179,4.991444,-0.369278
632.4,4.794779,4.991211,-0.373828
632.5,4.79538,4.990974,-0.378362
632.6,4.79598,4.990734,-0.382879
632.7,4.79658,4.99049,-0.387379
632.8,4.79718,4.990244,-0.391862
632.9,4.79778,4.989994,-0.396328
633.0,4.79838,4.989742,-0.400777
633.1,4.79898,4.989486,-0.405209
633.2,4.79958,4.989227,-0.409623
633.3,4.80018,4.988965,-0.41402
633.4,4.80078,4.9887,-0.418399
633.5,4.80138,4.988431,-0.42276
633.6,4.80198,4.98816,-0.427104
633.7,4.80258,4.987885,-0.431431
633.8,4.80318,4.987607,-0.435739
633.9,4.80378,4.987326,-0.44003
634.0,4.80438,4.987042,-0.444303
634.1,4.80498,4.986755,-0.448558
634.2,4.805581,4.986465,-0.452795
634.3,4.806181,4.986171,-0.457014
634.4,4.806781,4.985874,-0.461215
634.5,4.807381,4.985575,-0.465398
634.6,4.807981,4.985272,-0.469562
634.7,4.808581,4.984966,-0.473709
634.8,4.809181,4.984656,-0.477837
634.9,4.809781,4.984344,-0.481947
635.0,4.810381,4.984029,-0.486039
635.1,4.810981,4.98371,-0.490113
635.2,4.811581,4.983388,-0.494168
635.3,4.812181,4.983064,-0.498205
635.4,4.812781,4.982736,-0.502224
635.5,4.813381,4.982404,-0.506224
635.6,4.813981,4.98207,-0.510206
635.7,4.814581,4.981733,-0.51417
635.8,4.815182,4.981392,-0.518115
635.9,4.815782,4.981049,-0.522042
636.0,4.816382,4.980702,-0.525951
636.1,4.816982,4.980352,-0.529841
636.2,4.817582,4.979999,-0.533713
636.3,4.818182,4.979643,-0.537567
636.4,4.818782,4.979284,-0.541402
636.5,4.819382,4.978921,-0.545219
636.6,4.819982,4.978556,-0.549018
636.7,4.820582,4.978187,-0.552799
636.8,4.821182,4.977815,-0.556561
636.9,4.821782,4.97744,-0.560305
637.0,4.822382,4.977062,-0.564031
637.1,4.822982,4.976681,-0.567738
637.2,4.823582,4.976297,-0.571428
637.3,4.824182,4.97591,-0.575099
637.4,4.824782,4.975519,-0.578752
637.5,4.825383,4.975125,-0.582387
637.6,4.825983,4.974729,-0.586004
637.7,4.826583,4.974329,-0.589603
637.8,4.827183,4.973926,-0.593184
637.9,4.827783,4.97352,-0.596748
638.0,4.828383,4.97311,-0.600293
638.1,4.828983,4.972698,-0.60382
638.2,4.829583,4.972283,-0.60733
638.3,4.830183,4.971864,-0.610822
638.4,4.830783,4.971442,-0.614296
638.5,4.831383,4.971018,-0.617752
638.6,4.831983,4.97059,-0.621191
638.7,4.832583,4.970159,-0.624612
638.8,4.833183,4.969725,-0.628016
638.9,4.833783,4.969287,-0.631402
639.0,4.834383,4.968847,-0.63477
639.1,4.834983,4.968403,-0.638122
639.2,4.835584,4.967957,-0.641456
639.3,4.836184,4.967507,-0.644772
639.4,4.836784,4.967054,-0.648072
639.5,4.837384,4.966599,-0.651354
639.6,4.837984,4.966139,-0.654619
639.7,4.838584,4.965677,-0.657868
639.8,4.839184,4.965212,-0.661099
639.9,4.839784,4.964744,-0.664313
640.0,4.840384,4.964272,-0.667511
640.1,4.840984,4.963798,-0.670691
640.2,4.841584,4.96332,-0.673855
640.3,4.842184,4.96284,-0.677002
640.4,4.842784,4.962356,-0.680133
640.5,4.843384,4.961869,-0.683247
640.6,4.843984,4.961379,-0.686345
640.7,4.844584,4.960886,-0.689426
640.8,4.845185,4.960389,-0.692491
640.9,4.845785,4.95989,-0.695539
641.0,4.846385,4.959388,-0.698572
641.1,4.846985,4.958882,-0.701588
641.2,4.847585,4.958374,-0.704588
641.3,4.848185,4.957862,-0.707572
641.4,4.848785,4.957347,-0.71054
641.5,4.849385,4.956829,-0.713493
641.6,4.849985,4.956308,-0.716429
641.7,4.850585,4.955784,-0.71935
641.8,4.851185,4.955257,-0.722255
641.9,4.851785,4.954727,-0.725145
642.0,4.852385,4.954193,-0.728019
642.1,4.852985,4.953657,-0.730877
642.2,4.853585,4.953118,-0.733721
642.3,4.854185,4.952575,-0.736549
642.4,4.854785,4.952029,-0.739362
642.5,4.855386,4.951481,-0.742159
642.6,4.855986,4.950929,-0.744942
642.7,4.856586,4.950374,-0.747709
642.8,4.857186,4.949816,-0.750462
642.9,4.857786,4.949255,-0.7532
643.0,4.858386,4.948691,-0.755923
643.1,4.858986,4.948123,-0.758632
643.2,4.859586,4.947553,-0.761325
643.3,4.860186,4.94698,-0.764005
643.4,4.860786,4.946403,-0.766669
643.5,4.861386,4.945824,-0.76932
643.6,4.861986,4.945241,-0.771956
643.7,4.862586,4.944655,-0.774577
643.8,4.863186,4.944067,-0.777185
643.9,4.863786,4.943475,-0.779779
644.0,4.864386,4.94288,-0.782358
644.1,4.864986,4.942282,-0.784924
644.2,4.865587,4.941681,-0.787475
644.3,4.866187,4.941077,-0.790013
644.4,4.866787,4.94047,-0.792538
644.5,4.867387,4.93986,-0.795048
644.6,4.867987,4.939246,-0.797545
644.7,4.868587,4.93863,-0.800028
644.8,4.869187,4.938011,-0.802499
644.9,4.869787,4.937388,-0.804955
645.0,4.870387,4.936763,-0.807399
645.1,4.870987,4.936134,-0.809829
645.2,4.871587,4.935502,-0.812246
645.3,4.872187,4.934868,-0.81465
645.4,4.872787,4.93423,-0.817041
645.5,4.873387,4.933589,-0.819419
645.6,4.873987,4.932945,-0.821785
645.7,4.874587,4.932298,-0.824137
645.8,4.875188,4.931648,-0.826477
645.9,4.875788,4.930995,-0.828804
646.0,4.876388,4.930339,-0.831119
646.1,4.876988,4.92968,-0.833421
646.2,4.877588,4.929018,-0.835711
646.3,4.878188,4.928353,-0.837989
646.4,4.878788,4.927684,-0.840254
646.5,4.879388,4.927013,-0.842507
646.6,4.879988,4.926339,-0.844748
646.7,4.880588,4.925661,-0.846977
646.8,4.881188,4.924981,-0.849194
646.9,4.881788,4.924297,-0.851399
647.0,4.882388,4.923611,-0.853593
647.1,4.882988,4.922921,-0.855774
647.2,4.883588,4.922229,-0.857944
647.3,4.884188,4.921533,-0.860102
647.4,4.884788,4.920834,-0.862249
647.5,4.885389,4.920133,-0.864384
647.6,4.885989,4.919428,-0.866508
647.7,4.886589,4.91872,-0.868621
647.8,4.887189,4.918009,-0.870722
647.9,4.887789,4.917296,-0.872812
648.0,4.888389,4.916579,-0.874891
648.1,4.888989,4.915859,-0.876958
648.2,4.889589,4.915136,-0.879015
648.3,4.890189,4.91441,-0.881061
648.4,4.890789,4.913681,-0.883096
648.5,4.891389,4.912949,-0.88512
648.6,4.891989,4.912214,-0.887134
648.7,4.892589,4.911476,-0.889136
648.8,4.893189,4.910735,-0.891128
648.9,4.893789,4.909991,-0.89311
649.0,4.894389,4.909244,-0.895081
649.1,4.894989,4.908494,-0.897042
649.2,4.89559,4.907741,-0.898992
649.3,4.89619,4.906985,-0.900932
649.4,4.89679,4.906225,-0.902862
649.5,4.89739,4.905463,-0.904782
649.6,4.89799,4.904698,-0.906692
649.7,4.89859,4.90393,-0.908591
649.8,4.89919,4.903159,-0.910481
649.9,4.89979,4.902385,-0.91236
650.0,4.90039,4.901608,-0.91423
650.1,4.90099,4.900827,-0.91609
650.2,4.90159,4.900044,-0.917941
650.3,4.90219,4.899258,-0.919781
650.4,4.90279,4.898469,-0.921612
650.5,4.90339,4.897677,-0.923434
650.6,4.90399,4.896881,-0.925246
650.7,4.90459,4.896083,-0.927048
650.8,4.905191,4.895282,-0.928842
650.9,4.905791,4.894478,-0.930625
651.0,4.906391,4.893671,-0.9324
651.1,4.906991,4.892861,-0.934165
651.2,4.907591,4.892048,-0.935922
651.3,4.908191,4.891231,-0.937669
651.4,4.908791,4.890412,-0.939407
651.5,4.909391,4.88959,-0.941136
651.6,4.909991,4.888765,-0.942857
651.7,4.910591,4.887937,-0.944568
651.8,4.911191,4.887106,-0.946271
651.9,4.911791,4.886272,-0.947964
652.0,4.912391,4.885435,-0.94965
652.1,4.912991,4.884595,-0.951326
652.2,4.913591,4.883752,-0.952994
652.3,4.914191,4.882906,-0.954653
652.4,4.914791,4.882057,-0.956304
652.5,4.915392,4.881205,-0.957947
652.6,4.915992,4.88035,-0.959581
652.7,4.916592,4.879493,-0.961207
652.8,4.917192,4.878632,-0.962824
652.9,4.917792,4.877768,-0.964433
653.0,4.918392,4.876901,-0.966035
653.1,4.918992,4.876032,-0.967628
653.2,4.919592,4.875159,-0.969212
653.3,4.920192,4.874283,-0.970789
653.4,4.920792,4.873405,-0.972358
653.5,4.921392,4.872523,-0.973919
653.6,4.921992,4.871639,-0.975472
653.7,4.922592,4.870751,-0.977018
653.8,4.923192,4.869861,-0.978555
653.9,4.923792,4.868968,-0.980085
654.0,4.924392,4.868071,-0.981607
654.1,4.924992,4.867172,-0.983122
654.2,4.925593,4.86627,-0.984629
654.3,4.926193,4.865365,-0.986128
654.4,4.926793,4.864457,-0.98762
654.5,4.927393,4.863546,-0.989105
654.6,4.927993,4.862632,-0.990582
654.7,4.928593,4.861715,-0.992051
654.8,4.929193,4.860795,-0.993514
654.9,4.929793,4.859872,-0.994969
655.0,4.930393,4.858946,-0.996417
655.1,4.930993,4.858018,-0.997858
655.2,4.931593,4.857086,-0.999291
655.3,4.932193,4.856151,-1.000718
655.4,4.932793,4.855214,-1.002138
655.5,4.933393,4.854274,-1.00355
655.6,4.933993,4.85333,-1.004956
655.7,4.934593,4.852384,-1.006354
655.8,4.935194,4.851435,-1.007746
655.9,4.935794,4.850483,-1.009131
656.0,4.936394,4.849528,-1.01051
656.1,4.936994,4.84857,-1.011881
656.2,4.937594,4.847609,-1.013246
656.3,4.938194,4.846645,-1.014604
656.4,4.938794,4.845678,-1.015956
656.5,4.939394,4.844709,-1.017301
656.6,4.939994,4.843736,-1.018639
656.7,4.940594,4.842761,-1.019971
656.8,4.941194,4.841782,-1.021297
656.9,4.941794,4.840801,-1.022616
657.0,4.942394,4.839817,-1.023928
657.1,4.942994,4.83883,-1.025235
657.2,4.943594,4.83784,-1.026535
657.3,4.944194,4.836847,-1.027829
657.4,4.944794,4.835851,-1.029116
657.5,4.945395,4.834852,-1.030398
657.6,4.945995,4.833851,-1.031673
657.7,4.946595,4.832846,-1.032942
657.8,4.947195,4.831839,-1.034205
657.9,4.947795,4.830829,-1.035462
658.0,4.948395,4.829815,-1.036713
658.1,4.948995,4.828799,-1.037958
658.2,4.949595,4.82778,-1.039198
658.3,4.950195,4.826759,-1.040431
658.4,4.950795,4.825734,-1.041658
658.5,4.951395,4.824706,-1.04288
658.6,4.951995,4.823676,-1.044096
658.7,4.952595,4.822642,-1.045306
658.8,4.953195,4.821606,-1.04651
658.9,4.953795,4.820567,-1.047709
659.0,4.954395,4.819525,-1.048902
659.1,4.954995,4.81848,-1.05009
659.2,4.955596,4.817432,-1.051271
659.3,4.956196,4.816382,-1.052448
659.4,4.956796,4.815328,-1.053619
659.5,4.957396,4.814272,-1.054784
659.6,4.957996,4.813213,-1.055944
659.7,4.958596,4.812151,-1.057098
659.8,4.959196,4.811086,-1.058247
659.9,4.959796,4.810018,-1.059391
660.0,4.960396,4.808947,-1.06053
660.1,4.960996,4.807874,-1.061663
660.2,4.961596,4.806797,-1.062791
660.3,4.962196,4.805718,-1.063914
660.4,4.962796,4.804636,-1.065031
660.5,4.963396,4.803551,-1.066143
660.6,4.963996,4.802463,-1.067251
660.7,4.964596,4.801373,-1.068353
660.8,4.965197,4.800279,-1.06945
660.9,4.965797,4.799183,-1.070542
661.0,4.966397,4.798084,-1.071629
661.1,4.966997,4.796982,-1.072711
661.2,4.967597,4.795877,-1.073788
661.3,4.968197,4.794769,-1.07486
661.4,4.968797,4.793659,-1.075927
661.5,4.969397,4.792545,-1.07699
661.6,4.969997,4.791429,-1.078047
661.7,4.970597,4.79031,-1.0791
661.8,4.971197,4.789188,-1.080148
661.9,4.971797,4.788064,-1.081191
662.0,4.972397,4.786936,-1.08223
662.1,4.972997,4.785806,-1.083264
662.2,4.973597,4.784673,-1.084293
662.3,4.974197,4.783537,-1.085318
662.4,4.974797,4.782398,-1.086337
662.5,4.975398,4.781256,-1.087353
662.6,4.975998,4.780112,-1.088364
662.7,4.976598,4.778965,-1.08937
662.8,4.977198,4.777815,-1.090371
662.9,4.977798,4.776662,-1.091369
663.0,4.978398,4.775506,-1.092362
663.1,4.978998,4.774348,-1.09335
663.2,4.979598,4.773187,-1.094334
663.3,4.980198,4.772023,-1.095313
663.4,4.980798,4.770856,-1.096289
663.5,4.981398,4.769686,-1.09726
663.6,4.981998,4.768514,-1.098226
663.7,4.982598,4.767339,-1.099188
663.8,4.983198,4.766161,-1.100147
663.9,4.983798,4.76498,-1.1011
664.0,4.984398,4.763796,-1.10205
664.1,4.984998,4.76261,-1.102995
664.2,4.985599,4.761421,-1.103937
664.3,4.986199,4.760229,-1.104874
664.4,4.986799,4.759034,-1.105807
664.5,4.987399,4.757837,-1.106736
664.6,4.987999,4.756636,-1.107661
664.7,4.988599,4.755433,-1.108582
664.8,4.989199,4.754227,-1.109498
664.9,4.989799,4.753019,-1.110411
665.0,4.990399,4.751807,-1.11132
665.1,4.990999,4.750593,-1.112225
665.2,4.991599,4.749376,-1.113126
665.3,4.992199,4.748157,-1.114023
665.4,4.992799,4.746934,-1.114916
665.5,4.993399,4.745709,-1.115805
665.6,4.993999,4.744481,-1.116691
665.7,4.994599,4.743251,-1.117573
665.8,4.9952,4.742017,-1.11845
665.9,4.9958,4.740781,-1.119324
666.0,4.9964,4.739542,-1.120195
666.1,4.997,4.7383,-1.121061
666.2,4.9976,4.737056,-1.121924
666.3,4.9982,4.735809,-1.122783
666.4,4.9988,4.734559,-1.123639
666.5,4.9994,4.733306,-1.124491
666.6,5.0,4.732051,-1.125339
666.7,5.0006,4.730793,-1.126183
666.8,5.0012,4.729532,-1.127024
666.9,5.0018,4.728268,-1.127862
667.0,5.0024,4.727002,-1.128696
667.1,5.003,4.725733,-1.129526
667.2,5.0036,4.724461,-1.130353
667.3,5.0042,4.723187,-1.131176
667.4,5.0048,4.721909,-1.131996
667.5,5.005401,4.720629,-1.132812
667.6,5.006001,4.719347,-1.133625
667.7,5.006601,4.718061,-1.134435
667.8,5.007201,4.716773,-1.135241
667.9,5.007801,4.715482,-1.136043
668.0,5.008401,4.714189,-1.136843
668.1,5.009001,4.712893,-1.137639
668.2,5.009601,4.711594,-1.138432
668.3,5.010201,4.710292,-1.139221
668.4,5.010801,4.708988,-1.140007
668.5,5.011401,4.707681,-1.14079
668.6,5.012001,4.706371,-1.141569
668.7,5.012601,4.705059,-1.142346
668.8,5.013201,4.703744,-1.143119
668.9,5.013801,4.702426,-1.143888
669.0,5.014401,4.701105,-1.144655
669.1,5.015002,4.699782,-1.145419
669.2,5.015602,4.698456,-1.146179
669.3,5.016202,4.697128,-1.146936
669.4,5.016802,4.695796,-1.14769
669.5,5.017402,4.694463,-1.148441
669.6,5.018002,4.693126,-1.149189
669.7,5.018602,4.691787,-1.149934
669.8,5.019202,4.690445,-1.150675
669.9,5.019802,4.6891,-1.151414
670.0,5.020402,4.687753,-1.15215
670.1,5.021002,4.686403,-1.152883
670.2,5.021602,4.68505,-1.153612
670.3,5.022202,4.683695,-1.154339
670.4,5.022802,4.682337,-1.155063
670.5,5.023402,4.680977,-1.155783
670.6,5.024002,4.679613,-1.156501
670.7,5.024602,4.678247,-1.157216
670.8,5.025203,4.676879,-1.157928
670.9,5.025803,4.675508,-1.158637
671.0,5.026403,4.674134,-1.159344
671.1,5.027003,4.672757,-1.160047
671.2,5.027603,4.671378,-1.160748
671.3,5.028203,4.669997,-1.161445
671.4,5.028803,4.668612,-1.16214
671.5,5.029403,4.667225,-1.162832
671.6,5.030003,4.665836,-1.163522
671.7,5.030603,4.664443,-1.164208
671.8,5.031203,4.663048,-1.164892
671.9,5.031803,4.661651,-1.165573
672.0,5.032403,4.660251,-1.166252
672.1,5.033003,4.658848,-1.166927
672.2,5.033603,4.657442,-1.1676
672.3,5.034203,4.656034,-1.168271
672.4,5.034803,4.654624,-1.168938
672.5,5.035404,4.65321,-1.169603
672.6,5.036004,4.651795,-1.170265
672.7,5.036604,4.650376,-1.170925
672.8,5.037204,4.648955,-1.171582
672.9,5.037804,4.647531,-1.172237
673.0,5.038404,4.646105,-1.172889
673.1,5.039004,4.644676,-1.173538
673.2,5.039604,4.643245,-1.174184
673.3,5.040204,4.641811,-1.174829
673.4,5.040804,4.640374,-1.17547
673.5,5.041404,4.638935,-1.176109
673.6,5.042004,4.637493,-1.176746
673.7,5.042604,4.636048,-1.17738
673.8,5.043204,4.634601,-1.178012
673.9,5.043804,4.633152,-1.178641
674.0,5.044404,4.631699,-1.179267
674.1,5.045005,4.630245,-1.179892
674.2,5.045605,4.628787,-1.180513
674.3,5.046205,4.627327,-1.181133
674.4,5.046805,4.625865,-1.18175
674.5,5.047405,4.6244,-1.182364
674.6,5.048005,4.622932,-1.182976
674.7,5.048605,4.621462,-1.183586
674.8,5.049205,4.619989,-1.184193
674.9,5.049805,4.618514,-1.184798
675.0,5.050405,4.617036,-1.185401
675.1,5.051005,4.615556,-1.186001
675.2,5.051605,4.614073,-1.186599
675.3,5.052205,4.612587,-1.187195
675.4,5.052805,4.611099,-1.187788
675.5,5.053405,4.609609,-1.18838
675.6,5.054005,4.608115,-1.188968
675.7,5.054605,4.60662,-1.189555
675.8,5.055206,4.605122,-1.190139
675.9,5.055806,4.603621,-1.190721
676.0,5.056406,4.602117,-1.191301
676.1,5.057006,4.600612,-1.191879
676.2,5.057606,4.599103,-1.192454
676.3,5.058206,4.597592,-1.193027
676.4,5.058806,4.596079,-1.193598
676.5,5.059406,4.594563,-1.194167
676.6,5.060006,4.593045,-1.194734
676.7,5.060606,4.591524,-1.195298
676.8,5.061206,4.59,-1.195861
676.9,5.061806,4.588474,-1.196421
677.0,5.062406,4.586946,-1.196979
677.1,5.063006,4.585415,-1.197535
677.2,5.063606,4.583881,-1.198089
677.3,5.064206,4.582345,-1.198641
677.4,5.064806,4.580807,-1.19919
677.5,5.065407,4.579266,-1.199738
677.6,5.066007,4.577722,-1.200283
677.7,5.066607,4.576176,-1.200827
677.8,5.067207,4.574628,-1.201368
677.9,5.067807,4.573077,-1.201908
678.0,5.068407,4.571523,-1.202445
678.1,5.069007,4.569967,-1.20298
678.2,5.069607,4.568409,-1.203514
678.3,5.070207,4.566848,-1.204045
678.4,5.070807,4.565285,-1.204574
678.5,5.071407,4.563719,-1.205101
678.6,5.072007,4.562151,-1.205627
678.7,5.072607,4.56058,-1.20615
678.8,5.073207,4.559007,-1.206672
678.9,5.073807,4.557431,-1.207191
679.0,5.074407,4.555853,-1.207709
679.1,5.075008,4.554272,-1.208224
679.2,5.075608,4.552689,-1.208738
679.3,5.076208,4.551104,-1.20925
679.4,5.076808,4.549516,-1.20976
679.5,5.077408,4.547925,-1.210268
679.6,5.078008,4.546332,-1.210774
679.7,5.078608,4.544737,-1.211278
679.8,5.079208,4.543139,-1.21178
679.9,5.079808,4.541539,-1.212281
680.0,5.080408,4.539936,-1.212779
680.1,5.081008,4.538331,-1.213276
680.2,5.081608,4.536724,-1.213771
680.3,5.082208,4.535114,-1.214264
680.4,5.082808,4.533502,-1.214756
680.5,5.083408,4.531887,-1.215245
680.6,5.084008,4.53027,-1.215733
680.7,5.084608,4.52865,-1.216219
680.8,5.085209,4.527028,-1.216703
680.9,5.085809,4.525404,-1.217185
681.0,5.086409,4.523777,-1.217666
681.1,5.087009,4.522148,-1.218145
681.2,5.087609,4.520516,-1.218622
681.3,5.088209,4.518882,-1.219097
681.4,5.088809,4.517246,-1.219571
681.5,5.089409,4.515607,-1.220043
681.6,5.090009,4.513965,-1.220513
681.7,5.090609,4.512322,-1.220981
681.8,5.091209,4.510676,-1.221448
681.9,5.091809,4.509027,-1.221913
682.0,5.092409,4.507377,-1.222376
682.1,5.093009,4.505724,-1.222838
682.2,5.093609,4.504068,-1.223298
682.3,5.094209,4.50241,-1.223756
682.4,5.094809,4.50075,-1.224213
682.5,5.09541,4.499087,-1.224668
682.6,5.09601,4.497422,-1.225121
682.7,5.09661,4.495755,-1.225573
682.8,5.09721,4.494085,-1.226023
682.9,5.09781,4.492413,-1.226471
683.0,5.09841,4.490738,-1.226918
683.1,5.09901,4.489062,-1.227363
683.2,5.09961,4.487382,-1.227807
683.3,5.10021,4.485701,-1.228249
683.4,5.10081,4.484017,-1.228689
683.5,5.10141,4.482331,-1.229128
683.6,5.10201,4.480642,-1.229565
683.7,5.10261,4.478951,-1.230001
683.8,5.10321,4.477258,-1.230435
683.9,5.10381,4.475563,-1.230868
684.0,5.10441,4.473865,-1.231299
684.1,5.105011,4.472164,-1.231728
684.2,5.105611,4.470462,-1.232156
684.3,5.106211,4.468757,-1.232582
684.4,5.106811,4.46705,-1.233007
684.5,5.107411,4.46534,-1.23343
684.6,5.108011,4.463628,-1.233852
684.7,5.108611,4.461914,-1.234273
684.8,5.109211,4.460198,-1.234691
684.9,5.109811,4.458479,-1.235109
685.0,5.110411,4.456758,-1.235525
685.1,5.111011,4.455035,-1.235939
685.2,5.111611,4.453309,-1.236352
685.3,5.112211,4.451581,-1.236763
685.4,5.112811,4.449851,-1.237173
685.5,5.113411,4.448118,-1.237582
685.6,5.114011,4.446384,-1.237989
685.7,5.114611,4.444646,-1.238394
685.8,5.115212,4.442907,-1.238799
685.9,5.115812,4.441165,-1.239201
686.0,5.116412,4.439421,-1.239603
686.1,5.117012,4.437675,-1.240003
686.2,5.117612,4.435927,-1.240401
686.3,5.118212,4.434176,-1.240798
686.4,5.118812,4.432423,-1.241194
686.5,5.119412,4.430668,-1.241588
686.6,5.120012,4.42891,-1.241981
686.7,5.120612,4.42715,-1.242373
686.8,5.121212,4.425388,-1.242763
686.9,5.121812,4.423624,-1.243151
687.0,5.122412,4.421857,-1.243539
687.1,5.123012,4.420089,-1.243925
687.2,5.123612,4.418318,-1.24431
687.3,5.124212,4.416544,-1.244693
687.4,5.124812,4.414769,-1.245075
687.5,5.125413,4.412991,-1.245456
687.6,5.126013,4.411211,-1.245835
687.7,5.126613,4.409429,-1.246213
687.8,5.127213,4.407644,-1.246589
687.9,5.127813,4.405858,-1.246965
688.0,5.128413,4.404069,-1.247339
688.1,5.129013,4.402278,-1.247712
688.2,5.129613,4.400485,-1.248083
688.3,5.130213,4.398689,-1.248453
688.4,5.130813,4.396891,-1.248822
688.5,5.131413,4.395091,-1.249189
688.6,5.132013,4.393289,-1.249556
688.7,5.132613,4.391485,-1.249921
688.8,5.133213,4.389678,-1.250284
688.9,5.133813,4.38787,-1.250647
689.0,5.134413,4.386059,-1.251008
689.1,5.135014,4.384246,-1.251368
689.2,5.135614,4.38243,-1.251727
689.3,5.136214,4.380613,-1.252084
689.4,5.136814,4.378793,-1.25244
689.5,5.137414,4.376971,-1.252795
689.6,5.138014,4.375147,-1.253149
689.7,5.138614,4.373321,-1.253501
689.8,5.139214,4.371493,-1.253853
689.9,5.139814,4.369662,-1.254203
690.0,5.140414,4.367829,-1.254551
690.1,5.141014,4.365995,-1.254899
690.2,5.141614,4.364158,-1.255246
690.3,5.142214,4.362318,-1.255591
690.4,5.142814,4.360477,-1.255935
690.5,5.143414,4.358634,-1.256278
690.6,5.144014,4.356788,-1.256619
690.7,5.144614,4.35494,-1.25696
690.8,5.145215,4.35309,-1.257299
690.9,5.145815,4.351238,-1.257637
691.0,5.146415,4.349384,-1.257974
691.1,5.147015,4.347528,-1.25831
691.2,5.147615,4.345669,-1.258645
691.3,5.148215,4.343809,-1.258978
691.4,5.148815,4.341946,-1.25931
691.5,5.149415,4.340081,-1.259642
691.6,5.150015,4.338215,-1.259972
691.7,5.150615,4.336345,-1.260301
691.8,5.151215,4.334474,-1.260628
691.9,5.151815,4.332601,-1.260955
692.0,5.152415,4.330726,-1.261281
692.1,5.153015,4.328848,-1.261605
692.2,5.153615,4.326969,-1.261928
692.3,5.154215,4.325087,-1.26225
692.4,5.154815,4.323203,-1.262572
692.5,5.155416,4.321318,-1.262892
692.6,5.156016,4.31943,-1.26321
692.7,5.156616,4.31754,-1.263528
692.8,5.157216,4.315648,-1.263845
692.9,5.157816,4.313753,-1.264161
693.0,5.158416,4.311857,-1.264475
693.1,5.159016,4.309959,-1.264789
693.2,5.159616,4.308059,-1.265101
693.3,5.160216,4.306156,-1.265412
693.4,5.160816,4.304252,-1.265722
693.5,5.161416,4.302345,-1.266032
693.6,5.162016,4.300436,-1.26634
693.7,5.162616,4.298526,-1.266647
693.8,5.163216,4.296613,-1.266953
693.9,5.163816,4.294698,-1.267258
694.0,5.164416,4.292781,-1.267562
694.1,5.165017,4.290863,-1.267865
694.2,5.165617,4.288942,-1.268167
694.3,5.166217,4.287019,-1.268467
694.4,5.166817,4.285094,-1.268767
694.5,5.167417,4.283167,-1.269066
694.6,5.168017,4.281238,-1.269364
694.7,5.168617,4.279307,-1.269661
694.8,5.169217,4.277374,-1.269956
694.9,5.169817,4.275439,-1.270251
695.0,5.170417,4.273501,-1.270545
695.1,5.171017,4.271562,-1.270837
695.2,5.171617,4.269621,-1.271129
695.3,5.172217,4.267678,-1.27142
695.4,5.172817,4.265733,-1.27171
695.5,5.173417,4.263786,-1.271998
695.6,5.174017,4.261837,-1.272286
695.7,5.174617,4.259886,-1.272573
695.8,5.175218,4.257933,-1.272859
695.9,5.175818,4.255977,-1.273144
696.0,5.176418,4.25402,-1.273427
696.1,5.177018,4.252061,-1.27371
696.2,5.177618,4.2501,-1.273992
696.3,5.178218,4.248137,-1.274273
696.4,5.178818,4.246172,-1.274553
696.5,5.179418,4.244205,-1.274832
696.6,5.180018,4.242236,-1.27511
696.7,5.180618,4.240266,-1.275388
696.8,5.181218,4.238293,-1.275664
696.9,5.181818,4.236318,-1.275939
697.0,5.182418,4.234341,-1.276213
697.1,5.183018,4.232363,-1.276487
697.2,5.183618,4.230382,-1.276759
697.3,5.184218,4.228399,-1.277031
697.4,5.184818,4.226415,-1.277302
697.5,5.185419,4.224428,-1.277571
697.6,5.186019,4.22244,-1.27784
697.7,5.186619,4.22045,-1.278108
697.8,5.187219,4.218457,-1.278375
697.9,5.187819,4.216463,-1.278641
698.0,5.188419,4.214467,-1.278906
698.1,5.189019,4.212469,-1.27917
698.2,5.189619,4.210469,-1.279434
698.3,5.190219,4.208467,-1.279696
698.4,5.190819,4.206464,-1.279958
698.5,5.191419,4.204458,-1.280218
698.6,5.192019,4.20245,-1.280478
698.7,5.192619,4.200441,-1.280737
698.8,5.193219,4.19843,-1.280995
698.9,5.193819,4.196416,-1.281252
699.0,5.194419,4.194401,-1.281509
699.1,5.19502,4.192384,-1.281764
699.2,5.19562,4.190365,-1.282019
699.3,5.19622,4.188344,-1.282272
699.4,5.19682,4.186322,-1.282525
699.5,5.19742,4.184297,-1.282777
699.6,5.19802,4.182271,-1.283028
699.7,5.19862,4.180243,-1.283278
699.8,5.19922,4.178212,-1.283528
699.9,5.19982,4.17618,-1.283776
700.0,5.20042,4.174147,-1.284024
700.1,5.20102,4.172111,-1.284271
700.2,5.20162,4.170073,-1.284517
700.3,5.20222,4.168034,-1.284762
700.4,5.20282,4.165993,-1.285006
700.5,5.20342,4.16395,-1.28525
700.6,5.20402,4.161905,-1.285492
700.7,5.20462,4.159858,-1.285734
700.8,5.205221,4.157809,-1.285975
700.9,5.205821,4.155759,-1.286216
701.0,5.206421,4.153707,-1.286455
701.1,5.207021,4.151653,-1.286694
701.2,5.207621,4.149597,-1.286931
701.3,5.208221,4.147539,-1.287168
701.4,5.208821,4.145479,-1.287404
701.5,5.209421,4.143418,-1.28764
701.6,5.210021,4.141355,-1.287874
701.7,5.210621,4.13929,-1.288108
701.8,5.211221,4.137223,-1.288341
701.9,5.211821,4.135155,-1.288573
702.0,5.212421,4.133084,-1.288804
702.1,5.213021,4.131012,-1.289035
702.2,5.213621,4.128938,-1.289265
702.3,5.214221,4.126863,-1.289494
702.4,5.214821,4.124785,-1.289722
702.5,5.215422,4.122706,-1.289949
702.6,5.216022,4.120625,-1.290176
702.7,5.216622,4.118542,-1.290402
702.8,5.217222,4.116458,-1.290627
702.9,5.217822,4.114371,-1.290851
703.0,5.218422,4.112283,-1.291075
703.1,5.219022,4.110193,-1.291297
703.2,5.219622,4.108102,-1.291519
703.3,5.220222,4.106008,-1.291741
703.4,5.220822,4.103913,-1.291961
703.5,5.221422,4.101816,-1.292181
703.6,5.222022,4.099718,-1.2924
703.7,5.222622,4.097618,-1.292618
703.8,5.223222,4.095516,-1.292836
703.9,5.223822,4.093412,-1.293052
704.0,5.224422,4.091306,-1.293268
704.1,5.225023,4.089199,-1.293484
704.2,5.225623,4.08709,-1.293698
704.3,5.226223,4.084979,-1.293912
704.4,5.226823,4.082867,-1.294125
704.5,5.227423,4.080753,-1.294337
704.6,5.228023,4.078637,-1.294549
704.7,5.228623,4.07652,-1.29476
704.8,5.229223,4.0744,-1.29497
704.9,5.229823,4.07228,-1.295179
705.0,5.230423,4.070157,-1.295388
705.1,5.231023,4.068033,-1.295596
705.2,5.231623,4.065907,-1.295803
705.3,5.232223,4.063779,-1.29601
705.4,5.232823,4.06165,-1.296215
705.5,5.233423,4.059519,-1.29642
705.6,5.234023,4.057386,-1.296625
705.7,5.234623,4.055252,-1.296828
705.8,5.235224,4.053116,-1.297031
705.9,5.235824,4.050978,-1.297234
706.0,5.236424,4.048839,-1.297435
706.1,5.237024,4.046698,-1.297636
706.2,5.237624,4.044555,-1.297836
706.3,5.238224,4.042411,-1.298036
706.4,5.238824,4.040265,-1.298235
706.5,5.239424,4.038117,-1.298433
706.6,5.240024,4.035968,-1.29863
706.7,5.240624,4.033817,-1.298827
706.8,5.241224,4.031665,-1.299023
706.9,5.241824,4.029511,-1.299218
707.0,5.242424,4.027355,-1.299413
707.1,5.243024,4.025197,-1.299607
707.2,5.243624,4.023038,-1.2998
707.3,5.244224,4.020878,-1.299993
707.4,5.244824,4.018716,-1.300185
707.5,5.245425,4.016552,-1.300376
707.6,5.246025,4.014386,-1.300566
707.7,5.246625,4.012219,-1.300756
707.8,5.247225,4.010051,-1.300946
707.9,5.247825,4.00788,-1.301134
708.0,5.248425,4.005709,-1.301322
708.1,5.249025,4.003535,-1.30151
708.2,5.249625,4.00136,-1.301696
708.3,5.250225,3.999184,-1.301882
708.4,5.250825,3.997005,-1.302067
708.5,5.251425,3.994826,-1.302252
708.6,5.252025,3.992644,-1.302436
708.7,5.252625,3.990462,-1.30262
708.8,5.253225,3.988277,-1.302802
708.9,5.253825,3.986091,-1.302984
709.0,5.254425,3.983904,-1.303166
709.1,5.255026,3.981714,-1.303347
709.2,5.255626,3.979524,-1.303527
709.3,5.256226,3.977332,-1.303706
709.4,5.256826,3.975138,-1.303885
709.5,5.257426,3.972943,-1.304063
709.6,5.258026,3.970746,-1.304241
709.7,5.258626,3.968547,-1.304418
709.8,5.259226,3.966347,-1.304594
709.9,5.259826,3.964146,-1.30477
710.0,5.260426,3.961943,-1.304945
710.1,5.261026,3.959739,-1.30512
710.2,5.261626,3.957533,-1.305293
710.3,5.262226,3.955325,-1.305467
710.4,5.262826,3.953116,-1.305639
710.5,5.263426,3.950906,-1.305811
710.6,5.264026,3.948694,-1.305983
710.7,5.264626,3.94648,-1.306153
710.8,5.265227,3.944265,-1.306323
710.9,5.265827,3.942049,-1.306493
711.0,5.266427,3.939831,-1.306662
711.1,5.267027,3.937611,-1.30683
711.2,5.267627,3.93539,-1.306998
711.3,5.268227,3.933168,-1.307165
711.4,5.268827,3.930944,-1.307331
711.5,5.269427,3.928719,-1.307497
711.6,5.270027,3.926492,-1.307663
711.7,5.270627,3.924264,-1.307827
711.8,5.271227,3.922034,-1.307991
711.9,5.271827,3.919803,-1.308155
712.0,5.272427,3.91757,-1.308318
712.1,5.273027,3.915336,-1.30848
712.2,5.273627,3.9131,-1.308642
712.3,5.274227,3.910863,-1.308803
712.4,5.274827,3.908625,-1.308964
712.5,5.275428,3.906385,-1.309123
712.6,5.276028,3.904144,-1.309283
712.7,5.276628,3.901901,-1.309442
712.8,5.277228,3.899657,-1.3096
712.9,5.277828,3.897411,-1.309757
713.0,5.278428,3.895164,-1.309915
713.1,5.279028,3.892916,-1.310071
713.2,5.279628,3.890666,-1.310227
713.3,5.280228,3.888415,-1.310382
713.4,5.280828,3.886162,-1.310537
713.5,5.281428,3.883908,-1.310691
713.6,5.282028,3.881653,-1.310845
713.7,5.282628,3.879396,-1.310998
713.8,5.283228,3.877138,-1.31115
713.9,5.283828,3.874878,-1.311302
714.0,5.284428,3.872617,-1.311453
714.1,5.285029,3.870355,-1.311604
714.2,5.285629,3.868091,-1.311754
714.3,5.286229,3.865826,-1.311904
714.4,5.286829,3.863559,-1.312053
714.5,5.287429,3.861292,-1.312202
714.6,5.288029,3.859022,-1.31235
714.7,5.288629,3.856752,-1.312497
714.8,5.289229,3.85448,-1.312644
714.9,5.289829,3.852207,-1.31279
715.0,5.290429,3.849932,-1.312936
715.1,5.291029,3.847656,-1.313081
715.2,5.291629,3.845379,-1.313226
715.3,5.292229,3.8431,-1.31337
715.4,5.292829,3.84082,-1.313514
715.5,5.293429,3.838539,-1.313657
715.6,5.294029,3.836256,-1.313799
715.7,5.294629,3.833973,-1.313941
715.8,5.29523,3.831687,-1.314082
715.9,5.29583,3.829401,-1.314223
716.0,5.29643,3.827113,-1.314364
716.1,5.29703,3.824824,-1.314503
716.2,5.29763,3.822533,-1.314643
716.3,5.29823,3.820242,-1.314781
716.4,5.29883,3.817948,-1.314919
716.5,5.29943,3.815654,-1.315057
716.6,5.30003,3.813358,-1.315194
716.7,5.30063,3.811062,-1.315331
716.8,5.30123,3.808763,-1.315467
716.9,5.30183,3.806464,-1.315602
717.0,5.30243,3.804163,-1.315737
717.1,5.30303,3.801861,-1.315872
717.2,5.30363,3.799558,-1.316006
717.3,5.30423,3.797253,-1.316139
717.4,5.30483,3.794947,-1.316272
717.5,5.305431,3.79264,-1.316405
717.6,5.306031,3.790332,-1.316536
717.7,5.306631,3.788022,-1.316668
717.8,5.307231,3.785712,-1.316799
717.9,5.307831,3.7834,-1.316929
718.0,5.308431,3.781086,-1.317059
718.1,5.309031,3.778772,-1.317188
718.2,5.309631,3.776456,-1.317317
718.3,5.310231,3.774139,-1.317445
718.4,5.310831,3.771821,-1.317573
718.5,5.311431,3.769501,-1.3177
718.6,5.312031,3.767181,-1.317827
718.7,5.312631,3.764859,-1.317953
718.8,5.313231,3.762536,-1.318079
718.9,5.313831,3.760212,-1.318204
719.0,5.314431,3.757886,-1.318329
719.1,5.315032,3.755559,-1.318453
719.2,5.315632,3.753232,-1.318577
719.3,5.316232,3.750902,-1.3187
719.4,5.316832,3.748572,-1.318823
719.5,5.317432,3.746241,-1.318945
719.6,5.318032,3.743908,-1.319067
719.7,5.318632,3.741574,-1.319188
719.8,5.319232,3.73924,-1.319309
719.9,5.319832,3.736903,-1.319429
720.0,5.320432,3.734566,-1.319549
720.1,5.321032,3.732228,-1.319668
720.2,5.321632,3.729888,-1.319787
720.3,5.322232,3.727547,-1.319905
720.4,5.322832,3.725205,-1.320023
720.5,5.323432,3.722862,-1.32014
720.6,5.324032,3.720518,-1.320257
720.7,5.324632,3.718173,-1.320373
720.8,5.325233,3.715827,-1.320489
720.9,5.325833,3.713479,-1.320604
721.0,5.326433,3.71113,-1.320719
721.1,5.327033,3.70878,-1.320834
721.2,5.327633,3.706429,-1.320948
721.3,5.328233,3.704077,-1.321061
721.4,5.328833,3.701724,-1.321174
721.5,5.329433,3.69937,-1.321286
721.6,5.330033,3.697015,-1.321398
721.7,5.330633,3.694658,-1.32151
721.8,5.331233,3.6923,-1.321621
721.9,5.331833,3.689942,-1.321732
722.0,5.332433,3.687582,-1.321842
722.1,5.333033,3.685221,-1.321951
722.2,5.333633,3.682859,-1.322061
722.3,5.334233,3.680496,-1.322169
722.4,5.334833,3.678132,-1.322277
722.5,5.335434,3.675767,-1.322385
722.6,5.336034,3.673401,-1.322493
722.7,5.336634,3.671033,-1.322599
722.8,5.337234,3.668665,-1.322706
722.9,5.337834,3.666296,-1.322812
723.0,5.338434,3.663925,-1.322917
723.1,5.339034,3.661554,-1.323022
723.2,5.339634,3.659181,-1.323126
723.3,5.340234,3.656807,-1.323231
723.4,5.340834,3.654433,-1.323334
723.5,5.341434,3.652057,-1.323437
723.6,5.342034,3.64968,-1.32354
723.7,5.342634,3.647303,-1.323642
723.8,5.343234,3.644924,-1.323744
723.9,5.343834,3.642544,-1.323845
724.0,5.344434,3.640163,-1.323946
724.1,5.345035,3.637782,-1.324046
724.2,5.345635,3.635399,-1.324146
724.3,5.346235,3.633015,-1.324246
724.4,5.346835,3.63063,-1.324345
724.5,5.347435,3.628244,-1.324443
724.6,5.348035,3.625858,-1.324541
724.7,5.348635,3.62347,-1.324639
724.8,5.349235,3.621081,-1.324736
724.9,5.349835,3.618691,-1.324833
725.0,5.350435,3.616301,-1.324929
725.1,5.351035,3.613909,-1.325025
725.2,5.351635,3.611516,-1.325121
725.3,5.352235,3.609123,-1.325216
725.4,5.352835,3.606728,-1.32531
725.5,5.353435,3.604332,-1.325404
725.6,5.354035,3.601936,-1.325498
725.7,5.354635,3.599539,-1.325591
725.8,5.355236,3.59714,-1.325684
725.9,5.355836,3.594741,-1.325776
726.0,5.356436,3.59234,-1.325868
726.1,5.357036,3.589939,-1.32596
726.2,5.357636,3.587537,-1.326051
726.3,5.358236,3.585134,-1.326141
726.4,5.358836,3.58273,-1.326231
726.5,5.359436,3.580325,-1.326321
726.6,5.360036,3.577919,-1.32641
726.7,5.360636,3.575512,-1.326499
726.8,5.361236,3.573105,-1.326588
726.9,5.361836,3.570696,-1.326676
727.0,5.362436,3.568287,-1.326763
727.1,5.363036,3.565876,-1.32685
727.2,5.363636,3.563465,-1.326937
727.3,5.364236,3.561053,-1.327023
727.4,5.364836,3.55864,-1.327109
727.5,5.365437,3.556226,-1.327194
727.6,5.366037,3.553811,-1.327279
727.7,5.366637,3.551396,-1.327364
727.8,5.367237,3.548979,-1.327448
727.9,5.367837,3.546562,-1.327532
728.0,5.368437,3.544143,-1.327615
728.1,5.369037,3.541724,-1.327698
728.2,5.369637,3.539304,-1.32778
728.3,5.370237,3.536883,-1.327862
728.4,5.370837,3.534462,-1.327944
728.5,5.371437,3.532039,-1.328025
728.6,5.372037,3.529616,-1.328106
728.7,5.372637,3.527191,-1.328186
728.8,5.373237,3.524766,-1.328266
728.9,5.373837,3.522341,-1.328345
729.0,5.374437,3.519914,-1.328424
729.1,5.375038,3.517486,-1.328503
729.2,5.375638,3.515058,-1.328581
729.3,5.376238,3.512629,-1.328659
729.4,5.376838,3.510199,-1.328736
729.5,5.377438,3.507768,-1.328813
729.6,5.378038,3.505337,-1.32889
729.7,5.378638,3.502904,-1.328966
729.8,5.379238,3.500471,-1.329042
729.9,5.379838,3.498037,-1.329117
730.0,5.380438,3.495602,-1.329192
730.1,5.381038,3.493167,-1.329266
730.2,5.381638,3.490731,-1.32934
730.3,5.382238,3.488293,-1.329414
730.4,5.382838,3.485856,-1.329487
730.5,5.383438,3.483417,-1.32956
730.6,5.384038,3.480978,-1.329632
730.7,5.384638,3.478537,-1.329704
730.8,5.385239,3.476097,-1.329776
730.9,5.385839,3.473655,-1.329847
731.0,5.386439,3.471213,-1.329918
731.1,5.387039,3.468769,-1.329988
731.2,5.387639,3.466326,-1.330058
731.3,5.388239,3.463881,-1.330128
731.4,5.388839,3.461436,-1.330197
731.5,5.389439,3.458989,-1.330266
731.6,5.390039,3.456543,-1.330334
731.7,5.390639,3.454095,-1.330402
731.8,5.391239,3.451647,-1.33047
731.9,5.391839,3.449198,-1.330537
732.0,5.392439,3.446748,-1.330604
732.1,5.393039,3.444298,-1.33067
732.2,5.393639,3.441847,-1.330736
732.3,5.394239,3.439395,-1.330802
732.4,5.394839,3.436943,-1.330867
732.5,5.39544,3.434489,-1.330931
732.6,5.39604,3.432036,-1.330996
732.7,5.39664,3.429581,-1.33106
732.8,5.39724,3.427126,-1.331123
732.9,5.39784,3.42467,-1.331186
733.0,5.39844,3.422214,-1.331249
733.1,5.39904,3.419756,-1.331312
733.2,5.39964,3.417298,-1.331374
733.3,5.40024,3.41484,-1.331435
733.4,5.40084,3.412381,-1.331496
733.5,5.40144,3.409921,-1.331557
733.6,5.40204,3.40746,-1.331617
733.7,5.40264,3.404999,-1.331677
733.8,5.40324,3.402537,-1.331737
733.9,5.40384,3.400075,-1.331796
734.0,5.40444,3.397612,-1.331855
734.1,5.405041,3.395148,-1.331913
734.2,5.405641,3.392684,-1.331972
734.3,5.406241,3.390219,-1.332029
734.4,5.406841,3.387754,-1.332086
734.5,5.407441,3.385287,-1.332143
734.6,5.408041,3.382821,-1.3322
734.7,5.408641,3.380353,-1.332256
734.8,5.409241,3.377885,-1.332312
734.9,5.409841,3.375417,-1.332367
735.0,5.410441,3.372948,-1.332422
735.1,5.411041,3.370478,-1.332476
735.2,5.411641,3.368008,-1.33253
735.3,5.412241,3.365537,-1.332584
735.4,5.412841,3.363065,-1.332638
735.5,5.413441,3.360593,-1.332691
735.6,5.414041,3.358121,-1.332743
735.7,5.414641,3.355647,-1.332795
735.8,5.415242,3.353174,-1.332847
735.9,5.415842,3.350699,-1.332899
736.0,5.416442,3.348225,-1.33295
736.1,5.417042,3.345749,-1.333001
736.2,5.417642,3.343273,-1.333051
736.3,5.418242,3.340797,-1.333101
736.4,5.418842,3.33832,-1.33315
736.5,5.419442,3.335842,-1.333199
736.6,5.420042,3.333364,-1.333248
736.7,5.420642,3.330885,-1.333297
736.8,5.421242,3.328406,-1.333345
736.9,5.421842,3.325927,-1.333392
737.0,5.422442,3.323446,-1.33344
737.1,5.423042,3.320966,-1.333486
737.2,5.423642,3.318484,-1.333533
737.3,5.424242,3.316003,-1.333579
737.4,5.424842,3.313521,-1.333625
737.5,5.425443,3.311038,-1.33367
737.6,5.426043,3.308555,-1.333715
737.7,5.426643,3.306071,-1.33376
737.8,5.427243,3.303587,-1.333804
737.9,5.427843,3.301102,-1.333848
738.0,5.428443,3.298617,-1.333891
738.1,5.429043,3.296132,-1.333934
738.2,5.429643,3.293645,-1.333977
738.3,5.430243,3.291159,-1.33402
738.4,5.430843,3.288672,-1.334062
738.5,5.431443,3.286185,-1.334103
738.6,5.432043,3.283697,-1.334144
738.7,5.432643,3.281208,-1.334185
738.8,5.433243,3.27872,-1.334226
738.9,5.433843,3.27623,-1.334266
739.0,5.434443,3.273741,-1.334306
739.1,5.435044,3.271251,-1.334345
739.2,5.435644,3.26876,-1.334384
739.3,5.436244,3.266269,-1.334423
739.4,5.436844,3.263778,-1.334461
739.5,5.437444,3.261286,-1.334499
739.6,5.438044,3.258794,-1.334536
739.7,5.438644,3.256301,-1.334573
739.8,5.439244,3.253808,-1.33461
739.9,5.439844,3.251315,-1.334646
740.0,5.440444,3.248821,-1.334683
740.1,5.441044,3.246327,-1.334718
740.2,5.441644,3.243832,-1.334753
740.3,5.442244,3.241337,-1.334788
740.4,5.442844,3.238842,-1.334823
740.5,5.443444,3.236346,-1.334857
740.6,5.444044,3.23385,-1.334891
740.7,5.444644,3.231354,-1.334924
740.8,5.445245,3.228857,-1.334957
740.9,5.445845,3.22636,-1.33499
741.0,5.446445,3.223862,-1.335022
741.1,5.447045,3.221364,-1.335054
741.2,5.447645,3.218866,-1.335086
741.3,5.448245,3.216367,-1.335117
741.4,5.448845,3.213868,-1.335148
741.5,5.449445,3.211369,-1.335179
741.6,5.450045,3.208869,-1.335209
741.7,5.450645,3.206369,-1.335239
741.8,5.451245,3.203869,-1.335268
741.9,5.451845,3.201369,-1.335297
742.0,5.452445,3.198868,-1.335326
742.1,5.453045,3.196366,-1.335354
742.2,5.453645,3.193865,-1.335382
742.3,5.454245,3.191363,-1.335409
742.4,5.454845,3.188861,-1.335437
742.5,5.455446,3.186359,-1.335464
742.6,5.456046,3.183856,-1.33549
742.7,5.456646,3.181353,-1.335516
742.8,5.457246,3.178849,-1.335542
742.9,5.457846,3.176346,-1.335567
743.0,5.458446,3.173842,-1.335592
743.1,5.459046,3.171338,-1.335617
743.2,5.459646,3.168833,-1.335641
743.3,5.460246,3.166329,-1.335665
743.4,5.460846,3.163824,-1.335689
743.5,5.461446,3.161319,-1.335712
743.6,5.462046,3.158813,-1.335735
743.7,5.462646,3.156307,-1.335757
743.8,5.463246,3.153801,-1.33578
743.9,5.463846,3.151295,-1.335801
744.0,5.464446,3.148789,-1.335823
744.1,5.465047,3.146282,-1.335844
744.2,5.465647,3.143775,-1.335864
744.3,5.466247,3.141268,-1.335885
744.4,5.466847,3.138761,-1.335905
744.5,5.467447,3.136253,-1.335924
744.6,5.468047,3.133745,-1.335944
744.7,5.468647,3.131237,-1.335962
744.8,5.469247,3.128729,-1.335981
744.9,5.469847,3.126221,-1.335999
745.0,5.470447,3.123712,-1.336017
745.1,5.471047,3.121203,-1.336034
745.2,5.471647,3.118694,-1.336051
745.3,5.472247,3.116185,-1.336068
745.4,5.472847,3.113676,-1.336085
745.5,5.473447,3.111166,-1.336101
745.6,5.474047,3.108656,-1.336116
745.7,5.474647,3.106147,-1.336131
745.8,5.475248,3.103636,-1.336146
745.9,5.475848,3.101126,-1.336161
746.0,5.476448,3.098616,-1.336175
746.1,5.477048,3.096105,-1.336189
746.2,5.477648,3.093595,-1.336203
746.3,5.478248,3.091084,-1.336216
746.4,5.478848,3.088573,-1.336228
746.5,5.479448,3.086062,-1.336241
746.6,5.480048,3.08355,-1.336253
746.7,5.480648,3.081039,-1.336265
746.8,5.481248,3.078527,-1.336276
746.9,5.481848,3.076016,-1.336287
747.0,5.482448,3.073504,-1.336298
747.1,5.483048,3.070992,-1.336308
747.2,5.483648,3.06848,-1.336318
747.3,5.484248,3.065968,-1.336327
747.4,5.484848,3.063456,-1.336336
747.5,5.485449,3.060944,-1.336345
747.6,5.486049,3.058431,-1.336354
747.7,5.486649,3.055919,-1.336362
747.8,5.487249,3.053406,-1.33637
747.9,5.487849,3.050893,-1.336377
748.0,5.488449,3.048381,-1.336384
748.1,5.489049,3.045868,-1.336391
748.2,5.489649,3.043355,-1.336397
748.3,5.490249,3.040842,-1.336403
748.4,5.490849,3.038329,-1.336409
748.5,5.491449,3.035816,-1.336414
748.6,5.492049,3.033303,-1.336419
748.7,5.492649,3.030789,-1.336423
748.8,5.493249,3.028276,-1.336428
748.9,5.493849,3.025763,-1.336431
749.0,5.494449,3.02325,-1.336435
749.1,5.49505,3.020736,-1.336438
749.2,5.49565,3.018223,-1.336441
749.3,5.49625,3.015709,-1.336443
749.4,5.49685,3.013196,-1.336445
749.5,5.49745,3.010682,-1.336447
749.6,5.49805,3.008169,-1.336448
749.7,5.49865,3.005655,-1.336449
749.8,5.49925,3.003142,-1.33645
749.9,5.49985,3.000628,-1.33645
750.0,5.50045,2.998115,-1.33645
750.1,5.50105,2.995601,-1.33645
750.2,5.50165,2.993088,-1.336449
750.3,5.50225,2.990574,-1.336448
750.4,5.50285,2.988061,-1.336446
750.5,5.50345,2.985547,-1.336444
750.6,5.50405,2.983034,-1.336442
750.7,5.50465,2.98052,-1.33644
750.8,5.505251,2.978007,-1.336437
750.9,5.505851,2.975494,-1.336433
751.0,5.506451,2.97298,-1.33643
751.1,5.507051,2.970467,-1.336426
751.2,5.507651,2.967954,-1.336421
751.3,5.508251,2.965441,-1.336417
751.4,5.508851,2.962928,-1.336411
751.5,5.509451,2.960415,-1.336406
751.6,5.510051,2.957902,-1.3364
751.7,5.510651,2.955389,-1.336394
751.8,5.511251,2.952876,-1.336388
751.9,5.511851,2.950363,-1.336381
752.0,5.512451,2.94785,-1.336373
752.1,5.513051,2.945338,-1.336366
752.2,5.513651,2.942825,-1.336358
752.3,5.514251,2.940313,-1.33635
752.4,5.514851,2.9378,-1.336341
752.5,5.515452,2.935288,-1.336332
752.6,5.516052,2.932776,-1.336323
752.7,5.516652,2.930264,-1.336313
752.8,5.517252,2.927752,-1.336303
752.9,5.517852,2.92524,-1.336292
753.0,5.518452,2.922728,-1.336281
753.1,5.519052,2.920217,-1.33627
753.2,5.519652,2.917705,-1.336259
753.3,5.520252,2.915194,-1.336247
753.4,5.520852,2.912683,-1.336235
753.5,5.521452,2.910172,-1.336222
753.6,5.522052,2.907661,-1.336209
753.7,5.522652,2.90515,-1.336196
753.8,5.523252,2.902639,-1.336182
753.9,5.523852,2.900129,-1.336168
754.0,5.524452,2.897619,-1.336154
754.1,5.525053,2.895108,-1.336139
754.2,5.525653,2.892598,-1.336124
754.3,5.526253,2.890089,-1.336108
754.4,5.526853,2.887579,-1.336093
754.5,5.527453,2.88507,-1.336076
754.6,5.528053,2.88256,-1.33606
754.7,5.528653,2.880051,-1.336043
754.8,5.529253,2.877542,-1.336026
754.9,5.529853,2.875034,-1.336008
755.0,5.530453,2.872525,-1.33599
755.1,5.531053,2.870017,-1.335972
755.2,5.531653,2.867509,-1.335953
755.3,5.532253,2.865001,-1.335934
755.4,5.532853,2.862493,-1.335915
755.5,5.533453,2.859986,-1.335895
755.6,5.534053,2.857478,-1.335875
755.7,5.534653,2.854971,-1.335854
755.8,5.535254,2.852465,-1.335833
755.9,5.535854,2.849958,-1.335812
756.0,5.536454,2.847452,-1.33579
756.1,5.537054,2.844946,-1.335769
756.2,5.537654,2.84244,-1.335746
756.3,5.538254,2.839934,-1.335724
756.4,5.538854,2.837429,-1.3357
756.5,5.539454,2.834924,-1.335677
756.6,5.540054,2.832419,-1.335653
756.7,5.540654,2.829914,-1.335629
756.8,5.541254,2.82741,-1.335605
756.9,5.541854,2.824906,-1.33558
757.0,5.542454,2.822402,-1.335555
757.1,5.543054,2.819899,-1.335529
757.2,5.543654,2.817396,-1.335503
757.3,5.544254,2.814893,-1.335477
757.4,5.544854,2.81239,-1.33545
757.5,5.545455,2.809888,-1.335423
757.6,5.546055,2.807386,-1.335396
757.7,5.546655,2.804884,-1.335368
757.8,5.547255,2.802383,-1.33534
757.9,5.547855,2.799882,-1.335311
758.0,5.548455,2.797381,-1.335282
758.1,5.549055,2.794881,-1.335253
758.2,5.549655,2.79238,-1.335224
758.3,5.550255,2.789881,-1.335194
758.4,5.550855,2.787381,-1.335163
758.5,5.551455,2.784882,-1.335133
758.6,5.552055,2.782383,-1.335102
758.7,5.552655,2.779885,-1.33507
758.8,5.553255,2.777387,-1.335038
758.9,5.553855,2.774889,-1.335006
759.0,5.554455,2.772392,-1.334974
759.1,5.555056,2.769895,-1.334941
759.2,5.555656,2.767398,-1.334908
759.3,5.556256,2.764902,-1.334874
759.4,5.556856,2.762406,-1.33484
759.5,5.557456,2.75991,-1.334806
759.6,5.558056,2.757415,-1.334771
759.7,5.558656,2.75492,-1.334736
759.8,5.559256,2.752426,-1.3347
759.9,5.559856,2.749932,-1.334665
760.0,5.560456,2.747438,-1.334628
760.1,5.561056,2.744945,-1.334592
760.2,5.561656,2.742452,-1.334555
760.3,5.562256,2.73996,-1.334517
760.4,5.562856,2.737468,-1.33448
760.5,5.563456,2.734976,-1.334442
760.6,5.564056,2.732485,-1.334403
760.7,5.564656,2.729995,-1.334364
760.8,5.565257,2.727504,-1.334325
760.9,5.565857,2.725014,-1.334286
761.0,5.566457,2.722525,-1.334246
761.1,5.567057,2.720036,-1.334206
761.2,5.567657,2.717547,-1.334165
761.3,5.568257,2.715059,-1.334124
761.4,5.568857,2.712572,-1.334082
761.5,5.569457,2.710084,-1.334041
761.6,5.570057,2.707598,-1.333998
761.7,5.570657,2.705111,-1.333956
761.8,5.571257,2.702626,-1.333913
761.9,5.571857,2.70014,-1.33387
762.0,5.572457,2.697655,-1.333826
762.1,5.573057,2.695171,-1.333782
762.2,5.573657,2.692687,-1.333738
762.3,5.574257,2.690204,-1.333693
762.4,5.574857,2.687721,-1.333648
762.5,5.575458,2.685238,-1.333602
762.6,5.576058,2.682756,-1.333556
762.7,5.576658,2.680275,-1.33351
762.8,5.577258,2.677794,-1.333463
762.9,5.577858,2.675313,-1.333416
763.0,5.578458,2.672834,-1.333369
763.1,5.579058,2.670354,-1.333321
763.2,5.579658,2.667875,-1.333272
763.3,5.580258,2.665397,-1.333224
763.4,5.580858,2.662919,-1.333175
763.5,5.581458,2.660442,-1.333126
763.6,5.582058,2.657965,-1.333076
763.7,5.582658,2.655489,-1.333026
763.8,5.583258,2.653013,-1.332975
763.9,5.583858,2.650538,-1.332924
764.0,5.584458,2.648063,-1.332873
764.1,5.585059,2.645589,-1.332821
764.2,5.585659,2.643116,-1.332769
764.3,5.586259,2.640643,-1.332717
764.4,5.586859,2.638171,-1.332664
764.5,5.587459,2.635699,-1.332611
764.6,5.588059,2.633228,-1.332557
764.7,5.588659,2.630757,-1.332503
764.8,5.589259,2.628287,-1.332449
764.9,5.589859,2.625818,-1.332394
765.0,5.590459,2.623349,-1.332339
765.1,5.591059,2.620881,-1.332284
765.2,5.591659,2.618413,-1.332228
765.3,5.592259,2.615946,-1.332172
765.4,5.592859,2.613479,-1.332115
765.5,5.593459,2.611014,-1.332058
765.6,5.594059,2.608548,-1.332
765.7,5.594659,2.606084,-1.331943
765.8,5.59526,2.60362,-1.331884
765.9,5.59586,2.601156,-1.331826
766.0,5.59646,2.598694,-1.331767
766.1,5.59706,2.596232,-1.331707
766.2,5.59766,2.59377,-1.331647
766.3,5.59826,2.591309,-1.331587
766.4,5.59886,2.588849,-1.331527
766.5,5.59946,2.58639,-1.331466
766.6,5.60006,2.583931,-1.331404
766.7,5.60066,2.581473,-1.331343
766.8,5.60126,2.579015,-1.33128
766.9,5.60186,2.576558,-1.331218
767.0,5.60246,2.574102,-1.331155
767.1,5.60306,2.571646,-1.331092
767.2,5.60366,2.569192,-1.331028
767.3,5.60426,2.566737,-1.330964
767.4,5.60486,2.564284,-1.330899
767.5,5.605461,2.561831,-1.330834
767.6,5.606061,2.559379,-1.330769
767.7,5.606661,2.556928,-1.330703
767.8,5.607261,2.554477,-1.330637
767.9,5.607861,2.552027,-1.33057
768.0,5.608461,2.549577,-1.330503
768.1,5.609061,2.547129,-1.330436
768.2,5.609661,2.544681,-1.330368
768.3,5.610261,2.542234,-1.3303
768.4,5.610861,2.539787,-1.330232
768.5,5.611461,2.537342,-1.330163
768.6,5.612061,2.534897,-1.330093
768.7,5.612661,2.532452,-1.330023
768.8,5.613261,2.530009,-1.329953
768.9,5.613861,2.527566,-1.329883
769.0,5.614461,2.525124,-1.329812
769.1,5.615062,2.522683,-1.32974
769.2,5.615662,2.520242,-1.329669
769.3,5.616262,2.517803,-1.329596
769.4,5.616862,2.515364,-1.329524
769.5,5.617462,2.512925,-1.329451
769.6,5.618062,2.510488,-1.329377
769.7,5.618662,2.508051,-1.329303
769.8,5.619262,2.505615,-1.329229
769.9,5.619862,2.50318,-1.329154
770.0,5.620462,2.500746,-1.329079
770.1,5.621062,2.498312,-1.329004
770.2,5.621662,2.49588,-1.328928
770.3,5.622262,2.493448,-1.328852
770.4,5.622862,2.491016,-1.328775
770.5,5.623462,2.488586,-1.328698
770.6,5.624062,2.486156,-1.32862
770.7,5.624662,2.483728,-1.328542
770.8,5.625263,2.4813,-1.328464
770.9,5.625863,2.478873,-1.328385
771.0,5.626463,2.476446,-1.328306
771.1,5.627063,2.474021,-1.328226
771.2,5.627663,2.471596,-1.328146
771.3,5.628263,2.469173,-1.328065
771.4,5.628863,2.46675,-1.327984
771.5,5.629463,2.464327,-1.327903
771.6,5.630063,2.461906,-1.327821
771.7,5.630663,2.459486,-1.327739
771.8,5.631263,2.457066,-1.327656
771.9,5.631863,2.454647,-1.327573
772.0,5.632463,2.45223,-1.32749
772.1,5.633063,2.449813,-1.327406
772.2,5.633663,2.447397,-1.327322
772.3,5.634263,2.444981,-1.327237
772.4,5.634863,2.442567,-1.327152
772.5,5.635464,2.440153,-1.327066
772.6,5.636064,2.437741,-1.32698
772.7,5.636664,2.435329,-1.326894
772.8,5.637264,2.432918,-1.326807
772.9,5.637864,2.430508,-1.32672
773.0,5.638464,2.428099,-1.326632
773.1,5.639064,2.425691,-1.326544
773.2,5.639664,2.423284,-1.326455
773.3,5.640264,2.420878,-1.326366
773.4,5.640864,2.418472,-1.326276
773.5,5.641464,2.416068,-1.326186
773.6,5.642064,2.413664,-1.326096
773.7,5.642664,2.411262,-1.326005
773.8,5.643264,2.40886,-1.325914
773.9,5.643864,2.406459,-1.325822
774.0,5.644464,2.404059,-1.32573
774.1,5.645065,2.401661,-1.325638
774.2,5.645665,2.399263,-1.325545
774.3,5.646265,2.396866,-1.325451
774.4,5.646865,2.39447,-1.325357
774.5,5.647465,2.392075,-1.325263
774.6,5.648065,2.38968,-1.325168
774.7,5.648665,2.387287,-1.325073
774.8,5.649265,2.384895,-1.324977
774.9,5.649865,2.382504,-1.324881
775.0,5.650465,2.380114,-1.324785
775.1,5.651065,2.377724,-1.324688
775.2,5.651665,2.375336,-1.32459
775.3,5.652265,2.372949,-1.324492
775.4,5.652865,2.370563,-1.324394
775.5,5.653465,2.368177,-1.324295
775.6,5.654065,2.365793,-1.324196
775.7,5.654665,2.36341,-1.324096
775.8,5.655266,2.361027,-1.323996
775.9,5.655866,2.358646,-1.323896
776.0,5.656466,2.356266,-1.323795
776.1,5.657066,2.353887,-1.323693
776.2,5.657666,2.351508,-1.323591
776.3,5.658266,2.349131,-1.323489
776.4,5.658866,2.346755,-1.323386
776.5,5.659466,2.34438,-1.323282
776.6,5.660066,2.342006,-1.323179
776.7,5.660666,2.339633,-1.323074
776.8,5.661266,2.33726,-1.32297
776.9,5.661866,2.334889,-1.322864
777.0,5.662466,2.33252,-1.322759
777.1,5.663066,2.330151,-1.322653
777.2,5.663666,2.327783,-1.322546
777.3,5.664266,2.325416,-1.322439
777.4,5.664866,2.32305,-1.322331
777.5,5.665467,2.320686,-1.322223
777.6,5.666067,2.318322,-1.322115
777.7,5.666667,2.31596,-1.322006
777.8,5.667267,2.313598,-1.321897
777.9,5.667867,2.311238,-1.321787
778.0,5.668467,2.308879,-1.321676
778.1,5.669067,2.306521,-1.321566
778.2,5.669667,2.304164,-1.321454
778.3,5.670267,2.301808,-1.321343
778.4,5.670867,2.299453,-1.32123
778.5,5.671467,2.297099,-1.321118
778.6,5.672067,2.294746,-1.321004
778.7,5.672667,2.292395,-1.320891
778.8,5.673267,2.290045,-1.320777
778.9,5.673867,2.287695,-1.320662
779.0,5.674467,2.285347,-1.320547
779.1,5.675068,2.283,-1.320431
779.2,5.675668,2.280654,-1.320315
779.3,5.676268,2.278309,-1.320199
779.4,5.676868,2.275966,-1.320081
779.5,5.677468,2.273623,-1.319964
779.6,5.678068,2.271282,-1.319846
779.7,5.678668,2.268942,-1.319727
779.8,5.679268,2.266603,-1.319608
779.9,5.679868,2.264265,-1.319489
780.0,5.680468,2.261928,-1.319369
780.1,5.681068,2.259593,-1.319248
780.2,5.681668,2.257258,-1.319127
780.3,5.682268,2.254925,-1.319006
780.4,5.682868,2.252593,-1.318884
780.5,5.683468,2.250262,-1.318761
780.6,5.684068,2.247933,-1.318638
780.7,5.684668,2.245604,-1.318515
780.8,5.685269,2.243277,-1.318391
780.9,5.685869,2.240951,-1.318267
781.0,5.686469,2.238626,-1.318142
781.1,5.687069,2.236303,-1.318016
781.2,5.687669,2.23398,-1.31789
781.3,5.688269,2.231659,-1.317764
781.4,5.688869,2.229339,-1.317637
781.5,5.689469,2.22702,-1.317509
781.6,5.690069,2.224702,-1.317381
781.7,5.690669,2.222386,-1.317253
781.8,5.691269,2.220071,-1.317124
781.9,5.691869,2.217757,-1.316994
782.0,5.692469,2.215444,-1.316864
782.1,5.693069,2.213133,-1.316733
782.2,5.693669,2.210823,-1.316602
782.3,5.694269,2.208514,-1.316471
782.4,5.694869,2.206206,-1.316338
782.5,5.69547,2.2039,-1.316206
782.6,5.69607,2.201594,-1.316073
782.7,5.69667,2.19929,-1.315939
782.8,5.69727,2.196988,-1.315805
782.9,5.69787,2.194686,-1.31567
783.0,5.69847,2.192386,-1.315535
783.1,5.69907,2.190087,-1.315399
783.2,5.69967,2.18779,-1.315263
783.3,5.70027,2.185494,-1.315126
783.4,5.70087,2.183199,-1.314988
783.5,5.70147,2.180905,-1.31485
783.6,5.70207,2.178612,-1.314712
783.7,5.70267,2.176321,-1.314573
783.8,5.70327,2.174031,-1.314434
783.9,5.70387,2.171743,-1.314293
784.0,5.70447,2.169456,-1.314153
784.1,5.705071,2.16717,-1.314012
784.2,5.705671,2.164885,-1.31387
784.3,5.706271,2.162602,-1.313728
784.4,5.706871,2.16032,-1.313585
784.5,5.707471,2.15804,-1.313442
784.6,5.708071,2.15576,-1.313298
784.7,5.708671,2.153482,-1.313154
784.8,5.709271,2.151206,-1.313009
784.9,5.709871,2.14893,-1.312863
785.0,5.710471,2.146657,-1.312717
785.1,5.711071,2.144384,-1.312571
785.2,5.711671,2.142113,-1.312423
785.3,5.712271,2.139843,-1.312276
785.4,5.712871,2.137574,-1.312127
785.5,5.713471,2.135307,-1.311979
785.6,5.714071,2.133041,-1.311829
785.7,5.714671,2.130777,-1.311679
785.8,5.715272,2.128514,-1.311529
785.9,5.715872,2.126252,-1.311378
786.0,5.716472,2.123992,-1.311226
786.1,5.717072,2.121733,-1.311074
786.2,5.717672,2.119476,-1.310921
786.3,5.718272,2.117219,-1.310768
786.4,5.718872,2.114965,-1.310614
786.5,5.719472,2.112711,-1.31046
786.6,5.720072,2.110459,-1.310305
786.7,5.720672,2.108209,-1.310149
786.8,5.721272,2.10596,-1.309993
786.9,5.721872,2.103712,-1.309836
787.0,5.722472,2.101466,-1.309679
787.1,5.723072,2.099221,-1.309521
787.2,5.723672,2.096978,-1.309362
787.3,5.724272,2.094736,-1.309203
787.4,5.724872,2.092495,-1.309044
787.5,5.725473,2.090256,-1.308883
787.6,5.726073,2.088018,-1.308722
787.7,5.726673,2.085782,-1.308561
787.8,5.727273,2.083547,-1.308399
787.9,5.727873,2.081314,-1.308236
788.0,5.728473,2.079082,-1.308073
788.1,5.729073,2.076851,-1.307909
788.2,5.729673,2.074622,-1.307745
788.3,5.730273,2.072395,-1.30758
788.4,5.730873,2.070168,-1.307414
788.5,5.731473,2.067944,-1.307248
788.6,5.732073,2.065721,-1.307081
788.7,5.732673,2.063499,-1.306914
788.8,5.733273,2.061279,-1.306746
788.9,5.733873,2.05906,-1.306577
789.0,5.734473,2.056843,-1.306408
789.1,5.735074,2.054627,-1.306238
789.2,5.735674,2.052413,-1.306068
789.3,5.736274,2.0502,-1.305897
789.4,5.736874,2.047989,-1.305725
789.5,5.737474,2.045779,-1.305553
789.6,5.738074,2.043571,-1.30538
789.7,5.738674,2.041364,-1.305207
789.8,5.739274,2.039159,-1.305032
789.9,5.739874,2.036955,-1.304858
790.0,5.740474,2.034753,-1.304682
790.1,5.741074,2.032552,-1.304506
790.2,5.741674,2.030353,-1.304329
790.3,5.742274,2.028156,-1.304152
790.4,5.742874,2.02596,-1.303974
790.5,5.743474,2.023765,-1.303796
790.6,5.744074,2.021572,-1.303617
790.7,5.744674,2.019381,-1.303437
790.8,5.745275,2.017191,-1.303256
790.9,5.745875,2.015002,-1.303075
791.0,5.746475,2.012816,-1.302893
791.1,5.747075,2.01063,-1.302711
791.2,5.747675,2.008447,-1.302528
791.3,5.748275,2.006265,-1.302344
791.4,5.748875,2.004084,-1.30216
791.5,5.749475,2.001905,-1.301975
791.6,5.750075,1.999728,-1.301789
791.7,5.750675,1.997552,-1.301603
791.8,5.751275,1.995378,-1.301416
791.9,5.751875,1.993205,-1.301228
792.0,5.752475,1.991034,-1.30104
792.1,5.753075,1.988865,-1.300851
792.2,5.753675,1.986697,-1.300662
792.3,5.754275,1.984531,-1.300471
792.4,5.754875,1.982366,-1.30028
792.5,5.755476,1.980203,-1.300089
792.6,5.756076,1.978042,-1.299896
792.7,5.756676,1.975882,-1.299703
792.8,5.757276,1.973724,-1.29951
792.9,5.757876,1.971567,-1.299315
793.0,5.758476,1.969412,-1.29912
793.1,5.759076,1.967259,-1.298925
793.2,5.759676,1.965107,-1.298728
793.3,5.760276,1.962957,-1.298531
793.4,5.760876,1.960809,-1.298334
793.5,5.761476,1.958662,-1.298135
793.6,5.762076,1.956517,-1.297936
793.7,5.762676,1.954373,-1.297736
793.8,5.763276,1.952232,-1.297536
793.9,5.763876,1.950091,-1.297335
794.0,5.764476,1.947953,-1.297133
794.1,5.765077,1.945816,-1.29693
794.2,5.765677,1.943681,-1.296727
794.3,5.766277,1.941547,-1.296523
794.4,5.766877,1.939416,-1.296318
794.5,5.767477,1.937285,-1.296113
794.6,5.768077,1.935157,-1.295906
794.7,5.768677,1.93303,-1.295699
794.8,5.769277,1.930905,-1.295492
794.9,5.769877,1.928782,-1.295284
795.0,5.770477,1.92666,-1.295075
795.1,5.771077,1.92454,-1.294865
795.2,5.771677,1.922421,-1.294654
795.3,5.772277,1.920305,-1.294443
795.4,5.772877,1.91819,-1.294231
795.5,5.773477,1.916077,-1.294019
795.6,5.774077,1.913965,-1.293805
795.7,5.774677,1.911855,-1.293591
795.8,5.775278,1.909747,-1.293376
795.9,5.775878,1.907641,-1.29316
796.0,5.776478,1.905536,-1.292944
796.1,5.777078,1.903433,-1.292727
796.2,5.777678,1.901332,-1.292509
796.3,5.778278,1.899233,-1.292291
796.4,5.778878,1.897135,-1.292071
796.5,5.779478,1.895039,-1.291851
796.6,5.780078,1.892945,-1.29163
796.7,5.780678,1.890852,-1.291409
796.8,5.781278,1.888762,-1.291186
796.9,5.781878,1.886673,-1.290963
797.0,5.782478,1.884585,-1.290739
797.1,5.783078,1.8825,-1.290514
797.2,5.783678,1.880416,-1.290289
797.3,5.784278,1.878334,-1.290063
797.4,5.784878,1.876254,-1.289836
797.5,5.785479,1.874176,-1.289608
797.6,5.786079,1.872099,-1.289379
797.7,5.786679,1.870025,-1.28915
797.8,5.787279,1.867951,-1.28892
797.9,5.787879,1.86588,-1.288689
798.0,5.788479,1.863811,-1.288457
798.1,5.789079,1.861743,-1.288224
798.2,5.789679,1.859677,-1.287991
798.3,5.790279,1.857613,-1.287757
798.4,5.790879,1.855551,-1.287522
798.5,5.791479,1.853491,-1.287286
798.6,5.792079,1.851432,-1.28705
798.7,5.792679,1.849375,-1.286812
798.8,5.793279,1.84732,-1.286574
798.9,5.793879,1.845267,-1.286335
799.0,5.794479,1.843216,-1.286096
799.1,5.79508,1.841166,-1.285855
799.2,5.79568,1.839119,-1.285614
799.3,5.79628,1.837073,-1.285371
799.4,5.79688,1.835029,-1.285128
799.5,5.79748,1.832986,-1.284884
799.6,5.79808,1.830946,-1.284639
799.7,5.79868,1.828908,-1.284394
799.8,5.79928,1.826871,-1.284147
799.9,5.79988,1.824836,-1.2839
800.0,5.80048,1.822803,-1.283652
800.1,5.80108,1.820772,-1.283403
800.2,5.80168,1.818743,-1.283153
800.3,5.80228,1.816716,-1.282903
800.4,5.80288,1.81469,-1.282651
800.5,5.80348,1.812667,-1.282399
800.6,5.80408,1.810645,-1.282146
800.7,5.80468,1.808625,-1.281891
800.8,5.805281,1.806607,-1.281636
800.9,5.805881,1.804591,-1.281381
801.0,5.806481,1.802577,-1.281124
801.1,5.807081,1.800565,-1.280866
801.2,5.807681,1.798554,-1.280608
801.3,5.808281,1.796546,-1.280348
801.4,5.808881,1.794539,-1.280088
801.5,5.809481,1.792534,-1.279827
801.6,5.810081,1.790532,-1.279565
801.7,5.810681,1.788531,-1.279302
801.8,5.811281,1.786532,-1.279038
801.9,5.811881,1.784535,-1.278774
802.0,5.812481,1.782539,-1.278508
802.1,5.813081,1.780546,-1.278242
802.2,5.813681,1.778555,-1.277974
802.3,5.814281,1.776566,-1.277706
802.4,5.814881,1.774578,-1.277436
802.5,5.815482,1.772593,-1.277166
802.6,5.816082,1.770609,-1.276895
802.7,5.816682,1.768628,-1.276623
802.8,5.817282,1.766648,-1.27635
802.9,5.817882,1.76467,-1.276076
803.0,5.818482,1.762694,-1.275802
803.1,5.819082,1.760721,-1.275526
803.2,5.819682,1.758749,-1.275249
803.3,5.820282,1.756779,-1.274971
803.4,5.820882,1.754811,-1.274693
803.5,5.821482,1.752845,-1.274413
803.6,5.822082,1.750881,-1.274133
803.7,5.822682,1.748919,-1.273851
803.8,5.823282,1.746959,-1.273569
803.9,5.823882,1.745001,-1.273286
804.0,5.824482,1.743045,-1.273001
804.1,5.825083,1.741091,-1.272716
804.2,5.825683,1.739139,-1.27243
804.3,5.826283,1.737188,-1.272142
804.4,5.826883,1.73524,-1.271854
804.5,5.827483,1.733294,-1.271565
804.6,5.828083,1.73135,-1.271275
804.7,5.828683,1.729408,-1.270983
804.8,5.829283,1.727468,-1.270691
804.9,5.829883,1.72553,-1.270398
805.0,5.830483,1.723594,-1.270104
805.1,5.831083,1.72166,-1.269809
805.2,5.831683,1.719727,-1.269512
805.3,5.832283,1.717797,-1.269215
805.4,5.832883,1.715869,-1.268917
805.5,5.833483,1.713943,-1.268617
805.6,5.834083,1.71202,-1.268317
805.7,5.834683,1.710098,-1.268016
805.8,5.835284,1.708178,-1.267713
805.9,5.835884,1.70626,-1.26741
806.0,5.836484,1.704344,-1.267106
806.1,5.837084,1.70243,-1.2668
806.2,5.837684,1.700519,-1.266493
806.3,5.838284,1.698609,-1.266186
806.4,5.838884,1.696701,-1.265877
806.5,5.839484,1.694796,-1.265567
806.6,5.840084,1.692892,-1.265257
806.7,5.840684,1.690991,-1.264945
806.8,5.841284,1.689092,-1.264632
806.9,5.841884,1.687194,-1.264318
807.0,5.842484,1.685299,-1.264003
807.1,5.843084,1.683406,-1.263687
807.2,5.843684,1.681515,-1.263369
807.3,5.844284,1.679626,-1.263051
807.4,5.844884,1.677739,-1.262732
807.5,5.845485,1.675854,-1.262411
807.6,5.846085,1.673972,-1.262089
807.7,5.846685,1.672091,-1.261767
807.8,5.847285,1.670213,-1.261443
807.9,5.847885,1.668336,-1.261118
808.0,5.848485,1.666462,-1.260792
808.1,5.849085,1.66459,-1.260465
808.2,5.849685,1.66272,-1.260136
808.3,5.850285,1.660852,-1.259807
808.4,5.850885,1.658986,-1.259476
808.5,5.851485,1.657122,-1.259144
808.6,5.852085,1.655261,-1.258811
808.7,5.852685,1.653401,-1.258477
808.8,5.853285,1.651544,-1.258142
808.9,5.853885,1.649688,-1.257806
809.0,5.854485,1.647835,-1.257468
809.1,5.855086,1.645984,-1.25713
809.2,5.855686,1.644136,-1.25679
809.3,5.856286,1.642289,-1.256449
809.4,5.856886,1.640444,-1.256106
809.5,5.857486,1.638602,-1.255763
809.6,5.858086,1.636762,-1.255418
809.7,5.858686,1.634924,-1.255072
809.8,5.859286,1.633088,-1.254725
809.9,5.859886,1.631254,-1.254377
810.0,5.860486,1.629422,-1.254028
810.1,5.861086,1.627593,-1.253677
810.2,5.861686,1.625766,-1.253325
810.3,5.862286,1.623941,-1.252972
810.4,5.862886,1.622118,-1.252618
810.5,5.863486,1.620297,-1.252262
810.6,5.864086,1.618478,-1.251905
810.7,5.864686,1.616662,-1.251547
810.8,5.865287,1.614848,-1.251188
810.9,5.865887,1.613036,-1.250828
811.0,5.866487,1.611226,-1.250466
811.1,5.867087,1.609418,-1.250103
811.2,5.867687,1.607613,-1.249738
811.3,5.868287,1.605809,-1.249373
811.4,5.868887,1.604008,-1.249006
811.5,5.869487,1.60221,-1.248638
811.6,5.870087,1.600413,-1.248268
811.7,5.870687,1.598619,-1.247897
811.8,5.871287,1.596826,-1.247525
811.9,5.871887,1.595036,-1.247152
812.0,5.872487,1.593249,-1.246777
812.1,5.873087,1.591463,-1.246401
812.2,5.873687,1.58968,-1.246024
812.3,5.874287,1.587899,-1.245645
812.4,5.874887,1.58612,-1.245265
812.5,5.875488,1.584343,-1.244884
812.6,5.876088,1.582569,-1.244501
812.7,5.876688,1.580797,-1.244117
812.8,5.877288,1.579027,-1.243732
812.9,5.877888,1.577259,-1.243345
813.0,5.878488,1.575494,-1.242957
813.1,5.879088,1.57373,-1.242568
813.2,5.879688,1.571969,-1.242177
813.3,5.880288,1.570211,-1.241785
813.4,5.880888,1.568454,-1.241391
813.5,5.881488,1.5667,-1.240996
813.6,5.882088,1.564948,-1.2406
813.7,5.882688,1.563199,-1.240202
813.8,5.883288,1.561451,-1.239803
813.9,5.883888,1.559706,-1.239402
814.0,5.884488,1.557963,-1.239
814.1,5.885089,1.556223,-1.238597
814.2,5.885689,1.554485,-1.238192
814.3,5.886289,1.552749,-1.237786
814.4,5.886889,1.551015,-1.237378
814.5,5.887489,1.549284,-1.236968
814.6,5.888089,1.547555,-1.236558
814.7,5.888689,1.545828,-1.236146
814.8,5.889289,1.544103,-1.235732
814.9,5.889889,1.542381,-1.235317
815.0,5.890489,1.540661,-1.2349
815.1,5.891089,1.538944,-1.234482
815.2,5.891689,1.537228,-1.234063
815.3,5.892289,1.535515,-1.233642
815.4,5.892889,1.533805,-1.233219
815.5,5.893489,1.532096,-1.232795
815.6,5.894089,1.53039,-1.232369
815.7,5.894689,1.528687,-1.231942
815.8,5.89529,1.526985,-1.231513
815.9,5.89589,1.525286,-1.231083
816.0,5.89649,1.523589,-1.230651
816.1,5.89709,1.521895,-1.230218
816.2,5.89769,1.520203,-1.229783
816.3,5.89829,1.518513,-1.229347
816.4,5.89889,1.516826,-1.228909
816.5,5.89949,1.515141,-1.228469
816.6,5.90009,1.513458,-1.228028
816.7,5.90069,1.511778,-1.227585
816.8,5.90129,1.5101,-1.227141
816.9,5.90189,1.508424,-1.226695
817.0,5.90249,1.506751,-1.226247
817.1,5.90309,1.50508,-1.225798
817.2,5.90369,1.503411,-1.225347
817.3,5.90429,1.501745,-1.224895
817.4,5.90489,1.500081,-1.22444
817.5,5.905491,1.49842,-1.223985
817.6,5.906091,1.496761,-1.223527
817.7,5.906691,1.495104,-1.223068
817.8,5.907291,1.49345,-1.222607
817.9,5.907891,1.491798,-1.222145
818.0,5.908491,1.490148,-1.221681
818.1,5.909091,1.488501,-1.221215
818.2,5.909691,1.486856,-1.220747
818.3,5.910291,1.485214,-1.220278
818.4,5.910891,1.483574,-1.219807
818.5,5.911491,1.481936,-1.219334
818.6,5.912091,1.480301,-1.21886
818.7,5.912691,1.478668,-1.218383
818.8,5.913291,1.477037,-1.217905
818.9,5.913891,1.475409,-1.217426
819.0,5.914491,1.473784,-1.216944
819.1,5.915092,1.472161,-1.216461
819.2,5.915692,1.47054,-1.215976
819.3,5.916292,1.468921,-1.215489
819.4,5.916892,1.467305,-1.215001
819.5,5.917492,1.465692,-1.21451
819.6,5.918092,1.464081,-1.214018
819.7,5.918692,1.462472,-1.213524
819.8,5.919292,1.460866,-1.213028
819.9,5.919892,1.459262,-1.21253
820.0,5.920492,1.457661,-1.212031
820.1,5.921092,1.456062,-1.211529
820.2,5.921692,1.454465,-1.211026
820.3,5.922292,1.452871,-1.210521
820.4,5.922892,1.451279,-1.210014
820.5,5.923492,1.44969,-1.209505
820.6,5.924092,1.448103,-1.208994
820.7,5.924692,1.446519,-1.208481
820.8,5.925293,1.444937,-1.207967
820.9,5.925893,1.443358,-1.20745
821.0,5.926493,1.441781,-1.206932
821.1,5.927093,1.440206,-1.206411
821.2,5.927693,1.438634,-1.205889
821.3,5.928293,1.437065,-1.205364
821.4,5.928893,1.435498,-1.204838
821.5,5.929493,1.433933,-1.20431
821.6,5.930093,1.432371,-1.203779
821.7,5.930693,1.430811,-1.203247
821.8,5.931293,1.429254,-1.202713
821.9,5.931893,1.4277,-1.202176
822.0,5.932493,1.426147,-1.201638
822.1,5.933093,1.424598,-1.201098
822.2,5.933693,1.42305,-1.200555
822.3,5.934293,1.421506,-1.200011
822.4,5.934893,1.419963,-1.199464
822.5,5.935494,1.418424,-1.198916
822.6,5.936094,1.416886,-1.198365
822.7,5.936694,1.415352,-1.197812
822.8,5.937294,1.413819,-1.197257
822.9,5.937894,1.41229,-1.1967
823.0,5.938494,1.410762,-1.196141
823.1,5.939094,1.409238,-1.19558
823.2,5.939694,1.407716,-1.195016
823.3,5.940294,1.406196,-1.194451
823.4,5.940894,1.404679,-1.193883
823.5,5.941494,1.403164,-1.193313
823.6,5.942094,1.401652,-1.192741
823.7,5.942694,1.400142,-1.192167
823.8,5.943294,1.398635,-1.19159
823.9,5.943894,1.397131,-1.191012
824.0,5.944494,1.395629,-1.190431
824.1,5.945095,1.394129,-1.189847
824.2,5.945695,1.392632,-1.189262
824.3,5.946295,1.391138,-1.188674
824.4,5.946895,1.389646,-1.188084
824.5,5.947495,1.388156,-1.187492
824.6,5.948095,1.38667,-1.186898
824.7,5.948695,1.385185,-1.186301
824.8,5.949295,1.383704,-1.185701
824.9,5.949895,1.382225,-1.1851
825.0,5.950495,1.380748,-1.184496
825.1,5.951095,1.379274,-1.18389
825.2,5.951695,1.377803,-1.183281
825.3,5.952295,1.376334,-1.18267
825.4,5.952895,1.374867,-1.182057
825.5,5.953495,1.373404,-1.181441
825.6,5.954095,1.371942,-1.180823
825.7,5.954695,1.370484,-1.180203
825.8,5.955296,1.369028,-1.17958
825.9,5.955896,1.367574,-1.178954
826.0,5.956496,1.366123,-1.178326
826.1,5.957096,1.364675,-1.177696
826.2,5.957696,1.363229,-1.177063
826.3,5.958296,1.361786,-1.176428
826.4,5.958896,1.360345,-1.17579
826.5,5.959496,1.358907,-1.17515
826.6,5.960096,1.357472,-1.174507
826.7,5.960696,1.356039,-1.173861
826.8,5.961296,1.354609,-1.173213
826.9,5.961896,1.353182,-1.172563
827.0,5.962496,1.351757,-1.17191
827.1,5.963096,1.350334,-1.171254
827.2,5.963696,1.348914,-1.170596
827.3,5.964296,1.347497,-1.169935
827.4,5.964896,1.346083,-1.169271
827.5,5.965497,1.344671,-1.168605
827.6,5.966097,1.343261,-1.167936
827.7,5.966697,1.341855,-1.167264
827.8,5.967297,1.34045,-1.16659
827.9,5.967897,1.339049,-1.165913
828.0,5.968497,1.33765,-1.165233
828.1,5.969097,1.336254,-1.164551
828.2,5.969697,1.33486,-1.163865
828.3,5.970297,1.333469,-1.163178
828.4,5.970897,1.332081,-1.162487
828.5,5.971497,1.330695,-1.161793
828.6,5.972097,1.329312,-1.161097
828.7,5.972697,1.327932,-1.160398
828.8,5.973297,1.326554,-1.159696
828.9,5.973897,1.325179,-1.158991
829.0,5.974497,1.323806,-1.158283
829.1,5.975098,1.322436,-1.157573
829.2,5.975698,1.321069,-1.156859
829.3,5.976298,1.319705,-1.156143
829.4,5.976898,1.318343,-1.155423
829.5,5.977498,1.316984,-1.154701
829.6,5.978098,1.315627,-1.153976
829.7,5.978698,1.314273,-1.153248
829.8,5.979298,1.312922,-1.152517
829.9,5.979898,1.311573,-1.151782
830.0,5.980498,1.310227,-1.151045
830.1,5.981098,1.308884,-1.150305
830.2,5.981698,1.307543,-1.149562
830.3,5.982298,1.306205,-1.148815
830.4,5.982898,1.30487,-1.148066
830.5,5.983498,1.303538,-1.147313
830.6,5.984098,1.302208,-1.146558
830.7,5.984698,1.300881,-1.145799
830.8,5.985299,1.299556,-1.145037
830.9,5.985899,1.298234,-1.144272
831.0,5.986499,1.296915,-1.143504
831.1,5.987099,1.295599,-1.142732
831.2,5.987699,1.294285,-1.141958
831.3,5.988299,1.292974,-1.14118
831.4,5.988899,1.291665,-1.140399
831.5,5.989499,1.29036,-1.139614
831.6,5.990099,1.289057,-1.138827
831.7,5.990699,1.287756,-1.138036
831.8,5.991299,1.286459,-1.137241
831.9,5.991899,1.285164,-1.136444
832.0,5.992499,1.283872,-1.135643
832.1,5.993099,1.282582,-1.134838
832.2,5.993699,1.281296,-1.13403
832.3,5.994299,1.280012,-1.133219
832.4,5.994899,1.27873,-1.132405
832.5,5.9955,1.277452,-1.131586
832.6,5.9961,1.276176,-1.130765
832.7,5.9967,1.274903,-1.12994
832.8,5.9973,1.273632,-1.129111
832.9,5.9979,1.272365,-1.128279
833.0,5.9985,1.2711,-1.127444
833.1,5.9991,1.269837,-1.126604
833.2,5.9997,1.268578,-1.125762
833.3,6.0003,1.267321,-1.124915
833.4,6.0009,1.266067,-1.124065
833.5,6.0015,1.264816,-1.123212
833.6,6.0021,1.263567,-1.122354
833.7,6.0027,1.262321,-1.121493
833.8,6.0033,1.261078,-1.120628
833.9,6.0039,1.259838,-1.11976
834.0,6.0045,1.258601,-1.118888
834.1,6.005101,1.257366,-1.118012
834.2,6.005701,1.256134,-1.117132
834.3,6.006301,1.254904,-1.116249
834.4,6.006901,1.253678,-1.115361
834.5,6.007501,1.252454,-1.11447
834.6,6.008101,1.251233,-1.113575
834.7,6.008701,1.250015,-1.112676
834.8,6.009301,1.248799,-1.111773
834.9,6.009901,1.247586,-1.110866
835.0,6.010501,1.246377,-1.109955
835.1,6.011101,1.245169,-1.10904
835.2,6.011701,1.243965,-1.108122
835.3,6.012301,1.242763,-1.107199
835.4,6.012901,1.241564,-1.106272
835.5,6.013501,1.240368,-1.105341
835.6,6.014101,1.239175,-1.104406
835.7,6.014701,1.237984,-1.103467
835.8,6.015302,1.236797,-1.102523
835.9,6.015902,1.235612,-1.101576
836.0,6.016502,1.234429,-1.100624
836.1,6.017102,1.23325,-1.099668
836.2,6.017702,1.232073,-1.098708
836.3,6.018302,1.2309,-1.097743
836.4,6.018902,1.229729,-1.096775
836.5,6.019502,1.22856,-1.095802
836.6,6.020102,1.227395,-1.094824
836.7,6.020702,1.226232,-1.093842
836.8,6.021302,1.225072,-1.092856
836.9,6.021902,1.223915,-1.091866
837.0,6.022502,1.222761,-1.090871
837.1,6.023102,1.22161,-1.089871
837.2,6.023702,1.220461,-1.088867
837.3,6.024302,1.219315,-1.087859
837.4,6.024902,1.218172,-1.086846
837.5,6.025503,1.217032,-1.085828
837.6,6.026103,1.215895,-1.084806
837.7,6.026703,1.21476,-1.083779
837.8,6.027303,1.213629,-1.082747
837.9,6.027903,1.2125,-1.081711
838.0,6.028503,1.211374,-1.08067
838.1,6.029103,1.21025,-1.079625
838.2,6.029703,1.20913,-1.078574
838.3,6.030303,1.208012,-1.077519
838.4,6.030903,1.206898,-1.076459
838.5,6.031503,1.205786,-1.075394
838.6,6.032103,1.204677,-1.074325
838.7,6.032703,1.20357,-1.07325
838.8,6.033303,1.202467,-1.07217
838.9,6.033903,1.201366,-1.071086
839.0,6.034503,1.200269,-1.069996
839.1,6.035104,1.199174,-1.068902
839.2,6.035704,1.198082,-1.067802
839.3,6.036304,1.196993,-1.066698
839.4,6.036904,1.195906,-1.065588
839.5,6.037504,1.194823,-1.064473
839.6,6.038104,1.193742,-1.063353
839.7,6.038704,1.192664,-1.062227
839.8,6.039304,1.191589,-1.061097
839.9,6.039904,1.190517,-1.059961
840.0,6.040504,1.189448,-1.05882
840.1,6.041104,1.188382,-1.057674
840.2,6.041704,1.187318,-1.056522
840.3,6.042304,1.186257,-1.055365
840.4,6.042904,1.1852,-1.054202
840.5,6.043504,1.184145,-1.053034
840.6,6.044104,1.183093,-1.05186
840.7,6.044704,1.182043,-1.050681
840.8,6.045305,1.180997,-1.049497
840.9,6.045905,1.179954,-1.048306
841.0,6.046505,1.178913,-1.04711
841.1,6.047105,1.177875,-1.045909
841.2,6.047705,1.176841,-1.044702
841.3,6.048305,1.175809,-1.043489
841.4,6.048905,1.17478,-1.04227
841.5,6.049505,1.173753,-1.041045
841.6,6.050105,1.17273,-1.039815
841.7,6.050705,1.17171,-1.038579
841.8,6.051305,1.170692,-1.037337
841.9,6.051905,1.169678,-1.036089
842.0,6.052505,1.168666,-1.034834
842.1,6.053105,1.167657,-1.033574
842.2,6.053705,1.166651,-1.032308
842.3,6.054305,1.165648,-1.031036
842.4,6.054905,1.164648,-1.029758
842.5,6.055506,1.163651,-1.028473
842.6,6.056106,1.162656,-1.027182
842.7,6.056706,1.161665,-1.025886
842.8,6.057306,1.160676,-1.024582
842.9,6.057906,1.159691,-1.023273
843.0,6.058506,1.158708,-1.021957
843.1,6.059106,1.157728,-1.020635
843.2,6.059706,1.156751,-1.019306
843.3,6.060306,1.155777,-1.017971
843.4,6.060906,1.154806,-1.016629
843.5,6.061506,1.153838,-1.015281
843.6,6.062106,1.152873,-1.013926
843.7,6.062706,1.15191,-1.012564
843.8,6.063306,1.150951,-1.011196
843.9,6.063906,1.149995,-1.009821
844.0,6.064506,1.149041,-1.00844
844.1,6.065107,1.14809,-1.007051
844.2,6.065707,1.147143,-1.005656
844.3,6.066307,1.146198,-1.004254
844.4,6.066907,1.145256,-1.002845
844.5,6.067507,1.144317,-1.001429
844.6,6.068107,1.143381,-1.000006
844.7,6.068707,1.142448,-0.998575
844.8,6.069307,1.141518,-0.997138
844.9,6.069907,1.14059,-0.995694
845.0,6.070507,1.139666,-0.994242
845.1,6.071107,1.138745,-0.992783
845.2,6.071707,1.137826,-0.991317
845.3,6.072307,1.136911,-0.989844
845.4,6.072907,1.135998,-0.988363
845.5,6.073507,1.135089,-0.986875
845.6,6.074107,1.134182,-0.985379
845.7,6.074707,1.133279,-0.983876
845.8,6.075308,1.132378,-0.982365
845.9,6.075908,1.13148,-0.980847
846.0,6.076508,1.130585,-0.979321
846.1,6.077108,1.129693,-0.977787
846.2,6.077708,1.128804,-0.976246
846.3,6.078308,1.127919,-0.974697
846.4,6.078908,1.127036,-0.97314
846.5,6.079508,1.126155,-0.971575
846.6,6.080108,1.125278,-0.970002
846.7,6.080708,1.124404,-0.968421
846.8,6.081308,1.123533,-0.966832
846.9,6.081908,1.122665,-0.965235
847.0,6.082508,1.1218,-0.96363
847.1,6.083108,1.120937,-0.962016
847.2,6.083708,1.120078,-0.960395
847.3,6.084308,1.119222,-0.958765
847.4,6.084908,1.118368,-0.957127
847.5,6.085509,1.117518,-0.95548
847.6,6.086109,1.116671,-0.953825
847.7,6.086709,1.115826,-0.952161
847.8,6.087309,1.114985,-0.950489
847.9,6.087909,1.114146,-0.948808
848.0,6.088509,1.113311,-0.947119
848.1,6.089109,1.112478,-0.94542
848.2,6.089709,1.111649,-0.943713
848.3,6.090309,1.110822,-0.941998
848.4,6.090909,1.109998,-0.940273
848.5,6.091509,1.109178,-0.938539
848.6,6.092109,1.10836,-0.936796
848.7,6.092709,1.107546,-0.935045
848.8,6.093309,1.106734,-0.933284
848.9,6.093909,1.105925,-0.931514
849.0,6.094509,1.10512,-0.929735
849.1,6.09511,1.104317,-0.927946
849.2,6.09571,1.103517,-0.926148
849.3,6.09631,1.102721,-0.924341
849.4,6.09691,1.101927,-0.922524
849.5,6.09751,1.101136,-0.920698
849.6,6.09811,1.100349,-0.918862
849.7,6.09871,1.099564,-0.917017
849.8,6.09931,1.098782,-0.915162
849.9,6.09991,1.098004,-0.913297
850.0,6.10051,1.097228,-0.911422
850.1,6.10111,1.096455,-0.909537
850.2,6.10171,1.095686,-0.907643
850.3,6.10231,1.094919,-0.905738
850.4,6.10291,1.094155,-0.903823
850.5,6.10351,1.093395,-0.901899
850.6,6.10411,1.092637,-0.899964
850.7,6.10471,1.091882,-0.898018
850.8,6.105311,1.091131,-0.896063
850.9,6.105911,1.090382,-0.894097
851.0,6.106511,1.089637,-0.892121
851.1,6.107111,1.088894,-0.890134
851.2,6.107711,1.088155,-0.888136
851.3,6.108311,1.087418,-0.886128
851.4,6.108911,1.086685,-0.884109
851.5,6.109511,1.085954,-0.88208
851.6,6.110111,1.085227,-0.880039
851.7,6.110711,1.084502,-0.877988
851.8,6.111311,1.083781,-0.875926
851.9,6.111911,1.083062,-0.873853
852.0,6.112511,1.082347,-0.871768
852.1,6.113111,1.081635,-0.869673
852.2,6.113711,1.080926,-0.867566
852.3,6.114311,1.080219,-0.865448
852.4,6.114911,1.079516,-0.863318
852.5,6.115512,1.078816,-0.861177
852.6,6.116112,1.078119,-0.859025
852.7,6.116712,1.077425,-0.856861
852.8,6.117312,1.076734,-0.854685
852.9,6.117912,1.076046,-0.852498
853.0,6.118512,1.075361,-0.850298
853.1,6.119112,1.074679,-0.848087
853.2,6.119712,1.074,-0.845864
853.3,6.120312,1.073324,-0.843629
853.4,6.120912,1.072651,-0.841382
853.5,6.121512,1.071981,-0.839123
853.6,6.122112,1.071314,-0.836852
853.7,6.122712,1.070651,-0.834568
853.8,6.123312,1.06999,-0.832272
853.9,6.123912,1.069332,-0.829963
854.0,6.124512,1.068678,-0.827642
854.1,6.125113,1.068026,-0.825309
854.2,6.125713,1.067378,-0.822962
854.3,6.126313,1.066733,-0.820604
854.4,6.126913,1.06609,-0.818232
854.5,6.127513,1.065451,-0.815847
854.6,6.128113,1.064815,-0.81345
854.7,6.128713,1.064182,-0.811039
854.8,6.129313,1.063551,-0.808615
854.9,6.129913,1.062924,-0.806179
855.0,6.130513,1.0623,-0.803729
855.1,6.131113,1.061679,-0.801265
855.2,6.131713,1.061062,-0.798788
855.3,6.132313,1.060447,-0.796298
855.4,6.132913,1.059835,-0.793794
855.5,6.133513,1.059226,-0.791277
855.6,6.134113,1.058621,-0.788746
855.7,6.134713,1.058018,-0.786201
855.8,6.135314,1.057419,-0.783643
855.9,6.135914,1.056822,-0.78107
856.0,6.136514,1.056229,-0.778484
856.1,6.137114,1.055639,-0.775883
856.2,6.137714,1.055051,-0.773268
856.3,6.138314,1.054467,-0.770639
856.4,6.138914,1.053886,-0.767996
856.5,6.139514,1.053308,-0.765339
856.6,6.140114,1.052733,-0.762667
856.7,6.140714,1.052161,-0.75998
856.8,6.141314,1.051593,-0.757279
856.9,6.141914,1.051027,-0.754563
857.0,6.142514,1.050464,-0.751833
857.1,6.143114,1.049905,-0.749088
857.2,6.143714,1.049348,-0.746328
857.3,6.144314,1.048795,-0.743552
857.4,6.144914,1.048245,-0.740762
857.5,6.145515,1.047697,-0.737957
857.6,6.146115,1.047153,-0.735137
857.7,6.146715,1.046612,-0.732301
857.8,6.147315,1.046074,-0.72945
857.9,6.147915,1.045539,-0.726584
858.0,6.148515,1.045008,-0.723702
858.1,6.149115,1.044479,-0.720804
858.2,6.149715,1.043953,-0.717891
858.3,6.150315,1.043431,-0.714963
858.4,6.150915,1.042911,-0.712018
858.5,6.151515,1.042395,-0.709058
858.6,6.152115,1.041882,-0.706082
858.7,6.152715,1.041372,-0.70309
858.8,6.153315,1.040865,-0.700082
858.9,6.153915,1.040361,-0.697057
859.0,6.154515,1.03986,-0.694017
859.1,6.155116,1.039362,-0.69096
859.2,6.155716,1.038867,-0.687887
859.3,6.156316,1.038376,-0.684798
859.4,6.156916,1.037887,-0.681692
859.5,6.157516,1.037402,-0.67857
859.6,6.158116,1.03692,-0.675431
859.7,6.158716,1.036441,-0.672275
859.8,6.159316,1.035964,-0.669103
859.9,6.159916,1.035491,-0.665914
860.0,6.160516,1.035022,-0.662708
860.1,6.161116,1.034555,-0.659485
860.2,6.161716,1.034091,-0.656246
860.3,6.162316,1.033631,-0.652989
860.4,6.162916,1.033173,-0.649715
860.5,6.163516,1.032719,-0.646424
860.6,6.164116,1.032268,-0.643116
860.7,6.164716,1.031819,-0.639791
860.8,6.165317,1.031374,-0.636448
860.9,6.165917,1.030933,-0.633088
861.0,6.166517,1.030494,-0.629711
861.1,6.167117,1.030058,-0.626316
861.2,6.167717,1.029625,-0.622904
861.3,6.168317,1.029196,-0.619474
861.4,6.168917,1.02877,-0.616026
861.5,6.169517,1.028346,-0.612561
861.6,6.170117,1.027926,-0.609078
861.7,6.170717,1.027509,-0.605577
861.8,6.171317,1.027095,-0.602059
861.9,6.171917,1.026685,-0.598522
862.0,6.172517,1.026277,-0.594968
862.1,6.173117,1.025872,-0.591396
862.2,6.173717,1.025471,-0.587806
862.3,6.174317,1.025073,-0.584198
862.4,6.174917,1.024677,-0.580572
862.5,6.175518,1.024285,-0.576928
862.6,6.176118,1.023896,-0.573265
862.7,6.176718,1.023511,-0.569585
862.8,6.177318,1.023128,-0.565887
862.9,6.177918,1.022748,-0.56217
863.0,6.178518,1.022372,-0.558435
863.1,6.179118,1.021998,-0.554682
863.2,6.179718,1.021628,-0.550911
863.3,6.180318,1.021261,-0.547121
863.4,6.180918,1.020897,-0.543313
863.5,6.181518,1.020536,-0.539487
863.6,6.182118,1.020179,-0.535642
863.7,6.182718,1.019824,-0.531779
863.8,6.183318,1.019473,-0.527898
863.9,6.183918,1.019124,-0.523999
864.0,6.184518,1.018779,-0.520081
864.1,6.185119,1.018437,-0.516145
864.2,6.185719,1.018098,-0.51219
864.3,6.186319,1.017762,-0.508217
864.4,6.186919,1.01743,-0.504226
864.5,6.187519,1.0171,-0.500217
864.6,6.188119,1.016774,-0.496189
864.7,6.188719,1.01645,-0.492143
864.8,6.189319,1.01613,-0.488078
864.9,6.189919,1.015813,-0.483995
865.0,6.190519,1.015499,-0.479894
865.1,6.191119,1.015189,-0.475775
865.2,6.191719,1.014881,-0.471638
865.3,6.192319,1.014576,-0.467482
865.4,6.192919,1.014275,-0.463308
865.5,6.193519,1.013977,-0.459117
865.6,6.194119,1.013682,-0.454907
865.7,6.194719,1.01339,-0.450679
865.8,6.19532,1.013101,-0.446433
865.9,6.19592,1.012815,-0.442169
866.0,6.19652,1.012533,-0.437887
866.1,6.19712,1.012254,-0.433587
866.2,6.19772,1.011977,-0.42927
866.3,6.19832,1.011704,-0.424935
866.4,6.19892,1.011434,-0.420582
866.5,6.19952,1.011167,-0.416211
866.6,6.20012,1.010904,-0.411823
866.7,6.20072,1.010643,-0.407418
866.8,6.20132,1.010386,-0.402995
866.9,6.20192,1.010132,-0.398555
867.0,6.20252,1.00988,-0.394097
867.1,6.20312,1.009632,-0.389623
867.2,6.20372,1.009388,-0.385131
867.3,6.20432,1.009146,-0.380623
867.4,6.20492,1.008907,-0.376097
867.5,6.205521,1.008672,-0.371555
867.6,6.206121,1.00844,-0.366996
867.7,6.206721,1.008211,-0.362421
867.8,6.207321,1.007985,-0.357829
867.9,6.207921,1.007762,-0.353221
868.0,6.208521,1.007542,-0.348596
868.1,6.209121,1.007326,-0.343955
868.2,6.209721,1.007112,-0.339299
868.3,6.210321,1.006902,-0.334626
868.4,6.210921,1.006695,-0.329938
868.5,6.211521,1.006491,-0.325235
868.6,6.212121,1.00629,-0.320515
868.7,6.212721,1.006093,-0.315781
868.8,6.213321,1.005898,-0.311031
868.9,6.213921,1.005707,-0.306267
869.0,6.214521,1.005519,-0.301487
869.1,6.215122,1.005334,-0.296693
869.2,6.215722,1.005152,-0.291884
869.3,6.216322,1.004973,-0.287061
869.4,6.216922,1.004798,-0.282224
869.5,6.217522,1.004625,-0.277372
869.6,6.218122,1.004456,-0.272507
869.7,6.218722,1.00429,-0.267628
869.8,6.219322,1.004127,-0.262736
869.9,6.219922,1.003967,-0.25783
870.0,6.220522,1.00381,-0.252911
870.1,6.221122,1.003657,-0.247979
870.2,6.221722,1.003507,-0.243035
870.3,6.222322,1.003359,-0.238078
870.4,6.222922,1.003215,-0.233109
870.5,6.223522,1.003074,-0.228127
870.6,6.224122,1.002937,-0.223134
870.7,6.224722,1.002802,-0.218129
870.8,6.225323,1.002671,-0.213113
870.9,6.225923,1.002542,-0.208085
871.0,6.226523,1.002417,-0.203046
871.1,6.227123,1.002295,-0.197997
871.2,6.227723,1.002177,-0.192937
871.3,6.228323,1.002061,-0.187866
871.4,6.228923,1.001948,-0.182786
871.5,6.229523,1.001839,-0.177695
871.6,6.230123,1.001733,-0.172596
871.7,6.230723,1.00163,-0.167486
871.8,6.231323,1.00153,-0.162368
871.9,6.231923,1.001433,-0.157241
872.0,6.232523,1.00134,-0.152105
872.1,6.233123,1.001249,-0.146961
872.2,6.233723,1.001162,-0.141809
872.3,6.234323,1.001078,-0.136649
872.4,6.234923,1.000997,-0.131481
872.5,6.235524,1.000919,-0.126306
872.6,6.236124,1.000845,-0.121124
872.7,6.236724,1.000773,-0.115936
872.8,6.237324,1.000705,-0.110741
872.9,6.237924,1.00064,-0.105539
873.0,6.238524,1.000578,-0.100332
873.1,6.239124,1.000519,-0.09512
873.2,6.239724,1.000463,-0.089901
873.3,6.240324,1.000411,-0.084678
873.4,6.240924,1.000361,-0.07945
873.5,6.241524,1.000315,-0.074218
873.6,6.242124,1.000272,-0.068981
873.7,6.242724,1.000232,-0.063741
873.8,6.243324,1.000195,-0.058497
873.9,6.243924,1.000162,-0.053249
874.0,6.244524,1.000132,-0.047999
874.1,6.245125,1.000104,-0.042746
874.2,6.245725,1.00008,-0.03749
874.3,6.246325,1.000059,-0.032232
874.4,6.246925,1.000041,-0.026973
874.5,6.247525,1.000027,-0.021712
874.6,6.248125,1.000015,-0.016449
874.7,6.248725,1.000007,-0.011186
874.8,6.249325,1.000002,-0.005922
874.9,6.249925,1.0,-0.000658
875.0,6.250525,1.000001,0.004606
875.1,6.251125,1.000006,0.00987
875.2,6.251725,1.000013,0.015134
875.3,6.252325,1.000024,0.020396
875.4,6.252925,1.000038,0.025658
875.5,6.253525,1.000055,0.030918
875.6,6.254125,1.000075,0.036176
875.7,6.254725,1.000098,0.041432
875.8,6.255326,1.000124,0.046686
875.9,6.255926,1.000154,0.051937
876.0,6.256526,1.000187,0.057185
876.1,6.257126,1.000223,0.06243
876.2,6.257726,1.000262,0.067672
876.3,6.258326,1.000304,0.072909
876.4,6.258926,1.000349,0.078143
876.5,6.259526,1.000398,0.083372
876.6,6.260126,1.00045,0.088596
876.7,6.260726,1.000505,0.093816
876.8,6.261326,1.000563,0.09903
876.9,6.261926,1.000624,0.104238
877.0,6.262526,1.000688,0.109441
877.1,6.263126,1.000756,0.114638
877.2,6.263726,1.000826,0.119828
877.3,6.264326,1.0009,0.125011
877.4,6.264926,1.000977,0.130188
877.5,6.265527,1.001057,0.135357
877.6,6.266127,1.001141,0.140519
877.7,6.266727,1.001227,0.145674
877.8,6.267327,1.001317,0.15082
877.9,6.267927,1.00141,0.155958
878.0,6.268527,1.001505,0.161087
878.1,6.269127,1.001605,0.166208
878.2,6.269727,1.001707,0.171319
878.3,6.270327,1.001812,0.176421
878.4,6.270927,1.001921,0.181514
878.5,6.271527,1.002032,0.186597
878.6,6.272127,1.002147,0.19167
878.7,6.272727,1.002265,0.196733
878.8,6.273327,1.002386,0.201785
878.9,6.273927,1.002511,0.206826
879.0,6.274527,1.002638,0.211857
879.1,6.275128,1.002769,0.216876
879.2,6.275728,1.002903,0.221884
879.3,6.276328,1.00304,0.22688
879.4,6.276928,1.00318,0.231865
879.5,6.277528,1.003323,0.236837
879.6,6.278128,1.003469,0.241797
879.7,6.278728,1.003619,0.246745
879.8,6.279328,1.003772,0.251679
879.9,6.279928,1.003928,0.256602
880.0,6.280528,1.004087,0.261511
880.1,6.281128,1.004249,0.266406
880.2,6.281728,1.004414,0.271289
880.3,6.282328,1.004583,0.276157
880.4,6.282928,1.004754,0.281012
880.5,6.283528,1.004929,0.285853
880.6,6.284128,1.005107,0.29068
880.7,6.284728,1.005288,0.295492
880.8,6.285329,1.005472,0.30029
880.9,6.285929,1.00566,0.305073
881.0,6.286529,1.00585,0.309841
881.1,6.287129,1.006044,0.314595
881.2,6.287729,1.006241,0.319333
881.3,6.288329,1.006441,0.324056
881.4,6.288929,1.006644,0.328764
881.5,6.289529,1.00685,0.333456
881.6,6.290129,1.00706,0.338132
881.7,6.290729,1.007272,0.342793
881.8,6.291329,1.007488,0.347437
881.9,6.291929,1.007707,0.352066
882.0,6.292529,1.007929,0.356678
882.1,6.293129,1.008154,0.361274
882.2,6.293729,1.008382,0.365854
882.3,6.294329,1.008614,0.370417
882.4,6.294929,1.008848,0.374963
882.5,6.29553,1.009086,0.379493
882.6,6.29613,1.009327,0.384006
882.7,6.29673,1.009571,0.388502
882.8,6.29733,1.009818,0.39298
882.9,6.29793,1.010068,0.397442
883.0,6.29853,1.010322,0.401887
883.1,6.29913,1.010579,0.406314
883.2,6.29973,1.010838,0.410724
883.3,6.30033,1.011101,0.415116
883.4,6.30093,1.011367,0.419491
883.5,6.30153,1.011636,0.423848
883.6,6.30213,1.011909,0.428188
883.7,6.30273,1.012184,0.43251
883.8,6.30333,1.012463,0.436814
883.9,6.30393,1.012744,0.4411
884.0,6.30453,1.013029,0.445368
884.1,6.305131,1.013317,0.449619
884.2,6.305731,1.013609,0.453851
884.3,6.306331,1.013903,0.458066
884.4,6.306931,1.0142,0.462262
884.5,6.307531,1.014501,0.46644
884.6,6.308131,1.014804,0.470601
884.7,6.308731,1.015111,0.474742
884.8,6.309331,1.015421,0.478866
884.9,6.309931,1.015734,0.482972
885.0,6.310531,1.016051,0.487059
885.1,6.311131,1.01637,0.491128
885.2,6.311731,1.016692,0.495179
885.3,6.312331,1.017018,0.499211
885.4,6.312931,1.017347,0.503225
885.5,6.313531,1.017679,0.507221
885.6,6.314131,1.018014,0.511199
885.7,6.314731,1.018352,0.515158
885.8,6.315332,1.018693,0.519099
885.9,6.315932,1.019038,0.523021
886.0,6.316532,1.019385,0.526925
886.1,6.317132,1.019736,0.530811
886.2,6.317732,1.02009,0.534678
886.3,6.318332,1.020447,0.538527
886.4,6.318932,1.020807,0.542358
886.5,6.319532,1.02117,0.546171
886.6,6.320132,1.021536,0.549965
886.7,6.320732,1.021906,0.553741
886.8,6.321332,1.022278,0.557498
886.9,6.321932,1.022654,0.561238
887.0,6.322532,1.023033,0.564959
887.1,6.323132,1.023415,0.568662
887.2,6.323732,1.0238,0.572347
887.3,6.324332,1.024188,0.576014
887.4,6.324932,1.024579,0.579663
887.5,6.325533,1.024974,0.583293
887.6,6.326133,1.025371,0.586906
887.7,6.326733,1.025772,0.5905
887.8,6.327333,1.026175,0.594077
887.9,6.327933,1.026582,0.597635
888.0,6.328533,1.026992,0.601176
888.1,6.329133,1.027405,0.604699
888.2,6.329733,1.027822,0.608204
888.3,6.330333,1.028241,0.611692
888.4,6.330933,1.028664,0.615161
888.5,6.331533,1.029089,0.618613
888.6,6.332133,1.029518,0.622048
888.7,6.332733,1.02995,0.625464
888.8,6.333333,1.030384,0.628864
888.9,6.333933,1.030823,0.632245
889.0,6.334533,1.031264,0.63561
889.1,6.335134,1.031708,0.638957
889.2,6.335734,1.032155,0.642286
889.3,6.336334,1.032606,0.645599
889.4,6.336934,1.033059,0.648894
889.5,6.337534,1.033516,0.652172
889.6,6.338134,1.033976,0.655433
889.7,6.338734,1.034439,0.658677
889.8,6.339334,1.034905,0.661904
889.9,6.339934,1.035374,0.665114
890.0,6.340534,1.035846,0.668307
890.1,6.341134,1.036321,0.671484
890.2,6.341734,1.0368,0.674643
890.3,6.342334,1.037281,0.677787
890.4,6.342934,1.037766,0.680913
890.5,6.343534,1.038253,0.684023
890.6,6.344134,1.038744,0.687116
890.7,6.344734,1.039238,0.690194
890.8,6.345335,1.039735,0.693254
890.9,6.345935,1.040235,0.696299
891.0,6.346535,1.040738,0.699327
891.1,6.347135,1.041245,0.702339
891.2,6.347735,1.041754,0.705335
891.3,6.348335,1.042267,0.708316
891.4,6.348935,1.042782,0.71128
891.5,6.349535,1.043301,0.714228
891.6,6.350135,1.043822,0.717161
891.7,6.350735,1.044347,0.720078
891.8,6.351335,1.044875,0.722979
891.9,6.351935,1.045406,0.725865
892.0,6.352535,1.04594,0.728735
892.1,6.353135,1.046477,0.73159
892.2,6.353735,1.047018,0.734429
892.3,6.354335,1.047561,0.737253
892.4,6.354935,1.048108,0.740062
892.5,6.355536,1.048657,0.742856
892.6,6.356136,1.04921,0.745635
892.7,6.356736,1.049765,0.748399
892.8,6.357336,1.050324,0.751148
892.9,6.357936,1.050886,0.753882
893.0,6.358536,1.051451,0.756602
893.1,6.359136,1.052019,0.759306
893.2,6.359736,1.05259,0.761996
893.3,6.360336,1.053164,0.764672
893.4,6.360936,1.053741,0.767333
893.5,6.361536,1.054322,0.76998
893.6,6.362136,1.054905,0.772612
893.7,6.362736,1.055491,0.775231
893.8,6.363336,1.056081,0.777835
893.9,6.363936,1.056674,0.780425
894.0,6.364536,1.057269,0.783001
894.1,6.365137,1.057868,0.785563
894.2,6.365737,1.05847,0.788111
894.3,6.366337,1.059075,0.790646
894.4,6.366937,1.059682,0.793166
894.5,6.367537,1.060293,0.795674
894.6,6.368137,1.060908,0.798167
894.7,6.368737,1.061525,0.800647
894.8,6.369337,1.062145,0.803114
894.9,6.369937,1.062768,0.805567
895.0,6.370537,1.063394,0.808007
895.1,6.371137,1.064024,0.810434
895.2,6.371737,1.064656,0.812848
895.3,6.372337,1.065292,0.815249
895.4,6.372937,1.06593,0.817637
895.5,6.373537,1.066572,0.820012
895.6,6.374137,1.067216,0.822374
895.7,6.374737,1.067864,0.824723
895.8,6.375338,1.068515,0.82706
895.9,6.375938,1.069169,0.829384
896.0,6.376538,1.069825,0.831696
896.1,6.377138,1.070485,0.833995
896.2,6.377738,1.071148,0.836282
896.3,6.378338,1.071814,0.838556
896.4,6.378938,1.072483,0.840819
896.5,6.379538,1.073155,0.843069
896.6,6.380138,1.07383,0.845307
896.7,6.380738,1.074509,0.847533
896.8,6.381338,1.07519,0.849747
896.9,6.381938,1.075874,0.851949
897.0,6.382538,1.076561,0.854139
897.1,6.383138,1.077252,0.856318
897.2,6.383738,1.077945,0.858485
897.3,6.384338,1.078641,0.86064
897.4,6.384938,1.079341,0.862784
897.5,6.385539,1.080043,0.864916
897.6,6.386139,1.080749,0.867037
897.7,6.386739,1.081457,0.869147
897.8,6.387339,1.082169,0.871245
897.9,6.387939,1.082883,0.873332
898.0,6.388539,1.083601,0.875409
898.1,6.389139,1.084322,0.877474
898.2,6.389739,1.085045,0.879528
898.3,6.390339,1.085772,0.881571
898.4,6.390939,1.086502,0.883603
898.5,6.391539,1.087234,0.885624
898.6,6.392139,1.08797,0.887635
898.7,6.392739,1.088709,0.889635
898.8,6.393339,1.089451,0.891625
898.9,6.393939,1.090196,0.893604
899.0,6.394539,1.090943,0.895572
899.1,6.39514,1.091694,0.897531
899.2,6.39574,1.092448,0.899478
899.3,6.39634,1.093205,0.901416
899.4,6.39694,1.093965,0.903343
899.5,6.39754,1.094728,0.90526
899.6,6.39814,1.095494,0.907167
899.7,6.39874,1.096262,0.909065
899.8,6.39934,1.097034,0.910952
899.9,6.39994,1.097809,0.912829
900.0,6.40054,1.098587,0.914696
900.1,6.40114,1.099368,0.916554
900.2,6.40174,1.100152,0.918402
900.3,6.40234,1.100939,0.92024
900.4,6.40294,1.101729,0.922069
900.5,6.40354,1.102522,0.923888
900.6,6.40414,1.103318,0.925697
900.7,6.40474,1.104117,0.927498
900.8,6.405341,1.104919,0.929288
900.9,6.405941,1.105724,0.93107
901.0,6.406541,1.106531,0.932842
901.1,6.407141,1.107342,0.934605
901.2,6.407741,1.108156,0.936359
901.3,6.408341,1.108973,0.938104
901.4,6.408941,1.109793,0.93984
901.5,6.409541,1.110616,0.941567
901.6,6.410141,1.111442,0.943285
901.7,6.410741,1.11227,0.944994
901.8,6.411341,1.113102,0.946695
901.9,6.411941,1.113937,0.948387
902.0,6.412541,1.114775,0.95007
902.1,6.413141,1.115615,0.951744
902.2,6.413741,1.116459,0.95341
902.3,6.414341,1.117306,0.955067
902.4,6.414941,1.118155,0.956716
902.5,6.415542,1.119008,0.958356
902.6,6.416142,1.119864,0.959988
902.7,6.416742,1.120722,0.961612
902.8,6.417342,1.121584,0.963227
902.9,6.417942,1.122448,0.964834
903.0,6.418542,1.123316,0.966434
903.1,6.419142,1.124186,0.968024
903.2,6.419742,1.12506,0.969607
903.3,6.420342,1.125936,0.971182
903.4,6.420942,1.126815,0.972749
903.5,6.421542,1.127697,0.974308
903.6,6.422142,1.128583,0.975859
903.7,6.422742,1.129471,0.977403
903.8,6.423342,1.130362,0.978938
903.9,6.423942,1.131256,0.980466
904.0,6.424542,1.132153,0.981987
904.1,6.425143,1.133053,0.983499
904.2,6.425743,1.133956,0.985004
904.3,6.426343,1.134862,0.986502
904.4,6.426943,1.135771,0.987992
904.5,6.427543,1.136683,0.989475
904.6,6.428143,1.137597,0.99095
904.7,6.428743,1.138515,0.992418
904.8,6.429343,1.139436,0.993878
904.9,6.429943,1.140359,0.995332
905.0,6.430543,1.141286,0.996778
905.1,6.431143,1.142215,0.998217
905.2,6.431743,1.143147,0.999649
905.3,6.432343,1.144083,1.001074
905.4,6.432943,1.145021,1.002491
905.5,6.433543,1.145962,1.003902
905.6,6.434143,1.146906,1.005306
905.7,6.434743,1.147853,1.006703
905.8,6.435344,1.148803,1.008093
905.9,6.435944,1.149756,1.009477
906.0,6.436544,1.150712,1.010853
906.1,6.437144,1.15167,1.012223
906.2,6.437744,1.152632,1.013586
906.3,6.438344,1.153596,1.014943
906.4,6.438944,1.154564,1.016293
906.5,6.439544,1.155534,1.017636
906.6,6.440144,1.156508,1.018973
906.7,6.440744,1.157484,1.020303
906.8,6.441344,1.158463,1.021627
906.9,6.441944,1.159445,1.022944
907.0,6.442544,1.16043,1.024256
907.1,6.443144,1.161418,1.02556
907.2,6.443744,1.162408,1.026859
907.3,6.444344,1.163402,1.028151
907.4,6.444944,1.164398,1.029437
907.5,6.445545,1.165398,1.030717
907.6,6.446145,1.1664,1.031991
907.7,6.446745,1.167405,1.033258
907.8,6.447345,1.168413,1.03452
907.9,6.447945,1.169424,1.035776
908.0,6.448545,1.170438,1.037025
908.1,6.449145,1.171455,1.038269
908.2,6.449745,1.172475,1.039506
908.3,6.450345,1.173497,1.040738
908.4,6.450945,1.174523,1.041964
908.5,6.451545,1.175551,1.043184
908.6,6.452145,1.176582,1.044399
908.7,6.452745,1.177616,1.045608
908.8,6.453345,1.178653,1.046811
908.9,6.453945,1.179693,1.048008
909.0,6.454545,1.180736,1.049199
909.1,6.455146,1.181782,1.050386
909.2,6.455746,1.18283,1.051566
909.3,6.456346,1.183881,1.052741
909.4,6.456946,1.184936,1.05391
909.5,6.457546,1.185993,1.055074
909.6,6.458146,1.187053,1.056233
909.7,6.458746,1.188115,1.057386
909.8,6.459346,1.189181,1.058534
909.9,6.459946,1.19025,1.059676
910.0,6.460546,1.191321,1.060813
910.1,6.461146,1.192395,1.061945
910.2,6.461746,1.193472,1.063072
910.3,6.462346,1.194552,1.064193
910.4,6.462946,1.195635,1.06531
910.5,6.463546,1.196721,1.066421
910.6,6.464146,1.197809,1.067527
910.7,6.464746,1.198901,1.068627
910.8,6.465347,1.199995,1.069723
910.9,6.465947,1.201092,1.070814
911.0,6.466547,1.202192,1.0719
911.1,6.467147,1.203294,1.072981
911.2,6.467747,1.2044,1.074056
911.3,6.468347,1.205508,1.075127
911.4,6.468947,1.206619,1.076193
911.5,6.469547,1.207733,1.077255
911.6,6.470147,1.20885,1.078311
911.7,6.470747,1.20997,1.079363
911.8,6.471347,1.211093,1.080409
911.9,6.471947,1.212218,1.081452
912.0,6.472547,1.213346,1.082489
912.1,6.473147,1.214477,1.083522
912.2,6.473747,1.215611,1.08455
912.3,6.474347,1.216748,1.085573
912.4,6.474947,1.217887,1.086592
912.5,6.475548,1.219029,1.087606
912.6,6.476148,1.220174,1.088616
912.7,6.476748,1.221322,1.089621
912.8,6.477348,1.222473,1.090621
912.9,6.477948,1.223627,1.091617
913.0,6.478548,1.224783,1.092609
913.1,6.479148,1.225942,1.093596
913.2,6.479748,1.227104,1.094579
913.3,6.480348,1.228269,1.095558
913.4,6.480948,1.229436,1.096532
913.5,6.481548,1.230607,1.097502
913.6,6.482148,1.23178,1.098467
913.7,6.482748,1.232956,1.099428
913.8,6.483348,1.234134,1.100385
913.9,6.483948,1.235316,1.101338
914.0,6.484548,1.2365,1.102287
914.1,6.485149,1.237687,1.103231
914.2,6.485749,1.238877,1.104171
914.3,6.486349,1.24007,1.105107
914.4,6.486949,1.241265,1.106039
914.5,6.487549,1.242463,1.106967
914.6,6.488149,1.243664,1.107891
914.7,6.488749,1.244868,1.108811
914.8,6.489349,1.246074,1.109727
914.9,6.489949,1.247284,1.110639
915.0,6.490549,1.248496,1.111547
915.1,6.491149,1.249711,1.112451
915.2,6.491749,1.250928,1.113351
915.3,6.492349,1.252149,1.114247
915.4,6.492949,1.253372,1.115139
915.5,6.493549,1.254597,1.116027
915.6,6.494149,1.255826,1.116912
915.7,6.494749,1.257057,1.117792
915.8,6.49535,1.258292,1.118669
915.9,6.49595,1.259528,1.119542
916.0,6.49655,1.260768,1.120412
916.1,6.49715,1.26201,1.121277
916.2,6.49775,1.263256,1.122139
916.3,6.49835,1.264503,1.122998
916.4,6.49895,1.265754,1.123852
916.5,6.49955,1.267007,1.124703
916.6,6.50015,1.268263,1.12555
916.7,6.50075,1.269522,1.126394
916.8,6.50135,1.270784,1.127234
916.9,6.50195,1.272048,1.128071
917.0,6.50255,1.273315,1.128904
917.1,6.50315,1.274585,1.129733
917.2,6.50375,1.275857,1.130559
917.3,6.50435,1.277132,1.131381
917.4,6.50495,1.27841,1.1322
917.5,6.505551,1.279691,1.133016
917.6,6.506151,1.280974,1.133828
917.7,6.506751,1.28226,1.134637
917.8,6.507351,1.283549,1.135442
917.9,6.507951,1.284841,1.136244
918.0,6.508551,1.286135,1.137042
918.1,6.509151,1.287432,1.137837
918.2,6.509751,1.288731,1.138629
918.3,6.510351,1.290034,1.139418
918.4,6.510951,1.291339,1.140203
918.5,6.511551,1.292646,1.140985
918.6,6.512151,1.293957,1.141764
918.7,6.512751,1.29527,1.142539
918.8,6.513351,1.296586,1.143311
918.9,6.513951,1.297904,1.14408
919.0,6.514551,1.299225,1.144846
919.1,6.515152,1.300549,1.145609
919.2,6.515752,1.301876,1.146368
919.3,6.516352,1.303205,1.147125
919.4,6.516952,1.304537,1.147878
919.5,6.517552,1.305871,1.148628
919.6,6.518152,1.307209,1.149375
919.7,6.518752,1.308549,1.150119
919.8,6.519352,1.309891,1.15086
919.9,6.519952,1.311236,1.151598
920.0,6.520552,1.312584,1.152333
920.1,6.521152,1.313935,1.153065
920.2,6.521752,1.315288,1.153794
920.3,6.522352,1.316644,1.15452
920.4,6.522952,1.318003,1.155243
920.5,6.523552,1.319364,1.155963
920.6,6.524152,1.320728,1.15668
920.7,6.524752,1.322094,1.157394
920.8,6.525353,1.323464,1.158106
920.9,6.525953,1.324835,1.158814
921.0,6.526553,1.32621,1.15952
921.1,6.527153,1.327587,1.160222
921.2,6.527753,1.328967,1.160922
921.3,6.528353,1.330349,1.161619
921.4,6.528953,1.331734,1.162314
921.5,6.529553,1.333122,1.163005
921.6,6.530153,1.334512,1.163694
921.7,6.530753,1.335905,1.16438
921.8,6.531353,1.337301,1.165063
921.9,6.531953,1.338699,1.165743
922.0,6.532553,1.3401,1.166421
922.1,6.533153,1.341503,1.167096
922.2,6.533753,1.342909,1.167768
922.3,6.534353,1.344318,1.168438
922.4,6.534953,1.345729,1.169105
922.5,6.535554,1.347143,1.169769
922.6,6.536154,1.34856,1.170431
922.7,6.536754,1.349979,1.17109
922.8,6.537354,1.351401,1.171746
922.9,6.537954,1.352825,1.1724
923.0,6.538554,1.354252,1.173051
923.1,6.539154,1.355682,1.1737
923.2,6.539754,1.357114,1.174346
923.3,6.540354,1.358548,1.174989
923.4,6.540954,1.359986,1.17563
923.5,6.541554,1.361426,1.176269
923.6,6.542154,1.362868,1.176905
923.7,6.542754,1.364313,1.177538
923.8,6.543354,1.365761,1.178169
923.9,6.543954,1.367211,1.178798
924.0,6.544554,1.368664,1.179424
924.1,6.545155,1.370119,1.180047
924.2,6.545755,1.371577,1.180668
924.3,6.546355,1.373038,1.181287
924.4,6.546955,1.374501,1.181903
924.5,6.547555,1.375967,1.182517
924.6,6.548155,1.377435,1.183129
924.7,6.548755,1.378906,1.183738
924.8,6.549355,1.380379,1.184345
924.9,6.549955,1.381855,1.184949
925.0,6.550555,1.383334,1.185551
925.1,6.551155,1.384815,1.186151
925.2,6.551755,1.386298,1.186749
925.3,6.552355,1.387785,1.187344
925.4,6.552955,1.389273,1.187936
925.5,6.553555,1.390764,1.188527
925.6,6.554155,1.392258,1.189115
925.7,6.554755,1.393755,1.189701
925.8,6.555356,1.395253,1.190285
925.9,6.555956,1.396755,1.190867
926.0,6.556556,1.398259,1.191446
926.1,6.557156,1.399765,1.192023
926.2,6.557756,1.401274,1.192598
926.3,6.558356,1.402786,1.19317
926.4,6.558956,1.4043,1.193741
926.5,6.559556,1.405816,1.194309
926.6,6.560156,1.407335,1.194875
926.7,6.560756,1.408857,1.195439
926.8,6.561356,1.410381,1.196001
926.9,6.561956,1.411908,1.196561
927.0,6.562556,1.413437,1.197118
927.1,6.563156,1.414968,1.197674
927.2,6.563756,1.416503,1.198227
927.3,6.564356,1.418039,1.198778
927.4,6.564956,1.419578,1.199327
927.5,6.565557,1.42112,1.199874
927.6,6.566157,1.422664,1.200419
927.7,6.566757,1.424211,1.200962
927.8,6.567357,1.42576,1.201503
927.9,6.567957,1.427311,1.202042
928.0,6.568557,1.428865,1.202579
928.1,6.569157,1.430422,1.203114
928.2,6.569757,1.431981,1.203647
928.3,6.570357,1.433542,1.204177
928.4,6.570957,1.435106,1.204706
928.5,6.571557,1.436673,1.205233
928.6,6.572157,1.438242,1.205758
928.7,6.572757,1.439813,1.206281
928.8,6.573357,1.441387,1.206802
928.9,6.573957,1.442963,1.207321
929.0,6.574557,1.444542,1.207838
929.1,6.575158,1.446123,1.208353
929.2,6.575758,1.447707,1.208866
929.3,6.576358,1.449293,1.209377
929.4,6.576958,1.450882,1.209887
929.5,6.577558,1.452473,1.210394
929.6,6.578158,1.454066,1.2109
929.7,6.578758,1.455662,1.211404
929.8,6.579358,1.457261,1.211906
929.9,6.579958,1.458861,1.212406
930.0,6.580558,1.460465,1.212904
930.1,6.581158,1.46207,1.2134
930.2,6.581758,1.463678,1.213895
930.3,6.582358,1.465289,1.214387
930.4,6.582958,1.466902,1.214878
930.5,6.583558,1.468517,1.215367
930.6,6.584158,1.470135,1.215855
930.7,6.584758,1.471755,1.21634
930.8,6.585359,1.473378,1.216824
930.9,6.585959,1.475003,1.217306
931.0,6.586559,1.47663,1.217786
931.1,6.587159,1.47826,1.218264
931.2,6.587759,1.479892,1.218741
931.3,6.588359,1.481527,1.219216
931.4,6.588959,1.483164,1.219689
931.5,6.589559,1.484803,1.22016
931.6,6.590159,1.486445,1.22063
931.7,6.590759,1.488089,1.221098
931.8,6.591359,1.489736,1.221564
931.9,6.591959,1.491385,1.222029
932.0,6.592559,1.493036,1.222492
932.1,6.593159,1.49469,1.222953
932.2,6.593759,1.496346,1.223412
932.3,6.594359,1.498005,1.22387
932.4,6.594959,1.499666,1.224327
932.5,6.59556,1.501329,1.224781
932.6,6.59616,1.502995,1.225234
932.7,6.59676,1.504663,1.225685
932.8,6.59736,1.506333,1.226135
932.9,6.59796,1.508006,1.226583
933.0,6.59856,1.509681,1.227029
933.1,6.59916,1.511358,1.227474
933.2,6.59976,1.513038,1.227917
933.3,6.60036,1.51472,1.228359
933.4,6.60096,1.516404,1.228799
933.5,6.60156,1.518091,1.229237
933.6,6.60216,1.51978,1.229674
933.7,6.60276,1.521472,1.23011
933.8,6.60336,1.523166,1.230543
933.9,6.60396,1.524862,1.230975
934.0,6.60456,1.52656,1.231406
934.1,6.605161,1.528261,1.231835
934.2,6.605761,1.529964,1.232263
934.3,6.606361,1.53167,1.232689
934.4,6.606961,1.533377,1.233113
934.5,6.607561,1.535087,1.233536
934.6,6.608161,1.5368,1.233958
934.7,6.608761,1.538515,1.234377
934.8,6.609361,1.540232,1.234796
934.9,6.609961,1.541951,1.235213
935.0,6.610561,1.543673,1.235628
935.1,6.611161,1.545396,1.236042
935.2,6.611761,1.547123,1.236455
935.3,6.612361,1.548851,1.236866
935.4,6.612961,1.550582,1.237276
935.5,6.613561,1.552315,1.237684
935.6,6.614161,1.554051,1.23809
935.7,6.614761,1.555788,1.238496
935.8,6.615362,1.557528,1.238899
935.9,6.615962,1.55927,1.239302
936.0,6.616562,1.561015,1.239703
936.1,6.617162,1.562762,1.240102
936.2,6.617762,1.564511,1.240501
936.3,6.618362,1.566262,1.240897
936.4,6.618962,1.568016,1.241293
936.5,6.619562,1.569771,1.241687
936.6,6.620162,1.57153,1.242079
936.7,6.620762,1.57329,1.24247
936.8,6.621362,1.575053,1.24286
936.9,6.621962,1.576817,1.243248
937.0,6.622562,1.578584,1.243636
937.1,6.623162,1.580354,1.244021
937.2,6.623762,1.582125,1.244406
937.3,6.624362,1.583899,1.244789
937.4,6.624962,1.585675,1.24517
937.5,6.625563,1.587454,1.24555
937.6,6.626163,1.589234,1.245929
937.7,6.626763,1.591017,1.246307
937.8,6.627363,1.592802,1.246683
937.9,6.627963,1.594589,1.247058
938.0,6.628563,1.596379,1.247432
938.1,6.629163,1.59817,1.247805
938.2,6.629763,1.599964,1.248176
938.3,6.630363,1.60176,1.248545
938.4,6.630963,1.603558,1.248914
938.5,6.631563,1.605359,1.249281
938.6,6.632163,1.607162,1.249647
938.7,6.632763,1.608967,1.250012
938.8,6.633363,1.610774,1.250375
938.9,6.633963,1.612583,1.250737
939.0,6.634563,1.614394,1.251098
939.1,6.635164,1.616208,1.251458
939.2,6.635764,1.618024,1.251816
939.3,6.636364,1.619842,1.252173
939.4,6.636964,1.621662,1.252529
939.5,6.637564,1.623485,1.252884
939.6,6.638164,1.625309,1.253237
939.7,6.638764,1.627136,1.253589
939.8,6.639364,1.628965,1.25394
939.9,6.639964,1.630796,1.25429
940.0,6.640564,1.632629,1.254638
940.1,6.641164,1.634464,1.254986
940.2,6.641764,1.636302,1.255332
940.3,6.642364,1.638142,1.255677
940.4,6.642964,1.639984,1.256021
940.5,6.643564,1.641828,1.256363
940.6,6.644164,1.643674,1.256704
940.7,6.644764,1.645522,1.257045
940.8,6.645365,1.647372,1.257384
940.9,6.645965,1.649225,1.257721
941.0,6.646565,1.65108,1.258058
941.1,6.647165,1.652937,1.258394
941.2,6.647765,1.654795,1.258728
941.3,6.648365,1.656657,1.259061
941.4,6.648965,1.65852,1.259393
941.5,6.649565,1.660385,1.259724
941.6,6.650165,1.662253,1.260054
941.7,6.650765,1.664122,1.260383
941.8,6.651365,1.665994,1.26071
941.9,6.651965,1.667868,1.261036
942.0,6.652565,1.669743,1.261362
942.1,6.653165,1.671621,1.261686
942.2,6.653765,1.673501,1.262009
942.3,6.654365,1.675384,1.262331
942.4,6.654965,1.677268,1.262652
942.5,6.655566,1.679154,1.262971
942.6,6.656166,1.681043,1.26329
942.7,6.656766,1.682933,1.263607
942.8,6.657366,1.684826,1.263924
942.9,6.657966,1.68672,1.264239
943.0,6.658566,1.688617,1.264554
943.1,6.659166,1.690516,1.264867
943.2,6.659766,1.692417,1.265179
943.3,6.660366,1.69432,1.26549
943.4,6.660966,1.696225,1.2658
943.5,6.661566,1.698132,1.266109
943.6,6.662166,1.700041,1.266417
943.7,6.662766,1.701952,1.266723
943.8,6.663366,1.703865,1.267029
943.9,6.663966,1.705781,1.267334
944.0,6.664566,1.707698,1.267638
944.1,6.665167,1.709617,1.26794
944.2,6.665767,1.711539,1.268242
944.3,6.666367,1.713462,1.268542
944.4,6.666967,1.715388,1.268842
944.5,6.667567,1.717315,1.269141
944.6,6.668167,1.719245,1.269438
944.7,6.668767,1.721176,1.269735
944.8,6.669367,1.72311,1.27003
944.9,6.669967,1.725046,1.270325
945.0,6.670567,1.726983,1.270618
945.1,6.671167,1.728923,1.27091
945.2,6.671767,1.730864,1.271202
945.3,6.672367,1.732808,1.271492
945.4,6.672967,1.734754,1.271782
945.5,6.673567,1.736701,1.27207
945.6,6.674167,1.738651,1.272358
945.7,6.674767,1.740602,1.272644
945.8,6.675368,1.742556,1.27293
945.9,6.675968,1.744512,1.273215
946.0,6.676568,1.746469,1.273498
946.1,6.677168,1.748429,1.273781
946.2,6.677768,1.75039,1.274063
946.3,6.678368,1.752354,1.274343
946.4,6.678968,1.754319,1.274623
946.5,6.679568,1.756287,1.274902
946.6,6.680168,1.758256,1.27518
946.7,6.680768,1.760227,1.275457
946.8,6.681368,1.762201,1.275733
946.9,6.681968,1.764176,1.276008
947.0,6.682568,1.766153,1.276282
947.1,6.683168,1.768132,1.276555
947.2,6.683768,1.770114,1.276827
947.3,6.684368,1.772097,1.277099
947.4,6.684968,1.774082,1.277369
947.5,6.685569,1.776069,1.277639
947.6,6.686169,1.778057,1.277907
947.7,6.686769,1.780048,1.278175
947.8,6.687369,1.782041,1.278441
947.9,6.687969,1.784036,1.278707
948.0,6.688569,1.786032,1.278972
948.1,6.689169,1.788031,1.279236
948.2,6.689769,1.790031,1.279499
948.3,6.690369,1.792033,1.279762
948.4,6.690969,1.794038,1.280023
948.5,6.691569,1.796044,1.280283
948.6,6.692169,1.798052,1.280543
948.7,6.692769,1.800062,1.280802
948.8,6.693369,1.802074,1.28106
948.9,6.693969,1.804087,1.281316
949.0,6.694569,1.806103,1.281573
949.1,6.69517,1.80812,1.281828
949.2,6.69577,1.81014,1.282082
949.3,6.69637,1.812161,1.282336
949.4,6.69697,1.814184,1.282588
949.5,6.69757,1.816209,1.28284
949.6,6.69817,1.818236,1.283091
949.7,6.69877,1.820265,1.283341
949.8,6.69937,1.822295,1.28359
949.9,6.69997,1.824328,1.283838
950.0,6.70057,1.826362,1.284086
950.1,6.70117,1.828398,1.284332
950.2,6.70177,1.830436,1.284578
950.3,6.70237,1.832476,1.284823
950.4,6.70297,1.834518,1.285067
950.5,6.70357,1.836561,1.285311
950.6,6.70417,1.838607,1.285553
950.7,6.70477,1.840654,1.285795
950.8,6.705371,1.842703,1.286035
950.9,6.705971,1.844754,1.286275
951.0,6.706571,1.846807,1.286515
951.1,6.707171,1.848861,1.286753
951.2,6.707771,1.850918,1.286991
951.3,6.708371,1.852976,1.287227
951.4,6.708971,1.855036,1.287463
951.5,6.709571,1.857098,1.287698
951.6,6.710171,1.859161,1.287933
951.7,6.710771,1.861227,1.288166
951.8,6.711371,1.863294,1.288399
951.9,6.711971,1.865363,1.288631
952.0,6.712571,1.867434,1.288862
952.1,6.713171,1.869506,1.289092
952.2,6.713771,1.87158,1.289322
952.3,6.714371,1.873657,1.289551
952.4,6.714971,1.875734,1.289779
952.5,6.715572,1.877814,1.290006
952.6,6.716172,1.879896,1.290232
952.7,6.716772,1.881979,1.290458
952.8,6.717372,1.884064,1.290683
952.9,6.717972,1.886151,1.290907
953.0,6.718572,1.888239,1.29113
953.1,6.719172,1.890329,1.291353
953.2,6.719772,1.892421,1.291575
953.3,6.720372,1.894515,1.291796
953.4,6.720972,1.896611,1.292016
953.5,6.721572,1.898708,1.292236
953.6,6.722172,1.900807,1.292455
953.7,6.722772,1.902908,1.292673
953.8,6.723372,1.90501,1.29289
953.9,6.723972,1.907114,1.293106
954.0,6.724572,1.90922,1.293322
954.1,6.725173,1.911328,1.293537
954.2,6.725773,1.913437,1.293752
954.3,6.726373,1.915549,1.293965
954.4,6.726973,1.917661,1.294178
954.5,6.727573,1.919776,1.29439
954.6,6.728173,1.921892,1.294602
954.7,6.728773,1.92401,1.294812
954.8,6.729373,1.92613,1.295022
954.9,6.729973,1.928251,1.295231
955.0,6.730573,1.930374,1.29544
955.1,6.731173,1.932499,1.295648
955.2,6.731773,1.934625,1.295855
955.3,6.732373,1.936753,1.296061
955.4,6.732973,1.938883,1.296267
955.5,6.733573,1.941014,1.296472
955.6,6.734173,1.943147,1.296676
955.7,6.734773,1.945282,1.296879
955.8,6.735374,1.947419,1.297082
955.9,6.735974,1.949557,1.297284
956.0,6.736574,1.951696,1.297486
956.1,6.737174,1.953838,1.297686
956.2,6.737774,1.955981,1.297886
956.3,6.738374,1.958126,1.298086
956.4,6.738974,1.960272,1.298284
956.5,6.739574,1.96242,1.298482
956.6,6.740174,1.96457,1.298679
956.7,6.740774,1.966721,1.298876
956.8,6.741374,1.968874,1.299072
956.9,6.741974,1.971028,1.299267
957.0,6.742574,1.973184,1.299461
957.1,6.743174,1.975342,1.299655
957.2,6.743774,1.977502,1.299848
957.3,6.744374,1.979663,1.300041
957.4,6.744974,1.981825,1.300232
957.5,6.745575,1.983989,1.300424
957.6,6.746175,1.986155,1.300614
957.7,6.746775,1.988323,1.300804
957.8,6.747375,1.990492,1.300993
957.9,6.747975,1.992662,1.301181
958.0,6.748575,1.994835,1.301369
958.1,6.749175,1.997008,1.301556
958.2,6.749775,1.999184,1.301743
958.3,6.750375,2.001361,1.301929
958.4,6.750975,2.003539,1.302114
958.5,6.751575,2.005719,1.302298
958.6,6.752175,2.007901,1.302482
958.7,6.752775,2.010084,1.302665
958.8,6.753375,2.012269,1.302848
958.9,6.753975,2.014456,1.30303
959.0,6.754575,2.016644,1.303211
959.1,6.755176,2.018833,1.303392
959.2,6.755776,2.021024,1.303572
959.3,6.756376,2.023217,1.303751
959.4,6.756976,2.025411,1.30393
959.5,6.757576,2.027607,1.304108
959.6,6.758176,2.029804,1.304285
959.7,6.758776,2.032002,1.304462
959.8,6.759376,2.034203,1.304638
959.9,6.759976,2.036405,1.304814
960.0,6.760576,2.038608,1.304989
960.1,6.761176,2.040813,1.305163
960.2,6.761776,2.043019,1.305337
960.3,6.762376,2.045227,1.30551
960.4,6.762976,2.047436,1.305682
960.5,6.763576,2.049647,1.305854
960.6,6.764176,2.05186,1.306025
960.7,6.764776,2.054073,1.306196
960.8,6.765377,2.056289,1.306366
960.9,6.765977,2.058506,1.306535
961.0,6.766577,2.060724,1.306704
961.1,6.767177,2.062944,1.306872
961.2,6.767777,2.065165,1.30704
961.3,6.768377,2.067388,1.307207
961.4,6.768977,2.069612,1.307373
961.5,6.769577,2.071838,1.307539
961.6,6.770177,2.074065,1.307704
961.7,6.770777,2.076294,1.307868
961.8,6.771377,2.078524,1.308032
961.9,6.771977,2.080755,1.308196
962.0,6.772577,2.082988,1.308358
962.1,6.773177,2.085223,1.308521
962.2,6.773777,2.087459,1.308682
962.3,6.774377,2.089696,1.308843
962.4,6.774977,2.091935,1.309004
962.5,6.775578,2.094175,1.309163
962.6,6.776178,2.096417,1.309323
962.7,6.776778,2.09866,1.309481
962.8,6.777378,2.100905,1.309639
962.9,6.777978,2.10315,1.309797
963.0,6.778578,2.105398,1.309954
963.1,6.779178,2.107647,1.31011
963.2,6.779778,2.109897,1.310266
963.3,6.780378,2.112148,1.310421
963.4,6.780978,2.114401,1.310576
963.5,6.781578,2.116656,1.31073
963.6,6.782178,2.118911,1.310883
963.7,6.782778,2.121169,1.311036
963.8,6.783378,2.123427,1.311188
963.9,6.783978,2.125687,1.31134
964.0,6.784578,2.127948,1.311491
964.1,6.785179,2.130211,1.311642
964.2,6.785779,2.132475,1.311792
964.3,6.786379,2.134741,1.311941
964.4,6.786979,2.137007,1.31209
964.5,6.787579,2.139276,1.312239
964.6,6.788179,2.141545,1.312387
964.7,6.788779,2.143816,1.312534
964.8,6.789379,2.146088,1.312681
964.9,6.789979,2.148362,1.312827
965.0,6.790579,2.150637,1.312972
965.1,6.791179,2.152913,1.313117
965.2,6.791779,2.155191,1.313262
965.3,6.792379,2.15747,1.313406
965.4,6.792979,2.15975,1.313549
965.5,6.793579,2.162031,1.313692
965.6,6.794179,2.164314,1.313835
965.7,6.794779,2.166599,1.313976
965.8,6.79538,2.168884,1.314118
965.9,6.79598,2.171171,1.314258
966.0,6.79658,2.173459,1.314399
966.1,6.79718,2.175749,1.314538
966.2,6.79778,2.17804,1.314677
966.3,6.79838,2.180332,1.314816
966.4,6.79898,2.182625,1.314954
966.5,6.79958,2.18492,1.315091
966.6,6.80018,2.187216,1.315228
966.7,6.80078,2.189513,1.315365
966.8,6.80138,2.191811,1.315501
966.9,6.80198,2.194111,1.315636
967.0,6.80258,2.196412,1.315771
967.1,6.80318,2.198715,1.315905
967.2,6.80378,2.201018,1.316039
967.3,6.80438,2.203323,1.316173
967.4,6.80498,2.205629,1.316305
967.5,6.805581,2.207937,1.316438
967.6,6.806181,2.210245,1.316569
967.7,6.806781,2.212555,1.316701
967.8,6.807381,2.214866,1.316831
967.9,6.807981,2.217179,1.316961
968.0,6.808581,2.219492,1.317091
968.1,6.809181,2.221807,1.31722
968.2,6.809781,2.224123,1.317349
968.3,6.810381,2.22644,1.317477
968.4,6.810981,2.228759,1.317605
968.5,6.811581,2.231079,1.317732
968.6,6.812181,2.2334,1.317859
968.7,6.812781,2.235722,1.317985
968.8,6.813381,2.238045,1.31811
968.9,6.813981,2.24037,1.318235
969.0,6.814581,2.242695,1.31836
969.1,6.815182,2.245022,1.318484
969.2,6.815782,2.247351,1.318608
969.3,6.816382,2.24968,1.318731
969.4,6.816982,2.25201,1.318853
969.5,6.817582,2.254342,1.318975
969.6,6.818182,2.256675,1.319097
969.7,6.818782,2.259009,1.319218
969.8,6.819382,2.261344,1.319339
969.9,6.819982,2.263681,1.319459
970.0,6.820582,2.266018,1.319579
970.1,6.821182,2.268357,1.319698
970.2,6.821782,2.270697,1.319816
970.3,6.822382,2.273038,1.319934
970.4,6.822982,2.27538,1.320052
970.5,6.823582,2.277723,1.320169
970.6,6.824182,2.280068,1.320286
970.7,6.824782,2.282414,1.320402
970.8,6.825383,2.28476,1.320518
970.9,6.825983,2.287108,1.320633
971.0,6.826583,2.289457,1.320748
971.1,6.827183,2.291807,1.320862
971.2,6.827783,2.294158,1.320976
971.3,6.828383,2.296511,1.321089
971.4,6.828983,2.298864,1.321202
971.5,6.829583,2.301219,1.321315
971.6,6.830183,2.303575,1.321426
971.7,6.830783,2.305931,1.321538
971.8,6.831383,2.308289,1.321649
971.9,6.831983,2.310648,1.321759
972.0,6.832583,2.313008,1.321869
972.1,6.833183,2.315369,1.321979
972.2,6.833783,2.317731,1.322088
972.3,6.834383,2.320095,1.322196
972.4,6.834983,2.322459,1.322304
972.5,6.835584,2.324825,1.322412
972.6,6.836184,2.327191,1.322519
972.7,6.836784,2.329559,1.322626
972.8,6.837384,2.331927,1.322732
972.9,6.837984,2.334297,1.322838
973.0,6.838584,2.336668,1.322943
973.1,6.839184,2.339039,1.323048
973.2,6.839784,2.341412,1.323153
973.3,6.840384,2.343786,1.323256
973.4,6.840984,2.346161,1.32336
973.5,6.841584,2.348537,1.323463
973.6,6.842184,2.350914,1.323565
973.7,6.842784,2.353292,1.323668
973.8,6.843384,2.355671,1.323769
973.9,6.843984,2.358051,1.32387
974.0,6.844584,2.360432,1.323971
974.1,6.845185,2.362814,1.324071
974.2,6.845785,2.365197,1.324171
974.3,6.846385,2.367581,1.324271
974.4,6.846985,2.369966,1.324369
974.5,6.847585,2.372352,1.324468
974.6,6.848185,2.374739,1.324566
974.7,6.848785,2.377127,1.324663
974.8,6.849385,2.379516,1.324761
974.9,6.849985,2.381906,1.324857
975.0,6.850585,2.384297,1.324953
975.1,6.851185,2.386689,1.325049
975.2,6.851785,2.389082,1.325145
975.3,6.852385,2.391476,1.325239
975.4,6.852985,2.393871,1.325334
975.5,6.853585,2.396267,1.325428
975.6,6.854185,2.398663,1.325521
975.7,6.854785,2.401061,1.325615
975.8,6.855386,2.40346,1.325707
975.9,6.855986,2.405859,1.325799
976.0,6.856586,2.40826,1.325891
976.1,6.857186,2.410661,1.325983
976.2,6.857786,2.413064,1.326073
976.3,6.858386,2.415467,1.326164
976.4,6.858986,2.417871,1.326254
976.5,6.859586,2.420276,1.326344
976.6,6.860186,2.422682,1.326433
976.7,6.860786,2.425089,1.326521
976.8,6.861386,2.427497,1.32661
976.9,6.861986,2.429906,1.326698
977.0,6.862586,2.432316,1.326785
977.1,6.863186,2.434726,1.326872
977.2,6.863786,2.437138,1.326959
977.3,6.864386,2.43955,1.327045
977.4,6.864986,2.441963,1.32713
977.5,6.865587,2.444378,1.327216
977.6,6.866187,2.446793,1.327301
977.7,6.866787,2.449209,1.327385
977.8,6.867387,2.451625,1.327469
977.9,6.867987,2.454043,1.327553
978.0,6.868587,2.456461,1.327636
978.1,6.869187,2.458881,1.327718
978.2,6.869787,2.461301,1.327801
978.3,6.870387,2.463722,1.327883
978.4,6.870987,2.466144,1.327964
978.5,6.871587,2.468567,1.328045
978.6,6.872187,2.47099,1.328126
978.7,6.872787,2.473415,1.328206
978.8,6.873387,2.47584,1.328286
978.9,6.873987,2.478266,1.328365
979.0,6.874587,2.480693,1.328444
979.1,6.875188,2.483121,1.328523
979.2,6.875788,2.485549,1.328601
979.3,6.876388,2.487979,1.328678
979.4,6.876988,2.490409,1.328756
979.5,6.877588,2.49284,1.328832
979.6,6.878188,2.495271,1.328909
979.7,6.878788,2.497704,1.328985
979.8,6.879388,2.500137,1.329061
979.9,6.879988,2.502572,1.329136
980.0,6.880588,2.505006,1.32921
980.1,6.881188,2.507442,1.329285
980.2,6.881788,2.509879,1.329359
980.3,6.882388,2.512316,1.329432
980.4,6.882988,2.514754,1.329505
980.5,6.883588,2.517193,1.329578
980.6,6.884188,2.519632,1.329651
980.7,6.884788,2.522073,1.329722
980.8,6.885389,2.524514,1.329794
980.9,6.885989,2.526956,1.329865
981.0,6.886589,2.529398,1.329936
981.1,6.887189,2.531842,1.330006
981.2,6.887789,2.534286,1.330076
981.3,6.888389,2.53673,1.330145
981.4,6.888989,2.539176,1.330214
981.5,6.889589,2.541622,1.330283
981.6,6.890189,2.544069,1.330351
981.7,6.890789,2.546517,1.330419
981.8,6.891389,2.548965,1.330487
981.9,6.891989,2.551414,1.330554
982.0,6.892589,2.553864,1.33062
982.1,6.893189,2.556315,1.330687
982.2,6.893789,2.558766,1.330752
982.3,6.894389,2.561218,1.330818
982.4,6.894989,2.563671,1.330883
982.5,6.89559,2.566124,1.330948
982.6,6.89619,2.568578,1.331012
982.7,6.89679,2.571033,1.331076
982.8,6.89739,2.573488,1.331139
982.9,6.89799,2.575944,1.331202
983.0,6.89859,2.578401,1.331265
983.1,6.89919,2.580858,1.331327
983.2,6.89979,2.583316,1.331389
983.3,6.90039,2.585775,1.33145
983.4,6.90099,2.588234,1.331511
983.5,6.90159,2.590694,1.331572
983.6,6.90219,2.593155,1.331632
983.7,6.90279,2.595616,1.331692
983.8,6.90339,2.598078,1.331752
983.9,6.90399,2.600541,1.331811
984.0,6.90459,2.603004,1.33187
984.1,6.905191,2.605468,1.331928
984.2,6.905791,2.607932,1.331986
984.3,6.906391,2.610397,1.332044
984.4,6.906991,2.612863,1.332101
984.5,6.907591,2.615329,1.332157
984.6,6.908191,2.617796,1.332214
984.7,6.908791,2.620264,1.33227
984.8,6.909391,2.622732,1.332325
984.9,6.909991,2.6252,1.332381
985.0,6.910591,2.62767,1.332435
985.1,6.911191,2.63014,1.33249
985.2,6.911791,2.63261,1.332544
985.3,6.912391,2.635081,1.332598
985.4,6.912991,2.637553,1.332651
985.5,6.913591,2.640025,1.332704
985.6,6.914191,2.642498,1.332756
985.7,6.914791,2.644971,1.332808
985.8,6.915392,2.647445,1.33286
985.9,6.915992,2.649919,1.332912
986.0,6.916592,2.652394,1.332963
986.1,6.917192,2.65487,1.333013
986.2,6.917792,2.657346,1.333063
986.3,6.918392,2.659822,1.333113
986.4,6.918992,2.6623,1.333163
986.5,6.919592,2.664777,1.333212
986.6,6.920192,2.667256,1.33326
986.7,6.920792,2.669734,1.333309
986.8,6.921392,2.672214,1.333357
986.9,6.921992,2.674693,1.333404
987.0,6.922592,2.677174,1.333451
987.1,6.923192,2.679655,1.333498
987.2,6.923792,2.682136,1.333545
987.3,6.924392,2.684618,1.333591
987.4,6.924992,2.6871,1.333636
987.5,6.925593,2.689583,1.333681
987.6,6.926193,2.692066,1.333726
987.7,6.926793,2.69455,1.333771
987.8,6.927393,2.697034,1.333815
987.9,6.927993,2.699519,1.333859
988.0,6.928593,2.702004,1.333902
988.1,6.929193,2.70449,1.333945
988.2,6.929793,2.706976,1.333988
988.3,6.930393,2.709463,1.33403
988.4,6.930993,2.71195,1.334072
988.5,6.931593,2.714437,1.334113
988.6,6.932193,2.716925,1.334155
988.7,6.932793,2.719414,1.334195
988.8,6.933393,2.721903,1.334236
988.9,6.933993,2.724392,1.334276
989.0,6.934593,2.726882,1.334315
989.1,6.935194,2.729372,1.334355
989.2,6.935794,2.731863,1.334394
989.3,6.936394,2.734354,1.334432
989.4,6.936994,2.736845,1.33447
989.5,6.937594,2.739337,1.334508
989.6,6.938194,2.741829,1.334546
989.7,6.938794,2.744322,1.334583
989.8,6.939394,2.746815,1.334619
989.9,6.939994,2.749309,1.334656
990.0,6.940594,2.751802,1.334691
990.1,6.941194,2.754297,1.334727
990.2,6.941794,2.756791,1.334762
990.3,6.942394,2.759287,1.334797
990.4,6.942994,2.761782,1.334831
990.5,6.943594,2.764278,1.334866
990.6,6.944194,2.766774,1.334899
990.7,6.944794,2.769271,1.334933
990.8,6.945395,2.771767,1.334966
990.9,6.945995,2.774265,1.334998
991.0,6.946595,2.776762,1.33503
991.1,6.947195,2.77926,1.335062
991.2,6.947795,2.781759,1.335094
991.3,6.948395,2.784257,1.335125
991.4,6.948995,2.786756,1.335156
991.5,6.949595,2.789256,1.335186
991.6,6.950195,2.791756,1.335216
991.7,6.950795,2.794256,1.335246
991.8,6.951395,2.796756,1.335275
991.9,6.951995,2.799257,1.335304
992.0,6.952595,2.801758,1.335333
992.1,6.953195,2.804259,1.335361
992.2,6.953795,2.80676,1.335389
992.3,6.954395,2.809262,1.335416
992.4,6.954995,2.811765,1.335443
992.5,6.955596,2.814267,1.33547
992.6,6.956196,2.81677,1.335497
992.7,6.956796,2.819273,1.335523
992.8,6.957396,2.821776,1.335548
992.9,6.957996,2.82428,1.335574
993.0,6.958596,2.826784,1.335599
993.1,6.959196,2.829288,1.335623
993.2,6.959796,2.831793,1.335647
993.3,6.960396,2.834297,1.335671
993.4,6.960996,2.836802,1.335695
993.5,6.961596,2.839308,1.335718
993.6,6.962196,2.841813,1.335741
993.7,6.962796,2.844319,1.335763
993.8,6.963396,2.846825,1.335785
993.9,6.963996,2.849331,1.335807
994.0,6.964596,2.851838,1.335828
994.1,6.965197,2.854345,1.335849
994.2,6.965797,2.856852,1.33587
994.3,6.966397,2.859359,1.33589
994.4,6.966997,2.861866,1.33591
994.5,6.967597,2.864374,1.335929
994.6,6.968197,2.866882,1.335948
994.7,6.968797,2.86939,1.335967
994.8,6.969397,2.871898,1.335986
994.9,6.969997,2.874406,1.336004
995.0,6.970597,2.876915,1.336021
995.1,6.971197,2.879424,1.336039
995.2,6.971797,2.881933,1.336056
995.3,6.972397,2.884442,1.336072
995.4,6.972997,2.886952,1.336089
995.5,6.973597,2.889461,1.336105
995.6,6.974197,2.891971,1.33612
995.7,6.974797,2.894481,1.336135
995.8,6.975398,2.896991,1.33615
995.9,6.975998,2.899501,1.336165
996.0,6.976598,2.902012,1.336179
996.1,6.977198,2.904522,1.336192
996.2,6.977798,2.907033,1.336206
996.3,6.978398,2.909544,1.336219
996.4,6.978998,2.912055,1.336232
996.5,6.979598,2.914566,1.336244
996.6,6.980198,2.917077,1.336256
996.7,6.980798,2.919589,1.336267
996.8,6.981398,2.9221,1.336279
996.9,6.981998,2.924612,1.33629
997.0,6.982598,2.927124,1.3363
997.1,6.983198,2.929636,1.33631
997.2,6.983798,2.932148,1.33632
997.3,6.984398,2.93466,1.33633
997.4,6.984998,2.937172,1.336339
997.5,6.985599,2.939685,1.336347
997.6,6.986199,2.942197,1.336356
997.7,6.986799,2.944709,1.336364
997.8,6.987399,2.947222,1.336372
997.9,6.987999,2.949735,1.336379
998.0,6.988599,2.952248,1.336386
998.1,6.989199,2.95476,1.336392
998.2,6.989799,2.957273,1.336399
998.3,6.990399,2.959786,1.336405
998.4,6.990999,2.962299,1.33641
998.5,6.991599,2.964812,1.336415
998.6,6.992199,2.967326,1.33642
998.7,6.992799,2.969839,1.336425
998.8,6.993399,2.972352,1.336429
998.9,6.993999,2.974865,1.336432
999.0,6.994599,2.977379,1.336436
999.1,6.9952,2.979892,1.336439
999.2,6.9958,2.982406,1.336441
999.3,6.9964,2.984919,1.336444
999.4,6.997,2.987432,1.336446
999.5,6.9976,2.989946,1.336447
999.6,6.9982,2.992459,1.336449
999.7,6.9988,2.994973,1.33645
999.8,6.9994,2.997486,1.33645
999.9,7.0,3.0,1.33645
