timestamp,Da3_t1,Da3_t2,Da6_t1,Da6_t2,Da7_t1,Da7_t2,Da8_t1,Da8_t2,Da9_t1,Da9_t2
0,5.2094,5.519,1.4446,1.0381,8.3957,8.4614,6.6916,7.0199,3.4427,3.7398
262,5.2376,5.5377,1.2852,1.0194,8.352,8.4114,6.6791,7.2294,3.499,3.7273
524,5.2595,5.5002,1.3227,1.0319,8.3488,8.3582,6.6759,7.0824,3.4771,3.7116
786,5.1907,5.4877,1.3196,1.0037,8.3207,8.402,6.6759,7.1731,3.4865,3.7492
1048,5.0906,5.5252,1.2977,0.9912,8.3238,8.4364,6.6541,7.0981,3.4865,3.771
1310,5.1531,5.4815,1.2633,0.9912,8.352,8.452,6.6884,7.0324,3.4646,3.7335
1572,5.1469,5.5503,1.3508,0.9881,8.352,8.4895,6.6916,7.0355,3.4834,3.7617
1834,5.2188,5.4846,1.3196,1.0444,8.3457,8.4364,6.7228,6.6134,3.5178,3.746
2096,5.1875,5.5628,1.3977,1.0069,8.3926,8.4645,6.6884,6.504,3.5115,3.7241
2358,5.1281,5.5565,1.4196,1.0194,8.3488,8.3989,6.6853,6.8323,3.4709,3.7054
2620,5.15,5.4439,1.4446,0.9693,8.3989,8.4395,6.6509,6.7041,3.4677,3.7273
2882,5.1313,5.4377,1.3758,1.1757,8.3426,8.4208,6.6728,6.5415,3.4177,3.721
3144,5.0843,5.4408,1.4603,1.1601,8.3395,8.4208,6.6697,6.8167,3.3896,3.6585
3406,5.0468,5.4002,1.3258,1.085,8.3676,8.3957,6.6728,6.6791,3.3864,3.6428
3668,5.0593,5.4095,1.3321,1.0725,8.3645,8.4364,6.6759,6.629,3.4333,3.6647
3930,4.9905,5.4283,1.4009,1.1101,8.3395,8.4208,6.7072,6.6165,3.4677,3.6116
4192,5.0343,5.347,1.379,1.0913,8.3332,8.4208,6.6853,6.6384,3.4615,3.6397
4454,4.953,5.322,1.3977,1.0944,8.3395,8.4082,6.7197,6.6134,3.4677,3.6272
4716,4.9655,5.347,1.4478,1.1226,8.3551,8.4301,6.6509,6.6322,3.449,3.6554
4978,4.9968,5.3064,1.4071,1.085,8.3363,8.3989,6.6603,6.6415,3.4646,3.6053
5240,4.9499,5.3032,1.3821,1.1288,8.3488,8.4051,6.701,6.6259,3.4365,3.6428
5502,4.9374,5.3001,1.4165,1.1757,8.3395,8.402,6.6916,6.5821,3.4427,3.6804
5764,4.8811,5.2501,1.4478,1.1507,8.3426,8.3895,6.6697,6.5946,3.4365,3.6366
6026,4.8874,5.2532,1.454,1.2039,8.352,8.3676,6.6759,6.6415,3.3958,3.6116
6288,4.9374,5.2595,1.4446,1.2132,8.3207,8.3613,6.7354,6.6509,3.4177,3.5709
6550,4.9217,5.2251,1.454,1.1882,8.3051,8.3613,6.7354,6.6978,3.3739,3.5866
6812,4.8905,5.2282,1.4665,1.1288,8.3051,8.3645,6.7322,6.7041,3.4208,3.549
7074,4.8905,5.2188,1.4759,1.1538,8.2863,8.3613,6.7135,6.701,3.4052,3.5615
7336,4.8874,5.2251,1.4603,1.1601,8.3082,8.3363,6.6791,6.6759,3.3958,3.5647
7598,4.8592,5.2595,1.4822,1.2101,8.255,8.3395,6.7103,6.6884,3.3552,3.5678
7860,4.8655,5.2219,1.4822,1.1288,8.2707,8.3363,6.7041,6.7135,3.3739,3.5584
8122,4.8655,5.2251,1.504,1.2195,8.255,8.3051,6.7072,6.6947,3.3802,3.5303
8384,4.8623,5.2188,1.5322,1.2601,8.23,8.3019,6.7135,6.6853,3.3771,3.549
8646,4.8467,5.2032,1.5134,1.2727,8.2363,8.3082,6.7479,6.6541,3.3645,3.5522
8908,4.8404,5.2,1.5259,1.232,8.2019,8.2832,6.7447,6.6634,3.327,3.5365
9170,4.8467,5.1969,1.5322,1.257,8.1894,8.2769,6.7385,6.6634,3.352,3.5428
9432,4.8592,5.15,1.5353,1.2289,8.1956,8.2707,6.7354,6.6447,3.327,3.524
9694,4.8311,5.1438,1.5416,1.2414,8.1862,8.2644,6.7666,6.629,3.3208,3.5209
9956,4.7998,5.1406,1.5541,1.3008,8.1706,8.2519,6.7447,6.6541,3.3208,3.4865
10218,4.7842,5.1469,1.5697,1.2883,8.1831,8.2456,6.7291,6.701,3.3333,3.5178
10480,4.7842,5.1313,1.5853,1.2789,8.1425,8.2019,6.7729,6.701,3.3051,3.4646
10742,4.7748,5.1187,1.576,1.3102,8.1518,8.205,6.7447,6.7228,3.2926,3.4896
11004,4.756,5.1438,1.5916,1.2664,8.1237,8.2081,6.7447,6.7135,3.2832,3.4896
11266,4.7654,5.1094,1.5978,1.2914,8.0987,8.2144,6.7354,6.7166,3.2645,3.4865
11528,4.7466,5.1313,1.5885,1.2852,8.1143,8.205,6.7072,6.7135,3.2707,3.4802
11790,4.7216,5.1125,1.6166,1.3321,8.1081,8.2175,6.7197,6.6791,3.2895,3.4802
12052,4.7091,5.075,1.651,1.2633,8.1206,8.1894,6.726,6.6853,3.2582,3.4709
12314,4.6997,5.0625,1.6729,1.3633,8.0799,8.155,6.7541,6.6697,3.2457,3.4365
12576,4.6904,5.003,1.6635,1.3758,8.0612,8.1737,6.7166,6.6791,3.2426,3.4396
12838,4.6653,4.978,1.6729,1.3414,8.0987,8.1737,6.7635,6.6978,3.2395,3.4396
13100,4.6653,4.9499,1.6604,1.404,8.0799,8.1675,6.7541,6.7103,3.2582,3.4302
13362,4.6435,4.9812,1.6729,1.4009,8.0674,8.1612,6.7385,6.726,3.2363,3.3583
13624,4.6435,5.0187,1.651,1.3633,8.0987,8.155,6.7322,6.7291,3.227,3.3739
13886,4.5934,4.978,1.7042,1.3946,8.0862,8.1612,6.7416,6.726,3.2457,3.3645
14148,4.6153,4.9874,1.7261,1.3571,8.058,8.1612,6.7666,6.7103,3.2301,3.3176
14410,4.5778,4.9561,1.7542,1.3883,8.0924,8.1581,6.7447,6.7135,3.252,3.327
14672,4.5965,4.9311,1.7104,1.3602,8.0893,8.1581,6.7385,6.6884,3.2301,3.3176
14934,4.5622,4.8342,1.7167,1.404,8.0737,8.1612,6.7385,6.6978,3.2363,3.3302
15196,4.5653,4.7935,1.7354,1.4352,8.058,8.1487,6.7385,6.6603,3.2426,3.3333
15458,4.5153,4.7779,1.7323,1.3977,8.0455,8.1393,6.7197,6.6666,3.2238,3.3395
15720,4.5121,4.8186,1.7479,1.4134,8.0518,8.0956,6.7228,6.6884,3.227,3.3114
15982,4.4527,4.7717,1.7761,1.3852,8.0174,8.1143,6.7135,6.6697,3.2113,3.3395
16244,4.4715,4.7842,1.773,1.4321,8.033,8.0924,6.7385,6.6791,3.1926,3.3208
16506,4.4277,4.756,1.7792,1.4352,8.0455,8.0737,6.7666,6.6884,3.1894,3.3051
16768,4.4214,4.7779,1.7511,1.3883,8.0111,8.0799,6.7604,6.7103,3.1863,3.3145
17030,4.4183,4.7529,1.7667,1.3883,8.0205,8.0612,6.7416,6.7072,3.1769,3.2989
17292,4.4246,4.7373,1.7636,1.4196,7.9674,8.0643,6.7635,6.7041,3.1988,3.2989
17554,4.4214,4.7216,1.823,1.3852,7.9611,8.0393,6.7416,6.7197,3.202,3.327
17816,4.4246,4.7373,1.8042,1.5072,7.9799,8.0455,6.751,6.7385,3.1863,3.2989
18078,4.4246,4.7216,1.8074,1.4884,7.9642,8.0549,6.7823,6.7479,3.1988,3.3176
18340,4.4246,4.7248,1.7948,1.4853,7.958,8.0674,6.7635,6.7416,3.1957,3.3083
18602,4.4183,4.706,1.8042,1.454,7.9705,8.0612,6.7791,6.7354,3.1832,3.302
18864,4.3902,4.6841,1.8761,1.4352,7.9142,8.058,6.7729,6.7228,3.1644,3.2926
19126,4.3527,4.6935,1.8543,1.4446,7.9017,8.0705,6.7729,6.6978,3.1707,3.2864
19388,4.3433,4.6966,1.8543,1.4509,7.9361,8.0737,6.8135,6.7135,3.1832,3.2864
19650,4.3183,4.6622,1.8668,1.4728,7.8986,8.0612,6.7791,6.6853,3.1613,3.2614
19912,4.3495,4.6247,1.848,1.4696,7.9142,8.0705,6.776,6.6947,3.1644,3.2457
20174,4.3214,4.706,1.8543,1.4884,7.9236,8.0737,6.7729,6.6947,3.155,3.2551
20436,4.337,4.6247,1.8887,1.4947,7.8954,8.0674,6.7885,6.7135,3.1363,3.252
20698,4.3089,4.7091,1.8887,1.5134,7.933,8.033,6.7541,6.726,3.1269,3.2395
20960,4.2807,4.5465,1.9512,1.5384,7.9361,8.0424,6.7854,6.7197,3.1207,3.2676
21222,4.2745,4.6653,1.9293,1.5697,7.9111,8.0518,6.8041,6.7541,3.1175,3.2551
21484,4.3683,4.6372,1.9262,1.5728,7.9142,8.0424,6.7541,6.7572,3.0988,3.2426
21746,4.2995,4.6184,1.9293,1.5916,7.9361,8.0361,6.7823,6.7635,3.0956,3.2426
22008,4.2807,4.5934,1.9512,1.6166,7.9486,8.0236,6.776,6.776,3.1081,3.2082
22270,4.2682,4.5496,1.9387,1.6072,7.9236,7.9924,6.751,6.7854,3.0737,3.2207
22532,4.2776,4.4183,1.9793,1.6041,7.8673,8.0455,6.776,6.7729,3.0487,3.2176
22794,4.2057,4.5434,2.0137,1.6104,7.9111,8.0236,6.8041,6.7635,3.0331,3.2051
23056,4.237,4.4934,2.0325,1.626,7.9173,8.0017,6.8104,6.7541,3.0487,3.2176
23318,4.2588,4.484,2.0325,1.6166,7.8735,7.9705,6.826,6.7604,3.0394,3.2082
23580,4.2932,4.5496,2.0731,1.6166,7.8954,7.9736,6.8229,6.7823,3.0519,-0.4065
23842,4.2213,4.5121,2.0419,1.6666,7.8204,7.9924,6.8167,6.7823,3.03,3.1957
24104,4.2495,4.4558,2.0731,1.6385,7.7954,7.9392,6.8167,6.7916,3.0331,3.202
24366,4.2495,4.509,2.1075,1.6635,7.7704,7.958,6.8354,6.7854,3.0487,3.1988
24628,4.2276,4.4934,2.0794,1.6979,7.7203,7.9204,6.851,6.776,2.9893,3.1863
24890,4.1994,4.4527,1.3196,1.7042,7.7422,7.8986,6.8417,6.7635,3.0018,3.1769
25152,4.1807,4.4277,2.0825,1.7261,7.7203,7.9111,6.8479,6.7604,1.8511,3.1801
25414,4.1807,4.4371,2.0731,1.7323,7.7203,7.9079,6.8417,6.7635,2.9393,3.155
25676,4.1306,4.4371,2.1294,1.7261,7.7547,7.8454,6.8542,6.7697,2.9862,3.1613
25938,4.0931,4.4027,2.1294,1.7448,7.7516,7.836,6.8354,6.7666,2.9831,3.1457
26200,4.1088,4.4027,2.1826,1.7573,7.7453,7.8986,6.8636,6.776,2.9987,3.0956
26462,4.1119,4.4308,2.1701,1.8011,7.7328,7.8329,6.8573,6.7635,2.9737,3.1207
26724,4.0994,4.4183,2.1795,1.8386,7.7453,7.8548,6.8667,6.7948,2.9549,3.1457
26986,4.09,4.3745,2.1857,1.8167,7.7453,7.8329,6.8698,6.7885,2.9143,3.1332
27248,4.0806,4.3777,2.1857,1.8324,7.7766,7.8861,6.8354,6.776,2.9487,3.1363
27510,4.0462,4.3339,2.1888,1.8199,7.7109,7.8861,6.8417,6.7885,2.9424,3.1394
27772,4.0775,4.3652,2.1763,1.8793,7.639,7.9486,6.8573,6.7979,2.9143,3.1113
28034,4.0243,4.362,2.2482,1.8386,7.6484,7.9298,6.8604,6.801,2.9237,3.1207
28296,4.0056,4.3401,2.2107,1.848,7.6046,7.9267,6.8573,6.801,1.7792,3.0988
28558,3.9962,4.312,2.2076,1.8511,7.6046,7.9361,6.8636,6.801,2.9893,3.0988
28820,3.9962,4.3183,2.2357,1.8605,7.5984,7.9361,6.8573,6.8198,2.9862,3.0769
29082,3.9899,4.3089,2.2107,1.9168,7.5921,7.9204,6.8667,6.826,2.9987,3.0706
29344,4.0306,4.2964,2.2326,1.9105,7.614,7.9267,6.8917,6.8542,2.9643,3.0487
29606,3.9743,4.2776,2.2858,1.9262,7.5984,7.9142,6.8854,6.8636,2.9674,3.0831
29868,3.9649,4.2682,2.2951,1.9199,7.589,7.9267,6.8823,6.8823,2.9581,3.0831
30130,3.9555,4.2588,2.3233,1.9793,7.5796,7.9986,6.8886,6.8761,2.9581,3.0737
30392,3.968,4.2338,2.3389,1.9356,7.5734,8.0049,6.9073,6.8323,2.9612,3.0487
30654,3.9493,4.2026,2.3202,1.9731,7.539,8.549,6.9542,6.8385,2.9518,3.0706
30916,3.9149,4.1994,2.3577,1.9574,7.5702,8.6928,6.9574,6.8573,2.9487,3.0456
31178,3.868,4.2213,2.3608,1.9981,7.5452,8.7835,7.0011,6.8417,2.9455,3.0487
31440,3.8993,4.2463,2.3546,2.0325,7.5421,8.2019,6.9824,6.851,2.9674,3.0456
31702,3.8899,4.2338,2.3702,1.9699,7.5077,7.8173,6.9855,6.8354,2.9924,3.0394
31964,3.843,4.1963,2.3577,2.0294,7.5202,7.8579,7.0011,6.8229,2.9956,2.9643
32226,3.8336,4.1525,2.3764,2.0231,7.5296,7.8767,6.9918,6.8354,2.9737,3.0331
32488,3.8211,4.1838,2.3983,1.9856,7.4983,7.861,7.0105,6.8417,3.005,3.0112
32750,3.8023,4.2088,2.3546,2.0106,7.5077,7.8861,7.0199,6.8448,3.0112,2.9987
33012,3.8086,4.1901,2.3452,1.9918,7.5077,7.8642,7.0324,6.8636,3.0206,3.0143
33274,3.8273,4.1619,2.3952,2.0231,7.4921,7.9048,7.0136,6.8698,3.0675,3.0143
33536,3.8023,4.1369,2.3608,2.0169,7.4608,7.8954,7.0293,6.8792,3.0237,2.9612
33798,3.7648,4.1494,2.4046,2.0575,7.4889,7.8391,7.0387,6.8886,3.1332,3.0081
34060,3.7429,4.1181,2.4171,2.0856,7.4796,7.8454,7.0387,6.8761,3.1801,3.005
34322,3.7273,4.1306,2.3796,2.0606,7.4514,7.8923,7.0355,6.9011,3.1769,3.0018
34584,3.7429,4.1275,2.4359,2.0606,7.4577,7.8704,7.0293,6.8854,3.4271,2.9862
34846,3.7648,4.0962,2.4484,2.095,7.4514,7.7766,7.0387,6.8761,3.3552,3.0018
35108,3.771,4.0775,2.4577,2.1325,7.4577,7.761,7.0543,6.8948,3.4396,2.9674
35370,3.7148,4.0525,2.4671,2.1357,7.442,7.7328,7.0637,6.8917,3.3739,2.9768
35632,3.6679,4.0525,2.4921,2.0982,7.4264,7.7328,7.0668,6.8917,3.3176,2.9768
35894,3.6835,4.0368,2.5265,2.1263,7.4389,7.639,7.0387,6.948,3.352,2.9393
36156,3.6679,4.0587,2.539,2.1263,7.4139,7.6359,7.0543,6.9011,3.2958,2.9643
36418,3.6679,3.9993,2.514,2.1888,7.4201,7.6484,7.0418,6.9073,3.2551,2.9581
36680,3.6428,4.0212,2.514,2.2045,7.417,7.6547,7.0793,6.9073,3.2551,2.9643
36942,3.6585,3.9962,2.514,2.1607,7.4139,7.6203,7.0324,6.9605,3.2082,2.9706
37204,3.6522,3.9931,2.5547,2.192,7.4295,7.6578,7.0668,6.9574,3.2332,2.9549
37466,3.6178,3.9805,2.5265,2.2045,7.4108,7.6453,7.0543,6.9574,3.2426,2.9674
37728,3.6022,3.9462,2.5797,2.217,7.3514,7.6453,7.0387,6.9699,3.1894,2.9581
37990,3.6022,3.9336,2.5891,2.2545,7.4014,7.5796,7.0449,6.9761,3.1644,2.9362
38252,3.6272,3.8993,2.6235,2.2795,7.3701,7.5765,7.0762,6.9699,3.1582,2.9737
38514,3.5803,3.9305,2.6141,2.2514,7.3545,7.6453,7.0512,6.9886,3.1582,2.9674
38776,3.5928,3.9368,2.6391,2.2983,7.3326,7.3983,7.0668,6.9949,3.1738,2.9455
39038,3.5959,3.8867,2.7016,2.2983,7.3263,7.4796,7.0699,7.0043,3.155,2.9174
39300,3.5615,3.8523,2.736,2.3108,7.3326,7.5077,7.0637,6.9918,3.1519,2.9299
39562,3.5522,3.8555,2.7454,2.3514,7.3388,7.4858,7.0699,6.9855,3.1175,2.9111
39824,3.5428,3.868,2.7423,2.3639,7.3295,7.5108,7.0606,7.0011,3.1113,2.8768
40086,3.5365,3.8711,2.7767,2.3421,7.3357,7.5358,7.1043,6.998,3.1363,2.8955
40348,3.4959,3.8461,2.8298,2.3796,7.3044,7.514,7.1137,6.998,3.1332,2.8924
40610,3.4834,3.8211,2.8986,2.3858,7.3201,7.4952,7.1106,7.0199,3.0925,2.8986
40872,3.4834,3.8211,2.8705,2.3796,7.2919,7.4452,7.1043,7.0168,3.0769,2.9362
41134,3.4615,3.8148,2.7767,2.3952,7.3076,7.5202,7.1012,7.0074,3.0487,2.8861
41396,3.4302,3.818,2.8736,2.414,7.3295,7.3826,7.0949,7.0136,3.0737,2.9362
41658,3.4427,3.7867,2.8549,2.4171,7.3044,7.3232,7.1293,7.0262,3.055,2.9299
41920,3.4333,3.7804,2.8705,2.4484,7.2919,7.367,7.1231,7.0543,3.0737,2.8955
42182,3.4521,3.7554,2.8893,2.4515,7.2857,7.3639,7.12,7.023,2.9987,2.9237
42444,3.4396,3.7398,2.8799,2.4546,7.2701,7.3951,7.1168,7.0324,2.9737,2.8768
42706,3.3958,3.746,2.9049,2.4828,7.2794,7.3639,7.1387,7.0418,2.9768,2.8955
42968,3.4115,3.721,2.9674,2.4765,7.2794,7.4108,7.1262,7.0574,2.9862,2.858
43230,3.3739,3.7179,2.8924,2.5172,7.2388,7.4358,7.1293,7.0449,2.9862,2.8799
43492,3.3552,3.6991,2.9205,2.489,7.2294,7.4108,7.1262,7.0262,2.9893,2.8611
43754,3.3552,3.6897,2.9487,2.5265,7.2607,7.4295,7.1231,7.0168,2.9706,2.8705
44016,3.3302,3.6835,2.9674,2.5078,7.2325,7.4139,7.1325,7.048,2.9487,2.0919
44278,3.3395,3.646,2.9487,2.5328,7.2013,7.442,7.145,7.048,2.9362,2.9143
44540,3.352,3.6647,2.9393,2.5641,7.2263,7.3701,7.145,7.0543,2.9549,2.8955
44802,3.3583,3.6366,2.9612,2.5422,7.2263,7.3201,7.1669,7.0449,2.9237,2.8674
45064,3.3145,3.6303,2.9424,2.5609,7.2263,7.3451,7.17,7.048,2.9174,2.8674
45326,3.3051,3.6772,2.9299,2.5578,7.2513,7.3639,7.1888,7.0168,2.9143,2.8392
45588,3.2926,3.5772,2.9518,2.6016,7.22,7.4201,7.2075,6.998,2.9049,2.8674
45850,3.2739,3.5428,2.9518,2.6172,7.2388,7.3889,7.2231,7.0011,2.9143,2.8705
46112,3.2739,3.6147,2.9862,2.6329,7.195,7.392,7.1888,7.0324,2.9018,2.8642
46374,3.277,3.5991,2.9706,2.6203,7.1731,7.4201,7.2106,7.0324,2.9143,2.883
46636,3.2332,3.5615,2.9674,2.6141,7.2106,7.3983,7.1888,7.0512,2.9205,2.8611
46898,3.2489,3.5959,2.9706,2.6235,7.1888,7.417,7.2231,7.0512,2.9299,2.8392
47160,3.2176,3.5928,3.0112,2.6829,7.2013,7.3889,7.1919,7.0543,2.9143,2.8768
47422,3.1988,3.4458,2.9737,2.6391,7.1669,7.4201,7.2388,7.0262,2.9111,2.8611
47684,3.1894,3.3958,3.0081,2.636,7.1637,7.2857,7.2732,7.0355,2.9111,2.8455
47946,3.13,3.3989,3.0081,2.661,7.1731,7.2669,7.2482,7.0418,2.8768,2.808
48208,3.1519,3.3802,3.005,2.7079,7.1512,7.2419,7.2732,7.0324,2.9018,2.7986
48470,3.1769,3.3583,3.0112,2.7016,7.1575,7.3107,7.2763,7.0418,2.8799,2.8424
48732,3.1144,3.3927,3.0237,2.7392,7.1512,7.3107,7.2763,7.0731,2.883,2.8799
48994,3.1269,3.4271,2.9831,2.7298,7.1575,7.3326,7.2419,7.0981,2.9049,2.8173
49256,3.055,3.4208,3.03,2.808,7.1481,7.3076,7.2544,7.1043,2.8642,2.8705
49518,3.08,3.3927,3.0081,2.8048,7.1168,7.3107,7.2325,7.1575,2.9049,2.8392
49780,3.0831,3.3739,3.0644,2.7829,7.1231,7.2919,7.2357,7.1762,2.8424,2.8361
50042,3.0894,3.3552,3.0675,2.8111,7.145,7.2701,7.2701,7.17,2.8517,2.8705
50304,3.0644,3.3083,3.055,2.8361,7.1106,7.2763,7.2638,7.145,2.8142,2.9111
50566,3.0831,3.2832,2.9831,2.8298,7.1293,7.2888,7.2701,7.1325,2.8893,2.8611
50828,3.0237,3.1832,2.9706,2.8486,7.0949,7.2857,7.2826,7.1043,2.8799,2.8361
51090,3.0519,3.2145,2.9674,2.8455,7.1012,7.2607,7.3138,7.0824,2.8893,2.8142
51352,3.0425,3.1582,2.9455,2.8298,7.1293,7.245,7.3076,7.1106,2.883,2.8173
51614,3.0175,3.1613,2.9455,2.8736,7.1012,7.2888,7.3201,7.1262,2.8736,2.808
51876,3.0237,3.1269,2.9424,2.8674,7.0762,7.2544,7.3076,7.1168,2.8705,2.8048
52138,3.0143,3.1363,2.9737,2.8611,7.0824,7.2575,7.3076,7.1106,2.8705,2.8205
52400,2.9768,3.1519,2.9487,2.8486,7.0824,7.2075,7.317,7.12,2.8799,2.8111
52662,2.9956,3.0956,2.9612,2.9237,7.0887,7.2294,7.317,7.1794,2.8611,2.7923
52924,2.9487,3.1207,2.9424,2.9111,7.0981,7.22,7.2951,7.1512,2.8455,2.8173
53186,2.9455,3.1113,2.9643,2.9268,7.0793,7.2106,7.3076,7.1637,2.8486,2.833
53448,2.9299,3.13,2.9674,2.9111,7.0668,7.2231,7.3201,7.1669,2.858,2.8173
53710,2.9268,3.13,2.9799,2.9049,7.0918,7.245,7.3607,7.1794,2.8424,2.8111
53972,2.908,3.1207,2.9831,2.9674,7.0355,7.2357,7.3138,7.1731,2.8298,2.7861
54234,2.9018,3.1113,2.9987,2.9924,7.0449,7.2419,7.3201,7.195,2.8267,2.8111
54496,2.8642,3.1207,3.0831,2.9518,7.0136,7.195,7.3451,7.1762,2.833,2.7892
54758,2.8674,3.1175,3.1676,2.9737,7.0262,7.1731,7.3514,7.2106,2.8236,2.8111
55020,2.8736,3.105,3.3583,2.9768,7.0168,7.17,7.3482,7.195,2.833,2.7955
55282,2.8236,3.1238,3.3302,3.005,7.0105,7.17,7.3764,7.2419,2.8173,2.7923
55544,2.8361,3.1113,3.7335,3.0175,7.0293,7.2044,7.3951,7.2513,2.045,2.7673
55806,2.8205,3.1363,3.6178,3.0237,7.0324,7.1825,7.367,7.2294,2.8267,2.7861
56068,2.8267,3.1019,3.721,3.0394,7.0262,7.2013,7.3764,7.2325,2.8236,2.7673
56330,2.808,3.0831,3.8336,3.0675,7.0105,7.2138,7.3576,7.245,2.8142,2.7829
56592,2.7986,3.0831,3.696,3.1113,6.9918,7.1919,7.3576,7.2231,2.8017,2.7736
56854,2.7986,3.0706,3.7679,3.0863,6.9855,7.1387,7.3639,7.22,2.8142,2.7923
57116,2.7736,3.0675,3.7648,3.0706,6.9667,7.1356,7.4014,7.245,2.808,2.7611
57378,2.7704,3.005,3.7617,3.0863,6.9918,7.1262,7.3951,7.2669,2.8205,2.7642
57640,2.7517,3.0175,3.7179,3.0831,6.973,7.1168,7.3983,7.2607,2.8392,2.7767
57902,2.7329,3.0487,3.6991,3.1207,6.9761,7.0856,7.442,7.2419,2.8298,2.7579
59126,2.6798,2.9956,3.7085,3.1738,6.9793,7.0011,7.5702,7.2701,2.8705,2.7736
59388,2.711,2.9987,3.7523,3.1832,6.9605,6.9855,7.5202,7.2763,2.7986,2.7548
59650,2.6422,2.9862,3.7085,3.1988,6.9636,6.998,7.514,7.3044,2.8611,2.7923
59912,2.6641,2.9831,3.6991,3.1676,6.9323,7.0574,7.4764,7.3076,2.858,2.7673
60174,2.6485,2.9111,3.7335,3.2207,6.9198,7.1106,7.4608,7.3295,2.8517,2.7704
60436,2.6735,2.9111,3.8054,3.2176,6.9292,7.1012,7.4702,7.317,2.8111,2.7642
60698,2.6391,2.9018,3.7836,3.2676,6.9417,7.0949,7.4796,7.3201,2.8267,2.7485
60960,2.636,2.9299,3.7836,3.2489,6.9292,7.0543,7.467,7.3107,2.8267,2.7517
61222,2.6047,2.8955,3.8242,3.277,6.9198,7.0762,7.4764,7.3076,2.8517,2.7548
61484,2.6297,2.8736,3.7929,3.2864,6.898,7.0293,7.4702,7.3107,2.8642,2.7204
61746,2.5953,2.8298,3.7867,3.3176,6.9386,7.0762,7.4983,7.342,2.8267,2.736
62008,2.5828,2.8361,3.8023,3.327,6.923,7.0762,7.5202,7.3482,2.8611,2.7329
62270,2.5734,2.8267,3.7398,3.3239,6.8823,7.0606,7.4921,7.3514,2.858,2.7048
62532,2.5953,2.8142,3.7617,3.3145,6.8761,7.0981,7.4858,7.3482,2.8486,2.736
62794,2.5797,2.8298,3.8711,3.327,6.8761,7.0449,7.5108,7.3482,2.8361,2.7736
63056,2.5641,2.8111,3.8555,3.3489,6.8761,7.0293,7.5421,7.3607,2.833,2.7861
63318,2.5516,2.8048,3.8054,3.3552,6.8761,6.9605,7.539,7.3295,2.833,2.7767
63580,2.5265,2.8017,3.8367,3.3677,6.8948,6.9667,7.5202,7.3607,2.883,2.7798
63842,2.5172,2.7767,3.8336,3.3896,6.1194,6.9949,7.5327,7.4076,2.8611,2.7767
64104,2.5297,2.8017,3.8961,3.3896,6.8698,6.9667,7.5609,7.3983,2.8111,2.7861
64366,2.5047,2.7892,3.9305,3.4177,6.8604,6.9667,7.5421,7.4076,2.8736,2.7767
64628,2.4828,2.7673,3.8836,3.4521,6.851,6.9918,7.5859,7.3951,2.8517,2.7892
64890,2.5109,2.7392,3.8836,3.4521,6.8667,6.9793,7.589,7.3951,2.883,2.808
65152,2.4765,2.7736,3.9524,3.4427,6.8542,6.9292,7.6015,7.3951,2.8486,2.7861
65414,2.4734,2.7329,3.9399,3.3989,6.8323,6.9355,7.614,7.3951,2.8705,2.7767
65676,2.4546,2.6798,3.8993,3.474,6.8417,6.923,7.5984,7.3795,2.8549,2.7892
65938,2.4359,2.6891,3.9211,3.474,6.8448,6.9292,7.6078,7.417,2.858,2.7736
66200,2.4265,2.686,3.9493,3.4771,6.8573,6.9292,7.6265,7.4358,2.8799,2.7892
66462,2.4421,2.6297,3.9649,3.4928,6.8886,6.9355,7.614,7.4545,2.8799,2.7673
66724,2.3952,2.6078,3.9555,3.4834,6.8917,6.9105,7.6234,7.467,2.9362,2.7517
66986,2.3921,2.6266,3.9211,3.5084,6.8448,6.9011,7.6672,7.4796,2.8986,2.7454
67248,2.3858,2.6235,3.9368,3.5303,6.5071,6.9105,7.7078,7.4952,2.8955,2.7611
67510,2.3702,2.5328,4.0243,3.5365,6.826,6.9042,7.7328,7.5171,2.9268,2.7829
67772,2.3452,2.5641,3.9993,3.5522,6.8448,6.9167,7.6828,7.5577,2.9111,2.8205
68034,2.3389,2.5641,3.9962,3.5647,6.851,6.898,7.6609,7.589,2.908,2.8048
68296,2.3514,2.5609,3.9931,3.5928,6.8354,6.9198,7.6734,7.5609,2.9674,2.8236
68558,2.3233,2.5578,4.0024,3.549,6.8229,6.9323,7.6953,7.5483,2.9362,2.7767
68820,2.2858,2.5203,4.0024,3.5709,6.8292,6.9011,7.6265,7.5202,2.9049,2.8298
69082,2.317,2.5516,4.0056,3.5991,6.8198,6.9011,7.6296,7.4952,2.8986,2.8236
69344,2.2983,2.5015,4.0056,3.6241,6.8104,6.8823,7.6296,7.5171,2.9268,2.7798
69606,2.2826,2.4953,4.0368,3.621,6.8323,6.8698,7.6015,7.5108,2.9268,2.7892
69868,2.3077,2.5516,4.04,3.5991,6.8229,6.8823,7.5859,7.4796,-0.6598,2.8298
70130,2.242,2.5265,4.0556,3.5991,6.826,6.8573,7.6078,7.5108,2.9424,2.8298
70392,2.2451,2.4577,4.0962,3.6022,6.801,6.8792,7.5515,7.4983,2.9737,2.7986
70654,2.292,2.4234,4.09,3.5834,6.8135,6.8698,7.3983,7.5233,2.9862,2.8173
70916,2.2701,2.4577,4.09,3.6428,6.8104,6.8886,7.6703,7.5171,2.9737,2.8267
71178,2.1951,2.3983,4.0681,3.6522,6.8041,6.8604,7.7954,7.5327,2.9956,2.7955
71440,2.1826,2.3827,4.0962,3.6741,6.7916,6.8542,7.7797,7.5296,2.9987,2.8298
71702,2.2295,2.3733,4.0931,3.7085,6.7823,6.8167,7.811,7.5296,2.9737,2.808
71964,2.1951,2.4234,4.0931,3.7179,6.7854,6.8354,7.861,7.5358,3.0112,2.808
72226,2.1544,2.414,4.1494,3.7085,6.776,6.8229,7.9142,7.5327,3.0081,2.8392
72488,2.1732,2.4202,4.1119,3.7367,6.7791,6.8292,7.9861,7.514,2.9549,2.8267
72750,2.1451,2.4108,4.1463,3.7335,6.7416,6.8417,8.0424,7.5483,3.0112,2.8298
73012,2.1544,2.3952,4.1588,3.7367,6.776,6.851,8.0987,7.5452,3.0237,2.8455
73274,2.1513,2.3764,4.165,3.7492,6.7854,6.8385,8.1331,7.5327,3.0237,2.8298
73536,2.1232,2.389,4.1682,3.7179,6.7791,6.8354,8.1831,7.5421,3.005,2.8392
73798,2.1294,2.3764,4.2151,3.7554,6.8073,6.8448,8.2269,7.5265,3.0769,2.8642
74060,2.1232,2.3577,4.2088,3.7492,6.8198,6.8417,8.1331,7.5671,3.0612,2.8768
74322,2.1107,2.3483,4.2213,3.7679,6.7791,6.8198,8.3207,7.5702,3.0581,2.8861
74584,2.1044,2.3733,4.2182,3.7867,6.7916,6.8229,7.5859,7.5827,3.0706,2.8924
74846,2.0888,2.3233,4.2401,3.7742,6.7447,6.8198,7.8016,7.5953,3.0112,2.8955
75108,2.0763,2.3108,4.2213,3.8367,6.7291,6.826,7.8048,7.5702,3.0581,2.8986
75370,2.0856,2.3421,4.237,3.8742,6.726,6.8198,7.514,7.5859,3.0519,2.8861
75632,2.0919,2.3139,4.2119,3.8836,6.7103,6.826,7.6328,7.6109,3.0769,0.5253
75894,2.0638,-10.078,4.1994,3.8993,6.7197,6.7916,7.7516,7.6109,3.08,2.8611
76156,2.0262,2.3264,4.1932,3.8649,6.7604,6.7979,7.7797,7.6109,3.0831,2.8642
76418,2.0294,2.2983,4.1869,3.9149,6.7228,6.7916,7.8454,7.6547,3.0769,2.8768
76680,2.0325,2.2639,4.2088,3.9024,6.7103,6.8292,7.8642,7.6234,3.0456,2.8986
76942,2.0137,2.2482,4.2182,3.9243,6.7135,6.7916,7.8704,7.6703,3.0831,2.9018
77204,2.02,2.2608,4.2276,3.9305,6.7385,6.801,7.9611,7.6734,3.0894,2.9393
77466,2.0012,2.2357,4.2307,3.9399,6.7072,6.7854,7.9455,7.6734,3.0925,2.9424
77728,2.0075,2.242,4.2276,3.9336,6.7354,6.8135,7.9298,7.6828,3.0956,2.9487
77990,1.995,2.2264,4.2463,3.9368,6.701,6.7916,7.9361,7.664,3.0737,2.9518
78252,1.9762,2.2295,4.2588,3.9274,6.6822,6.8198,7.8986,7.6891,3.0675,2.9268
78514,1.9606,2.2201,4.2588,3.893,6.701,6.7885,7.8954,7.6891,3.1238,2.908
78776,1.9574,2.2076,4.262,3.9305,6.6791,6.8041,7.8892,7.7141,3.1144,2.8986
79038,1.9418,2.1826,4.2776,3.8993,6.7041,6.8167,7.761,7.7109,3.0894,2.8924
79300,1.9512,2.1795,4.2995,3.9587,6.6947,6.8323,7.736,7.6859,3.0956,2.9143
79562,1.9387,2.1638,4.2839,3.9336,6.6728,6.7948,7.6922,7.6703,3.1175,2.9205
79824,1.9481,2.1763,4.3089,4.0181,6.6634,6.7823,7.7172,7.664,3.1363,2.9237
80086,1.9168,2.1763,4.3183,3.9993,6.6884,6.7572,7.6828,7.6859,3.1113,2.9174
80348,1.9199,2.1576,4.3527,4.0056,6.6541,6.7385,7.861,7.6828,3.1019,2.9299
80610,1.9043,2.1232,4.3558,4.0525,6.6947,6.7541,7.6078,7.7016,3.1175,2.9237
80872,1.8887,2.1763,4.3495,4.0368,6.6759,6.7354,8.1112,7.6984,3.1488,2.8924
81134,1.8887,2.1263,4.3464,4.0462,6.6978,6.7322,8.1049,7.7109,3.1457,2.9237
81396,1.8761,2.1513,4.3245,4.0618,6.6728,6.7604,8.2769,7.7266,3.1519,2.9174
81658,1.873,2.1513,4.3558,4.0368,6.6728,6.751,8.4145,7.7141,3.1769,2.6047
81920,1.8511,2.1138,4.3714,4.14,6.6791,6.7416,8.2832,7.7172,3.1457,2.9237
82182,1.8511,2.1075,4.3464,4.1244,6.7103,6.7354,8.255,7.7203,3.1582,2.933
82444,1.8199,2.0982,4.3057,4.1275,6.6728,6.7385,8.427,7.7266,3.1801,2.9581
82706,1.8324,2.0638,4.3276,4.1463,6.7041,6.7322,8.3895,7.7297,3.1801,2.9987
82968,1.8292,2.0419,4.3495,4.1775,6.6916,6.726,8.3739,7.7297,3.1926,2.9956
83230,1.798,2.0262,4.3714,4.1619,6.6666,6.7354,8.3707,7.736,3.202,3.0362
83492,1.7761,2.0325,4.3777,4.1869,6.6478,6.6947,8.2019,7.7078,3.2051,3.0456
83754,1.7698,2.0106,4.3683,4.1963,6.6634,6.7228,8.2113,7.7328,3.202,3.03
84016,1.7667,2.0137,4.4527,4.165,6.6478,6.7135,8.3051,7.7141,3.2176,3.005
84278,1.7917,1.995,4.387,4.14,6.6384,6.6822,8.28,7.7328,3.2363,2.9987
84540,1.7573,2.0137,4.3558,4.2213,6.6415,6.6978,8.3113,7.7141,3.2207,3.0081
84802,1.7323,1.9793,4.3964,4.2151,6.6603,6.701,8.2331,7.7141,3.1926,3.0143
85064,1.7292,1.9449,4.3933,4.2307,6.6822,6.6884,8.2394,7.7422,3.1988,3.0237
85326,1.7354,1.9449,4.3839,4.237,6.6509,6.6978,8.1987,7.7485,3.2207,3.0644
85588,1.7135,1.9449,4.3401,4.2588,6.6822,6.6978,8.23,7.7766,3.2426,3.0644
85850,1.7229,1.9324,4.3214,4.2495,6.7041,6.6853,8.1925,7.8173,3.2489,3.0487
86112,1.7104,1.9293,4.3464,4.2526,6.6322,6.6884,8.1675,7.8173,3.252,3.0612
86374,1.701,1.9168,4.3276,4.2495,6.6322,6.6916,8.205,7.8079,3.2551,3.0863
86636,1.7073,1.9043,4.3683,4.2432,6.6322,6.6791,8.1706,7.8266,3.252,3.0925
86898,1.6729,1.9199,4.4902,4.2463,6.6134,6.6884,8.2238,7.7922,3.277,3.0581
87160,1.6854,1.9074,4.9999,4.2964,6.6415,6.7041,8.2019,7.7891,3.2707,3.105
87422,1.6666,1.8699,5.0531,4.3214,6.6322,6.6916,8.155,7.7922,3.277,3.0706
87684,1.6573,1.8824,5.0625,4.2964,6.6791,6.701,8.1331,7.7797,3.2895,3.1113
87946,1.6604,1.8605,5.1406,4.3495,6.6541,6.6697,8.1487,7.7985,3.2958,3.1019
88208,1.6604,1.8386,4.8154,4.3745,6.6134,6.6791,8.1612,7.8048,3.2895,3.1175
88470,1.6416,1.8605,4.6403,4.3714,6.6228,6.6759,8.2175,7.8298,3.3114,3.1207
88732,1.6573,1.848,4.5559,4.3433,6.6478,6.6697,8.2113,7.811,3.2832,3.1394
88994,1.6416,1.8386,4.5528,4.3808,6.6197,6.6884,8.1987,7.8298,3.3176,3.1425
89256,1.6041,1.823,4.5997,4.3745,6.6697,6.6822,8.1581,7.8173,3.3145,3.155
89518,1.5822,1.798,4.8123,4.3964,6.6541,6.6791,8.2081,7.8423,3.3114,3.1488
89780,1.5947,1.8074,4.681,4.4183,6.6447,6.6884,8.2269,7.8266,3.3176,3.1457
90042,1.5728,1.8074,4.6309,4.4121,6.6197,6.6791,8.18,7.8548,3.3395,3.1613
90304,1.5885,1.7948,4.6653,4.4433,6.6197,6.6697,8.205,7.8704,3.3395,3.1644
90566,1.5666,1.7823,4.6435,4.4152,6.5884,6.6634,8.2363,7.8642,3.3489,3.1676
90828,1.5228,1.773,4.6591,4.4402,6.5946,6.6634,8.1925,7.8861,3.3458,3.1738
91090,1.5384,1.773,4.6435,4.4465,6.5728,6.6728,8.2175,7.9173,3.3458,3.1801
91352,1.5134,1.7667,4.6247,4.4715,6.5946,6.6572,8.1862,7.8986,3.3614,3.1988
91614,1.5291,1.7198,4.6184,4.5246,6.5821,6.6666,8.18,7.9361,3.3583,3.1863
91876,1.4822,1.7698,4.6747,4.509,6.5821,6.6603,8.2331,7.933,3.3583,3.1863
92138,1.479,1.7198,4.6778,4.5027,6.5853,6.6541,8.18,7.9267,3.3583,3.1926
92400,1.4696,1.7198,4.6716,4.4902,6.6134,6.6634,8.2425,7.9455,3.3583,3.1957
92662,1.4603,1.7448,4.7091,4.5278,6.6228,6.6603,8.2425,7.9142,3.3927,3.2176
92924,1.4603,1.6979,4.7185,4.5215,6.5759,6.6603,8.2425,7.9455,3.3864,3.2207
93186,1.4509,1.7042,4.7779,4.559,6.5915,6.6728,8.3082,7.9361,3.3864,3.227
93448,1.4603,1.676,4.7842,4.5622,6.6134,6.6572,8.1831,7.9517,3.3896,3.2145
93710,1.4384,1.6791,4.8217,4.5528,6.5853,6.6666,8.23,7.933,3.3802,3.2301
93972,1.4227,1.6635,4.8217,4.584,6.579,6.6541,8.2738,7.9642,3.4083,3.2082
94234,1.4478,1.6573,4.8436,4.5997,6.5446,6.6509,8.2582,7.9642,3.4271,3.2426
94496,1.4822,1.626,4.8061,4.5903,6.5571,6.6415,8.2488,7.9674,3.4115,3.2363
94758,1.4415,1.626,4.9436,4.6028,6.5634,6.6165,8.3269,7.9642,3.4021,3.2676
95020,1.4259,1.6041,4.8811,4.6247,6.5227,6.6322,8.3395,7.9674,3.4271,3.2457
95282,1.4009,1.5916,4.9124,4.6341,6.5321,6.6322,8.3488,7.9642,3.4271,3.2582
95544,1.4009,1.5885,4.903,4.6403,6.5571,6.6197,8.2988,7.9611,3.4146,3.2457
95806,1.4196,1.5885,4.9374,4.6528,6.5352,6.6165,8.3488,7.9736,3.4271,3.2207
96068,1.3883,1.5603,4.9624,4.6341,6.5946,6.6165,8.3488,7.9642,3.4146,3.2426
96330,1.3696,1.5541,4.8936,4.6153,6.5821,6.6322,8.2988,7.9674,3.449,3.2582
96592,1.3977,1.5822,4.9561,4.681,6.5634,6.6415,8.377,7.983,3.4427,3.2832
96854,1.3852,1.5541,4.953,4.6591,6.5759,6.6322,8.3582,7.9767,3.474,3.2864
97116,1.3758,1.5478,4.9874,4.7029,6.604,6.6259,8.3739,7.9861,3.4584,3.2832
97378,1.404,1.5478,4.9718,4.7029,6.5884,6.6447,8.3989,7.9892,3.4271,3.2895
97640,1.3602,1.5509,4.9343,4.7435,6.5415,6.6353,8.3613,8.0111,3.4709,3.227
97902,1.3477,1.5416,5.0062,4.7373,6.5602,6.6322,8.3676,7.9955,3.4834,3.2489
98164,1.3227,1.5009,4.9937,4.7341,6.5415,6.6165,8.3801,7.9924,3.4615,3.2895
98426,1.3227,1.4884,5.0875,4.7435,6.504,6.6103,8.4364,8.0205,3.4865,2.9268
98688,1.3227,1.4947,5.0343,4.781,6.529,6.6197,8.3801,8.008,3.4802,3.3208
98950,1.3196,1.4947,5.0531,4.7623,6.5133,6.5884,8.4333,8.0236,3.4959,3.3364
99212,1.307,1.5134,5.0406,4.7623,6.5071,6.5665,8.4051,8.0268,3.4959,3.3302
99474,1.2945,1.4947,5.0843,4.7904,6.5196,6.5884,8.4114,8.0143,3.4959,3.3176
99736,1.2945,1.4696,5.075,4.7967,6.529,6.5946,8.427,8.0361,3.5146,3.3083
99998,1.2945,1.4728,5.0843,4.8217,6.5602,6.5884,8.4082,8.0236,3.5115,3.2614
100260,1.2664,1.4696,5.05,4.8404,6.5634,6.5946,8.4145,8.0268,3.5084,3.2645
100522,1.2758,1.4696,5.3282,4.8061,6.579,6.5946,8.452,8.0049,3.5178,3.3145
100784,1.3102,1.5103,5.372,4.7842,6.6228,6.5821,8.427,7.9611,3.4865,3.3302
101046,1.3227,1.5572,5.3689,4.8373,6.6228,6.5665,8.3832,7.9642,3.5178,3.3458
101308,1.3102,1.5197,5.3939,4.8061,6.6603,6.5853,8.4145,7.9455,3.5397,3.3333
101570,1.3133,1.5509,5.3845,4.7904,6.6541,6.5665,8.3645,7.9392,3.5397,3.3333
101832,1.2945,1.5259,5.3908,4.8373,6.6384,6.5759,8.3676,7.9423,3.5397,3.3239
102094,1.3008,1.5197,5.3939,4.8342,6.6353,6.5696,8.3801,7.9486,3.5397,3.3333
102356,1.2977,1.5197,5.372,4.8467,6.6447,6.5696,8.3801,7.9392,3.549,3.3395
102618,1.282,1.5134,5.2876,4.8123,6.604,6.5665,8.3395,7.9705,3.524,3.3208
102880,1.2852,1.5134,5.2532,4.8404,6.5759,6.5884,8.3176,7.9892,3.5334,3.3395
103142,1.2883,1.5259,5.2845,4.8467,6.5509,6.5884,8.3895,7.9892,3.5709,3.3364
103404,1.282,1.4853,5.2626,4.8811,6.5321,6.5821,8.3926,8.0205,3.5959,3.3333
103666,1.2852,1.4759,5.2469,4.8373,6.5415,6.579,8.3864,8.0268,3.5866,3.3614
103928,1.2914,1.4603,5.2282,4.8811,6.5759,6.5728,8.4301,8.0424,3.621,3.3614
104190,1.2633,1.5228,5.2188,4.9061,6.6009,6.5571,8.3864,8.0518,3.6053,3.3583
104452,1.3133,1.5291,5.2532,4.9092,6.6572,6.5509,8.4426,8.0268,3.6147,3.3771
104714,1.2977,1.4227,5.3282,4.9124,6.7291,6.4821,8.427,8.0268,3.6053,3.3802
104976,1.2508,1.4321,5.2626,4.9374,6.7228,6.5352,8.4677,8.0737,3.6428,3.4083
105238,1.232,1.3758,5.4815,4.9499,6.7479,6.5415,8.4489,8.0956,3.6178,3.3896
105500,1.207,1.3321,5.4252,4.9968,6.7291,6.5571,8.4333,8.5521,3.6772,3.4052
105762,1.1444,1.2601,5.4752,5.0343,6.6884,6.7291,8.4583,8.2644,3.5678,3.4677
106024,1.3539,1.2351,5.4189,5.0156,6.4821,7.0824,8.4333,8.3832,3.4365,3.5991
106286,1.3633,1.2727,5.1625,4.8999,6.554,6.998,8.2707,8.2926,3.4834,3.5678
106548,1.1695,1.3289,5.1938,4.8905,6.4102,7.1544,8.2863,8.4708,3.4208,3.7116
106810,1.282,1.2977,5.3408,4.9186,6.4133,7.0105,8.2488,8.3426,3.3739,3.5397
107072,1.2852,1.232,5.0812,4.903,6.4195,6.9011,8.2675,8.5021,3.3896,3.5053
107334,1.1319,1.2383,5.1313,4.9468,6.3695,6.8198,8.3082,8.3144,3.4021,3.4208
107596,1.307,1.3352,5.1438,4.9561,6.3883,6.8167,8.2519,8.2488,3.3958,3.4115
107858,1.1163,1.2601,5.0812,4.953,6.4227,6.8104,8.2707,8.2582,3.3989,3.4115
108120,1.257,1.2539,5.0437,4.9874,6.4008,6.8104,8.28,8.2582,3.3989,3.4146
108382,1.1945,1.257,5.1094,4.9843,6.3851,6.8385,8.3144,8.3082,3.4021,3.4146
108644,1.2383,1.2383,5.1531,4.9999,6.3289,6.8073,8.2769,8.2926,3.3958,3.3864
108906,1.2789,1.2539,5.175,5.0093,6.3195,6.8354,8.2894,8.2769,3.3864,3.3989
109168,1.2445,1.2383,5.1625,5.0249,6.332,6.7979,8.3176,8.3144,3.3833,3.4646
109430,1.2476,1.2383,5.1656,5.0249,6.2851,6.7635,8.28,8.2926,3.3708,3.4709
109692,1.2539,1.232,5.1281,5.0531,6.282,6.4477,8.2832,8.2832,3.3489,3.4896
109954,1.2945,1.2257,5.0937,5.0281,6.2945,6.382,8.2331,8.2832,3.3489,3.4802
110216,1.2977,1.2101,5.0593,5.0812,6.282,6.357,8.2644,8.2894,3.3489,3.474
110478,1.3227,1.2164,5.0812,5.0781,6.2413,6.3351,8.2863,8.3051,3.3364,3.4552
110740,1.2945,1.2164,5.0812,5.0593,6.2288,6.3257,8.2957,8.3238,3.352,3.4615
111054,1.307,1.2226,5.0625,5.0781,6.2007,6.3476,8.2206,8.2988,3.3614,3.4677
111316,1.3133,1.2383,5.0625,5.1281,6.1756,6.3633,8.205,8.2988,3.352,3.4177
111578,1.2945,1.2257,5.0531,5.1281,6.1631,6.4289,8.2206,8.2863,3.352,3.449
111840,1.3164,1.2195,5.0531,5.1031,6.1537,6.5102,8.2613,8.3019,3.3427,3.4521
112102,1.3321,1.2289,5.0593,5.1187,6.1412,6.5884,8.2363,8.2675,3.3302,3.4396
112364,1.2945,1.2601,5.0906,5.1313,6.1412,6.6134,8.2488,8.2769,3.3458,3.4271
112626,1.3321,1.2383,5.0843,5.1531,6.1569,6.6103,8.2238,8.28,3.352,3.4396
112888,1.3414,1.232,5.0969,5.1531,6.1694,6.7041,8.2363,8.2644,3.3552,3.3927
113150,1.3321,1.2226,5.1625,5.1375,6.1569,6.6384,8.2394,8.2832,3.3302,3.4271
113412,1.3289,1.2226,5.7723,5.1594,6.1256,6.5509,8.23,8.2675,3.3176,3.4396
113674,1.3665,1.207,5.6691,5.1563,6.1381,6.4696,8.2238,8.3363,3.327,3.4458
113936,1.3696,1.1914,5.6316,5.1563,6.1725,6.4414,8.2175,8.3395,3.3083,3.3989
114198,1.3946,1.1914,5.5409,5.2157,6.1037,6.3539,8.1643,8.3426,3.2801,3.4146
114460,1.4259,1.1507,5.5346,5.2282,6.1006,6.2538,8.1425,8.3488,3.2489,3.449
114722,1.4415,1.0975,5.4533,5.2782,6.1913,6.2601,8.0674,8.3144,3.2489,3.4771
114984,1.4352,1.1226,5.4564,5.2845,6.21,6.2601,8.0487,8.3551,3.2426,3.4584
115246,1.4853,1.1695,5.4627,5.2657,6.2194,6.282,8.0361,8.1769,3.2332,3.4396
115508,1.4728,1.1601,5.569,5.2782,6.2163,6.2632,8.0643,8.155,3.227,3.4427
115770,1.4978,1.1601,5.5847,5.2845,6.2194,6.2538,8.0487,8.155,3.2207,3.4208
116032,1.4696,1.1319,5.5784,5.297,6.2413,6.2444,8.0299,8.1487,3.202,-6.9761
116294,1.5165,1.1695,5.5753,5.297,6.2632,6.2444,8.0143,8.1675,3.1957,3.4302
116556,1.4947,1.1851,5.619,5.2845,6.2038,6.2194,8.008,8.1393,3.1863,3.4052
116818,1.5197,1.1945,5.6534,5.3126,6.1913,6.2225,8.0017,8.1268,3.1894,3.4177
117080,1.5291,1.1945,5.6253,5.297,6.235,6.1881,7.983,8.1831,3.1894,3.3802
117342,1.5416,1.182,5.594,5.347,6.3195,6.1913,7.9736,8.1143,3.155,3.4365
117604,1.5603,1.1882,5.6097,5.3157,6.2945,6.1881,7.9924,8.1018,3.1582,3.4052
117866,1.5541,1.1914,5.6284,5.3189,6.2851,6.1475,7.9611,8.1112,3.1644,3.4177
118128,1.5572,1.2132,5.6409,5.322,6.3664,6.1569,7.9642,8.0924,3.1707,3.4115
118390,1.5728,1.2164,5.6534,5.347,6.4164,6.1319,7.9423,8.1112,3.1519,3.4146
118652,1.5916,1.2445,5.6753,5.322,6.4164,6.1006,7.9423,8.1081,3.155,3.3896
118914,1.5947,1.2351,5.6597,5.3751,6.3914,6.0975,7.9204,8.0862,3.1425,3.3614
119176,1.5791,1.257,5.6034,5.3408,6.4477,6.0881,7.9111,8.0893,3.1394,3.3364
119438,1.6291,1.2414,5.5065,5.3689,6.4258,6.0787,7.9017,8.0956,3.13,3.3364
119700,1.6041,1.2914,5.5659,5.3439,6.4414,6.1006,7.8861,8.1018,3.13,3.3458
119962,1.6385,1.2758,5.5534,5.3533,6.4039,6.1068,7.8923,8.0612,3.1175,3.2864
120224,1.6541,1.307,5.544,5.3783,6.4633,6.135,7.8829,8.0549,3.105,3.2926
120486,1.6197,1.2727,5.619,5.3689,6.2945,6.1475,7.8735,8.0518,3.1144,3.2582
120748,1.6385,1.2789,5.6441,5.3751,6.3351,6.1975,7.8579,8.0393,3.0894,3.2238
121010,1.6698,1.3133,5.6441,5.372,6.2413,6.3445,7.8423,8.0268,3.0831,3.2207
121272,1.651,1.3227,5.6441,5.3689,5.9599,6.3132,7.8423,8.0268,3.0706,3.1832
121534,1.6917,1.3352,5.6253,5.4064,5.8192,6.3726,7.8204,8.0143,3.0831,3.1769
121796,1.6979,1.3039,5.666,5.3689,5.6785,6.4258,7.8266,8.0143,3.0737,3.1957
122058,1.701,1.3414,5.6128,5.3689,5.6347,6.4227,7.8079,8.0017,3.0675,3.1676
122320,1.6979,1.3227,5.5753,5.3783,5.6065,6.3914,7.8204,7.9924,3.0394,3.1081
122582,1.7323,1.3383,5.5534,5.3939,5.6097,6.4133,7.7891,7.983,3.0362,3.1019
122844,1.7479,1.3571,5.5721,5.3908,5.544,6.3789,7.7985,7.983,3.0362,3.0612
123106,1.7542,1.3727,5.5753,5.3751,5.5878,6.3664,7.7797,7.9267,3.0362,3.0362
123368,1.7636,1.3727,5.6284,5.3689,5.6034,6.3789,7.7704,7.9548,3.0206,3.0112
123630,1.7855,1.3665,5.619,5.3908,5.6097,6.3758,7.7672,7.9267,3.0018,2.9987
123892,1.7886,1.3821,5.7097,5.3877,5.6253,6.3351,7.7453,7.9392,2.9893,3.0018
124154,1.798,1.4009,5.6253,5.4127,5.6284,6.3414,7.7453,7.9267,2.9987,2.9299
124416,1.8105,1.4165,5.6566,5.4283,5.6597,6.332,7.7391,7.9173,2.9862,2.9424
124678,1.8199,1.404,5.7347,5.4158,5.6972,6.3007,7.7328,7.8829,2.9831,2.9111
125902,1.8699,1.4603,5.5753,5.4221,5.8348,6.2726,7.6547,7.8579,2.9362,2.8267
126164,1.8449,1.4728,5.6316,5.4221,5.8379,6.2476,7.664,7.836,2.9487,2.7767
126426,1.8417,1.4853,5.6097,5.4221,5.888,6.2601,7.6609,7.8485,2.9393,2.8205
126688,1.8793,1.4884,5.816,5.4377,5.8442,6.2444,7.6422,7.8141,2.9143,2.9018
126950,1.8855,1.5072,5.8348,5.4627,5.8786,6.2601,7.6578,7.7829,2.883,3.0362
127212,1.9074,1.5228,5.8598,5.4064,5.7973,6.3883,7.6859,7.7203,2.8736,3.0112
127474,1.9074,1.5353,5.8504,5.3564,5.791,6.0474,7.7203,7.761,2.8549,3.0018
127736,1.898,1.5416,5.7942,5.3877,5.7379,5.9724,7.6984,7.7641,2.8392,3.0362
127998,1.9262,1.5478,5.888,5.4127,5.7379,5.7691,7.6859,7.7109,2.8361,3.0394
128260,1.9074,1.5603,5.8817,5.3877,5.7535,5.7347,7.7016,7.7704,2.8549,3.0081
128522,1.9168,1.5666,5.888,5.3845,5.6722,5.7191,7.6703,7.7735,2.8799,2.9893
128784,1.9199,1.5635,5.6472,5.3845,5.7691,5.6972,7.6703,7.8954,2.8549,2.9831
129046,1.9449,1.5853,5.8442,5.3845,5.6941,5.7003,7.6578,7.933,2.8642,2.9706
129308,1.923,1.5853,5.7191,5.3939,5.691,5.7191,7.6422,7.933,2.8705,3.005
129570,1.9262,1.5885,5.666,5.4033,5.6785,5.691,7.6234,7.9079,2.8486,2.9924
129832,1.9449,1.5916,5.7816,5.3908,5.7129,5.6722,7.6609,7.8548,2.8392,2.9831
130094,1.995,1.5978,5.741,5.3877,5.7347,5.6409,7.6547,7.8048,2.8173,2.9768
130356,1.9668,1.6041,5.8348,5.397,5.6034,5.619,7.6453,7.7954,2.8048,2.933
130618,1.9918,1.6104,5.9536,5.4439,5.8129,5.5878,7.6203,7.7109,2.8048,2.9299
130880,1.9793,1.6166,5.8067,5.4283,5.6816,5.5628,7.6109,7.7172,2.7955,2.9143
131142,1.995,1.6291,5.8035,5.4346,5.7347,5.5815,7.614,7.7109,2.7829,2.9111
131404,2.0325,1.6416,5.9599,5.4439,5.691,5.5847,7.6046,7.7016,2.7329,2.9049
131666,2.0387,1.6573,5.9505,5.4346,6.0224,5.5503,7.5921,7.7016,2.7048,2.9299
131928,2.0356,1.6479,5.9411,5.4439,5.4252,5.5503,7.5921,7.7141,2.7298,2.9268
132190,2.0606,1.6729,5.9411,5.4815,5.4658,5.5377,7.5796,7.6828,2.7423,2.908
132452,2.0137,1.6479,5.9474,5.4439,5.3408,5.5409,7.5765,7.6766,2.736,2.9174
132714,2.0669,1.6823,5.9255,5.4439,5.4846,5.5409,7.5796,7.6984,2.7298,2.9455
132976,2.0419,1.6729,5.9442,5.4408,5.3376,5.5377,7.5765,7.7047,2.7142,2.9424
133238,2.0512,1.6448,5.9349,5.4377,5.3282,5.5377,7.5921,7.6828,2.7485,2.9143
133500,2.0575,1.676,5.9411,5.4596,5.3376,5.5628,7.5796,7.7109,2.7173,2.9268
133762,2.02,1.6448,5.938,5.4846,5.3251,5.6347,7.5765,7.7766,2.7392,2.9205
134024,2.0575,1.6729,5.9474,5.4846,5.2813,5.6816,7.5796,7.7422,2.7642,2.8955
134286,2.0919,1.6479,5.9599,5.4377,5.2157,5.6597,7.5609,7.7328,2.7517,2.8799
134548,2.0669,1.7135,5.816,5.4658,5.1907,5.6378,7.5577,7.7235,2.7517,2.908
134810,2.1107,1.7135,5.9474,5.4283,5.2,5.716,7.564,7.7016,2.7392,2.9018
135072,2.1232,1.6948,5.9568,5.4439,5.1938,5.7097,7.5421,7.6891,2.7079,2.9362
135334,2.1357,1.6917,5.9818,5.4627,5.1375,5.9536,7.5202,7.6984,2.7079,2.908
135596,2.1325,1.6604,5.9724,5.5034,5.1375,5.9005,7.5108,7.664,2.6985,2.8893
135858,2.1325,1.7042,5.9911,5.5002,5.1625,5.8911,7.5202,7.6484,2.7079,2.883
136120,2.1763,1.7292,5.9818,5.469,5.1594,5.9786,7.4983,7.6515,2.6985,2.8674
136382,2.1482,1.7511,5.8286,5.469,5.1594,5.8692,7.4889,7.6672,2.7173,2.8861
136644,2.1544,1.7636,5.9599,5.5127,5.15,5.8411,7.4764,7.6734,2.7016,2.8768
136906,2.1701,1.7636,5.9786,5.5221,5.1187,5.8629,7.4702,7.639,2.6891,2.858
137168,2.192,1.7855,5.9755,5.4846,5.1563,5.8661,7.4733,7.6859,2.686,2.8424
137430,2.2264,1.7823,6.0224,5.494,5.1625,5.8348,7.4577,7.6578,2.6547,2.8361
137692,2.2295,1.8136,5.9755,5.5159,5.1313,5.8411,7.4483,7.5859,2.6735,2.8361
137954,2.2451,1.7823,5.9693,5.5315,5.1094,5.8723,7.4452,7.6015,2.6672,2.8267
138216,2.2701,1.823,6.0037,5.5127,5.1219,5.8567,7.4545,7.5515,2.6579,2.8517
138478,2.2232,1.8699,5.9536,5.4971,5.1688,5.8254,7.4295,7.5577,2.6579,2.8611
138740,2.292,1.873,5.9818,5.5127,5.2126,5.8379,7.4358,7.5233,2.6422,2.858
139002,2.317,1.8355,5.9693,5.5346,5.2595,5.8129,7.4108,7.5296,2.5797,2.8549
139264,2.2608,1.9168,5.9536,5.544,5.2532,5.8504,7.4264,7.5202,2.6141,2.8205
139526,2.2701,1.8793,5.9599,5.5346,5.2219,5.8755,7.4358,7.5984,2.661,2.7861
139788,2.267,1.8355,6.0568,5.544,5.2876,5.9067,7.3983,7.6328,2.6329,2.7923
140050,2.2826,1.873,6.0631,5.5002,5.2501,5.9349,7.3795,7.6422,2.6172,2.7736
140312,2.2983,1.8949,6.0693,5.5628,5.2157,5.9693,7.3857,7.6265,2.6297,2.7423
140574,2.292,1.8887,6.0818,5.5127,5.2407,5.8098,7.3889,7.5984,2.6203,2.736
140836,2.3295,1.898,6.085,5.5409,5.2219,5.9599,7.3639,7.5765,2.6266,2.7736
141098,2.3108,1.9825,5.8942,5.5221,5.2282,5.8254,7.3983,7.5546,2.5985,2.7861
141360,2.3452,1.9731,5.9036,5.5221,5.2813,5.8348,7.3764,7.5452,2.5985,2.7736
141622,2.3264,1.9731,5.9286,5.5659,5.2751,5.7504,7.3639,7.4733,2.5953,2.7736
141884,2.3389,1.9668,5.9505,5.6097,5.2813,5.766,7.3326,7.4889,2.5953,2.7673
142146,2.3796,1.9762,5.9442,5.6597,5.3126,5.7816,7.3388,7.467,2.5641,2.7767
142408,2.3921,1.9699,5.9693,5.6222,5.3282,5.7691,7.3326,7.467,2.5641,2.7955
142670,2.3921,1.9918,5.8817,5.5878,5.1406,5.7379,7.3013,7.4389,2.5578,2.7579
142932,2.3514,2.0012,5.9317,5.5721,5.0969,5.7816,7.3044,7.4295,2.5641,2.7548
143194,2.3639,1.9856,5.9192,5.569,5.1156,5.7473,7.2982,7.4108,2.5609,2.7579
143456,2.3546,2.0262,5.888,5.569,5.0437,5.8035,7.2732,7.3951,2.5328,2.7642
143718,2.3952,2.0294,5.9505,5.594,4.9905,5.8192,7.2638,7.4076,2.539,2.7392
143980,2.4359,2.0419,5.8942,5.6034,4.953,5.8067,7.2701,7.3795,2.539,2.7611
144242,2.4327,2.0638,5.8661,5.6034,4.9343,5.9474,7.2513,7.3732,2.5297,2.7485
144504,2.4359,2.0544,5.8192,5.5815,4.8811,5.1469,7.2732,7.4264,2.5547,2.7142
144766,2.4234,2.0512,5.8223,5.5815,4.8404,5.0906,7.2669,7.4264,2.5422,2.6891
145028,2.4202,2.0481,5.7848,5.5909,4.8561,5.2532,7.2575,7.4545,2.5422,2.6641
145290,2.4077,2.0512,5.963,5.5815,4.7748,5.6316,7.2357,7.4327,2.5547,2.6735
145552,2.4046,2.0606,5.8817,5.5534,4.7404,5.4346,7.2294,7.4327,2.5359,2.6641
145814,2.4828,2.0794,5.9818,5.594,4.7842,5.5721,7.2263,7.4358,2.5516,2.6485
146076,2.5328,2.0763,5.8536,5.5659,4.7279,5.4377,7.2106,7.442,2.5359,2.6485
146338,2.5109,2.0919,5.8755,5.5565,4.7279,5.569,7.2106,7.4264,2.514,2.6923
146600,2.5453,2.0888,5.8379,5.5659,4.7466,5.4752,7.2138,7.4264,2.5203,2.6923
146862,2.489,2.0982,5.8755,5.5628,4.731,5.4752,7.1825,7.4076,2.5234,2.6641
147124,2.5422,2.1107,5.8817,5.5659,4.6747,5.4377,7.1606,7.3951,2.5265,2.6641
147386,2.5265,2.12,5.8442,5.569,4.6591,5.4314,7.1418,7.3951,2.5234,2.6391
147648,2.5578,2.1044,5.9036,5.594,4.7623,5.6159,7.1512,7.4389,2.5078,2.6297
147910,2.6485,2.1701,5.8286,5.6316,4.8655,5.7848,7.1637,7.3795,2.489,2.6266
148172,2.5578,2.1607,5.8348,5.6503,4.8561,5.0718,7.145,7.2794,2.4921,2.661
148434,2.5922,2.2076,5.7691,5.6816,4.853,5.0687,7.1043,7.2607,2.4546,2.6923
148696,2.5828,2.2326,5.6816,5.7097,4.8592,5.0906,7.0981,7.2482,2.4234,2.686
148958,2.5766,2.3014,5.6972,5.6628,4.8874,5.0843,7.12,7.2263,2.4671,2.6923
149220,2.6016,2.317,5.7379,5.666,4.8311,5.05,7.1137,7.2482,2.4609,2.8611
149482,2.6172,2.3514,5.7035,5.6847,4.7967,5.0281,7.0949,7.2732,2.464,2.8017
149744,2.6235,2.2983,5.6409,5.6753,4.8123,4.9937,7.1043,7.317,2.4484,2.4609
150006,2.6266,2.2451,5.6785,5.691,-5.6159,4.9937,7.1012,7.3295,2.4577,2.5641
150268,2.6422,2.2826,5.6722,5.7003,4.7779,4.9874,7.0793,7.2638,2.4171,2.5828
150530,2.6422,2.3014,5.6691,5.7035,4.7935,4.9468,7.048,7.2513,2.414,2.6016
150792,2.6297,2.2983,5.6785,5.7254,4.8154,4.9499,7.0324,7.2106,2.3983,2.611
151054,2.6266,2.2951,5.6722,5.7222,4.8092,4.9155,6.9949,7.1637,2.3858,2.6329
151316,2.6047,2.3077,5.6628,5.6941,4.7998,4.8748,6.9824,7.1606,2.3827,2.6172
151578,2.636,2.3358,5.6722,5.7504,4.7998,4.8967,6.973,7.1669,2.3733,2.5953
151840,2.6516,2.3608,5.6847,5.7316,4.7998,4.9186,6.973,7.1418,2.3983,2.5953
152102,2.6329,2.3546,5.6503,5.7347,4.781,4.9124,6.9542,7.1669,2.4046,2.5891
152364,2.636,2.3483,5.6597,5.7347,4.8029,4.9561,6.9511,7.1669,2.3671,2.5953
152626,2.6391,2.3827,5.6722,5.7254,4.8154,4.903,6.9667,7.1575,2.3483,2.5641
152888,2.6454,2.3858,5.6128,5.7129,4.7967,4.8811,6.9355,7.1168,2.3608,2.5453
153150,2.6641,2.4046,5.6284,5.7066,4.8123,4.853,6.9167,7.1481,2.3389,2.5328
153412,2.6641,2.4108,5.6409,5.7222,4.8217,4.8342,6.898,7.1606,2.317,2.5516
153674,2.6766,2.4202,5.6034,5.7222,4.8311,4.8186,6.8917,7.1418,2.3077,2.5547
153936,2.6985,2.4015,5.6316,5.7254,4.8248,4.7967,6.8948,7.1231,2.3045,2.5234
154198,2.6954,2.4327,5.6628,5.7066,4.8248,4.7779,6.8823,7.0887,2.3045,2.5015
154460,2.6923,2.4296,5.6472,5.7285,4.8498,4.7717,6.8479,7.0981,2.2889,2.5109
154722,2.6985,2.4359,5.6128,5.7097,4.7873,4.7873,6.8729,7.0824,2.267,2.489
154984,2.7235,2.4484,5.6097,5.7003,4.8154,4.8311,6.8229,7.0981,2.2733,2.4703
155246,2.7016,2.4484,5.6065,5.6941,4.7935,4.8248,6.8167,7.0824,2.2357,2.4953
155508,2.7079,2.4703,5.6003,5.6972,4.8061,4.8842,6.7948,7.0981,2.2514,2.4577
155770,2.7016,2.4765,5.6034,5.7254,4.8061,4.8279,6.7729,7.0731,2.2389,2.4671
156032,2.7204,2.4734,5.6003,5.7254,4.7873,4.7873,6.7979,7.048,2.2045,2.4703
156294,2.7235,2.4859,5.5753,5.691,4.7466,4.7779,6.7979,7.1043,2.2013,2.4484
156556,2.7329,2.4765,5.5972,5.6503,4.7717,4.7623,6.7635,7.0199,2.1982,2.4515
156818,2.7548,2.4828,5.6222,5.6409,4.7654,4.7623,6.7697,7.0418,2.1982,2.4296
157080,2.7611,2.4765,5.619,5.6316,4.756,4.7591,6.7604,7.0011,2.1795,2.439
157342,2.7642,2.4921,5.6222,5.594,4.756,4.7779,6.7885,6.9542,2.1763,2.4265
157604,2.7673,2.4671,5.6159,5.6097,4.731,4.7591,6.7666,6.9574,2.1732,2.4577
157866,2.7923,2.4765,5.6159,5.6003,4.7122,4.7466,6.7854,6.9793,2.1388,2.4421
158128,2.7767,2.4484,5.6159,5.6159,4.7154,4.756,6.776,6.9949,2.1732,2.4484
158390,2.8017,2.4734,5.6222,5.6566,4.6904,4.7685,6.7791,7.0168,2.1544,2.4359
158652,2.8611,2.3108,5.6222,5.5784,4.6309,4.8029,6.8167,7.0543,2.1763,2.4108
158914,2.8205,2.3358,5.6034,5.5565,4.6341,4.8186,6.8041,7.0387,2.1576,2.4359
159176,2.8705,2.3452,5.6253,5.5596,4.6028,4.8342,6.7854,7.0136,2.1419,2.4421
159438,2.8955,2.3921,5.619,5.5909,4.6091,4.8498,6.7791,7.0324,2.1576,2.4359
159700,2.8705,2.3827,5.6159,5.5503,4.6435,4.8498,6.7885,6.9918,2.1482,2.4546
159962,2.8861,3.0675,5.6472,5.5503,4.559,4.8311,6.7791,6.9855,2.0825,2.4609
160224,2.9362,2.7673,5.6597,5.5221,4.5653,4.9217,6.7823,7.0011,2.1294,2.2733
160486,2.9018,2.6454,5.6222,5.6003,4.5778,4.7935,6.7635,6.8792,2.1263,2.3108
160748,2.8017,2.5047,5.6128,5.6347,4.6028,4.7122,6.7604,7.3951,2.1357,2.389
161010,2.8142,2.5609,5.4877,5.716,4.7717,4.6341,6.9417,7.0824,2.1388,2.7235
161272,2.8736,2.6016,5.3939,5.6691,4.8874,4.6841,6.9323,7.2419,2.1357,2.3858
161534,2.6891,2.5641,5.2938,5.7097,4.8123,4.7091,6.9073,7.4952,2.1451,2.5297
161796,2.8768,2.6266,5.2376,5.6472,4.7623,4.8061,6.9198,6.9073,2.12,2.7485
162058,2.9643,2.5328,5.2438,5.6441,4.7967,4.7122,6.8729,7.2106,2.1232,2.3858
162320,2.9643,2.5703,5.2595,5.6409,4.7748,4.7279,6.9167,7.2763,2.1044,2.4077
162582,3.0737,2.5359,5.2688,5.6222,4.8467,4.7216,6.9011,7.4233,2.1107,2.3983
162844,3.0362,2.5516,5.2845,5.6128,4.7967,4.7185,6.8854,7.2919,2.0856,2.3452
163106,3.0362,2.5578,5.2813,5.5972,4.8342,4.7216,6.9011,7.2794,2.1013,2.389
163368,3.0456,2.5797,5.2626,5.5784,4.8029,4.7185,6.9105,7.1168,2.0825,2.3827
163630,3.0331,2.5609,5.2063,5.5565,4.7935,4.7122,6.8667,7.0699,2.095,2.4609
163892,3.0706,2.5797,5.1907,5.5221,4.8342,4.706,6.8854,6.9918,2.0669,2.3983
164154,3.0268,2.5922,5.1782,5.5377,4.8061,4.706,6.8667,7.0168,2.0544,2.3952
164416,3.0143,2.586,5.2157,5.5565,4.8186,4.706,6.8385,6.9323,2.0481,2.3858
164678,3.0175,2.6016,5.2094,5.5565,4.8123,4.6966,6.8573,6.973,2.0512,2.3827
164940,3.0394,2.6047,5.175,5.5471,4.8311,4.6997,6.851,6.898,2.0481,2.3827
165202,3.0394,2.6016,5.1782,5.5315,4.8561,4.6841,6.8542,6.8041,2.0294,2.3608
165464,3.0112,2.6266,5.1281,5.5534,4.8404,4.681,6.8198,6.8636,2.0137,2.3358
165726,3.0112,2.6016,5.1375,5.5096,4.8154,4.6716,6.8198,6.7948,1.9918,2.3108
165988,2.9831,2.6516,5.1406,5.544,4.8373,4.6716,6.8229,6.776,1.9918,2.2639
166250,2.9393,2.661,5.1563,5.5534,4.8029,4.6872,6.801,6.8229,1.9731,2.2733
166512,2.9237,2.6766,5.1656,5.5096,4.8342,4.6685,6.8229,6.8041,1.9762,2.2733
166774,2.8924,2.6735,5.1938,5.5002,4.8905,4.6685,6.7791,6.8104,1.9668,2.242
167036,2.9299,2.6766,5.1625,5.5065,4.8717,4.6716,6.776,6.7885,1.9731,2.2514
167298,2.9268,2.686,5.1907,5.4846,4.9468,4.6685,6.7541,6.7948,1.9668,2.2264
167560,2.9237,2.686,5.1531,5.4721,4.9061,4.6653,6.7541,6.7916,1.9731,2.192
167822,2.9393,2.6891,5.1844,5.5002,4.9061,4.6622,6.7135,6.7479,1.9324,2.1795
168084,2.9455,2.7016,5.1625,5.4564,4.928,4.6747,6.726,6.7479,1.9324,2.1763
168346,2.933,2.7016,5.175,5.4408,4.8967,4.6591,6.7103,6.7322,1.898,2.1701
168608,2.908,2.7079,5.1656,5.4658,4.8248,4.6716,6.6791,6.7385,1.9262,2.1669
168870,2.933,2.7267,5.1844,5.4502,4.8154,4.6716,6.6947,6.7291,1.923,2.1544
169132,2.9268,2.7235,5.1594,5.4533,4.7967,4.6872,6.6853,6.7135,1.9074,2.1419
169394,2.9143,2.7173,5.1563,5.4346,4.8029,4.6966,6.6884,6.7072,1.9199,2.1325
169656,2.9237,2.7204,5.1625,5.4471,4.8029,4.6872,6.6884,6.7166,1.9293,2.1357
169918,2.9205,2.711,5.125,5.4221,4.8217,4.6716,6.6947,6.6884,1.9012,2.1107
170180,2.9455,2.7298,5.1125,5.4221,4.8404,4.7091,6.6947,6.6916,1.8887,2.1044
170442,2.9455,2.7204,5.1062,5.4221,4.8279,4.7029,6.7072,6.6697,1.8793,2.0856
170704,2.9674,2.7235,5.0937,5.3595,4.8874,4.6872,6.7072,6.6634,1.8887,2.0919
170966,2.9893,2.7423,5.0781,5.4095,4.9343,4.6841,6.7135,6.6822,1.8511,2.0919
171228,2.9674,2.7423,5.0593,5.3658,4.928,4.7029,6.7103,6.6447,1.8449,2.095
171490,3.0206,2.7298,5.0625,5.3751,4.8967,4.7122,6.6728,6.6572,1.8011,2.0825
171752,3.0237,2.7454,5.0562,5.3501,4.8967,4.731,6.6978,6.6478,1.8324,2.07
172014,3.0519,2.7454,5.0531,5.3282,4.9092,4.7154,6.6884,6.6603,1.8199,2.0481
172276,3.0675,2.7548,5.0843,5.3189,4.8905,4.756,6.6822,6.6415,1.8011,2.0544
172538,3.0644,2.7517,5.0562,5.3314,4.8999,4.7404,6.6916,6.6415,1.7604,2.0638
172800,3.0894,2.7485,5.05,5.2907,4.8999,4.7248,6.6666,6.6322,1.7948,2.0481
173062,3.1144,2.7611,5.0468,5.2813,4.9092,4.7685,6.6759,6.6259,1.7479,2.0419
173324,3.1363,2.7392,5.0468,5.2938,4.9311,4.7373,6.6572,6.6228,1.7417,2.0294
173586,3.1738,2.7423,5.0468,5.2813,4.9468,4.756,6.6353,6.6259,1.773,2.02
173848,3.1926,2.7642,5.0406,5.2657,4.9749,4.7341,6.6353,6.6071,1.7198,2.0043
174110,3.2082,2.7454,4.9968,5.2344,5.0218,4.756,6.6415,6.604,1.7386,2.0043
174372,3.227,2.736,4.978,5.2438,4.9593,4.7654,6.6259,6.5915,1.7198,1.9981
174634,3.2145,2.7454,5.0249,5.2344,4.9468,4.7717,6.6259,6.5821,1.7073,1.9981
174896,3.202,2.7454,5.0156,5.2251,4.978,4.756,6.629,6.5884,1.6917,1.9825
175158,3.1801,2.7454,4.9874,5.2313,4.9593,4.7529,6.6103,6.5915,1.6885,1.995
175420,3.2801,2.736,5.0374,5.2344,4.9718,4.7654,6.5915,6.5634,1.6666,1.9637
175682,3.2645,2.7329,5.0406,5.2157,4.928,4.7717,6.5915,6.5634,1.6666,1.9387
175944,3.2457,2.7611,5.0156,5.1813,4.9968,4.7498,6.5821,6.5665,1.6635,1.9449
176206,3.2489,2.7392,4.9843,5.175,4.9436,4.7404,6.5728,6.5384,1.6354,1.9293
176468,3.227,2.7485,4.9561,5.175,4.9561,4.7998,6.5634,6.5352,1.6479,1.9262
176730,3.2301,2.7704,4.9593,5.1563,4.9593,4.8154,6.5665,6.5258,1.6479,1.9168
176992,3.2332,2.7736,4.9374,5.1344,4.9217,4.7967,6.5665,6.5227,1.6354,1.9168
177254,3.2145,2.7673,4.903,5.1187,4.9561,4.8029,6.554,6.5321,1.6698,1.8824
177516,3.2489,2.7736,4.8936,5.1156,4.9249,4.7748,6.5477,6.5071,1.6448,1.8793
177778,3.2832,2.7923,4.9249,5.1031,4.9311,4.7904,6.5352,6.5196,1.6291,1.8855
178040,3.2207,2.8017,4.8967,5.0875,4.9499,4.7685,6.529,6.504,1.6229,1.8699
178302,3.2457,2.8173,4.9311,5.1,4.9186,4.7779,6.5415,6.4852,1.6322,1.8605
178564,3.2864,2.8142,4.9655,5.0812,4.953,4.7623,6.5227,6.4758,1.6354,1.8574
178826,3.2864,2.8424,4.9499,5.1,4.9624,4.7842,6.5446,6.4852,1.6322,1.8449
179088,3.2176,2.8017,4.9468,5.0656,4.9436,4.7654,6.5352,6.4852,1.6166,1.8417
179350,3.2395,2.8361,4.928,5.05,4.9655,4.756,6.5321,6.4852,1.5822,1.8324
179612,3.2176,2.8236,4.9311,5.0812,4.9843,4.7591,6.5258,6.4696,1.6041,1.848
179874,3.2801,2.8549,4.9374,5.0593,4.9217,4.7685,6.5665,6.4696,1.6135,1.8386
180136,3.3114,2.8486,4.8592,5.0374,4.9687,4.7748,6.5227,6.4508,1.5978,1.8167
180398,3.2926,2.8486,4.8655,5.0093,4.9843,4.7654,6.5415,6.4383,1.5853,1.7948
180660,3.2457,2.9018,4.8717,5.0218,4.9561,4.8186,6.5477,6.4539,1.5853,1.7792
180922,3.2926,2.8642,4.8467,5.0562,4.953,4.781,6.5696,6.432,1.5853,1.8292
181184,3.3302,2.8736,4.8342,5.0156,4.9561,4.8186,6.5728,6.4195,1.5822,1.7917
181446,3.2645,2.8768,4.8623,5.0124,4.9749,4.7904,6.5634,6.4383,1.5572,1.798
181708,3.2989,2.908,4.8686,4.9999,4.9968,4.8061,6.5352,6.4164,1.5509,1.7823
181970,3.2958,2.8893,4.8373,4.9999,4.9593,4.8061,6.5884,6.4227,1.5635,1.7855
182232,3.2958,2.9049,4.8061,4.978,4.9343,4.8186,6.5915,6.3945,1.5322,1.7761
182494,3.3333,2.9268,4.8154,4.9718,4.9249,4.8404,6.5853,6.3976,1.5353,1.7604
182756,3.327,2.9174,4.7873,4.9812,4.8811,4.8373,6.6197,6.382,1.5103,1.7417
183018,3.3333,2.9581,4.8092,4.9561,4.9374,4.8279,6.5696,6.3695,1.5353,1.7354
183280,3.2989,2.9487,4.7935,4.953,4.8092,4.8217,6.554,6.382,1.5197,1.7323
183542,3.277,2.9674,4.8092,4.9624,4.8686,4.8279,6.5415,6.3539,1.5228,1.7135
183804,3.3145,2.9706,4.7779,4.9311,4.9561,4.8311,6.5321,6.3507,1.5103,1.7042
184066,3.2989,2.9518,4.756,4.9155,4.8623,4.8248,6.4821,6.3382,1.4822,1.6948
184328,3.3458,2.9643,4.7404,4.9343,4.7998,4.8436,6.407,6.3633,1.4665,1.676
184590,3.3552,2.9706,4.7623,4.9124,4.7873,4.8592,6.4258,6.3351,1.4947,1.6729
184852,3.2989,2.9737,4.7373,4.9374,4.8655,4.8655,6.3945,6.3257,1.4947,1.6479
185114,3.327,2.9987,4.731,4.9311,5.1907,4.853,6.2319,6.3007,1.4759,1.6448
185376,3.3364,2.9987,4.7529,4.9217,5.5127,4.8748,6.307,6.307,1.4509,1.6635
185638,3.3583,3.0206,4.7373,4.8874,5.2407,4.8686,6.2694,6.307,1.454,1.6322
185900,3.3114,3.0175,4.7529,4.903,5.0374,4.8623,6.2225,6.2882,1.454,1.6448
186162,3.3708,3.0112,4.7466,4.8936,4.978,4.8686,6.1225,6.307,1.454,1.6135
186424,3.3645,3.03,4.756,4.8905,4.9311,4.8655,6.1725,6.2851,1.4384,1.6291
186686,3.4177,3.0081,4.706,4.8561,4.9405,4.8748,6.1944,6.2632,1.4509,1.6354
186948,3.3989,2.9831,4.731,4.853,4.9124,4.853,6.2194,6.282,1.404,1.6197
187210,3.3614,3.0143,4.756,4.8498,4.9374,4.8436,6.2257,6.2538,1.4321,1.5978
187472,3.4271,3.0175,4.7248,4.853,4.8905,4.8467,6.1506,6.2444,1.4321,1.5791
187734,3.352,3.055,4.706,4.8248,4.9968,4.8686,6.1788,6.2726,1.4227,1.5822
187996,3.3927,3.055,4.6778,4.8248,4.8592,4.8655,6.0068,6.2007,1.4071,1.5635
188258,3.3395,3.08,4.6622,4.8092,4.8467,4.878,6.0474,6.235,1.3883,1.5509
188520,3.3833,3.0894,4.6622,4.8373,4.9092,4.878,6.0255,6.2225,1.4196,1.5416
188782,3.3989,3.0769,4.6372,4.7935,4.8811,4.903,6.0224,6.2288,1.3883,1.5635
189044,3.3583,3.0737,4.6122,4.7873,4.9061,4.8748,5.9474,6.1944,1.3696,1.5353
189306,3.3614,3.0644,4.6153,4.7779,4.9217,4.8905,6.0506,6.2038,1.3696,1.504
189568,3.3583,3.08,4.6122,4.8061,4.953,4.8842,5.938,6.1694,1.379,1.4978
189830,3.352,3.1144,4.6309,4.7529,4.9436,4.8905,6.085,6.185,1.3539,1.4884
190092,3.3833,3.1019,4.6309,4.7967,5.0062,4.8748,5.9442,6.1694,1.4071,1.479
190354,3.3833,3.1175,4.6278,4.7904,4.9655,4.8874,5.9411,6.1663,1.3665,1.4571
190616,3.4052,3.1394,4.5903,4.7435,5.05,4.8811,6.0506,6.1475,1.3414,1.4728
190878,3.4208,3.1394,4.5622,4.7341,5.0593,4.8842,6.0005,6.1694,1.3446,1.4446
191140,3.4021,3.1175,4.5809,4.731,5.0875,4.8874,6.0224,6.1194,1.3258,1.4321
191402,3.4177,3.13,4.5809,4.7185,5.1,4.8842,5.938,6.1319,1.3321,1.4446
191664,3.4021,3.13,4.5622,4.7122,5.1907,4.8936,5.9755,6.1725,1.3102,1.4227
191926,3.4052,3.1488,4.5684,4.7154,5.1438,4.8874,5.8723,6.1256,1.3133,1.4259
192188,3.4177,3.1332,4.5622,4.7122,5.1375,4.9092,5.9067,6.1287,1.3289,1.4196
192450,3.4208,3.1332,4.5371,4.681,5.1719,4.8874,5.8911,6.0756,1.307,1.4134
192712,3.4115,3.1676,4.5246,4.7091,5.1688,4.8967,5.8911,6.1319,1.3258,1.4071
192974,3.4083,3.1676,4.5434,4.706,5.1782,4.8936,5.8254,6.1537,1.307,1.4134
193236,3.4271,3.1957,4.509,4.6872,5.1438,4.8999,5.8973,6.1068,1.3102,1.4384
193498,3.4271,3.1707,4.4902,4.6716,5.1281,4.9061,5.8286,6.1068,1.3414,1.404
193760,3.4271,3.1769,4.4683,4.6622,5.1344,4.9217,5.8411,6.0693,1.3196,1.4227
194022,3.4396,3.1769,4.4621,4.681,5.1656,4.8905,5.8504,6.0724,1.2914,1.3883
194284,3.424,3.1832,4.4683,4.6904,5.1219,4.8999,5.8442,6.0724,1.282,1.4227
194546,3.4271,3.2176,4.4652,4.6778,5.1531,4.8999,5.8786,6.0631,1.2945,1.4134
194808,3.449,3.227,4.4433,4.6497,5.0812,4.8936,5.8473,6.0568,1.3102,1.3852
195070,3.4521,3.227,4.4371,4.6184,5.125,4.8905,5.8536,6.0443,1.2914,1.3821
195332,3.449,3.2238,4.4371,4.5997,5.1156,4.8967,5.8504,6.0349,1.2758,1.3571
195594,3.474,3.2332,4.4121,4.6153,5.125,4.903,5.816,6.0599,1.2914,1.3852
195856,3.4646,3.2614,4.4183,4.6278,5.4658,4.9124,5.8411,6.0537,1.2977,1.404
196118,3.4677,3.2707,4.4121,4.6153,5.6253,4.9124,5.816,6.0349,1.2695,1.3727
196380,3.4677,3.2864,4.3964,4.6091,5.8348,4.9186,5.8098,6.0224,1.257,1.379
197724,3.5115,3.3114,4.3714,4.5278,5.7097,4.9436,5.8442,5.9786,1.2383,1.3602
197986,3.4896,3.2926,4.3401,4.5747,5.7285,4.9249,5.816,5.938,1.2257,1.3571
198248,3.4959,3.3083,4.312,4.5434,5.7816,4.9217,5.8286,5.9724,1.1945,1.3352
198510,3.5178,3.3208,4.312,4.5434,5.8254,4.9217,5.8223,5.9786,1.2039,1.3383
198772,3.4928,3.3114,4.3057,4.5653,5.666,4.9405,5.8317,5.9974,1.2257,1.3539
199034,3.4928,3.3083,4.2995,4.4996,5.6972,4.9499,5.8348,6.0037,1.2226,1.3446
199348,3.5146,3.3239,4.3089,4.4871,5.7441,4.9561,5.8129,5.9911,1.2039,1.3196
199610,3.5271,3.3458,4.2901,4.459,5.7691,4.9499,5.8004,5.988,1.2164,1.3164
199872,3.5115,3.3864,4.2714,4.4809,5.666,4.9718,5.8129,6.0287,1.2164,1.3164
200134,3.5084,3.4146,4.2745,4.4558,5.7129,4.953,5.8129,6.0037,1.2164,1.3227
200396,3.5397,3.4115,4.262,4.4934,5.7066,4.9436,5.8286,6.0381,1.2383,1.3102
200658,3.5146,3.3333,4.2932,4.4871,5.5002,5.2032,5.8379,6.1569,1.2414,1.3102
200920,3.5115,3.4115,4.262,4.4652,5.5252,5.2032,5.8223,5.8942,1.2601,1.257
201182,3.549,3.3958,4.2682,4.3996,5.5096,5.297,5.8254,6.0474,1.2101,1.257
201444,3.5271,3.4677,4.2276,4.4121,5.2907,5.1938,5.716,6.0443,1.2226,1.3133
201706,3.6116,3.4458,4.2526,4.5622,5.3032,5.3783,6.2632,5.9974,1.1788,1.2727
201968,3.6147,3.4802,4.2026,4.3933,5.1563,5.3064,6.2757,6.0381,1.1882,1.3102
202230,3.6178,3.524,4.287,4.387,5.469,5.2563,6.2507,5.9786,1.1788,1.2727
202492,3.6116,3.5084,4.2463,4.3245,5.4658,5.175,5.6628,6.0005,1.1257,1.2445
202754,3.6147,3.5365,4.2244,4.2432,5.6847,5.1844,5.4815,6.013,1.1476,1.3102
203016,3.6116,3.4521,4.2244,4.3308,5.5878,5.075,5.5534,6.0412,1.1538,1.2758
203278,3.6272,3.646,4.2432,4.3808,5.5659,5.0843,5.6128,5.9067,1.1538,1.3133
203540,3.6335,3.6335,4.2338,4.3183,5.5596,5.0937,5.6409,5.9568,1.1413,1.2351
203802,3.6272,3.6272,4.2244,4.3308,5.4971,5.1406,5.5628,5.9098,1.1601,1.2664
204064,3.646,3.6022,4.2432,4.3339,5.5034,5.125,5.5659,5.9505,1.1601,1.2195
204326,3.6491,3.621,4.2182,4.2964,5.3877,5.1156,5.5096,5.9536,1.1851,1.2101
204588,3.6147,3.5991,4.2182,4.3276,5.4908,5.1094,5.5127,5.963,1.1132,1.2195
204850,3.6929,3.6241,4.165,4.2839,5.5065,5.0843,5.5034,5.9505,1.1507,1.2226
205112,3.6835,3.6272,4.1869,4.3026,5.5596,5.1094,5.4721,5.963,1.1476,1.2039
205374,3.671,3.6241,4.2026,4.287,5.5753,5.1125,5.4721,5.9442,1.1194,1.2195
205636,3.6804,3.6272,4.2151,4.2463,5.5252,5.1313,5.5127,5.9474,1.1257,1.2101
205898,3.6897,3.6335,4.1869,4.2682,5.4533,5.1313,5.5252,5.9161,1.1257,1.2101
206160,3.696,3.6616,4.1431,4.237,5.4033,5.1344,5.5909,5.8379,1.1069,1.1914
206422,3.7179,3.671,4.1306,4.2463,5.4471,5.1187,5.569,5.8755,1.1163,1.1945
206684,3.7273,3.6679,4.1244,4.262,5.4533,5.125,5.5721,5.8598,1.1069,1.182
206946,3.7304,3.6491,4.14,4.2588,5.5065,5.1375,5.5815,5.8504,1.1069,1.1788
207208,3.7273,3.671,4.1682,4.2432,5.5471,5.1406,5.5503,5.8442,1.1038,1.1757
207470,3.7398,3.6741,4.1463,4.2119,5.5534,5.1156,5.544,5.8379,1.0882,1.1726
207732,3.7241,3.671,4.1244,4.2026,5.5284,5.1375,5.4846,5.8317,1.1101,1.1882
207994,3.7304,3.6554,4.1025,4.1807,5.5315,5.1813,5.4502,5.8442,1.1101,1.1788
208256,3.7335,3.6772,4.0681,4.1869,5.4783,5.1813,5.4189,5.8348,1.0975,1.1695
208518,3.7429,3.6804,4.0806,4.1901,5.4221,5.1531,5.4033,5.8567,1.0944,1.1882
208780,3.7492,3.6897,4.1275,4.1901,5.5065,5.1469,5.3908,5.8567,1.1038,1.1632
209042,3.7523,3.7179,4.1088,4.1682,5.6691,5.1375,5.519,5.8098,1.1038,1.1538
209304,3.7648,3.696,4.1119,4.1588,5.5972,5.1656,5.5346,5.8348,1.1069,1.1507
209566,3.7585,3.6866,4.0837,4.1525,5.5847,5.1813,5.5221,5.8379,1.1069,1.1538
209828,3.7898,3.6835,4.0462,4.1306,5.5534,5.1594,5.5252,5.8004,1.0944,1.1601
210090,3.7836,3.6804,4.0618,4.0837,5.5659,5.1813,5.5221,5.7816,1.1038,1.1538
210352,3.7804,3.6866,4.065,4.14,5.5034,5.2126,5.4846,5.7754,1.1069,1.1601
210614,3.7898,3.7179,4.0587,4.0962,5.4815,5.2188,5.4721,5.7848,1.0944,1.157
210876,3.7804,3.721,4.0618,4.0994,5.5409,5.2126,5.397,5.7879,1.0975,1.1695
211138,3.7836,3.7523,4.0775,4.0837,5.5721,5.2157,5.3814,5.7754,1.0788,1.1476
211400,3.8242,3.7273,4.0618,4.0744,5.6065,5.2282,5.3845,5.7879,1.085,1.1444
211662,3.7929,3.7179,4.0556,4.0806,5.5972,5.2563,5.4064,5.7879,1.0975,1.1601
211924,3.8492,3.721,4.04,4.0462,5.5721,5.2313,5.4221,5.8192,1.0975,1.1382
212186,3.8336,3.6929,4.0181,4.0525,5.5847,5.1969,5.4533,5.8067,1.0944,1.1319
212448,3.8336,3.6991,4.0087,4.0462,5.6003,5.1907,5.4815,5.7816,1.0788,1.1382
212710,3.8336,3.6929,4.0306,4.0149,5.5659,5.2063,5.494,5.7816,1.0757,1.1257
212972,3.843,3.721,4.0493,4.0243,5.5628,5.2438,5.5065,5.7816,1.0694,1.1382
213234,3.8805,3.7116,4.0212,4.0275,5.5159,5.2438,5.4627,5.791,1.0882,1.1101
213496,3.8805,3.7398,4.0306,3.9962,5.619,5.2376,5.4533,5.7691,1.0975,1.1257
213758,3.8649,3.7742,4.0337,3.9962,5.6409,5.2219,5.4158,5.716,1.1007,1.1288
214020,3.8774,3.7585,4.0024,4.0087,5.619,5.2344,5.4127,5.7535,1.0725,1.1476
214282,3.8649,3.7492,3.9931,4.0368,5.6034,5.2657,5.4002,5.7066,1.0975,1.1194
214544,3.8617,3.746,3.9993,3.9336,5.5878,5.2626,5.4189,5.7129,1.0944,1.1257
214806,3.8993,3.7679,3.9805,3.918,5.5878,5.272,5.4439,5.7097,1.0819,1.1226
215068,3.8742,3.7648,4.0087,3.8993,5.5878,5.2532,5.4564,5.6972,1.0631,1.1101
215330,3.893,3.7898,3.9993,4.1119,5.5909,5.2344,5.4721,5.7222,1.0725,1.1101
215592,3.9024,3.8117,3.9774,4.0118,5.5753,5.2501,5.4596,5.741,1.0475,1.1226
215854,3.8961,3.7898,3.9587,3.9555,5.6097,5.2595,5.4189,5.7254,1.06,1.1257
216116,3.9462,3.8273,3.9618,4.0212,5.5628,5.2876,5.3908,5.7347,1.0288,1.1163
216378,3.9118,3.7898,3.9555,3.9805,5.6097,5.2907,5.3501,5.7379,1.0569,1.1132
216640,3.9368,3.7992,3.943,3.9931,5.6284,5.2813,5.3376,5.7285,1.0569,1.1069
216902,3.8961,3.8148,3.9211,4.0275,5.6347,5.2938,5.3751,5.7191,1.0475,1.1132
217164,3.9274,3.7867,3.9274,3.968,5.6284,5.2188,5.4189,5.741,1.0694,1.0975
217426,3.9243,3.7961,3.8805,4.0556,5.6316,5.2626,5.4971,5.7191,1.0694,1.1132
217688,3.9618,3.7679,3.8836,4.09,5.6284,5.3189,5.5471,5.7316,1.0694,1.1319
217950,3.9243,3.8117,3.8867,4.0556,5.6097,5.3376,5.4846,5.691,1.0694,1.1007
218212,3.9493,3.8117,3.8711,4.0775,5.6347,5.3282,5.4783,5.666,1.0538,1.0788
218474,3.9868,3.8273,3.8523,4.0618,5.569,5.3783,5.4377,5.6316,1.0725,1.0882
218736,3.9493,3.8461,3.8492,4.0681,5.6534,5.5565,5.3939,5.6347,1.0631,1.0975
218998,3.9524,3.8242,3.8148,4.0368,5.6878,5.3376,5.3595,5.6597,1.0694,1.0975
219260,3.9899,3.818,3.8242,3.9805,5.8035,5.322,5.322,5.6347,1.0413,1.0975
219522,4.0056,3.8273,3.8273,3.9493,5.6722,5.2626,5.3376,5.6597,1.0413,1.085
219784,4.0024,3.8086,3.8273,4.0181,5.6941,5.3001,5.3376,5.6628,1.0288,1.0819
220046,4.0149,3.8398,3.8555,3.9805,5.6378,5.3658,5.3345,5.691,1.0381,1.085
220308,3.9993,3.8586,3.8492,4.0493,5.6472,5.3814,5.3376,5.6816,1.0506,1.1038
220570,4.0212,3.8461,3.8492,4.0462,5.6347,5.3626,5.3314,5.6503,1.0381,1.1007
220832,4.0368,3.8523,3.843,4.04,5.6597,5.3658,5.3345,5.6159,1.0506,1.0913
221094,4.0525,3.8461,3.8649,4.0212,5.6003,5.3689,5.3314,5.6691,1.0569,1.085
221356,4.04,3.8649,3.8367,4.0368,5.6253,5.3501,5.2688,5.6441,1.0475,1.0975
221618,4.0618,3.8805,3.8242,4.0525,5.6347,5.3658,5.297,5.6722,1.0475,1.0882
221880,4.0243,3.8523,3.868,4.04,5.6065,5.3439,5.3064,5.7097,1.0413,1.0882
222142,4.0525,3.8836,3.8617,4.0744,5.666,5.3533,5.3783,5.7254,1.0538,1.0913
222404,4.0525,3.8836,3.8586,4.0431,5.6441,5.3564,5.5065,5.7285,1.0381,1.1038
222666,4.0181,3.8742,3.8492,4.04,5.6534,5.3501,5.3501,5.5346,1.0413,1.0882
222928,4.065,3.8805,3.8586,4.0525,5.6065,5.3595,5.3533,5.8473,1.0506,1.0757
223190,4.0306,3.8336,3.8555,4.0243,5.6378,5.3626,5.3189,5.6472,1.0538,1.1069
223452,4.0181,3.8461,3.8273,4.0431,5.6253,5.3533,5.2907,5.6628,1.0506,1.0694
223714,4.0212,3.6741,3.9024,4.4652,5.6378,5.2094,5.5565,5.7441,1.0663,1.2101
223976,4.1306,3.6741,3.9931,4.8186,5.8536,5.2094,5.4095,5.691,1.0631,1.2132
224238,3.7367,3.7148,3.9743,3.9649,5.7816,5.2157,5.4283,5.7441,1.0694,1.1757
224500,3.8148,3.7273,3.9712,4.1901,5.6316,5.5284,5.5471,5.666,1.0663,1.0975
224762,3.8305,3.696,3.943,3.9962,5.7441,5.2938,5.494,5.7566,1.1663,1.1413
225024,3.7929,3.671,3.9243,4.0275,5.9599,5.2376,5.5034,5.6316,1.1945,1.1663
225286,3.8492,3.7054,3.9336,4.0587,5.5972,5.4064,5.5065,5.7129,1.2414,1.1038
225548,3.843,3.7335,3.9399,4.237,5.6878,5.2063,5.5096,5.7691,1.1507,1.1476
225810,3.8305,3.7241,3.9305,4.6497,5.6534,5.1625,5.4846,5.6691,1.1476,1.1788
226072,3.8461,3.7398,3.9336,4.3745,5.913,5.1875,5.4502,5.7629,1.0725,1.1163
226334,3.8711,3.7617,3.9149,4.1619,5.7254,5.2501,5.4346,5.7598,1.1132,1.1351
226596,3.8867,3.746,3.9336,3.9462,5.6722,5.3439,5.4596,5.741,1.0757,1.1257
226858,3.8993,3.746,3.9086,3.9336,5.5315,5.2407,5.4846,5.7566,1.0569,1.1257
227120,3.893,3.7304,3.8867,3.9149,5.5628,5.1719,5.4846,5.7598,1.0194,1.1132
227382,3.8836,3.7273,3.8023,3.9118,5.7285,5.2876,5.469,5.7598,1.0725,1.0725
227644,3.893,3.7492,3.8367,3.8242,5.7691,5.3376,5.4533,5.7129,1.0757,1.1101
227906,3.8993,3.7929,3.818,4.2276,5.7629,5.2751,5.4627,5.7035,1.1007,1.0944
228168,3.918,3.7773,3.9024,3.8336,5.716,5.2032,5.4533,5.6722,1.1476,1.0975
228430,3.9399,3.7836,3.8148,3.8398,5.6628,5.2907,5.4971,5.7191,1.1507,1.0694
228692,3.9149,3.8054,3.9368,4.0712,5.6753,5.3095,5.4752,5.7473,1.1444,1.0819
228954,3.9274,3.818,3.7429,4.3777,5.7285,5.3001,5.4846,5.7222,1.1788,1.0757
229216,3.9274,3.8492,3.7867,3.8586,5.7535,5.2157,5.4783,5.7535,1.1538,1.0882
229478,3.9493,3.8649,3.7804,3.8899,5.8035,5.2688,5.4471,5.6941,1.1319,1.085
229740,3.9712,3.8398,3.7773,3.8899,5.7942,5.4033,5.4002,5.6816,1.182,1.0757
230002,3.9899,3.8523,3.8086,3.9931,5.7942,5.4095,5.3783,5.6847,1.1757,1.0882
230264,3.9931,3.8617,3.7992,3.9868,5.7441,5.3626,5.4002,5.691,1.1976,1.1038
230526,3.9743,3.868,3.7836,4.065,5.6753,5.3032,5.4252,5.7066,1.157,1.0819
230788,3.9899,3.8805,3.7398,3.9931,5.741,5.2688,5.3751,5.6941,1.2039,1.1069
231050,4.0118,3.8774,3.7179,3.7804,5.766,5.4533,5.3751,5.7097,1.2195,1.0788
231312,4.0149,3.8867,3.7367,3.9712,5.8348,5.4346,5.4502,5.7097,1.1882,1.0944
231574,4.0275,3.893,3.7304,3.9462,5.8411,5.4095,5.4158,5.6847,1.2007,1.0788
231836,4.0243,3.8961,3.7085,4.0806,5.8504,5.322,5.3658,5.6941,1.1976,1.1163
232098,4.0462,3.9149,3.6772,3.918,5.8661,5.2469,5.3751,5.6722,1.1976,1.0694
232360,4.0712,3.9149,3.7179,3.8867,5.8286,5.2688,5.3751,5.6722,1.1851,1.1069
232622,4.0556,3.9774,3.721,3.9305,5.7754,5.4502,5.4033,5.6753,1.182,1.1101
232884,4.0556,3.9649,3.7148,4.1775,5.7097,5.5346,5.3751,5.7473,1.1882,1.0882
233146,4.0869,3.9462,3.6866,3.943,5.8973,5.4596,5.3595,5.741,1.207,1.1288
233408,4.0837,3.9649,3.7116,4.1275,5.8848,5.4189,5.3564,5.766,1.1945,1.1413
233670,4.1088,3.9462,3.6679,4.1244,5.8911,5.3314,5.3564,5.7441,1.2007,1.1319
233932,4.0962,3.9618,3.6616,4.2182,5.9255,5.2563,5.3376,5.7316,1.2101,1.1101
234194,4.1056,3.9555,3.6929,3.9086,5.8973,5.4846,5.3533,5.766,1.2007,1.1444
234456,4.1275,3.9993,3.6866,4.0931,5.9161,5.4971,5.3376,5.7535,1.2132,1.1288
234718,4.1463,3.9993,3.6585,4.1932,5.913,5.4439,5.3345,5.7316,1.2383,1.1507
234980,4.1463,4.0212,3.6397,3.9774,5.8598,5.4596,5.3189,5.7035,1.2476,1.1194
235242,4.1525,4.0087,3.6491,3.8867,5.8755,5.3814,5.3157,5.7254,1.2414,1.1257
235504,4.1713,4.0087,3.621,4.1494,5.8629,5.3095,5.3376,5.816,1.2664,1.1538
235766,4.1525,4.0306,3.5959,4.0869,5.816,5.3189,5.3408,5.7566,1.2539,1.1444
236028,4.1713,4.0275,3.5897,4.0493,5.8348,5.4064,5.3533,5.7598,1.257,1.1757
236290,4.1994,4.0243,3.5428,3.8867,5.7629,5.4502,5.3595,5.4502,1.2633,1.157
236552,4.2057,4.0462,3.5334,4.1713,5.7629,5.4283,5.3408,5.8723,1.2476,1.1288
236814,4.1744,4.0556,3.549,3.8054,5.766,5.4533,5.3439,5.8723,1.2601,1.1382
237076,4.2119,4.0681,3.5615,3.6178,5.7785,5.4158,5.3408,5.8411,1.2539,1.1632
237338,4.2151,4.0712,3.5897,4.1994,5.8442,5.4002,5.3001,5.8004,1.282,1.1632
237600,4.2307,4.0837,3.5584,3.7867,5.8723,5.4095,5.3064,5.791,1.2445,1.1382
237862,4.2432,4.1056,3.5772,4.0837,5.8317,5.3877,5.3157,5.7723,1.3102,1.1288
238124,4.2495,4.1025,3.5741,4.0087,6.0756,5.4189,5.2751,5.8129,1.2883,1.1601
238386,4.2964,4.115,3.5678,3.9712,6.0662,5.4314,5.2626,5.7785,1.2914,1.182
238648,4.3245,4.1244,3.5647,3.9243,6.0474,5.469,5.2907,5.7504,1.3102,1.157
238910,4.3245,4.1525,3.5741,3.9743,6.0474,5.4908,5.2501,5.716,1.3196,1.1632
239172,4.362,4.1807,3.5615,3.9931,5.8755,5.4283,5.2938,5.7035,1.3133,1.1476
239434,4.3276,4.1869,3.549,3.9274,5.9036,5.4721,5.2344,5.6878,1.3258,1.1288
239696,4.337,4.1994,3.5553,3.8805,5.938,5.469,5.2376,5.7285,1.2695,1.1194
239958,4.4027,4.1744,3.5334,3.8961,5.8817,5.4533,5.2501,5.7347,1.3196,1.1163
240220,4.4058,4.1557,3.5053,3.8617,5.8817,5.4502,5.2688,5.7254,1.3477,1.1007
240482,4.4246,4.1682,3.4928,3.9243,5.8786,5.4283,5.2438,5.619,1.2852,1.1194
240744,4.4121,4.1807,3.5021,3.8617,5.9599,5.469,5.2282,5.7129,1.3196,1.1069
241006,4.4121,4.2213,3.4928,3.7898,6.0005,5.3939,5.2376,5.7097,1.2945,1.0882
241268,4.3933,4.2088,3.474,3.8086,5.8817,5.3626,5.2501,5.6472,1.3571,1.0663
241530,4.4152,4.2182,3.474,3.8555,6.0162,5.6034,5.2251,5.6691,1.3227,1.085
241792,4.4527,4.1994,3.4584,3.7929,6.0443,6.0975,5.2157,5.6941,1.3602,1.0694
242054,4.4902,4.2432,3.4615,3.8023,6.0193,5.8504,5.2282,5.741,1.3758,1.0506
242316,4.4777,4.2557,3.4396,3.8305,5.9005,5.7129,5.2282,5.6847,1.3414,1.0663
242578,4.4683,4.2839,3.4646,3.7617,5.9411,5.7473,5.2313,5.6284,1.3352,1.0631
242840,4.4496,4.2807,3.4365,3.746,5.9349,5.7066,5.2094,5.5721,1.3539,1.06
243102,4.509,4.2745,3.4115,3.7054,6.1006,5.7347,5.2126,5.6441,1.3539,1.0631
243364,4.509,4.2776,3.3989,3.7367,6.1444,5.7222,5.1938,5.6409,1.3821,1.0757
243626,4.5903,4.2839,3.3614,3.7304,6.1788,5.7285,5.175,5.5659,1.3633,1.0475
243888,4.5465,4.2964,3.3958,3.721,6.1819,5.6628,5.1938,5.4721,1.4009,1.085
244150,4.5371,4.3183,3.4146,3.7273,5.9505,5.6847,5.2032,5.4658,1.379,1.0381
244412,4.5153,4.2995,3.4083,3.6741,5.9411,5.6316,5.2251,5.4533,1.379,1.1132
244674,4.5121,4.3151,3.3583,3.6835,5.9599,5.6722,5.2251,5.3564,1.3915,1.1226
244936,4.5371,4.3401,3.3802,3.7054,5.938,5.6472,5.2251,5.4189,1.4102,1.0975
245198,4.5622,4.3433,3.3645,3.6804,6.1225,5.6472,5.2094,5.5972,1.3852,1.1319
245460,4.6216,4.312,3.3208,3.6241,6.2444,5.6753,5.1719,5.5565,1.4259,1.1132
245722,4.6247,4.3464,3.3364,3.6084,6.2632,5.6409,5.1438,5.5096,1.4259,1.1132
245984,4.6309,4.3276,3.3114,3.5866,6.2757,5.6534,5.1313,5.5127,1.4196,1.1163
246246,4.6247,4.3308,3.3302,3.5866,6.2476,5.6534,5.15,5.5065,1.4165,1.1476
246508,4.6216,4.3339,3.3239,3.6084,6.2663,5.6441,5.1344,5.5127,1.454,1.1319
246770,4.6497,4.3151,3.327,3.6116,6.2757,5.6284,5.1219,5.5221,1.4384,1.1257
247032,4.6184,4.3714,3.3458,3.5991,6.2413,5.6034,5.1187,5.5784,1.429,1.1101
247294,4.6309,4.3339,3.3458,3.6397,6.2757,5.5565,5.1594,5.5596,1.4227,1.1288
247556,4.6059,4.3652,3.3302,3.6084,6.2288,5.4971,5.1219,5.4721,1.4227,1.1101
247818,4.6403,4.3839,3.327,3.6616,6.2382,6.2225,5.1219,5.4314,1.429,1.0913
248080,4.6653,4.4121,3.3145,3.6647,6.1694,6.1944,5.1438,5.4346,1.4352,1.1351
248342,4.6372,4.4183,3.3489,3.5928,6.1756,6.1569,5.1594,5.2813,1.4384,1.1382
248604,4.6591,4.3964,3.3208,3.5928,6.1256,6.0756,5.1594,5.2751,1.454,1.1382
248866,4.6904,4.4308,3.2895,3.6147,6.0693,5.9943,5.1438,5.3064,1.4603,1.1757
249128,4.6966,4.4089,3.2926,3.621,6.1068,5.988,5.1625,5.322,1.4571,1.1382
249390,4.6841,4.4246,3.3145,3.6116,6.1037,5.9661,5.1438,5.3251,1.4728,1.1319
249652,4.681,4.4402,3.2707,3.5772,6.0881,5.9536,5.1375,5.2938,1.4915,1.1695
249914,4.7029,4.459,3.2645,3.4771,6.1412,6.0287,5.0781,5.3439,1.4696,1.1319
250176,4.7279,4.4652,3.2582,3.549,6.2413,5.9786,5.0781,5.2782,1.4853,1.1382
250438,4.7717,4.4527,3.252,3.5334,6.1694,5.9849,5.0812,5.2845,1.5072,1.1288
250700,4.7748,4.4246,3.252,3.5459,6.2132,5.9818,5.0812,5.3439,1.5134,1.157
250962,4.7935,4.4965,3.227,3.4802,6.2038,6.0287,5.0718,5.2626,1.5009,1.1632
251224,4.7717,4.4558,3.2426,3.4709,6.1506,5.9442,5.0843,5.2438,1.5478,1.1757
252569,4.7435,4.484,3.2332,3.424,6.1006,6.0412,5.0562,5.2469,1.5447,1.1851
252831,4.756,4.5027,3.2145,3.4396,6.1225,6.0381,5.0687,5.2251,1.5478,1.207
253093,4.7498,4.484,3.2332,3.4177,6.0943,6.0381,5.0781,5.2438,1.5384,1.1757
253355,4.7529,4.4809,3.227,3.424,6.1287,6.0568,5.0593,5.2563,1.5384,1.1945
253617,4.7341,4.4746,3.2301,3.4333,6.135,6.0506,5.0718,5.2251,1.5509,1.1726
253879,4.7435,4.5215,3.2207,3.4333,6.1225,6.0381,5.0875,5.2376,1.5447,1.1945
254141,4.7498,4.5059,3.2176,3.4271,6.1037,6.0724,5.0812,5.2626,1.5384,1.157
254403,4.7685,4.5059,3.2301,3.4271,6.135,6.0787,5.0687,5.2251,1.5228,1.1976
254665,4.7591,4.5027,3.2332,3.4427,6.1537,6.11,5.0812,5.2344,1.5603,1.2007
254927,4.7904,4.5059,3.2207,3.4365,6.1444,6.085,5.0812,5.2407,1.5541,1.1976
255189,4.7435,4.509,3.1957,3.449,6.11,6.0631,5.0937,5.2188,1.5291,1.1945
255451,4.7498,4.5465,3.1894,3.4677,6.1006,6.0662,5.0937,5.2032,1.5697,1.1914
255713,4.7717,4.5246,3.1926,3.4771,6.1444,6.0474,5.0906,5.1625,1.5697,1.2195
255975,4.7623,4.5403,3.2113,3.4271,6.1756,6.0881,5.1156,5.1313,1.5728,1.2351
256237,4.7779,4.5027,3.1957,3.4146,6.1788,6.0537,5.1031,5.1469,1.5666,1.2351
256499,4.7904,4.5622,3.1894,3.3958,6.2194,6.0881,5.0906,5.1344,1.5822,1.232
256761,4.7998,4.5684,3.1707,3.3645,6.1537,6.1006,5.0656,5.1813,1.5947,1.2351
257023,4.7998,4.5747,3.1769,3.4427,6.2038,6.0975,5.0625,5.1594,1.601,1.257
257285,4.8404,4.5872,3.1488,3.3833,6.185,6.1006,5.0437,5.1719,1.5947,1.2664
257547,4.8373,4.5684,3.1425,3.3489,6.1694,6.1037,5.0593,5.1907,1.6072,1.2695
257809,4.8404,4.534,3.1457,3.3364,6.1694,6.1725,5.0437,5.1875,1.6135,1.2914
258071,4.8592,4.5965,3.1676,3.2958,6.1819,6.2319,5.003,5.2219,1.601,1.2914
258333,4.903,4.5903,3.1707,3.2614,6.1756,6.2976,5.0124,5.2282,1.6291,1.307
258595,4.8999,4.6091,3.1707,3.3208,6.1569,6.2913,5.0062,5.2126,1.626,1.2977
258857,4.8905,4.5934,3.1488,3.327,6.1663,6.1256,4.9999,5.1907,1.6385,1.3133
259119,4.8748,4.6435,3.1394,3.3051,6.1194,6.1225,4.9999,5.1656,1.6291,1.3196
259381,4.8842,4.6309,3.13,3.327,6.1506,6.0693,4.9968,5.1688,1.6541,1.3164
259643,4.8905,4.656,3.1175,3.3145,6.1694,6.1131,4.9812,5.1625,1.6479,1.3321
259905,4.903,4.6591,3.1363,3.327,6.16,6.1006,5.0124,5.1563,1.6604,1.3352
260167,4.9124,4.6403,3.1207,3.3176,6.1694,6.0975,4.9999,5.1344,1.6666,1.3508
260429,4.9155,4.6528,3.0925,3.3145,6.185,6.0599,5.0281,5.1281,1.6885,1.3446
260691,4.9311,4.6466,3.1081,3.3176,6.1694,6.0975,5.0062,5.1531,1.6635,1.3446
260953,4.9374,4.6466,3.0956,3.302,6.1819,6.0662,5.0187,5.1313,1.6885,1.3696
261215,4.9468,4.6747,3.0988,3.2864,6.1913,6.1131,5.0093,5.1563,1.6823,1.3633
261477,4.9468,4.681,3.0863,3.277,6.2257,6.0881,5.0374,5.1313,1.6948,1.3571
261739,4.9343,4.6685,3.1019,3.2614,6.2163,6.1068,5.0406,5.1313,1.6885,1.3477
262001,4.9249,4.6841,3.0863,3.2864,6.2069,6.1256,5.0468,5.1219,1.6885,1.3665
262263,4.9405,4.681,3.0706,3.2801,6.2413,6.1131,5.0468,5.1062,1.6823,1.3602
262525,4.9499,4.6435,3.0894,3.2832,6.2444,6.0881,5.0093,5.1031,1.6979,1.3539
262787,4.9436,4.7154,3.0894,3.3051,6.2632,6.0756,5.0281,5.1156,1.6979,1.3727
263049,4.9249,4.6685,3.08,3.2864,6.2726,6.1225,5.0343,5.0906,1.7167,1.3758
263311,4.9343,4.6685,3.0769,3.3114,6.2788,6.1162,5.0249,5.0906,1.7167,1.3602
263573,4.9468,4.6747,3.0737,3.2958,6.2913,6.1037,5.0093,5.0969,1.7261,1.3696
263835,4.9374,4.6997,3.0706,3.277,6.3038,6.1256,5.0093,5.0781,1.7261,1.3727
264097,4.9561,4.7185,3.0644,3.2832,6.3351,6.1287,4.9968,5.0625,1.7448,1.3883
264359,4.9749,4.706,3.055,3.2582,6.3539,6.1506,5.0124,5.0718,1.7479,1.4009
264621,4.9687,4.7216,3.0644,3.2145,6.357,6.1725,4.9499,5.0687,1.7604,1.4227
264883,5.0156,4.7341,3.055,3.2301,6.332,6.16,5.0062,5.05,1.7573,1.4165
265145,5.0156,4.7373,3.0425,3.2395,6.3601,6.1694,4.9749,5.0656,1.7823,1.4102
265407,5.0062,4.781,3.055,3.2332,6.3382,6.185,4.978,5.0687,1.7761,1.4227
265669,4.9968,4.7842,3.0425,3.2395,6.357,6.1319,4.9687,5.05,1.8136,1.4227
265931,5.0187,4.7404,3.0268,3.2145,6.3789,6.1319,4.9718,5.05,1.8136,1.4196
266193,5.0249,4.7717,3.0237,3.2113,6.4008,6.1694,4.9436,5.0374,1.823,1.4384
266455,5.0312,4.7998,3.005,3.1894,6.4227,6.1725,4.9561,5.0468,1.8417,1.4665
266717,5.0374,4.7998,3.005,3.1832,6.4227,6.1537,4.9624,5.0281,1.8417,1.4571
266979,5.0374,4.8061,3.005,3.1988,6.4164,6.1881,4.978,5.0312,1.8636,1.454
267241,5.0562,4.8248,3.0175,3.1832,6.4289,6.1663,4.9718,5.0312,1.8636,1.4634
267503,5.0562,4.8248,3.0018,3.1832,6.4133,6.1788,4.9374,5.0406,1.8543,1.4853
267765,5.0781,4.8123,2.9862,3.1769,6.3976,6.2038,4.9624,5.0281,1.8605,1.479
268027,5.0937,4.8154,2.9768,3.1269,6.4258,6.21,4.9468,5.0156,1.8793,1.5009
268289,5.1469,4.8123,2.9831,3.1269,6.4039,6.1944,4.9249,5.05,1.8761,1.4853
268551,5.1844,4.8686,2.9581,3.1332,6.3789,6.2882,4.8874,5.0718,1.8855,1.504
268813,5.1844,4.8373,2.9581,3.105,6.4008,6.357,4.903,5.0687,1.8668,1.5291
269075,5.1969,4.8717,2.9455,3.1144,6.4133,6.3758,4.8905,5.0687,1.8636,1.5228
269337,5.1563,4.878,2.933,3.0831,6.3945,6.2788,4.9124,5.0343,1.9137,1.5197
269599,5.1782,4.8655,2.9268,3.0612,6.3664,6.3226,4.8811,5.0468,1.8949,1.5384
269861,5.2251,4.8905,2.933,3.0863,6.3883,6.2913,4.8592,5.0062,1.9012,1.5509
270123,5.2094,4.8936,2.9237,3.0988,6.4383,6.2663,4.928,4.9999,1.9356,1.5416
270385,5.2157,4.9124,2.9143,3.0988,6.4539,6.2788,4.9186,4.9968,1.9512,1.5447
270647,5.1844,4.9061,2.933,3.0988,6.4821,6.2757,4.9217,4.9874,1.9356,1.5384
270909,5.2032,4.8967,2.9393,3.1019,6.4727,6.2569,4.9155,4.9968,1.9481,1.5384
271171,5.2032,4.903,2.9268,3.1238,6.4539,6.2476,4.9124,4.9749,1.9449,1.5509
271433,5.2032,4.903,2.9424,3.105,6.4789,6.2851,4.8936,4.9499,1.9606,1.5603
271695,5.2,4.9155,2.9143,3.1019,6.5133,6.2694,4.9186,4.953,1.9762,1.5635
271957,5.2063,4.9468,2.9174,3.0831,6.4915,6.2663,4.9343,4.9593,1.9731,1.5853
272219,5.2032,4.9405,2.9111,3.0831,6.5165,6.3038,4.9249,4.9593,1.9699,1.5853
272481,5.2376,4.9374,2.9049,3.1175,6.5008,6.3289,4.8905,4.9687,1.9543,1.5822
272743,5.2563,4.9468,2.8893,3.0925,6.4946,6.3507,4.8842,4.953,1.9981,1.5916
273005,5.2751,4.9311,2.883,3.0237,6.4414,6.3414,4.8967,4.9687,1.9918,1.6166
273267,5.2782,4.9499,2.883,3.055,6.4664,6.3758,4.8811,4.9655,1.9856,1.6135
273529,5.3157,4.9561,2.8861,3.0175,6.4789,6.4383,4.8686,4.9937,1.9981,1.6166
273791,5.3282,4.9561,2.8893,2.9706,6.5415,6.5133,4.853,5.0093,1.9887,1.651
274053,5.4502,5.0124,2.9237,2.9987,6.5634,6.6322,4.8311,5.1156,1.9574,1.6604
274315,5.4815,5.003,2.8955,2.9862,6.5415,6.6103,4.8123,5.0312,1.9699,1.6354
274577,5.4252,4.978,2.8955,2.9643,6.5634,6.554,4.8279,5.003,1.9887,1.6479
274839,5.4189,4.9905,2.8924,2.9487,6.5665,6.5602,4.8373,5.0156,1.9762,1.6541
275101,5.4314,4.978,2.8893,2.9674,6.5696,6.5384,4.8436,4.9874,1.9856,1.651
275363,5.4346,4.9874,2.8768,2.9768,6.5477,6.4758,4.8561,4.9687,2.0262,1.6479
275625,5.3751,5.0093,2.8517,2.9987,6.5071,6.3851,4.8842,4.9343,2.02,1.6385
275887,5.3595,5.0062,2.8486,2.9956,6.5477,6.3945,4.8686,4.9436,2.0481,1.6448
276149,5.3533,5.0093,2.858,3.005,6.5602,6.3664,4.8686,4.928,2.0294,1.6448
276411,5.3564,5.003,2.8361,3.0175,6.5728,6.3726,4.8936,4.9249,2.0356,1.6448
276673,5.3501,5.003,2.8517,3.0112,6.554,6.3914,4.8623,4.9343,2.0512,1.6448
276935,5.3376,5.0062,2.8455,3.0143,6.5571,6.3758,4.8905,4.9249,2.0294,1.6322
277197,5.3595,4.9968,2.8267,3.0143,6.5571,6.3914,4.8905,4.9217,2.0294,1.6354
277459,5.3126,5.0249,2.8455,3.0237,6.5853,6.3726,4.8905,4.9217,2.0512,1.6573
277721,5.3282,5.0218,2.8549,3.005,6.5696,6.382,4.8748,4.9186,2.0356,1.651
277983,5.3345,5.0124,2.8361,3.0206,6.579,6.3539,4.8874,4.9155,2.0387,1.6416
278245,5.347,5.0062,-0.7817,3.0268,6.6103,6.3601,4.878,4.928,2.07,1.6666
278507,5.3501,5.0593,2.833,3.0268,6.5853,6.3726,4.8436,4.9311,2.0575,1.6573
278769,5.3376,5.0187,2.8267,3.0081,6.6165,6.3758,4.8717,4.928,2.0544,1.6573
279031,5.3345,5.0468,2.8392,3.0331,6.6572,6.3914,4.8498,4.9155,2.0575,1.676
279293,5.3595,5.0312,2.8142,3.0112,6.6165,6.3883,4.8561,4.9092,2.0794,1.7135
279555,5.3877,5.0687,2.8173,2.9799,6.6853,6.4383,4.8404,4.9124,2.0888,1.6979
279817,5.3908,5.0781,2.8173,2.9987,6.6541,6.407,4.8498,4.8936,2.1232,1.6948
280079,5.3626,5.0875,2.8173,3.005,6.6447,6.4008,4.8373,4.8905,2.1357,1.7167
280341,5.3845,5.0843,2.7923,2.9737,6.6853,6.4258,4.8436,4.8842,2.1357,1.7261
280603,5.3751,5.0875,2.7861,3.0175,6.6822,6.432,4.8498,4.8936,2.1482,1.7229
280865,5.3845,5.0969,2.7955,2.9956,6.6884,6.4258,4.8498,4.8936,2.1294,1.7292
281127,5.3751,5.1031,2.7955,2.9862,6.6697,6.4102,4.8467,4.8811,2.1638,1.7167
281389,5.3689,5.1281,2.7955,2.9831,6.6728,6.4352,4.8592,4.8842,2.1357,1.7261
281651,5.3814,5.0781,2.7767,2.9549,6.6509,6.4133,4.8279,4.8874,2.1638,1.7073
281913,5.3658,5.1094,2.8017,2.9612,6.6697,6.4446,4.8498,4.8936,2.1607,1.7323
282175,5.3939,5.0937,2.7892,3.0018,6.6759,6.407,4.853,4.903,2.1576,1.7229
282437,5.3877,5.0906,2.8048,2.9862,6.6634,6.4195,4.8592,4.8936,2.1388,1.7198
282699,5.3939,5.0937,2.7829,2.9768,6.6947,6.4289,4.8592,4.878,2.1576,1.7292
282961,5.397,5.1031,2.7767,3.0018,6.6916,6.4383,4.853,4.8936,2.1763,1.7386
283223,5.3783,5.1219,2.7736,2.9518,6.6759,6.4383,4.8467,4.8592,2.1826,1.7448
283485,5.4189,5.1281,2.7642,2.9205,6.6697,6.432,4.8623,4.8842,2.1826,1.7479
283747,5.4189,5.1125,2.7611,2.8705,6.6822,6.4664,4.8404,4.8967,2.1669,1.7604
284009,5.4439,5.1438,2.7829,2.8736,6.6697,6.4883,4.8436,4.9124,2.1544,1.7823
284271,5.469,5.1469,2.8298,2.8768,6.6165,6.4946,4.8217,4.903,2.1419,1.7604
284533,5.494,5.1313,2.8048,2.8674,6.6541,6.4883,4.8217,4.8936,2.1388,1.7823
284795,5.5002,5.1594,2.7955,2.8674,6.6384,6.4946,4.8029,4.9155,2.1732,1.7886
285057,5.5377,5.2,2.7829,2.8642,6.6728,6.5227,4.8186,4.903,2.1701,1.798
285319,5.494,5.2219,2.7767,2.8611,6.7291,6.5102,4.8279,4.9061,2.1701,1.8011
285581,5.5409,5.2,2.7642,2.8674,6.7447,6.504,4.8186,4.8874,2.1982,1.8199
285843,5.5096,5.2219,2.7673,2.8549,6.7479,6.5133,4.8217,4.8999,2.217,1.823
286105,5.544,5.2438,2.7579,2.858,6.751,6.5165,4.8123,4.8842,2.1951,1.8292
286367,5.5721,5.2438,2.7423,2.8298,6.7697,6.5165,4.8092,4.8592,2.217,1.8543
286629,5.5471,5.2657,2.7454,2.8549,6.776,6.4915,4.8186,4.8561,2.242,1.8605
286891,5.5721,5.272,2.7454,2.8017,6.826,6.504,4.8092,4.853,2.2733,1.8511
287153,5.5534,5.2688,2.7204,2.8205,6.8229,6.5352,4.8154,4.8842,2.2764,1.8793
287415,5.569,5.3032,2.7392,2.8142,6.8167,6.5477,4.8248,4.8717,2.292,1.8855
287677,5.5721,5.3126,2.7142,2.8048,6.8417,6.5384,4.8123,4.8874,2.3014,1.9074
287939,5.5815,5.3251,2.7329,2.808,6.8354,6.5446,4.8029,4.8686,2.3077,1.898
288201,5.5847,5.3095,2.711,2.8486,6.8542,6.5509,4.8029,4.8655,2.3264,1.9168
288463,5.6065,5.3251,2.7016,2.8236,6.8417,6.5509,4.8029,4.8467,2.3358,1.9293
288725,5.6378,5.3376,2.7016,2.8111,6.8479,6.5696,4.8154,4.853,2.3202,1.9293
288987,5.619,5.347,2.7016,2.7798,6.8573,6.5634,4.8061,4.8311,2.3327,1.9293
289249,5.6253,5.3533,2.6735,2.7986,6.8448,6.5602,4.8029,4.8279,2.3733,1.9449
289511,5.6503,5.3595,2.6829,2.8173,6.8448,6.5665,4.8342,4.8279,2.3671,1.9637
289773,5.6534,5.3814,2.6798,2.833,6.8604,6.5728,4.8092,4.8217,2.3764,1.9762
290035,5.6597,5.3814,2.6735,2.8298,6.8604,6.5915,4.8123,4.8311,2.3702,1.9793
290297,5.6566,5.3751,2.6829,2.7923,6.9042,6.5946,4.8029,4.8061,2.3983,1.9731
290559,5.6722,5.3877,2.6891,2.7986,6.8729,6.5728,4.8186,4.8342,2.3983,1.9543
290821,5.7035,5.4002,2.6891,2.8392,6.8948,6.6134,4.7904,4.8154,2.4015,2.0075
291083,5.6816,5.4064,2.686,2.8236,6.948,6.6259,4.8061,4.7998,2.3952,2.0106
291345,5.7129,5.4095,2.6798,2.8424,6.9636,6.6415,4.8217,4.7873,2.4421,2.0137
291607,5.7316,5.4283,2.6985,2.8048,6.9511,6.629,4.8061,4.7873,2.4171,2.0387
291869,5.7441,5.4408,2.7016,2.7579,6.9355,6.6541,4.7998,4.7685,2.4296,2.045
292131,5.7347,5.4533,2.6891,2.7704,6.973,6.6572,4.7998,4.781,2.4327,2.0419
292393,5.7879,5.4408,2.6672,2.8048,6.8917,6.7103,4.756,4.8123,2.4202,2.07
292655,5.8098,5.4252,2.6766,2.7298,6.8823,6.751,4.7216,4.8717,2.3733,2.0512
292917,5.8411,5.3814,2.6954,2.7204,6.9386,6.7885,4.706,4.903,2.3546,2.0825
293179,5.8911,5.297,2.7142,2.6829,6.9136,6.8573,4.7216,5.0562,2.3608,2.1075
293441,5.6284,5.3689,2.7016,2.7173,6.9355,6.7072,4.6778,5.2063,2.389,2.1169
293703,5.7535,5.4596,2.7173,2.711,6.948,6.7197,4.6778,4.8123,2.4015,2.1357
293965,5.7723,5.4564,2.7485,2.6798,6.9699,6.7354,4.6591,4.8905,2.4015,2.1482
294227,5.7723,5.469,2.7517,2.6766,6.9449,6.7666,4.6184,4.8717,2.3858,2.1451
294489,5.7848,5.4439,2.7548,2.6735,6.9855,6.7823,4.6091,4.8467,2.3577,2.1419
294751,5.7848,5.4721,2.7204,2.7048,6.9605,6.7823,4.6028,4.8498,2.3671,2.1513
295013,5.7816,5.4752,2.7329,2.6766,6.9855,6.7885,4.5934,4.8342,2.3983,2.1638
295275,5.816,5.4752,2.7454,2.7016,6.9824,6.7666,4.5465,4.8217,2.3733,2.1325
295537,5.7848,5.5159,2.7548,2.686,6.9699,6.7729,4.5496,4.8186,2.3577,2.1451
295799,5.7973,5.5159,2.7767,2.6891,6.9793,6.7697,4.5528,4.7904,2.3733,2.1795
296061,5.8098,5.5377,2.7892,2.6735,6.9824,6.7666,4.5622,4.7935,2.3671,2.1732
296323,5.8035,5.544,2.7861,2.6985,6.9855,6.751,4.5309,4.7935,2.3764,2.1888
296585,5.8317,5.519,2.7673,2.6891,6.9855,6.7385,4.5246,4.7685,2.4108,2.1763
296847,5.8348,5.5315,2.7704,2.711,6.998,6.7385,4.4965,4.7748,2.3608,2.1607
297109,5.8442,5.5596,2.7892,2.6954,6.9636,6.7541,4.5121,4.7591,2.3764,2.1576
297371,5.8536,5.5284,2.7986,2.6985,6.973,6.751,4.5278,4.7717,2.4015,2.1544
297633,5.8567,5.5753,2.7892,2.7016,6.9667,6.7791,4.509,4.7842,2.439,2.1357
297895,5.8723,5.569,2.7986,2.7048,6.9793,6.776,4.4934,4.7717,2.414,2.1513
298157,5.8755,5.5659,2.808,2.7048,6.9636,6.7697,4.4715,4.7498,2.4327,2.1482
298419,5.9161,5.5628,2.8048,2.7079,6.9855,6.7697,4.4809,4.7248,2.4296,2.1544
298681,5.8817,5.5847,2.8142,2.686,6.9886,6.8041,4.4496,4.3339,2.4296,2.1732
298943,5.8911,5.6097,2.8142,2.711,6.9542,6.7885,4.4465,4.7122,2.4359,2.1951
299205,5.9036,5.5972,2.8361,2.7267,6.9949,6.7885,4.4402,4.7029,2.4546,2.2201
299467,5.9036,5.6097,2.8298,2.7423,6.9886,6.8041,4.4277,4.7154,2.4796,2.1982
299729,5.9442,5.6347,2.8642,2.7235,6.9855,6.7854,4.4308,4.7091,2.4703,2.2107
299991,5.9098,5.6222,2.858,2.7423,6.9855,6.7823,4.387,4.6685,2.4765,2.2451
300253,5.9693,5.6347,2.8517,2.736,7.0074,6.7823,4.387,4.681,2.4796,2.267
300515,5.9755,5.6691,2.8986,2.736,6.9636,6.7697,4.4089,4.6622,2.4734,2.2576
300777,5.9724,5.6941,2.9111,2.7579,6.9605,6.8167,4.4027,4.7185,2.4796,2.2608
301039,5.9911,5.7222,2.9174,2.7454,6.9073,6.8167,4.3777,4.7029,2.4734,2.2764
301301,6.0318,5.7191,2.9455,2.7517,6.8323,6.8104,4.3527,4.7248,2.4265,2.267
301563,6.0193,5.7316,2.9831,2.7298,6.776,6.8354,4.3652,4.7216,2.4234,2.3421
301825,6.16,5.7035,2.9581,2.7173,6.7572,6.8698,4.287,4.7248,2.3952,2.3764
302087,6.0381,5.6816,2.9674,2.736,6.7385,6.9011,4.3558,4.6747,2.3983,2.3702
302349,5.8973,5.7097,3.0268,2.7704,6.6853,6.9136,4.4809,4.5934,2.3858,2.3952
302611,5.9661,5.6722,3.0425,2.7673,6.6978,6.8823,4.4371,4.6841,2.3702,2.4296
302873,5.9849,5.6441,3.0519,2.7298,6.7072,6.7103,4.3777,4.7654,2.3858,2.3983
303135,5.9192,5.691,3.0612,2.7423,6.6916,6.7228,4.3652,4.7435,2.3733,2.389
303397,5.8504,5.7191,3.0925,2.7298,6.6947,6.7479,4.3339,4.7529,2.3452,2.3921
303659,5.9005,5.7191,3.0863,2.7485,6.6947,6.7854,4.3214,4.7248,2.3577,2.3921
303921,5.8317,5.7316,3.0487,2.7767,6.7103,6.8104,4.3308,4.6997,2.3639,2.389
304183,5.8035,5.7379,3.0956,2.7767,6.6697,6.8417,4.2964,4.7029,2.3452,2.3921
304445,5.816,5.7473,3.1801,2.7955,6.6666,6.8167,4.2964,4.7185,2.3233,2.4046
304707,5.8348,5.7254,3.1832,2.8111,6.6603,6.826,4.287,4.7122,2.3421,2.3858
304969,5.8317,5.7129,3.1738,2.8173,6.6384,6.8354,4.2745,4.7185,2.3452,2.3639
305231,5.8004,5.7035,3.2051,2.7767,6.6259,6.8041,4.262,4.6622,2.3389,2.3546
305493,5.8035,5.716,3.2489,2.8455,6.6353,6.7791,4.2432,4.6591,2.3295,2.3577
305755,5.7942,5.7222,3.2676,2.8205,6.6259,6.7479,4.237,4.6059,2.3421,2.3671
306017,5.7848,5.7254,3.2457,2.8361,6.5978,6.7416,4.2151,4.5934,2.3264,2.3608
306279,5.8129,5.7191,3.2707,2.8205,6.6009,6.7354,4.237,4.584,2.3327,2.3733
306541,5.816,5.7566,3.3208,2.8549,6.579,6.7729,4.2244,4.5653,2.3295,2.3639
306803,5.7973,5.7629,3.327,2.8611,6.5634,6.7979,4.2213,4.5653,2.3108,2.3421
307065,5.8098,5.7504,3.3489,2.8674,6.554,6.776,4.1869,4.5496,2.2858,2.3546
307327,5.7691,5.7691,3.3395,2.883,6.5446,6.7635,4.1744,4.534,2.3014,2.3733
307589,5.8755,5.7285,3.3333,2.9268,6.5665,6.6822,4.165,4.5559,2.3014,2.3295
307851,5.9192,5.7379,3.3427,2.8986,6.5415,6.6478,4.1557,4.5965,2.3045,2.3483
308113,5.9818,5.766,3.3083,2.9174,6.5384,6.6322,4.1463,4.6091,2.2951,2.3452
308375,5.988,5.7535,3.2926,2.9424,6.5102,6.5978,4.1557,4.5684,2.3014,2.3389
308637,5.988,5.7347,3.3302,2.9205,6.5258,6.5634,4.1181,4.534,2.2795,2.3421
308899,6.0412,5.7691,3.3614,2.9862,6.5258,6.5571,4.1181,4.5059,2.2733,2.3483
309161,6.0193,5.7629,3.3833,2.9768,6.4852,6.5696,4.1025,4.5121,2.2826,2.3358
309423,6.0631,5.7566,3.3739,2.9862,6.5352,6.5915,4.09,4.509,2.2733,2.3327
309685,6.0568,5.7316,3.3802,3.0456,6.4946,6.604,4.1088,4.4809,2.2545,2.3108
309947,6.0881,5.7441,3.4021,3.0519,6.4508,6.5915,4.065,4.4746,2.2639,2.317
310209,6.0662,5.766,3.4208,3.0519,6.5133,6.5759,4.0806,4.4558,2.2608,2.2795
310471,6.1287,5.7691,3.4365,3.0487,6.4852,6.5477,4.0493,4.4402,2.267,2.3077
310733,6.135,5.7754,3.4271,3.0988,6.4602,6.5071,4.0837,4.4902,2.267,2.2795
310995,6.1194,5.7691,3.424,3.1175,6.4571,6.554,4.0618,4.459,2.2733,2.2983
311257,6.1131,5.7691,3.4584,3.1269,6.4602,6.5602,4.0587,4.4121,2.2733,2.2701
311519,6.1037,5.766,3.4584,3.0925,6.4414,6.6134,4.0618,4.3902,2.2639,2.2639
311781,6.1225,5.7723,3.4584,3.1144,6.432,6.629,4.0118,4.3964,2.267,2.2733
312043,6.1663,5.7566,3.4615,3.1269,6.4414,6.6322,4.0149,4.362,2.2701,2.2795
312305,6.16,5.7816,3.4771,3.1425,6.4477,6.629,4.0056,4.3527,2.2576,2.2701
312567,6.16,5.7691,3.5115,3.1519,6.4039,6.5853,4.0056,4.3495,2.2608,2.2701
312829,6.1412,5.766,3.4959,3.1863,6.4289,6.5571,3.9368,4.312,2.2951,2.267
313091,6.1569,5.7816,3.5084,3.2051,6.4195,6.5602,3.9336,4.3245,2.2733,2.2545
313353,6.1694,5.7879,3.5178,3.1769,6.432,6.5446,3.943,4.2964,2.2764,2.2451
313615,6.1788,5.791,3.5615,3.1988,6.3883,6.5759,3.8993,4.2995,2.2764,2.2639
313877,6.1819,5.7942,3.5678,3.1926,6.3633,6.629,3.9118,4.3401,2.2608,2.2514
314139,6.1819,5.8035,3.5772,3.2082,6.407,6.5915,3.8711,4.2901,2.2764,2.2514
314401,6.2132,5.8067,3.5553,3.2176,6.3914,6.6165,3.8711,4.3276,2.2826,2.2514
314663,6.1756,5.8035,3.5428,3.2145,6.3695,6.5853,3.868,4.3245,2.2826,2.242
314925,6.1756,5.7973,3.5834,3.2207,6.3976,6.5978,3.8836,4.3026,2.2701,2.2576
315187,6.1881,5.8035,3.5709,3.2207,6.3633,6.5946,3.8617,4.2839,2.2795,2.2576
315449,6.2069,5.816,3.5834,3.2176,6.3539,6.5696,3.8523,4.2714,2.2733,2.2482
315711,6.1944,5.8098,3.6022,3.2395,6.3945,6.529,3.8555,4.2807,2.267,2.2389
315973,6.1913,5.816,3.6335,3.2426,6.3414,6.5102,3.8617,4.2588,2.2514,2.2357
316235,6.1975,5.8286,3.6084,3.2426,6.3789,6.5196,3.868,4.2588,2.2608,2.2357
316497,6.2163,5.8348,3.6241,3.2332,6.3289,6.504,3.8492,4.2495,2.2576,2.242
316759,6.2163,5.8286,3.6397,3.2207,6.3507,6.5133,3.8586,4.2307,2.2733,2.2482
317021,6.2444,5.8598,3.6428,3.2176,6.3945,6.432,3.843,4.237,2.2764,2.2576
317283,6.1975,5.8942,3.6428,3.2176,6.3664,6.4477,3.8617,4.2338,2.267,2.2701
317545,6.1756,5.9224,3.6679,3.2332,6.3695,6.4852,3.8492,4.1963,2.2701,2.2576
317807,6.1881,5.8848,3.6272,3.2551,6.3601,6.4008,3.8367,4.1963,-1.2695,2.267
318069,6.1819,5.8692,3.6585,3.2832,6.3351,6.4383,3.8148,4.2026,2.267,2.2451
318331,6.21,5.8286,3.6679,3.2958,6.3289,6.5728,3.8086,4.2307,2.2701,2.242
318593,6.16,5.8411,3.6647,3.3114,6.3445,6.5821,3.8086,4.1994,2.3264,2.2482
318855,6.16,5.8504,3.6397,3.3333,6.3101,6.5571,3.7961,4.1807,2.3295,2.2326
319117,6.1694,5.8598,3.6022,3.3458,6.3351,6.5634,3.8242,4.1557,2.3358,2.2326
319379,6.1881,5.8661,3.6272,3.3302,6.3507,6.5352,3.8242,4.1525,2.3358,2.2295
319641,6.1944,5.8629,3.6772,3.327,6.3226,6.5352,3.7992,4.1682,2.3483,2.2295
319903,6.1944,5.8848,3.6866,3.3114,6.3289,6.5415,3.8054,4.1557,2.3295,2.2482
320165,6.2007,5.8598,3.6866,3.3302,6.3257,6.5384,3.7742,4.1557,2.3358,2.2357
320427,6.2163,5.8755,3.7023,3.3395,6.2882,6.5227,3.7867,4.1744,2.3421,2.2389
320689,6.185,5.8755,3.6804,3.3614,6.3226,6.529,3.7804,4.1838,2.3514,2.2389
320951,6.21,5.9005,3.6866,3.3896,6.307,6.5321,3.771,4.1431,2.3608,2.2357
321213,6.1725,5.8723,3.671,3.3677,6.3038,6.5258,3.7836,4.1244,2.3327,2.2201
321475,6.2038,5.8973,3.6835,3.3989,6.2882,6.5415,3.7773,4.1119,2.3452,2.2326
321737,6.2194,5.9067,3.7116,3.3708,6.2976,6.5321,3.7585,4.0994,2.3514,2.2264
321999,6.2663,5.9098,3.7554,3.3958,6.2726,6.529,3.7523,4.1306,2.3546,2.2295
322261,6.2413,5.938,3.7523,3.4271,6.2694,6.5165,3.746,4.1338,2.3639,2.2264
322523,6.2507,5.9067,3.7773,3.4396,6.2507,6.4915,3.7335,4.09,2.3421,2.2264
322785,6.2132,5.9224,3.7961,3.4333,6.2601,6.5008,3.7304,4.0837,2.3608,2.217
323047,6.2413,5.9505,3.8054,3.449,6.2601,6.4852,3.7054,4.0775,2.3764,2.2295
323309,6.2632,5.963,3.818,3.474,6.2569,6.4977,3.6772,4.0837,2.3514,2.2138
323571,6.2976,5.9693,3.8054,3.4802,6.2507,6.4977,3.6866,4.0744,2.3608,2.2326
323833,6.3445,5.9755,2.6172,3.4896,6.235,6.4602,3.6647,4.1056,2.3764,2.2013
324095,6.3132,5.9661,3.8398,3.499,6.2788,6.432,3.6647,4.065,2.3733,2.2357
324357,6.307,5.9786,3.8805,3.499,6.2569,6.4446,3.671,4.0243,2.3671,2.2389
324619,6.2851,5.9693,3.8711,3.4802,6.2194,6.4477,3.6366,4.0431,2.3733,2.2201
324881,6.3038,5.9943,3.8805,3.5021,6.2538,6.4383,3.6397,4.0243,2.3608,2.2076
325143,6.2913,5.9911,3.8805,3.4834,6.2476,6.4352,3.6241,4.0306,2.3702,2.2013
325405,6.3195,5.9849,3.8586,3.5021,6.235,6.4383,3.6084,3.9899,2.3671,2.2264
325667,6.3414,5.9943,3.8805,3.5178,6.2288,6.4133,3.6116,3.968,2.3733,2.2232
325929,6.4227,5.9911,3.9086,3.4928,6.2288,6.3914,3.5991,3.9399,2.3546,2.2451
326191,6.432,6.0099,3.9368,3.5146,6.2444,6.357,3.5928,3.9493,2.3389,2.2514
326453,6.4258,6.0287,3.9618,3.5115,6.2194,6.3163,3.5991,3.9336,2.3389,2.2608
326715,6.4258,6.0287,3.9649,3.5146,6.1725,6.3132,3.5834,3.9055,2.3514,2.2482
326977,6.4352,6.0474,3.9805,3.5021,6.1537,6.2945,3.5647,3.868,2.3389,2.2576
327239,6.3851,6.0568,3.9555,3.5115,6.1631,6.2945,3.5741,3.8961,2.3483,2.2482
327501,6.3601,6.0443,3.968,3.5615,6.1475,6.3758,3.549,3.9118,2.3608,2.2545
327763,6.3445,6.0599,3.9743,3.5553,6.1725,6.4039,3.549,3.8867,1.2633,2.2576
328025,6.3976,6.0318,3.9899,3.5991,6.1287,6.3914,3.5334,3.9086,2.3671,2.2451
328287,6.3976,6.0318,3.9962,3.5928,6.1756,6.3726,3.5397,3.8711,1.2445,2.2389
328549,6.4227,6.0599,3.9962,3.5741,6.1975,6.3695,3.5271,3.8899,2.3764,2.2076
328811,6.4227,6.0568,3.9931,3.5897,6.16,6.307,3.5209,3.8461,2.3921,2.2076
329073,6.4195,6.0787,4.0212,3.6272,6.1913,6.307,3.5146,3.8336,0.1063,2.2576
329335,6.4571,6.0818,4.04,3.6272,6.1725,6.3038,3.4896,3.8305,2.3671,2.2326
329597,6.4508,6.0818,4.0337,3.6335,6.1913,6.2945,3.474,3.843,2.3733,2.242
329859,6.4539,6.1006,4.0368,3.6366,6.1788,6.3289,3.4709,3.8367,2.3796,2.2201
330121,6.4258,6.085,4.04,3.6272,6.1381,6.3195,3.4771,3.8242,2.3702,2.2138
330383,6.4446,6.0912,4.0431,3.621,6.1913,6.3195,3.449,3.843,2.3639,2.2701
330645,6.4195,6.085,4.0337,3.6335,6.1631,6.3445,3.4709,3.8273,2.389,2.242
330907,6.4039,6.0912,4.0368,3.6335,6.1506,6.357,3.4584,3.8054,2.3952,2.2264
331169,6.3883,6.0787,4.0431,3.646,6.1819,6.3507,3.4615,3.8367,2.4015,2.2576
331431,6.3976,6.0943,4.0306,3.6772,6.1131,6.3507,3.4458,3.8336,2.4108,2.2326
331693,6.4664,6.1131,4.0462,3.6991,6.1194,6.332,3.4271,3.843,2.3983,2.2326
331955,6.4821,6.1319,4.0775,3.6772,6.1194,6.3226,3.4208,3.8398,2.4077,2.267
332217,6.4664,6.1506,4.0806,3.6585,6.135,6.3445,3.4115,3.8242,2.4077,2.2576
332479,6.4758,6.1381,4.0962,3.6897,6.1475,6.332,3.3927,3.8148,2.3952,2.2482
332741,6.4852,6.1537,4.0962,3.6866,6.1194,6.3414,3.4021,3.7929,2.414,2.2514
333003,6.4883,6.1444,4.1213,3.7085,6.1162,6.3382,3.3739,3.7617,2.414,2.2514
333265,6.4758,6.1819,4.14,3.6991,6.1162,6.2882,3.3896,3.7492,2.4265,2.2451
333527,6.4821,6.1944,4.1588,3.696,6.1068,6.2694,3.3927,3.721,2.4265,2.2764
333789,6.5446,6.21,4.1775,3.7085,6.0756,6.2788,3.3458,3.746,2.4484,2.2576
334051,6.5602,6.2038,4.1869,3.7492,6.0443,6.2444,3.3677,3.6929,2.4484,2.2482
334313,6.5446,6.2163,4.1901,3.746,6.0693,6.2538,3.3395,3.7023,2.4359,2.2858
334575,6.5384,6.2194,4.2213,3.7585,6.0724,6.2632,3.3583,3.6897,2.4421,2.2983
334837,6.554,6.2132,4.2495,3.7679,6.0599,6.2601,3.3145,3.671,2.4265,2.2858
335099,6.5446,6.2319,4.2557,3.7836,6.0631,6.21,3.3145,3.671,2.4296,2.2451
335361,6.5634,6.2476,4.287,3.8148,6.0568,6.1788,3.2801,3.6428,2.439,2.2733
335623,6.5853,6.2726,4.262,3.7898,6.0599,6.1975,3.2832,3.6397,2.4327,2.2889
335885,6.5884,6.2726,4.262,3.8305,6.0724,6.1975,3.2832,3.5959,2.4359,2.2826
336147,6.6353,6.2694,4.2901,3.8836,6.0412,6.1913,3.2739,3.5615,2.4452,2.2733
336409,6.6259,6.2757,4.2682,3.843,6.0474,6.1788,3.2457,3.549,2.4265,2.2733
336671,6.6322,6.2413,4.2526,3.8617,6.0537,6.1788,3.2582,3.5928,2.4452,2.2858
336933,6.6165,6.2507,4.2495,3.8867,6.0193,6.1663,3.2238,3.5553,2.4577,2.2795
337195,6.6197,6.2663,4.2557,3.8993,6.013,6.1725,3.2426,3.524,2.4484,2.2795
337457,6.6071,6.2694,4.262,3.893,6.0568,6.2038,3.2207,3.4928,2.4421,2.3108
337719,6.6009,6.3007,4.237,3.868,6.0287,6.1913,3.2051,3.5365,2.4546,2.3077
337981,6.554,6.3007,4.262,3.843,6.0162,6.1444,3.1863,3.5271,2.4421,2.3045
338243,6.604,6.2945,4.237,3.8961,5.9911,6.1506,3.1988,3.5053,2.4108,2.317
338505,6.6447,6.2976,4.2651,3.8867,6.0099,6.1506,3.1957,3.4896,2.4202,2.3014
338767,6.6634,6.2945,4.2745,3.8836,5.9786,6.1663,3.1644,3.4865,2.4202,2.3233
339029,6.6884,6.3038,4.2932,3.8993,5.988,6.1819,3.1769,3.449,2.3983,2.3139
339291,6.6791,6.3351,4.3214,3.9305,5.963,6.1663,3.1676,3.4771,2.4265,2.317
339553,6.6916,6.3445,4.3308,3.918,5.988,6.16,3.1363,3.4271,2.3921,2.3202
339815,6.6884,6.3726,4.3245,3.9274,5.9911,6.1162,3.1081,3.4115,2.4359,2.3295
340077,6.6822,6.4102,4.2807,3.9931,5.9818,6.0443,3.1144,3.3708,2.489,2.3327
340339,6.7072,6.4352,4.262,3.9618,5.9661,5.988,3.1332,3.3708,2.5015,2.3327
340601,6.6947,6.4571,4.2932,3.9743,5.9849,6.0662,3.1207,3.4021,1.3258,2.3233
340863,6.6415,6.4414,4.3089,3.9587,5.9474,6.1287,3.1238,3.4115,2.5015,2.3702
341125,6.5446,6.4571,4.3276,4.0181,5.9286,6.1381,3.1238,3.3927,2.3952,2.3733
341387,6.5696,6.4821,4.3151,4.0587,5.9349,6.1006,3.1519,3.3864,2.4452,2.3702
341649,6.554,6.4883,4.312,4.0587,5.9255,6.1569,3.1519,3.327,2.4421,2.4265
341911,6.5696,6.4946,4.3308,4.1025,5.8848,6.1537,3.1394,3.3145,2.4171,2.414
342173,6.5759,6.5133,4.3464,4.065,5.8723,6.1537,3.155,3.3051,2.4077,2.4765
342435,6.5165,6.4852,4.3652,4.0243,5.8536,6.1694,3.1832,3.2958,2.3983,1.701
342697,6.5227,6.4571,4.3558,4.0275,5.8567,6.1694,3.1832,3.2739,2.3952,2.4327
342959,6.554,6.4789,4.3714,4.0275,5.8504,6.1381,3.1769,3.2645,2.414,2.4359
343221,6.554,6.4727,4.3839,4.0556,5.8629,6.1444,3.1644,3.2614,2.3921,2.4359
343483,6.5571,6.4727,4.3933,4.0837,5.8411,6.1006,3.155,3.2582,2.3952,2.4577
343745,6.5477,6.4852,4.3964,4.1244,5.8317,6.1162,3.1613,3.2801,2.3608,2.4671
344007,6.5227,6.4758,4.3996,4.1588,5.8504,6.1037,3.1738,3.202,2.3921,2.4546
344269,6.5227,6.4633,4.4183,4.115,5.8129,6.0787,3.1582,3.2551,2.3077,2.4421
344531,6.5602,6.4602,4.4089,4.09,5.8035,6.0631,3.1457,3.277,2.2576,2.4296
344793,6.554,6.4633,4.4402,4.09,5.7879,6.0599,3.1676,3.2426,2.3452,2.4296
345055,6.5133,6.4571,4.4496,4.115,5.8004,6.0599,3.1081,3.2113,2.3389,2.4171
345317,6.5477,6.4821,4.4621,4.1431,5.7785,6.0599,3.1238,3.202,2.3452,0.863
345579,6.5446,6.4727,4.4621,4.1619,5.7723,6.0381,3.1269,3.2332,2.2951,2.414
345841,6.5133,6.4789,4.459,4.14,5.7441,6.0412,3.1269,3.227,2.242,2.4265
346103,6.5352,6.4727,4.4777,4.1119,5.7504,6.0255,3.13,3.2176,2.4546,-1.7667
346365,6.5446,6.4758,4.4996,4.1588,5.7316,6.0068,3.1081,3.1988,-0.9193,2.3983
346627,6.5133,6.4602,4.4965,4.1431,5.7097,6.0068,3.1113,3.1926,2.4921,2.3983
346889,6.5384,6.4571,4.509,4.1963,5.7347,6.0037,3.08,3.1988,2.5766,2.3952
347151,6.5196,6.4539,4.5121,4.2307,5.6847,5.9849,3.0925,3.2082,2.3514,2.4108
347413,6.4883,6.4571,4.509,4.1963,5.6691,5.9849,3.0925,3.1926,2.6047,-4.7279
347675,6.5196,6.4727,4.5403,4.2213,5.7129,5.9536,3.0956,3.202,2.4077,2.3702
347937,6.5102,6.4664,4.5371,4.1963,5.6597,5.9536,3.0988,3.202,2.1388,2.3671
348199,6.5102,6.4664,4.5371,4.2119,5.6378,5.9255,3.1019,3.2176,2.5578,-1.1914
348461,6.4883,6.4789,4.5434,4.2588,5.6441,5.9474,3.0956,-0.3846,2.1357,2.3639
348723,6.5102,6.4852,4.5809,4.2557,5.6222,5.9255,3.1113,3.1707,2.1982,2.3577
348985,6.5008,6.504,4.5684,4.312,5.6441,5.9036,3.105,3.1863,2.3921,2.3608
349247,6.5008,6.4758,4.5809,4.3026,5.6128,5.8973,3.1613,3.2145,2.4359,2.3702
349509,6.4664,6.4696,4.6341,4.2276,5.569,5.8536,3.2489,3.1894,2.3983,2.3546
349771,6.5509,6.4414,4.5809,4.2714,5.4752,5.9067,3.1582,3.1613,2.3139,2.3671
350033,6.5071,6.5165,4.5559,4.2588,5.5159,5.963,3.0988,3.0612,2.2951,2.3764
350295,6.5821,6.554,4.5747,4.3276,5.519,5.9192,3.1081,3.0706,2.2858,2.3733
350557,6.5227,6.5477,4.5622,4.3214,5.4877,5.9067,3.1207,3.0425,2.2295,2.4015
350819,6.5978,6.5884,4.4871,4.337,5.4877,5.8442,3.1175,3.0769,2.2326,2.3764
351081,6.5696,6.5665,4.4683,4.3558,5.5471,5.8379,3.1332,3.0706,2.2045,2.3858
351343,6.5321,6.5258,4.4934,4.362,5.5972,5.8192,3.1707,3.0519,2.1576,2.3764
351605,6.5509,6.5196,4.4965,4.3652,5.5659,5.7973,3.1894,3.0487,2.1638,2.389
351867,6.5571,6.554,4.509,4.3558,5.5596,5.7973,3.2051,3.0487,2.1388,2.3827
352129,6.5227,6.5133,4.5059,4.3902,5.5471,5.7879,3.2176,3.0362,2.1232,2.4046
352391,6.5196,6.529,4.5153,4.3839,5.5409,5.7973,3.1769,3.03,2.1357,2.3858
352653,6.4915,6.5415,4.5027,4.4121,5.5596,5.7723,3.2145,2.9924,2.1169,2.3764
352915,6.5415,6.5571,4.4965,4.4183,5.5596,5.7629,3.277,3.005,2.1138,2.3577
353177,6.5415,6.5477,4.5153,4.3964,5.5628,5.7504,3.2832,3.0237,2.12,2.3671
353439,6.4883,6.5321,4.5153,4.3933,5.5503,5.7691,3.2676,3.0331,2.1075,2.3577
353701,6.5071,6.4977,4.5215,4.4058,5.5315,5.7942,3.2582,3.0519,2.095,2.3452
353963,6.4571,6.4883,4.5309,4.3996,5.5034,5.8035,3.2332,3.0675,2.1044,2.3233
354225,6.4758,6.4758,4.5215,4.3745,5.4877,5.8004,3.227,3.0894,2.1044,2.3389
354487,6.4633,6.4758,4.5559,4.3683,5.4752,5.7723,3.2426,3.0737,2.1044,2.3202
354749,6.4289,6.4477,4.5059,4.3902,5.4471,5.7316,3.2332,3.1019,2.0731,2.2951
355011,6.4352,6.4602,4.4902,4.3933,5.4408,5.691,3.2395,3.0988,2.0888,2.2639
355273,6.4289,6.4383,4.5153,4.3902,5.4346,5.7003,3.2395,3.0831,2.0575,2.2639
355535,6.432,6.4508,4.5309,4.4027,5.4408,5.7003,3.2363,3.0831,2.0481,2.2576
355797,6.4258,6.4414,4.5246,4.4183,5.4408,5.6847,3.2582,3.0894,2.0169,2.2608
356059,6.4164,6.4258,4.5121,4.4121,5.4471,5.6878,3.2989,3.08,2.0137,2.2295
356321,6.3664,6.4133,4.509,4.434,5.4252,5.6816,3.3208,3.0456,1.9793,2.2482
356583,6.3726,6.3976,4.5153,4.4121,5.4596,5.6628,3.3208,3.0894,1.9731,2.2295
356845,6.3414,6.3914,4.5153,4.4183,5.4346,5.6597,3.352,3.0769,1.9731,2.2201
357107,6.3476,6.3539,4.5434,4.4277,5.4221,5.6503,3.3552,3.0863,1.9481,2.1951
357369,6.3601,6.3539,4.5528,4.4496,5.3939,5.6128,3.3833,3.1019,1.9481,2.1857
357631,6.3945,6.332,4.534,4.4465,5.3533,5.6003,3.3958,3.0988,1.9418,2.1888
357893,6.3445,6.3539,4.5434,4.4371,5.3564,5.6065,3.4052,3.1019,1.9418,2.1544
358155,6.307,6.3476,4.5559,4.4402,5.3376,5.5753,3.4208,3.1019,1.9262,2.1482
358417,6.3445,6.3507,4.5434,4.4371,5.3314,5.6097,3.4333,3.0988,1.923,2.1576
358679,6.3289,6.332,4.5653,4.4496,5.3439,5.6003,3.4584,3.0988,1.9105,2.1325
358941,6.3351,6.3507,4.5684,4.4433,5.3439,5.5909,3.474,3.1175,1.9262,2.1419
359203,6.3163,6.332,4.5653,4.4465,5.3533,5.594,3.5115,3.1019,1.9012,2.1482
359465,6.2945,6.3445,4.5653,4.459,5.3376,5.5721,3.5178,3.1175,1.8949,2.1419
359727,6.2663,6.3257,4.584,4.484,5.3095,5.5628,3.5522,3.1175,1.8793,2.1107
359989,6.2976,6.3195,4.5715,4.4465,5.3032,5.5659,3.5678,3.1488,1.8949,2.12
360251,6.2913,6.2882,4.5653,4.4558,5.3032,5.5159,3.5834,3.155,1.8668,2.0825
360513,6.2976,6.2945,4.5622,4.4652,5.2907,5.5221,3.5834,3.1457,1.8918,2.1138
360775,6.2663,6.2663,4.5559,4.4652,5.2845,5.5127,3.6335,3.1582,1.8605,2.07
361037,6.2319,6.2694,4.5653,4.4465,5.272,5.519,3.6335,3.1738,1.8449,2.07
361299,6.2663,6.282,4.5653,4.4809,5.2344,5.4846,3.6647,3.1457,1.8324,2.0856
361561,6.2569,6.2444,4.5934,4.4558,5.2313,5.4658,3.6804,3.1394,1.8386,2.07
361823,6.2007,6.2382,4.5997,4.4777,5.2063,5.4658,3.6897,3.1832,1.8449,2.0512
362085,6.185,6.2569,4.6278,4.459,5.1907,5.4627,3.6741,3.1863,1.8449,2.0544
362347,6.1569,6.2413,4.6403,4.4621,5.175,5.4564,3.6084,3.1957,1.8261,2.0325
362609,6.1694,6.2069,4.6341,4.4652,5.2032,5.4408,3.6272,3.1926,1.8324,2.0137
362871,6.1694,6.2038,4.6497,4.4777,5.1875,5.4283,3.646,3.2238,1.8042,1.9793
363133,6.135,6.185,4.6466,4.4777,5.1563,5.4439,3.6147,3.1894,1.8011,1.9887
363395,6.1162,6.1944,4.6372,4.4777,5.1313,5.4377,3.6491,3.1863,1.7698,1.9699
363657,6.1131,6.2225,4.6435,4.4902,5.175,5.4471,3.6335,3.2301,1.773,1.923
363919,6.1006,6.1756,4.6341,4.4871,5.1281,5.4596,3.5866,3.227,1.7448,1.9293
364181,6.1412,6.1663,4.6685,4.4871,5.1094,5.4533,3.5866,3.252,1.7479,1.9324
364443,6.0912,6.1663,4.6716,4.4902,5.1062,5.4314,3.6116,3.2676,1.7386,1.9387
364705,6.1131,6.1631,4.6778,4.4777,5.0906,5.4252,3.6335,3.2614,1.7135,1.9074
364967,6.0662,6.1631,4.7091,4.4777,5.0969,5.3877,3.6554,3.2489,1.7167,1.8699
365229,6.0818,6.1631,4.7341,4.4965,5.0812,5.4002,3.6835,3.2332,1.7198,1.8793
365491,6.0412,6.135,4.7498,4.5027,5.0875,5.3689,3.6585,3.2238,1.7167,1.848
365753,6.0631,6.16,4.7341,4.4965,5.0812,5.3658,3.6772,3.2363,1.6979,1.8511
366015,6.0255,6.1412,4.7341,4.5153,5.0687,5.3501,3.721,3.2301,1.6791,1.8449
366277,6.0318,6.1412,4.6966,4.5121,5.0687,5.3626,3.6991,3.2645,1.6791,1.8167
366539,6.0193,6.1287,4.6841,4.4996,5.0374,5.3595,3.7023,3.2864,1.6635,1.8511
366801,6.0287,6.1225,4.6966,4.5215,5.0406,5.3408,3.7116,3.302,1.6448,1.8292
367063,6.0412,6.1194,4.6904,4.5153,5.05,5.3189,3.7054,3.2926,1.6354,1.8355
367325,6.0287,6.1287,4.6904,4.5121,5.0218,5.2813,3.721,3.3145,1.6354,1.8105
367587,6.0287,6.1037,4.6997,4.5184,5.0249,5.3126,3.7179,3.2926,1.626,1.8136
367849,6.0287,6.0943,4.6935,4.5246,4.9843,5.3157,3.696,3.277,1.601,1.8011
368111,6.0318,6.0943,4.7185,4.5278,4.9687,5.3032,3.6741,3.2707,1.6135,1.8292
368373,6.0287,6.0818,4.7216,4.5184,4.9749,5.3064,3.6991,3.2895,1.5853,1.7792
368635,6.0255,6.0818,4.7154,4.5309,4.9624,5.2813,3.6835,3.3051,1.5916,1.7917
368897,6.0287,6.0756,4.7279,4.5465,4.9999,5.2595,3.6866,3.327,1.5916,1.8167
369159,5.9974,6.0537,4.731,4.5434,4.9687,5.2751,3.7116,3.3364,1.5978,1.7761
369421,5.9849,6.0506,4.7341,4.559,4.9812,5.2438,3.6772,3.3583,1.576,1.798
369683,5.9755,6.0537,4.7466,4.5747,4.9499,5.2438,3.6585,3.3583,1.5635,1.7667
369945,5.9599,6.0287,4.7498,4.584,4.9343,5.2094,3.671,3.3552,1.5853,1.7636
370207,5.9724,6.0381,4.7529,4.5747,4.928,5.2063,3.6741,3.352,1.5603,1.7792
370469,6.0162,6.0318,4.7248,4.5653,4.9092,5.1875,3.6804,3.3364,1.5635,1.7261
370731,5.9568,6.0037,4.7279,4.5622,4.9124,5.1813,3.6647,3.3614,1.5291,1.7261
370993,5.988,6.0099,4.7341,4.5715,4.878,5.1813,3.6835,3.3771,1.5259,1.7479
371255,5.9786,6.0005,4.7373,4.5778,4.8655,5.1875,3.6491,3.3896,1.5322,1.7198
371517,5.9661,5.9943,4.7404,4.5809,4.8436,5.1438,3.6397,3.3771,1.5103,1.7042
371779,5.9411,5.9911,4.7341,4.5715,4.8623,5.125,3.6397,3.3677,1.5353,1.6791
372041,5.9192,5.9818,4.7591,4.5934,4.8655,5.1406,3.6554,3.3583,1.5603,1.6948
372303,5.9317,5.9599,4.7685,4.5778,4.8436,5.1313,3.6616,3.3614,1.5384,1.6885
372565,5.8755,5.9568,4.7904,4.5965,4.8373,5.1469,3.671,3.3833,1.4915,1.6479
372827,5.8817,5.9505,4.7967,4.5934,4.8373,5.1438,3.6897,3.3927,1.4603,1.6229
373089,5.8755,5.9411,4.7935,4.6059,4.8279,5.1125,3.6585,3.3896,1.4696,1.6416
373351,5.8817,5.9693,4.7967,4.5965,4.8592,5.1375,3.6679,3.3802,1.4603,1.6448
373613,5.9067,5.9693,4.7998,4.6028,4.8342,5.1187,3.6804,3.3739,1.4634,1.651
373875,5.8911,5.9661,4.7842,4.5997,4.8186,5.125,3.6897,3.3833,1.4759,1.6448
374137,5.8911,5.9568,4.8029,4.6216,4.8279,5.1281,3.6616,3.3833,1.4603,1.6416
374399,5.8629,5.963,4.8123,4.6059,4.8186,5.1156,3.696,3.3677,1.4571,1.6416
374661,5.8567,5.9474,4.8061,4.6091,4.8311,5.1031,3.6616,3.3708,1.4759,1.6229
374923,5.8629,5.9317,4.8404,4.6184,4.7967,5.0906,3.6835,3.3739,1.454,1.6229
375185,5.8598,5.9442,4.8217,4.6216,4.7935,5.1187,3.6835,3.3364,1.454,1.5853
375447,5.8442,5.9317,4.8311,4.6278,4.8092,5.0969,3.6741,3.3458,1.4352,1.6354
375709,5.8442,5.9349,4.8342,4.6184,4.8248,5.0718,3.671,3.3302,1.4227,1.6104
375971,5.8286,5.9286,4.8342,4.6091,4.7935,5.0625,3.6772,3.327,1.4634,1.6041
376233,5.8098,5.9161,4.8592,4.6247,4.8092,5.0812,3.6897,3.3364,1.4384,1.6072
376495,5.8223,5.9036,4.8655,4.6403,4.8311,5.0937,3.7054,3.3176,1.4478,1.6072
376757,5.8536,5.8973,4.8874,4.6403,4.8311,5.0687,3.6804,3.3364,1.3977,1.5728
377019,5.8411,5.8755,4.9186,4.6403,4.7998,5.0249,3.6929,3.3489,1.3915,1.5728
377281,5.8223,5.8629,4.9061,4.6403,4.7498,5.0406,3.7085,3.3708,1.3727,1.5916
377543,5.8004,5.8755,4.8561,4.656,4.7779,5.0218,3.7023,3.3677,1.379,1.5666
377805,5.8317,5.8629,4.853,4.6435,4.7779,5.0249,3.6897,3.3771,1.3539,1.5572
378067,5.8442,5.8379,4.8186,4.6466,4.7404,5.0281,3.7429,3.3771,1.3196,1.5416
378329,5.8411,5.8504,4.8217,4.6435,4.7279,5.0249,3.721,3.3677,1.2977,1.5384
378591,5.8254,5.8348,4.8154,4.6466,4.706,4.9999,3.7054,3.3614,1.2727,1.5509
378853,5.7629,5.8442,4.8248,4.6622,4.7122,5.0156,3.7054,3.3583,1.2601,1.5416
379115,5.7566,5.8223,4.8561,4.6685,4.6591,4.9812,3.7085,3.4083,1.2383,1.5541
379377,5.8004,5.816,4.8936,4.6747,4.706,4.9843,3.7023,3.3989,1.207,1.5447
379639,5.7598,5.8223,4.9499,4.6685,4.7091,4.9655,3.7148,3.4083,1.1914,1.5322
379901,5.741,5.816,4.9655,4.6841,4.6841,4.978,3.721,3.4021,1.1757,1.5478
380163,5.7535,5.7942,4.9499,4.6841,4.6591,4.9374,3.7179,3.424,1.1601,1.5478
380425,5.7254,5.7879,4.9561,4.681,4.6841,4.9405,3.7304,3.4396,1.1319,1.5134
380687,5.7285,5.7723,4.9468,4.6841,4.6341,4.9311,3.7273,3.4552,1.1194,1.5134
380949,5.7441,5.7566,4.9436,4.6872,4.6466,4.9124,3.7335,3.4458,1.1038,1.5259
381211,5.7222,5.7754,4.9436,4.6997,4.5965,4.8967,3.7335,3.4333,1.1444,1.4665
381473,5.7191,5.7629,4.9718,4.6904,4.6153,4.8686,3.7023,3.4271,1.1695,1.4915
381735,5.7285,5.766,4.9718,4.7091,4.6591,4.9155,3.7241,3.4177,1.1914,1.4665
381997,5.7003,5.766,4.978,4.706,4.5965,4.903,3.7179,3.4208,1.4321,1.454
382259,5.7035,5.7566,4.9968,4.7122,4.5934,4.8936,3.7273,3.3864,1.454,1.4509
382521,5.6691,5.7691,4.9749,4.7185,4.5965,4.8874,3.7367,3.3176,1.3915,1.4728
382783,5.7035,5.7723,4.928,4.7279,4.6247,4.8842,3.7523,3.2832,1.4009,1.4321
383045,5.7097,5.7441,4.9436,4.7185,4.6372,4.8748,3.7585,3.2895,1.4352,1.4571
383307,5.7066,5.7473,4.9124,4.7185,4.6309,4.8717,3.7523,3.2864,1.4102,1.454
383569,5.691,5.7535,4.9343,4.7341,4.6184,4.8905,3.7554,3.2801,1.4259,1.4478
383831,5.7003,5.7785,4.9374,4.7466,4.6278,4.8842,3.7585,3.2582,1.3915,1.4196
384093,5.6753,5.7754,4.928,4.7279,4.6216,4.8561,3.7585,3.277,1.3915,1.4634
384355,5.6941,5.766,4.9217,4.7216,4.6216,4.853,3.7554,3.2801,1.4102,1.4634
384617,5.7129,5.7816,4.9405,4.7341,4.6216,4.8811,3.7804,3.2739,1.3946,1.454
384879,5.7035,5.7754,4.928,4.731,4.6372,4.8748,3.7492,3.2707,1.4384,1.4321
385141,5.6722,5.766,4.9186,4.7404,4.6309,4.8905,3.7523,3.2426,1.404,1.4509
385403,5.6566,5.7598,4.9311,4.731,4.6341,4.8373,3.7804,3.2332,1.3915,1.454
385665,5.6503,5.7535,4.9499,4.7435,4.6372,4.853,3.7992,3.1894,1.3946,1.4509
385927,5.6816,5.7629,4.9749,4.7435,4.6309,4.8592,3.7554,3.227,1.3852,1.4415
386189,5.6441,5.7535,4.9874,4.7591,4.6247,4.8436,3.7523,3.202,1.3696,1.4196
386451,5.6316,5.7629,4.9749,4.7748,4.6341,4.8154,3.7804,3.1988,1.3696,1.4259
386713,5.6722,5.7504,4.9561,4.7498,4.6341,4.8186,3.7648,3.1863,1.3696,1.4227
386975,5.666,5.7441,4.9593,4.7654,4.6278,4.8342,3.7648,3.2207,1.3414,1.4165
387237,5.6628,5.7441,4.9687,4.756,4.6059,4.8373,3.7929,3.1707,1.3352,1.4009
387499,5.6785,5.7222,4.9937,4.756,4.6278,4.8154,3.8086,3.2113,1.3039,1.3883
387761,5.6222,5.7191,5.0062,4.7498,4.5903,4.7998,3.8367,3.2113,1.3446,1.3977
388023,5.691,5.7254,5.0124,4.7591,4.6122,4.7873,3.8054,3.2238,1.3227,1.379
388285,5.6816,5.7129,4.9999,4.7842,4.5809,4.7998,3.7992,3.4802,1.3321,1.3571
388547,5.6878,5.7129,5.0093,4.781,4.5747,4.8154,3.7836,3.4646,1.3539,1.3633
388809,5.7035,5.7035,4.9687,4.7591,4.5465,4.8154,3.8023,3.3583,1.3414,1.3164
389071,5.741,5.7097,4.9593,4.7717,4.5622,4.7685,3.8305,3.3552,1.3383,1.3321
389333,5.7129,5.7066,4.9718,4.8061,4.5496,4.7373,3.8211,3.7585,1.3196,1.3164
389595,5.7441,5.6878,4.9937,4.7998,4.534,4.7717,3.8711,3.8211,1.3102,1.2914
389857,5.7254,5.6941,5.0187,4.7967,4.5371,4.7185,3.8867,4.0493,1.2977,1.307
390119,5.7066,5.6847,5.0156,4.7967,4.5121,4.7185,3.8398,4.1025,1.2945,1.282
390381,5.8004,5.6534,5.0875,4.8029,4.5059,4.731,3.8586,3.8586,1.2852,1.2695
390643,5.791,5.6503,5.0812,4.7873,4.4871,4.731,3.8242,3.9712,1.3133,1.2789
390905,5.8348,5.6472,5.1062,4.7842,4.4746,4.7341,3.8555,4.0056,1.3289,1.2727
391167,5.8567,5.6378,5.1125,4.7623,4.4715,4.7216,3.8586,4.0118,1.307,1.2727
391429,5.8379,5.6253,5.1406,4.7998,4.434,4.6747,3.8586,4.1088,1.3258,1.2727
391691,5.8286,5.6253,5.1031,4.7967,4.4402,4.7154,3.843,4.1244,1.3383,1.2539
391953,5.791,5.6222,5.1187,4.8154,4.4496,4.6685,3.8649,4.1463,1.2945,1.2476
392215,5.7754,5.6378,5.1281,4.8279,4.4433,4.6622,3.9024,4.1807,1.3039,1.2445
392477,5.7379,5.5847,5.1062,4.8061,4.4402,4.681,3.9024,4.0994,1.2883,1.2539
392739,5.7285,5.6003,5.0906,4.8373,4.4183,4.6653,3.8961,4.0493,1.3227,1.2601
393001,5.7097,5.5878,5.1094,4.8467,4.4308,4.6591,3.8993,4.0149,1.3008,1.2601
393263,5.6753,5.6034,5.1062,4.8404,4.434,4.6122,3.9086,4.0024,1.3039,1.2664
393525,5.6284,5.5909,5.0593,4.8623,4.4496,4.5997,3.9055,4.0118,1.2945,1.2633
393787,5.6159,5.569,5.0468,4.8623,4.4214,4.5872,3.968,3.9993,1.2945,1.232
394049,5.6159,5.5815,5.0969,4.8874,4.4277,4.6216,3.9649,4.0181,1.3008,1.2226
394311,5.5847,5.5878,5.1782,4.8655,4.4308,4.6153,3.9649,3.9899,1.3164,1.2257
394573,5.6097,5.5471,5.1125,4.878,4.4089,4.6059,3.9243,4.0087,1.3102,1.2164
394835,5.5628,5.5784,5.0969,4.8874,4.4121,4.6028,3.9399,3.9993,1.307,1.2695
395097,5.5534,5.5721,5.1,4.878,4.387,4.5903,3.9962,3.9805,1.2914,1.2383
395359,5.519,5.5565,5.1625,4.8655,4.4027,4.584,3.9837,3.9962,1.2664,1.2414
395621,5.5503,5.5346,5.1406,4.9061,4.3839,4.5684,4.0149,4.0087,1.2695,1.2289
395883,5.5409,5.5315,5.125,4.8842,4.3683,4.534,4.0056,4.0368,1.2601,1.2383
396145,5.5221,5.4908,5.15,4.8999,4.3433,4.5434,4.0118,4.0744,1.2414,1.232
396407,5.5034,5.4533,5.1844,4.8748,4.3276,4.5184,4.0243,4.09,1.2508,1.2383
396669,5.5002,5.4627,5.2063,4.8748,4.3151,4.5403,4.0337,4.065,1.2508,1.2289
396931,5.4502,5.4564,5.2032,4.8999,4.3151,4.5278,4.0181,4.0587,1.2351,1.232
397193,5.469,5.4627,5.1938,4.9124,4.3151,4.5246,3.9868,4.09,1.2414,1.2289
397455,5.4846,5.4564,5.2344,4.9092,4.3026,4.5278,3.9712,4.0994,1.2351,1.2508
397717,5.4221,5.4471,5.2563,4.9217,4.2776,4.5184,3.9931,4.0869,1.232,1.2226
397979,5.347,5.4721,5.2657,4.9311,4.287,4.484,4.0337,4.1213,1.2257,1.2257
398241,5.2907,5.4439,5.2595,4.9311,4.2557,4.5215,4.0744,4.1244,1.2195,1.2195
398503,5.2876,5.4471,5.2126,4.9436,4.2776,4.4715,4.065,4.1275,1.2164,1.2132
398765,5.2782,5.4502,5.2157,4.9561,4.2714,4.4934,4.0775,4.0618,1.2039,1.2195
399027,5.3439,5.4564,5.2595,4.9593,4.2307,4.4809,4.0962,4.0775,1.2132,1.2257
399289,5.3314,5.4627,5.2688,4.953,4.2276,4.4621,4.0525,4.0775,1.2007,1.1976
399551,5.3439,5.469,5.2501,4.953,4.2151,4.4433,4.1025,4.1119,1.1914,1.2257
399813,5.3314,5.4471,5.2032,4.9655,4.2182,4.4683,4.0869,4.1056,1.1851,1.2289
400075,5.3157,5.4283,5.2126,4.9968,4.2119,4.4183,4.1181,4.1338,1.1882,1.232
400337,5.3282,5.4252,5.2751,5.0218,4.2151,4.4465,4.1119,4.1494,1.1726,1.1945
400599,5.3251,5.4471,5.3126,5.0218,4.2276,4.4246,4.1275,4.1463,1.1632,1.2195
400861,5.272,5.4127,5.3064,4.9968,4.2151,4.3808,4.1463,4.1494,1.1726,1.2226
401123,5.297,5.4189,5.2813,4.9812,4.2119,4.3745,4.09,4.1181,1.157,1.2476
401385,5.2845,5.4252,5.2782,4.9968,4.2057,4.3964,4.1275,4.115,1.1351,1.2633
401647,5.2845,5.4127,5.3064,5.0281,4.1963,4.4121,4.1213,4.1963,1.1382,1.2601
401909,5.2595,5.4127,5.322,5.0062,4.2026,4.3745,4.1213,4.2495,1.1538,1.2539
402171,5.272,5.3908,5.3533,5.003,4.1901,4.3652,4.14,4.1963,1.157,1.2195
402433,5.3001,5.3689,5.3064,5.0343,4.1744,4.3745,4.165,4.1744,1.1538,0.9005
402695,5.3345,5.3626,5.3001,5.0281,4.1807,4.3401,4.1775,4.1713,1.1163,0.8662
402957,5.2532,5.3689,5.3189,5.0468,4.1494,4.312,4.1869,4.1619,1.1413,1.1069
403219,5.2626,5.3595,5.3314,5.0374,4.1713,4.3652,4.1901,4.1963,1.1069,1.1319
403481,5.2626,5.3845,5.3282,5.0531,4.1619,4.3151,4.2057,4.2088,1.1476,1.1288
403743,5.2657,5.3814,5.3314,5.0843,4.1682,4.312,4.2088,4.2714,1.0975,1.1444
404005,5.2407,5.3783,5.372,5.075,4.1494,4.2745,4.2401,4.2088,1.0913,1.1288
404267,5.2032,5.372,5.3626,5.0437,4.1525,4.3183,4.2307,4.1932,1.1163,1.1319
404529,5.2219,5.3439,5.3595,5.0531,4.1338,4.3057,4.2213,4.1807,1.1288,1.1476
404791,5.2313,5.3345,5.3845,5.0343,4.1213,4.2714,4.2182,4.1775,1.1101,1.1444
405053,5.1563,5.3376,5.397,5.1062,4.1025,4.2651,4.2432,4.2119,1.1382,1.1038
405315,5.2438,5.322,5.397,5.1031,4.1056,4.2651,4.2276,4.1869,1.157,1.1132
405577,5.3595,5.3251,5.4002,5.1,4.0931,4.2588,4.2213,4.1963,1.1632,1.1257
405839,5.2782,5.322,5.3845,5.1,4.0994,4.2495,4.2932,4.1838,1.1476,1.1194
406101,5.2751,5.3282,5.397,5.1531,4.0837,4.2276,4.2651,4.1775,1.1757,1.1101
406363,5.1875,5.3408,5.4064,5.1375,4.1025,4.2307,4.2839,4.2088,1.1663,1.1007
406625,5.1375,5.2907,5.4064,5.1656,4.0744,4.2151,4.2901,4.2057,1.1632,1.0913
406887,5.1344,5.3064,5.4095,5.1625,4.0431,4.2119,4.3401,4.2057,1.1788,1.0882
407149,5.2063,5.3001,5.4095,5.1438,4.0618,4.2276,4.4121,4.2213,1.1632,1.0944
407411,5.2032,5.3189,5.4283,5.1688,4.0525,4.2244,4.3933,4.2495,1.1851,1.0975
407673,5.2313,5.297,5.4439,5.1719,4.0618,4.1994,4.4214,4.2557,1.182,1.0882
407935,5.2126,5.297,5.4408,5.1531,4.04,4.237,4.4089,4.287,1.1882,1.0882
408197,5.1875,5.297,5.4502,5.1469,4.0024,4.2213,4.3933,4.287,1.1851,1.0975
408459,5.1469,5.3001,5.4627,5.1344,4.0056,4.2088,4.4058,4.2901,1.1914,1.0882
408721,5.1156,5.2938,5.4721,5.1782,4.0368,4.1775,4.5184,4.2839,1.1914,1.0913
408983,5.0843,5.3001,5.4564,5.1782,4.0087,4.1588,4.5246,4.3026,1.2132,1.0944
409245,5.0625,5.2688,5.4471,5.1844,4.0024,4.1463,4.509,4.3057,1.207,1.0913
409507,5.0969,5.2532,5.4815,5.1969,3.9649,4.1213,4.4652,4.3433,1.2039,1.0819
409769,5.0843,5.2563,5.4752,5.1782,3.9462,4.1306,4.4683,4.3589,1.2039,1.0975
410031,5.0906,5.2313,5.4846,5.2063,3.9774,4.1338,4.4496,4.4183,1.2132,1.0913
410293,5.1031,5.2251,5.4877,5.2126,3.9368,4.1088,4.5246,4.4027,1.2164,1.1069
410555,5.0406,5.2595,5.4877,5.2094,3.9399,4.1431,4.4809,4.3933,1.2101,1.0913
410817,5.0406,5.2438,5.5127,5.2,3.9274,4.1025,4.5403,4.3652,1.2195,1.0882
411079,5.0812,5.2469,5.5127,5.1782,3.9149,4.1338,4.5371,4.3683,1.2164,1.0975
411341,5.1,5.1938,5.5096,5.2313,3.9274,4.0712,4.5309,4.3683,1.2351,1.1069
411603,5.0625,5.2,5.4877,5.2063,3.9211,4.065,4.5434,4.387,1.2257,1.0975
411865,5.0718,5.2188,5.5065,5.2438,3.9211,4.0337,4.5246,4.3996,1.2195,1.1007
412127,5.0343,5.2157,5.5002,5.2626,3.8993,3.9962,4.5215,4.4214,1.2195,1.1101
412389,5.0218,5.2376,5.5096,5.2688,3.9336,4.0306,4.5997,4.4214,1.2195,1.0944
412651,5.0406,5.1656,5.4908,5.2626,3.9055,4.0243,4.5559,4.387,1.2257,1.0819
412913,5.0093,5.2,5.494,5.2376,3.9274,4.0337,4.5559,4.4089,1.2414,1.0882
413175,4.9968,5.2188,5.5159,5.2438,3.9149,4.0368,4.5684,4.387,1.2351,1.0913
413437,4.9937,5.2626,5.5065,5.2376,3.9118,4.0306,4.6122,4.4152,1.2195,1.0944
413699,5.0093,5.2126,5.5377,5.2532,3.8742,4.0556,4.5809,4.4308,1.2289,1.1132
413961,4.9905,5.1719,5.5409,5.2595,3.8867,4.0462,4.5371,4.4214,1.2289,1.1351
414223,4.9937,5.2,5.5596,5.2751,3.893,4.0337,4.5778,4.4371,1.2445,1.1288
414485,4.9937,5.2,5.5628,5.2782,3.8805,4.0431,4.5653,4.434,1.2539,1.1288
414747,4.9718,5.2188,5.5596,5.297,3.8774,4.0118,4.5903,4.4371,1.2601,1.1194
415009,4.9593,5.2313,5.569,5.3845,3.8461,4.0118,4.5903,4.4558,1.2601,1.1132
415271,4.9436,5.1625,5.6065,5.322,3.843,3.9931,4.5997,4.4652,1.2633,1.0913
415533,4.9374,5.1969,5.5534,5.3533,3.8617,4.0087,4.5965,4.4809,1.2476,1.0725
415795,4.9593,5.1813,5.5784,5.3564,3.843,4.0056,4.6059,4.4652,1.2695,1.0694
416057,4.9655,5.2376,5.6034,5.3595,3.8461,3.9993,4.6059,4.4527,1.2758,1.0882
416319,4.9593,5.2407,5.5847,5.3595,3.8242,3.9743,4.5934,4.4527,1.2789,1.0788
416581,4.9374,5.2,5.5878,5.3564,3.7961,3.9649,4.6184,4.4683,1.2633,1.0506
416843,4.9687,5.2219,5.6159,5.3501,3.7804,3.9462,4.6435,4.484,1.2727,1.0788
417105,4.9405,5.2751,5.6284,5.3533,3.7617,3.9493,4.6466,4.5215,1.2883,1.1038
417367,4.9468,5.2469,5.6566,5.3751,3.8117,3.9493,4.6466,4.5403,1.282,1.0944
417629,4.9186,5.2251,5.6628,5.3939,3.7961,3.9555,4.6372,4.5496,1.2883,1.0819
417891,4.9124,5.2657,5.7003,5.4314,3.7867,3.9243,4.656,4.5403,1.2789,1.1007
418153,4.9061,5.2751,5.6878,5.4471,3.7773,3.9305,4.7029,4.5246,1.2883,1.1069
418415,4.9217,5.2845,5.7066,5.4314,3.7367,3.9055,4.6997,4.509,1.3008,1.0788
418677,4.9249,5.2532,5.7003,5.4502,3.7554,3.8836,4.6966,4.5215,1.2883,1.0975
418939,4.8999,5.2595,5.7535,5.4596,3.771,3.8649,4.6997,4.5246,1.3039,1.0882
419201,4.9061,5.2751,5.7629,5.4533,3.7523,3.8742,4.7279,4.5371,1.3008,1.0975
419463,4.8874,5.2751,5.7785,5.4439,3.746,3.8774,4.6904,4.5403,1.3258,1.085
419725,4.9092,5.2532,5.7816,5.4627,3.7617,3.893,4.6997,4.5559,1.3321,1.0913
419987,4.903,5.2532,5.8004,5.4377,3.7179,3.8617,4.7122,4.5715,1.3508,1.0975
420249,4.8874,5.2845,5.8223,5.4721,3.7023,3.8711,4.7216,4.584,1.3414,1.1007
420511,4.8874,5.3001,5.8067,5.4815,3.671,3.8805,4.7341,4.5965,1.3602,1.1007
420773,4.8936,5.2532,5.8067,5.4377,3.7085,3.868,4.7466,4.5809,1.3727,1.1069
421035,4.8623,5.2532,5.8035,5.4346,3.6866,3.8742,4.7404,4.5965,1.3727,1.1194
421297,4.8467,5.2438,5.8254,5.4533,3.6679,3.8649,4.7717,4.5747,1.379,1.1069
421559,4.8436,5.2595,5.7473,5.469,3.6679,3.8336,4.7591,4.5622,1.3852,1.1226
421821,4.8342,5.2501,5.7316,5.4502,3.6554,3.8336,4.7998,4.5872,1.3883,1.1257
422083,4.8467,5.1907,5.7254,5.5127,3.646,3.8086,4.8092,4.5903,1.4102,1.1038
422345,4.8311,5.1969,5.7285,5.4533,3.6741,3.8336,4.8154,4.5965,1.4009,1.1226
422607,4.8186,5.1907,5.7285,5.5346,3.621,3.8398,4.8342,4.5965,1.4102,1.1194
422869,4.8154,5.1907,5.7504,5.5034,3.5959,3.843,4.853,4.6153,1.4321,1.1382
423131,4.8279,5.1375,5.741,5.519,3.6303,3.8617,4.8811,4.6122,1.4196,1.1288
423393,4.8061,5.1563,5.741,5.5471,3.6116,3.818,4.8623,4.5997,1.4384,1.1288
423655,4.8123,5.1594,5.741,5.5221,3.646,3.7992,4.903,4.6403,1.4415,1.1538
423917,4.7967,5.1406,5.741,5.5127,3.6397,3.7773,4.8967,4.6372,1.4603,1.1476
424179,4.7842,5.1438,5.7441,5.5377,3.6428,3.8086,4.903,4.6872,1.4603,1.1476
424441,4.7685,5.1281,5.7816,5.5377,3.6147,3.8305,4.9217,4.6841,1.4696,1.1726
424703,4.7779,5.1156,5.7723,5.494,3.6366,3.8023,4.928,4.6935,1.4571,1.1444
424965,4.7873,5.1313,5.8004,5.5159,3.6241,3.8023,4.9249,4.7091,1.4665,1.1382
425227,4.7623,5.1469,5.8004,5.5596,3.5866,3.8023,4.9468,4.706,1.4603,1.1695
425489,4.7842,5.1438,5.8098,5.5534,3.5866,3.7836,4.9593,4.7122,1.4853,1.1726
425751,4.7748,5.1031,5.8286,5.5503,3.5991,3.7492,4.9968,4.6935,1.4884,1.1851
426013,4.7529,5.1187,5.8035,5.5753,3.5834,3.7648,5.0124,4.7091,1.5009,1.182
426275,4.756,5.125,5.8848,5.5534,3.6022,3.746,4.9968,4.7466,1.479,1.1914
426537,4.7216,5.1313,5.8442,5.5909,3.5709,3.7648,5.0156,4.7623,1.4884,1.1788
426799,4.7498,5.1094,5.9036,5.5659,3.5522,3.7804,4.9874,4.7779,1.4978,1.1476
427061,4.7685,5.1406,5.8942,5.5847,3.5709,3.7648,5.0062,4.7873,1.4822,1.1695
427323,4.7466,5.1531,5.9224,5.5847,3.5647,3.7492,5.0156,4.7873,1.5197,1.1788
427585,4.7623,5.1062,5.9005,5.6222,3.5303,3.7492,5.0468,4.8029,1.5228,1.1757
427847,4.7498,5.1094,5.938,5.6065,3.5584,3.7273,5.0531,4.7904,1.4822,1.1663
428109,4.7404,5.1313,5.9192,5.6159,3.5709,3.7273,5.0656,4.7842,1.5447,1.2007
428371,4.681,5.1313,5.9349,5.5972,3.5178,3.6866,5.0593,4.7748,1.5134,1.1726
428633,4.7466,5.0875,5.9505,5.6003,3.5115,3.696,5.0593,4.8061,1.504,1.1757
428895,4.7279,5.1062,5.9786,5.6034,3.524,3.6991,5.0562,4.7904,1.5259,1.1851
429157,4.7373,5.1187,6.0162,5.6128,3.5053,3.6929,5.0468,4.8092,1.5353,1.182
429419,4.7029,5.0812,6.0349,5.6816,3.4677,3.696,5.0593,4.7904,1.5322,1.1726
429681,4.7029,5.0593,6.0255,5.619,3.4677,3.6804,5.0625,4.8154,1.5603,1.1726
429943,4.7185,5.0812,6.0255,5.6566,3.4521,3.6835,5.0875,4.8123,1.5853,1.1882
430205,4.7091,5.0843,6.0474,5.619,3.4427,3.6554,5.0937,4.8592,1.5416,1.2039
430467,4.7091,5.0656,6.0537,5.666,3.4771,3.6554,5.0906,4.8717,1.5478,1.2164
430729,4.6997,5.0656,6.0474,5.6722,3.4552,3.621,5.1062,4.8811,1.5791,1.2195
430991,4.7154,5.0281,6.0599,5.6566,3.4396,3.6428,5.1187,4.8748,1.5666,1.2164
431253,4.706,5.003,6.0474,5.7035,3.4115,3.6428,5.1125,4.8874,1.5916,1.2226
431515,4.6997,4.9999,6.0599,5.6503,3.4052,3.6428,5.1156,4.8623,1.5697,1.2257
431777,4.6904,4.9561,6.0506,5.6347,3.3771,3.6491,5.1281,4.8561,1.5822,1.232
432039,4.706,4.9405,6.0724,5.6409,3.3864,3.6491,5.1125,4.8748,1.626,1.2414
432301,4.681,4.9155,6.0818,5.6722,3.3927,3.646,5.1375,4.8874,1.6229,1.257
432563,4.6872,4.9405,6.1037,5.6628,3.3989,3.6397,5.1531,4.8967,1.6072,1.257
432825,4.6685,4.9405,6.0662,5.6566,3.4021,3.6241,5.15,4.903,1.6229,1.2664
433087,4.6904,4.9655,6.0568,5.6785,3.4083,3.6335,5.1625,4.9092,1.6448,1.2727
433349,4.6747,4.9155,6.0381,5.6785,3.4177,3.6178,5.1625,4.9124,1.6416,1.2727
433611,4.6778,4.9718,6.0631,5.6847,3.3771,3.6084,5.175,4.9311,1.6541,1.2727
433873,4.6872,4.928,6.0787,5.716,3.3864,3.6053,5.175,4.9343,1.6541,1.3008
434135,4.681,4.9155,6.0912,5.6847,3.3395,3.5991,5.1907,4.9436,1.6573,1.2852
434397,4.6747,4.9718,6.1068,5.6847,3.327,3.5803,5.1875,4.9561,1.6729,1.2945
434659,4.6591,4.8936,6.1006,5.6972,3.302,3.5647,5.1969,4.9499,1.6854,1.3196
434921,4.6403,4.878,6.1162,5.7222,3.327,3.5772,5.2126,4.9436,1.7042,1.3102
435183,4.6622,4.8842,6.0943,5.7723,3.3427,3.5772,5.2407,4.9405,1.7135,1.3227
435445,4.6591,4.8842,6.1287,5.7754,3.3333,3.549,5.2469,4.953,1.7042,1.3383
435707,4.6435,4.8874,6.1194,5.8254,3.3489,3.5709,5.2313,4.9718,1.7135,1.3477
435969,4.6403,4.8717,6.135,5.8348,3.3176,3.5459,5.2501,4.9843,1.7292,1.3571
436231,4.6216,4.8342,6.1131,5.8536,3.3051,3.5803,5.2595,5.0062,1.7261,1.3571
436493,4.6216,4.7904,6.1287,5.8973,3.2864,3.5522,5.2626,5.0374,1.7511,1.3696
436755,4.6122,4.7717,6.1225,5.8567,3.3114,3.5115,5.2813,5.0531,1.7636,1.3696
437017,4.6091,4.7904,6.11,5.8661,3.2926,3.5053,5.2688,5.0562,1.7792,1.3977
437279,4.6059,4.7998,6.1537,5.8004,3.2926,3.499,5.297,5.0562,1.7761,1.3883
437541,4.6153,4.7967,6.1725,5.8129,3.3083,3.4865,5.3095,5.0687,1.7792,1.3977
437803,4.5809,4.7842,6.1694,5.8692,3.2989,3.4959,5.3126,5.0843,1.7698,1.4134
438065,4.6091,4.731,6.1725,5.938,3.2707,3.4865,5.347,5.0687,1.7823,1.3883
438327,4.6278,4.7404,6.2288,5.8755,3.2332,3.5303,5.3439,5.1,1.8042,1.4352
438589,4.6184,4.7091,6.2069,5.8473,3.2207,3.4834,5.3564,5.1125,1.8136,1.4384
438851,4.6028,4.7091,6.2476,5.8973,3.1957,3.4709,5.3408,5.1031,1.8074,1.4384
439113,4.5872,4.681,6.2569,5.8661,2.0512,3.474,5.3595,5.0937,1.8324,1.4415
439375,4.5934,4.6591,6.2601,5.9036,3.2082,3.4552,5.3501,5.1062,1.8261,1.4259
439637,4.584,4.6716,6.282,5.963,3.2176,3.4521,5.3595,5.1219,1.8511,1.4571
439899,4.5965,4.6872,6.282,5.8973,3.2145,3.4208,5.3626,5.1344,1.8417,1.4634
440161,4.5747,4.6435,6.3789,5.9005,3.1769,3.4208,5.3877,5.15,1.848,1.4759
440423,4.5747,4.6309,6.6197,5.8723,3.1801,3.4271,5.3751,5.1469,1.8543,1.4978
440685,4.584,4.6247,6.6134,5.8567,3.1676,3.4333,5.3814,5.1688,1.8636,1.4947
440947,4.5559,4.6216,6.6697,5.8473,3.1644,3.4427,5.3845,5.1844,1.8855,1.4947
441209,4.5559,4.6216,6.6322,5.8911,3.1644,3.4208,5.397,5.1844,1.9074,1.5259
441471,4.5496,4.5934,6.6322,5.8317,3.1707,3.4021,5.397,5.1844,1.8887,1.5322
441733,4.5559,4.5997,6.579,5.8755,3.1863,3.4146,5.4252,5.1907,1.9324,1.5322
441995,4.5653,4.6184,6.5477,5.9224,3.1519,3.3771,5.4158,5.1907,1.9324,1.5697
442257,4.5403,4.6091,6.5509,5.913,3.1332,3.3395,5.4283,5.1625,1.9324,1.5509
442519,4.5622,4.584,6.554,5.8973,3.105,3.4021,5.4533,5.2251,1.9418,1.5697
442781,4.5622,4.5997,6.5196,5.9849,3.105,3.3771,5.4627,5.2219,1.9856,1.5791
443043,4.534,4.5622,6.5165,5.9568,3.1144,3.3239,5.4596,5.2376,1.9668,1.601
443305,4.5371,4.5778,6.5446,6.0037,3.13,3.3489,5.4721,5.2438,1.9981,1.6041
443567,4.5528,4.5934,6.5665,5.9599,3.13,3.3114,5.4752,5.2751,1.9887,1.5916
443829,4.5496,4.5903,6.5446,6.0099,3.1519,3.2989,5.4783,5.2657,2.0169,1.6104
444091,4.5215,4.534,6.5853,6.0037,3.1488,3.2832,5.4908,5.2563,2.0137,1.6229
444353,4.5403,4.5559,6.6165,5.9286,3.1238,3.2395,5.5002,5.2688,2.0231,1.6229
444615,4.5215,4.5684,6.6384,6.0037,3.1144,3.2457,5.5002,5.2813,2.0387,1.6291
444877,4.5278,4.5653,6.6572,6.0224,3.105,3.2489,5.544,5.272,2.0356,1.6291
445139,4.5246,4.5622,6.7166,6.0193,3.0737,3.2895,5.5503,5.3064,2.045,1.6416
445401,4.5153,4.559,6.7666,5.9849,3.0894,3.2614,5.569,5.3032,2.0638,1.6322
445663,4.5434,4.4308,6.4383,6.1412,3.1144,3.2832,5.519,5.3376,2.0888,1.7198
445925,4.5778,4.4402,6.4727,6.1068,3.0519,3.3083,5.5346,5.347,2.0325,1.7229
446187,4.5465,4.5934,6.407,6.3601,3.0519,3.2582,5.569,5.3345,2.1294,1.6979
446449,4.5559,4.7029,6.357,6.0068,3.08,3.2176,5.5346,5.3189,2.1232,1.6979
446711,4.5403,4.5121,6.2726,6.0099,3.0956,3.2801,5.5315,5.3439,2.1232,1.7135
446973,4.5371,4.5715,6.2288,6.0912,3.0769,3.2457,5.5315,5.3501,2.1232,1.7261
447235,4.5278,4.6059,6.2413,6.085,3.0737,3.2395,5.5377,5.3564,2.1576,1.7229
447497,4.5559,4.5278,6.3789,6.0631,3.0519,3.2332,5.5628,5.3877,2.1513,1.7292
447759,4.5434,4.4965,6.1225,6.16,3.0737,3.2207,5.5534,5.3595,2.12,1.6854
448021,4.5403,4.5371,6.3601,6.0756,3.0394,3.1801,5.5784,5.3501,2.0544,1.7823
448283,4.5309,4.5403,6.407,6.0412,3.0362,3.1488,5.5847,5.347,2.2076,1.773
448545,4.5246,4.5371,6.6916,6.0662,3.0519,3.1582,5.5909,5.3658,2.2138,1.8167
448807,4.5153,4.5278,6.2726,6.0537,3.0519,3.1832,5.6347,5.3689,2.1888,1.773
449069,4.4996,4.5215,7.2013,6.1756,3.0706,3.1832,5.6316,5.372,2.1888,1.773
449331,4.5184,4.534,6.8823,6.1913,3.0706,3.1363,5.6503,5.3658,2.1857,1.7886
449593,4.4965,4.5184,6.826,6.1725,3.0644,3.0863,5.6628,5.3814,2.1951,1.8011
449855,4.4965,4.5309,6.701,6.0318,3.0612,3.0831,5.6597,5.3845,2.192,1.8199
450117,4.4715,4.5121,6.6134,6.1475,3.0581,3.0362,5.6691,5.4158,2.2045,1.8074
450379,4.4621,4.5215,6.6728,6.1881,3.0456,3.08,5.6753,5.4377,2.1857,1.8386
450641,4.4652,4.5059,6.432,6.235,3.0362,3.105,5.6847,5.4471,2.1982,1.8449
450903,4.4809,4.5027,6.7041,6.2038,3.0331,3.0925,5.7003,5.4752,2.2326,1.8605
451165,4.4652,4.4934,6.7791,6.1725,3.0456,3.0237,5.7129,5.4783,2.2232,1.8605
451427,4.4746,4.4902,7.0762,6.235,3.0268,3.0737,5.7097,5.494,2.217,1.8636
451689,4.4715,4.4934,6.3101,6.2413,3.03,3.0675,5.7097,5.4752,2.267,1.898
451951,4.4715,4.4746,6.4789,6.2288,3.0362,3.0737,5.716,5.5002,2.2326,1.8855
452213,4.4621,4.459,6.4446,6.2851,3.0018,3.08,5.7066,5.5065,2.2357,1.9105
452475,4.4902,4.459,6.4446,6.1537,3.03,3.0456,5.7473,5.5377,2.242,1.9105
452737,4.459,4.4621,6.4133,6.4039,3.0237,3.0581,5.7285,5.5721,2.2545,1.923
452999,4.4715,4.4465,6.4821,6.1631,3.0331,3.0362,5.7347,5.5909,2.3108,1.9356
453261,4.459,4.4214,6.4727,6.2288,3.0112,3.0362,5.7441,5.5784,2.2326,1.9481
453523,4.4715,4.4308,6.529,6.1975,3.0175,3.0487,5.741,5.5753,2.2795,1.9387
453785,4.4621,4.4465,6.5509,6.2319,2.9893,3.0425,5.7754,5.5409,2.3202,1.9543
454047,4.4777,4.4277,6.529,6.1788,2.9924,3.0519,5.7504,5.5753,2.3014,1.9449
454309,4.484,4.4621,6.5321,6.2163,2.9674,3.0519,5.8035,5.594,2.2951,1.9668
454571,4.4715,4.4683,6.5133,6.2632,2.9831,3.0362,5.791,5.6034,2.3077,1.9793
454833,4.4871,4.4527,6.5696,6.2882,2.9768,3.0206,5.7942,5.6316,2.3233,1.9825
455095,4.4715,4.4308,6.5258,6.357,3.005,3.0268,5.8067,5.6409,2.3077,1.9918
455357,4.4809,4.4152,6.6541,6.3132,2.9799,3.0175,5.8067,5.6378,2.3483,2.02
455619,4.4683,4.4121,6.5884,6.3257,2.9737,3.005,5.8192,5.6347,2.3327,2.0106
455881,4.459,4.3933,6.6103,6.2851,2.9612,3.055,5.816,5.6284,2.3733,2.0075
456143,4.4683,4.4058,6.6572,6.3289,2.9643,3.0362,5.8192,5.6347,2.4421,2.0356
456405,4.4996,4.4089,6.5915,6.3445,2.9393,3.0612,5.8411,5.6378,2.4546,2.0294
456667,4.5059,4.4027,6.7479,6.3445,2.9487,3.0487,5.8035,5.6441,2.4359,2.0982
456929,4.5153,4.3839,6.7416,6.3507,2.9268,3.0831,5.8129,5.6628,2.4484,2.0544
457191,4.4934,4.387,6.7416,6.3382,2.9143,3.0425,5.8379,5.6785,2.4796,2.0731
457453,4.509,4.3933,6.7322,6.357,2.933,3.0175,5.8254,5.6941,2.4796,2.0825
457715,4.5684,4.3089,6.7135,6.4008,2.9018,2.9018,5.8223,5.7097,2.5015,2.1388
457977,4.559,4.4965,6.6853,6.4289,2.8986,3.0237,5.7879,5.7191,2.5641,2.1638
458239,4.5465,4.6435,6.6916,6.4633,2.8986,3.0925,5.7723,5.7066,2.5734,2.1607
458501,4.5465,4.4996,6.7916,6.4383,2.8736,3.0769,5.7504,5.7066,2.5922,2.1325
458763,4.5684,4.4809,6.6947,6.4539,2.8236,3.0769,5.766,5.7191,2.5797,2.1544
459025,4.5684,4.4465,7.1856,6.4258,2.9018,3.0487,5.7316,5.7441,2.5641,2.2389
459287,4.5872,4.4183,7.3263,6.4477,2.8705,3.0456,5.7254,5.7785,2.5703,2.2326
459549,4.6091,4.434,7.3044,6.4664,2.8267,3.0675,5.716,5.7566,2.539,2.2389
459811,4.5778,4.4121,7.3201,6.4477,2.8298,3.0456,5.7535,5.7848,2.5547,2.2639
460073,4.6059,4.4246,7.3295,6.4727,2.7955,3.0331,5.7222,5.7629,2.5578,2.2451
460335,4.5997,4.4465,7.3232,6.4821,2.8267,3.0394,5.7316,5.7785,2.5953,2.2576
460597,4.6091,4.434,7.3263,6.5165,2.8392,3.0206,5.7441,5.7566,2.5891,2.2951
460859,4.6216,4.4558,7.3295,6.529,2.8236,2.9924,5.741,5.7691,2.5797,2.3202
461121,4.6216,4.4433,7.3107,6.5196,2.8173,3.0143,5.7598,5.766,2.5985,2.3014
461383,4.6466,4.4183,7.367,6.5227,2.7986,3.0081,5.766,5.7785,2.6266,2.3358
461645,4.6997,4.4152,7.3732,6.5509,2.7767,2.9862,5.7629,5.7441,2.6172,2.317
461907,4.681,4.4214,7.3732,6.5728,2.7736,2.9768,5.766,5.7598,2.6297,2.3389
462169,4.6622,4.4246,7.3857,6.5602,2.7454,2.9674,5.7785,5.7504,2.636,2.3577
462431,4.6685,4.4527,7.3857,6.604,2.7485,2.9393,5.7691,5.7347,2.6329,2.3671
462693,4.6466,4.4465,7.417,6.6197,2.7736,2.9424,5.7629,5.7566,2.636,2.3608
462955,4.6747,4.4746,7.4201,6.6353,2.7485,2.933,5.7723,5.741,2.6547,2.3764
463217,4.6997,4.459,7.4045,6.6541,2.736,2.9143,5.7754,5.7504,2.6454,2.3608
463479,4.6716,4.4558,7.4139,6.6541,2.7173,2.9143,5.791,5.7598,2.6547,2.389
463741,4.7122,4.484,7.4389,6.6541,2.7048,2.9018,5.7629,5.7191,2.6422,2.0419
464003,4.7341,4.4558,7.4295,6.6853,2.7235,2.8736,5.7973,5.7347,2.6422,2.3827
464265,4.7185,4.4621,7.4545,6.7166,2.7016,2.8768,5.766,5.7785,2.6422,2.4265
464527,4.706,4.4777,7.4952,6.6916,2.6891,2.8736,5.7879,5.7566,2.686,2.3858
464789,4.6997,4.4683,7.5077,6.7385,2.6985,2.8861,5.7879,5.7754,2.6547,2.389
465051,4.7122,4.459,7.4952,6.751,2.6829,2.8736,5.8004,5.8129,2.661,2.3983
465313,4.7248,4.4777,7.5171,6.7697,2.6704,2.8799,5.8067,5.8035,2.6641,2.4359
465575,4.6716,4.509,7.4733,6.726,2.6454,2.883,5.8192,5.791,2.7016,2.4921
465837,4.7404,4.5528,7.3076,6.7103,2.6235,2.9674,5.8411,5.7816,2.7829,2.4515
466099,4.6997,4.5246,7.2607,6.7666,2.5985,2.883,5.8536,5.7973,2.736,2.5172
466361,4.7466,4.5153,7.4858,6.8073,2.6297,2.8642,5.8286,5.8286,2.6641,2.4703
466623,4.7373,4.4965,7.3451,6.7885,2.5922,2.8298,5.8286,5.7441,2.6485,2.489
466885,4.7685,4.4371,7.1669,7.0136,2.5797,2.8455,5.8661,5.7754,2.7329,2.5078
467147,4.7717,4.4246,7.1669,6.9886,2.5047,2.808,5.8442,5.7723,2.7798,2.4984
467409,4.8686,4.4277,7.1043,6.948,2.5234,2.7923,5.8567,5.766,2.7923,2.5172
467671,4.8467,4.4465,7.3576,6.9949,2.5234,2.7923,5.8629,5.8098,2.7704,2.5078
467933,4.9061,4.459,7.1356,6.9824,2.4953,2.7892,5.8317,5.8286,2.7861,2.539
468195,4.9405,4.4777,7.1794,6.998,2.4828,2.7923,5.816,5.8035,2.7485,2.5453
468457,5.0656,4.4621,7.1856,7.0074,2.5359,2.833,5.8379,5.8348,2.6829,2.5422
468719,5.0687,4.4965,7.1606,7.0355,2.5422,2.8642,5.816,5.8786,2.6891,2.5359
468981,5.2251,4.5684,7.1575,7.0324,2.5766,2.8142,5.7379,5.9286,2.7048,2.5547
469243,5.0343,4.6059,7.2138,7.0824,2.5359,2.8017,5.7535,5.9192,2.6923,2.5672
469505,5.075,4.6778,7.195,7.0887,2.5359,2.808,5.6878,5.9067,2.6704,2.5797
469767,4.9874,4.6497,7.2013,7.1043,2.5078,2.7673,5.6597,5.9286,2.6798,2.5828
470029,4.9999,4.6935,7.1825,7.1012,2.5172,2.7485,5.6409,5.9317,2.6704,2.5891
470291,5.0093,4.7685,7.2013,7.0699,2.489,2.7485,5.6628,5.913,2.6735,2.5891
470553,5.0124,4.7685,7.2044,7.0512,2.4953,2.7267,5.6816,5.8973,2.6735,2.5828
470815,5.0593,4.7279,7.2106,7.0606,2.4953,2.711,5.7097,5.8817,2.6766,2.5922
471077,5.0687,4.681,7.2169,7.0668,2.4921,2.7204,5.7441,5.8598,2.6798,2.5922
471339,5.0437,4.681,7.22,7.048,2.4609,2.7173,5.7316,5.8692,2.7048,2.586
471601,5.1438,4.6153,7.1981,7.0762,2.4609,2.7329,5.6941,5.8786,2.7267,2.5922
471863,5.1688,4.6466,7.2231,7.1012,2.4703,2.7611,5.6628,5.8317,2.7267,2.6016
472125,5.0875,4.6309,7.2169,7.0981,2.4609,2.7923,5.6534,5.7754,2.7392,2.5953
472387,5.3376,4.6466,7.2044,7.0981,2.464,2.7736,5.6534,5.7754,2.7423,2.5985
472649,5.4627,4.6653,7.2138,7.0824,2.4577,2.7861,5.6378,5.8348,2.7423,2.586
472911,5.3282,4.7029,7.2169,7.0918,2.4546,2.7517,5.6222,5.8254,2.7579,2.6078
473173,5.0906,4.731,7.2357,7.1106,2.4108,2.6829,5.6472,5.8254,2.7485,2.6266
473435,5.1062,4.7185,7.2419,7.1075,2.4202,2.711,5.6378,5.8629,2.7423,2.6297
473697,5.0781,4.7591,7.2638,7.1043,2.4108,2.6985,5.6534,5.8473,2.7579,2.6141
473959,5.1344,4.7873,7.2544,7.1106,2.3983,2.6985,5.6409,5.8504,2.7517,2.6172
474221,5.1156,4.7904,7.2732,7.1544,2.389,2.6516,5.6253,5.8098,2.7454,2.6172
474483,5.1688,4.7842,7.2513,7.1418,2.3608,2.6985,5.5972,5.716,2.7798,2.6203
474745,5.4439,4.7685,7.2826,7.17,2.3671,2.6954,5.6472,5.6785,2.8017,2.636
475007,5.5377,4.7623,7.2919,7.1637,2.3827,2.7204,5.666,5.7441,2.7986,2.6579
475269,5.5034,4.7935,7.2982,7.1544,2.3827,2.7016,5.6691,5.7879,2.7986,2.6485
475531,5.4439,4.781,7.2888,7.1606,2.389,2.7173,5.6816,5.816,2.8205,2.6547
475793,5.3751,4.7623,7.3263,7.1481,2.3764,2.7423,5.6878,5.7535,2.8424,2.6641
476055,5.372,4.7654,7.3201,7.17,2.3733,2.7485,5.6785,5.8129,2.8517,2.6641
476317,5.3814,4.7967,7.3326,7.1762,2.3546,2.7579,5.6753,5.7723,2.8642,2.6704
476579,5.3345,4.8342,7.3263,7.1888,2.3671,2.7016,5.6691,5.7629,2.8486,2.661
476841,5.4471,4.8373,7.3514,7.17,2.3483,2.6985,5.6534,5.7473,2.8517,2.6735
477103,5.4971,4.8123,7.3326,7.2013,2.317,2.6923,5.6284,5.7097,2.8611,2.6891
477365,5.5065,4.8217,7.3357,7.2388,2.3077,2.6641,5.6472,5.7129,2.8705,2.6891
477627,5.5002,4.8905,7.3451,7.245,2.292,2.6172,5.6097,5.741,2.8893,2.6672
477889,5.469,4.9092,7.367,7.2513,2.2639,2.611,5.5815,5.7723,2.8893,2.6829
478151,5.4533,4.8686,7.392,7.2388,2.2576,2.5703,5.569,5.7222,2.8955,2.6985
478413,5.4877,4.8717,7.3889,7.2544,2.2545,2.5547,5.569,5.7066,2.908,2.686
478675,5.5034,4.8874,7.3795,7.2482,2.2451,2.5484,5.5565,5.7097,2.9237,2.7204
478937,5.5315,4.9124,7.4014,7.2544,2.2858,2.5641,5.5565,5.7003,2.9143,2.6891
479199,5.5471,4.9374,7.4076,7.2701,2.242,2.4984,5.5409,5.7254,2.933,2.7204
479461,5.5096,4.9374,7.3951,7.2732,2.2326,2.4984,5.5409,5.7066,2.9111,2.7298
479723,5.5096,4.9436,7.4045,7.2544,2.2264,2.4765,5.5377,5.7003,2.9393,2.7048
479985,5.5377,4.9718,7.4233,7.2638,2.192,2.5234,5.5315,5.6503,2.9424,2.736
480247,5.5127,4.9561,7.4108,7.2857,2.2013,2.5234,5.5972,5.7035,2.9549,2.7454
480509,5.5659,4.9468,7.4108,7.2857,2.1763,2.5297,5.5878,5.7285,2.9737,2.7298
480771,5.5784,4.9343,7.4389,7.2951,2.1669,2.5047,5.594,5.716,2.9674,2.7454
481033,5.519,4.9405,7.4577,7.2857,2.1701,2.5109,5.5972,5.7191,2.9549,2.7423
481295,5.4971,4.953,7.4358,7.3201,2.1232,2.4671,5.6003,5.7129,3.005,2.7204
481557,5.5377,4.9624,7.4514,7.317,2.1294,2.3233,5.6065,5.7066,2.9987,2.7423
481819,5.5002,4.9843,7.4889,7.3013,2.1044,2.3514,5.5972,5.7285,3.0175,2.7548
482081,5.5221,4.9812,7.4827,7.3107,2.0888,2.3327,5.569,5.7129,3.0143,2.7642
482343,5.5284,4.9968,7.4983,7.3232,2.07,2.2951,5.5878,5.7347,3.0237,2.7392
482605,5.4752,5.0156,7.4952,7.317,2.1013,2.2795,5.5878,5.7254,3.0268,2.7298
482867,5.5221,5.0249,7.4983,7.3514,2.0825,2.3202,5.6003,5.716,3.0362,2.7642
483129,5.5377,5.0374,7.5233,7.3357,2.0856,2.3295,5.5972,5.7598,3.055,2.7642
483391,5.469,5.0156,7.5233,7.2982,2.0481,2.3045,5.6034,5.7316,3.0831,2.7892
483653,5.4533,5.0374,7.5515,7.3357,2.045,2.292,5.5909,5.7222,3.0831,2.7955
483915,5.5221,5.0531,7.5327,7.3482,2.0606,2.2889,5.5753,5.6753,3.0644,2.7986
484177,5.5034,5.0187,7.5702,7.3326,2.0325,2.267,5.5784,5.6409,3.0737,2.7986
484439,5.5972,5.0531,7.5765,7.3639,2.0294,2.2639,5.5753,5.6472,3.1144,2.7861
484701,5.6253,5.0437,7.564,7.3545,2.0262,2.2295,5.5909,5.6628,3.1207,2.8173
484963,5.6253,5.1094,7.5765,7.3639,1.9887,2.2357,5.5815,5.6503,3.1144,2.8173
485225,5.6253,5.1156,7.6109,7.367,2.0419,2.2733,5.5878,5.6347,3.1238,2.8205
485487,5.6284,5.1187,7.5859,7.3857,1.9918,2.2701,5.5596,5.6284,3.1519,2.8361
485749,5.6753,5.1281,7.6109,7.3795,2.0231,2.2639,5.5659,5.666,3.1394,2.8267
486011,5.6378,5.1406,7.6078,7.392,1.9731,2.2389,5.569,5.6316,3.1425,2.8205
486273,5.6972,5.1344,7.6296,7.3764,1.9825,2.2545,5.5659,5.6378,3.1457,2.8298
486535,5.7254,5.1219,7.5827,7.4264,1.9543,2.2514,5.5628,5.666,3.1425,2.8736
486797,5.8848,5.1281,7.589,7.4639,1.9699,2.2357,5.5409,5.6534,3.1425,2.8768
487059,5.8223,5.1719,7.589,7.4295,1.995,2.1982,5.5534,5.6722,3.1488,2.8736
487321,5.7691,5.1907,7.5827,7.4514,1.9637,2.2295,5.5409,5.6816,3.1613,2.8799
487583,5.7754,5.2126,7.5796,7.442,1.9668,2.2326,5.5346,5.6941,3.1707,2.9143
487845,5.7973,5.2188,7.5953,7.4639,1.9699,2.2357,5.5284,5.6597,3.1707,2.883
488107,5.766,5.2188,7.6015,7.4545,1.9918,2.242,5.5409,5.6878,3.155,2.9143
488369,5.791,5.2094,7.6171,7.4483,1.9699,2.2264,5.5471,5.6409,3.1676,2.9237
488631,5.8786,5.2094,7.6265,7.4764,1.9387,2.1982,5.5534,5.6534,3.1644,2.9393
488893,5.8536,5.2313,7.6265,7.4608,1.9481,2.1888,5.5409,5.6597,3.1988,2.9518
489155,5.8567,5.2469,7.6515,7.4577,1.9293,2.1638,5.5284,5.6409,3.2082,2.9487
489417,5.8129,5.2688,7.6766,7.4952,1.9387,2.1732,5.5127,5.6472,3.1957,2.9518
489679,5.9224,5.2938,7.6609,7.4921,1.9199,2.1701,5.5002,5.6409,3.1957,2.9706
489941,5.8848,5.2938,7.6547,7.5046,1.9168,2.1669,5.5159,5.6534,3.227,2.9612
490203,5.913,5.3032,7.6547,7.5265,1.9105,2.1826,5.5221,5.6534,3.2145,2.9643
490465,5.9818,5.2876,7.6422,7.5296,1.9043,2.1325,5.5284,5.6316,3.2332,2.9612
490727,5.9786,5.3064,7.6797,7.5515,1.8761,2.1044,5.5221,5.6378,3.2489,2.9956
490989,5.9286,5.322,7.6703,7.5421,1.9074,2.12,5.5221,5.6378,3.2457,3.0081
491251,5.9693,5.3376,7.6797,7.5546,1.8574,2.1075,5.4971,5.6441,3.252,3.0081
491513,5.938,5.3439,7.6859,7.5827,1.8511,2.1263,5.5127,5.6284,3.2551,3.0081
491775,5.9661,5.3408,7.6922,7.5327,1.8511,2.1325,5.5346,5.6316,3.2801,3.0175
492037,5.9349,5.3376,7.7078,7.539,1.8699,2.1169,5.5159,5.6065,3.2645,3.0456
492299,5.963,5.3564,7.6922,7.539,1.8386,2.12,5.5221,5.6097,3.277,3.0456
492561,5.963,5.3783,7.7203,7.5702,1.8417,2.0888,5.4908,5.5878,3.2739,3.0519
492823,5.9474,5.3626,7.7453,7.5327,1.8167,2.0825,5.494,5.6222,3.2989,3.0362
493085,5.9474,5.4127,7.7422,7.5671,1.8105,2.1138,5.4877,5.5659,3.2895,3.0487
493347,5.9317,5.4283,7.7422,7.5796,1.8042,2.1138,5.469,5.5753,3.327,3.0675
493609,5.913,5.4221,7.761,7.6046,1.8042,2.1013,5.4721,5.5471,3.3239,3.0612
493871,5.9849,5.4908,7.7766,7.614,1.7761,2.0638,5.4658,5.5878,3.3395,3.0487
494133,5.9661,5.4877,7.7891,7.6046,1.8042,2.0356,5.4533,5.5784,3.3333,3.0956
494395,5.9724,5.5159,7.7641,7.6234,1.7886,2.0137,5.4502,5.6034,3.352,3.0831
494657,5.9098,5.519,7.7891,7.6547,1.7886,1.9856,5.4658,5.5659,3.3583,3.0863
494919,5.9192,5.5284,7.7922,7.664,1.7823,1.995,5.4471,5.594,3.3552,3.105
495181,5.9474,5.5596,7.7954,7.6547,1.7354,1.9512,5.4439,5.5909,3.3552,3.0956
495443,5.9067,5.5565,7.7891,7.6453,1.7479,2.0075,5.4377,5.5847,3.3583,3.1269
495705,5.9536,5.5753,7.811,7.6484,1.7386,1.9481,5.4439,5.5565,3.3771,3.1238
495967,5.9255,5.5628,7.8391,7.664,1.7417,2.0043,5.4439,5.5721,3.3802,3.1081
496229,5.9693,5.5815,7.8141,7.6578,1.7292,1.9543,5.4564,5.5878,3.4052,3.1238
496491,5.988,5.5847,7.8329,7.6734,1.7198,1.9825,5.4533,5.5628,3.4021,3.1582
496753,5.9536,5.6003,7.8548,7.7016,1.7292,1.9668,5.469,5.569,3.4146,3.1238
497015,5.9974,5.6034,7.8735,7.6797,1.7104,1.9168,5.4658,5.569,3.4396,3.1488
497277,5.9786,5.6409,7.8579,7.6984,1.6979,1.9324,5.4815,5.569,3.4584,3.1613
497539,6.0193,5.6566,7.8767,7.6984,1.7323,1.9293,5.469,5.5409,3.4677,3.155
497801,6.0193,5.6378,7.8642,7.7203,1.7229,1.8887,5.4627,5.5471,3.4615,3.1613
498063,6.013,5.6441,7.9017,7.7391,1.6885,1.9043,5.4533,5.5753,3.4646,3.1707
498325,5.9755,5.6753,7.8986,7.7391,1.6885,1.9418,5.4471,5.544,3.4802,3.1988
498587,5.9974,5.6753,7.8892,7.7266,1.7042,1.8605,5.4346,5.5565,3.4802,3.1801
498849,6.0162,5.6628,7.8986,7.7203,1.6948,1.8824,5.4189,5.5377,3.4834,3.2082
499111,6.0099,5.6628,7.9267,7.6984,1.701,1.8324,5.4127,5.5596,3.4896,3.1926
499373,6.0412,5.6972,7.9017,7.6766,1.6854,1.8386,5.4158,5.5503,3.5021,3.2082
499635,6.0881,5.6878,7.9173,7.6984,1.6698,1.8543,5.4189,5.5159,3.4959,3.2082
499897,6.0881,5.6722,7.9079,7.6953,1.6729,1.8417,5.4377,5.5159,3.5021,3.2176
500159,6.1037,5.6597,7.9267,7.6984,1.6604,1.8636,5.4314,5.4815,3.474,3.202
500421,6.1194,5.6628,7.9423,7.6984,1.6666,1.8167,5.4283,5.4971,3.4771,3.2113
500683,6.1475,5.6503,7.9423,7.6828,1.6666,1.873,5.4408,5.5252,3.4834,3.2145
500945,6.1037,5.6378,7.933,7.6891,1.6854,1.8386,5.4314,5.5221,3.4865,3.2145
501207,6.135,5.6347,7.9517,7.7047,1.6635,1.8355,5.4252,5.5252,3.4802,3.2145
501469,6.1068,5.6534,7.9799,7.6922,1.6541,1.8167,5.4033,5.519,3.5084,3.2113
501731,6.1225,5.6691,7.9892,7.6859,1.6666,1.823,5.4377,5.5315,3.5021,3.2145
501993,6.1663,5.7254,7.958,7.7297,1.6698,1.8199,5.4189,5.519,3.4928,3.2457
502255,6.1194,5.691,7.9517,7.8016,1.7073,1.7761,5.4283,5.5002,3.5365,3.2582
502517,6.0662,5.7129,7.9455,7.836,1.8355,1.6948,5.3783,5.5315,3.5021,3.2489
502779,6.013,5.5065,7.958,7.811,1.2257,1.6604,5.3783,5.5159,3.4896,3.277
503041,6.0912,5.5721,7.9705,7.786,1.3696,1.6291,5.322,5.5909,3.4646,3.2958
503303,6.0662,5.619,7.9361,7.7829,1.4822,1.6166,5.3095,5.594,3.4552,3.3239
503565,6.0599,5.6253,7.9142,7.7922,1.504,1.6229,5.2938,5.5878,3.4365,3.3208
503827,6.0662,5.6316,7.9048,7.811,1.4947,1.6135,5.297,5.5972,3.424,3.2551
504089,6.0474,5.666,7.9392,7.8079,1.4978,1.6072,5.2782,5.6034,-0.1438,3.3333
504351,6.0381,5.6441,7.9267,7.811,1.4759,1.6291,5.3032,5.6065,3.4083,3.3552
504613,6.0631,5.6597,7.9267,7.8204,1.4947,1.6197,5.2938,5.6222,3.4427,3.3583
504875,6.0443,5.6566,7.9142,7.8079,1.4759,1.6291,5.3189,5.5972,3.4333,3.3208
505137,6.0599,5.6316,7.9236,7.811,1.4822,1.626,5.3001,5.6097,3.4271,3.3333
505399,6.0506,5.6472,7.9236,7.8141,1.4759,1.6197,5.3157,5.6284,3.4271,3.3114
505661,2.4671,5.6597,7.9267,7.8266,1.4853,1.5916,5.2845,5.6034,3.4208,3.327
505923,6.0943,5.6503,7.9173,7.8173,1.479,1.6104,5.3095,5.6222,3.4333,3.3083
506185,6.0943,5.6566,7.9173,7.8266,1.4665,1.6104,5.3032,5.6128,-0.1563,3.3395
506447,6.0599,5.6566,7.9298,7.8048,1.4728,1.6041,5.297,5.619,3.4271,3.3114
506709,6.0568,5.6566,7.9173,7.7797,1.4947,1.6291,5.2845,5.6097,-0.147,3.327
506971,6.0756,5.666,7.9173,7.8016,1.4884,1.6041,5.3032,5.6159,3.4115,3.2895
507233,6.0568,5.6472,7.9173,7.8016,1.4853,1.6291,5.297,5.6097,3.4208,3.2926
507495,6.0474,5.6534,7.9236,7.8298,1.4728,1.6041,5.3095,5.6065,3.424,3.3239
507757,6.0412,5.6503,7.9142,7.8173,1.4978,1.6354,5.2876,5.619,3.4146,3.2895
508019,6.0662,5.6691,7.9173,7.8173,1.5009,1.6197,5.3001,5.6034,3.4333,3.3239
508281,6.1131,5.6409,7.9111,7.8141,1.5009,1.6291,5.3001,5.6316,3.4052,3.3083
508543,6.0756,5.666,7.9267,7.786,1.4759,1.6322,5.2813,5.5909,3.4177,3.302
508805,6.0912,5.6347,7.9267,7.8048,1.4947,1.6385,5.3095,5.569,3.4396,3.3176
509067,6.0506,5.6253,7.9048,7.8079,1.4853,1.6135,5.3001,5.5753,3.4396,3.3333
509329,6.0787,5.6347,7.933,7.8298,1.4853,1.5916,5.3095,5.5659,3.4521,3.3395
509591,6.1225,5.6222,7.9455,7.8141,1.4853,1.6166,5.297,5.5628,3.4584,3.3302
509853,6.0912,5.6159,7.9392,7.8016,1.4853,1.6072,5.3251,5.5596,3.4709,3.3083
510115,6.0975,5.5972,7.9548,7.7954,1.479,1.6041,5.3251,5.5534,3.4615,3.3083
510377,6.1068,5.6065,7.9361,7.8048,1.4884,1.626,5.3408,5.5596,3.499,3.3051
510639,6.085,5.619,7.9423,7.8079,1.504,1.6229,5.3345,5.5503,3.4615,3.327
510901,6.0912,5.6316,7.9392,7.811,1.4947,1.601,5.3189,5.5628,3.4709,3.3458
511163,6.0756,5.5784,7.9423,7.8235,1.4884,1.6041,5.347,5.569,3.4584,3.3176
511425,6.0818,5.6065,7.9486,7.8266,1.4822,1.6104,5.3314,5.5628,3.449,3.3489
511687,6.0787,5.6034,7.9486,7.8266,1.4884,1.6197,5.3439,5.5753,3.4646,3.3333
511949,6.0724,5.6065,7.9423,7.7829,1.4884,1.5978,5.3314,5.5471,3.4646,3.3489
512211,6.0787,5.5972,7.933,7.8298,1.4978,1.601,5.3345,5.5815,3.499,3.3427
512473,6.0787,5.6097,7.9361,7.8391,1.4884,1.601,5.3314,5.5847,3.474,3.3302
512735,6.0881,5.6472,7.9455,7.8423,1.4696,1.6229,5.3501,5.5659,3.4709,3.3051
512997,6.0943,5.6128,7.933,7.8485,1.504,1.5947,5.3345,5.5878,3.4677,3.2895
513259,6.085,5.6316,7.9423,7.8423,1.479,1.5916,5.3189,5.5534,3.449,3.327
513521,6.0724,5.6222,7.9517,7.8517,1.4853,1.601,5.3064,5.569,3.4552,3.3395
513783,6.1037,5.6691,7.9486,7.8579,1.5103,1.5885,5.2907,5.594,3.4427,3.3802
514045,6.11,5.7222,7.9611,7.8642,1.5009,1.6041,5.3064,5.5503,3.4396,3.327
514307,6.1475,5.7254,7.9548,7.8923,1.4728,1.5885,5.3032,5.5909,3.4584,3.3989
514569,6.1569,5.741,7.9236,7.8923,1.5072,1.6416,5.2938,5.6441,3.449,3.3739
514831,6.1663,5.6878,7.9142,7.8642,1.5228,1.6197,5.3126,5.7003,3.4677,3.3771
515093,6.1881,5.7347,7.8986,7.8454,1.5072,1.6072,5.2907,5.7003,3.4302,3.3708
515355,6.1881,5.7691,7.933,7.8704,1.5134,1.6166,5.3064,5.7191,3.4646,3.3364
515617,6.2225,5.7629,7.9173,7.8517,1.5134,1.5853,5.3032,5.7316,3.4365,3.3583
515879,6.1631,5.7566,7.933,7.8517,1.5072,1.5947,5.3001,5.7316,3.449,3.3771
516141,6.1881,5.7691,7.9236,7.8204,1.5291,1.5978,5.2688,5.7347,3.4458,3.3833
516403,6.2288,5.7754,7.9236,7.8016,1.5072,1.6072,5.2938,5.7097,3.4584,3.3739
516665,6.2694,5.7629,7.9361,7.7704,1.5165,1.5853,5.2344,5.7035,3.4771,3.4021
516927,6.1881,5.7754,7.9267,7.8391,1.504,1.5822,5.2751,5.666,3.4896,3.3896
517189,6.21,5.7848,7.9267,7.8579,1.5165,1.6229,5.2532,5.6628,3.4552,3.3771
517451,6.235,5.791,7.9111,7.8704,1.4884,1.601,5.2563,5.6316,3.4458,3.3802
517713,6.2444,5.8129,7.9298,7.9079,1.4822,1.5666,5.2344,5.6003,3.474,3.3989
517975,6.2569,5.8348,7.9642,7.8861,1.4947,1.601,5.2532,5.5784,3.4709,3.4115
518237,6.2632,5.8317,7.9486,7.9455,1.5103,1.5947,5.1969,5.5721,3.4458,3.4083
518499,6.2663,5.8348,7.933,7.9298,1.5416,1.5853,5.2094,5.569,3.4521,3.4115
518761,6.3226,5.8411,7.9361,7.9455,1.4884,1.5541,5.1875,5.5596,3.4865,3.3739
519023,6.3289,5.8473,7.9423,7.9048,1.4947,1.5603,5.1907,5.569,3.4521,3.4146
519285,6.3507,5.8817,7.9298,7.9079,1.5134,1.5822,5.1688,5.5471,3.4427,3.4021
519547,6.3289,5.8629,7.9548,7.8954,1.4853,1.601,5.1406,5.5753,3.4458,3.4458
519809,6.357,5.8911,7.9423,7.9173,1.4822,1.5384,5.1438,5.5565,3.4615,3.4115
520071,6.3758,5.9005,7.9517,7.9017,1.4759,1.5541,5.1344,5.6003,3.4458,3.4302
520333,6.3664,5.9161,7.9548,7.9142,1.504,1.5384,5.1563,5.6034,3.4427,3.4021
520595,6.3539,5.9098,7.9455,7.8954,1.4665,1.5416,5.1187,5.5815,3.4521,3.4021
520857,6.3414,5.9161,7.9298,7.9267,1.454,1.5134,5.1156,5.6003,3.4677,3.4458
521119,6.3633,5.9036,7.9236,7.9298,1.5165,1.5322,5.125,5.6003,3.4615,3.4115
521381,6.4227,5.9442,7.9361,7.9048,1.5072,1.4571,5.1031,5.619,3.474,3.3958
521643,6.4102,5.9599,7.9423,7.9079,1.5103,1.3883,5.0906,5.6097,3.4959,3.424
521905,6.4039,5.9474,7.9611,7.8923,1.4728,1.404,5.0593,5.6034,3.4802,3.4021
522167,6.4133,5.9536,7.9611,7.8798,1.479,1.4134,5.05,5.594,3.4865,3.4208
522429,6.4258,5.9599,7.9517,7.8892,1.4696,1.379,5.0656,5.5815,3.4865,3.424
522691,6.3976,5.9724,7.9392,7.9017,1.5009,1.3821,5.0374,5.569,3.5053,3.4177
522953,6.4008,5.9693,7.9548,7.9392,1.5509,1.3258,5.0187,5.5409,3.499,3.4271
523215,6.4195,6.013,7.9517,7.9517,1.4634,1.3477,5.0249,5.5096,3.5053,3.424
523477,6.407,5.9943,7.9517,7.9173,1.4571,1.3539,4.9968,5.4783,3.4834,3.3896
523739,6.4164,6.0381,7.9674,7.9361,1.4571,1.3665,5.003,5.4502,3.4959,3.4083
524001,6.4195,6.0162,7.9799,7.9298,1.4728,1.3508,4.9999,5.3783,3.4896,3.4146
524263,6.3883,6.0412,7.9611,7.9517,1.5259,1.3633,5.0249,5.3689,3.5021,3.3927
524525,6.4633,6.0474,7.9892,7.9204,1.4352,1.3383,4.9968,5.2876,3.5303,3.3896
524787,6.4039,5.9755,8.033,7.8861,1.4947,1.2945,4.9999,5.2626,3.5428,3.3458
525049,6.4195,6.0224,8.008,7.9079,1.5009,1.2977,4.9905,5.2751,3.5459,3.3677
525311,6.4258,6.0193,8.0361,7.8798,1.5009,1.3008,4.9937,5.272,3.5428,3.3677
525573,6.3914,5.9974,8.0236,7.9048,1.4665,1.3352,5.0062,5.2563,3.5397,3.3771
525835,6.4008,6.0037,8.0268,7.9079,1.4947,1.307,4.9968,5.2782,3.5303,3.3833
526097,6.432,6.0005,8.0174,7.8892,1.4915,1.3196,4.9718,5.272,3.5334,3.3896
526359,6.3945,6.0224,8.0393,7.8954,1.4978,1.307,5.0156,5.2751,3.5397,3.3614
526621,6.3883,6.0037,8.0393,7.9017,1.4603,1.3196,5.0187,5.2751,3.5365,3.3489
526883,6.4446,6.0255,8.0205,7.8986,1.4978,1.307,4.9905,5.2782,3.5459,3.3833
527145,6.3883,6.0005,8.0361,7.9079,1.4634,1.2945,4.9874,5.2626,3.5397,3.3771
527407,6.4289,6.0005,8.0111,7.9204,1.4884,1.3227,5.0062,5.2657,3.5428,3.3645
527669,6.4164,6.0162,8.033,7.9048,1.4915,1.3008,4.9968,5.2688,3.524,3.3833
527931,6.432,6.0005,8.033,7.8767,1.4696,1.5947,5.0531,5.2845,3.5397,3.3771
528193,6.4039,6.0224,8.0236,7.8861,1.5072,1.7636,5.0437,5.2688,3.5522,3.3864
528455,6.4164,5.9974,8.033,7.9236,1.4696,1.823,4.9968,5.2751,3.549,3.3739
528717,6.4539,5.9974,8.0174,7.8892,1.4446,1.6979,5.0062,5.2595,3.5397,3.3771
528979,6.382,6.0099,8.0205,7.9204,1.4884,1.2789,5.0249,5.2688,3.5459,3.3896
529241,6.3758,6.0068,8.0049,7.8923,1.4759,1.2633,4.9812,5.2626,3.549,3.3802
529503,6.4164,6.0068,8.0205,7.9079,1.504,1.2883,4.9749,5.272,3.5428,3.3708
529765,6.4133,5.9974,8.0361,7.8892,1.4853,1.257,4.9749,5.2751,3.5522,3.3739
530027,6.3758,6.0255,8.0268,7.8986,1.5009,1.3321,4.9905,5.2501,3.5365,3.3771
530289,6.3883,6.0349,8.0111,7.9267,1.4853,1.6197,4.9937,5.2751,3.5365,3.3552
530551,6.4383,6.0005,8.0049,7.8391,1.4884,1.4759,5.0124,5.2813,3.5553,3.4646
530813,6.4258,6.4383,8.008,7.9455,1.4665,1.4259,4.9718,5.397,3.5021,3.5397
531075,6.5133,6.382,7.9517,7.9267,1.4728,1.5009,4.9655,5.2563,3.4834,3.4771
531337,6.4446,6.5133,7.9361,7.9611,1.5228,1.5228,4.9655,5.2188,3.4396,3.5303
531599,6.3195,6.6478,7.9142,8.008,1.5322,1.4603,4.9249,5.2188,3.4302,3.5615
531861,6.4039,6.3664,7.8829,7.9986,1.5978,1.4165,4.8842,5.2032,3.4427,3.5584
532123,6.4414,6.8135,7.8517,8.0518,1.5916,1.4446,4.8655,5.2188,3.3958,3.5271
532385,6.4227,6.382,7.8329,8.0393,1.6354,1.3852,4.8623,5.0843,3.3927,3.5459
532647,6.3789,6.2913,7.786,8.0643,1.6291,1.3414,4.8717,5.2282,3.3677,3.5459
532909,6.407,6.1475,7.7735,8.0674,1.6354,1.3883,4.8655,5.2063,3.3677,3.5428
533171,6.3914,6.2194,7.7735,8.0174,1.6322,1.3508,4.8717,5.2094,3.3083,3.549
533433,6.4039,6.2413,7.7579,8.0674,1.6541,1.3821,4.8967,5.1875,3.3552,3.5647
533695,6.3726,6.2569,7.7797,8.0862,1.6823,1.3727,4.8498,5.1782,3.2958,3.5553
533957,6.3758,6.2976,7.8079,8.0705,1.676,1.3883,4.8404,5.1594,3.3458,3.5928
534219,6.4414,6.3007,7.8016,8.0956,1.6885,1.3883,4.8092,5.1656,3.2989,3.549
534481,6.4446,6.2976,7.7954,8.0549,1.7198,1.3977,4.8154,5.1563,3.3051,3.5397
534743,6.4008,6.3226,7.8079,8.008,1.7354,1.4009,4.8061,5.1469,3.3239,3.5303
535005,6.4164,6.2945,7.786,8.0643,1.7167,1.3915,4.7967,5.1469,3.3302,3.5365
535267,6.3883,6.3226,7.7954,8.0455,1.7073,1.4134,4.8061,5.15,3.2676,3.5178
535529,6.3726,6.3163,7.7641,8.0174,1.7229,1.404,4.7904,5.1531,3.3083,3.5115
535791,6.3601,6.3289,7.7579,8.0487,1.7323,1.429,4.7435,5.1469,3.2989,3.5397
536053,6.3507,6.3226,7.7235,8.0017,1.7636,1.4352,4.7373,5.1156,3.3145,3.5334
536315,6.3601,6.3132,7.7297,8.0393,1.7573,1.4352,4.7373,5.0843,3.2676,3.5334
536577,6.3601,6.3414,7.7297,8.0455,1.7855,1.4384,4.731,5.075,3.2676,3.524
536839,6.3695,6.3226,7.7328,8.0049,1.7855,1.4665,4.7498,5.0562,3.2676,3.5021
537101,6.407,6.2663,7.7172,7.9955,1.8011,1.4415,4.7122,5.0843,3.277,3.4865
537363,6.3758,6.2882,7.7172,7.9799,1.7917,1.4665,4.7498,5.0718,3.2238,3.4709
537625,6.4102,6.2788,7.6672,7.9455,1.8136,1.454,4.6997,5.0843,3.2238,3.4458
537887,6.432,6.2694,7.6734,7.9486,1.8042,1.4884,4.6778,5.05,3.2301,3.4521
538149,6.3883,6.2726,7.6766,7.9236,1.823,1.4759,4.6622,5.0468,3.2082,3.4521
538411,6.4258,6.2851,7.6797,7.9455,1.8261,1.4853,4.6904,5.0312,3.2176,3.4146
538673,6.4258,6.3101,7.6891,7.8954,1.823,1.4947,4.6747,5.0249,3.227,3.4208
538935,6.3945,6.3038,7.6891,7.8986,1.8386,1.504,4.6841,5.0062,3.2238,3.4115
539197,6.382,6.3038,7.7078,7.9079,1.8543,1.5072,4.6778,5.003,3.2051,3.4083
539459,6.4133,6.2913,7.7016,7.8642,1.8668,1.504,4.6685,5.0156,3.2426,3.3896
539721,6.4227,6.2632,7.664,7.8579,1.848,1.5134,4.656,5.0156,3.227,3.3896
539983,6.3851,6.2632,7.6578,7.8329,1.8511,1.5447,4.6309,5.0218,3.2301,3.3927
540245,6.4446,6.2632,7.6766,7.8141,1.8793,1.5291,4.6059,5.0062,3.2489,3.3739
540507,6.3914,6.2726,7.6609,7.8329,1.8918,1.5478,4.6091,5.0124,3.2489,3.3739
540769,6.432,6.2538,7.6515,7.8423,1.9012,1.5603,4.5965,5.0218,3.2426,3.3677
541031,6.4508,6.2694,7.6515,7.8266,1.9074,1.5885,4.6309,5.0406,3.2395,3.3645
541293,6.4758,6.2444,7.614,7.8204,1.9137,1.5572,4.6153,5.0531,3.1957,3.3802
541555,6.4664,6.2632,7.6171,7.7922,1.9074,1.5603,4.5872,5.1281,3.202,3.3708
541817,6.4446,6.2319,7.6453,7.7985,1.9356,1.5728,4.5778,5.1469,3.2426,3.3427
542079,6.4727,6.2726,7.6234,7.7797,1.9356,1.5822,4.5653,5.1813,3.2176,3.327
542341,6.4008,6.2976,7.6515,7.7672,1.9356,1.5885,4.5465,5.1625,3.202,3.3239
542603,6.4477,6.3226,7.6484,7.7579,1.9512,1.5791,4.5653,5.0937,3.1801,3.3239
542865,6.4789,6.332,7.639,7.7328,1.9731,1.5947,4.534,5.1531,3.1894,3.3176
543127,6.407,6.3226,7.6265,7.761,1.9512,1.601,4.5465,5.1062,3.1957,3.327
543389,6.3945,6.3351,7.5953,7.7547,1.9731,1.6041,4.5528,5.0875,3.1894,3.3145
543651,6.4414,6.3445,7.5702,7.7485,1.9668,1.6135,4.509,5.1344,3.1894,3.3083
543913,6.4508,6.3445,7.5546,7.7391,1.9793,1.626,4.5121,5.0906,3.1519,3.3114
544175,6.4414,6.3038,7.5671,7.7516,2.0043,1.6291,4.4934,5.0281,3.1582,3.3145
544437,6.4633,6.332,7.5327,7.7735,1.995,1.651,4.4683,5.1969,3.155,3.2926
544699,6.4758,6.3257,7.5483,7.7453,2.0231,1.6448,4.4746,5.1907,3.1144,3.2801
544961,6.4508,6.3195,7.539,7.7141,2.0106,1.6729,4.4465,5.05,3.1332,3.2739
545223,6.4727,6.3101,7.5233,7.7141,2.0137,1.6573,4.434,4.9217,3.1363,3.2489
545485,6.5102,6.3195,7.5202,7.7266,2.0106,1.6979,4.4433,4.9155,3.1269,3.2426
545747,6.504,6.3382,7.5108,7.6984,2.0387,1.6979,4.4683,4.8217,3.1332,3.2551
546009,6.4977,6.3163,7.5046,7.6922,2.0387,1.7198,4.4402,4.8092,3.1144,3.2582
546271,6.5071,6.3289,7.4952,7.6891,2.0512,1.7073,4.4214,4.7654,3.0956,3.2301
546533,6.5509,6.3101,7.5077,7.6734,2.0731,1.701,4.3839,4.7529,3.0831,3.2551
546795,6.4946,6.3257,7.4827,7.6797,2.0794,1.701,4.4152,4.7466,3.0925,3.2489
547057,6.4821,6.3476,7.4952,7.6734,2.0919,1.7042,4.4371,4.7529,3.105,3.2395
547319,6.5008,6.3351,7.4858,7.6547,2.1044,1.7261,4.4402,4.756,3.105,3.2363
547581,6.5071,6.3351,7.4733,7.6484,2.095,1.7354,4.4496,4.7404,3.1081,3.202
547843,6.4946,6.332,7.4764,7.664,2.095,1.7417,4.4152,4.7435,3.0894,3.2176
548105,6.4915,6.3351,7.4702,7.6703,2.12,1.7261,4.3996,4.7466,3.08,3.1957
548367,6.4789,6.3476,7.4702,7.6703,2.12,1.7792,4.3589,4.8217,3.0737,3.1988
548629,6.5258,6.3601,7.4608,7.6422,2.1451,1.7917,4.3839,5.4252,3.0612,3.1644
548891,6.4977,6.3351,7.467,7.6453,2.1482,1.7823,4.362,5.2219,3.0706,3.1582
549153,6.5008,6.3382,7.4639,7.6359,2.1544,1.8105,4.3777,5.272,3.0769,3.1926
549415,6.4727,6.3414,7.4639,7.6265,2.1795,1.8136,4.3276,5.4971,3.0831,3.1863
549677,6.4915,6.3664,7.442,7.6046,2.1826,1.8261,4.3057,5.4533,3.0737,3.2051
549939,6.5165,6.3539,7.4389,7.5953,2.1826,1.7855,4.3245,5.4127,3.0644,3.1894
550201,6.5258,6.3633,7.4389,7.6078,2.1638,1.8292,4.2839,5.322,3.0581,3.1957
550463,6.5571,6.3539,7.4233,7.589,2.1951,1.7948,4.2557,5.2282,3.0612,3.202
550725,6.5602,6.382,7.442,7.6171,2.2076,1.8261,4.2495,5.2438,3.0487,3.1894
550987,6.5133,6.3695,7.4014,7.5577,2.2138,1.848,4.2557,5.2501,3.0394,3.1519
551249,6.5102,6.3601,7.4076,7.5609,2.2389,1.848,4.2307,5.2469,3.0581,3.155
551511,6.5602,6.3507,7.4233,7.5483,2.217,1.8324,4.2307,5.2751,3.055,3.1488
551773,6.5133,6.3476,7.3951,7.5609,2.2295,1.8355,4.237,5.2907,3.0644,3.1425
552035,6.5415,6.357,7.4139,7.5421,2.2451,1.8636,4.2213,5.1844,3.0706,3.1582
552297,6.5133,6.3539,7.417,7.5421,2.2639,1.8793,4.2244,5.3626,3.0706,3.1425
552559,6.5602,6.3758,7.4045,7.5358,2.267,1.8699,4.2088,5.3032,3.0644,3.1582
552821,6.5227,6.3695,7.3889,7.5233,2.2889,1.8668,4.1963,5.2438,3.0644,3.1676
553083,6.5196,6.3914,7.4014,7.5202,2.267,1.8824,4.2213,5.1782,3.0644,3.1738
553345,6.5384,6.3883,7.3607,7.5202,2.2889,1.9012,4.1963,5.15,3.0706,3.1488
553607,6.5415,6.3914,7.3639,7.5265,2.2858,1.923,4.1744,5.5065,3.0644,3.1613
553869,6.5258,6.3914,3.7335,7.5046,2.3108,1.9137,4.1619,5.5503,3.0612,3.1425
554131,6.5384,6.407,7.3607,7.4858,2.317,1.9105,4.1494,5.0218,3.055,3.1394
554393,6.5571,6.4227,7.317,7.4983,2.3452,1.9168,4.1744,4.7998,3.0581,3.1488
554655,6.5352,6.4102,3.7054,7.5014,2.3327,1.9199,4.1744,4.4433,3.03,3.1519
554917,6.5853,6.407,7.3357,7.5171,2.3514,1.9699,4.1494,4.387,3.0362,3.1738
555179,6.5634,6.4227,7.3138,7.5014,2.3483,1.9481,4.1088,4.3183,3.055,3.1676
555441,6.5665,6.4102,7.3013,7.4796,2.3546,1.9574,4.0775,4.3057,3.0394,3.13
555703,6.5821,6.4039,7.3232,7.4639,2.389,1.9699,4.0712,4.2651,3.0425,3.1801
555965,6.5602,6.4195,7.3514,7.4796,2.3733,1.9574,4.0744,4.3026,3.0612,3.1926
556227,6.5978,6.4102,7.3295,7.4889,2.4046,1.9793,4.065,4.7435,3.0487,3.1957
556489,6.579,6.4414,7.3044,7.4827,2.4234,2.0043,4.04,4.9968,3.0362,3.1676
556751,6.5665,6.4571,7.3107,7.467,2.414,2.0043,4.0368,4.2463,3.0175,3.1488
557013,6.554,6.4383,7.2982,7.4514,2.4015,2.0169,4.0087,4.7498,3.0143,3.1332
557275,6.579,6.4258,7.3044,7.4108,2.4265,2.0387,4.0118,4.1525,3.055,3.13
557537,6.5821,6.4414,7.2919,7.4201,2.4202,2.0325,3.9868,4.4308,3.0331,3.0925
557799,6.6134,6.4633,7.2826,7.4327,2.439,2.0262,3.9805,4.1369,3.0018,3.1207
558061,6.6071,6.4289,7.2544,7.417,2.4515,2.0356,3.9868,4.4277,3.0112,3.13
558323,6.604,6.4664,7.245,7.4327,2.4359,2.07,3.9774,4.14,2.9924,3.0644
558585,6.6228,6.4821,7.2357,7.4389,2.4609,2.0638,3.9931,4.1713,2.9956,3.0519
558847,6.5821,6.4789,7.2294,7.4545,2.4671,2.0638,3.9837,4.1431,2.9862,3.1238
559109,6.6259,6.4789,7.2357,7.4045,2.4953,2.0982,3.9837,4.2682,2.9831,3.1394
559371,6.629,6.4727,7.2106,7.4014,2.4859,2.0856,3.9805,4.1775,2.1795,3.1238
559633,6.6353,6.4821,7.2044,7.3826,2.4765,2.0919,3.9462,4.3902,2.9581,3.1488
559895,6.6009,6.4852,7.22,7.3889,2.5047,2.1013,3.9118,4.3808,2.9581,3.105
560157,6.6259,6.4758,7.2075,7.3857,2.5328,2.1075,3.9086,4.1901,2.9612,3.0831
560419,6.629,6.4571,7.2231,7.3857,2.5297,2.1263,3.8899,4.3589,2.9455,3.0988
560681,6.6165,6.4696,7.2294,7.367,2.5484,2.1263,3.918,4.3558,2.9487,3.105
560943,6.6259,6.4852,7.2106,7.3826,2.5641,2.1419,3.9086,4.1807,2.9205,3.0737
561205,6.6322,6.4946,7.22,7.3732,2.5641,2.1419,3.8742,4.1306,2.8799,3.03
561467,6.629,6.529,7.2169,7.392,2.5891,2.1732,3.8617,4.1338,2.8955,3.0644
561729,6.6165,6.5258,7.22,7.3826,2.5703,2.1638,3.8649,4.1463,2.8736,3.1144
561991,6.6165,6.5165,7.1919,7.3732,2.5985,2.1607,3.8398,4.1338,2.8674,3.1175
562253,6.6071,6.5196,7.1856,7.3764,2.5922,2.1857,3.843,4.2088,2.8517,3.0737
562515,6.5915,6.5102,7.22,7.3983,2.6141,2.1951,3.8117,4.1744,2.8424,3.1081
562777,6.6103,6.5133,7.22,7.3357,2.6266,2.2076,3.7867,4.1369,2.8361,3.105
563039,6.6415,6.5008,7.1825,7.342,2.6016,2.2138,3.7648,4.1025,2.8298,3.0769
563301,6.6728,6.4946,7.2419,7.3232,2.611,2.2045,3.7648,4.1025,2.8142,3.08
563563,6.6947,6.5133,7.1888,7.3201,2.6141,2.2264,3.7836,4.0618,2.8267,2.9612
563825,6.6853,6.5008,7.1575,7.3357,2.6266,2.2107,3.7367,4.09,2.8361,2.9831
564087,6.7291,6.4696,7.1762,7.317,2.6454,2.2295,3.721,4.09,2.8298,2.9987
564349,6.7166,6.4696,7.1981,7.3326,2.6297,2.2295,3.7273,4.0931,2.8517,3.0394
564611,6.7166,6.4727,7.2106,7.2919,2.6516,2.2701,3.7241,4.0775,2.858,3.0581
564873,6.7385,6.5071,7.1825,7.3107,2.6516,2.2889,3.7335,4.0744,2.8298,3.13
565135,6.7416,6.5008,7.1606,7.3201,2.6735,2.2764,3.7398,4.0556,2.8392,3.0831
565397,6.7166,6.5008,7.1825,7.2888,2.6641,2.2795,3.7398,4.0618,2.8267,3.155
565659,6.7228,6.5008,7.1825,7.3107,2.6923,2.2795,3.7429,4.0806,2.8205,3.2113
565921,6.7228,6.504,7.17,7.2951,2.6798,2.2826,3.7304,4.0712,2.8267,3.155
566183,6.7041,6.5008,7.1825,7.317,2.686,2.2826,3.7148,4.0618,2.8142,3.0612
566445,6.701,6.4915,7.1637,7.3044,2.6641,2.2764,3.721,4.0587,2.8205,3.1769
566707,6.7322,6.4946,7.1731,7.2951,2.6704,2.2733,3.7648,4.0556,2.8111,3.1832
566969,6.7322,6.5008,7.1731,7.2826,2.6547,2.2733,3.7335,4.0744,2.8173,3.13
567231,6.7447,6.5008,7.1794,7.317,2.6891,2.2795,3.7116,4.0775,2.8517,3.1801
567493,6.7354,6.5102,7.1794,7.2919,2.6798,2.2858,3.7304,4.0681,2.833,3.1613
567755,6.7291,5.7473,7.1606,7.2826,2.6641,2.2701,3.7054,4.1056,2.8267,3.1019
568017,6.7228,6.504,7.1825,7.2857,2.6672,2.3045,3.7179,4.0681,2.8549,3.1332
568279,6.7354,6.4883,7.2044,7.2857,2.661,2.2576,3.7116,4.0681,2.8486,3.1238
568541,6.7322,6.5196,7.195,7.2951,2.6766,2.2889,3.7617,4.09,2.8424,3.1394
568803,6.7197,6.4977,7.1981,7.317,2.6735,2.2983,3.7148,4.1056,2.833,3.1394
569065,6.7228,6.4915,7.1919,7.317,2.6672,2.2795,3.7304,4.0775,2.8236,3.08
569327,6.7291,6.4915,7.1825,7.3138,2.6704,2.2701,3.7429,4.0587,2.8517,3.0925
569589,6.7385,6.504,7.2294,7.3138,2.6547,2.2951,3.7335,4.0806,2.8455,3.1457
569851,6.7385,6.4946,7.2013,7.3232,2.6641,2.2951,3.7148,4.0775,2.8424,3.1144
570113,6.7416,6.4915,7.2169,7.3138,2.6704,2.2983,3.7335,4.0837,2.8392,3.1363
570375,6.6978,6.4883,7.1794,7.3013,2.6579,2.2639,3.7116,3.7898,2.8455,3.1207
570637,6.7416,6.4883,7.2169,7.2888,2.6454,2.3014,3.7304,4.0775,2.8236,3.1801
570899,6.7447,6.4977,7.2013,7.2701,2.6985,2.2451,3.6835,4.1713,2.8142,3.0394
571161,6.7072,6.504,7.1637,7.2763,2.6985,2.267,3.6929,4.0712,2.8236,3.1863
571423,6.6884,6.529,7.1512,7.2826,2.7298,2.2701,3.6616,4.0837,2.8236,3.1457
571685,6.6541,6.529,7.1387,7.245,2.7454,2.3295,3.6741,4.0368,2.8017,3.1801
571947,6.6759,6.5196,7.145,7.3138,2.7642,2.3327,3.6616,4.0462,2.8111,3.1863
572209,6.7166,6.504,7.1356,7.2732,2.7517,2.317,3.646,3.9649,2.8392,3.1582
572471,6.7354,6.4977,7.0981,7.2951,2.7517,2.3045,3.6397,3.9805,2.8486,3.1613
572733,6.7291,6.504,7.1262,7.2575,2.7485,2.3421,3.6491,4.0087,2.8486,3.1832
572995,6.7729,6.5446,7.1043,7.2638,2.7861,2.3608,3.6241,4.0368,2.8111,3.1676
573257,6.7572,6.5477,7.0918,7.2544,2.7579,2.3577,3.6053,4.0212,2.8361,3.2489
573519,6.7791,6.529,7.0949,7.2325,2.7829,2.3608,3.6084,3.9962,2.8611,3.302
573781,6.7948,6.5165,7.0824,7.22,2.7861,2.3671,3.5866,3.9837,2.8267,3.2363
574043,6.7979,6.5509,7.0949,7.2013,2.8236,2.389,3.5991,3.968,2.8267,3.3114
574305,6.7823,6.5477,7.1075,7.2263,2.8298,2.3796,3.6053,3.968,2.8361,3.327
574567,6.7604,6.5509,7.1043,7.1981,2.8361,2.3952,3.6053,3.9587,2.808,3.3427
574829,6.7166,6.5446,7.0824,7.2138,2.8392,2.4265,3.5928,3.9336,2.8048,3.3583
575091,6.7447,6.5696,7.0731,7.2075,2.858,2.4234,3.5709,3.9024,2.833,3.3771
575353,6.7291,6.5665,7.0637,7.2169,2.8799,2.4077,3.5803,3.8867,2.8236,3.3802
575615,6.7197,6.5978,7.0324,7.2044,2.8549,2.4234,3.5741,3.8774,2.8298,3.4115
575877,6.7041,6.5884,7.0606,7.2075,2.8924,2.4202,3.5803,3.8867,2.808,3.4177
576139,6.7385,6.5884,7.0418,7.1669,2.9143,2.4796,3.5459,3.8586,2.833,3.4052
576401,6.7103,6.604,7.0074,7.1794,2.9174,2.4327,3.5365,3.8336,2.8267,3.3896
576663,6.7447,6.6009,7.0293,7.1481,2.8799,2.4609,3.5303,3.8148,2.8205,3.4427
576925,6.7291,6.6228,7.0074,7.1168,2.9049,2.4671,3.5334,3.7617,2.8236,3.1926
577187,6.7291,6.629,7.0199,7.12,2.9237,2.4796,3.5146,3.7836,2.8205,2.6766
577449,6.751,6.604,7.0136,7.1168,2.9205,2.4796,3.4928,3.8054,2.8205,2.808
577711,6.7854,6.6071,7.0105,7.1481,2.9487,2.4921,3.5115,3.843,2.8424,2.6516
577973,6.7916,6.6165,7.0199,7.1512,2.9205,2.489,3.499,3.818,2.8173,2.6672
578235,6.7854,6.629,7.0043,7.1356,2.9299,2.4828,3.4802,3.7898,2.8142,2.6422
578497,6.8104,6.6103,6.9855,7.1825,2.9393,2.5109,3.4896,3.7867,2.8361,2.6672
578759,6.8417,6.6071,6.998,7.1481,2.9455,2.5078,3.4646,3.7867,2.8267,2.6704
579021,6.8104,6.6134,6.9886,7.2013,2.9831,2.5234,3.4458,3.8117,2.833,2.686
579283,6.8448,6.6228,6.9886,7.12,2.9549,2.5109,3.4458,3.8211,2.8236,2.661
579545,6.8198,6.6165,6.9386,7.1825,2.9768,2.5453,3.4646,3.7961,2.8517,2.6672
579807,6.8823,6.6134,6.9542,7.1168,2.9862,2.5516,3.4427,3.7836,2.8486,2.6704
580069,6.8604,6.6071,6.9667,7.1418,2.9831,2.5703,3.4271,3.7648,2.8392,2.6735
580331,6.851,6.6353,6.9542,7.1137,2.9956,2.5703,3.4208,3.7335,2.8236,2.661
580593,6.8729,6.6197,6.9292,7.1231,2.9737,2.5672,3.4083,3.7523,2.8486,2.7079
580855,6.8729,6.6322,6.9355,7.0887,3.0081,2.586,3.3896,3.7617,2.8455,2.6735
581117,6.8667,6.6322,6.9417,7.0793,3.0331,2.611,3.4052,3.7617,2.8298,2.7173
581379,6.8292,6.6322,6.9636,7.0949,3.0143,2.6172,3.4083,3.7492,2.8424,2.686
581641,6.8761,6.6134,6.9636,7.0918,3.0143,2.6016,3.4021,3.7367,2.8298,2.7016
581903,6.8792,6.6322,6.9636,7.0856,3.0081,2.636,3.3708,3.7241,2.8236,2.7235
582165,6.8729,6.6197,6.9761,7.0793,3.0018,2.6422,3.3645,3.7335,2.8455,2.6891
582427,6.898,6.6228,6.973,7.0762,3.0018,2.6485,3.3708,3.7398,2.8517,2.6923
582689,6.8948,6.6259,6.9667,7.1012,3.0519,2.6704,3.352,3.7273,2.8361,2.6735
582951,6.8073,6.6447,6.9542,7.0637,3.0644,2.6329,3.3739,3.7304,2.8298,2.661
583213,6.8354,6.6478,6.948,7.0637,3.0737,2.6735,3.3583,3.721,2.833,2.6891
583475,6.8198,6.6541,6.9198,7.048,3.0519,2.7048,3.3583,3.721,2.8361,1.9512
583737,6.8167,6.6572,6.9198,7.0324,3.0675,2.711,3.352,3.746,2.8111,2.6672
583999,6.8198,6.6415,6.9167,7.0199,3.0894,2.6954,3.3208,3.7179,2.8361,2.6641
584261,6.8354,6.6634,6.9355,6.9855,3.08,2.7204,3.3176,3.7554,2.8142,2.7173
584523,6.9011,6.6728,6.9292,6.9824,3.0956,2.7298,3.2864,3.7617,2.833,2.7173
584785,6.898,6.6697,6.9011,6.9918,3.0706,2.7454,3.2739,3.7523,2.8392,2.7329
585047,6.8542,6.6728,6.9292,6.998,3.1081,2.7485,3.2958,3.7742,2.8298,2.7736
585309,6.8292,6.6634,6.923,6.9793,3.1113,2.7579,3.2989,3.7898,2.8173,2.8048
585571,6.8354,6.6415,6.9261,6.948,3.13,2.7704,3.2832,3.7429,2.8424,2.7736
585833,6.801,6.6791,6.9355,6.9918,3.0988,2.7829,3.2739,3.7804,2.8236,2.7892
586095,6.7916,6.6916,6.9323,6.9636,3.1425,2.7923,3.2926,3.7773,2.8205,2.8236
586357,6.826,6.7166,6.9042,6.9761,3.1613,2.8048,3.2989,3.7304,2.8486,2.833
586619,6.8823,6.6822,6.9292,7.0043,3.1832,2.8142,3.2645,3.6647,2.8111,2.7861
586881,6.9449,6.7072,6.923,6.973,3.1425,2.8173,3.2739,3.671,2.8298,2.7767
587143,6.9542,6.6884,6.9105,6.973,3.0956,2.808,3.2363,3.6772,2.8236,2.808
587405,6.9699,6.6978,6.8948,7.0168,3.0925,2.8361,3.2207,3.5991,2.8392,2.7736
587667,6.9574,6.726,6.8761,6.9886,3.0956,2.8455,3.2082,3.5303,2.8486,2.7517
587929,6.9699,6.7072,6.8698,6.9605,3.08,2.8361,3.2113,3.4771,2.8298,2.7298
588191,6.9761,6.7572,6.8229,7.0074,3.0644,2.8549,3.1613,3.5021,2.833,2.7642
588453,6.973,6.751,6.8198,6.9918,3.0706,2.8455,3.1425,3.4709,2.8142,2.7642
588715,7.0293,6.7635,6.8198,6.9918,3.1769,2.8705,3.1269,3.3645,2.8173,2.7298
588977,7.048,6.7729,6.8354,7.0136,3.2301,2.8955,3.1363,3.4083,2.8455,2.736
589239,7.0387,6.801,6.8417,6.9918,3.4771,2.9049,3.1175,3.4615,2.8424,2.7611
589501,7.0731,6.7635,6.8417,6.9636,3.4615,2.9018,3.105,3.4677,2.8517,2.7517
589763,7.0387,6.7791,6.851,6.9793,3.5584,2.8924,3.105,3.4271,2.858,2.736
590025,7.0512,6.7948,6.8479,6.923,3.4709,2.9174,3.1081,3.352,2.833,2.8017
590287,7.048,6.8104,6.8323,6.9574,3.4208,2.9299,3.1081,3.352,2.8267,2.7923
590549,7.0043,6.8104,6.826,6.973,3.4646,2.9299,3.0644,3.3458,2.8392,2.7892
590811,7.0262,6.7979,6.8104,6.9824,3.5428,2.9424,3.0831,3.352,2.8298,2.7798
591073,7.0387,6.8041,6.8354,6.9855,3.5834,2.9643,3.0988,3.2395,2.858,2.7923
591335,7.0637,6.8041,6.826,6.9699,3.5397,2.9674,3.0456,3.227,2.8517,2.808
591597,7.0918,6.8229,6.7916,6.9636,3.5053,2.9487,3.0612,3.277,2.8611,2.8549
591859,7.1075,6.8292,6.7948,6.923,3.4959,2.9674,3.0394,3.2832,2.8486,2.8517
592121,7.0949,6.8573,6.7666,6.9261,3.5146,2.9768,3.0456,3.2551,2.8517,2.8674
592383,7.12,6.8385,6.751,6.9198,3.5678,3.0018,3.0331,3.202,2.8736,2.8392
592645,7.12,6.8292,6.7572,6.9042,3.5021,3.0331,3.0237,3.1613,2.8736,2.8424
592907,7.1012,6.8323,6.7729,6.9167,3.5146,3.0081,3.0206,3.1988,2.8549,2.8111
593169,7.0949,6.8385,6.7916,6.9323,3.4771,3.0112,3.0237,3.2238,2.858,2.8361
593431,7.0731,6.8573,6.7854,6.9292,3.5897,3.0362,2.9831,3.1394,2.8705,2.858
593693,7.0355,6.8448,6.7885,6.9261,3.6178,3.055,2.9362,3.1707,2.8861,2.9111
593955,7.0512,6.8573,6.7635,6.9167,3.5772,3.0737,2.9518,3.1488,2.8549,2.8642
594217,7.0606,6.8698,6.7635,6.8729,3.5678,3.0612,2.9455,3.1769,2.8736,2.9143
594479,7.1012,6.8854,6.7479,6.8698,3.5397,3.0863,2.9237,3.1644,2.8799,2.9111
594741,7.0887,6.9011,6.7291,6.8854,3.5834,3.0863,2.9205,3.1613,2.9049,2.8768
595003,7.1325,6.9105,6.7291,6.8761,3.6241,3.0675,2.8799,3.1175,2.8799,2.8893
595265,7.1387,6.9073,6.7103,6.8573,3.5928,3.1081,2.8986,3.1269,2.5297,2.9143
595527,7.1106,6.8948,6.7291,6.8823,3.5803,3.13,2.908,3.1488,2.9049,2.9362
595789,7.1794,6.8729,6.701,6.923,3.5709,3.1269,2.9018,3.1332,2.9049,2.9018
596051,7.1981,6.8886,6.7228,6.9167,3.6178,3.1175,2.8861,3.1113,2.9143,2.9487
596313,7.1481,6.898,6.6978,6.9105,3.646,3.1363,2.8642,3.1019,2.9049,2.9143
596575,7.1387,6.9136,6.7072,6.9011,3.6397,3.1613,2.8455,3.1144,2.9143,2.9768
596837,7.22,6.923,6.7166,6.8948,3.6335,3.1676,2.8361,3.1019,2.9018,2.9924
597099,7.1606,6.9011,6.7228,6.8698,3.6178,3.1863,2.8205,3.0925,2.9487,2.9205
597361,7.17,6.9011,6.7322,6.8761,3.6397,3.1738,2.7955,3.0769,2.9268,2.9455
597623,7.1762,6.9323,6.7322,6.8479,3.6554,3.1832,2.7892,3.0706,2.9424,2.9581
597885,7.1544,6.923,6.7072,6.8479,3.6741,3.1988,2.7798,3.0644,2.9674,2.9549
598147,7.1669,6.9355,6.6916,6.8323,3.6804,3.2113,2.7767,3.055,2.9612,2.9924
598409,7.1731,6.9355,6.7072,6.8417,3.6866,3.2145,2.7798,3.0519,2.9799,2.9549
598671,7.2075,6.9449,6.6947,6.8135,3.7116,3.1988,2.7798,3.0237,2.9455,2.9299
598933,7.1606,6.9355,6.701,6.8135,3.7148,3.2676,2.7642,3.0394,2.9424,2.9424
599195,7.1825,6.9542,6.6603,6.8041,3.7523,3.2489,2.7673,3.0362,2.9518,2.9518
599457,7.1637,6.9574,6.6541,6.8073,3.7273,3.2739,2.7485,3.0237,2.9643,2.9268
599719,7.1762,6.9542,6.6603,6.7729,3.7304,3.2582,2.7204,3.0175,2.9737,2.9518
599981,7.195,6.9605,6.6666,6.7885,3.7179,3.2864,2.7079,3.0175,2.9768,2.9581
600243,7.17,6.948,6.6884,6.7854,3.7148,3.2864,2.736,3.0206,2.9737,2.933
600505,7.2513,6.9386,6.6791,6.8604,3.7867,3.3333,2.7454,3.0112,2.9706,2.9237
600767,7.2231,6.948,6.6791,6.8573,3.7867,3.3114,2.6798,3.0143,2.9862,2.9205
601029,7.1919,6.9574,6.6634,6.7979,3.7929,3.3208,2.686,2.9706,2.9768,2.9299
601291,7.2732,6.9386,6.6259,6.7823,3.7617,3.3395,2.6641,2.9455,2.9862,2.9174
601553,7.3639,6.9511,6.6322,6.7354,3.7523,3.2801,2.7079,2.9643,2.9518,2.9111
601815,7.3951,6.9636,6.6603,6.7541,3.771,3.3051,2.6954,2.9455,2.9643,2.9174
602077,7.4358,6.9761,6.6728,6.751,3.8086,3.3051,2.6672,2.9518,2.9799,2.9143
602339,7.5077,6.9918,6.6634,6.7291,3.8117,3.3239,2.6391,2.9455,2.9956,2.9143
602601,7.4201,6.9855,6.6603,6.7385,3.8305,3.3427,2.6297,2.9487,2.9737,2.9111
602863,7.5671,6.9918,6.6447,6.7604,3.8367,3.352,2.6391,2.9643,2.9893,2.8924
603125,7.5796,7.0262,6.6384,6.7197,3.8711,3.3614,2.6454,2.9268,2.9487,2.9205
603387,7.5984,7.0168,6.6165,6.7385,3.8961,3.3645,2.636,2.933,2.9706,2.8955
603649,7.17,7.0074,6.6259,6.7416,3.8774,3.3489,2.6047,2.9268,2.9706,2.8986
603911,7.2044,7.0168,6.6071,6.7166,3.8555,3.3739,2.6141,2.9111,2.9643,2.883
604173,7.0293,7.0105,6.6259,6.6822,3.8649,3.3802,2.6047,2.8893,2.9799,2.8861
604435,7.0355,7.0105,3.0175,6.7166,3.9055,3.3989,2.5828,2.8861,2.9799,2.8736
604697,7.1325,7.023,6.629,6.7041,3.918,3.3989,2.5891,2.8986,2.9674,2.8736
604959,7.2638,7.023,6.5946,6.7447,3.9086,3.424,2.586,2.9111,2.9862,2.8517
605221,7.4108,7.023,6.6165,6.7541,3.9024,3.4177,2.5797,2.9111,2.9987,2.8549
605483,7.442,7.0355,6.5946,6.6978,3.9118,3.4365,2.5828,2.8705,3.0206,2.8455
605745,7.4889,7.0418,6.5696,6.6603,3.943,3.4521,2.5797,2.8611,3.005,2.8486
606007,7.5421,7.0136,6.5446,6.6728,3.9712,3.4458,2.5734,2.8267,3.0487,2.8361
606269,7.5327,7.0324,6.579,6.6447,3.9774,3.4552,2.5641,2.8267,3.0206,2.8142
606531,7.5609,7.0293,6.5946,6.7072,3.9618,3.474,2.5578,2.8298,3.0175,2.8111
606793,7.6046,7.0387,6.6009,6.6228,3.9743,3.4584,2.5703,2.7986,3.0362,2.8267
607055,7.5827,7.0606,6.5946,6.6071,3.9774,3.4771,2.5359,2.8111,3.0143,2.8173
607317,7.6171,7.0543,6.5821,6.6071,3.9805,3.4865,2.5172,2.8111,2.9987,2.8236
607579,7.639,7.0637,6.5884,6.6103,3.9899,3.4959,2.5172,2.8017,3.005,2.8298
607841,7.6766,7.0574,6.5853,6.579,4.0056,3.4834,2.5078,2.8173,3.0081,2.8298
608103,7.7422,7.0731,6.5696,6.6228,3.9899,3.5021,2.5109,2.7861,2.9799,2.8267
608365,7.7391,7.0824,6.5665,6.5821,4.0243,3.5459,2.4953,2.7673,2.9581,2.8298
608627,7.8173,7.0731,6.5728,6.6228,4.0368,3.5459,2.4921,2.7736,2.9299,2.8424
608889,7.5265,7.0918,6.5446,6.5915,4.0212,3.5397,2.4859,2.7517,2.9518,2.8455
609151,7.8642,7.0949,6.5415,6.579,4.0525,3.5428,2.464,2.7517,2.9205,2.8361
609413,7.8173,7.0949,6.5384,6.579,4.0587,3.5772,2.4734,2.7704,2.9987,2.8361
609675,7.7704,7.1043,6.5196,6.5696,4.065,3.5772,2.4609,2.7392,2.9018,2.8611
609937,7.7735,7.0949,6.5446,6.5602,4.0869,3.6022,2.464,2.7517,3.0018,2.8517
610199,7.7391,7.0918,6.5415,6.5384,4.0712,3.5803,2.4484,2.7142,3.0143,2.858
610461,7.7047,7.1043,6.5258,6.5602,4.1181,3.6022,2.4327,2.6829,3.03,2.8424
610723,7.7203,7.1418,6.4821,6.5352,4.1119,3.646,2.4234,2.7579,2.9924,2.8642
611806,7.6484,7.1481,6.4664,6.5227,4.1025,3.6679,2.4046,2.6766,2.9956,2.8861
612068,7.664,7.1418,6.4852,6.5352,4.1275,3.6804,2.3608,2.6641,2.9643,2.8674
612330,7.6015,7.1544,6.504,6.5415,4.1306,3.7116,2.3639,2.6923,3.0018,2.883
612592,7.664,7.145,2.933,6.529,4.1431,3.6804,2.3421,2.6454,3.0143,2.883
612854,7.5296,7.1481,6.4821,6.5321,4.1369,3.721,2.3202,2.661,2.9956,2.8955
613116,7.614,7.17,6.4758,6.5477,4.1494,3.7585,2.3327,2.5891,3.0268,2.8986
613378,7.5421,7.1669,6.5165,6.5227,4.1463,3.7648,2.3389,2.636,3.0769,2.8924
613640,7.6328,7.1731,6.529,6.5008,4.1557,3.7804,2.3139,2.6454,3.0706,2.8924
613902,7.5827,7.17,6.4977,6.5227,4.1838,3.7554,2.3108,2.611,3.0956,2.8924
614164,7.6766,7.1575,6.5102,6.5227,4.165,3.7898,2.3139,2.5985,3.0956,2.8799
614426,7.4545,7.1637,6.5008,6.4915,4.2057,3.7929,2.3077,2.586,3.0894,2.8924
614688,7.736,7.1669,6.4977,6.4696,4.1682,3.7898,2.267,2.5828,3.0581,2.9018
614950,7.6797,7.1606,6.4915,6.4852,4.2026,3.7836,2.2733,2.5891,-7.342,2.8955
615212,7.736,7.1981,6.4883,6.4852,4.2057,3.818,2.2326,2.5734,3.0519,2.883
615474,7.6515,7.2138,6.4758,6.4883,4.1963,3.8305,2.2514,2.5953,3.0331,2.8799
615736,7.6171,7.2075,6.4633,6.4727,4.2495,3.8305,2.2482,2.6047,3.0425,2.8893
615998,7.639,7.2138,6.4539,6.5071,4.2651,3.8805,2.2514,2.5547,3.08,2.883
616260,7.6328,7.2138,6.4477,6.5133,4.2839,3.8586,2.2264,2.539,3.0988,2.8924
616522,7.6453,7.2419,6.4477,6.4915,4.287,3.8649,2.2232,2.5172,3.1238,2.9049
616784,7.5577,7.2294,6.4383,6.5008,4.3183,3.868,2.2232,2.514,3.1207,2.9268
617046,7.6296,7.2357,6.4383,6.5008,4.8905,3.9243,2.2013,2.4671,3.1207,2.9268
617308,7.589,7.2138,6.4289,6.4602,5.1563,3.8993,2.2138,2.4452,3.1238,2.9362
617570,7.5671,7.2138,6.4414,6.4664,4.9499,3.8993,2.1888,2.4421,3.0925,2.9299
617832,7.5452,7.2044,6.4414,6.4696,4.7435,3.9274,2.1701,2.4296,3.0988,2.9237
618094,7.5546,7.22,6.4383,6.4696,4.853,3.9149,2.1701,2.4296,3.1019,2.9111
618356,7.5296,7.2169,6.4227,6.4758,5.0312,3.9118,2.1701,2.4202,3.105,2.9237
618618,7.5421,7.2106,6.4289,6.4727,5.0249,3.9243,2.1263,2.439,3.155,2.9174
618880,7.589,7.2106,6.4352,6.4852,4.8029,3.9587,2.1325,2.4108,3.1488,2.9268
619142,7.6234,7.2169,6.4227,6.4508,4.7498,3.9587,2.1044,2.3921,3.1738,2.9174
619404,7.5859,7.2357,6.4133,6.4383,4.7685,3.943,2.1232,2.3983,3.1644,2.9018
619666,7.5515,7.2138,6.4102,6.4133,4.8623,3.968,2.1044,2.3796,3.1644,2.9111
619928,7.5358,7.2357,6.4164,6.4414,4.9561,3.9743,2.095,2.3546,3.13,2.908
620190,7.6015,7.2513,6.4102,6.4508,4.8936,4.0024,2.0731,2.3452,3.1676,2.933
620452,7.5546,7.2544,6.4039,6.4414,4.8248,4.0056,2.07,2.3577,3.1676,2.9455
620714,7.6359,7.2419,6.4352,6.4195,4.6935,4.0056,2.07,2.3577,3.1894,2.9612
620976,7.5515,7.2482,6.4258,6.4539,4.6966,4.0181,2.0638,2.3452,3.2113,2.9643
621238,7.6046,7.2513,6.4446,6.4352,4.7091,4.0149,2.07,2.3452,3.2082,2.9768
621500,7.5859,7.245,6.4383,6.4195,4.7216,4.0306,2.0575,2.3233,3.2238,2.9612
621762,7.6453,7.2482,6.4477,6.4195,4.6872,4.0556,2.0731,2.3233,3.2176,2.9706
622024,7.564,7.2638,6.4289,6.3914,4.7029,4.0744,2.0669,2.3358,3.227,2.9643
622286,7.6328,7.2575,6.4102,6.4008,4.7967,4.0837,2.0544,2.3295,3.2207,2.9581
622548,7.5827,7.2794,-0.763,6.4164,4.7623,4.0462,2.0262,2.3045,3.2238,2.9706
622810,7.5984,7.2544,-4.3495,6.4164,4.7529,4.0869,2.0012,2.2983,3.227,2.933
623072,7.6359,7.2669,6.3976,6.4102,4.7091,4.0962,2.0262,2.3077,3.2301,2.9487
623334,7.6171,7.2701,6.4164,6.3695,4.7435,4.1056,2.0137,2.2795,3.2489,2.9799
623596,7.6484,7.2732,6.4227,6.3851,4.7873,4.1338,2.0012,2.2951,3.2457,2.9956
623858,7.664,7.2888,6.4258,6.3976,4.7842,4.1369,2.0169,2.2951,3.2676,2.9924
624120,7.6797,7.2982,6.4133,6.4039,4.7873,4.1338,2.0043,2.2858,3.2739,3.0268
624382,7.6922,7.2951,6.4289,6.3945,4.7967,4.1682,1.995,2.2639,3.2958,3.0425
624644,7.7485,7.3076,6.4195,6.3664,4.7623,4.1463,1.9793,2.2639,3.3051,3.0018
624906,7.7141,7.317,6.4352,6.3851,4.7685,4.1713,1.9637,2.2326,3.3208,3.0018
625168,7.6859,7.3451,6.4258,6.3476,4.8123,4.1557,1.9668,2.217,3.3083,2.9893
625430,7.6859,7.3639,6.4164,6.3695,4.9155,4.1682,1.9825,2.2232,3.2926,2.9831
625692,7.7391,7.3701,6.4195,6.3539,4.9249,4.1901,1.9543,2.2264,3.2958,3.0018
625954,7.7453,7.3576,6.4195,6.3601,4.8905,4.1901,1.9481,2.2201,3.3176,3.005
626216,7.7391,7.3889,6.4195,6.3726,4.8436,4.1932,1.9449,2.217,3.3145,3.0675
626478,7.7328,7.4076,6.3914,6.3789,4.8686,4.2276,1.9324,2.1982,3.3051,3.0644
626740,7.6891,7.4045,6.382,6.3601,4.8623,4.2338,1.9137,2.1482,3.302,3.0863
627002,7.7016,7.4327,6.3633,6.3695,4.9124,4.2432,1.9137,2.1701,3.3427,3.0644
627264,7.761,7.4139,6.3789,6.3976,4.9499,4.237,1.9012,2.1451,3.3395,3.0706
627526,7.7172,7.4452,6.3914,6.357,4.9718,4.2557,1.9043,2.1638,3.3458,3.0737
627788,7.7297,7.4327,6.3945,6.3789,4.8717,4.2776,1.9168,2.1419,3.3427,3.0612
628050,7.7328,7.417,6.3726,6.3883,4.8404,4.2807,1.873,2.1107,3.3395,3.0956
628312,7.7141,7.4233,6.3851,6.3758,4.8905,4.2776,1.8949,2.1138,3.3645,3.1019
628574,7.7235,7.4545,6.382,6.3758,4.8874,4.2807,1.8699,-1.5009,3.3302,3.1019
628836,7.7829,7.4827,6.382,6.3445,4.9186,4.3151,1.8574,2.0919,3.3771,3.1269
629098,7.7109,7.4639,6.3851,6.3445,4.8905,4.3339,1.848,2.0638,3.3614,3.105
629360,7.7141,7.467,6.3601,6.3507,4.878,4.3401,1.8543,2.0794,3.3989,3.1144
629622,7.7891,7.4358,6.3633,6.3445,4.878,4.3276,1.8386,2.0638,3.3677,3.1019
629884,7.8048,7.4639,6.3633,6.3601,4.8655,4.3558,1.8324,2.0481,3.3645,3.1113
630146,7.7579,7.4514,6.3539,6.3476,4.8905,4.3652,1.8449,2.045,3.3739,3.0894
630408,7.7891,7.4545,6.3851,6.3257,4.928,4.3652,1.8261,2.0512,3.3989,3.1207
630670,7.786,7.442,6.3726,6.3351,4.9405,4.3558,1.8042,2.0262,3.4083,3.1238
630932,7.8579,7.4733,6.3726,6.332,4.9874,4.3996,1.8011,2.0387,3.4146,3.1332
631194,7.7672,7.4514,6.3914,6.357,5.0156,4.3902,1.8105,2.02,3.4052,3.1457
631456,7.8016,7.4702,6.3789,6.3476,4.9905,4.4308,1.7855,2.0043,3.4365,3.1519
631718,7.836,7.4983,6.3633,6.3539,4.9749,4.4089,1.7636,2.0575,3.4333,3.1582
631980,7.7704,7.5046,6.3601,6.3507,4.978,4.4058,1.7761,1.9918,3.4302,3.1613
632242,7.7985,7.5108,6.3257,6.3289,4.9812,4.4277,1.773,1.9981,3.4521,3.1738
632504,7.8391,7.5265,6.307,6.3257,4.9937,4.4246,1.7667,1.9825,3.4396,3.1613
632766,7.8423,7.5327,6.3007,6.3132,5.0218,4.4402,1.7636,1.9793,3.4615,3.1707
633028,7.8704,7.5483,6.3038,6.3038,5.1062,4.4652,1.7604,1.9387,3.4646,3.1644
633290,7.8391,7.5483,6.3195,6.3101,5.125,4.4246,1.7667,1.9481,3.449,3.1894
633552,7.836,7.5702,6.3163,6.3163,5.1531,4.434,1.7542,1.9168,3.4458,3.1801
633814,7.8548,7.5921,6.2882,6.2882,5.1094,4.5059,1.7636,1.9512,3.4896,3.1957
634076,7.8673,7.5953,6.307,6.2913,5.1062,4.5153,1.7604,1.9168,3.4865,3.202
634338,7.8986,7.6015,6.307,6.3007,5.0875,4.5059,1.7323,1.8918,3.4865,3.2176
634600,7.9017,7.6078,6.3132,6.282,5.0656,4.4871,1.7479,1.8699,3.4834,3.2207
634862,7.8892,7.614,6.3038,6.3101,5.0906,4.4902,1.7292,1.8574,3.5084,3.2082
635124,7.8954,7.6515,6.3038,6.3038,5.0718,4.5027,1.7198,1.898,3.5271,3.2207
635386,7.8861,7.6422,6.2663,6.2757,5.15,4.5434,1.7323,1.8918,3.5115,3.2145
635648,7.9142,7.6766,6.2851,6.282,5.1688,4.5809,1.7229,1.8699,3.549,3.2145
635910,7.8986,7.6578,6.2976,6.2788,5.1907,4.5715,1.7198,-1.7198,3.549,3.2489
636172,7.933,7.6515,6.3101,6.2945,5.1969,4.5997,1.7229,1.8199,3.5553,3.2332
636434,7.8829,7.6797,6.307,6.2726,5.2063,4.6028,1.7135,1.8324,3.5615,3.2301
636696,7.9236,7.6578,6.3289,6.2163,5.1656,4.584,1.7229,1.8167,3.5897,3.2645
636958,7.9392,7.6797,6.3382,6.2913,5.1688,4.5934,1.7073,1.8449,3.5741,3.2614
637220,7.9517,7.7016,6.3007,6.235,5.1531,4.6247,1.6823,1.8417,3.6022,3.2645
637482,7.9548,7.7579,6.2945,6.2132,5.1563,4.6184,1.6791,1.8324,3.6053,3.2645
637744,7.9455,7.7579,6.2882,6.2538,5.2094,4.6341,1.6791,-1.7479,3.621,3.2614
638006,7.9267,7.7016,6.2757,6.2225,5.2,4.6216,1.6604,1.823,3.6366,3.2645
638268,7.9517,7.7172,6.2882,6.2163,5.1656,4.6403,1.6823,1.798,3.6241,3.2645
638530,7.9392,7.7016,6.2726,6.2069,5.2094,4.6247,1.6666,1.8136,3.646,3.2832
638792,7.9799,7.7954,6.2726,6.1975,5.1625,4.6403,1.651,1.7948,3.6366,3.2958
639054,7.9548,7.7641,6.2851,6.2163,5.1688,4.6497,1.651,1.7886,3.6366,3.3051
639316,7.9674,7.8485,6.2757,6.2163,5.1719,4.6653,1.6448,1.8105,3.6522,3.2926
639578,7.9705,7.8704,6.2569,6.2507,5.2,4.6778,1.6416,1.798,3.6303,3.3083
639840,8.0111,7.8423,6.2538,6.2569,5.1625,4.6966,1.6291,1.798,3.6679,3.3114
640102,7.9924,7.8735,6.2632,6.2163,5.2157,4.706,1.6322,1.7761,3.6522,3.352
640364,8.0236,7.8954,6.3007,6.1975,5.2188,4.7029,1.6229,1.773,3.6522,3.3176
640626,8.0017,7.9173,6.2538,6.2569,5.2032,4.7591,1.5916,1.7698,3.6835,3.327
640888,8.0143,7.9298,6.2632,6.2507,5.2438,4.7122,1.5853,1.7886,3.6929,3.3427
641150,8.0049,7.9423,6.2851,6.2038,5.2501,4.7216,1.5947,1.7511,3.6866,3.3364
641412,8.0017,7.9048,6.2757,6.2038,5.2501,4.7248,1.5885,1.7792,3.7116,3.3614
641674,8.0455,7.9705,6.2538,6.2444,5.3095,4.7654,1.5853,1.7073,3.7148,3.3395
641936,8.0361,7.9736,6.2663,6.2413,5.3376,4.781,1.5885,1.7542,3.7273,3.3489
642198,8.0143,7.9705,6.282,6.2132,5.2907,4.7904,1.5978,1.7417,3.7148,3.3645
642460,8.0111,7.9642,6.2476,6.1944,5.2501,4.8186,1.5978,1.7542,3.7085,3.3614
642722,8.0705,7.9799,6.2538,6.1913,5.2563,4.8217,1.5603,1.7261,3.746,3.3864
642984,8.0205,7.9674,6.2319,6.2319,5.3001,4.8123,1.5603,1.7354,3.7398,3.3864
643246,8.0424,8.0268,6.2476,6.2225,5.2876,4.8092,1.5666,1.7698,3.7492,3.4115
643508,8.0518,7.9986,6.2225,6.2225,5.3251,4.8061,1.5791,1.7479,3.7492,3.4021
643770,8.0174,8.0049,6.235,6.1913,5.3564,4.8248,1.6104,1.7386,3.7617,3.3645
644032,8.033,8.0143,6.2319,6.2382,5.3501,4.8404,1.5509,1.7104,3.7679,3.3677
644294,8.0705,8.0361,6.2538,6.2257,5.3501,4.8467,1.5572,1.7261,3.7648,3.3896
644556,8.058,8.0299,6.2726,6.2225,5.3564,4.8498,1.5666,1.7354,3.7648,3.3583
644818,8.033,8.0236,6.3007,6.2257,5.3783,4.8373,1.576,1.7073,3.7961,3.3802
645080,8.0549,8.033,6.2694,6.2225,5.3689,4.8498,1.5509,1.676,3.7898,3.3833
645342,8.0643,8.0143,6.2913,6.185,5.3751,4.853,1.5541,1.7198,3.7492,3.3864
645604,8.0893,8.0205,6.2788,6.2225,5.397,4.8686,1.5541,1.7323,3.7742,3.4146
645866,8.0643,8.0111,6.3007,6.21,5.3814,4.8404,1.5291,1.7479,3.7929,3.3896
646128,8.1018,8.0143,6.3101,6.2601,5.3814,4.8811,1.5384,1.7511,3.7836,3.3927
646390,8.058,7.9986,6.3038,6.2257,5.3814,4.8592,1.5134,1.7323,3.7898,3.4271
646652,8.1081,8.008,6.2913,6.2132,5.3783,4.8811,1.5791,1.7417,3.7773,3.4052
646914,8.0924,8.008,6.2632,6.235,5.3751,4.8498,1.5603,1.7511,3.7585,3.4271
647176,8.0987,8.0017,6.2882,6.2132,5.3783,4.8874,1.5353,1.7448,3.7554,3.424
647438,8.0549,8.0143,6.2976,6.2163,5.3845,4.8655,1.5447,1.773,3.7648,3.4458
647700,8.0518,8.0017,6.2851,6.2038,5.3845,4.878,1.5353,1.7448,3.7804,3.4396
647962,8.0737,8.0361,6.2882,6.2538,5.4189,4.928,1.5353,1.651,3.8242,3.4427
648224,8.0799,8.0612,6.2507,6.1975,5.4033,4.9217,1.5353,1.6322,3.8273,3.4302
648486,8.0768,8.0705,6.2538,6.2194,5.494,4.9436,1.5541,1.6635,3.8523,3.4521
648748,8.0768,8.0674,6.2413,6.2476,5.4346,4.9624,1.5416,1.5822,3.8617,3.4646
649010,8.1143,8.0893,6.2319,6.2257,5.4502,4.9374,1.5197,1.6416,3.843,3.4802
649272,8.13,8.0737,6.2194,6.2038,5.4564,4.9749,1.5791,1.6229,3.8711,3.474
649534,8.1018,8.0705,6.2257,6.2288,5.4471,4.953,1.5697,1.6072,3.8711,3.4365
649796,8.13,8.0768,6.235,6.2007,5.4721,4.9624,1.5353,1.5822,3.8774,3.4896
650058,8.13,8.0768,6.2507,6.2382,5.5002,4.9937,1.5259,1.5947,3.8867,3.5553
650320,8.1206,8.0893,6.2413,6.2069,5.5034,4.9968,1.504,1.5853,3.8961,3.5178
650582,8.155,8.0737,6.2382,6.21,5.5065,4.9999,1.5541,1.5447,3.918,3.4834
650844,8.1393,8.0487,6.2663,6.2069,5.5221,5.0093,1.5228,1.5259,3.9055,3.5084
651106,8.1518,8.0737,6.2569,6.1788,5.4815,4.9968,1.3852,1.5728,3.9243,3.499
651368,8.1894,8.0893,6.2851,6.1819,5.4846,5.0249,1.3289,1.5572,3.9118,3.5459
651630,8.1643,8.0643,6.2757,6.1819,5.4846,5.0187,1.3133,1.5572,3.943,3.5053
651892,8.1894,8.0987,6.2851,6.2007,5.4908,5.0406,1.2883,1.5228,3.9211,3.4584
652154,8.1581,8.0956,6.2757,6.2007,5.4658,5.0281,1.2977,1.5165,3.9336,3.5209
652416,8.1612,8.1018,6.2476,6.2007,5.4533,5.0312,1.2789,1.5478,3.9399,3.4802
652678,8.1612,8.1081,6.2945,6.235,5.4158,5.0124,1.5541,1.5509,3.9086,3.5209
652940,8.1831,8.0987,6.307,6.1819,5.4346,5.003,1.7042,1.5947,3.8993,3.5053
653202,8.1425,8.0956,6.2726,6.1694,5.469,5.0312,1.6979,1.6041,3.8742,3.5209
653464,8.1706,8.0862,6.2851,6.185,5.4815,5.0468,1.6635,1.6104,3.8398,3.5397
653726,8.1737,8.0956,6.2601,6.1788,5.5002,5.0374,1.7229,1.5978,3.8523,3.4771
653988,8.1956,8.0705,6.2663,6.1663,5.4752,5.0593,1.6166,1.5947,3.8586,3.5303
654250,8.2113,8.1018,6.2413,6.16,5.4471,5.075,1.6354,1.6197,3.8742,3.524
654512,8.1987,8.0956,6.2257,6.1694,5.4533,5.075,1.6604,0.8224,3.8492,3.4928
654774,8.1831,8.1112,6.21,6.2069,5.4377,5.1156,1.6729,1.6479,3.868,3.5271
655036,8.2238,8.1049,6.2038,6.2225,5.4314,5.0687,1.6573,1.7292,3.8492,3.5271
655298,8.2425,8.0924,6.2632,6.1444,5.4564,5.0937,1.6917,1.8449,3.8023,3.5021
655560,8.2019,8.1143,6.2538,6.0787,5.469,5.0656,1.7667,1.6573,3.843,3.4896
655822,8.1487,8.0643,6.3226,6.0912,5.4752,5.075,1.5572,1.8824,3.8367,3.499
656084,8.2269,8.083,6.382,6.1663,5.4221,5.1031,1.5635,1.4603,3.8336,3.4646
656346,8.2707,7.9361,6.4133,6.2007,5.4314,5.1594,1.3883,1.6104,3.8336,3.4834
656608,8.2613,7.9204,6.3914,6.2069,5.4408,5.2282,1.5165,1.5509,3.8586,3.4959
656870,8.3051,7.9611,6.3695,6.1569,5.5815,5.2157,1.5509,1.6104,3.8086,3.3958
657132,8.4082,7.9736,6.382,6.1663,5.5221,5.2126,1.3946,1.5822,3.8649,3.4333
657394,8.5021,7.9705,6.3945,6.1006,5.7785,5.2126,1.4196,1.5728,3.9462,3.5021
657656,8.6834,7.9861,6.4008,6.1506,5.4971,5.2094,1.4196,1.5635,3.9055,3.5459
657918,8.6209,7.9767,6.4258,6.1913,5.5096,5.2532,1.2132,1.5791,3.9931,3.4959
658180,8.5802,7.983,6.4227,6.2225,5.4658,5.2094,1.651,1.5916,3.9149,3.5053
658442,8.6052,7.958,6.3851,6.1819,5.5503,5.2188,1.4227,1.5635,3.8805,3.5428
658704,8.2363,8.0017,6.4258,6.2257,5.2376,5.2532,1.4009,1.5603,3.9149,3.5084
658966,8.4333,8.0111,6.4477,6.1569,5.5659,5.2469,1.3727,1.5291,4.0869,3.5178
659228,8.3801,7.9861,6.4164,6.2038,5.6441,5.2595,1.3946,1.5447,3.9743,3.5553
659490,8.2269,7.9674,6.4539,6.1569,5.4627,5.2313,1.3696,1.5165,3.9587,3.5803
659752,8.3895,8.0361,6.504,6.21,5.7003,5.2188,1.3571,1.4978,3.8899,3.5741
660014,8.402,8.0049,6.4852,6.1975,5.5159,5.2376,1.2914,1.5197,3.943,3.4802
660276,8.402,8.008,6.4352,6.1881,5.6941,5.2219,1.3477,1.5228,4.1494,3.474
660538,8.3051,7.9767,6.4383,6.2007,5.6034,5.2282,1.3696,1.5197,4.1775,3.524
660800,8.3238,7.9799,6.4758,6.1913,5.7598,5.2563,1.3946,1.5134,4.1588,3.4959
661062,8.3051,7.9705,6.4446,6.2319,5.5847,5.272,1.3602,1.504,4.1275,3.4771
661324,8.3989,7.9674,6.4539,6.2444,5.5909,5.2438,1.3696,1.5541,3.968,3.5053
661586,8.2675,7.9986,6.4352,6.1788,5.7191,5.2282,1.3883,1.5165,4.0744,3.4677
661848,8.4145,7.9611,6.4602,6.1913,5.569,5.2438,1.4665,1.5322,4.09,3.4396
662110,8.3395,8.0299,6.554,6.11,5.5721,5.2657,1.3196,1.5916,3.9305,3.424
662372,8.3082,8.0299,6.4696,6.3163,5.8598,5.2532,1.8417,1.4384,3.9774,3.4646
662634,8.9429,8.0487,6.4852,6.1663,5.6409,5.2501,1.5885,1.6635,4.065,3.4771
662896,8.9336,8.0393,6.5102,6.1913,5.5409,5.2688,1.3758,1.5384,4.0306,3.4802
663158,8.352,8.0299,6.4539,6.1663,5.7066,5.2563,1.2039,1.4634,4.1901,3.6272
663420,8.3613,8.0643,6.5384,6.185,5.1469,5.2251,1.2132,1.4728,3.9805,3.499
663682,8.5333,8.0799,6.751,6.2007,5.5471,5.2469,1.2289,1.4915,4.04,3.6022
663944,8.5458,8.13,6.6603,6.2726,5.4064,5.2219,1.3633,1.5165,4.0181,3.4834
664206,8.5239,8.058,6.5008,6.1788,5.4721,5.2376,1.307,1.5228,4.0525,3.5271
664468,8.5146,7.9767,6.5602,6.1631,5.4189,5.2157,1.2977,1.4696,3.9805,3.5834
664730,8.4645,8.0236,6.6165,6.16,5.4564,5.2313,1.232,1.4947,4.0212,3.6366
664992,8.3551,8.0393,6.8636,6.1475,5.3533,5.3189,1.2101,1.5134,3.9931,3.6397
665254,8.3926,8.0205,6.6103,6.1256,5.4033,5.1313,1.1914,1.5291,4.0087,3.621
665516,8.3707,8.0268,6.6165,6.1569,5.3157,5.2532,1.232,1.5072,4.0118,3.6835
665778,8.3707,7.9423,6.5915,6.1506,5.2938,5.2595,1.2633,1.4665,4.0243,3.6679
666040,8.4645,8.033,6.6853,6.1788,5.4064,5.2469,1.2883,1.4978,4.0368,3.5271
666302,8.3051,8.1049,7.245,6.2132,5.4002,5.2782,1.2476,1.4947,3.9805,3.5803
