step,algoritmo,x,y
0,ground_truth,0.0005000000000000001,0.0
1,ground_truth,0.001499999218750102,-1.2499996744791926e-06
2,ground_truth,0.0029999886718874618,-6.8749864908947134e-06
3,ground_truth,0.004999932422151134,-2.1874845866290227e-05
4,ground_truth,0.007499737112194253,-5.3124032070564705e-05
5,ground_truth,0.010499209783893597,-0.00010937073623006246
6,ground_truth,0.013998003993759714,-0.00020123518532404948
7,ground_truth,0.01799555424385367,-0.00034120660374139427
8,ground_truth,0.02249099876266896,-0.0005436382669108654
9,ground_truth,0.027483090691884732,-0.0008247399749433748
10,ground_truth,0.0329700977638766,-0.0012025671734234107
11,ground_truth,0.03894969059250919,-0.001697005848858233
12,ground_truth,0.0454188197471354,-0.002329752228354142
13,ground_truth,0.052373581837969876,-0.003124286217489764
14,ground_truth,0.05980907491112801,-0.0041058374178952915
15,ground_truth,0.06771924353461635,-0.005301342477684086
16,ground_truth,0.07609671405334761,-0.006739392444753554
17,ground_truth,0.08493262060267148,-0.008450168716396231
18,ground_truth,0.09421642259669226,-0.01046536611015597
19,ground_truth,0.10393571455038716,-0.012818101522148063
20,ground_truth,0.11407602925368729,-0.015542806592065792
21,ground_truth,0.12462063549149101,-0.018675102760960283
22,ground_truth,0.1355503316960784,-0.02225165709095832
23,ground_truth,0.14684323712735659,-0.026310017217931816
24,ground_truth,0.15847458240126053,-0.030888423831507417
25,ground_truth,0.17041650142659448,-0.03602559912463957
26,ground_truth,0.1826378270643637,-0.04176050973035998
27,ground_truth,0.19510389308952925,-0.048132102769484035
28,ground_truth,0.20777634531094347,-0.055179013773319255
29,ground_truth,0.2206129649882954,-0.0629392454231491
30,ground_truth,0.23314961948858887,-0.07117528172347416
31,ground_truth,0.24535779633852686,-0.07989080913153374
32,ground_truth,0.25720767981098736,-0.08908756191113525
33,ground_truth,0.2686682245787714,-0.09876516045755258
34,ground_truth,0.2797072464683169,-0.10892094677482683
35,ground_truth,0.2902915314303359,-0.11954981839145565
36,ground_truth,0.30038696379902896,-0.13064406218223043
37,ground_truth,0.3099586748456096,-0.14219318975277728
38,ground_truth,0.3189712125431826,-0.15418377623759216
39,ground_truth,0.3273887333464227,-0.16659930456010102
40,ground_truth,0.33517521664892325,-0.17942001740221242
41,ground_truth,0.3423112002975501,-0.19261386965871927
42,ground_truth,0.3487788480495301,-0.2061478835702057
43,ground_truth,0.3545619941537691,-0.2199882311502712
44,ground_truth,0.35964618375681084,-0.2341003187378793
45,ground_truth,0.3640187090324425,-0.2484488734634941
46,ground_truth,0.367668640944642,-0.2629980314128844
47,ground_truth,0.3705868565644768,-0.2777114272682317
48,ground_truth,0.3727660618726746,-0.29255228520248616
49,ground_truth,0.374200809990873,-0.3074835107997814
50,ground_truth,0.374887514795979,-0.3224677837721563
51,ground_truth,0.37482445988360863,-0.33746765124083833
52,ground_truth,0.37401180285820457,-0.3524456213489358
53,ground_truth,0.3724515749391067,-0.3673642569715545
54,ground_truth,0.3701476758835618,-0.3821862692891131
55,ground_truth,0.36710586423936126,-0.3968746109899725
56,ground_truth,0.3633337429514707,-0.4113925688694211
57,ground_truth,0.35884074035862706,-0.4257038555935665
58,ground_truth,0.3536380866274019,-0.4397727003987724
59,ground_truth,0.3477387856826337,-0.4535639384999386
60,ground_truth,0.3411575827043878,-0.46704309898415003
61,ground_truth,0.33392734966984144,-0.4801855390264768
62,ground_truth,0.326081240529939,-0.4929698486036397
63,ground_truth,0.3176524580081679,-0.5053777342092006
64,ground_truth,0.308674041762094,-0.5173938917361406
65,ground_truth,0.2991786775685839,-0.5290058708453452
66,ground_truth,0.2891985270263948,-0.5402039329614099
67,ground_truth,0.27876507712945126,-0.5509809048574468
68,ground_truth,0.26790900894891273,-0.5613320296108008
69,ground_truth,0.2566600845702332,-0.5712548165339766
70,ground_truth,0.24504705136091157,-0.5807488915115188
71,ground_truth,0.23309756259359846,-0.589815849005621
72,ground_truth,0.22083811341573678,-0.5984591068321252
73,ground_truth,0.20829399113906977,-0.6066837646552827
74,ground_truth,0.19548923881831712,-0.6144964670049298
75,ground_truth,0.18244663109632733,-0.621905271484081
76,ground_truth,0.16918766131138302,-0.6289195227086903
77,ground_truth,0.1557325388894856,-0.6355497324046014
78,ground_truth,0.14210019607889698,-0.6418074659795144
79,ground_truth,0.12830830312460162,-0.6477052357899816
80,ground_truth,0.11437329102541566,-0.6532564012347816
81,ground_truth,0.1003103810650653,-0.658475075726171
82,ground_truth,0.08613362035964778,-0.6633760405190796
83,ground_truth,0.07185592271654413,-0.6679746653148324
84,ground_truth,0.057489114153247776,-0.6722868354999706
85,ground_truth,0.04304398247797031,-0.6763288858316582
86,ground_truth,0.028530330386648824,-0.6801175403384824
87,ground_truth,0.013957031582545399,-0.6836698581686206
88,ground_truth,-0.0006679105254786596,-0.6870031850858228
89,ground_truth,-0.015337301942126262,-0.6901351102869069
90,ground_truth,-0.030044695373006452,-0.6930834281919677
91,ground_truth,-0.044784325988248753,-0.6958661048397677
92,ground_truth,-0.05955104593080267,-0.6985012485053352
93,ground_truth,-0.07434025780131687,-0.7010070841442074
94,ground_truth,-0.08914784731829743,-0.7034019312576173
95,ground_truth,-0.1039701153224991,-0.7057041847648617
96,ground_truth,-0.11880370926830938,-0.7079322984627732
97,ground_truth,-0.13364555432231862,-0.710104770647355
98,ground_truth,-0.1484927841703902,-0.7122401314689805
99,ground_truth,-0.16334267161939686,-0.7143569315898785
100,ground_truth,-0.17819255906840353,-0.7164737317107764
101,ground_truth,-0.1930397889164751,-0.7186090925324019
102,ground_truth,-0.20788163397048434,-0.7207815647169837
103,ground_truth,-0.2227152279162946,-0.7230096784148952
104,ground_truth,-0.23753749592049628,-0.7253119319221396
105,ground_truth,-0.25234508543747686,-0.7277067790355495
106,ground_truth,-0.26713429730799104,-0.7302126146744217
107,ground_truth,-0.28190101725054495,-0.7328477583399892
108,ground_truth,-0.29664064786578725,-0.7356304349877892
109,ground_truth,-0.31134804129666743,-0.7385787528928501
110,ground_truth,-0.326017432713315,-0.7417106780939342
111,ground_truth,-0.3406423748213391,-0.7450440050111364
112,ground_truth,-0.3552156736254425,-0.7485963228412746
113,ground_truth,-0.369729325716764,-0.7523849773480988
114,ground_truth,-0.3841744573920414,-0.7564270276797864
115,ground_truth,-0.3985412659553378,-0.7607391978649246
116,ground_truth,-0.41281896359844145,-0.7653378226606774
117,ground_truth,-0.42699572430385896,-0.770238787453586
118,ground_truth,-0.4410586342642093,-0.7754574619449754
119,ground_truth,-0.4549936463633953,-0.7810086273897754
120,ground_truth,-0.4687855393176906,-0.7869063972002426
121,ground_truth,-0.48241788212827924,-0.7931641307751556
122,ground_truth,-0.4958730045501767,-0.7997943404710667
123,ground_truth,-0.5091494685106572,-0.8067754223862186
124,ground_truth,-0.5222472749236878,-0.8140861998528616
125,ground_truth,-0.5351677728774633,-0.8217059592077549
126,ground_truth,-0.5479135703479517,-0.8296144765682524
127,ground_truth,-0.5604884468184123,-0.8377920362135659
128,ground_truth,-0.5728972681076986,-0.8462194411647093
129,ground_truth,-0.5851459036383972,-0.8548780165461508
130,ground_truth,-0.5972411463094444,-0.8637496062981896
131,ground_truth,-0.6091906350767574,-0.872816563792292
132,ground_truth,-0.6210027802894846,-0.8820617368827995
133,ground_truth,-0.6326866917785595,-0.8914684479082038
134,ground_truth,-0.6442521096481737,-0.9010204691341648
135,ground_truth,-0.6557093376793403,-0.9107019941091804
136,ground_truth,-0.6670691792177084,-0.9204976053827644
137,ground_truth,-0.6783428753849848,-0.9303922390155946
138,ground_truth,-0.6895420454245111,-0.9403711462917335
139,ground_truth,-0.7006786289665258,-0.9504198530250265
140,ground_truth,-0.7117648299772175,-0.9605241168354454
141,ground_truth,-0.7228130621376675,-0.9706698827566954
142,ground_truth,-0.7338358953840282,-0.9808432375240731
143,ground_truth,-0.7448460033286538,-0.9910303628814883
144,ground_truth,-0.7558561112732795,-1.0012174882389033
145,ground_truth,-0.7668789445196401,-1.011390843006281
146,ground_truth,-0.7779197759529621,-1.021544662054352
147,ground_truth,-0.7889768661904738,-1.0316807735118847
148,ground_truth,-0.8000486468378118,-1.0418008364216313
149,ground_truth,-0.8111337032100602,-1.0519063559641426
150,ground_truth,-0.8222307588766992,-1.0619986973937374
151,ground_truth,-0.8333386618252527,-1.0720790987788766
152,ground_truth,-0.8444563720634807,-1.082148682636157
153,ground_truth,-0.8555829505016851,-1.0922084665433036
154,ground_truth,-0.8667175489755556,-1.102259372812177
155,ground_truth,-0.8778594012863858,-1.1123022372981515
156,ground_truth,-0.8890078151497905,-1.1223378174174194
157,ground_truth,-0.9001621649565394,-1.1323667994389748
158,ground_truth,-0.9113218852600486,-1.1423898051132944
159,ground_truth,-0.9224864649146478,-1.152407397695153
160,ground_truth,-0.9336554417971515,-1.1624200874136101
161,ground_truth,-0.9448283980516661,-1.1724283364380252
162,ground_truth,-0.9560049558040841,-1.1824325633850143
163,ground_truth,-0.9671847732984832,-1.1924331474075567
164,ground_truth,-0.9783675414127357,-1.2024304319040016
165,ground_truth,-0.989552980515153,-1.2124247278815137
166,ground_truth,-1.000740837627989,-1.22241631700551
167,ground_truth,-1.0119308838671894,-1.2324054543638887
168,ground_truth,-1.0231229121309315,-1.2423923709723117
169,ground_truth,-1.0343167350123255,-1.2523772760444685
170,ground_truth,-1.0455121829141572,-1.2623603590491006
171,ground_truth,-1.0567091023458026,-1.2723417915736055
172,ground_truth,-1.0679073543844448,-1.2823217290122393
173,ground_truth,-1.0791068132845252,-1.2923003120952934
174,ground_truth,-1.0903073652209643,-1.302277668274118
175,ground_truth,-1.1015089071531317,-1.3122539129755022
176,ground_truth,-1.1127113457978326,-1.3222291507376667
177,ground_truth,-1.1239145967007438,-1.3322034762389934
178,ground_truth,-1.1351185833967694,-1.3421769752295825
179,ground_truth,-1.1463232366507243,-1.352149725374785
180,ground_truth,-1.157528493770597,-1.3621217970190094
181,ground_truth,-1.1687342979863973,-1.37209325387732
182,ground_truth,-1.1799405978882815,-1.3820641536616438
183,ground_truth,-1.1911473469182565,-1.3920345486477592
184,ground_truth,-1.2023545029103189,-1.4020044861886658
185,ground_truth,-1.213562027674388,-1.4119740091794002
186,ground_truth,-1.2247698866198338,-1.42194315647789
187,ground_truth,-1.2359780484148135,-1.431911963286007
188,ground_truth,-1.2471864846779885,-1.4418804614945808
189,ground_truth,-1.258395169699532,-1.4518486799957888
190,ground_truth,-1.2696040801886268,-1.461816644966005
191,ground_truth,-1.2808131950449293,-1.4717843801219077
192,ground_truth,-1.2920224951517107,-1.4817519069523764
193,ground_truth,-1.3032319631886131,-1.4917192449284693
194,ground_truth,-1.3144415834621508,-1.5016864116935582
195,ground_truth,-1.3256513417522684,-1.511653423235497
196,ground_truth,-1.3368612251734278,-1.5216202940425265
197,ground_truth,-1.3480712220488436,-1.5315870372444542
198,ground_truth,-1.3592813217966162,-1.5415536647405026
199,ground_truth,-1.3704915148266346,-1.5515201873150883
200,ground_truth,-1.381701792447223,-1.561486614742674
201,ground_truth,-1.392912146780611,-1.571452955882726
202,ground_truth,-1.4041225706863854,-1.5814192187657148
203,ground_truth,-1.4153330576921728,-1.5913854106710048
204,ground_truth,-1.4265436019308617,-1.6013515381974013
205,ground_truth,-1.4377541980837485,-1.6113176073270472
206,ground_truth,-1.4489648413290452,-1.6212836234832997
207,ground_truth,-1.4601755272952412,-1.631249591583155
208,ground_truth,-1.4713862520188605,-1.641215516084737
209,ground_truth,-1.4825970119061969,-1.6511814010303145
210,ground_truth,-1.493807803698654,-1.661147250085271
211,ground_truth,-1.505018624441346,-1.6711130665734084
212,ground_truth,-1.5162294714546534,-1.68107885350893
213,ground_truth,-1.5274403423084546,-1.6910446136254182
214,ground_truth,-1.538651234798779,-1.7010103494020876
215,ground_truth,-1.5498621469266547,-1.710976063087572
216,ground_truth,-1.561073076878943,-1.7209417567214789
217,ground_truth,-1.5722840230109727,-1.7309074321539182
218,ground_truth,-1.5834949838308054,-1.7408730910632013
219,ground_truth,-1.5947059579849754,-1.7508387349718775
220,ground_truth,-1.6059169442455674,-1.760804365261268
221,ground_truth,-1.6171279414985074,-1.770769983184637
222,ground_truth,-1.6283389487329478,-1.78073558987913
223,ground_truth,-1.6395499650316503,-1.7907011863765918
224,ground_truth,-1.6507609895622661,-1.8006667736133746
225,ground_truth,-1.6619720215694345,-1.8106323524392256
226,ground_truth,-1.6731830603676185,-1.820597923625345
227,ground_truth,-1.6843941053346132,-1.8305634878716897
228,ground_truth,-1.6956051559056575,-1.8405290458135957
229,ground_truth,-1.7068162115680994,-1.8504945980277798
230,ground_truth,-1.7180272718565561,-1.8604601450377831
231,ground_truth,-1.729238336348529,-1.870425687318905
232,ground_truth,-1.7404494046604253,-1.8803912253026767
233,ground_truth,-1.7516604764439516,-1.8903567593809194
234,ground_truth,-1.7628715513828446,-1.9003222899094223
235,ground_truth,-1.7740826291899043,-1.9102878172112792
236,ground_truth,-1.7852937096043051,-1.920253341579913
237,ground_truth,-1.7965047923891566,-1.9302188632818214
238,ground_truth,-1.8077158773292912,-1.9401843825590637
239,ground_truth,-1.8189269642292576,-1.9501498996315192
240,ground_truth,-1.8301380529115006,-1.9601154146989346
241,ground_truth,-1.84134914321471,-1.9700809279427811
242,ground_truth,-1.8525602349923234,-1.9800464395279398
243,ground_truth,-1.8637713281111663,-1.9900119496042297
244,ground_truth,-1.87498242245022,-1.999977458307795
245,ground_truth,-1.8861935178995033,-2.0099429657623635
246,ground_truth,-1.8974046143590566,-2.019908472080388
247,ground_truth,-1.908615711738022,-2.0298739773640833
248,ground_truth,-1.9198268099538065,-2.0398394817063648
249,ground_truth,-1.9310379089313243,-2.0498049851917033
250,ground_truth,-1.942249008602308,-2.059770487896899
251,ground_truth,-1.9534601089046841,-2.0697359898917846
252,ground_truth,-1.9646712097820054,-2.0797014912398617
253,ground_truth,-1.9758823111829362,-2.0896669919988824
254,ground_truth,-1.9870934130607858,-2.099632492221374
255,ground_truth,-1.998304515373083,-2.1095979919551158
256,ground_truth,-2.0095156180811915,-2.119563491243573
257,ground_truth,-2.0207267211499604,-2.12952899012629
258,ground_truth,-2.031937824547406,-2.139494488639249
259,ground_truth,-2.043148928244423,-2.1494599868151925
260,ground_truth,-2.054360032214524,-2.159425484683919
261,ground_truth,-2.0655711364336,-2.1693909822725503
262,ground_truth,-2.0767822408797048,-2.179356479605776
263,ground_truth,-2.08799334553286,-2.1893219767060716
264,ground_truth,-2.0992044503748746,-2.199287473593902
265,ground_truth,-2.1104155553891846,-2.2092529702879014
266,ground_truth,-2.1216266605607044,-2.219218466805041
267,ground_truth,-2.1328377658756943,-2.2291839631607777
268,ground_truth,-2.1440488713216386,-2.239149459369192
269,ground_truth,-2.1552599768871348,-2.249114955443111
270,ground_truth,-2.166471082561794,-2.259080451394223
271,ground_truth,-2.177682188336148,-2.2690459472331783
272,ground_truth,-2.1888932942015686,-2.2790114429696846
273,ground_truth,-2.200104400150191,-2.28897693861259
274,ground_truth,-2.211315506174844,-2.298942434169961
275,ground_truth,-2.2225266122689917,-2.308907929649152
276,ground_truth,-2.2337377184266716,-2.318873425056869
277,ground_truth,-2.2449488246424463,-2.32883892039923
278,ground_truth,-2.2561599309113567,-2.3388044156818135
279,ground_truth,-2.2673710372288784,-2.34876991090971
280,ground_truth,-2.278582143590883,-2.3587354060875643
281,ground_truth,-2.2897932499936022,-2.368700901219614
282,ground_truth,-2.3010043564335976,-2.378666396309728
283,ground_truth,-2.31221546290773,-2.388631891361438
284,ground_truth,-2.3234265694131335,-2.398597386377969
285,ground_truth,-2.3346376759471905,-2.4085628813622644
286,ground_truth,-2.3458487825075105,-2.4185283763170147
287,ground_truth,-2.35705988909191,-2.428493871244676
288,ground_truth,-2.368270995698393,-2.4384593661474927
289,ground_truth,-2.3794821023251367,-2.4484248610275166
290,ground_truth,-2.3906932089704744,-2.458390355886622
291,ground_truth,-2.401904315632883,-2.4683558507265233
292,ground_truth,-2.413115422310969,-2.478321345548787
293,ground_truth,-2.4243265290034595,-2.488286840354847
294,ground_truth,-2.435537635709188,-2.4982523351460135
295,ground_truth,-2.4467487424270895,-2.508217829923486
296,ground_truth,-2.457959849156188,-2.518183324688362
297,ground_truth,-2.4691709558955903,-2.5281488194416455
298,ground_truth,-2.48038206264448,-2.538114314184256
299,ground_truth,-2.491593169402108,-2.548079808917036
300,ground_truth,-2.5028042761677893,-2.558045303640756
301,ground_truth,-2.5140153829408964,-2.5680107983561222
302,ground_truth,-2.5252264897208536,-2.5779762930637817
303,ground_truth,-2.5364375965071346,-2.587941787764328
304,ground_truth,-2.547648703299256,-2.597907282458303
305,ground_truth,-2.5588598100967745,-2.6078727771462065
306,ground_truth,-2.570070916899285,-2.6178382718284943
307,ground_truth,-2.5812820237064145,-2.6278037665055853
308,ground_truth,-2.592493130517822,-2.637769261177864
309,ground_truth,-2.603704237333194,-2.6477347558456823
310,ground_truth,-2.6149153441522435,-2.6577002505093636
311,ground_truth,-2.626126450974706,-2.667665745169205
312,ground_truth,-2.6373375578003406,-2.6776312398254785
313,ground_truth,-2.6485486646289247,-2.6875967344784337
314,ground_truth,-2.6597597714602546,-2.6975622291283
315,ground_truth,-2.670970878294143,-2.7075277237752875
316,ground_truth,-2.6821819851304185,-2.7174932184195897
317,ground_truth,-2.693393091968924,-2.727458713061383
318,ground_truth,-2.704604198809515,-2.7374242077008306
319,ground_truth,-2.715815305652059,-2.7473897023380807
320,ground_truth,-2.7270264124964347,-2.75735519697327
321,ground_truth,-2.738237519342532,-2.7673206916065234
322,ground_truth,-2.7494486261902487,-2.7772861862379545
323,ground_truth,-2.760659733039492,-2.7872516808676675
324,ground_truth,-2.7718708398901786,-2.7972171754957578
325,ground_truth,-2.783081946742231,-2.807182670122311
326,ground_truth,-2.7939278493931825,-2.816823536629624
327,ground_truth,-2.8051389562477653,-2.826789031253331
328,ground_truth,-2.816337597479872,-2.836768531970028
329,ground_truth,-2.8275112549916788,-2.8467759980733356
330,ground_truth,-2.838647306030111,-2.856825294927814
331,ground_truth,-2.849732971594534,-2.866930146188162
332,ground_truth,-2.8607552657348054,-2.8771040850461134
333,ground_truth,-2.8717009460496956,-2.88736040419307
334,ground_truth,-2.8825564657068314,-2.8977121041971046
335,ground_truth,-2.893307927319037,-2.9081718400064482
336,ground_truth,-2.903941039028072,-2.918751865308081
337,ground_truth,-2.9144410731651185,-2.9294639744897903
338,ground_truth,-2.9247928278777193,-2.940319441977197
339,ground_truth,-2.9349805921349343,-2.9513289587440408
340,ground_truth,-2.9449881145459855,-2.962502565824671
341,ground_truth,-2.954798576452208,-2.9738495846924864
342,ground_truth,-2.964394569777339,-2.9853785444072236
343,ground_truth,-2.9737580801465726,-2.997097105477818
344,ground_truth,-2.982870475809891,-3.0090119804362527
345,ground_truth,-2.991712502929373,-3.021128851171651
346,ground_truth,-3.000264287812818,-3.0334522831330517
347,ground_truth,-3.008505346696458,-3.045985636574026
348,ground_truth,-3.0164146036969193,-3.0587309750826988
349,ground_truth,-3.0239704175661952,-3.071688971716934
350,ground_truth,-3.0311506178922274,-3.0848588131464294
351,ground_truth,-3.0379325513908286,-3.0982381022912437
352,ground_truth,-3.044293138931112,-3.111822760039689
353,ground_truth,-3.0502089439251847,-3.1256069267273094
354,ground_truth,-3.0556562526925184,-3.1395828641625347
355,ground_truth,-3.06061116737894,-3.153740859092972
356,ground_truth,-3.0650497119683426,-3.16806912911862
357,ground_truth,-3.0689479518708267,-3.1825537321736808
358,ground_truth,-3.0722821275027274,-3.197178480816158
359,ground_truth,-3.0750288021907153,-3.211924862682852
360,ground_truth,-3.077165024632621,-3.2267719685853065
361,ground_truth,-3.0786685060307457,-3.2416964298380786
362,ground_truth,-3.0795178118781084,-3.256672366522561
363,ground_truth,-3.0796925682234684,-3.2716713484953406
364,ground_truth,-3.079173682066252,-3.2866623710473832
365,ground_truth,-3.0779435753371835,-3.301611847206604
366,ground_truth,-3.0759864317041528,-3.3164836187486793
367,ground_truth,-3.0732884552056037,-3.331238988036273
368,ground_truth,-3.069856389375862,-3.3458410743303726
369,ground_truth,-3.065698812592117,-3.360253380019861
370,ground_truth,-3.060826116631104,-3.374439881846299
371,ground_truth,-3.0552504806950744,-3.388365120943307
372,ground_truth,-3.048985840970133,-3.401994291465268
373,ground_truth,-3.0420478557930317,-3.4152933275838113
374,ground_truth,-3.0344538665134797,-3.4282289886346446
375,ground_truth,-3.0262228541498026,-3.440768942201903
376,ground_truth,-3.0173753919462816,-3.45288184493235
377,ground_truth,-3.007933593950756,-3.464537420877437
378,ground_truth,-2.9979210597410217,-3.475706537167408
379,ground_truth,-2.9873628154381753,-3.4863612768283017
380,ground_truth,-2.976285251154347,-3.4964750085598464
381,ground_truth,-2.9647160550311624,-3.506022453299843
382,ground_truth,-2.952684144033809,-3.5149797474086553
383,ground_truth,-2.9402195916736815,-3.5233245023158792
384,ground_truth,-2.927353552840267,-3.5310358604801113
385,ground_truth,-2.9141181859301453,-3.5380945475219385
386,ground_truth,-2.9005465724677464,-3.5444829203998496
387,ground_truth,-2.8866726344187663,-3.55018501150865
388,ground_truth,-2.872537312395756,-3.5552042416593594
389,ground_truth,-2.858179609995983,-3.559546635215862
390,ground_truth,-2.843636496760885,-3.5632205782517725
391,ground_truth,-2.8289428342990224,-3.5662365828036355
392,ground_truth,-2.8141313237787626,-3.5686070587280514
393,ground_truth,-2.7992324729895834,-3.5703460944268715
394,ground_truth,-2.784274581185388,-3.5714692474769913
395,ground_truth,-2.769283739956549,-3.571993345990382
396,ground_truth,-2.754283848426694,-3.5719363013361876
397,ground_truth,-2.739296641132874,-3.571316932680161
398,ground_truth,-2.724341727021196,-3.570154803637269
399,ground_truth,-2.7094366380720074,-3.5684700711906245
400,ground_truth,-2.6945968861572327,-3.5662833469034894
401,ground_truth,-2.67983602682559,-3.5636155703402324
402,ground_truth,-2.6651657288075192,-3.560487894516079
403,ground_truth,-2.6505958481292655,-3.5569215831133194
404,ground_truth,-2.6361345058234007,-3.5529379191324346
405,ground_truth,-2.62178816832003,-3.54855812458938
406,ground_truth,-2.607561729698105,-3.5438032908239783
407,ground_truth,-2.5934585950688467,-3.538694318948051
408,ground_truth,-2.579480764452647,-3.5332518699345243
409,ground_truth,-2.5656289165964763,-3.5274963238292885
410,ground_truth,-2.5519024922603353,-3.5214477475551402
411,ground_truth,-2.538299776578429,-3.5151258707707336
412,ground_truth,-2.524817980173246,-3.5085500692462657
413,ground_truth,-2.5114533187685235,-3.5017393552207676
414,ground_truth,-2.4982010911100883,-3.4947123742126105
415,ground_truth,-2.4850557550618007,-3.487487407764412
416,ground_truth,-2.4720110017973274,-3.480082381615301
417,ground_truth,-2.4590598280573257,-3.4725148788068254
418,ground_truth,-2.446194606485946,-3.4648021572431156
419,ground_truth,-2.4334071541004745,-3.4569611712407498
420,ground_truth,-2.4206887989835906,-3.4490085966186013
421,ground_truth,-2.40803044531927,-3.440960858892446
422,ground_truth,-2.3954226369209404,-3.432834164152823
423,ground_truth,-2.3828556194242796,-3.4246445322173438
424,ground_truth,-2.3703194013371363,-3.416407831659986
425,ground_truth,-2.3578038141555977,-3.408139816329733
426,ground_truth,-2.3452985717683315,-3.399856162978963
427,ground_truth,-2.332793329381065,-3.391572509628193
428,ground_truth,-2.3202777421995266,-3.38330449429794
429,ground_truth,-2.3077415241123833,-3.375067793740582
430,ground_truth,-2.2951745066157225,-3.366878161805103
431,ground_truth,-2.282566698217393,-3.35875146706548
432,ground_truth,-2.2699083445530723,-3.3507037293393247
433,ground_truth,-2.2571899894361884,-3.342751154717176
434,ground_truth,-2.244402537050717,-3.3349101687148104
435,ground_truth,-2.231537315479337,-3.3271974471511006
436,ground_truth,-2.2185861417393355,-3.319629944342625
437,ground_truth,-2.2055413884748623,-3.312224918193514
438,ground_truth,-2.1923960524265746,-3.3049999517453155
439,ground_truth,-2.1791438247681394,-3.2979729707371583
440,ground_truth,-2.1657791633634167,-3.2911622567116603
441,ground_truth,-2.152297366958234,-3.2845864551871924
442,ground_truth,-2.1386946512763276,-3.2782645784027857
443,ground_truth,-2.1249682269401866,-3.2722160021286375
444,ground_truth,-2.1111163790840157,-3.2664604560234016
445,ground_truth,-2.097138548467816,-3.261018007009875
446,ground_truth,-2.083035413838558,-3.2559090351339477
447,ground_truth,-2.068808975216633,-3.251154201368546
448,ground_truth,-2.054462637713262,-3.2467744068254913
449,ground_truth,-2.0400112997486466,-3.2427546019754447
450,ground_truth,-2.0254685759311313,-3.239079117794078
451,ground_truth,-2.010846841668707,-3.2357317476085363
452,ground_truth,-1.9961572823323261,-3.232695821637281
453,ground_truth,-1.9814099463382786,-3.229954274432021
454,ground_truth,-1.9666138015752428,-3.227489705473503
455,ground_truth,-1.95177679465867,-3.2252844332096835
456,ground_truth,-1.936905912550395,-3.2233205428558733
457,ground_truth,-1.9220072461343578,-3.2215799283024324
458,ground_truth,-1.907086055389727,-3.2200443284970315
459,ground_truth,-1.8921468358502431,-3.2186953586859905
460,ground_truth,-1.8771933860830154,-3.21751453691324
461,ground_truth,-1.8622288759611207,-3.2164833061865292
462,ground_truth,-1.8472559155420059,-3.2155830527290985
463,ground_truth,-1.8322766243977968,-3.2147951207415377
464,ground_truth,-1.8172927012740543,-3.214100824103367
465,ground_truth,-1.8023054939802343,-3.2134814554473405
466,ground_truth,-1.7873160694380756,-3.212918293041873
467,ground_truth,-1.7723252838332972,-3.2123926059186076
468,ground_truth,-1.7573338528313356,-3.2118856576831614
469,ground_truth,-1.742342421829374,-3.211378709447715
470,ground_truth,-1.727351542175282,-3.2108557111718747
471,ground_truth,-1.712361175244343,-3.210318217659532
472,ground_truth,-1.6973712834354275,-3.2097676329185454
473,ground_truth,-1.682381830573095,-3.2092052248034606
474,ground_truth,-1.6673927821781853,-3.2086321382349086
475,ground_truth,-1.6524041056367393,-3.208049407134051
476,ground_truth,-1.6374157702910395,-3.2074579651970474
477,ground_truth,-1.6224277474716777,-3.206858655622377
478,ground_truth,-1.6074400104856275,-3.2062522398928817
479,ground_truth,-1.5924525345721339,-3.2056394057045012
480,ground_truth,-1.5774652968356968,-3.205020774124709
481,ground_truth,-1.5624782761633842,-3.204396906055585
482,ground_truth,-1.5474914531320856,-3.2037683080691615
483,ground_truth,-1.5325048099100167,-3.203135437676097
484,ground_truth,-1.5175183301557518,-3.202498708082779
485,ground_truth,-1.5025319989172397,-3.2018584924865956
486,ground_truth,-1.4875458025326143,-3.20121512795428
487,ground_truth,-1.4725597285340988,-3.200568918923844
488,ground_truth,-1.4575737655559058,-3.1999201403666864
489,ground_truth,-1.4425879032467266,-3.199269040642892
490,ground_truth,-1.4276021321871641,-3.198615844079536
491,ground_truth,-1.4126164438122808,-3.19796075329889
492,ground_truth,-1.397630830339299,-3.1973039513208286
493,ground_truth,-1.3826452847003867,-3.196645603461353
494,ground_truth,-1.3676598004803897,-3.1959858590470387
495,ground_truth,-1.3526743718593186,-3.195324852963265
496,ground_truth,-1.3376889935593663,-3.194662707052369
497,ground_truth,-1.322703660796206,-3.193999531376283
498,ground_truth,-1.3077183692343146,-3.193335425356806
499,ground_truth,-1.2927331149460566,-3.1926704788053866
500,ground_truth,-1.277747894374269,-3.1920047728531262
501,ground_truth,-1.2627627042980931,-3.191338380790691
502,ground_truth,-1.2477775418018067,-3.190671368826862
503,ground_truth,-1.2327924042464244,-3.1900037967736172
504,ground_truth,-1.2178072892438423,-3.1893357186648696
505,ground_truth,-1.2028221946333182,-3.1886671833152893
506,ground_truth,-1.1878371184600927,-3.1879982348250224
507,ground_truth,-1.1728520589559688,-3.1873289130355467
508,ground_truth,-1.1578670145216794,-3.186659253941402
509,ground_truth,-1.1428819837108872,-3.1859892900620697
510,ground_truth,-1.1278969652156732,-3.185319050777865
511,ground_truth,-1.1129119578533784,-3.1846485626333227
512,ground_truth,-1.0979269605546798,-3.183977849611235
513,ground_truth,-1.082941972352786,-3.1833069333801713
514,ground_truth,-1.0679569923736512,-3.1826358335180602
515,ground_truth,-1.0529720198271133,-3.1819645677141444
516,ground_truth,-1.0379870539988725,-3.1812931519514045
517,ground_truth,-1.0230020942432292,-3.1806216006713437
518,ground_truth,-1.0080171399765132,-3.1799499269228386
519,ground_truth,-0.993032190671138,-3.179278142496601
520,ground_truth,-0.9780472458502218,-3.1786062580466408
521,ground_truth,-0.9630623050827223,-3.1779342831999915
522,ground_truth,-0.9480773679790356,-3.1772622266558272
523,ground_truth,-0.9330924341870172,-3.176590096275007
524,ground_truth,-0.9181075033883824,-3.175917899160964
525,ground_truth,-0.9031225752954535,-3.175245641732781
526,ground_truth,-0.8881376496482165,-3.1745733297912087
527,ground_truth,-0.8731527262116626,-3.173900968578305
528,ground_truth,-0.8581678047733828,-3.1732285628313175
529,ground_truth,-0.8431828851413947,-3.172556116831361
530,ground_truth,-0.8281979671421777,-3.1718836344473966
531,ground_truth,-0.813213050618897,-3.1712111191759638
532,ground_truth,-0.7982281354297985,-3.1705385741770793
533,ground_truth,-0.7832432214467576,-3.16986600230667
534,ground_truth,-0.7682583085539683,-3.169193406145875
535,ground_truth,-0.7532733966467575,-3.168520788027524
536,ground_truth,-0.7382884856305145,-3.1678481500600575
537,ground_truth,-0.7233035754197222,-3.16717549414914
538,ground_truth,-0.7083186659370827,-3.1665028220171916
539,ground_truth,-0.6933337571127264,-3.1658301352210323
540,ground_truth,-0.6783488488834972,-3.1651574351678278
541,ground_truth,-0.6633639411923073,-3.164484723129495
542,ground_truth,-0.6483790339875529,-3.1638120002557217
543,ground_truth,-0.6333941272225868,-3.1631392675857306
544,ground_truth,-0.6184092208552421,-3.162466526058908
545,ground_truth,-0.603424314847401,-3.16179377652441
546,ground_truth,-0.5884394091646057,-3.1611210197498414
547,ground_truth,-0.5734545037757063,-3.1604482564291017
548,ground_truth,-0.5584695986525429,-3.159775487189472
549,ground_truth,-0.5434846937696582,-3.159102712598022
550,ground_truth,-0.528499789104038,-3.1584299331673957
551,ground_truth,-0.5135148846348759,-3.1577571493610477
552,ground_truth,-0.4985299803433615,-3.1570843615979665
553,ground_truth,-0.4835450762124885,-3.156411570256951
554,ground_truth,-0.4685601722268816,-3.1557387756804687
555,ground_truth,-0.45357526837263973,-3.155065978178149
556,ground_truth,-0.43859036463719436,-3.154393178029936
557,ground_truth,-0.4236054610091817,-3.153720375488938
558,ground_truth,-0.40862055747832704,-3.153047570784006
559,ground_truth,-0.39363565403534,-3.152374764122063
560,ground_truth,-0.3786507506718204,-3.1517019556902057
561,ground_truth,-0.36366584738017255,-3.1510291456576107
562,ground_truth,-0.3486809441535281,-3.150356334177252
563,ground_truth,-0.33369604098567657,-3.1496835213874563
564,ground_truth,-0.31871113787100175,-3.149010707413308
565,ground_truth,-0.3037262348044251,-3.148337892367919
566,ground_truth,-0.2887413317813541,-3.147665076353576
567,ground_truth,-0.27375642879763545,-3.1469922594627793
568,ground_truth,-0.2587715258495134,-3.146319441779181
569,ground_truth,-0.24378662293359118,-3.145646623378432
570,ground_truth,-0.22880172004679694,-3.1449738043289504
571,ground_truth,-0.21381681718635245,-3.144300984692612
572,ground_truth,-0.19883191434974504,-3.1436281645253796
573,ground_truth,-0.18384701153470215,-3.1429553438778663
574,ground_truth,-0.16886210873916838,-3.142282522795851
575,ground_truth,-0.15387720596128465,-3.1416097013207382
576,ground_truth,-0.13889230319936943,-3.1409368794899795
577,ground_truth,-0.12390740045190174,-3.1402640573374496
578,ground_truth,-0.1089224977175058,-3.1395912348937896
579,ground_truth,-0.09393759499493715,-3.1389184121867153
580,ground_truth,-0.07895269228307006,-3.1382455892412993
581,ground_truth,-0.06396778958088623,-3.137572766080221
582,ground_truth,-0.04898288688746444,-3.136899942723997
583,ground_truth,-0.03399798420197136,-3.136227119191188
584,ground_truth,-0.019013081523653073,-3.1355542954985838
585,ground_truth,-0.00402817885182755,-3.134881471661375
586,ground_truth,0.010956723814122262,-3.1342086476933044
587,ground_truth,0.025941626474754627,-3.1335358236068056
588,ground_truth,0.040926529130574624,-3.132862999413127
589,ground_truth,0.05591143178203924,-3.1321901751224477
590,ground_truth,0.07089633442956197,-3.1315173507439757
591,ground_truth,0.08588123707351694,-3.130844526286044
592,ground_truth,0.10086613971424266,-3.130171701756191
593,ground_truth,0.11585104235204545,-3.12949887716124
594,ground_truth,0.1308359449872025,-3.128826052507364
595,ground_truth,0.14582084761996464,-3.128153227800149
596,ground_truth,0.16080575025055885,-3.1274804030446512
597,ground_truth,0.17579065287919055,-3.1268075782454448
598,ground_truth,0.1907755555060456,-3.12613475340667
599,ground_truth,0.2057604581312923,-3.1254619285320735
600,ground_truth,0.22074536075508283,-3.124789103625047
601,ground_truth,0.23573026337755504,-3.124116278688659
602,ground_truth,0.25071516599883364,-3.1234434537256877
603,ground_truth,0.26570006861903156,-3.122770628738647
604,ground_truth,0.2806849712382509,-3.122097803729813
605,ground_truth,0.2956698738565843,-3.1214249787012456
606,ground_truth,0.31065477647411527,-3.120752153654809
607,ground_truth,0.32563967909091973,-3.1200793285921913
608,ground_truth,0.3406245817070663,-3.1194065035149205
609,ground_truth,0.355609484322617,-3.11873367842438
610,ground_truth,0.37059438693762814,-3.1180608533218215
611,ground_truth,0.3855792895521506,-3.1173880282083792
612,ground_truth,0.4005641921662304,-3.116715203085079
613,ground_truth,0.4155490947799093,-3.1160423779528506
614,ground_truth,0.4305339973932251,-3.115369552812535
615,ground_truth,0.445518900006212,-3.1146967276648945
616,ground_truth,0.460503802618901,-3.1140239025106182
617,ground_truth,0.4754887052313201,-3.1133510773503312
618,ground_truth,0.4904736078434947,-3.1126782521845993
619,ground_truth,0.5054585104554479,-3.1120054270139343
620,ground_truth,0.5204434130672003,-3.1113326018388
621,ground_truth,0.535428315678771,-3.110659776659617
622,ground_truth,0.550413218290177,-3.109986951476765
623,ground_truth,0.5653981209014337,-3.109314126290589
624,ground_truth,0.5803830235125551,-3.108641301101401
625,ground_truth,0.595367926123554,-3.107968475909484
626,ground_truth,0.6103528287344419,-3.1072956507150935
627,ground_truth,0.6253377313452291,-3.1066228255184614
628,ground_truth,0.640322633955925,-3.105950000319798
629,ground_truth,0.6553075365665384,-3.105277175119294
630,ground_truth,0.6702924391770768,-3.1046043499171208
631,ground_truth,0.6852773417875473,-3.1039315247134356
632,ground_truth,0.7002622443979563,-3.1032586995083795
633,ground_truth,0.7152471470083094,-3.102585874302081
634,ground_truth,0.730232049618612,-3.1019130490946556
635,ground_truth,0.7452169522288687,-3.101240223886209
636,ground_truth,0.7602018548390839,-3.1005673986768367
637,ground_truth,0.7751867574492614,-3.099894573466625
638,ground_truth,0.7901716600594046,-3.0992217482556517
639,ground_truth,0.805156562669517,-3.0985489230439884
640,ground_truth,0.8201414652796012,-3.0978760978316995
641,ground_truth,0.8351263678896599,-3.0972032726188434
642,ground_truth,0.8501112704996955,-3.0965304474054727
643,ground_truth,0.8650961731097101,-3.095857622191635
644,ground_truth,0.8800810757197057,-3.095184796977374
645,ground_truth,0.8950659783296842,-3.094511971762729
646,ground_truth,0.9100508809396469,-3.093839146547736
647,ground_truth,0.9250357835495955,-3.093166321332427
648,ground_truth,0.9400206861595312,-3.0924934961168313
649,ground_truth,0.9550055887694552,-3.0918206709009755
650,ground_truth,0.9699904913793687,-3.0911478456848838
651,ground_truth,0.9849753939892725,-3.090475020468578
652,ground_truth,0.9999602965991676,-3.089802195252078
653,ground_truth,1.0149451992090548,-3.089129370035402
654,ground_truth,1.0299301018189349,-3.088456544818566
655,ground_truth,1.0449150044288085,-3.087783719601585
656,ground_truth,1.059899907038676,-3.0871108943844723
657,ground_truth,1.0748848096485384,-3.0864380691672397
658,ground_truth,1.0898697122583958,-3.085765243949899
659,ground_truth,1.1048546148682488,-3.0850924187324593
660,ground_truth,1.1198395174780977,-3.0844195935149306
661,ground_truth,1.134824420087943,-3.0837467682973205
662,ground_truth,1.1498093226977848,-3.083073943079637
663,ground_truth,1.1647942253076238,-3.082401117861886
664,ground_truth,1.17977912791746,-3.0817282926440743
665,ground_truth,1.1947640305272937,-3.0810554674262076
666,ground_truth,1.2097489331371252,-3.0803826422082907
667,ground_truth,1.2247338357469546,-3.079709816990328
668,ground_truth,1.2397187383567823,-3.079036991772324
669,ground_truth,1.2547036409666081,-3.0783641665542825
670,ground_truth,1.2696885435764325,-3.0776913413362066
671,ground_truth,1.2846734461862555,-3.0770185161181
672,ground_truth,1.2996583487960771,-3.076345690899965
673,ground_truth,1.3146432514058977,-3.0756728656818044
674,ground_truth,1.329628154015717,-3.0750000404636206
675,ground_truth,1.3446130566255357,-3.0743272152454155
676,ground_truth,1.3595979592353533,-3.0736543900271913
677,ground_truth,1.3745828618451703,-3.07298156480895
678,ground_truth,1.3895677644549864,-3.0723087395906923
679,ground_truth,1.404552667064802,-3.07163591437242
680,ground_truth,1.419537569674617,-3.070963089154135
681,ground_truth,1.4345224722844314,-3.070290263935838
682,ground_truth,1.4495073748942453,-3.06961743871753
683,ground_truth,1.4644922775040587,-3.068944613499212
684,ground_truth,1.4794771801138717,-3.068271788280885
685,ground_truth,1.4944620827236845,-3.06759896306255
686,ground_truth,1.5094469853334969,-3.0669261378442076
687,ground_truth,1.524431887943309,-3.066253312625858
688,ground_truth,1.5394167905531209,-3.0655804874075026
689,ground_truth,1.5544016931629325,-3.0649076621891416
690,ground_truth,1.5693865957727438,-3.0642348369707753
691,ground_truth,1.584371498382555,-3.0635620117524045
692,ground_truth,1.599356400992366,-3.0628891865340293
693,ground_truth,1.6143413036021768,-3.0622163613156506
694,ground_truth,1.6293262062119873,-3.0615435360972683
695,ground_truth,1.6443111088217979,-3.0608707108788824
696,ground_truth,1.6592960114316082,-3.060197885660494
697,ground_truth,1.6742809140414183,-3.0595250604421027
698,ground_truth,1.6892658166512284,-3.058852235223709
699,ground_truth,1.7042507192610383,-3.0581794100053132
700,ground_truth,1.7192356218708482,-3.0575065847869154
701,ground_truth,1.734220524480658,-3.0568337595685158
702,ground_truth,1.7492054270904678,-3.0561609343501144
703,ground_truth,1.7641903297002774,-3.0554881091317116
704,ground_truth,1.7791752323100871,-3.0548152839133076
705,ground_truth,1.7941601349198968,-3.054142458694902
706,ground_truth,1.8091450375297062,-3.0534696334764955
707,ground_truth,1.8241299401395157,-3.052796808258088
708,ground_truth,1.8391148427493251,-3.0521239830396794
709,ground_truth,1.8540997453591346,-3.05145115782127
710,ground_truth,1.869084647968944,-3.0507783326028597
711,ground_truth,1.8840695505787532,-3.0501055073844485
712,ground_truth,1.8990544531885625,-3.049432682166037
713,ground_truth,1.9140393557983717,-3.0487598569476244
714,ground_truth,1.929024258408181,-3.0480870317292115
715,ground_truth,1.9440091610179902,-3.047414206510798
716,ground_truth,1.9589940636277994,-3.0467413812923843
717,ground_truth,1.9739789662376086,-3.04606855607397
718,ground_truth,1.9889638688474178,-3.0453957308555553
719,ground_truth,2.003948771457227,-3.04472290563714
720,ground_truth,2.018933674067036,-3.0440500804187245
721,ground_truth,2.0339185766768453,-3.043377255200309
722,ground_truth,2.0489034792866545,-3.042704429981893
723,ground_truth,2.0638883818964637,-3.042031604763477
724,ground_truth,2.078873284506273,-3.0413587795450603
725,ground_truth,2.093858187116082,-3.040685954326644
726,ground_truth,2.1088430897258914,-3.040013129108227
727,ground_truth,2.1238279923357006,-3.03934030388981
728,ground_truth,2.13881289494551,-3.0386674786713925
729,ground_truth,2.153797797555319,-3.037994653452975
730,ground_truth,2.1687827001651283,-3.0373218282345578
731,ground_truth,2.1837676027749375,-3.03664900301614
732,ground_truth,2.1987525053847468,-3.035976177797722
733,ground_truth,2.213737407994556,-3.0353033525793043
734,ground_truth,2.228722310604365,-3.0346305273608865
735,ground_truth,2.243707213214174,-3.0339577021424686
736,ground_truth,2.2586921158239828,-3.0332848769240504
737,ground_truth,2.2736770184337916,-3.032612051705632
738,ground_truth,2.2886619210436003,-3.031939226487214
739,ground_truth,2.303646823653409,-3.0312664012687955
740,ground_truth,2.318631726263218,-3.0305935760503773
741,ground_truth,2.3336166288730267,-3.029920750831959
742,ground_truth,2.3486015314828355,-3.0292479256135407
743,ground_truth,2.3635864340926442,-3.028575100395122
744,ground_truth,2.378571336702453,-3.0279022751767033
745,ground_truth,2.393556239312262,-3.0272294499582846
746,ground_truth,2.4085411419220706,-3.026556624739866
747,ground_truth,2.4235260445318794,-3.025883799521447
748,ground_truth,2.438510947141688,-3.0252109743030284
749,ground_truth,2.453495849751497,-3.0245381490846097
750,ground_truth,2.4684807523613057,-3.023865323866191
751,ground_truth,2.4834656549711145,-3.0231924986477723
752,ground_truth,2.4984505575809233,-3.0225196734293536
753,ground_truth,2.513435460190732,-3.021846848210935
754,ground_truth,2.528420362800541,-3.021174022992516
755,ground_truth,2.5434052654103496,-3.0205011977740974
756,ground_truth,2.5583901680201584,-3.0198283725556787
757,ground_truth,2.573375070629967,-3.01915554733726
758,ground_truth,2.588359973239776,-3.0184827221188413
759,ground_truth,2.6033448758495847,-3.017809896900422
760,ground_truth,2.6183297784593935,-3.017137071682003
761,ground_truth,2.6333146810692023,-3.016464246463584
762,ground_truth,2.648299583679011,-3.0157914212451646
763,ground_truth,2.66328448628882,-3.0151185960267455
764,ground_truth,2.6782693888986286,-3.0144457708083263
765,ground_truth,2.6932542915084374,-3.013772945589907
766,ground_truth,2.708239194118246,-3.013100120371488
767,ground_truth,2.722827234412334,-3.012445114352914
768,ground_truth,2.737812137022143,-3.0117722891344947
769,ground_truth,2.7527961868936943,-3.011080733318336
770,ground_truth,2.767778461052375,-3.01035171957763
771,ground_truth,2.782757896071943,-3.0095665275663808
772,ground_truth,2.7977332179052654,-3.0087064485069845
773,ground_truth,2.812702871793661,-3.007752791093841
774,ground_truth,2.82766495229897,-3.0066868891505742
775,ground_truth,2.8426171335177965,-3.0054901114772488
776,ground_truth,2.857556599556521,-3.004143874322138
777,ground_truth,2.8724799753686026,-3.0026296569099458
778,ground_truth,2.8873832580823824,-3.0009290204546293
779,ground_truth,2.9022617489779785,-2.9990236310798135
780,ground_truth,2.91710998630588,-2.996895287062906
781,ground_truth,2.931921679177418,-2.994525950810021
782,ground_truth,2.9466896427982685,-2.9918977859572715
783,ground_truth,2.9614057353604144,-2.988993199979484
784,ground_truth,2.9760607969553017,-2.98579489266935
785,ground_truth,2.9906445909211192,-2.9822859108280477
786,ground_truth,3.005145748089807,-2.978449709481793
787,ground_truth,3.019551714454303,-2.974270219907096
788,ground_truth,3.0338487028331573,-2.969731924710119
789,ground_truth,3.0480216491675467,-2.964819940161841
790,ground_truth,3.062054174144266,-2.959520105940118
791,ground_truth,3.0759285508968186,-2.9538190823716497
792,ground_truth,3.089625679594476,-2.947704455200693
793,ground_truth,3.10312506978526,-2.9411648478365646
794,ground_truth,3.1164048314122104,-2.934190040948099
795,ground_truth,3.129441675471948,-2.926771099179755
796,ground_truth,3.1422109253291906,-2.918900504660704
797,ground_truth,3.154686539739157,-2.9105722968646752
798,ground_truth,3.166841148660293,-2.9017822182544335
799,ground_truth,3.1786461029608053,-2.892527865010537
800,ground_truth,3.1900715391324534,-2.8828088419995757
801,ground_truth,3.201086460122109,-2.8726269209828104
802,ground_truth,3.211658833373792,-2.8619862009025203
803,ground_truth,3.221755707139346,-2.850893268911272
804,ground_truth,3.231343346062483,-2.839357360629756
805,ground_truth,3.240387386966619,-2.8273905179331917
806,ground_truth,3.2488530156796016,-2.815007742376237
807,ground_truth,3.2567051656060824,-2.8022271421738965
808,ground_truth,3.263908738608922,-2.7890700704634903
809,ground_truth,3.270445729507161,-2.7755694130722244
810,ground_truth,3.276304657217462,-2.7617609748518652
811,ground_truth,3.2814886814665583,-2.7476852548850292
812,ground_truth,3.2860035456621537,-2.733380849923783
813,ground_truth,3.2898573389487957,-2.718884358027333
814,ground_truth,3.293060264237312,-2.704230305018142
815,ground_truth,3.295624413690164,-2.689451091994999
816,ground_truth,3.2975635529060505,-2.6745769621346875
817,ground_truth,3.2988929148237234,-2.6596359850283586
818,ground_truth,3.299629004157937,-2.6446540568316257
819,ground_truth,3.2997894129902416,-2.6296549145559314
820,ground_truth,3.2993926479639883,-2.6146601628903006
821,ground_truth,3.298457969376383,-2.5996893120147533
822,ground_truth,3.2970052423203096,-2.5847598249471897
823,ground_truth,3.2950547999044506,-2.5698871730524395
824,ground_truth,3.292627318471309,-2.5550848984335928
825,ground_truth,3.2897437046382505,-2.540364682020041
826,ground_truth,3.2864249939058547,-2.5257364162624514
827,ground_truth,3.2826922605096724,-2.511208281440905
828,ground_truth,3.2785665381350415,-2.4967868246875993
829,ground_truth,3.2740687510688646,-2.482477040918886
830,ground_truth,3.2692196553262445,-2.4682824549623
831,ground_truth,3.264039789262597,-2.4542052042519282
832,ground_truth,3.258549433162351,-2.4402461215495266
833,ground_truth,3.252768577282662,-2.426404817228825
834,ground_truth,3.246716897823821,-2.4126797607361383
835,ground_truth,3.2404137402963276,-2.3990683609115937
836,ground_truth,3.2338781097571916,-2.385567044921813
837,ground_truth,3.2271286673940374,-2.3721713356167236
838,ground_truth,3.22018373294445,-2.3588759271803146
839,ground_truth,3.213061292448924,-2.3456747589976237
840,ground_truth,3.2057790108482545,-2.332561087708143
841,ground_truth,3.198354248949636,-2.3195275574592493
842,ground_truth,3.19080408429963,-2.30656626841233
843,ground_truth,3.183145335516072,-2.29366884358912
844,ground_truth,3.175394589644532,-2.2808264941765395
845,ground_truth,3.1675682321177274,-2.2680300834351392
846,ground_truth,3.1596824789080533,-2.255270189379305
847,ground_truth,3.1517534104738583,-2.2425371664167146
848,ground_truth,3.143797007109021,-2.22982120615034
849,ground_truth,3.135829185312638,-2.217112397558616
850,ground_truth,3.1278658348010127,-2.204400786778349
851,ground_truth,3.1199228557876206,-2.191676436720573
852,ground_truth,3.1120161961581605,-2.1789294867519
853,ground_truth,3.1041618881672486,-2.16615021267299
854,ground_truth,3.096376084280707,-2.1533290872215987
855,ground_truth,3.0886750917828474,-2.140456841320129
856,ground_truth,3.0810754057616876,-2.127524526276805
857,ground_truth,3.0735937400768405,-2.114523577135293
858,ground_truth,3.0662470559049746,-2.1014458773498244
859,ground_truth,3.059052587446545,-2.0882838249414553
860,ground_truth,3.0520278643651015,-2.07503040026596
861,ground_truth,3.0451907305172323,-2.061679235494813
862,ground_truth,3.0385593585174098,-2.0482246858776767
863,ground_truth,3.0321522596680492,-2.0346619028176067
864,ground_truth,3.025988288771395,-2.020986908748679
865,ground_truth,3.0200866433269087,-2.007196673759834
866,ground_truth,3.014466856606133,-1.993289193858249
867,ground_truth,3.009148784087195,-1.979263570710477
868,ground_truth,3.004152582723743,-1.9651200926397958
869,ground_truth,2.999498682518947,-1.9508603165937353
870,ground_truth,2.995207749874923,-1.9364871507265906
871,ground_truth,2.991300642192381,-1.9220049371679864
872,ground_truth,2.987777887317294,-1.9074244639901345
873,ground_truth,2.984623616118198,-1.892759861261027
874,ground_truth,2.9818214092219146,-1.878023931140725
875,ground_truth,2.979354377095869,-1.8632281968740838
876,ground_truth,2.9772052325150273,-1.8483829559676304
877,ground_truth,2.9753563556549656,-1.833497336922514
878,ground_truth,2.973789852092863,-1.8185793589566528
879,ground_truth,2.9724876040322443,-1.8036359942087583
880,ground_truth,2.9714313150956486,-1.7886732319743837
881,ground_truth,2.970602549052709,-1.7736961445790964
882,ground_truth,2.9699827628700093,-1.7587089545460137
883,ground_truth,2.9695533344840794,-1.743715102763988
884,ground_truth,2.969295585710579,-1.7287173174084842
885,ground_truth,2.96919080071157,-1.7137176834094834
886,ground_truth,2.9692202404493098,-1.69871771229945
887,ground_truth,2.969365153559582,-1.6837184123094346
888,ground_truth,2.969606784080695,-1.6687203586126622
889,ground_truth,2.9699263764761676,-1.6537237636424447
890,ground_truth,2.9703051783902064,-1.6387285474349362
891,ground_truth,2.9707244415755225,-1.6237344079670828
892,ground_truth,2.9711654214331524,-1.608740891476107
893,ground_truth,2.9716093756038378,-1.5937474627590213
894,ground_truth,2.9720375620503843,-1.5787535754589583
895,ground_truth,2.972432206960435,-1.5637587678444882
896,ground_truth,2.9727965529146063,-1.5487631934298258
897,ground_truth,2.9731335289494325,-1.533766979002446
898,ground_truth,2.973445780840952,-1.5187702293960732
899,ground_truth,2.973735698477174,-1.5037730313989737
900,ground_truth,2.9740054405952465,-1.4887754569554266
901,ground_truth,2.9742569571340955,-1.4737775657893097
902,ground_truth,2.974492009430259,-1.4587794075551108
903,ground_truth,2.9747121884634775,-1.4437810236023867
904,ground_truth,2.974918931339252,-1.4287824484239466
905,ground_truth,2.975113536177926,-1.413783710845178
906,ground_truth,2.975297175563773,-1.3987848350014367
907,ground_truth,2.975470908692964,-1.3837858411418533
908,ground_truth,2.9756356923460063,-1.368786746290907
909,ground_truth,2.9757923907982247,-1.3537875647934028
910,ground_truth,2.9759417847709413,-1.338788308763822
911,ground_truth,2.976084579516135,-1.3237889884571965
912,ground_truth,2.9762214121184196,-1.308789612575549
913,ground_truth,2.9763528580900975,-1.2937901885213885
914,ground_truth,2.976479437327718,-1.2787907226076767
915,ground_truth,2.9766016194919698,-1.263791220231973
916,ground_truth,2.9767198288667465,-1.248791686021081
917,ground_truth,2.976834448747826,-1.2337921239513785
918,ground_truth,2.9769458254067267,-1.2187925374490827
919,ground_truth,2.9770542716708777,-1.2037929294739458
920,ground_truth,2.9771600701572773,-1.1887933025892439
921,ground_truth,2.977263476193192,-1.1737936590204208
922,ground_truth,2.9773647204542115,-1.1587940007043254
923,ground_truth,2.9774640113470325,-1.1437943293306385
924,ground_truth,2.9775615371616944,-1.1287946463768066
925,ground_truth,2.9776574680155923,-1.1137949531375677
926,ground_truth,2.977751957609429,-1.098795250749965
927,ground_truth,2.977845144813317,-1.0837955402145902
928,ground_truth,2.977937155099476,-1.06879582241367
929,ground_truth,2.978028101836374,-1.0537960981265022
930,ground_truth,2.978118087457726,-1.0387963680426657
931,ground_truth,2.978207204518468,-1.0237966327733523
932,ground_truth,2.9782955366486363,-1.0087968928611144
933,ground_truth,2.978383159415041,-0.9937971487882707
934,ground_truth,2.9784701410996526,-0.9787974009841728
935,ground_truth,2.978556543402758,-0.9637976498315031
936,ground_truth,2.978642422078171,-0.9487978956717473
937,ground_truth,2.978727827507061,-0.9337981388099607
938,ground_truth,2.9788128052163487,-0.9187983795189278
939,ground_truth,2.978897396347017,-0.9037986180428039
940,ground_truth,2.978981638077192,-0.888798854600306
941,ground_truth,2.9790655640043635,-0.8737990893875186
942,ground_truth,2.979149204490692,-0.858799322580363
943,ground_truth,2.979232586974977,-0.8437995543367762
944,ground_truth,2.979315736254506,-0.8287997847986361
945,ground_truth,2.9793986747396946,-0.8138000140934661
946,ground_truth,2.979481422684151,-0.7988002423359464
947,ground_truth,2.9795639983925346,-0.7838004696292556
948,ground_truth,2.9796464184083598,-0.7688006960662651
949,ground_truth,2.9797286976836763,-0.7538009217306008
950,ground_truth,2.979810849732383,-0.7388011466975913
951,ground_truth,2.979892886768753,-0.7238013710351134
952,ground_truth,2.9799748198325946,-0.7088015948043476
953,ground_truth,2.980056658902347,-0.6938018180604536
954,ground_truth,2.9801384129972694,-0.6788020408531761
955,ground_truth,2.980220090269777,-0.6638022632273859
956,ground_truth,2.9803016980888772,-0.6488024852235665
957,ground_truth,2.9803832431155635,-0.6338027068782501
958,ground_truth,2.9804647313709443,-0.6188029282244087
959,ground_truth,2.980546168297806,-0.6038031492918063
960,ground_truth,2.9806275588162445,-0.5888033701073148
961,ground_truth,2.980708907373941,-0.573803590695198
962,ground_truth,2.9807902179915886,-0.5588038110773684
963,ground_truth,2.9808714943039525,-0.5438040312736163
964,ground_truth,2.9809527395969693,-0.528804251301818
965,ground_truth,2.9810339568412787,-0.5138044711781219
966,ground_truth,2.9811151487225254,-0.49880469091711743
967,ground_truth,2.981196317668745,-0.48380491053198615
968,ground_truth,2.981277465875115,-0.46880513003463875
969,ground_truth,2.981358595326323,-0.45380534943583845
970,ground_truth,2.9814397078167847,-0.43880556874531196
971,ground_truth,2.9815208049689144,-0.4238057879718501
972,ground_truth,2.9816018882496405,-0.4088060071233981
973,ground_truth,2.981682958985332,-0.39380622620713757
974,ground_truth,2.9817640183752916,-0.37880644522956
975,ground_truth,2.981845067503946,-0.3638066641965334
976,ground_truth,2.981926107351872,-0.3488068831133626
977,ground_truth,2.9820071388057583,-0.3338071019848434
978,ground_truth,2.982088162667411,-0.31880732081531155
979,ground_truth,2.9821691796618937,-0.30380753960868706
980,ground_truth,2.982250190444886,-0.2888077583685143
981,ground_truth,2.982331195609336,-0.273807977097998
982,ground_truth,2.982412195691473,-0.2588081958000359
983,ground_truth,2.9824931911762413,-0.2438084144772483
984,ground_truth,2.982574182502218,-0.22880863313200475
985,ground_truth,2.9826551700660504,-0.21380885176644798
986,ground_truth,2.982736154226476,-0.19880907038251575
987,ground_truth,2.982817135307951,-0.1838092889819605
988,ground_truth,2.982898113603932,-0.16880950756636715
989,ground_truth,2.982979089379846,-0.1538097261371691
990,ground_truth,2.9830600628757704,-0.13880994469566277
991,ground_truth,2.9831410343088605,-0.12381016324302076
992,ground_truth,2.9832220038755417,-0.10881038178030365
993,ground_truth,2.983302971753493,-0.0938106003084708
994,ground_truth,2.983383938103439,-0.07881081882838994
995,ground_truth,2.983464903070772,-0.06381103734084605
996,ground_truth,2.9835458667870176,-0.04881125584654915
997,ground_truth,2.9836268293711594,-0.03381147434614158
998,ground_truth,2.983707790930838,-0.018811692840204425
999,ground_truth,2.9837887515634347,-0.0038119113292633556
1000,ground_truth,2.983869711357051,0.01118787018620605
1001,ground_truth,2.9839506703913954,0.026187651705773526
1002,ground_truth,2.9840316287385846,0.0411874332290498
1003,ground_truth,2.9841125864638682,0.056187214755682675
1004,ground_truth,2.984193543626284,0.07118699628535348
1005,ground_truth,2.9842745002792506,0.0861867778177739
1006,ground_truth,2.984355456471104,0.10118655935268302
1007,ground_truth,2.9844364122455818,0.11618634088984478
1008,ground_truth,2.984517367642262,0.13118612242904557
1009,ground_truth,2.9845983226969586,0.14618590397009207
1010,ground_truth,2.9846792774420825,0.16118568551280935
1011,ground_truth,2.984760231906964,0.1761854670570391
1012,ground_truth,2.984841186118146,0.19118524860263808
1013,ground_truth,2.9849221400996515,0.20618503014947664
1014,ground_truth,2.985003093873221,0.22118481169743742
1015,ground_truth,2.9850840474585323,0.23618459324641425
1016,ground_truth,2.9851650008733945,0.25118437479631095
1017,ground_truth,2.985245954133928,0.26618415634704057
1018,ground_truth,2.9853269072547226,0.28118393789852436
1019,ground_truth,2.985407860248986,0.29618371945069105
1020,ground_truth,2.985488813128674,0.3111835010034761
1021,ground_truth,2.985569765904607,0.32618328255682105
1022,ground_truth,2.985650718586583,0.3411830641106731
1023,ground_truth,2.9857316711834696,0.3561828456649844
1024,ground_truth,2.9858126237032967,0.3711826272197116
1025,ground_truth,2.9858935761533325,0.38618240877481547
1026,ground_truth,2.985974528540158,0.4011821903302604
1027,ground_truth,2.9860554808697315,0.41618197188601436
1028,ground_truth,2.9861364331474474,0.4311817534420482
1029,ground_truth,2.9862173853781906,0.4461815349983355
1030,ground_truth,2.9862983375663843,0.4611813165548525
1031,ground_truth,2.9863792897160337,0.4761810981115775
1032,ground_truth,2.9864602418307653,0.49118087966849094
1033,ground_truth,2.986541193913863,0.5061806612255751
1034,ground_truth,2.9866221459683016,0.521180442782814
1035,ground_truth,2.986703097996774,0.536180224340193
1036,ground_truth,2.9867840500017206,0.5511800058976989
1037,ground_truth,2.98686500198535,0.5661797874553198
1038,ground_truth,2.9869459539496637,0.581179569013045
1039,ground_truth,2.987026905896474,0.5961793505708647
1040,ground_truth,2.987107857827423,0.61117913212877
1041,ground_truth,2.9871888097439974,0.6261789136867528
1042,ground_truth,2.9872697616475445,0.641178695244806
1043,ground_truth,2.987350713539285,0.6561784768029228
1044,ground_truth,2.9874316654203246,0.6711782583610975
1045,ground_truth,2.9875126172916646,0.6861780399193245
1046,ground_truth,2.9875935691542126,0.7011778214775989
1047,ground_truth,2.9876745210087905,0.7161776030359164
1048,ground_truth,2.9877554728561435,0.7311773845942728
1049,ground_truth,2.987836424696947,0.7461771661526646
1050,ground_truth,2.9879173765318123,0.7611769477110885
1051,ground_truth,2.987998328361294,0.7761767292695414
1052,ground_truth,2.9880792801858935,0.7911765108280207
1053,ground_truth,2.988160232006067,0.8061762923865238
1054,ground_truth,2.9882411838222267,0.8211760739450485
1055,ground_truth,2.9883221356347467,0.836175855503593
1056,ground_truth,2.9884030874439658,0.8511756370621553
1057,ground_truth,2.9884840392501912,0.8661754186207337
1058,ground_truth,2.9885649910537015,0.8811752001793267
1059,ground_truth,2.988645942854749,0.8961749817379331
1060,ground_truth,2.9887268946535626,0.9111747632965514
1061,ground_truth,2.98880784645035,0.9261745448551808
1062,ground_truth,2.9888887982452985,0.94117432641382
1063,ground_truth,2.9889697500385792,0.9561741079724683
1064,ground_truth,2.989050701830347,0.9711738895311247
1065,ground_truth,2.9891316536207415,0.9861736710897886
1066,ground_truth,2.9892126054098904,1.0011734526484593
1067,ground_truth,2.9892935571979087,1.016173234207136
1068,ground_truth,2.989374508984901,1.031173015765818
1069,ground_truth,2.9894554607709622,1.0461727973245054
1070,ground_truth,2.9895364125561783,1.0611725788831972
1071,ground_truth,2.9896173643406274,1.0761723604418931
1072,ground_truth,2.98969831612438,1.0911721420005929
1073,ground_truth,2.989779267907501,1.106171923559296
1074,ground_truth,2.9898602196900477,1.1211717051180021
1075,ground_truth,2.9899411714720734,1.1361714866767112
1076,ground_truth,2.990022123253626,1.1511712682354227
1077,ground_truth,2.9901030750347495,1.1661710497941367
1078,ground_truth,2.9901840268154825,1.1811708313528526
1079,ground_truth,2.990264978595861,1.1961706129115706
1080,ground_truth,2.990345930375918,1.2111703944702903
1081,ground_truth,2.990426882155683,1.2261701760290116
1082,ground_truth,2.9905078339351823,1.2411699575877342
1083,ground_truth,2.9905887857144404,1.2561697391464581
1084,ground_truth,2.990669737493479,1.2711695207051832
1085,ground_truth,2.990750689272319,1.2861693022639094
1086,ground_truth,2.9908316410509777,1.3011690838226366
1087,ground_truth,2.990912592829472,1.3161688653813648
1088,ground_truth,2.990993544607817,1.3311686469400936
1089,ground_truth,2.9910744963860263,1.3461684284988231
1090,ground_truth,2.991155448164112,1.3611682100575533
1091,ground_truth,2.9912363999420855,1.3761679916162841
1092,ground_truth,2.9913173517199567,1.3911677731750156
1093,ground_truth,2.9913983034977356,1.4061675547337475
1094,ground_truth,2.99147925527543,1.42116733629248
1095,ground_truth,2.991560207053048,1.4361671178512128
1096,ground_truth,2.991641158830596,1.451166899409946
1097,ground_truth,2.9917221106080802,1.4661666809686795
1098,ground_truth,2.991803062385507,1.4811664625274135
1099,ground_truth,2.9918840141628813,1.4961662440861476
1100,ground_truth,2.9919649659402077,1.511166025644882
1101,ground_truth,2.9920459177174905,1.5261658072036166
1102,ground_truth,2.992126869494734,1.5411655887623514
1103,ground_truth,2.992207821271941,1.5561653703210865
1104,ground_truth,2.9922887730491157,1.5711651518798218
1105,ground_truth,2.9923697248262604,1.586164933438557
1106,ground_truth,2.992450676603378,1.6011647149972925
1107,ground_truth,2.992531628380471,1.6161644965560282
1108,ground_truth,2.992612580157541,1.631164278114764
1109,ground_truth,2.9926935319345906,1.6461640596734999
1110,ground_truth,2.9927744837116217,1.6611638412322358
1111,ground_truth,2.9928554354886354,1.676163622790972
1112,ground_truth,2.9929363872656336,1.6911634043497081
1113,ground_truth,2.9930173390426176,1.7061631859084443
1114,ground_truth,2.9930982908195887,1.7211629674671807
1115,ground_truth,2.993179242596548,1.736162749025917
1116,ground_truth,2.993260194373497,1.7511625305846534
1117,ground_truth,2.9933411461504362,1.7661623121433898
1118,ground_truth,2.9934220979273665,1.7811620937021264
1119,ground_truth,2.9935030497042883,1.796161875260863
1120,ground_truth,2.993584001481203,1.8111616568195996
1121,ground_truth,2.9936649532581106,1.8261614383783362
1122,ground_truth,2.9937459050350124,1.8411612199370728
1123,ground_truth,2.9938268568119084,1.8561610014958094
1124,ground_truth,2.993907808588799,1.8711607830545463
1125,ground_truth,2.9939887603656854,1.886160564613283
1126,ground_truth,2.9940697121425672,1.90116034617202
1127,ground_truth,2.994150663919445,1.9161601277307567
1128,ground_truth,2.9942316156963193,1.9311599092894935
1129,ground_truth,2.9943125674731905,1.9461596908482304
1130,ground_truth,2.9943935192500586,1.9611594724069672
1131,ground_truth,2.994474471026924,1.976159253965704
1132,ground_truth,2.9945554228037867,1.9911590355244408
1133,ground_truth,2.9946363745806472,2.0061588170831777
1134,ground_truth,2.9947173263575055,2.0211585986419145
1135,ground_truth,2.994798278134362,2.0361583802006513
1136,ground_truth,2.994879229911217,2.051158161759388
1137,ground_truth,2.9949601816880698,2.066157943318125
1138,ground_truth,2.9950411334649214,2.081157724876862
1139,ground_truth,2.9951220852417717,2.0961575064355986
1140,ground_truth,2.9952030370186207,2.1111572879943354
1141,ground_truth,2.9952839887954688,2.1261570695530723
1142,ground_truth,2.9953649405723155,2.141156851111809
1143,ground_truth,2.9954458923491614,2.156156632670546
1144,ground_truth,2.9955268441260063,2.1711564142292827
1145,ground_truth,2.995607795902851,2.1861561957880196
1146,ground_truth,2.9956887476796945,2.2011559773467564
1147,ground_truth,2.9957696994565373,2.216155758905493
1148,ground_truth,2.9958506512333796,2.23115554046423
1149,ground_truth,2.9959316030102214,2.246155322022967
1150,ground_truth,2.996012554787063,2.2611551035817037
1151,ground_truth,2.9960935065639034,2.2761548851404405
1152,ground_truth,2.9961744583407435,2.2911546666991773
1153,ground_truth,2.9962554101175836,2.306154448257914
1154,ground_truth,2.996336361894423,2.321154229816651
1155,ground_truth,2.9964173136712624,2.336154011375388
1156,ground_truth,2.996498265448101,2.3511537929341246
1157,ground_truth,2.99657921722494,2.3661535744928615
1158,ground_truth,2.9966601690017782,2.3811533560515983
1159,ground_truth,2.996741120778616,2.396153137610335
1160,ground_truth,2.996822072555454,2.411152919169072
1161,ground_truth,2.9969030243322914,2.4261527007278088
1162,ground_truth,2.996983976109129,2.4411524822865456
1163,ground_truth,2.997064927885966,2.4561522638452824
1164,ground_truth,2.9971458796628028,2.4711520454040192
1165,ground_truth,2.9972268314396397,2.486151826962756
1166,ground_truth,2.9973077832164763,2.501151608521493
1167,ground_truth,2.997388734993313,2.5161513900802297
1168,ground_truth,2.9974696867701494,2.5311511716389665
1169,ground_truth,2.997550638546986,2.5461509531977033
1170,ground_truth,2.997631590323822,2.56115073475644
1171,ground_truth,2.997712542100658,2.576150516315177
1172,ground_truth,2.997793493877494,2.591150297873914
1173,ground_truth,2.9978744456543303,2.6061500794326506
1174,ground_truth,2.997955397431166,2.6211498609913875
1175,ground_truth,2.9980363492080015,2.6361496425501243
1176,ground_truth,2.998117300984837,2.651149424108861
1177,ground_truth,2.998198252761673,2.666149205667598
1178,ground_truth,2.9982792045385085,2.6811489872263348
1179,ground_truth,2.998360156315344,2.6961487687850716
1180,ground_truth,2.99844110809218,2.7111485503438084
1181,ground_truth,2.998519361476454,2.725648339183921
1182,ground_truth,2.9986003132532892,2.740648120742658
1183,ground_truth,2.998662515244815,2.755647991772512
1184,ground_truth,2.9986872174034476,2.77064797143261
1185,ground_truth,2.9986556695965034,2.7856479382571027
1186,ground_truth,2.9985491226622822,2.8006475598440232
1187,ground_truth,2.9983488307844657,2.8156462225565346
1188,ground_truth,2.9980360556240786,2.830642961258634
1189,ground_truth,2.99759207264783,2.845636389122762
1190,ground_truth,2.996998180090796,2.860624627565978
1191,ground_truth,2.9962357109898994,2.8756052363943994
1192,ground_truth,2.9952860487222326,2.8905751442624315
1193,ground_truth,2.9941306464786512,2.90553057958393
1194,ground_truth,2.9927510510979003,2.920467002066754
1195,ground_truth,2.991128931679427,2.9353790350801363
1196,ground_truth,2.989246113383576,2.9502603991058165
1197,ground_truth,2.987084616815568,2.9651038465688044
1198,ground_truth,2.984626703374071,2.9799010983918324
1199,ground_truth,2.9818549269256933,2.9946427826687465
1200,ground_truth,2.9787521921428577,3.00931837590607
1201,ground_truth,2.9753018198136414,3.0239161473383738
1202,ground_truth,2.9714876193976547,3.038423106881527
1203,ground_truth,2.9672939690613167,3.0528249573479265
1204,ground_truth,2.962705903378281,3.067106051608807
1205,ground_truth,2.957709208825697,3.0812493554501366
1206,ground_truth,2.952290527143792,3.095236416929596
1207,ground_truth,2.946437466554406,3.1090473431019054
1208,ground_truth,2.940138720752995,3.1226607850373314
1209,ground_truth,2.9333841954977693,3.1360539321124783
1210,ground_truth,2.9261651425186503,3.1492025166022506
1211,ground_truth,2.9184743003572353,3.1620808296458214
1212,ground_truth,2.910306041626745,3.1746617496961105
1213,ground_truth,2.9016565260479332,3.186916784590059
1214,ground_truth,2.892523858473176,3.1988161283941925
1215,ground_truth,2.8829082509567105,3.2103287341847726
1216,ground_truth,2.87281218776472,3.2214224039122943
1217,ground_truth,2.8622405920453127,3.232063896474215
1218,ground_truth,2.851200992696456,3.242219055075474
1219,ground_truth,2.8397036897807473,3.2518529548914588
1220,ground_truth,2.8277619166412156,3.2609300719604386
1221,ground_truth,2.8153919966739895,3.2694144741199556
1222,ground_truth,2.8026134925139665,3.277270034662162
1223,ground_truth,2.7894583437666305,3.2844771187767994
1224,ground_truth,2.7759594314527805,3.291017712506958
1225,ground_truth,2.7621504958231036,3.2968754677745875
1226,ground_truth,2.7480725133712443,3.302053344760877
1227,ground_truth,2.733764552977317,3.306556928818693
1228,ground_truth,2.719263676153755,3.3103941897360496
1229,ground_truth,2.704604860521752,3.313575246835024
1230,ground_truth,2.6898209447415984,3.316112141433806
1231,ground_truth,2.674942593110129,3.31801861795618
1232,ground_truth,2.6599982780504434,3.319309914745011
1233,ground_truth,2.6450142787500073,3.32000256542503
1234,ground_truth,2.6300146942503764,3.3201142114658717
1235,ground_truth,2.6150214693523908,3.31966342641907
1236,ground_truth,2.6000544317723526,3.3186695521424525
1237,ground_truth,2.5851313390650974,3.317152547181793
1238,ground_truth,2.5702679339169405,3.315132847352178
1239,ground_truth,2.555478006503366,3.31263123844965
1240,ground_truth,2.5407734627013414,3.3096687409265555
1241,ground_truth,2.5261643970428183,3.306266506280774
1242,ground_truth,2.51165916939304,3.3024457248386985
1243,ground_truth,2.497264484433592,3.298227544553524
1244,ground_truth,2.4829854731247667,3.2936330003930605
1245,ground_truth,2.4688257754140013,3.2886829538539106
1246,ground_truth,2.454787623546183,3.2833980421104583
1247,ground_truth,2.4408719254170568,3.2777986362867093
1248,ground_truth,2.4270783474923374,3.2719048083256386
1249,ground_truth,2.4134053968921885,3.2657363059234434
1250,ground_truth,2.3998505023132157,3.25931253499408
1251,ground_truth,2.386410093527957,3.252652549131847
1252,ground_truth,2.373079679264929,3.2457750455458028
1253,ground_truth,2.359853923330625,3.238698366948733
1254,ground_truth,2.346726718888503,3.231440508894546
1255,ground_truth,2.333691260858986,3.2240191320707554
1256,ground_truth,2.3207401164489987,3.216451579066537
1257,ground_truth,2.307865293859625,3.2087548951512295
1258,ground_truth,2.2950583092563086,3.2009458526125814
1259,ground_truth,2.2823102521177137,3.193040978218189
1260,ground_truth,2.2696118491071147,3.1850565833769746
1261,ground_truth,2.256953526634087,3.1770087965899845
1262,ground_truth,2.2443254722945043,3.1689135977909095
1263,ground_truth,2.231717695393487,3.1607868541863544
1264,ground_truth,2.2191200867691543,3.152644357213795
1265,ground_truth,2.2065224781448216,3.1445018602412356
1266,ground_truth,2.1939147012438043,3.1363751166366804
1267,ground_truth,2.1812866469042214,3.128279917837606
1268,ground_truth,2.168628324431194,3.120232131050616
1269,ground_truth,2.155929921420595,3.1122477362094014
1270,ground_truth,2.143181864282,3.104342861815009
1271,ground_truth,2.1303748796786834,3.096533819276361
1272,ground_truth,2.11750005708931,3.0888371353610533
1273,ground_truth,2.1045489126793226,3.081269582356835
1274,ground_truth,2.0915134546498058,3.0738482055330443
1275,ground_truth,2.0783862502076835,3.0665903474788574
1276,ground_truth,2.0651604942733797,3.0595136688817877
1277,ground_truth,2.0518300800103515,3.0526361652957434
1278,ground_truth,2.038389671225093,3.0459761794335103
1279,ground_truth,2.02483477664612,3.039552408504147
1280,ground_truth,2.011161826045971,3.033383906101952
1281,ground_truth,1.997368248121252,3.027490078140881
1282,ground_truth,1.9834525499921258,3.021890672317132
1283,ground_truth,1.969414398124308,3.01660576057368
1284,ground_truth,1.9552547004135428,3.01165571403453
1285,ground_truth,1.9409756891047178,3.0070611698740666
1286,ground_truth,1.9265810041452696,3.002842989588892
1287,ground_truth,1.9120757764954914,2.9990222081468163
1288,ground_truth,1.897475262068029,2.995583461506911
1289,ground_truth,1.8827933503524834,2.992510764259064
1290,ground_truth,1.8680426095009448,2.9897875961902973
1291,ground_truth,1.8532343361612542,2.987396981060878
1292,ground_truth,1.8383786093779022,2.9853215577935903
1293,ground_truth,1.8234843479426999,2.9835436443255476
1294,ground_truth,1.8085593706384022,2.9820452944110745
1295,ground_truth,1.793610458877776,2.980808347697181
1296,ground_truth,1.7786434212977376,2.9798144734205634
1297,ground_truth,1.7636631599227548,2.979045208097542
1298,ground_truth,1.7486737375633978,2.9784819875964836
1299,ground_truth,1.7336784461644903,2.978106173996615
1300,ground_truth,1.7186798758625417,2.977899077648257
1301,ground_truth,1.703679984553891,2.9778419748579004
1302,ground_truth,1.688680167813126,2.977916121627661
1303,ground_truth,1.673681329035789,2.978102763882937
1304,ground_truth,1.6586839497100694,2.978383144624924
1305,ground_truth,1.6436881597490693,2.9787385084463427
1306,ground_truth,1.628693807838301,2.9791501038496673
1307,ground_truth,1.6137005317722946,2.979599183807486
1308,ground_truth,1.5987078287695844,2.980067005004663
1309,ground_truth,1.5837151257668742,2.98053482620184
1310,ground_truth,1.5687218497008677,2.9809839061596586
1311,ground_truth,1.5537274977900994,2.981395501562983
1312,ground_truth,1.5387322282827285,2.981772187640917
1313,ground_truth,1.5237361997809753,2.982117338585588
1314,ground_truth,1.5087395426854906,2.98243400238277
1315,ground_truth,1.493742364291616,2.982724932309564
1316,ground_truth,1.4787447529564783,2.982992615406049
1317,ground_truth,1.4637467815071241,2.9832392982071423
1318,ground_truth,1.4487485100286621,2.9834670099950573
1319,ground_truth,1.433749988145859,2.983677583808904
1320,ground_truth,1.418751256890819,2.9838726754260523
1321,ground_truth,1.4037523502323779,2.9840537805098326
1322,ground_truth,1.3887532963289728,2.984222250099826
1323,ground_truth,1.3737541185554207,2.984379304604318
1324,ground_truth,1.3587548363447992,2.9845260464393033
1325,ground_truth,1.3437554658790796,2.9846634714446636
1326,ground_truth,1.328756020655999,2.984792479195611
1327,ground_truth,1.3137565119546342,2.984913882316173
1328,ground_truth,1.2987569492180324,2.985028414891222
1329,ground_truth,1.2837573403679028,2.985136740064247
1330,ground_truth,1.2687576920636352,2.9852394568996723
1331,ground_truth,1.2537580099156778,2.985337106580903
1332,ground_truth,1.2387582986614776,2.9854301780084125
1333,ground_truth,1.2237585623106981,2.9855191128559584
1334,ground_truth,1.2087588042652084,2.9856043101374024
1335,ground_truth,1.1937590274183405,2.985686130331526
1336,ground_truth,1.1787592342371027,2.9857648991076435
1337,ground_truth,1.1637594268303644,2.985840910690681
1338,ground_truth,1.1487596070054888,2.985914430900627
1339,ground_truth,1.1337597763154434,2.985985699897894
1340,ground_truth,1.1187599360980514,2.986054934663073
1341,ground_truth,1.1037600875087539,2.9861223312367877
1342,ground_truth,1.0887602315480043,2.986188066742894
1343,ground_truth,1.0737603690842192,2.9862523012159867
1344,ground_truth,1.058760500873046,2.9863151792521654
1345,ground_truth,1.0437606275735707,2.986376831500169
1346,ground_truth,1.028760749761984,2.9864373760083303
1347,ground_truth,1.0137608679431298,2.986496919441302
1348,ground_truth,0.998760982560287,2.9865555581791643
1349,ground_truth,0.9837610940034744,2.9866133793102883
1350,ground_truth,0.9687612026165212,2.986670461528242
1351,ground_truth,0.953761308703099,2.98672687594202
1352,ground_truth,0.9387614125318837,2.98678268680798
1353,ground_truth,0.9237615143409815,2.9868379521910664
1354,ground_truth,0.908761614341736,2.9868927245621504
1355,ground_truth,0.8937617127220099,2.9869470513376752
1356,ground_truth,0.8787618096490216,2.987000975367178
1357,ground_truth,0.8637619052718032,2.987054535373731
1358,ground_truth,0.848761999723335,2.9871077663518553
1359,ground_truth,0.8337620931224051,2.987160699927016
1360,ground_truth,0.8187621855752317,2.987213364680413
1361,ground_truth,0.8037622771768825,2.98726578644242
1362,ground_truth,0.7887623680125189,2.9873179885577055
1363,ground_truth,0.7737624581584893,2.987369992124768
1364,ground_truth,0.7587625476832917,2.9874218162123585
1365,ground_truth,0.7437626366484218,2.987473478055025
1366,ground_truth,0.7287627251091237,2.9875249932297914
1367,ground_truth,0.7137628131150533,2.987576375815798
1368,ground_truth,0.6987629007108672,2.9876276385385436
1369,ground_truth,0.6837629879367448,2.987678792900224
1370,ground_truth,0.6687630748288532,2.9877298492974966
1371,ground_truth,0.653763161419761,2.9877808171278994
1372,ground_truth,0.6387632477388069,2.9878317048860077
1373,ground_truth,0.6237633338124289,2.9878825202503263
1374,ground_truth,0.6087634196644585,2.9879332701618075
1375,ground_truth,0.5937635053163834,2.9879839608948036
1376,ground_truth,0.5787635907875834,2.9880345981211858
1377,ground_truth,0.563763676095541,2.988085186968285
1378,ground_truth,0.5487637612560305,2.988135732071254
1379,ground_truth,0.533763846283288,2.988186237620386
1380,ground_truth,0.5187639311901632,2.9882367074038774
1381,ground_truth,0.5037640159882567,2.9882871448464767
1382,ground_truth,0.48876410068804316,2.988337553044409
1383,ground_truth,0.4737641852989814,2.9883879347969415
1384,ground_truth,0.45876426982961444,2.9884382926349127
1385,ground_truth,0.4437643542876588,2.988488628846514
1386,ground_truth,0.42876443868008546,2.988538945500593
1387,ground_truth,0.41376452301319233,2.9885892444677165
1388,ground_truth,0.3987646072926698,2.9886395274392035
1389,ground_truth,0.38376469152365994,2.988689795944334
1390,ground_truth,0.3687647757108094,2.9887400513658986
1391,ground_truth,0.3537648598583178,2.9887902949542555
1392,ground_truth,0.33876494396998075,2.9888405278400363
1393,ground_truth,0.3237650280492291,2.9888907510456306
1394,ground_truth,0.30876511209916396,2.9889409654955674
1395,ground_truth,0.2937651961225889,2.9889911720258993
1396,ground_truth,0.2787652801220383,2.9890413713926836
1397,ground_truth,0.26376536409980345,2.989091564279652
1398,ground_truth,0.248765448057956,2.9891417513051417
1399,ground_truth,0.23376553199836905,2.989191933028362
1400,ground_truth,0.21876561592273625,2.989242109955059
1401,ground_truth,0.20376569983258908,2.9892922825426353
1402,ground_truth,0.1887657837293124,2.989342451204783
1403,ground_truth,0.17376586761415863,2.9893926163156657
1404,ground_truth,0.15876595148826028,2.989442778213705
1405,ground_truth,0.14376603535264165,2.9894929372050005
1406,ground_truth,0.12876611920822909,2.9895430935664233
1407,ground_truth,0.11376620305586041,2.989593247548413
1408,ground_truth,0.09876628689629342,2.9896433993775053
1409,ground_truth,0.08376637073021355,2.989693549258619
1410,ground_truth,0.06876645455824076,2.9897436973771225
1411,ground_truth,0.05376653838093588,2.9897938439007032
1412,ground_truth,0.03876662219880619,2.989843988981057
1413,ground_truth,0.023766706012310585,2.9898941327554183
1414,ground_truth,0.00876678982186421,2.989944275347939
1415,ground_truth,-0.006233126372157378,2.989994416870941
1416,ground_truth,-0.021233042569414412,2.990044557426044
1417,ground_truth,-0.036232958769599505,2.9900946971051887
1418,ground_truth,-0.051232874972434554,2.9901448359915594
1419,ground_truth,-0.06623279117766794,2.9901949741604215
1420,ground_truth,-0.08123270738507199,2.990245111679876
1421,ground_truth,-0.09623262359444074,2.990295248611543
1422,ground_truth,-0.11123253980558775,2.9903453850111807
1423,ground_truth,-0.1262324560183444,2.990395520929244
1424,ground_truth,-0.14123237223255808,2.9904456564113895
1425,ground_truth,-0.15623228844809064,2.9904957914989336
1426,ground_truth,-0.17123220466481714,2.990545926229266
1427,ground_truth,-0.18623212088262447,2.9905960606362245
1428,ground_truth,-0.20123203710141024,2.990646194750431
1429,ground_truth,-0.21623195332108186,2.9906963285995998
1430,ground_truth,-0.23123186954155547,2.9907464622088145
1431,ground_truth,-0.24623178576275517,2.9907965956007776
1432,ground_truth,-0.2612317019846123,2.9908467287960376
1433,ground_truth,-0.2762316182070647,2.990896861813193
1434,ground_truth,-0.2912315344300561,2.9909469946690788
1435,ground_truth,-0.3062314506535356,2.9909971273789338
1436,ground_truth,-0.321231366877457,2.9910472599565527
1437,ground_truth,-0.3362312831017787,2.9910973924144226
1438,ground_truth,-0.3512311993264628,2.9911475247638477
1439,ground_truth,-0.36623111555147514,2.991197657015062
1440,ground_truth,-0.38123103177678475,2.9912477891773306
1441,ground_truth,-0.3962309480023636,2.9912979212590414
1442,ground_truth,-0.4112308642281863,2.9913480532677883
1443,ground_truth,-0.42623078045422985,2.9913981852104476
1444,ground_truth,-0.4412306966804735,2.9914483170932455
1445,ground_truth,-0.45623061290689837,2.991498448921819
1446,ground_truth,-0.4712305291334874,2.9915485807012723
1447,ground_truth,-0.48623044536022514,2.9915987124362284
1448,ground_truth,-0.5012303615870977,2.991648844130873
1449,ground_truth,-0.5162302778140921,2.9916989757889962
1450,ground_truth,-0.5312301940411972,2.9917491074140314
1451,ground_truth,-0.5462301102684025,2.9917992390090875
1452,ground_truth,-0.5612300264956986,2.99184937057698
1453,ground_truth,-0.576229942723077,2.9918995021202597
1454,ground_truth,-0.5912298589505299,2.991949633641236
1455,ground_truth,-0.6062297751780503,2.991999765142001
1456,ground_truth,-0.621229691405632,2.992049896624451
1457,ground_truth,-0.6362296076332691,2.992100028090302
1458,ground_truth,-0.6512295238609564,2.992150159541109
1459,ground_truth,-0.6662294400886895,2.9922002909782814
1460,ground_truth,-0.6812293563164638,2.9922504224030955
1461,ground_truth,-0.6962292725442755,2.992300553816708
1462,ground_truth,-0.7112291887721212,2.9923506852201656
1463,ground_truth,-0.7262291049999976,2.9924008166144187
1464,ground_truth,-0.7412290212279019,2.992450948000327
1465,ground_truth,-0.7562289374558315,2.9925010793786697
1466,ground_truth,-0.771228853683784,2.9925512107501535
1467,ground_truth,-0.7862287699117573,2.9926013421154183
1468,ground_truth,-0.8012286861397494,2.9926514734750445
1469,ground_truth,-0.8162286023677586,2.9927016048295574
1470,ground_truth,-0.8312285185957834,2.992751736179433
1471,ground_truth,-0.8462284348238222,2.9928018675251042
1472,ground_truth,-0.8612283510518737,2.9928519988669615
1473,ground_truth,-0.8762282672799367,2.9929021302053602
1474,ground_truth,-0.8912281835080104,2.992952261540622
1475,ground_truth,-0.9062280997360934,2.993002392873038
1476,ground_truth,-0.9212280159641851,2.9930525242028723
1477,ground_truth,-0.9362279321922846,2.9931026555303655
1478,ground_truth,-0.9512278484203912,2.993152786855734
1479,ground_truth,-0.9662277646485042,2.9932029181791755
1480,ground_truth,-0.9812276808766232,2.993253049500868
1481,ground_truth,-0.9962275971047474,2.993303180820974
1482,ground_truth,-1.0112275133328765,2.99335331213964
1483,ground_truth,-1.0262274295610099,2.993403443456999
1484,ground_truth,-1.0412273457891472,2.9934535747731723
1485,ground_truth,-1.0562272620172881,2.993503706088269
1486,ground_truth,-1.0712271782454323,2.993553837402389
1487,ground_truth,-1.0862270944735795,2.9936039687156226
1488,ground_truth,-1.1012270107017292,2.993654100028051
1489,ground_truth,-1.1162269269298815,2.9937042313397484
1490,ground_truth,-1.131226843158036,2.9937543626507823
1491,ground_truth,-1.1462267593861926,2.993804493961214
1492,ground_truth,-1.161226675614351,2.9938546252710987
1493,ground_truth,-1.176226591842511,2.993904756580487
1494,ground_truth,-1.1912265080706725,2.9939548878894238
1495,ground_truth,-1.2062264242988354,2.994005019197951
1496,ground_truth,-1.2212263405269996,2.9940551505061057
1497,ground_truth,-1.236226256755165,2.9941052818139227
1498,ground_truth,-1.2512261729833312,2.9941554131214327
1499,ground_truth,-1.2662260892114985,2.9942055444286635
1500,ground_truth,-1.2812260054396667,2.994255675735641
1501,ground_truth,-1.2962259216678356,2.9943058070423882
1502,ground_truth,-1.311225837896005,2.994355938348926
1503,ground_truth,-1.3262257541241753,2.9944060696552737
1504,ground_truth,-1.3412256703523462,2.9944562009614484
1505,ground_truth,-1.3562255865805175,2.994506332267466
1506,ground_truth,-1.3712255028086893,2.994556463573341
1507,ground_truth,-1.3862254190368615,2.9946065948790856
1508,ground_truth,-1.4012253352650341,2.9946567261847123
1509,ground_truth,-1.416225251493207,2.9947068574902316
1510,ground_truth,-1.4312251677213803,2.9947569887956536
1511,ground_truth,-1.4462250839495538,2.9948071201009867
1512,ground_truth,-1.4612250001777276,2.994857251406239
1513,ground_truth,-1.4762249164059018,2.9949073827114177
1514,ground_truth,-1.4912248326340762,2.9949575140165297
1515,ground_truth,-1.5062247488622509,2.995007645321581
1516,ground_truth,-1.5212246650904255,2.9950577766265765
1517,ground_truth,-1.5362245813186004,2.995107907931522
1518,ground_truth,-1.5512244975467755,2.9951580392364217
1519,ground_truth,-1.5662244137749506,2.9952081705412796
1520,ground_truth,-1.581224330003126,2.9952583018460994
1521,ground_truth,-1.5962242462313014,2.9953084331508846
1522,ground_truth,-1.611224162459477,2.995358564455638
1523,ground_truth,-1.6262240786876525,2.9954086957603634
1524,ground_truth,-1.6412239949158283,2.9954588270650624
1525,ground_truth,-1.656223911144004,2.9955089583697374
1526,ground_truth,-1.6712238273721798,2.995559089674391
1527,ground_truth,-1.6862237436003558,2.995609220979025
1528,ground_truth,-1.7012236598285317,2.9956593522836408
1529,ground_truth,-1.7162235760567077,2.9957094835882403
1530,ground_truth,-1.731223492284884,2.9957596148928247
1531,ground_truth,-1.7462234085130601,2.9958097461973954
1532,ground_truth,-1.7612233247412363,2.9958598775019536
1533,ground_truth,-1.7762232409694125,2.9959100088065007
1534,ground_truth,-1.7912231571975887,2.9959601401110376
1535,ground_truth,-1.806223073425765,2.9960102714155648
1536,ground_truth,-1.8212229896539414,2.9960604027200834
1537,ground_truth,-1.8362229058821178,2.996110534024594
1538,ground_truth,-1.8512228221102942,2.9961606653290977
1539,ground_truth,-1.8662227383384706,2.9962107966335947
1540,ground_truth,-1.881222654566647,2.996260927938086
1541,ground_truth,-1.8962225707948235,2.9963110592425717
1542,ground_truth,-1.911222487023,2.996361190547052
1543,ground_truth,-1.9262224032511763,2.9964113218515283
1544,ground_truth,-1.9412223194793528,2.9964614531560003
1545,ground_truth,-1.9562222357075292,2.9965115844604684
1546,ground_truth,-1.9712221519357056,2.996561715764933
1547,ground_truth,-1.986222068163882,2.9966118470693943
1548,ground_truth,-2.0012219843920587,2.996661978373853
1549,ground_truth,-2.016221900620235,2.996712109678309
1550,ground_truth,-2.0312218168484115,2.9967622409827626
1551,ground_truth,-2.046221733076588,2.9968123722872138
1552,ground_truth,-2.0612216493047644,2.996862503591663
1553,ground_truth,-2.076221565532941,2.9969126348961104
1554,ground_truth,-2.091221481761117,2.9969627662005562
1555,ground_truth,-2.1062213979892936,2.9970128975050003
1556,ground_truth,-2.12122131421747,2.997063028809443
1557,ground_truth,-2.1362212304456465,2.9971131601138845
1558,ground_truth,-2.151221146673823,2.9971632914183246
1559,ground_truth,-2.1662210629019993,2.997213422722764
1560,ground_truth,-2.1812209791301758,2.9972635540272017
1561,ground_truth,-2.196220895358352,2.9973136853316387
1562,ground_truth,-2.2112208115865286,2.9973638166360748
1563,ground_truth,-2.226220727814705,2.9974139479405104
1564,ground_truth,-2.2412206440428815,2.997464079244945
1565,ground_truth,-2.256220560271058,2.997514210549379
1566,ground_truth,-2.2712204764992343,2.9975643418538125
1567,ground_truth,-2.2862203927274107,2.9976144731582455
1568,ground_truth,-2.301220308955587,2.997664604462678
1569,ground_truth,-2.3162202251837636,2.9977147357671097
1570,ground_truth,-2.33122014141194,2.9977648670715413
1571,ground_truth,-2.3462200576401164,2.9978149983759725
1572,ground_truth,-2.361219973868293,2.9978651296804033
1573,ground_truth,-2.3762198900964693,2.9979152609848336
1574,ground_truth,-2.3912198063246457,2.9979653922892635
1575,ground_truth,-2.406219722552822,2.9980155235936934
1576,ground_truth,-2.4212196387809986,2.998065654898123
1577,ground_truth,-2.436219555009175,2.998115786202552
1578,ground_truth,-2.4512194712373514,2.998165917506981
1579,ground_truth,-2.466219387465528,2.9982160488114094
1580,ground_truth,-2.4812193036937042,2.998266180115838
1581,ground_truth,-2.4962192199218807,2.9983163114202664
1582,ground_truth,-2.511219136150057,2.9983664427246945
1583,ground_truth,-2.5262190523782335,2.9984165740291226
1584,ground_truth,-2.54121896860641,2.9984667053335503
1585,ground_truth,-2.5562188848345864,2.998516836637978
1586,ground_truth,-2.571218801062763,2.9985669679424056
1587,ground_truth,-2.586218717290939,2.9986170992468333
1588,ground_truth,-2.6012186335191156,2.9986672305512605
1589,ground_truth,-2.616218549747292,2.9987173618556877
1590,ground_truth,-2.6312184659754685,2.998767493160115
1591,ground_truth,-2.646218382203645,2.998817624464542
1592,ground_truth,-2.6612182984318213,2.998867755768969
1593,ground_truth,-2.6762182146599978,2.9989178870733957
1594,ground_truth,-2.691218130888174,2.9989680183778225
1595,ground_truth,-2.7062180471163506,2.9990181496822492
1596,ground_truth,-2.720907144760533,2.9990672421981373
1597,ground_truth,-2.7359070609887093,2.999117373502564
1598,ground_truth,-2.750907028162317,2.999148754877423
1599,ground_truth,-2.7659070269144075,2.999142636275344
1600,ground_truth,-2.780906897253176,2.9990802678528015
1601,ground_truth,-2.795906268253143,2.9989429011706656
1602,ground_truth,-2.8109044877614244,2.998711791713039
1603,ground_truth,-2.8259005521420772,2.998368203163582
1604,ground_truth,-2.8408930360968583,2.9978934138780686
1605,ground_truth,-2.855880022619964,2.9972687259910087
1606,ground_truth,-2.870859033167343,2.9964754775926368
1607,ground_truth,-2.885826958147997,2.995495058410089
1608,ground_truth,-2.900779987875306,2.9943089294229126
1609,ground_truth,-2.915713544150694,2.99289864683782
1610,ground_truth,-2.9306222126899373,2.9912458908404074
1611,ground_truth,-2.9454996766438835,2.989332499532015
1612,ground_truth,-2.9603386515102796,2.987140508447531
1613,ground_truth,-2.9751308217815344,2.9846521960342267
1614,ground_truth,-2.989866779724416,2.9818501354521496
1615,ground_truth,-3.004535966741607,2.978717253032608
1616,ground_truth,-3.0191266178213856,2.975236893702286
1617,ground_truth,-3.033625709640069,2.9713928936459153
1618,ground_truth,-3.0480189129417927,2.96716966043956
1619,ground_truth,-3.0622905498811095,2.962552260838883
1620,ground_truth,-3.0764235570751834,2.95752651635152
1621,ground_truth,-3.090399455173206,2.9520791066594105
1622,ground_truth,-3.1041983258102968,2.946197680884921
1623,ground_truth,-3.117798796870536,2.9398709766133755
1624,ground_truth,-3.1311780370378726,2.9330889464936605
1625,ground_truth,-3.1443117606632223,2.9258428921374655
1626,ground_truth,-3.157174244019788,2.918125604926141
1627,ground_truth,-3.1697383540550557,2.9099315132118826
1628,ground_truth,-3.1819755907754255,2.9012568352668735
1629,ground_truth,-3.1938561444163502,2.8920997371902386
1630,ground_truth,-3.2053489685553407,2.8824604948284014
1631,ground_truth,-3.216421870315323,2.872341658600169
1632,ground_truth,-3.2270416187795985,2.8617482199443067
1633,ground_truth,-3.2371740726949616,2.850687777925425
1634,ground_truth,-3.246784328474235,2.839170704344999
1635,ground_truth,-3.2558368894214462,2.8272103055098
1636,ground_truth,-3.264295856989943,2.814822978611913
1637,ground_truth,-3.2721251447438116,2.8020283604750897
1638,ground_truth,-3.2793051835410805,2.7888584309813638
1639,ground_truth,-3.285818027024049,2.775346108095703
1640,ground_truth,-3.291651059121932,2.761526710983489
1641,ground_truth,-3.296807465756427,2.747440850320408
1642,ground_truth,-3.3012930231839435,2.7331272283272
1643,ground_truth,-3.305115859184052,2.7186225420184145
1644,ground_truth,-3.3082862202304035,2.703961409359722
1645,ground_truth,-3.3108162461342974,2.689176316565775
1646,ground_truth,-3.3127197534109794,2.6742975847633796
1647,ground_truth,-3.3140120283943206,2.65935335425902
1648,ground_truth,-3.314709630917527,2.644369584682588
1649,ground_truth,-3.3148302091863746,2.6293700693277144
1650,ground_truth,-3.314392326297303,2.6143764620707715
1651,ground_truth,-3.3134152986953636,2.5994083153229255
1652,ground_truth,-3.311919046726218,2.5844831275504108
1653,ground_truth,-3.3099239573115686,2.569616398985338
1654,ground_truth,-3.307450758667904,2.554821694241107
1655,ground_truth,-3.3045204068935035,2.5401107106411476
1656,ground_truth,-3.301153984167391,2.5254933511658826
1657,ground_truth,-3.2973726082353996,2.5109778010191968
1658,ground_truth,-3.2931973528017853,2.4965706069112494
1659,ground_truth,-3.2886491783988645,2.482276758248254
1660,ground_truth,-3.2837488732709783,2.4680997695110922
1661,ground_truth,-3.2785170037817006,2.4540417631927283
1662,ground_truth,-3.272973873833635,2.4401035527488135
1663,ground_truth,-3.2671394927774418,2.4262847250962545
1664,ground_truth,-3.261033551280006,2.4125837222705524
1665,ground_truth,-3.2546754046200137,2.398997921924234
1666,ground_truth,-3.2480840628818513,2.385523716415531
1667,ground_truth,-3.2412781875248986,2.3721565902986117
1668,ground_truth,-3.2342760938142536,2.3588911960840644
1669,ground_truth,-3.2270957586100186,2.34572142819109
1670,ground_truth,-3.219754833024917,2.3326404950609954
1671,ground_truth,-3.2122706594736123,2.319640989445244
1672,ground_truth,-3.2046602926511976,2.306714956920595
1673,ground_truth,-3.1969405239924216,2.293853962718941
1674,ground_truth,-3.1891279091769653,2.281049156990414
1675,ground_truth,-3.181238798259074,2.2682913386453674
1676,ground_truth,-3.1732893680118193,2.255571017944063
1677,ground_truth,-3.1652956560869265,2.242878478022446
1678,ground_truth,-3.1572735966002345,2.2302038355583775
1679,ground_truth,-3.149239056760285,2.2175371007952167
1680,ground_truth,-3.1412078741631175,2.2048682371488217
1681,ground_truth,-3.1331958943799765,2.1921872206298456
1682,ground_truth,-3.12521900846625,2.1794840993157987
1683,ground_truth,-3.117293190019519,2.166749053106638
1684,ground_truth,-3.1094345314121306,2.153972453993708
1685,ground_truth,-3.10165927881924,2.1411449270646097
1686,ground_truth,-3.093983865656882,2.128257412456001
1687,ground_truth,-3.086424944036472,2.1153012284523482
1688,ground_truth,-3.0789994138323196,2.1022681359111584
1689,ground_truth,-3.0717244489474984,2.0891504041741307
1690,ground_truth,-3.064617520350988,2.0759408785988462
1691,ground_truth,-3.0576964154456276,2.0626330498169225
1692,ground_truth,-3.050979253312508,2.0492211247918792
1693,ground_truth,-3.044484495363253,2.0357000997131145
1694,ground_truth,-3.038230950917712,2.022065834721277
1695,ground_truth,-3.032237777211329,2.0083151304147653
1696,ground_truth,-3.0265244733243817,1.99444580603701
1697,ground_truth,-3.0211108675150395,1.980456779189475
1698,ground_truth,-3.0160170974303093,1.966348146855903
1699,ground_truth,-3.0112635826641942,1.9521212674592001
1700,ground_truth,-3.0068709891314596,1.9377788436035133
1701,ground_truth,-3.002860184729095,1.9233250050806165
1702,ground_truth,-2.9992400130060437,1.9087684135600849
1703,ground_truth,-2.9959947905615767,1.8941236694077985
1704,ground_truth,-2.9931082553871096,1.8794040255708517
1705,ground_truth,-2.9905636497726023,1.8646214350581365
1706,ground_truth,-2.988343795502179,1.849786602837377
1707,ground_truth,-2.9864311615653194,1.8349090414974405
1708,ground_truth,-2.984807924652675,1.8199971300865774
1709,ground_truth,-2.9834560227417266,1.805058175597619
1710,ground_truth,-2.982357202107758,1.7900984766295793
1711,ground_truth,-2.98149305812061,1.7751233888111564
1712,ground_truth,-2.9808450702080234,1.7601373916249448
1713,ground_truth,-2.9803946313826204,1.7451441563214964
1714,ground_truth,-2.98012307274233,1.7301466146594477
1715,ground_truth,-2.980011683363789,1.7151470282516048
1716,ground_truth,-2.9800417260154926,1.700147058336999
1717,ground_truth,-2.98019444912263,1.6851478358353977
1718,ground_truth,-2.9804510954190686,1.6701500315734892
1719,ground_truth,-2.980792907724164,1.6551539266009276
1720,ground_truth,-2.9812011322833714,1.6401594825395676
1721,ground_truth,-2.9816570201122,1.625166411930532
1722,ground_truth,-2.9821418267832294,1.6101742485612338
1723,ground_truth,-2.982636811095809,1.5951824177680884
1724,ground_truth,-2.9831232330679054,1.5801903067204386
1725,ground_truth,-2.983582351689391,1.5651973346971404
1726,ground_truth,-2.984001095656876,1.5502031807200167
1727,ground_truth,-2.984383367174291,1.5352080525616123
1728,ground_truth,-2.984732691315609,1.520212120691792
1729,ground_truth,-2.9850522524018155,1.5052155250543755
1730,ground_truth,-2.985344926893563,1.490218380604785
1731,ground_truth,-2.9856133131262665,1.4752207818359788
1732,ground_truth,-2.9858597581856676,1.4602228064781948
1733,ground_truth,-2.9860863821951438,1.4452245185239538
1734,ground_truth,-2.986295100261328,1.430225970701953
1735,ground_truth,-2.986487642301865,1.415227206500772
1736,ground_truth,-2.9866655709582743,1.400228261824788
1737,ground_truth,-2.9868302977778463,1.385229166349563
1738,ground_truth,-2.98698309783112,1.37022994463163
1739,ground_truth,-2.987125122915679,1.3552306170175215
1740,ground_truth,-2.9872574134826335,1.340231200388669
1741,ground_truth,-2.9873809094091146,1.3252317087720793
1742,ground_truth,-2.987496459728282,1.3102321538412243
1743,ground_truth,-2.9876048314176273,1.2952325453271014
1744,ground_truth,-2.9877067173366596,1.280232891355776
1745,ground_truth,-2.987802743396269,1.2652331987257293
1746,ground_truth,-2.9878934750341335,1.2502334731359097
1747,ground_truth,-2.9879794230633476,1.2352337193733884
1748,ground_truth,-2.988061048954945,1.2202339414679053
1749,ground_truth,-2.9881387696091433,1.2052341428192597
1750,ground_truth,-2.9882129616648094,1.1902343263024193
1751,ground_truth,-2.98828396539187,1.175234494354336
1752,ground_truth,-2.988352088207051,1.160234649045732
1753,ground_truth,-2.988417607849422,1.1452347921405324
1754,ground_truth,-2.988480775248696,1.1302349251451331
1755,ground_truth,-2.9885418171160243,1.1152350493492995
1756,ground_truth,-2.988600938284168,1.1002351658601695
1757,ground_truth,-2.9886583238213067,1.0852352756305668
1758,ground_truth,-2.9887141409403997,1.0702353794826192
1759,ground_truth,-2.988768540723896,1.0552354781274917
1760,ground_truth,-2.988821659681665,1.0402355721819092
1761,ground_truth,-2.9888736211582896,1.0252356621820142
1762,ground_truth,-2.988924536604307,1.010235748595018
1763,ground_truth,-2.988974506724558,0.9952358318290129
1764,ground_truth,-2.989023622515538,0.9802359122412592
1765,ground_truth,-2.989071966202495,0.9652359901451971
1766,ground_truth,-2.989119612085964,0.9502360658163951
1767,ground_truth,-2.9891666273065116,0.9352361394976082
1768,ground_truth,-2.989213072535587,0.9202362114030906
1769,ground_truth,-2.9892590025996437,0.9052362817222817
1770,ground_truth,-2.9893044670439677,0.8902363506229631
1771,ground_truth,-2.989349510642058,0.8752364182539732
1772,ground_truth,-2.9893941738558114,0.8602364847475428
1773,ground_truth,-2.9894384932512774,0.8452365502213128
1774,ground_truth,-2.9894825018742694,0.8302366147800817
1775,ground_truth,-2.989526229589722,0.8152366785173204
1776,ground_truth,-2.9895697033882875,0.8002367415164914
1777,ground_truth,-2.9896129476633475,0.7852368038521984
1778,ground_truth,-2.9896559844612893,0.7702368655911913
1779,ground_truth,-2.9896988337076382,0.7552369267932466
1780,ground_truth,-2.989741513411371,0.7402369875119399
1781,ground_truth,-2.9897840398495226,0.7252370477953257
1782,ground_truth,-2.9898264277339863,0.7102371076865369
1783,ground_truth,-2.989868690362232,0.6952371672243133
1784,ground_truth,-2.9899108397534855,0.6802372264434696
1785,ground_truth,-2.989952886771786,0.6652372853753103
1786,ground_truth,-2.989994841237174,0.6502373440479973
1787,ground_truth,-2.9900367120261677,0.6352374024868768
1788,ground_truth,-2.9900785071625533,0.6202374607147706
1789,ground_truth,-2.9901202338994284,0.6052375187522352
1790,ground_truth,-2.99016189879334,0.590237576617793
1791,ground_truth,-2.990203507771279,0.5752376343281388
1792,ground_truth,-2.9902450661912274,0.5602376918983248
1793,ground_truth,-2.9902865788968667,0.5452377493419258
1794,ground_truth,-2.9903280502670246,0.5302378066711868
1795,ground_truth,-2.9903694842603583,0.5152378638971561
1796,ground_truth,-2.9904108844557364,0.5002379210298041
1797,ground_truth,-2.990452254088734,0.4852379780781304
1798,ground_truth,-2.990493596084617,0.4702380350502594
1799,ground_truth,-2.9905349130881507,0.4552380919535267
1800,ground_truth,-2.9905762074905415,0.4402381487945567
1801,ground_truth,-2.9906174814537874,0.42523820557933223
1802,ground_truth,-2.9906587369326845,0.4102382623132575
1803,ground_truth,-2.990699975694721,0.3952383190012144
1804,ground_truth,-2.990741199338053,0.3802383756476137
1805,ground_truth,-2.990782409307758,0.36523843225644065
1806,ground_truth,-2.9908236069105216,0.35023848883129644
1807,ground_truth,-2.9908647933279138,0.33523854537543557
1808,ground_truth,-2.990905969628392,0.3202386018917994
1809,ground_truth,-2.9909471367781477,0.3052386583830464
1810,ground_truth,-2.990988295650913,0.29023871485157965
1811,ground_truth,-2.9910294470368233,0.27523877129957125
1812,ground_truth,-2.9910705916504323,0.26023882772898504
1813,ground_truth,-2.9911117301379546,0.2452388841415963
1814,ground_truth,-2.9911528630838133,0.23023894053901017
1815,ground_truth,-2.991193991016561,0.2152389969226779
1816,ground_truth,-2.991235114414229,0.20023905329391167
1817,ground_truth,-2.9912762337091685,0.1852391096538981
1818,ground_truth,-2.991317349292422,0.17023916600371014
1819,ground_truth,-2.9913584615176796,0.15523922234431814
1820,ground_truth,-2.9913995707048517,0.14023927867659958
1821,ground_truth,-2.9914406771433044,0.12523933500134807
1822,ground_truth,-2.99148178109478,0.11023939131928136
1823,ground_truth,-2.991522882796039,0.09523944763104861
1824,ground_truth,-2.9915639824612517,0.08023950393723697
1825,ground_truth,-2.991605080284155,0.06523956023837754
1826,ground_truth,-2.991646176440009,0.050239616534950716
1827,ground_truth,-2.9916872710873603,0.035239672827391044
1828,ground_truth,-2.991728364369641,0.020239729116091613
1829,ground_truth,-2.9917694564166117,0.005239785401408023
1830,ground_truth,-2.991810547345669,-0.009760158316338028
1831,ground_truth,-2.9918516372630237,-0.024760102036855507
1832,ground_truth,-2.991892726264772,-0.03976004575988112
1833,ground_truth,-2.9919338144378576,-0.054759989485176644
1834,ground_truth,-2.991974901860948,-0.06975993321252655
1835,ground_truth,-2.9920159886052233,-0.08475987694173583
1836,ground_truth,-2.99205707473509,-0.09975982067262804
1837,ground_truth,-2.992098160308828,-0.11475976440504353
1838,ground_truth,-2.992139245379173,-0.12975970813883783
1839,ground_truth,-2.9921803299938476,-0.1447596518738802
1840,ground_truth,-2.9922214141960377,-0.15975959561005237
1841,ground_truth,-2.9922624980248247,-0.17475953934724725
1842,ground_truth,-2.992303581515577,-0.189759483085368
1843,ground_truth,-2.9923446647003034,-0.2047594268243269
1844,ground_truth,-2.9923857476079725,-0.21975937056404465
1845,ground_truth,-2.992426830264804,-0.2347593143044494
1846,ground_truth,-2.992467912694528,-0.24975925804547616
1847,ground_truth,-2.992508994918623,-0.26475920178706613
1848,ground_truth,-2.992550076956531,-0.27975914552916603
1849,ground_truth,-2.9925911588258494,-0.29475908927172767
1850,ground_truth,-2.992632240542507,-0.30975903301470736
1851,ground_truth,-2.9926733221209245,-0.3247589767580657
1852,ground_truth,-2.9927144035741544,-0.33975892050176687
1853,ground_truth,-2.9927554849140137,-0.35475886424577857
1854,ground_truth,-2.9927965661512,-0.36975880799007144
1855,ground_truth,-2.9928376472953984,-0.384758751734619
1856,ground_truth,-2.9928787283553775,-0.3997586954793972
1857,ground_truth,-2.9929198093390763,-0.41475863922438433
1858,ground_truth,-2.992960890253683,-0.42975858296956065
1859,ground_truth,-2.993001971105705,-0.4447585267149084
1860,ground_truth,-2.993043051901037,-0.4597584704604114
1861,ground_truth,-2.993084132645014,-0.4747584142060551
1862,ground_truth,-2.993125213342469,-0.48975835795182615
1863,ground_truth,-2.9931662939977772,-0.5047583016977126
1864,ground_truth,-2.9932073746149017,-0.5197582454437037
1865,ground_truth,-2.9932484551974317,-0.5347581891897896
1866,ground_truth,-2.993289535748617,-0.5497581329359612
1867,ground_truth,-2.9933306162714013,-0.5647580766822107
1868,ground_truth,-2.993371696768451,-0.5797580204285306
1869,ground_truth,-2.993412777242181,-0.5947579641749144
1870,ground_truth,-2.993453857694779,-0.6097579079213561
1871,ground_truth,-2.993494938128226,-0.6247578516678503
1872,ground_truth,-2.993536018544317,-0.6397577954143919
1873,ground_truth,-2.9935770989446784,-0.6547577391609767
1874,ground_truth,-2.993618179330783,-0.6697576829076004
1875,ground_truth,-2.9936592597039646,-0.6847576266542595
1876,ground_truth,-2.993700340065433,-0.6997575704009508
1877,ground_truth,-2.993741420416284,-0.7147575141476711
1878,ground_truth,-2.993782500757509,-0.7297574578944177
1879,ground_truth,-2.9938235810900085,-0.7447574016411883
1880,ground_truth,-2.9938646614145967,-0.7597573453879806
1881,ground_truth,-2.9939057417320125,-0.7747572891347925
1882,ground_truth,-2.993946822042925,-0.7897572328816221
1883,ground_truth,-2.9939879023479405,-0.804757176628468
1884,ground_truth,-2.994028982647609,-0.8197571203753286
1885,ground_truth,-2.994070062942429,-0.8347570641222023
1886,ground_truth,-2.994111143232851,-0.8497570078690881
1887,ground_truth,-2.994152223519285,-0.8647569516159849
1888,ground_truth,-2.994193303802102,-0.8797568953628915
1889,ground_truth,-2.9942343840816377,-0.8947568391098071
1890,ground_truth,-2.9942754643581977,-0.9097567828567309
1891,ground_truth,-2.994316544632058,-0.924756726603662
1892,ground_truth,-2.9943576249034694,-0.9397566703506
1893,ground_truth,-2.994398705172659,-0.9547566140975439
1894,ground_truth,-2.9944397854398326,-0.9697565578444933
1895,ground_truth,-2.994480865705177,-0.9847565015914478
1896,ground_truth,-2.994521945968862,-0.9997564453384068
1897,ground_truth,-2.994563026231041,-1.01475638908537
1898,ground_truth,-2.9946041064918534,-1.029756332832337
1899,ground_truth,-2.994645186751425,-1.0447562765793073
1900,ground_truth,-2.9946862670098713,-1.0597562203262807
1901,ground_truth,-2.9947273472672955,-1.0747561640732568
1902,ground_truth,-2.9947684275237925,-1.0897561078202356
1903,ground_truth,-2.9948095077794474,-1.1047560515672166
1904,ground_truth,-2.9948505880343377,-1.1197559953141998
1905,ground_truth,-2.9948916682885343,-1.1347559390611848
1906,ground_truth,-2.9949327485421007,-1.1497558828081715
1907,ground_truth,-2.9949738287950947,-1.1647558265551599
1908,ground_truth,-2.995014909047569,-1.1797557703021495
1909,ground_truth,-2.9950559892995714,-1.1947557140491405
1910,ground_truth,-2.995097069551145,-1.2097556577961328
1911,ground_truth,-2.9951381498023295,-1.224755601543126
1912,ground_truth,-2.9951792300531603,-1.2397555452901203
1913,ground_truth,-2.99522031030367,-1.2547554890371155
1914,ground_truth,-2.9952613905538876,-1.2697554327841114
1915,ground_truth,-2.99530247080384,-1.2847553765311082
1916,ground_truth,-2.9953435510535518,-1.2997553202781054
1917,ground_truth,-2.9953846313030446,-1.3147552640251032
1918,ground_truth,-2.995425711552338,-1.3297552077721018
1919,ground_truth,-2.9954667918014506,-1.3447551515191007
1920,ground_truth,-2.995507872050399,-1.3597550952661002
1921,ground_truth,-2.9955489522991976,-1.3747550390131
1922,ground_truth,-2.9955900325478604,-1.3897549827601001
1923,ground_truth,-2.9956311127963997,-1.4047549265071007
1924,ground_truth,-2.9956721930448267,-1.4197548702541014
1925,ground_truth,-2.9957132732931515,-1.4347548140011026
1926,ground_truth,-2.9957543535413835,-1.449754757748104
1927,ground_truth,-2.9957954337895307,-1.4647547014951057
1928,ground_truth,-2.995836514037601,-1.4797546452421075
1929,ground_truth,-2.9958775942856017,-1.4947545889891096
1930,ground_truth,-2.9959186745335384,-1.5097545327361117
1931,ground_truth,-2.9959597547814174,-1.524754476483114
1932,ground_truth,-2.9960008350292435,-1.5397544202301165
1933,ground_truth,-2.9960419152770217,-1.554754363977119
1934,ground_truth,-2.9960829955247563,-1.5697543077241218
1935,ground_truth,-2.996124075772451,-1.5847542514711246
1936,ground_truth,-2.9961651560201097,-1.5997541952181276
1937,ground_truth,-2.9962062362677355,-1.6147541389651305
1938,ground_truth,-2.996247316515331,-1.6297540827121337
1939,ground_truth,-2.9962883967628993,-1.644754026459137
1940,ground_truth,-2.9963294770104425,-1.6597539702061401
1941,ground_truth,-2.996370557257963,-1.6747539139531433
1942,ground_truth,-2.9964116375054632,-1.6897538577001467
1943,ground_truth,-2.9964527177529443,-1.7047538014471502
1944,ground_truth,-2.9964937980004085,-1.7197537451941536
1945,ground_truth,-2.9965348782478567,-1.734753688941157
1946,ground_truth,-2.9965759584952907,-1.7497536326881606
1947,ground_truth,-2.996617038742712,-1.7647535764351643
1948,ground_truth,-2.996658118990121,-1.779753520182168
1949,ground_truth,-2.9966991992375194,-1.7947534639291716
1950,ground_truth,-2.996740279484908,-1.8097534076761752
1951,ground_truth,-2.9967813597322874,-1.8247533514231788
1952,ground_truth,-2.996822439979659,-1.8397532951701825
1953,ground_truth,-2.9968635202270226,-1.8547532389171861
1954,ground_truth,-2.9969046004743793,-1.86975318266419
1955,ground_truth,-2.99694568072173,-1.8847531264111939
1956,ground_truth,-2.9969867609690746,-1.8997530701581977
1957,ground_truth,-2.9970278412164144,-1.9147530139052016
1958,ground_truth,-2.9970689214637494,-1.9297529576522054
1959,ground_truth,-2.99711000171108,-1.9447529013992093
1960,ground_truth,-2.9971510819584064,-1.9597528451462132
1961,ground_truth,-2.9971921622057294,-1.974752788893217
1962,ground_truth,-2.997233242453049,-1.989752732640221
1963,ground_truth,-2.9972743227003655,-2.0047526763872248
1964,ground_truth,-2.997315402947679,-2.019752620134229
1965,ground_truth,-2.9973564831949906,-2.034752563881233
1966,ground_truth,-2.9973975634422994,-2.049752507628237
1967,ground_truth,-2.997438643689606,-2.064752451375241
1968,ground_truth,-2.9974797239369106,-2.079752395122245
1969,ground_truth,-2.9975208041842136,-2.0947523388692493
1970,ground_truth,-2.997561884431515,-2.1097522826162534
1971,ground_truth,-2.9976029646788147,-2.1247522263632574
1972,ground_truth,-2.9976440449261132,-2.1397521701102615
1973,ground_truth,-2.9976851251734105,-2.1547521138572656
1974,ground_truth,-2.9977262054207063,-2.1697520576042697
1975,ground_truth,-2.9977672856680013,-2.184752001351274
1976,ground_truth,-2.9978083659152954,-2.199751945098278
1977,ground_truth,-2.9978494461625886,-2.214751888845282
1978,ground_truth,-2.997890526409881,-2.229751832592286
1979,ground_truth,-2.9979316066571724,-2.24475177633929
1980,ground_truth,-2.9979726869044634,-2.259751720086294
1981,ground_truth,-2.9980137671517535,-2.2747516638332983
1982,ground_truth,-2.998054847399043,-2.2897516075803024
1983,ground_truth,-2.9980959276463324,-2.3047515513273065
1984,ground_truth,-2.9981370078936207,-2.3197514950743106
1985,ground_truth,-2.9981780881409086,-2.3347514388213146
1986,ground_truth,-2.998219168388196,-2.3497513825683187
1987,ground_truth,-2.9982602486354835,-2.364751326315323
1988,ground_truth,-2.9983013288827705,-2.379751270062327
1989,ground_truth,-2.998342409130057,-2.394751213809331
1990,ground_truth,-2.998383489377343,-2.409751157556335
1991,ground_truth,-2.998424569624629,-2.424751101303339
1992,ground_truth,-2.998465649871915,-2.4397510450503432
1993,ground_truth,-2.9985067301192005,-2.4547509887973473
1994,ground_truth,-2.9985478103664858,-2.4697509325443514
1995,ground_truth,-2.998588890613771,-2.4847508762913555
1996,ground_truth,-2.9986299708610558,-2.4997508200383596
1997,ground_truth,-2.9986710511083405,-2.5147507637853637
1998,ground_truth,-2.998712131355625,-2.5297507075323677
1999,ground_truth,-2.998753211602909,-2.544750651279372
2000,ground_truth,-2.9987942918501935,-2.559750595026376
2001,ground_truth,-2.9988353720974774,-2.57475053877338
2002,ground_truth,-2.9988764523447613,-2.589750482520384
2003,ground_truth,-2.998917532592045,-2.604750426267388
2004,ground_truth,-2.998958612839329,-2.6197503700143923
2005,ground_truth,-2.9989996930866125,-2.6347503137613963
2006,ground_truth,-2.999040773333896,-2.6497502575084004
2007,ground_truth,-2.9990818535811794,-2.6647502012554045
2008,ground_truth,-2.999122933828463,-2.6797501450024086
2009,ground_truth,-2.999164014075746,-2.6947500887494127
2010,ground_truth,-2.999205094323029,-2.7097500324964168
2011,ground_truth,-2.9992448396068783,-2.724262530871596
2012,ground_truth,-2.999283215549151,-2.738275031121875
2013,ground_truth,-2.999322960833,-2.7527875294970543
2014,ground_truth,-2.999345291123388,-2.7677875128756493
2015,ground_truth,-2.9993301214246095,-2.7827875052049884
2016,ground_truth,-2.9992587019930936,-2.7977873351795184
2017,ground_truth,-2.9991122846169422,-2.8127866205608942
2018,ground_truth,-2.9988721251771837,-2.827784697885788
2019,ground_truth,-2.9985194879664903,-2.8427805522128224
2020,ground_truth,-2.9980356522040776,-2.8577727469472505
2021,ground_truth,-2.997401921184594,-2.8727593538012033
2022,ground_truth,-2.9965996344972408,-2.8877378829703604
2023,ground_truth,-2.9956101837488895,-2.9027052136347304
2024,ground_truth,-2.9944150322212533,-2.9176575249218186
2025,ground_truth,-2.9929957388869166,-2.9325902275047775
2026,ground_truth,-2.9913339872018256,-2.947497896046072
2027,ground_truth,-2.9894116190822553,-2.962374202738691
2028,ground_truth,-2.9872106744618807,-2.9772118522418314
2029,ground_truth,-2.9847134368088315,-2.9920025183561143
2030,ground_truth,-2.9819024849630154,-3.0067367828345506
2031,ground_truth,-2.978760751629976,-3.0214040767793815
2032,ground_truth,-2.9752715888385155,-3.035992625131246
2033,ground_truth,-2.971418840634666,-3.0504893948154805
2034,ground_truth,-2.967186923243699,-3.064880047170257
2035,ground_truth,-2.9625609128841095,-3.0791488953421653
2036,ground_truth,-2.9575266413622723,-3.0932788673960805
2037,ground_truth,-2.952070799513114,-3.107251475946991
2038,ground_truth,-2.946181048480121,-3.1210467951810412
2039,ground_truth,-2.939846138746743,-3.1346434461903874
2040,ground_truth,-2.9330560367402625,-3.1480185916004975
2041,ground_truth,-2.925802058728072,-3.161147940518043
2042,ground_truth,-2.918077011614701,-3.174005764871183
2043,ground_truth,-2.90987534012562,-3.1865649282503736
2044,ground_truth,-2.9011932797307853,-3.198796928385284
2045,ground_truth,-2.8920290145170635,-3.2106719544102056
2046,ground_truth,-2.8823828390644426,-3.222158960074749
2047,ground_truth,-2.8722573232166595,-3.2332257540466403
2048,ground_truth,-2.861657478463324,-3.2438391084270983
2049,ground_truth,-2.85059092446872,-3.2539648865544577
2050,ground_truth,-2.839068054093488,-3.2635681911063084
2051,ground_truth,-2.8271021950609168,-3.2726135334222537
2052,ground_truth,-2.8147097662215246,-3.2810650248563498
2053,ground_truth,-2.801910426170281,-3.2888865908282403
2054,ground_truth,-2.7887361665915473,-3.296058681496388
2055,ground_truth,-2.775219916273248,-3.302563370369276
2056,ground_truth,-2.76139567161958,-3.3083849045103375
2057,ground_truth,-2.747304351367272,-3.3135263725445556
2058,ground_truth,-2.7329849602930345,-3.3179934789080816
2059,ground_truth,-2.7184744904472855,-3.321794303141798
2060,ground_truth,-2.703807845559922,-3.3249390650959008
2061,ground_truth,-2.689017786839022,-3.3274398975637665
2062,ground_truth,-2.674134898374239,-3.3293106276204076
2063,ground_truth,-2.6591875703694634,-3.3305665677135834
2064,ground_truth,-2.64420199846104,-3.331224317344878
2065,ground_truth,-2.629202197425605,-3.3313015759842814
2066,ground_truth,-2.614210027642802,-3.3308169676851196
2067,ground_truth,-2.599245232750261,-3.3297898777065016
2068,ground_truth,-2.5843254870090124,-3.32824030130745
2069,ground_truth,-2.5694664509849097,-3.3261887047500305
2070,ground_truth,-2.5546818342437483,-3.323655898437465
2071,ground_truth,-2.5399834638529795,-3.3206629220166137
2072,ground_truth,-2.5253813575797155,-3.317230941191448
2073,ground_truth,-2.510883800771858,-3.3133811559243265
2074,ground_truth,-2.4964974260055284,-3.309134719644018
2075,ground_truth,-2.4822272946766173,-3.304512669032478
2076,ground_truth,-2.4680769798063986,-3.2995358639254175
2077,ground_truth,-2.4540486494201463,-3.294224936833642
2078,ground_truth,-2.4401431499430255,-3.288600251572066
2079,ground_truth,-2.426360089138799,-3.2826818704701948
2080,ground_truth,-2.4126979181938206,-3.2764895296308847
2081,ground_truth,-2.399154012621151,-3.270042621702381
2082,ground_truth,-2.38572475172731,-3.26336018563122
2083,ground_truth,-2.372405596447121,-3.256460902869786
2084,ground_truth,-2.359191165410293,-3.2493630995213607
2085,ground_truth,-2.3460753091568587,-3.2420847539168123
2086,ground_truth,-2.3330511824674534,-3.234643509129929
2087,ground_truth,-2.3201113148187424,-3.2270566899523128
2088,ground_truth,-2.3072476790142478,-3.219341323863181
2089,ground_truth,-2.2944517580765016,-3.2115141655439094
2090,ground_truth,-2.2817146105180335,-3.203591724501288
2091,ground_truth,-2.2690269341363054,-3.195590295376904
2092,ground_truth,-2.2563791285014942,-3.1875259905324653
2093,ground_truth,-2.243761356326134,-3.1794147745119967
2094,ground_truth,-2.2311636039221625,-3.1712724999914323
2095,ground_truth,-2.218575740963996,-3.163114944834008
2096,ground_truth,-2.205987579785965,-3.15495784987588
2097,ground_truth,-2.1933889344488473,-3.1468169570704485
2098,ground_truth,-2.1807696798133693,-3.138708047621887
2099,ground_truth,-2.168119810858463,-3.1306469797383065
2100,ground_truth,-2.155429502478725,-3.122649725632855
2101,ground_truth,-2.1426891699889357,-3.1147324073968856
2102,ground_truth,-2.1298895305535877,-3.1069113313631753
2103,ground_truth,-2.1170216657461047,-3.099203020569211
2104,ground_truth,-2.1040770854256783,-3.091624244920861
2105,ground_truth,-2.091047793099335,-3.084192048645553
2106,ground_truth,-2.077926352912847,-3.076923774611615
2107,ground_truth,-2.064705958386244,-3.0698370850769336
2108,ground_truth,-2.0513805029778927,-3.0629499784159298
2109,ground_truth,-2.037944652525171,-3.0562808013593425
2110,ground_truth,-2.0243939195695786,-3.0498482562669067
2111,ground_truth,-2.0107247395295267,-3.0436714029391476
2112,ground_truth,-1.9969345486349395,-3.0377696544617176
2113,ground_truth,-1.9830218634840284,-3.0321627665645305
2114,ground_truth,-1.9689863620241483,-3.026870819969023
2115,ground_truth,-1.954828965695421,-3.0219141951908766
2116,ground_truth,-1.9405519224078573,-3.017313539263182
2117,ground_truth,-1.9261588899500715,-3.013089723847101
2118,ground_truth,-1.9116550193504942,-3.009263794204423
2119,ground_truth,-1.8970556004857315,-3.0058203992501356
2120,ground_truth,-1.8823745553003985,-3.002743564469682
2121,ground_truth,-1.86762448278038,-3.0000167786962484
2122,ground_truth,-1.8528167086912897,-2.997623073090611
2123,ground_truth,-1.8379613394002883,-2.995545092525742
2124,ground_truth,-1.823067319161704,-2.9937651596245805
2125,ground_truth,-1.8081424903079892,-2.9922653317386794
2126,ground_truth,-1.7931936558469446,-2.9910274511885935
2127,ground_truth,-1.7782266440233436,-2.990033189114394
2128,ground_truth,-1.763246374457762,-2.989264083307299
2129,ground_truth,-1.7482569255271903,-2.988701570411642
2130,ground_truth,-1.7332616027006855,-2.9883270129008284
2131,ground_truth,-1.7182630075886467,-2.988121721242139
2132,ground_truth,-1.7032631075061544,-2.9880669716736685
2133,ground_truth,-1.6882633053890634,-2.9881440200228626
2134,ground_truth,-1.6732645099360923,-2.988334112000424
2135,ground_truth,-1.6582672058809524,-2.988618490406218
2136,ground_truth,-1.6432715243255624,-2.9889783996855304
2137,ground_truth,-1.6282773130885737,-2.989395088274962
2138,ground_truth,-1.6132842070427704,-2.9898498091776027
2139,ground_truth,-1.5982916984304039,-2.990323819207156
2140,ground_truth,-1.5832992071571692,-2.9907983773405626
2141,ground_truth,-1.5683061510733318,-2.991254742618499
2142,ground_truth,-1.5533120162544694,-2.991674172033032
2143,ground_truth,-1.5383168396499498,-2.9920545384343735
2144,ground_truth,-1.5233208094877015,-2.9923996172267358
2145,ground_truth,-1.5083240796871469,-2.992712818901631
2146,ground_truth,-1.4933267761428992,-2.9929972242491463
2147,ground_truth,-1.478329001854583,-2.9932556161931365
2148,ground_truth,-1.463330841114935,-2.9934905085678256
2149,ground_truth,-1.4483323629293232,-2.9937041721251476
2150,ground_truth,-1.4333336238079681,-2.993898658036032
2151,ground_truth,-1.418334670046167,-2.994075819124734
2152,ground_truth,-1.403335539586603,-2.9942373290531585
2153,ground_truth,-1.3883362635405188,-2.9943846996518606
2154,ground_truth,-1.3733368674304067,-2.9945192965758776
2155,ground_truth,-1.3583373722053484,-2.9946423534466944
2156,ground_truth,-1.3433377950707295,-2.994754984626292
2157,ground_truth,-1.3283381501663851,-2.994858196755296
2158,ground_truth,-1.3133384491209716,-2.9949528991746
2159,ground_truth,-1.2983387015052517,-2.9950399133383865
2160,ground_truth,-1.283338915202809,-2.995119981316069
2161,ground_truth,-1.268339096713313,-2.9951937734713088
2162,ground_truth,-1.2533392514006727,-2.9952618953977295
2163,ground_truth,-1.2383393836961556,-2.995324894183293
2164,ground_truth,-1.2233394972647014,-2.9953832640683165
2165,ground_truth,-1.2083395951411475,-2.995437451555855
2166,ground_truth,-1.1933396798418536,-2.9954878600274655
2167,ground_truth,-1.178339753456208,-2.995534853912266
2168,ground_truth,-1.1633398177216758,-2.9955787624525327
2169,ground_truth,-1.1483398740853834,-2.995619883104923
2170,ground_truth,-1.1333399237546788,-2.9956584846125947
2171,ground_truth,-1.1183399677386698,-2.9956948097801046
2172,ground_truth,-1.1033400068823713,-2.9957290779798567
2173,ground_truth,-1.0883400418947975,-2.9957614874160994
2174,ground_truth,-1.0733400733720895,-2.995792217169941
2175,ground_truth,-1.0583401018165743,-2.9958214290465883
2176,ground_truth,-1.043340127652483,-2.9958492692439527
2177,ground_truth,-1.0283401512389272,-2.9958758698599115
2178,ground_truth,-1.0133401728806253,-2.995901350253847
2179,ground_truth,-0.9983401928367764,-2.995925818276564
2180,ground_truth,-0.9833402113284127,-2.9959493713813163
2181,ground_truth,-0.968340228544498,-2.995972097627461
2182,ground_truth,-0.9533402446469955,-2.9959940765871127
2183,ground_truth,-0.9383402597750831,-2.996015380164194
2184,ground_truth,-0.9233402740486663,-2.9960360733343494
2185,ground_truth,-0.9083402875713116,-2.996056214813379
2186,ground_truth,-0.8933403004326993,-2.9960758576611077
2187,ground_truth,-0.8783403127106786,-2.996095049826928
2188,ground_truth,-0.8633403244729932,-2.9961138346426592
2189,ground_truth,-0.8483403357787336,-2.996132251267819
2190,ground_truth,-0.8333403466795607,-2.9961503350918997
2191,ground_truth,-0.818340357220741,-2.9961681180978155
2192,ground_truth,-0.8033403674420232,-2.9961856291902653
2193,ground_truth,-0.7883403773783817,-2.996202894492404
2194,ground_truth,-0.7733403870606511,-2.996219937613886
2195,ground_truth,-0.7583403965160663,-2.9962367798930467
2196,ground_truth,-0.7433404057687252,-2.9962534406157157
2197,ground_truth,-0.7283404148399852,-2.9962699372129262
2198,ground_truth,-0.713340423748805,-2.996286285439553
2199,ground_truth,-0.698340432512038,-2.9963024995357226
2200,ground_truth,-0.6833404411446872,-2.996318592372662
2201,ground_truth,-0.668340449660125,-2.9963345755844815
2202,ground_truth,-0.6533404580702846,-2.996350459687256
2203,ground_truth,-0.6383404663858273,-2.9963662541866283
2204,ground_truth,-0.6233404746162868,-2.9963819676750423
2205,ground_truth,-0.6083404827701974,-2.996397607919605
2206,ground_truth,-0.5933404908552048,-2.996413181941484
2207,ground_truth,-0.5783404988781646,-2.996428696087658
2208,ground_truth,-0.5633405068452284,-2.9964441560957527
2209,ground_truth,-0.5483405147619196,-2.9964595671526353
2210,ground_truth,-0.533340522633201,-2.9964749339473653
2211,ground_truth,-0.518340530463534,-2.9964902607190473
2212,ground_truth,-0.5033405382569316,-2.996505551300077
2213,ground_truth,-0.48834054601700505,-2.996520809155226
2214,ground_truth,-0.47334055374700557,-2.9965360374169614
2215,ground_truth,-0.45834056144986135,-2.9965512389173723
2216,ground_truth,-0.4433405691282108,-2.9965664162170196
2217,ground_truth,-0.4283405767844319,-2.9965815716310127
2218,ground_truth,-0.4133405844206685,-2.9965967072525777
2219,ground_truth,-0.3983405920388542,-2.9966118249743596
2220,ground_truth,-0.3833405996407331,-2.9966269265076764
2221,ground_truth,-0.3683406072278789,-2.9966420133999194
2222,ground_truth,-0.353340614801712,-2.9966570870502856
2223,ground_truth,-0.3383406223635144,-2.996672148723993
2224,ground_truth,-0.3233406299144436,-2.9966871995651343
2225,ground_truth,-0.30834063745554485,-2.996702240608293
2226,ground_truth,-0.293340644987762,-2.996717272789043
2227,ground_truth,-0.2783406525119478,-2.9967322969534442
2228,ground_truth,-0.26334066002887235,-2.996747313866619
2229,ground_truth,-0.2483406675392317,-2.9967623242205126
2230,ground_truth,-0.23334067504365463,-2.996777328640903
2231,ground_truth,-0.21834068254270939,-2.9967923276937416
2232,ground_truth,-0.20334069003690952,-2.996807321890882
2233,ground_truth,-0.18834069752671923,-2.996822311695263
2234,ground_truth,-0.1733407050125581,-2.9968372975255906
2235,ground_truth,-0.15834071249480547,-2.9968522797605743
2236,ground_truth,-0.14334071997380424,-2.9968672587427534
2237,ground_truth,-0.12834072744986444,-2.99688223478196
2238,ground_truth,-0.1133407349232664,-2.996897208158447
2239,ground_truth,-0.09834074239426363,-2.9969121791257196
2240,ground_truth,-0.08334074986308533,-2.996927147913091
2241,ground_truth,-0.0683407573299388,-2.9969421147279984
2242,ground_truth,-0.053340764795011514,-2.9969570797580922
2243,ground_truth,-0.03834077225847302,-2.996972043173128
2244,ground_truth,-0.023340779720476677,-2.996987005126678
2245,ground_truth,-0.008340787181161194,-2.9970019657576756
2246,ground_truth,0.006659205359347959,-2.997016925191814
2247,ground_truth,0.021659197900937288,-2.9970318835428116
2248,ground_truth,0.03665919044350412,-2.9970468409135544
2249,ground_truth,0.051659182986955564,-2.9970617973971314
2250,ground_truth,0.06665917553120759,-2.9970767530777684
2251,ground_truth,0.0816591680761842,-2.9970917080316744
2252,ground_truth,0.09665916062181659,-2.997106662327806
2253,ground_truth,0.11165915316804254,-2.9971216160285596
2254,ground_truth,0.12665914571480572,-2.9971365691903977
2255,ground_truth,0.1416591382620552,-2.9971515218644127
2256,ground_truth,0.15665913080974486,-2.99716647409684
2257,ground_truth,0.17165912335783298,-2.9971814259295213
2258,ground_truth,0.18665911590628181,-2.9971963774003223
2259,ground_truth,0.20165910845505722,-2.997211328543512
2260,ground_truth,0.21665910100412825,-2.9972262793901048
2261,ground_truth,0.23165909355346692,-2.99724122996817
2262,ground_truth,0.2466590861030479,-2.997256180303114
2263,ground_truth,0.26165907865284826,-2.9972711304179307
2264,ground_truth,0.2766590712028473,-2.9972860803334345
2265,ground_truth,0.2916590637530262,-2.9973010300684644
2266,ground_truth,0.306659056303368,-2.997315979640074
2267,ground_truth,0.32165904885385727,-2.9973309290636996
0,lms,0.24386319671458423,0.03320899266369359
1,lms,0.3146118599662938,0.025325776640922726
2,lms,0.28813789378564103,0.011714940841030419
3,lms,0.9928469834688106,-1.2657832083818095
4,lms,0.3350411126387244,0.008708031122208304
5,lms,0.31479394791092175,0.01764325122395949
6,lms,0.38887660032691496,-0.03327499844252113
7,lms,-0.137510306213385,0.24548214903172338
8,lms,0.3771038648590711,-0.024866069499158705
9,lms,0.35453669291773016,-0.02571072593960455
10,lms,0.3423771975594557,0.0237255843777735
11,lms,0.3775359931207255,-0.09045992450655227
12,lms,0.36747736524505303,-0.09740392462600589
13,lms,0.2493198491851233,0.01248070846814553
14,lms,0.3978256996750936,-0.127920721248044
15,lms,-0.840574217417427,0.5593052960297697
16,lms,0.5318823908046789,0.22312914459159838
17,lms,0.3694634180245916,-0.08150396553980865
18,lms,0.38972884635474336,-0.06967469638735402
19,lms,0.46203393841237517,-0.11557224807163013
20,lms,0.4707053804721292,-0.15938688993138506
21,lms,0.44376045850280643,-0.1460187467227998
22,lms,0.44339739241619325,-0.08420168743678857
23,lms,-0.6578416198782303,0.40867143838339226
24,lms,0.5112053690753552,-0.15499899044933851
25,lms,0.4566778577401348,-0.16171746604152393
26,lms,0.8380979083886518,-1.3363246194497433
27,lms,0.1694888541393239,-0.06698876465256998
28,lms,0.49996282448780327,-0.21307532649348193
29,lms,0.5128429137836618,-0.31829132956955064
30,lms,0.533587772499822,-0.24509926963627926
31,lms,0.4625911834616495,-0.3037272618162925
32,lms,0.45214120302245087,-0.27608156120059935
33,lms,0.6983712351722212,-0.8282581692919271
34,lms,0.5354611156703838,-0.38085396883474054
35,lms,0.5669400347057921,-0.3349813915792952
36,lms,0.824240141811505,-1.2574786998827472
37,lms,0.4757446604908754,-0.3576540892032183
38,lms,0.4657226491034613,-0.40820144730353913
39,lms,0.520235793374716,-0.4181336143479637
40,lms,0.4673999511704455,-0.473641471311363
41,lms,0.5035956493153363,-0.5177792801474643
42,lms,0.46974685863959353,-0.5047700871077829
43,lms,0.4356555425227059,-0.49915822276401745
44,lms,0.46795289386805583,-0.592320906830202
45,lms,0.4691277573963649,-0.604907175530994
46,lms,0.3685103800389463,-0.5876220394801122
47,lms,0.38888946136263425,-0.559358080761287
48,lms,0.4166178646833626,-0.6463009658719745
49,lms,0.38742443862539344,-0.6349973950078596
50,lms,0.29470728831180815,-0.5741065618250651
51,lms,0.38333174988269103,-0.7085761403586686
52,lms,0.3259040063474853,-0.6830078623910918
53,lms,0.3347476084337574,-0.6721900203762878
54,lms,0.3120203985874038,-0.7104215162690233
55,lms,0.014238873168281763,-0.5697910454627166
56,lms,0.26343514573871174,-0.729870260682838
57,lms,0.2131676654359821,-0.7174258183302671
58,lms,0.22318035406496406,-0.7588846003395124
59,lms,0.14922704643542317,-0.7316156807276375
60,lms,0.2040102789377024,-0.8001453827966953
61,lms,0.22223841955394785,-0.6052070504005087
62,lms,0.10773962705112206,-0.7961587240202892
63,lms,0.20826769873345075,-0.7429533006958602
64,lms,-0.0313455672887627,-0.7063228149711138
65,lms,0.09310610072808567,-0.8191018231256573
66,lms,0.2519333804269114,-0.38178484938746937
67,lms,0.08428900365848413,-0.754752753386474
68,lms,0.11929980836683607,-0.7966300061476863
69,lms,-0.00864518761148092,-0.7465777029207095
70,lms,0.029601189074289658,-0.813536284464468
71,lms,0.00011013896270151147,-0.7751481430265734
72,lms,-0.03702457723366803,-0.770949828709278
73,lms,-0.08556525128521719,-0.776392384879359
74,lms,-0.13159209622470958,-0.7819593584758397
75,lms,-0.0887618914797933,-0.8104141290907512
76,lms,-0.11193098834272364,-0.7505815230538095
77,lms,-0.1102815526368367,-0.8106782920378244
78,lms,-0.19572804717501924,-0.740209475954174
79,lms,-0.21027932360537516,-0.8045303318103239
80,lms,-0.15056644875303815,-0.8161622978758967
81,lms,-0.26294973103088937,-0.7118807819007724
82,lms,-0.24026174238084586,-0.6970518529315521
83,lms,-0.24452953903188346,-0.7068933428133395
84,lms,-0.20468343154821145,-0.8231789652222004
85,lms,-0.2953760772527442,-0.7338877822925012
86,lms,-0.25699655296752677,-0.7590162385773684
87,lms,-0.2923012614353063,-0.727940837421146
88,lms,-0.35377298117886735,-0.7196225429079508
89,lms,-0.321491643096549,-0.7435040992038315
90,lms,-0.33327571276325074,-0.7961610819796467
91,lms,-0.3433636661256271,-0.6953499099609921
92,lms,-0.34230910680265414,-0.7678306687611025
93,lms,-0.3830604763302349,-0.7716275813774525
94,lms,-0.4478210793734262,-0.6931560818527904
95,lms,-0.4745688620390408,-0.7583775212441406
96,lms,-0.4583416295089032,-0.7013740791604244
97,lms,-0.457079150809684,-0.7745633503972345
98,lms,-0.08655881907306673,-1.2781710856274477
99,lms,-0.5309374190927344,-0.7323690249335062
100,lms,-0.48015542905952924,-0.7759546477441432
101,lms,-0.533126708107179,-0.7730332792161274
102,lms,-0.46351325803387444,-0.8100419253525502
103,lms,-0.6986765801951503,-1.0552088292226864
104,lms,-0.5461125355180781,-0.8083785074991576
105,lms,-0.44638405996714636,-1.1165635396988431
106,lms,-0.5590321491764224,-0.7650950441185387
107,lms,-0.587137422593821,-0.7800448933996336
108,lms,-0.7196875867157663,-0.7426799829911293
109,lms,-0.46728792020871024,-1.3240891163303345
110,lms,-0.46675487860042375,-1.3020822729739656
111,lms,-0.6546892555326888,-0.8147496859336245
112,lms,-0.4909378687954459,-1.2501359611830845
113,lms,-0.6685988016567405,-0.8194895840252334
114,lms,-0.6830907377812129,-0.8617176306002143
115,lms,-0.6668957472070213,-0.8949488374382302
116,lms,-1.368653907479688,-0.5175968614489568
117,lms,-0.7223031397890193,-0.8697091016641121
118,lms,-0.7390022440944722,-0.8756279247289154
119,lms,-0.7295157743550523,-0.9819713971581123
120,lms,-0.7086943623719063,-0.985121982937021
121,lms,-0.7739813016838762,-0.9430395493210995
122,lms,-0.7402409536167708,-0.9553184685668663
123,lms,-1.0661647436057664,-0.8360057038628108
124,lms,-0.8072311589592039,-0.9647224275901838
125,lms,-0.795402695488438,-1.1201218455854383
126,lms,-0.8153639618571716,-0.9855419753805466
127,lms,-1.0748385159717473,-0.873707286120716
128,lms,-0.8161644118586927,-1.0635175651418685
129,lms,-0.8086663241102195,-1.0495711125215674
130,lms,-0.8775512820614174,-1.0092850791053252
131,lms,-0.8859182700391183,-1.0670703782343507
132,lms,-0.9096407000068146,-1.0639670439215863
133,lms,-0.8452305603080293,-1.1216280842278161
134,lms,-0.9423024484591663,-1.0543125283743375
135,lms,-0.920638609997794,-1.098776802490507
136,lms,-0.8766207272448286,-1.1802504139823684
137,lms,-0.8628957593577339,-1.2261584649783455
138,lms,-0.9210020824572828,-1.201774507076439
139,lms,-0.9679289438290787,-1.1403133965880174
140,lms,-1.080318936726369,-0.9268439310636598
141,lms,-0.9803594122040798,-1.1757564890813628
142,lms,-2.7826594812493304,-0.26003498790797863
143,lms,-0.9175381269120632,-1.2943554395368828
144,lms,-0.9624152590019931,-1.2448589337815088
145,lms,-0.9922798187012222,-1.2939253139855946
146,lms,-0.9959680383379336,-1.3065105914354858
147,lms,-0.8741263188471468,-1.1318201662914964
148,lms,-1.0466745390058243,-1.2911804514338643
149,lms,-1.035847879932672,-1.2958431281668963
150,lms,-0.9429508078286924,-1.5096289143135717
151,lms,-1.078920946173422,-1.3062842080980062
152,lms,-1.1380209840418938,-1.2433153193817859
153,lms,-0.875034087606314,-1.9773003744569309
154,lms,-1.1423719255972853,-1.3060140065628065
155,lms,-1.0998341588549199,-1.3526949806723403
156,lms,-1.055544514838664,-1.414662947044576
157,lms,-1.1353978233770232,-1.3948203783229403
158,lms,-1.1855243274855316,-1.299536649290526
159,lms,-1.1914843552133862,-1.3772415772028017
160,lms,-1.2458319945334044,-1.3344755963726627
161,lms,-1.1607311666446427,-1.3976687761805495
162,lms,-1.0943184783067523,-1.3418045206070577
163,lms,-1.2306729131200629,-1.3751594030444183
164,lms,-1.6726230477473218,-1.1317930475550106
165,lms,-1.2007006399084155,-1.4726879729232047
166,lms,-1.2378603012064873,-1.4311583847950313
167,lms,-1.2738074936546044,-1.3704906278080307
168,lms,-1.2483851427981398,-1.4676318826575336
169,lms,-1.256740529980576,-1.4770596139185859
170,lms,-1.2437665135312233,-1.5302921309737822
171,lms,-1.2432879040393656,-1.5707489144946463
172,lms,-1.2938308083432788,-1.5434297858575023
173,lms,-1.3109334020505976,-1.5053714769965634
174,lms,-1.3134013216882492,-1.5701256688570364
175,lms,-1.4172995858166764,-1.4098634377753632
176,lms,-1.3023898106692018,-1.5916799248489193
177,lms,-1.4640841631041117,-1.5004174796523948
178,lms,-1.342346365714783,-1.532326194111178
179,lms,-1.189381121344058,-1.7086057426496355
180,lms,-1.4299375609335558,-1.5483670254771589
181,lms,-1.4475025843889133,-1.553323064641316
182,lms,-1.4462714821917326,-1.6088921945976393
183,lms,-1.4708455814893386,-1.5269142832879172
184,lms,-1.5152938619957612,-1.5591574565165462
185,lms,-1.4475748474643688,-1.6149935041835555
186,lms,-1.5234780845318139,-1.548797910331162
187,lms,-1.4303695249594948,-1.6792365057713914
188,lms,-1.5351238754399463,-1.5917204712829918
189,lms,-1.5190428682835782,-1.6389243943360894
190,lms,-1.5526781804541243,-1.7065501398433858
191,lms,-1.5939930131918163,-1.6085839114702347
192,lms,-1.5965324247335282,-1.6843314522239838
193,lms,-1.5009233345964303,-1.7624447869143367
194,lms,-1.45899515050422,-1.9507784942453572
195,lms,-1.5774769993676299,-1.7314732315297112
196,lms,-1.5889260490042454,-1.7704448641314032
197,lms,-1.598233926106161,-1.736379085012289
198,lms,-1.608983791321164,-1.7701817048195867
199,lms,-1.6251283441895863,-1.7432821976746364
200,lms,-1.572218482148385,-1.7713375819241035
201,lms,-1.6293769585518008,-1.7568569117577955
202,lms,-1.5900461183610068,-1.854663237846264
203,lms,-1.5440240810787849,-2.110222367804922
204,lms,-1.6229880180876473,-1.8643715491221524
205,lms,-2.330459096638649,-1.4097885305572646
206,lms,-1.7090864729862925,-1.8087842875695754
207,lms,-1.7185273860883812,-1.8703944426401184
208,lms,-1.7440150058053137,-1.8372883661498438
209,lms,-1.6969265788657313,-1.9252323022058064
210,lms,-1.706542826583462,-1.8625060378454323
211,lms,-1.7464207561993006,-1.9077126952360022
212,lms,-1.6991824064456806,-2.053707529973013
213,lms,-1.7617282128591083,-1.9220206035551906
214,lms,-1.7542407908533093,-1.9079175802056625
215,lms,-1.8224553242328345,-1.885119510495434
216,lms,-1.8688399003322624,-1.839756667985422
217,lms,-1.7977248680599502,-1.9997148527613282
218,lms,-1.8298791929582086,-1.9625390328578591
219,lms,-1.8115699867000536,-2.012561976466303
220,lms,-1.7999241152968302,-2.0493023105791464
221,lms,-1.857508015863592,-1.9881123961767155
222,lms,-1.966021697926688,-1.981745296024454
223,lms,-1.8123650733458168,-2.1010988650802256
224,lms,-1.9735450380330377,-1.9389937972508458
225,lms,-1.4123188434863034,-3.3869127157979486
226,lms,-2.3087830041547446,-1.8222695303545908
227,lms,-1.7540411234619446,-2.574123404733407
228,lms,-1.921566034667952,-2.06530097104208
229,lms,-1.9389339926406248,-2.112447402363281
230,lms,-1.9734879113275934,-2.101684549716743
231,lms,-1.9992414368992781,-2.020881492267991
232,lms,-2.017405864447133,-1.8951521589012144
233,lms,-2.025348396532594,-2.0987729747393447
234,lms,-2.007957517890078,-2.0910498246064444
235,lms,-2.0584515672020856,-2.1329321399780206
236,lms,-1.9396855204549475,-2.4027816313115826
237,lms,-1.9765579952382346,-2.2064103346759847
238,lms,-2.0089702067194084,-2.2003074759389456
239,lms,-2.0951954500548178,-2.1602783987777174
240,lms,-2.0874299923888358,-2.1591577302169656
241,lms,-2.1057860903475714,-2.1069094803114243
242,lms,-2.073847207297039,-2.1569779738320163
243,lms,-2.0965633095907386,-2.1274413232118725
244,lms,-2.0218725763781937,-2.3103254634036725
245,lms,-3.2560124387810734,-1.5754241887950222
246,lms,-2.224040361845432,-2.2092357686256747
247,lms,-2.111404411011654,-2.282015630820183
248,lms,-2.161929392641553,-2.306738298153207
249,lms,-2.2293382740839096,-2.2018400443450723
250,lms,-2.0880134268631134,-2.407751340725519
251,lms,-2.283307695083422,-2.225899143894516
252,lms,-2.1979590078423294,-2.2941102351027993
253,lms,-2.2429295455519287,-2.229526407796034
254,lms,-2.2460372117894516,-2.3355686236340167
255,lms,-2.232122649824887,-2.283995803238292
256,lms,-2.158316391694314,-2.3529298930412494
257,lms,-2.2439465030231647,-2.309218657411428
258,lms,-2.3218278969278785,-2.2831632936172133
259,lms,-2.2900152171922055,-2.3369245956241578
260,lms,-2.26277227359812,-2.414580360720171
261,lms,-2.2527391178655227,-2.4480896660875047
262,lms,-2.318623360194781,-2.4186344775918425
263,lms,-2.3179671540272206,-2.2378186282828603
264,lms,-2.369144343271278,-2.361049528719624
265,lms,-2.341066138292129,-2.3738140321270667
266,lms,-2.383892442062382,-2.4188192914921585
267,lms,-2.4026709356024067,-2.452774554741052
268,lms,-2.3972647359566914,-2.399209633337879
269,lms,-2.313803271721436,-2.517031236115171
270,lms,-2.0711050662691686,-3.4544347539799416
271,lms,-2.621411115088998,-2.381941324587036
272,lms,-2.261837503148643,-2.821500993132889
273,lms,-2.4740305934208062,-2.474214643928142
274,lms,-2.295696163422425,-2.921457337199832
275,lms,-2.3887539161623565,-2.5799497135287703
276,lms,-2.5041880741006266,-2.4804311296678208
277,lms,-2.5308626209959564,-2.52476165642166
278,lms,-2.498650006232113,-2.5350281637292236
279,lms,-2.537336077461466,-2.547590786325234
280,lms,-2.576213519337807,-2.5357701240410186
281,lms,-2.268151822425994,-3.3637160405655324
282,lms,-2.552012145213055,-2.5253687748290385
283,lms,-2.578744657601085,-2.6016597976614024
284,lms,-2.626360567749884,-2.5446632402424596
285,lms,-2.5417731621033126,-2.635442245353567
286,lms,-2.578302853757271,-2.6296682530722713
287,lms,-2.6237333710293185,-2.5498020494454794
288,lms,-2.5889754448333173,-2.642083588515293
289,lms,-2.63383463680716,-2.666027465323558
290,lms,-2.6376733869475646,-2.7147684409626534
291,lms,-2.6345114653448074,-2.68241913319794
292,lms,-2.670030249667507,-2.7043949985939433
293,lms,-2.6853043641275023,-2.7232402070858726
294,lms,-2.679912123096428,-2.666760177727215
295,lms,-2.699654617242818,-2.6772198551436412
296,lms,-2.709109864609123,-2.7210662547177016
297,lms,-2.8316301274948787,-2.6213351732397783
298,lms,-2.731083772288798,-2.7762202895189594
299,lms,-2.6077257375162146,-2.6430931208534307
300,lms,-2.741765240010919,-2.8537603030518035
301,lms,-2.7174631145341372,-2.907075649139842
302,lms,-2.7849303381886803,-2.7766095856701405
303,lms,-2.882689883042364,-2.779812882189831
304,lms,-3.849044393997285,-2.2492483837512856
305,lms,-2.799233236393239,-2.7625116291095173
306,lms,-2.80987044961835,-2.7514363458647804
307,lms,-2.1416875432018556,-4.991469008774415
308,lms,-2.8912353482458055,-2.798175628792504
309,lms,-2.789083569809124,-2.910938595537722
310,lms,-2.900201170458546,-2.839920404319768
311,lms,-2.914369283928002,-2.8743115888085535
312,lms,-3.4202807589765967,-2.655961749433491
313,lms,-2.9254644589826646,-2.9132861309593636
314,lms,-2.961975895746288,-2.855636693145966
315,lms,-2.8426653778363336,-2.9806517936017833
316,lms,-2.9628035228670413,-2.9468132804739113
317,lms,-3.0018630259081776,-2.904659348873211
318,lms,-2.947418286244828,-2.914417205848438
319,lms,-2.9954099835270838,-2.921354465615642
320,lms,-2.92876275846351,-2.8893987274327833
321,lms,-2.900524398917937,-3.0612951832573563
322,lms,-2.938847358654719,-3.0620503079666337
323,lms,-3.041360968964711,-2.8852408186805585
324,lms,-3.049157411294697,-3.0070926212364
325,lms,-2.9568764678730135,-3.0204642659966385
326,lms,-3.0688844070180896,-3.022961595479714
327,lms,-3.0687219282645386,-2.968050287078941
328,lms,-2.8953571933774827,-3.5040684829724524
329,lms,-2.958941886743928,-3.0641149400990884
330,lms,-3.0981934053438307,-3.0526467833512134
331,lms,-3.159817979607468,-3.0715149072129107
332,lms,-3.0647551886150244,-3.063055967035914
333,lms,-3.071590849639517,-3.224141594987466
334,lms,-3.699700570750293,-2.8633241297430247
335,lms,-3.1300298756881477,-3.1356569796883225
336,lms,-3.1212363965576113,-3.227892904814971
337,lms,-3.7287848045967347,-2.8110625162787715
338,lms,-3.1099205922602695,-3.226500985403896
339,lms,-3.0812645910705627,-3.190736102679171
340,lms,-3.138580828776345,-3.171454232063021
341,lms,-3.0923707147924144,-3.3705674396354874
342,lms,-3.2010943477116762,-3.1665166295475746
343,lms,-3.0076981708466017,-3.788151783050406
344,lms,-3.1004861997263826,-3.361964729685636
345,lms,-3.1082437951276076,-3.2911261629170907
346,lms,-4.195590322710707,-3.1077908383402084
347,lms,-3.116698377950146,-3.413070834998048
348,lms,-3.117506732712043,-3.3382774043221337
349,lms,-3.0754142047391713,-3.4102670059350446
350,lms,-3.2074325418847756,-3.3528786030617717
351,lms,-3.0699841789539666,-3.4774701827819836
352,lms,-3.113814483254833,-3.5362638668376727
353,lms,-3.05949148691345,-3.534047296055747
354,lms,-3.158821591624998,-3.4662166790119846
355,lms,-3.171407896557328,-3.4863687669125287
356,lms,-3.1168489032456366,-3.487011416969519
357,lms,-3.835142811503188,-3.1172634783015534
358,lms,-3.2038928128507815,-3.4675643229156945
359,lms,-3.1202429932010194,-3.526342180632379
360,lms,-3.148797932895459,-3.507215515418726
361,lms,-3.0896478502662488,-3.5540368637590447
362,lms,-3.0338126715726674,-3.6352466459785537
363,lms,-3.050655120540696,-3.648457214046995
364,lms,-3.1397193029822046,-3.5026446021233344
365,lms,-3.06593969889885,-3.5295969402334464
366,lms,-3.1113131296558465,-3.3977257561305443
367,lms,-3.0047021761966106,-3.6747337283567614
368,lms,-3.000369747574248,-3.606309901516388
369,lms,-2.8432565828741994,-3.7457566424548023
370,lms,-3.0328181352710906,-3.6175272754766477
371,lms,-2.874256480425213,-3.7736303220164213
372,lms,-2.929413887478025,-3.6181473851783377
373,lms,-2.8435366827565103,-3.748995687006346
374,lms,-2.8496547728757395,-3.687707641656224
375,lms,-2.8781581093652266,-3.670766591179772
376,lms,-2.820665625157448,-3.694013329021363
377,lms,-2.7383618901914564,-3.84124458363038
378,lms,-2.743974155690013,-3.7069723631350797
379,lms,-2.7173681593947223,-3.735752145150194
380,lms,-2.523047829860098,-3.6249416541723614
381,lms,-2.7966762146555744,-3.656476682565568
382,lms,-2.6148257918807034,-3.7365115856570768
383,lms,-2.768776869743871,-3.665224076985508
384,lms,-2.580854319214682,-3.7249172698537354
385,lms,-2.558834217466275,-3.7141164996124783
386,lms,-2.4763765531197444,-4.131138055563995
387,lms,-2.6052817296620225,-3.6273088400412368
388,lms,-2.497357778046181,-3.6942446967415474
389,lms,-2.556262870570563,-3.6217793594271743
390,lms,-2.623302077568024,-3.541715029721394
391,lms,-2.5464176770811537,-3.5923874333385095
392,lms,-2.514912660285382,-3.567558222306115
393,lms,-2.410671394046799,-3.6839350616347435
394,lms,-2.432426847804234,-3.6978321613764855
395,lms,-2.473976738047105,-3.4804269158168974
396,lms,-2.436535822220722,-3.5074960517998237
397,lms,-2.707793020265877,-3.3770571991887772
398,lms,-2.178185936671652,-4.220814879388015
399,lms,-2.3718317341690294,-3.516031991483948
400,lms,-2.35237064165859,-3.54785583993794
401,lms,-2.3478665294380203,-3.5160815663596656
402,lms,-2.3866157110088575,-3.4865914118677894
403,lms,-2.33263409571204,-3.5208842998910095
404,lms,-2.2824190687800825,-3.4778867448785684
405,lms,-2.040808798944732,-4.1905780257119405
406,lms,-2.267379982776758,-3.4808862675785983
407,lms,-2.2646980935130006,-3.412662020687777
408,lms,-2.235853455431729,-3.446924224099728
409,lms,-2.029455410525473,-4.06654608580375
410,lms,-2.263512610936095,-3.4253574526788064
411,lms,-2.1966557398433904,-3.4032779794690597
412,lms,-2.217597041095232,-3.3243369262709335
413,lms,-2.2834063831966853,-3.2850875686822647
414,lms,-2.216862957875103,-3.383829350927707
415,lms,-2.1910060736105126,-3.3052860279654555
416,lms,-2.2190918591520314,-3.3070847822892437
417,lms,-2.1399708970628764,-3.343440330996205
418,lms,-2.076471946793482,-3.378431712188293
419,lms,-2.2178458802452545,-3.2752643807267523
420,lms,-2.1586702438727894,-3.3006882482912303
421,lms,-2.144299987882168,-3.184927907459765
422,lms,-2.0974208883972794,-3.3323613407541792
423,lms,-2.205727357822164,-3.2222852267039244
424,lms,-2.071039802024542,-3.155763773169568
425,lms,-2.16019653554318,-3.1779944635241
426,lms,-2.0619017796620245,-3.1823072131508123
427,lms,-2.0046423816249423,-3.274991388632311
428,lms,-2.020782786368333,-3.186156973960948
429,lms,-2.0498690200023377,-3.210056599186494
430,lms,-2.0481609231617814,-3.2386094055071455
431,lms,-2.0421756887983107,-3.1178776345193606
432,lms,-1.997031792079916,-3.1680903928568656
433,lms,-1.7410320100038903,-3.8430692221343072
434,lms,-1.9994504057784188,-3.1297246438191113
435,lms,-1.950771087844902,-3.150839470074345
436,lms,-1.8732150915103891,-3.192103111103796
437,lms,-1.8956682173302828,-3.142746518301892
438,lms,-2.329627565576633,-2.929621760989516
439,lms,-2.2867277227384855,-2.875985123807286
440,lms,-1.831846290869381,-3.206788995397881
441,lms,-2.028632743562677,-3.060371513088862
442,lms,-1.830423249677287,-3.15698622563512
443,lms,-1.807074059126382,-3.162328653620526
444,lms,-1.7924570956358497,-3.1638386945553583
445,lms,-1.8045907616821668,-3.099866793663958
446,lms,-1.7368934400941813,-3.139621211208894
447,lms,-1.779115868141496,-3.1521453152024153
448,lms,-1.7412904336670554,-3.1757739053056024
449,lms,-1.4820542151503648,-3.705837719208687
450,lms,-1.691816838552326,-3.1081311291510527
451,lms,-1.7619551021638227,-3.090955416032277
452,lms,-1.6871439589556303,-3.1964010846791053
453,lms,-1.6558464708733625,-3.2030164152620033
454,lms,-1.6971585062856556,-3.139592782190718
455,lms,-1.6476352981823212,-3.176702955623857
456,lms,-1.585187912756627,-3.2180980014655063
457,lms,-1.5685040555789365,-3.2515804174674097
458,lms,-1.575084360268153,-3.189821453838918
459,lms,-1.44424339000689,-3.654255959768464
460,lms,-1.6054854736283897,-3.1595079803755564
461,lms,-1.6097075299245507,-3.1796658657585173
462,lms,-1.6062196432829996,-3.1617065740181785
463,lms,-1.577759206460589,-3.1834085740880917
464,lms,-1.4931386947075436,-3.2106429774409984
465,lms,-1.5412569624906984,-3.1497529230131276
466,lms,-1.4537088149997728,-3.254430406799437
467,lms,-1.4602623008507356,-3.1880850111982246
468,lms,-1.4373017490606546,-3.2784581205271452
469,lms,-1.4320341996903703,-3.172101839668688
470,lms,-1.697736958861785,-2.944806685203334
471,lms,-1.6022512364848707,-3.1031510894141325
472,lms,-1.4227055544211096,-3.1626982285967014
473,lms,-1.3283383403033775,-3.2013575023232823
474,lms,-1.0828226811527157,-3.918146838186014
475,lms,-1.2947948842189847,-3.1433759670979438
476,lms,-1.3079319892175039,-3.1754321449955434
477,lms,-1.2494638970885545,-3.1481588510800798
478,lms,-1.2537679610709467,-3.192055246694216
479,lms,-1.3226080298719216,-3.121943409292193
480,lms,-1.2878614458468554,-3.1849057043081865
481,lms,-1.2323588586094174,-3.1885945583419666
482,lms,-1.2237441098560633,-3.168018319510275
483,lms,-1.1693096583252856,-3.240633244041673
484,lms,-0.9249096816628132,-3.3050669701930024
485,lms,-1.226395713949409,-3.1211513858167965
486,lms,-1.1303610421758021,-3.1712169372033863
487,lms,-1.0635894755505437,-3.2114798003851304
488,lms,-1.1613426462924124,-3.1663122332714755
489,lms,-1.1092814097887285,-3.248209721819416
490,lms,-1.763635165428029,-2.8411987295290997
491,lms,-1.1201806431965715,-3.1743231122723463
492,lms,-1.035355488442844,-3.208074499377905
493,lms,-1.095790544302186,-3.09990738343481
494,lms,-1.0257370459244601,-3.199762041637068
495,lms,-0.9551493137945614,-3.1830021160167528
496,lms,-1.0165867086113445,-3.2377727200251414
497,lms,-1.004861518096443,-3.1907979163396876
498,lms,-0.9686627769972714,-3.1966188419244315
499,lms,-0.8937540701574432,-3.533884811464561
500,lms,-1.1529054564019527,-3.06833273865953
501,lms,-1.040039038695579,-3.0531190831623833
502,lms,-0.9390972260617042,-3.2066548125965184
503,lms,-0.9712746156899249,-3.116290507491372
504,lms,-0.9279697602527729,-3.114788121011914
505,lms,-0.8756995339465979,-3.1570251061810852
506,lms,-1.5431156261796173,-2.799933358321505
507,lms,-0.8256913324850336,-3.1535648441182715
508,lms,-0.8570001821379608,-3.195577517570264
509,lms,-0.9004416187994956,-3.0304771294499844
510,lms,-0.745633412876907,-3.2075780667998073
511,lms,-0.8093522307883486,-3.1300901910192085
512,lms,-0.7585203301587643,-3.221998245024661
513,lms,-0.7936981338804471,-3.1078637883430824
514,lms,-0.6690219292861216,-2.9606591755603073
515,lms,-0.5985555064209188,-3.0204380578410737
516,lms,-1.6916319781919094,-2.7608666899954537
517,lms,-0.727609374357434,-3.113140369242128
518,lms,-0.7332639085345288,-3.1100679346388924
519,lms,-0.4822272735212775,-2.955866056905343
520,lms,-0.6681219940631739,-2.9692763417775048
521,lms,-0.6077306974363897,-3.212793290691116
522,lms,-0.6299014386358927,-3.106133467626152
523,lms,-0.6387301818137753,-3.057383483472506
524,lms,-0.6072250646696055,-3.1521731290697037
525,lms,-0.24163828223461292,-4.18224749847231
526,lms,-0.5664114527226388,-3.152910584652668
527,lms,-0.5618553353155017,-3.174967369935324
528,lms,-0.5258071124053673,-3.177072279420714
529,lms,-0.46205650094786843,-3.152750789211768
530,lms,-0.4496646917828663,-3.1877719496430625
531,lms,-0.4965745819416617,-3.1966913500427383
532,lms,-0.5003818898910227,-3.139452396947414
533,lms,-0.20419183335369018,-3.9896516222438345
534,lms,-0.3966239259593144,-3.1803805565364724
535,lms,-0.22715012954652913,-2.879421358776553
536,lms,-0.3804337637858214,-3.1951951490632835
537,lms,-0.40715097080404783,-3.168920363727997
538,lms,-0.42548920952898384,-3.1268394408686166
539,lms,-0.383504166697079,-3.1167980620752225
540,lms,-0.37588600831179,-3.1131335919108425
541,lms,-0.2727871481760792,-3.200077056856589
542,lms,-0.31900511221066663,-3.241066824682913
543,lms,-0.32399110835419787,-3.124123404188727
544,lms,-0.25808318096329985,-3.263127266312262
545,lms,-0.24665399887324713,-3.190262796251303
546,lms,-0.8859766746169123,-2.841394464733326
547,lms,-0.9767357215490299,-2.825594955828346
548,lms,-0.3564658033614224,-3.1516171974996325
549,lms,0.0029737314328858178,-3.303641403574831
550,lms,-0.24255110970320526,-3.159982931646855
551,lms,-0.19180285015200693,-3.205767310909202
552,lms,-0.21622115738285463,-3.129688993654155
553,lms,-0.14515484978185433,-3.130704939257649
554,lms,-0.13346200086497617,-3.1449940407258383
555,lms,-0.11770081987276038,-3.1293373052305276
556,lms,-0.025876555872084483,-3.198996675509358
557,lms,-0.07359189439626312,-3.1363609250646682
558,lms,-0.07339381037543313,-3.0952703995305884
559,lms,-0.05393013955372872,-3.185823950948631
560,lms,-0.051425431141852385,-3.1617340296190974
561,lms,-0.03720445682517537,-3.070678381328557
562,lms,-0.022732390851476825,-3.1399523033485295
563,lms,0.18385359004084745,-3.7179374331912936
564,lms,0.03487429950624954,-3.163295150664247
565,lms,-0.0393659806345531,-3.1147168051832654
566,lms,0.030435069957084893,-3.1932644196910296
567,lms,0.05129175973582012,-3.212503701898747
568,lms,0.019474113093736922,-3.0994640856399895
569,lms,0.05858723864239013,-3.1218614984873154
570,lms,0.12742759415966554,-3.148713585433616
571,lms,0.15310719672622508,-3.0870004915668616
572,lms,0.08451492161504526,-3.1057946998306614
573,lms,0.17112027271723795,-3.1387500096120924
574,lms,0.13965452275875256,-3.0997650452932612
575,lms,0.20335108964555426,-3.35799945496884
576,lms,0.13348560147457145,-3.0817939682455586
577,lms,0.33755480313680375,-2.982810543181426
578,lms,0.23955946271743633,-3.1588121139764915
579,lms,0.20446664579315332,-3.078579217163866
580,lms,0.2454845131710287,-3.1845087362754425
581,lms,0.2752483253159018,-3.128325205853667
582,lms,0.2584255034227182,-3.070668372416348
583,lms,0.283402253055726,-3.0880847296043408
584,lms,0.2925514528468566,-3.0767346714944317
585,lms,0.3612601101769589,-3.1864044797466606
586,lms,-0.5831534068976422,-2.6631834092132207
587,lms,0.34630257416661403,-3.14159478857393
588,lms,0.38904796888018833,-3.0732575855252415
589,lms,0.37640478053034354,-3.1895897422935287
590,lms,0.4428224357311553,-3.1426222351813706
591,lms,0.3934413152917343,-3.0897077928365055
592,lms,0.4206508154622931,-3.1063309473778773
593,lms,0.4674334558383132,-3.1386819525373006
594,lms,0.43614519718058287,-3.1607419538428
595,lms,0.5380506279575165,-3.166688176790683
596,lms,0.4356544764106719,-3.0836396684395604
597,lms,0.4587328419874953,-3.0817306027008273
598,lms,0.6824915421034518,-2.9800478759746385
599,lms,0.5122387889282344,-3.113689014272224
600,lms,0.5554154329443591,-3.1189728608405796
601,lms,0.5391542658046099,-3.1107535848060275
602,lms,0.5904239683466682,-3.103232320325924
603,lms,0.5296933245757699,-3.073027812884858
604,lms,0.6054187851900817,-3.102916721182851
605,lms,0.2919914021440012,-2.949450451355826
606,lms,0.64989142603589,-3.1227508247289295
607,lms,0.7216170675769052,-3.3622671045233723
608,lms,0.6439744218501887,-3.1154797240438983
609,lms,0.640216415161393,-3.09683101507527
610,lms,0.6384029335589197,-3.032953684189561
611,lms,0.5911139500925283,-3.0699259527955816
612,lms,0.7484247188771308,-3.073299798745338
613,lms,0.769566711558961,-3.060353140409367
614,lms,0.8158926971401802,-3.1086186478418556
615,lms,0.7658808368106743,-3.038401710038265
616,lms,0.7930916330345475,-3.112082795879232
617,lms,0.9127156611169772,-3.3370861018699207
618,lms,1.1271438199669679,-4.080214689678546
619,lms,0.8041475570499129,-3.085887821390526
620,lms,0.8180336445089079,-3.0851949302841
621,lms,0.8755672250369214,-3.0846444411636975
622,lms,1.1873889502298698,-3.7189722898826902
623,lms,1.0083078337678182,-3.0042141750793547
624,lms,0.9131102518290289,-3.1639792526270716
625,lms,0.9451425209150109,-3.0985437847973447
626,lms,0.9050650203439409,-3.032045168646972
627,lms,0.992678906516289,-3.096047454625719
628,lms,0.9929248877838749,-3.1806743580838823
629,lms,0.9297085811694769,-3.0482970675137127
630,lms,0.7336715872661502,-2.9979394742004617
631,lms,1.1489137324338388,-3.2889450321976286
632,lms,0.9718620323298849,-3.069085617173088
633,lms,1.0096357843242312,-3.061477462465061
634,lms,1.2121027038609582,-3.5870317867950545
635,lms,1.122026776919307,-3.171273446994726
636,lms,1.1529127828286936,-3.419455072382598
637,lms,1.044759338513836,-3.0342351143062007
638,lms,1.075854590491677,-3.0048684339548037
639,lms,1.157229297028168,-3.096971365434033
640,lms,1.1392149536282328,-3.0423329816397287
641,lms,1.10877550243104,-3.0577818247718698
642,lms,1.1188608856835844,-3.0232652924738037
643,lms,1.2087537349763013,-3.164217059185294
644,lms,1.1904211829473188,-3.0249743483988567
645,lms,1.0221965113158853,-2.9828518511730353
646,lms,0.8260124268774406,-2.790074398899584
647,lms,1.2317277865910579,-3.1160780878804113
648,lms,1.2613353347899445,-3.0626242355562807
649,lms,1.2404166545862654,-3.0980138480987094
650,lms,1.3016950518273842,-3.111108365052699
651,lms,1.330913330748357,-3.055318980674934
652,lms,1.3767404442555429,-3.1223313616526873
653,lms,1.3681547599169996,-3.0594753506003656
654,lms,1.3798959360400889,-3.097329815204276
655,lms,1.2396670022428862,-3.036283736126916
656,lms,1.3395452769218301,-3.028829749440062
657,lms,1.422483875557456,-3.0516234372099884
658,lms,1.470515738130103,-3.1060576919925618
659,lms,1.4675307033310196,-3.201641891236413
660,lms,1.5985529143286787,-2.9628992673372823
661,lms,1.4433637583553556,-3.0320182595075105
662,lms,1.4846167408654423,-3.0434970833281305
663,lms,1.4672390762402192,-3.0926833687529767
664,lms,1.6806884466779697,-3.2252076465521133
665,lms,1.5285900237189538,-3.072172043266124
666,lms,1.5250913018088919,-3.068024796396119
667,lms,1.5434091423029863,-2.998479331817377
668,lms,1.7061445303233405,-3.5383994978038444
669,lms,1.546218898647997,-3.011512084070345
670,lms,1.5903105772234718,-3.031591973381734
671,lms,1.7226486579720715,-3.3994356576869302
672,lms,1.6178266331441988,-3.005717474277792
673,lms,1.7151600833789158,-3.1174393762000703
674,lms,2.2810025176748865,-5.06519776200872
675,lms,1.6944839776179506,-3.1082703849448405
676,lms,1.7048437353801735,-3.062658345994336
677,lms,1.6941233132604725,-3.118123692328422
678,lms,2.1479617980401877,-4.370762210269215
679,lms,1.83048300312803,-2.9828811866161535
680,lms,1.7618913233852749,-3.1283801241207527
681,lms,1.8419793749047764,-3.0557073510144646
682,lms,1.7192332092348859,-3.02101802046855
683,lms,1.7684781363021655,-3.062367128361485
684,lms,1.7773799305778852,-3.068178731704344
685,lms,1.886900723406805,-3.066877621207296
686,lms,1.8603473214478838,-3.0933928736209184
687,lms,1.7330059276264032,-2.960217210065262
688,lms,1.9069233382293889,-2.9832016960886536
689,lms,1.4481165344434017,-2.844241626769569
690,lms,1.8519053644974126,-3.0304752668569677
691,lms,1.9093113057947924,-3.0781436830466253
692,lms,1.8992620034936745,-3.018182691355695
693,lms,1.892243876888902,-3.0475829473587934
694,lms,1.9745015172124574,-3.047670160587585
695,lms,1.682005882024996,-2.8949659843247177
696,lms,1.9975832166392666,-3.078625125488922
697,lms,2.018217934880417,-3.105998719304319
698,lms,2.0098760849161423,-3.1133212044887077
699,lms,1.619626305209596,-2.7814609885322934
700,lms,2.0022420795452187,-2.9928909035599505
701,lms,1.9082482456734415,-3.004490658414336
702,lms,2.0332748664671096,-3.003183461473637
703,lms,2.0564389598692903,-2.9991876897788323
704,lms,2.0523180097357128,-2.9750457633782394
705,lms,2.3303923005128486,-3.693854529930813
706,lms,2.1591954379333917,-3.103221878943077
707,lms,2.138094797491028,-3.0325839215787775
708,lms,2.182326465055571,-3.018694655173843
709,lms,2.1520862326770973,-3.051834980198623
710,lms,2.2093848131234046,-3.0836976857428304
711,lms,2.1910437037109287,-2.983327200133611
712,lms,2.1967069644795143,-3.047335708142712
713,lms,2.259088237319879,-3.1525575802378416
714,lms,2.2544203036289017,-3.0160692993604856
715,lms,2.308705784099541,-3.0495098083533962
716,lms,2.278305746985527,-3.0707071101102823
717,lms,2.285686422568175,-3.0118748636905446
718,lms,2.274814395077516,-3.0811666881687003
719,lms,2.3752196018802487,-3.0409660146274353
720,lms,2.4369759129979864,-3.076537082086877
721,lms,2.2768508527279034,-2.9693774782562636
722,lms,2.2857111062507545,-3.2092502548069968
723,lms,2.3439861630944354,-3.05098524668112
724,lms,2.432131620195666,-2.9613632521606448
725,lms,2.4202922568642005,-3.0314737619508083
726,lms,2.213693280091723,-2.721313800499055
727,lms,2.414601741688361,-2.91349545707257
728,lms,2.54282464256324,-2.8005896136853403
729,lms,2.4588935577916806,-2.935401368845871
730,lms,2.416604975774422,-2.884253526420326
731,lms,2.5074548895548134,-3.124179119098745
732,lms,2.5399645533878075,-3.057528726276309
733,lms,2.477797106114694,-3.0047781911766904
734,lms,2.5379670081784345,-2.9126391933275446
735,lms,2.592340968202722,-3.0414208027697613
736,lms,2.751854612786959,-2.7123051038991326
737,lms,2.5706318383597497,-2.99393129291152
738,lms,2.628955238301964,-3.085775578438261
739,lms,2.666773708278327,-3.039595277197715
740,lms,2.652233189622779,-2.989916911413225
741,lms,2.8897839604011337,-3.6872422941160865
742,lms,2.7209574500499962,-3.0699423727964206
743,lms,2.6857521787808154,-3.0270045968651695
744,lms,2.6880179523120478,-3.0263601119644488
745,lms,2.7099539444604788,-3.0147078083178345
746,lms,2.7581961010168476,-3.0548713024726064
747,lms,3.1378382218157186,-2.331661511655356
748,lms,2.6620703727319968,-2.987288942205521
749,lms,2.763348171365083,-3.0705487039801582
750,lms,2.8260657018550517,-3.1696487713049857
751,lms,2.8275470635124518,-3.108140525182402
752,lms,2.7690395249360233,-2.923259525850243
753,lms,2.837491229422572,-3.006512649531712
754,lms,2.8830748248825517,-2.9982441730617326
755,lms,2.124502818314133,-2.644543196196361
756,lms,2.8451212155642422,-2.9076546734013364
757,lms,2.9093905734972396,-3.0815750757122675
758,lms,2.885904681564704,-3.0068877653421042
759,lms,2.942907930787366,-3.102624509023177
760,lms,3.167674518788909,-3.564314236787985
761,lms,2.965735126768559,-3.0940383493348973
762,lms,3.0036789959075976,-3.0332821848099547
763,lms,3.1785032515761613,-4.204376689811769
764,lms,2.8042423250650867,-2.909872139058936
765,lms,3.0645451162848123,-3.0573875552245644
766,lms,2.865515095595734,-2.8338592704731385
767,lms,3.0034747315327786,-2.9162292215124275
768,lms,3.042378690503688,-2.9237650470070973
769,lms,3.0766015049909874,-3.0570693296841807
770,lms,3.1145075648704226,-3.0387207254871624
771,lms,3.138428366108521,-3.005465362791676
772,lms,3.0821268755194935,-2.964616336298058
773,lms,3.1324590390197184,-2.920826098472774
774,lms,3.1451958357431002,-3.1104627599263113
775,lms,3.1720569677450476,-2.9319230841290223
776,lms,3.2164756237721233,-2.9870415366112626
777,lms,3.1753851232170622,-2.9323000018379854
778,lms,3.2150104708712193,-2.9563096229800623
779,lms,2.814578624172188,-2.7805929796181426
780,lms,3.2345733528684337,-2.9491328574393174
781,lms,2.9699869364514853,-2.7803451703974327
782,lms,3.3212151378977848,-2.8574447524330013
783,lms,3.1259088015793357,-2.8437875729854483
784,lms,3.290386132533903,-2.897884577875227
785,lms,3.2881366685289177,-2.8835245289090023
786,lms,3.3364396297479737,-2.902194899711829
787,lms,3.330622092321127,-2.867760479431351
788,lms,3.318312313732729,-2.8164942469212333
789,lms,3.403487727900423,-2.866587478503326
790,lms,3.3151933571983574,-2.8019009673296305
791,lms,3.392673044746259,-2.8339392850277676
792,lms,3.37529592014828,-2.701845637699095
793,lms,3.3836491442725847,-2.742925505979465
794,lms,3.2732466457504548,-2.7891353627552045
795,lms,3.460083539048625,-2.838710382809711
796,lms,3.423176109450925,-2.7374462396256343
797,lms,3.4321780933518533,-2.6530539363898367
798,lms,3.450447226915353,-2.696396814781054
799,lms,3.374179613330629,-2.6736256490231103
800,lms,3.450480642263947,-2.62194585816893
801,lms,3.3996369292462956,-3.3276338267999943
802,lms,3.4199470112339934,-2.622822730386699
803,lms,3.4161104464596677,-2.6681003773440324
804,lms,3.1401859920462827,-2.4833736791222654
805,lms,3.4356660892707995,-2.6162741756267414
806,lms,3.377700366029203,-2.5143063328994346
807,lms,3.452531040167783,-2.5718365603682907
808,lms,3.390344162041354,-2.435391246169133
809,lms,3.3883154457740807,-2.4963826995143803
810,lms,3.3702877994305775,-2.4946758105560614
811,lms,3.379191574236064,-2.4074600873702456
812,lms,3.3502143179019455,-2.3838548500882633
813,lms,3.3526813422911608,-2.4118231377446806
814,lms,3.3612999000441213,-2.3329829655378456
815,lms,3.3235315806915477,-2.3236861678701928
816,lms,3.356247620274995,-2.389016983306539
817,lms,2.616141153337028,-1.9389894441440472
818,lms,3.296641388348968,-2.3901347852957153
819,lms,3.2038978958575117,-2.24539967403118
820,lms,3.2645462703905976,-2.302672817950257
821,lms,3.2453108442708793,-2.272071667016962
822,lms,3.278923760499852,-2.2140285797698516
823,lms,3.1922591663559685,-2.1567102781853906
824,lms,3.213206976409927,-2.2211078766152594
825,lms,3.193700034546542,-2.2147709707983525
826,lms,3.216572393152552,-2.1875931769379138
827,lms,3.202671170142771,-2.1682855801636594
828,lms,3.1526799248628703,-2.153735883502187
829,lms,3.169983638311804,-2.1645883029388147
830,lms,3.147715913357166,-2.2168834647548588
831,lms,2.956174020031901,-2.0457965958239237
832,lms,3.14356768343592,-2.1506937074937076
833,lms,3.134811211991155,-2.101075451663047
834,lms,3.1305121955344757,-2.077508914108699
835,lms,3.1197201733622006,-2.1341929075553674
836,lms,2.9324828476938687,-1.9954732110435742
837,lms,3.0944216269134412,-2.2289591006766853
838,lms,3.0298507641195402,-2.101293331857632
839,lms,2.713089720423811,-1.8156640130750654
840,lms,3.039270583440475,-2.054075705716344
841,lms,3.1059934669456726,-2.3046309428845397
842,lms,3.0113530530362573,-2.0063523697472316
843,lms,2.9983655125882884,-2.0476288812566246
844,lms,2.9629913456768135,-1.9606384442974516
845,lms,2.9830005355155884,-2.0210183186268713
846,lms,2.671916430503973,-1.8342169380874163
847,lms,2.9975559574387947,-1.921546382252079
848,lms,2.9709786871925714,-1.9594200840982134
849,lms,3.013295484509688,-1.9401760091345377
850,lms,2.9711263475889997,-1.9244526570920106
851,lms,2.968932955045901,-1.9494592389256926
852,lms,2.953564388917003,-1.9348605093209086
853,lms,2.926223694892744,-1.8662516097730233
854,lms,2.9585387237192715,-1.8168354444022068
855,lms,2.935018316449581,-1.8383352302225022
856,lms,2.908607178987445,-1.8496982057868339
857,lms,2.9148807105735224,-1.8183123764910425
858,lms,2.9139738891556557,-1.7952887529053143
859,lms,2.904386893633363,-1.7931306381738628
860,lms,2.928463027249443,-1.7947910108140688
861,lms,2.9330228104382283,-1.8088237791657908
862,lms,2.867881899254271,-1.7570148583315612
863,lms,2.6695090043346217,-1.6925302126511035
864,lms,2.877173577247808,-1.6566179829939456
865,lms,2.923831539256683,-1.765656309318218
866,lms,2.897119400559712,-1.6710980605035806
867,lms,3.014840942747615,-1.5091030393668987
868,lms,2.9368787168024624,-1.669086725599139
869,lms,2.906441961437238,-1.6468051399276602
870,lms,2.8890738377312952,-1.5473701519274785
871,lms,2.720439491237108,-1.5568333694845515
872,lms,2.9053293683783488,-1.548186825184385
873,lms,3.201291335380389,-2.567567484899092
874,lms,2.9357773643374423,-1.5234684660998452
875,lms,2.9569168722195305,-1.575308660743847
876,lms,2.9120553283329396,-1.4661171474278065
877,lms,2.9038675099911573,-1.4970054392830514
878,lms,2.9542390120237445,-1.424578528275961
879,lms,2.9918354935705778,-1.4510731955962575
880,lms,3.1586118825658933,-2.056437289327299
881,lms,3.2619391662343316,-2.4412757161519574
882,lms,2.974059086134216,-1.378065456954272
883,lms,2.943988943483378,-1.36782144125715
884,lms,2.745889542544831,-1.2731583112091513
885,lms,3.106376451660062,-1.74377597452058
886,lms,3.246722744783199,-1.080268114196059
887,lms,2.9737459994089126,-1.3322721595228302
888,lms,3.0098545405333685,-1.364471987814845
889,lms,2.9645142456865297,-1.3332847179309368
890,lms,2.9800318383558095,-1.3119150581513503
891,lms,2.976777361127271,-1.3149525261934416
892,lms,2.7650066444959607,-1.1792204984328238
893,lms,2.9691937024698905,-1.3239999482435758
894,lms,2.6355273203087717,-1.0646114547868049
895,lms,2.9521574164052526,-1.2449148945642303
896,lms,2.9570679501276023,-1.2403543562360397
897,lms,3.0862858682143677,-1.046773070541498
898,lms,2.9769121019727005,-1.2058611692297827
899,lms,2.965271247473479,-1.1934467530240669
900,lms,2.9210364622491505,-1.1957431193739811
901,lms,3.019827305118779,-1.1910122378369303
902,lms,2.7971791448594803,-1.0980077260995174
903,lms,2.8394930130772136,-1.0320420878007797
904,lms,3.0063953348678703,-1.053277678529125
905,lms,2.9674518454187377,-1.1033563746641084
906,lms,2.9573127693324763,-1.0151245179159778
907,lms,2.9910912018343896,-1.0651425438498796
908,lms,2.9981196929408918,-1.0461287868886293
909,lms,2.928186477057491,-1.1555574215712214
910,lms,2.9418539128396257,-1.0800676508007756
911,lms,2.8469473417521045,-0.9450516402980176
912,lms,2.9692115159485577,-0.9976171806622753
913,lms,3.000502612975906,-0.9618279547914232
914,lms,3.2464134844719017,-0.6055917363137064
915,lms,2.98369098803709,-0.9671391729362897
916,lms,3.019793525620076,-0.9193110999454008
917,lms,2.9961982135684653,-1.0475781119635323
918,lms,2.950502838972701,-0.8719881133102279
919,lms,2.974961200014833,-0.9357903222210036
920,lms,2.9715333620058284,-0.8333248360626806
921,lms,2.9868018861090566,-0.8467483078430424
922,lms,2.9876692192570258,-0.8358420275955423
923,lms,2.953118781684372,-0.8199772257437541
924,lms,2.998649739408838,-0.8440715876787417
925,lms,2.9870509951210535,-0.7719298035108579
926,lms,2.9958297088632926,-0.7657249104946038
927,lms,2.9705159756369164,-0.7117171092992782
928,lms,2.985319953032288,-0.7258055955013614
929,lms,3.0095720255632803,-0.7440092064578474
930,lms,2.9715060030073297,-0.7059597623600142
931,lms,2.617686518008511,-0.5139912414528567
932,lms,2.9959463019832095,-0.6540783644714114
933,lms,2.9559706599875555,-0.6049434903137767
934,lms,2.975361460177744,-0.6332308052491848
935,lms,2.958710458820858,-0.5493391796393325
936,lms,3.183318390547534,-0.39642026734714175
937,lms,2.9587326308692057,-0.5555498083913664
938,lms,2.968440434402003,-0.6225933933131627
939,lms,2.916597802211046,-0.48547867265426436
940,lms,2.986024125004358,-0.5616132340037581
941,lms,2.9549462210189703,-0.5886403110465448
942,lms,2.722889018802199,-0.4460439391346833
943,lms,2.9972329558088755,-0.5320124714037133
944,lms,3.006764541703094,-0.5260633807849038
945,lms,2.996141039881985,-0.4831850108488709
946,lms,3.134578764093916,-1.028268874636507
947,lms,2.871816944177804,-0.32879443501306227
948,lms,2.9533862194827996,-0.5141856409454206
949,lms,2.999632791161734,-0.3964947431684571
950,lms,3.373882469610131,-1.7113122209695755
951,lms,2.98259993654502,-0.45792193662209524
952,lms,3.011212839152986,-0.34404735707110135
953,lms,2.9890017485899274,-0.35640363405832876
954,lms,3.007823550203852,-0.26912703087697754
955,lms,2.995065784740199,-0.4051614225715232
956,lms,2.9960343316708786,-0.339246058602515
957,lms,2.966568723140209,-0.39354254494267416
958,lms,3.0151860647534874,-0.2829369774818016
959,lms,2.9747392818435388,-0.3058776485110579
960,lms,3.747650281878013,-2.472518007855002
961,lms,2.9002950628434747,-0.3942373647449857
962,lms,2.9802142082161995,-0.24117499575292545
963,lms,3.002892477792249,-0.20196590588838248
964,lms,2.949772006926256,-0.24822520068022946
965,lms,3.0270395797155545,-0.17692137653441886
966,lms,2.836861264081151,-0.15855437146860663
967,lms,3.0176096295358925,-0.24451294605859974
968,lms,2.978279880193671,-0.1315867724056634
969,lms,2.9423474898350093,-0.14982894176317707
970,lms,2.978189764299532,-0.10283029778797559
971,lms,3.1330546206128225,-0.5885197411718099
972,lms,2.971761397549676,-0.08747570652775938
973,lms,3.0015920318964766,-0.2968626083254131
974,lms,3.005703102865143,-0.07584291003969401
975,lms,2.971235832950334,0.021297118650632108
976,lms,2.9747915689454945,-0.1115401117301067
977,lms,2.9916431227377216,0.024425384735705435
978,lms,2.959069135719407,0.016066638600487515
979,lms,3.03280122322511,-0.020906650506582025
980,lms,2.9806712962271935,0.015920979912835698
981,lms,2.948156566404833,0.08754631279268743
982,lms,3.0245345705335533,0.07575804649511664
983,lms,2.7569476743658305,0.14336591374178642
984,lms,2.9807314593599226,0.04074165250530637
985,lms,2.9918625428810097,0.10963122046707241
986,lms,2.967306771905886,0.15516099672418715
987,lms,3.02718980236152,0.12260861201124218
988,lms,3.0083229365287565,0.13852600144750848
989,lms,2.961953691274897,0.1921647590562463
990,lms,2.9959091587787348,0.21976899381567794
991,lms,2.9834239260715063,0.2117726607266892
992,lms,3.0037953102986994,0.178636291372416
993,lms,3.0780354335636204,0.3385633894066773
994,lms,2.971918958862846,0.23597282343706816
995,lms,2.971471068116795,0.2837317167459368
996,lms,3.019765759111101,0.27550073797864094
997,lms,2.9830813210377185,0.28872984128748813
998,lms,2.9981325748101213,0.3059740258378594
999,lms,3.008045642285944,0.3246876444366267
1000,lms,2.959612939331624,0.3150924012582852
1001,lms,2.978257660330796,0.40295075880943454
1002,lms,3.0183902019185886,0.39886756867633366
1003,lms,2.98806829096268,0.39536634440930163
1004,lms,2.6192318862703234,0.6284098403636182
1005,lms,3.0050657483242085,0.4034076272477738
1006,lms,2.9749041397160663,0.3142300684556085
1007,lms,2.955378220453051,0.4763911210142675
1008,lms,3.0709607563674344,0.6159936963739412
1009,lms,2.97118342394682,0.47099647007746803
1010,lms,3.014517004598391,0.4918421943876674
1011,lms,3.0064070454553113,0.5678922517417639
1012,lms,3.053012571799721,0.35269218485995646
1013,lms,2.9947039458639653,0.5363075347868929
1014,lms,2.985638811982461,0.5741778620124025
1015,lms,3.000734711811713,0.5405945924810847
1016,lms,2.9929882234128193,0.5961066151661845
1017,lms,3.3436431542170495,-0.5063057959799631
1018,lms,3.061014461477261,0.693030875932731
1019,lms,2.7531252874953247,0.7100287045384928
1020,lms,2.6783837166819335,0.7371298591025237
1021,lms,3.195000236563351,1.0064209508518616
1022,lms,3.0245561942939223,0.6447834017083558
1023,lms,3.0436967876556165,0.5706802392134573
1024,lms,2.982757366054081,0.7072115529548455
1025,lms,2.9983905974627745,0.6561713846965898
1026,lms,2.9651221909052534,0.6983434537872055
1027,lms,2.9729037163299155,0.7510422896729434
1028,lms,2.990845884477365,0.7588576442748911
1029,lms,3.06062134650372,0.5620699530886162
1030,lms,3.094854925528891,0.43118080107218937
1031,lms,3.0001367936683154,0.8175977229212061
1032,lms,2.9927842845879944,0.8651015923632404
1033,lms,2.9758319397612034,0.8146025830021189
1034,lms,2.93998675925576,0.8865722335841344
1035,lms,2.985288269591688,0.8347719148534658
1036,lms,2.973165510515665,0.8533402711925895
1037,lms,3.0629139977008912,0.6321738808841779
1038,lms,2.9868387031051347,0.8880124967764846
1039,lms,3.013603004457797,0.9619816157854411
1040,lms,3.017300543740928,0.9545690213226434
1041,lms,3.020359408843629,0.9514308536909648
1042,lms,2.9809016436647715,0.9550557953073717
1043,lms,2.9585793221012238,1.0329695425657244
1044,lms,2.9689421938252543,0.9770486329702188
1045,lms,3.033176376424259,1.1014846360175037
1046,lms,2.9885862082334738,1.0186609109539337
1047,lms,3.006265565026034,1.0174036060348541
1048,lms,2.891244510616398,0.8497631353773221
1049,lms,3.2088761509582073,1.4106836095018114
1050,lms,2.9814470178184043,1.1223889083969203
1051,lms,2.988323083615255,1.059038594434604
1052,lms,3.0690214606355273,1.265051655291579
1053,lms,2.992806517953476,1.1119107496518508
1054,lms,2.986266882599636,1.1091230531588478
1055,lms,2.9923688866186664,1.2113812826472152
1056,lms,3.0132851157021383,1.2248024222975733
1057,lms,2.9922655232709885,1.1825373363358072
1058,lms,2.963281667793679,1.2581670678740609
1059,lms,2.9771525074865157,1.2787789867517318
1060,lms,3.1244181595785543,1.4726532588374521
1061,lms,2.9790381600171933,1.2426584981650883
1062,lms,3.005173394807164,1.2702238412590576
1063,lms,3.1488344041776126,0.6675019740800403
1064,lms,2.9692009571106928,1.2902170921994536
1065,lms,3.009301857072277,1.3900313575321048
1066,lms,2.984693015827456,1.278055004016709
1067,lms,3.3224798610537856,0.3720494676572015
1068,lms,3.0937688588880197,0.9430022447978352
1069,lms,2.9932822373527954,1.3513475939660662
1070,lms,2.9822281269506754,1.3791590680409116
1071,lms,3.019079691778061,1.382704179339203
1072,lms,3.0203362566579437,1.4040225147117518
1073,lms,3.0037903185419093,1.4336846423871115
1074,lms,3.2258446131814904,1.8401565468067211
1075,lms,3.194430856101636,0.9032560884981207
1076,lms,2.9939953732342537,1.5053621440801965
1077,lms,3.060284655119712,1.3644754002160009
1078,lms,3.0337649873908292,1.4685755745344062
1079,lms,3.0047583427075897,1.542413290445971
1080,lms,3.0195118700351005,1.5218285113423695
1081,lms,3.2668807907241244,0.739421885165922
1082,lms,2.964461648722528,1.5511934387120219
1083,lms,3.3868611091065994,2.185317557390037
1084,lms,3.0170804213090934,1.5726904931895835
1085,lms,3.0159682039922613,1.6374050724036149
1086,lms,3.0345606943766232,1.5955763603572066
1087,lms,3.010954063959949,1.6674676703995548
1088,lms,2.989421937628136,1.6239327497094185
1089,lms,2.7580926512397514,1.8193208248226873
1090,lms,3.003057082099952,1.6570145091831976
1091,lms,2.9720964750220453,1.6730202298132122
1092,lms,3.0146807387813275,1.6718414128890355
1093,lms,2.9999771617333724,1.759753851711781
1094,lms,2.988585989851854,1.7412032028866298
1095,lms,3.232360063947644,2.1385025438026393
1096,lms,2.987074838876877,1.8410901479273973
1097,lms,2.9995649078158313,1.8196019926065614
1098,lms,3.006808229398147,1.8299646597117016
1099,lms,2.8420195956451813,1.9338732189948273
1100,lms,2.909129972134166,1.709317914779561
1101,lms,2.9776763651634055,1.837257521343607
1102,lms,2.9842736830035888,1.8593617683456278
1103,lms,3.057053069115436,1.9678837191279492
1104,lms,2.9672176410218354,1.8542872102823442
1105,lms,3.0123140482160573,1.8940590976504201
1106,lms,2.759135834445147,2.0446306399613343
1107,lms,3.2103902689836556,2.2739600903769164
1108,lms,3.0024967410466186,1.949897019005617
1109,lms,2.9993494687924898,1.98590607788972
1110,lms,3.039261915549467,1.9717073320508791
1111,lms,2.9897537748329843,2.0034228565063943
1112,lms,3.003728468020555,2.04647611014717
1113,lms,2.97069466130861,2.0397881232607067
1114,lms,3.005253713229226,2.037824476568132
1115,lms,2.9832231697188663,2.048420824856194
1116,lms,2.967007591762332,2.0871147883630834
1117,lms,3.2210367130251094,2.5141929265123517
1118,lms,3.056518036903949,2.1799542676844146
1119,lms,2.9914931386945716,2.133166778643869
1120,lms,2.9835767783510745,2.0953784013886807
1121,lms,2.9891371050924262,2.0974197457140713
1122,lms,2.9553198021055174,2.1927961558087805
1123,lms,2.9887946629234814,2.190517202395821
1124,lms,3.1905708829110804,2.4868521547819276
1125,lms,3.042093967124778,2.22305659814842
1126,lms,3.0027222171291434,2.2753487691161767
1127,lms,2.992888052967741,2.233535379230721
1128,lms,2.9708646736739266,2.218815726593741
1129,lms,3.0115944829563968,2.183099895820516
1130,lms,2.969441739269305,2.288080486700241
1131,lms,2.9714341153361916,2.3373439772073934
1132,lms,2.737957473980262,2.4359934167942416
1133,lms,2.928216250028558,1.7422127658157498
1134,lms,2.9876393511209014,2.400323874925346
1135,lms,2.981057602474524,2.3466192079137116
1136,lms,3.0805031465735238,2.1970830356850857
1137,lms,3.07998550187911,2.3156160004600768
1138,lms,3.0512375495602893,2.4582685478680526
1139,lms,2.9870872685856886,2.4242944598273013
1140,lms,3.014914562437511,2.429388213235022
1141,lms,2.976280503749859,2.4056246482583816
1142,lms,2.9870115737402743,2.4213885309003667
1143,lms,2.935395993138069,2.4702069330249437
1144,lms,3.0175651025662886,2.4806782839177686
1145,lms,2.9731951052120555,2.658014397871993
1146,lms,2.9865942688291875,2.531437072133622
1147,lms,3.1939472486577816,1.9254559229832466
1148,lms,3.3756718418087432,3.0964568678471154
1149,lms,2.9934182147604194,2.596474305040239
1150,lms,2.985334574518319,2.538223122287011
1151,lms,3.019860067003481,2.642485753121
1152,lms,2.967611054027629,2.645711814090265
1153,lms,2.9733424000880455,2.670470539986109
1154,lms,3.0375236625056314,2.6609576008209634
1155,lms,3.0185077144635843,2.6345222629305445
1156,lms,3.0294435784093703,2.66634488762244
1157,lms,3.009052911721655,2.7257657952060326
1158,lms,3.022814117619669,2.731506904340583
1159,lms,3.0078412121746227,2.732200292152353
1160,lms,2.9793964361740715,2.6956849495828514
1161,lms,2.976834115660564,2.759966390062388
1162,lms,2.9660982969853156,2.782664301338373
1163,lms,3.0121388396600985,2.78632662124435
1164,lms,3.0050573355321686,2.866237224725457
1165,lms,2.9231197410699563,2.8370466904482297
1166,lms,3.2100017244967622,2.3839591757998564
1167,lms,3.0410915719145093,2.74397882770538
1168,lms,2.986192996380786,2.807993520831322
1169,lms,3.03303450731736,2.8743624335556586
1170,lms,3.0018445370224445,2.9075279132093232
1171,lms,3.215966255751923,3.1862262066545846
1172,lms,3.275373152522106,3.322946618960926
1173,lms,3.0225902034440693,2.8990541664768763
1174,lms,3.026058796301142,3.004052856873259
1175,lms,3.0391242423342164,2.8856810679663845
1176,lms,2.9733468458707435,2.9430477980009666
1177,lms,3.0052543456055525,2.9954058426751082
1178,lms,2.969059681600365,3.0275105465616656
1179,lms,3.034591926569086,3.0722603951808116
1180,lms,2.992882065464479,2.9973349714653246
1181,lms,3.033580070194507,3.060324795742023
1182,lms,3.017254131207541,3.1120421464940033
1183,lms,2.996274313126527,3.034702307455742
1184,lms,2.997544604858026,3.1311378856997725
1185,lms,2.98455862002418,3.0932493286572327
1186,lms,2.9944644968210117,3.131988870056432
1187,lms,3.0056260537651447,3.127525481897827
1188,lms,3.0072092907062484,3.1487811782683695
1189,lms,2.9713518296195085,3.174177869663278
1190,lms,2.8320423064121467,3.2128265356557053
1191,lms,2.8561876383601694,3.2539866022102637
1192,lms,2.9084226340209387,3.1758171737658825
1193,lms,2.747941560526571,3.288561241029608
1194,lms,2.9779028128820206,3.280753042574851
1195,lms,2.9311831687454637,3.2605704814773784
1196,lms,3.320807411509243,3.8357750223143405
1197,lms,2.9461640364153245,3.243481771435191
1198,lms,2.9249272071562986,3.280408839385659
1199,lms,2.953881414180738,3.2857780519650244
1200,lms,2.922733792679698,3.3609349359601617
1201,lms,2.914285974821877,3.3296318650443846
1202,lms,2.8422844945030215,3.3314600108955332
1203,lms,2.851921813169996,3.3877979079673732
1204,lms,2.8561232876528737,3.391046281227964
1205,lms,2.743717475181035,3.2460314076580734
1206,lms,2.5618373863891772,3.5214249571782474
1207,lms,2.8554240870682053,3.435385272164154
1208,lms,2.7924021246248443,3.429292921552132
1209,lms,2.749155176364339,3.4126932144757807
1210,lms,2.7509560694409587,3.4057566548140037
1211,lms,2.7269476357836973,3.412871423188667
1212,lms,2.73484078022532,3.4268584928324564
1213,lms,2.6568140371627766,3.3911675793891787
1214,lms,2.740846573892718,3.4237215673124854
1215,lms,3.0483629462701685,3.9727924649719073
1216,lms,2.65030919795069,3.415382440404744
1217,lms,2.620098192520391,3.453679191575552
1218,lms,2.6079103067274514,3.3798721647285195
1219,lms,2.6103174014223947,3.5252909263545593
1220,lms,2.5344372894818292,3.404178043219975
1221,lms,3.3562506788257678,4.721573010746358
1222,lms,2.4997962851540017,3.4011883370547134
1223,lms,2.5119837014011583,3.4868504354570655
1224,lms,2.4713082836789915,3.4399420301766583
1225,lms,2.4535319880994497,3.387654034375094
1226,lms,2.4895871640321547,3.2514906727919435
1227,lms,2.4710023984851635,3.4190853849377723
1228,lms,2.42592619732393,3.424139096160352
1229,lms,2.4303047959768627,3.3563863885426692
1230,lms,2.36755448486178,3.3481632709706917
1231,lms,2.4018984495431157,3.334978300110983
1232,lms,2.3429890876427293,3.3339562254940125
1233,lms,2.335006243351025,3.281251408648038
1234,lms,2.296695322604349,3.3328483957182504
1235,lms,2.3066591975733415,3.3174842489344227
1236,lms,2.258966495423854,3.3163119445536404
1237,lms,2.258073185359109,3.251733099315855
1238,lms,2.3238308557291805,3.3088004261616737
1239,lms,2.2447268345847107,3.242537493781017
1240,lms,2.242688040445287,3.2590743377799125
1241,lms,2.2032211000742024,3.2090115875086864
1242,lms,2.2008324740133114,3.193905765175796
1243,lms,2.147389338920087,3.156821567612414
1244,lms,2.203286945633025,3.2281193792617273
1245,lms,2.1684535487264367,3.1441051380663136
1246,lms,2.207734595584169,3.19422578815802
1247,lms,2.151955869192193,3.183879883203807
1248,lms,2.2005667641666005,3.7896745067029984
1249,lms,2.141243475870185,3.127220225654008
1250,lms,2.075157629347566,3.1188859879144433
1251,lms,2.0929136233912375,3.1365180531775465
1252,lms,2.079590547148506,3.0756634784115886
1253,lms,2.0404501008672526,3.0677277783306827
1254,lms,2.045188465275745,3.0845426676731185
1255,lms,2.046258219119813,3.063319167447176
1256,lms,2.1342404231275895,3.1712885191224536
1257,lms,2.0497069599662976,2.8964875279005535
1258,lms,2.134501840134011,3.2349390493664183
1259,lms,2.011811252972122,2.998070535258007
1260,lms,2.008182629458487,3.012078197364434
1261,lms,1.9959718449944726,3.0017787458709027
1262,lms,2.565369593545187,3.8924862235677966
1263,lms,1.9264286962466697,2.9731572184602983
1264,lms,1.9560600992235813,2.8810795439017385
1265,lms,1.9093824561355945,2.9512046201831588
1266,lms,1.9526716328224762,3.0107655676010716
1267,lms,1.8555901851776695,3.3257220570681505
1268,lms,1.6074291089904245,3.0573285236121577
1269,lms,1.9277251384625629,2.9604893491045274
1270,lms,1.8663433349769298,2.9466023775433725
1271,lms,1.8575526555891346,2.932788276303561
1272,lms,1.8197524363858162,2.923001753080638
1273,lms,1.7799987958364025,2.916680620551233
1274,lms,1.9643085203593271,3.129688170874456
1275,lms,1.7819089094039384,2.969172901297455
1276,lms,1.791633401216549,2.8954245908123672
1277,lms,1.7808224406350326,2.8850250754305633
1278,lms,1.7875619049384062,2.904860423948744
1279,lms,1.7553689733019153,2.929501922528813
1280,lms,1.7961433989744595,2.892895805454971
1281,lms,1.649582299833681,2.9258592067536693
1282,lms,1.7771824654019515,3.018508167264473
1283,lms,1.6672477536195283,2.920124177305751
1284,lms,1.6572102997390648,2.9151336739870795
1285,lms,1.6180300023001912,2.8908028193405544
1286,lms,1.6426024233544392,2.944154150476805
1287,lms,1.5674371929484607,2.9662469525647044
1288,lms,1.6099959920805769,2.904387442963654
1289,lms,1.7858934752812177,3.2245052050601624
1290,lms,1.556729881877371,2.8840585684969726
1291,lms,1.5505377270597376,2.849452849497451
1292,lms,1.5013581306299377,2.9150416806573096
1293,lms,1.5131582037099336,2.9378102816458003
1294,lms,1.516447627169073,2.9928515185772575
1295,lms,1.4587998692837685,3.0080924686044854
1296,lms,1.4394608233446204,3.0068632595342075
1297,lms,1.4416584012830431,2.9907125634449128
1298,lms,1.4622725731018091,3.000874016263757
1299,lms,1.4205466568143819,2.9642475736828624
1300,lms,1.4340095040548495,2.991535502375931
1301,lms,1.3984649290032936,2.8721880886744984
1302,lms,1.333421370631633,2.993406711496924
1303,lms,1.3083282581105,2.936433292410457
1304,lms,1.3446080965079377,2.9917667342188747
1305,lms,1.2907613199231402,2.9646203433085416
1306,lms,1.2782370604313442,2.9894093665815644
1307,lms,1.3213942575427855,2.9550521637041354
1308,lms,1.3184582333109782,2.9777246419576024
1309,lms,1.4436977946341971,3.233878464823233
1310,lms,0.7976725438767992,3.1788567223621835
1311,lms,1.2391701548476177,2.9811384535522114
1312,lms,1.0521790406315157,3.093344394629602
1313,lms,1.2507792309301884,2.9332062511247656
1314,lms,1.2172272062485032,2.9938896202552376
1315,lms,1.2034197102725668,3.0227465971229877
1316,lms,1.176750610856626,2.976460960118521
1317,lms,1.2022840087831264,3.089527012853008
1318,lms,1.136401587155666,2.9939573712066454
1319,lms,1.1964645367372984,2.922381494862256
1320,lms,1.1894987434723268,2.9262055343815137
1321,lms,1.0603350507992508,3.005610743315371
1322,lms,1.1377377124778174,2.9493552796824485
1323,lms,1.008456275479134,3.0211979827281055
1324,lms,1.0166460801626525,2.9393095463652745
1325,lms,1.0252772933173726,3.017992861193931
1326,lms,0.9945214975732584,3.0051028559587367
1327,lms,0.9496418492304993,3.0091020640418558
1328,lms,0.9606627674106539,2.9714401788007305
1329,lms,0.9767762448681083,2.8229746137294773
1330,lms,0.9498065086140469,2.96841876135276
1331,lms,0.9355709918485386,3.0084259260310473
1332,lms,0.8813893492670568,2.909345536482905
1333,lms,0.940045837524766,2.9722849875375372
1334,lms,0.9219948978470013,3.0186149137947367
1335,lms,1.5013119079529202,3.9919530087870982
1336,lms,0.8745979988811177,3.057866145583854
1337,lms,0.8453404628578671,3.0006847171992344
1338,lms,0.8308518991494415,2.972281121759786
1339,lms,0.8444905887037258,2.9487303937779368
1340,lms,0.8083443132327801,3.0010371228128134
1341,lms,0.7897639418402385,2.974281519846754
1342,lms,0.7715849509191564,2.993056384601177
1343,lms,0.6791079868296626,2.9526835941400478
1344,lms,0.705311830697517,2.9972065273799124
1345,lms,0.7599412260596272,2.9701826791831776
1346,lms,0.7505223917004867,2.9735704337913123
1347,lms,0.6973886203651518,2.9834317148951603
1348,lms,0.4587273405598595,3.124102984810092
1349,lms,0.9260205516055349,3.3614900949558812
1350,lms,0.6999099510269795,3.013580584841054
1351,lms,0.6168482354110563,2.9854893092042207
1352,lms,0.5749411629247323,2.990088458008657
1353,lms,0.5836081286575974,2.9888065663161356
1354,lms,0.6153736780403172,3.037681056210999
1355,lms,0.598672493819536,3.0015879504109515
1356,lms,0.5276392796970079,2.996049494958556
1357,lms,0.6509575821719443,2.913317109623547
1358,lms,0.5384325655884248,2.9818521525901596
1359,lms,0.5071631907766776,3.0545625174049014
1360,lms,0.051549638824313515,3.1884966524826663
1361,lms,0.5087891006306062,3.00997134106111
1362,lms,0.5302267172319807,2.958029166117074
1363,lms,0.4466110405183453,3.0106572672277427
1364,lms,0.42315992064012664,3.000078807707573
1365,lms,0.40666447719678966,2.9737070145868456
1366,lms,0.4000412765822501,2.9888226590935085
1367,lms,0.41755453297029366,2.980124423407707
1368,lms,0.41210809000921217,2.952778881101168
1369,lms,0.4022759778163437,2.9743001858649025
1370,lms,0.35667632007731753,2.9920456802498534
1371,lms,0.3184285193110241,2.9868967000321334
1372,lms,0.3508671113479366,2.9665219154733222
1373,lms,0.29540340000781173,2.999397377313155
1374,lms,0.28801973754519783,3.0274290688507266
1375,lms,0.1510574238631529,3.076067803966072
1376,lms,0.25637735604829726,2.978899552306838
1377,lms,0.22291959988507948,3.00783049409453
1378,lms,0.22482999707116869,2.993968292548095
1379,lms,0.18661260971169624,2.9700992254415914
1380,lms,0.15302130019155236,3.020942355760108
1381,lms,0.14274205217128322,2.964922932827199
1382,lms,0.15894471413163436,3.018783855956355
1383,lms,0.17684226564599248,2.9964761007080885
1384,lms,0.16645362362508254,2.9992383857392326
1385,lms,0.10874435528055082,2.9984314501012816
1386,lms,0.09474158096218799,2.9843901807976803
1387,lms,0.07272595347157262,2.998510817786654
1388,lms,0.05715082055041498,3.03310912680267
1389,lms,0.049143656061645835,3.0006730678521225
1390,lms,0.0943485270067409,3.0248440449713088
1391,lms,0.019929944472983907,2.9676415192466394
1392,lms,0.03549440464876219,2.9829113175994757
1393,lms,-0.01640733957280982,2.9400690304858252
1394,lms,-0.1869620375883877,3.0441327856328453
1395,lms,-0.027605672190905928,2.9942109060741924
1396,lms,0.013430417950682116,2.930568118668566
1397,lms,0.01347006524592076,2.9797260348123062
1398,lms,-0.10570808904048501,3.013918385429578
1399,lms,-0.06522555809148778,3.0216062458293687
1400,lms,-0.14053947575779546,2.9925081575360846
1401,lms,-0.17462343341210051,3.0423153283064535
1402,lms,0.19023451535079605,3.467825770332825
1403,lms,-0.14611951625148023,2.9551357266817257
1404,lms,-0.15182028286144023,2.9372652955505743
1405,lms,-0.15662204409995117,2.9941634198844786
1406,lms,-0.19929092744970112,3.012516940153483
1407,lms,-0.19753127612771137,3.027835195862953
1408,lms,-0.23627334178832105,2.9888111312664964
1409,lms,-0.23560360300405592,2.9831856039609312
1410,lms,-0.18970337988389396,2.966133100780561
1411,lms,-0.1847752079750068,3.1918421016349177
1412,lms,-0.2906060256801172,2.9733932517281234
1413,lms,-0.29833997136283064,2.9668300912451033
1414,lms,-0.37831494231163887,3.0157651265881644
1415,lms,-0.3906632751629041,3.013305848810692
1416,lms,-0.35568370773957614,3.032938393447715
1417,lms,-0.42535920379833436,2.992692145393899
1418,lms,-0.34862781921208297,2.934403602963167
1419,lms,-0.4103375317233645,3.008146651602178
1420,lms,-0.3790789851317554,2.983040217009286
1421,lms,-0.42302101418239013,2.974398435386843
1422,lms,-0.43311347188515026,2.990883247700944
1423,lms,-0.4384436836184523,3.0029189875886297
1424,lms,-0.42395418076847513,2.981341092501847
1425,lms,-0.4677444103908558,2.9381384545994154
1426,lms,-0.4632605066228098,2.946889447093061
1427,lms,-0.49990856075365364,3.0005184355872836
1428,lms,-0.4815328008300258,2.970549585658294
1429,lms,-0.5058624124616106,3.0085388399486757
1430,lms,-0.6063088595312117,3.0224182946472276
1431,lms,-0.5867391444500635,2.9686021674081773
1432,lms,-0.5949070569042217,3.0147468360495395
1433,lms,-0.5699907399966041,2.909750327281177
1434,lms,-0.5943437490644873,3.029955033299577
1435,lms,-0.7695205948490335,3.070833927257497
1436,lms,-0.6341341890423252,2.9823269782648
1437,lms,-0.9393288995530747,3.1239716898955603
1438,lms,-0.6932230992475711,2.931650300759144
1439,lms,-0.7357232298928332,2.9897214063991266
1440,lms,-0.7053322846504851,3.030981245928144
1441,lms,-1.0599065589584353,3.1808640485984956
1442,lms,-0.6685019821279793,3.0047123073865807
1443,lms,-0.7393792004194552,3.0408894742376584
1444,lms,-0.7934316067210935,3.005362200676548
1445,lms,-0.7539740492668389,2.964461326116891
1446,lms,-0.7615512802017145,3.015902367344413
1447,lms,-0.5870741339606443,3.3185328939782894
1448,lms,-0.7993482346611075,2.9861822200835944
1449,lms,-0.8453989103169238,2.946685284793448
1450,lms,-0.8904023463047591,2.9875971449510788
1451,lms,-0.7954865688006493,3.0942110643014753
1452,lms,-0.8801278603622783,2.9615831318722803
1453,lms,-0.9126468784562592,3.01299132407987
1454,lms,-0.909698413362852,2.9898086211655803
1455,lms,-0.9654465174291124,2.9569897043113915
1456,lms,-0.9214339409707871,2.9860207351408947
1457,lms,-0.9587066936907286,3.0608444839617173
1458,lms,-1.0200337805310276,3.0205990908376625
1459,lms,-1.0220410424947475,3.0125352400805014
1460,lms,-0.9963366824865297,2.9620916051791477
1461,lms,-1.0856889907202518,3.018654299285057
1462,lms,-0.9981677863520654,2.961571744249193
1463,lms,-1.0455013316056938,2.9417396890227483
1464,lms,-1.060237182775563,3.0262165484462185
1465,lms,-1.2217573460208384,3.057631477649357
1466,lms,-1.1221116547023824,3.0364425708149723
1467,lms,-1.2913230917610337,3.059950109061974
1468,lms,-1.1719799273946125,2.9822027993541664
1469,lms,-1.1429184617906034,3.107438103877944
1470,lms,-1.1001354501567935,3.0119180390185734
1471,lms,-1.1733049820350074,3.0525699929321792
1472,lms,-1.2136225210509326,3.0191629364406767
1473,lms,-1.1981738016284513,2.9353099818212964
1474,lms,-1.126733052586114,3.2120289517269662
1475,lms,-1.2387992517835542,2.990364111132503
1476,lms,-1.243291783913428,3.0044826207131368
1477,lms,-1.5762981132618439,3.264046168923027
1478,lms,-1.2852361448454501,2.972839743933732
1479,lms,-1.2554179487463952,3.049940599619251
1480,lms,-1.2691172322177038,2.995850187273935
1481,lms,-1.3485940456505894,2.9963622528709277
1482,lms,-1.355612725867862,3.023247485940219
1483,lms,-1.3079769363677216,2.9757178202598
1484,lms,-1.3378488176095802,2.977210268802388
1485,lms,-1.3270493822148324,2.998646238308631
1486,lms,-1.4244460323209842,3.006281917705903
1487,lms,-1.4079768460911124,2.9825127632598916
1488,lms,-1.4497557284417244,2.973525501135992
1489,lms,-1.542378947570819,3.036241481167769
1490,lms,-1.5131221531861514,3.0494672737846944
1491,lms,-1.4676062061339774,2.98077014096036
1492,lms,-1.51550969218468,3.0581027966901915
1493,lms,-1.5429901035688283,2.977870561166302
1494,lms,-1.4770783117079307,2.947735157524334
1495,lms,-1.5666188173664497,2.911090788695782
1496,lms,-1.5185478725054558,2.917633977759364
1497,lms,-1.5718938206251414,3.0091989345352994
1498,lms,-1.5532502301290525,2.971562827810014
1499,lms,-1.5705414621555591,3.0010386497500297
1500,lms,-1.600210234635759,3.008609814346907
1501,lms,-1.6941848534481037,3.035864292378366
1502,lms,-1.5714881283109423,2.9189296052074174
1503,lms,-1.6624737702536576,3.0242229830080207
1504,lms,-1.706832230525921,3.0020380889200307
1505,lms,-1.6298393114260663,2.86176717528364
1506,lms,-1.668759491516886,2.945080061439243
1507,lms,-1.6477015305046039,2.967887839977694
1508,lms,-1.7151714580091197,2.9951006451140803
1509,lms,-1.7295414438203598,2.993454809577874
1510,lms,-1.6932770528566192,2.7820235486040286
1511,lms,-1.7145376040590388,2.981744897385237
1512,lms,-1.5254646679426052,3.4012477920498583
1513,lms,-1.8120053994806242,3.0265363413606563
1514,lms,-1.7841795386735035,2.9872186333554716
1515,lms,-1.8125742960021483,3.024341302020641
1516,lms,-1.4691852739158011,3.100399432591071
1517,lms,-1.9180881111703107,3.0490331092303897
1518,lms,-1.868096657353862,2.9892982008372764
1519,lms,-1.8312600635879464,2.945875447320266
1520,lms,-1.981082948275231,3.0497745062275445
1521,lms,-1.8563320800024754,3.1286761562676384
1522,lms,-1.9326565037538699,3.005126061864167
1523,lms,-1.9456658754959828,2.998717298425613
1524,lms,-1.9496779196487846,2.9755134551368023
1525,lms,-1.9376414239675683,3.021221262616801
1526,lms,-2.055462787719717,3.0338457498066544
1527,lms,-2.037213531251743,3.016738432971662
1528,lms,-2.2604771077474712,3.055232232967229
1529,lms,-2.057566049181879,3.0192419969471693
1530,lms,-2.043256798632015,3.004712263436816
1531,lms,-2.067342364144988,2.9774821708980843
1532,lms,-2.0770517153374572,2.9926545818260273
1533,lms,-2.004301582031422,2.9439033911745742
1534,lms,-2.6705798174945743,3.2638778607908447
1535,lms,-2.183281110886115,3.0757304106699044
1536,lms,-2.035931594853642,2.9605729665911715
1537,lms,-2.1058343902804313,2.9579959118762256
1538,lms,-2.1148767482750825,2.9893336499718677
1539,lms,-2.0416424533485507,2.523192339339665
1540,lms,-2.278316676876134,3.0513390106394693
1541,lms,-2.1382815518101204,2.9743710832919934
1542,lms,-2.479011874159542,3.1244951466836755
1543,lms,-2.2901802365046318,2.9978148784757797
1544,lms,-2.3251405463885386,3.035297014613896
1545,lms,-2.225004439887811,2.9573122355138257
1546,lms,-2.1572565002427386,3.1177432232917264
1547,lms,-2.3565677469552955,3.0387497670920767
1548,lms,-2.2345000055404816,3.160058146548522
1549,lms,-2.3300288421397215,2.958064177851246
1550,lms,-2.3834227034923527,2.984109891055623
1551,lms,-2.2426074289381766,3.0772501187282173
1552,lms,-2.421788450524911,3.0197997970186665
1553,lms,-3.052965667315105,3.2573124613981466
1554,lms,-2.437643418884258,2.95057320475288
1555,lms,-2.433845193446989,3.0018708865907686
1556,lms,-2.41528913105827,2.942683299465826
1557,lms,-2.4259536433324134,3.0449842779863188
1558,lms,-2.468004770601301,2.9413130458678878
1559,lms,-2.413911360947197,2.996341419824745
1560,lms,-2.4503708560705415,3.032015228902882
1561,lms,-3.083454406854762,3.303149909218899
1562,lms,-2.4334013132867973,2.724082142633244
1563,lms,-2.518666194985381,2.9817489998155824
1564,lms,-2.598188882607687,3.01643533215704
1565,lms,-2.026867238560778,3.8015070193371527
1566,lms,-2.6174072382358036,3.0023997851123307
1567,lms,-2.535344634000192,2.6222705470426044
1568,lms,-2.6067743483722925,2.989734558248099
1569,lms,-2.610080402002648,2.9940599676691653
1570,lms,-2.4613371951273377,3.108534162416012
1571,lms,-2.6157414180260967,3.034201301087018
1572,lms,-2.7414597558219946,3.043664479469334
1573,lms,-2.6513240970353893,2.974567818250149
1574,lms,-2.4583961820344253,3.3808054385312136
1575,lms,-2.8012147888192884,3.006120878737167
1576,lms,-2.8187181326842508,3.0533324444232197
1577,lms,-2.787961262108338,2.9777125249368934
1578,lms,-2.7100971943709355,2.97710800253702
1579,lms,-2.8327977236026998,2.9915196879260795
1580,lms,-2.817616931026908,3.0002640496818334
1581,lms,-2.722360585569737,2.908046156373083
1582,lms,-2.768711234425694,3.0052241684466248
1583,lms,-3.101159120827717,3.1152827385426423
1584,lms,-2.8597651289289314,2.9847362197466247
1585,lms,-2.87239824793938,3.037657606496249
1586,lms,-2.943453905355308,3.051623714775611
1587,lms,-2.8115693738770804,3.55113747388296
1588,lms,-2.94279979077528,3.039948900253785
1589,lms,-2.107636982927776,4.221589448222552
1590,lms,-2.8397748365702506,2.6927473046768444
1591,lms,-2.991895122574284,2.973906745667567
1592,lms,-2.9632174321143903,2.938370988680739
1593,lms,-3.0756378636296344,3.0468944091461054
1594,lms,-2.9871040679170604,3.0425758639430063
1595,lms,-2.9276903109040164,2.9707823415538384
1596,lms,-3.0603891067742914,3.0188229288775394
1597,lms,-3.1836201178983914,3.1081426382002455
1598,lms,-3.057043996831689,3.0033682311457426
1599,lms,-3.1421828843341495,3.034664543105914
1600,lms,-3.0839553456823214,2.980969555704838
1601,lms,-3.0992352256734583,3.0136020899920264
1602,lms,-3.1008094299244746,2.943023338744326
1603,lms,-2.935525127077084,3.316927804185454
1604,lms,-3.1357553653423467,3.0233678086791627
1605,lms,-3.170083716849567,2.976346689511004
1606,lms,-3.1738938093559583,2.7743220875701318
1607,lms,-2.8821613444848184,3.3734177411932347
1608,lms,-3.1971237738164047,2.978771313077341
1609,lms,-4.252893038844966,3.43510668939856
1610,lms,-3.2441673427612074,2.9086191740747065
1611,lms,-3.240029685918031,2.9010452188734597
1612,lms,-3.4982935127381185,3.0156127986943644
1613,lms,-3.3505816083878472,2.974986659798288
1614,lms,-3.2998704732388178,2.9669607530721294
1615,lms,-3.342436175367562,2.8897685794230403
1616,lms,-3.2802189853074855,3.0729702506037775
1617,lms,-3.0572960132121207,3.356047005622445
1618,lms,-3.3607549178933893,2.859545022449066
1619,lms,-3.431165719027844,2.9010440284168997
1620,lms,-3.407715475114921,2.8332717839473696
1621,lms,-3.394913331439114,2.8833823801402305
1622,lms,-3.4367619470998734,2.83062001292118
1623,lms,-4.1735700234016395,3.1698660099311646
1624,lms,-3.3914881294553507,2.754899412294748
1625,lms,-3.472424103567651,2.7767719071086825
1626,lms,-3.4208117579251227,2.6763480970945435
1627,lms,-3.361478220985839,2.661685836037041
1628,lms,-3.4036229728443055,2.7165384935712673
1629,lms,-3.474886689118788,2.6319022836556374
1630,lms,-3.3936640836704304,2.6436948419316515
1631,lms,-3.361195824694621,2.619424048383417
1632,lms,-3.4460874843828138,2.6326171910096225
1633,lms,-3.514396196363848,2.6318460310143963
1634,lms,-3.3953654425049167,2.5988315919700153
1635,lms,-3.442538557444213,2.610138076444027
1636,lms,-3.4236105933555483,2.2847522955948767
1637,lms,-3.4765946570767015,2.483055835860065
1638,lms,-3.399221889942814,2.4191650135518445
1639,lms,-3.3532131329958887,2.473121818645211
1640,lms,-3.41263090687478,2.479539813490084
1641,lms,-3.4526929501978825,2.4670862227913646
1642,lms,-3.3466296544912617,2.3930500414099147
1643,lms,-3.3330135197134525,2.3905141353876944
1644,lms,-3.360941425556503,2.416850864489842
1645,lms,-3.3603140703995495,2.389436552556261
1646,lms,-3.3203759472483747,2.3529451265470476
1647,lms,-3.4066298353777484,2.404083863079608
1648,lms,-3.352546363330973,2.323765664678577
1649,lms,-3.2593517809253156,2.270014629061372
1650,lms,-3.363130477872977,2.3334145246976306
1651,lms,-3.256182948912349,2.2794358321413672
1652,lms,-3.1957201613228343,2.2457216029613103
1653,lms,-3.2934260063762655,2.317415434459096
1654,lms,-3.236359317079114,2.2226387915460046
1655,lms,-3.2546962201528955,2.20566117843116
1656,lms,-3.2373718338302075,2.2109349176127298
1657,lms,-3.1228008056272283,2.104247922937558
1658,lms,-3.2450938864432275,2.2587974583998633
1659,lms,-3.025737102528241,2.2418070024347108
1660,lms,-3.083606104765171,2.3103257836944477
1661,lms,-3.124974708001725,2.178709824338334
1662,lms,-2.9968918154163386,2.469834498089341
1663,lms,-3.1593102683186154,2.1274119851059794
1664,lms,-3.1417217408623324,2.148226363488166
1665,lms,-2.9926304145260754,2.03599569676963
1666,lms,-3.0559177251169984,2.043046629684807
1667,lms,-2.9728602671526603,1.5721394410282485
1668,lms,-3.036854517835032,2.122873576333408
1669,lms,-3.0447013551544058,2.078884683785213
1670,lms,-3.1270230354281012,2.0174534258326413
1671,lms,-2.92435174206006,2.193948624055455
1672,lms,-3.0936827742448276,2.0753213069440593
1673,lms,-3.065762107496628,1.993209787499735
1674,lms,-4.146640106531327,2.625961286808064
1675,lms,-2.9786824817088347,2.059184403346361
1676,lms,-3.0366425588020935,1.9810643143814723
1677,lms,-3.053443489766821,1.9987042396330503
1678,lms,-2.939948893191659,1.9432219026176245
1679,lms,-2.0304865664645257,3.075319713727229
1680,lms,-3.501766158223042,2.160664241176143
1681,lms,-2.9890030949359163,1.951042144890371
1682,lms,-2.893132695964801,1.8779226697986333
1683,lms,-2.9621691435272326,1.879936597079244
1684,lms,-3.198685409588299,2.0735372838459694
1685,lms,-2.9536668944279314,1.9106078767096366
1686,lms,-2.893511563297608,1.8179027842909314
1687,lms,-2.9250508265809123,1.7903101566441006
1688,lms,-2.827438166926162,1.7749144730544204
1689,lms,-2.9283645164182306,1.744658306973796
1690,lms,-2.9918387987042774,1.8358524015918665
1691,lms,-2.8700522559227535,1.7262854266140693
1692,lms,-2.9643454805306693,1.793383098927527
1693,lms,-2.964690467035359,1.861278815769519
1694,lms,-2.8811861692024934,1.717829866512286
1695,lms,-2.964102112977621,1.713819713691418
1696,lms,-2.9131884025463846,1.67698510863158
1697,lms,-2.8901979389871655,1.775843395093342
1698,lms,-2.9042378638831483,1.7387170733255815
1699,lms,-2.892737184613869,1.5221854770481027
1700,lms,-2.8290448479980888,1.3072227355749
1701,lms,-3.3808928743433246,1.8349232621290872
1702,lms,-2.9128840375529905,1.5722519509127877
1703,lms,-2.9305539155491154,1.6462691471097055
1704,lms,-2.9363341891646257,1.5189123435405851
1705,lms,-2.950770897906174,1.538949658508348
1706,lms,-2.9089330912232945,1.5209915777156318
1707,lms,-2.89814745722364,1.4291769509924555
1708,lms,-2.8627958023784648,1.464041531645103
1709,lms,-2.9386871614724144,1.4804200772772438
1710,lms,-4.2166317102165705,2.150724268179011
1711,lms,-3.0027913757997604,1.5081324329345063
1712,lms,-3.0049203937908824,1.323850831625009
1713,lms,-3.0154105218469494,1.4346197195840347
1714,lms,-2.9394763828905544,1.3266982422819975
1715,lms,-2.9092064278877987,1.2998377418643439
1716,lms,-3.2638881028831324,1.5439051162761954
1717,lms,-2.9647809763626367,1.3223810805753855
1718,lms,-2.9266091321277132,1.3204110307670467
1719,lms,-2.9970793019211066,1.3432319089113456
1720,lms,-2.9579248559045377,1.2553400902920262
1721,lms,-2.990655413630828,1.2739123559845762
1722,lms,-2.998348307369119,1.282203652801691
1723,lms,-3.010205158817227,1.2497879397394458
1724,lms,-2.919625688403342,1.22724176252495
1725,lms,-3.5360641188395907,1.5645084735839934
1726,lms,-3.0341603864150204,1.2221046041175185
1727,lms,-3.0016997630306723,1.18273448431792
1728,lms,-2.9243343244363738,1.0846841562073206
1729,lms,-3.0424712891946735,1.2066544392999452
1730,lms,-2.9461534891084864,1.151170292999642
1731,lms,-2.9676851224883967,1.1316892582610842
1732,lms,-3.014114148865524,1.1943252777533422
1733,lms,-2.7945121142092595,0.7172501762019947
1734,lms,-2.920160722434152,0.8951883755753243
1735,lms,-2.8899263232953243,1.0231198039132758
1736,lms,-3.01806096466438,1.0763596484834879
1737,lms,-2.9947908785425574,1.061385196800841
1738,lms,-2.9109086056847677,0.8772043330540571
1739,lms,-2.970737775639533,1.033240711427006
1740,lms,-2.8453540557511254,0.7367429735761037
1741,lms,-4.831640292500772,1.9319286482062052
1742,lms,-3.010442049780394,0.9688815216906184
1743,lms,-4.23960736901455,1.6483268230635701
1744,lms,-2.9520265313134195,0.8948903084499782
1745,lms,-2.8985620237339424,0.7981988432482785
1746,lms,-3.065762974739761,0.9646424354140919
1747,lms,-2.998697058340551,0.9819622359797839
1748,lms,-3.008830285585968,0.9108028058859885
1749,lms,-2.904841325961979,0.8451453459966203
1750,lms,-2.983846561171261,0.8859104652004044
1751,lms,-2.935359135352425,0.7685576082732717
1752,lms,-2.956624638013784,0.8330642465964733
1753,lms,-2.9903029699479426,0.8050991911527263
1754,lms,-2.914633161100398,0.7735014431303222
1755,lms,-2.941752757294151,0.7308104124281964
1756,lms,-2.9603686788869554,0.7172510736006625
1757,lms,-2.960309845290452,0.7732593273069082
1758,lms,-3.017721574448606,0.7320664029657946
1759,lms,-2.9853954601617576,0.6842994971738854
1760,lms,-2.981335738775226,0.6804005298361573
1761,lms,-3.0140119181943477,0.753219785763644
1762,lms,-3.0037096654109017,0.6709792406470854
1763,lms,-2.961409100352737,0.561096561647549
1764,lms,-3.0128048046390545,0.710909571576118
1765,lms,-2.9347225748638883,0.6144189936926487
1766,lms,-3.0254084996173387,0.6640480506594582
1767,lms,-3.006854058485827,0.6435934638012561
1768,lms,-2.9540189496603575,0.5968064961038335
1769,lms,-3.0024924947187803,0.5804850875140035
1770,lms,-3.0054308520908783,0.5539045602328212
1771,lms,-2.9882202784958762,0.5047822181760169
1772,lms,-3.475712517040997,0.7638637396708767
1773,lms,-2.962553948653032,0.5193108397821713
1774,lms,-2.99669893616371,0.5056820627112542
1775,lms,-3.09713600572556,0.6055578446449661
1776,lms,-3.0235989354590678,0.5470996472746048
1777,lms,-2.9948956618430045,0.4624883561497657
1778,lms,-2.9283677707875415,0.40649453337857944
1779,lms,-2.9680794145759646,0.6232843912036934
1780,lms,-2.99781040866473,0.3973634770024361
1781,lms,-3.0039306801815826,0.37741756949092986
1782,lms,-2.978250654369194,0.34303291937912217
1783,lms,-2.9445457530172114,0.28942907545681784
1784,lms,-3.1029328183239397,0.4291817328236194
1785,lms,-2.8563796485376973,-0.05939960028143698
1786,lms,-2.91558877026833,0.26264949898124623
1787,lms,-2.9071281459471447,0.12699148151704875
1788,lms,-2.9915073963949936,0.34104216797661735
1789,lms,-3.4050444365844705,0.4754072242667218
1790,lms,-3.017358306979619,0.3215046820638041
1791,lms,-3.2384610187479557,0.31595879690248907
1792,lms,-2.949181080276525,0.18521059584228095
1793,lms,-3.000582434990199,0.23117656294044675
1794,lms,-2.990966321231657,0.22893441523349178
1795,lms,-2.914908269435544,0.12767062371743432
1796,lms,-2.901372143944005,0.13280276422998138
1797,lms,-2.997396870440537,0.1512046507530016
1798,lms,-2.993975682240823,0.14222162062396837
1799,lms,-3.0590895722762457,0.15175270458497092
1800,lms,-2.75719973592953,-0.6456201544853393
1801,lms,-2.982018298618474,0.0974880614527942
1802,lms,-2.980035201850987,0.12187348992536862
1803,lms,-3.0284272279976467,0.1267684488447669
1804,lms,-2.9873257057415623,0.06048788523114634
1805,lms,-3.0387307379383715,0.046244728713310757
1806,lms,-3.0431710480847647,0.12589920153520673
1807,lms,-3.0328423412656647,-0.02062078411807189
1808,lms,-2.9031806172022656,-0.15108511590021045
1809,lms,-2.834890929558204,-0.5313372523509257
1810,lms,-2.9454101611135157,-0.04963412440028403
1811,lms,-3.004042659766171,-0.04738830479435574
1812,lms,-2.87886174683154,-0.34224510054716006
1813,lms,-3.0410446387650505,-0.04726201897207982
1814,lms,-2.9470853825377925,-0.15815311918199182
1815,lms,-3.035588226086998,-0.1213251860115383
1816,lms,-2.9220451000544716,-0.1222692765501936
1817,lms,-2.9823060734571367,-0.1921629694826743
1818,lms,-2.967496532551482,-0.19653867727454521
1819,lms,-2.9781736196082322,-0.20811193449006726
1820,lms,-2.9430597611564475,-0.2242561487040069
1821,lms,-3.0056583887072645,-0.19795007934607334
1822,lms,-3.026068229379635,-0.1864878697216925
1823,lms,-3.0036352965269533,-0.19310941421635608
1824,lms,-2.92930073196866,-0.3171126495921648
1825,lms,-3.048123679531939,-0.19890744522022707
1826,lms,-3.002612534595963,-0.2721063954571816
1827,lms,-3.0138977057861323,-0.2610862281370725
1828,lms,-3.025516660284585,-0.3010531340871738
1829,lms,-2.9954139294072446,-0.2920385594581054
1830,lms,-3.295092621103129,-0.19715181167454165
1831,lms,-3.02908502752149,-0.3103468993273646
1832,lms,-3.021432169400964,-0.31013674266988467
1833,lms,-2.998924876555668,-0.3771213169691192
1834,lms,-2.968609349339151,-0.41490014127495023
1835,lms,-3.0022280654278606,-0.3990715829321001
1836,lms,-2.956016855618771,-0.48102805675125104
1837,lms,-2.52056367287729,-1.0425434469062225
1838,lms,-2.9998349341224366,-0.43066694250831095
1839,lms,-2.941159293397453,-0.532472630577197
1840,lms,-3.012359340473637,-0.48274362479174204
1841,lms,-2.9855460626752857,-0.47104290755649725
1842,lms,-3.372491071627349,-0.3451011509567543
1843,lms,-2.9824930849988553,-0.5498808783921687
1844,lms,-2.9426953457213814,-0.5745484018708407
1845,lms,-2.897196171717936,-0.6704008984886434
1846,lms,-2.99090672109742,-0.5739596663557913
1847,lms,-3.0105965941388058,-0.6275944252978141
1848,lms,-3.0507997892551204,-0.5265908558378376
1849,lms,-2.9587220636149922,-0.6694623796790253
1850,lms,-2.949090259030768,-0.7876783707028112
1851,lms,-3.2325806911078314,-0.5360976845996275
1852,lms,-2.9543150005383194,-0.6875338198184355
1853,lms,-3.009875614388511,-0.6951402726760794
1854,lms,-2.932540335567536,-0.7393098676991174
1855,lms,-2.9916321944710993,-0.6941750935802711
1856,lms,-2.7757614429959325,-1.3563103132792849
1857,lms,-3.0127175667743,-0.7298221493216035
1858,lms,-2.950259612185028,-0.5186422533452095
1859,lms,-2.9590402248822754,-0.7631406286575695
1860,lms,-2.998522163823579,-0.78488214967504
1861,lms,-2.9416423795205904,-0.7869696657934009
1862,lms,-2.995524091983096,-0.7974245615472961
1863,lms,-2.9302363026029723,-0.8450150136944972
1864,lms,-2.968779031538231,-0.8447327814110421
1865,lms,-2.9354105660423957,-0.9393377313932882
1866,lms,-4.156013768333364,-0.2570863008060673
1867,lms,-4.50569858141947,-0.08826138932922678
1868,lms,-2.967695743190205,-0.958867542596141
1869,lms,-3.054175369734904,-0.8941585412872799
1870,lms,-2.98444204124436,-0.9100477024167901
1871,lms,-2.803505062358913,-0.7201966154957553
1872,lms,-3.00839091309821,-1.0128449806819306
1873,lms,-3.0340520547210983,-0.9781095719706974
1874,lms,-2.968791047245267,-1.0075603688137003
1875,lms,-2.9872125898342676,-1.0497301518219428
1876,lms,-2.9328444833741556,-1.260323827113976
1877,lms,-2.931269711004499,-1.0971682618008414
1878,lms,-3.089446310602431,-1.0263984526759016
1879,lms,-3.061085207212789,-1.0210532147705127
1880,lms,-2.8776674344443967,-1.3928899742346283
1881,lms,-2.916859401848557,-1.177161008547702
1882,lms,-2.9923282334352206,-1.1175998205356068
1883,lms,-2.950965030743385,-1.186757129643813
1884,lms,-2.9584150934294615,-1.16460337179364
1885,lms,-2.9988609482946873,-1.1931909950915216
1886,lms,-2.950491259312976,-1.202600551541038
1887,lms,-3.0251875254614364,-1.1256048853166778
1888,lms,-3.005375489575008,-1.162269553648457
1889,lms,-2.8853761957203616,-1.2512021234119688
1890,lms,-2.972016823169117,-1.2868964996051426
1891,lms,-3.060551155462229,-1.182381443403318
1892,lms,-2.9872193949477603,-1.2419305438656112
1893,lms,-2.9349962428912657,-1.3465532613813007
1894,lms,-2.938708259194485,-1.303006438591198
1895,lms,-3.094298761982151,-1.2513060791740092
1896,lms,-2.9766485296031555,-1.3229919405627797
1897,lms,-3.015007195679572,-1.3638851657148674
1898,lms,-3.0028703529788765,-1.3206203477137661
1899,lms,-2.951867202349924,-1.417743168168868
1900,lms,-2.9680749668728206,-1.405676636054955
1901,lms,-2.8861930602292687,-1.6127941633572638
1902,lms,-2.996234224196044,-1.415197961415366
1903,lms,-3.101917582860812,-1.3567445677316927
1904,lms,-3.004888669859508,-1.4330289672796122
1905,lms,-2.9900275130673934,-1.4768027086917916
1906,lms,-3.7231451404979032,-1.1194431035946604
1907,lms,-2.998522857315088,-1.4693627945156642
1908,lms,-2.9896137916470455,-1.5264482147721186
1909,lms,-3.0726919431149176,-1.4934894964933196
1910,lms,-3.0211337016961184,-1.5261015531678872
1911,lms,-2.8753031958861177,-1.6366191715667453
1912,lms,-3.6187024603662086,-1.243809340786723
1913,lms,-2.979341160920714,-1.4911323865511976
1914,lms,-2.967778678233209,-1.6305081812240898
1915,lms,-3.0128495577051924,-1.6029784450417415
1916,lms,-2.970127644552023,-1.6891435801490386
1917,lms,-2.9222549412644794,-1.684850434932276
1918,lms,-2.9466935261706837,-1.6582870170803892
1919,lms,-2.9215908560512753,-1.6994964625445643
1920,lms,-3.028922532137112,-1.7263834560680058
1921,lms,-3.0508663614431812,-1.6408471602235863
1922,lms,-2.709401588967997,-2.5344670069289403
1923,lms,-3.035015689929379,-1.6733872237426164
1924,lms,-2.967865214513898,-1.7697899531131096
1925,lms,-2.9925532094697993,-1.738252626301926
1926,lms,-2.955368220293252,-1.788807209459109
1927,lms,-2.922452527992896,-1.8238206426899986
1928,lms,-3.0039196973253155,-1.784484454220249
1929,lms,-3.068879341232559,-1.752201224446896
1930,lms,-3.021398534254597,-1.7490340531720872
1931,lms,-2.968065308729934,-1.8056854601799701
1932,lms,-3.023819623971071,-1.8255753811415065
1933,lms,-3.070497712418913,-1.7856742523091285
1934,lms,-3.0758346537347743,-1.708464750153869
1935,lms,-3.004994162267128,-1.8516303408328882
1936,lms,-2.984460665294972,-1.9145560360331997
1937,lms,-3.091196278446557,-1.7947747608144242
1938,lms,-3.0064132284933556,-1.9130927168734262
1939,lms,-3.021147990866191,-1.9708248459786013
1940,lms,-2.90678515022423,-1.9034518602106223
1941,lms,-2.9866707121762333,-2.05649946216984
1942,lms,-2.970470298939746,-2.0959179070408336
1943,lms,-2.914405948645728,-2.160043557167538
1944,lms,-2.9783533141649077,-2.026071569509446
1945,lms,-3.071368361814318,-2.03637580545119
1946,lms,-2.976107637748624,-2.0869203424046017
1947,lms,-2.978643990687615,-2.124827277339336
1948,lms,-2.9781048362643703,-2.0793797119874737
1949,lms,-2.955164910699542,-2.2377078644091952
1950,lms,-3.0423592996204554,-2.0937065533610797
1951,lms,-3.0023321473584863,-2.1829437263557105
1952,lms,-2.9336400367961826,-2.2272085287427386
1953,lms,-3.0001518792369213,-2.1732800683448756
1954,lms,-3.0234354762581366,-2.164106044247898
1955,lms,-3.0579814024347587,-2.1121545539817195
1956,lms,-2.997187765541103,-2.128909258028391
1957,lms,-2.9789262645235715,-2.179917249609649
1958,lms,-2.9359038739515815,-2.286933784667869
1959,lms,-2.923001944360526,-2.5247650944353426
1960,lms,-2.9337123334587383,-2.332240419410973
1961,lms,-2.9107749947250046,-2.364582677566136
1962,lms,-3.0003384269006097,-2.310449952421087
1963,lms,-2.9192905516925487,-2.3175252921340173
1964,lms,-3.0382703295934754,-2.240358823431211
1965,lms,-2.7809575139747147,-3.1724495627578824
1966,lms,-2.9369208121379806,-2.4677692387353796
1967,lms,-2.988970358752665,-2.380063599236573
1968,lms,-3.0125798522777387,-2.4282755189172702
1969,lms,-2.8825383472645405,-2.284565536248963
1970,lms,-3.0071809601851065,-2.50182972480226
1971,lms,-3.644852207772057,-2.1255205829243993
1972,lms,-2.983905184714751,-2.327133391271401
1973,lms,-3.054113296644649,-2.40414022829884
1974,lms,-3.0155352210095527,-2.455293239004625
1975,lms,-3.0578091471957487,-2.481647988057478
1976,lms,-3.0410804278408414,-2.47499142262968
1977,lms,-2.9989118054261135,-2.5314534665298565
1978,lms,-2.9958696400378138,-2.624283548674205
1979,lms,-2.990600588622021,-2.5639874119265604
1980,lms,-2.9853484673466326,-2.565768040150167
1981,lms,-2.6934077157086986,-2.7462193519544345
1982,lms,-2.9849802526502485,-2.668303715610503
1983,lms,-3.079326643918504,-2.607117383966105
1984,lms,-3.0907102109159705,-2.6040346039846174
1985,lms,-3.0114618477196675,-2.5840836899185806
1986,lms,-2.953270007617546,-2.7062046514981812
1987,lms,-3.024206733581801,-2.670093876656101
1988,lms,-2.965268154352278,-2.7009954410532027
1989,lms,-2.9850250226106163,-2.6895137618771257
1990,lms,-2.993212177099289,-2.7055013428411048
1991,lms,-2.944236683835222,-2.6970369152624727
1992,lms,-2.981141479718708,-2.7952528412344533
1993,lms,-2.989252066509134,-2.7841160918524306
1994,lms,-2.9202355895610363,-2.8172548388040335
1995,lms,-3.042592364166747,-2.813576664216723
1996,lms,-3.026115211261799,-2.7833712336449103
1997,lms,-2.962277713232478,-2.873205870457345
1998,lms,-3.649329221059347,-2.5290551396453083
1999,lms,-2.730385296224634,-3.9052743138266406
2000,lms,-2.9508404238497654,-2.887515418400068
2001,lms,-4.76444651085847,-2.020252408032558
2002,lms,-2.9989830490226406,-2.9098614617963863
2003,lms,-2.9840008396503506,-2.898462024986875
2004,lms,-2.9483783150797414,-2.997347203285285
2005,lms,-2.9668677092822042,-2.954711027336743
2006,lms,-2.9232382513146122,-3.1083281380787984
2007,lms,-3.048824825777173,-2.9367753728627397
2008,lms,-3.035959114569651,-2.9536324448876163
2009,lms,-3.814028868060786,-2.630366120901008
2010,lms,-2.9701074010821165,-3.116980484651892
2011,lms,-2.7498682775996666,-3.8795791756116165
2012,lms,-2.9184983997420457,-3.156118806252203
2013,lms,-2.989473182648251,-3.117463670906546
2014,lms,-2.96350948843553,-3.1210974709276593
2015,lms,-3.1208261133584507,-3.0233944931085324
2016,lms,-2.932524325106786,-3.16848018924596
2017,lms,-2.9820291252262403,-3.1318921392170394
2018,lms,-3.0126158619001764,-3.1722559491437297
2019,lms,-2.9967417223838533,-3.193627062765313
2020,lms,-2.968267622555506,-3.162519459194188
2021,lms,-2.9912036773074067,-3.2532560948398475
2022,lms,-3.0439905919920105,-3.1046345386472227
2023,lms,-2.952151439871024,-3.2652300640156655
2024,lms,-3.9178279283913233,-2.7395133190370853
2025,lms,-2.9470766930230625,-3.181895743540755
2026,lms,-2.9033515627287243,-3.321900434531993
2027,lms,-2.8407863804750657,-3.390120960484545
2028,lms,-2.8862256458641866,-3.3569478444278316
2029,lms,-3.1542666174978478,-3.2010744564852676
2030,lms,-2.8687261701017697,-3.2205322635643387
2031,lms,-2.984463944359976,-3.2772024180841104
2032,lms,-2.868274467441416,-3.179145621162898
2033,lms,-2.79187966978594,-3.429397595339079
2034,lms,-2.6509573847824446,-3.9232316492914334
2035,lms,-2.8963640911294046,-3.3948930724945745
2036,lms,-2.8503118343212157,-3.365186719275184
2037,lms,-2.931452870529463,-3.3540549184273987
2038,lms,-2.7807021450170466,-3.444927746977987
2039,lms,-2.7682093686070792,-3.4846817329768465
2040,lms,-2.730951598312647,-3.38324231108807
2041,lms,-2.78136355240195,-3.480100642743092
2042,lms,-2.643626526843527,-3.463639558548179
2043,lms,-2.7115625824432272,-3.5107004646476536
2044,lms,-2.6746391275548844,-3.4987310891549086
2045,lms,-2.694217707302083,-3.52544187240548
2046,lms,-2.636004489321641,-3.480936996105747
2047,lms,-2.6530485419720597,-3.4018247696165114
2048,lms,-2.57600977261364,-3.503816893117361
2049,lms,-2.5843984186052658,-3.5637694955938253
2050,lms,-2.625865868303661,-3.415768305847104
2051,lms,-2.57576116241338,-3.4667135370101283
2052,lms,-2.0306386552390747,-3.7688335246752995
2053,lms,-2.552286956018389,-3.471156068942979
2054,lms,-2.5551456236190897,-3.4257973668357
2055,lms,-2.8536388384650033,-3.2408273229521365
2056,lms,-2.7770380333676545,-3.2816836221036425
2057,lms,-3.273130666721087,-3.024766400313055
2058,lms,-2.471354416932638,-3.256464917743476
2059,lms,-2.3980420055527234,-3.356463331670663
2060,lms,-2.3240499454447954,-3.405461294138539
2061,lms,-2.3372881537138466,-3.389379412332109
2062,lms,-2.417415374443976,-3.2714781903391197
2063,lms,-1.9336813855275135,-4.182275242151735
2064,lms,-2.163718383108122,-4.0360663168547655
2065,lms,-2.275993796932941,-3.3097253188811964
2066,lms,-2.298350119580887,-3.2740740530797128
2067,lms,-2.285715973032706,-3.3176115335715624
2068,lms,-2.2648790949159934,-3.20571205299657
2069,lms,-2.23191577763713,-3.255407865911274
2070,lms,-2.184387129125535,-3.3005643765734556
2071,lms,-2.2094124116130853,-3.3091357038990807
2072,lms,-2.241725390716323,-3.1342612252838524
2073,lms,-2.2302322304673194,-3.132304370987825
2074,lms,-2.096991581544859,-3.2877636619953767
2075,lms,-1.9420427733864143,-3.8340569583895956
2076,lms,-2.142714677695964,-3.2719285819041923
2077,lms,-2.099083579520085,-3.2429388372460286
2078,lms,-2.108621160243897,-3.1203964261354127
2079,lms,-2.0292459934035705,-3.342137517867833
2080,lms,-2.1213164715359394,-3.1091723270987837
2081,lms,-2.2004064615665504,-2.869575998977081
2082,lms,-2.0536861308405183,-3.1473664922318516
2083,lms,-2.091721293114398,-3.0755785922326977
2084,lms,-2.0235149823572494,-3.1147967571788184
2085,lms,-1.9531540561311265,-2.9947313896470007
2086,lms,-2.081579800029561,-3.021985189059346
2087,lms,-2.048716065320319,-3.040217324045628
2088,lms,-1.985232676297362,-3.0633301456987603
2089,lms,-1.9970029442319528,-3.0384428525359803
2090,lms,-2.0544713219621573,-2.9741799021640034
2091,lms,-1.9873483280224464,-2.997919653158478
2092,lms,-1.9454222439913789,-3.066235918816397
2093,lms,-2.092174153868791,-2.821877870750667
2094,lms,-1.8740186772915455,-3.0168957665818175
2095,lms,-1.9144500178912236,-3.063039725842332
2096,lms,-1.824870919450622,-3.077026879061452
2097,lms,-1.9527946688346849,-2.935794471196478
2098,lms,-1.901486123981781,-2.9574668762546024
2099,lms,-1.86549268159842,-2.943428498254929
2100,lms,-1.8597489951632693,-2.933428372397324
2101,lms,-1.4044839750674853,-4.475339200048189
2102,lms,-1.9336317876100346,-2.828191694593099
2103,lms,-1.8409556538025886,-2.9539273561491335
2104,lms,-1.873046988805854,-2.882145223755738
2105,lms,-1.7742787697223275,-2.9760040427046883
2106,lms,-1.7964141237379359,-2.9369311971281213
2107,lms,-1.737558010939539,-2.9364080381886737
2108,lms,-1.7299061868224586,-2.9800872995968133
2109,lms,-1.759604996526705,-2.9137250321070365
2110,lms,-1.798377160785615,-2.8591084033219083
2111,lms,-1.674227854316925,-2.945968725492884
2112,lms,-1.652991585568544,-2.9150136841039487
2113,lms,-1.7209445407739739,-2.8296931400075485
2114,lms,-1.8474912888629134,-2.8305450697974726
2115,lms,-1.6914509938255633,-2.908340247011508
2116,lms,-1.599656054021922,-2.8923135381233456
2117,lms,-1.5878556815961375,-2.9845030420267973
2118,lms,-1.6163761269824786,-2.910212441097891
2119,lms,-1.6487922710150476,-2.8428193509301236
2120,lms,-1.7419061420805853,-2.9126682768843875
2121,lms,-1.5143222008412907,-2.9858981351336356
2122,lms,-1.533700096089739,-2.952439818336174
2123,lms,-1.5872397236458737,-2.8832870236219925
2124,lms,-0.8284057763248013,-4.844270044623403
2125,lms,-1.5998715559693042,-2.5782347278803828
2126,lms,-1.4721991977700886,-2.955694111809567
2127,lms,-1.4285167509865269,-3.0010830012990537
2128,lms,-1.3385306150268592,-3.091416852253465
2129,lms,-1.3859679092300237,-3.0200961918897784
2130,lms,-1.3503676353404686,-3.0217659167399997
2131,lms,-1.3896567832780882,-3.0283369529738744
2132,lms,-1.358113439558597,-2.981234016672552
2133,lms,-1.3670555637229107,-2.9938463212465027
2134,lms,-1.4230275641474912,-2.93407354786208
2135,lms,-1.26395005729866,-3.110247651529745
2136,lms,-1.3449334948540805,-2.927536915830764
2137,lms,-1.285923694438293,-3.016534719752391
2138,lms,-1.3165692926922894,-2.9335549564359162
2139,lms,-1.2439359874938791,-3.0730939388938374
2140,lms,-1.1467018933711004,-3.311641785155536
2141,lms,-1.2634915017945536,-2.978348347929286
2142,lms,-1.2558992980895383,-2.7367879873551626
2143,lms,-1.1074732557862972,-3.0173084361793885
2144,lms,-1.2160057481298137,-3.0083271556732676
2145,lms,-1.183500294065988,-3.023704920968891
2146,lms,-1.1989416326199125,-2.941525688179472
2147,lms,-1.2103956421004698,-2.9712132561858695
2148,lms,-1.1105112650608029,-2.9872751167887257
2149,lms,-1.113549611127417,-2.990687021046191
2150,lms,-1.722695070932903,-2.7759739285997798
2151,lms,-1.0323893643171869,-2.8877783974197637
2152,lms,-1.054221157792592,-2.9987372517726634
2153,lms,-1.0514724447965138,-3.0002987906537397
2154,lms,-0.8479809906286487,-2.862571826780165
2155,lms,-1.0663513940942337,-2.9802449470767263
2156,lms,-0.9674795370387365,-3.024324482084026
2157,lms,-0.9716227770413209,-3.0640064684868937
2158,lms,-1.0062183425004858,-2.9329673898310897
2159,lms,-0.7982969915045631,-3.5920121350008802
2160,lms,-0.9393446144677483,-2.9860441400185627
2161,lms,-1.0190417895144557,-2.9344946981427746
2162,lms,-0.9249006095477282,-3.0253818120212825
2163,lms,-0.9110873789582735,-3.0639844767389413
2164,lms,-0.8830384258823251,-2.9528920762693476
2165,lms,-0.8622220165509263,-3.0561222087604794
2166,lms,-0.8039997901228949,-3.0204231322266564
2167,lms,-0.7895409951274398,-2.9949774335513544
2168,lms,-0.8409896880633078,-2.9700173500900755
2169,lms,-0.8701851493200244,-2.9847007570367534
2170,lms,-0.849691411167541,-3.0043401480912975
2171,lms,-0.828510730166906,-2.952668309946101
2172,lms,-1.1758778619786554,-2.7615259397969307
2173,lms,-0.6832377549126148,-3.1091460620365394
2174,lms,-0.7554132577487537,-2.947318431784784
2175,lms,-0.787575763915379,-2.95042830321091
2176,lms,-0.7335466340895452,-2.977888521695869
2177,lms,-0.7377316872455012,-3.029654724987264
2178,lms,-0.8011679253167462,-2.9188036942841356
2179,lms,-0.7179388714005882,-2.9079850264728195
2180,lms,-0.6945832039410339,-2.9424291674991245
2181,lms,-0.5775577336490806,-3.5571383218930777
2182,lms,-0.6559556862701171,-2.9775922921088167
2183,lms,-0.6630454091924419,-2.966073957229449
2184,lms,-0.654909326267365,-2.9596301903649103
2185,lms,-0.5619992463566558,-2.9539712242720526
2186,lms,-0.5643017489340733,-2.9737687713279843
2187,lms,-0.6309868421342356,-2.960926513309621
2188,lms,-0.3656899337971612,-3.013486222093828
2189,lms,-0.44065810842873987,-3.128695523775744
2190,lms,-0.4955285705592357,-2.9497560661863123
2191,lms,-0.5782718901661238,-2.870159577250183
2192,lms,-0.26655457635884605,-3.641657903505557
2193,lms,-0.44682116876088174,-3.022505454671588
2194,lms,-0.4286555172175831,-2.978294236683171
2195,lms,-0.29381628672881044,-3.5338808106569317
2196,lms,-0.3897737492562613,-2.980355894551928
2197,lms,-0.4515167611602656,-2.976028368165605
2198,lms,-0.37084884260459383,-2.8778010962450447
2199,lms,-0.2945022023562295,-2.9347169060848017
2200,lms,-1.9270015954271886,-2.1808008707120567
2201,lms,-0.3906510620399949,-2.968160226040963
2202,lms,-0.35017638877683865,-3.050036754860465
2203,lms,-0.35332521855839316,-3.002729709342244
2204,lms,-0.2715349955368741,-3.0187601163119524
2205,lms,-0.2740365323388171,-2.984624418088206
2206,lms,-0.28158126623498936,-2.9651024796234413
2207,lms,-0.18617685444239374,-3.056509690223746
2208,lms,-0.199028782889631,-3.1056420344275963
2209,lms,-0.1981218293863477,-3.0584824992052155
2210,lms,-0.2406059279529379,-3.0432039566949465
2211,lms,-0.023956590752096107,-3.477918881807172
2212,lms,-0.7377678726354019,-2.677532735835869
2213,lms,-0.11276031256352093,-3.0540658456806087
2214,lms,-0.14579216748206203,-3.0247646523240688
2215,lms,0.23616415022184623,-4.066716633514772
2216,lms,-0.08976417152636429,-3.0663386013648406
2217,lms,-0.11605867689122229,-2.980435641856774
2218,lms,-0.16072806617853808,-2.9474197792791594
2219,lms,-0.2030900310545466,-2.9473573560713042
2220,lms,-0.03399077601542755,-2.9784462070406006
2221,lms,0.04028501199179424,-3.1294844027564954
2222,lms,-0.061512642582951194,-2.9555314355336915
2223,lms,-0.07476115680757489,-2.967070512865729
2224,lms,0.1144378326219867,-3.4712785793217726
2225,lms,0.1037386232089107,-2.849877907007178
2226,lms,0.22247993188042925,-3.5510165049863005
2227,lms,0.05079607730886615,-3.024684754673224
2228,lms,0.045522362466712374,-2.9891342312250266
2229,lms,0.15318765043445792,-2.9782250230771776
2230,lms,-0.23694711976994454,-2.8376832541869
2231,lms,0.12512172616610429,-3.055614593038185
2232,lms,-0.0014230896596471032,-2.95841636594474
2233,lms,0.2001647861112491,-3.1392368533981987
2234,lms,0.14039375885493588,-3.0142530810121384
2235,lms,-0.30385645298008324,-2.7308610108818563
2236,lms,0.24659073609945736,-3.032692450235091
2237,lms,0.2281748555033759,-2.98260343276592
2238,lms,0.24467419586779748,-3.035860123856863
2239,lms,0.2833927654848215,-3.0471484425459376
2240,lms,0.22603569896036213,-2.951852481111004
2241,lms,0.19337773434938,-2.939061929859494
2242,lms,0.2496272302310577,-3.002436665591815
2243,lms,0.34362731909310906,-3.017446873873025
2244,lms,0.4992023718337203,-3.7673118103360785
2245,lms,0.3112787950368735,-3.011490778431649
2246,lms,0.336288348001165,-3.0205966304868843
2247,lms,0.3903869410253603,-2.99332713251264
2248,lms,0.3575226782955051,-2.9894939406301004
2249,lms,0.3266615626219559,-2.970721805016618
2250,lms,0.3411400748105776,-2.974611724854608
2251,lms,0.1859571089422284,-2.9368172725962927
2252,lms,0.446811938544904,-2.9892514506175702
2253,lms,0.4722687296039877,-3.012034411290891
2254,lms,0.44602444620869186,-2.931181831717976
2255,lms,0.46000013105429816,-3.0640856797672003
2256,lms,0.4858033417777735,-3.0401645923895417
2257,lms,0.5074233891931424,-2.977000604155987
2258,lms,0.49721109995789636,-2.934033535395983
2259,lms,0.5222387186184042,-2.955388218237604
2260,lms,0.5304154247438092,-2.986255615019986
2261,lms,0.5477328188256668,-3.034515392889033
2262,lms,0.5439897135617265,-2.9616159717094694
2263,lms,0.584958846097203,-3.0245099331374217
2264,lms,0.7673423474622864,-3.569373136987921
2265,lms,0.6567610968394596,-3.157693265456426
2266,lms,0.5871601850278841,-2.934600777218532
2267,lms,0.63450278011238,-2.946782637617951
0,gauss_newton,0.26039301477684323,0.012805588240055924
1,gauss_newton,0.30736604631895964,0.03446756155748552
2,gauss_newton,0.28203971845647813,0.01919354743723937
3,gauss_newton,1.1853545443309381,-1.6142485054956086
4,gauss_newton,0.33546005815052066,0.00817291196525605
5,gauss_newton,0.3139235269458016,0.018743462191054796
6,gauss_newton,0.39478888487599456,-0.04097195144164516
7,gauss_newton,-0.1292899527293054,0.23488250084090623
8,gauss_newton,0.38054688539474435,-0.029322207220107258
9,gauss_newton,0.3483510923858838,-0.01791005536768913
10,gauss_newton,0.34278173646755866,0.023201086408833067
11,gauss_newton,0.372335612484366,-0.0839961206775366
12,gauss_newton,0.3677109514245475,-0.0976928087059801
13,gauss_newton,0.2536866297215988,0.007219269933265794
14,gauss_newton,0.38671328117339837,-0.114200883980232
15,gauss_newton,-1.0366341476917744,0.7242488578811522
16,gauss_newton,0.6078305674597392,0.0931939253641842
17,gauss_newton,0.36385773133756405,-0.07455233428627225
18,gauss_newton,0.3875216507877398,-0.0668721437662892
19,gauss_newton,0.46407656092906474,-0.11825578484700193
20,gauss_newton,0.47354716287242105,-0.1630843217666444
21,gauss_newton,0.4444179952688865,-0.14686107306729757
22,gauss_newton,0.4481905043597047,-0.09051610313336264
23,gauss_newton,-0.8062092246235577,0.5435220007637425
24,gauss_newton,0.5151761572796333,-0.16031979218707107
25,gauss_newton,0.4584447388661575,-0.16399066810337265
26,gauss_newton,0.8819503656354843,-1.4052677964087839
27,gauss_newton,0.20975975455449272,-0.11238109457186776
28,gauss_newton,0.5169644144976585,-0.23550876180713934
29,gauss_newton,0.5171998516336349,-0.3238904805817176
30,gauss_newton,0.5380959601634159,-0.25106885786373495
31,gauss_newton,0.46300422242392886,-0.3042404206452769
32,gauss_newton,0.45822285285725495,-0.2836660580393153
33,gauss_newton,0.7176395216930672,-0.8553448264813462
34,gauss_newton,0.530826922101333,-0.37491887167664373
35,gauss_newton,0.5586206074859,-0.32405744417819476
36,gauss_newton,0.8616080452383561,-1.3152945480339537
37,gauss_newton,0.47390976983782057,-0.35538055174965477
38,gauss_newton,0.4717336777956005,-0.4156020111408031
39,gauss_newton,0.5325965189355387,-0.4339561335127046
40,gauss_newton,0.46919431029442316,-0.47583137134095993
41,gauss_newton,0.5089122709740311,-0.5244184805381226
42,gauss_newton,0.46403467427218204,-0.49784853308510124
43,gauss_newton,0.42520479491340146,-0.4868204240567967
44,gauss_newton,0.46903910919244796,-0.5936401666163112
45,gauss_newton,0.4786942745778508,-0.6166190494063265
46,gauss_newton,0.3647361962833033,-0.5833330374667064
47,gauss_newton,0.3862979837362916,-0.5563718051208214
48,gauss_newton,0.38909006408005814,-0.6147230948919871
49,gauss_newton,0.3854297337954603,-0.6326964926476697
50,gauss_newton,0.30697060785321695,-0.5875999698848492
51,gauss_newton,0.3680279374823607,-0.6911153195247367
52,gauss_newton,0.3414498027552664,-0.7006077131664314
53,gauss_newton,0.33334107905037047,-0.6706156794942478
54,gauss_newton,0.31398604392719903,-0.7126048580855283
55,gauss_newton,0.0895923295972335,-0.6430237690826593
56,gauss_newton,0.25009561461813945,-0.7156807514740262
57,gauss_newton,0.22557076198267617,-0.730528337036484
58,gauss_newton,0.22702459834402863,-0.7629582930925958
59,gauss_newton,0.16175665259489022,-0.7443485111294504
60,gauss_newton,0.19119984834587803,-0.786872077840704
61,gauss_newton,0.31387457716282957,-0.7092042511591109
62,gauss_newton,0.0992026472767033,-0.7878093724409608
63,gauss_newton,0.24799614991416988,-0.7860788180287686
64,gauss_newton,0.01231117885252752,-0.7467526234668025
65,gauss_newton,0.07952872787593979,-0.8059576029825624
66,gauss_newton,0.493327880247715,-0.6948097332449029
67,gauss_newton,0.12113590097960186,-0.7917585932846882
68,gauss_newton,0.15594562367453627,-0.8345252801891769
69,gauss_newton,0.011634881986417687,-0.7653019163601323
70,gauss_newton,0.013143031241507015,-0.7983510692665724
71,gauss_newton,0.0027333485422537645,-0.7775498234296683
72,gauss_newton,-0.03464812039753526,-0.7730634527088461
73,gauss_newton,-0.07567650565119598,-0.7849671919480002
74,gauss_newton,-0.09885448074145634,-0.8102786497641673
75,gauss_newton,-0.0959206314172623,-0.8042953015379659
76,gauss_newton,-0.11366501473738601,-0.7491479240249281
77,gauss_newton,-0.11030774154798466,-0.8106560587249093
78,gauss_newton,-0.191966858482967,-0.7431022888833757
79,gauss_newton,-0.1980528364701523,-0.8142304884784527
80,gauss_newton,-0.1555492592208035,-0.8120891928360179
81,gauss_newton,-0.26347583766994626,-0.711513351033807
82,gauss_newton,-0.2409123279989959,-0.6965894281104269
83,gauss_newton,-0.22977353977871479,-0.717721120856968
84,gauss_newton,-0.20078119702585556,-0.8262763042819173
85,gauss_newton,-0.29687026695776714,-0.7328720557869274
86,gauss_newton,-0.28341591569680513,-0.7408830606289409
87,gauss_newton,-0.2757447114821758,-0.7396371192022739
88,gauss_newton,-0.353682910826504,-0.719678714970313
89,gauss_newton,-0.3298927662249678,-0.7380293573515663
90,gauss_newton,-0.3379359414217751,-0.7930186183688066
91,gauss_newton,-0.30107526222796216,-0.7244262387418108
92,gauss_newton,-0.36797945339302984,-0.751926229841253
93,gauss_newton,-0.3863697074046261,-0.7695729311391801
94,gauss_newton,-0.4423575766353537,-0.6960079629074482
95,gauss_newton,-0.4739279617943872,-0.7587180257694476
96,gauss_newton,-0.4527774953356289,-0.704247636330038
97,gauss_newton,-0.45207024123935025,-0.7774067780490125
98,gauss_newton,-0.1485516160181116,-1.2186809571325725
99,gauss_newton,-0.5258944722842199,-0.7346694816658922
100,gauss_newton,-0.5035664513094077,-0.7643626844974644
101,gauss_newton,-0.5233372661435863,-0.7778962680072888
102,gauss_newton,-0.4626618919675502,-0.8105342319047667
103,gauss_newton,-0.5498456734942192,-1.1677554530427148
104,gauss_newton,-0.5469713146548831,-0.8079562056035648
105,gauss_newton,-0.43706107384417564,-1.1238140937694159
106,gauss_newton,-0.5731719958586889,-0.7592603222492593
107,gauss_newton,-0.5690648603437533,-0.7883064135023865
108,gauss_newton,-0.694906117047501,-0.748508760193217
109,gauss_newton,-0.43606919799937405,-1.3518834872888033
110,gauss_newton,-0.41473950079654587,-1.3489167956032049
111,gauss_newton,-0.6482983056220262,-0.8172002943297176
112,gauss_newton,-0.3101355808423319,-1.428780751435898
113,gauss_newton,-0.6834280561814559,-0.8146803868242227
114,gauss_newton,-0.6811431895000518,-0.8624745827619593
115,gauss_newton,-0.6699287289000213,-0.8936357189975458
116,gauss_newton,-1.4228321220011113,-0.4225264886052482
117,gauss_newton,-0.6955035837919883,-0.88038951037783
118,gauss_newton,-0.7353824991262765,-0.8768377285576254
119,gauss_newton,-0.734514457871112,-0.9797322721510525
120,gauss_newton,-0.7160491140117624,-0.9816756931427196
121,gauss_newton,-0.7667323726395499,-0.9457737760417795
122,gauss_newton,-0.7407343722525143,-0.9551129562086309
123,gauss_newton,-1.0481897651159848,-0.8218475680974767
124,gauss_newton,-0.803693048392826,-0.9659733207164214
125,gauss_newton,-0.786341101625328,-1.1250256021809173
126,gauss_newton,-0.8217136101496503,-0.9833246164990748
127,gauss_newton,-1.0539189223578718,-0.8616256932543634
128,gauss_newton,-0.8219496968373385,-1.060967458434949
129,gauss_newton,-0.7994814075795245,-1.0537958791385877
130,gauss_newton,-0.8746784179143202,-1.0101956607454696
131,gauss_newton,-0.8879376404017156,-1.0663161213191465
132,gauss_newton,-0.89515293006607,-1.069367707859766
133,gauss_newton,-0.8503865052987034,-1.1191799068574435
134,gauss_newton,-0.9453607691022083,-1.053461353977995
135,gauss_newton,-0.9361598493422785,-1.0933997942587343
136,gauss_newton,-0.876105404555901,-1.1805160809462694
137,gauss_newton,-0.8989311387003686,-1.2075341568109896
138,gauss_newton,-0.9239475222402508,-1.2003227296070567
139,gauss_newton,-0.9560156126161966,-1.1450537432456565
140,gauss_newton,-1.0938093311010575,-0.9327741180789414
141,gauss_newton,-0.9698356212285674,-1.1802496405428389
142,gauss_newton,-2.595192280398359,-0.4528726870766457
143,gauss_newton,-0.9296089509140155,-1.2874121438511787
144,gauss_newton,-0.9565083610385804,-1.247910711006436
145,gauss_newton,-0.9790698533694975,-1.3012549339582722
146,gauss_newton,-0.9892720012982124,-1.3102281799310562
147,gauss_newton,-0.5232050909405517,-1.4559906203585407
148,gauss_newton,-1.047258718261651,-1.290897942436889
149,gauss_newton,-1.0156779720426332,-1.306576668828795
150,gauss_newton,-0.9420963090174438,-1.5102743424387515
151,gauss_newton,-1.0757792048054624,-1.3077870434826364
152,gauss_newton,-1.11805675698968,-1.250408241647489
153,gauss_newton,-0.9566397469729893,-1.8961461037680372
154,gauss_newton,-1.1391406696999844,-1.307350078958664
155,gauss_newton,-1.087925348199138,-1.3590104273344665
156,gauss_newton,-1.066667800724944,-1.4080248276295766
157,gauss_newton,-1.1464138928653034,-1.3891522320693792
158,gauss_newton,-1.1486455757749943,-1.3150138502395974
159,gauss_newton,-1.1778079887399329,-1.3838451711846709
160,gauss_newton,-1.2307239673890147,-1.3398891106742783
161,gauss_newton,-1.181231688092011,-1.387819298362309
162,gauss_newton,-0.8518310289501888,-1.5434291030121141
163,gauss_newton,-1.243387593784226,-1.370205279662266
164,gauss_newton,-1.696575949626027,-1.064193561532793
165,gauss_newton,-1.2468231942482115,-1.4495101789834617
166,gauss_newton,-1.239799068631972,-1.4302140828622767
167,gauss_newton,-1.264363722226632,-1.3740227157909704
168,gauss_newton,-1.2845967577749657,-1.4506091425089662
169,gauss_newton,-1.2648797316195817,-1.472799390667978
170,gauss_newton,-1.2386155184088543,-1.5334853035792129
171,gauss_newton,-1.2707192783137695,-1.5537355641549875
172,gauss_newton,-1.2911325839612575,-1.545045278870216
173,gauss_newton,-1.286116461126955,-1.519568010217935
174,gauss_newton,-1.3003117572866671,-1.578425710001672
175,gauss_newton,-1.4099793330469805,-1.4115673770755228
176,gauss_newton,-1.3160160656612079,-1.5831231883199683
177,gauss_newton,-1.4389464777809409,-1.5108066388947636
178,gauss_newton,-1.3659406930582576,-1.5204702218610577
179,gauss_newton,-1.2821807416512012,-1.6428636285365588
180,gauss_newton,-1.4390456362224713,-1.5440671342628214
181,gauss_newton,-1.443261797162332,-1.5553982539338764
182,gauss_newton,-1.4526845998540543,-1.605281542723842
183,gauss_newton,-1.4553937663266958,-1.5336715299297408
184,gauss_newton,-1.4983711808804838,-1.5668278782186602
185,gauss_newton,-1.4630478455585145,-1.6063959813382267
186,gauss_newton,-1.5163882127566228,-1.551616701872104
187,gauss_newton,-1.4736592443819974,-1.6525198164803774
188,gauss_newton,-1.5349344085374965,-1.5918077499363317
189,gauss_newton,-1.5008817199902582,-1.6497883282138948
190,gauss_newton,-1.544468871522586,-1.7120065555364212
191,gauss_newton,-1.5831209448620518,-1.613493880509141
192,gauss_newton,-1.5620501288690751,-1.7066543961724168
193,gauss_newton,-1.5442432982435086,-1.7324643395502897
194,gauss_newton,-1.5141030930452142,-1.9013012151678437
195,gauss_newton,-1.574153343357791,-1.7337349540017526
196,gauss_newton,-1.564345445987686,-1.7892041724513077
197,gauss_newton,-1.61604841567141,-1.7249737171617998
198,gauss_newton,-1.5811982669370297,-1.7912953058245078
199,gauss_newton,-1.618040558227746,-1.748095455647403
200,gauss_newton,-1.6063801057088647,-1.7479925569024783
201,gauss_newton,-1.6387337316451076,-1.750581465085387
202,gauss_newton,-1.6122943851846827,-1.8366934025328403
203,gauss_newton,-1.640362373494201,-2.0139944159387735
204,gauss_newton,-1.715789073362458,-1.7984686751880916
205,gauss_newton,-1.5354928544464217,-2.4012296200359495
206,gauss_newton,-1.7007899283136816,-1.8149980277421363
207,gauss_newton,-1.7157074000311412,-1.8727440779136604
208,gauss_newton,-1.699872680708014,-1.874330363459883
209,gauss_newton,-1.742887796008679,-1.8862796708899552
210,gauss_newton,-1.7224451850139202,-1.8498325302210867
211,gauss_newton,-1.7436115031846737,-1.9101909052135315
212,gauss_newton,-1.769937514286908,-1.9845184202183912
213,gauss_newton,-1.7291255525391565,-1.952573240385357
214,gauss_newton,-1.785094568415665,-1.8821564763778829
215,gauss_newton,-1.7163832729041428,-1.9888544522455907
216,gauss_newton,-1.8281593955557187,-1.8727866783318954
217,gauss_newton,-1.7848161047007285,-2.0127923448376426
218,gauss_newton,-1.821488999753281,-1.9706553520318522
219,gauss_newton,-1.8834244601087922,-1.9450667350069981
220,gauss_newton,-1.8558265574296755,-1.9931159623018642
221,gauss_newton,-1.8782742697936952,-1.967870614098052
222,gauss_newton,-1.918644751846468,-2.0330338949081876
223,gauss_newton,-1.8409181367056775,-2.069910961479122
224,gauss_newton,-1.9141348121109936,-2.0005060279456433
225,gauss_newton,-1.980311615837753,-2.517914509841585
226,gauss_newton,-2.117750592908898,-2.0920109587755125
227,gauss_newton,-2.00428503374622,-2.2325242313107165
228,gauss_newton,-1.9388333177149002,-2.04609688515097
229,gauss_newton,-1.969791893335595,-2.0762452332225467
230,gauss_newton,-1.9618683848332021,-2.1157577485899375
231,gauss_newton,-2.0147134663103157,-2.0037122227167363
232,gauss_newton,-1.9017914854397189,-2.0168081536575246
233,gauss_newton,-2.0103040698216588,-2.1177286458741404
234,gauss_newton,-2.0018551148413586,-2.098551914384289
235,gauss_newton,-2.0482198541175625,-2.146624629028198
236,gauss_newton,-2.0800754808885022,-2.200871690964262
237,gauss_newton,-2.019129784158871,-2.150830745061707
238,gauss_newton,-2.0360022831767526,-2.164109024313581
239,gauss_newton,-2.103104346533158,-2.148925153345975
240,gauss_newton,-2.053784940416966,-2.206245500791472
241,gauss_newton,-2.0752810265998276,-2.149082987647819
242,gauss_newton,-2.03570093295181,-2.2095392927707587
243,gauss_newton,-1.867145870799586,-2.4481398291675265
244,gauss_newton,-2.075152735574504,-2.232876584816904
245,gauss_newton,-2.7924323578878276,-1.8761175332164652
246,gauss_newton,-2.1961570431637516,-2.2579248092995705
247,gauss_newton,-2.1345570439606454,-2.2456053253102337
248,gauss_newton,-2.1769675539914877,-2.2812691670725895
249,gauss_newton,-2.2033987830922612,-2.2477500995420034
250,gauss_newton,-2.1395009671643215,-2.324147689520957
251,gauss_newton,-2.2674416396522767,-2.258770291831188
252,gauss_newton,-2.2628100074004545,-2.1491198376252445
253,gauss_newton,-2.209219422612215,-2.290026280632349
254,gauss_newton,-2.252417018439163,-2.32310350151052
255,gauss_newton,-2.2060048158229906,-2.3307325496185656
256,gauss_newton,-2.166347887700089,-2.339374955110178
257,gauss_newton,-2.2299629258290143,-2.335321376839815
258,gauss_newton,-2.3160971496441984,-2.296723768805947
259,gauss_newton,-2.283627097908786,-2.350239620335747
260,gauss_newton,-2.267903507932202,-2.404357954842266
261,gauss_newton,-2.2707621910593936,-2.412042833783143
262,gauss_newton,-2.3213252756883196,-2.4126217539457016
263,gauss_newton,-1.8955775404819732,-2.9375122251679073
264,gauss_newton,-2.307787153659617,-2.4910816595334406
265,gauss_newton,-2.3735757642261497,-2.2612678337470813
266,gauss_newton,-2.3832217855542246,-2.420587640518323
267,gauss_newton,-2.4070433735711627,-2.4405410849217395
268,gauss_newton,-2.385223190580424,-2.4308828866826544
269,gauss_newton,-2.3250249809880392,-2.492554451041157
270,gauss_newton,-2.358500714057089,-2.8312897359732663
271,gauss_newton,-2.616637254928503,-2.362189758881237
272,gauss_newton,-2.3437348186454603,-2.643071132945662
273,gauss_newton,-2.4801336924149187,-2.450777325459158
274,gauss_newton,-2.4009957142193668,-2.6725247586989016
275,gauss_newton,-2.390955843965404,-2.57461888154994
276,gauss_newton,-2.5007762375724134,-2.493610040214706
277,gauss_newton,-2.531604743410715,-2.521597638770344
278,gauss_newton,-2.491543363209485,-2.558208755233486
279,gauss_newton,-2.5347381587236226,-2.5578290111513904
280,gauss_newton,-2.5728424584012215,-2.552823267005304
281,gauss_newton,-2.4736677739975237,-2.8545429420839703
282,gauss_newton,-2.540936922053764,-2.569349399599138
283,gauss_newton,-2.585903040272266,-2.563784443084941
284,gauss_newton,-2.625598031021854,-2.551376615315479
285,gauss_newton,-2.424030415881027,-2.9141921894821894
286,gauss_newton,-2.571948566600137,-2.653996742369497
287,gauss_newton,-2.613106434754465,-2.6082140734704753
288,gauss_newton,-2.5820667918136704,-2.668930858813176
289,gauss_newton,-2.643950272843604,-2.561730669034278
290,gauss_newton,-2.6493967116751262,-2.642765976135906
291,gauss_newton,-2.6358388295465414,-2.675809631141519
292,gauss_newton,-2.6690299898396943,-2.709879885855196
293,gauss_newton,-2.6895857875471476,-2.6941779334907707
294,gauss_newton,-2.675164932453583,-2.695570751076776
295,gauss_newton,-2.690945895711747,-2.7292077466539606
296,gauss_newton,-2.7042009190251517,-2.7505674306947197
297,gauss_newton,-2.8320766454109374,-2.6236561012259245
298,gauss_newton,-2.734074093193877,-2.7540784978561916
299,gauss_newton,-2.2515069410137447,-3.397788444013771
300,gauss_newton,-2.7480038921340695,-2.814476054815659
301,gauss_newton,-2.7298932451364104,-2.8427654135616383
302,gauss_newton,-2.7863671574752664,-2.7559972279603855
303,gauss_newton,-2.8816464706425204,-2.763510146841999
304,gauss_newton,-3.448378533823823,-2.387342442213111
305,gauss_newton,-2.748017910243879,-2.9880101263108823
306,gauss_newton,-2.750777914523183,-3.0052390882445628
307,gauss_newton,-2.6968055049028754,-3.5388233276811123
308,gauss_newton,-2.8915908293648065,-2.8143716987306084
309,gauss_newton,-2.783208467623199,-2.942200993641409
310,gauss_newton,-2.899570453528079,-2.8705534412022895
311,gauss_newton,-2.913610547430185,-2.8415282660253465
312,gauss_newton,-3.2971286708662193,-2.6228998507003687
313,gauss_newton,-2.9252409686434464,-2.875093293222768
314,gauss_newton,-2.9633674721099914,-2.8820525341133503
315,gauss_newton,-2.8391918306839226,-3.001570287503769
316,gauss_newton,-2.961797953182256,-2.9057712822531454
317,gauss_newton,-2.9974672507506823,-2.8671387008725797
318,gauss_newton,-2.9442724970977094,-2.9768096731449
319,gauss_newton,-2.995752167957298,-2.9283817271414017
320,gauss_newton,-2.84944363165834,-3.23614627732088
321,gauss_newton,-2.8993357834102214,-3.069429072940109
322,gauss_newton,-2.9427136822366298,-3.0132325546112413
323,gauss_newton,-3.0478013762216376,-2.9529573051009907
324,gauss_newton,-3.048442430535166,-2.993566011470949
325,gauss_newton,-2.955903116999119,-3.0331686546751104
326,gauss_newton,-3.066189910704129,-2.988799106454983
327,gauss_newton,-3.069451479188137,-2.975481295850225
328,gauss_newton,-2.9312499609795393,-3.337889975673962
329,gauss_newton,-2.951820780617546,-3.1210390024808
330,gauss_newton,-3.0974867203923555,-3.042231278070412
331,gauss_newton,-3.1560057661879983,-3.043985576808922
332,gauss_newton,-3.0636831675551965,-3.1133317021514633
333,gauss_newton,-3.074233311878778,-3.17091677094306
334,gauss_newton,-3.5957182933130105,-2.828084673545405
335,gauss_newton,-3.1301508828985964,-3.140589605067889
336,gauss_newton,-3.1218865466171346,-3.1867209880857814
337,gauss_newton,-3.6170127531200573,-2.786021142056203
338,gauss_newton,-3.1098032689743262,-3.228878115632198
339,gauss_newton,-3.080815811912661,-3.1985485533882865
340,gauss_newton,-3.1386248471982197,-3.1827716801827095
341,gauss_newton,-3.098690811399202,-3.304565219414737
342,gauss_newton,-3.203227995600649,-3.211409953314695
343,gauss_newton,-3.0634424588399614,-3.479139232282833
344,gauss_newton,-3.105353539775171,-3.309419617462824
345,gauss_newton,-3.1071846755129062,-3.3032943989341996
346,gauss_newton,-3.8677729107744785,-3.024942591365851
347,gauss_newton,-3.117357096590791,-3.4076267717566444
348,gauss_newton,-3.116264189069818,-3.3506758228683524
349,gauss_newton,-3.051554982834345,-3.5350228891530313
350,gauss_newton,-3.208028077868258,-3.316032474681935
351,gauss_newton,-3.072346952471503,-3.463170604064749
352,gauss_newton,-3.1172506441368086,-3.5139560501171037
353,gauss_newton,-3.064213863775994,-3.507998376285551
354,gauss_newton,-3.161926910797558,-3.4360710970859727
355,gauss_newton,-3.1723954571607362,-3.477424352262766
356,gauss_newton,-3.1153050995631357,-3.497312272272852
357,gauss_newton,-3.7388612746746017,-3.053402553853231
358,gauss_newton,-3.20735065210636,-3.413759330856239
359,gauss_newton,-3.1211307055609043,-3.520553159208597
360,gauss_newton,-3.1471374316612484,-3.5192446915387365
361,gauss_newton,-3.08851169701789,-3.560338288025557
362,gauss_newton,-3.0444502692318633,-3.584079872131099
363,gauss_newton,-3.060067233884671,-3.6023084225102537
364,gauss_newton,-3.139859810890496,-3.5016213555053115
365,gauss_newton,-3.0524081345560017,-3.5958020894170812
366,gauss_newton,-3.090571384820081,-3.521426508776667
367,gauss_newton,-3.004625834638385,-3.675052224654069
368,gauss_newton,-3.0056138139125967,-3.583030657424874
369,gauss_newton,-2.841015965860528,-3.7530355508426423
370,gauss_newton,-3.0254950638726252,-3.64984504618169
371,gauss_newton,-2.8945956148896816,-3.7026007833557326
372,gauss_newton,-2.9178746314222375,-3.6605805108055978
373,gauss_newton,-2.84981985458898,-3.728292813515114
374,gauss_newton,-2.8366632067587707,-3.7299816228212457
375,gauss_newton,-2.8623426704562824,-3.7238366932240674
376,gauss_newton,-2.8041372142573304,-3.745848894067164
377,gauss_newton,-2.761383835381549,-3.7724473575623603
378,gauss_newton,-2.7356048759019096,-3.7315988117768795
379,gauss_newton,-2.7252717724694984,-3.7126910736259173
380,gauss_newton,-2.244020521543615,-4.275489417147116
381,gauss_newton,-2.7996917119478857,-3.646896750813685
382,gauss_newton,-2.6170115619763776,-3.7306697688533874
383,gauss_newton,-2.7815756545218466,-3.6252209530567443
384,gauss_newton,-2.569981517350599,-3.753058944648145
385,gauss_newton,-2.5529192641902494,-3.7292499597151716
386,gauss_newton,-2.604271890511408,-3.7949512981303464
387,gauss_newton,-2.5932412715342763,-3.659020993782571
388,gauss_newton,-2.504926629770292,-3.6754941667669594
389,gauss_newton,-2.5498465824918672,-3.6381584084196943
390,gauss_newton,-2.6013841941245626,-3.5999650807881647
391,gauss_newton,-2.5407630268538233,-3.6067314210093793
392,gauss_newton,-2.4999500777187493,-3.6044822947026596
393,gauss_newton,-2.4451868809067734,-3.601811438910765
394,gauss_newton,-2.4676464012051893,-3.612844230954521
395,gauss_newton,-2.4378471037617935,-3.5660766486024436
396,gauss_newton,-2.426415196410188,-3.531258391503307
397,gauss_newton,-2.6813204603147383,-3.45408264893035
398,gauss_newton,-2.3772165983644338,-3.761362076542404
399,gauss_newton,-2.3756068999524436,-3.507449208921172
400,gauss_newton,-2.360146212111439,-3.530303397942524
401,gauss_newton,-2.3535446169606296,-3.503337450575657
402,gauss_newton,-2.3725866220784733,-3.5184724334671804
403,gauss_newton,-2.349304336008653,-3.483627433957159
404,gauss_newton,-2.288792716914989,-3.4641185547446613
405,gauss_newton,-2.293222739183907,-3.6369080860253002
406,gauss_newton,-2.28707329466157,-3.4385079580136173
407,gauss_newton,-2.25827626521837,-3.4262679152684052
408,gauss_newton,-2.2607162551219857,-3.3944034497654947
409,gauss_newton,-2.2648284176656954,-3.5607685072277997
410,gauss_newton,-2.281975626024244,-3.3859506396766776
411,gauss_newton,-2.198747053366514,-3.398987391389624
412,gauss_newton,-2.1827295769175326,-3.3953489922881537
413,gauss_newton,-2.263315709142348,-3.327298854972537
414,gauss_newton,-2.224257130310786,-3.368536256192438
415,gauss_newton,-2.1853990147056357,-3.3165899209514236
416,gauss_newton,-2.2238922661491025,-3.297247425207239
417,gauss_newton,-2.141043744086183,-3.3413130305374352
418,gauss_newton,-2.0937386714616033,-3.344845424403611
419,gauss_newton,-2.2159937211238248,-3.279035967712035
420,gauss_newton,-2.1400854510361094,-3.337509109493096
421,gauss_newton,-1.9817057423993865,-3.497367486986011
422,gauss_newton,-2.137678280845557,-3.2537635748512024
423,gauss_newton,-2.190747438243867,-3.252294288592676
424,gauss_newton,-1.8987280604182089,-3.477809926946296
425,gauss_newton,-2.1444285287695153,-3.2086711928049896
426,gauss_newton,-2.042334150823064,-3.218792304951388
427,gauss_newton,-2.029220937399793,-3.229310355316944
428,gauss_newton,-2.0117561154593635,-3.2027400529671697
429,gauss_newton,-2.0570360458529806,-3.196670769120448
430,gauss_newton,-2.066882749275501,-3.203458941503667
431,gauss_newton,-2.0030410053938494,-3.1893534062617364
432,gauss_newton,-1.9839354092150576,-3.191854701066316
433,gauss_newton,-1.97316137335905,-3.405914725464012
434,gauss_newton,-1.979840237935303,-3.1650626573486242
435,gauss_newton,-1.9425919463501211,-3.165389532020117
436,gauss_newton,-1.8770735948452446,-3.1853497834975837
437,gauss_newton,-1.8800162113188919,-3.1700709860830756
438,gauss_newton,-2.242880636603752,-3.1053632715319703
439,gauss_newton,-2.1707300482047582,-3.1011076414280576
440,gauss_newton,-1.8511310388418478,-3.1733741646330533
441,gauss_newton,-2.073529359485494,-2.9793717670784043
442,gauss_newton,-1.8464798936697444,-3.1294788206750934
443,gauss_newton,-1.8105750132272187,-3.1563527132039377
444,gauss_newton,-1.8009978130584299,-3.149319871054251
445,gauss_newton,-1.7776162141337282,-3.1454007088708242
446,gauss_newton,-1.726237392082516,-3.157446468711604
447,gauss_newton,-1.7608306040960575,-3.183162825964475
448,gauss_newton,-1.7565543960463197,-3.1501033389661175
449,gauss_newton,-1.6382910938146584,-3.43225790031876
450,gauss_newton,-1.681896908257239,-3.124436921631272
451,gauss_newton,-1.7330066938928952,-3.1392349441814207
452,gauss_newton,-1.7058211525254359,-3.1652318395810726
453,gauss_newton,-1.6479009310688604,-3.2162823714736404
454,gauss_newton,-1.6711663704041184,-3.1828311660328703
455,gauss_newton,-1.6278239790467646,-3.2096037613612154
456,gauss_newton,-1.5878812815471017,-3.2136505276318794
457,gauss_newton,-1.6084345731139127,-3.1858377330201693
458,gauss_newton,-1.5744612895602856,-3.190842407497469
459,gauss_newton,-1.6085694753275155,-3.371623780636429
460,gauss_newton,-1.6075155767454152,-3.15619129378036
461,gauss_newton,-1.5937950504069485,-3.2059144469436633
462,gauss_newton,-1.5869034378050142,-3.1934367051694994
463,gauss_newton,-1.570563120155111,-3.1952044546672904
464,gauss_newton,-1.527487078624912,-3.1552314873232707
465,gauss_newton,-1.479965119523179,-3.250198832233156
466,gauss_newton,-1.483922661447103,-3.20537946666919
467,gauss_newton,-1.449869120220495,-3.2048777695474513
468,gauss_newton,-1.4509270927924063,-3.2561617956453768
469,gauss_newton,-1.4054336582304958,-3.214964072879416
470,gauss_newton,-1.4403427700807108,-3.37627836246685
471,gauss_newton,-1.5101248690901174,-3.2548636225246916
472,gauss_newton,-1.3609308974682606,-3.2629029466508954
473,gauss_newton,-1.3177119104273511,-3.2183550775731087
474,gauss_newton,-1.364848036689247,-3.4402357854877117
475,gauss_newton,-1.2019256016195272,-3.2932324535189283
476,gauss_newton,-1.3077459503037097,-3.1757264338039928
477,gauss_newton,-1.2369700661492384,-3.167781777716572
478,gauss_newton,-1.2667153458640017,-3.171654561956793
479,gauss_newton,-1.2981129928501232,-3.1605055836536677
480,gauss_newton,-1.2767054180373745,-3.202625546952034
481,gauss_newton,-1.231634360406814,-3.1897383824785863
482,gauss_newton,-1.1989373501504936,-3.2072641941027378
483,gauss_newton,-1.1906626954632291,-3.206851931485092
484,gauss_newton,-1.0293489849906317,-3.143104105336399
485,gauss_newton,-1.1900318641187242,-3.178242553116662
486,gauss_newton,-1.1235191508030449,-3.1819402513534114
487,gauss_newton,-1.0965342541849519,-3.1601407110943023
488,gauss_newton,-1.1723328996453777,-3.149185873940488
489,gauss_newton,-1.120951607928448,-3.229706618463949
490,gauss_newton,-1.4985992951143134,-3.278766828577177
491,gauss_newton,-1.1063929370729626,-3.19599082747696
492,gauss_newton,-1.0440595214091597,-3.1944210835237117
493,gauss_newton,-1.057020329083871,-3.1602092561232693
494,gauss_newton,-1.0155252455146404,-3.2158493605348903
495,gauss_newton,-0.9675242636278799,-3.1637507146107873
496,gauss_newton,-1.0386542141321369,-3.203084188710869
497,gauss_newton,-1.0129870683961077,-3.1781086038052173
498,gauss_newton,-0.9756758286656444,-3.185652140997743
499,gauss_newton,-1.0296567017289875,-3.3144563617029625
500,gauss_newton,-1.0617443367071644,-3.211811818646551
501,gauss_newton,-0.9854250224036457,-3.1374882047976085
502,gauss_newton,-0.9440532694397809,-3.1988822592648973
503,gauss_newton,-0.938986407595953,-3.1665212199351904
504,gauss_newton,-0.9318087858764762,-3.108894862550322
505,gauss_newton,-0.876882881601422,-3.1551877524865333
506,gauss_newton,-1.2174935272130232,-3.328885400765473
507,gauss_newton,-0.81471850398238,-3.170677379965439
508,gauss_newton,-0.8407652667127924,-3.221177020459718
509,gauss_newton,-0.8359759932366846,-3.1299583245954063
510,gauss_newton,-0.7894185673524439,-3.1396937380872845
511,gauss_newton,-0.763618227932572,-3.2019780868792966
512,gauss_newton,-0.7890880106802102,-3.1742360457766607
513,gauss_newton,-0.7537820629295516,-3.170179952666222
514,gauss_newton,-0.3670039690165847,-3.4697710416989778
515,gauss_newton,-0.3503270625133919,-3.4370845602774263
516,gauss_newton,-1.3037247655102862,-3.4057654639929265
517,gauss_newton,-0.7042953787486071,-3.149436123668561
518,gauss_newton,-0.6910123824779881,-3.176261384756776
519,gauss_newton,-0.14607943736098392,-3.5385789801120544
520,gauss_newton,-0.4644696078631947,-3.2999144974280386
521,gauss_newton,-0.6310292260755435,-3.1761682730050116
522,gauss_newton,-0.6044807786006665,-3.1458578409699776
523,gauss_newton,-0.6170495228345668,-3.090829044141974
524,gauss_newton,-0.6140971958728729,-3.1414456831392665
525,gauss_newton,-0.5986519093811704,-3.5711257405063357
526,gauss_newton,-0.5551313101901426,-3.1706853392944514
527,gauss_newton,-0.575319474649474,-3.153846264519792
528,gauss_newton,-0.5233192673764325,-3.1810091277231525
529,gauss_newton,-0.4834968533645397,-3.1191692443699686
530,gauss_newton,-0.4538359291494921,-3.1811400453084953
531,gauss_newton,-0.5028896377078821,-3.1866722279626933
532,gauss_newton,-0.47959150833963404,-3.172377544951627
533,gauss_newton,-0.5132594264235083,-3.469153156334314
534,gauss_newton,-0.40826025164455454,-3.161889438683935
535,gauss_newton,0.1627001190389183,-3.5794961950710333
536,gauss_newton,-0.3763012618787718,-3.201830990719599
537,gauss_newton,-0.4190592034953886,-3.1500591734749652
538,gauss_newton,-0.4200382356883008,-3.1354442888832748
539,gauss_newton,-0.36510235672137126,-3.1460353472299514
540,gauss_newton,-0.34913919267244803,-3.1557668663962555
541,gauss_newton,-0.3001724105516083,-3.1562044169240044
542,gauss_newton,-0.36157567086726045,-3.1729849095329152
543,gauss_newton,-0.31495081317559315,-3.1385292668673808
544,gauss_newton,-0.303457024555074,-3.189951900081154
545,gauss_newton,-0.2579583919071006,-3.172028621056449
546,gauss_newton,-0.588074560615909,-3.3236144503420912
547,gauss_newton,-0.6432906515852151,-3.368969101207961
548,gauss_newton,-0.32444960222179503,-3.203242241507638
549,gauss_newton,-0.1250815743431659,-3.0969314641088155
550,gauss_newton,-0.23164764991810682,-3.177628833691141
551,gauss_newton,-0.2253293442634979,-3.1517173577810182
552,gauss_newton,-0.20134548912443906,-3.15372328445027
553,gauss_newton,-0.16589152747416774,-3.097425024413606
554,gauss_newton,-0.13861976951990593,-3.136630729388112
555,gauss_newton,-0.11923209635301942,-3.126853721310453
556,gauss_newton,-0.05008581965507584,-3.159171100632573
557,gauss_newton,-0.07856169963285466,-3.1282604367579316
558,gauss_newton,0.0307348763429462,-3.271344678989502
559,gauss_newton,-0.08522004089965783,-3.1347837545548867
560,gauss_newton,-0.0730802780510991,-3.1264200279435106
561,gauss_newton,-0.00746581370402497,-3.1194652990151415
562,gauss_newton,0.007820330063609821,-3.1908101288995114
563,gauss_newton,-0.025394644683529043,-3.3595849820053076
564,gauss_newton,0.007173816447045842,-3.117750259967132
565,gauss_newton,-0.04582931191608164,-3.1041878217607066
566,gauss_newton,0.01832185945693753,-3.17312708385036
567,gauss_newton,0.025875535471984606,-3.1702264023669153
568,gauss_newton,0.023700565155582536,-3.106410768182383
569,gauss_newton,0.08051253244047092,-3.1584870669805984
570,gauss_newton,0.13072503680172787,-3.1542556167514784
571,gauss_newton,0.16168146463278912,-3.1013432045584874
572,gauss_newton,0.08149846387477433,-3.100803752182745
573,gauss_newton,0.15632229147194873,-3.113955170838329
574,gauss_newton,0.17034864816176123,-3.151589741479394
575,gauss_newton,0.13197826040697613,-3.2362586381204053
576,gauss_newton,0.14505720522357238,-3.1011040552991105
577,gauss_newton,0.5302355775868844,-3.3342445887933034
578,gauss_newton,0.22783695027628134,-3.1388899413969344
579,gauss_newton,0.2301940553937909,-3.1221785692152597
580,gauss_newton,0.22698122738835688,-3.1529922748578847
581,gauss_newton,0.2737557631746475,-3.125777274009955
582,gauss_newton,0.2804740627422384,-3.1082290617295936
583,gauss_newton,0.28179051278716766,-3.0853476864603597
584,gauss_newton,0.31431926047054914,-3.1140417282947066
585,gauss_newton,0.3276613467819274,-3.1285335626884145
586,gauss_newton,-0.15508351236782852,-3.3843526378760145
587,gauss_newton,0.3256640586462801,-3.106186064324004
588,gauss_newton,0.4006379121079511,-3.0933308522365883
589,gauss_newton,0.34738123176931746,-3.139368002943606
590,gauss_newton,0.42609424653040273,-3.1134334916786126
591,gauss_newton,0.40814390202926104,-3.115285124633626
592,gauss_newton,0.4124127603149795,-3.092035044793074
593,gauss_newton,0.4610514630386361,-3.127461467606212
594,gauss_newton,0.438527932614379,-3.164938101496574
595,gauss_newton,0.5135792455486644,-3.123304865024127
596,gauss_newton,0.4406365586257152,-3.09232416566393
597,gauss_newton,0.49186562600508055,-3.140355173273995
598,gauss_newton,0.8251016017418009,-3.2505219848062645
599,gauss_newton,0.5120353724379073,-3.1133290978873824
600,gauss_newton,0.5495635837975383,-3.1085589175609765
601,gauss_newton,0.5356532383356426,-3.1045415451541483
602,gauss_newton,0.5850553168860606,-3.0936388942567907
603,gauss_newton,0.5519167541541756,-3.112600357606419
604,gauss_newton,0.623037915825075,-3.1347732773436365
605,gauss_newton,0.44694102441920003,-3.2244819131456928
606,gauss_newton,0.641348614671228,-3.1073048433431385
607,gauss_newton,0.638117704845235,-3.20925716628292
608,gauss_newton,0.6426237721757181,-3.1130355252495883
609,gauss_newton,0.6481631078888842,-3.1112208313745104
610,gauss_newton,0.67843684950993,-3.1057609439993934
611,gauss_newton,0.638421182290398,-3.1558903958462734
612,gauss_newton,0.7643711698014639,-3.1027592914297215
613,gauss_newton,0.7696356707776462,-3.0604800507555012
614,gauss_newton,0.78172521944911,-3.045675438597242
615,gauss_newton,0.7825375585249122,-3.069156672298536
616,gauss_newton,0.8035574808973484,-3.131625863418309
617,gauss_newton,0.8474382222532585,-3.2129632215176063
618,gauss_newton,0.8175704213402027,-3.4758851157602106
619,gauss_newton,0.8110106527286282,-3.0986737629529615
620,gauss_newton,0.8314377680650289,-3.1102947113297272
621,gauss_newton,0.8711200913365549,-3.0762827171970657
622,gauss_newton,1.0277142140671458,-3.3990970125858233
623,gauss_newton,1.1032427750765523,-3.1929761740570948
624,gauss_newton,0.8965562517927852,-3.1325051918215925
625,gauss_newton,0.9237631350455563,-3.057994875646952
626,gauss_newton,0.9305181764954346,-3.0804702902460037
627,gauss_newton,0.9862061436501988,-3.0835858580417614
628,gauss_newton,0.9857732639645447,-3.1667939877299993
629,gauss_newton,0.9439163501629143,-3.0753895700910245
630,gauss_newton,0.8275100275270632,-3.174611865661678
631,gauss_newton,1.0862355487638742,-3.164796504668077
632,gauss_newton,1.0038304986007973,-3.1311062426617355
633,gauss_newton,1.0212002105316897,-3.083895741508589
634,gauss_newton,1.0753857771526296,-3.3129709687092874
635,gauss_newton,1.0982268574836662,-3.1242105218845984
636,gauss_newton,1.0516912086962915,-3.2192416806481696
637,gauss_newton,1.0592525879352024,-3.0624941802566132
638,gauss_newton,1.1166915351945417,-3.085590320653709
639,gauss_newton,1.1445442268918742,-3.071762105742301
640,gauss_newton,1.152010891798523,-3.0677861062712317
641,gauss_newton,1.1301662911082682,-3.1002475796125815
642,gauss_newton,1.1492793420793355,-3.0838044572263015
643,gauss_newton,1.1831550109855737,-3.1127474117035896
644,gauss_newton,1.2287899028009004,-3.102742958186129
645,gauss_newton,1.1131492009127504,-3.163603525733081
646,gauss_newton,1.0469723904945225,-3.2251583740801895
647,gauss_newton,1.229796491698388,-3.1121579274555295
648,gauss_newton,1.253670876534006,-3.04706102166993
649,gauss_newton,1.2199305099398212,-3.0566840371284885
650,gauss_newton,1.295503211056384,-3.09837374379775
651,gauss_newton,1.339260204424373,-3.072617895866818
652,gauss_newton,1.3673861630943775,-3.1027819066423885
653,gauss_newton,1.3470002933186884,-3.0157010458602973
654,gauss_newton,1.3722599287448998,-3.0813757950861023
655,gauss_newton,1.2769360711074047,-3.112661717847556
656,gauss_newton,1.3683613319953944,-3.088983543125429
657,gauss_newton,1.4222521175860592,-3.0511346780103734
658,gauss_newton,1.4488163492637967,-3.0599826054328623
659,gauss_newton,1.4314630309149592,-3.1250658039737034
660,gauss_newton,1.6726572426568553,-3.1287965482097047
661,gauss_newton,1.4452126755480719,-3.0359345826714774
662,gauss_newton,1.5060359835976813,-3.089617075456057
663,gauss_newton,1.4693035533146377,-3.0970946594215465
664,gauss_newton,1.7129781544961271,-3.2985807068680986
665,gauss_newton,1.5331213192940591,-3.0819878991702128
666,gauss_newton,1.5221247273743568,-3.0616201277250426
667,gauss_newton,1.5775209605317313,-3.0730748885790518
668,gauss_newton,1.5755833283422176,-3.250233537015825
669,gauss_newton,1.5612041493504998,-3.0441261471074426
670,gauss_newton,1.5977904155032534,-3.0480155982029857
671,gauss_newton,1.650662981521619,-3.2381570777477737
672,gauss_newton,1.6456349450426264,-3.0674940045045367
673,gauss_newton,1.6772689372154002,-3.0326518572303267
674,gauss_newton,1.7516594982190712,-3.824028363514918
675,gauss_newton,1.6552589368634922,-3.020990361988045
676,gauss_newton,1.7026435772564747,-3.0577039476483012
677,gauss_newton,1.6724258140565926,-3.069582897415872
678,gauss_newton,1.838726901544134,-3.640080898538067
679,gauss_newton,1.8252378984215663,-2.9707319514656985
680,gauss_newton,1.731617432863488,-3.059707045624205
681,gauss_newton,1.8511025837887671,-3.0769991609217153
682,gauss_newton,1.7239513357158005,-3.031688439156188
683,gauss_newton,1.7684969433630795,-3.0624101533313213
684,gauss_newton,1.7806384665569897,-3.0756566937329453
685,gauss_newton,1.8616316587032187,-3.00777208797153
686,gauss_newton,1.8317357286436213,-3.026943012317784
687,gauss_newton,1.7962849321974037,-3.105946886712822
688,gauss_newton,1.9374122031266747,-3.0558305699880166
689,gauss_newton,1.6291820332424958,-3.246814072001374
690,gauss_newton,1.8594919331351552,-3.0482110530432025
691,gauss_newton,1.906396718519538,-3.0712494338210012
692,gauss_newton,1.8980056586701386,-3.0152181485334344
693,gauss_newton,1.8871570481981477,-3.035609615609678
694,gauss_newton,1.9888163121829687,-3.082209015152753
695,gauss_newton,1.823881978085548,-3.224199325725208
696,gauss_newton,1.9969062889638673,-3.0769882577857994
697,gauss_newton,2.0057112536447725,-3.0756864585703045
698,gauss_newton,1.9936405640263242,-3.074085233792754
699,gauss_newton,1.8195114187369217,-3.2446926185773948
700,gauss_newton,2.032543913246164,-3.066779423397193
701,gauss_newton,1.9657591467531712,-3.1424133851807317
702,gauss_newton,2.04407773670587,-3.0296159372093014
703,gauss_newton,2.0821424041977656,-3.0626420318456944
704,gauss_newton,2.0556470309067,-2.983220184404716
705,gauss_newton,2.1879009815123514,-3.3337525325203172
706,gauss_newton,2.138309925718073,-3.050893673912137
707,gauss_newton,2.11897380254315,-2.984850076711496
708,gauss_newton,2.169619387228886,-2.986560268136553
709,gauss_newton,2.143585451266629,-3.0305030324144586
710,gauss_newton,2.190364504613208,-3.0353996419058995
711,gauss_newton,2.2052863733695194,-3.019629831939933
712,gauss_newton,2.1957060803128208,-3.0447919856470316
713,gauss_newton,2.2312784641831276,-3.0812941981966824
714,gauss_newton,2.2482636537095595,-3.0001892476024183
715,gauss_newton,2.3036186970571655,-3.0362192004647186
716,gauss_newton,2.2757950434033347,-3.0642003170049157
717,gauss_newton,2.294292029262208,-3.0343023619627036
718,gauss_newton,2.2649207023639297,-3.0555858684169346
719,gauss_newton,2.370257122502996,-3.027774332249935
720,gauss_newton,2.4046659750368455,-2.989685805667796
721,gauss_newton,2.299825798443261,-3.029337774077644
722,gauss_newton,2.2127398112046297,-3.0227011206878944
723,gauss_newton,2.3464302246352955,-3.0574339299606152
724,gauss_newton,2.436769398397229,-2.973939604388292
725,gauss_newton,2.419496007072965,-3.0293305977046034
726,gauss_newton,2.430053799397139,-3.2964921483935226
727,gauss_newton,2.450374050493736,-3.010597627675167
728,gauss_newton,2.630143921430382,-3.047974318613785
729,gauss_newton,2.494871475047956,-3.0340455624893945
730,gauss_newton,2.4656109162331035,-3.017721882859499
731,gauss_newton,2.4636177746730556,-3.004609003795346
732,gauss_newton,2.5290750536983886,-3.0273784195561495
733,gauss_newton,2.4984168225588728,-3.0612828320489274
734,gauss_newton,2.581622052937074,-3.0349900384497377
735,gauss_newton,2.590655033263351,-3.036682535342944
736,gauss_newton,2.881691982181825,-3.101821385556612
737,gauss_newton,2.57903779878433,-3.017515294499974
738,gauss_newton,2.621097301488299,-3.0635621412452054
739,gauss_newton,2.6624418265749394,-3.027186377295198
740,gauss_newton,2.6643214131871633,-3.024560822094675
741,gauss_newton,2.737475297612139,-3.2497111814019974
742,gauss_newton,2.6882772020140817,-2.9752503018810423
743,gauss_newton,2.6801819241620373,-3.010953825852573
744,gauss_newton,2.690611751266751,-3.0338388904212397
745,gauss_newton,2.7236682028419787,-3.0545064914745703
746,gauss_newton,2.740590474575204,-3.003303457002331
747,gauss_newton,3.386881987157827,-3.1641640984740174
748,gauss_newton,2.694275733599165,-3.079846036089578
749,gauss_newton,2.7440504706485007,-3.014029181406003
750,gauss_newton,2.7928004293391284,-3.0715215436173917
751,gauss_newton,2.8142429120060606,-3.068685401952805
752,gauss_newton,2.8008428767434603,-3.017670561282834
753,gauss_newton,2.835686661249336,-3.001096355714635
754,gauss_newton,2.880346878301308,-2.9899522208128806
755,gauss_newton,2.6065217766432798,-3.940069765439275
756,gauss_newton,2.873923199234153,-2.9949746979626637
757,gauss_newton,2.8961443820366175,-3.0413708265297115
758,gauss_newton,2.892402678780122,-3.026618186289756
759,gauss_newton,2.9136231220821665,-3.0130527621554672
760,gauss_newton,3.0442490618009383,-3.18155769766185
761,gauss_newton,2.9379120897982993,-3.0083695205512067
762,gauss_newton,2.99846665535249,-3.017008217571802
763,gauss_newton,2.9765708495686813,-3.6100811951340486
764,gauss_newton,2.876137189978205,-3.124932760018164
765,gauss_newton,3.0374554302295618,-2.9714546782889273
766,gauss_newton,2.9565290351213043,-3.1117422711135996
767,gauss_newton,3.018103110128249,-2.9624346081113946
768,gauss_newton,3.055148760134372,-2.964474150386139
769,gauss_newton,3.0612330082449084,-3.0082682481928456
770,gauss_newton,3.1090398435307587,-3.021184013280716
771,gauss_newton,3.136325349840252,-2.9986539802586436
772,gauss_newton,3.0991143244885286,-3.0189687753408356
773,gauss_newton,3.149396299695214,-2.9760270185809046
774,gauss_newton,3.1273618567191535,-3.053245139719358
775,gauss_newton,3.1929026982921216,-3.0003518076608526
776,gauss_newton,3.2155457828664313,-2.983963895300125
777,gauss_newton,3.1894712710787334,-2.9786525916430033
778,gauss_newton,3.206477322073751,-2.9278824598707707
779,gauss_newton,2.976434545943515,-3.2687524806084443
780,gauss_newton,3.2348591797722968,-2.9500884174412865
781,gauss_newton,3.078161757249095,-3.119951417781404
782,gauss_newton,3.334449168038948,-2.903151787570353
783,gauss_newton,3.198840162371442,-3.0806649708313305
784,gauss_newton,3.2908987554996223,-2.8996371082058974
785,gauss_newton,3.2918034719616496,-2.8960705029311424
786,gauss_newton,3.333815592468466,-2.893115798636192
787,gauss_newton,3.3266040430397847,-2.85378471341758
788,gauss_newton,3.3426595518490987,-2.900780798542403
789,gauss_newton,3.39783354997008,-2.846532913767554
790,gauss_newton,3.3266267786045596,-2.8417500901266433
791,gauss_newton,3.387443219801285,-2.8153265755449404
792,gauss_newton,3.38908444347069,-2.7515629697292914
793,gauss_newton,3.4031549739447553,-2.8126445705944074
794,gauss_newton,3.3038756487895804,-2.8942528306962667
795,gauss_newton,3.4371228395536857,-2.7548856277279925
796,gauss_newton,3.420356918621146,-2.7271409458374802
797,gauss_newton,3.435966708633958,-2.6671467758605303
798,gauss_newton,3.4545405678696,-2.7115475067719585
799,gauss_newton,3.3866717426941526,-2.7189484428239714
800,gauss_newton,3.457735070123842,-2.649205007239751
801,gauss_newton,3.370505783868992,-3.2312380909130485
802,gauss_newton,3.423998867153463,-2.637946112185548
803,gauss_newton,3.407171845476635,-2.6348658686745976
804,gauss_newton,3.2415199614709573,-2.829194459541731
805,gauss_newton,3.4337023681313785,-2.6088735263645915
806,gauss_newton,3.3776133084215303,-2.513976010354678
807,gauss_newton,3.4525409293089475,-2.5718743702937967
808,gauss_newton,3.399028430106089,-2.4689403226916244
809,gauss_newton,3.3763222340688537,-2.4501350722189255
810,gauss_newton,3.3630880899949975,-2.4671514446703964
811,gauss_newton,3.390405039654395,-2.450870056861378
812,gauss_newton,3.354039405390136,-2.398700766190738
813,gauss_newton,3.3499795388413935,-2.4013572930391485
814,gauss_newton,3.3680953955861304,-2.3597665074647187
815,gauss_newton,3.3367570516694434,-2.375051742608795
816,gauss_newton,3.3335615374480496,-2.299036196017538
817,gauss_newton,2.923193080349518,-2.8902085785924214
818,gauss_newton,3.2725968960284773,-2.296695662838163
819,gauss_newton,3.2472764876249354,-2.4075223437811304
820,gauss_newton,3.2693088273740267,-2.3210266057180973
821,gauss_newton,3.2524311060572977,-2.299512499597686
822,gauss_newton,3.27638381286658,-2.203874741346704
823,gauss_newton,3.2075762512210737,-2.216171297653569
824,gauss_newton,3.212964220072816,-2.220164453843338
825,gauss_newton,3.203391083098555,-2.2519590433691934
826,gauss_newton,3.2244299177172278,-2.218271625255532
827,gauss_newton,3.2001771675331687,-2.15846178524526
828,gauss_newton,3.1577753656642953,-2.173394418437286
829,gauss_newton,3.175938824670719,-2.187627480850503
830,gauss_newton,3.1440167501956546,-2.2028014544110643
831,gauss_newton,3.0239057513117293,-2.286945656758202
832,gauss_newton,3.1394487009307506,-2.1347328803480083
833,gauss_newton,3.1324966050071086,-2.09201620978153
834,gauss_newton,3.139602118318516,-2.1129539337988223
835,gauss_newton,3.114019416958518,-2.112176586781423
836,gauss_newton,2.9958417071759618,-2.2221864770017627
837,gauss_newton,3.061090199594596,-2.102502907701933
838,gauss_newton,3.0308854127248974,-2.1051657901218146
839,gauss_newton,2.8581707260924474,-2.3000888481175905
840,gauss_newton,3.035185369906858,-2.0384620603929706
841,gauss_newton,3.073031284766763,-2.181711901413851
842,gauss_newton,3.020901362704038,-2.042574488045852
843,gauss_newton,2.9939683749645742,-2.03107546184016
844,gauss_newton,2.9605393945112675,-1.9513248985890324
845,gauss_newton,2.9793673883702607,-2.0073322622514618
846,gauss_newton,2.7793131067946852,-2.1902738762392375
847,gauss_newton,3.003422215016653,-1.9443008108680697
848,gauss_newton,2.9639618571903754,-1.9325712041060528
849,gauss_newton,3.0190077922604632,-1.9623603491040114
850,gauss_newton,2.9645580464273134,-1.8990492940210257
851,gauss_newton,2.9636195563281813,-1.9291106425104407
852,gauss_newton,2.9462090128221696,-1.9067172560021137
853,gauss_newton,2.931931216317467,-1.8880660127459303
854,gauss_newton,2.965908081673728,-1.8458416776925832
855,gauss_newton,2.937182385467629,-1.846737005488085
856,gauss_newton,2.9084525978291387,-1.8491065572700203
857,gauss_newton,2.9165481356068796,-1.8247687661968248
858,gauss_newton,2.921740551271818,-1.825425000179923
859,gauss_newton,2.8997962756309947,-1.7752048901358102
860,gauss_newton,2.9320597025453825,-1.8088950184656434
861,gauss_newton,2.9239995718151004,-1.7731341411528612
862,gauss_newton,2.8661208268475935,-1.7501962651820644
863,gauss_newton,2.746849951395601,-1.958863460186524
864,gauss_newton,2.878387909489216,-1.661498702423963
865,gauss_newton,2.913042719785412,-1.7224509306098281
866,gauss_newton,2.904967069551605,-1.7025990826207025
867,gauss_newton,3.0517054780950486,-1.670792296938813
868,gauss_newton,2.9319507990418687,-1.6485970841918784
869,gauss_newton,2.90383896085132,-1.6360945521542967
870,gauss_newton,2.897178884525255,-1.5813133771339212
871,gauss_newton,2.795209571883941,-1.8291589141133937
872,gauss_newton,2.91104459622536,-1.57240196344785
873,gauss_newton,3.085181601165807,-2.1249229696786687
874,gauss_newton,2.9457184045999956,-1.5665289281480554
875,gauss_newton,2.9543319150164185,-1.564036882313884
876,gauss_newton,2.9138562246127733,-1.4740997594066862
877,gauss_newton,2.907612984193334,-1.5132523246610499
878,gauss_newton,2.9679063669307597,-1.486775745988889
879,gauss_newton,3.002069582646731,-1.4983664968220851
880,gauss_newton,3.1045912617702647,-1.8273714847562443
881,gauss_newton,3.1532766502357856,-1.9980512830424506
882,gauss_newton,2.9784353201532503,-1.3990436638846555
883,gauss_newton,2.9485891673486067,-1.3895542030332544
884,gauss_newton,2.8070468673074886,-1.5216405189809155
885,gauss_newton,3.076017311781803,-1.6042962980675701
886,gauss_newton,3.3076657972920884,-1.433479233682465
887,gauss_newton,2.9790325130584923,-1.3581992061299302
888,gauss_newton,3.006048264794599,-1.3452972633550517
889,gauss_newton,2.9599025439609643,-1.3103196076225365
890,gauss_newton,2.97480198282303,-1.2851897271920956
891,gauss_newton,2.975081590813626,-1.3063993191255454
892,gauss_newton,2.8204798910054385,-1.416613418089721
893,gauss_newton,2.963610396208814,-1.2958800405986377
894,gauss_newton,2.7291447484791296,-1.4390548094386093
895,gauss_newton,2.9555387825390733,-1.2621786750188224
896,gauss_newton,2.9505890699521378,-1.206157520769478
897,gauss_newton,3.1111058516989947,-1.1959453267734108
898,gauss_newton,2.9829019031681567,-1.237555514884179
899,gauss_newton,2.969664675280654,-1.2167813339152596
900,gauss_newton,2.919079650057414,-1.185535031517431
901,gauss_newton,3.021892479669971,-1.202554128653334
902,gauss_newton,2.8418800791034466,-1.3029010745081306
903,gauss_newton,2.8702369117136297,-1.1857645188216055
904,gauss_newton,3.01399895906263,-1.0989049975716556
905,gauss_newton,2.9632651837738124,-1.0788852222601635
906,gauss_newton,2.9609012236984245,-1.0367392626183285
907,gauss_newton,2.996248482344818,-1.0957051767860329
908,gauss_newton,2.995020791214664,-1.0266535676491901
909,gauss_newton,2.911614173599716,-1.061534017571517
910,gauss_newton,2.946413253067275,-1.1057491447981787
911,gauss_newton,2.870404802208254,-1.0714938585792089
912,gauss_newton,2.9681621284380446,-0.9909886713101664
913,gauss_newton,2.998946527801252,-0.9513000547620025
914,gauss_newton,3.282691636726061,-0.9405522108105364
915,gauss_newton,2.980975163370083,-0.9490590579863736
916,gauss_newton,3.0184175438196283,-0.9093826293501387
917,gauss_newton,2.995282952446537,-1.0419039949572448
918,gauss_newton,2.9494859740058375,-0.8648714039150394
919,gauss_newton,2.968115682635908,-0.8878995279108847
920,gauss_newton,2.9668789557567825,-0.797342679631766
921,gauss_newton,2.9862838232449764,-0.8428710253130609
922,gauss_newton,2.9854363552725944,-0.818647864411408
923,gauss_newton,2.951851819097914,-0.8105354354497677
924,gauss_newton,2.9967561399012634,-0.8294772652635782
925,gauss_newton,2.983994446256445,-0.7461323886516505
926,gauss_newton,2.9972426717622054,-0.7773293739075336
927,gauss_newton,2.97095703743842,-0.715516787978149
928,gauss_newton,2.987962656786016,-0.7480626058233693
929,gauss_newton,3.0116021347785713,-0.7613698979317173
930,gauss_newton,2.9749193443953215,-0.734682830554969
931,gauss_newton,2.6961673775842,-0.9131514133034079
932,gauss_newton,2.995629014521303,-0.650939714207984
933,gauss_newton,2.9561116840188832,-0.6063478515037973
934,gauss_newton,2.9758794270118254,-0.6382863861239513
935,gauss_newton,2.9635683868272427,-0.5986157693126046
936,gauss_newton,3.1957218937711187,-0.5958215235125369
937,gauss_newton,2.9605697610852757,-0.574977333569393
938,gauss_newton,2.968516944489447,-0.6233499339875865
939,gauss_newton,2.9285837962105097,-0.5987267745389677
940,gauss_newton,2.9876250410862646,-0.5792980781560622
941,gauss_newton,2.9543666254354233,-0.5826365835658546
942,gauss_newton,2.756565217051749,-0.6701852708335695
943,gauss_newton,2.9969509600076627,-0.528467328578056
944,gauss_newton,3.0063718073708734,-0.5209296279716216
945,gauss_newton,2.9963155544771287,-0.48560704845229846
946,gauss_newton,3.1214880212315537,-0.9229849048898161
947,gauss_newton,2.8875705045854407,-0.4921778041758864
948,gauss_newton,2.9504054802901214,-0.47584512673600987
949,gauss_newton,2.9995693298576693,-0.39533372434857666
950,gauss_newton,3.31790085720755,-1.3622072160529222
951,gauss_newton,2.9815096647917776,-0.441459097782398
952,gauss_newton,3.0126143410254054,-0.3727932517572659
953,gauss_newton,2.990181332399405,-0.3783340878504717
954,gauss_newton,3.008357591976903,-0.28560745928844017
955,gauss_newton,2.9938175980374675,-0.3813872784838861
956,gauss_newton,2.995283260245257,-0.3207968571439449
957,gauss_newton,2.9646274019975136,-0.3569003224038295
958,gauss_newton,3.0155987931174626,-0.2955038435112487
959,gauss_newton,2.975161207432918,-0.3153953695631879
960,gauss_newton,3.626230986318975,-1.808061322586495
961,gauss_newton,2.8953765525111916,-0.3047623389150729
962,gauss_newton,2.981186970517355,-0.26913025084478814
963,gauss_newton,3.00319995924183,-0.21742515022537823
964,gauss_newton,2.9490537058719317,-0.22488825080417987
965,gauss_newton,3.0270843805133203,-0.18266186431081902
966,gauss_newton,2.8431418225214227,-0.25855503703282545
967,gauss_newton,3.017157631791029,-0.21397747856688115
968,gauss_newton,2.9782878636780805,-0.13268339950086205
969,gauss_newton,2.9426690782678886,-0.16471846581176292
970,gauss_newton,2.978188717487723,-0.0993788322250429
971,gauss_newton,3.1334259886393467,-0.5939403713119819
972,gauss_newton,2.971761431392966,-0.08742337846158128
973,gauss_newton,3.00175689389268,-0.30139383285492005
974,gauss_newton,3.0058320008873585,-0.0657493740905551
975,gauss_newton,2.971054523548831,0.012531529568784472
976,gauss_newton,2.974782987004734,-0.09979048949060391
977,gauss_newton,2.991712734479783,0.026838359735484967
978,gauss_newton,2.9587855905489313,-0.004352563510048149
979,gauss_newton,3.0330965331903323,-0.011104476293299933
980,gauss_newton,2.9807022476524487,0.01719308490951152
981,gauss_newton,2.948087678500393,0.08532469275973993
982,gauss_newton,3.0237987338761942,0.057970957532552415
983,gauss_newton,2.7657449711829454,-0.049324493519308926
984,gauss_newton,2.9810659189844917,0.05116305338216616
985,gauss_newton,2.992722892964506,0.12642550654207002
986,gauss_newton,2.9667206289514088,0.1425749632572265
987,gauss_newton,3.0255452858640384,0.087645786914405
988,gauss_newton,3.009296463698607,0.15445936508550162
989,gauss_newton,2.9624639724411312,0.20076955551165782
990,gauss_newton,2.9963153237616,0.22536775927531344
991,gauss_newton,2.9827799695702986,0.2015408364118774
992,gauss_newton,3.004103584523344,0.18335642978955324
993,gauss_newton,3.074873984206123,0.3090602153144337
994,gauss_newton,2.973586410220587,0.2581115441364334
995,gauss_newton,2.9716943457708185,0.2865526680694889
996,gauss_newton,3.0190128296064103,0.26672798031725714
997,gauss_newton,2.9826156294251365,0.282937277241561
998,gauss_newton,2.9982556032783334,0.307338105858295
999,gauss_newton,3.0078793672359274,0.3229501789950221
1000,gauss_newton,2.961287320192485,0.3341337991698958
1001,gauss_newton,2.9778752477275003,0.39925420707469644
1002,gauss_newton,3.0167389196996086,0.3837934991759343
1003,gauss_newton,2.9889954259406863,0.4038882801105517
1004,gauss_newton,2.6229329290054504,0.3859814539275165
1005,gauss_newton,3.006763429317301,0.41788139889432646
1006,gauss_newton,2.975370152263477,0.3195717033262941
1007,gauss_newton,2.9524940259375962,0.4485011771223412
1008,gauss_newton,3.062422631011651,0.5602954275298353
1009,gauss_newton,2.969737713566833,0.458074249587243
1010,gauss_newton,3.014081226781693,0.488537207526378
1011,gauss_newton,3.0063203339051086,0.567296511347438
1012,gauss_newton,3.0509677226457614,0.33366081878123105
1013,gauss_newton,2.9950233449880526,0.5386394078661328
1014,gauss_newton,2.987090373598996,0.5842285933717418
1015,gauss_newton,2.9988032293955698,0.5261091136099533
1016,gauss_newton,2.9923295807150954,0.5915705810282156
1017,gauss_newton,3.3442940343768526,-0.5321344685099623
1018,gauss_newton,3.052824333367159,0.6439755292607097
1019,gauss_newton,2.7464691910977526,0.5883148971914121
1020,gauss_newton,2.673875506477441,0.5711828214403353
1021,gauss_newton,3.175593035612757,0.9297571381404038
1022,gauss_newton,3.0278140807265084,0.6634984587361838
1023,gauss_newton,3.0438817153872417,0.571848156260588
1024,gauss_newton,2.9815581796752033,0.699714334459982
1025,gauss_newton,2.998961668354182,0.6597179148856992
1026,gauss_newton,2.963641389343025,0.6885831404030325
1027,gauss_newton,2.97555064779317,0.7663761221875321
1028,gauss_newton,2.989123236130315,0.7487047282290477
1029,gauss_newton,3.0571070201821073,0.5389675471627065
1030,gauss_newton,3.0893034487428173,0.38732441079335767
1031,gauss_newton,3.001978122495968,0.8272881995019282
1032,gauss_newton,2.9907611882846092,0.8541155977023717
1033,gauss_newton,2.974693652381906,0.8080387357710207
1034,gauss_newton,2.9416185791853486,0.8959472015212978
1035,gauss_newton,2.9832075014962705,0.8230399283084578
1036,gauss_newton,2.974714019400919,0.8617823527676816
1037,gauss_newton,3.0563429202203816,0.590973208684796
1038,gauss_newton,2.988906252037903,0.898681336813611
1039,gauss_newton,3.0142916051219713,0.9652777587863652
1040,gauss_newton,3.0161561265854067,0.949005860060465
1041,gauss_newton,3.019723896253338,0.9483746677634568
1042,gauss_newton,2.98536681921864,0.9770879615966745
1043,gauss_newton,2.959680080987274,1.0387952242667466
1044,gauss_newton,2.969244597617326,0.978643880583681
1045,gauss_newton,3.033404956994416,1.102505664607685
1046,gauss_newton,2.9904620648189497,1.0278613689362586
1047,gauss_newton,3.005877815337471,1.015528888200389
1048,gauss_newton,2.897118000300509,0.8859754888783845
1049,gauss_newton,3.1990567640068943,1.3760946976615889
1050,gauss_newton,2.9827637223755765,1.1289821035619338
1051,gauss_newton,2.9912489396644033,1.0731540808050253
1052,gauss_newton,3.0643474362275813,1.2440562834279207
1053,gauss_newton,2.9929411212702095,1.1125738279375226
1054,gauss_newton,2.987713807713084,1.1162582691930518
1055,gauss_newton,2.9902589270350117,1.2003336543717715
1056,gauss_newton,3.012941006216131,1.2231253186859787
1057,gauss_newton,2.9918576084798394,1.1804748173150932
1058,gauss_newton,2.9624805574369493,1.253489449205407
1059,gauss_newton,2.977586734042212,1.2812212353198815
1060,gauss_newton,3.1200806889753347,1.450569650581795
1061,gauss_newton,2.9779976695751174,1.2369391242183865
1062,gauss_newton,3.005541232897341,1.2721061185904365
1063,gauss_newton,3.1329743973482755,0.5755639265254203
1064,gauss_newton,2.9679654045328268,1.2828188731885397
1065,gauss_newton,3.010702570461932,1.398358816141456
1066,gauss_newton,2.985366963491202,1.2817418905833315
1067,gauss_newton,3.2983861723163956,0.14694728011149924
1068,gauss_newton,3.0801812636047425,0.8780430411153153
1069,gauss_newton,2.992788383970797,1.3483808870699463
1070,gauss_newton,2.9830278125668523,1.3843648889190805
1071,gauss_newton,3.01876804418724,1.3808983272714097
1072,gauss_newton,3.020026337859152,1.402146178053831
1073,gauss_newton,3.0040871671663045,1.435762941852134
1074,gauss_newton,3.2311865316777637,1.840804426877322
1075,gauss_newton,3.166110074728102,0.7692899901612564
1076,gauss_newton,2.995341298506811,1.519011664818126
1077,gauss_newton,3.0566119690980735,1.3458417273150474
1078,gauss_newton,3.0338817150978707,1.4693855079639042
1079,gauss_newton,3.0048128744591103,1.543166131434224
1080,gauss_newton,3.0186075796240064,1.5122838755617654
1081,gauss_newton,3.2307281073850826,0.5366377278289992
1082,gauss_newton,2.964550232710046,1.5533279841502055
1083,gauss_newton,3.408542615607167,2.2205177011576303
1084,gauss_newton,3.0174954870801467,1.5802289531574152
1085,gauss_newton,3.0160514765824735,1.634201548868671
1086,gauss_newton,3.0347340300459935,1.5998222654228322
1087,gauss_newton,3.010728148576632,1.6706034050213547
1088,gauss_newton,2.989358546764215,1.627096558196575
1089,gauss_newton,2.7745048455725994,1.7675187352717188
1090,gauss_newton,3.003130921236025,1.6557860572597034
1091,gauss_newton,2.97212336093272,1.6727407372472969
1092,gauss_newton,3.0152205144029502,1.6651415932227263
1093,gauss_newton,2.999498329669141,1.761525690521233
1094,gauss_newton,2.98783144865367,1.7446017743149502
1095,gauss_newton,3.250054741431386,2.1568306086262434
1096,gauss_newton,2.985879571451267,1.8432920220380657
1097,gauss_newton,2.9998077481266674,1.819087554564307
1098,gauss_newton,3.0068757962467343,1.8298361702037458
1099,gauss_newton,2.8551006616784353,1.9153974750424398
1100,gauss_newton,2.907795666900955,1.7172304186242056
1101,gauss_newton,2.9797162765030403,1.8333561794949271
1102,gauss_newton,2.9833924435762293,1.8607713745324164
1103,gauss_newton,3.061221511655961,1.9668055571890528
1104,gauss_newton,2.966615968829254,1.8553373285490886
1105,gauss_newton,3.010231492020219,1.8963168917989468
1106,gauss_newton,2.787142684668096,2.0173808046713186
1107,gauss_newton,3.2181625751218883,2.2815168284801053
1108,gauss_newton,3.0044943570211498,1.948591354278068
1109,gauss_newton,2.9992713857157245,1.9859432640715542
1110,gauss_newton,3.037196182477733,1.9724986845066175
1111,gauss_newton,2.989284485970377,2.0036262900329835
1112,gauss_newton,3.0039881756215876,2.0464269782706683
1113,gauss_newton,2.9705165152203628,2.0398504214138446
1114,gauss_newton,3.003531924596219,2.0382188851948677
1115,gauss_newton,2.982935525542906,2.0484977194382874
1116,gauss_newton,2.97196485470921,2.08630611554387
1117,gauss_newton,3.239988515110516,2.5343921207807236
1118,gauss_newton,3.053430198339796,2.1789330968304563
1119,gauss_newton,2.9922238921771136,2.1331888422761294
1120,gauss_newton,2.984072034038787,2.0953275745805686
1121,gauss_newton,2.985046251146421,2.097840634712817
1122,gauss_newton,2.9590235092710153,2.193024385021944
1123,gauss_newton,2.987436728898706,2.1903302061843304
1124,gauss_newton,3.192646786825385,2.488832378548043
1125,gauss_newton,3.039601852703743,2.222168499880876
1126,gauss_newton,2.9958158568994704,2.2732997260585095
1127,gauss_newton,2.9923869837751496,2.233419139537388
1128,gauss_newton,2.969075575438666,2.218574910319486
1129,gauss_newton,3.009093499483915,2.1826230732095104
1130,gauss_newton,2.9740608678379865,2.289325882318388
1131,gauss_newton,2.976597597299842,2.3391014209098344
1132,gauss_newton,2.79291787310744,2.4401645369746743
1133,gauss_newton,2.9330333851650714,1.7205249477382025
1134,gauss_newton,2.98764250641357,2.40032522759888
1135,gauss_newton,2.984746536052462,2.3479846736115126
1136,gauss_newton,3.112641284254907,2.2165594125445938
1137,gauss_newton,3.105589637587078,2.3331182939264417
1138,gauss_newton,3.0504061072849895,2.4577537947383576
1139,gauss_newton,2.993106944516925,2.4271177515035443
1140,gauss_newton,3.017105660198902,2.4305388076273693
1141,gauss_newton,2.9733186303251653,2.404449070519701
1142,gauss_newton,2.9863555522056813,2.421096973797312
1143,gauss_newton,2.9354804046489376,2.4702386211405374
1144,gauss_newton,3.018348588733045,2.481120161313962
1145,gauss_newton,2.940973897730331,2.641884072918191
1146,gauss_newton,2.9863827275268173,2.5313249948607024
1147,gauss_newton,3.2416749662282127,1.9623986804156515
1148,gauss_newton,3.3621586337881015,3.0799821646233294
1149,gauss_newton,3.0023293781677123,2.601878605378319
1150,gauss_newton,2.9885030111171185,2.5399378200377107
1151,gauss_newton,3.0226688131080865,2.6443474062698
1152,gauss_newton,2.9809444746530143,2.653649997306849
1153,gauss_newton,2.980433244107833,2.6747462763543726
1154,gauss_newton,3.0332119777428277,2.658001448698546
1155,gauss_newton,3.0141202464098558,2.631718715956028
1156,gauss_newton,3.0284068805436615,2.66563870763816
1157,gauss_newton,3.009876377165996,2.7263213068536087
1158,gauss_newton,3.018803075374022,2.7287425164123467
1159,gauss_newton,3.0006651973732525,2.7274825467560295
1160,gauss_newton,2.9851374211515065,2.6992581822605106
1161,gauss_newton,2.9703502826789383,2.7559464711422392
1162,gauss_newton,2.9665338128075103,2.7829376242281727
1163,gauss_newton,2.999346730861828,2.777702788618955
1164,gauss_newton,2.9998632449784193,2.8625606206551324
1165,gauss_newton,2.9257449548719983,2.8385952120263016
1166,gauss_newton,3.3401631498089817,2.55181270468692
1167,gauss_newton,3.0056287751047317,2.7207570160098604
1168,gauss_newton,2.992676256053779,2.8124134767774223
1169,gauss_newton,3.0419329841623877,2.8812880574815933
1170,gauss_newton,3.0107055525281896,2.914112939833351
1171,gauss_newton,3.204006062093728,3.173872813086256
1172,gauss_newton,3.2475189009205034,3.2926576562043826
1173,gauss_newton,3.0184777020937674,2.895986119921494
1174,gauss_newton,3.0054563174255895,2.988544542314039
1175,gauss_newton,3.096296775473526,2.9358176757998726
1176,gauss_newton,2.9869009425580892,2.9528497704097276
1177,gauss_newton,3.011213045570113,2.9999847985966475
1178,gauss_newton,2.9669675117473573,3.0260095131757563
1179,gauss_newton,3.029865755809624,3.0684381990387064
1180,gauss_newton,3.007370661563782,3.0084522079379035
1181,gauss_newton,3.0086970771059662,3.0411285301520645
1182,gauss_newton,3.0220499499038143,3.1159394012783994
1183,gauss_newton,3.006858741208397,3.042911641046247
1184,gauss_newton,3.0004692301408644,3.1334520508386094
1185,gauss_newton,2.990877763337157,3.098118521008171
1186,gauss_newton,2.997951753839193,3.1347393767062552
1187,gauss_newton,2.988712045482196,3.114518823311813
1188,gauss_newton,3.0087005388568038,3.149981776322588
1189,gauss_newton,2.9520580922352155,3.1599184600022254
1190,gauss_newton,2.8972689550031356,3.2599161483230366
1191,gauss_newton,2.922224766076133,3.304335057225141
1192,gauss_newton,2.928721520546449,3.190592422438316
1193,gauss_newton,2.8969865670950896,3.4044182709788147
1194,gauss_newton,2.9707196169904844,3.275038201232097
1195,gauss_newton,2.9314789681825237,3.260792458449598
1196,gauss_newton,3.203448374674121,3.7081755376843457
1197,gauss_newton,2.948592354655214,3.245338056606939
1198,gauss_newton,2.925678321530229,3.280972663193639
1199,gauss_newton,2.9740002590165595,3.3020731746334615
1200,gauss_newton,2.9333064798929587,3.369253606711278
1201,gauss_newton,2.913350727563421,3.3289277556343086
1202,gauss_newton,2.847825868185978,3.3352783440820537
1203,gauss_newton,2.8579789937907205,3.392157082719506
1204,gauss_newton,2.8740222661640806,3.4043057569063784
1205,gauss_newton,2.7429618692411704,3.245622700930797
1206,gauss_newton,2.6847829886302867,3.6021981031736523
1207,gauss_newton,2.838235635579797,3.423196061724111
1208,gauss_newton,2.7762304685818977,3.418810692364438
1209,gauss_newton,2.760284465721718,3.4197755290727434
1210,gauss_newton,2.7482052623115814,3.4040607589196656
1211,gauss_newton,2.767534970848652,3.4394391620995752
1212,gauss_newton,2.7375950502023048,3.428559148683609
1213,gauss_newton,2.6535815873781208,3.3894952194242447
1214,gauss_newton,2.7126353837096633,3.4073446480210956
1215,gauss_newton,2.9424247823139993,3.873683148002384
1216,gauss_newton,2.662000068867162,3.421731591013789
1217,gauss_newton,2.6306872535859482,3.4593093762699016
1218,gauss_newton,2.6483500591000557,3.401030286386993
1219,gauss_newton,2.5961388617751986,3.517819978280114
1220,gauss_newton,2.531980081089506,3.403181419118929
1221,gauss_newton,3.0174960665175674,4.345981213333983
1222,gauss_newton,2.5096372470498505,3.404990160669781
1223,gauss_newton,2.495506541339695,3.480029782105763
1224,gauss_newton,2.464095327539258,3.437348223669555
1225,gauss_newton,2.452793825627093,3.387419331260888
1226,gauss_newton,2.6369628126479907,3.3232278370147985
1227,gauss_newton,2.4584846382872287,3.4148363759754674
1228,gauss_newton,2.4389200112678675,3.428456286411448
1229,gauss_newton,2.404312018950735,3.3501415213738093
1230,gauss_newton,2.3734072398217134,3.3494071240315537
1231,gauss_newton,2.379585353323624,3.3304912719028055
1232,gauss_newton,2.352468862444736,3.3356752144876074
1233,gauss_newton,2.3675393754311114,3.2866293734681813
1234,gauss_newton,2.3010729449054477,3.333393163919774
1235,gauss_newton,2.3100654484674608,3.3178995356387833
1236,gauss_newton,2.2470742632451772,3.315727128877039
1237,gauss_newton,2.25217481575051,3.251721216057826
1238,gauss_newton,2.2900396236176586,3.3059507619854682
1239,gauss_newton,2.249291709563262,3.2425051030002168
1240,gauss_newton,2.239370916888707,3.259093596700647
1241,gauss_newton,2.1985975900035317,3.2094668747805266
1242,gauss_newton,2.1797657428745074,3.196798164485242
1243,gauss_newton,2.150571340625829,3.1561605278717995
1244,gauss_newton,2.197070582062197,3.228634975218399
1245,gauss_newton,2.1771853318721064,3.142481980990845
1246,gauss_newton,2.1724008836043947,3.1994308098378257
1247,gauss_newton,2.139851350352863,3.1862418415434197
1248,gauss_newton,2.302632448729176,3.839358857872716
1249,gauss_newton,2.1299768749115042,3.130209508059858
1250,gauss_newton,2.0763843574594287,3.1184611509207842
1251,gauss_newton,2.1030737574654177,3.133559986664216
1252,gauss_newton,2.0823069648650274,3.0746121199307725
1253,gauss_newton,2.0458923150473964,3.0652838876564084
1254,gauss_newton,2.0583809424234327,3.079105389804299
1255,gauss_newton,2.046486480508371,3.063215864813699
1256,gauss_newton,2.138897243516916,3.1703199600653122
1257,gauss_newton,2.1123906637255376,2.8603844102909455
1258,gauss_newton,2.1055723691951918,3.2403641951834485
1259,gauss_newton,2.0037532562931215,3.002875705133234
1260,gauss_newton,1.9974197982610458,3.018396938701747
1261,gauss_newton,1.9928298013223136,3.0036965285550905
1262,gauss_newton,2.4962337998129893,3.849823022982788
1263,gauss_newton,1.9068105805563664,2.9885110412977998
1264,gauss_newton,1.9834478517317848,2.8588003534723403
1265,gauss_newton,1.9171742910021639,2.94485822367944
1266,gauss_newton,1.9523645261470803,3.010969636381767
1267,gauss_newton,1.9630307562267446,3.296119273856173
1268,gauss_newton,1.6726389593413473,2.977149336219392
1269,gauss_newton,1.9223936919602316,2.964664160554874
1270,gauss_newton,1.86568759849125,2.9471990055194315
1271,gauss_newton,1.8498249026639952,2.940172113022697
1272,gauss_newton,1.8184293198535395,2.9243777956825427
1273,gauss_newton,1.7819705885522723,2.914449200701349
1274,gauss_newton,1.9749433859007972,3.124591570581432
1275,gauss_newton,1.7834399635250964,2.9675839009710647
1276,gauss_newton,1.7916321940382325,2.895425973614981
1277,gauss_newton,1.7750526171156678,2.891905762155938
1278,gauss_newton,1.7840719102995328,2.9088413880806647
1279,gauss_newton,1.7625629524940414,2.921164468520714
1280,gauss_newton,1.7842156413549162,2.9066143956938446
1281,gauss_newton,1.6458821794372274,2.9311717767528744
1282,gauss_newton,1.794638229262656,3.0019228989130378
1283,gauss_newton,1.6765519142543261,2.907179599210533
1284,gauss_newton,1.6664896917839525,2.9018761389817436
1285,gauss_newton,1.6094449360813763,2.904559215353158
1286,gauss_newton,1.6551651046111093,2.9264728733503254
1287,gauss_newton,1.5674261247951697,2.9662645708359157
1288,gauss_newton,1.6091523794046714,2.9057322389660896
1289,gauss_newton,1.8202309736578304,3.2037320902830224
1290,gauss_newton,1.5470315646049446,2.9017022369953605
1291,gauss_newton,1.597913278295174,2.7582695530474615
1292,gauss_newton,1.494037065602837,2.929350959118376
1293,gauss_newton,1.512889916530148,2.938306529484443
1294,gauss_newton,1.5101560156003386,3.0035938741109973
1295,gauss_newton,1.4728416086847198,2.9815511672799584
1296,gauss_newton,1.44443262239878,2.9970094180499083
1297,gauss_newton,1.4397372083917888,2.9945860687615644
1298,gauss_newton,1.4666522040972254,2.9925683207325564
1299,gauss_newton,1.4112707161365745,2.9845820649602457
1300,gauss_newton,1.437886443133168,2.9835888912365474
1301,gauss_newton,1.4389468125847271,2.7645492999974506
1302,gauss_newton,1.3374913261499457,2.9826396797974715
1303,gauss_newton,1.3029014101013185,2.9529951374773407
1304,gauss_newton,1.3414784087301126,2.9997905226440005
1305,gauss_newton,1.287478118145483,2.9748249184713096
1306,gauss_newton,1.276584308274254,2.994587583840131
1307,gauss_newton,1.3150373136785751,2.97327287936468
1308,gauss_newton,1.3102712781084898,3.0006815943059353
1309,gauss_newton,1.4660391969125608,3.2028444311602136
1310,gauss_newton,0.7716198808219797,3.080958607496382
1311,gauss_newton,1.2431761853082561,2.966515677567059
1312,gauss_newton,1.055956504026112,3.05592833665436
1313,gauss_newton,1.2668961390555575,2.8719133096988005
1314,gauss_newton,1.214547457495613,3.0042546554285887
1315,gauss_newton,1.206109369863343,3.01209679352974
1316,gauss_newton,1.1769061333291522,2.9757215252300404
1317,gauss_newton,1.2097257319081829,3.0625468969996335
1318,gauss_newton,1.1366078174895442,2.9927727649452005
1319,gauss_newton,1.2135045622946636,2.838576341435497
1320,gauss_newton,1.185662954913887,2.944486488152707
1321,gauss_newton,1.0595385500882333,3.0137148922693076
1322,gauss_newton,1.1347029957041732,2.967636177332997
1323,gauss_newton,1.008089148425729,3.0294078001057536
1324,gauss_newton,1.0169926828526021,2.9301965179249776
1325,gauss_newton,1.0246983324673897,3.0271980861287613
1326,gauss_newton,0.9942752736186405,3.014195403600575
1327,gauss_newton,0.9496544501447834,3.009616136305303
1328,gauss_newton,0.9605896925996829,2.967133073197706
1329,gauss_newton,0.9685564354150245,2.662517497296392
1330,gauss_newton,0.9499731121784031,2.974584484901975
1331,gauss_newton,0.9347037087073913,2.98929118573167
1332,gauss_newton,0.8822583365827332,2.9175426585866244
1333,gauss_newton,0.9406088061775727,2.9882006398966374
1334,gauss_newton,0.9218333450814206,3.0157599690412997
1335,gauss_newton,1.7466268369337876,4.073452589704383
1336,gauss_newton,0.8713205368409067,3.0305077910416616
1337,gauss_newton,0.8456952554810515,3.003071345432706
1338,gauss_newton,0.8340513163902845,2.9921668740326854
1339,gauss_newton,0.8448836326557543,2.9513556042373494
1340,gauss_newton,0.8071421031760372,2.9949880299865694
1341,gauss_newton,0.7928747734640497,2.988812929136012
1342,gauss_newton,0.7749736188069016,3.0072379413265615
1343,gauss_newton,0.6785680704826847,2.9512341892687655
1344,gauss_newton,0.7003084319991051,2.9827916842434963
1345,gauss_newton,0.7619550490017507,2.9780647928966864
1346,gauss_newton,0.7438789532178622,2.9501070053441474
1347,gauss_newton,0.6997471558754437,2.9902710170744924
1348,gauss_newton,0.44525457214367453,3.1088695713996546
1349,gauss_newton,0.9008272948606045,3.1180380443323577
1350,gauss_newton,0.692361299069262,2.9927062148454597
1351,gauss_newton,0.6239845580517611,3.0008668690035827
1352,gauss_newton,0.585415865811731,3.009778865923813
1353,gauss_newton,0.5858352383578236,2.9930021993490317
1354,gauss_newton,0.6140649758405982,3.0350275754165863
1355,gauss_newton,0.5952859158603465,2.995041672220979
1356,gauss_newton,0.5257499993217017,2.993126434629724
1357,gauss_newton,0.5876405294090076,2.7915880496785666
1358,gauss_newton,0.5315356391089449,2.9709090219377225
1359,gauss_newton,0.5025074648394092,3.0480609478417846
1360,gauss_newton,0.07036417997874478,3.195149966820032
1361,gauss_newton,0.5038477396511566,3.0028721102158964
1362,gauss_newton,0.5344588350086538,2.964884830104292
1363,gauss_newton,0.417858512282263,2.978498750824035
1364,gauss_newton,0.4071139382598611,2.982582287737374
1365,gauss_newton,0.4204615478927708,2.9895258829930986
1366,gauss_newton,0.38830400767776063,2.9766126411634377
1367,gauss_newton,0.419072363693358,2.9818532464287406
1368,gauss_newton,0.40206817086098184,2.941717333824362
1369,gauss_newton,0.408054999312587,2.9806992640517884
1370,gauss_newton,0.36230495277971797,2.99747624365709
1371,gauss_newton,0.3229168404640823,2.99079167233417
1372,gauss_newton,0.34983667627416415,2.9655474222605274
1373,gauss_newton,0.2911811082089573,2.9960638517413556
1374,gauss_newton,0.2773968668286264,3.019489432008193
1375,gauss_newton,0.13228953296383958,3.0671297403989586
1376,gauss_newton,0.25892689067416985,2.980762182566571
1377,gauss_newton,0.23440500382935797,3.015528887154061
1378,gauss_newton,0.22019035806793594,2.9909533498256704
1379,gauss_newton,0.19520202476199314,2.975375506018655
1380,gauss_newton,0.17381803014063565,3.0325750878058875
1381,gauss_newton,0.17615701043978568,2.984432839785337
1382,gauss_newton,0.15029714855427967,3.0142600058669085
1383,gauss_newton,0.1822753558198214,2.9996408328875392
1384,gauss_newton,0.15688356503376238,2.9940692561192828
1385,gauss_newton,0.13943617746279624,3.0141974681733816
1386,gauss_newton,0.07753563796357608,2.9770159725369796
1387,gauss_newton,0.08214995780969733,3.002577375554039
1388,gauss_newton,0.06691827945983952,3.037027307763971
1389,gauss_newton,0.041834558767287804,2.9979095844261336
1390,gauss_newton,0.07295507956803074,3.0160540217280003
1391,gauss_newton,0.03187847986476749,2.972121318231596
1392,gauss_newton,0.06032573537609051,2.9930293854526684
1393,gauss_newton,-0.013134458766634207,2.9411389673669763
1394,gauss_newton,-0.15383524753330666,3.049613769596875
1395,gauss_newton,-0.01852510216158368,2.997015630817918
1396,gauss_newton,0.0247125802854125,2.934798971531713
1397,gauss_newton,-0.00155907038610852,2.9747567599111413
1398,gauss_newton,-0.11737364814227362,3.011557867872009
1399,gauss_newton,-0.08827894679764169,3.016341860871997
1400,gauss_newton,-0.1155765964985303,2.997743965525076
1401,gauss_newton,-0.18167333858080384,3.04132684841492
1402,gauss_newton,-0.107829372902776,3.443174342581816
1403,gauss_newton,-0.19085288018289265,2.9486927748471703
1404,gauss_newton,-0.1510707106315568,2.9374036729775126
1405,gauss_newton,-0.16090081628694788,2.9934512951305794
1406,gauss_newton,-0.22977849810496404,3.009330348471896
1407,gauss_newton,-0.19293868048015858,3.028449525380319
1408,gauss_newton,-0.22094876937470337,2.9906084928131027
1409,gauss_newton,-0.24722012282193065,2.982073628791724
1410,gauss_newton,-0.23129929151639664,2.9615985060299352
1411,gauss_newton,-0.3006622151106244,3.189435170994852
1412,gauss_newton,-0.31595762045767484,2.9722597132056614
1413,gauss_newton,-0.31792968896935564,2.9659625643606677
1414,gauss_newton,-0.3621318470277559,3.015935684028096
1415,gauss_newton,-0.3917968312301406,3.013316394196457
1416,gauss_newton,-0.3850440343599732,3.0331830955741745
1417,gauss_newton,-0.40007725627448953,2.9924051624496792
1418,gauss_newton,-0.43530938671213654,2.9373950865716565
1419,gauss_newton,-0.4094285404042994,3.0081286218545173
1420,gauss_newton,-0.3898079721676331,2.9831010658763706
1421,gauss_newton,-0.43016078266824126,2.9746143308792363
1422,gauss_newton,-0.42661607061328405,2.9906966923965084
1423,gauss_newton,-0.4444081691130326,3.003164112074068
1424,gauss_newton,-0.4393150063318268,2.9819058880900386
1425,gauss_newton,-0.4687026982799168,2.938187162145495
1426,gauss_newton,-0.4418198483303875,2.9461598915562255
1427,gauss_newton,-0.5226536924079808,3.002483624522027
1428,gauss_newton,-0.49172229512053667,2.9712288436175456
1429,gauss_newton,-0.543163934003187,3.012216066934892
1430,gauss_newton,-0.5971266458546244,3.021269797909288
1431,gauss_newton,-0.5828204128006144,2.9681500309656275
1432,gauss_newton,-0.583513352323298,3.013405541918095
1433,gauss_newton,-0.6761940591008628,2.9271570832751563
1434,gauss_newton,-0.6152337826436568,3.0327891393537563
1435,gauss_newton,-0.7247823431224969,3.062561281875958
1436,gauss_newton,-0.6218058901707008,2.9806599456394
1437,gauss_newton,-0.8479716038577002,3.102548065493379
1438,gauss_newton,-0.6905275405647335,2.9312004822707793
1439,gauss_newton,-0.7278011309766905,2.9882578140042524
1440,gauss_newton,-0.7236705148924636,3.03437863040397
1441,gauss_newton,-0.9108562684450475,3.142540459826404
1442,gauss_newton,-0.7029848814599603,3.0107769498950168
1443,gauss_newton,-0.7549192566093342,3.0439784762142916
1444,gauss_newton,-0.7768371808236668,3.0019492188911223
1445,gauss_newton,-0.7454634530914163,2.9628286702558135
1446,gauss_newton,-0.7956915119219669,3.0232567076367425
1447,gauss_newton,-0.8346627704519095,3.3822396836059747
1448,gauss_newton,-0.8153038125329518,2.9897252239346974
1449,gauss_newton,-0.8560625284068556,2.9492186266092193
1450,gauss_newton,-0.854293056664189,2.979087239821731
1451,gauss_newton,-0.8795758245525109,3.1153533952343455
1452,gauss_newton,-0.8716934095240876,2.959533262128275
1453,gauss_newton,-0.9041170863086909,3.010812501443998
1454,gauss_newton,-0.9047605422919551,2.9885465126832953
1455,gauss_newton,-0.9514687987263296,2.9531858458162854
1456,gauss_newton,-0.9371623488006235,2.990233456802482
1457,gauss_newton,-0.9898977877761057,3.0697932314942356
1458,gauss_newton,-0.9955529821989134,3.0135763995720244
1459,gauss_newton,-1.0351474740740845,3.0164778643824652
1460,gauss_newton,-0.9763453728510013,2.956481552872021
1461,gauss_newton,-1.0324182111739761,3.002768012761887
1462,gauss_newton,-0.9952483494384056,2.96073238675815
1463,gauss_newton,-1.0561784581025342,2.945029353580048
1464,gauss_newton,-1.0682139974565765,3.0286982001850213
1465,gauss_newton,-1.1595861348429448,3.0367069288009803
1466,gauss_newton,-1.1255726112095144,3.0375788597493125
1467,gauss_newton,-1.2162917087239578,3.0335288141995282
1468,gauss_newton,-1.1378614885661786,2.970886423312624
1469,gauss_newton,-1.0180415385630688,3.0709749048967967
1470,gauss_newton,-1.1548318721210975,3.03041321519747
1471,gauss_newton,-1.1512318787382938,3.0451729254144877
1472,gauss_newton,-1.1894412925547881,3.0107911422513047
1473,gauss_newton,-1.20397708186415,2.937355455083025
1474,gauss_newton,-1.2305252269340392,3.249577405084665
1475,gauss_newton,-1.2378144064374546,2.990009152891189
1476,gauss_newton,-1.2363407544113283,3.0019826018826095
1477,gauss_newton,-1.4819061894812668,3.2248663598939675
1478,gauss_newton,-1.3165159471095478,2.984784028099357
1479,gauss_newton,-1.2745888074602554,3.0570268315647606
1480,gauss_newton,-1.2478362493893465,2.9881324254845345
1481,gauss_newton,-1.3173909758025677,2.9844862803564904
1482,gauss_newton,-1.3417920015258897,3.0179075630515637
1483,gauss_newton,-1.3632799606577022,2.99748916246815
1484,gauss_newton,-1.3397874545239936,2.9779608221230736
1485,gauss_newton,-1.340079233537585,3.0036871294110683
1486,gauss_newton,-1.4068622167305294,2.9992076518453383
1487,gauss_newton,-1.4320537590900464,2.9923670899664265
1488,gauss_newton,-1.4233438348185954,2.9627761871215688
1489,gauss_newton,-1.4765243990917307,3.008792429283918
1490,gauss_newton,-1.4516628535087186,3.0242081935161975
1491,gauss_newton,-1.4638827026603758,2.9792202644533687
1492,gauss_newton,-1.5233439941995692,3.0614507779226416
1493,gauss_newton,-1.5303446859050693,2.972423496520887
1494,gauss_newton,-1.533470004319964,2.9721507850524387
1495,gauss_newton,-1.5576366100737422,2.9071468495327397
1496,gauss_newton,-1.5164857168259627,2.9167470819319137
1497,gauss_newton,-1.543265903247133,2.9968215177594537
1498,gauss_newton,-1.5512817757832218,2.970705643959341
1499,gauss_newton,-1.5880084817797864,3.008762964257183
1500,gauss_newton,-1.595563222188457,3.006549676554744
1501,gauss_newton,-1.6549962784863013,3.018076934773796
1502,gauss_newton,-1.597428734791183,2.9305266076409144
1503,gauss_newton,-1.6616562485570836,3.0238503392616196
1504,gauss_newton,-1.6987817964581668,2.998307147227535
1505,gauss_newton,-1.834793813805031,2.962848801759494
1506,gauss_newton,-1.701983224205299,2.960571540096399
1507,gauss_newton,-1.6818526097961246,2.9836550314049037
1508,gauss_newton,-1.6953973632616863,2.985945483595721
1509,gauss_newton,-1.7490842154425077,3.002699304973984
1510,gauss_newton,-1.8956799980501438,2.8845534253032046
1511,gauss_newton,-1.7646974767831078,3.0056388026372733
1512,gauss_newton,-1.7915627995448085,3.5302505681437966
1513,gauss_newton,-1.794223200547693,3.018006908813264
1514,gauss_newton,-1.8371120352843933,3.0130797891407934
1515,gauss_newton,-1.7924728895837279,3.014704314463381
1516,gauss_newton,-2.168831666167728,3.481719356559848
1517,gauss_newton,-1.8742039861359054,3.027433686087601
1518,gauss_newton,-1.8871505664105046,2.998759568189079
1519,gauss_newton,-1.9340334966894541,2.99784880591797
1520,gauss_newton,-1.9424993322213515,3.030366323239325
1521,gauss_newton,-1.9441663484708067,3.1727980806089953
1522,gauss_newton,-1.9575625273295474,3.017754367331303
1523,gauss_newton,-1.9655395597038452,3.0088222798751705
1524,gauss_newton,-1.9815409661350565,2.991818860032623
1525,gauss_newton,-1.934097537325988,3.0194394238021633
1526,gauss_newton,-2.026552965451787,3.0189230256547073
1527,gauss_newton,-2.022903708260508,3.0093505708661787
1528,gauss_newton,-2.1525132548299415,2.9976986946185487
1529,gauss_newton,-2.0360732377886186,3.0081068173432883
1530,gauss_newton,-2.043299184043761,3.004734290217265
1531,gauss_newton,-2.0671536908265398,2.97738328769832
1532,gauss_newton,-2.0793366822935595,2.993854704176865
1533,gauss_newton,-2.0600939540320637,2.9731596409508994
1534,gauss_newton,-2.3199398674656275,3.0721332593305357
1535,gauss_newton,-2.165421179115441,3.066192495156013
1536,gauss_newton,-2.0783802835215135,2.9829138079080475
1537,gauss_newton,-2.1470798558298916,2.980093122588177
1538,gauss_newton,-2.1945903846104513,3.0324428520280096
1539,gauss_newton,-2.5624493994715203,2.834814834529204
1540,gauss_newton,-2.199382783343203,3.0087796401465843
1541,gauss_newton,-2.2044133799871255,3.0102519807838797
1542,gauss_newton,-2.3358273374932517,3.0452515970473297
1543,gauss_newton,-2.2449232396062238,2.973062670414334
1544,gauss_newton,-2.286166578527487,3.0138392605783966
1545,gauss_newton,-2.239299922791853,2.965141587446026
1546,gauss_newton,-2.3383086723828823,3.2183346962738453
1547,gauss_newton,-2.297278119140918,3.0060338819817436
1548,gauss_newton,-2.363815581766365,3.2321259783251324
1549,gauss_newton,-2.341215322183268,2.9643272901063975
1550,gauss_newton,-2.3616150871026678,2.9718689967684884
1551,gauss_newton,-2.3064147338152545,3.112465082820458
1552,gauss_newton,-2.389908829808604,3.001845200432536
1553,gauss_newton,-2.663631910442253,3.0299489157182187
1554,gauss_newton,-2.4545020991079523,2.96022882426012
1555,gauss_newton,-2.4225750114969595,2.995475822180919
1556,gauss_newton,-2.4599317923003703,2.96828639526297
1557,gauss_newton,-2.451105268443881,3.059296683822953
1558,gauss_newton,-2.49860147608759,2.958987839588927
1559,gauss_newton,-2.49294492057248,3.041786824135736
1560,gauss_newton,-2.4806353765803326,3.0493444461287638
1561,gauss_newton,-2.7406333718959175,3.1009615794548466
1562,gauss_newton,-2.6972661759197787,2.8834362795275754
1563,gauss_newton,-2.54606258466877,2.9976664004824016
1564,gauss_newton,-2.5885582690828555,3.0108102016717977
1565,gauss_newton,-2.5465151576821916,4.114404577934089
1566,gauss_newton,-2.6347168170566593,3.0125941188835164
1567,gauss_newton,-2.854981138343134,2.820655638902771
1568,gauss_newton,-2.6534017031504935,3.017293997300821
1569,gauss_newton,-2.637749748214628,3.010370667183535
1570,gauss_newton,-2.669283477197973,3.231242705741501
1571,gauss_newton,-2.6792630043165713,3.071810188939146
1572,gauss_newton,-2.6898743555917863,3.013082665108611
1573,gauss_newton,-2.666845490246922,2.9837705625644313
1574,gauss_newton,-2.7150681481254364,3.5331675219885588
1575,gauss_newton,-2.770081649562914,2.987404598988812
1576,gauss_newton,-2.7703147858136226,3.024306028574042
1577,gauss_newton,-2.751431863702875,2.955773490941529
1578,gauss_newton,-2.734230356773394,2.9915603342427644
1579,gauss_newton,-2.852096113710871,3.0032601678561766
1580,gauss_newton,-2.795749888848488,2.987066663251932
1581,gauss_newton,-2.8094802274704884,2.9609666378358566
1582,gauss_newton,-2.8002977732975203,3.02429019822345
1583,gauss_newton,-2.905386478582949,2.9960027835653085
1584,gauss_newton,-2.877096696840875,2.995318967862721
1585,gauss_newton,-2.8886249499297816,3.0475544003349353
1586,gauss_newton,-2.9025066529739174,3.026618454788116
1587,gauss_newton,-2.9899620840200125,3.6609595005147524
1588,gauss_newton,-2.911435733220285,3.0207631638691796
1589,gauss_newton,-2.7280383979303178,4.626962068729575
1590,gauss_newton,-3.1347486600630106,2.880830830100548
1591,gauss_newton,-2.967328840408046,2.958722315556539
1592,gauss_newton,-3.063132615581607,3.000891738926168
1593,gauss_newton,-3.0078150877820407,3.0049178097962437
1594,gauss_newton,-3.0164440241554975,3.0607533160800338
1595,gauss_newton,-3.0081718300332834,3.020753014325453
1596,gauss_newton,-3.0133908428278606,2.989677772731437
1597,gauss_newton,-3.1037959864970928,3.0583257118922433
1598,gauss_newton,-3.0814256037078978,3.0186135880008758
1599,gauss_newton,-3.092740625431779,3.0037476897592827
1600,gauss_newton,-3.121455518199443,3.0045439476259026
1601,gauss_newton,-3.1350912318752058,3.036143455382225
1602,gauss_newton,-3.1434974707161274,2.9699694574574855
1603,gauss_newton,-3.133825758432716,3.440917445982436
1604,gauss_newton,-3.14593872502167,3.029774729217522
1605,gauss_newton,-3.1791831526859786,2.982103709677856
1606,gauss_newton,-3.3590274235762148,2.8944501959301787
1607,gauss_newton,-3.2096291092217673,3.580629090322686
1608,gauss_newton,-3.199554258981298,2.9803120944244426
1609,gauss_newton,-3.5985934716667605,3.012250604958289
1610,gauss_newton,-3.2664478176127285,2.922881879557813
1611,gauss_newton,-3.254310818712713,2.9101807315765447
1612,gauss_newton,-3.34477384440113,2.9170124965942286
1613,gauss_newton,-3.2897012908353016,2.936031876101805
1614,gauss_newton,-3.2838767863727014,2.9567315324045875
1615,gauss_newton,-3.3169139381740207,2.873332714635297
1616,gauss_newton,-3.3563765243538217,3.1218091407908135
1617,gauss_newton,-3.3356877947506343,3.5341416533621874
1618,gauss_newton,-3.3740423111061486,2.868154565316844
1619,gauss_newton,-3.381182715691205,2.8686860981758504
1620,gauss_newton,-3.3884879776002523,2.820777163190293
1621,gauss_newton,-3.3542216443646824,2.8570790361890617
1622,gauss_newton,-3.3921195422741275,2.801588275511873
1623,gauss_newton,-3.6585877779170883,2.8321299632156283
1624,gauss_newton,-3.393990607885805,2.7565329112388244
1625,gauss_newton,-3.4439972463083914,2.758158008505516
1626,gauss_newton,-3.45211001287637,2.6969540704606776
1627,gauss_newton,-3.4357989302762904,2.7105648852726247
1628,gauss_newton,-3.4356830349713765,2.7375707276211796
1629,gauss_newton,-3.4727674446354766,2.630500316156537
1630,gauss_newton,-3.4436300576248144,2.6766243197404656
1631,gauss_newton,-3.415634373401799,2.655278070127441
1632,gauss_newton,-3.4388652123526633,2.6278505872918547
1633,gauss_newton,-3.46373556297214,2.5983195745300285
1634,gauss_newton,-3.4153013956877185,2.6119881185637577
1635,gauss_newton,-3.436550400509026,2.606180955276923
1636,gauss_newton,-3.6346898003858805,2.428269825996409
1637,gauss_newton,-3.4357888586898073,2.455825553190727
1638,gauss_newton,-3.4122969699751753,2.427905722722994
1639,gauss_newton,-3.407708797518428,2.50935139005796
1640,gauss_newton,-3.396233492941942,2.4686309295105198
1641,gauss_newton,-3.383553071199923,2.421010217787328
1642,gauss_newton,-3.4005943200930733,2.429126838170785
1643,gauss_newton,-3.323558554595654,2.384211163014942
1644,gauss_newton,-3.390348044217181,2.4364750150891155
1645,gauss_newton,-3.3495398797907945,2.382240688697707
1646,gauss_newton,-3.3280704152341714,2.358089454544263
1647,gauss_newton,-3.39080445948311,2.393496993003084
1648,gauss_newton,-3.360945932934028,2.3294072216507287
1649,gauss_newton,-3.2867229122558688,2.2883869305382807
1650,gauss_newton,-3.3099004022421603,2.29772594775175
1651,gauss_newton,-3.2746200065952795,2.291795262647702
1652,gauss_newton,-3.258558996148495,2.287859009490367
1653,gauss_newton,-3.278598367631493,2.3074947636184833
1654,gauss_newton,-3.2338757214805933,2.2209676969362935
1655,gauss_newton,-3.2393433275332084,2.195303800617777
1656,gauss_newton,-3.211810496312843,2.1937216396013133
1657,gauss_newton,-3.188645136555656,2.1488232545264103
1658,gauss_newton,-3.212750089002153,2.237114222695195
1659,gauss_newton,-3.188226774761614,2.349849192504145
1660,gauss_newton,-3.206628616443204,2.391846334860003
1661,gauss_newton,-3.1318697694061135,2.1833371424376176
1662,gauss_newton,-3.213631920909313,2.611265226754659
1663,gauss_newton,-3.1460927894542055,2.1184741629603683
1664,gauss_newton,-3.13932384253889,2.146610205171454
1665,gauss_newton,-3.081814587007027,2.0963492263309873
1666,gauss_newton,-3.0970762640533684,2.0709785297029217
1667,gauss_newton,-3.380576033642971,1.8612911509510432
1668,gauss_newton,-3.1027674987066796,2.1671590615788072
1669,gauss_newton,-3.058803314812674,2.088405806633791
1670,gauss_newton,-3.099809012935736,1.998851966087802
1671,gauss_newton,-3.074111025155114,2.2931956500207957
1672,gauss_newton,-3.076885881269783,2.063942428730619
1673,gauss_newton,-3.0641726235739672,1.9921240545475707
1674,gauss_newton,-3.43724144156111,2.146839213108546
1675,gauss_newton,-2.917667650591957,2.0180987602067817
1676,gauss_newton,-2.9972209689758187,1.9541376243630502
1677,gauss_newton,-3.0115439682210114,1.970121168111974
1678,gauss_newton,-2.941162507413109,1.944049879634513
1679,gauss_newton,-3.2013588662503154,3.8370606734399306
1680,gauss_newton,-3.180293426869631,1.9398710714381964
1681,gauss_newton,-2.958776297481176,1.9303745368299812
1682,gauss_newton,-2.919599758295997,1.896086182072556
1683,gauss_newton,-2.985658371573753,1.8961176754105862
1684,gauss_newton,-3.121453086954721,2.0208796878904995
1685,gauss_newton,-2.981201896697399,1.929488270192207
1686,gauss_newton,-2.9278960512137324,1.8416976964135463
1687,gauss_newton,-2.915087641678162,1.7833691258682536
1688,gauss_newton,-2.8808058873400477,1.8119257100761652
1689,gauss_newton,-2.9646457338815813,1.7700714861581286
1690,gauss_newton,-2.94744990763226,1.804997996856754
1691,gauss_newton,-2.928464165022366,1.7671678473319201
1692,gauss_newton,-2.887158025494381,1.7394182987082807
1693,gauss_newton,-2.8562875181656984,1.7862036943394646
1694,gauss_newton,-2.9094267256053077,1.7376493568660663
1695,gauss_newton,-2.900769194992699,1.6690233891258868
1696,gauss_newton,-2.93205572491033,1.690330203637717
1697,gauss_newton,-2.934255847768156,1.8065034886359563
1698,gauss_newton,-2.9162426494875637,1.7471298618280708
1699,gauss_newton,-2.9468207737908325,1.561238249180022
1700,gauss_newton,-3.0734440821135522,1.4868417509399687
1701,gauss_newton,-3.1375274986029087,1.6618533895588545
1702,gauss_newton,-2.9365075799250024,1.5892210998108371
1703,gauss_newton,-2.9050592745387425,1.628104270297899
1704,gauss_newton,-2.9556376781373,1.5329033036762802
1705,gauss_newton,-2.9589812310208647,1.5448886944427334
1706,gauss_newton,-2.936411963129782,1.5408775467298779
1707,gauss_newton,-2.934156894083453,1.4555850833708501
1708,gauss_newton,-2.93753252761396,1.5183730330725331
1709,gauss_newton,-2.9577664394491547,1.494330341024457
1710,gauss_newton,-3.4640030480462176,1.6139817760353488
1711,gauss_newton,-2.9820342895873573,1.4930015891177082
1712,gauss_newton,-3.0307746717471775,1.3431537584558852
1713,gauss_newton,-3.0137597084273073,1.4334044758494195
1714,gauss_newton,-2.976044201831819,1.3539545476525596
1715,gauss_newton,-2.974122000860133,1.348294524412061
1716,gauss_newton,-3.118396084148575,1.4370560811861994
1717,gauss_newton,-2.974938969083764,1.3299760446168591
1718,gauss_newton,-2.975470668472649,1.3568241315931977
1719,gauss_newton,-2.9732948022782577,1.3254493332985426
1720,gauss_newton,-2.9881336400481913,1.278117463703782
1721,gauss_newton,-2.9916275016474283,1.2746452388602763
1722,gauss_newton,-3.011285362590893,1.291933860174574
1723,gauss_newton,-2.990129108475701,1.2345654594138669
1724,gauss_newton,-2.989094887996778,1.2796527506795556
1725,gauss_newton,-3.204321309255623,1.317743460172153
1726,gauss_newton,-3.040952516687345,1.2272614263269763
1727,gauss_newton,-2.9947098886405823,1.1773864557567628
1728,gauss_newton,-2.9945914112066405,1.138844865420996
1729,gauss_newton,-2.9985398651923254,1.1730470887165123
1730,gauss_newton,-2.9844321229877964,1.1804749998084052
1731,gauss_newton,-2.9681831256146753,1.1320731728212738
1732,gauss_newton,-3.00683780408163,1.1887685506640167
1733,gauss_newton,-3.118805855941662,0.9738360166772323
1734,gauss_newton,-3.086932434963348,1.0259038437031356
1735,gauss_newton,-2.9823919225815008,1.0949343574377386
1736,gauss_newton,-2.9885679606643456,1.0533667932286557
1737,gauss_newton,-2.9831727012980793,1.052321639491321
1738,gauss_newton,-3.0801764065831256,1.010211134683756
1739,gauss_newton,-2.948642803874352,1.0158934014816994
1740,gauss_newton,-3.0633630069913798,0.9108087783045504
1741,gauss_newton,-3.714949768340515,1.0982696826628577
1742,gauss_newton,-3.0243990077095013,0.9798834803829873
1743,gauss_newton,-3.5095815863706576,1.0970025046039997
1744,gauss_newton,-2.9643064111355866,0.9047036176688129
1745,gauss_newton,-3.0043013920277084,0.8829988929420961
1746,gauss_newton,-3.000230994202923,0.9124922216034879
1747,gauss_newton,-2.9743164679821663,0.9626756306419954
1748,gauss_newton,-2.9920761710125654,0.8974217401637443
1749,gauss_newton,-2.967090557039906,0.8950108100415669
1750,gauss_newton,-2.934230540964483,0.8458895118175426
1751,gauss_newton,-2.973864472999702,0.7998356474639585
1752,gauss_newton,-2.9811986216703943,0.8528512108308225
1753,gauss_newton,-3.0104043849068547,0.821338463933947
1754,gauss_newton,-2.9509721137983855,0.8030385436219813
1755,gauss_newton,-3.002758965719271,0.7804581918799823
1756,gauss_newton,-2.9790893519493773,0.7326046098263371
1757,gauss_newton,-2.9593327553465194,0.7724622813018239
1758,gauss_newton,-3.009637246222956,0.7254444572202404
1759,gauss_newton,-2.9702926023307925,0.6717995904137829
1760,gauss_newton,-2.9957014420775803,0.6922411871492238
1761,gauss_newton,-2.983897851198063,0.7285373785615378
1762,gauss_newton,-2.9941353641877493,0.6630562607993788
1763,gauss_newton,-3.077656788895941,0.6570694589952878
1764,gauss_newton,-2.9546823013066574,0.6627284639911237
1765,gauss_newton,-2.970358377817005,0.6440658881631822
1766,gauss_newton,-3.0174911985233503,0.6575009081911928
1767,gauss_newton,-3.0113353716038924,0.6473071955856957
1768,gauss_newton,-2.9733348874391785,0.6129430626420445
1769,gauss_newton,-2.9982072561527673,0.5768943121632708
1770,gauss_newton,-3.024609351003736,0.5699658242905014
1771,gauss_newton,-3.017653880219813,0.5295921785043857
1772,gauss_newton,-3.2302515777769596,0.5622110901132051
1773,gauss_newton,-2.987066889366212,0.5399912803269702
1774,gauss_newton,-3.020097595919403,0.5254106578022579
1775,gauss_newton,-3.008776180768864,0.5312056787588918
1776,gauss_newton,-2.999358876269854,0.526648914783864
1777,gauss_newton,-2.9955639948729282,0.4630578167970298
1778,gauss_newton,-2.9888229638856223,0.4581304403387584
1779,gauss_newton,-3.1166775732845977,0.7442707239204431
1780,gauss_newton,-2.9622744210390106,0.366590738593661
1781,gauss_newton,-2.9920617767554356,0.36716646124145896
1782,gauss_newton,-3.0026341881806484,0.3640935032821514
1783,gauss_newton,-2.993422687085738,0.33189016760243856
1784,gauss_newton,-3.0075190938243836,0.3467956935893878
1785,gauss_newton,-3.1201782474619972,0.1719900163033499
1786,gauss_newton,-2.9598431996448005,0.3013910064063893
1787,gauss_newton,-3.0362391614926985,0.2401532680400497
1788,gauss_newton,-2.976944701158013,0.32837783710222823
1789,gauss_newton,-3.183703137642713,0.286670307396412
1790,gauss_newton,-2.9962142936832987,0.30309292789574804
1791,gauss_newton,-3.1407763219425244,0.23157591129557373
1792,gauss_newton,-3.0072429178370994,0.23622964246811531
1793,gauss_newton,-2.969581944320307,0.20374309440072538
1794,gauss_newton,-2.994506760628722,0.23204863038356402
1795,gauss_newton,-2.954952744300474,0.1634057156930474
1796,gauss_newton,-2.950061572819482,0.17621183715076932
1797,gauss_newton,-2.997307609756383,0.1511253449300233
1798,gauss_newton,-2.9969756892195294,0.1448893995236305
1799,gauss_newton,-3.0026755286438926,0.10140313172680339
1800,gauss_newton,-3.2437186745693096,-0.209450119555408
1801,gauss_newton,-2.9915061136149315,0.10597313668032397
1802,gauss_newton,-2.959182976936067,0.10314955148098859
1803,gauss_newton,-2.9857683112963325,0.08854168407742187
1804,gauss_newton,-2.994361096739975,0.06680731322551442
1805,gauss_newton,-3.013310499241024,0.023365622840304474
1806,gauss_newton,-2.9608800155488035,0.05162319003714649
1807,gauss_newton,-3.019749698183004,-0.032470968291947795
1808,gauss_newton,-2.9643156373524593,-0.09483239013869448
1809,gauss_newton,-3.14219570074908,-0.2513087939215049
1810,gauss_newton,-2.976859099397448,-0.021007817979960014
1811,gauss_newton,-2.993197314816223,-0.05727023637114425
1812,gauss_newton,-3.0747246552608996,-0.16346664544293715
1813,gauss_newton,-2.9984782307250284,-0.08611900612616827
1814,gauss_newton,-3.0076324673203847,-0.1027656505096698
1815,gauss_newton,-3.018869887652591,-0.13662635274640408
1816,gauss_newton,-3.021942639858612,-0.031716055395896725
1817,gauss_newton,-3.0017384209887448,-0.174250828852175
1818,gauss_newton,-3.0040620773327924,-0.16287528807978519
1819,gauss_newton,-2.9925013783799868,-0.19485900256722347
1820,gauss_newton,-2.996503908910428,-0.17492014735916492
1821,gauss_newton,-2.9873513146901076,-0.2149227833894324
1822,gauss_newton,-3.0128158075854303,-0.19870427013256503
1823,gauss_newton,-2.969936236935191,-0.22446590862180413
1824,gauss_newton,-2.9837202332378263,-0.26632026665552594
1825,gauss_newton,-2.9867803685207366,-0.255969215185476
1826,gauss_newton,-3.0429847932275593,-0.23491865965303288
1827,gauss_newton,-2.997597340129755,-0.2762597512336319
1828,gauss_newton,-2.998887748474114,-0.3259391060662702
1829,gauss_newton,-2.985641974810345,-0.30117550658484565
1830,gauss_newton,-3.14613675322859,-0.33264571489482253
1831,gauss_newton,-3.01756000309464,-0.32107979076731213
1832,gauss_newton,-3.0271918450273447,-0.3047878441811499
1833,gauss_newton,-3.0015982035678976,-0.3746131471743215
1834,gauss_newton,-2.9747783907897647,-0.4090668254493946
1835,gauss_newton,-2.989026814127593,-0.4115187527609479
1836,gauss_newton,-3.027750950477597,-0.4137884638832958
1837,gauss_newton,-3.6825128586554703,-0.060288963618428476
1838,gauss_newton,-2.98703731334749,-0.44276584818708886
1839,gauss_newton,-2.9772591275462696,-0.4981225009185558
1840,gauss_newton,-3.008676792239917,-0.48622081998269273
1841,gauss_newton,-2.9986104259845945,-0.4587013166179675
1842,gauss_newton,-3.188187398060102,-0.5130512562133457
1843,gauss_newton,-2.971640782560629,-0.5602504488484729
1844,gauss_newton,-2.9679380606597783,-0.5504097552901271
1845,gauss_newton,-2.964936338371737,-0.605349913461848
1846,gauss_newton,-3.0032739687040513,-0.562215678433538
1847,gauss_newton,-2.9943254310560357,-0.6431253609658679
1848,gauss_newton,-3.0132798207996103,-0.562119114142517
1849,gauss_newton,-2.985434185373908,-0.6438984553957946
1850,gauss_newton,-3.0278250632463797,-0.7128238509257032
1851,gauss_newton,-3.0992976957139944,-0.6603529272897514
1852,gauss_newton,-2.9847214379828535,-0.6584119940036733
1853,gauss_newton,-3.01348679197289,-0.6917014667857027
1854,gauss_newton,-2.9714237803816212,-0.701897064795026
1855,gauss_newton,-2.966899127676388,-0.7179868212723775
1856,gauss_newton,-3.15426993284551,-1.0077316960529281
1857,gauss_newton,-3.0061211491109665,-0.7361198290378996
1858,gauss_newton,-3.2871543401678918,-0.21906790513264898
1859,gauss_newton,-2.9546849323968627,-0.7673520165097947
1860,gauss_newton,-2.9911821319240057,-0.7919199179697842
1861,gauss_newton,-2.9700972338659444,-0.7595476368180529
1862,gauss_newton,-2.973196897065545,-0.8189253480105124
1863,gauss_newton,-2.9732723840717283,-0.8035390455395064
1864,gauss_newton,-3.018667150587817,-0.7971703601744822
1865,gauss_newton,-2.986018630211647,-0.8907245133632091
1866,gauss_newton,-3.3938798819968543,-0.9195658972950176
1867,gauss_newton,-3.4989140377163945,-0.9434703519449738
1868,gauss_newton,-3.0211388480140244,-0.9079946641070892
1869,gauss_newton,-3.0344663495005926,-0.912838107916343
1870,gauss_newton,-2.9728359686663444,-0.9212184675342979
1871,gauss_newton,-3.4303270289735006,-0.1734725879424884
1872,gauss_newton,-3.0219648068984517,-0.9999761484183831
1873,gauss_newton,-3.023223983010915,-0.9883745090782644
1874,gauss_newton,-2.981744939666115,-0.9951468393920865
1875,gauss_newton,-2.9916064100899007,-1.0455422605516633
1876,gauss_newton,-3.0599347294893717,-1.1421693322329218
1877,gauss_newton,-3.1018431453627686,-0.9378775544411815
1878,gauss_newton,-3.026707051895702,-1.0854268921590213
1879,gauss_newton,-3.036625284769511,-1.0440855423405544
1880,gauss_newton,-3.0202463561902806,-1.2609282159827166
1881,gauss_newton,-2.999977121542246,-1.0983431575647218
1882,gauss_newton,-2.999815157627873,-1.1105134485676382
1883,gauss_newton,-2.984388867824016,-1.155110094388232
1884,gauss_newton,-2.976020300588688,-1.1478853847702921
1885,gauss_newton,-2.9925685301355647,-1.1991030165295429
1886,gauss_newton,-2.986818238707442,-1.168275250567564
1887,gauss_newton,-2.986807759568072,-1.16186467931434
1888,gauss_newton,-2.986440994960146,-1.1801280339426914
1889,gauss_newton,-3.2797657680891863,-0.895811480242776
1890,gauss_newton,-3.0172111451133006,-1.244968876389713
1891,gauss_newton,-2.997044930916886,-1.2416003883487554
1892,gauss_newton,-3.0007148315002494,-1.2293276473724588
1893,gauss_newton,-3.009206602603686,-1.2778862740136139
1894,gauss_newton,-2.969809475624677,-1.273889475157508
1895,gauss_newton,-3.0104037828588512,-1.3281034867229737
1896,gauss_newton,-2.971316152099412,-1.3279330359856103
1897,gauss_newton,-3.0577465396055046,-1.32521820393205
1898,gauss_newton,-3.1226267115587736,-1.2120431126227211
1899,gauss_newton,-2.966376360573328,-1.40449856677385
1900,gauss_newton,-2.9809755134518165,-1.3939223988687413
1901,gauss_newton,-3.0208195193113947,-1.4948345302090966
1902,gauss_newton,-3.0000003629386653,-1.4118008675467384
1903,gauss_newton,-2.9695114631316435,-1.4750810180705838
1904,gauss_newton,-3.0154978375875574,-1.4235306427709622
1905,gauss_newton,-3.009416276687264,-1.4595836488851681
1906,gauss_newton,-3.2191717548825363,-1.532948982507488
1907,gauss_newton,-2.959545344846766,-1.5040056233600418
1908,gauss_newton,-3.0469724533794342,-1.4762920858503967
1909,gauss_newton,-3.031749691512942,-1.528817151958041
1910,gauss_newton,-3.0016611278805154,-1.5429638737682558
1911,gauss_newton,-2.9570557517926854,-1.5654779862280275
1912,gauss_newton,-3.1690552280498814,-1.6071882641529605
1913,gauss_newton,-3.1650989039442488,-1.3277136988009024
1914,gauss_newton,-3.0189040677559023,-1.587205411980521
1915,gauss_newton,-2.990849317464189,-1.6214754076457936
1916,gauss_newton,-2.9682214413166825,-1.6906991395610034
1917,gauss_newton,-2.980944598658386,-1.6357011121826595
1918,gauss_newton,-3.1462741864320196,-1.4889400272859559
1919,gauss_newton,-2.9578415903131448,-1.6694717019269338
1920,gauss_newton,-3.0095593404323266,-1.7415327335038138
1921,gauss_newton,-3.0079228407383463,-1.6758148966278157
1922,gauss_newton,-2.708782165318166,-2.5275253002483855
1923,gauss_newton,-2.9757701299261456,-1.7207726137039523
1924,gauss_newton,-2.988164395506468,-1.7539652896825904
1925,gauss_newton,-3.0148843451923137,-1.7205711277370264
1926,gauss_newton,-2.9803963459792007,-1.7694786103152376
1927,gauss_newton,-2.9829164895168336,-1.7774447372998092
1928,gauss_newton,-3.0369909596597338,-1.7590870210019114
1929,gauss_newton,-2.783363762082498,-1.9389957362691905
1930,gauss_newton,-2.9835519338895535,-1.7780671282833869
1931,gauss_newton,-2.952565788288015,-1.8172744534922507
1932,gauss_newton,-3.0215165780689657,-1.827259249561777
1933,gauss_newton,-3.0158390375162853,-1.8257578430077979
1934,gauss_newton,-3.025794067945139,-1.7473226489692946
1935,gauss_newton,-2.9896170444782144,-1.8625719207491747
1936,gauss_newton,-2.9927737260535365,-1.9089372050498636
1937,gauss_newton,-3.0319108268627146,-1.837680139422047
1938,gauss_newton,-2.996029155586903,-1.920019111109957
1939,gauss_newton,-3.0144263713642387,-1.974984910799839
1940,gauss_newton,-3.348975175407956,-1.553513119029128
1941,gauss_newton,-2.9962080943641594,-2.051360880183968
1942,gauss_newton,-2.9313430632922812,-2.113217488541933
1943,gauss_newton,-2.9614235549476495,-2.1409028401684287
1944,gauss_newton,-2.989880927519949,-2.019461703057426
1945,gauss_newton,-3.015291031913707,-2.065914527189315
1946,gauss_newton,-3.175554866017142,-1.962595743781368
1947,gauss_newton,-2.997538271659612,-2.116186554425569
1948,gauss_newton,-2.990410708303186,-2.073080688250376
1949,gauss_newton,-2.9965903377603214,-2.226169546823625
1950,gauss_newton,-3.0095091765778794,-2.1092037646968
1951,gauss_newton,-2.9618953202854734,-2.1957641175020446
1952,gauss_newton,-2.959817988957832,-2.220286258233967
1953,gauss_newton,-2.969395248147273,-2.183818675114088
1954,gauss_newton,-3.212112278404133,-2.0612438465167044
1955,gauss_newton,-3.0462339471501374,-2.117668099781511
1956,gauss_newton,-3.255849648883592,-1.9698598020603015
1957,gauss_newton,-3.0161479839636813,-2.16531758450241
1958,gauss_newton,-2.955669753196769,-2.2846728190239722
1959,gauss_newton,-2.889424076607241,-2.4896848310655786
1960,gauss_newton,-2.9755957583058823,-2.3317023496843157
1961,gauss_newton,-2.9666885185077363,-2.3716469116358234
1962,gauss_newton,-3.024637993141503,-2.3071564756994225
1963,gauss_newton,-3.1701267469443155,-2.2305227447995644
1964,gauss_newton,-3.0484416724433103,-2.2373804927955794
1965,gauss_newton,-2.827803521622465,-2.8427644296520653
1966,gauss_newton,-2.9488795333117843,-2.4752324855085965
1967,gauss_newton,-2.9730230482981908,-2.3779981454494004
1968,gauss_newton,-3.0072285808234795,-2.427045015883624
1969,gauss_newton,-3.656521405300907,-1.7644689599624284
1970,gauss_newton,-2.9921945251759903,-2.493550975085916
1971,gauss_newton,-3.312995166954296,-2.2595717513197586
1972,gauss_newton,-3.389540047344784,-2.1252517761561993
1973,gauss_newton,-3.0577670209699868,-2.4043827778104663
1974,gauss_newton,-3.031949240928372,-2.4601584240796908
1975,gauss_newton,-3.029897516612324,-2.472075889554789
1976,gauss_newton,-3.0392373586085824,-2.4743817539170627
1977,gauss_newton,-3.005221360945676,-2.5360542754173245
1978,gauss_newton,-2.96380250902291,-2.582468463360547
1979,gauss_newton,-2.9959069481365503,-2.569205091655839
1980,gauss_newton,-2.993093749909695,-2.573761489419548
1981,gauss_newton,-2.669197979067424,-2.8446022824771644
1982,gauss_newton,-2.976137286914213,-2.651290593386302
1983,gauss_newton,-3.0638680772818687,-2.5946709463872226
1984,gauss_newton,-3.0485033185500843,-2.572554429448242
1985,gauss_newton,-3.037374097901179,-2.611004901998964
1986,gauss_newton,-2.962125910711354,-2.74141557374848
1987,gauss_newton,-3.0298827284820313,-2.6795650855345268
1988,gauss_newton,-2.9718036192930355,-2.721854910329496
1989,gauss_newton,-2.985248147439463,-2.6900362242471894
1990,gauss_newton,-2.9975448005210983,-2.7166340527420028
1991,gauss_newton,-2.9248983778149924,-2.9890288775027947
1992,gauss_newton,-2.9795937015968645,-2.7875965065708295
1993,gauss_newton,-2.9947571904595183,-2.8129257320565633
1994,gauss_newton,-2.921131556471081,-2.844557070093216
1995,gauss_newton,-3.04096362449032,-2.80790853934283
1996,gauss_newton,-3.0314244394358765,-2.802378236437184
1997,gauss_newton,-2.961660714179707,-2.9474385998681605
1998,gauss_newton,-3.4662406826835364,-2.543425186056761
1999,gauss_newton,-2.8929675324361095,-3.2740656300247215
2000,gauss_newton,-2.9508903303307887,-2.9185830219953504
2001,gauss_newton,-3.8310163101683745,-2.4984682356858374
2002,gauss_newton,-2.999183467318481,-2.9127673565359133
2003,gauss_newton,-2.9846874613249814,-2.9549921162580897
2004,gauss_newton,-2.949036922122875,-2.9850089489097065
2005,gauss_newton,-2.966771278461771,-2.9351501240694327
2006,gauss_newton,-2.930239663834971,-3.0440830045808673
2007,gauss_newton,-3.049424797261511,-2.9424089413221806
2008,gauss_newton,-3.037187431822911,-2.9750263072857432
2009,gauss_newton,-3.563237536644921,-2.6374444607304017
2010,gauss_newton,-2.974059676044512,-3.068806913576111
2011,gauss_newton,-2.877773943683112,-3.3910844575780454
2012,gauss_newton,-2.921527572685525,-3.136890066192271
2013,gauss_newton,-2.99307412721073,-3.048573335294218
2014,gauss_newton,-2.967828189909681,-3.073218441698744
2015,gauss_newton,-3.121178897358569,-3.0265236474947113
2016,gauss_newton,-2.9305562693708467,-3.180299609843212
2017,gauss_newton,-2.983034870667431,-3.1219667717186805
2018,gauss_newton,-3.0125612623799167,-3.172795104065324
2019,gauss_newton,-2.994746424273627,-3.208910621433409
2020,gauss_newton,-2.967709689533472,-3.1666882334363518
2021,gauss_newton,-2.992881720475546,-3.2417033446242733
2022,gauss_newton,-3.0436565506977598,-3.1127053075300686
2023,gauss_newton,-2.956466421810902,-3.239843807662479
2024,gauss_newton,-3.6968773312872956,-2.730333591363992
2025,gauss_newton,-2.943245979627213,-3.204965729545039
2026,gauss_newton,-2.9030004321526555,-3.3234585000291665
2027,gauss_newton,-2.848956200800301,-3.3588937911954426
2028,gauss_newton,-2.8959491683951866,-3.314311342185704
2029,gauss_newton,-3.1542312711774994,-3.197050202961179
2030,gauss_newton,-2.788515417771665,-3.48624075991443
2031,gauss_newton,-2.987597410159231,-3.2569322845151913
2032,gauss_newton,-2.826137154270273,-3.33733764547845
2033,gauss_newton,-2.790806302438381,-3.432991437090992
2034,gauss_newton,-2.7612205697571843,-3.586929996139887
2035,gauss_newton,-2.901374228224044,-3.3737862146207247
2036,gauss_newton,-2.8421524666311675,-3.3954130008899672
2037,gauss_newton,-2.9302228033592854,-3.3596872645887785
2038,gauss_newton,-2.7766541680518873,-3.4581036503144778
2039,gauss_newton,-2.787614761263004,-3.4198837603979415
2040,gauss_newton,-2.5792421116338726,-3.781170464624786
2041,gauss_newton,-2.781415621466415,-3.47993138187552
2042,gauss_newton,-2.576470817951908,-3.6389466495014133
2043,gauss_newton,-2.7333126747239054,-3.4436711056068496
2044,gauss_newton,-2.6850147509328517,-3.4686039625981233
2045,gauss_newton,-2.7052100286432244,-3.492968275142169
2046,gauss_newton,-2.6356524927819205,-3.4819083341093378
2047,gauss_newton,-2.6371524513821205,-3.446001926174829
2048,gauss_newton,-2.5700858170039975,-3.51921100563268
2049,gauss_newton,-2.6102842595742293,-3.4942003218808764
2050,gauss_newton,-2.596279989405723,-3.494590596454171
2051,gauss_newton,-2.577669209355198,-3.461710694602328
2052,gauss_newton,-1.614396415018264,-4.663061800535045
2053,gauss_newton,-2.557746427525488,-3.4570818124639406
2054,gauss_newton,-2.5631894250671516,-3.4049024753994828
2055,gauss_newton,-2.8445330576985013,-3.277639340223435
2056,gauss_newton,-2.7630675210840216,-3.3286205757488343
2057,gauss_newton,-3.2697566866111685,-3.015095386837047
2058,gauss_newton,-2.4065061092825495,-3.406165832249685
2059,gauss_newton,-2.3884953637966975,-3.3781704146465588
2060,gauss_newton,-2.341630243747991,-3.366710173613115
2061,gauss_newton,-2.3499054449554477,-3.3614345031475805
2062,gauss_newton,-2.4015033205319143,-3.307872184936014
2063,gauss_newton,-2.214793218327091,-3.589311256493401
2064,gauss_newton,-2.4027336525021292,-3.488468437263645
2065,gauss_newton,-2.271919362387674,-3.318315431986335
2066,gauss_newton,-2.284291404545455,-3.3038826258483818
2067,gauss_newton,-2.2995217714987057,-3.2881394565786013
2068,gauss_newton,-2.1303147342728797,-3.4772528451807476
2069,gauss_newton,-2.2273055407778806,-3.264834842205374
2070,gauss_newton,-2.1962283152506696,-3.2767045465041966
2071,gauss_newton,-2.2149392579905425,-3.29786075887792
2072,gauss_newton,-2.192926120154804,-3.231888235138118
2073,gauss_newton,-2.1982006260258466,-3.1962304918077993
2074,gauss_newton,-2.1228354721937652,-3.2377660093981278
2075,gauss_newton,-2.168379529109188,-3.378470757193938
2076,gauss_newton,-2.151709825715187,-3.2542464938597244
2077,gauss_newton,-2.1186047950211755,-3.205444244195025
2078,gauss_newton,-2.0753816072524285,-3.182806955733728
2079,gauss_newton,-2.117273109126431,-3.1741310893898764
2080,gauss_newton,-2.0967853671828087,-3.1554379885955157
2081,gauss_newton,-1.8975933312894222,-3.430201327931032
2082,gauss_newton,-2.0853831953007167,-3.088629919967958
2083,gauss_newton,-2.0728220739842103,-3.1105512826334696
2084,gauss_newton,-2.049381231211401,-3.067820334094493
2085,gauss_newton,-1.649678360236121,-3.5377359597508846
2086,gauss_newton,-2.054606098900954,-3.0711231710955382
2087,gauss_newton,-2.035022736650813,-3.0649198784855036
2088,gauss_newton,-1.995519655910808,-3.0451480528340396
2089,gauss_newton,-2.0128500699173832,-3.010444815015947
2090,gauss_newton,-2.0173616204462044,-3.0402889399363997
2091,gauss_newton,-1.983696211400042,-3.0042866104780486
2092,gauss_newton,-1.9722361533160664,-3.0195365822557063
2093,gauss_newton,-2.0084987715171176,-2.9680550225401667
2094,gauss_newton,-1.902892271455367,-2.9684520263719927
2095,gauss_newton,-1.928892822481294,-3.0381780916345145
2096,gauss_newton,-1.8534397690377393,-3.0291403259449123
2097,gauss_newton,-1.955237250670115,-2.9316547515820535
2098,gauss_newton,-1.8824219881532054,-2.9893909845314046
2099,gauss_newton,-1.8577354759315812,-2.956208941757659
2100,gauss_newton,-1.8333345422505842,-2.9768486217451597
2101,gauss_newton,-2.0090880213575892,-3.3386158092928597
2102,gauss_newton,-1.8850594021704237,-2.9079126568389717
2103,gauss_newton,-1.8479346019823777,-2.942503971480763
2104,gauss_newton,-1.803994341698706,-2.9952015316497533
2105,gauss_newton,-1.7974053677275494,-2.9387416869451757
2106,gauss_newton,-1.8131462832526712,-2.9100609228827334
2107,gauss_newton,-1.742365258901649,-2.9287957832432263
2108,gauss_newton,-1.7673702430461928,-2.9205020472574788
2109,gauss_newton,-1.7592090052791405,-2.91435222593544
2110,gauss_newton,-1.7669051264857492,-2.908967852437635
2111,gauss_newton,-1.6912879459923773,-2.9193436204468473
2112,gauss_newton,-1.658937157799769,-2.9058350283805585
2113,gauss_newton,-1.6732348427832002,-2.9034775697269315
2114,gauss_newton,-1.7670711292268024,-2.9596818433361527
2115,gauss_newton,-1.6743011791931388,-2.935116119313885
2116,gauss_newton,-1.5963937689313221,-2.897276904690982
2117,gauss_newton,-1.6298567252076808,-2.919755730371853
2118,gauss_newton,-1.5968461252744575,-2.940291566265542
2119,gauss_newton,-1.6000644212344244,-2.917399322060249
2120,gauss_newton,-1.695912421441138,-2.9858067993974156
2121,gauss_newton,-1.523401079630014,-2.971952567282129
2122,gauss_newton,-1.5428716728986416,-2.938442794767573
2123,gauss_newton,-1.5601209449297448,-2.9246067897482697
2124,gauss_newton,-1.5960717541873533,-3.4887536228435736
2125,gauss_newton,-1.440944035705969,-2.8078984984292386
2126,gauss_newton,-1.4560316156363602,-2.9803550158550096
2127,gauss_newton,-1.4456016325039567,-2.9750836518915578
2128,gauss_newton,-1.4150551154043343,-2.9752795954745226
2129,gauss_newton,-1.4205135107859088,-2.9677719442869415
2130,gauss_newton,-1.37735687911191,-2.980923897228495
2131,gauss_newton,-1.4183774307580006,-2.9846449096477334
2132,gauss_newton,-1.3554408566535237,-2.985273482075865
2133,gauss_newton,-1.3888025330949891,-2.9610831144517573
2134,gauss_newton,-1.3715847371282588,-3.0124781976756116
2135,gauss_newton,-1.3295607839887267,-3.0105380248625035
2136,gauss_newton,-1.340603295277276,-2.933980366808176
2137,gauss_newton,-1.3048575732279515,-2.988008071263193
2138,gauss_newton,-1.287048102181054,-2.9778252451011515
2139,gauss_newton,-1.2877273362246096,-3.0068413433075576
2140,gauss_newton,-1.2990284279407136,-3.0764098085711464
2141,gauss_newton,-1.2533181933299393,-2.9936397206485896
2142,gauss_newton,-1.145028906579879,-2.8980844326605077
2143,gauss_newton,-1.1209075121554966,-2.9972113822283606
2144,gauss_newton,-1.2212916605283424,-3.0003807226830053
2145,gauss_newton,-1.2107111671425612,-2.9830008271470607
2146,gauss_newton,-1.1624658829764318,-2.996119979702506
2147,gauss_newton,-1.188444342973489,-3.004181604137385
2148,gauss_newton,-1.1036989139063067,-2.9974593047734635
2149,gauss_newton,-1.109869659761212,-2.9961876653926303
2150,gauss_newton,-1.5032867323297694,-3.125174148050962
2151,gauss_newton,-0.8029371507789183,-3.2513011105309064
2152,gauss_newton,-1.066858859064691,-2.979941875039409
2153,gauss_newton,-1.0532992137388986,-2.99757026375924
2154,gauss_newton,-0.5714649895725226,-3.3093203579858486
2155,gauss_newton,-1.0298523395570391,-3.0352512962397626
2156,gauss_newton,-0.9705647276800347,-3.0196925513968207
2157,gauss_newton,-0.9976500479883597,-3.0248654651993454
2158,gauss_newton,-0.9774056771836857,-2.9757205444758323
2159,gauss_newton,-1.028829916498368,-3.226778893568735
2160,gauss_newton,-0.9309653587780629,-2.9985574299532987
2161,gauss_newton,-0.989286734018949,-2.978679449090383
2162,gauss_newton,-0.9433145135610738,-2.9978813180201542
2163,gauss_newton,-0.9394347674674329,-3.021388590098502
2164,gauss_newton,-0.8862945267127872,-2.948088131631978
2165,gauss_newton,-0.8934005851442304,-3.0093878803960243
2166,gauss_newton,-0.8192760177435586,-2.997559075871241
2167,gauss_newton,-0.7154277240018878,-3.109181354519228
2168,gauss_newton,-0.8201716504812101,-3.0011888138440237
2169,gauss_newton,-0.8626913527878256,-2.995896372231728
2170,gauss_newton,-0.813709462290164,-3.0589827980613813
2171,gauss_newton,-0.7990519568258118,-2.996753418082355
2172,gauss_newton,-0.9697004041279919,-3.074540350491911
2173,gauss_newton,-0.7305417824015679,-3.037402014601741
2174,gauss_newton,-0.7499158760975728,-2.9554794730067946
2175,gauss_newton,-0.7458349599701625,-3.013258749681232
2176,gauss_newton,-0.7181625569478447,-3.001012355149156
2177,gauss_newton,-0.7518464310606973,-3.008423407035323
2178,gauss_newton,-0.7532221755865329,-2.990549607155863
2179,gauss_newton,-0.6920876359667096,-2.9463740065495947
2180,gauss_newton,-0.622389254791101,-3.0527333190580457
2181,gauss_newton,-0.765934840198163,-3.2565783294109445
2182,gauss_newton,-0.6444522015866144,-2.9949246039587814
2183,gauss_newton,-0.6194884642574905,-3.0323471051766977
2184,gauss_newton,-0.6198312620809843,-3.012764901324266
2185,gauss_newton,-0.5370798911413253,-2.991746177891102
2186,gauss_newton,-0.5669921053197349,-2.9697184820489015
2187,gauss_newton,-0.5951364872186055,-3.0153453884644255
2188,gauss_newton,-0.4405339693821918,-2.9013347523129536
2189,gauss_newton,-0.5112437292178771,-3.020656587612257
2190,gauss_newton,-0.4561669745222028,-3.010036082914781
2191,gauss_newton,-0.5108605771067616,-2.9720337186740573
2192,gauss_newton,-0.49840908821743307,-3.2665072574513614
2193,gauss_newton,-0.4710812233223533,-2.985570711280117
2194,gauss_newton,-0.4209499260928856,-2.9900828516621223
2195,gauss_newton,-0.49028801627335433,-3.2190477877222885
2196,gauss_newton,-0.38262650491902767,-2.9913313188477737
2197,gauss_newton,-0.43606652328783757,-2.9996822051440732
2198,gauss_newton,-0.20953493511217167,-3.136888804150895
2199,gauss_newton,-0.16468789466030898,-3.14458079477197
2200,gauss_newton,-1.2005862556347773,-3.364071019364301
2201,gauss_newton,-0.3678878733871669,-3.003247412655316
2202,gauss_newton,-0.34007820371315134,-3.0658535833009513
2203,gauss_newton,-0.338180935000513,-3.0262563127494126
2204,gauss_newton,-0.29933976530436973,-2.975836338679506
2205,gauss_newton,-0.2623151843155439,-3.0028842614129356
2206,gauss_newton,-0.2692748803189219,-2.984184857314614
2207,gauss_newton,-0.20862117669091002,-3.021194317608978
2208,gauss_newton,-0.24487089082055094,-3.033590717190957
2209,gauss_newton,-0.22070722616069177,-3.022979367440305
2210,gauss_newton,-0.23511025104646585,-3.051877155585728
2211,gauss_newton,-0.19309393511466585,-3.201280248988506
2212,gauss_newton,-0.4528302528622349,-3.1235049501356373
2213,gauss_newton,-0.14347621281442904,-3.0055206902746754
2214,gauss_newton,-0.15463461810556026,-3.010797088860972
2215,gauss_newton,-0.13180763106647475,-3.4338753820286145
2216,gauss_newton,-0.1265374649280136,-3.008068554684435
2217,gauss_newton,-0.10007598924316338,-3.005815406140108
2218,gauss_newton,-0.14599712187015718,-2.970519644738497
2219,gauss_newton,-0.12102492444198573,-3.079090780572306
2220,gauss_newton,-0.04058993677335479,-2.9679611288776426
2221,gauss_newton,-0.01916204708020129,-3.0335218175033813
2222,gauss_newton,-0.04491685735322536,-2.981947921111331
2223,gauss_newton,-0.027796803541055334,-3.0428303360315785
2224,gauss_newton,-0.027374436287424902,-3.233879850175449
2225,gauss_newton,0.24941284871870356,-3.096029265975336
2226,gauss_newton,0.022125281918969147,-3.2145650912670582
2227,gauss_newton,0.029991622921418642,-2.9911613547721374
2228,gauss_newton,0.04957483647247036,-2.9956853526849545
2229,gauss_newton,0.1453588171997254,-2.96546028193762
2230,gauss_newton,-0.07244596317272149,-3.104239007772122
2231,gauss_newton,0.11414359817184735,-3.037568061621749
2232,gauss_newton,0.044222248542915746,-3.0326106846690184
2233,gauss_newton,0.146070554672412,-3.049672083761032
2234,gauss_newton,0.13850182168120456,-3.011146852367223
2235,gauss_newton,-0.03786984455292291,-3.1681598228499337
2236,gauss_newton,0.21526190464188313,-2.980909999100306
2237,gauss_newton,0.23304808138748384,-2.990690327696619
2238,gauss_newton,0.2135028968113067,-2.984322340266315
2239,gauss_newton,0.261350500374698,-3.010276274959203
2240,gauss_newton,0.24777673965530456,-2.987990347232056
2241,gauss_newton,0.2366858492412608,-3.0111830199930907
2242,gauss_newton,0.25742948102304103,-3.0154866328791448
2243,gauss_newton,0.33231483571388304,-2.9983465161447396
2244,gauss_newton,0.24921492288753316,-3.3271193793198455
2245,gauss_newton,0.3176198662428843,-3.0222100835709877
2246,gauss_newton,0.3402459331151611,-3.0273168051138484
2247,gauss_newton,0.3895776271814615,-2.9919491488969223
2248,gauss_newton,0.36261574317724965,-2.9981342809346945
2249,gauss_newton,0.3409444429920493,-2.994850729592654
2250,gauss_newton,0.36686654281302705,-3.0184141572812724
2251,gauss_newton,0.2656675992995874,-3.0714115507161424
2252,gauss_newton,0.447478316656761,-2.9903970760072447
2253,gauss_newton,0.47440035424488874,-3.015729934454765
2254,gauss_newton,0.4618503708749848,-2.9583231634276097
2255,gauss_newton,0.4554764273899434,-3.056221399413748
2256,gauss_newton,0.4505852170322544,-2.9796560172033
2257,gauss_newton,0.4895435019907472,-2.946226831027438
2258,gauss_newton,0.48308312600704323,-2.9098771347349293
2259,gauss_newton,0.5424525479890255,-2.9907223775783836
2260,gauss_newton,0.5432352690024576,-3.00872683320576
2261,gauss_newton,0.5274642251316288,-2.999121386876615
2262,gauss_newton,0.5607358654296021,-2.9909881472908704
2263,gauss_newton,0.5822809163707735,-3.0197746760437885
2264,gauss_newton,0.5942265228165966,-3.2523425630899503
2265,gauss_newton,0.5998096373893211,-3.056104739114125
2266,gauss_newton,0.6230556468900214,-2.9983350404596067
2267,gauss_newton,0.6388235942946489,-2.9544354517057685
0,lmsp,0.24386319671458423,0.03320899266369359
1,lmsp,0.3146118599662938,0.025325776640922726
2,lmsp,0.28813789378564103,0.011714940841030419
3,lmsp,0.9928469834688106,-1.2657832083818095
4,lmsp,0.3350411126387244,0.008708031122208304
5,lmsp,0.31479394791092175,0.01764325122395949
6,lmsp,0.38887660032691496,-0.03327499844252113
7,lmsp,-0.137510306213385,0.24548214903172338
8,lmsp,0.3771038648590711,-0.024866069499158705
9,lmsp,0.35453669291773016,-0.02571072593960455
10,lmsp,0.3423771975594557,0.0237255843777735
11,lmsp,0.3775359931207255,-0.09045992450655227
12,lmsp,0.36747736524505303,-0.09740392462600589
13,lmsp,0.2493198491851233,0.01248070846814553
14,lmsp,0.3978256996750936,-0.127920721248044
15,lmsp,-0.840574217417427,0.5593052960297697
16,lmsp,0.5318823908046789,0.22312914459159838
17,lmsp,0.3694634180245916,-0.08150396553980865
18,lmsp,0.38972884635474336,-0.06967469638735402
19,lmsp,0.46203393841237517,-0.11557224807163013
20,lmsp,0.4707053804721292,-0.15938688993138506
21,lmsp,0.44376045850280643,-0.1460187467227998
22,lmsp,0.44339739241619325,-0.08420168743678857
23,lmsp,-0.6578416198782303,0.40867143838339226
24,lmsp,0.5112053690753552,-0.15499899044933851
25,lmsp,0.4566778577401348,-0.16171746604152393
26,lmsp,0.8380979083886518,-1.3363246194497433
27,lmsp,0.1694888541393239,-0.06698876465256998
28,lmsp,0.49996282448780327,-0.21307532649348193
29,lmsp,0.5128429137836618,-0.31829132956955064
30,lmsp,0.533587772499822,-0.24509926963627926
31,lmsp,0.4625911834616495,-0.3037272618162925
32,lmsp,0.45214120302245087,-0.27608156120059935
33,lmsp,0.6983712351722212,-0.8282581692919271
34,lmsp,0.5354611156703838,-0.38085396883474054
35,lmsp,0.5669400347057921,-0.3349813915792952
36,lmsp,0.824240141811505,-1.2574786998827472
37,lmsp,0.4757446604908754,-0.3576540892032183
38,lmsp,0.4657226491034613,-0.40820144730353913
39,lmsp,0.520235793374716,-0.4181336143479637
40,lmsp,0.4673999511704455,-0.473641471311363
41,lmsp,0.5035956493153363,-0.5177792801474643
42,lmsp,0.46974685863959353,-0.5047700871077829
43,lmsp,0.4356555425227059,-0.49915822276401745
44,lmsp,0.46795289386805583,-0.592320906830202
45,lmsp,0.4691277573963649,-0.604907175530994
46,lmsp,0.3685103800389463,-0.5876220394801122
47,lmsp,0.38888946136263425,-0.559358080761287
48,lmsp,0.4166178646833626,-0.6463009658719745
49,lmsp,0.38742443862539344,-0.6349973950078596
50,lmsp,0.29470728831180815,-0.5741065618250651
51,lmsp,0.38333174988269103,-0.7085761403586686
52,lmsp,0.3259040063474853,-0.6830078623910918
53,lmsp,0.3347476084337574,-0.6721900203762878
54,lmsp,0.3120203985874038,-0.7104215162690233
55,lmsp,0.014238873168281763,-0.5697910454627166
56,lmsp,0.26343514573871174,-0.729870260682838
57,lmsp,0.2131676654359821,-0.7174258183302671
58,lmsp,0.22318035406496406,-0.7588846003395124
59,lmsp,0.14922704643542317,-0.7316156807276375
60,lmsp,0.2040102789377024,-0.8001453827966953
61,lmsp,0.22223841955394785,-0.6052070504005087
62,lmsp,0.10773962705112206,-0.7961587240202892
63,lmsp,0.20826769873345075,-0.7429533006958602
64,lmsp,-0.0313455672887627,-0.7063228149711138
65,lmsp,0.09310610072808567,-0.8191018231256573
66,lmsp,0.2519333804269114,-0.38178484938746937
67,lmsp,0.08428900365848413,-0.754752753386474
68,lmsp,0.11929980836683607,-0.7966300061476863
69,lmsp,-0.00864518761148092,-0.7465777029207095
70,lmsp,0.029601189074289658,-0.813536284464468
71,lmsp,0.00011013896270151147,-0.7751481430265734
72,lmsp,-0.03702457723366803,-0.770949828709278
73,lmsp,-0.08556525128521719,-0.776392384879359
74,lmsp,-0.13159209622470958,-0.7819593584758397
75,lmsp,-0.0887618914797933,-0.8104141290907512
76,lmsp,-0.11193098834272364,-0.7505815230538095
77,lmsp,-0.1102815526368367,-0.8106782920378244
78,lmsp,-0.19572804717501924,-0.740209475954174
79,lmsp,-0.21027932360537516,-0.8045303318103239
80,lmsp,-0.15056644875303815,-0.8161622978758967
81,lmsp,-0.26294973103088937,-0.7118807819007724
82,lmsp,-0.24026174238084586,-0.6970518529315521
83,lmsp,-0.24452953903188346,-0.7068933428133395
84,lmsp,-0.20468343154821145,-0.8231789652222004
85,lmsp,-0.2953760772527442,-0.7338877822925012
86,lmsp,-0.25699655296752677,-0.7590162385773684
87,lmsp,-0.2923012614353063,-0.727940837421146
88,lmsp,-0.35377298117886735,-0.7196225429079508
89,lmsp,-0.321491643096549,-0.7435040992038315
90,lmsp,-0.33327571276325074,-0.7961610819796467
91,lmsp,-0.3433636661256271,-0.6953499099609921
92,lmsp,-0.34230910680265414,-0.7678306687611025
93,lmsp,-0.3830604763302349,-0.7716275813774525
94,lmsp,-0.4478210793734262,-0.6931560818527904
95,lmsp,-0.4745688620390408,-0.7583775212441406
96,lmsp,-0.4583416295089032,-0.7013740791604244
97,lmsp,-0.457079150809684,-0.7745633503972345
98,lmsp,-0.08655881907306673,-1.2781710856274477
99,lmsp,-0.5309374190927344,-0.7323690249335062
100,lmsp,-0.48015542905952924,-0.7759546477441432
101,lmsp,-0.533126708107179,-0.7730332792161274
102,lmsp,-0.46351325803387444,-0.8100419253525502
103,lmsp,-0.6986765801951503,-1.0552088292226864
104,lmsp,-0.5461125355180781,-0.8083785074991576
105,lmsp,-0.44638405996714636,-1.1165635396988431
106,lmsp,-0.5590321491764224,-0.7650950441185387
107,lmsp,-0.587137422593821,-0.7800448933996336
108,lmsp,-0.7196875867157663,-0.7426799829911293
109,lmsp,-0.46728792020871024,-1.3240891163303345
110,lmsp,-0.46675487860042375,-1.3020822729739656
111,lmsp,-0.6546892555326888,-0.8147496859336245
112,lmsp,-0.4909378687954459,-1.2501359611830845
113,lmsp,-0.6685988016567405,-0.8194895840252334
114,lmsp,-0.6830907377812129,-0.8617176306002143
115,lmsp,-0.6668957472070213,-0.8949488374382302
116,lmsp,-1.368653907479688,-0.5175968614489568
117,lmsp,-0.7223031397890193,-0.8697091016641121
118,lmsp,-0.7390022440944722,-0.8756279247289154
119,lmsp,-0.7295157743550523,-0.9819713971581123
120,lmsp,-0.7086943623719063,-0.985121982937021
121,lmsp,-0.7739813016838762,-0.9430395493210995
122,lmsp,-0.7402409536167708,-0.9553184685668663
123,lmsp,-1.0661647436057664,-0.8360057038628108
124,lmsp,-0.8072311589592039,-0.9647224275901838
125,lmsp,-0.795402695488438,-1.1201218455854383
126,lmsp,-0.8153639618571716,-0.9855419753805466
127,lmsp,-1.0748385159717473,-0.873707286120716
128,lmsp,-0.8161644118586927,-1.0635175651418685
129,lmsp,-0.8086663241102195,-1.0495711125215674
130,lmsp,-0.8775512820614174,-1.0092850791053252
131,lmsp,-0.8859182700391183,-1.0670703782343507
132,lmsp,-0.9096407000068146,-1.0639670439215863
133,lmsp,-0.8452305603080293,-1.1216280842278161
134,lmsp,-0.9423024484591663,-1.0543125283743375
135,lmsp,-0.920638609997794,-1.098776802490507
136,lmsp,-0.8766207272448286,-1.1802504139823684
137,lmsp,-0.8628957593577339,-1.2261584649783455
138,lmsp,-0.9210020824572828,-1.201774507076439
139,lmsp,-0.9679289438290787,-1.1403133965880174
140,lmsp,-1.080318936726369,-0.9268439310636598
141,lmsp,-0.9803594122040798,-1.1757564890813628
142,lmsp,-2.7826594812493304,-0.26003498790797863
143,lmsp,-0.9175381269120632,-1.2943554395368828
144,lmsp,-0.9624152590019931,-1.2448589337815088
145,lmsp,-0.9922798187012222,-1.2939253139855946
146,lmsp,-0.9959680383379336,-1.3065105914354858
147,lmsp,-0.8741263188471468,-1.1318201662914964
148,lmsp,-1.0466745390058243,-1.2911804514338643
149,lmsp,-1.035847879932672,-1.2958431281668963
150,lmsp,-0.9429508078286924,-1.5096289143135717
151,lmsp,-1.078920946173422,-1.3062842080980062
152,lmsp,-1.1380209840418938,-1.2433153193817859
153,lmsp,-0.875034087606314,-1.9773003744569309
154,lmsp,-1.1423719255972853,-1.3060140065628065
155,lmsp,-1.0998341588549199,-1.3526949806723403
156,lmsp,-1.055544514838664,-1.414662947044576
157,lmsp,-1.1353978233770232,-1.3948203783229403
158,lmsp,-1.1855243274855316,-1.299536649290526
159,lmsp,-1.1914843552133862,-1.3772415772028017
160,lmsp,-1.2458319945334044,-1.3344755963726627
161,lmsp,-1.1607311666446427,-1.3976687761805495
162,lmsp,-1.0943184783067523,-1.3418045206070577
163,lmsp,-1.2306729131200629,-1.3751594030444183
164,lmsp,-1.6726230477473218,-1.1317930475550106
165,lmsp,-1.2007006399084155,-1.4726879729232047
166,lmsp,-1.2378603012064873,-1.4311583847950313
167,lmsp,-1.2738074936546044,-1.3704906278080307
168,lmsp,-1.2483851427981398,-1.4676318826575336
169,lmsp,-1.256740529980576,-1.4770596139185859
170,lmsp,-1.2437665135312233,-1.5302921309737822
171,lmsp,-1.2432879040393656,-1.5707489144946463
172,lmsp,-1.2938308083432788,-1.5434297858575023
173,lmsp,-1.3109334020505976,-1.5053714769965634
174,lmsp,-1.3134013216882492,-1.5701256688570364
175,lmsp,-1.4172995858166764,-1.4098634377753632
176,lmsp,-1.3023898106692018,-1.5916799248489193
177,lmsp,-1.4640841631041117,-1.5004174796523948
178,lmsp,-1.342346365714783,-1.532326194111178
179,lmsp,-1.189381121344058,-1.7086057426496355
180,lmsp,-1.4299375609335558,-1.5483670254771589
181,lmsp,-1.4475025843889133,-1.553323064641316
182,lmsp,-1.4462714821917326,-1.6088921945976393
183,lmsp,-1.4708455814893386,-1.5269142832879172
184,lmsp,-1.5152938619957612,-1.5591574565165462
185,lmsp,-1.4475748474643688,-1.6149935041835555
186,lmsp,-1.5234780845318139,-1.548797910331162
187,lmsp,-1.4303695249594948,-1.6792365057713914
188,lmsp,-1.5351238754399463,-1.5917204712829918
189,lmsp,-1.5190428682835782,-1.6389243943360894
190,lmsp,-1.5526781804541243,-1.7065501398433858
191,lmsp,-1.5939930131918163,-1.6085839114702347
192,lmsp,-1.5965324247335282,-1.6843314522239838
193,lmsp,-1.5009233345964303,-1.7624447869143367
194,lmsp,-1.45899515050422,-1.9507784942453572
195,lmsp,-1.5774769993676299,-1.7314732315297112
196,lmsp,-1.5889260490042454,-1.7704448641314032
197,lmsp,-1.598233926106161,-1.736379085012289
198,lmsp,-1.608983791321164,-1.7701817048195867
199,lmsp,-1.6251283441895863,-1.7432821976746364
200,lmsp,-1.572218482148385,-1.7713375819241035
201,lmsp,-1.6293769585518008,-1.7568569117577955
202,lmsp,-1.5900461183610068,-1.854663237846264
203,lmsp,-1.5440240810787849,-2.110222367804922
204,lmsp,-1.6229880180876473,-1.8643715491221524
205,lmsp,-2.330459096638649,-1.4097885305572646
206,lmsp,-1.7090864729862925,-1.8087842875695754
207,lmsp,-1.7185273860883812,-1.8703944426401184
208,lmsp,-1.7440150058053137,-1.8372883661498438
209,lmsp,-1.6969265788657313,-1.9252323022058064
210,lmsp,-1.706542826583462,-1.8625060378454323
211,lmsp,-1.7464207561993006,-1.9077126952360022
212,lmsp,-1.6991824064456806,-2.053707529973013
213,lmsp,-1.7617282128591083,-1.9220206035551906
214,lmsp,-1.7542407908533093,-1.9079175802056625
215,lmsp,-1.8224553242328345,-1.885119510495434
216,lmsp,-1.8688399003322624,-1.839756667985422
217,lmsp,-1.7977248680599502,-1.9997148527613282
218,lmsp,-1.8298791929582086,-1.9625390328578591
219,lmsp,-1.8115699867000536,-2.012561976466303
220,lmsp,-1.7999241152968302,-2.0493023105791464
221,lmsp,-1.857508015863592,-1.9881123961767155
222,lmsp,-1.966021697926688,-1.981745296024454
223,lmsp,-1.8123650733458168,-2.1010988650802256
224,lmsp,-1.9735450380330377,-1.9389937972508458
225,lmsp,-1.4123188434863034,-3.3869127157979486
226,lmsp,-2.3087830041547446,-1.8222695303545908
227,lmsp,-1.7540411234619446,-2.574123404733407
228,lmsp,-1.921566034667952,-2.06530097104208
229,lmsp,-1.9389339926406248,-2.112447402363281
230,lmsp,-1.9734879113275934,-2.101684549716743
231,lmsp,-1.9992414368992781,-2.020881492267991
232,lmsp,-2.017405864447133,-1.8951521589012144
233,lmsp,-2.025348396532594,-2.0987729747393447
234,lmsp,-2.007957517890078,-2.0910498246064444
235,lmsp,-2.0584515672020856,-2.1329321399780206
236,lmsp,-1.9396855204549475,-2.4027816313115826
237,lmsp,-1.9765579952382346,-2.2064103346759847
238,lmsp,-2.0089702067194084,-2.2003074759389456
239,lmsp,-2.0951954500548178,-2.1602783987777174
240,lmsp,-2.0874299923888358,-2.1591577302169656
241,lmsp,-2.1057860903475714,-2.1069094803114243
242,lmsp,-2.073847207297039,-2.1569779738320163
243,lmsp,-2.0965633095907386,-2.1274413232118725
244,lmsp,-2.0218725763781937,-2.3103254634036725
245,lmsp,-3.2560124387810734,-1.5754241887950222
246,lmsp,-2.224040361845432,-2.2092357686256747
247,lmsp,-2.111404411011654,-2.282015630820183
248,lmsp,-2.161929392641553,-2.306738298153207
249,lmsp,-2.2293382740839096,-2.2018400443450723
250,lmsp,-2.0880134268631134,-2.407751340725519
251,lmsp,-2.283307695083422,-2.225899143894516
252,lmsp,-2.1979590078423294,-2.2941102351027993
253,lmsp,-2.2429295455519287,-2.229526407796034
254,lmsp,-2.2460372117894516,-2.3355686236340167
255,lmsp,-2.232122649824887,-2.283995803238292
256,lmsp,-2.158316391694314,-2.3529298930412494
257,lmsp,-2.2439465030231647,-2.309218657411428
258,lmsp,-2.3218278969278785,-2.2831632936172133
259,lmsp,-2.2900152171922055,-2.3369245956241578
260,lmsp,-2.26277227359812,-2.414580360720171
261,lmsp,-2.2527391178655227,-2.4480896660875047
262,lmsp,-2.318623360194781,-2.4186344775918425
263,lmsp,-2.3179671540272206,-2.2378186282828603
264,lmsp,-2.369144343271278,-2.361049528719624
265,lmsp,-2.341066138292129,-2.3738140321270667
266,lmsp,-2.383892442062382,-2.4188192914921585
267,lmsp,-2.4026709356024067,-2.452774554741052
268,lmsp,-2.3972647359566914,-2.399209633337879
269,lmsp,-2.313803271721436,-2.517031236115171
270,lmsp,-2.0711050662691686,-3.4544347539799416
271,lmsp,-2.621411115088998,-2.381941324587036
272,lmsp,-2.261837503148643,-2.821500993132889
273,lmsp,-2.4740305934208062,-2.474214643928142
274,lmsp,-2.295696163422425,-2.921457337199832
275,lmsp,-2.3887539161623565,-2.5799497135287703
276,lmsp,-2.5041880741006266,-2.4804311296678208
277,lmsp,-2.5308626209959564,-2.52476165642166
278,lmsp,-2.498650006232113,-2.5350281637292236
279,lmsp,-2.537336077461466,-2.547590786325234
280,lmsp,-2.576213519337807,-2.5357701240410186
281,lmsp,-2.268151822425994,-3.3637160405655324
282,lmsp,-2.552012145213055,-2.5253687748290385
283,lmsp,-2.578744657601085,-2.6016597976614024
284,lmsp,-2.626360567749884,-2.5446632402424596
285,lmsp,-2.5417731621033126,-2.635442245353567
286,lmsp,-2.578302853757271,-2.6296682530722713
287,lmsp,-2.6237333710293185,-2.5498020494454794
288,lmsp,-2.5889754448333173,-2.642083588515293
289,lmsp,-2.63383463680716,-2.666027465323558
290,lmsp,-2.6376733869475646,-2.7147684409626534
291,lmsp,-2.6345114653448074,-2.68241913319794
292,lmsp,-2.670030249667507,-2.7043949985939433
293,lmsp,-2.6853043641275023,-2.7232402070858726
294,lmsp,-2.679912123096428,-2.666760177727215
295,lmsp,-2.699654617242818,-2.6772198551436412
296,lmsp,-2.709109864609123,-2.7210662547177016
297,lmsp,-2.8316301274948787,-2.6213351732397783
298,lmsp,-2.731083772288798,-2.7762202895189594
299,lmsp,-2.6077257375162146,-2.6430931208534307
300,lmsp,-2.741765240010919,-2.8537603030518035
301,lmsp,-2.7174631145341372,-2.907075649139842
302,lmsp,-2.7849303381886803,-2.7766095856701405
303,lmsp,-2.882689883042364,-2.779812882189831
304,lmsp,-3.849044393997285,-2.2492483837512856
305,lmsp,-2.799233236393239,-2.7625116291095173
306,lmsp,-2.80987044961835,-2.7514363458647804
307,lmsp,-2.1416875432018556,-4.991469008774415
308,lmsp,-2.8912353482458055,-2.798175628792504
309,lmsp,-2.789083569809124,-2.910938595537722
310,lmsp,-2.900201170458546,-2.839920404319768
311,lmsp,-2.914369283928002,-2.8743115888085535
312,lmsp,-3.4202807589765967,-2.655961749433491
313,lmsp,-2.9254644589826646,-2.9132861309593636
314,lmsp,-2.961975895746288,-2.855636693145966
315,lmsp,-2.8426653778363336,-2.9806517936017833
316,lmsp,-2.9628035228670413,-2.9468132804739113
317,lmsp,-3.0018630259081776,-2.904659348873211
318,lmsp,-2.947418286244828,-2.914417205848438
319,lmsp,-2.9954099835270838,-2.921354465615642
320,lmsp,-2.92876275846351,-2.8893987274327833
321,lmsp,-2.900524398917937,-3.0612951832573563
322,lmsp,-2.938847358654719,-3.0620503079666337
323,lmsp,-3.041360968964711,-2.8852408186805585
324,lmsp,-3.049157411294697,-3.0070926212364
325,lmsp,-2.9568764678730135,-3.0204642659966385
326,lmsp,-3.0688844070180896,-3.022961595479714
327,lmsp,-3.0687219282645386,-2.968050287078941
328,lmsp,-2.8953571933774827,-3.5040684829724524
329,lmsp,-2.958941886743928,-3.0641149400990884
330,lmsp,-3.0981934053438307,-3.0526467833512134
331,lmsp,-3.159817979607468,-3.0715149072129107
332,lmsp,-3.0647551886150244,-3.063055967035914
333,lmsp,-3.071590849639517,-3.224141594987466
334,lmsp,-3.699700570750293,-2.8633241297430247
335,lmsp,-3.1300298756881477,-3.1356569796883225
336,lmsp,-3.1212363965576113,-3.227892904814971
337,lmsp,-3.7287848045967347,-2.8110625162787715
338,lmsp,-3.1099205922602695,-3.226500985403896
339,lmsp,-3.0812645910705627,-3.190736102679171
340,lmsp,-3.138580828776345,-3.171454232063021
341,lmsp,-3.0923707147924144,-3.3705674396354874
342,lmsp,-3.2010943477116762,-3.1665166295475746
343,lmsp,-3.0076981708466017,-3.788151783050406
344,lmsp,-3.1004861997263826,-3.361964729685636
345,lmsp,-3.1082437951276076,-3.2911261629170907
346,lmsp,-4.195590322710707,-3.1077908383402084
347,lmsp,-3.116698377950146,-3.413070834998048
348,lmsp,-3.117506732712043,-3.3382774043221337
349,lmsp,-3.0754142047391713,-3.4102670059350446
350,lmsp,-3.2074325418847756,-3.3528786030617717
351,lmsp,-3.0699841789539666,-3.4774701827819836
352,lmsp,-3.113814483254833,-3.5362638668376727
353,lmsp,-3.05949148691345,-3.534047296055747
354,lmsp,-3.158821591624998,-3.4662166790119846
355,lmsp,-3.171407896557328,-3.4863687669125287
356,lmsp,-3.1168489032456366,-3.487011416969519
357,lmsp,-3.835142811503188,-3.1172634783015534
358,lmsp,-3.2038928128507815,-3.4675643229156945
359,lmsp,-3.1202429932010194,-3.526342180632379
360,lmsp,-3.148797932895459,-3.507215515418726
361,lmsp,-3.0896478502662488,-3.5540368637590447
362,lmsp,-3.0338126715726674,-3.6352466459785537
363,lmsp,-3.050655120540696,-3.648457214046995
364,lmsp,-3.1397193029822046,-3.5026446021233344
365,lmsp,-3.06593969889885,-3.5295969402334464
366,lmsp,-3.1113131296558465,-3.3977257561305443
367,lmsp,-3.0047021761966106,-3.6747337283567614
368,lmsp,-3.000369747574248,-3.606309901516388
369,lmsp,-2.8432565828741994,-3.7457566424548023
370,lmsp,-3.0328181352710906,-3.6175272754766477
371,lmsp,-2.874256480425213,-3.7736303220164213
372,lmsp,-2.929413887478025,-3.6181473851783377
373,lmsp,-2.8435366827565103,-3.748995687006346
374,lmsp,-2.8496547728757395,-3.687707641656224
375,lmsp,-2.8781581093652266,-3.670766591179772
376,lmsp,-2.820665625157448,-3.694013329021363
377,lmsp,-2.7383618901914564,-3.84124458363038
378,lmsp,-2.743974155690013,-3.7069723631350797
379,lmsp,-2.7173681593947223,-3.735752145150194
380,lmsp,-2.523047829860098,-3.6249416541723614
381,lmsp,-2.7966762146555744,-3.656476682565568
382,lmsp,-2.6148257918807034,-3.7365115856570768
383,lmsp,-2.768776869743871,-3.665224076985508
384,lmsp,-2.580854319214682,-3.7249172698537354
385,lmsp,-2.558834217466275,-3.7141164996124783
386,lmsp,-2.4763765531197444,-4.131138055563995
387,lmsp,-2.6052817296620225,-3.6273088400412368
388,lmsp,-2.497357778046181,-3.6942446967415474
389,lmsp,-2.556262870570563,-3.6217793594271743
390,lmsp,-2.623302077568024,-3.541715029721394
391,lmsp,-2.5464176770811537,-3.5923874333385095
392,lmsp,-2.514912660285382,-3.567558222306115
393,lmsp,-2.410671394046799,-3.6839350616347435
394,lmsp,-2.432426847804234,-3.6978321613764855
395,lmsp,-2.473976738047105,-3.4804269158168974
396,lmsp,-2.436535822220722,-3.5074960517998237
397,lmsp,-2.707793020265877,-3.3770571991887772
398,lmsp,-2.178185936671652,-4.220814879388015
399,lmsp,-2.3718317341690294,-3.516031991483948
400,lmsp,-2.35237064165859,-3.54785583993794
401,lmsp,-2.3478665294380203,-3.5160815663596656
402,lmsp,-2.3866157110088575,-3.4865914118677894
403,lmsp,-2.33263409571204,-3.5208842998910095
404,lmsp,-2.2824190687800825,-3.4778867448785684
405,lmsp,-2.040808798944732,-4.1905780257119405
406,lmsp,-2.267379982776758,-3.4808862675785983
407,lmsp,-2.2646980935130006,-3.412662020687777
408,lmsp,-2.235853455431729,-3.446924224099728
409,lmsp,-2.029455410525473,-4.06654608580375
410,lmsp,-2.263512610936095,-3.4253574526788064
411,lmsp,-2.1966557398433904,-3.4032779794690597
412,lmsp,-2.217597041095232,-3.3243369262709335
413,lmsp,-2.2834063831966853,-3.2850875686822647
414,lmsp,-2.216862957875103,-3.383829350927707
415,lmsp,-2.1910060736105126,-3.3052860279654555
416,lmsp,-2.2190918591520314,-3.3070847822892437
417,lmsp,-2.1399708970628764,-3.343440330996205
418,lmsp,-2.076471946793482,-3.378431712188293
419,lmsp,-2.2178458802452545,-3.2752643807267523
420,lmsp,-2.1586702438727894,-3.3006882482912303
421,lmsp,-2.144299987882168,-3.184927907459765
422,lmsp,-2.0974208883972794,-3.3323613407541792
423,lmsp,-2.205727357822164,-3.2222852267039244
424,lmsp,-2.071039802024542,-3.155763773169568
425,lmsp,-2.16019653554318,-3.1779944635241
426,lmsp,-2.0619017796620245,-3.1823072131508123
427,lmsp,-2.0046423816249423,-3.274991388632311
428,lmsp,-2.020782786368333,-3.186156973960948
429,lmsp,-2.0498690200023377,-3.210056599186494
430,lmsp,-2.0481609231617814,-3.2386094055071455
431,lmsp,-2.0421756887983107,-3.1178776345193606
432,lmsp,-1.997031792079916,-3.1680903928568656
433,lmsp,-1.7410320100038903,-3.8430692221343072
434,lmsp,-1.9994504057784188,-3.1297246438191113
435,lmsp,-1.950771087844902,-3.150839470074345
436,lmsp,-1.8732150915103891,-3.192103111103796
437,lmsp,-1.8956682173302828,-3.142746518301892
438,lmsp,-2.329627565576633,-2.929621760989516
439,lmsp,-2.2867277227384855,-2.875985123807286
440,lmsp,-1.831846290869381,-3.206788995397881
441,lmsp,-2.028632743562677,-3.060371513088862
442,lmsp,-1.830423249677287,-3.15698622563512
443,lmsp,-1.807074059126382,-3.162328653620526
444,lmsp,-1.7924570956358497,-3.1638386945553583
445,lmsp,-1.8045907616821668,-3.099866793663958
446,lmsp,-1.7368934400941813,-3.139621211208894
447,lmsp,-1.779115868141496,-3.1521453152024153
448,lmsp,-1.7412904336670554,-3.1757739053056024
449,lmsp,-1.4820542151503648,-3.705837719208687
450,lmsp,-1.691816838552326,-3.1081311291510527
451,lmsp,-1.7619551021638227,-3.090955416032277
452,lmsp,-1.6871439589556303,-3.1964010846791053
453,lmsp,-1.6558464708733625,-3.2030164152620033
454,lmsp,-1.6971585062856556,-3.139592782190718
455,lmsp,-1.6476352981823212,-3.176702955623857
456,lmsp,-1.585187912756627,-3.2180980014655063
457,lmsp,-1.5685040555789365,-3.2515804174674097
458,lmsp,-1.575084360268153,-3.189821453838918
459,lmsp,-1.44424339000689,-3.654255959768464
460,lmsp,-1.6054854736283897,-3.1595079803755564
461,lmsp,-1.6097075299245507,-3.1796658657585173
462,lmsp,-1.6062196432829996,-3.1617065740181785
463,lmsp,-1.577759206460589,-3.1834085740880917
464,lmsp,-1.4931386947075436,-3.2106429774409984
465,lmsp,-1.5412569624906984,-3.1497529230131276
466,lmsp,-1.4537088149997728,-3.254430406799437
467,lmsp,-1.4602623008507356,-3.1880850111982246
468,lmsp,-1.4373017490606546,-3.2784581205271452
469,lmsp,-1.4320341996903703,-3.172101839668688
470,lmsp,-1.697736958861785,-2.944806685203334
471,lmsp,-1.6022512364848707,-3.1031510894141325
472,lmsp,-1.4227055544211096,-3.1626982285967014
473,lmsp,-1.3283383403033775,-3.2013575023232823
474,lmsp,-1.0828226811527157,-3.918146838186014
475,lmsp,-1.2947948842189847,-3.1433759670979438
476,lmsp,-1.3079319892175039,-3.1754321449955434
477,lmsp,-1.2494638970885545,-3.1481588510800798
478,lmsp,-1.2537679610709467,-3.192055246694216
479,lmsp,-1.3226080298719216,-3.121943409292193
480,lmsp,-1.2878614458468554,-3.1849057043081865
481,lmsp,-1.2323588586094174,-3.1885945583419666
482,lmsp,-1.2237441098560633,-3.168018319510275
483,lmsp,-1.1693096583252856,-3.240633244041673
484,lmsp,-0.9249096816628132,-3.3050669701930024
485,lmsp,-1.226395713949409,-3.1211513858167965
486,lmsp,-1.1303610421758021,-3.1712169372033863
487,lmsp,-1.0635894755505437,-3.2114798003851304
488,lmsp,-1.1613426462924124,-3.1663122332714755
489,lmsp,-1.1092814097887285,-3.248209721819416
490,lmsp,-1.763635165428029,-2.8411987295290997
491,lmsp,-1.1201806431965715,-3.1743231122723463
492,lmsp,-1.035355488442844,-3.208074499377905
493,lmsp,-1.095790544302186,-3.09990738343481
494,lmsp,-1.0257370459244601,-3.199762041637068
495,lmsp,-0.9551493137945614,-3.1830021160167528
496,lmsp,-1.0165867086113445,-3.2377727200251414
497,lmsp,-1.004861518096443,-3.1907979163396876
498,lmsp,-0.9686627769972714,-3.1966188419244315
499,lmsp,-0.8937540701574432,-3.533884811464561
500,lmsp,-1.1529054564019527,-3.06833273865953
501,lmsp,-1.040039038695579,-3.0531190831623833
502,lmsp,-0.9390972260617042,-3.2066548125965184
503,lmsp,-0.9712746156899249,-3.116290507491372
504,lmsp,-0.9279697602527729,-3.114788121011914
505,lmsp,-0.8756995339465979,-3.1570251061810852
506,lmsp,-1.5431156261796173,-2.799933358321505
507,lmsp,-0.8256913324850336,-3.1535648441182715
508,lmsp,-0.8570001821379608,-3.195577517570264
509,lmsp,-0.9004416187994956,-3.0304771294499844
510,lmsp,-0.745633412876907,-3.2075780667998073
511,lmsp,-0.8093522307883486,-3.1300901910192085
512,lmsp,-0.7585203301587643,-3.221998245024661
513,lmsp,-0.7936981338804471,-3.1078637883430824
514,lmsp,-0.6690219292861216,-2.9606591755603073
515,lmsp,-0.5985555064209188,-3.0204380578410737
516,lmsp,-1.6916319781919094,-2.7608666899954537
517,lmsp,-0.727609374357434,-3.113140369242128
518,lmsp,-0.7332639085345288,-3.1100679346388924
519,lmsp,-0.4822272735212775,-2.955866056905343
520,lmsp,-0.6681219940631739,-2.9692763417775048
521,lmsp,-0.6077306974363897,-3.212793290691116
522,lmsp,-0.6299014386358927,-3.106133467626152
523,lmsp,-0.6387301818137753,-3.057383483472506
524,lmsp,-0.6072250646696055,-3.1521731290697037
525,lmsp,-0.24163828223461292,-4.18224749847231
526,lmsp,-0.5664114527226388,-3.152910584652668
527,lmsp,-0.5618553353155017,-3.174967369935324
528,lmsp,-0.5258071124053673,-3.177072279420714
529,lmsp,-0.46205650094786843,-3.152750789211768
530,lmsp,-0.4496646917828663,-3.1877719496430625
531,lmsp,-0.4965745819416617,-3.1966913500427383
532,lmsp,-0.5003818898910227,-3.139452396947414
533,lmsp,-0.20419183335369018,-3.9896516222438345
534,lmsp,-0.3966239259593144,-3.1803805565364724
535,lmsp,-0.22715012954652913,-2.879421358776553
536,lmsp,-0.3804337637858214,-3.1951951490632835
537,lmsp,-0.40715097080404783,-3.168920363727997
538,lmsp,-0.42548920952898384,-3.1268394408686166
539,lmsp,-0.383504166697079,-3.1167980620752225
540,lmsp,-0.37588600831179,-3.1131335919108425
541,lmsp,-0.2727871481760792,-3.200077056856589
542,lmsp,-0.31900511221066663,-3.241066824682913
543,lmsp,-0.32399110835419787,-3.124123404188727
544,lmsp,-0.25808318096329985,-3.263127266312262
545,lmsp,-0.24665399887324713,-3.190262796251303
546,lmsp,-0.8859766746169123,-2.841394464733326
547,lmsp,-0.9767357215490299,-2.825594955828346
548,lmsp,-0.3564658033614224,-3.1516171974996325
549,lmsp,0.0029737314328858178,-3.303641403574831
550,lmsp,-0.24255110970320526,-3.159982931646855
551,lmsp,-0.19180285015200693,-3.205767310909202
552,lmsp,-0.21622115738285463,-3.129688993654155
553,lmsp,-0.14515484978185433,-3.130704939257649
554,lmsp,-0.13346200086497617,-3.1449940407258383
555,lmsp,-0.11770081987276038,-3.1293373052305276
556,lmsp,-0.025876555872084483,-3.198996675509358
557,lmsp,-0.07359189439626312,-3.1363609250646682
558,lmsp,-0.07339381037543313,-3.0952703995305884
559,lmsp,-0.05393013955372872,-3.185823950948631
560,lmsp,-0.051425431141852385,-3.1617340296190974
561,lmsp,-0.03720445682517537,-3.070678381328557
562,lmsp,-0.022732390851476825,-3.1399523033485295
563,lmsp,0.18385359004084745,-3.7179374331912936
564,lmsp,0.03487429950624954,-3.163295150664247
565,lmsp,-0.0393659806345531,-3.1147168051832654
566,lmsp,0.030435069957084893,-3.1932644196910296
567,lmsp,0.05129175973582012,-3.212503701898747
568,lmsp,0.019474113093736922,-3.0994640856399895
569,lmsp,0.05858723864239013,-3.1218614984873154
570,lmsp,0.12742759415966554,-3.148713585433616
571,lmsp,0.15310719672622508,-3.0870004915668616
572,lmsp,0.08451492161504526,-3.1057946998306614
573,lmsp,0.17112027271723795,-3.1387500096120924
574,lmsp,0.13965452275875256,-3.0997650452932612
575,lmsp,0.20335108964555426,-3.35799945496884
576,lmsp,0.13348560147457145,-3.0817939682455586
577,lmsp,0.33755480313680375,-2.982810543181426
578,lmsp,0.23955946271743633,-3.1588121139764915
579,lmsp,0.20446664579315332,-3.078579217163866
580,lmsp,0.2454845131710287,-3.1845087362754425
581,lmsp,0.2752483253159018,-3.128325205853667
582,lmsp,0.2584255034227182,-3.070668372416348
583,lmsp,0.283402253055726,-3.0880847296043408
584,lmsp,0.2925514528468566,-3.0767346714944317
585,lmsp,0.3612601101769589,-3.1864044797466606
586,lmsp,-0.5831534068976422,-2.6631834092132207
587,lmsp,0.34630257416661403,-3.14159478857393
588,lmsp,0.38904796888018833,-3.0732575855252415
589,lmsp,0.37640478053034354,-3.1895897422935287
590,lmsp,0.4428224357311553,-3.1426222351813706
591,lmsp,0.3934413152917343,-3.0897077928365055
592,lmsp,0.4206508154622931,-3.1063309473778773
593,lmsp,0.4674334558383132,-3.1386819525373006
594,lmsp,0.43614519718058287,-3.1607419538428
595,lmsp,0.5380506279575165,-3.166688176790683
596,lmsp,0.4356544764106719,-3.0836396684395604
597,lmsp,0.4587328419874953,-3.0817306027008273
598,lmsp,0.6824915421034518,-2.9800478759746385
599,lmsp,0.5122387889282344,-3.113689014272224
600,lmsp,0.5554154329443591,-3.1189728608405796
601,lmsp,0.5391542658046099,-3.1107535848060275
602,lmsp,0.5904239683466682,-3.103232320325924
603,lmsp,0.5296933245757699,-3.073027812884858
604,lmsp,0.6054187851900817,-3.102916721182851
605,lmsp,0.2919914021440012,-2.949450451355826
606,lmsp,0.64989142603589,-3.1227508247289295
607,lmsp,0.7216170675769052,-3.3622671045233723
608,lmsp,0.6439744218501887,-3.1154797240438983
609,lmsp,0.640216415161393,-3.09683101507527
610,lmsp,0.6384029335589197,-3.032953684189561
611,lmsp,0.5911139500925283,-3.0699259527955816
612,lmsp,0.7484247188771308,-3.073299798745338
613,lmsp,0.769566711558961,-3.060353140409367
614,lmsp,0.8158926971401802,-3.1086186478418556
615,lmsp,0.7658808368106743,-3.038401710038265
616,lmsp,0.7930916330345475,-3.112082795879232
617,lmsp,0.9127156611169772,-3.3370861018699207
618,lmsp,1.1271438199669679,-4.080214689678546
619,lmsp,0.8041475570499129,-3.085887821390526
620,lmsp,0.8180336445089079,-3.0851949302841
621,lmsp,0.8755672250369214,-3.0846444411636975
622,lmsp,1.1873889502298698,-3.7189722898826902
623,lmsp,1.0083078337678182,-3.0042141750793547
624,lmsp,0.9131102518290289,-3.1639792526270716
625,lmsp,0.9451425209150109,-3.0985437847973447
626,lmsp,0.9050650203439409,-3.032045168646972
627,lmsp,0.992678906516289,-3.096047454625719
628,lmsp,0.9929248877838749,-3.1806743580838823
629,lmsp,0.9297085811694769,-3.0482970675137127
630,lmsp,0.7336715872661502,-2.9979394742004617
631,lmsp,1.1489137324338388,-3.2889450321976286
632,lmsp,0.9718620323298849,-3.069085617173088
633,lmsp,1.0096357843242312,-3.061477462465061
634,lmsp,1.2121027038609582,-3.5870317867950545
635,lmsp,1.122026776919307,-3.171273446994726
636,lmsp,1.1529127828286936,-3.419455072382598
637,lmsp,1.044759338513836,-3.0342351143062007
638,lmsp,1.075854590491677,-3.0048684339548037
639,lmsp,1.157229297028168,-3.096971365434033
640,lmsp,1.1392149536282328,-3.0423329816397287
641,lmsp,1.10877550243104,-3.0577818247718698
642,lmsp,1.1188608856835844,-3.0232652924738037
643,lmsp,1.2087537349763013,-3.164217059185294
644,lmsp,1.1904211829473188,-3.0249743483988567
645,lmsp,1.0221965113158853,-2.9828518511730353
646,lmsp,0.8260124268774406,-2.790074398899584
647,lmsp,1.2317277865910579,-3.1160780878804113
648,lmsp,1.2613353347899445,-3.0626242355562807
649,lmsp,1.2404166545862654,-3.0980138480987094
650,lmsp,1.3016950518273842,-3.111108365052699
651,lmsp,1.330913330748357,-3.055318980674934
652,lmsp,1.3767404442555429,-3.1223313616526873
653,lmsp,1.3681547599169996,-3.0594753506003656
654,lmsp,1.3798959360400889,-3.097329815204276
655,lmsp,1.2396670022428862,-3.036283736126916
656,lmsp,1.3395452769218301,-3.028829749440062
657,lmsp,1.422483875557456,-3.0516234372099884
658,lmsp,1.470515738130103,-3.1060576919925618
659,lmsp,1.4675307033310196,-3.201641891236413
660,lmsp,1.5985529143286787,-2.9628992673372823
661,lmsp,1.4433637583553556,-3.0320182595075105
662,lmsp,1.4846167408654423,-3.0434970833281305
663,lmsp,1.4672390762402192,-3.0926833687529767
664,lmsp,1.6806884466779697,-3.2252076465521133
665,lmsp,1.5285900237189538,-3.072172043266124
666,lmsp,1.5250913018088919,-3.068024796396119
667,lmsp,1.5434091423029863,-2.998479331817377
668,lmsp,1.7061445303233405,-3.5383994978038444
669,lmsp,1.546218898647997,-3.011512084070345
670,lmsp,1.5903105772234718,-3.031591973381734
671,lmsp,1.7226486579720715,-3.3994356576869302
672,lmsp,1.6178266331441988,-3.005717474277792
673,lmsp,1.7151600833789158,-3.1174393762000703
674,lmsp,2.2810025176748865,-5.06519776200872
675,lmsp,1.6944839776179506,-3.1082703849448405
676,lmsp,1.7048437353801735,-3.062658345994336
677,lmsp,1.6941233132604725,-3.118123692328422
678,lmsp,2.1479617980401877,-4.370762210269215
679,lmsp,1.83048300312803,-2.9828811866161535
680,lmsp,1.7618913233852749,-3.1283801241207527
681,lmsp,1.8419793749047764,-3.0557073510144646
682,lmsp,1.7192332092348859,-3.02101802046855
683,lmsp,1.7684781363021655,-3.062367128361485
684,lmsp,1.7773799305778852,-3.068178731704344
685,lmsp,1.886900723406805,-3.066877621207296
686,lmsp,1.8603473214478838,-3.0933928736209184
687,lmsp,1.7330059276264032,-2.960217210065262
688,lmsp,1.9069233382293889,-2.9832016960886536
689,lmsp,1.4481165344434017,-2.844241626769569
690,lmsp,1.8519053644974126,-3.0304752668569677
691,lmsp,1.9093113057947924,-3.0781436830466253
692,lmsp,1.8992620034936745,-3.018182691355695
693,lmsp,1.892243876888902,-3.0475829473587934
694,lmsp,1.9745015172124574,-3.047670160587585
695,lmsp,1.682005882024996,-2.8949659843247177
696,lmsp,1.9975832166392666,-3.078625125488922
697,lmsp,2.018217934880417,-3.105998719304319
698,lmsp,2.0098760849161423,-3.1133212044887077
699,lmsp,1.619626305209596,-2.7814609885322934
700,lmsp,2.0022420795452187,-2.9928909035599505
701,lmsp,1.9082482456734415,-3.004490658414336
702,lmsp,2.0332748664671096,-3.003183461473637
703,lmsp,2.0564389598692903,-2.9991876897788323
704,lmsp,2.0523180097357128,-2.9750457633782394
705,lmsp,2.3303923005128486,-3.693854529930813
706,lmsp,2.1591954379333917,-3.103221878943077
707,lmsp,2.138094797491028,-3.0325839215787775
708,lmsp,2.182326465055571,-3.018694655173843
709,lmsp,2.1520862326770973,-3.051834980198623
710,lmsp,2.2093848131234046,-3.0836976857428304
711,lmsp,2.1910437037109287,-2.983327200133611
712,lmsp,2.1967069644795143,-3.047335708142712
713,lmsp,2.259088237319879,-3.1525575802378416
714,lmsp,2.2544203036289017,-3.0160692993604856
715,lmsp,2.308705784099541,-3.0495098083533962
716,lmsp,2.278305746985527,-3.0707071101102823
717,lmsp,2.285686422568175,-3.0118748636905446
718,lmsp,2.274814395077516,-3.0811666881687003
719,lmsp,2.3752196018802487,-3.0409660146274353
720,lmsp,2.4369759129979864,-3.076537082086877
721,lmsp,2.2768508527279034,-2.9693774782562636
722,lmsp,2.2857111062507545,-3.2092502548069968
723,lmsp,2.3439861630944354,-3.05098524668112
724,lmsp,2.432131620195666,-2.9613632521606448
725,lmsp,2.4202922568642005,-3.0314737619508083
726,lmsp,2.213693280091723,-2.721313800499055
727,lmsp,2.414601741688361,-2.91349545707257
728,lmsp,2.54282464256324,-2.8005896136853403
729,lmsp,2.4588935577916806,-2.935401368845871
730,lmsp,2.416604975774422,-2.884253526420326
731,lmsp,2.5074548895548134,-3.124179119098745
732,lmsp,2.5399645533878075,-3.057528726276309
733,lmsp,2.477797106114694,-3.0047781911766904
734,lmsp,2.5379670081784345,-2.9126391933275446
735,lmsp,2.592340968202722,-3.0414208027697613
736,lmsp,2.751854612786959,-2.7123051038991326
737,lmsp,2.5706318383597497,-2.99393129291152
738,lmsp,2.628955238301964,-3.085775578438261
739,lmsp,2.666773708278327,-3.039595277197715
740,lmsp,2.652233189622779,-2.989916911413225
741,lmsp,2.8897839604011337,-3.6872422941160865
742,lmsp,2.7209574500499962,-3.0699423727964206
743,lmsp,2.6857521787808154,-3.0270045968651695
744,lmsp,2.6880179523120478,-3.0263601119644488
745,lmsp,2.7099539444604788,-3.0147078083178345
746,lmsp,2.7581961010168476,-3.0548713024726064
747,lmsp,3.1378382218157186,-2.331661511655356
748,lmsp,2.6620703727319968,-2.987288942205521
749,lmsp,2.763348171365083,-3.0705487039801582
750,lmsp,2.8260657018550517,-3.1696487713049857
751,lmsp,2.8275470635124518,-3.108140525182402
752,lmsp,2.7690395249360233,-2.923259525850243
753,lmsp,2.837491229422572,-3.006512649531712
754,lmsp,2.8830748248825517,-2.9982441730617326
755,lmsp,2.124502818314133,-2.644543196196361
756,lmsp,2.8451212155642422,-2.9076546734013364
757,lmsp,2.9093905734972396,-3.0815750757122675
758,lmsp,2.885904681564704,-3.0068877653421042
759,lmsp,2.942907930787366,-3.102624509023177
760,lmsp,3.167674518788909,-3.564314236787985
761,lmsp,2.965735126768559,-3.0940383493348973
762,lmsp,3.0036789959075976,-3.0332821848099547
763,lmsp,3.1785032515761613,-4.204376689811769
764,lmsp,2.8042423250650867,-2.909872139058936
765,lmsp,3.0645451162848123,-3.0573875552245644
766,lmsp,2.865515095595734,-2.8338592704731385
767,lmsp,3.0034747315327786,-2.9162292215124275
768,lmsp,3.042378690503688,-2.9237650470070973
769,lmsp,3.0766015049909874,-3.0570693296841807
770,lmsp,3.1145075648704226,-3.0387207254871624
771,lmsp,3.138428366108521,-3.005465362791676
772,lmsp,3.0821268755194935,-2.964616336298058
773,lmsp,3.1324590390197184,-2.920826098472774
774,lmsp,3.1451958357431002,-3.1104627599263113
775,lmsp,3.1720569677450476,-2.9319230841290223
776,lmsp,3.2164756237721233,-2.9870415366112626
777,lmsp,3.1753851232170622,-2.9323000018379854
778,lmsp,3.2150104708712193,-2.9563096229800623
779,lmsp,2.814578624172188,-2.7805929796181426
780,lmsp,3.2345733528684337,-2.9491328574393174
781,lmsp,2.9699869364514853,-2.7803451703974327
782,lmsp,3.3212151378977848,-2.8574447524330013
783,lmsp,3.1259088015793357,-2.8437875729854483
784,lmsp,3.290386132533903,-2.897884577875227
785,lmsp,3.2881366685289177,-2.8835245289090023
786,lmsp,3.3364396297479737,-2.902194899711829
787,lmsp,3.330622092321127,-2.867760479431351
788,lmsp,3.318312313732729,-2.8164942469212333
789,lmsp,3.403487727900423,-2.866587478503326
790,lmsp,3.3151933571983574,-2.8019009673296305
791,lmsp,3.392673044746259,-2.8339392850277676
792,lmsp,3.37529592014828,-2.701845637699095
793,lmsp,3.3836491442725847,-2.742925505979465
794,lmsp,3.2732466457504548,-2.7891353627552045
795,lmsp,3.460083539048625,-2.838710382809711
796,lmsp,3.423176109450925,-2.7374462396256343
797,lmsp,3.4321780933518533,-2.6530539363898367
798,lmsp,3.450447226915353,-2.696396814781054
799,lmsp,3.374179613330629,-2.6736256490231103
800,lmsp,3.450480642263947,-2.62194585816893
801,lmsp,3.3996369292462956,-3.3276338267999943
802,lmsp,3.4199470112339934,-2.622822730386699
803,lmsp,3.4161104464596677,-2.6681003773440324
804,lmsp,3.1401859920462827,-2.4833736791222654
805,lmsp,3.4356660892707995,-2.6162741756267414
806,lmsp,3.377700366029203,-2.5143063328994346
807,lmsp,3.452531040167783,-2.5718365603682907
808,lmsp,3.390344162041354,-2.435391246169133
809,lmsp,3.3883154457740807,-2.4963826995143803
810,lmsp,3.3702877994305775,-2.4946758105560614
811,lmsp,3.379191574236064,-2.4074600873702456
812,lmsp,3.3502143179019455,-2.3838548500882633
813,lmsp,3.3526813422911608,-2.4118231377446806
814,lmsp,3.3612999000441213,-2.3329829655378456
815,lmsp,3.3235315806915477,-2.3236861678701928
816,lmsp,3.356247620274995,-2.389016983306539
817,lmsp,2.616141153337028,-1.9389894441440472
818,lmsp,3.296641388348968,-2.3901347852957153
819,lmsp,3.2038978958575117,-2.24539967403118
820,lmsp,3.2645462703905976,-2.302672817950257
821,lmsp,3.2453108442708793,-2.272071667016962
822,lmsp,3.278923760499852,-2.2140285797698516
823,lmsp,3.1922591663559685,-2.1567102781853906
824,lmsp,3.213206976409927,-2.2211078766152594
825,lmsp,3.193700034546542,-2.2147709707983525
826,lmsp,3.216572393152552,-2.1875931769379138
827,lmsp,3.202671170142771,-2.1682855801636594
828,lmsp,3.1526799248628703,-2.153735883502187
829,lmsp,3.169983638311804,-2.1645883029388147
830,lmsp,3.147715913357166,-2.2168834647548588
831,lmsp,2.956174020031901,-2.0457965958239237
832,lmsp,3.14356768343592,-2.1506937074937076
833,lmsp,3.134811211991155,-2.101075451663047
834,lmsp,3.1305121955344757,-2.077508914108699
835,lmsp,3.1197201733622006,-2.1341929075553674
836,lmsp,2.9324828476938687,-1.9954732110435742
837,lmsp,3.0944216269134412,-2.2289591006766853
838,lmsp,3.0298507641195402,-2.101293331857632
839,lmsp,2.713089720423811,-1.8156640130750654
840,lmsp,3.039270583440475,-2.054075705716344
841,lmsp,3.1059934669456726,-2.3046309428845397
842,lmsp,3.0113530530362573,-2.0063523697472316
843,lmsp,2.9983655125882884,-2.0476288812566246
844,lmsp,2.9629913456768135,-1.9606384442974516
845,lmsp,2.9830005355155884,-2.0210183186268713
846,lmsp,2.671916430503973,-1.8342169380874163
847,lmsp,2.9975559574387947,-1.921546382252079
848,lmsp,2.9709786871925714,-1.9594200840982134
849,lmsp,3.013295484509688,-1.9401760091345377
850,lmsp,2.9711263475889997,-1.9244526570920106
851,lmsp,2.968932955045901,-1.9494592389256926
852,lmsp,2.953564388917003,-1.9348605093209086
853,lmsp,2.926223694892744,-1.8662516097730233
854,lmsp,2.9585387237192715,-1.8168354444022068
855,lmsp,2.935018316449581,-1.8383352302225022
856,lmsp,2.908607178987445,-1.8496982057868339
857,lmsp,2.9148807105735224,-1.8183123764910425
858,lmsp,2.9139738891556557,-1.7952887529053143
859,lmsp,2.904386893633363,-1.7931306381738628
860,lmsp,2.928463027249443,-1.7947910108140688
861,lmsp,2.9330228104382283,-1.8088237791657908
862,lmsp,2.867881899254271,-1.7570148583315612
863,lmsp,2.6695090043346217,-1.6925302126511035
864,lmsp,2.877173577247808,-1.6566179829939456
865,lmsp,2.923831539256683,-1.765656309318218
866,lmsp,2.897119400559712,-1.6710980605035806
867,lmsp,3.014840942747615,-1.5091030393668987
868,lmsp,2.9368787168024624,-1.669086725599139
869,lmsp,2.906441961437238,-1.6468051399276602
870,lmsp,2.8890738377312952,-1.5473701519274785
871,lmsp,2.720439491237108,-1.5568333694845515
872,lmsp,2.9053293683783488,-1.548186825184385
873,lmsp,3.201291335380389,-2.567567484899092
874,lmsp,2.9357773643374423,-1.5234684660998452
875,lmsp,2.9569168722195305,-1.575308660743847
876,lmsp,2.9120553283329396,-1.4661171474278065
877,lmsp,2.9038675099911573,-1.4970054392830514
878,lmsp,2.9542390120237445,-1.424578528275961
879,lmsp,2.9918354935705778,-1.4510731955962575
880,lmsp,3.1586118825658933,-2.056437289327299
881,lmsp,3.2619391662343316,-2.4412757161519574
882,lmsp,2.974059086134216,-1.378065456954272
883,lmsp,2.943988943483378,-1.36782144125715
884,lmsp,2.745889542544831,-1.2731583112091513
885,lmsp,3.106376451660062,-1.74377597452058
886,lmsp,3.246722744783199,-1.080268114196059
887,lmsp,2.9737459994089126,-1.3322721595228302
888,lmsp,3.0098545405333685,-1.364471987814845
889,lmsp,2.9645142456865297,-1.3332847179309368
890,lmsp,2.9800318383558095,-1.3119150581513503
891,lmsp,2.976777361127271,-1.3149525261934416
892,lmsp,2.7650066444959607,-1.1792204984328238
893,lmsp,2.9691937024698905,-1.3239999482435758
894,lmsp,2.6355273203087717,-1.0646114547868049
895,lmsp,2.9521574164052526,-1.2449148945642303
896,lmsp,2.9570679501276023,-1.2403543562360397
897,lmsp,3.0862858682143677,-1.046773070541498
898,lmsp,2.9769121019727005,-1.2058611692297827
899,lmsp,2.965271247473479,-1.1934467530240669
900,lmsp,2.9210364622491505,-1.1957431193739811
901,lmsp,3.019827305118779,-1.1910122378369303
902,lmsp,2.7971791448594803,-1.0980077260995174
903,lmsp,2.8394930130772136,-1.0320420878007797
904,lmsp,3.0063953348678703,-1.053277678529125
905,lmsp,2.9674518454187377,-1.1033563746641084
906,lmsp,2.9573127693324763,-1.0151245179159778
907,lmsp,2.9910912018343896,-1.0651425438498796
908,lmsp,2.9981196929408918,-1.0461287868886293
909,lmsp,2.928186477057491,-1.1555574215712214
910,lmsp,2.9418539128396257,-1.0800676508007756
911,lmsp,2.8469473417521045,-0.9450516402980176
912,lmsp,2.9692115159485577,-0.9976171806622753
913,lmsp,3.000502612975906,-0.9618279547914232
914,lmsp,3.2464134844719017,-0.6055917363137064
915,lmsp,2.98369098803709,-0.9671391729362897
916,lmsp,3.019793525620076,-0.9193110999454008
917,lmsp,2.9961982135684653,-1.0475781119635323
918,lmsp,2.950502838972701,-0.8719881133102279
919,lmsp,2.974961200014833,-0.9357903222210036
920,lmsp,2.9715333620058284,-0.8333248360626806
921,lmsp,2.9868018861090566,-0.8467483078430424
922,lmsp,2.9876692192570258,-0.8358420275955423
923,lmsp,2.953118781684372,-0.8199772257437541
924,lmsp,2.998649739408838,-0.8440715876787417
925,lmsp,2.9870509951210535,-0.7719298035108579
926,lmsp,2.9958297088632926,-0.7657249104946038
927,lmsp,2.9705159756369164,-0.7117171092992782
928,lmsp,2.985319953032288,-0.7258055955013614
929,lmsp,3.0095720255632803,-0.7440092064578474
930,lmsp,2.9715060030073297,-0.7059597623600142
931,lmsp,2.617686518008511,-0.5139912414528567
932,lmsp,2.9959463019832095,-0.6540783644714114
933,lmsp,2.9559706599875555,-0.6049434903137767
934,lmsp,2.975361460177744,-0.6332308052491848
935,lmsp,2.958710458820858,-0.5493391796393325
936,lmsp,3.183318390547534,-0.39642026734714175
937,lmsp,2.9587326308692057,-0.5555498083913664
938,lmsp,2.968440434402003,-0.6225933933131627
939,lmsp,2.916597802211046,-0.48547867265426436
940,lmsp,2.986024125004358,-0.5616132340037581
941,lmsp,2.9549462210189703,-0.5886403110465448
942,lmsp,2.722889018802199,-0.4460439391346833
943,lmsp,2.9972329558088755,-0.5320124714037133
944,lmsp,3.006764541703094,-0.5260633807849038
945,lmsp,2.996141039881985,-0.4831850108488709
946,lmsp,3.134578764093916,-1.028268874636507
947,lmsp,2.871816944177804,-0.32879443501306227
948,lmsp,2.9533862194827996,-0.5141856409454206
949,lmsp,2.999632791161734,-0.3964947431684571
950,lmsp,3.373882469610131,-1.7113122209695755
951,lmsp,2.98259993654502,-0.45792193662209524
952,lmsp,3.011212839152986,-0.34404735707110135
953,lmsp,2.9890017485899274,-0.35640363405832876
954,lmsp,3.007823550203852,-0.26912703087697754
955,lmsp,2.995065784740199,-0.4051614225715232
956,lmsp,2.9960343316708786,-0.339246058602515
957,lmsp,2.966568723140209,-0.39354254494267416
958,lmsp,3.0151860647534874,-0.2829369774818016
959,lmsp,2.9747392818435388,-0.3058776485110579
960,lmsp,3.747650281878013,-2.472518007855002
961,lmsp,2.9002950628434747,-0.3942373647449857
962,lmsp,2.9802142082161995,-0.24117499575292545
963,lmsp,3.002892477792249,-0.20196590588838248
964,lmsp,2.949772006926256,-0.24822520068022946
965,lmsp,3.0270395797155545,-0.17692137653441886
966,lmsp,2.836861264081151,-0.15855437146860663
967,lmsp,3.0176096295358925,-0.24451294605859974
968,lmsp,2.978279880193671,-0.1315867724056634
969,lmsp,2.9423474898350093,-0.14982894176317707
970,lmsp,2.978189764299532,-0.10283029778797559
971,lmsp,3.1330546206128225,-0.5885197411718099
972,lmsp,2.971761397549676,-0.08747570652775938
973,lmsp,3.0015920318964766,-0.2968626083254131
974,lmsp,3.005703102865143,-0.07584291003969401
975,lmsp,2.971235832950334,0.021297118650632108
976,lmsp,2.9747915689454945,-0.1115401117301067
977,lmsp,2.9916431227377216,0.024425384735705435
978,lmsp,2.959069135719407,0.016066638600487515
979,lmsp,3.03280122322511,-0.020906650506582025
980,lmsp,2.9806712962271935,0.015920979912835698
981,lmsp,2.948156566404833,0.08754631279268743
982,lmsp,3.0245345705335533,0.07575804649511664
983,lmsp,2.7569476743658305,0.14336591374178642
984,lmsp,2.9807314593599226,0.04074165250530637
985,lmsp,2.9918625428810097,0.10963122046707241
986,lmsp,2.967306771905886,0.15516099672418715
987,lmsp,3.02718980236152,0.12260861201124218
988,lmsp,3.0083229365287565,0.13852600144750848
989,lmsp,2.961953691274897,0.1921647590562463
990,lmsp,2.9959091587787348,0.21976899381567794
991,lmsp,2.9834239260715063,0.2117726607266892
992,lmsp,3.0037953102986994,0.178636291372416
993,lmsp,3.0780354335636204,0.3385633894066773
994,lmsp,2.971918958862846,0.23597282343706816
995,lmsp,2.971471068116795,0.2837317167459368
996,lmsp,3.019765759111101,0.27550073797864094
997,lmsp,2.9830813210377185,0.28872984128748813
998,lmsp,2.9981325748101213,0.3059740258378594
999,lmsp,3.008045642285944,0.3246876444366267
1000,lmsp,2.959612939331624,0.3150924012582852
1001,lmsp,2.978257660330796,0.40295075880943454
1002,lmsp,3.0183902019185886,0.39886756867633366
1003,lmsp,2.98806829096268,0.39536634440930163
1004,lmsp,2.6192318862703234,0.6284098403636182
1005,lmsp,3.0050657483242085,0.4034076272477738
1006,lmsp,2.9749041397160663,0.3142300684556085
1007,lmsp,2.955378220453051,0.4763911210142675
1008,lmsp,3.0709607563674344,0.6159936963739412
1009,lmsp,2.97118342394682,0.47099647007746803
1010,lmsp,3.014517004598391,0.4918421943876674
1011,lmsp,3.0064070454553113,0.5678922517417639
1012,lmsp,3.053012571799721,0.35269218485995646
1013,lmsp,2.9947039458639653,0.5363075347868929
1014,lmsp,2.985638811982461,0.5741778620124025
1015,lmsp,3.000734711811713,0.5405945924810847
1016,lmsp,2.9929882234128193,0.5961066151661845
1017,lmsp,3.3436431542170495,-0.5063057959799631
1018,lmsp,3.061014461477261,0.693030875932731
1019,lmsp,2.7531252874953247,0.7100287045384928
1020,lmsp,2.6783837166819335,0.7371298591025237
1021,lmsp,3.195000236563351,1.0064209508518616
1022,lmsp,3.0245561942939223,0.6447834017083558
1023,lmsp,3.0436967876556165,0.5706802392134573
1024,lmsp,2.982757366054081,0.7072115529548455
1025,lmsp,2.9983905974627745,0.6561713846965898
1026,lmsp,2.9651221909052534,0.6983434537872055
1027,lmsp,2.9729037163299155,0.7510422896729434
1028,lmsp,2.990845884477365,0.7588576442748911
1029,lmsp,3.06062134650372,0.5620699530886162
1030,lmsp,3.094854925528891,0.43118080107218937
1031,lmsp,3.0001367936683154,0.8175977229212061
1032,lmsp,2.9927842845879944,0.8651015923632404
1033,lmsp,2.9758319397612034,0.8146025830021189
1034,lmsp,2.93998675925576,0.8865722335841344
1035,lmsp,2.985288269591688,0.8347719148534658
1036,lmsp,2.973165510515665,0.8533402711925895
1037,lmsp,3.0629139977008912,0.6321738808841779
1038,lmsp,2.9868387031051347,0.8880124967764846
1039,lmsp,3.013603004457797,0.9619816157854411
1040,lmsp,3.017300543740928,0.9545690213226434
1041,lmsp,3.020359408843629,0.9514308536909648
1042,lmsp,2.9809016436647715,0.9550557953073717
1043,lmsp,2.9585793221012238,1.0329695425657244
1044,lmsp,2.9689421938252543,0.9770486329702188
1045,lmsp,3.033176376424259,1.1014846360175037
1046,lmsp,2.9885862082334738,1.0186609109539337
1047,lmsp,3.006265565026034,1.0174036060348541
1048,lmsp,2.891244510616398,0.8497631353773221
1049,lmsp,3.2088761509582073,1.4106836095018114
1050,lmsp,2.9814470178184043,1.1223889083969203
1051,lmsp,2.988323083615255,1.059038594434604
1052,lmsp,3.0690214606355273,1.265051655291579
1053,lmsp,2.992806517953476,1.1119107496518508
1054,lmsp,2.986266882599636,1.1091230531588478
1055,lmsp,2.9923688866186664,1.2113812826472152
1056,lmsp,3.0132851157021383,1.2248024222975733
1057,lmsp,2.9922655232709885,1.1825373363358072
1058,lmsp,2.963281667793679,1.2581670678740609
1059,lmsp,2.9771525074865157,1.2787789867517318
1060,lmsp,3.1244181595785543,1.4726532588374521
1061,lmsp,2.9790381600171933,1.2426584981650883
1062,lmsp,3.005173394807164,1.2702238412590576
1063,lmsp,3.1488344041776126,0.6675019740800403
1064,lmsp,2.9692009571106928,1.2902170921994536
1065,lmsp,3.009301857072277,1.3900313575321048
1066,lmsp,2.984693015827456,1.278055004016709
1067,lmsp,3.3224798610537856,0.3720494676572015
1068,lmsp,3.0937688588880197,0.9430022447978352
1069,lmsp,2.9932822373527954,1.3513475939660662
1070,lmsp,2.9822281269506754,1.3791590680409116
1071,lmsp,3.019079691778061,1.382704179339203
1072,lmsp,3.0203362566579437,1.4040225147117518
1073,lmsp,3.0037903185419093,1.4336846423871115
1074,lmsp,3.2258446131814904,1.8401565468067211
1075,lmsp,3.194430856101636,0.9032560884981207
1076,lmsp,2.9939953732342537,1.5053621440801965
1077,lmsp,3.060284655119712,1.3644754002160009
1078,lmsp,3.0337649873908292,1.4685755745344062
1079,lmsp,3.0047583427075897,1.542413290445971
1080,lmsp,3.0195118700351005,1.5218285113423695
1081,lmsp,3.2668807907241244,0.739421885165922
1082,lmsp,2.964461648722528,1.5511934387120219
1083,lmsp,3.3868611091065994,2.185317557390037
1084,lmsp,3.0170804213090934,1.5726904931895835
1085,lmsp,3.0159682039922613,1.6374050724036149
1086,lmsp,3.0345606943766232,1.5955763603572066
1087,lmsp,3.010954063959949,1.6674676703995548
1088,lmsp,2.989421937628136,1.6239327497094185
1089,lmsp,2.7580926512397514,1.8193208248226873
1090,lmsp,3.003057082099952,1.6570145091831976
1091,lmsp,2.9720964750220453,1.6730202298132122
1092,lmsp,3.0146807387813275,1.6718414128890355
1093,lmsp,2.9999771617333724,1.759753851711781
1094,lmsp,2.988585989851854,1.7412032028866298
1095,lmsp,3.232360063947644,2.1385025438026393
1096,lmsp,2.987074838876877,1.8410901479273973
1097,lmsp,2.9995649078158313,1.8196019926065614
1098,lmsp,3.006808229398147,1.8299646597117016
1099,lmsp,2.8420195956451813,1.9338732189948273
1100,lmsp,2.909129972134166,1.709317914779561
1101,lmsp,2.9776763651634055,1.837257521343607
1102,lmsp,2.9842736830035888,1.8593617683456278
1103,lmsp,3.057053069115436,1.9678837191279492
1104,lmsp,2.9672176410218354,1.8542872102823442
1105,lmsp,3.0123140482160573,1.8940590976504201
1106,lmsp,2.759135834445147,2.0446306399613343
1107,lmsp,3.2103902689836556,2.2739600903769164
1108,lmsp,3.0024967410466186,1.949897019005617
1109,lmsp,2.9993494687924898,1.98590607788972
1110,lmsp,3.039261915549467,1.9717073320508791
1111,lmsp,2.9897537748329843,2.0034228565063943
1112,lmsp,3.003728468020555,2.04647611014717
1113,lmsp,2.97069466130861,2.0397881232607067
1114,lmsp,3.005253713229226,2.037824476568132
1115,lmsp,2.9832231697188663,2.048420824856194
1116,lmsp,2.967007591762332,2.0871147883630834
1117,lmsp,3.2210367130251094,2.5141929265123517
1118,lmsp,3.056518036903949,2.1799542676844146
1119,lmsp,2.9914931386945716,2.133166778643869
1120,lmsp,2.9835767783510745,2.0953784013886807
1121,lmsp,2.9891371050924262,2.0974197457140713
1122,lmsp,2.9553198021055174,2.1927961558087805
1123,lmsp,2.9887946629234814,2.190517202395821
1124,lmsp,3.1905708829110804,2.4868521547819276
1125,lmsp,3.042093967124778,2.22305659814842
1126,lmsp,3.0027222171291434,2.2753487691161767
1127,lmsp,2.992888052967741,2.233535379230721
1128,lmsp,2.9708646736739266,2.218815726593741
1129,lmsp,3.0115944829563968,2.183099895820516
1130,lmsp,2.969441739269305,2.288080486700241
1131,lmsp,2.9714341153361916,2.3373439772073934
1132,lmsp,2.737957473980262,2.4359934167942416
1133,lmsp,2.928216250028558,1.7422127658157498
1134,lmsp,2.9876393511209014,2.400323874925346
1135,lmsp,2.981057602474524,2.3466192079137116
1136,lmsp,3.0805031465735238,2.1970830356850857
1137,lmsp,3.07998550187911,2.3156160004600768
1138,lmsp,3.0512375495602893,2.4582685478680526
1139,lmsp,2.9870872685856886,2.4242944598273013
1140,lmsp,3.014914562437511,2.429388213235022
1141,lmsp,2.976280503749859,2.4056246482583816
1142,lmsp,2.9870115737402743,2.4213885309003667
1143,lmsp,2.935395993138069,2.4702069330249437
1144,lmsp,3.0175651025662886,2.4806782839177686
1145,lmsp,2.9731951052120555,2.658014397871993
1146,lmsp,2.9865942688291875,2.531437072133622
1147,lmsp,3.1939472486577816,1.9254559229832466
1148,lmsp,3.3756718418087432,3.0964568678471154
1149,lmsp,2.9934182147604194,2.596474305040239
1150,lmsp,2.985334574518319,2.538223122287011
1151,lmsp,3.019860067003481,2.642485753121
1152,lmsp,2.967611054027629,2.645711814090265
1153,lmsp,2.9733424000880455,2.670470539986109
1154,lmsp,3.0375236625056314,2.6609576008209634
1155,lmsp,3.0185077144635843,2.6345222629305445
1156,lmsp,3.0294435784093703,2.66634488762244
1157,lmsp,3.009052911721655,2.7257657952060326
1158,lmsp,3.022814117619669,2.731506904340583
1159,lmsp,3.0078412121746227,2.732200292152353
1160,lmsp,2.9793964361740715,2.6956849495828514
1161,lmsp,2.976834115660564,2.759966390062388
1162,lmsp,2.9660982969853156,2.782664301338373
1163,lmsp,3.0121388396600985,2.78632662124435
1164,lmsp,3.0050573355321686,2.866237224725457
1165,lmsp,2.9231197410699563,2.8370466904482297
1166,lmsp,3.2100017244967622,2.3839591757998564
1167,lmsp,3.0410915719145093,2.74397882770538
1168,lmsp,2.986192996380786,2.807993520831322
1169,lmsp,3.03303450731736,2.8743624335556586
1170,lmsp,3.0018445370224445,2.9075279132093232
1171,lmsp,3.215966255751923,3.1862262066545846
1172,lmsp,3.275373152522106,3.322946618960926
1173,lmsp,3.0225902034440693,2.8990541664768763
1174,lmsp,3.026058796301142,3.004052856873259
1175,lmsp,3.0391242423342164,2.8856810679663845
1176,lmsp,2.9733468458707435,2.9430477980009666
1177,lmsp,3.0052543456055525,2.9954058426751082
1178,lmsp,2.969059681600365,3.0275105465616656
1179,lmsp,3.034591926569086,3.0722603951808116
1180,lmsp,2.992882065464479,2.9973349714653246
1181,lmsp,3.033580070194507,3.060324795742023
1182,lmsp,3.017254131207541,3.1120421464940033
1183,lmsp,2.996274313126527,3.034702307455742
1184,lmsp,2.997544604858026,3.1311378856997725
1185,lmsp,2.98455862002418,3.0932493286572327
1186,lmsp,2.9944644968210117,3.131988870056432
1187,lmsp,3.0056260537651447,3.127525481897827
1188,lmsp,3.0072092907062484,3.1487811782683695
1189,lmsp,2.9713518296195085,3.174177869663278
1190,lmsp,2.8320423064121467,3.2128265356557053
1191,lmsp,2.8561876383601694,3.2539866022102637
1192,lmsp,2.9084226340209387,3.1758171737658825
1193,lmsp,2.747941560526571,3.288561241029608
1194,lmsp,2.9779028128820206,3.280753042574851
1195,lmsp,2.9311831687454637,3.2605704814773784
1196,lmsp,3.320807411509243,3.8357750223143405
1197,lmsp,2.9461640364153245,3.243481771435191
1198,lmsp,2.9249272071562986,3.280408839385659
1199,lmsp,2.953881414180738,3.2857780519650244
1200,lmsp,2.922733792679698,3.3609349359601617
1201,lmsp,2.914285974821877,3.3296318650443846
1202,lmsp,2.8422844945030215,3.3314600108955332
1203,lmsp,2.851921813169996,3.3877979079673732
1204,lmsp,2.8561232876528737,3.391046281227964
1205,lmsp,2.743717475181035,3.2460314076580734
1206,lmsp,2.5618373863891772,3.5214249571782474
1207,lmsp,2.8554240870682053,3.435385272164154
1208,lmsp,2.7924021246248443,3.429292921552132
1209,lmsp,2.749155176364339,3.4126932144757807
1210,lmsp,2.7509560694409587,3.4057566548140037
1211,lmsp,2.7269476357836973,3.412871423188667
1212,lmsp,2.73484078022532,3.4268584928324564
1213,lmsp,2.6568140371627766,3.3911675793891787
1214,lmsp,2.740846573892718,3.4237215673124854
1215,lmsp,3.0483629462701685,3.9727924649719073
1216,lmsp,2.65030919795069,3.415382440404744
1217,lmsp,2.620098192520391,3.453679191575552
1218,lmsp,2.6079103067274514,3.3798721647285195
1219,lmsp,2.6103174014223947,3.5252909263545593
1220,lmsp,2.5344372894818292,3.404178043219975
1221,lmsp,3.3562506788257678,4.721573010746358
1222,lmsp,2.4997962851540017,3.4011883370547134
1223,lmsp,2.5119837014011583,3.4868504354570655
1224,lmsp,2.4713082836789915,3.4399420301766583
1225,lmsp,2.4535319880994497,3.387654034375094
1226,lmsp,2.4895871640321547,3.2514906727919435
1227,lmsp,2.4710023984851635,3.4190853849377723
1228,lmsp,2.42592619732393,3.424139096160352
1229,lmsp,2.4303047959768627,3.3563863885426692
1230,lmsp,2.36755448486178,3.3481632709706917
1231,lmsp,2.4018984495431157,3.334978300110983
1232,lmsp,2.3429890876427293,3.3339562254940125
1233,lmsp,2.335006243351025,3.281251408648038
1234,lmsp,2.296695322604349,3.3328483957182504
1235,lmsp,2.3066591975733415,3.3174842489344227
1236,lmsp,2.258966495423854,3.3163119445536404
1237,lmsp,2.258073185359109,3.251733099315855
1238,lmsp,2.3238308557291805,3.3088004261616737
1239,lmsp,2.2447268345847107,3.242537493781017
1240,lmsp,2.242688040445287,3.2590743377799125
1241,lmsp,2.2032211000742024,3.2090115875086864
1242,lmsp,2.2008324740133114,3.193905765175796
1243,lmsp,2.147389338920087,3.156821567612414
1244,lmsp,2.203286945633025,3.2281193792617273
1245,lmsp,2.1684535487264367,3.1441051380663136
1246,lmsp,2.207734595584169,3.19422578815802
1247,lmsp,2.151955869192193,3.183879883203807
1248,lmsp,2.2005667641666005,3.7896745067029984
1249,lmsp,2.141243475870185,3.127220225654008
1250,lmsp,2.075157629347566,3.1188859879144433
1251,lmsp,2.0929136233912375,3.1365180531775465
1252,lmsp,2.079590547148506,3.0756634784115886
1253,lmsp,2.0404501008672526,3.0677277783306827
1254,lmsp,2.045188465275745,3.0845426676731185
1255,lmsp,2.046258219119813,3.063319167447176
1256,lmsp,2.1342404231275895,3.1712885191224536
1257,lmsp,2.0497069599662976,2.8964875279005535
1258,lmsp,2.134501840134011,3.2349390493664183
1259,lmsp,2.011811252972122,2.998070535258007
1260,lmsp,2.008182629458487,3.012078197364434
1261,lmsp,1.9959718449944726,3.0017787458709027
1262,lmsp,2.565369593545187,3.8924862235677966
1263,lmsp,1.9264286962466697,2.9731572184602983
1264,lmsp,1.9560600992235813,2.8810795439017385
1265,lmsp,1.9093824561355945,2.9512046201831588
1266,lmsp,1.9526716328224762,3.0107655676010716
1267,lmsp,1.8555901851776695,3.3257220570681505
1268,lmsp,1.6074291089904245,3.0573285236121577
1269,lmsp,1.9277251384625629,2.9604893491045274
1270,lmsp,1.8663433349769298,2.9466023775433725
1271,lmsp,1.8575526555891346,2.932788276303561
1272,lmsp,1.8197524363858162,2.923001753080638
1273,lmsp,1.7799987958364025,2.916680620551233
1274,lmsp,1.9643085203593271,3.129688170874456
1275,lmsp,1.7819089094039384,2.969172901297455
1276,lmsp,1.791633401216549,2.8954245908123672
1277,lmsp,1.7808224406350326,2.8850250754305633
1278,lmsp,1.7875619049384062,2.904860423948744
1279,lmsp,1.7553689733019153,2.929501922528813
1280,lmsp,1.7961433989744595,2.892895805454971
1281,lmsp,1.649582299833681,2.9258592067536693
1282,lmsp,1.7771824654019515,3.018508167264473
1283,lmsp,1.6672477536195283,2.920124177305751
1284,lmsp,1.6572102997390648,2.9151336739870795
1285,lmsp,1.6180300023001912,2.8908028193405544
1286,lmsp,1.6426024233544392,2.944154150476805
1287,lmsp,1.5674371929484607,2.9662469525647044
1288,lmsp,1.6099959920805769,2.904387442963654
1289,lmsp,1.7858934752812177,3.2245052050601624
1290,lmsp,1.556729881877371,2.8840585684969726
1291,lmsp,1.5505377270597376,2.849452849497451
1292,lmsp,1.5013581306299377,2.9150416806573096
1293,lmsp,1.5131582037099336,2.9378102816458003
1294,lmsp,1.516447627169073,2.9928515185772575
1295,lmsp,1.4587998692837685,3.0080924686044854
1296,lmsp,1.4394608233446204,3.0068632595342075
1297,lmsp,1.4416584012830431,2.9907125634449128
1298,lmsp,1.4622725731018091,3.000874016263757
1299,lmsp,1.4205466568143819,2.9642475736828624
1300,lmsp,1.4340095040548495,2.991535502375931
1301,lmsp,1.3984649290032936,2.8721880886744984
1302,lmsp,1.333421370631633,2.993406711496924
1303,lmsp,1.3083282581105,2.936433292410457
1304,lmsp,1.3446080965079377,2.9917667342188747
1305,lmsp,1.2907613199231402,2.9646203433085416
1306,lmsp,1.2782370604313442,2.9894093665815644
1307,lmsp,1.3213942575427855,2.9550521637041354
1308,lmsp,1.3184582333109782,2.9777246419576024
1309,lmsp,1.4436977946341971,3.233878464823233
1310,lmsp,0.7976725438767992,3.1788567223621835
1311,lmsp,1.2391701548476177,2.9811384535522114
1312,lmsp,1.0521790406315157,3.093344394629602
1313,lmsp,1.2507792309301884,2.9332062511247656
1314,lmsp,1.2172272062485032,2.9938896202552376
1315,lmsp,1.2034197102725668,3.0227465971229877
1316,lmsp,1.176750610856626,2.976460960118521
1317,lmsp,1.2022840087831264,3.089527012853008
1318,lmsp,1.136401587155666,2.9939573712066454
1319,lmsp,1.1964645367372984,2.922381494862256
1320,lmsp,1.1894987434723268,2.9262055343815137
1321,lmsp,1.0603350507992508,3.005610743315371
1322,lmsp,1.1377377124778174,2.9493552796824485
1323,lmsp,1.008456275479134,3.0211979827281055
1324,lmsp,1.0166460801626525,2.9393095463652745
1325,lmsp,1.0252772933173726,3.017992861193931
1326,lmsp,0.9945214975732584,3.0051028559587367
1327,lmsp,0.9496418492304993,3.0091020640418558
1328,lmsp,0.9606627674106539,2.9714401788007305
1329,lmsp,0.9767762448681083,2.8229746137294773
1330,lmsp,0.9498065086140469,2.96841876135276
1331,lmsp,0.9355709918485386,3.0084259260310473
1332,lmsp,0.8813893492670568,2.909345536482905
1333,lmsp,0.940045837524766,2.9722849875375372
1334,lmsp,0.9219948978470013,3.0186149137947367
1335,lmsp,1.5013119079529202,3.9919530087870982
1336,lmsp,0.8745979988811177,3.057866145583854
1337,lmsp,0.8453404628578671,3.0006847171992344
1338,lmsp,0.8308518991494415,2.972281121759786
1339,lmsp,0.8444905887037258,2.9487303937779368
1340,lmsp,0.8083443132327801,3.0010371228128134
1341,lmsp,0.7897639418402385,2.974281519846754
1342,lmsp,0.7715849509191564,2.993056384601177
1343,lmsp,0.6791079868296626,2.9526835941400478
1344,lmsp,0.705311830697517,2.9972065273799124
1345,lmsp,0.7599412260596272,2.9701826791831776
1346,lmsp,0.7505223917004867,2.9735704337913123
1347,lmsp,0.6973886203651518,2.9834317148951603
1348,lmsp,0.4587273405598595,3.124102984810092
1349,lmsp,0.9260205516055349,3.3614900949558812
1350,lmsp,0.6999099510269795,3.013580584841054
1351,lmsp,0.6168482354110563,2.9854893092042207
1352,lmsp,0.5749411629247323,2.990088458008657
1353,lmsp,0.5836081286575974,2.9888065663161356
1354,lmsp,0.6153736780403172,3.037681056210999
1355,lmsp,0.598672493819536,3.0015879504109515
1356,lmsp,0.5276392796970079,2.996049494958556
1357,lmsp,0.6509575821719443,2.913317109623547
1358,lmsp,0.5384325655884248,2.9818521525901596
1359,lmsp,0.5071631907766776,3.0545625174049014
1360,lmsp,0.051549638824313515,3.1884966524826663
1361,lmsp,0.5087891006306062,3.00997134106111
1362,lmsp,0.5302267172319807,2.958029166117074
1363,lmsp,0.4466110405183453,3.0106572672277427
1364,lmsp,0.42315992064012664,3.000078807707573
1365,lmsp,0.40666447719678966,2.9737070145868456
1366,lmsp,0.4000412765822501,2.9888226590935085
1367,lmsp,0.41755453297029366,2.980124423407707
1368,lmsp,0.41210809000921217,2.952778881101168
1369,lmsp,0.4022759778163437,2.9743001858649025
1370,lmsp,0.35667632007731753,2.9920456802498534
1371,lmsp,0.3184285193110241,2.9868967000321334
1372,lmsp,0.3508671113479366,2.9665219154733222
1373,lmsp,0.29540340000781173,2.999397377313155
1374,lmsp,0.28801973754519783,3.0274290688507266
1375,lmsp,0.1510574238631529,3.076067803966072
1376,lmsp,0.25637735604829726,2.978899552306838
1377,lmsp,0.22291959988507948,3.00783049409453
1378,lmsp,0.22482999707116869,2.993968292548095
1379,lmsp,0.18661260971169624,2.9700992254415914
1380,lmsp,0.15302130019155236,3.020942355760108
1381,lmsp,0.14274205217128322,2.964922932827199
1382,lmsp,0.15894471413163436,3.018783855956355
1383,lmsp,0.17684226564599248,2.9964761007080885
1384,lmsp,0.16645362362508254,2.9992383857392326
1385,lmsp,0.10874435528055082,2.9984314501012816
1386,lmsp,0.09474158096218799,2.9843901807976803
1387,lmsp,0.07272595347157262,2.998510817786654
1388,lmsp,0.05715082055041498,3.03310912680267
1389,lmsp,0.049143656061645835,3.0006730678521225
1390,lmsp,0.0943485270067409,3.0248440449713088
1391,lmsp,0.019929944472983907,2.9676415192466394
1392,lmsp,0.03549440464876219,2.9829113175994757
1393,lmsp,-0.01640733957280982,2.9400690304858252
1394,lmsp,-0.1869620375883877,3.0441327856328453
1395,lmsp,-0.027605672190905928,2.9942109060741924
1396,lmsp,0.013430417950682116,2.930568118668566
1397,lmsp,0.01347006524592076,2.9797260348123062
1398,lmsp,-0.10570808904048501,3.013918385429578
1399,lmsp,-0.06522555809148778,3.0216062458293687
1400,lmsp,-0.14053947575779546,2.9925081575360846
1401,lmsp,-0.17462343341210051,3.0423153283064535
1402,lmsp,0.19023451535079605,3.467825770332825
1403,lmsp,-0.14611951625148023,2.9551357266817257
1404,lmsp,-0.15182028286144023,2.9372652955505743
1405,lmsp,-0.15662204409995117,2.9941634198844786
1406,lmsp,-0.19929092744970112,3.012516940153483
1407,lmsp,-0.19753127612771137,3.027835195862953
1408,lmsp,-0.23627334178832105,2.9888111312664964
1409,lmsp,-0.23560360300405592,2.9831856039609312
1410,lmsp,-0.18970337988389396,2.966133100780561
1411,lmsp,-0.1847752079750068,3.1918421016349177
1412,lmsp,-0.2906060256801172,2.9733932517281234
1413,lmsp,-0.29833997136283064,2.9668300912451033
1414,lmsp,-0.37831494231163887,3.0157651265881644
1415,lmsp,-0.3906632751629041,3.013305848810692
1416,lmsp,-0.35568370773957614,3.032938393447715
1417,lmsp,-0.42535920379833436,2.992692145393899
1418,lmsp,-0.34862781921208297,2.934403602963167
1419,lmsp,-0.4103375317233645,3.008146651602178
1420,lmsp,-0.3790789851317554,2.983040217009286
1421,lmsp,-0.42302101418239013,2.974398435386843
1422,lmsp,-0.43311347188515026,2.990883247700944
1423,lmsp,-0.4384436836184523,3.0029189875886297
1424,lmsp,-0.42395418076847513,2.981341092501847
1425,lmsp,-0.4677444103908558,2.9381384545994154
1426,lmsp,-0.4632605066228098,2.946889447093061
1427,lmsp,-0.49990856075365364,3.0005184355872836
1428,lmsp,-0.4815328008300258,2.970549585658294
1429,lmsp,-0.5058624124616106,3.0085388399486757
1430,lmsp,-0.6063088595312117,3.0224182946472276
1431,lmsp,-0.5867391444500635,2.9686021674081773
1432,lmsp,-0.5949070569042217,3.0147468360495395
1433,lmsp,-0.5699907399966041,2.909750327281177
1434,lmsp,-0.5943437490644873,3.029955033299577
1435,lmsp,-0.7695205948490335,3.070833927257497
1436,lmsp,-0.6341341890423252,2.9823269782648
1437,lmsp,-0.9393288995530747,3.1239716898955603
1438,lmsp,-0.6932230992475711,2.931650300759144
1439,lmsp,-0.7357232298928332,2.9897214063991266
1440,lmsp,-0.7053322846504851,3.030981245928144
1441,lmsp,-1.0599065589584353,3.1808640485984956
1442,lmsp,-0.6685019821279793,3.0047123073865807
1443,lmsp,-0.7393792004194552,3.0408894742376584
1444,lmsp,-0.7934316067210935,3.005362200676548
1445,lmsp,-0.7539740492668389,2.964461326116891
1446,lmsp,-0.7615512802017145,3.015902367344413
1447,lmsp,-0.5870741339606443,3.3185328939782894
1448,lmsp,-0.7993482346611075,2.9861822200835944
1449,lmsp,-0.8453989103169238,2.946685284793448
1450,lmsp,-0.8904023463047591,2.9875971449510788
1451,lmsp,-0.7954865688006493,3.0942110643014753
1452,lmsp,-0.8801278603622783,2.9615831318722803
1453,lmsp,-0.9126468784562592,3.01299132407987
1454,lmsp,-0.909698413362852,2.9898086211655803
1455,lmsp,-0.9654465174291124,2.9569897043113915
1456,lmsp,-0.9214339409707871,2.9860207351408947
1457,lmsp,-0.9587066936907286,3.0608444839617173
1458,lmsp,-1.0200337805310276,3.0205990908376625
1459,lmsp,-1.0220410424947475,3.0125352400805014
1460,lmsp,-0.9963366824865297,2.9620916051791477
1461,lmsp,-1.0856889907202518,3.018654299285057
1462,lmsp,-0.9981677863520654,2.961571744249193
1463,lmsp,-1.0455013316056938,2.9417396890227483
1464,lmsp,-1.060237182775563,3.0262165484462185
1465,lmsp,-1.2217573460208384,3.057631477649357
1466,lmsp,-1.1221116547023824,3.0364425708149723
1467,lmsp,-1.2913230917610337,3.059950109061974
1468,lmsp,-1.1719799273946125,2.9822027993541664
1469,lmsp,-1.1429184617906034,3.107438103877944
1470,lmsp,-1.1001354501567935,3.0119180390185734
1471,lmsp,-1.1733049820350074,3.0525699929321792
1472,lmsp,-1.2136225210509326,3.0191629364406767
1473,lmsp,-1.1981738016284513,2.9353099818212964
1474,lmsp,-1.126733052586114,3.2120289517269662
1475,lmsp,-1.2387992517835542,2.990364111132503
1476,lmsp,-1.243291783913428,3.0044826207131368
1477,lmsp,-1.5762981132618439,3.264046168923027
1478,lmsp,-1.2852361448454501,2.972839743933732
1479,lmsp,-1.2554179487463952,3.049940599619251
1480,lmsp,-1.2691172322177038,2.995850187273935
1481,lmsp,-1.3485940456505894,2.9963622528709277
1482,lmsp,-1.355612725867862,3.023247485940219
1483,lmsp,-1.3079769363677216,2.9757178202598
1484,lmsp,-1.3378488176095802,2.977210268802388
1485,lmsp,-1.3270493822148324,2.998646238308631
1486,lmsp,-1.4244460323209842,3.006281917705903
1487,lmsp,-1.4079768460911124,2.9825127632598916
1488,lmsp,-1.4497557284417244,2.973525501135992
1489,lmsp,-1.542378947570819,3.036241481167769
1490,lmsp,-1.5131221531861514,3.0494672737846944
1491,lmsp,-1.4676062061339774,2.98077014096036
1492,lmsp,-1.51550969218468,3.0581027966901915
1493,lmsp,-1.5429901035688283,2.977870561166302
1494,lmsp,-1.4770783117079307,2.947735157524334
1495,lmsp,-1.5666188173664497,2.911090788695782
1496,lmsp,-1.5185478725054558,2.917633977759364
1497,lmsp,-1.5718938206251414,3.0091989345352994
1498,lmsp,-1.5532502301290525,2.971562827810014
1499,lmsp,-1.5705414621555591,3.0010386497500297
1500,lmsp,-1.600210234635759,3.008609814346907
1501,lmsp,-1.6941848534481037,3.035864292378366
1502,lmsp,-1.5714881283109423,2.9189296052074174
1503,lmsp,-1.6624737702536576,3.0242229830080207
1504,lmsp,-1.706832230525921,3.0020380889200307
1505,lmsp,-1.6298393114260663,2.86176717528364
1506,lmsp,-1.668759491516886,2.945080061439243
1507,lmsp,-1.6477015305046039,2.967887839977694
1508,lmsp,-1.7151714580091197,2.9951006451140803
1509,lmsp,-1.7295414438203598,2.993454809577874
1510,lmsp,-1.6932770528566192,2.7820235486040286
1511,lmsp,-1.7145376040590388,2.981744897385237
1512,lmsp,-1.5254646679426052,3.4012477920498583
1513,lmsp,-1.8120053994806242,3.0265363413606563
1514,lmsp,-1.7841795386735035,2.9872186333554716
1515,lmsp,-1.8125742960021483,3.024341302020641
1516,lmsp,-1.4691852739158011,3.100399432591071
1517,lmsp,-1.9180881111703107,3.0490331092303897
1518,lmsp,-1.868096657353862,2.9892982008372764
1519,lmsp,-1.8312600635879464,2.945875447320266
1520,lmsp,-1.981082948275231,3.0497745062275445
1521,lmsp,-1.8563320800024754,3.1286761562676384
1522,lmsp,-1.9326565037538699,3.005126061864167
1523,lmsp,-1.9456658754959828,2.998717298425613
1524,lmsp,-1.9496779196487846,2.9755134551368023
1525,lmsp,-1.9376414239675683,3.021221262616801
1526,lmsp,-2.055462787719717,3.0338457498066544
1527,lmsp,-2.037213531251743,3.016738432971662
1528,lmsp,-2.2604771077474712,3.055232232967229
1529,lmsp,-2.057566049181879,3.0192419969471693
1530,lmsp,-2.043256798632015,3.004712263436816
1531,lmsp,-2.067342364144988,2.9774821708980843
1532,lmsp,-2.0770517153374572,2.9926545818260273
1533,lmsp,-2.004301582031422,2.9439033911745742
1534,lmsp,-2.6705798174945743,3.2638778607908447
1535,lmsp,-2.183281110886115,3.0757304106699044
1536,lmsp,-2.035931594853642,2.9605729665911715
1537,lmsp,-2.1058343902804313,2.9579959118762256
1538,lmsp,-2.1148767482750825,2.9893336499718677
1539,lmsp,-2.0416424533485507,2.523192339339665
1540,lmsp,-2.278316676876134,3.0513390106394693
1541,lmsp,-2.1382815518101204,2.9743710832919934
1542,lmsp,-2.479011874159542,3.1244951466836755
1543,lmsp,-2.2901802365046318,2.9978148784757797
1544,lmsp,-2.3251405463885386,3.035297014613896
1545,lmsp,-2.225004439887811,2.9573122355138257
1546,lmsp,-2.1572565002427386,3.1177432232917264
1547,lmsp,-2.3565677469552955,3.0387497670920767
1548,lmsp,-2.2345000055404816,3.160058146548522
1549,lmsp,-2.3300288421397215,2.958064177851246
1550,lmsp,-2.3834227034923527,2.984109891055623
1551,lmsp,-2.2426074289381766,3.0772501187282173
1552,lmsp,-2.421788450524911,3.0197997970186665
1553,lmsp,-3.052965667315105,3.2573124613981466
1554,lmsp,-2.437643418884258,2.95057320475288
1555,lmsp,-2.433845193446989,3.0018708865907686
1556,lmsp,-2.41528913105827,2.942683299465826
1557,lmsp,-2.4259536433324134,3.0449842779863188
1558,lmsp,-2.468004770601301,2.9413130458678878
1559,lmsp,-2.413911360947197,2.996341419824745
1560,lmsp,-2.4503708560705415,3.032015228902882
1561,lmsp,-3.083454406854762,3.303149909218899
1562,lmsp,-2.4334013132867973,2.724082142633244
1563,lmsp,-2.518666194985381,2.9817489998155824
1564,lmsp,-2.598188882607687,3.01643533215704
1565,lmsp,-2.026867238560778,3.8015070193371527
1566,lmsp,-2.6174072382358036,3.0023997851123307
1567,lmsp,-2.535344634000192,2.6222705470426044
1568,lmsp,-2.6067743483722925,2.989734558248099
1569,lmsp,-2.610080402002648,2.9940599676691653
1570,lmsp,-2.4613371951273377,3.108534162416012
1571,lmsp,-2.6157414180260967,3.034201301087018
1572,lmsp,-2.7414597558219946,3.043664479469334
1573,lmsp,-2.6513240970353893,2.974567818250149
1574,lmsp,-2.4583961820344253,3.3808054385312136
1575,lmsp,-2.8012147888192884,3.006120878737167
1576,lmsp,-2.8187181326842508,3.0533324444232197
1577,lmsp,-2.787961262108338,2.9777125249368934
1578,lmsp,-2.7100971943709355,2.97710800253702
1579,lmsp,-2.8327977236026998,2.9915196879260795
1580,lmsp,-2.817616931026908,3.0002640496818334
1581,lmsp,-2.722360585569737,2.908046156373083
1582,lmsp,-2.768711234425694,3.0052241684466248
1583,lmsp,-3.101159120827717,3.1152827385426423
1584,lmsp,-2.8597651289289314,2.9847362197466247
1585,lmsp,-2.87239824793938,3.037657606496249
1586,lmsp,-2.943453905355308,3.051623714775611
1587,lmsp,-2.8115693738770804,3.55113747388296
1588,lmsp,-2.94279979077528,3.039948900253785
1589,lmsp,-2.107636982927776,4.221589448222552
1590,lmsp,-2.8397748365702506,2.6927473046768444
1591,lmsp,-2.991895122574284,2.973906745667567
1592,lmsp,-2.9632174321143903,2.938370988680739
1593,lmsp,-3.0756378636296344,3.0468944091461054
1594,lmsp,-2.9871040679170604,3.0425758639430063
1595,lmsp,-2.9276903109040164,2.9707823415538384
1596,lmsp,-3.0603891067742914,3.0188229288775394
1597,lmsp,-3.1836201178983914,3.1081426382002455
1598,lmsp,-3.057043996831689,3.0033682311457426
1599,lmsp,-3.1421828843341495,3.034664543105914
1600,lmsp,-3.0839553456823214,2.980969555704838
1601,lmsp,-3.0992352256734583,3.0136020899920264
1602,lmsp,-3.1008094299244746,2.943023338744326
1603,lmsp,-2.935525127077084,3.316927804185454
1604,lmsp,-3.1357553653423467,3.0233678086791627
1605,lmsp,-3.170083716849567,2.976346689511004
1606,lmsp,-3.1738938093559583,2.7743220875701318
1607,lmsp,-2.8821613444848184,3.3734177411932347
1608,lmsp,-3.1971237738164047,2.978771313077341
1609,lmsp,-4.252893038844966,3.43510668939856
1610,lmsp,-3.2441673427612074,2.9086191740747065
1611,lmsp,-3.240029685918031,2.9010452188734597
1612,lmsp,-3.4982935127381185,3.0156127986943644
1613,lmsp,-3.3505816083878472,2.974986659798288
1614,lmsp,-3.2998704732388178,2.9669607530721294
1615,lmsp,-3.342436175367562,2.8897685794230403
1616,lmsp,-3.2802189853074855,3.0729702506037775
1617,lmsp,-3.0572960132121207,3.356047005622445
1618,lmsp,-3.3607549178933893,2.859545022449066
1619,lmsp,-3.431165719027844,2.9010440284168997
1620,lmsp,-3.407715475114921,2.8332717839473696
1621,lmsp,-3.394913331439114,2.8833823801402305
1622,lmsp,-3.4367619470998734,2.83062001292118
1623,lmsp,-4.1735700234016395,3.1698660099311646
1624,lmsp,-3.3914881294553507,2.754899412294748
1625,lmsp,-3.472424103567651,2.7767719071086825
1626,lmsp,-3.4208117579251227,2.6763480970945435
1627,lmsp,-3.361478220985839,2.661685836037041
1628,lmsp,-3.4036229728443055,2.7165384935712673
1629,lmsp,-3.474886689118788,2.6319022836556374
1630,lmsp,-3.3936640836704304,2.6436948419316515
1631,lmsp,-3.361195824694621,2.619424048383417
1632,lmsp,-3.4460874843828138,2.6326171910096225
1633,lmsp,-3.514396196363848,2.6318460310143963
1634,lmsp,-3.3953654425049167,2.5988315919700153
1635,lmsp,-3.442538557444213,2.610138076444027
1636,lmsp,-3.4236105933555483,2.2847522955948767
1637,lmsp,-3.4765946570767015,2.483055835860065
1638,lmsp,-3.399221889942814,2.4191650135518445
1639,lmsp,-3.3532131329958887,2.473121818645211
1640,lmsp,-3.41263090687478,2.479539813490084
1641,lmsp,-3.4526929501978825,2.4670862227913646
1642,lmsp,-3.3466296544912617,2.3930500414099147
1643,lmsp,-3.3330135197134525,2.3905141353876944
1644,lmsp,-3.360941425556503,2.416850864489842
1645,lmsp,-3.3603140703995495,2.389436552556261
1646,lmsp,-3.3203759472483747,2.3529451265470476
1647,lmsp,-3.4066298353777484,2.404083863079608
1648,lmsp,-3.352546363330973,2.323765664678577
1649,lmsp,-3.2593517809253156,2.270014629061372
1650,lmsp,-3.363130477872977,2.3334145246976306
1651,lmsp,-3.256182948912349,2.2794358321413672
1652,lmsp,-3.1957201613228343,2.2457216029613103
1653,lmsp,-3.2934260063762655,2.317415434459096
1654,lmsp,-3.236359317079114,2.2226387915460046
1655,lmsp,-3.2546962201528955,2.20566117843116
1656,lmsp,-3.2373718338302075,2.2109349176127298
1657,lmsp,-3.1228008056272283,2.104247922937558
1658,lmsp,-3.2450938864432275,2.2587974583998633
1659,lmsp,-3.025737102528241,2.2418070024347108
1660,lmsp,-3.083606104765171,2.3103257836944477
1661,lmsp,-3.124974708001725,2.178709824338334
1662,lmsp,-2.9968918154163386,2.469834498089341
1663,lmsp,-3.1593102683186154,2.1274119851059794
1664,lmsp,-3.1417217408623324,2.148226363488166
1665,lmsp,-2.9926304145260754,2.03599569676963
1666,lmsp,-3.0559177251169984,2.043046629684807
1667,lmsp,-2.9728602671526603,1.5721394410282485
1668,lmsp,-3.036854517835032,2.122873576333408
1669,lmsp,-3.0447013551544058,2.078884683785213
1670,lmsp,-3.1270230354281012,2.0174534258326413
1671,lmsp,-2.92435174206006,2.193948624055455
1672,lmsp,-3.0936827742448276,2.0753213069440593
1673,lmsp,-3.065762107496628,1.993209787499735
1674,lmsp,-4.146640106531327,2.625961286808064
1675,lmsp,-2.9786824817088347,2.059184403346361
1676,lmsp,-3.0366425588020935,1.9810643143814723
1677,lmsp,-3.053443489766821,1.9987042396330503
1678,lmsp,-2.939948893191659,1.9432219026176245
1679,lmsp,-2.0304865664645257,3.075319713727229
1680,lmsp,-3.501766158223042,2.160664241176143
1681,lmsp,-2.9890030949359163,1.951042144890371
1682,lmsp,-2.893132695964801,1.8779226697986333
1683,lmsp,-2.9621691435272326,1.879936597079244
1684,lmsp,-3.198685409588299,2.0735372838459694
1685,lmsp,-2.9536668944279314,1.9106078767096366
1686,lmsp,-2.893511563297608,1.8179027842909314
1687,lmsp,-2.9250508265809123,1.7903101566441006
1688,lmsp,-2.827438166926162,1.7749144730544204
1689,lmsp,-2.9283645164182306,1.744658306973796
1690,lmsp,-2.9918387987042774,1.8358524015918665
1691,lmsp,-2.8700522559227535,1.7262854266140693
1692,lmsp,-2.9643454805306693,1.793383098927527
1693,lmsp,-2.964690467035359,1.861278815769519
1694,lmsp,-2.8811861692024934,1.717829866512286
1695,lmsp,-2.964102112977621,1.713819713691418
1696,lmsp,-2.9131884025463846,1.67698510863158
1697,lmsp,-2.8901979389871655,1.775843395093342
1698,lmsp,-2.9042378638831483,1.7387170733255815
1699,lmsp,-2.892737184613869,1.5221854770481027
1700,lmsp,-2.8290448479980888,1.3072227355749
1701,lmsp,-3.3808928743433246,1.8349232621290872
1702,lmsp,-2.9128840375529905,1.5722519509127877
1703,lmsp,-2.9305539155491154,1.6462691471097055
1704,lmsp,-2.9363341891646257,1.5189123435405851
1705,lmsp,-2.950770897906174,1.538949658508348
1706,lmsp,-2.9089330912232945,1.5209915777156318
1707,lmsp,-2.89814745722364,1.4291769509924555
1708,lmsp,-2.8627958023784648,1.464041531645103
1709,lmsp,-2.9386871614724144,1.4804200772772438
1710,lmsp,-4.2166317102165705,2.150724268179011
1711,lmsp,-3.0027913757997604,1.5081324329345063
1712,lmsp,-3.0049203937908824,1.323850831625009
1713,lmsp,-3.0154105218469494,1.4346197195840347
1714,lmsp,-2.9394763828905544,1.3266982422819975
1715,lmsp,-2.9092064278877987,1.2998377418643439
1716,lmsp,-3.2638881028831324,1.5439051162761954
1717,lmsp,-2.9647809763626367,1.3223810805753855
1718,lmsp,-2.9266091321277132,1.3204110307670467
1719,lmsp,-2.9970793019211066,1.3432319089113456
1720,lmsp,-2.9579248559045377,1.2553400902920262
1721,lmsp,-2.990655413630828,1.2739123559845762
1722,lmsp,-2.998348307369119,1.282203652801691
1723,lmsp,-3.010205158817227,1.2497879397394458
1724,lmsp,-2.919625688403342,1.22724176252495
1725,lmsp,-3.5360641188395907,1.5645084735839934
1726,lmsp,-3.0341603864150204,1.2221046041175185
1727,lmsp,-3.0016997630306723,1.18273448431792
1728,lmsp,-2.9243343244363738,1.0846841562073206
1729,lmsp,-3.0424712891946735,1.2066544392999452
1730,lmsp,-2.9461534891084864,1.151170292999642
1731,lmsp,-2.9676851224883967,1.1316892582610842
1732,lmsp,-3.014114148865524,1.1943252777533422
1733,lmsp,-2.7945121142092595,0.7172501762019947
1734,lmsp,-2.920160722434152,0.8951883755753243
1735,lmsp,-2.8899263232953243,1.0231198039132758
1736,lmsp,-3.01806096466438,1.0763596484834879
1737,lmsp,-2.9947908785425574,1.061385196800841
1738,lmsp,-2.9109086056847677,0.8772043330540571
1739,lmsp,-2.970737775639533,1.033240711427006
1740,lmsp,-2.8453540557511254,0.7367429735761037
1741,lmsp,-4.831640292500772,1.9319286482062052
1742,lmsp,-3.010442049780394,0.9688815216906184
1743,lmsp,-4.23960736901455,1.6483268230635701
1744,lmsp,-2.9520265313134195,0.8948903084499782
1745,lmsp,-2.8985620237339424,0.7981988432482785
1746,lmsp,-3.065762974739761,0.9646424354140919
1747,lmsp,-2.998697058340551,0.9819622359797839
1748,lmsp,-3.008830285585968,0.9108028058859885
1749,lmsp,-2.904841325961979,0.8451453459966203
1750,lmsp,-2.983846561171261,0.8859104652004044
1751,lmsp,-2.935359135352425,0.7685576082732717
1752,lmsp,-2.956624638013784,0.8330642465964733
1753,lmsp,-2.9903029699479426,0.8050991911527263
1754,lmsp,-2.914633161100398,0.7735014431303222
1755,lmsp,-2.941752757294151,0.7308104124281964
1756,lmsp,-2.9603686788869554,0.7172510736006625
1757,lmsp,-2.960309845290452,0.7732593273069082
1758,lmsp,-3.017721574448606,0.7320664029657946
1759,lmsp,-2.9853954601617576,0.6842994971738854
1760,lmsp,-2.981335738775226,0.6804005298361573
1761,lmsp,-3.0140119181943477,0.753219785763644
1762,lmsp,-3.0037096654109017,0.6709792406470854
1763,lmsp,-2.961409100352737,0.561096561647549
1764,lmsp,-3.0128048046390545,0.710909571576118
1765,lmsp,-2.9347225748638883,0.6144189936926487
1766,lmsp,-3.0254084996173387,0.6640480506594582
1767,lmsp,-3.006854058485827,0.6435934638012561
1768,lmsp,-2.9540189496603575,0.5968064961038335
1769,lmsp,-3.0024924947187803,0.5804850875140035
1770,lmsp,-3.0054308520908783,0.5539045602328212
1771,lmsp,-2.9882202784958762,0.5047822181760169
1772,lmsp,-3.475712517040997,0.7638637396708767
1773,lmsp,-2.962553948653032,0.5193108397821713
1774,lmsp,-2.99669893616371,0.5056820627112542
1775,lmsp,-3.09713600572556,0.6055578446449661
1776,lmsp,-3.0235989354590678,0.5470996472746048
1777,lmsp,-2.9948956618430045,0.4624883561497657
1778,lmsp,-2.9283677707875415,0.40649453337857944
1779,lmsp,-2.9680794145759646,0.6232843912036934
1780,lmsp,-2.99781040866473,0.3973634770024361
1781,lmsp,-3.0039306801815826,0.37741756949092986
1782,lmsp,-2.978250654369194,0.34303291937912217
1783,lmsp,-2.9445457530172114,0.28942907545681784
1784,lmsp,-3.1029328183239397,0.4291817328236194
1785,lmsp,-2.8563796485376973,-0.05939960028143698
1786,lmsp,-2.91558877026833,0.26264949898124623
1787,lmsp,-2.9071281459471447,0.12699148151704875
1788,lmsp,-2.9915073963949936,0.34104216797661735
1789,lmsp,-3.4050444365844705,0.4754072242667218
1790,lmsp,-3.017358306979619,0.3215046820638041
1791,lmsp,-3.2384610187479557,0.31595879690248907
1792,lmsp,-2.949181080276525,0.18521059584228095
1793,lmsp,-3.000582434990199,0.23117656294044675
1794,lmsp,-2.990966321231657,0.22893441523349178
1795,lmsp,-2.914908269435544,0.12767062371743432
1796,lmsp,-2.901372143944005,0.13280276422998138
1797,lmsp,-2.997396870440537,0.1512046507530016
1798,lmsp,-2.993975682240823,0.14222162062396837
1799,lmsp,-3.0590895722762457,0.15175270458497092
1800,lmsp,-2.75719973592953,-0.6456201544853393
1801,lmsp,-2.982018298618474,0.0974880614527942
1802,lmsp,-2.980035201850987,0.12187348992536862
1803,lmsp,-3.0284272279976467,0.1267684488447669
1804,lmsp,-2.9873257057415623,0.06048788523114634
1805,lmsp,-3.0387307379383715,0.046244728713310757
1806,lmsp,-3.0431710480847647,0.12589920153520673
1807,lmsp,-3.0328423412656647,-0.02062078411807189
1808,lmsp,-2.9031806172022656,-0.15108511590021045
1809,lmsp,-2.834890929558204,-0.5313372523509257
1810,lmsp,-2.9454101611135157,-0.04963412440028403
1811,lmsp,-3.004042659766171,-0.04738830479435574
1812,lmsp,-2.87886174683154,-0.34224510054716006
1813,lmsp,-3.0410446387650505,-0.04726201897207982
1814,lmsp,-2.9470853825377925,-0.15815311918199182
1815,lmsp,-3.035588226086998,-0.1213251860115383
1816,lmsp,-2.9220451000544716,-0.1222692765501936
1817,lmsp,-2.9823060734571367,-0.1921629694826743
1818,lmsp,-2.967496532551482,-0.19653867727454521
1819,lmsp,-2.9781736196082322,-0.20811193449006726
1820,lmsp,-2.9430597611564475,-0.2242561487040069
1821,lmsp,-3.0056583887072645,-0.19795007934607334
1822,lmsp,-3.026068229379635,-0.1864878697216925
1823,lmsp,-3.0036352965269533,-0.19310941421635608
1824,lmsp,-2.92930073196866,-0.3171126495921648
1825,lmsp,-3.048123679531939,-0.19890744522022707
1826,lmsp,-3.002612534595963,-0.2721063954571816
1827,lmsp,-3.0138977057861323,-0.2610862281370725
1828,lmsp,-3.025516660284585,-0.3010531340871738
1829,lmsp,-2.9954139294072446,-0.2920385594581054
1830,lmsp,-3.295092621103129,-0.19715181167454165
1831,lmsp,-3.02908502752149,-0.3103468993273646
1832,lmsp,-3.021432169400964,-0.31013674266988467
1833,lmsp,-2.998924876555668,-0.3771213169691192
1834,lmsp,-2.968609349339151,-0.41490014127495023
1835,lmsp,-3.0022280654278606,-0.3990715829321001
1836,lmsp,-2.956016855618771,-0.48102805675125104
1837,lmsp,-2.52056367287729,-1.0425434469062225
1838,lmsp,-2.9998349341224366,-0.43066694250831095
1839,lmsp,-2.941159293397453,-0.532472630577197
1840,lmsp,-3.012359340473637,-0.48274362479174204
1841,lmsp,-2.9855460626752857,-0.47104290755649725
1842,lmsp,-3.372491071627349,-0.3451011509567543
1843,lmsp,-2.9824930849988553,-0.5498808783921687
1844,lmsp,-2.9426953457213814,-0.5745484018708407
1845,lmsp,-2.897196171717936,-0.6704008984886434
1846,lmsp,-2.99090672109742,-0.5739596663557913
1847,lmsp,-3.0105965941388058,-0.6275944252978141
1848,lmsp,-3.0507997892551204,-0.5265908558378376
1849,lmsp,-2.9587220636149922,-0.6694623796790253
1850,lmsp,-2.949090259030768,-0.7876783707028112
1851,lmsp,-3.2325806911078314,-0.5360976845996275
1852,lmsp,-2.9543150005383194,-0.6875338198184355
1853,lmsp,-3.009875614388511,-0.6951402726760794
1854,lmsp,-2.932540335567536,-0.7393098676991174
1855,lmsp,-2.9916321944710993,-0.6941750935802711
1856,lmsp,-2.7757614429959325,-1.3563103132792849
1857,lmsp,-3.0127175667743,-0.7298221493216035
1858,lmsp,-2.950259612185028,-0.5186422533452095
1859,lmsp,-2.9590402248822754,-0.7631406286575695
1860,lmsp,-2.998522163823579,-0.78488214967504
1861,lmsp,-2.9416423795205904,-0.7869696657934009
1862,lmsp,-2.995524091983096,-0.7974245615472961
1863,lmsp,-2.9302363026029723,-0.8450150136944972
1864,lmsp,-2.968779031538231,-0.8447327814110421
1865,lmsp,-2.9354105660423957,-0.9393377313932882
1866,lmsp,-4.156013768333364,-0.2570863008060673
1867,lmsp,-4.50569858141947,-0.08826138932922678
1868,lmsp,-2.967695743190205,-0.958867542596141
1869,lmsp,-3.054175369734904,-0.8941585412872799
1870,lmsp,-2.98444204124436,-0.9100477024167901
1871,lmsp,-2.803505062358913,-0.7201966154957553
1872,lmsp,-3.00839091309821,-1.0128449806819306
1873,lmsp,-3.0340520547210983,-0.9781095719706974
1874,lmsp,-2.968791047245267,-1.0075603688137003
1875,lmsp,-2.9872125898342676,-1.0497301518219428
1876,lmsp,-2.9328444833741556,-1.260323827113976
1877,lmsp,-2.931269711004499,-1.0971682618008414
1878,lmsp,-3.089446310602431,-1.0263984526759016
1879,lmsp,-3.061085207212789,-1.0210532147705127
1880,lmsp,-2.8776674344443967,-1.3928899742346283
1881,lmsp,-2.916859401848557,-1.177161008547702
1882,lmsp,-2.9923282334352206,-1.1175998205356068
1883,lmsp,-2.950965030743385,-1.186757129643813
1884,lmsp,-2.9584150934294615,-1.16460337179364
1885,lmsp,-2.9988609482946873,-1.1931909950915216
1886,lmsp,-2.950491259312976,-1.202600551541038
1887,lmsp,-3.0251875254614364,-1.1256048853166778
1888,lmsp,-3.005375489575008,-1.162269553648457
1889,lmsp,-2.8853761957203616,-1.2512021234119688
1890,lmsp,-2.972016823169117,-1.2868964996051426
1891,lmsp,-3.060551155462229,-1.182381443403318
1892,lmsp,-2.9872193949477603,-1.2419305438656112
1893,lmsp,-2.9349962428912657,-1.3465532613813007
1894,lmsp,-2.938708259194485,-1.303006438591198
1895,lmsp,-3.094298761982151,-1.2513060791740092
1896,lmsp,-2.9766485296031555,-1.3229919405627797
1897,lmsp,-3.015007195679572,-1.3638851657148674
1898,lmsp,-3.0028703529788765,-1.3206203477137661
1899,lmsp,-2.951867202349924,-1.417743168168868
1900,lmsp,-2.9680749668728206,-1.405676636054955
1901,lmsp,-2.8861930602292687,-1.6127941633572638
1902,lmsp,-2.996234224196044,-1.415197961415366
1903,lmsp,-3.101917582860812,-1.3567445677316927
1904,lmsp,-3.004888669859508,-1.4330289672796122
1905,lmsp,-2.9900275130673934,-1.4768027086917916
1906,lmsp,-3.7231451404979032,-1.1194431035946604
1907,lmsp,-2.998522857315088,-1.4693627945156642
1908,lmsp,-2.9896137916470455,-1.5264482147721186
1909,lmsp,-3.0726919431149176,-1.4934894964933196
1910,lmsp,-3.0211337016961184,-1.5261015531678872
1911,lmsp,-2.8753031958861177,-1.6366191715667453
1912,lmsp,-3.6187024603662086,-1.243809340786723
1913,lmsp,-2.979341160920714,-1.4911323865511976
1914,lmsp,-2.967778678233209,-1.6305081812240898
1915,lmsp,-3.0128495577051924,-1.6029784450417415
1916,lmsp,-2.970127644552023,-1.6891435801490386
1917,lmsp,-2.9222549412644794,-1.684850434932276
1918,lmsp,-2.9466935261706837,-1.6582870170803892
1919,lmsp,-2.9215908560512753,-1.6994964625445643
1920,lmsp,-3.028922532137112,-1.7263834560680058
1921,lmsp,-3.0508663614431812,-1.6408471602235863
1922,lmsp,-2.709401588967997,-2.5344670069289403
1923,lmsp,-3.035015689929379,-1.6733872237426164
1924,lmsp,-2.967865214513898,-1.7697899531131096
1925,lmsp,-2.9925532094697993,-1.738252626301926
1926,lmsp,-2.955368220293252,-1.788807209459109
1927,lmsp,-2.922452527992896,-1.8238206426899986
1928,lmsp,-3.0039196973253155,-1.784484454220249
1929,lmsp,-3.068879341232559,-1.752201224446896
1930,lmsp,-3.021398534254597,-1.7490340531720872
1931,lmsp,-2.968065308729934,-1.8056854601799701
1932,lmsp,-3.023819623971071,-1.8255753811415065
1933,lmsp,-3.070497712418913,-1.7856742523091285
1934,lmsp,-3.0758346537347743,-1.708464750153869
1935,lmsp,-3.004994162267128,-1.8516303408328882
1936,lmsp,-2.984460665294972,-1.9145560360331997
1937,lmsp,-3.091196278446557,-1.7947747608144242
1938,lmsp,-3.0064132284933556,-1.9130927168734262
1939,lmsp,-3.021147990866191,-1.9708248459786013
1940,lmsp,-2.90678515022423,-1.9034518602106223
1941,lmsp,-2.9866707121762333,-2.05649946216984
1942,lmsp,-2.970470298939746,-2.0959179070408336
1943,lmsp,-2.914405948645728,-2.160043557167538
1944,lmsp,-2.9783533141649077,-2.026071569509446
1945,lmsp,-3.071368361814318,-2.03637580545119
1946,lmsp,-2.976107637748624,-2.0869203424046017
1947,lmsp,-2.978643990687615,-2.124827277339336
1948,lmsp,-2.9781048362643703,-2.0793797119874737
1949,lmsp,-2.955164910699542,-2.2377078644091952
1950,lmsp,-3.0423592996204554,-2.0937065533610797
1951,lmsp,-3.0023321473584863,-2.1829437263557105
1952,lmsp,-2.9336400367961826,-2.2272085287427386
1953,lmsp,-3.0001518792369213,-2.1732800683448756
1954,lmsp,-3.0234354762581366,-2.164106044247898
1955,lmsp,-3.0579814024347587,-2.1121545539817195
1956,lmsp,-2.997187765541103,-2.128909258028391
1957,lmsp,-2.9789262645235715,-2.179917249609649
1958,lmsp,-2.9359038739515815,-2.286933784667869
1959,lmsp,-2.923001944360526,-2.5247650944353426
1960,lmsp,-2.9337123334587383,-2.332240419410973
1961,lmsp,-2.9107749947250046,-2.364582677566136
1962,lmsp,-3.0003384269006097,-2.310449952421087
1963,lmsp,-2.9192905516925487,-2.3175252921340173
1964,lmsp,-3.0382703295934754,-2.240358823431211
1965,lmsp,-2.7809575139747147,-3.1724495627578824
1966,lmsp,-2.9369208121379806,-2.4677692387353796
1967,lmsp,-2.988970358752665,-2.380063599236573
1968,lmsp,-3.0125798522777387,-2.4282755189172702
1969,lmsp,-2.8825383472645405,-2.284565536248963
1970,lmsp,-3.0071809601851065,-2.50182972480226
1971,lmsp,-3.644852207772057,-2.1255205829243993
1972,lmsp,-2.983905184714751,-2.327133391271401
1973,lmsp,-3.054113296644649,-2.40414022829884
1974,lmsp,-3.0155352210095527,-2.455293239004625
1975,lmsp,-3.0578091471957487,-2.481647988057478
1976,lmsp,-3.0410804278408414,-2.47499142262968
1977,lmsp,-2.9989118054261135,-2.5314534665298565
1978,lmsp,-2.9958696400378138,-2.624283548674205
1979,lmsp,-2.990600588622021,-2.5639874119265604
1980,lmsp,-2.9853484673466326,-2.565768040150167
1981,lmsp,-2.6934077157086986,-2.7462193519544345
1982,lmsp,-2.9849802526502485,-2.668303715610503
1983,lmsp,-3.079326643918504,-2.607117383966105
1984,lmsp,-3.0907102109159705,-2.6040346039846174
1985,lmsp,-3.0114618477196675,-2.5840836899185806
1986,lmsp,-2.953270007617546,-2.7062046514981812
1987,lmsp,-3.024206733581801,-2.670093876656101
1988,lmsp,-2.965268154352278,-2.7009954410532027
1989,lmsp,-2.9850250226106163,-2.6895137618771257
1990,lmsp,-2.993212177099289,-2.7055013428411048
1991,lmsp,-2.944236683835222,-2.6970369152624727
1992,lmsp,-2.981141479718708,-2.7952528412344533
1993,lmsp,-2.989252066509134,-2.7841160918524306
1994,lmsp,-2.9202355895610363,-2.8172548388040335
1995,lmsp,-3.042592364166747,-2.813576664216723
1996,lmsp,-3.026115211261799,-2.7833712336449103
1997,lmsp,-2.962277713232478,-2.873205870457345
1998,lmsp,-3.649329221059347,-2.5290551396453083
1999,lmsp,-2.730385296224634,-3.9052743138266406
2000,lmsp,-2.9508404238497654,-2.887515418400068
2001,lmsp,-4.76444651085847,-2.020252408032558
2002,lmsp,-2.9989830490226406,-2.9098614617963863
2003,lmsp,-2.9840008396503506,-2.898462024986875
2004,lmsp,-2.9483783150797414,-2.997347203285285
2005,lmsp,-2.9668677092822042,-2.954711027336743
2006,lmsp,-2.9232382513146122,-3.1083281380787984
2007,lmsp,-3.048824825777173,-2.9367753728627397
2008,lmsp,-3.035959114569651,-2.9536324448876163
2009,lmsp,-3.814028868060786,-2.630366120901008
2010,lmsp,-2.9701074010821165,-3.116980484651892
2011,lmsp,-2.7498682775996666,-3.8795791756116165
2012,lmsp,-2.9184983997420457,-3.156118806252203
2013,lmsp,-2.989473182648251,-3.117463670906546
2014,lmsp,-2.96350948843553,-3.1210974709276593
2015,lmsp,-3.1208261133584507,-3.0233944931085324
2016,lmsp,-2.932524325106786,-3.16848018924596
2017,lmsp,-2.9820291252262403,-3.1318921392170394
2018,lmsp,-3.0126158619001764,-3.1722559491437297
2019,lmsp,-2.9967417223838533,-3.193627062765313
2020,lmsp,-2.968267622555506,-3.162519459194188
2021,lmsp,-2.9912036773074067,-3.2532560948398475
2022,lmsp,-3.0439905919920105,-3.1046345386472227
2023,lmsp,-2.952151439871024,-3.2652300640156655
2024,lmsp,-3.9178279283913233,-2.7395133190370853
2025,lmsp,-2.9470766930230625,-3.181895743540755
2026,lmsp,-2.9033515627287243,-3.321900434531993
2027,lmsp,-2.8407863804750657,-3.390120960484545
2028,lmsp,-2.8862256458641866,-3.3569478444278316
2029,lmsp,-3.1542666174978478,-3.2010744564852676
2030,lmsp,-2.8687261701017697,-3.2205322635643387
2031,lmsp,-2.984463944359976,-3.2772024180841104
2032,lmsp,-2.868274467441416,-3.179145621162898
2033,lmsp,-2.79187966978594,-3.429397595339079
2034,lmsp,-2.6509573847824446,-3.9232316492914334
2035,lmsp,-2.8963640911294046,-3.3948930724945745
2036,lmsp,-2.8503118343212157,-3.365186719275184
2037,lmsp,-2.931452870529463,-3.3540549184273987
2038,lmsp,-2.7807021450170466,-3.444927746977987
2039,lmsp,-2.7682093686070792,-3.4846817329768465
2040,lmsp,-2.730951598312647,-3.38324231108807
2041,lmsp,-2.78136355240195,-3.480100642743092
2042,lmsp,-2.643626526843527,-3.463639558548179
2043,lmsp,-2.7115625824432272,-3.5107004646476536
2044,lmsp,-2.6746391275548844,-3.4987310891549086
2045,lmsp,-2.694217707302083,-3.52544187240548
2046,lmsp,-2.636004489321641,-3.480936996105747
2047,lmsp,-2.6530485419720597,-3.4018247696165114
2048,lmsp,-2.57600977261364,-3.503816893117361
2049,lmsp,-2.5843984186052658,-3.5637694955938253
2050,lmsp,-2.625865868303661,-3.415768305847104
2051,lmsp,-2.57576116241338,-3.4667135370101283
2052,lmsp,-2.0306386552390747,-3.7688335246752995
2053,lmsp,-2.552286956018389,-3.471156068942979
2054,lmsp,-2.5551456236190897,-3.4257973668357
2055,lmsp,-2.8536388384650033,-3.2408273229521365
2056,lmsp,-2.7770380333676545,-3.2816836221036425
2057,lmsp,-3.273130666721087,-3.024766400313055
2058,lmsp,-2.471354416932638,-3.256464917743476
2059,lmsp,-2.3980420055527234,-3.356463331670663
2060,lmsp,-2.3240499454447954,-3.405461294138539
2061,lmsp,-2.3372881537138466,-3.389379412332109
2062,lmsp,-2.417415374443976,-3.2714781903391197
2063,lmsp,-1.9336813855275135,-4.182275242151735
2064,lmsp,-2.163718383108122,-4.0360663168547655
2065,lmsp,-2.275993796932941,-3.3097253188811964
2066,lmsp,-2.298350119580887,-3.2740740530797128
2067,lmsp,-2.285715973032706,-3.3176115335715624
2068,lmsp,-2.2648790949159934,-3.20571205299657
2069,lmsp,-2.23191577763713,-3.255407865911274
2070,lmsp,-2.184387129125535,-3.3005643765734556
2071,lmsp,-2.2094124116130853,-3.3091357038990807
2072,lmsp,-2.241725390716323,-3.1342612252838524
2073,lmsp,-2.2302322304673194,-3.132304370987825
2074,lmsp,-2.096991581544859,-3.2877636619953767
2075,lmsp,-1.9420427733864143,-3.8340569583895956
2076,lmsp,-2.142714677695964,-3.2719285819041923
2077,lmsp,-2.099083579520085,-3.2429388372460286
2078,lmsp,-2.108621160243897,-3.1203964261354127
2079,lmsp,-2.0292459934035705,-3.342137517867833
2080,lmsp,-2.1213164715359394,-3.1091723270987837
2081,lmsp,-2.2004064615665504,-2.869575998977081
2082,lmsp,-2.0536861308405183,-3.1473664922318516
2083,lmsp,-2.091721293114398,-3.0755785922326977
2084,lmsp,-2.0235149823572494,-3.1147967571788184
2085,lmsp,-1.9531540561311265,-2.9947313896470007
2086,lmsp,-2.081579800029561,-3.021985189059346
2087,lmsp,-2.048716065320319,-3.040217324045628
2088,lmsp,-1.985232676297362,-3.0633301456987603
2089,lmsp,-1.9970029442319528,-3.0384428525359803
2090,lmsp,-2.0544713219621573,-2.9741799021640034
2091,lmsp,-1.9873483280224464,-2.997919653158478
2092,lmsp,-1.9454222439913789,-3.066235918816397
2093,lmsp,-2.092174153868791,-2.821877870750667
2094,lmsp,-1.8740186772915455,-3.0168957665818175
2095,lmsp,-1.9144500178912236,-3.063039725842332
2096,lmsp,-1.824870919450622,-3.077026879061452
2097,lmsp,-1.9527946688346849,-2.935794471196478
2098,lmsp,-1.901486123981781,-2.9574668762546024
2099,lmsp,-1.86549268159842,-2.943428498254929
2100,lmsp,-1.8597489951632693,-2.933428372397324
2101,lmsp,-1.4044839750674853,-4.475339200048189
2102,lmsp,-1.9336317876100346,-2.828191694593099
2103,lmsp,-1.8409556538025886,-2.9539273561491335
2104,lmsp,-1.873046988805854,-2.882145223755738
2105,lmsp,-1.7742787697223275,-2.9760040427046883
2106,lmsp,-1.7964141237379359,-2.9369311971281213
2107,lmsp,-1.737558010939539,-2.9364080381886737
2108,lmsp,-1.7299061868224586,-2.9800872995968133
2109,lmsp,-1.759604996526705,-2.9137250321070365
2110,lmsp,-1.798377160785615,-2.8591084033219083
2111,lmsp,-1.674227854316925,-2.945968725492884
2112,lmsp,-1.652991585568544,-2.9150136841039487
2113,lmsp,-1.7209445407739739,-2.8296931400075485
2114,lmsp,-1.8474912888629134,-2.8305450697974726
2115,lmsp,-1.6914509938255633,-2.908340247011508
2116,lmsp,-1.599656054021922,-2.8923135381233456
2117,lmsp,-1.5878556815961375,-2.9845030420267973
2118,lmsp,-1.6163761269824786,-2.910212441097891
2119,lmsp,-1.6487922710150476,-2.8428193509301236
2120,lmsp,-1.7419061420805853,-2.9126682768843875
2121,lmsp,-1.5143222008412907,-2.9858981351336356
2122,lmsp,-1.533700096089739,-2.952439818336174
2123,lmsp,-1.5872397236458737,-2.8832870236219925
2124,lmsp,-0.8284057763248013,-4.844270044623403
2125,lmsp,-1.5998715559693042,-2.5782347278803828
2126,lmsp,-1.4721991977700886,-2.955694111809567
2127,lmsp,-1.4285167509865269,-3.0010830012990537
2128,lmsp,-1.3385306150268592,-3.091416852253465
2129,lmsp,-1.3859679092300237,-3.0200961918897784
2130,lmsp,-1.3503676353404686,-3.0217659167399997
2131,lmsp,-1.3896567832780882,-3.0283369529738744
2132,lmsp,-1.358113439558597,-2.981234016672552
2133,lmsp,-1.3670555637229107,-2.9938463212465027
2134,lmsp,-1.4230275641474912,-2.93407354786208
2135,lmsp,-1.26395005729866,-3.110247651529745
2136,lmsp,-1.3449334948540805,-2.927536915830764
2137,lmsp,-1.285923694438293,-3.016534719752391
2138,lmsp,-1.3165692926922894,-2.9335549564359162
2139,lmsp,-1.2439359874938791,-3.0730939388938374
2140,lmsp,-1.1467018933711004,-3.311641785155536
2141,lmsp,-1.2634915017945536,-2.978348347929286
2142,lmsp,-1.2558992980895383,-2.7367879873551626
2143,lmsp,-1.1074732557862972,-3.0173084361793885
2144,lmsp,-1.2160057481298137,-3.0083271556732676
2145,lmsp,-1.183500294065988,-3.023704920968891
2146,lmsp,-1.1989416326199125,-2.941525688179472
2147,lmsp,-1.2103956421004698,-2.9712132561858695
2148,lmsp,-1.1105112650608029,-2.9872751167887257
2149,lmsp,-1.113549611127417,-2.990687021046191
2150,lmsp,-1.722695070932903,-2.7759739285997798
2151,lmsp,-1.0323893643171869,-2.8877783974197637
2152,lmsp,-1.054221157792592,-2.9987372517726634
2153,lmsp,-1.0514724447965138,-3.0002987906537397
2154,lmsp,-0.8479809906286487,-2.862571826780165
2155,lmsp,-1.0663513940942337,-2.9802449470767263
2156,lmsp,-0.9674795370387365,-3.024324482084026
2157,lmsp,-0.9716227770413209,-3.0640064684868937
2158,lmsp,-1.0062183425004858,-2.9329673898310897
2159,lmsp,-0.7982969915045631,-3.5920121350008802
2160,lmsp,-0.9393446144677483,-2.9860441400185627
2161,lmsp,-1.0190417895144557,-2.9344946981427746
2162,lmsp,-0.9249006095477282,-3.0253818120212825
2163,lmsp,-0.9110873789582735,-3.0639844767389413
2164,lmsp,-0.8830384258823251,-2.9528920762693476
2165,lmsp,-0.8622220165509263,-3.0561222087604794
2166,lmsp,-0.8039997901228949,-3.0204231322266564
2167,lmsp,-0.7895409951274398,-2.9949774335513544
2168,lmsp,-0.8409896880633078,-2.9700173500900755
2169,lmsp,-0.8701851493200244,-2.9847007570367534
2170,lmsp,-0.849691411167541,-3.0043401480912975
2171,lmsp,-0.828510730166906,-2.952668309946101
2172,lmsp,-1.1758778619786554,-2.7615259397969307
2173,lmsp,-0.6832377549126148,-3.1091460620365394
2174,lmsp,-0.7554132577487537,-2.947318431784784
2175,lmsp,-0.787575763915379,-2.95042830321091
2176,lmsp,-0.7335466340895452,-2.977888521695869
2177,lmsp,-0.7377316872455012,-3.029654724987264
2178,lmsp,-0.8011679253167462,-2.9188036942841356
2179,lmsp,-0.7179388714005882,-2.9079850264728195
2180,lmsp,-0.6945832039410339,-2.9424291674991245
2181,lmsp,-0.5775577336490806,-3.5571383218930777
2182,lmsp,-0.6559556862701171,-2.9775922921088167
2183,lmsp,-0.6630454091924419,-2.966073957229449
2184,lmsp,-0.654909326267365,-2.9596301903649103
2185,lmsp,-0.5619992463566558,-2.9539712242720526
2186,lmsp,-0.5643017489340733,-2.9737687713279843
2187,lmsp,-0.6309868421342356,-2.960926513309621
2188,lmsp,-0.3656899337971612,-3.013486222093828
2189,lmsp,-0.44065810842873987,-3.128695523775744
2190,lmsp,-0.4955285705592357,-2.9497560661863123
2191,lmsp,-0.5782718901661238,-2.870159577250183
2192,lmsp,-0.26655457635884605,-3.641657903505557
2193,lmsp,-0.44682116876088174,-3.022505454671588
2194,lmsp,-0.4286555172175831,-2.978294236683171
2195,lmsp,-0.29381628672881044,-3.5338808106569317
2196,lmsp,-0.3897737492562613,-2.980355894551928
2197,lmsp,-0.4515167611602656,-2.976028368165605
2198,lmsp,-0.37084884260459383,-2.8778010962450447
2199,lmsp,-0.2945022023562295,-2.9347169060848017
2200,lmsp,-1.9270015954271886,-2.1808008707120567
2201,lmsp,-0.3906510620399949,-2.968160226040963
2202,lmsp,-0.35017638877683865,-3.050036754860465
2203,lmsp,-0.35332521855839316,-3.002729709342244
2204,lmsp,-0.2715349955368741,-3.0187601163119524
2205,lmsp,-0.2740365323388171,-2.984624418088206
2206,lmsp,-0.28158126623498936,-2.9651024796234413
2207,lmsp,-0.18617685444239374,-3.056509690223746
2208,lmsp,-0.199028782889631,-3.1056420344275963
2209,lmsp,-0.1981218293863477,-3.0584824992052155
2210,lmsp,-0.2406059279529379,-3.0432039566949465
2211,lmsp,-0.023956590752096107,-3.477918881807172
2212,lmsp,-0.7377678726354019,-2.677532735835869
2213,lmsp,-0.11276031256352093,-3.0540658456806087
2214,lmsp,-0.14579216748206203,-3.0247646523240688
2215,lmsp,0.23616415022184623,-4.066716633514772
2216,lmsp,-0.08976417152636429,-3.0663386013648406
2217,lmsp,-0.11605867689122229,-2.980435641856774
2218,lmsp,-0.16072806617853808,-2.9474197792791594
2219,lmsp,-0.2030900310545466,-2.9473573560713042
2220,lmsp,-0.03399077601542755,-2.9784462070406006
2221,lmsp,0.04028501199179424,-3.1294844027564954
2222,lmsp,-0.061512642582951194,-2.9555314355336915
2223,lmsp,-0.07476115680757489,-2.967070512865729
2224,lmsp,0.1144378326219867,-3.4712785793217726
2225,lmsp,0.1037386232089107,-2.849877907007178
2226,lmsp,0.22247993188042925,-3.5510165049863005
2227,lmsp,0.05079607730886615,-3.024684754673224
2228,lmsp,0.045522362466712374,-2.9891342312250266
2229,lmsp,0.15318765043445792,-2.9782250230771776
2230,lmsp,-0.23694711976994454,-2.8376832541869
2231,lmsp,0.12512172616610429,-3.055614593038185
2232,lmsp,-0.0014230896596471032,-2.95841636594474
2233,lmsp,0.2001647861112491,-3.1392368533981987
2234,lmsp,0.14039375885493588,-3.0142530810121384
2235,lmsp,-0.30385645298008324,-2.7308610108818563
2236,lmsp,0.24659073609945736,-3.032692450235091
2237,lmsp,0.2281748555033759,-2.98260343276592
2238,lmsp,0.24467419586779748,-3.035860123856863
2239,lmsp,0.2833927654848215,-3.0471484425459376
2240,lmsp,0.22603569896036213,-2.951852481111004
2241,lmsp,0.19337773434938,-2.939061929859494
2242,lmsp,0.2496272302310577,-3.002436665591815
2243,lmsp,0.34362731909310906,-3.017446873873025
2244,lmsp,0.4992023718337203,-3.7673118103360785
2245,lmsp,0.3112787950368735,-3.011490778431649
2246,lmsp,0.336288348001165,-3.0205966304868843
2247,lmsp,0.3903869410253603,-2.99332713251264
2248,lmsp,0.3575226782955051,-2.9894939406301004
2249,lmsp,0.3266615626219559,-2.970721805016618
2250,lmsp,0.3411400748105776,-2.974611724854608
2251,lmsp,0.1859571089422284,-2.9368172725962927
2252,lmsp,0.446811938544904,-2.9892514506175702
2253,lmsp,0.4722687296039877,-3.012034411290891
2254,lmsp,0.44602444620869186,-2.931181831717976
2255,lmsp,0.46000013105429816,-3.0640856797672003
2256,lmsp,0.4858033417777735,-3.0401645923895417
2257,lmsp,0.5074233891931424,-2.977000604155987
2258,lmsp,0.49721109995789636,-2.934033535395983
2259,lmsp,0.5222387186184042,-2.955388218237604
2260,lmsp,0.5304154247438092,-2.986255615019986
2261,lmsp,0.5477328188256668,-3.034515392889033
2262,lmsp,0.5439897135617265,-2.9616159717094694
2263,lmsp,0.584958846097203,-3.0245099331374217
2264,lmsp,0.7673423474622864,-3.569373136987921
2265,lmsp,0.6567610968394596,-3.157693265456426
2266,lmsp,0.5871601850278841,-2.934600777218532
2267,lmsp,0.63450278011238,-2.946782637617951
